# host=wn-sate-070.nikhef.nl
# started=2026-08-11T19:26:43+02:00
# block=01
# checkout=43e35be876dd5d881a931cb845ab490ab9b97509
# macro_sha=dbe1434f4681a08d99a9b0012d2d23a5b7287cd11c369493404dbde6a2ba8c15
# production_raw=/data/alice/ipardoza/hadronization_production/HF_RUN3_V1/raw/MONASH
# tune=MONASH
SIGMAB_COUNTS tag=MONASH species=Sigma_b+ pdg=5222 slice=all p=37 a=25 file=/data/alice/ipardoza/hadronization_production/HF_RUN3_V1/raw/MONASH/hf_MONASH_job000.root
SIGMAB_COUNTS tag=MONASH species=Sigma_b+ pdg=5222 slice=eta_lt_1 p=5 a=4 file=/data/alice/ipardoza/hadronization_production/HF_RUN3_V1/raw/MONASH/hf_MONASH_job000.root
SIGMAB_COUNTS tag=MONASH species=Sigma_b+ pdg=5222 slice=eta_1_2 p=3 a=8 file=/data/alice/ipardoza/hadronization_production/HF_RUN3_V1/raw/MONASH/hf_MONASH_job000.root
SIGMAB_COUNTS tag=MONASH species=Sigma_b+ pdg=5222 slice=eta_ge_2 p=29 a=13 file=/data/alice/ipardoza/hadronization_production/HF_RUN3_V1/raw/MONASH/hf_MONASH_job000.root
SIGMAB_COUNTS tag=MONASH species=Sigma_b0 pdg=5212 slice=all p=30 a=25 file=/data/alice/ipardoza/hadronization_production/HF_RUN3_V1/raw/MONASH/hf_MONASH_job000.root
SIGMAB_COUNTS tag=MONASH species=Sigma_b0 pdg=5212 slice=eta_lt_1 p=3 a=5 file=/data/alice/ipardoza/hadronization_production/HF_RUN3_V1/raw/MONASH/hf_MONASH_job000.root
SIGMAB_COUNTS tag=MONASH species=Sigma_b0 pdg=5212 slice=eta_1_2 p=3 a=11 file=/data/alice/ipardoza/hadronization_production/HF_RUN3_V1/raw/MONASH/hf_MONASH_job000.root
SIGMAB_COUNTS tag=MONASH species=Sigma_b0 pdg=5212 slice=eta_ge_2 p=24 a=9 file=/data/alice/ipardoza/hadronization_production/HF_RUN3_V1/raw/MONASH/hf_MONASH_job000.root
SIGMAB_COUNTS tag=MONASH species=Sigma_b- pdg=5112 slice=all p=47 a=17 file=/data/alice/ipardoza/hadronization_production/HF_RUN3_V1/raw/MONASH/hf_MONASH_job000.root
SIGMAB_COUNTS tag=MONASH species=Sigma_b- pdg=5112 slice=eta_lt_1 p=9 a=5 file=/data/alice/ipardoza/hadronization_production/HF_RUN3_V1/raw/MONASH/hf_MONASH_job000.root
SIGMAB_COUNTS tag=MONASH species=Sigma_b- pdg=5112 slice=eta_1_2 p=10 a=3 file=/data/alice/ipardoza/hadronization_production/HF_RUN3_V1/raw/MONASH/hf_MONASH_job000.root
SIGMAB_COUNTS tag=MONASH species=Sigma_b- pdg=5112 slice=eta_ge_2 p=28 a=9 file=/data/alice/ipardoza/hadronization_production/HF_RUN3_V1/raw/MONASH/hf_MONASH_job000.root
SIGMAB_COUNTS tag=MONASH species=Sigma*_b+ pdg=5224 slice=all p=45 a=38 file=/data/alice/ipardoza/hadronization_production/HF_RUN3_V1/raw/MONASH/hf_MONASH_job000.root
SIGMAB_COUNTS tag=MONASH species=Sigma*_b+ pdg=5224 slice=eta_lt_1 p=12 a=7 file=/data/alice/ipardoza/hadronization_production/HF_RUN3_V1/raw/MONASH/hf_MONASH_job000.root
SIGMAB_COUNTS tag=MONASH species=Sigma*_b+ pdg=5224 slice=eta_1_2 p=6 a=8 file=/data/alice/ipardoza/hadronization_production/HF_RUN3_V1/raw/MONASH/hf_MONASH_job000.root
SIGMAB_COUNTS tag=MONASH species=Sigma*_b+ pdg=5224 slice=eta_ge_2 p=27 a=23 file=/data/alice/ipardoza/hadronization_production/HF_RUN3_V1/raw/MONASH/hf_MONASH_job000.root
SIGMAB_COUNTS tag=MONASH species=Sigma*_b0 pdg=5214 slice=all p=46 a=46 file=/data/alice/ipardoza/hadronization_production/HF_RUN3_V1/raw/MONASH/hf_MONASH_job000.root
SIGMAB_COUNTS tag=MONASH species=Sigma*_b0 pdg=5214 slice=eta_lt_1 p=9 a=7 file=/data/alice/ipardoza/hadronization_production/HF_RUN3_V1/raw/MONASH/hf_MONASH_job000.root
SIGMAB_COUNTS tag=MONASH species=Sigma*_b0 pdg=5214 slice=eta_1_2 p=13 a=11 file=/data/alice/ipardoza/hadronization_production/HF_RUN3_V1/raw/MONASH/hf_MONASH_job000.root
SIGMAB_COUNTS tag=MONASH species=Sigma*_b0 pdg=5214 slice=eta_ge_2 p=24 a=28 file=/data/alice/ipardoza/hadronization_production/HF_RUN3_V1/raw/MONASH/hf_MONASH_job000.root
SIGMAB_COUNTS tag=MONASH species=Sigma*_b- pdg=5114 slice=all p=48 a=35 file=/data/alice/ipardoza/hadronization_production/HF_RUN3_V1/raw/MONASH/hf_MONASH_job000.root
SIGMAB_COUNTS tag=MONASH species=Sigma*_b- pdg=5114 slice=eta_lt_1 p=5 a=7 file=/data/alice/ipardoza/hadronization_production/HF_RUN3_V1/raw/MONASH/hf_MONASH_job000.root
SIGMAB_COUNTS tag=MONASH species=Sigma*_b- pdg=5114 slice=eta_1_2 p=10 a=6 file=/data/alice/ipardoza/hadronization_production/HF_RUN3_V1/raw/MONASH/hf_MONASH_job000.root
SIGMAB_COUNTS tag=MONASH species=Sigma*_b- pdg=5114 slice=eta_ge_2 p=33 a=22 file=/data/alice/ipardoza/hadronization_production/HF_RUN3_V1/raw/MONASH/hf_MONASH_job000.root
SIGMAB_COUNTS tag=MONASH species=Lambda_b0 pdg=5122 slice=all p=312 a=329 file=/data/alice/ipardoza/hadronization_production/HF_RUN3_V1/raw/MONASH/hf_MONASH_job000.root
SIGMAB_COUNTS tag=MONASH species=Lambda_b0 pdg=5122 slice=eta_lt_1 p=52 a=60 file=/data/alice/ipardoza/hadronization_production/HF_RUN3_V1/raw/MONASH/hf_MONASH_job000.root
SIGMAB_COUNTS tag=MONASH species=Lambda_b0 pdg=5122 slice=eta_1_2 p=70 a=73 file=/data/alice/ipardoza/hadronization_production/HF_RUN3_V1/raw/MONASH/hf_MONASH_job000.root
SIGMAB_COUNTS tag=MONASH species=Lambda_b0 pdg=5122 slice=eta_ge_2 p=190 a=196 file=/data/alice/ipardoza/hadronization_production/HF_RUN3_V1/raw/MONASH/hf_MONASH_job000.root
SIGMAB_COUNTS tag=MONASH species=Xi_b0 pdg=5232 slice=all p=61 a=53 file=/data/alice/ipardoza/hadronization_production/HF_RUN3_V1/raw/MONASH/hf_MONASH_job000.root
SIGMAB_COUNTS tag=MONASH species=Xi_b0 pdg=5232 slice=eta_lt_1 p=10 a=14 file=/data/alice/ipardoza/hadronization_production/HF_RUN3_V1/raw/MONASH/hf_MONASH_job000.root
SIGMAB_COUNTS tag=MONASH species=Xi_b0 pdg=5232 slice=eta_1_2 p=11 a=13 file=/data/alice/ipardoza/hadronization_production/HF_RUN3_V1/raw/MONASH/hf_MONASH_job000.root
SIGMAB_COUNTS tag=MONASH species=Xi_b0 pdg=5232 slice=eta_ge_2 p=40 a=26 file=/data/alice/ipardoza/hadronization_production/HF_RUN3_V1/raw/MONASH/hf_MONASH_job000.root
SIGMAB_COUNTS tag=MONASH species=Xi_b- pdg=5132 slice=all p=58 a=51 file=/data/alice/ipardoza/hadronization_production/HF_RUN3_V1/raw/MONASH/hf_MONASH_job000.root
SIGMAB_COUNTS tag=MONASH species=Xi_b- pdg=5132 slice=eta_lt_1 p=9 a=6 file=/data/alice/ipardoza/hadronization_production/HF_RUN3_V1/raw/MONASH/hf_MONASH_job000.root
SIGMAB_COUNTS tag=MONASH species=Xi_b- pdg=5132 slice=eta_1_2 p=9 a=16 file=/data/alice/ipardoza/hadronization_production/HF_RUN3_V1/raw/MONASH/hf_MONASH_job000.root
SIGMAB_COUNTS tag=MONASH species=Xi_b- pdg=5132 slice=eta_ge_2 p=40 a=29 file=/data/alice/ipardoza/hadronization_production/HF_RUN3_V1/raw/MONASH/hf_MONASH_job000.root
SIGMAB_COUNTS tag=MONASH species=Sigma_b+ pdg=5222 slice=all p=39 a=24 file=/data/alice/ipardoza/hadronization_production/HF_RUN3_V1/raw/MONASH/hf_MONASH_job001.root
SIGMAB_COUNTS tag=MONASH species=Sigma_b+ pdg=5222 slice=eta_lt_1 p=4 a=6 file=/data/alice/ipardoza/hadronization_production/HF_RUN3_V1/raw/MONASH/hf_MONASH_job001.root
SIGMAB_COUNTS tag=MONASH species=Sigma_b+ pdg=5222 slice=eta_1_2 p=9 a=4 file=/data/alice/ipardoza/hadronization_production/HF_RUN3_V1/raw/MONASH/hf_MONASH_job001.root
SIGMAB_COUNTS tag=MONASH species=Sigma_b+ pdg=5222 slice=eta_ge_2 p=26 a=14 file=/data/alice/ipardoza/hadronization_production/HF_RUN3_V1/raw/MONASH/hf_MONASH_job001.root
SIGMAB_COUNTS tag=MONASH species=Sigma_b0 pdg=5212 slice=all p=47 a=24 file=/data/alice/ipardoza/hadronization_production/HF_RUN3_V1/raw/MONASH/hf_MONASH_job001.root
SIGMAB_COUNTS tag=MONASH species=Sigma_b0 pdg=5212 slice=eta_lt_1 p=5 a=4 file=/data/alice/ipardoza/hadronization_production/HF_RUN3_V1/raw/MONASH/hf_MONASH_job001.root
SIGMAB_COUNTS tag=MONASH species=Sigma_b0 pdg=5212 slice=eta_1_2 p=14 a=6 file=/data/alice/ipardoza/hadronization_production/HF_RUN3_V1/raw/MONASH/hf_MONASH_job001.root
SIGMAB_COUNTS tag=MONASH species=Sigma_b0 pdg=5212 slice=eta_ge_2 p=28 a=14 file=/data/alice/ipardoza/hadronization_production/HF_RUN3_V1/raw/MONASH/hf_MONASH_job001.root
SIGMAB_COUNTS tag=MONASH species=Sigma_b- pdg=5112 slice=all p=37 a=19 file=/data/alice/ipardoza/hadronization_production/HF_RUN3_V1/raw/MONASH/hf_MONASH_job001.root
SIGMAB_COUNTS tag=MONASH species=Sigma_b- pdg=5112 slice=eta_lt_1 p=6 a=6 file=/data/alice/ipardoza/hadronization_production/HF_RUN3_V1/raw/MONASH/hf_MONASH_job001.root
SIGMAB_COUNTS tag=MONASH species=Sigma_b- pdg=5112 slice=eta_1_2 p=7 a=4 file=/data/alice/ipardoza/hadronization_production/HF_RUN3_V1/raw/MONASH/hf_MONASH_job001.root
SIGMAB_COUNTS tag=MONASH species=Sigma_b- pdg=5112 slice=eta_ge_2 p=24 a=9 file=/data/alice/ipardoza/hadronization_production/HF_RUN3_V1/raw/MONASH/hf_MONASH_job001.root
SIGMAB_COUNTS tag=MONASH species=Sigma*_b+ pdg=5224 slice=all p=71 a=42 file=/data/alice/ipardoza/hadronization_production/HF_RUN3_V1/raw/MONASH/hf_MONASH_job001.root
SIGMAB_COUNTS tag=MONASH species=Sigma*_b+ pdg=5224 slice=eta_lt_1 p=11 a=7 file=/data/alice/ipardoza/hadronization_production/HF_RUN3_V1/raw/MONASH/hf_MONASH_job001.root
SIGMAB_COUNTS tag=MONASH species=Sigma*_b+ pdg=5224 slice=eta_1_2 p=12 a=8 file=/data/alice/ipardoza/hadronization_production/HF_RUN3_V1/raw/MONASH/hf_MONASH_job001.root
SIGMAB_COUNTS tag=MONASH species=Sigma*_b+ pdg=5224 slice=eta_ge_2 p=48 a=27 file=/data/alice/ipardoza/hadronization_production/HF_RUN3_V1/raw/MONASH/hf_MONASH_job001.root
SIGMAB_COUNTS tag=MONASH species=Sigma*_b0 pdg=5214 slice=all p=50 a=44 file=/data/alice/ipardoza/hadronization_production/HF_RUN3_V1/raw/MONASH/hf_MONASH_job001.root
SIGMAB_COUNTS tag=MONASH species=Sigma*_b0 pdg=5214 slice=eta_lt_1 p=10 a=5 file=/data/alice/ipardoza/hadronization_production/HF_RUN3_V1/raw/MONASH/hf_MONASH_job001.root
SIGMAB_COUNTS tag=MONASH species=Sigma*_b0 pdg=5214 slice=eta_1_2 p=9 a=11 file=/data/alice/ipardoza/hadronization_production/HF_RUN3_V1/raw/MONASH/hf_MONASH_job001.root
SIGMAB_COUNTS tag=MONASH species=Sigma*_b0 pdg=5214 slice=eta_ge_2 p=31 a=28 file=/data/alice/ipardoza/hadronization_production/HF_RUN3_V1/raw/MONASH/hf_MONASH_job001.root
SIGMAB_COUNTS tag=MONASH species=Sigma*_b- pdg=5114 slice=all p=41 a=32 file=/data/alice/ipardoza/hadronization_production/HF_RUN3_V1/raw/MONASH/hf_MONASH_job001.root
SIGMAB_COUNTS tag=MONASH species=Sigma*_b- pdg=5114 slice=eta_lt_1 p=5 a=4 file=/data/alice/ipardoza/hadronization_production/HF_RUN3_V1/raw/MONASH/hf_MONASH_job001.root
SIGMAB_COUNTS tag=MONASH species=Sigma*_b- pdg=5114 slice=eta_1_2 p=10 a=2 file=/data/alice/ipardoza/hadronization_production/HF_RUN3_V1/raw/MONASH/hf_MONASH_job001.root
SIGMAB_COUNTS tag=MONASH species=Sigma*_b- pdg=5114 slice=eta_ge_2 p=26 a=26 file=/data/alice/ipardoza/hadronization_production/HF_RUN3_V1/raw/MONASH/hf_MONASH_job001.root
SIGMAB_COUNTS tag=MONASH species=Lambda_b0 pdg=5122 slice=all p=342 a=278 file=/data/alice/ipardoza/hadronization_production/HF_RUN3_V1/raw/MONASH/hf_MONASH_job001.root
SIGMAB_COUNTS tag=MONASH species=Lambda_b0 pdg=5122 slice=eta_lt_1 p=63 a=50 file=/data/alice/ipardoza/hadronization_production/HF_RUN3_V1/raw/MONASH/hf_MONASH_job001.root
SIGMAB_COUNTS tag=MONASH species=Lambda_b0 pdg=5122 slice=eta_1_2 p=56 a=63 file=/data/alice/ipardoza/hadronization_production/HF_RUN3_V1/raw/MONASH/hf_MONASH_job001.root
SIGMAB_COUNTS tag=MONASH species=Lambda_b0 pdg=5122 slice=eta_ge_2 p=223 a=165 file=/data/alice/ipardoza/hadronization_production/HF_RUN3_V1/raw/MONASH/hf_MONASH_job001.root
SIGMAB_COUNTS tag=MONASH species=Xi_b0 pdg=5232 slice=all p=62 a=64 file=/data/alice/ipardoza/hadronization_production/HF_RUN3_V1/raw/MONASH/hf_MONASH_job001.root
SIGMAB_COUNTS tag=MONASH species=Xi_b0 pdg=5232 slice=eta_lt_1 p=14 a=12 file=/data/alice/ipardoza/hadronization_production/HF_RUN3_V1/raw/MONASH/hf_MONASH_job001.root
SIGMAB_COUNTS tag=MONASH species=Xi_b0 pdg=5232 slice=eta_1_2 p=15 a=15 file=/data/alice/ipardoza/hadronization_production/HF_RUN3_V1/raw/MONASH/hf_MONASH_job001.root
SIGMAB_COUNTS tag=MONASH species=Xi_b0 pdg=5232 slice=eta_ge_2 p=33 a=37 file=/data/alice/ipardoza/hadronization_production/HF_RUN3_V1/raw/MONASH/hf_MONASH_job001.root
SIGMAB_COUNTS tag=MONASH species=Xi_b- pdg=5132 slice=all p=61 a=56 file=/data/alice/ipardoza/hadronization_production/HF_RUN3_V1/raw/MONASH/hf_MONASH_job001.root
SIGMAB_COUNTS tag=MONASH species=Xi_b- pdg=5132 slice=eta_lt_1 p=7 a=10 file=/data/alice/ipardoza/hadronization_production/HF_RUN3_V1/raw/MONASH/hf_MONASH_job001.root
SIGMAB_COUNTS tag=MONASH species=Xi_b- pdg=5132 slice=eta_1_2 p=19 a=12 file=/data/alice/ipardoza/hadronization_production/HF_RUN3_V1/raw/MONASH/hf_MONASH_job001.root
SIGMAB_COUNTS tag=MONASH species=Xi_b- pdg=5132 slice=eta_ge_2 p=35 a=34 file=/data/alice/ipardoza/hadronization_production/HF_RUN3_V1/raw/MONASH/hf_MONASH_job001.root
SIGMAB_COUNTS tag=MONASH species=Sigma_b+ pdg=5222 slice=all p=42 a=22 file=/data/alice/ipardoza/hadronization_production/HF_RUN3_V1/raw/MONASH/hf_MONASH_job002.root
SIGMAB_COUNTS tag=MONASH species=Sigma_b+ pdg=5222 slice=eta_lt_1 p=8 a=2 file=/data/alice/ipardoza/hadronization_production/HF_RUN3_V1/raw/MONASH/hf_MONASH_job002.root
SIGMAB_COUNTS tag=MONASH species=Sigma_b+ pdg=5222 slice=eta_1_2 p=6 a=3 file=/data/alice/ipardoza/hadronization_production/HF_RUN3_V1/raw/MONASH/hf_MONASH_job002.root
SIGMAB_COUNTS tag=MONASH species=Sigma_b+ pdg=5222 slice=eta_ge_2 p=28 a=17 file=/data/alice/ipardoza/hadronization_production/HF_RUN3_V1/raw/MONASH/hf_MONASH_job002.root
SIGMAB_COUNTS tag=MONASH species=Sigma_b0 pdg=5212 slice=all p=44 a=21 file=/data/alice/ipardoza/hadronization_production/HF_RUN3_V1/raw/MONASH/hf_MONASH_job002.root
SIGMAB_COUNTS tag=MONASH species=Sigma_b0 pdg=5212 slice=eta_lt_1 p=7 a=5 file=/data/alice/ipardoza/hadronization_production/HF_RUN3_V1/raw/MONASH/hf_MONASH_job002.root
SIGMAB_COUNTS tag=MONASH species=Sigma_b0 pdg=5212 slice=eta_1_2 p=8 a=4 file=/data/alice/ipardoza/hadronization_production/HF_RUN3_V1/raw/MONASH/hf_MONASH_job002.root
SIGMAB_COUNTS tag=MONASH species=Sigma_b0 pdg=5212 slice=eta_ge_2 p=29 a=12 file=/data/alice/ipardoza/hadronization_production/HF_RUN3_V1/raw/MONASH/hf_MONASH_job002.root
SIGMAB_COUNTS tag=MONASH species=Sigma_b- pdg=5112 slice=all p=32 a=19 file=/data/alice/ipardoza/hadronization_production/HF_RUN3_V1/raw/MONASH/hf_MONASH_job002.root
SIGMAB_COUNTS tag=MONASH species=Sigma_b- pdg=5112 slice=eta_lt_1 p=3 a=5 file=/data/alice/ipardoza/hadronization_production/HF_RUN3_V1/raw/MONASH/hf_MONASH_job002.root
SIGMAB_COUNTS tag=MONASH species=Sigma_b- pdg=5112 slice=eta_1_2 p=6 a=5 file=/data/alice/ipardoza/hadronization_production/HF_RUN3_V1/raw/MONASH/hf_MONASH_job002.root
SIGMAB_COUNTS tag=MONASH species=Sigma_b- pdg=5112 slice=eta_ge_2 p=23 a=9 file=/data/alice/ipardoza/hadronization_production/HF_RUN3_V1/raw/MONASH/hf_MONASH_job002.root
SIGMAB_COUNTS tag=MONASH species=Sigma*_b+ pdg=5224 slice=all p=52 a=37 file=/data/alice/ipardoza/hadronization_production/HF_RUN3_V1/raw/MONASH/hf_MONASH_job002.root
SIGMAB_COUNTS tag=MONASH species=Sigma*_b+ pdg=5224 slice=eta_lt_1 p=6 a=7 file=/data/alice/ipardoza/hadronization_production/HF_RUN3_V1/raw/MONASH/hf_MONASH_job002.root
SIGMAB_COUNTS tag=MONASH species=Sigma*_b+ pdg=5224 slice=eta_1_2 p=14 a=13 file=/data/alice/ipardoza/hadronization_production/HF_RUN3_V1/raw/MONASH/hf_MONASH_job002.root
SIGMAB_COUNTS tag=MONASH species=Sigma*_b+ pdg=5224 slice=eta_ge_2 p=32 a=17 file=/data/alice/ipardoza/hadronization_production/HF_RUN3_V1/raw/MONASH/hf_MONASH_job002.root
SIGMAB_COUNTS tag=MONASH species=Sigma*_b0 pdg=5214 slice=all p=48 a=45 file=/data/alice/ipardoza/hadronization_production/HF_RUN3_V1/raw/MONASH/hf_MONASH_job002.root
SIGMAB_COUNTS tag=MONASH species=Sigma*_b0 pdg=5214 slice=eta_lt_1 p=13 a=5 file=/data/alice/ipardoza/hadronization_production/HF_RUN3_V1/raw/MONASH/hf_MONASH_job002.root
SIGMAB_COUNTS tag=MONASH species=Sigma*_b0 pdg=5214 slice=eta_1_2 p=4 a=15 file=/data/alice/ipardoza/hadronization_production/HF_RUN3_V1/raw/MONASH/hf_MONASH_job002.root
SIGMAB_COUNTS tag=MONASH species=Sigma*_b0 pdg=5214 slice=eta_ge_2 p=31 a=25 file=/data/alice/ipardoza/hadronization_production/HF_RUN3_V1/raw/MONASH/hf_MONASH_job002.root
SIGMAB_COUNTS tag=MONASH species=Sigma*_b- pdg=5114 slice=all p=53 a=38 file=/data/alice/ipardoza/hadronization_production/HF_RUN3_V1/raw/MONASH/hf_MONASH_job002.root
SIGMAB_COUNTS tag=MONASH species=Sigma*_b- pdg=5114 slice=eta_lt_1 p=9 a=6 file=/data/alice/ipardoza/hadronization_production/HF_RUN3_V1/raw/MONASH/hf_MONASH_job002.root
SIGMAB_COUNTS tag=MONASH species=Sigma*_b- pdg=5114 slice=eta_1_2 p=9 a=12 file=/data/alice/ipardoza/hadronization_production/HF_RUN3_V1/raw/MONASH/hf_MONASH_job002.root
SIGMAB_COUNTS tag=MONASH species=Sigma*_b- pdg=5114 slice=eta_ge_2 p=35 a=20 file=/data/alice/ipardoza/hadronization_production/HF_RUN3_V1/raw/MONASH/hf_MONASH_job002.root
SIGMAB_COUNTS tag=MONASH species=Lambda_b0 pdg=5122 slice=all p=350 a=312 file=/data/alice/ipardoza/hadronization_production/HF_RUN3_V1/raw/MONASH/hf_MONASH_job002.root
SIGMAB_COUNTS tag=MONASH species=Lambda_b0 pdg=5122 slice=eta_lt_1 p=68 a=49 file=/data/alice/ipardoza/hadronization_production/HF_RUN3_V1/raw/MONASH/hf_MONASH_job002.root
SIGMAB_COUNTS tag=MONASH species=Lambda_b0 pdg=5122 slice=eta_1_2 p=92 a=55 file=/data/alice/ipardoza/hadronization_production/HF_RUN3_V1/raw/MONASH/hf_MONASH_job002.root
SIGMAB_COUNTS tag=MONASH species=Lambda_b0 pdg=5122 slice=eta_ge_2 p=190 a=208 file=/data/alice/ipardoza/hadronization_production/HF_RUN3_V1/raw/MONASH/hf_MONASH_job002.root
SIGMAB_COUNTS tag=MONASH species=Xi_b0 pdg=5232 slice=all p=68 a=55 file=/data/alice/ipardoza/hadronization_production/HF_RUN3_V1/raw/MONASH/hf_MONASH_job002.root
SIGMAB_COUNTS tag=MONASH species=Xi_b0 pdg=5232 slice=eta_lt_1 p=12 a=10 file=/data/alice/ipardoza/hadronization_production/HF_RUN3_V1/raw/MONASH/hf_MONASH_job002.root
SIGMAB_COUNTS tag=MONASH species=Xi_b0 pdg=5232 slice=eta_1_2 p=15 a=9 file=/data/alice/ipardoza/hadronization_production/HF_RUN3_V1/raw/MONASH/hf_MONASH_job002.root
SIGMAB_COUNTS tag=MONASH species=Xi_b0 pdg=5232 slice=eta_ge_2 p=41 a=36 file=/data/alice/ipardoza/hadronization_production/HF_RUN3_V1/raw/MONASH/hf_MONASH_job002.root
SIGMAB_COUNTS tag=MONASH species=Xi_b- pdg=5132 slice=all p=53 a=66 file=/data/alice/ipardoza/hadronization_production/HF_RUN3_V1/raw/MONASH/hf_MONASH_job002.root
SIGMAB_COUNTS tag=MONASH species=Xi_b- pdg=5132 slice=eta_lt_1 p=8 a=9 file=/data/alice/ipardoza/hadronization_production/HF_RUN3_V1/raw/MONASH/hf_MONASH_job002.root
SIGMAB_COUNTS tag=MONASH species=Xi_b- pdg=5132 slice=eta_1_2 p=17 a=18 file=/data/alice/ipardoza/hadronization_production/HF_RUN3_V1/raw/MONASH/hf_MONASH_job002.root
SIGMAB_COUNTS tag=MONASH species=Xi_b- pdg=5132 slice=eta_ge_2 p=28 a=39 file=/data/alice/ipardoza/hadronization_production/HF_RUN3_V1/raw/MONASH/hf_MONASH_job002.root
SIGMAB_COUNTS tag=MONASH species=Sigma_b+ pdg=5222 slice=all p=40 a=25 file=/data/alice/ipardoza/hadronization_production/HF_RUN3_V1/raw/MONASH/hf_MONASH_job003.root
SIGMAB_COUNTS tag=MONASH species=Sigma_b+ pdg=5222 slice=eta_lt_1 p=6 a=5 file=/data/alice/ipardoza/hadronization_production/HF_RUN3_V1/raw/MONASH/hf_MONASH_job003.root
SIGMAB_COUNTS tag=MONASH species=Sigma_b+ pdg=5222 slice=eta_1_2 p=10 a=10 file=/data/alice/ipardoza/hadronization_production/HF_RUN3_V1/raw/MONASH/hf_MONASH_job003.root
SIGMAB_COUNTS tag=MONASH species=Sigma_b+ pdg=5222 slice=eta_ge_2 p=24 a=10 file=/data/alice/ipardoza/hadronization_production/HF_RUN3_V1/raw/MONASH/hf_MONASH_job003.root
SIGMAB_COUNTS tag=MONASH species=Sigma_b0 pdg=5212 slice=all p=32 a=21 file=/data/alice/ipardoza/hadronization_production/HF_RUN3_V1/raw/MONASH/hf_MONASH_job003.root
SIGMAB_COUNTS tag=MONASH species=Sigma_b0 pdg=5212 slice=eta_lt_1 p=7 a=5 file=/data/alice/ipardoza/hadronization_production/HF_RUN3_V1/raw/MONASH/hf_MONASH_job003.root
SIGMAB_COUNTS tag=MONASH species=Sigma_b0 pdg=5212 slice=eta_1_2 p=5 a=9 file=/data/alice/ipardoza/hadronization_production/HF_RUN3_V1/raw/MONASH/hf_MONASH_job003.root
SIGMAB_COUNTS tag=MONASH species=Sigma_b0 pdg=5212 slice=eta_ge_2 p=20 a=7 file=/data/alice/ipardoza/hadronization_production/HF_RUN3_V1/raw/MONASH/hf_MONASH_job003.root
SIGMAB_COUNTS tag=MONASH species=Sigma_b- pdg=5112 slice=all p=33 a=22 file=/data/alice/ipardoza/hadronization_production/HF_RUN3_V1/raw/MONASH/hf_MONASH_job003.root
SIGMAB_COUNTS tag=MONASH species=Sigma_b- pdg=5112 slice=eta_lt_1 p=7 a=6 file=/data/alice/ipardoza/hadronization_production/HF_RUN3_V1/raw/MONASH/hf_MONASH_job003.root
SIGMAB_COUNTS tag=MONASH species=Sigma_b- pdg=5112 slice=eta_1_2 p=10 a=6 file=/data/alice/ipardoza/hadronization_production/HF_RUN3_V1/raw/MONASH/hf_MONASH_job003.root
SIGMAB_COUNTS tag=MONASH species=Sigma_b- pdg=5112 slice=eta_ge_2 p=16 a=10 file=/data/alice/ipardoza/hadronization_production/HF_RUN3_V1/raw/MONASH/hf_MONASH_job003.root
SIGMAB_COUNTS tag=MONASH species=Sigma*_b+ pdg=5224 slice=all p=53 a=39 file=/data/alice/ipardoza/hadronization_production/HF_RUN3_V1/raw/MONASH/hf_MONASH_job003.root
SIGMAB_COUNTS tag=MONASH species=Sigma*_b+ pdg=5224 slice=eta_lt_1 p=10 a=5 file=/data/alice/ipardoza/hadronization_production/HF_RUN3_V1/raw/MONASH/hf_MONASH_job003.root
SIGMAB_COUNTS tag=MONASH species=Sigma*_b+ pdg=5224 slice=eta_1_2 p=11 a=10 file=/data/alice/ipardoza/hadronization_production/HF_RUN3_V1/raw/MONASH/hf_MONASH_job003.root
SIGMAB_COUNTS tag=MONASH species=Sigma*_b+ pdg=5224 slice=eta_ge_2 p=32 a=24 file=/data/alice/ipardoza/hadronization_production/HF_RUN3_V1/raw/MONASH/hf_MONASH_job003.root
SIGMAB_COUNTS tag=MONASH species=Sigma*_b0 pdg=5214 slice=all p=51 a=47 file=/data/alice/ipardoza/hadronization_production/HF_RUN3_V1/raw/MONASH/hf_MONASH_job003.root
SIGMAB_COUNTS tag=MONASH species=Sigma*_b0 pdg=5214 slice=eta_lt_1 p=7 a=10 file=/data/alice/ipardoza/hadronization_production/HF_RUN3_V1/raw/MONASH/hf_MONASH_job003.root
SIGMAB_COUNTS tag=MONASH species=Sigma*_b0 pdg=5214 slice=eta_1_2 p=11 a=9 file=/data/alice/ipardoza/hadronization_production/HF_RUN3_V1/raw/MONASH/hf_MONASH_job003.root
SIGMAB_COUNTS tag=MONASH species=Sigma*_b0 pdg=5214 slice=eta_ge_2 p=33 a=28 file=/data/alice/ipardoza/hadronization_production/HF_RUN3_V1/raw/MONASH/hf_MONASH_job003.root
SIGMAB_COUNTS tag=MONASH species=Sigma*_b- pdg=5114 slice=all p=51 a=47 file=/data/alice/ipardoza/hadronization_production/HF_RUN3_V1/raw/MONASH/hf_MONASH_job003.root
SIGMAB_COUNTS tag=MONASH species=Sigma*_b- pdg=5114 slice=eta_lt_1 p=12 a=6 file=/data/alice/ipardoza/hadronization_production/HF_RUN3_V1/raw/MONASH/hf_MONASH_job003.root
SIGMAB_COUNTS tag=MONASH species=Sigma*_b- pdg=5114 slice=eta_1_2 p=6 a=10 file=/data/alice/ipardoza/hadronization_production/HF_RUN3_V1/raw/MONASH/hf_MONASH_job003.root
SIGMAB_COUNTS tag=MONASH species=Sigma*_b- pdg=5114 slice=eta_ge_2 p=33 a=31 file=/data/alice/ipardoza/hadronization_production/HF_RUN3_V1/raw/MONASH/hf_MONASH_job003.root
SIGMAB_COUNTS tag=MONASH species=Lambda_b0 pdg=5122 slice=all p=294 a=315 file=/data/alice/ipardoza/hadronization_production/HF_RUN3_V1/raw/MONASH/hf_MONASH_job003.root
SIGMAB_COUNTS tag=MONASH species=Lambda_b0 pdg=5122 slice=eta_lt_1 p=59 a=72 file=/data/alice/ipardoza/hadronization_production/HF_RUN3_V1/raw/MONASH/hf_MONASH_job003.root
SIGMAB_COUNTS tag=MONASH species=Lambda_b0 pdg=5122 slice=eta_1_2 p=63 a=61 file=/data/alice/ipardoza/hadronization_production/HF_RUN3_V1/raw/MONASH/hf_MONASH_job003.root
SIGMAB_COUNTS tag=MONASH species=Lambda_b0 pdg=5122 slice=eta_ge_2 p=172 a=182 file=/data/alice/ipardoza/hadronization_production/HF_RUN3_V1/raw/MONASH/hf_MONASH_job003.root
SIGMAB_COUNTS tag=MONASH species=Xi_b0 pdg=5232 slice=all p=59 a=58 file=/data/alice/ipardoza/hadronization_production/HF_RUN3_V1/raw/MONASH/hf_MONASH_job003.root
SIGMAB_COUNTS tag=MONASH species=Xi_b0 pdg=5232 slice=eta_lt_1 p=19 a=11 file=/data/alice/ipardoza/hadronization_production/HF_RUN3_V1/raw/MONASH/hf_MONASH_job003.root
SIGMAB_COUNTS tag=MONASH species=Xi_b0 pdg=5232 slice=eta_1_2 p=10 a=9 file=/data/alice/ipardoza/hadronization_production/HF_RUN3_V1/raw/MONASH/hf_MONASH_job003.root
SIGMAB_COUNTS tag=MONASH species=Xi_b0 pdg=5232 slice=eta_ge_2 p=30 a=38 file=/data/alice/ipardoza/hadronization_production/HF_RUN3_V1/raw/MONASH/hf_MONASH_job003.root
SIGMAB_COUNTS tag=MONASH species=Xi_b- pdg=5132 slice=all p=62 a=54 file=/data/alice/ipardoza/hadronization_production/HF_RUN3_V1/raw/MONASH/hf_MONASH_job003.root
SIGMAB_COUNTS tag=MONASH species=Xi_b- pdg=5132 slice=eta_lt_1 p=16 a=10 file=/data/alice/ipardoza/hadronization_production/HF_RUN3_V1/raw/MONASH/hf_MONASH_job003.root
SIGMAB_COUNTS tag=MONASH species=Xi_b- pdg=5132 slice=eta_1_2 p=6 a=15 file=/data/alice/ipardoza/hadronization_production/HF_RUN3_V1/raw/MONASH/hf_MONASH_job003.root
SIGMAB_COUNTS tag=MONASH species=Xi_b- pdg=5132 slice=eta_ge_2 p=40 a=29 file=/data/alice/ipardoza/hadronization_production/HF_RUN3_V1/raw/MONASH/hf_MONASH_job003.root
SIGMAB_COUNTS tag=MONASH species=Sigma_b+ pdg=5222 slice=all p=23 a=16 file=/data/alice/ipardoza/hadronization_production/HF_RUN3_V1/raw/MONASH/hf_MONASH_job004.root
SIGMAB_COUNTS tag=MONASH species=Sigma_b+ pdg=5222 slice=eta_lt_1 p=2 a=4 file=/data/alice/ipardoza/hadronization_production/HF_RUN3_V1/raw/MONASH/hf_MONASH_job004.root
SIGMAB_COUNTS tag=MONASH species=Sigma_b+ pdg=5222 slice=eta_1_2 p=7 a=6 file=/data/alice/ipardoza/hadronization_production/HF_RUN3_V1/raw/MONASH/hf_MONASH_job004.root
SIGMAB_COUNTS tag=MONASH species=Sigma_b+ pdg=5222 slice=eta_ge_2 p=14 a=6 file=/data/alice/ipardoza/hadronization_production/HF_RUN3_V1/raw/MONASH/hf_MONASH_job004.root
SIGMAB_COUNTS tag=MONASH species=Sigma_b0 pdg=5212 slice=all p=31 a=24 file=/data/alice/ipardoza/hadronization_production/HF_RUN3_V1/raw/MONASH/hf_MONASH_job004.root
SIGMAB_COUNTS tag=MONASH species=Sigma_b0 pdg=5212 slice=eta_lt_1 p=6 a=3 file=/data/alice/ipardoza/hadronization_production/HF_RUN3_V1/raw/MONASH/hf_MONASH_job004.root
SIGMAB_COUNTS tag=MONASH species=Sigma_b0 pdg=5212 slice=eta_1_2 p=4 a=8 file=/data/alice/ipardoza/hadronization_production/HF_RUN3_V1/raw/MONASH/hf_MONASH_job004.root
SIGMAB_COUNTS tag=MONASH species=Sigma_b0 pdg=5212 slice=eta_ge_2 p=21 a=13 file=/data/alice/ipardoza/hadronization_production/HF_RUN3_V1/raw/MONASH/hf_MONASH_job004.root
SIGMAB_COUNTS tag=MONASH species=Sigma_b- pdg=5112 slice=all p=26 a=28 file=/data/alice/ipardoza/hadronization_production/HF_RUN3_V1/raw/MONASH/hf_MONASH_job004.root
SIGMAB_COUNTS tag=MONASH species=Sigma_b- pdg=5112 slice=eta_lt_1 p=5 a=4 file=/data/alice/ipardoza/hadronization_production/HF_RUN3_V1/raw/MONASH/hf_MONASH_job004.root
SIGMAB_COUNTS tag=MONASH species=Sigma_b- pdg=5112 slice=eta_1_2 p=4 a=7 file=/data/alice/ipardoza/hadronization_production/HF_RUN3_V1/raw/MONASH/hf_MONASH_job004.root
SIGMAB_COUNTS tag=MONASH species=Sigma_b- pdg=5112 slice=eta_ge_2 p=17 a=17 file=/data/alice/ipardoza/hadronization_production/HF_RUN3_V1/raw/MONASH/hf_MONASH_job004.root
SIGMAB_COUNTS tag=MONASH species=Sigma*_b+ pdg=5224 slice=all p=46 a=42 file=/data/alice/ipardoza/hadronization_production/HF_RUN3_V1/raw/MONASH/hf_MONASH_job004.root
SIGMAB_COUNTS tag=MONASH species=Sigma*_b+ pdg=5224 slice=eta_lt_1 p=7 a=7 file=/data/alice/ipardoza/hadronization_production/HF_RUN3_V1/raw/MONASH/hf_MONASH_job004.root
SIGMAB_COUNTS tag=MONASH species=Sigma*_b+ pdg=5224 slice=eta_1_2 p=10 a=10 file=/data/alice/ipardoza/hadronization_production/HF_RUN3_V1/raw/MONASH/hf_MONASH_job004.root
SIGMAB_COUNTS tag=MONASH species=Sigma*_b+ pdg=5224 slice=eta_ge_2 p=29 a=25 file=/data/alice/ipardoza/hadronization_production/HF_RUN3_V1/raw/MONASH/hf_MONASH_job004.root
SIGMAB_COUNTS tag=MONASH species=Sigma*_b0 pdg=5214 slice=all p=68 a=38 file=/data/alice/ipardoza/hadronization_production/HF_RUN3_V1/raw/MONASH/hf_MONASH_job004.root
SIGMAB_COUNTS tag=MONASH species=Sigma*_b0 pdg=5214 slice=eta_lt_1 p=13 a=6 file=/data/alice/ipardoza/hadronization_production/HF_RUN3_V1/raw/MONASH/hf_MONASH_job004.root
SIGMAB_COUNTS tag=MONASH species=Sigma*_b0 pdg=5214 slice=eta_1_2 p=10 a=8 file=/data/alice/ipardoza/hadronization_production/HF_RUN3_V1/raw/MONASH/hf_MONASH_job004.root
SIGMAB_COUNTS tag=MONASH species=Sigma*_b0 pdg=5214 slice=eta_ge_2 p=45 a=24 file=/data/alice/ipardoza/hadronization_production/HF_RUN3_V1/raw/MONASH/hf_MONASH_job004.root
SIGMAB_COUNTS tag=MONASH species=Sigma*_b- pdg=5114 slice=all p=55 a=38 file=/data/alice/ipardoza/hadronization_production/HF_RUN3_V1/raw/MONASH/hf_MONASH_job004.root
SIGMAB_COUNTS tag=MONASH species=Sigma*_b- pdg=5114 slice=eta_lt_1 p=10 a=5 file=/data/alice/ipardoza/hadronization_production/HF_RUN3_V1/raw/MONASH/hf_MONASH_job004.root
SIGMAB_COUNTS tag=MONASH species=Sigma*_b- pdg=5114 slice=eta_1_2 p=6 a=13 file=/data/alice/ipardoza/hadronization_production/HF_RUN3_V1/raw/MONASH/hf_MONASH_job004.root
SIGMAB_COUNTS tag=MONASH species=Sigma*_b- pdg=5114 slice=eta_ge_2 p=39 a=20 file=/data/alice/ipardoza/hadronization_production/HF_RUN3_V1/raw/MONASH/hf_MONASH_job004.root
SIGMAB_COUNTS tag=MONASH species=Lambda_b0 pdg=5122 slice=all p=339 a=327 file=/data/alice/ipardoza/hadronization_production/HF_RUN3_V1/raw/MONASH/hf_MONASH_job004.root
SIGMAB_COUNTS tag=MONASH species=Lambda_b0 pdg=5122 slice=eta_lt_1 p=65 a=75 file=/data/alice/ipardoza/hadronization_production/HF_RUN3_V1/raw/MONASH/hf_MONASH_job004.root
SIGMAB_COUNTS tag=MONASH species=Lambda_b0 pdg=5122 slice=eta_1_2 p=80 a=60 file=/data/alice/ipardoza/hadronization_production/HF_RUN3_V1/raw/MONASH/hf_MONASH_job004.root
SIGMAB_COUNTS tag=MONASH species=Lambda_b0 pdg=5122 slice=eta_ge_2 p=194 a=192 file=/data/alice/ipardoza/hadronization_production/HF_RUN3_V1/raw/MONASH/hf_MONASH_job004.root
SIGMAB_COUNTS tag=MONASH species=Xi_b0 pdg=5232 slice=all p=54 a=65 file=/data/alice/ipardoza/hadronization_production/HF_RUN3_V1/raw/MONASH/hf_MONASH_job004.root
SIGMAB_COUNTS tag=MONASH species=Xi_b0 pdg=5232 slice=eta_lt_1 p=8 a=17 file=/data/alice/ipardoza/hadronization_production/HF_RUN3_V1/raw/MONASH/hf_MONASH_job004.root
SIGMAB_COUNTS tag=MONASH species=Xi_b0 pdg=5232 slice=eta_1_2 p=11 a=15 file=/data/alice/ipardoza/hadronization_production/HF_RUN3_V1/raw/MONASH/hf_MONASH_job004.root
SIGMAB_COUNTS tag=MONASH species=Xi_b0 pdg=5232 slice=eta_ge_2 p=35 a=33 file=/data/alice/ipardoza/hadronization_production/HF_RUN3_V1/raw/MONASH/hf_MONASH_job004.root
SIGMAB_COUNTS tag=MONASH species=Xi_b- pdg=5132 slice=all p=67 a=59 file=/data/alice/ipardoza/hadronization_production/HF_RUN3_V1/raw/MONASH/hf_MONASH_job004.root
SIGMAB_COUNTS tag=MONASH species=Xi_b- pdg=5132 slice=eta_lt_1 p=18 a=13 file=/data/alice/ipardoza/hadronization_production/HF_RUN3_V1/raw/MONASH/hf_MONASH_job004.root
SIGMAB_COUNTS tag=MONASH species=Xi_b- pdg=5132 slice=eta_1_2 p=13 a=12 file=/data/alice/ipardoza/hadronization_production/HF_RUN3_V1/raw/MONASH/hf_MONASH_job004.root
SIGMAB_COUNTS tag=MONASH species=Xi_b- pdg=5132 slice=eta_ge_2 p=36 a=34 file=/data/alice/ipardoza/hadronization_production/HF_RUN3_V1/raw/MONASH/hf_MONASH_job004.root
SIGMAB_COUNTS tag=MONASH species=Sigma_b+ pdg=5222 slice=all p=33 a=12 file=/data/alice/ipardoza/hadronization_production/HF_RUN3_V1/raw/MONASH/hf_MONASH_job005.root
SIGMAB_COUNTS tag=MONASH species=Sigma_b+ pdg=5222 slice=eta_lt_1 p=6 a=3 file=/data/alice/ipardoza/hadronization_production/HF_RUN3_V1/raw/MONASH/hf_MONASH_job005.root
SIGMAB_COUNTS tag=MONASH species=Sigma_b+ pdg=5222 slice=eta_1_2 p=7 a=2 file=/data/alice/ipardoza/hadronization_production/HF_RUN3_V1/raw/MONASH/hf_MONASH_job005.root
SIGMAB_COUNTS tag=MONASH species=Sigma_b+ pdg=5222 slice=eta_ge_2 p=20 a=7 file=/data/alice/ipardoza/hadronization_production/HF_RUN3_V1/raw/MONASH/hf_MONASH_job005.root
SIGMAB_COUNTS tag=MONASH species=Sigma_b0 pdg=5212 slice=all p=44 a=21 file=/data/alice/ipardoza/hadronization_production/HF_RUN3_V1/raw/MONASH/hf_MONASH_job005.root
SIGMAB_COUNTS tag=MONASH species=Sigma_b0 pdg=5212 slice=eta_lt_1 p=11 a=2 file=/data/alice/ipardoza/hadronization_production/HF_RUN3_V1/raw/MONASH/hf_MONASH_job005.root
SIGMAB_COUNTS tag=MONASH species=Sigma_b0 pdg=5212 slice=eta_1_2 p=10 a=6 file=/data/alice/ipardoza/hadronization_production/HF_RUN3_V1/raw/MONASH/hf_MONASH_job005.root
SIGMAB_COUNTS tag=MONASH species=Sigma_b0 pdg=5212 slice=eta_ge_2 p=23 a=13 file=/data/alice/ipardoza/hadronization_production/HF_RUN3_V1/raw/MONASH/hf_MONASH_job005.root
SIGMAB_COUNTS tag=MONASH species=Sigma_b- pdg=5112 slice=all p=34 a=23 file=/data/alice/ipardoza/hadronization_production/HF_RUN3_V1/raw/MONASH/hf_MONASH_job005.root
SIGMAB_COUNTS tag=MONASH species=Sigma_b- pdg=5112 slice=eta_lt_1 p=4 a=6 file=/data/alice/ipardoza/hadronization_production/HF_RUN3_V1/raw/MONASH/hf_MONASH_job005.root
SIGMAB_COUNTS tag=MONASH species=Sigma_b- pdg=5112 slice=eta_1_2 p=6 a=7 file=/data/alice/ipardoza/hadronization_production/HF_RUN3_V1/raw/MONASH/hf_MONASH_job005.root
SIGMAB_COUNTS tag=MONASH species=Sigma_b- pdg=5112 slice=eta_ge_2 p=24 a=10 file=/data/alice/ipardoza/hadronization_production/HF_RUN3_V1/raw/MONASH/hf_MONASH_job005.root
SIGMAB_COUNTS tag=MONASH species=Sigma*_b+ pdg=5224 slice=all p=52 a=47 file=/data/alice/ipardoza/hadronization_production/HF_RUN3_V1/raw/MONASH/hf_MONASH_job005.root
SIGMAB_COUNTS tag=MONASH species=Sigma*_b+ pdg=5224 slice=eta_lt_1 p=5 a=6 file=/data/alice/ipardoza/hadronization_production/HF_RUN3_V1/raw/MONASH/hf_MONASH_job005.root
SIGMAB_COUNTS tag=MONASH species=Sigma*_b+ pdg=5224 slice=eta_1_2 p=9 a=11 file=/data/alice/ipardoza/hadronization_production/HF_RUN3_V1/raw/MONASH/hf_MONASH_job005.root
SIGMAB_COUNTS tag=MONASH species=Sigma*_b+ pdg=5224 slice=eta_ge_2 p=38 a=30 file=/data/alice/ipardoza/hadronization_production/HF_RUN3_V1/raw/MONASH/hf_MONASH_job005.root
SIGMAB_COUNTS tag=MONASH species=Sigma*_b0 pdg=5214 slice=all p=48 a=36 file=/data/alice/ipardoza/hadronization_production/HF_RUN3_V1/raw/MONASH/hf_MONASH_job005.root
SIGMAB_COUNTS tag=MONASH species=Sigma*_b0 pdg=5214 slice=eta_lt_1 p=8 a=4 file=/data/alice/ipardoza/hadronization_production/HF_RUN3_V1/raw/MONASH/hf_MONASH_job005.root
SIGMAB_COUNTS tag=MONASH species=Sigma*_b0 pdg=5214 slice=eta_1_2 p=7 a=5 file=/data/alice/ipardoza/hadronization_production/HF_RUN3_V1/raw/MONASH/hf_MONASH_job005.root
SIGMAB_COUNTS tag=MONASH species=Sigma*_b0 pdg=5214 slice=eta_ge_2 p=33 a=27 file=/data/alice/ipardoza/hadronization_production/HF_RUN3_V1/raw/MONASH/hf_MONASH_job005.root
SIGMAB_COUNTS tag=MONASH species=Sigma*_b- pdg=5114 slice=all p=39 a=37 file=/data/alice/ipardoza/hadronization_production/HF_RUN3_V1/raw/MONASH/hf_MONASH_job005.root
SIGMAB_COUNTS tag=MONASH species=Sigma*_b- pdg=5114 slice=eta_lt_1 p=6 a=5 file=/data/alice/ipardoza/hadronization_production/HF_RUN3_V1/raw/MONASH/hf_MONASH_job005.root
SIGMAB_COUNTS tag=MONASH species=Sigma*_b- pdg=5114 slice=eta_1_2 p=12 a=10 file=/data/alice/ipardoza/hadronization_production/HF_RUN3_V1/raw/MONASH/hf_MONASH_job005.root
SIGMAB_COUNTS tag=MONASH species=Sigma*_b- pdg=5114 slice=eta_ge_2 p=21 a=22 file=/data/alice/ipardoza/hadronization_production/HF_RUN3_V1/raw/MONASH/hf_MONASH_job005.root
SIGMAB_COUNTS tag=MONASH species=Lambda_b0 pdg=5122 slice=all p=306 a=302 file=/data/alice/ipardoza/hadronization_production/HF_RUN3_V1/raw/MONASH/hf_MONASH_job005.root
SIGMAB_COUNTS tag=MONASH species=Lambda_b0 pdg=5122 slice=eta_lt_1 p=58 a=68 file=/data/alice/ipardoza/hadronization_production/HF_RUN3_V1/raw/MONASH/hf_MONASH_job005.root
SIGMAB_COUNTS tag=MONASH species=Lambda_b0 pdg=5122 slice=eta_1_2 p=65 a=60 file=/data/alice/ipardoza/hadronization_production/HF_RUN3_V1/raw/MONASH/hf_MONASH_job005.root
SIGMAB_COUNTS tag=MONASH species=Lambda_b0 pdg=5122 slice=eta_ge_2 p=183 a=174 file=/data/alice/ipardoza/hadronization_production/HF_RUN3_V1/raw/MONASH/hf_MONASH_job005.root
SIGMAB_COUNTS tag=MONASH species=Xi_b0 pdg=5232 slice=all p=49 a=59 file=/data/alice/ipardoza/hadronization_production/HF_RUN3_V1/raw/MONASH/hf_MONASH_job005.root
SIGMAB_COUNTS tag=MONASH species=Xi_b0 pdg=5232 slice=eta_lt_1 p=9 a=14 file=/data/alice/ipardoza/hadronization_production/HF_RUN3_V1/raw/MONASH/hf_MONASH_job005.root
SIGMAB_COUNTS tag=MONASH species=Xi_b0 pdg=5232 slice=eta_1_2 p=11 a=10 file=/data/alice/ipardoza/hadronization_production/HF_RUN3_V1/raw/MONASH/hf_MONASH_job005.root
SIGMAB_COUNTS tag=MONASH species=Xi_b0 pdg=5232 slice=eta_ge_2 p=29 a=35 file=/data/alice/ipardoza/hadronization_production/HF_RUN3_V1/raw/MONASH/hf_MONASH_job005.root
SIGMAB_COUNTS tag=MONASH species=Xi_b- pdg=5132 slice=all p=67 a=54 file=/data/alice/ipardoza/hadronization_production/HF_RUN3_V1/raw/MONASH/hf_MONASH_job005.root
SIGMAB_COUNTS tag=MONASH species=Xi_b- pdg=5132 slice=eta_lt_1 p=11 a=12 file=/data/alice/ipardoza/hadronization_production/HF_RUN3_V1/raw/MONASH/hf_MONASH_job005.root
SIGMAB_COUNTS tag=MONASH species=Xi_b- pdg=5132 slice=eta_1_2 p=14 a=12 file=/data/alice/ipardoza/hadronization_production/HF_RUN3_V1/raw/MONASH/hf_MONASH_job005.root
SIGMAB_COUNTS tag=MONASH species=Xi_b- pdg=5132 slice=eta_ge_2 p=42 a=30 file=/data/alice/ipardoza/hadronization_production/HF_RUN3_V1/raw/MONASH/hf_MONASH_job005.root
SIGMAB_COUNTS tag=MONASH species=Sigma_b+ pdg=5222 slice=all p=29 a=24 file=/data/alice/ipardoza/hadronization_production/HF_RUN3_V1/raw/MONASH/hf_MONASH_job006.root
SIGMAB_COUNTS tag=MONASH species=Sigma_b+ pdg=5222 slice=eta_lt_1 p=7 a=4 file=/data/alice/ipardoza/hadronization_production/HF_RUN3_V1/raw/MONASH/hf_MONASH_job006.root
SIGMAB_COUNTS tag=MONASH species=Sigma_b+ pdg=5222 slice=eta_1_2 p=5 a=4 file=/data/alice/ipardoza/hadronization_production/HF_RUN3_V1/raw/MONASH/hf_MONASH_job006.root
SIGMAB_COUNTS tag=MONASH species=Sigma_b+ pdg=5222 slice=eta_ge_2 p=17 a=16 file=/data/alice/ipardoza/hadronization_production/HF_RUN3_V1/raw/MONASH/hf_MONASH_job006.root
SIGMAB_COUNTS tag=MONASH species=Sigma_b0 pdg=5212 slice=all p=32 a=28 file=/data/alice/ipardoza/hadronization_production/HF_RUN3_V1/raw/MONASH/hf_MONASH_job006.root
SIGMAB_COUNTS tag=MONASH species=Sigma_b0 pdg=5212 slice=eta_lt_1 p=5 a=7 file=/data/alice/ipardoza/hadronization_production/HF_RUN3_V1/raw/MONASH/hf_MONASH_job006.root
SIGMAB_COUNTS tag=MONASH species=Sigma_b0 pdg=5212 slice=eta_1_2 p=8 a=7 file=/data/alice/ipardoza/hadronization_production/HF_RUN3_V1/raw/MONASH/hf_MONASH_job006.root
SIGMAB_COUNTS tag=MONASH species=Sigma_b0 pdg=5212 slice=eta_ge_2 p=19 a=14 file=/data/alice/ipardoza/hadronization_production/HF_RUN3_V1/raw/MONASH/hf_MONASH_job006.root
SIGMAB_COUNTS tag=MONASH species=Sigma_b- pdg=5112 slice=all p=50 a=17 file=/data/alice/ipardoza/hadronization_production/HF_RUN3_V1/raw/MONASH/hf_MONASH_job006.root
SIGMAB_COUNTS tag=MONASH species=Sigma_b- pdg=5112 slice=eta_lt_1 p=4 a=4 file=/data/alice/ipardoza/hadronization_production/HF_RUN3_V1/raw/MONASH/hf_MONASH_job006.root
SIGMAB_COUNTS tag=MONASH species=Sigma_b- pdg=5112 slice=eta_1_2 p=8 a=4 file=/data/alice/ipardoza/hadronization_production/HF_RUN3_V1/raw/MONASH/hf_MONASH_job006.root
SIGMAB_COUNTS tag=MONASH species=Sigma_b- pdg=5112 slice=eta_ge_2 p=38 a=9 file=/data/alice/ipardoza/hadronization_production/HF_RUN3_V1/raw/MONASH/hf_MONASH_job006.root
SIGMAB_COUNTS tag=MONASH species=Sigma*_b+ pdg=5224 slice=all p=36 a=44 file=/data/alice/ipardoza/hadronization_production/HF_RUN3_V1/raw/MONASH/hf_MONASH_job006.root
SIGMAB_COUNTS tag=MONASH species=Sigma*_b+ pdg=5224 slice=eta_lt_1 p=9 a=9 file=/data/alice/ipardoza/hadronization_production/HF_RUN3_V1/raw/MONASH/hf_MONASH_job006.root
SIGMAB_COUNTS tag=MONASH species=Sigma*_b+ pdg=5224 slice=eta_1_2 p=5 a=11 file=/data/alice/ipardoza/hadronization_production/HF_RUN3_V1/raw/MONASH/hf_MONASH_job006.root
SIGMAB_COUNTS tag=MONASH species=Sigma*_b+ pdg=5224 slice=eta_ge_2 p=22 a=24 file=/data/alice/ipardoza/hadronization_production/HF_RUN3_V1/raw/MONASH/hf_MONASH_job006.root
SIGMAB_COUNTS tag=MONASH species=Sigma*_b0 pdg=5214 slice=all p=50 a=62 file=/data/alice/ipardoza/hadronization_production/HF_RUN3_V1/raw/MONASH/hf_MONASH_job006.root
SIGMAB_COUNTS tag=MONASH species=Sigma*_b0 pdg=5214 slice=eta_lt_1 p=9 a=10 file=/data/alice/ipardoza/hadronization_production/HF_RUN3_V1/raw/MONASH/hf_MONASH_job006.root
SIGMAB_COUNTS tag=MONASH species=Sigma*_b0 pdg=5214 slice=eta_1_2 p=9 a=18 file=/data/alice/ipardoza/hadronization_production/HF_RUN3_V1/raw/MONASH/hf_MONASH_job006.root
SIGMAB_COUNTS tag=MONASH species=Sigma*_b0 pdg=5214 slice=eta_ge_2 p=32 a=34 file=/data/alice/ipardoza/hadronization_production/HF_RUN3_V1/raw/MONASH/hf_MONASH_job006.root
SIGMAB_COUNTS tag=MONASH species=Sigma*_b- pdg=5114 slice=all p=53 a=35 file=/data/alice/ipardoza/hadronization_production/HF_RUN3_V1/raw/MONASH/hf_MONASH_job006.root
SIGMAB_COUNTS tag=MONASH species=Sigma*_b- pdg=5114 slice=eta_lt_1 p=12 a=4 file=/data/alice/ipardoza/hadronization_production/HF_RUN3_V1/raw/MONASH/hf_MONASH_job006.root
SIGMAB_COUNTS tag=MONASH species=Sigma*_b- pdg=5114 slice=eta_1_2 p=7 a=5 file=/data/alice/ipardoza/hadronization_production/HF_RUN3_V1/raw/MONASH/hf_MONASH_job006.root
SIGMAB_COUNTS tag=MONASH species=Sigma*_b- pdg=5114 slice=eta_ge_2 p=34 a=26 file=/data/alice/ipardoza/hadronization_production/HF_RUN3_V1/raw/MONASH/hf_MONASH_job006.root
SIGMAB_COUNTS tag=MONASH species=Lambda_b0 pdg=5122 slice=all p=286 a=306 file=/data/alice/ipardoza/hadronization_production/HF_RUN3_V1/raw/MONASH/hf_MONASH_job006.root
SIGMAB_COUNTS tag=MONASH species=Lambda_b0 pdg=5122 slice=eta_lt_1 p=56 a=56 file=/data/alice/ipardoza/hadronization_production/HF_RUN3_V1/raw/MONASH/hf_MONASH_job006.root
SIGMAB_COUNTS tag=MONASH species=Lambda_b0 pdg=5122 slice=eta_1_2 p=52 a=63 file=/data/alice/ipardoza/hadronization_production/HF_RUN3_V1/raw/MONASH/hf_MONASH_job006.root
SIGMAB_COUNTS tag=MONASH species=Lambda_b0 pdg=5122 slice=eta_ge_2 p=178 a=187 file=/data/alice/ipardoza/hadronization_production/HF_RUN3_V1/raw/MONASH/hf_MONASH_job006.root
SIGMAB_COUNTS tag=MONASH species=Xi_b0 pdg=5232 slice=all p=61 a=57 file=/data/alice/ipardoza/hadronization_production/HF_RUN3_V1/raw/MONASH/hf_MONASH_job006.root
SIGMAB_COUNTS tag=MONASH species=Xi_b0 pdg=5232 slice=eta_lt_1 p=13 a=13 file=/data/alice/ipardoza/hadronization_production/HF_RUN3_V1/raw/MONASH/hf_MONASH_job006.root
SIGMAB_COUNTS tag=MONASH species=Xi_b0 pdg=5232 slice=eta_1_2 p=11 a=13 file=/data/alice/ipardoza/hadronization_production/HF_RUN3_V1/raw/MONASH/hf_MONASH_job006.root
SIGMAB_COUNTS tag=MONASH species=Xi_b0 pdg=5232 slice=eta_ge_2 p=37 a=31 file=/data/alice/ipardoza/hadronization_production/HF_RUN3_V1/raw/MONASH/hf_MONASH_job006.root
SIGMAB_COUNTS tag=MONASH species=Xi_b- pdg=5132 slice=all p=65 a=58 file=/data/alice/ipardoza/hadronization_production/HF_RUN3_V1/raw/MONASH/hf_MONASH_job006.root
SIGMAB_COUNTS tag=MONASH species=Xi_b- pdg=5132 slice=eta_lt_1 p=13 a=11 file=/data/alice/ipardoza/hadronization_production/HF_RUN3_V1/raw/MONASH/hf_MONASH_job006.root
SIGMAB_COUNTS tag=MONASH species=Xi_b- pdg=5132 slice=eta_1_2 p=8 a=15 file=/data/alice/ipardoza/hadronization_production/HF_RUN3_V1/raw/MONASH/hf_MONASH_job006.root
SIGMAB_COUNTS tag=MONASH species=Xi_b- pdg=5132 slice=eta_ge_2 p=44 a=32 file=/data/alice/ipardoza/hadronization_production/HF_RUN3_V1/raw/MONASH/hf_MONASH_job006.root
SIGMAB_COUNTS tag=MONASH species=Sigma_b+ pdg=5222 slice=all p=33 a=21 file=/data/alice/ipardoza/hadronization_production/HF_RUN3_V1/raw/MONASH/hf_MONASH_job007.root
SIGMAB_COUNTS tag=MONASH species=Sigma_b+ pdg=5222 slice=eta_lt_1 p=4 a=2 file=/data/alice/ipardoza/hadronization_production/HF_RUN3_V1/raw/MONASH/hf_MONASH_job007.root
SIGMAB_COUNTS tag=MONASH species=Sigma_b+ pdg=5222 slice=eta_1_2 p=3 a=5 file=/data/alice/ipardoza/hadronization_production/HF_RUN3_V1/raw/MONASH/hf_MONASH_job007.root
SIGMAB_COUNTS tag=MONASH species=Sigma_b+ pdg=5222 slice=eta_ge_2 p=26 a=14 file=/data/alice/ipardoza/hadronization_production/HF_RUN3_V1/raw/MONASH/hf_MONASH_job007.root
SIGMAB_COUNTS tag=MONASH species=Sigma_b0 pdg=5212 slice=all p=31 a=29 file=/data/alice/ipardoza/hadronization_production/HF_RUN3_V1/raw/MONASH/hf_MONASH_job007.root
SIGMAB_COUNTS tag=MONASH species=Sigma_b0 pdg=5212 slice=eta_lt_1 p=6 a=5 file=/data/alice/ipardoza/hadronization_production/HF_RUN3_V1/raw/MONASH/hf_MONASH_job007.root
SIGMAB_COUNTS tag=MONASH species=Sigma_b0 pdg=5212 slice=eta_1_2 p=5 a=8 file=/data/alice/ipardoza/hadronization_production/HF_RUN3_V1/raw/MONASH/hf_MONASH_job007.root
SIGMAB_COUNTS tag=MONASH species=Sigma_b0 pdg=5212 slice=eta_ge_2 p=20 a=16 file=/data/alice/ipardoza/hadronization_production/HF_RUN3_V1/raw/MONASH/hf_MONASH_job007.root
SIGMAB_COUNTS tag=MONASH species=Sigma_b- pdg=5112 slice=all p=42 a=23 file=/data/alice/ipardoza/hadronization_production/HF_RUN3_V1/raw/MONASH/hf_MONASH_job007.root
SIGMAB_COUNTS tag=MONASH species=Sigma_b- pdg=5112 slice=eta_lt_1 p=7 a=3 file=/data/alice/ipardoza/hadronization_production/HF_RUN3_V1/raw/MONASH/hf_MONASH_job007.root
SIGMAB_COUNTS tag=MONASH species=Sigma_b- pdg=5112 slice=eta_1_2 p=9 a=4 file=/data/alice/ipardoza/hadronization_production/HF_RUN3_V1/raw/MONASH/hf_MONASH_job007.root
SIGMAB_COUNTS tag=MONASH species=Sigma_b- pdg=5112 slice=eta_ge_2 p=26 a=16 file=/data/alice/ipardoza/hadronization_production/HF_RUN3_V1/raw/MONASH/hf_MONASH_job007.root
SIGMAB_COUNTS tag=MONASH species=Sigma*_b+ pdg=5224 slice=all p=47 a=40 file=/data/alice/ipardoza/hadronization_production/HF_RUN3_V1/raw/MONASH/hf_MONASH_job007.root
SIGMAB_COUNTS tag=MONASH species=Sigma*_b+ pdg=5224 slice=eta_lt_1 p=9 a=7 file=/data/alice/ipardoza/hadronization_production/HF_RUN3_V1/raw/MONASH/hf_MONASH_job007.root
SIGMAB_COUNTS tag=MONASH species=Sigma*_b+ pdg=5224 slice=eta_1_2 p=9 a=7 file=/data/alice/ipardoza/hadronization_production/HF_RUN3_V1/raw/MONASH/hf_MONASH_job007.root
SIGMAB_COUNTS tag=MONASH species=Sigma*_b+ pdg=5224 slice=eta_ge_2 p=29 a=26 file=/data/alice/ipardoza/hadronization_production/HF_RUN3_V1/raw/MONASH/hf_MONASH_job007.root
SIGMAB_COUNTS tag=MONASH species=Sigma*_b0 pdg=5214 slice=all p=48 a=27 file=/data/alice/ipardoza/hadronization_production/HF_RUN3_V1/raw/MONASH/hf_MONASH_job007.root
SIGMAB_COUNTS tag=MONASH species=Sigma*_b0 pdg=5214 slice=eta_lt_1 p=6 a=5 file=/data/alice/ipardoza/hadronization_production/HF_RUN3_V1/raw/MONASH/hf_MONASH_job007.root
SIGMAB_COUNTS tag=MONASH species=Sigma*_b0 pdg=5214 slice=eta_1_2 p=9 a=7 file=/data/alice/ipardoza/hadronization_production/HF_RUN3_V1/raw/MONASH/hf_MONASH_job007.root
SIGMAB_COUNTS tag=MONASH species=Sigma*_b0 pdg=5214 slice=eta_ge_2 p=33 a=15 file=/data/alice/ipardoza/hadronization_production/HF_RUN3_V1/raw/MONASH/hf_MONASH_job007.root
SIGMAB_COUNTS tag=MONASH species=Sigma*_b- pdg=5114 slice=all p=62 a=45 file=/data/alice/ipardoza/hadronization_production/HF_RUN3_V1/raw/MONASH/hf_MONASH_job007.root
SIGMAB_COUNTS tag=MONASH species=Sigma*_b- pdg=5114 slice=eta_lt_1 p=15 a=9 file=/data/alice/ipardoza/hadronization_production/HF_RUN3_V1/raw/MONASH/hf_MONASH_job007.root
SIGMAB_COUNTS tag=MONASH species=Sigma*_b- pdg=5114 slice=eta_1_2 p=11 a=10 file=/data/alice/ipardoza/hadronization_production/HF_RUN3_V1/raw/MONASH/hf_MONASH_job007.root
SIGMAB_COUNTS tag=MONASH species=Sigma*_b- pdg=5114 slice=eta_ge_2 p=36 a=26 file=/data/alice/ipardoza/hadronization_production/HF_RUN3_V1/raw/MONASH/hf_MONASH_job007.root
SIGMAB_COUNTS tag=MONASH species=Lambda_b0 pdg=5122 slice=all p=303 a=329 file=/data/alice/ipardoza/hadronization_production/HF_RUN3_V1/raw/MONASH/hf_MONASH_job007.root
SIGMAB_COUNTS tag=MONASH species=Lambda_b0 pdg=5122 slice=eta_lt_1 p=50 a=59 file=/data/alice/ipardoza/hadronization_production/HF_RUN3_V1/raw/MONASH/hf_MONASH_job007.root
SIGMAB_COUNTS tag=MONASH species=Lambda_b0 pdg=5122 slice=eta_1_2 p=81 a=61 file=/data/alice/ipardoza/hadronization_production/HF_RUN3_V1/raw/MONASH/hf_MONASH_job007.root
SIGMAB_COUNTS tag=MONASH species=Lambda_b0 pdg=5122 slice=eta_ge_2 p=172 a=209 file=/data/alice/ipardoza/hadronization_production/HF_RUN3_V1/raw/MONASH/hf_MONASH_job007.root
SIGMAB_COUNTS tag=MONASH species=Xi_b0 pdg=5232 slice=all p=50 a=58 file=/data/alice/ipardoza/hadronization_production/HF_RUN3_V1/raw/MONASH/hf_MONASH_job007.root
SIGMAB_COUNTS tag=MONASH species=Xi_b0 pdg=5232 slice=eta_lt_1 p=8 a=6 file=/data/alice/ipardoza/hadronization_production/HF_RUN3_V1/raw/MONASH/hf_MONASH_job007.root
SIGMAB_COUNTS tag=MONASH species=Xi_b0 pdg=5232 slice=eta_1_2 p=15 a=11 file=/data/alice/ipardoza/hadronization_production/HF_RUN3_V1/raw/MONASH/hf_MONASH_job007.root
SIGMAB_COUNTS tag=MONASH species=Xi_b0 pdg=5232 slice=eta_ge_2 p=27 a=41 file=/data/alice/ipardoza/hadronization_production/HF_RUN3_V1/raw/MONASH/hf_MONASH_job007.root
SIGMAB_COUNTS tag=MONASH species=Xi_b- pdg=5132 slice=all p=57 a=49 file=/data/alice/ipardoza/hadronization_production/HF_RUN3_V1/raw/MONASH/hf_MONASH_job007.root
SIGMAB_COUNTS tag=MONASH species=Xi_b- pdg=5132 slice=eta_lt_1 p=12 a=10 file=/data/alice/ipardoza/hadronization_production/HF_RUN3_V1/raw/MONASH/hf_MONASH_job007.root
SIGMAB_COUNTS tag=MONASH species=Xi_b- pdg=5132 slice=eta_1_2 p=8 a=11 file=/data/alice/ipardoza/hadronization_production/HF_RUN3_V1/raw/MONASH/hf_MONASH_job007.root
SIGMAB_COUNTS tag=MONASH species=Xi_b- pdg=5132 slice=eta_ge_2 p=37 a=28 file=/data/alice/ipardoza/hadronization_production/HF_RUN3_V1/raw/MONASH/hf_MONASH_job007.root
SIGMAB_COUNTS tag=MONASH species=Sigma_b+ pdg=5222 slice=all p=30 a=28 file=/data/alice/ipardoza/hadronization_production/HF_RUN3_V1/raw/MONASH/hf_MONASH_job008.root
SIGMAB_COUNTS tag=MONASH species=Sigma_b+ pdg=5222 slice=eta_lt_1 p=6 a=1 file=/data/alice/ipardoza/hadronization_production/HF_RUN3_V1/raw/MONASH/hf_MONASH_job008.root
SIGMAB_COUNTS tag=MONASH species=Sigma_b+ pdg=5222 slice=eta_1_2 p=5 a=7 file=/data/alice/ipardoza/hadronization_production/HF_RUN3_V1/raw/MONASH/hf_MONASH_job008.root
SIGMAB_COUNTS tag=MONASH species=Sigma_b+ pdg=5222 slice=eta_ge_2 p=19 a=20 file=/data/alice/ipardoza/hadronization_production/HF_RUN3_V1/raw/MONASH/hf_MONASH_job008.root
SIGMAB_COUNTS tag=MONASH species=Sigma_b0 pdg=5212 slice=all p=40 a=18 file=/data/alice/ipardoza/hadronization_production/HF_RUN3_V1/raw/MONASH/hf_MONASH_job008.root
SIGMAB_COUNTS tag=MONASH species=Sigma_b0 pdg=5212 slice=eta_lt_1 p=3 a=3 file=/data/alice/ipardoza/hadronization_production/HF_RUN3_V1/raw/MONASH/hf_MONASH_job008.root
SIGMAB_COUNTS tag=MONASH species=Sigma_b0 pdg=5212 slice=eta_1_2 p=9 a=4 file=/data/alice/ipardoza/hadronization_production/HF_RUN3_V1/raw/MONASH/hf_MONASH_job008.root
SIGMAB_COUNTS tag=MONASH species=Sigma_b0 pdg=5212 slice=eta_ge_2 p=28 a=11 file=/data/alice/ipardoza/hadronization_production/HF_RUN3_V1/raw/MONASH/hf_MONASH_job008.root
SIGMAB_COUNTS tag=MONASH species=Sigma_b- pdg=5112 slice=all p=43 a=27 file=/data/alice/ipardoza/hadronization_production/HF_RUN3_V1/raw/MONASH/hf_MONASH_job008.root
SIGMAB_COUNTS tag=MONASH species=Sigma_b- pdg=5112 slice=eta_lt_1 p=9 a=6 file=/data/alice/ipardoza/hadronization_production/HF_RUN3_V1/raw/MONASH/hf_MONASH_job008.root
SIGMAB_COUNTS tag=MONASH species=Sigma_b- pdg=5112 slice=eta_1_2 p=5 a=5 file=/data/alice/ipardoza/hadronization_production/HF_RUN3_V1/raw/MONASH/hf_MONASH_job008.root
SIGMAB_COUNTS tag=MONASH species=Sigma_b- pdg=5112 slice=eta_ge_2 p=29 a=16 file=/data/alice/ipardoza/hadronization_production/HF_RUN3_V1/raw/MONASH/hf_MONASH_job008.root
SIGMAB_COUNTS tag=MONASH species=Sigma*_b+ pdg=5224 slice=all p=43 a=40 file=/data/alice/ipardoza/hadronization_production/HF_RUN3_V1/raw/MONASH/hf_MONASH_job008.root
SIGMAB_COUNTS tag=MONASH species=Sigma*_b+ pdg=5224 slice=eta_lt_1 p=12 a=12 file=/data/alice/ipardoza/hadronization_production/HF_RUN3_V1/raw/MONASH/hf_MONASH_job008.root
SIGMAB_COUNTS tag=MONASH species=Sigma*_b+ pdg=5224 slice=eta_1_2 p=6 a=8 file=/data/alice/ipardoza/hadronization_production/HF_RUN3_V1/raw/MONASH/hf_MONASH_job008.root
SIGMAB_COUNTS tag=MONASH species=Sigma*_b+ pdg=5224 slice=eta_ge_2 p=25 a=20 file=/data/alice/ipardoza/hadronization_production/HF_RUN3_V1/raw/MONASH/hf_MONASH_job008.root
SIGMAB_COUNTS tag=MONASH species=Sigma*_b0 pdg=5214 slice=all p=53 a=36 file=/data/alice/ipardoza/hadronization_production/HF_RUN3_V1/raw/MONASH/hf_MONASH_job008.root
SIGMAB_COUNTS tag=MONASH species=Sigma*_b0 pdg=5214 slice=eta_lt_1 p=8 a=11 file=/data/alice/ipardoza/hadronization_production/HF_RUN3_V1/raw/MONASH/hf_MONASH_job008.root
SIGMAB_COUNTS tag=MONASH species=Sigma*_b0 pdg=5214 slice=eta_1_2 p=11 a=8 file=/data/alice/ipardoza/hadronization_production/HF_RUN3_V1/raw/MONASH/hf_MONASH_job008.root
SIGMAB_COUNTS tag=MONASH species=Sigma*_b0 pdg=5214 slice=eta_ge_2 p=34 a=17 file=/data/alice/ipardoza/hadronization_production/HF_RUN3_V1/raw/MONASH/hf_MONASH_job008.root
SIGMAB_COUNTS tag=MONASH species=Sigma*_b- pdg=5114 slice=all p=57 a=49 file=/data/alice/ipardoza/hadronization_production/HF_RUN3_V1/raw/MONASH/hf_MONASH_job008.root
SIGMAB_COUNTS tag=MONASH species=Sigma*_b- pdg=5114 slice=eta_lt_1 p=9 a=4 file=/data/alice/ipardoza/hadronization_production/HF_RUN3_V1/raw/MONASH/hf_MONASH_job008.root
SIGMAB_COUNTS tag=MONASH species=Sigma*_b- pdg=5114 slice=eta_1_2 p=13 a=11 file=/data/alice/ipardoza/hadronization_production/HF_RUN3_V1/raw/MONASH/hf_MONASH_job008.root
SIGMAB_COUNTS tag=MONASH species=Sigma*_b- pdg=5114 slice=eta_ge_2 p=35 a=34 file=/data/alice/ipardoza/hadronization_production/HF_RUN3_V1/raw/MONASH/hf_MONASH_job008.root
SIGMAB_COUNTS tag=MONASH species=Lambda_b0 pdg=5122 slice=all p=314 a=343 file=/data/alice/ipardoza/hadronization_production/HF_RUN3_V1/raw/MONASH/hf_MONASH_job008.root
SIGMAB_COUNTS tag=MONASH species=Lambda_b0 pdg=5122 slice=eta_lt_1 p=53 a=52 file=/data/alice/ipardoza/hadronization_production/HF_RUN3_V1/raw/MONASH/hf_MONASH_job008.root
SIGMAB_COUNTS tag=MONASH species=Lambda_b0 pdg=5122 slice=eta_1_2 p=66 a=86 file=/data/alice/ipardoza/hadronization_production/HF_RUN3_V1/raw/MONASH/hf_MONASH_job008.root
SIGMAB_COUNTS tag=MONASH species=Lambda_b0 pdg=5122 slice=eta_ge_2 p=195 a=205 file=/data/alice/ipardoza/hadronization_production/HF_RUN3_V1/raw/MONASH/hf_MONASH_job008.root
SIGMAB_COUNTS tag=MONASH species=Xi_b0 pdg=5232 slice=all p=54 a=60 file=/data/alice/ipardoza/hadronization_production/HF_RUN3_V1/raw/MONASH/hf_MONASH_job008.root
SIGMAB_COUNTS tag=MONASH species=Xi_b0 pdg=5232 slice=eta_lt_1 p=17 a=11 file=/data/alice/ipardoza/hadronization_production/HF_RUN3_V1/raw/MONASH/hf_MONASH_job008.root
SIGMAB_COUNTS tag=MONASH species=Xi_b0 pdg=5232 slice=eta_1_2 p=7 a=12 file=/data/alice/ipardoza/hadronization_production/HF_RUN3_V1/raw/MONASH/hf_MONASH_job008.root
SIGMAB_COUNTS tag=MONASH species=Xi_b0 pdg=5232 slice=eta_ge_2 p=30 a=37 file=/data/alice/ipardoza/hadronization_production/HF_RUN3_V1/raw/MONASH/hf_MONASH_job008.root
SIGMAB_COUNTS tag=MONASH species=Xi_b- pdg=5132 slice=all p=55 a=58 file=/data/alice/ipardoza/hadronization_production/HF_RUN3_V1/raw/MONASH/hf_MONASH_job008.root
SIGMAB_COUNTS tag=MONASH species=Xi_b- pdg=5132 slice=eta_lt_1 p=14 a=9 file=/data/alice/ipardoza/hadronization_production/HF_RUN3_V1/raw/MONASH/hf_MONASH_job008.root
SIGMAB_COUNTS tag=MONASH species=Xi_b- pdg=5132 slice=eta_1_2 p=13 a=12 file=/data/alice/ipardoza/hadronization_production/HF_RUN3_V1/raw/MONASH/hf_MONASH_job008.root
SIGMAB_COUNTS tag=MONASH species=Xi_b- pdg=5132 slice=eta_ge_2 p=28 a=37 file=/data/alice/ipardoza/hadronization_production/HF_RUN3_V1/raw/MONASH/hf_MONASH_job008.root
SIGMAB_COUNTS tag=MONASH species=Sigma_b+ pdg=5222 slice=all p=30 a=20 file=/data/alice/ipardoza/hadronization_production/HF_RUN3_V1/raw/MONASH/hf_MONASH_job009.root
SIGMAB_COUNTS tag=MONASH species=Sigma_b+ pdg=5222 slice=eta_lt_1 p=5 a=6 file=/data/alice/ipardoza/hadronization_production/HF_RUN3_V1/raw/MONASH/hf_MONASH_job009.root
SIGMAB_COUNTS tag=MONASH species=Sigma_b+ pdg=5222 slice=eta_1_2 p=3 a=3 file=/data/alice/ipardoza/hadronization_production/HF_RUN3_V1/raw/MONASH/hf_MONASH_job009.root
SIGMAB_COUNTS tag=MONASH species=Sigma_b+ pdg=5222 slice=eta_ge_2 p=22 a=11 file=/data/alice/ipardoza/hadronization_production/HF_RUN3_V1/raw/MONASH/hf_MONASH_job009.root
SIGMAB_COUNTS tag=MONASH species=Sigma_b0 pdg=5212 slice=all p=29 a=11 file=/data/alice/ipardoza/hadronization_production/HF_RUN3_V1/raw/MONASH/hf_MONASH_job009.root
SIGMAB_COUNTS tag=MONASH species=Sigma_b0 pdg=5212 slice=eta_lt_1 p=3 a=2 file=/data/alice/ipardoza/hadronization_production/HF_RUN3_V1/raw/MONASH/hf_MONASH_job009.root
SIGMAB_COUNTS tag=MONASH species=Sigma_b0 pdg=5212 slice=eta_1_2 p=7 a=2 file=/data/alice/ipardoza/hadronization_production/HF_RUN3_V1/raw/MONASH/hf_MONASH_job009.root
SIGMAB_COUNTS tag=MONASH species=Sigma_b0 pdg=5212 slice=eta_ge_2 p=19 a=7 file=/data/alice/ipardoza/hadronization_production/HF_RUN3_V1/raw/MONASH/hf_MONASH_job009.root
SIGMAB_COUNTS tag=MONASH species=Sigma_b- pdg=5112 slice=all p=32 a=15 file=/data/alice/ipardoza/hadronization_production/HF_RUN3_V1/raw/MONASH/hf_MONASH_job009.root
SIGMAB_COUNTS tag=MONASH species=Sigma_b- pdg=5112 slice=eta_lt_1 p=7 a=0 file=/data/alice/ipardoza/hadronization_production/HF_RUN3_V1/raw/MONASH/hf_MONASH_job009.root
SIGMAB_COUNTS tag=MONASH species=Sigma_b- pdg=5112 slice=eta_1_2 p=4 a=2 file=/data/alice/ipardoza/hadronization_production/HF_RUN3_V1/raw/MONASH/hf_MONASH_job009.root
SIGMAB_COUNTS tag=MONASH species=Sigma_b- pdg=5112 slice=eta_ge_2 p=21 a=13 file=/data/alice/ipardoza/hadronization_production/HF_RUN3_V1/raw/MONASH/hf_MONASH_job009.root
SIGMAB_COUNTS tag=MONASH species=Sigma*_b+ pdg=5224 slice=all p=64 a=34 file=/data/alice/ipardoza/hadronization_production/HF_RUN3_V1/raw/MONASH/hf_MONASH_job009.root
SIGMAB_COUNTS tag=MONASH species=Sigma*_b+ pdg=5224 slice=eta_lt_1 p=7 a=9 file=/data/alice/ipardoza/hadronization_production/HF_RUN3_V1/raw/MONASH/hf_MONASH_job009.root
SIGMAB_COUNTS tag=MONASH species=Sigma*_b+ pdg=5224 slice=eta_1_2 p=9 a=13 file=/data/alice/ipardoza/hadronization_production/HF_RUN3_V1/raw/MONASH/hf_MONASH_job009.root
SIGMAB_COUNTS tag=MONASH species=Sigma*_b+ pdg=5224 slice=eta_ge_2 p=48 a=12 file=/data/alice/ipardoza/hadronization_production/HF_RUN3_V1/raw/MONASH/hf_MONASH_job009.root
SIGMAB_COUNTS tag=MONASH species=Sigma*_b0 pdg=5214 slice=all p=59 a=45 file=/data/alice/ipardoza/hadronization_production/HF_RUN3_V1/raw/MONASH/hf_MONASH_job009.root
SIGMAB_COUNTS tag=MONASH species=Sigma*_b0 pdg=5214 slice=eta_lt_1 p=11 a=8 file=/data/alice/ipardoza/hadronization_production/HF_RUN3_V1/raw/MONASH/hf_MONASH_job009.root
SIGMAB_COUNTS tag=MONASH species=Sigma*_b0 pdg=5214 slice=eta_1_2 p=10 a=11 file=/data/alice/ipardoza/hadronization_production/HF_RUN3_V1/raw/MONASH/hf_MONASH_job009.root
SIGMAB_COUNTS tag=MONASH species=Sigma*_b0 pdg=5214 slice=eta_ge_2 p=38 a=26 file=/data/alice/ipardoza/hadronization_production/HF_RUN3_V1/raw/MONASH/hf_MONASH_job009.root
SIGMAB_COUNTS tag=MONASH species=Sigma*_b- pdg=5114 slice=all p=47 a=51 file=/data/alice/ipardoza/hadronization_production/HF_RUN3_V1/raw/MONASH/hf_MONASH_job009.root
SIGMAB_COUNTS tag=MONASH species=Sigma*_b- pdg=5114 slice=eta_lt_1 p=11 a=6 file=/data/alice/ipardoza/hadronization_production/HF_RUN3_V1/raw/MONASH/hf_MONASH_job009.root
SIGMAB_COUNTS tag=MONASH species=Sigma*_b- pdg=5114 slice=eta_1_2 p=9 a=9 file=/data/alice/ipardoza/hadronization_production/HF_RUN3_V1/raw/MONASH/hf_MONASH_job009.root
SIGMAB_COUNTS tag=MONASH species=Sigma*_b- pdg=5114 slice=eta_ge_2 p=27 a=36 file=/data/alice/ipardoza/hadronization_production/HF_RUN3_V1/raw/MONASH/hf_MONASH_job009.root
SIGMAB_COUNTS tag=MONASH species=Lambda_b0 pdg=5122 slice=all p=334 a=295 file=/data/alice/ipardoza/hadronization_production/HF_RUN3_V1/raw/MONASH/hf_MONASH_job009.root
SIGMAB_COUNTS tag=MONASH species=Lambda_b0 pdg=5122 slice=eta_lt_1 p=61 a=57 file=/data/alice/ipardoza/hadronization_production/HF_RUN3_V1/raw/MONASH/hf_MONASH_job009.root
SIGMAB_COUNTS tag=MONASH species=Lambda_b0 pdg=5122 slice=eta_1_2 p=61 a=65 file=/data/alice/ipardoza/hadronization_production/HF_RUN3_V1/raw/MONASH/hf_MONASH_job009.root
SIGMAB_COUNTS tag=MONASH species=Lambda_b0 pdg=5122 slice=eta_ge_2 p=212 a=173 file=/data/alice/ipardoza/hadronization_production/HF_RUN3_V1/raw/MONASH/hf_MONASH_job009.root
SIGMAB_COUNTS tag=MONASH species=Xi_b0 pdg=5232 slice=all p=64 a=58 file=/data/alice/ipardoza/hadronization_production/HF_RUN3_V1/raw/MONASH/hf_MONASH_job009.root
SIGMAB_COUNTS tag=MONASH species=Xi_b0 pdg=5232 slice=eta_lt_1 p=10 a=6 file=/data/alice/ipardoza/hadronization_production/HF_RUN3_V1/raw/MONASH/hf_MONASH_job009.root
SIGMAB_COUNTS tag=MONASH species=Xi_b0 pdg=5232 slice=eta_1_2 p=13 a=19 file=/data/alice/ipardoza/hadronization_production/HF_RUN3_V1/raw/MONASH/hf_MONASH_job009.root
SIGMAB_COUNTS tag=MONASH species=Xi_b0 pdg=5232 slice=eta_ge_2 p=41 a=33 file=/data/alice/ipardoza/hadronization_production/HF_RUN3_V1/raw/MONASH/hf_MONASH_job009.root
SIGMAB_COUNTS tag=MONASH species=Xi_b- pdg=5132 slice=all p=66 a=64 file=/data/alice/ipardoza/hadronization_production/HF_RUN3_V1/raw/MONASH/hf_MONASH_job009.root
SIGMAB_COUNTS tag=MONASH species=Xi_b- pdg=5132 slice=eta_lt_1 p=13 a=12 file=/data/alice/ipardoza/hadronization_production/HF_RUN3_V1/raw/MONASH/hf_MONASH_job009.root
SIGMAB_COUNTS tag=MONASH species=Xi_b- pdg=5132 slice=eta_1_2 p=16 a=12 file=/data/alice/ipardoza/hadronization_production/HF_RUN3_V1/raw/MONASH/hf_MONASH_job009.root
SIGMAB_COUNTS tag=MONASH species=Xi_b- pdg=5132 slice=eta_ge_2 p=37 a=40 file=/data/alice/ipardoza/hadronization_production/HF_RUN3_V1/raw/MONASH/hf_MONASH_job009.root
SIGMAB_COUNTS tag=MONASH species=Sigma_b+ pdg=5222 slice=all p=37 a=23 file=/data/alice/ipardoza/hadronization_production/HF_RUN3_V1/raw/MONASH/hf_MONASH_job010.root
SIGMAB_COUNTS tag=MONASH species=Sigma_b+ pdg=5222 slice=eta_lt_1 p=11 a=7 file=/data/alice/ipardoza/hadronization_production/HF_RUN3_V1/raw/MONASH/hf_MONASH_job010.root
SIGMAB_COUNTS tag=MONASH species=Sigma_b+ pdg=5222 slice=eta_1_2 p=5 a=5 file=/data/alice/ipardoza/hadronization_production/HF_RUN3_V1/raw/MONASH/hf_MONASH_job010.root
SIGMAB_COUNTS tag=MONASH species=Sigma_b+ pdg=5222 slice=eta_ge_2 p=21 a=11 file=/data/alice/ipardoza/hadronization_production/HF_RUN3_V1/raw/MONASH/hf_MONASH_job010.root
SIGMAB_COUNTS tag=MONASH species=Sigma_b0 pdg=5212 slice=all p=36 a=17 file=/data/alice/ipardoza/hadronization_production/HF_RUN3_V1/raw/MONASH/hf_MONASH_job010.root
SIGMAB_COUNTS tag=MONASH species=Sigma_b0 pdg=5212 slice=eta_lt_1 p=6 a=2 file=/data/alice/ipardoza/hadronization_production/HF_RUN3_V1/raw/MONASH/hf_MONASH_job010.root
SIGMAB_COUNTS tag=MONASH species=Sigma_b0 pdg=5212 slice=eta_1_2 p=6 a=6 file=/data/alice/ipardoza/hadronization_production/HF_RUN3_V1/raw/MONASH/hf_MONASH_job010.root
SIGMAB_COUNTS tag=MONASH species=Sigma_b0 pdg=5212 slice=eta_ge_2 p=24 a=9 file=/data/alice/ipardoza/hadronization_production/HF_RUN3_V1/raw/MONASH/hf_MONASH_job010.root
SIGMAB_COUNTS tag=MONASH species=Sigma_b- pdg=5112 slice=all p=29 a=20 file=/data/alice/ipardoza/hadronization_production/HF_RUN3_V1/raw/MONASH/hf_MONASH_job010.root
SIGMAB_COUNTS tag=MONASH species=Sigma_b- pdg=5112 slice=eta_lt_1 p=5 a=1 file=/data/alice/ipardoza/hadronization_production/HF_RUN3_V1/raw/MONASH/hf_MONASH_job010.root
SIGMAB_COUNTS tag=MONASH species=Sigma_b- pdg=5112 slice=eta_1_2 p=6 a=3 file=/data/alice/ipardoza/hadronization_production/HF_RUN3_V1/raw/MONASH/hf_MONASH_job010.root
SIGMAB_COUNTS tag=MONASH species=Sigma_b- pdg=5112 slice=eta_ge_2 p=18 a=16 file=/data/alice/ipardoza/hadronization_production/HF_RUN3_V1/raw/MONASH/hf_MONASH_job010.root
SIGMAB_COUNTS tag=MONASH species=Sigma*_b+ pdg=5224 slice=all p=43 a=41 file=/data/alice/ipardoza/hadronization_production/HF_RUN3_V1/raw/MONASH/hf_MONASH_job010.root
SIGMAB_COUNTS tag=MONASH species=Sigma*_b+ pdg=5224 slice=eta_lt_1 p=7 a=10 file=/data/alice/ipardoza/hadronization_production/HF_RUN3_V1/raw/MONASH/hf_MONASH_job010.root
SIGMAB_COUNTS tag=MONASH species=Sigma*_b+ pdg=5224 slice=eta_1_2 p=10 a=8 file=/data/alice/ipardoza/hadronization_production/HF_RUN3_V1/raw/MONASH/hf_MONASH_job010.root
SIGMAB_COUNTS tag=MONASH species=Sigma*_b+ pdg=5224 slice=eta_ge_2 p=26 a=23 file=/data/alice/ipardoza/hadronization_production/HF_RUN3_V1/raw/MONASH/hf_MONASH_job010.root
SIGMAB_COUNTS tag=MONASH species=Sigma*_b0 pdg=5214 slice=all p=50 a=39 file=/data/alice/ipardoza/hadronization_production/HF_RUN3_V1/raw/MONASH/hf_MONASH_job010.root
SIGMAB_COUNTS tag=MONASH species=Sigma*_b0 pdg=5214 slice=eta_lt_1 p=7 a=4 file=/data/alice/ipardoza/hadronization_production/HF_RUN3_V1/raw/MONASH/hf_MONASH_job010.root
SIGMAB_COUNTS tag=MONASH species=Sigma*_b0 pdg=5214 slice=eta_1_2 p=9 a=10 file=/data/alice/ipardoza/hadronization_production/HF_RUN3_V1/raw/MONASH/hf_MONASH_job010.root
SIGMAB_COUNTS tag=MONASH species=Sigma*_b0 pdg=5214 slice=eta_ge_2 p=34 a=25 file=/data/alice/ipardoza/hadronization_production/HF_RUN3_V1/raw/MONASH/hf_MONASH_job010.root
SIGMAB_COUNTS tag=MONASH species=Sigma*_b- pdg=5114 slice=all p=39 a=40 file=/data/alice/ipardoza/hadronization_production/HF_RUN3_V1/raw/MONASH/hf_MONASH_job010.root
SIGMAB_COUNTS tag=MONASH species=Sigma*_b- pdg=5114 slice=eta_lt_1 p=11 a=11 file=/data/alice/ipardoza/hadronization_production/HF_RUN3_V1/raw/MONASH/hf_MONASH_job010.root
SIGMAB_COUNTS tag=MONASH species=Sigma*_b- pdg=5114 slice=eta_1_2 p=11 a=8 file=/data/alice/ipardoza/hadronization_production/HF_RUN3_V1/raw/MONASH/hf_MONASH_job010.root
SIGMAB_COUNTS tag=MONASH species=Sigma*_b- pdg=5114 slice=eta_ge_2 p=17 a=21 file=/data/alice/ipardoza/hadronization_production/HF_RUN3_V1/raw/MONASH/hf_MONASH_job010.root
SIGMAB_COUNTS tag=MONASH species=Lambda_b0 pdg=5122 slice=all p=289 a=322 file=/data/alice/ipardoza/hadronization_production/HF_RUN3_V1/raw/MONASH/hf_MONASH_job010.root
SIGMAB_COUNTS tag=MONASH species=Lambda_b0 pdg=5122 slice=eta_lt_1 p=58 a=55 file=/data/alice/ipardoza/hadronization_production/HF_RUN3_V1/raw/MONASH/hf_MONASH_job010.root
SIGMAB_COUNTS tag=MONASH species=Lambda_b0 pdg=5122 slice=eta_1_2 p=73 a=77 file=/data/alice/ipardoza/hadronization_production/HF_RUN3_V1/raw/MONASH/hf_MONASH_job010.root
SIGMAB_COUNTS tag=MONASH species=Lambda_b0 pdg=5122 slice=eta_ge_2 p=158 a=190 file=/data/alice/ipardoza/hadronization_production/HF_RUN3_V1/raw/MONASH/hf_MONASH_job010.root
SIGMAB_COUNTS tag=MONASH species=Xi_b0 pdg=5232 slice=all p=48 a=44 file=/data/alice/ipardoza/hadronization_production/HF_RUN3_V1/raw/MONASH/hf_MONASH_job010.root
SIGMAB_COUNTS tag=MONASH species=Xi_b0 pdg=5232 slice=eta_lt_1 p=8 a=8 file=/data/alice/ipardoza/hadronization_production/HF_RUN3_V1/raw/MONASH/hf_MONASH_job010.root
SIGMAB_COUNTS tag=MONASH species=Xi_b0 pdg=5232 slice=eta_1_2 p=11 a=8 file=/data/alice/ipardoza/hadronization_production/HF_RUN3_V1/raw/MONASH/hf_MONASH_job010.root
SIGMAB_COUNTS tag=MONASH species=Xi_b0 pdg=5232 slice=eta_ge_2 p=29 a=28 file=/data/alice/ipardoza/hadronization_production/HF_RUN3_V1/raw/MONASH/hf_MONASH_job010.root
SIGMAB_COUNTS tag=MONASH species=Xi_b- pdg=5132 slice=all p=64 a=47 file=/data/alice/ipardoza/hadronization_production/HF_RUN3_V1/raw/MONASH/hf_MONASH_job010.root
SIGMAB_COUNTS tag=MONASH species=Xi_b- pdg=5132 slice=eta_lt_1 p=8 a=11 file=/data/alice/ipardoza/hadronization_production/HF_RUN3_V1/raw/MONASH/hf_MONASH_job010.root
SIGMAB_COUNTS tag=MONASH species=Xi_b- pdg=5132 slice=eta_1_2 p=18 a=15 file=/data/alice/ipardoza/hadronization_production/HF_RUN3_V1/raw/MONASH/hf_MONASH_job010.root
SIGMAB_COUNTS tag=MONASH species=Xi_b- pdg=5132 slice=eta_ge_2 p=38 a=21 file=/data/alice/ipardoza/hadronization_production/HF_RUN3_V1/raw/MONASH/hf_MONASH_job010.root
SIGMAB_COUNTS tag=MONASH species=Sigma_b+ pdg=5222 slice=all p=41 a=21 file=/data/alice/ipardoza/hadronization_production/HF_RUN3_V1/raw/MONASH/hf_MONASH_job011.root
SIGMAB_COUNTS tag=MONASH species=Sigma_b+ pdg=5222 slice=eta_lt_1 p=5 a=3 file=/data/alice/ipardoza/hadronization_production/HF_RUN3_V1/raw/MONASH/hf_MONASH_job011.root
SIGMAB_COUNTS tag=MONASH species=Sigma_b+ pdg=5222 slice=eta_1_2 p=10 a=2 file=/data/alice/ipardoza/hadronization_production/HF_RUN3_V1/raw/MONASH/hf_MONASH_job011.root
SIGMAB_COUNTS tag=MONASH species=Sigma_b+ pdg=5222 slice=eta_ge_2 p=26 a=16 file=/data/alice/ipardoza/hadronization_production/HF_RUN3_V1/raw/MONASH/hf_MONASH_job011.root
SIGMAB_COUNTS tag=MONASH species=Sigma_b0 pdg=5212 slice=all p=33 a=15 file=/data/alice/ipardoza/hadronization_production/HF_RUN3_V1/raw/MONASH/hf_MONASH_job011.root
SIGMAB_COUNTS tag=MONASH species=Sigma_b0 pdg=5212 slice=eta_lt_1 p=2 a=4 file=/data/alice/ipardoza/hadronization_production/HF_RUN3_V1/raw/MONASH/hf_MONASH_job011.root
SIGMAB_COUNTS tag=MONASH species=Sigma_b0 pdg=5212 slice=eta_1_2 p=7 a=2 file=/data/alice/ipardoza/hadronization_production/HF_RUN3_V1/raw/MONASH/hf_MONASH_job011.root
SIGMAB_COUNTS tag=MONASH species=Sigma_b0 pdg=5212 slice=eta_ge_2 p=24 a=9 file=/data/alice/ipardoza/hadronization_production/HF_RUN3_V1/raw/MONASH/hf_MONASH_job011.root
SIGMAB_COUNTS tag=MONASH species=Sigma_b- pdg=5112 slice=all p=30 a=27 file=/data/alice/ipardoza/hadronization_production/HF_RUN3_V1/raw/MONASH/hf_MONASH_job011.root
SIGMAB_COUNTS tag=MONASH species=Sigma_b- pdg=5112 slice=eta_lt_1 p=2 a=5 file=/data/alice/ipardoza/hadronization_production/HF_RUN3_V1/raw/MONASH/hf_MONASH_job011.root
SIGMAB_COUNTS tag=MONASH species=Sigma_b- pdg=5112 slice=eta_1_2 p=6 a=9 file=/data/alice/ipardoza/hadronization_production/HF_RUN3_V1/raw/MONASH/hf_MONASH_job011.root
SIGMAB_COUNTS tag=MONASH species=Sigma_b- pdg=5112 slice=eta_ge_2 p=22 a=13 file=/data/alice/ipardoza/hadronization_production/HF_RUN3_V1/raw/MONASH/hf_MONASH_job011.root
SIGMAB_COUNTS tag=MONASH species=Sigma*_b+ pdg=5224 slice=all p=37 a=40 file=/data/alice/ipardoza/hadronization_production/HF_RUN3_V1/raw/MONASH/hf_MONASH_job011.root
SIGMAB_COUNTS tag=MONASH species=Sigma*_b+ pdg=5224 slice=eta_lt_1 p=7 a=8 file=/data/alice/ipardoza/hadronization_production/HF_RUN3_V1/raw/MONASH/hf_MONASH_job011.root
SIGMAB_COUNTS tag=MONASH species=Sigma*_b+ pdg=5224 slice=eta_1_2 p=11 a=10 file=/data/alice/ipardoza/hadronization_production/HF_RUN3_V1/raw/MONASH/hf_MONASH_job011.root
SIGMAB_COUNTS tag=MONASH species=Sigma*_b+ pdg=5224 slice=eta_ge_2 p=19 a=22 file=/data/alice/ipardoza/hadronization_production/HF_RUN3_V1/raw/MONASH/hf_MONASH_job011.root
SIGMAB_COUNTS tag=MONASH species=Sigma*_b0 pdg=5214 slice=all p=51 a=45 file=/data/alice/ipardoza/hadronization_production/HF_RUN3_V1/raw/MONASH/hf_MONASH_job011.root
SIGMAB_COUNTS tag=MONASH species=Sigma*_b0 pdg=5214 slice=eta_lt_1 p=8 a=8 file=/data/alice/ipardoza/hadronization_production/HF_RUN3_V1/raw/MONASH/hf_MONASH_job011.root
SIGMAB_COUNTS tag=MONASH species=Sigma*_b0 pdg=5214 slice=eta_1_2 p=11 a=11 file=/data/alice/ipardoza/hadronization_production/HF_RUN3_V1/raw/MONASH/hf_MONASH_job011.root
SIGMAB_COUNTS tag=MONASH species=Sigma*_b0 pdg=5214 slice=eta_ge_2 p=32 a=26 file=/data/alice/ipardoza/hadronization_production/HF_RUN3_V1/raw/MONASH/hf_MONASH_job011.root
SIGMAB_COUNTS tag=MONASH species=Sigma*_b- pdg=5114 slice=all p=47 a=39 file=/data/alice/ipardoza/hadronization_production/HF_RUN3_V1/raw/MONASH/hf_MONASH_job011.root
SIGMAB_COUNTS tag=MONASH species=Sigma*_b- pdg=5114 slice=eta_lt_1 p=7 a=9 file=/data/alice/ipardoza/hadronization_production/HF_RUN3_V1/raw/MONASH/hf_MONASH_job011.root
SIGMAB_COUNTS tag=MONASH species=Sigma*_b- pdg=5114 slice=eta_1_2 p=15 a=6 file=/data/alice/ipardoza/hadronization_production/HF_RUN3_V1/raw/MONASH/hf_MONASH_job011.root
SIGMAB_COUNTS tag=MONASH species=Sigma*_b- pdg=5114 slice=eta_ge_2 p=25 a=24 file=/data/alice/ipardoza/hadronization_production/HF_RUN3_V1/raw/MONASH/hf_MONASH_job011.root
SIGMAB_COUNTS tag=MONASH species=Lambda_b0 pdg=5122 slice=all p=279 a=295 file=/data/alice/ipardoza/hadronization_production/HF_RUN3_V1/raw/MONASH/hf_MONASH_job011.root
SIGMAB_COUNTS tag=MONASH species=Lambda_b0 pdg=5122 slice=eta_lt_1 p=57 a=53 file=/data/alice/ipardoza/hadronization_production/HF_RUN3_V1/raw/MONASH/hf_MONASH_job011.root
SIGMAB_COUNTS tag=MONASH species=Lambda_b0 pdg=5122 slice=eta_1_2 p=53 a=60 file=/data/alice/ipardoza/hadronization_production/HF_RUN3_V1/raw/MONASH/hf_MONASH_job011.root
SIGMAB_COUNTS tag=MONASH species=Lambda_b0 pdg=5122 slice=eta_ge_2 p=169 a=182 file=/data/alice/ipardoza/hadronization_production/HF_RUN3_V1/raw/MONASH/hf_MONASH_job011.root
SIGMAB_COUNTS tag=MONASH species=Xi_b0 pdg=5232 slice=all p=72 a=55 file=/data/alice/ipardoza/hadronization_production/HF_RUN3_V1/raw/MONASH/hf_MONASH_job011.root
SIGMAB_COUNTS tag=MONASH species=Xi_b0 pdg=5232 slice=eta_lt_1 p=11 a=8 file=/data/alice/ipardoza/hadronization_production/HF_RUN3_V1/raw/MONASH/hf_MONASH_job011.root
SIGMAB_COUNTS tag=MONASH species=Xi_b0 pdg=5232 slice=eta_1_2 p=17 a=17 file=/data/alice/ipardoza/hadronization_production/HF_RUN3_V1/raw/MONASH/hf_MONASH_job011.root
SIGMAB_COUNTS tag=MONASH species=Xi_b0 pdg=5232 slice=eta_ge_2 p=44 a=30 file=/data/alice/ipardoza/hadronization_production/HF_RUN3_V1/raw/MONASH/hf_MONASH_job011.root
SIGMAB_COUNTS tag=MONASH species=Xi_b- pdg=5132 slice=all p=58 a=62 file=/data/alice/ipardoza/hadronization_production/HF_RUN3_V1/raw/MONASH/hf_MONASH_job011.root
SIGMAB_COUNTS tag=MONASH species=Xi_b- pdg=5132 slice=eta_lt_1 p=12 a=14 file=/data/alice/ipardoza/hadronization_production/HF_RUN3_V1/raw/MONASH/hf_MONASH_job011.root
SIGMAB_COUNTS tag=MONASH species=Xi_b- pdg=5132 slice=eta_1_2 p=14 a=14 file=/data/alice/ipardoza/hadronization_production/HF_RUN3_V1/raw/MONASH/hf_MONASH_job011.root
SIGMAB_COUNTS tag=MONASH species=Xi_b- pdg=5132 slice=eta_ge_2 p=32 a=34 file=/data/alice/ipardoza/hadronization_production/HF_RUN3_V1/raw/MONASH/hf_MONASH_job011.root
SIGMAB_COUNTS tag=MONASH species=Sigma_b+ pdg=5222 slice=all p=45 a=26 file=/data/alice/ipardoza/hadronization_production/HF_RUN3_V1/raw/MONASH/hf_MONASH_job012.root
SIGMAB_COUNTS tag=MONASH species=Sigma_b+ pdg=5222 slice=eta_lt_1 p=9 a=5 file=/data/alice/ipardoza/hadronization_production/HF_RUN3_V1/raw/MONASH/hf_MONASH_job012.root
SIGMAB_COUNTS tag=MONASH species=Sigma_b+ pdg=5222 slice=eta_1_2 p=7 a=6 file=/data/alice/ipardoza/hadronization_production/HF_RUN3_V1/raw/MONASH/hf_MONASH_job012.root
SIGMAB_COUNTS tag=MONASH species=Sigma_b+ pdg=5222 slice=eta_ge_2 p=29 a=15 file=/data/alice/ipardoza/hadronization_production/HF_RUN3_V1/raw/MONASH/hf_MONASH_job012.root
SIGMAB_COUNTS tag=MONASH species=Sigma_b0 pdg=5212 slice=all p=38 a=18 file=/data/alice/ipardoza/hadronization_production/HF_RUN3_V1/raw/MONASH/hf_MONASH_job012.root
SIGMAB_COUNTS tag=MONASH species=Sigma_b0 pdg=5212 slice=eta_lt_1 p=6 a=4 file=/data/alice/ipardoza/hadronization_production/HF_RUN3_V1/raw/MONASH/hf_MONASH_job012.root
SIGMAB_COUNTS tag=MONASH species=Sigma_b0 pdg=5212 slice=eta_1_2 p=8 a=2 file=/data/alice/ipardoza/hadronization_production/HF_RUN3_V1/raw/MONASH/hf_MONASH_job012.root
SIGMAB_COUNTS tag=MONASH species=Sigma_b0 pdg=5212 slice=eta_ge_2 p=24 a=12 file=/data/alice/ipardoza/hadronization_production/HF_RUN3_V1/raw/MONASH/hf_MONASH_job012.root
SIGMAB_COUNTS tag=MONASH species=Sigma_b- pdg=5112 slice=all p=30 a=25 file=/data/alice/ipardoza/hadronization_production/HF_RUN3_V1/raw/MONASH/hf_MONASH_job012.root
SIGMAB_COUNTS tag=MONASH species=Sigma_b- pdg=5112 slice=eta_lt_1 p=1 a=8 file=/data/alice/ipardoza/hadronization_production/HF_RUN3_V1/raw/MONASH/hf_MONASH_job012.root
SIGMAB_COUNTS tag=MONASH species=Sigma_b- pdg=5112 slice=eta_1_2 p=13 a=5 file=/data/alice/ipardoza/hadronization_production/HF_RUN3_V1/raw/MONASH/hf_MONASH_job012.root
SIGMAB_COUNTS tag=MONASH species=Sigma_b- pdg=5112 slice=eta_ge_2 p=16 a=12 file=/data/alice/ipardoza/hadronization_production/HF_RUN3_V1/raw/MONASH/hf_MONASH_job012.root
SIGMAB_COUNTS tag=MONASH species=Sigma*_b+ pdg=5224 slice=all p=34 a=48 file=/data/alice/ipardoza/hadronization_production/HF_RUN3_V1/raw/MONASH/hf_MONASH_job012.root
SIGMAB_COUNTS tag=MONASH species=Sigma*_b+ pdg=5224 slice=eta_lt_1 p=8 a=12 file=/data/alice/ipardoza/hadronization_production/HF_RUN3_V1/raw/MONASH/hf_MONASH_job012.root
SIGMAB_COUNTS tag=MONASH species=Sigma*_b+ pdg=5224 slice=eta_1_2 p=6 a=13 file=/data/alice/ipardoza/hadronization_production/HF_RUN3_V1/raw/MONASH/hf_MONASH_job012.root
SIGMAB_COUNTS tag=MONASH species=Sigma*_b+ pdg=5224 slice=eta_ge_2 p=20 a=23 file=/data/alice/ipardoza/hadronization_production/HF_RUN3_V1/raw/MONASH/hf_MONASH_job012.root
SIGMAB_COUNTS tag=MONASH species=Sigma*_b0 pdg=5214 slice=all p=48 a=43 file=/data/alice/ipardoza/hadronization_production/HF_RUN3_V1/raw/MONASH/hf_MONASH_job012.root
SIGMAB_COUNTS tag=MONASH species=Sigma*_b0 pdg=5214 slice=eta_lt_1 p=12 a=12 file=/data/alice/ipardoza/hadronization_production/HF_RUN3_V1/raw/MONASH/hf_MONASH_job012.root
SIGMAB_COUNTS tag=MONASH species=Sigma*_b0 pdg=5214 slice=eta_1_2 p=12 a=10 file=/data/alice/ipardoza/hadronization_production/HF_RUN3_V1/raw/MONASH/hf_MONASH_job012.root
SIGMAB_COUNTS tag=MONASH species=Sigma*_b0 pdg=5214 slice=eta_ge_2 p=24 a=21 file=/data/alice/ipardoza/hadronization_production/HF_RUN3_V1/raw/MONASH/hf_MONASH_job012.root
SIGMAB_COUNTS tag=MONASH species=Sigma*_b- pdg=5114 slice=all p=69 a=29 file=/data/alice/ipardoza/hadronization_production/HF_RUN3_V1/raw/MONASH/hf_MONASH_job012.root
SIGMAB_COUNTS tag=MONASH species=Sigma*_b- pdg=5114 slice=eta_lt_1 p=17 a=7 file=/data/alice/ipardoza/hadronization_production/HF_RUN3_V1/raw/MONASH/hf_MONASH_job012.root
SIGMAB_COUNTS tag=MONASH species=Sigma*_b- pdg=5114 slice=eta_1_2 p=14 a=6 file=/data/alice/ipardoza/hadronization_production/HF_RUN3_V1/raw/MONASH/hf_MONASH_job012.root
SIGMAB_COUNTS tag=MONASH species=Sigma*_b- pdg=5114 slice=eta_ge_2 p=38 a=16 file=/data/alice/ipardoza/hadronization_production/HF_RUN3_V1/raw/MONASH/hf_MONASH_job012.root
SIGMAB_COUNTS tag=MONASH species=Lambda_b0 pdg=5122 slice=all p=303 a=290 file=/data/alice/ipardoza/hadronization_production/HF_RUN3_V1/raw/MONASH/hf_MONASH_job012.root
SIGMAB_COUNTS tag=MONASH species=Lambda_b0 pdg=5122 slice=eta_lt_1 p=54 a=61 file=/data/alice/ipardoza/hadronization_production/HF_RUN3_V1/raw/MONASH/hf_MONASH_job012.root
SIGMAB_COUNTS tag=MONASH species=Lambda_b0 pdg=5122 slice=eta_1_2 p=68 a=59 file=/data/alice/ipardoza/hadronization_production/HF_RUN3_V1/raw/MONASH/hf_MONASH_job012.root
SIGMAB_COUNTS tag=MONASH species=Lambda_b0 pdg=5122 slice=eta_ge_2 p=181 a=170 file=/data/alice/ipardoza/hadronization_production/HF_RUN3_V1/raw/MONASH/hf_MONASH_job012.root
SIGMAB_COUNTS tag=MONASH species=Xi_b0 pdg=5232 slice=all p=59 a=51 file=/data/alice/ipardoza/hadronization_production/HF_RUN3_V1/raw/MONASH/hf_MONASH_job012.root
SIGMAB_COUNTS tag=MONASH species=Xi_b0 pdg=5232 slice=eta_lt_1 p=9 a=5 file=/data/alice/ipardoza/hadronization_production/HF_RUN3_V1/raw/MONASH/hf_MONASH_job012.root
SIGMAB_COUNTS tag=MONASH species=Xi_b0 pdg=5232 slice=eta_1_2 p=10 a=10 file=/data/alice/ipardoza/hadronization_production/HF_RUN3_V1/raw/MONASH/hf_MONASH_job012.root
SIGMAB_COUNTS tag=MONASH species=Xi_b0 pdg=5232 slice=eta_ge_2 p=40 a=36 file=/data/alice/ipardoza/hadronization_production/HF_RUN3_V1/raw/MONASH/hf_MONASH_job012.root
SIGMAB_COUNTS tag=MONASH species=Xi_b- pdg=5132 slice=all p=58 a=52 file=/data/alice/ipardoza/hadronization_production/HF_RUN3_V1/raw/MONASH/hf_MONASH_job012.root
SIGMAB_COUNTS tag=MONASH species=Xi_b- pdg=5132 slice=eta_lt_1 p=8 a=12 file=/data/alice/ipardoza/hadronization_production/HF_RUN3_V1/raw/MONASH/hf_MONASH_job012.root
SIGMAB_COUNTS tag=MONASH species=Xi_b- pdg=5132 slice=eta_1_2 p=11 a=11 file=/data/alice/ipardoza/hadronization_production/HF_RUN3_V1/raw/MONASH/hf_MONASH_job012.root
SIGMAB_COUNTS tag=MONASH species=Xi_b- pdg=5132 slice=eta_ge_2 p=39 a=29 file=/data/alice/ipardoza/hadronization_production/HF_RUN3_V1/raw/MONASH/hf_MONASH_job012.root
SIGMAB_COUNTS tag=MONASH species=Sigma_b+ pdg=5222 slice=all p=42 a=25 file=/data/alice/ipardoza/hadronization_production/HF_RUN3_V1/raw/MONASH/hf_MONASH_job013.root
SIGMAB_COUNTS tag=MONASH species=Sigma_b+ pdg=5222 slice=eta_lt_1 p=8 a=6 file=/data/alice/ipardoza/hadronization_production/HF_RUN3_V1/raw/MONASH/hf_MONASH_job013.root
SIGMAB_COUNTS tag=MONASH species=Sigma_b+ pdg=5222 slice=eta_1_2 p=8 a=4 file=/data/alice/ipardoza/hadronization_production/HF_RUN3_V1/raw/MONASH/hf_MONASH_job013.root
SIGMAB_COUNTS tag=MONASH species=Sigma_b+ pdg=5222 slice=eta_ge_2 p=26 a=15 file=/data/alice/ipardoza/hadronization_production/HF_RUN3_V1/raw/MONASH/hf_MONASH_job013.root
SIGMAB_COUNTS tag=MONASH species=Sigma_b0 pdg=5212 slice=all p=33 a=14 file=/data/alice/ipardoza/hadronization_production/HF_RUN3_V1/raw/MONASH/hf_MONASH_job013.root
SIGMAB_COUNTS tag=MONASH species=Sigma_b0 pdg=5212 slice=eta_lt_1 p=5 a=3 file=/data/alice/ipardoza/hadronization_production/HF_RUN3_V1/raw/MONASH/hf_MONASH_job013.root
SIGMAB_COUNTS tag=MONASH species=Sigma_b0 pdg=5212 slice=eta_1_2 p=10 a=4 file=/data/alice/ipardoza/hadronization_production/HF_RUN3_V1/raw/MONASH/hf_MONASH_job013.root
SIGMAB_COUNTS tag=MONASH species=Sigma_b0 pdg=5212 slice=eta_ge_2 p=18 a=7 file=/data/alice/ipardoza/hadronization_production/HF_RUN3_V1/raw/MONASH/hf_MONASH_job013.root
SIGMAB_COUNTS tag=MONASH species=Sigma_b- pdg=5112 slice=all p=39 a=23 file=/data/alice/ipardoza/hadronization_production/HF_RUN3_V1/raw/MONASH/hf_MONASH_job013.root
SIGMAB_COUNTS tag=MONASH species=Sigma_b- pdg=5112 slice=eta_lt_1 p=4 a=2 file=/data/alice/ipardoza/hadronization_production/HF_RUN3_V1/raw/MONASH/hf_MONASH_job013.root
SIGMAB_COUNTS tag=MONASH species=Sigma_b- pdg=5112 slice=eta_1_2 p=11 a=9 file=/data/alice/ipardoza/hadronization_production/HF_RUN3_V1/raw/MONASH/hf_MONASH_job013.root
SIGMAB_COUNTS tag=MONASH species=Sigma_b- pdg=5112 slice=eta_ge_2 p=24 a=12 file=/data/alice/ipardoza/hadronization_production/HF_RUN3_V1/raw/MONASH/hf_MONASH_job013.root
SIGMAB_COUNTS tag=MONASH species=Sigma*_b+ pdg=5224 slice=all p=39 a=45 file=/data/alice/ipardoza/hadronization_production/HF_RUN3_V1/raw/MONASH/hf_MONASH_job013.root
SIGMAB_COUNTS tag=MONASH species=Sigma*_b+ pdg=5224 slice=eta_lt_1 p=5 a=11 file=/data/alice/ipardoza/hadronization_production/HF_RUN3_V1/raw/MONASH/hf_MONASH_job013.root
SIGMAB_COUNTS tag=MONASH species=Sigma*_b+ pdg=5224 slice=eta_1_2 p=8 a=15 file=/data/alice/ipardoza/hadronization_production/HF_RUN3_V1/raw/MONASH/hf_MONASH_job013.root
SIGMAB_COUNTS tag=MONASH species=Sigma*_b+ pdg=5224 slice=eta_ge_2 p=26 a=19 file=/data/alice/ipardoza/hadronization_production/HF_RUN3_V1/raw/MONASH/hf_MONASH_job013.root
SIGMAB_COUNTS tag=MONASH species=Sigma*_b0 pdg=5214 slice=all p=55 a=37 file=/data/alice/ipardoza/hadronization_production/HF_RUN3_V1/raw/MONASH/hf_MONASH_job013.root
SIGMAB_COUNTS tag=MONASH species=Sigma*_b0 pdg=5214 slice=eta_lt_1 p=4 a=7 file=/data/alice/ipardoza/hadronization_production/HF_RUN3_V1/raw/MONASH/hf_MONASH_job013.root
SIGMAB_COUNTS tag=MONASH species=Sigma*_b0 pdg=5214 slice=eta_1_2 p=13 a=11 file=/data/alice/ipardoza/hadronization_production/HF_RUN3_V1/raw/MONASH/hf_MONASH_job013.root
SIGMAB_COUNTS tag=MONASH species=Sigma*_b0 pdg=5214 slice=eta_ge_2 p=38 a=19 file=/data/alice/ipardoza/hadronization_production/HF_RUN3_V1/raw/MONASH/hf_MONASH_job013.root
SIGMAB_COUNTS tag=MONASH species=Sigma*_b- pdg=5114 slice=all p=61 a=34 file=/data/alice/ipardoza/hadronization_production/HF_RUN3_V1/raw/MONASH/hf_MONASH_job013.root
SIGMAB_COUNTS tag=MONASH species=Sigma*_b- pdg=5114 slice=eta_lt_1 p=16 a=3 file=/data/alice/ipardoza/hadronization_production/HF_RUN3_V1/raw/MONASH/hf_MONASH_job013.root
SIGMAB_COUNTS tag=MONASH species=Sigma*_b- pdg=5114 slice=eta_1_2 p=10 a=9 file=/data/alice/ipardoza/hadronization_production/HF_RUN3_V1/raw/MONASH/hf_MONASH_job013.root
SIGMAB_COUNTS tag=MONASH species=Sigma*_b- pdg=5114 slice=eta_ge_2 p=35 a=22 file=/data/alice/ipardoza/hadronization_production/HF_RUN3_V1/raw/MONASH/hf_MONASH_job013.root
SIGMAB_COUNTS tag=MONASH species=Lambda_b0 pdg=5122 slice=all p=314 a=280 file=/data/alice/ipardoza/hadronization_production/HF_RUN3_V1/raw/MONASH/hf_MONASH_job013.root
SIGMAB_COUNTS tag=MONASH species=Lambda_b0 pdg=5122 slice=eta_lt_1 p=41 a=60 file=/data/alice/ipardoza/hadronization_production/HF_RUN3_V1/raw/MONASH/hf_MONASH_job013.root
SIGMAB_COUNTS tag=MONASH species=Lambda_b0 pdg=5122 slice=eta_1_2 p=72 a=57 file=/data/alice/ipardoza/hadronization_production/HF_RUN3_V1/raw/MONASH/hf_MONASH_job013.root
SIGMAB_COUNTS tag=MONASH species=Lambda_b0 pdg=5122 slice=eta_ge_2 p=201 a=163 file=/data/alice/ipardoza/hadronization_production/HF_RUN3_V1/raw/MONASH/hf_MONASH_job013.root
SIGMAB_COUNTS tag=MONASH species=Xi_b0 pdg=5232 slice=all p=61 a=50 file=/data/alice/ipardoza/hadronization_production/HF_RUN3_V1/raw/MONASH/hf_MONASH_job013.root
SIGMAB_COUNTS tag=MONASH species=Xi_b0 pdg=5232 slice=eta_lt_1 p=14 a=16 file=/data/alice/ipardoza/hadronization_production/HF_RUN3_V1/raw/MONASH/hf_MONASH_job013.root
SIGMAB_COUNTS tag=MONASH species=Xi_b0 pdg=5232 slice=eta_1_2 p=15 a=9 file=/data/alice/ipardoza/hadronization_production/HF_RUN3_V1/raw/MONASH/hf_MONASH_job013.root
SIGMAB_COUNTS tag=MONASH species=Xi_b0 pdg=5232 slice=eta_ge_2 p=32 a=25 file=/data/alice/ipardoza/hadronization_production/HF_RUN3_V1/raw/MONASH/hf_MONASH_job013.root
SIGMAB_COUNTS tag=MONASH species=Xi_b- pdg=5132 slice=all p=56 a=64 file=/data/alice/ipardoza/hadronization_production/HF_RUN3_V1/raw/MONASH/hf_MONASH_job013.root
SIGMAB_COUNTS tag=MONASH species=Xi_b- pdg=5132 slice=eta_lt_1 p=13 a=12 file=/data/alice/ipardoza/hadronization_production/HF_RUN3_V1/raw/MONASH/hf_MONASH_job013.root
SIGMAB_COUNTS tag=MONASH species=Xi_b- pdg=5132 slice=eta_1_2 p=8 a=17 file=/data/alice/ipardoza/hadronization_production/HF_RUN3_V1/raw/MONASH/hf_MONASH_job013.root
SIGMAB_COUNTS tag=MONASH species=Xi_b- pdg=5132 slice=eta_ge_2 p=35 a=35 file=/data/alice/ipardoza/hadronization_production/HF_RUN3_V1/raw/MONASH/hf_MONASH_job013.root
SIGMAB_COUNTS tag=MONASH species=Sigma_b+ pdg=5222 slice=all p=40 a=27 file=/data/alice/ipardoza/hadronization_production/HF_RUN3_V1/raw/MONASH/hf_MONASH_job014.root
SIGMAB_COUNTS tag=MONASH species=Sigma_b+ pdg=5222 slice=eta_lt_1 p=8 a=6 file=/data/alice/ipardoza/hadronization_production/HF_RUN3_V1/raw/MONASH/hf_MONASH_job014.root
SIGMAB_COUNTS tag=MONASH species=Sigma_b+ pdg=5222 slice=eta_1_2 p=10 a=4 file=/data/alice/ipardoza/hadronization_production/HF_RUN3_V1/raw/MONASH/hf_MONASH_job014.root
SIGMAB_COUNTS tag=MONASH species=Sigma_b+ pdg=5222 slice=eta_ge_2 p=22 a=17 file=/data/alice/ipardoza/hadronization_production/HF_RUN3_V1/raw/MONASH/hf_MONASH_job014.root
SIGMAB_COUNTS tag=MONASH species=Sigma_b0 pdg=5212 slice=all p=38 a=19 file=/data/alice/ipardoza/hadronization_production/HF_RUN3_V1/raw/MONASH/hf_MONASH_job014.root
SIGMAB_COUNTS tag=MONASH species=Sigma_b0 pdg=5212 slice=eta_lt_1 p=6 a=5 file=/data/alice/ipardoza/hadronization_production/HF_RUN3_V1/raw/MONASH/hf_MONASH_job014.root
SIGMAB_COUNTS tag=MONASH species=Sigma_b0 pdg=5212 slice=eta_1_2 p=9 a=6 file=/data/alice/ipardoza/hadronization_production/HF_RUN3_V1/raw/MONASH/hf_MONASH_job014.root
SIGMAB_COUNTS tag=MONASH species=Sigma_b0 pdg=5212 slice=eta_ge_2 p=23 a=8 file=/data/alice/ipardoza/hadronization_production/HF_RUN3_V1/raw/MONASH/hf_MONASH_job014.root
SIGMAB_COUNTS tag=MONASH species=Sigma_b- pdg=5112 slice=all p=35 a=20 file=/data/alice/ipardoza/hadronization_production/HF_RUN3_V1/raw/MONASH/hf_MONASH_job014.root
SIGMAB_COUNTS tag=MONASH species=Sigma_b- pdg=5112 slice=eta_lt_1 p=7 a=3 file=/data/alice/ipardoza/hadronization_production/HF_RUN3_V1/raw/MONASH/hf_MONASH_job014.root
SIGMAB_COUNTS tag=MONASH species=Sigma_b- pdg=5112 slice=eta_1_2 p=5 a=6 file=/data/alice/ipardoza/hadronization_production/HF_RUN3_V1/raw/MONASH/hf_MONASH_job014.root
SIGMAB_COUNTS tag=MONASH species=Sigma_b- pdg=5112 slice=eta_ge_2 p=23 a=11 file=/data/alice/ipardoza/hadronization_production/HF_RUN3_V1/raw/MONASH/hf_MONASH_job014.root
SIGMAB_COUNTS tag=MONASH species=Sigma*_b+ pdg=5224 slice=all p=60 a=28 file=/data/alice/ipardoza/hadronization_production/HF_RUN3_V1/raw/MONASH/hf_MONASH_job014.root
SIGMAB_COUNTS tag=MONASH species=Sigma*_b+ pdg=5224 slice=eta_lt_1 p=10 a=4 file=/data/alice/ipardoza/hadronization_production/HF_RUN3_V1/raw/MONASH/hf_MONASH_job014.root
SIGMAB_COUNTS tag=MONASH species=Sigma*_b+ pdg=5224 slice=eta_1_2 p=14 a=7 file=/data/alice/ipardoza/hadronization_production/HF_RUN3_V1/raw/MONASH/hf_MONASH_job014.root
SIGMAB_COUNTS tag=MONASH species=Sigma*_b+ pdg=5224 slice=eta_ge_2 p=36 a=17 file=/data/alice/ipardoza/hadronization_production/HF_RUN3_V1/raw/MONASH/hf_MONASH_job014.root
SIGMAB_COUNTS tag=MONASH species=Sigma*_b0 pdg=5214 slice=all p=58 a=34 file=/data/alice/ipardoza/hadronization_production/HF_RUN3_V1/raw/MONASH/hf_MONASH_job014.root
SIGMAB_COUNTS tag=MONASH species=Sigma*_b0 pdg=5214 slice=eta_lt_1 p=8 a=3 file=/data/alice/ipardoza/hadronization_production/HF_RUN3_V1/raw/MONASH/hf_MONASH_job014.root
SIGMAB_COUNTS tag=MONASH species=Sigma*_b0 pdg=5214 slice=eta_1_2 p=5 a=9 file=/data/alice/ipardoza/hadronization_production/HF_RUN3_V1/raw/MONASH/hf_MONASH_job014.root
SIGMAB_COUNTS tag=MONASH species=Sigma*_b0 pdg=5214 slice=eta_ge_2 p=45 a=22 file=/data/alice/ipardoza/hadronization_production/HF_RUN3_V1/raw/MONASH/hf_MONASH_job014.root
SIGMAB_COUNTS tag=MONASH species=Sigma*_b- pdg=5114 slice=all p=53 a=40 file=/data/alice/ipardoza/hadronization_production/HF_RUN3_V1/raw/MONASH/hf_MONASH_job014.root
SIGMAB_COUNTS tag=MONASH species=Sigma*_b- pdg=5114 slice=eta_lt_1 p=6 a=5 file=/data/alice/ipardoza/hadronization_production/HF_RUN3_V1/raw/MONASH/hf_MONASH_job014.root
SIGMAB_COUNTS tag=MONASH species=Sigma*_b- pdg=5114 slice=eta_1_2 p=14 a=8 file=/data/alice/ipardoza/hadronization_production/HF_RUN3_V1/raw/MONASH/hf_MONASH_job014.root
SIGMAB_COUNTS tag=MONASH species=Sigma*_b- pdg=5114 slice=eta_ge_2 p=33 a=27 file=/data/alice/ipardoza/hadronization_production/HF_RUN3_V1/raw/MONASH/hf_MONASH_job014.root
SIGMAB_COUNTS tag=MONASH species=Lambda_b0 pdg=5122 slice=all p=293 a=312 file=/data/alice/ipardoza/hadronization_production/HF_RUN3_V1/raw/MONASH/hf_MONASH_job014.root
SIGMAB_COUNTS tag=MONASH species=Lambda_b0 pdg=5122 slice=eta_lt_1 p=55 a=56 file=/data/alice/ipardoza/hadronization_production/HF_RUN3_V1/raw/MONASH/hf_MONASH_job014.root
SIGMAB_COUNTS tag=MONASH species=Lambda_b0 pdg=5122 slice=eta_1_2 p=71 a=68 file=/data/alice/ipardoza/hadronization_production/HF_RUN3_V1/raw/MONASH/hf_MONASH_job014.root
SIGMAB_COUNTS tag=MONASH species=Lambda_b0 pdg=5122 slice=eta_ge_2 p=167 a=188 file=/data/alice/ipardoza/hadronization_production/HF_RUN3_V1/raw/MONASH/hf_MONASH_job014.root
SIGMAB_COUNTS tag=MONASH species=Xi_b0 pdg=5232 slice=all p=53 a=61 file=/data/alice/ipardoza/hadronization_production/HF_RUN3_V1/raw/MONASH/hf_MONASH_job014.root
SIGMAB_COUNTS tag=MONASH species=Xi_b0 pdg=5232 slice=eta_lt_1 p=8 a=10 file=/data/alice/ipardoza/hadronization_production/HF_RUN3_V1/raw/MONASH/hf_MONASH_job014.root
SIGMAB_COUNTS tag=MONASH species=Xi_b0 pdg=5232 slice=eta_1_2 p=11 a=18 file=/data/alice/ipardoza/hadronization_production/HF_RUN3_V1/raw/MONASH/hf_MONASH_job014.root
SIGMAB_COUNTS tag=MONASH species=Xi_b0 pdg=5232 slice=eta_ge_2 p=34 a=33 file=/data/alice/ipardoza/hadronization_production/HF_RUN3_V1/raw/MONASH/hf_MONASH_job014.root
SIGMAB_COUNTS tag=MONASH species=Xi_b- pdg=5132 slice=all p=51 a=59 file=/data/alice/ipardoza/hadronization_production/HF_RUN3_V1/raw/MONASH/hf_MONASH_job014.root
SIGMAB_COUNTS tag=MONASH species=Xi_b- pdg=5132 slice=eta_lt_1 p=8 a=14 file=/data/alice/ipardoza/hadronization_production/HF_RUN3_V1/raw/MONASH/hf_MONASH_job014.root
SIGMAB_COUNTS tag=MONASH species=Xi_b- pdg=5132 slice=eta_1_2 p=10 a=10 file=/data/alice/ipardoza/hadronization_production/HF_RUN3_V1/raw/MONASH/hf_MONASH_job014.root
SIGMAB_COUNTS tag=MONASH species=Xi_b- pdg=5132 slice=eta_ge_2 p=33 a=35 file=/data/alice/ipardoza/hadronization_production/HF_RUN3_V1/raw/MONASH/hf_MONASH_job014.root
SIGMAB_COUNTS tag=MONASH species=Sigma_b+ pdg=5222 slice=all p=30 a=21 file=/data/alice/ipardoza/hadronization_production/HF_RUN3_V1/raw/MONASH/hf_MONASH_job015.root
SIGMAB_COUNTS tag=MONASH species=Sigma_b+ pdg=5222 slice=eta_lt_1 p=5 a=3 file=/data/alice/ipardoza/hadronization_production/HF_RUN3_V1/raw/MONASH/hf_MONASH_job015.root
SIGMAB_COUNTS tag=MONASH species=Sigma_b+ pdg=5222 slice=eta_1_2 p=5 a=6 file=/data/alice/ipardoza/hadronization_production/HF_RUN3_V1/raw/MONASH/hf_MONASH_job015.root
SIGMAB_COUNTS tag=MONASH species=Sigma_b+ pdg=5222 slice=eta_ge_2 p=20 a=12 file=/data/alice/ipardoza/hadronization_production/HF_RUN3_V1/raw/MONASH/hf_MONASH_job015.root
SIGMAB_COUNTS tag=MONASH species=Sigma_b0 pdg=5212 slice=all p=41 a=20 file=/data/alice/ipardoza/hadronization_production/HF_RUN3_V1/raw/MONASH/hf_MONASH_job015.root
SIGMAB_COUNTS tag=MONASH species=Sigma_b0 pdg=5212 slice=eta_lt_1 p=6 a=5 file=/data/alice/ipardoza/hadronization_production/HF_RUN3_V1/raw/MONASH/hf_MONASH_job015.root
SIGMAB_COUNTS tag=MONASH species=Sigma_b0 pdg=5212 slice=eta_1_2 p=8 a=4 file=/data/alice/ipardoza/hadronization_production/HF_RUN3_V1/raw/MONASH/hf_MONASH_job015.root
SIGMAB_COUNTS tag=MONASH species=Sigma_b0 pdg=5212 slice=eta_ge_2 p=27 a=11 file=/data/alice/ipardoza/hadronization_production/HF_RUN3_V1/raw/MONASH/hf_MONASH_job015.root
SIGMAB_COUNTS tag=MONASH species=Sigma_b- pdg=5112 slice=all p=38 a=23 file=/data/alice/ipardoza/hadronization_production/HF_RUN3_V1/raw/MONASH/hf_MONASH_job015.root
SIGMAB_COUNTS tag=MONASH species=Sigma_b- pdg=5112 slice=eta_lt_1 p=4 a=3 file=/data/alice/ipardoza/hadronization_production/HF_RUN3_V1/raw/MONASH/hf_MONASH_job015.root
SIGMAB_COUNTS tag=MONASH species=Sigma_b- pdg=5112 slice=eta_1_2 p=6 a=7 file=/data/alice/ipardoza/hadronization_production/HF_RUN3_V1/raw/MONASH/hf_MONASH_job015.root
SIGMAB_COUNTS tag=MONASH species=Sigma_b- pdg=5112 slice=eta_ge_2 p=28 a=13 file=/data/alice/ipardoza/hadronization_production/HF_RUN3_V1/raw/MONASH/hf_MONASH_job015.root
SIGMAB_COUNTS tag=MONASH species=Sigma*_b+ pdg=5224 slice=all p=46 a=41 file=/data/alice/ipardoza/hadronization_production/HF_RUN3_V1/raw/MONASH/hf_MONASH_job015.root
SIGMAB_COUNTS tag=MONASH species=Sigma*_b+ pdg=5224 slice=eta_lt_1 p=6 a=6 file=/data/alice/ipardoza/hadronization_production/HF_RUN3_V1/raw/MONASH/hf_MONASH_job015.root
SIGMAB_COUNTS tag=MONASH species=Sigma*_b+ pdg=5224 slice=eta_1_2 p=13 a=12 file=/data/alice/ipardoza/hadronization_production/HF_RUN3_V1/raw/MONASH/hf_MONASH_job015.root
SIGMAB_COUNTS tag=MONASH species=Sigma*_b+ pdg=5224 slice=eta_ge_2 p=27 a=23 file=/data/alice/ipardoza/hadronization_production/HF_RUN3_V1/raw/MONASH/hf_MONASH_job015.root
SIGMAB_COUNTS tag=MONASH species=Sigma*_b0 pdg=5214 slice=all p=50 a=45 file=/data/alice/ipardoza/hadronization_production/HF_RUN3_V1/raw/MONASH/hf_MONASH_job015.root
SIGMAB_COUNTS tag=MONASH species=Sigma*_b0 pdg=5214 slice=eta_lt_1 p=10 a=8 file=/data/alice/ipardoza/hadronization_production/HF_RUN3_V1/raw/MONASH/hf_MONASH_job015.root
SIGMAB_COUNTS tag=MONASH species=Sigma*_b0 pdg=5214 slice=eta_1_2 p=7 a=12 file=/data/alice/ipardoza/hadronization_production/HF_RUN3_V1/raw/MONASH/hf_MONASH_job015.root
SIGMAB_COUNTS tag=MONASH species=Sigma*_b0 pdg=5214 slice=eta_ge_2 p=33 a=25 file=/data/alice/ipardoza/hadronization_production/HF_RUN3_V1/raw/MONASH/hf_MONASH_job015.root
SIGMAB_COUNTS tag=MONASH species=Sigma*_b- pdg=5114 slice=all p=60 a=40 file=/data/alice/ipardoza/hadronization_production/HF_RUN3_V1/raw/MONASH/hf_MONASH_job015.root
SIGMAB_COUNTS tag=MONASH species=Sigma*_b- pdg=5114 slice=eta_lt_1 p=10 a=9 file=/data/alice/ipardoza/hadronization_production/HF_RUN3_V1/raw/MONASH/hf_MONASH_job015.root
SIGMAB_COUNTS tag=MONASH species=Sigma*_b- pdg=5114 slice=eta_1_2 p=8 a=11 file=/data/alice/ipardoza/hadronization_production/HF_RUN3_V1/raw/MONASH/hf_MONASH_job015.root
SIGMAB_COUNTS tag=MONASH species=Sigma*_b- pdg=5114 slice=eta_ge_2 p=42 a=20 file=/data/alice/ipardoza/hadronization_production/HF_RUN3_V1/raw/MONASH/hf_MONASH_job015.root
SIGMAB_COUNTS tag=MONASH species=Lambda_b0 pdg=5122 slice=all p=320 a=307 file=/data/alice/ipardoza/hadronization_production/HF_RUN3_V1/raw/MONASH/hf_MONASH_job015.root
SIGMAB_COUNTS tag=MONASH species=Lambda_b0 pdg=5122 slice=eta_lt_1 p=65 a=50 file=/data/alice/ipardoza/hadronization_production/HF_RUN3_V1/raw/MONASH/hf_MONASH_job015.root
SIGMAB_COUNTS tag=MONASH species=Lambda_b0 pdg=5122 slice=eta_1_2 p=55 a=77 file=/data/alice/ipardoza/hadronization_production/HF_RUN3_V1/raw/MONASH/hf_MONASH_job015.root
SIGMAB_COUNTS tag=MONASH species=Lambda_b0 pdg=5122 slice=eta_ge_2 p=200 a=180 file=/data/alice/ipardoza/hadronization_production/HF_RUN3_V1/raw/MONASH/hf_MONASH_job015.root
SIGMAB_COUNTS tag=MONASH species=Xi_b0 pdg=5232 slice=all p=56 a=47 file=/data/alice/ipardoza/hadronization_production/HF_RUN3_V1/raw/MONASH/hf_MONASH_job015.root
SIGMAB_COUNTS tag=MONASH species=Xi_b0 pdg=5232 slice=eta_lt_1 p=13 a=13 file=/data/alice/ipardoza/hadronization_production/HF_RUN3_V1/raw/MONASH/hf_MONASH_job015.root
SIGMAB_COUNTS tag=MONASH species=Xi_b0 pdg=5232 slice=eta_1_2 p=9 a=14 file=/data/alice/ipardoza/hadronization_production/HF_RUN3_V1/raw/MONASH/hf_MONASH_job015.root
SIGMAB_COUNTS tag=MONASH species=Xi_b0 pdg=5232 slice=eta_ge_2 p=34 a=20 file=/data/alice/ipardoza/hadronization_production/HF_RUN3_V1/raw/MONASH/hf_MONASH_job015.root
SIGMAB_COUNTS tag=MONASH species=Xi_b- pdg=5132 slice=all p=59 a=51 file=/data/alice/ipardoza/hadronization_production/HF_RUN3_V1/raw/MONASH/hf_MONASH_job015.root
SIGMAB_COUNTS tag=MONASH species=Xi_b- pdg=5132 slice=eta_lt_1 p=8 a=5 file=/data/alice/ipardoza/hadronization_production/HF_RUN3_V1/raw/MONASH/hf_MONASH_job015.root
SIGMAB_COUNTS tag=MONASH species=Xi_b- pdg=5132 slice=eta_1_2 p=16 a=17 file=/data/alice/ipardoza/hadronization_production/HF_RUN3_V1/raw/MONASH/hf_MONASH_job015.root
SIGMAB_COUNTS tag=MONASH species=Xi_b- pdg=5132 slice=eta_ge_2 p=35 a=29 file=/data/alice/ipardoza/hadronization_production/HF_RUN3_V1/raw/MONASH/hf_MONASH_job015.root
SIGMAB_COUNTS tag=MONASH species=Sigma_b+ pdg=5222 slice=all p=24 a=22 file=/data/alice/ipardoza/hadronization_production/HF_RUN3_V1/raw/MONASH/hf_MONASH_job016.root
SIGMAB_COUNTS tag=MONASH species=Sigma_b+ pdg=5222 slice=eta_lt_1 p=5 a=5 file=/data/alice/ipardoza/hadronization_production/HF_RUN3_V1/raw/MONASH/hf_MONASH_job016.root
SIGMAB_COUNTS tag=MONASH species=Sigma_b+ pdg=5222 slice=eta_1_2 p=5 a=3 file=/data/alice/ipardoza/hadronization_production/HF_RUN3_V1/raw/MONASH/hf_MONASH_job016.root
SIGMAB_COUNTS tag=MONASH species=Sigma_b+ pdg=5222 slice=eta_ge_2 p=14 a=14 file=/data/alice/ipardoza/hadronization_production/HF_RUN3_V1/raw/MONASH/hf_MONASH_job016.root
SIGMAB_COUNTS tag=MONASH species=Sigma_b0 pdg=5212 slice=all p=42 a=18 file=/data/alice/ipardoza/hadronization_production/HF_RUN3_V1/raw/MONASH/hf_MONASH_job016.root
SIGMAB_COUNTS tag=MONASH species=Sigma_b0 pdg=5212 slice=eta_lt_1 p=2 a=6 file=/data/alice/ipardoza/hadronization_production/HF_RUN3_V1/raw/MONASH/hf_MONASH_job016.root
SIGMAB_COUNTS tag=MONASH species=Sigma_b0 pdg=5212 slice=eta_1_2 p=11 a=1 file=/data/alice/ipardoza/hadronization_production/HF_RUN3_V1/raw/MONASH/hf_MONASH_job016.root
SIGMAB_COUNTS tag=MONASH species=Sigma_b0 pdg=5212 slice=eta_ge_2 p=29 a=11 file=/data/alice/ipardoza/hadronization_production/HF_RUN3_V1/raw/MONASH/hf_MONASH_job016.root
SIGMAB_COUNTS tag=MONASH species=Sigma_b- pdg=5112 slice=all p=46 a=12 file=/data/alice/ipardoza/hadronization_production/HF_RUN3_V1/raw/MONASH/hf_MONASH_job016.root
SIGMAB_COUNTS tag=MONASH species=Sigma_b- pdg=5112 slice=eta_lt_1 p=10 a=1 file=/data/alice/ipardoza/hadronization_production/HF_RUN3_V1/raw/MONASH/hf_MONASH_job016.root
SIGMAB_COUNTS tag=MONASH species=Sigma_b- pdg=5112 slice=eta_1_2 p=7 a=4 file=/data/alice/ipardoza/hadronization_production/HF_RUN3_V1/raw/MONASH/hf_MONASH_job016.root
SIGMAB_COUNTS tag=MONASH species=Sigma_b- pdg=5112 slice=eta_ge_2 p=29 a=7 file=/data/alice/ipardoza/hadronization_production/HF_RUN3_V1/raw/MONASH/hf_MONASH_job016.root
SIGMAB_COUNTS tag=MONASH species=Sigma*_b+ pdg=5224 slice=all p=50 a=38 file=/data/alice/ipardoza/hadronization_production/HF_RUN3_V1/raw/MONASH/hf_MONASH_job016.root
SIGMAB_COUNTS tag=MONASH species=Sigma*_b+ pdg=5224 slice=eta_lt_1 p=6 a=8 file=/data/alice/ipardoza/hadronization_production/HF_RUN3_V1/raw/MONASH/hf_MONASH_job016.root
SIGMAB_COUNTS tag=MONASH species=Sigma*_b+ pdg=5224 slice=eta_1_2 p=9 a=7 file=/data/alice/ipardoza/hadronization_production/HF_RUN3_V1/raw/MONASH/hf_MONASH_job016.root
SIGMAB_COUNTS tag=MONASH species=Sigma*_b+ pdg=5224 slice=eta_ge_2 p=35 a=23 file=/data/alice/ipardoza/hadronization_production/HF_RUN3_V1/raw/MONASH/hf_MONASH_job016.root
SIGMAB_COUNTS tag=MONASH species=Sigma*_b0 pdg=5214 slice=all p=48 a=42 file=/data/alice/ipardoza/hadronization_production/HF_RUN3_V1/raw/MONASH/hf_MONASH_job016.root
SIGMAB_COUNTS tag=MONASH species=Sigma*_b0 pdg=5214 slice=eta_lt_1 p=5 a=7 file=/data/alice/ipardoza/hadronization_production/HF_RUN3_V1/raw/MONASH/hf_MONASH_job016.root
SIGMAB_COUNTS tag=MONASH species=Sigma*_b0 pdg=5214 slice=eta_1_2 p=12 a=10 file=/data/alice/ipardoza/hadronization_production/HF_RUN3_V1/raw/MONASH/hf_MONASH_job016.root
SIGMAB_COUNTS tag=MONASH species=Sigma*_b0 pdg=5214 slice=eta_ge_2 p=31 a=25 file=/data/alice/ipardoza/hadronization_production/HF_RUN3_V1/raw/MONASH/hf_MONASH_job016.root
SIGMAB_COUNTS tag=MONASH species=Sigma*_b- pdg=5114 slice=all p=54 a=35 file=/data/alice/ipardoza/hadronization_production/HF_RUN3_V1/raw/MONASH/hf_MONASH_job016.root
SIGMAB_COUNTS tag=MONASH species=Sigma*_b- pdg=5114 slice=eta_lt_1 p=9 a=6 file=/data/alice/ipardoza/hadronization_production/HF_RUN3_V1/raw/MONASH/hf_MONASH_job016.root
SIGMAB_COUNTS tag=MONASH species=Sigma*_b- pdg=5114 slice=eta_1_2 p=14 a=5 file=/data/alice/ipardoza/hadronization_production/HF_RUN3_V1/raw/MONASH/hf_MONASH_job016.root
SIGMAB_COUNTS tag=MONASH species=Sigma*_b- pdg=5114 slice=eta_ge_2 p=31 a=24 file=/data/alice/ipardoza/hadronization_production/HF_RUN3_V1/raw/MONASH/hf_MONASH_job016.root
SIGMAB_COUNTS tag=MONASH species=Lambda_b0 pdg=5122 slice=all p=280 a=335 file=/data/alice/ipardoza/hadronization_production/HF_RUN3_V1/raw/MONASH/hf_MONASH_job016.root
SIGMAB_COUNTS tag=MONASH species=Lambda_b0 pdg=5122 slice=eta_lt_1 p=53 a=48 file=/data/alice/ipardoza/hadronization_production/HF_RUN3_V1/raw/MONASH/hf_MONASH_job016.root
SIGMAB_COUNTS tag=MONASH species=Lambda_b0 pdg=5122 slice=eta_1_2 p=55 a=76 file=/data/alice/ipardoza/hadronization_production/HF_RUN3_V1/raw/MONASH/hf_MONASH_job016.root
SIGMAB_COUNTS tag=MONASH species=Lambda_b0 pdg=5122 slice=eta_ge_2 p=172 a=211 file=/data/alice/ipardoza/hadronization_production/HF_RUN3_V1/raw/MONASH/hf_MONASH_job016.root
SIGMAB_COUNTS tag=MONASH species=Xi_b0 pdg=5232 slice=all p=47 a=71 file=/data/alice/ipardoza/hadronization_production/HF_RUN3_V1/raw/MONASH/hf_MONASH_job016.root
SIGMAB_COUNTS tag=MONASH species=Xi_b0 pdg=5232 slice=eta_lt_1 p=6 a=12 file=/data/alice/ipardoza/hadronization_production/HF_RUN3_V1/raw/MONASH/hf_MONASH_job016.root
SIGMAB_COUNTS tag=MONASH species=Xi_b0 pdg=5232 slice=eta_1_2 p=13 a=16 file=/data/alice/ipardoza/hadronization_production/HF_RUN3_V1/raw/MONASH/hf_MONASH_job016.root
SIGMAB_COUNTS tag=MONASH species=Xi_b0 pdg=5232 slice=eta_ge_2 p=28 a=43 file=/data/alice/ipardoza/hadronization_production/HF_RUN3_V1/raw/MONASH/hf_MONASH_job016.root
SIGMAB_COUNTS tag=MONASH species=Xi_b- pdg=5132 slice=all p=47 a=55 file=/data/alice/ipardoza/hadronization_production/HF_RUN3_V1/raw/MONASH/hf_MONASH_job016.root
SIGMAB_COUNTS tag=MONASH species=Xi_b- pdg=5132 slice=eta_lt_1 p=7 a=13 file=/data/alice/ipardoza/hadronization_production/HF_RUN3_V1/raw/MONASH/hf_MONASH_job016.root
SIGMAB_COUNTS tag=MONASH species=Xi_b- pdg=5132 slice=eta_1_2 p=6 a=11 file=/data/alice/ipardoza/hadronization_production/HF_RUN3_V1/raw/MONASH/hf_MONASH_job016.root
SIGMAB_COUNTS tag=MONASH species=Xi_b- pdg=5132 slice=eta_ge_2 p=34 a=31 file=/data/alice/ipardoza/hadronization_production/HF_RUN3_V1/raw/MONASH/hf_MONASH_job016.root
SIGMAB_COUNTS tag=MONASH species=Sigma_b+ pdg=5222 slice=all p=33 a=22 file=/data/alice/ipardoza/hadronization_production/HF_RUN3_V1/raw/MONASH/hf_MONASH_job017.root
SIGMAB_COUNTS tag=MONASH species=Sigma_b+ pdg=5222 slice=eta_lt_1 p=5 a=6 file=/data/alice/ipardoza/hadronization_production/HF_RUN3_V1/raw/MONASH/hf_MONASH_job017.root
SIGMAB_COUNTS tag=MONASH species=Sigma_b+ pdg=5222 slice=eta_1_2 p=9 a=4 file=/data/alice/ipardoza/hadronization_production/HF_RUN3_V1/raw/MONASH/hf_MONASH_job017.root
SIGMAB_COUNTS tag=MONASH species=Sigma_b+ pdg=5222 slice=eta_ge_2 p=19 a=12 file=/data/alice/ipardoza/hadronization_production/HF_RUN3_V1/raw/MONASH/hf_MONASH_job017.root
SIGMAB_COUNTS tag=MONASH species=Sigma_b0 pdg=5212 slice=all p=33 a=21 file=/data/alice/ipardoza/hadronization_production/HF_RUN3_V1/raw/MONASH/hf_MONASH_job017.root
SIGMAB_COUNTS tag=MONASH species=Sigma_b0 pdg=5212 slice=eta_lt_1 p=5 a=4 file=/data/alice/ipardoza/hadronization_production/HF_RUN3_V1/raw/MONASH/hf_MONASH_job017.root
SIGMAB_COUNTS tag=MONASH species=Sigma_b0 pdg=5212 slice=eta_1_2 p=7 a=3 file=/data/alice/ipardoza/hadronization_production/HF_RUN3_V1/raw/MONASH/hf_MONASH_job017.root
SIGMAB_COUNTS tag=MONASH species=Sigma_b0 pdg=5212 slice=eta_ge_2 p=21 a=14 file=/data/alice/ipardoza/hadronization_production/HF_RUN3_V1/raw/MONASH/hf_MONASH_job017.root
SIGMAB_COUNTS tag=MONASH species=Sigma_b- pdg=5112 slice=all p=29 a=17 file=/data/alice/ipardoza/hadronization_production/HF_RUN3_V1/raw/MONASH/hf_MONASH_job017.root
SIGMAB_COUNTS tag=MONASH species=Sigma_b- pdg=5112 slice=eta_lt_1 p=4 a=5 file=/data/alice/ipardoza/hadronization_production/HF_RUN3_V1/raw/MONASH/hf_MONASH_job017.root
SIGMAB_COUNTS tag=MONASH species=Sigma_b- pdg=5112 slice=eta_1_2 p=11 a=0 file=/data/alice/ipardoza/hadronization_production/HF_RUN3_V1/raw/MONASH/hf_MONASH_job017.root
SIGMAB_COUNTS tag=MONASH species=Sigma_b- pdg=5112 slice=eta_ge_2 p=14 a=12 file=/data/alice/ipardoza/hadronization_production/HF_RUN3_V1/raw/MONASH/hf_MONASH_job017.root
SIGMAB_COUNTS tag=MONASH species=Sigma*_b+ pdg=5224 slice=all p=52 a=52 file=/data/alice/ipardoza/hadronization_production/HF_RUN3_V1/raw/MONASH/hf_MONASH_job017.root
SIGMAB_COUNTS tag=MONASH species=Sigma*_b+ pdg=5224 slice=eta_lt_1 p=3 a=5 file=/data/alice/ipardoza/hadronization_production/HF_RUN3_V1/raw/MONASH/hf_MONASH_job017.root
SIGMAB_COUNTS tag=MONASH species=Sigma*_b+ pdg=5224 slice=eta_1_2 p=10 a=13 file=/data/alice/ipardoza/hadronization_production/HF_RUN3_V1/raw/MONASH/hf_MONASH_job017.root
SIGMAB_COUNTS tag=MONASH species=Sigma*_b+ pdg=5224 slice=eta_ge_2 p=39 a=34 file=/data/alice/ipardoza/hadronization_production/HF_RUN3_V1/raw/MONASH/hf_MONASH_job017.root
SIGMAB_COUNTS tag=MONASH species=Sigma*_b0 pdg=5214 slice=all p=47 a=38 file=/data/alice/ipardoza/hadronization_production/HF_RUN3_V1/raw/MONASH/hf_MONASH_job017.root
SIGMAB_COUNTS tag=MONASH species=Sigma*_b0 pdg=5214 slice=eta_lt_1 p=8 a=8 file=/data/alice/ipardoza/hadronization_production/HF_RUN3_V1/raw/MONASH/hf_MONASH_job017.root
SIGMAB_COUNTS tag=MONASH species=Sigma*_b0 pdg=5214 slice=eta_1_2 p=7 a=9 file=/data/alice/ipardoza/hadronization_production/HF_RUN3_V1/raw/MONASH/hf_MONASH_job017.root
SIGMAB_COUNTS tag=MONASH species=Sigma*_b0 pdg=5214 slice=eta_ge_2 p=32 a=21 file=/data/alice/ipardoza/hadronization_production/HF_RUN3_V1/raw/MONASH/hf_MONASH_job017.root
SIGMAB_COUNTS tag=MONASH species=Sigma*_b- pdg=5114 slice=all p=44 a=46 file=/data/alice/ipardoza/hadronization_production/HF_RUN3_V1/raw/MONASH/hf_MONASH_job017.root
SIGMAB_COUNTS tag=MONASH species=Sigma*_b- pdg=5114 slice=eta_lt_1 p=4 a=5 file=/data/alice/ipardoza/hadronization_production/HF_RUN3_V1/raw/MONASH/hf_MONASH_job017.root
SIGMAB_COUNTS tag=MONASH species=Sigma*_b- pdg=5114 slice=eta_1_2 p=9 a=6 file=/data/alice/ipardoza/hadronization_production/HF_RUN3_V1/raw/MONASH/hf_MONASH_job017.root
SIGMAB_COUNTS tag=MONASH species=Sigma*_b- pdg=5114 slice=eta_ge_2 p=31 a=35 file=/data/alice/ipardoza/hadronization_production/HF_RUN3_V1/raw/MONASH/hf_MONASH_job017.root
SIGMAB_COUNTS tag=MONASH species=Lambda_b0 pdg=5122 slice=all p=283 a=330 file=/data/alice/ipardoza/hadronization_production/HF_RUN3_V1/raw/MONASH/hf_MONASH_job017.root
SIGMAB_COUNTS tag=MONASH species=Lambda_b0 pdg=5122 slice=eta_lt_1 p=35 a=58 file=/data/alice/ipardoza/hadronization_production/HF_RUN3_V1/raw/MONASH/hf_MONASH_job017.root
SIGMAB_COUNTS tag=MONASH species=Lambda_b0 pdg=5122 slice=eta_1_2 p=72 a=78 file=/data/alice/ipardoza/hadronization_production/HF_RUN3_V1/raw/MONASH/hf_MONASH_job017.root
SIGMAB_COUNTS tag=MONASH species=Lambda_b0 pdg=5122 slice=eta_ge_2 p=176 a=194 file=/data/alice/ipardoza/hadronization_production/HF_RUN3_V1/raw/MONASH/hf_MONASH_job017.root
SIGMAB_COUNTS tag=MONASH species=Xi_b0 pdg=5232 slice=all p=65 a=66 file=/data/alice/ipardoza/hadronization_production/HF_RUN3_V1/raw/MONASH/hf_MONASH_job017.root
SIGMAB_COUNTS tag=MONASH species=Xi_b0 pdg=5232 slice=eta_lt_1 p=15 a=11 file=/data/alice/ipardoza/hadronization_production/HF_RUN3_V1/raw/MONASH/hf_MONASH_job017.root
SIGMAB_COUNTS tag=MONASH species=Xi_b0 pdg=5232 slice=eta_1_2 p=13 a=9 file=/data/alice/ipardoza/hadronization_production/HF_RUN3_V1/raw/MONASH/hf_MONASH_job017.root
SIGMAB_COUNTS tag=MONASH species=Xi_b0 pdg=5232 slice=eta_ge_2 p=37 a=46 file=/data/alice/ipardoza/hadronization_production/HF_RUN3_V1/raw/MONASH/hf_MONASH_job017.root
SIGMAB_COUNTS tag=MONASH species=Xi_b- pdg=5132 slice=all p=64 a=56 file=/data/alice/ipardoza/hadronization_production/HF_RUN3_V1/raw/MONASH/hf_MONASH_job017.root
SIGMAB_COUNTS tag=MONASH species=Xi_b- pdg=5132 slice=eta_lt_1 p=18 a=7 file=/data/alice/ipardoza/hadronization_production/HF_RUN3_V1/raw/MONASH/hf_MONASH_job017.root
SIGMAB_COUNTS tag=MONASH species=Xi_b- pdg=5132 slice=eta_1_2 p=13 a=11 file=/data/alice/ipardoza/hadronization_production/HF_RUN3_V1/raw/MONASH/hf_MONASH_job017.root
SIGMAB_COUNTS tag=MONASH species=Xi_b- pdg=5132 slice=eta_ge_2 p=33 a=38 file=/data/alice/ipardoza/hadronization_production/HF_RUN3_V1/raw/MONASH/hf_MONASH_job017.root
SIGMAB_COUNTS tag=MONASH species=Sigma_b+ pdg=5222 slice=all p=31 a=22 file=/data/alice/ipardoza/hadronization_production/HF_RUN3_V1/raw/MONASH/hf_MONASH_job018.root
SIGMAB_COUNTS tag=MONASH species=Sigma_b+ pdg=5222 slice=eta_lt_1 p=4 a=6 file=/data/alice/ipardoza/hadronization_production/HF_RUN3_V1/raw/MONASH/hf_MONASH_job018.root
SIGMAB_COUNTS tag=MONASH species=Sigma_b+ pdg=5222 slice=eta_1_2 p=7 a=4 file=/data/alice/ipardoza/hadronization_production/HF_RUN3_V1/raw/MONASH/hf_MONASH_job018.root
SIGMAB_COUNTS tag=MONASH species=Sigma_b+ pdg=5222 slice=eta_ge_2 p=20 a=12 file=/data/alice/ipardoza/hadronization_production/HF_RUN3_V1/raw/MONASH/hf_MONASH_job018.root
SIGMAB_COUNTS tag=MONASH species=Sigma_b0 pdg=5212 slice=all p=30 a=16 file=/data/alice/ipardoza/hadronization_production/HF_RUN3_V1/raw/MONASH/hf_MONASH_job018.root
SIGMAB_COUNTS tag=MONASH species=Sigma_b0 pdg=5212 slice=eta_lt_1 p=7 a=2 file=/data/alice/ipardoza/hadronization_production/HF_RUN3_V1/raw/MONASH/hf_MONASH_job018.root
SIGMAB_COUNTS tag=MONASH species=Sigma_b0 pdg=5212 slice=eta_1_2 p=3 a=5 file=/data/alice/ipardoza/hadronization_production/HF_RUN3_V1/raw/MONASH/hf_MONASH_job018.root
SIGMAB_COUNTS tag=MONASH species=Sigma_b0 pdg=5212 slice=eta_ge_2 p=20 a=9 file=/data/alice/ipardoza/hadronization_production/HF_RUN3_V1/raw/MONASH/hf_MONASH_job018.root
SIGMAB_COUNTS tag=MONASH species=Sigma_b- pdg=5112 slice=all p=27 a=18 file=/data/alice/ipardoza/hadronization_production/HF_RUN3_V1/raw/MONASH/hf_MONASH_job018.root
SIGMAB_COUNTS tag=MONASH species=Sigma_b- pdg=5112 slice=eta_lt_1 p=2 a=4 file=/data/alice/ipardoza/hadronization_production/HF_RUN3_V1/raw/MONASH/hf_MONASH_job018.root
SIGMAB_COUNTS tag=MONASH species=Sigma_b- pdg=5112 slice=eta_1_2 p=8 a=4 file=/data/alice/ipardoza/hadronization_production/HF_RUN3_V1/raw/MONASH/hf_MONASH_job018.root
SIGMAB_COUNTS tag=MONASH species=Sigma_b- pdg=5112 slice=eta_ge_2 p=17 a=10 file=/data/alice/ipardoza/hadronization_production/HF_RUN3_V1/raw/MONASH/hf_MONASH_job018.root
SIGMAB_COUNTS tag=MONASH species=Sigma*_b+ pdg=5224 slice=all p=58 a=42 file=/data/alice/ipardoza/hadronization_production/HF_RUN3_V1/raw/MONASH/hf_MONASH_job018.root
SIGMAB_COUNTS tag=MONASH species=Sigma*_b+ pdg=5224 slice=eta_lt_1 p=11 a=5 file=/data/alice/ipardoza/hadronization_production/HF_RUN3_V1/raw/MONASH/hf_MONASH_job018.root
SIGMAB_COUNTS tag=MONASH species=Sigma*_b+ pdg=5224 slice=eta_1_2 p=10 a=8 file=/data/alice/ipardoza/hadronization_production/HF_RUN3_V1/raw/MONASH/hf_MONASH_job018.root
SIGMAB_COUNTS tag=MONASH species=Sigma*_b+ pdg=5224 slice=eta_ge_2 p=37 a=29 file=/data/alice/ipardoza/hadronization_production/HF_RUN3_V1/raw/MONASH/hf_MONASH_job018.root
SIGMAB_COUNTS tag=MONASH species=Sigma*_b0 pdg=5214 slice=all p=45 a=48 file=/data/alice/ipardoza/hadronization_production/HF_RUN3_V1/raw/MONASH/hf_MONASH_job018.root
SIGMAB_COUNTS tag=MONASH species=Sigma*_b0 pdg=5214 slice=eta_lt_1 p=11 a=9 file=/data/alice/ipardoza/hadronization_production/HF_RUN3_V1/raw/MONASH/hf_MONASH_job018.root
SIGMAB_COUNTS tag=MONASH species=Sigma*_b0 pdg=5214 slice=eta_1_2 p=9 a=12 file=/data/alice/ipardoza/hadronization_production/HF_RUN3_V1/raw/MONASH/hf_MONASH_job018.root
SIGMAB_COUNTS tag=MONASH species=Sigma*_b0 pdg=5214 slice=eta_ge_2 p=25 a=27 file=/data/alice/ipardoza/hadronization_production/HF_RUN3_V1/raw/MONASH/hf_MONASH_job018.root
SIGMAB_COUNTS tag=MONASH species=Sigma*_b- pdg=5114 slice=all p=54 a=48 file=/data/alice/ipardoza/hadronization_production/HF_RUN3_V1/raw/MONASH/hf_MONASH_job018.root
SIGMAB_COUNTS tag=MONASH species=Sigma*_b- pdg=5114 slice=eta_lt_1 p=10 a=11 file=/data/alice/ipardoza/hadronization_production/HF_RUN3_V1/raw/MONASH/hf_MONASH_job018.root
SIGMAB_COUNTS tag=MONASH species=Sigma*_b- pdg=5114 slice=eta_1_2 p=7 a=11 file=/data/alice/ipardoza/hadronization_production/HF_RUN3_V1/raw/MONASH/hf_MONASH_job018.root
SIGMAB_COUNTS tag=MONASH species=Sigma*_b- pdg=5114 slice=eta_ge_2 p=37 a=26 file=/data/alice/ipardoza/hadronization_production/HF_RUN3_V1/raw/MONASH/hf_MONASH_job018.root
SIGMAB_COUNTS tag=MONASH species=Lambda_b0 pdg=5122 slice=all p=298 a=334 file=/data/alice/ipardoza/hadronization_production/HF_RUN3_V1/raw/MONASH/hf_MONASH_job018.root
SIGMAB_COUNTS tag=MONASH species=Lambda_b0 pdg=5122 slice=eta_lt_1 p=59 a=57 file=/data/alice/ipardoza/hadronization_production/HF_RUN3_V1/raw/MONASH/hf_MONASH_job018.root
SIGMAB_COUNTS tag=MONASH species=Lambda_b0 pdg=5122 slice=eta_1_2 p=62 a=80 file=/data/alice/ipardoza/hadronization_production/HF_RUN3_V1/raw/MONASH/hf_MONASH_job018.root
SIGMAB_COUNTS tag=MONASH species=Lambda_b0 pdg=5122 slice=eta_ge_2 p=177 a=197 file=/data/alice/ipardoza/hadronization_production/HF_RUN3_V1/raw/MONASH/hf_MONASH_job018.root
SIGMAB_COUNTS tag=MONASH species=Xi_b0 pdg=5232 slice=all p=48 a=55 file=/data/alice/ipardoza/hadronization_production/HF_RUN3_V1/raw/MONASH/hf_MONASH_job018.root
SIGMAB_COUNTS tag=MONASH species=Xi_b0 pdg=5232 slice=eta_lt_1 p=9 a=12 file=/data/alice/ipardoza/hadronization_production/HF_RUN3_V1/raw/MONASH/hf_MONASH_job018.root
SIGMAB_COUNTS tag=MONASH species=Xi_b0 pdg=5232 slice=eta_1_2 p=13 a=13 file=/data/alice/ipardoza/hadronization_production/HF_RUN3_V1/raw/MONASH/hf_MONASH_job018.root
SIGMAB_COUNTS tag=MONASH species=Xi_b0 pdg=5232 slice=eta_ge_2 p=26 a=30 file=/data/alice/ipardoza/hadronization_production/HF_RUN3_V1/raw/MONASH/hf_MONASH_job018.root
SIGMAB_COUNTS tag=MONASH species=Xi_b- pdg=5132 slice=all p=61 a=63 file=/data/alice/ipardoza/hadronization_production/HF_RUN3_V1/raw/MONASH/hf_MONASH_job018.root
SIGMAB_COUNTS tag=MONASH species=Xi_b- pdg=5132 slice=eta_lt_1 p=15 a=9 file=/data/alice/ipardoza/hadronization_production/HF_RUN3_V1/raw/MONASH/hf_MONASH_job018.root
SIGMAB_COUNTS tag=MONASH species=Xi_b- pdg=5132 slice=eta_1_2 p=9 a=21 file=/data/alice/ipardoza/hadronization_production/HF_RUN3_V1/raw/MONASH/hf_MONASH_job018.root
SIGMAB_COUNTS tag=MONASH species=Xi_b- pdg=5132 slice=eta_ge_2 p=37 a=33 file=/data/alice/ipardoza/hadronization_production/HF_RUN3_V1/raw/MONASH/hf_MONASH_job018.root
SIGMAB_COUNTS tag=MONASH species=Sigma_b+ pdg=5222 slice=all p=43 a=25 file=/data/alice/ipardoza/hadronization_production/HF_RUN3_V1/raw/MONASH/hf_MONASH_job019.root
SIGMAB_COUNTS tag=MONASH species=Sigma_b+ pdg=5222 slice=eta_lt_1 p=6 a=6 file=/data/alice/ipardoza/hadronization_production/HF_RUN3_V1/raw/MONASH/hf_MONASH_job019.root
SIGMAB_COUNTS tag=MONASH species=Sigma_b+ pdg=5222 slice=eta_1_2 p=15 a=1 file=/data/alice/ipardoza/hadronization_production/HF_RUN3_V1/raw/MONASH/hf_MONASH_job019.root
SIGMAB_COUNTS tag=MONASH species=Sigma_b+ pdg=5222 slice=eta_ge_2 p=22 a=18 file=/data/alice/ipardoza/hadronization_production/HF_RUN3_V1/raw/MONASH/hf_MONASH_job019.root
SIGMAB_COUNTS tag=MONASH species=Sigma_b0 pdg=5212 slice=all p=36 a=16 file=/data/alice/ipardoza/hadronization_production/HF_RUN3_V1/raw/MONASH/hf_MONASH_job019.root
SIGMAB_COUNTS tag=MONASH species=Sigma_b0 pdg=5212 slice=eta_lt_1 p=7 a=2 file=/data/alice/ipardoza/hadronization_production/HF_RUN3_V1/raw/MONASH/hf_MONASH_job019.root
SIGMAB_COUNTS tag=MONASH species=Sigma_b0 pdg=5212 slice=eta_1_2 p=7 a=3 file=/data/alice/ipardoza/hadronization_production/HF_RUN3_V1/raw/MONASH/hf_MONASH_job019.root
SIGMAB_COUNTS tag=MONASH species=Sigma_b0 pdg=5212 slice=eta_ge_2 p=22 a=11 file=/data/alice/ipardoza/hadronization_production/HF_RUN3_V1/raw/MONASH/hf_MONASH_job019.root
SIGMAB_COUNTS tag=MONASH species=Sigma_b- pdg=5112 slice=all p=38 a=20 file=/data/alice/ipardoza/hadronization_production/HF_RUN3_V1/raw/MONASH/hf_MONASH_job019.root
SIGMAB_COUNTS tag=MONASH species=Sigma_b- pdg=5112 slice=eta_lt_1 p=4 a=3 file=/data/alice/ipardoza/hadronization_production/HF_RUN3_V1/raw/MONASH/hf_MONASH_job019.root
SIGMAB_COUNTS tag=MONASH species=Sigma_b- pdg=5112 slice=eta_1_2 p=10 a=7 file=/data/alice/ipardoza/hadronization_production/HF_RUN3_V1/raw/MONASH/hf_MONASH_job019.root
SIGMAB_COUNTS tag=MONASH species=Sigma_b- pdg=5112 slice=eta_ge_2 p=24 a=10 file=/data/alice/ipardoza/hadronization_production/HF_RUN3_V1/raw/MONASH/hf_MONASH_job019.root
SIGMAB_COUNTS tag=MONASH species=Sigma*_b+ pdg=5224 slice=all p=39 a=37 file=/data/alice/ipardoza/hadronization_production/HF_RUN3_V1/raw/MONASH/hf_MONASH_job019.root
SIGMAB_COUNTS tag=MONASH species=Sigma*_b+ pdg=5224 slice=eta_lt_1 p=6 a=7 file=/data/alice/ipardoza/hadronization_production/HF_RUN3_V1/raw/MONASH/hf_MONASH_job019.root
SIGMAB_COUNTS tag=MONASH species=Sigma*_b+ pdg=5224 slice=eta_1_2 p=12 a=10 file=/data/alice/ipardoza/hadronization_production/HF_RUN3_V1/raw/MONASH/hf_MONASH_job019.root
SIGMAB_COUNTS tag=MONASH species=Sigma*_b+ pdg=5224 slice=eta_ge_2 p=21 a=20 file=/data/alice/ipardoza/hadronization_production/HF_RUN3_V1/raw/MONASH/hf_MONASH_job019.root
SIGMAB_COUNTS tag=MONASH species=Sigma*_b0 pdg=5214 slice=all p=45 a=38 file=/data/alice/ipardoza/hadronization_production/HF_RUN3_V1/raw/MONASH/hf_MONASH_job019.root
SIGMAB_COUNTS tag=MONASH species=Sigma*_b0 pdg=5214 slice=eta_lt_1 p=7 a=11 file=/data/alice/ipardoza/hadronization_production/HF_RUN3_V1/raw/MONASH/hf_MONASH_job019.root
SIGMAB_COUNTS tag=MONASH species=Sigma*_b0 pdg=5214 slice=eta_1_2 p=11 a=5 file=/data/alice/ipardoza/hadronization_production/HF_RUN3_V1/raw/MONASH/hf_MONASH_job019.root
SIGMAB_COUNTS tag=MONASH species=Sigma*_b0 pdg=5214 slice=eta_ge_2 p=27 a=22 file=/data/alice/ipardoza/hadronization_production/HF_RUN3_V1/raw/MONASH/hf_MONASH_job019.root
SIGMAB_COUNTS tag=MONASH species=Sigma*_b- pdg=5114 slice=all p=45 a=35 file=/data/alice/ipardoza/hadronization_production/HF_RUN3_V1/raw/MONASH/hf_MONASH_job019.root
SIGMAB_COUNTS tag=MONASH species=Sigma*_b- pdg=5114 slice=eta_lt_1 p=9 a=3 file=/data/alice/ipardoza/hadronization_production/HF_RUN3_V1/raw/MONASH/hf_MONASH_job019.root
SIGMAB_COUNTS tag=MONASH species=Sigma*_b- pdg=5114 slice=eta_1_2 p=11 a=11 file=/data/alice/ipardoza/hadronization_production/HF_RUN3_V1/raw/MONASH/hf_MONASH_job019.root
SIGMAB_COUNTS tag=MONASH species=Sigma*_b- pdg=5114 slice=eta_ge_2 p=25 a=21 file=/data/alice/ipardoza/hadronization_production/HF_RUN3_V1/raw/MONASH/hf_MONASH_job019.root
SIGMAB_COUNTS tag=MONASH species=Lambda_b0 pdg=5122 slice=all p=319 a=329 file=/data/alice/ipardoza/hadronization_production/HF_RUN3_V1/raw/MONASH/hf_MONASH_job019.root
SIGMAB_COUNTS tag=MONASH species=Lambda_b0 pdg=5122 slice=eta_lt_1 p=63 a=54 file=/data/alice/ipardoza/hadronization_production/HF_RUN3_V1/raw/MONASH/hf_MONASH_job019.root
SIGMAB_COUNTS tag=MONASH species=Lambda_b0 pdg=5122 slice=eta_1_2 p=65 a=61 file=/data/alice/ipardoza/hadronization_production/HF_RUN3_V1/raw/MONASH/hf_MONASH_job019.root
SIGMAB_COUNTS tag=MONASH species=Lambda_b0 pdg=5122 slice=eta_ge_2 p=191 a=214 file=/data/alice/ipardoza/hadronization_production/HF_RUN3_V1/raw/MONASH/hf_MONASH_job019.root
SIGMAB_COUNTS tag=MONASH species=Xi_b0 pdg=5232 slice=all p=55 a=58 file=/data/alice/ipardoza/hadronization_production/HF_RUN3_V1/raw/MONASH/hf_MONASH_job019.root
SIGMAB_COUNTS tag=MONASH species=Xi_b0 pdg=5232 slice=eta_lt_1 p=11 a=11 file=/data/alice/ipardoza/hadronization_production/HF_RUN3_V1/raw/MONASH/hf_MONASH_job019.root
SIGMAB_COUNTS tag=MONASH species=Xi_b0 pdg=5232 slice=eta_1_2 p=10 a=14 file=/data/alice/ipardoza/hadronization_production/HF_RUN3_V1/raw/MONASH/hf_MONASH_job019.root
SIGMAB_COUNTS tag=MONASH species=Xi_b0 pdg=5232 slice=eta_ge_2 p=34 a=33 file=/data/alice/ipardoza/hadronization_production/HF_RUN3_V1/raw/MONASH/hf_MONASH_job019.root
SIGMAB_COUNTS tag=MONASH species=Xi_b- pdg=5132 slice=all p=54 a=56 file=/data/alice/ipardoza/hadronization_production/HF_RUN3_V1/raw/MONASH/hf_MONASH_job019.root
SIGMAB_COUNTS tag=MONASH species=Xi_b- pdg=5132 slice=eta_lt_1 p=8 a=14 file=/data/alice/ipardoza/hadronization_production/HF_RUN3_V1/raw/MONASH/hf_MONASH_job019.root
SIGMAB_COUNTS tag=MONASH species=Xi_b- pdg=5132 slice=eta_1_2 p=13 a=12 file=/data/alice/ipardoza/hadronization_production/HF_RUN3_V1/raw/MONASH/hf_MONASH_job019.root
SIGMAB_COUNTS tag=MONASH species=Xi_b- pdg=5132 slice=eta_ge_2 p=33 a=30 file=/data/alice/ipardoza/hadronization_production/HF_RUN3_V1/raw/MONASH/hf_MONASH_job019.root
SIGMAB_COUNTS tag=MONASH species=Sigma_b+ pdg=5222 slice=all p=32 a=14 file=/data/alice/ipardoza/hadronization_production/HF_RUN3_V1/raw/MONASH/hf_MONASH_job020.root
SIGMAB_COUNTS tag=MONASH species=Sigma_b+ pdg=5222 slice=eta_lt_1 p=5 a=2 file=/data/alice/ipardoza/hadronization_production/HF_RUN3_V1/raw/MONASH/hf_MONASH_job020.root
SIGMAB_COUNTS tag=MONASH species=Sigma_b+ pdg=5222 slice=eta_1_2 p=4 a=3 file=/data/alice/ipardoza/hadronization_production/HF_RUN3_V1/raw/MONASH/hf_MONASH_job020.root
SIGMAB_COUNTS tag=MONASH species=Sigma_b+ pdg=5222 slice=eta_ge_2 p=23 a=9 file=/data/alice/ipardoza/hadronization_production/HF_RUN3_V1/raw/MONASH/hf_MONASH_job020.root
SIGMAB_COUNTS tag=MONASH species=Sigma_b0 pdg=5212 slice=all p=45 a=13 file=/data/alice/ipardoza/hadronization_production/HF_RUN3_V1/raw/MONASH/hf_MONASH_job020.root
SIGMAB_COUNTS tag=MONASH species=Sigma_b0 pdg=5212 slice=eta_lt_1 p=8 a=6 file=/data/alice/ipardoza/hadronization_production/HF_RUN3_V1/raw/MONASH/hf_MONASH_job020.root
SIGMAB_COUNTS tag=MONASH species=Sigma_b0 pdg=5212 slice=eta_1_2 p=8 a=1 file=/data/alice/ipardoza/hadronization_production/HF_RUN3_V1/raw/MONASH/hf_MONASH_job020.root
SIGMAB_COUNTS tag=MONASH species=Sigma_b0 pdg=5212 slice=eta_ge_2 p=29 a=6 file=/data/alice/ipardoza/hadronization_production/HF_RUN3_V1/raw/MONASH/hf_MONASH_job020.root
SIGMAB_COUNTS tag=MONASH species=Sigma_b- pdg=5112 slice=all p=31 a=9 file=/data/alice/ipardoza/hadronization_production/HF_RUN3_V1/raw/MONASH/hf_MONASH_job020.root
SIGMAB_COUNTS tag=MONASH species=Sigma_b- pdg=5112 slice=eta_lt_1 p=7 a=0 file=/data/alice/ipardoza/hadronization_production/HF_RUN3_V1/raw/MONASH/hf_MONASH_job020.root
SIGMAB_COUNTS tag=MONASH species=Sigma_b- pdg=5112 slice=eta_1_2 p=5 a=3 file=/data/alice/ipardoza/hadronization_production/HF_RUN3_V1/raw/MONASH/hf_MONASH_job020.root
SIGMAB_COUNTS tag=MONASH species=Sigma_b- pdg=5112 slice=eta_ge_2 p=19 a=6 file=/data/alice/ipardoza/hadronization_production/HF_RUN3_V1/raw/MONASH/hf_MONASH_job020.root
SIGMAB_COUNTS tag=MONASH species=Sigma*_b+ pdg=5224 slice=all p=45 a=30 file=/data/alice/ipardoza/hadronization_production/HF_RUN3_V1/raw/MONASH/hf_MONASH_job020.root
SIGMAB_COUNTS tag=MONASH species=Sigma*_b+ pdg=5224 slice=eta_lt_1 p=12 a=2 file=/data/alice/ipardoza/hadronization_production/HF_RUN3_V1/raw/MONASH/hf_MONASH_job020.root
SIGMAB_COUNTS tag=MONASH species=Sigma*_b+ pdg=5224 slice=eta_1_2 p=8 a=8 file=/data/alice/ipardoza/hadronization_production/HF_RUN3_V1/raw/MONASH/hf_MONASH_job020.root
SIGMAB_COUNTS tag=MONASH species=Sigma*_b+ pdg=5224 slice=eta_ge_2 p=25 a=20 file=/data/alice/ipardoza/hadronization_production/HF_RUN3_V1/raw/MONASH/hf_MONASH_job020.root
SIGMAB_COUNTS tag=MONASH species=Sigma*_b0 pdg=5214 slice=all p=50 a=44 file=/data/alice/ipardoza/hadronization_production/HF_RUN3_V1/raw/MONASH/hf_MONASH_job020.root
SIGMAB_COUNTS tag=MONASH species=Sigma*_b0 pdg=5214 slice=eta_lt_1 p=8 a=10 file=/data/alice/ipardoza/hadronization_production/HF_RUN3_V1/raw/MONASH/hf_MONASH_job020.root
SIGMAB_COUNTS tag=MONASH species=Sigma*_b0 pdg=5214 slice=eta_1_2 p=9 a=5 file=/data/alice/ipardoza/hadronization_production/HF_RUN3_V1/raw/MONASH/hf_MONASH_job020.root
SIGMAB_COUNTS tag=MONASH species=Sigma*_b0 pdg=5214 slice=eta_ge_2 p=33 a=29 file=/data/alice/ipardoza/hadronization_production/HF_RUN3_V1/raw/MONASH/hf_MONASH_job020.root
SIGMAB_COUNTS tag=MONASH species=Sigma*_b- pdg=5114 slice=all p=58 a=42 file=/data/alice/ipardoza/hadronization_production/HF_RUN3_V1/raw/MONASH/hf_MONASH_job020.root
SIGMAB_COUNTS tag=MONASH species=Sigma*_b- pdg=5114 slice=eta_lt_1 p=9 a=3 file=/data/alice/ipardoza/hadronization_production/HF_RUN3_V1/raw/MONASH/hf_MONASH_job020.root
SIGMAB_COUNTS tag=MONASH species=Sigma*_b- pdg=5114 slice=eta_1_2 p=11 a=16 file=/data/alice/ipardoza/hadronization_production/HF_RUN3_V1/raw/MONASH/hf_MONASH_job020.root
SIGMAB_COUNTS tag=MONASH species=Sigma*_b- pdg=5114 slice=eta_ge_2 p=38 a=23 file=/data/alice/ipardoza/hadronization_production/HF_RUN3_V1/raw/MONASH/hf_MONASH_job020.root
SIGMAB_COUNTS tag=MONASH species=Lambda_b0 pdg=5122 slice=all p=287 a=298 file=/data/alice/ipardoza/hadronization_production/HF_RUN3_V1/raw/MONASH/hf_MONASH_job020.root
SIGMAB_COUNTS tag=MONASH species=Lambda_b0 pdg=5122 slice=eta_lt_1 p=55 a=46 file=/data/alice/ipardoza/hadronization_production/HF_RUN3_V1/raw/MONASH/hf_MONASH_job020.root
SIGMAB_COUNTS tag=MONASH species=Lambda_b0 pdg=5122 slice=eta_1_2 p=60 a=79 file=/data/alice/ipardoza/hadronization_production/HF_RUN3_V1/raw/MONASH/hf_MONASH_job020.root
SIGMAB_COUNTS tag=MONASH species=Lambda_b0 pdg=5122 slice=eta_ge_2 p=172 a=173 file=/data/alice/ipardoza/hadronization_production/HF_RUN3_V1/raw/MONASH/hf_MONASH_job020.root
SIGMAB_COUNTS tag=MONASH species=Xi_b0 pdg=5232 slice=all p=54 a=55 file=/data/alice/ipardoza/hadronization_production/HF_RUN3_V1/raw/MONASH/hf_MONASH_job020.root
SIGMAB_COUNTS tag=MONASH species=Xi_b0 pdg=5232 slice=eta_lt_1 p=5 a=12 file=/data/alice/ipardoza/hadronization_production/HF_RUN3_V1/raw/MONASH/hf_MONASH_job020.root
SIGMAB_COUNTS tag=MONASH species=Xi_b0 pdg=5232 slice=eta_1_2 p=17 a=10 file=/data/alice/ipardoza/hadronization_production/HF_RUN3_V1/raw/MONASH/hf_MONASH_job020.root
SIGMAB_COUNTS tag=MONASH species=Xi_b0 pdg=5232 slice=eta_ge_2 p=32 a=33 file=/data/alice/ipardoza/hadronization_production/HF_RUN3_V1/raw/MONASH/hf_MONASH_job020.root
SIGMAB_COUNTS tag=MONASH species=Xi_b- pdg=5132 slice=all p=51 a=62 file=/data/alice/ipardoza/hadronization_production/HF_RUN3_V1/raw/MONASH/hf_MONASH_job020.root
SIGMAB_COUNTS tag=MONASH species=Xi_b- pdg=5132 slice=eta_lt_1 p=8 a=21 file=/data/alice/ipardoza/hadronization_production/HF_RUN3_V1/raw/MONASH/hf_MONASH_job020.root
SIGMAB_COUNTS tag=MONASH species=Xi_b- pdg=5132 slice=eta_1_2 p=9 a=18 file=/data/alice/ipardoza/hadronization_production/HF_RUN3_V1/raw/MONASH/hf_MONASH_job020.root
SIGMAB_COUNTS tag=MONASH species=Xi_b- pdg=5132 slice=eta_ge_2 p=34 a=23 file=/data/alice/ipardoza/hadronization_production/HF_RUN3_V1/raw/MONASH/hf_MONASH_job020.root
SIGMAB_COUNTS tag=MONASH species=Sigma_b+ pdg=5222 slice=all p=37 a=25 file=/data/alice/ipardoza/hadronization_production/HF_RUN3_V1/raw/MONASH/hf_MONASH_job021.root
SIGMAB_COUNTS tag=MONASH species=Sigma_b+ pdg=5222 slice=eta_lt_1 p=7 a=5 file=/data/alice/ipardoza/hadronization_production/HF_RUN3_V1/raw/MONASH/hf_MONASH_job021.root
SIGMAB_COUNTS tag=MONASH species=Sigma_b+ pdg=5222 slice=eta_1_2 p=5 a=6 file=/data/alice/ipardoza/hadronization_production/HF_RUN3_V1/raw/MONASH/hf_MONASH_job021.root
SIGMAB_COUNTS tag=MONASH species=Sigma_b+ pdg=5222 slice=eta_ge_2 p=25 a=14 file=/data/alice/ipardoza/hadronization_production/HF_RUN3_V1/raw/MONASH/hf_MONASH_job021.root
SIGMAB_COUNTS tag=MONASH species=Sigma_b0 pdg=5212 slice=all p=30 a=15 file=/data/alice/ipardoza/hadronization_production/HF_RUN3_V1/raw/MONASH/hf_MONASH_job021.root
SIGMAB_COUNTS tag=MONASH species=Sigma_b0 pdg=5212 slice=eta_lt_1 p=5 a=3 file=/data/alice/ipardoza/hadronization_production/HF_RUN3_V1/raw/MONASH/hf_MONASH_job021.root
SIGMAB_COUNTS tag=MONASH species=Sigma_b0 pdg=5212 slice=eta_1_2 p=3 a=4 file=/data/alice/ipardoza/hadronization_production/HF_RUN3_V1/raw/MONASH/hf_MONASH_job021.root
SIGMAB_COUNTS tag=MONASH species=Sigma_b0 pdg=5212 slice=eta_ge_2 p=22 a=8 file=/data/alice/ipardoza/hadronization_production/HF_RUN3_V1/raw/MONASH/hf_MONASH_job021.root
SIGMAB_COUNTS tag=MONASH species=Sigma_b- pdg=5112 slice=all p=31 a=17 file=/data/alice/ipardoza/hadronization_production/HF_RUN3_V1/raw/MONASH/hf_MONASH_job021.root
SIGMAB_COUNTS tag=MONASH species=Sigma_b- pdg=5112 slice=eta_lt_1 p=8 a=0 file=/data/alice/ipardoza/hadronization_production/HF_RUN3_V1/raw/MONASH/hf_MONASH_job021.root
SIGMAB_COUNTS tag=MONASH species=Sigma_b- pdg=5112 slice=eta_1_2 p=10 a=3 file=/data/alice/ipardoza/hadronization_production/HF_RUN3_V1/raw/MONASH/hf_MONASH_job021.root
SIGMAB_COUNTS tag=MONASH species=Sigma_b- pdg=5112 slice=eta_ge_2 p=13 a=14 file=/data/alice/ipardoza/hadronization_production/HF_RUN3_V1/raw/MONASH/hf_MONASH_job021.root
SIGMAB_COUNTS tag=MONASH species=Sigma*_b+ pdg=5224 slice=all p=52 a=36 file=/data/alice/ipardoza/hadronization_production/HF_RUN3_V1/raw/MONASH/hf_MONASH_job021.root
SIGMAB_COUNTS tag=MONASH species=Sigma*_b+ pdg=5224 slice=eta_lt_1 p=14 a=5 file=/data/alice/ipardoza/hadronization_production/HF_RUN3_V1/raw/MONASH/hf_MONASH_job021.root
SIGMAB_COUNTS tag=MONASH species=Sigma*_b+ pdg=5224 slice=eta_1_2 p=7 a=10 file=/data/alice/ipardoza/hadronization_production/HF_RUN3_V1/raw/MONASH/hf_MONASH_job021.root
SIGMAB_COUNTS tag=MONASH species=Sigma*_b+ pdg=5224 slice=eta_ge_2 p=31 a=21 file=/data/alice/ipardoza/hadronization_production/HF_RUN3_V1/raw/MONASH/hf_MONASH_job021.root
SIGMAB_COUNTS tag=MONASH species=Sigma*_b0 pdg=5214 slice=all p=36 a=46 file=/data/alice/ipardoza/hadronization_production/HF_RUN3_V1/raw/MONASH/hf_MONASH_job021.root
SIGMAB_COUNTS tag=MONASH species=Sigma*_b0 pdg=5214 slice=eta_lt_1 p=9 a=6 file=/data/alice/ipardoza/hadronization_production/HF_RUN3_V1/raw/MONASH/hf_MONASH_job021.root
SIGMAB_COUNTS tag=MONASH species=Sigma*_b0 pdg=5214 slice=eta_1_2 p=6 a=11 file=/data/alice/ipardoza/hadronization_production/HF_RUN3_V1/raw/MONASH/hf_MONASH_job021.root
SIGMAB_COUNTS tag=MONASH species=Sigma*_b0 pdg=5214 slice=eta_ge_2 p=21 a=29 file=/data/alice/ipardoza/hadronization_production/HF_RUN3_V1/raw/MONASH/hf_MONASH_job021.root
SIGMAB_COUNTS tag=MONASH species=Sigma*_b- pdg=5114 slice=all p=58 a=37 file=/data/alice/ipardoza/hadronization_production/HF_RUN3_V1/raw/MONASH/hf_MONASH_job021.root
SIGMAB_COUNTS tag=MONASH species=Sigma*_b- pdg=5114 slice=eta_lt_1 p=7 a=5 file=/data/alice/ipardoza/hadronization_production/HF_RUN3_V1/raw/MONASH/hf_MONASH_job021.root
SIGMAB_COUNTS tag=MONASH species=Sigma*_b- pdg=5114 slice=eta_1_2 p=10 a=7 file=/data/alice/ipardoza/hadronization_production/HF_RUN3_V1/raw/MONASH/hf_MONASH_job021.root
SIGMAB_COUNTS tag=MONASH species=Sigma*_b- pdg=5114 slice=eta_ge_2 p=41 a=25 file=/data/alice/ipardoza/hadronization_production/HF_RUN3_V1/raw/MONASH/hf_MONASH_job021.root
SIGMAB_COUNTS tag=MONASH species=Lambda_b0 pdg=5122 slice=all p=304 a=305 file=/data/alice/ipardoza/hadronization_production/HF_RUN3_V1/raw/MONASH/hf_MONASH_job021.root
SIGMAB_COUNTS tag=MONASH species=Lambda_b0 pdg=5122 slice=eta_lt_1 p=50 a=52 file=/data/alice/ipardoza/hadronization_production/HF_RUN3_V1/raw/MONASH/hf_MONASH_job021.root
SIGMAB_COUNTS tag=MONASH species=Lambda_b0 pdg=5122 slice=eta_1_2 p=62 a=67 file=/data/alice/ipardoza/hadronization_production/HF_RUN3_V1/raw/MONASH/hf_MONASH_job021.root
SIGMAB_COUNTS tag=MONASH species=Lambda_b0 pdg=5122 slice=eta_ge_2 p=192 a=186 file=/data/alice/ipardoza/hadronization_production/HF_RUN3_V1/raw/MONASH/hf_MONASH_job021.root
SIGMAB_COUNTS tag=MONASH species=Xi_b0 pdg=5232 slice=all p=57 a=44 file=/data/alice/ipardoza/hadronization_production/HF_RUN3_V1/raw/MONASH/hf_MONASH_job021.root
SIGMAB_COUNTS tag=MONASH species=Xi_b0 pdg=5232 slice=eta_lt_1 p=11 a=7 file=/data/alice/ipardoza/hadronization_production/HF_RUN3_V1/raw/MONASH/hf_MONASH_job021.root
SIGMAB_COUNTS tag=MONASH species=Xi_b0 pdg=5232 slice=eta_1_2 p=12 a=9 file=/data/alice/ipardoza/hadronization_production/HF_RUN3_V1/raw/MONASH/hf_MONASH_job021.root
SIGMAB_COUNTS tag=MONASH species=Xi_b0 pdg=5232 slice=eta_ge_2 p=34 a=28 file=/data/alice/ipardoza/hadronization_production/HF_RUN3_V1/raw/MONASH/hf_MONASH_job021.root
SIGMAB_COUNTS tag=MONASH species=Xi_b- pdg=5132 slice=all p=46 a=51 file=/data/alice/ipardoza/hadronization_production/HF_RUN3_V1/raw/MONASH/hf_MONASH_job021.root
SIGMAB_COUNTS tag=MONASH species=Xi_b- pdg=5132 slice=eta_lt_1 p=8 a=8 file=/data/alice/ipardoza/hadronization_production/HF_RUN3_V1/raw/MONASH/hf_MONASH_job021.root
SIGMAB_COUNTS tag=MONASH species=Xi_b- pdg=5132 slice=eta_1_2 p=12 a=4 file=/data/alice/ipardoza/hadronization_production/HF_RUN3_V1/raw/MONASH/hf_MONASH_job021.root
SIGMAB_COUNTS tag=MONASH species=Xi_b- pdg=5132 slice=eta_ge_2 p=26 a=39 file=/data/alice/ipardoza/hadronization_production/HF_RUN3_V1/raw/MONASH/hf_MONASH_job021.root
SIGMAB_COUNTS tag=MONASH species=Sigma_b+ pdg=5222 slice=all p=34 a=19 file=/data/alice/ipardoza/hadronization_production/HF_RUN3_V1/raw/MONASH/hf_MONASH_job022.root
SIGMAB_COUNTS tag=MONASH species=Sigma_b+ pdg=5222 slice=eta_lt_1 p=6 a=5 file=/data/alice/ipardoza/hadronization_production/HF_RUN3_V1/raw/MONASH/hf_MONASH_job022.root
SIGMAB_COUNTS tag=MONASH species=Sigma_b+ pdg=5222 slice=eta_1_2 p=7 a=2 file=/data/alice/ipardoza/hadronization_production/HF_RUN3_V1/raw/MONASH/hf_MONASH_job022.root
SIGMAB_COUNTS tag=MONASH species=Sigma_b+ pdg=5222 slice=eta_ge_2 p=21 a=12 file=/data/alice/ipardoza/hadronization_production/HF_RUN3_V1/raw/MONASH/hf_MONASH_job022.root
SIGMAB_COUNTS tag=MONASH species=Sigma_b0 pdg=5212 slice=all p=24 a=21 file=/data/alice/ipardoza/hadronization_production/HF_RUN3_V1/raw/MONASH/hf_MONASH_job022.root
SIGMAB_COUNTS tag=MONASH species=Sigma_b0 pdg=5212 slice=eta_lt_1 p=3 a=3 file=/data/alice/ipardoza/hadronization_production/HF_RUN3_V1/raw/MONASH/hf_MONASH_job022.root
SIGMAB_COUNTS tag=MONASH species=Sigma_b0 pdg=5212 slice=eta_1_2 p=4 a=5 file=/data/alice/ipardoza/hadronization_production/HF_RUN3_V1/raw/MONASH/hf_MONASH_job022.root
SIGMAB_COUNTS tag=MONASH species=Sigma_b0 pdg=5212 slice=eta_ge_2 p=17 a=13 file=/data/alice/ipardoza/hadronization_production/HF_RUN3_V1/raw/MONASH/hf_MONASH_job022.root
SIGMAB_COUNTS tag=MONASH species=Sigma_b- pdg=5112 slice=all p=21 a=17 file=/data/alice/ipardoza/hadronization_production/HF_RUN3_V1/raw/MONASH/hf_MONASH_job022.root
SIGMAB_COUNTS tag=MONASH species=Sigma_b- pdg=5112 slice=eta_lt_1 p=3 a=4 file=/data/alice/ipardoza/hadronization_production/HF_RUN3_V1/raw/MONASH/hf_MONASH_job022.root
SIGMAB_COUNTS tag=MONASH species=Sigma_b- pdg=5112 slice=eta_1_2 p=4 a=4 file=/data/alice/ipardoza/hadronization_production/HF_RUN3_V1/raw/MONASH/hf_MONASH_job022.root
SIGMAB_COUNTS tag=MONASH species=Sigma_b- pdg=5112 slice=eta_ge_2 p=14 a=9 file=/data/alice/ipardoza/hadronization_production/HF_RUN3_V1/raw/MONASH/hf_MONASH_job022.root
SIGMAB_COUNTS tag=MONASH species=Sigma*_b+ pdg=5224 slice=all p=43 a=38 file=/data/alice/ipardoza/hadronization_production/HF_RUN3_V1/raw/MONASH/hf_MONASH_job022.root
SIGMAB_COUNTS tag=MONASH species=Sigma*_b+ pdg=5224 slice=eta_lt_1 p=7 a=2 file=/data/alice/ipardoza/hadronization_production/HF_RUN3_V1/raw/MONASH/hf_MONASH_job022.root
SIGMAB_COUNTS tag=MONASH species=Sigma*_b+ pdg=5224 slice=eta_1_2 p=6 a=6 file=/data/alice/ipardoza/hadronization_production/HF_RUN3_V1/raw/MONASH/hf_MONASH_job022.root
SIGMAB_COUNTS tag=MONASH species=Sigma*_b+ pdg=5224 slice=eta_ge_2 p=30 a=30 file=/data/alice/ipardoza/hadronization_production/HF_RUN3_V1/raw/MONASH/hf_MONASH_job022.root
SIGMAB_COUNTS tag=MONASH species=Sigma*_b0 pdg=5214 slice=all p=33 a=41 file=/data/alice/ipardoza/hadronization_production/HF_RUN3_V1/raw/MONASH/hf_MONASH_job022.root
SIGMAB_COUNTS tag=MONASH species=Sigma*_b0 pdg=5214 slice=eta_lt_1 p=4 a=7 file=/data/alice/ipardoza/hadronization_production/HF_RUN3_V1/raw/MONASH/hf_MONASH_job022.root
SIGMAB_COUNTS tag=MONASH species=Sigma*_b0 pdg=5214 slice=eta_1_2 p=4 a=14 file=/data/alice/ipardoza/hadronization_production/HF_RUN3_V1/raw/MONASH/hf_MONASH_job022.root
SIGMAB_COUNTS tag=MONASH species=Sigma*_b0 pdg=5214 slice=eta_ge_2 p=25 a=20 file=/data/alice/ipardoza/hadronization_production/HF_RUN3_V1/raw/MONASH/hf_MONASH_job022.root
SIGMAB_COUNTS tag=MONASH species=Sigma*_b- pdg=5114 slice=all p=46 a=41 file=/data/alice/ipardoza/hadronization_production/HF_RUN3_V1/raw/MONASH/hf_MONASH_job022.root
SIGMAB_COUNTS tag=MONASH species=Sigma*_b- pdg=5114 slice=eta_lt_1 p=9 a=10 file=/data/alice/ipardoza/hadronization_production/HF_RUN3_V1/raw/MONASH/hf_MONASH_job022.root
SIGMAB_COUNTS tag=MONASH species=Sigma*_b- pdg=5114 slice=eta_1_2 p=11 a=7 file=/data/alice/ipardoza/hadronization_production/HF_RUN3_V1/raw/MONASH/hf_MONASH_job022.root
SIGMAB_COUNTS tag=MONASH species=Sigma*_b- pdg=5114 slice=eta_ge_2 p=26 a=24 file=/data/alice/ipardoza/hadronization_production/HF_RUN3_V1/raw/MONASH/hf_MONASH_job022.root
SIGMAB_COUNTS tag=MONASH species=Lambda_b0 pdg=5122 slice=all p=301 a=298 file=/data/alice/ipardoza/hadronization_production/HF_RUN3_V1/raw/MONASH/hf_MONASH_job022.root
SIGMAB_COUNTS tag=MONASH species=Lambda_b0 pdg=5122 slice=eta_lt_1 p=65 a=53 file=/data/alice/ipardoza/hadronization_production/HF_RUN3_V1/raw/MONASH/hf_MONASH_job022.root
SIGMAB_COUNTS tag=MONASH species=Lambda_b0 pdg=5122 slice=eta_1_2 p=64 a=61 file=/data/alice/ipardoza/hadronization_production/HF_RUN3_V1/raw/MONASH/hf_MONASH_job022.root
SIGMAB_COUNTS tag=MONASH species=Lambda_b0 pdg=5122 slice=eta_ge_2 p=172 a=184 file=/data/alice/ipardoza/hadronization_production/HF_RUN3_V1/raw/MONASH/hf_MONASH_job022.root
SIGMAB_COUNTS tag=MONASH species=Xi_b0 pdg=5232 slice=all p=56 a=47 file=/data/alice/ipardoza/hadronization_production/HF_RUN3_V1/raw/MONASH/hf_MONASH_job022.root
SIGMAB_COUNTS tag=MONASH species=Xi_b0 pdg=5232 slice=eta_lt_1 p=10 a=11 file=/data/alice/ipardoza/hadronization_production/HF_RUN3_V1/raw/MONASH/hf_MONASH_job022.root
SIGMAB_COUNTS tag=MONASH species=Xi_b0 pdg=5232 slice=eta_1_2 p=14 a=6 file=/data/alice/ipardoza/hadronization_production/HF_RUN3_V1/raw/MONASH/hf_MONASH_job022.root
SIGMAB_COUNTS tag=MONASH species=Xi_b0 pdg=5232 slice=eta_ge_2 p=32 a=30 file=/data/alice/ipardoza/hadronization_production/HF_RUN3_V1/raw/MONASH/hf_MONASH_job022.root
SIGMAB_COUNTS tag=MONASH species=Xi_b- pdg=5132 slice=all p=58 a=42 file=/data/alice/ipardoza/hadronization_production/HF_RUN3_V1/raw/MONASH/hf_MONASH_job022.root
SIGMAB_COUNTS tag=MONASH species=Xi_b- pdg=5132 slice=eta_lt_1 p=10 a=5 file=/data/alice/ipardoza/hadronization_production/HF_RUN3_V1/raw/MONASH/hf_MONASH_job022.root
SIGMAB_COUNTS tag=MONASH species=Xi_b- pdg=5132 slice=eta_1_2 p=14 a=11 file=/data/alice/ipardoza/hadronization_production/HF_RUN3_V1/raw/MONASH/hf_MONASH_job022.root
SIGMAB_COUNTS tag=MONASH species=Xi_b- pdg=5132 slice=eta_ge_2 p=34 a=26 file=/data/alice/ipardoza/hadronization_production/HF_RUN3_V1/raw/MONASH/hf_MONASH_job022.root
SIGMAB_COUNTS tag=MONASH species=Sigma_b+ pdg=5222 slice=all p=37 a=19 file=/data/alice/ipardoza/hadronization_production/HF_RUN3_V1/raw/MONASH/hf_MONASH_job023.root
SIGMAB_COUNTS tag=MONASH species=Sigma_b+ pdg=5222 slice=eta_lt_1 p=2 a=2 file=/data/alice/ipardoza/hadronization_production/HF_RUN3_V1/raw/MONASH/hf_MONASH_job023.root
SIGMAB_COUNTS tag=MONASH species=Sigma_b+ pdg=5222 slice=eta_1_2 p=8 a=6 file=/data/alice/ipardoza/hadronization_production/HF_RUN3_V1/raw/MONASH/hf_MONASH_job023.root
SIGMAB_COUNTS tag=MONASH species=Sigma_b+ pdg=5222 slice=eta_ge_2 p=27 a=11 file=/data/alice/ipardoza/hadronization_production/HF_RUN3_V1/raw/MONASH/hf_MONASH_job023.root
SIGMAB_COUNTS tag=MONASH species=Sigma_b0 pdg=5212 slice=all p=46 a=14 file=/data/alice/ipardoza/hadronization_production/HF_RUN3_V1/raw/MONASH/hf_MONASH_job023.root
SIGMAB_COUNTS tag=MONASH species=Sigma_b0 pdg=5212 slice=eta_lt_1 p=8 a=1 file=/data/alice/ipardoza/hadronization_production/HF_RUN3_V1/raw/MONASH/hf_MONASH_job023.root
SIGMAB_COUNTS tag=MONASH species=Sigma_b0 pdg=5212 slice=eta_1_2 p=11 a=6 file=/data/alice/ipardoza/hadronization_production/HF_RUN3_V1/raw/MONASH/hf_MONASH_job023.root
SIGMAB_COUNTS tag=MONASH species=Sigma_b0 pdg=5212 slice=eta_ge_2 p=27 a=7 file=/data/alice/ipardoza/hadronization_production/HF_RUN3_V1/raw/MONASH/hf_MONASH_job023.root
SIGMAB_COUNTS tag=MONASH species=Sigma_b- pdg=5112 slice=all p=31 a=20 file=/data/alice/ipardoza/hadronization_production/HF_RUN3_V1/raw/MONASH/hf_MONASH_job023.root
SIGMAB_COUNTS tag=MONASH species=Sigma_b- pdg=5112 slice=eta_lt_1 p=6 a=4 file=/data/alice/ipardoza/hadronization_production/HF_RUN3_V1/raw/MONASH/hf_MONASH_job023.root
SIGMAB_COUNTS tag=MONASH species=Sigma_b- pdg=5112 slice=eta_1_2 p=3 a=2 file=/data/alice/ipardoza/hadronization_production/HF_RUN3_V1/raw/MONASH/hf_MONASH_job023.root
SIGMAB_COUNTS tag=MONASH species=Sigma_b- pdg=5112 slice=eta_ge_2 p=22 a=14 file=/data/alice/ipardoza/hadronization_production/HF_RUN3_V1/raw/MONASH/hf_MONASH_job023.root
SIGMAB_COUNTS tag=MONASH species=Sigma*_b+ pdg=5224 slice=all p=45 a=44 file=/data/alice/ipardoza/hadronization_production/HF_RUN3_V1/raw/MONASH/hf_MONASH_job023.root
SIGMAB_COUNTS tag=MONASH species=Sigma*_b+ pdg=5224 slice=eta_lt_1 p=8 a=7 file=/data/alice/ipardoza/hadronization_production/HF_RUN3_V1/raw/MONASH/hf_MONASH_job023.root
SIGMAB_COUNTS tag=MONASH species=Sigma*_b+ pdg=5224 slice=eta_1_2 p=6 a=12 file=/data/alice/ipardoza/hadronization_production/HF_RUN3_V1/raw/MONASH/hf_MONASH_job023.root
SIGMAB_COUNTS tag=MONASH species=Sigma*_b+ pdg=5224 slice=eta_ge_2 p=31 a=25 file=/data/alice/ipardoza/hadronization_production/HF_RUN3_V1/raw/MONASH/hf_MONASH_job023.root
SIGMAB_COUNTS tag=MONASH species=Sigma*_b0 pdg=5214 slice=all p=42 a=33 file=/data/alice/ipardoza/hadronization_production/HF_RUN3_V1/raw/MONASH/hf_MONASH_job023.root
SIGMAB_COUNTS tag=MONASH species=Sigma*_b0 pdg=5214 slice=eta_lt_1 p=13 a=9 file=/data/alice/ipardoza/hadronization_production/HF_RUN3_V1/raw/MONASH/hf_MONASH_job023.root
SIGMAB_COUNTS tag=MONASH species=Sigma*_b0 pdg=5214 slice=eta_1_2 p=6 a=5 file=/data/alice/ipardoza/hadronization_production/HF_RUN3_V1/raw/MONASH/hf_MONASH_job023.root
SIGMAB_COUNTS tag=MONASH species=Sigma*_b0 pdg=5214 slice=eta_ge_2 p=23 a=19 file=/data/alice/ipardoza/hadronization_production/HF_RUN3_V1/raw/MONASH/hf_MONASH_job023.root
SIGMAB_COUNTS tag=MONASH species=Sigma*_b- pdg=5114 slice=all p=59 a=41 file=/data/alice/ipardoza/hadronization_production/HF_RUN3_V1/raw/MONASH/hf_MONASH_job023.root
SIGMAB_COUNTS tag=MONASH species=Sigma*_b- pdg=5114 slice=eta_lt_1 p=10 a=14 file=/data/alice/ipardoza/hadronization_production/HF_RUN3_V1/raw/MONASH/hf_MONASH_job023.root
SIGMAB_COUNTS tag=MONASH species=Sigma*_b- pdg=5114 slice=eta_1_2 p=9 a=4 file=/data/alice/ipardoza/hadronization_production/HF_RUN3_V1/raw/MONASH/hf_MONASH_job023.root
SIGMAB_COUNTS tag=MONASH species=Sigma*_b- pdg=5114 slice=eta_ge_2 p=40 a=23 file=/data/alice/ipardoza/hadronization_production/HF_RUN3_V1/raw/MONASH/hf_MONASH_job023.root
SIGMAB_COUNTS tag=MONASH species=Lambda_b0 pdg=5122 slice=all p=318 a=323 file=/data/alice/ipardoza/hadronization_production/HF_RUN3_V1/raw/MONASH/hf_MONASH_job023.root
SIGMAB_COUNTS tag=MONASH species=Lambda_b0 pdg=5122 slice=eta_lt_1 p=60 a=58 file=/data/alice/ipardoza/hadronization_production/HF_RUN3_V1/raw/MONASH/hf_MONASH_job023.root
SIGMAB_COUNTS tag=MONASH species=Lambda_b0 pdg=5122 slice=eta_1_2 p=70 a=71 file=/data/alice/ipardoza/hadronization_production/HF_RUN3_V1/raw/MONASH/hf_MONASH_job023.root
SIGMAB_COUNTS tag=MONASH species=Lambda_b0 pdg=5122 slice=eta_ge_2 p=188 a=194 file=/data/alice/ipardoza/hadronization_production/HF_RUN3_V1/raw/MONASH/hf_MONASH_job023.root
SIGMAB_COUNTS tag=MONASH species=Xi_b0 pdg=5232 slice=all p=63 a=58 file=/data/alice/ipardoza/hadronization_production/HF_RUN3_V1/raw/MONASH/hf_MONASH_job023.root
SIGMAB_COUNTS tag=MONASH species=Xi_b0 pdg=5232 slice=eta_lt_1 p=9 a=8 file=/data/alice/ipardoza/hadronization_production/HF_RUN3_V1/raw/MONASH/hf_MONASH_job023.root
SIGMAB_COUNTS tag=MONASH species=Xi_b0 pdg=5232 slice=eta_1_2 p=21 a=9 file=/data/alice/ipardoza/hadronization_production/HF_RUN3_V1/raw/MONASH/hf_MONASH_job023.root
SIGMAB_COUNTS tag=MONASH species=Xi_b0 pdg=5232 slice=eta_ge_2 p=33 a=41 file=/data/alice/ipardoza/hadronization_production/HF_RUN3_V1/raw/MONASH/hf_MONASH_job023.root
SIGMAB_COUNTS tag=MONASH species=Xi_b- pdg=5132 slice=all p=63 a=55 file=/data/alice/ipardoza/hadronization_production/HF_RUN3_V1/raw/MONASH/hf_MONASH_job023.root
SIGMAB_COUNTS tag=MONASH species=Xi_b- pdg=5132 slice=eta_lt_1 p=14 a=14 file=/data/alice/ipardoza/hadronization_production/HF_RUN3_V1/raw/MONASH/hf_MONASH_job023.root
SIGMAB_COUNTS tag=MONASH species=Xi_b- pdg=5132 slice=eta_1_2 p=16 a=8 file=/data/alice/ipardoza/hadronization_production/HF_RUN3_V1/raw/MONASH/hf_MONASH_job023.root
SIGMAB_COUNTS tag=MONASH species=Xi_b- pdg=5132 slice=eta_ge_2 p=33 a=33 file=/data/alice/ipardoza/hadronization_production/HF_RUN3_V1/raw/MONASH/hf_MONASH_job023.root
SIGMAB_COUNTS tag=MONASH species=Sigma_b+ pdg=5222 slice=all p=39 a=25 file=/data/alice/ipardoza/hadronization_production/HF_RUN3_V1/raw/MONASH/hf_MONASH_job024.root
SIGMAB_COUNTS tag=MONASH species=Sigma_b+ pdg=5222 slice=eta_lt_1 p=5 a=4 file=/data/alice/ipardoza/hadronization_production/HF_RUN3_V1/raw/MONASH/hf_MONASH_job024.root
SIGMAB_COUNTS tag=MONASH species=Sigma_b+ pdg=5222 slice=eta_1_2 p=12 a=8 file=/data/alice/ipardoza/hadronization_production/HF_RUN3_V1/raw/MONASH/hf_MONASH_job024.root
SIGMAB_COUNTS tag=MONASH species=Sigma_b+ pdg=5222 slice=eta_ge_2 p=22 a=13 file=/data/alice/ipardoza/hadronization_production/HF_RUN3_V1/raw/MONASH/hf_MONASH_job024.root
SIGMAB_COUNTS tag=MONASH species=Sigma_b0 pdg=5212 slice=all p=46 a=22 file=/data/alice/ipardoza/hadronization_production/HF_RUN3_V1/raw/MONASH/hf_MONASH_job024.root
SIGMAB_COUNTS tag=MONASH species=Sigma_b0 pdg=5212 slice=eta_lt_1 p=6 a=1 file=/data/alice/ipardoza/hadronization_production/HF_RUN3_V1/raw/MONASH/hf_MONASH_job024.root
SIGMAB_COUNTS tag=MONASH species=Sigma_b0 pdg=5212 slice=eta_1_2 p=8 a=6 file=/data/alice/ipardoza/hadronization_production/HF_RUN3_V1/raw/MONASH/hf_MONASH_job024.root
SIGMAB_COUNTS tag=MONASH species=Sigma_b0 pdg=5212 slice=eta_ge_2 p=32 a=15 file=/data/alice/ipardoza/hadronization_production/HF_RUN3_V1/raw/MONASH/hf_MONASH_job024.root
SIGMAB_COUNTS tag=MONASH species=Sigma_b- pdg=5112 slice=all p=38 a=15 file=/data/alice/ipardoza/hadronization_production/HF_RUN3_V1/raw/MONASH/hf_MONASH_job024.root
SIGMAB_COUNTS tag=MONASH species=Sigma_b- pdg=5112 slice=eta_lt_1 p=10 a=2 file=/data/alice/ipardoza/hadronization_production/HF_RUN3_V1/raw/MONASH/hf_MONASH_job024.root
SIGMAB_COUNTS tag=MONASH species=Sigma_b- pdg=5112 slice=eta_1_2 p=2 a=6 file=/data/alice/ipardoza/hadronization_production/HF_RUN3_V1/raw/MONASH/hf_MONASH_job024.root
SIGMAB_COUNTS tag=MONASH species=Sigma_b- pdg=5112 slice=eta_ge_2 p=26 a=7 file=/data/alice/ipardoza/hadronization_production/HF_RUN3_V1/raw/MONASH/hf_MONASH_job024.root
SIGMAB_COUNTS tag=MONASH species=Sigma*_b+ pdg=5224 slice=all p=45 a=38 file=/data/alice/ipardoza/hadronization_production/HF_RUN3_V1/raw/MONASH/hf_MONASH_job024.root
SIGMAB_COUNTS tag=MONASH species=Sigma*_b+ pdg=5224 slice=eta_lt_1 p=7 a=3 file=/data/alice/ipardoza/hadronization_production/HF_RUN3_V1/raw/MONASH/hf_MONASH_job024.root
SIGMAB_COUNTS tag=MONASH species=Sigma*_b+ pdg=5224 slice=eta_1_2 p=7 a=9 file=/data/alice/ipardoza/hadronization_production/HF_RUN3_V1/raw/MONASH/hf_MONASH_job024.root
SIGMAB_COUNTS tag=MONASH species=Sigma*_b+ pdg=5224 slice=eta_ge_2 p=31 a=26 file=/data/alice/ipardoza/hadronization_production/HF_RUN3_V1/raw/MONASH/hf_MONASH_job024.root
SIGMAB_COUNTS tag=MONASH species=Sigma*_b0 pdg=5214 slice=all p=64 a=26 file=/data/alice/ipardoza/hadronization_production/HF_RUN3_V1/raw/MONASH/hf_MONASH_job024.root
SIGMAB_COUNTS tag=MONASH species=Sigma*_b0 pdg=5214 slice=eta_lt_1 p=13 a=6 file=/data/alice/ipardoza/hadronization_production/HF_RUN3_V1/raw/MONASH/hf_MONASH_job024.root
SIGMAB_COUNTS tag=MONASH species=Sigma*_b0 pdg=5214 slice=eta_1_2 p=11 a=6 file=/data/alice/ipardoza/hadronization_production/HF_RUN3_V1/raw/MONASH/hf_MONASH_job024.root
SIGMAB_COUNTS tag=MONASH species=Sigma*_b0 pdg=5214 slice=eta_ge_2 p=40 a=14 file=/data/alice/ipardoza/hadronization_production/HF_RUN3_V1/raw/MONASH/hf_MONASH_job024.root
SIGMAB_COUNTS tag=MONASH species=Sigma*_b- pdg=5114 slice=all p=46 a=39 file=/data/alice/ipardoza/hadronization_production/HF_RUN3_V1/raw/MONASH/hf_MONASH_job024.root
SIGMAB_COUNTS tag=MONASH species=Sigma*_b- pdg=5114 slice=eta_lt_1 p=7 a=9 file=/data/alice/ipardoza/hadronization_production/HF_RUN3_V1/raw/MONASH/hf_MONASH_job024.root
SIGMAB_COUNTS tag=MONASH species=Sigma*_b- pdg=5114 slice=eta_1_2 p=12 a=8 file=/data/alice/ipardoza/hadronization_production/HF_RUN3_V1/raw/MONASH/hf_MONASH_job024.root
SIGMAB_COUNTS tag=MONASH species=Sigma*_b- pdg=5114 slice=eta_ge_2 p=27 a=22 file=/data/alice/ipardoza/hadronization_production/HF_RUN3_V1/raw/MONASH/hf_MONASH_job024.root
SIGMAB_COUNTS tag=MONASH species=Lambda_b0 pdg=5122 slice=all p=324 a=323 file=/data/alice/ipardoza/hadronization_production/HF_RUN3_V1/raw/MONASH/hf_MONASH_job024.root
SIGMAB_COUNTS tag=MONASH species=Lambda_b0 pdg=5122 slice=eta_lt_1 p=59 a=53 file=/data/alice/ipardoza/hadronization_production/HF_RUN3_V1/raw/MONASH/hf_MONASH_job024.root
SIGMAB_COUNTS tag=MONASH species=Lambda_b0 pdg=5122 slice=eta_1_2 p=69 a=73 file=/data/alice/ipardoza/hadronization_production/HF_RUN3_V1/raw/MONASH/hf_MONASH_job024.root
SIGMAB_COUNTS tag=MONASH species=Lambda_b0 pdg=5122 slice=eta_ge_2 p=196 a=197 file=/data/alice/ipardoza/hadronization_production/HF_RUN3_V1/raw/MONASH/hf_MONASH_job024.root
SIGMAB_COUNTS tag=MONASH species=Xi_b0 pdg=5232 slice=all p=54 a=51 file=/data/alice/ipardoza/hadronization_production/HF_RUN3_V1/raw/MONASH/hf_MONASH_job024.root
SIGMAB_COUNTS tag=MONASH species=Xi_b0 pdg=5232 slice=eta_lt_1 p=12 a=19 file=/data/alice/ipardoza/hadronization_production/HF_RUN3_V1/raw/MONASH/hf_MONASH_job024.root
SIGMAB_COUNTS tag=MONASH species=Xi_b0 pdg=5232 slice=eta_1_2 p=12 a=12 file=/data/alice/ipardoza/hadronization_production/HF_RUN3_V1/raw/MONASH/hf_MONASH_job024.root
SIGMAB_COUNTS tag=MONASH species=Xi_b0 pdg=5232 slice=eta_ge_2 p=30 a=20 file=/data/alice/ipardoza/hadronization_production/HF_RUN3_V1/raw/MONASH/hf_MONASH_job024.root
SIGMAB_COUNTS tag=MONASH species=Xi_b- pdg=5132 slice=all p=53 a=57 file=/data/alice/ipardoza/hadronization_production/HF_RUN3_V1/raw/MONASH/hf_MONASH_job024.root
SIGMAB_COUNTS tag=MONASH species=Xi_b- pdg=5132 slice=eta_lt_1 p=12 a=11 file=/data/alice/ipardoza/hadronization_production/HF_RUN3_V1/raw/MONASH/hf_MONASH_job024.root
SIGMAB_COUNTS tag=MONASH species=Xi_b- pdg=5132 slice=eta_1_2 p=8 a=8 file=/data/alice/ipardoza/hadronization_production/HF_RUN3_V1/raw/MONASH/hf_MONASH_job024.root
SIGMAB_COUNTS tag=MONASH species=Xi_b- pdg=5132 slice=eta_ge_2 p=33 a=38 file=/data/alice/ipardoza/hadronization_production/HF_RUN3_V1/raw/MONASH/hf_MONASH_job024.root
SIGMAB_COUNTS tag=MONASH species=Sigma_b+ pdg=5222 slice=all p=35 a=25 file=/data/alice/ipardoza/hadronization_production/HF_RUN3_V1/raw/MONASH/hf_MONASH_job025.root
SIGMAB_COUNTS tag=MONASH species=Sigma_b+ pdg=5222 slice=eta_lt_1 p=7 a=4 file=/data/alice/ipardoza/hadronization_production/HF_RUN3_V1/raw/MONASH/hf_MONASH_job025.root
SIGMAB_COUNTS tag=MONASH species=Sigma_b+ pdg=5222 slice=eta_1_2 p=4 a=5 file=/data/alice/ipardoza/hadronization_production/HF_RUN3_V1/raw/MONASH/hf_MONASH_job025.root
SIGMAB_COUNTS tag=MONASH species=Sigma_b+ pdg=5222 slice=eta_ge_2 p=24 a=16 file=/data/alice/ipardoza/hadronization_production/HF_RUN3_V1/raw/MONASH/hf_MONASH_job025.root
SIGMAB_COUNTS tag=MONASH species=Sigma_b0 pdg=5212 slice=all p=34 a=27 file=/data/alice/ipardoza/hadronization_production/HF_RUN3_V1/raw/MONASH/hf_MONASH_job025.root
SIGMAB_COUNTS tag=MONASH species=Sigma_b0 pdg=5212 slice=eta_lt_1 p=7 a=8 file=/data/alice/ipardoza/hadronization_production/HF_RUN3_V1/raw/MONASH/hf_MONASH_job025.root
SIGMAB_COUNTS tag=MONASH species=Sigma_b0 pdg=5212 slice=eta_1_2 p=5 a=4 file=/data/alice/ipardoza/hadronization_production/HF_RUN3_V1/raw/MONASH/hf_MONASH_job025.root
SIGMAB_COUNTS tag=MONASH species=Sigma_b0 pdg=5212 slice=eta_ge_2 p=22 a=15 file=/data/alice/ipardoza/hadronization_production/HF_RUN3_V1/raw/MONASH/hf_MONASH_job025.root
SIGMAB_COUNTS tag=MONASH species=Sigma_b- pdg=5112 slice=all p=34 a=22 file=/data/alice/ipardoza/hadronization_production/HF_RUN3_V1/raw/MONASH/hf_MONASH_job025.root
SIGMAB_COUNTS tag=MONASH species=Sigma_b- pdg=5112 slice=eta_lt_1 p=4 a=4 file=/data/alice/ipardoza/hadronization_production/HF_RUN3_V1/raw/MONASH/hf_MONASH_job025.root
SIGMAB_COUNTS tag=MONASH species=Sigma_b- pdg=5112 slice=eta_1_2 p=10 a=6 file=/data/alice/ipardoza/hadronization_production/HF_RUN3_V1/raw/MONASH/hf_MONASH_job025.root
SIGMAB_COUNTS tag=MONASH species=Sigma_b- pdg=5112 slice=eta_ge_2 p=20 a=12 file=/data/alice/ipardoza/hadronization_production/HF_RUN3_V1/raw/MONASH/hf_MONASH_job025.root
SIGMAB_COUNTS tag=MONASH species=Sigma*_b+ pdg=5224 slice=all p=54 a=36 file=/data/alice/ipardoza/hadronization_production/HF_RUN3_V1/raw/MONASH/hf_MONASH_job025.root
SIGMAB_COUNTS tag=MONASH species=Sigma*_b+ pdg=5224 slice=eta_lt_1 p=7 a=6 file=/data/alice/ipardoza/hadronization_production/HF_RUN3_V1/raw/MONASH/hf_MONASH_job025.root
SIGMAB_COUNTS tag=MONASH species=Sigma*_b+ pdg=5224 slice=eta_1_2 p=11 a=11 file=/data/alice/ipardoza/hadronization_production/HF_RUN3_V1/raw/MONASH/hf_MONASH_job025.root
SIGMAB_COUNTS tag=MONASH species=Sigma*_b+ pdg=5224 slice=eta_ge_2 p=36 a=19 file=/data/alice/ipardoza/hadronization_production/HF_RUN3_V1/raw/MONASH/hf_MONASH_job025.root
SIGMAB_COUNTS tag=MONASH species=Sigma*_b0 pdg=5214 slice=all p=55 a=55 file=/data/alice/ipardoza/hadronization_production/HF_RUN3_V1/raw/MONASH/hf_MONASH_job025.root
SIGMAB_COUNTS tag=MONASH species=Sigma*_b0 pdg=5214 slice=eta_lt_1 p=11 a=7 file=/data/alice/ipardoza/hadronization_production/HF_RUN3_V1/raw/MONASH/hf_MONASH_job025.root
SIGMAB_COUNTS tag=MONASH species=Sigma*_b0 pdg=5214 slice=eta_1_2 p=10 a=12 file=/data/alice/ipardoza/hadronization_production/HF_RUN3_V1/raw/MONASH/hf_MONASH_job025.root
SIGMAB_COUNTS tag=MONASH species=Sigma*_b0 pdg=5214 slice=eta_ge_2 p=34 a=36 file=/data/alice/ipardoza/hadronization_production/HF_RUN3_V1/raw/MONASH/hf_MONASH_job025.root
SIGMAB_COUNTS tag=MONASH species=Sigma*_b- pdg=5114 slice=all p=56 a=52 file=/data/alice/ipardoza/hadronization_production/HF_RUN3_V1/raw/MONASH/hf_MONASH_job025.root
SIGMAB_COUNTS tag=MONASH species=Sigma*_b- pdg=5114 slice=eta_lt_1 p=15 a=10 file=/data/alice/ipardoza/hadronization_production/HF_RUN3_V1/raw/MONASH/hf_MONASH_job025.root
SIGMAB_COUNTS tag=MONASH species=Sigma*_b- pdg=5114 slice=eta_1_2 p=13 a=10 file=/data/alice/ipardoza/hadronization_production/HF_RUN3_V1/raw/MONASH/hf_MONASH_job025.root
SIGMAB_COUNTS tag=MONASH species=Sigma*_b- pdg=5114 slice=eta_ge_2 p=28 a=32 file=/data/alice/ipardoza/hadronization_production/HF_RUN3_V1/raw/MONASH/hf_MONASH_job025.root
SIGMAB_COUNTS tag=MONASH species=Lambda_b0 pdg=5122 slice=all p=355 a=325 file=/data/alice/ipardoza/hadronization_production/HF_RUN3_V1/raw/MONASH/hf_MONASH_job025.root
SIGMAB_COUNTS tag=MONASH species=Lambda_b0 pdg=5122 slice=eta_lt_1 p=58 a=67 file=/data/alice/ipardoza/hadronization_production/HF_RUN3_V1/raw/MONASH/hf_MONASH_job025.root
SIGMAB_COUNTS tag=MONASH species=Lambda_b0 pdg=5122 slice=eta_1_2 p=88 a=72 file=/data/alice/ipardoza/hadronization_production/HF_RUN3_V1/raw/MONASH/hf_MONASH_job025.root
SIGMAB_COUNTS tag=MONASH species=Lambda_b0 pdg=5122 slice=eta_ge_2 p=209 a=186 file=/data/alice/ipardoza/hadronization_production/HF_RUN3_V1/raw/MONASH/hf_MONASH_job025.root
SIGMAB_COUNTS tag=MONASH species=Xi_b0 pdg=5232 slice=all p=52 a=54 file=/data/alice/ipardoza/hadronization_production/HF_RUN3_V1/raw/MONASH/hf_MONASH_job025.root
SIGMAB_COUNTS tag=MONASH species=Xi_b0 pdg=5232 slice=eta_lt_1 p=11 a=9 file=/data/alice/ipardoza/hadronization_production/HF_RUN3_V1/raw/MONASH/hf_MONASH_job025.root
SIGMAB_COUNTS tag=MONASH species=Xi_b0 pdg=5232 slice=eta_1_2 p=11 a=19 file=/data/alice/ipardoza/hadronization_production/HF_RUN3_V1/raw/MONASH/hf_MONASH_job025.root
SIGMAB_COUNTS tag=MONASH species=Xi_b0 pdg=5232 slice=eta_ge_2 p=30 a=26 file=/data/alice/ipardoza/hadronization_production/HF_RUN3_V1/raw/MONASH/hf_MONASH_job025.root
SIGMAB_COUNTS tag=MONASH species=Xi_b- pdg=5132 slice=all p=36 a=67 file=/data/alice/ipardoza/hadronization_production/HF_RUN3_V1/raw/MONASH/hf_MONASH_job025.root
SIGMAB_COUNTS tag=MONASH species=Xi_b- pdg=5132 slice=eta_lt_1 p=10 a=7 file=/data/alice/ipardoza/hadronization_production/HF_RUN3_V1/raw/MONASH/hf_MONASH_job025.root
SIGMAB_COUNTS tag=MONASH species=Xi_b- pdg=5132 slice=eta_1_2 p=2 a=18 file=/data/alice/ipardoza/hadronization_production/HF_RUN3_V1/raw/MONASH/hf_MONASH_job025.root
SIGMAB_COUNTS tag=MONASH species=Xi_b- pdg=5132 slice=eta_ge_2 p=24 a=42 file=/data/alice/ipardoza/hadronization_production/HF_RUN3_V1/raw/MONASH/hf_MONASH_job025.root
SIGMAB_COUNTS tag=MONASH species=Sigma_b+ pdg=5222 slice=all p=39 a=20 file=/data/alice/ipardoza/hadronization_production/HF_RUN3_V1/raw/MONASH/hf_MONASH_job026.root
SIGMAB_COUNTS tag=MONASH species=Sigma_b+ pdg=5222 slice=eta_lt_1 p=6 a=5 file=/data/alice/ipardoza/hadronization_production/HF_RUN3_V1/raw/MONASH/hf_MONASH_job026.root
SIGMAB_COUNTS tag=MONASH species=Sigma_b+ pdg=5222 slice=eta_1_2 p=9 a=2 file=/data/alice/ipardoza/hadronization_production/HF_RUN3_V1/raw/MONASH/hf_MONASH_job026.root
SIGMAB_COUNTS tag=MONASH species=Sigma_b+ pdg=5222 slice=eta_ge_2 p=24 a=13 file=/data/alice/ipardoza/hadronization_production/HF_RUN3_V1/raw/MONASH/hf_MONASH_job026.root
SIGMAB_COUNTS tag=MONASH species=Sigma_b0 pdg=5212 slice=all p=37 a=18 file=/data/alice/ipardoza/hadronization_production/HF_RUN3_V1/raw/MONASH/hf_MONASH_job026.root
SIGMAB_COUNTS tag=MONASH species=Sigma_b0 pdg=5212 slice=eta_lt_1 p=8 a=7 file=/data/alice/ipardoza/hadronization_production/HF_RUN3_V1/raw/MONASH/hf_MONASH_job026.root
SIGMAB_COUNTS tag=MONASH species=Sigma_b0 pdg=5212 slice=eta_1_2 p=8 a=4 file=/data/alice/ipardoza/hadronization_production/HF_RUN3_V1/raw/MONASH/hf_MONASH_job026.root
SIGMAB_COUNTS tag=MONASH species=Sigma_b0 pdg=5212 slice=eta_ge_2 p=21 a=7 file=/data/alice/ipardoza/hadronization_production/HF_RUN3_V1/raw/MONASH/hf_MONASH_job026.root
SIGMAB_COUNTS tag=MONASH species=Sigma_b- pdg=5112 slice=all p=39 a=31 file=/data/alice/ipardoza/hadronization_production/HF_RUN3_V1/raw/MONASH/hf_MONASH_job026.root
SIGMAB_COUNTS tag=MONASH species=Sigma_b- pdg=5112 slice=eta_lt_1 p=6 a=6 file=/data/alice/ipardoza/hadronization_production/HF_RUN3_V1/raw/MONASH/hf_MONASH_job026.root
SIGMAB_COUNTS tag=MONASH species=Sigma_b- pdg=5112 slice=eta_1_2 p=6 a=5 file=/data/alice/ipardoza/hadronization_production/HF_RUN3_V1/raw/MONASH/hf_MONASH_job026.root
SIGMAB_COUNTS tag=MONASH species=Sigma_b- pdg=5112 slice=eta_ge_2 p=27 a=20 file=/data/alice/ipardoza/hadronization_production/HF_RUN3_V1/raw/MONASH/hf_MONASH_job026.root
SIGMAB_COUNTS tag=MONASH species=Sigma*_b+ pdg=5224 slice=all p=59 a=48 file=/data/alice/ipardoza/hadronization_production/HF_RUN3_V1/raw/MONASH/hf_MONASH_job026.root
SIGMAB_COUNTS tag=MONASH species=Sigma*_b+ pdg=5224 slice=eta_lt_1 p=7 a=16 file=/data/alice/ipardoza/hadronization_production/HF_RUN3_V1/raw/MONASH/hf_MONASH_job026.root
SIGMAB_COUNTS tag=MONASH species=Sigma*_b+ pdg=5224 slice=eta_1_2 p=13 a=10 file=/data/alice/ipardoza/hadronization_production/HF_RUN3_V1/raw/MONASH/hf_MONASH_job026.root
SIGMAB_COUNTS tag=MONASH species=Sigma*_b+ pdg=5224 slice=eta_ge_2 p=39 a=22 file=/data/alice/ipardoza/hadronization_production/HF_RUN3_V1/raw/MONASH/hf_MONASH_job026.root
SIGMAB_COUNTS tag=MONASH species=Sigma*_b0 pdg=5214 slice=all p=57 a=39 file=/data/alice/ipardoza/hadronization_production/HF_RUN3_V1/raw/MONASH/hf_MONASH_job026.root
SIGMAB_COUNTS tag=MONASH species=Sigma*_b0 pdg=5214 slice=eta_lt_1 p=9 a=7 file=/data/alice/ipardoza/hadronization_production/HF_RUN3_V1/raw/MONASH/hf_MONASH_job026.root
SIGMAB_COUNTS tag=MONASH species=Sigma*_b0 pdg=5214 slice=eta_1_2 p=12 a=18 file=/data/alice/ipardoza/hadronization_production/HF_RUN3_V1/raw/MONASH/hf_MONASH_job026.root
SIGMAB_COUNTS tag=MONASH species=Sigma*_b0 pdg=5214 slice=eta_ge_2 p=36 a=14 file=/data/alice/ipardoza/hadronization_production/HF_RUN3_V1/raw/MONASH/hf_MONASH_job026.root
SIGMAB_COUNTS tag=MONASH species=Sigma*_b- pdg=5114 slice=all p=59 a=45 file=/data/alice/ipardoza/hadronization_production/HF_RUN3_V1/raw/MONASH/hf_MONASH_job026.root
SIGMAB_COUNTS tag=MONASH species=Sigma*_b- pdg=5114 slice=eta_lt_1 p=12 a=6 file=/data/alice/ipardoza/hadronization_production/HF_RUN3_V1/raw/MONASH/hf_MONASH_job026.root
SIGMAB_COUNTS tag=MONASH species=Sigma*_b- pdg=5114 slice=eta_1_2 p=15 a=8 file=/data/alice/ipardoza/hadronization_production/HF_RUN3_V1/raw/MONASH/hf_MONASH_job026.root
SIGMAB_COUNTS tag=MONASH species=Sigma*_b- pdg=5114 slice=eta_ge_2 p=32 a=31 file=/data/alice/ipardoza/hadronization_production/HF_RUN3_V1/raw/MONASH/hf_MONASH_job026.root
SIGMAB_COUNTS tag=MONASH species=Lambda_b0 pdg=5122 slice=all p=299 a=294 file=/data/alice/ipardoza/hadronization_production/HF_RUN3_V1/raw/MONASH/hf_MONASH_job026.root
SIGMAB_COUNTS tag=MONASH species=Lambda_b0 pdg=5122 slice=eta_lt_1 p=58 a=66 file=/data/alice/ipardoza/hadronization_production/HF_RUN3_V1/raw/MONASH/hf_MONASH_job026.root
SIGMAB_COUNTS tag=MONASH species=Lambda_b0 pdg=5122 slice=eta_1_2 p=72 a=53 file=/data/alice/ipardoza/hadronization_production/HF_RUN3_V1/raw/MONASH/hf_MONASH_job026.root
SIGMAB_COUNTS tag=MONASH species=Lambda_b0 pdg=5122 slice=eta_ge_2 p=169 a=175 file=/data/alice/ipardoza/hadronization_production/HF_RUN3_V1/raw/MONASH/hf_MONASH_job026.root
SIGMAB_COUNTS tag=MONASH species=Xi_b0 pdg=5232 slice=all p=55 a=60 file=/data/alice/ipardoza/hadronization_production/HF_RUN3_V1/raw/MONASH/hf_MONASH_job026.root
SIGMAB_COUNTS tag=MONASH species=Xi_b0 pdg=5232 slice=eta_lt_1 p=16 a=13 file=/data/alice/ipardoza/hadronization_production/HF_RUN3_V1/raw/MONASH/hf_MONASH_job026.root
SIGMAB_COUNTS tag=MONASH species=Xi_b0 pdg=5232 slice=eta_1_2 p=15 a=14 file=/data/alice/ipardoza/hadronization_production/HF_RUN3_V1/raw/MONASH/hf_MONASH_job026.root
SIGMAB_COUNTS tag=MONASH species=Xi_b0 pdg=5232 slice=eta_ge_2 p=24 a=33 file=/data/alice/ipardoza/hadronization_production/HF_RUN3_V1/raw/MONASH/hf_MONASH_job026.root
SIGMAB_COUNTS tag=MONASH species=Xi_b- pdg=5132 slice=all p=57 a=58 file=/data/alice/ipardoza/hadronization_production/HF_RUN3_V1/raw/MONASH/hf_MONASH_job026.root
SIGMAB_COUNTS tag=MONASH species=Xi_b- pdg=5132 slice=eta_lt_1 p=8 a=18 file=/data/alice/ipardoza/hadronization_production/HF_RUN3_V1/raw/MONASH/hf_MONASH_job026.root
SIGMAB_COUNTS tag=MONASH species=Xi_b- pdg=5132 slice=eta_1_2 p=21 a=12 file=/data/alice/ipardoza/hadronization_production/HF_RUN3_V1/raw/MONASH/hf_MONASH_job026.root
SIGMAB_COUNTS tag=MONASH species=Xi_b- pdg=5132 slice=eta_ge_2 p=28 a=28 file=/data/alice/ipardoza/hadronization_production/HF_RUN3_V1/raw/MONASH/hf_MONASH_job026.root
SIGMAB_COUNTS tag=MONASH species=Sigma_b+ pdg=5222 slice=all p=17 a=25 file=/data/alice/ipardoza/hadronization_production/HF_RUN3_V1/raw/MONASH/hf_MONASH_job027.root
SIGMAB_COUNTS tag=MONASH species=Sigma_b+ pdg=5222 slice=eta_lt_1 p=1 a=3 file=/data/alice/ipardoza/hadronization_production/HF_RUN3_V1/raw/MONASH/hf_MONASH_job027.root
SIGMAB_COUNTS tag=MONASH species=Sigma_b+ pdg=5222 slice=eta_1_2 p=1 a=3 file=/data/alice/ipardoza/hadronization_production/HF_RUN3_V1/raw/MONASH/hf_MONASH_job027.root
SIGMAB_COUNTS tag=MONASH species=Sigma_b+ pdg=5222 slice=eta_ge_2 p=15 a=19 file=/data/alice/ipardoza/hadronization_production/HF_RUN3_V1/raw/MONASH/hf_MONASH_job027.root
SIGMAB_COUNTS tag=MONASH species=Sigma_b0 pdg=5212 slice=all p=33 a=18 file=/data/alice/ipardoza/hadronization_production/HF_RUN3_V1/raw/MONASH/hf_MONASH_job027.root
SIGMAB_COUNTS tag=MONASH species=Sigma_b0 pdg=5212 slice=eta_lt_1 p=3 a=3 file=/data/alice/ipardoza/hadronization_production/HF_RUN3_V1/raw/MONASH/hf_MONASH_job027.root
SIGMAB_COUNTS tag=MONASH species=Sigma_b0 pdg=5212 slice=eta_1_2 p=7 a=3 file=/data/alice/ipardoza/hadronization_production/HF_RUN3_V1/raw/MONASH/hf_MONASH_job027.root
SIGMAB_COUNTS tag=MONASH species=Sigma_b0 pdg=5212 slice=eta_ge_2 p=23 a=12 file=/data/alice/ipardoza/hadronization_production/HF_RUN3_V1/raw/MONASH/hf_MONASH_job027.root
SIGMAB_COUNTS tag=MONASH species=Sigma_b- pdg=5112 slice=all p=29 a=18 file=/data/alice/ipardoza/hadronization_production/HF_RUN3_V1/raw/MONASH/hf_MONASH_job027.root
SIGMAB_COUNTS tag=MONASH species=Sigma_b- pdg=5112 slice=eta_lt_1 p=5 a=1 file=/data/alice/ipardoza/hadronization_production/HF_RUN3_V1/raw/MONASH/hf_MONASH_job027.root
SIGMAB_COUNTS tag=MONASH species=Sigma_b- pdg=5112 slice=eta_1_2 p=4 a=3 file=/data/alice/ipardoza/hadronization_production/HF_RUN3_V1/raw/MONASH/hf_MONASH_job027.root
SIGMAB_COUNTS tag=MONASH species=Sigma_b- pdg=5112 slice=eta_ge_2 p=20 a=14 file=/data/alice/ipardoza/hadronization_production/HF_RUN3_V1/raw/MONASH/hf_MONASH_job027.root
SIGMAB_COUNTS tag=MONASH species=Sigma*_b+ pdg=5224 slice=all p=62 a=38 file=/data/alice/ipardoza/hadronization_production/HF_RUN3_V1/raw/MONASH/hf_MONASH_job027.root
SIGMAB_COUNTS tag=MONASH species=Sigma*_b+ pdg=5224 slice=eta_lt_1 p=5 a=6 file=/data/alice/ipardoza/hadronization_production/HF_RUN3_V1/raw/MONASH/hf_MONASH_job027.root
SIGMAB_COUNTS tag=MONASH species=Sigma*_b+ pdg=5224 slice=eta_1_2 p=15 a=11 file=/data/alice/ipardoza/hadronization_production/HF_RUN3_V1/raw/MONASH/hf_MONASH_job027.root
SIGMAB_COUNTS tag=MONASH species=Sigma*_b+ pdg=5224 slice=eta_ge_2 p=42 a=21 file=/data/alice/ipardoza/hadronization_production/HF_RUN3_V1/raw/MONASH/hf_MONASH_job027.root
SIGMAB_COUNTS tag=MONASH species=Sigma*_b0 pdg=5214 slice=all p=66 a=39 file=/data/alice/ipardoza/hadronization_production/HF_RUN3_V1/raw/MONASH/hf_MONASH_job027.root
SIGMAB_COUNTS tag=MONASH species=Sigma*_b0 pdg=5214 slice=eta_lt_1 p=8 a=9 file=/data/alice/ipardoza/hadronization_production/HF_RUN3_V1/raw/MONASH/hf_MONASH_job027.root
SIGMAB_COUNTS tag=MONASH species=Sigma*_b0 pdg=5214 slice=eta_1_2 p=16 a=8 file=/data/alice/ipardoza/hadronization_production/HF_RUN3_V1/raw/MONASH/hf_MONASH_job027.root
SIGMAB_COUNTS tag=MONASH species=Sigma*_b0 pdg=5214 slice=eta_ge_2 p=42 a=22 file=/data/alice/ipardoza/hadronization_production/HF_RUN3_V1/raw/MONASH/hf_MONASH_job027.root
SIGMAB_COUNTS tag=MONASH species=Sigma*_b- pdg=5114 slice=all p=54 a=44 file=/data/alice/ipardoza/hadronization_production/HF_RUN3_V1/raw/MONASH/hf_MONASH_job027.root
SIGMAB_COUNTS tag=MONASH species=Sigma*_b- pdg=5114 slice=eta_lt_1 p=5 a=7 file=/data/alice/ipardoza/hadronization_production/HF_RUN3_V1/raw/MONASH/hf_MONASH_job027.root
SIGMAB_COUNTS tag=MONASH species=Sigma*_b- pdg=5114 slice=eta_1_2 p=13 a=6 file=/data/alice/ipardoza/hadronization_production/HF_RUN3_V1/raw/MONASH/hf_MONASH_job027.root
SIGMAB_COUNTS tag=MONASH species=Sigma*_b- pdg=5114 slice=eta_ge_2 p=36 a=31 file=/data/alice/ipardoza/hadronization_production/HF_RUN3_V1/raw/MONASH/hf_MONASH_job027.root
SIGMAB_COUNTS tag=MONASH species=Lambda_b0 pdg=5122 slice=all p=338 a=294 file=/data/alice/ipardoza/hadronization_production/HF_RUN3_V1/raw/MONASH/hf_MONASH_job027.root
SIGMAB_COUNTS tag=MONASH species=Lambda_b0 pdg=5122 slice=eta_lt_1 p=68 a=54 file=/data/alice/ipardoza/hadronization_production/HF_RUN3_V1/raw/MONASH/hf_MONASH_job027.root
SIGMAB_COUNTS tag=MONASH species=Lambda_b0 pdg=5122 slice=eta_1_2 p=82 a=62 file=/data/alice/ipardoza/hadronization_production/HF_RUN3_V1/raw/MONASH/hf_MONASH_job027.root
SIGMAB_COUNTS tag=MONASH species=Lambda_b0 pdg=5122 slice=eta_ge_2 p=188 a=178 file=/data/alice/ipardoza/hadronization_production/HF_RUN3_V1/raw/MONASH/hf_MONASH_job027.root
SIGMAB_COUNTS tag=MONASH species=Xi_b0 pdg=5232 slice=all p=59 a=63 file=/data/alice/ipardoza/hadronization_production/HF_RUN3_V1/raw/MONASH/hf_MONASH_job027.root
SIGMAB_COUNTS tag=MONASH species=Xi_b0 pdg=5232 slice=eta_lt_1 p=9 a=14 file=/data/alice/ipardoza/hadronization_production/HF_RUN3_V1/raw/MONASH/hf_MONASH_job027.root
SIGMAB_COUNTS tag=MONASH species=Xi_b0 pdg=5232 slice=eta_1_2 p=18 a=10 file=/data/alice/ipardoza/hadronization_production/HF_RUN3_V1/raw/MONASH/hf_MONASH_job027.root
SIGMAB_COUNTS tag=MONASH species=Xi_b0 pdg=5232 slice=eta_ge_2 p=32 a=39 file=/data/alice/ipardoza/hadronization_production/HF_RUN3_V1/raw/MONASH/hf_MONASH_job027.root
SIGMAB_COUNTS tag=MONASH species=Xi_b- pdg=5132 slice=all p=52 a=56 file=/data/alice/ipardoza/hadronization_production/HF_RUN3_V1/raw/MONASH/hf_MONASH_job027.root
SIGMAB_COUNTS tag=MONASH species=Xi_b- pdg=5132 slice=eta_lt_1 p=10 a=10 file=/data/alice/ipardoza/hadronization_production/HF_RUN3_V1/raw/MONASH/hf_MONASH_job027.root
SIGMAB_COUNTS tag=MONASH species=Xi_b- pdg=5132 slice=eta_1_2 p=12 a=9 file=/data/alice/ipardoza/hadronization_production/HF_RUN3_V1/raw/MONASH/hf_MONASH_job027.root
SIGMAB_COUNTS tag=MONASH species=Xi_b- pdg=5132 slice=eta_ge_2 p=30 a=37 file=/data/alice/ipardoza/hadronization_production/HF_RUN3_V1/raw/MONASH/hf_MONASH_job027.root
SIGMAB_COUNTS tag=MONASH species=Sigma_b+ pdg=5222 slice=all p=37 a=26 file=/data/alice/ipardoza/hadronization_production/HF_RUN3_V1/raw/MONASH/hf_MONASH_job028.root
SIGMAB_COUNTS tag=MONASH species=Sigma_b+ pdg=5222 slice=eta_lt_1 p=5 a=5 file=/data/alice/ipardoza/hadronization_production/HF_RUN3_V1/raw/MONASH/hf_MONASH_job028.root
SIGMAB_COUNTS tag=MONASH species=Sigma_b+ pdg=5222 slice=eta_1_2 p=4 a=4 file=/data/alice/ipardoza/hadronization_production/HF_RUN3_V1/raw/MONASH/hf_MONASH_job028.root
SIGMAB_COUNTS tag=MONASH species=Sigma_b+ pdg=5222 slice=eta_ge_2 p=28 a=17 file=/data/alice/ipardoza/hadronization_production/HF_RUN3_V1/raw/MONASH/hf_MONASH_job028.root
SIGMAB_COUNTS tag=MONASH species=Sigma_b0 pdg=5212 slice=all p=38 a=19 file=/data/alice/ipardoza/hadronization_production/HF_RUN3_V1/raw/MONASH/hf_MONASH_job028.root
SIGMAB_COUNTS tag=MONASH species=Sigma_b0 pdg=5212 slice=eta_lt_1 p=6 a=3 file=/data/alice/ipardoza/hadronization_production/HF_RUN3_V1/raw/MONASH/hf_MONASH_job028.root
SIGMAB_COUNTS tag=MONASH species=Sigma_b0 pdg=5212 slice=eta_1_2 p=6 a=4 file=/data/alice/ipardoza/hadronization_production/HF_RUN3_V1/raw/MONASH/hf_MONASH_job028.root
SIGMAB_COUNTS tag=MONASH species=Sigma_b0 pdg=5212 slice=eta_ge_2 p=26 a=12 file=/data/alice/ipardoza/hadronization_production/HF_RUN3_V1/raw/MONASH/hf_MONASH_job028.root
SIGMAB_COUNTS tag=MONASH species=Sigma_b- pdg=5112 slice=all p=43 a=27 file=/data/alice/ipardoza/hadronization_production/HF_RUN3_V1/raw/MONASH/hf_MONASH_job028.root
SIGMAB_COUNTS tag=MONASH species=Sigma_b- pdg=5112 slice=eta_lt_1 p=10 a=6 file=/data/alice/ipardoza/hadronization_production/HF_RUN3_V1/raw/MONASH/hf_MONASH_job028.root
SIGMAB_COUNTS tag=MONASH species=Sigma_b- pdg=5112 slice=eta_1_2 p=5 a=5 file=/data/alice/ipardoza/hadronization_production/HF_RUN3_V1/raw/MONASH/hf_MONASH_job028.root
SIGMAB_COUNTS tag=MONASH species=Sigma_b- pdg=5112 slice=eta_ge_2 p=28 a=16 file=/data/alice/ipardoza/hadronization_production/HF_RUN3_V1/raw/MONASH/hf_MONASH_job028.root
SIGMAB_COUNTS tag=MONASH species=Sigma*_b+ pdg=5224 slice=all p=47 a=38 file=/data/alice/ipardoza/hadronization_production/HF_RUN3_V1/raw/MONASH/hf_MONASH_job028.root
SIGMAB_COUNTS tag=MONASH species=Sigma*_b+ pdg=5224 slice=eta_lt_1 p=5 a=9 file=/data/alice/ipardoza/hadronization_production/HF_RUN3_V1/raw/MONASH/hf_MONASH_job028.root
SIGMAB_COUNTS tag=MONASH species=Sigma*_b+ pdg=5224 slice=eta_1_2 p=9 a=10 file=/data/alice/ipardoza/hadronization_production/HF_RUN3_V1/raw/MONASH/hf_MONASH_job028.root
SIGMAB_COUNTS tag=MONASH species=Sigma*_b+ pdg=5224 slice=eta_ge_2 p=33 a=19 file=/data/alice/ipardoza/hadronization_production/HF_RUN3_V1/raw/MONASH/hf_MONASH_job028.root
SIGMAB_COUNTS tag=MONASH species=Sigma*_b0 pdg=5214 slice=all p=42 a=34 file=/data/alice/ipardoza/hadronization_production/HF_RUN3_V1/raw/MONASH/hf_MONASH_job028.root
SIGMAB_COUNTS tag=MONASH species=Sigma*_b0 pdg=5214 slice=eta_lt_1 p=6 a=6 file=/data/alice/ipardoza/hadronization_production/HF_RUN3_V1/raw/MONASH/hf_MONASH_job028.root
SIGMAB_COUNTS tag=MONASH species=Sigma*_b0 pdg=5214 slice=eta_1_2 p=7 a=6 file=/data/alice/ipardoza/hadronization_production/HF_RUN3_V1/raw/MONASH/hf_MONASH_job028.root
SIGMAB_COUNTS tag=MONASH species=Sigma*_b0 pdg=5214 slice=eta_ge_2 p=29 a=22 file=/data/alice/ipardoza/hadronization_production/HF_RUN3_V1/raw/MONASH/hf_MONASH_job028.root
SIGMAB_COUNTS tag=MONASH species=Sigma*_b- pdg=5114 slice=all p=36 a=32 file=/data/alice/ipardoza/hadronization_production/HF_RUN3_V1/raw/MONASH/hf_MONASH_job028.root
SIGMAB_COUNTS tag=MONASH species=Sigma*_b- pdg=5114 slice=eta_lt_1 p=5 a=7 file=/data/alice/ipardoza/hadronization_production/HF_RUN3_V1/raw/MONASH/hf_MONASH_job028.root
SIGMAB_COUNTS tag=MONASH species=Sigma*_b- pdg=5114 slice=eta_1_2 p=6 a=5 file=/data/alice/ipardoza/hadronization_production/HF_RUN3_V1/raw/MONASH/hf_MONASH_job028.root
SIGMAB_COUNTS tag=MONASH species=Sigma*_b- pdg=5114 slice=eta_ge_2 p=25 a=20 file=/data/alice/ipardoza/hadronization_production/HF_RUN3_V1/raw/MONASH/hf_MONASH_job028.root
SIGMAB_COUNTS tag=MONASH species=Lambda_b0 pdg=5122 slice=all p=344 a=322 file=/data/alice/ipardoza/hadronization_production/HF_RUN3_V1/raw/MONASH/hf_MONASH_job028.root
SIGMAB_COUNTS tag=MONASH species=Lambda_b0 pdg=5122 slice=eta_lt_1 p=66 a=56 file=/data/alice/ipardoza/hadronization_production/HF_RUN3_V1/raw/MONASH/hf_MONASH_job028.root
SIGMAB_COUNTS tag=MONASH species=Lambda_b0 pdg=5122 slice=eta_1_2 p=67 a=73 file=/data/alice/ipardoza/hadronization_production/HF_RUN3_V1/raw/MONASH/hf_MONASH_job028.root
SIGMAB_COUNTS tag=MONASH species=Lambda_b0 pdg=5122 slice=eta_ge_2 p=211 a=193 file=/data/alice/ipardoza/hadronization_production/HF_RUN3_V1/raw/MONASH/hf_MONASH_job028.root
SIGMAB_COUNTS tag=MONASH species=Xi_b0 pdg=5232 slice=all p=51 a=57 file=/data/alice/ipardoza/hadronization_production/HF_RUN3_V1/raw/MONASH/hf_MONASH_job028.root
SIGMAB_COUNTS tag=MONASH species=Xi_b0 pdg=5232 slice=eta_lt_1 p=14 a=9 file=/data/alice/ipardoza/hadronization_production/HF_RUN3_V1/raw/MONASH/hf_MONASH_job028.root
SIGMAB_COUNTS tag=MONASH species=Xi_b0 pdg=5232 slice=eta_1_2 p=10 a=9 file=/data/alice/ipardoza/hadronization_production/HF_RUN3_V1/raw/MONASH/hf_MONASH_job028.root
SIGMAB_COUNTS tag=MONASH species=Xi_b0 pdg=5232 slice=eta_ge_2 p=27 a=39 file=/data/alice/ipardoza/hadronization_production/HF_RUN3_V1/raw/MONASH/hf_MONASH_job028.root
SIGMAB_COUNTS tag=MONASH species=Xi_b- pdg=5132 slice=all p=62 a=65 file=/data/alice/ipardoza/hadronization_production/HF_RUN3_V1/raw/MONASH/hf_MONASH_job028.root
SIGMAB_COUNTS tag=MONASH species=Xi_b- pdg=5132 slice=eta_lt_1 p=11 a=8 file=/data/alice/ipardoza/hadronization_production/HF_RUN3_V1/raw/MONASH/hf_MONASH_job028.root
SIGMAB_COUNTS tag=MONASH species=Xi_b- pdg=5132 slice=eta_1_2 p=17 a=15 file=/data/alice/ipardoza/hadronization_production/HF_RUN3_V1/raw/MONASH/hf_MONASH_job028.root
SIGMAB_COUNTS tag=MONASH species=Xi_b- pdg=5132 slice=eta_ge_2 p=34 a=42 file=/data/alice/ipardoza/hadronization_production/HF_RUN3_V1/raw/MONASH/hf_MONASH_job028.root
SIGMAB_COUNTS tag=MONASH species=Sigma_b+ pdg=5222 slice=all p=39 a=15 file=/data/alice/ipardoza/hadronization_production/HF_RUN3_V1/raw/MONASH/hf_MONASH_job029.root
SIGMAB_COUNTS tag=MONASH species=Sigma_b+ pdg=5222 slice=eta_lt_1 p=7 a=3 file=/data/alice/ipardoza/hadronization_production/HF_RUN3_V1/raw/MONASH/hf_MONASH_job029.root
SIGMAB_COUNTS tag=MONASH species=Sigma_b+ pdg=5222 slice=eta_1_2 p=8 a=1 file=/data/alice/ipardoza/hadronization_production/HF_RUN3_V1/raw/MONASH/hf_MONASH_job029.root
SIGMAB_COUNTS tag=MONASH species=Sigma_b+ pdg=5222 slice=eta_ge_2 p=24 a=11 file=/data/alice/ipardoza/hadronization_production/HF_RUN3_V1/raw/MONASH/hf_MONASH_job029.root
SIGMAB_COUNTS tag=MONASH species=Sigma_b0 pdg=5212 slice=all p=39 a=25 file=/data/alice/ipardoza/hadronization_production/HF_RUN3_V1/raw/MONASH/hf_MONASH_job029.root
SIGMAB_COUNTS tag=MONASH species=Sigma_b0 pdg=5212 slice=eta_lt_1 p=3 a=4 file=/data/alice/ipardoza/hadronization_production/HF_RUN3_V1/raw/MONASH/hf_MONASH_job029.root
SIGMAB_COUNTS tag=MONASH species=Sigma_b0 pdg=5212 slice=eta_1_2 p=11 a=9 file=/data/alice/ipardoza/hadronization_production/HF_RUN3_V1/raw/MONASH/hf_MONASH_job029.root
SIGMAB_COUNTS tag=MONASH species=Sigma_b0 pdg=5212 slice=eta_ge_2 p=25 a=12 file=/data/alice/ipardoza/hadronization_production/HF_RUN3_V1/raw/MONASH/hf_MONASH_job029.root
SIGMAB_COUNTS tag=MONASH species=Sigma_b- pdg=5112 slice=all p=37 a=19 file=/data/alice/ipardoza/hadronization_production/HF_RUN3_V1/raw/MONASH/hf_MONASH_job029.root
SIGMAB_COUNTS tag=MONASH species=Sigma_b- pdg=5112 slice=eta_lt_1 p=10 a=4 file=/data/alice/ipardoza/hadronization_production/HF_RUN3_V1/raw/MONASH/hf_MONASH_job029.root
SIGMAB_COUNTS tag=MONASH species=Sigma_b- pdg=5112 slice=eta_1_2 p=10 a=5 file=/data/alice/ipardoza/hadronization_production/HF_RUN3_V1/raw/MONASH/hf_MONASH_job029.root
SIGMAB_COUNTS tag=MONASH species=Sigma_b- pdg=5112 slice=eta_ge_2 p=17 a=10 file=/data/alice/ipardoza/hadronization_production/HF_RUN3_V1/raw/MONASH/hf_MONASH_job029.root
SIGMAB_COUNTS tag=MONASH species=Sigma*_b+ pdg=5224 slice=all p=48 a=45 file=/data/alice/ipardoza/hadronization_production/HF_RUN3_V1/raw/MONASH/hf_MONASH_job029.root
SIGMAB_COUNTS tag=MONASH species=Sigma*_b+ pdg=5224 slice=eta_lt_1 p=9 a=5 file=/data/alice/ipardoza/hadronization_production/HF_RUN3_V1/raw/MONASH/hf_MONASH_job029.root
SIGMAB_COUNTS tag=MONASH species=Sigma*_b+ pdg=5224 slice=eta_1_2 p=11 a=11 file=/data/alice/ipardoza/hadronization_production/HF_RUN3_V1/raw/MONASH/hf_MONASH_job029.root
SIGMAB_COUNTS tag=MONASH species=Sigma*_b+ pdg=5224 slice=eta_ge_2 p=28 a=29 file=/data/alice/ipardoza/hadronization_production/HF_RUN3_V1/raw/MONASH/hf_MONASH_job029.root
SIGMAB_COUNTS tag=MONASH species=Sigma*_b0 pdg=5214 slice=all p=51 a=45 file=/data/alice/ipardoza/hadronization_production/HF_RUN3_V1/raw/MONASH/hf_MONASH_job029.root
SIGMAB_COUNTS tag=MONASH species=Sigma*_b0 pdg=5214 slice=eta_lt_1 p=9 a=10 file=/data/alice/ipardoza/hadronization_production/HF_RUN3_V1/raw/MONASH/hf_MONASH_job029.root
SIGMAB_COUNTS tag=MONASH species=Sigma*_b0 pdg=5214 slice=eta_1_2 p=6 a=6 file=/data/alice/ipardoza/hadronization_production/HF_RUN3_V1/raw/MONASH/hf_MONASH_job029.root
SIGMAB_COUNTS tag=MONASH species=Sigma*_b0 pdg=5214 slice=eta_ge_2 p=36 a=29 file=/data/alice/ipardoza/hadronization_production/HF_RUN3_V1/raw/MONASH/hf_MONASH_job029.root
SIGMAB_COUNTS tag=MONASH species=Sigma*_b- pdg=5114 slice=all p=55 a=47 file=/data/alice/ipardoza/hadronization_production/HF_RUN3_V1/raw/MONASH/hf_MONASH_job029.root
SIGMAB_COUNTS tag=MONASH species=Sigma*_b- pdg=5114 slice=eta_lt_1 p=7 a=12 file=/data/alice/ipardoza/hadronization_production/HF_RUN3_V1/raw/MONASH/hf_MONASH_job029.root
SIGMAB_COUNTS tag=MONASH species=Sigma*_b- pdg=5114 slice=eta_1_2 p=9 a=10 file=/data/alice/ipardoza/hadronization_production/HF_RUN3_V1/raw/MONASH/hf_MONASH_job029.root
SIGMAB_COUNTS tag=MONASH species=Sigma*_b- pdg=5114 slice=eta_ge_2 p=39 a=25 file=/data/alice/ipardoza/hadronization_production/HF_RUN3_V1/raw/MONASH/hf_MONASH_job029.root
SIGMAB_COUNTS tag=MONASH species=Lambda_b0 pdg=5122 slice=all p=324 a=310 file=/data/alice/ipardoza/hadronization_production/HF_RUN3_V1/raw/MONASH/hf_MONASH_job029.root
SIGMAB_COUNTS tag=MONASH species=Lambda_b0 pdg=5122 slice=eta_lt_1 p=55 a=53 file=/data/alice/ipardoza/hadronization_production/HF_RUN3_V1/raw/MONASH/hf_MONASH_job029.root
SIGMAB_COUNTS tag=MONASH species=Lambda_b0 pdg=5122 slice=eta_1_2 p=76 a=80 file=/data/alice/ipardoza/hadronization_production/HF_RUN3_V1/raw/MONASH/hf_MONASH_job029.root
SIGMAB_COUNTS tag=MONASH species=Lambda_b0 pdg=5122 slice=eta_ge_2 p=193 a=177 file=/data/alice/ipardoza/hadronization_production/HF_RUN3_V1/raw/MONASH/hf_MONASH_job029.root
SIGMAB_COUNTS tag=MONASH species=Xi_b0 pdg=5232 slice=all p=61 a=59 file=/data/alice/ipardoza/hadronization_production/HF_RUN3_V1/raw/MONASH/hf_MONASH_job029.root
SIGMAB_COUNTS tag=MONASH species=Xi_b0 pdg=5232 slice=eta_lt_1 p=13 a=11 file=/data/alice/ipardoza/hadronization_production/HF_RUN3_V1/raw/MONASH/hf_MONASH_job029.root
SIGMAB_COUNTS tag=MONASH species=Xi_b0 pdg=5232 slice=eta_1_2 p=10 a=16 file=/data/alice/ipardoza/hadronization_production/HF_RUN3_V1/raw/MONASH/hf_MONASH_job029.root
SIGMAB_COUNTS tag=MONASH species=Xi_b0 pdg=5232 slice=eta_ge_2 p=38 a=32 file=/data/alice/ipardoza/hadronization_production/HF_RUN3_V1/raw/MONASH/hf_MONASH_job029.root
SIGMAB_COUNTS tag=MONASH species=Xi_b- pdg=5132 slice=all p=66 a=49 file=/data/alice/ipardoza/hadronization_production/HF_RUN3_V1/raw/MONASH/hf_MONASH_job029.root
SIGMAB_COUNTS tag=MONASH species=Xi_b- pdg=5132 slice=eta_lt_1 p=9 a=11 file=/data/alice/ipardoza/hadronization_production/HF_RUN3_V1/raw/MONASH/hf_MONASH_job029.root
SIGMAB_COUNTS tag=MONASH species=Xi_b- pdg=5132 slice=eta_1_2 p=13 a=6 file=/data/alice/ipardoza/hadronization_production/HF_RUN3_V1/raw/MONASH/hf_MONASH_job029.root
SIGMAB_COUNTS tag=MONASH species=Xi_b- pdg=5132 slice=eta_ge_2 p=44 a=32 file=/data/alice/ipardoza/hadronization_production/HF_RUN3_V1/raw/MONASH/hf_MONASH_job029.root
SIGMAB_COUNTS tag=MONASH species=Sigma_b+ pdg=5222 slice=all p=34 a=15 file=/data/alice/ipardoza/hadronization_production/HF_RUN3_V1/raw/MONASH/hf_MONASH_job030.root
SIGMAB_COUNTS tag=MONASH species=Sigma_b+ pdg=5222 slice=eta_lt_1 p=6 a=4 file=/data/alice/ipardoza/hadronization_production/HF_RUN3_V1/raw/MONASH/hf_MONASH_job030.root
SIGMAB_COUNTS tag=MONASH species=Sigma_b+ pdg=5222 slice=eta_1_2 p=5 a=5 file=/data/alice/ipardoza/hadronization_production/HF_RUN3_V1/raw/MONASH/hf_MONASH_job030.root
SIGMAB_COUNTS tag=MONASH species=Sigma_b+ pdg=5222 slice=eta_ge_2 p=23 a=6 file=/data/alice/ipardoza/hadronization_production/HF_RUN3_V1/raw/MONASH/hf_MONASH_job030.root
SIGMAB_COUNTS tag=MONASH species=Sigma_b0 pdg=5212 slice=all p=37 a=13 file=/data/alice/ipardoza/hadronization_production/HF_RUN3_V1/raw/MONASH/hf_MONASH_job030.root
SIGMAB_COUNTS tag=MONASH species=Sigma_b0 pdg=5212 slice=eta_lt_1 p=7 a=3 file=/data/alice/ipardoza/hadronization_production/HF_RUN3_V1/raw/MONASH/hf_MONASH_job030.root
SIGMAB_COUNTS tag=MONASH species=Sigma_b0 pdg=5212 slice=eta_1_2 p=5 a=4 file=/data/alice/ipardoza/hadronization_production/HF_RUN3_V1/raw/MONASH/hf_MONASH_job030.root
SIGMAB_COUNTS tag=MONASH species=Sigma_b0 pdg=5212 slice=eta_ge_2 p=25 a=6 file=/data/alice/ipardoza/hadronization_production/HF_RUN3_V1/raw/MONASH/hf_MONASH_job030.root
SIGMAB_COUNTS tag=MONASH species=Sigma_b- pdg=5112 slice=all p=33 a=22 file=/data/alice/ipardoza/hadronization_production/HF_RUN3_V1/raw/MONASH/hf_MONASH_job030.root
SIGMAB_COUNTS tag=MONASH species=Sigma_b- pdg=5112 slice=eta_lt_1 p=1 a=3 file=/data/alice/ipardoza/hadronization_production/HF_RUN3_V1/raw/MONASH/hf_MONASH_job030.root
SIGMAB_COUNTS tag=MONASH species=Sigma_b- pdg=5112 slice=eta_1_2 p=4 a=5 file=/data/alice/ipardoza/hadronization_production/HF_RUN3_V1/raw/MONASH/hf_MONASH_job030.root
SIGMAB_COUNTS tag=MONASH species=Sigma_b- pdg=5112 slice=eta_ge_2 p=28 a=14 file=/data/alice/ipardoza/hadronization_production/HF_RUN3_V1/raw/MONASH/hf_MONASH_job030.root
SIGMAB_COUNTS tag=MONASH species=Sigma*_b+ pdg=5224 slice=all p=43 a=30 file=/data/alice/ipardoza/hadronization_production/HF_RUN3_V1/raw/MONASH/hf_MONASH_job030.root
SIGMAB_COUNTS tag=MONASH species=Sigma*_b+ pdg=5224 slice=eta_lt_1 p=8 a=1 file=/data/alice/ipardoza/hadronization_production/HF_RUN3_V1/raw/MONASH/hf_MONASH_job030.root
SIGMAB_COUNTS tag=MONASH species=Sigma*_b+ pdg=5224 slice=eta_1_2 p=9 a=7 file=/data/alice/ipardoza/hadronization_production/HF_RUN3_V1/raw/MONASH/hf_MONASH_job030.root
SIGMAB_COUNTS tag=MONASH species=Sigma*_b+ pdg=5224 slice=eta_ge_2 p=26 a=22 file=/data/alice/ipardoza/hadronization_production/HF_RUN3_V1/raw/MONASH/hf_MONASH_job030.root
SIGMAB_COUNTS tag=MONASH species=Sigma*_b0 pdg=5214 slice=all p=48 a=45 file=/data/alice/ipardoza/hadronization_production/HF_RUN3_V1/raw/MONASH/hf_MONASH_job030.root
SIGMAB_COUNTS tag=MONASH species=Sigma*_b0 pdg=5214 slice=eta_lt_1 p=7 a=14 file=/data/alice/ipardoza/hadronization_production/HF_RUN3_V1/raw/MONASH/hf_MONASH_job030.root
SIGMAB_COUNTS tag=MONASH species=Sigma*_b0 pdg=5214 slice=eta_1_2 p=10 a=4 file=/data/alice/ipardoza/hadronization_production/HF_RUN3_V1/raw/MONASH/hf_MONASH_job030.root
SIGMAB_COUNTS tag=MONASH species=Sigma*_b0 pdg=5214 slice=eta_ge_2 p=31 a=27 file=/data/alice/ipardoza/hadronization_production/HF_RUN3_V1/raw/MONASH/hf_MONASH_job030.root
SIGMAB_COUNTS tag=MONASH species=Sigma*_b- pdg=5114 slice=all p=61 a=43 file=/data/alice/ipardoza/hadronization_production/HF_RUN3_V1/raw/MONASH/hf_MONASH_job030.root
SIGMAB_COUNTS tag=MONASH species=Sigma*_b- pdg=5114 slice=eta_lt_1 p=10 a=9 file=/data/alice/ipardoza/hadronization_production/HF_RUN3_V1/raw/MONASH/hf_MONASH_job030.root
SIGMAB_COUNTS tag=MONASH species=Sigma*_b- pdg=5114 slice=eta_1_2 p=18 a=5 file=/data/alice/ipardoza/hadronization_production/HF_RUN3_V1/raw/MONASH/hf_MONASH_job030.root
SIGMAB_COUNTS tag=MONASH species=Sigma*_b- pdg=5114 slice=eta_ge_2 p=33 a=29 file=/data/alice/ipardoza/hadronization_production/HF_RUN3_V1/raw/MONASH/hf_MONASH_job030.root
SIGMAB_COUNTS tag=MONASH species=Lambda_b0 pdg=5122 slice=all p=306 a=326 file=/data/alice/ipardoza/hadronization_production/HF_RUN3_V1/raw/MONASH/hf_MONASH_job030.root
SIGMAB_COUNTS tag=MONASH species=Lambda_b0 pdg=5122 slice=eta_lt_1 p=43 a=65 file=/data/alice/ipardoza/hadronization_production/HF_RUN3_V1/raw/MONASH/hf_MONASH_job030.root
SIGMAB_COUNTS tag=MONASH species=Lambda_b0 pdg=5122 slice=eta_1_2 p=75 a=63 file=/data/alice/ipardoza/hadronization_production/HF_RUN3_V1/raw/MONASH/hf_MONASH_job030.root
SIGMAB_COUNTS tag=MONASH species=Lambda_b0 pdg=5122 slice=eta_ge_2 p=188 a=198 file=/data/alice/ipardoza/hadronization_production/HF_RUN3_V1/raw/MONASH/hf_MONASH_job030.root
SIGMAB_COUNTS tag=MONASH species=Xi_b0 pdg=5232 slice=all p=54 a=62 file=/data/alice/ipardoza/hadronization_production/HF_RUN3_V1/raw/MONASH/hf_MONASH_job030.root
SIGMAB_COUNTS tag=MONASH species=Xi_b0 pdg=5232 slice=eta_lt_1 p=7 a=12 file=/data/alice/ipardoza/hadronization_production/HF_RUN3_V1/raw/MONASH/hf_MONASH_job030.root
SIGMAB_COUNTS tag=MONASH species=Xi_b0 pdg=5232 slice=eta_1_2 p=9 a=11 file=/data/alice/ipardoza/hadronization_production/HF_RUN3_V1/raw/MONASH/hf_MONASH_job030.root
SIGMAB_COUNTS tag=MONASH species=Xi_b0 pdg=5232 slice=eta_ge_2 p=38 a=39 file=/data/alice/ipardoza/hadronization_production/HF_RUN3_V1/raw/MONASH/hf_MONASH_job030.root
SIGMAB_COUNTS tag=MONASH species=Xi_b- pdg=5132 slice=all p=53 a=55 file=/data/alice/ipardoza/hadronization_production/HF_RUN3_V1/raw/MONASH/hf_MONASH_job030.root
SIGMAB_COUNTS tag=MONASH species=Xi_b- pdg=5132 slice=eta_lt_1 p=9 a=8 file=/data/alice/ipardoza/hadronization_production/HF_RUN3_V1/raw/MONASH/hf_MONASH_job030.root
SIGMAB_COUNTS tag=MONASH species=Xi_b- pdg=5132 slice=eta_1_2 p=13 a=10 file=/data/alice/ipardoza/hadronization_production/HF_RUN3_V1/raw/MONASH/hf_MONASH_job030.root
SIGMAB_COUNTS tag=MONASH species=Xi_b- pdg=5132 slice=eta_ge_2 p=31 a=37 file=/data/alice/ipardoza/hadronization_production/HF_RUN3_V1/raw/MONASH/hf_MONASH_job030.root
SIGMAB_COUNTS tag=MONASH species=Sigma_b+ pdg=5222 slice=all p=41 a=16 file=/data/alice/ipardoza/hadronization_production/HF_RUN3_V1/raw/MONASH/hf_MONASH_job031.root
SIGMAB_COUNTS tag=MONASH species=Sigma_b+ pdg=5222 slice=eta_lt_1 p=4 a=2 file=/data/alice/ipardoza/hadronization_production/HF_RUN3_V1/raw/MONASH/hf_MONASH_job031.root
SIGMAB_COUNTS tag=MONASH species=Sigma_b+ pdg=5222 slice=eta_1_2 p=10 a=5 file=/data/alice/ipardoza/hadronization_production/HF_RUN3_V1/raw/MONASH/hf_MONASH_job031.root
SIGMAB_COUNTS tag=MONASH species=Sigma_b+ pdg=5222 slice=eta_ge_2 p=27 a=9 file=/data/alice/ipardoza/hadronization_production/HF_RUN3_V1/raw/MONASH/hf_MONASH_job031.root
SIGMAB_COUNTS tag=MONASH species=Sigma_b0 pdg=5212 slice=all p=46 a=25 file=/data/alice/ipardoza/hadronization_production/HF_RUN3_V1/raw/MONASH/hf_MONASH_job031.root
SIGMAB_COUNTS tag=MONASH species=Sigma_b0 pdg=5212 slice=eta_lt_1 p=9 a=6 file=/data/alice/ipardoza/hadronization_production/HF_RUN3_V1/raw/MONASH/hf_MONASH_job031.root
SIGMAB_COUNTS tag=MONASH species=Sigma_b0 pdg=5212 slice=eta_1_2 p=10 a=6 file=/data/alice/ipardoza/hadronization_production/HF_RUN3_V1/raw/MONASH/hf_MONASH_job031.root
SIGMAB_COUNTS tag=MONASH species=Sigma_b0 pdg=5212 slice=eta_ge_2 p=27 a=13 file=/data/alice/ipardoza/hadronization_production/HF_RUN3_V1/raw/MONASH/hf_MONASH_job031.root
SIGMAB_COUNTS tag=MONASH species=Sigma_b- pdg=5112 slice=all p=36 a=15 file=/data/alice/ipardoza/hadronization_production/HF_RUN3_V1/raw/MONASH/hf_MONASH_job031.root
SIGMAB_COUNTS tag=MONASH species=Sigma_b- pdg=5112 slice=eta_lt_1 p=5 a=4 file=/data/alice/ipardoza/hadronization_production/HF_RUN3_V1/raw/MONASH/hf_MONASH_job031.root
SIGMAB_COUNTS tag=MONASH species=Sigma_b- pdg=5112 slice=eta_1_2 p=7 a=1 file=/data/alice/ipardoza/hadronization_production/HF_RUN3_V1/raw/MONASH/hf_MONASH_job031.root
SIGMAB_COUNTS tag=MONASH species=Sigma_b- pdg=5112 slice=eta_ge_2 p=24 a=10 file=/data/alice/ipardoza/hadronization_production/HF_RUN3_V1/raw/MONASH/hf_MONASH_job031.root
SIGMAB_COUNTS tag=MONASH species=Sigma*_b+ pdg=5224 slice=all p=47 a=43 file=/data/alice/ipardoza/hadronization_production/HF_RUN3_V1/raw/MONASH/hf_MONASH_job031.root
SIGMAB_COUNTS tag=MONASH species=Sigma*_b+ pdg=5224 slice=eta_lt_1 p=7 a=4 file=/data/alice/ipardoza/hadronization_production/HF_RUN3_V1/raw/MONASH/hf_MONASH_job031.root
SIGMAB_COUNTS tag=MONASH species=Sigma*_b+ pdg=5224 slice=eta_1_2 p=16 a=9 file=/data/alice/ipardoza/hadronization_production/HF_RUN3_V1/raw/MONASH/hf_MONASH_job031.root
SIGMAB_COUNTS tag=MONASH species=Sigma*_b+ pdg=5224 slice=eta_ge_2 p=24 a=30 file=/data/alice/ipardoza/hadronization_production/HF_RUN3_V1/raw/MONASH/hf_MONASH_job031.root
SIGMAB_COUNTS tag=MONASH species=Sigma*_b0 pdg=5214 slice=all p=44 a=41 file=/data/alice/ipardoza/hadronization_production/HF_RUN3_V1/raw/MONASH/hf_MONASH_job031.root
SIGMAB_COUNTS tag=MONASH species=Sigma*_b0 pdg=5214 slice=eta_lt_1 p=10 a=4 file=/data/alice/ipardoza/hadronization_production/HF_RUN3_V1/raw/MONASH/hf_MONASH_job031.root
SIGMAB_COUNTS tag=MONASH species=Sigma*_b0 pdg=5214 slice=eta_1_2 p=11 a=10 file=/data/alice/ipardoza/hadronization_production/HF_RUN3_V1/raw/MONASH/hf_MONASH_job031.root
SIGMAB_COUNTS tag=MONASH species=Sigma*_b0 pdg=5214 slice=eta_ge_2 p=23 a=27 file=/data/alice/ipardoza/hadronization_production/HF_RUN3_V1/raw/MONASH/hf_MONASH_job031.root
SIGMAB_COUNTS tag=MONASH species=Sigma*_b- pdg=5114 slice=all p=47 a=43 file=/data/alice/ipardoza/hadronization_production/HF_RUN3_V1/raw/MONASH/hf_MONASH_job031.root
SIGMAB_COUNTS tag=MONASH species=Sigma*_b- pdg=5114 slice=eta_lt_1 p=7 a=13 file=/data/alice/ipardoza/hadronization_production/HF_RUN3_V1/raw/MONASH/hf_MONASH_job031.root
SIGMAB_COUNTS tag=MONASH species=Sigma*_b- pdg=5114 slice=eta_1_2 p=10 a=9 file=/data/alice/ipardoza/hadronization_production/HF_RUN3_V1/raw/MONASH/hf_MONASH_job031.root
SIGMAB_COUNTS tag=MONASH species=Sigma*_b- pdg=5114 slice=eta_ge_2 p=30 a=21 file=/data/alice/ipardoza/hadronization_production/HF_RUN3_V1/raw/MONASH/hf_MONASH_job031.root
SIGMAB_COUNTS tag=MONASH species=Lambda_b0 pdg=5122 slice=all p=283 a=345 file=/data/alice/ipardoza/hadronization_production/HF_RUN3_V1/raw/MONASH/hf_MONASH_job031.root
SIGMAB_COUNTS tag=MONASH species=Lambda_b0 pdg=5122 slice=eta_lt_1 p=56 a=63 file=/data/alice/ipardoza/hadronization_production/HF_RUN3_V1/raw/MONASH/hf_MONASH_job031.root
SIGMAB_COUNTS tag=MONASH species=Lambda_b0 pdg=5122 slice=eta_1_2 p=58 a=79 file=/data/alice/ipardoza/hadronization_production/HF_RUN3_V1/raw/MONASH/hf_MONASH_job031.root
SIGMAB_COUNTS tag=MONASH species=Lambda_b0 pdg=5122 slice=eta_ge_2 p=169 a=203 file=/data/alice/ipardoza/hadronization_production/HF_RUN3_V1/raw/MONASH/hf_MONASH_job031.root
SIGMAB_COUNTS tag=MONASH species=Xi_b0 pdg=5232 slice=all p=70 a=38 file=/data/alice/ipardoza/hadronization_production/HF_RUN3_V1/raw/MONASH/hf_MONASH_job031.root
SIGMAB_COUNTS tag=MONASH species=Xi_b0 pdg=5232 slice=eta_lt_1 p=14 a=6 file=/data/alice/ipardoza/hadronization_production/HF_RUN3_V1/raw/MONASH/hf_MONASH_job031.root
SIGMAB_COUNTS tag=MONASH species=Xi_b0 pdg=5232 slice=eta_1_2 p=14 a=5 file=/data/alice/ipardoza/hadronization_production/HF_RUN3_V1/raw/MONASH/hf_MONASH_job031.root
SIGMAB_COUNTS tag=MONASH species=Xi_b0 pdg=5232 slice=eta_ge_2 p=42 a=27 file=/data/alice/ipardoza/hadronization_production/HF_RUN3_V1/raw/MONASH/hf_MONASH_job031.root
SIGMAB_COUNTS tag=MONASH species=Xi_b- pdg=5132 slice=all p=69 a=45 file=/data/alice/ipardoza/hadronization_production/HF_RUN3_V1/raw/MONASH/hf_MONASH_job031.root
SIGMAB_COUNTS tag=MONASH species=Xi_b- pdg=5132 slice=eta_lt_1 p=11 a=7 file=/data/alice/ipardoza/hadronization_production/HF_RUN3_V1/raw/MONASH/hf_MONASH_job031.root
SIGMAB_COUNTS tag=MONASH species=Xi_b- pdg=5132 slice=eta_1_2 p=15 a=7 file=/data/alice/ipardoza/hadronization_production/HF_RUN3_V1/raw/MONASH/hf_MONASH_job031.root
SIGMAB_COUNTS tag=MONASH species=Xi_b- pdg=5132 slice=eta_ge_2 p=43 a=31 file=/data/alice/ipardoza/hadronization_production/HF_RUN3_V1/raw/MONASH/hf_MONASH_job031.root
SIGMAB_COUNTS tag=MONASH species=Sigma_b+ pdg=5222 slice=all p=39 a=20 file=/data/alice/ipardoza/hadronization_production/HF_RUN3_V1/raw/MONASH/hf_MONASH_job032.root
SIGMAB_COUNTS tag=MONASH species=Sigma_b+ pdg=5222 slice=eta_lt_1 p=8 a=4 file=/data/alice/ipardoza/hadronization_production/HF_RUN3_V1/raw/MONASH/hf_MONASH_job032.root
SIGMAB_COUNTS tag=MONASH species=Sigma_b+ pdg=5222 slice=eta_1_2 p=10 a=2 file=/data/alice/ipardoza/hadronization_production/HF_RUN3_V1/raw/MONASH/hf_MONASH_job032.root
SIGMAB_COUNTS tag=MONASH species=Sigma_b+ pdg=5222 slice=eta_ge_2 p=21 a=14 file=/data/alice/ipardoza/hadronization_production/HF_RUN3_V1/raw/MONASH/hf_MONASH_job032.root
SIGMAB_COUNTS tag=MONASH species=Sigma_b0 pdg=5212 slice=all p=44 a=20 file=/data/alice/ipardoza/hadronization_production/HF_RUN3_V1/raw/MONASH/hf_MONASH_job032.root
SIGMAB_COUNTS tag=MONASH species=Sigma_b0 pdg=5212 slice=eta_lt_1 p=8 a=2 file=/data/alice/ipardoza/hadronization_production/HF_RUN3_V1/raw/MONASH/hf_MONASH_job032.root
SIGMAB_COUNTS tag=MONASH species=Sigma_b0 pdg=5212 slice=eta_1_2 p=6 a=7 file=/data/alice/ipardoza/hadronization_production/HF_RUN3_V1/raw/MONASH/hf_MONASH_job032.root
SIGMAB_COUNTS tag=MONASH species=Sigma_b0 pdg=5212 slice=eta_ge_2 p=30 a=11 file=/data/alice/ipardoza/hadronization_production/HF_RUN3_V1/raw/MONASH/hf_MONASH_job032.root
SIGMAB_COUNTS tag=MONASH species=Sigma_b- pdg=5112 slice=all p=35 a=19 file=/data/alice/ipardoza/hadronization_production/HF_RUN3_V1/raw/MONASH/hf_MONASH_job032.root
SIGMAB_COUNTS tag=MONASH species=Sigma_b- pdg=5112 slice=eta_lt_1 p=6 a=6 file=/data/alice/ipardoza/hadronization_production/HF_RUN3_V1/raw/MONASH/hf_MONASH_job032.root
SIGMAB_COUNTS tag=MONASH species=Sigma_b- pdg=5112 slice=eta_1_2 p=8 a=5 file=/data/alice/ipardoza/hadronization_production/HF_RUN3_V1/raw/MONASH/hf_MONASH_job032.root
SIGMAB_COUNTS tag=MONASH species=Sigma_b- pdg=5112 slice=eta_ge_2 p=21 a=8 file=/data/alice/ipardoza/hadronization_production/HF_RUN3_V1/raw/MONASH/hf_MONASH_job032.root
SIGMAB_COUNTS tag=MONASH species=Sigma*_b+ pdg=5224 slice=all p=54 a=34 file=/data/alice/ipardoza/hadronization_production/HF_RUN3_V1/raw/MONASH/hf_MONASH_job032.root
SIGMAB_COUNTS tag=MONASH species=Sigma*_b+ pdg=5224 slice=eta_lt_1 p=12 a=5 file=/data/alice/ipardoza/hadronization_production/HF_RUN3_V1/raw/MONASH/hf_MONASH_job032.root
SIGMAB_COUNTS tag=MONASH species=Sigma*_b+ pdg=5224 slice=eta_1_2 p=4 a=7 file=/data/alice/ipardoza/hadronization_production/HF_RUN3_V1/raw/MONASH/hf_MONASH_job032.root
SIGMAB_COUNTS tag=MONASH species=Sigma*_b+ pdg=5224 slice=eta_ge_2 p=38 a=22 file=/data/alice/ipardoza/hadronization_production/HF_RUN3_V1/raw/MONASH/hf_MONASH_job032.root
SIGMAB_COUNTS tag=MONASH species=Sigma*_b0 pdg=5214 slice=all p=55 a=48 file=/data/alice/ipardoza/hadronization_production/HF_RUN3_V1/raw/MONASH/hf_MONASH_job032.root
SIGMAB_COUNTS tag=MONASH species=Sigma*_b0 pdg=5214 slice=eta_lt_1 p=13 a=7 file=/data/alice/ipardoza/hadronization_production/HF_RUN3_V1/raw/MONASH/hf_MONASH_job032.root
SIGMAB_COUNTS tag=MONASH species=Sigma*_b0 pdg=5214 slice=eta_1_2 p=6 a=9 file=/data/alice/ipardoza/hadronization_production/HF_RUN3_V1/raw/MONASH/hf_MONASH_job032.root
SIGMAB_COUNTS tag=MONASH species=Sigma*_b0 pdg=5214 slice=eta_ge_2 p=36 a=32 file=/data/alice/ipardoza/hadronization_production/HF_RUN3_V1/raw/MONASH/hf_MONASH_job032.root
SIGMAB_COUNTS tag=MONASH species=Sigma*_b- pdg=5114 slice=all p=41 a=49 file=/data/alice/ipardoza/hadronization_production/HF_RUN3_V1/raw/MONASH/hf_MONASH_job032.root
SIGMAB_COUNTS tag=MONASH species=Sigma*_b- pdg=5114 slice=eta_lt_1 p=6 a=4 file=/data/alice/ipardoza/hadronization_production/HF_RUN3_V1/raw/MONASH/hf_MONASH_job032.root
SIGMAB_COUNTS tag=MONASH species=Sigma*_b- pdg=5114 slice=eta_1_2 p=9 a=15 file=/data/alice/ipardoza/hadronization_production/HF_RUN3_V1/raw/MONASH/hf_MONASH_job032.root
SIGMAB_COUNTS tag=MONASH species=Sigma*_b- pdg=5114 slice=eta_ge_2 p=26 a=30 file=/data/alice/ipardoza/hadronization_production/HF_RUN3_V1/raw/MONASH/hf_MONASH_job032.root
SIGMAB_COUNTS tag=MONASH species=Lambda_b0 pdg=5122 slice=all p=317 a=288 file=/data/alice/ipardoza/hadronization_production/HF_RUN3_V1/raw/MONASH/hf_MONASH_job032.root
SIGMAB_COUNTS tag=MONASH species=Lambda_b0 pdg=5122 slice=eta_lt_1 p=63 a=51 file=/data/alice/ipardoza/hadronization_production/HF_RUN3_V1/raw/MONASH/hf_MONASH_job032.root
SIGMAB_COUNTS tag=MONASH species=Lambda_b0 pdg=5122 slice=eta_1_2 p=65 a=58 file=/data/alice/ipardoza/hadronization_production/HF_RUN3_V1/raw/MONASH/hf_MONASH_job032.root
SIGMAB_COUNTS tag=MONASH species=Lambda_b0 pdg=5122 slice=eta_ge_2 p=189 a=179 file=/data/alice/ipardoza/hadronization_production/HF_RUN3_V1/raw/MONASH/hf_MONASH_job032.root
SIGMAB_COUNTS tag=MONASH species=Xi_b0 pdg=5232 slice=all p=54 a=61 file=/data/alice/ipardoza/hadronization_production/HF_RUN3_V1/raw/MONASH/hf_MONASH_job032.root
SIGMAB_COUNTS tag=MONASH species=Xi_b0 pdg=5232 slice=eta_lt_1 p=8 a=13 file=/data/alice/ipardoza/hadronization_production/HF_RUN3_V1/raw/MONASH/hf_MONASH_job032.root
SIGMAB_COUNTS tag=MONASH species=Xi_b0 pdg=5232 slice=eta_1_2 p=16 a=12 file=/data/alice/ipardoza/hadronization_production/HF_RUN3_V1/raw/MONASH/hf_MONASH_job032.root
SIGMAB_COUNTS tag=MONASH species=Xi_b0 pdg=5232 slice=eta_ge_2 p=30 a=36 file=/data/alice/ipardoza/hadronization_production/HF_RUN3_V1/raw/MONASH/hf_MONASH_job032.root
SIGMAB_COUNTS tag=MONASH species=Xi_b- pdg=5132 slice=all p=60 a=65 file=/data/alice/ipardoza/hadronization_production/HF_RUN3_V1/raw/MONASH/hf_MONASH_job032.root
SIGMAB_COUNTS tag=MONASH species=Xi_b- pdg=5132 slice=eta_lt_1 p=15 a=12 file=/data/alice/ipardoza/hadronization_production/HF_RUN3_V1/raw/MONASH/hf_MONASH_job032.root
SIGMAB_COUNTS tag=MONASH species=Xi_b- pdg=5132 slice=eta_1_2 p=11 a=10 file=/data/alice/ipardoza/hadronization_production/HF_RUN3_V1/raw/MONASH/hf_MONASH_job032.root
SIGMAB_COUNTS tag=MONASH species=Xi_b- pdg=5132 slice=eta_ge_2 p=34 a=43 file=/data/alice/ipardoza/hadronization_production/HF_RUN3_V1/raw/MONASH/hf_MONASH_job032.root
SIGMAB_COUNTS tag=MONASH species=Sigma_b+ pdg=5222 slice=all p=29 a=26 file=/data/alice/ipardoza/hadronization_production/HF_RUN3_V1/raw/MONASH/hf_MONASH_job033.root
SIGMAB_COUNTS tag=MONASH species=Sigma_b+ pdg=5222 slice=eta_lt_1 p=2 a=4 file=/data/alice/ipardoza/hadronization_production/HF_RUN3_V1/raw/MONASH/hf_MONASH_job033.root
SIGMAB_COUNTS tag=MONASH species=Sigma_b+ pdg=5222 slice=eta_1_2 p=3 a=5 file=/data/alice/ipardoza/hadronization_production/HF_RUN3_V1/raw/MONASH/hf_MONASH_job033.root
SIGMAB_COUNTS tag=MONASH species=Sigma_b+ pdg=5222 slice=eta_ge_2 p=24 a=17 file=/data/alice/ipardoza/hadronization_production/HF_RUN3_V1/raw/MONASH/hf_MONASH_job033.root
SIGMAB_COUNTS tag=MONASH species=Sigma_b0 pdg=5212 slice=all p=28 a=19 file=/data/alice/ipardoza/hadronization_production/HF_RUN3_V1/raw/MONASH/hf_MONASH_job033.root
SIGMAB_COUNTS tag=MONASH species=Sigma_b0 pdg=5212 slice=eta_lt_1 p=5 a=3 file=/data/alice/ipardoza/hadronization_production/HF_RUN3_V1/raw/MONASH/hf_MONASH_job033.root
SIGMAB_COUNTS tag=MONASH species=Sigma_b0 pdg=5212 slice=eta_1_2 p=2 a=4 file=/data/alice/ipardoza/hadronization_production/HF_RUN3_V1/raw/MONASH/hf_MONASH_job033.root
SIGMAB_COUNTS tag=MONASH species=Sigma_b0 pdg=5212 slice=eta_ge_2 p=21 a=12 file=/data/alice/ipardoza/hadronization_production/HF_RUN3_V1/raw/MONASH/hf_MONASH_job033.root
SIGMAB_COUNTS tag=MONASH species=Sigma_b- pdg=5112 slice=all p=33 a=28 file=/data/alice/ipardoza/hadronization_production/HF_RUN3_V1/raw/MONASH/hf_MONASH_job033.root
SIGMAB_COUNTS tag=MONASH species=Sigma_b- pdg=5112 slice=eta_lt_1 p=5 a=5 file=/data/alice/ipardoza/hadronization_production/HF_RUN3_V1/raw/MONASH/hf_MONASH_job033.root
SIGMAB_COUNTS tag=MONASH species=Sigma_b- pdg=5112 slice=eta_1_2 p=5 a=7 file=/data/alice/ipardoza/hadronization_production/HF_RUN3_V1/raw/MONASH/hf_MONASH_job033.root
SIGMAB_COUNTS tag=MONASH species=Sigma_b- pdg=5112 slice=eta_ge_2 p=23 a=16 file=/data/alice/ipardoza/hadronization_production/HF_RUN3_V1/raw/MONASH/hf_MONASH_job033.root
SIGMAB_COUNTS tag=MONASH species=Sigma*_b+ pdg=5224 slice=all p=59 a=37 file=/data/alice/ipardoza/hadronization_production/HF_RUN3_V1/raw/MONASH/hf_MONASH_job033.root
SIGMAB_COUNTS tag=MONASH species=Sigma*_b+ pdg=5224 slice=eta_lt_1 p=9 a=3 file=/data/alice/ipardoza/hadronization_production/HF_RUN3_V1/raw/MONASH/hf_MONASH_job033.root
SIGMAB_COUNTS tag=MONASH species=Sigma*_b+ pdg=5224 slice=eta_1_2 p=11 a=6 file=/data/alice/ipardoza/hadronization_production/HF_RUN3_V1/raw/MONASH/hf_MONASH_job033.root
SIGMAB_COUNTS tag=MONASH species=Sigma*_b+ pdg=5224 slice=eta_ge_2 p=39 a=28 file=/data/alice/ipardoza/hadronization_production/HF_RUN3_V1/raw/MONASH/hf_MONASH_job033.root
SIGMAB_COUNTS tag=MONASH species=Sigma*_b0 pdg=5214 slice=all p=44 a=31 file=/data/alice/ipardoza/hadronization_production/HF_RUN3_V1/raw/MONASH/hf_MONASH_job033.root
SIGMAB_COUNTS tag=MONASH species=Sigma*_b0 pdg=5214 slice=eta_lt_1 p=11 a=6 file=/data/alice/ipardoza/hadronization_production/HF_RUN3_V1/raw/MONASH/hf_MONASH_job033.root
SIGMAB_COUNTS tag=MONASH species=Sigma*_b0 pdg=5214 slice=eta_1_2 p=11 a=5 file=/data/alice/ipardoza/hadronization_production/HF_RUN3_V1/raw/MONASH/hf_MONASH_job033.root
SIGMAB_COUNTS tag=MONASH species=Sigma*_b0 pdg=5214 slice=eta_ge_2 p=22 a=20 file=/data/alice/ipardoza/hadronization_production/HF_RUN3_V1/raw/MONASH/hf_MONASH_job033.root
SIGMAB_COUNTS tag=MONASH species=Sigma*_b- pdg=5114 slice=all p=44 a=44 file=/data/alice/ipardoza/hadronization_production/HF_RUN3_V1/raw/MONASH/hf_MONASH_job033.root
SIGMAB_COUNTS tag=MONASH species=Sigma*_b- pdg=5114 slice=eta_lt_1 p=10 a=7 file=/data/alice/ipardoza/hadronization_production/HF_RUN3_V1/raw/MONASH/hf_MONASH_job033.root
SIGMAB_COUNTS tag=MONASH species=Sigma*_b- pdg=5114 slice=eta_1_2 p=9 a=8 file=/data/alice/ipardoza/hadronization_production/HF_RUN3_V1/raw/MONASH/hf_MONASH_job033.root
SIGMAB_COUNTS tag=MONASH species=Sigma*_b- pdg=5114 slice=eta_ge_2 p=25 a=29 file=/data/alice/ipardoza/hadronization_production/HF_RUN3_V1/raw/MONASH/hf_MONASH_job033.root
SIGMAB_COUNTS tag=MONASH species=Lambda_b0 pdg=5122 slice=all p=321 a=337 file=/data/alice/ipardoza/hadronization_production/HF_RUN3_V1/raw/MONASH/hf_MONASH_job033.root
SIGMAB_COUNTS tag=MONASH species=Lambda_b0 pdg=5122 slice=eta_lt_1 p=59 a=62 file=/data/alice/ipardoza/hadronization_production/HF_RUN3_V1/raw/MONASH/hf_MONASH_job033.root
SIGMAB_COUNTS tag=MONASH species=Lambda_b0 pdg=5122 slice=eta_1_2 p=65 a=74 file=/data/alice/ipardoza/hadronization_production/HF_RUN3_V1/raw/MONASH/hf_MONASH_job033.root
SIGMAB_COUNTS tag=MONASH species=Lambda_b0 pdg=5122 slice=eta_ge_2 p=197 a=201 file=/data/alice/ipardoza/hadronization_production/HF_RUN3_V1/raw/MONASH/hf_MONASH_job033.root
SIGMAB_COUNTS tag=MONASH species=Xi_b0 pdg=5232 slice=all p=48 a=59 file=/data/alice/ipardoza/hadronization_production/HF_RUN3_V1/raw/MONASH/hf_MONASH_job033.root
SIGMAB_COUNTS tag=MONASH species=Xi_b0 pdg=5232 slice=eta_lt_1 p=12 a=12 file=/data/alice/ipardoza/hadronization_production/HF_RUN3_V1/raw/MONASH/hf_MONASH_job033.root
SIGMAB_COUNTS tag=MONASH species=Xi_b0 pdg=5232 slice=eta_1_2 p=11 a=15 file=/data/alice/ipardoza/hadronization_production/HF_RUN3_V1/raw/MONASH/hf_MONASH_job033.root
SIGMAB_COUNTS tag=MONASH species=Xi_b0 pdg=5232 slice=eta_ge_2 p=25 a=32 file=/data/alice/ipardoza/hadronization_production/HF_RUN3_V1/raw/MONASH/hf_MONASH_job033.root
SIGMAB_COUNTS tag=MONASH species=Xi_b- pdg=5132 slice=all p=71 a=61 file=/data/alice/ipardoza/hadronization_production/HF_RUN3_V1/raw/MONASH/hf_MONASH_job033.root
SIGMAB_COUNTS tag=MONASH species=Xi_b- pdg=5132 slice=eta_lt_1 p=11 a=15 file=/data/alice/ipardoza/hadronization_production/HF_RUN3_V1/raw/MONASH/hf_MONASH_job033.root
SIGMAB_COUNTS tag=MONASH species=Xi_b- pdg=5132 slice=eta_1_2 p=9 a=13 file=/data/alice/ipardoza/hadronization_production/HF_RUN3_V1/raw/MONASH/hf_MONASH_job033.root
SIGMAB_COUNTS tag=MONASH species=Xi_b- pdg=5132 slice=eta_ge_2 p=51 a=33 file=/data/alice/ipardoza/hadronization_production/HF_RUN3_V1/raw/MONASH/hf_MONASH_job033.root
SIGMAB_COUNTS tag=MONASH species=Sigma_b+ pdg=5222 slice=all p=34 a=14 file=/data/alice/ipardoza/hadronization_production/HF_RUN3_V1/raw/MONASH/hf_MONASH_job034.root
SIGMAB_COUNTS tag=MONASH species=Sigma_b+ pdg=5222 slice=eta_lt_1 p=6 a=1 file=/data/alice/ipardoza/hadronization_production/HF_RUN3_V1/raw/MONASH/hf_MONASH_job034.root
SIGMAB_COUNTS tag=MONASH species=Sigma_b+ pdg=5222 slice=eta_1_2 p=7 a=2 file=/data/alice/ipardoza/hadronization_production/HF_RUN3_V1/raw/MONASH/hf_MONASH_job034.root
SIGMAB_COUNTS tag=MONASH species=Sigma_b+ pdg=5222 slice=eta_ge_2 p=21 a=11 file=/data/alice/ipardoza/hadronization_production/HF_RUN3_V1/raw/MONASH/hf_MONASH_job034.root
SIGMAB_COUNTS tag=MONASH species=Sigma_b0 pdg=5212 slice=all p=49 a=21 file=/data/alice/ipardoza/hadronization_production/HF_RUN3_V1/raw/MONASH/hf_MONASH_job034.root
SIGMAB_COUNTS tag=MONASH species=Sigma_b0 pdg=5212 slice=eta_lt_1 p=9 a=5 file=/data/alice/ipardoza/hadronization_production/HF_RUN3_V1/raw/MONASH/hf_MONASH_job034.root
SIGMAB_COUNTS tag=MONASH species=Sigma_b0 pdg=5212 slice=eta_1_2 p=5 a=2 file=/data/alice/ipardoza/hadronization_production/HF_RUN3_V1/raw/MONASH/hf_MONASH_job034.root
SIGMAB_COUNTS tag=MONASH species=Sigma_b0 pdg=5212 slice=eta_ge_2 p=35 a=14 file=/data/alice/ipardoza/hadronization_production/HF_RUN3_V1/raw/MONASH/hf_MONASH_job034.root
SIGMAB_COUNTS tag=MONASH species=Sigma_b- pdg=5112 slice=all p=28 a=16 file=/data/alice/ipardoza/hadronization_production/HF_RUN3_V1/raw/MONASH/hf_MONASH_job034.root
SIGMAB_COUNTS tag=MONASH species=Sigma_b- pdg=5112 slice=eta_lt_1 p=0 a=3 file=/data/alice/ipardoza/hadronization_production/HF_RUN3_V1/raw/MONASH/hf_MONASH_job034.root
SIGMAB_COUNTS tag=MONASH species=Sigma_b- pdg=5112 slice=eta_1_2 p=5 a=4 file=/data/alice/ipardoza/hadronization_production/HF_RUN3_V1/raw/MONASH/hf_MONASH_job034.root
SIGMAB_COUNTS tag=MONASH species=Sigma_b- pdg=5112 slice=eta_ge_2 p=23 a=9 file=/data/alice/ipardoza/hadronization_production/HF_RUN3_V1/raw/MONASH/hf_MONASH_job034.root
SIGMAB_COUNTS tag=MONASH species=Sigma*_b+ pdg=5224 slice=all p=44 a=41 file=/data/alice/ipardoza/hadronization_production/HF_RUN3_V1/raw/MONASH/hf_MONASH_job034.root
SIGMAB_COUNTS tag=MONASH species=Sigma*_b+ pdg=5224 slice=eta_lt_1 p=5 a=8 file=/data/alice/ipardoza/hadronization_production/HF_RUN3_V1/raw/MONASH/hf_MONASH_job034.root
SIGMAB_COUNTS tag=MONASH species=Sigma*_b+ pdg=5224 slice=eta_1_2 p=10 a=8 file=/data/alice/ipardoza/hadronization_production/HF_RUN3_V1/raw/MONASH/hf_MONASH_job034.root
SIGMAB_COUNTS tag=MONASH species=Sigma*_b+ pdg=5224 slice=eta_ge_2 p=29 a=25 file=/data/alice/ipardoza/hadronization_production/HF_RUN3_V1/raw/MONASH/hf_MONASH_job034.root
SIGMAB_COUNTS tag=MONASH species=Sigma*_b0 pdg=5214 slice=all p=55 a=38 file=/data/alice/ipardoza/hadronization_production/HF_RUN3_V1/raw/MONASH/hf_MONASH_job034.root
SIGMAB_COUNTS tag=MONASH species=Sigma*_b0 pdg=5214 slice=eta_lt_1 p=8 a=5 file=/data/alice/ipardoza/hadronization_production/HF_RUN3_V1/raw/MONASH/hf_MONASH_job034.root
SIGMAB_COUNTS tag=MONASH species=Sigma*_b0 pdg=5214 slice=eta_1_2 p=10 a=10 file=/data/alice/ipardoza/hadronization_production/HF_RUN3_V1/raw/MONASH/hf_MONASH_job034.root
SIGMAB_COUNTS tag=MONASH species=Sigma*_b0 pdg=5214 slice=eta_ge_2 p=37 a=23 file=/data/alice/ipardoza/hadronization_production/HF_RUN3_V1/raw/MONASH/hf_MONASH_job034.root
SIGMAB_COUNTS tag=MONASH species=Sigma*_b- pdg=5114 slice=all p=48 a=33 file=/data/alice/ipardoza/hadronization_production/HF_RUN3_V1/raw/MONASH/hf_MONASH_job034.root
SIGMAB_COUNTS tag=MONASH species=Sigma*_b- pdg=5114 slice=eta_lt_1 p=10 a=5 file=/data/alice/ipardoza/hadronization_production/HF_RUN3_V1/raw/MONASH/hf_MONASH_job034.root
SIGMAB_COUNTS tag=MONASH species=Sigma*_b- pdg=5114 slice=eta_1_2 p=11 a=7 file=/data/alice/ipardoza/hadronization_production/HF_RUN3_V1/raw/MONASH/hf_MONASH_job034.root
SIGMAB_COUNTS tag=MONASH species=Sigma*_b- pdg=5114 slice=eta_ge_2 p=27 a=21 file=/data/alice/ipardoza/hadronization_production/HF_RUN3_V1/raw/MONASH/hf_MONASH_job034.root
SIGMAB_COUNTS tag=MONASH species=Lambda_b0 pdg=5122 slice=all p=311 a=313 file=/data/alice/ipardoza/hadronization_production/HF_RUN3_V1/raw/MONASH/hf_MONASH_job034.root
SIGMAB_COUNTS tag=MONASH species=Lambda_b0 pdg=5122 slice=eta_lt_1 p=65 a=56 file=/data/alice/ipardoza/hadronization_production/HF_RUN3_V1/raw/MONASH/hf_MONASH_job034.root
SIGMAB_COUNTS tag=MONASH species=Lambda_b0 pdg=5122 slice=eta_1_2 p=50 a=68 file=/data/alice/ipardoza/hadronization_production/HF_RUN3_V1/raw/MONASH/hf_MONASH_job034.root
SIGMAB_COUNTS tag=MONASH species=Lambda_b0 pdg=5122 slice=eta_ge_2 p=196 a=189 file=/data/alice/ipardoza/hadronization_production/HF_RUN3_V1/raw/MONASH/hf_MONASH_job034.root
SIGMAB_COUNTS tag=MONASH species=Xi_b0 pdg=5232 slice=all p=54 a=66 file=/data/alice/ipardoza/hadronization_production/HF_RUN3_V1/raw/MONASH/hf_MONASH_job034.root
SIGMAB_COUNTS tag=MONASH species=Xi_b0 pdg=5232 slice=eta_lt_1 p=13 a=17 file=/data/alice/ipardoza/hadronization_production/HF_RUN3_V1/raw/MONASH/hf_MONASH_job034.root
SIGMAB_COUNTS tag=MONASH species=Xi_b0 pdg=5232 slice=eta_1_2 p=12 a=11 file=/data/alice/ipardoza/hadronization_production/HF_RUN3_V1/raw/MONASH/hf_MONASH_job034.root
SIGMAB_COUNTS tag=MONASH species=Xi_b0 pdg=5232 slice=eta_ge_2 p=29 a=38 file=/data/alice/ipardoza/hadronization_production/HF_RUN3_V1/raw/MONASH/hf_MONASH_job034.root
SIGMAB_COUNTS tag=MONASH species=Xi_b- pdg=5132 slice=all p=67 a=52 file=/data/alice/ipardoza/hadronization_production/HF_RUN3_V1/raw/MONASH/hf_MONASH_job034.root
SIGMAB_COUNTS tag=MONASH species=Xi_b- pdg=5132 slice=eta_lt_1 p=18 a=10 file=/data/alice/ipardoza/hadronization_production/HF_RUN3_V1/raw/MONASH/hf_MONASH_job034.root
SIGMAB_COUNTS tag=MONASH species=Xi_b- pdg=5132 slice=eta_1_2 p=13 a=9 file=/data/alice/ipardoza/hadronization_production/HF_RUN3_V1/raw/MONASH/hf_MONASH_job034.root
SIGMAB_COUNTS tag=MONASH species=Xi_b- pdg=5132 slice=eta_ge_2 p=36 a=33 file=/data/alice/ipardoza/hadronization_production/HF_RUN3_V1/raw/MONASH/hf_MONASH_job034.root
SIGMAB_COUNTS tag=MONASH species=Sigma_b+ pdg=5222 slice=all p=33 a=19 file=/data/alice/ipardoza/hadronization_production/HF_RUN3_V1/raw/MONASH/hf_MONASH_job035.root
SIGMAB_COUNTS tag=MONASH species=Sigma_b+ pdg=5222 slice=eta_lt_1 p=6 a=3 file=/data/alice/ipardoza/hadronization_production/HF_RUN3_V1/raw/MONASH/hf_MONASH_job035.root
SIGMAB_COUNTS tag=MONASH species=Sigma_b+ pdg=5222 slice=eta_1_2 p=5 a=6 file=/data/alice/ipardoza/hadronization_production/HF_RUN3_V1/raw/MONASH/hf_MONASH_job035.root
SIGMAB_COUNTS tag=MONASH species=Sigma_b+ pdg=5222 slice=eta_ge_2 p=22 a=10 file=/data/alice/ipardoza/hadronization_production/HF_RUN3_V1/raw/MONASH/hf_MONASH_job035.root
SIGMAB_COUNTS tag=MONASH species=Sigma_b0 pdg=5212 slice=all p=34 a=17 file=/data/alice/ipardoza/hadronization_production/HF_RUN3_V1/raw/MONASH/hf_MONASH_job035.root
SIGMAB_COUNTS tag=MONASH species=Sigma_b0 pdg=5212 slice=eta_lt_1 p=5 a=8 file=/data/alice/ipardoza/hadronization_production/HF_RUN3_V1/raw/MONASH/hf_MONASH_job035.root
SIGMAB_COUNTS tag=MONASH species=Sigma_b0 pdg=5212 slice=eta_1_2 p=5 a=3 file=/data/alice/ipardoza/hadronization_production/HF_RUN3_V1/raw/MONASH/hf_MONASH_job035.root
SIGMAB_COUNTS tag=MONASH species=Sigma_b0 pdg=5212 slice=eta_ge_2 p=24 a=6 file=/data/alice/ipardoza/hadronization_production/HF_RUN3_V1/raw/MONASH/hf_MONASH_job035.root
SIGMAB_COUNTS tag=MONASH species=Sigma_b- pdg=5112 slice=all p=33 a=20 file=/data/alice/ipardoza/hadronization_production/HF_RUN3_V1/raw/MONASH/hf_MONASH_job035.root
SIGMAB_COUNTS tag=MONASH species=Sigma_b- pdg=5112 slice=eta_lt_1 p=5 a=4 file=/data/alice/ipardoza/hadronization_production/HF_RUN3_V1/raw/MONASH/hf_MONASH_job035.root
SIGMAB_COUNTS tag=MONASH species=Sigma_b- pdg=5112 slice=eta_1_2 p=5 a=2 file=/data/alice/ipardoza/hadronization_production/HF_RUN3_V1/raw/MONASH/hf_MONASH_job035.root
SIGMAB_COUNTS tag=MONASH species=Sigma_b- pdg=5112 slice=eta_ge_2 p=23 a=14 file=/data/alice/ipardoza/hadronization_production/HF_RUN3_V1/raw/MONASH/hf_MONASH_job035.root
SIGMAB_COUNTS tag=MONASH species=Sigma*_b+ pdg=5224 slice=all p=57 a=45 file=/data/alice/ipardoza/hadronization_production/HF_RUN3_V1/raw/MONASH/hf_MONASH_job035.root
SIGMAB_COUNTS tag=MONASH species=Sigma*_b+ pdg=5224 slice=eta_lt_1 p=6 a=7 file=/data/alice/ipardoza/hadronization_production/HF_RUN3_V1/raw/MONASH/hf_MONASH_job035.root
SIGMAB_COUNTS tag=MONASH species=Sigma*_b+ pdg=5224 slice=eta_1_2 p=16 a=7 file=/data/alice/ipardoza/hadronization_production/HF_RUN3_V1/raw/MONASH/hf_MONASH_job035.root
SIGMAB_COUNTS tag=MONASH species=Sigma*_b+ pdg=5224 slice=eta_ge_2 p=35 a=31 file=/data/alice/ipardoza/hadronization_production/HF_RUN3_V1/raw/MONASH/hf_MONASH_job035.root
SIGMAB_COUNTS tag=MONASH species=Sigma*_b0 pdg=5214 slice=all p=44 a=40 file=/data/alice/ipardoza/hadronization_production/HF_RUN3_V1/raw/MONASH/hf_MONASH_job035.root
SIGMAB_COUNTS tag=MONASH species=Sigma*_b0 pdg=5214 slice=eta_lt_1 p=5 a=5 file=/data/alice/ipardoza/hadronization_production/HF_RUN3_V1/raw/MONASH/hf_MONASH_job035.root
SIGMAB_COUNTS tag=MONASH species=Sigma*_b0 pdg=5214 slice=eta_1_2 p=6 a=6 file=/data/alice/ipardoza/hadronization_production/HF_RUN3_V1/raw/MONASH/hf_MONASH_job035.root
SIGMAB_COUNTS tag=MONASH species=Sigma*_b0 pdg=5214 slice=eta_ge_2 p=33 a=29 file=/data/alice/ipardoza/hadronization_production/HF_RUN3_V1/raw/MONASH/hf_MONASH_job035.root
SIGMAB_COUNTS tag=MONASH species=Sigma*_b- pdg=5114 slice=all p=50 a=41 file=/data/alice/ipardoza/hadronization_production/HF_RUN3_V1/raw/MONASH/hf_MONASH_job035.root
SIGMAB_COUNTS tag=MONASH species=Sigma*_b- pdg=5114 slice=eta_lt_1 p=12 a=6 file=/data/alice/ipardoza/hadronization_production/HF_RUN3_V1/raw/MONASH/hf_MONASH_job035.root
SIGMAB_COUNTS tag=MONASH species=Sigma*_b- pdg=5114 slice=eta_1_2 p=11 a=11 file=/data/alice/ipardoza/hadronization_production/HF_RUN3_V1/raw/MONASH/hf_MONASH_job035.root
SIGMAB_COUNTS tag=MONASH species=Sigma*_b- pdg=5114 slice=eta_ge_2 p=27 a=24 file=/data/alice/ipardoza/hadronization_production/HF_RUN3_V1/raw/MONASH/hf_MONASH_job035.root
SIGMAB_COUNTS tag=MONASH species=Lambda_b0 pdg=5122 slice=all p=295 a=318 file=/data/alice/ipardoza/hadronization_production/HF_RUN3_V1/raw/MONASH/hf_MONASH_job035.root
SIGMAB_COUNTS tag=MONASH species=Lambda_b0 pdg=5122 slice=eta_lt_1 p=51 a=51 file=/data/alice/ipardoza/hadronization_production/HF_RUN3_V1/raw/MONASH/hf_MONASH_job035.root
SIGMAB_COUNTS tag=MONASH species=Lambda_b0 pdg=5122 slice=eta_1_2 p=55 a=74 file=/data/alice/ipardoza/hadronization_production/HF_RUN3_V1/raw/MONASH/hf_MONASH_job035.root
SIGMAB_COUNTS tag=MONASH species=Lambda_b0 pdg=5122 slice=eta_ge_2 p=189 a=193 file=/data/alice/ipardoza/hadronization_production/HF_RUN3_V1/raw/MONASH/hf_MONASH_job035.root
SIGMAB_COUNTS tag=MONASH species=Xi_b0 pdg=5232 slice=all p=54 a=50 file=/data/alice/ipardoza/hadronization_production/HF_RUN3_V1/raw/MONASH/hf_MONASH_job035.root
SIGMAB_COUNTS tag=MONASH species=Xi_b0 pdg=5232 slice=eta_lt_1 p=10 a=9 file=/data/alice/ipardoza/hadronization_production/HF_RUN3_V1/raw/MONASH/hf_MONASH_job035.root
SIGMAB_COUNTS tag=MONASH species=Xi_b0 pdg=5232 slice=eta_1_2 p=12 a=12 file=/data/alice/ipardoza/hadronization_production/HF_RUN3_V1/raw/MONASH/hf_MONASH_job035.root
SIGMAB_COUNTS tag=MONASH species=Xi_b0 pdg=5232 slice=eta_ge_2 p=32 a=29 file=/data/alice/ipardoza/hadronization_production/HF_RUN3_V1/raw/MONASH/hf_MONASH_job035.root
SIGMAB_COUNTS tag=MONASH species=Xi_b- pdg=5132 slice=all p=63 a=53 file=/data/alice/ipardoza/hadronization_production/HF_RUN3_V1/raw/MONASH/hf_MONASH_job035.root
SIGMAB_COUNTS tag=MONASH species=Xi_b- pdg=5132 slice=eta_lt_1 p=13 a=13 file=/data/alice/ipardoza/hadronization_production/HF_RUN3_V1/raw/MONASH/hf_MONASH_job035.root
SIGMAB_COUNTS tag=MONASH species=Xi_b- pdg=5132 slice=eta_1_2 p=10 a=5 file=/data/alice/ipardoza/hadronization_production/HF_RUN3_V1/raw/MONASH/hf_MONASH_job035.root
SIGMAB_COUNTS tag=MONASH species=Xi_b- pdg=5132 slice=eta_ge_2 p=40 a=35 file=/data/alice/ipardoza/hadronization_production/HF_RUN3_V1/raw/MONASH/hf_MONASH_job035.root
SIGMAB_COUNTS tag=MONASH species=Sigma_b+ pdg=5222 slice=all p=31 a=19 file=/data/alice/ipardoza/hadronization_production/HF_RUN3_V1/raw/MONASH/hf_MONASH_job036.root
SIGMAB_COUNTS tag=MONASH species=Sigma_b+ pdg=5222 slice=eta_lt_1 p=3 a=5 file=/data/alice/ipardoza/hadronization_production/HF_RUN3_V1/raw/MONASH/hf_MONASH_job036.root
SIGMAB_COUNTS tag=MONASH species=Sigma_b+ pdg=5222 slice=eta_1_2 p=5 a=3 file=/data/alice/ipardoza/hadronization_production/HF_RUN3_V1/raw/MONASH/hf_MONASH_job036.root
SIGMAB_COUNTS tag=MONASH species=Sigma_b+ pdg=5222 slice=eta_ge_2 p=23 a=11 file=/data/alice/ipardoza/hadronization_production/HF_RUN3_V1/raw/MONASH/hf_MONASH_job036.root
SIGMAB_COUNTS tag=MONASH species=Sigma_b0 pdg=5212 slice=all p=34 a=15 file=/data/alice/ipardoza/hadronization_production/HF_RUN3_V1/raw/MONASH/hf_MONASH_job036.root
SIGMAB_COUNTS tag=MONASH species=Sigma_b0 pdg=5212 slice=eta_lt_1 p=8 a=3 file=/data/alice/ipardoza/hadronization_production/HF_RUN3_V1/raw/MONASH/hf_MONASH_job036.root
SIGMAB_COUNTS tag=MONASH species=Sigma_b0 pdg=5212 slice=eta_1_2 p=6 a=2 file=/data/alice/ipardoza/hadronization_production/HF_RUN3_V1/raw/MONASH/hf_MONASH_job036.root
SIGMAB_COUNTS tag=MONASH species=Sigma_b0 pdg=5212 slice=eta_ge_2 p=20 a=10 file=/data/alice/ipardoza/hadronization_production/HF_RUN3_V1/raw/MONASH/hf_MONASH_job036.root
SIGMAB_COUNTS tag=MONASH species=Sigma_b- pdg=5112 slice=all p=34 a=23 file=/data/alice/ipardoza/hadronization_production/HF_RUN3_V1/raw/MONASH/hf_MONASH_job036.root
SIGMAB_COUNTS tag=MONASH species=Sigma_b- pdg=5112 slice=eta_lt_1 p=6 a=2 file=/data/alice/ipardoza/hadronization_production/HF_RUN3_V1/raw/MONASH/hf_MONASH_job036.root
SIGMAB_COUNTS tag=MONASH species=Sigma_b- pdg=5112 slice=eta_1_2 p=5 a=5 file=/data/alice/ipardoza/hadronization_production/HF_RUN3_V1/raw/MONASH/hf_MONASH_job036.root
SIGMAB_COUNTS tag=MONASH species=Sigma_b- pdg=5112 slice=eta_ge_2 p=23 a=16 file=/data/alice/ipardoza/hadronization_production/HF_RUN3_V1/raw/MONASH/hf_MONASH_job036.root
SIGMAB_COUNTS tag=MONASH species=Sigma*_b+ pdg=5224 slice=all p=48 a=47 file=/data/alice/ipardoza/hadronization_production/HF_RUN3_V1/raw/MONASH/hf_MONASH_job036.root
SIGMAB_COUNTS tag=MONASH species=Sigma*_b+ pdg=5224 slice=eta_lt_1 p=7 a=5 file=/data/alice/ipardoza/hadronization_production/HF_RUN3_V1/raw/MONASH/hf_MONASH_job036.root
SIGMAB_COUNTS tag=MONASH species=Sigma*_b+ pdg=5224 slice=eta_1_2 p=12 a=12 file=/data/alice/ipardoza/hadronization_production/HF_RUN3_V1/raw/MONASH/hf_MONASH_job036.root
SIGMAB_COUNTS tag=MONASH species=Sigma*_b+ pdg=5224 slice=eta_ge_2 p=29 a=30 file=/data/alice/ipardoza/hadronization_production/HF_RUN3_V1/raw/MONASH/hf_MONASH_job036.root
SIGMAB_COUNTS tag=MONASH species=Sigma*_b0 pdg=5214 slice=all p=62 a=38 file=/data/alice/ipardoza/hadronization_production/HF_RUN3_V1/raw/MONASH/hf_MONASH_job036.root
SIGMAB_COUNTS tag=MONASH species=Sigma*_b0 pdg=5214 slice=eta_lt_1 p=18 a=9 file=/data/alice/ipardoza/hadronization_production/HF_RUN3_V1/raw/MONASH/hf_MONASH_job036.root
SIGMAB_COUNTS tag=MONASH species=Sigma*_b0 pdg=5214 slice=eta_1_2 p=15 a=8 file=/data/alice/ipardoza/hadronization_production/HF_RUN3_V1/raw/MONASH/hf_MONASH_job036.root
SIGMAB_COUNTS tag=MONASH species=Sigma*_b0 pdg=5214 slice=eta_ge_2 p=29 a=21 file=/data/alice/ipardoza/hadronization_production/HF_RUN3_V1/raw/MONASH/hf_MONASH_job036.root
SIGMAB_COUNTS tag=MONASH species=Sigma*_b- pdg=5114 slice=all p=48 a=47 file=/data/alice/ipardoza/hadronization_production/HF_RUN3_V1/raw/MONASH/hf_MONASH_job036.root
SIGMAB_COUNTS tag=MONASH species=Sigma*_b- pdg=5114 slice=eta_lt_1 p=12 a=12 file=/data/alice/ipardoza/hadronization_production/HF_RUN3_V1/raw/MONASH/hf_MONASH_job036.root
SIGMAB_COUNTS tag=MONASH species=Sigma*_b- pdg=5114 slice=eta_1_2 p=6 a=8 file=/data/alice/ipardoza/hadronization_production/HF_RUN3_V1/raw/MONASH/hf_MONASH_job036.root
SIGMAB_COUNTS tag=MONASH species=Sigma*_b- pdg=5114 slice=eta_ge_2 p=30 a=27 file=/data/alice/ipardoza/hadronization_production/HF_RUN3_V1/raw/MONASH/hf_MONASH_job036.root
SIGMAB_COUNTS tag=MONASH species=Lambda_b0 pdg=5122 slice=all p=328 a=293 file=/data/alice/ipardoza/hadronization_production/HF_RUN3_V1/raw/MONASH/hf_MONASH_job036.root
SIGMAB_COUNTS tag=MONASH species=Lambda_b0 pdg=5122 slice=eta_lt_1 p=65 a=38 file=/data/alice/ipardoza/hadronization_production/HF_RUN3_V1/raw/MONASH/hf_MONASH_job036.root
SIGMAB_COUNTS tag=MONASH species=Lambda_b0 pdg=5122 slice=eta_1_2 p=66 a=73 file=/data/alice/ipardoza/hadronization_production/HF_RUN3_V1/raw/MONASH/hf_MONASH_job036.root
SIGMAB_COUNTS tag=MONASH species=Lambda_b0 pdg=5122 slice=eta_ge_2 p=197 a=182 file=/data/alice/ipardoza/hadronization_production/HF_RUN3_V1/raw/MONASH/hf_MONASH_job036.root
SIGMAB_COUNTS tag=MONASH species=Xi_b0 pdg=5232 slice=all p=50 a=65 file=/data/alice/ipardoza/hadronization_production/HF_RUN3_V1/raw/MONASH/hf_MONASH_job036.root
SIGMAB_COUNTS tag=MONASH species=Xi_b0 pdg=5232 slice=eta_lt_1 p=8 a=6 file=/data/alice/ipardoza/hadronization_production/HF_RUN3_V1/raw/MONASH/hf_MONASH_job036.root
SIGMAB_COUNTS tag=MONASH species=Xi_b0 pdg=5232 slice=eta_1_2 p=7 a=12 file=/data/alice/ipardoza/hadronization_production/HF_RUN3_V1/raw/MONASH/hf_MONASH_job036.root
SIGMAB_COUNTS tag=MONASH species=Xi_b0 pdg=5232 slice=eta_ge_2 p=35 a=47 file=/data/alice/ipardoza/hadronization_production/HF_RUN3_V1/raw/MONASH/hf_MONASH_job036.root
SIGMAB_COUNTS tag=MONASH species=Xi_b- pdg=5132 slice=all p=65 a=52 file=/data/alice/ipardoza/hadronization_production/HF_RUN3_V1/raw/MONASH/hf_MONASH_job036.root
SIGMAB_COUNTS tag=MONASH species=Xi_b- pdg=5132 slice=eta_lt_1 p=10 a=11 file=/data/alice/ipardoza/hadronization_production/HF_RUN3_V1/raw/MONASH/hf_MONASH_job036.root
SIGMAB_COUNTS tag=MONASH species=Xi_b- pdg=5132 slice=eta_1_2 p=17 a=11 file=/data/alice/ipardoza/hadronization_production/HF_RUN3_V1/raw/MONASH/hf_MONASH_job036.root
SIGMAB_COUNTS tag=MONASH species=Xi_b- pdg=5132 slice=eta_ge_2 p=38 a=30 file=/data/alice/ipardoza/hadronization_production/HF_RUN3_V1/raw/MONASH/hf_MONASH_job036.root
SIGMAB_COUNTS tag=MONASH species=Sigma_b+ pdg=5222 slice=all p=44 a=23 file=/data/alice/ipardoza/hadronization_production/HF_RUN3_V1/raw/MONASH/hf_MONASH_job037.root
SIGMAB_COUNTS tag=MONASH species=Sigma_b+ pdg=5222 slice=eta_lt_1 p=6 a=5 file=/data/alice/ipardoza/hadronization_production/HF_RUN3_V1/raw/MONASH/hf_MONASH_job037.root
SIGMAB_COUNTS tag=MONASH species=Sigma_b+ pdg=5222 slice=eta_1_2 p=8 a=4 file=/data/alice/ipardoza/hadronization_production/HF_RUN3_V1/raw/MONASH/hf_MONASH_job037.root
SIGMAB_COUNTS tag=MONASH species=Sigma_b+ pdg=5222 slice=eta_ge_2 p=30 a=14 file=/data/alice/ipardoza/hadronization_production/HF_RUN3_V1/raw/MONASH/hf_MONASH_job037.root
SIGMAB_COUNTS tag=MONASH species=Sigma_b0 pdg=5212 slice=all p=29 a=24 file=/data/alice/ipardoza/hadronization_production/HF_RUN3_V1/raw/MONASH/hf_MONASH_job037.root
SIGMAB_COUNTS tag=MONASH species=Sigma_b0 pdg=5212 slice=eta_lt_1 p=5 a=4 file=/data/alice/ipardoza/hadronization_production/HF_RUN3_V1/raw/MONASH/hf_MONASH_job037.root
SIGMAB_COUNTS tag=MONASH species=Sigma_b0 pdg=5212 slice=eta_1_2 p=8 a=5 file=/data/alice/ipardoza/hadronization_production/HF_RUN3_V1/raw/MONASH/hf_MONASH_job037.root
SIGMAB_COUNTS tag=MONASH species=Sigma_b0 pdg=5212 slice=eta_ge_2 p=16 a=15 file=/data/alice/ipardoza/hadronization_production/HF_RUN3_V1/raw/MONASH/hf_MONASH_job037.root
SIGMAB_COUNTS tag=MONASH species=Sigma_b- pdg=5112 slice=all p=35 a=19 file=/data/alice/ipardoza/hadronization_production/HF_RUN3_V1/raw/MONASH/hf_MONASH_job037.root
SIGMAB_COUNTS tag=MONASH species=Sigma_b- pdg=5112 slice=eta_lt_1 p=11 a=3 file=/data/alice/ipardoza/hadronization_production/HF_RUN3_V1/raw/MONASH/hf_MONASH_job037.root
SIGMAB_COUNTS tag=MONASH species=Sigma_b- pdg=5112 slice=eta_1_2 p=7 a=3 file=/data/alice/ipardoza/hadronization_production/HF_RUN3_V1/raw/MONASH/hf_MONASH_job037.root
SIGMAB_COUNTS tag=MONASH species=Sigma_b- pdg=5112 slice=eta_ge_2 p=17 a=13 file=/data/alice/ipardoza/hadronization_production/HF_RUN3_V1/raw/MONASH/hf_MONASH_job037.root
SIGMAB_COUNTS tag=MONASH species=Sigma*_b+ pdg=5224 slice=all p=57 a=33 file=/data/alice/ipardoza/hadronization_production/HF_RUN3_V1/raw/MONASH/hf_MONASH_job037.root
SIGMAB_COUNTS tag=MONASH species=Sigma*_b+ pdg=5224 slice=eta_lt_1 p=10 a=8 file=/data/alice/ipardoza/hadronization_production/HF_RUN3_V1/raw/MONASH/hf_MONASH_job037.root
SIGMAB_COUNTS tag=MONASH species=Sigma*_b+ pdg=5224 slice=eta_1_2 p=13 a=10 file=/data/alice/ipardoza/hadronization_production/HF_RUN3_V1/raw/MONASH/hf_MONASH_job037.root
SIGMAB_COUNTS tag=MONASH species=Sigma*_b+ pdg=5224 slice=eta_ge_2 p=34 a=15 file=/data/alice/ipardoza/hadronization_production/HF_RUN3_V1/raw/MONASH/hf_MONASH_job037.root
SIGMAB_COUNTS tag=MONASH species=Sigma*_b0 pdg=5214 slice=all p=58 a=48 file=/data/alice/ipardoza/hadronization_production/HF_RUN3_V1/raw/MONASH/hf_MONASH_job037.root
SIGMAB_COUNTS tag=MONASH species=Sigma*_b0 pdg=5214 slice=eta_lt_1 p=7 a=11 file=/data/alice/ipardoza/hadronization_production/HF_RUN3_V1/raw/MONASH/hf_MONASH_job037.root
SIGMAB_COUNTS tag=MONASH species=Sigma*_b0 pdg=5214 slice=eta_1_2 p=13 a=11 file=/data/alice/ipardoza/hadronization_production/HF_RUN3_V1/raw/MONASH/hf_MONASH_job037.root
SIGMAB_COUNTS tag=MONASH species=Sigma*_b0 pdg=5214 slice=eta_ge_2 p=38 a=26 file=/data/alice/ipardoza/hadronization_production/HF_RUN3_V1/raw/MONASH/hf_MONASH_job037.root
SIGMAB_COUNTS tag=MONASH species=Sigma*_b- pdg=5114 slice=all p=46 a=43 file=/data/alice/ipardoza/hadronization_production/HF_RUN3_V1/raw/MONASH/hf_MONASH_job037.root
SIGMAB_COUNTS tag=MONASH species=Sigma*_b- pdg=5114 slice=eta_lt_1 p=8 a=13 file=/data/alice/ipardoza/hadronization_production/HF_RUN3_V1/raw/MONASH/hf_MONASH_job037.root
SIGMAB_COUNTS tag=MONASH species=Sigma*_b- pdg=5114 slice=eta_1_2 p=7 a=8 file=/data/alice/ipardoza/hadronization_production/HF_RUN3_V1/raw/MONASH/hf_MONASH_job037.root
SIGMAB_COUNTS tag=MONASH species=Sigma*_b- pdg=5114 slice=eta_ge_2 p=31 a=22 file=/data/alice/ipardoza/hadronization_production/HF_RUN3_V1/raw/MONASH/hf_MONASH_job037.root
SIGMAB_COUNTS tag=MONASH species=Lambda_b0 pdg=5122 slice=all p=293 a=318 file=/data/alice/ipardoza/hadronization_production/HF_RUN3_V1/raw/MONASH/hf_MONASH_job037.root
SIGMAB_COUNTS tag=MONASH species=Lambda_b0 pdg=5122 slice=eta_lt_1 p=56 a=57 file=/data/alice/ipardoza/hadronization_production/HF_RUN3_V1/raw/MONASH/hf_MONASH_job037.root
SIGMAB_COUNTS tag=MONASH species=Lambda_b0 pdg=5122 slice=eta_1_2 p=65 a=77 file=/data/alice/ipardoza/hadronization_production/HF_RUN3_V1/raw/MONASH/hf_MONASH_job037.root
SIGMAB_COUNTS tag=MONASH species=Lambda_b0 pdg=5122 slice=eta_ge_2 p=172 a=184 file=/data/alice/ipardoza/hadronization_production/HF_RUN3_V1/raw/MONASH/hf_MONASH_job037.root
SIGMAB_COUNTS tag=MONASH species=Xi_b0 pdg=5232 slice=all p=58 a=58 file=/data/alice/ipardoza/hadronization_production/HF_RUN3_V1/raw/MONASH/hf_MONASH_job037.root
SIGMAB_COUNTS tag=MONASH species=Xi_b0 pdg=5232 slice=eta_lt_1 p=10 a=9 file=/data/alice/ipardoza/hadronization_production/HF_RUN3_V1/raw/MONASH/hf_MONASH_job037.root
SIGMAB_COUNTS tag=MONASH species=Xi_b0 pdg=5232 slice=eta_1_2 p=18 a=13 file=/data/alice/ipardoza/hadronization_production/HF_RUN3_V1/raw/MONASH/hf_MONASH_job037.root
SIGMAB_COUNTS tag=MONASH species=Xi_b0 pdg=5232 slice=eta_ge_2 p=30 a=36 file=/data/alice/ipardoza/hadronization_production/HF_RUN3_V1/raw/MONASH/hf_MONASH_job037.root
SIGMAB_COUNTS tag=MONASH species=Xi_b- pdg=5132 slice=all p=56 a=60 file=/data/alice/ipardoza/hadronization_production/HF_RUN3_V1/raw/MONASH/hf_MONASH_job037.root
SIGMAB_COUNTS tag=MONASH species=Xi_b- pdg=5132 slice=eta_lt_1 p=12 a=10 file=/data/alice/ipardoza/hadronization_production/HF_RUN3_V1/raw/MONASH/hf_MONASH_job037.root
SIGMAB_COUNTS tag=MONASH species=Xi_b- pdg=5132 slice=eta_1_2 p=12 a=17 file=/data/alice/ipardoza/hadronization_production/HF_RUN3_V1/raw/MONASH/hf_MONASH_job037.root
SIGMAB_COUNTS tag=MONASH species=Xi_b- pdg=5132 slice=eta_ge_2 p=32 a=33 file=/data/alice/ipardoza/hadronization_production/HF_RUN3_V1/raw/MONASH/hf_MONASH_job037.root
SIGMAB_COUNTS tag=MONASH species=Sigma_b+ pdg=5222 slice=all p=53 a=27 file=/data/alice/ipardoza/hadronization_production/HF_RUN3_V1/raw/MONASH/hf_MONASH_job038.root
SIGMAB_COUNTS tag=MONASH species=Sigma_b+ pdg=5222 slice=eta_lt_1 p=7 a=0 file=/data/alice/ipardoza/hadronization_production/HF_RUN3_V1/raw/MONASH/hf_MONASH_job038.root
SIGMAB_COUNTS tag=MONASH species=Sigma_b+ pdg=5222 slice=eta_1_2 p=13 a=9 file=/data/alice/ipardoza/hadronization_production/HF_RUN3_V1/raw/MONASH/hf_MONASH_job038.root
SIGMAB_COUNTS tag=MONASH species=Sigma_b+ pdg=5222 slice=eta_ge_2 p=33 a=18 file=/data/alice/ipardoza/hadronization_production/HF_RUN3_V1/raw/MONASH/hf_MONASH_job038.root
SIGMAB_COUNTS tag=MONASH species=Sigma_b0 pdg=5212 slice=all p=24 a=21 file=/data/alice/ipardoza/hadronization_production/HF_RUN3_V1/raw/MONASH/hf_MONASH_job038.root
SIGMAB_COUNTS tag=MONASH species=Sigma_b0 pdg=5212 slice=eta_lt_1 p=7 a=4 file=/data/alice/ipardoza/hadronization_production/HF_RUN3_V1/raw/MONASH/hf_MONASH_job038.root
SIGMAB_COUNTS tag=MONASH species=Sigma_b0 pdg=5212 slice=eta_1_2 p=4 a=3 file=/data/alice/ipardoza/hadronization_production/HF_RUN3_V1/raw/MONASH/hf_MONASH_job038.root
SIGMAB_COUNTS tag=MONASH species=Sigma_b0 pdg=5212 slice=eta_ge_2 p=13 a=14 file=/data/alice/ipardoza/hadronization_production/HF_RUN3_V1/raw/MONASH/hf_MONASH_job038.root
SIGMAB_COUNTS tag=MONASH species=Sigma_b- pdg=5112 slice=all p=34 a=18 file=/data/alice/ipardoza/hadronization_production/HF_RUN3_V1/raw/MONASH/hf_MONASH_job038.root
SIGMAB_COUNTS tag=MONASH species=Sigma_b- pdg=5112 slice=eta_lt_1 p=5 a=3 file=/data/alice/ipardoza/hadronization_production/HF_RUN3_V1/raw/MONASH/hf_MONASH_job038.root
SIGMAB_COUNTS tag=MONASH species=Sigma_b- pdg=5112 slice=eta_1_2 p=7 a=4 file=/data/alice/ipardoza/hadronization_production/HF_RUN3_V1/raw/MONASH/hf_MONASH_job038.root
SIGMAB_COUNTS tag=MONASH species=Sigma_b- pdg=5112 slice=eta_ge_2 p=22 a=11 file=/data/alice/ipardoza/hadronization_production/HF_RUN3_V1/raw/MONASH/hf_MONASH_job038.root
SIGMAB_COUNTS tag=MONASH species=Sigma*_b+ pdg=5224 slice=all p=45 a=30 file=/data/alice/ipardoza/hadronization_production/HF_RUN3_V1/raw/MONASH/hf_MONASH_job038.root
SIGMAB_COUNTS tag=MONASH species=Sigma*_b+ pdg=5224 slice=eta_lt_1 p=9 a=7 file=/data/alice/ipardoza/hadronization_production/HF_RUN3_V1/raw/MONASH/hf_MONASH_job038.root
SIGMAB_COUNTS tag=MONASH species=Sigma*_b+ pdg=5224 slice=eta_1_2 p=8 a=7 file=/data/alice/ipardoza/hadronization_production/HF_RUN3_V1/raw/MONASH/hf_MONASH_job038.root
SIGMAB_COUNTS tag=MONASH species=Sigma*_b+ pdg=5224 slice=eta_ge_2 p=28 a=16 file=/data/alice/ipardoza/hadronization_production/HF_RUN3_V1/raw/MONASH/hf_MONASH_job038.root
SIGMAB_COUNTS tag=MONASH species=Sigma*_b0 pdg=5214 slice=all p=40 a=37 file=/data/alice/ipardoza/hadronization_production/HF_RUN3_V1/raw/MONASH/hf_MONASH_job038.root
SIGMAB_COUNTS tag=MONASH species=Sigma*_b0 pdg=5214 slice=eta_lt_1 p=7 a=5 file=/data/alice/ipardoza/hadronization_production/HF_RUN3_V1/raw/MONASH/hf_MONASH_job038.root
SIGMAB_COUNTS tag=MONASH species=Sigma*_b0 pdg=5214 slice=eta_1_2 p=10 a=3 file=/data/alice/ipardoza/hadronization_production/HF_RUN3_V1/raw/MONASH/hf_MONASH_job038.root
SIGMAB_COUNTS tag=MONASH species=Sigma*_b0 pdg=5214 slice=eta_ge_2 p=23 a=29 file=/data/alice/ipardoza/hadronization_production/HF_RUN3_V1/raw/MONASH/hf_MONASH_job038.root
SIGMAB_COUNTS tag=MONASH species=Sigma*_b- pdg=5114 slice=all p=53 a=48 file=/data/alice/ipardoza/hadronization_production/HF_RUN3_V1/raw/MONASH/hf_MONASH_job038.root
SIGMAB_COUNTS tag=MONASH species=Sigma*_b- pdg=5114 slice=eta_lt_1 p=12 a=12 file=/data/alice/ipardoza/hadronization_production/HF_RUN3_V1/raw/MONASH/hf_MONASH_job038.root
SIGMAB_COUNTS tag=MONASH species=Sigma*_b- pdg=5114 slice=eta_1_2 p=17 a=5 file=/data/alice/ipardoza/hadronization_production/HF_RUN3_V1/raw/MONASH/hf_MONASH_job038.root
SIGMAB_COUNTS tag=MONASH species=Sigma*_b- pdg=5114 slice=eta_ge_2 p=24 a=31 file=/data/alice/ipardoza/hadronization_production/HF_RUN3_V1/raw/MONASH/hf_MONASH_job038.root
SIGMAB_COUNTS tag=MONASH species=Lambda_b0 pdg=5122 slice=all p=307 a=318 file=/data/alice/ipardoza/hadronization_production/HF_RUN3_V1/raw/MONASH/hf_MONASH_job038.root
SIGMAB_COUNTS tag=MONASH species=Lambda_b0 pdg=5122 slice=eta_lt_1 p=55 a=57 file=/data/alice/ipardoza/hadronization_production/HF_RUN3_V1/raw/MONASH/hf_MONASH_job038.root
SIGMAB_COUNTS tag=MONASH species=Lambda_b0 pdg=5122 slice=eta_1_2 p=57 a=61 file=/data/alice/ipardoza/hadronization_production/HF_RUN3_V1/raw/MONASH/hf_MONASH_job038.root
SIGMAB_COUNTS tag=MONASH species=Lambda_b0 pdg=5122 slice=eta_ge_2 p=195 a=200 file=/data/alice/ipardoza/hadronization_production/HF_RUN3_V1/raw/MONASH/hf_MONASH_job038.root
SIGMAB_COUNTS tag=MONASH species=Xi_b0 pdg=5232 slice=all p=71 a=58 file=/data/alice/ipardoza/hadronization_production/HF_RUN3_V1/raw/MONASH/hf_MONASH_job038.root
SIGMAB_COUNTS tag=MONASH species=Xi_b0 pdg=5232 slice=eta_lt_1 p=15 a=15 file=/data/alice/ipardoza/hadronization_production/HF_RUN3_V1/raw/MONASH/hf_MONASH_job038.root
SIGMAB_COUNTS tag=MONASH species=Xi_b0 pdg=5232 slice=eta_1_2 p=13 a=11 file=/data/alice/ipardoza/hadronization_production/HF_RUN3_V1/raw/MONASH/hf_MONASH_job038.root
SIGMAB_COUNTS tag=MONASH species=Xi_b0 pdg=5232 slice=eta_ge_2 p=43 a=32 file=/data/alice/ipardoza/hadronization_production/HF_RUN3_V1/raw/MONASH/hf_MONASH_job038.root
SIGMAB_COUNTS tag=MONASH species=Xi_b- pdg=5132 slice=all p=52 a=51 file=/data/alice/ipardoza/hadronization_production/HF_RUN3_V1/raw/MONASH/hf_MONASH_job038.root
SIGMAB_COUNTS tag=MONASH species=Xi_b- pdg=5132 slice=eta_lt_1 p=11 a=10 file=/data/alice/ipardoza/hadronization_production/HF_RUN3_V1/raw/MONASH/hf_MONASH_job038.root
SIGMAB_COUNTS tag=MONASH species=Xi_b- pdg=5132 slice=eta_1_2 p=15 a=12 file=/data/alice/ipardoza/hadronization_production/HF_RUN3_V1/raw/MONASH/hf_MONASH_job038.root
SIGMAB_COUNTS tag=MONASH species=Xi_b- pdg=5132 slice=eta_ge_2 p=26 a=29 file=/data/alice/ipardoza/hadronization_production/HF_RUN3_V1/raw/MONASH/hf_MONASH_job038.root
SIGMAB_COUNTS tag=MONASH species=Sigma_b+ pdg=5222 slice=all p=42 a=21 file=/data/alice/ipardoza/hadronization_production/HF_RUN3_V1/raw/MONASH/hf_MONASH_job039.root
SIGMAB_COUNTS tag=MONASH species=Sigma_b+ pdg=5222 slice=eta_lt_1 p=10 a=3 file=/data/alice/ipardoza/hadronization_production/HF_RUN3_V1/raw/MONASH/hf_MONASH_job039.root
SIGMAB_COUNTS tag=MONASH species=Sigma_b+ pdg=5222 slice=eta_1_2 p=9 a=10 file=/data/alice/ipardoza/hadronization_production/HF_RUN3_V1/raw/MONASH/hf_MONASH_job039.root
SIGMAB_COUNTS tag=MONASH species=Sigma_b+ pdg=5222 slice=eta_ge_2 p=23 a=8 file=/data/alice/ipardoza/hadronization_production/HF_RUN3_V1/raw/MONASH/hf_MONASH_job039.root
SIGMAB_COUNTS tag=MONASH species=Sigma_b0 pdg=5212 slice=all p=37 a=28 file=/data/alice/ipardoza/hadronization_production/HF_RUN3_V1/raw/MONASH/hf_MONASH_job039.root
SIGMAB_COUNTS tag=MONASH species=Sigma_b0 pdg=5212 slice=eta_lt_1 p=7 a=1 file=/data/alice/ipardoza/hadronization_production/HF_RUN3_V1/raw/MONASH/hf_MONASH_job039.root
SIGMAB_COUNTS tag=MONASH species=Sigma_b0 pdg=5212 slice=eta_1_2 p=7 a=11 file=/data/alice/ipardoza/hadronization_production/HF_RUN3_V1/raw/MONASH/hf_MONASH_job039.root
SIGMAB_COUNTS tag=MONASH species=Sigma_b0 pdg=5212 slice=eta_ge_2 p=23 a=16 file=/data/alice/ipardoza/hadronization_production/HF_RUN3_V1/raw/MONASH/hf_MONASH_job039.root
SIGMAB_COUNTS tag=MONASH species=Sigma_b- pdg=5112 slice=all p=28 a=20 file=/data/alice/ipardoza/hadronization_production/HF_RUN3_V1/raw/MONASH/hf_MONASH_job039.root
SIGMAB_COUNTS tag=MONASH species=Sigma_b- pdg=5112 slice=eta_lt_1 p=7 a=4 file=/data/alice/ipardoza/hadronization_production/HF_RUN3_V1/raw/MONASH/hf_MONASH_job039.root
SIGMAB_COUNTS tag=MONASH species=Sigma_b- pdg=5112 slice=eta_1_2 p=3 a=2 file=/data/alice/ipardoza/hadronization_production/HF_RUN3_V1/raw/MONASH/hf_MONASH_job039.root
SIGMAB_COUNTS tag=MONASH species=Sigma_b- pdg=5112 slice=eta_ge_2 p=18 a=14 file=/data/alice/ipardoza/hadronization_production/HF_RUN3_V1/raw/MONASH/hf_MONASH_job039.root
SIGMAB_COUNTS tag=MONASH species=Sigma*_b+ pdg=5224 slice=all p=53 a=37 file=/data/alice/ipardoza/hadronization_production/HF_RUN3_V1/raw/MONASH/hf_MONASH_job039.root
SIGMAB_COUNTS tag=MONASH species=Sigma*_b+ pdg=5224 slice=eta_lt_1 p=7 a=6 file=/data/alice/ipardoza/hadronization_production/HF_RUN3_V1/raw/MONASH/hf_MONASH_job039.root
SIGMAB_COUNTS tag=MONASH species=Sigma*_b+ pdg=5224 slice=eta_1_2 p=9 a=12 file=/data/alice/ipardoza/hadronization_production/HF_RUN3_V1/raw/MONASH/hf_MONASH_job039.root
SIGMAB_COUNTS tag=MONASH species=Sigma*_b+ pdg=5224 slice=eta_ge_2 p=37 a=19 file=/data/alice/ipardoza/hadronization_production/HF_RUN3_V1/raw/MONASH/hf_MONASH_job039.root
SIGMAB_COUNTS tag=MONASH species=Sigma*_b0 pdg=5214 slice=all p=49 a=38 file=/data/alice/ipardoza/hadronization_production/HF_RUN3_V1/raw/MONASH/hf_MONASH_job039.root
SIGMAB_COUNTS tag=MONASH species=Sigma*_b0 pdg=5214 slice=eta_lt_1 p=8 a=11 file=/data/alice/ipardoza/hadronization_production/HF_RUN3_V1/raw/MONASH/hf_MONASH_job039.root
SIGMAB_COUNTS tag=MONASH species=Sigma*_b0 pdg=5214 slice=eta_1_2 p=9 a=7 file=/data/alice/ipardoza/hadronization_production/HF_RUN3_V1/raw/MONASH/hf_MONASH_job039.root
SIGMAB_COUNTS tag=MONASH species=Sigma*_b0 pdg=5214 slice=eta_ge_2 p=32 a=20 file=/data/alice/ipardoza/hadronization_production/HF_RUN3_V1/raw/MONASH/hf_MONASH_job039.root
SIGMAB_COUNTS tag=MONASH species=Sigma*_b- pdg=5114 slice=all p=50 a=46 file=/data/alice/ipardoza/hadronization_production/HF_RUN3_V1/raw/MONASH/hf_MONASH_job039.root
SIGMAB_COUNTS tag=MONASH species=Sigma*_b- pdg=5114 slice=eta_lt_1 p=8 a=6 file=/data/alice/ipardoza/hadronization_production/HF_RUN3_V1/raw/MONASH/hf_MONASH_job039.root
SIGMAB_COUNTS tag=MONASH species=Sigma*_b- pdg=5114 slice=eta_1_2 p=11 a=12 file=/data/alice/ipardoza/hadronization_production/HF_RUN3_V1/raw/MONASH/hf_MONASH_job039.root
SIGMAB_COUNTS tag=MONASH species=Sigma*_b- pdg=5114 slice=eta_ge_2 p=31 a=28 file=/data/alice/ipardoza/hadronization_production/HF_RUN3_V1/raw/MONASH/hf_MONASH_job039.root
SIGMAB_COUNTS tag=MONASH species=Lambda_b0 pdg=5122 slice=all p=319 a=301 file=/data/alice/ipardoza/hadronization_production/HF_RUN3_V1/raw/MONASH/hf_MONASH_job039.root
SIGMAB_COUNTS tag=MONASH species=Lambda_b0 pdg=5122 slice=eta_lt_1 p=57 a=51 file=/data/alice/ipardoza/hadronization_production/HF_RUN3_V1/raw/MONASH/hf_MONASH_job039.root
SIGMAB_COUNTS tag=MONASH species=Lambda_b0 pdg=5122 slice=eta_1_2 p=73 a=65 file=/data/alice/ipardoza/hadronization_production/HF_RUN3_V1/raw/MONASH/hf_MONASH_job039.root
SIGMAB_COUNTS tag=MONASH species=Lambda_b0 pdg=5122 slice=eta_ge_2 p=189 a=185 file=/data/alice/ipardoza/hadronization_production/HF_RUN3_V1/raw/MONASH/hf_MONASH_job039.root
SIGMAB_COUNTS tag=MONASH species=Xi_b0 pdg=5232 slice=all p=51 a=57 file=/data/alice/ipardoza/hadronization_production/HF_RUN3_V1/raw/MONASH/hf_MONASH_job039.root
SIGMAB_COUNTS tag=MONASH species=Xi_b0 pdg=5232 slice=eta_lt_1 p=11 a=12 file=/data/alice/ipardoza/hadronization_production/HF_RUN3_V1/raw/MONASH/hf_MONASH_job039.root
SIGMAB_COUNTS tag=MONASH species=Xi_b0 pdg=5232 slice=eta_1_2 p=10 a=15 file=/data/alice/ipardoza/hadronization_production/HF_RUN3_V1/raw/MONASH/hf_MONASH_job039.root
SIGMAB_COUNTS tag=MONASH species=Xi_b0 pdg=5232 slice=eta_ge_2 p=30 a=30 file=/data/alice/ipardoza/hadronization_production/HF_RUN3_V1/raw/MONASH/hf_MONASH_job039.root
SIGMAB_COUNTS tag=MONASH species=Xi_b- pdg=5132 slice=all p=48 a=54 file=/data/alice/ipardoza/hadronization_production/HF_RUN3_V1/raw/MONASH/hf_MONASH_job039.root
SIGMAB_COUNTS tag=MONASH species=Xi_b- pdg=5132 slice=eta_lt_1 p=5 a=15 file=/data/alice/ipardoza/hadronization_production/HF_RUN3_V1/raw/MONASH/hf_MONASH_job039.root
SIGMAB_COUNTS tag=MONASH species=Xi_b- pdg=5132 slice=eta_1_2 p=11 a=11 file=/data/alice/ipardoza/hadronization_production/HF_RUN3_V1/raw/MONASH/hf_MONASH_job039.root
SIGMAB_COUNTS tag=MONASH species=Xi_b- pdg=5132 slice=eta_ge_2 p=32 a=28 file=/data/alice/ipardoza/hadronization_production/HF_RUN3_V1/raw/MONASH/hf_MONASH_job039.root
SIGMAB_COUNTS tag=MONASH species=Sigma_b+ pdg=5222 slice=all p=29 a=21 file=/data/alice/ipardoza/hadronization_production/HF_RUN3_V1/raw/MONASH/hf_MONASH_job040.root
SIGMAB_COUNTS tag=MONASH species=Sigma_b+ pdg=5222 slice=eta_lt_1 p=6 a=2 file=/data/alice/ipardoza/hadronization_production/HF_RUN3_V1/raw/MONASH/hf_MONASH_job040.root
SIGMAB_COUNTS tag=MONASH species=Sigma_b+ pdg=5222 slice=eta_1_2 p=7 a=6 file=/data/alice/ipardoza/hadronization_production/HF_RUN3_V1/raw/MONASH/hf_MONASH_job040.root
SIGMAB_COUNTS tag=MONASH species=Sigma_b+ pdg=5222 slice=eta_ge_2 p=16 a=13 file=/data/alice/ipardoza/hadronization_production/HF_RUN3_V1/raw/MONASH/hf_MONASH_job040.root
SIGMAB_COUNTS tag=MONASH species=Sigma_b0 pdg=5212 slice=all p=41 a=20 file=/data/alice/ipardoza/hadronization_production/HF_RUN3_V1/raw/MONASH/hf_MONASH_job040.root
SIGMAB_COUNTS tag=MONASH species=Sigma_b0 pdg=5212 slice=eta_lt_1 p=6 a=7 file=/data/alice/ipardoza/hadronization_production/HF_RUN3_V1/raw/MONASH/hf_MONASH_job040.root
SIGMAB_COUNTS tag=MONASH species=Sigma_b0 pdg=5212 slice=eta_1_2 p=11 a=2 file=/data/alice/ipardoza/hadronization_production/HF_RUN3_V1/raw/MONASH/hf_MONASH_job040.root
SIGMAB_COUNTS tag=MONASH species=Sigma_b0 pdg=5212 slice=eta_ge_2 p=24 a=11 file=/data/alice/ipardoza/hadronization_production/HF_RUN3_V1/raw/MONASH/hf_MONASH_job040.root
SIGMAB_COUNTS tag=MONASH species=Sigma_b- pdg=5112 slice=all p=31 a=22 file=/data/alice/ipardoza/hadronization_production/HF_RUN3_V1/raw/MONASH/hf_MONASH_job040.root
SIGMAB_COUNTS tag=MONASH species=Sigma_b- pdg=5112 slice=eta_lt_1 p=3 a=6 file=/data/alice/ipardoza/hadronization_production/HF_RUN3_V1/raw/MONASH/hf_MONASH_job040.root
SIGMAB_COUNTS tag=MONASH species=Sigma_b- pdg=5112 slice=eta_1_2 p=6 a=2 file=/data/alice/ipardoza/hadronization_production/HF_RUN3_V1/raw/MONASH/hf_MONASH_job040.root
SIGMAB_COUNTS tag=MONASH species=Sigma_b- pdg=5112 slice=eta_ge_2 p=22 a=14 file=/data/alice/ipardoza/hadronization_production/HF_RUN3_V1/raw/MONASH/hf_MONASH_job040.root
SIGMAB_COUNTS tag=MONASH species=Sigma*_b+ pdg=5224 slice=all p=50 a=36 file=/data/alice/ipardoza/hadronization_production/HF_RUN3_V1/raw/MONASH/hf_MONASH_job040.root
SIGMAB_COUNTS tag=MONASH species=Sigma*_b+ pdg=5224 slice=eta_lt_1 p=11 a=5 file=/data/alice/ipardoza/hadronization_production/HF_RUN3_V1/raw/MONASH/hf_MONASH_job040.root
SIGMAB_COUNTS tag=MONASH species=Sigma*_b+ pdg=5224 slice=eta_1_2 p=10 a=7 file=/data/alice/ipardoza/hadronization_production/HF_RUN3_V1/raw/MONASH/hf_MONASH_job040.root
SIGMAB_COUNTS tag=MONASH species=Sigma*_b+ pdg=5224 slice=eta_ge_2 p=29 a=24 file=/data/alice/ipardoza/hadronization_production/HF_RUN3_V1/raw/MONASH/hf_MONASH_job040.root
SIGMAB_COUNTS tag=MONASH species=Sigma*_b0 pdg=5214 slice=all p=44 a=40 file=/data/alice/ipardoza/hadronization_production/HF_RUN3_V1/raw/MONASH/hf_MONASH_job040.root
SIGMAB_COUNTS tag=MONASH species=Sigma*_b0 pdg=5214 slice=eta_lt_1 p=7 a=7 file=/data/alice/ipardoza/hadronization_production/HF_RUN3_V1/raw/MONASH/hf_MONASH_job040.root
SIGMAB_COUNTS tag=MONASH species=Sigma*_b0 pdg=5214 slice=eta_1_2 p=7 a=13 file=/data/alice/ipardoza/hadronization_production/HF_RUN3_V1/raw/MONASH/hf_MONASH_job040.root
SIGMAB_COUNTS tag=MONASH species=Sigma*_b0 pdg=5214 slice=eta_ge_2 p=30 a=20 file=/data/alice/ipardoza/hadronization_production/HF_RUN3_V1/raw/MONASH/hf_MONASH_job040.root
SIGMAB_COUNTS tag=MONASH species=Sigma*_b- pdg=5114 slice=all p=49 a=39 file=/data/alice/ipardoza/hadronization_production/HF_RUN3_V1/raw/MONASH/hf_MONASH_job040.root
SIGMAB_COUNTS tag=MONASH species=Sigma*_b- pdg=5114 slice=eta_lt_1 p=6 a=8 file=/data/alice/ipardoza/hadronization_production/HF_RUN3_V1/raw/MONASH/hf_MONASH_job040.root
SIGMAB_COUNTS tag=MONASH species=Sigma*_b- pdg=5114 slice=eta_1_2 p=16 a=13 file=/data/alice/ipardoza/hadronization_production/HF_RUN3_V1/raw/MONASH/hf_MONASH_job040.root
SIGMAB_COUNTS tag=MONASH species=Sigma*_b- pdg=5114 slice=eta_ge_2 p=27 a=18 file=/data/alice/ipardoza/hadronization_production/HF_RUN3_V1/raw/MONASH/hf_MONASH_job040.root
SIGMAB_COUNTS tag=MONASH species=Lambda_b0 pdg=5122 slice=all p=311 a=304 file=/data/alice/ipardoza/hadronization_production/HF_RUN3_V1/raw/MONASH/hf_MONASH_job040.root
SIGMAB_COUNTS tag=MONASH species=Lambda_b0 pdg=5122 slice=eta_lt_1 p=52 a=60 file=/data/alice/ipardoza/hadronization_production/HF_RUN3_V1/raw/MONASH/hf_MONASH_job040.root
SIGMAB_COUNTS tag=MONASH species=Lambda_b0 pdg=5122 slice=eta_1_2 p=67 a=76 file=/data/alice/ipardoza/hadronization_production/HF_RUN3_V1/raw/MONASH/hf_MONASH_job040.root
SIGMAB_COUNTS tag=MONASH species=Lambda_b0 pdg=5122 slice=eta_ge_2 p=192 a=168 file=/data/alice/ipardoza/hadronization_production/HF_RUN3_V1/raw/MONASH/hf_MONASH_job040.root
SIGMAB_COUNTS tag=MONASH species=Xi_b0 pdg=5232 slice=all p=76 a=55 file=/data/alice/ipardoza/hadronization_production/HF_RUN3_V1/raw/MONASH/hf_MONASH_job040.root
SIGMAB_COUNTS tag=MONASH species=Xi_b0 pdg=5232 slice=eta_lt_1 p=17 a=5 file=/data/alice/ipardoza/hadronization_production/HF_RUN3_V1/raw/MONASH/hf_MONASH_job040.root
SIGMAB_COUNTS tag=MONASH species=Xi_b0 pdg=5232 slice=eta_1_2 p=25 a=13 file=/data/alice/ipardoza/hadronization_production/HF_RUN3_V1/raw/MONASH/hf_MONASH_job040.root
SIGMAB_COUNTS tag=MONASH species=Xi_b0 pdg=5232 slice=eta_ge_2 p=34 a=37 file=/data/alice/ipardoza/hadronization_production/HF_RUN3_V1/raw/MONASH/hf_MONASH_job040.root
SIGMAB_COUNTS tag=MONASH species=Xi_b- pdg=5132 slice=all p=45 a=55 file=/data/alice/ipardoza/hadronization_production/HF_RUN3_V1/raw/MONASH/hf_MONASH_job040.root
SIGMAB_COUNTS tag=MONASH species=Xi_b- pdg=5132 slice=eta_lt_1 p=12 a=12 file=/data/alice/ipardoza/hadronization_production/HF_RUN3_V1/raw/MONASH/hf_MONASH_job040.root
SIGMAB_COUNTS tag=MONASH species=Xi_b- pdg=5132 slice=eta_1_2 p=9 a=12 file=/data/alice/ipardoza/hadronization_production/HF_RUN3_V1/raw/MONASH/hf_MONASH_job040.root
SIGMAB_COUNTS tag=MONASH species=Xi_b- pdg=5132 slice=eta_ge_2 p=24 a=31 file=/data/alice/ipardoza/hadronization_production/HF_RUN3_V1/raw/MONASH/hf_MONASH_job040.root
SIGMAB_COUNTS tag=MONASH species=Sigma_b+ pdg=5222 slice=all p=42 a=14 file=/data/alice/ipardoza/hadronization_production/HF_RUN3_V1/raw/MONASH/hf_MONASH_job041.root
SIGMAB_COUNTS tag=MONASH species=Sigma_b+ pdg=5222 slice=eta_lt_1 p=11 a=1 file=/data/alice/ipardoza/hadronization_production/HF_RUN3_V1/raw/MONASH/hf_MONASH_job041.root
SIGMAB_COUNTS tag=MONASH species=Sigma_b+ pdg=5222 slice=eta_1_2 p=9 a=5 file=/data/alice/ipardoza/hadronization_production/HF_RUN3_V1/raw/MONASH/hf_MONASH_job041.root
SIGMAB_COUNTS tag=MONASH species=Sigma_b+ pdg=5222 slice=eta_ge_2 p=22 a=8 file=/data/alice/ipardoza/hadronization_production/HF_RUN3_V1/raw/MONASH/hf_MONASH_job041.root
SIGMAB_COUNTS tag=MONASH species=Sigma_b0 pdg=5212 slice=all p=35 a=11 file=/data/alice/ipardoza/hadronization_production/HF_RUN3_V1/raw/MONASH/hf_MONASH_job041.root
SIGMAB_COUNTS tag=MONASH species=Sigma_b0 pdg=5212 slice=eta_lt_1 p=8 a=4 file=/data/alice/ipardoza/hadronization_production/HF_RUN3_V1/raw/MONASH/hf_MONASH_job041.root
SIGMAB_COUNTS tag=MONASH species=Sigma_b0 pdg=5212 slice=eta_1_2 p=4 a=3 file=/data/alice/ipardoza/hadronization_production/HF_RUN3_V1/raw/MONASH/hf_MONASH_job041.root
SIGMAB_COUNTS tag=MONASH species=Sigma_b0 pdg=5212 slice=eta_ge_2 p=23 a=4 file=/data/alice/ipardoza/hadronization_production/HF_RUN3_V1/raw/MONASH/hf_MONASH_job041.root
SIGMAB_COUNTS tag=MONASH species=Sigma_b- pdg=5112 slice=all p=34 a=25 file=/data/alice/ipardoza/hadronization_production/HF_RUN3_V1/raw/MONASH/hf_MONASH_job041.root
SIGMAB_COUNTS tag=MONASH species=Sigma_b- pdg=5112 slice=eta_lt_1 p=6 a=5 file=/data/alice/ipardoza/hadronization_production/HF_RUN3_V1/raw/MONASH/hf_MONASH_job041.root
SIGMAB_COUNTS tag=MONASH species=Sigma_b- pdg=5112 slice=eta_1_2 p=4 a=5 file=/data/alice/ipardoza/hadronization_production/HF_RUN3_V1/raw/MONASH/hf_MONASH_job041.root
SIGMAB_COUNTS tag=MONASH species=Sigma_b- pdg=5112 slice=eta_ge_2 p=24 a=15 file=/data/alice/ipardoza/hadronization_production/HF_RUN3_V1/raw/MONASH/hf_MONASH_job041.root
SIGMAB_COUNTS tag=MONASH species=Sigma*_b+ pdg=5224 slice=all p=51 a=39 file=/data/alice/ipardoza/hadronization_production/HF_RUN3_V1/raw/MONASH/hf_MONASH_job041.root
SIGMAB_COUNTS tag=MONASH species=Sigma*_b+ pdg=5224 slice=eta_lt_1 p=7 a=7 file=/data/alice/ipardoza/hadronization_production/HF_RUN3_V1/raw/MONASH/hf_MONASH_job041.root
SIGMAB_COUNTS tag=MONASH species=Sigma*_b+ pdg=5224 slice=eta_1_2 p=12 a=9 file=/data/alice/ipardoza/hadronization_production/HF_RUN3_V1/raw/MONASH/hf_MONASH_job041.root
SIGMAB_COUNTS tag=MONASH species=Sigma*_b+ pdg=5224 slice=eta_ge_2 p=32 a=23 file=/data/alice/ipardoza/hadronization_production/HF_RUN3_V1/raw/MONASH/hf_MONASH_job041.root
SIGMAB_COUNTS tag=MONASH species=Sigma*_b0 pdg=5214 slice=all p=56 a=44 file=/data/alice/ipardoza/hadronization_production/HF_RUN3_V1/raw/MONASH/hf_MONASH_job041.root
SIGMAB_COUNTS tag=MONASH species=Sigma*_b0 pdg=5214 slice=eta_lt_1 p=13 a=6 file=/data/alice/ipardoza/hadronization_production/HF_RUN3_V1/raw/MONASH/hf_MONASH_job041.root
SIGMAB_COUNTS tag=MONASH species=Sigma*_b0 pdg=5214 slice=eta_1_2 p=12 a=12 file=/data/alice/ipardoza/hadronization_production/HF_RUN3_V1/raw/MONASH/hf_MONASH_job041.root
SIGMAB_COUNTS tag=MONASH species=Sigma*_b0 pdg=5214 slice=eta_ge_2 p=31 a=26 file=/data/alice/ipardoza/hadronization_production/HF_RUN3_V1/raw/MONASH/hf_MONASH_job041.root
SIGMAB_COUNTS tag=MONASH species=Sigma*_b- pdg=5114 slice=all p=48 a=48 file=/data/alice/ipardoza/hadronization_production/HF_RUN3_V1/raw/MONASH/hf_MONASH_job041.root
SIGMAB_COUNTS tag=MONASH species=Sigma*_b- pdg=5114 slice=eta_lt_1 p=12 a=8 file=/data/alice/ipardoza/hadronization_production/HF_RUN3_V1/raw/MONASH/hf_MONASH_job041.root
SIGMAB_COUNTS tag=MONASH species=Sigma*_b- pdg=5114 slice=eta_1_2 p=10 a=5 file=/data/alice/ipardoza/hadronization_production/HF_RUN3_V1/raw/MONASH/hf_MONASH_job041.root
SIGMAB_COUNTS tag=MONASH species=Sigma*_b- pdg=5114 slice=eta_ge_2 p=26 a=35 file=/data/alice/ipardoza/hadronization_production/HF_RUN3_V1/raw/MONASH/hf_MONASH_job041.root
SIGMAB_COUNTS tag=MONASH species=Lambda_b0 pdg=5122 slice=all p=317 a=304 file=/data/alice/ipardoza/hadronization_production/HF_RUN3_V1/raw/MONASH/hf_MONASH_job041.root
SIGMAB_COUNTS tag=MONASH species=Lambda_b0 pdg=5122 slice=eta_lt_1 p=62 a=54 file=/data/alice/ipardoza/hadronization_production/HF_RUN3_V1/raw/MONASH/hf_MONASH_job041.root
SIGMAB_COUNTS tag=MONASH species=Lambda_b0 pdg=5122 slice=eta_1_2 p=75 a=67 file=/data/alice/ipardoza/hadronization_production/HF_RUN3_V1/raw/MONASH/hf_MONASH_job041.root
SIGMAB_COUNTS tag=MONASH species=Lambda_b0 pdg=5122 slice=eta_ge_2 p=180 a=183 file=/data/alice/ipardoza/hadronization_production/HF_RUN3_V1/raw/MONASH/hf_MONASH_job041.root
SIGMAB_COUNTS tag=MONASH species=Xi_b0 pdg=5232 slice=all p=67 a=55 file=/data/alice/ipardoza/hadronization_production/HF_RUN3_V1/raw/MONASH/hf_MONASH_job041.root
SIGMAB_COUNTS tag=MONASH species=Xi_b0 pdg=5232 slice=eta_lt_1 p=12 a=10 file=/data/alice/ipardoza/hadronization_production/HF_RUN3_V1/raw/MONASH/hf_MONASH_job041.root
SIGMAB_COUNTS tag=MONASH species=Xi_b0 pdg=5232 slice=eta_1_2 p=23 a=9 file=/data/alice/ipardoza/hadronization_production/HF_RUN3_V1/raw/MONASH/hf_MONASH_job041.root
SIGMAB_COUNTS tag=MONASH species=Xi_b0 pdg=5232 slice=eta_ge_2 p=32 a=36 file=/data/alice/ipardoza/hadronization_production/HF_RUN3_V1/raw/MONASH/hf_MONASH_job041.root
SIGMAB_COUNTS tag=MONASH species=Xi_b- pdg=5132 slice=all p=64 a=42 file=/data/alice/ipardoza/hadronization_production/HF_RUN3_V1/raw/MONASH/hf_MONASH_job041.root
SIGMAB_COUNTS tag=MONASH species=Xi_b- pdg=5132 slice=eta_lt_1 p=6 a=7 file=/data/alice/ipardoza/hadronization_production/HF_RUN3_V1/raw/MONASH/hf_MONASH_job041.root
SIGMAB_COUNTS tag=MONASH species=Xi_b- pdg=5132 slice=eta_1_2 p=19 a=7 file=/data/alice/ipardoza/hadronization_production/HF_RUN3_V1/raw/MONASH/hf_MONASH_job041.root
SIGMAB_COUNTS tag=MONASH species=Xi_b- pdg=5132 slice=eta_ge_2 p=39 a=28 file=/data/alice/ipardoza/hadronization_production/HF_RUN3_V1/raw/MONASH/hf_MONASH_job041.root
SIGMAB_COUNTS tag=MONASH species=Sigma_b+ pdg=5222 slice=all p=37 a=26 file=/data/alice/ipardoza/hadronization_production/HF_RUN3_V1/raw/MONASH/hf_MONASH_job042.root
SIGMAB_COUNTS tag=MONASH species=Sigma_b+ pdg=5222 slice=eta_lt_1 p=5 a=5 file=/data/alice/ipardoza/hadronization_production/HF_RUN3_V1/raw/MONASH/hf_MONASH_job042.root
SIGMAB_COUNTS tag=MONASH species=Sigma_b+ pdg=5222 slice=eta_1_2 p=9 a=9 file=/data/alice/ipardoza/hadronization_production/HF_RUN3_V1/raw/MONASH/hf_MONASH_job042.root
SIGMAB_COUNTS tag=MONASH species=Sigma_b+ pdg=5222 slice=eta_ge_2 p=23 a=12 file=/data/alice/ipardoza/hadronization_production/HF_RUN3_V1/raw/MONASH/hf_MONASH_job042.root
SIGMAB_COUNTS tag=MONASH species=Sigma_b0 pdg=5212 slice=all p=39 a=20 file=/data/alice/ipardoza/hadronization_production/HF_RUN3_V1/raw/MONASH/hf_MONASH_job042.root
SIGMAB_COUNTS tag=MONASH species=Sigma_b0 pdg=5212 slice=eta_lt_1 p=5 a=4 file=/data/alice/ipardoza/hadronization_production/HF_RUN3_V1/raw/MONASH/hf_MONASH_job042.root
SIGMAB_COUNTS tag=MONASH species=Sigma_b0 pdg=5212 slice=eta_1_2 p=9 a=3 file=/data/alice/ipardoza/hadronization_production/HF_RUN3_V1/raw/MONASH/hf_MONASH_job042.root
SIGMAB_COUNTS tag=MONASH species=Sigma_b0 pdg=5212 slice=eta_ge_2 p=25 a=13 file=/data/alice/ipardoza/hadronization_production/HF_RUN3_V1/raw/MONASH/hf_MONASH_job042.root
SIGMAB_COUNTS tag=MONASH species=Sigma_b- pdg=5112 slice=all p=30 a=16 file=/data/alice/ipardoza/hadronization_production/HF_RUN3_V1/raw/MONASH/hf_MONASH_job042.root
SIGMAB_COUNTS tag=MONASH species=Sigma_b- pdg=5112 slice=eta_lt_1 p=5 a=4 file=/data/alice/ipardoza/hadronization_production/HF_RUN3_V1/raw/MONASH/hf_MONASH_job042.root
SIGMAB_COUNTS tag=MONASH species=Sigma_b- pdg=5112 slice=eta_1_2 p=7 a=3 file=/data/alice/ipardoza/hadronization_production/HF_RUN3_V1/raw/MONASH/hf_MONASH_job042.root
SIGMAB_COUNTS tag=MONASH species=Sigma_b- pdg=5112 slice=eta_ge_2 p=18 a=9 file=/data/alice/ipardoza/hadronization_production/HF_RUN3_V1/raw/MONASH/hf_MONASH_job042.root
SIGMAB_COUNTS tag=MONASH species=Sigma*_b+ pdg=5224 slice=all p=50 a=45 file=/data/alice/ipardoza/hadronization_production/HF_RUN3_V1/raw/MONASH/hf_MONASH_job042.root
SIGMAB_COUNTS tag=MONASH species=Sigma*_b+ pdg=5224 slice=eta_lt_1 p=10 a=12 file=/data/alice/ipardoza/hadronization_production/HF_RUN3_V1/raw/MONASH/hf_MONASH_job042.root
SIGMAB_COUNTS tag=MONASH species=Sigma*_b+ pdg=5224 slice=eta_1_2 p=16 a=5 file=/data/alice/ipardoza/hadronization_production/HF_RUN3_V1/raw/MONASH/hf_MONASH_job042.root
SIGMAB_COUNTS tag=MONASH species=Sigma*_b+ pdg=5224 slice=eta_ge_2 p=24 a=28 file=/data/alice/ipardoza/hadronization_production/HF_RUN3_V1/raw/MONASH/hf_MONASH_job042.root
SIGMAB_COUNTS tag=MONASH species=Sigma*_b0 pdg=5214 slice=all p=42 a=49 file=/data/alice/ipardoza/hadronization_production/HF_RUN3_V1/raw/MONASH/hf_MONASH_job042.root
SIGMAB_COUNTS tag=MONASH species=Sigma*_b0 pdg=5214 slice=eta_lt_1 p=11 a=15 file=/data/alice/ipardoza/hadronization_production/HF_RUN3_V1/raw/MONASH/hf_MONASH_job042.root
SIGMAB_COUNTS tag=MONASH species=Sigma*_b0 pdg=5214 slice=eta_1_2 p=9 a=5 file=/data/alice/ipardoza/hadronization_production/HF_RUN3_V1/raw/MONASH/hf_MONASH_job042.root
SIGMAB_COUNTS tag=MONASH species=Sigma*_b0 pdg=5214 slice=eta_ge_2 p=22 a=29 file=/data/alice/ipardoza/hadronization_production/HF_RUN3_V1/raw/MONASH/hf_MONASH_job042.root
SIGMAB_COUNTS tag=MONASH species=Sigma*_b- pdg=5114 slice=all p=62 a=42 file=/data/alice/ipardoza/hadronization_production/HF_RUN3_V1/raw/MONASH/hf_MONASH_job042.root
SIGMAB_COUNTS tag=MONASH species=Sigma*_b- pdg=5114 slice=eta_lt_1 p=11 a=4 file=/data/alice/ipardoza/hadronization_production/HF_RUN3_V1/raw/MONASH/hf_MONASH_job042.root
SIGMAB_COUNTS tag=MONASH species=Sigma*_b- pdg=5114 slice=eta_1_2 p=17 a=11 file=/data/alice/ipardoza/hadronization_production/HF_RUN3_V1/raw/MONASH/hf_MONASH_job042.root
SIGMAB_COUNTS tag=MONASH species=Sigma*_b- pdg=5114 slice=eta_ge_2 p=34 a=27 file=/data/alice/ipardoza/hadronization_production/HF_RUN3_V1/raw/MONASH/hf_MONASH_job042.root
SIGMAB_COUNTS tag=MONASH species=Lambda_b0 pdg=5122 slice=all p=304 a=301 file=/data/alice/ipardoza/hadronization_production/HF_RUN3_V1/raw/MONASH/hf_MONASH_job042.root
SIGMAB_COUNTS tag=MONASH species=Lambda_b0 pdg=5122 slice=eta_lt_1 p=69 a=55 file=/data/alice/ipardoza/hadronization_production/HF_RUN3_V1/raw/MONASH/hf_MONASH_job042.root
SIGMAB_COUNTS tag=MONASH species=Lambda_b0 pdg=5122 slice=eta_1_2 p=71 a=65 file=/data/alice/ipardoza/hadronization_production/HF_RUN3_V1/raw/MONASH/hf_MONASH_job042.root
SIGMAB_COUNTS tag=MONASH species=Lambda_b0 pdg=5122 slice=eta_ge_2 p=164 a=181 file=/data/alice/ipardoza/hadronization_production/HF_RUN3_V1/raw/MONASH/hf_MONASH_job042.root
SIGMAB_COUNTS tag=MONASH species=Xi_b0 pdg=5232 slice=all p=67 a=71 file=/data/alice/ipardoza/hadronization_production/HF_RUN3_V1/raw/MONASH/hf_MONASH_job042.root
SIGMAB_COUNTS tag=MONASH species=Xi_b0 pdg=5232 slice=eta_lt_1 p=13 a=9 file=/data/alice/ipardoza/hadronization_production/HF_RUN3_V1/raw/MONASH/hf_MONASH_job042.root
SIGMAB_COUNTS tag=MONASH species=Xi_b0 pdg=5232 slice=eta_1_2 p=15 a=16 file=/data/alice/ipardoza/hadronization_production/HF_RUN3_V1/raw/MONASH/hf_MONASH_job042.root
SIGMAB_COUNTS tag=MONASH species=Xi_b0 pdg=5232 slice=eta_ge_2 p=39 a=46 file=/data/alice/ipardoza/hadronization_production/HF_RUN3_V1/raw/MONASH/hf_MONASH_job042.root
SIGMAB_COUNTS tag=MONASH species=Xi_b- pdg=5132 slice=all p=52 a=58 file=/data/alice/ipardoza/hadronization_production/HF_RUN3_V1/raw/MONASH/hf_MONASH_job042.root
SIGMAB_COUNTS tag=MONASH species=Xi_b- pdg=5132 slice=eta_lt_1 p=9 a=13 file=/data/alice/ipardoza/hadronization_production/HF_RUN3_V1/raw/MONASH/hf_MONASH_job042.root
SIGMAB_COUNTS tag=MONASH species=Xi_b- pdg=5132 slice=eta_1_2 p=11 a=6 file=/data/alice/ipardoza/hadronization_production/HF_RUN3_V1/raw/MONASH/hf_MONASH_job042.root
SIGMAB_COUNTS tag=MONASH species=Xi_b- pdg=5132 slice=eta_ge_2 p=32 a=39 file=/data/alice/ipardoza/hadronization_production/HF_RUN3_V1/raw/MONASH/hf_MONASH_job042.root
SIGMAB_COUNTS tag=MONASH species=Sigma_b+ pdg=5222 slice=all p=31 a=22 file=/data/alice/ipardoza/hadronization_production/HF_RUN3_V1/raw/MONASH/hf_MONASH_job043.root
SIGMAB_COUNTS tag=MONASH species=Sigma_b+ pdg=5222 slice=eta_lt_1 p=1 a=5 file=/data/alice/ipardoza/hadronization_production/HF_RUN3_V1/raw/MONASH/hf_MONASH_job043.root
SIGMAB_COUNTS tag=MONASH species=Sigma_b+ pdg=5222 slice=eta_1_2 p=4 a=5 file=/data/alice/ipardoza/hadronization_production/HF_RUN3_V1/raw/MONASH/hf_MONASH_job043.root
SIGMAB_COUNTS tag=MONASH species=Sigma_b+ pdg=5222 slice=eta_ge_2 p=26 a=12 file=/data/alice/ipardoza/hadronization_production/HF_RUN3_V1/raw/MONASH/hf_MONASH_job043.root
SIGMAB_COUNTS tag=MONASH species=Sigma_b0 pdg=5212 slice=all p=37 a=23 file=/data/alice/ipardoza/hadronization_production/HF_RUN3_V1/raw/MONASH/hf_MONASH_job043.root
SIGMAB_COUNTS tag=MONASH species=Sigma_b0 pdg=5212 slice=eta_lt_1 p=6 a=4 file=/data/alice/ipardoza/hadronization_production/HF_RUN3_V1/raw/MONASH/hf_MONASH_job043.root
SIGMAB_COUNTS tag=MONASH species=Sigma_b0 pdg=5212 slice=eta_1_2 p=3 a=5 file=/data/alice/ipardoza/hadronization_production/HF_RUN3_V1/raw/MONASH/hf_MONASH_job043.root
SIGMAB_COUNTS tag=MONASH species=Sigma_b0 pdg=5212 slice=eta_ge_2 p=28 a=14 file=/data/alice/ipardoza/hadronization_production/HF_RUN3_V1/raw/MONASH/hf_MONASH_job043.root
SIGMAB_COUNTS tag=MONASH species=Sigma_b- pdg=5112 slice=all p=34 a=16 file=/data/alice/ipardoza/hadronization_production/HF_RUN3_V1/raw/MONASH/hf_MONASH_job043.root
SIGMAB_COUNTS tag=MONASH species=Sigma_b- pdg=5112 slice=eta_lt_1 p=8 a=5 file=/data/alice/ipardoza/hadronization_production/HF_RUN3_V1/raw/MONASH/hf_MONASH_job043.root
SIGMAB_COUNTS tag=MONASH species=Sigma_b- pdg=5112 slice=eta_1_2 p=7 a=3 file=/data/alice/ipardoza/hadronization_production/HF_RUN3_V1/raw/MONASH/hf_MONASH_job043.root
SIGMAB_COUNTS tag=MONASH species=Sigma_b- pdg=5112 slice=eta_ge_2 p=19 a=8 file=/data/alice/ipardoza/hadronization_production/HF_RUN3_V1/raw/MONASH/hf_MONASH_job043.root
SIGMAB_COUNTS tag=MONASH species=Sigma*_b+ pdg=5224 slice=all p=49 a=51 file=/data/alice/ipardoza/hadronization_production/HF_RUN3_V1/raw/MONASH/hf_MONASH_job043.root
SIGMAB_COUNTS tag=MONASH species=Sigma*_b+ pdg=5224 slice=eta_lt_1 p=5 a=6 file=/data/alice/ipardoza/hadronization_production/HF_RUN3_V1/raw/MONASH/hf_MONASH_job043.root
SIGMAB_COUNTS tag=MONASH species=Sigma*_b+ pdg=5224 slice=eta_1_2 p=12 a=8 file=/data/alice/ipardoza/hadronization_production/HF_RUN3_V1/raw/MONASH/hf_MONASH_job043.root
SIGMAB_COUNTS tag=MONASH species=Sigma*_b+ pdg=5224 slice=eta_ge_2 p=32 a=37 file=/data/alice/ipardoza/hadronization_production/HF_RUN3_V1/raw/MONASH/hf_MONASH_job043.root
SIGMAB_COUNTS tag=MONASH species=Sigma*_b0 pdg=5214 slice=all p=40 a=38 file=/data/alice/ipardoza/hadronization_production/HF_RUN3_V1/raw/MONASH/hf_MONASH_job043.root
SIGMAB_COUNTS tag=MONASH species=Sigma*_b0 pdg=5214 slice=eta_lt_1 p=5 a=6 file=/data/alice/ipardoza/hadronization_production/HF_RUN3_V1/raw/MONASH/hf_MONASH_job043.root
SIGMAB_COUNTS tag=MONASH species=Sigma*_b0 pdg=5214 slice=eta_1_2 p=8 a=10 file=/data/alice/ipardoza/hadronization_production/HF_RUN3_V1/raw/MONASH/hf_MONASH_job043.root
SIGMAB_COUNTS tag=MONASH species=Sigma*_b0 pdg=5214 slice=eta_ge_2 p=27 a=22 file=/data/alice/ipardoza/hadronization_production/HF_RUN3_V1/raw/MONASH/hf_MONASH_job043.root
SIGMAB_COUNTS tag=MONASH species=Sigma*_b- pdg=5114 slice=all p=55 a=38 file=/data/alice/ipardoza/hadronization_production/HF_RUN3_V1/raw/MONASH/hf_MONASH_job043.root
SIGMAB_COUNTS tag=MONASH species=Sigma*_b- pdg=5114 slice=eta_lt_1 p=6 a=6 file=/data/alice/ipardoza/hadronization_production/HF_RUN3_V1/raw/MONASH/hf_MONASH_job043.root
SIGMAB_COUNTS tag=MONASH species=Sigma*_b- pdg=5114 slice=eta_1_2 p=11 a=9 file=/data/alice/ipardoza/hadronization_production/HF_RUN3_V1/raw/MONASH/hf_MONASH_job043.root
SIGMAB_COUNTS tag=MONASH species=Sigma*_b- pdg=5114 slice=eta_ge_2 p=38 a=23 file=/data/alice/ipardoza/hadronization_production/HF_RUN3_V1/raw/MONASH/hf_MONASH_job043.root
SIGMAB_COUNTS tag=MONASH species=Lambda_b0 pdg=5122 slice=all p=313 a=295 file=/data/alice/ipardoza/hadronization_production/HF_RUN3_V1/raw/MONASH/hf_MONASH_job043.root
SIGMAB_COUNTS tag=MONASH species=Lambda_b0 pdg=5122 slice=eta_lt_1 p=72 a=51 file=/data/alice/ipardoza/hadronization_production/HF_RUN3_V1/raw/MONASH/hf_MONASH_job043.root
SIGMAB_COUNTS tag=MONASH species=Lambda_b0 pdg=5122 slice=eta_1_2 p=63 a=57 file=/data/alice/ipardoza/hadronization_production/HF_RUN3_V1/raw/MONASH/hf_MONASH_job043.root
SIGMAB_COUNTS tag=MONASH species=Lambda_b0 pdg=5122 slice=eta_ge_2 p=178 a=187 file=/data/alice/ipardoza/hadronization_production/HF_RUN3_V1/raw/MONASH/hf_MONASH_job043.root
SIGMAB_COUNTS tag=MONASH species=Xi_b0 pdg=5232 slice=all p=61 a=43 file=/data/alice/ipardoza/hadronization_production/HF_RUN3_V1/raw/MONASH/hf_MONASH_job043.root
SIGMAB_COUNTS tag=MONASH species=Xi_b0 pdg=5232 slice=eta_lt_1 p=8 a=10 file=/data/alice/ipardoza/hadronization_production/HF_RUN3_V1/raw/MONASH/hf_MONASH_job043.root
SIGMAB_COUNTS tag=MONASH species=Xi_b0 pdg=5232 slice=eta_1_2 p=16 a=6 file=/data/alice/ipardoza/hadronization_production/HF_RUN3_V1/raw/MONASH/hf_MONASH_job043.root
SIGMAB_COUNTS tag=MONASH species=Xi_b0 pdg=5232 slice=eta_ge_2 p=37 a=27 file=/data/alice/ipardoza/hadronization_production/HF_RUN3_V1/raw/MONASH/hf_MONASH_job043.root
SIGMAB_COUNTS tag=MONASH species=Xi_b- pdg=5132 slice=all p=63 a=57 file=/data/alice/ipardoza/hadronization_production/HF_RUN3_V1/raw/MONASH/hf_MONASH_job043.root
SIGMAB_COUNTS tag=MONASH species=Xi_b- pdg=5132 slice=eta_lt_1 p=15 a=6 file=/data/alice/ipardoza/hadronization_production/HF_RUN3_V1/raw/MONASH/hf_MONASH_job043.root
SIGMAB_COUNTS tag=MONASH species=Xi_b- pdg=5132 slice=eta_1_2 p=14 a=17 file=/data/alice/ipardoza/hadronization_production/HF_RUN3_V1/raw/MONASH/hf_MONASH_job043.root
SIGMAB_COUNTS tag=MONASH species=Xi_b- pdg=5132 slice=eta_ge_2 p=34 a=34 file=/data/alice/ipardoza/hadronization_production/HF_RUN3_V1/raw/MONASH/hf_MONASH_job043.root
SIGMAB_COUNTS tag=MONASH species=Sigma_b+ pdg=5222 slice=all p=33 a=22 file=/data/alice/ipardoza/hadronization_production/HF_RUN3_V1/raw/MONASH/hf_MONASH_job044.root
SIGMAB_COUNTS tag=MONASH species=Sigma_b+ pdg=5222 slice=eta_lt_1 p=5 a=4 file=/data/alice/ipardoza/hadronization_production/HF_RUN3_V1/raw/MONASH/hf_MONASH_job044.root
SIGMAB_COUNTS tag=MONASH species=Sigma_b+ pdg=5222 slice=eta_1_2 p=9 a=4 file=/data/alice/ipardoza/hadronization_production/HF_RUN3_V1/raw/MONASH/hf_MONASH_job044.root
SIGMAB_COUNTS tag=MONASH species=Sigma_b+ pdg=5222 slice=eta_ge_2 p=19 a=14 file=/data/alice/ipardoza/hadronization_production/HF_RUN3_V1/raw/MONASH/hf_MONASH_job044.root
SIGMAB_COUNTS tag=MONASH species=Sigma_b0 pdg=5212 slice=all p=31 a=21 file=/data/alice/ipardoza/hadronization_production/HF_RUN3_V1/raw/MONASH/hf_MONASH_job044.root
SIGMAB_COUNTS tag=MONASH species=Sigma_b0 pdg=5212 slice=eta_lt_1 p=4 a=1 file=/data/alice/ipardoza/hadronization_production/HF_RUN3_V1/raw/MONASH/hf_MONASH_job044.root
SIGMAB_COUNTS tag=MONASH species=Sigma_b0 pdg=5212 slice=eta_1_2 p=6 a=7 file=/data/alice/ipardoza/hadronization_production/HF_RUN3_V1/raw/MONASH/hf_MONASH_job044.root
SIGMAB_COUNTS tag=MONASH species=Sigma_b0 pdg=5212 slice=eta_ge_2 p=21 a=13 file=/data/alice/ipardoza/hadronization_production/HF_RUN3_V1/raw/MONASH/hf_MONASH_job044.root
SIGMAB_COUNTS tag=MONASH species=Sigma_b- pdg=5112 slice=all p=28 a=21 file=/data/alice/ipardoza/hadronization_production/HF_RUN3_V1/raw/MONASH/hf_MONASH_job044.root
SIGMAB_COUNTS tag=MONASH species=Sigma_b- pdg=5112 slice=eta_lt_1 p=4 a=4 file=/data/alice/ipardoza/hadronization_production/HF_RUN3_V1/raw/MONASH/hf_MONASH_job044.root
SIGMAB_COUNTS tag=MONASH species=Sigma_b- pdg=5112 slice=eta_1_2 p=5 a=2 file=/data/alice/ipardoza/hadronization_production/HF_RUN3_V1/raw/MONASH/hf_MONASH_job044.root
SIGMAB_COUNTS tag=MONASH species=Sigma_b- pdg=5112 slice=eta_ge_2 p=19 a=15 file=/data/alice/ipardoza/hadronization_production/HF_RUN3_V1/raw/MONASH/hf_MONASH_job044.root
SIGMAB_COUNTS tag=MONASH species=Sigma*_b+ pdg=5224 slice=all p=63 a=46 file=/data/alice/ipardoza/hadronization_production/HF_RUN3_V1/raw/MONASH/hf_MONASH_job044.root
SIGMAB_COUNTS tag=MONASH species=Sigma*_b+ pdg=5224 slice=eta_lt_1 p=8 a=5 file=/data/alice/ipardoza/hadronization_production/HF_RUN3_V1/raw/MONASH/hf_MONASH_job044.root
SIGMAB_COUNTS tag=MONASH species=Sigma*_b+ pdg=5224 slice=eta_1_2 p=14 a=9 file=/data/alice/ipardoza/hadronization_production/HF_RUN3_V1/raw/MONASH/hf_MONASH_job044.root
SIGMAB_COUNTS tag=MONASH species=Sigma*_b+ pdg=5224 slice=eta_ge_2 p=41 a=32 file=/data/alice/ipardoza/hadronization_production/HF_RUN3_V1/raw/MONASH/hf_MONASH_job044.root
SIGMAB_COUNTS tag=MONASH species=Sigma*_b0 pdg=5214 slice=all p=64 a=41 file=/data/alice/ipardoza/hadronization_production/HF_RUN3_V1/raw/MONASH/hf_MONASH_job044.root
SIGMAB_COUNTS tag=MONASH species=Sigma*_b0 pdg=5214 slice=eta_lt_1 p=10 a=6 file=/data/alice/ipardoza/hadronization_production/HF_RUN3_V1/raw/MONASH/hf_MONASH_job044.root
SIGMAB_COUNTS tag=MONASH species=Sigma*_b0 pdg=5214 slice=eta_1_2 p=14 a=10 file=/data/alice/ipardoza/hadronization_production/HF_RUN3_V1/raw/MONASH/hf_MONASH_job044.root
SIGMAB_COUNTS tag=MONASH species=Sigma*_b0 pdg=5214 slice=eta_ge_2 p=40 a=25 file=/data/alice/ipardoza/hadronization_production/HF_RUN3_V1/raw/MONASH/hf_MONASH_job044.root
SIGMAB_COUNTS tag=MONASH species=Sigma*_b- pdg=5114 slice=all p=44 a=37 file=/data/alice/ipardoza/hadronization_production/HF_RUN3_V1/raw/MONASH/hf_MONASH_job044.root
SIGMAB_COUNTS tag=MONASH species=Sigma*_b- pdg=5114 slice=eta_lt_1 p=10 a=9 file=/data/alice/ipardoza/hadronization_production/HF_RUN3_V1/raw/MONASH/hf_MONASH_job044.root
SIGMAB_COUNTS tag=MONASH species=Sigma*_b- pdg=5114 slice=eta_1_2 p=10 a=10 file=/data/alice/ipardoza/hadronization_production/HF_RUN3_V1/raw/MONASH/hf_MONASH_job044.root
SIGMAB_COUNTS tag=MONASH species=Sigma*_b- pdg=5114 slice=eta_ge_2 p=24 a=18 file=/data/alice/ipardoza/hadronization_production/HF_RUN3_V1/raw/MONASH/hf_MONASH_job044.root
SIGMAB_COUNTS tag=MONASH species=Lambda_b0 pdg=5122 slice=all p=329 a=303 file=/data/alice/ipardoza/hadronization_production/HF_RUN3_V1/raw/MONASH/hf_MONASH_job044.root
SIGMAB_COUNTS tag=MONASH species=Lambda_b0 pdg=5122 slice=eta_lt_1 p=66 a=62 file=/data/alice/ipardoza/hadronization_production/HF_RUN3_V1/raw/MONASH/hf_MONASH_job044.root
SIGMAB_COUNTS tag=MONASH species=Lambda_b0 pdg=5122 slice=eta_1_2 p=76 a=64 file=/data/alice/ipardoza/hadronization_production/HF_RUN3_V1/raw/MONASH/hf_MONASH_job044.root
SIGMAB_COUNTS tag=MONASH species=Lambda_b0 pdg=5122 slice=eta_ge_2 p=187 a=177 file=/data/alice/ipardoza/hadronization_production/HF_RUN3_V1/raw/MONASH/hf_MONASH_job044.root
SIGMAB_COUNTS tag=MONASH species=Xi_b0 pdg=5232 slice=all p=46 a=58 file=/data/alice/ipardoza/hadronization_production/HF_RUN3_V1/raw/MONASH/hf_MONASH_job044.root
SIGMAB_COUNTS tag=MONASH species=Xi_b0 pdg=5232 slice=eta_lt_1 p=12 a=10 file=/data/alice/ipardoza/hadronization_production/HF_RUN3_V1/raw/MONASH/hf_MONASH_job044.root
SIGMAB_COUNTS tag=MONASH species=Xi_b0 pdg=5232 slice=eta_1_2 p=8 a=12 file=/data/alice/ipardoza/hadronization_production/HF_RUN3_V1/raw/MONASH/hf_MONASH_job044.root
SIGMAB_COUNTS tag=MONASH species=Xi_b0 pdg=5232 slice=eta_ge_2 p=26 a=36 file=/data/alice/ipardoza/hadronization_production/HF_RUN3_V1/raw/MONASH/hf_MONASH_job044.root
SIGMAB_COUNTS tag=MONASH species=Xi_b- pdg=5132 slice=all p=52 a=49 file=/data/alice/ipardoza/hadronization_production/HF_RUN3_V1/raw/MONASH/hf_MONASH_job044.root
SIGMAB_COUNTS tag=MONASH species=Xi_b- pdg=5132 slice=eta_lt_1 p=9 a=10 file=/data/alice/ipardoza/hadronization_production/HF_RUN3_V1/raw/MONASH/hf_MONASH_job044.root
SIGMAB_COUNTS tag=MONASH species=Xi_b- pdg=5132 slice=eta_1_2 p=11 a=12 file=/data/alice/ipardoza/hadronization_production/HF_RUN3_V1/raw/MONASH/hf_MONASH_job044.root
SIGMAB_COUNTS tag=MONASH species=Xi_b- pdg=5132 slice=eta_ge_2 p=32 a=27 file=/data/alice/ipardoza/hadronization_production/HF_RUN3_V1/raw/MONASH/hf_MONASH_job044.root
SIGMAB_COUNTS tag=MONASH species=Sigma_b+ pdg=5222 slice=all p=37 a=23 file=/data/alice/ipardoza/hadronization_production/HF_RUN3_V1/raw/MONASH/hf_MONASH_job045.root
SIGMAB_COUNTS tag=MONASH species=Sigma_b+ pdg=5222 slice=eta_lt_1 p=9 a=5 file=/data/alice/ipardoza/hadronization_production/HF_RUN3_V1/raw/MONASH/hf_MONASH_job045.root
SIGMAB_COUNTS tag=MONASH species=Sigma_b+ pdg=5222 slice=eta_1_2 p=7 a=1 file=/data/alice/ipardoza/hadronization_production/HF_RUN3_V1/raw/MONASH/hf_MONASH_job045.root
SIGMAB_COUNTS tag=MONASH species=Sigma_b+ pdg=5222 slice=eta_ge_2 p=21 a=17 file=/data/alice/ipardoza/hadronization_production/HF_RUN3_V1/raw/MONASH/hf_MONASH_job045.root
SIGMAB_COUNTS tag=MONASH species=Sigma_b0 pdg=5212 slice=all p=36 a=24 file=/data/alice/ipardoza/hadronization_production/HF_RUN3_V1/raw/MONASH/hf_MONASH_job045.root
SIGMAB_COUNTS tag=MONASH species=Sigma_b0 pdg=5212 slice=eta_lt_1 p=2 a=3 file=/data/alice/ipardoza/hadronization_production/HF_RUN3_V1/raw/MONASH/hf_MONASH_job045.root
SIGMAB_COUNTS tag=MONASH species=Sigma_b0 pdg=5212 slice=eta_1_2 p=7 a=5 file=/data/alice/ipardoza/hadronization_production/HF_RUN3_V1/raw/MONASH/hf_MONASH_job045.root
SIGMAB_COUNTS tag=MONASH species=Sigma_b0 pdg=5212 slice=eta_ge_2 p=27 a=16 file=/data/alice/ipardoza/hadronization_production/HF_RUN3_V1/raw/MONASH/hf_MONASH_job045.root
SIGMAB_COUNTS tag=MONASH species=Sigma_b- pdg=5112 slice=all p=38 a=24 file=/data/alice/ipardoza/hadronization_production/HF_RUN3_V1/raw/MONASH/hf_MONASH_job045.root
SIGMAB_COUNTS tag=MONASH species=Sigma_b- pdg=5112 slice=eta_lt_1 p=9 a=5 file=/data/alice/ipardoza/hadronization_production/HF_RUN3_V1/raw/MONASH/hf_MONASH_job045.root
SIGMAB_COUNTS tag=MONASH species=Sigma_b- pdg=5112 slice=eta_1_2 p=6 a=5 file=/data/alice/ipardoza/hadronization_production/HF_RUN3_V1/raw/MONASH/hf_MONASH_job045.root
SIGMAB_COUNTS tag=MONASH species=Sigma_b- pdg=5112 slice=eta_ge_2 p=23 a=14 file=/data/alice/ipardoza/hadronization_production/HF_RUN3_V1/raw/MONASH/hf_MONASH_job045.root
SIGMAB_COUNTS tag=MONASH species=Sigma*_b+ pdg=5224 slice=all p=40 a=40 file=/data/alice/ipardoza/hadronization_production/HF_RUN3_V1/raw/MONASH/hf_MONASH_job045.root
SIGMAB_COUNTS tag=MONASH species=Sigma*_b+ pdg=5224 slice=eta_lt_1 p=10 a=6 file=/data/alice/ipardoza/hadronization_production/HF_RUN3_V1/raw/MONASH/hf_MONASH_job045.root
SIGMAB_COUNTS tag=MONASH species=Sigma*_b+ pdg=5224 slice=eta_1_2 p=7 a=10 file=/data/alice/ipardoza/hadronization_production/HF_RUN3_V1/raw/MONASH/hf_MONASH_job045.root
SIGMAB_COUNTS tag=MONASH species=Sigma*_b+ pdg=5224 slice=eta_ge_2 p=23 a=24 file=/data/alice/ipardoza/hadronization_production/HF_RUN3_V1/raw/MONASH/hf_MONASH_job045.root
SIGMAB_COUNTS tag=MONASH species=Sigma*_b0 pdg=5214 slice=all p=46 a=34 file=/data/alice/ipardoza/hadronization_production/HF_RUN3_V1/raw/MONASH/hf_MONASH_job045.root
SIGMAB_COUNTS tag=MONASH species=Sigma*_b0 pdg=5214 slice=eta_lt_1 p=7 a=9 file=/data/alice/ipardoza/hadronization_production/HF_RUN3_V1/raw/MONASH/hf_MONASH_job045.root
SIGMAB_COUNTS tag=MONASH species=Sigma*_b0 pdg=5214 slice=eta_1_2 p=7 a=5 file=/data/alice/ipardoza/hadronization_production/HF_RUN3_V1/raw/MONASH/hf_MONASH_job045.root
SIGMAB_COUNTS tag=MONASH species=Sigma*_b0 pdg=5214 slice=eta_ge_2 p=32 a=20 file=/data/alice/ipardoza/hadronization_production/HF_RUN3_V1/raw/MONASH/hf_MONASH_job045.root
SIGMAB_COUNTS tag=MONASH species=Sigma*_b- pdg=5114 slice=all p=45 a=43 file=/data/alice/ipardoza/hadronization_production/HF_RUN3_V1/raw/MONASH/hf_MONASH_job045.root
SIGMAB_COUNTS tag=MONASH species=Sigma*_b- pdg=5114 slice=eta_lt_1 p=7 a=6 file=/data/alice/ipardoza/hadronization_production/HF_RUN3_V1/raw/MONASH/hf_MONASH_job045.root
SIGMAB_COUNTS tag=MONASH species=Sigma*_b- pdg=5114 slice=eta_1_2 p=12 a=7 file=/data/alice/ipardoza/hadronization_production/HF_RUN3_V1/raw/MONASH/hf_MONASH_job045.root
SIGMAB_COUNTS tag=MONASH species=Sigma*_b- pdg=5114 slice=eta_ge_2 p=26 a=30 file=/data/alice/ipardoza/hadronization_production/HF_RUN3_V1/raw/MONASH/hf_MONASH_job045.root
SIGMAB_COUNTS tag=MONASH species=Lambda_b0 pdg=5122 slice=all p=325 a=334 file=/data/alice/ipardoza/hadronization_production/HF_RUN3_V1/raw/MONASH/hf_MONASH_job045.root
SIGMAB_COUNTS tag=MONASH species=Lambda_b0 pdg=5122 slice=eta_lt_1 p=52 a=71 file=/data/alice/ipardoza/hadronization_production/HF_RUN3_V1/raw/MONASH/hf_MONASH_job045.root
SIGMAB_COUNTS tag=MONASH species=Lambda_b0 pdg=5122 slice=eta_1_2 p=64 a=70 file=/data/alice/ipardoza/hadronization_production/HF_RUN3_V1/raw/MONASH/hf_MONASH_job045.root
SIGMAB_COUNTS tag=MONASH species=Lambda_b0 pdg=5122 slice=eta_ge_2 p=209 a=193 file=/data/alice/ipardoza/hadronization_production/HF_RUN3_V1/raw/MONASH/hf_MONASH_job045.root
SIGMAB_COUNTS tag=MONASH species=Xi_b0 pdg=5232 slice=all p=52 a=42 file=/data/alice/ipardoza/hadronization_production/HF_RUN3_V1/raw/MONASH/hf_MONASH_job045.root
SIGMAB_COUNTS tag=MONASH species=Xi_b0 pdg=5232 slice=eta_lt_1 p=5 a=9 file=/data/alice/ipardoza/hadronization_production/HF_RUN3_V1/raw/MONASH/hf_MONASH_job045.root
SIGMAB_COUNTS tag=MONASH species=Xi_b0 pdg=5232 slice=eta_1_2 p=16 a=4 file=/data/alice/ipardoza/hadronization_production/HF_RUN3_V1/raw/MONASH/hf_MONASH_job045.root
SIGMAB_COUNTS tag=MONASH species=Xi_b0 pdg=5232 slice=eta_ge_2 p=31 a=29 file=/data/alice/ipardoza/hadronization_production/HF_RUN3_V1/raw/MONASH/hf_MONASH_job045.root
SIGMAB_COUNTS tag=MONASH species=Xi_b- pdg=5132 slice=all p=55 a=61 file=/data/alice/ipardoza/hadronization_production/HF_RUN3_V1/raw/MONASH/hf_MONASH_job045.root
SIGMAB_COUNTS tag=MONASH species=Xi_b- pdg=5132 slice=eta_lt_1 p=7 a=11 file=/data/alice/ipardoza/hadronization_production/HF_RUN3_V1/raw/MONASH/hf_MONASH_job045.root
SIGMAB_COUNTS tag=MONASH species=Xi_b- pdg=5132 slice=eta_1_2 p=14 a=9 file=/data/alice/ipardoza/hadronization_production/HF_RUN3_V1/raw/MONASH/hf_MONASH_job045.root
SIGMAB_COUNTS tag=MONASH species=Xi_b- pdg=5132 slice=eta_ge_2 p=34 a=41 file=/data/alice/ipardoza/hadronization_production/HF_RUN3_V1/raw/MONASH/hf_MONASH_job045.root
SIGMAB_COUNTS tag=MONASH species=Sigma_b+ pdg=5222 slice=all p=32 a=22 file=/data/alice/ipardoza/hadronization_production/HF_RUN3_V1/raw/MONASH/hf_MONASH_job046.root
SIGMAB_COUNTS tag=MONASH species=Sigma_b+ pdg=5222 slice=eta_lt_1 p=4 a=0 file=/data/alice/ipardoza/hadronization_production/HF_RUN3_V1/raw/MONASH/hf_MONASH_job046.root
SIGMAB_COUNTS tag=MONASH species=Sigma_b+ pdg=5222 slice=eta_1_2 p=9 a=5 file=/data/alice/ipardoza/hadronization_production/HF_RUN3_V1/raw/MONASH/hf_MONASH_job046.root
SIGMAB_COUNTS tag=MONASH species=Sigma_b+ pdg=5222 slice=eta_ge_2 p=19 a=17 file=/data/alice/ipardoza/hadronization_production/HF_RUN3_V1/raw/MONASH/hf_MONASH_job046.root
SIGMAB_COUNTS tag=MONASH species=Sigma_b0 pdg=5212 slice=all p=34 a=17 file=/data/alice/ipardoza/hadronization_production/HF_RUN3_V1/raw/MONASH/hf_MONASH_job046.root
SIGMAB_COUNTS tag=MONASH species=Sigma_b0 pdg=5212 slice=eta_lt_1 p=5 a=7 file=/data/alice/ipardoza/hadronization_production/HF_RUN3_V1/raw/MONASH/hf_MONASH_job046.root
SIGMAB_COUNTS tag=MONASH species=Sigma_b0 pdg=5212 slice=eta_1_2 p=9 a=3 file=/data/alice/ipardoza/hadronization_production/HF_RUN3_V1/raw/MONASH/hf_MONASH_job046.root
SIGMAB_COUNTS tag=MONASH species=Sigma_b0 pdg=5212 slice=eta_ge_2 p=20 a=7 file=/data/alice/ipardoza/hadronization_production/HF_RUN3_V1/raw/MONASH/hf_MONASH_job046.root
SIGMAB_COUNTS tag=MONASH species=Sigma_b- pdg=5112 slice=all p=36 a=21 file=/data/alice/ipardoza/hadronization_production/HF_RUN3_V1/raw/MONASH/hf_MONASH_job046.root
SIGMAB_COUNTS tag=MONASH species=Sigma_b- pdg=5112 slice=eta_lt_1 p=5 a=5 file=/data/alice/ipardoza/hadronization_production/HF_RUN3_V1/raw/MONASH/hf_MONASH_job046.root
SIGMAB_COUNTS tag=MONASH species=Sigma_b- pdg=5112 slice=eta_1_2 p=6 a=2 file=/data/alice/ipardoza/hadronization_production/HF_RUN3_V1/raw/MONASH/hf_MONASH_job046.root
SIGMAB_COUNTS tag=MONASH species=Sigma_b- pdg=5112 slice=eta_ge_2 p=25 a=14 file=/data/alice/ipardoza/hadronization_production/HF_RUN3_V1/raw/MONASH/hf_MONASH_job046.root
SIGMAB_COUNTS tag=MONASH species=Sigma*_b+ pdg=5224 slice=all p=51 a=39 file=/data/alice/ipardoza/hadronization_production/HF_RUN3_V1/raw/MONASH/hf_MONASH_job046.root
SIGMAB_COUNTS tag=MONASH species=Sigma*_b+ pdg=5224 slice=eta_lt_1 p=13 a=7 file=/data/alice/ipardoza/hadronization_production/HF_RUN3_V1/raw/MONASH/hf_MONASH_job046.root
SIGMAB_COUNTS tag=MONASH species=Sigma*_b+ pdg=5224 slice=eta_1_2 p=12 a=9 file=/data/alice/ipardoza/hadronization_production/HF_RUN3_V1/raw/MONASH/hf_MONASH_job046.root
SIGMAB_COUNTS tag=MONASH species=Sigma*_b+ pdg=5224 slice=eta_ge_2 p=26 a=23 file=/data/alice/ipardoza/hadronization_production/HF_RUN3_V1/raw/MONASH/hf_MONASH_job046.root
SIGMAB_COUNTS tag=MONASH species=Sigma*_b0 pdg=5214 slice=all p=51 a=35 file=/data/alice/ipardoza/hadronization_production/HF_RUN3_V1/raw/MONASH/hf_MONASH_job046.root
SIGMAB_COUNTS tag=MONASH species=Sigma*_b0 pdg=5214 slice=eta_lt_1 p=7 a=7 file=/data/alice/ipardoza/hadronization_production/HF_RUN3_V1/raw/MONASH/hf_MONASH_job046.root
SIGMAB_COUNTS tag=MONASH species=Sigma*_b0 pdg=5214 slice=eta_1_2 p=10 a=10 file=/data/alice/ipardoza/hadronization_production/HF_RUN3_V1/raw/MONASH/hf_MONASH_job046.root
SIGMAB_COUNTS tag=MONASH species=Sigma*_b0 pdg=5214 slice=eta_ge_2 p=34 a=18 file=/data/alice/ipardoza/hadronization_production/HF_RUN3_V1/raw/MONASH/hf_MONASH_job046.root
SIGMAB_COUNTS tag=MONASH species=Sigma*_b- pdg=5114 slice=all p=47 a=29 file=/data/alice/ipardoza/hadronization_production/HF_RUN3_V1/raw/MONASH/hf_MONASH_job046.root
SIGMAB_COUNTS tag=MONASH species=Sigma*_b- pdg=5114 slice=eta_lt_1 p=7 a=6 file=/data/alice/ipardoza/hadronization_production/HF_RUN3_V1/raw/MONASH/hf_MONASH_job046.root
SIGMAB_COUNTS tag=MONASH species=Sigma*_b- pdg=5114 slice=eta_1_2 p=8 a=4 file=/data/alice/ipardoza/hadronization_production/HF_RUN3_V1/raw/MONASH/hf_MONASH_job046.root
SIGMAB_COUNTS tag=MONASH species=Sigma*_b- pdg=5114 slice=eta_ge_2 p=32 a=19 file=/data/alice/ipardoza/hadronization_production/HF_RUN3_V1/raw/MONASH/hf_MONASH_job046.root
SIGMAB_COUNTS tag=MONASH species=Lambda_b0 pdg=5122 slice=all p=302 a=310 file=/data/alice/ipardoza/hadronization_production/HF_RUN3_V1/raw/MONASH/hf_MONASH_job046.root
SIGMAB_COUNTS tag=MONASH species=Lambda_b0 pdg=5122 slice=eta_lt_1 p=59 a=49 file=/data/alice/ipardoza/hadronization_production/HF_RUN3_V1/raw/MONASH/hf_MONASH_job046.root
SIGMAB_COUNTS tag=MONASH species=Lambda_b0 pdg=5122 slice=eta_1_2 p=54 a=73 file=/data/alice/ipardoza/hadronization_production/HF_RUN3_V1/raw/MONASH/hf_MONASH_job046.root
SIGMAB_COUNTS tag=MONASH species=Lambda_b0 pdg=5122 slice=eta_ge_2 p=189 a=188 file=/data/alice/ipardoza/hadronization_production/HF_RUN3_V1/raw/MONASH/hf_MONASH_job046.root
SIGMAB_COUNTS tag=MONASH species=Xi_b0 pdg=5232 slice=all p=58 a=58 file=/data/alice/ipardoza/hadronization_production/HF_RUN3_V1/raw/MONASH/hf_MONASH_job046.root
SIGMAB_COUNTS tag=MONASH species=Xi_b0 pdg=5232 slice=eta_lt_1 p=11 a=9 file=/data/alice/ipardoza/hadronization_production/HF_RUN3_V1/raw/MONASH/hf_MONASH_job046.root
SIGMAB_COUNTS tag=MONASH species=Xi_b0 pdg=5232 slice=eta_1_2 p=12 a=8 file=/data/alice/ipardoza/hadronization_production/HF_RUN3_V1/raw/MONASH/hf_MONASH_job046.root
SIGMAB_COUNTS tag=MONASH species=Xi_b0 pdg=5232 slice=eta_ge_2 p=35 a=41 file=/data/alice/ipardoza/hadronization_production/HF_RUN3_V1/raw/MONASH/hf_MONASH_job046.root
SIGMAB_COUNTS tag=MONASH species=Xi_b- pdg=5132 slice=all p=55 a=52 file=/data/alice/ipardoza/hadronization_production/HF_RUN3_V1/raw/MONASH/hf_MONASH_job046.root
SIGMAB_COUNTS tag=MONASH species=Xi_b- pdg=5132 slice=eta_lt_1 p=8 a=13 file=/data/alice/ipardoza/hadronization_production/HF_RUN3_V1/raw/MONASH/hf_MONASH_job046.root
SIGMAB_COUNTS tag=MONASH species=Xi_b- pdg=5132 slice=eta_1_2 p=12 a=14 file=/data/alice/ipardoza/hadronization_production/HF_RUN3_V1/raw/MONASH/hf_MONASH_job046.root
SIGMAB_COUNTS tag=MONASH species=Xi_b- pdg=5132 slice=eta_ge_2 p=35 a=25 file=/data/alice/ipardoza/hadronization_production/HF_RUN3_V1/raw/MONASH/hf_MONASH_job046.root
SIGMAB_COUNTS tag=MONASH species=Sigma_b+ pdg=5222 slice=all p=41 a=15 file=/data/alice/ipardoza/hadronization_production/HF_RUN3_V1/raw/MONASH/hf_MONASH_job047.root
SIGMAB_COUNTS tag=MONASH species=Sigma_b+ pdg=5222 slice=eta_lt_1 p=7 a=3 file=/data/alice/ipardoza/hadronization_production/HF_RUN3_V1/raw/MONASH/hf_MONASH_job047.root
SIGMAB_COUNTS tag=MONASH species=Sigma_b+ pdg=5222 slice=eta_1_2 p=5 a=4 file=/data/alice/ipardoza/hadronization_production/HF_RUN3_V1/raw/MONASH/hf_MONASH_job047.root
SIGMAB_COUNTS tag=MONASH species=Sigma_b+ pdg=5222 slice=eta_ge_2 p=29 a=8 file=/data/alice/ipardoza/hadronization_production/HF_RUN3_V1/raw/MONASH/hf_MONASH_job047.root
SIGMAB_COUNTS tag=MONASH species=Sigma_b0 pdg=5212 slice=all p=29 a=24 file=/data/alice/ipardoza/hadronization_production/HF_RUN3_V1/raw/MONASH/hf_MONASH_job047.root
SIGMAB_COUNTS tag=MONASH species=Sigma_b0 pdg=5212 slice=eta_lt_1 p=4 a=5 file=/data/alice/ipardoza/hadronization_production/HF_RUN3_V1/raw/MONASH/hf_MONASH_job047.root
SIGMAB_COUNTS tag=MONASH species=Sigma_b0 pdg=5212 slice=eta_1_2 p=5 a=6 file=/data/alice/ipardoza/hadronization_production/HF_RUN3_V1/raw/MONASH/hf_MONASH_job047.root
SIGMAB_COUNTS tag=MONASH species=Sigma_b0 pdg=5212 slice=eta_ge_2 p=20 a=13 file=/data/alice/ipardoza/hadronization_production/HF_RUN3_V1/raw/MONASH/hf_MONASH_job047.root
SIGMAB_COUNTS tag=MONASH species=Sigma_b- pdg=5112 slice=all p=31 a=26 file=/data/alice/ipardoza/hadronization_production/HF_RUN3_V1/raw/MONASH/hf_MONASH_job047.root
SIGMAB_COUNTS tag=MONASH species=Sigma_b- pdg=5112 slice=eta_lt_1 p=7 a=7 file=/data/alice/ipardoza/hadronization_production/HF_RUN3_V1/raw/MONASH/hf_MONASH_job047.root
SIGMAB_COUNTS tag=MONASH species=Sigma_b- pdg=5112 slice=eta_1_2 p=3 a=4 file=/data/alice/ipardoza/hadronization_production/HF_RUN3_V1/raw/MONASH/hf_MONASH_job047.root
SIGMAB_COUNTS tag=MONASH species=Sigma_b- pdg=5112 slice=eta_ge_2 p=21 a=15 file=/data/alice/ipardoza/hadronization_production/HF_RUN3_V1/raw/MONASH/hf_MONASH_job047.root
SIGMAB_COUNTS tag=MONASH species=Sigma*_b+ pdg=5224 slice=all p=48 a=40 file=/data/alice/ipardoza/hadronization_production/HF_RUN3_V1/raw/MONASH/hf_MONASH_job047.root
SIGMAB_COUNTS tag=MONASH species=Sigma*_b+ pdg=5224 slice=eta_lt_1 p=7 a=5 file=/data/alice/ipardoza/hadronization_production/HF_RUN3_V1/raw/MONASH/hf_MONASH_job047.root
SIGMAB_COUNTS tag=MONASH species=Sigma*_b+ pdg=5224 slice=eta_1_2 p=11 a=9 file=/data/alice/ipardoza/hadronization_production/HF_RUN3_V1/raw/MONASH/hf_MONASH_job047.root
SIGMAB_COUNTS tag=MONASH species=Sigma*_b+ pdg=5224 slice=eta_ge_2 p=30 a=26 file=/data/alice/ipardoza/hadronization_production/HF_RUN3_V1/raw/MONASH/hf_MONASH_job047.root
SIGMAB_COUNTS tag=MONASH species=Sigma*_b0 pdg=5214 slice=all p=55 a=44 file=/data/alice/ipardoza/hadronization_production/HF_RUN3_V1/raw/MONASH/hf_MONASH_job047.root
SIGMAB_COUNTS tag=MONASH species=Sigma*_b0 pdg=5214 slice=eta_lt_1 p=12 a=8 file=/data/alice/ipardoza/hadronization_production/HF_RUN3_V1/raw/MONASH/hf_MONASH_job047.root
SIGMAB_COUNTS tag=MONASH species=Sigma*_b0 pdg=5214 slice=eta_1_2 p=7 a=13 file=/data/alice/ipardoza/hadronization_production/HF_RUN3_V1/raw/MONASH/hf_MONASH_job047.root
SIGMAB_COUNTS tag=MONASH species=Sigma*_b0 pdg=5214 slice=eta_ge_2 p=36 a=23 file=/data/alice/ipardoza/hadronization_production/HF_RUN3_V1/raw/MONASH/hf_MONASH_job047.root
SIGMAB_COUNTS tag=MONASH species=Sigma*_b- pdg=5114 slice=all p=55 a=44 file=/data/alice/ipardoza/hadronization_production/HF_RUN3_V1/raw/MONASH/hf_MONASH_job047.root
SIGMAB_COUNTS tag=MONASH species=Sigma*_b- pdg=5114 slice=eta_lt_1 p=7 a=7 file=/data/alice/ipardoza/hadronization_production/HF_RUN3_V1/raw/MONASH/hf_MONASH_job047.root
SIGMAB_COUNTS tag=MONASH species=Sigma*_b- pdg=5114 slice=eta_1_2 p=9 a=11 file=/data/alice/ipardoza/hadronization_production/HF_RUN3_V1/raw/MONASH/hf_MONASH_job047.root
SIGMAB_COUNTS tag=MONASH species=Sigma*_b- pdg=5114 slice=eta_ge_2 p=39 a=26 file=/data/alice/ipardoza/hadronization_production/HF_RUN3_V1/raw/MONASH/hf_MONASH_job047.root
SIGMAB_COUNTS tag=MONASH species=Lambda_b0 pdg=5122 slice=all p=312 a=291 file=/data/alice/ipardoza/hadronization_production/HF_RUN3_V1/raw/MONASH/hf_MONASH_job047.root
SIGMAB_COUNTS tag=MONASH species=Lambda_b0 pdg=5122 slice=eta_lt_1 p=64 a=58 file=/data/alice/ipardoza/hadronization_production/HF_RUN3_V1/raw/MONASH/hf_MONASH_job047.root
SIGMAB_COUNTS tag=MONASH species=Lambda_b0 pdg=5122 slice=eta_1_2 p=65 a=67 file=/data/alice/ipardoza/hadronization_production/HF_RUN3_V1/raw/MONASH/hf_MONASH_job047.root
SIGMAB_COUNTS tag=MONASH species=Lambda_b0 pdg=5122 slice=eta_ge_2 p=183 a=166 file=/data/alice/ipardoza/hadronization_production/HF_RUN3_V1/raw/MONASH/hf_MONASH_job047.root
SIGMAB_COUNTS tag=MONASH species=Xi_b0 pdg=5232 slice=all p=58 a=56 file=/data/alice/ipardoza/hadronization_production/HF_RUN3_V1/raw/MONASH/hf_MONASH_job047.root
SIGMAB_COUNTS tag=MONASH species=Xi_b0 pdg=5232 slice=eta_lt_1 p=12 a=14 file=/data/alice/ipardoza/hadronization_production/HF_RUN3_V1/raw/MONASH/hf_MONASH_job047.root
SIGMAB_COUNTS tag=MONASH species=Xi_b0 pdg=5232 slice=eta_1_2 p=10 a=13 file=/data/alice/ipardoza/hadronization_production/HF_RUN3_V1/raw/MONASH/hf_MONASH_job047.root
SIGMAB_COUNTS tag=MONASH species=Xi_b0 pdg=5232 slice=eta_ge_2 p=36 a=29 file=/data/alice/ipardoza/hadronization_production/HF_RUN3_V1/raw/MONASH/hf_MONASH_job047.root
SIGMAB_COUNTS tag=MONASH species=Xi_b- pdg=5132 slice=all p=50 a=50 file=/data/alice/ipardoza/hadronization_production/HF_RUN3_V1/raw/MONASH/hf_MONASH_job047.root
SIGMAB_COUNTS tag=MONASH species=Xi_b- pdg=5132 slice=eta_lt_1 p=13 a=10 file=/data/alice/ipardoza/hadronization_production/HF_RUN3_V1/raw/MONASH/hf_MONASH_job047.root
SIGMAB_COUNTS tag=MONASH species=Xi_b- pdg=5132 slice=eta_1_2 p=12 a=10 file=/data/alice/ipardoza/hadronization_production/HF_RUN3_V1/raw/MONASH/hf_MONASH_job047.root
SIGMAB_COUNTS tag=MONASH species=Xi_b- pdg=5132 slice=eta_ge_2 p=25 a=30 file=/data/alice/ipardoza/hadronization_production/HF_RUN3_V1/raw/MONASH/hf_MONASH_job047.root
SIGMAB_COUNTS tag=MONASH species=Sigma_b+ pdg=5222 slice=all p=31 a=20 file=/data/alice/ipardoza/hadronization_production/HF_RUN3_V1/raw/MONASH/hf_MONASH_job048.root
SIGMAB_COUNTS tag=MONASH species=Sigma_b+ pdg=5222 slice=eta_lt_1 p=5 a=6 file=/data/alice/ipardoza/hadronization_production/HF_RUN3_V1/raw/MONASH/hf_MONASH_job048.root
SIGMAB_COUNTS tag=MONASH species=Sigma_b+ pdg=5222 slice=eta_1_2 p=4 a=3 file=/data/alice/ipardoza/hadronization_production/HF_RUN3_V1/raw/MONASH/hf_MONASH_job048.root
SIGMAB_COUNTS tag=MONASH species=Sigma_b+ pdg=5222 slice=eta_ge_2 p=22 a=11 file=/data/alice/ipardoza/hadronization_production/HF_RUN3_V1/raw/MONASH/hf_MONASH_job048.root
SIGMAB_COUNTS tag=MONASH species=Sigma_b0 pdg=5212 slice=all p=34 a=19 file=/data/alice/ipardoza/hadronization_production/HF_RUN3_V1/raw/MONASH/hf_MONASH_job048.root
SIGMAB_COUNTS tag=MONASH species=Sigma_b0 pdg=5212 slice=eta_lt_1 p=1 a=7 file=/data/alice/ipardoza/hadronization_production/HF_RUN3_V1/raw/MONASH/hf_MONASH_job048.root
SIGMAB_COUNTS tag=MONASH species=Sigma_b0 pdg=5212 slice=eta_1_2 p=12 a=2 file=/data/alice/ipardoza/hadronization_production/HF_RUN3_V1/raw/MONASH/hf_MONASH_job048.root
SIGMAB_COUNTS tag=MONASH species=Sigma_b0 pdg=5212 slice=eta_ge_2 p=21 a=10 file=/data/alice/ipardoza/hadronization_production/HF_RUN3_V1/raw/MONASH/hf_MONASH_job048.root
SIGMAB_COUNTS tag=MONASH species=Sigma_b- pdg=5112 slice=all p=34 a=28 file=/data/alice/ipardoza/hadronization_production/HF_RUN3_V1/raw/MONASH/hf_MONASH_job048.root
SIGMAB_COUNTS tag=MONASH species=Sigma_b- pdg=5112 slice=eta_lt_1 p=7 a=3 file=/data/alice/ipardoza/hadronization_production/HF_RUN3_V1/raw/MONASH/hf_MONASH_job048.root
SIGMAB_COUNTS tag=MONASH species=Sigma_b- pdg=5112 slice=eta_1_2 p=6 a=4 file=/data/alice/ipardoza/hadronization_production/HF_RUN3_V1/raw/MONASH/hf_MONASH_job048.root
SIGMAB_COUNTS tag=MONASH species=Sigma_b- pdg=5112 slice=eta_ge_2 p=21 a=21 file=/data/alice/ipardoza/hadronization_production/HF_RUN3_V1/raw/MONASH/hf_MONASH_job048.root
SIGMAB_COUNTS tag=MONASH species=Sigma*_b+ pdg=5224 slice=all p=46 a=36 file=/data/alice/ipardoza/hadronization_production/HF_RUN3_V1/raw/MONASH/hf_MONASH_job048.root
SIGMAB_COUNTS tag=MONASH species=Sigma*_b+ pdg=5224 slice=eta_lt_1 p=11 a=6 file=/data/alice/ipardoza/hadronization_production/HF_RUN3_V1/raw/MONASH/hf_MONASH_job048.root
SIGMAB_COUNTS tag=MONASH species=Sigma*_b+ pdg=5224 slice=eta_1_2 p=8 a=9 file=/data/alice/ipardoza/hadronization_production/HF_RUN3_V1/raw/MONASH/hf_MONASH_job048.root
SIGMAB_COUNTS tag=MONASH species=Sigma*_b+ pdg=5224 slice=eta_ge_2 p=27 a=21 file=/data/alice/ipardoza/hadronization_production/HF_RUN3_V1/raw/MONASH/hf_MONASH_job048.root
SIGMAB_COUNTS tag=MONASH species=Sigma*_b0 pdg=5214 slice=all p=66 a=31 file=/data/alice/ipardoza/hadronization_production/HF_RUN3_V1/raw/MONASH/hf_MONASH_job048.root
SIGMAB_COUNTS tag=MONASH species=Sigma*_b0 pdg=5214 slice=eta_lt_1 p=17 a=2 file=/data/alice/ipardoza/hadronization_production/HF_RUN3_V1/raw/MONASH/hf_MONASH_job048.root
SIGMAB_COUNTS tag=MONASH species=Sigma*_b0 pdg=5214 slice=eta_1_2 p=10 a=8 file=/data/alice/ipardoza/hadronization_production/HF_RUN3_V1/raw/MONASH/hf_MONASH_job048.root
SIGMAB_COUNTS tag=MONASH species=Sigma*_b0 pdg=5214 slice=eta_ge_2 p=39 a=21 file=/data/alice/ipardoza/hadronization_production/HF_RUN3_V1/raw/MONASH/hf_MONASH_job048.root
SIGMAB_COUNTS tag=MONASH species=Sigma*_b- pdg=5114 slice=all p=52 a=44 file=/data/alice/ipardoza/hadronization_production/HF_RUN3_V1/raw/MONASH/hf_MONASH_job048.root
SIGMAB_COUNTS tag=MONASH species=Sigma*_b- pdg=5114 slice=eta_lt_1 p=7 a=8 file=/data/alice/ipardoza/hadronization_production/HF_RUN3_V1/raw/MONASH/hf_MONASH_job048.root
SIGMAB_COUNTS tag=MONASH species=Sigma*_b- pdg=5114 slice=eta_1_2 p=9 a=12 file=/data/alice/ipardoza/hadronization_production/HF_RUN3_V1/raw/MONASH/hf_MONASH_job048.root
SIGMAB_COUNTS tag=MONASH species=Sigma*_b- pdg=5114 slice=eta_ge_2 p=36 a=24 file=/data/alice/ipardoza/hadronization_production/HF_RUN3_V1/raw/MONASH/hf_MONASH_job048.root
SIGMAB_COUNTS tag=MONASH species=Lambda_b0 pdg=5122 slice=all p=328 a=322 file=/data/alice/ipardoza/hadronization_production/HF_RUN3_V1/raw/MONASH/hf_MONASH_job048.root
SIGMAB_COUNTS tag=MONASH species=Lambda_b0 pdg=5122 slice=eta_lt_1 p=50 a=51 file=/data/alice/ipardoza/hadronization_production/HF_RUN3_V1/raw/MONASH/hf_MONASH_job048.root
SIGMAB_COUNTS tag=MONASH species=Lambda_b0 pdg=5122 slice=eta_1_2 p=67 a=58 file=/data/alice/ipardoza/hadronization_production/HF_RUN3_V1/raw/MONASH/hf_MONASH_job048.root
SIGMAB_COUNTS tag=MONASH species=Lambda_b0 pdg=5122 slice=eta_ge_2 p=211 a=213 file=/data/alice/ipardoza/hadronization_production/HF_RUN3_V1/raw/MONASH/hf_MONASH_job048.root
SIGMAB_COUNTS tag=MONASH species=Xi_b0 pdg=5232 slice=all p=61 a=50 file=/data/alice/ipardoza/hadronization_production/HF_RUN3_V1/raw/MONASH/hf_MONASH_job048.root
SIGMAB_COUNTS tag=MONASH species=Xi_b0 pdg=5232 slice=eta_lt_1 p=9 a=7 file=/data/alice/ipardoza/hadronization_production/HF_RUN3_V1/raw/MONASH/hf_MONASH_job048.root
SIGMAB_COUNTS tag=MONASH species=Xi_b0 pdg=5232 slice=eta_1_2 p=16 a=11 file=/data/alice/ipardoza/hadronization_production/HF_RUN3_V1/raw/MONASH/hf_MONASH_job048.root
SIGMAB_COUNTS tag=MONASH species=Xi_b0 pdg=5232 slice=eta_ge_2 p=36 a=32 file=/data/alice/ipardoza/hadronization_production/HF_RUN3_V1/raw/MONASH/hf_MONASH_job048.root
SIGMAB_COUNTS tag=MONASH species=Xi_b- pdg=5132 slice=all p=40 a=52 file=/data/alice/ipardoza/hadronization_production/HF_RUN3_V1/raw/MONASH/hf_MONASH_job048.root
SIGMAB_COUNTS tag=MONASH species=Xi_b- pdg=5132 slice=eta_lt_1 p=11 a=8 file=/data/alice/ipardoza/hadronization_production/HF_RUN3_V1/raw/MONASH/hf_MONASH_job048.root
SIGMAB_COUNTS tag=MONASH species=Xi_b- pdg=5132 slice=eta_1_2 p=6 a=10 file=/data/alice/ipardoza/hadronization_production/HF_RUN3_V1/raw/MONASH/hf_MONASH_job048.root
SIGMAB_COUNTS tag=MONASH species=Xi_b- pdg=5132 slice=eta_ge_2 p=23 a=34 file=/data/alice/ipardoza/hadronization_production/HF_RUN3_V1/raw/MONASH/hf_MONASH_job048.root
SIGMAB_COUNTS tag=MONASH species=Sigma_b+ pdg=5222 slice=all p=26 a=20 file=/data/alice/ipardoza/hadronization_production/HF_RUN3_V1/raw/MONASH/hf_MONASH_job049.root
SIGMAB_COUNTS tag=MONASH species=Sigma_b+ pdg=5222 slice=eta_lt_1 p=0 a=0 file=/data/alice/ipardoza/hadronization_production/HF_RUN3_V1/raw/MONASH/hf_MONASH_job049.root
SIGMAB_COUNTS tag=MONASH species=Sigma_b+ pdg=5222 slice=eta_1_2 p=6 a=3 file=/data/alice/ipardoza/hadronization_production/HF_RUN3_V1/raw/MONASH/hf_MONASH_job049.root
SIGMAB_COUNTS tag=MONASH species=Sigma_b+ pdg=5222 slice=eta_ge_2 p=20 a=17 file=/data/alice/ipardoza/hadronization_production/HF_RUN3_V1/raw/MONASH/hf_MONASH_job049.root
SIGMAB_COUNTS tag=MONASH species=Sigma_b0 pdg=5212 slice=all p=32 a=18 file=/data/alice/ipardoza/hadronization_production/HF_RUN3_V1/raw/MONASH/hf_MONASH_job049.root
SIGMAB_COUNTS tag=MONASH species=Sigma_b0 pdg=5212 slice=eta_lt_1 p=7 a=4 file=/data/alice/ipardoza/hadronization_production/HF_RUN3_V1/raw/MONASH/hf_MONASH_job049.root
SIGMAB_COUNTS tag=MONASH species=Sigma_b0 pdg=5212 slice=eta_1_2 p=5 a=5 file=/data/alice/ipardoza/hadronization_production/HF_RUN3_V1/raw/MONASH/hf_MONASH_job049.root
SIGMAB_COUNTS tag=MONASH species=Sigma_b0 pdg=5212 slice=eta_ge_2 p=20 a=9 file=/data/alice/ipardoza/hadronization_production/HF_RUN3_V1/raw/MONASH/hf_MONASH_job049.root
SIGMAB_COUNTS tag=MONASH species=Sigma_b- pdg=5112 slice=all p=25 a=29 file=/data/alice/ipardoza/hadronization_production/HF_RUN3_V1/raw/MONASH/hf_MONASH_job049.root
SIGMAB_COUNTS tag=MONASH species=Sigma_b- pdg=5112 slice=eta_lt_1 p=6 a=5 file=/data/alice/ipardoza/hadronization_production/HF_RUN3_V1/raw/MONASH/hf_MONASH_job049.root
SIGMAB_COUNTS tag=MONASH species=Sigma_b- pdg=5112 slice=eta_1_2 p=4 a=11 file=/data/alice/ipardoza/hadronization_production/HF_RUN3_V1/raw/MONASH/hf_MONASH_job049.root
SIGMAB_COUNTS tag=MONASH species=Sigma_b- pdg=5112 slice=eta_ge_2 p=15 a=13 file=/data/alice/ipardoza/hadronization_production/HF_RUN3_V1/raw/MONASH/hf_MONASH_job049.root
SIGMAB_COUNTS tag=MONASH species=Sigma*_b+ pdg=5224 slice=all p=61 a=39 file=/data/alice/ipardoza/hadronization_production/HF_RUN3_V1/raw/MONASH/hf_MONASH_job049.root
SIGMAB_COUNTS tag=MONASH species=Sigma*_b+ pdg=5224 slice=eta_lt_1 p=7 a=9 file=/data/alice/ipardoza/hadronization_production/HF_RUN3_V1/raw/MONASH/hf_MONASH_job049.root
SIGMAB_COUNTS tag=MONASH species=Sigma*_b+ pdg=5224 slice=eta_1_2 p=11 a=8 file=/data/alice/ipardoza/hadronization_production/HF_RUN3_V1/raw/MONASH/hf_MONASH_job049.root
SIGMAB_COUNTS tag=MONASH species=Sigma*_b+ pdg=5224 slice=eta_ge_2 p=43 a=22 file=/data/alice/ipardoza/hadronization_production/HF_RUN3_V1/raw/MONASH/hf_MONASH_job049.root
SIGMAB_COUNTS tag=MONASH species=Sigma*_b0 pdg=5214 slice=all p=48 a=45 file=/data/alice/ipardoza/hadronization_production/HF_RUN3_V1/raw/MONASH/hf_MONASH_job049.root
SIGMAB_COUNTS tag=MONASH species=Sigma*_b0 pdg=5214 slice=eta_lt_1 p=9 a=9 file=/data/alice/ipardoza/hadronization_production/HF_RUN3_V1/raw/MONASH/hf_MONASH_job049.root
SIGMAB_COUNTS tag=MONASH species=Sigma*_b0 pdg=5214 slice=eta_1_2 p=10 a=12 file=/data/alice/ipardoza/hadronization_production/HF_RUN3_V1/raw/MONASH/hf_MONASH_job049.root
SIGMAB_COUNTS tag=MONASH species=Sigma*_b0 pdg=5214 slice=eta_ge_2 p=29 a=24 file=/data/alice/ipardoza/hadronization_production/HF_RUN3_V1/raw/MONASH/hf_MONASH_job049.root
SIGMAB_COUNTS tag=MONASH species=Sigma*_b- pdg=5114 slice=all p=40 a=44 file=/data/alice/ipardoza/hadronization_production/HF_RUN3_V1/raw/MONASH/hf_MONASH_job049.root
SIGMAB_COUNTS tag=MONASH species=Sigma*_b- pdg=5114 slice=eta_lt_1 p=8 a=10 file=/data/alice/ipardoza/hadronization_production/HF_RUN3_V1/raw/MONASH/hf_MONASH_job049.root
SIGMAB_COUNTS tag=MONASH species=Sigma*_b- pdg=5114 slice=eta_1_2 p=8 a=16 file=/data/alice/ipardoza/hadronization_production/HF_RUN3_V1/raw/MONASH/hf_MONASH_job049.root
SIGMAB_COUNTS tag=MONASH species=Sigma*_b- pdg=5114 slice=eta_ge_2 p=24 a=18 file=/data/alice/ipardoza/hadronization_production/HF_RUN3_V1/raw/MONASH/hf_MONASH_job049.root
SIGMAB_COUNTS tag=MONASH species=Lambda_b0 pdg=5122 slice=all p=306 a=313 file=/data/alice/ipardoza/hadronization_production/HF_RUN3_V1/raw/MONASH/hf_MONASH_job049.root
SIGMAB_COUNTS tag=MONASH species=Lambda_b0 pdg=5122 slice=eta_lt_1 p=56 a=64 file=/data/alice/ipardoza/hadronization_production/HF_RUN3_V1/raw/MONASH/hf_MONASH_job049.root
SIGMAB_COUNTS tag=MONASH species=Lambda_b0 pdg=5122 slice=eta_1_2 p=60 a=67 file=/data/alice/ipardoza/hadronization_production/HF_RUN3_V1/raw/MONASH/hf_MONASH_job049.root
SIGMAB_COUNTS tag=MONASH species=Lambda_b0 pdg=5122 slice=eta_ge_2 p=190 a=182 file=/data/alice/ipardoza/hadronization_production/HF_RUN3_V1/raw/MONASH/hf_MONASH_job049.root
SIGMAB_COUNTS tag=MONASH species=Xi_b0 pdg=5232 slice=all p=49 a=52 file=/data/alice/ipardoza/hadronization_production/HF_RUN3_V1/raw/MONASH/hf_MONASH_job049.root
SIGMAB_COUNTS tag=MONASH species=Xi_b0 pdg=5232 slice=eta_lt_1 p=8 a=13 file=/data/alice/ipardoza/hadronization_production/HF_RUN3_V1/raw/MONASH/hf_MONASH_job049.root
SIGMAB_COUNTS tag=MONASH species=Xi_b0 pdg=5232 slice=eta_1_2 p=9 a=13 file=/data/alice/ipardoza/hadronization_production/HF_RUN3_V1/raw/MONASH/hf_MONASH_job049.root
SIGMAB_COUNTS tag=MONASH species=Xi_b0 pdg=5232 slice=eta_ge_2 p=32 a=26 file=/data/alice/ipardoza/hadronization_production/HF_RUN3_V1/raw/MONASH/hf_MONASH_job049.root
SIGMAB_COUNTS tag=MONASH species=Xi_b- pdg=5132 slice=all p=62 a=52 file=/data/alice/ipardoza/hadronization_production/HF_RUN3_V1/raw/MONASH/hf_MONASH_job049.root
SIGMAB_COUNTS tag=MONASH species=Xi_b- pdg=5132 slice=eta_lt_1 p=13 a=12 file=/data/alice/ipardoza/hadronization_production/HF_RUN3_V1/raw/MONASH/hf_MONASH_job049.root
SIGMAB_COUNTS tag=MONASH species=Xi_b- pdg=5132 slice=eta_1_2 p=17 a=7 file=/data/alice/ipardoza/hadronization_production/HF_RUN3_V1/raw/MONASH/hf_MONASH_job049.root
SIGMAB_COUNTS tag=MONASH species=Xi_b- pdg=5132 slice=eta_ge_2 p=32 a=33 file=/data/alice/ipardoza/hadronization_production/HF_RUN3_V1/raw/MONASH/hf_MONASH_job049.root
SIGMAB_COUNTS tag=MONASH species=Sigma_b+ pdg=5222 slice=all p=22 a=15 file=/data/alice/ipardoza/hadronization_production/HF_RUN3_V1/raw/MONASH/hf_MONASH_job050.root
SIGMAB_COUNTS tag=MONASH species=Sigma_b+ pdg=5222 slice=eta_lt_1 p=5 a=4 file=/data/alice/ipardoza/hadronization_production/HF_RUN3_V1/raw/MONASH/hf_MONASH_job050.root
SIGMAB_COUNTS tag=MONASH species=Sigma_b+ pdg=5222 slice=eta_1_2 p=2 a=1 file=/data/alice/ipardoza/hadronization_production/HF_RUN3_V1/raw/MONASH/hf_MONASH_job050.root
SIGMAB_COUNTS tag=MONASH species=Sigma_b+ pdg=5222 slice=eta_ge_2 p=15 a=10 file=/data/alice/ipardoza/hadronization_production/HF_RUN3_V1/raw/MONASH/hf_MONASH_job050.root
SIGMAB_COUNTS tag=MONASH species=Sigma_b0 pdg=5212 slice=all p=35 a=21 file=/data/alice/ipardoza/hadronization_production/HF_RUN3_V1/raw/MONASH/hf_MONASH_job050.root
SIGMAB_COUNTS tag=MONASH species=Sigma_b0 pdg=5212 slice=eta_lt_1 p=7 a=5 file=/data/alice/ipardoza/hadronization_production/HF_RUN3_V1/raw/MONASH/hf_MONASH_job050.root
SIGMAB_COUNTS tag=MONASH species=Sigma_b0 pdg=5212 slice=eta_1_2 p=8 a=3 file=/data/alice/ipardoza/hadronization_production/HF_RUN3_V1/raw/MONASH/hf_MONASH_job050.root
SIGMAB_COUNTS tag=MONASH species=Sigma_b0 pdg=5212 slice=eta_ge_2 p=20 a=13 file=/data/alice/ipardoza/hadronization_production/HF_RUN3_V1/raw/MONASH/hf_MONASH_job050.root
SIGMAB_COUNTS tag=MONASH species=Sigma_b- pdg=5112 slice=all p=33 a=18 file=/data/alice/ipardoza/hadronization_production/HF_RUN3_V1/raw/MONASH/hf_MONASH_job050.root
SIGMAB_COUNTS tag=MONASH species=Sigma_b- pdg=5112 slice=eta_lt_1 p=3 a=3 file=/data/alice/ipardoza/hadronization_production/HF_RUN3_V1/raw/MONASH/hf_MONASH_job050.root
SIGMAB_COUNTS tag=MONASH species=Sigma_b- pdg=5112 slice=eta_1_2 p=7 a=6 file=/data/alice/ipardoza/hadronization_production/HF_RUN3_V1/raw/MONASH/hf_MONASH_job050.root
SIGMAB_COUNTS tag=MONASH species=Sigma_b- pdg=5112 slice=eta_ge_2 p=23 a=9 file=/data/alice/ipardoza/hadronization_production/HF_RUN3_V1/raw/MONASH/hf_MONASH_job050.root
SIGMAB_COUNTS tag=MONASH species=Sigma*_b+ pdg=5224 slice=all p=49 a=49 file=/data/alice/ipardoza/hadronization_production/HF_RUN3_V1/raw/MONASH/hf_MONASH_job050.root
SIGMAB_COUNTS tag=MONASH species=Sigma*_b+ pdg=5224 slice=eta_lt_1 p=6 a=4 file=/data/alice/ipardoza/hadronization_production/HF_RUN3_V1/raw/MONASH/hf_MONASH_job050.root
SIGMAB_COUNTS tag=MONASH species=Sigma*_b+ pdg=5224 slice=eta_1_2 p=5 a=14 file=/data/alice/ipardoza/hadronization_production/HF_RUN3_V1/raw/MONASH/hf_MONASH_job050.root
SIGMAB_COUNTS tag=MONASH species=Sigma*_b+ pdg=5224 slice=eta_ge_2 p=38 a=31 file=/data/alice/ipardoza/hadronization_production/HF_RUN3_V1/raw/MONASH/hf_MONASH_job050.root
SIGMAB_COUNTS tag=MONASH species=Sigma*_b0 pdg=5214 slice=all p=46 a=27 file=/data/alice/ipardoza/hadronization_production/HF_RUN3_V1/raw/MONASH/hf_MONASH_job050.root
SIGMAB_COUNTS tag=MONASH species=Sigma*_b0 pdg=5214 slice=eta_lt_1 p=8 a=5 file=/data/alice/ipardoza/hadronization_production/HF_RUN3_V1/raw/MONASH/hf_MONASH_job050.root
SIGMAB_COUNTS tag=MONASH species=Sigma*_b0 pdg=5214 slice=eta_1_2 p=11 a=4 file=/data/alice/ipardoza/hadronization_production/HF_RUN3_V1/raw/MONASH/hf_MONASH_job050.root
SIGMAB_COUNTS tag=MONASH species=Sigma*_b0 pdg=5214 slice=eta_ge_2 p=27 a=18 file=/data/alice/ipardoza/hadronization_production/HF_RUN3_V1/raw/MONASH/hf_MONASH_job050.root
SIGMAB_COUNTS tag=MONASH species=Sigma*_b- pdg=5114 slice=all p=64 a=39 file=/data/alice/ipardoza/hadronization_production/HF_RUN3_V1/raw/MONASH/hf_MONASH_job050.root
SIGMAB_COUNTS tag=MONASH species=Sigma*_b- pdg=5114 slice=eta_lt_1 p=13 a=8 file=/data/alice/ipardoza/hadronization_production/HF_RUN3_V1/raw/MONASH/hf_MONASH_job050.root
SIGMAB_COUNTS tag=MONASH species=Sigma*_b- pdg=5114 slice=eta_1_2 p=15 a=9 file=/data/alice/ipardoza/hadronization_production/HF_RUN3_V1/raw/MONASH/hf_MONASH_job050.root
SIGMAB_COUNTS tag=MONASH species=Sigma*_b- pdg=5114 slice=eta_ge_2 p=36 a=22 file=/data/alice/ipardoza/hadronization_production/HF_RUN3_V1/raw/MONASH/hf_MONASH_job050.root
SIGMAB_COUNTS tag=MONASH species=Lambda_b0 pdg=5122 slice=all p=312 a=332 file=/data/alice/ipardoza/hadronization_production/HF_RUN3_V1/raw/MONASH/hf_MONASH_job050.root
SIGMAB_COUNTS tag=MONASH species=Lambda_b0 pdg=5122 slice=eta_lt_1 p=46 a=57 file=/data/alice/ipardoza/hadronization_production/HF_RUN3_V1/raw/MONASH/hf_MONASH_job050.root
SIGMAB_COUNTS tag=MONASH species=Lambda_b0 pdg=5122 slice=eta_1_2 p=77 a=70 file=/data/alice/ipardoza/hadronization_production/HF_RUN3_V1/raw/MONASH/hf_MONASH_job050.root
SIGMAB_COUNTS tag=MONASH species=Lambda_b0 pdg=5122 slice=eta_ge_2 p=189 a=205 file=/data/alice/ipardoza/hadronization_production/HF_RUN3_V1/raw/MONASH/hf_MONASH_job050.root
SIGMAB_COUNTS tag=MONASH species=Xi_b0 pdg=5232 slice=all p=68 a=48 file=/data/alice/ipardoza/hadronization_production/HF_RUN3_V1/raw/MONASH/hf_MONASH_job050.root
SIGMAB_COUNTS tag=MONASH species=Xi_b0 pdg=5232 slice=eta_lt_1 p=16 a=11 file=/data/alice/ipardoza/hadronization_production/HF_RUN3_V1/raw/MONASH/hf_MONASH_job050.root
SIGMAB_COUNTS tag=MONASH species=Xi_b0 pdg=5232 slice=eta_1_2 p=8 a=7 file=/data/alice/ipardoza/hadronization_production/HF_RUN3_V1/raw/MONASH/hf_MONASH_job050.root
SIGMAB_COUNTS tag=MONASH species=Xi_b0 pdg=5232 slice=eta_ge_2 p=44 a=30 file=/data/alice/ipardoza/hadronization_production/HF_RUN3_V1/raw/MONASH/hf_MONASH_job050.root
SIGMAB_COUNTS tag=MONASH species=Xi_b- pdg=5132 slice=all p=61 a=54 file=/data/alice/ipardoza/hadronization_production/HF_RUN3_V1/raw/MONASH/hf_MONASH_job050.root
SIGMAB_COUNTS tag=MONASH species=Xi_b- pdg=5132 slice=eta_lt_1 p=10 a=10 file=/data/alice/ipardoza/hadronization_production/HF_RUN3_V1/raw/MONASH/hf_MONASH_job050.root
SIGMAB_COUNTS tag=MONASH species=Xi_b- pdg=5132 slice=eta_1_2 p=11 a=14 file=/data/alice/ipardoza/hadronization_production/HF_RUN3_V1/raw/MONASH/hf_MONASH_job050.root
SIGMAB_COUNTS tag=MONASH species=Xi_b- pdg=5132 slice=eta_ge_2 p=40 a=30 file=/data/alice/ipardoza/hadronization_production/HF_RUN3_V1/raw/MONASH/hf_MONASH_job050.root
SIGMAB_COUNTS tag=MONASH species=Sigma_b+ pdg=5222 slice=all p=43 a=11 file=/data/alice/ipardoza/hadronization_production/HF_RUN3_V1/raw/MONASH/hf_MONASH_job051.root
SIGMAB_COUNTS tag=MONASH species=Sigma_b+ pdg=5222 slice=eta_lt_1 p=6 a=0 file=/data/alice/ipardoza/hadronization_production/HF_RUN3_V1/raw/MONASH/hf_MONASH_job051.root
SIGMAB_COUNTS tag=MONASH species=Sigma_b+ pdg=5222 slice=eta_1_2 p=11 a=5 file=/data/alice/ipardoza/hadronization_production/HF_RUN3_V1/raw/MONASH/hf_MONASH_job051.root
SIGMAB_COUNTS tag=MONASH species=Sigma_b+ pdg=5222 slice=eta_ge_2 p=26 a=6 file=/data/alice/ipardoza/hadronization_production/HF_RUN3_V1/raw/MONASH/hf_MONASH_job051.root
SIGMAB_COUNTS tag=MONASH species=Sigma_b0 pdg=5212 slice=all p=32 a=23 file=/data/alice/ipardoza/hadronization_production/HF_RUN3_V1/raw/MONASH/hf_MONASH_job051.root
SIGMAB_COUNTS tag=MONASH species=Sigma_b0 pdg=5212 slice=eta_lt_1 p=1 a=4 file=/data/alice/ipardoza/hadronization_production/HF_RUN3_V1/raw/MONASH/hf_MONASH_job051.root
SIGMAB_COUNTS tag=MONASH species=Sigma_b0 pdg=5212 slice=eta_1_2 p=7 a=7 file=/data/alice/ipardoza/hadronization_production/HF_RUN3_V1/raw/MONASH/hf_MONASH_job051.root
SIGMAB_COUNTS tag=MONASH species=Sigma_b0 pdg=5212 slice=eta_ge_2 p=24 a=12 file=/data/alice/ipardoza/hadronization_production/HF_RUN3_V1/raw/MONASH/hf_MONASH_job051.root
SIGMAB_COUNTS tag=MONASH species=Sigma_b- pdg=5112 slice=all p=32 a=22 file=/data/alice/ipardoza/hadronization_production/HF_RUN3_V1/raw/MONASH/hf_MONASH_job051.root
SIGMAB_COUNTS tag=MONASH species=Sigma_b- pdg=5112 slice=eta_lt_1 p=5 a=3 file=/data/alice/ipardoza/hadronization_production/HF_RUN3_V1/raw/MONASH/hf_MONASH_job051.root
SIGMAB_COUNTS tag=MONASH species=Sigma_b- pdg=5112 slice=eta_1_2 p=11 a=4 file=/data/alice/ipardoza/hadronization_production/HF_RUN3_V1/raw/MONASH/hf_MONASH_job051.root
SIGMAB_COUNTS tag=MONASH species=Sigma_b- pdg=5112 slice=eta_ge_2 p=16 a=15 file=/data/alice/ipardoza/hadronization_production/HF_RUN3_V1/raw/MONASH/hf_MONASH_job051.root
SIGMAB_COUNTS tag=MONASH species=Sigma*_b+ pdg=5224 slice=all p=45 a=45 file=/data/alice/ipardoza/hadronization_production/HF_RUN3_V1/raw/MONASH/hf_MONASH_job051.root
SIGMAB_COUNTS tag=MONASH species=Sigma*_b+ pdg=5224 slice=eta_lt_1 p=10 a=7 file=/data/alice/ipardoza/hadronization_production/HF_RUN3_V1/raw/MONASH/hf_MONASH_job051.root
SIGMAB_COUNTS tag=MONASH species=Sigma*_b+ pdg=5224 slice=eta_1_2 p=8 a=12 file=/data/alice/ipardoza/hadronization_production/HF_RUN3_V1/raw/MONASH/hf_MONASH_job051.root
SIGMAB_COUNTS tag=MONASH species=Sigma*_b+ pdg=5224 slice=eta_ge_2 p=27 a=26 file=/data/alice/ipardoza/hadronization_production/HF_RUN3_V1/raw/MONASH/hf_MONASH_job051.root
SIGMAB_COUNTS tag=MONASH species=Sigma*_b0 pdg=5214 slice=all p=45 a=36 file=/data/alice/ipardoza/hadronization_production/HF_RUN3_V1/raw/MONASH/hf_MONASH_job051.root
SIGMAB_COUNTS tag=MONASH species=Sigma*_b0 pdg=5214 slice=eta_lt_1 p=6 a=5 file=/data/alice/ipardoza/hadronization_production/HF_RUN3_V1/raw/MONASH/hf_MONASH_job051.root
SIGMAB_COUNTS tag=MONASH species=Sigma*_b0 pdg=5214 slice=eta_1_2 p=9 a=8 file=/data/alice/ipardoza/hadronization_production/HF_RUN3_V1/raw/MONASH/hf_MONASH_job051.root
SIGMAB_COUNTS tag=MONASH species=Sigma*_b0 pdg=5214 slice=eta_ge_2 p=30 a=23 file=/data/alice/ipardoza/hadronization_production/HF_RUN3_V1/raw/MONASH/hf_MONASH_job051.root
SIGMAB_COUNTS tag=MONASH species=Sigma*_b- pdg=5114 slice=all p=44 a=34 file=/data/alice/ipardoza/hadronization_production/HF_RUN3_V1/raw/MONASH/hf_MONASH_job051.root
SIGMAB_COUNTS tag=MONASH species=Sigma*_b- pdg=5114 slice=eta_lt_1 p=7 a=7 file=/data/alice/ipardoza/hadronization_production/HF_RUN3_V1/raw/MONASH/hf_MONASH_job051.root
SIGMAB_COUNTS tag=MONASH species=Sigma*_b- pdg=5114 slice=eta_1_2 p=17 a=6 file=/data/alice/ipardoza/hadronization_production/HF_RUN3_V1/raw/MONASH/hf_MONASH_job051.root
SIGMAB_COUNTS tag=MONASH species=Sigma*_b- pdg=5114 slice=eta_ge_2 p=20 a=21 file=/data/alice/ipardoza/hadronization_production/HF_RUN3_V1/raw/MONASH/hf_MONASH_job051.root
SIGMAB_COUNTS tag=MONASH species=Lambda_b0 pdg=5122 slice=all p=341 a=344 file=/data/alice/ipardoza/hadronization_production/HF_RUN3_V1/raw/MONASH/hf_MONASH_job051.root
SIGMAB_COUNTS tag=MONASH species=Lambda_b0 pdg=5122 slice=eta_lt_1 p=57 a=68 file=/data/alice/ipardoza/hadronization_production/HF_RUN3_V1/raw/MONASH/hf_MONASH_job051.root
SIGMAB_COUNTS tag=MONASH species=Lambda_b0 pdg=5122 slice=eta_1_2 p=71 a=58 file=/data/alice/ipardoza/hadronization_production/HF_RUN3_V1/raw/MONASH/hf_MONASH_job051.root
SIGMAB_COUNTS tag=MONASH species=Lambda_b0 pdg=5122 slice=eta_ge_2 p=213 a=218 file=/data/alice/ipardoza/hadronization_production/HF_RUN3_V1/raw/MONASH/hf_MONASH_job051.root
SIGMAB_COUNTS tag=MONASH species=Xi_b0 pdg=5232 slice=all p=62 a=55 file=/data/alice/ipardoza/hadronization_production/HF_RUN3_V1/raw/MONASH/hf_MONASH_job051.root
SIGMAB_COUNTS tag=MONASH species=Xi_b0 pdg=5232 slice=eta_lt_1 p=12 a=12 file=/data/alice/ipardoza/hadronization_production/HF_RUN3_V1/raw/MONASH/hf_MONASH_job051.root
SIGMAB_COUNTS tag=MONASH species=Xi_b0 pdg=5232 slice=eta_1_2 p=11 a=11 file=/data/alice/ipardoza/hadronization_production/HF_RUN3_V1/raw/MONASH/hf_MONASH_job051.root
SIGMAB_COUNTS tag=MONASH species=Xi_b0 pdg=5232 slice=eta_ge_2 p=39 a=32 file=/data/alice/ipardoza/hadronization_production/HF_RUN3_V1/raw/MONASH/hf_MONASH_job051.root
SIGMAB_COUNTS tag=MONASH species=Xi_b- pdg=5132 slice=all p=54 a=48 file=/data/alice/ipardoza/hadronization_production/HF_RUN3_V1/raw/MONASH/hf_MONASH_job051.root
SIGMAB_COUNTS tag=MONASH species=Xi_b- pdg=5132 slice=eta_lt_1 p=8 a=9 file=/data/alice/ipardoza/hadronization_production/HF_RUN3_V1/raw/MONASH/hf_MONASH_job051.root
SIGMAB_COUNTS tag=MONASH species=Xi_b- pdg=5132 slice=eta_1_2 p=12 a=8 file=/data/alice/ipardoza/hadronization_production/HF_RUN3_V1/raw/MONASH/hf_MONASH_job051.root
SIGMAB_COUNTS tag=MONASH species=Xi_b- pdg=5132 slice=eta_ge_2 p=34 a=31 file=/data/alice/ipardoza/hadronization_production/HF_RUN3_V1/raw/MONASH/hf_MONASH_job051.root
SIGMAB_COUNTS tag=MONASH species=Sigma_b+ pdg=5222 slice=all p=28 a=11 file=/data/alice/ipardoza/hadronization_production/HF_RUN3_V1/raw/MONASH/hf_MONASH_job052.root
SIGMAB_COUNTS tag=MONASH species=Sigma_b+ pdg=5222 slice=eta_lt_1 p=8 a=5 file=/data/alice/ipardoza/hadronization_production/HF_RUN3_V1/raw/MONASH/hf_MONASH_job052.root
SIGMAB_COUNTS tag=MONASH species=Sigma_b+ pdg=5222 slice=eta_1_2 p=2 a=1 file=/data/alice/ipardoza/hadronization_production/HF_RUN3_V1/raw/MONASH/hf_MONASH_job052.root
SIGMAB_COUNTS tag=MONASH species=Sigma_b+ pdg=5222 slice=eta_ge_2 p=18 a=5 file=/data/alice/ipardoza/hadronization_production/HF_RUN3_V1/raw/MONASH/hf_MONASH_job052.root
SIGMAB_COUNTS tag=MONASH species=Sigma_b0 pdg=5212 slice=all p=31 a=19 file=/data/alice/ipardoza/hadronization_production/HF_RUN3_V1/raw/MONASH/hf_MONASH_job052.root
SIGMAB_COUNTS tag=MONASH species=Sigma_b0 pdg=5212 slice=eta_lt_1 p=8 a=4 file=/data/alice/ipardoza/hadronization_production/HF_RUN3_V1/raw/MONASH/hf_MONASH_job052.root
SIGMAB_COUNTS tag=MONASH species=Sigma_b0 pdg=5212 slice=eta_1_2 p=4 a=5 file=/data/alice/ipardoza/hadronization_production/HF_RUN3_V1/raw/MONASH/hf_MONASH_job052.root
SIGMAB_COUNTS tag=MONASH species=Sigma_b0 pdg=5212 slice=eta_ge_2 p=19 a=10 file=/data/alice/ipardoza/hadronization_production/HF_RUN3_V1/raw/MONASH/hf_MONASH_job052.root
SIGMAB_COUNTS tag=MONASH species=Sigma_b- pdg=5112 slice=all p=46 a=22 file=/data/alice/ipardoza/hadronization_production/HF_RUN3_V1/raw/MONASH/hf_MONASH_job052.root
SIGMAB_COUNTS tag=MONASH species=Sigma_b- pdg=5112 slice=eta_lt_1 p=11 a=6 file=/data/alice/ipardoza/hadronization_production/HF_RUN3_V1/raw/MONASH/hf_MONASH_job052.root
SIGMAB_COUNTS tag=MONASH species=Sigma_b- pdg=5112 slice=eta_1_2 p=9 a=4 file=/data/alice/ipardoza/hadronization_production/HF_RUN3_V1/raw/MONASH/hf_MONASH_job052.root
SIGMAB_COUNTS tag=MONASH species=Sigma_b- pdg=5112 slice=eta_ge_2 p=26 a=12 file=/data/alice/ipardoza/hadronization_production/HF_RUN3_V1/raw/MONASH/hf_MONASH_job052.root
SIGMAB_COUNTS tag=MONASH species=Sigma*_b+ pdg=5224 slice=all p=71 a=30 file=/data/alice/ipardoza/hadronization_production/HF_RUN3_V1/raw/MONASH/hf_MONASH_job052.root
SIGMAB_COUNTS tag=MONASH species=Sigma*_b+ pdg=5224 slice=eta_lt_1 p=14 a=7 file=/data/alice/ipardoza/hadronization_production/HF_RUN3_V1/raw/MONASH/hf_MONASH_job052.root
SIGMAB_COUNTS tag=MONASH species=Sigma*_b+ pdg=5224 slice=eta_1_2 p=15 a=6 file=/data/alice/ipardoza/hadronization_production/HF_RUN3_V1/raw/MONASH/hf_MONASH_job052.root
SIGMAB_COUNTS tag=MONASH species=Sigma*_b+ pdg=5224 slice=eta_ge_2 p=42 a=17 file=/data/alice/ipardoza/hadronization_production/HF_RUN3_V1/raw/MONASH/hf_MONASH_job052.root
SIGMAB_COUNTS tag=MONASH species=Sigma*_b0 pdg=5214 slice=all p=60 a=36 file=/data/alice/ipardoza/hadronization_production/HF_RUN3_V1/raw/MONASH/hf_MONASH_job052.root
SIGMAB_COUNTS tag=MONASH species=Sigma*_b0 pdg=5214 slice=eta_lt_1 p=14 a=6 file=/data/alice/ipardoza/hadronization_production/HF_RUN3_V1/raw/MONASH/hf_MONASH_job052.root
SIGMAB_COUNTS tag=MONASH species=Sigma*_b0 pdg=5214 slice=eta_1_2 p=17 a=6 file=/data/alice/ipardoza/hadronization_production/HF_RUN3_V1/raw/MONASH/hf_MONASH_job052.root
SIGMAB_COUNTS tag=MONASH species=Sigma*_b0 pdg=5214 slice=eta_ge_2 p=29 a=24 file=/data/alice/ipardoza/hadronization_production/HF_RUN3_V1/raw/MONASH/hf_MONASH_job052.root
SIGMAB_COUNTS tag=MONASH species=Sigma*_b- pdg=5114 slice=all p=46 a=43 file=/data/alice/ipardoza/hadronization_production/HF_RUN3_V1/raw/MONASH/hf_MONASH_job052.root
SIGMAB_COUNTS tag=MONASH species=Sigma*_b- pdg=5114 slice=eta_lt_1 p=9 a=13 file=/data/alice/ipardoza/hadronization_production/HF_RUN3_V1/raw/MONASH/hf_MONASH_job052.root
SIGMAB_COUNTS tag=MONASH species=Sigma*_b- pdg=5114 slice=eta_1_2 p=15 a=9 file=/data/alice/ipardoza/hadronization_production/HF_RUN3_V1/raw/MONASH/hf_MONASH_job052.root
SIGMAB_COUNTS tag=MONASH species=Sigma*_b- pdg=5114 slice=eta_ge_2 p=22 a=21 file=/data/alice/ipardoza/hadronization_production/HF_RUN3_V1/raw/MONASH/hf_MONASH_job052.root
SIGMAB_COUNTS tag=MONASH species=Lambda_b0 pdg=5122 slice=all p=295 a=285 file=/data/alice/ipardoza/hadronization_production/HF_RUN3_V1/raw/MONASH/hf_MONASH_job052.root
SIGMAB_COUNTS tag=MONASH species=Lambda_b0 pdg=5122 slice=eta_lt_1 p=48 a=54 file=/data/alice/ipardoza/hadronization_production/HF_RUN3_V1/raw/MONASH/hf_MONASH_job052.root
SIGMAB_COUNTS tag=MONASH species=Lambda_b0 pdg=5122 slice=eta_1_2 p=77 a=67 file=/data/alice/ipardoza/hadronization_production/HF_RUN3_V1/raw/MONASH/hf_MONASH_job052.root
SIGMAB_COUNTS tag=MONASH species=Lambda_b0 pdg=5122 slice=eta_ge_2 p=170 a=164 file=/data/alice/ipardoza/hadronization_production/HF_RUN3_V1/raw/MONASH/hf_MONASH_job052.root
SIGMAB_COUNTS tag=MONASH species=Xi_b0 pdg=5232 slice=all p=63 a=56 file=/data/alice/ipardoza/hadronization_production/HF_RUN3_V1/raw/MONASH/hf_MONASH_job052.root
SIGMAB_COUNTS tag=MONASH species=Xi_b0 pdg=5232 slice=eta_lt_1 p=10 a=9 file=/data/alice/ipardoza/hadronization_production/HF_RUN3_V1/raw/MONASH/hf_MONASH_job052.root
SIGMAB_COUNTS tag=MONASH species=Xi_b0 pdg=5232 slice=eta_1_2 p=17 a=13 file=/data/alice/ipardoza/hadronization_production/HF_RUN3_V1/raw/MONASH/hf_MONASH_job052.root
SIGMAB_COUNTS tag=MONASH species=Xi_b0 pdg=5232 slice=eta_ge_2 p=36 a=34 file=/data/alice/ipardoza/hadronization_production/HF_RUN3_V1/raw/MONASH/hf_MONASH_job052.root
SIGMAB_COUNTS tag=MONASH species=Xi_b- pdg=5132 slice=all p=48 a=59 file=/data/alice/ipardoza/hadronization_production/HF_RUN3_V1/raw/MONASH/hf_MONASH_job052.root
SIGMAB_COUNTS tag=MONASH species=Xi_b- pdg=5132 slice=eta_lt_1 p=10 a=13 file=/data/alice/ipardoza/hadronization_production/HF_RUN3_V1/raw/MONASH/hf_MONASH_job052.root
SIGMAB_COUNTS tag=MONASH species=Xi_b- pdg=5132 slice=eta_1_2 p=12 a=10 file=/data/alice/ipardoza/hadronization_production/HF_RUN3_V1/raw/MONASH/hf_MONASH_job052.root
SIGMAB_COUNTS tag=MONASH species=Xi_b- pdg=5132 slice=eta_ge_2 p=26 a=36 file=/data/alice/ipardoza/hadronization_production/HF_RUN3_V1/raw/MONASH/hf_MONASH_job052.root
SIGMAB_COUNTS tag=MONASH species=Sigma_b+ pdg=5222 slice=all p=33 a=24 file=/data/alice/ipardoza/hadronization_production/HF_RUN3_V1/raw/MONASH/hf_MONASH_job053.root
SIGMAB_COUNTS tag=MONASH species=Sigma_b+ pdg=5222 slice=eta_lt_1 p=7 a=4 file=/data/alice/ipardoza/hadronization_production/HF_RUN3_V1/raw/MONASH/hf_MONASH_job053.root
SIGMAB_COUNTS tag=MONASH species=Sigma_b+ pdg=5222 slice=eta_1_2 p=6 a=4 file=/data/alice/ipardoza/hadronization_production/HF_RUN3_V1/raw/MONASH/hf_MONASH_job053.root
SIGMAB_COUNTS tag=MONASH species=Sigma_b+ pdg=5222 slice=eta_ge_2 p=20 a=16 file=/data/alice/ipardoza/hadronization_production/HF_RUN3_V1/raw/MONASH/hf_MONASH_job053.root
SIGMAB_COUNTS tag=MONASH species=Sigma_b0 pdg=5212 slice=all p=38 a=18 file=/data/alice/ipardoza/hadronization_production/HF_RUN3_V1/raw/MONASH/hf_MONASH_job053.root
SIGMAB_COUNTS tag=MONASH species=Sigma_b0 pdg=5212 slice=eta_lt_1 p=3 a=4 file=/data/alice/ipardoza/hadronization_production/HF_RUN3_V1/raw/MONASH/hf_MONASH_job053.root
SIGMAB_COUNTS tag=MONASH species=Sigma_b0 pdg=5212 slice=eta_1_2 p=12 a=4 file=/data/alice/ipardoza/hadronization_production/HF_RUN3_V1/raw/MONASH/hf_MONASH_job053.root
SIGMAB_COUNTS tag=MONASH species=Sigma_b0 pdg=5212 slice=eta_ge_2 p=23 a=10 file=/data/alice/ipardoza/hadronization_production/HF_RUN3_V1/raw/MONASH/hf_MONASH_job053.root
SIGMAB_COUNTS tag=MONASH species=Sigma_b- pdg=5112 slice=all p=27 a=24 file=/data/alice/ipardoza/hadronization_production/HF_RUN3_V1/raw/MONASH/hf_MONASH_job053.root
SIGMAB_COUNTS tag=MONASH species=Sigma_b- pdg=5112 slice=eta_lt_1 p=4 a=4 file=/data/alice/ipardoza/hadronization_production/HF_RUN3_V1/raw/MONASH/hf_MONASH_job053.root
SIGMAB_COUNTS tag=MONASH species=Sigma_b- pdg=5112 slice=eta_1_2 p=2 a=5 file=/data/alice/ipardoza/hadronization_production/HF_RUN3_V1/raw/MONASH/hf_MONASH_job053.root
SIGMAB_COUNTS tag=MONASH species=Sigma_b- pdg=5112 slice=eta_ge_2 p=21 a=15 file=/data/alice/ipardoza/hadronization_production/HF_RUN3_V1/raw/MONASH/hf_MONASH_job053.root
SIGMAB_COUNTS tag=MONASH species=Sigma*_b+ pdg=5224 slice=all p=46 a=39 file=/data/alice/ipardoza/hadronization_production/HF_RUN3_V1/raw/MONASH/hf_MONASH_job053.root
SIGMAB_COUNTS tag=MONASH species=Sigma*_b+ pdg=5224 slice=eta_lt_1 p=7 a=9 file=/data/alice/ipardoza/hadronization_production/HF_RUN3_V1/raw/MONASH/hf_MONASH_job053.root
SIGMAB_COUNTS tag=MONASH species=Sigma*_b+ pdg=5224 slice=eta_1_2 p=15 a=6 file=/data/alice/ipardoza/hadronization_production/HF_RUN3_V1/raw/MONASH/hf_MONASH_job053.root
SIGMAB_COUNTS tag=MONASH species=Sigma*_b+ pdg=5224 slice=eta_ge_2 p=24 a=24 file=/data/alice/ipardoza/hadronization_production/HF_RUN3_V1/raw/MONASH/hf_MONASH_job053.root
SIGMAB_COUNTS tag=MONASH species=Sigma*_b0 pdg=5214 slice=all p=46 a=40 file=/data/alice/ipardoza/hadronization_production/HF_RUN3_V1/raw/MONASH/hf_MONASH_job053.root
SIGMAB_COUNTS tag=MONASH species=Sigma*_b0 pdg=5214 slice=eta_lt_1 p=10 a=7 file=/data/alice/ipardoza/hadronization_production/HF_RUN3_V1/raw/MONASH/hf_MONASH_job053.root
SIGMAB_COUNTS tag=MONASH species=Sigma*_b0 pdg=5214 slice=eta_1_2 p=7 a=10 file=/data/alice/ipardoza/hadronization_production/HF_RUN3_V1/raw/MONASH/hf_MONASH_job053.root
SIGMAB_COUNTS tag=MONASH species=Sigma*_b0 pdg=5214 slice=eta_ge_2 p=29 a=23 file=/data/alice/ipardoza/hadronization_production/HF_RUN3_V1/raw/MONASH/hf_MONASH_job053.root
SIGMAB_COUNTS tag=MONASH species=Sigma*_b- pdg=5114 slice=all p=53 a=48 file=/data/alice/ipardoza/hadronization_production/HF_RUN3_V1/raw/MONASH/hf_MONASH_job053.root
SIGMAB_COUNTS tag=MONASH species=Sigma*_b- pdg=5114 slice=eta_lt_1 p=7 a=10 file=/data/alice/ipardoza/hadronization_production/HF_RUN3_V1/raw/MONASH/hf_MONASH_job053.root
SIGMAB_COUNTS tag=MONASH species=Sigma*_b- pdg=5114 slice=eta_1_2 p=11 a=17 file=/data/alice/ipardoza/hadronization_production/HF_RUN3_V1/raw/MONASH/hf_MONASH_job053.root
SIGMAB_COUNTS tag=MONASH species=Sigma*_b- pdg=5114 slice=eta_ge_2 p=35 a=21 file=/data/alice/ipardoza/hadronization_production/HF_RUN3_V1/raw/MONASH/hf_MONASH_job053.root
SIGMAB_COUNTS tag=MONASH species=Lambda_b0 pdg=5122 slice=all p=338 a=318 file=/data/alice/ipardoza/hadronization_production/HF_RUN3_V1/raw/MONASH/hf_MONASH_job053.root
SIGMAB_COUNTS tag=MONASH species=Lambda_b0 pdg=5122 slice=eta_lt_1 p=57 a=60 file=/data/alice/ipardoza/hadronization_production/HF_RUN3_V1/raw/MONASH/hf_MONASH_job053.root
SIGMAB_COUNTS tag=MONASH species=Lambda_b0 pdg=5122 slice=eta_1_2 p=72 a=67 file=/data/alice/ipardoza/hadronization_production/HF_RUN3_V1/raw/MONASH/hf_MONASH_job053.root
SIGMAB_COUNTS tag=MONASH species=Lambda_b0 pdg=5122 slice=eta_ge_2 p=209 a=191 file=/data/alice/ipardoza/hadronization_production/HF_RUN3_V1/raw/MONASH/hf_MONASH_job053.root
SIGMAB_COUNTS tag=MONASH species=Xi_b0 pdg=5232 slice=all p=66 a=56 file=/data/alice/ipardoza/hadronization_production/HF_RUN3_V1/raw/MONASH/hf_MONASH_job053.root
SIGMAB_COUNTS tag=MONASH species=Xi_b0 pdg=5232 slice=eta_lt_1 p=13 a=8 file=/data/alice/ipardoza/hadronization_production/HF_RUN3_V1/raw/MONASH/hf_MONASH_job053.root
SIGMAB_COUNTS tag=MONASH species=Xi_b0 pdg=5232 slice=eta_1_2 p=13 a=11 file=/data/alice/ipardoza/hadronization_production/HF_RUN3_V1/raw/MONASH/hf_MONASH_job053.root
SIGMAB_COUNTS tag=MONASH species=Xi_b0 pdg=5232 slice=eta_ge_2 p=40 a=37 file=/data/alice/ipardoza/hadronization_production/HF_RUN3_V1/raw/MONASH/hf_MONASH_job053.root
SIGMAB_COUNTS tag=MONASH species=Xi_b- pdg=5132 slice=all p=49 a=63 file=/data/alice/ipardoza/hadronization_production/HF_RUN3_V1/raw/MONASH/hf_MONASH_job053.root
SIGMAB_COUNTS tag=MONASH species=Xi_b- pdg=5132 slice=eta_lt_1 p=5 a=10 file=/data/alice/ipardoza/hadronization_production/HF_RUN3_V1/raw/MONASH/hf_MONASH_job053.root
SIGMAB_COUNTS tag=MONASH species=Xi_b- pdg=5132 slice=eta_1_2 p=16 a=18 file=/data/alice/ipardoza/hadronization_production/HF_RUN3_V1/raw/MONASH/hf_MONASH_job053.root
SIGMAB_COUNTS tag=MONASH species=Xi_b- pdg=5132 slice=eta_ge_2 p=28 a=35 file=/data/alice/ipardoza/hadronization_production/HF_RUN3_V1/raw/MONASH/hf_MONASH_job053.root
SIGMAB_COUNTS tag=MONASH species=Sigma_b+ pdg=5222 slice=all p=28 a=16 file=/data/alice/ipardoza/hadronization_production/HF_RUN3_V1/raw/MONASH/hf_MONASH_job054.root
SIGMAB_COUNTS tag=MONASH species=Sigma_b+ pdg=5222 slice=eta_lt_1 p=4 a=4 file=/data/alice/ipardoza/hadronization_production/HF_RUN3_V1/raw/MONASH/hf_MONASH_job054.root
SIGMAB_COUNTS tag=MONASH species=Sigma_b+ pdg=5222 slice=eta_1_2 p=6 a=1 file=/data/alice/ipardoza/hadronization_production/HF_RUN3_V1/raw/MONASH/hf_MONASH_job054.root
SIGMAB_COUNTS tag=MONASH species=Sigma_b+ pdg=5222 slice=eta_ge_2 p=18 a=11 file=/data/alice/ipardoza/hadronization_production/HF_RUN3_V1/raw/MONASH/hf_MONASH_job054.root
SIGMAB_COUNTS tag=MONASH species=Sigma_b0 pdg=5212 slice=all p=33 a=21 file=/data/alice/ipardoza/hadronization_production/HF_RUN3_V1/raw/MONASH/hf_MONASH_job054.root
SIGMAB_COUNTS tag=MONASH species=Sigma_b0 pdg=5212 slice=eta_lt_1 p=6 a=4 file=/data/alice/ipardoza/hadronization_production/HF_RUN3_V1/raw/MONASH/hf_MONASH_job054.root
SIGMAB_COUNTS tag=MONASH species=Sigma_b0 pdg=5212 slice=eta_1_2 p=3 a=2 file=/data/alice/ipardoza/hadronization_production/HF_RUN3_V1/raw/MONASH/hf_MONASH_job054.root
SIGMAB_COUNTS tag=MONASH species=Sigma_b0 pdg=5212 slice=eta_ge_2 p=24 a=15 file=/data/alice/ipardoza/hadronization_production/HF_RUN3_V1/raw/MONASH/hf_MONASH_job054.root
SIGMAB_COUNTS tag=MONASH species=Sigma_b- pdg=5112 slice=all p=34 a=26 file=/data/alice/ipardoza/hadronization_production/HF_RUN3_V1/raw/MONASH/hf_MONASH_job054.root
SIGMAB_COUNTS tag=MONASH species=Sigma_b- pdg=5112 slice=eta_lt_1 p=5 a=6 file=/data/alice/ipardoza/hadronization_production/HF_RUN3_V1/raw/MONASH/hf_MONASH_job054.root
SIGMAB_COUNTS tag=MONASH species=Sigma_b- pdg=5112 slice=eta_1_2 p=6 a=3 file=/data/alice/ipardoza/hadronization_production/HF_RUN3_V1/raw/MONASH/hf_MONASH_job054.root
SIGMAB_COUNTS tag=MONASH species=Sigma_b- pdg=5112 slice=eta_ge_2 p=23 a=17 file=/data/alice/ipardoza/hadronization_production/HF_RUN3_V1/raw/MONASH/hf_MONASH_job054.root
SIGMAB_COUNTS tag=MONASH species=Sigma*_b+ pdg=5224 slice=all p=63 a=47 file=/data/alice/ipardoza/hadronization_production/HF_RUN3_V1/raw/MONASH/hf_MONASH_job054.root
SIGMAB_COUNTS tag=MONASH species=Sigma*_b+ pdg=5224 slice=eta_lt_1 p=13 a=6 file=/data/alice/ipardoza/hadronization_production/HF_RUN3_V1/raw/MONASH/hf_MONASH_job054.root
SIGMAB_COUNTS tag=MONASH species=Sigma*_b+ pdg=5224 slice=eta_1_2 p=14 a=13 file=/data/alice/ipardoza/hadronization_production/HF_RUN3_V1/raw/MONASH/hf_MONASH_job054.root
SIGMAB_COUNTS tag=MONASH species=Sigma*_b+ pdg=5224 slice=eta_ge_2 p=36 a=28 file=/data/alice/ipardoza/hadronization_production/HF_RUN3_V1/raw/MONASH/hf_MONASH_job054.root
SIGMAB_COUNTS tag=MONASH species=Sigma*_b0 pdg=5214 slice=all p=57 a=40 file=/data/alice/ipardoza/hadronization_production/HF_RUN3_V1/raw/MONASH/hf_MONASH_job054.root
SIGMAB_COUNTS tag=MONASH species=Sigma*_b0 pdg=5214 slice=eta_lt_1 p=12 a=9 file=/data/alice/ipardoza/hadronization_production/HF_RUN3_V1/raw/MONASH/hf_MONASH_job054.root
SIGMAB_COUNTS tag=MONASH species=Sigma*_b0 pdg=5214 slice=eta_1_2 p=13 a=7 file=/data/alice/ipardoza/hadronization_production/HF_RUN3_V1/raw/MONASH/hf_MONASH_job054.root
SIGMAB_COUNTS tag=MONASH species=Sigma*_b0 pdg=5214 slice=eta_ge_2 p=32 a=24 file=/data/alice/ipardoza/hadronization_production/HF_RUN3_V1/raw/MONASH/hf_MONASH_job054.root
SIGMAB_COUNTS tag=MONASH species=Sigma*_b- pdg=5114 slice=all p=41 a=35 file=/data/alice/ipardoza/hadronization_production/HF_RUN3_V1/raw/MONASH/hf_MONASH_job054.root
SIGMAB_COUNTS tag=MONASH species=Sigma*_b- pdg=5114 slice=eta_lt_1 p=7 a=8 file=/data/alice/ipardoza/hadronization_production/HF_RUN3_V1/raw/MONASH/hf_MONASH_job054.root
SIGMAB_COUNTS tag=MONASH species=Sigma*_b- pdg=5114 slice=eta_1_2 p=6 a=12 file=/data/alice/ipardoza/hadronization_production/HF_RUN3_V1/raw/MONASH/hf_MONASH_job054.root
SIGMAB_COUNTS tag=MONASH species=Sigma*_b- pdg=5114 slice=eta_ge_2 p=28 a=15 file=/data/alice/ipardoza/hadronization_production/HF_RUN3_V1/raw/MONASH/hf_MONASH_job054.root
SIGMAB_COUNTS tag=MONASH species=Lambda_b0 pdg=5122 slice=all p=298 a=305 file=/data/alice/ipardoza/hadronization_production/HF_RUN3_V1/raw/MONASH/hf_MONASH_job054.root
SIGMAB_COUNTS tag=MONASH species=Lambda_b0 pdg=5122 slice=eta_lt_1 p=40 a=56 file=/data/alice/ipardoza/hadronization_production/HF_RUN3_V1/raw/MONASH/hf_MONASH_job054.root
SIGMAB_COUNTS tag=MONASH species=Lambda_b0 pdg=5122 slice=eta_1_2 p=78 a=58 file=/data/alice/ipardoza/hadronization_production/HF_RUN3_V1/raw/MONASH/hf_MONASH_job054.root
SIGMAB_COUNTS tag=MONASH species=Lambda_b0 pdg=5122 slice=eta_ge_2 p=180 a=191 file=/data/alice/ipardoza/hadronization_production/HF_RUN3_V1/raw/MONASH/hf_MONASH_job054.root
SIGMAB_COUNTS tag=MONASH species=Xi_b0 pdg=5232 slice=all p=48 a=52 file=/data/alice/ipardoza/hadronization_production/HF_RUN3_V1/raw/MONASH/hf_MONASH_job054.root
SIGMAB_COUNTS tag=MONASH species=Xi_b0 pdg=5232 slice=eta_lt_1 p=9 a=2 file=/data/alice/ipardoza/hadronization_production/HF_RUN3_V1/raw/MONASH/hf_MONASH_job054.root
SIGMAB_COUNTS tag=MONASH species=Xi_b0 pdg=5232 slice=eta_1_2 p=13 a=14 file=/data/alice/ipardoza/hadronization_production/HF_RUN3_V1/raw/MONASH/hf_MONASH_job054.root
SIGMAB_COUNTS tag=MONASH species=Xi_b0 pdg=5232 slice=eta_ge_2 p=26 a=36 file=/data/alice/ipardoza/hadronization_production/HF_RUN3_V1/raw/MONASH/hf_MONASH_job054.root
SIGMAB_COUNTS tag=MONASH species=Xi_b- pdg=5132 slice=all p=55 a=54 file=/data/alice/ipardoza/hadronization_production/HF_RUN3_V1/raw/MONASH/hf_MONASH_job054.root
SIGMAB_COUNTS tag=MONASH species=Xi_b- pdg=5132 slice=eta_lt_1 p=10 a=8 file=/data/alice/ipardoza/hadronization_production/HF_RUN3_V1/raw/MONASH/hf_MONASH_job054.root
SIGMAB_COUNTS tag=MONASH species=Xi_b- pdg=5132 slice=eta_1_2 p=15 a=12 file=/data/alice/ipardoza/hadronization_production/HF_RUN3_V1/raw/MONASH/hf_MONASH_job054.root
SIGMAB_COUNTS tag=MONASH species=Xi_b- pdg=5132 slice=eta_ge_2 p=30 a=34 file=/data/alice/ipardoza/hadronization_production/HF_RUN3_V1/raw/MONASH/hf_MONASH_job054.root
SIGMAB_COUNTS tag=MONASH species=Sigma_b+ pdg=5222 slice=all p=47 a=20 file=/data/alice/ipardoza/hadronization_production/HF_RUN3_V1/raw/MONASH/hf_MONASH_job055.root
SIGMAB_COUNTS tag=MONASH species=Sigma_b+ pdg=5222 slice=eta_lt_1 p=9 a=5 file=/data/alice/ipardoza/hadronization_production/HF_RUN3_V1/raw/MONASH/hf_MONASH_job055.root
SIGMAB_COUNTS tag=MONASH species=Sigma_b+ pdg=5222 slice=eta_1_2 p=7 a=2 file=/data/alice/ipardoza/hadronization_production/HF_RUN3_V1/raw/MONASH/hf_MONASH_job055.root
SIGMAB_COUNTS tag=MONASH species=Sigma_b+ pdg=5222 slice=eta_ge_2 p=31 a=13 file=/data/alice/ipardoza/hadronization_production/HF_RUN3_V1/raw/MONASH/hf_MONASH_job055.root
SIGMAB_COUNTS tag=MONASH species=Sigma_b0 pdg=5212 slice=all p=29 a=19 file=/data/alice/ipardoza/hadronization_production/HF_RUN3_V1/raw/MONASH/hf_MONASH_job055.root
SIGMAB_COUNTS tag=MONASH species=Sigma_b0 pdg=5212 slice=eta_lt_1 p=2 a=4 file=/data/alice/ipardoza/hadronization_production/HF_RUN3_V1/raw/MONASH/hf_MONASH_job055.root
SIGMAB_COUNTS tag=MONASH species=Sigma_b0 pdg=5212 slice=eta_1_2 p=5 a=3 file=/data/alice/ipardoza/hadronization_production/HF_RUN3_V1/raw/MONASH/hf_MONASH_job055.root
SIGMAB_COUNTS tag=MONASH species=Sigma_b0 pdg=5212 slice=eta_ge_2 p=22 a=12 file=/data/alice/ipardoza/hadronization_production/HF_RUN3_V1/raw/MONASH/hf_MONASH_job055.root
SIGMAB_COUNTS tag=MONASH species=Sigma_b- pdg=5112 slice=all p=33 a=18 file=/data/alice/ipardoza/hadronization_production/HF_RUN3_V1/raw/MONASH/hf_MONASH_job055.root
SIGMAB_COUNTS tag=MONASH species=Sigma_b- pdg=5112 slice=eta_lt_1 p=5 a=1 file=/data/alice/ipardoza/hadronization_production/HF_RUN3_V1/raw/MONASH/hf_MONASH_job055.root
SIGMAB_COUNTS tag=MONASH species=Sigma_b- pdg=5112 slice=eta_1_2 p=9 a=9 file=/data/alice/ipardoza/hadronization_production/HF_RUN3_V1/raw/MONASH/hf_MONASH_job055.root
SIGMAB_COUNTS tag=MONASH species=Sigma_b- pdg=5112 slice=eta_ge_2 p=19 a=8 file=/data/alice/ipardoza/hadronization_production/HF_RUN3_V1/raw/MONASH/hf_MONASH_job055.root
SIGMAB_COUNTS tag=MONASH species=Sigma*_b+ pdg=5224 slice=all p=31 a=37 file=/data/alice/ipardoza/hadronization_production/HF_RUN3_V1/raw/MONASH/hf_MONASH_job055.root
SIGMAB_COUNTS tag=MONASH species=Sigma*_b+ pdg=5224 slice=eta_lt_1 p=7 a=2 file=/data/alice/ipardoza/hadronization_production/HF_RUN3_V1/raw/MONASH/hf_MONASH_job055.root
SIGMAB_COUNTS tag=MONASH species=Sigma*_b+ pdg=5224 slice=eta_1_2 p=7 a=11 file=/data/alice/ipardoza/hadronization_production/HF_RUN3_V1/raw/MONASH/hf_MONASH_job055.root
SIGMAB_COUNTS tag=MONASH species=Sigma*_b+ pdg=5224 slice=eta_ge_2 p=17 a=24 file=/data/alice/ipardoza/hadronization_production/HF_RUN3_V1/raw/MONASH/hf_MONASH_job055.root
SIGMAB_COUNTS tag=MONASH species=Sigma*_b0 pdg=5214 slice=all p=47 a=34 file=/data/alice/ipardoza/hadronization_production/HF_RUN3_V1/raw/MONASH/hf_MONASH_job055.root
SIGMAB_COUNTS tag=MONASH species=Sigma*_b0 pdg=5214 slice=eta_lt_1 p=6 a=5 file=/data/alice/ipardoza/hadronization_production/HF_RUN3_V1/raw/MONASH/hf_MONASH_job055.root
SIGMAB_COUNTS tag=MONASH species=Sigma*_b0 pdg=5214 slice=eta_1_2 p=10 a=8 file=/data/alice/ipardoza/hadronization_production/HF_RUN3_V1/raw/MONASH/hf_MONASH_job055.root
SIGMAB_COUNTS tag=MONASH species=Sigma*_b0 pdg=5214 slice=eta_ge_2 p=31 a=21 file=/data/alice/ipardoza/hadronization_production/HF_RUN3_V1/raw/MONASH/hf_MONASH_job055.root
SIGMAB_COUNTS tag=MONASH species=Sigma*_b- pdg=5114 slice=all p=39 a=40 file=/data/alice/ipardoza/hadronization_production/HF_RUN3_V1/raw/MONASH/hf_MONASH_job055.root
SIGMAB_COUNTS tag=MONASH species=Sigma*_b- pdg=5114 slice=eta_lt_1 p=6 a=8 file=/data/alice/ipardoza/hadronization_production/HF_RUN3_V1/raw/MONASH/hf_MONASH_job055.root
SIGMAB_COUNTS tag=MONASH species=Sigma*_b- pdg=5114 slice=eta_1_2 p=8 a=11 file=/data/alice/ipardoza/hadronization_production/HF_RUN3_V1/raw/MONASH/hf_MONASH_job055.root
SIGMAB_COUNTS tag=MONASH species=Sigma*_b- pdg=5114 slice=eta_ge_2 p=25 a=21 file=/data/alice/ipardoza/hadronization_production/HF_RUN3_V1/raw/MONASH/hf_MONASH_job055.root
SIGMAB_COUNTS tag=MONASH species=Lambda_b0 pdg=5122 slice=all p=321 a=307 file=/data/alice/ipardoza/hadronization_production/HF_RUN3_V1/raw/MONASH/hf_MONASH_job055.root
SIGMAB_COUNTS tag=MONASH species=Lambda_b0 pdg=5122 slice=eta_lt_1 p=52 a=55 file=/data/alice/ipardoza/hadronization_production/HF_RUN3_V1/raw/MONASH/hf_MONASH_job055.root
SIGMAB_COUNTS tag=MONASH species=Lambda_b0 pdg=5122 slice=eta_1_2 p=75 a=75 file=/data/alice/ipardoza/hadronization_production/HF_RUN3_V1/raw/MONASH/hf_MONASH_job055.root
SIGMAB_COUNTS tag=MONASH species=Lambda_b0 pdg=5122 slice=eta_ge_2 p=194 a=177 file=/data/alice/ipardoza/hadronization_production/HF_RUN3_V1/raw/MONASH/hf_MONASH_job055.root
SIGMAB_COUNTS tag=MONASH species=Xi_b0 pdg=5232 slice=all p=80 a=57 file=/data/alice/ipardoza/hadronization_production/HF_RUN3_V1/raw/MONASH/hf_MONASH_job055.root
SIGMAB_COUNTS tag=MONASH species=Xi_b0 pdg=5232 slice=eta_lt_1 p=28 a=9 file=/data/alice/ipardoza/hadronization_production/HF_RUN3_V1/raw/MONASH/hf_MONASH_job055.root
SIGMAB_COUNTS tag=MONASH species=Xi_b0 pdg=5232 slice=eta_1_2 p=18 a=15 file=/data/alice/ipardoza/hadronization_production/HF_RUN3_V1/raw/MONASH/hf_MONASH_job055.root
SIGMAB_COUNTS tag=MONASH species=Xi_b0 pdg=5232 slice=eta_ge_2 p=34 a=33 file=/data/alice/ipardoza/hadronization_production/HF_RUN3_V1/raw/MONASH/hf_MONASH_job055.root
SIGMAB_COUNTS tag=MONASH species=Xi_b- pdg=5132 slice=all p=55 a=49 file=/data/alice/ipardoza/hadronization_production/HF_RUN3_V1/raw/MONASH/hf_MONASH_job055.root
SIGMAB_COUNTS tag=MONASH species=Xi_b- pdg=5132 slice=eta_lt_1 p=9 a=6 file=/data/alice/ipardoza/hadronization_production/HF_RUN3_V1/raw/MONASH/hf_MONASH_job055.root
SIGMAB_COUNTS tag=MONASH species=Xi_b- pdg=5132 slice=eta_1_2 p=14 a=16 file=/data/alice/ipardoza/hadronization_production/HF_RUN3_V1/raw/MONASH/hf_MONASH_job055.root
SIGMAB_COUNTS tag=MONASH species=Xi_b- pdg=5132 slice=eta_ge_2 p=32 a=27 file=/data/alice/ipardoza/hadronization_production/HF_RUN3_V1/raw/MONASH/hf_MONASH_job055.root
SIGMAB_COUNTS tag=MONASH species=Sigma_b+ pdg=5222 slice=all p=33 a=19 file=/data/alice/ipardoza/hadronization_production/HF_RUN3_V1/raw/MONASH/hf_MONASH_job056.root
SIGMAB_COUNTS tag=MONASH species=Sigma_b+ pdg=5222 slice=eta_lt_1 p=6 a=2 file=/data/alice/ipardoza/hadronization_production/HF_RUN3_V1/raw/MONASH/hf_MONASH_job056.root
SIGMAB_COUNTS tag=MONASH species=Sigma_b+ pdg=5222 slice=eta_1_2 p=5 a=8 file=/data/alice/ipardoza/hadronization_production/HF_RUN3_V1/raw/MONASH/hf_MONASH_job056.root
SIGMAB_COUNTS tag=MONASH species=Sigma_b+ pdg=5222 slice=eta_ge_2 p=22 a=9 file=/data/alice/ipardoza/hadronization_production/HF_RUN3_V1/raw/MONASH/hf_MONASH_job056.root
SIGMAB_COUNTS tag=MONASH species=Sigma_b0 pdg=5212 slice=all p=21 a=21 file=/data/alice/ipardoza/hadronization_production/HF_RUN3_V1/raw/MONASH/hf_MONASH_job056.root
SIGMAB_COUNTS tag=MONASH species=Sigma_b0 pdg=5212 slice=eta_lt_1 p=2 a=2 file=/data/alice/ipardoza/hadronization_production/HF_RUN3_V1/raw/MONASH/hf_MONASH_job056.root
SIGMAB_COUNTS tag=MONASH species=Sigma_b0 pdg=5212 slice=eta_1_2 p=6 a=7 file=/data/alice/ipardoza/hadronization_production/HF_RUN3_V1/raw/MONASH/hf_MONASH_job056.root
SIGMAB_COUNTS tag=MONASH species=Sigma_b0 pdg=5212 slice=eta_ge_2 p=13 a=12 file=/data/alice/ipardoza/hadronization_production/HF_RUN3_V1/raw/MONASH/hf_MONASH_job056.root
SIGMAB_COUNTS tag=MONASH species=Sigma_b- pdg=5112 slice=all p=32 a=23 file=/data/alice/ipardoza/hadronization_production/HF_RUN3_V1/raw/MONASH/hf_MONASH_job056.root
SIGMAB_COUNTS tag=MONASH species=Sigma_b- pdg=5112 slice=eta_lt_1 p=2 a=3 file=/data/alice/ipardoza/hadronization_production/HF_RUN3_V1/raw/MONASH/hf_MONASH_job056.root
SIGMAB_COUNTS tag=MONASH species=Sigma_b- pdg=5112 slice=eta_1_2 p=2 a=6 file=/data/alice/ipardoza/hadronization_production/HF_RUN3_V1/raw/MONASH/hf_MONASH_job056.root
SIGMAB_COUNTS tag=MONASH species=Sigma_b- pdg=5112 slice=eta_ge_2 p=28 a=14 file=/data/alice/ipardoza/hadronization_production/HF_RUN3_V1/raw/MONASH/hf_MONASH_job056.root
SIGMAB_COUNTS tag=MONASH species=Sigma*_b+ pdg=5224 slice=all p=41 a=42 file=/data/alice/ipardoza/hadronization_production/HF_RUN3_V1/raw/MONASH/hf_MONASH_job056.root
SIGMAB_COUNTS tag=MONASH species=Sigma*_b+ pdg=5224 slice=eta_lt_1 p=8 a=9 file=/data/alice/ipardoza/hadronization_production/HF_RUN3_V1/raw/MONASH/hf_MONASH_job056.root
SIGMAB_COUNTS tag=MONASH species=Sigma*_b+ pdg=5224 slice=eta_1_2 p=7 a=4 file=/data/alice/ipardoza/hadronization_production/HF_RUN3_V1/raw/MONASH/hf_MONASH_job056.root
SIGMAB_COUNTS tag=MONASH species=Sigma*_b+ pdg=5224 slice=eta_ge_2 p=26 a=29 file=/data/alice/ipardoza/hadronization_production/HF_RUN3_V1/raw/MONASH/hf_MONASH_job056.root
SIGMAB_COUNTS tag=MONASH species=Sigma*_b0 pdg=5214 slice=all p=36 a=53 file=/data/alice/ipardoza/hadronization_production/HF_RUN3_V1/raw/MONASH/hf_MONASH_job056.root
SIGMAB_COUNTS tag=MONASH species=Sigma*_b0 pdg=5214 slice=eta_lt_1 p=6 a=7 file=/data/alice/ipardoza/hadronization_production/HF_RUN3_V1/raw/MONASH/hf_MONASH_job056.root
SIGMAB_COUNTS tag=MONASH species=Sigma*_b0 pdg=5214 slice=eta_1_2 p=10 a=11 file=/data/alice/ipardoza/hadronization_production/HF_RUN3_V1/raw/MONASH/hf_MONASH_job056.root
SIGMAB_COUNTS tag=MONASH species=Sigma*_b0 pdg=5214 slice=eta_ge_2 p=20 a=35 file=/data/alice/ipardoza/hadronization_production/HF_RUN3_V1/raw/MONASH/hf_MONASH_job056.root
SIGMAB_COUNTS tag=MONASH species=Sigma*_b- pdg=5114 slice=all p=53 a=44 file=/data/alice/ipardoza/hadronization_production/HF_RUN3_V1/raw/MONASH/hf_MONASH_job056.root
SIGMAB_COUNTS tag=MONASH species=Sigma*_b- pdg=5114 slice=eta_lt_1 p=9 a=6 file=/data/alice/ipardoza/hadronization_production/HF_RUN3_V1/raw/MONASH/hf_MONASH_job056.root
SIGMAB_COUNTS tag=MONASH species=Sigma*_b- pdg=5114 slice=eta_1_2 p=7 a=9 file=/data/alice/ipardoza/hadronization_production/HF_RUN3_V1/raw/MONASH/hf_MONASH_job056.root
SIGMAB_COUNTS tag=MONASH species=Sigma*_b- pdg=5114 slice=eta_ge_2 p=37 a=29 file=/data/alice/ipardoza/hadronization_production/HF_RUN3_V1/raw/MONASH/hf_MONASH_job056.root
SIGMAB_COUNTS tag=MONASH species=Lambda_b0 pdg=5122 slice=all p=332 a=295 file=/data/alice/ipardoza/hadronization_production/HF_RUN3_V1/raw/MONASH/hf_MONASH_job056.root
SIGMAB_COUNTS tag=MONASH species=Lambda_b0 pdg=5122 slice=eta_lt_1 p=57 a=73 file=/data/alice/ipardoza/hadronization_production/HF_RUN3_V1/raw/MONASH/hf_MONASH_job056.root
SIGMAB_COUNTS tag=MONASH species=Lambda_b0 pdg=5122 slice=eta_1_2 p=68 a=57 file=/data/alice/ipardoza/hadronization_production/HF_RUN3_V1/raw/MONASH/hf_MONASH_job056.root
SIGMAB_COUNTS tag=MONASH species=Lambda_b0 pdg=5122 slice=eta_ge_2 p=207 a=165 file=/data/alice/ipardoza/hadronization_production/HF_RUN3_V1/raw/MONASH/hf_MONASH_job056.root
SIGMAB_COUNTS tag=MONASH species=Xi_b0 pdg=5232 slice=all p=61 a=66 file=/data/alice/ipardoza/hadronization_production/HF_RUN3_V1/raw/MONASH/hf_MONASH_job056.root
SIGMAB_COUNTS tag=MONASH species=Xi_b0 pdg=5232 slice=eta_lt_1 p=15 a=11 file=/data/alice/ipardoza/hadronization_production/HF_RUN3_V1/raw/MONASH/hf_MONASH_job056.root
SIGMAB_COUNTS tag=MONASH species=Xi_b0 pdg=5232 slice=eta_1_2 p=11 a=15 file=/data/alice/ipardoza/hadronization_production/HF_RUN3_V1/raw/MONASH/hf_MONASH_job056.root
SIGMAB_COUNTS tag=MONASH species=Xi_b0 pdg=5232 slice=eta_ge_2 p=35 a=40 file=/data/alice/ipardoza/hadronization_production/HF_RUN3_V1/raw/MONASH/hf_MONASH_job056.root
SIGMAB_COUNTS tag=MONASH species=Xi_b- pdg=5132 slice=all p=66 a=47 file=/data/alice/ipardoza/hadronization_production/HF_RUN3_V1/raw/MONASH/hf_MONASH_job056.root
SIGMAB_COUNTS tag=MONASH species=Xi_b- pdg=5132 slice=eta_lt_1 p=8 a=6 file=/data/alice/ipardoza/hadronization_production/HF_RUN3_V1/raw/MONASH/hf_MONASH_job056.root
SIGMAB_COUNTS tag=MONASH species=Xi_b- pdg=5132 slice=eta_1_2 p=16 a=8 file=/data/alice/ipardoza/hadronization_production/HF_RUN3_V1/raw/MONASH/hf_MONASH_job056.root
SIGMAB_COUNTS tag=MONASH species=Xi_b- pdg=5132 slice=eta_ge_2 p=42 a=33 file=/data/alice/ipardoza/hadronization_production/HF_RUN3_V1/raw/MONASH/hf_MONASH_job056.root
SIGMAB_COUNTS tag=MONASH species=Sigma_b+ pdg=5222 slice=all p=30 a=17 file=/data/alice/ipardoza/hadronization_production/HF_RUN3_V1/raw/MONASH/hf_MONASH_job057.root
SIGMAB_COUNTS tag=MONASH species=Sigma_b+ pdg=5222 slice=eta_lt_1 p=4 a=5 file=/data/alice/ipardoza/hadronization_production/HF_RUN3_V1/raw/MONASH/hf_MONASH_job057.root
SIGMAB_COUNTS tag=MONASH species=Sigma_b+ pdg=5222 slice=eta_1_2 p=4 a=2 file=/data/alice/ipardoza/hadronization_production/HF_RUN3_V1/raw/MONASH/hf_MONASH_job057.root
SIGMAB_COUNTS tag=MONASH species=Sigma_b+ pdg=5222 slice=eta_ge_2 p=22 a=10 file=/data/alice/ipardoza/hadronization_production/HF_RUN3_V1/raw/MONASH/hf_MONASH_job057.root
SIGMAB_COUNTS tag=MONASH species=Sigma_b0 pdg=5212 slice=all p=36 a=20 file=/data/alice/ipardoza/hadronization_production/HF_RUN3_V1/raw/MONASH/hf_MONASH_job057.root
SIGMAB_COUNTS tag=MONASH species=Sigma_b0 pdg=5212 slice=eta_lt_1 p=7 a=6 file=/data/alice/ipardoza/hadronization_production/HF_RUN3_V1/raw/MONASH/hf_MONASH_job057.root
SIGMAB_COUNTS tag=MONASH species=Sigma_b0 pdg=5212 slice=eta_1_2 p=5 a=2 file=/data/alice/ipardoza/hadronization_production/HF_RUN3_V1/raw/MONASH/hf_MONASH_job057.root
SIGMAB_COUNTS tag=MONASH species=Sigma_b0 pdg=5212 slice=eta_ge_2 p=24 a=12 file=/data/alice/ipardoza/hadronization_production/HF_RUN3_V1/raw/MONASH/hf_MONASH_job057.root
SIGMAB_COUNTS tag=MONASH species=Sigma_b- pdg=5112 slice=all p=46 a=23 file=/data/alice/ipardoza/hadronization_production/HF_RUN3_V1/raw/MONASH/hf_MONASH_job057.root
SIGMAB_COUNTS tag=MONASH species=Sigma_b- pdg=5112 slice=eta_lt_1 p=7 a=5 file=/data/alice/ipardoza/hadronization_production/HF_RUN3_V1/raw/MONASH/hf_MONASH_job057.root
SIGMAB_COUNTS tag=MONASH species=Sigma_b- pdg=5112 slice=eta_1_2 p=7 a=4 file=/data/alice/ipardoza/hadronization_production/HF_RUN3_V1/raw/MONASH/hf_MONASH_job057.root
SIGMAB_COUNTS tag=MONASH species=Sigma_b- pdg=5112 slice=eta_ge_2 p=32 a=14 file=/data/alice/ipardoza/hadronization_production/HF_RUN3_V1/raw/MONASH/hf_MONASH_job057.root
SIGMAB_COUNTS tag=MONASH species=Sigma*_b+ pdg=5224 slice=all p=50 a=32 file=/data/alice/ipardoza/hadronization_production/HF_RUN3_V1/raw/MONASH/hf_MONASH_job057.root
SIGMAB_COUNTS tag=MONASH species=Sigma*_b+ pdg=5224 slice=eta_lt_1 p=7 a=11 file=/data/alice/ipardoza/hadronization_production/HF_RUN3_V1/raw/MONASH/hf_MONASH_job057.root
SIGMAB_COUNTS tag=MONASH species=Sigma*_b+ pdg=5224 slice=eta_1_2 p=12 a=3 file=/data/alice/ipardoza/hadronization_production/HF_RUN3_V1/raw/MONASH/hf_MONASH_job057.root
SIGMAB_COUNTS tag=MONASH species=Sigma*_b+ pdg=5224 slice=eta_ge_2 p=31 a=18 file=/data/alice/ipardoza/hadronization_production/HF_RUN3_V1/raw/MONASH/hf_MONASH_job057.root
SIGMAB_COUNTS tag=MONASH species=Sigma*_b0 pdg=5214 slice=all p=45 a=43 file=/data/alice/ipardoza/hadronization_production/HF_RUN3_V1/raw/MONASH/hf_MONASH_job057.root
SIGMAB_COUNTS tag=MONASH species=Sigma*_b0 pdg=5214 slice=eta_lt_1 p=4 a=9 file=/data/alice/ipardoza/hadronization_production/HF_RUN3_V1/raw/MONASH/hf_MONASH_job057.root
SIGMAB_COUNTS tag=MONASH species=Sigma*_b0 pdg=5214 slice=eta_1_2 p=9 a=7 file=/data/alice/ipardoza/hadronization_production/HF_RUN3_V1/raw/MONASH/hf_MONASH_job057.root
SIGMAB_COUNTS tag=MONASH species=Sigma*_b0 pdg=5214 slice=eta_ge_2 p=32 a=27 file=/data/alice/ipardoza/hadronization_production/HF_RUN3_V1/raw/MONASH/hf_MONASH_job057.root
SIGMAB_COUNTS tag=MONASH species=Sigma*_b- pdg=5114 slice=all p=52 a=30 file=/data/alice/ipardoza/hadronization_production/HF_RUN3_V1/raw/MONASH/hf_MONASH_job057.root
SIGMAB_COUNTS tag=MONASH species=Sigma*_b- pdg=5114 slice=eta_lt_1 p=6 a=8 file=/data/alice/ipardoza/hadronization_production/HF_RUN3_V1/raw/MONASH/hf_MONASH_job057.root
SIGMAB_COUNTS tag=MONASH species=Sigma*_b- pdg=5114 slice=eta_1_2 p=17 a=7 file=/data/alice/ipardoza/hadronization_production/HF_RUN3_V1/raw/MONASH/hf_MONASH_job057.root
SIGMAB_COUNTS tag=MONASH species=Sigma*_b- pdg=5114 slice=eta_ge_2 p=29 a=15 file=/data/alice/ipardoza/hadronization_production/HF_RUN3_V1/raw/MONASH/hf_MONASH_job057.root
SIGMAB_COUNTS tag=MONASH species=Lambda_b0 pdg=5122 slice=all p=335 a=302 file=/data/alice/ipardoza/hadronization_production/HF_RUN3_V1/raw/MONASH/hf_MONASH_job057.root
SIGMAB_COUNTS tag=MONASH species=Lambda_b0 pdg=5122 slice=eta_lt_1 p=64 a=38 file=/data/alice/ipardoza/hadronization_production/HF_RUN3_V1/raw/MONASH/hf_MONASH_job057.root
SIGMAB_COUNTS tag=MONASH species=Lambda_b0 pdg=5122 slice=eta_1_2 p=75 a=73 file=/data/alice/ipardoza/hadronization_production/HF_RUN3_V1/raw/MONASH/hf_MONASH_job057.root
SIGMAB_COUNTS tag=MONASH species=Lambda_b0 pdg=5122 slice=eta_ge_2 p=196 a=191 file=/data/alice/ipardoza/hadronization_production/HF_RUN3_V1/raw/MONASH/hf_MONASH_job057.root
SIGMAB_COUNTS tag=MONASH species=Xi_b0 pdg=5232 slice=all p=84 a=41 file=/data/alice/ipardoza/hadronization_production/HF_RUN3_V1/raw/MONASH/hf_MONASH_job057.root
SIGMAB_COUNTS tag=MONASH species=Xi_b0 pdg=5232 slice=eta_lt_1 p=14 a=5 file=/data/alice/ipardoza/hadronization_production/HF_RUN3_V1/raw/MONASH/hf_MONASH_job057.root
SIGMAB_COUNTS tag=MONASH species=Xi_b0 pdg=5232 slice=eta_1_2 p=14 a=11 file=/data/alice/ipardoza/hadronization_production/HF_RUN3_V1/raw/MONASH/hf_MONASH_job057.root
SIGMAB_COUNTS tag=MONASH species=Xi_b0 pdg=5232 slice=eta_ge_2 p=56 a=25 file=/data/alice/ipardoza/hadronization_production/HF_RUN3_V1/raw/MONASH/hf_MONASH_job057.root
SIGMAB_COUNTS tag=MONASH species=Xi_b- pdg=5132 slice=all p=63 a=55 file=/data/alice/ipardoza/hadronization_production/HF_RUN3_V1/raw/MONASH/hf_MONASH_job057.root
SIGMAB_COUNTS tag=MONASH species=Xi_b- pdg=5132 slice=eta_lt_1 p=4 a=16 file=/data/alice/ipardoza/hadronization_production/HF_RUN3_V1/raw/MONASH/hf_MONASH_job057.root
SIGMAB_COUNTS tag=MONASH species=Xi_b- pdg=5132 slice=eta_1_2 p=15 a=13 file=/data/alice/ipardoza/hadronization_production/HF_RUN3_V1/raw/MONASH/hf_MONASH_job057.root
SIGMAB_COUNTS tag=MONASH species=Xi_b- pdg=5132 slice=eta_ge_2 p=44 a=26 file=/data/alice/ipardoza/hadronization_production/HF_RUN3_V1/raw/MONASH/hf_MONASH_job057.root
SIGMAB_COUNTS tag=MONASH species=Sigma_b+ pdg=5222 slice=all p=30 a=25 file=/data/alice/ipardoza/hadronization_production/HF_RUN3_V1/raw/MONASH/hf_MONASH_job058.root
SIGMAB_COUNTS tag=MONASH species=Sigma_b+ pdg=5222 slice=eta_lt_1 p=8 a=4 file=/data/alice/ipardoza/hadronization_production/HF_RUN3_V1/raw/MONASH/hf_MONASH_job058.root
SIGMAB_COUNTS tag=MONASH species=Sigma_b+ pdg=5222 slice=eta_1_2 p=6 a=10 file=/data/alice/ipardoza/hadronization_production/HF_RUN3_V1/raw/MONASH/hf_MONASH_job058.root
SIGMAB_COUNTS tag=MONASH species=Sigma_b+ pdg=5222 slice=eta_ge_2 p=16 a=11 file=/data/alice/ipardoza/hadronization_production/HF_RUN3_V1/raw/MONASH/hf_MONASH_job058.root
SIGMAB_COUNTS tag=MONASH species=Sigma_b0 pdg=5212 slice=all p=37 a=20 file=/data/alice/ipardoza/hadronization_production/HF_RUN3_V1/raw/MONASH/hf_MONASH_job058.root
SIGMAB_COUNTS tag=MONASH species=Sigma_b0 pdg=5212 slice=eta_lt_1 p=2 a=5 file=/data/alice/ipardoza/hadronization_production/HF_RUN3_V1/raw/MONASH/hf_MONASH_job058.root
SIGMAB_COUNTS tag=MONASH species=Sigma_b0 pdg=5212 slice=eta_1_2 p=11 a=9 file=/data/alice/ipardoza/hadronization_production/HF_RUN3_V1/raw/MONASH/hf_MONASH_job058.root
SIGMAB_COUNTS tag=MONASH species=Sigma_b0 pdg=5212 slice=eta_ge_2 p=24 a=6 file=/data/alice/ipardoza/hadronization_production/HF_RUN3_V1/raw/MONASH/hf_MONASH_job058.root
SIGMAB_COUNTS tag=MONASH species=Sigma_b- pdg=5112 slice=all p=38 a=12 file=/data/alice/ipardoza/hadronization_production/HF_RUN3_V1/raw/MONASH/hf_MONASH_job058.root
SIGMAB_COUNTS tag=MONASH species=Sigma_b- pdg=5112 slice=eta_lt_1 p=3 a=3 file=/data/alice/ipardoza/hadronization_production/HF_RUN3_V1/raw/MONASH/hf_MONASH_job058.root
SIGMAB_COUNTS tag=MONASH species=Sigma_b- pdg=5112 slice=eta_1_2 p=5 a=2 file=/data/alice/ipardoza/hadronization_production/HF_RUN3_V1/raw/MONASH/hf_MONASH_job058.root
SIGMAB_COUNTS tag=MONASH species=Sigma_b- pdg=5112 slice=eta_ge_2 p=30 a=7 file=/data/alice/ipardoza/hadronization_production/HF_RUN3_V1/raw/MONASH/hf_MONASH_job058.root
SIGMAB_COUNTS tag=MONASH species=Sigma*_b+ pdg=5224 slice=all p=48 a=34 file=/data/alice/ipardoza/hadronization_production/HF_RUN3_V1/raw/MONASH/hf_MONASH_job058.root
SIGMAB_COUNTS tag=MONASH species=Sigma*_b+ pdg=5224 slice=eta_lt_1 p=4 a=7 file=/data/alice/ipardoza/hadronization_production/HF_RUN3_V1/raw/MONASH/hf_MONASH_job058.root
SIGMAB_COUNTS tag=MONASH species=Sigma*_b+ pdg=5224 slice=eta_1_2 p=11 a=4 file=/data/alice/ipardoza/hadronization_production/HF_RUN3_V1/raw/MONASH/hf_MONASH_job058.root
SIGMAB_COUNTS tag=MONASH species=Sigma*_b+ pdg=5224 slice=eta_ge_2 p=33 a=23 file=/data/alice/ipardoza/hadronization_production/HF_RUN3_V1/raw/MONASH/hf_MONASH_job058.root
SIGMAB_COUNTS tag=MONASH species=Sigma*_b0 pdg=5214 slice=all p=35 a=39 file=/data/alice/ipardoza/hadronization_production/HF_RUN3_V1/raw/MONASH/hf_MONASH_job058.root
SIGMAB_COUNTS tag=MONASH species=Sigma*_b0 pdg=5214 slice=eta_lt_1 p=6 a=6 file=/data/alice/ipardoza/hadronization_production/HF_RUN3_V1/raw/MONASH/hf_MONASH_job058.root
SIGMAB_COUNTS tag=MONASH species=Sigma*_b0 pdg=5214 slice=eta_1_2 p=4 a=5 file=/data/alice/ipardoza/hadronization_production/HF_RUN3_V1/raw/MONASH/hf_MONASH_job058.root
SIGMAB_COUNTS tag=MONASH species=Sigma*_b0 pdg=5214 slice=eta_ge_2 p=25 a=28 file=/data/alice/ipardoza/hadronization_production/HF_RUN3_V1/raw/MONASH/hf_MONASH_job058.root
SIGMAB_COUNTS tag=MONASH species=Sigma*_b- pdg=5114 slice=all p=60 a=43 file=/data/alice/ipardoza/hadronization_production/HF_RUN3_V1/raw/MONASH/hf_MONASH_job058.root
SIGMAB_COUNTS tag=MONASH species=Sigma*_b- pdg=5114 slice=eta_lt_1 p=7 a=14 file=/data/alice/ipardoza/hadronization_production/HF_RUN3_V1/raw/MONASH/hf_MONASH_job058.root
SIGMAB_COUNTS tag=MONASH species=Sigma*_b- pdg=5114 slice=eta_1_2 p=11 a=8 file=/data/alice/ipardoza/hadronization_production/HF_RUN3_V1/raw/MONASH/hf_MONASH_job058.root
SIGMAB_COUNTS tag=MONASH species=Sigma*_b- pdg=5114 slice=eta_ge_2 p=42 a=21 file=/data/alice/ipardoza/hadronization_production/HF_RUN3_V1/raw/MONASH/hf_MONASH_job058.root
SIGMAB_COUNTS tag=MONASH species=Lambda_b0 pdg=5122 slice=all p=331 a=315 file=/data/alice/ipardoza/hadronization_production/HF_RUN3_V1/raw/MONASH/hf_MONASH_job058.root
SIGMAB_COUNTS tag=MONASH species=Lambda_b0 pdg=5122 slice=eta_lt_1 p=60 a=58 file=/data/alice/ipardoza/hadronization_production/HF_RUN3_V1/raw/MONASH/hf_MONASH_job058.root
SIGMAB_COUNTS tag=MONASH species=Lambda_b0 pdg=5122 slice=eta_1_2 p=86 a=73 file=/data/alice/ipardoza/hadronization_production/HF_RUN3_V1/raw/MONASH/hf_MONASH_job058.root
SIGMAB_COUNTS tag=MONASH species=Lambda_b0 pdg=5122 slice=eta_ge_2 p=185 a=184 file=/data/alice/ipardoza/hadronization_production/HF_RUN3_V1/raw/MONASH/hf_MONASH_job058.root
SIGMAB_COUNTS tag=MONASH species=Xi_b0 pdg=5232 slice=all p=58 a=63 file=/data/alice/ipardoza/hadronization_production/HF_RUN3_V1/raw/MONASH/hf_MONASH_job058.root
SIGMAB_COUNTS tag=MONASH species=Xi_b0 pdg=5232 slice=eta_lt_1 p=6 a=6 file=/data/alice/ipardoza/hadronization_production/HF_RUN3_V1/raw/MONASH/hf_MONASH_job058.root
SIGMAB_COUNTS tag=MONASH species=Xi_b0 pdg=5232 slice=eta_1_2 p=12 a=25 file=/data/alice/ipardoza/hadronization_production/HF_RUN3_V1/raw/MONASH/hf_MONASH_job058.root
SIGMAB_COUNTS tag=MONASH species=Xi_b0 pdg=5232 slice=eta_ge_2 p=40 a=32 file=/data/alice/ipardoza/hadronization_production/HF_RUN3_V1/raw/MONASH/hf_MONASH_job058.root
SIGMAB_COUNTS tag=MONASH species=Xi_b- pdg=5132 slice=all p=63 a=59 file=/data/alice/ipardoza/hadronization_production/HF_RUN3_V1/raw/MONASH/hf_MONASH_job058.root
SIGMAB_COUNTS tag=MONASH species=Xi_b- pdg=5132 slice=eta_lt_1 p=13 a=6 file=/data/alice/ipardoza/hadronization_production/HF_RUN3_V1/raw/MONASH/hf_MONASH_job058.root
SIGMAB_COUNTS tag=MONASH species=Xi_b- pdg=5132 slice=eta_1_2 p=11 a=12 file=/data/alice/ipardoza/hadronization_production/HF_RUN3_V1/raw/MONASH/hf_MONASH_job058.root
SIGMAB_COUNTS tag=MONASH species=Xi_b- pdg=5132 slice=eta_ge_2 p=39 a=41 file=/data/alice/ipardoza/hadronization_production/HF_RUN3_V1/raw/MONASH/hf_MONASH_job058.root
SIGMAB_COUNTS tag=MONASH species=Sigma_b+ pdg=5222 slice=all p=40 a=23 file=/data/alice/ipardoza/hadronization_production/HF_RUN3_V1/raw/MONASH/hf_MONASH_job059.root
SIGMAB_COUNTS tag=MONASH species=Sigma_b+ pdg=5222 slice=eta_lt_1 p=7 a=3 file=/data/alice/ipardoza/hadronization_production/HF_RUN3_V1/raw/MONASH/hf_MONASH_job059.root
SIGMAB_COUNTS tag=MONASH species=Sigma_b+ pdg=5222 slice=eta_1_2 p=8 a=4 file=/data/alice/ipardoza/hadronization_production/HF_RUN3_V1/raw/MONASH/hf_MONASH_job059.root
SIGMAB_COUNTS tag=MONASH species=Sigma_b+ pdg=5222 slice=eta_ge_2 p=25 a=16 file=/data/alice/ipardoza/hadronization_production/HF_RUN3_V1/raw/MONASH/hf_MONASH_job059.root
SIGMAB_COUNTS tag=MONASH species=Sigma_b0 pdg=5212 slice=all p=48 a=15 file=/data/alice/ipardoza/hadronization_production/HF_RUN3_V1/raw/MONASH/hf_MONASH_job059.root
SIGMAB_COUNTS tag=MONASH species=Sigma_b0 pdg=5212 slice=eta_lt_1 p=7 a=3 file=/data/alice/ipardoza/hadronization_production/HF_RUN3_V1/raw/MONASH/hf_MONASH_job059.root
SIGMAB_COUNTS tag=MONASH species=Sigma_b0 pdg=5212 slice=eta_1_2 p=8 a=5 file=/data/alice/ipardoza/hadronization_production/HF_RUN3_V1/raw/MONASH/hf_MONASH_job059.root
SIGMAB_COUNTS tag=MONASH species=Sigma_b0 pdg=5212 slice=eta_ge_2 p=33 a=7 file=/data/alice/ipardoza/hadronization_production/HF_RUN3_V1/raw/MONASH/hf_MONASH_job059.root
SIGMAB_COUNTS tag=MONASH species=Sigma_b- pdg=5112 slice=all p=37 a=16 file=/data/alice/ipardoza/hadronization_production/HF_RUN3_V1/raw/MONASH/hf_MONASH_job059.root
SIGMAB_COUNTS tag=MONASH species=Sigma_b- pdg=5112 slice=eta_lt_1 p=6 a=3 file=/data/alice/ipardoza/hadronization_production/HF_RUN3_V1/raw/MONASH/hf_MONASH_job059.root
SIGMAB_COUNTS tag=MONASH species=Sigma_b- pdg=5112 slice=eta_1_2 p=13 a=3 file=/data/alice/ipardoza/hadronization_production/HF_RUN3_V1/raw/MONASH/hf_MONASH_job059.root
SIGMAB_COUNTS tag=MONASH species=Sigma_b- pdg=5112 slice=eta_ge_2 p=18 a=10 file=/data/alice/ipardoza/hadronization_production/HF_RUN3_V1/raw/MONASH/hf_MONASH_job059.root
SIGMAB_COUNTS tag=MONASH species=Sigma*_b+ pdg=5224 slice=all p=53 a=43 file=/data/alice/ipardoza/hadronization_production/HF_RUN3_V1/raw/MONASH/hf_MONASH_job059.root
SIGMAB_COUNTS tag=MONASH species=Sigma*_b+ pdg=5224 slice=eta_lt_1 p=11 a=6 file=/data/alice/ipardoza/hadronization_production/HF_RUN3_V1/raw/MONASH/hf_MONASH_job059.root
SIGMAB_COUNTS tag=MONASH species=Sigma*_b+ pdg=5224 slice=eta_1_2 p=11 a=13 file=/data/alice/ipardoza/hadronization_production/HF_RUN3_V1/raw/MONASH/hf_MONASH_job059.root
SIGMAB_COUNTS tag=MONASH species=Sigma*_b+ pdg=5224 slice=eta_ge_2 p=31 a=24 file=/data/alice/ipardoza/hadronization_production/HF_RUN3_V1/raw/MONASH/hf_MONASH_job059.root
SIGMAB_COUNTS tag=MONASH species=Sigma*_b0 pdg=5214 slice=all p=50 a=45 file=/data/alice/ipardoza/hadronization_production/HF_RUN3_V1/raw/MONASH/hf_MONASH_job059.root
SIGMAB_COUNTS tag=MONASH species=Sigma*_b0 pdg=5214 slice=eta_lt_1 p=11 a=12 file=/data/alice/ipardoza/hadronization_production/HF_RUN3_V1/raw/MONASH/hf_MONASH_job059.root
SIGMAB_COUNTS tag=MONASH species=Sigma*_b0 pdg=5214 slice=eta_1_2 p=10 a=9 file=/data/alice/ipardoza/hadronization_production/HF_RUN3_V1/raw/MONASH/hf_MONASH_job059.root
SIGMAB_COUNTS tag=MONASH species=Sigma*_b0 pdg=5214 slice=eta_ge_2 p=29 a=24 file=/data/alice/ipardoza/hadronization_production/HF_RUN3_V1/raw/MONASH/hf_MONASH_job059.root
SIGMAB_COUNTS tag=MONASH species=Sigma*_b- pdg=5114 slice=all p=50 a=48 file=/data/alice/ipardoza/hadronization_production/HF_RUN3_V1/raw/MONASH/hf_MONASH_job059.root
SIGMAB_COUNTS tag=MONASH species=Sigma*_b- pdg=5114 slice=eta_lt_1 p=10 a=11 file=/data/alice/ipardoza/hadronization_production/HF_RUN3_V1/raw/MONASH/hf_MONASH_job059.root
SIGMAB_COUNTS tag=MONASH species=Sigma*_b- pdg=5114 slice=eta_1_2 p=12 a=6 file=/data/alice/ipardoza/hadronization_production/HF_RUN3_V1/raw/MONASH/hf_MONASH_job059.root
SIGMAB_COUNTS tag=MONASH species=Sigma*_b- pdg=5114 slice=eta_ge_2 p=28 a=31 file=/data/alice/ipardoza/hadronization_production/HF_RUN3_V1/raw/MONASH/hf_MONASH_job059.root
SIGMAB_COUNTS tag=MONASH species=Lambda_b0 pdg=5122 slice=all p=323 a=324 file=/data/alice/ipardoza/hadronization_production/HF_RUN3_V1/raw/MONASH/hf_MONASH_job059.root
SIGMAB_COUNTS tag=MONASH species=Lambda_b0 pdg=5122 slice=eta_lt_1 p=49 a=55 file=/data/alice/ipardoza/hadronization_production/HF_RUN3_V1/raw/MONASH/hf_MONASH_job059.root
SIGMAB_COUNTS tag=MONASH species=Lambda_b0 pdg=5122 slice=eta_1_2 p=85 a=63 file=/data/alice/ipardoza/hadronization_production/HF_RUN3_V1/raw/MONASH/hf_MONASH_job059.root
SIGMAB_COUNTS tag=MONASH species=Lambda_b0 pdg=5122 slice=eta_ge_2 p=189 a=206 file=/data/alice/ipardoza/hadronization_production/HF_RUN3_V1/raw/MONASH/hf_MONASH_job059.root
SIGMAB_COUNTS tag=MONASH species=Xi_b0 pdg=5232 slice=all p=68 a=47 file=/data/alice/ipardoza/hadronization_production/HF_RUN3_V1/raw/MONASH/hf_MONASH_job059.root
SIGMAB_COUNTS tag=MONASH species=Xi_b0 pdg=5232 slice=eta_lt_1 p=7 a=16 file=/data/alice/ipardoza/hadronization_production/HF_RUN3_V1/raw/MONASH/hf_MONASH_job059.root
SIGMAB_COUNTS tag=MONASH species=Xi_b0 pdg=5232 slice=eta_1_2 p=17 a=10 file=/data/alice/ipardoza/hadronization_production/HF_RUN3_V1/raw/MONASH/hf_MONASH_job059.root
SIGMAB_COUNTS tag=MONASH species=Xi_b0 pdg=5232 slice=eta_ge_2 p=44 a=21 file=/data/alice/ipardoza/hadronization_production/HF_RUN3_V1/raw/MONASH/hf_MONASH_job059.root
SIGMAB_COUNTS tag=MONASH species=Xi_b- pdg=5132 slice=all p=76 a=58 file=/data/alice/ipardoza/hadronization_production/HF_RUN3_V1/raw/MONASH/hf_MONASH_job059.root
SIGMAB_COUNTS tag=MONASH species=Xi_b- pdg=5132 slice=eta_lt_1 p=10 a=10 file=/data/alice/ipardoza/hadronization_production/HF_RUN3_V1/raw/MONASH/hf_MONASH_job059.root
SIGMAB_COUNTS tag=MONASH species=Xi_b- pdg=5132 slice=eta_1_2 p=14 a=17 file=/data/alice/ipardoza/hadronization_production/HF_RUN3_V1/raw/MONASH/hf_MONASH_job059.root
SIGMAB_COUNTS tag=MONASH species=Xi_b- pdg=5132 slice=eta_ge_2 p=52 a=31 file=/data/alice/ipardoza/hadronization_production/HF_RUN3_V1/raw/MONASH/hf_MONASH_job059.root
SIGMAB_COUNTS tag=MONASH species=Sigma_b+ pdg=5222 slice=all p=28 a=21 file=/data/alice/ipardoza/hadronization_production/HF_RUN3_V1/raw/MONASH/hf_MONASH_job060.root
SIGMAB_COUNTS tag=MONASH species=Sigma_b+ pdg=5222 slice=eta_lt_1 p=6 a=1 file=/data/alice/ipardoza/hadronization_production/HF_RUN3_V1/raw/MONASH/hf_MONASH_job060.root
SIGMAB_COUNTS tag=MONASH species=Sigma_b+ pdg=5222 slice=eta_1_2 p=3 a=4 file=/data/alice/ipardoza/hadronization_production/HF_RUN3_V1/raw/MONASH/hf_MONASH_job060.root
SIGMAB_COUNTS tag=MONASH species=Sigma_b+ pdg=5222 slice=eta_ge_2 p=19 a=16 file=/data/alice/ipardoza/hadronization_production/HF_RUN3_V1/raw/MONASH/hf_MONASH_job060.root
SIGMAB_COUNTS tag=MONASH species=Sigma_b0 pdg=5212 slice=all p=29 a=28 file=/data/alice/ipardoza/hadronization_production/HF_RUN3_V1/raw/MONASH/hf_MONASH_job060.root
SIGMAB_COUNTS tag=MONASH species=Sigma_b0 pdg=5212 slice=eta_lt_1 p=7 a=5 file=/data/alice/ipardoza/hadronization_production/HF_RUN3_V1/raw/MONASH/hf_MONASH_job060.root
SIGMAB_COUNTS tag=MONASH species=Sigma_b0 pdg=5212 slice=eta_1_2 p=7 a=6 file=/data/alice/ipardoza/hadronization_production/HF_RUN3_V1/raw/MONASH/hf_MONASH_job060.root
SIGMAB_COUNTS tag=MONASH species=Sigma_b0 pdg=5212 slice=eta_ge_2 p=15 a=17 file=/data/alice/ipardoza/hadronization_production/HF_RUN3_V1/raw/MONASH/hf_MONASH_job060.root
SIGMAB_COUNTS tag=MONASH species=Sigma_b- pdg=5112 slice=all p=32 a=19 file=/data/alice/ipardoza/hadronization_production/HF_RUN3_V1/raw/MONASH/hf_MONASH_job060.root
SIGMAB_COUNTS tag=MONASH species=Sigma_b- pdg=5112 slice=eta_lt_1 p=4 a=5 file=/data/alice/ipardoza/hadronization_production/HF_RUN3_V1/raw/MONASH/hf_MONASH_job060.root
SIGMAB_COUNTS tag=MONASH species=Sigma_b- pdg=5112 slice=eta_1_2 p=11 a=2 file=/data/alice/ipardoza/hadronization_production/HF_RUN3_V1/raw/MONASH/hf_MONASH_job060.root
SIGMAB_COUNTS tag=MONASH species=Sigma_b- pdg=5112 slice=eta_ge_2 p=17 a=12 file=/data/alice/ipardoza/hadronization_production/HF_RUN3_V1/raw/MONASH/hf_MONASH_job060.root
SIGMAB_COUNTS tag=MONASH species=Sigma*_b+ pdg=5224 slice=all p=47 a=45 file=/data/alice/ipardoza/hadronization_production/HF_RUN3_V1/raw/MONASH/hf_MONASH_job060.root
SIGMAB_COUNTS tag=MONASH species=Sigma*_b+ pdg=5224 slice=eta_lt_1 p=8 a=7 file=/data/alice/ipardoza/hadronization_production/HF_RUN3_V1/raw/MONASH/hf_MONASH_job060.root
SIGMAB_COUNTS tag=MONASH species=Sigma*_b+ pdg=5224 slice=eta_1_2 p=9 a=12 file=/data/alice/ipardoza/hadronization_production/HF_RUN3_V1/raw/MONASH/hf_MONASH_job060.root
SIGMAB_COUNTS tag=MONASH species=Sigma*_b+ pdg=5224 slice=eta_ge_2 p=30 a=26 file=/data/alice/ipardoza/hadronization_production/HF_RUN3_V1/raw/MONASH/hf_MONASH_job060.root
SIGMAB_COUNTS tag=MONASH species=Sigma*_b0 pdg=5214 slice=all p=60 a=52 file=/data/alice/ipardoza/hadronization_production/HF_RUN3_V1/raw/MONASH/hf_MONASH_job060.root
SIGMAB_COUNTS tag=MONASH species=Sigma*_b0 pdg=5214 slice=eta_lt_1 p=13 a=15 file=/data/alice/ipardoza/hadronization_production/HF_RUN3_V1/raw/MONASH/hf_MONASH_job060.root
SIGMAB_COUNTS tag=MONASH species=Sigma*_b0 pdg=5214 slice=eta_1_2 p=9 a=9 file=/data/alice/ipardoza/hadronization_production/HF_RUN3_V1/raw/MONASH/hf_MONASH_job060.root
SIGMAB_COUNTS tag=MONASH species=Sigma*_b0 pdg=5214 slice=eta_ge_2 p=38 a=28 file=/data/alice/ipardoza/hadronization_production/HF_RUN3_V1/raw/MONASH/hf_MONASH_job060.root
SIGMAB_COUNTS tag=MONASH species=Sigma*_b- pdg=5114 slice=all p=54 a=51 file=/data/alice/ipardoza/hadronization_production/HF_RUN3_V1/raw/MONASH/hf_MONASH_job060.root
SIGMAB_COUNTS tag=MONASH species=Sigma*_b- pdg=5114 slice=eta_lt_1 p=13 a=10 file=/data/alice/ipardoza/hadronization_production/HF_RUN3_V1/raw/MONASH/hf_MONASH_job060.root
SIGMAB_COUNTS tag=MONASH species=Sigma*_b- pdg=5114 slice=eta_1_2 p=14 a=9 file=/data/alice/ipardoza/hadronization_production/HF_RUN3_V1/raw/MONASH/hf_MONASH_job060.root
SIGMAB_COUNTS tag=MONASH species=Sigma*_b- pdg=5114 slice=eta_ge_2 p=27 a=32 file=/data/alice/ipardoza/hadronization_production/HF_RUN3_V1/raw/MONASH/hf_MONASH_job060.root
SIGMAB_COUNTS tag=MONASH species=Lambda_b0 pdg=5122 slice=all p=303 a=321 file=/data/alice/ipardoza/hadronization_production/HF_RUN3_V1/raw/MONASH/hf_MONASH_job060.root
SIGMAB_COUNTS tag=MONASH species=Lambda_b0 pdg=5122 slice=eta_lt_1 p=49 a=61 file=/data/alice/ipardoza/hadronization_production/HF_RUN3_V1/raw/MONASH/hf_MONASH_job060.root
SIGMAB_COUNTS tag=MONASH species=Lambda_b0 pdg=5122 slice=eta_1_2 p=57 a=73 file=/data/alice/ipardoza/hadronization_production/HF_RUN3_V1/raw/MONASH/hf_MONASH_job060.root
SIGMAB_COUNTS tag=MONASH species=Lambda_b0 pdg=5122 slice=eta_ge_2 p=197 a=187 file=/data/alice/ipardoza/hadronization_production/HF_RUN3_V1/raw/MONASH/hf_MONASH_job060.root
SIGMAB_COUNTS tag=MONASH species=Xi_b0 pdg=5232 slice=all p=62 a=51 file=/data/alice/ipardoza/hadronization_production/HF_RUN3_V1/raw/MONASH/hf_MONASH_job060.root
SIGMAB_COUNTS tag=MONASH species=Xi_b0 pdg=5232 slice=eta_lt_1 p=11 a=13 file=/data/alice/ipardoza/hadronization_production/HF_RUN3_V1/raw/MONASH/hf_MONASH_job060.root
SIGMAB_COUNTS tag=MONASH species=Xi_b0 pdg=5232 slice=eta_1_2 p=15 a=6 file=/data/alice/ipardoza/hadronization_production/HF_RUN3_V1/raw/MONASH/hf_MONASH_job060.root
SIGMAB_COUNTS tag=MONASH species=Xi_b0 pdg=5232 slice=eta_ge_2 p=36 a=32 file=/data/alice/ipardoza/hadronization_production/HF_RUN3_V1/raw/MONASH/hf_MONASH_job060.root
SIGMAB_COUNTS tag=MONASH species=Xi_b- pdg=5132 slice=all p=44 a=63 file=/data/alice/ipardoza/hadronization_production/HF_RUN3_V1/raw/MONASH/hf_MONASH_job060.root
SIGMAB_COUNTS tag=MONASH species=Xi_b- pdg=5132 slice=eta_lt_1 p=5 a=18 file=/data/alice/ipardoza/hadronization_production/HF_RUN3_V1/raw/MONASH/hf_MONASH_job060.root
SIGMAB_COUNTS tag=MONASH species=Xi_b- pdg=5132 slice=eta_1_2 p=15 a=14 file=/data/alice/ipardoza/hadronization_production/HF_RUN3_V1/raw/MONASH/hf_MONASH_job060.root
SIGMAB_COUNTS tag=MONASH species=Xi_b- pdg=5132 slice=eta_ge_2 p=24 a=31 file=/data/alice/ipardoza/hadronization_production/HF_RUN3_V1/raw/MONASH/hf_MONASH_job060.root
SIGMAB_COUNTS tag=MONASH species=Sigma_b+ pdg=5222 slice=all p=37 a=20 file=/data/alice/ipardoza/hadronization_production/HF_RUN3_V1/raw/MONASH/hf_MONASH_job061.root
SIGMAB_COUNTS tag=MONASH species=Sigma_b+ pdg=5222 slice=eta_lt_1 p=6 a=1 file=/data/alice/ipardoza/hadronization_production/HF_RUN3_V1/raw/MONASH/hf_MONASH_job061.root
SIGMAB_COUNTS tag=MONASH species=Sigma_b+ pdg=5222 slice=eta_1_2 p=7 a=8 file=/data/alice/ipardoza/hadronization_production/HF_RUN3_V1/raw/MONASH/hf_MONASH_job061.root
SIGMAB_COUNTS tag=MONASH species=Sigma_b+ pdg=5222 slice=eta_ge_2 p=24 a=11 file=/data/alice/ipardoza/hadronization_production/HF_RUN3_V1/raw/MONASH/hf_MONASH_job061.root
SIGMAB_COUNTS tag=MONASH species=Sigma_b0 pdg=5212 slice=all p=46 a=20 file=/data/alice/ipardoza/hadronization_production/HF_RUN3_V1/raw/MONASH/hf_MONASH_job061.root
SIGMAB_COUNTS tag=MONASH species=Sigma_b0 pdg=5212 slice=eta_lt_1 p=8 a=1 file=/data/alice/ipardoza/hadronization_production/HF_RUN3_V1/raw/MONASH/hf_MONASH_job061.root
SIGMAB_COUNTS tag=MONASH species=Sigma_b0 pdg=5212 slice=eta_1_2 p=6 a=2 file=/data/alice/ipardoza/hadronization_production/HF_RUN3_V1/raw/MONASH/hf_MONASH_job061.root
SIGMAB_COUNTS tag=MONASH species=Sigma_b0 pdg=5212 slice=eta_ge_2 p=32 a=17 file=/data/alice/ipardoza/hadronization_production/HF_RUN3_V1/raw/MONASH/hf_MONASH_job061.root
SIGMAB_COUNTS tag=MONASH species=Sigma_b- pdg=5112 slice=all p=37 a=17 file=/data/alice/ipardoza/hadronization_production/HF_RUN3_V1/raw/MONASH/hf_MONASH_job061.root
SIGMAB_COUNTS tag=MONASH species=Sigma_b- pdg=5112 slice=eta_lt_1 p=7 a=3 file=/data/alice/ipardoza/hadronization_production/HF_RUN3_V1/raw/MONASH/hf_MONASH_job061.root
SIGMAB_COUNTS tag=MONASH species=Sigma_b- pdg=5112 slice=eta_1_2 p=5 a=3 file=/data/alice/ipardoza/hadronization_production/HF_RUN3_V1/raw/MONASH/hf_MONASH_job061.root
SIGMAB_COUNTS tag=MONASH species=Sigma_b- pdg=5112 slice=eta_ge_2 p=25 a=11 file=/data/alice/ipardoza/hadronization_production/HF_RUN3_V1/raw/MONASH/hf_MONASH_job061.root
SIGMAB_COUNTS tag=MONASH species=Sigma*_b+ pdg=5224 slice=all p=51 a=54 file=/data/alice/ipardoza/hadronization_production/HF_RUN3_V1/raw/MONASH/hf_MONASH_job061.root
SIGMAB_COUNTS tag=MONASH species=Sigma*_b+ pdg=5224 slice=eta_lt_1 p=7 a=10 file=/data/alice/ipardoza/hadronization_production/HF_RUN3_V1/raw/MONASH/hf_MONASH_job061.root
SIGMAB_COUNTS tag=MONASH species=Sigma*_b+ pdg=5224 slice=eta_1_2 p=7 a=15 file=/data/alice/ipardoza/hadronization_production/HF_RUN3_V1/raw/MONASH/hf_MONASH_job061.root
SIGMAB_COUNTS tag=MONASH species=Sigma*_b+ pdg=5224 slice=eta_ge_2 p=37 a=29 file=/data/alice/ipardoza/hadronization_production/HF_RUN3_V1/raw/MONASH/hf_MONASH_job061.root
SIGMAB_COUNTS tag=MONASH species=Sigma*_b0 pdg=5214 slice=all p=40 a=45 file=/data/alice/ipardoza/hadronization_production/HF_RUN3_V1/raw/MONASH/hf_MONASH_job061.root
SIGMAB_COUNTS tag=MONASH species=Sigma*_b0 pdg=5214 slice=eta_lt_1 p=7 a=14 file=/data/alice/ipardoza/hadronization_production/HF_RUN3_V1/raw/MONASH/hf_MONASH_job061.root
SIGMAB_COUNTS tag=MONASH species=Sigma*_b0 pdg=5214 slice=eta_1_2 p=8 a=9 file=/data/alice/ipardoza/hadronization_production/HF_RUN3_V1/raw/MONASH/hf_MONASH_job061.root
SIGMAB_COUNTS tag=MONASH species=Sigma*_b0 pdg=5214 slice=eta_ge_2 p=25 a=22 file=/data/alice/ipardoza/hadronization_production/HF_RUN3_V1/raw/MONASH/hf_MONASH_job061.root
SIGMAB_COUNTS tag=MONASH species=Sigma*_b- pdg=5114 slice=all p=47 a=31 file=/data/alice/ipardoza/hadronization_production/HF_RUN3_V1/raw/MONASH/hf_MONASH_job061.root
SIGMAB_COUNTS tag=MONASH species=Sigma*_b- pdg=5114 slice=eta_lt_1 p=7 a=5 file=/data/alice/ipardoza/hadronization_production/HF_RUN3_V1/raw/MONASH/hf_MONASH_job061.root
SIGMAB_COUNTS tag=MONASH species=Sigma*_b- pdg=5114 slice=eta_1_2 p=9 a=8 file=/data/alice/ipardoza/hadronization_production/HF_RUN3_V1/raw/MONASH/hf_MONASH_job061.root
SIGMAB_COUNTS tag=MONASH species=Sigma*_b- pdg=5114 slice=eta_ge_2 p=31 a=18 file=/data/alice/ipardoza/hadronization_production/HF_RUN3_V1/raw/MONASH/hf_MONASH_job061.root
SIGMAB_COUNTS tag=MONASH species=Lambda_b0 pdg=5122 slice=all p=307 a=311 file=/data/alice/ipardoza/hadronization_production/HF_RUN3_V1/raw/MONASH/hf_MONASH_job061.root
SIGMAB_COUNTS tag=MONASH species=Lambda_b0 pdg=5122 slice=eta_lt_1 p=57 a=47 file=/data/alice/ipardoza/hadronization_production/HF_RUN3_V1/raw/MONASH/hf_MONASH_job061.root
SIGMAB_COUNTS tag=MONASH species=Lambda_b0 pdg=5122 slice=eta_1_2 p=82 a=64 file=/data/alice/ipardoza/hadronization_production/HF_RUN3_V1/raw/MONASH/hf_MONASH_job061.root
SIGMAB_COUNTS tag=MONASH species=Lambda_b0 pdg=5122 slice=eta_ge_2 p=168 a=200 file=/data/alice/ipardoza/hadronization_production/HF_RUN3_V1/raw/MONASH/hf_MONASH_job061.root
SIGMAB_COUNTS tag=MONASH species=Xi_b0 pdg=5232 slice=all p=53 a=50 file=/data/alice/ipardoza/hadronization_production/HF_RUN3_V1/raw/MONASH/hf_MONASH_job061.root
SIGMAB_COUNTS tag=MONASH species=Xi_b0 pdg=5232 slice=eta_lt_1 p=11 a=9 file=/data/alice/ipardoza/hadronization_production/HF_RUN3_V1/raw/MONASH/hf_MONASH_job061.root
SIGMAB_COUNTS tag=MONASH species=Xi_b0 pdg=5232 slice=eta_1_2 p=13 a=13 file=/data/alice/ipardoza/hadronization_production/HF_RUN3_V1/raw/MONASH/hf_MONASH_job061.root
SIGMAB_COUNTS tag=MONASH species=Xi_b0 pdg=5232 slice=eta_ge_2 p=29 a=28 file=/data/alice/ipardoza/hadronization_production/HF_RUN3_V1/raw/MONASH/hf_MONASH_job061.root
SIGMAB_COUNTS tag=MONASH species=Xi_b- pdg=5132 slice=all p=63 a=39 file=/data/alice/ipardoza/hadronization_production/HF_RUN3_V1/raw/MONASH/hf_MONASH_job061.root
SIGMAB_COUNTS tag=MONASH species=Xi_b- pdg=5132 slice=eta_lt_1 p=9 a=8 file=/data/alice/ipardoza/hadronization_production/HF_RUN3_V1/raw/MONASH/hf_MONASH_job061.root
SIGMAB_COUNTS tag=MONASH species=Xi_b- pdg=5132 slice=eta_1_2 p=19 a=8 file=/data/alice/ipardoza/hadronization_production/HF_RUN3_V1/raw/MONASH/hf_MONASH_job061.root
SIGMAB_COUNTS tag=MONASH species=Xi_b- pdg=5132 slice=eta_ge_2 p=35 a=23 file=/data/alice/ipardoza/hadronization_production/HF_RUN3_V1/raw/MONASH/hf_MONASH_job061.root
SIGMAB_COUNTS tag=MONASH species=Sigma_b+ pdg=5222 slice=all p=29 a=18 file=/data/alice/ipardoza/hadronization_production/HF_RUN3_V1/raw/MONASH/hf_MONASH_job062.root
SIGMAB_COUNTS tag=MONASH species=Sigma_b+ pdg=5222 slice=eta_lt_1 p=6 a=3 file=/data/alice/ipardoza/hadronization_production/HF_RUN3_V1/raw/MONASH/hf_MONASH_job062.root
SIGMAB_COUNTS tag=MONASH species=Sigma_b+ pdg=5222 slice=eta_1_2 p=8 a=7 file=/data/alice/ipardoza/hadronization_production/HF_RUN3_V1/raw/MONASH/hf_MONASH_job062.root
SIGMAB_COUNTS tag=MONASH species=Sigma_b+ pdg=5222 slice=eta_ge_2 p=15 a=8 file=/data/alice/ipardoza/hadronization_production/HF_RUN3_V1/raw/MONASH/hf_MONASH_job062.root
SIGMAB_COUNTS tag=MONASH species=Sigma_b0 pdg=5212 slice=all p=30 a=24 file=/data/alice/ipardoza/hadronization_production/HF_RUN3_V1/raw/MONASH/hf_MONASH_job062.root
SIGMAB_COUNTS tag=MONASH species=Sigma_b0 pdg=5212 slice=eta_lt_1 p=2 a=4 file=/data/alice/ipardoza/hadronization_production/HF_RUN3_V1/raw/MONASH/hf_MONASH_job062.root
SIGMAB_COUNTS tag=MONASH species=Sigma_b0 pdg=5212 slice=eta_1_2 p=7 a=8 file=/data/alice/ipardoza/hadronization_production/HF_RUN3_V1/raw/MONASH/hf_MONASH_job062.root
SIGMAB_COUNTS tag=MONASH species=Sigma_b0 pdg=5212 slice=eta_ge_2 p=21 a=12 file=/data/alice/ipardoza/hadronization_production/HF_RUN3_V1/raw/MONASH/hf_MONASH_job062.root
SIGMAB_COUNTS tag=MONASH species=Sigma_b- pdg=5112 slice=all p=35 a=18 file=/data/alice/ipardoza/hadronization_production/HF_RUN3_V1/raw/MONASH/hf_MONASH_job062.root
SIGMAB_COUNTS tag=MONASH species=Sigma_b- pdg=5112 slice=eta_lt_1 p=3 a=3 file=/data/alice/ipardoza/hadronization_production/HF_RUN3_V1/raw/MONASH/hf_MONASH_job062.root
SIGMAB_COUNTS tag=MONASH species=Sigma_b- pdg=5112 slice=eta_1_2 p=7 a=1 file=/data/alice/ipardoza/hadronization_production/HF_RUN3_V1/raw/MONASH/hf_MONASH_job062.root
SIGMAB_COUNTS tag=MONASH species=Sigma_b- pdg=5112 slice=eta_ge_2 p=25 a=14 file=/data/alice/ipardoza/hadronization_production/HF_RUN3_V1/raw/MONASH/hf_MONASH_job062.root
SIGMAB_COUNTS tag=MONASH species=Sigma*_b+ pdg=5224 slice=all p=36 a=45 file=/data/alice/ipardoza/hadronization_production/HF_RUN3_V1/raw/MONASH/hf_MONASH_job062.root
SIGMAB_COUNTS tag=MONASH species=Sigma*_b+ pdg=5224 slice=eta_lt_1 p=6 a=9 file=/data/alice/ipardoza/hadronization_production/HF_RUN3_V1/raw/MONASH/hf_MONASH_job062.root
SIGMAB_COUNTS tag=MONASH species=Sigma*_b+ pdg=5224 slice=eta_1_2 p=11 a=14 file=/data/alice/ipardoza/hadronization_production/HF_RUN3_V1/raw/MONASH/hf_MONASH_job062.root
SIGMAB_COUNTS tag=MONASH species=Sigma*_b+ pdg=5224 slice=eta_ge_2 p=19 a=22 file=/data/alice/ipardoza/hadronization_production/HF_RUN3_V1/raw/MONASH/hf_MONASH_job062.root
SIGMAB_COUNTS tag=MONASH species=Sigma*_b0 pdg=5214 slice=all p=48 a=40 file=/data/alice/ipardoza/hadronization_production/HF_RUN3_V1/raw/MONASH/hf_MONASH_job062.root
SIGMAB_COUNTS tag=MONASH species=Sigma*_b0 pdg=5214 slice=eta_lt_1 p=7 a=7 file=/data/alice/ipardoza/hadronization_production/HF_RUN3_V1/raw/MONASH/hf_MONASH_job062.root
SIGMAB_COUNTS tag=MONASH species=Sigma*_b0 pdg=5214 slice=eta_1_2 p=10 a=7 file=/data/alice/ipardoza/hadronization_production/HF_RUN3_V1/raw/MONASH/hf_MONASH_job062.root
SIGMAB_COUNTS tag=MONASH species=Sigma*_b0 pdg=5214 slice=eta_ge_2 p=31 a=26 file=/data/alice/ipardoza/hadronization_production/HF_RUN3_V1/raw/MONASH/hf_MONASH_job062.root
SIGMAB_COUNTS tag=MONASH species=Sigma*_b- pdg=5114 slice=all p=42 a=43 file=/data/alice/ipardoza/hadronization_production/HF_RUN3_V1/raw/MONASH/hf_MONASH_job062.root
SIGMAB_COUNTS tag=MONASH species=Sigma*_b- pdg=5114 slice=eta_lt_1 p=4 a=5 file=/data/alice/ipardoza/hadronization_production/HF_RUN3_V1/raw/MONASH/hf_MONASH_job062.root
SIGMAB_COUNTS tag=MONASH species=Sigma*_b- pdg=5114 slice=eta_1_2 p=9 a=7 file=/data/alice/ipardoza/hadronization_production/HF_RUN3_V1/raw/MONASH/hf_MONASH_job062.root
SIGMAB_COUNTS tag=MONASH species=Sigma*_b- pdg=5114 slice=eta_ge_2 p=29 a=31 file=/data/alice/ipardoza/hadronization_production/HF_RUN3_V1/raw/MONASH/hf_MONASH_job062.root
SIGMAB_COUNTS tag=MONASH species=Lambda_b0 pdg=5122 slice=all p=327 a=324 file=/data/alice/ipardoza/hadronization_production/HF_RUN3_V1/raw/MONASH/hf_MONASH_job062.root
SIGMAB_COUNTS tag=MONASH species=Lambda_b0 pdg=5122 slice=eta_lt_1 p=71 a=42 file=/data/alice/ipardoza/hadronization_production/HF_RUN3_V1/raw/MONASH/hf_MONASH_job062.root
SIGMAB_COUNTS tag=MONASH species=Lambda_b0 pdg=5122 slice=eta_1_2 p=68 a=69 file=/data/alice/ipardoza/hadronization_production/HF_RUN3_V1/raw/MONASH/hf_MONASH_job062.root
SIGMAB_COUNTS tag=MONASH species=Lambda_b0 pdg=5122 slice=eta_ge_2 p=188 a=213 file=/data/alice/ipardoza/hadronization_production/HF_RUN3_V1/raw/MONASH/hf_MONASH_job062.root
SIGMAB_COUNTS tag=MONASH species=Xi_b0 pdg=5232 slice=all p=38 a=62 file=/data/alice/ipardoza/hadronization_production/HF_RUN3_V1/raw/MONASH/hf_MONASH_job062.root
SIGMAB_COUNTS tag=MONASH species=Xi_b0 pdg=5232 slice=eta_lt_1 p=5 a=7 file=/data/alice/ipardoza/hadronization_production/HF_RUN3_V1/raw/MONASH/hf_MONASH_job062.root
SIGMAB_COUNTS tag=MONASH species=Xi_b0 pdg=5232 slice=eta_1_2 p=11 a=19 file=/data/alice/ipardoza/hadronization_production/HF_RUN3_V1/raw/MONASH/hf_MONASH_job062.root
SIGMAB_COUNTS tag=MONASH species=Xi_b0 pdg=5232 slice=eta_ge_2 p=22 a=36 file=/data/alice/ipardoza/hadronization_production/HF_RUN3_V1/raw/MONASH/hf_MONASH_job062.root
SIGMAB_COUNTS tag=MONASH species=Xi_b- pdg=5132 slice=all p=61 a=49 file=/data/alice/ipardoza/hadronization_production/HF_RUN3_V1/raw/MONASH/hf_MONASH_job062.root
SIGMAB_COUNTS tag=MONASH species=Xi_b- pdg=5132 slice=eta_lt_1 p=9 a=10 file=/data/alice/ipardoza/hadronization_production/HF_RUN3_V1/raw/MONASH/hf_MONASH_job062.root
SIGMAB_COUNTS tag=MONASH species=Xi_b- pdg=5132 slice=eta_1_2 p=10 a=13 file=/data/alice/ipardoza/hadronization_production/HF_RUN3_V1/raw/MONASH/hf_MONASH_job062.root
SIGMAB_COUNTS tag=MONASH species=Xi_b- pdg=5132 slice=eta_ge_2 p=42 a=26 file=/data/alice/ipardoza/hadronization_production/HF_RUN3_V1/raw/MONASH/hf_MONASH_job062.root
SIGMAB_COUNTS tag=MONASH species=Sigma_b+ pdg=5222 slice=all p=36 a=27 file=/data/alice/ipardoza/hadronization_production/HF_RUN3_V1/raw/MONASH/hf_MONASH_job063.root
SIGMAB_COUNTS tag=MONASH species=Sigma_b+ pdg=5222 slice=eta_lt_1 p=4 a=4 file=/data/alice/ipardoza/hadronization_production/HF_RUN3_V1/raw/MONASH/hf_MONASH_job063.root
SIGMAB_COUNTS tag=MONASH species=Sigma_b+ pdg=5222 slice=eta_1_2 p=3 a=8 file=/data/alice/ipardoza/hadronization_production/HF_RUN3_V1/raw/MONASH/hf_MONASH_job063.root
SIGMAB_COUNTS tag=MONASH species=Sigma_b+ pdg=5222 slice=eta_ge_2 p=29 a=15 file=/data/alice/ipardoza/hadronization_production/HF_RUN3_V1/raw/MONASH/hf_MONASH_job063.root
SIGMAB_COUNTS tag=MONASH species=Sigma_b0 pdg=5212 slice=all p=33 a=24 file=/data/alice/ipardoza/hadronization_production/HF_RUN3_V1/raw/MONASH/hf_MONASH_job063.root
SIGMAB_COUNTS tag=MONASH species=Sigma_b0 pdg=5212 slice=eta_lt_1 p=4 a=5 file=/data/alice/ipardoza/hadronization_production/HF_RUN3_V1/raw/MONASH/hf_MONASH_job063.root
SIGMAB_COUNTS tag=MONASH species=Sigma_b0 pdg=5212 slice=eta_1_2 p=2 a=8 file=/data/alice/ipardoza/hadronization_production/HF_RUN3_V1/raw/MONASH/hf_MONASH_job063.root
SIGMAB_COUNTS tag=MONASH species=Sigma_b0 pdg=5212 slice=eta_ge_2 p=27 a=11 file=/data/alice/ipardoza/hadronization_production/HF_RUN3_V1/raw/MONASH/hf_MONASH_job063.root
SIGMAB_COUNTS tag=MONASH species=Sigma_b- pdg=5112 slice=all p=38 a=18 file=/data/alice/ipardoza/hadronization_production/HF_RUN3_V1/raw/MONASH/hf_MONASH_job063.root
SIGMAB_COUNTS tag=MONASH species=Sigma_b- pdg=5112 slice=eta_lt_1 p=4 a=2 file=/data/alice/ipardoza/hadronization_production/HF_RUN3_V1/raw/MONASH/hf_MONASH_job063.root
SIGMAB_COUNTS tag=MONASH species=Sigma_b- pdg=5112 slice=eta_1_2 p=8 a=4 file=/data/alice/ipardoza/hadronization_production/HF_RUN3_V1/raw/MONASH/hf_MONASH_job063.root
SIGMAB_COUNTS tag=MONASH species=Sigma_b- pdg=5112 slice=eta_ge_2 p=26 a=12 file=/data/alice/ipardoza/hadronization_production/HF_RUN3_V1/raw/MONASH/hf_MONASH_job063.root
SIGMAB_COUNTS tag=MONASH species=Sigma*_b+ pdg=5224 slice=all p=47 a=44 file=/data/alice/ipardoza/hadronization_production/HF_RUN3_V1/raw/MONASH/hf_MONASH_job063.root
SIGMAB_COUNTS tag=MONASH species=Sigma*_b+ pdg=5224 slice=eta_lt_1 p=11 a=7 file=/data/alice/ipardoza/hadronization_production/HF_RUN3_V1/raw/MONASH/hf_MONASH_job063.root
SIGMAB_COUNTS tag=MONASH species=Sigma*_b+ pdg=5224 slice=eta_1_2 p=7 a=7 file=/data/alice/ipardoza/hadronization_production/HF_RUN3_V1/raw/MONASH/hf_MONASH_job063.root
SIGMAB_COUNTS tag=MONASH species=Sigma*_b+ pdg=5224 slice=eta_ge_2 p=29 a=30 file=/data/alice/ipardoza/hadronization_production/HF_RUN3_V1/raw/MONASH/hf_MONASH_job063.root
SIGMAB_COUNTS tag=MONASH species=Sigma*_b0 pdg=5214 slice=all p=46 a=43 file=/data/alice/ipardoza/hadronization_production/HF_RUN3_V1/raw/MONASH/hf_MONASH_job063.root
SIGMAB_COUNTS tag=MONASH species=Sigma*_b0 pdg=5214 slice=eta_lt_1 p=7 a=12 file=/data/alice/ipardoza/hadronization_production/HF_RUN3_V1/raw/MONASH/hf_MONASH_job063.root
SIGMAB_COUNTS tag=MONASH species=Sigma*_b0 pdg=5214 slice=eta_1_2 p=11 a=6 file=/data/alice/ipardoza/hadronization_production/HF_RUN3_V1/raw/MONASH/hf_MONASH_job063.root
SIGMAB_COUNTS tag=MONASH species=Sigma*_b0 pdg=5214 slice=eta_ge_2 p=28 a=25 file=/data/alice/ipardoza/hadronization_production/HF_RUN3_V1/raw/MONASH/hf_MONASH_job063.root
SIGMAB_COUNTS tag=MONASH species=Sigma*_b- pdg=5114 slice=all p=43 a=37 file=/data/alice/ipardoza/hadronization_production/HF_RUN3_V1/raw/MONASH/hf_MONASH_job063.root
SIGMAB_COUNTS tag=MONASH species=Sigma*_b- pdg=5114 slice=eta_lt_1 p=3 a=4 file=/data/alice/ipardoza/hadronization_production/HF_RUN3_V1/raw/MONASH/hf_MONASH_job063.root
SIGMAB_COUNTS tag=MONASH species=Sigma*_b- pdg=5114 slice=eta_1_2 p=15 a=7 file=/data/alice/ipardoza/hadronization_production/HF_RUN3_V1/raw/MONASH/hf_MONASH_job063.root
SIGMAB_COUNTS tag=MONASH species=Sigma*_b- pdg=5114 slice=eta_ge_2 p=25 a=26 file=/data/alice/ipardoza/hadronization_production/HF_RUN3_V1/raw/MONASH/hf_MONASH_job063.root
SIGMAB_COUNTS tag=MONASH species=Lambda_b0 pdg=5122 slice=all p=291 a=321 file=/data/alice/ipardoza/hadronization_production/HF_RUN3_V1/raw/MONASH/hf_MONASH_job063.root
SIGMAB_COUNTS tag=MONASH species=Lambda_b0 pdg=5122 slice=eta_lt_1 p=56 a=58 file=/data/alice/ipardoza/hadronization_production/HF_RUN3_V1/raw/MONASH/hf_MONASH_job063.root
SIGMAB_COUNTS tag=MONASH species=Lambda_b0 pdg=5122 slice=eta_1_2 p=61 a=71 file=/data/alice/ipardoza/hadronization_production/HF_RUN3_V1/raw/MONASH/hf_MONASH_job063.root
SIGMAB_COUNTS tag=MONASH species=Lambda_b0 pdg=5122 slice=eta_ge_2 p=174 a=192 file=/data/alice/ipardoza/hadronization_production/HF_RUN3_V1/raw/MONASH/hf_MONASH_job063.root
SIGMAB_COUNTS tag=MONASH species=Xi_b0 pdg=5232 slice=all p=48 a=54 file=/data/alice/ipardoza/hadronization_production/HF_RUN3_V1/raw/MONASH/hf_MONASH_job063.root
SIGMAB_COUNTS tag=MONASH species=Xi_b0 pdg=5232 slice=eta_lt_1 p=7 a=11 file=/data/alice/ipardoza/hadronization_production/HF_RUN3_V1/raw/MONASH/hf_MONASH_job063.root
SIGMAB_COUNTS tag=MONASH species=Xi_b0 pdg=5232 slice=eta_1_2 p=10 a=9 file=/data/alice/ipardoza/hadronization_production/HF_RUN3_V1/raw/MONASH/hf_MONASH_job063.root
SIGMAB_COUNTS tag=MONASH species=Xi_b0 pdg=5232 slice=eta_ge_2 p=31 a=34 file=/data/alice/ipardoza/hadronization_production/HF_RUN3_V1/raw/MONASH/hf_MONASH_job063.root
SIGMAB_COUNTS tag=MONASH species=Xi_b- pdg=5132 slice=all p=67 a=43 file=/data/alice/ipardoza/hadronization_production/HF_RUN3_V1/raw/MONASH/hf_MONASH_job063.root
SIGMAB_COUNTS tag=MONASH species=Xi_b- pdg=5132 slice=eta_lt_1 p=6 a=10 file=/data/alice/ipardoza/hadronization_production/HF_RUN3_V1/raw/MONASH/hf_MONASH_job063.root
SIGMAB_COUNTS tag=MONASH species=Xi_b- pdg=5132 slice=eta_1_2 p=16 a=13 file=/data/alice/ipardoza/hadronization_production/HF_RUN3_V1/raw/MONASH/hf_MONASH_job063.root
SIGMAB_COUNTS tag=MONASH species=Xi_b- pdg=5132 slice=eta_ge_2 p=45 a=20 file=/data/alice/ipardoza/hadronization_production/HF_RUN3_V1/raw/MONASH/hf_MONASH_job063.root
SIGMAB_COUNTS tag=MONASH species=Sigma_b+ pdg=5222 slice=all p=26 a=20 file=/data/alice/ipardoza/hadronization_production/HF_RUN3_V1/raw/MONASH/hf_MONASH_job064.root
SIGMAB_COUNTS tag=MONASH species=Sigma_b+ pdg=5222 slice=eta_lt_1 p=7 a=5 file=/data/alice/ipardoza/hadronization_production/HF_RUN3_V1/raw/MONASH/hf_MONASH_job064.root
SIGMAB_COUNTS tag=MONASH species=Sigma_b+ pdg=5222 slice=eta_1_2 p=2 a=5 file=/data/alice/ipardoza/hadronization_production/HF_RUN3_V1/raw/MONASH/hf_MONASH_job064.root
SIGMAB_COUNTS tag=MONASH species=Sigma_b+ pdg=5222 slice=eta_ge_2 p=17 a=10 file=/data/alice/ipardoza/hadronization_production/HF_RUN3_V1/raw/MONASH/hf_MONASH_job064.root
SIGMAB_COUNTS tag=MONASH species=Sigma_b0 pdg=5212 slice=all p=44 a=17 file=/data/alice/ipardoza/hadronization_production/HF_RUN3_V1/raw/MONASH/hf_MONASH_job064.root
SIGMAB_COUNTS tag=MONASH species=Sigma_b0 pdg=5212 slice=eta_lt_1 p=3 a=4 file=/data/alice/ipardoza/hadronization_production/HF_RUN3_V1/raw/MONASH/hf_MONASH_job064.root
SIGMAB_COUNTS tag=MONASH species=Sigma_b0 pdg=5212 slice=eta_1_2 p=8 a=2 file=/data/alice/ipardoza/hadronization_production/HF_RUN3_V1/raw/MONASH/hf_MONASH_job064.root
SIGMAB_COUNTS tag=MONASH species=Sigma_b0 pdg=5212 slice=eta_ge_2 p=33 a=11 file=/data/alice/ipardoza/hadronization_production/HF_RUN3_V1/raw/MONASH/hf_MONASH_job064.root
SIGMAB_COUNTS tag=MONASH species=Sigma_b- pdg=5112 slice=all p=28 a=29 file=/data/alice/ipardoza/hadronization_production/HF_RUN3_V1/raw/MONASH/hf_MONASH_job064.root
SIGMAB_COUNTS tag=MONASH species=Sigma_b- pdg=5112 slice=eta_lt_1 p=3 a=6 file=/data/alice/ipardoza/hadronization_production/HF_RUN3_V1/raw/MONASH/hf_MONASH_job064.root
SIGMAB_COUNTS tag=MONASH species=Sigma_b- pdg=5112 slice=eta_1_2 p=6 a=8 file=/data/alice/ipardoza/hadronization_production/HF_RUN3_V1/raw/MONASH/hf_MONASH_job064.root
SIGMAB_COUNTS tag=MONASH species=Sigma_b- pdg=5112 slice=eta_ge_2 p=19 a=15 file=/data/alice/ipardoza/hadronization_production/HF_RUN3_V1/raw/MONASH/hf_MONASH_job064.root
SIGMAB_COUNTS tag=MONASH species=Sigma*_b+ pdg=5224 slice=all p=43 a=40 file=/data/alice/ipardoza/hadronization_production/HF_RUN3_V1/raw/MONASH/hf_MONASH_job064.root
SIGMAB_COUNTS tag=MONASH species=Sigma*_b+ pdg=5224 slice=eta_lt_1 p=6 a=5 file=/data/alice/ipardoza/hadronization_production/HF_RUN3_V1/raw/MONASH/hf_MONASH_job064.root
SIGMAB_COUNTS tag=MONASH species=Sigma*_b+ pdg=5224 slice=eta_1_2 p=10 a=12 file=/data/alice/ipardoza/hadronization_production/HF_RUN3_V1/raw/MONASH/hf_MONASH_job064.root
SIGMAB_COUNTS tag=MONASH species=Sigma*_b+ pdg=5224 slice=eta_ge_2 p=27 a=23 file=/data/alice/ipardoza/hadronization_production/HF_RUN3_V1/raw/MONASH/hf_MONASH_job064.root
SIGMAB_COUNTS tag=MONASH species=Sigma*_b0 pdg=5214 slice=all p=54 a=36 file=/data/alice/ipardoza/hadronization_production/HF_RUN3_V1/raw/MONASH/hf_MONASH_job064.root
SIGMAB_COUNTS tag=MONASH species=Sigma*_b0 pdg=5214 slice=eta_lt_1 p=10 a=4 file=/data/alice/ipardoza/hadronization_production/HF_RUN3_V1/raw/MONASH/hf_MONASH_job064.root
SIGMAB_COUNTS tag=MONASH species=Sigma*_b0 pdg=5214 slice=eta_1_2 p=9 a=9 file=/data/alice/ipardoza/hadronization_production/HF_RUN3_V1/raw/MONASH/hf_MONASH_job064.root
SIGMAB_COUNTS tag=MONASH species=Sigma*_b0 pdg=5214 slice=eta_ge_2 p=35 a=23 file=/data/alice/ipardoza/hadronization_production/HF_RUN3_V1/raw/MONASH/hf_MONASH_job064.root
SIGMAB_COUNTS tag=MONASH species=Sigma*_b- pdg=5114 slice=all p=38 a=49 file=/data/alice/ipardoza/hadronization_production/HF_RUN3_V1/raw/MONASH/hf_MONASH_job064.root
SIGMAB_COUNTS tag=MONASH species=Sigma*_b- pdg=5114 slice=eta_lt_1 p=3 a=5 file=/data/alice/ipardoza/hadronization_production/HF_RUN3_V1/raw/MONASH/hf_MONASH_job064.root
SIGMAB_COUNTS tag=MONASH species=Sigma*_b- pdg=5114 slice=eta_1_2 p=10 a=13 file=/data/alice/ipardoza/hadronization_production/HF_RUN3_V1/raw/MONASH/hf_MONASH_job064.root
SIGMAB_COUNTS tag=MONASH species=Sigma*_b- pdg=5114 slice=eta_ge_2 p=25 a=31 file=/data/alice/ipardoza/hadronization_production/HF_RUN3_V1/raw/MONASH/hf_MONASH_job064.root
SIGMAB_COUNTS tag=MONASH species=Lambda_b0 pdg=5122 slice=all p=271 a=311 file=/data/alice/ipardoza/hadronization_production/HF_RUN3_V1/raw/MONASH/hf_MONASH_job064.root
SIGMAB_COUNTS tag=MONASH species=Lambda_b0 pdg=5122 slice=eta_lt_1 p=49 a=60 file=/data/alice/ipardoza/hadronization_production/HF_RUN3_V1/raw/MONASH/hf_MONASH_job064.root
SIGMAB_COUNTS tag=MONASH species=Lambda_b0 pdg=5122 slice=eta_1_2 p=59 a=67 file=/data/alice/ipardoza/hadronization_production/HF_RUN3_V1/raw/MONASH/hf_MONASH_job064.root
SIGMAB_COUNTS tag=MONASH species=Lambda_b0 pdg=5122 slice=eta_ge_2 p=163 a=184 file=/data/alice/ipardoza/hadronization_production/HF_RUN3_V1/raw/MONASH/hf_MONASH_job064.root
SIGMAB_COUNTS tag=MONASH species=Xi_b0 pdg=5232 slice=all p=58 a=48 file=/data/alice/ipardoza/hadronization_production/HF_RUN3_V1/raw/MONASH/hf_MONASH_job064.root
SIGMAB_COUNTS tag=MONASH species=Xi_b0 pdg=5232 slice=eta_lt_1 p=11 a=8 file=/data/alice/ipardoza/hadronization_production/HF_RUN3_V1/raw/MONASH/hf_MONASH_job064.root
SIGMAB_COUNTS tag=MONASH species=Xi_b0 pdg=5232 slice=eta_1_2 p=16 a=8 file=/data/alice/ipardoza/hadronization_production/HF_RUN3_V1/raw/MONASH/hf_MONASH_job064.root
SIGMAB_COUNTS tag=MONASH species=Xi_b0 pdg=5232 slice=eta_ge_2 p=31 a=32 file=/data/alice/ipardoza/hadronization_production/HF_RUN3_V1/raw/MONASH/hf_MONASH_job064.root
SIGMAB_COUNTS tag=MONASH species=Xi_b- pdg=5132 slice=all p=50 a=63 file=/data/alice/ipardoza/hadronization_production/HF_RUN3_V1/raw/MONASH/hf_MONASH_job064.root
SIGMAB_COUNTS tag=MONASH species=Xi_b- pdg=5132 slice=eta_lt_1 p=5 a=12 file=/data/alice/ipardoza/hadronization_production/HF_RUN3_V1/raw/MONASH/hf_MONASH_job064.root
SIGMAB_COUNTS tag=MONASH species=Xi_b- pdg=5132 slice=eta_1_2 p=12 a=14 file=/data/alice/ipardoza/hadronization_production/HF_RUN3_V1/raw/MONASH/hf_MONASH_job064.root
SIGMAB_COUNTS tag=MONASH species=Xi_b- pdg=5132 slice=eta_ge_2 p=33 a=37 file=/data/alice/ipardoza/hadronization_production/HF_RUN3_V1/raw/MONASH/hf_MONASH_job064.root
SIGMAB_COUNTS tag=MONASH species=Sigma_b+ pdg=5222 slice=all p=40 a=18 file=/data/alice/ipardoza/hadronization_production/HF_RUN3_V1/raw/MONASH/hf_MONASH_job065.root
SIGMAB_COUNTS tag=MONASH species=Sigma_b+ pdg=5222 slice=eta_lt_1 p=3 a=4 file=/data/alice/ipardoza/hadronization_production/HF_RUN3_V1/raw/MONASH/hf_MONASH_job065.root
SIGMAB_COUNTS tag=MONASH species=Sigma_b+ pdg=5222 slice=eta_1_2 p=9 a=5 file=/data/alice/ipardoza/hadronization_production/HF_RUN3_V1/raw/MONASH/hf_MONASH_job065.root
SIGMAB_COUNTS tag=MONASH species=Sigma_b+ pdg=5222 slice=eta_ge_2 p=28 a=9 file=/data/alice/ipardoza/hadronization_production/HF_RUN3_V1/raw/MONASH/hf_MONASH_job065.root
SIGMAB_COUNTS tag=MONASH species=Sigma_b0 pdg=5212 slice=all p=33 a=17 file=/data/alice/ipardoza/hadronization_production/HF_RUN3_V1/raw/MONASH/hf_MONASH_job065.root
SIGMAB_COUNTS tag=MONASH species=Sigma_b0 pdg=5212 slice=eta_lt_1 p=1 a=4 file=/data/alice/ipardoza/hadronization_production/HF_RUN3_V1/raw/MONASH/hf_MONASH_job065.root
SIGMAB_COUNTS tag=MONASH species=Sigma_b0 pdg=5212 slice=eta_1_2 p=7 a=6 file=/data/alice/ipardoza/hadronization_production/HF_RUN3_V1/raw/MONASH/hf_MONASH_job065.root
SIGMAB_COUNTS tag=MONASH species=Sigma_b0 pdg=5212 slice=eta_ge_2 p=25 a=7 file=/data/alice/ipardoza/hadronization_production/HF_RUN3_V1/raw/MONASH/hf_MONASH_job065.root
SIGMAB_COUNTS tag=MONASH species=Sigma_b- pdg=5112 slice=all p=40 a=24 file=/data/alice/ipardoza/hadronization_production/HF_RUN3_V1/raw/MONASH/hf_MONASH_job065.root
SIGMAB_COUNTS tag=MONASH species=Sigma_b- pdg=5112 slice=eta_lt_1 p=6 a=4 file=/data/alice/ipardoza/hadronization_production/HF_RUN3_V1/raw/MONASH/hf_MONASH_job065.root
SIGMAB_COUNTS tag=MONASH species=Sigma_b- pdg=5112 slice=eta_1_2 p=8 a=1 file=/data/alice/ipardoza/hadronization_production/HF_RUN3_V1/raw/MONASH/hf_MONASH_job065.root
SIGMAB_COUNTS tag=MONASH species=Sigma_b- pdg=5112 slice=eta_ge_2 p=26 a=19 file=/data/alice/ipardoza/hadronization_production/HF_RUN3_V1/raw/MONASH/hf_MONASH_job065.root
SIGMAB_COUNTS tag=MONASH species=Sigma*_b+ pdg=5224 slice=all p=45 a=37 file=/data/alice/ipardoza/hadronization_production/HF_RUN3_V1/raw/MONASH/hf_MONASH_job065.root
SIGMAB_COUNTS tag=MONASH species=Sigma*_b+ pdg=5224 slice=eta_lt_1 p=6 a=9 file=/data/alice/ipardoza/hadronization_production/HF_RUN3_V1/raw/MONASH/hf_MONASH_job065.root
SIGMAB_COUNTS tag=MONASH species=Sigma*_b+ pdg=5224 slice=eta_1_2 p=10 a=8 file=/data/alice/ipardoza/hadronization_production/HF_RUN3_V1/raw/MONASH/hf_MONASH_job065.root
SIGMAB_COUNTS tag=MONASH species=Sigma*_b+ pdg=5224 slice=eta_ge_2 p=29 a=20 file=/data/alice/ipardoza/hadronization_production/HF_RUN3_V1/raw/MONASH/hf_MONASH_job065.root
SIGMAB_COUNTS tag=MONASH species=Sigma*_b0 pdg=5214 slice=all p=51 a=33 file=/data/alice/ipardoza/hadronization_production/HF_RUN3_V1/raw/MONASH/hf_MONASH_job065.root
SIGMAB_COUNTS tag=MONASH species=Sigma*_b0 pdg=5214 slice=eta_lt_1 p=6 a=8 file=/data/alice/ipardoza/hadronization_production/HF_RUN3_V1/raw/MONASH/hf_MONASH_job065.root
SIGMAB_COUNTS tag=MONASH species=Sigma*_b0 pdg=5214 slice=eta_1_2 p=19 a=6 file=/data/alice/ipardoza/hadronization_production/HF_RUN3_V1/raw/MONASH/hf_MONASH_job065.root
SIGMAB_COUNTS tag=MONASH species=Sigma*_b0 pdg=5214 slice=eta_ge_2 p=26 a=19 file=/data/alice/ipardoza/hadronization_production/HF_RUN3_V1/raw/MONASH/hf_MONASH_job065.root
SIGMAB_COUNTS tag=MONASH species=Sigma*_b- pdg=5114 slice=all p=43 a=34 file=/data/alice/ipardoza/hadronization_production/HF_RUN3_V1/raw/MONASH/hf_MONASH_job065.root
SIGMAB_COUNTS tag=MONASH species=Sigma*_b- pdg=5114 slice=eta_lt_1 p=6 a=6 file=/data/alice/ipardoza/hadronization_production/HF_RUN3_V1/raw/MONASH/hf_MONASH_job065.root
SIGMAB_COUNTS tag=MONASH species=Sigma*_b- pdg=5114 slice=eta_1_2 p=4 a=3 file=/data/alice/ipardoza/hadronization_production/HF_RUN3_V1/raw/MONASH/hf_MONASH_job065.root
SIGMAB_COUNTS tag=MONASH species=Sigma*_b- pdg=5114 slice=eta_ge_2 p=33 a=25 file=/data/alice/ipardoza/hadronization_production/HF_RUN3_V1/raw/MONASH/hf_MONASH_job065.root
SIGMAB_COUNTS tag=MONASH species=Lambda_b0 pdg=5122 slice=all p=321 a=318 file=/data/alice/ipardoza/hadronization_production/HF_RUN3_V1/raw/MONASH/hf_MONASH_job065.root
SIGMAB_COUNTS tag=MONASH species=Lambda_b0 pdg=5122 slice=eta_lt_1 p=67 a=71 file=/data/alice/ipardoza/hadronization_production/HF_RUN3_V1/raw/MONASH/hf_MONASH_job065.root
SIGMAB_COUNTS tag=MONASH species=Lambda_b0 pdg=5122 slice=eta_1_2 p=73 a=76 file=/data/alice/ipardoza/hadronization_production/HF_RUN3_V1/raw/MONASH/hf_MONASH_job065.root
SIGMAB_COUNTS tag=MONASH species=Lambda_b0 pdg=5122 slice=eta_ge_2 p=181 a=171 file=/data/alice/ipardoza/hadronization_production/HF_RUN3_V1/raw/MONASH/hf_MONASH_job065.root
SIGMAB_COUNTS tag=MONASH species=Xi_b0 pdg=5232 slice=all p=62 a=53 file=/data/alice/ipardoza/hadronization_production/HF_RUN3_V1/raw/MONASH/hf_MONASH_job065.root
SIGMAB_COUNTS tag=MONASH species=Xi_b0 pdg=5232 slice=eta_lt_1 p=11 a=9 file=/data/alice/ipardoza/hadronization_production/HF_RUN3_V1/raw/MONASH/hf_MONASH_job065.root
SIGMAB_COUNTS tag=MONASH species=Xi_b0 pdg=5232 slice=eta_1_2 p=16 a=12 file=/data/alice/ipardoza/hadronization_production/HF_RUN3_V1/raw/MONASH/hf_MONASH_job065.root
SIGMAB_COUNTS tag=MONASH species=Xi_b0 pdg=5232 slice=eta_ge_2 p=35 a=32 file=/data/alice/ipardoza/hadronization_production/HF_RUN3_V1/raw/MONASH/hf_MONASH_job065.root
SIGMAB_COUNTS tag=MONASH species=Xi_b- pdg=5132 slice=all p=43 a=71 file=/data/alice/ipardoza/hadronization_production/HF_RUN3_V1/raw/MONASH/hf_MONASH_job065.root
SIGMAB_COUNTS tag=MONASH species=Xi_b- pdg=5132 slice=eta_lt_1 p=5 a=9 file=/data/alice/ipardoza/hadronization_production/HF_RUN3_V1/raw/MONASH/hf_MONASH_job065.root
SIGMAB_COUNTS tag=MONASH species=Xi_b- pdg=5132 slice=eta_1_2 p=7 a=13 file=/data/alice/ipardoza/hadronization_production/HF_RUN3_V1/raw/MONASH/hf_MONASH_job065.root
SIGMAB_COUNTS tag=MONASH species=Xi_b- pdg=5132 slice=eta_ge_2 p=31 a=49 file=/data/alice/ipardoza/hadronization_production/HF_RUN3_V1/raw/MONASH/hf_MONASH_job065.root
SIGMAB_COUNTS tag=MONASH species=Sigma_b+ pdg=5222 slice=all p=33 a=25 file=/data/alice/ipardoza/hadronization_production/HF_RUN3_V1/raw/MONASH/hf_MONASH_job066.root
SIGMAB_COUNTS tag=MONASH species=Sigma_b+ pdg=5222 slice=eta_lt_1 p=5 a=4 file=/data/alice/ipardoza/hadronization_production/HF_RUN3_V1/raw/MONASH/hf_MONASH_job066.root
SIGMAB_COUNTS tag=MONASH species=Sigma_b+ pdg=5222 slice=eta_1_2 p=0 a=9 file=/data/alice/ipardoza/hadronization_production/HF_RUN3_V1/raw/MONASH/hf_MONASH_job066.root
SIGMAB_COUNTS tag=MONASH species=Sigma_b+ pdg=5222 slice=eta_ge_2 p=28 a=12 file=/data/alice/ipardoza/hadronization_production/HF_RUN3_V1/raw/MONASH/hf_MONASH_job066.root
SIGMAB_COUNTS tag=MONASH species=Sigma_b0 pdg=5212 slice=all p=32 a=21 file=/data/alice/ipardoza/hadronization_production/HF_RUN3_V1/raw/MONASH/hf_MONASH_job066.root
SIGMAB_COUNTS tag=MONASH species=Sigma_b0 pdg=5212 slice=eta_lt_1 p=5 a=2 file=/data/alice/ipardoza/hadronization_production/HF_RUN3_V1/raw/MONASH/hf_MONASH_job066.root
SIGMAB_COUNTS tag=MONASH species=Sigma_b0 pdg=5212 slice=eta_1_2 p=8 a=4 file=/data/alice/ipardoza/hadronization_production/HF_RUN3_V1/raw/MONASH/hf_MONASH_job066.root
SIGMAB_COUNTS tag=MONASH species=Sigma_b0 pdg=5212 slice=eta_ge_2 p=19 a=15 file=/data/alice/ipardoza/hadronization_production/HF_RUN3_V1/raw/MONASH/hf_MONASH_job066.root
SIGMAB_COUNTS tag=MONASH species=Sigma_b- pdg=5112 slice=all p=32 a=22 file=/data/alice/ipardoza/hadronization_production/HF_RUN3_V1/raw/MONASH/hf_MONASH_job066.root
SIGMAB_COUNTS tag=MONASH species=Sigma_b- pdg=5112 slice=eta_lt_1 p=4 a=1 file=/data/alice/ipardoza/hadronization_production/HF_RUN3_V1/raw/MONASH/hf_MONASH_job066.root
SIGMAB_COUNTS tag=MONASH species=Sigma_b- pdg=5112 slice=eta_1_2 p=8 a=8 file=/data/alice/ipardoza/hadronization_production/HF_RUN3_V1/raw/MONASH/hf_MONASH_job066.root
SIGMAB_COUNTS tag=MONASH species=Sigma_b- pdg=5112 slice=eta_ge_2 p=20 a=13 file=/data/alice/ipardoza/hadronization_production/HF_RUN3_V1/raw/MONASH/hf_MONASH_job066.root
SIGMAB_COUNTS tag=MONASH species=Sigma*_b+ pdg=5224 slice=all p=46 a=43 file=/data/alice/ipardoza/hadronization_production/HF_RUN3_V1/raw/MONASH/hf_MONASH_job066.root
SIGMAB_COUNTS tag=MONASH species=Sigma*_b+ pdg=5224 slice=eta_lt_1 p=6 a=6 file=/data/alice/ipardoza/hadronization_production/HF_RUN3_V1/raw/MONASH/hf_MONASH_job066.root
SIGMAB_COUNTS tag=MONASH species=Sigma*_b+ pdg=5224 slice=eta_1_2 p=13 a=12 file=/data/alice/ipardoza/hadronization_production/HF_RUN3_V1/raw/MONASH/hf_MONASH_job066.root
SIGMAB_COUNTS tag=MONASH species=Sigma*_b+ pdg=5224 slice=eta_ge_2 p=27 a=25 file=/data/alice/ipardoza/hadronization_production/HF_RUN3_V1/raw/MONASH/hf_MONASH_job066.root
SIGMAB_COUNTS tag=MONASH species=Sigma*_b0 pdg=5214 slice=all p=64 a=43 file=/data/alice/ipardoza/hadronization_production/HF_RUN3_V1/raw/MONASH/hf_MONASH_job066.root
SIGMAB_COUNTS tag=MONASH species=Sigma*_b0 pdg=5214 slice=eta_lt_1 p=11 a=14 file=/data/alice/ipardoza/hadronization_production/HF_RUN3_V1/raw/MONASH/hf_MONASH_job066.root
SIGMAB_COUNTS tag=MONASH species=Sigma*_b0 pdg=5214 slice=eta_1_2 p=17 a=7 file=/data/alice/ipardoza/hadronization_production/HF_RUN3_V1/raw/MONASH/hf_MONASH_job066.root
SIGMAB_COUNTS tag=MONASH species=Sigma*_b0 pdg=5214 slice=eta_ge_2 p=36 a=22 file=/data/alice/ipardoza/hadronization_production/HF_RUN3_V1/raw/MONASH/hf_MONASH_job066.root
SIGMAB_COUNTS tag=MONASH species=Sigma*_b- pdg=5114 slice=all p=59 a=51 file=/data/alice/ipardoza/hadronization_production/HF_RUN3_V1/raw/MONASH/hf_MONASH_job066.root
SIGMAB_COUNTS tag=MONASH species=Sigma*_b- pdg=5114 slice=eta_lt_1 p=11 a=14 file=/data/alice/ipardoza/hadronization_production/HF_RUN3_V1/raw/MONASH/hf_MONASH_job066.root
SIGMAB_COUNTS tag=MONASH species=Sigma*_b- pdg=5114 slice=eta_1_2 p=17 a=17 file=/data/alice/ipardoza/hadronization_production/HF_RUN3_V1/raw/MONASH/hf_MONASH_job066.root
SIGMAB_COUNTS tag=MONASH species=Sigma*_b- pdg=5114 slice=eta_ge_2 p=31 a=20 file=/data/alice/ipardoza/hadronization_production/HF_RUN3_V1/raw/MONASH/hf_MONASH_job066.root
SIGMAB_COUNTS tag=MONASH species=Lambda_b0 pdg=5122 slice=all p=320 a=312 file=/data/alice/ipardoza/hadronization_production/HF_RUN3_V1/raw/MONASH/hf_MONASH_job066.root
SIGMAB_COUNTS tag=MONASH species=Lambda_b0 pdg=5122 slice=eta_lt_1 p=63 a=68 file=/data/alice/ipardoza/hadronization_production/HF_RUN3_V1/raw/MONASH/hf_MONASH_job066.root
SIGMAB_COUNTS tag=MONASH species=Lambda_b0 pdg=5122 slice=eta_1_2 p=75 a=54 file=/data/alice/ipardoza/hadronization_production/HF_RUN3_V1/raw/MONASH/hf_MONASH_job066.root
SIGMAB_COUNTS tag=MONASH species=Lambda_b0 pdg=5122 slice=eta_ge_2 p=182 a=190 file=/data/alice/ipardoza/hadronization_production/HF_RUN3_V1/raw/MONASH/hf_MONASH_job066.root
SIGMAB_COUNTS tag=MONASH species=Xi_b0 pdg=5232 slice=all p=81 a=47 file=/data/alice/ipardoza/hadronization_production/HF_RUN3_V1/raw/MONASH/hf_MONASH_job066.root
SIGMAB_COUNTS tag=MONASH species=Xi_b0 pdg=5232 slice=eta_lt_1 p=13 a=11 file=/data/alice/ipardoza/hadronization_production/HF_RUN3_V1/raw/MONASH/hf_MONASH_job066.root
SIGMAB_COUNTS tag=MONASH species=Xi_b0 pdg=5232 slice=eta_1_2 p=17 a=13 file=/data/alice/ipardoza/hadronization_production/HF_RUN3_V1/raw/MONASH/hf_MONASH_job066.root
SIGMAB_COUNTS tag=MONASH species=Xi_b0 pdg=5232 slice=eta_ge_2 p=51 a=23 file=/data/alice/ipardoza/hadronization_production/HF_RUN3_V1/raw/MONASH/hf_MONASH_job066.root
SIGMAB_COUNTS tag=MONASH species=Xi_b- pdg=5132 slice=all p=55 a=50 file=/data/alice/ipardoza/hadronization_production/HF_RUN3_V1/raw/MONASH/hf_MONASH_job066.root
SIGMAB_COUNTS tag=MONASH species=Xi_b- pdg=5132 slice=eta_lt_1 p=10 a=9 file=/data/alice/ipardoza/hadronization_production/HF_RUN3_V1/raw/MONASH/hf_MONASH_job066.root
SIGMAB_COUNTS tag=MONASH species=Xi_b- pdg=5132 slice=eta_1_2 p=12 a=10 file=/data/alice/ipardoza/hadronization_production/HF_RUN3_V1/raw/MONASH/hf_MONASH_job066.root
SIGMAB_COUNTS tag=MONASH species=Xi_b- pdg=5132 slice=eta_ge_2 p=33 a=31 file=/data/alice/ipardoza/hadronization_production/HF_RUN3_V1/raw/MONASH/hf_MONASH_job066.root
SIGMAB_COUNTS tag=MONASH species=Sigma_b+ pdg=5222 slice=all p=25 a=21 file=/data/alice/ipardoza/hadronization_production/HF_RUN3_V1/raw/MONASH/hf_MONASH_job067.root
SIGMAB_COUNTS tag=MONASH species=Sigma_b+ pdg=5222 slice=eta_lt_1 p=3 a=3 file=/data/alice/ipardoza/hadronization_production/HF_RUN3_V1/raw/MONASH/hf_MONASH_job067.root
SIGMAB_COUNTS tag=MONASH species=Sigma_b+ pdg=5222 slice=eta_1_2 p=8 a=5 file=/data/alice/ipardoza/hadronization_production/HF_RUN3_V1/raw/MONASH/hf_MONASH_job067.root
SIGMAB_COUNTS tag=MONASH species=Sigma_b+ pdg=5222 slice=eta_ge_2 p=14 a=13 file=/data/alice/ipardoza/hadronization_production/HF_RUN3_V1/raw/MONASH/hf_MONASH_job067.root
SIGMAB_COUNTS tag=MONASH species=Sigma_b0 pdg=5212 slice=all p=35 a=16 file=/data/alice/ipardoza/hadronization_production/HF_RUN3_V1/raw/MONASH/hf_MONASH_job067.root
SIGMAB_COUNTS tag=MONASH species=Sigma_b0 pdg=5212 slice=eta_lt_1 p=9 a=3 file=/data/alice/ipardoza/hadronization_production/HF_RUN3_V1/raw/MONASH/hf_MONASH_job067.root
SIGMAB_COUNTS tag=MONASH species=Sigma_b0 pdg=5212 slice=eta_1_2 p=6 a=3 file=/data/alice/ipardoza/hadronization_production/HF_RUN3_V1/raw/MONASH/hf_MONASH_job067.root
SIGMAB_COUNTS tag=MONASH species=Sigma_b0 pdg=5212 slice=eta_ge_2 p=20 a=10 file=/data/alice/ipardoza/hadronization_production/HF_RUN3_V1/raw/MONASH/hf_MONASH_job067.root
SIGMAB_COUNTS tag=MONASH species=Sigma_b- pdg=5112 slice=all p=45 a=22 file=/data/alice/ipardoza/hadronization_production/HF_RUN3_V1/raw/MONASH/hf_MONASH_job067.root
SIGMAB_COUNTS tag=MONASH species=Sigma_b- pdg=5112 slice=eta_lt_1 p=12 a=6 file=/data/alice/ipardoza/hadronization_production/HF_RUN3_V1/raw/MONASH/hf_MONASH_job067.root
SIGMAB_COUNTS tag=MONASH species=Sigma_b- pdg=5112 slice=eta_1_2 p=8 a=2 file=/data/alice/ipardoza/hadronization_production/HF_RUN3_V1/raw/MONASH/hf_MONASH_job067.root
SIGMAB_COUNTS tag=MONASH species=Sigma_b- pdg=5112 slice=eta_ge_2 p=25 a=14 file=/data/alice/ipardoza/hadronization_production/HF_RUN3_V1/raw/MONASH/hf_MONASH_job067.root
SIGMAB_COUNTS tag=MONASH species=Sigma*_b+ pdg=5224 slice=all p=59 a=55 file=/data/alice/ipardoza/hadronization_production/HF_RUN3_V1/raw/MONASH/hf_MONASH_job067.root
SIGMAB_COUNTS tag=MONASH species=Sigma*_b+ pdg=5224 slice=eta_lt_1 p=9 a=8 file=/data/alice/ipardoza/hadronization_production/HF_RUN3_V1/raw/MONASH/hf_MONASH_job067.root
SIGMAB_COUNTS tag=MONASH species=Sigma*_b+ pdg=5224 slice=eta_1_2 p=11 a=12 file=/data/alice/ipardoza/hadronization_production/HF_RUN3_V1/raw/MONASH/hf_MONASH_job067.root
SIGMAB_COUNTS tag=MONASH species=Sigma*_b+ pdg=5224 slice=eta_ge_2 p=39 a=35 file=/data/alice/ipardoza/hadronization_production/HF_RUN3_V1/raw/MONASH/hf_MONASH_job067.root
SIGMAB_COUNTS tag=MONASH species=Sigma*_b0 pdg=5214 slice=all p=49 a=44 file=/data/alice/ipardoza/hadronization_production/HF_RUN3_V1/raw/MONASH/hf_MONASH_job067.root
SIGMAB_COUNTS tag=MONASH species=Sigma*_b0 pdg=5214 slice=eta_lt_1 p=7 a=3 file=/data/alice/ipardoza/hadronization_production/HF_RUN3_V1/raw/MONASH/hf_MONASH_job067.root
SIGMAB_COUNTS tag=MONASH species=Sigma*_b0 pdg=5214 slice=eta_1_2 p=6 a=9 file=/data/alice/ipardoza/hadronization_production/HF_RUN3_V1/raw/MONASH/hf_MONASH_job067.root
SIGMAB_COUNTS tag=MONASH species=Sigma*_b0 pdg=5214 slice=eta_ge_2 p=36 a=32 file=/data/alice/ipardoza/hadronization_production/HF_RUN3_V1/raw/MONASH/hf_MONASH_job067.root
SIGMAB_COUNTS tag=MONASH species=Sigma*_b- pdg=5114 slice=all p=41 a=34 file=/data/alice/ipardoza/hadronization_production/HF_RUN3_V1/raw/MONASH/hf_MONASH_job067.root
SIGMAB_COUNTS tag=MONASH species=Sigma*_b- pdg=5114 slice=eta_lt_1 p=3 a=10 file=/data/alice/ipardoza/hadronization_production/HF_RUN3_V1/raw/MONASH/hf_MONASH_job067.root
SIGMAB_COUNTS tag=MONASH species=Sigma*_b- pdg=5114 slice=eta_1_2 p=18 a=5 file=/data/alice/ipardoza/hadronization_production/HF_RUN3_V1/raw/MONASH/hf_MONASH_job067.root
SIGMAB_COUNTS tag=MONASH species=Sigma*_b- pdg=5114 slice=eta_ge_2 p=20 a=19 file=/data/alice/ipardoza/hadronization_production/HF_RUN3_V1/raw/MONASH/hf_MONASH_job067.root
SIGMAB_COUNTS tag=MONASH species=Lambda_b0 pdg=5122 slice=all p=315 a=305 file=/data/alice/ipardoza/hadronization_production/HF_RUN3_V1/raw/MONASH/hf_MONASH_job067.root
SIGMAB_COUNTS tag=MONASH species=Lambda_b0 pdg=5122 slice=eta_lt_1 p=58 a=55 file=/data/alice/ipardoza/hadronization_production/HF_RUN3_V1/raw/MONASH/hf_MONASH_job067.root
SIGMAB_COUNTS tag=MONASH species=Lambda_b0 pdg=5122 slice=eta_1_2 p=68 a=60 file=/data/alice/ipardoza/hadronization_production/HF_RUN3_V1/raw/MONASH/hf_MONASH_job067.root
SIGMAB_COUNTS tag=MONASH species=Lambda_b0 pdg=5122 slice=eta_ge_2 p=189 a=190 file=/data/alice/ipardoza/hadronization_production/HF_RUN3_V1/raw/MONASH/hf_MONASH_job067.root
SIGMAB_COUNTS tag=MONASH species=Xi_b0 pdg=5232 slice=all p=50 a=51 file=/data/alice/ipardoza/hadronization_production/HF_RUN3_V1/raw/MONASH/hf_MONASH_job067.root
SIGMAB_COUNTS tag=MONASH species=Xi_b0 pdg=5232 slice=eta_lt_1 p=7 a=15 file=/data/alice/ipardoza/hadronization_production/HF_RUN3_V1/raw/MONASH/hf_MONASH_job067.root
SIGMAB_COUNTS tag=MONASH species=Xi_b0 pdg=5232 slice=eta_1_2 p=10 a=9 file=/data/alice/ipardoza/hadronization_production/HF_RUN3_V1/raw/MONASH/hf_MONASH_job067.root
SIGMAB_COUNTS tag=MONASH species=Xi_b0 pdg=5232 slice=eta_ge_2 p=33 a=27 file=/data/alice/ipardoza/hadronization_production/HF_RUN3_V1/raw/MONASH/hf_MONASH_job067.root
SIGMAB_COUNTS tag=MONASH species=Xi_b- pdg=5132 slice=all p=47 a=41 file=/data/alice/ipardoza/hadronization_production/HF_RUN3_V1/raw/MONASH/hf_MONASH_job067.root
SIGMAB_COUNTS tag=MONASH species=Xi_b- pdg=5132 slice=eta_lt_1 p=9 a=8 file=/data/alice/ipardoza/hadronization_production/HF_RUN3_V1/raw/MONASH/hf_MONASH_job067.root
SIGMAB_COUNTS tag=MONASH species=Xi_b- pdg=5132 slice=eta_1_2 p=9 a=6 file=/data/alice/ipardoza/hadronization_production/HF_RUN3_V1/raw/MONASH/hf_MONASH_job067.root
SIGMAB_COUNTS tag=MONASH species=Xi_b- pdg=5132 slice=eta_ge_2 p=29 a=27 file=/data/alice/ipardoza/hadronization_production/HF_RUN3_V1/raw/MONASH/hf_MONASH_job067.root
SIGMAB_COUNTS tag=MONASH species=Sigma_b+ pdg=5222 slice=all p=34 a=20 file=/data/alice/ipardoza/hadronization_production/HF_RUN3_V1/raw/MONASH/hf_MONASH_job068.root
SIGMAB_COUNTS tag=MONASH species=Sigma_b+ pdg=5222 slice=eta_lt_1 p=7 a=2 file=/data/alice/ipardoza/hadronization_production/HF_RUN3_V1/raw/MONASH/hf_MONASH_job068.root
SIGMAB_COUNTS tag=MONASH species=Sigma_b+ pdg=5222 slice=eta_1_2 p=5 a=3 file=/data/alice/ipardoza/hadronization_production/HF_RUN3_V1/raw/MONASH/hf_MONASH_job068.root
SIGMAB_COUNTS tag=MONASH species=Sigma_b+ pdg=5222 slice=eta_ge_2 p=22 a=15 file=/data/alice/ipardoza/hadronization_production/HF_RUN3_V1/raw/MONASH/hf_MONASH_job068.root
SIGMAB_COUNTS tag=MONASH species=Sigma_b0 pdg=5212 slice=all p=27 a=22 file=/data/alice/ipardoza/hadronization_production/HF_RUN3_V1/raw/MONASH/hf_MONASH_job068.root
SIGMAB_COUNTS tag=MONASH species=Sigma_b0 pdg=5212 slice=eta_lt_1 p=3 a=3 file=/data/alice/ipardoza/hadronization_production/HF_RUN3_V1/raw/MONASH/hf_MONASH_job068.root
SIGMAB_COUNTS tag=MONASH species=Sigma_b0 pdg=5212 slice=eta_1_2 p=8 a=5 file=/data/alice/ipardoza/hadronization_production/HF_RUN3_V1/raw/MONASH/hf_MONASH_job068.root
SIGMAB_COUNTS tag=MONASH species=Sigma_b0 pdg=5212 slice=eta_ge_2 p=16 a=14 file=/data/alice/ipardoza/hadronization_production/HF_RUN3_V1/raw/MONASH/hf_MONASH_job068.root
SIGMAB_COUNTS tag=MONASH species=Sigma_b- pdg=5112 slice=all p=26 a=28 file=/data/alice/ipardoza/hadronization_production/HF_RUN3_V1/raw/MONASH/hf_MONASH_job068.root
SIGMAB_COUNTS tag=MONASH species=Sigma_b- pdg=5112 slice=eta_lt_1 p=5 a=5 file=/data/alice/ipardoza/hadronization_production/HF_RUN3_V1/raw/MONASH/hf_MONASH_job068.root
SIGMAB_COUNTS tag=MONASH species=Sigma_b- pdg=5112 slice=eta_1_2 p=4 a=9 file=/data/alice/ipardoza/hadronization_production/HF_RUN3_V1/raw/MONASH/hf_MONASH_job068.root
SIGMAB_COUNTS tag=MONASH species=Sigma_b- pdg=5112 slice=eta_ge_2 p=17 a=14 file=/data/alice/ipardoza/hadronization_production/HF_RUN3_V1/raw/MONASH/hf_MONASH_job068.root
SIGMAB_COUNTS tag=MONASH species=Sigma*_b+ pdg=5224 slice=all p=52 a=47 file=/data/alice/ipardoza/hadronization_production/HF_RUN3_V1/raw/MONASH/hf_MONASH_job068.root
SIGMAB_COUNTS tag=MONASH species=Sigma*_b+ pdg=5224 slice=eta_lt_1 p=6 a=11 file=/data/alice/ipardoza/hadronization_production/HF_RUN3_V1/raw/MONASH/hf_MONASH_job068.root
SIGMAB_COUNTS tag=MONASH species=Sigma*_b+ pdg=5224 slice=eta_1_2 p=9 a=11 file=/data/alice/ipardoza/hadronization_production/HF_RUN3_V1/raw/MONASH/hf_MONASH_job068.root
SIGMAB_COUNTS tag=MONASH species=Sigma*_b+ pdg=5224 slice=eta_ge_2 p=37 a=25 file=/data/alice/ipardoza/hadronization_production/HF_RUN3_V1/raw/MONASH/hf_MONASH_job068.root
SIGMAB_COUNTS tag=MONASH species=Sigma*_b0 pdg=5214 slice=all p=52 a=35 file=/data/alice/ipardoza/hadronization_production/HF_RUN3_V1/raw/MONASH/hf_MONASH_job068.root
SIGMAB_COUNTS tag=MONASH species=Sigma*_b0 pdg=5214 slice=eta_lt_1 p=9 a=5 file=/data/alice/ipardoza/hadronization_production/HF_RUN3_V1/raw/MONASH/hf_MONASH_job068.root
SIGMAB_COUNTS tag=MONASH species=Sigma*_b0 pdg=5214 slice=eta_1_2 p=13 a=14 file=/data/alice/ipardoza/hadronization_production/HF_RUN3_V1/raw/MONASH/hf_MONASH_job068.root
SIGMAB_COUNTS tag=MONASH species=Sigma*_b0 pdg=5214 slice=eta_ge_2 p=30 a=16 file=/data/alice/ipardoza/hadronization_production/HF_RUN3_V1/raw/MONASH/hf_MONASH_job068.root
SIGMAB_COUNTS tag=MONASH species=Sigma*_b- pdg=5114 slice=all p=48 a=42 file=/data/alice/ipardoza/hadronization_production/HF_RUN3_V1/raw/MONASH/hf_MONASH_job068.root
SIGMAB_COUNTS tag=MONASH species=Sigma*_b- pdg=5114 slice=eta_lt_1 p=6 a=9 file=/data/alice/ipardoza/hadronization_production/HF_RUN3_V1/raw/MONASH/hf_MONASH_job068.root
SIGMAB_COUNTS tag=MONASH species=Sigma*_b- pdg=5114 slice=eta_1_2 p=13 a=6 file=/data/alice/ipardoza/hadronization_production/HF_RUN3_V1/raw/MONASH/hf_MONASH_job068.root
SIGMAB_COUNTS tag=MONASH species=Sigma*_b- pdg=5114 slice=eta_ge_2 p=29 a=27 file=/data/alice/ipardoza/hadronization_production/HF_RUN3_V1/raw/MONASH/hf_MONASH_job068.root
SIGMAB_COUNTS tag=MONASH species=Lambda_b0 pdg=5122 slice=all p=332 a=321 file=/data/alice/ipardoza/hadronization_production/HF_RUN3_V1/raw/MONASH/hf_MONASH_job068.root
SIGMAB_COUNTS tag=MONASH species=Lambda_b0 pdg=5122 slice=eta_lt_1 p=70 a=53 file=/data/alice/ipardoza/hadronization_production/HF_RUN3_V1/raw/MONASH/hf_MONASH_job068.root
SIGMAB_COUNTS tag=MONASH species=Lambda_b0 pdg=5122 slice=eta_1_2 p=75 a=73 file=/data/alice/ipardoza/hadronization_production/HF_RUN3_V1/raw/MONASH/hf_MONASH_job068.root
SIGMAB_COUNTS tag=MONASH species=Lambda_b0 pdg=5122 slice=eta_ge_2 p=187 a=195 file=/data/alice/ipardoza/hadronization_production/HF_RUN3_V1/raw/MONASH/hf_MONASH_job068.root
SIGMAB_COUNTS tag=MONASH species=Xi_b0 pdg=5232 slice=all p=52 a=52 file=/data/alice/ipardoza/hadronization_production/HF_RUN3_V1/raw/MONASH/hf_MONASH_job068.root
SIGMAB_COUNTS tag=MONASH species=Xi_b0 pdg=5232 slice=eta_lt_1 p=7 a=11 file=/data/alice/ipardoza/hadronization_production/HF_RUN3_V1/raw/MONASH/hf_MONASH_job068.root
SIGMAB_COUNTS tag=MONASH species=Xi_b0 pdg=5232 slice=eta_1_2 p=15 a=7 file=/data/alice/ipardoza/hadronization_production/HF_RUN3_V1/raw/MONASH/hf_MONASH_job068.root
SIGMAB_COUNTS tag=MONASH species=Xi_b0 pdg=5232 slice=eta_ge_2 p=30 a=34 file=/data/alice/ipardoza/hadronization_production/HF_RUN3_V1/raw/MONASH/hf_MONASH_job068.root
SIGMAB_COUNTS tag=MONASH species=Xi_b- pdg=5132 slice=all p=60 a=52 file=/data/alice/ipardoza/hadronization_production/HF_RUN3_V1/raw/MONASH/hf_MONASH_job068.root
SIGMAB_COUNTS tag=MONASH species=Xi_b- pdg=5132 slice=eta_lt_1 p=14 a=6 file=/data/alice/ipardoza/hadronization_production/HF_RUN3_V1/raw/MONASH/hf_MONASH_job068.root
SIGMAB_COUNTS tag=MONASH species=Xi_b- pdg=5132 slice=eta_1_2 p=15 a=10 file=/data/alice/ipardoza/hadronization_production/HF_RUN3_V1/raw/MONASH/hf_MONASH_job068.root
SIGMAB_COUNTS tag=MONASH species=Xi_b- pdg=5132 slice=eta_ge_2 p=31 a=36 file=/data/alice/ipardoza/hadronization_production/HF_RUN3_V1/raw/MONASH/hf_MONASH_job068.root
SIGMAB_COUNTS tag=MONASH species=Sigma_b+ pdg=5222 slice=all p=26 a=20 file=/data/alice/ipardoza/hadronization_production/HF_RUN3_V1/raw/MONASH/hf_MONASH_job069.root
SIGMAB_COUNTS tag=MONASH species=Sigma_b+ pdg=5222 slice=eta_lt_1 p=6 a=5 file=/data/alice/ipardoza/hadronization_production/HF_RUN3_V1/raw/MONASH/hf_MONASH_job069.root
SIGMAB_COUNTS tag=MONASH species=Sigma_b+ pdg=5222 slice=eta_1_2 p=4 a=5 file=/data/alice/ipardoza/hadronization_production/HF_RUN3_V1/raw/MONASH/hf_MONASH_job069.root
SIGMAB_COUNTS tag=MONASH species=Sigma_b+ pdg=5222 slice=eta_ge_2 p=16 a=10 file=/data/alice/ipardoza/hadronization_production/HF_RUN3_V1/raw/MONASH/hf_MONASH_job069.root
SIGMAB_COUNTS tag=MONASH species=Sigma_b0 pdg=5212 slice=all p=42 a=22 file=/data/alice/ipardoza/hadronization_production/HF_RUN3_V1/raw/MONASH/hf_MONASH_job069.root
SIGMAB_COUNTS tag=MONASH species=Sigma_b0 pdg=5212 slice=eta_lt_1 p=7 a=2 file=/data/alice/ipardoza/hadronization_production/HF_RUN3_V1/raw/MONASH/hf_MONASH_job069.root
SIGMAB_COUNTS tag=MONASH species=Sigma_b0 pdg=5212 slice=eta_1_2 p=9 a=5 file=/data/alice/ipardoza/hadronization_production/HF_RUN3_V1/raw/MONASH/hf_MONASH_job069.root
SIGMAB_COUNTS tag=MONASH species=Sigma_b0 pdg=5212 slice=eta_ge_2 p=26 a=15 file=/data/alice/ipardoza/hadronization_production/HF_RUN3_V1/raw/MONASH/hf_MONASH_job069.root
SIGMAB_COUNTS tag=MONASH species=Sigma_b- pdg=5112 slice=all p=31 a=21 file=/data/alice/ipardoza/hadronization_production/HF_RUN3_V1/raw/MONASH/hf_MONASH_job069.root
SIGMAB_COUNTS tag=MONASH species=Sigma_b- pdg=5112 slice=eta_lt_1 p=6 a=0 file=/data/alice/ipardoza/hadronization_production/HF_RUN3_V1/raw/MONASH/hf_MONASH_job069.root
SIGMAB_COUNTS tag=MONASH species=Sigma_b- pdg=5112 slice=eta_1_2 p=7 a=4 file=/data/alice/ipardoza/hadronization_production/HF_RUN3_V1/raw/MONASH/hf_MONASH_job069.root
SIGMAB_COUNTS tag=MONASH species=Sigma_b- pdg=5112 slice=eta_ge_2 p=18 a=17 file=/data/alice/ipardoza/hadronization_production/HF_RUN3_V1/raw/MONASH/hf_MONASH_job069.root
SIGMAB_COUNTS tag=MONASH species=Sigma*_b+ pdg=5224 slice=all p=39 a=44 file=/data/alice/ipardoza/hadronization_production/HF_RUN3_V1/raw/MONASH/hf_MONASH_job069.root
SIGMAB_COUNTS tag=MONASH species=Sigma*_b+ pdg=5224 slice=eta_lt_1 p=8 a=9 file=/data/alice/ipardoza/hadronization_production/HF_RUN3_V1/raw/MONASH/hf_MONASH_job069.root
SIGMAB_COUNTS tag=MONASH species=Sigma*_b+ pdg=5224 slice=eta_1_2 p=6 a=11 file=/data/alice/ipardoza/hadronization_production/HF_RUN3_V1/raw/MONASH/hf_MONASH_job069.root
SIGMAB_COUNTS tag=MONASH species=Sigma*_b+ pdg=5224 slice=eta_ge_2 p=25 a=24 file=/data/alice/ipardoza/hadronization_production/HF_RUN3_V1/raw/MONASH/hf_MONASH_job069.root
SIGMAB_COUNTS tag=MONASH species=Sigma*_b0 pdg=5214 slice=all p=46 a=54 file=/data/alice/ipardoza/hadronization_production/HF_RUN3_V1/raw/MONASH/hf_MONASH_job069.root
SIGMAB_COUNTS tag=MONASH species=Sigma*_b0 pdg=5214 slice=eta_lt_1 p=8 a=12 file=/data/alice/ipardoza/hadronization_production/HF_RUN3_V1/raw/MONASH/hf_MONASH_job069.root
SIGMAB_COUNTS tag=MONASH species=Sigma*_b0 pdg=5214 slice=eta_1_2 p=4 a=11 file=/data/alice/ipardoza/hadronization_production/HF_RUN3_V1/raw/MONASH/hf_MONASH_job069.root
SIGMAB_COUNTS tag=MONASH species=Sigma*_b0 pdg=5214 slice=eta_ge_2 p=34 a=31 file=/data/alice/ipardoza/hadronization_production/HF_RUN3_V1/raw/MONASH/hf_MONASH_job069.root
SIGMAB_COUNTS tag=MONASH species=Sigma*_b- pdg=5114 slice=all p=45 a=47 file=/data/alice/ipardoza/hadronization_production/HF_RUN3_V1/raw/MONASH/hf_MONASH_job069.root
SIGMAB_COUNTS tag=MONASH species=Sigma*_b- pdg=5114 slice=eta_lt_1 p=7 a=5 file=/data/alice/ipardoza/hadronization_production/HF_RUN3_V1/raw/MONASH/hf_MONASH_job069.root
SIGMAB_COUNTS tag=MONASH species=Sigma*_b- pdg=5114 slice=eta_1_2 p=7 a=13 file=/data/alice/ipardoza/hadronization_production/HF_RUN3_V1/raw/MONASH/hf_MONASH_job069.root
SIGMAB_COUNTS tag=MONASH species=Sigma*_b- pdg=5114 slice=eta_ge_2 p=31 a=29 file=/data/alice/ipardoza/hadronization_production/HF_RUN3_V1/raw/MONASH/hf_MONASH_job069.root
SIGMAB_COUNTS tag=MONASH species=Lambda_b0 pdg=5122 slice=all p=287 a=277 file=/data/alice/ipardoza/hadronization_production/HF_RUN3_V1/raw/MONASH/hf_MONASH_job069.root
SIGMAB_COUNTS tag=MONASH species=Lambda_b0 pdg=5122 slice=eta_lt_1 p=48 a=49 file=/data/alice/ipardoza/hadronization_production/HF_RUN3_V1/raw/MONASH/hf_MONASH_job069.root
SIGMAB_COUNTS tag=MONASH species=Lambda_b0 pdg=5122 slice=eta_1_2 p=59 a=77 file=/data/alice/ipardoza/hadronization_production/HF_RUN3_V1/raw/MONASH/hf_MONASH_job069.root
SIGMAB_COUNTS tag=MONASH species=Lambda_b0 pdg=5122 slice=eta_ge_2 p=180 a=151 file=/data/alice/ipardoza/hadronization_production/HF_RUN3_V1/raw/MONASH/hf_MONASH_job069.root
SIGMAB_COUNTS tag=MONASH species=Xi_b0 pdg=5232 slice=all p=61 a=51 file=/data/alice/ipardoza/hadronization_production/HF_RUN3_V1/raw/MONASH/hf_MONASH_job069.root
SIGMAB_COUNTS tag=MONASH species=Xi_b0 pdg=5232 slice=eta_lt_1 p=14 a=10 file=/data/alice/ipardoza/hadronization_production/HF_RUN3_V1/raw/MONASH/hf_MONASH_job069.root
SIGMAB_COUNTS tag=MONASH species=Xi_b0 pdg=5232 slice=eta_1_2 p=8 a=15 file=/data/alice/ipardoza/hadronization_production/HF_RUN3_V1/raw/MONASH/hf_MONASH_job069.root
SIGMAB_COUNTS tag=MONASH species=Xi_b0 pdg=5232 slice=eta_ge_2 p=39 a=26 file=/data/alice/ipardoza/hadronization_production/HF_RUN3_V1/raw/MONASH/hf_MONASH_job069.root
SIGMAB_COUNTS tag=MONASH species=Xi_b- pdg=5132 slice=all p=63 a=58 file=/data/alice/ipardoza/hadronization_production/HF_RUN3_V1/raw/MONASH/hf_MONASH_job069.root
SIGMAB_COUNTS tag=MONASH species=Xi_b- pdg=5132 slice=eta_lt_1 p=11 a=7 file=/data/alice/ipardoza/hadronization_production/HF_RUN3_V1/raw/MONASH/hf_MONASH_job069.root
SIGMAB_COUNTS tag=MONASH species=Xi_b- pdg=5132 slice=eta_1_2 p=10 a=17 file=/data/alice/ipardoza/hadronization_production/HF_RUN3_V1/raw/MONASH/hf_MONASH_job069.root
SIGMAB_COUNTS tag=MONASH species=Xi_b- pdg=5132 slice=eta_ge_2 p=42 a=34 file=/data/alice/ipardoza/hadronization_production/HF_RUN3_V1/raw/MONASH/hf_MONASH_job069.root
SIGMAB_COUNTS tag=MONASH species=Sigma_b+ pdg=5222 slice=all p=35 a=20 file=/data/alice/ipardoza/hadronization_production/HF_RUN3_V1/raw/MONASH/hf_MONASH_job070.root
SIGMAB_COUNTS tag=MONASH species=Sigma_b+ pdg=5222 slice=eta_lt_1 p=3 a=3 file=/data/alice/ipardoza/hadronization_production/HF_RUN3_V1/raw/MONASH/hf_MONASH_job070.root
SIGMAB_COUNTS tag=MONASH species=Sigma_b+ pdg=5222 slice=eta_1_2 p=9 a=6 file=/data/alice/ipardoza/hadronization_production/HF_RUN3_V1/raw/MONASH/hf_MONASH_job070.root
SIGMAB_COUNTS tag=MONASH species=Sigma_b+ pdg=5222 slice=eta_ge_2 p=23 a=11 file=/data/alice/ipardoza/hadronization_production/HF_RUN3_V1/raw/MONASH/hf_MONASH_job070.root
SIGMAB_COUNTS tag=MONASH species=Sigma_b0 pdg=5212 slice=all p=36 a=22 file=/data/alice/ipardoza/hadronization_production/HF_RUN3_V1/raw/MONASH/hf_MONASH_job070.root
SIGMAB_COUNTS tag=MONASH species=Sigma_b0 pdg=5212 slice=eta_lt_1 p=5 a=4 file=/data/alice/ipardoza/hadronization_production/HF_RUN3_V1/raw/MONASH/hf_MONASH_job070.root
SIGMAB_COUNTS tag=MONASH species=Sigma_b0 pdg=5212 slice=eta_1_2 p=9 a=6 file=/data/alice/ipardoza/hadronization_production/HF_RUN3_V1/raw/MONASH/hf_MONASH_job070.root
SIGMAB_COUNTS tag=MONASH species=Sigma_b0 pdg=5212 slice=eta_ge_2 p=22 a=12 file=/data/alice/ipardoza/hadronization_production/HF_RUN3_V1/raw/MONASH/hf_MONASH_job070.root
SIGMAB_COUNTS tag=MONASH species=Sigma_b- pdg=5112 slice=all p=34 a=20 file=/data/alice/ipardoza/hadronization_production/HF_RUN3_V1/raw/MONASH/hf_MONASH_job070.root
SIGMAB_COUNTS tag=MONASH species=Sigma_b- pdg=5112 slice=eta_lt_1 p=5 a=5 file=/data/alice/ipardoza/hadronization_production/HF_RUN3_V1/raw/MONASH/hf_MONASH_job070.root
SIGMAB_COUNTS tag=MONASH species=Sigma_b- pdg=5112 slice=eta_1_2 p=7 a=3 file=/data/alice/ipardoza/hadronization_production/HF_RUN3_V1/raw/MONASH/hf_MONASH_job070.root
SIGMAB_COUNTS tag=MONASH species=Sigma_b- pdg=5112 slice=eta_ge_2 p=22 a=12 file=/data/alice/ipardoza/hadronization_production/HF_RUN3_V1/raw/MONASH/hf_MONASH_job070.root
SIGMAB_COUNTS tag=MONASH species=Sigma*_b+ pdg=5224 slice=all p=47 a=40 file=/data/alice/ipardoza/hadronization_production/HF_RUN3_V1/raw/MONASH/hf_MONASH_job070.root
SIGMAB_COUNTS tag=MONASH species=Sigma*_b+ pdg=5224 slice=eta_lt_1 p=11 a=9 file=/data/alice/ipardoza/hadronization_production/HF_RUN3_V1/raw/MONASH/hf_MONASH_job070.root
SIGMAB_COUNTS tag=MONASH species=Sigma*_b+ pdg=5224 slice=eta_1_2 p=5 a=9 file=/data/alice/ipardoza/hadronization_production/HF_RUN3_V1/raw/MONASH/hf_MONASH_job070.root
SIGMAB_COUNTS tag=MONASH species=Sigma*_b+ pdg=5224 slice=eta_ge_2 p=31 a=22 file=/data/alice/ipardoza/hadronization_production/HF_RUN3_V1/raw/MONASH/hf_MONASH_job070.root
SIGMAB_COUNTS tag=MONASH species=Sigma*_b0 pdg=5214 slice=all p=63 a=36 file=/data/alice/ipardoza/hadronization_production/HF_RUN3_V1/raw/MONASH/hf_MONASH_job070.root
SIGMAB_COUNTS tag=MONASH species=Sigma*_b0 pdg=5214 slice=eta_lt_1 p=9 a=7 file=/data/alice/ipardoza/hadronization_production/HF_RUN3_V1/raw/MONASH/hf_MONASH_job070.root
SIGMAB_COUNTS tag=MONASH species=Sigma*_b0 pdg=5214 slice=eta_1_2 p=15 a=14 file=/data/alice/ipardoza/hadronization_production/HF_RUN3_V1/raw/MONASH/hf_MONASH_job070.root
SIGMAB_COUNTS tag=MONASH species=Sigma*_b0 pdg=5214 slice=eta_ge_2 p=39 a=15 file=/data/alice/ipardoza/hadronization_production/HF_RUN3_V1/raw/MONASH/hf_MONASH_job070.root
SIGMAB_COUNTS tag=MONASH species=Sigma*_b- pdg=5114 slice=all p=52 a=39 file=/data/alice/ipardoza/hadronization_production/HF_RUN3_V1/raw/MONASH/hf_MONASH_job070.root
SIGMAB_COUNTS tag=MONASH species=Sigma*_b- pdg=5114 slice=eta_lt_1 p=7 a=6 file=/data/alice/ipardoza/hadronization_production/HF_RUN3_V1/raw/MONASH/hf_MONASH_job070.root
SIGMAB_COUNTS tag=MONASH species=Sigma*_b- pdg=5114 slice=eta_1_2 p=8 a=13 file=/data/alice/ipardoza/hadronization_production/HF_RUN3_V1/raw/MONASH/hf_MONASH_job070.root
SIGMAB_COUNTS tag=MONASH species=Sigma*_b- pdg=5114 slice=eta_ge_2 p=37 a=20 file=/data/alice/ipardoza/hadronization_production/HF_RUN3_V1/raw/MONASH/hf_MONASH_job070.root
SIGMAB_COUNTS tag=MONASH species=Lambda_b0 pdg=5122 slice=all p=345 a=308 file=/data/alice/ipardoza/hadronization_production/HF_RUN3_V1/raw/MONASH/hf_MONASH_job070.root
SIGMAB_COUNTS tag=MONASH species=Lambda_b0 pdg=5122 slice=eta_lt_1 p=50 a=69 file=/data/alice/ipardoza/hadronization_production/HF_RUN3_V1/raw/MONASH/hf_MONASH_job070.root
SIGMAB_COUNTS tag=MONASH species=Lambda_b0 pdg=5122 slice=eta_1_2 p=84 a=64 file=/data/alice/ipardoza/hadronization_production/HF_RUN3_V1/raw/MONASH/hf_MONASH_job070.root
SIGMAB_COUNTS tag=MONASH species=Lambda_b0 pdg=5122 slice=eta_ge_2 p=211 a=175 file=/data/alice/ipardoza/hadronization_production/HF_RUN3_V1/raw/MONASH/hf_MONASH_job070.root
SIGMAB_COUNTS tag=MONASH species=Xi_b0 pdg=5232 slice=all p=52 a=55 file=/data/alice/ipardoza/hadronization_production/HF_RUN3_V1/raw/MONASH/hf_MONASH_job070.root
SIGMAB_COUNTS tag=MONASH species=Xi_b0 pdg=5232 slice=eta_lt_1 p=8 a=8 file=/data/alice/ipardoza/hadronization_production/HF_RUN3_V1/raw/MONASH/hf_MONASH_job070.root
SIGMAB_COUNTS tag=MONASH species=Xi_b0 pdg=5232 slice=eta_1_2 p=10 a=9 file=/data/alice/ipardoza/hadronization_production/HF_RUN3_V1/raw/MONASH/hf_MONASH_job070.root
SIGMAB_COUNTS tag=MONASH species=Xi_b0 pdg=5232 slice=eta_ge_2 p=34 a=38 file=/data/alice/ipardoza/hadronization_production/HF_RUN3_V1/raw/MONASH/hf_MONASH_job070.root
SIGMAB_COUNTS tag=MONASH species=Xi_b- pdg=5132 slice=all p=61 a=63 file=/data/alice/ipardoza/hadronization_production/HF_RUN3_V1/raw/MONASH/hf_MONASH_job070.root
SIGMAB_COUNTS tag=MONASH species=Xi_b- pdg=5132 slice=eta_lt_1 p=9 a=9 file=/data/alice/ipardoza/hadronization_production/HF_RUN3_V1/raw/MONASH/hf_MONASH_job070.root
SIGMAB_COUNTS tag=MONASH species=Xi_b- pdg=5132 slice=eta_1_2 p=9 a=12 file=/data/alice/ipardoza/hadronization_production/HF_RUN3_V1/raw/MONASH/hf_MONASH_job070.root
SIGMAB_COUNTS tag=MONASH species=Xi_b- pdg=5132 slice=eta_ge_2 p=43 a=42 file=/data/alice/ipardoza/hadronization_production/HF_RUN3_V1/raw/MONASH/hf_MONASH_job070.root
SIGMAB_COUNTS tag=MONASH species=Sigma_b+ pdg=5222 slice=all p=33 a=21 file=/data/alice/ipardoza/hadronization_production/HF_RUN3_V1/raw/MONASH/hf_MONASH_job071.root
SIGMAB_COUNTS tag=MONASH species=Sigma_b+ pdg=5222 slice=eta_lt_1 p=4 a=5 file=/data/alice/ipardoza/hadronization_production/HF_RUN3_V1/raw/MONASH/hf_MONASH_job071.root
SIGMAB_COUNTS tag=MONASH species=Sigma_b+ pdg=5222 slice=eta_1_2 p=5 a=2 file=/data/alice/ipardoza/hadronization_production/HF_RUN3_V1/raw/MONASH/hf_MONASH_job071.root
SIGMAB_COUNTS tag=MONASH species=Sigma_b+ pdg=5222 slice=eta_ge_2 p=24 a=14 file=/data/alice/ipardoza/hadronization_production/HF_RUN3_V1/raw/MONASH/hf_MONASH_job071.root
SIGMAB_COUNTS tag=MONASH species=Sigma_b0 pdg=5212 slice=all p=40 a=23 file=/data/alice/ipardoza/hadronization_production/HF_RUN3_V1/raw/MONASH/hf_MONASH_job071.root
SIGMAB_COUNTS tag=MONASH species=Sigma_b0 pdg=5212 slice=eta_lt_1 p=7 a=3 file=/data/alice/ipardoza/hadronization_production/HF_RUN3_V1/raw/MONASH/hf_MONASH_job071.root
SIGMAB_COUNTS tag=MONASH species=Sigma_b0 pdg=5212 slice=eta_1_2 p=7 a=8 file=/data/alice/ipardoza/hadronization_production/HF_RUN3_V1/raw/MONASH/hf_MONASH_job071.root
SIGMAB_COUNTS tag=MONASH species=Sigma_b0 pdg=5212 slice=eta_ge_2 p=26 a=12 file=/data/alice/ipardoza/hadronization_production/HF_RUN3_V1/raw/MONASH/hf_MONASH_job071.root
SIGMAB_COUNTS tag=MONASH species=Sigma_b- pdg=5112 slice=all p=39 a=20 file=/data/alice/ipardoza/hadronization_production/HF_RUN3_V1/raw/MONASH/hf_MONASH_job071.root
SIGMAB_COUNTS tag=MONASH species=Sigma_b- pdg=5112 slice=eta_lt_1 p=1 a=4 file=/data/alice/ipardoza/hadronization_production/HF_RUN3_V1/raw/MONASH/hf_MONASH_job071.root
SIGMAB_COUNTS tag=MONASH species=Sigma_b- pdg=5112 slice=eta_1_2 p=7 a=3 file=/data/alice/ipardoza/hadronization_production/HF_RUN3_V1/raw/MONASH/hf_MONASH_job071.root
SIGMAB_COUNTS tag=MONASH species=Sigma_b- pdg=5112 slice=eta_ge_2 p=31 a=13 file=/data/alice/ipardoza/hadronization_production/HF_RUN3_V1/raw/MONASH/hf_MONASH_job071.root
SIGMAB_COUNTS tag=MONASH species=Sigma*_b+ pdg=5224 slice=all p=61 a=47 file=/data/alice/ipardoza/hadronization_production/HF_RUN3_V1/raw/MONASH/hf_MONASH_job071.root
SIGMAB_COUNTS tag=MONASH species=Sigma*_b+ pdg=5224 slice=eta_lt_1 p=7 a=14 file=/data/alice/ipardoza/hadronization_production/HF_RUN3_V1/raw/MONASH/hf_MONASH_job071.root
SIGMAB_COUNTS tag=MONASH species=Sigma*_b+ pdg=5224 slice=eta_1_2 p=17 a=9 file=/data/alice/ipardoza/hadronization_production/HF_RUN3_V1/raw/MONASH/hf_MONASH_job071.root
SIGMAB_COUNTS tag=MONASH species=Sigma*_b+ pdg=5224 slice=eta_ge_2 p=37 a=24 file=/data/alice/ipardoza/hadronization_production/HF_RUN3_V1/raw/MONASH/hf_MONASH_job071.root
SIGMAB_COUNTS tag=MONASH species=Sigma*_b0 pdg=5214 slice=all p=54 a=35 file=/data/alice/ipardoza/hadronization_production/HF_RUN3_V1/raw/MONASH/hf_MONASH_job071.root
SIGMAB_COUNTS tag=MONASH species=Sigma*_b0 pdg=5214 slice=eta_lt_1 p=5 a=8 file=/data/alice/ipardoza/hadronization_production/HF_RUN3_V1/raw/MONASH/hf_MONASH_job071.root
SIGMAB_COUNTS tag=MONASH species=Sigma*_b0 pdg=5214 slice=eta_1_2 p=11 a=5 file=/data/alice/ipardoza/hadronization_production/HF_RUN3_V1/raw/MONASH/hf_MONASH_job071.root
SIGMAB_COUNTS tag=MONASH species=Sigma*_b0 pdg=5214 slice=eta_ge_2 p=38 a=22 file=/data/alice/ipardoza/hadronization_production/HF_RUN3_V1/raw/MONASH/hf_MONASH_job071.root
SIGMAB_COUNTS tag=MONASH species=Sigma*_b- pdg=5114 slice=all p=44 a=56 file=/data/alice/ipardoza/hadronization_production/HF_RUN3_V1/raw/MONASH/hf_MONASH_job071.root
SIGMAB_COUNTS tag=MONASH species=Sigma*_b- pdg=5114 slice=eta_lt_1 p=6 a=16 file=/data/alice/ipardoza/hadronization_production/HF_RUN3_V1/raw/MONASH/hf_MONASH_job071.root
SIGMAB_COUNTS tag=MONASH species=Sigma*_b- pdg=5114 slice=eta_1_2 p=8 a=15 file=/data/alice/ipardoza/hadronization_production/HF_RUN3_V1/raw/MONASH/hf_MONASH_job071.root
SIGMAB_COUNTS tag=MONASH species=Sigma*_b- pdg=5114 slice=eta_ge_2 p=30 a=25 file=/data/alice/ipardoza/hadronization_production/HF_RUN3_V1/raw/MONASH/hf_MONASH_job071.root
SIGMAB_COUNTS tag=MONASH species=Lambda_b0 pdg=5122 slice=all p=304 a=321 file=/data/alice/ipardoza/hadronization_production/HF_RUN3_V1/raw/MONASH/hf_MONASH_job071.root
SIGMAB_COUNTS tag=MONASH species=Lambda_b0 pdg=5122 slice=eta_lt_1 p=58 a=59 file=/data/alice/ipardoza/hadronization_production/HF_RUN3_V1/raw/MONASH/hf_MONASH_job071.root
SIGMAB_COUNTS tag=MONASH species=Lambda_b0 pdg=5122 slice=eta_1_2 p=75 a=79 file=/data/alice/ipardoza/hadronization_production/HF_RUN3_V1/raw/MONASH/hf_MONASH_job071.root
SIGMAB_COUNTS tag=MONASH species=Lambda_b0 pdg=5122 slice=eta_ge_2 p=171 a=183 file=/data/alice/ipardoza/hadronization_production/HF_RUN3_V1/raw/MONASH/hf_MONASH_job071.root
SIGMAB_COUNTS tag=MONASH species=Xi_b0 pdg=5232 slice=all p=62 a=48 file=/data/alice/ipardoza/hadronization_production/HF_RUN3_V1/raw/MONASH/hf_MONASH_job071.root
SIGMAB_COUNTS tag=MONASH species=Xi_b0 pdg=5232 slice=eta_lt_1 p=8 a=5 file=/data/alice/ipardoza/hadronization_production/HF_RUN3_V1/raw/MONASH/hf_MONASH_job071.root
SIGMAB_COUNTS tag=MONASH species=Xi_b0 pdg=5232 slice=eta_1_2 p=11 a=9 file=/data/alice/ipardoza/hadronization_production/HF_RUN3_V1/raw/MONASH/hf_MONASH_job071.root
SIGMAB_COUNTS tag=MONASH species=Xi_b0 pdg=5232 slice=eta_ge_2 p=43 a=34 file=/data/alice/ipardoza/hadronization_production/HF_RUN3_V1/raw/MONASH/hf_MONASH_job071.root
SIGMAB_COUNTS tag=MONASH species=Xi_b- pdg=5132 slice=all p=60 a=74 file=/data/alice/ipardoza/hadronization_production/HF_RUN3_V1/raw/MONASH/hf_MONASH_job071.root
SIGMAB_COUNTS tag=MONASH species=Xi_b- pdg=5132 slice=eta_lt_1 p=12 a=9 file=/data/alice/ipardoza/hadronization_production/HF_RUN3_V1/raw/MONASH/hf_MONASH_job071.root
SIGMAB_COUNTS tag=MONASH species=Xi_b- pdg=5132 slice=eta_1_2 p=9 a=18 file=/data/alice/ipardoza/hadronization_production/HF_RUN3_V1/raw/MONASH/hf_MONASH_job071.root
SIGMAB_COUNTS tag=MONASH species=Xi_b- pdg=5132 slice=eta_ge_2 p=39 a=47 file=/data/alice/ipardoza/hadronization_production/HF_RUN3_V1/raw/MONASH/hf_MONASH_job071.root
SIGMAB_COUNTS tag=MONASH species=Sigma_b+ pdg=5222 slice=all p=38 a=16 file=/data/alice/ipardoza/hadronization_production/HF_RUN3_V1/raw/MONASH/hf_MONASH_job072.root
SIGMAB_COUNTS tag=MONASH species=Sigma_b+ pdg=5222 slice=eta_lt_1 p=6 a=6 file=/data/alice/ipardoza/hadronization_production/HF_RUN3_V1/raw/MONASH/hf_MONASH_job072.root
SIGMAB_COUNTS tag=MONASH species=Sigma_b+ pdg=5222 slice=eta_1_2 p=7 a=3 file=/data/alice/ipardoza/hadronization_production/HF_RUN3_V1/raw/MONASH/hf_MONASH_job072.root
SIGMAB_COUNTS tag=MONASH species=Sigma_b+ pdg=5222 slice=eta_ge_2 p=25 a=7 file=/data/alice/ipardoza/hadronization_production/HF_RUN3_V1/raw/MONASH/hf_MONASH_job072.root
SIGMAB_COUNTS tag=MONASH species=Sigma_b0 pdg=5212 slice=all p=34 a=21 file=/data/alice/ipardoza/hadronization_production/HF_RUN3_V1/raw/MONASH/hf_MONASH_job072.root
SIGMAB_COUNTS tag=MONASH species=Sigma_b0 pdg=5212 slice=eta_lt_1 p=3 a=3 file=/data/alice/ipardoza/hadronization_production/HF_RUN3_V1/raw/MONASH/hf_MONASH_job072.root
SIGMAB_COUNTS tag=MONASH species=Sigma_b0 pdg=5212 slice=eta_1_2 p=7 a=5 file=/data/alice/ipardoza/hadronization_production/HF_RUN3_V1/raw/MONASH/hf_MONASH_job072.root
SIGMAB_COUNTS tag=MONASH species=Sigma_b0 pdg=5212 slice=eta_ge_2 p=24 a=13 file=/data/alice/ipardoza/hadronization_production/HF_RUN3_V1/raw/MONASH/hf_MONASH_job072.root
SIGMAB_COUNTS tag=MONASH species=Sigma_b- pdg=5112 slice=all p=34 a=19 file=/data/alice/ipardoza/hadronization_production/HF_RUN3_V1/raw/MONASH/hf_MONASH_job072.root
SIGMAB_COUNTS tag=MONASH species=Sigma_b- pdg=5112 slice=eta_lt_1 p=4 a=2 file=/data/alice/ipardoza/hadronization_production/HF_RUN3_V1/raw/MONASH/hf_MONASH_job072.root
SIGMAB_COUNTS tag=MONASH species=Sigma_b- pdg=5112 slice=eta_1_2 p=11 a=5 file=/data/alice/ipardoza/hadronization_production/HF_RUN3_V1/raw/MONASH/hf_MONASH_job072.root
SIGMAB_COUNTS tag=MONASH species=Sigma_b- pdg=5112 slice=eta_ge_2 p=19 a=12 file=/data/alice/ipardoza/hadronization_production/HF_RUN3_V1/raw/MONASH/hf_MONASH_job072.root
SIGMAB_COUNTS tag=MONASH species=Sigma*_b+ pdg=5224 slice=all p=52 a=46 file=/data/alice/ipardoza/hadronization_production/HF_RUN3_V1/raw/MONASH/hf_MONASH_job072.root
SIGMAB_COUNTS tag=MONASH species=Sigma*_b+ pdg=5224 slice=eta_lt_1 p=15 a=5 file=/data/alice/ipardoza/hadronization_production/HF_RUN3_V1/raw/MONASH/hf_MONASH_job072.root
SIGMAB_COUNTS tag=MONASH species=Sigma*_b+ pdg=5224 slice=eta_1_2 p=5 a=10 file=/data/alice/ipardoza/hadronization_production/HF_RUN3_V1/raw/MONASH/hf_MONASH_job072.root
SIGMAB_COUNTS tag=MONASH species=Sigma*_b+ pdg=5224 slice=eta_ge_2 p=32 a=31 file=/data/alice/ipardoza/hadronization_production/HF_RUN3_V1/raw/MONASH/hf_MONASH_job072.root
SIGMAB_COUNTS tag=MONASH species=Sigma*_b0 pdg=5214 slice=all p=51 a=40 file=/data/alice/ipardoza/hadronization_production/HF_RUN3_V1/raw/MONASH/hf_MONASH_job072.root
SIGMAB_COUNTS tag=MONASH species=Sigma*_b0 pdg=5214 slice=eta_lt_1 p=9 a=13 file=/data/alice/ipardoza/hadronization_production/HF_RUN3_V1/raw/MONASH/hf_MONASH_job072.root
SIGMAB_COUNTS tag=MONASH species=Sigma*_b0 pdg=5214 slice=eta_1_2 p=11 a=12 file=/data/alice/ipardoza/hadronization_production/HF_RUN3_V1/raw/MONASH/hf_MONASH_job072.root
SIGMAB_COUNTS tag=MONASH species=Sigma*_b0 pdg=5214 slice=eta_ge_2 p=31 a=15 file=/data/alice/ipardoza/hadronization_production/HF_RUN3_V1/raw/MONASH/hf_MONASH_job072.root
SIGMAB_COUNTS tag=MONASH species=Sigma*_b- pdg=5114 slice=all p=47 a=44 file=/data/alice/ipardoza/hadronization_production/HF_RUN3_V1/raw/MONASH/hf_MONASH_job072.root
SIGMAB_COUNTS tag=MONASH species=Sigma*_b- pdg=5114 slice=eta_lt_1 p=4 a=11 file=/data/alice/ipardoza/hadronization_production/HF_RUN3_V1/raw/MONASH/hf_MONASH_job072.root
SIGMAB_COUNTS tag=MONASH species=Sigma*_b- pdg=5114 slice=eta_1_2 p=13 a=13 file=/data/alice/ipardoza/hadronization_production/HF_RUN3_V1/raw/MONASH/hf_MONASH_job072.root
SIGMAB_COUNTS tag=MONASH species=Sigma*_b- pdg=5114 slice=eta_ge_2 p=30 a=20 file=/data/alice/ipardoza/hadronization_production/HF_RUN3_V1/raw/MONASH/hf_MONASH_job072.root
SIGMAB_COUNTS tag=MONASH species=Lambda_b0 pdg=5122 slice=all p=302 a=319 file=/data/alice/ipardoza/hadronization_production/HF_RUN3_V1/raw/MONASH/hf_MONASH_job072.root
SIGMAB_COUNTS tag=MONASH species=Lambda_b0 pdg=5122 slice=eta_lt_1 p=54 a=63 file=/data/alice/ipardoza/hadronization_production/HF_RUN3_V1/raw/MONASH/hf_MONASH_job072.root
SIGMAB_COUNTS tag=MONASH species=Lambda_b0 pdg=5122 slice=eta_1_2 p=76 a=67 file=/data/alice/ipardoza/hadronization_production/HF_RUN3_V1/raw/MONASH/hf_MONASH_job072.root
SIGMAB_COUNTS tag=MONASH species=Lambda_b0 pdg=5122 slice=eta_ge_2 p=172 a=189 file=/data/alice/ipardoza/hadronization_production/HF_RUN3_V1/raw/MONASH/hf_MONASH_job072.root
SIGMAB_COUNTS tag=MONASH species=Xi_b0 pdg=5232 slice=all p=55 a=60 file=/data/alice/ipardoza/hadronization_production/HF_RUN3_V1/raw/MONASH/hf_MONASH_job072.root
SIGMAB_COUNTS tag=MONASH species=Xi_b0 pdg=5232 slice=eta_lt_1 p=14 a=10 file=/data/alice/ipardoza/hadronization_production/HF_RUN3_V1/raw/MONASH/hf_MONASH_job072.root
SIGMAB_COUNTS tag=MONASH species=Xi_b0 pdg=5232 slice=eta_1_2 p=8 a=12 file=/data/alice/ipardoza/hadronization_production/HF_RUN3_V1/raw/MONASH/hf_MONASH_job072.root
SIGMAB_COUNTS tag=MONASH species=Xi_b0 pdg=5232 slice=eta_ge_2 p=33 a=38 file=/data/alice/ipardoza/hadronization_production/HF_RUN3_V1/raw/MONASH/hf_MONASH_job072.root
SIGMAB_COUNTS tag=MONASH species=Xi_b- pdg=5132 slice=all p=50 a=55 file=/data/alice/ipardoza/hadronization_production/HF_RUN3_V1/raw/MONASH/hf_MONASH_job072.root
SIGMAB_COUNTS tag=MONASH species=Xi_b- pdg=5132 slice=eta_lt_1 p=8 a=10 file=/data/alice/ipardoza/hadronization_production/HF_RUN3_V1/raw/MONASH/hf_MONASH_job072.root
SIGMAB_COUNTS tag=MONASH species=Xi_b- pdg=5132 slice=eta_1_2 p=13 a=9 file=/data/alice/ipardoza/hadronization_production/HF_RUN3_V1/raw/MONASH/hf_MONASH_job072.root
SIGMAB_COUNTS tag=MONASH species=Xi_b- pdg=5132 slice=eta_ge_2 p=29 a=36 file=/data/alice/ipardoza/hadronization_production/HF_RUN3_V1/raw/MONASH/hf_MONASH_job072.root
SIGMAB_COUNTS tag=MONASH species=Sigma_b+ pdg=5222 slice=all p=33 a=30 file=/data/alice/ipardoza/hadronization_production/HF_RUN3_V1/raw/MONASH/hf_MONASH_job073.root
SIGMAB_COUNTS tag=MONASH species=Sigma_b+ pdg=5222 slice=eta_lt_1 p=4 a=2 file=/data/alice/ipardoza/hadronization_production/HF_RUN3_V1/raw/MONASH/hf_MONASH_job073.root
SIGMAB_COUNTS tag=MONASH species=Sigma_b+ pdg=5222 slice=eta_1_2 p=8 a=8 file=/data/alice/ipardoza/hadronization_production/HF_RUN3_V1/raw/MONASH/hf_MONASH_job073.root
SIGMAB_COUNTS tag=MONASH species=Sigma_b+ pdg=5222 slice=eta_ge_2 p=21 a=20 file=/data/alice/ipardoza/hadronization_production/HF_RUN3_V1/raw/MONASH/hf_MONASH_job073.root
SIGMAB_COUNTS tag=MONASH species=Sigma_b0 pdg=5212 slice=all p=31 a=24 file=/data/alice/ipardoza/hadronization_production/HF_RUN3_V1/raw/MONASH/hf_MONASH_job073.root
SIGMAB_COUNTS tag=MONASH species=Sigma_b0 pdg=5212 slice=eta_lt_1 p=1 a=4 file=/data/alice/ipardoza/hadronization_production/HF_RUN3_V1/raw/MONASH/hf_MONASH_job073.root
SIGMAB_COUNTS tag=MONASH species=Sigma_b0 pdg=5212 slice=eta_1_2 p=4 a=6 file=/data/alice/ipardoza/hadronization_production/HF_RUN3_V1/raw/MONASH/hf_MONASH_job073.root
SIGMAB_COUNTS tag=MONASH species=Sigma_b0 pdg=5212 slice=eta_ge_2 p=26 a=14 file=/data/alice/ipardoza/hadronization_production/HF_RUN3_V1/raw/MONASH/hf_MONASH_job073.root
SIGMAB_COUNTS tag=MONASH species=Sigma_b- pdg=5112 slice=all p=25 a=29 file=/data/alice/ipardoza/hadronization_production/HF_RUN3_V1/raw/MONASH/hf_MONASH_job073.root
SIGMAB_COUNTS tag=MONASH species=Sigma_b- pdg=5112 slice=eta_lt_1 p=5 a=4 file=/data/alice/ipardoza/hadronization_production/HF_RUN3_V1/raw/MONASH/hf_MONASH_job073.root
SIGMAB_COUNTS tag=MONASH species=Sigma_b- pdg=5112 slice=eta_1_2 p=4 a=5 file=/data/alice/ipardoza/hadronization_production/HF_RUN3_V1/raw/MONASH/hf_MONASH_job073.root
SIGMAB_COUNTS tag=MONASH species=Sigma_b- pdg=5112 slice=eta_ge_2 p=16 a=20 file=/data/alice/ipardoza/hadronization_production/HF_RUN3_V1/raw/MONASH/hf_MONASH_job073.root
SIGMAB_COUNTS tag=MONASH species=Sigma*_b+ pdg=5224 slice=all p=44 a=45 file=/data/alice/ipardoza/hadronization_production/HF_RUN3_V1/raw/MONASH/hf_MONASH_job073.root
SIGMAB_COUNTS tag=MONASH species=Sigma*_b+ pdg=5224 slice=eta_lt_1 p=10 a=7 file=/data/alice/ipardoza/hadronization_production/HF_RUN3_V1/raw/MONASH/hf_MONASH_job073.root
SIGMAB_COUNTS tag=MONASH species=Sigma*_b+ pdg=5224 slice=eta_1_2 p=7 a=9 file=/data/alice/ipardoza/hadronization_production/HF_RUN3_V1/raw/MONASH/hf_MONASH_job073.root
SIGMAB_COUNTS tag=MONASH species=Sigma*_b+ pdg=5224 slice=eta_ge_2 p=27 a=29 file=/data/alice/ipardoza/hadronization_production/HF_RUN3_V1/raw/MONASH/hf_MONASH_job073.root
SIGMAB_COUNTS tag=MONASH species=Sigma*_b0 pdg=5214 slice=all p=43 a=43 file=/data/alice/ipardoza/hadronization_production/HF_RUN3_V1/raw/MONASH/hf_MONASH_job073.root
SIGMAB_COUNTS tag=MONASH species=Sigma*_b0 pdg=5214 slice=eta_lt_1 p=10 a=8 file=/data/alice/ipardoza/hadronization_production/HF_RUN3_V1/raw/MONASH/hf_MONASH_job073.root
SIGMAB_COUNTS tag=MONASH species=Sigma*_b0 pdg=5214 slice=eta_1_2 p=3 a=6 file=/data/alice/ipardoza/hadronization_production/HF_RUN3_V1/raw/MONASH/hf_MONASH_job073.root
SIGMAB_COUNTS tag=MONASH species=Sigma*_b0 pdg=5214 slice=eta_ge_2 p=30 a=29 file=/data/alice/ipardoza/hadronization_production/HF_RUN3_V1/raw/MONASH/hf_MONASH_job073.root
SIGMAB_COUNTS tag=MONASH species=Sigma*_b- pdg=5114 slice=all p=52 a=39 file=/data/alice/ipardoza/hadronization_production/HF_RUN3_V1/raw/MONASH/hf_MONASH_job073.root
SIGMAB_COUNTS tag=MONASH species=Sigma*_b- pdg=5114 slice=eta_lt_1 p=10 a=12 file=/data/alice/ipardoza/hadronization_production/HF_RUN3_V1/raw/MONASH/hf_MONASH_job073.root
SIGMAB_COUNTS tag=MONASH species=Sigma*_b- pdg=5114 slice=eta_1_2 p=12 a=10 file=/data/alice/ipardoza/hadronization_production/HF_RUN3_V1/raw/MONASH/hf_MONASH_job073.root
SIGMAB_COUNTS tag=MONASH species=Sigma*_b- pdg=5114 slice=eta_ge_2 p=30 a=17 file=/data/alice/ipardoza/hadronization_production/HF_RUN3_V1/raw/MONASH/hf_MONASH_job073.root
SIGMAB_COUNTS tag=MONASH species=Lambda_b0 pdg=5122 slice=all p=294 a=340 file=/data/alice/ipardoza/hadronization_production/HF_RUN3_V1/raw/MONASH/hf_MONASH_job073.root
SIGMAB_COUNTS tag=MONASH species=Lambda_b0 pdg=5122 slice=eta_lt_1 p=55 a=59 file=/data/alice/ipardoza/hadronization_production/HF_RUN3_V1/raw/MONASH/hf_MONASH_job073.root
SIGMAB_COUNTS tag=MONASH species=Lambda_b0 pdg=5122 slice=eta_1_2 p=54 a=72 file=/data/alice/ipardoza/hadronization_production/HF_RUN3_V1/raw/MONASH/hf_MONASH_job073.root
SIGMAB_COUNTS tag=MONASH species=Lambda_b0 pdg=5122 slice=eta_ge_2 p=185 a=209 file=/data/alice/ipardoza/hadronization_production/HF_RUN3_V1/raw/MONASH/hf_MONASH_job073.root
SIGMAB_COUNTS tag=MONASH species=Xi_b0 pdg=5232 slice=all p=61 a=58 file=/data/alice/ipardoza/hadronization_production/HF_RUN3_V1/raw/MONASH/hf_MONASH_job073.root
SIGMAB_COUNTS tag=MONASH species=Xi_b0 pdg=5232 slice=eta_lt_1 p=12 a=14 file=/data/alice/ipardoza/hadronization_production/HF_RUN3_V1/raw/MONASH/hf_MONASH_job073.root
SIGMAB_COUNTS tag=MONASH species=Xi_b0 pdg=5232 slice=eta_1_2 p=14 a=11 file=/data/alice/ipardoza/hadronization_production/HF_RUN3_V1/raw/MONASH/hf_MONASH_job073.root
SIGMAB_COUNTS tag=MONASH species=Xi_b0 pdg=5232 slice=eta_ge_2 p=35 a=33 file=/data/alice/ipardoza/hadronization_production/HF_RUN3_V1/raw/MONASH/hf_MONASH_job073.root
SIGMAB_COUNTS tag=MONASH species=Xi_b- pdg=5132 slice=all p=69 a=46 file=/data/alice/ipardoza/hadronization_production/HF_RUN3_V1/raw/MONASH/hf_MONASH_job073.root
SIGMAB_COUNTS tag=MONASH species=Xi_b- pdg=5132 slice=eta_lt_1 p=14 a=4 file=/data/alice/ipardoza/hadronization_production/HF_RUN3_V1/raw/MONASH/hf_MONASH_job073.root
SIGMAB_COUNTS tag=MONASH species=Xi_b- pdg=5132 slice=eta_1_2 p=14 a=8 file=/data/alice/ipardoza/hadronization_production/HF_RUN3_V1/raw/MONASH/hf_MONASH_job073.root
SIGMAB_COUNTS tag=MONASH species=Xi_b- pdg=5132 slice=eta_ge_2 p=41 a=34 file=/data/alice/ipardoza/hadronization_production/HF_RUN3_V1/raw/MONASH/hf_MONASH_job073.root
SIGMAB_COUNTS tag=MONASH species=Sigma_b+ pdg=5222 slice=all p=42 a=16 file=/data/alice/ipardoza/hadronization_production/HF_RUN3_V1/raw/MONASH/hf_MONASH_job074.root
SIGMAB_COUNTS tag=MONASH species=Sigma_b+ pdg=5222 slice=eta_lt_1 p=0 a=1 file=/data/alice/ipardoza/hadronization_production/HF_RUN3_V1/raw/MONASH/hf_MONASH_job074.root
SIGMAB_COUNTS tag=MONASH species=Sigma_b+ pdg=5222 slice=eta_1_2 p=10 a=4 file=/data/alice/ipardoza/hadronization_production/HF_RUN3_V1/raw/MONASH/hf_MONASH_job074.root
SIGMAB_COUNTS tag=MONASH species=Sigma_b+ pdg=5222 slice=eta_ge_2 p=32 a=11 file=/data/alice/ipardoza/hadronization_production/HF_RUN3_V1/raw/MONASH/hf_MONASH_job074.root
SIGMAB_COUNTS tag=MONASH species=Sigma_b0 pdg=5212 slice=all p=31 a=24 file=/data/alice/ipardoza/hadronization_production/HF_RUN3_V1/raw/MONASH/hf_MONASH_job074.root
SIGMAB_COUNTS tag=MONASH species=Sigma_b0 pdg=5212 slice=eta_lt_1 p=6 a=2 file=/data/alice/ipardoza/hadronization_production/HF_RUN3_V1/raw/MONASH/hf_MONASH_job074.root
SIGMAB_COUNTS tag=MONASH species=Sigma_b0 pdg=5212 slice=eta_1_2 p=3 a=6 file=/data/alice/ipardoza/hadronization_production/HF_RUN3_V1/raw/MONASH/hf_MONASH_job074.root
SIGMAB_COUNTS tag=MONASH species=Sigma_b0 pdg=5212 slice=eta_ge_2 p=22 a=16 file=/data/alice/ipardoza/hadronization_production/HF_RUN3_V1/raw/MONASH/hf_MONASH_job074.root
SIGMAB_COUNTS tag=MONASH species=Sigma_b- pdg=5112 slice=all p=30 a=18 file=/data/alice/ipardoza/hadronization_production/HF_RUN3_V1/raw/MONASH/hf_MONASH_job074.root
SIGMAB_COUNTS tag=MONASH species=Sigma_b- pdg=5112 slice=eta_lt_1 p=2 a=4 file=/data/alice/ipardoza/hadronization_production/HF_RUN3_V1/raw/MONASH/hf_MONASH_job074.root
SIGMAB_COUNTS tag=MONASH species=Sigma_b- pdg=5112 slice=eta_1_2 p=11 a=1 file=/data/alice/ipardoza/hadronization_production/HF_RUN3_V1/raw/MONASH/hf_MONASH_job074.root
SIGMAB_COUNTS tag=MONASH species=Sigma_b- pdg=5112 slice=eta_ge_2 p=17 a=13 file=/data/alice/ipardoza/hadronization_production/HF_RUN3_V1/raw/MONASH/hf_MONASH_job074.root
SIGMAB_COUNTS tag=MONASH species=Sigma*_b+ pdg=5224 slice=all p=41 a=36 file=/data/alice/ipardoza/hadronization_production/HF_RUN3_V1/raw/MONASH/hf_MONASH_job074.root
SIGMAB_COUNTS tag=MONASH species=Sigma*_b+ pdg=5224 slice=eta_lt_1 p=10 a=6 file=/data/alice/ipardoza/hadronization_production/HF_RUN3_V1/raw/MONASH/hf_MONASH_job074.root
SIGMAB_COUNTS tag=MONASH species=Sigma*_b+ pdg=5224 slice=eta_1_2 p=6 a=9 file=/data/alice/ipardoza/hadronization_production/HF_RUN3_V1/raw/MONASH/hf_MONASH_job074.root
SIGMAB_COUNTS tag=MONASH species=Sigma*_b+ pdg=5224 slice=eta_ge_2 p=25 a=21 file=/data/alice/ipardoza/hadronization_production/HF_RUN3_V1/raw/MONASH/hf_MONASH_job074.root
SIGMAB_COUNTS tag=MONASH species=Sigma*_b0 pdg=5214 slice=all p=63 a=38 file=/data/alice/ipardoza/hadronization_production/HF_RUN3_V1/raw/MONASH/hf_MONASH_job074.root
SIGMAB_COUNTS tag=MONASH species=Sigma*_b0 pdg=5214 slice=eta_lt_1 p=10 a=9 file=/data/alice/ipardoza/hadronization_production/HF_RUN3_V1/raw/MONASH/hf_MONASH_job074.root
SIGMAB_COUNTS tag=MONASH species=Sigma*_b0 pdg=5214 slice=eta_1_2 p=14 a=11 file=/data/alice/ipardoza/hadronization_production/HF_RUN3_V1/raw/MONASH/hf_MONASH_job074.root
SIGMAB_COUNTS tag=MONASH species=Sigma*_b0 pdg=5214 slice=eta_ge_2 p=39 a=18 file=/data/alice/ipardoza/hadronization_production/HF_RUN3_V1/raw/MONASH/hf_MONASH_job074.root
SIGMAB_COUNTS tag=MONASH species=Sigma*_b- pdg=5114 slice=all p=44 a=35 file=/data/alice/ipardoza/hadronization_production/HF_RUN3_V1/raw/MONASH/hf_MONASH_job074.root
SIGMAB_COUNTS tag=MONASH species=Sigma*_b- pdg=5114 slice=eta_lt_1 p=6 a=7 file=/data/alice/ipardoza/hadronization_production/HF_RUN3_V1/raw/MONASH/hf_MONASH_job074.root
SIGMAB_COUNTS tag=MONASH species=Sigma*_b- pdg=5114 slice=eta_1_2 p=16 a=11 file=/data/alice/ipardoza/hadronization_production/HF_RUN3_V1/raw/MONASH/hf_MONASH_job074.root
SIGMAB_COUNTS tag=MONASH species=Sigma*_b- pdg=5114 slice=eta_ge_2 p=22 a=17 file=/data/alice/ipardoza/hadronization_production/HF_RUN3_V1/raw/MONASH/hf_MONASH_job074.root
SIGMAB_COUNTS tag=MONASH species=Lambda_b0 pdg=5122 slice=all p=323 a=346 file=/data/alice/ipardoza/hadronization_production/HF_RUN3_V1/raw/MONASH/hf_MONASH_job074.root
SIGMAB_COUNTS tag=MONASH species=Lambda_b0 pdg=5122 slice=eta_lt_1 p=60 a=71 file=/data/alice/ipardoza/hadronization_production/HF_RUN3_V1/raw/MONASH/hf_MONASH_job074.root
SIGMAB_COUNTS tag=MONASH species=Lambda_b0 pdg=5122 slice=eta_1_2 p=73 a=81 file=/data/alice/ipardoza/hadronization_production/HF_RUN3_V1/raw/MONASH/hf_MONASH_job074.root
SIGMAB_COUNTS tag=MONASH species=Lambda_b0 pdg=5122 slice=eta_ge_2 p=190 a=194 file=/data/alice/ipardoza/hadronization_production/HF_RUN3_V1/raw/MONASH/hf_MONASH_job074.root
SIGMAB_COUNTS tag=MONASH species=Xi_b0 pdg=5232 slice=all p=72 a=51 file=/data/alice/ipardoza/hadronization_production/HF_RUN3_V1/raw/MONASH/hf_MONASH_job074.root
SIGMAB_COUNTS tag=MONASH species=Xi_b0 pdg=5232 slice=eta_lt_1 p=14 a=10 file=/data/alice/ipardoza/hadronization_production/HF_RUN3_V1/raw/MONASH/hf_MONASH_job074.root
SIGMAB_COUNTS tag=MONASH species=Xi_b0 pdg=5232 slice=eta_1_2 p=16 a=14 file=/data/alice/ipardoza/hadronization_production/HF_RUN3_V1/raw/MONASH/hf_MONASH_job074.root
SIGMAB_COUNTS tag=MONASH species=Xi_b0 pdg=5232 slice=eta_ge_2 p=42 a=27 file=/data/alice/ipardoza/hadronization_production/HF_RUN3_V1/raw/MONASH/hf_MONASH_job074.root
SIGMAB_COUNTS tag=MONASH species=Xi_b- pdg=5132 slice=all p=53 a=47 file=/data/alice/ipardoza/hadronization_production/HF_RUN3_V1/raw/MONASH/hf_MONASH_job074.root
SIGMAB_COUNTS tag=MONASH species=Xi_b- pdg=5132 slice=eta_lt_1 p=6 a=13 file=/data/alice/ipardoza/hadronization_production/HF_RUN3_V1/raw/MONASH/hf_MONASH_job074.root
SIGMAB_COUNTS tag=MONASH species=Xi_b- pdg=5132 slice=eta_1_2 p=14 a=9 file=/data/alice/ipardoza/hadronization_production/HF_RUN3_V1/raw/MONASH/hf_MONASH_job074.root
SIGMAB_COUNTS tag=MONASH species=Xi_b- pdg=5132 slice=eta_ge_2 p=33 a=25 file=/data/alice/ipardoza/hadronization_production/HF_RUN3_V1/raw/MONASH/hf_MONASH_job074.root
SIGMAB_COUNTS tag=MONASH species=Sigma_b+ pdg=5222 slice=all p=38 a=15 file=/data/alice/ipardoza/hadronization_production/HF_RUN3_V1/raw/MONASH/hf_MONASH_job075.root
SIGMAB_COUNTS tag=MONASH species=Sigma_b+ pdg=5222 slice=eta_lt_1 p=7 a=1 file=/data/alice/ipardoza/hadronization_production/HF_RUN3_V1/raw/MONASH/hf_MONASH_job075.root
SIGMAB_COUNTS tag=MONASH species=Sigma_b+ pdg=5222 slice=eta_1_2 p=8 a=6 file=/data/alice/ipardoza/hadronization_production/HF_RUN3_V1/raw/MONASH/hf_MONASH_job075.root
SIGMAB_COUNTS tag=MONASH species=Sigma_b+ pdg=5222 slice=eta_ge_2 p=23 a=8 file=/data/alice/ipardoza/hadronization_production/HF_RUN3_V1/raw/MONASH/hf_MONASH_job075.root
SIGMAB_COUNTS tag=MONASH species=Sigma_b0 pdg=5212 slice=all p=42 a=27 file=/data/alice/ipardoza/hadronization_production/HF_RUN3_V1/raw/MONASH/hf_MONASH_job075.root
SIGMAB_COUNTS tag=MONASH species=Sigma_b0 pdg=5212 slice=eta_lt_1 p=6 a=5 file=/data/alice/ipardoza/hadronization_production/HF_RUN3_V1/raw/MONASH/hf_MONASH_job075.root
SIGMAB_COUNTS tag=MONASH species=Sigma_b0 pdg=5212 slice=eta_1_2 p=7 a=6 file=/data/alice/ipardoza/hadronization_production/HF_RUN3_V1/raw/MONASH/hf_MONASH_job075.root
SIGMAB_COUNTS tag=MONASH species=Sigma_b0 pdg=5212 slice=eta_ge_2 p=29 a=16 file=/data/alice/ipardoza/hadronization_production/HF_RUN3_V1/raw/MONASH/hf_MONASH_job075.root
SIGMAB_COUNTS tag=MONASH species=Sigma_b- pdg=5112 slice=all p=32 a=23 file=/data/alice/ipardoza/hadronization_production/HF_RUN3_V1/raw/MONASH/hf_MONASH_job075.root
SIGMAB_COUNTS tag=MONASH species=Sigma_b- pdg=5112 slice=eta_lt_1 p=2 a=5 file=/data/alice/ipardoza/hadronization_production/HF_RUN3_V1/raw/MONASH/hf_MONASH_job075.root
SIGMAB_COUNTS tag=MONASH species=Sigma_b- pdg=5112 slice=eta_1_2 p=6 a=4 file=/data/alice/ipardoza/hadronization_production/HF_RUN3_V1/raw/MONASH/hf_MONASH_job075.root
SIGMAB_COUNTS tag=MONASH species=Sigma_b- pdg=5112 slice=eta_ge_2 p=24 a=14 file=/data/alice/ipardoza/hadronization_production/HF_RUN3_V1/raw/MONASH/hf_MONASH_job075.root
SIGMAB_COUNTS tag=MONASH species=Sigma*_b+ pdg=5224 slice=all p=39 a=35 file=/data/alice/ipardoza/hadronization_production/HF_RUN3_V1/raw/MONASH/hf_MONASH_job075.root
SIGMAB_COUNTS tag=MONASH species=Sigma*_b+ pdg=5224 slice=eta_lt_1 p=8 a=3 file=/data/alice/ipardoza/hadronization_production/HF_RUN3_V1/raw/MONASH/hf_MONASH_job075.root
SIGMAB_COUNTS tag=MONASH species=Sigma*_b+ pdg=5224 slice=eta_1_2 p=9 a=10 file=/data/alice/ipardoza/hadronization_production/HF_RUN3_V1/raw/MONASH/hf_MONASH_job075.root
SIGMAB_COUNTS tag=MONASH species=Sigma*_b+ pdg=5224 slice=eta_ge_2 p=22 a=22 file=/data/alice/ipardoza/hadronization_production/HF_RUN3_V1/raw/MONASH/hf_MONASH_job075.root
SIGMAB_COUNTS tag=MONASH species=Sigma*_b0 pdg=5214 slice=all p=57 a=48 file=/data/alice/ipardoza/hadronization_production/HF_RUN3_V1/raw/MONASH/hf_MONASH_job075.root
SIGMAB_COUNTS tag=MONASH species=Sigma*_b0 pdg=5214 slice=eta_lt_1 p=8 a=6 file=/data/alice/ipardoza/hadronization_production/HF_RUN3_V1/raw/MONASH/hf_MONASH_job075.root
SIGMAB_COUNTS tag=MONASH species=Sigma*_b0 pdg=5214 slice=eta_1_2 p=11 a=10 file=/data/alice/ipardoza/hadronization_production/HF_RUN3_V1/raw/MONASH/hf_MONASH_job075.root
SIGMAB_COUNTS tag=MONASH species=Sigma*_b0 pdg=5214 slice=eta_ge_2 p=38 a=32 file=/data/alice/ipardoza/hadronization_production/HF_RUN3_V1/raw/MONASH/hf_MONASH_job075.root
SIGMAB_COUNTS tag=MONASH species=Sigma*_b- pdg=5114 slice=all p=43 a=41 file=/data/alice/ipardoza/hadronization_production/HF_RUN3_V1/raw/MONASH/hf_MONASH_job075.root
SIGMAB_COUNTS tag=MONASH species=Sigma*_b- pdg=5114 slice=eta_lt_1 p=10 a=4 file=/data/alice/ipardoza/hadronization_production/HF_RUN3_V1/raw/MONASH/hf_MONASH_job075.root
SIGMAB_COUNTS tag=MONASH species=Sigma*_b- pdg=5114 slice=eta_1_2 p=11 a=13 file=/data/alice/ipardoza/hadronization_production/HF_RUN3_V1/raw/MONASH/hf_MONASH_job075.root
SIGMAB_COUNTS tag=MONASH species=Sigma*_b- pdg=5114 slice=eta_ge_2 p=22 a=24 file=/data/alice/ipardoza/hadronization_production/HF_RUN3_V1/raw/MONASH/hf_MONASH_job075.root
SIGMAB_COUNTS tag=MONASH species=Lambda_b0 pdg=5122 slice=all p=353 a=326 file=/data/alice/ipardoza/hadronization_production/HF_RUN3_V1/raw/MONASH/hf_MONASH_job075.root
SIGMAB_COUNTS tag=MONASH species=Lambda_b0 pdg=5122 slice=eta_lt_1 p=67 a=51 file=/data/alice/ipardoza/hadronization_production/HF_RUN3_V1/raw/MONASH/hf_MONASH_job075.root
SIGMAB_COUNTS tag=MONASH species=Lambda_b0 pdg=5122 slice=eta_1_2 p=66 a=74 file=/data/alice/ipardoza/hadronization_production/HF_RUN3_V1/raw/MONASH/hf_MONASH_job075.root
SIGMAB_COUNTS tag=MONASH species=Lambda_b0 pdg=5122 slice=eta_ge_2 p=220 a=201 file=/data/alice/ipardoza/hadronization_production/HF_RUN3_V1/raw/MONASH/hf_MONASH_job075.root
SIGMAB_COUNTS tag=MONASH species=Xi_b0 pdg=5232 slice=all p=51 a=65 file=/data/alice/ipardoza/hadronization_production/HF_RUN3_V1/raw/MONASH/hf_MONASH_job075.root
SIGMAB_COUNTS tag=MONASH species=Xi_b0 pdg=5232 slice=eta_lt_1 p=11 a=11 file=/data/alice/ipardoza/hadronization_production/HF_RUN3_V1/raw/MONASH/hf_MONASH_job075.root
SIGMAB_COUNTS tag=MONASH species=Xi_b0 pdg=5232 slice=eta_1_2 p=7 a=10 file=/data/alice/ipardoza/hadronization_production/HF_RUN3_V1/raw/MONASH/hf_MONASH_job075.root
SIGMAB_COUNTS tag=MONASH species=Xi_b0 pdg=5232 slice=eta_ge_2 p=33 a=44 file=/data/alice/ipardoza/hadronization_production/HF_RUN3_V1/raw/MONASH/hf_MONASH_job075.root
SIGMAB_COUNTS tag=MONASH species=Xi_b- pdg=5132 slice=all p=47 a=52 file=/data/alice/ipardoza/hadronization_production/HF_RUN3_V1/raw/MONASH/hf_MONASH_job075.root
SIGMAB_COUNTS tag=MONASH species=Xi_b- pdg=5132 slice=eta_lt_1 p=6 a=10 file=/data/alice/ipardoza/hadronization_production/HF_RUN3_V1/raw/MONASH/hf_MONASH_job075.root
SIGMAB_COUNTS tag=MONASH species=Xi_b- pdg=5132 slice=eta_1_2 p=10 a=13 file=/data/alice/ipardoza/hadronization_production/HF_RUN3_V1/raw/MONASH/hf_MONASH_job075.root
SIGMAB_COUNTS tag=MONASH species=Xi_b- pdg=5132 slice=eta_ge_2 p=31 a=29 file=/data/alice/ipardoza/hadronization_production/HF_RUN3_V1/raw/MONASH/hf_MONASH_job075.root
SIGMAB_COUNTS tag=MONASH species=Sigma_b+ pdg=5222 slice=all p=36 a=21 file=/data/alice/ipardoza/hadronization_production/HF_RUN3_V1/raw/MONASH/hf_MONASH_job076.root
SIGMAB_COUNTS tag=MONASH species=Sigma_b+ pdg=5222 slice=eta_lt_1 p=5 a=2 file=/data/alice/ipardoza/hadronization_production/HF_RUN3_V1/raw/MONASH/hf_MONASH_job076.root
SIGMAB_COUNTS tag=MONASH species=Sigma_b+ pdg=5222 slice=eta_1_2 p=6 a=6 file=/data/alice/ipardoza/hadronization_production/HF_RUN3_V1/raw/MONASH/hf_MONASH_job076.root
SIGMAB_COUNTS tag=MONASH species=Sigma_b+ pdg=5222 slice=eta_ge_2 p=25 a=13 file=/data/alice/ipardoza/hadronization_production/HF_RUN3_V1/raw/MONASH/hf_MONASH_job076.root
SIGMAB_COUNTS tag=MONASH species=Sigma_b0 pdg=5212 slice=all p=37 a=23 file=/data/alice/ipardoza/hadronization_production/HF_RUN3_V1/raw/MONASH/hf_MONASH_job076.root
SIGMAB_COUNTS tag=MONASH species=Sigma_b0 pdg=5212 slice=eta_lt_1 p=3 a=1 file=/data/alice/ipardoza/hadronization_production/HF_RUN3_V1/raw/MONASH/hf_MONASH_job076.root
SIGMAB_COUNTS tag=MONASH species=Sigma_b0 pdg=5212 slice=eta_1_2 p=7 a=9 file=/data/alice/ipardoza/hadronization_production/HF_RUN3_V1/raw/MONASH/hf_MONASH_job076.root
SIGMAB_COUNTS tag=MONASH species=Sigma_b0 pdg=5212 slice=eta_ge_2 p=27 a=13 file=/data/alice/ipardoza/hadronization_production/HF_RUN3_V1/raw/MONASH/hf_MONASH_job076.root
SIGMAB_COUNTS tag=MONASH species=Sigma_b- pdg=5112 slice=all p=41 a=21 file=/data/alice/ipardoza/hadronization_production/HF_RUN3_V1/raw/MONASH/hf_MONASH_job076.root
SIGMAB_COUNTS tag=MONASH species=Sigma_b- pdg=5112 slice=eta_lt_1 p=4 a=7 file=/data/alice/ipardoza/hadronization_production/HF_RUN3_V1/raw/MONASH/hf_MONASH_job076.root
SIGMAB_COUNTS tag=MONASH species=Sigma_b- pdg=5112 slice=eta_1_2 p=12 a=4 file=/data/alice/ipardoza/hadronization_production/HF_RUN3_V1/raw/MONASH/hf_MONASH_job076.root
SIGMAB_COUNTS tag=MONASH species=Sigma_b- pdg=5112 slice=eta_ge_2 p=25 a=10 file=/data/alice/ipardoza/hadronization_production/HF_RUN3_V1/raw/MONASH/hf_MONASH_job076.root
SIGMAB_COUNTS tag=MONASH species=Sigma*_b+ pdg=5224 slice=all p=45 a=40 file=/data/alice/ipardoza/hadronization_production/HF_RUN3_V1/raw/MONASH/hf_MONASH_job076.root
SIGMAB_COUNTS tag=MONASH species=Sigma*_b+ pdg=5224 slice=eta_lt_1 p=4 a=8 file=/data/alice/ipardoza/hadronization_production/HF_RUN3_V1/raw/MONASH/hf_MONASH_job076.root
SIGMAB_COUNTS tag=MONASH species=Sigma*_b+ pdg=5224 slice=eta_1_2 p=6 a=13 file=/data/alice/ipardoza/hadronization_production/HF_RUN3_V1/raw/MONASH/hf_MONASH_job076.root
SIGMAB_COUNTS tag=MONASH species=Sigma*_b+ pdg=5224 slice=eta_ge_2 p=35 a=19 file=/data/alice/ipardoza/hadronization_production/HF_RUN3_V1/raw/MONASH/hf_MONASH_job076.root
SIGMAB_COUNTS tag=MONASH species=Sigma*_b0 pdg=5214 slice=all p=46 a=43 file=/data/alice/ipardoza/hadronization_production/HF_RUN3_V1/raw/MONASH/hf_MONASH_job076.root
SIGMAB_COUNTS tag=MONASH species=Sigma*_b0 pdg=5214 slice=eta_lt_1 p=7 a=6 file=/data/alice/ipardoza/hadronization_production/HF_RUN3_V1/raw/MONASH/hf_MONASH_job076.root
SIGMAB_COUNTS tag=MONASH species=Sigma*_b0 pdg=5214 slice=eta_1_2 p=13 a=9 file=/data/alice/ipardoza/hadronization_production/HF_RUN3_V1/raw/MONASH/hf_MONASH_job076.root
SIGMAB_COUNTS tag=MONASH species=Sigma*_b0 pdg=5214 slice=eta_ge_2 p=26 a=28 file=/data/alice/ipardoza/hadronization_production/HF_RUN3_V1/raw/MONASH/hf_MONASH_job076.root
SIGMAB_COUNTS tag=MONASH species=Sigma*_b- pdg=5114 slice=all p=50 a=42 file=/data/alice/ipardoza/hadronization_production/HF_RUN3_V1/raw/MONASH/hf_MONASH_job076.root
SIGMAB_COUNTS tag=MONASH species=Sigma*_b- pdg=5114 slice=eta_lt_1 p=3 a=9 file=/data/alice/ipardoza/hadronization_production/HF_RUN3_V1/raw/MONASH/hf_MONASH_job076.root
SIGMAB_COUNTS tag=MONASH species=Sigma*_b- pdg=5114 slice=eta_1_2 p=8 a=9 file=/data/alice/ipardoza/hadronization_production/HF_RUN3_V1/raw/MONASH/hf_MONASH_job076.root
SIGMAB_COUNTS tag=MONASH species=Sigma*_b- pdg=5114 slice=eta_ge_2 p=39 a=24 file=/data/alice/ipardoza/hadronization_production/HF_RUN3_V1/raw/MONASH/hf_MONASH_job076.root
SIGMAB_COUNTS tag=MONASH species=Lambda_b0 pdg=5122 slice=all p=306 a=306 file=/data/alice/ipardoza/hadronization_production/HF_RUN3_V1/raw/MONASH/hf_MONASH_job076.root
SIGMAB_COUNTS tag=MONASH species=Lambda_b0 pdg=5122 slice=eta_lt_1 p=55 a=57 file=/data/alice/ipardoza/hadronization_production/HF_RUN3_V1/raw/MONASH/hf_MONASH_job076.root
SIGMAB_COUNTS tag=MONASH species=Lambda_b0 pdg=5122 slice=eta_1_2 p=67 a=57 file=/data/alice/ipardoza/hadronization_production/HF_RUN3_V1/raw/MONASH/hf_MONASH_job076.root
SIGMAB_COUNTS tag=MONASH species=Lambda_b0 pdg=5122 slice=eta_ge_2 p=184 a=192 file=/data/alice/ipardoza/hadronization_production/HF_RUN3_V1/raw/MONASH/hf_MONASH_job076.root
SIGMAB_COUNTS tag=MONASH species=Xi_b0 pdg=5232 slice=all p=61 a=48 file=/data/alice/ipardoza/hadronization_production/HF_RUN3_V1/raw/MONASH/hf_MONASH_job076.root
SIGMAB_COUNTS tag=MONASH species=Xi_b0 pdg=5232 slice=eta_lt_1 p=18 a=10 file=/data/alice/ipardoza/hadronization_production/HF_RUN3_V1/raw/MONASH/hf_MONASH_job076.root
SIGMAB_COUNTS tag=MONASH species=Xi_b0 pdg=5232 slice=eta_1_2 p=11 a=12 file=/data/alice/ipardoza/hadronization_production/HF_RUN3_V1/raw/MONASH/hf_MONASH_job076.root
SIGMAB_COUNTS tag=MONASH species=Xi_b0 pdg=5232 slice=eta_ge_2 p=32 a=26 file=/data/alice/ipardoza/hadronization_production/HF_RUN3_V1/raw/MONASH/hf_MONASH_job076.root
SIGMAB_COUNTS tag=MONASH species=Xi_b- pdg=5132 slice=all p=54 a=54 file=/data/alice/ipardoza/hadronization_production/HF_RUN3_V1/raw/MONASH/hf_MONASH_job076.root
SIGMAB_COUNTS tag=MONASH species=Xi_b- pdg=5132 slice=eta_lt_1 p=12 a=13 file=/data/alice/ipardoza/hadronization_production/HF_RUN3_V1/raw/MONASH/hf_MONASH_job076.root
SIGMAB_COUNTS tag=MONASH species=Xi_b- pdg=5132 slice=eta_1_2 p=9 a=6 file=/data/alice/ipardoza/hadronization_production/HF_RUN3_V1/raw/MONASH/hf_MONASH_job076.root
SIGMAB_COUNTS tag=MONASH species=Xi_b- pdg=5132 slice=eta_ge_2 p=33 a=35 file=/data/alice/ipardoza/hadronization_production/HF_RUN3_V1/raw/MONASH/hf_MONASH_job076.root
SIGMAB_COUNTS tag=MONASH species=Sigma_b+ pdg=5222 slice=all p=34 a=19 file=/data/alice/ipardoza/hadronization_production/HF_RUN3_V1/raw/MONASH/hf_MONASH_job077.root
SIGMAB_COUNTS tag=MONASH species=Sigma_b+ pdg=5222 slice=eta_lt_1 p=8 a=4 file=/data/alice/ipardoza/hadronization_production/HF_RUN3_V1/raw/MONASH/hf_MONASH_job077.root
SIGMAB_COUNTS tag=MONASH species=Sigma_b+ pdg=5222 slice=eta_1_2 p=4 a=7 file=/data/alice/ipardoza/hadronization_production/HF_RUN3_V1/raw/MONASH/hf_MONASH_job077.root
SIGMAB_COUNTS tag=MONASH species=Sigma_b+ pdg=5222 slice=eta_ge_2 p=22 a=8 file=/data/alice/ipardoza/hadronization_production/HF_RUN3_V1/raw/MONASH/hf_MONASH_job077.root
SIGMAB_COUNTS tag=MONASH species=Sigma_b0 pdg=5212 slice=all p=24 a=18 file=/data/alice/ipardoza/hadronization_production/HF_RUN3_V1/raw/MONASH/hf_MONASH_job077.root
SIGMAB_COUNTS tag=MONASH species=Sigma_b0 pdg=5212 slice=eta_lt_1 p=3 a=2 file=/data/alice/ipardoza/hadronization_production/HF_RUN3_V1/raw/MONASH/hf_MONASH_job077.root
SIGMAB_COUNTS tag=MONASH species=Sigma_b0 pdg=5212 slice=eta_1_2 p=4 a=3 file=/data/alice/ipardoza/hadronization_production/HF_RUN3_V1/raw/MONASH/hf_MONASH_job077.root
SIGMAB_COUNTS tag=MONASH species=Sigma_b0 pdg=5212 slice=eta_ge_2 p=17 a=13 file=/data/alice/ipardoza/hadronization_production/HF_RUN3_V1/raw/MONASH/hf_MONASH_job077.root
SIGMAB_COUNTS tag=MONASH species=Sigma_b- pdg=5112 slice=all p=25 a=14 file=/data/alice/ipardoza/hadronization_production/HF_RUN3_V1/raw/MONASH/hf_MONASH_job077.root
SIGMAB_COUNTS tag=MONASH species=Sigma_b- pdg=5112 slice=eta_lt_1 p=9 a=7 file=/data/alice/ipardoza/hadronization_production/HF_RUN3_V1/raw/MONASH/hf_MONASH_job077.root
SIGMAB_COUNTS tag=MONASH species=Sigma_b- pdg=5112 slice=eta_1_2 p=7 a=1 file=/data/alice/ipardoza/hadronization_production/HF_RUN3_V1/raw/MONASH/hf_MONASH_job077.root
SIGMAB_COUNTS tag=MONASH species=Sigma_b- pdg=5112 slice=eta_ge_2 p=9 a=6 file=/data/alice/ipardoza/hadronization_production/HF_RUN3_V1/raw/MONASH/hf_MONASH_job077.root
SIGMAB_COUNTS tag=MONASH species=Sigma*_b+ pdg=5224 slice=all p=38 a=37 file=/data/alice/ipardoza/hadronization_production/HF_RUN3_V1/raw/MONASH/hf_MONASH_job077.root
SIGMAB_COUNTS tag=MONASH species=Sigma*_b+ pdg=5224 slice=eta_lt_1 p=3 a=11 file=/data/alice/ipardoza/hadronization_production/HF_RUN3_V1/raw/MONASH/hf_MONASH_job077.root
SIGMAB_COUNTS tag=MONASH species=Sigma*_b+ pdg=5224 slice=eta_1_2 p=10 a=9 file=/data/alice/ipardoza/hadronization_production/HF_RUN3_V1/raw/MONASH/hf_MONASH_job077.root
SIGMAB_COUNTS tag=MONASH species=Sigma*_b+ pdg=5224 slice=eta_ge_2 p=25 a=17 file=/data/alice/ipardoza/hadronization_production/HF_RUN3_V1/raw/MONASH/hf_MONASH_job077.root
SIGMAB_COUNTS tag=MONASH species=Sigma*_b0 pdg=5214 slice=all p=51 a=48 file=/data/alice/ipardoza/hadronization_production/HF_RUN3_V1/raw/MONASH/hf_MONASH_job077.root
SIGMAB_COUNTS tag=MONASH species=Sigma*_b0 pdg=5214 slice=eta_lt_1 p=8 a=7 file=/data/alice/ipardoza/hadronization_production/HF_RUN3_V1/raw/MONASH/hf_MONASH_job077.root
SIGMAB_COUNTS tag=MONASH species=Sigma*_b0 pdg=5214 slice=eta_1_2 p=14 a=11 file=/data/alice/ipardoza/hadronization_production/HF_RUN3_V1/raw/MONASH/hf_MONASH_job077.root
SIGMAB_COUNTS tag=MONASH species=Sigma*_b0 pdg=5214 slice=eta_ge_2 p=29 a=30 file=/data/alice/ipardoza/hadronization_production/HF_RUN3_V1/raw/MONASH/hf_MONASH_job077.root
SIGMAB_COUNTS tag=MONASH species=Sigma*_b- pdg=5114 slice=all p=54 a=35 file=/data/alice/ipardoza/hadronization_production/HF_RUN3_V1/raw/MONASH/hf_MONASH_job077.root
SIGMAB_COUNTS tag=MONASH species=Sigma*_b- pdg=5114 slice=eta_lt_1 p=15 a=6 file=/data/alice/ipardoza/hadronization_production/HF_RUN3_V1/raw/MONASH/hf_MONASH_job077.root
SIGMAB_COUNTS tag=MONASH species=Sigma*_b- pdg=5114 slice=eta_1_2 p=7 a=9 file=/data/alice/ipardoza/hadronization_production/HF_RUN3_V1/raw/MONASH/hf_MONASH_job077.root
SIGMAB_COUNTS tag=MONASH species=Sigma*_b- pdg=5114 slice=eta_ge_2 p=32 a=20 file=/data/alice/ipardoza/hadronization_production/HF_RUN3_V1/raw/MONASH/hf_MONASH_job077.root
SIGMAB_COUNTS tag=MONASH species=Lambda_b0 pdg=5122 slice=all p=341 a=342 file=/data/alice/ipardoza/hadronization_production/HF_RUN3_V1/raw/MONASH/hf_MONASH_job077.root
SIGMAB_COUNTS tag=MONASH species=Lambda_b0 pdg=5122 slice=eta_lt_1 p=61 a=59 file=/data/alice/ipardoza/hadronization_production/HF_RUN3_V1/raw/MONASH/hf_MONASH_job077.root
SIGMAB_COUNTS tag=MONASH species=Lambda_b0 pdg=5122 slice=eta_1_2 p=78 a=67 file=/data/alice/ipardoza/hadronization_production/HF_RUN3_V1/raw/MONASH/hf_MONASH_job077.root
SIGMAB_COUNTS tag=MONASH species=Lambda_b0 pdg=5122 slice=eta_ge_2 p=202 a=216 file=/data/alice/ipardoza/hadronization_production/HF_RUN3_V1/raw/MONASH/hf_MONASH_job077.root
SIGMAB_COUNTS tag=MONASH species=Xi_b0 pdg=5232 slice=all p=59 a=57 file=/data/alice/ipardoza/hadronization_production/HF_RUN3_V1/raw/MONASH/hf_MONASH_job077.root
SIGMAB_COUNTS tag=MONASH species=Xi_b0 pdg=5232 slice=eta_lt_1 p=9 a=9 file=/data/alice/ipardoza/hadronization_production/HF_RUN3_V1/raw/MONASH/hf_MONASH_job077.root
SIGMAB_COUNTS tag=MONASH species=Xi_b0 pdg=5232 slice=eta_1_2 p=15 a=17 file=/data/alice/ipardoza/hadronization_production/HF_RUN3_V1/raw/MONASH/hf_MONASH_job077.root
SIGMAB_COUNTS tag=MONASH species=Xi_b0 pdg=5232 slice=eta_ge_2 p=35 a=31 file=/data/alice/ipardoza/hadronization_production/HF_RUN3_V1/raw/MONASH/hf_MONASH_job077.root
SIGMAB_COUNTS tag=MONASH species=Xi_b- pdg=5132 slice=all p=62 a=59 file=/data/alice/ipardoza/hadronization_production/HF_RUN3_V1/raw/MONASH/hf_MONASH_job077.root
SIGMAB_COUNTS tag=MONASH species=Xi_b- pdg=5132 slice=eta_lt_1 p=14 a=10 file=/data/alice/ipardoza/hadronization_production/HF_RUN3_V1/raw/MONASH/hf_MONASH_job077.root
SIGMAB_COUNTS tag=MONASH species=Xi_b- pdg=5132 slice=eta_1_2 p=13 a=10 file=/data/alice/ipardoza/hadronization_production/HF_RUN3_V1/raw/MONASH/hf_MONASH_job077.root
SIGMAB_COUNTS tag=MONASH species=Xi_b- pdg=5132 slice=eta_ge_2 p=35 a=39 file=/data/alice/ipardoza/hadronization_production/HF_RUN3_V1/raw/MONASH/hf_MONASH_job077.root
SIGMAB_COUNTS tag=MONASH species=Sigma_b+ pdg=5222 slice=all p=30 a=17 file=/data/alice/ipardoza/hadronization_production/HF_RUN3_V1/raw/MONASH/hf_MONASH_job078.root
SIGMAB_COUNTS tag=MONASH species=Sigma_b+ pdg=5222 slice=eta_lt_1 p=3 a=3 file=/data/alice/ipardoza/hadronization_production/HF_RUN3_V1/raw/MONASH/hf_MONASH_job078.root
SIGMAB_COUNTS tag=MONASH species=Sigma_b+ pdg=5222 slice=eta_1_2 p=4 a=3 file=/data/alice/ipardoza/hadronization_production/HF_RUN3_V1/raw/MONASH/hf_MONASH_job078.root
SIGMAB_COUNTS tag=MONASH species=Sigma_b+ pdg=5222 slice=eta_ge_2 p=23 a=11 file=/data/alice/ipardoza/hadronization_production/HF_RUN3_V1/raw/MONASH/hf_MONASH_job078.root
SIGMAB_COUNTS tag=MONASH species=Sigma_b0 pdg=5212 slice=all p=31 a=14 file=/data/alice/ipardoza/hadronization_production/HF_RUN3_V1/raw/MONASH/hf_MONASH_job078.root
SIGMAB_COUNTS tag=MONASH species=Sigma_b0 pdg=5212 slice=eta_lt_1 p=7 a=3 file=/data/alice/ipardoza/hadronization_production/HF_RUN3_V1/raw/MONASH/hf_MONASH_job078.root
SIGMAB_COUNTS tag=MONASH species=Sigma_b0 pdg=5212 slice=eta_1_2 p=10 a=5 file=/data/alice/ipardoza/hadronization_production/HF_RUN3_V1/raw/MONASH/hf_MONASH_job078.root
SIGMAB_COUNTS tag=MONASH species=Sigma_b0 pdg=5212 slice=eta_ge_2 p=14 a=6 file=/data/alice/ipardoza/hadronization_production/HF_RUN3_V1/raw/MONASH/hf_MONASH_job078.root
SIGMAB_COUNTS tag=MONASH species=Sigma_b- pdg=5112 slice=all p=30 a=18 file=/data/alice/ipardoza/hadronization_production/HF_RUN3_V1/raw/MONASH/hf_MONASH_job078.root
SIGMAB_COUNTS tag=MONASH species=Sigma_b- pdg=5112 slice=eta_lt_1 p=6 a=3 file=/data/alice/ipardoza/hadronization_production/HF_RUN3_V1/raw/MONASH/hf_MONASH_job078.root
SIGMAB_COUNTS tag=MONASH species=Sigma_b- pdg=5112 slice=eta_1_2 p=5 a=7 file=/data/alice/ipardoza/hadronization_production/HF_RUN3_V1/raw/MONASH/hf_MONASH_job078.root
SIGMAB_COUNTS tag=MONASH species=Sigma_b- pdg=5112 slice=eta_ge_2 p=19 a=8 file=/data/alice/ipardoza/hadronization_production/HF_RUN3_V1/raw/MONASH/hf_MONASH_job078.root
SIGMAB_COUNTS tag=MONASH species=Sigma*_b+ pdg=5224 slice=all p=57 a=47 file=/data/alice/ipardoza/hadronization_production/HF_RUN3_V1/raw/MONASH/hf_MONASH_job078.root
SIGMAB_COUNTS tag=MONASH species=Sigma*_b+ pdg=5224 slice=eta_lt_1 p=10 a=3 file=/data/alice/ipardoza/hadronization_production/HF_RUN3_V1/raw/MONASH/hf_MONASH_job078.root
SIGMAB_COUNTS tag=MONASH species=Sigma*_b+ pdg=5224 slice=eta_1_2 p=12 a=9 file=/data/alice/ipardoza/hadronization_production/HF_RUN3_V1/raw/MONASH/hf_MONASH_job078.root
SIGMAB_COUNTS tag=MONASH species=Sigma*_b+ pdg=5224 slice=eta_ge_2 p=35 a=35 file=/data/alice/ipardoza/hadronization_production/HF_RUN3_V1/raw/MONASH/hf_MONASH_job078.root
SIGMAB_COUNTS tag=MONASH species=Sigma*_b0 pdg=5214 slice=all p=50 a=56 file=/data/alice/ipardoza/hadronization_production/HF_RUN3_V1/raw/MONASH/hf_MONASH_job078.root
SIGMAB_COUNTS tag=MONASH species=Sigma*_b0 pdg=5214 slice=eta_lt_1 p=8 a=12 file=/data/alice/ipardoza/hadronization_production/HF_RUN3_V1/raw/MONASH/hf_MONASH_job078.root
SIGMAB_COUNTS tag=MONASH species=Sigma*_b0 pdg=5214 slice=eta_1_2 p=11 a=10 file=/data/alice/ipardoza/hadronization_production/HF_RUN3_V1/raw/MONASH/hf_MONASH_job078.root
SIGMAB_COUNTS tag=MONASH species=Sigma*_b0 pdg=5214 slice=eta_ge_2 p=31 a=34 file=/data/alice/ipardoza/hadronization_production/HF_RUN3_V1/raw/MONASH/hf_MONASH_job078.root
SIGMAB_COUNTS tag=MONASH species=Sigma*_b- pdg=5114 slice=all p=53 a=29 file=/data/alice/ipardoza/hadronization_production/HF_RUN3_V1/raw/MONASH/hf_MONASH_job078.root
SIGMAB_COUNTS tag=MONASH species=Sigma*_b- pdg=5114 slice=eta_lt_1 p=12 a=2 file=/data/alice/ipardoza/hadronization_production/HF_RUN3_V1/raw/MONASH/hf_MONASH_job078.root
SIGMAB_COUNTS tag=MONASH species=Sigma*_b- pdg=5114 slice=eta_1_2 p=9 a=5 file=/data/alice/ipardoza/hadronization_production/HF_RUN3_V1/raw/MONASH/hf_MONASH_job078.root
SIGMAB_COUNTS tag=MONASH species=Sigma*_b- pdg=5114 slice=eta_ge_2 p=32 a=22 file=/data/alice/ipardoza/hadronization_production/HF_RUN3_V1/raw/MONASH/hf_MONASH_job078.root
SIGMAB_COUNTS tag=MONASH species=Lambda_b0 pdg=5122 slice=all p=316 a=282 file=/data/alice/ipardoza/hadronization_production/HF_RUN3_V1/raw/MONASH/hf_MONASH_job078.root
SIGMAB_COUNTS tag=MONASH species=Lambda_b0 pdg=5122 slice=eta_lt_1 p=61 a=63 file=/data/alice/ipardoza/hadronization_production/HF_RUN3_V1/raw/MONASH/hf_MONASH_job078.root
SIGMAB_COUNTS tag=MONASH species=Lambda_b0 pdg=5122 slice=eta_1_2 p=68 a=68 file=/data/alice/ipardoza/hadronization_production/HF_RUN3_V1/raw/MONASH/hf_MONASH_job078.root
SIGMAB_COUNTS tag=MONASH species=Lambda_b0 pdg=5122 slice=eta_ge_2 p=187 a=151 file=/data/alice/ipardoza/hadronization_production/HF_RUN3_V1/raw/MONASH/hf_MONASH_job078.root
SIGMAB_COUNTS tag=MONASH species=Xi_b0 pdg=5232 slice=all p=68 a=74 file=/data/alice/ipardoza/hadronization_production/HF_RUN3_V1/raw/MONASH/hf_MONASH_job078.root
SIGMAB_COUNTS tag=MONASH species=Xi_b0 pdg=5232 slice=eta_lt_1 p=13 a=17 file=/data/alice/ipardoza/hadronization_production/HF_RUN3_V1/raw/MONASH/hf_MONASH_job078.root
SIGMAB_COUNTS tag=MONASH species=Xi_b0 pdg=5232 slice=eta_1_2 p=14 a=13 file=/data/alice/ipardoza/hadronization_production/HF_RUN3_V1/raw/MONASH/hf_MONASH_job078.root
SIGMAB_COUNTS tag=MONASH species=Xi_b0 pdg=5232 slice=eta_ge_2 p=41 a=44 file=/data/alice/ipardoza/hadronization_production/HF_RUN3_V1/raw/MONASH/hf_MONASH_job078.root
SIGMAB_COUNTS tag=MONASH species=Xi_b- pdg=5132 slice=all p=61 a=51 file=/data/alice/ipardoza/hadronization_production/HF_RUN3_V1/raw/MONASH/hf_MONASH_job078.root
SIGMAB_COUNTS tag=MONASH species=Xi_b- pdg=5132 slice=eta_lt_1 p=8 a=10 file=/data/alice/ipardoza/hadronization_production/HF_RUN3_V1/raw/MONASH/hf_MONASH_job078.root
SIGMAB_COUNTS tag=MONASH species=Xi_b- pdg=5132 slice=eta_1_2 p=14 a=11 file=/data/alice/ipardoza/hadronization_production/HF_RUN3_V1/raw/MONASH/hf_MONASH_job078.root
SIGMAB_COUNTS tag=MONASH species=Xi_b- pdg=5132 slice=eta_ge_2 p=39 a=30 file=/data/alice/ipardoza/hadronization_production/HF_RUN3_V1/raw/MONASH/hf_MONASH_job078.root
SIGMAB_COUNTS tag=MONASH species=Sigma_b+ pdg=5222 slice=all p=32 a=26 file=/data/alice/ipardoza/hadronization_production/HF_RUN3_V1/raw/MONASH/hf_MONASH_job079.root
SIGMAB_COUNTS tag=MONASH species=Sigma_b+ pdg=5222 slice=eta_lt_1 p=6 a=4 file=/data/alice/ipardoza/hadronization_production/HF_RUN3_V1/raw/MONASH/hf_MONASH_job079.root
SIGMAB_COUNTS tag=MONASH species=Sigma_b+ pdg=5222 slice=eta_1_2 p=9 a=4 file=/data/alice/ipardoza/hadronization_production/HF_RUN3_V1/raw/MONASH/hf_MONASH_job079.root
SIGMAB_COUNTS tag=MONASH species=Sigma_b+ pdg=5222 slice=eta_ge_2 p=17 a=18 file=/data/alice/ipardoza/hadronization_production/HF_RUN3_V1/raw/MONASH/hf_MONASH_job079.root
SIGMAB_COUNTS tag=MONASH species=Sigma_b0 pdg=5212 slice=all p=29 a=17 file=/data/alice/ipardoza/hadronization_production/HF_RUN3_V1/raw/MONASH/hf_MONASH_job079.root
SIGMAB_COUNTS tag=MONASH species=Sigma_b0 pdg=5212 slice=eta_lt_1 p=6 a=2 file=/data/alice/ipardoza/hadronization_production/HF_RUN3_V1/raw/MONASH/hf_MONASH_job079.root
SIGMAB_COUNTS tag=MONASH species=Sigma_b0 pdg=5212 slice=eta_1_2 p=5 a=4 file=/data/alice/ipardoza/hadronization_production/HF_RUN3_V1/raw/MONASH/hf_MONASH_job079.root
SIGMAB_COUNTS tag=MONASH species=Sigma_b0 pdg=5212 slice=eta_ge_2 p=18 a=11 file=/data/alice/ipardoza/hadronization_production/HF_RUN3_V1/raw/MONASH/hf_MONASH_job079.root
SIGMAB_COUNTS tag=MONASH species=Sigma_b- pdg=5112 slice=all p=30 a=20 file=/data/alice/ipardoza/hadronization_production/HF_RUN3_V1/raw/MONASH/hf_MONASH_job079.root
SIGMAB_COUNTS tag=MONASH species=Sigma_b- pdg=5112 slice=eta_lt_1 p=4 a=5 file=/data/alice/ipardoza/hadronization_production/HF_RUN3_V1/raw/MONASH/hf_MONASH_job079.root
SIGMAB_COUNTS tag=MONASH species=Sigma_b- pdg=5112 slice=eta_1_2 p=3 a=2 file=/data/alice/ipardoza/hadronization_production/HF_RUN3_V1/raw/MONASH/hf_MONASH_job079.root
SIGMAB_COUNTS tag=MONASH species=Sigma_b- pdg=5112 slice=eta_ge_2 p=23 a=13 file=/data/alice/ipardoza/hadronization_production/HF_RUN3_V1/raw/MONASH/hf_MONASH_job079.root
SIGMAB_COUNTS tag=MONASH species=Sigma*_b+ pdg=5224 slice=all p=58 a=43 file=/data/alice/ipardoza/hadronization_production/HF_RUN3_V1/raw/MONASH/hf_MONASH_job079.root
SIGMAB_COUNTS tag=MONASH species=Sigma*_b+ pdg=5224 slice=eta_lt_1 p=12 a=12 file=/data/alice/ipardoza/hadronization_production/HF_RUN3_V1/raw/MONASH/hf_MONASH_job079.root
SIGMAB_COUNTS tag=MONASH species=Sigma*_b+ pdg=5224 slice=eta_1_2 p=7 a=11 file=/data/alice/ipardoza/hadronization_production/HF_RUN3_V1/raw/MONASH/hf_MONASH_job079.root
SIGMAB_COUNTS tag=MONASH species=Sigma*_b+ pdg=5224 slice=eta_ge_2 p=39 a=20 file=/data/alice/ipardoza/hadronization_production/HF_RUN3_V1/raw/MONASH/hf_MONASH_job079.root
SIGMAB_COUNTS tag=MONASH species=Sigma*_b0 pdg=5214 slice=all p=43 a=33 file=/data/alice/ipardoza/hadronization_production/HF_RUN3_V1/raw/MONASH/hf_MONASH_job079.root
SIGMAB_COUNTS tag=MONASH species=Sigma*_b0 pdg=5214 slice=eta_lt_1 p=12 a=5 file=/data/alice/ipardoza/hadronization_production/HF_RUN3_V1/raw/MONASH/hf_MONASH_job079.root
SIGMAB_COUNTS tag=MONASH species=Sigma*_b0 pdg=5214 slice=eta_1_2 p=6 a=10 file=/data/alice/ipardoza/hadronization_production/HF_RUN3_V1/raw/MONASH/hf_MONASH_job079.root
SIGMAB_COUNTS tag=MONASH species=Sigma*_b0 pdg=5214 slice=eta_ge_2 p=25 a=18 file=/data/alice/ipardoza/hadronization_production/HF_RUN3_V1/raw/MONASH/hf_MONASH_job079.root
SIGMAB_COUNTS tag=MONASH species=Sigma*_b- pdg=5114 slice=all p=42 a=48 file=/data/alice/ipardoza/hadronization_production/HF_RUN3_V1/raw/MONASH/hf_MONASH_job079.root
SIGMAB_COUNTS tag=MONASH species=Sigma*_b- pdg=5114 slice=eta_lt_1 p=11 a=8 file=/data/alice/ipardoza/hadronization_production/HF_RUN3_V1/raw/MONASH/hf_MONASH_job079.root
SIGMAB_COUNTS tag=MONASH species=Sigma*_b- pdg=5114 slice=eta_1_2 p=6 a=8 file=/data/alice/ipardoza/hadronization_production/HF_RUN3_V1/raw/MONASH/hf_MONASH_job079.root
SIGMAB_COUNTS tag=MONASH species=Sigma*_b- pdg=5114 slice=eta_ge_2 p=25 a=32 file=/data/alice/ipardoza/hadronization_production/HF_RUN3_V1/raw/MONASH/hf_MONASH_job079.root
SIGMAB_COUNTS tag=MONASH species=Lambda_b0 pdg=5122 slice=all p=313 a=318 file=/data/alice/ipardoza/hadronization_production/HF_RUN3_V1/raw/MONASH/hf_MONASH_job079.root
SIGMAB_COUNTS tag=MONASH species=Lambda_b0 pdg=5122 slice=eta_lt_1 p=59 a=71 file=/data/alice/ipardoza/hadronization_production/HF_RUN3_V1/raw/MONASH/hf_MONASH_job079.root
SIGMAB_COUNTS tag=MONASH species=Lambda_b0 pdg=5122 slice=eta_1_2 p=57 a=61 file=/data/alice/ipardoza/hadronization_production/HF_RUN3_V1/raw/MONASH/hf_MONASH_job079.root
SIGMAB_COUNTS tag=MONASH species=Lambda_b0 pdg=5122 slice=eta_ge_2 p=197 a=186 file=/data/alice/ipardoza/hadronization_production/HF_RUN3_V1/raw/MONASH/hf_MONASH_job079.root
SIGMAB_COUNTS tag=MONASH species=Xi_b0 pdg=5232 slice=all p=52 a=57 file=/data/alice/ipardoza/hadronization_production/HF_RUN3_V1/raw/MONASH/hf_MONASH_job079.root
SIGMAB_COUNTS tag=MONASH species=Xi_b0 pdg=5232 slice=eta_lt_1 p=5 a=10 file=/data/alice/ipardoza/hadronization_production/HF_RUN3_V1/raw/MONASH/hf_MONASH_job079.root
SIGMAB_COUNTS tag=MONASH species=Xi_b0 pdg=5232 slice=eta_1_2 p=9 a=8 file=/data/alice/ipardoza/hadronization_production/HF_RUN3_V1/raw/MONASH/hf_MONASH_job079.root
SIGMAB_COUNTS tag=MONASH species=Xi_b0 pdg=5232 slice=eta_ge_2 p=38 a=39 file=/data/alice/ipardoza/hadronization_production/HF_RUN3_V1/raw/MONASH/hf_MONASH_job079.root
SIGMAB_COUNTS tag=MONASH species=Xi_b- pdg=5132 slice=all p=66 a=48 file=/data/alice/ipardoza/hadronization_production/HF_RUN3_V1/raw/MONASH/hf_MONASH_job079.root
SIGMAB_COUNTS tag=MONASH species=Xi_b- pdg=5132 slice=eta_lt_1 p=13 a=12 file=/data/alice/ipardoza/hadronization_production/HF_RUN3_V1/raw/MONASH/hf_MONASH_job079.root
SIGMAB_COUNTS tag=MONASH species=Xi_b- pdg=5132 slice=eta_1_2 p=22 a=3 file=/data/alice/ipardoza/hadronization_production/HF_RUN3_V1/raw/MONASH/hf_MONASH_job079.root
SIGMAB_COUNTS tag=MONASH species=Xi_b- pdg=5132 slice=eta_ge_2 p=31 a=33 file=/data/alice/ipardoza/hadronization_production/HF_RUN3_V1/raw/MONASH/hf_MONASH_job079.root
SIGMAB_COUNTS tag=MONASH species=Sigma_b+ pdg=5222 slice=all p=33 a=16 file=/data/alice/ipardoza/hadronization_production/HF_RUN3_V1/raw/MONASH/hf_MONASH_job080.root
SIGMAB_COUNTS tag=MONASH species=Sigma_b+ pdg=5222 slice=eta_lt_1 p=7 a=3 file=/data/alice/ipardoza/hadronization_production/HF_RUN3_V1/raw/MONASH/hf_MONASH_job080.root
SIGMAB_COUNTS tag=MONASH species=Sigma_b+ pdg=5222 slice=eta_1_2 p=3 a=3 file=/data/alice/ipardoza/hadronization_production/HF_RUN3_V1/raw/MONASH/hf_MONASH_job080.root
SIGMAB_COUNTS tag=MONASH species=Sigma_b+ pdg=5222 slice=eta_ge_2 p=23 a=10 file=/data/alice/ipardoza/hadronization_production/HF_RUN3_V1/raw/MONASH/hf_MONASH_job080.root
SIGMAB_COUNTS tag=MONASH species=Sigma_b0 pdg=5212 slice=all p=29 a=27 file=/data/alice/ipardoza/hadronization_production/HF_RUN3_V1/raw/MONASH/hf_MONASH_job080.root
SIGMAB_COUNTS tag=MONASH species=Sigma_b0 pdg=5212 slice=eta_lt_1 p=7 a=5 file=/data/alice/ipardoza/hadronization_production/HF_RUN3_V1/raw/MONASH/hf_MONASH_job080.root
SIGMAB_COUNTS tag=MONASH species=Sigma_b0 pdg=5212 slice=eta_1_2 p=4 a=4 file=/data/alice/ipardoza/hadronization_production/HF_RUN3_V1/raw/MONASH/hf_MONASH_job080.root
SIGMAB_COUNTS tag=MONASH species=Sigma_b0 pdg=5212 slice=eta_ge_2 p=18 a=18 file=/data/alice/ipardoza/hadronization_production/HF_RUN3_V1/raw/MONASH/hf_MONASH_job080.root
SIGMAB_COUNTS tag=MONASH species=Sigma_b- pdg=5112 slice=all p=35 a=26 file=/data/alice/ipardoza/hadronization_production/HF_RUN3_V1/raw/MONASH/hf_MONASH_job080.root
SIGMAB_COUNTS tag=MONASH species=Sigma_b- pdg=5112 slice=eta_lt_1 p=3 a=6 file=/data/alice/ipardoza/hadronization_production/HF_RUN3_V1/raw/MONASH/hf_MONASH_job080.root
SIGMAB_COUNTS tag=MONASH species=Sigma_b- pdg=5112 slice=eta_1_2 p=5 a=9 file=/data/alice/ipardoza/hadronization_production/HF_RUN3_V1/raw/MONASH/hf_MONASH_job080.root
SIGMAB_COUNTS tag=MONASH species=Sigma_b- pdg=5112 slice=eta_ge_2 p=27 a=11 file=/data/alice/ipardoza/hadronization_production/HF_RUN3_V1/raw/MONASH/hf_MONASH_job080.root
SIGMAB_COUNTS tag=MONASH species=Sigma*_b+ pdg=5224 slice=all p=56 a=38 file=/data/alice/ipardoza/hadronization_production/HF_RUN3_V1/raw/MONASH/hf_MONASH_job080.root
SIGMAB_COUNTS tag=MONASH species=Sigma*_b+ pdg=5224 slice=eta_lt_1 p=10 a=6 file=/data/alice/ipardoza/hadronization_production/HF_RUN3_V1/raw/MONASH/hf_MONASH_job080.root
SIGMAB_COUNTS tag=MONASH species=Sigma*_b+ pdg=5224 slice=eta_1_2 p=12 a=10 file=/data/alice/ipardoza/hadronization_production/HF_RUN3_V1/raw/MONASH/hf_MONASH_job080.root
SIGMAB_COUNTS tag=MONASH species=Sigma*_b+ pdg=5224 slice=eta_ge_2 p=34 a=22 file=/data/alice/ipardoza/hadronization_production/HF_RUN3_V1/raw/MONASH/hf_MONASH_job080.root
SIGMAB_COUNTS tag=MONASH species=Sigma*_b0 pdg=5214 slice=all p=57 a=39 file=/data/alice/ipardoza/hadronization_production/HF_RUN3_V1/raw/MONASH/hf_MONASH_job080.root
SIGMAB_COUNTS tag=MONASH species=Sigma*_b0 pdg=5214 slice=eta_lt_1 p=14 a=7 file=/data/alice/ipardoza/hadronization_production/HF_RUN3_V1/raw/MONASH/hf_MONASH_job080.root
SIGMAB_COUNTS tag=MONASH species=Sigma*_b0 pdg=5214 slice=eta_1_2 p=14 a=6 file=/data/alice/ipardoza/hadronization_production/HF_RUN3_V1/raw/MONASH/hf_MONASH_job080.root
SIGMAB_COUNTS tag=MONASH species=Sigma*_b0 pdg=5214 slice=eta_ge_2 p=29 a=26 file=/data/alice/ipardoza/hadronization_production/HF_RUN3_V1/raw/MONASH/hf_MONASH_job080.root
SIGMAB_COUNTS tag=MONASH species=Sigma*_b- pdg=5114 slice=all p=54 a=47 file=/data/alice/ipardoza/hadronization_production/HF_RUN3_V1/raw/MONASH/hf_MONASH_job080.root
SIGMAB_COUNTS tag=MONASH species=Sigma*_b- pdg=5114 slice=eta_lt_1 p=11 a=6 file=/data/alice/ipardoza/hadronization_production/HF_RUN3_V1/raw/MONASH/hf_MONASH_job080.root
SIGMAB_COUNTS tag=MONASH species=Sigma*_b- pdg=5114 slice=eta_1_2 p=13 a=14 file=/data/alice/ipardoza/hadronization_production/HF_RUN3_V1/raw/MONASH/hf_MONASH_job080.root
SIGMAB_COUNTS tag=MONASH species=Sigma*_b- pdg=5114 slice=eta_ge_2 p=30 a=27 file=/data/alice/ipardoza/hadronization_production/HF_RUN3_V1/raw/MONASH/hf_MONASH_job080.root
SIGMAB_COUNTS tag=MONASH species=Lambda_b0 pdg=5122 slice=all p=309 a=317 file=/data/alice/ipardoza/hadronization_production/HF_RUN3_V1/raw/MONASH/hf_MONASH_job080.root
SIGMAB_COUNTS tag=MONASH species=Lambda_b0 pdg=5122 slice=eta_lt_1 p=54 a=65 file=/data/alice/ipardoza/hadronization_production/HF_RUN3_V1/raw/MONASH/hf_MONASH_job080.root
SIGMAB_COUNTS tag=MONASH species=Lambda_b0 pdg=5122 slice=eta_1_2 p=63 a=74 file=/data/alice/ipardoza/hadronization_production/HF_RUN3_V1/raw/MONASH/hf_MONASH_job080.root
SIGMAB_COUNTS tag=MONASH species=Lambda_b0 pdg=5122 slice=eta_ge_2 p=192 a=178 file=/data/alice/ipardoza/hadronization_production/HF_RUN3_V1/raw/MONASH/hf_MONASH_job080.root
SIGMAB_COUNTS tag=MONASH species=Xi_b0 pdg=5232 slice=all p=53 a=59 file=/data/alice/ipardoza/hadronization_production/HF_RUN3_V1/raw/MONASH/hf_MONASH_job080.root
SIGMAB_COUNTS tag=MONASH species=Xi_b0 pdg=5232 slice=eta_lt_1 p=11 a=14 file=/data/alice/ipardoza/hadronization_production/HF_RUN3_V1/raw/MONASH/hf_MONASH_job080.root
SIGMAB_COUNTS tag=MONASH species=Xi_b0 pdg=5232 slice=eta_1_2 p=11 a=10 file=/data/alice/ipardoza/hadronization_production/HF_RUN3_V1/raw/MONASH/hf_MONASH_job080.root
SIGMAB_COUNTS tag=MONASH species=Xi_b0 pdg=5232 slice=eta_ge_2 p=31 a=35 file=/data/alice/ipardoza/hadronization_production/HF_RUN3_V1/raw/MONASH/hf_MONASH_job080.root
SIGMAB_COUNTS tag=MONASH species=Xi_b- pdg=5132 slice=all p=65 a=61 file=/data/alice/ipardoza/hadronization_production/HF_RUN3_V1/raw/MONASH/hf_MONASH_job080.root
SIGMAB_COUNTS tag=MONASH species=Xi_b- pdg=5132 slice=eta_lt_1 p=16 a=8 file=/data/alice/ipardoza/hadronization_production/HF_RUN3_V1/raw/MONASH/hf_MONASH_job080.root
SIGMAB_COUNTS tag=MONASH species=Xi_b- pdg=5132 slice=eta_1_2 p=19 a=14 file=/data/alice/ipardoza/hadronization_production/HF_RUN3_V1/raw/MONASH/hf_MONASH_job080.root
SIGMAB_COUNTS tag=MONASH species=Xi_b- pdg=5132 slice=eta_ge_2 p=30 a=39 file=/data/alice/ipardoza/hadronization_production/HF_RUN3_V1/raw/MONASH/hf_MONASH_job080.root
SIGMAB_COUNTS tag=MONASH species=Sigma_b+ pdg=5222 slice=all p=30 a=29 file=/data/alice/ipardoza/hadronization_production/HF_RUN3_V1/raw/MONASH/hf_MONASH_job081.root
SIGMAB_COUNTS tag=MONASH species=Sigma_b+ pdg=5222 slice=eta_lt_1 p=5 a=2 file=/data/alice/ipardoza/hadronization_production/HF_RUN3_V1/raw/MONASH/hf_MONASH_job081.root
SIGMAB_COUNTS tag=MONASH species=Sigma_b+ pdg=5222 slice=eta_1_2 p=6 a=10 file=/data/alice/ipardoza/hadronization_production/HF_RUN3_V1/raw/MONASH/hf_MONASH_job081.root
SIGMAB_COUNTS tag=MONASH species=Sigma_b+ pdg=5222 slice=eta_ge_2 p=19 a=17 file=/data/alice/ipardoza/hadronization_production/HF_RUN3_V1/raw/MONASH/hf_MONASH_job081.root
SIGMAB_COUNTS tag=MONASH species=Sigma_b0 pdg=5212 slice=all p=40 a=29 file=/data/alice/ipardoza/hadronization_production/HF_RUN3_V1/raw/MONASH/hf_MONASH_job081.root
SIGMAB_COUNTS tag=MONASH species=Sigma_b0 pdg=5212 slice=eta_lt_1 p=6 a=8 file=/data/alice/ipardoza/hadronization_production/HF_RUN3_V1/raw/MONASH/hf_MONASH_job081.root
SIGMAB_COUNTS tag=MONASH species=Sigma_b0 pdg=5212 slice=eta_1_2 p=9 a=7 file=/data/alice/ipardoza/hadronization_production/HF_RUN3_V1/raw/MONASH/hf_MONASH_job081.root
SIGMAB_COUNTS tag=MONASH species=Sigma_b0 pdg=5212 slice=eta_ge_2 p=25 a=14 file=/data/alice/ipardoza/hadronization_production/HF_RUN3_V1/raw/MONASH/hf_MONASH_job081.root
SIGMAB_COUNTS tag=MONASH species=Sigma_b- pdg=5112 slice=all p=39 a=13 file=/data/alice/ipardoza/hadronization_production/HF_RUN3_V1/raw/MONASH/hf_MONASH_job081.root
SIGMAB_COUNTS tag=MONASH species=Sigma_b- pdg=5112 slice=eta_lt_1 p=6 a=1 file=/data/alice/ipardoza/hadronization_production/HF_RUN3_V1/raw/MONASH/hf_MONASH_job081.root
SIGMAB_COUNTS tag=MONASH species=Sigma_b- pdg=5112 slice=eta_1_2 p=10 a=3 file=/data/alice/ipardoza/hadronization_production/HF_RUN3_V1/raw/MONASH/hf_MONASH_job081.root
SIGMAB_COUNTS tag=MONASH species=Sigma_b- pdg=5112 slice=eta_ge_2 p=23 a=9 file=/data/alice/ipardoza/hadronization_production/HF_RUN3_V1/raw/MONASH/hf_MONASH_job081.root
SIGMAB_COUNTS tag=MONASH species=Sigma*_b+ pdg=5224 slice=all p=51 a=38 file=/data/alice/ipardoza/hadronization_production/HF_RUN3_V1/raw/MONASH/hf_MONASH_job081.root
SIGMAB_COUNTS tag=MONASH species=Sigma*_b+ pdg=5224 slice=eta_lt_1 p=11 a=8 file=/data/alice/ipardoza/hadronization_production/HF_RUN3_V1/raw/MONASH/hf_MONASH_job081.root
SIGMAB_COUNTS tag=MONASH species=Sigma*_b+ pdg=5224 slice=eta_1_2 p=7 a=7 file=/data/alice/ipardoza/hadronization_production/HF_RUN3_V1/raw/MONASH/hf_MONASH_job081.root
SIGMAB_COUNTS tag=MONASH species=Sigma*_b+ pdg=5224 slice=eta_ge_2 p=33 a=23 file=/data/alice/ipardoza/hadronization_production/HF_RUN3_V1/raw/MONASH/hf_MONASH_job081.root
SIGMAB_COUNTS tag=MONASH species=Sigma*_b0 pdg=5214 slice=all p=53 a=44 file=/data/alice/ipardoza/hadronization_production/HF_RUN3_V1/raw/MONASH/hf_MONASH_job081.root
SIGMAB_COUNTS tag=MONASH species=Sigma*_b0 pdg=5214 slice=eta_lt_1 p=9 a=5 file=/data/alice/ipardoza/hadronization_production/HF_RUN3_V1/raw/MONASH/hf_MONASH_job081.root
SIGMAB_COUNTS tag=MONASH species=Sigma*_b0 pdg=5214 slice=eta_1_2 p=11 a=15 file=/data/alice/ipardoza/hadronization_production/HF_RUN3_V1/raw/MONASH/hf_MONASH_job081.root
SIGMAB_COUNTS tag=MONASH species=Sigma*_b0 pdg=5214 slice=eta_ge_2 p=33 a=24 file=/data/alice/ipardoza/hadronization_production/HF_RUN3_V1/raw/MONASH/hf_MONASH_job081.root
SIGMAB_COUNTS tag=MONASH species=Sigma*_b- pdg=5114 slice=all p=43 a=35 file=/data/alice/ipardoza/hadronization_production/HF_RUN3_V1/raw/MONASH/hf_MONASH_job081.root
SIGMAB_COUNTS tag=MONASH species=Sigma*_b- pdg=5114 slice=eta_lt_1 p=8 a=3 file=/data/alice/ipardoza/hadronization_production/HF_RUN3_V1/raw/MONASH/hf_MONASH_job081.root
SIGMAB_COUNTS tag=MONASH species=Sigma*_b- pdg=5114 slice=eta_1_2 p=6 a=8 file=/data/alice/ipardoza/hadronization_production/HF_RUN3_V1/raw/MONASH/hf_MONASH_job081.root
SIGMAB_COUNTS tag=MONASH species=Sigma*_b- pdg=5114 slice=eta_ge_2 p=29 a=24 file=/data/alice/ipardoza/hadronization_production/HF_RUN3_V1/raw/MONASH/hf_MONASH_job081.root
SIGMAB_COUNTS tag=MONASH species=Lambda_b0 pdg=5122 slice=all p=301 a=313 file=/data/alice/ipardoza/hadronization_production/HF_RUN3_V1/raw/MONASH/hf_MONASH_job081.root
SIGMAB_COUNTS tag=MONASH species=Lambda_b0 pdg=5122 slice=eta_lt_1 p=58 a=48 file=/data/alice/ipardoza/hadronization_production/HF_RUN3_V1/raw/MONASH/hf_MONASH_job081.root
SIGMAB_COUNTS tag=MONASH species=Lambda_b0 pdg=5122 slice=eta_1_2 p=67 a=74 file=/data/alice/ipardoza/hadronization_production/HF_RUN3_V1/raw/MONASH/hf_MONASH_job081.root
SIGMAB_COUNTS tag=MONASH species=Lambda_b0 pdg=5122 slice=eta_ge_2 p=176 a=191 file=/data/alice/ipardoza/hadronization_production/HF_RUN3_V1/raw/MONASH/hf_MONASH_job081.root
SIGMAB_COUNTS tag=MONASH species=Xi_b0 pdg=5232 slice=all p=52 a=54 file=/data/alice/ipardoza/hadronization_production/HF_RUN3_V1/raw/MONASH/hf_MONASH_job081.root
SIGMAB_COUNTS tag=MONASH species=Xi_b0 pdg=5232 slice=eta_lt_1 p=6 a=11 file=/data/alice/ipardoza/hadronization_production/HF_RUN3_V1/raw/MONASH/hf_MONASH_job081.root
SIGMAB_COUNTS tag=MONASH species=Xi_b0 pdg=5232 slice=eta_1_2 p=8 a=16 file=/data/alice/ipardoza/hadronization_production/HF_RUN3_V1/raw/MONASH/hf_MONASH_job081.root
SIGMAB_COUNTS tag=MONASH species=Xi_b0 pdg=5232 slice=eta_ge_2 p=38 a=27 file=/data/alice/ipardoza/hadronization_production/HF_RUN3_V1/raw/MONASH/hf_MONASH_job081.root
SIGMAB_COUNTS tag=MONASH species=Xi_b- pdg=5132 slice=all p=54 a=55 file=/data/alice/ipardoza/hadronization_production/HF_RUN3_V1/raw/MONASH/hf_MONASH_job081.root
SIGMAB_COUNTS tag=MONASH species=Xi_b- pdg=5132 slice=eta_lt_1 p=8 a=14 file=/data/alice/ipardoza/hadronization_production/HF_RUN3_V1/raw/MONASH/hf_MONASH_job081.root
SIGMAB_COUNTS tag=MONASH species=Xi_b- pdg=5132 slice=eta_1_2 p=6 a=13 file=/data/alice/ipardoza/hadronization_production/HF_RUN3_V1/raw/MONASH/hf_MONASH_job081.root
SIGMAB_COUNTS tag=MONASH species=Xi_b- pdg=5132 slice=eta_ge_2 p=40 a=28 file=/data/alice/ipardoza/hadronization_production/HF_RUN3_V1/raw/MONASH/hf_MONASH_job081.root
SIGMAB_COUNTS tag=MONASH species=Sigma_b+ pdg=5222 slice=all p=33 a=23 file=/data/alice/ipardoza/hadronization_production/HF_RUN3_V1/raw/MONASH/hf_MONASH_job082.root
SIGMAB_COUNTS tag=MONASH species=Sigma_b+ pdg=5222 slice=eta_lt_1 p=4 a=4 file=/data/alice/ipardoza/hadronization_production/HF_RUN3_V1/raw/MONASH/hf_MONASH_job082.root
SIGMAB_COUNTS tag=MONASH species=Sigma_b+ pdg=5222 slice=eta_1_2 p=7 a=3 file=/data/alice/ipardoza/hadronization_production/HF_RUN3_V1/raw/MONASH/hf_MONASH_job082.root
SIGMAB_COUNTS tag=MONASH species=Sigma_b+ pdg=5222 slice=eta_ge_2 p=22 a=16 file=/data/alice/ipardoza/hadronization_production/HF_RUN3_V1/raw/MONASH/hf_MONASH_job082.root
SIGMAB_COUNTS tag=MONASH species=Sigma_b0 pdg=5212 slice=all p=41 a=28 file=/data/alice/ipardoza/hadronization_production/HF_RUN3_V1/raw/MONASH/hf_MONASH_job082.root
SIGMAB_COUNTS tag=MONASH species=Sigma_b0 pdg=5212 slice=eta_lt_1 p=5 a=5 file=/data/alice/ipardoza/hadronization_production/HF_RUN3_V1/raw/MONASH/hf_MONASH_job082.root
SIGMAB_COUNTS tag=MONASH species=Sigma_b0 pdg=5212 slice=eta_1_2 p=8 a=7 file=/data/alice/ipardoza/hadronization_production/HF_RUN3_V1/raw/MONASH/hf_MONASH_job082.root
SIGMAB_COUNTS tag=MONASH species=Sigma_b0 pdg=5212 slice=eta_ge_2 p=28 a=16 file=/data/alice/ipardoza/hadronization_production/HF_RUN3_V1/raw/MONASH/hf_MONASH_job082.root
SIGMAB_COUNTS tag=MONASH species=Sigma_b- pdg=5112 slice=all p=37 a=16 file=/data/alice/ipardoza/hadronization_production/HF_RUN3_V1/raw/MONASH/hf_MONASH_job082.root
SIGMAB_COUNTS tag=MONASH species=Sigma_b- pdg=5112 slice=eta_lt_1 p=6 a=0 file=/data/alice/ipardoza/hadronization_production/HF_RUN3_V1/raw/MONASH/hf_MONASH_job082.root
SIGMAB_COUNTS tag=MONASH species=Sigma_b- pdg=5112 slice=eta_1_2 p=10 a=5 file=/data/alice/ipardoza/hadronization_production/HF_RUN3_V1/raw/MONASH/hf_MONASH_job082.root
SIGMAB_COUNTS tag=MONASH species=Sigma_b- pdg=5112 slice=eta_ge_2 p=21 a=11 file=/data/alice/ipardoza/hadronization_production/HF_RUN3_V1/raw/MONASH/hf_MONASH_job082.root
SIGMAB_COUNTS tag=MONASH species=Sigma*_b+ pdg=5224 slice=all p=62 a=38 file=/data/alice/ipardoza/hadronization_production/HF_RUN3_V1/raw/MONASH/hf_MONASH_job082.root
SIGMAB_COUNTS tag=MONASH species=Sigma*_b+ pdg=5224 slice=eta_lt_1 p=9 a=9 file=/data/alice/ipardoza/hadronization_production/HF_RUN3_V1/raw/MONASH/hf_MONASH_job082.root
SIGMAB_COUNTS tag=MONASH species=Sigma*_b+ pdg=5224 slice=eta_1_2 p=13 a=11 file=/data/alice/ipardoza/hadronization_production/HF_RUN3_V1/raw/MONASH/hf_MONASH_job082.root
SIGMAB_COUNTS tag=MONASH species=Sigma*_b+ pdg=5224 slice=eta_ge_2 p=40 a=18 file=/data/alice/ipardoza/hadronization_production/HF_RUN3_V1/raw/MONASH/hf_MONASH_job082.root
SIGMAB_COUNTS tag=MONASH species=Sigma*_b0 pdg=5214 slice=all p=61 a=38 file=/data/alice/ipardoza/hadronization_production/HF_RUN3_V1/raw/MONASH/hf_MONASH_job082.root
SIGMAB_COUNTS tag=MONASH species=Sigma*_b0 pdg=5214 slice=eta_lt_1 p=11 a=7 file=/data/alice/ipardoza/hadronization_production/HF_RUN3_V1/raw/MONASH/hf_MONASH_job082.root
SIGMAB_COUNTS tag=MONASH species=Sigma*_b0 pdg=5214 slice=eta_1_2 p=16 a=7 file=/data/alice/ipardoza/hadronization_production/HF_RUN3_V1/raw/MONASH/hf_MONASH_job082.root
SIGMAB_COUNTS tag=MONASH species=Sigma*_b0 pdg=5214 slice=eta_ge_2 p=34 a=24 file=/data/alice/ipardoza/hadronization_production/HF_RUN3_V1/raw/MONASH/hf_MONASH_job082.root
SIGMAB_COUNTS tag=MONASH species=Sigma*_b- pdg=5114 slice=all p=51 a=42 file=/data/alice/ipardoza/hadronization_production/HF_RUN3_V1/raw/MONASH/hf_MONASH_job082.root
SIGMAB_COUNTS tag=MONASH species=Sigma*_b- pdg=5114 slice=eta_lt_1 p=8 a=8 file=/data/alice/ipardoza/hadronization_production/HF_RUN3_V1/raw/MONASH/hf_MONASH_job082.root
SIGMAB_COUNTS tag=MONASH species=Sigma*_b- pdg=5114 slice=eta_1_2 p=11 a=5 file=/data/alice/ipardoza/hadronization_production/HF_RUN3_V1/raw/MONASH/hf_MONASH_job082.root
SIGMAB_COUNTS tag=MONASH species=Sigma*_b- pdg=5114 slice=eta_ge_2 p=32 a=29 file=/data/alice/ipardoza/hadronization_production/HF_RUN3_V1/raw/MONASH/hf_MONASH_job082.root
SIGMAB_COUNTS tag=MONASH species=Lambda_b0 pdg=5122 slice=all p=340 a=352 file=/data/alice/ipardoza/hadronization_production/HF_RUN3_V1/raw/MONASH/hf_MONASH_job082.root
SIGMAB_COUNTS tag=MONASH species=Lambda_b0 pdg=5122 slice=eta_lt_1 p=71 a=55 file=/data/alice/ipardoza/hadronization_production/HF_RUN3_V1/raw/MONASH/hf_MONASH_job082.root
SIGMAB_COUNTS tag=MONASH species=Lambda_b0 pdg=5122 slice=eta_1_2 p=66 a=76 file=/data/alice/ipardoza/hadronization_production/HF_RUN3_V1/raw/MONASH/hf_MONASH_job082.root
SIGMAB_COUNTS tag=MONASH species=Lambda_b0 pdg=5122 slice=eta_ge_2 p=203 a=221 file=/data/alice/ipardoza/hadronization_production/HF_RUN3_V1/raw/MONASH/hf_MONASH_job082.root
SIGMAB_COUNTS tag=MONASH species=Xi_b0 pdg=5232 slice=all p=67 a=53 file=/data/alice/ipardoza/hadronization_production/HF_RUN3_V1/raw/MONASH/hf_MONASH_job082.root
SIGMAB_COUNTS tag=MONASH species=Xi_b0 pdg=5232 slice=eta_lt_1 p=7 a=12 file=/data/alice/ipardoza/hadronization_production/HF_RUN3_V1/raw/MONASH/hf_MONASH_job082.root
SIGMAB_COUNTS tag=MONASH species=Xi_b0 pdg=5232 slice=eta_1_2 p=20 a=12 file=/data/alice/ipardoza/hadronization_production/HF_RUN3_V1/raw/MONASH/hf_MONASH_job082.root
SIGMAB_COUNTS tag=MONASH species=Xi_b0 pdg=5232 slice=eta_ge_2 p=40 a=29 file=/data/alice/ipardoza/hadronization_production/HF_RUN3_V1/raw/MONASH/hf_MONASH_job082.root
SIGMAB_COUNTS tag=MONASH species=Xi_b- pdg=5132 slice=all p=55 a=77 file=/data/alice/ipardoza/hadronization_production/HF_RUN3_V1/raw/MONASH/hf_MONASH_job082.root
SIGMAB_COUNTS tag=MONASH species=Xi_b- pdg=5132 slice=eta_lt_1 p=10 a=15 file=/data/alice/ipardoza/hadronization_production/HF_RUN3_V1/raw/MONASH/hf_MONASH_job082.root
SIGMAB_COUNTS tag=MONASH species=Xi_b- pdg=5132 slice=eta_1_2 p=9 a=16 file=/data/alice/ipardoza/hadronization_production/HF_RUN3_V1/raw/MONASH/hf_MONASH_job082.root
SIGMAB_COUNTS tag=MONASH species=Xi_b- pdg=5132 slice=eta_ge_2 p=36 a=46 file=/data/alice/ipardoza/hadronization_production/HF_RUN3_V1/raw/MONASH/hf_MONASH_job082.root
SIGMAB_COUNTS tag=MONASH species=Sigma_b+ pdg=5222 slice=all p=35 a=25 file=/data/alice/ipardoza/hadronization_production/HF_RUN3_V1/raw/MONASH/hf_MONASH_job083.root
SIGMAB_COUNTS tag=MONASH species=Sigma_b+ pdg=5222 slice=eta_lt_1 p=6 a=7 file=/data/alice/ipardoza/hadronization_production/HF_RUN3_V1/raw/MONASH/hf_MONASH_job083.root
SIGMAB_COUNTS tag=MONASH species=Sigma_b+ pdg=5222 slice=eta_1_2 p=11 a=5 file=/data/alice/ipardoza/hadronization_production/HF_RUN3_V1/raw/MONASH/hf_MONASH_job083.root
SIGMAB_COUNTS tag=MONASH species=Sigma_b+ pdg=5222 slice=eta_ge_2 p=18 a=13 file=/data/alice/ipardoza/hadronization_production/HF_RUN3_V1/raw/MONASH/hf_MONASH_job083.root
SIGMAB_COUNTS tag=MONASH species=Sigma_b0 pdg=5212 slice=all p=26 a=18 file=/data/alice/ipardoza/hadronization_production/HF_RUN3_V1/raw/MONASH/hf_MONASH_job083.root
SIGMAB_COUNTS tag=MONASH species=Sigma_b0 pdg=5212 slice=eta_lt_1 p=3 a=4 file=/data/alice/ipardoza/hadronization_production/HF_RUN3_V1/raw/MONASH/hf_MONASH_job083.root
SIGMAB_COUNTS tag=MONASH species=Sigma_b0 pdg=5212 slice=eta_1_2 p=6 a=4 file=/data/alice/ipardoza/hadronization_production/HF_RUN3_V1/raw/MONASH/hf_MONASH_job083.root
SIGMAB_COUNTS tag=MONASH species=Sigma_b0 pdg=5212 slice=eta_ge_2 p=17 a=10 file=/data/alice/ipardoza/hadronization_production/HF_RUN3_V1/raw/MONASH/hf_MONASH_job083.root
SIGMAB_COUNTS tag=MONASH species=Sigma_b- pdg=5112 slice=all p=34 a=15 file=/data/alice/ipardoza/hadronization_production/HF_RUN3_V1/raw/MONASH/hf_MONASH_job083.root
SIGMAB_COUNTS tag=MONASH species=Sigma_b- pdg=5112 slice=eta_lt_1 p=7 a=6 file=/data/alice/ipardoza/hadronization_production/HF_RUN3_V1/raw/MONASH/hf_MONASH_job083.root
SIGMAB_COUNTS tag=MONASH species=Sigma_b- pdg=5112 slice=eta_1_2 p=9 a=2 file=/data/alice/ipardoza/hadronization_production/HF_RUN3_V1/raw/MONASH/hf_MONASH_job083.root
SIGMAB_COUNTS tag=MONASH species=Sigma_b- pdg=5112 slice=eta_ge_2 p=18 a=7 file=/data/alice/ipardoza/hadronization_production/HF_RUN3_V1/raw/MONASH/hf_MONASH_job083.root
SIGMAB_COUNTS tag=MONASH species=Sigma*_b+ pdg=5224 slice=all p=59 a=48 file=/data/alice/ipardoza/hadronization_production/HF_RUN3_V1/raw/MONASH/hf_MONASH_job083.root
SIGMAB_COUNTS tag=MONASH species=Sigma*_b+ pdg=5224 slice=eta_lt_1 p=10 a=9 file=/data/alice/ipardoza/hadronization_production/HF_RUN3_V1/raw/MONASH/hf_MONASH_job083.root
SIGMAB_COUNTS tag=MONASH species=Sigma*_b+ pdg=5224 slice=eta_1_2 p=13 a=13 file=/data/alice/ipardoza/hadronization_production/HF_RUN3_V1/raw/MONASH/hf_MONASH_job083.root
SIGMAB_COUNTS tag=MONASH species=Sigma*_b+ pdg=5224 slice=eta_ge_2 p=36 a=26 file=/data/alice/ipardoza/hadronization_production/HF_RUN3_V1/raw/MONASH/hf_MONASH_job083.root
SIGMAB_COUNTS tag=MONASH species=Sigma*_b0 pdg=5214 slice=all p=48 a=49 file=/data/alice/ipardoza/hadronization_production/HF_RUN3_V1/raw/MONASH/hf_MONASH_job083.root
SIGMAB_COUNTS tag=MONASH species=Sigma*_b0 pdg=5214 slice=eta_lt_1 p=10 a=10 file=/data/alice/ipardoza/hadronization_production/HF_RUN3_V1/raw/MONASH/hf_MONASH_job083.root
SIGMAB_COUNTS tag=MONASH species=Sigma*_b0 pdg=5214 slice=eta_1_2 p=4 a=11 file=/data/alice/ipardoza/hadronization_production/HF_RUN3_V1/raw/MONASH/hf_MONASH_job083.root
SIGMAB_COUNTS tag=MONASH species=Sigma*_b0 pdg=5214 slice=eta_ge_2 p=34 a=28 file=/data/alice/ipardoza/hadronization_production/HF_RUN3_V1/raw/MONASH/hf_MONASH_job083.root
SIGMAB_COUNTS tag=MONASH species=Sigma*_b- pdg=5114 slice=all p=47 a=34 file=/data/alice/ipardoza/hadronization_production/HF_RUN3_V1/raw/MONASH/hf_MONASH_job083.root
SIGMAB_COUNTS tag=MONASH species=Sigma*_b- pdg=5114 slice=eta_lt_1 p=6 a=5 file=/data/alice/ipardoza/hadronization_production/HF_RUN3_V1/raw/MONASH/hf_MONASH_job083.root
SIGMAB_COUNTS tag=MONASH species=Sigma*_b- pdg=5114 slice=eta_1_2 p=8 a=6 file=/data/alice/ipardoza/hadronization_production/HF_RUN3_V1/raw/MONASH/hf_MONASH_job083.root
SIGMAB_COUNTS tag=MONASH species=Sigma*_b- pdg=5114 slice=eta_ge_2 p=33 a=23 file=/data/alice/ipardoza/hadronization_production/HF_RUN3_V1/raw/MONASH/hf_MONASH_job083.root
SIGMAB_COUNTS tag=MONASH species=Lambda_b0 pdg=5122 slice=all p=308 a=326 file=/data/alice/ipardoza/hadronization_production/HF_RUN3_V1/raw/MONASH/hf_MONASH_job083.root
SIGMAB_COUNTS tag=MONASH species=Lambda_b0 pdg=5122 slice=eta_lt_1 p=51 a=55 file=/data/alice/ipardoza/hadronization_production/HF_RUN3_V1/raw/MONASH/hf_MONASH_job083.root
SIGMAB_COUNTS tag=MONASH species=Lambda_b0 pdg=5122 slice=eta_1_2 p=65 a=70 file=/data/alice/ipardoza/hadronization_production/HF_RUN3_V1/raw/MONASH/hf_MONASH_job083.root
SIGMAB_COUNTS tag=MONASH species=Lambda_b0 pdg=5122 slice=eta_ge_2 p=192 a=201 file=/data/alice/ipardoza/hadronization_production/HF_RUN3_V1/raw/MONASH/hf_MONASH_job083.root
SIGMAB_COUNTS tag=MONASH species=Xi_b0 pdg=5232 slice=all p=57 a=57 file=/data/alice/ipardoza/hadronization_production/HF_RUN3_V1/raw/MONASH/hf_MONASH_job083.root
SIGMAB_COUNTS tag=MONASH species=Xi_b0 pdg=5232 slice=eta_lt_1 p=11 a=11 file=/data/alice/ipardoza/hadronization_production/HF_RUN3_V1/raw/MONASH/hf_MONASH_job083.root
SIGMAB_COUNTS tag=MONASH species=Xi_b0 pdg=5232 slice=eta_1_2 p=12 a=9 file=/data/alice/ipardoza/hadronization_production/HF_RUN3_V1/raw/MONASH/hf_MONASH_job083.root
SIGMAB_COUNTS tag=MONASH species=Xi_b0 pdg=5232 slice=eta_ge_2 p=34 a=37 file=/data/alice/ipardoza/hadronization_production/HF_RUN3_V1/raw/MONASH/hf_MONASH_job083.root
SIGMAB_COUNTS tag=MONASH species=Xi_b- pdg=5132 slice=all p=50 a=50 file=/data/alice/ipardoza/hadronization_production/HF_RUN3_V1/raw/MONASH/hf_MONASH_job083.root
SIGMAB_COUNTS tag=MONASH species=Xi_b- pdg=5132 slice=eta_lt_1 p=10 a=13 file=/data/alice/ipardoza/hadronization_production/HF_RUN3_V1/raw/MONASH/hf_MONASH_job083.root
SIGMAB_COUNTS tag=MONASH species=Xi_b- pdg=5132 slice=eta_1_2 p=7 a=13 file=/data/alice/ipardoza/hadronization_production/HF_RUN3_V1/raw/MONASH/hf_MONASH_job083.root
SIGMAB_COUNTS tag=MONASH species=Xi_b- pdg=5132 slice=eta_ge_2 p=33 a=24 file=/data/alice/ipardoza/hadronization_production/HF_RUN3_V1/raw/MONASH/hf_MONASH_job083.root
SIGMAB_COUNTS tag=MONASH species=Sigma_b+ pdg=5222 slice=all p=40 a=16 file=/data/alice/ipardoza/hadronization_production/HF_RUN3_V1/raw/MONASH/hf_MONASH_job084.root
SIGMAB_COUNTS tag=MONASH species=Sigma_b+ pdg=5222 slice=eta_lt_1 p=6 a=1 file=/data/alice/ipardoza/hadronization_production/HF_RUN3_V1/raw/MONASH/hf_MONASH_job084.root
SIGMAB_COUNTS tag=MONASH species=Sigma_b+ pdg=5222 slice=eta_1_2 p=11 a=5 file=/data/alice/ipardoza/hadronization_production/HF_RUN3_V1/raw/MONASH/hf_MONASH_job084.root
SIGMAB_COUNTS tag=MONASH species=Sigma_b+ pdg=5222 slice=eta_ge_2 p=23 a=10 file=/data/alice/ipardoza/hadronization_production/HF_RUN3_V1/raw/MONASH/hf_MONASH_job084.root
SIGMAB_COUNTS tag=MONASH species=Sigma_b0 pdg=5212 slice=all p=40 a=20 file=/data/alice/ipardoza/hadronization_production/HF_RUN3_V1/raw/MONASH/hf_MONASH_job084.root
SIGMAB_COUNTS tag=MONASH species=Sigma_b0 pdg=5212 slice=eta_lt_1 p=7 a=3 file=/data/alice/ipardoza/hadronization_production/HF_RUN3_V1/raw/MONASH/hf_MONASH_job084.root
SIGMAB_COUNTS tag=MONASH species=Sigma_b0 pdg=5212 slice=eta_1_2 p=10 a=2 file=/data/alice/ipardoza/hadronization_production/HF_RUN3_V1/raw/MONASH/hf_MONASH_job084.root
SIGMAB_COUNTS tag=MONASH species=Sigma_b0 pdg=5212 slice=eta_ge_2 p=23 a=15 file=/data/alice/ipardoza/hadronization_production/HF_RUN3_V1/raw/MONASH/hf_MONASH_job084.root
SIGMAB_COUNTS tag=MONASH species=Sigma_b- pdg=5112 slice=all p=41 a=18 file=/data/alice/ipardoza/hadronization_production/HF_RUN3_V1/raw/MONASH/hf_MONASH_job084.root
SIGMAB_COUNTS tag=MONASH species=Sigma_b- pdg=5112 slice=eta_lt_1 p=4 a=6 file=/data/alice/ipardoza/hadronization_production/HF_RUN3_V1/raw/MONASH/hf_MONASH_job084.root
SIGMAB_COUNTS tag=MONASH species=Sigma_b- pdg=5112 slice=eta_1_2 p=10 a=5 file=/data/alice/ipardoza/hadronization_production/HF_RUN3_V1/raw/MONASH/hf_MONASH_job084.root
SIGMAB_COUNTS tag=MONASH species=Sigma_b- pdg=5112 slice=eta_ge_2 p=27 a=7 file=/data/alice/ipardoza/hadronization_production/HF_RUN3_V1/raw/MONASH/hf_MONASH_job084.root
SIGMAB_COUNTS tag=MONASH species=Sigma*_b+ pdg=5224 slice=all p=57 a=52 file=/data/alice/ipardoza/hadronization_production/HF_RUN3_V1/raw/MONASH/hf_MONASH_job084.root
SIGMAB_COUNTS tag=MONASH species=Sigma*_b+ pdg=5224 slice=eta_lt_1 p=7 a=8 file=/data/alice/ipardoza/hadronization_production/HF_RUN3_V1/raw/MONASH/hf_MONASH_job084.root
SIGMAB_COUNTS tag=MONASH species=Sigma*_b+ pdg=5224 slice=eta_1_2 p=10 a=9 file=/data/alice/ipardoza/hadronization_production/HF_RUN3_V1/raw/MONASH/hf_MONASH_job084.root
SIGMAB_COUNTS tag=MONASH species=Sigma*_b+ pdg=5224 slice=eta_ge_2 p=40 a=35 file=/data/alice/ipardoza/hadronization_production/HF_RUN3_V1/raw/MONASH/hf_MONASH_job084.root
SIGMAB_COUNTS tag=MONASH species=Sigma*_b0 pdg=5214 slice=all p=59 a=39 file=/data/alice/ipardoza/hadronization_production/HF_RUN3_V1/raw/MONASH/hf_MONASH_job084.root
SIGMAB_COUNTS tag=MONASH species=Sigma*_b0 pdg=5214 slice=eta_lt_1 p=8 a=11 file=/data/alice/ipardoza/hadronization_production/HF_RUN3_V1/raw/MONASH/hf_MONASH_job084.root
SIGMAB_COUNTS tag=MONASH species=Sigma*_b0 pdg=5214 slice=eta_1_2 p=14 a=11 file=/data/alice/ipardoza/hadronization_production/HF_RUN3_V1/raw/MONASH/hf_MONASH_job084.root
SIGMAB_COUNTS tag=MONASH species=Sigma*_b0 pdg=5214 slice=eta_ge_2 p=37 a=17 file=/data/alice/ipardoza/hadronization_production/HF_RUN3_V1/raw/MONASH/hf_MONASH_job084.root
SIGMAB_COUNTS tag=MONASH species=Sigma*_b- pdg=5114 slice=all p=42 a=36 file=/data/alice/ipardoza/hadronization_production/HF_RUN3_V1/raw/MONASH/hf_MONASH_job084.root
SIGMAB_COUNTS tag=MONASH species=Sigma*_b- pdg=5114 slice=eta_lt_1 p=8 a=7 file=/data/alice/ipardoza/hadronization_production/HF_RUN3_V1/raw/MONASH/hf_MONASH_job084.root
SIGMAB_COUNTS tag=MONASH species=Sigma*_b- pdg=5114 slice=eta_1_2 p=11 a=6 file=/data/alice/ipardoza/hadronization_production/HF_RUN3_V1/raw/MONASH/hf_MONASH_job084.root
SIGMAB_COUNTS tag=MONASH species=Sigma*_b- pdg=5114 slice=eta_ge_2 p=23 a=23 file=/data/alice/ipardoza/hadronization_production/HF_RUN3_V1/raw/MONASH/hf_MONASH_job084.root
SIGMAB_COUNTS tag=MONASH species=Lambda_b0 pdg=5122 slice=all p=298 a=309 file=/data/alice/ipardoza/hadronization_production/HF_RUN3_V1/raw/MONASH/hf_MONASH_job084.root
SIGMAB_COUNTS tag=MONASH species=Lambda_b0 pdg=5122 slice=eta_lt_1 p=47 a=54 file=/data/alice/ipardoza/hadronization_production/HF_RUN3_V1/raw/MONASH/hf_MONASH_job084.root
SIGMAB_COUNTS tag=MONASH species=Lambda_b0 pdg=5122 slice=eta_1_2 p=60 a=54 file=/data/alice/ipardoza/hadronization_production/HF_RUN3_V1/raw/MONASH/hf_MONASH_job084.root
SIGMAB_COUNTS tag=MONASH species=Lambda_b0 pdg=5122 slice=eta_ge_2 p=191 a=201 file=/data/alice/ipardoza/hadronization_production/HF_RUN3_V1/raw/MONASH/hf_MONASH_job084.root
SIGMAB_COUNTS tag=MONASH species=Xi_b0 pdg=5232 slice=all p=70 a=53 file=/data/alice/ipardoza/hadronization_production/HF_RUN3_V1/raw/MONASH/hf_MONASH_job084.root
SIGMAB_COUNTS tag=MONASH species=Xi_b0 pdg=5232 slice=eta_lt_1 p=18 a=12 file=/data/alice/ipardoza/hadronization_production/HF_RUN3_V1/raw/MONASH/hf_MONASH_job084.root
SIGMAB_COUNTS tag=MONASH species=Xi_b0 pdg=5232 slice=eta_1_2 p=13 a=11 file=/data/alice/ipardoza/hadronization_production/HF_RUN3_V1/raw/MONASH/hf_MONASH_job084.root
SIGMAB_COUNTS tag=MONASH species=Xi_b0 pdg=5232 slice=eta_ge_2 p=39 a=30 file=/data/alice/ipardoza/hadronization_production/HF_RUN3_V1/raw/MONASH/hf_MONASH_job084.root
SIGMAB_COUNTS tag=MONASH species=Xi_b- pdg=5132 slice=all p=56 a=40 file=/data/alice/ipardoza/hadronization_production/HF_RUN3_V1/raw/MONASH/hf_MONASH_job084.root
SIGMAB_COUNTS tag=MONASH species=Xi_b- pdg=5132 slice=eta_lt_1 p=11 a=7 file=/data/alice/ipardoza/hadronization_production/HF_RUN3_V1/raw/MONASH/hf_MONASH_job084.root
SIGMAB_COUNTS tag=MONASH species=Xi_b- pdg=5132 slice=eta_1_2 p=13 a=14 file=/data/alice/ipardoza/hadronization_production/HF_RUN3_V1/raw/MONASH/hf_MONASH_job084.root
SIGMAB_COUNTS tag=MONASH species=Xi_b- pdg=5132 slice=eta_ge_2 p=32 a=19 file=/data/alice/ipardoza/hadronization_production/HF_RUN3_V1/raw/MONASH/hf_MONASH_job084.root
SIGMAB_COUNTS tag=MONASH species=Sigma_b+ pdg=5222 slice=all p=49 a=21 file=/data/alice/ipardoza/hadronization_production/HF_RUN3_V1/raw/MONASH/hf_MONASH_job085.root
SIGMAB_COUNTS tag=MONASH species=Sigma_b+ pdg=5222 slice=eta_lt_1 p=6 a=5 file=/data/alice/ipardoza/hadronization_production/HF_RUN3_V1/raw/MONASH/hf_MONASH_job085.root
SIGMAB_COUNTS tag=MONASH species=Sigma_b+ pdg=5222 slice=eta_1_2 p=16 a=3 file=/data/alice/ipardoza/hadronization_production/HF_RUN3_V1/raw/MONASH/hf_MONASH_job085.root
SIGMAB_COUNTS tag=MONASH species=Sigma_b+ pdg=5222 slice=eta_ge_2 p=27 a=13 file=/data/alice/ipardoza/hadronization_production/HF_RUN3_V1/raw/MONASH/hf_MONASH_job085.root
SIGMAB_COUNTS tag=MONASH species=Sigma_b0 pdg=5212 slice=all p=37 a=28 file=/data/alice/ipardoza/hadronization_production/HF_RUN3_V1/raw/MONASH/hf_MONASH_job085.root
SIGMAB_COUNTS tag=MONASH species=Sigma_b0 pdg=5212 slice=eta_lt_1 p=4 a=2 file=/data/alice/ipardoza/hadronization_production/HF_RUN3_V1/raw/MONASH/hf_MONASH_job085.root
SIGMAB_COUNTS tag=MONASH species=Sigma_b0 pdg=5212 slice=eta_1_2 p=5 a=11 file=/data/alice/ipardoza/hadronization_production/HF_RUN3_V1/raw/MONASH/hf_MONASH_job085.root
SIGMAB_COUNTS tag=MONASH species=Sigma_b0 pdg=5212 slice=eta_ge_2 p=28 a=15 file=/data/alice/ipardoza/hadronization_production/HF_RUN3_V1/raw/MONASH/hf_MONASH_job085.root
SIGMAB_COUNTS tag=MONASH species=Sigma_b- pdg=5112 slice=all p=28 a=21 file=/data/alice/ipardoza/hadronization_production/HF_RUN3_V1/raw/MONASH/hf_MONASH_job085.root
SIGMAB_COUNTS tag=MONASH species=Sigma_b- pdg=5112 slice=eta_lt_1 p=3 a=3 file=/data/alice/ipardoza/hadronization_production/HF_RUN3_V1/raw/MONASH/hf_MONASH_job085.root
SIGMAB_COUNTS tag=MONASH species=Sigma_b- pdg=5112 slice=eta_1_2 p=3 a=7 file=/data/alice/ipardoza/hadronization_production/HF_RUN3_V1/raw/MONASH/hf_MONASH_job085.root
SIGMAB_COUNTS tag=MONASH species=Sigma_b- pdg=5112 slice=eta_ge_2 p=22 a=11 file=/data/alice/ipardoza/hadronization_production/HF_RUN3_V1/raw/MONASH/hf_MONASH_job085.root
SIGMAB_COUNTS tag=MONASH species=Sigma*_b+ pdg=5224 slice=all p=46 a=49 file=/data/alice/ipardoza/hadronization_production/HF_RUN3_V1/raw/MONASH/hf_MONASH_job085.root
SIGMAB_COUNTS tag=MONASH species=Sigma*_b+ pdg=5224 slice=eta_lt_1 p=8 a=10 file=/data/alice/ipardoza/hadronization_production/HF_RUN3_V1/raw/MONASH/hf_MONASH_job085.root
SIGMAB_COUNTS tag=MONASH species=Sigma*_b+ pdg=5224 slice=eta_1_2 p=10 a=6 file=/data/alice/ipardoza/hadronization_production/HF_RUN3_V1/raw/MONASH/hf_MONASH_job085.root
SIGMAB_COUNTS tag=MONASH species=Sigma*_b+ pdg=5224 slice=eta_ge_2 p=28 a=33 file=/data/alice/ipardoza/hadronization_production/HF_RUN3_V1/raw/MONASH/hf_MONASH_job085.root
SIGMAB_COUNTS tag=MONASH species=Sigma*_b0 pdg=5214 slice=all p=50 a=40 file=/data/alice/ipardoza/hadronization_production/HF_RUN3_V1/raw/MONASH/hf_MONASH_job085.root
SIGMAB_COUNTS tag=MONASH species=Sigma*_b0 pdg=5214 slice=eta_lt_1 p=8 a=7 file=/data/alice/ipardoza/hadronization_production/HF_RUN3_V1/raw/MONASH/hf_MONASH_job085.root
SIGMAB_COUNTS tag=MONASH species=Sigma*_b0 pdg=5214 slice=eta_1_2 p=7 a=11 file=/data/alice/ipardoza/hadronization_production/HF_RUN3_V1/raw/MONASH/hf_MONASH_job085.root
SIGMAB_COUNTS tag=MONASH species=Sigma*_b0 pdg=5214 slice=eta_ge_2 p=35 a=22 file=/data/alice/ipardoza/hadronization_production/HF_RUN3_V1/raw/MONASH/hf_MONASH_job085.root
SIGMAB_COUNTS tag=MONASH species=Sigma*_b- pdg=5114 slice=all p=54 a=49 file=/data/alice/ipardoza/hadronization_production/HF_RUN3_V1/raw/MONASH/hf_MONASH_job085.root
SIGMAB_COUNTS tag=MONASH species=Sigma*_b- pdg=5114 slice=eta_lt_1 p=7 a=7 file=/data/alice/ipardoza/hadronization_production/HF_RUN3_V1/raw/MONASH/hf_MONASH_job085.root
SIGMAB_COUNTS tag=MONASH species=Sigma*_b- pdg=5114 slice=eta_1_2 p=10 a=8 file=/data/alice/ipardoza/hadronization_production/HF_RUN3_V1/raw/MONASH/hf_MONASH_job085.root
SIGMAB_COUNTS tag=MONASH species=Sigma*_b- pdg=5114 slice=eta_ge_2 p=37 a=34 file=/data/alice/ipardoza/hadronization_production/HF_RUN3_V1/raw/MONASH/hf_MONASH_job085.root
SIGMAB_COUNTS tag=MONASH species=Lambda_b0 pdg=5122 slice=all p=328 a=309 file=/data/alice/ipardoza/hadronization_production/HF_RUN3_V1/raw/MONASH/hf_MONASH_job085.root
SIGMAB_COUNTS tag=MONASH species=Lambda_b0 pdg=5122 slice=eta_lt_1 p=64 a=54 file=/data/alice/ipardoza/hadronization_production/HF_RUN3_V1/raw/MONASH/hf_MONASH_job085.root
SIGMAB_COUNTS tag=MONASH species=Lambda_b0 pdg=5122 slice=eta_1_2 p=63 a=83 file=/data/alice/ipardoza/hadronization_production/HF_RUN3_V1/raw/MONASH/hf_MONASH_job085.root
SIGMAB_COUNTS tag=MONASH species=Lambda_b0 pdg=5122 slice=eta_ge_2 p=201 a=172 file=/data/alice/ipardoza/hadronization_production/HF_RUN3_V1/raw/MONASH/hf_MONASH_job085.root
SIGMAB_COUNTS tag=MONASH species=Xi_b0 pdg=5232 slice=all p=56 a=51 file=/data/alice/ipardoza/hadronization_production/HF_RUN3_V1/raw/MONASH/hf_MONASH_job085.root
SIGMAB_COUNTS tag=MONASH species=Xi_b0 pdg=5232 slice=eta_lt_1 p=15 a=6 file=/data/alice/ipardoza/hadronization_production/HF_RUN3_V1/raw/MONASH/hf_MONASH_job085.root
SIGMAB_COUNTS tag=MONASH species=Xi_b0 pdg=5232 slice=eta_1_2 p=10 a=8 file=/data/alice/ipardoza/hadronization_production/HF_RUN3_V1/raw/MONASH/hf_MONASH_job085.root
SIGMAB_COUNTS tag=MONASH species=Xi_b0 pdg=5232 slice=eta_ge_2 p=31 a=37 file=/data/alice/ipardoza/hadronization_production/HF_RUN3_V1/raw/MONASH/hf_MONASH_job085.root
SIGMAB_COUNTS tag=MONASH species=Xi_b- pdg=5132 slice=all p=50 a=59 file=/data/alice/ipardoza/hadronization_production/HF_RUN3_V1/raw/MONASH/hf_MONASH_job085.root
SIGMAB_COUNTS tag=MONASH species=Xi_b- pdg=5132 slice=eta_lt_1 p=10 a=13 file=/data/alice/ipardoza/hadronization_production/HF_RUN3_V1/raw/MONASH/hf_MONASH_job085.root
SIGMAB_COUNTS tag=MONASH species=Xi_b- pdg=5132 slice=eta_1_2 p=7 a=14 file=/data/alice/ipardoza/hadronization_production/HF_RUN3_V1/raw/MONASH/hf_MONASH_job085.root
SIGMAB_COUNTS tag=MONASH species=Xi_b- pdg=5132 slice=eta_ge_2 p=33 a=32 file=/data/alice/ipardoza/hadronization_production/HF_RUN3_V1/raw/MONASH/hf_MONASH_job085.root
SIGMAB_COUNTS tag=MONASH species=Sigma_b+ pdg=5222 slice=all p=35 a=23 file=/data/alice/ipardoza/hadronization_production/HF_RUN3_V1/raw/MONASH/hf_MONASH_job086.root
SIGMAB_COUNTS tag=MONASH species=Sigma_b+ pdg=5222 slice=eta_lt_1 p=7 a=2 file=/data/alice/ipardoza/hadronization_production/HF_RUN3_V1/raw/MONASH/hf_MONASH_job086.root
SIGMAB_COUNTS tag=MONASH species=Sigma_b+ pdg=5222 slice=eta_1_2 p=7 a=7 file=/data/alice/ipardoza/hadronization_production/HF_RUN3_V1/raw/MONASH/hf_MONASH_job086.root
SIGMAB_COUNTS tag=MONASH species=Sigma_b+ pdg=5222 slice=eta_ge_2 p=21 a=14 file=/data/alice/ipardoza/hadronization_production/HF_RUN3_V1/raw/MONASH/hf_MONASH_job086.root
SIGMAB_COUNTS tag=MONASH species=Sigma_b0 pdg=5212 slice=all p=35 a=24 file=/data/alice/ipardoza/hadronization_production/HF_RUN3_V1/raw/MONASH/hf_MONASH_job086.root
SIGMAB_COUNTS tag=MONASH species=Sigma_b0 pdg=5212 slice=eta_lt_1 p=7 a=5 file=/data/alice/ipardoza/hadronization_production/HF_RUN3_V1/raw/MONASH/hf_MONASH_job086.root
SIGMAB_COUNTS tag=MONASH species=Sigma_b0 pdg=5212 slice=eta_1_2 p=5 a=3 file=/data/alice/ipardoza/hadronization_production/HF_RUN3_V1/raw/MONASH/hf_MONASH_job086.root
SIGMAB_COUNTS tag=MONASH species=Sigma_b0 pdg=5212 slice=eta_ge_2 p=23 a=16 file=/data/alice/ipardoza/hadronization_production/HF_RUN3_V1/raw/MONASH/hf_MONASH_job086.root
SIGMAB_COUNTS tag=MONASH species=Sigma_b- pdg=5112 slice=all p=37 a=24 file=/data/alice/ipardoza/hadronization_production/HF_RUN3_V1/raw/MONASH/hf_MONASH_job086.root
SIGMAB_COUNTS tag=MONASH species=Sigma_b- pdg=5112 slice=eta_lt_1 p=5 a=8 file=/data/alice/ipardoza/hadronization_production/HF_RUN3_V1/raw/MONASH/hf_MONASH_job086.root
SIGMAB_COUNTS tag=MONASH species=Sigma_b- pdg=5112 slice=eta_1_2 p=6 a=4 file=/data/alice/ipardoza/hadronization_production/HF_RUN3_V1/raw/MONASH/hf_MONASH_job086.root
SIGMAB_COUNTS tag=MONASH species=Sigma_b- pdg=5112 slice=eta_ge_2 p=26 a=12 file=/data/alice/ipardoza/hadronization_production/HF_RUN3_V1/raw/MONASH/hf_MONASH_job086.root
SIGMAB_COUNTS tag=MONASH species=Sigma*_b+ pdg=5224 slice=all p=48 a=32 file=/data/alice/ipardoza/hadronization_production/HF_RUN3_V1/raw/MONASH/hf_MONASH_job086.root
SIGMAB_COUNTS tag=MONASH species=Sigma*_b+ pdg=5224 slice=eta_lt_1 p=8 a=6 file=/data/alice/ipardoza/hadronization_production/HF_RUN3_V1/raw/MONASH/hf_MONASH_job086.root
SIGMAB_COUNTS tag=MONASH species=Sigma*_b+ pdg=5224 slice=eta_1_2 p=9 a=3 file=/data/alice/ipardoza/hadronization_production/HF_RUN3_V1/raw/MONASH/hf_MONASH_job086.root
SIGMAB_COUNTS tag=MONASH species=Sigma*_b+ pdg=5224 slice=eta_ge_2 p=31 a=23 file=/data/alice/ipardoza/hadronization_production/HF_RUN3_V1/raw/MONASH/hf_MONASH_job086.root
SIGMAB_COUNTS tag=MONASH species=Sigma*_b0 pdg=5214 slice=all p=66 a=47 file=/data/alice/ipardoza/hadronization_production/HF_RUN3_V1/raw/MONASH/hf_MONASH_job086.root
SIGMAB_COUNTS tag=MONASH species=Sigma*_b0 pdg=5214 slice=eta_lt_1 p=10 a=7 file=/data/alice/ipardoza/hadronization_production/HF_RUN3_V1/raw/MONASH/hf_MONASH_job086.root
SIGMAB_COUNTS tag=MONASH species=Sigma*_b0 pdg=5214 slice=eta_1_2 p=12 a=13 file=/data/alice/ipardoza/hadronization_production/HF_RUN3_V1/raw/MONASH/hf_MONASH_job086.root
SIGMAB_COUNTS tag=MONASH species=Sigma*_b0 pdg=5214 slice=eta_ge_2 p=44 a=27 file=/data/alice/ipardoza/hadronization_production/HF_RUN3_V1/raw/MONASH/hf_MONASH_job086.root
SIGMAB_COUNTS tag=MONASH species=Sigma*_b- pdg=5114 slice=all p=41 a=37 file=/data/alice/ipardoza/hadronization_production/HF_RUN3_V1/raw/MONASH/hf_MONASH_job086.root
SIGMAB_COUNTS tag=MONASH species=Sigma*_b- pdg=5114 slice=eta_lt_1 p=6 a=6 file=/data/alice/ipardoza/hadronization_production/HF_RUN3_V1/raw/MONASH/hf_MONASH_job086.root
SIGMAB_COUNTS tag=MONASH species=Sigma*_b- pdg=5114 slice=eta_1_2 p=3 a=9 file=/data/alice/ipardoza/hadronization_production/HF_RUN3_V1/raw/MONASH/hf_MONASH_job086.root
SIGMAB_COUNTS tag=MONASH species=Sigma*_b- pdg=5114 slice=eta_ge_2 p=32 a=22 file=/data/alice/ipardoza/hadronization_production/HF_RUN3_V1/raw/MONASH/hf_MONASH_job086.root
SIGMAB_COUNTS tag=MONASH species=Lambda_b0 pdg=5122 slice=all p=307 a=334 file=/data/alice/ipardoza/hadronization_production/HF_RUN3_V1/raw/MONASH/hf_MONASH_job086.root
SIGMAB_COUNTS tag=MONASH species=Lambda_b0 pdg=5122 slice=eta_lt_1 p=63 a=54 file=/data/alice/ipardoza/hadronization_production/HF_RUN3_V1/raw/MONASH/hf_MONASH_job086.root
SIGMAB_COUNTS tag=MONASH species=Lambda_b0 pdg=5122 slice=eta_1_2 p=59 a=81 file=/data/alice/ipardoza/hadronization_production/HF_RUN3_V1/raw/MONASH/hf_MONASH_job086.root
SIGMAB_COUNTS tag=MONASH species=Lambda_b0 pdg=5122 slice=eta_ge_2 p=185 a=199 file=/data/alice/ipardoza/hadronization_production/HF_RUN3_V1/raw/MONASH/hf_MONASH_job086.root
SIGMAB_COUNTS tag=MONASH species=Xi_b0 pdg=5232 slice=all p=54 a=62 file=/data/alice/ipardoza/hadronization_production/HF_RUN3_V1/raw/MONASH/hf_MONASH_job086.root
SIGMAB_COUNTS tag=MONASH species=Xi_b0 pdg=5232 slice=eta_lt_1 p=8 a=7 file=/data/alice/ipardoza/hadronization_production/HF_RUN3_V1/raw/MONASH/hf_MONASH_job086.root
SIGMAB_COUNTS tag=MONASH species=Xi_b0 pdg=5232 slice=eta_1_2 p=14 a=8 file=/data/alice/ipardoza/hadronization_production/HF_RUN3_V1/raw/MONASH/hf_MONASH_job086.root
SIGMAB_COUNTS tag=MONASH species=Xi_b0 pdg=5232 slice=eta_ge_2 p=32 a=47 file=/data/alice/ipardoza/hadronization_production/HF_RUN3_V1/raw/MONASH/hf_MONASH_job086.root
SIGMAB_COUNTS tag=MONASH species=Xi_b- pdg=5132 slice=all p=47 a=68 file=/data/alice/ipardoza/hadronization_production/HF_RUN3_V1/raw/MONASH/hf_MONASH_job086.root
SIGMAB_COUNTS tag=MONASH species=Xi_b- pdg=5132 slice=eta_lt_1 p=9 a=10 file=/data/alice/ipardoza/hadronization_production/HF_RUN3_V1/raw/MONASH/hf_MONASH_job086.root
SIGMAB_COUNTS tag=MONASH species=Xi_b- pdg=5132 slice=eta_1_2 p=10 a=20 file=/data/alice/ipardoza/hadronization_production/HF_RUN3_V1/raw/MONASH/hf_MONASH_job086.root
SIGMAB_COUNTS tag=MONASH species=Xi_b- pdg=5132 slice=eta_ge_2 p=28 a=38 file=/data/alice/ipardoza/hadronization_production/HF_RUN3_V1/raw/MONASH/hf_MONASH_job086.root
SIGMAB_COUNTS tag=MONASH species=Sigma_b+ pdg=5222 slice=all p=31 a=21 file=/data/alice/ipardoza/hadronization_production/HF_RUN3_V1/raw/MONASH/hf_MONASH_job087.root
SIGMAB_COUNTS tag=MONASH species=Sigma_b+ pdg=5222 slice=eta_lt_1 p=3 a=6 file=/data/alice/ipardoza/hadronization_production/HF_RUN3_V1/raw/MONASH/hf_MONASH_job087.root
SIGMAB_COUNTS tag=MONASH species=Sigma_b+ pdg=5222 slice=eta_1_2 p=6 a=9 file=/data/alice/ipardoza/hadronization_production/HF_RUN3_V1/raw/MONASH/hf_MONASH_job087.root
SIGMAB_COUNTS tag=MONASH species=Sigma_b+ pdg=5222 slice=eta_ge_2 p=22 a=6 file=/data/alice/ipardoza/hadronization_production/HF_RUN3_V1/raw/MONASH/hf_MONASH_job087.root
SIGMAB_COUNTS tag=MONASH species=Sigma_b0 pdg=5212 slice=all p=36 a=26 file=/data/alice/ipardoza/hadronization_production/HF_RUN3_V1/raw/MONASH/hf_MONASH_job087.root
SIGMAB_COUNTS tag=MONASH species=Sigma_b0 pdg=5212 slice=eta_lt_1 p=9 a=3 file=/data/alice/ipardoza/hadronization_production/HF_RUN3_V1/raw/MONASH/hf_MONASH_job087.root
SIGMAB_COUNTS tag=MONASH species=Sigma_b0 pdg=5212 slice=eta_1_2 p=5 a=3 file=/data/alice/ipardoza/hadronization_production/HF_RUN3_V1/raw/MONASH/hf_MONASH_job087.root
SIGMAB_COUNTS tag=MONASH species=Sigma_b0 pdg=5212 slice=eta_ge_2 p=22 a=20 file=/data/alice/ipardoza/hadronization_production/HF_RUN3_V1/raw/MONASH/hf_MONASH_job087.root
SIGMAB_COUNTS tag=MONASH species=Sigma_b- pdg=5112 slice=all p=41 a=16 file=/data/alice/ipardoza/hadronization_production/HF_RUN3_V1/raw/MONASH/hf_MONASH_job087.root
SIGMAB_COUNTS tag=MONASH species=Sigma_b- pdg=5112 slice=eta_lt_1 p=3 a=4 file=/data/alice/ipardoza/hadronization_production/HF_RUN3_V1/raw/MONASH/hf_MONASH_job087.root
SIGMAB_COUNTS tag=MONASH species=Sigma_b- pdg=5112 slice=eta_1_2 p=9 a=7 file=/data/alice/ipardoza/hadronization_production/HF_RUN3_V1/raw/MONASH/hf_MONASH_job087.root
SIGMAB_COUNTS tag=MONASH species=Sigma_b- pdg=5112 slice=eta_ge_2 p=29 a=5 file=/data/alice/ipardoza/hadronization_production/HF_RUN3_V1/raw/MONASH/hf_MONASH_job087.root
SIGMAB_COUNTS tag=MONASH species=Sigma*_b+ pdg=5224 slice=all p=64 a=38 file=/data/alice/ipardoza/hadronization_production/HF_RUN3_V1/raw/MONASH/hf_MONASH_job087.root
SIGMAB_COUNTS tag=MONASH species=Sigma*_b+ pdg=5224 slice=eta_lt_1 p=10 a=9 file=/data/alice/ipardoza/hadronization_production/HF_RUN3_V1/raw/MONASH/hf_MONASH_job087.root
SIGMAB_COUNTS tag=MONASH species=Sigma*_b+ pdg=5224 slice=eta_1_2 p=15 a=8 file=/data/alice/ipardoza/hadronization_production/HF_RUN3_V1/raw/MONASH/hf_MONASH_job087.root
SIGMAB_COUNTS tag=MONASH species=Sigma*_b+ pdg=5224 slice=eta_ge_2 p=39 a=21 file=/data/alice/ipardoza/hadronization_production/HF_RUN3_V1/raw/MONASH/hf_MONASH_job087.root
SIGMAB_COUNTS tag=MONASH species=Sigma*_b0 pdg=5214 slice=all p=57 a=32 file=/data/alice/ipardoza/hadronization_production/HF_RUN3_V1/raw/MONASH/hf_MONASH_job087.root
SIGMAB_COUNTS tag=MONASH species=Sigma*_b0 pdg=5214 slice=eta_lt_1 p=8 a=5 file=/data/alice/ipardoza/hadronization_production/HF_RUN3_V1/raw/MONASH/hf_MONASH_job087.root
SIGMAB_COUNTS tag=MONASH species=Sigma*_b0 pdg=5214 slice=eta_1_2 p=12 a=6 file=/data/alice/ipardoza/hadronization_production/HF_RUN3_V1/raw/MONASH/hf_MONASH_job087.root
SIGMAB_COUNTS tag=MONASH species=Sigma*_b0 pdg=5214 slice=eta_ge_2 p=37 a=21 file=/data/alice/ipardoza/hadronization_production/HF_RUN3_V1/raw/MONASH/hf_MONASH_job087.root
SIGMAB_COUNTS tag=MONASH species=Sigma*_b- pdg=5114 slice=all p=47 a=38 file=/data/alice/ipardoza/hadronization_production/HF_RUN3_V1/raw/MONASH/hf_MONASH_job087.root
SIGMAB_COUNTS tag=MONASH species=Sigma*_b- pdg=5114 slice=eta_lt_1 p=8 a=13 file=/data/alice/ipardoza/hadronization_production/HF_RUN3_V1/raw/MONASH/hf_MONASH_job087.root
SIGMAB_COUNTS tag=MONASH species=Sigma*_b- pdg=5114 slice=eta_1_2 p=8 a=4 file=/data/alice/ipardoza/hadronization_production/HF_RUN3_V1/raw/MONASH/hf_MONASH_job087.root
SIGMAB_COUNTS tag=MONASH species=Sigma*_b- pdg=5114 slice=eta_ge_2 p=31 a=21 file=/data/alice/ipardoza/hadronization_production/HF_RUN3_V1/raw/MONASH/hf_MONASH_job087.root
SIGMAB_COUNTS tag=MONASH species=Lambda_b0 pdg=5122 slice=all p=324 a=314 file=/data/alice/ipardoza/hadronization_production/HF_RUN3_V1/raw/MONASH/hf_MONASH_job087.root
SIGMAB_COUNTS tag=MONASH species=Lambda_b0 pdg=5122 slice=eta_lt_1 p=59 a=58 file=/data/alice/ipardoza/hadronization_production/HF_RUN3_V1/raw/MONASH/hf_MONASH_job087.root
SIGMAB_COUNTS tag=MONASH species=Lambda_b0 pdg=5122 slice=eta_1_2 p=66 a=78 file=/data/alice/ipardoza/hadronization_production/HF_RUN3_V1/raw/MONASH/hf_MONASH_job087.root
SIGMAB_COUNTS tag=MONASH species=Lambda_b0 pdg=5122 slice=eta_ge_2 p=199 a=178 file=/data/alice/ipardoza/hadronization_production/HF_RUN3_V1/raw/MONASH/hf_MONASH_job087.root
SIGMAB_COUNTS tag=MONASH species=Xi_b0 pdg=5232 slice=all p=58 a=58 file=/data/alice/ipardoza/hadronization_production/HF_RUN3_V1/raw/MONASH/hf_MONASH_job087.root
SIGMAB_COUNTS tag=MONASH species=Xi_b0 pdg=5232 slice=eta_lt_1 p=15 a=11 file=/data/alice/ipardoza/hadronization_production/HF_RUN3_V1/raw/MONASH/hf_MONASH_job087.root
SIGMAB_COUNTS tag=MONASH species=Xi_b0 pdg=5232 slice=eta_1_2 p=12 a=12 file=/data/alice/ipardoza/hadronization_production/HF_RUN3_V1/raw/MONASH/hf_MONASH_job087.root
SIGMAB_COUNTS tag=MONASH species=Xi_b0 pdg=5232 slice=eta_ge_2 p=31 a=35 file=/data/alice/ipardoza/hadronization_production/HF_RUN3_V1/raw/MONASH/hf_MONASH_job087.root
SIGMAB_COUNTS tag=MONASH species=Xi_b- pdg=5132 slice=all p=59 a=53 file=/data/alice/ipardoza/hadronization_production/HF_RUN3_V1/raw/MONASH/hf_MONASH_job087.root
SIGMAB_COUNTS tag=MONASH species=Xi_b- pdg=5132 slice=eta_lt_1 p=8 a=12 file=/data/alice/ipardoza/hadronization_production/HF_RUN3_V1/raw/MONASH/hf_MONASH_job087.root
SIGMAB_COUNTS tag=MONASH species=Xi_b- pdg=5132 slice=eta_1_2 p=10 a=11 file=/data/alice/ipardoza/hadronization_production/HF_RUN3_V1/raw/MONASH/hf_MONASH_job087.root
SIGMAB_COUNTS tag=MONASH species=Xi_b- pdg=5132 slice=eta_ge_2 p=41 a=30 file=/data/alice/ipardoza/hadronization_production/HF_RUN3_V1/raw/MONASH/hf_MONASH_job087.root
SIGMAB_COUNTS tag=MONASH species=Sigma_b+ pdg=5222 slice=all p=39 a=19 file=/data/alice/ipardoza/hadronization_production/HF_RUN3_V1/raw/MONASH/hf_MONASH_job088.root
SIGMAB_COUNTS tag=MONASH species=Sigma_b+ pdg=5222 slice=eta_lt_1 p=3 a=2 file=/data/alice/ipardoza/hadronization_production/HF_RUN3_V1/raw/MONASH/hf_MONASH_job088.root
SIGMAB_COUNTS tag=MONASH species=Sigma_b+ pdg=5222 slice=eta_1_2 p=8 a=4 file=/data/alice/ipardoza/hadronization_production/HF_RUN3_V1/raw/MONASH/hf_MONASH_job088.root
SIGMAB_COUNTS tag=MONASH species=Sigma_b+ pdg=5222 slice=eta_ge_2 p=28 a=13 file=/data/alice/ipardoza/hadronization_production/HF_RUN3_V1/raw/MONASH/hf_MONASH_job088.root
SIGMAB_COUNTS tag=MONASH species=Sigma_b0 pdg=5212 slice=all p=33 a=18 file=/data/alice/ipardoza/hadronization_production/HF_RUN3_V1/raw/MONASH/hf_MONASH_job088.root
SIGMAB_COUNTS tag=MONASH species=Sigma_b0 pdg=5212 slice=eta_lt_1 p=8 a=3 file=/data/alice/ipardoza/hadronization_production/HF_RUN3_V1/raw/MONASH/hf_MONASH_job088.root
SIGMAB_COUNTS tag=MONASH species=Sigma_b0 pdg=5212 slice=eta_1_2 p=5 a=4 file=/data/alice/ipardoza/hadronization_production/HF_RUN3_V1/raw/MONASH/hf_MONASH_job088.root
SIGMAB_COUNTS tag=MONASH species=Sigma_b0 pdg=5212 slice=eta_ge_2 p=20 a=11 file=/data/alice/ipardoza/hadronization_production/HF_RUN3_V1/raw/MONASH/hf_MONASH_job088.root
SIGMAB_COUNTS tag=MONASH species=Sigma_b- pdg=5112 slice=all p=37 a=19 file=/data/alice/ipardoza/hadronization_production/HF_RUN3_V1/raw/MONASH/hf_MONASH_job088.root
SIGMAB_COUNTS tag=MONASH species=Sigma_b- pdg=5112 slice=eta_lt_1 p=5 a=3 file=/data/alice/ipardoza/hadronization_production/HF_RUN3_V1/raw/MONASH/hf_MONASH_job088.root
SIGMAB_COUNTS tag=MONASH species=Sigma_b- pdg=5112 slice=eta_1_2 p=10 a=3 file=/data/alice/ipardoza/hadronization_production/HF_RUN3_V1/raw/MONASH/hf_MONASH_job088.root
SIGMAB_COUNTS tag=MONASH species=Sigma_b- pdg=5112 slice=eta_ge_2 p=22 a=13 file=/data/alice/ipardoza/hadronization_production/HF_RUN3_V1/raw/MONASH/hf_MONASH_job088.root
SIGMAB_COUNTS tag=MONASH species=Sigma*_b+ pdg=5224 slice=all p=47 a=52 file=/data/alice/ipardoza/hadronization_production/HF_RUN3_V1/raw/MONASH/hf_MONASH_job088.root
SIGMAB_COUNTS tag=MONASH species=Sigma*_b+ pdg=5224 slice=eta_lt_1 p=12 a=10 file=/data/alice/ipardoza/hadronization_production/HF_RUN3_V1/raw/MONASH/hf_MONASH_job088.root
SIGMAB_COUNTS tag=MONASH species=Sigma*_b+ pdg=5224 slice=eta_1_2 p=11 a=13 file=/data/alice/ipardoza/hadronization_production/HF_RUN3_V1/raw/MONASH/hf_MONASH_job088.root
SIGMAB_COUNTS tag=MONASH species=Sigma*_b+ pdg=5224 slice=eta_ge_2 p=24 a=29 file=/data/alice/ipardoza/hadronization_production/HF_RUN3_V1/raw/MONASH/hf_MONASH_job088.root
SIGMAB_COUNTS tag=MONASH species=Sigma*_b0 pdg=5214 slice=all p=53 a=29 file=/data/alice/ipardoza/hadronization_production/HF_RUN3_V1/raw/MONASH/hf_MONASH_job088.root
SIGMAB_COUNTS tag=MONASH species=Sigma*_b0 pdg=5214 slice=eta_lt_1 p=8 a=4 file=/data/alice/ipardoza/hadronization_production/HF_RUN3_V1/raw/MONASH/hf_MONASH_job088.root
SIGMAB_COUNTS tag=MONASH species=Sigma*_b0 pdg=5214 slice=eta_1_2 p=8 a=5 file=/data/alice/ipardoza/hadronization_production/HF_RUN3_V1/raw/MONASH/hf_MONASH_job088.root
SIGMAB_COUNTS tag=MONASH species=Sigma*_b0 pdg=5214 slice=eta_ge_2 p=37 a=20 file=/data/alice/ipardoza/hadronization_production/HF_RUN3_V1/raw/MONASH/hf_MONASH_job088.root
SIGMAB_COUNTS tag=MONASH species=Sigma*_b- pdg=5114 slice=all p=45 a=35 file=/data/alice/ipardoza/hadronization_production/HF_RUN3_V1/raw/MONASH/hf_MONASH_job088.root
SIGMAB_COUNTS tag=MONASH species=Sigma*_b- pdg=5114 slice=eta_lt_1 p=5 a=7 file=/data/alice/ipardoza/hadronization_production/HF_RUN3_V1/raw/MONASH/hf_MONASH_job088.root
SIGMAB_COUNTS tag=MONASH species=Sigma*_b- pdg=5114 slice=eta_1_2 p=12 a=8 file=/data/alice/ipardoza/hadronization_production/HF_RUN3_V1/raw/MONASH/hf_MONASH_job088.root
SIGMAB_COUNTS tag=MONASH species=Sigma*_b- pdg=5114 slice=eta_ge_2 p=28 a=20 file=/data/alice/ipardoza/hadronization_production/HF_RUN3_V1/raw/MONASH/hf_MONASH_job088.root
SIGMAB_COUNTS tag=MONASH species=Lambda_b0 pdg=5122 slice=all p=286 a=328 file=/data/alice/ipardoza/hadronization_production/HF_RUN3_V1/raw/MONASH/hf_MONASH_job088.root
SIGMAB_COUNTS tag=MONASH species=Lambda_b0 pdg=5122 slice=eta_lt_1 p=63 a=48 file=/data/alice/ipardoza/hadronization_production/HF_RUN3_V1/raw/MONASH/hf_MONASH_job088.root
SIGMAB_COUNTS tag=MONASH species=Lambda_b0 pdg=5122 slice=eta_1_2 p=45 a=84 file=/data/alice/ipardoza/hadronization_production/HF_RUN3_V1/raw/MONASH/hf_MONASH_job088.root
SIGMAB_COUNTS tag=MONASH species=Lambda_b0 pdg=5122 slice=eta_ge_2 p=178 a=196 file=/data/alice/ipardoza/hadronization_production/HF_RUN3_V1/raw/MONASH/hf_MONASH_job088.root
SIGMAB_COUNTS tag=MONASH species=Xi_b0 pdg=5232 slice=all p=61 a=62 file=/data/alice/ipardoza/hadronization_production/HF_RUN3_V1/raw/MONASH/hf_MONASH_job088.root
SIGMAB_COUNTS tag=MONASH species=Xi_b0 pdg=5232 slice=eta_lt_1 p=11 a=5 file=/data/alice/ipardoza/hadronization_production/HF_RUN3_V1/raw/MONASH/hf_MONASH_job088.root
SIGMAB_COUNTS tag=MONASH species=Xi_b0 pdg=5232 slice=eta_1_2 p=12 a=14 file=/data/alice/ipardoza/hadronization_production/HF_RUN3_V1/raw/MONASH/hf_MONASH_job088.root
SIGMAB_COUNTS tag=MONASH species=Xi_b0 pdg=5232 slice=eta_ge_2 p=38 a=43 file=/data/alice/ipardoza/hadronization_production/HF_RUN3_V1/raw/MONASH/hf_MONASH_job088.root
SIGMAB_COUNTS tag=MONASH species=Xi_b- pdg=5132 slice=all p=64 a=64 file=/data/alice/ipardoza/hadronization_production/HF_RUN3_V1/raw/MONASH/hf_MONASH_job088.root
SIGMAB_COUNTS tag=MONASH species=Xi_b- pdg=5132 slice=eta_lt_1 p=16 a=12 file=/data/alice/ipardoza/hadronization_production/HF_RUN3_V1/raw/MONASH/hf_MONASH_job088.root
SIGMAB_COUNTS tag=MONASH species=Xi_b- pdg=5132 slice=eta_1_2 p=9 a=10 file=/data/alice/ipardoza/hadronization_production/HF_RUN3_V1/raw/MONASH/hf_MONASH_job088.root
SIGMAB_COUNTS tag=MONASH species=Xi_b- pdg=5132 slice=eta_ge_2 p=39 a=42 file=/data/alice/ipardoza/hadronization_production/HF_RUN3_V1/raw/MONASH/hf_MONASH_job088.root
SIGMAB_COUNTS tag=MONASH species=Sigma_b+ pdg=5222 slice=all p=35 a=16 file=/data/alice/ipardoza/hadronization_production/HF_RUN3_V1/raw/MONASH/hf_MONASH_job089.root
SIGMAB_COUNTS tag=MONASH species=Sigma_b+ pdg=5222 slice=eta_lt_1 p=5 a=1 file=/data/alice/ipardoza/hadronization_production/HF_RUN3_V1/raw/MONASH/hf_MONASH_job089.root
SIGMAB_COUNTS tag=MONASH species=Sigma_b+ pdg=5222 slice=eta_1_2 p=8 a=5 file=/data/alice/ipardoza/hadronization_production/HF_RUN3_V1/raw/MONASH/hf_MONASH_job089.root
SIGMAB_COUNTS tag=MONASH species=Sigma_b+ pdg=5222 slice=eta_ge_2 p=22 a=10 file=/data/alice/ipardoza/hadronization_production/HF_RUN3_V1/raw/MONASH/hf_MONASH_job089.root
SIGMAB_COUNTS tag=MONASH species=Sigma_b0 pdg=5212 slice=all p=40 a=20 file=/data/alice/ipardoza/hadronization_production/HF_RUN3_V1/raw/MONASH/hf_MONASH_job089.root
SIGMAB_COUNTS tag=MONASH species=Sigma_b0 pdg=5212 slice=eta_lt_1 p=5 a=5 file=/data/alice/ipardoza/hadronization_production/HF_RUN3_V1/raw/MONASH/hf_MONASH_job089.root
SIGMAB_COUNTS tag=MONASH species=Sigma_b0 pdg=5212 slice=eta_1_2 p=7 a=3 file=/data/alice/ipardoza/hadronization_production/HF_RUN3_V1/raw/MONASH/hf_MONASH_job089.root
SIGMAB_COUNTS tag=MONASH species=Sigma_b0 pdg=5212 slice=eta_ge_2 p=28 a=12 file=/data/alice/ipardoza/hadronization_production/HF_RUN3_V1/raw/MONASH/hf_MONASH_job089.root
SIGMAB_COUNTS tag=MONASH species=Sigma_b- pdg=5112 slice=all p=29 a=21 file=/data/alice/ipardoza/hadronization_production/HF_RUN3_V1/raw/MONASH/hf_MONASH_job089.root
SIGMAB_COUNTS tag=MONASH species=Sigma_b- pdg=5112 slice=eta_lt_1 p=4 a=3 file=/data/alice/ipardoza/hadronization_production/HF_RUN3_V1/raw/MONASH/hf_MONASH_job089.root
SIGMAB_COUNTS tag=MONASH species=Sigma_b- pdg=5112 slice=eta_1_2 p=4 a=6 file=/data/alice/ipardoza/hadronization_production/HF_RUN3_V1/raw/MONASH/hf_MONASH_job089.root
SIGMAB_COUNTS tag=MONASH species=Sigma_b- pdg=5112 slice=eta_ge_2 p=21 a=12 file=/data/alice/ipardoza/hadronization_production/HF_RUN3_V1/raw/MONASH/hf_MONASH_job089.root
SIGMAB_COUNTS tag=MONASH species=Sigma*_b+ pdg=5224 slice=all p=42 a=39 file=/data/alice/ipardoza/hadronization_production/HF_RUN3_V1/raw/MONASH/hf_MONASH_job089.root
SIGMAB_COUNTS tag=MONASH species=Sigma*_b+ pdg=5224 slice=eta_lt_1 p=7 a=6 file=/data/alice/ipardoza/hadronization_production/HF_RUN3_V1/raw/MONASH/hf_MONASH_job089.root
SIGMAB_COUNTS tag=MONASH species=Sigma*_b+ pdg=5224 slice=eta_1_2 p=7 a=14 file=/data/alice/ipardoza/hadronization_production/HF_RUN3_V1/raw/MONASH/hf_MONASH_job089.root
SIGMAB_COUNTS tag=MONASH species=Sigma*_b+ pdg=5224 slice=eta_ge_2 p=28 a=19 file=/data/alice/ipardoza/hadronization_production/HF_RUN3_V1/raw/MONASH/hf_MONASH_job089.root
SIGMAB_COUNTS tag=MONASH species=Sigma*_b0 pdg=5214 slice=all p=37 a=24 file=/data/alice/ipardoza/hadronization_production/HF_RUN3_V1/raw/MONASH/hf_MONASH_job089.root
SIGMAB_COUNTS tag=MONASH species=Sigma*_b0 pdg=5214 slice=eta_lt_1 p=5 a=1 file=/data/alice/ipardoza/hadronization_production/HF_RUN3_V1/raw/MONASH/hf_MONASH_job089.root
SIGMAB_COUNTS tag=MONASH species=Sigma*_b0 pdg=5214 slice=eta_1_2 p=7 a=5 file=/data/alice/ipardoza/hadronization_production/HF_RUN3_V1/raw/MONASH/hf_MONASH_job089.root
SIGMAB_COUNTS tag=MONASH species=Sigma*_b0 pdg=5214 slice=eta_ge_2 p=25 a=18 file=/data/alice/ipardoza/hadronization_production/HF_RUN3_V1/raw/MONASH/hf_MONASH_job089.root
SIGMAB_COUNTS tag=MONASH species=Sigma*_b- pdg=5114 slice=all p=59 a=46 file=/data/alice/ipardoza/hadronization_production/HF_RUN3_V1/raw/MONASH/hf_MONASH_job089.root
SIGMAB_COUNTS tag=MONASH species=Sigma*_b- pdg=5114 slice=eta_lt_1 p=12 a=8 file=/data/alice/ipardoza/hadronization_production/HF_RUN3_V1/raw/MONASH/hf_MONASH_job089.root
SIGMAB_COUNTS tag=MONASH species=Sigma*_b- pdg=5114 slice=eta_1_2 p=11 a=10 file=/data/alice/ipardoza/hadronization_production/HF_RUN3_V1/raw/MONASH/hf_MONASH_job089.root
SIGMAB_COUNTS tag=MONASH species=Sigma*_b- pdg=5114 slice=eta_ge_2 p=36 a=28 file=/data/alice/ipardoza/hadronization_production/HF_RUN3_V1/raw/MONASH/hf_MONASH_job089.root
SIGMAB_COUNTS tag=MONASH species=Lambda_b0 pdg=5122 slice=all p=300 a=343 file=/data/alice/ipardoza/hadronization_production/HF_RUN3_V1/raw/MONASH/hf_MONASH_job089.root
SIGMAB_COUNTS tag=MONASH species=Lambda_b0 pdg=5122 slice=eta_lt_1 p=56 a=49 file=/data/alice/ipardoza/hadronization_production/HF_RUN3_V1/raw/MONASH/hf_MONASH_job089.root
SIGMAB_COUNTS tag=MONASH species=Lambda_b0 pdg=5122 slice=eta_1_2 p=67 a=92 file=/data/alice/ipardoza/hadronization_production/HF_RUN3_V1/raw/MONASH/hf_MONASH_job089.root
SIGMAB_COUNTS tag=MONASH species=Lambda_b0 pdg=5122 slice=eta_ge_2 p=177 a=202 file=/data/alice/ipardoza/hadronization_production/HF_RUN3_V1/raw/MONASH/hf_MONASH_job089.root
SIGMAB_COUNTS tag=MONASH species=Xi_b0 pdg=5232 slice=all p=44 a=38 file=/data/alice/ipardoza/hadronization_production/HF_RUN3_V1/raw/MONASH/hf_MONASH_job089.root
SIGMAB_COUNTS tag=MONASH species=Xi_b0 pdg=5232 slice=eta_lt_1 p=11 a=7 file=/data/alice/ipardoza/hadronization_production/HF_RUN3_V1/raw/MONASH/hf_MONASH_job089.root
SIGMAB_COUNTS tag=MONASH species=Xi_b0 pdg=5232 slice=eta_1_2 p=7 a=8 file=/data/alice/ipardoza/hadronization_production/HF_RUN3_V1/raw/MONASH/hf_MONASH_job089.root
SIGMAB_COUNTS tag=MONASH species=Xi_b0 pdg=5232 slice=eta_ge_2 p=26 a=23 file=/data/alice/ipardoza/hadronization_production/HF_RUN3_V1/raw/MONASH/hf_MONASH_job089.root
SIGMAB_COUNTS tag=MONASH species=Xi_b- pdg=5132 slice=all p=62 a=54 file=/data/alice/ipardoza/hadronization_production/HF_RUN3_V1/raw/MONASH/hf_MONASH_job089.root
SIGMAB_COUNTS tag=MONASH species=Xi_b- pdg=5132 slice=eta_lt_1 p=8 a=9 file=/data/alice/ipardoza/hadronization_production/HF_RUN3_V1/raw/MONASH/hf_MONASH_job089.root
SIGMAB_COUNTS tag=MONASH species=Xi_b- pdg=5132 slice=eta_1_2 p=12 a=16 file=/data/alice/ipardoza/hadronization_production/HF_RUN3_V1/raw/MONASH/hf_MONASH_job089.root
SIGMAB_COUNTS tag=MONASH species=Xi_b- pdg=5132 slice=eta_ge_2 p=42 a=29 file=/data/alice/ipardoza/hadronization_production/HF_RUN3_V1/raw/MONASH/hf_MONASH_job089.root
SIGMAB_COUNTS tag=MONASH species=Sigma_b+ pdg=5222 slice=all p=29 a=22 file=/data/alice/ipardoza/hadronization_production/HF_RUN3_V1/raw/MONASH/hf_MONASH_job090.root
SIGMAB_COUNTS tag=MONASH species=Sigma_b+ pdg=5222 slice=eta_lt_1 p=5 a=3 file=/data/alice/ipardoza/hadronization_production/HF_RUN3_V1/raw/MONASH/hf_MONASH_job090.root
SIGMAB_COUNTS tag=MONASH species=Sigma_b+ pdg=5222 slice=eta_1_2 p=5 a=5 file=/data/alice/ipardoza/hadronization_production/HF_RUN3_V1/raw/MONASH/hf_MONASH_job090.root
SIGMAB_COUNTS tag=MONASH species=Sigma_b+ pdg=5222 slice=eta_ge_2 p=19 a=14 file=/data/alice/ipardoza/hadronization_production/HF_RUN3_V1/raw/MONASH/hf_MONASH_job090.root
SIGMAB_COUNTS tag=MONASH species=Sigma_b0 pdg=5212 slice=all p=39 a=18 file=/data/alice/ipardoza/hadronization_production/HF_RUN3_V1/raw/MONASH/hf_MONASH_job090.root
SIGMAB_COUNTS tag=MONASH species=Sigma_b0 pdg=5212 slice=eta_lt_1 p=3 a=5 file=/data/alice/ipardoza/hadronization_production/HF_RUN3_V1/raw/MONASH/hf_MONASH_job090.root
SIGMAB_COUNTS tag=MONASH species=Sigma_b0 pdg=5212 slice=eta_1_2 p=8 a=3 file=/data/alice/ipardoza/hadronization_production/HF_RUN3_V1/raw/MONASH/hf_MONASH_job090.root
SIGMAB_COUNTS tag=MONASH species=Sigma_b0 pdg=5212 slice=eta_ge_2 p=28 a=10 file=/data/alice/ipardoza/hadronization_production/HF_RUN3_V1/raw/MONASH/hf_MONASH_job090.root
SIGMAB_COUNTS tag=MONASH species=Sigma_b- pdg=5112 slice=all p=34 a=22 file=/data/alice/ipardoza/hadronization_production/HF_RUN3_V1/raw/MONASH/hf_MONASH_job090.root
SIGMAB_COUNTS tag=MONASH species=Sigma_b- pdg=5112 slice=eta_lt_1 p=5 a=6 file=/data/alice/ipardoza/hadronization_production/HF_RUN3_V1/raw/MONASH/hf_MONASH_job090.root
SIGMAB_COUNTS tag=MONASH species=Sigma_b- pdg=5112 slice=eta_1_2 p=6 a=7 file=/data/alice/ipardoza/hadronization_production/HF_RUN3_V1/raw/MONASH/hf_MONASH_job090.root
SIGMAB_COUNTS tag=MONASH species=Sigma_b- pdg=5112 slice=eta_ge_2 p=23 a=9 file=/data/alice/ipardoza/hadronization_production/HF_RUN3_V1/raw/MONASH/hf_MONASH_job090.root
SIGMAB_COUNTS tag=MONASH species=Sigma*_b+ pdg=5224 slice=all p=46 a=36 file=/data/alice/ipardoza/hadronization_production/HF_RUN3_V1/raw/MONASH/hf_MONASH_job090.root
SIGMAB_COUNTS tag=MONASH species=Sigma*_b+ pdg=5224 slice=eta_lt_1 p=6 a=6 file=/data/alice/ipardoza/hadronization_production/HF_RUN3_V1/raw/MONASH/hf_MONASH_job090.root
SIGMAB_COUNTS tag=MONASH species=Sigma*_b+ pdg=5224 slice=eta_1_2 p=7 a=3 file=/data/alice/ipardoza/hadronization_production/HF_RUN3_V1/raw/MONASH/hf_MONASH_job090.root
SIGMAB_COUNTS tag=MONASH species=Sigma*_b+ pdg=5224 slice=eta_ge_2 p=33 a=27 file=/data/alice/ipardoza/hadronization_production/HF_RUN3_V1/raw/MONASH/hf_MONASH_job090.root
SIGMAB_COUNTS tag=MONASH species=Sigma*_b0 pdg=5214 slice=all p=68 a=47 file=/data/alice/ipardoza/hadronization_production/HF_RUN3_V1/raw/MONASH/hf_MONASH_job090.root
SIGMAB_COUNTS tag=MONASH species=Sigma*_b0 pdg=5214 slice=eta_lt_1 p=7 a=7 file=/data/alice/ipardoza/hadronization_production/HF_RUN3_V1/raw/MONASH/hf_MONASH_job090.root
SIGMAB_COUNTS tag=MONASH species=Sigma*_b0 pdg=5214 slice=eta_1_2 p=14 a=13 file=/data/alice/ipardoza/hadronization_production/HF_RUN3_V1/raw/MONASH/hf_MONASH_job090.root
SIGMAB_COUNTS tag=MONASH species=Sigma*_b0 pdg=5214 slice=eta_ge_2 p=47 a=27 file=/data/alice/ipardoza/hadronization_production/HF_RUN3_V1/raw/MONASH/hf_MONASH_job090.root
SIGMAB_COUNTS tag=MONASH species=Sigma*_b- pdg=5114 slice=all p=59 a=48 file=/data/alice/ipardoza/hadronization_production/HF_RUN3_V1/raw/MONASH/hf_MONASH_job090.root
SIGMAB_COUNTS tag=MONASH species=Sigma*_b- pdg=5114 slice=eta_lt_1 p=10 a=5 file=/data/alice/ipardoza/hadronization_production/HF_RUN3_V1/raw/MONASH/hf_MONASH_job090.root
SIGMAB_COUNTS tag=MONASH species=Sigma*_b- pdg=5114 slice=eta_1_2 p=9 a=16 file=/data/alice/ipardoza/hadronization_production/HF_RUN3_V1/raw/MONASH/hf_MONASH_job090.root
SIGMAB_COUNTS tag=MONASH species=Sigma*_b- pdg=5114 slice=eta_ge_2 p=40 a=27 file=/data/alice/ipardoza/hadronization_production/HF_RUN3_V1/raw/MONASH/hf_MONASH_job090.root
SIGMAB_COUNTS tag=MONASH species=Lambda_b0 pdg=5122 slice=all p=318 a=345 file=/data/alice/ipardoza/hadronization_production/HF_RUN3_V1/raw/MONASH/hf_MONASH_job090.root
SIGMAB_COUNTS tag=MONASH species=Lambda_b0 pdg=5122 slice=eta_lt_1 p=44 a=49 file=/data/alice/ipardoza/hadronization_production/HF_RUN3_V1/raw/MONASH/hf_MONASH_job090.root
SIGMAB_COUNTS tag=MONASH species=Lambda_b0 pdg=5122 slice=eta_1_2 p=64 a=80 file=/data/alice/ipardoza/hadronization_production/HF_RUN3_V1/raw/MONASH/hf_MONASH_job090.root
SIGMAB_COUNTS tag=MONASH species=Lambda_b0 pdg=5122 slice=eta_ge_2 p=210 a=216 file=/data/alice/ipardoza/hadronization_production/HF_RUN3_V1/raw/MONASH/hf_MONASH_job090.root
SIGMAB_COUNTS tag=MONASH species=Xi_b0 pdg=5232 slice=all p=62 a=63 file=/data/alice/ipardoza/hadronization_production/HF_RUN3_V1/raw/MONASH/hf_MONASH_job090.root
SIGMAB_COUNTS tag=MONASH species=Xi_b0 pdg=5232 slice=eta_lt_1 p=12 a=6 file=/data/alice/ipardoza/hadronization_production/HF_RUN3_V1/raw/MONASH/hf_MONASH_job090.root
SIGMAB_COUNTS tag=MONASH species=Xi_b0 pdg=5232 slice=eta_1_2 p=15 a=16 file=/data/alice/ipardoza/hadronization_production/HF_RUN3_V1/raw/MONASH/hf_MONASH_job090.root
SIGMAB_COUNTS tag=MONASH species=Xi_b0 pdg=5232 slice=eta_ge_2 p=35 a=41 file=/data/alice/ipardoza/hadronization_production/HF_RUN3_V1/raw/MONASH/hf_MONASH_job090.root
SIGMAB_COUNTS tag=MONASH species=Xi_b- pdg=5132 slice=all p=49 a=44 file=/data/alice/ipardoza/hadronization_production/HF_RUN3_V1/raw/MONASH/hf_MONASH_job090.root
SIGMAB_COUNTS tag=MONASH species=Xi_b- pdg=5132 slice=eta_lt_1 p=11 a=4 file=/data/alice/ipardoza/hadronization_production/HF_RUN3_V1/raw/MONASH/hf_MONASH_job090.root
SIGMAB_COUNTS tag=MONASH species=Xi_b- pdg=5132 slice=eta_1_2 p=7 a=10 file=/data/alice/ipardoza/hadronization_production/HF_RUN3_V1/raw/MONASH/hf_MONASH_job090.root
SIGMAB_COUNTS tag=MONASH species=Xi_b- pdg=5132 slice=eta_ge_2 p=31 a=30 file=/data/alice/ipardoza/hadronization_production/HF_RUN3_V1/raw/MONASH/hf_MONASH_job090.root
SIGMAB_COUNTS tag=MONASH species=Sigma_b+ pdg=5222 slice=all p=31 a=25 file=/data/alice/ipardoza/hadronization_production/HF_RUN3_V1/raw/MONASH/hf_MONASH_job091.root
SIGMAB_COUNTS tag=MONASH species=Sigma_b+ pdg=5222 slice=eta_lt_1 p=5 a=9 file=/data/alice/ipardoza/hadronization_production/HF_RUN3_V1/raw/MONASH/hf_MONASH_job091.root
SIGMAB_COUNTS tag=MONASH species=Sigma_b+ pdg=5222 slice=eta_1_2 p=7 a=4 file=/data/alice/ipardoza/hadronization_production/HF_RUN3_V1/raw/MONASH/hf_MONASH_job091.root
SIGMAB_COUNTS tag=MONASH species=Sigma_b+ pdg=5222 slice=eta_ge_2 p=19 a=12 file=/data/alice/ipardoza/hadronization_production/HF_RUN3_V1/raw/MONASH/hf_MONASH_job091.root
SIGMAB_COUNTS tag=MONASH species=Sigma_b0 pdg=5212 slice=all p=43 a=23 file=/data/alice/ipardoza/hadronization_production/HF_RUN3_V1/raw/MONASH/hf_MONASH_job091.root
SIGMAB_COUNTS tag=MONASH species=Sigma_b0 pdg=5212 slice=eta_lt_1 p=8 a=4 file=/data/alice/ipardoza/hadronization_production/HF_RUN3_V1/raw/MONASH/hf_MONASH_job091.root
SIGMAB_COUNTS tag=MONASH species=Sigma_b0 pdg=5212 slice=eta_1_2 p=13 a=4 file=/data/alice/ipardoza/hadronization_production/HF_RUN3_V1/raw/MONASH/hf_MONASH_job091.root
SIGMAB_COUNTS tag=MONASH species=Sigma_b0 pdg=5212 slice=eta_ge_2 p=22 a=15 file=/data/alice/ipardoza/hadronization_production/HF_RUN3_V1/raw/MONASH/hf_MONASH_job091.root
SIGMAB_COUNTS tag=MONASH species=Sigma_b- pdg=5112 slice=all p=26 a=16 file=/data/alice/ipardoza/hadronization_production/HF_RUN3_V1/raw/MONASH/hf_MONASH_job091.root
SIGMAB_COUNTS tag=MONASH species=Sigma_b- pdg=5112 slice=eta_lt_1 p=2 a=4 file=/data/alice/ipardoza/hadronization_production/HF_RUN3_V1/raw/MONASH/hf_MONASH_job091.root
SIGMAB_COUNTS tag=MONASH species=Sigma_b- pdg=5112 slice=eta_1_2 p=3 a=3 file=/data/alice/ipardoza/hadronization_production/HF_RUN3_V1/raw/MONASH/hf_MONASH_job091.root
SIGMAB_COUNTS tag=MONASH species=Sigma_b- pdg=5112 slice=eta_ge_2 p=21 a=9 file=/data/alice/ipardoza/hadronization_production/HF_RUN3_V1/raw/MONASH/hf_MONASH_job091.root
SIGMAB_COUNTS tag=MONASH species=Sigma*_b+ pdg=5224 slice=all p=51 a=41 file=/data/alice/ipardoza/hadronization_production/HF_RUN3_V1/raw/MONASH/hf_MONASH_job091.root
SIGMAB_COUNTS tag=MONASH species=Sigma*_b+ pdg=5224 slice=eta_lt_1 p=14 a=7 file=/data/alice/ipardoza/hadronization_production/HF_RUN3_V1/raw/MONASH/hf_MONASH_job091.root
SIGMAB_COUNTS tag=MONASH species=Sigma*_b+ pdg=5224 slice=eta_1_2 p=7 a=8 file=/data/alice/ipardoza/hadronization_production/HF_RUN3_V1/raw/MONASH/hf_MONASH_job091.root
SIGMAB_COUNTS tag=MONASH species=Sigma*_b+ pdg=5224 slice=eta_ge_2 p=30 a=26 file=/data/alice/ipardoza/hadronization_production/HF_RUN3_V1/raw/MONASH/hf_MONASH_job091.root
SIGMAB_COUNTS tag=MONASH species=Sigma*_b0 pdg=5214 slice=all p=37 a=30 file=/data/alice/ipardoza/hadronization_production/HF_RUN3_V1/raw/MONASH/hf_MONASH_job091.root
SIGMAB_COUNTS tag=MONASH species=Sigma*_b0 pdg=5214 slice=eta_lt_1 p=8 a=8 file=/data/alice/ipardoza/hadronization_production/HF_RUN3_V1/raw/MONASH/hf_MONASH_job091.root
SIGMAB_COUNTS tag=MONASH species=Sigma*_b0 pdg=5214 slice=eta_1_2 p=8 a=7 file=/data/alice/ipardoza/hadronization_production/HF_RUN3_V1/raw/MONASH/hf_MONASH_job091.root
SIGMAB_COUNTS tag=MONASH species=Sigma*_b0 pdg=5214 slice=eta_ge_2 p=21 a=15 file=/data/alice/ipardoza/hadronization_production/HF_RUN3_V1/raw/MONASH/hf_MONASH_job091.root
SIGMAB_COUNTS tag=MONASH species=Sigma*_b- pdg=5114 slice=all p=58 a=43 file=/data/alice/ipardoza/hadronization_production/HF_RUN3_V1/raw/MONASH/hf_MONASH_job091.root
SIGMAB_COUNTS tag=MONASH species=Sigma*_b- pdg=5114 slice=eta_lt_1 p=12 a=6 file=/data/alice/ipardoza/hadronization_production/HF_RUN3_V1/raw/MONASH/hf_MONASH_job091.root
SIGMAB_COUNTS tag=MONASH species=Sigma*_b- pdg=5114 slice=eta_1_2 p=15 a=11 file=/data/alice/ipardoza/hadronization_production/HF_RUN3_V1/raw/MONASH/hf_MONASH_job091.root
SIGMAB_COUNTS tag=MONASH species=Sigma*_b- pdg=5114 slice=eta_ge_2 p=31 a=26 file=/data/alice/ipardoza/hadronization_production/HF_RUN3_V1/raw/MONASH/hf_MONASH_job091.root
SIGMAB_COUNTS tag=MONASH species=Lambda_b0 pdg=5122 slice=all p=323 a=313 file=/data/alice/ipardoza/hadronization_production/HF_RUN3_V1/raw/MONASH/hf_MONASH_job091.root
SIGMAB_COUNTS tag=MONASH species=Lambda_b0 pdg=5122 slice=eta_lt_1 p=73 a=63 file=/data/alice/ipardoza/hadronization_production/HF_RUN3_V1/raw/MONASH/hf_MONASH_job091.root
SIGMAB_COUNTS tag=MONASH species=Lambda_b0 pdg=5122 slice=eta_1_2 p=60 a=68 file=/data/alice/ipardoza/hadronization_production/HF_RUN3_V1/raw/MONASH/hf_MONASH_job091.root
SIGMAB_COUNTS tag=MONASH species=Lambda_b0 pdg=5122 slice=eta_ge_2 p=190 a=182 file=/data/alice/ipardoza/hadronization_production/HF_RUN3_V1/raw/MONASH/hf_MONASH_job091.root
SIGMAB_COUNTS tag=MONASH species=Xi_b0 pdg=5232 slice=all p=59 a=56 file=/data/alice/ipardoza/hadronization_production/HF_RUN3_V1/raw/MONASH/hf_MONASH_job091.root
SIGMAB_COUNTS tag=MONASH species=Xi_b0 pdg=5232 slice=eta_lt_1 p=12 a=8 file=/data/alice/ipardoza/hadronization_production/HF_RUN3_V1/raw/MONASH/hf_MONASH_job091.root
SIGMAB_COUNTS tag=MONASH species=Xi_b0 pdg=5232 slice=eta_1_2 p=13 a=8 file=/data/alice/ipardoza/hadronization_production/HF_RUN3_V1/raw/MONASH/hf_MONASH_job091.root
SIGMAB_COUNTS tag=MONASH species=Xi_b0 pdg=5232 slice=eta_ge_2 p=34 a=40 file=/data/alice/ipardoza/hadronization_production/HF_RUN3_V1/raw/MONASH/hf_MONASH_job091.root
SIGMAB_COUNTS tag=MONASH species=Xi_b- pdg=5132 slice=all p=67 a=63 file=/data/alice/ipardoza/hadronization_production/HF_RUN3_V1/raw/MONASH/hf_MONASH_job091.root
SIGMAB_COUNTS tag=MONASH species=Xi_b- pdg=5132 slice=eta_lt_1 p=9 a=14 file=/data/alice/ipardoza/hadronization_production/HF_RUN3_V1/raw/MONASH/hf_MONASH_job091.root
SIGMAB_COUNTS tag=MONASH species=Xi_b- pdg=5132 slice=eta_1_2 p=20 a=13 file=/data/alice/ipardoza/hadronization_production/HF_RUN3_V1/raw/MONASH/hf_MONASH_job091.root
SIGMAB_COUNTS tag=MONASH species=Xi_b- pdg=5132 slice=eta_ge_2 p=38 a=36 file=/data/alice/ipardoza/hadronization_production/HF_RUN3_V1/raw/MONASH/hf_MONASH_job091.root
SIGMAB_COUNTS tag=MONASH species=Sigma_b+ pdg=5222 slice=all p=24 a=16 file=/data/alice/ipardoza/hadronization_production/HF_RUN3_V1/raw/MONASH/hf_MONASH_job092.root
SIGMAB_COUNTS tag=MONASH species=Sigma_b+ pdg=5222 slice=eta_lt_1 p=4 a=4 file=/data/alice/ipardoza/hadronization_production/HF_RUN3_V1/raw/MONASH/hf_MONASH_job092.root
SIGMAB_COUNTS tag=MONASH species=Sigma_b+ pdg=5222 slice=eta_1_2 p=4 a=3 file=/data/alice/ipardoza/hadronization_production/HF_RUN3_V1/raw/MONASH/hf_MONASH_job092.root
SIGMAB_COUNTS tag=MONASH species=Sigma_b+ pdg=5222 slice=eta_ge_2 p=16 a=9 file=/data/alice/ipardoza/hadronization_production/HF_RUN3_V1/raw/MONASH/hf_MONASH_job092.root
SIGMAB_COUNTS tag=MONASH species=Sigma_b0 pdg=5212 slice=all p=29 a=21 file=/data/alice/ipardoza/hadronization_production/HF_RUN3_V1/raw/MONASH/hf_MONASH_job092.root
SIGMAB_COUNTS tag=MONASH species=Sigma_b0 pdg=5212 slice=eta_lt_1 p=3 a=2 file=/data/alice/ipardoza/hadronization_production/HF_RUN3_V1/raw/MONASH/hf_MONASH_job092.root
SIGMAB_COUNTS tag=MONASH species=Sigma_b0 pdg=5212 slice=eta_1_2 p=6 a=9 file=/data/alice/ipardoza/hadronization_production/HF_RUN3_V1/raw/MONASH/hf_MONASH_job092.root
SIGMAB_COUNTS tag=MONASH species=Sigma_b0 pdg=5212 slice=eta_ge_2 p=20 a=10 file=/data/alice/ipardoza/hadronization_production/HF_RUN3_V1/raw/MONASH/hf_MONASH_job092.root
SIGMAB_COUNTS tag=MONASH species=Sigma_b- pdg=5112 slice=all p=36 a=15 file=/data/alice/ipardoza/hadronization_production/HF_RUN3_V1/raw/MONASH/hf_MONASH_job092.root
SIGMAB_COUNTS tag=MONASH species=Sigma_b- pdg=5112 slice=eta_lt_1 p=5 a=2 file=/data/alice/ipardoza/hadronization_production/HF_RUN3_V1/raw/MONASH/hf_MONASH_job092.root
SIGMAB_COUNTS tag=MONASH species=Sigma_b- pdg=5112 slice=eta_1_2 p=7 a=2 file=/data/alice/ipardoza/hadronization_production/HF_RUN3_V1/raw/MONASH/hf_MONASH_job092.root
SIGMAB_COUNTS tag=MONASH species=Sigma_b- pdg=5112 slice=eta_ge_2 p=24 a=11 file=/data/alice/ipardoza/hadronization_production/HF_RUN3_V1/raw/MONASH/hf_MONASH_job092.root
SIGMAB_COUNTS tag=MONASH species=Sigma*_b+ pdg=5224 slice=all p=56 a=37 file=/data/alice/ipardoza/hadronization_production/HF_RUN3_V1/raw/MONASH/hf_MONASH_job092.root
SIGMAB_COUNTS tag=MONASH species=Sigma*_b+ pdg=5224 slice=eta_lt_1 p=10 a=6 file=/data/alice/ipardoza/hadronization_production/HF_RUN3_V1/raw/MONASH/hf_MONASH_job092.root
SIGMAB_COUNTS tag=MONASH species=Sigma*_b+ pdg=5224 slice=eta_1_2 p=9 a=10 file=/data/alice/ipardoza/hadronization_production/HF_RUN3_V1/raw/MONASH/hf_MONASH_job092.root
SIGMAB_COUNTS tag=MONASH species=Sigma*_b+ pdg=5224 slice=eta_ge_2 p=37 a=21 file=/data/alice/ipardoza/hadronization_production/HF_RUN3_V1/raw/MONASH/hf_MONASH_job092.root
SIGMAB_COUNTS tag=MONASH species=Sigma*_b0 pdg=5214 slice=all p=56 a=40 file=/data/alice/ipardoza/hadronization_production/HF_RUN3_V1/raw/MONASH/hf_MONASH_job092.root
SIGMAB_COUNTS tag=MONASH species=Sigma*_b0 pdg=5214 slice=eta_lt_1 p=10 a=8 file=/data/alice/ipardoza/hadronization_production/HF_RUN3_V1/raw/MONASH/hf_MONASH_job092.root
SIGMAB_COUNTS tag=MONASH species=Sigma*_b0 pdg=5214 slice=eta_1_2 p=8 a=10 file=/data/alice/ipardoza/hadronization_production/HF_RUN3_V1/raw/MONASH/hf_MONASH_job092.root
SIGMAB_COUNTS tag=MONASH species=Sigma*_b0 pdg=5214 slice=eta_ge_2 p=38 a=22 file=/data/alice/ipardoza/hadronization_production/HF_RUN3_V1/raw/MONASH/hf_MONASH_job092.root
SIGMAB_COUNTS tag=MONASH species=Sigma*_b- pdg=5114 slice=all p=47 a=41 file=/data/alice/ipardoza/hadronization_production/HF_RUN3_V1/raw/MONASH/hf_MONASH_job092.root
SIGMAB_COUNTS tag=MONASH species=Sigma*_b- pdg=5114 slice=eta_lt_1 p=3 a=6 file=/data/alice/ipardoza/hadronization_production/HF_RUN3_V1/raw/MONASH/hf_MONASH_job092.root
SIGMAB_COUNTS tag=MONASH species=Sigma*_b- pdg=5114 slice=eta_1_2 p=17 a=9 file=/data/alice/ipardoza/hadronization_production/HF_RUN3_V1/raw/MONASH/hf_MONASH_job092.root
SIGMAB_COUNTS tag=MONASH species=Sigma*_b- pdg=5114 slice=eta_ge_2 p=27 a=26 file=/data/alice/ipardoza/hadronization_production/HF_RUN3_V1/raw/MONASH/hf_MONASH_job092.root
SIGMAB_COUNTS tag=MONASH species=Lambda_b0 pdg=5122 slice=all p=294 a=327 file=/data/alice/ipardoza/hadronization_production/HF_RUN3_V1/raw/MONASH/hf_MONASH_job092.root
SIGMAB_COUNTS tag=MONASH species=Lambda_b0 pdg=5122 slice=eta_lt_1 p=59 a=50 file=/data/alice/ipardoza/hadronization_production/HF_RUN3_V1/raw/MONASH/hf_MONASH_job092.root
SIGMAB_COUNTS tag=MONASH species=Lambda_b0 pdg=5122 slice=eta_1_2 p=52 a=71 file=/data/alice/ipardoza/hadronization_production/HF_RUN3_V1/raw/MONASH/hf_MONASH_job092.root
SIGMAB_COUNTS tag=MONASH species=Lambda_b0 pdg=5122 slice=eta_ge_2 p=183 a=206 file=/data/alice/ipardoza/hadronization_production/HF_RUN3_V1/raw/MONASH/hf_MONASH_job092.root
SIGMAB_COUNTS tag=MONASH species=Xi_b0 pdg=5232 slice=all p=71 a=54 file=/data/alice/ipardoza/hadronization_production/HF_RUN3_V1/raw/MONASH/hf_MONASH_job092.root
SIGMAB_COUNTS tag=MONASH species=Xi_b0 pdg=5232 slice=eta_lt_1 p=12 a=7 file=/data/alice/ipardoza/hadronization_production/HF_RUN3_V1/raw/MONASH/hf_MONASH_job092.root
SIGMAB_COUNTS tag=MONASH species=Xi_b0 pdg=5232 slice=eta_1_2 p=16 a=16 file=/data/alice/ipardoza/hadronization_production/HF_RUN3_V1/raw/MONASH/hf_MONASH_job092.root
SIGMAB_COUNTS tag=MONASH species=Xi_b0 pdg=5232 slice=eta_ge_2 p=43 a=31 file=/data/alice/ipardoza/hadronization_production/HF_RUN3_V1/raw/MONASH/hf_MONASH_job092.root
SIGMAB_COUNTS tag=MONASH species=Xi_b- pdg=5132 slice=all p=51 a=65 file=/data/alice/ipardoza/hadronization_production/HF_RUN3_V1/raw/MONASH/hf_MONASH_job092.root
SIGMAB_COUNTS tag=MONASH species=Xi_b- pdg=5132 slice=eta_lt_1 p=9 a=13 file=/data/alice/ipardoza/hadronization_production/HF_RUN3_V1/raw/MONASH/hf_MONASH_job092.root
SIGMAB_COUNTS tag=MONASH species=Xi_b- pdg=5132 slice=eta_1_2 p=12 a=15 file=/data/alice/ipardoza/hadronization_production/HF_RUN3_V1/raw/MONASH/hf_MONASH_job092.root
SIGMAB_COUNTS tag=MONASH species=Xi_b- pdg=5132 slice=eta_ge_2 p=30 a=37 file=/data/alice/ipardoza/hadronization_production/HF_RUN3_V1/raw/MONASH/hf_MONASH_job092.root
SIGMAB_COUNTS tag=MONASH species=Sigma_b+ pdg=5222 slice=all p=37 a=17 file=/data/alice/ipardoza/hadronization_production/HF_RUN3_V1/raw/MONASH/hf_MONASH_job093.root
SIGMAB_COUNTS tag=MONASH species=Sigma_b+ pdg=5222 slice=eta_lt_1 p=6 a=5 file=/data/alice/ipardoza/hadronization_production/HF_RUN3_V1/raw/MONASH/hf_MONASH_job093.root
SIGMAB_COUNTS tag=MONASH species=Sigma_b+ pdg=5222 slice=eta_1_2 p=8 a=1 file=/data/alice/ipardoza/hadronization_production/HF_RUN3_V1/raw/MONASH/hf_MONASH_job093.root
SIGMAB_COUNTS tag=MONASH species=Sigma_b+ pdg=5222 slice=eta_ge_2 p=23 a=11 file=/data/alice/ipardoza/hadronization_production/HF_RUN3_V1/raw/MONASH/hf_MONASH_job093.root
SIGMAB_COUNTS tag=MONASH species=Sigma_b0 pdg=5212 slice=all p=45 a=32 file=/data/alice/ipardoza/hadronization_production/HF_RUN3_V1/raw/MONASH/hf_MONASH_job093.root
SIGMAB_COUNTS tag=MONASH species=Sigma_b0 pdg=5212 slice=eta_lt_1 p=11 a=9 file=/data/alice/ipardoza/hadronization_production/HF_RUN3_V1/raw/MONASH/hf_MONASH_job093.root
SIGMAB_COUNTS tag=MONASH species=Sigma_b0 pdg=5212 slice=eta_1_2 p=5 a=5 file=/data/alice/ipardoza/hadronization_production/HF_RUN3_V1/raw/MONASH/hf_MONASH_job093.root
SIGMAB_COUNTS tag=MONASH species=Sigma_b0 pdg=5212 slice=eta_ge_2 p=29 a=18 file=/data/alice/ipardoza/hadronization_production/HF_RUN3_V1/raw/MONASH/hf_MONASH_job093.root
SIGMAB_COUNTS tag=MONASH species=Sigma_b- pdg=5112 slice=all p=24 a=22 file=/data/alice/ipardoza/hadronization_production/HF_RUN3_V1/raw/MONASH/hf_MONASH_job093.root
SIGMAB_COUNTS tag=MONASH species=Sigma_b- pdg=5112 slice=eta_lt_1 p=6 a=3 file=/data/alice/ipardoza/hadronization_production/HF_RUN3_V1/raw/MONASH/hf_MONASH_job093.root
SIGMAB_COUNTS tag=MONASH species=Sigma_b- pdg=5112 slice=eta_1_2 p=2 a=4 file=/data/alice/ipardoza/hadronization_production/HF_RUN3_V1/raw/MONASH/hf_MONASH_job093.root
SIGMAB_COUNTS tag=MONASH species=Sigma_b- pdg=5112 slice=eta_ge_2 p=16 a=15 file=/data/alice/ipardoza/hadronization_production/HF_RUN3_V1/raw/MONASH/hf_MONASH_job093.root
SIGMAB_COUNTS tag=MONASH species=Sigma*_b+ pdg=5224 slice=all p=42 a=51 file=/data/alice/ipardoza/hadronization_production/HF_RUN3_V1/raw/MONASH/hf_MONASH_job093.root
SIGMAB_COUNTS tag=MONASH species=Sigma*_b+ pdg=5224 slice=eta_lt_1 p=10 a=4 file=/data/alice/ipardoza/hadronization_production/HF_RUN3_V1/raw/MONASH/hf_MONASH_job093.root
SIGMAB_COUNTS tag=MONASH species=Sigma*_b+ pdg=5224 slice=eta_1_2 p=10 a=11 file=/data/alice/ipardoza/hadronization_production/HF_RUN3_V1/raw/MONASH/hf_MONASH_job093.root
SIGMAB_COUNTS tag=MONASH species=Sigma*_b+ pdg=5224 slice=eta_ge_2 p=22 a=36 file=/data/alice/ipardoza/hadronization_production/HF_RUN3_V1/raw/MONASH/hf_MONASH_job093.root
SIGMAB_COUNTS tag=MONASH species=Sigma*_b0 pdg=5214 slice=all p=45 a=43 file=/data/alice/ipardoza/hadronization_production/HF_RUN3_V1/raw/MONASH/hf_MONASH_job093.root
SIGMAB_COUNTS tag=MONASH species=Sigma*_b0 pdg=5214 slice=eta_lt_1 p=5 a=8 file=/data/alice/ipardoza/hadronization_production/HF_RUN3_V1/raw/MONASH/hf_MONASH_job093.root
SIGMAB_COUNTS tag=MONASH species=Sigma*_b0 pdg=5214 slice=eta_1_2 p=9 a=6 file=/data/alice/ipardoza/hadronization_production/HF_RUN3_V1/raw/MONASH/hf_MONASH_job093.root
SIGMAB_COUNTS tag=MONASH species=Sigma*_b0 pdg=5214 slice=eta_ge_2 p=31 a=29 file=/data/alice/ipardoza/hadronization_production/HF_RUN3_V1/raw/MONASH/hf_MONASH_job093.root
SIGMAB_COUNTS tag=MONASH species=Sigma*_b- pdg=5114 slice=all p=48 a=40 file=/data/alice/ipardoza/hadronization_production/HF_RUN3_V1/raw/MONASH/hf_MONASH_job093.root
SIGMAB_COUNTS tag=MONASH species=Sigma*_b- pdg=5114 slice=eta_lt_1 p=7 a=8 file=/data/alice/ipardoza/hadronization_production/HF_RUN3_V1/raw/MONASH/hf_MONASH_job093.root
SIGMAB_COUNTS tag=MONASH species=Sigma*_b- pdg=5114 slice=eta_1_2 p=9 a=9 file=/data/alice/ipardoza/hadronization_production/HF_RUN3_V1/raw/MONASH/hf_MONASH_job093.root
SIGMAB_COUNTS tag=MONASH species=Sigma*_b- pdg=5114 slice=eta_ge_2 p=32 a=23 file=/data/alice/ipardoza/hadronization_production/HF_RUN3_V1/raw/MONASH/hf_MONASH_job093.root
SIGMAB_COUNTS tag=MONASH species=Lambda_b0 pdg=5122 slice=all p=363 a=307 file=/data/alice/ipardoza/hadronization_production/HF_RUN3_V1/raw/MONASH/hf_MONASH_job093.root
SIGMAB_COUNTS tag=MONASH species=Lambda_b0 pdg=5122 slice=eta_lt_1 p=70 a=62 file=/data/alice/ipardoza/hadronization_production/HF_RUN3_V1/raw/MONASH/hf_MONASH_job093.root
SIGMAB_COUNTS tag=MONASH species=Lambda_b0 pdg=5122 slice=eta_1_2 p=66 a=69 file=/data/alice/ipardoza/hadronization_production/HF_RUN3_V1/raw/MONASH/hf_MONASH_job093.root
SIGMAB_COUNTS tag=MONASH species=Lambda_b0 pdg=5122 slice=eta_ge_2 p=227 a=176 file=/data/alice/ipardoza/hadronization_production/HF_RUN3_V1/raw/MONASH/hf_MONASH_job093.root
SIGMAB_COUNTS tag=MONASH species=Xi_b0 pdg=5232 slice=all p=43 a=57 file=/data/alice/ipardoza/hadronization_production/HF_RUN3_V1/raw/MONASH/hf_MONASH_job093.root
SIGMAB_COUNTS tag=MONASH species=Xi_b0 pdg=5232 slice=eta_lt_1 p=6 a=10 file=/data/alice/ipardoza/hadronization_production/HF_RUN3_V1/raw/MONASH/hf_MONASH_job093.root
SIGMAB_COUNTS tag=MONASH species=Xi_b0 pdg=5232 slice=eta_1_2 p=6 a=13 file=/data/alice/ipardoza/hadronization_production/HF_RUN3_V1/raw/MONASH/hf_MONASH_job093.root
SIGMAB_COUNTS tag=MONASH species=Xi_b0 pdg=5232 slice=eta_ge_2 p=31 a=34 file=/data/alice/ipardoza/hadronization_production/HF_RUN3_V1/raw/MONASH/hf_MONASH_job093.root
SIGMAB_COUNTS tag=MONASH species=Xi_b- pdg=5132 slice=all p=64 a=42 file=/data/alice/ipardoza/hadronization_production/HF_RUN3_V1/raw/MONASH/hf_MONASH_job093.root
SIGMAB_COUNTS tag=MONASH species=Xi_b- pdg=5132 slice=eta_lt_1 p=14 a=7 file=/data/alice/ipardoza/hadronization_production/HF_RUN3_V1/raw/MONASH/hf_MONASH_job093.root
SIGMAB_COUNTS tag=MONASH species=Xi_b- pdg=5132 slice=eta_1_2 p=11 a=10 file=/data/alice/ipardoza/hadronization_production/HF_RUN3_V1/raw/MONASH/hf_MONASH_job093.root
SIGMAB_COUNTS tag=MONASH species=Xi_b- pdg=5132 slice=eta_ge_2 p=39 a=25 file=/data/alice/ipardoza/hadronization_production/HF_RUN3_V1/raw/MONASH/hf_MONASH_job093.root
SIGMAB_COUNTS tag=MONASH species=Sigma_b+ pdg=5222 slice=all p=38 a=21 file=/data/alice/ipardoza/hadronization_production/HF_RUN3_V1/raw/MONASH/hf_MONASH_job094.root
SIGMAB_COUNTS tag=MONASH species=Sigma_b+ pdg=5222 slice=eta_lt_1 p=6 a=6 file=/data/alice/ipardoza/hadronization_production/HF_RUN3_V1/raw/MONASH/hf_MONASH_job094.root
SIGMAB_COUNTS tag=MONASH species=Sigma_b+ pdg=5222 slice=eta_1_2 p=10 a=5 file=/data/alice/ipardoza/hadronization_production/HF_RUN3_V1/raw/MONASH/hf_MONASH_job094.root
SIGMAB_COUNTS tag=MONASH species=Sigma_b+ pdg=5222 slice=eta_ge_2 p=22 a=10 file=/data/alice/ipardoza/hadronization_production/HF_RUN3_V1/raw/MONASH/hf_MONASH_job094.root
SIGMAB_COUNTS tag=MONASH species=Sigma_b0 pdg=5212 slice=all p=39 a=14 file=/data/alice/ipardoza/hadronization_production/HF_RUN3_V1/raw/MONASH/hf_MONASH_job094.root
SIGMAB_COUNTS tag=MONASH species=Sigma_b0 pdg=5212 slice=eta_lt_1 p=9 a=2 file=/data/alice/ipardoza/hadronization_production/HF_RUN3_V1/raw/MONASH/hf_MONASH_job094.root
SIGMAB_COUNTS tag=MONASH species=Sigma_b0 pdg=5212 slice=eta_1_2 p=5 a=1 file=/data/alice/ipardoza/hadronization_production/HF_RUN3_V1/raw/MONASH/hf_MONASH_job094.root
SIGMAB_COUNTS tag=MONASH species=Sigma_b0 pdg=5212 slice=eta_ge_2 p=25 a=11 file=/data/alice/ipardoza/hadronization_production/HF_RUN3_V1/raw/MONASH/hf_MONASH_job094.root
SIGMAB_COUNTS tag=MONASH species=Sigma_b- pdg=5112 slice=all p=33 a=22 file=/data/alice/ipardoza/hadronization_production/HF_RUN3_V1/raw/MONASH/hf_MONASH_job094.root
SIGMAB_COUNTS tag=MONASH species=Sigma_b- pdg=5112 slice=eta_lt_1 p=5 a=4 file=/data/alice/ipardoza/hadronization_production/HF_RUN3_V1/raw/MONASH/hf_MONASH_job094.root
SIGMAB_COUNTS tag=MONASH species=Sigma_b- pdg=5112 slice=eta_1_2 p=7 a=6 file=/data/alice/ipardoza/hadronization_production/HF_RUN3_V1/raw/MONASH/hf_MONASH_job094.root
SIGMAB_COUNTS tag=MONASH species=Sigma_b- pdg=5112 slice=eta_ge_2 p=21 a=12 file=/data/alice/ipardoza/hadronization_production/HF_RUN3_V1/raw/MONASH/hf_MONASH_job094.root
SIGMAB_COUNTS tag=MONASH species=Sigma*_b+ pdg=5224 slice=all p=43 a=47 file=/data/alice/ipardoza/hadronization_production/HF_RUN3_V1/raw/MONASH/hf_MONASH_job094.root
SIGMAB_COUNTS tag=MONASH species=Sigma*_b+ pdg=5224 slice=eta_lt_1 p=11 a=11 file=/data/alice/ipardoza/hadronization_production/HF_RUN3_V1/raw/MONASH/hf_MONASH_job094.root
SIGMAB_COUNTS tag=MONASH species=Sigma*_b+ pdg=5224 slice=eta_1_2 p=6 a=14 file=/data/alice/ipardoza/hadronization_production/HF_RUN3_V1/raw/MONASH/hf_MONASH_job094.root
SIGMAB_COUNTS tag=MONASH species=Sigma*_b+ pdg=5224 slice=eta_ge_2 p=26 a=22 file=/data/alice/ipardoza/hadronization_production/HF_RUN3_V1/raw/MONASH/hf_MONASH_job094.root
SIGMAB_COUNTS tag=MONASH species=Sigma*_b0 pdg=5214 slice=all p=47 a=31 file=/data/alice/ipardoza/hadronization_production/HF_RUN3_V1/raw/MONASH/hf_MONASH_job094.root
SIGMAB_COUNTS tag=MONASH species=Sigma*_b0 pdg=5214 slice=eta_lt_1 p=7 a=5 file=/data/alice/ipardoza/hadronization_production/HF_RUN3_V1/raw/MONASH/hf_MONASH_job094.root
SIGMAB_COUNTS tag=MONASH species=Sigma*_b0 pdg=5214 slice=eta_1_2 p=11 a=8 file=/data/alice/ipardoza/hadronization_production/HF_RUN3_V1/raw/MONASH/hf_MONASH_job094.root
SIGMAB_COUNTS tag=MONASH species=Sigma*_b0 pdg=5214 slice=eta_ge_2 p=29 a=18 file=/data/alice/ipardoza/hadronization_production/HF_RUN3_V1/raw/MONASH/hf_MONASH_job094.root
SIGMAB_COUNTS tag=MONASH species=Sigma*_b- pdg=5114 slice=all p=50 a=62 file=/data/alice/ipardoza/hadronization_production/HF_RUN3_V1/raw/MONASH/hf_MONASH_job094.root
SIGMAB_COUNTS tag=MONASH species=Sigma*_b- pdg=5114 slice=eta_lt_1 p=7 a=8 file=/data/alice/ipardoza/hadronization_production/HF_RUN3_V1/raw/MONASH/hf_MONASH_job094.root
SIGMAB_COUNTS tag=MONASH species=Sigma*_b- pdg=5114 slice=eta_1_2 p=8 a=13 file=/data/alice/ipardoza/hadronization_production/HF_RUN3_V1/raw/MONASH/hf_MONASH_job094.root
SIGMAB_COUNTS tag=MONASH species=Sigma*_b- pdg=5114 slice=eta_ge_2 p=35 a=41 file=/data/alice/ipardoza/hadronization_production/HF_RUN3_V1/raw/MONASH/hf_MONASH_job094.root
SIGMAB_COUNTS tag=MONASH species=Lambda_b0 pdg=5122 slice=all p=329 a=318 file=/data/alice/ipardoza/hadronization_production/HF_RUN3_V1/raw/MONASH/hf_MONASH_job094.root
SIGMAB_COUNTS tag=MONASH species=Lambda_b0 pdg=5122 slice=eta_lt_1 p=54 a=61 file=/data/alice/ipardoza/hadronization_production/HF_RUN3_V1/raw/MONASH/hf_MONASH_job094.root
SIGMAB_COUNTS tag=MONASH species=Lambda_b0 pdg=5122 slice=eta_1_2 p=66 a=73 file=/data/alice/ipardoza/hadronization_production/HF_RUN3_V1/raw/MONASH/hf_MONASH_job094.root
SIGMAB_COUNTS tag=MONASH species=Lambda_b0 pdg=5122 slice=eta_ge_2 p=209 a=184 file=/data/alice/ipardoza/hadronization_production/HF_RUN3_V1/raw/MONASH/hf_MONASH_job094.root
SIGMAB_COUNTS tag=MONASH species=Xi_b0 pdg=5232 slice=all p=50 a=67 file=/data/alice/ipardoza/hadronization_production/HF_RUN3_V1/raw/MONASH/hf_MONASH_job094.root
SIGMAB_COUNTS tag=MONASH species=Xi_b0 pdg=5232 slice=eta_lt_1 p=6 a=16 file=/data/alice/ipardoza/hadronization_production/HF_RUN3_V1/raw/MONASH/hf_MONASH_job094.root
SIGMAB_COUNTS tag=MONASH species=Xi_b0 pdg=5232 slice=eta_1_2 p=11 a=15 file=/data/alice/ipardoza/hadronization_production/HF_RUN3_V1/raw/MONASH/hf_MONASH_job094.root
SIGMAB_COUNTS tag=MONASH species=Xi_b0 pdg=5232 slice=eta_ge_2 p=33 a=36 file=/data/alice/ipardoza/hadronization_production/HF_RUN3_V1/raw/MONASH/hf_MONASH_job094.root
SIGMAB_COUNTS tag=MONASH species=Xi_b- pdg=5132 slice=all p=68 a=55 file=/data/alice/ipardoza/hadronization_production/HF_RUN3_V1/raw/MONASH/hf_MONASH_job094.root
SIGMAB_COUNTS tag=MONASH species=Xi_b- pdg=5132 slice=eta_lt_1 p=11 a=7 file=/data/alice/ipardoza/hadronization_production/HF_RUN3_V1/raw/MONASH/hf_MONASH_job094.root
SIGMAB_COUNTS tag=MONASH species=Xi_b- pdg=5132 slice=eta_1_2 p=15 a=15 file=/data/alice/ipardoza/hadronization_production/HF_RUN3_V1/raw/MONASH/hf_MONASH_job094.root
SIGMAB_COUNTS tag=MONASH species=Xi_b- pdg=5132 slice=eta_ge_2 p=42 a=33 file=/data/alice/ipardoza/hadronization_production/HF_RUN3_V1/raw/MONASH/hf_MONASH_job094.root
SIGMAB_COUNTS tag=MONASH species=Sigma_b+ pdg=5222 slice=all p=38 a=23 file=/data/alice/ipardoza/hadronization_production/HF_RUN3_V1/raw/MONASH/hf_MONASH_job095.root
SIGMAB_COUNTS tag=MONASH species=Sigma_b+ pdg=5222 slice=eta_lt_1 p=4 a=2 file=/data/alice/ipardoza/hadronization_production/HF_RUN3_V1/raw/MONASH/hf_MONASH_job095.root
SIGMAB_COUNTS tag=MONASH species=Sigma_b+ pdg=5222 slice=eta_1_2 p=5 a=8 file=/data/alice/ipardoza/hadronization_production/HF_RUN3_V1/raw/MONASH/hf_MONASH_job095.root
SIGMAB_COUNTS tag=MONASH species=Sigma_b+ pdg=5222 slice=eta_ge_2 p=29 a=13 file=/data/alice/ipardoza/hadronization_production/HF_RUN3_V1/raw/MONASH/hf_MONASH_job095.root
SIGMAB_COUNTS tag=MONASH species=Sigma_b0 pdg=5212 slice=all p=30 a=20 file=/data/alice/ipardoza/hadronization_production/HF_RUN3_V1/raw/MONASH/hf_MONASH_job095.root
SIGMAB_COUNTS tag=MONASH species=Sigma_b0 pdg=5212 slice=eta_lt_1 p=6 a=4 file=/data/alice/ipardoza/hadronization_production/HF_RUN3_V1/raw/MONASH/hf_MONASH_job095.root
SIGMAB_COUNTS tag=MONASH species=Sigma_b0 pdg=5212 slice=eta_1_2 p=8 a=8 file=/data/alice/ipardoza/hadronization_production/HF_RUN3_V1/raw/MONASH/hf_MONASH_job095.root
SIGMAB_COUNTS tag=MONASH species=Sigma_b0 pdg=5212 slice=eta_ge_2 p=16 a=8 file=/data/alice/ipardoza/hadronization_production/HF_RUN3_V1/raw/MONASH/hf_MONASH_job095.root
SIGMAB_COUNTS tag=MONASH species=Sigma_b- pdg=5112 slice=all p=32 a=15 file=/data/alice/ipardoza/hadronization_production/HF_RUN3_V1/raw/MONASH/hf_MONASH_job095.root
SIGMAB_COUNTS tag=MONASH species=Sigma_b- pdg=5112 slice=eta_lt_1 p=6 a=4 file=/data/alice/ipardoza/hadronization_production/HF_RUN3_V1/raw/MONASH/hf_MONASH_job095.root
SIGMAB_COUNTS tag=MONASH species=Sigma_b- pdg=5112 slice=eta_1_2 p=7 a=6 file=/data/alice/ipardoza/hadronization_production/HF_RUN3_V1/raw/MONASH/hf_MONASH_job095.root
SIGMAB_COUNTS tag=MONASH species=Sigma_b- pdg=5112 slice=eta_ge_2 p=19 a=5 file=/data/alice/ipardoza/hadronization_production/HF_RUN3_V1/raw/MONASH/hf_MONASH_job095.root
SIGMAB_COUNTS tag=MONASH species=Sigma*_b+ pdg=5224 slice=all p=45 a=44 file=/data/alice/ipardoza/hadronization_production/HF_RUN3_V1/raw/MONASH/hf_MONASH_job095.root
SIGMAB_COUNTS tag=MONASH species=Sigma*_b+ pdg=5224 slice=eta_lt_1 p=4 a=8 file=/data/alice/ipardoza/hadronization_production/HF_RUN3_V1/raw/MONASH/hf_MONASH_job095.root
SIGMAB_COUNTS tag=MONASH species=Sigma*_b+ pdg=5224 slice=eta_1_2 p=4 a=9 file=/data/alice/ipardoza/hadronization_production/HF_RUN3_V1/raw/MONASH/hf_MONASH_job095.root
SIGMAB_COUNTS tag=MONASH species=Sigma*_b+ pdg=5224 slice=eta_ge_2 p=37 a=27 file=/data/alice/ipardoza/hadronization_production/HF_RUN3_V1/raw/MONASH/hf_MONASH_job095.root
SIGMAB_COUNTS tag=MONASH species=Sigma*_b0 pdg=5214 slice=all p=51 a=40 file=/data/alice/ipardoza/hadronization_production/HF_RUN3_V1/raw/MONASH/hf_MONASH_job095.root
SIGMAB_COUNTS tag=MONASH species=Sigma*_b0 pdg=5214 slice=eta_lt_1 p=4 a=8 file=/data/alice/ipardoza/hadronization_production/HF_RUN3_V1/raw/MONASH/hf_MONASH_job095.root
SIGMAB_COUNTS tag=MONASH species=Sigma*_b0 pdg=5214 slice=eta_1_2 p=13 a=9 file=/data/alice/ipardoza/hadronization_production/HF_RUN3_V1/raw/MONASH/hf_MONASH_job095.root
SIGMAB_COUNTS tag=MONASH species=Sigma*_b0 pdg=5214 slice=eta_ge_2 p=34 a=23 file=/data/alice/ipardoza/hadronization_production/HF_RUN3_V1/raw/MONASH/hf_MONASH_job095.root
SIGMAB_COUNTS tag=MONASH species=Sigma*_b- pdg=5114 slice=all p=49 a=37 file=/data/alice/ipardoza/hadronization_production/HF_RUN3_V1/raw/MONASH/hf_MONASH_job095.root
SIGMAB_COUNTS tag=MONASH species=Sigma*_b- pdg=5114 slice=eta_lt_1 p=6 a=8 file=/data/alice/ipardoza/hadronization_production/HF_RUN3_V1/raw/MONASH/hf_MONASH_job095.root
SIGMAB_COUNTS tag=MONASH species=Sigma*_b- pdg=5114 slice=eta_1_2 p=15 a=12 file=/data/alice/ipardoza/hadronization_production/HF_RUN3_V1/raw/MONASH/hf_MONASH_job095.root
SIGMAB_COUNTS tag=MONASH species=Sigma*_b- pdg=5114 slice=eta_ge_2 p=28 a=17 file=/data/alice/ipardoza/hadronization_production/HF_RUN3_V1/raw/MONASH/hf_MONASH_job095.root
SIGMAB_COUNTS tag=MONASH species=Lambda_b0 pdg=5122 slice=all p=331 a=318 file=/data/alice/ipardoza/hadronization_production/HF_RUN3_V1/raw/MONASH/hf_MONASH_job095.root
SIGMAB_COUNTS tag=MONASH species=Lambda_b0 pdg=5122 slice=eta_lt_1 p=56 a=57 file=/data/alice/ipardoza/hadronization_production/HF_RUN3_V1/raw/MONASH/hf_MONASH_job095.root
SIGMAB_COUNTS tag=MONASH species=Lambda_b0 pdg=5122 slice=eta_1_2 p=83 a=68 file=/data/alice/ipardoza/hadronization_production/HF_RUN3_V1/raw/MONASH/hf_MONASH_job095.root
SIGMAB_COUNTS tag=MONASH species=Lambda_b0 pdg=5122 slice=eta_ge_2 p=192 a=193 file=/data/alice/ipardoza/hadronization_production/HF_RUN3_V1/raw/MONASH/hf_MONASH_job095.root
SIGMAB_COUNTS tag=MONASH species=Xi_b0 pdg=5232 slice=all p=54 a=47 file=/data/alice/ipardoza/hadronization_production/HF_RUN3_V1/raw/MONASH/hf_MONASH_job095.root
SIGMAB_COUNTS tag=MONASH species=Xi_b0 pdg=5232 slice=eta_lt_1 p=11 a=11 file=/data/alice/ipardoza/hadronization_production/HF_RUN3_V1/raw/MONASH/hf_MONASH_job095.root
SIGMAB_COUNTS tag=MONASH species=Xi_b0 pdg=5232 slice=eta_1_2 p=13 a=5 file=/data/alice/ipardoza/hadronization_production/HF_RUN3_V1/raw/MONASH/hf_MONASH_job095.root
SIGMAB_COUNTS tag=MONASH species=Xi_b0 pdg=5232 slice=eta_ge_2 p=30 a=31 file=/data/alice/ipardoza/hadronization_production/HF_RUN3_V1/raw/MONASH/hf_MONASH_job095.root
SIGMAB_COUNTS tag=MONASH species=Xi_b- pdg=5132 slice=all p=59 a=53 file=/data/alice/ipardoza/hadronization_production/HF_RUN3_V1/raw/MONASH/hf_MONASH_job095.root
SIGMAB_COUNTS tag=MONASH species=Xi_b- pdg=5132 slice=eta_lt_1 p=9 a=8 file=/data/alice/ipardoza/hadronization_production/HF_RUN3_V1/raw/MONASH/hf_MONASH_job095.root
SIGMAB_COUNTS tag=MONASH species=Xi_b- pdg=5132 slice=eta_1_2 p=15 a=18 file=/data/alice/ipardoza/hadronization_production/HF_RUN3_V1/raw/MONASH/hf_MONASH_job095.root
SIGMAB_COUNTS tag=MONASH species=Xi_b- pdg=5132 slice=eta_ge_2 p=35 a=27 file=/data/alice/ipardoza/hadronization_production/HF_RUN3_V1/raw/MONASH/hf_MONASH_job095.root
SIGMAB_COUNTS tag=MONASH species=Sigma_b+ pdg=5222 slice=all p=26 a=26 file=/data/alice/ipardoza/hadronization_production/HF_RUN3_V1/raw/MONASH/hf_MONASH_job096.root
SIGMAB_COUNTS tag=MONASH species=Sigma_b+ pdg=5222 slice=eta_lt_1 p=6 a=5 file=/data/alice/ipardoza/hadronization_production/HF_RUN3_V1/raw/MONASH/hf_MONASH_job096.root
SIGMAB_COUNTS tag=MONASH species=Sigma_b+ pdg=5222 slice=eta_1_2 p=2 a=7 file=/data/alice/ipardoza/hadronization_production/HF_RUN3_V1/raw/MONASH/hf_MONASH_job096.root
SIGMAB_COUNTS tag=MONASH species=Sigma_b+ pdg=5222 slice=eta_ge_2 p=18 a=14 file=/data/alice/ipardoza/hadronization_production/HF_RUN3_V1/raw/MONASH/hf_MONASH_job096.root
SIGMAB_COUNTS tag=MONASH species=Sigma_b0 pdg=5212 slice=all p=35 a=13 file=/data/alice/ipardoza/hadronization_production/HF_RUN3_V1/raw/MONASH/hf_MONASH_job096.root
SIGMAB_COUNTS tag=MONASH species=Sigma_b0 pdg=5212 slice=eta_lt_1 p=9 a=0 file=/data/alice/ipardoza/hadronization_production/HF_RUN3_V1/raw/MONASH/hf_MONASH_job096.root
SIGMAB_COUNTS tag=MONASH species=Sigma_b0 pdg=5212 slice=eta_1_2 p=7 a=4 file=/data/alice/ipardoza/hadronization_production/HF_RUN3_V1/raw/MONASH/hf_MONASH_job096.root
SIGMAB_COUNTS tag=MONASH species=Sigma_b0 pdg=5212 slice=eta_ge_2 p=19 a=9 file=/data/alice/ipardoza/hadronization_production/HF_RUN3_V1/raw/MONASH/hf_MONASH_job096.root
SIGMAB_COUNTS tag=MONASH species=Sigma_b- pdg=5112 slice=all p=35 a=21 file=/data/alice/ipardoza/hadronization_production/HF_RUN3_V1/raw/MONASH/hf_MONASH_job096.root
SIGMAB_COUNTS tag=MONASH species=Sigma_b- pdg=5112 slice=eta_lt_1 p=6 a=3 file=/data/alice/ipardoza/hadronization_production/HF_RUN3_V1/raw/MONASH/hf_MONASH_job096.root
SIGMAB_COUNTS tag=MONASH species=Sigma_b- pdg=5112 slice=eta_1_2 p=8 a=4 file=/data/alice/ipardoza/hadronization_production/HF_RUN3_V1/raw/MONASH/hf_MONASH_job096.root
SIGMAB_COUNTS tag=MONASH species=Sigma_b- pdg=5112 slice=eta_ge_2 p=21 a=14 file=/data/alice/ipardoza/hadronization_production/HF_RUN3_V1/raw/MONASH/hf_MONASH_job096.root
SIGMAB_COUNTS tag=MONASH species=Sigma*_b+ pdg=5224 slice=all p=55 a=36 file=/data/alice/ipardoza/hadronization_production/HF_RUN3_V1/raw/MONASH/hf_MONASH_job096.root
SIGMAB_COUNTS tag=MONASH species=Sigma*_b+ pdg=5224 slice=eta_lt_1 p=13 a=3 file=/data/alice/ipardoza/hadronization_production/HF_RUN3_V1/raw/MONASH/hf_MONASH_job096.root
SIGMAB_COUNTS tag=MONASH species=Sigma*_b+ pdg=5224 slice=eta_1_2 p=12 a=12 file=/data/alice/ipardoza/hadronization_production/HF_RUN3_V1/raw/MONASH/hf_MONASH_job096.root
SIGMAB_COUNTS tag=MONASH species=Sigma*_b+ pdg=5224 slice=eta_ge_2 p=30 a=21 file=/data/alice/ipardoza/hadronization_production/HF_RUN3_V1/raw/MONASH/hf_MONASH_job096.root
SIGMAB_COUNTS tag=MONASH species=Sigma*_b0 pdg=5214 slice=all p=40 a=32 file=/data/alice/ipardoza/hadronization_production/HF_RUN3_V1/raw/MONASH/hf_MONASH_job096.root
SIGMAB_COUNTS tag=MONASH species=Sigma*_b0 pdg=5214 slice=eta_lt_1 p=3 a=6 file=/data/alice/ipardoza/hadronization_production/HF_RUN3_V1/raw/MONASH/hf_MONASH_job096.root
SIGMAB_COUNTS tag=MONASH species=Sigma*_b0 pdg=5214 slice=eta_1_2 p=5 a=4 file=/data/alice/ipardoza/hadronization_production/HF_RUN3_V1/raw/MONASH/hf_MONASH_job096.root
SIGMAB_COUNTS tag=MONASH species=Sigma*_b0 pdg=5214 slice=eta_ge_2 p=32 a=22 file=/data/alice/ipardoza/hadronization_production/HF_RUN3_V1/raw/MONASH/hf_MONASH_job096.root
SIGMAB_COUNTS tag=MONASH species=Sigma*_b- pdg=5114 slice=all p=41 a=55 file=/data/alice/ipardoza/hadronization_production/HF_RUN3_V1/raw/MONASH/hf_MONASH_job096.root
SIGMAB_COUNTS tag=MONASH species=Sigma*_b- pdg=5114 slice=eta_lt_1 p=10 a=13 file=/data/alice/ipardoza/hadronization_production/HF_RUN3_V1/raw/MONASH/hf_MONASH_job096.root
SIGMAB_COUNTS tag=MONASH species=Sigma*_b- pdg=5114 slice=eta_1_2 p=7 a=10 file=/data/alice/ipardoza/hadronization_production/HF_RUN3_V1/raw/MONASH/hf_MONASH_job096.root
SIGMAB_COUNTS tag=MONASH species=Sigma*_b- pdg=5114 slice=eta_ge_2 p=24 a=32 file=/data/alice/ipardoza/hadronization_production/HF_RUN3_V1/raw/MONASH/hf_MONASH_job096.root
SIGMAB_COUNTS tag=MONASH species=Lambda_b0 pdg=5122 slice=all p=339 a=309 file=/data/alice/ipardoza/hadronization_production/HF_RUN3_V1/raw/MONASH/hf_MONASH_job096.root
SIGMAB_COUNTS tag=MONASH species=Lambda_b0 pdg=5122 slice=eta_lt_1 p=63 a=54 file=/data/alice/ipardoza/hadronization_production/HF_RUN3_V1/raw/MONASH/hf_MONASH_job096.root
SIGMAB_COUNTS tag=MONASH species=Lambda_b0 pdg=5122 slice=eta_1_2 p=71 a=58 file=/data/alice/ipardoza/hadronization_production/HF_RUN3_V1/raw/MONASH/hf_MONASH_job096.root
SIGMAB_COUNTS tag=MONASH species=Lambda_b0 pdg=5122 slice=eta_ge_2 p=205 a=197 file=/data/alice/ipardoza/hadronization_production/HF_RUN3_V1/raw/MONASH/hf_MONASH_job096.root
SIGMAB_COUNTS tag=MONASH species=Xi_b0 pdg=5232 slice=all p=62 a=58 file=/data/alice/ipardoza/hadronization_production/HF_RUN3_V1/raw/MONASH/hf_MONASH_job096.root
SIGMAB_COUNTS tag=MONASH species=Xi_b0 pdg=5232 slice=eta_lt_1 p=12 a=10 file=/data/alice/ipardoza/hadronization_production/HF_RUN3_V1/raw/MONASH/hf_MONASH_job096.root
SIGMAB_COUNTS tag=MONASH species=Xi_b0 pdg=5232 slice=eta_1_2 p=10 a=15 file=/data/alice/ipardoza/hadronization_production/HF_RUN3_V1/raw/MONASH/hf_MONASH_job096.root
SIGMAB_COUNTS tag=MONASH species=Xi_b0 pdg=5232 slice=eta_ge_2 p=40 a=33 file=/data/alice/ipardoza/hadronization_production/HF_RUN3_V1/raw/MONASH/hf_MONASH_job096.root
SIGMAB_COUNTS tag=MONASH species=Xi_b- pdg=5132 slice=all p=49 a=49 file=/data/alice/ipardoza/hadronization_production/HF_RUN3_V1/raw/MONASH/hf_MONASH_job096.root
SIGMAB_COUNTS tag=MONASH species=Xi_b- pdg=5132 slice=eta_lt_1 p=8 a=8 file=/data/alice/ipardoza/hadronization_production/HF_RUN3_V1/raw/MONASH/hf_MONASH_job096.root
SIGMAB_COUNTS tag=MONASH species=Xi_b- pdg=5132 slice=eta_1_2 p=13 a=9 file=/data/alice/ipardoza/hadronization_production/HF_RUN3_V1/raw/MONASH/hf_MONASH_job096.root
SIGMAB_COUNTS tag=MONASH species=Xi_b- pdg=5132 slice=eta_ge_2 p=28 a=32 file=/data/alice/ipardoza/hadronization_production/HF_RUN3_V1/raw/MONASH/hf_MONASH_job096.root
SIGMAB_COUNTS tag=MONASH species=Sigma_b+ pdg=5222 slice=all p=46 a=21 file=/data/alice/ipardoza/hadronization_production/HF_RUN3_V1/raw/MONASH/hf_MONASH_job097.root
SIGMAB_COUNTS tag=MONASH species=Sigma_b+ pdg=5222 slice=eta_lt_1 p=11 a=5 file=/data/alice/ipardoza/hadronization_production/HF_RUN3_V1/raw/MONASH/hf_MONASH_job097.root
SIGMAB_COUNTS tag=MONASH species=Sigma_b+ pdg=5222 slice=eta_1_2 p=8 a=6 file=/data/alice/ipardoza/hadronization_production/HF_RUN3_V1/raw/MONASH/hf_MONASH_job097.root
SIGMAB_COUNTS tag=MONASH species=Sigma_b+ pdg=5222 slice=eta_ge_2 p=27 a=10 file=/data/alice/ipardoza/hadronization_production/HF_RUN3_V1/raw/MONASH/hf_MONASH_job097.root
SIGMAB_COUNTS tag=MONASH species=Sigma_b0 pdg=5212 slice=all p=43 a=20 file=/data/alice/ipardoza/hadronization_production/HF_RUN3_V1/raw/MONASH/hf_MONASH_job097.root
SIGMAB_COUNTS tag=MONASH species=Sigma_b0 pdg=5212 slice=eta_lt_1 p=11 a=2 file=/data/alice/ipardoza/hadronization_production/HF_RUN3_V1/raw/MONASH/hf_MONASH_job097.root
SIGMAB_COUNTS tag=MONASH species=Sigma_b0 pdg=5212 slice=eta_1_2 p=5 a=6 file=/data/alice/ipardoza/hadronization_production/HF_RUN3_V1/raw/MONASH/hf_MONASH_job097.root
SIGMAB_COUNTS tag=MONASH species=Sigma_b0 pdg=5212 slice=eta_ge_2 p=27 a=12 file=/data/alice/ipardoza/hadronization_production/HF_RUN3_V1/raw/MONASH/hf_MONASH_job097.root
SIGMAB_COUNTS tag=MONASH species=Sigma_b- pdg=5112 slice=all p=23 a=14 file=/data/alice/ipardoza/hadronization_production/HF_RUN3_V1/raw/MONASH/hf_MONASH_job097.root
SIGMAB_COUNTS tag=MONASH species=Sigma_b- pdg=5112 slice=eta_lt_1 p=4 a=2 file=/data/alice/ipardoza/hadronization_production/HF_RUN3_V1/raw/MONASH/hf_MONASH_job097.root
SIGMAB_COUNTS tag=MONASH species=Sigma_b- pdg=5112 slice=eta_1_2 p=6 a=4 file=/data/alice/ipardoza/hadronization_production/HF_RUN3_V1/raw/MONASH/hf_MONASH_job097.root
SIGMAB_COUNTS tag=MONASH species=Sigma_b- pdg=5112 slice=eta_ge_2 p=13 a=8 file=/data/alice/ipardoza/hadronization_production/HF_RUN3_V1/raw/MONASH/hf_MONASH_job097.root
SIGMAB_COUNTS tag=MONASH species=Sigma*_b+ pdg=5224 slice=all p=64 a=45 file=/data/alice/ipardoza/hadronization_production/HF_RUN3_V1/raw/MONASH/hf_MONASH_job097.root
SIGMAB_COUNTS tag=MONASH species=Sigma*_b+ pdg=5224 slice=eta_lt_1 p=13 a=13 file=/data/alice/ipardoza/hadronization_production/HF_RUN3_V1/raw/MONASH/hf_MONASH_job097.root
SIGMAB_COUNTS tag=MONASH species=Sigma*_b+ pdg=5224 slice=eta_1_2 p=15 a=9 file=/data/alice/ipardoza/hadronization_production/HF_RUN3_V1/raw/MONASH/hf_MONASH_job097.root
SIGMAB_COUNTS tag=MONASH species=Sigma*_b+ pdg=5224 slice=eta_ge_2 p=36 a=23 file=/data/alice/ipardoza/hadronization_production/HF_RUN3_V1/raw/MONASH/hf_MONASH_job097.root
SIGMAB_COUNTS tag=MONASH species=Sigma*_b0 pdg=5214 slice=all p=39 a=46 file=/data/alice/ipardoza/hadronization_production/HF_RUN3_V1/raw/MONASH/hf_MONASH_job097.root
SIGMAB_COUNTS tag=MONASH species=Sigma*_b0 pdg=5214 slice=eta_lt_1 p=7 a=11 file=/data/alice/ipardoza/hadronization_production/HF_RUN3_V1/raw/MONASH/hf_MONASH_job097.root
SIGMAB_COUNTS tag=MONASH species=Sigma*_b0 pdg=5214 slice=eta_1_2 p=6 a=5 file=/data/alice/ipardoza/hadronization_production/HF_RUN3_V1/raw/MONASH/hf_MONASH_job097.root
SIGMAB_COUNTS tag=MONASH species=Sigma*_b0 pdg=5214 slice=eta_ge_2 p=26 a=30 file=/data/alice/ipardoza/hadronization_production/HF_RUN3_V1/raw/MONASH/hf_MONASH_job097.root
SIGMAB_COUNTS tag=MONASH species=Sigma*_b- pdg=5114 slice=all p=55 a=34 file=/data/alice/ipardoza/hadronization_production/HF_RUN3_V1/raw/MONASH/hf_MONASH_job097.root
SIGMAB_COUNTS tag=MONASH species=Sigma*_b- pdg=5114 slice=eta_lt_1 p=14 a=9 file=/data/alice/ipardoza/hadronization_production/HF_RUN3_V1/raw/MONASH/hf_MONASH_job097.root
SIGMAB_COUNTS tag=MONASH species=Sigma*_b- pdg=5114 slice=eta_1_2 p=12 a=10 file=/data/alice/ipardoza/hadronization_production/HF_RUN3_V1/raw/MONASH/hf_MONASH_job097.root
SIGMAB_COUNTS tag=MONASH species=Sigma*_b- pdg=5114 slice=eta_ge_2 p=29 a=15 file=/data/alice/ipardoza/hadronization_production/HF_RUN3_V1/raw/MONASH/hf_MONASH_job097.root
SIGMAB_COUNTS tag=MONASH species=Lambda_b0 pdg=5122 slice=all p=334 a=295 file=/data/alice/ipardoza/hadronization_production/HF_RUN3_V1/raw/MONASH/hf_MONASH_job097.root
SIGMAB_COUNTS tag=MONASH species=Lambda_b0 pdg=5122 slice=eta_lt_1 p=66 a=46 file=/data/alice/ipardoza/hadronization_production/HF_RUN3_V1/raw/MONASH/hf_MONASH_job097.root
SIGMAB_COUNTS tag=MONASH species=Lambda_b0 pdg=5122 slice=eta_1_2 p=71 a=69 file=/data/alice/ipardoza/hadronization_production/HF_RUN3_V1/raw/MONASH/hf_MONASH_job097.root
SIGMAB_COUNTS tag=MONASH species=Lambda_b0 pdg=5122 slice=eta_ge_2 p=197 a=180 file=/data/alice/ipardoza/hadronization_production/HF_RUN3_V1/raw/MONASH/hf_MONASH_job097.root
SIGMAB_COUNTS tag=MONASH species=Xi_b0 pdg=5232 slice=all p=43 a=57 file=/data/alice/ipardoza/hadronization_production/HF_RUN3_V1/raw/MONASH/hf_MONASH_job097.root
SIGMAB_COUNTS tag=MONASH species=Xi_b0 pdg=5232 slice=eta_lt_1 p=6 a=15 file=/data/alice/ipardoza/hadronization_production/HF_RUN3_V1/raw/MONASH/hf_MONASH_job097.root
SIGMAB_COUNTS tag=MONASH species=Xi_b0 pdg=5232 slice=eta_1_2 p=12 a=18 file=/data/alice/ipardoza/hadronization_production/HF_RUN3_V1/raw/MONASH/hf_MONASH_job097.root
SIGMAB_COUNTS tag=MONASH species=Xi_b0 pdg=5232 slice=eta_ge_2 p=25 a=24 file=/data/alice/ipardoza/hadronization_production/HF_RUN3_V1/raw/MONASH/hf_MONASH_job097.root
SIGMAB_COUNTS tag=MONASH species=Xi_b- pdg=5132 slice=all p=67 a=58 file=/data/alice/ipardoza/hadronization_production/HF_RUN3_V1/raw/MONASH/hf_MONASH_job097.root
SIGMAB_COUNTS tag=MONASH species=Xi_b- pdg=5132 slice=eta_lt_1 p=10 a=13 file=/data/alice/ipardoza/hadronization_production/HF_RUN3_V1/raw/MONASH/hf_MONASH_job097.root
SIGMAB_COUNTS tag=MONASH species=Xi_b- pdg=5132 slice=eta_1_2 p=14 a=9 file=/data/alice/ipardoza/hadronization_production/HF_RUN3_V1/raw/MONASH/hf_MONASH_job097.root
SIGMAB_COUNTS tag=MONASH species=Xi_b- pdg=5132 slice=eta_ge_2 p=43 a=36 file=/data/alice/ipardoza/hadronization_production/HF_RUN3_V1/raw/MONASH/hf_MONASH_job097.root
SIGMAB_COUNTS tag=MONASH species=Sigma_b+ pdg=5222 slice=all p=43 a=13 file=/data/alice/ipardoza/hadronization_production/HF_RUN3_V1/raw/MONASH/hf_MONASH_job098.root
SIGMAB_COUNTS tag=MONASH species=Sigma_b+ pdg=5222 slice=eta_lt_1 p=5 a=2 file=/data/alice/ipardoza/hadronization_production/HF_RUN3_V1/raw/MONASH/hf_MONASH_job098.root
SIGMAB_COUNTS tag=MONASH species=Sigma_b+ pdg=5222 slice=eta_1_2 p=11 a=5 file=/data/alice/ipardoza/hadronization_production/HF_RUN3_V1/raw/MONASH/hf_MONASH_job098.root
SIGMAB_COUNTS tag=MONASH species=Sigma_b+ pdg=5222 slice=eta_ge_2 p=27 a=6 file=/data/alice/ipardoza/hadronization_production/HF_RUN3_V1/raw/MONASH/hf_MONASH_job098.root
SIGMAB_COUNTS tag=MONASH species=Sigma_b0 pdg=5212 slice=all p=34 a=25 file=/data/alice/ipardoza/hadronization_production/HF_RUN3_V1/raw/MONASH/hf_MONASH_job098.root
SIGMAB_COUNTS tag=MONASH species=Sigma_b0 pdg=5212 slice=eta_lt_1 p=7 a=5 file=/data/alice/ipardoza/hadronization_production/HF_RUN3_V1/raw/MONASH/hf_MONASH_job098.root
SIGMAB_COUNTS tag=MONASH species=Sigma_b0 pdg=5212 slice=eta_1_2 p=4 a=6 file=/data/alice/ipardoza/hadronization_production/HF_RUN3_V1/raw/MONASH/hf_MONASH_job098.root
SIGMAB_COUNTS tag=MONASH species=Sigma_b0 pdg=5212 slice=eta_ge_2 p=23 a=14 file=/data/alice/ipardoza/hadronization_production/HF_RUN3_V1/raw/MONASH/hf_MONASH_job098.root
SIGMAB_COUNTS tag=MONASH species=Sigma_b- pdg=5112 slice=all p=33 a=19 file=/data/alice/ipardoza/hadronization_production/HF_RUN3_V1/raw/MONASH/hf_MONASH_job098.root
SIGMAB_COUNTS tag=MONASH species=Sigma_b- pdg=5112 slice=eta_lt_1 p=6 a=4 file=/data/alice/ipardoza/hadronization_production/HF_RUN3_V1/raw/MONASH/hf_MONASH_job098.root
SIGMAB_COUNTS tag=MONASH species=Sigma_b- pdg=5112 slice=eta_1_2 p=1 a=1 file=/data/alice/ipardoza/hadronization_production/HF_RUN3_V1/raw/MONASH/hf_MONASH_job098.root
SIGMAB_COUNTS tag=MONASH species=Sigma_b- pdg=5112 slice=eta_ge_2 p=26 a=14 file=/data/alice/ipardoza/hadronization_production/HF_RUN3_V1/raw/MONASH/hf_MONASH_job098.root
SIGMAB_COUNTS tag=MONASH species=Sigma*_b+ pdg=5224 slice=all p=54 a=31 file=/data/alice/ipardoza/hadronization_production/HF_RUN3_V1/raw/MONASH/hf_MONASH_job098.root
SIGMAB_COUNTS tag=MONASH species=Sigma*_b+ pdg=5224 slice=eta_lt_1 p=10 a=5 file=/data/alice/ipardoza/hadronization_production/HF_RUN3_V1/raw/MONASH/hf_MONASH_job098.root
SIGMAB_COUNTS tag=MONASH species=Sigma*_b+ pdg=5224 slice=eta_1_2 p=10 a=7 file=/data/alice/ipardoza/hadronization_production/HF_RUN3_V1/raw/MONASH/hf_MONASH_job098.root
SIGMAB_COUNTS tag=MONASH species=Sigma*_b+ pdg=5224 slice=eta_ge_2 p=34 a=19 file=/data/alice/ipardoza/hadronization_production/HF_RUN3_V1/raw/MONASH/hf_MONASH_job098.root
SIGMAB_COUNTS tag=MONASH species=Sigma*_b0 pdg=5214 slice=all p=53 a=39 file=/data/alice/ipardoza/hadronization_production/HF_RUN3_V1/raw/MONASH/hf_MONASH_job098.root
SIGMAB_COUNTS tag=MONASH species=Sigma*_b0 pdg=5214 slice=eta_lt_1 p=7 a=7 file=/data/alice/ipardoza/hadronization_production/HF_RUN3_V1/raw/MONASH/hf_MONASH_job098.root
SIGMAB_COUNTS tag=MONASH species=Sigma*_b0 pdg=5214 slice=eta_1_2 p=14 a=9 file=/data/alice/ipardoza/hadronization_production/HF_RUN3_V1/raw/MONASH/hf_MONASH_job098.root
SIGMAB_COUNTS tag=MONASH species=Sigma*_b0 pdg=5214 slice=eta_ge_2 p=32 a=23 file=/data/alice/ipardoza/hadronization_production/HF_RUN3_V1/raw/MONASH/hf_MONASH_job098.root
SIGMAB_COUNTS tag=MONASH species=Sigma*_b- pdg=5114 slice=all p=63 a=54 file=/data/alice/ipardoza/hadronization_production/HF_RUN3_V1/raw/MONASH/hf_MONASH_job098.root
SIGMAB_COUNTS tag=MONASH species=Sigma*_b- pdg=5114 slice=eta_lt_1 p=7 a=11 file=/data/alice/ipardoza/hadronization_production/HF_RUN3_V1/raw/MONASH/hf_MONASH_job098.root
SIGMAB_COUNTS tag=MONASH species=Sigma*_b- pdg=5114 slice=eta_1_2 p=18 a=14 file=/data/alice/ipardoza/hadronization_production/HF_RUN3_V1/raw/MONASH/hf_MONASH_job098.root
SIGMAB_COUNTS tag=MONASH species=Sigma*_b- pdg=5114 slice=eta_ge_2 p=38 a=29 file=/data/alice/ipardoza/hadronization_production/HF_RUN3_V1/raw/MONASH/hf_MONASH_job098.root
SIGMAB_COUNTS tag=MONASH species=Lambda_b0 pdg=5122 slice=all p=316 a=293 file=/data/alice/ipardoza/hadronization_production/HF_RUN3_V1/raw/MONASH/hf_MONASH_job098.root
SIGMAB_COUNTS tag=MONASH species=Lambda_b0 pdg=5122 slice=eta_lt_1 p=57 a=54 file=/data/alice/ipardoza/hadronization_production/HF_RUN3_V1/raw/MONASH/hf_MONASH_job098.root
SIGMAB_COUNTS tag=MONASH species=Lambda_b0 pdg=5122 slice=eta_1_2 p=69 a=69 file=/data/alice/ipardoza/hadronization_production/HF_RUN3_V1/raw/MONASH/hf_MONASH_job098.root
SIGMAB_COUNTS tag=MONASH species=Lambda_b0 pdg=5122 slice=eta_ge_2 p=190 a=170 file=/data/alice/ipardoza/hadronization_production/HF_RUN3_V1/raw/MONASH/hf_MONASH_job098.root
SIGMAB_COUNTS tag=MONASH species=Xi_b0 pdg=5232 slice=all p=58 a=51 file=/data/alice/ipardoza/hadronization_production/HF_RUN3_V1/raw/MONASH/hf_MONASH_job098.root
SIGMAB_COUNTS tag=MONASH species=Xi_b0 pdg=5232 slice=eta_lt_1 p=8 a=12 file=/data/alice/ipardoza/hadronization_production/HF_RUN3_V1/raw/MONASH/hf_MONASH_job098.root
SIGMAB_COUNTS tag=MONASH species=Xi_b0 pdg=5232 slice=eta_1_2 p=18 a=11 file=/data/alice/ipardoza/hadronization_production/HF_RUN3_V1/raw/MONASH/hf_MONASH_job098.root
SIGMAB_COUNTS tag=MONASH species=Xi_b0 pdg=5232 slice=eta_ge_2 p=32 a=28 file=/data/alice/ipardoza/hadronization_production/HF_RUN3_V1/raw/MONASH/hf_MONASH_job098.root
SIGMAB_COUNTS tag=MONASH species=Xi_b- pdg=5132 slice=all p=55 a=48 file=/data/alice/ipardoza/hadronization_production/HF_RUN3_V1/raw/MONASH/hf_MONASH_job098.root
SIGMAB_COUNTS tag=MONASH species=Xi_b- pdg=5132 slice=eta_lt_1 p=5 a=8 file=/data/alice/ipardoza/hadronization_production/HF_RUN3_V1/raw/MONASH/hf_MONASH_job098.root
SIGMAB_COUNTS tag=MONASH species=Xi_b- pdg=5132 slice=eta_1_2 p=11 a=13 file=/data/alice/ipardoza/hadronization_production/HF_RUN3_V1/raw/MONASH/hf_MONASH_job098.root
SIGMAB_COUNTS tag=MONASH species=Xi_b- pdg=5132 slice=eta_ge_2 p=39 a=27 file=/data/alice/ipardoza/hadronization_production/HF_RUN3_V1/raw/MONASH/hf_MONASH_job098.root
SIGMAB_COUNTS tag=MONASH species=Sigma_b+ pdg=5222 slice=all p=37 a=19 file=/data/alice/ipardoza/hadronization_production/HF_RUN3_V1/raw/MONASH/hf_MONASH_job099.root
SIGMAB_COUNTS tag=MONASH species=Sigma_b+ pdg=5222 slice=eta_lt_1 p=3 a=2 file=/data/alice/ipardoza/hadronization_production/HF_RUN3_V1/raw/MONASH/hf_MONASH_job099.root
SIGMAB_COUNTS tag=MONASH species=Sigma_b+ pdg=5222 slice=eta_1_2 p=4 a=2 file=/data/alice/ipardoza/hadronization_production/HF_RUN3_V1/raw/MONASH/hf_MONASH_job099.root
SIGMAB_COUNTS tag=MONASH species=Sigma_b+ pdg=5222 slice=eta_ge_2 p=30 a=15 file=/data/alice/ipardoza/hadronization_production/HF_RUN3_V1/raw/MONASH/hf_MONASH_job099.root
SIGMAB_COUNTS tag=MONASH species=Sigma_b0 pdg=5212 slice=all p=43 a=19 file=/data/alice/ipardoza/hadronization_production/HF_RUN3_V1/raw/MONASH/hf_MONASH_job099.root
SIGMAB_COUNTS tag=MONASH species=Sigma_b0 pdg=5212 slice=eta_lt_1 p=7 a=3 file=/data/alice/ipardoza/hadronization_production/HF_RUN3_V1/raw/MONASH/hf_MONASH_job099.root
SIGMAB_COUNTS tag=MONASH species=Sigma_b0 pdg=5212 slice=eta_1_2 p=6 a=5 file=/data/alice/ipardoza/hadronization_production/HF_RUN3_V1/raw/MONASH/hf_MONASH_job099.root
SIGMAB_COUNTS tag=MONASH species=Sigma_b0 pdg=5212 slice=eta_ge_2 p=30 a=11 file=/data/alice/ipardoza/hadronization_production/HF_RUN3_V1/raw/MONASH/hf_MONASH_job099.root
SIGMAB_COUNTS tag=MONASH species=Sigma_b- pdg=5112 slice=all p=43 a=24 file=/data/alice/ipardoza/hadronization_production/HF_RUN3_V1/raw/MONASH/hf_MONASH_job099.root
SIGMAB_COUNTS tag=MONASH species=Sigma_b- pdg=5112 slice=eta_lt_1 p=10 a=5 file=/data/alice/ipardoza/hadronization_production/HF_RUN3_V1/raw/MONASH/hf_MONASH_job099.root
SIGMAB_COUNTS tag=MONASH species=Sigma_b- pdg=5112 slice=eta_1_2 p=11 a=6 file=/data/alice/ipardoza/hadronization_production/HF_RUN3_V1/raw/MONASH/hf_MONASH_job099.root
SIGMAB_COUNTS tag=MONASH species=Sigma_b- pdg=5112 slice=eta_ge_2 p=22 a=13 file=/data/alice/ipardoza/hadronization_production/HF_RUN3_V1/raw/MONASH/hf_MONASH_job099.root
SIGMAB_COUNTS tag=MONASH species=Sigma*_b+ pdg=5224 slice=all p=65 a=31 file=/data/alice/ipardoza/hadronization_production/HF_RUN3_V1/raw/MONASH/hf_MONASH_job099.root
SIGMAB_COUNTS tag=MONASH species=Sigma*_b+ pdg=5224 slice=eta_lt_1 p=14 a=6 file=/data/alice/ipardoza/hadronization_production/HF_RUN3_V1/raw/MONASH/hf_MONASH_job099.root
SIGMAB_COUNTS tag=MONASH species=Sigma*_b+ pdg=5224 slice=eta_1_2 p=13 a=3 file=/data/alice/ipardoza/hadronization_production/HF_RUN3_V1/raw/MONASH/hf_MONASH_job099.root
SIGMAB_COUNTS tag=MONASH species=Sigma*_b+ pdg=5224 slice=eta_ge_2 p=38 a=22 file=/data/alice/ipardoza/hadronization_production/HF_RUN3_V1/raw/MONASH/hf_MONASH_job099.root
SIGMAB_COUNTS tag=MONASH species=Sigma*_b0 pdg=5214 slice=all p=39 a=47 file=/data/alice/ipardoza/hadronization_production/HF_RUN3_V1/raw/MONASH/hf_MONASH_job099.root
SIGMAB_COUNTS tag=MONASH species=Sigma*_b0 pdg=5214 slice=eta_lt_1 p=7 a=11 file=/data/alice/ipardoza/hadronization_production/HF_RUN3_V1/raw/MONASH/hf_MONASH_job099.root
SIGMAB_COUNTS tag=MONASH species=Sigma*_b0 pdg=5214 slice=eta_1_2 p=9 a=13 file=/data/alice/ipardoza/hadronization_production/HF_RUN3_V1/raw/MONASH/hf_MONASH_job099.root
SIGMAB_COUNTS tag=MONASH species=Sigma*_b0 pdg=5214 slice=eta_ge_2 p=23 a=23 file=/data/alice/ipardoza/hadronization_production/HF_RUN3_V1/raw/MONASH/hf_MONASH_job099.root
SIGMAB_COUNTS tag=MONASH species=Sigma*_b- pdg=5114 slice=all p=44 a=31 file=/data/alice/ipardoza/hadronization_production/HF_RUN3_V1/raw/MONASH/hf_MONASH_job099.root
SIGMAB_COUNTS tag=MONASH species=Sigma*_b- pdg=5114 slice=eta_lt_1 p=9 a=4 file=/data/alice/ipardoza/hadronization_production/HF_RUN3_V1/raw/MONASH/hf_MONASH_job099.root
SIGMAB_COUNTS tag=MONASH species=Sigma*_b- pdg=5114 slice=eta_1_2 p=10 a=5 file=/data/alice/ipardoza/hadronization_production/HF_RUN3_V1/raw/MONASH/hf_MONASH_job099.root
SIGMAB_COUNTS tag=MONASH species=Sigma*_b- pdg=5114 slice=eta_ge_2 p=25 a=22 file=/data/alice/ipardoza/hadronization_production/HF_RUN3_V1/raw/MONASH/hf_MONASH_job099.root
SIGMAB_COUNTS tag=MONASH species=Lambda_b0 pdg=5122 slice=all p=304 a=346 file=/data/alice/ipardoza/hadronization_production/HF_RUN3_V1/raw/MONASH/hf_MONASH_job099.root
SIGMAB_COUNTS tag=MONASH species=Lambda_b0 pdg=5122 slice=eta_lt_1 p=57 a=46 file=/data/alice/ipardoza/hadronization_production/HF_RUN3_V1/raw/MONASH/hf_MONASH_job099.root
SIGMAB_COUNTS tag=MONASH species=Lambda_b0 pdg=5122 slice=eta_1_2 p=72 a=73 file=/data/alice/ipardoza/hadronization_production/HF_RUN3_V1/raw/MONASH/hf_MONASH_job099.root
SIGMAB_COUNTS tag=MONASH species=Lambda_b0 pdg=5122 slice=eta_ge_2 p=175 a=227 file=/data/alice/ipardoza/hadronization_production/HF_RUN3_V1/raw/MONASH/hf_MONASH_job099.root
SIGMAB_COUNTS tag=MONASH species=Xi_b0 pdg=5232 slice=all p=61 a=62 file=/data/alice/ipardoza/hadronization_production/HF_RUN3_V1/raw/MONASH/hf_MONASH_job099.root
SIGMAB_COUNTS tag=MONASH species=Xi_b0 pdg=5232 slice=eta_lt_1 p=15 a=9 file=/data/alice/ipardoza/hadronization_production/HF_RUN3_V1/raw/MONASH/hf_MONASH_job099.root
SIGMAB_COUNTS tag=MONASH species=Xi_b0 pdg=5232 slice=eta_1_2 p=9 a=15 file=/data/alice/ipardoza/hadronization_production/HF_RUN3_V1/raw/MONASH/hf_MONASH_job099.root
SIGMAB_COUNTS tag=MONASH species=Xi_b0 pdg=5232 slice=eta_ge_2 p=37 a=38 file=/data/alice/ipardoza/hadronization_production/HF_RUN3_V1/raw/MONASH/hf_MONASH_job099.root
SIGMAB_COUNTS tag=MONASH species=Xi_b- pdg=5132 slice=all p=67 a=50 file=/data/alice/ipardoza/hadronization_production/HF_RUN3_V1/raw/MONASH/hf_MONASH_job099.root
SIGMAB_COUNTS tag=MONASH species=Xi_b- pdg=5132 slice=eta_lt_1 p=12 a=11 file=/data/alice/ipardoza/hadronization_production/HF_RUN3_V1/raw/MONASH/hf_MONASH_job099.root
SIGMAB_COUNTS tag=MONASH species=Xi_b- pdg=5132 slice=eta_1_2 p=15 a=10 file=/data/alice/ipardoza/hadronization_production/HF_RUN3_V1/raw/MONASH/hf_MONASH_job099.root
SIGMAB_COUNTS tag=MONASH species=Xi_b- pdg=5132 slice=eta_ge_2 p=40 a=29 file=/data/alice/ipardoza/hadronization_production/HF_RUN3_V1/raw/MONASH/hf_MONASH_job099.root
# files_processed=100
# count_lines=3600
# finished=2026-08-11T20:00:31+02:00
# expected_count_lines=3600
