# host=wn-lot-009.nikhef.nl
# started=2026-08-11T19:27:42+02:00
# block=05
# checkout=43e35be876dd5d881a931cb845ab490ab9b97509
# macro_sha=dbe1434f4681a08d99a9b0012d2d23a5b7287cd11c369493404dbde6a2ba8c15
# production_raw=/data/alice/ipardoza/hadronization_production/HF_RUN3_V1/raw/MONASH
# tune=MONASH
SIGMAB_COUNTS tag=MONASH species=Sigma_b+ pdg=5222 slice=all p=38 a=20 file=/data/alice/ipardoza/hadronization_production/HF_RUN3_V1/raw/MONASH/hf_MONASH_job400.root
SIGMAB_COUNTS tag=MONASH species=Sigma_b+ pdg=5222 slice=eta_lt_1 p=4 a=5 file=/data/alice/ipardoza/hadronization_production/HF_RUN3_V1/raw/MONASH/hf_MONASH_job400.root
SIGMAB_COUNTS tag=MONASH species=Sigma_b+ pdg=5222 slice=eta_1_2 p=8 a=4 file=/data/alice/ipardoza/hadronization_production/HF_RUN3_V1/raw/MONASH/hf_MONASH_job400.root
SIGMAB_COUNTS tag=MONASH species=Sigma_b+ pdg=5222 slice=eta_ge_2 p=26 a=11 file=/data/alice/ipardoza/hadronization_production/HF_RUN3_V1/raw/MONASH/hf_MONASH_job400.root
SIGMAB_COUNTS tag=MONASH species=Sigma_b0 pdg=5212 slice=all p=33 a=12 file=/data/alice/ipardoza/hadronization_production/HF_RUN3_V1/raw/MONASH/hf_MONASH_job400.root
SIGMAB_COUNTS tag=MONASH species=Sigma_b0 pdg=5212 slice=eta_lt_1 p=7 a=1 file=/data/alice/ipardoza/hadronization_production/HF_RUN3_V1/raw/MONASH/hf_MONASH_job400.root
SIGMAB_COUNTS tag=MONASH species=Sigma_b0 pdg=5212 slice=eta_1_2 p=9 a=3 file=/data/alice/ipardoza/hadronization_production/HF_RUN3_V1/raw/MONASH/hf_MONASH_job400.root
SIGMAB_COUNTS tag=MONASH species=Sigma_b0 pdg=5212 slice=eta_ge_2 p=17 a=8 file=/data/alice/ipardoza/hadronization_production/HF_RUN3_V1/raw/MONASH/hf_MONASH_job400.root
SIGMAB_COUNTS tag=MONASH species=Sigma_b- pdg=5112 slice=all p=33 a=20 file=/data/alice/ipardoza/hadronization_production/HF_RUN3_V1/raw/MONASH/hf_MONASH_job400.root
SIGMAB_COUNTS tag=MONASH species=Sigma_b- pdg=5112 slice=eta_lt_1 p=7 a=4 file=/data/alice/ipardoza/hadronization_production/HF_RUN3_V1/raw/MONASH/hf_MONASH_job400.root
SIGMAB_COUNTS tag=MONASH species=Sigma_b- pdg=5112 slice=eta_1_2 p=7 a=4 file=/data/alice/ipardoza/hadronization_production/HF_RUN3_V1/raw/MONASH/hf_MONASH_job400.root
SIGMAB_COUNTS tag=MONASH species=Sigma_b- pdg=5112 slice=eta_ge_2 p=19 a=12 file=/data/alice/ipardoza/hadronization_production/HF_RUN3_V1/raw/MONASH/hf_MONASH_job400.root
SIGMAB_COUNTS tag=MONASH species=Sigma*_b+ pdg=5224 slice=all p=53 a=40 file=/data/alice/ipardoza/hadronization_production/HF_RUN3_V1/raw/MONASH/hf_MONASH_job400.root
SIGMAB_COUNTS tag=MONASH species=Sigma*_b+ pdg=5224 slice=eta_lt_1 p=12 a=12 file=/data/alice/ipardoza/hadronization_production/HF_RUN3_V1/raw/MONASH/hf_MONASH_job400.root
SIGMAB_COUNTS tag=MONASH species=Sigma*_b+ pdg=5224 slice=eta_1_2 p=10 a=4 file=/data/alice/ipardoza/hadronization_production/HF_RUN3_V1/raw/MONASH/hf_MONASH_job400.root
SIGMAB_COUNTS tag=MONASH species=Sigma*_b+ pdg=5224 slice=eta_ge_2 p=31 a=24 file=/data/alice/ipardoza/hadronization_production/HF_RUN3_V1/raw/MONASH/hf_MONASH_job400.root
SIGMAB_COUNTS tag=MONASH species=Sigma*_b0 pdg=5214 slice=all p=39 a=41 file=/data/alice/ipardoza/hadronization_production/HF_RUN3_V1/raw/MONASH/hf_MONASH_job400.root
SIGMAB_COUNTS tag=MONASH species=Sigma*_b0 pdg=5214 slice=eta_lt_1 p=10 a=7 file=/data/alice/ipardoza/hadronization_production/HF_RUN3_V1/raw/MONASH/hf_MONASH_job400.root
SIGMAB_COUNTS tag=MONASH species=Sigma*_b0 pdg=5214 slice=eta_1_2 p=3 a=6 file=/data/alice/ipardoza/hadronization_production/HF_RUN3_V1/raw/MONASH/hf_MONASH_job400.root
SIGMAB_COUNTS tag=MONASH species=Sigma*_b0 pdg=5214 slice=eta_ge_2 p=26 a=28 file=/data/alice/ipardoza/hadronization_production/HF_RUN3_V1/raw/MONASH/hf_MONASH_job400.root
SIGMAB_COUNTS tag=MONASH species=Sigma*_b- pdg=5114 slice=all p=42 a=35 file=/data/alice/ipardoza/hadronization_production/HF_RUN3_V1/raw/MONASH/hf_MONASH_job400.root
SIGMAB_COUNTS tag=MONASH species=Sigma*_b- pdg=5114 slice=eta_lt_1 p=5 a=6 file=/data/alice/ipardoza/hadronization_production/HF_RUN3_V1/raw/MONASH/hf_MONASH_job400.root
SIGMAB_COUNTS tag=MONASH species=Sigma*_b- pdg=5114 slice=eta_1_2 p=6 a=10 file=/data/alice/ipardoza/hadronization_production/HF_RUN3_V1/raw/MONASH/hf_MONASH_job400.root
SIGMAB_COUNTS tag=MONASH species=Sigma*_b- pdg=5114 slice=eta_ge_2 p=31 a=19 file=/data/alice/ipardoza/hadronization_production/HF_RUN3_V1/raw/MONASH/hf_MONASH_job400.root
SIGMAB_COUNTS tag=MONASH species=Lambda_b0 pdg=5122 slice=all p=316 a=304 file=/data/alice/ipardoza/hadronization_production/HF_RUN3_V1/raw/MONASH/hf_MONASH_job400.root
SIGMAB_COUNTS tag=MONASH species=Lambda_b0 pdg=5122 slice=eta_lt_1 p=57 a=45 file=/data/alice/ipardoza/hadronization_production/HF_RUN3_V1/raw/MONASH/hf_MONASH_job400.root
SIGMAB_COUNTS tag=MONASH species=Lambda_b0 pdg=5122 slice=eta_1_2 p=72 a=77 file=/data/alice/ipardoza/hadronization_production/HF_RUN3_V1/raw/MONASH/hf_MONASH_job400.root
SIGMAB_COUNTS tag=MONASH species=Lambda_b0 pdg=5122 slice=eta_ge_2 p=187 a=182 file=/data/alice/ipardoza/hadronization_production/HF_RUN3_V1/raw/MONASH/hf_MONASH_job400.root
SIGMAB_COUNTS tag=MONASH species=Xi_b0 pdg=5232 slice=all p=55 a=51 file=/data/alice/ipardoza/hadronization_production/HF_RUN3_V1/raw/MONASH/hf_MONASH_job400.root
SIGMAB_COUNTS tag=MONASH species=Xi_b0 pdg=5232 slice=eta_lt_1 p=10 a=9 file=/data/alice/ipardoza/hadronization_production/HF_RUN3_V1/raw/MONASH/hf_MONASH_job400.root
SIGMAB_COUNTS tag=MONASH species=Xi_b0 pdg=5232 slice=eta_1_2 p=10 a=11 file=/data/alice/ipardoza/hadronization_production/HF_RUN3_V1/raw/MONASH/hf_MONASH_job400.root
SIGMAB_COUNTS tag=MONASH species=Xi_b0 pdg=5232 slice=eta_ge_2 p=35 a=31 file=/data/alice/ipardoza/hadronization_production/HF_RUN3_V1/raw/MONASH/hf_MONASH_job400.root
SIGMAB_COUNTS tag=MONASH species=Xi_b- pdg=5132 slice=all p=53 a=51 file=/data/alice/ipardoza/hadronization_production/HF_RUN3_V1/raw/MONASH/hf_MONASH_job400.root
SIGMAB_COUNTS tag=MONASH species=Xi_b- pdg=5132 slice=eta_lt_1 p=5 a=7 file=/data/alice/ipardoza/hadronization_production/HF_RUN3_V1/raw/MONASH/hf_MONASH_job400.root
SIGMAB_COUNTS tag=MONASH species=Xi_b- pdg=5132 slice=eta_1_2 p=12 a=6 file=/data/alice/ipardoza/hadronization_production/HF_RUN3_V1/raw/MONASH/hf_MONASH_job400.root
SIGMAB_COUNTS tag=MONASH species=Xi_b- pdg=5132 slice=eta_ge_2 p=36 a=38 file=/data/alice/ipardoza/hadronization_production/HF_RUN3_V1/raw/MONASH/hf_MONASH_job400.root
SIGMAB_COUNTS tag=MONASH species=Sigma_b+ pdg=5222 slice=all p=42 a=25 file=/data/alice/ipardoza/hadronization_production/HF_RUN3_V1/raw/MONASH/hf_MONASH_job401.root
SIGMAB_COUNTS tag=MONASH species=Sigma_b+ pdg=5222 slice=eta_lt_1 p=6 a=4 file=/data/alice/ipardoza/hadronization_production/HF_RUN3_V1/raw/MONASH/hf_MONASH_job401.root
SIGMAB_COUNTS tag=MONASH species=Sigma_b+ pdg=5222 slice=eta_1_2 p=12 a=6 file=/data/alice/ipardoza/hadronization_production/HF_RUN3_V1/raw/MONASH/hf_MONASH_job401.root
SIGMAB_COUNTS tag=MONASH species=Sigma_b+ pdg=5222 slice=eta_ge_2 p=24 a=15 file=/data/alice/ipardoza/hadronization_production/HF_RUN3_V1/raw/MONASH/hf_MONASH_job401.root
SIGMAB_COUNTS tag=MONASH species=Sigma_b0 pdg=5212 slice=all p=41 a=27 file=/data/alice/ipardoza/hadronization_production/HF_RUN3_V1/raw/MONASH/hf_MONASH_job401.root
SIGMAB_COUNTS tag=MONASH species=Sigma_b0 pdg=5212 slice=eta_lt_1 p=7 a=8 file=/data/alice/ipardoza/hadronization_production/HF_RUN3_V1/raw/MONASH/hf_MONASH_job401.root
SIGMAB_COUNTS tag=MONASH species=Sigma_b0 pdg=5212 slice=eta_1_2 p=12 a=7 file=/data/alice/ipardoza/hadronization_production/HF_RUN3_V1/raw/MONASH/hf_MONASH_job401.root
SIGMAB_COUNTS tag=MONASH species=Sigma_b0 pdg=5212 slice=eta_ge_2 p=22 a=12 file=/data/alice/ipardoza/hadronization_production/HF_RUN3_V1/raw/MONASH/hf_MONASH_job401.root
SIGMAB_COUNTS tag=MONASH species=Sigma_b- pdg=5112 slice=all p=34 a=20 file=/data/alice/ipardoza/hadronization_production/HF_RUN3_V1/raw/MONASH/hf_MONASH_job401.root
SIGMAB_COUNTS tag=MONASH species=Sigma_b- pdg=5112 slice=eta_lt_1 p=7 a=4 file=/data/alice/ipardoza/hadronization_production/HF_RUN3_V1/raw/MONASH/hf_MONASH_job401.root
SIGMAB_COUNTS tag=MONASH species=Sigma_b- pdg=5112 slice=eta_1_2 p=4 a=3 file=/data/alice/ipardoza/hadronization_production/HF_RUN3_V1/raw/MONASH/hf_MONASH_job401.root
SIGMAB_COUNTS tag=MONASH species=Sigma_b- pdg=5112 slice=eta_ge_2 p=23 a=13 file=/data/alice/ipardoza/hadronization_production/HF_RUN3_V1/raw/MONASH/hf_MONASH_job401.root
SIGMAB_COUNTS tag=MONASH species=Sigma*_b+ pdg=5224 slice=all p=27 a=39 file=/data/alice/ipardoza/hadronization_production/HF_RUN3_V1/raw/MONASH/hf_MONASH_job401.root
SIGMAB_COUNTS tag=MONASH species=Sigma*_b+ pdg=5224 slice=eta_lt_1 p=5 a=9 file=/data/alice/ipardoza/hadronization_production/HF_RUN3_V1/raw/MONASH/hf_MONASH_job401.root
SIGMAB_COUNTS tag=MONASH species=Sigma*_b+ pdg=5224 slice=eta_1_2 p=6 a=6 file=/data/alice/ipardoza/hadronization_production/HF_RUN3_V1/raw/MONASH/hf_MONASH_job401.root
SIGMAB_COUNTS tag=MONASH species=Sigma*_b+ pdg=5224 slice=eta_ge_2 p=16 a=24 file=/data/alice/ipardoza/hadronization_production/HF_RUN3_V1/raw/MONASH/hf_MONASH_job401.root
SIGMAB_COUNTS tag=MONASH species=Sigma*_b0 pdg=5214 slice=all p=52 a=52 file=/data/alice/ipardoza/hadronization_production/HF_RUN3_V1/raw/MONASH/hf_MONASH_job401.root
SIGMAB_COUNTS tag=MONASH species=Sigma*_b0 pdg=5214 slice=eta_lt_1 p=11 a=13 file=/data/alice/ipardoza/hadronization_production/HF_RUN3_V1/raw/MONASH/hf_MONASH_job401.root
SIGMAB_COUNTS tag=MONASH species=Sigma*_b0 pdg=5214 slice=eta_1_2 p=6 a=14 file=/data/alice/ipardoza/hadronization_production/HF_RUN3_V1/raw/MONASH/hf_MONASH_job401.root
SIGMAB_COUNTS tag=MONASH species=Sigma*_b0 pdg=5214 slice=eta_ge_2 p=35 a=25 file=/data/alice/ipardoza/hadronization_production/HF_RUN3_V1/raw/MONASH/hf_MONASH_job401.root
SIGMAB_COUNTS tag=MONASH species=Sigma*_b- pdg=5114 slice=all p=60 a=41 file=/data/alice/ipardoza/hadronization_production/HF_RUN3_V1/raw/MONASH/hf_MONASH_job401.root
SIGMAB_COUNTS tag=MONASH species=Sigma*_b- pdg=5114 slice=eta_lt_1 p=12 a=7 file=/data/alice/ipardoza/hadronization_production/HF_RUN3_V1/raw/MONASH/hf_MONASH_job401.root
SIGMAB_COUNTS tag=MONASH species=Sigma*_b- pdg=5114 slice=eta_1_2 p=15 a=13 file=/data/alice/ipardoza/hadronization_production/HF_RUN3_V1/raw/MONASH/hf_MONASH_job401.root
SIGMAB_COUNTS tag=MONASH species=Sigma*_b- pdg=5114 slice=eta_ge_2 p=33 a=21 file=/data/alice/ipardoza/hadronization_production/HF_RUN3_V1/raw/MONASH/hf_MONASH_job401.root
SIGMAB_COUNTS tag=MONASH species=Lambda_b0 pdg=5122 slice=all p=325 a=329 file=/data/alice/ipardoza/hadronization_production/HF_RUN3_V1/raw/MONASH/hf_MONASH_job401.root
SIGMAB_COUNTS tag=MONASH species=Lambda_b0 pdg=5122 slice=eta_lt_1 p=65 a=76 file=/data/alice/ipardoza/hadronization_production/HF_RUN3_V1/raw/MONASH/hf_MONASH_job401.root
SIGMAB_COUNTS tag=MONASH species=Lambda_b0 pdg=5122 slice=eta_1_2 p=57 a=75 file=/data/alice/ipardoza/hadronization_production/HF_RUN3_V1/raw/MONASH/hf_MONASH_job401.root
SIGMAB_COUNTS tag=MONASH species=Lambda_b0 pdg=5122 slice=eta_ge_2 p=203 a=178 file=/data/alice/ipardoza/hadronization_production/HF_RUN3_V1/raw/MONASH/hf_MONASH_job401.root
SIGMAB_COUNTS tag=MONASH species=Xi_b0 pdg=5232 slice=all p=47 a=80 file=/data/alice/ipardoza/hadronization_production/HF_RUN3_V1/raw/MONASH/hf_MONASH_job401.root
SIGMAB_COUNTS tag=MONASH species=Xi_b0 pdg=5232 slice=eta_lt_1 p=10 a=19 file=/data/alice/ipardoza/hadronization_production/HF_RUN3_V1/raw/MONASH/hf_MONASH_job401.root
SIGMAB_COUNTS tag=MONASH species=Xi_b0 pdg=5232 slice=eta_1_2 p=11 a=14 file=/data/alice/ipardoza/hadronization_production/HF_RUN3_V1/raw/MONASH/hf_MONASH_job401.root
SIGMAB_COUNTS tag=MONASH species=Xi_b0 pdg=5232 slice=eta_ge_2 p=26 a=47 file=/data/alice/ipardoza/hadronization_production/HF_RUN3_V1/raw/MONASH/hf_MONASH_job401.root
SIGMAB_COUNTS tag=MONASH species=Xi_b- pdg=5132 slice=all p=43 a=49 file=/data/alice/ipardoza/hadronization_production/HF_RUN3_V1/raw/MONASH/hf_MONASH_job401.root
SIGMAB_COUNTS tag=MONASH species=Xi_b- pdg=5132 slice=eta_lt_1 p=6 a=12 file=/data/alice/ipardoza/hadronization_production/HF_RUN3_V1/raw/MONASH/hf_MONASH_job401.root
SIGMAB_COUNTS tag=MONASH species=Xi_b- pdg=5132 slice=eta_1_2 p=9 a=10 file=/data/alice/ipardoza/hadronization_production/HF_RUN3_V1/raw/MONASH/hf_MONASH_job401.root
SIGMAB_COUNTS tag=MONASH species=Xi_b- pdg=5132 slice=eta_ge_2 p=28 a=27 file=/data/alice/ipardoza/hadronization_production/HF_RUN3_V1/raw/MONASH/hf_MONASH_job401.root
SIGMAB_COUNTS tag=MONASH species=Sigma_b+ pdg=5222 slice=all p=34 a=31 file=/data/alice/ipardoza/hadronization_production/HF_RUN3_V1/raw/MONASH/hf_MONASH_job402.root
SIGMAB_COUNTS tag=MONASH species=Sigma_b+ pdg=5222 slice=eta_lt_1 p=4 a=7 file=/data/alice/ipardoza/hadronization_production/HF_RUN3_V1/raw/MONASH/hf_MONASH_job402.root
SIGMAB_COUNTS tag=MONASH species=Sigma_b+ pdg=5222 slice=eta_1_2 p=5 a=6 file=/data/alice/ipardoza/hadronization_production/HF_RUN3_V1/raw/MONASH/hf_MONASH_job402.root
SIGMAB_COUNTS tag=MONASH species=Sigma_b+ pdg=5222 slice=eta_ge_2 p=25 a=18 file=/data/alice/ipardoza/hadronization_production/HF_RUN3_V1/raw/MONASH/hf_MONASH_job402.root
SIGMAB_COUNTS tag=MONASH species=Sigma_b0 pdg=5212 slice=all p=36 a=24 file=/data/alice/ipardoza/hadronization_production/HF_RUN3_V1/raw/MONASH/hf_MONASH_job402.root
SIGMAB_COUNTS tag=MONASH species=Sigma_b0 pdg=5212 slice=eta_lt_1 p=6 a=7 file=/data/alice/ipardoza/hadronization_production/HF_RUN3_V1/raw/MONASH/hf_MONASH_job402.root
SIGMAB_COUNTS tag=MONASH species=Sigma_b0 pdg=5212 slice=eta_1_2 p=5 a=5 file=/data/alice/ipardoza/hadronization_production/HF_RUN3_V1/raw/MONASH/hf_MONASH_job402.root
SIGMAB_COUNTS tag=MONASH species=Sigma_b0 pdg=5212 slice=eta_ge_2 p=25 a=12 file=/data/alice/ipardoza/hadronization_production/HF_RUN3_V1/raw/MONASH/hf_MONASH_job402.root
SIGMAB_COUNTS tag=MONASH species=Sigma_b- pdg=5112 slice=all p=24 a=18 file=/data/alice/ipardoza/hadronization_production/HF_RUN3_V1/raw/MONASH/hf_MONASH_job402.root
SIGMAB_COUNTS tag=MONASH species=Sigma_b- pdg=5112 slice=eta_lt_1 p=2 a=4 file=/data/alice/ipardoza/hadronization_production/HF_RUN3_V1/raw/MONASH/hf_MONASH_job402.root
SIGMAB_COUNTS tag=MONASH species=Sigma_b- pdg=5112 slice=eta_1_2 p=6 a=4 file=/data/alice/ipardoza/hadronization_production/HF_RUN3_V1/raw/MONASH/hf_MONASH_job402.root
SIGMAB_COUNTS tag=MONASH species=Sigma_b- pdg=5112 slice=eta_ge_2 p=16 a=10 file=/data/alice/ipardoza/hadronization_production/HF_RUN3_V1/raw/MONASH/hf_MONASH_job402.root
SIGMAB_COUNTS tag=MONASH species=Sigma*_b+ pdg=5224 slice=all p=44 a=38 file=/data/alice/ipardoza/hadronization_production/HF_RUN3_V1/raw/MONASH/hf_MONASH_job402.root
SIGMAB_COUNTS tag=MONASH species=Sigma*_b+ pdg=5224 slice=eta_lt_1 p=9 a=10 file=/data/alice/ipardoza/hadronization_production/HF_RUN3_V1/raw/MONASH/hf_MONASH_job402.root
SIGMAB_COUNTS tag=MONASH species=Sigma*_b+ pdg=5224 slice=eta_1_2 p=8 a=5 file=/data/alice/ipardoza/hadronization_production/HF_RUN3_V1/raw/MONASH/hf_MONASH_job402.root
SIGMAB_COUNTS tag=MONASH species=Sigma*_b+ pdg=5224 slice=eta_ge_2 p=27 a=23 file=/data/alice/ipardoza/hadronization_production/HF_RUN3_V1/raw/MONASH/hf_MONASH_job402.root
SIGMAB_COUNTS tag=MONASH species=Sigma*_b0 pdg=5214 slice=all p=49 a=27 file=/data/alice/ipardoza/hadronization_production/HF_RUN3_V1/raw/MONASH/hf_MONASH_job402.root
SIGMAB_COUNTS tag=MONASH species=Sigma*_b0 pdg=5214 slice=eta_lt_1 p=12 a=6 file=/data/alice/ipardoza/hadronization_production/HF_RUN3_V1/raw/MONASH/hf_MONASH_job402.root
SIGMAB_COUNTS tag=MONASH species=Sigma*_b0 pdg=5214 slice=eta_1_2 p=10 a=4 file=/data/alice/ipardoza/hadronization_production/HF_RUN3_V1/raw/MONASH/hf_MONASH_job402.root
SIGMAB_COUNTS tag=MONASH species=Sigma*_b0 pdg=5214 slice=eta_ge_2 p=27 a=17 file=/data/alice/ipardoza/hadronization_production/HF_RUN3_V1/raw/MONASH/hf_MONASH_job402.root
SIGMAB_COUNTS tag=MONASH species=Sigma*_b- pdg=5114 slice=all p=55 a=50 file=/data/alice/ipardoza/hadronization_production/HF_RUN3_V1/raw/MONASH/hf_MONASH_job402.root
SIGMAB_COUNTS tag=MONASH species=Sigma*_b- pdg=5114 slice=eta_lt_1 p=8 a=6 file=/data/alice/ipardoza/hadronization_production/HF_RUN3_V1/raw/MONASH/hf_MONASH_job402.root
SIGMAB_COUNTS tag=MONASH species=Sigma*_b- pdg=5114 slice=eta_1_2 p=15 a=14 file=/data/alice/ipardoza/hadronization_production/HF_RUN3_V1/raw/MONASH/hf_MONASH_job402.root
SIGMAB_COUNTS tag=MONASH species=Sigma*_b- pdg=5114 slice=eta_ge_2 p=32 a=30 file=/data/alice/ipardoza/hadronization_production/HF_RUN3_V1/raw/MONASH/hf_MONASH_job402.root
SIGMAB_COUNTS tag=MONASH species=Lambda_b0 pdg=5122 slice=all p=268 a=303 file=/data/alice/ipardoza/hadronization_production/HF_RUN3_V1/raw/MONASH/hf_MONASH_job402.root
SIGMAB_COUNTS tag=MONASH species=Lambda_b0 pdg=5122 slice=eta_lt_1 p=46 a=56 file=/data/alice/ipardoza/hadronization_production/HF_RUN3_V1/raw/MONASH/hf_MONASH_job402.root
SIGMAB_COUNTS tag=MONASH species=Lambda_b0 pdg=5122 slice=eta_1_2 p=61 a=59 file=/data/alice/ipardoza/hadronization_production/HF_RUN3_V1/raw/MONASH/hf_MONASH_job402.root
SIGMAB_COUNTS tag=MONASH species=Lambda_b0 pdg=5122 slice=eta_ge_2 p=161 a=188 file=/data/alice/ipardoza/hadronization_production/HF_RUN3_V1/raw/MONASH/hf_MONASH_job402.root
SIGMAB_COUNTS tag=MONASH species=Xi_b0 pdg=5232 slice=all p=68 a=64 file=/data/alice/ipardoza/hadronization_production/HF_RUN3_V1/raw/MONASH/hf_MONASH_job402.root
SIGMAB_COUNTS tag=MONASH species=Xi_b0 pdg=5232 slice=eta_lt_1 p=10 a=14 file=/data/alice/ipardoza/hadronization_production/HF_RUN3_V1/raw/MONASH/hf_MONASH_job402.root
SIGMAB_COUNTS tag=MONASH species=Xi_b0 pdg=5232 slice=eta_1_2 p=19 a=15 file=/data/alice/ipardoza/hadronization_production/HF_RUN3_V1/raw/MONASH/hf_MONASH_job402.root
SIGMAB_COUNTS tag=MONASH species=Xi_b0 pdg=5232 slice=eta_ge_2 p=39 a=35 file=/data/alice/ipardoza/hadronization_production/HF_RUN3_V1/raw/MONASH/hf_MONASH_job402.root
SIGMAB_COUNTS tag=MONASH species=Xi_b- pdg=5132 slice=all p=63 a=65 file=/data/alice/ipardoza/hadronization_production/HF_RUN3_V1/raw/MONASH/hf_MONASH_job402.root
SIGMAB_COUNTS tag=MONASH species=Xi_b- pdg=5132 slice=eta_lt_1 p=7 a=9 file=/data/alice/ipardoza/hadronization_production/HF_RUN3_V1/raw/MONASH/hf_MONASH_job402.root
SIGMAB_COUNTS tag=MONASH species=Xi_b- pdg=5132 slice=eta_1_2 p=17 a=10 file=/data/alice/ipardoza/hadronization_production/HF_RUN3_V1/raw/MONASH/hf_MONASH_job402.root
SIGMAB_COUNTS tag=MONASH species=Xi_b- pdg=5132 slice=eta_ge_2 p=39 a=46 file=/data/alice/ipardoza/hadronization_production/HF_RUN3_V1/raw/MONASH/hf_MONASH_job402.root
SIGMAB_COUNTS tag=MONASH species=Sigma_b+ pdg=5222 slice=all p=42 a=19 file=/data/alice/ipardoza/hadronization_production/HF_RUN3_V1/raw/MONASH/hf_MONASH_job403.root
SIGMAB_COUNTS tag=MONASH species=Sigma_b+ pdg=5222 slice=eta_lt_1 p=3 a=4 file=/data/alice/ipardoza/hadronization_production/HF_RUN3_V1/raw/MONASH/hf_MONASH_job403.root
SIGMAB_COUNTS tag=MONASH species=Sigma_b+ pdg=5222 slice=eta_1_2 p=12 a=2 file=/data/alice/ipardoza/hadronization_production/HF_RUN3_V1/raw/MONASH/hf_MONASH_job403.root
SIGMAB_COUNTS tag=MONASH species=Sigma_b+ pdg=5222 slice=eta_ge_2 p=27 a=13 file=/data/alice/ipardoza/hadronization_production/HF_RUN3_V1/raw/MONASH/hf_MONASH_job403.root
SIGMAB_COUNTS tag=MONASH species=Sigma_b0 pdg=5212 slice=all p=30 a=22 file=/data/alice/ipardoza/hadronization_production/HF_RUN3_V1/raw/MONASH/hf_MONASH_job403.root
SIGMAB_COUNTS tag=MONASH species=Sigma_b0 pdg=5212 slice=eta_lt_1 p=2 a=3 file=/data/alice/ipardoza/hadronization_production/HF_RUN3_V1/raw/MONASH/hf_MONASH_job403.root
SIGMAB_COUNTS tag=MONASH species=Sigma_b0 pdg=5212 slice=eta_1_2 p=6 a=7 file=/data/alice/ipardoza/hadronization_production/HF_RUN3_V1/raw/MONASH/hf_MONASH_job403.root
SIGMAB_COUNTS tag=MONASH species=Sigma_b0 pdg=5212 slice=eta_ge_2 p=22 a=12 file=/data/alice/ipardoza/hadronization_production/HF_RUN3_V1/raw/MONASH/hf_MONASH_job403.root
SIGMAB_COUNTS tag=MONASH species=Sigma_b- pdg=5112 slice=all p=46 a=23 file=/data/alice/ipardoza/hadronization_production/HF_RUN3_V1/raw/MONASH/hf_MONASH_job403.root
SIGMAB_COUNTS tag=MONASH species=Sigma_b- pdg=5112 slice=eta_lt_1 p=6 a=4 file=/data/alice/ipardoza/hadronization_production/HF_RUN3_V1/raw/MONASH/hf_MONASH_job403.root
SIGMAB_COUNTS tag=MONASH species=Sigma_b- pdg=5112 slice=eta_1_2 p=14 a=7 file=/data/alice/ipardoza/hadronization_production/HF_RUN3_V1/raw/MONASH/hf_MONASH_job403.root
SIGMAB_COUNTS tag=MONASH species=Sigma_b- pdg=5112 slice=eta_ge_2 p=26 a=12 file=/data/alice/ipardoza/hadronization_production/HF_RUN3_V1/raw/MONASH/hf_MONASH_job403.root
SIGMAB_COUNTS tag=MONASH species=Sigma*_b+ pdg=5224 slice=all p=67 a=39 file=/data/alice/ipardoza/hadronization_production/HF_RUN3_V1/raw/MONASH/hf_MONASH_job403.root
SIGMAB_COUNTS tag=MONASH species=Sigma*_b+ pdg=5224 slice=eta_lt_1 p=15 a=8 file=/data/alice/ipardoza/hadronization_production/HF_RUN3_V1/raw/MONASH/hf_MONASH_job403.root
SIGMAB_COUNTS tag=MONASH species=Sigma*_b+ pdg=5224 slice=eta_1_2 p=9 a=7 file=/data/alice/ipardoza/hadronization_production/HF_RUN3_V1/raw/MONASH/hf_MONASH_job403.root
SIGMAB_COUNTS tag=MONASH species=Sigma*_b+ pdg=5224 slice=eta_ge_2 p=43 a=24 file=/data/alice/ipardoza/hadronization_production/HF_RUN3_V1/raw/MONASH/hf_MONASH_job403.root
SIGMAB_COUNTS tag=MONASH species=Sigma*_b0 pdg=5214 slice=all p=60 a=49 file=/data/alice/ipardoza/hadronization_production/HF_RUN3_V1/raw/MONASH/hf_MONASH_job403.root
SIGMAB_COUNTS tag=MONASH species=Sigma*_b0 pdg=5214 slice=eta_lt_1 p=7 a=14 file=/data/alice/ipardoza/hadronization_production/HF_RUN3_V1/raw/MONASH/hf_MONASH_job403.root
SIGMAB_COUNTS tag=MONASH species=Sigma*_b0 pdg=5214 slice=eta_1_2 p=18 a=11 file=/data/alice/ipardoza/hadronization_production/HF_RUN3_V1/raw/MONASH/hf_MONASH_job403.root
SIGMAB_COUNTS tag=MONASH species=Sigma*_b0 pdg=5214 slice=eta_ge_2 p=35 a=24 file=/data/alice/ipardoza/hadronization_production/HF_RUN3_V1/raw/MONASH/hf_MONASH_job403.root
SIGMAB_COUNTS tag=MONASH species=Sigma*_b- pdg=5114 slice=all p=43 a=45 file=/data/alice/ipardoza/hadronization_production/HF_RUN3_V1/raw/MONASH/hf_MONASH_job403.root
SIGMAB_COUNTS tag=MONASH species=Sigma*_b- pdg=5114 slice=eta_lt_1 p=8 a=8 file=/data/alice/ipardoza/hadronization_production/HF_RUN3_V1/raw/MONASH/hf_MONASH_job403.root
SIGMAB_COUNTS tag=MONASH species=Sigma*_b- pdg=5114 slice=eta_1_2 p=8 a=17 file=/data/alice/ipardoza/hadronization_production/HF_RUN3_V1/raw/MONASH/hf_MONASH_job403.root
SIGMAB_COUNTS tag=MONASH species=Sigma*_b- pdg=5114 slice=eta_ge_2 p=27 a=20 file=/data/alice/ipardoza/hadronization_production/HF_RUN3_V1/raw/MONASH/hf_MONASH_job403.root
SIGMAB_COUNTS tag=MONASH species=Lambda_b0 pdg=5122 slice=all p=298 a=309 file=/data/alice/ipardoza/hadronization_production/HF_RUN3_V1/raw/MONASH/hf_MONASH_job403.root
SIGMAB_COUNTS tag=MONASH species=Lambda_b0 pdg=5122 slice=eta_lt_1 p=56 a=58 file=/data/alice/ipardoza/hadronization_production/HF_RUN3_V1/raw/MONASH/hf_MONASH_job403.root
SIGMAB_COUNTS tag=MONASH species=Lambda_b0 pdg=5122 slice=eta_1_2 p=67 a=73 file=/data/alice/ipardoza/hadronization_production/HF_RUN3_V1/raw/MONASH/hf_MONASH_job403.root
SIGMAB_COUNTS tag=MONASH species=Lambda_b0 pdg=5122 slice=eta_ge_2 p=175 a=178 file=/data/alice/ipardoza/hadronization_production/HF_RUN3_V1/raw/MONASH/hf_MONASH_job403.root
SIGMAB_COUNTS tag=MONASH species=Xi_b0 pdg=5232 slice=all p=50 a=57 file=/data/alice/ipardoza/hadronization_production/HF_RUN3_V1/raw/MONASH/hf_MONASH_job403.root
SIGMAB_COUNTS tag=MONASH species=Xi_b0 pdg=5232 slice=eta_lt_1 p=6 a=11 file=/data/alice/ipardoza/hadronization_production/HF_RUN3_V1/raw/MONASH/hf_MONASH_job403.root
SIGMAB_COUNTS tag=MONASH species=Xi_b0 pdg=5232 slice=eta_1_2 p=13 a=13 file=/data/alice/ipardoza/hadronization_production/HF_RUN3_V1/raw/MONASH/hf_MONASH_job403.root
SIGMAB_COUNTS tag=MONASH species=Xi_b0 pdg=5232 slice=eta_ge_2 p=31 a=33 file=/data/alice/ipardoza/hadronization_production/HF_RUN3_V1/raw/MONASH/hf_MONASH_job403.root
SIGMAB_COUNTS tag=MONASH species=Xi_b- pdg=5132 slice=all p=61 a=59 file=/data/alice/ipardoza/hadronization_production/HF_RUN3_V1/raw/MONASH/hf_MONASH_job403.root
SIGMAB_COUNTS tag=MONASH species=Xi_b- pdg=5132 slice=eta_lt_1 p=12 a=12 file=/data/alice/ipardoza/hadronization_production/HF_RUN3_V1/raw/MONASH/hf_MONASH_job403.root
SIGMAB_COUNTS tag=MONASH species=Xi_b- pdg=5132 slice=eta_1_2 p=11 a=14 file=/data/alice/ipardoza/hadronization_production/HF_RUN3_V1/raw/MONASH/hf_MONASH_job403.root
SIGMAB_COUNTS tag=MONASH species=Xi_b- pdg=5132 slice=eta_ge_2 p=38 a=33 file=/data/alice/ipardoza/hadronization_production/HF_RUN3_V1/raw/MONASH/hf_MONASH_job403.root
SIGMAB_COUNTS tag=MONASH species=Sigma_b+ pdg=5222 slice=all p=52 a=17 file=/data/alice/ipardoza/hadronization_production/HF_RUN3_V1/raw/MONASH/hf_MONASH_job404.root
SIGMAB_COUNTS tag=MONASH species=Sigma_b+ pdg=5222 slice=eta_lt_1 p=5 a=3 file=/data/alice/ipardoza/hadronization_production/HF_RUN3_V1/raw/MONASH/hf_MONASH_job404.root
SIGMAB_COUNTS tag=MONASH species=Sigma_b+ pdg=5222 slice=eta_1_2 p=7 a=6 file=/data/alice/ipardoza/hadronization_production/HF_RUN3_V1/raw/MONASH/hf_MONASH_job404.root
SIGMAB_COUNTS tag=MONASH species=Sigma_b+ pdg=5222 slice=eta_ge_2 p=40 a=8 file=/data/alice/ipardoza/hadronization_production/HF_RUN3_V1/raw/MONASH/hf_MONASH_job404.root
SIGMAB_COUNTS tag=MONASH species=Sigma_b0 pdg=5212 slice=all p=37 a=15 file=/data/alice/ipardoza/hadronization_production/HF_RUN3_V1/raw/MONASH/hf_MONASH_job404.root
SIGMAB_COUNTS tag=MONASH species=Sigma_b0 pdg=5212 slice=eta_lt_1 p=7 a=1 file=/data/alice/ipardoza/hadronization_production/HF_RUN3_V1/raw/MONASH/hf_MONASH_job404.root
SIGMAB_COUNTS tag=MONASH species=Sigma_b0 pdg=5212 slice=eta_1_2 p=7 a=5 file=/data/alice/ipardoza/hadronization_production/HF_RUN3_V1/raw/MONASH/hf_MONASH_job404.root
SIGMAB_COUNTS tag=MONASH species=Sigma_b0 pdg=5212 slice=eta_ge_2 p=23 a=9 file=/data/alice/ipardoza/hadronization_production/HF_RUN3_V1/raw/MONASH/hf_MONASH_job404.root
SIGMAB_COUNTS tag=MONASH species=Sigma_b- pdg=5112 slice=all p=34 a=22 file=/data/alice/ipardoza/hadronization_production/HF_RUN3_V1/raw/MONASH/hf_MONASH_job404.root
SIGMAB_COUNTS tag=MONASH species=Sigma_b- pdg=5112 slice=eta_lt_1 p=4 a=4 file=/data/alice/ipardoza/hadronization_production/HF_RUN3_V1/raw/MONASH/hf_MONASH_job404.root
SIGMAB_COUNTS tag=MONASH species=Sigma_b- pdg=5112 slice=eta_1_2 p=9 a=3 file=/data/alice/ipardoza/hadronization_production/HF_RUN3_V1/raw/MONASH/hf_MONASH_job404.root
SIGMAB_COUNTS tag=MONASH species=Sigma_b- pdg=5112 slice=eta_ge_2 p=21 a=15 file=/data/alice/ipardoza/hadronization_production/HF_RUN3_V1/raw/MONASH/hf_MONASH_job404.root
SIGMAB_COUNTS tag=MONASH species=Sigma*_b+ pdg=5224 slice=all p=51 a=40 file=/data/alice/ipardoza/hadronization_production/HF_RUN3_V1/raw/MONASH/hf_MONASH_job404.root
SIGMAB_COUNTS tag=MONASH species=Sigma*_b+ pdg=5224 slice=eta_lt_1 p=9 a=7 file=/data/alice/ipardoza/hadronization_production/HF_RUN3_V1/raw/MONASH/hf_MONASH_job404.root
SIGMAB_COUNTS tag=MONASH species=Sigma*_b+ pdg=5224 slice=eta_1_2 p=10 a=12 file=/data/alice/ipardoza/hadronization_production/HF_RUN3_V1/raw/MONASH/hf_MONASH_job404.root
SIGMAB_COUNTS tag=MONASH species=Sigma*_b+ pdg=5224 slice=eta_ge_2 p=32 a=21 file=/data/alice/ipardoza/hadronization_production/HF_RUN3_V1/raw/MONASH/hf_MONASH_job404.root
SIGMAB_COUNTS tag=MONASH species=Sigma*_b0 pdg=5214 slice=all p=55 a=43 file=/data/alice/ipardoza/hadronization_production/HF_RUN3_V1/raw/MONASH/hf_MONASH_job404.root
SIGMAB_COUNTS tag=MONASH species=Sigma*_b0 pdg=5214 slice=eta_lt_1 p=9 a=6 file=/data/alice/ipardoza/hadronization_production/HF_RUN3_V1/raw/MONASH/hf_MONASH_job404.root
SIGMAB_COUNTS tag=MONASH species=Sigma*_b0 pdg=5214 slice=eta_1_2 p=8 a=11 file=/data/alice/ipardoza/hadronization_production/HF_RUN3_V1/raw/MONASH/hf_MONASH_job404.root
SIGMAB_COUNTS tag=MONASH species=Sigma*_b0 pdg=5214 slice=eta_ge_2 p=38 a=26 file=/data/alice/ipardoza/hadronization_production/HF_RUN3_V1/raw/MONASH/hf_MONASH_job404.root
SIGMAB_COUNTS tag=MONASH species=Sigma*_b- pdg=5114 slice=all p=51 a=39 file=/data/alice/ipardoza/hadronization_production/HF_RUN3_V1/raw/MONASH/hf_MONASH_job404.root
SIGMAB_COUNTS tag=MONASH species=Sigma*_b- pdg=5114 slice=eta_lt_1 p=9 a=8 file=/data/alice/ipardoza/hadronization_production/HF_RUN3_V1/raw/MONASH/hf_MONASH_job404.root
SIGMAB_COUNTS tag=MONASH species=Sigma*_b- pdg=5114 slice=eta_1_2 p=12 a=7 file=/data/alice/ipardoza/hadronization_production/HF_RUN3_V1/raw/MONASH/hf_MONASH_job404.root
SIGMAB_COUNTS tag=MONASH species=Sigma*_b- pdg=5114 slice=eta_ge_2 p=30 a=24 file=/data/alice/ipardoza/hadronization_production/HF_RUN3_V1/raw/MONASH/hf_MONASH_job404.root
SIGMAB_COUNTS tag=MONASH species=Lambda_b0 pdg=5122 slice=all p=316 a=300 file=/data/alice/ipardoza/hadronization_production/HF_RUN3_V1/raw/MONASH/hf_MONASH_job404.root
SIGMAB_COUNTS tag=MONASH species=Lambda_b0 pdg=5122 slice=eta_lt_1 p=72 a=37 file=/data/alice/ipardoza/hadronization_production/HF_RUN3_V1/raw/MONASH/hf_MONASH_job404.root
SIGMAB_COUNTS tag=MONASH species=Lambda_b0 pdg=5122 slice=eta_1_2 p=51 a=67 file=/data/alice/ipardoza/hadronization_production/HF_RUN3_V1/raw/MONASH/hf_MONASH_job404.root
SIGMAB_COUNTS tag=MONASH species=Lambda_b0 pdg=5122 slice=eta_ge_2 p=193 a=196 file=/data/alice/ipardoza/hadronization_production/HF_RUN3_V1/raw/MONASH/hf_MONASH_job404.root
SIGMAB_COUNTS tag=MONASH species=Xi_b0 pdg=5232 slice=all p=57 a=48 file=/data/alice/ipardoza/hadronization_production/HF_RUN3_V1/raw/MONASH/hf_MONASH_job404.root
SIGMAB_COUNTS tag=MONASH species=Xi_b0 pdg=5232 slice=eta_lt_1 p=8 a=13 file=/data/alice/ipardoza/hadronization_production/HF_RUN3_V1/raw/MONASH/hf_MONASH_job404.root
SIGMAB_COUNTS tag=MONASH species=Xi_b0 pdg=5232 slice=eta_1_2 p=10 a=12 file=/data/alice/ipardoza/hadronization_production/HF_RUN3_V1/raw/MONASH/hf_MONASH_job404.root
SIGMAB_COUNTS tag=MONASH species=Xi_b0 pdg=5232 slice=eta_ge_2 p=39 a=23 file=/data/alice/ipardoza/hadronization_production/HF_RUN3_V1/raw/MONASH/hf_MONASH_job404.root
SIGMAB_COUNTS tag=MONASH species=Xi_b- pdg=5132 slice=all p=50 a=60 file=/data/alice/ipardoza/hadronization_production/HF_RUN3_V1/raw/MONASH/hf_MONASH_job404.root
SIGMAB_COUNTS tag=MONASH species=Xi_b- pdg=5132 slice=eta_lt_1 p=9 a=13 file=/data/alice/ipardoza/hadronization_production/HF_RUN3_V1/raw/MONASH/hf_MONASH_job404.root
SIGMAB_COUNTS tag=MONASH species=Xi_b- pdg=5132 slice=eta_1_2 p=11 a=9 file=/data/alice/ipardoza/hadronization_production/HF_RUN3_V1/raw/MONASH/hf_MONASH_job404.root
SIGMAB_COUNTS tag=MONASH species=Xi_b- pdg=5132 slice=eta_ge_2 p=30 a=38 file=/data/alice/ipardoza/hadronization_production/HF_RUN3_V1/raw/MONASH/hf_MONASH_job404.root
SIGMAB_COUNTS tag=MONASH species=Sigma_b+ pdg=5222 slice=all p=36 a=25 file=/data/alice/ipardoza/hadronization_production/HF_RUN3_V1/raw/MONASH/hf_MONASH_job405.root
SIGMAB_COUNTS tag=MONASH species=Sigma_b+ pdg=5222 slice=eta_lt_1 p=3 a=6 file=/data/alice/ipardoza/hadronization_production/HF_RUN3_V1/raw/MONASH/hf_MONASH_job405.root
SIGMAB_COUNTS tag=MONASH species=Sigma_b+ pdg=5222 slice=eta_1_2 p=8 a=9 file=/data/alice/ipardoza/hadronization_production/HF_RUN3_V1/raw/MONASH/hf_MONASH_job405.root
SIGMAB_COUNTS tag=MONASH species=Sigma_b+ pdg=5222 slice=eta_ge_2 p=25 a=10 file=/data/alice/ipardoza/hadronization_production/HF_RUN3_V1/raw/MONASH/hf_MONASH_job405.root
SIGMAB_COUNTS tag=MONASH species=Sigma_b0 pdg=5212 slice=all p=44 a=13 file=/data/alice/ipardoza/hadronization_production/HF_RUN3_V1/raw/MONASH/hf_MONASH_job405.root
SIGMAB_COUNTS tag=MONASH species=Sigma_b0 pdg=5212 slice=eta_lt_1 p=12 a=1 file=/data/alice/ipardoza/hadronization_production/HF_RUN3_V1/raw/MONASH/hf_MONASH_job405.root
SIGMAB_COUNTS tag=MONASH species=Sigma_b0 pdg=5212 slice=eta_1_2 p=10 a=3 file=/data/alice/ipardoza/hadronization_production/HF_RUN3_V1/raw/MONASH/hf_MONASH_job405.root
SIGMAB_COUNTS tag=MONASH species=Sigma_b0 pdg=5212 slice=eta_ge_2 p=22 a=9 file=/data/alice/ipardoza/hadronization_production/HF_RUN3_V1/raw/MONASH/hf_MONASH_job405.root
SIGMAB_COUNTS tag=MONASH species=Sigma_b- pdg=5112 slice=all p=47 a=17 file=/data/alice/ipardoza/hadronization_production/HF_RUN3_V1/raw/MONASH/hf_MONASH_job405.root
SIGMAB_COUNTS tag=MONASH species=Sigma_b- pdg=5112 slice=eta_lt_1 p=9 a=2 file=/data/alice/ipardoza/hadronization_production/HF_RUN3_V1/raw/MONASH/hf_MONASH_job405.root
SIGMAB_COUNTS tag=MONASH species=Sigma_b- pdg=5112 slice=eta_1_2 p=8 a=4 file=/data/alice/ipardoza/hadronization_production/HF_RUN3_V1/raw/MONASH/hf_MONASH_job405.root
SIGMAB_COUNTS tag=MONASH species=Sigma_b- pdg=5112 slice=eta_ge_2 p=30 a=11 file=/data/alice/ipardoza/hadronization_production/HF_RUN3_V1/raw/MONASH/hf_MONASH_job405.root
SIGMAB_COUNTS tag=MONASH species=Sigma*_b+ pdg=5224 slice=all p=60 a=39 file=/data/alice/ipardoza/hadronization_production/HF_RUN3_V1/raw/MONASH/hf_MONASH_job405.root
SIGMAB_COUNTS tag=MONASH species=Sigma*_b+ pdg=5224 slice=eta_lt_1 p=7 a=9 file=/data/alice/ipardoza/hadronization_production/HF_RUN3_V1/raw/MONASH/hf_MONASH_job405.root
SIGMAB_COUNTS tag=MONASH species=Sigma*_b+ pdg=5224 slice=eta_1_2 p=16 a=13 file=/data/alice/ipardoza/hadronization_production/HF_RUN3_V1/raw/MONASH/hf_MONASH_job405.root
SIGMAB_COUNTS tag=MONASH species=Sigma*_b+ pdg=5224 slice=eta_ge_2 p=37 a=17 file=/data/alice/ipardoza/hadronization_production/HF_RUN3_V1/raw/MONASH/hf_MONASH_job405.root
SIGMAB_COUNTS tag=MONASH species=Sigma*_b0 pdg=5214 slice=all p=55 a=33 file=/data/alice/ipardoza/hadronization_production/HF_RUN3_V1/raw/MONASH/hf_MONASH_job405.root
SIGMAB_COUNTS tag=MONASH species=Sigma*_b0 pdg=5214 slice=eta_lt_1 p=11 a=5 file=/data/alice/ipardoza/hadronization_production/HF_RUN3_V1/raw/MONASH/hf_MONASH_job405.root
SIGMAB_COUNTS tag=MONASH species=Sigma*_b0 pdg=5214 slice=eta_1_2 p=11 a=8 file=/data/alice/ipardoza/hadronization_production/HF_RUN3_V1/raw/MONASH/hf_MONASH_job405.root
SIGMAB_COUNTS tag=MONASH species=Sigma*_b0 pdg=5214 slice=eta_ge_2 p=33 a=20 file=/data/alice/ipardoza/hadronization_production/HF_RUN3_V1/raw/MONASH/hf_MONASH_job405.root
SIGMAB_COUNTS tag=MONASH species=Sigma*_b- pdg=5114 slice=all p=59 a=47 file=/data/alice/ipardoza/hadronization_production/HF_RUN3_V1/raw/MONASH/hf_MONASH_job405.root
SIGMAB_COUNTS tag=MONASH species=Sigma*_b- pdg=5114 slice=eta_lt_1 p=13 a=11 file=/data/alice/ipardoza/hadronization_production/HF_RUN3_V1/raw/MONASH/hf_MONASH_job405.root
SIGMAB_COUNTS tag=MONASH species=Sigma*_b- pdg=5114 slice=eta_1_2 p=6 a=7 file=/data/alice/ipardoza/hadronization_production/HF_RUN3_V1/raw/MONASH/hf_MONASH_job405.root
SIGMAB_COUNTS tag=MONASH species=Sigma*_b- pdg=5114 slice=eta_ge_2 p=40 a=29 file=/data/alice/ipardoza/hadronization_production/HF_RUN3_V1/raw/MONASH/hf_MONASH_job405.root
SIGMAB_COUNTS tag=MONASH species=Lambda_b0 pdg=5122 slice=all p=326 a=297 file=/data/alice/ipardoza/hadronization_production/HF_RUN3_V1/raw/MONASH/hf_MONASH_job405.root
SIGMAB_COUNTS tag=MONASH species=Lambda_b0 pdg=5122 slice=eta_lt_1 p=60 a=57 file=/data/alice/ipardoza/hadronization_production/HF_RUN3_V1/raw/MONASH/hf_MONASH_job405.root
SIGMAB_COUNTS tag=MONASH species=Lambda_b0 pdg=5122 slice=eta_1_2 p=75 a=59 file=/data/alice/ipardoza/hadronization_production/HF_RUN3_V1/raw/MONASH/hf_MONASH_job405.root
SIGMAB_COUNTS tag=MONASH species=Lambda_b0 pdg=5122 slice=eta_ge_2 p=191 a=181 file=/data/alice/ipardoza/hadronization_production/HF_RUN3_V1/raw/MONASH/hf_MONASH_job405.root
SIGMAB_COUNTS tag=MONASH species=Xi_b0 pdg=5232 slice=all p=69 a=50 file=/data/alice/ipardoza/hadronization_production/HF_RUN3_V1/raw/MONASH/hf_MONASH_job405.root
SIGMAB_COUNTS tag=MONASH species=Xi_b0 pdg=5232 slice=eta_lt_1 p=14 a=9 file=/data/alice/ipardoza/hadronization_production/HF_RUN3_V1/raw/MONASH/hf_MONASH_job405.root
SIGMAB_COUNTS tag=MONASH species=Xi_b0 pdg=5232 slice=eta_1_2 p=17 a=10 file=/data/alice/ipardoza/hadronization_production/HF_RUN3_V1/raw/MONASH/hf_MONASH_job405.root
SIGMAB_COUNTS tag=MONASH species=Xi_b0 pdg=5232 slice=eta_ge_2 p=38 a=31 file=/data/alice/ipardoza/hadronization_production/HF_RUN3_V1/raw/MONASH/hf_MONASH_job405.root
SIGMAB_COUNTS tag=MONASH species=Xi_b- pdg=5132 slice=all p=62 a=60 file=/data/alice/ipardoza/hadronization_production/HF_RUN3_V1/raw/MONASH/hf_MONASH_job405.root
SIGMAB_COUNTS tag=MONASH species=Xi_b- pdg=5132 slice=eta_lt_1 p=10 a=9 file=/data/alice/ipardoza/hadronization_production/HF_RUN3_V1/raw/MONASH/hf_MONASH_job405.root
SIGMAB_COUNTS tag=MONASH species=Xi_b- pdg=5132 slice=eta_1_2 p=13 a=15 file=/data/alice/ipardoza/hadronization_production/HF_RUN3_V1/raw/MONASH/hf_MONASH_job405.root
SIGMAB_COUNTS tag=MONASH species=Xi_b- pdg=5132 slice=eta_ge_2 p=39 a=36 file=/data/alice/ipardoza/hadronization_production/HF_RUN3_V1/raw/MONASH/hf_MONASH_job405.root
SIGMAB_COUNTS tag=MONASH species=Sigma_b+ pdg=5222 slice=all p=38 a=17 file=/data/alice/ipardoza/hadronization_production/HF_RUN3_V1/raw/MONASH/hf_MONASH_job406.root
SIGMAB_COUNTS tag=MONASH species=Sigma_b+ pdg=5222 slice=eta_lt_1 p=2 a=7 file=/data/alice/ipardoza/hadronization_production/HF_RUN3_V1/raw/MONASH/hf_MONASH_job406.root
SIGMAB_COUNTS tag=MONASH species=Sigma_b+ pdg=5222 slice=eta_1_2 p=8 a=0 file=/data/alice/ipardoza/hadronization_production/HF_RUN3_V1/raw/MONASH/hf_MONASH_job406.root
SIGMAB_COUNTS tag=MONASH species=Sigma_b+ pdg=5222 slice=eta_ge_2 p=28 a=10 file=/data/alice/ipardoza/hadronization_production/HF_RUN3_V1/raw/MONASH/hf_MONASH_job406.root
SIGMAB_COUNTS tag=MONASH species=Sigma_b0 pdg=5212 slice=all p=38 a=16 file=/data/alice/ipardoza/hadronization_production/HF_RUN3_V1/raw/MONASH/hf_MONASH_job406.root
SIGMAB_COUNTS tag=MONASH species=Sigma_b0 pdg=5212 slice=eta_lt_1 p=6 a=1 file=/data/alice/ipardoza/hadronization_production/HF_RUN3_V1/raw/MONASH/hf_MONASH_job406.root
SIGMAB_COUNTS tag=MONASH species=Sigma_b0 pdg=5212 slice=eta_1_2 p=5 a=5 file=/data/alice/ipardoza/hadronization_production/HF_RUN3_V1/raw/MONASH/hf_MONASH_job406.root
SIGMAB_COUNTS tag=MONASH species=Sigma_b0 pdg=5212 slice=eta_ge_2 p=27 a=10 file=/data/alice/ipardoza/hadronization_production/HF_RUN3_V1/raw/MONASH/hf_MONASH_job406.root
SIGMAB_COUNTS tag=MONASH species=Sigma_b- pdg=5112 slice=all p=34 a=30 file=/data/alice/ipardoza/hadronization_production/HF_RUN3_V1/raw/MONASH/hf_MONASH_job406.root
SIGMAB_COUNTS tag=MONASH species=Sigma_b- pdg=5112 slice=eta_lt_1 p=5 a=7 file=/data/alice/ipardoza/hadronization_production/HF_RUN3_V1/raw/MONASH/hf_MONASH_job406.root
SIGMAB_COUNTS tag=MONASH species=Sigma_b- pdg=5112 slice=eta_1_2 p=10 a=4 file=/data/alice/ipardoza/hadronization_production/HF_RUN3_V1/raw/MONASH/hf_MONASH_job406.root
SIGMAB_COUNTS tag=MONASH species=Sigma_b- pdg=5112 slice=eta_ge_2 p=19 a=19 file=/data/alice/ipardoza/hadronization_production/HF_RUN3_V1/raw/MONASH/hf_MONASH_job406.root
SIGMAB_COUNTS tag=MONASH species=Sigma*_b+ pdg=5224 slice=all p=48 a=39 file=/data/alice/ipardoza/hadronization_production/HF_RUN3_V1/raw/MONASH/hf_MONASH_job406.root
SIGMAB_COUNTS tag=MONASH species=Sigma*_b+ pdg=5224 slice=eta_lt_1 p=11 a=6 file=/data/alice/ipardoza/hadronization_production/HF_RUN3_V1/raw/MONASH/hf_MONASH_job406.root
SIGMAB_COUNTS tag=MONASH species=Sigma*_b+ pdg=5224 slice=eta_1_2 p=6 a=10 file=/data/alice/ipardoza/hadronization_production/HF_RUN3_V1/raw/MONASH/hf_MONASH_job406.root
SIGMAB_COUNTS tag=MONASH species=Sigma*_b+ pdg=5224 slice=eta_ge_2 p=31 a=23 file=/data/alice/ipardoza/hadronization_production/HF_RUN3_V1/raw/MONASH/hf_MONASH_job406.root
SIGMAB_COUNTS tag=MONASH species=Sigma*_b0 pdg=5214 slice=all p=49 a=41 file=/data/alice/ipardoza/hadronization_production/HF_RUN3_V1/raw/MONASH/hf_MONASH_job406.root
SIGMAB_COUNTS tag=MONASH species=Sigma*_b0 pdg=5214 slice=eta_lt_1 p=11 a=7 file=/data/alice/ipardoza/hadronization_production/HF_RUN3_V1/raw/MONASH/hf_MONASH_job406.root
SIGMAB_COUNTS tag=MONASH species=Sigma*_b0 pdg=5214 slice=eta_1_2 p=10 a=8 file=/data/alice/ipardoza/hadronization_production/HF_RUN3_V1/raw/MONASH/hf_MONASH_job406.root
SIGMAB_COUNTS tag=MONASH species=Sigma*_b0 pdg=5214 slice=eta_ge_2 p=28 a=26 file=/data/alice/ipardoza/hadronization_production/HF_RUN3_V1/raw/MONASH/hf_MONASH_job406.root
SIGMAB_COUNTS tag=MONASH species=Sigma*_b- pdg=5114 slice=all p=61 a=31 file=/data/alice/ipardoza/hadronization_production/HF_RUN3_V1/raw/MONASH/hf_MONASH_job406.root
SIGMAB_COUNTS tag=MONASH species=Sigma*_b- pdg=5114 slice=eta_lt_1 p=13 a=7 file=/data/alice/ipardoza/hadronization_production/HF_RUN3_V1/raw/MONASH/hf_MONASH_job406.root
SIGMAB_COUNTS tag=MONASH species=Sigma*_b- pdg=5114 slice=eta_1_2 p=12 a=7 file=/data/alice/ipardoza/hadronization_production/HF_RUN3_V1/raw/MONASH/hf_MONASH_job406.root
SIGMAB_COUNTS tag=MONASH species=Sigma*_b- pdg=5114 slice=eta_ge_2 p=36 a=17 file=/data/alice/ipardoza/hadronization_production/HF_RUN3_V1/raw/MONASH/hf_MONASH_job406.root
SIGMAB_COUNTS tag=MONASH species=Lambda_b0 pdg=5122 slice=all p=306 a=302 file=/data/alice/ipardoza/hadronization_production/HF_RUN3_V1/raw/MONASH/hf_MONASH_job406.root
SIGMAB_COUNTS tag=MONASH species=Lambda_b0 pdg=5122 slice=eta_lt_1 p=46 a=49 file=/data/alice/ipardoza/hadronization_production/HF_RUN3_V1/raw/MONASH/hf_MONASH_job406.root
SIGMAB_COUNTS tag=MONASH species=Lambda_b0 pdg=5122 slice=eta_1_2 p=75 a=82 file=/data/alice/ipardoza/hadronization_production/HF_RUN3_V1/raw/MONASH/hf_MONASH_job406.root
SIGMAB_COUNTS tag=MONASH species=Lambda_b0 pdg=5122 slice=eta_ge_2 p=185 a=171 file=/data/alice/ipardoza/hadronization_production/HF_RUN3_V1/raw/MONASH/hf_MONASH_job406.root
SIGMAB_COUNTS tag=MONASH species=Xi_b0 pdg=5232 slice=all p=52 a=75 file=/data/alice/ipardoza/hadronization_production/HF_RUN3_V1/raw/MONASH/hf_MONASH_job406.root
SIGMAB_COUNTS tag=MONASH species=Xi_b0 pdg=5232 slice=eta_lt_1 p=10 a=13 file=/data/alice/ipardoza/hadronization_production/HF_RUN3_V1/raw/MONASH/hf_MONASH_job406.root
SIGMAB_COUNTS tag=MONASH species=Xi_b0 pdg=5232 slice=eta_1_2 p=15 a=18 file=/data/alice/ipardoza/hadronization_production/HF_RUN3_V1/raw/MONASH/hf_MONASH_job406.root
SIGMAB_COUNTS tag=MONASH species=Xi_b0 pdg=5232 slice=eta_ge_2 p=27 a=44 file=/data/alice/ipardoza/hadronization_production/HF_RUN3_V1/raw/MONASH/hf_MONASH_job406.root
SIGMAB_COUNTS tag=MONASH species=Xi_b- pdg=5132 slice=all p=57 a=68 file=/data/alice/ipardoza/hadronization_production/HF_RUN3_V1/raw/MONASH/hf_MONASH_job406.root
SIGMAB_COUNTS tag=MONASH species=Xi_b- pdg=5132 slice=eta_lt_1 p=17 a=11 file=/data/alice/ipardoza/hadronization_production/HF_RUN3_V1/raw/MONASH/hf_MONASH_job406.root
SIGMAB_COUNTS tag=MONASH species=Xi_b- pdg=5132 slice=eta_1_2 p=9 a=19 file=/data/alice/ipardoza/hadronization_production/HF_RUN3_V1/raw/MONASH/hf_MONASH_job406.root
SIGMAB_COUNTS tag=MONASH species=Xi_b- pdg=5132 slice=eta_ge_2 p=31 a=38 file=/data/alice/ipardoza/hadronization_production/HF_RUN3_V1/raw/MONASH/hf_MONASH_job406.root
SIGMAB_COUNTS tag=MONASH species=Sigma_b+ pdg=5222 slice=all p=27 a=26 file=/data/alice/ipardoza/hadronization_production/HF_RUN3_V1/raw/MONASH/hf_MONASH_job407.root
SIGMAB_COUNTS tag=MONASH species=Sigma_b+ pdg=5222 slice=eta_lt_1 p=7 a=8 file=/data/alice/ipardoza/hadronization_production/HF_RUN3_V1/raw/MONASH/hf_MONASH_job407.root
SIGMAB_COUNTS tag=MONASH species=Sigma_b+ pdg=5222 slice=eta_1_2 p=3 a=6 file=/data/alice/ipardoza/hadronization_production/HF_RUN3_V1/raw/MONASH/hf_MONASH_job407.root
SIGMAB_COUNTS tag=MONASH species=Sigma_b+ pdg=5222 slice=eta_ge_2 p=17 a=12 file=/data/alice/ipardoza/hadronization_production/HF_RUN3_V1/raw/MONASH/hf_MONASH_job407.root
SIGMAB_COUNTS tag=MONASH species=Sigma_b0 pdg=5212 slice=all p=35 a=16 file=/data/alice/ipardoza/hadronization_production/HF_RUN3_V1/raw/MONASH/hf_MONASH_job407.root
SIGMAB_COUNTS tag=MONASH species=Sigma_b0 pdg=5212 slice=eta_lt_1 p=8 a=5 file=/data/alice/ipardoza/hadronization_production/HF_RUN3_V1/raw/MONASH/hf_MONASH_job407.root
SIGMAB_COUNTS tag=MONASH species=Sigma_b0 pdg=5212 slice=eta_1_2 p=7 a=3 file=/data/alice/ipardoza/hadronization_production/HF_RUN3_V1/raw/MONASH/hf_MONASH_job407.root
SIGMAB_COUNTS tag=MONASH species=Sigma_b0 pdg=5212 slice=eta_ge_2 p=20 a=8 file=/data/alice/ipardoza/hadronization_production/HF_RUN3_V1/raw/MONASH/hf_MONASH_job407.root
SIGMAB_COUNTS tag=MONASH species=Sigma_b- pdg=5112 slice=all p=36 a=21 file=/data/alice/ipardoza/hadronization_production/HF_RUN3_V1/raw/MONASH/hf_MONASH_job407.root
SIGMAB_COUNTS tag=MONASH species=Sigma_b- pdg=5112 slice=eta_lt_1 p=4 a=2 file=/data/alice/ipardoza/hadronization_production/HF_RUN3_V1/raw/MONASH/hf_MONASH_job407.root
SIGMAB_COUNTS tag=MONASH species=Sigma_b- pdg=5112 slice=eta_1_2 p=8 a=6 file=/data/alice/ipardoza/hadronization_production/HF_RUN3_V1/raw/MONASH/hf_MONASH_job407.root
SIGMAB_COUNTS tag=MONASH species=Sigma_b- pdg=5112 slice=eta_ge_2 p=24 a=13 file=/data/alice/ipardoza/hadronization_production/HF_RUN3_V1/raw/MONASH/hf_MONASH_job407.root
SIGMAB_COUNTS tag=MONASH species=Sigma*_b+ pdg=5224 slice=all p=45 a=41 file=/data/alice/ipardoza/hadronization_production/HF_RUN3_V1/raw/MONASH/hf_MONASH_job407.root
SIGMAB_COUNTS tag=MONASH species=Sigma*_b+ pdg=5224 slice=eta_lt_1 p=10 a=8 file=/data/alice/ipardoza/hadronization_production/HF_RUN3_V1/raw/MONASH/hf_MONASH_job407.root
SIGMAB_COUNTS tag=MONASH species=Sigma*_b+ pdg=5224 slice=eta_1_2 p=8 a=6 file=/data/alice/ipardoza/hadronization_production/HF_RUN3_V1/raw/MONASH/hf_MONASH_job407.root
SIGMAB_COUNTS tag=MONASH species=Sigma*_b+ pdg=5224 slice=eta_ge_2 p=27 a=27 file=/data/alice/ipardoza/hadronization_production/HF_RUN3_V1/raw/MONASH/hf_MONASH_job407.root
SIGMAB_COUNTS tag=MONASH species=Sigma*_b0 pdg=5214 slice=all p=48 a=37 file=/data/alice/ipardoza/hadronization_production/HF_RUN3_V1/raw/MONASH/hf_MONASH_job407.root
SIGMAB_COUNTS tag=MONASH species=Sigma*_b0 pdg=5214 slice=eta_lt_1 p=5 a=5 file=/data/alice/ipardoza/hadronization_production/HF_RUN3_V1/raw/MONASH/hf_MONASH_job407.root
SIGMAB_COUNTS tag=MONASH species=Sigma*_b0 pdg=5214 slice=eta_1_2 p=10 a=9 file=/data/alice/ipardoza/hadronization_production/HF_RUN3_V1/raw/MONASH/hf_MONASH_job407.root
SIGMAB_COUNTS tag=MONASH species=Sigma*_b0 pdg=5214 slice=eta_ge_2 p=33 a=23 file=/data/alice/ipardoza/hadronization_production/HF_RUN3_V1/raw/MONASH/hf_MONASH_job407.root
SIGMAB_COUNTS tag=MONASH species=Sigma*_b- pdg=5114 slice=all p=43 a=32 file=/data/alice/ipardoza/hadronization_production/HF_RUN3_V1/raw/MONASH/hf_MONASH_job407.root
SIGMAB_COUNTS tag=MONASH species=Sigma*_b- pdg=5114 slice=eta_lt_1 p=8 a=6 file=/data/alice/ipardoza/hadronization_production/HF_RUN3_V1/raw/MONASH/hf_MONASH_job407.root
SIGMAB_COUNTS tag=MONASH species=Sigma*_b- pdg=5114 slice=eta_1_2 p=9 a=6 file=/data/alice/ipardoza/hadronization_production/HF_RUN3_V1/raw/MONASH/hf_MONASH_job407.root
SIGMAB_COUNTS tag=MONASH species=Sigma*_b- pdg=5114 slice=eta_ge_2 p=26 a=20 file=/data/alice/ipardoza/hadronization_production/HF_RUN3_V1/raw/MONASH/hf_MONASH_job407.root
SIGMAB_COUNTS tag=MONASH species=Lambda_b0 pdg=5122 slice=all p=305 a=329 file=/data/alice/ipardoza/hadronization_production/HF_RUN3_V1/raw/MONASH/hf_MONASH_job407.root
SIGMAB_COUNTS tag=MONASH species=Lambda_b0 pdg=5122 slice=eta_lt_1 p=59 a=75 file=/data/alice/ipardoza/hadronization_production/HF_RUN3_V1/raw/MONASH/hf_MONASH_job407.root
SIGMAB_COUNTS tag=MONASH species=Lambda_b0 pdg=5122 slice=eta_1_2 p=62 a=69 file=/data/alice/ipardoza/hadronization_production/HF_RUN3_V1/raw/MONASH/hf_MONASH_job407.root
SIGMAB_COUNTS tag=MONASH species=Lambda_b0 pdg=5122 slice=eta_ge_2 p=184 a=185 file=/data/alice/ipardoza/hadronization_production/HF_RUN3_V1/raw/MONASH/hf_MONASH_job407.root
SIGMAB_COUNTS tag=MONASH species=Xi_b0 pdg=5232 slice=all p=57 a=54 file=/data/alice/ipardoza/hadronization_production/HF_RUN3_V1/raw/MONASH/hf_MONASH_job407.root
SIGMAB_COUNTS tag=MONASH species=Xi_b0 pdg=5232 slice=eta_lt_1 p=12 a=9 file=/data/alice/ipardoza/hadronization_production/HF_RUN3_V1/raw/MONASH/hf_MONASH_job407.root
SIGMAB_COUNTS tag=MONASH species=Xi_b0 pdg=5232 slice=eta_1_2 p=12 a=12 file=/data/alice/ipardoza/hadronization_production/HF_RUN3_V1/raw/MONASH/hf_MONASH_job407.root
SIGMAB_COUNTS tag=MONASH species=Xi_b0 pdg=5232 slice=eta_ge_2 p=33 a=33 file=/data/alice/ipardoza/hadronization_production/HF_RUN3_V1/raw/MONASH/hf_MONASH_job407.root
SIGMAB_COUNTS tag=MONASH species=Xi_b- pdg=5132 slice=all p=53 a=66 file=/data/alice/ipardoza/hadronization_production/HF_RUN3_V1/raw/MONASH/hf_MONASH_job407.root
SIGMAB_COUNTS tag=MONASH species=Xi_b- pdg=5132 slice=eta_lt_1 p=9 a=13 file=/data/alice/ipardoza/hadronization_production/HF_RUN3_V1/raw/MONASH/hf_MONASH_job407.root
SIGMAB_COUNTS tag=MONASH species=Xi_b- pdg=5132 slice=eta_1_2 p=15 a=7 file=/data/alice/ipardoza/hadronization_production/HF_RUN3_V1/raw/MONASH/hf_MONASH_job407.root
SIGMAB_COUNTS tag=MONASH species=Xi_b- pdg=5132 slice=eta_ge_2 p=29 a=46 file=/data/alice/ipardoza/hadronization_production/HF_RUN3_V1/raw/MONASH/hf_MONASH_job407.root
SIGMAB_COUNTS tag=MONASH species=Sigma_b+ pdg=5222 slice=all p=32 a=20 file=/data/alice/ipardoza/hadronization_production/HF_RUN3_V1/raw/MONASH/hf_MONASH_job408.root
SIGMAB_COUNTS tag=MONASH species=Sigma_b+ pdg=5222 slice=eta_lt_1 p=4 a=4 file=/data/alice/ipardoza/hadronization_production/HF_RUN3_V1/raw/MONASH/hf_MONASH_job408.root
SIGMAB_COUNTS tag=MONASH species=Sigma_b+ pdg=5222 slice=eta_1_2 p=6 a=7 file=/data/alice/ipardoza/hadronization_production/HF_RUN3_V1/raw/MONASH/hf_MONASH_job408.root
SIGMAB_COUNTS tag=MONASH species=Sigma_b+ pdg=5222 slice=eta_ge_2 p=22 a=9 file=/data/alice/ipardoza/hadronization_production/HF_RUN3_V1/raw/MONASH/hf_MONASH_job408.root
SIGMAB_COUNTS tag=MONASH species=Sigma_b0 pdg=5212 slice=all p=31 a=20 file=/data/alice/ipardoza/hadronization_production/HF_RUN3_V1/raw/MONASH/hf_MONASH_job408.root
SIGMAB_COUNTS tag=MONASH species=Sigma_b0 pdg=5212 slice=eta_lt_1 p=4 a=3 file=/data/alice/ipardoza/hadronization_production/HF_RUN3_V1/raw/MONASH/hf_MONASH_job408.root
SIGMAB_COUNTS tag=MONASH species=Sigma_b0 pdg=5212 slice=eta_1_2 p=5 a=3 file=/data/alice/ipardoza/hadronization_production/HF_RUN3_V1/raw/MONASH/hf_MONASH_job408.root
SIGMAB_COUNTS tag=MONASH species=Sigma_b0 pdg=5212 slice=eta_ge_2 p=22 a=14 file=/data/alice/ipardoza/hadronization_production/HF_RUN3_V1/raw/MONASH/hf_MONASH_job408.root
SIGMAB_COUNTS tag=MONASH species=Sigma_b- pdg=5112 slice=all p=26 a=20 file=/data/alice/ipardoza/hadronization_production/HF_RUN3_V1/raw/MONASH/hf_MONASH_job408.root
SIGMAB_COUNTS tag=MONASH species=Sigma_b- pdg=5112 slice=eta_lt_1 p=3 a=4 file=/data/alice/ipardoza/hadronization_production/HF_RUN3_V1/raw/MONASH/hf_MONASH_job408.root
SIGMAB_COUNTS tag=MONASH species=Sigma_b- pdg=5112 slice=eta_1_2 p=7 a=4 file=/data/alice/ipardoza/hadronization_production/HF_RUN3_V1/raw/MONASH/hf_MONASH_job408.root
SIGMAB_COUNTS tag=MONASH species=Sigma_b- pdg=5112 slice=eta_ge_2 p=16 a=12 file=/data/alice/ipardoza/hadronization_production/HF_RUN3_V1/raw/MONASH/hf_MONASH_job408.root
SIGMAB_COUNTS tag=MONASH species=Sigma*_b+ pdg=5224 slice=all p=53 a=39 file=/data/alice/ipardoza/hadronization_production/HF_RUN3_V1/raw/MONASH/hf_MONASH_job408.root
SIGMAB_COUNTS tag=MONASH species=Sigma*_b+ pdg=5224 slice=eta_lt_1 p=10 a=9 file=/data/alice/ipardoza/hadronization_production/HF_RUN3_V1/raw/MONASH/hf_MONASH_job408.root
SIGMAB_COUNTS tag=MONASH species=Sigma*_b+ pdg=5224 slice=eta_1_2 p=8 a=4 file=/data/alice/ipardoza/hadronization_production/HF_RUN3_V1/raw/MONASH/hf_MONASH_job408.root
SIGMAB_COUNTS tag=MONASH species=Sigma*_b+ pdg=5224 slice=eta_ge_2 p=35 a=26 file=/data/alice/ipardoza/hadronization_production/HF_RUN3_V1/raw/MONASH/hf_MONASH_job408.root
SIGMAB_COUNTS tag=MONASH species=Sigma*_b0 pdg=5214 slice=all p=48 a=46 file=/data/alice/ipardoza/hadronization_production/HF_RUN3_V1/raw/MONASH/hf_MONASH_job408.root
SIGMAB_COUNTS tag=MONASH species=Sigma*_b0 pdg=5214 slice=eta_lt_1 p=8 a=5 file=/data/alice/ipardoza/hadronization_production/HF_RUN3_V1/raw/MONASH/hf_MONASH_job408.root
SIGMAB_COUNTS tag=MONASH species=Sigma*_b0 pdg=5214 slice=eta_1_2 p=9 a=12 file=/data/alice/ipardoza/hadronization_production/HF_RUN3_V1/raw/MONASH/hf_MONASH_job408.root
SIGMAB_COUNTS tag=MONASH species=Sigma*_b0 pdg=5214 slice=eta_ge_2 p=31 a=29 file=/data/alice/ipardoza/hadronization_production/HF_RUN3_V1/raw/MONASH/hf_MONASH_job408.root
SIGMAB_COUNTS tag=MONASH species=Sigma*_b- pdg=5114 slice=all p=48 a=41 file=/data/alice/ipardoza/hadronization_production/HF_RUN3_V1/raw/MONASH/hf_MONASH_job408.root
SIGMAB_COUNTS tag=MONASH species=Sigma*_b- pdg=5114 slice=eta_lt_1 p=12 a=10 file=/data/alice/ipardoza/hadronization_production/HF_RUN3_V1/raw/MONASH/hf_MONASH_job408.root
SIGMAB_COUNTS tag=MONASH species=Sigma*_b- pdg=5114 slice=eta_1_2 p=13 a=8 file=/data/alice/ipardoza/hadronization_production/HF_RUN3_V1/raw/MONASH/hf_MONASH_job408.root
SIGMAB_COUNTS tag=MONASH species=Sigma*_b- pdg=5114 slice=eta_ge_2 p=23 a=23 file=/data/alice/ipardoza/hadronization_production/HF_RUN3_V1/raw/MONASH/hf_MONASH_job408.root
SIGMAB_COUNTS tag=MONASH species=Lambda_b0 pdg=5122 slice=all p=309 a=333 file=/data/alice/ipardoza/hadronization_production/HF_RUN3_V1/raw/MONASH/hf_MONASH_job408.root
SIGMAB_COUNTS tag=MONASH species=Lambda_b0 pdg=5122 slice=eta_lt_1 p=57 a=57 file=/data/alice/ipardoza/hadronization_production/HF_RUN3_V1/raw/MONASH/hf_MONASH_job408.root
SIGMAB_COUNTS tag=MONASH species=Lambda_b0 pdg=5122 slice=eta_1_2 p=60 a=80 file=/data/alice/ipardoza/hadronization_production/HF_RUN3_V1/raw/MONASH/hf_MONASH_job408.root
SIGMAB_COUNTS tag=MONASH species=Lambda_b0 pdg=5122 slice=eta_ge_2 p=192 a=196 file=/data/alice/ipardoza/hadronization_production/HF_RUN3_V1/raw/MONASH/hf_MONASH_job408.root
SIGMAB_COUNTS tag=MONASH species=Xi_b0 pdg=5232 slice=all p=58 a=50 file=/data/alice/ipardoza/hadronization_production/HF_RUN3_V1/raw/MONASH/hf_MONASH_job408.root
SIGMAB_COUNTS tag=MONASH species=Xi_b0 pdg=5232 slice=eta_lt_1 p=9 a=9 file=/data/alice/ipardoza/hadronization_production/HF_RUN3_V1/raw/MONASH/hf_MONASH_job408.root
SIGMAB_COUNTS tag=MONASH species=Xi_b0 pdg=5232 slice=eta_1_2 p=9 a=8 file=/data/alice/ipardoza/hadronization_production/HF_RUN3_V1/raw/MONASH/hf_MONASH_job408.root
SIGMAB_COUNTS tag=MONASH species=Xi_b0 pdg=5232 slice=eta_ge_2 p=40 a=33 file=/data/alice/ipardoza/hadronization_production/HF_RUN3_V1/raw/MONASH/hf_MONASH_job408.root
SIGMAB_COUNTS tag=MONASH species=Xi_b- pdg=5132 slice=all p=51 a=69 file=/data/alice/ipardoza/hadronization_production/HF_RUN3_V1/raw/MONASH/hf_MONASH_job408.root
SIGMAB_COUNTS tag=MONASH species=Xi_b- pdg=5132 slice=eta_lt_1 p=6 a=12 file=/data/alice/ipardoza/hadronization_production/HF_RUN3_V1/raw/MONASH/hf_MONASH_job408.root
SIGMAB_COUNTS tag=MONASH species=Xi_b- pdg=5132 slice=eta_1_2 p=12 a=17 file=/data/alice/ipardoza/hadronization_production/HF_RUN3_V1/raw/MONASH/hf_MONASH_job408.root
SIGMAB_COUNTS tag=MONASH species=Xi_b- pdg=5132 slice=eta_ge_2 p=33 a=40 file=/data/alice/ipardoza/hadronization_production/HF_RUN3_V1/raw/MONASH/hf_MONASH_job408.root
SIGMAB_COUNTS tag=MONASH species=Sigma_b+ pdg=5222 slice=all p=32 a=21 file=/data/alice/ipardoza/hadronization_production/HF_RUN3_V1/raw/MONASH/hf_MONASH_job409.root
SIGMAB_COUNTS tag=MONASH species=Sigma_b+ pdg=5222 slice=eta_lt_1 p=4 a=3 file=/data/alice/ipardoza/hadronization_production/HF_RUN3_V1/raw/MONASH/hf_MONASH_job409.root
SIGMAB_COUNTS tag=MONASH species=Sigma_b+ pdg=5222 slice=eta_1_2 p=6 a=4 file=/data/alice/ipardoza/hadronization_production/HF_RUN3_V1/raw/MONASH/hf_MONASH_job409.root
SIGMAB_COUNTS tag=MONASH species=Sigma_b+ pdg=5222 slice=eta_ge_2 p=22 a=14 file=/data/alice/ipardoza/hadronization_production/HF_RUN3_V1/raw/MONASH/hf_MONASH_job409.root
SIGMAB_COUNTS tag=MONASH species=Sigma_b0 pdg=5212 slice=all p=41 a=15 file=/data/alice/ipardoza/hadronization_production/HF_RUN3_V1/raw/MONASH/hf_MONASH_job409.root
SIGMAB_COUNTS tag=MONASH species=Sigma_b0 pdg=5212 slice=eta_lt_1 p=6 a=1 file=/data/alice/ipardoza/hadronization_production/HF_RUN3_V1/raw/MONASH/hf_MONASH_job409.root
SIGMAB_COUNTS tag=MONASH species=Sigma_b0 pdg=5212 slice=eta_1_2 p=6 a=5 file=/data/alice/ipardoza/hadronization_production/HF_RUN3_V1/raw/MONASH/hf_MONASH_job409.root
SIGMAB_COUNTS tag=MONASH species=Sigma_b0 pdg=5212 slice=eta_ge_2 p=29 a=9 file=/data/alice/ipardoza/hadronization_production/HF_RUN3_V1/raw/MONASH/hf_MONASH_job409.root
SIGMAB_COUNTS tag=MONASH species=Sigma_b- pdg=5112 slice=all p=29 a=20 file=/data/alice/ipardoza/hadronization_production/HF_RUN3_V1/raw/MONASH/hf_MONASH_job409.root
SIGMAB_COUNTS tag=MONASH species=Sigma_b- pdg=5112 slice=eta_lt_1 p=9 a=5 file=/data/alice/ipardoza/hadronization_production/HF_RUN3_V1/raw/MONASH/hf_MONASH_job409.root
SIGMAB_COUNTS tag=MONASH species=Sigma_b- pdg=5112 slice=eta_1_2 p=3 a=3 file=/data/alice/ipardoza/hadronization_production/HF_RUN3_V1/raw/MONASH/hf_MONASH_job409.root
SIGMAB_COUNTS tag=MONASH species=Sigma_b- pdg=5112 slice=eta_ge_2 p=17 a=12 file=/data/alice/ipardoza/hadronization_production/HF_RUN3_V1/raw/MONASH/hf_MONASH_job409.root
SIGMAB_COUNTS tag=MONASH species=Sigma*_b+ pdg=5224 slice=all p=53 a=51 file=/data/alice/ipardoza/hadronization_production/HF_RUN3_V1/raw/MONASH/hf_MONASH_job409.root
SIGMAB_COUNTS tag=MONASH species=Sigma*_b+ pdg=5224 slice=eta_lt_1 p=8 a=10 file=/data/alice/ipardoza/hadronization_production/HF_RUN3_V1/raw/MONASH/hf_MONASH_job409.root
SIGMAB_COUNTS tag=MONASH species=Sigma*_b+ pdg=5224 slice=eta_1_2 p=10 a=11 file=/data/alice/ipardoza/hadronization_production/HF_RUN3_V1/raw/MONASH/hf_MONASH_job409.root
SIGMAB_COUNTS tag=MONASH species=Sigma*_b+ pdg=5224 slice=eta_ge_2 p=35 a=30 file=/data/alice/ipardoza/hadronization_production/HF_RUN3_V1/raw/MONASH/hf_MONASH_job409.root
SIGMAB_COUNTS tag=MONASH species=Sigma*_b0 pdg=5214 slice=all p=60 a=29 file=/data/alice/ipardoza/hadronization_production/HF_RUN3_V1/raw/MONASH/hf_MONASH_job409.root
SIGMAB_COUNTS tag=MONASH species=Sigma*_b0 pdg=5214 slice=eta_lt_1 p=11 a=5 file=/data/alice/ipardoza/hadronization_production/HF_RUN3_V1/raw/MONASH/hf_MONASH_job409.root
SIGMAB_COUNTS tag=MONASH species=Sigma*_b0 pdg=5214 slice=eta_1_2 p=8 a=8 file=/data/alice/ipardoza/hadronization_production/HF_RUN3_V1/raw/MONASH/hf_MONASH_job409.root
SIGMAB_COUNTS tag=MONASH species=Sigma*_b0 pdg=5214 slice=eta_ge_2 p=41 a=16 file=/data/alice/ipardoza/hadronization_production/HF_RUN3_V1/raw/MONASH/hf_MONASH_job409.root
SIGMAB_COUNTS tag=MONASH species=Sigma*_b- pdg=5114 slice=all p=46 a=38 file=/data/alice/ipardoza/hadronization_production/HF_RUN3_V1/raw/MONASH/hf_MONASH_job409.root
SIGMAB_COUNTS tag=MONASH species=Sigma*_b- pdg=5114 slice=eta_lt_1 p=7 a=6 file=/data/alice/ipardoza/hadronization_production/HF_RUN3_V1/raw/MONASH/hf_MONASH_job409.root
SIGMAB_COUNTS tag=MONASH species=Sigma*_b- pdg=5114 slice=eta_1_2 p=6 a=9 file=/data/alice/ipardoza/hadronization_production/HF_RUN3_V1/raw/MONASH/hf_MONASH_job409.root
SIGMAB_COUNTS tag=MONASH species=Sigma*_b- pdg=5114 slice=eta_ge_2 p=33 a=23 file=/data/alice/ipardoza/hadronization_production/HF_RUN3_V1/raw/MONASH/hf_MONASH_job409.root
SIGMAB_COUNTS tag=MONASH species=Lambda_b0 pdg=5122 slice=all p=311 a=280 file=/data/alice/ipardoza/hadronization_production/HF_RUN3_V1/raw/MONASH/hf_MONASH_job409.root
SIGMAB_COUNTS tag=MONASH species=Lambda_b0 pdg=5122 slice=eta_lt_1 p=54 a=51 file=/data/alice/ipardoza/hadronization_production/HF_RUN3_V1/raw/MONASH/hf_MONASH_job409.root
SIGMAB_COUNTS tag=MONASH species=Lambda_b0 pdg=5122 slice=eta_1_2 p=75 a=61 file=/data/alice/ipardoza/hadronization_production/HF_RUN3_V1/raw/MONASH/hf_MONASH_job409.root
SIGMAB_COUNTS tag=MONASH species=Lambda_b0 pdg=5122 slice=eta_ge_2 p=182 a=168 file=/data/alice/ipardoza/hadronization_production/HF_RUN3_V1/raw/MONASH/hf_MONASH_job409.root
SIGMAB_COUNTS tag=MONASH species=Xi_b0 pdg=5232 slice=all p=69 a=61 file=/data/alice/ipardoza/hadronization_production/HF_RUN3_V1/raw/MONASH/hf_MONASH_job409.root
SIGMAB_COUNTS tag=MONASH species=Xi_b0 pdg=5232 slice=eta_lt_1 p=14 a=11 file=/data/alice/ipardoza/hadronization_production/HF_RUN3_V1/raw/MONASH/hf_MONASH_job409.root
SIGMAB_COUNTS tag=MONASH species=Xi_b0 pdg=5232 slice=eta_1_2 p=13 a=8 file=/data/alice/ipardoza/hadronization_production/HF_RUN3_V1/raw/MONASH/hf_MONASH_job409.root
SIGMAB_COUNTS tag=MONASH species=Xi_b0 pdg=5232 slice=eta_ge_2 p=42 a=42 file=/data/alice/ipardoza/hadronization_production/HF_RUN3_V1/raw/MONASH/hf_MONASH_job409.root
SIGMAB_COUNTS tag=MONASH species=Xi_b- pdg=5132 slice=all p=46 a=59 file=/data/alice/ipardoza/hadronization_production/HF_RUN3_V1/raw/MONASH/hf_MONASH_job409.root
SIGMAB_COUNTS tag=MONASH species=Xi_b- pdg=5132 slice=eta_lt_1 p=6 a=11 file=/data/alice/ipardoza/hadronization_production/HF_RUN3_V1/raw/MONASH/hf_MONASH_job409.root
SIGMAB_COUNTS tag=MONASH species=Xi_b- pdg=5132 slice=eta_1_2 p=8 a=21 file=/data/alice/ipardoza/hadronization_production/HF_RUN3_V1/raw/MONASH/hf_MONASH_job409.root
SIGMAB_COUNTS tag=MONASH species=Xi_b- pdg=5132 slice=eta_ge_2 p=32 a=27 file=/data/alice/ipardoza/hadronization_production/HF_RUN3_V1/raw/MONASH/hf_MONASH_job409.root
SIGMAB_COUNTS tag=MONASH species=Sigma_b+ pdg=5222 slice=all p=28 a=15 file=/data/alice/ipardoza/hadronization_production/HF_RUN3_V1/raw/MONASH/hf_MONASH_job410.root
SIGMAB_COUNTS tag=MONASH species=Sigma_b+ pdg=5222 slice=eta_lt_1 p=6 a=3 file=/data/alice/ipardoza/hadronization_production/HF_RUN3_V1/raw/MONASH/hf_MONASH_job410.root
SIGMAB_COUNTS tag=MONASH species=Sigma_b+ pdg=5222 slice=eta_1_2 p=1 a=0 file=/data/alice/ipardoza/hadronization_production/HF_RUN3_V1/raw/MONASH/hf_MONASH_job410.root
SIGMAB_COUNTS tag=MONASH species=Sigma_b+ pdg=5222 slice=eta_ge_2 p=21 a=12 file=/data/alice/ipardoza/hadronization_production/HF_RUN3_V1/raw/MONASH/hf_MONASH_job410.root
SIGMAB_COUNTS tag=MONASH species=Sigma_b0 pdg=5212 slice=all p=35 a=26 file=/data/alice/ipardoza/hadronization_production/HF_RUN3_V1/raw/MONASH/hf_MONASH_job410.root
SIGMAB_COUNTS tag=MONASH species=Sigma_b0 pdg=5212 slice=eta_lt_1 p=4 a=3 file=/data/alice/ipardoza/hadronization_production/HF_RUN3_V1/raw/MONASH/hf_MONASH_job410.root
SIGMAB_COUNTS tag=MONASH species=Sigma_b0 pdg=5212 slice=eta_1_2 p=4 a=2 file=/data/alice/ipardoza/hadronization_production/HF_RUN3_V1/raw/MONASH/hf_MONASH_job410.root
SIGMAB_COUNTS tag=MONASH species=Sigma_b0 pdg=5212 slice=eta_ge_2 p=27 a=21 file=/data/alice/ipardoza/hadronization_production/HF_RUN3_V1/raw/MONASH/hf_MONASH_job410.root
SIGMAB_COUNTS tag=MONASH species=Sigma_b- pdg=5112 slice=all p=37 a=16 file=/data/alice/ipardoza/hadronization_production/HF_RUN3_V1/raw/MONASH/hf_MONASH_job410.root
SIGMAB_COUNTS tag=MONASH species=Sigma_b- pdg=5112 slice=eta_lt_1 p=10 a=1 file=/data/alice/ipardoza/hadronization_production/HF_RUN3_V1/raw/MONASH/hf_MONASH_job410.root
SIGMAB_COUNTS tag=MONASH species=Sigma_b- pdg=5112 slice=eta_1_2 p=6 a=7 file=/data/alice/ipardoza/hadronization_production/HF_RUN3_V1/raw/MONASH/hf_MONASH_job410.root
SIGMAB_COUNTS tag=MONASH species=Sigma_b- pdg=5112 slice=eta_ge_2 p=21 a=8 file=/data/alice/ipardoza/hadronization_production/HF_RUN3_V1/raw/MONASH/hf_MONASH_job410.root
SIGMAB_COUNTS tag=MONASH species=Sigma*_b+ pdg=5224 slice=all p=64 a=34 file=/data/alice/ipardoza/hadronization_production/HF_RUN3_V1/raw/MONASH/hf_MONASH_job410.root
SIGMAB_COUNTS tag=MONASH species=Sigma*_b+ pdg=5224 slice=eta_lt_1 p=12 a=5 file=/data/alice/ipardoza/hadronization_production/HF_RUN3_V1/raw/MONASH/hf_MONASH_job410.root
SIGMAB_COUNTS tag=MONASH species=Sigma*_b+ pdg=5224 slice=eta_1_2 p=10 a=10 file=/data/alice/ipardoza/hadronization_production/HF_RUN3_V1/raw/MONASH/hf_MONASH_job410.root
SIGMAB_COUNTS tag=MONASH species=Sigma*_b+ pdg=5224 slice=eta_ge_2 p=42 a=19 file=/data/alice/ipardoza/hadronization_production/HF_RUN3_V1/raw/MONASH/hf_MONASH_job410.root
SIGMAB_COUNTS tag=MONASH species=Sigma*_b0 pdg=5214 slice=all p=56 a=44 file=/data/alice/ipardoza/hadronization_production/HF_RUN3_V1/raw/MONASH/hf_MONASH_job410.root
SIGMAB_COUNTS tag=MONASH species=Sigma*_b0 pdg=5214 slice=eta_lt_1 p=7 a=10 file=/data/alice/ipardoza/hadronization_production/HF_RUN3_V1/raw/MONASH/hf_MONASH_job410.root
SIGMAB_COUNTS tag=MONASH species=Sigma*_b0 pdg=5214 slice=eta_1_2 p=18 a=11 file=/data/alice/ipardoza/hadronization_production/HF_RUN3_V1/raw/MONASH/hf_MONASH_job410.root
SIGMAB_COUNTS tag=MONASH species=Sigma*_b0 pdg=5214 slice=eta_ge_2 p=31 a=23 file=/data/alice/ipardoza/hadronization_production/HF_RUN3_V1/raw/MONASH/hf_MONASH_job410.root
SIGMAB_COUNTS tag=MONASH species=Sigma*_b- pdg=5114 slice=all p=31 a=49 file=/data/alice/ipardoza/hadronization_production/HF_RUN3_V1/raw/MONASH/hf_MONASH_job410.root
SIGMAB_COUNTS tag=MONASH species=Sigma*_b- pdg=5114 slice=eta_lt_1 p=1 a=11 file=/data/alice/ipardoza/hadronization_production/HF_RUN3_V1/raw/MONASH/hf_MONASH_job410.root
SIGMAB_COUNTS tag=MONASH species=Sigma*_b- pdg=5114 slice=eta_1_2 p=5 a=12 file=/data/alice/ipardoza/hadronization_production/HF_RUN3_V1/raw/MONASH/hf_MONASH_job410.root
SIGMAB_COUNTS tag=MONASH species=Sigma*_b- pdg=5114 slice=eta_ge_2 p=25 a=26 file=/data/alice/ipardoza/hadronization_production/HF_RUN3_V1/raw/MONASH/hf_MONASH_job410.root
SIGMAB_COUNTS tag=MONASH species=Lambda_b0 pdg=5122 slice=all p=307 a=314 file=/data/alice/ipardoza/hadronization_production/HF_RUN3_V1/raw/MONASH/hf_MONASH_job410.root
SIGMAB_COUNTS tag=MONASH species=Lambda_b0 pdg=5122 slice=eta_lt_1 p=46 a=60 file=/data/alice/ipardoza/hadronization_production/HF_RUN3_V1/raw/MONASH/hf_MONASH_job410.root
SIGMAB_COUNTS tag=MONASH species=Lambda_b0 pdg=5122 slice=eta_1_2 p=68 a=68 file=/data/alice/ipardoza/hadronization_production/HF_RUN3_V1/raw/MONASH/hf_MONASH_job410.root
SIGMAB_COUNTS tag=MONASH species=Lambda_b0 pdg=5122 slice=eta_ge_2 p=193 a=186 file=/data/alice/ipardoza/hadronization_production/HF_RUN3_V1/raw/MONASH/hf_MONASH_job410.root
SIGMAB_COUNTS tag=MONASH species=Xi_b0 pdg=5232 slice=all p=67 a=73 file=/data/alice/ipardoza/hadronization_production/HF_RUN3_V1/raw/MONASH/hf_MONASH_job410.root
SIGMAB_COUNTS tag=MONASH species=Xi_b0 pdg=5232 slice=eta_lt_1 p=7 a=14 file=/data/alice/ipardoza/hadronization_production/HF_RUN3_V1/raw/MONASH/hf_MONASH_job410.root
SIGMAB_COUNTS tag=MONASH species=Xi_b0 pdg=5232 slice=eta_1_2 p=16 a=18 file=/data/alice/ipardoza/hadronization_production/HF_RUN3_V1/raw/MONASH/hf_MONASH_job410.root
SIGMAB_COUNTS tag=MONASH species=Xi_b0 pdg=5232 slice=eta_ge_2 p=44 a=41 file=/data/alice/ipardoza/hadronization_production/HF_RUN3_V1/raw/MONASH/hf_MONASH_job410.root
SIGMAB_COUNTS tag=MONASH species=Xi_b- pdg=5132 slice=all p=56 a=54 file=/data/alice/ipardoza/hadronization_production/HF_RUN3_V1/raw/MONASH/hf_MONASH_job410.root
SIGMAB_COUNTS tag=MONASH species=Xi_b- pdg=5132 slice=eta_lt_1 p=16 a=13 file=/data/alice/ipardoza/hadronization_production/HF_RUN3_V1/raw/MONASH/hf_MONASH_job410.root
SIGMAB_COUNTS tag=MONASH species=Xi_b- pdg=5132 slice=eta_1_2 p=6 a=6 file=/data/alice/ipardoza/hadronization_production/HF_RUN3_V1/raw/MONASH/hf_MONASH_job410.root
SIGMAB_COUNTS tag=MONASH species=Xi_b- pdg=5132 slice=eta_ge_2 p=34 a=35 file=/data/alice/ipardoza/hadronization_production/HF_RUN3_V1/raw/MONASH/hf_MONASH_job410.root
SIGMAB_COUNTS tag=MONASH species=Sigma_b+ pdg=5222 slice=all p=41 a=11 file=/data/alice/ipardoza/hadronization_production/HF_RUN3_V1/raw/MONASH/hf_MONASH_job411.root
SIGMAB_COUNTS tag=MONASH species=Sigma_b+ pdg=5222 slice=eta_lt_1 p=2 a=3 file=/data/alice/ipardoza/hadronization_production/HF_RUN3_V1/raw/MONASH/hf_MONASH_job411.root
SIGMAB_COUNTS tag=MONASH species=Sigma_b+ pdg=5222 slice=eta_1_2 p=13 a=2 file=/data/alice/ipardoza/hadronization_production/HF_RUN3_V1/raw/MONASH/hf_MONASH_job411.root
SIGMAB_COUNTS tag=MONASH species=Sigma_b+ pdg=5222 slice=eta_ge_2 p=26 a=6 file=/data/alice/ipardoza/hadronization_production/HF_RUN3_V1/raw/MONASH/hf_MONASH_job411.root
SIGMAB_COUNTS tag=MONASH species=Sigma_b0 pdg=5212 slice=all p=33 a=26 file=/data/alice/ipardoza/hadronization_production/HF_RUN3_V1/raw/MONASH/hf_MONASH_job411.root
SIGMAB_COUNTS tag=MONASH species=Sigma_b0 pdg=5212 slice=eta_lt_1 p=7 a=8 file=/data/alice/ipardoza/hadronization_production/HF_RUN3_V1/raw/MONASH/hf_MONASH_job411.root
SIGMAB_COUNTS tag=MONASH species=Sigma_b0 pdg=5212 slice=eta_1_2 p=4 a=6 file=/data/alice/ipardoza/hadronization_production/HF_RUN3_V1/raw/MONASH/hf_MONASH_job411.root
SIGMAB_COUNTS tag=MONASH species=Sigma_b0 pdg=5212 slice=eta_ge_2 p=22 a=12 file=/data/alice/ipardoza/hadronization_production/HF_RUN3_V1/raw/MONASH/hf_MONASH_job411.root
SIGMAB_COUNTS tag=MONASH species=Sigma_b- pdg=5112 slice=all p=34 a=21 file=/data/alice/ipardoza/hadronization_production/HF_RUN3_V1/raw/MONASH/hf_MONASH_job411.root
SIGMAB_COUNTS tag=MONASH species=Sigma_b- pdg=5112 slice=eta_lt_1 p=2 a=4 file=/data/alice/ipardoza/hadronization_production/HF_RUN3_V1/raw/MONASH/hf_MONASH_job411.root
SIGMAB_COUNTS tag=MONASH species=Sigma_b- pdg=5112 slice=eta_1_2 p=8 a=5 file=/data/alice/ipardoza/hadronization_production/HF_RUN3_V1/raw/MONASH/hf_MONASH_job411.root
SIGMAB_COUNTS tag=MONASH species=Sigma_b- pdg=5112 slice=eta_ge_2 p=24 a=12 file=/data/alice/ipardoza/hadronization_production/HF_RUN3_V1/raw/MONASH/hf_MONASH_job411.root
SIGMAB_COUNTS tag=MONASH species=Sigma*_b+ pdg=5224 slice=all p=50 a=27 file=/data/alice/ipardoza/hadronization_production/HF_RUN3_V1/raw/MONASH/hf_MONASH_job411.root
SIGMAB_COUNTS tag=MONASH species=Sigma*_b+ pdg=5224 slice=eta_lt_1 p=7 a=7 file=/data/alice/ipardoza/hadronization_production/HF_RUN3_V1/raw/MONASH/hf_MONASH_job411.root
SIGMAB_COUNTS tag=MONASH species=Sigma*_b+ pdg=5224 slice=eta_1_2 p=8 a=5 file=/data/alice/ipardoza/hadronization_production/HF_RUN3_V1/raw/MONASH/hf_MONASH_job411.root
SIGMAB_COUNTS tag=MONASH species=Sigma*_b+ pdg=5224 slice=eta_ge_2 p=35 a=15 file=/data/alice/ipardoza/hadronization_production/HF_RUN3_V1/raw/MONASH/hf_MONASH_job411.root
SIGMAB_COUNTS tag=MONASH species=Sigma*_b0 pdg=5214 slice=all p=54 a=31 file=/data/alice/ipardoza/hadronization_production/HF_RUN3_V1/raw/MONASH/hf_MONASH_job411.root
SIGMAB_COUNTS tag=MONASH species=Sigma*_b0 pdg=5214 slice=eta_lt_1 p=11 a=8 file=/data/alice/ipardoza/hadronization_production/HF_RUN3_V1/raw/MONASH/hf_MONASH_job411.root
SIGMAB_COUNTS tag=MONASH species=Sigma*_b0 pdg=5214 slice=eta_1_2 p=8 a=5 file=/data/alice/ipardoza/hadronization_production/HF_RUN3_V1/raw/MONASH/hf_MONASH_job411.root
SIGMAB_COUNTS tag=MONASH species=Sigma*_b0 pdg=5214 slice=eta_ge_2 p=35 a=18 file=/data/alice/ipardoza/hadronization_production/HF_RUN3_V1/raw/MONASH/hf_MONASH_job411.root
SIGMAB_COUNTS tag=MONASH species=Sigma*_b- pdg=5114 slice=all p=49 a=41 file=/data/alice/ipardoza/hadronization_production/HF_RUN3_V1/raw/MONASH/hf_MONASH_job411.root
SIGMAB_COUNTS tag=MONASH species=Sigma*_b- pdg=5114 slice=eta_lt_1 p=7 a=4 file=/data/alice/ipardoza/hadronization_production/HF_RUN3_V1/raw/MONASH/hf_MONASH_job411.root
SIGMAB_COUNTS tag=MONASH species=Sigma*_b- pdg=5114 slice=eta_1_2 p=13 a=12 file=/data/alice/ipardoza/hadronization_production/HF_RUN3_V1/raw/MONASH/hf_MONASH_job411.root
SIGMAB_COUNTS tag=MONASH species=Sigma*_b- pdg=5114 slice=eta_ge_2 p=29 a=25 file=/data/alice/ipardoza/hadronization_production/HF_RUN3_V1/raw/MONASH/hf_MONASH_job411.root
SIGMAB_COUNTS tag=MONASH species=Lambda_b0 pdg=5122 slice=all p=353 a=323 file=/data/alice/ipardoza/hadronization_production/HF_RUN3_V1/raw/MONASH/hf_MONASH_job411.root
SIGMAB_COUNTS tag=MONASH species=Lambda_b0 pdg=5122 slice=eta_lt_1 p=67 a=61 file=/data/alice/ipardoza/hadronization_production/HF_RUN3_V1/raw/MONASH/hf_MONASH_job411.root
SIGMAB_COUNTS tag=MONASH species=Lambda_b0 pdg=5122 slice=eta_1_2 p=77 a=79 file=/data/alice/ipardoza/hadronization_production/HF_RUN3_V1/raw/MONASH/hf_MONASH_job411.root
SIGMAB_COUNTS tag=MONASH species=Lambda_b0 pdg=5122 slice=eta_ge_2 p=209 a=183 file=/data/alice/ipardoza/hadronization_production/HF_RUN3_V1/raw/MONASH/hf_MONASH_job411.root
SIGMAB_COUNTS tag=MONASH species=Xi_b0 pdg=5232 slice=all p=60 a=67 file=/data/alice/ipardoza/hadronization_production/HF_RUN3_V1/raw/MONASH/hf_MONASH_job411.root
SIGMAB_COUNTS tag=MONASH species=Xi_b0 pdg=5232 slice=eta_lt_1 p=10 a=15 file=/data/alice/ipardoza/hadronization_production/HF_RUN3_V1/raw/MONASH/hf_MONASH_job411.root
SIGMAB_COUNTS tag=MONASH species=Xi_b0 pdg=5232 slice=eta_1_2 p=11 a=16 file=/data/alice/ipardoza/hadronization_production/HF_RUN3_V1/raw/MONASH/hf_MONASH_job411.root
SIGMAB_COUNTS tag=MONASH species=Xi_b0 pdg=5232 slice=eta_ge_2 p=39 a=36 file=/data/alice/ipardoza/hadronization_production/HF_RUN3_V1/raw/MONASH/hf_MONASH_job411.root
SIGMAB_COUNTS tag=MONASH species=Xi_b- pdg=5132 slice=all p=68 a=55 file=/data/alice/ipardoza/hadronization_production/HF_RUN3_V1/raw/MONASH/hf_MONASH_job411.root
SIGMAB_COUNTS tag=MONASH species=Xi_b- pdg=5132 slice=eta_lt_1 p=15 a=9 file=/data/alice/ipardoza/hadronization_production/HF_RUN3_V1/raw/MONASH/hf_MONASH_job411.root
SIGMAB_COUNTS tag=MONASH species=Xi_b- pdg=5132 slice=eta_1_2 p=14 a=15 file=/data/alice/ipardoza/hadronization_production/HF_RUN3_V1/raw/MONASH/hf_MONASH_job411.root
SIGMAB_COUNTS tag=MONASH species=Xi_b- pdg=5132 slice=eta_ge_2 p=39 a=31 file=/data/alice/ipardoza/hadronization_production/HF_RUN3_V1/raw/MONASH/hf_MONASH_job411.root
SIGMAB_COUNTS tag=MONASH species=Sigma_b+ pdg=5222 slice=all p=21 a=13 file=/data/alice/ipardoza/hadronization_production/HF_RUN3_V1/raw/MONASH/hf_MONASH_job412.root
SIGMAB_COUNTS tag=MONASH species=Sigma_b+ pdg=5222 slice=eta_lt_1 p=4 a=1 file=/data/alice/ipardoza/hadronization_production/HF_RUN3_V1/raw/MONASH/hf_MONASH_job412.root
SIGMAB_COUNTS tag=MONASH species=Sigma_b+ pdg=5222 slice=eta_1_2 p=4 a=3 file=/data/alice/ipardoza/hadronization_production/HF_RUN3_V1/raw/MONASH/hf_MONASH_job412.root
SIGMAB_COUNTS tag=MONASH species=Sigma_b+ pdg=5222 slice=eta_ge_2 p=13 a=9 file=/data/alice/ipardoza/hadronization_production/HF_RUN3_V1/raw/MONASH/hf_MONASH_job412.root
SIGMAB_COUNTS tag=MONASH species=Sigma_b0 pdg=5212 slice=all p=27 a=28 file=/data/alice/ipardoza/hadronization_production/HF_RUN3_V1/raw/MONASH/hf_MONASH_job412.root
SIGMAB_COUNTS tag=MONASH species=Sigma_b0 pdg=5212 slice=eta_lt_1 p=3 a=3 file=/data/alice/ipardoza/hadronization_production/HF_RUN3_V1/raw/MONASH/hf_MONASH_job412.root
SIGMAB_COUNTS tag=MONASH species=Sigma_b0 pdg=5212 slice=eta_1_2 p=6 a=8 file=/data/alice/ipardoza/hadronization_production/HF_RUN3_V1/raw/MONASH/hf_MONASH_job412.root
SIGMAB_COUNTS tag=MONASH species=Sigma_b0 pdg=5212 slice=eta_ge_2 p=18 a=17 file=/data/alice/ipardoza/hadronization_production/HF_RUN3_V1/raw/MONASH/hf_MONASH_job412.root
SIGMAB_COUNTS tag=MONASH species=Sigma_b- pdg=5112 slice=all p=33 a=30 file=/data/alice/ipardoza/hadronization_production/HF_RUN3_V1/raw/MONASH/hf_MONASH_job412.root
SIGMAB_COUNTS tag=MONASH species=Sigma_b- pdg=5112 slice=eta_lt_1 p=7 a=5 file=/data/alice/ipardoza/hadronization_production/HF_RUN3_V1/raw/MONASH/hf_MONASH_job412.root
SIGMAB_COUNTS tag=MONASH species=Sigma_b- pdg=5112 slice=eta_1_2 p=4 a=6 file=/data/alice/ipardoza/hadronization_production/HF_RUN3_V1/raw/MONASH/hf_MONASH_job412.root
SIGMAB_COUNTS tag=MONASH species=Sigma_b- pdg=5112 slice=eta_ge_2 p=22 a=19 file=/data/alice/ipardoza/hadronization_production/HF_RUN3_V1/raw/MONASH/hf_MONASH_job412.root
SIGMAB_COUNTS tag=MONASH species=Sigma*_b+ pdg=5224 slice=all p=58 a=48 file=/data/alice/ipardoza/hadronization_production/HF_RUN3_V1/raw/MONASH/hf_MONASH_job412.root
SIGMAB_COUNTS tag=MONASH species=Sigma*_b+ pdg=5224 slice=eta_lt_1 p=14 a=10 file=/data/alice/ipardoza/hadronization_production/HF_RUN3_V1/raw/MONASH/hf_MONASH_job412.root
SIGMAB_COUNTS tag=MONASH species=Sigma*_b+ pdg=5224 slice=eta_1_2 p=11 a=8 file=/data/alice/ipardoza/hadronization_production/HF_RUN3_V1/raw/MONASH/hf_MONASH_job412.root
SIGMAB_COUNTS tag=MONASH species=Sigma*_b+ pdg=5224 slice=eta_ge_2 p=33 a=30 file=/data/alice/ipardoza/hadronization_production/HF_RUN3_V1/raw/MONASH/hf_MONASH_job412.root
SIGMAB_COUNTS tag=MONASH species=Sigma*_b0 pdg=5214 slice=all p=50 a=46 file=/data/alice/ipardoza/hadronization_production/HF_RUN3_V1/raw/MONASH/hf_MONASH_job412.root
SIGMAB_COUNTS tag=MONASH species=Sigma*_b0 pdg=5214 slice=eta_lt_1 p=10 a=8 file=/data/alice/ipardoza/hadronization_production/HF_RUN3_V1/raw/MONASH/hf_MONASH_job412.root
SIGMAB_COUNTS tag=MONASH species=Sigma*_b0 pdg=5214 slice=eta_1_2 p=7 a=11 file=/data/alice/ipardoza/hadronization_production/HF_RUN3_V1/raw/MONASH/hf_MONASH_job412.root
SIGMAB_COUNTS tag=MONASH species=Sigma*_b0 pdg=5214 slice=eta_ge_2 p=33 a=27 file=/data/alice/ipardoza/hadronization_production/HF_RUN3_V1/raw/MONASH/hf_MONASH_job412.root
SIGMAB_COUNTS tag=MONASH species=Sigma*_b- pdg=5114 slice=all p=48 a=42 file=/data/alice/ipardoza/hadronization_production/HF_RUN3_V1/raw/MONASH/hf_MONASH_job412.root
SIGMAB_COUNTS tag=MONASH species=Sigma*_b- pdg=5114 slice=eta_lt_1 p=13 a=11 file=/data/alice/ipardoza/hadronization_production/HF_RUN3_V1/raw/MONASH/hf_MONASH_job412.root
SIGMAB_COUNTS tag=MONASH species=Sigma*_b- pdg=5114 slice=eta_1_2 p=10 a=7 file=/data/alice/ipardoza/hadronization_production/HF_RUN3_V1/raw/MONASH/hf_MONASH_job412.root
SIGMAB_COUNTS tag=MONASH species=Sigma*_b- pdg=5114 slice=eta_ge_2 p=25 a=24 file=/data/alice/ipardoza/hadronization_production/HF_RUN3_V1/raw/MONASH/hf_MONASH_job412.root
SIGMAB_COUNTS tag=MONASH species=Lambda_b0 pdg=5122 slice=all p=319 a=292 file=/data/alice/ipardoza/hadronization_production/HF_RUN3_V1/raw/MONASH/hf_MONASH_job412.root
SIGMAB_COUNTS tag=MONASH species=Lambda_b0 pdg=5122 slice=eta_lt_1 p=61 a=50 file=/data/alice/ipardoza/hadronization_production/HF_RUN3_V1/raw/MONASH/hf_MONASH_job412.root
SIGMAB_COUNTS tag=MONASH species=Lambda_b0 pdg=5122 slice=eta_1_2 p=69 a=61 file=/data/alice/ipardoza/hadronization_production/HF_RUN3_V1/raw/MONASH/hf_MONASH_job412.root
SIGMAB_COUNTS tag=MONASH species=Lambda_b0 pdg=5122 slice=eta_ge_2 p=189 a=181 file=/data/alice/ipardoza/hadronization_production/HF_RUN3_V1/raw/MONASH/hf_MONASH_job412.root
SIGMAB_COUNTS tag=MONASH species=Xi_b0 pdg=5232 slice=all p=47 a=66 file=/data/alice/ipardoza/hadronization_production/HF_RUN3_V1/raw/MONASH/hf_MONASH_job412.root
SIGMAB_COUNTS tag=MONASH species=Xi_b0 pdg=5232 slice=eta_lt_1 p=11 a=14 file=/data/alice/ipardoza/hadronization_production/HF_RUN3_V1/raw/MONASH/hf_MONASH_job412.root
SIGMAB_COUNTS tag=MONASH species=Xi_b0 pdg=5232 slice=eta_1_2 p=13 a=16 file=/data/alice/ipardoza/hadronization_production/HF_RUN3_V1/raw/MONASH/hf_MONASH_job412.root
SIGMAB_COUNTS tag=MONASH species=Xi_b0 pdg=5232 slice=eta_ge_2 p=23 a=36 file=/data/alice/ipardoza/hadronization_production/HF_RUN3_V1/raw/MONASH/hf_MONASH_job412.root
SIGMAB_COUNTS tag=MONASH species=Xi_b- pdg=5132 slice=all p=44 a=59 file=/data/alice/ipardoza/hadronization_production/HF_RUN3_V1/raw/MONASH/hf_MONASH_job412.root
SIGMAB_COUNTS tag=MONASH species=Xi_b- pdg=5132 slice=eta_lt_1 p=8 a=11 file=/data/alice/ipardoza/hadronization_production/HF_RUN3_V1/raw/MONASH/hf_MONASH_job412.root
SIGMAB_COUNTS tag=MONASH species=Xi_b- pdg=5132 slice=eta_1_2 p=4 a=13 file=/data/alice/ipardoza/hadronization_production/HF_RUN3_V1/raw/MONASH/hf_MONASH_job412.root
SIGMAB_COUNTS tag=MONASH species=Xi_b- pdg=5132 slice=eta_ge_2 p=32 a=35 file=/data/alice/ipardoza/hadronization_production/HF_RUN3_V1/raw/MONASH/hf_MONASH_job412.root
SIGMAB_COUNTS tag=MONASH species=Sigma_b+ pdg=5222 slice=all p=27 a=20 file=/data/alice/ipardoza/hadronization_production/HF_RUN3_V1/raw/MONASH/hf_MONASH_job413.root
SIGMAB_COUNTS tag=MONASH species=Sigma_b+ pdg=5222 slice=eta_lt_1 p=5 a=6 file=/data/alice/ipardoza/hadronization_production/HF_RUN3_V1/raw/MONASH/hf_MONASH_job413.root
SIGMAB_COUNTS tag=MONASH species=Sigma_b+ pdg=5222 slice=eta_1_2 p=7 a=2 file=/data/alice/ipardoza/hadronization_production/HF_RUN3_V1/raw/MONASH/hf_MONASH_job413.root
SIGMAB_COUNTS tag=MONASH species=Sigma_b+ pdg=5222 slice=eta_ge_2 p=15 a=12 file=/data/alice/ipardoza/hadronization_production/HF_RUN3_V1/raw/MONASH/hf_MONASH_job413.root
SIGMAB_COUNTS tag=MONASH species=Sigma_b0 pdg=5212 slice=all p=24 a=27 file=/data/alice/ipardoza/hadronization_production/HF_RUN3_V1/raw/MONASH/hf_MONASH_job413.root
SIGMAB_COUNTS tag=MONASH species=Sigma_b0 pdg=5212 slice=eta_lt_1 p=6 a=3 file=/data/alice/ipardoza/hadronization_production/HF_RUN3_V1/raw/MONASH/hf_MONASH_job413.root
SIGMAB_COUNTS tag=MONASH species=Sigma_b0 pdg=5212 slice=eta_1_2 p=6 a=10 file=/data/alice/ipardoza/hadronization_production/HF_RUN3_V1/raw/MONASH/hf_MONASH_job413.root
SIGMAB_COUNTS tag=MONASH species=Sigma_b0 pdg=5212 slice=eta_ge_2 p=12 a=14 file=/data/alice/ipardoza/hadronization_production/HF_RUN3_V1/raw/MONASH/hf_MONASH_job413.root
SIGMAB_COUNTS tag=MONASH species=Sigma_b- pdg=5112 slice=all p=40 a=18 file=/data/alice/ipardoza/hadronization_production/HF_RUN3_V1/raw/MONASH/hf_MONASH_job413.root
SIGMAB_COUNTS tag=MONASH species=Sigma_b- pdg=5112 slice=eta_lt_1 p=7 a=1 file=/data/alice/ipardoza/hadronization_production/HF_RUN3_V1/raw/MONASH/hf_MONASH_job413.root
SIGMAB_COUNTS tag=MONASH species=Sigma_b- pdg=5112 slice=eta_1_2 p=10 a=3 file=/data/alice/ipardoza/hadronization_production/HF_RUN3_V1/raw/MONASH/hf_MONASH_job413.root
SIGMAB_COUNTS tag=MONASH species=Sigma_b- pdg=5112 slice=eta_ge_2 p=23 a=14 file=/data/alice/ipardoza/hadronization_production/HF_RUN3_V1/raw/MONASH/hf_MONASH_job413.root
SIGMAB_COUNTS tag=MONASH species=Sigma*_b+ pdg=5224 slice=all p=45 a=51 file=/data/alice/ipardoza/hadronization_production/HF_RUN3_V1/raw/MONASH/hf_MONASH_job413.root
SIGMAB_COUNTS tag=MONASH species=Sigma*_b+ pdg=5224 slice=eta_lt_1 p=12 a=10 file=/data/alice/ipardoza/hadronization_production/HF_RUN3_V1/raw/MONASH/hf_MONASH_job413.root
SIGMAB_COUNTS tag=MONASH species=Sigma*_b+ pdg=5224 slice=eta_1_2 p=9 a=16 file=/data/alice/ipardoza/hadronization_production/HF_RUN3_V1/raw/MONASH/hf_MONASH_job413.root
SIGMAB_COUNTS tag=MONASH species=Sigma*_b+ pdg=5224 slice=eta_ge_2 p=24 a=25 file=/data/alice/ipardoza/hadronization_production/HF_RUN3_V1/raw/MONASH/hf_MONASH_job413.root
SIGMAB_COUNTS tag=MONASH species=Sigma*_b0 pdg=5214 slice=all p=48 a=34 file=/data/alice/ipardoza/hadronization_production/HF_RUN3_V1/raw/MONASH/hf_MONASH_job413.root
SIGMAB_COUNTS tag=MONASH species=Sigma*_b0 pdg=5214 slice=eta_lt_1 p=6 a=7 file=/data/alice/ipardoza/hadronization_production/HF_RUN3_V1/raw/MONASH/hf_MONASH_job413.root
SIGMAB_COUNTS tag=MONASH species=Sigma*_b0 pdg=5214 slice=eta_1_2 p=8 a=9 file=/data/alice/ipardoza/hadronization_production/HF_RUN3_V1/raw/MONASH/hf_MONASH_job413.root
SIGMAB_COUNTS tag=MONASH species=Sigma*_b0 pdg=5214 slice=eta_ge_2 p=34 a=18 file=/data/alice/ipardoza/hadronization_production/HF_RUN3_V1/raw/MONASH/hf_MONASH_job413.root
SIGMAB_COUNTS tag=MONASH species=Sigma*_b- pdg=5114 slice=all p=50 a=26 file=/data/alice/ipardoza/hadronization_production/HF_RUN3_V1/raw/MONASH/hf_MONASH_job413.root
SIGMAB_COUNTS tag=MONASH species=Sigma*_b- pdg=5114 slice=eta_lt_1 p=6 a=4 file=/data/alice/ipardoza/hadronization_production/HF_RUN3_V1/raw/MONASH/hf_MONASH_job413.root
SIGMAB_COUNTS tag=MONASH species=Sigma*_b- pdg=5114 slice=eta_1_2 p=11 a=8 file=/data/alice/ipardoza/hadronization_production/HF_RUN3_V1/raw/MONASH/hf_MONASH_job413.root
SIGMAB_COUNTS tag=MONASH species=Sigma*_b- pdg=5114 slice=eta_ge_2 p=33 a=14 file=/data/alice/ipardoza/hadronization_production/HF_RUN3_V1/raw/MONASH/hf_MONASH_job413.root
SIGMAB_COUNTS tag=MONASH species=Lambda_b0 pdg=5122 slice=all p=318 a=368 file=/data/alice/ipardoza/hadronization_production/HF_RUN3_V1/raw/MONASH/hf_MONASH_job413.root
SIGMAB_COUNTS tag=MONASH species=Lambda_b0 pdg=5122 slice=eta_lt_1 p=66 a=77 file=/data/alice/ipardoza/hadronization_production/HF_RUN3_V1/raw/MONASH/hf_MONASH_job413.root
SIGMAB_COUNTS tag=MONASH species=Lambda_b0 pdg=5122 slice=eta_1_2 p=56 a=81 file=/data/alice/ipardoza/hadronization_production/HF_RUN3_V1/raw/MONASH/hf_MONASH_job413.root
SIGMAB_COUNTS tag=MONASH species=Lambda_b0 pdg=5122 slice=eta_ge_2 p=196 a=210 file=/data/alice/ipardoza/hadronization_production/HF_RUN3_V1/raw/MONASH/hf_MONASH_job413.root
SIGMAB_COUNTS tag=MONASH species=Xi_b0 pdg=5232 slice=all p=65 a=55 file=/data/alice/ipardoza/hadronization_production/HF_RUN3_V1/raw/MONASH/hf_MONASH_job413.root
SIGMAB_COUNTS tag=MONASH species=Xi_b0 pdg=5232 slice=eta_lt_1 p=12 a=8 file=/data/alice/ipardoza/hadronization_production/HF_RUN3_V1/raw/MONASH/hf_MONASH_job413.root
SIGMAB_COUNTS tag=MONASH species=Xi_b0 pdg=5232 slice=eta_1_2 p=16 a=11 file=/data/alice/ipardoza/hadronization_production/HF_RUN3_V1/raw/MONASH/hf_MONASH_job413.root
SIGMAB_COUNTS tag=MONASH species=Xi_b0 pdg=5232 slice=eta_ge_2 p=37 a=36 file=/data/alice/ipardoza/hadronization_production/HF_RUN3_V1/raw/MONASH/hf_MONASH_job413.root
SIGMAB_COUNTS tag=MONASH species=Xi_b- pdg=5132 slice=all p=43 a=52 file=/data/alice/ipardoza/hadronization_production/HF_RUN3_V1/raw/MONASH/hf_MONASH_job413.root
SIGMAB_COUNTS tag=MONASH species=Xi_b- pdg=5132 slice=eta_lt_1 p=5 a=10 file=/data/alice/ipardoza/hadronization_production/HF_RUN3_V1/raw/MONASH/hf_MONASH_job413.root
SIGMAB_COUNTS tag=MONASH species=Xi_b- pdg=5132 slice=eta_1_2 p=12 a=6 file=/data/alice/ipardoza/hadronization_production/HF_RUN3_V1/raw/MONASH/hf_MONASH_job413.root
SIGMAB_COUNTS tag=MONASH species=Xi_b- pdg=5132 slice=eta_ge_2 p=26 a=36 file=/data/alice/ipardoza/hadronization_production/HF_RUN3_V1/raw/MONASH/hf_MONASH_job413.root
SIGMAB_COUNTS tag=MONASH species=Sigma_b+ pdg=5222 slice=all p=42 a=17 file=/data/alice/ipardoza/hadronization_production/HF_RUN3_V1/raw/MONASH/hf_MONASH_job414.root
SIGMAB_COUNTS tag=MONASH species=Sigma_b+ pdg=5222 slice=eta_lt_1 p=6 a=3 file=/data/alice/ipardoza/hadronization_production/HF_RUN3_V1/raw/MONASH/hf_MONASH_job414.root
SIGMAB_COUNTS tag=MONASH species=Sigma_b+ pdg=5222 slice=eta_1_2 p=8 a=4 file=/data/alice/ipardoza/hadronization_production/HF_RUN3_V1/raw/MONASH/hf_MONASH_job414.root
SIGMAB_COUNTS tag=MONASH species=Sigma_b+ pdg=5222 slice=eta_ge_2 p=28 a=10 file=/data/alice/ipardoza/hadronization_production/HF_RUN3_V1/raw/MONASH/hf_MONASH_job414.root
SIGMAB_COUNTS tag=MONASH species=Sigma_b0 pdg=5212 slice=all p=49 a=13 file=/data/alice/ipardoza/hadronization_production/HF_RUN3_V1/raw/MONASH/hf_MONASH_job414.root
SIGMAB_COUNTS tag=MONASH species=Sigma_b0 pdg=5212 slice=eta_lt_1 p=8 a=1 file=/data/alice/ipardoza/hadronization_production/HF_RUN3_V1/raw/MONASH/hf_MONASH_job414.root
SIGMAB_COUNTS tag=MONASH species=Sigma_b0 pdg=5212 slice=eta_1_2 p=5 a=5 file=/data/alice/ipardoza/hadronization_production/HF_RUN3_V1/raw/MONASH/hf_MONASH_job414.root
SIGMAB_COUNTS tag=MONASH species=Sigma_b0 pdg=5212 slice=eta_ge_2 p=36 a=7 file=/data/alice/ipardoza/hadronization_production/HF_RUN3_V1/raw/MONASH/hf_MONASH_job414.root
SIGMAB_COUNTS tag=MONASH species=Sigma_b- pdg=5112 slice=all p=34 a=19 file=/data/alice/ipardoza/hadronization_production/HF_RUN3_V1/raw/MONASH/hf_MONASH_job414.root
SIGMAB_COUNTS tag=MONASH species=Sigma_b- pdg=5112 slice=eta_lt_1 p=6 a=3 file=/data/alice/ipardoza/hadronization_production/HF_RUN3_V1/raw/MONASH/hf_MONASH_job414.root
SIGMAB_COUNTS tag=MONASH species=Sigma_b- pdg=5112 slice=eta_1_2 p=7 a=5 file=/data/alice/ipardoza/hadronization_production/HF_RUN3_V1/raw/MONASH/hf_MONASH_job414.root
SIGMAB_COUNTS tag=MONASH species=Sigma_b- pdg=5112 slice=eta_ge_2 p=21 a=11 file=/data/alice/ipardoza/hadronization_production/HF_RUN3_V1/raw/MONASH/hf_MONASH_job414.root
SIGMAB_COUNTS tag=MONASH species=Sigma*_b+ pdg=5224 slice=all p=45 a=43 file=/data/alice/ipardoza/hadronization_production/HF_RUN3_V1/raw/MONASH/hf_MONASH_job414.root
SIGMAB_COUNTS tag=MONASH species=Sigma*_b+ pdg=5224 slice=eta_lt_1 p=6 a=3 file=/data/alice/ipardoza/hadronization_production/HF_RUN3_V1/raw/MONASH/hf_MONASH_job414.root
SIGMAB_COUNTS tag=MONASH species=Sigma*_b+ pdg=5224 slice=eta_1_2 p=9 a=15 file=/data/alice/ipardoza/hadronization_production/HF_RUN3_V1/raw/MONASH/hf_MONASH_job414.root
SIGMAB_COUNTS tag=MONASH species=Sigma*_b+ pdg=5224 slice=eta_ge_2 p=30 a=25 file=/data/alice/ipardoza/hadronization_production/HF_RUN3_V1/raw/MONASH/hf_MONASH_job414.root
SIGMAB_COUNTS tag=MONASH species=Sigma*_b0 pdg=5214 slice=all p=61 a=43 file=/data/alice/ipardoza/hadronization_production/HF_RUN3_V1/raw/MONASH/hf_MONASH_job414.root
SIGMAB_COUNTS tag=MONASH species=Sigma*_b0 pdg=5214 slice=eta_lt_1 p=11 a=9 file=/data/alice/ipardoza/hadronization_production/HF_RUN3_V1/raw/MONASH/hf_MONASH_job414.root
SIGMAB_COUNTS tag=MONASH species=Sigma*_b0 pdg=5214 slice=eta_1_2 p=17 a=7 file=/data/alice/ipardoza/hadronization_production/HF_RUN3_V1/raw/MONASH/hf_MONASH_job414.root
SIGMAB_COUNTS tag=MONASH species=Sigma*_b0 pdg=5214 slice=eta_ge_2 p=33 a=27 file=/data/alice/ipardoza/hadronization_production/HF_RUN3_V1/raw/MONASH/hf_MONASH_job414.root
SIGMAB_COUNTS tag=MONASH species=Sigma*_b- pdg=5114 slice=all p=47 a=45 file=/data/alice/ipardoza/hadronization_production/HF_RUN3_V1/raw/MONASH/hf_MONASH_job414.root
SIGMAB_COUNTS tag=MONASH species=Sigma*_b- pdg=5114 slice=eta_lt_1 p=9 a=6 file=/data/alice/ipardoza/hadronization_production/HF_RUN3_V1/raw/MONASH/hf_MONASH_job414.root
SIGMAB_COUNTS tag=MONASH species=Sigma*_b- pdg=5114 slice=eta_1_2 p=10 a=12 file=/data/alice/ipardoza/hadronization_production/HF_RUN3_V1/raw/MONASH/hf_MONASH_job414.root
SIGMAB_COUNTS tag=MONASH species=Sigma*_b- pdg=5114 slice=eta_ge_2 p=28 a=27 file=/data/alice/ipardoza/hadronization_production/HF_RUN3_V1/raw/MONASH/hf_MONASH_job414.root
SIGMAB_COUNTS tag=MONASH species=Lambda_b0 pdg=5122 slice=all p=298 a=304 file=/data/alice/ipardoza/hadronization_production/HF_RUN3_V1/raw/MONASH/hf_MONASH_job414.root
SIGMAB_COUNTS tag=MONASH species=Lambda_b0 pdg=5122 slice=eta_lt_1 p=46 a=50 file=/data/alice/ipardoza/hadronization_production/HF_RUN3_V1/raw/MONASH/hf_MONASH_job414.root
SIGMAB_COUNTS tag=MONASH species=Lambda_b0 pdg=5122 slice=eta_1_2 p=58 a=62 file=/data/alice/ipardoza/hadronization_production/HF_RUN3_V1/raw/MONASH/hf_MONASH_job414.root
SIGMAB_COUNTS tag=MONASH species=Lambda_b0 pdg=5122 slice=eta_ge_2 p=194 a=192 file=/data/alice/ipardoza/hadronization_production/HF_RUN3_V1/raw/MONASH/hf_MONASH_job414.root
SIGMAB_COUNTS tag=MONASH species=Xi_b0 pdg=5232 slice=all p=51 a=47 file=/data/alice/ipardoza/hadronization_production/HF_RUN3_V1/raw/MONASH/hf_MONASH_job414.root
SIGMAB_COUNTS tag=MONASH species=Xi_b0 pdg=5232 slice=eta_lt_1 p=8 a=12 file=/data/alice/ipardoza/hadronization_production/HF_RUN3_V1/raw/MONASH/hf_MONASH_job414.root
SIGMAB_COUNTS tag=MONASH species=Xi_b0 pdg=5232 slice=eta_1_2 p=8 a=11 file=/data/alice/ipardoza/hadronization_production/HF_RUN3_V1/raw/MONASH/hf_MONASH_job414.root
SIGMAB_COUNTS tag=MONASH species=Xi_b0 pdg=5232 slice=eta_ge_2 p=35 a=24 file=/data/alice/ipardoza/hadronization_production/HF_RUN3_V1/raw/MONASH/hf_MONASH_job414.root
SIGMAB_COUNTS tag=MONASH species=Xi_b- pdg=5132 slice=all p=59 a=52 file=/data/alice/ipardoza/hadronization_production/HF_RUN3_V1/raw/MONASH/hf_MONASH_job414.root
SIGMAB_COUNTS tag=MONASH species=Xi_b- pdg=5132 slice=eta_lt_1 p=15 a=14 file=/data/alice/ipardoza/hadronization_production/HF_RUN3_V1/raw/MONASH/hf_MONASH_job414.root
SIGMAB_COUNTS tag=MONASH species=Xi_b- pdg=5132 slice=eta_1_2 p=16 a=11 file=/data/alice/ipardoza/hadronization_production/HF_RUN3_V1/raw/MONASH/hf_MONASH_job414.root
SIGMAB_COUNTS tag=MONASH species=Xi_b- pdg=5132 slice=eta_ge_2 p=28 a=27 file=/data/alice/ipardoza/hadronization_production/HF_RUN3_V1/raw/MONASH/hf_MONASH_job414.root
SIGMAB_COUNTS tag=MONASH species=Sigma_b+ pdg=5222 slice=all p=31 a=16 file=/data/alice/ipardoza/hadronization_production/HF_RUN3_V1/raw/MONASH/hf_MONASH_job415.root
SIGMAB_COUNTS tag=MONASH species=Sigma_b+ pdg=5222 slice=eta_lt_1 p=6 a=0 file=/data/alice/ipardoza/hadronization_production/HF_RUN3_V1/raw/MONASH/hf_MONASH_job415.root
SIGMAB_COUNTS tag=MONASH species=Sigma_b+ pdg=5222 slice=eta_1_2 p=6 a=6 file=/data/alice/ipardoza/hadronization_production/HF_RUN3_V1/raw/MONASH/hf_MONASH_job415.root
SIGMAB_COUNTS tag=MONASH species=Sigma_b+ pdg=5222 slice=eta_ge_2 p=19 a=10 file=/data/alice/ipardoza/hadronization_production/HF_RUN3_V1/raw/MONASH/hf_MONASH_job415.root
SIGMAB_COUNTS tag=MONASH species=Sigma_b0 pdg=5212 slice=all p=37 a=20 file=/data/alice/ipardoza/hadronization_production/HF_RUN3_V1/raw/MONASH/hf_MONASH_job415.root
SIGMAB_COUNTS tag=MONASH species=Sigma_b0 pdg=5212 slice=eta_lt_1 p=4 a=7 file=/data/alice/ipardoza/hadronization_production/HF_RUN3_V1/raw/MONASH/hf_MONASH_job415.root
SIGMAB_COUNTS tag=MONASH species=Sigma_b0 pdg=5212 slice=eta_1_2 p=6 a=2 file=/data/alice/ipardoza/hadronization_production/HF_RUN3_V1/raw/MONASH/hf_MONASH_job415.root
SIGMAB_COUNTS tag=MONASH species=Sigma_b0 pdg=5212 slice=eta_ge_2 p=27 a=11 file=/data/alice/ipardoza/hadronization_production/HF_RUN3_V1/raw/MONASH/hf_MONASH_job415.root
SIGMAB_COUNTS tag=MONASH species=Sigma_b- pdg=5112 slice=all p=34 a=17 file=/data/alice/ipardoza/hadronization_production/HF_RUN3_V1/raw/MONASH/hf_MONASH_job415.root
SIGMAB_COUNTS tag=MONASH species=Sigma_b- pdg=5112 slice=eta_lt_1 p=10 a=3 file=/data/alice/ipardoza/hadronization_production/HF_RUN3_V1/raw/MONASH/hf_MONASH_job415.root
SIGMAB_COUNTS tag=MONASH species=Sigma_b- pdg=5112 slice=eta_1_2 p=5 a=3 file=/data/alice/ipardoza/hadronization_production/HF_RUN3_V1/raw/MONASH/hf_MONASH_job415.root
SIGMAB_COUNTS tag=MONASH species=Sigma_b- pdg=5112 slice=eta_ge_2 p=19 a=11 file=/data/alice/ipardoza/hadronization_production/HF_RUN3_V1/raw/MONASH/hf_MONASH_job415.root
SIGMAB_COUNTS tag=MONASH species=Sigma*_b+ pdg=5224 slice=all p=51 a=40 file=/data/alice/ipardoza/hadronization_production/HF_RUN3_V1/raw/MONASH/hf_MONASH_job415.root
SIGMAB_COUNTS tag=MONASH species=Sigma*_b+ pdg=5224 slice=eta_lt_1 p=11 a=6 file=/data/alice/ipardoza/hadronization_production/HF_RUN3_V1/raw/MONASH/hf_MONASH_job415.root
SIGMAB_COUNTS tag=MONASH species=Sigma*_b+ pdg=5224 slice=eta_1_2 p=13 a=8 file=/data/alice/ipardoza/hadronization_production/HF_RUN3_V1/raw/MONASH/hf_MONASH_job415.root
SIGMAB_COUNTS tag=MONASH species=Sigma*_b+ pdg=5224 slice=eta_ge_2 p=27 a=26 file=/data/alice/ipardoza/hadronization_production/HF_RUN3_V1/raw/MONASH/hf_MONASH_job415.root
SIGMAB_COUNTS tag=MONASH species=Sigma*_b0 pdg=5214 slice=all p=45 a=45 file=/data/alice/ipardoza/hadronization_production/HF_RUN3_V1/raw/MONASH/hf_MONASH_job415.root
SIGMAB_COUNTS tag=MONASH species=Sigma*_b0 pdg=5214 slice=eta_lt_1 p=9 a=6 file=/data/alice/ipardoza/hadronization_production/HF_RUN3_V1/raw/MONASH/hf_MONASH_job415.root
SIGMAB_COUNTS tag=MONASH species=Sigma*_b0 pdg=5214 slice=eta_1_2 p=9 a=16 file=/data/alice/ipardoza/hadronization_production/HF_RUN3_V1/raw/MONASH/hf_MONASH_job415.root
SIGMAB_COUNTS tag=MONASH species=Sigma*_b0 pdg=5214 slice=eta_ge_2 p=27 a=23 file=/data/alice/ipardoza/hadronization_production/HF_RUN3_V1/raw/MONASH/hf_MONASH_job415.root
SIGMAB_COUNTS tag=MONASH species=Sigma*_b- pdg=5114 slice=all p=50 a=45 file=/data/alice/ipardoza/hadronization_production/HF_RUN3_V1/raw/MONASH/hf_MONASH_job415.root
SIGMAB_COUNTS tag=MONASH species=Sigma*_b- pdg=5114 slice=eta_lt_1 p=7 a=13 file=/data/alice/ipardoza/hadronization_production/HF_RUN3_V1/raw/MONASH/hf_MONASH_job415.root
SIGMAB_COUNTS tag=MONASH species=Sigma*_b- pdg=5114 slice=eta_1_2 p=15 a=9 file=/data/alice/ipardoza/hadronization_production/HF_RUN3_V1/raw/MONASH/hf_MONASH_job415.root
SIGMAB_COUNTS tag=MONASH species=Sigma*_b- pdg=5114 slice=eta_ge_2 p=28 a=23 file=/data/alice/ipardoza/hadronization_production/HF_RUN3_V1/raw/MONASH/hf_MONASH_job415.root
SIGMAB_COUNTS tag=MONASH species=Lambda_b0 pdg=5122 slice=all p=317 a=291 file=/data/alice/ipardoza/hadronization_production/HF_RUN3_V1/raw/MONASH/hf_MONASH_job415.root
SIGMAB_COUNTS tag=MONASH species=Lambda_b0 pdg=5122 slice=eta_lt_1 p=62 a=60 file=/data/alice/ipardoza/hadronization_production/HF_RUN3_V1/raw/MONASH/hf_MONASH_job415.root
SIGMAB_COUNTS tag=MONASH species=Lambda_b0 pdg=5122 slice=eta_1_2 p=66 a=70 file=/data/alice/ipardoza/hadronization_production/HF_RUN3_V1/raw/MONASH/hf_MONASH_job415.root
SIGMAB_COUNTS tag=MONASH species=Lambda_b0 pdg=5122 slice=eta_ge_2 p=189 a=161 file=/data/alice/ipardoza/hadronization_production/HF_RUN3_V1/raw/MONASH/hf_MONASH_job415.root
SIGMAB_COUNTS tag=MONASH species=Xi_b0 pdg=5232 slice=all p=60 a=57 file=/data/alice/ipardoza/hadronization_production/HF_RUN3_V1/raw/MONASH/hf_MONASH_job415.root
SIGMAB_COUNTS tag=MONASH species=Xi_b0 pdg=5232 slice=eta_lt_1 p=11 a=8 file=/data/alice/ipardoza/hadronization_production/HF_RUN3_V1/raw/MONASH/hf_MONASH_job415.root
SIGMAB_COUNTS tag=MONASH species=Xi_b0 pdg=5232 slice=eta_1_2 p=11 a=16 file=/data/alice/ipardoza/hadronization_production/HF_RUN3_V1/raw/MONASH/hf_MONASH_job415.root
SIGMAB_COUNTS tag=MONASH species=Xi_b0 pdg=5232 slice=eta_ge_2 p=38 a=33 file=/data/alice/ipardoza/hadronization_production/HF_RUN3_V1/raw/MONASH/hf_MONASH_job415.root
SIGMAB_COUNTS tag=MONASH species=Xi_b- pdg=5132 slice=all p=49 a=46 file=/data/alice/ipardoza/hadronization_production/HF_RUN3_V1/raw/MONASH/hf_MONASH_job415.root
SIGMAB_COUNTS tag=MONASH species=Xi_b- pdg=5132 slice=eta_lt_1 p=11 a=10 file=/data/alice/ipardoza/hadronization_production/HF_RUN3_V1/raw/MONASH/hf_MONASH_job415.root
SIGMAB_COUNTS tag=MONASH species=Xi_b- pdg=5132 slice=eta_1_2 p=10 a=6 file=/data/alice/ipardoza/hadronization_production/HF_RUN3_V1/raw/MONASH/hf_MONASH_job415.root
SIGMAB_COUNTS tag=MONASH species=Xi_b- pdg=5132 slice=eta_ge_2 p=28 a=30 file=/data/alice/ipardoza/hadronization_production/HF_RUN3_V1/raw/MONASH/hf_MONASH_job415.root
SIGMAB_COUNTS tag=MONASH species=Sigma_b+ pdg=5222 slice=all p=33 a=21 file=/data/alice/ipardoza/hadronization_production/HF_RUN3_V1/raw/MONASH/hf_MONASH_job416.root
SIGMAB_COUNTS tag=MONASH species=Sigma_b+ pdg=5222 slice=eta_lt_1 p=7 a=6 file=/data/alice/ipardoza/hadronization_production/HF_RUN3_V1/raw/MONASH/hf_MONASH_job416.root
SIGMAB_COUNTS tag=MONASH species=Sigma_b+ pdg=5222 slice=eta_1_2 p=8 a=4 file=/data/alice/ipardoza/hadronization_production/HF_RUN3_V1/raw/MONASH/hf_MONASH_job416.root
SIGMAB_COUNTS tag=MONASH species=Sigma_b+ pdg=5222 slice=eta_ge_2 p=18 a=11 file=/data/alice/ipardoza/hadronization_production/HF_RUN3_V1/raw/MONASH/hf_MONASH_job416.root
SIGMAB_COUNTS tag=MONASH species=Sigma_b0 pdg=5212 slice=all p=35 a=22 file=/data/alice/ipardoza/hadronization_production/HF_RUN3_V1/raw/MONASH/hf_MONASH_job416.root
SIGMAB_COUNTS tag=MONASH species=Sigma_b0 pdg=5212 slice=eta_lt_1 p=6 a=6 file=/data/alice/ipardoza/hadronization_production/HF_RUN3_V1/raw/MONASH/hf_MONASH_job416.root
SIGMAB_COUNTS tag=MONASH species=Sigma_b0 pdg=5212 slice=eta_1_2 p=6 a=5 file=/data/alice/ipardoza/hadronization_production/HF_RUN3_V1/raw/MONASH/hf_MONASH_job416.root
SIGMAB_COUNTS tag=MONASH species=Sigma_b0 pdg=5212 slice=eta_ge_2 p=23 a=11 file=/data/alice/ipardoza/hadronization_production/HF_RUN3_V1/raw/MONASH/hf_MONASH_job416.root
SIGMAB_COUNTS tag=MONASH species=Sigma_b- pdg=5112 slice=all p=43 a=23 file=/data/alice/ipardoza/hadronization_production/HF_RUN3_V1/raw/MONASH/hf_MONASH_job416.root
SIGMAB_COUNTS tag=MONASH species=Sigma_b- pdg=5112 slice=eta_lt_1 p=4 a=1 file=/data/alice/ipardoza/hadronization_production/HF_RUN3_V1/raw/MONASH/hf_MONASH_job416.root
SIGMAB_COUNTS tag=MONASH species=Sigma_b- pdg=5112 slice=eta_1_2 p=11 a=8 file=/data/alice/ipardoza/hadronization_production/HF_RUN3_V1/raw/MONASH/hf_MONASH_job416.root
SIGMAB_COUNTS tag=MONASH species=Sigma_b- pdg=5112 slice=eta_ge_2 p=28 a=14 file=/data/alice/ipardoza/hadronization_production/HF_RUN3_V1/raw/MONASH/hf_MONASH_job416.root
SIGMAB_COUNTS tag=MONASH species=Sigma*_b+ pdg=5224 slice=all p=37 a=41 file=/data/alice/ipardoza/hadronization_production/HF_RUN3_V1/raw/MONASH/hf_MONASH_job416.root
SIGMAB_COUNTS tag=MONASH species=Sigma*_b+ pdg=5224 slice=eta_lt_1 p=8 a=5 file=/data/alice/ipardoza/hadronization_production/HF_RUN3_V1/raw/MONASH/hf_MONASH_job416.root
SIGMAB_COUNTS tag=MONASH species=Sigma*_b+ pdg=5224 slice=eta_1_2 p=8 a=8 file=/data/alice/ipardoza/hadronization_production/HF_RUN3_V1/raw/MONASH/hf_MONASH_job416.root
SIGMAB_COUNTS tag=MONASH species=Sigma*_b+ pdg=5224 slice=eta_ge_2 p=21 a=28 file=/data/alice/ipardoza/hadronization_production/HF_RUN3_V1/raw/MONASH/hf_MONASH_job416.root
SIGMAB_COUNTS tag=MONASH species=Sigma*_b0 pdg=5214 slice=all p=58 a=46 file=/data/alice/ipardoza/hadronization_production/HF_RUN3_V1/raw/MONASH/hf_MONASH_job416.root
SIGMAB_COUNTS tag=MONASH species=Sigma*_b0 pdg=5214 slice=eta_lt_1 p=10 a=12 file=/data/alice/ipardoza/hadronization_production/HF_RUN3_V1/raw/MONASH/hf_MONASH_job416.root
SIGMAB_COUNTS tag=MONASH species=Sigma*_b0 pdg=5214 slice=eta_1_2 p=11 a=8 file=/data/alice/ipardoza/hadronization_production/HF_RUN3_V1/raw/MONASH/hf_MONASH_job416.root
SIGMAB_COUNTS tag=MONASH species=Sigma*_b0 pdg=5214 slice=eta_ge_2 p=37 a=26 file=/data/alice/ipardoza/hadronization_production/HF_RUN3_V1/raw/MONASH/hf_MONASH_job416.root
SIGMAB_COUNTS tag=MONASH species=Sigma*_b- pdg=5114 slice=all p=51 a=48 file=/data/alice/ipardoza/hadronization_production/HF_RUN3_V1/raw/MONASH/hf_MONASH_job416.root
SIGMAB_COUNTS tag=MONASH species=Sigma*_b- pdg=5114 slice=eta_lt_1 p=9 a=4 file=/data/alice/ipardoza/hadronization_production/HF_RUN3_V1/raw/MONASH/hf_MONASH_job416.root
SIGMAB_COUNTS tag=MONASH species=Sigma*_b- pdg=5114 slice=eta_1_2 p=9 a=11 file=/data/alice/ipardoza/hadronization_production/HF_RUN3_V1/raw/MONASH/hf_MONASH_job416.root
SIGMAB_COUNTS tag=MONASH species=Sigma*_b- pdg=5114 slice=eta_ge_2 p=33 a=33 file=/data/alice/ipardoza/hadronization_production/HF_RUN3_V1/raw/MONASH/hf_MONASH_job416.root
SIGMAB_COUNTS tag=MONASH species=Lambda_b0 pdg=5122 slice=all p=321 a=307 file=/data/alice/ipardoza/hadronization_production/HF_RUN3_V1/raw/MONASH/hf_MONASH_job416.root
SIGMAB_COUNTS tag=MONASH species=Lambda_b0 pdg=5122 slice=eta_lt_1 p=60 a=52 file=/data/alice/ipardoza/hadronization_production/HF_RUN3_V1/raw/MONASH/hf_MONASH_job416.root
SIGMAB_COUNTS tag=MONASH species=Lambda_b0 pdg=5122 slice=eta_1_2 p=72 a=81 file=/data/alice/ipardoza/hadronization_production/HF_RUN3_V1/raw/MONASH/hf_MONASH_job416.root
SIGMAB_COUNTS tag=MONASH species=Lambda_b0 pdg=5122 slice=eta_ge_2 p=189 a=174 file=/data/alice/ipardoza/hadronization_production/HF_RUN3_V1/raw/MONASH/hf_MONASH_job416.root
SIGMAB_COUNTS tag=MONASH species=Xi_b0 pdg=5232 slice=all p=55 a=44 file=/data/alice/ipardoza/hadronization_production/HF_RUN3_V1/raw/MONASH/hf_MONASH_job416.root
SIGMAB_COUNTS tag=MONASH species=Xi_b0 pdg=5232 slice=eta_lt_1 p=12 a=8 file=/data/alice/ipardoza/hadronization_production/HF_RUN3_V1/raw/MONASH/hf_MONASH_job416.root
SIGMAB_COUNTS tag=MONASH species=Xi_b0 pdg=5232 slice=eta_1_2 p=13 a=9 file=/data/alice/ipardoza/hadronization_production/HF_RUN3_V1/raw/MONASH/hf_MONASH_job416.root
SIGMAB_COUNTS tag=MONASH species=Xi_b0 pdg=5232 slice=eta_ge_2 p=30 a=27 file=/data/alice/ipardoza/hadronization_production/HF_RUN3_V1/raw/MONASH/hf_MONASH_job416.root
SIGMAB_COUNTS tag=MONASH species=Xi_b- pdg=5132 slice=all p=60 a=57 file=/data/alice/ipardoza/hadronization_production/HF_RUN3_V1/raw/MONASH/hf_MONASH_job416.root
SIGMAB_COUNTS tag=MONASH species=Xi_b- pdg=5132 slice=eta_lt_1 p=6 a=12 file=/data/alice/ipardoza/hadronization_production/HF_RUN3_V1/raw/MONASH/hf_MONASH_job416.root
SIGMAB_COUNTS tag=MONASH species=Xi_b- pdg=5132 slice=eta_1_2 p=13 a=14 file=/data/alice/ipardoza/hadronization_production/HF_RUN3_V1/raw/MONASH/hf_MONASH_job416.root
SIGMAB_COUNTS tag=MONASH species=Xi_b- pdg=5132 slice=eta_ge_2 p=41 a=31 file=/data/alice/ipardoza/hadronization_production/HF_RUN3_V1/raw/MONASH/hf_MONASH_job416.root
SIGMAB_COUNTS tag=MONASH species=Sigma_b+ pdg=5222 slice=all p=38 a=25 file=/data/alice/ipardoza/hadronization_production/HF_RUN3_V1/raw/MONASH/hf_MONASH_job417.root
SIGMAB_COUNTS tag=MONASH species=Sigma_b+ pdg=5222 slice=eta_lt_1 p=10 a=3 file=/data/alice/ipardoza/hadronization_production/HF_RUN3_V1/raw/MONASH/hf_MONASH_job417.root
SIGMAB_COUNTS tag=MONASH species=Sigma_b+ pdg=5222 slice=eta_1_2 p=6 a=4 file=/data/alice/ipardoza/hadronization_production/HF_RUN3_V1/raw/MONASH/hf_MONASH_job417.root
SIGMAB_COUNTS tag=MONASH species=Sigma_b+ pdg=5222 slice=eta_ge_2 p=22 a=18 file=/data/alice/ipardoza/hadronization_production/HF_RUN3_V1/raw/MONASH/hf_MONASH_job417.root
SIGMAB_COUNTS tag=MONASH species=Sigma_b0 pdg=5212 slice=all p=29 a=14 file=/data/alice/ipardoza/hadronization_production/HF_RUN3_V1/raw/MONASH/hf_MONASH_job417.root
SIGMAB_COUNTS tag=MONASH species=Sigma_b0 pdg=5212 slice=eta_lt_1 p=1 a=5 file=/data/alice/ipardoza/hadronization_production/HF_RUN3_V1/raw/MONASH/hf_MONASH_job417.root
SIGMAB_COUNTS tag=MONASH species=Sigma_b0 pdg=5212 slice=eta_1_2 p=10 a=3 file=/data/alice/ipardoza/hadronization_production/HF_RUN3_V1/raw/MONASH/hf_MONASH_job417.root
SIGMAB_COUNTS tag=MONASH species=Sigma_b0 pdg=5212 slice=eta_ge_2 p=18 a=6 file=/data/alice/ipardoza/hadronization_production/HF_RUN3_V1/raw/MONASH/hf_MONASH_job417.root
SIGMAB_COUNTS tag=MONASH species=Sigma_b- pdg=5112 slice=all p=30 a=20 file=/data/alice/ipardoza/hadronization_production/HF_RUN3_V1/raw/MONASH/hf_MONASH_job417.root
SIGMAB_COUNTS tag=MONASH species=Sigma_b- pdg=5112 slice=eta_lt_1 p=8 a=6 file=/data/alice/ipardoza/hadronization_production/HF_RUN3_V1/raw/MONASH/hf_MONASH_job417.root
SIGMAB_COUNTS tag=MONASH species=Sigma_b- pdg=5112 slice=eta_1_2 p=4 a=3 file=/data/alice/ipardoza/hadronization_production/HF_RUN3_V1/raw/MONASH/hf_MONASH_job417.root
SIGMAB_COUNTS tag=MONASH species=Sigma_b- pdg=5112 slice=eta_ge_2 p=18 a=11 file=/data/alice/ipardoza/hadronization_production/HF_RUN3_V1/raw/MONASH/hf_MONASH_job417.root
SIGMAB_COUNTS tag=MONASH species=Sigma*_b+ pdg=5224 slice=all p=47 a=37 file=/data/alice/ipardoza/hadronization_production/HF_RUN3_V1/raw/MONASH/hf_MONASH_job417.root
SIGMAB_COUNTS tag=MONASH species=Sigma*_b+ pdg=5224 slice=eta_lt_1 p=7 a=3 file=/data/alice/ipardoza/hadronization_production/HF_RUN3_V1/raw/MONASH/hf_MONASH_job417.root
SIGMAB_COUNTS tag=MONASH species=Sigma*_b+ pdg=5224 slice=eta_1_2 p=5 a=9 file=/data/alice/ipardoza/hadronization_production/HF_RUN3_V1/raw/MONASH/hf_MONASH_job417.root
SIGMAB_COUNTS tag=MONASH species=Sigma*_b+ pdg=5224 slice=eta_ge_2 p=35 a=25 file=/data/alice/ipardoza/hadronization_production/HF_RUN3_V1/raw/MONASH/hf_MONASH_job417.root
SIGMAB_COUNTS tag=MONASH species=Sigma*_b0 pdg=5214 slice=all p=52 a=45 file=/data/alice/ipardoza/hadronization_production/HF_RUN3_V1/raw/MONASH/hf_MONASH_job417.root
SIGMAB_COUNTS tag=MONASH species=Sigma*_b0 pdg=5214 slice=eta_lt_1 p=7 a=9 file=/data/alice/ipardoza/hadronization_production/HF_RUN3_V1/raw/MONASH/hf_MONASH_job417.root
SIGMAB_COUNTS tag=MONASH species=Sigma*_b0 pdg=5214 slice=eta_1_2 p=6 a=10 file=/data/alice/ipardoza/hadronization_production/HF_RUN3_V1/raw/MONASH/hf_MONASH_job417.root
SIGMAB_COUNTS tag=MONASH species=Sigma*_b0 pdg=5214 slice=eta_ge_2 p=39 a=26 file=/data/alice/ipardoza/hadronization_production/HF_RUN3_V1/raw/MONASH/hf_MONASH_job417.root
SIGMAB_COUNTS tag=MONASH species=Sigma*_b- pdg=5114 slice=all p=47 a=41 file=/data/alice/ipardoza/hadronization_production/HF_RUN3_V1/raw/MONASH/hf_MONASH_job417.root
SIGMAB_COUNTS tag=MONASH species=Sigma*_b- pdg=5114 slice=eta_lt_1 p=9 a=11 file=/data/alice/ipardoza/hadronization_production/HF_RUN3_V1/raw/MONASH/hf_MONASH_job417.root
SIGMAB_COUNTS tag=MONASH species=Sigma*_b- pdg=5114 slice=eta_1_2 p=7 a=6 file=/data/alice/ipardoza/hadronization_production/HF_RUN3_V1/raw/MONASH/hf_MONASH_job417.root
SIGMAB_COUNTS tag=MONASH species=Sigma*_b- pdg=5114 slice=eta_ge_2 p=31 a=24 file=/data/alice/ipardoza/hadronization_production/HF_RUN3_V1/raw/MONASH/hf_MONASH_job417.root
SIGMAB_COUNTS tag=MONASH species=Lambda_b0 pdg=5122 slice=all p=322 a=285 file=/data/alice/ipardoza/hadronization_production/HF_RUN3_V1/raw/MONASH/hf_MONASH_job417.root
SIGMAB_COUNTS tag=MONASH species=Lambda_b0 pdg=5122 slice=eta_lt_1 p=50 a=55 file=/data/alice/ipardoza/hadronization_production/HF_RUN3_V1/raw/MONASH/hf_MONASH_job417.root
SIGMAB_COUNTS tag=MONASH species=Lambda_b0 pdg=5122 slice=eta_1_2 p=74 a=69 file=/data/alice/ipardoza/hadronization_production/HF_RUN3_V1/raw/MONASH/hf_MONASH_job417.root
SIGMAB_COUNTS tag=MONASH species=Lambda_b0 pdg=5122 slice=eta_ge_2 p=198 a=161 file=/data/alice/ipardoza/hadronization_production/HF_RUN3_V1/raw/MONASH/hf_MONASH_job417.root
SIGMAB_COUNTS tag=MONASH species=Xi_b0 pdg=5232 slice=all p=43 a=53 file=/data/alice/ipardoza/hadronization_production/HF_RUN3_V1/raw/MONASH/hf_MONASH_job417.root
SIGMAB_COUNTS tag=MONASH species=Xi_b0 pdg=5232 slice=eta_lt_1 p=5 a=8 file=/data/alice/ipardoza/hadronization_production/HF_RUN3_V1/raw/MONASH/hf_MONASH_job417.root
SIGMAB_COUNTS tag=MONASH species=Xi_b0 pdg=5232 slice=eta_1_2 p=7 a=13 file=/data/alice/ipardoza/hadronization_production/HF_RUN3_V1/raw/MONASH/hf_MONASH_job417.root
SIGMAB_COUNTS tag=MONASH species=Xi_b0 pdg=5232 slice=eta_ge_2 p=31 a=32 file=/data/alice/ipardoza/hadronization_production/HF_RUN3_V1/raw/MONASH/hf_MONASH_job417.root
SIGMAB_COUNTS tag=MONASH species=Xi_b- pdg=5132 slice=all p=50 a=51 file=/data/alice/ipardoza/hadronization_production/HF_RUN3_V1/raw/MONASH/hf_MONASH_job417.root
SIGMAB_COUNTS tag=MONASH species=Xi_b- pdg=5132 slice=eta_lt_1 p=9 a=9 file=/data/alice/ipardoza/hadronization_production/HF_RUN3_V1/raw/MONASH/hf_MONASH_job417.root
SIGMAB_COUNTS tag=MONASH species=Xi_b- pdg=5132 slice=eta_1_2 p=14 a=8 file=/data/alice/ipardoza/hadronization_production/HF_RUN3_V1/raw/MONASH/hf_MONASH_job417.root
SIGMAB_COUNTS tag=MONASH species=Xi_b- pdg=5132 slice=eta_ge_2 p=27 a=34 file=/data/alice/ipardoza/hadronization_production/HF_RUN3_V1/raw/MONASH/hf_MONASH_job417.root
SIGMAB_COUNTS tag=MONASH species=Sigma_b+ pdg=5222 slice=all p=45 a=27 file=/data/alice/ipardoza/hadronization_production/HF_RUN3_V1/raw/MONASH/hf_MONASH_job418.root
SIGMAB_COUNTS tag=MONASH species=Sigma_b+ pdg=5222 slice=eta_lt_1 p=6 a=3 file=/data/alice/ipardoza/hadronization_production/HF_RUN3_V1/raw/MONASH/hf_MONASH_job418.root
SIGMAB_COUNTS tag=MONASH species=Sigma_b+ pdg=5222 slice=eta_1_2 p=6 a=9 file=/data/alice/ipardoza/hadronization_production/HF_RUN3_V1/raw/MONASH/hf_MONASH_job418.root
SIGMAB_COUNTS tag=MONASH species=Sigma_b+ pdg=5222 slice=eta_ge_2 p=33 a=15 file=/data/alice/ipardoza/hadronization_production/HF_RUN3_V1/raw/MONASH/hf_MONASH_job418.root
SIGMAB_COUNTS tag=MONASH species=Sigma_b0 pdg=5212 slice=all p=33 a=31 file=/data/alice/ipardoza/hadronization_production/HF_RUN3_V1/raw/MONASH/hf_MONASH_job418.root
SIGMAB_COUNTS tag=MONASH species=Sigma_b0 pdg=5212 slice=eta_lt_1 p=9 a=4 file=/data/alice/ipardoza/hadronization_production/HF_RUN3_V1/raw/MONASH/hf_MONASH_job418.root
SIGMAB_COUNTS tag=MONASH species=Sigma_b0 pdg=5212 slice=eta_1_2 p=4 a=8 file=/data/alice/ipardoza/hadronization_production/HF_RUN3_V1/raw/MONASH/hf_MONASH_job418.root
SIGMAB_COUNTS tag=MONASH species=Sigma_b0 pdg=5212 slice=eta_ge_2 p=20 a=19 file=/data/alice/ipardoza/hadronization_production/HF_RUN3_V1/raw/MONASH/hf_MONASH_job418.root
SIGMAB_COUNTS tag=MONASH species=Sigma_b- pdg=5112 slice=all p=27 a=18 file=/data/alice/ipardoza/hadronization_production/HF_RUN3_V1/raw/MONASH/hf_MONASH_job418.root
SIGMAB_COUNTS tag=MONASH species=Sigma_b- pdg=5112 slice=eta_lt_1 p=4 a=2 file=/data/alice/ipardoza/hadronization_production/HF_RUN3_V1/raw/MONASH/hf_MONASH_job418.root
SIGMAB_COUNTS tag=MONASH species=Sigma_b- pdg=5112 slice=eta_1_2 p=5 a=5 file=/data/alice/ipardoza/hadronization_production/HF_RUN3_V1/raw/MONASH/hf_MONASH_job418.root
SIGMAB_COUNTS tag=MONASH species=Sigma_b- pdg=5112 slice=eta_ge_2 p=18 a=11 file=/data/alice/ipardoza/hadronization_production/HF_RUN3_V1/raw/MONASH/hf_MONASH_job418.root
SIGMAB_COUNTS tag=MONASH species=Sigma*_b+ pdg=5224 slice=all p=53 a=29 file=/data/alice/ipardoza/hadronization_production/HF_RUN3_V1/raw/MONASH/hf_MONASH_job418.root
SIGMAB_COUNTS tag=MONASH species=Sigma*_b+ pdg=5224 slice=eta_lt_1 p=15 a=6 file=/data/alice/ipardoza/hadronization_production/HF_RUN3_V1/raw/MONASH/hf_MONASH_job418.root
SIGMAB_COUNTS tag=MONASH species=Sigma*_b+ pdg=5224 slice=eta_1_2 p=7 a=7 file=/data/alice/ipardoza/hadronization_production/HF_RUN3_V1/raw/MONASH/hf_MONASH_job418.root
SIGMAB_COUNTS tag=MONASH species=Sigma*_b+ pdg=5224 slice=eta_ge_2 p=31 a=16 file=/data/alice/ipardoza/hadronization_production/HF_RUN3_V1/raw/MONASH/hf_MONASH_job418.root
SIGMAB_COUNTS tag=MONASH species=Sigma*_b0 pdg=5214 slice=all p=58 a=38 file=/data/alice/ipardoza/hadronization_production/HF_RUN3_V1/raw/MONASH/hf_MONASH_job418.root
SIGMAB_COUNTS tag=MONASH species=Sigma*_b0 pdg=5214 slice=eta_lt_1 p=7 a=10 file=/data/alice/ipardoza/hadronization_production/HF_RUN3_V1/raw/MONASH/hf_MONASH_job418.root
SIGMAB_COUNTS tag=MONASH species=Sigma*_b0 pdg=5214 slice=eta_1_2 p=9 a=5 file=/data/alice/ipardoza/hadronization_production/HF_RUN3_V1/raw/MONASH/hf_MONASH_job418.root
SIGMAB_COUNTS tag=MONASH species=Sigma*_b0 pdg=5214 slice=eta_ge_2 p=42 a=23 file=/data/alice/ipardoza/hadronization_production/HF_RUN3_V1/raw/MONASH/hf_MONASH_job418.root
SIGMAB_COUNTS tag=MONASH species=Sigma*_b- pdg=5114 slice=all p=50 a=47 file=/data/alice/ipardoza/hadronization_production/HF_RUN3_V1/raw/MONASH/hf_MONASH_job418.root
SIGMAB_COUNTS tag=MONASH species=Sigma*_b- pdg=5114 slice=eta_lt_1 p=11 a=10 file=/data/alice/ipardoza/hadronization_production/HF_RUN3_V1/raw/MONASH/hf_MONASH_job418.root
SIGMAB_COUNTS tag=MONASH species=Sigma*_b- pdg=5114 slice=eta_1_2 p=16 a=12 file=/data/alice/ipardoza/hadronization_production/HF_RUN3_V1/raw/MONASH/hf_MONASH_job418.root
SIGMAB_COUNTS tag=MONASH species=Sigma*_b- pdg=5114 slice=eta_ge_2 p=23 a=25 file=/data/alice/ipardoza/hadronization_production/HF_RUN3_V1/raw/MONASH/hf_MONASH_job418.root
SIGMAB_COUNTS tag=MONASH species=Lambda_b0 pdg=5122 slice=all p=318 a=304 file=/data/alice/ipardoza/hadronization_production/HF_RUN3_V1/raw/MONASH/hf_MONASH_job418.root
SIGMAB_COUNTS tag=MONASH species=Lambda_b0 pdg=5122 slice=eta_lt_1 p=62 a=48 file=/data/alice/ipardoza/hadronization_production/HF_RUN3_V1/raw/MONASH/hf_MONASH_job418.root
SIGMAB_COUNTS tag=MONASH species=Lambda_b0 pdg=5122 slice=eta_1_2 p=66 a=71 file=/data/alice/ipardoza/hadronization_production/HF_RUN3_V1/raw/MONASH/hf_MONASH_job418.root
SIGMAB_COUNTS tag=MONASH species=Lambda_b0 pdg=5122 slice=eta_ge_2 p=190 a=185 file=/data/alice/ipardoza/hadronization_production/HF_RUN3_V1/raw/MONASH/hf_MONASH_job418.root
SIGMAB_COUNTS tag=MONASH species=Xi_b0 pdg=5232 slice=all p=48 a=55 file=/data/alice/ipardoza/hadronization_production/HF_RUN3_V1/raw/MONASH/hf_MONASH_job418.root
SIGMAB_COUNTS tag=MONASH species=Xi_b0 pdg=5232 slice=eta_lt_1 p=9 a=10 file=/data/alice/ipardoza/hadronization_production/HF_RUN3_V1/raw/MONASH/hf_MONASH_job418.root
SIGMAB_COUNTS tag=MONASH species=Xi_b0 pdg=5232 slice=eta_1_2 p=7 a=12 file=/data/alice/ipardoza/hadronization_production/HF_RUN3_V1/raw/MONASH/hf_MONASH_job418.root
SIGMAB_COUNTS tag=MONASH species=Xi_b0 pdg=5232 slice=eta_ge_2 p=32 a=33 file=/data/alice/ipardoza/hadronization_production/HF_RUN3_V1/raw/MONASH/hf_MONASH_job418.root
SIGMAB_COUNTS tag=MONASH species=Xi_b- pdg=5132 slice=all p=49 a=41 file=/data/alice/ipardoza/hadronization_production/HF_RUN3_V1/raw/MONASH/hf_MONASH_job418.root
SIGMAB_COUNTS tag=MONASH species=Xi_b- pdg=5132 slice=eta_lt_1 p=11 a=10 file=/data/alice/ipardoza/hadronization_production/HF_RUN3_V1/raw/MONASH/hf_MONASH_job418.root
SIGMAB_COUNTS tag=MONASH species=Xi_b- pdg=5132 slice=eta_1_2 p=10 a=9 file=/data/alice/ipardoza/hadronization_production/HF_RUN3_V1/raw/MONASH/hf_MONASH_job418.root
SIGMAB_COUNTS tag=MONASH species=Xi_b- pdg=5132 slice=eta_ge_2 p=28 a=22 file=/data/alice/ipardoza/hadronization_production/HF_RUN3_V1/raw/MONASH/hf_MONASH_job418.root
SIGMAB_COUNTS tag=MONASH species=Sigma_b+ pdg=5222 slice=all p=38 a=21 file=/data/alice/ipardoza/hadronization_production/HF_RUN3_V1/raw/MONASH/hf_MONASH_job419.root
SIGMAB_COUNTS tag=MONASH species=Sigma_b+ pdg=5222 slice=eta_lt_1 p=7 a=5 file=/data/alice/ipardoza/hadronization_production/HF_RUN3_V1/raw/MONASH/hf_MONASH_job419.root
SIGMAB_COUNTS tag=MONASH species=Sigma_b+ pdg=5222 slice=eta_1_2 p=11 a=3 file=/data/alice/ipardoza/hadronization_production/HF_RUN3_V1/raw/MONASH/hf_MONASH_job419.root
SIGMAB_COUNTS tag=MONASH species=Sigma_b+ pdg=5222 slice=eta_ge_2 p=20 a=13 file=/data/alice/ipardoza/hadronization_production/HF_RUN3_V1/raw/MONASH/hf_MONASH_job419.root
SIGMAB_COUNTS tag=MONASH species=Sigma_b0 pdg=5212 slice=all p=35 a=19 file=/data/alice/ipardoza/hadronization_production/HF_RUN3_V1/raw/MONASH/hf_MONASH_job419.root
SIGMAB_COUNTS tag=MONASH species=Sigma_b0 pdg=5212 slice=eta_lt_1 p=7 a=2 file=/data/alice/ipardoza/hadronization_production/HF_RUN3_V1/raw/MONASH/hf_MONASH_job419.root
SIGMAB_COUNTS tag=MONASH species=Sigma_b0 pdg=5212 slice=eta_1_2 p=7 a=5 file=/data/alice/ipardoza/hadronization_production/HF_RUN3_V1/raw/MONASH/hf_MONASH_job419.root
SIGMAB_COUNTS tag=MONASH species=Sigma_b0 pdg=5212 slice=eta_ge_2 p=21 a=12 file=/data/alice/ipardoza/hadronization_production/HF_RUN3_V1/raw/MONASH/hf_MONASH_job419.root
SIGMAB_COUNTS tag=MONASH species=Sigma_b- pdg=5112 slice=all p=32 a=22 file=/data/alice/ipardoza/hadronization_production/HF_RUN3_V1/raw/MONASH/hf_MONASH_job419.root
SIGMAB_COUNTS tag=MONASH species=Sigma_b- pdg=5112 slice=eta_lt_1 p=4 a=6 file=/data/alice/ipardoza/hadronization_production/HF_RUN3_V1/raw/MONASH/hf_MONASH_job419.root
SIGMAB_COUNTS tag=MONASH species=Sigma_b- pdg=5112 slice=eta_1_2 p=8 a=4 file=/data/alice/ipardoza/hadronization_production/HF_RUN3_V1/raw/MONASH/hf_MONASH_job419.root
SIGMAB_COUNTS tag=MONASH species=Sigma_b- pdg=5112 slice=eta_ge_2 p=20 a=12 file=/data/alice/ipardoza/hadronization_production/HF_RUN3_V1/raw/MONASH/hf_MONASH_job419.root
SIGMAB_COUNTS tag=MONASH species=Sigma*_b+ pdg=5224 slice=all p=47 a=42 file=/data/alice/ipardoza/hadronization_production/HF_RUN3_V1/raw/MONASH/hf_MONASH_job419.root
SIGMAB_COUNTS tag=MONASH species=Sigma*_b+ pdg=5224 slice=eta_lt_1 p=12 a=4 file=/data/alice/ipardoza/hadronization_production/HF_RUN3_V1/raw/MONASH/hf_MONASH_job419.root
SIGMAB_COUNTS tag=MONASH species=Sigma*_b+ pdg=5224 slice=eta_1_2 p=11 a=8 file=/data/alice/ipardoza/hadronization_production/HF_RUN3_V1/raw/MONASH/hf_MONASH_job419.root
SIGMAB_COUNTS tag=MONASH species=Sigma*_b+ pdg=5224 slice=eta_ge_2 p=24 a=30 file=/data/alice/ipardoza/hadronization_production/HF_RUN3_V1/raw/MONASH/hf_MONASH_job419.root
SIGMAB_COUNTS tag=MONASH species=Sigma*_b0 pdg=5214 slice=all p=55 a=36 file=/data/alice/ipardoza/hadronization_production/HF_RUN3_V1/raw/MONASH/hf_MONASH_job419.root
SIGMAB_COUNTS tag=MONASH species=Sigma*_b0 pdg=5214 slice=eta_lt_1 p=10 a=7 file=/data/alice/ipardoza/hadronization_production/HF_RUN3_V1/raw/MONASH/hf_MONASH_job419.root
SIGMAB_COUNTS tag=MONASH species=Sigma*_b0 pdg=5214 slice=eta_1_2 p=11 a=8 file=/data/alice/ipardoza/hadronization_production/HF_RUN3_V1/raw/MONASH/hf_MONASH_job419.root
SIGMAB_COUNTS tag=MONASH species=Sigma*_b0 pdg=5214 slice=eta_ge_2 p=34 a=21 file=/data/alice/ipardoza/hadronization_production/HF_RUN3_V1/raw/MONASH/hf_MONASH_job419.root
SIGMAB_COUNTS tag=MONASH species=Sigma*_b- pdg=5114 slice=all p=57 a=31 file=/data/alice/ipardoza/hadronization_production/HF_RUN3_V1/raw/MONASH/hf_MONASH_job419.root
SIGMAB_COUNTS tag=MONASH species=Sigma*_b- pdg=5114 slice=eta_lt_1 p=14 a=8 file=/data/alice/ipardoza/hadronization_production/HF_RUN3_V1/raw/MONASH/hf_MONASH_job419.root
SIGMAB_COUNTS tag=MONASH species=Sigma*_b- pdg=5114 slice=eta_1_2 p=10 a=6 file=/data/alice/ipardoza/hadronization_production/HF_RUN3_V1/raw/MONASH/hf_MONASH_job419.root
SIGMAB_COUNTS tag=MONASH species=Sigma*_b- pdg=5114 slice=eta_ge_2 p=33 a=17 file=/data/alice/ipardoza/hadronization_production/HF_RUN3_V1/raw/MONASH/hf_MONASH_job419.root
SIGMAB_COUNTS tag=MONASH species=Lambda_b0 pdg=5122 slice=all p=312 a=308 file=/data/alice/ipardoza/hadronization_production/HF_RUN3_V1/raw/MONASH/hf_MONASH_job419.root
SIGMAB_COUNTS tag=MONASH species=Lambda_b0 pdg=5122 slice=eta_lt_1 p=53 a=60 file=/data/alice/ipardoza/hadronization_production/HF_RUN3_V1/raw/MONASH/hf_MONASH_job419.root
SIGMAB_COUNTS tag=MONASH species=Lambda_b0 pdg=5122 slice=eta_1_2 p=66 a=61 file=/data/alice/ipardoza/hadronization_production/HF_RUN3_V1/raw/MONASH/hf_MONASH_job419.root
SIGMAB_COUNTS tag=MONASH species=Lambda_b0 pdg=5122 slice=eta_ge_2 p=193 a=187 file=/data/alice/ipardoza/hadronization_production/HF_RUN3_V1/raw/MONASH/hf_MONASH_job419.root
SIGMAB_COUNTS tag=MONASH species=Xi_b0 pdg=5232 slice=all p=57 a=51 file=/data/alice/ipardoza/hadronization_production/HF_RUN3_V1/raw/MONASH/hf_MONASH_job419.root
SIGMAB_COUNTS tag=MONASH species=Xi_b0 pdg=5232 slice=eta_lt_1 p=5 a=11 file=/data/alice/ipardoza/hadronization_production/HF_RUN3_V1/raw/MONASH/hf_MONASH_job419.root
SIGMAB_COUNTS tag=MONASH species=Xi_b0 pdg=5232 slice=eta_1_2 p=8 a=11 file=/data/alice/ipardoza/hadronization_production/HF_RUN3_V1/raw/MONASH/hf_MONASH_job419.root
SIGMAB_COUNTS tag=MONASH species=Xi_b0 pdg=5232 slice=eta_ge_2 p=44 a=29 file=/data/alice/ipardoza/hadronization_production/HF_RUN3_V1/raw/MONASH/hf_MONASH_job419.root
SIGMAB_COUNTS tag=MONASH species=Xi_b- pdg=5132 slice=all p=49 a=34 file=/data/alice/ipardoza/hadronization_production/HF_RUN3_V1/raw/MONASH/hf_MONASH_job419.root
SIGMAB_COUNTS tag=MONASH species=Xi_b- pdg=5132 slice=eta_lt_1 p=8 a=6 file=/data/alice/ipardoza/hadronization_production/HF_RUN3_V1/raw/MONASH/hf_MONASH_job419.root
SIGMAB_COUNTS tag=MONASH species=Xi_b- pdg=5132 slice=eta_1_2 p=14 a=10 file=/data/alice/ipardoza/hadronization_production/HF_RUN3_V1/raw/MONASH/hf_MONASH_job419.root
SIGMAB_COUNTS tag=MONASH species=Xi_b- pdg=5132 slice=eta_ge_2 p=27 a=18 file=/data/alice/ipardoza/hadronization_production/HF_RUN3_V1/raw/MONASH/hf_MONASH_job419.root
SIGMAB_COUNTS tag=MONASH species=Sigma_b+ pdg=5222 slice=all p=36 a=21 file=/data/alice/ipardoza/hadronization_production/HF_RUN3_V1/raw/MONASH/hf_MONASH_job420.root
SIGMAB_COUNTS tag=MONASH species=Sigma_b+ pdg=5222 slice=eta_lt_1 p=6 a=4 file=/data/alice/ipardoza/hadronization_production/HF_RUN3_V1/raw/MONASH/hf_MONASH_job420.root
SIGMAB_COUNTS tag=MONASH species=Sigma_b+ pdg=5222 slice=eta_1_2 p=4 a=5 file=/data/alice/ipardoza/hadronization_production/HF_RUN3_V1/raw/MONASH/hf_MONASH_job420.root
SIGMAB_COUNTS tag=MONASH species=Sigma_b+ pdg=5222 slice=eta_ge_2 p=26 a=12 file=/data/alice/ipardoza/hadronization_production/HF_RUN3_V1/raw/MONASH/hf_MONASH_job420.root
SIGMAB_COUNTS tag=MONASH species=Sigma_b0 pdg=5212 slice=all p=31 a=21 file=/data/alice/ipardoza/hadronization_production/HF_RUN3_V1/raw/MONASH/hf_MONASH_job420.root
SIGMAB_COUNTS tag=MONASH species=Sigma_b0 pdg=5212 slice=eta_lt_1 p=4 a=1 file=/data/alice/ipardoza/hadronization_production/HF_RUN3_V1/raw/MONASH/hf_MONASH_job420.root
SIGMAB_COUNTS tag=MONASH species=Sigma_b0 pdg=5212 slice=eta_1_2 p=3 a=9 file=/data/alice/ipardoza/hadronization_production/HF_RUN3_V1/raw/MONASH/hf_MONASH_job420.root
SIGMAB_COUNTS tag=MONASH species=Sigma_b0 pdg=5212 slice=eta_ge_2 p=24 a=11 file=/data/alice/ipardoza/hadronization_production/HF_RUN3_V1/raw/MONASH/hf_MONASH_job420.root
SIGMAB_COUNTS tag=MONASH species=Sigma_b- pdg=5112 slice=all p=36 a=21 file=/data/alice/ipardoza/hadronization_production/HF_RUN3_V1/raw/MONASH/hf_MONASH_job420.root
SIGMAB_COUNTS tag=MONASH species=Sigma_b- pdg=5112 slice=eta_lt_1 p=4 a=4 file=/data/alice/ipardoza/hadronization_production/HF_RUN3_V1/raw/MONASH/hf_MONASH_job420.root
SIGMAB_COUNTS tag=MONASH species=Sigma_b- pdg=5112 slice=eta_1_2 p=7 a=6 file=/data/alice/ipardoza/hadronization_production/HF_RUN3_V1/raw/MONASH/hf_MONASH_job420.root
SIGMAB_COUNTS tag=MONASH species=Sigma_b- pdg=5112 slice=eta_ge_2 p=25 a=11 file=/data/alice/ipardoza/hadronization_production/HF_RUN3_V1/raw/MONASH/hf_MONASH_job420.root
SIGMAB_COUNTS tag=MONASH species=Sigma*_b+ pdg=5224 slice=all p=62 a=43 file=/data/alice/ipardoza/hadronization_production/HF_RUN3_V1/raw/MONASH/hf_MONASH_job420.root
SIGMAB_COUNTS tag=MONASH species=Sigma*_b+ pdg=5224 slice=eta_lt_1 p=8 a=7 file=/data/alice/ipardoza/hadronization_production/HF_RUN3_V1/raw/MONASH/hf_MONASH_job420.root
SIGMAB_COUNTS tag=MONASH species=Sigma*_b+ pdg=5224 slice=eta_1_2 p=12 a=14 file=/data/alice/ipardoza/hadronization_production/HF_RUN3_V1/raw/MONASH/hf_MONASH_job420.root
SIGMAB_COUNTS tag=MONASH species=Sigma*_b+ pdg=5224 slice=eta_ge_2 p=42 a=22 file=/data/alice/ipardoza/hadronization_production/HF_RUN3_V1/raw/MONASH/hf_MONASH_job420.root
SIGMAB_COUNTS tag=MONASH species=Sigma*_b0 pdg=5214 slice=all p=50 a=41 file=/data/alice/ipardoza/hadronization_production/HF_RUN3_V1/raw/MONASH/hf_MONASH_job420.root
SIGMAB_COUNTS tag=MONASH species=Sigma*_b0 pdg=5214 slice=eta_lt_1 p=3 a=10 file=/data/alice/ipardoza/hadronization_production/HF_RUN3_V1/raw/MONASH/hf_MONASH_job420.root
SIGMAB_COUNTS tag=MONASH species=Sigma*_b0 pdg=5214 slice=eta_1_2 p=10 a=10 file=/data/alice/ipardoza/hadronization_production/HF_RUN3_V1/raw/MONASH/hf_MONASH_job420.root
SIGMAB_COUNTS tag=MONASH species=Sigma*_b0 pdg=5214 slice=eta_ge_2 p=37 a=21 file=/data/alice/ipardoza/hadronization_production/HF_RUN3_V1/raw/MONASH/hf_MONASH_job420.root
SIGMAB_COUNTS tag=MONASH species=Sigma*_b- pdg=5114 slice=all p=57 a=48 file=/data/alice/ipardoza/hadronization_production/HF_RUN3_V1/raw/MONASH/hf_MONASH_job420.root
SIGMAB_COUNTS tag=MONASH species=Sigma*_b- pdg=5114 slice=eta_lt_1 p=15 a=10 file=/data/alice/ipardoza/hadronization_production/HF_RUN3_V1/raw/MONASH/hf_MONASH_job420.root
SIGMAB_COUNTS tag=MONASH species=Sigma*_b- pdg=5114 slice=eta_1_2 p=11 a=9 file=/data/alice/ipardoza/hadronization_production/HF_RUN3_V1/raw/MONASH/hf_MONASH_job420.root
SIGMAB_COUNTS tag=MONASH species=Sigma*_b- pdg=5114 slice=eta_ge_2 p=31 a=29 file=/data/alice/ipardoza/hadronization_production/HF_RUN3_V1/raw/MONASH/hf_MONASH_job420.root
SIGMAB_COUNTS tag=MONASH species=Lambda_b0 pdg=5122 slice=all p=293 a=286 file=/data/alice/ipardoza/hadronization_production/HF_RUN3_V1/raw/MONASH/hf_MONASH_job420.root
SIGMAB_COUNTS tag=MONASH species=Lambda_b0 pdg=5122 slice=eta_lt_1 p=52 a=65 file=/data/alice/ipardoza/hadronization_production/HF_RUN3_V1/raw/MONASH/hf_MONASH_job420.root
SIGMAB_COUNTS tag=MONASH species=Lambda_b0 pdg=5122 slice=eta_1_2 p=65 a=72 file=/data/alice/ipardoza/hadronization_production/HF_RUN3_V1/raw/MONASH/hf_MONASH_job420.root
SIGMAB_COUNTS tag=MONASH species=Lambda_b0 pdg=5122 slice=eta_ge_2 p=176 a=149 file=/data/alice/ipardoza/hadronization_production/HF_RUN3_V1/raw/MONASH/hf_MONASH_job420.root
SIGMAB_COUNTS tag=MONASH species=Xi_b0 pdg=5232 slice=all p=58 a=45 file=/data/alice/ipardoza/hadronization_production/HF_RUN3_V1/raw/MONASH/hf_MONASH_job420.root
SIGMAB_COUNTS tag=MONASH species=Xi_b0 pdg=5232 slice=eta_lt_1 p=14 a=11 file=/data/alice/ipardoza/hadronization_production/HF_RUN3_V1/raw/MONASH/hf_MONASH_job420.root
SIGMAB_COUNTS tag=MONASH species=Xi_b0 pdg=5232 slice=eta_1_2 p=9 a=9 file=/data/alice/ipardoza/hadronization_production/HF_RUN3_V1/raw/MONASH/hf_MONASH_job420.root
SIGMAB_COUNTS tag=MONASH species=Xi_b0 pdg=5232 slice=eta_ge_2 p=35 a=25 file=/data/alice/ipardoza/hadronization_production/HF_RUN3_V1/raw/MONASH/hf_MONASH_job420.root
SIGMAB_COUNTS tag=MONASH species=Xi_b- pdg=5132 slice=all p=59 a=67 file=/data/alice/ipardoza/hadronization_production/HF_RUN3_V1/raw/MONASH/hf_MONASH_job420.root
SIGMAB_COUNTS tag=MONASH species=Xi_b- pdg=5132 slice=eta_lt_1 p=12 a=19 file=/data/alice/ipardoza/hadronization_production/HF_RUN3_V1/raw/MONASH/hf_MONASH_job420.root
SIGMAB_COUNTS tag=MONASH species=Xi_b- pdg=5132 slice=eta_1_2 p=12 a=18 file=/data/alice/ipardoza/hadronization_production/HF_RUN3_V1/raw/MONASH/hf_MONASH_job420.root
SIGMAB_COUNTS tag=MONASH species=Xi_b- pdg=5132 slice=eta_ge_2 p=35 a=30 file=/data/alice/ipardoza/hadronization_production/HF_RUN3_V1/raw/MONASH/hf_MONASH_job420.root
SIGMAB_COUNTS tag=MONASH species=Sigma_b+ pdg=5222 slice=all p=33 a=14 file=/data/alice/ipardoza/hadronization_production/HF_RUN3_V1/raw/MONASH/hf_MONASH_job421.root
SIGMAB_COUNTS tag=MONASH species=Sigma_b+ pdg=5222 slice=eta_lt_1 p=3 a=3 file=/data/alice/ipardoza/hadronization_production/HF_RUN3_V1/raw/MONASH/hf_MONASH_job421.root
SIGMAB_COUNTS tag=MONASH species=Sigma_b+ pdg=5222 slice=eta_1_2 p=8 a=1 file=/data/alice/ipardoza/hadronization_production/HF_RUN3_V1/raw/MONASH/hf_MONASH_job421.root
SIGMAB_COUNTS tag=MONASH species=Sigma_b+ pdg=5222 slice=eta_ge_2 p=22 a=10 file=/data/alice/ipardoza/hadronization_production/HF_RUN3_V1/raw/MONASH/hf_MONASH_job421.root
SIGMAB_COUNTS tag=MONASH species=Sigma_b0 pdg=5212 slice=all p=31 a=24 file=/data/alice/ipardoza/hadronization_production/HF_RUN3_V1/raw/MONASH/hf_MONASH_job421.root
SIGMAB_COUNTS tag=MONASH species=Sigma_b0 pdg=5212 slice=eta_lt_1 p=7 a=3 file=/data/alice/ipardoza/hadronization_production/HF_RUN3_V1/raw/MONASH/hf_MONASH_job421.root
SIGMAB_COUNTS tag=MONASH species=Sigma_b0 pdg=5212 slice=eta_1_2 p=5 a=5 file=/data/alice/ipardoza/hadronization_production/HF_RUN3_V1/raw/MONASH/hf_MONASH_job421.root
SIGMAB_COUNTS tag=MONASH species=Sigma_b0 pdg=5212 slice=eta_ge_2 p=19 a=16 file=/data/alice/ipardoza/hadronization_production/HF_RUN3_V1/raw/MONASH/hf_MONASH_job421.root
SIGMAB_COUNTS tag=MONASH species=Sigma_b- pdg=5112 slice=all p=30 a=21 file=/data/alice/ipardoza/hadronization_production/HF_RUN3_V1/raw/MONASH/hf_MONASH_job421.root
SIGMAB_COUNTS tag=MONASH species=Sigma_b- pdg=5112 slice=eta_lt_1 p=1 a=5 file=/data/alice/ipardoza/hadronization_production/HF_RUN3_V1/raw/MONASH/hf_MONASH_job421.root
SIGMAB_COUNTS tag=MONASH species=Sigma_b- pdg=5112 slice=eta_1_2 p=7 a=1 file=/data/alice/ipardoza/hadronization_production/HF_RUN3_V1/raw/MONASH/hf_MONASH_job421.root
SIGMAB_COUNTS tag=MONASH species=Sigma_b- pdg=5112 slice=eta_ge_2 p=22 a=15 file=/data/alice/ipardoza/hadronization_production/HF_RUN3_V1/raw/MONASH/hf_MONASH_job421.root
SIGMAB_COUNTS tag=MONASH species=Sigma*_b+ pdg=5224 slice=all p=47 a=44 file=/data/alice/ipardoza/hadronization_production/HF_RUN3_V1/raw/MONASH/hf_MONASH_job421.root
SIGMAB_COUNTS tag=MONASH species=Sigma*_b+ pdg=5224 slice=eta_lt_1 p=8 a=10 file=/data/alice/ipardoza/hadronization_production/HF_RUN3_V1/raw/MONASH/hf_MONASH_job421.root
SIGMAB_COUNTS tag=MONASH species=Sigma*_b+ pdg=5224 slice=eta_1_2 p=9 a=9 file=/data/alice/ipardoza/hadronization_production/HF_RUN3_V1/raw/MONASH/hf_MONASH_job421.root
SIGMAB_COUNTS tag=MONASH species=Sigma*_b+ pdg=5224 slice=eta_ge_2 p=30 a=25 file=/data/alice/ipardoza/hadronization_production/HF_RUN3_V1/raw/MONASH/hf_MONASH_job421.root
SIGMAB_COUNTS tag=MONASH species=Sigma*_b0 pdg=5214 slice=all p=59 a=38 file=/data/alice/ipardoza/hadronization_production/HF_RUN3_V1/raw/MONASH/hf_MONASH_job421.root
SIGMAB_COUNTS tag=MONASH species=Sigma*_b0 pdg=5214 slice=eta_lt_1 p=13 a=8 file=/data/alice/ipardoza/hadronization_production/HF_RUN3_V1/raw/MONASH/hf_MONASH_job421.root
SIGMAB_COUNTS tag=MONASH species=Sigma*_b0 pdg=5214 slice=eta_1_2 p=18 a=10 file=/data/alice/ipardoza/hadronization_production/HF_RUN3_V1/raw/MONASH/hf_MONASH_job421.root
SIGMAB_COUNTS tag=MONASH species=Sigma*_b0 pdg=5214 slice=eta_ge_2 p=28 a=20 file=/data/alice/ipardoza/hadronization_production/HF_RUN3_V1/raw/MONASH/hf_MONASH_job421.root
SIGMAB_COUNTS tag=MONASH species=Sigma*_b- pdg=5114 slice=all p=45 a=35 file=/data/alice/ipardoza/hadronization_production/HF_RUN3_V1/raw/MONASH/hf_MONASH_job421.root
SIGMAB_COUNTS tag=MONASH species=Sigma*_b- pdg=5114 slice=eta_lt_1 p=6 a=6 file=/data/alice/ipardoza/hadronization_production/HF_RUN3_V1/raw/MONASH/hf_MONASH_job421.root
SIGMAB_COUNTS tag=MONASH species=Sigma*_b- pdg=5114 slice=eta_1_2 p=7 a=3 file=/data/alice/ipardoza/hadronization_production/HF_RUN3_V1/raw/MONASH/hf_MONASH_job421.root
SIGMAB_COUNTS tag=MONASH species=Sigma*_b- pdg=5114 slice=eta_ge_2 p=32 a=26 file=/data/alice/ipardoza/hadronization_production/HF_RUN3_V1/raw/MONASH/hf_MONASH_job421.root
SIGMAB_COUNTS tag=MONASH species=Lambda_b0 pdg=5122 slice=all p=294 a=346 file=/data/alice/ipardoza/hadronization_production/HF_RUN3_V1/raw/MONASH/hf_MONASH_job421.root
SIGMAB_COUNTS tag=MONASH species=Lambda_b0 pdg=5122 slice=eta_lt_1 p=48 a=68 file=/data/alice/ipardoza/hadronization_production/HF_RUN3_V1/raw/MONASH/hf_MONASH_job421.root
SIGMAB_COUNTS tag=MONASH species=Lambda_b0 pdg=5122 slice=eta_1_2 p=66 a=81 file=/data/alice/ipardoza/hadronization_production/HF_RUN3_V1/raw/MONASH/hf_MONASH_job421.root
SIGMAB_COUNTS tag=MONASH species=Lambda_b0 pdg=5122 slice=eta_ge_2 p=180 a=197 file=/data/alice/ipardoza/hadronization_production/HF_RUN3_V1/raw/MONASH/hf_MONASH_job421.root
SIGMAB_COUNTS tag=MONASH species=Xi_b0 pdg=5232 slice=all p=46 a=60 file=/data/alice/ipardoza/hadronization_production/HF_RUN3_V1/raw/MONASH/hf_MONASH_job421.root
SIGMAB_COUNTS tag=MONASH species=Xi_b0 pdg=5232 slice=eta_lt_1 p=9 a=8 file=/data/alice/ipardoza/hadronization_production/HF_RUN3_V1/raw/MONASH/hf_MONASH_job421.root
SIGMAB_COUNTS tag=MONASH species=Xi_b0 pdg=5232 slice=eta_1_2 p=8 a=18 file=/data/alice/ipardoza/hadronization_production/HF_RUN3_V1/raw/MONASH/hf_MONASH_job421.root
SIGMAB_COUNTS tag=MONASH species=Xi_b0 pdg=5232 slice=eta_ge_2 p=29 a=34 file=/data/alice/ipardoza/hadronization_production/HF_RUN3_V1/raw/MONASH/hf_MONASH_job421.root
SIGMAB_COUNTS tag=MONASH species=Xi_b- pdg=5132 slice=all p=58 a=57 file=/data/alice/ipardoza/hadronization_production/HF_RUN3_V1/raw/MONASH/hf_MONASH_job421.root
SIGMAB_COUNTS tag=MONASH species=Xi_b- pdg=5132 slice=eta_lt_1 p=16 a=12 file=/data/alice/ipardoza/hadronization_production/HF_RUN3_V1/raw/MONASH/hf_MONASH_job421.root
SIGMAB_COUNTS tag=MONASH species=Xi_b- pdg=5132 slice=eta_1_2 p=14 a=15 file=/data/alice/ipardoza/hadronization_production/HF_RUN3_V1/raw/MONASH/hf_MONASH_job421.root
SIGMAB_COUNTS tag=MONASH species=Xi_b- pdg=5132 slice=eta_ge_2 p=28 a=30 file=/data/alice/ipardoza/hadronization_production/HF_RUN3_V1/raw/MONASH/hf_MONASH_job421.root
SIGMAB_COUNTS tag=MONASH species=Sigma_b+ pdg=5222 slice=all p=32 a=20 file=/data/alice/ipardoza/hadronization_production/HF_RUN3_V1/raw/MONASH/hf_MONASH_job422.root
SIGMAB_COUNTS tag=MONASH species=Sigma_b+ pdg=5222 slice=eta_lt_1 p=6 a=5 file=/data/alice/ipardoza/hadronization_production/HF_RUN3_V1/raw/MONASH/hf_MONASH_job422.root
SIGMAB_COUNTS tag=MONASH species=Sigma_b+ pdg=5222 slice=eta_1_2 p=3 a=5 file=/data/alice/ipardoza/hadronization_production/HF_RUN3_V1/raw/MONASH/hf_MONASH_job422.root
SIGMAB_COUNTS tag=MONASH species=Sigma_b+ pdg=5222 slice=eta_ge_2 p=23 a=10 file=/data/alice/ipardoza/hadronization_production/HF_RUN3_V1/raw/MONASH/hf_MONASH_job422.root
SIGMAB_COUNTS tag=MONASH species=Sigma_b0 pdg=5212 slice=all p=44 a=19 file=/data/alice/ipardoza/hadronization_production/HF_RUN3_V1/raw/MONASH/hf_MONASH_job422.root
SIGMAB_COUNTS tag=MONASH species=Sigma_b0 pdg=5212 slice=eta_lt_1 p=7 a=5 file=/data/alice/ipardoza/hadronization_production/HF_RUN3_V1/raw/MONASH/hf_MONASH_job422.root
SIGMAB_COUNTS tag=MONASH species=Sigma_b0 pdg=5212 slice=eta_1_2 p=8 a=2 file=/data/alice/ipardoza/hadronization_production/HF_RUN3_V1/raw/MONASH/hf_MONASH_job422.root
SIGMAB_COUNTS tag=MONASH species=Sigma_b0 pdg=5212 slice=eta_ge_2 p=29 a=12 file=/data/alice/ipardoza/hadronization_production/HF_RUN3_V1/raw/MONASH/hf_MONASH_job422.root
SIGMAB_COUNTS tag=MONASH species=Sigma_b- pdg=5112 slice=all p=38 a=18 file=/data/alice/ipardoza/hadronization_production/HF_RUN3_V1/raw/MONASH/hf_MONASH_job422.root
SIGMAB_COUNTS tag=MONASH species=Sigma_b- pdg=5112 slice=eta_lt_1 p=3 a=2 file=/data/alice/ipardoza/hadronization_production/HF_RUN3_V1/raw/MONASH/hf_MONASH_job422.root
SIGMAB_COUNTS tag=MONASH species=Sigma_b- pdg=5112 slice=eta_1_2 p=8 a=7 file=/data/alice/ipardoza/hadronization_production/HF_RUN3_V1/raw/MONASH/hf_MONASH_job422.root
SIGMAB_COUNTS tag=MONASH species=Sigma_b- pdg=5112 slice=eta_ge_2 p=27 a=9 file=/data/alice/ipardoza/hadronization_production/HF_RUN3_V1/raw/MONASH/hf_MONASH_job422.root
SIGMAB_COUNTS tag=MONASH species=Sigma*_b+ pdg=5224 slice=all p=52 a=34 file=/data/alice/ipardoza/hadronization_production/HF_RUN3_V1/raw/MONASH/hf_MONASH_job422.root
SIGMAB_COUNTS tag=MONASH species=Sigma*_b+ pdg=5224 slice=eta_lt_1 p=9 a=5 file=/data/alice/ipardoza/hadronization_production/HF_RUN3_V1/raw/MONASH/hf_MONASH_job422.root
SIGMAB_COUNTS tag=MONASH species=Sigma*_b+ pdg=5224 slice=eta_1_2 p=12 a=5 file=/data/alice/ipardoza/hadronization_production/HF_RUN3_V1/raw/MONASH/hf_MONASH_job422.root
SIGMAB_COUNTS tag=MONASH species=Sigma*_b+ pdg=5224 slice=eta_ge_2 p=31 a=24 file=/data/alice/ipardoza/hadronization_production/HF_RUN3_V1/raw/MONASH/hf_MONASH_job422.root
SIGMAB_COUNTS tag=MONASH species=Sigma*_b0 pdg=5214 slice=all p=44 a=40 file=/data/alice/ipardoza/hadronization_production/HF_RUN3_V1/raw/MONASH/hf_MONASH_job422.root
SIGMAB_COUNTS tag=MONASH species=Sigma*_b0 pdg=5214 slice=eta_lt_1 p=6 a=10 file=/data/alice/ipardoza/hadronization_production/HF_RUN3_V1/raw/MONASH/hf_MONASH_job422.root
SIGMAB_COUNTS tag=MONASH species=Sigma*_b0 pdg=5214 slice=eta_1_2 p=7 a=8 file=/data/alice/ipardoza/hadronization_production/HF_RUN3_V1/raw/MONASH/hf_MONASH_job422.root
SIGMAB_COUNTS tag=MONASH species=Sigma*_b0 pdg=5214 slice=eta_ge_2 p=31 a=22 file=/data/alice/ipardoza/hadronization_production/HF_RUN3_V1/raw/MONASH/hf_MONASH_job422.root
SIGMAB_COUNTS tag=MONASH species=Sigma*_b- pdg=5114 slice=all p=47 a=25 file=/data/alice/ipardoza/hadronization_production/HF_RUN3_V1/raw/MONASH/hf_MONASH_job422.root
SIGMAB_COUNTS tag=MONASH species=Sigma*_b- pdg=5114 slice=eta_lt_1 p=6 a=2 file=/data/alice/ipardoza/hadronization_production/HF_RUN3_V1/raw/MONASH/hf_MONASH_job422.root
SIGMAB_COUNTS tag=MONASH species=Sigma*_b- pdg=5114 slice=eta_1_2 p=8 a=6 file=/data/alice/ipardoza/hadronization_production/HF_RUN3_V1/raw/MONASH/hf_MONASH_job422.root
SIGMAB_COUNTS tag=MONASH species=Sigma*_b- pdg=5114 slice=eta_ge_2 p=33 a=17 file=/data/alice/ipardoza/hadronization_production/HF_RUN3_V1/raw/MONASH/hf_MONASH_job422.root
SIGMAB_COUNTS tag=MONASH species=Lambda_b0 pdg=5122 slice=all p=291 a=311 file=/data/alice/ipardoza/hadronization_production/HF_RUN3_V1/raw/MONASH/hf_MONASH_job422.root
SIGMAB_COUNTS tag=MONASH species=Lambda_b0 pdg=5122 slice=eta_lt_1 p=47 a=56 file=/data/alice/ipardoza/hadronization_production/HF_RUN3_V1/raw/MONASH/hf_MONASH_job422.root
SIGMAB_COUNTS tag=MONASH species=Lambda_b0 pdg=5122 slice=eta_1_2 p=53 a=68 file=/data/alice/ipardoza/hadronization_production/HF_RUN3_V1/raw/MONASH/hf_MONASH_job422.root
SIGMAB_COUNTS tag=MONASH species=Lambda_b0 pdg=5122 slice=eta_ge_2 p=191 a=187 file=/data/alice/ipardoza/hadronization_production/HF_RUN3_V1/raw/MONASH/hf_MONASH_job422.root
SIGMAB_COUNTS tag=MONASH species=Xi_b0 pdg=5232 slice=all p=59 a=59 file=/data/alice/ipardoza/hadronization_production/HF_RUN3_V1/raw/MONASH/hf_MONASH_job422.root
SIGMAB_COUNTS tag=MONASH species=Xi_b0 pdg=5232 slice=eta_lt_1 p=7 a=16 file=/data/alice/ipardoza/hadronization_production/HF_RUN3_V1/raw/MONASH/hf_MONASH_job422.root
SIGMAB_COUNTS tag=MONASH species=Xi_b0 pdg=5232 slice=eta_1_2 p=15 a=9 file=/data/alice/ipardoza/hadronization_production/HF_RUN3_V1/raw/MONASH/hf_MONASH_job422.root
SIGMAB_COUNTS tag=MONASH species=Xi_b0 pdg=5232 slice=eta_ge_2 p=37 a=34 file=/data/alice/ipardoza/hadronization_production/HF_RUN3_V1/raw/MONASH/hf_MONASH_job422.root
SIGMAB_COUNTS tag=MONASH species=Xi_b- pdg=5132 slice=all p=53 a=52 file=/data/alice/ipardoza/hadronization_production/HF_RUN3_V1/raw/MONASH/hf_MONASH_job422.root
SIGMAB_COUNTS tag=MONASH species=Xi_b- pdg=5132 slice=eta_lt_1 p=10 a=8 file=/data/alice/ipardoza/hadronization_production/HF_RUN3_V1/raw/MONASH/hf_MONASH_job422.root
SIGMAB_COUNTS tag=MONASH species=Xi_b- pdg=5132 slice=eta_1_2 p=16 a=8 file=/data/alice/ipardoza/hadronization_production/HF_RUN3_V1/raw/MONASH/hf_MONASH_job422.root
SIGMAB_COUNTS tag=MONASH species=Xi_b- pdg=5132 slice=eta_ge_2 p=27 a=36 file=/data/alice/ipardoza/hadronization_production/HF_RUN3_V1/raw/MONASH/hf_MONASH_job422.root
SIGMAB_COUNTS tag=MONASH species=Sigma_b+ pdg=5222 slice=all p=30 a=23 file=/data/alice/ipardoza/hadronization_production/HF_RUN3_V1/raw/MONASH/hf_MONASH_job423.root
SIGMAB_COUNTS tag=MONASH species=Sigma_b+ pdg=5222 slice=eta_lt_1 p=3 a=4 file=/data/alice/ipardoza/hadronization_production/HF_RUN3_V1/raw/MONASH/hf_MONASH_job423.root
SIGMAB_COUNTS tag=MONASH species=Sigma_b+ pdg=5222 slice=eta_1_2 p=6 a=7 file=/data/alice/ipardoza/hadronization_production/HF_RUN3_V1/raw/MONASH/hf_MONASH_job423.root
SIGMAB_COUNTS tag=MONASH species=Sigma_b+ pdg=5222 slice=eta_ge_2 p=21 a=12 file=/data/alice/ipardoza/hadronization_production/HF_RUN3_V1/raw/MONASH/hf_MONASH_job423.root
SIGMAB_COUNTS tag=MONASH species=Sigma_b0 pdg=5212 slice=all p=31 a=17 file=/data/alice/ipardoza/hadronization_production/HF_RUN3_V1/raw/MONASH/hf_MONASH_job423.root
SIGMAB_COUNTS tag=MONASH species=Sigma_b0 pdg=5212 slice=eta_lt_1 p=9 a=3 file=/data/alice/ipardoza/hadronization_production/HF_RUN3_V1/raw/MONASH/hf_MONASH_job423.root
SIGMAB_COUNTS tag=MONASH species=Sigma_b0 pdg=5212 slice=eta_1_2 p=6 a=4 file=/data/alice/ipardoza/hadronization_production/HF_RUN3_V1/raw/MONASH/hf_MONASH_job423.root
SIGMAB_COUNTS tag=MONASH species=Sigma_b0 pdg=5212 slice=eta_ge_2 p=16 a=10 file=/data/alice/ipardoza/hadronization_production/HF_RUN3_V1/raw/MONASH/hf_MONASH_job423.root
SIGMAB_COUNTS tag=MONASH species=Sigma_b- pdg=5112 slice=all p=33 a=15 file=/data/alice/ipardoza/hadronization_production/HF_RUN3_V1/raw/MONASH/hf_MONASH_job423.root
SIGMAB_COUNTS tag=MONASH species=Sigma_b- pdg=5112 slice=eta_lt_1 p=6 a=3 file=/data/alice/ipardoza/hadronization_production/HF_RUN3_V1/raw/MONASH/hf_MONASH_job423.root
SIGMAB_COUNTS tag=MONASH species=Sigma_b- pdg=5112 slice=eta_1_2 p=7 a=4 file=/data/alice/ipardoza/hadronization_production/HF_RUN3_V1/raw/MONASH/hf_MONASH_job423.root
SIGMAB_COUNTS tag=MONASH species=Sigma_b- pdg=5112 slice=eta_ge_2 p=20 a=8 file=/data/alice/ipardoza/hadronization_production/HF_RUN3_V1/raw/MONASH/hf_MONASH_job423.root
SIGMAB_COUNTS tag=MONASH species=Sigma*_b+ pdg=5224 slice=all p=43 a=33 file=/data/alice/ipardoza/hadronization_production/HF_RUN3_V1/raw/MONASH/hf_MONASH_job423.root
SIGMAB_COUNTS tag=MONASH species=Sigma*_b+ pdg=5224 slice=eta_lt_1 p=13 a=8 file=/data/alice/ipardoza/hadronization_production/HF_RUN3_V1/raw/MONASH/hf_MONASH_job423.root
SIGMAB_COUNTS tag=MONASH species=Sigma*_b+ pdg=5224 slice=eta_1_2 p=13 a=6 file=/data/alice/ipardoza/hadronization_production/HF_RUN3_V1/raw/MONASH/hf_MONASH_job423.root
SIGMAB_COUNTS tag=MONASH species=Sigma*_b+ pdg=5224 slice=eta_ge_2 p=17 a=19 file=/data/alice/ipardoza/hadronization_production/HF_RUN3_V1/raw/MONASH/hf_MONASH_job423.root
SIGMAB_COUNTS tag=MONASH species=Sigma*_b0 pdg=5214 slice=all p=50 a=44 file=/data/alice/ipardoza/hadronization_production/HF_RUN3_V1/raw/MONASH/hf_MONASH_job423.root
SIGMAB_COUNTS tag=MONASH species=Sigma*_b0 pdg=5214 slice=eta_lt_1 p=5 a=8 file=/data/alice/ipardoza/hadronization_production/HF_RUN3_V1/raw/MONASH/hf_MONASH_job423.root
SIGMAB_COUNTS tag=MONASH species=Sigma*_b0 pdg=5214 slice=eta_1_2 p=15 a=7 file=/data/alice/ipardoza/hadronization_production/HF_RUN3_V1/raw/MONASH/hf_MONASH_job423.root
SIGMAB_COUNTS tag=MONASH species=Sigma*_b0 pdg=5214 slice=eta_ge_2 p=30 a=29 file=/data/alice/ipardoza/hadronization_production/HF_RUN3_V1/raw/MONASH/hf_MONASH_job423.root
SIGMAB_COUNTS tag=MONASH species=Sigma*_b- pdg=5114 slice=all p=47 a=48 file=/data/alice/ipardoza/hadronization_production/HF_RUN3_V1/raw/MONASH/hf_MONASH_job423.root
SIGMAB_COUNTS tag=MONASH species=Sigma*_b- pdg=5114 slice=eta_lt_1 p=3 a=10 file=/data/alice/ipardoza/hadronization_production/HF_RUN3_V1/raw/MONASH/hf_MONASH_job423.root
SIGMAB_COUNTS tag=MONASH species=Sigma*_b- pdg=5114 slice=eta_1_2 p=13 a=5 file=/data/alice/ipardoza/hadronization_production/HF_RUN3_V1/raw/MONASH/hf_MONASH_job423.root
SIGMAB_COUNTS tag=MONASH species=Sigma*_b- pdg=5114 slice=eta_ge_2 p=31 a=33 file=/data/alice/ipardoza/hadronization_production/HF_RUN3_V1/raw/MONASH/hf_MONASH_job423.root
SIGMAB_COUNTS tag=MONASH species=Lambda_b0 pdg=5122 slice=all p=304 a=324 file=/data/alice/ipardoza/hadronization_production/HF_RUN3_V1/raw/MONASH/hf_MONASH_job423.root
SIGMAB_COUNTS tag=MONASH species=Lambda_b0 pdg=5122 slice=eta_lt_1 p=53 a=55 file=/data/alice/ipardoza/hadronization_production/HF_RUN3_V1/raw/MONASH/hf_MONASH_job423.root
SIGMAB_COUNTS tag=MONASH species=Lambda_b0 pdg=5122 slice=eta_1_2 p=50 a=56 file=/data/alice/ipardoza/hadronization_production/HF_RUN3_V1/raw/MONASH/hf_MONASH_job423.root
SIGMAB_COUNTS tag=MONASH species=Lambda_b0 pdg=5122 slice=eta_ge_2 p=201 a=213 file=/data/alice/ipardoza/hadronization_production/HF_RUN3_V1/raw/MONASH/hf_MONASH_job423.root
SIGMAB_COUNTS tag=MONASH species=Xi_b0 pdg=5232 slice=all p=57 a=61 file=/data/alice/ipardoza/hadronization_production/HF_RUN3_V1/raw/MONASH/hf_MONASH_job423.root
SIGMAB_COUNTS tag=MONASH species=Xi_b0 pdg=5232 slice=eta_lt_1 p=10 a=10 file=/data/alice/ipardoza/hadronization_production/HF_RUN3_V1/raw/MONASH/hf_MONASH_job423.root
SIGMAB_COUNTS tag=MONASH species=Xi_b0 pdg=5232 slice=eta_1_2 p=10 a=13 file=/data/alice/ipardoza/hadronization_production/HF_RUN3_V1/raw/MONASH/hf_MONASH_job423.root
SIGMAB_COUNTS tag=MONASH species=Xi_b0 pdg=5232 slice=eta_ge_2 p=37 a=38 file=/data/alice/ipardoza/hadronization_production/HF_RUN3_V1/raw/MONASH/hf_MONASH_job423.root
SIGMAB_COUNTS tag=MONASH species=Xi_b- pdg=5132 slice=all p=60 a=54 file=/data/alice/ipardoza/hadronization_production/HF_RUN3_V1/raw/MONASH/hf_MONASH_job423.root
SIGMAB_COUNTS tag=MONASH species=Xi_b- pdg=5132 slice=eta_lt_1 p=14 a=13 file=/data/alice/ipardoza/hadronization_production/HF_RUN3_V1/raw/MONASH/hf_MONASH_job423.root
SIGMAB_COUNTS tag=MONASH species=Xi_b- pdg=5132 slice=eta_1_2 p=7 a=7 file=/data/alice/ipardoza/hadronization_production/HF_RUN3_V1/raw/MONASH/hf_MONASH_job423.root
SIGMAB_COUNTS tag=MONASH species=Xi_b- pdg=5132 slice=eta_ge_2 p=39 a=34 file=/data/alice/ipardoza/hadronization_production/HF_RUN3_V1/raw/MONASH/hf_MONASH_job423.root
SIGMAB_COUNTS tag=MONASH species=Sigma_b+ pdg=5222 slice=all p=27 a=25 file=/data/alice/ipardoza/hadronization_production/HF_RUN3_V1/raw/MONASH/hf_MONASH_job424.root
SIGMAB_COUNTS tag=MONASH species=Sigma_b+ pdg=5222 slice=eta_lt_1 p=5 a=2 file=/data/alice/ipardoza/hadronization_production/HF_RUN3_V1/raw/MONASH/hf_MONASH_job424.root
SIGMAB_COUNTS tag=MONASH species=Sigma_b+ pdg=5222 slice=eta_1_2 p=5 a=7 file=/data/alice/ipardoza/hadronization_production/HF_RUN3_V1/raw/MONASH/hf_MONASH_job424.root
SIGMAB_COUNTS tag=MONASH species=Sigma_b+ pdg=5222 slice=eta_ge_2 p=17 a=16 file=/data/alice/ipardoza/hadronization_production/HF_RUN3_V1/raw/MONASH/hf_MONASH_job424.root
SIGMAB_COUNTS tag=MONASH species=Sigma_b0 pdg=5212 slice=all p=35 a=19 file=/data/alice/ipardoza/hadronization_production/HF_RUN3_V1/raw/MONASH/hf_MONASH_job424.root
SIGMAB_COUNTS tag=MONASH species=Sigma_b0 pdg=5212 slice=eta_lt_1 p=8 a=4 file=/data/alice/ipardoza/hadronization_production/HF_RUN3_V1/raw/MONASH/hf_MONASH_job424.root
SIGMAB_COUNTS tag=MONASH species=Sigma_b0 pdg=5212 slice=eta_1_2 p=10 a=5 file=/data/alice/ipardoza/hadronization_production/HF_RUN3_V1/raw/MONASH/hf_MONASH_job424.root
SIGMAB_COUNTS tag=MONASH species=Sigma_b0 pdg=5212 slice=eta_ge_2 p=17 a=10 file=/data/alice/ipardoza/hadronization_production/HF_RUN3_V1/raw/MONASH/hf_MONASH_job424.root
SIGMAB_COUNTS tag=MONASH species=Sigma_b- pdg=5112 slice=all p=34 a=22 file=/data/alice/ipardoza/hadronization_production/HF_RUN3_V1/raw/MONASH/hf_MONASH_job424.root
SIGMAB_COUNTS tag=MONASH species=Sigma_b- pdg=5112 slice=eta_lt_1 p=6 a=2 file=/data/alice/ipardoza/hadronization_production/HF_RUN3_V1/raw/MONASH/hf_MONASH_job424.root
SIGMAB_COUNTS tag=MONASH species=Sigma_b- pdg=5112 slice=eta_1_2 p=6 a=2 file=/data/alice/ipardoza/hadronization_production/HF_RUN3_V1/raw/MONASH/hf_MONASH_job424.root
SIGMAB_COUNTS tag=MONASH species=Sigma_b- pdg=5112 slice=eta_ge_2 p=22 a=18 file=/data/alice/ipardoza/hadronization_production/HF_RUN3_V1/raw/MONASH/hf_MONASH_job424.root
SIGMAB_COUNTS tag=MONASH species=Sigma*_b+ pdg=5224 slice=all p=52 a=38 file=/data/alice/ipardoza/hadronization_production/HF_RUN3_V1/raw/MONASH/hf_MONASH_job424.root
SIGMAB_COUNTS tag=MONASH species=Sigma*_b+ pdg=5224 slice=eta_lt_1 p=11 a=6 file=/data/alice/ipardoza/hadronization_production/HF_RUN3_V1/raw/MONASH/hf_MONASH_job424.root
SIGMAB_COUNTS tag=MONASH species=Sigma*_b+ pdg=5224 slice=eta_1_2 p=5 a=9 file=/data/alice/ipardoza/hadronization_production/HF_RUN3_V1/raw/MONASH/hf_MONASH_job424.root
SIGMAB_COUNTS tag=MONASH species=Sigma*_b+ pdg=5224 slice=eta_ge_2 p=36 a=23 file=/data/alice/ipardoza/hadronization_production/HF_RUN3_V1/raw/MONASH/hf_MONASH_job424.root
SIGMAB_COUNTS tag=MONASH species=Sigma*_b0 pdg=5214 slice=all p=58 a=39 file=/data/alice/ipardoza/hadronization_production/HF_RUN3_V1/raw/MONASH/hf_MONASH_job424.root
SIGMAB_COUNTS tag=MONASH species=Sigma*_b0 pdg=5214 slice=eta_lt_1 p=16 a=9 file=/data/alice/ipardoza/hadronization_production/HF_RUN3_V1/raw/MONASH/hf_MONASH_job424.root
SIGMAB_COUNTS tag=MONASH species=Sigma*_b0 pdg=5214 slice=eta_1_2 p=10 a=6 file=/data/alice/ipardoza/hadronization_production/HF_RUN3_V1/raw/MONASH/hf_MONASH_job424.root
SIGMAB_COUNTS tag=MONASH species=Sigma*_b0 pdg=5214 slice=eta_ge_2 p=32 a=24 file=/data/alice/ipardoza/hadronization_production/HF_RUN3_V1/raw/MONASH/hf_MONASH_job424.root
SIGMAB_COUNTS tag=MONASH species=Sigma*_b- pdg=5114 slice=all p=44 a=36 file=/data/alice/ipardoza/hadronization_production/HF_RUN3_V1/raw/MONASH/hf_MONASH_job424.root
SIGMAB_COUNTS tag=MONASH species=Sigma*_b- pdg=5114 slice=eta_lt_1 p=4 a=5 file=/data/alice/ipardoza/hadronization_production/HF_RUN3_V1/raw/MONASH/hf_MONASH_job424.root
SIGMAB_COUNTS tag=MONASH species=Sigma*_b- pdg=5114 slice=eta_1_2 p=9 a=8 file=/data/alice/ipardoza/hadronization_production/HF_RUN3_V1/raw/MONASH/hf_MONASH_job424.root
SIGMAB_COUNTS tag=MONASH species=Sigma*_b- pdg=5114 slice=eta_ge_2 p=31 a=23 file=/data/alice/ipardoza/hadronization_production/HF_RUN3_V1/raw/MONASH/hf_MONASH_job424.root
SIGMAB_COUNTS tag=MONASH species=Lambda_b0 pdg=5122 slice=all p=287 a=314 file=/data/alice/ipardoza/hadronization_production/HF_RUN3_V1/raw/MONASH/hf_MONASH_job424.root
SIGMAB_COUNTS tag=MONASH species=Lambda_b0 pdg=5122 slice=eta_lt_1 p=43 a=62 file=/data/alice/ipardoza/hadronization_production/HF_RUN3_V1/raw/MONASH/hf_MONASH_job424.root
SIGMAB_COUNTS tag=MONASH species=Lambda_b0 pdg=5122 slice=eta_1_2 p=71 a=61 file=/data/alice/ipardoza/hadronization_production/HF_RUN3_V1/raw/MONASH/hf_MONASH_job424.root
SIGMAB_COUNTS tag=MONASH species=Lambda_b0 pdg=5122 slice=eta_ge_2 p=173 a=191 file=/data/alice/ipardoza/hadronization_production/HF_RUN3_V1/raw/MONASH/hf_MONASH_job424.root
SIGMAB_COUNTS tag=MONASH species=Xi_b0 pdg=5232 slice=all p=59 a=69 file=/data/alice/ipardoza/hadronization_production/HF_RUN3_V1/raw/MONASH/hf_MONASH_job424.root
SIGMAB_COUNTS tag=MONASH species=Xi_b0 pdg=5232 slice=eta_lt_1 p=13 a=12 file=/data/alice/ipardoza/hadronization_production/HF_RUN3_V1/raw/MONASH/hf_MONASH_job424.root
SIGMAB_COUNTS tag=MONASH species=Xi_b0 pdg=5232 slice=eta_1_2 p=13 a=13 file=/data/alice/ipardoza/hadronization_production/HF_RUN3_V1/raw/MONASH/hf_MONASH_job424.root
SIGMAB_COUNTS tag=MONASH species=Xi_b0 pdg=5232 slice=eta_ge_2 p=33 a=44 file=/data/alice/ipardoza/hadronization_production/HF_RUN3_V1/raw/MONASH/hf_MONASH_job424.root
SIGMAB_COUNTS tag=MONASH species=Xi_b- pdg=5132 slice=all p=50 a=55 file=/data/alice/ipardoza/hadronization_production/HF_RUN3_V1/raw/MONASH/hf_MONASH_job424.root
SIGMAB_COUNTS tag=MONASH species=Xi_b- pdg=5132 slice=eta_lt_1 p=9 a=15 file=/data/alice/ipardoza/hadronization_production/HF_RUN3_V1/raw/MONASH/hf_MONASH_job424.root
SIGMAB_COUNTS tag=MONASH species=Xi_b- pdg=5132 slice=eta_1_2 p=13 a=14 file=/data/alice/ipardoza/hadronization_production/HF_RUN3_V1/raw/MONASH/hf_MONASH_job424.root
SIGMAB_COUNTS tag=MONASH species=Xi_b- pdg=5132 slice=eta_ge_2 p=28 a=26 file=/data/alice/ipardoza/hadronization_production/HF_RUN3_V1/raw/MONASH/hf_MONASH_job424.root
SIGMAB_COUNTS tag=MONASH species=Sigma_b+ pdg=5222 slice=all p=37 a=20 file=/data/alice/ipardoza/hadronization_production/HF_RUN3_V1/raw/MONASH/hf_MONASH_job425.root
SIGMAB_COUNTS tag=MONASH species=Sigma_b+ pdg=5222 slice=eta_lt_1 p=5 a=5 file=/data/alice/ipardoza/hadronization_production/HF_RUN3_V1/raw/MONASH/hf_MONASH_job425.root
SIGMAB_COUNTS tag=MONASH species=Sigma_b+ pdg=5222 slice=eta_1_2 p=7 a=3 file=/data/alice/ipardoza/hadronization_production/HF_RUN3_V1/raw/MONASH/hf_MONASH_job425.root
SIGMAB_COUNTS tag=MONASH species=Sigma_b+ pdg=5222 slice=eta_ge_2 p=25 a=12 file=/data/alice/ipardoza/hadronization_production/HF_RUN3_V1/raw/MONASH/hf_MONASH_job425.root
SIGMAB_COUNTS tag=MONASH species=Sigma_b0 pdg=5212 slice=all p=41 a=25 file=/data/alice/ipardoza/hadronization_production/HF_RUN3_V1/raw/MONASH/hf_MONASH_job425.root
SIGMAB_COUNTS tag=MONASH species=Sigma_b0 pdg=5212 slice=eta_lt_1 p=9 a=7 file=/data/alice/ipardoza/hadronization_production/HF_RUN3_V1/raw/MONASH/hf_MONASH_job425.root
SIGMAB_COUNTS tag=MONASH species=Sigma_b0 pdg=5212 slice=eta_1_2 p=6 a=3 file=/data/alice/ipardoza/hadronization_production/HF_RUN3_V1/raw/MONASH/hf_MONASH_job425.root
SIGMAB_COUNTS tag=MONASH species=Sigma_b0 pdg=5212 slice=eta_ge_2 p=26 a=15 file=/data/alice/ipardoza/hadronization_production/HF_RUN3_V1/raw/MONASH/hf_MONASH_job425.root
SIGMAB_COUNTS tag=MONASH species=Sigma_b- pdg=5112 slice=all p=33 a=25 file=/data/alice/ipardoza/hadronization_production/HF_RUN3_V1/raw/MONASH/hf_MONASH_job425.root
SIGMAB_COUNTS tag=MONASH species=Sigma_b- pdg=5112 slice=eta_lt_1 p=3 a=3 file=/data/alice/ipardoza/hadronization_production/HF_RUN3_V1/raw/MONASH/hf_MONASH_job425.root
SIGMAB_COUNTS tag=MONASH species=Sigma_b- pdg=5112 slice=eta_1_2 p=5 a=5 file=/data/alice/ipardoza/hadronization_production/HF_RUN3_V1/raw/MONASH/hf_MONASH_job425.root
SIGMAB_COUNTS tag=MONASH species=Sigma_b- pdg=5112 slice=eta_ge_2 p=25 a=17 file=/data/alice/ipardoza/hadronization_production/HF_RUN3_V1/raw/MONASH/hf_MONASH_job425.root
SIGMAB_COUNTS tag=MONASH species=Sigma*_b+ pdg=5224 slice=all p=51 a=45 file=/data/alice/ipardoza/hadronization_production/HF_RUN3_V1/raw/MONASH/hf_MONASH_job425.root
SIGMAB_COUNTS tag=MONASH species=Sigma*_b+ pdg=5224 slice=eta_lt_1 p=5 a=13 file=/data/alice/ipardoza/hadronization_production/HF_RUN3_V1/raw/MONASH/hf_MONASH_job425.root
SIGMAB_COUNTS tag=MONASH species=Sigma*_b+ pdg=5224 slice=eta_1_2 p=7 a=7 file=/data/alice/ipardoza/hadronization_production/HF_RUN3_V1/raw/MONASH/hf_MONASH_job425.root
SIGMAB_COUNTS tag=MONASH species=Sigma*_b+ pdg=5224 slice=eta_ge_2 p=39 a=25 file=/data/alice/ipardoza/hadronization_production/HF_RUN3_V1/raw/MONASH/hf_MONASH_job425.root
SIGMAB_COUNTS tag=MONASH species=Sigma*_b0 pdg=5214 slice=all p=57 a=30 file=/data/alice/ipardoza/hadronization_production/HF_RUN3_V1/raw/MONASH/hf_MONASH_job425.root
SIGMAB_COUNTS tag=MONASH species=Sigma*_b0 pdg=5214 slice=eta_lt_1 p=7 a=6 file=/data/alice/ipardoza/hadronization_production/HF_RUN3_V1/raw/MONASH/hf_MONASH_job425.root
SIGMAB_COUNTS tag=MONASH species=Sigma*_b0 pdg=5214 slice=eta_1_2 p=11 a=5 file=/data/alice/ipardoza/hadronization_production/HF_RUN3_V1/raw/MONASH/hf_MONASH_job425.root
SIGMAB_COUNTS tag=MONASH species=Sigma*_b0 pdg=5214 slice=eta_ge_2 p=39 a=19 file=/data/alice/ipardoza/hadronization_production/HF_RUN3_V1/raw/MONASH/hf_MONASH_job425.root
SIGMAB_COUNTS tag=MONASH species=Sigma*_b- pdg=5114 slice=all p=50 a=40 file=/data/alice/ipardoza/hadronization_production/HF_RUN3_V1/raw/MONASH/hf_MONASH_job425.root
SIGMAB_COUNTS tag=MONASH species=Sigma*_b- pdg=5114 slice=eta_lt_1 p=9 a=11 file=/data/alice/ipardoza/hadronization_production/HF_RUN3_V1/raw/MONASH/hf_MONASH_job425.root
SIGMAB_COUNTS tag=MONASH species=Sigma*_b- pdg=5114 slice=eta_1_2 p=14 a=6 file=/data/alice/ipardoza/hadronization_production/HF_RUN3_V1/raw/MONASH/hf_MONASH_job425.root
SIGMAB_COUNTS tag=MONASH species=Sigma*_b- pdg=5114 slice=eta_ge_2 p=27 a=23 file=/data/alice/ipardoza/hadronization_production/HF_RUN3_V1/raw/MONASH/hf_MONASH_job425.root
SIGMAB_COUNTS tag=MONASH species=Lambda_b0 pdg=5122 slice=all p=307 a=321 file=/data/alice/ipardoza/hadronization_production/HF_RUN3_V1/raw/MONASH/hf_MONASH_job425.root
SIGMAB_COUNTS tag=MONASH species=Lambda_b0 pdg=5122 slice=eta_lt_1 p=59 a=44 file=/data/alice/ipardoza/hadronization_production/HF_RUN3_V1/raw/MONASH/hf_MONASH_job425.root
SIGMAB_COUNTS tag=MONASH species=Lambda_b0 pdg=5122 slice=eta_1_2 p=73 a=70 file=/data/alice/ipardoza/hadronization_production/HF_RUN3_V1/raw/MONASH/hf_MONASH_job425.root
SIGMAB_COUNTS tag=MONASH species=Lambda_b0 pdg=5122 slice=eta_ge_2 p=175 a=207 file=/data/alice/ipardoza/hadronization_production/HF_RUN3_V1/raw/MONASH/hf_MONASH_job425.root
SIGMAB_COUNTS tag=MONASH species=Xi_b0 pdg=5232 slice=all p=44 a=53 file=/data/alice/ipardoza/hadronization_production/HF_RUN3_V1/raw/MONASH/hf_MONASH_job425.root
SIGMAB_COUNTS tag=MONASH species=Xi_b0 pdg=5232 slice=eta_lt_1 p=9 a=9 file=/data/alice/ipardoza/hadronization_production/HF_RUN3_V1/raw/MONASH/hf_MONASH_job425.root
SIGMAB_COUNTS tag=MONASH species=Xi_b0 pdg=5232 slice=eta_1_2 p=10 a=10 file=/data/alice/ipardoza/hadronization_production/HF_RUN3_V1/raw/MONASH/hf_MONASH_job425.root
SIGMAB_COUNTS tag=MONASH species=Xi_b0 pdg=5232 slice=eta_ge_2 p=25 a=34 file=/data/alice/ipardoza/hadronization_production/HF_RUN3_V1/raw/MONASH/hf_MONASH_job425.root
SIGMAB_COUNTS tag=MONASH species=Xi_b- pdg=5132 slice=all p=51 a=59 file=/data/alice/ipardoza/hadronization_production/HF_RUN3_V1/raw/MONASH/hf_MONASH_job425.root
SIGMAB_COUNTS tag=MONASH species=Xi_b- pdg=5132 slice=eta_lt_1 p=13 a=12 file=/data/alice/ipardoza/hadronization_production/HF_RUN3_V1/raw/MONASH/hf_MONASH_job425.root
SIGMAB_COUNTS tag=MONASH species=Xi_b- pdg=5132 slice=eta_1_2 p=13 a=11 file=/data/alice/ipardoza/hadronization_production/HF_RUN3_V1/raw/MONASH/hf_MONASH_job425.root
SIGMAB_COUNTS tag=MONASH species=Xi_b- pdg=5132 slice=eta_ge_2 p=25 a=36 file=/data/alice/ipardoza/hadronization_production/HF_RUN3_V1/raw/MONASH/hf_MONASH_job425.root
SIGMAB_COUNTS tag=MONASH species=Sigma_b+ pdg=5222 slice=all p=26 a=20 file=/data/alice/ipardoza/hadronization_production/HF_RUN3_V1/raw/MONASH/hf_MONASH_job426.root
SIGMAB_COUNTS tag=MONASH species=Sigma_b+ pdg=5222 slice=eta_lt_1 p=0 a=4 file=/data/alice/ipardoza/hadronization_production/HF_RUN3_V1/raw/MONASH/hf_MONASH_job426.root
SIGMAB_COUNTS tag=MONASH species=Sigma_b+ pdg=5222 slice=eta_1_2 p=8 a=6 file=/data/alice/ipardoza/hadronization_production/HF_RUN3_V1/raw/MONASH/hf_MONASH_job426.root
SIGMAB_COUNTS tag=MONASH species=Sigma_b+ pdg=5222 slice=eta_ge_2 p=18 a=10 file=/data/alice/ipardoza/hadronization_production/HF_RUN3_V1/raw/MONASH/hf_MONASH_job426.root
SIGMAB_COUNTS tag=MONASH species=Sigma_b0 pdg=5212 slice=all p=35 a=27 file=/data/alice/ipardoza/hadronization_production/HF_RUN3_V1/raw/MONASH/hf_MONASH_job426.root
SIGMAB_COUNTS tag=MONASH species=Sigma_b0 pdg=5212 slice=eta_lt_1 p=6 a=4 file=/data/alice/ipardoza/hadronization_production/HF_RUN3_V1/raw/MONASH/hf_MONASH_job426.root
SIGMAB_COUNTS tag=MONASH species=Sigma_b0 pdg=5212 slice=eta_1_2 p=8 a=12 file=/data/alice/ipardoza/hadronization_production/HF_RUN3_V1/raw/MONASH/hf_MONASH_job426.root
SIGMAB_COUNTS tag=MONASH species=Sigma_b0 pdg=5212 slice=eta_ge_2 p=21 a=11 file=/data/alice/ipardoza/hadronization_production/HF_RUN3_V1/raw/MONASH/hf_MONASH_job426.root
SIGMAB_COUNTS tag=MONASH species=Sigma_b- pdg=5112 slice=all p=24 a=24 file=/data/alice/ipardoza/hadronization_production/HF_RUN3_V1/raw/MONASH/hf_MONASH_job426.root
SIGMAB_COUNTS tag=MONASH species=Sigma_b- pdg=5112 slice=eta_lt_1 p=1 a=10 file=/data/alice/ipardoza/hadronization_production/HF_RUN3_V1/raw/MONASH/hf_MONASH_job426.root
SIGMAB_COUNTS tag=MONASH species=Sigma_b- pdg=5112 slice=eta_1_2 p=5 a=5 file=/data/alice/ipardoza/hadronization_production/HF_RUN3_V1/raw/MONASH/hf_MONASH_job426.root
SIGMAB_COUNTS tag=MONASH species=Sigma_b- pdg=5112 slice=eta_ge_2 p=18 a=9 file=/data/alice/ipardoza/hadronization_production/HF_RUN3_V1/raw/MONASH/hf_MONASH_job426.root
SIGMAB_COUNTS tag=MONASH species=Sigma*_b+ pdg=5224 slice=all p=46 a=38 file=/data/alice/ipardoza/hadronization_production/HF_RUN3_V1/raw/MONASH/hf_MONASH_job426.root
SIGMAB_COUNTS tag=MONASH species=Sigma*_b+ pdg=5224 slice=eta_lt_1 p=4 a=6 file=/data/alice/ipardoza/hadronization_production/HF_RUN3_V1/raw/MONASH/hf_MONASH_job426.root
SIGMAB_COUNTS tag=MONASH species=Sigma*_b+ pdg=5224 slice=eta_1_2 p=8 a=11 file=/data/alice/ipardoza/hadronization_production/HF_RUN3_V1/raw/MONASH/hf_MONASH_job426.root
SIGMAB_COUNTS tag=MONASH species=Sigma*_b+ pdg=5224 slice=eta_ge_2 p=34 a=21 file=/data/alice/ipardoza/hadronization_production/HF_RUN3_V1/raw/MONASH/hf_MONASH_job426.root
SIGMAB_COUNTS tag=MONASH species=Sigma*_b0 pdg=5214 slice=all p=51 a=41 file=/data/alice/ipardoza/hadronization_production/HF_RUN3_V1/raw/MONASH/hf_MONASH_job426.root
SIGMAB_COUNTS tag=MONASH species=Sigma*_b0 pdg=5214 slice=eta_lt_1 p=7 a=6 file=/data/alice/ipardoza/hadronization_production/HF_RUN3_V1/raw/MONASH/hf_MONASH_job426.root
SIGMAB_COUNTS tag=MONASH species=Sigma*_b0 pdg=5214 slice=eta_1_2 p=11 a=12 file=/data/alice/ipardoza/hadronization_production/HF_RUN3_V1/raw/MONASH/hf_MONASH_job426.root
SIGMAB_COUNTS tag=MONASH species=Sigma*_b0 pdg=5214 slice=eta_ge_2 p=33 a=23 file=/data/alice/ipardoza/hadronization_production/HF_RUN3_V1/raw/MONASH/hf_MONASH_job426.root
SIGMAB_COUNTS tag=MONASH species=Sigma*_b- pdg=5114 slice=all p=44 a=44 file=/data/alice/ipardoza/hadronization_production/HF_RUN3_V1/raw/MONASH/hf_MONASH_job426.root
SIGMAB_COUNTS tag=MONASH species=Sigma*_b- pdg=5114 slice=eta_lt_1 p=11 a=8 file=/data/alice/ipardoza/hadronization_production/HF_RUN3_V1/raw/MONASH/hf_MONASH_job426.root
SIGMAB_COUNTS tag=MONASH species=Sigma*_b- pdg=5114 slice=eta_1_2 p=10 a=9 file=/data/alice/ipardoza/hadronization_production/HF_RUN3_V1/raw/MONASH/hf_MONASH_job426.root
SIGMAB_COUNTS tag=MONASH species=Sigma*_b- pdg=5114 slice=eta_ge_2 p=23 a=27 file=/data/alice/ipardoza/hadronization_production/HF_RUN3_V1/raw/MONASH/hf_MONASH_job426.root
SIGMAB_COUNTS tag=MONASH species=Lambda_b0 pdg=5122 slice=all p=320 a=305 file=/data/alice/ipardoza/hadronization_production/HF_RUN3_V1/raw/MONASH/hf_MONASH_job426.root
SIGMAB_COUNTS tag=MONASH species=Lambda_b0 pdg=5122 slice=eta_lt_1 p=70 a=61 file=/data/alice/ipardoza/hadronization_production/HF_RUN3_V1/raw/MONASH/hf_MONASH_job426.root
SIGMAB_COUNTS tag=MONASH species=Lambda_b0 pdg=5122 slice=eta_1_2 p=70 a=65 file=/data/alice/ipardoza/hadronization_production/HF_RUN3_V1/raw/MONASH/hf_MONASH_job426.root
SIGMAB_COUNTS tag=MONASH species=Lambda_b0 pdg=5122 slice=eta_ge_2 p=180 a=179 file=/data/alice/ipardoza/hadronization_production/HF_RUN3_V1/raw/MONASH/hf_MONASH_job426.root
SIGMAB_COUNTS tag=MONASH species=Xi_b0 pdg=5232 slice=all p=63 a=55 file=/data/alice/ipardoza/hadronization_production/HF_RUN3_V1/raw/MONASH/hf_MONASH_job426.root
SIGMAB_COUNTS tag=MONASH species=Xi_b0 pdg=5232 slice=eta_lt_1 p=12 a=13 file=/data/alice/ipardoza/hadronization_production/HF_RUN3_V1/raw/MONASH/hf_MONASH_job426.root
SIGMAB_COUNTS tag=MONASH species=Xi_b0 pdg=5232 slice=eta_1_2 p=18 a=11 file=/data/alice/ipardoza/hadronization_production/HF_RUN3_V1/raw/MONASH/hf_MONASH_job426.root
SIGMAB_COUNTS tag=MONASH species=Xi_b0 pdg=5232 slice=eta_ge_2 p=33 a=31 file=/data/alice/ipardoza/hadronization_production/HF_RUN3_V1/raw/MONASH/hf_MONASH_job426.root
SIGMAB_COUNTS tag=MONASH species=Xi_b- pdg=5132 slice=all p=54 a=53 file=/data/alice/ipardoza/hadronization_production/HF_RUN3_V1/raw/MONASH/hf_MONASH_job426.root
SIGMAB_COUNTS tag=MONASH species=Xi_b- pdg=5132 slice=eta_lt_1 p=9 a=15 file=/data/alice/ipardoza/hadronization_production/HF_RUN3_V1/raw/MONASH/hf_MONASH_job426.root
SIGMAB_COUNTS tag=MONASH species=Xi_b- pdg=5132 slice=eta_1_2 p=13 a=10 file=/data/alice/ipardoza/hadronization_production/HF_RUN3_V1/raw/MONASH/hf_MONASH_job426.root
SIGMAB_COUNTS tag=MONASH species=Xi_b- pdg=5132 slice=eta_ge_2 p=32 a=28 file=/data/alice/ipardoza/hadronization_production/HF_RUN3_V1/raw/MONASH/hf_MONASH_job426.root
SIGMAB_COUNTS tag=MONASH species=Sigma_b+ pdg=5222 slice=all p=41 a=16 file=/data/alice/ipardoza/hadronization_production/HF_RUN3_V1/raw/MONASH/hf_MONASH_job427.root
SIGMAB_COUNTS tag=MONASH species=Sigma_b+ pdg=5222 slice=eta_lt_1 p=5 a=3 file=/data/alice/ipardoza/hadronization_production/HF_RUN3_V1/raw/MONASH/hf_MONASH_job427.root
SIGMAB_COUNTS tag=MONASH species=Sigma_b+ pdg=5222 slice=eta_1_2 p=7 a=5 file=/data/alice/ipardoza/hadronization_production/HF_RUN3_V1/raw/MONASH/hf_MONASH_job427.root
SIGMAB_COUNTS tag=MONASH species=Sigma_b+ pdg=5222 slice=eta_ge_2 p=29 a=8 file=/data/alice/ipardoza/hadronization_production/HF_RUN3_V1/raw/MONASH/hf_MONASH_job427.root
SIGMAB_COUNTS tag=MONASH species=Sigma_b0 pdg=5212 slice=all p=47 a=19 file=/data/alice/ipardoza/hadronization_production/HF_RUN3_V1/raw/MONASH/hf_MONASH_job427.root
SIGMAB_COUNTS tag=MONASH species=Sigma_b0 pdg=5212 slice=eta_lt_1 p=6 a=3 file=/data/alice/ipardoza/hadronization_production/HF_RUN3_V1/raw/MONASH/hf_MONASH_job427.root
SIGMAB_COUNTS tag=MONASH species=Sigma_b0 pdg=5212 slice=eta_1_2 p=11 a=6 file=/data/alice/ipardoza/hadronization_production/HF_RUN3_V1/raw/MONASH/hf_MONASH_job427.root
SIGMAB_COUNTS tag=MONASH species=Sigma_b0 pdg=5212 slice=eta_ge_2 p=30 a=10 file=/data/alice/ipardoza/hadronization_production/HF_RUN3_V1/raw/MONASH/hf_MONASH_job427.root
SIGMAB_COUNTS tag=MONASH species=Sigma_b- pdg=5112 slice=all p=31 a=21 file=/data/alice/ipardoza/hadronization_production/HF_RUN3_V1/raw/MONASH/hf_MONASH_job427.root
SIGMAB_COUNTS tag=MONASH species=Sigma_b- pdg=5112 slice=eta_lt_1 p=0 a=7 file=/data/alice/ipardoza/hadronization_production/HF_RUN3_V1/raw/MONASH/hf_MONASH_job427.root
SIGMAB_COUNTS tag=MONASH species=Sigma_b- pdg=5112 slice=eta_1_2 p=6 a=6 file=/data/alice/ipardoza/hadronization_production/HF_RUN3_V1/raw/MONASH/hf_MONASH_job427.root
SIGMAB_COUNTS tag=MONASH species=Sigma_b- pdg=5112 slice=eta_ge_2 p=25 a=8 file=/data/alice/ipardoza/hadronization_production/HF_RUN3_V1/raw/MONASH/hf_MONASH_job427.root
SIGMAB_COUNTS tag=MONASH species=Sigma*_b+ pdg=5224 slice=all p=51 a=44 file=/data/alice/ipardoza/hadronization_production/HF_RUN3_V1/raw/MONASH/hf_MONASH_job427.root
SIGMAB_COUNTS tag=MONASH species=Sigma*_b+ pdg=5224 slice=eta_lt_1 p=6 a=3 file=/data/alice/ipardoza/hadronization_production/HF_RUN3_V1/raw/MONASH/hf_MONASH_job427.root
SIGMAB_COUNTS tag=MONASH species=Sigma*_b+ pdg=5224 slice=eta_1_2 p=8 a=11 file=/data/alice/ipardoza/hadronization_production/HF_RUN3_V1/raw/MONASH/hf_MONASH_job427.root
SIGMAB_COUNTS tag=MONASH species=Sigma*_b+ pdg=5224 slice=eta_ge_2 p=37 a=30 file=/data/alice/ipardoza/hadronization_production/HF_RUN3_V1/raw/MONASH/hf_MONASH_job427.root
SIGMAB_COUNTS tag=MONASH species=Sigma*_b0 pdg=5214 slice=all p=46 a=48 file=/data/alice/ipardoza/hadronization_production/HF_RUN3_V1/raw/MONASH/hf_MONASH_job427.root
SIGMAB_COUNTS tag=MONASH species=Sigma*_b0 pdg=5214 slice=eta_lt_1 p=6 a=6 file=/data/alice/ipardoza/hadronization_production/HF_RUN3_V1/raw/MONASH/hf_MONASH_job427.root
SIGMAB_COUNTS tag=MONASH species=Sigma*_b0 pdg=5214 slice=eta_1_2 p=11 a=13 file=/data/alice/ipardoza/hadronization_production/HF_RUN3_V1/raw/MONASH/hf_MONASH_job427.root
SIGMAB_COUNTS tag=MONASH species=Sigma*_b0 pdg=5214 slice=eta_ge_2 p=29 a=29 file=/data/alice/ipardoza/hadronization_production/HF_RUN3_V1/raw/MONASH/hf_MONASH_job427.root
SIGMAB_COUNTS tag=MONASH species=Sigma*_b- pdg=5114 slice=all p=49 a=49 file=/data/alice/ipardoza/hadronization_production/HF_RUN3_V1/raw/MONASH/hf_MONASH_job427.root
SIGMAB_COUNTS tag=MONASH species=Sigma*_b- pdg=5114 slice=eta_lt_1 p=6 a=5 file=/data/alice/ipardoza/hadronization_production/HF_RUN3_V1/raw/MONASH/hf_MONASH_job427.root
SIGMAB_COUNTS tag=MONASH species=Sigma*_b- pdg=5114 slice=eta_1_2 p=16 a=15 file=/data/alice/ipardoza/hadronization_production/HF_RUN3_V1/raw/MONASH/hf_MONASH_job427.root
SIGMAB_COUNTS tag=MONASH species=Sigma*_b- pdg=5114 slice=eta_ge_2 p=27 a=29 file=/data/alice/ipardoza/hadronization_production/HF_RUN3_V1/raw/MONASH/hf_MONASH_job427.root
SIGMAB_COUNTS tag=MONASH species=Lambda_b0 pdg=5122 slice=all p=329 a=337 file=/data/alice/ipardoza/hadronization_production/HF_RUN3_V1/raw/MONASH/hf_MONASH_job427.root
SIGMAB_COUNTS tag=MONASH species=Lambda_b0 pdg=5122 slice=eta_lt_1 p=65 a=59 file=/data/alice/ipardoza/hadronization_production/HF_RUN3_V1/raw/MONASH/hf_MONASH_job427.root
SIGMAB_COUNTS tag=MONASH species=Lambda_b0 pdg=5122 slice=eta_1_2 p=66 a=85 file=/data/alice/ipardoza/hadronization_production/HF_RUN3_V1/raw/MONASH/hf_MONASH_job427.root
SIGMAB_COUNTS tag=MONASH species=Lambda_b0 pdg=5122 slice=eta_ge_2 p=198 a=193 file=/data/alice/ipardoza/hadronization_production/HF_RUN3_V1/raw/MONASH/hf_MONASH_job427.root
SIGMAB_COUNTS tag=MONASH species=Xi_b0 pdg=5232 slice=all p=42 a=56 file=/data/alice/ipardoza/hadronization_production/HF_RUN3_V1/raw/MONASH/hf_MONASH_job427.root
SIGMAB_COUNTS tag=MONASH species=Xi_b0 pdg=5232 slice=eta_lt_1 p=12 a=12 file=/data/alice/ipardoza/hadronization_production/HF_RUN3_V1/raw/MONASH/hf_MONASH_job427.root
SIGMAB_COUNTS tag=MONASH species=Xi_b0 pdg=5232 slice=eta_1_2 p=7 a=11 file=/data/alice/ipardoza/hadronization_production/HF_RUN3_V1/raw/MONASH/hf_MONASH_job427.root
SIGMAB_COUNTS tag=MONASH species=Xi_b0 pdg=5232 slice=eta_ge_2 p=23 a=33 file=/data/alice/ipardoza/hadronization_production/HF_RUN3_V1/raw/MONASH/hf_MONASH_job427.root
SIGMAB_COUNTS tag=MONASH species=Xi_b- pdg=5132 slice=all p=56 a=53 file=/data/alice/ipardoza/hadronization_production/HF_RUN3_V1/raw/MONASH/hf_MONASH_job427.root
SIGMAB_COUNTS tag=MONASH species=Xi_b- pdg=5132 slice=eta_lt_1 p=12 a=8 file=/data/alice/ipardoza/hadronization_production/HF_RUN3_V1/raw/MONASH/hf_MONASH_job427.root
SIGMAB_COUNTS tag=MONASH species=Xi_b- pdg=5132 slice=eta_1_2 p=7 a=11 file=/data/alice/ipardoza/hadronization_production/HF_RUN3_V1/raw/MONASH/hf_MONASH_job427.root
SIGMAB_COUNTS tag=MONASH species=Xi_b- pdg=5132 slice=eta_ge_2 p=37 a=34 file=/data/alice/ipardoza/hadronization_production/HF_RUN3_V1/raw/MONASH/hf_MONASH_job427.root
SIGMAB_COUNTS tag=MONASH species=Sigma_b+ pdg=5222 slice=all p=37 a=17 file=/data/alice/ipardoza/hadronization_production/HF_RUN3_V1/raw/MONASH/hf_MONASH_job428.root
SIGMAB_COUNTS tag=MONASH species=Sigma_b+ pdg=5222 slice=eta_lt_1 p=3 a=2 file=/data/alice/ipardoza/hadronization_production/HF_RUN3_V1/raw/MONASH/hf_MONASH_job428.root
SIGMAB_COUNTS tag=MONASH species=Sigma_b+ pdg=5222 slice=eta_1_2 p=6 a=7 file=/data/alice/ipardoza/hadronization_production/HF_RUN3_V1/raw/MONASH/hf_MONASH_job428.root
SIGMAB_COUNTS tag=MONASH species=Sigma_b+ pdg=5222 slice=eta_ge_2 p=28 a=8 file=/data/alice/ipardoza/hadronization_production/HF_RUN3_V1/raw/MONASH/hf_MONASH_job428.root
SIGMAB_COUNTS tag=MONASH species=Sigma_b0 pdg=5212 slice=all p=41 a=26 file=/data/alice/ipardoza/hadronization_production/HF_RUN3_V1/raw/MONASH/hf_MONASH_job428.root
SIGMAB_COUNTS tag=MONASH species=Sigma_b0 pdg=5212 slice=eta_lt_1 p=9 a=11 file=/data/alice/ipardoza/hadronization_production/HF_RUN3_V1/raw/MONASH/hf_MONASH_job428.root
SIGMAB_COUNTS tag=MONASH species=Sigma_b0 pdg=5212 slice=eta_1_2 p=7 a=2 file=/data/alice/ipardoza/hadronization_production/HF_RUN3_V1/raw/MONASH/hf_MONASH_job428.root
SIGMAB_COUNTS tag=MONASH species=Sigma_b0 pdg=5212 slice=eta_ge_2 p=25 a=13 file=/data/alice/ipardoza/hadronization_production/HF_RUN3_V1/raw/MONASH/hf_MONASH_job428.root
SIGMAB_COUNTS tag=MONASH species=Sigma_b- pdg=5112 slice=all p=33 a=23 file=/data/alice/ipardoza/hadronization_production/HF_RUN3_V1/raw/MONASH/hf_MONASH_job428.root
SIGMAB_COUNTS tag=MONASH species=Sigma_b- pdg=5112 slice=eta_lt_1 p=3 a=3 file=/data/alice/ipardoza/hadronization_production/HF_RUN3_V1/raw/MONASH/hf_MONASH_job428.root
SIGMAB_COUNTS tag=MONASH species=Sigma_b- pdg=5112 slice=eta_1_2 p=7 a=8 file=/data/alice/ipardoza/hadronization_production/HF_RUN3_V1/raw/MONASH/hf_MONASH_job428.root
SIGMAB_COUNTS tag=MONASH species=Sigma_b- pdg=5112 slice=eta_ge_2 p=23 a=12 file=/data/alice/ipardoza/hadronization_production/HF_RUN3_V1/raw/MONASH/hf_MONASH_job428.root
SIGMAB_COUNTS tag=MONASH species=Sigma*_b+ pdg=5224 slice=all p=41 a=48 file=/data/alice/ipardoza/hadronization_production/HF_RUN3_V1/raw/MONASH/hf_MONASH_job428.root
SIGMAB_COUNTS tag=MONASH species=Sigma*_b+ pdg=5224 slice=eta_lt_1 p=6 a=3 file=/data/alice/ipardoza/hadronization_production/HF_RUN3_V1/raw/MONASH/hf_MONASH_job428.root
SIGMAB_COUNTS tag=MONASH species=Sigma*_b+ pdg=5224 slice=eta_1_2 p=9 a=13 file=/data/alice/ipardoza/hadronization_production/HF_RUN3_V1/raw/MONASH/hf_MONASH_job428.root
SIGMAB_COUNTS tag=MONASH species=Sigma*_b+ pdg=5224 slice=eta_ge_2 p=26 a=32 file=/data/alice/ipardoza/hadronization_production/HF_RUN3_V1/raw/MONASH/hf_MONASH_job428.root
SIGMAB_COUNTS tag=MONASH species=Sigma*_b0 pdg=5214 slice=all p=49 a=37 file=/data/alice/ipardoza/hadronization_production/HF_RUN3_V1/raw/MONASH/hf_MONASH_job428.root
SIGMAB_COUNTS tag=MONASH species=Sigma*_b0 pdg=5214 slice=eta_lt_1 p=9 a=11 file=/data/alice/ipardoza/hadronization_production/HF_RUN3_V1/raw/MONASH/hf_MONASH_job428.root
SIGMAB_COUNTS tag=MONASH species=Sigma*_b0 pdg=5214 slice=eta_1_2 p=12 a=10 file=/data/alice/ipardoza/hadronization_production/HF_RUN3_V1/raw/MONASH/hf_MONASH_job428.root
SIGMAB_COUNTS tag=MONASH species=Sigma*_b0 pdg=5214 slice=eta_ge_2 p=28 a=16 file=/data/alice/ipardoza/hadronization_production/HF_RUN3_V1/raw/MONASH/hf_MONASH_job428.root
SIGMAB_COUNTS tag=MONASH species=Sigma*_b- pdg=5114 slice=all p=48 a=41 file=/data/alice/ipardoza/hadronization_production/HF_RUN3_V1/raw/MONASH/hf_MONASH_job428.root
SIGMAB_COUNTS tag=MONASH species=Sigma*_b- pdg=5114 slice=eta_lt_1 p=6 a=8 file=/data/alice/ipardoza/hadronization_production/HF_RUN3_V1/raw/MONASH/hf_MONASH_job428.root
SIGMAB_COUNTS tag=MONASH species=Sigma*_b- pdg=5114 slice=eta_1_2 p=10 a=8 file=/data/alice/ipardoza/hadronization_production/HF_RUN3_V1/raw/MONASH/hf_MONASH_job428.root
SIGMAB_COUNTS tag=MONASH species=Sigma*_b- pdg=5114 slice=eta_ge_2 p=32 a=25 file=/data/alice/ipardoza/hadronization_production/HF_RUN3_V1/raw/MONASH/hf_MONASH_job428.root
SIGMAB_COUNTS tag=MONASH species=Lambda_b0 pdg=5122 slice=all p=292 a=299 file=/data/alice/ipardoza/hadronization_production/HF_RUN3_V1/raw/MONASH/hf_MONASH_job428.root
SIGMAB_COUNTS tag=MONASH species=Lambda_b0 pdg=5122 slice=eta_lt_1 p=45 a=66 file=/data/alice/ipardoza/hadronization_production/HF_RUN3_V1/raw/MONASH/hf_MONASH_job428.root
SIGMAB_COUNTS tag=MONASH species=Lambda_b0 pdg=5122 slice=eta_1_2 p=61 a=51 file=/data/alice/ipardoza/hadronization_production/HF_RUN3_V1/raw/MONASH/hf_MONASH_job428.root
SIGMAB_COUNTS tag=MONASH species=Lambda_b0 pdg=5122 slice=eta_ge_2 p=186 a=182 file=/data/alice/ipardoza/hadronization_production/HF_RUN3_V1/raw/MONASH/hf_MONASH_job428.root
SIGMAB_COUNTS tag=MONASH species=Xi_b0 pdg=5232 slice=all p=53 a=65 file=/data/alice/ipardoza/hadronization_production/HF_RUN3_V1/raw/MONASH/hf_MONASH_job428.root
SIGMAB_COUNTS tag=MONASH species=Xi_b0 pdg=5232 slice=eta_lt_1 p=11 a=16 file=/data/alice/ipardoza/hadronization_production/HF_RUN3_V1/raw/MONASH/hf_MONASH_job428.root
SIGMAB_COUNTS tag=MONASH species=Xi_b0 pdg=5232 slice=eta_1_2 p=12 a=17 file=/data/alice/ipardoza/hadronization_production/HF_RUN3_V1/raw/MONASH/hf_MONASH_job428.root
SIGMAB_COUNTS tag=MONASH species=Xi_b0 pdg=5232 slice=eta_ge_2 p=30 a=32 file=/data/alice/ipardoza/hadronization_production/HF_RUN3_V1/raw/MONASH/hf_MONASH_job428.root
SIGMAB_COUNTS tag=MONASH species=Xi_b- pdg=5132 slice=all p=65 a=43 file=/data/alice/ipardoza/hadronization_production/HF_RUN3_V1/raw/MONASH/hf_MONASH_job428.root
SIGMAB_COUNTS tag=MONASH species=Xi_b- pdg=5132 slice=eta_lt_1 p=10 a=6 file=/data/alice/ipardoza/hadronization_production/HF_RUN3_V1/raw/MONASH/hf_MONASH_job428.root
SIGMAB_COUNTS tag=MONASH species=Xi_b- pdg=5132 slice=eta_1_2 p=22 a=15 file=/data/alice/ipardoza/hadronization_production/HF_RUN3_V1/raw/MONASH/hf_MONASH_job428.root
SIGMAB_COUNTS tag=MONASH species=Xi_b- pdg=5132 slice=eta_ge_2 p=33 a=22 file=/data/alice/ipardoza/hadronization_production/HF_RUN3_V1/raw/MONASH/hf_MONASH_job428.root
SIGMAB_COUNTS tag=MONASH species=Sigma_b+ pdg=5222 slice=all p=32 a=24 file=/data/alice/ipardoza/hadronization_production/HF_RUN3_V1/raw/MONASH/hf_MONASH_job429.root
SIGMAB_COUNTS tag=MONASH species=Sigma_b+ pdg=5222 slice=eta_lt_1 p=2 a=2 file=/data/alice/ipardoza/hadronization_production/HF_RUN3_V1/raw/MONASH/hf_MONASH_job429.root
SIGMAB_COUNTS tag=MONASH species=Sigma_b+ pdg=5222 slice=eta_1_2 p=6 a=4 file=/data/alice/ipardoza/hadronization_production/HF_RUN3_V1/raw/MONASH/hf_MONASH_job429.root
SIGMAB_COUNTS tag=MONASH species=Sigma_b+ pdg=5222 slice=eta_ge_2 p=24 a=18 file=/data/alice/ipardoza/hadronization_production/HF_RUN3_V1/raw/MONASH/hf_MONASH_job429.root
SIGMAB_COUNTS tag=MONASH species=Sigma_b0 pdg=5212 slice=all p=32 a=14 file=/data/alice/ipardoza/hadronization_production/HF_RUN3_V1/raw/MONASH/hf_MONASH_job429.root
SIGMAB_COUNTS tag=MONASH species=Sigma_b0 pdg=5212 slice=eta_lt_1 p=2 a=3 file=/data/alice/ipardoza/hadronization_production/HF_RUN3_V1/raw/MONASH/hf_MONASH_job429.root
SIGMAB_COUNTS tag=MONASH species=Sigma_b0 pdg=5212 slice=eta_1_2 p=7 a=4 file=/data/alice/ipardoza/hadronization_production/HF_RUN3_V1/raw/MONASH/hf_MONASH_job429.root
SIGMAB_COUNTS tag=MONASH species=Sigma_b0 pdg=5212 slice=eta_ge_2 p=23 a=7 file=/data/alice/ipardoza/hadronization_production/HF_RUN3_V1/raw/MONASH/hf_MONASH_job429.root
SIGMAB_COUNTS tag=MONASH species=Sigma_b- pdg=5112 slice=all p=37 a=21 file=/data/alice/ipardoza/hadronization_production/HF_RUN3_V1/raw/MONASH/hf_MONASH_job429.root
SIGMAB_COUNTS tag=MONASH species=Sigma_b- pdg=5112 slice=eta_lt_1 p=6 a=3 file=/data/alice/ipardoza/hadronization_production/HF_RUN3_V1/raw/MONASH/hf_MONASH_job429.root
SIGMAB_COUNTS tag=MONASH species=Sigma_b- pdg=5112 slice=eta_1_2 p=3 a=4 file=/data/alice/ipardoza/hadronization_production/HF_RUN3_V1/raw/MONASH/hf_MONASH_job429.root
SIGMAB_COUNTS tag=MONASH species=Sigma_b- pdg=5112 slice=eta_ge_2 p=28 a=14 file=/data/alice/ipardoza/hadronization_production/HF_RUN3_V1/raw/MONASH/hf_MONASH_job429.root
SIGMAB_COUNTS tag=MONASH species=Sigma*_b+ pdg=5224 slice=all p=61 a=44 file=/data/alice/ipardoza/hadronization_production/HF_RUN3_V1/raw/MONASH/hf_MONASH_job429.root
SIGMAB_COUNTS tag=MONASH species=Sigma*_b+ pdg=5224 slice=eta_lt_1 p=12 a=7 file=/data/alice/ipardoza/hadronization_production/HF_RUN3_V1/raw/MONASH/hf_MONASH_job429.root
SIGMAB_COUNTS tag=MONASH species=Sigma*_b+ pdg=5224 slice=eta_1_2 p=9 a=13 file=/data/alice/ipardoza/hadronization_production/HF_RUN3_V1/raw/MONASH/hf_MONASH_job429.root
SIGMAB_COUNTS tag=MONASH species=Sigma*_b+ pdg=5224 slice=eta_ge_2 p=40 a=24 file=/data/alice/ipardoza/hadronization_production/HF_RUN3_V1/raw/MONASH/hf_MONASH_job429.root
SIGMAB_COUNTS tag=MONASH species=Sigma*_b0 pdg=5214 slice=all p=65 a=38 file=/data/alice/ipardoza/hadronization_production/HF_RUN3_V1/raw/MONASH/hf_MONASH_job429.root
SIGMAB_COUNTS tag=MONASH species=Sigma*_b0 pdg=5214 slice=eta_lt_1 p=12 a=8 file=/data/alice/ipardoza/hadronization_production/HF_RUN3_V1/raw/MONASH/hf_MONASH_job429.root
SIGMAB_COUNTS tag=MONASH species=Sigma*_b0 pdg=5214 slice=eta_1_2 p=13 a=4 file=/data/alice/ipardoza/hadronization_production/HF_RUN3_V1/raw/MONASH/hf_MONASH_job429.root
SIGMAB_COUNTS tag=MONASH species=Sigma*_b0 pdg=5214 slice=eta_ge_2 p=40 a=26 file=/data/alice/ipardoza/hadronization_production/HF_RUN3_V1/raw/MONASH/hf_MONASH_job429.root
SIGMAB_COUNTS tag=MONASH species=Sigma*_b- pdg=5114 slice=all p=44 a=46 file=/data/alice/ipardoza/hadronization_production/HF_RUN3_V1/raw/MONASH/hf_MONASH_job429.root
SIGMAB_COUNTS tag=MONASH species=Sigma*_b- pdg=5114 slice=eta_lt_1 p=10 a=16 file=/data/alice/ipardoza/hadronization_production/HF_RUN3_V1/raw/MONASH/hf_MONASH_job429.root
SIGMAB_COUNTS tag=MONASH species=Sigma*_b- pdg=5114 slice=eta_1_2 p=9 a=9 file=/data/alice/ipardoza/hadronization_production/HF_RUN3_V1/raw/MONASH/hf_MONASH_job429.root
SIGMAB_COUNTS tag=MONASH species=Sigma*_b- pdg=5114 slice=eta_ge_2 p=25 a=21 file=/data/alice/ipardoza/hadronization_production/HF_RUN3_V1/raw/MONASH/hf_MONASH_job429.root
SIGMAB_COUNTS tag=MONASH species=Lambda_b0 pdg=5122 slice=all p=332 a=351 file=/data/alice/ipardoza/hadronization_production/HF_RUN3_V1/raw/MONASH/hf_MONASH_job429.root
SIGMAB_COUNTS tag=MONASH species=Lambda_b0 pdg=5122 slice=eta_lt_1 p=70 a=55 file=/data/alice/ipardoza/hadronization_production/HF_RUN3_V1/raw/MONASH/hf_MONASH_job429.root
SIGMAB_COUNTS tag=MONASH species=Lambda_b0 pdg=5122 slice=eta_1_2 p=68 a=85 file=/data/alice/ipardoza/hadronization_production/HF_RUN3_V1/raw/MONASH/hf_MONASH_job429.root
SIGMAB_COUNTS tag=MONASH species=Lambda_b0 pdg=5122 slice=eta_ge_2 p=194 a=211 file=/data/alice/ipardoza/hadronization_production/HF_RUN3_V1/raw/MONASH/hf_MONASH_job429.root
SIGMAB_COUNTS tag=MONASH species=Xi_b0 pdg=5232 slice=all p=77 a=52 file=/data/alice/ipardoza/hadronization_production/HF_RUN3_V1/raw/MONASH/hf_MONASH_job429.root
SIGMAB_COUNTS tag=MONASH species=Xi_b0 pdg=5232 slice=eta_lt_1 p=8 a=9 file=/data/alice/ipardoza/hadronization_production/HF_RUN3_V1/raw/MONASH/hf_MONASH_job429.root
SIGMAB_COUNTS tag=MONASH species=Xi_b0 pdg=5232 slice=eta_1_2 p=18 a=8 file=/data/alice/ipardoza/hadronization_production/HF_RUN3_V1/raw/MONASH/hf_MONASH_job429.root
SIGMAB_COUNTS tag=MONASH species=Xi_b0 pdg=5232 slice=eta_ge_2 p=51 a=35 file=/data/alice/ipardoza/hadronization_production/HF_RUN3_V1/raw/MONASH/hf_MONASH_job429.root
SIGMAB_COUNTS tag=MONASH species=Xi_b- pdg=5132 slice=all p=48 a=51 file=/data/alice/ipardoza/hadronization_production/HF_RUN3_V1/raw/MONASH/hf_MONASH_job429.root
SIGMAB_COUNTS tag=MONASH species=Xi_b- pdg=5132 slice=eta_lt_1 p=3 a=7 file=/data/alice/ipardoza/hadronization_production/HF_RUN3_V1/raw/MONASH/hf_MONASH_job429.root
SIGMAB_COUNTS tag=MONASH species=Xi_b- pdg=5132 slice=eta_1_2 p=16 a=10 file=/data/alice/ipardoza/hadronization_production/HF_RUN3_V1/raw/MONASH/hf_MONASH_job429.root
SIGMAB_COUNTS tag=MONASH species=Xi_b- pdg=5132 slice=eta_ge_2 p=29 a=34 file=/data/alice/ipardoza/hadronization_production/HF_RUN3_V1/raw/MONASH/hf_MONASH_job429.root
SIGMAB_COUNTS tag=MONASH species=Sigma_b+ pdg=5222 slice=all p=47 a=20 file=/data/alice/ipardoza/hadronization_production/HF_RUN3_V1/raw/MONASH/hf_MONASH_job430.root
SIGMAB_COUNTS tag=MONASH species=Sigma_b+ pdg=5222 slice=eta_lt_1 p=8 a=2 file=/data/alice/ipardoza/hadronization_production/HF_RUN3_V1/raw/MONASH/hf_MONASH_job430.root
SIGMAB_COUNTS tag=MONASH species=Sigma_b+ pdg=5222 slice=eta_1_2 p=11 a=3 file=/data/alice/ipardoza/hadronization_production/HF_RUN3_V1/raw/MONASH/hf_MONASH_job430.root
SIGMAB_COUNTS tag=MONASH species=Sigma_b+ pdg=5222 slice=eta_ge_2 p=28 a=15 file=/data/alice/ipardoza/hadronization_production/HF_RUN3_V1/raw/MONASH/hf_MONASH_job430.root
SIGMAB_COUNTS tag=MONASH species=Sigma_b0 pdg=5212 slice=all p=25 a=17 file=/data/alice/ipardoza/hadronization_production/HF_RUN3_V1/raw/MONASH/hf_MONASH_job430.root
SIGMAB_COUNTS tag=MONASH species=Sigma_b0 pdg=5212 slice=eta_lt_1 p=5 a=0 file=/data/alice/ipardoza/hadronization_production/HF_RUN3_V1/raw/MONASH/hf_MONASH_job430.root
SIGMAB_COUNTS tag=MONASH species=Sigma_b0 pdg=5212 slice=eta_1_2 p=8 a=5 file=/data/alice/ipardoza/hadronization_production/HF_RUN3_V1/raw/MONASH/hf_MONASH_job430.root
SIGMAB_COUNTS tag=MONASH species=Sigma_b0 pdg=5212 slice=eta_ge_2 p=12 a=12 file=/data/alice/ipardoza/hadronization_production/HF_RUN3_V1/raw/MONASH/hf_MONASH_job430.root
SIGMAB_COUNTS tag=MONASH species=Sigma_b- pdg=5112 slice=all p=27 a=19 file=/data/alice/ipardoza/hadronization_production/HF_RUN3_V1/raw/MONASH/hf_MONASH_job430.root
SIGMAB_COUNTS tag=MONASH species=Sigma_b- pdg=5112 slice=eta_lt_1 p=4 a=3 file=/data/alice/ipardoza/hadronization_production/HF_RUN3_V1/raw/MONASH/hf_MONASH_job430.root
SIGMAB_COUNTS tag=MONASH species=Sigma_b- pdg=5112 slice=eta_1_2 p=7 a=1 file=/data/alice/ipardoza/hadronization_production/HF_RUN3_V1/raw/MONASH/hf_MONASH_job430.root
SIGMAB_COUNTS tag=MONASH species=Sigma_b- pdg=5112 slice=eta_ge_2 p=16 a=15 file=/data/alice/ipardoza/hadronization_production/HF_RUN3_V1/raw/MONASH/hf_MONASH_job430.root
SIGMAB_COUNTS tag=MONASH species=Sigma*_b+ pdg=5224 slice=all p=63 a=32 file=/data/alice/ipardoza/hadronization_production/HF_RUN3_V1/raw/MONASH/hf_MONASH_job430.root
SIGMAB_COUNTS tag=MONASH species=Sigma*_b+ pdg=5224 slice=eta_lt_1 p=8 a=5 file=/data/alice/ipardoza/hadronization_production/HF_RUN3_V1/raw/MONASH/hf_MONASH_job430.root
SIGMAB_COUNTS tag=MONASH species=Sigma*_b+ pdg=5224 slice=eta_1_2 p=12 a=5 file=/data/alice/ipardoza/hadronization_production/HF_RUN3_V1/raw/MONASH/hf_MONASH_job430.root
SIGMAB_COUNTS tag=MONASH species=Sigma*_b+ pdg=5224 slice=eta_ge_2 p=43 a=22 file=/data/alice/ipardoza/hadronization_production/HF_RUN3_V1/raw/MONASH/hf_MONASH_job430.root
SIGMAB_COUNTS tag=MONASH species=Sigma*_b0 pdg=5214 slice=all p=48 a=47 file=/data/alice/ipardoza/hadronization_production/HF_RUN3_V1/raw/MONASH/hf_MONASH_job430.root
SIGMAB_COUNTS tag=MONASH species=Sigma*_b0 pdg=5214 slice=eta_lt_1 p=7 a=12 file=/data/alice/ipardoza/hadronization_production/HF_RUN3_V1/raw/MONASH/hf_MONASH_job430.root
SIGMAB_COUNTS tag=MONASH species=Sigma*_b0 pdg=5214 slice=eta_1_2 p=6 a=10 file=/data/alice/ipardoza/hadronization_production/HF_RUN3_V1/raw/MONASH/hf_MONASH_job430.root
SIGMAB_COUNTS tag=MONASH species=Sigma*_b0 pdg=5214 slice=eta_ge_2 p=35 a=25 file=/data/alice/ipardoza/hadronization_production/HF_RUN3_V1/raw/MONASH/hf_MONASH_job430.root
SIGMAB_COUNTS tag=MONASH species=Sigma*_b- pdg=5114 slice=all p=40 a=40 file=/data/alice/ipardoza/hadronization_production/HF_RUN3_V1/raw/MONASH/hf_MONASH_job430.root
SIGMAB_COUNTS tag=MONASH species=Sigma*_b- pdg=5114 slice=eta_lt_1 p=9 a=6 file=/data/alice/ipardoza/hadronization_production/HF_RUN3_V1/raw/MONASH/hf_MONASH_job430.root
SIGMAB_COUNTS tag=MONASH species=Sigma*_b- pdg=5114 slice=eta_1_2 p=6 a=7 file=/data/alice/ipardoza/hadronization_production/HF_RUN3_V1/raw/MONASH/hf_MONASH_job430.root
SIGMAB_COUNTS tag=MONASH species=Sigma*_b- pdg=5114 slice=eta_ge_2 p=25 a=27 file=/data/alice/ipardoza/hadronization_production/HF_RUN3_V1/raw/MONASH/hf_MONASH_job430.root
SIGMAB_COUNTS tag=MONASH species=Lambda_b0 pdg=5122 slice=all p=301 a=318 file=/data/alice/ipardoza/hadronization_production/HF_RUN3_V1/raw/MONASH/hf_MONASH_job430.root
SIGMAB_COUNTS tag=MONASH species=Lambda_b0 pdg=5122 slice=eta_lt_1 p=53 a=54 file=/data/alice/ipardoza/hadronization_production/HF_RUN3_V1/raw/MONASH/hf_MONASH_job430.root
SIGMAB_COUNTS tag=MONASH species=Lambda_b0 pdg=5122 slice=eta_1_2 p=73 a=55 file=/data/alice/ipardoza/hadronization_production/HF_RUN3_V1/raw/MONASH/hf_MONASH_job430.root
SIGMAB_COUNTS tag=MONASH species=Lambda_b0 pdg=5122 slice=eta_ge_2 p=175 a=209 file=/data/alice/ipardoza/hadronization_production/HF_RUN3_V1/raw/MONASH/hf_MONASH_job430.root
SIGMAB_COUNTS tag=MONASH species=Xi_b0 pdg=5232 slice=all p=49 a=65 file=/data/alice/ipardoza/hadronization_production/HF_RUN3_V1/raw/MONASH/hf_MONASH_job430.root
SIGMAB_COUNTS tag=MONASH species=Xi_b0 pdg=5232 slice=eta_lt_1 p=4 a=8 file=/data/alice/ipardoza/hadronization_production/HF_RUN3_V1/raw/MONASH/hf_MONASH_job430.root
SIGMAB_COUNTS tag=MONASH species=Xi_b0 pdg=5232 slice=eta_1_2 p=10 a=11 file=/data/alice/ipardoza/hadronization_production/HF_RUN3_V1/raw/MONASH/hf_MONASH_job430.root
SIGMAB_COUNTS tag=MONASH species=Xi_b0 pdg=5232 slice=eta_ge_2 p=35 a=46 file=/data/alice/ipardoza/hadronization_production/HF_RUN3_V1/raw/MONASH/hf_MONASH_job430.root
SIGMAB_COUNTS tag=MONASH species=Xi_b- pdg=5132 slice=all p=69 a=52 file=/data/alice/ipardoza/hadronization_production/HF_RUN3_V1/raw/MONASH/hf_MONASH_job430.root
SIGMAB_COUNTS tag=MONASH species=Xi_b- pdg=5132 slice=eta_lt_1 p=14 a=10 file=/data/alice/ipardoza/hadronization_production/HF_RUN3_V1/raw/MONASH/hf_MONASH_job430.root
SIGMAB_COUNTS tag=MONASH species=Xi_b- pdg=5132 slice=eta_1_2 p=14 a=11 file=/data/alice/ipardoza/hadronization_production/HF_RUN3_V1/raw/MONASH/hf_MONASH_job430.root
SIGMAB_COUNTS tag=MONASH species=Xi_b- pdg=5132 slice=eta_ge_2 p=41 a=31 file=/data/alice/ipardoza/hadronization_production/HF_RUN3_V1/raw/MONASH/hf_MONASH_job430.root
SIGMAB_COUNTS tag=MONASH species=Sigma_b+ pdg=5222 slice=all p=36 a=20 file=/data/alice/ipardoza/hadronization_production/HF_RUN3_V1/raw/MONASH/hf_MONASH_job431.root
SIGMAB_COUNTS tag=MONASH species=Sigma_b+ pdg=5222 slice=eta_lt_1 p=4 a=2 file=/data/alice/ipardoza/hadronization_production/HF_RUN3_V1/raw/MONASH/hf_MONASH_job431.root
SIGMAB_COUNTS tag=MONASH species=Sigma_b+ pdg=5222 slice=eta_1_2 p=6 a=4 file=/data/alice/ipardoza/hadronization_production/HF_RUN3_V1/raw/MONASH/hf_MONASH_job431.root
SIGMAB_COUNTS tag=MONASH species=Sigma_b+ pdg=5222 slice=eta_ge_2 p=26 a=14 file=/data/alice/ipardoza/hadronization_production/HF_RUN3_V1/raw/MONASH/hf_MONASH_job431.root
SIGMAB_COUNTS tag=MONASH species=Sigma_b0 pdg=5212 slice=all p=32 a=23 file=/data/alice/ipardoza/hadronization_production/HF_RUN3_V1/raw/MONASH/hf_MONASH_job431.root
SIGMAB_COUNTS tag=MONASH species=Sigma_b0 pdg=5212 slice=eta_lt_1 p=5 a=5 file=/data/alice/ipardoza/hadronization_production/HF_RUN3_V1/raw/MONASH/hf_MONASH_job431.root
SIGMAB_COUNTS tag=MONASH species=Sigma_b0 pdg=5212 slice=eta_1_2 p=5 a=7 file=/data/alice/ipardoza/hadronization_production/HF_RUN3_V1/raw/MONASH/hf_MONASH_job431.root
SIGMAB_COUNTS tag=MONASH species=Sigma_b0 pdg=5212 slice=eta_ge_2 p=22 a=11 file=/data/alice/ipardoza/hadronization_production/HF_RUN3_V1/raw/MONASH/hf_MONASH_job431.root
SIGMAB_COUNTS tag=MONASH species=Sigma_b- pdg=5112 slice=all p=42 a=32 file=/data/alice/ipardoza/hadronization_production/HF_RUN3_V1/raw/MONASH/hf_MONASH_job431.root
SIGMAB_COUNTS tag=MONASH species=Sigma_b- pdg=5112 slice=eta_lt_1 p=3 a=1 file=/data/alice/ipardoza/hadronization_production/HF_RUN3_V1/raw/MONASH/hf_MONASH_job431.root
SIGMAB_COUNTS tag=MONASH species=Sigma_b- pdg=5112 slice=eta_1_2 p=7 a=10 file=/data/alice/ipardoza/hadronization_production/HF_RUN3_V1/raw/MONASH/hf_MONASH_job431.root
SIGMAB_COUNTS tag=MONASH species=Sigma_b- pdg=5112 slice=eta_ge_2 p=32 a=21 file=/data/alice/ipardoza/hadronization_production/HF_RUN3_V1/raw/MONASH/hf_MONASH_job431.root
SIGMAB_COUNTS tag=MONASH species=Sigma*_b+ pdg=5224 slice=all p=56 a=46 file=/data/alice/ipardoza/hadronization_production/HF_RUN3_V1/raw/MONASH/hf_MONASH_job431.root
SIGMAB_COUNTS tag=MONASH species=Sigma*_b+ pdg=5224 slice=eta_lt_1 p=7 a=7 file=/data/alice/ipardoza/hadronization_production/HF_RUN3_V1/raw/MONASH/hf_MONASH_job431.root
SIGMAB_COUNTS tag=MONASH species=Sigma*_b+ pdg=5224 slice=eta_1_2 p=18 a=11 file=/data/alice/ipardoza/hadronization_production/HF_RUN3_V1/raw/MONASH/hf_MONASH_job431.root
SIGMAB_COUNTS tag=MONASH species=Sigma*_b+ pdg=5224 slice=eta_ge_2 p=31 a=28 file=/data/alice/ipardoza/hadronization_production/HF_RUN3_V1/raw/MONASH/hf_MONASH_job431.root
SIGMAB_COUNTS tag=MONASH species=Sigma*_b0 pdg=5214 slice=all p=55 a=38 file=/data/alice/ipardoza/hadronization_production/HF_RUN3_V1/raw/MONASH/hf_MONASH_job431.root
SIGMAB_COUNTS tag=MONASH species=Sigma*_b0 pdg=5214 slice=eta_lt_1 p=12 a=4 file=/data/alice/ipardoza/hadronization_production/HF_RUN3_V1/raw/MONASH/hf_MONASH_job431.root
SIGMAB_COUNTS tag=MONASH species=Sigma*_b0 pdg=5214 slice=eta_1_2 p=12 a=8 file=/data/alice/ipardoza/hadronization_production/HF_RUN3_V1/raw/MONASH/hf_MONASH_job431.root
SIGMAB_COUNTS tag=MONASH species=Sigma*_b0 pdg=5214 slice=eta_ge_2 p=31 a=26 file=/data/alice/ipardoza/hadronization_production/HF_RUN3_V1/raw/MONASH/hf_MONASH_job431.root
SIGMAB_COUNTS tag=MONASH species=Sigma*_b- pdg=5114 slice=all p=47 a=42 file=/data/alice/ipardoza/hadronization_production/HF_RUN3_V1/raw/MONASH/hf_MONASH_job431.root
SIGMAB_COUNTS tag=MONASH species=Sigma*_b- pdg=5114 slice=eta_lt_1 p=9 a=8 file=/data/alice/ipardoza/hadronization_production/HF_RUN3_V1/raw/MONASH/hf_MONASH_job431.root
SIGMAB_COUNTS tag=MONASH species=Sigma*_b- pdg=5114 slice=eta_1_2 p=9 a=7 file=/data/alice/ipardoza/hadronization_production/HF_RUN3_V1/raw/MONASH/hf_MONASH_job431.root
SIGMAB_COUNTS tag=MONASH species=Sigma*_b- pdg=5114 slice=eta_ge_2 p=29 a=27 file=/data/alice/ipardoza/hadronization_production/HF_RUN3_V1/raw/MONASH/hf_MONASH_job431.root
SIGMAB_COUNTS tag=MONASH species=Lambda_b0 pdg=5122 slice=all p=294 a=317 file=/data/alice/ipardoza/hadronization_production/HF_RUN3_V1/raw/MONASH/hf_MONASH_job431.root
SIGMAB_COUNTS tag=MONASH species=Lambda_b0 pdg=5122 slice=eta_lt_1 p=51 a=48 file=/data/alice/ipardoza/hadronization_production/HF_RUN3_V1/raw/MONASH/hf_MONASH_job431.root
SIGMAB_COUNTS tag=MONASH species=Lambda_b0 pdg=5122 slice=eta_1_2 p=64 a=82 file=/data/alice/ipardoza/hadronization_production/HF_RUN3_V1/raw/MONASH/hf_MONASH_job431.root
SIGMAB_COUNTS tag=MONASH species=Lambda_b0 pdg=5122 slice=eta_ge_2 p=179 a=187 file=/data/alice/ipardoza/hadronization_production/HF_RUN3_V1/raw/MONASH/hf_MONASH_job431.root
SIGMAB_COUNTS tag=MONASH species=Xi_b0 pdg=5232 slice=all p=68 a=59 file=/data/alice/ipardoza/hadronization_production/HF_RUN3_V1/raw/MONASH/hf_MONASH_job431.root
SIGMAB_COUNTS tag=MONASH species=Xi_b0 pdg=5232 slice=eta_lt_1 p=6 a=15 file=/data/alice/ipardoza/hadronization_production/HF_RUN3_V1/raw/MONASH/hf_MONASH_job431.root
SIGMAB_COUNTS tag=MONASH species=Xi_b0 pdg=5232 slice=eta_1_2 p=12 a=13 file=/data/alice/ipardoza/hadronization_production/HF_RUN3_V1/raw/MONASH/hf_MONASH_job431.root
SIGMAB_COUNTS tag=MONASH species=Xi_b0 pdg=5232 slice=eta_ge_2 p=50 a=31 file=/data/alice/ipardoza/hadronization_production/HF_RUN3_V1/raw/MONASH/hf_MONASH_job431.root
SIGMAB_COUNTS tag=MONASH species=Xi_b- pdg=5132 slice=all p=58 a=71 file=/data/alice/ipardoza/hadronization_production/HF_RUN3_V1/raw/MONASH/hf_MONASH_job431.root
SIGMAB_COUNTS tag=MONASH species=Xi_b- pdg=5132 slice=eta_lt_1 p=12 a=7 file=/data/alice/ipardoza/hadronization_production/HF_RUN3_V1/raw/MONASH/hf_MONASH_job431.root
SIGMAB_COUNTS tag=MONASH species=Xi_b- pdg=5132 slice=eta_1_2 p=11 a=18 file=/data/alice/ipardoza/hadronization_production/HF_RUN3_V1/raw/MONASH/hf_MONASH_job431.root
SIGMAB_COUNTS tag=MONASH species=Xi_b- pdg=5132 slice=eta_ge_2 p=35 a=46 file=/data/alice/ipardoza/hadronization_production/HF_RUN3_V1/raw/MONASH/hf_MONASH_job431.root
SIGMAB_COUNTS tag=MONASH species=Sigma_b+ pdg=5222 slice=all p=31 a=25 file=/data/alice/ipardoza/hadronization_production/HF_RUN3_V1/raw/MONASH/hf_MONASH_job432.root
SIGMAB_COUNTS tag=MONASH species=Sigma_b+ pdg=5222 slice=eta_lt_1 p=0 a=6 file=/data/alice/ipardoza/hadronization_production/HF_RUN3_V1/raw/MONASH/hf_MONASH_job432.root
SIGMAB_COUNTS tag=MONASH species=Sigma_b+ pdg=5222 slice=eta_1_2 p=4 a=3 file=/data/alice/ipardoza/hadronization_production/HF_RUN3_V1/raw/MONASH/hf_MONASH_job432.root
SIGMAB_COUNTS tag=MONASH species=Sigma_b+ pdg=5222 slice=eta_ge_2 p=27 a=16 file=/data/alice/ipardoza/hadronization_production/HF_RUN3_V1/raw/MONASH/hf_MONASH_job432.root
SIGMAB_COUNTS tag=MONASH species=Sigma_b0 pdg=5212 slice=all p=39 a=15 file=/data/alice/ipardoza/hadronization_production/HF_RUN3_V1/raw/MONASH/hf_MONASH_job432.root
SIGMAB_COUNTS tag=MONASH species=Sigma_b0 pdg=5212 slice=eta_lt_1 p=4 a=2 file=/data/alice/ipardoza/hadronization_production/HF_RUN3_V1/raw/MONASH/hf_MONASH_job432.root
SIGMAB_COUNTS tag=MONASH species=Sigma_b0 pdg=5212 slice=eta_1_2 p=10 a=4 file=/data/alice/ipardoza/hadronization_production/HF_RUN3_V1/raw/MONASH/hf_MONASH_job432.root
SIGMAB_COUNTS tag=MONASH species=Sigma_b0 pdg=5212 slice=eta_ge_2 p=25 a=9 file=/data/alice/ipardoza/hadronization_production/HF_RUN3_V1/raw/MONASH/hf_MONASH_job432.root
SIGMAB_COUNTS tag=MONASH species=Sigma_b- pdg=5112 slice=all p=30 a=11 file=/data/alice/ipardoza/hadronization_production/HF_RUN3_V1/raw/MONASH/hf_MONASH_job432.root
SIGMAB_COUNTS tag=MONASH species=Sigma_b- pdg=5112 slice=eta_lt_1 p=3 a=3 file=/data/alice/ipardoza/hadronization_production/HF_RUN3_V1/raw/MONASH/hf_MONASH_job432.root
SIGMAB_COUNTS tag=MONASH species=Sigma_b- pdg=5112 slice=eta_1_2 p=8 a=4 file=/data/alice/ipardoza/hadronization_production/HF_RUN3_V1/raw/MONASH/hf_MONASH_job432.root
SIGMAB_COUNTS tag=MONASH species=Sigma_b- pdg=5112 slice=eta_ge_2 p=19 a=4 file=/data/alice/ipardoza/hadronization_production/HF_RUN3_V1/raw/MONASH/hf_MONASH_job432.root
SIGMAB_COUNTS tag=MONASH species=Sigma*_b+ pdg=5224 slice=all p=60 a=31 file=/data/alice/ipardoza/hadronization_production/HF_RUN3_V1/raw/MONASH/hf_MONASH_job432.root
SIGMAB_COUNTS tag=MONASH species=Sigma*_b+ pdg=5224 slice=eta_lt_1 p=10 a=7 file=/data/alice/ipardoza/hadronization_production/HF_RUN3_V1/raw/MONASH/hf_MONASH_job432.root
SIGMAB_COUNTS tag=MONASH species=Sigma*_b+ pdg=5224 slice=eta_1_2 p=12 a=3 file=/data/alice/ipardoza/hadronization_production/HF_RUN3_V1/raw/MONASH/hf_MONASH_job432.root
SIGMAB_COUNTS tag=MONASH species=Sigma*_b+ pdg=5224 slice=eta_ge_2 p=38 a=21 file=/data/alice/ipardoza/hadronization_production/HF_RUN3_V1/raw/MONASH/hf_MONASH_job432.root
SIGMAB_COUNTS tag=MONASH species=Sigma*_b0 pdg=5214 slice=all p=64 a=52 file=/data/alice/ipardoza/hadronization_production/HF_RUN3_V1/raw/MONASH/hf_MONASH_job432.root
SIGMAB_COUNTS tag=MONASH species=Sigma*_b0 pdg=5214 slice=eta_lt_1 p=10 a=8 file=/data/alice/ipardoza/hadronization_production/HF_RUN3_V1/raw/MONASH/hf_MONASH_job432.root
SIGMAB_COUNTS tag=MONASH species=Sigma*_b0 pdg=5214 slice=eta_1_2 p=16 a=10 file=/data/alice/ipardoza/hadronization_production/HF_RUN3_V1/raw/MONASH/hf_MONASH_job432.root
SIGMAB_COUNTS tag=MONASH species=Sigma*_b0 pdg=5214 slice=eta_ge_2 p=38 a=34 file=/data/alice/ipardoza/hadronization_production/HF_RUN3_V1/raw/MONASH/hf_MONASH_job432.root
SIGMAB_COUNTS tag=MONASH species=Sigma*_b- pdg=5114 slice=all p=50 a=40 file=/data/alice/ipardoza/hadronization_production/HF_RUN3_V1/raw/MONASH/hf_MONASH_job432.root
SIGMAB_COUNTS tag=MONASH species=Sigma*_b- pdg=5114 slice=eta_lt_1 p=9 a=8 file=/data/alice/ipardoza/hadronization_production/HF_RUN3_V1/raw/MONASH/hf_MONASH_job432.root
SIGMAB_COUNTS tag=MONASH species=Sigma*_b- pdg=5114 slice=eta_1_2 p=16 a=8 file=/data/alice/ipardoza/hadronization_production/HF_RUN3_V1/raw/MONASH/hf_MONASH_job432.root
SIGMAB_COUNTS tag=MONASH species=Sigma*_b- pdg=5114 slice=eta_ge_2 p=25 a=24 file=/data/alice/ipardoza/hadronization_production/HF_RUN3_V1/raw/MONASH/hf_MONASH_job432.root
SIGMAB_COUNTS tag=MONASH species=Lambda_b0 pdg=5122 slice=all p=297 a=291 file=/data/alice/ipardoza/hadronization_production/HF_RUN3_V1/raw/MONASH/hf_MONASH_job432.root
SIGMAB_COUNTS tag=MONASH species=Lambda_b0 pdg=5122 slice=eta_lt_1 p=52 a=58 file=/data/alice/ipardoza/hadronization_production/HF_RUN3_V1/raw/MONASH/hf_MONASH_job432.root
SIGMAB_COUNTS tag=MONASH species=Lambda_b0 pdg=5122 slice=eta_1_2 p=64 a=67 file=/data/alice/ipardoza/hadronization_production/HF_RUN3_V1/raw/MONASH/hf_MONASH_job432.root
SIGMAB_COUNTS tag=MONASH species=Lambda_b0 pdg=5122 slice=eta_ge_2 p=181 a=166 file=/data/alice/ipardoza/hadronization_production/HF_RUN3_V1/raw/MONASH/hf_MONASH_job432.root
SIGMAB_COUNTS tag=MONASH species=Xi_b0 pdg=5232 slice=all p=59 a=59 file=/data/alice/ipardoza/hadronization_production/HF_RUN3_V1/raw/MONASH/hf_MONASH_job432.root
SIGMAB_COUNTS tag=MONASH species=Xi_b0 pdg=5232 slice=eta_lt_1 p=13 a=11 file=/data/alice/ipardoza/hadronization_production/HF_RUN3_V1/raw/MONASH/hf_MONASH_job432.root
SIGMAB_COUNTS tag=MONASH species=Xi_b0 pdg=5232 slice=eta_1_2 p=12 a=14 file=/data/alice/ipardoza/hadronization_production/HF_RUN3_V1/raw/MONASH/hf_MONASH_job432.root
SIGMAB_COUNTS tag=MONASH species=Xi_b0 pdg=5232 slice=eta_ge_2 p=34 a=34 file=/data/alice/ipardoza/hadronization_production/HF_RUN3_V1/raw/MONASH/hf_MONASH_job432.root
SIGMAB_COUNTS tag=MONASH species=Xi_b- pdg=5132 slice=all p=79 a=60 file=/data/alice/ipardoza/hadronization_production/HF_RUN3_V1/raw/MONASH/hf_MONASH_job432.root
SIGMAB_COUNTS tag=MONASH species=Xi_b- pdg=5132 slice=eta_lt_1 p=17 a=13 file=/data/alice/ipardoza/hadronization_production/HF_RUN3_V1/raw/MONASH/hf_MONASH_job432.root
SIGMAB_COUNTS tag=MONASH species=Xi_b- pdg=5132 slice=eta_1_2 p=20 a=11 file=/data/alice/ipardoza/hadronization_production/HF_RUN3_V1/raw/MONASH/hf_MONASH_job432.root
SIGMAB_COUNTS tag=MONASH species=Xi_b- pdg=5132 slice=eta_ge_2 p=42 a=36 file=/data/alice/ipardoza/hadronization_production/HF_RUN3_V1/raw/MONASH/hf_MONASH_job432.root
SIGMAB_COUNTS tag=MONASH species=Sigma_b+ pdg=5222 slice=all p=41 a=24 file=/data/alice/ipardoza/hadronization_production/HF_RUN3_V1/raw/MONASH/hf_MONASH_job433.root
SIGMAB_COUNTS tag=MONASH species=Sigma_b+ pdg=5222 slice=eta_lt_1 p=5 a=3 file=/data/alice/ipardoza/hadronization_production/HF_RUN3_V1/raw/MONASH/hf_MONASH_job433.root
SIGMAB_COUNTS tag=MONASH species=Sigma_b+ pdg=5222 slice=eta_1_2 p=12 a=8 file=/data/alice/ipardoza/hadronization_production/HF_RUN3_V1/raw/MONASH/hf_MONASH_job433.root
SIGMAB_COUNTS tag=MONASH species=Sigma_b+ pdg=5222 slice=eta_ge_2 p=24 a=13 file=/data/alice/ipardoza/hadronization_production/HF_RUN3_V1/raw/MONASH/hf_MONASH_job433.root
SIGMAB_COUNTS tag=MONASH species=Sigma_b0 pdg=5212 slice=all p=32 a=21 file=/data/alice/ipardoza/hadronization_production/HF_RUN3_V1/raw/MONASH/hf_MONASH_job433.root
SIGMAB_COUNTS tag=MONASH species=Sigma_b0 pdg=5212 slice=eta_lt_1 p=5 a=2 file=/data/alice/ipardoza/hadronization_production/HF_RUN3_V1/raw/MONASH/hf_MONASH_job433.root
SIGMAB_COUNTS tag=MONASH species=Sigma_b0 pdg=5212 slice=eta_1_2 p=5 a=5 file=/data/alice/ipardoza/hadronization_production/HF_RUN3_V1/raw/MONASH/hf_MONASH_job433.root
SIGMAB_COUNTS tag=MONASH species=Sigma_b0 pdg=5212 slice=eta_ge_2 p=22 a=14 file=/data/alice/ipardoza/hadronization_production/HF_RUN3_V1/raw/MONASH/hf_MONASH_job433.root
SIGMAB_COUNTS tag=MONASH species=Sigma_b- pdg=5112 slice=all p=44 a=19 file=/data/alice/ipardoza/hadronization_production/HF_RUN3_V1/raw/MONASH/hf_MONASH_job433.root
SIGMAB_COUNTS tag=MONASH species=Sigma_b- pdg=5112 slice=eta_lt_1 p=9 a=7 file=/data/alice/ipardoza/hadronization_production/HF_RUN3_V1/raw/MONASH/hf_MONASH_job433.root
SIGMAB_COUNTS tag=MONASH species=Sigma_b- pdg=5112 slice=eta_1_2 p=7 a=4 file=/data/alice/ipardoza/hadronization_production/HF_RUN3_V1/raw/MONASH/hf_MONASH_job433.root
SIGMAB_COUNTS tag=MONASH species=Sigma_b- pdg=5112 slice=eta_ge_2 p=28 a=8 file=/data/alice/ipardoza/hadronization_production/HF_RUN3_V1/raw/MONASH/hf_MONASH_job433.root
SIGMAB_COUNTS tag=MONASH species=Sigma*_b+ pdg=5224 slice=all p=35 a=34 file=/data/alice/ipardoza/hadronization_production/HF_RUN3_V1/raw/MONASH/hf_MONASH_job433.root
SIGMAB_COUNTS tag=MONASH species=Sigma*_b+ pdg=5224 slice=eta_lt_1 p=4 a=10 file=/data/alice/ipardoza/hadronization_production/HF_RUN3_V1/raw/MONASH/hf_MONASH_job433.root
SIGMAB_COUNTS tag=MONASH species=Sigma*_b+ pdg=5224 slice=eta_1_2 p=5 a=11 file=/data/alice/ipardoza/hadronization_production/HF_RUN3_V1/raw/MONASH/hf_MONASH_job433.root
SIGMAB_COUNTS tag=MONASH species=Sigma*_b+ pdg=5224 slice=eta_ge_2 p=26 a=13 file=/data/alice/ipardoza/hadronization_production/HF_RUN3_V1/raw/MONASH/hf_MONASH_job433.root
SIGMAB_COUNTS tag=MONASH species=Sigma*_b0 pdg=5214 slice=all p=45 a=40 file=/data/alice/ipardoza/hadronization_production/HF_RUN3_V1/raw/MONASH/hf_MONASH_job433.root
SIGMAB_COUNTS tag=MONASH species=Sigma*_b0 pdg=5214 slice=eta_lt_1 p=10 a=7 file=/data/alice/ipardoza/hadronization_production/HF_RUN3_V1/raw/MONASH/hf_MONASH_job433.root
SIGMAB_COUNTS tag=MONASH species=Sigma*_b0 pdg=5214 slice=eta_1_2 p=8 a=10 file=/data/alice/ipardoza/hadronization_production/HF_RUN3_V1/raw/MONASH/hf_MONASH_job433.root
SIGMAB_COUNTS tag=MONASH species=Sigma*_b0 pdg=5214 slice=eta_ge_2 p=27 a=23 file=/data/alice/ipardoza/hadronization_production/HF_RUN3_V1/raw/MONASH/hf_MONASH_job433.root
SIGMAB_COUNTS tag=MONASH species=Sigma*_b- pdg=5114 slice=all p=58 a=48 file=/data/alice/ipardoza/hadronization_production/HF_RUN3_V1/raw/MONASH/hf_MONASH_job433.root
SIGMAB_COUNTS tag=MONASH species=Sigma*_b- pdg=5114 slice=eta_lt_1 p=6 a=3 file=/data/alice/ipardoza/hadronization_production/HF_RUN3_V1/raw/MONASH/hf_MONASH_job433.root
SIGMAB_COUNTS tag=MONASH species=Sigma*_b- pdg=5114 slice=eta_1_2 p=14 a=10 file=/data/alice/ipardoza/hadronization_production/HF_RUN3_V1/raw/MONASH/hf_MONASH_job433.root
SIGMAB_COUNTS tag=MONASH species=Sigma*_b- pdg=5114 slice=eta_ge_2 p=38 a=35 file=/data/alice/ipardoza/hadronization_production/HF_RUN3_V1/raw/MONASH/hf_MONASH_job433.root
SIGMAB_COUNTS tag=MONASH species=Lambda_b0 pdg=5122 slice=all p=307 a=295 file=/data/alice/ipardoza/hadronization_production/HF_RUN3_V1/raw/MONASH/hf_MONASH_job433.root
SIGMAB_COUNTS tag=MONASH species=Lambda_b0 pdg=5122 slice=eta_lt_1 p=51 a=47 file=/data/alice/ipardoza/hadronization_production/HF_RUN3_V1/raw/MONASH/hf_MONASH_job433.root
SIGMAB_COUNTS tag=MONASH species=Lambda_b0 pdg=5122 slice=eta_1_2 p=72 a=64 file=/data/alice/ipardoza/hadronization_production/HF_RUN3_V1/raw/MONASH/hf_MONASH_job433.root
SIGMAB_COUNTS tag=MONASH species=Lambda_b0 pdg=5122 slice=eta_ge_2 p=184 a=184 file=/data/alice/ipardoza/hadronization_production/HF_RUN3_V1/raw/MONASH/hf_MONASH_job433.root
SIGMAB_COUNTS tag=MONASH species=Xi_b0 pdg=5232 slice=all p=60 a=54 file=/data/alice/ipardoza/hadronization_production/HF_RUN3_V1/raw/MONASH/hf_MONASH_job433.root
SIGMAB_COUNTS tag=MONASH species=Xi_b0 pdg=5232 slice=eta_lt_1 p=7 a=5 file=/data/alice/ipardoza/hadronization_production/HF_RUN3_V1/raw/MONASH/hf_MONASH_job433.root
SIGMAB_COUNTS tag=MONASH species=Xi_b0 pdg=5232 slice=eta_1_2 p=9 a=10 file=/data/alice/ipardoza/hadronization_production/HF_RUN3_V1/raw/MONASH/hf_MONASH_job433.root
SIGMAB_COUNTS tag=MONASH species=Xi_b0 pdg=5232 slice=eta_ge_2 p=44 a=39 file=/data/alice/ipardoza/hadronization_production/HF_RUN3_V1/raw/MONASH/hf_MONASH_job433.root
SIGMAB_COUNTS tag=MONASH species=Xi_b- pdg=5132 slice=all p=49 a=64 file=/data/alice/ipardoza/hadronization_production/HF_RUN3_V1/raw/MONASH/hf_MONASH_job433.root
SIGMAB_COUNTS tag=MONASH species=Xi_b- pdg=5132 slice=eta_lt_1 p=8 a=14 file=/data/alice/ipardoza/hadronization_production/HF_RUN3_V1/raw/MONASH/hf_MONASH_job433.root
SIGMAB_COUNTS tag=MONASH species=Xi_b- pdg=5132 slice=eta_1_2 p=10 a=9 file=/data/alice/ipardoza/hadronization_production/HF_RUN3_V1/raw/MONASH/hf_MONASH_job433.root
SIGMAB_COUNTS tag=MONASH species=Xi_b- pdg=5132 slice=eta_ge_2 p=31 a=41 file=/data/alice/ipardoza/hadronization_production/HF_RUN3_V1/raw/MONASH/hf_MONASH_job433.root
SIGMAB_COUNTS tag=MONASH species=Sigma_b+ pdg=5222 slice=all p=19 a=18 file=/data/alice/ipardoza/hadronization_production/HF_RUN3_V1/raw/MONASH/hf_MONASH_job434.root
SIGMAB_COUNTS tag=MONASH species=Sigma_b+ pdg=5222 slice=eta_lt_1 p=3 a=3 file=/data/alice/ipardoza/hadronization_production/HF_RUN3_V1/raw/MONASH/hf_MONASH_job434.root
SIGMAB_COUNTS tag=MONASH species=Sigma_b+ pdg=5222 slice=eta_1_2 p=1 a=4 file=/data/alice/ipardoza/hadronization_production/HF_RUN3_V1/raw/MONASH/hf_MONASH_job434.root
SIGMAB_COUNTS tag=MONASH species=Sigma_b+ pdg=5222 slice=eta_ge_2 p=15 a=11 file=/data/alice/ipardoza/hadronization_production/HF_RUN3_V1/raw/MONASH/hf_MONASH_job434.root
SIGMAB_COUNTS tag=MONASH species=Sigma_b0 pdg=5212 slice=all p=35 a=13 file=/data/alice/ipardoza/hadronization_production/HF_RUN3_V1/raw/MONASH/hf_MONASH_job434.root
SIGMAB_COUNTS tag=MONASH species=Sigma_b0 pdg=5212 slice=eta_lt_1 p=8 a=1 file=/data/alice/ipardoza/hadronization_production/HF_RUN3_V1/raw/MONASH/hf_MONASH_job434.root
SIGMAB_COUNTS tag=MONASH species=Sigma_b0 pdg=5212 slice=eta_1_2 p=11 a=3 file=/data/alice/ipardoza/hadronization_production/HF_RUN3_V1/raw/MONASH/hf_MONASH_job434.root
SIGMAB_COUNTS tag=MONASH species=Sigma_b0 pdg=5212 slice=eta_ge_2 p=16 a=9 file=/data/alice/ipardoza/hadronization_production/HF_RUN3_V1/raw/MONASH/hf_MONASH_job434.root
SIGMAB_COUNTS tag=MONASH species=Sigma_b- pdg=5112 slice=all p=38 a=25 file=/data/alice/ipardoza/hadronization_production/HF_RUN3_V1/raw/MONASH/hf_MONASH_job434.root
SIGMAB_COUNTS tag=MONASH species=Sigma_b- pdg=5112 slice=eta_lt_1 p=3 a=10 file=/data/alice/ipardoza/hadronization_production/HF_RUN3_V1/raw/MONASH/hf_MONASH_job434.root
SIGMAB_COUNTS tag=MONASH species=Sigma_b- pdg=5112 slice=eta_1_2 p=7 a=4 file=/data/alice/ipardoza/hadronization_production/HF_RUN3_V1/raw/MONASH/hf_MONASH_job434.root
SIGMAB_COUNTS tag=MONASH species=Sigma_b- pdg=5112 slice=eta_ge_2 p=28 a=11 file=/data/alice/ipardoza/hadronization_production/HF_RUN3_V1/raw/MONASH/hf_MONASH_job434.root
SIGMAB_COUNTS tag=MONASH species=Sigma*_b+ pdg=5224 slice=all p=44 a=42 file=/data/alice/ipardoza/hadronization_production/HF_RUN3_V1/raw/MONASH/hf_MONASH_job434.root
SIGMAB_COUNTS tag=MONASH species=Sigma*_b+ pdg=5224 slice=eta_lt_1 p=8 a=9 file=/data/alice/ipardoza/hadronization_production/HF_RUN3_V1/raw/MONASH/hf_MONASH_job434.root
SIGMAB_COUNTS tag=MONASH species=Sigma*_b+ pdg=5224 slice=eta_1_2 p=9 a=10 file=/data/alice/ipardoza/hadronization_production/HF_RUN3_V1/raw/MONASH/hf_MONASH_job434.root
SIGMAB_COUNTS tag=MONASH species=Sigma*_b+ pdg=5224 slice=eta_ge_2 p=27 a=23 file=/data/alice/ipardoza/hadronization_production/HF_RUN3_V1/raw/MONASH/hf_MONASH_job434.root
SIGMAB_COUNTS tag=MONASH species=Sigma*_b0 pdg=5214 slice=all p=56 a=37 file=/data/alice/ipardoza/hadronization_production/HF_RUN3_V1/raw/MONASH/hf_MONASH_job434.root
SIGMAB_COUNTS tag=MONASH species=Sigma*_b0 pdg=5214 slice=eta_lt_1 p=7 a=7 file=/data/alice/ipardoza/hadronization_production/HF_RUN3_V1/raw/MONASH/hf_MONASH_job434.root
SIGMAB_COUNTS tag=MONASH species=Sigma*_b0 pdg=5214 slice=eta_1_2 p=9 a=8 file=/data/alice/ipardoza/hadronization_production/HF_RUN3_V1/raw/MONASH/hf_MONASH_job434.root
SIGMAB_COUNTS tag=MONASH species=Sigma*_b0 pdg=5214 slice=eta_ge_2 p=40 a=22 file=/data/alice/ipardoza/hadronization_production/HF_RUN3_V1/raw/MONASH/hf_MONASH_job434.root
SIGMAB_COUNTS tag=MONASH species=Sigma*_b- pdg=5114 slice=all p=57 a=30 file=/data/alice/ipardoza/hadronization_production/HF_RUN3_V1/raw/MONASH/hf_MONASH_job434.root
SIGMAB_COUNTS tag=MONASH species=Sigma*_b- pdg=5114 slice=eta_lt_1 p=8 a=7 file=/data/alice/ipardoza/hadronization_production/HF_RUN3_V1/raw/MONASH/hf_MONASH_job434.root
SIGMAB_COUNTS tag=MONASH species=Sigma*_b- pdg=5114 slice=eta_1_2 p=10 a=6 file=/data/alice/ipardoza/hadronization_production/HF_RUN3_V1/raw/MONASH/hf_MONASH_job434.root
SIGMAB_COUNTS tag=MONASH species=Sigma*_b- pdg=5114 slice=eta_ge_2 p=39 a=17 file=/data/alice/ipardoza/hadronization_production/HF_RUN3_V1/raw/MONASH/hf_MONASH_job434.root
SIGMAB_COUNTS tag=MONASH species=Lambda_b0 pdg=5122 slice=all p=298 a=277 file=/data/alice/ipardoza/hadronization_production/HF_RUN3_V1/raw/MONASH/hf_MONASH_job434.root
SIGMAB_COUNTS tag=MONASH species=Lambda_b0 pdg=5122 slice=eta_lt_1 p=56 a=46 file=/data/alice/ipardoza/hadronization_production/HF_RUN3_V1/raw/MONASH/hf_MONASH_job434.root
SIGMAB_COUNTS tag=MONASH species=Lambda_b0 pdg=5122 slice=eta_1_2 p=60 a=65 file=/data/alice/ipardoza/hadronization_production/HF_RUN3_V1/raw/MONASH/hf_MONASH_job434.root
SIGMAB_COUNTS tag=MONASH species=Lambda_b0 pdg=5122 slice=eta_ge_2 p=182 a=166 file=/data/alice/ipardoza/hadronization_production/HF_RUN3_V1/raw/MONASH/hf_MONASH_job434.root
SIGMAB_COUNTS tag=MONASH species=Xi_b0 pdg=5232 slice=all p=51 a=64 file=/data/alice/ipardoza/hadronization_production/HF_RUN3_V1/raw/MONASH/hf_MONASH_job434.root
SIGMAB_COUNTS tag=MONASH species=Xi_b0 pdg=5232 slice=eta_lt_1 p=10 a=9 file=/data/alice/ipardoza/hadronization_production/HF_RUN3_V1/raw/MONASH/hf_MONASH_job434.root
SIGMAB_COUNTS tag=MONASH species=Xi_b0 pdg=5232 slice=eta_1_2 p=11 a=6 file=/data/alice/ipardoza/hadronization_production/HF_RUN3_V1/raw/MONASH/hf_MONASH_job434.root
SIGMAB_COUNTS tag=MONASH species=Xi_b0 pdg=5232 slice=eta_ge_2 p=30 a=49 file=/data/alice/ipardoza/hadronization_production/HF_RUN3_V1/raw/MONASH/hf_MONASH_job434.root
SIGMAB_COUNTS tag=MONASH species=Xi_b- pdg=5132 slice=all p=56 a=55 file=/data/alice/ipardoza/hadronization_production/HF_RUN3_V1/raw/MONASH/hf_MONASH_job434.root
SIGMAB_COUNTS tag=MONASH species=Xi_b- pdg=5132 slice=eta_lt_1 p=8 a=9 file=/data/alice/ipardoza/hadronization_production/HF_RUN3_V1/raw/MONASH/hf_MONASH_job434.root
SIGMAB_COUNTS tag=MONASH species=Xi_b- pdg=5132 slice=eta_1_2 p=15 a=12 file=/data/alice/ipardoza/hadronization_production/HF_RUN3_V1/raw/MONASH/hf_MONASH_job434.root
SIGMAB_COUNTS tag=MONASH species=Xi_b- pdg=5132 slice=eta_ge_2 p=33 a=34 file=/data/alice/ipardoza/hadronization_production/HF_RUN3_V1/raw/MONASH/hf_MONASH_job434.root
SIGMAB_COUNTS tag=MONASH species=Sigma_b+ pdg=5222 slice=all p=26 a=29 file=/data/alice/ipardoza/hadronization_production/HF_RUN3_V1/raw/MONASH/hf_MONASH_job435.root
SIGMAB_COUNTS tag=MONASH species=Sigma_b+ pdg=5222 slice=eta_lt_1 p=3 a=5 file=/data/alice/ipardoza/hadronization_production/HF_RUN3_V1/raw/MONASH/hf_MONASH_job435.root
SIGMAB_COUNTS tag=MONASH species=Sigma_b+ pdg=5222 slice=eta_1_2 p=7 a=5 file=/data/alice/ipardoza/hadronization_production/HF_RUN3_V1/raw/MONASH/hf_MONASH_job435.root
SIGMAB_COUNTS tag=MONASH species=Sigma_b+ pdg=5222 slice=eta_ge_2 p=16 a=19 file=/data/alice/ipardoza/hadronization_production/HF_RUN3_V1/raw/MONASH/hf_MONASH_job435.root
SIGMAB_COUNTS tag=MONASH species=Sigma_b0 pdg=5212 slice=all p=32 a=23 file=/data/alice/ipardoza/hadronization_production/HF_RUN3_V1/raw/MONASH/hf_MONASH_job435.root
SIGMAB_COUNTS tag=MONASH species=Sigma_b0 pdg=5212 slice=eta_lt_1 p=1 a=5 file=/data/alice/ipardoza/hadronization_production/HF_RUN3_V1/raw/MONASH/hf_MONASH_job435.root
SIGMAB_COUNTS tag=MONASH species=Sigma_b0 pdg=5212 slice=eta_1_2 p=8 a=4 file=/data/alice/ipardoza/hadronization_production/HF_RUN3_V1/raw/MONASH/hf_MONASH_job435.root
SIGMAB_COUNTS tag=MONASH species=Sigma_b0 pdg=5212 slice=eta_ge_2 p=23 a=14 file=/data/alice/ipardoza/hadronization_production/HF_RUN3_V1/raw/MONASH/hf_MONASH_job435.root
SIGMAB_COUNTS tag=MONASH species=Sigma_b- pdg=5112 slice=all p=37 a=18 file=/data/alice/ipardoza/hadronization_production/HF_RUN3_V1/raw/MONASH/hf_MONASH_job435.root
SIGMAB_COUNTS tag=MONASH species=Sigma_b- pdg=5112 slice=eta_lt_1 p=9 a=2 file=/data/alice/ipardoza/hadronization_production/HF_RUN3_V1/raw/MONASH/hf_MONASH_job435.root
SIGMAB_COUNTS tag=MONASH species=Sigma_b- pdg=5112 slice=eta_1_2 p=9 a=6 file=/data/alice/ipardoza/hadronization_production/HF_RUN3_V1/raw/MONASH/hf_MONASH_job435.root
SIGMAB_COUNTS tag=MONASH species=Sigma_b- pdg=5112 slice=eta_ge_2 p=19 a=10 file=/data/alice/ipardoza/hadronization_production/HF_RUN3_V1/raw/MONASH/hf_MONASH_job435.root
SIGMAB_COUNTS tag=MONASH species=Sigma*_b+ pdg=5224 slice=all p=56 a=40 file=/data/alice/ipardoza/hadronization_production/HF_RUN3_V1/raw/MONASH/hf_MONASH_job435.root
SIGMAB_COUNTS tag=MONASH species=Sigma*_b+ pdg=5224 slice=eta_lt_1 p=11 a=7 file=/data/alice/ipardoza/hadronization_production/HF_RUN3_V1/raw/MONASH/hf_MONASH_job435.root
SIGMAB_COUNTS tag=MONASH species=Sigma*_b+ pdg=5224 slice=eta_1_2 p=9 a=9 file=/data/alice/ipardoza/hadronization_production/HF_RUN3_V1/raw/MONASH/hf_MONASH_job435.root
SIGMAB_COUNTS tag=MONASH species=Sigma*_b+ pdg=5224 slice=eta_ge_2 p=36 a=24 file=/data/alice/ipardoza/hadronization_production/HF_RUN3_V1/raw/MONASH/hf_MONASH_job435.root
SIGMAB_COUNTS tag=MONASH species=Sigma*_b0 pdg=5214 slice=all p=58 a=42 file=/data/alice/ipardoza/hadronization_production/HF_RUN3_V1/raw/MONASH/hf_MONASH_job435.root
SIGMAB_COUNTS tag=MONASH species=Sigma*_b0 pdg=5214 slice=eta_lt_1 p=10 a=7 file=/data/alice/ipardoza/hadronization_production/HF_RUN3_V1/raw/MONASH/hf_MONASH_job435.root
SIGMAB_COUNTS tag=MONASH species=Sigma*_b0 pdg=5214 slice=eta_1_2 p=14 a=1 file=/data/alice/ipardoza/hadronization_production/HF_RUN3_V1/raw/MONASH/hf_MONASH_job435.root
SIGMAB_COUNTS tag=MONASH species=Sigma*_b0 pdg=5214 slice=eta_ge_2 p=34 a=34 file=/data/alice/ipardoza/hadronization_production/HF_RUN3_V1/raw/MONASH/hf_MONASH_job435.root
SIGMAB_COUNTS tag=MONASH species=Sigma*_b- pdg=5114 slice=all p=40 a=42 file=/data/alice/ipardoza/hadronization_production/HF_RUN3_V1/raw/MONASH/hf_MONASH_job435.root
SIGMAB_COUNTS tag=MONASH species=Sigma*_b- pdg=5114 slice=eta_lt_1 p=10 a=5 file=/data/alice/ipardoza/hadronization_production/HF_RUN3_V1/raw/MONASH/hf_MONASH_job435.root
SIGMAB_COUNTS tag=MONASH species=Sigma*_b- pdg=5114 slice=eta_1_2 p=9 a=11 file=/data/alice/ipardoza/hadronization_production/HF_RUN3_V1/raw/MONASH/hf_MONASH_job435.root
SIGMAB_COUNTS tag=MONASH species=Sigma*_b- pdg=5114 slice=eta_ge_2 p=21 a=26 file=/data/alice/ipardoza/hadronization_production/HF_RUN3_V1/raw/MONASH/hf_MONASH_job435.root
SIGMAB_COUNTS tag=MONASH species=Lambda_b0 pdg=5122 slice=all p=315 a=323 file=/data/alice/ipardoza/hadronization_production/HF_RUN3_V1/raw/MONASH/hf_MONASH_job435.root
SIGMAB_COUNTS tag=MONASH species=Lambda_b0 pdg=5122 slice=eta_lt_1 p=57 a=63 file=/data/alice/ipardoza/hadronization_production/HF_RUN3_V1/raw/MONASH/hf_MONASH_job435.root
SIGMAB_COUNTS tag=MONASH species=Lambda_b0 pdg=5122 slice=eta_1_2 p=67 a=68 file=/data/alice/ipardoza/hadronization_production/HF_RUN3_V1/raw/MONASH/hf_MONASH_job435.root
SIGMAB_COUNTS tag=MONASH species=Lambda_b0 pdg=5122 slice=eta_ge_2 p=191 a=192 file=/data/alice/ipardoza/hadronization_production/HF_RUN3_V1/raw/MONASH/hf_MONASH_job435.root
SIGMAB_COUNTS tag=MONASH species=Xi_b0 pdg=5232 slice=all p=66 a=55 file=/data/alice/ipardoza/hadronization_production/HF_RUN3_V1/raw/MONASH/hf_MONASH_job435.root
SIGMAB_COUNTS tag=MONASH species=Xi_b0 pdg=5232 slice=eta_lt_1 p=14 a=14 file=/data/alice/ipardoza/hadronization_production/HF_RUN3_V1/raw/MONASH/hf_MONASH_job435.root
SIGMAB_COUNTS tag=MONASH species=Xi_b0 pdg=5232 slice=eta_1_2 p=19 a=13 file=/data/alice/ipardoza/hadronization_production/HF_RUN3_V1/raw/MONASH/hf_MONASH_job435.root
SIGMAB_COUNTS tag=MONASH species=Xi_b0 pdg=5232 slice=eta_ge_2 p=33 a=28 file=/data/alice/ipardoza/hadronization_production/HF_RUN3_V1/raw/MONASH/hf_MONASH_job435.root
SIGMAB_COUNTS tag=MONASH species=Xi_b- pdg=5132 slice=all p=56 a=50 file=/data/alice/ipardoza/hadronization_production/HF_RUN3_V1/raw/MONASH/hf_MONASH_job435.root
SIGMAB_COUNTS tag=MONASH species=Xi_b- pdg=5132 slice=eta_lt_1 p=9 a=9 file=/data/alice/ipardoza/hadronization_production/HF_RUN3_V1/raw/MONASH/hf_MONASH_job435.root
SIGMAB_COUNTS tag=MONASH species=Xi_b- pdg=5132 slice=eta_1_2 p=12 a=11 file=/data/alice/ipardoza/hadronization_production/HF_RUN3_V1/raw/MONASH/hf_MONASH_job435.root
SIGMAB_COUNTS tag=MONASH species=Xi_b- pdg=5132 slice=eta_ge_2 p=35 a=30 file=/data/alice/ipardoza/hadronization_production/HF_RUN3_V1/raw/MONASH/hf_MONASH_job435.root
SIGMAB_COUNTS tag=MONASH species=Sigma_b+ pdg=5222 slice=all p=32 a=20 file=/data/alice/ipardoza/hadronization_production/HF_RUN3_V1/raw/MONASH/hf_MONASH_job436.root
SIGMAB_COUNTS tag=MONASH species=Sigma_b+ pdg=5222 slice=eta_lt_1 p=3 a=4 file=/data/alice/ipardoza/hadronization_production/HF_RUN3_V1/raw/MONASH/hf_MONASH_job436.root
SIGMAB_COUNTS tag=MONASH species=Sigma_b+ pdg=5222 slice=eta_1_2 p=6 a=4 file=/data/alice/ipardoza/hadronization_production/HF_RUN3_V1/raw/MONASH/hf_MONASH_job436.root
SIGMAB_COUNTS tag=MONASH species=Sigma_b+ pdg=5222 slice=eta_ge_2 p=23 a=12 file=/data/alice/ipardoza/hadronization_production/HF_RUN3_V1/raw/MONASH/hf_MONASH_job436.root
SIGMAB_COUNTS tag=MONASH species=Sigma_b0 pdg=5212 slice=all p=42 a=20 file=/data/alice/ipardoza/hadronization_production/HF_RUN3_V1/raw/MONASH/hf_MONASH_job436.root
SIGMAB_COUNTS tag=MONASH species=Sigma_b0 pdg=5212 slice=eta_lt_1 p=10 a=2 file=/data/alice/ipardoza/hadronization_production/HF_RUN3_V1/raw/MONASH/hf_MONASH_job436.root
SIGMAB_COUNTS tag=MONASH species=Sigma_b0 pdg=5212 slice=eta_1_2 p=10 a=4 file=/data/alice/ipardoza/hadronization_production/HF_RUN3_V1/raw/MONASH/hf_MONASH_job436.root
SIGMAB_COUNTS tag=MONASH species=Sigma_b0 pdg=5212 slice=eta_ge_2 p=22 a=14 file=/data/alice/ipardoza/hadronization_production/HF_RUN3_V1/raw/MONASH/hf_MONASH_job436.root
SIGMAB_COUNTS tag=MONASH species=Sigma_b- pdg=5112 slice=all p=37 a=17 file=/data/alice/ipardoza/hadronization_production/HF_RUN3_V1/raw/MONASH/hf_MONASH_job436.root
SIGMAB_COUNTS tag=MONASH species=Sigma_b- pdg=5112 slice=eta_lt_1 p=6 a=3 file=/data/alice/ipardoza/hadronization_production/HF_RUN3_V1/raw/MONASH/hf_MONASH_job436.root
SIGMAB_COUNTS tag=MONASH species=Sigma_b- pdg=5112 slice=eta_1_2 p=6 a=4 file=/data/alice/ipardoza/hadronization_production/HF_RUN3_V1/raw/MONASH/hf_MONASH_job436.root
SIGMAB_COUNTS tag=MONASH species=Sigma_b- pdg=5112 slice=eta_ge_2 p=25 a=10 file=/data/alice/ipardoza/hadronization_production/HF_RUN3_V1/raw/MONASH/hf_MONASH_job436.root
SIGMAB_COUNTS tag=MONASH species=Sigma*_b+ pdg=5224 slice=all p=54 a=33 file=/data/alice/ipardoza/hadronization_production/HF_RUN3_V1/raw/MONASH/hf_MONASH_job436.root
SIGMAB_COUNTS tag=MONASH species=Sigma*_b+ pdg=5224 slice=eta_lt_1 p=11 a=6 file=/data/alice/ipardoza/hadronization_production/HF_RUN3_V1/raw/MONASH/hf_MONASH_job436.root
SIGMAB_COUNTS tag=MONASH species=Sigma*_b+ pdg=5224 slice=eta_1_2 p=8 a=9 file=/data/alice/ipardoza/hadronization_production/HF_RUN3_V1/raw/MONASH/hf_MONASH_job436.root
SIGMAB_COUNTS tag=MONASH species=Sigma*_b+ pdg=5224 slice=eta_ge_2 p=35 a=18 file=/data/alice/ipardoza/hadronization_production/HF_RUN3_V1/raw/MONASH/hf_MONASH_job436.root
SIGMAB_COUNTS tag=MONASH species=Sigma*_b0 pdg=5214 slice=all p=52 a=44 file=/data/alice/ipardoza/hadronization_production/HF_RUN3_V1/raw/MONASH/hf_MONASH_job436.root
SIGMAB_COUNTS tag=MONASH species=Sigma*_b0 pdg=5214 slice=eta_lt_1 p=10 a=6 file=/data/alice/ipardoza/hadronization_production/HF_RUN3_V1/raw/MONASH/hf_MONASH_job436.root
SIGMAB_COUNTS tag=MONASH species=Sigma*_b0 pdg=5214 slice=eta_1_2 p=20 a=13 file=/data/alice/ipardoza/hadronization_production/HF_RUN3_V1/raw/MONASH/hf_MONASH_job436.root
SIGMAB_COUNTS tag=MONASH species=Sigma*_b0 pdg=5214 slice=eta_ge_2 p=22 a=25 file=/data/alice/ipardoza/hadronization_production/HF_RUN3_V1/raw/MONASH/hf_MONASH_job436.root
SIGMAB_COUNTS tag=MONASH species=Sigma*_b- pdg=5114 slice=all p=47 a=40 file=/data/alice/ipardoza/hadronization_production/HF_RUN3_V1/raw/MONASH/hf_MONASH_job436.root
SIGMAB_COUNTS tag=MONASH species=Sigma*_b- pdg=5114 slice=eta_lt_1 p=9 a=8 file=/data/alice/ipardoza/hadronization_production/HF_RUN3_V1/raw/MONASH/hf_MONASH_job436.root
SIGMAB_COUNTS tag=MONASH species=Sigma*_b- pdg=5114 slice=eta_1_2 p=12 a=9 file=/data/alice/ipardoza/hadronization_production/HF_RUN3_V1/raw/MONASH/hf_MONASH_job436.root
SIGMAB_COUNTS tag=MONASH species=Sigma*_b- pdg=5114 slice=eta_ge_2 p=26 a=23 file=/data/alice/ipardoza/hadronization_production/HF_RUN3_V1/raw/MONASH/hf_MONASH_job436.root
SIGMAB_COUNTS tag=MONASH species=Lambda_b0 pdg=5122 slice=all p=315 a=312 file=/data/alice/ipardoza/hadronization_production/HF_RUN3_V1/raw/MONASH/hf_MONASH_job436.root
SIGMAB_COUNTS tag=MONASH species=Lambda_b0 pdg=5122 slice=eta_lt_1 p=60 a=60 file=/data/alice/ipardoza/hadronization_production/HF_RUN3_V1/raw/MONASH/hf_MONASH_job436.root
SIGMAB_COUNTS tag=MONASH species=Lambda_b0 pdg=5122 slice=eta_1_2 p=67 a=73 file=/data/alice/ipardoza/hadronization_production/HF_RUN3_V1/raw/MONASH/hf_MONASH_job436.root
SIGMAB_COUNTS tag=MONASH species=Lambda_b0 pdg=5122 slice=eta_ge_2 p=188 a=179 file=/data/alice/ipardoza/hadronization_production/HF_RUN3_V1/raw/MONASH/hf_MONASH_job436.root
SIGMAB_COUNTS tag=MONASH species=Xi_b0 pdg=5232 slice=all p=57 a=59 file=/data/alice/ipardoza/hadronization_production/HF_RUN3_V1/raw/MONASH/hf_MONASH_job436.root
SIGMAB_COUNTS tag=MONASH species=Xi_b0 pdg=5232 slice=eta_lt_1 p=11 a=14 file=/data/alice/ipardoza/hadronization_production/HF_RUN3_V1/raw/MONASH/hf_MONASH_job436.root
SIGMAB_COUNTS tag=MONASH species=Xi_b0 pdg=5232 slice=eta_1_2 p=11 a=10 file=/data/alice/ipardoza/hadronization_production/HF_RUN3_V1/raw/MONASH/hf_MONASH_job436.root
SIGMAB_COUNTS tag=MONASH species=Xi_b0 pdg=5232 slice=eta_ge_2 p=35 a=35 file=/data/alice/ipardoza/hadronization_production/HF_RUN3_V1/raw/MONASH/hf_MONASH_job436.root
SIGMAB_COUNTS tag=MONASH species=Xi_b- pdg=5132 slice=all p=55 a=46 file=/data/alice/ipardoza/hadronization_production/HF_RUN3_V1/raw/MONASH/hf_MONASH_job436.root
SIGMAB_COUNTS tag=MONASH species=Xi_b- pdg=5132 slice=eta_lt_1 p=12 a=9 file=/data/alice/ipardoza/hadronization_production/HF_RUN3_V1/raw/MONASH/hf_MONASH_job436.root
SIGMAB_COUNTS tag=MONASH species=Xi_b- pdg=5132 slice=eta_1_2 p=12 a=9 file=/data/alice/ipardoza/hadronization_production/HF_RUN3_V1/raw/MONASH/hf_MONASH_job436.root
SIGMAB_COUNTS tag=MONASH species=Xi_b- pdg=5132 slice=eta_ge_2 p=31 a=28 file=/data/alice/ipardoza/hadronization_production/HF_RUN3_V1/raw/MONASH/hf_MONASH_job436.root
SIGMAB_COUNTS tag=MONASH species=Sigma_b+ pdg=5222 slice=all p=32 a=20 file=/data/alice/ipardoza/hadronization_production/HF_RUN3_V1/raw/MONASH/hf_MONASH_job437.root
SIGMAB_COUNTS tag=MONASH species=Sigma_b+ pdg=5222 slice=eta_lt_1 p=2 a=3 file=/data/alice/ipardoza/hadronization_production/HF_RUN3_V1/raw/MONASH/hf_MONASH_job437.root
SIGMAB_COUNTS tag=MONASH species=Sigma_b+ pdg=5222 slice=eta_1_2 p=2 a=4 file=/data/alice/ipardoza/hadronization_production/HF_RUN3_V1/raw/MONASH/hf_MONASH_job437.root
SIGMAB_COUNTS tag=MONASH species=Sigma_b+ pdg=5222 slice=eta_ge_2 p=28 a=13 file=/data/alice/ipardoza/hadronization_production/HF_RUN3_V1/raw/MONASH/hf_MONASH_job437.root
SIGMAB_COUNTS tag=MONASH species=Sigma_b0 pdg=5212 slice=all p=32 a=31 file=/data/alice/ipardoza/hadronization_production/HF_RUN3_V1/raw/MONASH/hf_MONASH_job437.root
SIGMAB_COUNTS tag=MONASH species=Sigma_b0 pdg=5212 slice=eta_lt_1 p=9 a=2 file=/data/alice/ipardoza/hadronization_production/HF_RUN3_V1/raw/MONASH/hf_MONASH_job437.root
SIGMAB_COUNTS tag=MONASH species=Sigma_b0 pdg=5212 slice=eta_1_2 p=8 a=5 file=/data/alice/ipardoza/hadronization_production/HF_RUN3_V1/raw/MONASH/hf_MONASH_job437.root
SIGMAB_COUNTS tag=MONASH species=Sigma_b0 pdg=5212 slice=eta_ge_2 p=15 a=24 file=/data/alice/ipardoza/hadronization_production/HF_RUN3_V1/raw/MONASH/hf_MONASH_job437.root
SIGMAB_COUNTS tag=MONASH species=Sigma_b- pdg=5112 slice=all p=40 a=21 file=/data/alice/ipardoza/hadronization_production/HF_RUN3_V1/raw/MONASH/hf_MONASH_job437.root
SIGMAB_COUNTS tag=MONASH species=Sigma_b- pdg=5112 slice=eta_lt_1 p=6 a=5 file=/data/alice/ipardoza/hadronization_production/HF_RUN3_V1/raw/MONASH/hf_MONASH_job437.root
SIGMAB_COUNTS tag=MONASH species=Sigma_b- pdg=5112 slice=eta_1_2 p=10 a=5 file=/data/alice/ipardoza/hadronization_production/HF_RUN3_V1/raw/MONASH/hf_MONASH_job437.root
SIGMAB_COUNTS tag=MONASH species=Sigma_b- pdg=5112 slice=eta_ge_2 p=24 a=11 file=/data/alice/ipardoza/hadronization_production/HF_RUN3_V1/raw/MONASH/hf_MONASH_job437.root
SIGMAB_COUNTS tag=MONASH species=Sigma*_b+ pdg=5224 slice=all p=58 a=43 file=/data/alice/ipardoza/hadronization_production/HF_RUN3_V1/raw/MONASH/hf_MONASH_job437.root
SIGMAB_COUNTS tag=MONASH species=Sigma*_b+ pdg=5224 slice=eta_lt_1 p=5 a=10 file=/data/alice/ipardoza/hadronization_production/HF_RUN3_V1/raw/MONASH/hf_MONASH_job437.root
SIGMAB_COUNTS tag=MONASH species=Sigma*_b+ pdg=5224 slice=eta_1_2 p=13 a=12 file=/data/alice/ipardoza/hadronization_production/HF_RUN3_V1/raw/MONASH/hf_MONASH_job437.root
SIGMAB_COUNTS tag=MONASH species=Sigma*_b+ pdg=5224 slice=eta_ge_2 p=40 a=21 file=/data/alice/ipardoza/hadronization_production/HF_RUN3_V1/raw/MONASH/hf_MONASH_job437.root
SIGMAB_COUNTS tag=MONASH species=Sigma*_b0 pdg=5214 slice=all p=37 a=47 file=/data/alice/ipardoza/hadronization_production/HF_RUN3_V1/raw/MONASH/hf_MONASH_job437.root
SIGMAB_COUNTS tag=MONASH species=Sigma*_b0 pdg=5214 slice=eta_lt_1 p=6 a=8 file=/data/alice/ipardoza/hadronization_production/HF_RUN3_V1/raw/MONASH/hf_MONASH_job437.root
SIGMAB_COUNTS tag=MONASH species=Sigma*_b0 pdg=5214 slice=eta_1_2 p=10 a=12 file=/data/alice/ipardoza/hadronization_production/HF_RUN3_V1/raw/MONASH/hf_MONASH_job437.root
SIGMAB_COUNTS tag=MONASH species=Sigma*_b0 pdg=5214 slice=eta_ge_2 p=21 a=27 file=/data/alice/ipardoza/hadronization_production/HF_RUN3_V1/raw/MONASH/hf_MONASH_job437.root
SIGMAB_COUNTS tag=MONASH species=Sigma*_b- pdg=5114 slice=all p=47 a=34 file=/data/alice/ipardoza/hadronization_production/HF_RUN3_V1/raw/MONASH/hf_MONASH_job437.root
SIGMAB_COUNTS tag=MONASH species=Sigma*_b- pdg=5114 slice=eta_lt_1 p=5 a=4 file=/data/alice/ipardoza/hadronization_production/HF_RUN3_V1/raw/MONASH/hf_MONASH_job437.root
SIGMAB_COUNTS tag=MONASH species=Sigma*_b- pdg=5114 slice=eta_1_2 p=12 a=7 file=/data/alice/ipardoza/hadronization_production/HF_RUN3_V1/raw/MONASH/hf_MONASH_job437.root
SIGMAB_COUNTS tag=MONASH species=Sigma*_b- pdg=5114 slice=eta_ge_2 p=30 a=23 file=/data/alice/ipardoza/hadronization_production/HF_RUN3_V1/raw/MONASH/hf_MONASH_job437.root
SIGMAB_COUNTS tag=MONASH species=Lambda_b0 pdg=5122 slice=all p=322 a=315 file=/data/alice/ipardoza/hadronization_production/HF_RUN3_V1/raw/MONASH/hf_MONASH_job437.root
SIGMAB_COUNTS tag=MONASH species=Lambda_b0 pdg=5122 slice=eta_lt_1 p=63 a=59 file=/data/alice/ipardoza/hadronization_production/HF_RUN3_V1/raw/MONASH/hf_MONASH_job437.root
SIGMAB_COUNTS tag=MONASH species=Lambda_b0 pdg=5122 slice=eta_1_2 p=70 a=71 file=/data/alice/ipardoza/hadronization_production/HF_RUN3_V1/raw/MONASH/hf_MONASH_job437.root
SIGMAB_COUNTS tag=MONASH species=Lambda_b0 pdg=5122 slice=eta_ge_2 p=189 a=185 file=/data/alice/ipardoza/hadronization_production/HF_RUN3_V1/raw/MONASH/hf_MONASH_job437.root
SIGMAB_COUNTS tag=MONASH species=Xi_b0 pdg=5232 slice=all p=50 a=47 file=/data/alice/ipardoza/hadronization_production/HF_RUN3_V1/raw/MONASH/hf_MONASH_job437.root
SIGMAB_COUNTS tag=MONASH species=Xi_b0 pdg=5232 slice=eta_lt_1 p=8 a=5 file=/data/alice/ipardoza/hadronization_production/HF_RUN3_V1/raw/MONASH/hf_MONASH_job437.root
SIGMAB_COUNTS tag=MONASH species=Xi_b0 pdg=5232 slice=eta_1_2 p=8 a=11 file=/data/alice/ipardoza/hadronization_production/HF_RUN3_V1/raw/MONASH/hf_MONASH_job437.root
SIGMAB_COUNTS tag=MONASH species=Xi_b0 pdg=5232 slice=eta_ge_2 p=34 a=31 file=/data/alice/ipardoza/hadronization_production/HF_RUN3_V1/raw/MONASH/hf_MONASH_job437.root
SIGMAB_COUNTS tag=MONASH species=Xi_b- pdg=5132 slice=all p=59 a=51 file=/data/alice/ipardoza/hadronization_production/HF_RUN3_V1/raw/MONASH/hf_MONASH_job437.root
SIGMAB_COUNTS tag=MONASH species=Xi_b- pdg=5132 slice=eta_lt_1 p=12 a=10 file=/data/alice/ipardoza/hadronization_production/HF_RUN3_V1/raw/MONASH/hf_MONASH_job437.root
SIGMAB_COUNTS tag=MONASH species=Xi_b- pdg=5132 slice=eta_1_2 p=10 a=9 file=/data/alice/ipardoza/hadronization_production/HF_RUN3_V1/raw/MONASH/hf_MONASH_job437.root
SIGMAB_COUNTS tag=MONASH species=Xi_b- pdg=5132 slice=eta_ge_2 p=37 a=32 file=/data/alice/ipardoza/hadronization_production/HF_RUN3_V1/raw/MONASH/hf_MONASH_job437.root
SIGMAB_COUNTS tag=MONASH species=Sigma_b+ pdg=5222 slice=all p=32 a=20 file=/data/alice/ipardoza/hadronization_production/HF_RUN3_V1/raw/MONASH/hf_MONASH_job438.root
SIGMAB_COUNTS tag=MONASH species=Sigma_b+ pdg=5222 slice=eta_lt_1 p=5 a=5 file=/data/alice/ipardoza/hadronization_production/HF_RUN3_V1/raw/MONASH/hf_MONASH_job438.root
SIGMAB_COUNTS tag=MONASH species=Sigma_b+ pdg=5222 slice=eta_1_2 p=8 a=3 file=/data/alice/ipardoza/hadronization_production/HF_RUN3_V1/raw/MONASH/hf_MONASH_job438.root
SIGMAB_COUNTS tag=MONASH species=Sigma_b+ pdg=5222 slice=eta_ge_2 p=19 a=12 file=/data/alice/ipardoza/hadronization_production/HF_RUN3_V1/raw/MONASH/hf_MONASH_job438.root
SIGMAB_COUNTS tag=MONASH species=Sigma_b0 pdg=5212 slice=all p=38 a=17 file=/data/alice/ipardoza/hadronization_production/HF_RUN3_V1/raw/MONASH/hf_MONASH_job438.root
SIGMAB_COUNTS tag=MONASH species=Sigma_b0 pdg=5212 slice=eta_lt_1 p=7 a=3 file=/data/alice/ipardoza/hadronization_production/HF_RUN3_V1/raw/MONASH/hf_MONASH_job438.root
SIGMAB_COUNTS tag=MONASH species=Sigma_b0 pdg=5212 slice=eta_1_2 p=5 a=4 file=/data/alice/ipardoza/hadronization_production/HF_RUN3_V1/raw/MONASH/hf_MONASH_job438.root
SIGMAB_COUNTS tag=MONASH species=Sigma_b0 pdg=5212 slice=eta_ge_2 p=26 a=10 file=/data/alice/ipardoza/hadronization_production/HF_RUN3_V1/raw/MONASH/hf_MONASH_job438.root
SIGMAB_COUNTS tag=MONASH species=Sigma_b- pdg=5112 slice=all p=35 a=17 file=/data/alice/ipardoza/hadronization_production/HF_RUN3_V1/raw/MONASH/hf_MONASH_job438.root
SIGMAB_COUNTS tag=MONASH species=Sigma_b- pdg=5112 slice=eta_lt_1 p=8 a=5 file=/data/alice/ipardoza/hadronization_production/HF_RUN3_V1/raw/MONASH/hf_MONASH_job438.root
SIGMAB_COUNTS tag=MONASH species=Sigma_b- pdg=5112 slice=eta_1_2 p=4 a=3 file=/data/alice/ipardoza/hadronization_production/HF_RUN3_V1/raw/MONASH/hf_MONASH_job438.root
SIGMAB_COUNTS tag=MONASH species=Sigma_b- pdg=5112 slice=eta_ge_2 p=23 a=9 file=/data/alice/ipardoza/hadronization_production/HF_RUN3_V1/raw/MONASH/hf_MONASH_job438.root
SIGMAB_COUNTS tag=MONASH species=Sigma*_b+ pdg=5224 slice=all p=52 a=42 file=/data/alice/ipardoza/hadronization_production/HF_RUN3_V1/raw/MONASH/hf_MONASH_job438.root
SIGMAB_COUNTS tag=MONASH species=Sigma*_b+ pdg=5224 slice=eta_lt_1 p=7 a=9 file=/data/alice/ipardoza/hadronization_production/HF_RUN3_V1/raw/MONASH/hf_MONASH_job438.root
SIGMAB_COUNTS tag=MONASH species=Sigma*_b+ pdg=5224 slice=eta_1_2 p=13 a=6 file=/data/alice/ipardoza/hadronization_production/HF_RUN3_V1/raw/MONASH/hf_MONASH_job438.root
SIGMAB_COUNTS tag=MONASH species=Sigma*_b+ pdg=5224 slice=eta_ge_2 p=32 a=27 file=/data/alice/ipardoza/hadronization_production/HF_RUN3_V1/raw/MONASH/hf_MONASH_job438.root
SIGMAB_COUNTS tag=MONASH species=Sigma*_b0 pdg=5214 slice=all p=48 a=42 file=/data/alice/ipardoza/hadronization_production/HF_RUN3_V1/raw/MONASH/hf_MONASH_job438.root
SIGMAB_COUNTS tag=MONASH species=Sigma*_b0 pdg=5214 slice=eta_lt_1 p=3 a=12 file=/data/alice/ipardoza/hadronization_production/HF_RUN3_V1/raw/MONASH/hf_MONASH_job438.root
SIGMAB_COUNTS tag=MONASH species=Sigma*_b0 pdg=5214 slice=eta_1_2 p=11 a=12 file=/data/alice/ipardoza/hadronization_production/HF_RUN3_V1/raw/MONASH/hf_MONASH_job438.root
SIGMAB_COUNTS tag=MONASH species=Sigma*_b0 pdg=5214 slice=eta_ge_2 p=34 a=18 file=/data/alice/ipardoza/hadronization_production/HF_RUN3_V1/raw/MONASH/hf_MONASH_job438.root
SIGMAB_COUNTS tag=MONASH species=Sigma*_b- pdg=5114 slice=all p=49 a=33 file=/data/alice/ipardoza/hadronization_production/HF_RUN3_V1/raw/MONASH/hf_MONASH_job438.root
SIGMAB_COUNTS tag=MONASH species=Sigma*_b- pdg=5114 slice=eta_lt_1 p=7 a=8 file=/data/alice/ipardoza/hadronization_production/HF_RUN3_V1/raw/MONASH/hf_MONASH_job438.root
SIGMAB_COUNTS tag=MONASH species=Sigma*_b- pdg=5114 slice=eta_1_2 p=11 a=6 file=/data/alice/ipardoza/hadronization_production/HF_RUN3_V1/raw/MONASH/hf_MONASH_job438.root
SIGMAB_COUNTS tag=MONASH species=Sigma*_b- pdg=5114 slice=eta_ge_2 p=31 a=19 file=/data/alice/ipardoza/hadronization_production/HF_RUN3_V1/raw/MONASH/hf_MONASH_job438.root
SIGMAB_COUNTS tag=MONASH species=Lambda_b0 pdg=5122 slice=all p=330 a=320 file=/data/alice/ipardoza/hadronization_production/HF_RUN3_V1/raw/MONASH/hf_MONASH_job438.root
SIGMAB_COUNTS tag=MONASH species=Lambda_b0 pdg=5122 slice=eta_lt_1 p=75 a=69 file=/data/alice/ipardoza/hadronization_production/HF_RUN3_V1/raw/MONASH/hf_MONASH_job438.root
SIGMAB_COUNTS tag=MONASH species=Lambda_b0 pdg=5122 slice=eta_1_2 p=67 a=67 file=/data/alice/ipardoza/hadronization_production/HF_RUN3_V1/raw/MONASH/hf_MONASH_job438.root
SIGMAB_COUNTS tag=MONASH species=Lambda_b0 pdg=5122 slice=eta_ge_2 p=188 a=184 file=/data/alice/ipardoza/hadronization_production/HF_RUN3_V1/raw/MONASH/hf_MONASH_job438.root
SIGMAB_COUNTS tag=MONASH species=Xi_b0 pdg=5232 slice=all p=49 a=57 file=/data/alice/ipardoza/hadronization_production/HF_RUN3_V1/raw/MONASH/hf_MONASH_job438.root
SIGMAB_COUNTS tag=MONASH species=Xi_b0 pdg=5232 slice=eta_lt_1 p=10 a=11 file=/data/alice/ipardoza/hadronization_production/HF_RUN3_V1/raw/MONASH/hf_MONASH_job438.root
SIGMAB_COUNTS tag=MONASH species=Xi_b0 pdg=5232 slice=eta_1_2 p=9 a=14 file=/data/alice/ipardoza/hadronization_production/HF_RUN3_V1/raw/MONASH/hf_MONASH_job438.root
SIGMAB_COUNTS tag=MONASH species=Xi_b0 pdg=5232 slice=eta_ge_2 p=30 a=32 file=/data/alice/ipardoza/hadronization_production/HF_RUN3_V1/raw/MONASH/hf_MONASH_job438.root
SIGMAB_COUNTS tag=MONASH species=Xi_b- pdg=5132 slice=all p=49 a=55 file=/data/alice/ipardoza/hadronization_production/HF_RUN3_V1/raw/MONASH/hf_MONASH_job438.root
SIGMAB_COUNTS tag=MONASH species=Xi_b- pdg=5132 slice=eta_lt_1 p=6 a=10 file=/data/alice/ipardoza/hadronization_production/HF_RUN3_V1/raw/MONASH/hf_MONASH_job438.root
SIGMAB_COUNTS tag=MONASH species=Xi_b- pdg=5132 slice=eta_1_2 p=14 a=10 file=/data/alice/ipardoza/hadronization_production/HF_RUN3_V1/raw/MONASH/hf_MONASH_job438.root
SIGMAB_COUNTS tag=MONASH species=Xi_b- pdg=5132 slice=eta_ge_2 p=29 a=35 file=/data/alice/ipardoza/hadronization_production/HF_RUN3_V1/raw/MONASH/hf_MONASH_job438.root
SIGMAB_COUNTS tag=MONASH species=Sigma_b+ pdg=5222 slice=all p=29 a=26 file=/data/alice/ipardoza/hadronization_production/HF_RUN3_V1/raw/MONASH/hf_MONASH_job439.root
SIGMAB_COUNTS tag=MONASH species=Sigma_b+ pdg=5222 slice=eta_lt_1 p=5 a=4 file=/data/alice/ipardoza/hadronization_production/HF_RUN3_V1/raw/MONASH/hf_MONASH_job439.root
SIGMAB_COUNTS tag=MONASH species=Sigma_b+ pdg=5222 slice=eta_1_2 p=6 a=4 file=/data/alice/ipardoza/hadronization_production/HF_RUN3_V1/raw/MONASH/hf_MONASH_job439.root
SIGMAB_COUNTS tag=MONASH species=Sigma_b+ pdg=5222 slice=eta_ge_2 p=18 a=18 file=/data/alice/ipardoza/hadronization_production/HF_RUN3_V1/raw/MONASH/hf_MONASH_job439.root
SIGMAB_COUNTS tag=MONASH species=Sigma_b0 pdg=5212 slice=all p=38 a=23 file=/data/alice/ipardoza/hadronization_production/HF_RUN3_V1/raw/MONASH/hf_MONASH_job439.root
SIGMAB_COUNTS tag=MONASH species=Sigma_b0 pdg=5212 slice=eta_lt_1 p=4 a=6 file=/data/alice/ipardoza/hadronization_production/HF_RUN3_V1/raw/MONASH/hf_MONASH_job439.root
SIGMAB_COUNTS tag=MONASH species=Sigma_b0 pdg=5212 slice=eta_1_2 p=9 a=5 file=/data/alice/ipardoza/hadronization_production/HF_RUN3_V1/raw/MONASH/hf_MONASH_job439.root
SIGMAB_COUNTS tag=MONASH species=Sigma_b0 pdg=5212 slice=eta_ge_2 p=25 a=12 file=/data/alice/ipardoza/hadronization_production/HF_RUN3_V1/raw/MONASH/hf_MONASH_job439.root
SIGMAB_COUNTS tag=MONASH species=Sigma_b- pdg=5112 slice=all p=31 a=14 file=/data/alice/ipardoza/hadronization_production/HF_RUN3_V1/raw/MONASH/hf_MONASH_job439.root
SIGMAB_COUNTS tag=MONASH species=Sigma_b- pdg=5112 slice=eta_lt_1 p=3 a=2 file=/data/alice/ipardoza/hadronization_production/HF_RUN3_V1/raw/MONASH/hf_MONASH_job439.root
SIGMAB_COUNTS tag=MONASH species=Sigma_b- pdg=5112 slice=eta_1_2 p=5 a=3 file=/data/alice/ipardoza/hadronization_production/HF_RUN3_V1/raw/MONASH/hf_MONASH_job439.root
SIGMAB_COUNTS tag=MONASH species=Sigma_b- pdg=5112 slice=eta_ge_2 p=23 a=9 file=/data/alice/ipardoza/hadronization_production/HF_RUN3_V1/raw/MONASH/hf_MONASH_job439.root
SIGMAB_COUNTS tag=MONASH species=Sigma*_b+ pdg=5224 slice=all p=40 a=41 file=/data/alice/ipardoza/hadronization_production/HF_RUN3_V1/raw/MONASH/hf_MONASH_job439.root
SIGMAB_COUNTS tag=MONASH species=Sigma*_b+ pdg=5224 slice=eta_lt_1 p=5 a=8 file=/data/alice/ipardoza/hadronization_production/HF_RUN3_V1/raw/MONASH/hf_MONASH_job439.root
SIGMAB_COUNTS tag=MONASH species=Sigma*_b+ pdg=5224 slice=eta_1_2 p=16 a=9 file=/data/alice/ipardoza/hadronization_production/HF_RUN3_V1/raw/MONASH/hf_MONASH_job439.root
SIGMAB_COUNTS tag=MONASH species=Sigma*_b+ pdg=5224 slice=eta_ge_2 p=19 a=24 file=/data/alice/ipardoza/hadronization_production/HF_RUN3_V1/raw/MONASH/hf_MONASH_job439.root
SIGMAB_COUNTS tag=MONASH species=Sigma*_b0 pdg=5214 slice=all p=42 a=38 file=/data/alice/ipardoza/hadronization_production/HF_RUN3_V1/raw/MONASH/hf_MONASH_job439.root
SIGMAB_COUNTS tag=MONASH species=Sigma*_b0 pdg=5214 slice=eta_lt_1 p=9 a=7 file=/data/alice/ipardoza/hadronization_production/HF_RUN3_V1/raw/MONASH/hf_MONASH_job439.root
SIGMAB_COUNTS tag=MONASH species=Sigma*_b0 pdg=5214 slice=eta_1_2 p=7 a=5 file=/data/alice/ipardoza/hadronization_production/HF_RUN3_V1/raw/MONASH/hf_MONASH_job439.root
SIGMAB_COUNTS tag=MONASH species=Sigma*_b0 pdg=5214 slice=eta_ge_2 p=26 a=26 file=/data/alice/ipardoza/hadronization_production/HF_RUN3_V1/raw/MONASH/hf_MONASH_job439.root
SIGMAB_COUNTS tag=MONASH species=Sigma*_b- pdg=5114 slice=all p=51 a=37 file=/data/alice/ipardoza/hadronization_production/HF_RUN3_V1/raw/MONASH/hf_MONASH_job439.root
SIGMAB_COUNTS tag=MONASH species=Sigma*_b- pdg=5114 slice=eta_lt_1 p=7 a=11 file=/data/alice/ipardoza/hadronization_production/HF_RUN3_V1/raw/MONASH/hf_MONASH_job439.root
SIGMAB_COUNTS tag=MONASH species=Sigma*_b- pdg=5114 slice=eta_1_2 p=9 a=6 file=/data/alice/ipardoza/hadronization_production/HF_RUN3_V1/raw/MONASH/hf_MONASH_job439.root
SIGMAB_COUNTS tag=MONASH species=Sigma*_b- pdg=5114 slice=eta_ge_2 p=35 a=20 file=/data/alice/ipardoza/hadronization_production/HF_RUN3_V1/raw/MONASH/hf_MONASH_job439.root
SIGMAB_COUNTS tag=MONASH species=Lambda_b0 pdg=5122 slice=all p=309 a=316 file=/data/alice/ipardoza/hadronization_production/HF_RUN3_V1/raw/MONASH/hf_MONASH_job439.root
SIGMAB_COUNTS tag=MONASH species=Lambda_b0 pdg=5122 slice=eta_lt_1 p=68 a=55 file=/data/alice/ipardoza/hadronization_production/HF_RUN3_V1/raw/MONASH/hf_MONASH_job439.root
SIGMAB_COUNTS tag=MONASH species=Lambda_b0 pdg=5122 slice=eta_1_2 p=66 a=55 file=/data/alice/ipardoza/hadronization_production/HF_RUN3_V1/raw/MONASH/hf_MONASH_job439.root
SIGMAB_COUNTS tag=MONASH species=Lambda_b0 pdg=5122 slice=eta_ge_2 p=175 a=206 file=/data/alice/ipardoza/hadronization_production/HF_RUN3_V1/raw/MONASH/hf_MONASH_job439.root
SIGMAB_COUNTS tag=MONASH species=Xi_b0 pdg=5232 slice=all p=56 a=63 file=/data/alice/ipardoza/hadronization_production/HF_RUN3_V1/raw/MONASH/hf_MONASH_job439.root
SIGMAB_COUNTS tag=MONASH species=Xi_b0 pdg=5232 slice=eta_lt_1 p=13 a=11 file=/data/alice/ipardoza/hadronization_production/HF_RUN3_V1/raw/MONASH/hf_MONASH_job439.root
SIGMAB_COUNTS tag=MONASH species=Xi_b0 pdg=5232 slice=eta_1_2 p=14 a=14 file=/data/alice/ipardoza/hadronization_production/HF_RUN3_V1/raw/MONASH/hf_MONASH_job439.root
SIGMAB_COUNTS tag=MONASH species=Xi_b0 pdg=5232 slice=eta_ge_2 p=29 a=38 file=/data/alice/ipardoza/hadronization_production/HF_RUN3_V1/raw/MONASH/hf_MONASH_job439.root
SIGMAB_COUNTS tag=MONASH species=Xi_b- pdg=5132 slice=all p=64 a=53 file=/data/alice/ipardoza/hadronization_production/HF_RUN3_V1/raw/MONASH/hf_MONASH_job439.root
SIGMAB_COUNTS tag=MONASH species=Xi_b- pdg=5132 slice=eta_lt_1 p=10 a=8 file=/data/alice/ipardoza/hadronization_production/HF_RUN3_V1/raw/MONASH/hf_MONASH_job439.root
SIGMAB_COUNTS tag=MONASH species=Xi_b- pdg=5132 slice=eta_1_2 p=10 a=14 file=/data/alice/ipardoza/hadronization_production/HF_RUN3_V1/raw/MONASH/hf_MONASH_job439.root
SIGMAB_COUNTS tag=MONASH species=Xi_b- pdg=5132 slice=eta_ge_2 p=44 a=31 file=/data/alice/ipardoza/hadronization_production/HF_RUN3_V1/raw/MONASH/hf_MONASH_job439.root
SIGMAB_COUNTS tag=MONASH species=Sigma_b+ pdg=5222 slice=all p=37 a=21 file=/data/alice/ipardoza/hadronization_production/HF_RUN3_V1/raw/MONASH/hf_MONASH_job440.root
SIGMAB_COUNTS tag=MONASH species=Sigma_b+ pdg=5222 slice=eta_lt_1 p=8 a=3 file=/data/alice/ipardoza/hadronization_production/HF_RUN3_V1/raw/MONASH/hf_MONASH_job440.root
SIGMAB_COUNTS tag=MONASH species=Sigma_b+ pdg=5222 slice=eta_1_2 p=8 a=0 file=/data/alice/ipardoza/hadronization_production/HF_RUN3_V1/raw/MONASH/hf_MONASH_job440.root
SIGMAB_COUNTS tag=MONASH species=Sigma_b+ pdg=5222 slice=eta_ge_2 p=21 a=18 file=/data/alice/ipardoza/hadronization_production/HF_RUN3_V1/raw/MONASH/hf_MONASH_job440.root
SIGMAB_COUNTS tag=MONASH species=Sigma_b0 pdg=5212 slice=all p=41 a=27 file=/data/alice/ipardoza/hadronization_production/HF_RUN3_V1/raw/MONASH/hf_MONASH_job440.root
SIGMAB_COUNTS tag=MONASH species=Sigma_b0 pdg=5212 slice=eta_lt_1 p=1 a=7 file=/data/alice/ipardoza/hadronization_production/HF_RUN3_V1/raw/MONASH/hf_MONASH_job440.root
SIGMAB_COUNTS tag=MONASH species=Sigma_b0 pdg=5212 slice=eta_1_2 p=12 a=7 file=/data/alice/ipardoza/hadronization_production/HF_RUN3_V1/raw/MONASH/hf_MONASH_job440.root
SIGMAB_COUNTS tag=MONASH species=Sigma_b0 pdg=5212 slice=eta_ge_2 p=28 a=13 file=/data/alice/ipardoza/hadronization_production/HF_RUN3_V1/raw/MONASH/hf_MONASH_job440.root
SIGMAB_COUNTS tag=MONASH species=Sigma_b- pdg=5112 slice=all p=32 a=14 file=/data/alice/ipardoza/hadronization_production/HF_RUN3_V1/raw/MONASH/hf_MONASH_job440.root
SIGMAB_COUNTS tag=MONASH species=Sigma_b- pdg=5112 slice=eta_lt_1 p=5 a=0 file=/data/alice/ipardoza/hadronization_production/HF_RUN3_V1/raw/MONASH/hf_MONASH_job440.root
SIGMAB_COUNTS tag=MONASH species=Sigma_b- pdg=5112 slice=eta_1_2 p=10 a=7 file=/data/alice/ipardoza/hadronization_production/HF_RUN3_V1/raw/MONASH/hf_MONASH_job440.root
SIGMAB_COUNTS tag=MONASH species=Sigma_b- pdg=5112 slice=eta_ge_2 p=17 a=7 file=/data/alice/ipardoza/hadronization_production/HF_RUN3_V1/raw/MONASH/hf_MONASH_job440.root
SIGMAB_COUNTS tag=MONASH species=Sigma*_b+ pdg=5224 slice=all p=49 a=40 file=/data/alice/ipardoza/hadronization_production/HF_RUN3_V1/raw/MONASH/hf_MONASH_job440.root
SIGMAB_COUNTS tag=MONASH species=Sigma*_b+ pdg=5224 slice=eta_lt_1 p=10 a=6 file=/data/alice/ipardoza/hadronization_production/HF_RUN3_V1/raw/MONASH/hf_MONASH_job440.root
SIGMAB_COUNTS tag=MONASH species=Sigma*_b+ pdg=5224 slice=eta_1_2 p=10 a=11 file=/data/alice/ipardoza/hadronization_production/HF_RUN3_V1/raw/MONASH/hf_MONASH_job440.root
SIGMAB_COUNTS tag=MONASH species=Sigma*_b+ pdg=5224 slice=eta_ge_2 p=29 a=23 file=/data/alice/ipardoza/hadronization_production/HF_RUN3_V1/raw/MONASH/hf_MONASH_job440.root
SIGMAB_COUNTS tag=MONASH species=Sigma*_b0 pdg=5214 slice=all p=59 a=39 file=/data/alice/ipardoza/hadronization_production/HF_RUN3_V1/raw/MONASH/hf_MONASH_job440.root
SIGMAB_COUNTS tag=MONASH species=Sigma*_b0 pdg=5214 slice=eta_lt_1 p=14 a=7 file=/data/alice/ipardoza/hadronization_production/HF_RUN3_V1/raw/MONASH/hf_MONASH_job440.root
SIGMAB_COUNTS tag=MONASH species=Sigma*_b0 pdg=5214 slice=eta_1_2 p=12 a=8 file=/data/alice/ipardoza/hadronization_production/HF_RUN3_V1/raw/MONASH/hf_MONASH_job440.root
SIGMAB_COUNTS tag=MONASH species=Sigma*_b0 pdg=5214 slice=eta_ge_2 p=33 a=24 file=/data/alice/ipardoza/hadronization_production/HF_RUN3_V1/raw/MONASH/hf_MONASH_job440.root
SIGMAB_COUNTS tag=MONASH species=Sigma*_b- pdg=5114 slice=all p=60 a=35 file=/data/alice/ipardoza/hadronization_production/HF_RUN3_V1/raw/MONASH/hf_MONASH_job440.root
SIGMAB_COUNTS tag=MONASH species=Sigma*_b- pdg=5114 slice=eta_lt_1 p=9 a=8 file=/data/alice/ipardoza/hadronization_production/HF_RUN3_V1/raw/MONASH/hf_MONASH_job440.root
SIGMAB_COUNTS tag=MONASH species=Sigma*_b- pdg=5114 slice=eta_1_2 p=14 a=4 file=/data/alice/ipardoza/hadronization_production/HF_RUN3_V1/raw/MONASH/hf_MONASH_job440.root
SIGMAB_COUNTS tag=MONASH species=Sigma*_b- pdg=5114 slice=eta_ge_2 p=37 a=23 file=/data/alice/ipardoza/hadronization_production/HF_RUN3_V1/raw/MONASH/hf_MONASH_job440.root
SIGMAB_COUNTS tag=MONASH species=Lambda_b0 pdg=5122 slice=all p=306 a=305 file=/data/alice/ipardoza/hadronization_production/HF_RUN3_V1/raw/MONASH/hf_MONASH_job440.root
SIGMAB_COUNTS tag=MONASH species=Lambda_b0 pdg=5122 slice=eta_lt_1 p=55 a=56 file=/data/alice/ipardoza/hadronization_production/HF_RUN3_V1/raw/MONASH/hf_MONASH_job440.root
SIGMAB_COUNTS tag=MONASH species=Lambda_b0 pdg=5122 slice=eta_1_2 p=66 a=78 file=/data/alice/ipardoza/hadronization_production/HF_RUN3_V1/raw/MONASH/hf_MONASH_job440.root
SIGMAB_COUNTS tag=MONASH species=Lambda_b0 pdg=5122 slice=eta_ge_2 p=185 a=171 file=/data/alice/ipardoza/hadronization_production/HF_RUN3_V1/raw/MONASH/hf_MONASH_job440.root
SIGMAB_COUNTS tag=MONASH species=Xi_b0 pdg=5232 slice=all p=39 a=46 file=/data/alice/ipardoza/hadronization_production/HF_RUN3_V1/raw/MONASH/hf_MONASH_job440.root
SIGMAB_COUNTS tag=MONASH species=Xi_b0 pdg=5232 slice=eta_lt_1 p=5 a=8 file=/data/alice/ipardoza/hadronization_production/HF_RUN3_V1/raw/MONASH/hf_MONASH_job440.root
SIGMAB_COUNTS tag=MONASH species=Xi_b0 pdg=5232 slice=eta_1_2 p=12 a=13 file=/data/alice/ipardoza/hadronization_production/HF_RUN3_V1/raw/MONASH/hf_MONASH_job440.root
SIGMAB_COUNTS tag=MONASH species=Xi_b0 pdg=5232 slice=eta_ge_2 p=22 a=25 file=/data/alice/ipardoza/hadronization_production/HF_RUN3_V1/raw/MONASH/hf_MONASH_job440.root
SIGMAB_COUNTS tag=MONASH species=Xi_b- pdg=5132 slice=all p=55 a=51 file=/data/alice/ipardoza/hadronization_production/HF_RUN3_V1/raw/MONASH/hf_MONASH_job440.root
SIGMAB_COUNTS tag=MONASH species=Xi_b- pdg=5132 slice=eta_lt_1 p=6 a=12 file=/data/alice/ipardoza/hadronization_production/HF_RUN3_V1/raw/MONASH/hf_MONASH_job440.root
SIGMAB_COUNTS tag=MONASH species=Xi_b- pdg=5132 slice=eta_1_2 p=15 a=12 file=/data/alice/ipardoza/hadronization_production/HF_RUN3_V1/raw/MONASH/hf_MONASH_job440.root
SIGMAB_COUNTS tag=MONASH species=Xi_b- pdg=5132 slice=eta_ge_2 p=34 a=27 file=/data/alice/ipardoza/hadronization_production/HF_RUN3_V1/raw/MONASH/hf_MONASH_job440.root
SIGMAB_COUNTS tag=MONASH species=Sigma_b+ pdg=5222 slice=all p=42 a=25 file=/data/alice/ipardoza/hadronization_production/HF_RUN3_V1/raw/MONASH/hf_MONASH_job441.root
SIGMAB_COUNTS tag=MONASH species=Sigma_b+ pdg=5222 slice=eta_lt_1 p=6 a=2 file=/data/alice/ipardoza/hadronization_production/HF_RUN3_V1/raw/MONASH/hf_MONASH_job441.root
SIGMAB_COUNTS tag=MONASH species=Sigma_b+ pdg=5222 slice=eta_1_2 p=9 a=6 file=/data/alice/ipardoza/hadronization_production/HF_RUN3_V1/raw/MONASH/hf_MONASH_job441.root
SIGMAB_COUNTS tag=MONASH species=Sigma_b+ pdg=5222 slice=eta_ge_2 p=27 a=17 file=/data/alice/ipardoza/hadronization_production/HF_RUN3_V1/raw/MONASH/hf_MONASH_job441.root
SIGMAB_COUNTS tag=MONASH species=Sigma_b0 pdg=5212 slice=all p=38 a=13 file=/data/alice/ipardoza/hadronization_production/HF_RUN3_V1/raw/MONASH/hf_MONASH_job441.root
SIGMAB_COUNTS tag=MONASH species=Sigma_b0 pdg=5212 slice=eta_lt_1 p=9 a=4 file=/data/alice/ipardoza/hadronization_production/HF_RUN3_V1/raw/MONASH/hf_MONASH_job441.root
SIGMAB_COUNTS tag=MONASH species=Sigma_b0 pdg=5212 slice=eta_1_2 p=8 a=2 file=/data/alice/ipardoza/hadronization_production/HF_RUN3_V1/raw/MONASH/hf_MONASH_job441.root
SIGMAB_COUNTS tag=MONASH species=Sigma_b0 pdg=5212 slice=eta_ge_2 p=21 a=7 file=/data/alice/ipardoza/hadronization_production/HF_RUN3_V1/raw/MONASH/hf_MONASH_job441.root
SIGMAB_COUNTS tag=MONASH species=Sigma_b- pdg=5112 slice=all p=49 a=16 file=/data/alice/ipardoza/hadronization_production/HF_RUN3_V1/raw/MONASH/hf_MONASH_job441.root
SIGMAB_COUNTS tag=MONASH species=Sigma_b- pdg=5112 slice=eta_lt_1 p=5 a=5 file=/data/alice/ipardoza/hadronization_production/HF_RUN3_V1/raw/MONASH/hf_MONASH_job441.root
SIGMAB_COUNTS tag=MONASH species=Sigma_b- pdg=5112 slice=eta_1_2 p=7 a=1 file=/data/alice/ipardoza/hadronization_production/HF_RUN3_V1/raw/MONASH/hf_MONASH_job441.root
SIGMAB_COUNTS tag=MONASH species=Sigma_b- pdg=5112 slice=eta_ge_2 p=37 a=10 file=/data/alice/ipardoza/hadronization_production/HF_RUN3_V1/raw/MONASH/hf_MONASH_job441.root
SIGMAB_COUNTS tag=MONASH species=Sigma*_b+ pdg=5224 slice=all p=48 a=40 file=/data/alice/ipardoza/hadronization_production/HF_RUN3_V1/raw/MONASH/hf_MONASH_job441.root
SIGMAB_COUNTS tag=MONASH species=Sigma*_b+ pdg=5224 slice=eta_lt_1 p=9 a=10 file=/data/alice/ipardoza/hadronization_production/HF_RUN3_V1/raw/MONASH/hf_MONASH_job441.root
SIGMAB_COUNTS tag=MONASH species=Sigma*_b+ pdg=5224 slice=eta_1_2 p=11 a=7 file=/data/alice/ipardoza/hadronization_production/HF_RUN3_V1/raw/MONASH/hf_MONASH_job441.root
SIGMAB_COUNTS tag=MONASH species=Sigma*_b+ pdg=5224 slice=eta_ge_2 p=28 a=23 file=/data/alice/ipardoza/hadronization_production/HF_RUN3_V1/raw/MONASH/hf_MONASH_job441.root
SIGMAB_COUNTS tag=MONASH species=Sigma*_b0 pdg=5214 slice=all p=44 a=51 file=/data/alice/ipardoza/hadronization_production/HF_RUN3_V1/raw/MONASH/hf_MONASH_job441.root
SIGMAB_COUNTS tag=MONASH species=Sigma*_b0 pdg=5214 slice=eta_lt_1 p=4 a=10 file=/data/alice/ipardoza/hadronization_production/HF_RUN3_V1/raw/MONASH/hf_MONASH_job441.root
SIGMAB_COUNTS tag=MONASH species=Sigma*_b0 pdg=5214 slice=eta_1_2 p=6 a=7 file=/data/alice/ipardoza/hadronization_production/HF_RUN3_V1/raw/MONASH/hf_MONASH_job441.root
SIGMAB_COUNTS tag=MONASH species=Sigma*_b0 pdg=5214 slice=eta_ge_2 p=34 a=34 file=/data/alice/ipardoza/hadronization_production/HF_RUN3_V1/raw/MONASH/hf_MONASH_job441.root
SIGMAB_COUNTS tag=MONASH species=Sigma*_b- pdg=5114 slice=all p=52 a=51 file=/data/alice/ipardoza/hadronization_production/HF_RUN3_V1/raw/MONASH/hf_MONASH_job441.root
SIGMAB_COUNTS tag=MONASH species=Sigma*_b- pdg=5114 slice=eta_lt_1 p=12 a=8 file=/data/alice/ipardoza/hadronization_production/HF_RUN3_V1/raw/MONASH/hf_MONASH_job441.root
SIGMAB_COUNTS tag=MONASH species=Sigma*_b- pdg=5114 slice=eta_1_2 p=8 a=10 file=/data/alice/ipardoza/hadronization_production/HF_RUN3_V1/raw/MONASH/hf_MONASH_job441.root
SIGMAB_COUNTS tag=MONASH species=Sigma*_b- pdg=5114 slice=eta_ge_2 p=32 a=33 file=/data/alice/ipardoza/hadronization_production/HF_RUN3_V1/raw/MONASH/hf_MONASH_job441.root
SIGMAB_COUNTS tag=MONASH species=Lambda_b0 pdg=5122 slice=all p=311 a=318 file=/data/alice/ipardoza/hadronization_production/HF_RUN3_V1/raw/MONASH/hf_MONASH_job441.root
SIGMAB_COUNTS tag=MONASH species=Lambda_b0 pdg=5122 slice=eta_lt_1 p=54 a=66 file=/data/alice/ipardoza/hadronization_production/HF_RUN3_V1/raw/MONASH/hf_MONASH_job441.root
SIGMAB_COUNTS tag=MONASH species=Lambda_b0 pdg=5122 slice=eta_1_2 p=73 a=79 file=/data/alice/ipardoza/hadronization_production/HF_RUN3_V1/raw/MONASH/hf_MONASH_job441.root
SIGMAB_COUNTS tag=MONASH species=Lambda_b0 pdg=5122 slice=eta_ge_2 p=184 a=173 file=/data/alice/ipardoza/hadronization_production/HF_RUN3_V1/raw/MONASH/hf_MONASH_job441.root
SIGMAB_COUNTS tag=MONASH species=Xi_b0 pdg=5232 slice=all p=62 a=59 file=/data/alice/ipardoza/hadronization_production/HF_RUN3_V1/raw/MONASH/hf_MONASH_job441.root
SIGMAB_COUNTS tag=MONASH species=Xi_b0 pdg=5232 slice=eta_lt_1 p=15 a=9 file=/data/alice/ipardoza/hadronization_production/HF_RUN3_V1/raw/MONASH/hf_MONASH_job441.root
SIGMAB_COUNTS tag=MONASH species=Xi_b0 pdg=5232 slice=eta_1_2 p=15 a=14 file=/data/alice/ipardoza/hadronization_production/HF_RUN3_V1/raw/MONASH/hf_MONASH_job441.root
SIGMAB_COUNTS tag=MONASH species=Xi_b0 pdg=5232 slice=eta_ge_2 p=32 a=36 file=/data/alice/ipardoza/hadronization_production/HF_RUN3_V1/raw/MONASH/hf_MONASH_job441.root
SIGMAB_COUNTS tag=MONASH species=Xi_b- pdg=5132 slice=all p=52 a=48 file=/data/alice/ipardoza/hadronization_production/HF_RUN3_V1/raw/MONASH/hf_MONASH_job441.root
SIGMAB_COUNTS tag=MONASH species=Xi_b- pdg=5132 slice=eta_lt_1 p=10 a=15 file=/data/alice/ipardoza/hadronization_production/HF_RUN3_V1/raw/MONASH/hf_MONASH_job441.root
SIGMAB_COUNTS tag=MONASH species=Xi_b- pdg=5132 slice=eta_1_2 p=10 a=8 file=/data/alice/ipardoza/hadronization_production/HF_RUN3_V1/raw/MONASH/hf_MONASH_job441.root
SIGMAB_COUNTS tag=MONASH species=Xi_b- pdg=5132 slice=eta_ge_2 p=32 a=25 file=/data/alice/ipardoza/hadronization_production/HF_RUN3_V1/raw/MONASH/hf_MONASH_job441.root
SIGMAB_COUNTS tag=MONASH species=Sigma_b+ pdg=5222 slice=all p=40 a=23 file=/data/alice/ipardoza/hadronization_production/HF_RUN3_V1/raw/MONASH/hf_MONASH_job442.root
SIGMAB_COUNTS tag=MONASH species=Sigma_b+ pdg=5222 slice=eta_lt_1 p=5 a=7 file=/data/alice/ipardoza/hadronization_production/HF_RUN3_V1/raw/MONASH/hf_MONASH_job442.root
SIGMAB_COUNTS tag=MONASH species=Sigma_b+ pdg=5222 slice=eta_1_2 p=11 a=3 file=/data/alice/ipardoza/hadronization_production/HF_RUN3_V1/raw/MONASH/hf_MONASH_job442.root
SIGMAB_COUNTS tag=MONASH species=Sigma_b+ pdg=5222 slice=eta_ge_2 p=24 a=13 file=/data/alice/ipardoza/hadronization_production/HF_RUN3_V1/raw/MONASH/hf_MONASH_job442.root
SIGMAB_COUNTS tag=MONASH species=Sigma_b0 pdg=5212 slice=all p=38 a=17 file=/data/alice/ipardoza/hadronization_production/HF_RUN3_V1/raw/MONASH/hf_MONASH_job442.root
SIGMAB_COUNTS tag=MONASH species=Sigma_b0 pdg=5212 slice=eta_lt_1 p=8 a=3 file=/data/alice/ipardoza/hadronization_production/HF_RUN3_V1/raw/MONASH/hf_MONASH_job442.root
SIGMAB_COUNTS tag=MONASH species=Sigma_b0 pdg=5212 slice=eta_1_2 p=1 a=2 file=/data/alice/ipardoza/hadronization_production/HF_RUN3_V1/raw/MONASH/hf_MONASH_job442.root
SIGMAB_COUNTS tag=MONASH species=Sigma_b0 pdg=5212 slice=eta_ge_2 p=29 a=12 file=/data/alice/ipardoza/hadronization_production/HF_RUN3_V1/raw/MONASH/hf_MONASH_job442.root
SIGMAB_COUNTS tag=MONASH species=Sigma_b- pdg=5112 slice=all p=30 a=16 file=/data/alice/ipardoza/hadronization_production/HF_RUN3_V1/raw/MONASH/hf_MONASH_job442.root
SIGMAB_COUNTS tag=MONASH species=Sigma_b- pdg=5112 slice=eta_lt_1 p=3 a=5 file=/data/alice/ipardoza/hadronization_production/HF_RUN3_V1/raw/MONASH/hf_MONASH_job442.root
SIGMAB_COUNTS tag=MONASH species=Sigma_b- pdg=5112 slice=eta_1_2 p=4 a=2 file=/data/alice/ipardoza/hadronization_production/HF_RUN3_V1/raw/MONASH/hf_MONASH_job442.root
SIGMAB_COUNTS tag=MONASH species=Sigma_b- pdg=5112 slice=eta_ge_2 p=23 a=9 file=/data/alice/ipardoza/hadronization_production/HF_RUN3_V1/raw/MONASH/hf_MONASH_job442.root
SIGMAB_COUNTS tag=MONASH species=Sigma*_b+ pdg=5224 slice=all p=39 a=36 file=/data/alice/ipardoza/hadronization_production/HF_RUN3_V1/raw/MONASH/hf_MONASH_job442.root
SIGMAB_COUNTS tag=MONASH species=Sigma*_b+ pdg=5224 slice=eta_lt_1 p=6 a=4 file=/data/alice/ipardoza/hadronization_production/HF_RUN3_V1/raw/MONASH/hf_MONASH_job442.root
SIGMAB_COUNTS tag=MONASH species=Sigma*_b+ pdg=5224 slice=eta_1_2 p=8 a=9 file=/data/alice/ipardoza/hadronization_production/HF_RUN3_V1/raw/MONASH/hf_MONASH_job442.root
SIGMAB_COUNTS tag=MONASH species=Sigma*_b+ pdg=5224 slice=eta_ge_2 p=25 a=23 file=/data/alice/ipardoza/hadronization_production/HF_RUN3_V1/raw/MONASH/hf_MONASH_job442.root
SIGMAB_COUNTS tag=MONASH species=Sigma*_b0 pdg=5214 slice=all p=37 a=41 file=/data/alice/ipardoza/hadronization_production/HF_RUN3_V1/raw/MONASH/hf_MONASH_job442.root
SIGMAB_COUNTS tag=MONASH species=Sigma*_b0 pdg=5214 slice=eta_lt_1 p=8 a=6 file=/data/alice/ipardoza/hadronization_production/HF_RUN3_V1/raw/MONASH/hf_MONASH_job442.root
SIGMAB_COUNTS tag=MONASH species=Sigma*_b0 pdg=5214 slice=eta_1_2 p=6 a=7 file=/data/alice/ipardoza/hadronization_production/HF_RUN3_V1/raw/MONASH/hf_MONASH_job442.root
SIGMAB_COUNTS tag=MONASH species=Sigma*_b0 pdg=5214 slice=eta_ge_2 p=23 a=28 file=/data/alice/ipardoza/hadronization_production/HF_RUN3_V1/raw/MONASH/hf_MONASH_job442.root
SIGMAB_COUNTS tag=MONASH species=Sigma*_b- pdg=5114 slice=all p=63 a=33 file=/data/alice/ipardoza/hadronization_production/HF_RUN3_V1/raw/MONASH/hf_MONASH_job442.root
SIGMAB_COUNTS tag=MONASH species=Sigma*_b- pdg=5114 slice=eta_lt_1 p=8 a=6 file=/data/alice/ipardoza/hadronization_production/HF_RUN3_V1/raw/MONASH/hf_MONASH_job442.root
SIGMAB_COUNTS tag=MONASH species=Sigma*_b- pdg=5114 slice=eta_1_2 p=11 a=4 file=/data/alice/ipardoza/hadronization_production/HF_RUN3_V1/raw/MONASH/hf_MONASH_job442.root
SIGMAB_COUNTS tag=MONASH species=Sigma*_b- pdg=5114 slice=eta_ge_2 p=44 a=23 file=/data/alice/ipardoza/hadronization_production/HF_RUN3_V1/raw/MONASH/hf_MONASH_job442.root
SIGMAB_COUNTS tag=MONASH species=Lambda_b0 pdg=5122 slice=all p=300 a=296 file=/data/alice/ipardoza/hadronization_production/HF_RUN3_V1/raw/MONASH/hf_MONASH_job442.root
SIGMAB_COUNTS tag=MONASH species=Lambda_b0 pdg=5122 slice=eta_lt_1 p=51 a=48 file=/data/alice/ipardoza/hadronization_production/HF_RUN3_V1/raw/MONASH/hf_MONASH_job442.root
SIGMAB_COUNTS tag=MONASH species=Lambda_b0 pdg=5122 slice=eta_1_2 p=57 a=63 file=/data/alice/ipardoza/hadronization_production/HF_RUN3_V1/raw/MONASH/hf_MONASH_job442.root
SIGMAB_COUNTS tag=MONASH species=Lambda_b0 pdg=5122 slice=eta_ge_2 p=192 a=185 file=/data/alice/ipardoza/hadronization_production/HF_RUN3_V1/raw/MONASH/hf_MONASH_job442.root
SIGMAB_COUNTS tag=MONASH species=Xi_b0 pdg=5232 slice=all p=67 a=65 file=/data/alice/ipardoza/hadronization_production/HF_RUN3_V1/raw/MONASH/hf_MONASH_job442.root
SIGMAB_COUNTS tag=MONASH species=Xi_b0 pdg=5232 slice=eta_lt_1 p=8 a=21 file=/data/alice/ipardoza/hadronization_production/HF_RUN3_V1/raw/MONASH/hf_MONASH_job442.root
SIGMAB_COUNTS tag=MONASH species=Xi_b0 pdg=5232 slice=eta_1_2 p=16 a=15 file=/data/alice/ipardoza/hadronization_production/HF_RUN3_V1/raw/MONASH/hf_MONASH_job442.root
SIGMAB_COUNTS tag=MONASH species=Xi_b0 pdg=5232 slice=eta_ge_2 p=43 a=29 file=/data/alice/ipardoza/hadronization_production/HF_RUN3_V1/raw/MONASH/hf_MONASH_job442.root
SIGMAB_COUNTS tag=MONASH species=Xi_b- pdg=5132 slice=all p=57 a=46 file=/data/alice/ipardoza/hadronization_production/HF_RUN3_V1/raw/MONASH/hf_MONASH_job442.root
SIGMAB_COUNTS tag=MONASH species=Xi_b- pdg=5132 slice=eta_lt_1 p=6 a=7 file=/data/alice/ipardoza/hadronization_production/HF_RUN3_V1/raw/MONASH/hf_MONASH_job442.root
SIGMAB_COUNTS tag=MONASH species=Xi_b- pdg=5132 slice=eta_1_2 p=13 a=16 file=/data/alice/ipardoza/hadronization_production/HF_RUN3_V1/raw/MONASH/hf_MONASH_job442.root
SIGMAB_COUNTS tag=MONASH species=Xi_b- pdg=5132 slice=eta_ge_2 p=38 a=23 file=/data/alice/ipardoza/hadronization_production/HF_RUN3_V1/raw/MONASH/hf_MONASH_job442.root
SIGMAB_COUNTS tag=MONASH species=Sigma_b+ pdg=5222 slice=all p=39 a=14 file=/data/alice/ipardoza/hadronization_production/HF_RUN3_V1/raw/MONASH/hf_MONASH_job443.root
SIGMAB_COUNTS tag=MONASH species=Sigma_b+ pdg=5222 slice=eta_lt_1 p=4 a=3 file=/data/alice/ipardoza/hadronization_production/HF_RUN3_V1/raw/MONASH/hf_MONASH_job443.root
SIGMAB_COUNTS tag=MONASH species=Sigma_b+ pdg=5222 slice=eta_1_2 p=9 a=1 file=/data/alice/ipardoza/hadronization_production/HF_RUN3_V1/raw/MONASH/hf_MONASH_job443.root
SIGMAB_COUNTS tag=MONASH species=Sigma_b+ pdg=5222 slice=eta_ge_2 p=26 a=10 file=/data/alice/ipardoza/hadronization_production/HF_RUN3_V1/raw/MONASH/hf_MONASH_job443.root
SIGMAB_COUNTS tag=MONASH species=Sigma_b0 pdg=5212 slice=all p=37 a=22 file=/data/alice/ipardoza/hadronization_production/HF_RUN3_V1/raw/MONASH/hf_MONASH_job443.root
SIGMAB_COUNTS tag=MONASH species=Sigma_b0 pdg=5212 slice=eta_lt_1 p=8 a=1 file=/data/alice/ipardoza/hadronization_production/HF_RUN3_V1/raw/MONASH/hf_MONASH_job443.root
SIGMAB_COUNTS tag=MONASH species=Sigma_b0 pdg=5212 slice=eta_1_2 p=4 a=8 file=/data/alice/ipardoza/hadronization_production/HF_RUN3_V1/raw/MONASH/hf_MONASH_job443.root
SIGMAB_COUNTS tag=MONASH species=Sigma_b0 pdg=5212 slice=eta_ge_2 p=25 a=13 file=/data/alice/ipardoza/hadronization_production/HF_RUN3_V1/raw/MONASH/hf_MONASH_job443.root
SIGMAB_COUNTS tag=MONASH species=Sigma_b- pdg=5112 slice=all p=34 a=16 file=/data/alice/ipardoza/hadronization_production/HF_RUN3_V1/raw/MONASH/hf_MONASH_job443.root
SIGMAB_COUNTS tag=MONASH species=Sigma_b- pdg=5112 slice=eta_lt_1 p=4 a=2 file=/data/alice/ipardoza/hadronization_production/HF_RUN3_V1/raw/MONASH/hf_MONASH_job443.root
SIGMAB_COUNTS tag=MONASH species=Sigma_b- pdg=5112 slice=eta_1_2 p=8 a=8 file=/data/alice/ipardoza/hadronization_production/HF_RUN3_V1/raw/MONASH/hf_MONASH_job443.root
SIGMAB_COUNTS tag=MONASH species=Sigma_b- pdg=5112 slice=eta_ge_2 p=22 a=6 file=/data/alice/ipardoza/hadronization_production/HF_RUN3_V1/raw/MONASH/hf_MONASH_job443.root
SIGMAB_COUNTS tag=MONASH species=Sigma*_b+ pdg=5224 slice=all p=39 a=26 file=/data/alice/ipardoza/hadronization_production/HF_RUN3_V1/raw/MONASH/hf_MONASH_job443.root
SIGMAB_COUNTS tag=MONASH species=Sigma*_b+ pdg=5224 slice=eta_lt_1 p=5 a=5 file=/data/alice/ipardoza/hadronization_production/HF_RUN3_V1/raw/MONASH/hf_MONASH_job443.root
SIGMAB_COUNTS tag=MONASH species=Sigma*_b+ pdg=5224 slice=eta_1_2 p=5 a=12 file=/data/alice/ipardoza/hadronization_production/HF_RUN3_V1/raw/MONASH/hf_MONASH_job443.root
SIGMAB_COUNTS tag=MONASH species=Sigma*_b+ pdg=5224 slice=eta_ge_2 p=29 a=9 file=/data/alice/ipardoza/hadronization_production/HF_RUN3_V1/raw/MONASH/hf_MONASH_job443.root
SIGMAB_COUNTS tag=MONASH species=Sigma*_b0 pdg=5214 slice=all p=39 a=32 file=/data/alice/ipardoza/hadronization_production/HF_RUN3_V1/raw/MONASH/hf_MONASH_job443.root
SIGMAB_COUNTS tag=MONASH species=Sigma*_b0 pdg=5214 slice=eta_lt_1 p=5 a=6 file=/data/alice/ipardoza/hadronization_production/HF_RUN3_V1/raw/MONASH/hf_MONASH_job443.root
SIGMAB_COUNTS tag=MONASH species=Sigma*_b0 pdg=5214 slice=eta_1_2 p=15 a=3 file=/data/alice/ipardoza/hadronization_production/HF_RUN3_V1/raw/MONASH/hf_MONASH_job443.root
SIGMAB_COUNTS tag=MONASH species=Sigma*_b0 pdg=5214 slice=eta_ge_2 p=19 a=23 file=/data/alice/ipardoza/hadronization_production/HF_RUN3_V1/raw/MONASH/hf_MONASH_job443.root
SIGMAB_COUNTS tag=MONASH species=Sigma*_b- pdg=5114 slice=all p=54 a=45 file=/data/alice/ipardoza/hadronization_production/HF_RUN3_V1/raw/MONASH/hf_MONASH_job443.root
SIGMAB_COUNTS tag=MONASH species=Sigma*_b- pdg=5114 slice=eta_lt_1 p=13 a=14 file=/data/alice/ipardoza/hadronization_production/HF_RUN3_V1/raw/MONASH/hf_MONASH_job443.root
SIGMAB_COUNTS tag=MONASH species=Sigma*_b- pdg=5114 slice=eta_1_2 p=9 a=4 file=/data/alice/ipardoza/hadronization_production/HF_RUN3_V1/raw/MONASH/hf_MONASH_job443.root
SIGMAB_COUNTS tag=MONASH species=Sigma*_b- pdg=5114 slice=eta_ge_2 p=32 a=27 file=/data/alice/ipardoza/hadronization_production/HF_RUN3_V1/raw/MONASH/hf_MONASH_job443.root
SIGMAB_COUNTS tag=MONASH species=Lambda_b0 pdg=5122 slice=all p=295 a=293 file=/data/alice/ipardoza/hadronization_production/HF_RUN3_V1/raw/MONASH/hf_MONASH_job443.root
SIGMAB_COUNTS tag=MONASH species=Lambda_b0 pdg=5122 slice=eta_lt_1 p=54 a=59 file=/data/alice/ipardoza/hadronization_production/HF_RUN3_V1/raw/MONASH/hf_MONASH_job443.root
SIGMAB_COUNTS tag=MONASH species=Lambda_b0 pdg=5122 slice=eta_1_2 p=71 a=64 file=/data/alice/ipardoza/hadronization_production/HF_RUN3_V1/raw/MONASH/hf_MONASH_job443.root
SIGMAB_COUNTS tag=MONASH species=Lambda_b0 pdg=5122 slice=eta_ge_2 p=170 a=170 file=/data/alice/ipardoza/hadronization_production/HF_RUN3_V1/raw/MONASH/hf_MONASH_job443.root
SIGMAB_COUNTS tag=MONASH species=Xi_b0 pdg=5232 slice=all p=46 a=55 file=/data/alice/ipardoza/hadronization_production/HF_RUN3_V1/raw/MONASH/hf_MONASH_job443.root
SIGMAB_COUNTS tag=MONASH species=Xi_b0 pdg=5232 slice=eta_lt_1 p=9 a=10 file=/data/alice/ipardoza/hadronization_production/HF_RUN3_V1/raw/MONASH/hf_MONASH_job443.root
SIGMAB_COUNTS tag=MONASH species=Xi_b0 pdg=5232 slice=eta_1_2 p=10 a=6 file=/data/alice/ipardoza/hadronization_production/HF_RUN3_V1/raw/MONASH/hf_MONASH_job443.root
SIGMAB_COUNTS tag=MONASH species=Xi_b0 pdg=5232 slice=eta_ge_2 p=27 a=39 file=/data/alice/ipardoza/hadronization_production/HF_RUN3_V1/raw/MONASH/hf_MONASH_job443.root
SIGMAB_COUNTS tag=MONASH species=Xi_b- pdg=5132 slice=all p=55 a=68 file=/data/alice/ipardoza/hadronization_production/HF_RUN3_V1/raw/MONASH/hf_MONASH_job443.root
SIGMAB_COUNTS tag=MONASH species=Xi_b- pdg=5132 slice=eta_lt_1 p=11 a=14 file=/data/alice/ipardoza/hadronization_production/HF_RUN3_V1/raw/MONASH/hf_MONASH_job443.root
SIGMAB_COUNTS tag=MONASH species=Xi_b- pdg=5132 slice=eta_1_2 p=17 a=16 file=/data/alice/ipardoza/hadronization_production/HF_RUN3_V1/raw/MONASH/hf_MONASH_job443.root
SIGMAB_COUNTS tag=MONASH species=Xi_b- pdg=5132 slice=eta_ge_2 p=27 a=38 file=/data/alice/ipardoza/hadronization_production/HF_RUN3_V1/raw/MONASH/hf_MONASH_job443.root
SIGMAB_COUNTS tag=MONASH species=Sigma_b+ pdg=5222 slice=all p=24 a=18 file=/data/alice/ipardoza/hadronization_production/HF_RUN3_V1/raw/MONASH/hf_MONASH_job444.root
SIGMAB_COUNTS tag=MONASH species=Sigma_b+ pdg=5222 slice=eta_lt_1 p=4 a=6 file=/data/alice/ipardoza/hadronization_production/HF_RUN3_V1/raw/MONASH/hf_MONASH_job444.root
SIGMAB_COUNTS tag=MONASH species=Sigma_b+ pdg=5222 slice=eta_1_2 p=3 a=4 file=/data/alice/ipardoza/hadronization_production/HF_RUN3_V1/raw/MONASH/hf_MONASH_job444.root
SIGMAB_COUNTS tag=MONASH species=Sigma_b+ pdg=5222 slice=eta_ge_2 p=17 a=8 file=/data/alice/ipardoza/hadronization_production/HF_RUN3_V1/raw/MONASH/hf_MONASH_job444.root
SIGMAB_COUNTS tag=MONASH species=Sigma_b0 pdg=5212 slice=all p=43 a=20 file=/data/alice/ipardoza/hadronization_production/HF_RUN3_V1/raw/MONASH/hf_MONASH_job444.root
SIGMAB_COUNTS tag=MONASH species=Sigma_b0 pdg=5212 slice=eta_lt_1 p=4 a=1 file=/data/alice/ipardoza/hadronization_production/HF_RUN3_V1/raw/MONASH/hf_MONASH_job444.root
SIGMAB_COUNTS tag=MONASH species=Sigma_b0 pdg=5212 slice=eta_1_2 p=11 a=3 file=/data/alice/ipardoza/hadronization_production/HF_RUN3_V1/raw/MONASH/hf_MONASH_job444.root
SIGMAB_COUNTS tag=MONASH species=Sigma_b0 pdg=5212 slice=eta_ge_2 p=28 a=16 file=/data/alice/ipardoza/hadronization_production/HF_RUN3_V1/raw/MONASH/hf_MONASH_job444.root
SIGMAB_COUNTS tag=MONASH species=Sigma_b- pdg=5112 slice=all p=41 a=17 file=/data/alice/ipardoza/hadronization_production/HF_RUN3_V1/raw/MONASH/hf_MONASH_job444.root
SIGMAB_COUNTS tag=MONASH species=Sigma_b- pdg=5112 slice=eta_lt_1 p=7 a=4 file=/data/alice/ipardoza/hadronization_production/HF_RUN3_V1/raw/MONASH/hf_MONASH_job444.root
SIGMAB_COUNTS tag=MONASH species=Sigma_b- pdg=5112 slice=eta_1_2 p=12 a=4 file=/data/alice/ipardoza/hadronization_production/HF_RUN3_V1/raw/MONASH/hf_MONASH_job444.root
SIGMAB_COUNTS tag=MONASH species=Sigma_b- pdg=5112 slice=eta_ge_2 p=22 a=9 file=/data/alice/ipardoza/hadronization_production/HF_RUN3_V1/raw/MONASH/hf_MONASH_job444.root
SIGMAB_COUNTS tag=MONASH species=Sigma*_b+ pdg=5224 slice=all p=40 a=36 file=/data/alice/ipardoza/hadronization_production/HF_RUN3_V1/raw/MONASH/hf_MONASH_job444.root
SIGMAB_COUNTS tag=MONASH species=Sigma*_b+ pdg=5224 slice=eta_lt_1 p=10 a=6 file=/data/alice/ipardoza/hadronization_production/HF_RUN3_V1/raw/MONASH/hf_MONASH_job444.root
SIGMAB_COUNTS tag=MONASH species=Sigma*_b+ pdg=5224 slice=eta_1_2 p=8 a=9 file=/data/alice/ipardoza/hadronization_production/HF_RUN3_V1/raw/MONASH/hf_MONASH_job444.root
SIGMAB_COUNTS tag=MONASH species=Sigma*_b+ pdg=5224 slice=eta_ge_2 p=22 a=21 file=/data/alice/ipardoza/hadronization_production/HF_RUN3_V1/raw/MONASH/hf_MONASH_job444.root
SIGMAB_COUNTS tag=MONASH species=Sigma*_b0 pdg=5214 slice=all p=45 a=36 file=/data/alice/ipardoza/hadronization_production/HF_RUN3_V1/raw/MONASH/hf_MONASH_job444.root
SIGMAB_COUNTS tag=MONASH species=Sigma*_b0 pdg=5214 slice=eta_lt_1 p=4 a=3 file=/data/alice/ipardoza/hadronization_production/HF_RUN3_V1/raw/MONASH/hf_MONASH_job444.root
SIGMAB_COUNTS tag=MONASH species=Sigma*_b0 pdg=5214 slice=eta_1_2 p=13 a=10 file=/data/alice/ipardoza/hadronization_production/HF_RUN3_V1/raw/MONASH/hf_MONASH_job444.root
SIGMAB_COUNTS tag=MONASH species=Sigma*_b0 pdg=5214 slice=eta_ge_2 p=28 a=23 file=/data/alice/ipardoza/hadronization_production/HF_RUN3_V1/raw/MONASH/hf_MONASH_job444.root
SIGMAB_COUNTS tag=MONASH species=Sigma*_b- pdg=5114 slice=all p=58 a=33 file=/data/alice/ipardoza/hadronization_production/HF_RUN3_V1/raw/MONASH/hf_MONASH_job444.root
SIGMAB_COUNTS tag=MONASH species=Sigma*_b- pdg=5114 slice=eta_lt_1 p=8 a=3 file=/data/alice/ipardoza/hadronization_production/HF_RUN3_V1/raw/MONASH/hf_MONASH_job444.root
SIGMAB_COUNTS tag=MONASH species=Sigma*_b- pdg=5114 slice=eta_1_2 p=15 a=4 file=/data/alice/ipardoza/hadronization_production/HF_RUN3_V1/raw/MONASH/hf_MONASH_job444.root
SIGMAB_COUNTS tag=MONASH species=Sigma*_b- pdg=5114 slice=eta_ge_2 p=35 a=26 file=/data/alice/ipardoza/hadronization_production/HF_RUN3_V1/raw/MONASH/hf_MONASH_job444.root
SIGMAB_COUNTS tag=MONASH species=Lambda_b0 pdg=5122 slice=all p=317 a=289 file=/data/alice/ipardoza/hadronization_production/HF_RUN3_V1/raw/MONASH/hf_MONASH_job444.root
SIGMAB_COUNTS tag=MONASH species=Lambda_b0 pdg=5122 slice=eta_lt_1 p=49 a=54 file=/data/alice/ipardoza/hadronization_production/HF_RUN3_V1/raw/MONASH/hf_MONASH_job444.root
SIGMAB_COUNTS tag=MONASH species=Lambda_b0 pdg=5122 slice=eta_1_2 p=65 a=68 file=/data/alice/ipardoza/hadronization_production/HF_RUN3_V1/raw/MONASH/hf_MONASH_job444.root
SIGMAB_COUNTS tag=MONASH species=Lambda_b0 pdg=5122 slice=eta_ge_2 p=203 a=167 file=/data/alice/ipardoza/hadronization_production/HF_RUN3_V1/raw/MONASH/hf_MONASH_job444.root
SIGMAB_COUNTS tag=MONASH species=Xi_b0 pdg=5232 slice=all p=67 a=49 file=/data/alice/ipardoza/hadronization_production/HF_RUN3_V1/raw/MONASH/hf_MONASH_job444.root
SIGMAB_COUNTS tag=MONASH species=Xi_b0 pdg=5232 slice=eta_lt_1 p=15 a=5 file=/data/alice/ipardoza/hadronization_production/HF_RUN3_V1/raw/MONASH/hf_MONASH_job444.root
SIGMAB_COUNTS tag=MONASH species=Xi_b0 pdg=5232 slice=eta_1_2 p=13 a=9 file=/data/alice/ipardoza/hadronization_production/HF_RUN3_V1/raw/MONASH/hf_MONASH_job444.root
SIGMAB_COUNTS tag=MONASH species=Xi_b0 pdg=5232 slice=eta_ge_2 p=39 a=35 file=/data/alice/ipardoza/hadronization_production/HF_RUN3_V1/raw/MONASH/hf_MONASH_job444.root
SIGMAB_COUNTS tag=MONASH species=Xi_b- pdg=5132 slice=all p=49 a=56 file=/data/alice/ipardoza/hadronization_production/HF_RUN3_V1/raw/MONASH/hf_MONASH_job444.root
SIGMAB_COUNTS tag=MONASH species=Xi_b- pdg=5132 slice=eta_lt_1 p=8 a=9 file=/data/alice/ipardoza/hadronization_production/HF_RUN3_V1/raw/MONASH/hf_MONASH_job444.root
SIGMAB_COUNTS tag=MONASH species=Xi_b- pdg=5132 slice=eta_1_2 p=14 a=15 file=/data/alice/ipardoza/hadronization_production/HF_RUN3_V1/raw/MONASH/hf_MONASH_job444.root
SIGMAB_COUNTS tag=MONASH species=Xi_b- pdg=5132 slice=eta_ge_2 p=27 a=32 file=/data/alice/ipardoza/hadronization_production/HF_RUN3_V1/raw/MONASH/hf_MONASH_job444.root
SIGMAB_COUNTS tag=MONASH species=Sigma_b+ pdg=5222 slice=all p=41 a=18 file=/data/alice/ipardoza/hadronization_production/HF_RUN3_V1/raw/MONASH/hf_MONASH_job445.root
SIGMAB_COUNTS tag=MONASH species=Sigma_b+ pdg=5222 slice=eta_lt_1 p=4 a=4 file=/data/alice/ipardoza/hadronization_production/HF_RUN3_V1/raw/MONASH/hf_MONASH_job445.root
SIGMAB_COUNTS tag=MONASH species=Sigma_b+ pdg=5222 slice=eta_1_2 p=7 a=5 file=/data/alice/ipardoza/hadronization_production/HF_RUN3_V1/raw/MONASH/hf_MONASH_job445.root
SIGMAB_COUNTS tag=MONASH species=Sigma_b+ pdg=5222 slice=eta_ge_2 p=30 a=9 file=/data/alice/ipardoza/hadronization_production/HF_RUN3_V1/raw/MONASH/hf_MONASH_job445.root
SIGMAB_COUNTS tag=MONASH species=Sigma_b0 pdg=5212 slice=all p=32 a=18 file=/data/alice/ipardoza/hadronization_production/HF_RUN3_V1/raw/MONASH/hf_MONASH_job445.root
SIGMAB_COUNTS tag=MONASH species=Sigma_b0 pdg=5212 slice=eta_lt_1 p=5 a=7 file=/data/alice/ipardoza/hadronization_production/HF_RUN3_V1/raw/MONASH/hf_MONASH_job445.root
SIGMAB_COUNTS tag=MONASH species=Sigma_b0 pdg=5212 slice=eta_1_2 p=2 a=1 file=/data/alice/ipardoza/hadronization_production/HF_RUN3_V1/raw/MONASH/hf_MONASH_job445.root
SIGMAB_COUNTS tag=MONASH species=Sigma_b0 pdg=5212 slice=eta_ge_2 p=25 a=10 file=/data/alice/ipardoza/hadronization_production/HF_RUN3_V1/raw/MONASH/hf_MONASH_job445.root
SIGMAB_COUNTS tag=MONASH species=Sigma_b- pdg=5112 slice=all p=27 a=16 file=/data/alice/ipardoza/hadronization_production/HF_RUN3_V1/raw/MONASH/hf_MONASH_job445.root
SIGMAB_COUNTS tag=MONASH species=Sigma_b- pdg=5112 slice=eta_lt_1 p=3 a=1 file=/data/alice/ipardoza/hadronization_production/HF_RUN3_V1/raw/MONASH/hf_MONASH_job445.root
SIGMAB_COUNTS tag=MONASH species=Sigma_b- pdg=5112 slice=eta_1_2 p=8 a=3 file=/data/alice/ipardoza/hadronization_production/HF_RUN3_V1/raw/MONASH/hf_MONASH_job445.root
SIGMAB_COUNTS tag=MONASH species=Sigma_b- pdg=5112 slice=eta_ge_2 p=16 a=12 file=/data/alice/ipardoza/hadronization_production/HF_RUN3_V1/raw/MONASH/hf_MONASH_job445.root
SIGMAB_COUNTS tag=MONASH species=Sigma*_b+ pdg=5224 slice=all p=38 a=49 file=/data/alice/ipardoza/hadronization_production/HF_RUN3_V1/raw/MONASH/hf_MONASH_job445.root
SIGMAB_COUNTS tag=MONASH species=Sigma*_b+ pdg=5224 slice=eta_lt_1 p=6 a=8 file=/data/alice/ipardoza/hadronization_production/HF_RUN3_V1/raw/MONASH/hf_MONASH_job445.root
SIGMAB_COUNTS tag=MONASH species=Sigma*_b+ pdg=5224 slice=eta_1_2 p=10 a=9 file=/data/alice/ipardoza/hadronization_production/HF_RUN3_V1/raw/MONASH/hf_MONASH_job445.root
SIGMAB_COUNTS tag=MONASH species=Sigma*_b+ pdg=5224 slice=eta_ge_2 p=22 a=32 file=/data/alice/ipardoza/hadronization_production/HF_RUN3_V1/raw/MONASH/hf_MONASH_job445.root
SIGMAB_COUNTS tag=MONASH species=Sigma*_b0 pdg=5214 slice=all p=55 a=34 file=/data/alice/ipardoza/hadronization_production/HF_RUN3_V1/raw/MONASH/hf_MONASH_job445.root
SIGMAB_COUNTS tag=MONASH species=Sigma*_b0 pdg=5214 slice=eta_lt_1 p=12 a=10 file=/data/alice/ipardoza/hadronization_production/HF_RUN3_V1/raw/MONASH/hf_MONASH_job445.root
SIGMAB_COUNTS tag=MONASH species=Sigma*_b0 pdg=5214 slice=eta_1_2 p=12 a=4 file=/data/alice/ipardoza/hadronization_production/HF_RUN3_V1/raw/MONASH/hf_MONASH_job445.root
SIGMAB_COUNTS tag=MONASH species=Sigma*_b0 pdg=5214 slice=eta_ge_2 p=31 a=20 file=/data/alice/ipardoza/hadronization_production/HF_RUN3_V1/raw/MONASH/hf_MONASH_job445.root
SIGMAB_COUNTS tag=MONASH species=Sigma*_b- pdg=5114 slice=all p=62 a=48 file=/data/alice/ipardoza/hadronization_production/HF_RUN3_V1/raw/MONASH/hf_MONASH_job445.root
SIGMAB_COUNTS tag=MONASH species=Sigma*_b- pdg=5114 slice=eta_lt_1 p=11 a=10 file=/data/alice/ipardoza/hadronization_production/HF_RUN3_V1/raw/MONASH/hf_MONASH_job445.root
SIGMAB_COUNTS tag=MONASH species=Sigma*_b- pdg=5114 slice=eta_1_2 p=13 a=14 file=/data/alice/ipardoza/hadronization_production/HF_RUN3_V1/raw/MONASH/hf_MONASH_job445.root
SIGMAB_COUNTS tag=MONASH species=Sigma*_b- pdg=5114 slice=eta_ge_2 p=38 a=24 file=/data/alice/ipardoza/hadronization_production/HF_RUN3_V1/raw/MONASH/hf_MONASH_job445.root
SIGMAB_COUNTS tag=MONASH species=Lambda_b0 pdg=5122 slice=all p=318 a=314 file=/data/alice/ipardoza/hadronization_production/HF_RUN3_V1/raw/MONASH/hf_MONASH_job445.root
SIGMAB_COUNTS tag=MONASH species=Lambda_b0 pdg=5122 slice=eta_lt_1 p=70 a=55 file=/data/alice/ipardoza/hadronization_production/HF_RUN3_V1/raw/MONASH/hf_MONASH_job445.root
SIGMAB_COUNTS tag=MONASH species=Lambda_b0 pdg=5122 slice=eta_1_2 p=64 a=77 file=/data/alice/ipardoza/hadronization_production/HF_RUN3_V1/raw/MONASH/hf_MONASH_job445.root
SIGMAB_COUNTS tag=MONASH species=Lambda_b0 pdg=5122 slice=eta_ge_2 p=184 a=182 file=/data/alice/ipardoza/hadronization_production/HF_RUN3_V1/raw/MONASH/hf_MONASH_job445.root
SIGMAB_COUNTS tag=MONASH species=Xi_b0 pdg=5232 slice=all p=66 a=60 file=/data/alice/ipardoza/hadronization_production/HF_RUN3_V1/raw/MONASH/hf_MONASH_job445.root
SIGMAB_COUNTS tag=MONASH species=Xi_b0 pdg=5232 slice=eta_lt_1 p=14 a=14 file=/data/alice/ipardoza/hadronization_production/HF_RUN3_V1/raw/MONASH/hf_MONASH_job445.root
SIGMAB_COUNTS tag=MONASH species=Xi_b0 pdg=5232 slice=eta_1_2 p=13 a=16 file=/data/alice/ipardoza/hadronization_production/HF_RUN3_V1/raw/MONASH/hf_MONASH_job445.root
SIGMAB_COUNTS tag=MONASH species=Xi_b0 pdg=5232 slice=eta_ge_2 p=39 a=30 file=/data/alice/ipardoza/hadronization_production/HF_RUN3_V1/raw/MONASH/hf_MONASH_job445.root
SIGMAB_COUNTS tag=MONASH species=Xi_b- pdg=5132 slice=all p=55 a=55 file=/data/alice/ipardoza/hadronization_production/HF_RUN3_V1/raw/MONASH/hf_MONASH_job445.root
SIGMAB_COUNTS tag=MONASH species=Xi_b- pdg=5132 slice=eta_lt_1 p=13 a=8 file=/data/alice/ipardoza/hadronization_production/HF_RUN3_V1/raw/MONASH/hf_MONASH_job445.root
SIGMAB_COUNTS tag=MONASH species=Xi_b- pdg=5132 slice=eta_1_2 p=11 a=11 file=/data/alice/ipardoza/hadronization_production/HF_RUN3_V1/raw/MONASH/hf_MONASH_job445.root
SIGMAB_COUNTS tag=MONASH species=Xi_b- pdg=5132 slice=eta_ge_2 p=31 a=36 file=/data/alice/ipardoza/hadronization_production/HF_RUN3_V1/raw/MONASH/hf_MONASH_job445.root
SIGMAB_COUNTS tag=MONASH species=Sigma_b+ pdg=5222 slice=all p=32 a=16 file=/data/alice/ipardoza/hadronization_production/HF_RUN3_V1/raw/MONASH/hf_MONASH_job446.root
SIGMAB_COUNTS tag=MONASH species=Sigma_b+ pdg=5222 slice=eta_lt_1 p=5 a=1 file=/data/alice/ipardoza/hadronization_production/HF_RUN3_V1/raw/MONASH/hf_MONASH_job446.root
SIGMAB_COUNTS tag=MONASH species=Sigma_b+ pdg=5222 slice=eta_1_2 p=7 a=3 file=/data/alice/ipardoza/hadronization_production/HF_RUN3_V1/raw/MONASH/hf_MONASH_job446.root
SIGMAB_COUNTS tag=MONASH species=Sigma_b+ pdg=5222 slice=eta_ge_2 p=20 a=12 file=/data/alice/ipardoza/hadronization_production/HF_RUN3_V1/raw/MONASH/hf_MONASH_job446.root
SIGMAB_COUNTS tag=MONASH species=Sigma_b0 pdg=5212 slice=all p=41 a=23 file=/data/alice/ipardoza/hadronization_production/HF_RUN3_V1/raw/MONASH/hf_MONASH_job446.root
SIGMAB_COUNTS tag=MONASH species=Sigma_b0 pdg=5212 slice=eta_lt_1 p=4 a=4 file=/data/alice/ipardoza/hadronization_production/HF_RUN3_V1/raw/MONASH/hf_MONASH_job446.root
SIGMAB_COUNTS tag=MONASH species=Sigma_b0 pdg=5212 slice=eta_1_2 p=9 a=7 file=/data/alice/ipardoza/hadronization_production/HF_RUN3_V1/raw/MONASH/hf_MONASH_job446.root
SIGMAB_COUNTS tag=MONASH species=Sigma_b0 pdg=5212 slice=eta_ge_2 p=28 a=12 file=/data/alice/ipardoza/hadronization_production/HF_RUN3_V1/raw/MONASH/hf_MONASH_job446.root
SIGMAB_COUNTS tag=MONASH species=Sigma_b- pdg=5112 slice=all p=40 a=16 file=/data/alice/ipardoza/hadronization_production/HF_RUN3_V1/raw/MONASH/hf_MONASH_job446.root
SIGMAB_COUNTS tag=MONASH species=Sigma_b- pdg=5112 slice=eta_lt_1 p=6 a=3 file=/data/alice/ipardoza/hadronization_production/HF_RUN3_V1/raw/MONASH/hf_MONASH_job446.root
SIGMAB_COUNTS tag=MONASH species=Sigma_b- pdg=5112 slice=eta_1_2 p=8 a=6 file=/data/alice/ipardoza/hadronization_production/HF_RUN3_V1/raw/MONASH/hf_MONASH_job446.root
SIGMAB_COUNTS tag=MONASH species=Sigma_b- pdg=5112 slice=eta_ge_2 p=26 a=7 file=/data/alice/ipardoza/hadronization_production/HF_RUN3_V1/raw/MONASH/hf_MONASH_job446.root
SIGMAB_COUNTS tag=MONASH species=Sigma*_b+ pdg=5224 slice=all p=50 a=29 file=/data/alice/ipardoza/hadronization_production/HF_RUN3_V1/raw/MONASH/hf_MONASH_job446.root
SIGMAB_COUNTS tag=MONASH species=Sigma*_b+ pdg=5224 slice=eta_lt_1 p=8 a=3 file=/data/alice/ipardoza/hadronization_production/HF_RUN3_V1/raw/MONASH/hf_MONASH_job446.root
SIGMAB_COUNTS tag=MONASH species=Sigma*_b+ pdg=5224 slice=eta_1_2 p=14 a=9 file=/data/alice/ipardoza/hadronization_production/HF_RUN3_V1/raw/MONASH/hf_MONASH_job446.root
SIGMAB_COUNTS tag=MONASH species=Sigma*_b+ pdg=5224 slice=eta_ge_2 p=28 a=17 file=/data/alice/ipardoza/hadronization_production/HF_RUN3_V1/raw/MONASH/hf_MONASH_job446.root
SIGMAB_COUNTS tag=MONASH species=Sigma*_b0 pdg=5214 slice=all p=58 a=37 file=/data/alice/ipardoza/hadronization_production/HF_RUN3_V1/raw/MONASH/hf_MONASH_job446.root
SIGMAB_COUNTS tag=MONASH species=Sigma*_b0 pdg=5214 slice=eta_lt_1 p=10 a=5 file=/data/alice/ipardoza/hadronization_production/HF_RUN3_V1/raw/MONASH/hf_MONASH_job446.root
SIGMAB_COUNTS tag=MONASH species=Sigma*_b0 pdg=5214 slice=eta_1_2 p=4 a=7 file=/data/alice/ipardoza/hadronization_production/HF_RUN3_V1/raw/MONASH/hf_MONASH_job446.root
SIGMAB_COUNTS tag=MONASH species=Sigma*_b0 pdg=5214 slice=eta_ge_2 p=44 a=25 file=/data/alice/ipardoza/hadronization_production/HF_RUN3_V1/raw/MONASH/hf_MONASH_job446.root
SIGMAB_COUNTS tag=MONASH species=Sigma*_b- pdg=5114 slice=all p=45 a=33 file=/data/alice/ipardoza/hadronization_production/HF_RUN3_V1/raw/MONASH/hf_MONASH_job446.root
SIGMAB_COUNTS tag=MONASH species=Sigma*_b- pdg=5114 slice=eta_lt_1 p=9 a=6 file=/data/alice/ipardoza/hadronization_production/HF_RUN3_V1/raw/MONASH/hf_MONASH_job446.root
SIGMAB_COUNTS tag=MONASH species=Sigma*_b- pdg=5114 slice=eta_1_2 p=10 a=9 file=/data/alice/ipardoza/hadronization_production/HF_RUN3_V1/raw/MONASH/hf_MONASH_job446.root
SIGMAB_COUNTS tag=MONASH species=Sigma*_b- pdg=5114 slice=eta_ge_2 p=26 a=18 file=/data/alice/ipardoza/hadronization_production/HF_RUN3_V1/raw/MONASH/hf_MONASH_job446.root
SIGMAB_COUNTS tag=MONASH species=Lambda_b0 pdg=5122 slice=all p=290 a=308 file=/data/alice/ipardoza/hadronization_production/HF_RUN3_V1/raw/MONASH/hf_MONASH_job446.root
SIGMAB_COUNTS tag=MONASH species=Lambda_b0 pdg=5122 slice=eta_lt_1 p=56 a=51 file=/data/alice/ipardoza/hadronization_production/HF_RUN3_V1/raw/MONASH/hf_MONASH_job446.root
SIGMAB_COUNTS tag=MONASH species=Lambda_b0 pdg=5122 slice=eta_1_2 p=72 a=64 file=/data/alice/ipardoza/hadronization_production/HF_RUN3_V1/raw/MONASH/hf_MONASH_job446.root
SIGMAB_COUNTS tag=MONASH species=Lambda_b0 pdg=5122 slice=eta_ge_2 p=162 a=193 file=/data/alice/ipardoza/hadronization_production/HF_RUN3_V1/raw/MONASH/hf_MONASH_job446.root
SIGMAB_COUNTS tag=MONASH species=Xi_b0 pdg=5232 slice=all p=59 a=64 file=/data/alice/ipardoza/hadronization_production/HF_RUN3_V1/raw/MONASH/hf_MONASH_job446.root
SIGMAB_COUNTS tag=MONASH species=Xi_b0 pdg=5232 slice=eta_lt_1 p=8 a=11 file=/data/alice/ipardoza/hadronization_production/HF_RUN3_V1/raw/MONASH/hf_MONASH_job446.root
SIGMAB_COUNTS tag=MONASH species=Xi_b0 pdg=5232 slice=eta_1_2 p=20 a=10 file=/data/alice/ipardoza/hadronization_production/HF_RUN3_V1/raw/MONASH/hf_MONASH_job446.root
SIGMAB_COUNTS tag=MONASH species=Xi_b0 pdg=5232 slice=eta_ge_2 p=31 a=43 file=/data/alice/ipardoza/hadronization_production/HF_RUN3_V1/raw/MONASH/hf_MONASH_job446.root
SIGMAB_COUNTS tag=MONASH species=Xi_b- pdg=5132 slice=all p=71 a=53 file=/data/alice/ipardoza/hadronization_production/HF_RUN3_V1/raw/MONASH/hf_MONASH_job446.root
SIGMAB_COUNTS tag=MONASH species=Xi_b- pdg=5132 slice=eta_lt_1 p=16 a=13 file=/data/alice/ipardoza/hadronization_production/HF_RUN3_V1/raw/MONASH/hf_MONASH_job446.root
SIGMAB_COUNTS tag=MONASH species=Xi_b- pdg=5132 slice=eta_1_2 p=15 a=9 file=/data/alice/ipardoza/hadronization_production/HF_RUN3_V1/raw/MONASH/hf_MONASH_job446.root
SIGMAB_COUNTS tag=MONASH species=Xi_b- pdg=5132 slice=eta_ge_2 p=40 a=31 file=/data/alice/ipardoza/hadronization_production/HF_RUN3_V1/raw/MONASH/hf_MONASH_job446.root
SIGMAB_COUNTS tag=MONASH species=Sigma_b+ pdg=5222 slice=all p=53 a=11 file=/data/alice/ipardoza/hadronization_production/HF_RUN3_V1/raw/MONASH/hf_MONASH_job447.root
SIGMAB_COUNTS tag=MONASH species=Sigma_b+ pdg=5222 slice=eta_lt_1 p=7 a=2 file=/data/alice/ipardoza/hadronization_production/HF_RUN3_V1/raw/MONASH/hf_MONASH_job447.root
SIGMAB_COUNTS tag=MONASH species=Sigma_b+ pdg=5222 slice=eta_1_2 p=8 a=1 file=/data/alice/ipardoza/hadronization_production/HF_RUN3_V1/raw/MONASH/hf_MONASH_job447.root
SIGMAB_COUNTS tag=MONASH species=Sigma_b+ pdg=5222 slice=eta_ge_2 p=38 a=8 file=/data/alice/ipardoza/hadronization_production/HF_RUN3_V1/raw/MONASH/hf_MONASH_job447.root
SIGMAB_COUNTS tag=MONASH species=Sigma_b0 pdg=5212 slice=all p=43 a=21 file=/data/alice/ipardoza/hadronization_production/HF_RUN3_V1/raw/MONASH/hf_MONASH_job447.root
SIGMAB_COUNTS tag=MONASH species=Sigma_b0 pdg=5212 slice=eta_lt_1 p=5 a=3 file=/data/alice/ipardoza/hadronization_production/HF_RUN3_V1/raw/MONASH/hf_MONASH_job447.root
SIGMAB_COUNTS tag=MONASH species=Sigma_b0 pdg=5212 slice=eta_1_2 p=8 a=6 file=/data/alice/ipardoza/hadronization_production/HF_RUN3_V1/raw/MONASH/hf_MONASH_job447.root
SIGMAB_COUNTS tag=MONASH species=Sigma_b0 pdg=5212 slice=eta_ge_2 p=30 a=12 file=/data/alice/ipardoza/hadronization_production/HF_RUN3_V1/raw/MONASH/hf_MONASH_job447.root
SIGMAB_COUNTS tag=MONASH species=Sigma_b- pdg=5112 slice=all p=28 a=29 file=/data/alice/ipardoza/hadronization_production/HF_RUN3_V1/raw/MONASH/hf_MONASH_job447.root
SIGMAB_COUNTS tag=MONASH species=Sigma_b- pdg=5112 slice=eta_lt_1 p=4 a=6 file=/data/alice/ipardoza/hadronization_production/HF_RUN3_V1/raw/MONASH/hf_MONASH_job447.root
SIGMAB_COUNTS tag=MONASH species=Sigma_b- pdg=5112 slice=eta_1_2 p=8 a=5 file=/data/alice/ipardoza/hadronization_production/HF_RUN3_V1/raw/MONASH/hf_MONASH_job447.root
SIGMAB_COUNTS tag=MONASH species=Sigma_b- pdg=5112 slice=eta_ge_2 p=16 a=18 file=/data/alice/ipardoza/hadronization_production/HF_RUN3_V1/raw/MONASH/hf_MONASH_job447.root
SIGMAB_COUNTS tag=MONASH species=Sigma*_b+ pdg=5224 slice=all p=65 a=29 file=/data/alice/ipardoza/hadronization_production/HF_RUN3_V1/raw/MONASH/hf_MONASH_job447.root
SIGMAB_COUNTS tag=MONASH species=Sigma*_b+ pdg=5224 slice=eta_lt_1 p=11 a=1 file=/data/alice/ipardoza/hadronization_production/HF_RUN3_V1/raw/MONASH/hf_MONASH_job447.root
SIGMAB_COUNTS tag=MONASH species=Sigma*_b+ pdg=5224 slice=eta_1_2 p=14 a=8 file=/data/alice/ipardoza/hadronization_production/HF_RUN3_V1/raw/MONASH/hf_MONASH_job447.root
SIGMAB_COUNTS tag=MONASH species=Sigma*_b+ pdg=5224 slice=eta_ge_2 p=40 a=20 file=/data/alice/ipardoza/hadronization_production/HF_RUN3_V1/raw/MONASH/hf_MONASH_job447.root
SIGMAB_COUNTS tag=MONASH species=Sigma*_b0 pdg=5214 slice=all p=51 a=42 file=/data/alice/ipardoza/hadronization_production/HF_RUN3_V1/raw/MONASH/hf_MONASH_job447.root
SIGMAB_COUNTS tag=MONASH species=Sigma*_b0 pdg=5214 slice=eta_lt_1 p=5 a=10 file=/data/alice/ipardoza/hadronization_production/HF_RUN3_V1/raw/MONASH/hf_MONASH_job447.root
SIGMAB_COUNTS tag=MONASH species=Sigma*_b0 pdg=5214 slice=eta_1_2 p=10 a=8 file=/data/alice/ipardoza/hadronization_production/HF_RUN3_V1/raw/MONASH/hf_MONASH_job447.root
SIGMAB_COUNTS tag=MONASH species=Sigma*_b0 pdg=5214 slice=eta_ge_2 p=36 a=24 file=/data/alice/ipardoza/hadronization_production/HF_RUN3_V1/raw/MONASH/hf_MONASH_job447.root
SIGMAB_COUNTS tag=MONASH species=Sigma*_b- pdg=5114 slice=all p=50 a=46 file=/data/alice/ipardoza/hadronization_production/HF_RUN3_V1/raw/MONASH/hf_MONASH_job447.root
SIGMAB_COUNTS tag=MONASH species=Sigma*_b- pdg=5114 slice=eta_lt_1 p=10 a=8 file=/data/alice/ipardoza/hadronization_production/HF_RUN3_V1/raw/MONASH/hf_MONASH_job447.root
SIGMAB_COUNTS tag=MONASH species=Sigma*_b- pdg=5114 slice=eta_1_2 p=10 a=5 file=/data/alice/ipardoza/hadronization_production/HF_RUN3_V1/raw/MONASH/hf_MONASH_job447.root
SIGMAB_COUNTS tag=MONASH species=Sigma*_b- pdg=5114 slice=eta_ge_2 p=30 a=33 file=/data/alice/ipardoza/hadronization_production/HF_RUN3_V1/raw/MONASH/hf_MONASH_job447.root
SIGMAB_COUNTS tag=MONASH species=Lambda_b0 pdg=5122 slice=all p=300 a=323 file=/data/alice/ipardoza/hadronization_production/HF_RUN3_V1/raw/MONASH/hf_MONASH_job447.root
SIGMAB_COUNTS tag=MONASH species=Lambda_b0 pdg=5122 slice=eta_lt_1 p=55 a=73 file=/data/alice/ipardoza/hadronization_production/HF_RUN3_V1/raw/MONASH/hf_MONASH_job447.root
SIGMAB_COUNTS tag=MONASH species=Lambda_b0 pdg=5122 slice=eta_1_2 p=57 a=62 file=/data/alice/ipardoza/hadronization_production/HF_RUN3_V1/raw/MONASH/hf_MONASH_job447.root
SIGMAB_COUNTS tag=MONASH species=Lambda_b0 pdg=5122 slice=eta_ge_2 p=188 a=188 file=/data/alice/ipardoza/hadronization_production/HF_RUN3_V1/raw/MONASH/hf_MONASH_job447.root
SIGMAB_COUNTS tag=MONASH species=Xi_b0 pdg=5232 slice=all p=67 a=55 file=/data/alice/ipardoza/hadronization_production/HF_RUN3_V1/raw/MONASH/hf_MONASH_job447.root
SIGMAB_COUNTS tag=MONASH species=Xi_b0 pdg=5232 slice=eta_lt_1 p=17 a=12 file=/data/alice/ipardoza/hadronization_production/HF_RUN3_V1/raw/MONASH/hf_MONASH_job447.root
SIGMAB_COUNTS tag=MONASH species=Xi_b0 pdg=5232 slice=eta_1_2 p=17 a=12 file=/data/alice/ipardoza/hadronization_production/HF_RUN3_V1/raw/MONASH/hf_MONASH_job447.root
SIGMAB_COUNTS tag=MONASH species=Xi_b0 pdg=5232 slice=eta_ge_2 p=33 a=31 file=/data/alice/ipardoza/hadronization_production/HF_RUN3_V1/raw/MONASH/hf_MONASH_job447.root
SIGMAB_COUNTS tag=MONASH species=Xi_b- pdg=5132 slice=all p=58 a=77 file=/data/alice/ipardoza/hadronization_production/HF_RUN3_V1/raw/MONASH/hf_MONASH_job447.root
SIGMAB_COUNTS tag=MONASH species=Xi_b- pdg=5132 slice=eta_lt_1 p=11 a=9 file=/data/alice/ipardoza/hadronization_production/HF_RUN3_V1/raw/MONASH/hf_MONASH_job447.root
SIGMAB_COUNTS tag=MONASH species=Xi_b- pdg=5132 slice=eta_1_2 p=15 a=17 file=/data/alice/ipardoza/hadronization_production/HF_RUN3_V1/raw/MONASH/hf_MONASH_job447.root
SIGMAB_COUNTS tag=MONASH species=Xi_b- pdg=5132 slice=eta_ge_2 p=32 a=51 file=/data/alice/ipardoza/hadronization_production/HF_RUN3_V1/raw/MONASH/hf_MONASH_job447.root
SIGMAB_COUNTS tag=MONASH species=Sigma_b+ pdg=5222 slice=all p=31 a=16 file=/data/alice/ipardoza/hadronization_production/HF_RUN3_V1/raw/MONASH/hf_MONASH_job448.root
SIGMAB_COUNTS tag=MONASH species=Sigma_b+ pdg=5222 slice=eta_lt_1 p=0 a=3 file=/data/alice/ipardoza/hadronization_production/HF_RUN3_V1/raw/MONASH/hf_MONASH_job448.root
SIGMAB_COUNTS tag=MONASH species=Sigma_b+ pdg=5222 slice=eta_1_2 p=4 a=4 file=/data/alice/ipardoza/hadronization_production/HF_RUN3_V1/raw/MONASH/hf_MONASH_job448.root
SIGMAB_COUNTS tag=MONASH species=Sigma_b+ pdg=5222 slice=eta_ge_2 p=27 a=9 file=/data/alice/ipardoza/hadronization_production/HF_RUN3_V1/raw/MONASH/hf_MONASH_job448.root
SIGMAB_COUNTS tag=MONASH species=Sigma_b0 pdg=5212 slice=all p=40 a=24 file=/data/alice/ipardoza/hadronization_production/HF_RUN3_V1/raw/MONASH/hf_MONASH_job448.root
SIGMAB_COUNTS tag=MONASH species=Sigma_b0 pdg=5212 slice=eta_lt_1 p=6 a=6 file=/data/alice/ipardoza/hadronization_production/HF_RUN3_V1/raw/MONASH/hf_MONASH_job448.root
SIGMAB_COUNTS tag=MONASH species=Sigma_b0 pdg=5212 slice=eta_1_2 p=13 a=0 file=/data/alice/ipardoza/hadronization_production/HF_RUN3_V1/raw/MONASH/hf_MONASH_job448.root
SIGMAB_COUNTS tag=MONASH species=Sigma_b0 pdg=5212 slice=eta_ge_2 p=21 a=18 file=/data/alice/ipardoza/hadronization_production/HF_RUN3_V1/raw/MONASH/hf_MONASH_job448.root
SIGMAB_COUNTS tag=MONASH species=Sigma_b- pdg=5112 slice=all p=24 a=22 file=/data/alice/ipardoza/hadronization_production/HF_RUN3_V1/raw/MONASH/hf_MONASH_job448.root
SIGMAB_COUNTS tag=MONASH species=Sigma_b- pdg=5112 slice=eta_lt_1 p=6 a=2 file=/data/alice/ipardoza/hadronization_production/HF_RUN3_V1/raw/MONASH/hf_MONASH_job448.root
SIGMAB_COUNTS tag=MONASH species=Sigma_b- pdg=5112 slice=eta_1_2 p=2 a=3 file=/data/alice/ipardoza/hadronization_production/HF_RUN3_V1/raw/MONASH/hf_MONASH_job448.root
SIGMAB_COUNTS tag=MONASH species=Sigma_b- pdg=5112 slice=eta_ge_2 p=16 a=17 file=/data/alice/ipardoza/hadronization_production/HF_RUN3_V1/raw/MONASH/hf_MONASH_job448.root
SIGMAB_COUNTS tag=MONASH species=Sigma*_b+ pdg=5224 slice=all p=40 a=42 file=/data/alice/ipardoza/hadronization_production/HF_RUN3_V1/raw/MONASH/hf_MONASH_job448.root
SIGMAB_COUNTS tag=MONASH species=Sigma*_b+ pdg=5224 slice=eta_lt_1 p=7 a=4 file=/data/alice/ipardoza/hadronization_production/HF_RUN3_V1/raw/MONASH/hf_MONASH_job448.root
SIGMAB_COUNTS tag=MONASH species=Sigma*_b+ pdg=5224 slice=eta_1_2 p=9 a=7 file=/data/alice/ipardoza/hadronization_production/HF_RUN3_V1/raw/MONASH/hf_MONASH_job448.root
SIGMAB_COUNTS tag=MONASH species=Sigma*_b+ pdg=5224 slice=eta_ge_2 p=24 a=31 file=/data/alice/ipardoza/hadronization_production/HF_RUN3_V1/raw/MONASH/hf_MONASH_job448.root
SIGMAB_COUNTS tag=MONASH species=Sigma*_b0 pdg=5214 slice=all p=56 a=40 file=/data/alice/ipardoza/hadronization_production/HF_RUN3_V1/raw/MONASH/hf_MONASH_job448.root
SIGMAB_COUNTS tag=MONASH species=Sigma*_b0 pdg=5214 slice=eta_lt_1 p=11 a=6 file=/data/alice/ipardoza/hadronization_production/HF_RUN3_V1/raw/MONASH/hf_MONASH_job448.root
SIGMAB_COUNTS tag=MONASH species=Sigma*_b0 pdg=5214 slice=eta_1_2 p=12 a=7 file=/data/alice/ipardoza/hadronization_production/HF_RUN3_V1/raw/MONASH/hf_MONASH_job448.root
SIGMAB_COUNTS tag=MONASH species=Sigma*_b0 pdg=5214 slice=eta_ge_2 p=33 a=27 file=/data/alice/ipardoza/hadronization_production/HF_RUN3_V1/raw/MONASH/hf_MONASH_job448.root
SIGMAB_COUNTS tag=MONASH species=Sigma*_b- pdg=5114 slice=all p=48 a=47 file=/data/alice/ipardoza/hadronization_production/HF_RUN3_V1/raw/MONASH/hf_MONASH_job448.root
SIGMAB_COUNTS tag=MONASH species=Sigma*_b- pdg=5114 slice=eta_lt_1 p=11 a=8 file=/data/alice/ipardoza/hadronization_production/HF_RUN3_V1/raw/MONASH/hf_MONASH_job448.root
SIGMAB_COUNTS tag=MONASH species=Sigma*_b- pdg=5114 slice=eta_1_2 p=8 a=11 file=/data/alice/ipardoza/hadronization_production/HF_RUN3_V1/raw/MONASH/hf_MONASH_job448.root
SIGMAB_COUNTS tag=MONASH species=Sigma*_b- pdg=5114 slice=eta_ge_2 p=29 a=28 file=/data/alice/ipardoza/hadronization_production/HF_RUN3_V1/raw/MONASH/hf_MONASH_job448.root
SIGMAB_COUNTS tag=MONASH species=Lambda_b0 pdg=5122 slice=all p=327 a=332 file=/data/alice/ipardoza/hadronization_production/HF_RUN3_V1/raw/MONASH/hf_MONASH_job448.root
SIGMAB_COUNTS tag=MONASH species=Lambda_b0 pdg=5122 slice=eta_lt_1 p=58 a=61 file=/data/alice/ipardoza/hadronization_production/HF_RUN3_V1/raw/MONASH/hf_MONASH_job448.root
SIGMAB_COUNTS tag=MONASH species=Lambda_b0 pdg=5122 slice=eta_1_2 p=75 a=91 file=/data/alice/ipardoza/hadronization_production/HF_RUN3_V1/raw/MONASH/hf_MONASH_job448.root
SIGMAB_COUNTS tag=MONASH species=Lambda_b0 pdg=5122 slice=eta_ge_2 p=194 a=180 file=/data/alice/ipardoza/hadronization_production/HF_RUN3_V1/raw/MONASH/hf_MONASH_job448.root
SIGMAB_COUNTS tag=MONASH species=Xi_b0 pdg=5232 slice=all p=47 a=56 file=/data/alice/ipardoza/hadronization_production/HF_RUN3_V1/raw/MONASH/hf_MONASH_job448.root
SIGMAB_COUNTS tag=MONASH species=Xi_b0 pdg=5232 slice=eta_lt_1 p=10 a=14 file=/data/alice/ipardoza/hadronization_production/HF_RUN3_V1/raw/MONASH/hf_MONASH_job448.root
SIGMAB_COUNTS tag=MONASH species=Xi_b0 pdg=5232 slice=eta_1_2 p=10 a=11 file=/data/alice/ipardoza/hadronization_production/HF_RUN3_V1/raw/MONASH/hf_MONASH_job448.root
SIGMAB_COUNTS tag=MONASH species=Xi_b0 pdg=5232 slice=eta_ge_2 p=27 a=31 file=/data/alice/ipardoza/hadronization_production/HF_RUN3_V1/raw/MONASH/hf_MONASH_job448.root
SIGMAB_COUNTS tag=MONASH species=Xi_b- pdg=5132 slice=all p=63 a=69 file=/data/alice/ipardoza/hadronization_production/HF_RUN3_V1/raw/MONASH/hf_MONASH_job448.root
SIGMAB_COUNTS tag=MONASH species=Xi_b- pdg=5132 slice=eta_lt_1 p=10 a=18 file=/data/alice/ipardoza/hadronization_production/HF_RUN3_V1/raw/MONASH/hf_MONASH_job448.root
SIGMAB_COUNTS tag=MONASH species=Xi_b- pdg=5132 slice=eta_1_2 p=14 a=15 file=/data/alice/ipardoza/hadronization_production/HF_RUN3_V1/raw/MONASH/hf_MONASH_job448.root
SIGMAB_COUNTS tag=MONASH species=Xi_b- pdg=5132 slice=eta_ge_2 p=39 a=36 file=/data/alice/ipardoza/hadronization_production/HF_RUN3_V1/raw/MONASH/hf_MONASH_job448.root
SIGMAB_COUNTS tag=MONASH species=Sigma_b+ pdg=5222 slice=all p=37 a=21 file=/data/alice/ipardoza/hadronization_production/HF_RUN3_V1/raw/MONASH/hf_MONASH_job449.root
SIGMAB_COUNTS tag=MONASH species=Sigma_b+ pdg=5222 slice=eta_lt_1 p=4 a=4 file=/data/alice/ipardoza/hadronization_production/HF_RUN3_V1/raw/MONASH/hf_MONASH_job449.root
SIGMAB_COUNTS tag=MONASH species=Sigma_b+ pdg=5222 slice=eta_1_2 p=6 a=2 file=/data/alice/ipardoza/hadronization_production/HF_RUN3_V1/raw/MONASH/hf_MONASH_job449.root
SIGMAB_COUNTS tag=MONASH species=Sigma_b+ pdg=5222 slice=eta_ge_2 p=27 a=15 file=/data/alice/ipardoza/hadronization_production/HF_RUN3_V1/raw/MONASH/hf_MONASH_job449.root
SIGMAB_COUNTS tag=MONASH species=Sigma_b0 pdg=5212 slice=all p=37 a=20 file=/data/alice/ipardoza/hadronization_production/HF_RUN3_V1/raw/MONASH/hf_MONASH_job449.root
SIGMAB_COUNTS tag=MONASH species=Sigma_b0 pdg=5212 slice=eta_lt_1 p=8 a=5 file=/data/alice/ipardoza/hadronization_production/HF_RUN3_V1/raw/MONASH/hf_MONASH_job449.root
SIGMAB_COUNTS tag=MONASH species=Sigma_b0 pdg=5212 slice=eta_1_2 p=9 a=2 file=/data/alice/ipardoza/hadronization_production/HF_RUN3_V1/raw/MONASH/hf_MONASH_job449.root
SIGMAB_COUNTS tag=MONASH species=Sigma_b0 pdg=5212 slice=eta_ge_2 p=20 a=13 file=/data/alice/ipardoza/hadronization_production/HF_RUN3_V1/raw/MONASH/hf_MONASH_job449.root
SIGMAB_COUNTS tag=MONASH species=Sigma_b- pdg=5112 slice=all p=38 a=24 file=/data/alice/ipardoza/hadronization_production/HF_RUN3_V1/raw/MONASH/hf_MONASH_job449.root
SIGMAB_COUNTS tag=MONASH species=Sigma_b- pdg=5112 slice=eta_lt_1 p=6 a=4 file=/data/alice/ipardoza/hadronization_production/HF_RUN3_V1/raw/MONASH/hf_MONASH_job449.root
SIGMAB_COUNTS tag=MONASH species=Sigma_b- pdg=5112 slice=eta_1_2 p=11 a=7 file=/data/alice/ipardoza/hadronization_production/HF_RUN3_V1/raw/MONASH/hf_MONASH_job449.root
SIGMAB_COUNTS tag=MONASH species=Sigma_b- pdg=5112 slice=eta_ge_2 p=21 a=13 file=/data/alice/ipardoza/hadronization_production/HF_RUN3_V1/raw/MONASH/hf_MONASH_job449.root
SIGMAB_COUNTS tag=MONASH species=Sigma*_b+ pdg=5224 slice=all p=45 a=37 file=/data/alice/ipardoza/hadronization_production/HF_RUN3_V1/raw/MONASH/hf_MONASH_job449.root
SIGMAB_COUNTS tag=MONASH species=Sigma*_b+ pdg=5224 slice=eta_lt_1 p=9 a=9 file=/data/alice/ipardoza/hadronization_production/HF_RUN3_V1/raw/MONASH/hf_MONASH_job449.root
SIGMAB_COUNTS tag=MONASH species=Sigma*_b+ pdg=5224 slice=eta_1_2 p=9 a=8 file=/data/alice/ipardoza/hadronization_production/HF_RUN3_V1/raw/MONASH/hf_MONASH_job449.root
SIGMAB_COUNTS tag=MONASH species=Sigma*_b+ pdg=5224 slice=eta_ge_2 p=27 a=20 file=/data/alice/ipardoza/hadronization_production/HF_RUN3_V1/raw/MONASH/hf_MONASH_job449.root
SIGMAB_COUNTS tag=MONASH species=Sigma*_b0 pdg=5214 slice=all p=47 a=41 file=/data/alice/ipardoza/hadronization_production/HF_RUN3_V1/raw/MONASH/hf_MONASH_job449.root
SIGMAB_COUNTS tag=MONASH species=Sigma*_b0 pdg=5214 slice=eta_lt_1 p=10 a=5 file=/data/alice/ipardoza/hadronization_production/HF_RUN3_V1/raw/MONASH/hf_MONASH_job449.root
SIGMAB_COUNTS tag=MONASH species=Sigma*_b0 pdg=5214 slice=eta_1_2 p=4 a=9 file=/data/alice/ipardoza/hadronization_production/HF_RUN3_V1/raw/MONASH/hf_MONASH_job449.root
SIGMAB_COUNTS tag=MONASH species=Sigma*_b0 pdg=5214 slice=eta_ge_2 p=33 a=27 file=/data/alice/ipardoza/hadronization_production/HF_RUN3_V1/raw/MONASH/hf_MONASH_job449.root
SIGMAB_COUNTS tag=MONASH species=Sigma*_b- pdg=5114 slice=all p=54 a=43 file=/data/alice/ipardoza/hadronization_production/HF_RUN3_V1/raw/MONASH/hf_MONASH_job449.root
SIGMAB_COUNTS tag=MONASH species=Sigma*_b- pdg=5114 slice=eta_lt_1 p=11 a=7 file=/data/alice/ipardoza/hadronization_production/HF_RUN3_V1/raw/MONASH/hf_MONASH_job449.root
SIGMAB_COUNTS tag=MONASH species=Sigma*_b- pdg=5114 slice=eta_1_2 p=11 a=10 file=/data/alice/ipardoza/hadronization_production/HF_RUN3_V1/raw/MONASH/hf_MONASH_job449.root
SIGMAB_COUNTS tag=MONASH species=Sigma*_b- pdg=5114 slice=eta_ge_2 p=32 a=26 file=/data/alice/ipardoza/hadronization_production/HF_RUN3_V1/raw/MONASH/hf_MONASH_job449.root
SIGMAB_COUNTS tag=MONASH species=Lambda_b0 pdg=5122 slice=all p=327 a=321 file=/data/alice/ipardoza/hadronization_production/HF_RUN3_V1/raw/MONASH/hf_MONASH_job449.root
SIGMAB_COUNTS tag=MONASH species=Lambda_b0 pdg=5122 slice=eta_lt_1 p=72 a=61 file=/data/alice/ipardoza/hadronization_production/HF_RUN3_V1/raw/MONASH/hf_MONASH_job449.root
SIGMAB_COUNTS tag=MONASH species=Lambda_b0 pdg=5122 slice=eta_1_2 p=63 a=79 file=/data/alice/ipardoza/hadronization_production/HF_RUN3_V1/raw/MONASH/hf_MONASH_job449.root
SIGMAB_COUNTS tag=MONASH species=Lambda_b0 pdg=5122 slice=eta_ge_2 p=192 a=181 file=/data/alice/ipardoza/hadronization_production/HF_RUN3_V1/raw/MONASH/hf_MONASH_job449.root
SIGMAB_COUNTS tag=MONASH species=Xi_b0 pdg=5232 slice=all p=47 a=67 file=/data/alice/ipardoza/hadronization_production/HF_RUN3_V1/raw/MONASH/hf_MONASH_job449.root
SIGMAB_COUNTS tag=MONASH species=Xi_b0 pdg=5232 slice=eta_lt_1 p=8 a=13 file=/data/alice/ipardoza/hadronization_production/HF_RUN3_V1/raw/MONASH/hf_MONASH_job449.root
SIGMAB_COUNTS tag=MONASH species=Xi_b0 pdg=5232 slice=eta_1_2 p=7 a=18 file=/data/alice/ipardoza/hadronization_production/HF_RUN3_V1/raw/MONASH/hf_MONASH_job449.root
SIGMAB_COUNTS tag=MONASH species=Xi_b0 pdg=5232 slice=eta_ge_2 p=32 a=36 file=/data/alice/ipardoza/hadronization_production/HF_RUN3_V1/raw/MONASH/hf_MONASH_job449.root
SIGMAB_COUNTS tag=MONASH species=Xi_b- pdg=5132 slice=all p=50 a=62 file=/data/alice/ipardoza/hadronization_production/HF_RUN3_V1/raw/MONASH/hf_MONASH_job449.root
SIGMAB_COUNTS tag=MONASH species=Xi_b- pdg=5132 slice=eta_lt_1 p=3 a=15 file=/data/alice/ipardoza/hadronization_production/HF_RUN3_V1/raw/MONASH/hf_MONASH_job449.root
SIGMAB_COUNTS tag=MONASH species=Xi_b- pdg=5132 slice=eta_1_2 p=8 a=9 file=/data/alice/ipardoza/hadronization_production/HF_RUN3_V1/raw/MONASH/hf_MONASH_job449.root
SIGMAB_COUNTS tag=MONASH species=Xi_b- pdg=5132 slice=eta_ge_2 p=39 a=38 file=/data/alice/ipardoza/hadronization_production/HF_RUN3_V1/raw/MONASH/hf_MONASH_job449.root
SIGMAB_COUNTS tag=MONASH species=Sigma_b+ pdg=5222 slice=all p=41 a=12 file=/data/alice/ipardoza/hadronization_production/HF_RUN3_V1/raw/MONASH/hf_MONASH_job450.root
SIGMAB_COUNTS tag=MONASH species=Sigma_b+ pdg=5222 slice=eta_lt_1 p=5 a=3 file=/data/alice/ipardoza/hadronization_production/HF_RUN3_V1/raw/MONASH/hf_MONASH_job450.root
SIGMAB_COUNTS tag=MONASH species=Sigma_b+ pdg=5222 slice=eta_1_2 p=8 a=2 file=/data/alice/ipardoza/hadronization_production/HF_RUN3_V1/raw/MONASH/hf_MONASH_job450.root
SIGMAB_COUNTS tag=MONASH species=Sigma_b+ pdg=5222 slice=eta_ge_2 p=28 a=7 file=/data/alice/ipardoza/hadronization_production/HF_RUN3_V1/raw/MONASH/hf_MONASH_job450.root
SIGMAB_COUNTS tag=MONASH species=Sigma_b0 pdg=5212 slice=all p=34 a=30 file=/data/alice/ipardoza/hadronization_production/HF_RUN3_V1/raw/MONASH/hf_MONASH_job450.root
SIGMAB_COUNTS tag=MONASH species=Sigma_b0 pdg=5212 slice=eta_lt_1 p=8 a=8 file=/data/alice/ipardoza/hadronization_production/HF_RUN3_V1/raw/MONASH/hf_MONASH_job450.root
SIGMAB_COUNTS tag=MONASH species=Sigma_b0 pdg=5212 slice=eta_1_2 p=3 a=5 file=/data/alice/ipardoza/hadronization_production/HF_RUN3_V1/raw/MONASH/hf_MONASH_job450.root
SIGMAB_COUNTS tag=MONASH species=Sigma_b0 pdg=5212 slice=eta_ge_2 p=23 a=17 file=/data/alice/ipardoza/hadronization_production/HF_RUN3_V1/raw/MONASH/hf_MONASH_job450.root
SIGMAB_COUNTS tag=MONASH species=Sigma_b- pdg=5112 slice=all p=40 a=19 file=/data/alice/ipardoza/hadronization_production/HF_RUN3_V1/raw/MONASH/hf_MONASH_job450.root
SIGMAB_COUNTS tag=MONASH species=Sigma_b- pdg=5112 slice=eta_lt_1 p=8 a=1 file=/data/alice/ipardoza/hadronization_production/HF_RUN3_V1/raw/MONASH/hf_MONASH_job450.root
SIGMAB_COUNTS tag=MONASH species=Sigma_b- pdg=5112 slice=eta_1_2 p=7 a=5 file=/data/alice/ipardoza/hadronization_production/HF_RUN3_V1/raw/MONASH/hf_MONASH_job450.root
SIGMAB_COUNTS tag=MONASH species=Sigma_b- pdg=5112 slice=eta_ge_2 p=25 a=13 file=/data/alice/ipardoza/hadronization_production/HF_RUN3_V1/raw/MONASH/hf_MONASH_job450.root
SIGMAB_COUNTS tag=MONASH species=Sigma*_b+ pdg=5224 slice=all p=44 a=31 file=/data/alice/ipardoza/hadronization_production/HF_RUN3_V1/raw/MONASH/hf_MONASH_job450.root
SIGMAB_COUNTS tag=MONASH species=Sigma*_b+ pdg=5224 slice=eta_lt_1 p=5 a=3 file=/data/alice/ipardoza/hadronization_production/HF_RUN3_V1/raw/MONASH/hf_MONASH_job450.root
SIGMAB_COUNTS tag=MONASH species=Sigma*_b+ pdg=5224 slice=eta_1_2 p=12 a=8 file=/data/alice/ipardoza/hadronization_production/HF_RUN3_V1/raw/MONASH/hf_MONASH_job450.root
SIGMAB_COUNTS tag=MONASH species=Sigma*_b+ pdg=5224 slice=eta_ge_2 p=27 a=20 file=/data/alice/ipardoza/hadronization_production/HF_RUN3_V1/raw/MONASH/hf_MONASH_job450.root
SIGMAB_COUNTS tag=MONASH species=Sigma*_b0 pdg=5214 slice=all p=52 a=42 file=/data/alice/ipardoza/hadronization_production/HF_RUN3_V1/raw/MONASH/hf_MONASH_job450.root
SIGMAB_COUNTS tag=MONASH species=Sigma*_b0 pdg=5214 slice=eta_lt_1 p=7 a=13 file=/data/alice/ipardoza/hadronization_production/HF_RUN3_V1/raw/MONASH/hf_MONASH_job450.root
SIGMAB_COUNTS tag=MONASH species=Sigma*_b0 pdg=5214 slice=eta_1_2 p=9 a=10 file=/data/alice/ipardoza/hadronization_production/HF_RUN3_V1/raw/MONASH/hf_MONASH_job450.root
SIGMAB_COUNTS tag=MONASH species=Sigma*_b0 pdg=5214 slice=eta_ge_2 p=36 a=19 file=/data/alice/ipardoza/hadronization_production/HF_RUN3_V1/raw/MONASH/hf_MONASH_job450.root
SIGMAB_COUNTS tag=MONASH species=Sigma*_b- pdg=5114 slice=all p=50 a=42 file=/data/alice/ipardoza/hadronization_production/HF_RUN3_V1/raw/MONASH/hf_MONASH_job450.root
SIGMAB_COUNTS tag=MONASH species=Sigma*_b- pdg=5114 slice=eta_lt_1 p=11 a=8 file=/data/alice/ipardoza/hadronization_production/HF_RUN3_V1/raw/MONASH/hf_MONASH_job450.root
SIGMAB_COUNTS tag=MONASH species=Sigma*_b- pdg=5114 slice=eta_1_2 p=9 a=10 file=/data/alice/ipardoza/hadronization_production/HF_RUN3_V1/raw/MONASH/hf_MONASH_job450.root
SIGMAB_COUNTS tag=MONASH species=Sigma*_b- pdg=5114 slice=eta_ge_2 p=30 a=24 file=/data/alice/ipardoza/hadronization_production/HF_RUN3_V1/raw/MONASH/hf_MONASH_job450.root
SIGMAB_COUNTS tag=MONASH species=Lambda_b0 pdg=5122 slice=all p=324 a=296 file=/data/alice/ipardoza/hadronization_production/HF_RUN3_V1/raw/MONASH/hf_MONASH_job450.root
SIGMAB_COUNTS tag=MONASH species=Lambda_b0 pdg=5122 slice=eta_lt_1 p=55 a=51 file=/data/alice/ipardoza/hadronization_production/HF_RUN3_V1/raw/MONASH/hf_MONASH_job450.root
SIGMAB_COUNTS tag=MONASH species=Lambda_b0 pdg=5122 slice=eta_1_2 p=79 a=56 file=/data/alice/ipardoza/hadronization_production/HF_RUN3_V1/raw/MONASH/hf_MONASH_job450.root
SIGMAB_COUNTS tag=MONASH species=Lambda_b0 pdg=5122 slice=eta_ge_2 p=190 a=189 file=/data/alice/ipardoza/hadronization_production/HF_RUN3_V1/raw/MONASH/hf_MONASH_job450.root
SIGMAB_COUNTS tag=MONASH species=Xi_b0 pdg=5232 slice=all p=45 a=53 file=/data/alice/ipardoza/hadronization_production/HF_RUN3_V1/raw/MONASH/hf_MONASH_job450.root
SIGMAB_COUNTS tag=MONASH species=Xi_b0 pdg=5232 slice=eta_lt_1 p=10 a=8 file=/data/alice/ipardoza/hadronization_production/HF_RUN3_V1/raw/MONASH/hf_MONASH_job450.root
SIGMAB_COUNTS tag=MONASH species=Xi_b0 pdg=5232 slice=eta_1_2 p=5 a=15 file=/data/alice/ipardoza/hadronization_production/HF_RUN3_V1/raw/MONASH/hf_MONASH_job450.root
SIGMAB_COUNTS tag=MONASH species=Xi_b0 pdg=5232 slice=eta_ge_2 p=30 a=30 file=/data/alice/ipardoza/hadronization_production/HF_RUN3_V1/raw/MONASH/hf_MONASH_job450.root
SIGMAB_COUNTS tag=MONASH species=Xi_b- pdg=5132 slice=all p=56 a=76 file=/data/alice/ipardoza/hadronization_production/HF_RUN3_V1/raw/MONASH/hf_MONASH_job450.root
SIGMAB_COUNTS tag=MONASH species=Xi_b- pdg=5132 slice=eta_lt_1 p=10 a=14 file=/data/alice/ipardoza/hadronization_production/HF_RUN3_V1/raw/MONASH/hf_MONASH_job450.root
SIGMAB_COUNTS tag=MONASH species=Xi_b- pdg=5132 slice=eta_1_2 p=10 a=13 file=/data/alice/ipardoza/hadronization_production/HF_RUN3_V1/raw/MONASH/hf_MONASH_job450.root
SIGMAB_COUNTS tag=MONASH species=Xi_b- pdg=5132 slice=eta_ge_2 p=36 a=49 file=/data/alice/ipardoza/hadronization_production/HF_RUN3_V1/raw/MONASH/hf_MONASH_job450.root
SIGMAB_COUNTS tag=MONASH species=Sigma_b+ pdg=5222 slice=all p=37 a=30 file=/data/alice/ipardoza/hadronization_production/HF_RUN3_V1/raw/MONASH/hf_MONASH_job451.root
SIGMAB_COUNTS tag=MONASH species=Sigma_b+ pdg=5222 slice=eta_lt_1 p=4 a=6 file=/data/alice/ipardoza/hadronization_production/HF_RUN3_V1/raw/MONASH/hf_MONASH_job451.root
SIGMAB_COUNTS tag=MONASH species=Sigma_b+ pdg=5222 slice=eta_1_2 p=7 a=5 file=/data/alice/ipardoza/hadronization_production/HF_RUN3_V1/raw/MONASH/hf_MONASH_job451.root
SIGMAB_COUNTS tag=MONASH species=Sigma_b+ pdg=5222 slice=eta_ge_2 p=26 a=19 file=/data/alice/ipardoza/hadronization_production/HF_RUN3_V1/raw/MONASH/hf_MONASH_job451.root
SIGMAB_COUNTS tag=MONASH species=Sigma_b0 pdg=5212 slice=all p=32 a=22 file=/data/alice/ipardoza/hadronization_production/HF_RUN3_V1/raw/MONASH/hf_MONASH_job451.root
SIGMAB_COUNTS tag=MONASH species=Sigma_b0 pdg=5212 slice=eta_lt_1 p=4 a=2 file=/data/alice/ipardoza/hadronization_production/HF_RUN3_V1/raw/MONASH/hf_MONASH_job451.root
SIGMAB_COUNTS tag=MONASH species=Sigma_b0 pdg=5212 slice=eta_1_2 p=3 a=4 file=/data/alice/ipardoza/hadronization_production/HF_RUN3_V1/raw/MONASH/hf_MONASH_job451.root
SIGMAB_COUNTS tag=MONASH species=Sigma_b0 pdg=5212 slice=eta_ge_2 p=25 a=16 file=/data/alice/ipardoza/hadronization_production/HF_RUN3_V1/raw/MONASH/hf_MONASH_job451.root
SIGMAB_COUNTS tag=MONASH species=Sigma_b- pdg=5112 slice=all p=37 a=9 file=/data/alice/ipardoza/hadronization_production/HF_RUN3_V1/raw/MONASH/hf_MONASH_job451.root
SIGMAB_COUNTS tag=MONASH species=Sigma_b- pdg=5112 slice=eta_lt_1 p=7 a=2 file=/data/alice/ipardoza/hadronization_production/HF_RUN3_V1/raw/MONASH/hf_MONASH_job451.root
SIGMAB_COUNTS tag=MONASH species=Sigma_b- pdg=5112 slice=eta_1_2 p=7 a=2 file=/data/alice/ipardoza/hadronization_production/HF_RUN3_V1/raw/MONASH/hf_MONASH_job451.root
SIGMAB_COUNTS tag=MONASH species=Sigma_b- pdg=5112 slice=eta_ge_2 p=23 a=5 file=/data/alice/ipardoza/hadronization_production/HF_RUN3_V1/raw/MONASH/hf_MONASH_job451.root
SIGMAB_COUNTS tag=MONASH species=Sigma*_b+ pdg=5224 slice=all p=45 a=27 file=/data/alice/ipardoza/hadronization_production/HF_RUN3_V1/raw/MONASH/hf_MONASH_job451.root
SIGMAB_COUNTS tag=MONASH species=Sigma*_b+ pdg=5224 slice=eta_lt_1 p=8 a=4 file=/data/alice/ipardoza/hadronization_production/HF_RUN3_V1/raw/MONASH/hf_MONASH_job451.root
SIGMAB_COUNTS tag=MONASH species=Sigma*_b+ pdg=5224 slice=eta_1_2 p=13 a=4 file=/data/alice/ipardoza/hadronization_production/HF_RUN3_V1/raw/MONASH/hf_MONASH_job451.root
SIGMAB_COUNTS tag=MONASH species=Sigma*_b+ pdg=5224 slice=eta_ge_2 p=24 a=19 file=/data/alice/ipardoza/hadronization_production/HF_RUN3_V1/raw/MONASH/hf_MONASH_job451.root
SIGMAB_COUNTS tag=MONASH species=Sigma*_b0 pdg=5214 slice=all p=49 a=33 file=/data/alice/ipardoza/hadronization_production/HF_RUN3_V1/raw/MONASH/hf_MONASH_job451.root
SIGMAB_COUNTS tag=MONASH species=Sigma*_b0 pdg=5214 slice=eta_lt_1 p=8 a=7 file=/data/alice/ipardoza/hadronization_production/HF_RUN3_V1/raw/MONASH/hf_MONASH_job451.root
SIGMAB_COUNTS tag=MONASH species=Sigma*_b0 pdg=5214 slice=eta_1_2 p=11 a=5 file=/data/alice/ipardoza/hadronization_production/HF_RUN3_V1/raw/MONASH/hf_MONASH_job451.root
SIGMAB_COUNTS tag=MONASH species=Sigma*_b0 pdg=5214 slice=eta_ge_2 p=30 a=21 file=/data/alice/ipardoza/hadronization_production/HF_RUN3_V1/raw/MONASH/hf_MONASH_job451.root
SIGMAB_COUNTS tag=MONASH species=Sigma*_b- pdg=5114 slice=all p=38 a=34 file=/data/alice/ipardoza/hadronization_production/HF_RUN3_V1/raw/MONASH/hf_MONASH_job451.root
SIGMAB_COUNTS tag=MONASH species=Sigma*_b- pdg=5114 slice=eta_lt_1 p=6 a=8 file=/data/alice/ipardoza/hadronization_production/HF_RUN3_V1/raw/MONASH/hf_MONASH_job451.root
SIGMAB_COUNTS tag=MONASH species=Sigma*_b- pdg=5114 slice=eta_1_2 p=4 a=7 file=/data/alice/ipardoza/hadronization_production/HF_RUN3_V1/raw/MONASH/hf_MONASH_job451.root
SIGMAB_COUNTS tag=MONASH species=Sigma*_b- pdg=5114 slice=eta_ge_2 p=28 a=19 file=/data/alice/ipardoza/hadronization_production/HF_RUN3_V1/raw/MONASH/hf_MONASH_job451.root
SIGMAB_COUNTS tag=MONASH species=Lambda_b0 pdg=5122 slice=all p=301 a=317 file=/data/alice/ipardoza/hadronization_production/HF_RUN3_V1/raw/MONASH/hf_MONASH_job451.root
SIGMAB_COUNTS tag=MONASH species=Lambda_b0 pdg=5122 slice=eta_lt_1 p=49 a=55 file=/data/alice/ipardoza/hadronization_production/HF_RUN3_V1/raw/MONASH/hf_MONASH_job451.root
SIGMAB_COUNTS tag=MONASH species=Lambda_b0 pdg=5122 slice=eta_1_2 p=59 a=81 file=/data/alice/ipardoza/hadronization_production/HF_RUN3_V1/raw/MONASH/hf_MONASH_job451.root
SIGMAB_COUNTS tag=MONASH species=Lambda_b0 pdg=5122 slice=eta_ge_2 p=193 a=181 file=/data/alice/ipardoza/hadronization_production/HF_RUN3_V1/raw/MONASH/hf_MONASH_job451.root
SIGMAB_COUNTS tag=MONASH species=Xi_b0 pdg=5232 slice=all p=46 a=53 file=/data/alice/ipardoza/hadronization_production/HF_RUN3_V1/raw/MONASH/hf_MONASH_job451.root
SIGMAB_COUNTS tag=MONASH species=Xi_b0 pdg=5232 slice=eta_lt_1 p=7 a=11 file=/data/alice/ipardoza/hadronization_production/HF_RUN3_V1/raw/MONASH/hf_MONASH_job451.root
SIGMAB_COUNTS tag=MONASH species=Xi_b0 pdg=5232 slice=eta_1_2 p=17 a=7 file=/data/alice/ipardoza/hadronization_production/HF_RUN3_V1/raw/MONASH/hf_MONASH_job451.root
SIGMAB_COUNTS tag=MONASH species=Xi_b0 pdg=5232 slice=eta_ge_2 p=22 a=35 file=/data/alice/ipardoza/hadronization_production/HF_RUN3_V1/raw/MONASH/hf_MONASH_job451.root
SIGMAB_COUNTS tag=MONASH species=Xi_b- pdg=5132 slice=all p=47 a=47 file=/data/alice/ipardoza/hadronization_production/HF_RUN3_V1/raw/MONASH/hf_MONASH_job451.root
SIGMAB_COUNTS tag=MONASH species=Xi_b- pdg=5132 slice=eta_lt_1 p=7 a=8 file=/data/alice/ipardoza/hadronization_production/HF_RUN3_V1/raw/MONASH/hf_MONASH_job451.root
SIGMAB_COUNTS tag=MONASH species=Xi_b- pdg=5132 slice=eta_1_2 p=11 a=7 file=/data/alice/ipardoza/hadronization_production/HF_RUN3_V1/raw/MONASH/hf_MONASH_job451.root
SIGMAB_COUNTS tag=MONASH species=Xi_b- pdg=5132 slice=eta_ge_2 p=29 a=32 file=/data/alice/ipardoza/hadronization_production/HF_RUN3_V1/raw/MONASH/hf_MONASH_job451.root
SIGMAB_COUNTS tag=MONASH species=Sigma_b+ pdg=5222 slice=all p=50 a=16 file=/data/alice/ipardoza/hadronization_production/HF_RUN3_V1/raw/MONASH/hf_MONASH_job452.root
SIGMAB_COUNTS tag=MONASH species=Sigma_b+ pdg=5222 slice=eta_lt_1 p=15 a=4 file=/data/alice/ipardoza/hadronization_production/HF_RUN3_V1/raw/MONASH/hf_MONASH_job452.root
SIGMAB_COUNTS tag=MONASH species=Sigma_b+ pdg=5222 slice=eta_1_2 p=9 a=4 file=/data/alice/ipardoza/hadronization_production/HF_RUN3_V1/raw/MONASH/hf_MONASH_job452.root
SIGMAB_COUNTS tag=MONASH species=Sigma_b+ pdg=5222 slice=eta_ge_2 p=26 a=8 file=/data/alice/ipardoza/hadronization_production/HF_RUN3_V1/raw/MONASH/hf_MONASH_job452.root
SIGMAB_COUNTS tag=MONASH species=Sigma_b0 pdg=5212 slice=all p=32 a=16 file=/data/alice/ipardoza/hadronization_production/HF_RUN3_V1/raw/MONASH/hf_MONASH_job452.root
SIGMAB_COUNTS tag=MONASH species=Sigma_b0 pdg=5212 slice=eta_lt_1 p=5 a=5 file=/data/alice/ipardoza/hadronization_production/HF_RUN3_V1/raw/MONASH/hf_MONASH_job452.root
SIGMAB_COUNTS tag=MONASH species=Sigma_b0 pdg=5212 slice=eta_1_2 p=9 a=2 file=/data/alice/ipardoza/hadronization_production/HF_RUN3_V1/raw/MONASH/hf_MONASH_job452.root
SIGMAB_COUNTS tag=MONASH species=Sigma_b0 pdg=5212 slice=eta_ge_2 p=18 a=9 file=/data/alice/ipardoza/hadronization_production/HF_RUN3_V1/raw/MONASH/hf_MONASH_job452.root
SIGMAB_COUNTS tag=MONASH species=Sigma_b- pdg=5112 slice=all p=30 a=14 file=/data/alice/ipardoza/hadronization_production/HF_RUN3_V1/raw/MONASH/hf_MONASH_job452.root
SIGMAB_COUNTS tag=MONASH species=Sigma_b- pdg=5112 slice=eta_lt_1 p=3 a=5 file=/data/alice/ipardoza/hadronization_production/HF_RUN3_V1/raw/MONASH/hf_MONASH_job452.root
SIGMAB_COUNTS tag=MONASH species=Sigma_b- pdg=5112 slice=eta_1_2 p=5 a=2 file=/data/alice/ipardoza/hadronization_production/HF_RUN3_V1/raw/MONASH/hf_MONASH_job452.root
SIGMAB_COUNTS tag=MONASH species=Sigma_b- pdg=5112 slice=eta_ge_2 p=22 a=7 file=/data/alice/ipardoza/hadronization_production/HF_RUN3_V1/raw/MONASH/hf_MONASH_job452.root
SIGMAB_COUNTS tag=MONASH species=Sigma*_b+ pdg=5224 slice=all p=55 a=40 file=/data/alice/ipardoza/hadronization_production/HF_RUN3_V1/raw/MONASH/hf_MONASH_job452.root
SIGMAB_COUNTS tag=MONASH species=Sigma*_b+ pdg=5224 slice=eta_lt_1 p=8 a=6 file=/data/alice/ipardoza/hadronization_production/HF_RUN3_V1/raw/MONASH/hf_MONASH_job452.root
SIGMAB_COUNTS tag=MONASH species=Sigma*_b+ pdg=5224 slice=eta_1_2 p=8 a=9 file=/data/alice/ipardoza/hadronization_production/HF_RUN3_V1/raw/MONASH/hf_MONASH_job452.root
SIGMAB_COUNTS tag=MONASH species=Sigma*_b+ pdg=5224 slice=eta_ge_2 p=39 a=25 file=/data/alice/ipardoza/hadronization_production/HF_RUN3_V1/raw/MONASH/hf_MONASH_job452.root
SIGMAB_COUNTS tag=MONASH species=Sigma*_b0 pdg=5214 slice=all p=49 a=40 file=/data/alice/ipardoza/hadronization_production/HF_RUN3_V1/raw/MONASH/hf_MONASH_job452.root
SIGMAB_COUNTS tag=MONASH species=Sigma*_b0 pdg=5214 slice=eta_lt_1 p=6 a=6 file=/data/alice/ipardoza/hadronization_production/HF_RUN3_V1/raw/MONASH/hf_MONASH_job452.root
SIGMAB_COUNTS tag=MONASH species=Sigma*_b0 pdg=5214 slice=eta_1_2 p=12 a=11 file=/data/alice/ipardoza/hadronization_production/HF_RUN3_V1/raw/MONASH/hf_MONASH_job452.root
SIGMAB_COUNTS tag=MONASH species=Sigma*_b0 pdg=5214 slice=eta_ge_2 p=31 a=23 file=/data/alice/ipardoza/hadronization_production/HF_RUN3_V1/raw/MONASH/hf_MONASH_job452.root
SIGMAB_COUNTS tag=MONASH species=Sigma*_b- pdg=5114 slice=all p=34 a=40 file=/data/alice/ipardoza/hadronization_production/HF_RUN3_V1/raw/MONASH/hf_MONASH_job452.root
SIGMAB_COUNTS tag=MONASH species=Sigma*_b- pdg=5114 slice=eta_lt_1 p=6 a=7 file=/data/alice/ipardoza/hadronization_production/HF_RUN3_V1/raw/MONASH/hf_MONASH_job452.root
SIGMAB_COUNTS tag=MONASH species=Sigma*_b- pdg=5114 slice=eta_1_2 p=8 a=13 file=/data/alice/ipardoza/hadronization_production/HF_RUN3_V1/raw/MONASH/hf_MONASH_job452.root
SIGMAB_COUNTS tag=MONASH species=Sigma*_b- pdg=5114 slice=eta_ge_2 p=20 a=20 file=/data/alice/ipardoza/hadronization_production/HF_RUN3_V1/raw/MONASH/hf_MONASH_job452.root
SIGMAB_COUNTS tag=MONASH species=Lambda_b0 pdg=5122 slice=all p=310 a=276 file=/data/alice/ipardoza/hadronization_production/HF_RUN3_V1/raw/MONASH/hf_MONASH_job452.root
SIGMAB_COUNTS tag=MONASH species=Lambda_b0 pdg=5122 slice=eta_lt_1 p=51 a=54 file=/data/alice/ipardoza/hadronization_production/HF_RUN3_V1/raw/MONASH/hf_MONASH_job452.root
SIGMAB_COUNTS tag=MONASH species=Lambda_b0 pdg=5122 slice=eta_1_2 p=58 a=44 file=/data/alice/ipardoza/hadronization_production/HF_RUN3_V1/raw/MONASH/hf_MONASH_job452.root
SIGMAB_COUNTS tag=MONASH species=Lambda_b0 pdg=5122 slice=eta_ge_2 p=201 a=178 file=/data/alice/ipardoza/hadronization_production/HF_RUN3_V1/raw/MONASH/hf_MONASH_job452.root
SIGMAB_COUNTS tag=MONASH species=Xi_b0 pdg=5232 slice=all p=55 a=55 file=/data/alice/ipardoza/hadronization_production/HF_RUN3_V1/raw/MONASH/hf_MONASH_job452.root
SIGMAB_COUNTS tag=MONASH species=Xi_b0 pdg=5232 slice=eta_lt_1 p=9 a=7 file=/data/alice/ipardoza/hadronization_production/HF_RUN3_V1/raw/MONASH/hf_MONASH_job452.root
SIGMAB_COUNTS tag=MONASH species=Xi_b0 pdg=5232 slice=eta_1_2 p=14 a=16 file=/data/alice/ipardoza/hadronization_production/HF_RUN3_V1/raw/MONASH/hf_MONASH_job452.root
SIGMAB_COUNTS tag=MONASH species=Xi_b0 pdg=5232 slice=eta_ge_2 p=32 a=32 file=/data/alice/ipardoza/hadronization_production/HF_RUN3_V1/raw/MONASH/hf_MONASH_job452.root
SIGMAB_COUNTS tag=MONASH species=Xi_b- pdg=5132 slice=all p=64 a=52 file=/data/alice/ipardoza/hadronization_production/HF_RUN3_V1/raw/MONASH/hf_MONASH_job452.root
SIGMAB_COUNTS tag=MONASH species=Xi_b- pdg=5132 slice=eta_lt_1 p=7 a=7 file=/data/alice/ipardoza/hadronization_production/HF_RUN3_V1/raw/MONASH/hf_MONASH_job452.root
SIGMAB_COUNTS tag=MONASH species=Xi_b- pdg=5132 slice=eta_1_2 p=14 a=11 file=/data/alice/ipardoza/hadronization_production/HF_RUN3_V1/raw/MONASH/hf_MONASH_job452.root
SIGMAB_COUNTS tag=MONASH species=Xi_b- pdg=5132 slice=eta_ge_2 p=43 a=34 file=/data/alice/ipardoza/hadronization_production/HF_RUN3_V1/raw/MONASH/hf_MONASH_job452.root
SIGMAB_COUNTS tag=MONASH species=Sigma_b+ pdg=5222 slice=all p=30 a=20 file=/data/alice/ipardoza/hadronization_production/HF_RUN3_V1/raw/MONASH/hf_MONASH_job453.root
SIGMAB_COUNTS tag=MONASH species=Sigma_b+ pdg=5222 slice=eta_lt_1 p=5 a=5 file=/data/alice/ipardoza/hadronization_production/HF_RUN3_V1/raw/MONASH/hf_MONASH_job453.root
SIGMAB_COUNTS tag=MONASH species=Sigma_b+ pdg=5222 slice=eta_1_2 p=6 a=5 file=/data/alice/ipardoza/hadronization_production/HF_RUN3_V1/raw/MONASH/hf_MONASH_job453.root
SIGMAB_COUNTS tag=MONASH species=Sigma_b+ pdg=5222 slice=eta_ge_2 p=19 a=10 file=/data/alice/ipardoza/hadronization_production/HF_RUN3_V1/raw/MONASH/hf_MONASH_job453.root
SIGMAB_COUNTS tag=MONASH species=Sigma_b0 pdg=5212 slice=all p=45 a=20 file=/data/alice/ipardoza/hadronization_production/HF_RUN3_V1/raw/MONASH/hf_MONASH_job453.root
SIGMAB_COUNTS tag=MONASH species=Sigma_b0 pdg=5212 slice=eta_lt_1 p=12 a=4 file=/data/alice/ipardoza/hadronization_production/HF_RUN3_V1/raw/MONASH/hf_MONASH_job453.root
SIGMAB_COUNTS tag=MONASH species=Sigma_b0 pdg=5212 slice=eta_1_2 p=7 a=6 file=/data/alice/ipardoza/hadronization_production/HF_RUN3_V1/raw/MONASH/hf_MONASH_job453.root
SIGMAB_COUNTS tag=MONASH species=Sigma_b0 pdg=5212 slice=eta_ge_2 p=26 a=10 file=/data/alice/ipardoza/hadronization_production/HF_RUN3_V1/raw/MONASH/hf_MONASH_job453.root
SIGMAB_COUNTS tag=MONASH species=Sigma_b- pdg=5112 slice=all p=26 a=23 file=/data/alice/ipardoza/hadronization_production/HF_RUN3_V1/raw/MONASH/hf_MONASH_job453.root
SIGMAB_COUNTS tag=MONASH species=Sigma_b- pdg=5112 slice=eta_lt_1 p=8 a=5 file=/data/alice/ipardoza/hadronization_production/HF_RUN3_V1/raw/MONASH/hf_MONASH_job453.root
SIGMAB_COUNTS tag=MONASH species=Sigma_b- pdg=5112 slice=eta_1_2 p=4 a=6 file=/data/alice/ipardoza/hadronization_production/HF_RUN3_V1/raw/MONASH/hf_MONASH_job453.root
SIGMAB_COUNTS tag=MONASH species=Sigma_b- pdg=5112 slice=eta_ge_2 p=14 a=12 file=/data/alice/ipardoza/hadronization_production/HF_RUN3_V1/raw/MONASH/hf_MONASH_job453.root
SIGMAB_COUNTS tag=MONASH species=Sigma*_b+ pdg=5224 slice=all p=45 a=26 file=/data/alice/ipardoza/hadronization_production/HF_RUN3_V1/raw/MONASH/hf_MONASH_job453.root
SIGMAB_COUNTS tag=MONASH species=Sigma*_b+ pdg=5224 slice=eta_lt_1 p=5 a=5 file=/data/alice/ipardoza/hadronization_production/HF_RUN3_V1/raw/MONASH/hf_MONASH_job453.root
SIGMAB_COUNTS tag=MONASH species=Sigma*_b+ pdg=5224 slice=eta_1_2 p=7 a=4 file=/data/alice/ipardoza/hadronization_production/HF_RUN3_V1/raw/MONASH/hf_MONASH_job453.root
SIGMAB_COUNTS tag=MONASH species=Sigma*_b+ pdg=5224 slice=eta_ge_2 p=33 a=17 file=/data/alice/ipardoza/hadronization_production/HF_RUN3_V1/raw/MONASH/hf_MONASH_job453.root
SIGMAB_COUNTS tag=MONASH species=Sigma*_b0 pdg=5214 slice=all p=46 a=35 file=/data/alice/ipardoza/hadronization_production/HF_RUN3_V1/raw/MONASH/hf_MONASH_job453.root
SIGMAB_COUNTS tag=MONASH species=Sigma*_b0 pdg=5214 slice=eta_lt_1 p=5 a=5 file=/data/alice/ipardoza/hadronization_production/HF_RUN3_V1/raw/MONASH/hf_MONASH_job453.root
SIGMAB_COUNTS tag=MONASH species=Sigma*_b0 pdg=5214 slice=eta_1_2 p=8 a=8 file=/data/alice/ipardoza/hadronization_production/HF_RUN3_V1/raw/MONASH/hf_MONASH_job453.root
SIGMAB_COUNTS tag=MONASH species=Sigma*_b0 pdg=5214 slice=eta_ge_2 p=33 a=22 file=/data/alice/ipardoza/hadronization_production/HF_RUN3_V1/raw/MONASH/hf_MONASH_job453.root
SIGMAB_COUNTS tag=MONASH species=Sigma*_b- pdg=5114 slice=all p=45 a=44 file=/data/alice/ipardoza/hadronization_production/HF_RUN3_V1/raw/MONASH/hf_MONASH_job453.root
SIGMAB_COUNTS tag=MONASH species=Sigma*_b- pdg=5114 slice=eta_lt_1 p=13 a=7 file=/data/alice/ipardoza/hadronization_production/HF_RUN3_V1/raw/MONASH/hf_MONASH_job453.root
SIGMAB_COUNTS tag=MONASH species=Sigma*_b- pdg=5114 slice=eta_1_2 p=15 a=10 file=/data/alice/ipardoza/hadronization_production/HF_RUN3_V1/raw/MONASH/hf_MONASH_job453.root
SIGMAB_COUNTS tag=MONASH species=Sigma*_b- pdg=5114 slice=eta_ge_2 p=17 a=27 file=/data/alice/ipardoza/hadronization_production/HF_RUN3_V1/raw/MONASH/hf_MONASH_job453.root
SIGMAB_COUNTS tag=MONASH species=Lambda_b0 pdg=5122 slice=all p=317 a=339 file=/data/alice/ipardoza/hadronization_production/HF_RUN3_V1/raw/MONASH/hf_MONASH_job453.root
SIGMAB_COUNTS tag=MONASH species=Lambda_b0 pdg=5122 slice=eta_lt_1 p=51 a=72 file=/data/alice/ipardoza/hadronization_production/HF_RUN3_V1/raw/MONASH/hf_MONASH_job453.root
SIGMAB_COUNTS tag=MONASH species=Lambda_b0 pdg=5122 slice=eta_1_2 p=82 a=58 file=/data/alice/ipardoza/hadronization_production/HF_RUN3_V1/raw/MONASH/hf_MONASH_job453.root
SIGMAB_COUNTS tag=MONASH species=Lambda_b0 pdg=5122 slice=eta_ge_2 p=184 a=209 file=/data/alice/ipardoza/hadronization_production/HF_RUN3_V1/raw/MONASH/hf_MONASH_job453.root
SIGMAB_COUNTS tag=MONASH species=Xi_b0 pdg=5232 slice=all p=65 a=44 file=/data/alice/ipardoza/hadronization_production/HF_RUN3_V1/raw/MONASH/hf_MONASH_job453.root
SIGMAB_COUNTS tag=MONASH species=Xi_b0 pdg=5232 slice=eta_lt_1 p=10 a=8 file=/data/alice/ipardoza/hadronization_production/HF_RUN3_V1/raw/MONASH/hf_MONASH_job453.root
SIGMAB_COUNTS tag=MONASH species=Xi_b0 pdg=5232 slice=eta_1_2 p=17 a=11 file=/data/alice/ipardoza/hadronization_production/HF_RUN3_V1/raw/MONASH/hf_MONASH_job453.root
SIGMAB_COUNTS tag=MONASH species=Xi_b0 pdg=5232 slice=eta_ge_2 p=38 a=25 file=/data/alice/ipardoza/hadronization_production/HF_RUN3_V1/raw/MONASH/hf_MONASH_job453.root
SIGMAB_COUNTS tag=MONASH species=Xi_b- pdg=5132 slice=all p=50 a=58 file=/data/alice/ipardoza/hadronization_production/HF_RUN3_V1/raw/MONASH/hf_MONASH_job453.root
SIGMAB_COUNTS tag=MONASH species=Xi_b- pdg=5132 slice=eta_lt_1 p=13 a=13 file=/data/alice/ipardoza/hadronization_production/HF_RUN3_V1/raw/MONASH/hf_MONASH_job453.root
SIGMAB_COUNTS tag=MONASH species=Xi_b- pdg=5132 slice=eta_1_2 p=7 a=20 file=/data/alice/ipardoza/hadronization_production/HF_RUN3_V1/raw/MONASH/hf_MONASH_job453.root
SIGMAB_COUNTS tag=MONASH species=Xi_b- pdg=5132 slice=eta_ge_2 p=30 a=25 file=/data/alice/ipardoza/hadronization_production/HF_RUN3_V1/raw/MONASH/hf_MONASH_job453.root
SIGMAB_COUNTS tag=MONASH species=Sigma_b+ pdg=5222 slice=all p=38 a=20 file=/data/alice/ipardoza/hadronization_production/HF_RUN3_V1/raw/MONASH/hf_MONASH_job454.root
SIGMAB_COUNTS tag=MONASH species=Sigma_b+ pdg=5222 slice=eta_lt_1 p=4 a=3 file=/data/alice/ipardoza/hadronization_production/HF_RUN3_V1/raw/MONASH/hf_MONASH_job454.root
SIGMAB_COUNTS tag=MONASH species=Sigma_b+ pdg=5222 slice=eta_1_2 p=6 a=0 file=/data/alice/ipardoza/hadronization_production/HF_RUN3_V1/raw/MONASH/hf_MONASH_job454.root
SIGMAB_COUNTS tag=MONASH species=Sigma_b+ pdg=5222 slice=eta_ge_2 p=28 a=17 file=/data/alice/ipardoza/hadronization_production/HF_RUN3_V1/raw/MONASH/hf_MONASH_job454.root
SIGMAB_COUNTS tag=MONASH species=Sigma_b0 pdg=5212 slice=all p=33 a=21 file=/data/alice/ipardoza/hadronization_production/HF_RUN3_V1/raw/MONASH/hf_MONASH_job454.root
SIGMAB_COUNTS tag=MONASH species=Sigma_b0 pdg=5212 slice=eta_lt_1 p=3 a=4 file=/data/alice/ipardoza/hadronization_production/HF_RUN3_V1/raw/MONASH/hf_MONASH_job454.root
SIGMAB_COUNTS tag=MONASH species=Sigma_b0 pdg=5212 slice=eta_1_2 p=4 a=5 file=/data/alice/ipardoza/hadronization_production/HF_RUN3_V1/raw/MONASH/hf_MONASH_job454.root
SIGMAB_COUNTS tag=MONASH species=Sigma_b0 pdg=5212 slice=eta_ge_2 p=26 a=12 file=/data/alice/ipardoza/hadronization_production/HF_RUN3_V1/raw/MONASH/hf_MONASH_job454.root
SIGMAB_COUNTS tag=MONASH species=Sigma_b- pdg=5112 slice=all p=39 a=25 file=/data/alice/ipardoza/hadronization_production/HF_RUN3_V1/raw/MONASH/hf_MONASH_job454.root
SIGMAB_COUNTS tag=MONASH species=Sigma_b- pdg=5112 slice=eta_lt_1 p=7 a=6 file=/data/alice/ipardoza/hadronization_production/HF_RUN3_V1/raw/MONASH/hf_MONASH_job454.root
SIGMAB_COUNTS tag=MONASH species=Sigma_b- pdg=5112 slice=eta_1_2 p=6 a=2 file=/data/alice/ipardoza/hadronization_production/HF_RUN3_V1/raw/MONASH/hf_MONASH_job454.root
SIGMAB_COUNTS tag=MONASH species=Sigma_b- pdg=5112 slice=eta_ge_2 p=26 a=17 file=/data/alice/ipardoza/hadronization_production/HF_RUN3_V1/raw/MONASH/hf_MONASH_job454.root
SIGMAB_COUNTS tag=MONASH species=Sigma*_b+ pdg=5224 slice=all p=50 a=33 file=/data/alice/ipardoza/hadronization_production/HF_RUN3_V1/raw/MONASH/hf_MONASH_job454.root
SIGMAB_COUNTS tag=MONASH species=Sigma*_b+ pdg=5224 slice=eta_lt_1 p=11 a=3 file=/data/alice/ipardoza/hadronization_production/HF_RUN3_V1/raw/MONASH/hf_MONASH_job454.root
SIGMAB_COUNTS tag=MONASH species=Sigma*_b+ pdg=5224 slice=eta_1_2 p=11 a=6 file=/data/alice/ipardoza/hadronization_production/HF_RUN3_V1/raw/MONASH/hf_MONASH_job454.root
SIGMAB_COUNTS tag=MONASH species=Sigma*_b+ pdg=5224 slice=eta_ge_2 p=28 a=24 file=/data/alice/ipardoza/hadronization_production/HF_RUN3_V1/raw/MONASH/hf_MONASH_job454.root
SIGMAB_COUNTS tag=MONASH species=Sigma*_b0 pdg=5214 slice=all p=54 a=54 file=/data/alice/ipardoza/hadronization_production/HF_RUN3_V1/raw/MONASH/hf_MONASH_job454.root
SIGMAB_COUNTS tag=MONASH species=Sigma*_b0 pdg=5214 slice=eta_lt_1 p=11 a=5 file=/data/alice/ipardoza/hadronization_production/HF_RUN3_V1/raw/MONASH/hf_MONASH_job454.root
SIGMAB_COUNTS tag=MONASH species=Sigma*_b0 pdg=5214 slice=eta_1_2 p=9 a=13 file=/data/alice/ipardoza/hadronization_production/HF_RUN3_V1/raw/MONASH/hf_MONASH_job454.root
SIGMAB_COUNTS tag=MONASH species=Sigma*_b0 pdg=5214 slice=eta_ge_2 p=34 a=36 file=/data/alice/ipardoza/hadronization_production/HF_RUN3_V1/raw/MONASH/hf_MONASH_job454.root
SIGMAB_COUNTS tag=MONASH species=Sigma*_b- pdg=5114 slice=all p=43 a=46 file=/data/alice/ipardoza/hadronization_production/HF_RUN3_V1/raw/MONASH/hf_MONASH_job454.root
SIGMAB_COUNTS tag=MONASH species=Sigma*_b- pdg=5114 slice=eta_lt_1 p=5 a=5 file=/data/alice/ipardoza/hadronization_production/HF_RUN3_V1/raw/MONASH/hf_MONASH_job454.root
SIGMAB_COUNTS tag=MONASH species=Sigma*_b- pdg=5114 slice=eta_1_2 p=16 a=11 file=/data/alice/ipardoza/hadronization_production/HF_RUN3_V1/raw/MONASH/hf_MONASH_job454.root
SIGMAB_COUNTS tag=MONASH species=Sigma*_b- pdg=5114 slice=eta_ge_2 p=22 a=30 file=/data/alice/ipardoza/hadronization_production/HF_RUN3_V1/raw/MONASH/hf_MONASH_job454.root
SIGMAB_COUNTS tag=MONASH species=Lambda_b0 pdg=5122 slice=all p=330 a=290 file=/data/alice/ipardoza/hadronization_production/HF_RUN3_V1/raw/MONASH/hf_MONASH_job454.root
SIGMAB_COUNTS tag=MONASH species=Lambda_b0 pdg=5122 slice=eta_lt_1 p=58 a=45 file=/data/alice/ipardoza/hadronization_production/HF_RUN3_V1/raw/MONASH/hf_MONASH_job454.root
SIGMAB_COUNTS tag=MONASH species=Lambda_b0 pdg=5122 slice=eta_1_2 p=64 a=60 file=/data/alice/ipardoza/hadronization_production/HF_RUN3_V1/raw/MONASH/hf_MONASH_job454.root
SIGMAB_COUNTS tag=MONASH species=Lambda_b0 pdg=5122 slice=eta_ge_2 p=208 a=185 file=/data/alice/ipardoza/hadronization_production/HF_RUN3_V1/raw/MONASH/hf_MONASH_job454.root
SIGMAB_COUNTS tag=MONASH species=Xi_b0 pdg=5232 slice=all p=46 a=65 file=/data/alice/ipardoza/hadronization_production/HF_RUN3_V1/raw/MONASH/hf_MONASH_job454.root
SIGMAB_COUNTS tag=MONASH species=Xi_b0 pdg=5232 slice=eta_lt_1 p=12 a=5 file=/data/alice/ipardoza/hadronization_production/HF_RUN3_V1/raw/MONASH/hf_MONASH_job454.root
SIGMAB_COUNTS tag=MONASH species=Xi_b0 pdg=5232 slice=eta_1_2 p=11 a=18 file=/data/alice/ipardoza/hadronization_production/HF_RUN3_V1/raw/MONASH/hf_MONASH_job454.root
SIGMAB_COUNTS tag=MONASH species=Xi_b0 pdg=5232 slice=eta_ge_2 p=23 a=42 file=/data/alice/ipardoza/hadronization_production/HF_RUN3_V1/raw/MONASH/hf_MONASH_job454.root
SIGMAB_COUNTS tag=MONASH species=Xi_b- pdg=5132 slice=all p=55 a=58 file=/data/alice/ipardoza/hadronization_production/HF_RUN3_V1/raw/MONASH/hf_MONASH_job454.root
SIGMAB_COUNTS tag=MONASH species=Xi_b- pdg=5132 slice=eta_lt_1 p=14 a=11 file=/data/alice/ipardoza/hadronization_production/HF_RUN3_V1/raw/MONASH/hf_MONASH_job454.root
SIGMAB_COUNTS tag=MONASH species=Xi_b- pdg=5132 slice=eta_1_2 p=9 a=13 file=/data/alice/ipardoza/hadronization_production/HF_RUN3_V1/raw/MONASH/hf_MONASH_job454.root
SIGMAB_COUNTS tag=MONASH species=Xi_b- pdg=5132 slice=eta_ge_2 p=32 a=34 file=/data/alice/ipardoza/hadronization_production/HF_RUN3_V1/raw/MONASH/hf_MONASH_job454.root
SIGMAB_COUNTS tag=MONASH species=Sigma_b+ pdg=5222 slice=all p=41 a=18 file=/data/alice/ipardoza/hadronization_production/HF_RUN3_V1/raw/MONASH/hf_MONASH_job455.root
SIGMAB_COUNTS tag=MONASH species=Sigma_b+ pdg=5222 slice=eta_lt_1 p=5 a=3 file=/data/alice/ipardoza/hadronization_production/HF_RUN3_V1/raw/MONASH/hf_MONASH_job455.root
SIGMAB_COUNTS tag=MONASH species=Sigma_b+ pdg=5222 slice=eta_1_2 p=3 a=4 file=/data/alice/ipardoza/hadronization_production/HF_RUN3_V1/raw/MONASH/hf_MONASH_job455.root
SIGMAB_COUNTS tag=MONASH species=Sigma_b+ pdg=5222 slice=eta_ge_2 p=33 a=11 file=/data/alice/ipardoza/hadronization_production/HF_RUN3_V1/raw/MONASH/hf_MONASH_job455.root
SIGMAB_COUNTS tag=MONASH species=Sigma_b0 pdg=5212 slice=all p=36 a=17 file=/data/alice/ipardoza/hadronization_production/HF_RUN3_V1/raw/MONASH/hf_MONASH_job455.root
SIGMAB_COUNTS tag=MONASH species=Sigma_b0 pdg=5212 slice=eta_lt_1 p=5 a=1 file=/data/alice/ipardoza/hadronization_production/HF_RUN3_V1/raw/MONASH/hf_MONASH_job455.root
SIGMAB_COUNTS tag=MONASH species=Sigma_b0 pdg=5212 slice=eta_1_2 p=10 a=6 file=/data/alice/ipardoza/hadronization_production/HF_RUN3_V1/raw/MONASH/hf_MONASH_job455.root
SIGMAB_COUNTS tag=MONASH species=Sigma_b0 pdg=5212 slice=eta_ge_2 p=21 a=10 file=/data/alice/ipardoza/hadronization_production/HF_RUN3_V1/raw/MONASH/hf_MONASH_job455.root
SIGMAB_COUNTS tag=MONASH species=Sigma_b- pdg=5112 slice=all p=42 a=31 file=/data/alice/ipardoza/hadronization_production/HF_RUN3_V1/raw/MONASH/hf_MONASH_job455.root
SIGMAB_COUNTS tag=MONASH species=Sigma_b- pdg=5112 slice=eta_lt_1 p=8 a=7 file=/data/alice/ipardoza/hadronization_production/HF_RUN3_V1/raw/MONASH/hf_MONASH_job455.root
SIGMAB_COUNTS tag=MONASH species=Sigma_b- pdg=5112 slice=eta_1_2 p=8 a=7 file=/data/alice/ipardoza/hadronization_production/HF_RUN3_V1/raw/MONASH/hf_MONASH_job455.root
SIGMAB_COUNTS tag=MONASH species=Sigma_b- pdg=5112 slice=eta_ge_2 p=26 a=17 file=/data/alice/ipardoza/hadronization_production/HF_RUN3_V1/raw/MONASH/hf_MONASH_job455.root
SIGMAB_COUNTS tag=MONASH species=Sigma*_b+ pdg=5224 slice=all p=50 a=42 file=/data/alice/ipardoza/hadronization_production/HF_RUN3_V1/raw/MONASH/hf_MONASH_job455.root
SIGMAB_COUNTS tag=MONASH species=Sigma*_b+ pdg=5224 slice=eta_lt_1 p=6 a=4 file=/data/alice/ipardoza/hadronization_production/HF_RUN3_V1/raw/MONASH/hf_MONASH_job455.root
SIGMAB_COUNTS tag=MONASH species=Sigma*_b+ pdg=5224 slice=eta_1_2 p=9 a=13 file=/data/alice/ipardoza/hadronization_production/HF_RUN3_V1/raw/MONASH/hf_MONASH_job455.root
SIGMAB_COUNTS tag=MONASH species=Sigma*_b+ pdg=5224 slice=eta_ge_2 p=35 a=25 file=/data/alice/ipardoza/hadronization_production/HF_RUN3_V1/raw/MONASH/hf_MONASH_job455.root
SIGMAB_COUNTS tag=MONASH species=Sigma*_b0 pdg=5214 slice=all p=43 a=40 file=/data/alice/ipardoza/hadronization_production/HF_RUN3_V1/raw/MONASH/hf_MONASH_job455.root
SIGMAB_COUNTS tag=MONASH species=Sigma*_b0 pdg=5214 slice=eta_lt_1 p=10 a=10 file=/data/alice/ipardoza/hadronization_production/HF_RUN3_V1/raw/MONASH/hf_MONASH_job455.root
SIGMAB_COUNTS tag=MONASH species=Sigma*_b0 pdg=5214 slice=eta_1_2 p=9 a=7 file=/data/alice/ipardoza/hadronization_production/HF_RUN3_V1/raw/MONASH/hf_MONASH_job455.root
SIGMAB_COUNTS tag=MONASH species=Sigma*_b0 pdg=5214 slice=eta_ge_2 p=24 a=23 file=/data/alice/ipardoza/hadronization_production/HF_RUN3_V1/raw/MONASH/hf_MONASH_job455.root
SIGMAB_COUNTS tag=MONASH species=Sigma*_b- pdg=5114 slice=all p=54 a=39 file=/data/alice/ipardoza/hadronization_production/HF_RUN3_V1/raw/MONASH/hf_MONASH_job455.root
SIGMAB_COUNTS tag=MONASH species=Sigma*_b- pdg=5114 slice=eta_lt_1 p=10 a=6 file=/data/alice/ipardoza/hadronization_production/HF_RUN3_V1/raw/MONASH/hf_MONASH_job455.root
SIGMAB_COUNTS tag=MONASH species=Sigma*_b- pdg=5114 slice=eta_1_2 p=9 a=8 file=/data/alice/ipardoza/hadronization_production/HF_RUN3_V1/raw/MONASH/hf_MONASH_job455.root
SIGMAB_COUNTS tag=MONASH species=Sigma*_b- pdg=5114 slice=eta_ge_2 p=35 a=25 file=/data/alice/ipardoza/hadronization_production/HF_RUN3_V1/raw/MONASH/hf_MONASH_job455.root
SIGMAB_COUNTS tag=MONASH species=Lambda_b0 pdg=5122 slice=all p=328 a=305 file=/data/alice/ipardoza/hadronization_production/HF_RUN3_V1/raw/MONASH/hf_MONASH_job455.root
SIGMAB_COUNTS tag=MONASH species=Lambda_b0 pdg=5122 slice=eta_lt_1 p=62 a=62 file=/data/alice/ipardoza/hadronization_production/HF_RUN3_V1/raw/MONASH/hf_MONASH_job455.root
SIGMAB_COUNTS tag=MONASH species=Lambda_b0 pdg=5122 slice=eta_1_2 p=79 a=69 file=/data/alice/ipardoza/hadronization_production/HF_RUN3_V1/raw/MONASH/hf_MONASH_job455.root
SIGMAB_COUNTS tag=MONASH species=Lambda_b0 pdg=5122 slice=eta_ge_2 p=187 a=174 file=/data/alice/ipardoza/hadronization_production/HF_RUN3_V1/raw/MONASH/hf_MONASH_job455.root
SIGMAB_COUNTS tag=MONASH species=Xi_b0 pdg=5232 slice=all p=66 a=55 file=/data/alice/ipardoza/hadronization_production/HF_RUN3_V1/raw/MONASH/hf_MONASH_job455.root
SIGMAB_COUNTS tag=MONASH species=Xi_b0 pdg=5232 slice=eta_lt_1 p=14 a=16 file=/data/alice/ipardoza/hadronization_production/HF_RUN3_V1/raw/MONASH/hf_MONASH_job455.root
SIGMAB_COUNTS tag=MONASH species=Xi_b0 pdg=5232 slice=eta_1_2 p=14 a=6 file=/data/alice/ipardoza/hadronization_production/HF_RUN3_V1/raw/MONASH/hf_MONASH_job455.root
SIGMAB_COUNTS tag=MONASH species=Xi_b0 pdg=5232 slice=eta_ge_2 p=38 a=33 file=/data/alice/ipardoza/hadronization_production/HF_RUN3_V1/raw/MONASH/hf_MONASH_job455.root
SIGMAB_COUNTS tag=MONASH species=Xi_b- pdg=5132 slice=all p=59 a=56 file=/data/alice/ipardoza/hadronization_production/HF_RUN3_V1/raw/MONASH/hf_MONASH_job455.root
SIGMAB_COUNTS tag=MONASH species=Xi_b- pdg=5132 slice=eta_lt_1 p=16 a=6 file=/data/alice/ipardoza/hadronization_production/HF_RUN3_V1/raw/MONASH/hf_MONASH_job455.root
SIGMAB_COUNTS tag=MONASH species=Xi_b- pdg=5132 slice=eta_1_2 p=12 a=10 file=/data/alice/ipardoza/hadronization_production/HF_RUN3_V1/raw/MONASH/hf_MONASH_job455.root
SIGMAB_COUNTS tag=MONASH species=Xi_b- pdg=5132 slice=eta_ge_2 p=31 a=40 file=/data/alice/ipardoza/hadronization_production/HF_RUN3_V1/raw/MONASH/hf_MONASH_job455.root
SIGMAB_COUNTS tag=MONASH species=Sigma_b+ pdg=5222 slice=all p=33 a=18 file=/data/alice/ipardoza/hadronization_production/HF_RUN3_V1/raw/MONASH/hf_MONASH_job456.root
SIGMAB_COUNTS tag=MONASH species=Sigma_b+ pdg=5222 slice=eta_lt_1 p=8 a=6 file=/data/alice/ipardoza/hadronization_production/HF_RUN3_V1/raw/MONASH/hf_MONASH_job456.root
SIGMAB_COUNTS tag=MONASH species=Sigma_b+ pdg=5222 slice=eta_1_2 p=7 a=3 file=/data/alice/ipardoza/hadronization_production/HF_RUN3_V1/raw/MONASH/hf_MONASH_job456.root
SIGMAB_COUNTS tag=MONASH species=Sigma_b+ pdg=5222 slice=eta_ge_2 p=18 a=9 file=/data/alice/ipardoza/hadronization_production/HF_RUN3_V1/raw/MONASH/hf_MONASH_job456.root
SIGMAB_COUNTS tag=MONASH species=Sigma_b0 pdg=5212 slice=all p=39 a=26 file=/data/alice/ipardoza/hadronization_production/HF_RUN3_V1/raw/MONASH/hf_MONASH_job456.root
SIGMAB_COUNTS tag=MONASH species=Sigma_b0 pdg=5212 slice=eta_lt_1 p=9 a=5 file=/data/alice/ipardoza/hadronization_production/HF_RUN3_V1/raw/MONASH/hf_MONASH_job456.root
SIGMAB_COUNTS tag=MONASH species=Sigma_b0 pdg=5212 slice=eta_1_2 p=6 a=3 file=/data/alice/ipardoza/hadronization_production/HF_RUN3_V1/raw/MONASH/hf_MONASH_job456.root
SIGMAB_COUNTS tag=MONASH species=Sigma_b0 pdg=5212 slice=eta_ge_2 p=24 a=18 file=/data/alice/ipardoza/hadronization_production/HF_RUN3_V1/raw/MONASH/hf_MONASH_job456.root
SIGMAB_COUNTS tag=MONASH species=Sigma_b- pdg=5112 slice=all p=34 a=12 file=/data/alice/ipardoza/hadronization_production/HF_RUN3_V1/raw/MONASH/hf_MONASH_job456.root
SIGMAB_COUNTS tag=MONASH species=Sigma_b- pdg=5112 slice=eta_lt_1 p=6 a=4 file=/data/alice/ipardoza/hadronization_production/HF_RUN3_V1/raw/MONASH/hf_MONASH_job456.root
SIGMAB_COUNTS tag=MONASH species=Sigma_b- pdg=5112 slice=eta_1_2 p=8 a=0 file=/data/alice/ipardoza/hadronization_production/HF_RUN3_V1/raw/MONASH/hf_MONASH_job456.root
SIGMAB_COUNTS tag=MONASH species=Sigma_b- pdg=5112 slice=eta_ge_2 p=20 a=8 file=/data/alice/ipardoza/hadronization_production/HF_RUN3_V1/raw/MONASH/hf_MONASH_job456.root
SIGMAB_COUNTS tag=MONASH species=Sigma*_b+ pdg=5224 slice=all p=44 a=49 file=/data/alice/ipardoza/hadronization_production/HF_RUN3_V1/raw/MONASH/hf_MONASH_job456.root
SIGMAB_COUNTS tag=MONASH species=Sigma*_b+ pdg=5224 slice=eta_lt_1 p=7 a=12 file=/data/alice/ipardoza/hadronization_production/HF_RUN3_V1/raw/MONASH/hf_MONASH_job456.root
SIGMAB_COUNTS tag=MONASH species=Sigma*_b+ pdg=5224 slice=eta_1_2 p=7 a=16 file=/data/alice/ipardoza/hadronization_production/HF_RUN3_V1/raw/MONASH/hf_MONASH_job456.root
SIGMAB_COUNTS tag=MONASH species=Sigma*_b+ pdg=5224 slice=eta_ge_2 p=30 a=21 file=/data/alice/ipardoza/hadronization_production/HF_RUN3_V1/raw/MONASH/hf_MONASH_job456.root
SIGMAB_COUNTS tag=MONASH species=Sigma*_b0 pdg=5214 slice=all p=58 a=43 file=/data/alice/ipardoza/hadronization_production/HF_RUN3_V1/raw/MONASH/hf_MONASH_job456.root
SIGMAB_COUNTS tag=MONASH species=Sigma*_b0 pdg=5214 slice=eta_lt_1 p=11 a=9 file=/data/alice/ipardoza/hadronization_production/HF_RUN3_V1/raw/MONASH/hf_MONASH_job456.root
SIGMAB_COUNTS tag=MONASH species=Sigma*_b0 pdg=5214 slice=eta_1_2 p=11 a=6 file=/data/alice/ipardoza/hadronization_production/HF_RUN3_V1/raw/MONASH/hf_MONASH_job456.root
SIGMAB_COUNTS tag=MONASH species=Sigma*_b0 pdg=5214 slice=eta_ge_2 p=36 a=28 file=/data/alice/ipardoza/hadronization_production/HF_RUN3_V1/raw/MONASH/hf_MONASH_job456.root
SIGMAB_COUNTS tag=MONASH species=Sigma*_b- pdg=5114 slice=all p=52 a=33 file=/data/alice/ipardoza/hadronization_production/HF_RUN3_V1/raw/MONASH/hf_MONASH_job456.root
SIGMAB_COUNTS tag=MONASH species=Sigma*_b- pdg=5114 slice=eta_lt_1 p=10 a=5 file=/data/alice/ipardoza/hadronization_production/HF_RUN3_V1/raw/MONASH/hf_MONASH_job456.root
SIGMAB_COUNTS tag=MONASH species=Sigma*_b- pdg=5114 slice=eta_1_2 p=11 a=6 file=/data/alice/ipardoza/hadronization_production/HF_RUN3_V1/raw/MONASH/hf_MONASH_job456.root
SIGMAB_COUNTS tag=MONASH species=Sigma*_b- pdg=5114 slice=eta_ge_2 p=31 a=22 file=/data/alice/ipardoza/hadronization_production/HF_RUN3_V1/raw/MONASH/hf_MONASH_job456.root
SIGMAB_COUNTS tag=MONASH species=Lambda_b0 pdg=5122 slice=all p=332 a=319 file=/data/alice/ipardoza/hadronization_production/HF_RUN3_V1/raw/MONASH/hf_MONASH_job456.root
SIGMAB_COUNTS tag=MONASH species=Lambda_b0 pdg=5122 slice=eta_lt_1 p=60 a=51 file=/data/alice/ipardoza/hadronization_production/HF_RUN3_V1/raw/MONASH/hf_MONASH_job456.root
SIGMAB_COUNTS tag=MONASH species=Lambda_b0 pdg=5122 slice=eta_1_2 p=68 a=69 file=/data/alice/ipardoza/hadronization_production/HF_RUN3_V1/raw/MONASH/hf_MONASH_job456.root
SIGMAB_COUNTS tag=MONASH species=Lambda_b0 pdg=5122 slice=eta_ge_2 p=204 a=199 file=/data/alice/ipardoza/hadronization_production/HF_RUN3_V1/raw/MONASH/hf_MONASH_job456.root
SIGMAB_COUNTS tag=MONASH species=Xi_b0 pdg=5232 slice=all p=66 a=56 file=/data/alice/ipardoza/hadronization_production/HF_RUN3_V1/raw/MONASH/hf_MONASH_job456.root
SIGMAB_COUNTS tag=MONASH species=Xi_b0 pdg=5232 slice=eta_lt_1 p=18 a=9 file=/data/alice/ipardoza/hadronization_production/HF_RUN3_V1/raw/MONASH/hf_MONASH_job456.root
SIGMAB_COUNTS tag=MONASH species=Xi_b0 pdg=5232 slice=eta_1_2 p=13 a=9 file=/data/alice/ipardoza/hadronization_production/HF_RUN3_V1/raw/MONASH/hf_MONASH_job456.root
SIGMAB_COUNTS tag=MONASH species=Xi_b0 pdg=5232 slice=eta_ge_2 p=35 a=38 file=/data/alice/ipardoza/hadronization_production/HF_RUN3_V1/raw/MONASH/hf_MONASH_job456.root
SIGMAB_COUNTS tag=MONASH species=Xi_b- pdg=5132 slice=all p=59 a=55 file=/data/alice/ipardoza/hadronization_production/HF_RUN3_V1/raw/MONASH/hf_MONASH_job456.root
SIGMAB_COUNTS tag=MONASH species=Xi_b- pdg=5132 slice=eta_lt_1 p=15 a=10 file=/data/alice/ipardoza/hadronization_production/HF_RUN3_V1/raw/MONASH/hf_MONASH_job456.root
SIGMAB_COUNTS tag=MONASH species=Xi_b- pdg=5132 slice=eta_1_2 p=15 a=13 file=/data/alice/ipardoza/hadronization_production/HF_RUN3_V1/raw/MONASH/hf_MONASH_job456.root
SIGMAB_COUNTS tag=MONASH species=Xi_b- pdg=5132 slice=eta_ge_2 p=29 a=32 file=/data/alice/ipardoza/hadronization_production/HF_RUN3_V1/raw/MONASH/hf_MONASH_job456.root
SIGMAB_COUNTS tag=MONASH species=Sigma_b+ pdg=5222 slice=all p=39 a=20 file=/data/alice/ipardoza/hadronization_production/HF_RUN3_V1/raw/MONASH/hf_MONASH_job457.root
SIGMAB_COUNTS tag=MONASH species=Sigma_b+ pdg=5222 slice=eta_lt_1 p=3 a=3 file=/data/alice/ipardoza/hadronization_production/HF_RUN3_V1/raw/MONASH/hf_MONASH_job457.root
SIGMAB_COUNTS tag=MONASH species=Sigma_b+ pdg=5222 slice=eta_1_2 p=7 a=5 file=/data/alice/ipardoza/hadronization_production/HF_RUN3_V1/raw/MONASH/hf_MONASH_job457.root
SIGMAB_COUNTS tag=MONASH species=Sigma_b+ pdg=5222 slice=eta_ge_2 p=29 a=12 file=/data/alice/ipardoza/hadronization_production/HF_RUN3_V1/raw/MONASH/hf_MONASH_job457.root
SIGMAB_COUNTS tag=MONASH species=Sigma_b0 pdg=5212 slice=all p=43 a=18 file=/data/alice/ipardoza/hadronization_production/HF_RUN3_V1/raw/MONASH/hf_MONASH_job457.root
SIGMAB_COUNTS tag=MONASH species=Sigma_b0 pdg=5212 slice=eta_lt_1 p=5 a=2 file=/data/alice/ipardoza/hadronization_production/HF_RUN3_V1/raw/MONASH/hf_MONASH_job457.root
SIGMAB_COUNTS tag=MONASH species=Sigma_b0 pdg=5212 slice=eta_1_2 p=10 a=5 file=/data/alice/ipardoza/hadronization_production/HF_RUN3_V1/raw/MONASH/hf_MONASH_job457.root
SIGMAB_COUNTS tag=MONASH species=Sigma_b0 pdg=5212 slice=eta_ge_2 p=28 a=11 file=/data/alice/ipardoza/hadronization_production/HF_RUN3_V1/raw/MONASH/hf_MONASH_job457.root
SIGMAB_COUNTS tag=MONASH species=Sigma_b- pdg=5112 slice=all p=27 a=20 file=/data/alice/ipardoza/hadronization_production/HF_RUN3_V1/raw/MONASH/hf_MONASH_job457.root
SIGMAB_COUNTS tag=MONASH species=Sigma_b- pdg=5112 slice=eta_lt_1 p=5 a=6 file=/data/alice/ipardoza/hadronization_production/HF_RUN3_V1/raw/MONASH/hf_MONASH_job457.root
SIGMAB_COUNTS tag=MONASH species=Sigma_b- pdg=5112 slice=eta_1_2 p=4 a=5 file=/data/alice/ipardoza/hadronization_production/HF_RUN3_V1/raw/MONASH/hf_MONASH_job457.root
SIGMAB_COUNTS tag=MONASH species=Sigma_b- pdg=5112 slice=eta_ge_2 p=18 a=9 file=/data/alice/ipardoza/hadronization_production/HF_RUN3_V1/raw/MONASH/hf_MONASH_job457.root
SIGMAB_COUNTS tag=MONASH species=Sigma*_b+ pdg=5224 slice=all p=54 a=47 file=/data/alice/ipardoza/hadronization_production/HF_RUN3_V1/raw/MONASH/hf_MONASH_job457.root
SIGMAB_COUNTS tag=MONASH species=Sigma*_b+ pdg=5224 slice=eta_lt_1 p=10 a=6 file=/data/alice/ipardoza/hadronization_production/HF_RUN3_V1/raw/MONASH/hf_MONASH_job457.root
SIGMAB_COUNTS tag=MONASH species=Sigma*_b+ pdg=5224 slice=eta_1_2 p=9 a=11 file=/data/alice/ipardoza/hadronization_production/HF_RUN3_V1/raw/MONASH/hf_MONASH_job457.root
SIGMAB_COUNTS tag=MONASH species=Sigma*_b+ pdg=5224 slice=eta_ge_2 p=35 a=30 file=/data/alice/ipardoza/hadronization_production/HF_RUN3_V1/raw/MONASH/hf_MONASH_job457.root
SIGMAB_COUNTS tag=MONASH species=Sigma*_b0 pdg=5214 slice=all p=61 a=48 file=/data/alice/ipardoza/hadronization_production/HF_RUN3_V1/raw/MONASH/hf_MONASH_job457.root
SIGMAB_COUNTS tag=MONASH species=Sigma*_b0 pdg=5214 slice=eta_lt_1 p=12 a=13 file=/data/alice/ipardoza/hadronization_production/HF_RUN3_V1/raw/MONASH/hf_MONASH_job457.root
SIGMAB_COUNTS tag=MONASH species=Sigma*_b0 pdg=5214 slice=eta_1_2 p=15 a=9 file=/data/alice/ipardoza/hadronization_production/HF_RUN3_V1/raw/MONASH/hf_MONASH_job457.root
SIGMAB_COUNTS tag=MONASH species=Sigma*_b0 pdg=5214 slice=eta_ge_2 p=34 a=26 file=/data/alice/ipardoza/hadronization_production/HF_RUN3_V1/raw/MONASH/hf_MONASH_job457.root
SIGMAB_COUNTS tag=MONASH species=Sigma*_b- pdg=5114 slice=all p=50 a=54 file=/data/alice/ipardoza/hadronization_production/HF_RUN3_V1/raw/MONASH/hf_MONASH_job457.root
SIGMAB_COUNTS tag=MONASH species=Sigma*_b- pdg=5114 slice=eta_lt_1 p=5 a=9 file=/data/alice/ipardoza/hadronization_production/HF_RUN3_V1/raw/MONASH/hf_MONASH_job457.root
SIGMAB_COUNTS tag=MONASH species=Sigma*_b- pdg=5114 slice=eta_1_2 p=10 a=15 file=/data/alice/ipardoza/hadronization_production/HF_RUN3_V1/raw/MONASH/hf_MONASH_job457.root
SIGMAB_COUNTS tag=MONASH species=Sigma*_b- pdg=5114 slice=eta_ge_2 p=35 a=30 file=/data/alice/ipardoza/hadronization_production/HF_RUN3_V1/raw/MONASH/hf_MONASH_job457.root
SIGMAB_COUNTS tag=MONASH species=Lambda_b0 pdg=5122 slice=all p=316 a=304 file=/data/alice/ipardoza/hadronization_production/HF_RUN3_V1/raw/MONASH/hf_MONASH_job457.root
SIGMAB_COUNTS tag=MONASH species=Lambda_b0 pdg=5122 slice=eta_lt_1 p=57 a=44 file=/data/alice/ipardoza/hadronization_production/HF_RUN3_V1/raw/MONASH/hf_MONASH_job457.root
SIGMAB_COUNTS tag=MONASH species=Lambda_b0 pdg=5122 slice=eta_1_2 p=73 a=66 file=/data/alice/ipardoza/hadronization_production/HF_RUN3_V1/raw/MONASH/hf_MONASH_job457.root
SIGMAB_COUNTS tag=MONASH species=Lambda_b0 pdg=5122 slice=eta_ge_2 p=186 a=194 file=/data/alice/ipardoza/hadronization_production/HF_RUN3_V1/raw/MONASH/hf_MONASH_job457.root
SIGMAB_COUNTS tag=MONASH species=Xi_b0 pdg=5232 slice=all p=60 a=49 file=/data/alice/ipardoza/hadronization_production/HF_RUN3_V1/raw/MONASH/hf_MONASH_job457.root
SIGMAB_COUNTS tag=MONASH species=Xi_b0 pdg=5232 slice=eta_lt_1 p=7 a=13 file=/data/alice/ipardoza/hadronization_production/HF_RUN3_V1/raw/MONASH/hf_MONASH_job457.root
SIGMAB_COUNTS tag=MONASH species=Xi_b0 pdg=5232 slice=eta_1_2 p=15 a=7 file=/data/alice/ipardoza/hadronization_production/HF_RUN3_V1/raw/MONASH/hf_MONASH_job457.root
SIGMAB_COUNTS tag=MONASH species=Xi_b0 pdg=5232 slice=eta_ge_2 p=38 a=29 file=/data/alice/ipardoza/hadronization_production/HF_RUN3_V1/raw/MONASH/hf_MONASH_job457.root
SIGMAB_COUNTS tag=MONASH species=Xi_b- pdg=5132 slice=all p=45 a=52 file=/data/alice/ipardoza/hadronization_production/HF_RUN3_V1/raw/MONASH/hf_MONASH_job457.root
SIGMAB_COUNTS tag=MONASH species=Xi_b- pdg=5132 slice=eta_lt_1 p=5 a=10 file=/data/alice/ipardoza/hadronization_production/HF_RUN3_V1/raw/MONASH/hf_MONASH_job457.root
SIGMAB_COUNTS tag=MONASH species=Xi_b- pdg=5132 slice=eta_1_2 p=13 a=10 file=/data/alice/ipardoza/hadronization_production/HF_RUN3_V1/raw/MONASH/hf_MONASH_job457.root
SIGMAB_COUNTS tag=MONASH species=Xi_b- pdg=5132 slice=eta_ge_2 p=27 a=32 file=/data/alice/ipardoza/hadronization_production/HF_RUN3_V1/raw/MONASH/hf_MONASH_job457.root
SIGMAB_COUNTS tag=MONASH species=Sigma_b+ pdg=5222 slice=all p=39 a=26 file=/data/alice/ipardoza/hadronization_production/HF_RUN3_V1/raw/MONASH/hf_MONASH_job458.root
SIGMAB_COUNTS tag=MONASH species=Sigma_b+ pdg=5222 slice=eta_lt_1 p=10 a=5 file=/data/alice/ipardoza/hadronization_production/HF_RUN3_V1/raw/MONASH/hf_MONASH_job458.root
SIGMAB_COUNTS tag=MONASH species=Sigma_b+ pdg=5222 slice=eta_1_2 p=4 a=8 file=/data/alice/ipardoza/hadronization_production/HF_RUN3_V1/raw/MONASH/hf_MONASH_job458.root
SIGMAB_COUNTS tag=MONASH species=Sigma_b+ pdg=5222 slice=eta_ge_2 p=25 a=13 file=/data/alice/ipardoza/hadronization_production/HF_RUN3_V1/raw/MONASH/hf_MONASH_job458.root
SIGMAB_COUNTS tag=MONASH species=Sigma_b0 pdg=5212 slice=all p=29 a=24 file=/data/alice/ipardoza/hadronization_production/HF_RUN3_V1/raw/MONASH/hf_MONASH_job458.root
SIGMAB_COUNTS tag=MONASH species=Sigma_b0 pdg=5212 slice=eta_lt_1 p=2 a=5 file=/data/alice/ipardoza/hadronization_production/HF_RUN3_V1/raw/MONASH/hf_MONASH_job458.root
SIGMAB_COUNTS tag=MONASH species=Sigma_b0 pdg=5212 slice=eta_1_2 p=9 a=3 file=/data/alice/ipardoza/hadronization_production/HF_RUN3_V1/raw/MONASH/hf_MONASH_job458.root
SIGMAB_COUNTS tag=MONASH species=Sigma_b0 pdg=5212 slice=eta_ge_2 p=18 a=16 file=/data/alice/ipardoza/hadronization_production/HF_RUN3_V1/raw/MONASH/hf_MONASH_job458.root
SIGMAB_COUNTS tag=MONASH species=Sigma_b- pdg=5112 slice=all p=33 a=24 file=/data/alice/ipardoza/hadronization_production/HF_RUN3_V1/raw/MONASH/hf_MONASH_job458.root
SIGMAB_COUNTS tag=MONASH species=Sigma_b- pdg=5112 slice=eta_lt_1 p=7 a=6 file=/data/alice/ipardoza/hadronization_production/HF_RUN3_V1/raw/MONASH/hf_MONASH_job458.root
SIGMAB_COUNTS tag=MONASH species=Sigma_b- pdg=5112 slice=eta_1_2 p=5 a=5 file=/data/alice/ipardoza/hadronization_production/HF_RUN3_V1/raw/MONASH/hf_MONASH_job458.root
SIGMAB_COUNTS tag=MONASH species=Sigma_b- pdg=5112 slice=eta_ge_2 p=21 a=13 file=/data/alice/ipardoza/hadronization_production/HF_RUN3_V1/raw/MONASH/hf_MONASH_job458.root
SIGMAB_COUNTS tag=MONASH species=Sigma*_b+ pdg=5224 slice=all p=63 a=44 file=/data/alice/ipardoza/hadronization_production/HF_RUN3_V1/raw/MONASH/hf_MONASH_job458.root
SIGMAB_COUNTS tag=MONASH species=Sigma*_b+ pdg=5224 slice=eta_lt_1 p=12 a=6 file=/data/alice/ipardoza/hadronization_production/HF_RUN3_V1/raw/MONASH/hf_MONASH_job458.root
SIGMAB_COUNTS tag=MONASH species=Sigma*_b+ pdg=5224 slice=eta_1_2 p=10 a=9 file=/data/alice/ipardoza/hadronization_production/HF_RUN3_V1/raw/MONASH/hf_MONASH_job458.root
SIGMAB_COUNTS tag=MONASH species=Sigma*_b+ pdg=5224 slice=eta_ge_2 p=41 a=29 file=/data/alice/ipardoza/hadronization_production/HF_RUN3_V1/raw/MONASH/hf_MONASH_job458.root
SIGMAB_COUNTS tag=MONASH species=Sigma*_b0 pdg=5214 slice=all p=48 a=46 file=/data/alice/ipardoza/hadronization_production/HF_RUN3_V1/raw/MONASH/hf_MONASH_job458.root
SIGMAB_COUNTS tag=MONASH species=Sigma*_b0 pdg=5214 slice=eta_lt_1 p=8 a=6 file=/data/alice/ipardoza/hadronization_production/HF_RUN3_V1/raw/MONASH/hf_MONASH_job458.root
SIGMAB_COUNTS tag=MONASH species=Sigma*_b0 pdg=5214 slice=eta_1_2 p=10 a=7 file=/data/alice/ipardoza/hadronization_production/HF_RUN3_V1/raw/MONASH/hf_MONASH_job458.root
SIGMAB_COUNTS tag=MONASH species=Sigma*_b0 pdg=5214 slice=eta_ge_2 p=30 a=33 file=/data/alice/ipardoza/hadronization_production/HF_RUN3_V1/raw/MONASH/hf_MONASH_job458.root
SIGMAB_COUNTS tag=MONASH species=Sigma*_b- pdg=5114 slice=all p=44 a=26 file=/data/alice/ipardoza/hadronization_production/HF_RUN3_V1/raw/MONASH/hf_MONASH_job458.root
SIGMAB_COUNTS tag=MONASH species=Sigma*_b- pdg=5114 slice=eta_lt_1 p=7 a=5 file=/data/alice/ipardoza/hadronization_production/HF_RUN3_V1/raw/MONASH/hf_MONASH_job458.root
SIGMAB_COUNTS tag=MONASH species=Sigma*_b- pdg=5114 slice=eta_1_2 p=7 a=5 file=/data/alice/ipardoza/hadronization_production/HF_RUN3_V1/raw/MONASH/hf_MONASH_job458.root
SIGMAB_COUNTS tag=MONASH species=Sigma*_b- pdg=5114 slice=eta_ge_2 p=30 a=16 file=/data/alice/ipardoza/hadronization_production/HF_RUN3_V1/raw/MONASH/hf_MONASH_job458.root
SIGMAB_COUNTS tag=MONASH species=Lambda_b0 pdg=5122 slice=all p=326 a=265 file=/data/alice/ipardoza/hadronization_production/HF_RUN3_V1/raw/MONASH/hf_MONASH_job458.root
SIGMAB_COUNTS tag=MONASH species=Lambda_b0 pdg=5122 slice=eta_lt_1 p=62 a=54 file=/data/alice/ipardoza/hadronization_production/HF_RUN3_V1/raw/MONASH/hf_MONASH_job458.root
SIGMAB_COUNTS tag=MONASH species=Lambda_b0 pdg=5122 slice=eta_1_2 p=81 a=57 file=/data/alice/ipardoza/hadronization_production/HF_RUN3_V1/raw/MONASH/hf_MONASH_job458.root
SIGMAB_COUNTS tag=MONASH species=Lambda_b0 pdg=5122 slice=eta_ge_2 p=183 a=154 file=/data/alice/ipardoza/hadronization_production/HF_RUN3_V1/raw/MONASH/hf_MONASH_job458.root
SIGMAB_COUNTS tag=MONASH species=Xi_b0 pdg=5232 slice=all p=35 a=61 file=/data/alice/ipardoza/hadronization_production/HF_RUN3_V1/raw/MONASH/hf_MONASH_job458.root
SIGMAB_COUNTS tag=MONASH species=Xi_b0 pdg=5232 slice=eta_lt_1 p=8 a=14 file=/data/alice/ipardoza/hadronization_production/HF_RUN3_V1/raw/MONASH/hf_MONASH_job458.root
SIGMAB_COUNTS tag=MONASH species=Xi_b0 pdg=5232 slice=eta_1_2 p=4 a=19 file=/data/alice/ipardoza/hadronization_production/HF_RUN3_V1/raw/MONASH/hf_MONASH_job458.root
SIGMAB_COUNTS tag=MONASH species=Xi_b0 pdg=5232 slice=eta_ge_2 p=23 a=28 file=/data/alice/ipardoza/hadronization_production/HF_RUN3_V1/raw/MONASH/hf_MONASH_job458.root
SIGMAB_COUNTS tag=MONASH species=Xi_b- pdg=5132 slice=all p=47 a=66 file=/data/alice/ipardoza/hadronization_production/HF_RUN3_V1/raw/MONASH/hf_MONASH_job458.root
SIGMAB_COUNTS tag=MONASH species=Xi_b- pdg=5132 slice=eta_lt_1 p=8 a=10 file=/data/alice/ipardoza/hadronization_production/HF_RUN3_V1/raw/MONASH/hf_MONASH_job458.root
SIGMAB_COUNTS tag=MONASH species=Xi_b- pdg=5132 slice=eta_1_2 p=7 a=11 file=/data/alice/ipardoza/hadronization_production/HF_RUN3_V1/raw/MONASH/hf_MONASH_job458.root
SIGMAB_COUNTS tag=MONASH species=Xi_b- pdg=5132 slice=eta_ge_2 p=32 a=45 file=/data/alice/ipardoza/hadronization_production/HF_RUN3_V1/raw/MONASH/hf_MONASH_job458.root
SIGMAB_COUNTS tag=MONASH species=Sigma_b+ pdg=5222 slice=all p=28 a=17 file=/data/alice/ipardoza/hadronization_production/HF_RUN3_V1/raw/MONASH/hf_MONASH_job459.root
SIGMAB_COUNTS tag=MONASH species=Sigma_b+ pdg=5222 slice=eta_lt_1 p=3 a=4 file=/data/alice/ipardoza/hadronization_production/HF_RUN3_V1/raw/MONASH/hf_MONASH_job459.root
SIGMAB_COUNTS tag=MONASH species=Sigma_b+ pdg=5222 slice=eta_1_2 p=5 a=3 file=/data/alice/ipardoza/hadronization_production/HF_RUN3_V1/raw/MONASH/hf_MONASH_job459.root
SIGMAB_COUNTS tag=MONASH species=Sigma_b+ pdg=5222 slice=eta_ge_2 p=20 a=10 file=/data/alice/ipardoza/hadronization_production/HF_RUN3_V1/raw/MONASH/hf_MONASH_job459.root
SIGMAB_COUNTS tag=MONASH species=Sigma_b0 pdg=5212 slice=all p=43 a=21 file=/data/alice/ipardoza/hadronization_production/HF_RUN3_V1/raw/MONASH/hf_MONASH_job459.root
SIGMAB_COUNTS tag=MONASH species=Sigma_b0 pdg=5212 slice=eta_lt_1 p=10 a=4 file=/data/alice/ipardoza/hadronization_production/HF_RUN3_V1/raw/MONASH/hf_MONASH_job459.root
SIGMAB_COUNTS tag=MONASH species=Sigma_b0 pdg=5212 slice=eta_1_2 p=9 a=6 file=/data/alice/ipardoza/hadronization_production/HF_RUN3_V1/raw/MONASH/hf_MONASH_job459.root
SIGMAB_COUNTS tag=MONASH species=Sigma_b0 pdg=5212 slice=eta_ge_2 p=24 a=11 file=/data/alice/ipardoza/hadronization_production/HF_RUN3_V1/raw/MONASH/hf_MONASH_job459.root
SIGMAB_COUNTS tag=MONASH species=Sigma_b- pdg=5112 slice=all p=40 a=17 file=/data/alice/ipardoza/hadronization_production/HF_RUN3_V1/raw/MONASH/hf_MONASH_job459.root
SIGMAB_COUNTS tag=MONASH species=Sigma_b- pdg=5112 slice=eta_lt_1 p=8 a=0 file=/data/alice/ipardoza/hadronization_production/HF_RUN3_V1/raw/MONASH/hf_MONASH_job459.root
SIGMAB_COUNTS tag=MONASH species=Sigma_b- pdg=5112 slice=eta_1_2 p=11 a=4 file=/data/alice/ipardoza/hadronization_production/HF_RUN3_V1/raw/MONASH/hf_MONASH_job459.root
SIGMAB_COUNTS tag=MONASH species=Sigma_b- pdg=5112 slice=eta_ge_2 p=21 a=13 file=/data/alice/ipardoza/hadronization_production/HF_RUN3_V1/raw/MONASH/hf_MONASH_job459.root
SIGMAB_COUNTS tag=MONASH species=Sigma*_b+ pdg=5224 slice=all p=47 a=48 file=/data/alice/ipardoza/hadronization_production/HF_RUN3_V1/raw/MONASH/hf_MONASH_job459.root
SIGMAB_COUNTS tag=MONASH species=Sigma*_b+ pdg=5224 slice=eta_lt_1 p=7 a=10 file=/data/alice/ipardoza/hadronization_production/HF_RUN3_V1/raw/MONASH/hf_MONASH_job459.root
SIGMAB_COUNTS tag=MONASH species=Sigma*_b+ pdg=5224 slice=eta_1_2 p=11 a=7 file=/data/alice/ipardoza/hadronization_production/HF_RUN3_V1/raw/MONASH/hf_MONASH_job459.root
SIGMAB_COUNTS tag=MONASH species=Sigma*_b+ pdg=5224 slice=eta_ge_2 p=29 a=31 file=/data/alice/ipardoza/hadronization_production/HF_RUN3_V1/raw/MONASH/hf_MONASH_job459.root
SIGMAB_COUNTS tag=MONASH species=Sigma*_b0 pdg=5214 slice=all p=52 a=35 file=/data/alice/ipardoza/hadronization_production/HF_RUN3_V1/raw/MONASH/hf_MONASH_job459.root
SIGMAB_COUNTS tag=MONASH species=Sigma*_b0 pdg=5214 slice=eta_lt_1 p=9 a=3 file=/data/alice/ipardoza/hadronization_production/HF_RUN3_V1/raw/MONASH/hf_MONASH_job459.root
SIGMAB_COUNTS tag=MONASH species=Sigma*_b0 pdg=5214 slice=eta_1_2 p=15 a=8 file=/data/alice/ipardoza/hadronization_production/HF_RUN3_V1/raw/MONASH/hf_MONASH_job459.root
SIGMAB_COUNTS tag=MONASH species=Sigma*_b0 pdg=5214 slice=eta_ge_2 p=28 a=24 file=/data/alice/ipardoza/hadronization_production/HF_RUN3_V1/raw/MONASH/hf_MONASH_job459.root
SIGMAB_COUNTS tag=MONASH species=Sigma*_b- pdg=5114 slice=all p=47 a=37 file=/data/alice/ipardoza/hadronization_production/HF_RUN3_V1/raw/MONASH/hf_MONASH_job459.root
SIGMAB_COUNTS tag=MONASH species=Sigma*_b- pdg=5114 slice=eta_lt_1 p=6 a=9 file=/data/alice/ipardoza/hadronization_production/HF_RUN3_V1/raw/MONASH/hf_MONASH_job459.root
SIGMAB_COUNTS tag=MONASH species=Sigma*_b- pdg=5114 slice=eta_1_2 p=12 a=11 file=/data/alice/ipardoza/hadronization_production/HF_RUN3_V1/raw/MONASH/hf_MONASH_job459.root
SIGMAB_COUNTS tag=MONASH species=Sigma*_b- pdg=5114 slice=eta_ge_2 p=29 a=17 file=/data/alice/ipardoza/hadronization_production/HF_RUN3_V1/raw/MONASH/hf_MONASH_job459.root
SIGMAB_COUNTS tag=MONASH species=Lambda_b0 pdg=5122 slice=all p=311 a=280 file=/data/alice/ipardoza/hadronization_production/HF_RUN3_V1/raw/MONASH/hf_MONASH_job459.root
SIGMAB_COUNTS tag=MONASH species=Lambda_b0 pdg=5122 slice=eta_lt_1 p=68 a=52 file=/data/alice/ipardoza/hadronization_production/HF_RUN3_V1/raw/MONASH/hf_MONASH_job459.root
SIGMAB_COUNTS tag=MONASH species=Lambda_b0 pdg=5122 slice=eta_1_2 p=80 a=69 file=/data/alice/ipardoza/hadronization_production/HF_RUN3_V1/raw/MONASH/hf_MONASH_job459.root
SIGMAB_COUNTS tag=MONASH species=Lambda_b0 pdg=5122 slice=eta_ge_2 p=163 a=159 file=/data/alice/ipardoza/hadronization_production/HF_RUN3_V1/raw/MONASH/hf_MONASH_job459.root
SIGMAB_COUNTS tag=MONASH species=Xi_b0 pdg=5232 slice=all p=62 a=60 file=/data/alice/ipardoza/hadronization_production/HF_RUN3_V1/raw/MONASH/hf_MONASH_job459.root
SIGMAB_COUNTS tag=MONASH species=Xi_b0 pdg=5232 slice=eta_lt_1 p=13 a=10 file=/data/alice/ipardoza/hadronization_production/HF_RUN3_V1/raw/MONASH/hf_MONASH_job459.root
SIGMAB_COUNTS tag=MONASH species=Xi_b0 pdg=5232 slice=eta_1_2 p=12 a=14 file=/data/alice/ipardoza/hadronization_production/HF_RUN3_V1/raw/MONASH/hf_MONASH_job459.root
SIGMAB_COUNTS tag=MONASH species=Xi_b0 pdg=5232 slice=eta_ge_2 p=37 a=36 file=/data/alice/ipardoza/hadronization_production/HF_RUN3_V1/raw/MONASH/hf_MONASH_job459.root
SIGMAB_COUNTS tag=MONASH species=Xi_b- pdg=5132 slice=all p=60 a=60 file=/data/alice/ipardoza/hadronization_production/HF_RUN3_V1/raw/MONASH/hf_MONASH_job459.root
SIGMAB_COUNTS tag=MONASH species=Xi_b- pdg=5132 slice=eta_lt_1 p=16 a=6 file=/data/alice/ipardoza/hadronization_production/HF_RUN3_V1/raw/MONASH/hf_MONASH_job459.root
SIGMAB_COUNTS tag=MONASH species=Xi_b- pdg=5132 slice=eta_1_2 p=12 a=13 file=/data/alice/ipardoza/hadronization_production/HF_RUN3_V1/raw/MONASH/hf_MONASH_job459.root
SIGMAB_COUNTS tag=MONASH species=Xi_b- pdg=5132 slice=eta_ge_2 p=32 a=41 file=/data/alice/ipardoza/hadronization_production/HF_RUN3_V1/raw/MONASH/hf_MONASH_job459.root
SIGMAB_COUNTS tag=MONASH species=Sigma_b+ pdg=5222 slice=all p=46 a=20 file=/data/alice/ipardoza/hadronization_production/HF_RUN3_V1/raw/MONASH/hf_MONASH_job460.root
SIGMAB_COUNTS tag=MONASH species=Sigma_b+ pdg=5222 slice=eta_lt_1 p=9 a=3 file=/data/alice/ipardoza/hadronization_production/HF_RUN3_V1/raw/MONASH/hf_MONASH_job460.root
SIGMAB_COUNTS tag=MONASH species=Sigma_b+ pdg=5222 slice=eta_1_2 p=10 a=5 file=/data/alice/ipardoza/hadronization_production/HF_RUN3_V1/raw/MONASH/hf_MONASH_job460.root
SIGMAB_COUNTS tag=MONASH species=Sigma_b+ pdg=5222 slice=eta_ge_2 p=27 a=12 file=/data/alice/ipardoza/hadronization_production/HF_RUN3_V1/raw/MONASH/hf_MONASH_job460.root
SIGMAB_COUNTS tag=MONASH species=Sigma_b0 pdg=5212 slice=all p=36 a=18 file=/data/alice/ipardoza/hadronization_production/HF_RUN3_V1/raw/MONASH/hf_MONASH_job460.root
SIGMAB_COUNTS tag=MONASH species=Sigma_b0 pdg=5212 slice=eta_lt_1 p=9 a=2 file=/data/alice/ipardoza/hadronization_production/HF_RUN3_V1/raw/MONASH/hf_MONASH_job460.root
SIGMAB_COUNTS tag=MONASH species=Sigma_b0 pdg=5212 slice=eta_1_2 p=10 a=6 file=/data/alice/ipardoza/hadronization_production/HF_RUN3_V1/raw/MONASH/hf_MONASH_job460.root
SIGMAB_COUNTS tag=MONASH species=Sigma_b0 pdg=5212 slice=eta_ge_2 p=17 a=10 file=/data/alice/ipardoza/hadronization_production/HF_RUN3_V1/raw/MONASH/hf_MONASH_job460.root
SIGMAB_COUNTS tag=MONASH species=Sigma_b- pdg=5112 slice=all p=40 a=19 file=/data/alice/ipardoza/hadronization_production/HF_RUN3_V1/raw/MONASH/hf_MONASH_job460.root
SIGMAB_COUNTS tag=MONASH species=Sigma_b- pdg=5112 slice=eta_lt_1 p=7 a=1 file=/data/alice/ipardoza/hadronization_production/HF_RUN3_V1/raw/MONASH/hf_MONASH_job460.root
SIGMAB_COUNTS tag=MONASH species=Sigma_b- pdg=5112 slice=eta_1_2 p=8 a=6 file=/data/alice/ipardoza/hadronization_production/HF_RUN3_V1/raw/MONASH/hf_MONASH_job460.root
SIGMAB_COUNTS tag=MONASH species=Sigma_b- pdg=5112 slice=eta_ge_2 p=25 a=12 file=/data/alice/ipardoza/hadronization_production/HF_RUN3_V1/raw/MONASH/hf_MONASH_job460.root
SIGMAB_COUNTS tag=MONASH species=Sigma*_b+ pdg=5224 slice=all p=54 a=36 file=/data/alice/ipardoza/hadronization_production/HF_RUN3_V1/raw/MONASH/hf_MONASH_job460.root
SIGMAB_COUNTS tag=MONASH species=Sigma*_b+ pdg=5224 slice=eta_lt_1 p=8 a=9 file=/data/alice/ipardoza/hadronization_production/HF_RUN3_V1/raw/MONASH/hf_MONASH_job460.root
SIGMAB_COUNTS tag=MONASH species=Sigma*_b+ pdg=5224 slice=eta_1_2 p=12 a=6 file=/data/alice/ipardoza/hadronization_production/HF_RUN3_V1/raw/MONASH/hf_MONASH_job460.root
SIGMAB_COUNTS tag=MONASH species=Sigma*_b+ pdg=5224 slice=eta_ge_2 p=34 a=21 file=/data/alice/ipardoza/hadronization_production/HF_RUN3_V1/raw/MONASH/hf_MONASH_job460.root
SIGMAB_COUNTS tag=MONASH species=Sigma*_b0 pdg=5214 slice=all p=49 a=31 file=/data/alice/ipardoza/hadronization_production/HF_RUN3_V1/raw/MONASH/hf_MONASH_job460.root
SIGMAB_COUNTS tag=MONASH species=Sigma*_b0 pdg=5214 slice=eta_lt_1 p=7 a=8 file=/data/alice/ipardoza/hadronization_production/HF_RUN3_V1/raw/MONASH/hf_MONASH_job460.root
SIGMAB_COUNTS tag=MONASH species=Sigma*_b0 pdg=5214 slice=eta_1_2 p=9 a=8 file=/data/alice/ipardoza/hadronization_production/HF_RUN3_V1/raw/MONASH/hf_MONASH_job460.root
SIGMAB_COUNTS tag=MONASH species=Sigma*_b0 pdg=5214 slice=eta_ge_2 p=33 a=15 file=/data/alice/ipardoza/hadronization_production/HF_RUN3_V1/raw/MONASH/hf_MONASH_job460.root
SIGMAB_COUNTS tag=MONASH species=Sigma*_b- pdg=5114 slice=all p=58 a=32 file=/data/alice/ipardoza/hadronization_production/HF_RUN3_V1/raw/MONASH/hf_MONASH_job460.root
SIGMAB_COUNTS tag=MONASH species=Sigma*_b- pdg=5114 slice=eta_lt_1 p=11 a=8 file=/data/alice/ipardoza/hadronization_production/HF_RUN3_V1/raw/MONASH/hf_MONASH_job460.root
SIGMAB_COUNTS tag=MONASH species=Sigma*_b- pdg=5114 slice=eta_1_2 p=14 a=4 file=/data/alice/ipardoza/hadronization_production/HF_RUN3_V1/raw/MONASH/hf_MONASH_job460.root
SIGMAB_COUNTS tag=MONASH species=Sigma*_b- pdg=5114 slice=eta_ge_2 p=33 a=20 file=/data/alice/ipardoza/hadronization_production/HF_RUN3_V1/raw/MONASH/hf_MONASH_job460.root
SIGMAB_COUNTS tag=MONASH species=Lambda_b0 pdg=5122 slice=all p=318 a=298 file=/data/alice/ipardoza/hadronization_production/HF_RUN3_V1/raw/MONASH/hf_MONASH_job460.root
SIGMAB_COUNTS tag=MONASH species=Lambda_b0 pdg=5122 slice=eta_lt_1 p=59 a=65 file=/data/alice/ipardoza/hadronization_production/HF_RUN3_V1/raw/MONASH/hf_MONASH_job460.root
SIGMAB_COUNTS tag=MONASH species=Lambda_b0 pdg=5122 slice=eta_1_2 p=70 a=54 file=/data/alice/ipardoza/hadronization_production/HF_RUN3_V1/raw/MONASH/hf_MONASH_job460.root
SIGMAB_COUNTS tag=MONASH species=Lambda_b0 pdg=5122 slice=eta_ge_2 p=189 a=179 file=/data/alice/ipardoza/hadronization_production/HF_RUN3_V1/raw/MONASH/hf_MONASH_job460.root
SIGMAB_COUNTS tag=MONASH species=Xi_b0 pdg=5232 slice=all p=61 a=48 file=/data/alice/ipardoza/hadronization_production/HF_RUN3_V1/raw/MONASH/hf_MONASH_job460.root
SIGMAB_COUNTS tag=MONASH species=Xi_b0 pdg=5232 slice=eta_lt_1 p=10 a=6 file=/data/alice/ipardoza/hadronization_production/HF_RUN3_V1/raw/MONASH/hf_MONASH_job460.root
SIGMAB_COUNTS tag=MONASH species=Xi_b0 pdg=5232 slice=eta_1_2 p=16 a=9 file=/data/alice/ipardoza/hadronization_production/HF_RUN3_V1/raw/MONASH/hf_MONASH_job460.root
SIGMAB_COUNTS tag=MONASH species=Xi_b0 pdg=5232 slice=eta_ge_2 p=35 a=33 file=/data/alice/ipardoza/hadronization_production/HF_RUN3_V1/raw/MONASH/hf_MONASH_job460.root
SIGMAB_COUNTS tag=MONASH species=Xi_b- pdg=5132 slice=all p=69 a=53 file=/data/alice/ipardoza/hadronization_production/HF_RUN3_V1/raw/MONASH/hf_MONASH_job460.root
SIGMAB_COUNTS tag=MONASH species=Xi_b- pdg=5132 slice=eta_lt_1 p=13 a=6 file=/data/alice/ipardoza/hadronization_production/HF_RUN3_V1/raw/MONASH/hf_MONASH_job460.root
SIGMAB_COUNTS tag=MONASH species=Xi_b- pdg=5132 slice=eta_1_2 p=18 a=11 file=/data/alice/ipardoza/hadronization_production/HF_RUN3_V1/raw/MONASH/hf_MONASH_job460.root
SIGMAB_COUNTS tag=MONASH species=Xi_b- pdg=5132 slice=eta_ge_2 p=38 a=36 file=/data/alice/ipardoza/hadronization_production/HF_RUN3_V1/raw/MONASH/hf_MONASH_job460.root
SIGMAB_COUNTS tag=MONASH species=Sigma_b+ pdg=5222 slice=all p=45 a=16 file=/data/alice/ipardoza/hadronization_production/HF_RUN3_V1/raw/MONASH/hf_MONASH_job461.root
SIGMAB_COUNTS tag=MONASH species=Sigma_b+ pdg=5222 slice=eta_lt_1 p=4 a=4 file=/data/alice/ipardoza/hadronization_production/HF_RUN3_V1/raw/MONASH/hf_MONASH_job461.root
SIGMAB_COUNTS tag=MONASH species=Sigma_b+ pdg=5222 slice=eta_1_2 p=13 a=0 file=/data/alice/ipardoza/hadronization_production/HF_RUN3_V1/raw/MONASH/hf_MONASH_job461.root
SIGMAB_COUNTS tag=MONASH species=Sigma_b+ pdg=5222 slice=eta_ge_2 p=28 a=12 file=/data/alice/ipardoza/hadronization_production/HF_RUN3_V1/raw/MONASH/hf_MONASH_job461.root
SIGMAB_COUNTS tag=MONASH species=Sigma_b0 pdg=5212 slice=all p=47 a=22 file=/data/alice/ipardoza/hadronization_production/HF_RUN3_V1/raw/MONASH/hf_MONASH_job461.root
SIGMAB_COUNTS tag=MONASH species=Sigma_b0 pdg=5212 slice=eta_lt_1 p=5 a=3 file=/data/alice/ipardoza/hadronization_production/HF_RUN3_V1/raw/MONASH/hf_MONASH_job461.root
SIGMAB_COUNTS tag=MONASH species=Sigma_b0 pdg=5212 slice=eta_1_2 p=5 a=6 file=/data/alice/ipardoza/hadronization_production/HF_RUN3_V1/raw/MONASH/hf_MONASH_job461.root
SIGMAB_COUNTS tag=MONASH species=Sigma_b0 pdg=5212 slice=eta_ge_2 p=37 a=13 file=/data/alice/ipardoza/hadronization_production/HF_RUN3_V1/raw/MONASH/hf_MONASH_job461.root
SIGMAB_COUNTS tag=MONASH species=Sigma_b- pdg=5112 slice=all p=27 a=21 file=/data/alice/ipardoza/hadronization_production/HF_RUN3_V1/raw/MONASH/hf_MONASH_job461.root
SIGMAB_COUNTS tag=MONASH species=Sigma_b- pdg=5112 slice=eta_lt_1 p=5 a=6 file=/data/alice/ipardoza/hadronization_production/HF_RUN3_V1/raw/MONASH/hf_MONASH_job461.root
SIGMAB_COUNTS tag=MONASH species=Sigma_b- pdg=5112 slice=eta_1_2 p=4 a=1 file=/data/alice/ipardoza/hadronization_production/HF_RUN3_V1/raw/MONASH/hf_MONASH_job461.root
SIGMAB_COUNTS tag=MONASH species=Sigma_b- pdg=5112 slice=eta_ge_2 p=18 a=14 file=/data/alice/ipardoza/hadronization_production/HF_RUN3_V1/raw/MONASH/hf_MONASH_job461.root
SIGMAB_COUNTS tag=MONASH species=Sigma*_b+ pdg=5224 slice=all p=54 a=39 file=/data/alice/ipardoza/hadronization_production/HF_RUN3_V1/raw/MONASH/hf_MONASH_job461.root
SIGMAB_COUNTS tag=MONASH species=Sigma*_b+ pdg=5224 slice=eta_lt_1 p=14 a=6 file=/data/alice/ipardoza/hadronization_production/HF_RUN3_V1/raw/MONASH/hf_MONASH_job461.root
SIGMAB_COUNTS tag=MONASH species=Sigma*_b+ pdg=5224 slice=eta_1_2 p=8 a=8 file=/data/alice/ipardoza/hadronization_production/HF_RUN3_V1/raw/MONASH/hf_MONASH_job461.root
SIGMAB_COUNTS tag=MONASH species=Sigma*_b+ pdg=5224 slice=eta_ge_2 p=32 a=25 file=/data/alice/ipardoza/hadronization_production/HF_RUN3_V1/raw/MONASH/hf_MONASH_job461.root
SIGMAB_COUNTS tag=MONASH species=Sigma*_b0 pdg=5214 slice=all p=55 a=39 file=/data/alice/ipardoza/hadronization_production/HF_RUN3_V1/raw/MONASH/hf_MONASH_job461.root
SIGMAB_COUNTS tag=MONASH species=Sigma*_b0 pdg=5214 slice=eta_lt_1 p=12 a=4 file=/data/alice/ipardoza/hadronization_production/HF_RUN3_V1/raw/MONASH/hf_MONASH_job461.root
SIGMAB_COUNTS tag=MONASH species=Sigma*_b0 pdg=5214 slice=eta_1_2 p=9 a=8 file=/data/alice/ipardoza/hadronization_production/HF_RUN3_V1/raw/MONASH/hf_MONASH_job461.root
SIGMAB_COUNTS tag=MONASH species=Sigma*_b0 pdg=5214 slice=eta_ge_2 p=34 a=27 file=/data/alice/ipardoza/hadronization_production/HF_RUN3_V1/raw/MONASH/hf_MONASH_job461.root
SIGMAB_COUNTS tag=MONASH species=Sigma*_b- pdg=5114 slice=all p=41 a=32 file=/data/alice/ipardoza/hadronization_production/HF_RUN3_V1/raw/MONASH/hf_MONASH_job461.root
SIGMAB_COUNTS tag=MONASH species=Sigma*_b- pdg=5114 slice=eta_lt_1 p=6 a=7 file=/data/alice/ipardoza/hadronization_production/HF_RUN3_V1/raw/MONASH/hf_MONASH_job461.root
SIGMAB_COUNTS tag=MONASH species=Sigma*_b- pdg=5114 slice=eta_1_2 p=6 a=6 file=/data/alice/ipardoza/hadronization_production/HF_RUN3_V1/raw/MONASH/hf_MONASH_job461.root
SIGMAB_COUNTS tag=MONASH species=Sigma*_b- pdg=5114 slice=eta_ge_2 p=29 a=19 file=/data/alice/ipardoza/hadronization_production/HF_RUN3_V1/raw/MONASH/hf_MONASH_job461.root
SIGMAB_COUNTS tag=MONASH species=Lambda_b0 pdg=5122 slice=all p=329 a=283 file=/data/alice/ipardoza/hadronization_production/HF_RUN3_V1/raw/MONASH/hf_MONASH_job461.root
SIGMAB_COUNTS tag=MONASH species=Lambda_b0 pdg=5122 slice=eta_lt_1 p=63 a=55 file=/data/alice/ipardoza/hadronization_production/HF_RUN3_V1/raw/MONASH/hf_MONASH_job461.root
SIGMAB_COUNTS tag=MONASH species=Lambda_b0 pdg=5122 slice=eta_1_2 p=59 a=60 file=/data/alice/ipardoza/hadronization_production/HF_RUN3_V1/raw/MONASH/hf_MONASH_job461.root
SIGMAB_COUNTS tag=MONASH species=Lambda_b0 pdg=5122 slice=eta_ge_2 p=207 a=168 file=/data/alice/ipardoza/hadronization_production/HF_RUN3_V1/raw/MONASH/hf_MONASH_job461.root
SIGMAB_COUNTS tag=MONASH species=Xi_b0 pdg=5232 slice=all p=53 a=55 file=/data/alice/ipardoza/hadronization_production/HF_RUN3_V1/raw/MONASH/hf_MONASH_job461.root
SIGMAB_COUNTS tag=MONASH species=Xi_b0 pdg=5232 slice=eta_lt_1 p=10 a=8 file=/data/alice/ipardoza/hadronization_production/HF_RUN3_V1/raw/MONASH/hf_MONASH_job461.root
SIGMAB_COUNTS tag=MONASH species=Xi_b0 pdg=5232 slice=eta_1_2 p=14 a=6 file=/data/alice/ipardoza/hadronization_production/HF_RUN3_V1/raw/MONASH/hf_MONASH_job461.root
SIGMAB_COUNTS tag=MONASH species=Xi_b0 pdg=5232 slice=eta_ge_2 p=29 a=41 file=/data/alice/ipardoza/hadronization_production/HF_RUN3_V1/raw/MONASH/hf_MONASH_job461.root
SIGMAB_COUNTS tag=MONASH species=Xi_b- pdg=5132 slice=all p=57 a=60 file=/data/alice/ipardoza/hadronization_production/HF_RUN3_V1/raw/MONASH/hf_MONASH_job461.root
SIGMAB_COUNTS tag=MONASH species=Xi_b- pdg=5132 slice=eta_lt_1 p=5 a=8 file=/data/alice/ipardoza/hadronization_production/HF_RUN3_V1/raw/MONASH/hf_MONASH_job461.root
SIGMAB_COUNTS tag=MONASH species=Xi_b- pdg=5132 slice=eta_1_2 p=17 a=12 file=/data/alice/ipardoza/hadronization_production/HF_RUN3_V1/raw/MONASH/hf_MONASH_job461.root
SIGMAB_COUNTS tag=MONASH species=Xi_b- pdg=5132 slice=eta_ge_2 p=35 a=40 file=/data/alice/ipardoza/hadronization_production/HF_RUN3_V1/raw/MONASH/hf_MONASH_job461.root
SIGMAB_COUNTS tag=MONASH species=Sigma_b+ pdg=5222 slice=all p=41 a=19 file=/data/alice/ipardoza/hadronization_production/HF_RUN3_V1/raw/MONASH/hf_MONASH_job462.root
SIGMAB_COUNTS tag=MONASH species=Sigma_b+ pdg=5222 slice=eta_lt_1 p=6 a=1 file=/data/alice/ipardoza/hadronization_production/HF_RUN3_V1/raw/MONASH/hf_MONASH_job462.root
SIGMAB_COUNTS tag=MONASH species=Sigma_b+ pdg=5222 slice=eta_1_2 p=9 a=4 file=/data/alice/ipardoza/hadronization_production/HF_RUN3_V1/raw/MONASH/hf_MONASH_job462.root
SIGMAB_COUNTS tag=MONASH species=Sigma_b+ pdg=5222 slice=eta_ge_2 p=26 a=14 file=/data/alice/ipardoza/hadronization_production/HF_RUN3_V1/raw/MONASH/hf_MONASH_job462.root
SIGMAB_COUNTS tag=MONASH species=Sigma_b0 pdg=5212 slice=all p=26 a=19 file=/data/alice/ipardoza/hadronization_production/HF_RUN3_V1/raw/MONASH/hf_MONASH_job462.root
SIGMAB_COUNTS tag=MONASH species=Sigma_b0 pdg=5212 slice=eta_lt_1 p=5 a=5 file=/data/alice/ipardoza/hadronization_production/HF_RUN3_V1/raw/MONASH/hf_MONASH_job462.root
SIGMAB_COUNTS tag=MONASH species=Sigma_b0 pdg=5212 slice=eta_1_2 p=3 a=4 file=/data/alice/ipardoza/hadronization_production/HF_RUN3_V1/raw/MONASH/hf_MONASH_job462.root
SIGMAB_COUNTS tag=MONASH species=Sigma_b0 pdg=5212 slice=eta_ge_2 p=18 a=10 file=/data/alice/ipardoza/hadronization_production/HF_RUN3_V1/raw/MONASH/hf_MONASH_job462.root
SIGMAB_COUNTS tag=MONASH species=Sigma_b- pdg=5112 slice=all p=26 a=25 file=/data/alice/ipardoza/hadronization_production/HF_RUN3_V1/raw/MONASH/hf_MONASH_job462.root
SIGMAB_COUNTS tag=MONASH species=Sigma_b- pdg=5112 slice=eta_lt_1 p=4 a=2 file=/data/alice/ipardoza/hadronization_production/HF_RUN3_V1/raw/MONASH/hf_MONASH_job462.root
SIGMAB_COUNTS tag=MONASH species=Sigma_b- pdg=5112 slice=eta_1_2 p=4 a=6 file=/data/alice/ipardoza/hadronization_production/HF_RUN3_V1/raw/MONASH/hf_MONASH_job462.root
SIGMAB_COUNTS tag=MONASH species=Sigma_b- pdg=5112 slice=eta_ge_2 p=18 a=17 file=/data/alice/ipardoza/hadronization_production/HF_RUN3_V1/raw/MONASH/hf_MONASH_job462.root
SIGMAB_COUNTS tag=MONASH species=Sigma*_b+ pdg=5224 slice=all p=62 a=39 file=/data/alice/ipardoza/hadronization_production/HF_RUN3_V1/raw/MONASH/hf_MONASH_job462.root
SIGMAB_COUNTS tag=MONASH species=Sigma*_b+ pdg=5224 slice=eta_lt_1 p=9 a=7 file=/data/alice/ipardoza/hadronization_production/HF_RUN3_V1/raw/MONASH/hf_MONASH_job462.root
SIGMAB_COUNTS tag=MONASH species=Sigma*_b+ pdg=5224 slice=eta_1_2 p=10 a=11 file=/data/alice/ipardoza/hadronization_production/HF_RUN3_V1/raw/MONASH/hf_MONASH_job462.root
SIGMAB_COUNTS tag=MONASH species=Sigma*_b+ pdg=5224 slice=eta_ge_2 p=43 a=21 file=/data/alice/ipardoza/hadronization_production/HF_RUN3_V1/raw/MONASH/hf_MONASH_job462.root
SIGMAB_COUNTS tag=MONASH species=Sigma*_b0 pdg=5214 slice=all p=45 a=40 file=/data/alice/ipardoza/hadronization_production/HF_RUN3_V1/raw/MONASH/hf_MONASH_job462.root
SIGMAB_COUNTS tag=MONASH species=Sigma*_b0 pdg=5214 slice=eta_lt_1 p=12 a=6 file=/data/alice/ipardoza/hadronization_production/HF_RUN3_V1/raw/MONASH/hf_MONASH_job462.root
SIGMAB_COUNTS tag=MONASH species=Sigma*_b0 pdg=5214 slice=eta_1_2 p=9 a=11 file=/data/alice/ipardoza/hadronization_production/HF_RUN3_V1/raw/MONASH/hf_MONASH_job462.root
SIGMAB_COUNTS tag=MONASH species=Sigma*_b0 pdg=5214 slice=eta_ge_2 p=24 a=23 file=/data/alice/ipardoza/hadronization_production/HF_RUN3_V1/raw/MONASH/hf_MONASH_job462.root
SIGMAB_COUNTS tag=MONASH species=Sigma*_b- pdg=5114 slice=all p=54 a=34 file=/data/alice/ipardoza/hadronization_production/HF_RUN3_V1/raw/MONASH/hf_MONASH_job462.root
SIGMAB_COUNTS tag=MONASH species=Sigma*_b- pdg=5114 slice=eta_lt_1 p=8 a=7 file=/data/alice/ipardoza/hadronization_production/HF_RUN3_V1/raw/MONASH/hf_MONASH_job462.root
SIGMAB_COUNTS tag=MONASH species=Sigma*_b- pdg=5114 slice=eta_1_2 p=10 a=7 file=/data/alice/ipardoza/hadronization_production/HF_RUN3_V1/raw/MONASH/hf_MONASH_job462.root
SIGMAB_COUNTS tag=MONASH species=Sigma*_b- pdg=5114 slice=eta_ge_2 p=36 a=20 file=/data/alice/ipardoza/hadronization_production/HF_RUN3_V1/raw/MONASH/hf_MONASH_job462.root
SIGMAB_COUNTS tag=MONASH species=Lambda_b0 pdg=5122 slice=all p=280 a=304 file=/data/alice/ipardoza/hadronization_production/HF_RUN3_V1/raw/MONASH/hf_MONASH_job462.root
SIGMAB_COUNTS tag=MONASH species=Lambda_b0 pdg=5122 slice=eta_lt_1 p=55 a=61 file=/data/alice/ipardoza/hadronization_production/HF_RUN3_V1/raw/MONASH/hf_MONASH_job462.root
SIGMAB_COUNTS tag=MONASH species=Lambda_b0 pdg=5122 slice=eta_1_2 p=59 a=60 file=/data/alice/ipardoza/hadronization_production/HF_RUN3_V1/raw/MONASH/hf_MONASH_job462.root
SIGMAB_COUNTS tag=MONASH species=Lambda_b0 pdg=5122 slice=eta_ge_2 p=166 a=183 file=/data/alice/ipardoza/hadronization_production/HF_RUN3_V1/raw/MONASH/hf_MONASH_job462.root
SIGMAB_COUNTS tag=MONASH species=Xi_b0 pdg=5232 slice=all p=59 a=61 file=/data/alice/ipardoza/hadronization_production/HF_RUN3_V1/raw/MONASH/hf_MONASH_job462.root
SIGMAB_COUNTS tag=MONASH species=Xi_b0 pdg=5232 slice=eta_lt_1 p=7 a=7 file=/data/alice/ipardoza/hadronization_production/HF_RUN3_V1/raw/MONASH/hf_MONASH_job462.root
SIGMAB_COUNTS tag=MONASH species=Xi_b0 pdg=5232 slice=eta_1_2 p=14 a=13 file=/data/alice/ipardoza/hadronization_production/HF_RUN3_V1/raw/MONASH/hf_MONASH_job462.root
SIGMAB_COUNTS tag=MONASH species=Xi_b0 pdg=5232 slice=eta_ge_2 p=38 a=41 file=/data/alice/ipardoza/hadronization_production/HF_RUN3_V1/raw/MONASH/hf_MONASH_job462.root
SIGMAB_COUNTS tag=MONASH species=Xi_b- pdg=5132 slice=all p=68 a=62 file=/data/alice/ipardoza/hadronization_production/HF_RUN3_V1/raw/MONASH/hf_MONASH_job462.root
SIGMAB_COUNTS tag=MONASH species=Xi_b- pdg=5132 slice=eta_lt_1 p=7 a=9 file=/data/alice/ipardoza/hadronization_production/HF_RUN3_V1/raw/MONASH/hf_MONASH_job462.root
SIGMAB_COUNTS tag=MONASH species=Xi_b- pdg=5132 slice=eta_1_2 p=17 a=14 file=/data/alice/ipardoza/hadronization_production/HF_RUN3_V1/raw/MONASH/hf_MONASH_job462.root
SIGMAB_COUNTS tag=MONASH species=Xi_b- pdg=5132 slice=eta_ge_2 p=44 a=39 file=/data/alice/ipardoza/hadronization_production/HF_RUN3_V1/raw/MONASH/hf_MONASH_job462.root
SIGMAB_COUNTS tag=MONASH species=Sigma_b+ pdg=5222 slice=all p=37 a=21 file=/data/alice/ipardoza/hadronization_production/HF_RUN3_V1/raw/MONASH/hf_MONASH_job463.root
SIGMAB_COUNTS tag=MONASH species=Sigma_b+ pdg=5222 slice=eta_lt_1 p=7 a=4 file=/data/alice/ipardoza/hadronization_production/HF_RUN3_V1/raw/MONASH/hf_MONASH_job463.root
SIGMAB_COUNTS tag=MONASH species=Sigma_b+ pdg=5222 slice=eta_1_2 p=8 a=3 file=/data/alice/ipardoza/hadronization_production/HF_RUN3_V1/raw/MONASH/hf_MONASH_job463.root
SIGMAB_COUNTS tag=MONASH species=Sigma_b+ pdg=5222 slice=eta_ge_2 p=22 a=14 file=/data/alice/ipardoza/hadronization_production/HF_RUN3_V1/raw/MONASH/hf_MONASH_job463.root
SIGMAB_COUNTS tag=MONASH species=Sigma_b0 pdg=5212 slice=all p=28 a=32 file=/data/alice/ipardoza/hadronization_production/HF_RUN3_V1/raw/MONASH/hf_MONASH_job463.root
SIGMAB_COUNTS tag=MONASH species=Sigma_b0 pdg=5212 slice=eta_lt_1 p=5 a=6 file=/data/alice/ipardoza/hadronization_production/HF_RUN3_V1/raw/MONASH/hf_MONASH_job463.root
SIGMAB_COUNTS tag=MONASH species=Sigma_b0 pdg=5212 slice=eta_1_2 p=8 a=4 file=/data/alice/ipardoza/hadronization_production/HF_RUN3_V1/raw/MONASH/hf_MONASH_job463.root
SIGMAB_COUNTS tag=MONASH species=Sigma_b0 pdg=5212 slice=eta_ge_2 p=15 a=22 file=/data/alice/ipardoza/hadronization_production/HF_RUN3_V1/raw/MONASH/hf_MONASH_job463.root
SIGMAB_COUNTS tag=MONASH species=Sigma_b- pdg=5112 slice=all p=39 a=22 file=/data/alice/ipardoza/hadronization_production/HF_RUN3_V1/raw/MONASH/hf_MONASH_job463.root
SIGMAB_COUNTS tag=MONASH species=Sigma_b- pdg=5112 slice=eta_lt_1 p=3 a=3 file=/data/alice/ipardoza/hadronization_production/HF_RUN3_V1/raw/MONASH/hf_MONASH_job463.root
SIGMAB_COUNTS tag=MONASH species=Sigma_b- pdg=5112 slice=eta_1_2 p=9 a=7 file=/data/alice/ipardoza/hadronization_production/HF_RUN3_V1/raw/MONASH/hf_MONASH_job463.root
SIGMAB_COUNTS tag=MONASH species=Sigma_b- pdg=5112 slice=eta_ge_2 p=27 a=12 file=/data/alice/ipardoza/hadronization_production/HF_RUN3_V1/raw/MONASH/hf_MONASH_job463.root
SIGMAB_COUNTS tag=MONASH species=Sigma*_b+ pdg=5224 slice=all p=44 a=48 file=/data/alice/ipardoza/hadronization_production/HF_RUN3_V1/raw/MONASH/hf_MONASH_job463.root
SIGMAB_COUNTS tag=MONASH species=Sigma*_b+ pdg=5224 slice=eta_lt_1 p=10 a=7 file=/data/alice/ipardoza/hadronization_production/HF_RUN3_V1/raw/MONASH/hf_MONASH_job463.root
SIGMAB_COUNTS tag=MONASH species=Sigma*_b+ pdg=5224 slice=eta_1_2 p=9 a=10 file=/data/alice/ipardoza/hadronization_production/HF_RUN3_V1/raw/MONASH/hf_MONASH_job463.root
SIGMAB_COUNTS tag=MONASH species=Sigma*_b+ pdg=5224 slice=eta_ge_2 p=25 a=31 file=/data/alice/ipardoza/hadronization_production/HF_RUN3_V1/raw/MONASH/hf_MONASH_job463.root
SIGMAB_COUNTS tag=MONASH species=Sigma*_b0 pdg=5214 slice=all p=46 a=53 file=/data/alice/ipardoza/hadronization_production/HF_RUN3_V1/raw/MONASH/hf_MONASH_job463.root
SIGMAB_COUNTS tag=MONASH species=Sigma*_b0 pdg=5214 slice=eta_lt_1 p=7 a=11 file=/data/alice/ipardoza/hadronization_production/HF_RUN3_V1/raw/MONASH/hf_MONASH_job463.root
SIGMAB_COUNTS tag=MONASH species=Sigma*_b0 pdg=5214 slice=eta_1_2 p=11 a=11 file=/data/alice/ipardoza/hadronization_production/HF_RUN3_V1/raw/MONASH/hf_MONASH_job463.root
SIGMAB_COUNTS tag=MONASH species=Sigma*_b0 pdg=5214 slice=eta_ge_2 p=28 a=31 file=/data/alice/ipardoza/hadronization_production/HF_RUN3_V1/raw/MONASH/hf_MONASH_job463.root
SIGMAB_COUNTS tag=MONASH species=Sigma*_b- pdg=5114 slice=all p=57 a=37 file=/data/alice/ipardoza/hadronization_production/HF_RUN3_V1/raw/MONASH/hf_MONASH_job463.root
SIGMAB_COUNTS tag=MONASH species=Sigma*_b- pdg=5114 slice=eta_lt_1 p=11 a=7 file=/data/alice/ipardoza/hadronization_production/HF_RUN3_V1/raw/MONASH/hf_MONASH_job463.root
SIGMAB_COUNTS tag=MONASH species=Sigma*_b- pdg=5114 slice=eta_1_2 p=7 a=11 file=/data/alice/ipardoza/hadronization_production/HF_RUN3_V1/raw/MONASH/hf_MONASH_job463.root
SIGMAB_COUNTS tag=MONASH species=Sigma*_b- pdg=5114 slice=eta_ge_2 p=39 a=19 file=/data/alice/ipardoza/hadronization_production/HF_RUN3_V1/raw/MONASH/hf_MONASH_job463.root
SIGMAB_COUNTS tag=MONASH species=Lambda_b0 pdg=5122 slice=all p=330 a=327 file=/data/alice/ipardoza/hadronization_production/HF_RUN3_V1/raw/MONASH/hf_MONASH_job463.root
SIGMAB_COUNTS tag=MONASH species=Lambda_b0 pdg=5122 slice=eta_lt_1 p=62 a=49 file=/data/alice/ipardoza/hadronization_production/HF_RUN3_V1/raw/MONASH/hf_MONASH_job463.root
SIGMAB_COUNTS tag=MONASH species=Lambda_b0 pdg=5122 slice=eta_1_2 p=68 a=78 file=/data/alice/ipardoza/hadronization_production/HF_RUN3_V1/raw/MONASH/hf_MONASH_job463.root
SIGMAB_COUNTS tag=MONASH species=Lambda_b0 pdg=5122 slice=eta_ge_2 p=200 a=200 file=/data/alice/ipardoza/hadronization_production/HF_RUN3_V1/raw/MONASH/hf_MONASH_job463.root
SIGMAB_COUNTS tag=MONASH species=Xi_b0 pdg=5232 slice=all p=56 a=52 file=/data/alice/ipardoza/hadronization_production/HF_RUN3_V1/raw/MONASH/hf_MONASH_job463.root
SIGMAB_COUNTS tag=MONASH species=Xi_b0 pdg=5232 slice=eta_lt_1 p=9 a=11 file=/data/alice/ipardoza/hadronization_production/HF_RUN3_V1/raw/MONASH/hf_MONASH_job463.root
SIGMAB_COUNTS tag=MONASH species=Xi_b0 pdg=5232 slice=eta_1_2 p=11 a=16 file=/data/alice/ipardoza/hadronization_production/HF_RUN3_V1/raw/MONASH/hf_MONASH_job463.root
SIGMAB_COUNTS tag=MONASH species=Xi_b0 pdg=5232 slice=eta_ge_2 p=36 a=25 file=/data/alice/ipardoza/hadronization_production/HF_RUN3_V1/raw/MONASH/hf_MONASH_job463.root
SIGMAB_COUNTS tag=MONASH species=Xi_b- pdg=5132 slice=all p=56 a=54 file=/data/alice/ipardoza/hadronization_production/HF_RUN3_V1/raw/MONASH/hf_MONASH_job463.root
SIGMAB_COUNTS tag=MONASH species=Xi_b- pdg=5132 slice=eta_lt_1 p=5 a=6 file=/data/alice/ipardoza/hadronization_production/HF_RUN3_V1/raw/MONASH/hf_MONASH_job463.root
SIGMAB_COUNTS tag=MONASH species=Xi_b- pdg=5132 slice=eta_1_2 p=12 a=8 file=/data/alice/ipardoza/hadronization_production/HF_RUN3_V1/raw/MONASH/hf_MONASH_job463.root
SIGMAB_COUNTS tag=MONASH species=Xi_b- pdg=5132 slice=eta_ge_2 p=39 a=40 file=/data/alice/ipardoza/hadronization_production/HF_RUN3_V1/raw/MONASH/hf_MONASH_job463.root
SIGMAB_COUNTS tag=MONASH species=Sigma_b+ pdg=5222 slice=all p=49 a=21 file=/data/alice/ipardoza/hadronization_production/HF_RUN3_V1/raw/MONASH/hf_MONASH_job464.root
SIGMAB_COUNTS tag=MONASH species=Sigma_b+ pdg=5222 slice=eta_lt_1 p=9 a=3 file=/data/alice/ipardoza/hadronization_production/HF_RUN3_V1/raw/MONASH/hf_MONASH_job464.root
SIGMAB_COUNTS tag=MONASH species=Sigma_b+ pdg=5222 slice=eta_1_2 p=10 a=4 file=/data/alice/ipardoza/hadronization_production/HF_RUN3_V1/raw/MONASH/hf_MONASH_job464.root
SIGMAB_COUNTS tag=MONASH species=Sigma_b+ pdg=5222 slice=eta_ge_2 p=30 a=14 file=/data/alice/ipardoza/hadronization_production/HF_RUN3_V1/raw/MONASH/hf_MONASH_job464.root
SIGMAB_COUNTS tag=MONASH species=Sigma_b0 pdg=5212 slice=all p=37 a=15 file=/data/alice/ipardoza/hadronization_production/HF_RUN3_V1/raw/MONASH/hf_MONASH_job464.root
SIGMAB_COUNTS tag=MONASH species=Sigma_b0 pdg=5212 slice=eta_lt_1 p=3 a=1 file=/data/alice/ipardoza/hadronization_production/HF_RUN3_V1/raw/MONASH/hf_MONASH_job464.root
SIGMAB_COUNTS tag=MONASH species=Sigma_b0 pdg=5212 slice=eta_1_2 p=14 a=3 file=/data/alice/ipardoza/hadronization_production/HF_RUN3_V1/raw/MONASH/hf_MONASH_job464.root
SIGMAB_COUNTS tag=MONASH species=Sigma_b0 pdg=5212 slice=eta_ge_2 p=20 a=11 file=/data/alice/ipardoza/hadronization_production/HF_RUN3_V1/raw/MONASH/hf_MONASH_job464.root
SIGMAB_COUNTS tag=MONASH species=Sigma_b- pdg=5112 slice=all p=33 a=21 file=/data/alice/ipardoza/hadronization_production/HF_RUN3_V1/raw/MONASH/hf_MONASH_job464.root
SIGMAB_COUNTS tag=MONASH species=Sigma_b- pdg=5112 slice=eta_lt_1 p=6 a=4 file=/data/alice/ipardoza/hadronization_production/HF_RUN3_V1/raw/MONASH/hf_MONASH_job464.root
SIGMAB_COUNTS tag=MONASH species=Sigma_b- pdg=5112 slice=eta_1_2 p=14 a=5 file=/data/alice/ipardoza/hadronization_production/HF_RUN3_V1/raw/MONASH/hf_MONASH_job464.root
SIGMAB_COUNTS tag=MONASH species=Sigma_b- pdg=5112 slice=eta_ge_2 p=13 a=12 file=/data/alice/ipardoza/hadronization_production/HF_RUN3_V1/raw/MONASH/hf_MONASH_job464.root
SIGMAB_COUNTS tag=MONASH species=Sigma*_b+ pdg=5224 slice=all p=56 a=41 file=/data/alice/ipardoza/hadronization_production/HF_RUN3_V1/raw/MONASH/hf_MONASH_job464.root
SIGMAB_COUNTS tag=MONASH species=Sigma*_b+ pdg=5224 slice=eta_lt_1 p=13 a=6 file=/data/alice/ipardoza/hadronization_production/HF_RUN3_V1/raw/MONASH/hf_MONASH_job464.root
SIGMAB_COUNTS tag=MONASH species=Sigma*_b+ pdg=5224 slice=eta_1_2 p=9 a=11 file=/data/alice/ipardoza/hadronization_production/HF_RUN3_V1/raw/MONASH/hf_MONASH_job464.root
SIGMAB_COUNTS tag=MONASH species=Sigma*_b+ pdg=5224 slice=eta_ge_2 p=34 a=24 file=/data/alice/ipardoza/hadronization_production/HF_RUN3_V1/raw/MONASH/hf_MONASH_job464.root
SIGMAB_COUNTS tag=MONASH species=Sigma*_b0 pdg=5214 slice=all p=43 a=40 file=/data/alice/ipardoza/hadronization_production/HF_RUN3_V1/raw/MONASH/hf_MONASH_job464.root
SIGMAB_COUNTS tag=MONASH species=Sigma*_b0 pdg=5214 slice=eta_lt_1 p=6 a=13 file=/data/alice/ipardoza/hadronization_production/HF_RUN3_V1/raw/MONASH/hf_MONASH_job464.root
SIGMAB_COUNTS tag=MONASH species=Sigma*_b0 pdg=5214 slice=eta_1_2 p=6 a=8 file=/data/alice/ipardoza/hadronization_production/HF_RUN3_V1/raw/MONASH/hf_MONASH_job464.root
SIGMAB_COUNTS tag=MONASH species=Sigma*_b0 pdg=5214 slice=eta_ge_2 p=31 a=19 file=/data/alice/ipardoza/hadronization_production/HF_RUN3_V1/raw/MONASH/hf_MONASH_job464.root
SIGMAB_COUNTS tag=MONASH species=Sigma*_b- pdg=5114 slice=all p=40 a=40 file=/data/alice/ipardoza/hadronization_production/HF_RUN3_V1/raw/MONASH/hf_MONASH_job464.root
SIGMAB_COUNTS tag=MONASH species=Sigma*_b- pdg=5114 slice=eta_lt_1 p=7 a=8 file=/data/alice/ipardoza/hadronization_production/HF_RUN3_V1/raw/MONASH/hf_MONASH_job464.root
SIGMAB_COUNTS tag=MONASH species=Sigma*_b- pdg=5114 slice=eta_1_2 p=12 a=4 file=/data/alice/ipardoza/hadronization_production/HF_RUN3_V1/raw/MONASH/hf_MONASH_job464.root
SIGMAB_COUNTS tag=MONASH species=Sigma*_b- pdg=5114 slice=eta_ge_2 p=21 a=28 file=/data/alice/ipardoza/hadronization_production/HF_RUN3_V1/raw/MONASH/hf_MONASH_job464.root
SIGMAB_COUNTS tag=MONASH species=Lambda_b0 pdg=5122 slice=all p=332 a=330 file=/data/alice/ipardoza/hadronization_production/HF_RUN3_V1/raw/MONASH/hf_MONASH_job464.root
SIGMAB_COUNTS tag=MONASH species=Lambda_b0 pdg=5122 slice=eta_lt_1 p=52 a=71 file=/data/alice/ipardoza/hadronization_production/HF_RUN3_V1/raw/MONASH/hf_MONASH_job464.root
SIGMAB_COUNTS tag=MONASH species=Lambda_b0 pdg=5122 slice=eta_1_2 p=74 a=80 file=/data/alice/ipardoza/hadronization_production/HF_RUN3_V1/raw/MONASH/hf_MONASH_job464.root
SIGMAB_COUNTS tag=MONASH species=Lambda_b0 pdg=5122 slice=eta_ge_2 p=206 a=179 file=/data/alice/ipardoza/hadronization_production/HF_RUN3_V1/raw/MONASH/hf_MONASH_job464.root
SIGMAB_COUNTS tag=MONASH species=Xi_b0 pdg=5232 slice=all p=49 a=59 file=/data/alice/ipardoza/hadronization_production/HF_RUN3_V1/raw/MONASH/hf_MONASH_job464.root
SIGMAB_COUNTS tag=MONASH species=Xi_b0 pdg=5232 slice=eta_lt_1 p=8 a=8 file=/data/alice/ipardoza/hadronization_production/HF_RUN3_V1/raw/MONASH/hf_MONASH_job464.root
SIGMAB_COUNTS tag=MONASH species=Xi_b0 pdg=5232 slice=eta_1_2 p=8 a=11 file=/data/alice/ipardoza/hadronization_production/HF_RUN3_V1/raw/MONASH/hf_MONASH_job464.root
SIGMAB_COUNTS tag=MONASH species=Xi_b0 pdg=5232 slice=eta_ge_2 p=33 a=40 file=/data/alice/ipardoza/hadronization_production/HF_RUN3_V1/raw/MONASH/hf_MONASH_job464.root
SIGMAB_COUNTS tag=MONASH species=Xi_b- pdg=5132 slice=all p=50 a=49 file=/data/alice/ipardoza/hadronization_production/HF_RUN3_V1/raw/MONASH/hf_MONASH_job464.root
SIGMAB_COUNTS tag=MONASH species=Xi_b- pdg=5132 slice=eta_lt_1 p=11 a=6 file=/data/alice/ipardoza/hadronization_production/HF_RUN3_V1/raw/MONASH/hf_MONASH_job464.root
SIGMAB_COUNTS tag=MONASH species=Xi_b- pdg=5132 slice=eta_1_2 p=7 a=6 file=/data/alice/ipardoza/hadronization_production/HF_RUN3_V1/raw/MONASH/hf_MONASH_job464.root
SIGMAB_COUNTS tag=MONASH species=Xi_b- pdg=5132 slice=eta_ge_2 p=32 a=37 file=/data/alice/ipardoza/hadronization_production/HF_RUN3_V1/raw/MONASH/hf_MONASH_job464.root
SIGMAB_COUNTS tag=MONASH species=Sigma_b+ pdg=5222 slice=all p=39 a=21 file=/data/alice/ipardoza/hadronization_production/HF_RUN3_V1/raw/MONASH/hf_MONASH_job465.root
SIGMAB_COUNTS tag=MONASH species=Sigma_b+ pdg=5222 slice=eta_lt_1 p=2 a=5 file=/data/alice/ipardoza/hadronization_production/HF_RUN3_V1/raw/MONASH/hf_MONASH_job465.root
SIGMAB_COUNTS tag=MONASH species=Sigma_b+ pdg=5222 slice=eta_1_2 p=6 a=1 file=/data/alice/ipardoza/hadronization_production/HF_RUN3_V1/raw/MONASH/hf_MONASH_job465.root
SIGMAB_COUNTS tag=MONASH species=Sigma_b+ pdg=5222 slice=eta_ge_2 p=31 a=15 file=/data/alice/ipardoza/hadronization_production/HF_RUN3_V1/raw/MONASH/hf_MONASH_job465.root
SIGMAB_COUNTS tag=MONASH species=Sigma_b0 pdg=5212 slice=all p=23 a=15 file=/data/alice/ipardoza/hadronization_production/HF_RUN3_V1/raw/MONASH/hf_MONASH_job465.root
SIGMAB_COUNTS tag=MONASH species=Sigma_b0 pdg=5212 slice=eta_lt_1 p=4 a=3 file=/data/alice/ipardoza/hadronization_production/HF_RUN3_V1/raw/MONASH/hf_MONASH_job465.root
SIGMAB_COUNTS tag=MONASH species=Sigma_b0 pdg=5212 slice=eta_1_2 p=5 a=6 file=/data/alice/ipardoza/hadronization_production/HF_RUN3_V1/raw/MONASH/hf_MONASH_job465.root
SIGMAB_COUNTS tag=MONASH species=Sigma_b0 pdg=5212 slice=eta_ge_2 p=14 a=6 file=/data/alice/ipardoza/hadronization_production/HF_RUN3_V1/raw/MONASH/hf_MONASH_job465.root
SIGMAB_COUNTS tag=MONASH species=Sigma_b- pdg=5112 slice=all p=34 a=17 file=/data/alice/ipardoza/hadronization_production/HF_RUN3_V1/raw/MONASH/hf_MONASH_job465.root
SIGMAB_COUNTS tag=MONASH species=Sigma_b- pdg=5112 slice=eta_lt_1 p=5 a=3 file=/data/alice/ipardoza/hadronization_production/HF_RUN3_V1/raw/MONASH/hf_MONASH_job465.root
SIGMAB_COUNTS tag=MONASH species=Sigma_b- pdg=5112 slice=eta_1_2 p=3 a=4 file=/data/alice/ipardoza/hadronization_production/HF_RUN3_V1/raw/MONASH/hf_MONASH_job465.root
SIGMAB_COUNTS tag=MONASH species=Sigma_b- pdg=5112 slice=eta_ge_2 p=26 a=10 file=/data/alice/ipardoza/hadronization_production/HF_RUN3_V1/raw/MONASH/hf_MONASH_job465.root
SIGMAB_COUNTS tag=MONASH species=Sigma*_b+ pdg=5224 slice=all p=58 a=32 file=/data/alice/ipardoza/hadronization_production/HF_RUN3_V1/raw/MONASH/hf_MONASH_job465.root
SIGMAB_COUNTS tag=MONASH species=Sigma*_b+ pdg=5224 slice=eta_lt_1 p=5 a=1 file=/data/alice/ipardoza/hadronization_production/HF_RUN3_V1/raw/MONASH/hf_MONASH_job465.root
SIGMAB_COUNTS tag=MONASH species=Sigma*_b+ pdg=5224 slice=eta_1_2 p=13 a=8 file=/data/alice/ipardoza/hadronization_production/HF_RUN3_V1/raw/MONASH/hf_MONASH_job465.root
SIGMAB_COUNTS tag=MONASH species=Sigma*_b+ pdg=5224 slice=eta_ge_2 p=40 a=23 file=/data/alice/ipardoza/hadronization_production/HF_RUN3_V1/raw/MONASH/hf_MONASH_job465.root
SIGMAB_COUNTS tag=MONASH species=Sigma*_b0 pdg=5214 slice=all p=44 a=42 file=/data/alice/ipardoza/hadronization_production/HF_RUN3_V1/raw/MONASH/hf_MONASH_job465.root
SIGMAB_COUNTS tag=MONASH species=Sigma*_b0 pdg=5214 slice=eta_lt_1 p=12 a=8 file=/data/alice/ipardoza/hadronization_production/HF_RUN3_V1/raw/MONASH/hf_MONASH_job465.root
SIGMAB_COUNTS tag=MONASH species=Sigma*_b0 pdg=5214 slice=eta_1_2 p=12 a=10 file=/data/alice/ipardoza/hadronization_production/HF_RUN3_V1/raw/MONASH/hf_MONASH_job465.root
SIGMAB_COUNTS tag=MONASH species=Sigma*_b0 pdg=5214 slice=eta_ge_2 p=20 a=24 file=/data/alice/ipardoza/hadronization_production/HF_RUN3_V1/raw/MONASH/hf_MONASH_job465.root
SIGMAB_COUNTS tag=MONASH species=Sigma*_b- pdg=5114 slice=all p=29 a=44 file=/data/alice/ipardoza/hadronization_production/HF_RUN3_V1/raw/MONASH/hf_MONASH_job465.root
SIGMAB_COUNTS tag=MONASH species=Sigma*_b- pdg=5114 slice=eta_lt_1 p=5 a=5 file=/data/alice/ipardoza/hadronization_production/HF_RUN3_V1/raw/MONASH/hf_MONASH_job465.root
SIGMAB_COUNTS tag=MONASH species=Sigma*_b- pdg=5114 slice=eta_1_2 p=3 a=11 file=/data/alice/ipardoza/hadronization_production/HF_RUN3_V1/raw/MONASH/hf_MONASH_job465.root
SIGMAB_COUNTS tag=MONASH species=Sigma*_b- pdg=5114 slice=eta_ge_2 p=21 a=28 file=/data/alice/ipardoza/hadronization_production/HF_RUN3_V1/raw/MONASH/hf_MONASH_job465.root
SIGMAB_COUNTS tag=MONASH species=Lambda_b0 pdg=5122 slice=all p=316 a=333 file=/data/alice/ipardoza/hadronization_production/HF_RUN3_V1/raw/MONASH/hf_MONASH_job465.root
SIGMAB_COUNTS tag=MONASH species=Lambda_b0 pdg=5122 slice=eta_lt_1 p=65 a=68 file=/data/alice/ipardoza/hadronization_production/HF_RUN3_V1/raw/MONASH/hf_MONASH_job465.root
SIGMAB_COUNTS tag=MONASH species=Lambda_b0 pdg=5122 slice=eta_1_2 p=79 a=78 file=/data/alice/ipardoza/hadronization_production/HF_RUN3_V1/raw/MONASH/hf_MONASH_job465.root
SIGMAB_COUNTS tag=MONASH species=Lambda_b0 pdg=5122 slice=eta_ge_2 p=172 a=187 file=/data/alice/ipardoza/hadronization_production/HF_RUN3_V1/raw/MONASH/hf_MONASH_job465.root
SIGMAB_COUNTS tag=MONASH species=Xi_b0 pdg=5232 slice=all p=54 a=59 file=/data/alice/ipardoza/hadronization_production/HF_RUN3_V1/raw/MONASH/hf_MONASH_job465.root
SIGMAB_COUNTS tag=MONASH species=Xi_b0 pdg=5232 slice=eta_lt_1 p=11 a=14 file=/data/alice/ipardoza/hadronization_production/HF_RUN3_V1/raw/MONASH/hf_MONASH_job465.root
SIGMAB_COUNTS tag=MONASH species=Xi_b0 pdg=5232 slice=eta_1_2 p=11 a=16 file=/data/alice/ipardoza/hadronization_production/HF_RUN3_V1/raw/MONASH/hf_MONASH_job465.root
SIGMAB_COUNTS tag=MONASH species=Xi_b0 pdg=5232 slice=eta_ge_2 p=32 a=29 file=/data/alice/ipardoza/hadronization_production/HF_RUN3_V1/raw/MONASH/hf_MONASH_job465.root
SIGMAB_COUNTS tag=MONASH species=Xi_b- pdg=5132 slice=all p=62 a=52 file=/data/alice/ipardoza/hadronization_production/HF_RUN3_V1/raw/MONASH/hf_MONASH_job465.root
SIGMAB_COUNTS tag=MONASH species=Xi_b- pdg=5132 slice=eta_lt_1 p=11 a=11 file=/data/alice/ipardoza/hadronization_production/HF_RUN3_V1/raw/MONASH/hf_MONASH_job465.root
SIGMAB_COUNTS tag=MONASH species=Xi_b- pdg=5132 slice=eta_1_2 p=8 a=10 file=/data/alice/ipardoza/hadronization_production/HF_RUN3_V1/raw/MONASH/hf_MONASH_job465.root
SIGMAB_COUNTS tag=MONASH species=Xi_b- pdg=5132 slice=eta_ge_2 p=43 a=31 file=/data/alice/ipardoza/hadronization_production/HF_RUN3_V1/raw/MONASH/hf_MONASH_job465.root
SIGMAB_COUNTS tag=MONASH species=Sigma_b+ pdg=5222 slice=all p=36 a=19 file=/data/alice/ipardoza/hadronization_production/HF_RUN3_V1/raw/MONASH/hf_MONASH_job466.root
SIGMAB_COUNTS tag=MONASH species=Sigma_b+ pdg=5222 slice=eta_lt_1 p=7 a=3 file=/data/alice/ipardoza/hadronization_production/HF_RUN3_V1/raw/MONASH/hf_MONASH_job466.root
SIGMAB_COUNTS tag=MONASH species=Sigma_b+ pdg=5222 slice=eta_1_2 p=6 a=4 file=/data/alice/ipardoza/hadronization_production/HF_RUN3_V1/raw/MONASH/hf_MONASH_job466.root
SIGMAB_COUNTS tag=MONASH species=Sigma_b+ pdg=5222 slice=eta_ge_2 p=23 a=12 file=/data/alice/ipardoza/hadronization_production/HF_RUN3_V1/raw/MONASH/hf_MONASH_job466.root
SIGMAB_COUNTS tag=MONASH species=Sigma_b0 pdg=5212 slice=all p=22 a=20 file=/data/alice/ipardoza/hadronization_production/HF_RUN3_V1/raw/MONASH/hf_MONASH_job466.root
SIGMAB_COUNTS tag=MONASH species=Sigma_b0 pdg=5212 slice=eta_lt_1 p=4 a=3 file=/data/alice/ipardoza/hadronization_production/HF_RUN3_V1/raw/MONASH/hf_MONASH_job466.root
SIGMAB_COUNTS tag=MONASH species=Sigma_b0 pdg=5212 slice=eta_1_2 p=4 a=5 file=/data/alice/ipardoza/hadronization_production/HF_RUN3_V1/raw/MONASH/hf_MONASH_job466.root
SIGMAB_COUNTS tag=MONASH species=Sigma_b0 pdg=5212 slice=eta_ge_2 p=14 a=12 file=/data/alice/ipardoza/hadronization_production/HF_RUN3_V1/raw/MONASH/hf_MONASH_job466.root
SIGMAB_COUNTS tag=MONASH species=Sigma_b- pdg=5112 slice=all p=33 a=20 file=/data/alice/ipardoza/hadronization_production/HF_RUN3_V1/raw/MONASH/hf_MONASH_job466.root
SIGMAB_COUNTS tag=MONASH species=Sigma_b- pdg=5112 slice=eta_lt_1 p=8 a=3 file=/data/alice/ipardoza/hadronization_production/HF_RUN3_V1/raw/MONASH/hf_MONASH_job466.root
SIGMAB_COUNTS tag=MONASH species=Sigma_b- pdg=5112 slice=eta_1_2 p=8 a=7 file=/data/alice/ipardoza/hadronization_production/HF_RUN3_V1/raw/MONASH/hf_MONASH_job466.root
SIGMAB_COUNTS tag=MONASH species=Sigma_b- pdg=5112 slice=eta_ge_2 p=17 a=10 file=/data/alice/ipardoza/hadronization_production/HF_RUN3_V1/raw/MONASH/hf_MONASH_job466.root
SIGMAB_COUNTS tag=MONASH species=Sigma*_b+ pdg=5224 slice=all p=41 a=52 file=/data/alice/ipardoza/hadronization_production/HF_RUN3_V1/raw/MONASH/hf_MONASH_job466.root
SIGMAB_COUNTS tag=MONASH species=Sigma*_b+ pdg=5224 slice=eta_lt_1 p=3 a=13 file=/data/alice/ipardoza/hadronization_production/HF_RUN3_V1/raw/MONASH/hf_MONASH_job466.root
SIGMAB_COUNTS tag=MONASH species=Sigma*_b+ pdg=5224 slice=eta_1_2 p=10 a=14 file=/data/alice/ipardoza/hadronization_production/HF_RUN3_V1/raw/MONASH/hf_MONASH_job466.root
SIGMAB_COUNTS tag=MONASH species=Sigma*_b+ pdg=5224 slice=eta_ge_2 p=28 a=25 file=/data/alice/ipardoza/hadronization_production/HF_RUN3_V1/raw/MONASH/hf_MONASH_job466.root
SIGMAB_COUNTS tag=MONASH species=Sigma*_b0 pdg=5214 slice=all p=53 a=44 file=/data/alice/ipardoza/hadronization_production/HF_RUN3_V1/raw/MONASH/hf_MONASH_job466.root
SIGMAB_COUNTS tag=MONASH species=Sigma*_b0 pdg=5214 slice=eta_lt_1 p=8 a=10 file=/data/alice/ipardoza/hadronization_production/HF_RUN3_V1/raw/MONASH/hf_MONASH_job466.root
SIGMAB_COUNTS tag=MONASH species=Sigma*_b0 pdg=5214 slice=eta_1_2 p=14 a=9 file=/data/alice/ipardoza/hadronization_production/HF_RUN3_V1/raw/MONASH/hf_MONASH_job466.root
SIGMAB_COUNTS tag=MONASH species=Sigma*_b0 pdg=5214 slice=eta_ge_2 p=31 a=25 file=/data/alice/ipardoza/hadronization_production/HF_RUN3_V1/raw/MONASH/hf_MONASH_job466.root
SIGMAB_COUNTS tag=MONASH species=Sigma*_b- pdg=5114 slice=all p=52 a=51 file=/data/alice/ipardoza/hadronization_production/HF_RUN3_V1/raw/MONASH/hf_MONASH_job466.root
SIGMAB_COUNTS tag=MONASH species=Sigma*_b- pdg=5114 slice=eta_lt_1 p=8 a=9 file=/data/alice/ipardoza/hadronization_production/HF_RUN3_V1/raw/MONASH/hf_MONASH_job466.root
SIGMAB_COUNTS tag=MONASH species=Sigma*_b- pdg=5114 slice=eta_1_2 p=10 a=8 file=/data/alice/ipardoza/hadronization_production/HF_RUN3_V1/raw/MONASH/hf_MONASH_job466.root
SIGMAB_COUNTS tag=MONASH species=Sigma*_b- pdg=5114 slice=eta_ge_2 p=34 a=34 file=/data/alice/ipardoza/hadronization_production/HF_RUN3_V1/raw/MONASH/hf_MONASH_job466.root
SIGMAB_COUNTS tag=MONASH species=Lambda_b0 pdg=5122 slice=all p=327 a=319 file=/data/alice/ipardoza/hadronization_production/HF_RUN3_V1/raw/MONASH/hf_MONASH_job466.root
SIGMAB_COUNTS tag=MONASH species=Lambda_b0 pdg=5122 slice=eta_lt_1 p=71 a=63 file=/data/alice/ipardoza/hadronization_production/HF_RUN3_V1/raw/MONASH/hf_MONASH_job466.root
SIGMAB_COUNTS tag=MONASH species=Lambda_b0 pdg=5122 slice=eta_1_2 p=71 a=83 file=/data/alice/ipardoza/hadronization_production/HF_RUN3_V1/raw/MONASH/hf_MONASH_job466.root
SIGMAB_COUNTS tag=MONASH species=Lambda_b0 pdg=5122 slice=eta_ge_2 p=185 a=173 file=/data/alice/ipardoza/hadronization_production/HF_RUN3_V1/raw/MONASH/hf_MONASH_job466.root
SIGMAB_COUNTS tag=MONASH species=Xi_b0 pdg=5232 slice=all p=51 a=49 file=/data/alice/ipardoza/hadronization_production/HF_RUN3_V1/raw/MONASH/hf_MONASH_job466.root
SIGMAB_COUNTS tag=MONASH species=Xi_b0 pdg=5232 slice=eta_lt_1 p=8 a=13 file=/data/alice/ipardoza/hadronization_production/HF_RUN3_V1/raw/MONASH/hf_MONASH_job466.root
SIGMAB_COUNTS tag=MONASH species=Xi_b0 pdg=5232 slice=eta_1_2 p=13 a=11 file=/data/alice/ipardoza/hadronization_production/HF_RUN3_V1/raw/MONASH/hf_MONASH_job466.root
SIGMAB_COUNTS tag=MONASH species=Xi_b0 pdg=5232 slice=eta_ge_2 p=30 a=25 file=/data/alice/ipardoza/hadronization_production/HF_RUN3_V1/raw/MONASH/hf_MONASH_job466.root
SIGMAB_COUNTS tag=MONASH species=Xi_b- pdg=5132 slice=all p=62 a=67 file=/data/alice/ipardoza/hadronization_production/HF_RUN3_V1/raw/MONASH/hf_MONASH_job466.root
SIGMAB_COUNTS tag=MONASH species=Xi_b- pdg=5132 slice=eta_lt_1 p=15 a=10 file=/data/alice/ipardoza/hadronization_production/HF_RUN3_V1/raw/MONASH/hf_MONASH_job466.root
SIGMAB_COUNTS tag=MONASH species=Xi_b- pdg=5132 slice=eta_1_2 p=19 a=11 file=/data/alice/ipardoza/hadronization_production/HF_RUN3_V1/raw/MONASH/hf_MONASH_job466.root
SIGMAB_COUNTS tag=MONASH species=Xi_b- pdg=5132 slice=eta_ge_2 p=28 a=46 file=/data/alice/ipardoza/hadronization_production/HF_RUN3_V1/raw/MONASH/hf_MONASH_job466.root
SIGMAB_COUNTS tag=MONASH species=Sigma_b+ pdg=5222 slice=all p=40 a=11 file=/data/alice/ipardoza/hadronization_production/HF_RUN3_V1/raw/MONASH/hf_MONASH_job467.root
SIGMAB_COUNTS tag=MONASH species=Sigma_b+ pdg=5222 slice=eta_lt_1 p=10 a=2 file=/data/alice/ipardoza/hadronization_production/HF_RUN3_V1/raw/MONASH/hf_MONASH_job467.root
SIGMAB_COUNTS tag=MONASH species=Sigma_b+ pdg=5222 slice=eta_1_2 p=4 a=1 file=/data/alice/ipardoza/hadronization_production/HF_RUN3_V1/raw/MONASH/hf_MONASH_job467.root
SIGMAB_COUNTS tag=MONASH species=Sigma_b+ pdg=5222 slice=eta_ge_2 p=26 a=8 file=/data/alice/ipardoza/hadronization_production/HF_RUN3_V1/raw/MONASH/hf_MONASH_job467.root
SIGMAB_COUNTS tag=MONASH species=Sigma_b0 pdg=5212 slice=all p=45 a=25 file=/data/alice/ipardoza/hadronization_production/HF_RUN3_V1/raw/MONASH/hf_MONASH_job467.root
SIGMAB_COUNTS tag=MONASH species=Sigma_b0 pdg=5212 slice=eta_lt_1 p=5 a=4 file=/data/alice/ipardoza/hadronization_production/HF_RUN3_V1/raw/MONASH/hf_MONASH_job467.root
SIGMAB_COUNTS tag=MONASH species=Sigma_b0 pdg=5212 slice=eta_1_2 p=13 a=4 file=/data/alice/ipardoza/hadronization_production/HF_RUN3_V1/raw/MONASH/hf_MONASH_job467.root
SIGMAB_COUNTS tag=MONASH species=Sigma_b0 pdg=5212 slice=eta_ge_2 p=27 a=17 file=/data/alice/ipardoza/hadronization_production/HF_RUN3_V1/raw/MONASH/hf_MONASH_job467.root
SIGMAB_COUNTS tag=MONASH species=Sigma_b- pdg=5112 slice=all p=33 a=18 file=/data/alice/ipardoza/hadronization_production/HF_RUN3_V1/raw/MONASH/hf_MONASH_job467.root
SIGMAB_COUNTS tag=MONASH species=Sigma_b- pdg=5112 slice=eta_lt_1 p=6 a=4 file=/data/alice/ipardoza/hadronization_production/HF_RUN3_V1/raw/MONASH/hf_MONASH_job467.root
SIGMAB_COUNTS tag=MONASH species=Sigma_b- pdg=5112 slice=eta_1_2 p=10 a=4 file=/data/alice/ipardoza/hadronization_production/HF_RUN3_V1/raw/MONASH/hf_MONASH_job467.root
SIGMAB_COUNTS tag=MONASH species=Sigma_b- pdg=5112 slice=eta_ge_2 p=17 a=10 file=/data/alice/ipardoza/hadronization_production/HF_RUN3_V1/raw/MONASH/hf_MONASH_job467.root
SIGMAB_COUNTS tag=MONASH species=Sigma*_b+ pdg=5224 slice=all p=55 a=52 file=/data/alice/ipardoza/hadronization_production/HF_RUN3_V1/raw/MONASH/hf_MONASH_job467.root
SIGMAB_COUNTS tag=MONASH species=Sigma*_b+ pdg=5224 slice=eta_lt_1 p=11 a=10 file=/data/alice/ipardoza/hadronization_production/HF_RUN3_V1/raw/MONASH/hf_MONASH_job467.root
SIGMAB_COUNTS tag=MONASH species=Sigma*_b+ pdg=5224 slice=eta_1_2 p=11 a=11 file=/data/alice/ipardoza/hadronization_production/HF_RUN3_V1/raw/MONASH/hf_MONASH_job467.root
SIGMAB_COUNTS tag=MONASH species=Sigma*_b+ pdg=5224 slice=eta_ge_2 p=33 a=31 file=/data/alice/ipardoza/hadronization_production/HF_RUN3_V1/raw/MONASH/hf_MONASH_job467.root
SIGMAB_COUNTS tag=MONASH species=Sigma*_b0 pdg=5214 slice=all p=46 a=36 file=/data/alice/ipardoza/hadronization_production/HF_RUN3_V1/raw/MONASH/hf_MONASH_job467.root
SIGMAB_COUNTS tag=MONASH species=Sigma*_b0 pdg=5214 slice=eta_lt_1 p=8 a=6 file=/data/alice/ipardoza/hadronization_production/HF_RUN3_V1/raw/MONASH/hf_MONASH_job467.root
SIGMAB_COUNTS tag=MONASH species=Sigma*_b0 pdg=5214 slice=eta_1_2 p=5 a=7 file=/data/alice/ipardoza/hadronization_production/HF_RUN3_V1/raw/MONASH/hf_MONASH_job467.root
SIGMAB_COUNTS tag=MONASH species=Sigma*_b0 pdg=5214 slice=eta_ge_2 p=33 a=23 file=/data/alice/ipardoza/hadronization_production/HF_RUN3_V1/raw/MONASH/hf_MONASH_job467.root
SIGMAB_COUNTS tag=MONASH species=Sigma*_b- pdg=5114 slice=all p=38 a=34 file=/data/alice/ipardoza/hadronization_production/HF_RUN3_V1/raw/MONASH/hf_MONASH_job467.root
SIGMAB_COUNTS tag=MONASH species=Sigma*_b- pdg=5114 slice=eta_lt_1 p=4 a=3 file=/data/alice/ipardoza/hadronization_production/HF_RUN3_V1/raw/MONASH/hf_MONASH_job467.root
SIGMAB_COUNTS tag=MONASH species=Sigma*_b- pdg=5114 slice=eta_1_2 p=10 a=7 file=/data/alice/ipardoza/hadronization_production/HF_RUN3_V1/raw/MONASH/hf_MONASH_job467.root
SIGMAB_COUNTS tag=MONASH species=Sigma*_b- pdg=5114 slice=eta_ge_2 p=24 a=24 file=/data/alice/ipardoza/hadronization_production/HF_RUN3_V1/raw/MONASH/hf_MONASH_job467.root
SIGMAB_COUNTS tag=MONASH species=Lambda_b0 pdg=5122 slice=all p=326 a=320 file=/data/alice/ipardoza/hadronization_production/HF_RUN3_V1/raw/MONASH/hf_MONASH_job467.root
SIGMAB_COUNTS tag=MONASH species=Lambda_b0 pdg=5122 slice=eta_lt_1 p=64 a=65 file=/data/alice/ipardoza/hadronization_production/HF_RUN3_V1/raw/MONASH/hf_MONASH_job467.root
SIGMAB_COUNTS tag=MONASH species=Lambda_b0 pdg=5122 slice=eta_1_2 p=73 a=64 file=/data/alice/ipardoza/hadronization_production/HF_RUN3_V1/raw/MONASH/hf_MONASH_job467.root
SIGMAB_COUNTS tag=MONASH species=Lambda_b0 pdg=5122 slice=eta_ge_2 p=189 a=191 file=/data/alice/ipardoza/hadronization_production/HF_RUN3_V1/raw/MONASH/hf_MONASH_job467.root
SIGMAB_COUNTS tag=MONASH species=Xi_b0 pdg=5232 slice=all p=55 a=65 file=/data/alice/ipardoza/hadronization_production/HF_RUN3_V1/raw/MONASH/hf_MONASH_job467.root
SIGMAB_COUNTS tag=MONASH species=Xi_b0 pdg=5232 slice=eta_lt_1 p=12 a=13 file=/data/alice/ipardoza/hadronization_production/HF_RUN3_V1/raw/MONASH/hf_MONASH_job467.root
SIGMAB_COUNTS tag=MONASH species=Xi_b0 pdg=5232 slice=eta_1_2 p=10 a=13 file=/data/alice/ipardoza/hadronization_production/HF_RUN3_V1/raw/MONASH/hf_MONASH_job467.root
SIGMAB_COUNTS tag=MONASH species=Xi_b0 pdg=5232 slice=eta_ge_2 p=33 a=39 file=/data/alice/ipardoza/hadronization_production/HF_RUN3_V1/raw/MONASH/hf_MONASH_job467.root
SIGMAB_COUNTS tag=MONASH species=Xi_b- pdg=5132 slice=all p=66 a=59 file=/data/alice/ipardoza/hadronization_production/HF_RUN3_V1/raw/MONASH/hf_MONASH_job467.root
SIGMAB_COUNTS tag=MONASH species=Xi_b- pdg=5132 slice=eta_lt_1 p=6 a=12 file=/data/alice/ipardoza/hadronization_production/HF_RUN3_V1/raw/MONASH/hf_MONASH_job467.root
SIGMAB_COUNTS tag=MONASH species=Xi_b- pdg=5132 slice=eta_1_2 p=14 a=10 file=/data/alice/ipardoza/hadronization_production/HF_RUN3_V1/raw/MONASH/hf_MONASH_job467.root
SIGMAB_COUNTS tag=MONASH species=Xi_b- pdg=5132 slice=eta_ge_2 p=46 a=37 file=/data/alice/ipardoza/hadronization_production/HF_RUN3_V1/raw/MONASH/hf_MONASH_job467.root
SIGMAB_COUNTS tag=MONASH species=Sigma_b+ pdg=5222 slice=all p=36 a=19 file=/data/alice/ipardoza/hadronization_production/HF_RUN3_V1/raw/MONASH/hf_MONASH_job468.root
SIGMAB_COUNTS tag=MONASH species=Sigma_b+ pdg=5222 slice=eta_lt_1 p=6 a=2 file=/data/alice/ipardoza/hadronization_production/HF_RUN3_V1/raw/MONASH/hf_MONASH_job468.root
SIGMAB_COUNTS tag=MONASH species=Sigma_b+ pdg=5222 slice=eta_1_2 p=6 a=5 file=/data/alice/ipardoza/hadronization_production/HF_RUN3_V1/raw/MONASH/hf_MONASH_job468.root
SIGMAB_COUNTS tag=MONASH species=Sigma_b+ pdg=5222 slice=eta_ge_2 p=24 a=12 file=/data/alice/ipardoza/hadronization_production/HF_RUN3_V1/raw/MONASH/hf_MONASH_job468.root
SIGMAB_COUNTS tag=MONASH species=Sigma_b0 pdg=5212 slice=all p=38 a=21 file=/data/alice/ipardoza/hadronization_production/HF_RUN3_V1/raw/MONASH/hf_MONASH_job468.root
SIGMAB_COUNTS tag=MONASH species=Sigma_b0 pdg=5212 slice=eta_lt_1 p=6 a=3 file=/data/alice/ipardoza/hadronization_production/HF_RUN3_V1/raw/MONASH/hf_MONASH_job468.root
SIGMAB_COUNTS tag=MONASH species=Sigma_b0 pdg=5212 slice=eta_1_2 p=10 a=5 file=/data/alice/ipardoza/hadronization_production/HF_RUN3_V1/raw/MONASH/hf_MONASH_job468.root
SIGMAB_COUNTS tag=MONASH species=Sigma_b0 pdg=5212 slice=eta_ge_2 p=22 a=13 file=/data/alice/ipardoza/hadronization_production/HF_RUN3_V1/raw/MONASH/hf_MONASH_job468.root
SIGMAB_COUNTS tag=MONASH species=Sigma_b- pdg=5112 slice=all p=36 a=20 file=/data/alice/ipardoza/hadronization_production/HF_RUN3_V1/raw/MONASH/hf_MONASH_job468.root
SIGMAB_COUNTS tag=MONASH species=Sigma_b- pdg=5112 slice=eta_lt_1 p=1 a=2 file=/data/alice/ipardoza/hadronization_production/HF_RUN3_V1/raw/MONASH/hf_MONASH_job468.root
SIGMAB_COUNTS tag=MONASH species=Sigma_b- pdg=5112 slice=eta_1_2 p=9 a=7 file=/data/alice/ipardoza/hadronization_production/HF_RUN3_V1/raw/MONASH/hf_MONASH_job468.root
SIGMAB_COUNTS tag=MONASH species=Sigma_b- pdg=5112 slice=eta_ge_2 p=26 a=11 file=/data/alice/ipardoza/hadronization_production/HF_RUN3_V1/raw/MONASH/hf_MONASH_job468.root
SIGMAB_COUNTS tag=MONASH species=Sigma*_b+ pdg=5224 slice=all p=49 a=32 file=/data/alice/ipardoza/hadronization_production/HF_RUN3_V1/raw/MONASH/hf_MONASH_job468.root
SIGMAB_COUNTS tag=MONASH species=Sigma*_b+ pdg=5224 slice=eta_lt_1 p=9 a=10 file=/data/alice/ipardoza/hadronization_production/HF_RUN3_V1/raw/MONASH/hf_MONASH_job468.root
SIGMAB_COUNTS tag=MONASH species=Sigma*_b+ pdg=5224 slice=eta_1_2 p=8 a=3 file=/data/alice/ipardoza/hadronization_production/HF_RUN3_V1/raw/MONASH/hf_MONASH_job468.root
SIGMAB_COUNTS tag=MONASH species=Sigma*_b+ pdg=5224 slice=eta_ge_2 p=32 a=19 file=/data/alice/ipardoza/hadronization_production/HF_RUN3_V1/raw/MONASH/hf_MONASH_job468.root
SIGMAB_COUNTS tag=MONASH species=Sigma*_b0 pdg=5214 slice=all p=46 a=32 file=/data/alice/ipardoza/hadronization_production/HF_RUN3_V1/raw/MONASH/hf_MONASH_job468.root
SIGMAB_COUNTS tag=MONASH species=Sigma*_b0 pdg=5214 slice=eta_lt_1 p=4 a=6 file=/data/alice/ipardoza/hadronization_production/HF_RUN3_V1/raw/MONASH/hf_MONASH_job468.root
SIGMAB_COUNTS tag=MONASH species=Sigma*_b0 pdg=5214 slice=eta_1_2 p=10 a=3 file=/data/alice/ipardoza/hadronization_production/HF_RUN3_V1/raw/MONASH/hf_MONASH_job468.root
SIGMAB_COUNTS tag=MONASH species=Sigma*_b0 pdg=5214 slice=eta_ge_2 p=32 a=23 file=/data/alice/ipardoza/hadronization_production/HF_RUN3_V1/raw/MONASH/hf_MONASH_job468.root
SIGMAB_COUNTS tag=MONASH species=Sigma*_b- pdg=5114 slice=all p=53 a=44 file=/data/alice/ipardoza/hadronization_production/HF_RUN3_V1/raw/MONASH/hf_MONASH_job468.root
SIGMAB_COUNTS tag=MONASH species=Sigma*_b- pdg=5114 slice=eta_lt_1 p=10 a=9 file=/data/alice/ipardoza/hadronization_production/HF_RUN3_V1/raw/MONASH/hf_MONASH_job468.root
SIGMAB_COUNTS tag=MONASH species=Sigma*_b- pdg=5114 slice=eta_1_2 p=14 a=9 file=/data/alice/ipardoza/hadronization_production/HF_RUN3_V1/raw/MONASH/hf_MONASH_job468.root
SIGMAB_COUNTS tag=MONASH species=Sigma*_b- pdg=5114 slice=eta_ge_2 p=29 a=26 file=/data/alice/ipardoza/hadronization_production/HF_RUN3_V1/raw/MONASH/hf_MONASH_job468.root
SIGMAB_COUNTS tag=MONASH species=Lambda_b0 pdg=5122 slice=all p=308 a=320 file=/data/alice/ipardoza/hadronization_production/HF_RUN3_V1/raw/MONASH/hf_MONASH_job468.root
SIGMAB_COUNTS tag=MONASH species=Lambda_b0 pdg=5122 slice=eta_lt_1 p=54 a=53 file=/data/alice/ipardoza/hadronization_production/HF_RUN3_V1/raw/MONASH/hf_MONASH_job468.root
SIGMAB_COUNTS tag=MONASH species=Lambda_b0 pdg=5122 slice=eta_1_2 p=63 a=73 file=/data/alice/ipardoza/hadronization_production/HF_RUN3_V1/raw/MONASH/hf_MONASH_job468.root
SIGMAB_COUNTS tag=MONASH species=Lambda_b0 pdg=5122 slice=eta_ge_2 p=191 a=194 file=/data/alice/ipardoza/hadronization_production/HF_RUN3_V1/raw/MONASH/hf_MONASH_job468.root
SIGMAB_COUNTS tag=MONASH species=Xi_b0 pdg=5232 slice=all p=62 a=53 file=/data/alice/ipardoza/hadronization_production/HF_RUN3_V1/raw/MONASH/hf_MONASH_job468.root
SIGMAB_COUNTS tag=MONASH species=Xi_b0 pdg=5232 slice=eta_lt_1 p=10 a=10 file=/data/alice/ipardoza/hadronization_production/HF_RUN3_V1/raw/MONASH/hf_MONASH_job468.root
SIGMAB_COUNTS tag=MONASH species=Xi_b0 pdg=5232 slice=eta_1_2 p=10 a=13 file=/data/alice/ipardoza/hadronization_production/HF_RUN3_V1/raw/MONASH/hf_MONASH_job468.root
SIGMAB_COUNTS tag=MONASH species=Xi_b0 pdg=5232 slice=eta_ge_2 p=42 a=30 file=/data/alice/ipardoza/hadronization_production/HF_RUN3_V1/raw/MONASH/hf_MONASH_job468.root
SIGMAB_COUNTS tag=MONASH species=Xi_b- pdg=5132 slice=all p=58 a=51 file=/data/alice/ipardoza/hadronization_production/HF_RUN3_V1/raw/MONASH/hf_MONASH_job468.root
SIGMAB_COUNTS tag=MONASH species=Xi_b- pdg=5132 slice=eta_lt_1 p=10 a=4 file=/data/alice/ipardoza/hadronization_production/HF_RUN3_V1/raw/MONASH/hf_MONASH_job468.root
SIGMAB_COUNTS tag=MONASH species=Xi_b- pdg=5132 slice=eta_1_2 p=15 a=14 file=/data/alice/ipardoza/hadronization_production/HF_RUN3_V1/raw/MONASH/hf_MONASH_job468.root
SIGMAB_COUNTS tag=MONASH species=Xi_b- pdg=5132 slice=eta_ge_2 p=33 a=33 file=/data/alice/ipardoza/hadronization_production/HF_RUN3_V1/raw/MONASH/hf_MONASH_job468.root
SIGMAB_COUNTS tag=MONASH species=Sigma_b+ pdg=5222 slice=all p=32 a=9 file=/data/alice/ipardoza/hadronization_production/HF_RUN3_V1/raw/MONASH/hf_MONASH_job469.root
SIGMAB_COUNTS tag=MONASH species=Sigma_b+ pdg=5222 slice=eta_lt_1 p=4 a=2 file=/data/alice/ipardoza/hadronization_production/HF_RUN3_V1/raw/MONASH/hf_MONASH_job469.root
SIGMAB_COUNTS tag=MONASH species=Sigma_b+ pdg=5222 slice=eta_1_2 p=6 a=0 file=/data/alice/ipardoza/hadronization_production/HF_RUN3_V1/raw/MONASH/hf_MONASH_job469.root
SIGMAB_COUNTS tag=MONASH species=Sigma_b+ pdg=5222 slice=eta_ge_2 p=22 a=7 file=/data/alice/ipardoza/hadronization_production/HF_RUN3_V1/raw/MONASH/hf_MONASH_job469.root
SIGMAB_COUNTS tag=MONASH species=Sigma_b0 pdg=5212 slice=all p=34 a=29 file=/data/alice/ipardoza/hadronization_production/HF_RUN3_V1/raw/MONASH/hf_MONASH_job469.root
SIGMAB_COUNTS tag=MONASH species=Sigma_b0 pdg=5212 slice=eta_lt_1 p=6 a=7 file=/data/alice/ipardoza/hadronization_production/HF_RUN3_V1/raw/MONASH/hf_MONASH_job469.root
SIGMAB_COUNTS tag=MONASH species=Sigma_b0 pdg=5212 slice=eta_1_2 p=5 a=7 file=/data/alice/ipardoza/hadronization_production/HF_RUN3_V1/raw/MONASH/hf_MONASH_job469.root
SIGMAB_COUNTS tag=MONASH species=Sigma_b0 pdg=5212 slice=eta_ge_2 p=23 a=15 file=/data/alice/ipardoza/hadronization_production/HF_RUN3_V1/raw/MONASH/hf_MONASH_job469.root
SIGMAB_COUNTS tag=MONASH species=Sigma_b- pdg=5112 slice=all p=29 a=20 file=/data/alice/ipardoza/hadronization_production/HF_RUN3_V1/raw/MONASH/hf_MONASH_job469.root
SIGMAB_COUNTS tag=MONASH species=Sigma_b- pdg=5112 slice=eta_lt_1 p=6 a=4 file=/data/alice/ipardoza/hadronization_production/HF_RUN3_V1/raw/MONASH/hf_MONASH_job469.root
SIGMAB_COUNTS tag=MONASH species=Sigma_b- pdg=5112 slice=eta_1_2 p=6 a=2 file=/data/alice/ipardoza/hadronization_production/HF_RUN3_V1/raw/MONASH/hf_MONASH_job469.root
SIGMAB_COUNTS tag=MONASH species=Sigma_b- pdg=5112 slice=eta_ge_2 p=17 a=14 file=/data/alice/ipardoza/hadronization_production/HF_RUN3_V1/raw/MONASH/hf_MONASH_job469.root
SIGMAB_COUNTS tag=MONASH species=Sigma*_b+ pdg=5224 slice=all p=59 a=45 file=/data/alice/ipardoza/hadronization_production/HF_RUN3_V1/raw/MONASH/hf_MONASH_job469.root
SIGMAB_COUNTS tag=MONASH species=Sigma*_b+ pdg=5224 slice=eta_lt_1 p=8 a=6 file=/data/alice/ipardoza/hadronization_production/HF_RUN3_V1/raw/MONASH/hf_MONASH_job469.root
SIGMAB_COUNTS tag=MONASH species=Sigma*_b+ pdg=5224 slice=eta_1_2 p=13 a=11 file=/data/alice/ipardoza/hadronization_production/HF_RUN3_V1/raw/MONASH/hf_MONASH_job469.root
SIGMAB_COUNTS tag=MONASH species=Sigma*_b+ pdg=5224 slice=eta_ge_2 p=38 a=28 file=/data/alice/ipardoza/hadronization_production/HF_RUN3_V1/raw/MONASH/hf_MONASH_job469.root
SIGMAB_COUNTS tag=MONASH species=Sigma*_b0 pdg=5214 slice=all p=41 a=31 file=/data/alice/ipardoza/hadronization_production/HF_RUN3_V1/raw/MONASH/hf_MONASH_job469.root
SIGMAB_COUNTS tag=MONASH species=Sigma*_b0 pdg=5214 slice=eta_lt_1 p=4 a=5 file=/data/alice/ipardoza/hadronization_production/HF_RUN3_V1/raw/MONASH/hf_MONASH_job469.root
SIGMAB_COUNTS tag=MONASH species=Sigma*_b0 pdg=5214 slice=eta_1_2 p=7 a=6 file=/data/alice/ipardoza/hadronization_production/HF_RUN3_V1/raw/MONASH/hf_MONASH_job469.root
SIGMAB_COUNTS tag=MONASH species=Sigma*_b0 pdg=5214 slice=eta_ge_2 p=30 a=20 file=/data/alice/ipardoza/hadronization_production/HF_RUN3_V1/raw/MONASH/hf_MONASH_job469.root
SIGMAB_COUNTS tag=MONASH species=Sigma*_b- pdg=5114 slice=all p=41 a=35 file=/data/alice/ipardoza/hadronization_production/HF_RUN3_V1/raw/MONASH/hf_MONASH_job469.root
SIGMAB_COUNTS tag=MONASH species=Sigma*_b- pdg=5114 slice=eta_lt_1 p=5 a=3 file=/data/alice/ipardoza/hadronization_production/HF_RUN3_V1/raw/MONASH/hf_MONASH_job469.root
SIGMAB_COUNTS tag=MONASH species=Sigma*_b- pdg=5114 slice=eta_1_2 p=11 a=7 file=/data/alice/ipardoza/hadronization_production/HF_RUN3_V1/raw/MONASH/hf_MONASH_job469.root
SIGMAB_COUNTS tag=MONASH species=Sigma*_b- pdg=5114 slice=eta_ge_2 p=25 a=25 file=/data/alice/ipardoza/hadronization_production/HF_RUN3_V1/raw/MONASH/hf_MONASH_job469.root
SIGMAB_COUNTS tag=MONASH species=Lambda_b0 pdg=5122 slice=all p=331 a=314 file=/data/alice/ipardoza/hadronization_production/HF_RUN3_V1/raw/MONASH/hf_MONASH_job469.root
SIGMAB_COUNTS tag=MONASH species=Lambda_b0 pdg=5122 slice=eta_lt_1 p=66 a=61 file=/data/alice/ipardoza/hadronization_production/HF_RUN3_V1/raw/MONASH/hf_MONASH_job469.root
SIGMAB_COUNTS tag=MONASH species=Lambda_b0 pdg=5122 slice=eta_1_2 p=73 a=68 file=/data/alice/ipardoza/hadronization_production/HF_RUN3_V1/raw/MONASH/hf_MONASH_job469.root
SIGMAB_COUNTS tag=MONASH species=Lambda_b0 pdg=5122 slice=eta_ge_2 p=192 a=185 file=/data/alice/ipardoza/hadronization_production/HF_RUN3_V1/raw/MONASH/hf_MONASH_job469.root
SIGMAB_COUNTS tag=MONASH species=Xi_b0 pdg=5232 slice=all p=43 a=56 file=/data/alice/ipardoza/hadronization_production/HF_RUN3_V1/raw/MONASH/hf_MONASH_job469.root
SIGMAB_COUNTS tag=MONASH species=Xi_b0 pdg=5232 slice=eta_lt_1 p=10 a=8 file=/data/alice/ipardoza/hadronization_production/HF_RUN3_V1/raw/MONASH/hf_MONASH_job469.root
SIGMAB_COUNTS tag=MONASH species=Xi_b0 pdg=5232 slice=eta_1_2 p=14 a=17 file=/data/alice/ipardoza/hadronization_production/HF_RUN3_V1/raw/MONASH/hf_MONASH_job469.root
SIGMAB_COUNTS tag=MONASH species=Xi_b0 pdg=5232 slice=eta_ge_2 p=19 a=31 file=/data/alice/ipardoza/hadronization_production/HF_RUN3_V1/raw/MONASH/hf_MONASH_job469.root
SIGMAB_COUNTS tag=MONASH species=Xi_b- pdg=5132 slice=all p=61 a=57 file=/data/alice/ipardoza/hadronization_production/HF_RUN3_V1/raw/MONASH/hf_MONASH_job469.root
SIGMAB_COUNTS tag=MONASH species=Xi_b- pdg=5132 slice=eta_lt_1 p=5 a=10 file=/data/alice/ipardoza/hadronization_production/HF_RUN3_V1/raw/MONASH/hf_MONASH_job469.root
SIGMAB_COUNTS tag=MONASH species=Xi_b- pdg=5132 slice=eta_1_2 p=13 a=10 file=/data/alice/ipardoza/hadronization_production/HF_RUN3_V1/raw/MONASH/hf_MONASH_job469.root
SIGMAB_COUNTS tag=MONASH species=Xi_b- pdg=5132 slice=eta_ge_2 p=43 a=37 file=/data/alice/ipardoza/hadronization_production/HF_RUN3_V1/raw/MONASH/hf_MONASH_job469.root
SIGMAB_COUNTS tag=MONASH species=Sigma_b+ pdg=5222 slice=all p=22 a=19 file=/data/alice/ipardoza/hadronization_production/HF_RUN3_V1/raw/MONASH/hf_MONASH_job470.root
SIGMAB_COUNTS tag=MONASH species=Sigma_b+ pdg=5222 slice=eta_lt_1 p=4 a=4 file=/data/alice/ipardoza/hadronization_production/HF_RUN3_V1/raw/MONASH/hf_MONASH_job470.root
SIGMAB_COUNTS tag=MONASH species=Sigma_b+ pdg=5222 slice=eta_1_2 p=2 a=4 file=/data/alice/ipardoza/hadronization_production/HF_RUN3_V1/raw/MONASH/hf_MONASH_job470.root
SIGMAB_COUNTS tag=MONASH species=Sigma_b+ pdg=5222 slice=eta_ge_2 p=16 a=11 file=/data/alice/ipardoza/hadronization_production/HF_RUN3_V1/raw/MONASH/hf_MONASH_job470.root
SIGMAB_COUNTS tag=MONASH species=Sigma_b0 pdg=5212 slice=all p=28 a=22 file=/data/alice/ipardoza/hadronization_production/HF_RUN3_V1/raw/MONASH/hf_MONASH_job470.root
SIGMAB_COUNTS tag=MONASH species=Sigma_b0 pdg=5212 slice=eta_lt_1 p=3 a=5 file=/data/alice/ipardoza/hadronization_production/HF_RUN3_V1/raw/MONASH/hf_MONASH_job470.root
SIGMAB_COUNTS tag=MONASH species=Sigma_b0 pdg=5212 slice=eta_1_2 p=6 a=6 file=/data/alice/ipardoza/hadronization_production/HF_RUN3_V1/raw/MONASH/hf_MONASH_job470.root
SIGMAB_COUNTS tag=MONASH species=Sigma_b0 pdg=5212 slice=eta_ge_2 p=19 a=11 file=/data/alice/ipardoza/hadronization_production/HF_RUN3_V1/raw/MONASH/hf_MONASH_job470.root
SIGMAB_COUNTS tag=MONASH species=Sigma_b- pdg=5112 slice=all p=27 a=18 file=/data/alice/ipardoza/hadronization_production/HF_RUN3_V1/raw/MONASH/hf_MONASH_job470.root
SIGMAB_COUNTS tag=MONASH species=Sigma_b- pdg=5112 slice=eta_lt_1 p=6 a=3 file=/data/alice/ipardoza/hadronization_production/HF_RUN3_V1/raw/MONASH/hf_MONASH_job470.root
SIGMAB_COUNTS tag=MONASH species=Sigma_b- pdg=5112 slice=eta_1_2 p=7 a=5 file=/data/alice/ipardoza/hadronization_production/HF_RUN3_V1/raw/MONASH/hf_MONASH_job470.root
SIGMAB_COUNTS tag=MONASH species=Sigma_b- pdg=5112 slice=eta_ge_2 p=14 a=10 file=/data/alice/ipardoza/hadronization_production/HF_RUN3_V1/raw/MONASH/hf_MONASH_job470.root
SIGMAB_COUNTS tag=MONASH species=Sigma*_b+ pdg=5224 slice=all p=42 a=48 file=/data/alice/ipardoza/hadronization_production/HF_RUN3_V1/raw/MONASH/hf_MONASH_job470.root
SIGMAB_COUNTS tag=MONASH species=Sigma*_b+ pdg=5224 slice=eta_lt_1 p=5 a=10 file=/data/alice/ipardoza/hadronization_production/HF_RUN3_V1/raw/MONASH/hf_MONASH_job470.root
SIGMAB_COUNTS tag=MONASH species=Sigma*_b+ pdg=5224 slice=eta_1_2 p=15 a=7 file=/data/alice/ipardoza/hadronization_production/HF_RUN3_V1/raw/MONASH/hf_MONASH_job470.root
SIGMAB_COUNTS tag=MONASH species=Sigma*_b+ pdg=5224 slice=eta_ge_2 p=22 a=31 file=/data/alice/ipardoza/hadronization_production/HF_RUN3_V1/raw/MONASH/hf_MONASH_job470.root
SIGMAB_COUNTS tag=MONASH species=Sigma*_b0 pdg=5214 slice=all p=44 a=44 file=/data/alice/ipardoza/hadronization_production/HF_RUN3_V1/raw/MONASH/hf_MONASH_job470.root
SIGMAB_COUNTS tag=MONASH species=Sigma*_b0 pdg=5214 slice=eta_lt_1 p=6 a=9 file=/data/alice/ipardoza/hadronization_production/HF_RUN3_V1/raw/MONASH/hf_MONASH_job470.root
SIGMAB_COUNTS tag=MONASH species=Sigma*_b0 pdg=5214 slice=eta_1_2 p=8 a=13 file=/data/alice/ipardoza/hadronization_production/HF_RUN3_V1/raw/MONASH/hf_MONASH_job470.root
SIGMAB_COUNTS tag=MONASH species=Sigma*_b0 pdg=5214 slice=eta_ge_2 p=30 a=22 file=/data/alice/ipardoza/hadronization_production/HF_RUN3_V1/raw/MONASH/hf_MONASH_job470.root
SIGMAB_COUNTS tag=MONASH species=Sigma*_b- pdg=5114 slice=all p=47 a=36 file=/data/alice/ipardoza/hadronization_production/HF_RUN3_V1/raw/MONASH/hf_MONASH_job470.root
SIGMAB_COUNTS tag=MONASH species=Sigma*_b- pdg=5114 slice=eta_lt_1 p=9 a=6 file=/data/alice/ipardoza/hadronization_production/HF_RUN3_V1/raw/MONASH/hf_MONASH_job470.root
SIGMAB_COUNTS tag=MONASH species=Sigma*_b- pdg=5114 slice=eta_1_2 p=10 a=16 file=/data/alice/ipardoza/hadronization_production/HF_RUN3_V1/raw/MONASH/hf_MONASH_job470.root
SIGMAB_COUNTS tag=MONASH species=Sigma*_b- pdg=5114 slice=eta_ge_2 p=28 a=14 file=/data/alice/ipardoza/hadronization_production/HF_RUN3_V1/raw/MONASH/hf_MONASH_job470.root
SIGMAB_COUNTS tag=MONASH species=Lambda_b0 pdg=5122 slice=all p=328 a=278 file=/data/alice/ipardoza/hadronization_production/HF_RUN3_V1/raw/MONASH/hf_MONASH_job470.root
SIGMAB_COUNTS tag=MONASH species=Lambda_b0 pdg=5122 slice=eta_lt_1 p=63 a=60 file=/data/alice/ipardoza/hadronization_production/HF_RUN3_V1/raw/MONASH/hf_MONASH_job470.root
SIGMAB_COUNTS tag=MONASH species=Lambda_b0 pdg=5122 slice=eta_1_2 p=60 a=67 file=/data/alice/ipardoza/hadronization_production/HF_RUN3_V1/raw/MONASH/hf_MONASH_job470.root
SIGMAB_COUNTS tag=MONASH species=Lambda_b0 pdg=5122 slice=eta_ge_2 p=205 a=151 file=/data/alice/ipardoza/hadronization_production/HF_RUN3_V1/raw/MONASH/hf_MONASH_job470.root
SIGMAB_COUNTS tag=MONASH species=Xi_b0 pdg=5232 slice=all p=58 a=35 file=/data/alice/ipardoza/hadronization_production/HF_RUN3_V1/raw/MONASH/hf_MONASH_job470.root
SIGMAB_COUNTS tag=MONASH species=Xi_b0 pdg=5232 slice=eta_lt_1 p=8 a=9 file=/data/alice/ipardoza/hadronization_production/HF_RUN3_V1/raw/MONASH/hf_MONASH_job470.root
SIGMAB_COUNTS tag=MONASH species=Xi_b0 pdg=5232 slice=eta_1_2 p=13 a=7 file=/data/alice/ipardoza/hadronization_production/HF_RUN3_V1/raw/MONASH/hf_MONASH_job470.root
SIGMAB_COUNTS tag=MONASH species=Xi_b0 pdg=5232 slice=eta_ge_2 p=37 a=19 file=/data/alice/ipardoza/hadronization_production/HF_RUN3_V1/raw/MONASH/hf_MONASH_job470.root
SIGMAB_COUNTS tag=MONASH species=Xi_b- pdg=5132 slice=all p=61 a=49 file=/data/alice/ipardoza/hadronization_production/HF_RUN3_V1/raw/MONASH/hf_MONASH_job470.root
SIGMAB_COUNTS tag=MONASH species=Xi_b- pdg=5132 slice=eta_lt_1 p=18 a=6 file=/data/alice/ipardoza/hadronization_production/HF_RUN3_V1/raw/MONASH/hf_MONASH_job470.root
SIGMAB_COUNTS tag=MONASH species=Xi_b- pdg=5132 slice=eta_1_2 p=10 a=9 file=/data/alice/ipardoza/hadronization_production/HF_RUN3_V1/raw/MONASH/hf_MONASH_job470.root
SIGMAB_COUNTS tag=MONASH species=Xi_b- pdg=5132 slice=eta_ge_2 p=33 a=34 file=/data/alice/ipardoza/hadronization_production/HF_RUN3_V1/raw/MONASH/hf_MONASH_job470.root
SIGMAB_COUNTS tag=MONASH species=Sigma_b+ pdg=5222 slice=all p=31 a=25 file=/data/alice/ipardoza/hadronization_production/HF_RUN3_V1/raw/MONASH/hf_MONASH_job471.root
SIGMAB_COUNTS tag=MONASH species=Sigma_b+ pdg=5222 slice=eta_lt_1 p=4 a=4 file=/data/alice/ipardoza/hadronization_production/HF_RUN3_V1/raw/MONASH/hf_MONASH_job471.root
SIGMAB_COUNTS tag=MONASH species=Sigma_b+ pdg=5222 slice=eta_1_2 p=5 a=3 file=/data/alice/ipardoza/hadronization_production/HF_RUN3_V1/raw/MONASH/hf_MONASH_job471.root
SIGMAB_COUNTS tag=MONASH species=Sigma_b+ pdg=5222 slice=eta_ge_2 p=22 a=18 file=/data/alice/ipardoza/hadronization_production/HF_RUN3_V1/raw/MONASH/hf_MONASH_job471.root
SIGMAB_COUNTS tag=MONASH species=Sigma_b0 pdg=5212 slice=all p=31 a=18 file=/data/alice/ipardoza/hadronization_production/HF_RUN3_V1/raw/MONASH/hf_MONASH_job471.root
SIGMAB_COUNTS tag=MONASH species=Sigma_b0 pdg=5212 slice=eta_lt_1 p=6 a=0 file=/data/alice/ipardoza/hadronization_production/HF_RUN3_V1/raw/MONASH/hf_MONASH_job471.root
SIGMAB_COUNTS tag=MONASH species=Sigma_b0 pdg=5212 slice=eta_1_2 p=5 a=3 file=/data/alice/ipardoza/hadronization_production/HF_RUN3_V1/raw/MONASH/hf_MONASH_job471.root
SIGMAB_COUNTS tag=MONASH species=Sigma_b0 pdg=5212 slice=eta_ge_2 p=20 a=15 file=/data/alice/ipardoza/hadronization_production/HF_RUN3_V1/raw/MONASH/hf_MONASH_job471.root
SIGMAB_COUNTS tag=MONASH species=Sigma_b- pdg=5112 slice=all p=35 a=23 file=/data/alice/ipardoza/hadronization_production/HF_RUN3_V1/raw/MONASH/hf_MONASH_job471.root
SIGMAB_COUNTS tag=MONASH species=Sigma_b- pdg=5112 slice=eta_lt_1 p=10 a=3 file=/data/alice/ipardoza/hadronization_production/HF_RUN3_V1/raw/MONASH/hf_MONASH_job471.root
SIGMAB_COUNTS tag=MONASH species=Sigma_b- pdg=5112 slice=eta_1_2 p=6 a=4 file=/data/alice/ipardoza/hadronization_production/HF_RUN3_V1/raw/MONASH/hf_MONASH_job471.root
SIGMAB_COUNTS tag=MONASH species=Sigma_b- pdg=5112 slice=eta_ge_2 p=19 a=16 file=/data/alice/ipardoza/hadronization_production/HF_RUN3_V1/raw/MONASH/hf_MONASH_job471.root
SIGMAB_COUNTS tag=MONASH species=Sigma*_b+ pdg=5224 slice=all p=50 a=40 file=/data/alice/ipardoza/hadronization_production/HF_RUN3_V1/raw/MONASH/hf_MONASH_job471.root
SIGMAB_COUNTS tag=MONASH species=Sigma*_b+ pdg=5224 slice=eta_lt_1 p=9 a=10 file=/data/alice/ipardoza/hadronization_production/HF_RUN3_V1/raw/MONASH/hf_MONASH_job471.root
SIGMAB_COUNTS tag=MONASH species=Sigma*_b+ pdg=5224 slice=eta_1_2 p=10 a=9 file=/data/alice/ipardoza/hadronization_production/HF_RUN3_V1/raw/MONASH/hf_MONASH_job471.root
SIGMAB_COUNTS tag=MONASH species=Sigma*_b+ pdg=5224 slice=eta_ge_2 p=31 a=21 file=/data/alice/ipardoza/hadronization_production/HF_RUN3_V1/raw/MONASH/hf_MONASH_job471.root
SIGMAB_COUNTS tag=MONASH species=Sigma*_b0 pdg=5214 slice=all p=58 a=35 file=/data/alice/ipardoza/hadronization_production/HF_RUN3_V1/raw/MONASH/hf_MONASH_job471.root
SIGMAB_COUNTS tag=MONASH species=Sigma*_b0 pdg=5214 slice=eta_lt_1 p=4 a=5 file=/data/alice/ipardoza/hadronization_production/HF_RUN3_V1/raw/MONASH/hf_MONASH_job471.root
SIGMAB_COUNTS tag=MONASH species=Sigma*_b0 pdg=5214 slice=eta_1_2 p=12 a=11 file=/data/alice/ipardoza/hadronization_production/HF_RUN3_V1/raw/MONASH/hf_MONASH_job471.root
SIGMAB_COUNTS tag=MONASH species=Sigma*_b0 pdg=5214 slice=eta_ge_2 p=42 a=19 file=/data/alice/ipardoza/hadronization_production/HF_RUN3_V1/raw/MONASH/hf_MONASH_job471.root
SIGMAB_COUNTS tag=MONASH species=Sigma*_b- pdg=5114 slice=all p=56 a=56 file=/data/alice/ipardoza/hadronization_production/HF_RUN3_V1/raw/MONASH/hf_MONASH_job471.root
SIGMAB_COUNTS tag=MONASH species=Sigma*_b- pdg=5114 slice=eta_lt_1 p=11 a=17 file=/data/alice/ipardoza/hadronization_production/HF_RUN3_V1/raw/MONASH/hf_MONASH_job471.root
SIGMAB_COUNTS tag=MONASH species=Sigma*_b- pdg=5114 slice=eta_1_2 p=10 a=12 file=/data/alice/ipardoza/hadronization_production/HF_RUN3_V1/raw/MONASH/hf_MONASH_job471.root
SIGMAB_COUNTS tag=MONASH species=Sigma*_b- pdg=5114 slice=eta_ge_2 p=35 a=27 file=/data/alice/ipardoza/hadronization_production/HF_RUN3_V1/raw/MONASH/hf_MONASH_job471.root
SIGMAB_COUNTS tag=MONASH species=Lambda_b0 pdg=5122 slice=all p=321 a=337 file=/data/alice/ipardoza/hadronization_production/HF_RUN3_V1/raw/MONASH/hf_MONASH_job471.root
SIGMAB_COUNTS tag=MONASH species=Lambda_b0 pdg=5122 slice=eta_lt_1 p=65 a=62 file=/data/alice/ipardoza/hadronization_production/HF_RUN3_V1/raw/MONASH/hf_MONASH_job471.root
SIGMAB_COUNTS tag=MONASH species=Lambda_b0 pdg=5122 slice=eta_1_2 p=59 a=65 file=/data/alice/ipardoza/hadronization_production/HF_RUN3_V1/raw/MONASH/hf_MONASH_job471.root
SIGMAB_COUNTS tag=MONASH species=Lambda_b0 pdg=5122 slice=eta_ge_2 p=197 a=210 file=/data/alice/ipardoza/hadronization_production/HF_RUN3_V1/raw/MONASH/hf_MONASH_job471.root
SIGMAB_COUNTS tag=MONASH species=Xi_b0 pdg=5232 slice=all p=67 a=47 file=/data/alice/ipardoza/hadronization_production/HF_RUN3_V1/raw/MONASH/hf_MONASH_job471.root
SIGMAB_COUNTS tag=MONASH species=Xi_b0 pdg=5232 slice=eta_lt_1 p=11 a=9 file=/data/alice/ipardoza/hadronization_production/HF_RUN3_V1/raw/MONASH/hf_MONASH_job471.root
SIGMAB_COUNTS tag=MONASH species=Xi_b0 pdg=5232 slice=eta_1_2 p=13 a=12 file=/data/alice/ipardoza/hadronization_production/HF_RUN3_V1/raw/MONASH/hf_MONASH_job471.root
SIGMAB_COUNTS tag=MONASH species=Xi_b0 pdg=5232 slice=eta_ge_2 p=43 a=26 file=/data/alice/ipardoza/hadronization_production/HF_RUN3_V1/raw/MONASH/hf_MONASH_job471.root
SIGMAB_COUNTS tag=MONASH species=Xi_b- pdg=5132 slice=all p=51 a=71 file=/data/alice/ipardoza/hadronization_production/HF_RUN3_V1/raw/MONASH/hf_MONASH_job471.root
SIGMAB_COUNTS tag=MONASH species=Xi_b- pdg=5132 slice=eta_lt_1 p=10 a=9 file=/data/alice/ipardoza/hadronization_production/HF_RUN3_V1/raw/MONASH/hf_MONASH_job471.root
SIGMAB_COUNTS tag=MONASH species=Xi_b- pdg=5132 slice=eta_1_2 p=7 a=20 file=/data/alice/ipardoza/hadronization_production/HF_RUN3_V1/raw/MONASH/hf_MONASH_job471.root
SIGMAB_COUNTS tag=MONASH species=Xi_b- pdg=5132 slice=eta_ge_2 p=34 a=42 file=/data/alice/ipardoza/hadronization_production/HF_RUN3_V1/raw/MONASH/hf_MONASH_job471.root
SIGMAB_COUNTS tag=MONASH species=Sigma_b+ pdg=5222 slice=all p=41 a=22 file=/data/alice/ipardoza/hadronization_production/HF_RUN3_V1/raw/MONASH/hf_MONASH_job472.root
SIGMAB_COUNTS tag=MONASH species=Sigma_b+ pdg=5222 slice=eta_lt_1 p=1 a=4 file=/data/alice/ipardoza/hadronization_production/HF_RUN3_V1/raw/MONASH/hf_MONASH_job472.root
SIGMAB_COUNTS tag=MONASH species=Sigma_b+ pdg=5222 slice=eta_1_2 p=9 a=4 file=/data/alice/ipardoza/hadronization_production/HF_RUN3_V1/raw/MONASH/hf_MONASH_job472.root
SIGMAB_COUNTS tag=MONASH species=Sigma_b+ pdg=5222 slice=eta_ge_2 p=31 a=14 file=/data/alice/ipardoza/hadronization_production/HF_RUN3_V1/raw/MONASH/hf_MONASH_job472.root
SIGMAB_COUNTS tag=MONASH species=Sigma_b0 pdg=5212 slice=all p=35 a=21 file=/data/alice/ipardoza/hadronization_production/HF_RUN3_V1/raw/MONASH/hf_MONASH_job472.root
SIGMAB_COUNTS tag=MONASH species=Sigma_b0 pdg=5212 slice=eta_lt_1 p=5 a=2 file=/data/alice/ipardoza/hadronization_production/HF_RUN3_V1/raw/MONASH/hf_MONASH_job472.root
SIGMAB_COUNTS tag=MONASH species=Sigma_b0 pdg=5212 slice=eta_1_2 p=9 a=3 file=/data/alice/ipardoza/hadronization_production/HF_RUN3_V1/raw/MONASH/hf_MONASH_job472.root
SIGMAB_COUNTS tag=MONASH species=Sigma_b0 pdg=5212 slice=eta_ge_2 p=21 a=16 file=/data/alice/ipardoza/hadronization_production/HF_RUN3_V1/raw/MONASH/hf_MONASH_job472.root
SIGMAB_COUNTS tag=MONASH species=Sigma_b- pdg=5112 slice=all p=36 a=22 file=/data/alice/ipardoza/hadronization_production/HF_RUN3_V1/raw/MONASH/hf_MONASH_job472.root
SIGMAB_COUNTS tag=MONASH species=Sigma_b- pdg=5112 slice=eta_lt_1 p=7 a=2 file=/data/alice/ipardoza/hadronization_production/HF_RUN3_V1/raw/MONASH/hf_MONASH_job472.root
SIGMAB_COUNTS tag=MONASH species=Sigma_b- pdg=5112 slice=eta_1_2 p=4 a=8 file=/data/alice/ipardoza/hadronization_production/HF_RUN3_V1/raw/MONASH/hf_MONASH_job472.root
SIGMAB_COUNTS tag=MONASH species=Sigma_b- pdg=5112 slice=eta_ge_2 p=25 a=12 file=/data/alice/ipardoza/hadronization_production/HF_RUN3_V1/raw/MONASH/hf_MONASH_job472.root
SIGMAB_COUNTS tag=MONASH species=Sigma*_b+ pdg=5224 slice=all p=47 a=49 file=/data/alice/ipardoza/hadronization_production/HF_RUN3_V1/raw/MONASH/hf_MONASH_job472.root
SIGMAB_COUNTS tag=MONASH species=Sigma*_b+ pdg=5224 slice=eta_lt_1 p=9 a=9 file=/data/alice/ipardoza/hadronization_production/HF_RUN3_V1/raw/MONASH/hf_MONASH_job472.root
SIGMAB_COUNTS tag=MONASH species=Sigma*_b+ pdg=5224 slice=eta_1_2 p=8 a=10 file=/data/alice/ipardoza/hadronization_production/HF_RUN3_V1/raw/MONASH/hf_MONASH_job472.root
SIGMAB_COUNTS tag=MONASH species=Sigma*_b+ pdg=5224 slice=eta_ge_2 p=30 a=30 file=/data/alice/ipardoza/hadronization_production/HF_RUN3_V1/raw/MONASH/hf_MONASH_job472.root
SIGMAB_COUNTS tag=MONASH species=Sigma*_b0 pdg=5214 slice=all p=54 a=46 file=/data/alice/ipardoza/hadronization_production/HF_RUN3_V1/raw/MONASH/hf_MONASH_job472.root
SIGMAB_COUNTS tag=MONASH species=Sigma*_b0 pdg=5214 slice=eta_lt_1 p=6 a=7 file=/data/alice/ipardoza/hadronization_production/HF_RUN3_V1/raw/MONASH/hf_MONASH_job472.root
SIGMAB_COUNTS tag=MONASH species=Sigma*_b0 pdg=5214 slice=eta_1_2 p=8 a=9 file=/data/alice/ipardoza/hadronization_production/HF_RUN3_V1/raw/MONASH/hf_MONASH_job472.root
SIGMAB_COUNTS tag=MONASH species=Sigma*_b0 pdg=5214 slice=eta_ge_2 p=40 a=30 file=/data/alice/ipardoza/hadronization_production/HF_RUN3_V1/raw/MONASH/hf_MONASH_job472.root
SIGMAB_COUNTS tag=MONASH species=Sigma*_b- pdg=5114 slice=all p=37 a=49 file=/data/alice/ipardoza/hadronization_production/HF_RUN3_V1/raw/MONASH/hf_MONASH_job472.root
SIGMAB_COUNTS tag=MONASH species=Sigma*_b- pdg=5114 slice=eta_lt_1 p=7 a=5 file=/data/alice/ipardoza/hadronization_production/HF_RUN3_V1/raw/MONASH/hf_MONASH_job472.root
SIGMAB_COUNTS tag=MONASH species=Sigma*_b- pdg=5114 slice=eta_1_2 p=14 a=10 file=/data/alice/ipardoza/hadronization_production/HF_RUN3_V1/raw/MONASH/hf_MONASH_job472.root
SIGMAB_COUNTS tag=MONASH species=Sigma*_b- pdg=5114 slice=eta_ge_2 p=16 a=34 file=/data/alice/ipardoza/hadronization_production/HF_RUN3_V1/raw/MONASH/hf_MONASH_job472.root
SIGMAB_COUNTS tag=MONASH species=Lambda_b0 pdg=5122 slice=all p=310 a=338 file=/data/alice/ipardoza/hadronization_production/HF_RUN3_V1/raw/MONASH/hf_MONASH_job472.root
SIGMAB_COUNTS tag=MONASH species=Lambda_b0 pdg=5122 slice=eta_lt_1 p=65 a=69 file=/data/alice/ipardoza/hadronization_production/HF_RUN3_V1/raw/MONASH/hf_MONASH_job472.root
SIGMAB_COUNTS tag=MONASH species=Lambda_b0 pdg=5122 slice=eta_1_2 p=68 a=67 file=/data/alice/ipardoza/hadronization_production/HF_RUN3_V1/raw/MONASH/hf_MONASH_job472.root
SIGMAB_COUNTS tag=MONASH species=Lambda_b0 pdg=5122 slice=eta_ge_2 p=177 a=202 file=/data/alice/ipardoza/hadronization_production/HF_RUN3_V1/raw/MONASH/hf_MONASH_job472.root
SIGMAB_COUNTS tag=MONASH species=Xi_b0 pdg=5232 slice=all p=66 a=48 file=/data/alice/ipardoza/hadronization_production/HF_RUN3_V1/raw/MONASH/hf_MONASH_job472.root
SIGMAB_COUNTS tag=MONASH species=Xi_b0 pdg=5232 slice=eta_lt_1 p=10 a=6 file=/data/alice/ipardoza/hadronization_production/HF_RUN3_V1/raw/MONASH/hf_MONASH_job472.root
SIGMAB_COUNTS tag=MONASH species=Xi_b0 pdg=5232 slice=eta_1_2 p=17 a=16 file=/data/alice/ipardoza/hadronization_production/HF_RUN3_V1/raw/MONASH/hf_MONASH_job472.root
SIGMAB_COUNTS tag=MONASH species=Xi_b0 pdg=5232 slice=eta_ge_2 p=39 a=26 file=/data/alice/ipardoza/hadronization_production/HF_RUN3_V1/raw/MONASH/hf_MONASH_job472.root
SIGMAB_COUNTS tag=MONASH species=Xi_b- pdg=5132 slice=all p=65 a=60 file=/data/alice/ipardoza/hadronization_production/HF_RUN3_V1/raw/MONASH/hf_MONASH_job472.root
SIGMAB_COUNTS tag=MONASH species=Xi_b- pdg=5132 slice=eta_lt_1 p=14 a=6 file=/data/alice/ipardoza/hadronization_production/HF_RUN3_V1/raw/MONASH/hf_MONASH_job472.root
SIGMAB_COUNTS tag=MONASH species=Xi_b- pdg=5132 slice=eta_1_2 p=8 a=15 file=/data/alice/ipardoza/hadronization_production/HF_RUN3_V1/raw/MONASH/hf_MONASH_job472.root
SIGMAB_COUNTS tag=MONASH species=Xi_b- pdg=5132 slice=eta_ge_2 p=43 a=39 file=/data/alice/ipardoza/hadronization_production/HF_RUN3_V1/raw/MONASH/hf_MONASH_job472.root
SIGMAB_COUNTS tag=MONASH species=Sigma_b+ pdg=5222 slice=all p=25 a=18 file=/data/alice/ipardoza/hadronization_production/HF_RUN3_V1/raw/MONASH/hf_MONASH_job473.root
SIGMAB_COUNTS tag=MONASH species=Sigma_b+ pdg=5222 slice=eta_lt_1 p=3 a=1 file=/data/alice/ipardoza/hadronization_production/HF_RUN3_V1/raw/MONASH/hf_MONASH_job473.root
SIGMAB_COUNTS tag=MONASH species=Sigma_b+ pdg=5222 slice=eta_1_2 p=3 a=10 file=/data/alice/ipardoza/hadronization_production/HF_RUN3_V1/raw/MONASH/hf_MONASH_job473.root
SIGMAB_COUNTS tag=MONASH species=Sigma_b+ pdg=5222 slice=eta_ge_2 p=19 a=7 file=/data/alice/ipardoza/hadronization_production/HF_RUN3_V1/raw/MONASH/hf_MONASH_job473.root
SIGMAB_COUNTS tag=MONASH species=Sigma_b0 pdg=5212 slice=all p=41 a=20 file=/data/alice/ipardoza/hadronization_production/HF_RUN3_V1/raw/MONASH/hf_MONASH_job473.root
SIGMAB_COUNTS tag=MONASH species=Sigma_b0 pdg=5212 slice=eta_lt_1 p=6 a=4 file=/data/alice/ipardoza/hadronization_production/HF_RUN3_V1/raw/MONASH/hf_MONASH_job473.root
SIGMAB_COUNTS tag=MONASH species=Sigma_b0 pdg=5212 slice=eta_1_2 p=14 a=6 file=/data/alice/ipardoza/hadronization_production/HF_RUN3_V1/raw/MONASH/hf_MONASH_job473.root
SIGMAB_COUNTS tag=MONASH species=Sigma_b0 pdg=5212 slice=eta_ge_2 p=21 a=10 file=/data/alice/ipardoza/hadronization_production/HF_RUN3_V1/raw/MONASH/hf_MONASH_job473.root
SIGMAB_COUNTS tag=MONASH species=Sigma_b- pdg=5112 slice=all p=38 a=18 file=/data/alice/ipardoza/hadronization_production/HF_RUN3_V1/raw/MONASH/hf_MONASH_job473.root
SIGMAB_COUNTS tag=MONASH species=Sigma_b- pdg=5112 slice=eta_lt_1 p=6 a=4 file=/data/alice/ipardoza/hadronization_production/HF_RUN3_V1/raw/MONASH/hf_MONASH_job473.root
SIGMAB_COUNTS tag=MONASH species=Sigma_b- pdg=5112 slice=eta_1_2 p=4 a=2 file=/data/alice/ipardoza/hadronization_production/HF_RUN3_V1/raw/MONASH/hf_MONASH_job473.root
SIGMAB_COUNTS tag=MONASH species=Sigma_b- pdg=5112 slice=eta_ge_2 p=28 a=12 file=/data/alice/ipardoza/hadronization_production/HF_RUN3_V1/raw/MONASH/hf_MONASH_job473.root
SIGMAB_COUNTS tag=MONASH species=Sigma*_b+ pdg=5224 slice=all p=53 a=37 file=/data/alice/ipardoza/hadronization_production/HF_RUN3_V1/raw/MONASH/hf_MONASH_job473.root
SIGMAB_COUNTS tag=MONASH species=Sigma*_b+ pdg=5224 slice=eta_lt_1 p=15 a=8 file=/data/alice/ipardoza/hadronization_production/HF_RUN3_V1/raw/MONASH/hf_MONASH_job473.root
SIGMAB_COUNTS tag=MONASH species=Sigma*_b+ pdg=5224 slice=eta_1_2 p=11 a=3 file=/data/alice/ipardoza/hadronization_production/HF_RUN3_V1/raw/MONASH/hf_MONASH_job473.root
SIGMAB_COUNTS tag=MONASH species=Sigma*_b+ pdg=5224 slice=eta_ge_2 p=27 a=26 file=/data/alice/ipardoza/hadronization_production/HF_RUN3_V1/raw/MONASH/hf_MONASH_job473.root
SIGMAB_COUNTS tag=MONASH species=Sigma*_b0 pdg=5214 slice=all p=60 a=33 file=/data/alice/ipardoza/hadronization_production/HF_RUN3_V1/raw/MONASH/hf_MONASH_job473.root
SIGMAB_COUNTS tag=MONASH species=Sigma*_b0 pdg=5214 slice=eta_lt_1 p=10 a=6 file=/data/alice/ipardoza/hadronization_production/HF_RUN3_V1/raw/MONASH/hf_MONASH_job473.root
SIGMAB_COUNTS tag=MONASH species=Sigma*_b0 pdg=5214 slice=eta_1_2 p=14 a=13 file=/data/alice/ipardoza/hadronization_production/HF_RUN3_V1/raw/MONASH/hf_MONASH_job473.root
SIGMAB_COUNTS tag=MONASH species=Sigma*_b0 pdg=5214 slice=eta_ge_2 p=36 a=14 file=/data/alice/ipardoza/hadronization_production/HF_RUN3_V1/raw/MONASH/hf_MONASH_job473.root
SIGMAB_COUNTS tag=MONASH species=Sigma*_b- pdg=5114 slice=all p=55 a=40 file=/data/alice/ipardoza/hadronization_production/HF_RUN3_V1/raw/MONASH/hf_MONASH_job473.root
SIGMAB_COUNTS tag=MONASH species=Sigma*_b- pdg=5114 slice=eta_lt_1 p=11 a=5 file=/data/alice/ipardoza/hadronization_production/HF_RUN3_V1/raw/MONASH/hf_MONASH_job473.root
SIGMAB_COUNTS tag=MONASH species=Sigma*_b- pdg=5114 slice=eta_1_2 p=12 a=7 file=/data/alice/ipardoza/hadronization_production/HF_RUN3_V1/raw/MONASH/hf_MONASH_job473.root
SIGMAB_COUNTS tag=MONASH species=Sigma*_b- pdg=5114 slice=eta_ge_2 p=32 a=28 file=/data/alice/ipardoza/hadronization_production/HF_RUN3_V1/raw/MONASH/hf_MONASH_job473.root
SIGMAB_COUNTS tag=MONASH species=Lambda_b0 pdg=5122 slice=all p=321 a=310 file=/data/alice/ipardoza/hadronization_production/HF_RUN3_V1/raw/MONASH/hf_MONASH_job473.root
SIGMAB_COUNTS tag=MONASH species=Lambda_b0 pdg=5122 slice=eta_lt_1 p=66 a=57 file=/data/alice/ipardoza/hadronization_production/HF_RUN3_V1/raw/MONASH/hf_MONASH_job473.root
SIGMAB_COUNTS tag=MONASH species=Lambda_b0 pdg=5122 slice=eta_1_2 p=76 a=65 file=/data/alice/ipardoza/hadronization_production/HF_RUN3_V1/raw/MONASH/hf_MONASH_job473.root
SIGMAB_COUNTS tag=MONASH species=Lambda_b0 pdg=5122 slice=eta_ge_2 p=179 a=188 file=/data/alice/ipardoza/hadronization_production/HF_RUN3_V1/raw/MONASH/hf_MONASH_job473.root
SIGMAB_COUNTS tag=MONASH species=Xi_b0 pdg=5232 slice=all p=56 a=49 file=/data/alice/ipardoza/hadronization_production/HF_RUN3_V1/raw/MONASH/hf_MONASH_job473.root
SIGMAB_COUNTS tag=MONASH species=Xi_b0 pdg=5232 slice=eta_lt_1 p=8 a=7 file=/data/alice/ipardoza/hadronization_production/HF_RUN3_V1/raw/MONASH/hf_MONASH_job473.root
SIGMAB_COUNTS tag=MONASH species=Xi_b0 pdg=5232 slice=eta_1_2 p=12 a=10 file=/data/alice/ipardoza/hadronization_production/HF_RUN3_V1/raw/MONASH/hf_MONASH_job473.root
SIGMAB_COUNTS tag=MONASH species=Xi_b0 pdg=5232 slice=eta_ge_2 p=36 a=32 file=/data/alice/ipardoza/hadronization_production/HF_RUN3_V1/raw/MONASH/hf_MONASH_job473.root
SIGMAB_COUNTS tag=MONASH species=Xi_b- pdg=5132 slice=all p=51 a=54 file=/data/alice/ipardoza/hadronization_production/HF_RUN3_V1/raw/MONASH/hf_MONASH_job473.root
SIGMAB_COUNTS tag=MONASH species=Xi_b- pdg=5132 slice=eta_lt_1 p=6 a=15 file=/data/alice/ipardoza/hadronization_production/HF_RUN3_V1/raw/MONASH/hf_MONASH_job473.root
SIGMAB_COUNTS tag=MONASH species=Xi_b- pdg=5132 slice=eta_1_2 p=18 a=11 file=/data/alice/ipardoza/hadronization_production/HF_RUN3_V1/raw/MONASH/hf_MONASH_job473.root
SIGMAB_COUNTS tag=MONASH species=Xi_b- pdg=5132 slice=eta_ge_2 p=27 a=28 file=/data/alice/ipardoza/hadronization_production/HF_RUN3_V1/raw/MONASH/hf_MONASH_job473.root
SIGMAB_COUNTS tag=MONASH species=Sigma_b+ pdg=5222 slice=all p=38 a=20 file=/data/alice/ipardoza/hadronization_production/HF_RUN3_V1/raw/MONASH/hf_MONASH_job474.root
SIGMAB_COUNTS tag=MONASH species=Sigma_b+ pdg=5222 slice=eta_lt_1 p=7 a=4 file=/data/alice/ipardoza/hadronization_production/HF_RUN3_V1/raw/MONASH/hf_MONASH_job474.root
SIGMAB_COUNTS tag=MONASH species=Sigma_b+ pdg=5222 slice=eta_1_2 p=4 a=3 file=/data/alice/ipardoza/hadronization_production/HF_RUN3_V1/raw/MONASH/hf_MONASH_job474.root
SIGMAB_COUNTS tag=MONASH species=Sigma_b+ pdg=5222 slice=eta_ge_2 p=27 a=13 file=/data/alice/ipardoza/hadronization_production/HF_RUN3_V1/raw/MONASH/hf_MONASH_job474.root
SIGMAB_COUNTS tag=MONASH species=Sigma_b0 pdg=5212 slice=all p=37 a=17 file=/data/alice/ipardoza/hadronization_production/HF_RUN3_V1/raw/MONASH/hf_MONASH_job474.root
SIGMAB_COUNTS tag=MONASH species=Sigma_b0 pdg=5212 slice=eta_lt_1 p=7 a=5 file=/data/alice/ipardoza/hadronization_production/HF_RUN3_V1/raw/MONASH/hf_MONASH_job474.root
SIGMAB_COUNTS tag=MONASH species=Sigma_b0 pdg=5212 slice=eta_1_2 p=7 a=2 file=/data/alice/ipardoza/hadronization_production/HF_RUN3_V1/raw/MONASH/hf_MONASH_job474.root
SIGMAB_COUNTS tag=MONASH species=Sigma_b0 pdg=5212 slice=eta_ge_2 p=23 a=10 file=/data/alice/ipardoza/hadronization_production/HF_RUN3_V1/raw/MONASH/hf_MONASH_job474.root
SIGMAB_COUNTS tag=MONASH species=Sigma_b- pdg=5112 slice=all p=31 a=21 file=/data/alice/ipardoza/hadronization_production/HF_RUN3_V1/raw/MONASH/hf_MONASH_job474.root
SIGMAB_COUNTS tag=MONASH species=Sigma_b- pdg=5112 slice=eta_lt_1 p=3 a=3 file=/data/alice/ipardoza/hadronization_production/HF_RUN3_V1/raw/MONASH/hf_MONASH_job474.root
SIGMAB_COUNTS tag=MONASH species=Sigma_b- pdg=5112 slice=eta_1_2 p=3 a=5 file=/data/alice/ipardoza/hadronization_production/HF_RUN3_V1/raw/MONASH/hf_MONASH_job474.root
SIGMAB_COUNTS tag=MONASH species=Sigma_b- pdg=5112 slice=eta_ge_2 p=25 a=13 file=/data/alice/ipardoza/hadronization_production/HF_RUN3_V1/raw/MONASH/hf_MONASH_job474.root
SIGMAB_COUNTS tag=MONASH species=Sigma*_b+ pdg=5224 slice=all p=40 a=48 file=/data/alice/ipardoza/hadronization_production/HF_RUN3_V1/raw/MONASH/hf_MONASH_job474.root
SIGMAB_COUNTS tag=MONASH species=Sigma*_b+ pdg=5224 slice=eta_lt_1 p=7 a=6 file=/data/alice/ipardoza/hadronization_production/HF_RUN3_V1/raw/MONASH/hf_MONASH_job474.root
SIGMAB_COUNTS tag=MONASH species=Sigma*_b+ pdg=5224 slice=eta_1_2 p=5 a=16 file=/data/alice/ipardoza/hadronization_production/HF_RUN3_V1/raw/MONASH/hf_MONASH_job474.root
SIGMAB_COUNTS tag=MONASH species=Sigma*_b+ pdg=5224 slice=eta_ge_2 p=28 a=26 file=/data/alice/ipardoza/hadronization_production/HF_RUN3_V1/raw/MONASH/hf_MONASH_job474.root
SIGMAB_COUNTS tag=MONASH species=Sigma*_b0 pdg=5214 slice=all p=51 a=30 file=/data/alice/ipardoza/hadronization_production/HF_RUN3_V1/raw/MONASH/hf_MONASH_job474.root
SIGMAB_COUNTS tag=MONASH species=Sigma*_b0 pdg=5214 slice=eta_lt_1 p=8 a=4 file=/data/alice/ipardoza/hadronization_production/HF_RUN3_V1/raw/MONASH/hf_MONASH_job474.root
SIGMAB_COUNTS tag=MONASH species=Sigma*_b0 pdg=5214 slice=eta_1_2 p=14 a=7 file=/data/alice/ipardoza/hadronization_production/HF_RUN3_V1/raw/MONASH/hf_MONASH_job474.root
SIGMAB_COUNTS tag=MONASH species=Sigma*_b0 pdg=5214 slice=eta_ge_2 p=29 a=19 file=/data/alice/ipardoza/hadronization_production/HF_RUN3_V1/raw/MONASH/hf_MONASH_job474.root
SIGMAB_COUNTS tag=MONASH species=Sigma*_b- pdg=5114 slice=all p=43 a=39 file=/data/alice/ipardoza/hadronization_production/HF_RUN3_V1/raw/MONASH/hf_MONASH_job474.root
SIGMAB_COUNTS tag=MONASH species=Sigma*_b- pdg=5114 slice=eta_lt_1 p=5 a=8 file=/data/alice/ipardoza/hadronization_production/HF_RUN3_V1/raw/MONASH/hf_MONASH_job474.root
SIGMAB_COUNTS tag=MONASH species=Sigma*_b- pdg=5114 slice=eta_1_2 p=9 a=6 file=/data/alice/ipardoza/hadronization_production/HF_RUN3_V1/raw/MONASH/hf_MONASH_job474.root
SIGMAB_COUNTS tag=MONASH species=Sigma*_b- pdg=5114 slice=eta_ge_2 p=29 a=25 file=/data/alice/ipardoza/hadronization_production/HF_RUN3_V1/raw/MONASH/hf_MONASH_job474.root
SIGMAB_COUNTS tag=MONASH species=Lambda_b0 pdg=5122 slice=all p=291 a=327 file=/data/alice/ipardoza/hadronization_production/HF_RUN3_V1/raw/MONASH/hf_MONASH_job474.root
SIGMAB_COUNTS tag=MONASH species=Lambda_b0 pdg=5122 slice=eta_lt_1 p=48 a=65 file=/data/alice/ipardoza/hadronization_production/HF_RUN3_V1/raw/MONASH/hf_MONASH_job474.root
SIGMAB_COUNTS tag=MONASH species=Lambda_b0 pdg=5122 slice=eta_1_2 p=62 a=66 file=/data/alice/ipardoza/hadronization_production/HF_RUN3_V1/raw/MONASH/hf_MONASH_job474.root
SIGMAB_COUNTS tag=MONASH species=Lambda_b0 pdg=5122 slice=eta_ge_2 p=181 a=196 file=/data/alice/ipardoza/hadronization_production/HF_RUN3_V1/raw/MONASH/hf_MONASH_job474.root
SIGMAB_COUNTS tag=MONASH species=Xi_b0 pdg=5232 slice=all p=50 a=62 file=/data/alice/ipardoza/hadronization_production/HF_RUN3_V1/raw/MONASH/hf_MONASH_job474.root
SIGMAB_COUNTS tag=MONASH species=Xi_b0 pdg=5232 slice=eta_lt_1 p=13 a=13 file=/data/alice/ipardoza/hadronization_production/HF_RUN3_V1/raw/MONASH/hf_MONASH_job474.root
SIGMAB_COUNTS tag=MONASH species=Xi_b0 pdg=5232 slice=eta_1_2 p=7 a=10 file=/data/alice/ipardoza/hadronization_production/HF_RUN3_V1/raw/MONASH/hf_MONASH_job474.root
SIGMAB_COUNTS tag=MONASH species=Xi_b0 pdg=5232 slice=eta_ge_2 p=30 a=39 file=/data/alice/ipardoza/hadronization_production/HF_RUN3_V1/raw/MONASH/hf_MONASH_job474.root
SIGMAB_COUNTS tag=MONASH species=Xi_b- pdg=5132 slice=all p=57 a=72 file=/data/alice/ipardoza/hadronization_production/HF_RUN3_V1/raw/MONASH/hf_MONASH_job474.root
SIGMAB_COUNTS tag=MONASH species=Xi_b- pdg=5132 slice=eta_lt_1 p=13 a=13 file=/data/alice/ipardoza/hadronization_production/HF_RUN3_V1/raw/MONASH/hf_MONASH_job474.root
SIGMAB_COUNTS tag=MONASH species=Xi_b- pdg=5132 slice=eta_1_2 p=13 a=20 file=/data/alice/ipardoza/hadronization_production/HF_RUN3_V1/raw/MONASH/hf_MONASH_job474.root
SIGMAB_COUNTS tag=MONASH species=Xi_b- pdg=5132 slice=eta_ge_2 p=31 a=39 file=/data/alice/ipardoza/hadronization_production/HF_RUN3_V1/raw/MONASH/hf_MONASH_job474.root
SIGMAB_COUNTS tag=MONASH species=Sigma_b+ pdg=5222 slice=all p=40 a=18 file=/data/alice/ipardoza/hadronization_production/HF_RUN3_V1/raw/MONASH/hf_MONASH_job475.root
SIGMAB_COUNTS tag=MONASH species=Sigma_b+ pdg=5222 slice=eta_lt_1 p=5 a=4 file=/data/alice/ipardoza/hadronization_production/HF_RUN3_V1/raw/MONASH/hf_MONASH_job475.root
SIGMAB_COUNTS tag=MONASH species=Sigma_b+ pdg=5222 slice=eta_1_2 p=8 a=4 file=/data/alice/ipardoza/hadronization_production/HF_RUN3_V1/raw/MONASH/hf_MONASH_job475.root
SIGMAB_COUNTS tag=MONASH species=Sigma_b+ pdg=5222 slice=eta_ge_2 p=27 a=10 file=/data/alice/ipardoza/hadronization_production/HF_RUN3_V1/raw/MONASH/hf_MONASH_job475.root
SIGMAB_COUNTS tag=MONASH species=Sigma_b0 pdg=5212 slice=all p=41 a=18 file=/data/alice/ipardoza/hadronization_production/HF_RUN3_V1/raw/MONASH/hf_MONASH_job475.root
SIGMAB_COUNTS tag=MONASH species=Sigma_b0 pdg=5212 slice=eta_lt_1 p=8 a=4 file=/data/alice/ipardoza/hadronization_production/HF_RUN3_V1/raw/MONASH/hf_MONASH_job475.root
SIGMAB_COUNTS tag=MONASH species=Sigma_b0 pdg=5212 slice=eta_1_2 p=8 a=1 file=/data/alice/ipardoza/hadronization_production/HF_RUN3_V1/raw/MONASH/hf_MONASH_job475.root
SIGMAB_COUNTS tag=MONASH species=Sigma_b0 pdg=5212 slice=eta_ge_2 p=25 a=13 file=/data/alice/ipardoza/hadronization_production/HF_RUN3_V1/raw/MONASH/hf_MONASH_job475.root
SIGMAB_COUNTS tag=MONASH species=Sigma_b- pdg=5112 slice=all p=32 a=23 file=/data/alice/ipardoza/hadronization_production/HF_RUN3_V1/raw/MONASH/hf_MONASH_job475.root
SIGMAB_COUNTS tag=MONASH species=Sigma_b- pdg=5112 slice=eta_lt_1 p=9 a=3 file=/data/alice/ipardoza/hadronization_production/HF_RUN3_V1/raw/MONASH/hf_MONASH_job475.root
SIGMAB_COUNTS tag=MONASH species=Sigma_b- pdg=5112 slice=eta_1_2 p=5 a=5 file=/data/alice/ipardoza/hadronization_production/HF_RUN3_V1/raw/MONASH/hf_MONASH_job475.root
SIGMAB_COUNTS tag=MONASH species=Sigma_b- pdg=5112 slice=eta_ge_2 p=18 a=15 file=/data/alice/ipardoza/hadronization_production/HF_RUN3_V1/raw/MONASH/hf_MONASH_job475.root
SIGMAB_COUNTS tag=MONASH species=Sigma*_b+ pdg=5224 slice=all p=49 a=41 file=/data/alice/ipardoza/hadronization_production/HF_RUN3_V1/raw/MONASH/hf_MONASH_job475.root
SIGMAB_COUNTS tag=MONASH species=Sigma*_b+ pdg=5224 slice=eta_lt_1 p=5 a=10 file=/data/alice/ipardoza/hadronization_production/HF_RUN3_V1/raw/MONASH/hf_MONASH_job475.root
SIGMAB_COUNTS tag=MONASH species=Sigma*_b+ pdg=5224 slice=eta_1_2 p=14 a=5 file=/data/alice/ipardoza/hadronization_production/HF_RUN3_V1/raw/MONASH/hf_MONASH_job475.root
SIGMAB_COUNTS tag=MONASH species=Sigma*_b+ pdg=5224 slice=eta_ge_2 p=30 a=26 file=/data/alice/ipardoza/hadronization_production/HF_RUN3_V1/raw/MONASH/hf_MONASH_job475.root
SIGMAB_COUNTS tag=MONASH species=Sigma*_b0 pdg=5214 slice=all p=50 a=43 file=/data/alice/ipardoza/hadronization_production/HF_RUN3_V1/raw/MONASH/hf_MONASH_job475.root
SIGMAB_COUNTS tag=MONASH species=Sigma*_b0 pdg=5214 slice=eta_lt_1 p=9 a=12 file=/data/alice/ipardoza/hadronization_production/HF_RUN3_V1/raw/MONASH/hf_MONASH_job475.root
SIGMAB_COUNTS tag=MONASH species=Sigma*_b0 pdg=5214 slice=eta_1_2 p=12 a=10 file=/data/alice/ipardoza/hadronization_production/HF_RUN3_V1/raw/MONASH/hf_MONASH_job475.root
SIGMAB_COUNTS tag=MONASH species=Sigma*_b0 pdg=5214 slice=eta_ge_2 p=29 a=21 file=/data/alice/ipardoza/hadronization_production/HF_RUN3_V1/raw/MONASH/hf_MONASH_job475.root
SIGMAB_COUNTS tag=MONASH species=Sigma*_b- pdg=5114 slice=all p=50 a=43 file=/data/alice/ipardoza/hadronization_production/HF_RUN3_V1/raw/MONASH/hf_MONASH_job475.root
SIGMAB_COUNTS tag=MONASH species=Sigma*_b- pdg=5114 slice=eta_lt_1 p=12 a=10 file=/data/alice/ipardoza/hadronization_production/HF_RUN3_V1/raw/MONASH/hf_MONASH_job475.root
SIGMAB_COUNTS tag=MONASH species=Sigma*_b- pdg=5114 slice=eta_1_2 p=11 a=7 file=/data/alice/ipardoza/hadronization_production/HF_RUN3_V1/raw/MONASH/hf_MONASH_job475.root
SIGMAB_COUNTS tag=MONASH species=Sigma*_b- pdg=5114 slice=eta_ge_2 p=27 a=26 file=/data/alice/ipardoza/hadronization_production/HF_RUN3_V1/raw/MONASH/hf_MONASH_job475.root
SIGMAB_COUNTS tag=MONASH species=Lambda_b0 pdg=5122 slice=all p=294 a=314 file=/data/alice/ipardoza/hadronization_production/HF_RUN3_V1/raw/MONASH/hf_MONASH_job475.root
SIGMAB_COUNTS tag=MONASH species=Lambda_b0 pdg=5122 slice=eta_lt_1 p=48 a=65 file=/data/alice/ipardoza/hadronization_production/HF_RUN3_V1/raw/MONASH/hf_MONASH_job475.root
SIGMAB_COUNTS tag=MONASH species=Lambda_b0 pdg=5122 slice=eta_1_2 p=73 a=73 file=/data/alice/ipardoza/hadronization_production/HF_RUN3_V1/raw/MONASH/hf_MONASH_job475.root
SIGMAB_COUNTS tag=MONASH species=Lambda_b0 pdg=5122 slice=eta_ge_2 p=173 a=176 file=/data/alice/ipardoza/hadronization_production/HF_RUN3_V1/raw/MONASH/hf_MONASH_job475.root
SIGMAB_COUNTS tag=MONASH species=Xi_b0 pdg=5232 slice=all p=68 a=64 file=/data/alice/ipardoza/hadronization_production/HF_RUN3_V1/raw/MONASH/hf_MONASH_job475.root
SIGMAB_COUNTS tag=MONASH species=Xi_b0 pdg=5232 slice=eta_lt_1 p=13 a=11 file=/data/alice/ipardoza/hadronization_production/HF_RUN3_V1/raw/MONASH/hf_MONASH_job475.root
SIGMAB_COUNTS tag=MONASH species=Xi_b0 pdg=5232 slice=eta_1_2 p=12 a=11 file=/data/alice/ipardoza/hadronization_production/HF_RUN3_V1/raw/MONASH/hf_MONASH_job475.root
SIGMAB_COUNTS tag=MONASH species=Xi_b0 pdg=5232 slice=eta_ge_2 p=43 a=42 file=/data/alice/ipardoza/hadronization_production/HF_RUN3_V1/raw/MONASH/hf_MONASH_job475.root
SIGMAB_COUNTS tag=MONASH species=Xi_b- pdg=5132 slice=all p=57 a=62 file=/data/alice/ipardoza/hadronization_production/HF_RUN3_V1/raw/MONASH/hf_MONASH_job475.root
SIGMAB_COUNTS tag=MONASH species=Xi_b- pdg=5132 slice=eta_lt_1 p=10 a=13 file=/data/alice/ipardoza/hadronization_production/HF_RUN3_V1/raw/MONASH/hf_MONASH_job475.root
SIGMAB_COUNTS tag=MONASH species=Xi_b- pdg=5132 slice=eta_1_2 p=16 a=14 file=/data/alice/ipardoza/hadronization_production/HF_RUN3_V1/raw/MONASH/hf_MONASH_job475.root
SIGMAB_COUNTS tag=MONASH species=Xi_b- pdg=5132 slice=eta_ge_2 p=31 a=35 file=/data/alice/ipardoza/hadronization_production/HF_RUN3_V1/raw/MONASH/hf_MONASH_job475.root
SIGMAB_COUNTS tag=MONASH species=Sigma_b+ pdg=5222 slice=all p=28 a=23 file=/data/alice/ipardoza/hadronization_production/HF_RUN3_V1/raw/MONASH/hf_MONASH_job476.root
SIGMAB_COUNTS tag=MONASH species=Sigma_b+ pdg=5222 slice=eta_lt_1 p=11 a=3 file=/data/alice/ipardoza/hadronization_production/HF_RUN3_V1/raw/MONASH/hf_MONASH_job476.root
SIGMAB_COUNTS tag=MONASH species=Sigma_b+ pdg=5222 slice=eta_1_2 p=4 a=6 file=/data/alice/ipardoza/hadronization_production/HF_RUN3_V1/raw/MONASH/hf_MONASH_job476.root
SIGMAB_COUNTS tag=MONASH species=Sigma_b+ pdg=5222 slice=eta_ge_2 p=13 a=14 file=/data/alice/ipardoza/hadronization_production/HF_RUN3_V1/raw/MONASH/hf_MONASH_job476.root
SIGMAB_COUNTS tag=MONASH species=Sigma_b0 pdg=5212 slice=all p=36 a=18 file=/data/alice/ipardoza/hadronization_production/HF_RUN3_V1/raw/MONASH/hf_MONASH_job476.root
SIGMAB_COUNTS tag=MONASH species=Sigma_b0 pdg=5212 slice=eta_lt_1 p=7 a=4 file=/data/alice/ipardoza/hadronization_production/HF_RUN3_V1/raw/MONASH/hf_MONASH_job476.root
SIGMAB_COUNTS tag=MONASH species=Sigma_b0 pdg=5212 slice=eta_1_2 p=6 a=1 file=/data/alice/ipardoza/hadronization_production/HF_RUN3_V1/raw/MONASH/hf_MONASH_job476.root
SIGMAB_COUNTS tag=MONASH species=Sigma_b0 pdg=5212 slice=eta_ge_2 p=23 a=13 file=/data/alice/ipardoza/hadronization_production/HF_RUN3_V1/raw/MONASH/hf_MONASH_job476.root
SIGMAB_COUNTS tag=MONASH species=Sigma_b- pdg=5112 slice=all p=25 a=25 file=/data/alice/ipardoza/hadronization_production/HF_RUN3_V1/raw/MONASH/hf_MONASH_job476.root
SIGMAB_COUNTS tag=MONASH species=Sigma_b- pdg=5112 slice=eta_lt_1 p=7 a=5 file=/data/alice/ipardoza/hadronization_production/HF_RUN3_V1/raw/MONASH/hf_MONASH_job476.root
SIGMAB_COUNTS tag=MONASH species=Sigma_b- pdg=5112 slice=eta_1_2 p=4 a=3 file=/data/alice/ipardoza/hadronization_production/HF_RUN3_V1/raw/MONASH/hf_MONASH_job476.root
SIGMAB_COUNTS tag=MONASH species=Sigma_b- pdg=5112 slice=eta_ge_2 p=14 a=17 file=/data/alice/ipardoza/hadronization_production/HF_RUN3_V1/raw/MONASH/hf_MONASH_job476.root
SIGMAB_COUNTS tag=MONASH species=Sigma*_b+ pdg=5224 slice=all p=54 a=46 file=/data/alice/ipardoza/hadronization_production/HF_RUN3_V1/raw/MONASH/hf_MONASH_job476.root
SIGMAB_COUNTS tag=MONASH species=Sigma*_b+ pdg=5224 slice=eta_lt_1 p=10 a=8 file=/data/alice/ipardoza/hadronization_production/HF_RUN3_V1/raw/MONASH/hf_MONASH_job476.root
SIGMAB_COUNTS tag=MONASH species=Sigma*_b+ pdg=5224 slice=eta_1_2 p=11 a=7 file=/data/alice/ipardoza/hadronization_production/HF_RUN3_V1/raw/MONASH/hf_MONASH_job476.root
SIGMAB_COUNTS tag=MONASH species=Sigma*_b+ pdg=5224 slice=eta_ge_2 p=33 a=31 file=/data/alice/ipardoza/hadronization_production/HF_RUN3_V1/raw/MONASH/hf_MONASH_job476.root
SIGMAB_COUNTS tag=MONASH species=Sigma*_b0 pdg=5214 slice=all p=47 a=40 file=/data/alice/ipardoza/hadronization_production/HF_RUN3_V1/raw/MONASH/hf_MONASH_job476.root
SIGMAB_COUNTS tag=MONASH species=Sigma*_b0 pdg=5214 slice=eta_lt_1 p=9 a=5 file=/data/alice/ipardoza/hadronization_production/HF_RUN3_V1/raw/MONASH/hf_MONASH_job476.root
SIGMAB_COUNTS tag=MONASH species=Sigma*_b0 pdg=5214 slice=eta_1_2 p=10 a=8 file=/data/alice/ipardoza/hadronization_production/HF_RUN3_V1/raw/MONASH/hf_MONASH_job476.root
SIGMAB_COUNTS tag=MONASH species=Sigma*_b0 pdg=5214 slice=eta_ge_2 p=28 a=27 file=/data/alice/ipardoza/hadronization_production/HF_RUN3_V1/raw/MONASH/hf_MONASH_job476.root
SIGMAB_COUNTS tag=MONASH species=Sigma*_b- pdg=5114 slice=all p=49 a=39 file=/data/alice/ipardoza/hadronization_production/HF_RUN3_V1/raw/MONASH/hf_MONASH_job476.root
SIGMAB_COUNTS tag=MONASH species=Sigma*_b- pdg=5114 slice=eta_lt_1 p=7 a=9 file=/data/alice/ipardoza/hadronization_production/HF_RUN3_V1/raw/MONASH/hf_MONASH_job476.root
SIGMAB_COUNTS tag=MONASH species=Sigma*_b- pdg=5114 slice=eta_1_2 p=11 a=8 file=/data/alice/ipardoza/hadronization_production/HF_RUN3_V1/raw/MONASH/hf_MONASH_job476.root
SIGMAB_COUNTS tag=MONASH species=Sigma*_b- pdg=5114 slice=eta_ge_2 p=31 a=22 file=/data/alice/ipardoza/hadronization_production/HF_RUN3_V1/raw/MONASH/hf_MONASH_job476.root
SIGMAB_COUNTS tag=MONASH species=Lambda_b0 pdg=5122 slice=all p=331 a=263 file=/data/alice/ipardoza/hadronization_production/HF_RUN3_V1/raw/MONASH/hf_MONASH_job476.root
SIGMAB_COUNTS tag=MONASH species=Lambda_b0 pdg=5122 slice=eta_lt_1 p=67 a=56 file=/data/alice/ipardoza/hadronization_production/HF_RUN3_V1/raw/MONASH/hf_MONASH_job476.root
SIGMAB_COUNTS tag=MONASH species=Lambda_b0 pdg=5122 slice=eta_1_2 p=66 a=55 file=/data/alice/ipardoza/hadronization_production/HF_RUN3_V1/raw/MONASH/hf_MONASH_job476.root
SIGMAB_COUNTS tag=MONASH species=Lambda_b0 pdg=5122 slice=eta_ge_2 p=198 a=152 file=/data/alice/ipardoza/hadronization_production/HF_RUN3_V1/raw/MONASH/hf_MONASH_job476.root
SIGMAB_COUNTS tag=MONASH species=Xi_b0 pdg=5232 slice=all p=49 a=63 file=/data/alice/ipardoza/hadronization_production/HF_RUN3_V1/raw/MONASH/hf_MONASH_job476.root
SIGMAB_COUNTS tag=MONASH species=Xi_b0 pdg=5232 slice=eta_lt_1 p=8 a=9 file=/data/alice/ipardoza/hadronization_production/HF_RUN3_V1/raw/MONASH/hf_MONASH_job476.root
SIGMAB_COUNTS tag=MONASH species=Xi_b0 pdg=5232 slice=eta_1_2 p=11 a=16 file=/data/alice/ipardoza/hadronization_production/HF_RUN3_V1/raw/MONASH/hf_MONASH_job476.root
SIGMAB_COUNTS tag=MONASH species=Xi_b0 pdg=5232 slice=eta_ge_2 p=30 a=38 file=/data/alice/ipardoza/hadronization_production/HF_RUN3_V1/raw/MONASH/hf_MONASH_job476.root
SIGMAB_COUNTS tag=MONASH species=Xi_b- pdg=5132 slice=all p=76 a=62 file=/data/alice/ipardoza/hadronization_production/HF_RUN3_V1/raw/MONASH/hf_MONASH_job476.root
SIGMAB_COUNTS tag=MONASH species=Xi_b- pdg=5132 slice=eta_lt_1 p=15 a=16 file=/data/alice/ipardoza/hadronization_production/HF_RUN3_V1/raw/MONASH/hf_MONASH_job476.root
SIGMAB_COUNTS tag=MONASH species=Xi_b- pdg=5132 slice=eta_1_2 p=19 a=11 file=/data/alice/ipardoza/hadronization_production/HF_RUN3_V1/raw/MONASH/hf_MONASH_job476.root
SIGMAB_COUNTS tag=MONASH species=Xi_b- pdg=5132 slice=eta_ge_2 p=42 a=35 file=/data/alice/ipardoza/hadronization_production/HF_RUN3_V1/raw/MONASH/hf_MONASH_job476.root
SIGMAB_COUNTS tag=MONASH species=Sigma_b+ pdg=5222 slice=all p=37 a=20 file=/data/alice/ipardoza/hadronization_production/HF_RUN3_V1/raw/MONASH/hf_MONASH_job477.root
SIGMAB_COUNTS tag=MONASH species=Sigma_b+ pdg=5222 slice=eta_lt_1 p=7 a=3 file=/data/alice/ipardoza/hadronization_production/HF_RUN3_V1/raw/MONASH/hf_MONASH_job477.root
SIGMAB_COUNTS tag=MONASH species=Sigma_b+ pdg=5222 slice=eta_1_2 p=11 a=5 file=/data/alice/ipardoza/hadronization_production/HF_RUN3_V1/raw/MONASH/hf_MONASH_job477.root
SIGMAB_COUNTS tag=MONASH species=Sigma_b+ pdg=5222 slice=eta_ge_2 p=19 a=12 file=/data/alice/ipardoza/hadronization_production/HF_RUN3_V1/raw/MONASH/hf_MONASH_job477.root
SIGMAB_COUNTS tag=MONASH species=Sigma_b0 pdg=5212 slice=all p=34 a=19 file=/data/alice/ipardoza/hadronization_production/HF_RUN3_V1/raw/MONASH/hf_MONASH_job477.root
SIGMAB_COUNTS tag=MONASH species=Sigma_b0 pdg=5212 slice=eta_lt_1 p=6 a=5 file=/data/alice/ipardoza/hadronization_production/HF_RUN3_V1/raw/MONASH/hf_MONASH_job477.root
SIGMAB_COUNTS tag=MONASH species=Sigma_b0 pdg=5212 slice=eta_1_2 p=8 a=5 file=/data/alice/ipardoza/hadronization_production/HF_RUN3_V1/raw/MONASH/hf_MONASH_job477.root
SIGMAB_COUNTS tag=MONASH species=Sigma_b0 pdg=5212 slice=eta_ge_2 p=20 a=9 file=/data/alice/ipardoza/hadronization_production/HF_RUN3_V1/raw/MONASH/hf_MONASH_job477.root
SIGMAB_COUNTS tag=MONASH species=Sigma_b- pdg=5112 slice=all p=37 a=24 file=/data/alice/ipardoza/hadronization_production/HF_RUN3_V1/raw/MONASH/hf_MONASH_job477.root
SIGMAB_COUNTS tag=MONASH species=Sigma_b- pdg=5112 slice=eta_lt_1 p=5 a=7 file=/data/alice/ipardoza/hadronization_production/HF_RUN3_V1/raw/MONASH/hf_MONASH_job477.root
SIGMAB_COUNTS tag=MONASH species=Sigma_b- pdg=5112 slice=eta_1_2 p=6 a=3 file=/data/alice/ipardoza/hadronization_production/HF_RUN3_V1/raw/MONASH/hf_MONASH_job477.root
SIGMAB_COUNTS tag=MONASH species=Sigma_b- pdg=5112 slice=eta_ge_2 p=26 a=14 file=/data/alice/ipardoza/hadronization_production/HF_RUN3_V1/raw/MONASH/hf_MONASH_job477.root
SIGMAB_COUNTS tag=MONASH species=Sigma*_b+ pdg=5224 slice=all p=53 a=46 file=/data/alice/ipardoza/hadronization_production/HF_RUN3_V1/raw/MONASH/hf_MONASH_job477.root
SIGMAB_COUNTS tag=MONASH species=Sigma*_b+ pdg=5224 slice=eta_lt_1 p=7 a=8 file=/data/alice/ipardoza/hadronization_production/HF_RUN3_V1/raw/MONASH/hf_MONASH_job477.root
SIGMAB_COUNTS tag=MONASH species=Sigma*_b+ pdg=5224 slice=eta_1_2 p=10 a=4 file=/data/alice/ipardoza/hadronization_production/HF_RUN3_V1/raw/MONASH/hf_MONASH_job477.root
SIGMAB_COUNTS tag=MONASH species=Sigma*_b+ pdg=5224 slice=eta_ge_2 p=36 a=34 file=/data/alice/ipardoza/hadronization_production/HF_RUN3_V1/raw/MONASH/hf_MONASH_job477.root
SIGMAB_COUNTS tag=MONASH species=Sigma*_b0 pdg=5214 slice=all p=52 a=36 file=/data/alice/ipardoza/hadronization_production/HF_RUN3_V1/raw/MONASH/hf_MONASH_job477.root
SIGMAB_COUNTS tag=MONASH species=Sigma*_b0 pdg=5214 slice=eta_lt_1 p=7 a=9 file=/data/alice/ipardoza/hadronization_production/HF_RUN3_V1/raw/MONASH/hf_MONASH_job477.root
SIGMAB_COUNTS tag=MONASH species=Sigma*_b0 pdg=5214 slice=eta_1_2 p=9 a=12 file=/data/alice/ipardoza/hadronization_production/HF_RUN3_V1/raw/MONASH/hf_MONASH_job477.root
SIGMAB_COUNTS tag=MONASH species=Sigma*_b0 pdg=5214 slice=eta_ge_2 p=36 a=15 file=/data/alice/ipardoza/hadronization_production/HF_RUN3_V1/raw/MONASH/hf_MONASH_job477.root
SIGMAB_COUNTS tag=MONASH species=Sigma*_b- pdg=5114 slice=all p=58 a=34 file=/data/alice/ipardoza/hadronization_production/HF_RUN3_V1/raw/MONASH/hf_MONASH_job477.root
SIGMAB_COUNTS tag=MONASH species=Sigma*_b- pdg=5114 slice=eta_lt_1 p=10 a=2 file=/data/alice/ipardoza/hadronization_production/HF_RUN3_V1/raw/MONASH/hf_MONASH_job477.root
SIGMAB_COUNTS tag=MONASH species=Sigma*_b- pdg=5114 slice=eta_1_2 p=13 a=5 file=/data/alice/ipardoza/hadronization_production/HF_RUN3_V1/raw/MONASH/hf_MONASH_job477.root
SIGMAB_COUNTS tag=MONASH species=Sigma*_b- pdg=5114 slice=eta_ge_2 p=35 a=27 file=/data/alice/ipardoza/hadronization_production/HF_RUN3_V1/raw/MONASH/hf_MONASH_job477.root
SIGMAB_COUNTS tag=MONASH species=Lambda_b0 pdg=5122 slice=all p=304 a=304 file=/data/alice/ipardoza/hadronization_production/HF_RUN3_V1/raw/MONASH/hf_MONASH_job477.root
SIGMAB_COUNTS tag=MONASH species=Lambda_b0 pdg=5122 slice=eta_lt_1 p=51 a=54 file=/data/alice/ipardoza/hadronization_production/HF_RUN3_V1/raw/MONASH/hf_MONASH_job477.root
SIGMAB_COUNTS tag=MONASH species=Lambda_b0 pdg=5122 slice=eta_1_2 p=68 a=72 file=/data/alice/ipardoza/hadronization_production/HF_RUN3_V1/raw/MONASH/hf_MONASH_job477.root
SIGMAB_COUNTS tag=MONASH species=Lambda_b0 pdg=5122 slice=eta_ge_2 p=185 a=178 file=/data/alice/ipardoza/hadronization_production/HF_RUN3_V1/raw/MONASH/hf_MONASH_job477.root
SIGMAB_COUNTS tag=MONASH species=Xi_b0 pdg=5232 slice=all p=57 a=54 file=/data/alice/ipardoza/hadronization_production/HF_RUN3_V1/raw/MONASH/hf_MONASH_job477.root
SIGMAB_COUNTS tag=MONASH species=Xi_b0 pdg=5232 slice=eta_lt_1 p=12 a=8 file=/data/alice/ipardoza/hadronization_production/HF_RUN3_V1/raw/MONASH/hf_MONASH_job477.root
SIGMAB_COUNTS tag=MONASH species=Xi_b0 pdg=5232 slice=eta_1_2 p=13 a=9 file=/data/alice/ipardoza/hadronization_production/HF_RUN3_V1/raw/MONASH/hf_MONASH_job477.root
SIGMAB_COUNTS tag=MONASH species=Xi_b0 pdg=5232 slice=eta_ge_2 p=32 a=37 file=/data/alice/ipardoza/hadronization_production/HF_RUN3_V1/raw/MONASH/hf_MONASH_job477.root
SIGMAB_COUNTS tag=MONASH species=Xi_b- pdg=5132 slice=all p=69 a=59 file=/data/alice/ipardoza/hadronization_production/HF_RUN3_V1/raw/MONASH/hf_MONASH_job477.root
SIGMAB_COUNTS tag=MONASH species=Xi_b- pdg=5132 slice=eta_lt_1 p=18 a=13 file=/data/alice/ipardoza/hadronization_production/HF_RUN3_V1/raw/MONASH/hf_MONASH_job477.root
SIGMAB_COUNTS tag=MONASH species=Xi_b- pdg=5132 slice=eta_1_2 p=17 a=15 file=/data/alice/ipardoza/hadronization_production/HF_RUN3_V1/raw/MONASH/hf_MONASH_job477.root
SIGMAB_COUNTS tag=MONASH species=Xi_b- pdg=5132 slice=eta_ge_2 p=34 a=31 file=/data/alice/ipardoza/hadronization_production/HF_RUN3_V1/raw/MONASH/hf_MONASH_job477.root
SIGMAB_COUNTS tag=MONASH species=Sigma_b+ pdg=5222 slice=all p=41 a=10 file=/data/alice/ipardoza/hadronization_production/HF_RUN3_V1/raw/MONASH/hf_MONASH_job478.root
SIGMAB_COUNTS tag=MONASH species=Sigma_b+ pdg=5222 slice=eta_lt_1 p=7 a=2 file=/data/alice/ipardoza/hadronization_production/HF_RUN3_V1/raw/MONASH/hf_MONASH_job478.root
SIGMAB_COUNTS tag=MONASH species=Sigma_b+ pdg=5222 slice=eta_1_2 p=8 a=1 file=/data/alice/ipardoza/hadronization_production/HF_RUN3_V1/raw/MONASH/hf_MONASH_job478.root
SIGMAB_COUNTS tag=MONASH species=Sigma_b+ pdg=5222 slice=eta_ge_2 p=26 a=7 file=/data/alice/ipardoza/hadronization_production/HF_RUN3_V1/raw/MONASH/hf_MONASH_job478.root
SIGMAB_COUNTS tag=MONASH species=Sigma_b0 pdg=5212 slice=all p=40 a=24 file=/data/alice/ipardoza/hadronization_production/HF_RUN3_V1/raw/MONASH/hf_MONASH_job478.root
SIGMAB_COUNTS tag=MONASH species=Sigma_b0 pdg=5212 slice=eta_lt_1 p=2 a=5 file=/data/alice/ipardoza/hadronization_production/HF_RUN3_V1/raw/MONASH/hf_MONASH_job478.root
SIGMAB_COUNTS tag=MONASH species=Sigma_b0 pdg=5212 slice=eta_1_2 p=7 a=7 file=/data/alice/ipardoza/hadronization_production/HF_RUN3_V1/raw/MONASH/hf_MONASH_job478.root
SIGMAB_COUNTS tag=MONASH species=Sigma_b0 pdg=5212 slice=eta_ge_2 p=31 a=12 file=/data/alice/ipardoza/hadronization_production/HF_RUN3_V1/raw/MONASH/hf_MONASH_job478.root
SIGMAB_COUNTS tag=MONASH species=Sigma_b- pdg=5112 slice=all p=31 a=22 file=/data/alice/ipardoza/hadronization_production/HF_RUN3_V1/raw/MONASH/hf_MONASH_job478.root
SIGMAB_COUNTS tag=MONASH species=Sigma_b- pdg=5112 slice=eta_lt_1 p=5 a=4 file=/data/alice/ipardoza/hadronization_production/HF_RUN3_V1/raw/MONASH/hf_MONASH_job478.root
SIGMAB_COUNTS tag=MONASH species=Sigma_b- pdg=5112 slice=eta_1_2 p=2 a=0 file=/data/alice/ipardoza/hadronization_production/HF_RUN3_V1/raw/MONASH/hf_MONASH_job478.root
SIGMAB_COUNTS tag=MONASH species=Sigma_b- pdg=5112 slice=eta_ge_2 p=24 a=18 file=/data/alice/ipardoza/hadronization_production/HF_RUN3_V1/raw/MONASH/hf_MONASH_job478.root
SIGMAB_COUNTS tag=MONASH species=Sigma*_b+ pdg=5224 slice=all p=57 a=51 file=/data/alice/ipardoza/hadronization_production/HF_RUN3_V1/raw/MONASH/hf_MONASH_job478.root
SIGMAB_COUNTS tag=MONASH species=Sigma*_b+ pdg=5224 slice=eta_lt_1 p=13 a=4 file=/data/alice/ipardoza/hadronization_production/HF_RUN3_V1/raw/MONASH/hf_MONASH_job478.root
SIGMAB_COUNTS tag=MONASH species=Sigma*_b+ pdg=5224 slice=eta_1_2 p=14 a=17 file=/data/alice/ipardoza/hadronization_production/HF_RUN3_V1/raw/MONASH/hf_MONASH_job478.root
SIGMAB_COUNTS tag=MONASH species=Sigma*_b+ pdg=5224 slice=eta_ge_2 p=30 a=30 file=/data/alice/ipardoza/hadronization_production/HF_RUN3_V1/raw/MONASH/hf_MONASH_job478.root
SIGMAB_COUNTS tag=MONASH species=Sigma*_b0 pdg=5214 slice=all p=44 a=59 file=/data/alice/ipardoza/hadronization_production/HF_RUN3_V1/raw/MONASH/hf_MONASH_job478.root
SIGMAB_COUNTS tag=MONASH species=Sigma*_b0 pdg=5214 slice=eta_lt_1 p=9 a=5 file=/data/alice/ipardoza/hadronization_production/HF_RUN3_V1/raw/MONASH/hf_MONASH_job478.root
SIGMAB_COUNTS tag=MONASH species=Sigma*_b0 pdg=5214 slice=eta_1_2 p=6 a=10 file=/data/alice/ipardoza/hadronization_production/HF_RUN3_V1/raw/MONASH/hf_MONASH_job478.root
SIGMAB_COUNTS tag=MONASH species=Sigma*_b0 pdg=5214 slice=eta_ge_2 p=29 a=44 file=/data/alice/ipardoza/hadronization_production/HF_RUN3_V1/raw/MONASH/hf_MONASH_job478.root
SIGMAB_COUNTS tag=MONASH species=Sigma*_b- pdg=5114 slice=all p=44 a=45 file=/data/alice/ipardoza/hadronization_production/HF_RUN3_V1/raw/MONASH/hf_MONASH_job478.root
SIGMAB_COUNTS tag=MONASH species=Sigma*_b- pdg=5114 slice=eta_lt_1 p=9 a=8 file=/data/alice/ipardoza/hadronization_production/HF_RUN3_V1/raw/MONASH/hf_MONASH_job478.root
SIGMAB_COUNTS tag=MONASH species=Sigma*_b- pdg=5114 slice=eta_1_2 p=12 a=7 file=/data/alice/ipardoza/hadronization_production/HF_RUN3_V1/raw/MONASH/hf_MONASH_job478.root
SIGMAB_COUNTS tag=MONASH species=Sigma*_b- pdg=5114 slice=eta_ge_2 p=23 a=30 file=/data/alice/ipardoza/hadronization_production/HF_RUN3_V1/raw/MONASH/hf_MONASH_job478.root
SIGMAB_COUNTS tag=MONASH species=Lambda_b0 pdg=5122 slice=all p=328 a=308 file=/data/alice/ipardoza/hadronization_production/HF_RUN3_V1/raw/MONASH/hf_MONASH_job478.root
SIGMAB_COUNTS tag=MONASH species=Lambda_b0 pdg=5122 slice=eta_lt_1 p=65 a=50 file=/data/alice/ipardoza/hadronization_production/HF_RUN3_V1/raw/MONASH/hf_MONASH_job478.root
SIGMAB_COUNTS tag=MONASH species=Lambda_b0 pdg=5122 slice=eta_1_2 p=68 a=70 file=/data/alice/ipardoza/hadronization_production/HF_RUN3_V1/raw/MONASH/hf_MONASH_job478.root
SIGMAB_COUNTS tag=MONASH species=Lambda_b0 pdg=5122 slice=eta_ge_2 p=195 a=188 file=/data/alice/ipardoza/hadronization_production/HF_RUN3_V1/raw/MONASH/hf_MONASH_job478.root
SIGMAB_COUNTS tag=MONASH species=Xi_b0 pdg=5232 slice=all p=49 a=62 file=/data/alice/ipardoza/hadronization_production/HF_RUN3_V1/raw/MONASH/hf_MONASH_job478.root
SIGMAB_COUNTS tag=MONASH species=Xi_b0 pdg=5232 slice=eta_lt_1 p=10 a=16 file=/data/alice/ipardoza/hadronization_production/HF_RUN3_V1/raw/MONASH/hf_MONASH_job478.root
SIGMAB_COUNTS tag=MONASH species=Xi_b0 pdg=5232 slice=eta_1_2 p=14 a=13 file=/data/alice/ipardoza/hadronization_production/HF_RUN3_V1/raw/MONASH/hf_MONASH_job478.root
SIGMAB_COUNTS tag=MONASH species=Xi_b0 pdg=5232 slice=eta_ge_2 p=25 a=33 file=/data/alice/ipardoza/hadronization_production/HF_RUN3_V1/raw/MONASH/hf_MONASH_job478.root
SIGMAB_COUNTS tag=MONASH species=Xi_b- pdg=5132 slice=all p=57 a=58 file=/data/alice/ipardoza/hadronization_production/HF_RUN3_V1/raw/MONASH/hf_MONASH_job478.root
SIGMAB_COUNTS tag=MONASH species=Xi_b- pdg=5132 slice=eta_lt_1 p=16 a=11 file=/data/alice/ipardoza/hadronization_production/HF_RUN3_V1/raw/MONASH/hf_MONASH_job478.root
SIGMAB_COUNTS tag=MONASH species=Xi_b- pdg=5132 slice=eta_1_2 p=10 a=17 file=/data/alice/ipardoza/hadronization_production/HF_RUN3_V1/raw/MONASH/hf_MONASH_job478.root
SIGMAB_COUNTS tag=MONASH species=Xi_b- pdg=5132 slice=eta_ge_2 p=31 a=30 file=/data/alice/ipardoza/hadronization_production/HF_RUN3_V1/raw/MONASH/hf_MONASH_job478.root
SIGMAB_COUNTS tag=MONASH species=Sigma_b+ pdg=5222 slice=all p=37 a=15 file=/data/alice/ipardoza/hadronization_production/HF_RUN3_V1/raw/MONASH/hf_MONASH_job479.root
SIGMAB_COUNTS tag=MONASH species=Sigma_b+ pdg=5222 slice=eta_lt_1 p=4 a=0 file=/data/alice/ipardoza/hadronization_production/HF_RUN3_V1/raw/MONASH/hf_MONASH_job479.root
SIGMAB_COUNTS tag=MONASH species=Sigma_b+ pdg=5222 slice=eta_1_2 p=7 a=3 file=/data/alice/ipardoza/hadronization_production/HF_RUN3_V1/raw/MONASH/hf_MONASH_job479.root
SIGMAB_COUNTS tag=MONASH species=Sigma_b+ pdg=5222 slice=eta_ge_2 p=26 a=12 file=/data/alice/ipardoza/hadronization_production/HF_RUN3_V1/raw/MONASH/hf_MONASH_job479.root
SIGMAB_COUNTS tag=MONASH species=Sigma_b0 pdg=5212 slice=all p=37 a=10 file=/data/alice/ipardoza/hadronization_production/HF_RUN3_V1/raw/MONASH/hf_MONASH_job479.root
SIGMAB_COUNTS tag=MONASH species=Sigma_b0 pdg=5212 slice=eta_lt_1 p=6 a=0 file=/data/alice/ipardoza/hadronization_production/HF_RUN3_V1/raw/MONASH/hf_MONASH_job479.root
SIGMAB_COUNTS tag=MONASH species=Sigma_b0 pdg=5212 slice=eta_1_2 p=5 a=0 file=/data/alice/ipardoza/hadronization_production/HF_RUN3_V1/raw/MONASH/hf_MONASH_job479.root
SIGMAB_COUNTS tag=MONASH species=Sigma_b0 pdg=5212 slice=eta_ge_2 p=26 a=10 file=/data/alice/ipardoza/hadronization_production/HF_RUN3_V1/raw/MONASH/hf_MONASH_job479.root
SIGMAB_COUNTS tag=MONASH species=Sigma_b- pdg=5112 slice=all p=41 a=18 file=/data/alice/ipardoza/hadronization_production/HF_RUN3_V1/raw/MONASH/hf_MONASH_job479.root
SIGMAB_COUNTS tag=MONASH species=Sigma_b- pdg=5112 slice=eta_lt_1 p=7 a=2 file=/data/alice/ipardoza/hadronization_production/HF_RUN3_V1/raw/MONASH/hf_MONASH_job479.root
SIGMAB_COUNTS tag=MONASH species=Sigma_b- pdg=5112 slice=eta_1_2 p=5 a=6 file=/data/alice/ipardoza/hadronization_production/HF_RUN3_V1/raw/MONASH/hf_MONASH_job479.root
SIGMAB_COUNTS tag=MONASH species=Sigma_b- pdg=5112 slice=eta_ge_2 p=29 a=10 file=/data/alice/ipardoza/hadronization_production/HF_RUN3_V1/raw/MONASH/hf_MONASH_job479.root
SIGMAB_COUNTS tag=MONASH species=Sigma*_b+ pdg=5224 slice=all p=61 a=38 file=/data/alice/ipardoza/hadronization_production/HF_RUN3_V1/raw/MONASH/hf_MONASH_job479.root
SIGMAB_COUNTS tag=MONASH species=Sigma*_b+ pdg=5224 slice=eta_lt_1 p=9 a=13 file=/data/alice/ipardoza/hadronization_production/HF_RUN3_V1/raw/MONASH/hf_MONASH_job479.root
SIGMAB_COUNTS tag=MONASH species=Sigma*_b+ pdg=5224 slice=eta_1_2 p=11 a=7 file=/data/alice/ipardoza/hadronization_production/HF_RUN3_V1/raw/MONASH/hf_MONASH_job479.root
SIGMAB_COUNTS tag=MONASH species=Sigma*_b+ pdg=5224 slice=eta_ge_2 p=41 a=18 file=/data/alice/ipardoza/hadronization_production/HF_RUN3_V1/raw/MONASH/hf_MONASH_job479.root
SIGMAB_COUNTS tag=MONASH species=Sigma*_b0 pdg=5214 slice=all p=55 a=40 file=/data/alice/ipardoza/hadronization_production/HF_RUN3_V1/raw/MONASH/hf_MONASH_job479.root
SIGMAB_COUNTS tag=MONASH species=Sigma*_b0 pdg=5214 slice=eta_lt_1 p=7 a=10 file=/data/alice/ipardoza/hadronization_production/HF_RUN3_V1/raw/MONASH/hf_MONASH_job479.root
SIGMAB_COUNTS tag=MONASH species=Sigma*_b0 pdg=5214 slice=eta_1_2 p=10 a=6 file=/data/alice/ipardoza/hadronization_production/HF_RUN3_V1/raw/MONASH/hf_MONASH_job479.root
SIGMAB_COUNTS tag=MONASH species=Sigma*_b0 pdg=5214 slice=eta_ge_2 p=38 a=24 file=/data/alice/ipardoza/hadronization_production/HF_RUN3_V1/raw/MONASH/hf_MONASH_job479.root
SIGMAB_COUNTS tag=MONASH species=Sigma*_b- pdg=5114 slice=all p=49 a=38 file=/data/alice/ipardoza/hadronization_production/HF_RUN3_V1/raw/MONASH/hf_MONASH_job479.root
SIGMAB_COUNTS tag=MONASH species=Sigma*_b- pdg=5114 slice=eta_lt_1 p=8 a=10 file=/data/alice/ipardoza/hadronization_production/HF_RUN3_V1/raw/MONASH/hf_MONASH_job479.root
SIGMAB_COUNTS tag=MONASH species=Sigma*_b- pdg=5114 slice=eta_1_2 p=11 a=11 file=/data/alice/ipardoza/hadronization_production/HF_RUN3_V1/raw/MONASH/hf_MONASH_job479.root
SIGMAB_COUNTS tag=MONASH species=Sigma*_b- pdg=5114 slice=eta_ge_2 p=30 a=17 file=/data/alice/ipardoza/hadronization_production/HF_RUN3_V1/raw/MONASH/hf_MONASH_job479.root
SIGMAB_COUNTS tag=MONASH species=Lambda_b0 pdg=5122 slice=all p=351 a=306 file=/data/alice/ipardoza/hadronization_production/HF_RUN3_V1/raw/MONASH/hf_MONASH_job479.root
SIGMAB_COUNTS tag=MONASH species=Lambda_b0 pdg=5122 slice=eta_lt_1 p=86 a=55 file=/data/alice/ipardoza/hadronization_production/HF_RUN3_V1/raw/MONASH/hf_MONASH_job479.root
SIGMAB_COUNTS tag=MONASH species=Lambda_b0 pdg=5122 slice=eta_1_2 p=66 a=74 file=/data/alice/ipardoza/hadronization_production/HF_RUN3_V1/raw/MONASH/hf_MONASH_job479.root
SIGMAB_COUNTS tag=MONASH species=Lambda_b0 pdg=5122 slice=eta_ge_2 p=199 a=177 file=/data/alice/ipardoza/hadronization_production/HF_RUN3_V1/raw/MONASH/hf_MONASH_job479.root
SIGMAB_COUNTS tag=MONASH species=Xi_b0 pdg=5232 slice=all p=43 a=37 file=/data/alice/ipardoza/hadronization_production/HF_RUN3_V1/raw/MONASH/hf_MONASH_job479.root
SIGMAB_COUNTS tag=MONASH species=Xi_b0 pdg=5232 slice=eta_lt_1 p=13 a=5 file=/data/alice/ipardoza/hadronization_production/HF_RUN3_V1/raw/MONASH/hf_MONASH_job479.root
SIGMAB_COUNTS tag=MONASH species=Xi_b0 pdg=5232 slice=eta_1_2 p=13 a=11 file=/data/alice/ipardoza/hadronization_production/HF_RUN3_V1/raw/MONASH/hf_MONASH_job479.root
SIGMAB_COUNTS tag=MONASH species=Xi_b0 pdg=5232 slice=eta_ge_2 p=17 a=21 file=/data/alice/ipardoza/hadronization_production/HF_RUN3_V1/raw/MONASH/hf_MONASH_job479.root
SIGMAB_COUNTS tag=MONASH species=Xi_b- pdg=5132 slice=all p=57 a=48 file=/data/alice/ipardoza/hadronization_production/HF_RUN3_V1/raw/MONASH/hf_MONASH_job479.root
SIGMAB_COUNTS tag=MONASH species=Xi_b- pdg=5132 slice=eta_lt_1 p=10 a=10 file=/data/alice/ipardoza/hadronization_production/HF_RUN3_V1/raw/MONASH/hf_MONASH_job479.root
SIGMAB_COUNTS tag=MONASH species=Xi_b- pdg=5132 slice=eta_1_2 p=12 a=9 file=/data/alice/ipardoza/hadronization_production/HF_RUN3_V1/raw/MONASH/hf_MONASH_job479.root
SIGMAB_COUNTS tag=MONASH species=Xi_b- pdg=5132 slice=eta_ge_2 p=35 a=29 file=/data/alice/ipardoza/hadronization_production/HF_RUN3_V1/raw/MONASH/hf_MONASH_job479.root
SIGMAB_COUNTS tag=MONASH species=Sigma_b+ pdg=5222 slice=all p=43 a=23 file=/data/alice/ipardoza/hadronization_production/HF_RUN3_V1/raw/MONASH/hf_MONASH_job480.root
SIGMAB_COUNTS tag=MONASH species=Sigma_b+ pdg=5222 slice=eta_lt_1 p=6 a=4 file=/data/alice/ipardoza/hadronization_production/HF_RUN3_V1/raw/MONASH/hf_MONASH_job480.root
SIGMAB_COUNTS tag=MONASH species=Sigma_b+ pdg=5222 slice=eta_1_2 p=11 a=4 file=/data/alice/ipardoza/hadronization_production/HF_RUN3_V1/raw/MONASH/hf_MONASH_job480.root
SIGMAB_COUNTS tag=MONASH species=Sigma_b+ pdg=5222 slice=eta_ge_2 p=26 a=15 file=/data/alice/ipardoza/hadronization_production/HF_RUN3_V1/raw/MONASH/hf_MONASH_job480.root
SIGMAB_COUNTS tag=MONASH species=Sigma_b0 pdg=5212 slice=all p=34 a=18 file=/data/alice/ipardoza/hadronization_production/HF_RUN3_V1/raw/MONASH/hf_MONASH_job480.root
SIGMAB_COUNTS tag=MONASH species=Sigma_b0 pdg=5212 slice=eta_lt_1 p=6 a=4 file=/data/alice/ipardoza/hadronization_production/HF_RUN3_V1/raw/MONASH/hf_MONASH_job480.root
SIGMAB_COUNTS tag=MONASH species=Sigma_b0 pdg=5212 slice=eta_1_2 p=7 a=5 file=/data/alice/ipardoza/hadronization_production/HF_RUN3_V1/raw/MONASH/hf_MONASH_job480.root
SIGMAB_COUNTS tag=MONASH species=Sigma_b0 pdg=5212 slice=eta_ge_2 p=21 a=9 file=/data/alice/ipardoza/hadronization_production/HF_RUN3_V1/raw/MONASH/hf_MONASH_job480.root
SIGMAB_COUNTS tag=MONASH species=Sigma_b- pdg=5112 slice=all p=34 a=21 file=/data/alice/ipardoza/hadronization_production/HF_RUN3_V1/raw/MONASH/hf_MONASH_job480.root
SIGMAB_COUNTS tag=MONASH species=Sigma_b- pdg=5112 slice=eta_lt_1 p=3 a=5 file=/data/alice/ipardoza/hadronization_production/HF_RUN3_V1/raw/MONASH/hf_MONASH_job480.root
SIGMAB_COUNTS tag=MONASH species=Sigma_b- pdg=5112 slice=eta_1_2 p=9 a=2 file=/data/alice/ipardoza/hadronization_production/HF_RUN3_V1/raw/MONASH/hf_MONASH_job480.root
SIGMAB_COUNTS tag=MONASH species=Sigma_b- pdg=5112 slice=eta_ge_2 p=22 a=14 file=/data/alice/ipardoza/hadronization_production/HF_RUN3_V1/raw/MONASH/hf_MONASH_job480.root
SIGMAB_COUNTS tag=MONASH species=Sigma*_b+ pdg=5224 slice=all p=56 a=43 file=/data/alice/ipardoza/hadronization_production/HF_RUN3_V1/raw/MONASH/hf_MONASH_job480.root
SIGMAB_COUNTS tag=MONASH species=Sigma*_b+ pdg=5224 slice=eta_lt_1 p=11 a=8 file=/data/alice/ipardoza/hadronization_production/HF_RUN3_V1/raw/MONASH/hf_MONASH_job480.root
SIGMAB_COUNTS tag=MONASH species=Sigma*_b+ pdg=5224 slice=eta_1_2 p=8 a=6 file=/data/alice/ipardoza/hadronization_production/HF_RUN3_V1/raw/MONASH/hf_MONASH_job480.root
SIGMAB_COUNTS tag=MONASH species=Sigma*_b+ pdg=5224 slice=eta_ge_2 p=37 a=29 file=/data/alice/ipardoza/hadronization_production/HF_RUN3_V1/raw/MONASH/hf_MONASH_job480.root
SIGMAB_COUNTS tag=MONASH species=Sigma*_b0 pdg=5214 slice=all p=41 a=55 file=/data/alice/ipardoza/hadronization_production/HF_RUN3_V1/raw/MONASH/hf_MONASH_job480.root
SIGMAB_COUNTS tag=MONASH species=Sigma*_b0 pdg=5214 slice=eta_lt_1 p=6 a=11 file=/data/alice/ipardoza/hadronization_production/HF_RUN3_V1/raw/MONASH/hf_MONASH_job480.root
SIGMAB_COUNTS tag=MONASH species=Sigma*_b0 pdg=5214 slice=eta_1_2 p=9 a=13 file=/data/alice/ipardoza/hadronization_production/HF_RUN3_V1/raw/MONASH/hf_MONASH_job480.root
SIGMAB_COUNTS tag=MONASH species=Sigma*_b0 pdg=5214 slice=eta_ge_2 p=26 a=31 file=/data/alice/ipardoza/hadronization_production/HF_RUN3_V1/raw/MONASH/hf_MONASH_job480.root
SIGMAB_COUNTS tag=MONASH species=Sigma*_b- pdg=5114 slice=all p=59 a=49 file=/data/alice/ipardoza/hadronization_production/HF_RUN3_V1/raw/MONASH/hf_MONASH_job480.root
SIGMAB_COUNTS tag=MONASH species=Sigma*_b- pdg=5114 slice=eta_lt_1 p=9 a=9 file=/data/alice/ipardoza/hadronization_production/HF_RUN3_V1/raw/MONASH/hf_MONASH_job480.root
SIGMAB_COUNTS tag=MONASH species=Sigma*_b- pdg=5114 slice=eta_1_2 p=11 a=11 file=/data/alice/ipardoza/hadronization_production/HF_RUN3_V1/raw/MONASH/hf_MONASH_job480.root
SIGMAB_COUNTS tag=MONASH species=Sigma*_b- pdg=5114 slice=eta_ge_2 p=39 a=29 file=/data/alice/ipardoza/hadronization_production/HF_RUN3_V1/raw/MONASH/hf_MONASH_job480.root
SIGMAB_COUNTS tag=MONASH species=Lambda_b0 pdg=5122 slice=all p=299 a=288 file=/data/alice/ipardoza/hadronization_production/HF_RUN3_V1/raw/MONASH/hf_MONASH_job480.root
SIGMAB_COUNTS tag=MONASH species=Lambda_b0 pdg=5122 slice=eta_lt_1 p=53 a=47 file=/data/alice/ipardoza/hadronization_production/HF_RUN3_V1/raw/MONASH/hf_MONASH_job480.root
SIGMAB_COUNTS tag=MONASH species=Lambda_b0 pdg=5122 slice=eta_1_2 p=70 a=58 file=/data/alice/ipardoza/hadronization_production/HF_RUN3_V1/raw/MONASH/hf_MONASH_job480.root
SIGMAB_COUNTS tag=MONASH species=Lambda_b0 pdg=5122 slice=eta_ge_2 p=176 a=183 file=/data/alice/ipardoza/hadronization_production/HF_RUN3_V1/raw/MONASH/hf_MONASH_job480.root
SIGMAB_COUNTS tag=MONASH species=Xi_b0 pdg=5232 slice=all p=55 a=61 file=/data/alice/ipardoza/hadronization_production/HF_RUN3_V1/raw/MONASH/hf_MONASH_job480.root
SIGMAB_COUNTS tag=MONASH species=Xi_b0 pdg=5232 slice=eta_lt_1 p=10 a=14 file=/data/alice/ipardoza/hadronization_production/HF_RUN3_V1/raw/MONASH/hf_MONASH_job480.root
SIGMAB_COUNTS tag=MONASH species=Xi_b0 pdg=5232 slice=eta_1_2 p=12 a=11 file=/data/alice/ipardoza/hadronization_production/HF_RUN3_V1/raw/MONASH/hf_MONASH_job480.root
SIGMAB_COUNTS tag=MONASH species=Xi_b0 pdg=5232 slice=eta_ge_2 p=33 a=36 file=/data/alice/ipardoza/hadronization_production/HF_RUN3_V1/raw/MONASH/hf_MONASH_job480.root
SIGMAB_COUNTS tag=MONASH species=Xi_b- pdg=5132 slice=all p=68 a=57 file=/data/alice/ipardoza/hadronization_production/HF_RUN3_V1/raw/MONASH/hf_MONASH_job480.root
SIGMAB_COUNTS tag=MONASH species=Xi_b- pdg=5132 slice=eta_lt_1 p=17 a=8 file=/data/alice/ipardoza/hadronization_production/HF_RUN3_V1/raw/MONASH/hf_MONASH_job480.root
SIGMAB_COUNTS tag=MONASH species=Xi_b- pdg=5132 slice=eta_1_2 p=12 a=12 file=/data/alice/ipardoza/hadronization_production/HF_RUN3_V1/raw/MONASH/hf_MONASH_job480.root
SIGMAB_COUNTS tag=MONASH species=Xi_b- pdg=5132 slice=eta_ge_2 p=39 a=37 file=/data/alice/ipardoza/hadronization_production/HF_RUN3_V1/raw/MONASH/hf_MONASH_job480.root
SIGMAB_COUNTS tag=MONASH species=Sigma_b+ pdg=5222 slice=all p=40 a=19 file=/data/alice/ipardoza/hadronization_production/HF_RUN3_V1/raw/MONASH/hf_MONASH_job481.root
SIGMAB_COUNTS tag=MONASH species=Sigma_b+ pdg=5222 slice=eta_lt_1 p=7 a=2 file=/data/alice/ipardoza/hadronization_production/HF_RUN3_V1/raw/MONASH/hf_MONASH_job481.root
SIGMAB_COUNTS tag=MONASH species=Sigma_b+ pdg=5222 slice=eta_1_2 p=15 a=4 file=/data/alice/ipardoza/hadronization_production/HF_RUN3_V1/raw/MONASH/hf_MONASH_job481.root
SIGMAB_COUNTS tag=MONASH species=Sigma_b+ pdg=5222 slice=eta_ge_2 p=18 a=13 file=/data/alice/ipardoza/hadronization_production/HF_RUN3_V1/raw/MONASH/hf_MONASH_job481.root
SIGMAB_COUNTS tag=MONASH species=Sigma_b0 pdg=5212 slice=all p=38 a=16 file=/data/alice/ipardoza/hadronization_production/HF_RUN3_V1/raw/MONASH/hf_MONASH_job481.root
SIGMAB_COUNTS tag=MONASH species=Sigma_b0 pdg=5212 slice=eta_lt_1 p=2 a=4 file=/data/alice/ipardoza/hadronization_production/HF_RUN3_V1/raw/MONASH/hf_MONASH_job481.root
SIGMAB_COUNTS tag=MONASH species=Sigma_b0 pdg=5212 slice=eta_1_2 p=10 a=4 file=/data/alice/ipardoza/hadronization_production/HF_RUN3_V1/raw/MONASH/hf_MONASH_job481.root
SIGMAB_COUNTS tag=MONASH species=Sigma_b0 pdg=5212 slice=eta_ge_2 p=26 a=8 file=/data/alice/ipardoza/hadronization_production/HF_RUN3_V1/raw/MONASH/hf_MONASH_job481.root
SIGMAB_COUNTS tag=MONASH species=Sigma_b- pdg=5112 slice=all p=37 a=15 file=/data/alice/ipardoza/hadronization_production/HF_RUN3_V1/raw/MONASH/hf_MONASH_job481.root
SIGMAB_COUNTS tag=MONASH species=Sigma_b- pdg=5112 slice=eta_lt_1 p=6 a=5 file=/data/alice/ipardoza/hadronization_production/HF_RUN3_V1/raw/MONASH/hf_MONASH_job481.root
SIGMAB_COUNTS tag=MONASH species=Sigma_b- pdg=5112 slice=eta_1_2 p=7 a=2 file=/data/alice/ipardoza/hadronization_production/HF_RUN3_V1/raw/MONASH/hf_MONASH_job481.root
SIGMAB_COUNTS tag=MONASH species=Sigma_b- pdg=5112 slice=eta_ge_2 p=24 a=8 file=/data/alice/ipardoza/hadronization_production/HF_RUN3_V1/raw/MONASH/hf_MONASH_job481.root
SIGMAB_COUNTS tag=MONASH species=Sigma*_b+ pdg=5224 slice=all p=40 a=46 file=/data/alice/ipardoza/hadronization_production/HF_RUN3_V1/raw/MONASH/hf_MONASH_job481.root
SIGMAB_COUNTS tag=MONASH species=Sigma*_b+ pdg=5224 slice=eta_lt_1 p=2 a=10 file=/data/alice/ipardoza/hadronization_production/HF_RUN3_V1/raw/MONASH/hf_MONASH_job481.root
SIGMAB_COUNTS tag=MONASH species=Sigma*_b+ pdg=5224 slice=eta_1_2 p=10 a=10 file=/data/alice/ipardoza/hadronization_production/HF_RUN3_V1/raw/MONASH/hf_MONASH_job481.root
SIGMAB_COUNTS tag=MONASH species=Sigma*_b+ pdg=5224 slice=eta_ge_2 p=28 a=26 file=/data/alice/ipardoza/hadronization_production/HF_RUN3_V1/raw/MONASH/hf_MONASH_job481.root
SIGMAB_COUNTS tag=MONASH species=Sigma*_b0 pdg=5214 slice=all p=56 a=32 file=/data/alice/ipardoza/hadronization_production/HF_RUN3_V1/raw/MONASH/hf_MONASH_job481.root
SIGMAB_COUNTS tag=MONASH species=Sigma*_b0 pdg=5214 slice=eta_lt_1 p=5 a=6 file=/data/alice/ipardoza/hadronization_production/HF_RUN3_V1/raw/MONASH/hf_MONASH_job481.root
SIGMAB_COUNTS tag=MONASH species=Sigma*_b0 pdg=5214 slice=eta_1_2 p=8 a=12 file=/data/alice/ipardoza/hadronization_production/HF_RUN3_V1/raw/MONASH/hf_MONASH_job481.root
SIGMAB_COUNTS tag=MONASH species=Sigma*_b0 pdg=5214 slice=eta_ge_2 p=43 a=14 file=/data/alice/ipardoza/hadronization_production/HF_RUN3_V1/raw/MONASH/hf_MONASH_job481.root
SIGMAB_COUNTS tag=MONASH species=Sigma*_b- pdg=5114 slice=all p=51 a=52 file=/data/alice/ipardoza/hadronization_production/HF_RUN3_V1/raw/MONASH/hf_MONASH_job481.root
SIGMAB_COUNTS tag=MONASH species=Sigma*_b- pdg=5114 slice=eta_lt_1 p=12 a=9 file=/data/alice/ipardoza/hadronization_production/HF_RUN3_V1/raw/MONASH/hf_MONASH_job481.root
SIGMAB_COUNTS tag=MONASH species=Sigma*_b- pdg=5114 slice=eta_1_2 p=8 a=12 file=/data/alice/ipardoza/hadronization_production/HF_RUN3_V1/raw/MONASH/hf_MONASH_job481.root
SIGMAB_COUNTS tag=MONASH species=Sigma*_b- pdg=5114 slice=eta_ge_2 p=31 a=31 file=/data/alice/ipardoza/hadronization_production/HF_RUN3_V1/raw/MONASH/hf_MONASH_job481.root
SIGMAB_COUNTS tag=MONASH species=Lambda_b0 pdg=5122 slice=all p=333 a=304 file=/data/alice/ipardoza/hadronization_production/HF_RUN3_V1/raw/MONASH/hf_MONASH_job481.root
SIGMAB_COUNTS tag=MONASH species=Lambda_b0 pdg=5122 slice=eta_lt_1 p=60 a=68 file=/data/alice/ipardoza/hadronization_production/HF_RUN3_V1/raw/MONASH/hf_MONASH_job481.root
SIGMAB_COUNTS tag=MONASH species=Lambda_b0 pdg=5122 slice=eta_1_2 p=63 a=61 file=/data/alice/ipardoza/hadronization_production/HF_RUN3_V1/raw/MONASH/hf_MONASH_job481.root
SIGMAB_COUNTS tag=MONASH species=Lambda_b0 pdg=5122 slice=eta_ge_2 p=210 a=175 file=/data/alice/ipardoza/hadronization_production/HF_RUN3_V1/raw/MONASH/hf_MONASH_job481.root
SIGMAB_COUNTS tag=MONASH species=Xi_b0 pdg=5232 slice=all p=65 a=44 file=/data/alice/ipardoza/hadronization_production/HF_RUN3_V1/raw/MONASH/hf_MONASH_job481.root
SIGMAB_COUNTS tag=MONASH species=Xi_b0 pdg=5232 slice=eta_lt_1 p=12 a=12 file=/data/alice/ipardoza/hadronization_production/HF_RUN3_V1/raw/MONASH/hf_MONASH_job481.root
SIGMAB_COUNTS tag=MONASH species=Xi_b0 pdg=5232 slice=eta_1_2 p=18 a=6 file=/data/alice/ipardoza/hadronization_production/HF_RUN3_V1/raw/MONASH/hf_MONASH_job481.root
SIGMAB_COUNTS tag=MONASH species=Xi_b0 pdg=5232 slice=eta_ge_2 p=35 a=26 file=/data/alice/ipardoza/hadronization_production/HF_RUN3_V1/raw/MONASH/hf_MONASH_job481.root
SIGMAB_COUNTS tag=MONASH species=Xi_b- pdg=5132 slice=all p=52 a=64 file=/data/alice/ipardoza/hadronization_production/HF_RUN3_V1/raw/MONASH/hf_MONASH_job481.root
SIGMAB_COUNTS tag=MONASH species=Xi_b- pdg=5132 slice=eta_lt_1 p=11 a=14 file=/data/alice/ipardoza/hadronization_production/HF_RUN3_V1/raw/MONASH/hf_MONASH_job481.root
SIGMAB_COUNTS tag=MONASH species=Xi_b- pdg=5132 slice=eta_1_2 p=8 a=17 file=/data/alice/ipardoza/hadronization_production/HF_RUN3_V1/raw/MONASH/hf_MONASH_job481.root
SIGMAB_COUNTS tag=MONASH species=Xi_b- pdg=5132 slice=eta_ge_2 p=33 a=33 file=/data/alice/ipardoza/hadronization_production/HF_RUN3_V1/raw/MONASH/hf_MONASH_job481.root
SIGMAB_COUNTS tag=MONASH species=Sigma_b+ pdg=5222 slice=all p=29 a=25 file=/data/alice/ipardoza/hadronization_production/HF_RUN3_V1/raw/MONASH/hf_MONASH_job482.root
SIGMAB_COUNTS tag=MONASH species=Sigma_b+ pdg=5222 slice=eta_lt_1 p=3 a=6 file=/data/alice/ipardoza/hadronization_production/HF_RUN3_V1/raw/MONASH/hf_MONASH_job482.root
SIGMAB_COUNTS tag=MONASH species=Sigma_b+ pdg=5222 slice=eta_1_2 p=5 a=4 file=/data/alice/ipardoza/hadronization_production/HF_RUN3_V1/raw/MONASH/hf_MONASH_job482.root
SIGMAB_COUNTS tag=MONASH species=Sigma_b+ pdg=5222 slice=eta_ge_2 p=21 a=15 file=/data/alice/ipardoza/hadronization_production/HF_RUN3_V1/raw/MONASH/hf_MONASH_job482.root
SIGMAB_COUNTS tag=MONASH species=Sigma_b0 pdg=5212 slice=all p=45 a=17 file=/data/alice/ipardoza/hadronization_production/HF_RUN3_V1/raw/MONASH/hf_MONASH_job482.root
SIGMAB_COUNTS tag=MONASH species=Sigma_b0 pdg=5212 slice=eta_lt_1 p=8 a=3 file=/data/alice/ipardoza/hadronization_production/HF_RUN3_V1/raw/MONASH/hf_MONASH_job482.root
SIGMAB_COUNTS tag=MONASH species=Sigma_b0 pdg=5212 slice=eta_1_2 p=9 a=2 file=/data/alice/ipardoza/hadronization_production/HF_RUN3_V1/raw/MONASH/hf_MONASH_job482.root
SIGMAB_COUNTS tag=MONASH species=Sigma_b0 pdg=5212 slice=eta_ge_2 p=28 a=12 file=/data/alice/ipardoza/hadronization_production/HF_RUN3_V1/raw/MONASH/hf_MONASH_job482.root
SIGMAB_COUNTS tag=MONASH species=Sigma_b- pdg=5112 slice=all p=42 a=15 file=/data/alice/ipardoza/hadronization_production/HF_RUN3_V1/raw/MONASH/hf_MONASH_job482.root
SIGMAB_COUNTS tag=MONASH species=Sigma_b- pdg=5112 slice=eta_lt_1 p=5 a=1 file=/data/alice/ipardoza/hadronization_production/HF_RUN3_V1/raw/MONASH/hf_MONASH_job482.root
SIGMAB_COUNTS tag=MONASH species=Sigma_b- pdg=5112 slice=eta_1_2 p=8 a=3 file=/data/alice/ipardoza/hadronization_production/HF_RUN3_V1/raw/MONASH/hf_MONASH_job482.root
SIGMAB_COUNTS tag=MONASH species=Sigma_b- pdg=5112 slice=eta_ge_2 p=29 a=11 file=/data/alice/ipardoza/hadronization_production/HF_RUN3_V1/raw/MONASH/hf_MONASH_job482.root
SIGMAB_COUNTS tag=MONASH species=Sigma*_b+ pdg=5224 slice=all p=43 a=70 file=/data/alice/ipardoza/hadronization_production/HF_RUN3_V1/raw/MONASH/hf_MONASH_job482.root
SIGMAB_COUNTS tag=MONASH species=Sigma*_b+ pdg=5224 slice=eta_lt_1 p=5 a=11 file=/data/alice/ipardoza/hadronization_production/HF_RUN3_V1/raw/MONASH/hf_MONASH_job482.root
SIGMAB_COUNTS tag=MONASH species=Sigma*_b+ pdg=5224 slice=eta_1_2 p=8 a=13 file=/data/alice/ipardoza/hadronization_production/HF_RUN3_V1/raw/MONASH/hf_MONASH_job482.root
SIGMAB_COUNTS tag=MONASH species=Sigma*_b+ pdg=5224 slice=eta_ge_2 p=30 a=46 file=/data/alice/ipardoza/hadronization_production/HF_RUN3_V1/raw/MONASH/hf_MONASH_job482.root
SIGMAB_COUNTS tag=MONASH species=Sigma*_b0 pdg=5214 slice=all p=56 a=34 file=/data/alice/ipardoza/hadronization_production/HF_RUN3_V1/raw/MONASH/hf_MONASH_job482.root
SIGMAB_COUNTS tag=MONASH species=Sigma*_b0 pdg=5214 slice=eta_lt_1 p=12 a=7 file=/data/alice/ipardoza/hadronization_production/HF_RUN3_V1/raw/MONASH/hf_MONASH_job482.root
SIGMAB_COUNTS tag=MONASH species=Sigma*_b0 pdg=5214 slice=eta_1_2 p=12 a=10 file=/data/alice/ipardoza/hadronization_production/HF_RUN3_V1/raw/MONASH/hf_MONASH_job482.root
SIGMAB_COUNTS tag=MONASH species=Sigma*_b0 pdg=5214 slice=eta_ge_2 p=32 a=17 file=/data/alice/ipardoza/hadronization_production/HF_RUN3_V1/raw/MONASH/hf_MONASH_job482.root
SIGMAB_COUNTS tag=MONASH species=Sigma*_b- pdg=5114 slice=all p=41 a=31 file=/data/alice/ipardoza/hadronization_production/HF_RUN3_V1/raw/MONASH/hf_MONASH_job482.root
SIGMAB_COUNTS tag=MONASH species=Sigma*_b- pdg=5114 slice=eta_lt_1 p=3 a=5 file=/data/alice/ipardoza/hadronization_production/HF_RUN3_V1/raw/MONASH/hf_MONASH_job482.root
SIGMAB_COUNTS tag=MONASH species=Sigma*_b- pdg=5114 slice=eta_1_2 p=5 a=11 file=/data/alice/ipardoza/hadronization_production/HF_RUN3_V1/raw/MONASH/hf_MONASH_job482.root
SIGMAB_COUNTS tag=MONASH species=Sigma*_b- pdg=5114 slice=eta_ge_2 p=33 a=15 file=/data/alice/ipardoza/hadronization_production/HF_RUN3_V1/raw/MONASH/hf_MONASH_job482.root
SIGMAB_COUNTS tag=MONASH species=Lambda_b0 pdg=5122 slice=all p=353 a=295 file=/data/alice/ipardoza/hadronization_production/HF_RUN3_V1/raw/MONASH/hf_MONASH_job482.root
SIGMAB_COUNTS tag=MONASH species=Lambda_b0 pdg=5122 slice=eta_lt_1 p=63 a=65 file=/data/alice/ipardoza/hadronization_production/HF_RUN3_V1/raw/MONASH/hf_MONASH_job482.root
SIGMAB_COUNTS tag=MONASH species=Lambda_b0 pdg=5122 slice=eta_1_2 p=78 a=64 file=/data/alice/ipardoza/hadronization_production/HF_RUN3_V1/raw/MONASH/hf_MONASH_job482.root
SIGMAB_COUNTS tag=MONASH species=Lambda_b0 pdg=5122 slice=eta_ge_2 p=212 a=166 file=/data/alice/ipardoza/hadronization_production/HF_RUN3_V1/raw/MONASH/hf_MONASH_job482.root
SIGMAB_COUNTS tag=MONASH species=Xi_b0 pdg=5232 slice=all p=66 a=68 file=/data/alice/ipardoza/hadronization_production/HF_RUN3_V1/raw/MONASH/hf_MONASH_job482.root
SIGMAB_COUNTS tag=MONASH species=Xi_b0 pdg=5232 slice=eta_lt_1 p=12 a=14 file=/data/alice/ipardoza/hadronization_production/HF_RUN3_V1/raw/MONASH/hf_MONASH_job482.root
SIGMAB_COUNTS tag=MONASH species=Xi_b0 pdg=5232 slice=eta_1_2 p=14 a=17 file=/data/alice/ipardoza/hadronization_production/HF_RUN3_V1/raw/MONASH/hf_MONASH_job482.root
SIGMAB_COUNTS tag=MONASH species=Xi_b0 pdg=5232 slice=eta_ge_2 p=40 a=37 file=/data/alice/ipardoza/hadronization_production/HF_RUN3_V1/raw/MONASH/hf_MONASH_job482.root
SIGMAB_COUNTS tag=MONASH species=Xi_b- pdg=5132 slice=all p=62 a=51 file=/data/alice/ipardoza/hadronization_production/HF_RUN3_V1/raw/MONASH/hf_MONASH_job482.root
SIGMAB_COUNTS tag=MONASH species=Xi_b- pdg=5132 slice=eta_lt_1 p=3 a=10 file=/data/alice/ipardoza/hadronization_production/HF_RUN3_V1/raw/MONASH/hf_MONASH_job482.root
SIGMAB_COUNTS tag=MONASH species=Xi_b- pdg=5132 slice=eta_1_2 p=21 a=7 file=/data/alice/ipardoza/hadronization_production/HF_RUN3_V1/raw/MONASH/hf_MONASH_job482.root
SIGMAB_COUNTS tag=MONASH species=Xi_b- pdg=5132 slice=eta_ge_2 p=38 a=34 file=/data/alice/ipardoza/hadronization_production/HF_RUN3_V1/raw/MONASH/hf_MONASH_job482.root
SIGMAB_COUNTS tag=MONASH species=Sigma_b+ pdg=5222 slice=all p=32 a=18 file=/data/alice/ipardoza/hadronization_production/HF_RUN3_V1/raw/MONASH/hf_MONASH_job483.root
SIGMAB_COUNTS tag=MONASH species=Sigma_b+ pdg=5222 slice=eta_lt_1 p=6 a=3 file=/data/alice/ipardoza/hadronization_production/HF_RUN3_V1/raw/MONASH/hf_MONASH_job483.root
SIGMAB_COUNTS tag=MONASH species=Sigma_b+ pdg=5222 slice=eta_1_2 p=5 a=3 file=/data/alice/ipardoza/hadronization_production/HF_RUN3_V1/raw/MONASH/hf_MONASH_job483.root
SIGMAB_COUNTS tag=MONASH species=Sigma_b+ pdg=5222 slice=eta_ge_2 p=21 a=12 file=/data/alice/ipardoza/hadronization_production/HF_RUN3_V1/raw/MONASH/hf_MONASH_job483.root
SIGMAB_COUNTS tag=MONASH species=Sigma_b0 pdg=5212 slice=all p=34 a=15 file=/data/alice/ipardoza/hadronization_production/HF_RUN3_V1/raw/MONASH/hf_MONASH_job483.root
SIGMAB_COUNTS tag=MONASH species=Sigma_b0 pdg=5212 slice=eta_lt_1 p=5 a=2 file=/data/alice/ipardoza/hadronization_production/HF_RUN3_V1/raw/MONASH/hf_MONASH_job483.root
SIGMAB_COUNTS tag=MONASH species=Sigma_b0 pdg=5212 slice=eta_1_2 p=8 a=2 file=/data/alice/ipardoza/hadronization_production/HF_RUN3_V1/raw/MONASH/hf_MONASH_job483.root
SIGMAB_COUNTS tag=MONASH species=Sigma_b0 pdg=5212 slice=eta_ge_2 p=21 a=11 file=/data/alice/ipardoza/hadronization_production/HF_RUN3_V1/raw/MONASH/hf_MONASH_job483.root
SIGMAB_COUNTS tag=MONASH species=Sigma_b- pdg=5112 slice=all p=41 a=26 file=/data/alice/ipardoza/hadronization_production/HF_RUN3_V1/raw/MONASH/hf_MONASH_job483.root
SIGMAB_COUNTS tag=MONASH species=Sigma_b- pdg=5112 slice=eta_lt_1 p=6 a=8 file=/data/alice/ipardoza/hadronization_production/HF_RUN3_V1/raw/MONASH/hf_MONASH_job483.root
SIGMAB_COUNTS tag=MONASH species=Sigma_b- pdg=5112 slice=eta_1_2 p=9 a=4 file=/data/alice/ipardoza/hadronization_production/HF_RUN3_V1/raw/MONASH/hf_MONASH_job483.root
SIGMAB_COUNTS tag=MONASH species=Sigma_b- pdg=5112 slice=eta_ge_2 p=26 a=14 file=/data/alice/ipardoza/hadronization_production/HF_RUN3_V1/raw/MONASH/hf_MONASH_job483.root
SIGMAB_COUNTS tag=MONASH species=Sigma*_b+ pdg=5224 slice=all p=45 a=42 file=/data/alice/ipardoza/hadronization_production/HF_RUN3_V1/raw/MONASH/hf_MONASH_job483.root
SIGMAB_COUNTS tag=MONASH species=Sigma*_b+ pdg=5224 slice=eta_lt_1 p=9 a=5 file=/data/alice/ipardoza/hadronization_production/HF_RUN3_V1/raw/MONASH/hf_MONASH_job483.root
SIGMAB_COUNTS tag=MONASH species=Sigma*_b+ pdg=5224 slice=eta_1_2 p=12 a=7 file=/data/alice/ipardoza/hadronization_production/HF_RUN3_V1/raw/MONASH/hf_MONASH_job483.root
SIGMAB_COUNTS tag=MONASH species=Sigma*_b+ pdg=5224 slice=eta_ge_2 p=24 a=30 file=/data/alice/ipardoza/hadronization_production/HF_RUN3_V1/raw/MONASH/hf_MONASH_job483.root
SIGMAB_COUNTS tag=MONASH species=Sigma*_b0 pdg=5214 slice=all p=51 a=37 file=/data/alice/ipardoza/hadronization_production/HF_RUN3_V1/raw/MONASH/hf_MONASH_job483.root
SIGMAB_COUNTS tag=MONASH species=Sigma*_b0 pdg=5214 slice=eta_lt_1 p=7 a=8 file=/data/alice/ipardoza/hadronization_production/HF_RUN3_V1/raw/MONASH/hf_MONASH_job483.root
SIGMAB_COUNTS tag=MONASH species=Sigma*_b0 pdg=5214 slice=eta_1_2 p=8 a=8 file=/data/alice/ipardoza/hadronization_production/HF_RUN3_V1/raw/MONASH/hf_MONASH_job483.root
SIGMAB_COUNTS tag=MONASH species=Sigma*_b0 pdg=5214 slice=eta_ge_2 p=36 a=21 file=/data/alice/ipardoza/hadronization_production/HF_RUN3_V1/raw/MONASH/hf_MONASH_job483.root
SIGMAB_COUNTS tag=MONASH species=Sigma*_b- pdg=5114 slice=all p=54 a=32 file=/data/alice/ipardoza/hadronization_production/HF_RUN3_V1/raw/MONASH/hf_MONASH_job483.root
SIGMAB_COUNTS tag=MONASH species=Sigma*_b- pdg=5114 slice=eta_lt_1 p=13 a=11 file=/data/alice/ipardoza/hadronization_production/HF_RUN3_V1/raw/MONASH/hf_MONASH_job483.root
SIGMAB_COUNTS tag=MONASH species=Sigma*_b- pdg=5114 slice=eta_1_2 p=6 a=7 file=/data/alice/ipardoza/hadronization_production/HF_RUN3_V1/raw/MONASH/hf_MONASH_job483.root
SIGMAB_COUNTS tag=MONASH species=Sigma*_b- pdg=5114 slice=eta_ge_2 p=35 a=14 file=/data/alice/ipardoza/hadronization_production/HF_RUN3_V1/raw/MONASH/hf_MONASH_job483.root
SIGMAB_COUNTS tag=MONASH species=Lambda_b0 pdg=5122 slice=all p=294 a=318 file=/data/alice/ipardoza/hadronization_production/HF_RUN3_V1/raw/MONASH/hf_MONASH_job483.root
SIGMAB_COUNTS tag=MONASH species=Lambda_b0 pdg=5122 slice=eta_lt_1 p=70 a=58 file=/data/alice/ipardoza/hadronization_production/HF_RUN3_V1/raw/MONASH/hf_MONASH_job483.root
SIGMAB_COUNTS tag=MONASH species=Lambda_b0 pdg=5122 slice=eta_1_2 p=54 a=57 file=/data/alice/ipardoza/hadronization_production/HF_RUN3_V1/raw/MONASH/hf_MONASH_job483.root
SIGMAB_COUNTS tag=MONASH species=Lambda_b0 pdg=5122 slice=eta_ge_2 p=170 a=203 file=/data/alice/ipardoza/hadronization_production/HF_RUN3_V1/raw/MONASH/hf_MONASH_job483.root
SIGMAB_COUNTS tag=MONASH species=Xi_b0 pdg=5232 slice=all p=61 a=57 file=/data/alice/ipardoza/hadronization_production/HF_RUN3_V1/raw/MONASH/hf_MONASH_job483.root
SIGMAB_COUNTS tag=MONASH species=Xi_b0 pdg=5232 slice=eta_lt_1 p=13 a=6 file=/data/alice/ipardoza/hadronization_production/HF_RUN3_V1/raw/MONASH/hf_MONASH_job483.root
SIGMAB_COUNTS tag=MONASH species=Xi_b0 pdg=5232 slice=eta_1_2 p=14 a=10 file=/data/alice/ipardoza/hadronization_production/HF_RUN3_V1/raw/MONASH/hf_MONASH_job483.root
SIGMAB_COUNTS tag=MONASH species=Xi_b0 pdg=5232 slice=eta_ge_2 p=34 a=41 file=/data/alice/ipardoza/hadronization_production/HF_RUN3_V1/raw/MONASH/hf_MONASH_job483.root
SIGMAB_COUNTS tag=MONASH species=Xi_b- pdg=5132 slice=all p=62 a=63 file=/data/alice/ipardoza/hadronization_production/HF_RUN3_V1/raw/MONASH/hf_MONASH_job483.root
SIGMAB_COUNTS tag=MONASH species=Xi_b- pdg=5132 slice=eta_lt_1 p=8 a=5 file=/data/alice/ipardoza/hadronization_production/HF_RUN3_V1/raw/MONASH/hf_MONASH_job483.root
SIGMAB_COUNTS tag=MONASH species=Xi_b- pdg=5132 slice=eta_1_2 p=16 a=15 file=/data/alice/ipardoza/hadronization_production/HF_RUN3_V1/raw/MONASH/hf_MONASH_job483.root
SIGMAB_COUNTS tag=MONASH species=Xi_b- pdg=5132 slice=eta_ge_2 p=38 a=43 file=/data/alice/ipardoza/hadronization_production/HF_RUN3_V1/raw/MONASH/hf_MONASH_job483.root
SIGMAB_COUNTS tag=MONASH species=Sigma_b+ pdg=5222 slice=all p=31 a=30 file=/data/alice/ipardoza/hadronization_production/HF_RUN3_V1/raw/MONASH/hf_MONASH_job484.root
SIGMAB_COUNTS tag=MONASH species=Sigma_b+ pdg=5222 slice=eta_lt_1 p=4 a=6 file=/data/alice/ipardoza/hadronization_production/HF_RUN3_V1/raw/MONASH/hf_MONASH_job484.root
SIGMAB_COUNTS tag=MONASH species=Sigma_b+ pdg=5222 slice=eta_1_2 p=7 a=5 file=/data/alice/ipardoza/hadronization_production/HF_RUN3_V1/raw/MONASH/hf_MONASH_job484.root
SIGMAB_COUNTS tag=MONASH species=Sigma_b+ pdg=5222 slice=eta_ge_2 p=20 a=19 file=/data/alice/ipardoza/hadronization_production/HF_RUN3_V1/raw/MONASH/hf_MONASH_job484.root
SIGMAB_COUNTS tag=MONASH species=Sigma_b0 pdg=5212 slice=all p=32 a=18 file=/data/alice/ipardoza/hadronization_production/HF_RUN3_V1/raw/MONASH/hf_MONASH_job484.root
SIGMAB_COUNTS tag=MONASH species=Sigma_b0 pdg=5212 slice=eta_lt_1 p=6 a=3 file=/data/alice/ipardoza/hadronization_production/HF_RUN3_V1/raw/MONASH/hf_MONASH_job484.root
SIGMAB_COUNTS tag=MONASH species=Sigma_b0 pdg=5212 slice=eta_1_2 p=3 a=5 file=/data/alice/ipardoza/hadronization_production/HF_RUN3_V1/raw/MONASH/hf_MONASH_job484.root
SIGMAB_COUNTS tag=MONASH species=Sigma_b0 pdg=5212 slice=eta_ge_2 p=23 a=10 file=/data/alice/ipardoza/hadronization_production/HF_RUN3_V1/raw/MONASH/hf_MONASH_job484.root
SIGMAB_COUNTS tag=MONASH species=Sigma_b- pdg=5112 slice=all p=35 a=18 file=/data/alice/ipardoza/hadronization_production/HF_RUN3_V1/raw/MONASH/hf_MONASH_job484.root
SIGMAB_COUNTS tag=MONASH species=Sigma_b- pdg=5112 slice=eta_lt_1 p=6 a=2 file=/data/alice/ipardoza/hadronization_production/HF_RUN3_V1/raw/MONASH/hf_MONASH_job484.root
SIGMAB_COUNTS tag=MONASH species=Sigma_b- pdg=5112 slice=eta_1_2 p=8 a=4 file=/data/alice/ipardoza/hadronization_production/HF_RUN3_V1/raw/MONASH/hf_MONASH_job484.root
SIGMAB_COUNTS tag=MONASH species=Sigma_b- pdg=5112 slice=eta_ge_2 p=21 a=12 file=/data/alice/ipardoza/hadronization_production/HF_RUN3_V1/raw/MONASH/hf_MONASH_job484.root
SIGMAB_COUNTS tag=MONASH species=Sigma*_b+ pdg=5224 slice=all p=63 a=43 file=/data/alice/ipardoza/hadronization_production/HF_RUN3_V1/raw/MONASH/hf_MONASH_job484.root
SIGMAB_COUNTS tag=MONASH species=Sigma*_b+ pdg=5224 slice=eta_lt_1 p=11 a=2 file=/data/alice/ipardoza/hadronization_production/HF_RUN3_V1/raw/MONASH/hf_MONASH_job484.root
SIGMAB_COUNTS tag=MONASH species=Sigma*_b+ pdg=5224 slice=eta_1_2 p=12 a=11 file=/data/alice/ipardoza/hadronization_production/HF_RUN3_V1/raw/MONASH/hf_MONASH_job484.root
SIGMAB_COUNTS tag=MONASH species=Sigma*_b+ pdg=5224 slice=eta_ge_2 p=40 a=30 file=/data/alice/ipardoza/hadronization_production/HF_RUN3_V1/raw/MONASH/hf_MONASH_job484.root
SIGMAB_COUNTS tag=MONASH species=Sigma*_b0 pdg=5214 slice=all p=43 a=36 file=/data/alice/ipardoza/hadronization_production/HF_RUN3_V1/raw/MONASH/hf_MONASH_job484.root
SIGMAB_COUNTS tag=MONASH species=Sigma*_b0 pdg=5214 slice=eta_lt_1 p=5 a=6 file=/data/alice/ipardoza/hadronization_production/HF_RUN3_V1/raw/MONASH/hf_MONASH_job484.root
SIGMAB_COUNTS tag=MONASH species=Sigma*_b0 pdg=5214 slice=eta_1_2 p=7 a=8 file=/data/alice/ipardoza/hadronization_production/HF_RUN3_V1/raw/MONASH/hf_MONASH_job484.root
SIGMAB_COUNTS tag=MONASH species=Sigma*_b0 pdg=5214 slice=eta_ge_2 p=31 a=22 file=/data/alice/ipardoza/hadronization_production/HF_RUN3_V1/raw/MONASH/hf_MONASH_job484.root
SIGMAB_COUNTS tag=MONASH species=Sigma*_b- pdg=5114 slice=all p=59 a=41 file=/data/alice/ipardoza/hadronization_production/HF_RUN3_V1/raw/MONASH/hf_MONASH_job484.root
SIGMAB_COUNTS tag=MONASH species=Sigma*_b- pdg=5114 slice=eta_lt_1 p=7 a=10 file=/data/alice/ipardoza/hadronization_production/HF_RUN3_V1/raw/MONASH/hf_MONASH_job484.root
SIGMAB_COUNTS tag=MONASH species=Sigma*_b- pdg=5114 slice=eta_1_2 p=10 a=5 file=/data/alice/ipardoza/hadronization_production/HF_RUN3_V1/raw/MONASH/hf_MONASH_job484.root
SIGMAB_COUNTS tag=MONASH species=Sigma*_b- pdg=5114 slice=eta_ge_2 p=42 a=26 file=/data/alice/ipardoza/hadronization_production/HF_RUN3_V1/raw/MONASH/hf_MONASH_job484.root
SIGMAB_COUNTS tag=MONASH species=Lambda_b0 pdg=5122 slice=all p=345 a=342 file=/data/alice/ipardoza/hadronization_production/HF_RUN3_V1/raw/MONASH/hf_MONASH_job484.root
SIGMAB_COUNTS tag=MONASH species=Lambda_b0 pdg=5122 slice=eta_lt_1 p=68 a=70 file=/data/alice/ipardoza/hadronization_production/HF_RUN3_V1/raw/MONASH/hf_MONASH_job484.root
SIGMAB_COUNTS tag=MONASH species=Lambda_b0 pdg=5122 slice=eta_1_2 p=68 a=73 file=/data/alice/ipardoza/hadronization_production/HF_RUN3_V1/raw/MONASH/hf_MONASH_job484.root
SIGMAB_COUNTS tag=MONASH species=Lambda_b0 pdg=5122 slice=eta_ge_2 p=209 a=199 file=/data/alice/ipardoza/hadronization_production/HF_RUN3_V1/raw/MONASH/hf_MONASH_job484.root
SIGMAB_COUNTS tag=MONASH species=Xi_b0 pdg=5232 slice=all p=57 a=39 file=/data/alice/ipardoza/hadronization_production/HF_RUN3_V1/raw/MONASH/hf_MONASH_job484.root
SIGMAB_COUNTS tag=MONASH species=Xi_b0 pdg=5232 slice=eta_lt_1 p=11 a=6 file=/data/alice/ipardoza/hadronization_production/HF_RUN3_V1/raw/MONASH/hf_MONASH_job484.root
SIGMAB_COUNTS tag=MONASH species=Xi_b0 pdg=5232 slice=eta_1_2 p=11 a=9 file=/data/alice/ipardoza/hadronization_production/HF_RUN3_V1/raw/MONASH/hf_MONASH_job484.root
SIGMAB_COUNTS tag=MONASH species=Xi_b0 pdg=5232 slice=eta_ge_2 p=35 a=24 file=/data/alice/ipardoza/hadronization_production/HF_RUN3_V1/raw/MONASH/hf_MONASH_job484.root
SIGMAB_COUNTS tag=MONASH species=Xi_b- pdg=5132 slice=all p=49 a=50 file=/data/alice/ipardoza/hadronization_production/HF_RUN3_V1/raw/MONASH/hf_MONASH_job484.root
SIGMAB_COUNTS tag=MONASH species=Xi_b- pdg=5132 slice=eta_lt_1 p=4 a=6 file=/data/alice/ipardoza/hadronization_production/HF_RUN3_V1/raw/MONASH/hf_MONASH_job484.root
SIGMAB_COUNTS tag=MONASH species=Xi_b- pdg=5132 slice=eta_1_2 p=14 a=10 file=/data/alice/ipardoza/hadronization_production/HF_RUN3_V1/raw/MONASH/hf_MONASH_job484.root
SIGMAB_COUNTS tag=MONASH species=Xi_b- pdg=5132 slice=eta_ge_2 p=31 a=34 file=/data/alice/ipardoza/hadronization_production/HF_RUN3_V1/raw/MONASH/hf_MONASH_job484.root
SIGMAB_COUNTS tag=MONASH species=Sigma_b+ pdg=5222 slice=all p=20 a=27 file=/data/alice/ipardoza/hadronization_production/HF_RUN3_V1/raw/MONASH/hf_MONASH_job485.root
SIGMAB_COUNTS tag=MONASH species=Sigma_b+ pdg=5222 slice=eta_lt_1 p=4 a=5 file=/data/alice/ipardoza/hadronization_production/HF_RUN3_V1/raw/MONASH/hf_MONASH_job485.root
SIGMAB_COUNTS tag=MONASH species=Sigma_b+ pdg=5222 slice=eta_1_2 p=4 a=7 file=/data/alice/ipardoza/hadronization_production/HF_RUN3_V1/raw/MONASH/hf_MONASH_job485.root
SIGMAB_COUNTS tag=MONASH species=Sigma_b+ pdg=5222 slice=eta_ge_2 p=12 a=15 file=/data/alice/ipardoza/hadronization_production/HF_RUN3_V1/raw/MONASH/hf_MONASH_job485.root
SIGMAB_COUNTS tag=MONASH species=Sigma_b0 pdg=5212 slice=all p=40 a=22 file=/data/alice/ipardoza/hadronization_production/HF_RUN3_V1/raw/MONASH/hf_MONASH_job485.root
SIGMAB_COUNTS tag=MONASH species=Sigma_b0 pdg=5212 slice=eta_lt_1 p=5 a=5 file=/data/alice/ipardoza/hadronization_production/HF_RUN3_V1/raw/MONASH/hf_MONASH_job485.root
SIGMAB_COUNTS tag=MONASH species=Sigma_b0 pdg=5212 slice=eta_1_2 p=6 a=5 file=/data/alice/ipardoza/hadronization_production/HF_RUN3_V1/raw/MONASH/hf_MONASH_job485.root
SIGMAB_COUNTS tag=MONASH species=Sigma_b0 pdg=5212 slice=eta_ge_2 p=29 a=12 file=/data/alice/ipardoza/hadronization_production/HF_RUN3_V1/raw/MONASH/hf_MONASH_job485.root
SIGMAB_COUNTS tag=MONASH species=Sigma_b- pdg=5112 slice=all p=32 a=13 file=/data/alice/ipardoza/hadronization_production/HF_RUN3_V1/raw/MONASH/hf_MONASH_job485.root
SIGMAB_COUNTS tag=MONASH species=Sigma_b- pdg=5112 slice=eta_lt_1 p=4 a=4 file=/data/alice/ipardoza/hadronization_production/HF_RUN3_V1/raw/MONASH/hf_MONASH_job485.root
SIGMAB_COUNTS tag=MONASH species=Sigma_b- pdg=5112 slice=eta_1_2 p=3 a=3 file=/data/alice/ipardoza/hadronization_production/HF_RUN3_V1/raw/MONASH/hf_MONASH_job485.root
SIGMAB_COUNTS tag=MONASH species=Sigma_b- pdg=5112 slice=eta_ge_2 p=25 a=6 file=/data/alice/ipardoza/hadronization_production/HF_RUN3_V1/raw/MONASH/hf_MONASH_job485.root
SIGMAB_COUNTS tag=MONASH species=Sigma*_b+ pdg=5224 slice=all p=41 a=49 file=/data/alice/ipardoza/hadronization_production/HF_RUN3_V1/raw/MONASH/hf_MONASH_job485.root
SIGMAB_COUNTS tag=MONASH species=Sigma*_b+ pdg=5224 slice=eta_lt_1 p=6 a=5 file=/data/alice/ipardoza/hadronization_production/HF_RUN3_V1/raw/MONASH/hf_MONASH_job485.root
SIGMAB_COUNTS tag=MONASH species=Sigma*_b+ pdg=5224 slice=eta_1_2 p=5 a=17 file=/data/alice/ipardoza/hadronization_production/HF_RUN3_V1/raw/MONASH/hf_MONASH_job485.root
SIGMAB_COUNTS tag=MONASH species=Sigma*_b+ pdg=5224 slice=eta_ge_2 p=30 a=27 file=/data/alice/ipardoza/hadronization_production/HF_RUN3_V1/raw/MONASH/hf_MONASH_job485.root
SIGMAB_COUNTS tag=MONASH species=Sigma*_b0 pdg=5214 slice=all p=51 a=36 file=/data/alice/ipardoza/hadronization_production/HF_RUN3_V1/raw/MONASH/hf_MONASH_job485.root
SIGMAB_COUNTS tag=MONASH species=Sigma*_b0 pdg=5214 slice=eta_lt_1 p=7 a=8 file=/data/alice/ipardoza/hadronization_production/HF_RUN3_V1/raw/MONASH/hf_MONASH_job485.root
SIGMAB_COUNTS tag=MONASH species=Sigma*_b0 pdg=5214 slice=eta_1_2 p=13 a=7 file=/data/alice/ipardoza/hadronization_production/HF_RUN3_V1/raw/MONASH/hf_MONASH_job485.root
SIGMAB_COUNTS tag=MONASH species=Sigma*_b0 pdg=5214 slice=eta_ge_2 p=31 a=21 file=/data/alice/ipardoza/hadronization_production/HF_RUN3_V1/raw/MONASH/hf_MONASH_job485.root
SIGMAB_COUNTS tag=MONASH species=Sigma*_b- pdg=5114 slice=all p=41 a=49 file=/data/alice/ipardoza/hadronization_production/HF_RUN3_V1/raw/MONASH/hf_MONASH_job485.root
SIGMAB_COUNTS tag=MONASH species=Sigma*_b- pdg=5114 slice=eta_lt_1 p=6 a=10 file=/data/alice/ipardoza/hadronization_production/HF_RUN3_V1/raw/MONASH/hf_MONASH_job485.root
SIGMAB_COUNTS tag=MONASH species=Sigma*_b- pdg=5114 slice=eta_1_2 p=10 a=11 file=/data/alice/ipardoza/hadronization_production/HF_RUN3_V1/raw/MONASH/hf_MONASH_job485.root
SIGMAB_COUNTS tag=MONASH species=Sigma*_b- pdg=5114 slice=eta_ge_2 p=25 a=28 file=/data/alice/ipardoza/hadronization_production/HF_RUN3_V1/raw/MONASH/hf_MONASH_job485.root
SIGMAB_COUNTS tag=MONASH species=Lambda_b0 pdg=5122 slice=all p=306 a=309 file=/data/alice/ipardoza/hadronization_production/HF_RUN3_V1/raw/MONASH/hf_MONASH_job485.root
SIGMAB_COUNTS tag=MONASH species=Lambda_b0 pdg=5122 slice=eta_lt_1 p=51 a=73 file=/data/alice/ipardoza/hadronization_production/HF_RUN3_V1/raw/MONASH/hf_MONASH_job485.root
SIGMAB_COUNTS tag=MONASH species=Lambda_b0 pdg=5122 slice=eta_1_2 p=70 a=63 file=/data/alice/ipardoza/hadronization_production/HF_RUN3_V1/raw/MONASH/hf_MONASH_job485.root
SIGMAB_COUNTS tag=MONASH species=Lambda_b0 pdg=5122 slice=eta_ge_2 p=185 a=173 file=/data/alice/ipardoza/hadronization_production/HF_RUN3_V1/raw/MONASH/hf_MONASH_job485.root
SIGMAB_COUNTS tag=MONASH species=Xi_b0 pdg=5232 slice=all p=61 a=44 file=/data/alice/ipardoza/hadronization_production/HF_RUN3_V1/raw/MONASH/hf_MONASH_job485.root
SIGMAB_COUNTS tag=MONASH species=Xi_b0 pdg=5232 slice=eta_lt_1 p=11 a=8 file=/data/alice/ipardoza/hadronization_production/HF_RUN3_V1/raw/MONASH/hf_MONASH_job485.root
SIGMAB_COUNTS tag=MONASH species=Xi_b0 pdg=5232 slice=eta_1_2 p=15 a=12 file=/data/alice/ipardoza/hadronization_production/HF_RUN3_V1/raw/MONASH/hf_MONASH_job485.root
SIGMAB_COUNTS tag=MONASH species=Xi_b0 pdg=5232 slice=eta_ge_2 p=35 a=24 file=/data/alice/ipardoza/hadronization_production/HF_RUN3_V1/raw/MONASH/hf_MONASH_job485.root
SIGMAB_COUNTS tag=MONASH species=Xi_b- pdg=5132 slice=all p=65 a=54 file=/data/alice/ipardoza/hadronization_production/HF_RUN3_V1/raw/MONASH/hf_MONASH_job485.root
SIGMAB_COUNTS tag=MONASH species=Xi_b- pdg=5132 slice=eta_lt_1 p=10 a=13 file=/data/alice/ipardoza/hadronization_production/HF_RUN3_V1/raw/MONASH/hf_MONASH_job485.root
SIGMAB_COUNTS tag=MONASH species=Xi_b- pdg=5132 slice=eta_1_2 p=17 a=8 file=/data/alice/ipardoza/hadronization_production/HF_RUN3_V1/raw/MONASH/hf_MONASH_job485.root
SIGMAB_COUNTS tag=MONASH species=Xi_b- pdg=5132 slice=eta_ge_2 p=38 a=33 file=/data/alice/ipardoza/hadronization_production/HF_RUN3_V1/raw/MONASH/hf_MONASH_job485.root
SIGMAB_COUNTS tag=MONASH species=Sigma_b+ pdg=5222 slice=all p=30 a=16 file=/data/alice/ipardoza/hadronization_production/HF_RUN3_V1/raw/MONASH/hf_MONASH_job486.root
SIGMAB_COUNTS tag=MONASH species=Sigma_b+ pdg=5222 slice=eta_lt_1 p=2 a=2 file=/data/alice/ipardoza/hadronization_production/HF_RUN3_V1/raw/MONASH/hf_MONASH_job486.root
SIGMAB_COUNTS tag=MONASH species=Sigma_b+ pdg=5222 slice=eta_1_2 p=4 a=5 file=/data/alice/ipardoza/hadronization_production/HF_RUN3_V1/raw/MONASH/hf_MONASH_job486.root
SIGMAB_COUNTS tag=MONASH species=Sigma_b+ pdg=5222 slice=eta_ge_2 p=24 a=9 file=/data/alice/ipardoza/hadronization_production/HF_RUN3_V1/raw/MONASH/hf_MONASH_job486.root
SIGMAB_COUNTS tag=MONASH species=Sigma_b0 pdg=5212 slice=all p=26 a=18 file=/data/alice/ipardoza/hadronization_production/HF_RUN3_V1/raw/MONASH/hf_MONASH_job486.root
SIGMAB_COUNTS tag=MONASH species=Sigma_b0 pdg=5212 slice=eta_lt_1 p=5 a=6 file=/data/alice/ipardoza/hadronization_production/HF_RUN3_V1/raw/MONASH/hf_MONASH_job486.root
SIGMAB_COUNTS tag=MONASH species=Sigma_b0 pdg=5212 slice=eta_1_2 p=8 a=1 file=/data/alice/ipardoza/hadronization_production/HF_RUN3_V1/raw/MONASH/hf_MONASH_job486.root
SIGMAB_COUNTS tag=MONASH species=Sigma_b0 pdg=5212 slice=eta_ge_2 p=13 a=11 file=/data/alice/ipardoza/hadronization_production/HF_RUN3_V1/raw/MONASH/hf_MONASH_job486.root
SIGMAB_COUNTS tag=MONASH species=Sigma_b- pdg=5112 slice=all p=33 a=19 file=/data/alice/ipardoza/hadronization_production/HF_RUN3_V1/raw/MONASH/hf_MONASH_job486.root
SIGMAB_COUNTS tag=MONASH species=Sigma_b- pdg=5112 slice=eta_lt_1 p=5 a=4 file=/data/alice/ipardoza/hadronization_production/HF_RUN3_V1/raw/MONASH/hf_MONASH_job486.root
SIGMAB_COUNTS tag=MONASH species=Sigma_b- pdg=5112 slice=eta_1_2 p=7 a=6 file=/data/alice/ipardoza/hadronization_production/HF_RUN3_V1/raw/MONASH/hf_MONASH_job486.root
SIGMAB_COUNTS tag=MONASH species=Sigma_b- pdg=5112 slice=eta_ge_2 p=21 a=9 file=/data/alice/ipardoza/hadronization_production/HF_RUN3_V1/raw/MONASH/hf_MONASH_job486.root
SIGMAB_COUNTS tag=MONASH species=Sigma*_b+ pdg=5224 slice=all p=42 a=26 file=/data/alice/ipardoza/hadronization_production/HF_RUN3_V1/raw/MONASH/hf_MONASH_job486.root
SIGMAB_COUNTS tag=MONASH species=Sigma*_b+ pdg=5224 slice=eta_lt_1 p=5 a=1 file=/data/alice/ipardoza/hadronization_production/HF_RUN3_V1/raw/MONASH/hf_MONASH_job486.root
SIGMAB_COUNTS tag=MONASH species=Sigma*_b+ pdg=5224 slice=eta_1_2 p=8 a=5 file=/data/alice/ipardoza/hadronization_production/HF_RUN3_V1/raw/MONASH/hf_MONASH_job486.root
SIGMAB_COUNTS tag=MONASH species=Sigma*_b+ pdg=5224 slice=eta_ge_2 p=29 a=20 file=/data/alice/ipardoza/hadronization_production/HF_RUN3_V1/raw/MONASH/hf_MONASH_job486.root
SIGMAB_COUNTS tag=MONASH species=Sigma*_b0 pdg=5214 slice=all p=45 a=33 file=/data/alice/ipardoza/hadronization_production/HF_RUN3_V1/raw/MONASH/hf_MONASH_job486.root
SIGMAB_COUNTS tag=MONASH species=Sigma*_b0 pdg=5214 slice=eta_lt_1 p=10 a=1 file=/data/alice/ipardoza/hadronization_production/HF_RUN3_V1/raw/MONASH/hf_MONASH_job486.root
SIGMAB_COUNTS tag=MONASH species=Sigma*_b0 pdg=5214 slice=eta_1_2 p=10 a=7 file=/data/alice/ipardoza/hadronization_production/HF_RUN3_V1/raw/MONASH/hf_MONASH_job486.root
SIGMAB_COUNTS tag=MONASH species=Sigma*_b0 pdg=5214 slice=eta_ge_2 p=25 a=25 file=/data/alice/ipardoza/hadronization_production/HF_RUN3_V1/raw/MONASH/hf_MONASH_job486.root
SIGMAB_COUNTS tag=MONASH species=Sigma*_b- pdg=5114 slice=all p=59 a=41 file=/data/alice/ipardoza/hadronization_production/HF_RUN3_V1/raw/MONASH/hf_MONASH_job486.root
SIGMAB_COUNTS tag=MONASH species=Sigma*_b- pdg=5114 slice=eta_lt_1 p=9 a=8 file=/data/alice/ipardoza/hadronization_production/HF_RUN3_V1/raw/MONASH/hf_MONASH_job486.root
SIGMAB_COUNTS tag=MONASH species=Sigma*_b- pdg=5114 slice=eta_1_2 p=11 a=13 file=/data/alice/ipardoza/hadronization_production/HF_RUN3_V1/raw/MONASH/hf_MONASH_job486.root
SIGMAB_COUNTS tag=MONASH species=Sigma*_b- pdg=5114 slice=eta_ge_2 p=39 a=20 file=/data/alice/ipardoza/hadronization_production/HF_RUN3_V1/raw/MONASH/hf_MONASH_job486.root
SIGMAB_COUNTS tag=MONASH species=Lambda_b0 pdg=5122 slice=all p=310 a=320 file=/data/alice/ipardoza/hadronization_production/HF_RUN3_V1/raw/MONASH/hf_MONASH_job486.root
SIGMAB_COUNTS tag=MONASH species=Lambda_b0 pdg=5122 slice=eta_lt_1 p=57 a=68 file=/data/alice/ipardoza/hadronization_production/HF_RUN3_V1/raw/MONASH/hf_MONASH_job486.root
SIGMAB_COUNTS tag=MONASH species=Lambda_b0 pdg=5122 slice=eta_1_2 p=57 a=62 file=/data/alice/ipardoza/hadronization_production/HF_RUN3_V1/raw/MONASH/hf_MONASH_job486.root
SIGMAB_COUNTS tag=MONASH species=Lambda_b0 pdg=5122 slice=eta_ge_2 p=196 a=190 file=/data/alice/ipardoza/hadronization_production/HF_RUN3_V1/raw/MONASH/hf_MONASH_job486.root
SIGMAB_COUNTS tag=MONASH species=Xi_b0 pdg=5232 slice=all p=72 a=63 file=/data/alice/ipardoza/hadronization_production/HF_RUN3_V1/raw/MONASH/hf_MONASH_job486.root
SIGMAB_COUNTS tag=MONASH species=Xi_b0 pdg=5232 slice=eta_lt_1 p=16 a=16 file=/data/alice/ipardoza/hadronization_production/HF_RUN3_V1/raw/MONASH/hf_MONASH_job486.root
SIGMAB_COUNTS tag=MONASH species=Xi_b0 pdg=5232 slice=eta_1_2 p=9 a=10 file=/data/alice/ipardoza/hadronization_production/HF_RUN3_V1/raw/MONASH/hf_MONASH_job486.root
SIGMAB_COUNTS tag=MONASH species=Xi_b0 pdg=5232 slice=eta_ge_2 p=47 a=37 file=/data/alice/ipardoza/hadronization_production/HF_RUN3_V1/raw/MONASH/hf_MONASH_job486.root
SIGMAB_COUNTS tag=MONASH species=Xi_b- pdg=5132 slice=all p=56 a=63 file=/data/alice/ipardoza/hadronization_production/HF_RUN3_V1/raw/MONASH/hf_MONASH_job486.root
SIGMAB_COUNTS tag=MONASH species=Xi_b- pdg=5132 slice=eta_lt_1 p=16 a=9 file=/data/alice/ipardoza/hadronization_production/HF_RUN3_V1/raw/MONASH/hf_MONASH_job486.root
SIGMAB_COUNTS tag=MONASH species=Xi_b- pdg=5132 slice=eta_1_2 p=13 a=18 file=/data/alice/ipardoza/hadronization_production/HF_RUN3_V1/raw/MONASH/hf_MONASH_job486.root
SIGMAB_COUNTS tag=MONASH species=Xi_b- pdg=5132 slice=eta_ge_2 p=27 a=36 file=/data/alice/ipardoza/hadronization_production/HF_RUN3_V1/raw/MONASH/hf_MONASH_job486.root
SIGMAB_COUNTS tag=MONASH species=Sigma_b+ pdg=5222 slice=all p=42 a=22 file=/data/alice/ipardoza/hadronization_production/HF_RUN3_V1/raw/MONASH/hf_MONASH_job487.root
SIGMAB_COUNTS tag=MONASH species=Sigma_b+ pdg=5222 slice=eta_lt_1 p=9 a=4 file=/data/alice/ipardoza/hadronization_production/HF_RUN3_V1/raw/MONASH/hf_MONASH_job487.root
SIGMAB_COUNTS tag=MONASH species=Sigma_b+ pdg=5222 slice=eta_1_2 p=9 a=6 file=/data/alice/ipardoza/hadronization_production/HF_RUN3_V1/raw/MONASH/hf_MONASH_job487.root
SIGMAB_COUNTS tag=MONASH species=Sigma_b+ pdg=5222 slice=eta_ge_2 p=24 a=12 file=/data/alice/ipardoza/hadronization_production/HF_RUN3_V1/raw/MONASH/hf_MONASH_job487.root
SIGMAB_COUNTS tag=MONASH species=Sigma_b0 pdg=5212 slice=all p=36 a=20 file=/data/alice/ipardoza/hadronization_production/HF_RUN3_V1/raw/MONASH/hf_MONASH_job487.root
SIGMAB_COUNTS tag=MONASH species=Sigma_b0 pdg=5212 slice=eta_lt_1 p=8 a=7 file=/data/alice/ipardoza/hadronization_production/HF_RUN3_V1/raw/MONASH/hf_MONASH_job487.root
SIGMAB_COUNTS tag=MONASH species=Sigma_b0 pdg=5212 slice=eta_1_2 p=8 a=1 file=/data/alice/ipardoza/hadronization_production/HF_RUN3_V1/raw/MONASH/hf_MONASH_job487.root
SIGMAB_COUNTS tag=MONASH species=Sigma_b0 pdg=5212 slice=eta_ge_2 p=20 a=12 file=/data/alice/ipardoza/hadronization_production/HF_RUN3_V1/raw/MONASH/hf_MONASH_job487.root
SIGMAB_COUNTS tag=MONASH species=Sigma_b- pdg=5112 slice=all p=37 a=12 file=/data/alice/ipardoza/hadronization_production/HF_RUN3_V1/raw/MONASH/hf_MONASH_job487.root
SIGMAB_COUNTS tag=MONASH species=Sigma_b- pdg=5112 slice=eta_lt_1 p=9 a=0 file=/data/alice/ipardoza/hadronization_production/HF_RUN3_V1/raw/MONASH/hf_MONASH_job487.root
SIGMAB_COUNTS tag=MONASH species=Sigma_b- pdg=5112 slice=eta_1_2 p=7 a=1 file=/data/alice/ipardoza/hadronization_production/HF_RUN3_V1/raw/MONASH/hf_MONASH_job487.root
SIGMAB_COUNTS tag=MONASH species=Sigma_b- pdg=5112 slice=eta_ge_2 p=21 a=11 file=/data/alice/ipardoza/hadronization_production/HF_RUN3_V1/raw/MONASH/hf_MONASH_job487.root
SIGMAB_COUNTS tag=MONASH species=Sigma*_b+ pdg=5224 slice=all p=53 a=42 file=/data/alice/ipardoza/hadronization_production/HF_RUN3_V1/raw/MONASH/hf_MONASH_job487.root
SIGMAB_COUNTS tag=MONASH species=Sigma*_b+ pdg=5224 slice=eta_lt_1 p=15 a=8 file=/data/alice/ipardoza/hadronization_production/HF_RUN3_V1/raw/MONASH/hf_MONASH_job487.root
SIGMAB_COUNTS tag=MONASH species=Sigma*_b+ pdg=5224 slice=eta_1_2 p=10 a=11 file=/data/alice/ipardoza/hadronization_production/HF_RUN3_V1/raw/MONASH/hf_MONASH_job487.root
SIGMAB_COUNTS tag=MONASH species=Sigma*_b+ pdg=5224 slice=eta_ge_2 p=28 a=23 file=/data/alice/ipardoza/hadronization_production/HF_RUN3_V1/raw/MONASH/hf_MONASH_job487.root
SIGMAB_COUNTS tag=MONASH species=Sigma*_b0 pdg=5214 slice=all p=53 a=40 file=/data/alice/ipardoza/hadronization_production/HF_RUN3_V1/raw/MONASH/hf_MONASH_job487.root
SIGMAB_COUNTS tag=MONASH species=Sigma*_b0 pdg=5214 slice=eta_lt_1 p=10 a=8 file=/data/alice/ipardoza/hadronization_production/HF_RUN3_V1/raw/MONASH/hf_MONASH_job487.root
SIGMAB_COUNTS tag=MONASH species=Sigma*_b0 pdg=5214 slice=eta_1_2 p=12 a=13 file=/data/alice/ipardoza/hadronization_production/HF_RUN3_V1/raw/MONASH/hf_MONASH_job487.root
SIGMAB_COUNTS tag=MONASH species=Sigma*_b0 pdg=5214 slice=eta_ge_2 p=31 a=19 file=/data/alice/ipardoza/hadronization_production/HF_RUN3_V1/raw/MONASH/hf_MONASH_job487.root
SIGMAB_COUNTS tag=MONASH species=Sigma*_b- pdg=5114 slice=all p=49 a=44 file=/data/alice/ipardoza/hadronization_production/HF_RUN3_V1/raw/MONASH/hf_MONASH_job487.root
SIGMAB_COUNTS tag=MONASH species=Sigma*_b- pdg=5114 slice=eta_lt_1 p=8 a=11 file=/data/alice/ipardoza/hadronization_production/HF_RUN3_V1/raw/MONASH/hf_MONASH_job487.root
SIGMAB_COUNTS tag=MONASH species=Sigma*_b- pdg=5114 slice=eta_1_2 p=12 a=8 file=/data/alice/ipardoza/hadronization_production/HF_RUN3_V1/raw/MONASH/hf_MONASH_job487.root
SIGMAB_COUNTS tag=MONASH species=Sigma*_b- pdg=5114 slice=eta_ge_2 p=29 a=25 file=/data/alice/ipardoza/hadronization_production/HF_RUN3_V1/raw/MONASH/hf_MONASH_job487.root
SIGMAB_COUNTS tag=MONASH species=Lambda_b0 pdg=5122 slice=all p=316 a=303 file=/data/alice/ipardoza/hadronization_production/HF_RUN3_V1/raw/MONASH/hf_MONASH_job487.root
SIGMAB_COUNTS tag=MONASH species=Lambda_b0 pdg=5122 slice=eta_lt_1 p=61 a=47 file=/data/alice/ipardoza/hadronization_production/HF_RUN3_V1/raw/MONASH/hf_MONASH_job487.root
SIGMAB_COUNTS tag=MONASH species=Lambda_b0 pdg=5122 slice=eta_1_2 p=62 a=57 file=/data/alice/ipardoza/hadronization_production/HF_RUN3_V1/raw/MONASH/hf_MONASH_job487.root
SIGMAB_COUNTS tag=MONASH species=Lambda_b0 pdg=5122 slice=eta_ge_2 p=193 a=199 file=/data/alice/ipardoza/hadronization_production/HF_RUN3_V1/raw/MONASH/hf_MONASH_job487.root
SIGMAB_COUNTS tag=MONASH species=Xi_b0 pdg=5232 slice=all p=55 a=74 file=/data/alice/ipardoza/hadronization_production/HF_RUN3_V1/raw/MONASH/hf_MONASH_job487.root
SIGMAB_COUNTS tag=MONASH species=Xi_b0 pdg=5232 slice=eta_lt_1 p=9 a=18 file=/data/alice/ipardoza/hadronization_production/HF_RUN3_V1/raw/MONASH/hf_MONASH_job487.root
SIGMAB_COUNTS tag=MONASH species=Xi_b0 pdg=5232 slice=eta_1_2 p=12 a=17 file=/data/alice/ipardoza/hadronization_production/HF_RUN3_V1/raw/MONASH/hf_MONASH_job487.root
SIGMAB_COUNTS tag=MONASH species=Xi_b0 pdg=5232 slice=eta_ge_2 p=34 a=39 file=/data/alice/ipardoza/hadronization_production/HF_RUN3_V1/raw/MONASH/hf_MONASH_job487.root
SIGMAB_COUNTS tag=MONASH species=Xi_b- pdg=5132 slice=all p=64 a=59 file=/data/alice/ipardoza/hadronization_production/HF_RUN3_V1/raw/MONASH/hf_MONASH_job487.root
SIGMAB_COUNTS tag=MONASH species=Xi_b- pdg=5132 slice=eta_lt_1 p=15 a=12 file=/data/alice/ipardoza/hadronization_production/HF_RUN3_V1/raw/MONASH/hf_MONASH_job487.root
SIGMAB_COUNTS tag=MONASH species=Xi_b- pdg=5132 slice=eta_1_2 p=7 a=10 file=/data/alice/ipardoza/hadronization_production/HF_RUN3_V1/raw/MONASH/hf_MONASH_job487.root
SIGMAB_COUNTS tag=MONASH species=Xi_b- pdg=5132 slice=eta_ge_2 p=42 a=37 file=/data/alice/ipardoza/hadronization_production/HF_RUN3_V1/raw/MONASH/hf_MONASH_job487.root
SIGMAB_COUNTS tag=MONASH species=Sigma_b+ pdg=5222 slice=all p=39 a=9 file=/data/alice/ipardoza/hadronization_production/HF_RUN3_V1/raw/MONASH/hf_MONASH_job488.root
SIGMAB_COUNTS tag=MONASH species=Sigma_b+ pdg=5222 slice=eta_lt_1 p=4 a=2 file=/data/alice/ipardoza/hadronization_production/HF_RUN3_V1/raw/MONASH/hf_MONASH_job488.root
SIGMAB_COUNTS tag=MONASH species=Sigma_b+ pdg=5222 slice=eta_1_2 p=8 a=0 file=/data/alice/ipardoza/hadronization_production/HF_RUN3_V1/raw/MONASH/hf_MONASH_job488.root
SIGMAB_COUNTS tag=MONASH species=Sigma_b+ pdg=5222 slice=eta_ge_2 p=27 a=7 file=/data/alice/ipardoza/hadronization_production/HF_RUN3_V1/raw/MONASH/hf_MONASH_job488.root
SIGMAB_COUNTS tag=MONASH species=Sigma_b0 pdg=5212 slice=all p=35 a=20 file=/data/alice/ipardoza/hadronization_production/HF_RUN3_V1/raw/MONASH/hf_MONASH_job488.root
SIGMAB_COUNTS tag=MONASH species=Sigma_b0 pdg=5212 slice=eta_lt_1 p=4 a=2 file=/data/alice/ipardoza/hadronization_production/HF_RUN3_V1/raw/MONASH/hf_MONASH_job488.root
SIGMAB_COUNTS tag=MONASH species=Sigma_b0 pdg=5212 slice=eta_1_2 p=5 a=8 file=/data/alice/ipardoza/hadronization_production/HF_RUN3_V1/raw/MONASH/hf_MONASH_job488.root
SIGMAB_COUNTS tag=MONASH species=Sigma_b0 pdg=5212 slice=eta_ge_2 p=26 a=10 file=/data/alice/ipardoza/hadronization_production/HF_RUN3_V1/raw/MONASH/hf_MONASH_job488.root
SIGMAB_COUNTS tag=MONASH species=Sigma_b- pdg=5112 slice=all p=22 a=26 file=/data/alice/ipardoza/hadronization_production/HF_RUN3_V1/raw/MONASH/hf_MONASH_job488.root
SIGMAB_COUNTS tag=MONASH species=Sigma_b- pdg=5112 slice=eta_lt_1 p=2 a=5 file=/data/alice/ipardoza/hadronization_production/HF_RUN3_V1/raw/MONASH/hf_MONASH_job488.root
SIGMAB_COUNTS tag=MONASH species=Sigma_b- pdg=5112 slice=eta_1_2 p=1 a=4 file=/data/alice/ipardoza/hadronization_production/HF_RUN3_V1/raw/MONASH/hf_MONASH_job488.root
SIGMAB_COUNTS tag=MONASH species=Sigma_b- pdg=5112 slice=eta_ge_2 p=19 a=17 file=/data/alice/ipardoza/hadronization_production/HF_RUN3_V1/raw/MONASH/hf_MONASH_job488.root
SIGMAB_COUNTS tag=MONASH species=Sigma*_b+ pdg=5224 slice=all p=52 a=39 file=/data/alice/ipardoza/hadronization_production/HF_RUN3_V1/raw/MONASH/hf_MONASH_job488.root
SIGMAB_COUNTS tag=MONASH species=Sigma*_b+ pdg=5224 slice=eta_lt_1 p=11 a=8 file=/data/alice/ipardoza/hadronization_production/HF_RUN3_V1/raw/MONASH/hf_MONASH_job488.root
SIGMAB_COUNTS tag=MONASH species=Sigma*_b+ pdg=5224 slice=eta_1_2 p=6 a=7 file=/data/alice/ipardoza/hadronization_production/HF_RUN3_V1/raw/MONASH/hf_MONASH_job488.root
SIGMAB_COUNTS tag=MONASH species=Sigma*_b+ pdg=5224 slice=eta_ge_2 p=35 a=24 file=/data/alice/ipardoza/hadronization_production/HF_RUN3_V1/raw/MONASH/hf_MONASH_job488.root
SIGMAB_COUNTS tag=MONASH species=Sigma*_b0 pdg=5214 slice=all p=58 a=37 file=/data/alice/ipardoza/hadronization_production/HF_RUN3_V1/raw/MONASH/hf_MONASH_job488.root
SIGMAB_COUNTS tag=MONASH species=Sigma*_b0 pdg=5214 slice=eta_lt_1 p=11 a=8 file=/data/alice/ipardoza/hadronization_production/HF_RUN3_V1/raw/MONASH/hf_MONASH_job488.root
SIGMAB_COUNTS tag=MONASH species=Sigma*_b0 pdg=5214 slice=eta_1_2 p=10 a=9 file=/data/alice/ipardoza/hadronization_production/HF_RUN3_V1/raw/MONASH/hf_MONASH_job488.root
SIGMAB_COUNTS tag=MONASH species=Sigma*_b0 pdg=5214 slice=eta_ge_2 p=37 a=20 file=/data/alice/ipardoza/hadronization_production/HF_RUN3_V1/raw/MONASH/hf_MONASH_job488.root
SIGMAB_COUNTS tag=MONASH species=Sigma*_b- pdg=5114 slice=all p=40 a=35 file=/data/alice/ipardoza/hadronization_production/HF_RUN3_V1/raw/MONASH/hf_MONASH_job488.root
SIGMAB_COUNTS tag=MONASH species=Sigma*_b- pdg=5114 slice=eta_lt_1 p=10 a=3 file=/data/alice/ipardoza/hadronization_production/HF_RUN3_V1/raw/MONASH/hf_MONASH_job488.root
SIGMAB_COUNTS tag=MONASH species=Sigma*_b- pdg=5114 slice=eta_1_2 p=8 a=5 file=/data/alice/ipardoza/hadronization_production/HF_RUN3_V1/raw/MONASH/hf_MONASH_job488.root
SIGMAB_COUNTS tag=MONASH species=Sigma*_b- pdg=5114 slice=eta_ge_2 p=22 a=27 file=/data/alice/ipardoza/hadronization_production/HF_RUN3_V1/raw/MONASH/hf_MONASH_job488.root
SIGMAB_COUNTS tag=MONASH species=Lambda_b0 pdg=5122 slice=all p=322 a=313 file=/data/alice/ipardoza/hadronization_production/HF_RUN3_V1/raw/MONASH/hf_MONASH_job488.root
SIGMAB_COUNTS tag=MONASH species=Lambda_b0 pdg=5122 slice=eta_lt_1 p=67 a=55 file=/data/alice/ipardoza/hadronization_production/HF_RUN3_V1/raw/MONASH/hf_MONASH_job488.root
SIGMAB_COUNTS tag=MONASH species=Lambda_b0 pdg=5122 slice=eta_1_2 p=60 a=75 file=/data/alice/ipardoza/hadronization_production/HF_RUN3_V1/raw/MONASH/hf_MONASH_job488.root
SIGMAB_COUNTS tag=MONASH species=Lambda_b0 pdg=5122 slice=eta_ge_2 p=195 a=183 file=/data/alice/ipardoza/hadronization_production/HF_RUN3_V1/raw/MONASH/hf_MONASH_job488.root
SIGMAB_COUNTS tag=MONASH species=Xi_b0 pdg=5232 slice=all p=56 a=57 file=/data/alice/ipardoza/hadronization_production/HF_RUN3_V1/raw/MONASH/hf_MONASH_job488.root
SIGMAB_COUNTS tag=MONASH species=Xi_b0 pdg=5232 slice=eta_lt_1 p=12 a=11 file=/data/alice/ipardoza/hadronization_production/HF_RUN3_V1/raw/MONASH/hf_MONASH_job488.root
SIGMAB_COUNTS tag=MONASH species=Xi_b0 pdg=5232 slice=eta_1_2 p=13 a=11 file=/data/alice/ipardoza/hadronization_production/HF_RUN3_V1/raw/MONASH/hf_MONASH_job488.root
SIGMAB_COUNTS tag=MONASH species=Xi_b0 pdg=5232 slice=eta_ge_2 p=31 a=35 file=/data/alice/ipardoza/hadronization_production/HF_RUN3_V1/raw/MONASH/hf_MONASH_job488.root
SIGMAB_COUNTS tag=MONASH species=Xi_b- pdg=5132 slice=all p=51 a=56 file=/data/alice/ipardoza/hadronization_production/HF_RUN3_V1/raw/MONASH/hf_MONASH_job488.root
SIGMAB_COUNTS tag=MONASH species=Xi_b- pdg=5132 slice=eta_lt_1 p=10 a=9 file=/data/alice/ipardoza/hadronization_production/HF_RUN3_V1/raw/MONASH/hf_MONASH_job488.root
SIGMAB_COUNTS tag=MONASH species=Xi_b- pdg=5132 slice=eta_1_2 p=12 a=12 file=/data/alice/ipardoza/hadronization_production/HF_RUN3_V1/raw/MONASH/hf_MONASH_job488.root
SIGMAB_COUNTS tag=MONASH species=Xi_b- pdg=5132 slice=eta_ge_2 p=29 a=35 file=/data/alice/ipardoza/hadronization_production/HF_RUN3_V1/raw/MONASH/hf_MONASH_job488.root
SIGMAB_COUNTS tag=MONASH species=Sigma_b+ pdg=5222 slice=all p=34 a=23 file=/data/alice/ipardoza/hadronization_production/HF_RUN3_V1/raw/MONASH/hf_MONASH_job489.root
SIGMAB_COUNTS tag=MONASH species=Sigma_b+ pdg=5222 slice=eta_lt_1 p=13 a=7 file=/data/alice/ipardoza/hadronization_production/HF_RUN3_V1/raw/MONASH/hf_MONASH_job489.root
SIGMAB_COUNTS tag=MONASH species=Sigma_b+ pdg=5222 slice=eta_1_2 p=4 a=6 file=/data/alice/ipardoza/hadronization_production/HF_RUN3_V1/raw/MONASH/hf_MONASH_job489.root
SIGMAB_COUNTS tag=MONASH species=Sigma_b+ pdg=5222 slice=eta_ge_2 p=17 a=10 file=/data/alice/ipardoza/hadronization_production/HF_RUN3_V1/raw/MONASH/hf_MONASH_job489.root
SIGMAB_COUNTS tag=MONASH species=Sigma_b0 pdg=5212 slice=all p=41 a=25 file=/data/alice/ipardoza/hadronization_production/HF_RUN3_V1/raw/MONASH/hf_MONASH_job489.root
SIGMAB_COUNTS tag=MONASH species=Sigma_b0 pdg=5212 slice=eta_lt_1 p=8 a=2 file=/data/alice/ipardoza/hadronization_production/HF_RUN3_V1/raw/MONASH/hf_MONASH_job489.root
SIGMAB_COUNTS tag=MONASH species=Sigma_b0 pdg=5212 slice=eta_1_2 p=12 a=7 file=/data/alice/ipardoza/hadronization_production/HF_RUN3_V1/raw/MONASH/hf_MONASH_job489.root
SIGMAB_COUNTS tag=MONASH species=Sigma_b0 pdg=5212 slice=eta_ge_2 p=21 a=16 file=/data/alice/ipardoza/hadronization_production/HF_RUN3_V1/raw/MONASH/hf_MONASH_job489.root
SIGMAB_COUNTS tag=MONASH species=Sigma_b- pdg=5112 slice=all p=32 a=22 file=/data/alice/ipardoza/hadronization_production/HF_RUN3_V1/raw/MONASH/hf_MONASH_job489.root
SIGMAB_COUNTS tag=MONASH species=Sigma_b- pdg=5112 slice=eta_lt_1 p=5 a=3 file=/data/alice/ipardoza/hadronization_production/HF_RUN3_V1/raw/MONASH/hf_MONASH_job489.root
SIGMAB_COUNTS tag=MONASH species=Sigma_b- pdg=5112 slice=eta_1_2 p=9 a=6 file=/data/alice/ipardoza/hadronization_production/HF_RUN3_V1/raw/MONASH/hf_MONASH_job489.root
SIGMAB_COUNTS tag=MONASH species=Sigma_b- pdg=5112 slice=eta_ge_2 p=18 a=13 file=/data/alice/ipardoza/hadronization_production/HF_RUN3_V1/raw/MONASH/hf_MONASH_job489.root
SIGMAB_COUNTS tag=MONASH species=Sigma*_b+ pdg=5224 slice=all p=38 a=43 file=/data/alice/ipardoza/hadronization_production/HF_RUN3_V1/raw/MONASH/hf_MONASH_job489.root
SIGMAB_COUNTS tag=MONASH species=Sigma*_b+ pdg=5224 slice=eta_lt_1 p=7 a=9 file=/data/alice/ipardoza/hadronization_production/HF_RUN3_V1/raw/MONASH/hf_MONASH_job489.root
SIGMAB_COUNTS tag=MONASH species=Sigma*_b+ pdg=5224 slice=eta_1_2 p=7 a=8 file=/data/alice/ipardoza/hadronization_production/HF_RUN3_V1/raw/MONASH/hf_MONASH_job489.root
SIGMAB_COUNTS tag=MONASH species=Sigma*_b+ pdg=5224 slice=eta_ge_2 p=24 a=26 file=/data/alice/ipardoza/hadronization_production/HF_RUN3_V1/raw/MONASH/hf_MONASH_job489.root
SIGMAB_COUNTS tag=MONASH species=Sigma*_b0 pdg=5214 slice=all p=53 a=49 file=/data/alice/ipardoza/hadronization_production/HF_RUN3_V1/raw/MONASH/hf_MONASH_job489.root
SIGMAB_COUNTS tag=MONASH species=Sigma*_b0 pdg=5214 slice=eta_lt_1 p=7 a=6 file=/data/alice/ipardoza/hadronization_production/HF_RUN3_V1/raw/MONASH/hf_MONASH_job489.root
SIGMAB_COUNTS tag=MONASH species=Sigma*_b0 pdg=5214 slice=eta_1_2 p=12 a=11 file=/data/alice/ipardoza/hadronization_production/HF_RUN3_V1/raw/MONASH/hf_MONASH_job489.root
SIGMAB_COUNTS tag=MONASH species=Sigma*_b0 pdg=5214 slice=eta_ge_2 p=34 a=32 file=/data/alice/ipardoza/hadronization_production/HF_RUN3_V1/raw/MONASH/hf_MONASH_job489.root
SIGMAB_COUNTS tag=MONASH species=Sigma*_b- pdg=5114 slice=all p=42 a=32 file=/data/alice/ipardoza/hadronization_production/HF_RUN3_V1/raw/MONASH/hf_MONASH_job489.root
SIGMAB_COUNTS tag=MONASH species=Sigma*_b- pdg=5114 slice=eta_lt_1 p=5 a=7 file=/data/alice/ipardoza/hadronization_production/HF_RUN3_V1/raw/MONASH/hf_MONASH_job489.root
SIGMAB_COUNTS tag=MONASH species=Sigma*_b- pdg=5114 slice=eta_1_2 p=7 a=7 file=/data/alice/ipardoza/hadronization_production/HF_RUN3_V1/raw/MONASH/hf_MONASH_job489.root
SIGMAB_COUNTS tag=MONASH species=Sigma*_b- pdg=5114 slice=eta_ge_2 p=30 a=18 file=/data/alice/ipardoza/hadronization_production/HF_RUN3_V1/raw/MONASH/hf_MONASH_job489.root
SIGMAB_COUNTS tag=MONASH species=Lambda_b0 pdg=5122 slice=all p=313 a=306 file=/data/alice/ipardoza/hadronization_production/HF_RUN3_V1/raw/MONASH/hf_MONASH_job489.root
SIGMAB_COUNTS tag=MONASH species=Lambda_b0 pdg=5122 slice=eta_lt_1 p=57 a=52 file=/data/alice/ipardoza/hadronization_production/HF_RUN3_V1/raw/MONASH/hf_MONASH_job489.root
SIGMAB_COUNTS tag=MONASH species=Lambda_b0 pdg=5122 slice=eta_1_2 p=56 a=57 file=/data/alice/ipardoza/hadronization_production/HF_RUN3_V1/raw/MONASH/hf_MONASH_job489.root
SIGMAB_COUNTS tag=MONASH species=Lambda_b0 pdg=5122 slice=eta_ge_2 p=200 a=197 file=/data/alice/ipardoza/hadronization_production/HF_RUN3_V1/raw/MONASH/hf_MONASH_job489.root
SIGMAB_COUNTS tag=MONASH species=Xi_b0 pdg=5232 slice=all p=58 a=72 file=/data/alice/ipardoza/hadronization_production/HF_RUN3_V1/raw/MONASH/hf_MONASH_job489.root
SIGMAB_COUNTS tag=MONASH species=Xi_b0 pdg=5232 slice=eta_lt_1 p=9 a=15 file=/data/alice/ipardoza/hadronization_production/HF_RUN3_V1/raw/MONASH/hf_MONASH_job489.root
SIGMAB_COUNTS tag=MONASH species=Xi_b0 pdg=5232 slice=eta_1_2 p=12 a=11 file=/data/alice/ipardoza/hadronization_production/HF_RUN3_V1/raw/MONASH/hf_MONASH_job489.root
SIGMAB_COUNTS tag=MONASH species=Xi_b0 pdg=5232 slice=eta_ge_2 p=37 a=46 file=/data/alice/ipardoza/hadronization_production/HF_RUN3_V1/raw/MONASH/hf_MONASH_job489.root
SIGMAB_COUNTS tag=MONASH species=Xi_b- pdg=5132 slice=all p=66 a=71 file=/data/alice/ipardoza/hadronization_production/HF_RUN3_V1/raw/MONASH/hf_MONASH_job489.root
SIGMAB_COUNTS tag=MONASH species=Xi_b- pdg=5132 slice=eta_lt_1 p=15 a=12 file=/data/alice/ipardoza/hadronization_production/HF_RUN3_V1/raw/MONASH/hf_MONASH_job489.root
SIGMAB_COUNTS tag=MONASH species=Xi_b- pdg=5132 slice=eta_1_2 p=13 a=10 file=/data/alice/ipardoza/hadronization_production/HF_RUN3_V1/raw/MONASH/hf_MONASH_job489.root
SIGMAB_COUNTS tag=MONASH species=Xi_b- pdg=5132 slice=eta_ge_2 p=38 a=49 file=/data/alice/ipardoza/hadronization_production/HF_RUN3_V1/raw/MONASH/hf_MONASH_job489.root
SIGMAB_COUNTS tag=MONASH species=Sigma_b+ pdg=5222 slice=all p=36 a=22 file=/data/alice/ipardoza/hadronization_production/HF_RUN3_V1/raw/MONASH/hf_MONASH_job490.root
SIGMAB_COUNTS tag=MONASH species=Sigma_b+ pdg=5222 slice=eta_lt_1 p=4 a=5 file=/data/alice/ipardoza/hadronization_production/HF_RUN3_V1/raw/MONASH/hf_MONASH_job490.root
SIGMAB_COUNTS tag=MONASH species=Sigma_b+ pdg=5222 slice=eta_1_2 p=5 a=3 file=/data/alice/ipardoza/hadronization_production/HF_RUN3_V1/raw/MONASH/hf_MONASH_job490.root
SIGMAB_COUNTS tag=MONASH species=Sigma_b+ pdg=5222 slice=eta_ge_2 p=27 a=14 file=/data/alice/ipardoza/hadronization_production/HF_RUN3_V1/raw/MONASH/hf_MONASH_job490.root
SIGMAB_COUNTS tag=MONASH species=Sigma_b0 pdg=5212 slice=all p=38 a=18 file=/data/alice/ipardoza/hadronization_production/HF_RUN3_V1/raw/MONASH/hf_MONASH_job490.root
SIGMAB_COUNTS tag=MONASH species=Sigma_b0 pdg=5212 slice=eta_lt_1 p=3 a=6 file=/data/alice/ipardoza/hadronization_production/HF_RUN3_V1/raw/MONASH/hf_MONASH_job490.root
SIGMAB_COUNTS tag=MONASH species=Sigma_b0 pdg=5212 slice=eta_1_2 p=7 a=4 file=/data/alice/ipardoza/hadronization_production/HF_RUN3_V1/raw/MONASH/hf_MONASH_job490.root
SIGMAB_COUNTS tag=MONASH species=Sigma_b0 pdg=5212 slice=eta_ge_2 p=28 a=8 file=/data/alice/ipardoza/hadronization_production/HF_RUN3_V1/raw/MONASH/hf_MONASH_job490.root
SIGMAB_COUNTS tag=MONASH species=Sigma_b- pdg=5112 slice=all p=22 a=14 file=/data/alice/ipardoza/hadronization_production/HF_RUN3_V1/raw/MONASH/hf_MONASH_job490.root
SIGMAB_COUNTS tag=MONASH species=Sigma_b- pdg=5112 slice=eta_lt_1 p=5 a=2 file=/data/alice/ipardoza/hadronization_production/HF_RUN3_V1/raw/MONASH/hf_MONASH_job490.root
SIGMAB_COUNTS tag=MONASH species=Sigma_b- pdg=5112 slice=eta_1_2 p=4 a=3 file=/data/alice/ipardoza/hadronization_production/HF_RUN3_V1/raw/MONASH/hf_MONASH_job490.root
SIGMAB_COUNTS tag=MONASH species=Sigma_b- pdg=5112 slice=eta_ge_2 p=13 a=9 file=/data/alice/ipardoza/hadronization_production/HF_RUN3_V1/raw/MONASH/hf_MONASH_job490.root
SIGMAB_COUNTS tag=MONASH species=Sigma*_b+ pdg=5224 slice=all p=41 a=39 file=/data/alice/ipardoza/hadronization_production/HF_RUN3_V1/raw/MONASH/hf_MONASH_job490.root
SIGMAB_COUNTS tag=MONASH species=Sigma*_b+ pdg=5224 slice=eta_lt_1 p=8 a=5 file=/data/alice/ipardoza/hadronization_production/HF_RUN3_V1/raw/MONASH/hf_MONASH_job490.root
SIGMAB_COUNTS tag=MONASH species=Sigma*_b+ pdg=5224 slice=eta_1_2 p=8 a=8 file=/data/alice/ipardoza/hadronization_production/HF_RUN3_V1/raw/MONASH/hf_MONASH_job490.root
SIGMAB_COUNTS tag=MONASH species=Sigma*_b+ pdg=5224 slice=eta_ge_2 p=25 a=26 file=/data/alice/ipardoza/hadronization_production/HF_RUN3_V1/raw/MONASH/hf_MONASH_job490.root
SIGMAB_COUNTS tag=MONASH species=Sigma*_b0 pdg=5214 slice=all p=43 a=53 file=/data/alice/ipardoza/hadronization_production/HF_RUN3_V1/raw/MONASH/hf_MONASH_job490.root
SIGMAB_COUNTS tag=MONASH species=Sigma*_b0 pdg=5214 slice=eta_lt_1 p=13 a=8 file=/data/alice/ipardoza/hadronization_production/HF_RUN3_V1/raw/MONASH/hf_MONASH_job490.root
SIGMAB_COUNTS tag=MONASH species=Sigma*_b0 pdg=5214 slice=eta_1_2 p=6 a=13 file=/data/alice/ipardoza/hadronization_production/HF_RUN3_V1/raw/MONASH/hf_MONASH_job490.root
SIGMAB_COUNTS tag=MONASH species=Sigma*_b0 pdg=5214 slice=eta_ge_2 p=24 a=32 file=/data/alice/ipardoza/hadronization_production/HF_RUN3_V1/raw/MONASH/hf_MONASH_job490.root
SIGMAB_COUNTS tag=MONASH species=Sigma*_b- pdg=5114 slice=all p=52 a=43 file=/data/alice/ipardoza/hadronization_production/HF_RUN3_V1/raw/MONASH/hf_MONASH_job490.root
SIGMAB_COUNTS tag=MONASH species=Sigma*_b- pdg=5114 slice=eta_lt_1 p=9 a=7 file=/data/alice/ipardoza/hadronization_production/HF_RUN3_V1/raw/MONASH/hf_MONASH_job490.root
SIGMAB_COUNTS tag=MONASH species=Sigma*_b- pdg=5114 slice=eta_1_2 p=9 a=7 file=/data/alice/ipardoza/hadronization_production/HF_RUN3_V1/raw/MONASH/hf_MONASH_job490.root
SIGMAB_COUNTS tag=MONASH species=Sigma*_b- pdg=5114 slice=eta_ge_2 p=34 a=29 file=/data/alice/ipardoza/hadronization_production/HF_RUN3_V1/raw/MONASH/hf_MONASH_job490.root
SIGMAB_COUNTS tag=MONASH species=Lambda_b0 pdg=5122 slice=all p=389 a=332 file=/data/alice/ipardoza/hadronization_production/HF_RUN3_V1/raw/MONASH/hf_MONASH_job490.root
SIGMAB_COUNTS tag=MONASH species=Lambda_b0 pdg=5122 slice=eta_lt_1 p=64 a=57 file=/data/alice/ipardoza/hadronization_production/HF_RUN3_V1/raw/MONASH/hf_MONASH_job490.root
SIGMAB_COUNTS tag=MONASH species=Lambda_b0 pdg=5122 slice=eta_1_2 p=90 a=77 file=/data/alice/ipardoza/hadronization_production/HF_RUN3_V1/raw/MONASH/hf_MONASH_job490.root
SIGMAB_COUNTS tag=MONASH species=Lambda_b0 pdg=5122 slice=eta_ge_2 p=235 a=198 file=/data/alice/ipardoza/hadronization_production/HF_RUN3_V1/raw/MONASH/hf_MONASH_job490.root
SIGMAB_COUNTS tag=MONASH species=Xi_b0 pdg=5232 slice=all p=58 a=70 file=/data/alice/ipardoza/hadronization_production/HF_RUN3_V1/raw/MONASH/hf_MONASH_job490.root
SIGMAB_COUNTS tag=MONASH species=Xi_b0 pdg=5232 slice=eta_lt_1 p=11 a=12 file=/data/alice/ipardoza/hadronization_production/HF_RUN3_V1/raw/MONASH/hf_MONASH_job490.root
SIGMAB_COUNTS tag=MONASH species=Xi_b0 pdg=5232 slice=eta_1_2 p=20 a=20 file=/data/alice/ipardoza/hadronization_production/HF_RUN3_V1/raw/MONASH/hf_MONASH_job490.root
SIGMAB_COUNTS tag=MONASH species=Xi_b0 pdg=5232 slice=eta_ge_2 p=27 a=38 file=/data/alice/ipardoza/hadronization_production/HF_RUN3_V1/raw/MONASH/hf_MONASH_job490.root
SIGMAB_COUNTS tag=MONASH species=Xi_b- pdg=5132 slice=all p=62 a=45 file=/data/alice/ipardoza/hadronization_production/HF_RUN3_V1/raw/MONASH/hf_MONASH_job490.root
SIGMAB_COUNTS tag=MONASH species=Xi_b- pdg=5132 slice=eta_lt_1 p=6 a=8 file=/data/alice/ipardoza/hadronization_production/HF_RUN3_V1/raw/MONASH/hf_MONASH_job490.root
SIGMAB_COUNTS tag=MONASH species=Xi_b- pdg=5132 slice=eta_1_2 p=16 a=9 file=/data/alice/ipardoza/hadronization_production/HF_RUN3_V1/raw/MONASH/hf_MONASH_job490.root
SIGMAB_COUNTS tag=MONASH species=Xi_b- pdg=5132 slice=eta_ge_2 p=40 a=28 file=/data/alice/ipardoza/hadronization_production/HF_RUN3_V1/raw/MONASH/hf_MONASH_job490.root
SIGMAB_COUNTS tag=MONASH species=Sigma_b+ pdg=5222 slice=all p=26 a=19 file=/data/alice/ipardoza/hadronization_production/HF_RUN3_V1/raw/MONASH/hf_MONASH_job491.root
SIGMAB_COUNTS tag=MONASH species=Sigma_b+ pdg=5222 slice=eta_lt_1 p=6 a=4 file=/data/alice/ipardoza/hadronization_production/HF_RUN3_V1/raw/MONASH/hf_MONASH_job491.root
SIGMAB_COUNTS tag=MONASH species=Sigma_b+ pdg=5222 slice=eta_1_2 p=7 a=6 file=/data/alice/ipardoza/hadronization_production/HF_RUN3_V1/raw/MONASH/hf_MONASH_job491.root
SIGMAB_COUNTS tag=MONASH species=Sigma_b+ pdg=5222 slice=eta_ge_2 p=13 a=9 file=/data/alice/ipardoza/hadronization_production/HF_RUN3_V1/raw/MONASH/hf_MONASH_job491.root
SIGMAB_COUNTS tag=MONASH species=Sigma_b0 pdg=5212 slice=all p=46 a=20 file=/data/alice/ipardoza/hadronization_production/HF_RUN3_V1/raw/MONASH/hf_MONASH_job491.root
SIGMAB_COUNTS tag=MONASH species=Sigma_b0 pdg=5212 slice=eta_lt_1 p=8 a=2 file=/data/alice/ipardoza/hadronization_production/HF_RUN3_V1/raw/MONASH/hf_MONASH_job491.root
SIGMAB_COUNTS tag=MONASH species=Sigma_b0 pdg=5212 slice=eta_1_2 p=10 a=2 file=/data/alice/ipardoza/hadronization_production/HF_RUN3_V1/raw/MONASH/hf_MONASH_job491.root
SIGMAB_COUNTS tag=MONASH species=Sigma_b0 pdg=5212 slice=eta_ge_2 p=28 a=16 file=/data/alice/ipardoza/hadronization_production/HF_RUN3_V1/raw/MONASH/hf_MONASH_job491.root
SIGMAB_COUNTS tag=MONASH species=Sigma_b- pdg=5112 slice=all p=29 a=18 file=/data/alice/ipardoza/hadronization_production/HF_RUN3_V1/raw/MONASH/hf_MONASH_job491.root
SIGMAB_COUNTS tag=MONASH species=Sigma_b- pdg=5112 slice=eta_lt_1 p=4 a=1 file=/data/alice/ipardoza/hadronization_production/HF_RUN3_V1/raw/MONASH/hf_MONASH_job491.root
SIGMAB_COUNTS tag=MONASH species=Sigma_b- pdg=5112 slice=eta_1_2 p=10 a=4 file=/data/alice/ipardoza/hadronization_production/HF_RUN3_V1/raw/MONASH/hf_MONASH_job491.root
SIGMAB_COUNTS tag=MONASH species=Sigma_b- pdg=5112 slice=eta_ge_2 p=15 a=13 file=/data/alice/ipardoza/hadronization_production/HF_RUN3_V1/raw/MONASH/hf_MONASH_job491.root
SIGMAB_COUNTS tag=MONASH species=Sigma*_b+ pdg=5224 slice=all p=49 a=43 file=/data/alice/ipardoza/hadronization_production/HF_RUN3_V1/raw/MONASH/hf_MONASH_job491.root
SIGMAB_COUNTS tag=MONASH species=Sigma*_b+ pdg=5224 slice=eta_lt_1 p=10 a=9 file=/data/alice/ipardoza/hadronization_production/HF_RUN3_V1/raw/MONASH/hf_MONASH_job491.root
SIGMAB_COUNTS tag=MONASH species=Sigma*_b+ pdg=5224 slice=eta_1_2 p=10 a=13 file=/data/alice/ipardoza/hadronization_production/HF_RUN3_V1/raw/MONASH/hf_MONASH_job491.root
SIGMAB_COUNTS tag=MONASH species=Sigma*_b+ pdg=5224 slice=eta_ge_2 p=29 a=21 file=/data/alice/ipardoza/hadronization_production/HF_RUN3_V1/raw/MONASH/hf_MONASH_job491.root
SIGMAB_COUNTS tag=MONASH species=Sigma*_b0 pdg=5214 slice=all p=47 a=37 file=/data/alice/ipardoza/hadronization_production/HF_RUN3_V1/raw/MONASH/hf_MONASH_job491.root
SIGMAB_COUNTS tag=MONASH species=Sigma*_b0 pdg=5214 slice=eta_lt_1 p=7 a=8 file=/data/alice/ipardoza/hadronization_production/HF_RUN3_V1/raw/MONASH/hf_MONASH_job491.root
SIGMAB_COUNTS tag=MONASH species=Sigma*_b0 pdg=5214 slice=eta_1_2 p=8 a=8 file=/data/alice/ipardoza/hadronization_production/HF_RUN3_V1/raw/MONASH/hf_MONASH_job491.root
SIGMAB_COUNTS tag=MONASH species=Sigma*_b0 pdg=5214 slice=eta_ge_2 p=32 a=21 file=/data/alice/ipardoza/hadronization_production/HF_RUN3_V1/raw/MONASH/hf_MONASH_job491.root
SIGMAB_COUNTS tag=MONASH species=Sigma*_b- pdg=5114 slice=all p=43 a=31 file=/data/alice/ipardoza/hadronization_production/HF_RUN3_V1/raw/MONASH/hf_MONASH_job491.root
SIGMAB_COUNTS tag=MONASH species=Sigma*_b- pdg=5114 slice=eta_lt_1 p=8 a=6 file=/data/alice/ipardoza/hadronization_production/HF_RUN3_V1/raw/MONASH/hf_MONASH_job491.root
SIGMAB_COUNTS tag=MONASH species=Sigma*_b- pdg=5114 slice=eta_1_2 p=10 a=5 file=/data/alice/ipardoza/hadronization_production/HF_RUN3_V1/raw/MONASH/hf_MONASH_job491.root
SIGMAB_COUNTS tag=MONASH species=Sigma*_b- pdg=5114 slice=eta_ge_2 p=25 a=20 file=/data/alice/ipardoza/hadronization_production/HF_RUN3_V1/raw/MONASH/hf_MONASH_job491.root
SIGMAB_COUNTS tag=MONASH species=Lambda_b0 pdg=5122 slice=all p=333 a=364 file=/data/alice/ipardoza/hadronization_production/HF_RUN3_V1/raw/MONASH/hf_MONASH_job491.root
SIGMAB_COUNTS tag=MONASH species=Lambda_b0 pdg=5122 slice=eta_lt_1 p=69 a=68 file=/data/alice/ipardoza/hadronization_production/HF_RUN3_V1/raw/MONASH/hf_MONASH_job491.root
SIGMAB_COUNTS tag=MONASH species=Lambda_b0 pdg=5122 slice=eta_1_2 p=71 a=79 file=/data/alice/ipardoza/hadronization_production/HF_RUN3_V1/raw/MONASH/hf_MONASH_job491.root
SIGMAB_COUNTS tag=MONASH species=Lambda_b0 pdg=5122 slice=eta_ge_2 p=193 a=217 file=/data/alice/ipardoza/hadronization_production/HF_RUN3_V1/raw/MONASH/hf_MONASH_job491.root
SIGMAB_COUNTS tag=MONASH species=Xi_b0 pdg=5232 slice=all p=68 a=55 file=/data/alice/ipardoza/hadronization_production/HF_RUN3_V1/raw/MONASH/hf_MONASH_job491.root
SIGMAB_COUNTS tag=MONASH species=Xi_b0 pdg=5232 slice=eta_lt_1 p=11 a=9 file=/data/alice/ipardoza/hadronization_production/HF_RUN3_V1/raw/MONASH/hf_MONASH_job491.root
SIGMAB_COUNTS tag=MONASH species=Xi_b0 pdg=5232 slice=eta_1_2 p=12 a=17 file=/data/alice/ipardoza/hadronization_production/HF_RUN3_V1/raw/MONASH/hf_MONASH_job491.root
SIGMAB_COUNTS tag=MONASH species=Xi_b0 pdg=5232 slice=eta_ge_2 p=45 a=29 file=/data/alice/ipardoza/hadronization_production/HF_RUN3_V1/raw/MONASH/hf_MONASH_job491.root
SIGMAB_COUNTS tag=MONASH species=Xi_b- pdg=5132 slice=all p=50 a=58 file=/data/alice/ipardoza/hadronization_production/HF_RUN3_V1/raw/MONASH/hf_MONASH_job491.root
SIGMAB_COUNTS tag=MONASH species=Xi_b- pdg=5132 slice=eta_lt_1 p=9 a=12 file=/data/alice/ipardoza/hadronization_production/HF_RUN3_V1/raw/MONASH/hf_MONASH_job491.root
SIGMAB_COUNTS tag=MONASH species=Xi_b- pdg=5132 slice=eta_1_2 p=14 a=16 file=/data/alice/ipardoza/hadronization_production/HF_RUN3_V1/raw/MONASH/hf_MONASH_job491.root
SIGMAB_COUNTS tag=MONASH species=Xi_b- pdg=5132 slice=eta_ge_2 p=27 a=30 file=/data/alice/ipardoza/hadronization_production/HF_RUN3_V1/raw/MONASH/hf_MONASH_job491.root
SIGMAB_COUNTS tag=MONASH species=Sigma_b+ pdg=5222 slice=all p=26 a=17 file=/data/alice/ipardoza/hadronization_production/HF_RUN3_V1/raw/MONASH/hf_MONASH_job492.root
SIGMAB_COUNTS tag=MONASH species=Sigma_b+ pdg=5222 slice=eta_lt_1 p=4 a=2 file=/data/alice/ipardoza/hadronization_production/HF_RUN3_V1/raw/MONASH/hf_MONASH_job492.root
SIGMAB_COUNTS tag=MONASH species=Sigma_b+ pdg=5222 slice=eta_1_2 p=7 a=7 file=/data/alice/ipardoza/hadronization_production/HF_RUN3_V1/raw/MONASH/hf_MONASH_job492.root
SIGMAB_COUNTS tag=MONASH species=Sigma_b+ pdg=5222 slice=eta_ge_2 p=15 a=8 file=/data/alice/ipardoza/hadronization_production/HF_RUN3_V1/raw/MONASH/hf_MONASH_job492.root
SIGMAB_COUNTS tag=MONASH species=Sigma_b0 pdg=5212 slice=all p=46 a=21 file=/data/alice/ipardoza/hadronization_production/HF_RUN3_V1/raw/MONASH/hf_MONASH_job492.root
SIGMAB_COUNTS tag=MONASH species=Sigma_b0 pdg=5212 slice=eta_lt_1 p=10 a=2 file=/data/alice/ipardoza/hadronization_production/HF_RUN3_V1/raw/MONASH/hf_MONASH_job492.root
SIGMAB_COUNTS tag=MONASH species=Sigma_b0 pdg=5212 slice=eta_1_2 p=5 a=7 file=/data/alice/ipardoza/hadronization_production/HF_RUN3_V1/raw/MONASH/hf_MONASH_job492.root
SIGMAB_COUNTS tag=MONASH species=Sigma_b0 pdg=5212 slice=eta_ge_2 p=31 a=12 file=/data/alice/ipardoza/hadronization_production/HF_RUN3_V1/raw/MONASH/hf_MONASH_job492.root
SIGMAB_COUNTS tag=MONASH species=Sigma_b- pdg=5112 slice=all p=42 a=21 file=/data/alice/ipardoza/hadronization_production/HF_RUN3_V1/raw/MONASH/hf_MONASH_job492.root
SIGMAB_COUNTS tag=MONASH species=Sigma_b- pdg=5112 slice=eta_lt_1 p=8 a=5 file=/data/alice/ipardoza/hadronization_production/HF_RUN3_V1/raw/MONASH/hf_MONASH_job492.root
SIGMAB_COUNTS tag=MONASH species=Sigma_b- pdg=5112 slice=eta_1_2 p=7 a=5 file=/data/alice/ipardoza/hadronization_production/HF_RUN3_V1/raw/MONASH/hf_MONASH_job492.root
SIGMAB_COUNTS tag=MONASH species=Sigma_b- pdg=5112 slice=eta_ge_2 p=27 a=11 file=/data/alice/ipardoza/hadronization_production/HF_RUN3_V1/raw/MONASH/hf_MONASH_job492.root
SIGMAB_COUNTS tag=MONASH species=Sigma*_b+ pdg=5224 slice=all p=44 a=31 file=/data/alice/ipardoza/hadronization_production/HF_RUN3_V1/raw/MONASH/hf_MONASH_job492.root
SIGMAB_COUNTS tag=MONASH species=Sigma*_b+ pdg=5224 slice=eta_lt_1 p=7 a=8 file=/data/alice/ipardoza/hadronization_production/HF_RUN3_V1/raw/MONASH/hf_MONASH_job492.root
SIGMAB_COUNTS tag=MONASH species=Sigma*_b+ pdg=5224 slice=eta_1_2 p=10 a=7 file=/data/alice/ipardoza/hadronization_production/HF_RUN3_V1/raw/MONASH/hf_MONASH_job492.root
SIGMAB_COUNTS tag=MONASH species=Sigma*_b+ pdg=5224 slice=eta_ge_2 p=27 a=16 file=/data/alice/ipardoza/hadronization_production/HF_RUN3_V1/raw/MONASH/hf_MONASH_job492.root
SIGMAB_COUNTS tag=MONASH species=Sigma*_b0 pdg=5214 slice=all p=52 a=48 file=/data/alice/ipardoza/hadronization_production/HF_RUN3_V1/raw/MONASH/hf_MONASH_job492.root
SIGMAB_COUNTS tag=MONASH species=Sigma*_b0 pdg=5214 slice=eta_lt_1 p=11 a=8 file=/data/alice/ipardoza/hadronization_production/HF_RUN3_V1/raw/MONASH/hf_MONASH_job492.root
SIGMAB_COUNTS tag=MONASH species=Sigma*_b0 pdg=5214 slice=eta_1_2 p=11 a=8 file=/data/alice/ipardoza/hadronization_production/HF_RUN3_V1/raw/MONASH/hf_MONASH_job492.root
SIGMAB_COUNTS tag=MONASH species=Sigma*_b0 pdg=5214 slice=eta_ge_2 p=30 a=32 file=/data/alice/ipardoza/hadronization_production/HF_RUN3_V1/raw/MONASH/hf_MONASH_job492.root
SIGMAB_COUNTS tag=MONASH species=Sigma*_b- pdg=5114 slice=all p=56 a=38 file=/data/alice/ipardoza/hadronization_production/HF_RUN3_V1/raw/MONASH/hf_MONASH_job492.root
SIGMAB_COUNTS tag=MONASH species=Sigma*_b- pdg=5114 slice=eta_lt_1 p=10 a=3 file=/data/alice/ipardoza/hadronization_production/HF_RUN3_V1/raw/MONASH/hf_MONASH_job492.root
SIGMAB_COUNTS tag=MONASH species=Sigma*_b- pdg=5114 slice=eta_1_2 p=13 a=7 file=/data/alice/ipardoza/hadronization_production/HF_RUN3_V1/raw/MONASH/hf_MONASH_job492.root
SIGMAB_COUNTS tag=MONASH species=Sigma*_b- pdg=5114 slice=eta_ge_2 p=33 a=28 file=/data/alice/ipardoza/hadronization_production/HF_RUN3_V1/raw/MONASH/hf_MONASH_job492.root
SIGMAB_COUNTS tag=MONASH species=Lambda_b0 pdg=5122 slice=all p=335 a=307 file=/data/alice/ipardoza/hadronization_production/HF_RUN3_V1/raw/MONASH/hf_MONASH_job492.root
SIGMAB_COUNTS tag=MONASH species=Lambda_b0 pdg=5122 slice=eta_lt_1 p=64 a=61 file=/data/alice/ipardoza/hadronization_production/HF_RUN3_V1/raw/MONASH/hf_MONASH_job492.root
SIGMAB_COUNTS tag=MONASH species=Lambda_b0 pdg=5122 slice=eta_1_2 p=79 a=64 file=/data/alice/ipardoza/hadronization_production/HF_RUN3_V1/raw/MONASH/hf_MONASH_job492.root
SIGMAB_COUNTS tag=MONASH species=Lambda_b0 pdg=5122 slice=eta_ge_2 p=192 a=182 file=/data/alice/ipardoza/hadronization_production/HF_RUN3_V1/raw/MONASH/hf_MONASH_job492.root
SIGMAB_COUNTS tag=MONASH species=Xi_b0 pdg=5232 slice=all p=73 a=61 file=/data/alice/ipardoza/hadronization_production/HF_RUN3_V1/raw/MONASH/hf_MONASH_job492.root
SIGMAB_COUNTS tag=MONASH species=Xi_b0 pdg=5232 slice=eta_lt_1 p=15 a=10 file=/data/alice/ipardoza/hadronization_production/HF_RUN3_V1/raw/MONASH/hf_MONASH_job492.root
SIGMAB_COUNTS tag=MONASH species=Xi_b0 pdg=5232 slice=eta_1_2 p=12 a=9 file=/data/alice/ipardoza/hadronization_production/HF_RUN3_V1/raw/MONASH/hf_MONASH_job492.root
SIGMAB_COUNTS tag=MONASH species=Xi_b0 pdg=5232 slice=eta_ge_2 p=46 a=42 file=/data/alice/ipardoza/hadronization_production/HF_RUN3_V1/raw/MONASH/hf_MONASH_job492.root
SIGMAB_COUNTS tag=MONASH species=Xi_b- pdg=5132 slice=all p=55 a=63 file=/data/alice/ipardoza/hadronization_production/HF_RUN3_V1/raw/MONASH/hf_MONASH_job492.root
SIGMAB_COUNTS tag=MONASH species=Xi_b- pdg=5132 slice=eta_lt_1 p=14 a=9 file=/data/alice/ipardoza/hadronization_production/HF_RUN3_V1/raw/MONASH/hf_MONASH_job492.root
SIGMAB_COUNTS tag=MONASH species=Xi_b- pdg=5132 slice=eta_1_2 p=11 a=16 file=/data/alice/ipardoza/hadronization_production/HF_RUN3_V1/raw/MONASH/hf_MONASH_job492.root
SIGMAB_COUNTS tag=MONASH species=Xi_b- pdg=5132 slice=eta_ge_2 p=30 a=38 file=/data/alice/ipardoza/hadronization_production/HF_RUN3_V1/raw/MONASH/hf_MONASH_job492.root
SIGMAB_COUNTS tag=MONASH species=Sigma_b+ pdg=5222 slice=all p=37 a=16 file=/data/alice/ipardoza/hadronization_production/HF_RUN3_V1/raw/MONASH/hf_MONASH_job493.root
SIGMAB_COUNTS tag=MONASH species=Sigma_b+ pdg=5222 slice=eta_lt_1 p=5 a=4 file=/data/alice/ipardoza/hadronization_production/HF_RUN3_V1/raw/MONASH/hf_MONASH_job493.root
SIGMAB_COUNTS tag=MONASH species=Sigma_b+ pdg=5222 slice=eta_1_2 p=8 a=5 file=/data/alice/ipardoza/hadronization_production/HF_RUN3_V1/raw/MONASH/hf_MONASH_job493.root
SIGMAB_COUNTS tag=MONASH species=Sigma_b+ pdg=5222 slice=eta_ge_2 p=24 a=7 file=/data/alice/ipardoza/hadronization_production/HF_RUN3_V1/raw/MONASH/hf_MONASH_job493.root
SIGMAB_COUNTS tag=MONASH species=Sigma_b0 pdg=5212 slice=all p=30 a=22 file=/data/alice/ipardoza/hadronization_production/HF_RUN3_V1/raw/MONASH/hf_MONASH_job493.root
SIGMAB_COUNTS tag=MONASH species=Sigma_b0 pdg=5212 slice=eta_lt_1 p=4 a=3 file=/data/alice/ipardoza/hadronization_production/HF_RUN3_V1/raw/MONASH/hf_MONASH_job493.root
SIGMAB_COUNTS tag=MONASH species=Sigma_b0 pdg=5212 slice=eta_1_2 p=7 a=5 file=/data/alice/ipardoza/hadronization_production/HF_RUN3_V1/raw/MONASH/hf_MONASH_job493.root
SIGMAB_COUNTS tag=MONASH species=Sigma_b0 pdg=5212 slice=eta_ge_2 p=19 a=14 file=/data/alice/ipardoza/hadronization_production/HF_RUN3_V1/raw/MONASH/hf_MONASH_job493.root
SIGMAB_COUNTS tag=MONASH species=Sigma_b- pdg=5112 slice=all p=38 a=12 file=/data/alice/ipardoza/hadronization_production/HF_RUN3_V1/raw/MONASH/hf_MONASH_job493.root
SIGMAB_COUNTS tag=MONASH species=Sigma_b- pdg=5112 slice=eta_lt_1 p=5 a=1 file=/data/alice/ipardoza/hadronization_production/HF_RUN3_V1/raw/MONASH/hf_MONASH_job493.root
SIGMAB_COUNTS tag=MONASH species=Sigma_b- pdg=5112 slice=eta_1_2 p=8 a=3 file=/data/alice/ipardoza/hadronization_production/HF_RUN3_V1/raw/MONASH/hf_MONASH_job493.root
SIGMAB_COUNTS tag=MONASH species=Sigma_b- pdg=5112 slice=eta_ge_2 p=25 a=8 file=/data/alice/ipardoza/hadronization_production/HF_RUN3_V1/raw/MONASH/hf_MONASH_job493.root
SIGMAB_COUNTS tag=MONASH species=Sigma*_b+ pdg=5224 slice=all p=42 a=42 file=/data/alice/ipardoza/hadronization_production/HF_RUN3_V1/raw/MONASH/hf_MONASH_job493.root
SIGMAB_COUNTS tag=MONASH species=Sigma*_b+ pdg=5224 slice=eta_lt_1 p=7 a=11 file=/data/alice/ipardoza/hadronization_production/HF_RUN3_V1/raw/MONASH/hf_MONASH_job493.root
SIGMAB_COUNTS tag=MONASH species=Sigma*_b+ pdg=5224 slice=eta_1_2 p=6 a=6 file=/data/alice/ipardoza/hadronization_production/HF_RUN3_V1/raw/MONASH/hf_MONASH_job493.root
SIGMAB_COUNTS tag=MONASH species=Sigma*_b+ pdg=5224 slice=eta_ge_2 p=29 a=25 file=/data/alice/ipardoza/hadronization_production/HF_RUN3_V1/raw/MONASH/hf_MONASH_job493.root
SIGMAB_COUNTS tag=MONASH species=Sigma*_b0 pdg=5214 slice=all p=50 a=46 file=/data/alice/ipardoza/hadronization_production/HF_RUN3_V1/raw/MONASH/hf_MONASH_job493.root
SIGMAB_COUNTS tag=MONASH species=Sigma*_b0 pdg=5214 slice=eta_lt_1 p=9 a=7 file=/data/alice/ipardoza/hadronization_production/HF_RUN3_V1/raw/MONASH/hf_MONASH_job493.root
SIGMAB_COUNTS tag=MONASH species=Sigma*_b0 pdg=5214 slice=eta_1_2 p=10 a=11 file=/data/alice/ipardoza/hadronization_production/HF_RUN3_V1/raw/MONASH/hf_MONASH_job493.root
SIGMAB_COUNTS tag=MONASH species=Sigma*_b0 pdg=5214 slice=eta_ge_2 p=31 a=28 file=/data/alice/ipardoza/hadronization_production/HF_RUN3_V1/raw/MONASH/hf_MONASH_job493.root
SIGMAB_COUNTS tag=MONASH species=Sigma*_b- pdg=5114 slice=all p=51 a=45 file=/data/alice/ipardoza/hadronization_production/HF_RUN3_V1/raw/MONASH/hf_MONASH_job493.root
SIGMAB_COUNTS tag=MONASH species=Sigma*_b- pdg=5114 slice=eta_lt_1 p=6 a=12 file=/data/alice/ipardoza/hadronization_production/HF_RUN3_V1/raw/MONASH/hf_MONASH_job493.root
SIGMAB_COUNTS tag=MONASH species=Sigma*_b- pdg=5114 slice=eta_1_2 p=13 a=8 file=/data/alice/ipardoza/hadronization_production/HF_RUN3_V1/raw/MONASH/hf_MONASH_job493.root
SIGMAB_COUNTS tag=MONASH species=Sigma*_b- pdg=5114 slice=eta_ge_2 p=32 a=25 file=/data/alice/ipardoza/hadronization_production/HF_RUN3_V1/raw/MONASH/hf_MONASH_job493.root
SIGMAB_COUNTS tag=MONASH species=Lambda_b0 pdg=5122 slice=all p=286 a=319 file=/data/alice/ipardoza/hadronization_production/HF_RUN3_V1/raw/MONASH/hf_MONASH_job493.root
SIGMAB_COUNTS tag=MONASH species=Lambda_b0 pdg=5122 slice=eta_lt_1 p=49 a=61 file=/data/alice/ipardoza/hadronization_production/HF_RUN3_V1/raw/MONASH/hf_MONASH_job493.root
SIGMAB_COUNTS tag=MONASH species=Lambda_b0 pdg=5122 slice=eta_1_2 p=57 a=60 file=/data/alice/ipardoza/hadronization_production/HF_RUN3_V1/raw/MONASH/hf_MONASH_job493.root
SIGMAB_COUNTS tag=MONASH species=Lambda_b0 pdg=5122 slice=eta_ge_2 p=180 a=198 file=/data/alice/ipardoza/hadronization_production/HF_RUN3_V1/raw/MONASH/hf_MONASH_job493.root
SIGMAB_COUNTS tag=MONASH species=Xi_b0 pdg=5232 slice=all p=48 a=64 file=/data/alice/ipardoza/hadronization_production/HF_RUN3_V1/raw/MONASH/hf_MONASH_job493.root
SIGMAB_COUNTS tag=MONASH species=Xi_b0 pdg=5232 slice=eta_lt_1 p=9 a=11 file=/data/alice/ipardoza/hadronization_production/HF_RUN3_V1/raw/MONASH/hf_MONASH_job493.root
SIGMAB_COUNTS tag=MONASH species=Xi_b0 pdg=5232 slice=eta_1_2 p=11 a=13 file=/data/alice/ipardoza/hadronization_production/HF_RUN3_V1/raw/MONASH/hf_MONASH_job493.root
SIGMAB_COUNTS tag=MONASH species=Xi_b0 pdg=5232 slice=eta_ge_2 p=28 a=40 file=/data/alice/ipardoza/hadronization_production/HF_RUN3_V1/raw/MONASH/hf_MONASH_job493.root
SIGMAB_COUNTS tag=MONASH species=Xi_b- pdg=5132 slice=all p=57 a=48 file=/data/alice/ipardoza/hadronization_production/HF_RUN3_V1/raw/MONASH/hf_MONASH_job493.root
SIGMAB_COUNTS tag=MONASH species=Xi_b- pdg=5132 slice=eta_lt_1 p=9 a=5 file=/data/alice/ipardoza/hadronization_production/HF_RUN3_V1/raw/MONASH/hf_MONASH_job493.root
SIGMAB_COUNTS tag=MONASH species=Xi_b- pdg=5132 slice=eta_1_2 p=14 a=10 file=/data/alice/ipardoza/hadronization_production/HF_RUN3_V1/raw/MONASH/hf_MONASH_job493.root
SIGMAB_COUNTS tag=MONASH species=Xi_b- pdg=5132 slice=eta_ge_2 p=34 a=33 file=/data/alice/ipardoza/hadronization_production/HF_RUN3_V1/raw/MONASH/hf_MONASH_job493.root
SIGMAB_COUNTS tag=MONASH species=Sigma_b+ pdg=5222 slice=all p=34 a=14 file=/data/alice/ipardoza/hadronization_production/HF_RUN3_V1/raw/MONASH/hf_MONASH_job494.root
SIGMAB_COUNTS tag=MONASH species=Sigma_b+ pdg=5222 slice=eta_lt_1 p=5 a=3 file=/data/alice/ipardoza/hadronization_production/HF_RUN3_V1/raw/MONASH/hf_MONASH_job494.root
SIGMAB_COUNTS tag=MONASH species=Sigma_b+ pdg=5222 slice=eta_1_2 p=10 a=5 file=/data/alice/ipardoza/hadronization_production/HF_RUN3_V1/raw/MONASH/hf_MONASH_job494.root
SIGMAB_COUNTS tag=MONASH species=Sigma_b+ pdg=5222 slice=eta_ge_2 p=19 a=6 file=/data/alice/ipardoza/hadronization_production/HF_RUN3_V1/raw/MONASH/hf_MONASH_job494.root
SIGMAB_COUNTS tag=MONASH species=Sigma_b0 pdg=5212 slice=all p=36 a=26 file=/data/alice/ipardoza/hadronization_production/HF_RUN3_V1/raw/MONASH/hf_MONASH_job494.root
SIGMAB_COUNTS tag=MONASH species=Sigma_b0 pdg=5212 slice=eta_lt_1 p=5 a=3 file=/data/alice/ipardoza/hadronization_production/HF_RUN3_V1/raw/MONASH/hf_MONASH_job494.root
SIGMAB_COUNTS tag=MONASH species=Sigma_b0 pdg=5212 slice=eta_1_2 p=9 a=7 file=/data/alice/ipardoza/hadronization_production/HF_RUN3_V1/raw/MONASH/hf_MONASH_job494.root
SIGMAB_COUNTS tag=MONASH species=Sigma_b0 pdg=5212 slice=eta_ge_2 p=22 a=16 file=/data/alice/ipardoza/hadronization_production/HF_RUN3_V1/raw/MONASH/hf_MONASH_job494.root
SIGMAB_COUNTS tag=MONASH species=Sigma_b- pdg=5112 slice=all p=38 a=17 file=/data/alice/ipardoza/hadronization_production/HF_RUN3_V1/raw/MONASH/hf_MONASH_job494.root
SIGMAB_COUNTS tag=MONASH species=Sigma_b- pdg=5112 slice=eta_lt_1 p=4 a=5 file=/data/alice/ipardoza/hadronization_production/HF_RUN3_V1/raw/MONASH/hf_MONASH_job494.root
SIGMAB_COUNTS tag=MONASH species=Sigma_b- pdg=5112 slice=eta_1_2 p=7 a=4 file=/data/alice/ipardoza/hadronization_production/HF_RUN3_V1/raw/MONASH/hf_MONASH_job494.root
SIGMAB_COUNTS tag=MONASH species=Sigma_b- pdg=5112 slice=eta_ge_2 p=27 a=8 file=/data/alice/ipardoza/hadronization_production/HF_RUN3_V1/raw/MONASH/hf_MONASH_job494.root
SIGMAB_COUNTS tag=MONASH species=Sigma*_b+ pdg=5224 slice=all p=50 a=41 file=/data/alice/ipardoza/hadronization_production/HF_RUN3_V1/raw/MONASH/hf_MONASH_job494.root
SIGMAB_COUNTS tag=MONASH species=Sigma*_b+ pdg=5224 slice=eta_lt_1 p=11 a=6 file=/data/alice/ipardoza/hadronization_production/HF_RUN3_V1/raw/MONASH/hf_MONASH_job494.root
SIGMAB_COUNTS tag=MONASH species=Sigma*_b+ pdg=5224 slice=eta_1_2 p=10 a=15 file=/data/alice/ipardoza/hadronization_production/HF_RUN3_V1/raw/MONASH/hf_MONASH_job494.root
SIGMAB_COUNTS tag=MONASH species=Sigma*_b+ pdg=5224 slice=eta_ge_2 p=29 a=20 file=/data/alice/ipardoza/hadronization_production/HF_RUN3_V1/raw/MONASH/hf_MONASH_job494.root
SIGMAB_COUNTS tag=MONASH species=Sigma*_b0 pdg=5214 slice=all p=54 a=40 file=/data/alice/ipardoza/hadronization_production/HF_RUN3_V1/raw/MONASH/hf_MONASH_job494.root
SIGMAB_COUNTS tag=MONASH species=Sigma*_b0 pdg=5214 slice=eta_lt_1 p=7 a=7 file=/data/alice/ipardoza/hadronization_production/HF_RUN3_V1/raw/MONASH/hf_MONASH_job494.root
SIGMAB_COUNTS tag=MONASH species=Sigma*_b0 pdg=5214 slice=eta_1_2 p=6 a=8 file=/data/alice/ipardoza/hadronization_production/HF_RUN3_V1/raw/MONASH/hf_MONASH_job494.root
SIGMAB_COUNTS tag=MONASH species=Sigma*_b0 pdg=5214 slice=eta_ge_2 p=41 a=25 file=/data/alice/ipardoza/hadronization_production/HF_RUN3_V1/raw/MONASH/hf_MONASH_job494.root
SIGMAB_COUNTS tag=MONASH species=Sigma*_b- pdg=5114 slice=all p=38 a=39 file=/data/alice/ipardoza/hadronization_production/HF_RUN3_V1/raw/MONASH/hf_MONASH_job494.root
SIGMAB_COUNTS tag=MONASH species=Sigma*_b- pdg=5114 slice=eta_lt_1 p=4 a=9 file=/data/alice/ipardoza/hadronization_production/HF_RUN3_V1/raw/MONASH/hf_MONASH_job494.root
SIGMAB_COUNTS tag=MONASH species=Sigma*_b- pdg=5114 slice=eta_1_2 p=7 a=7 file=/data/alice/ipardoza/hadronization_production/HF_RUN3_V1/raw/MONASH/hf_MONASH_job494.root
SIGMAB_COUNTS tag=MONASH species=Sigma*_b- pdg=5114 slice=eta_ge_2 p=27 a=23 file=/data/alice/ipardoza/hadronization_production/HF_RUN3_V1/raw/MONASH/hf_MONASH_job494.root
SIGMAB_COUNTS tag=MONASH species=Lambda_b0 pdg=5122 slice=all p=328 a=314 file=/data/alice/ipardoza/hadronization_production/HF_RUN3_V1/raw/MONASH/hf_MONASH_job494.root
SIGMAB_COUNTS tag=MONASH species=Lambda_b0 pdg=5122 slice=eta_lt_1 p=58 a=66 file=/data/alice/ipardoza/hadronization_production/HF_RUN3_V1/raw/MONASH/hf_MONASH_job494.root
SIGMAB_COUNTS tag=MONASH species=Lambda_b0 pdg=5122 slice=eta_1_2 p=60 a=59 file=/data/alice/ipardoza/hadronization_production/HF_RUN3_V1/raw/MONASH/hf_MONASH_job494.root
SIGMAB_COUNTS tag=MONASH species=Lambda_b0 pdg=5122 slice=eta_ge_2 p=210 a=189 file=/data/alice/ipardoza/hadronization_production/HF_RUN3_V1/raw/MONASH/hf_MONASH_job494.root
SIGMAB_COUNTS tag=MONASH species=Xi_b0 pdg=5232 slice=all p=71 a=53 file=/data/alice/ipardoza/hadronization_production/HF_RUN3_V1/raw/MONASH/hf_MONASH_job494.root
SIGMAB_COUNTS tag=MONASH species=Xi_b0 pdg=5232 slice=eta_lt_1 p=11 a=12 file=/data/alice/ipardoza/hadronization_production/HF_RUN3_V1/raw/MONASH/hf_MONASH_job494.root
SIGMAB_COUNTS tag=MONASH species=Xi_b0 pdg=5232 slice=eta_1_2 p=13 a=17 file=/data/alice/ipardoza/hadronization_production/HF_RUN3_V1/raw/MONASH/hf_MONASH_job494.root
SIGMAB_COUNTS tag=MONASH species=Xi_b0 pdg=5232 slice=eta_ge_2 p=47 a=24 file=/data/alice/ipardoza/hadronization_production/HF_RUN3_V1/raw/MONASH/hf_MONASH_job494.root
SIGMAB_COUNTS tag=MONASH species=Xi_b- pdg=5132 slice=all p=47 a=52 file=/data/alice/ipardoza/hadronization_production/HF_RUN3_V1/raw/MONASH/hf_MONASH_job494.root
SIGMAB_COUNTS tag=MONASH species=Xi_b- pdg=5132 slice=eta_lt_1 p=11 a=13 file=/data/alice/ipardoza/hadronization_production/HF_RUN3_V1/raw/MONASH/hf_MONASH_job494.root
SIGMAB_COUNTS tag=MONASH species=Xi_b- pdg=5132 slice=eta_1_2 p=11 a=9 file=/data/alice/ipardoza/hadronization_production/HF_RUN3_V1/raw/MONASH/hf_MONASH_job494.root
SIGMAB_COUNTS tag=MONASH species=Xi_b- pdg=5132 slice=eta_ge_2 p=25 a=30 file=/data/alice/ipardoza/hadronization_production/HF_RUN3_V1/raw/MONASH/hf_MONASH_job494.root
SIGMAB_COUNTS tag=MONASH species=Sigma_b+ pdg=5222 slice=all p=35 a=11 file=/data/alice/ipardoza/hadronization_production/HF_RUN3_V1/raw/MONASH/hf_MONASH_job495.root
SIGMAB_COUNTS tag=MONASH species=Sigma_b+ pdg=5222 slice=eta_lt_1 p=4 a=1 file=/data/alice/ipardoza/hadronization_production/HF_RUN3_V1/raw/MONASH/hf_MONASH_job495.root
SIGMAB_COUNTS tag=MONASH species=Sigma_b+ pdg=5222 slice=eta_1_2 p=3 a=5 file=/data/alice/ipardoza/hadronization_production/HF_RUN3_V1/raw/MONASH/hf_MONASH_job495.root
SIGMAB_COUNTS tag=MONASH species=Sigma_b+ pdg=5222 slice=eta_ge_2 p=28 a=5 file=/data/alice/ipardoza/hadronization_production/HF_RUN3_V1/raw/MONASH/hf_MONASH_job495.root
SIGMAB_COUNTS tag=MONASH species=Sigma_b0 pdg=5212 slice=all p=29 a=14 file=/data/alice/ipardoza/hadronization_production/HF_RUN3_V1/raw/MONASH/hf_MONASH_job495.root
SIGMAB_COUNTS tag=MONASH species=Sigma_b0 pdg=5212 slice=eta_lt_1 p=5 a=3 file=/data/alice/ipardoza/hadronization_production/HF_RUN3_V1/raw/MONASH/hf_MONASH_job495.root
SIGMAB_COUNTS tag=MONASH species=Sigma_b0 pdg=5212 slice=eta_1_2 p=4 a=3 file=/data/alice/ipardoza/hadronization_production/HF_RUN3_V1/raw/MONASH/hf_MONASH_job495.root
SIGMAB_COUNTS tag=MONASH species=Sigma_b0 pdg=5212 slice=eta_ge_2 p=20 a=8 file=/data/alice/ipardoza/hadronization_production/HF_RUN3_V1/raw/MONASH/hf_MONASH_job495.root
SIGMAB_COUNTS tag=MONASH species=Sigma_b- pdg=5112 slice=all p=44 a=20 file=/data/alice/ipardoza/hadronization_production/HF_RUN3_V1/raw/MONASH/hf_MONASH_job495.root
SIGMAB_COUNTS tag=MONASH species=Sigma_b- pdg=5112 slice=eta_lt_1 p=3 a=1 file=/data/alice/ipardoza/hadronization_production/HF_RUN3_V1/raw/MONASH/hf_MONASH_job495.root
SIGMAB_COUNTS tag=MONASH species=Sigma_b- pdg=5112 slice=eta_1_2 p=12 a=4 file=/data/alice/ipardoza/hadronization_production/HF_RUN3_V1/raw/MONASH/hf_MONASH_job495.root
SIGMAB_COUNTS tag=MONASH species=Sigma_b- pdg=5112 slice=eta_ge_2 p=29 a=15 file=/data/alice/ipardoza/hadronization_production/HF_RUN3_V1/raw/MONASH/hf_MONASH_job495.root
SIGMAB_COUNTS tag=MONASH species=Sigma*_b+ pdg=5224 slice=all p=64 a=44 file=/data/alice/ipardoza/hadronization_production/HF_RUN3_V1/raw/MONASH/hf_MONASH_job495.root
SIGMAB_COUNTS tag=MONASH species=Sigma*_b+ pdg=5224 slice=eta_lt_1 p=13 a=9 file=/data/alice/ipardoza/hadronization_production/HF_RUN3_V1/raw/MONASH/hf_MONASH_job495.root
SIGMAB_COUNTS tag=MONASH species=Sigma*_b+ pdg=5224 slice=eta_1_2 p=14 a=15 file=/data/alice/ipardoza/hadronization_production/HF_RUN3_V1/raw/MONASH/hf_MONASH_job495.root
SIGMAB_COUNTS tag=MONASH species=Sigma*_b+ pdg=5224 slice=eta_ge_2 p=37 a=20 file=/data/alice/ipardoza/hadronization_production/HF_RUN3_V1/raw/MONASH/hf_MONASH_job495.root
SIGMAB_COUNTS tag=MONASH species=Sigma*_b0 pdg=5214 slice=all p=50 a=39 file=/data/alice/ipardoza/hadronization_production/HF_RUN3_V1/raw/MONASH/hf_MONASH_job495.root
SIGMAB_COUNTS tag=MONASH species=Sigma*_b0 pdg=5214 slice=eta_lt_1 p=6 a=8 file=/data/alice/ipardoza/hadronization_production/HF_RUN3_V1/raw/MONASH/hf_MONASH_job495.root
SIGMAB_COUNTS tag=MONASH species=Sigma*_b0 pdg=5214 slice=eta_1_2 p=10 a=7 file=/data/alice/ipardoza/hadronization_production/HF_RUN3_V1/raw/MONASH/hf_MONASH_job495.root
SIGMAB_COUNTS tag=MONASH species=Sigma*_b0 pdg=5214 slice=eta_ge_2 p=34 a=24 file=/data/alice/ipardoza/hadronization_production/HF_RUN3_V1/raw/MONASH/hf_MONASH_job495.root
SIGMAB_COUNTS tag=MONASH species=Sigma*_b- pdg=5114 slice=all p=45 a=35 file=/data/alice/ipardoza/hadronization_production/HF_RUN3_V1/raw/MONASH/hf_MONASH_job495.root
SIGMAB_COUNTS tag=MONASH species=Sigma*_b- pdg=5114 slice=eta_lt_1 p=6 a=3 file=/data/alice/ipardoza/hadronization_production/HF_RUN3_V1/raw/MONASH/hf_MONASH_job495.root
SIGMAB_COUNTS tag=MONASH species=Sigma*_b- pdg=5114 slice=eta_1_2 p=14 a=6 file=/data/alice/ipardoza/hadronization_production/HF_RUN3_V1/raw/MONASH/hf_MONASH_job495.root
SIGMAB_COUNTS tag=MONASH species=Sigma*_b- pdg=5114 slice=eta_ge_2 p=25 a=26 file=/data/alice/ipardoza/hadronization_production/HF_RUN3_V1/raw/MONASH/hf_MONASH_job495.root
SIGMAB_COUNTS tag=MONASH species=Lambda_b0 pdg=5122 slice=all p=290 a=327 file=/data/alice/ipardoza/hadronization_production/HF_RUN3_V1/raw/MONASH/hf_MONASH_job495.root
SIGMAB_COUNTS tag=MONASH species=Lambda_b0 pdg=5122 slice=eta_lt_1 p=43 a=66 file=/data/alice/ipardoza/hadronization_production/HF_RUN3_V1/raw/MONASH/hf_MONASH_job495.root
SIGMAB_COUNTS tag=MONASH species=Lambda_b0 pdg=5122 slice=eta_1_2 p=62 a=79 file=/data/alice/ipardoza/hadronization_production/HF_RUN3_V1/raw/MONASH/hf_MONASH_job495.root
SIGMAB_COUNTS tag=MONASH species=Lambda_b0 pdg=5122 slice=eta_ge_2 p=185 a=182 file=/data/alice/ipardoza/hadronization_production/HF_RUN3_V1/raw/MONASH/hf_MONASH_job495.root
SIGMAB_COUNTS tag=MONASH species=Xi_b0 pdg=5232 slice=all p=51 a=53 file=/data/alice/ipardoza/hadronization_production/HF_RUN3_V1/raw/MONASH/hf_MONASH_job495.root
SIGMAB_COUNTS tag=MONASH species=Xi_b0 pdg=5232 slice=eta_lt_1 p=9 a=12 file=/data/alice/ipardoza/hadronization_production/HF_RUN3_V1/raw/MONASH/hf_MONASH_job495.root
SIGMAB_COUNTS tag=MONASH species=Xi_b0 pdg=5232 slice=eta_1_2 p=9 a=8 file=/data/alice/ipardoza/hadronization_production/HF_RUN3_V1/raw/MONASH/hf_MONASH_job495.root
SIGMAB_COUNTS tag=MONASH species=Xi_b0 pdg=5232 slice=eta_ge_2 p=33 a=33 file=/data/alice/ipardoza/hadronization_production/HF_RUN3_V1/raw/MONASH/hf_MONASH_job495.root
SIGMAB_COUNTS tag=MONASH species=Xi_b- pdg=5132 slice=all p=56 a=51 file=/data/alice/ipardoza/hadronization_production/HF_RUN3_V1/raw/MONASH/hf_MONASH_job495.root
SIGMAB_COUNTS tag=MONASH species=Xi_b- pdg=5132 slice=eta_lt_1 p=8 a=11 file=/data/alice/ipardoza/hadronization_production/HF_RUN3_V1/raw/MONASH/hf_MONASH_job495.root
SIGMAB_COUNTS tag=MONASH species=Xi_b- pdg=5132 slice=eta_1_2 p=11 a=13 file=/data/alice/ipardoza/hadronization_production/HF_RUN3_V1/raw/MONASH/hf_MONASH_job495.root
SIGMAB_COUNTS tag=MONASH species=Xi_b- pdg=5132 slice=eta_ge_2 p=37 a=27 file=/data/alice/ipardoza/hadronization_production/HF_RUN3_V1/raw/MONASH/hf_MONASH_job495.root
SIGMAB_COUNTS tag=MONASH species=Sigma_b+ pdg=5222 slice=all p=23 a=13 file=/data/alice/ipardoza/hadronization_production/HF_RUN3_V1/raw/MONASH/hf_MONASH_job496.root
SIGMAB_COUNTS tag=MONASH species=Sigma_b+ pdg=5222 slice=eta_lt_1 p=5 a=2 file=/data/alice/ipardoza/hadronization_production/HF_RUN3_V1/raw/MONASH/hf_MONASH_job496.root
SIGMAB_COUNTS tag=MONASH species=Sigma_b+ pdg=5222 slice=eta_1_2 p=9 a=0 file=/data/alice/ipardoza/hadronization_production/HF_RUN3_V1/raw/MONASH/hf_MONASH_job496.root
SIGMAB_COUNTS tag=MONASH species=Sigma_b+ pdg=5222 slice=eta_ge_2 p=9 a=11 file=/data/alice/ipardoza/hadronization_production/HF_RUN3_V1/raw/MONASH/hf_MONASH_job496.root
SIGMAB_COUNTS tag=MONASH species=Sigma_b0 pdg=5212 slice=all p=43 a=14 file=/data/alice/ipardoza/hadronization_production/HF_RUN3_V1/raw/MONASH/hf_MONASH_job496.root
SIGMAB_COUNTS tag=MONASH species=Sigma_b0 pdg=5212 slice=eta_lt_1 p=9 a=4 file=/data/alice/ipardoza/hadronization_production/HF_RUN3_V1/raw/MONASH/hf_MONASH_job496.root
SIGMAB_COUNTS tag=MONASH species=Sigma_b0 pdg=5212 slice=eta_1_2 p=6 a=2 file=/data/alice/ipardoza/hadronization_production/HF_RUN3_V1/raw/MONASH/hf_MONASH_job496.root
SIGMAB_COUNTS tag=MONASH species=Sigma_b0 pdg=5212 slice=eta_ge_2 p=28 a=8 file=/data/alice/ipardoza/hadronization_production/HF_RUN3_V1/raw/MONASH/hf_MONASH_job496.root
SIGMAB_COUNTS tag=MONASH species=Sigma_b- pdg=5112 slice=all p=29 a=26 file=/data/alice/ipardoza/hadronization_production/HF_RUN3_V1/raw/MONASH/hf_MONASH_job496.root
SIGMAB_COUNTS tag=MONASH species=Sigma_b- pdg=5112 slice=eta_lt_1 p=8 a=3 file=/data/alice/ipardoza/hadronization_production/HF_RUN3_V1/raw/MONASH/hf_MONASH_job496.root
SIGMAB_COUNTS tag=MONASH species=Sigma_b- pdg=5112 slice=eta_1_2 p=2 a=5 file=/data/alice/ipardoza/hadronization_production/HF_RUN3_V1/raw/MONASH/hf_MONASH_job496.root
SIGMAB_COUNTS tag=MONASH species=Sigma_b- pdg=5112 slice=eta_ge_2 p=19 a=18 file=/data/alice/ipardoza/hadronization_production/HF_RUN3_V1/raw/MONASH/hf_MONASH_job496.root
SIGMAB_COUNTS tag=MONASH species=Sigma*_b+ pdg=5224 slice=all p=50 a=40 file=/data/alice/ipardoza/hadronization_production/HF_RUN3_V1/raw/MONASH/hf_MONASH_job496.root
SIGMAB_COUNTS tag=MONASH species=Sigma*_b+ pdg=5224 slice=eta_lt_1 p=6 a=4 file=/data/alice/ipardoza/hadronization_production/HF_RUN3_V1/raw/MONASH/hf_MONASH_job496.root
SIGMAB_COUNTS tag=MONASH species=Sigma*_b+ pdg=5224 slice=eta_1_2 p=17 a=10 file=/data/alice/ipardoza/hadronization_production/HF_RUN3_V1/raw/MONASH/hf_MONASH_job496.root
SIGMAB_COUNTS tag=MONASH species=Sigma*_b+ pdg=5224 slice=eta_ge_2 p=27 a=26 file=/data/alice/ipardoza/hadronization_production/HF_RUN3_V1/raw/MONASH/hf_MONASH_job496.root
SIGMAB_COUNTS tag=MONASH species=Sigma*_b0 pdg=5214 slice=all p=49 a=50 file=/data/alice/ipardoza/hadronization_production/HF_RUN3_V1/raw/MONASH/hf_MONASH_job496.root
SIGMAB_COUNTS tag=MONASH species=Sigma*_b0 pdg=5214 slice=eta_lt_1 p=6 a=12 file=/data/alice/ipardoza/hadronization_production/HF_RUN3_V1/raw/MONASH/hf_MONASH_job496.root
SIGMAB_COUNTS tag=MONASH species=Sigma*_b0 pdg=5214 slice=eta_1_2 p=13 a=12 file=/data/alice/ipardoza/hadronization_production/HF_RUN3_V1/raw/MONASH/hf_MONASH_job496.root
SIGMAB_COUNTS tag=MONASH species=Sigma*_b0 pdg=5214 slice=eta_ge_2 p=30 a=26 file=/data/alice/ipardoza/hadronization_production/HF_RUN3_V1/raw/MONASH/hf_MONASH_job496.root
SIGMAB_COUNTS tag=MONASH species=Sigma*_b- pdg=5114 slice=all p=47 a=37 file=/data/alice/ipardoza/hadronization_production/HF_RUN3_V1/raw/MONASH/hf_MONASH_job496.root
SIGMAB_COUNTS tag=MONASH species=Sigma*_b- pdg=5114 slice=eta_lt_1 p=6 a=5 file=/data/alice/ipardoza/hadronization_production/HF_RUN3_V1/raw/MONASH/hf_MONASH_job496.root
SIGMAB_COUNTS tag=MONASH species=Sigma*_b- pdg=5114 slice=eta_1_2 p=16 a=11 file=/data/alice/ipardoza/hadronization_production/HF_RUN3_V1/raw/MONASH/hf_MONASH_job496.root
SIGMAB_COUNTS tag=MONASH species=Sigma*_b- pdg=5114 slice=eta_ge_2 p=25 a=21 file=/data/alice/ipardoza/hadronization_production/HF_RUN3_V1/raw/MONASH/hf_MONASH_job496.root
SIGMAB_COUNTS tag=MONASH species=Lambda_b0 pdg=5122 slice=all p=336 a=292 file=/data/alice/ipardoza/hadronization_production/HF_RUN3_V1/raw/MONASH/hf_MONASH_job496.root
SIGMAB_COUNTS tag=MONASH species=Lambda_b0 pdg=5122 slice=eta_lt_1 p=67 a=59 file=/data/alice/ipardoza/hadronization_production/HF_RUN3_V1/raw/MONASH/hf_MONASH_job496.root
SIGMAB_COUNTS tag=MONASH species=Lambda_b0 pdg=5122 slice=eta_1_2 p=81 a=65 file=/data/alice/ipardoza/hadronization_production/HF_RUN3_V1/raw/MONASH/hf_MONASH_job496.root
SIGMAB_COUNTS tag=MONASH species=Lambda_b0 pdg=5122 slice=eta_ge_2 p=188 a=168 file=/data/alice/ipardoza/hadronization_production/HF_RUN3_V1/raw/MONASH/hf_MONASH_job496.root
SIGMAB_COUNTS tag=MONASH species=Xi_b0 pdg=5232 slice=all p=64 a=77 file=/data/alice/ipardoza/hadronization_production/HF_RUN3_V1/raw/MONASH/hf_MONASH_job496.root
SIGMAB_COUNTS tag=MONASH species=Xi_b0 pdg=5232 slice=eta_lt_1 p=15 a=8 file=/data/alice/ipardoza/hadronization_production/HF_RUN3_V1/raw/MONASH/hf_MONASH_job496.root
SIGMAB_COUNTS tag=MONASH species=Xi_b0 pdg=5232 slice=eta_1_2 p=8 a=18 file=/data/alice/ipardoza/hadronization_production/HF_RUN3_V1/raw/MONASH/hf_MONASH_job496.root
SIGMAB_COUNTS tag=MONASH species=Xi_b0 pdg=5232 slice=eta_ge_2 p=41 a=51 file=/data/alice/ipardoza/hadronization_production/HF_RUN3_V1/raw/MONASH/hf_MONASH_job496.root
SIGMAB_COUNTS tag=MONASH species=Xi_b- pdg=5132 slice=all p=55 a=47 file=/data/alice/ipardoza/hadronization_production/HF_RUN3_V1/raw/MONASH/hf_MONASH_job496.root
SIGMAB_COUNTS tag=MONASH species=Xi_b- pdg=5132 slice=eta_lt_1 p=9 a=9 file=/data/alice/ipardoza/hadronization_production/HF_RUN3_V1/raw/MONASH/hf_MONASH_job496.root
SIGMAB_COUNTS tag=MONASH species=Xi_b- pdg=5132 slice=eta_1_2 p=10 a=10 file=/data/alice/ipardoza/hadronization_production/HF_RUN3_V1/raw/MONASH/hf_MONASH_job496.root
SIGMAB_COUNTS tag=MONASH species=Xi_b- pdg=5132 slice=eta_ge_2 p=36 a=28 file=/data/alice/ipardoza/hadronization_production/HF_RUN3_V1/raw/MONASH/hf_MONASH_job496.root
SIGMAB_COUNTS tag=MONASH species=Sigma_b+ pdg=5222 slice=all p=39 a=26 file=/data/alice/ipardoza/hadronization_production/HF_RUN3_V1/raw/MONASH/hf_MONASH_job497.root
SIGMAB_COUNTS tag=MONASH species=Sigma_b+ pdg=5222 slice=eta_lt_1 p=8 a=5 file=/data/alice/ipardoza/hadronization_production/HF_RUN3_V1/raw/MONASH/hf_MONASH_job497.root
SIGMAB_COUNTS tag=MONASH species=Sigma_b+ pdg=5222 slice=eta_1_2 p=3 a=3 file=/data/alice/ipardoza/hadronization_production/HF_RUN3_V1/raw/MONASH/hf_MONASH_job497.root
SIGMAB_COUNTS tag=MONASH species=Sigma_b+ pdg=5222 slice=eta_ge_2 p=28 a=18 file=/data/alice/ipardoza/hadronization_production/HF_RUN3_V1/raw/MONASH/hf_MONASH_job497.root
SIGMAB_COUNTS tag=MONASH species=Sigma_b0 pdg=5212 slice=all p=31 a=16 file=/data/alice/ipardoza/hadronization_production/HF_RUN3_V1/raw/MONASH/hf_MONASH_job497.root
SIGMAB_COUNTS tag=MONASH species=Sigma_b0 pdg=5212 slice=eta_lt_1 p=4 a=0 file=/data/alice/ipardoza/hadronization_production/HF_RUN3_V1/raw/MONASH/hf_MONASH_job497.root
SIGMAB_COUNTS tag=MONASH species=Sigma_b0 pdg=5212 slice=eta_1_2 p=8 a=8 file=/data/alice/ipardoza/hadronization_production/HF_RUN3_V1/raw/MONASH/hf_MONASH_job497.root
SIGMAB_COUNTS tag=MONASH species=Sigma_b0 pdg=5212 slice=eta_ge_2 p=19 a=8 file=/data/alice/ipardoza/hadronization_production/HF_RUN3_V1/raw/MONASH/hf_MONASH_job497.root
SIGMAB_COUNTS tag=MONASH species=Sigma_b- pdg=5112 slice=all p=31 a=15 file=/data/alice/ipardoza/hadronization_production/HF_RUN3_V1/raw/MONASH/hf_MONASH_job497.root
SIGMAB_COUNTS tag=MONASH species=Sigma_b- pdg=5112 slice=eta_lt_1 p=5 a=1 file=/data/alice/ipardoza/hadronization_production/HF_RUN3_V1/raw/MONASH/hf_MONASH_job497.root
SIGMAB_COUNTS tag=MONASH species=Sigma_b- pdg=5112 slice=eta_1_2 p=5 a=4 file=/data/alice/ipardoza/hadronization_production/HF_RUN3_V1/raw/MONASH/hf_MONASH_job497.root
SIGMAB_COUNTS tag=MONASH species=Sigma_b- pdg=5112 slice=eta_ge_2 p=21 a=10 file=/data/alice/ipardoza/hadronization_production/HF_RUN3_V1/raw/MONASH/hf_MONASH_job497.root
SIGMAB_COUNTS tag=MONASH species=Sigma*_b+ pdg=5224 slice=all p=58 a=40 file=/data/alice/ipardoza/hadronization_production/HF_RUN3_V1/raw/MONASH/hf_MONASH_job497.root
SIGMAB_COUNTS tag=MONASH species=Sigma*_b+ pdg=5224 slice=eta_lt_1 p=14 a=4 file=/data/alice/ipardoza/hadronization_production/HF_RUN3_V1/raw/MONASH/hf_MONASH_job497.root
SIGMAB_COUNTS tag=MONASH species=Sigma*_b+ pdg=5224 slice=eta_1_2 p=13 a=8 file=/data/alice/ipardoza/hadronization_production/HF_RUN3_V1/raw/MONASH/hf_MONASH_job497.root
SIGMAB_COUNTS tag=MONASH species=Sigma*_b+ pdg=5224 slice=eta_ge_2 p=31 a=28 file=/data/alice/ipardoza/hadronization_production/HF_RUN3_V1/raw/MONASH/hf_MONASH_job497.root
SIGMAB_COUNTS tag=MONASH species=Sigma*_b0 pdg=5214 slice=all p=59 a=36 file=/data/alice/ipardoza/hadronization_production/HF_RUN3_V1/raw/MONASH/hf_MONASH_job497.root
SIGMAB_COUNTS tag=MONASH species=Sigma*_b0 pdg=5214 slice=eta_lt_1 p=12 a=5 file=/data/alice/ipardoza/hadronization_production/HF_RUN3_V1/raw/MONASH/hf_MONASH_job497.root
SIGMAB_COUNTS tag=MONASH species=Sigma*_b0 pdg=5214 slice=eta_1_2 p=13 a=7 file=/data/alice/ipardoza/hadronization_production/HF_RUN3_V1/raw/MONASH/hf_MONASH_job497.root
SIGMAB_COUNTS tag=MONASH species=Sigma*_b0 pdg=5214 slice=eta_ge_2 p=34 a=24 file=/data/alice/ipardoza/hadronization_production/HF_RUN3_V1/raw/MONASH/hf_MONASH_job497.root
SIGMAB_COUNTS tag=MONASH species=Sigma*_b- pdg=5114 slice=all p=48 a=39 file=/data/alice/ipardoza/hadronization_production/HF_RUN3_V1/raw/MONASH/hf_MONASH_job497.root
SIGMAB_COUNTS tag=MONASH species=Sigma*_b- pdg=5114 slice=eta_lt_1 p=10 a=3 file=/data/alice/ipardoza/hadronization_production/HF_RUN3_V1/raw/MONASH/hf_MONASH_job497.root
SIGMAB_COUNTS tag=MONASH species=Sigma*_b- pdg=5114 slice=eta_1_2 p=7 a=6 file=/data/alice/ipardoza/hadronization_production/HF_RUN3_V1/raw/MONASH/hf_MONASH_job497.root
SIGMAB_COUNTS tag=MONASH species=Sigma*_b- pdg=5114 slice=eta_ge_2 p=31 a=30 file=/data/alice/ipardoza/hadronization_production/HF_RUN3_V1/raw/MONASH/hf_MONASH_job497.root
SIGMAB_COUNTS tag=MONASH species=Lambda_b0 pdg=5122 slice=all p=317 a=288 file=/data/alice/ipardoza/hadronization_production/HF_RUN3_V1/raw/MONASH/hf_MONASH_job497.root
SIGMAB_COUNTS tag=MONASH species=Lambda_b0 pdg=5122 slice=eta_lt_1 p=50 a=63 file=/data/alice/ipardoza/hadronization_production/HF_RUN3_V1/raw/MONASH/hf_MONASH_job497.root
SIGMAB_COUNTS tag=MONASH species=Lambda_b0 pdg=5122 slice=eta_1_2 p=69 a=55 file=/data/alice/ipardoza/hadronization_production/HF_RUN3_V1/raw/MONASH/hf_MONASH_job497.root
SIGMAB_COUNTS tag=MONASH species=Lambda_b0 pdg=5122 slice=eta_ge_2 p=198 a=170 file=/data/alice/ipardoza/hadronization_production/HF_RUN3_V1/raw/MONASH/hf_MONASH_job497.root
SIGMAB_COUNTS tag=MONASH species=Xi_b0 pdg=5232 slice=all p=52 a=50 file=/data/alice/ipardoza/hadronization_production/HF_RUN3_V1/raw/MONASH/hf_MONASH_job497.root
SIGMAB_COUNTS tag=MONASH species=Xi_b0 pdg=5232 slice=eta_lt_1 p=14 a=6 file=/data/alice/ipardoza/hadronization_production/HF_RUN3_V1/raw/MONASH/hf_MONASH_job497.root
SIGMAB_COUNTS tag=MONASH species=Xi_b0 pdg=5232 slice=eta_1_2 p=11 a=14 file=/data/alice/ipardoza/hadronization_production/HF_RUN3_V1/raw/MONASH/hf_MONASH_job497.root
SIGMAB_COUNTS tag=MONASH species=Xi_b0 pdg=5232 slice=eta_ge_2 p=27 a=30 file=/data/alice/ipardoza/hadronization_production/HF_RUN3_V1/raw/MONASH/hf_MONASH_job497.root
SIGMAB_COUNTS tag=MONASH species=Xi_b- pdg=5132 slice=all p=63 a=57 file=/data/alice/ipardoza/hadronization_production/HF_RUN3_V1/raw/MONASH/hf_MONASH_job497.root
SIGMAB_COUNTS tag=MONASH species=Xi_b- pdg=5132 slice=eta_lt_1 p=5 a=15 file=/data/alice/ipardoza/hadronization_production/HF_RUN3_V1/raw/MONASH/hf_MONASH_job497.root
SIGMAB_COUNTS tag=MONASH species=Xi_b- pdg=5132 slice=eta_1_2 p=10 a=10 file=/data/alice/ipardoza/hadronization_production/HF_RUN3_V1/raw/MONASH/hf_MONASH_job497.root
SIGMAB_COUNTS tag=MONASH species=Xi_b- pdg=5132 slice=eta_ge_2 p=48 a=32 file=/data/alice/ipardoza/hadronization_production/HF_RUN3_V1/raw/MONASH/hf_MONASH_job497.root
SIGMAB_COUNTS tag=MONASH species=Sigma_b+ pdg=5222 slice=all p=30 a=18 file=/data/alice/ipardoza/hadronization_production/HF_RUN3_V1/raw/MONASH/hf_MONASH_job498.root
SIGMAB_COUNTS tag=MONASH species=Sigma_b+ pdg=5222 slice=eta_lt_1 p=5 a=1 file=/data/alice/ipardoza/hadronization_production/HF_RUN3_V1/raw/MONASH/hf_MONASH_job498.root
SIGMAB_COUNTS tag=MONASH species=Sigma_b+ pdg=5222 slice=eta_1_2 p=2 a=6 file=/data/alice/ipardoza/hadronization_production/HF_RUN3_V1/raw/MONASH/hf_MONASH_job498.root
SIGMAB_COUNTS tag=MONASH species=Sigma_b+ pdg=5222 slice=eta_ge_2 p=23 a=11 file=/data/alice/ipardoza/hadronization_production/HF_RUN3_V1/raw/MONASH/hf_MONASH_job498.root
SIGMAB_COUNTS tag=MONASH species=Sigma_b0 pdg=5212 slice=all p=27 a=21 file=/data/alice/ipardoza/hadronization_production/HF_RUN3_V1/raw/MONASH/hf_MONASH_job498.root
SIGMAB_COUNTS tag=MONASH species=Sigma_b0 pdg=5212 slice=eta_lt_1 p=5 a=5 file=/data/alice/ipardoza/hadronization_production/HF_RUN3_V1/raw/MONASH/hf_MONASH_job498.root
SIGMAB_COUNTS tag=MONASH species=Sigma_b0 pdg=5212 slice=eta_1_2 p=4 a=4 file=/data/alice/ipardoza/hadronization_production/HF_RUN3_V1/raw/MONASH/hf_MONASH_job498.root
SIGMAB_COUNTS tag=MONASH species=Sigma_b0 pdg=5212 slice=eta_ge_2 p=18 a=12 file=/data/alice/ipardoza/hadronization_production/HF_RUN3_V1/raw/MONASH/hf_MONASH_job498.root
SIGMAB_COUNTS tag=MONASH species=Sigma_b- pdg=5112 slice=all p=46 a=15 file=/data/alice/ipardoza/hadronization_production/HF_RUN3_V1/raw/MONASH/hf_MONASH_job498.root
SIGMAB_COUNTS tag=MONASH species=Sigma_b- pdg=5112 slice=eta_lt_1 p=6 a=1 file=/data/alice/ipardoza/hadronization_production/HF_RUN3_V1/raw/MONASH/hf_MONASH_job498.root
SIGMAB_COUNTS tag=MONASH species=Sigma_b- pdg=5112 slice=eta_1_2 p=7 a=2 file=/data/alice/ipardoza/hadronization_production/HF_RUN3_V1/raw/MONASH/hf_MONASH_job498.root
SIGMAB_COUNTS tag=MONASH species=Sigma_b- pdg=5112 slice=eta_ge_2 p=33 a=12 file=/data/alice/ipardoza/hadronization_production/HF_RUN3_V1/raw/MONASH/hf_MONASH_job498.root
SIGMAB_COUNTS tag=MONASH species=Sigma*_b+ pdg=5224 slice=all p=38 a=53 file=/data/alice/ipardoza/hadronization_production/HF_RUN3_V1/raw/MONASH/hf_MONASH_job498.root
SIGMAB_COUNTS tag=MONASH species=Sigma*_b+ pdg=5224 slice=eta_lt_1 p=5 a=12 file=/data/alice/ipardoza/hadronization_production/HF_RUN3_V1/raw/MONASH/hf_MONASH_job498.root
SIGMAB_COUNTS tag=MONASH species=Sigma*_b+ pdg=5224 slice=eta_1_2 p=10 a=9 file=/data/alice/ipardoza/hadronization_production/HF_RUN3_V1/raw/MONASH/hf_MONASH_job498.root
SIGMAB_COUNTS tag=MONASH species=Sigma*_b+ pdg=5224 slice=eta_ge_2 p=23 a=32 file=/data/alice/ipardoza/hadronization_production/HF_RUN3_V1/raw/MONASH/hf_MONASH_job498.root
SIGMAB_COUNTS tag=MONASH species=Sigma*_b0 pdg=5214 slice=all p=44 a=38 file=/data/alice/ipardoza/hadronization_production/HF_RUN3_V1/raw/MONASH/hf_MONASH_job498.root
SIGMAB_COUNTS tag=MONASH species=Sigma*_b0 pdg=5214 slice=eta_lt_1 p=7 a=3 file=/data/alice/ipardoza/hadronization_production/HF_RUN3_V1/raw/MONASH/hf_MONASH_job498.root
SIGMAB_COUNTS tag=MONASH species=Sigma*_b0 pdg=5214 slice=eta_1_2 p=11 a=9 file=/data/alice/ipardoza/hadronization_production/HF_RUN3_V1/raw/MONASH/hf_MONASH_job498.root
SIGMAB_COUNTS tag=MONASH species=Sigma*_b0 pdg=5214 slice=eta_ge_2 p=26 a=26 file=/data/alice/ipardoza/hadronization_production/HF_RUN3_V1/raw/MONASH/hf_MONASH_job498.root
SIGMAB_COUNTS tag=MONASH species=Sigma*_b- pdg=5114 slice=all p=54 a=45 file=/data/alice/ipardoza/hadronization_production/HF_RUN3_V1/raw/MONASH/hf_MONASH_job498.root
SIGMAB_COUNTS tag=MONASH species=Sigma*_b- pdg=5114 slice=eta_lt_1 p=10 a=6 file=/data/alice/ipardoza/hadronization_production/HF_RUN3_V1/raw/MONASH/hf_MONASH_job498.root
SIGMAB_COUNTS tag=MONASH species=Sigma*_b- pdg=5114 slice=eta_1_2 p=11 a=8 file=/data/alice/ipardoza/hadronization_production/HF_RUN3_V1/raw/MONASH/hf_MONASH_job498.root
SIGMAB_COUNTS tag=MONASH species=Sigma*_b- pdg=5114 slice=eta_ge_2 p=33 a=31 file=/data/alice/ipardoza/hadronization_production/HF_RUN3_V1/raw/MONASH/hf_MONASH_job498.root
SIGMAB_COUNTS tag=MONASH species=Lambda_b0 pdg=5122 slice=all p=318 a=283 file=/data/alice/ipardoza/hadronization_production/HF_RUN3_V1/raw/MONASH/hf_MONASH_job498.root
SIGMAB_COUNTS tag=MONASH species=Lambda_b0 pdg=5122 slice=eta_lt_1 p=53 a=51 file=/data/alice/ipardoza/hadronization_production/HF_RUN3_V1/raw/MONASH/hf_MONASH_job498.root
SIGMAB_COUNTS tag=MONASH species=Lambda_b0 pdg=5122 slice=eta_1_2 p=74 a=70 file=/data/alice/ipardoza/hadronization_production/HF_RUN3_V1/raw/MONASH/hf_MONASH_job498.root
SIGMAB_COUNTS tag=MONASH species=Lambda_b0 pdg=5122 slice=eta_ge_2 p=191 a=162 file=/data/alice/ipardoza/hadronization_production/HF_RUN3_V1/raw/MONASH/hf_MONASH_job498.root
SIGMAB_COUNTS tag=MONASH species=Xi_b0 pdg=5232 slice=all p=52 a=59 file=/data/alice/ipardoza/hadronization_production/HF_RUN3_V1/raw/MONASH/hf_MONASH_job498.root
SIGMAB_COUNTS tag=MONASH species=Xi_b0 pdg=5232 slice=eta_lt_1 p=11 a=11 file=/data/alice/ipardoza/hadronization_production/HF_RUN3_V1/raw/MONASH/hf_MONASH_job498.root
SIGMAB_COUNTS tag=MONASH species=Xi_b0 pdg=5232 slice=eta_1_2 p=13 a=18 file=/data/alice/ipardoza/hadronization_production/HF_RUN3_V1/raw/MONASH/hf_MONASH_job498.root
SIGMAB_COUNTS tag=MONASH species=Xi_b0 pdg=5232 slice=eta_ge_2 p=28 a=30 file=/data/alice/ipardoza/hadronization_production/HF_RUN3_V1/raw/MONASH/hf_MONASH_job498.root
SIGMAB_COUNTS tag=MONASH species=Xi_b- pdg=5132 slice=all p=59 a=53 file=/data/alice/ipardoza/hadronization_production/HF_RUN3_V1/raw/MONASH/hf_MONASH_job498.root
SIGMAB_COUNTS tag=MONASH species=Xi_b- pdg=5132 slice=eta_lt_1 p=10 a=7 file=/data/alice/ipardoza/hadronization_production/HF_RUN3_V1/raw/MONASH/hf_MONASH_job498.root
SIGMAB_COUNTS tag=MONASH species=Xi_b- pdg=5132 slice=eta_1_2 p=8 a=15 file=/data/alice/ipardoza/hadronization_production/HF_RUN3_V1/raw/MONASH/hf_MONASH_job498.root
SIGMAB_COUNTS tag=MONASH species=Xi_b- pdg=5132 slice=eta_ge_2 p=41 a=31 file=/data/alice/ipardoza/hadronization_production/HF_RUN3_V1/raw/MONASH/hf_MONASH_job498.root
SIGMAB_COUNTS tag=MONASH species=Sigma_b+ pdg=5222 slice=all p=48 a=28 file=/data/alice/ipardoza/hadronization_production/HF_RUN3_V1/raw/MONASH/hf_MONASH_job499.root
SIGMAB_COUNTS tag=MONASH species=Sigma_b+ pdg=5222 slice=eta_lt_1 p=9 a=8 file=/data/alice/ipardoza/hadronization_production/HF_RUN3_V1/raw/MONASH/hf_MONASH_job499.root
SIGMAB_COUNTS tag=MONASH species=Sigma_b+ pdg=5222 slice=eta_1_2 p=14 a=5 file=/data/alice/ipardoza/hadronization_production/HF_RUN3_V1/raw/MONASH/hf_MONASH_job499.root
SIGMAB_COUNTS tag=MONASH species=Sigma_b+ pdg=5222 slice=eta_ge_2 p=25 a=15 file=/data/alice/ipardoza/hadronization_production/HF_RUN3_V1/raw/MONASH/hf_MONASH_job499.root
SIGMAB_COUNTS tag=MONASH species=Sigma_b0 pdg=5212 slice=all p=45 a=16 file=/data/alice/ipardoza/hadronization_production/HF_RUN3_V1/raw/MONASH/hf_MONASH_job499.root
SIGMAB_COUNTS tag=MONASH species=Sigma_b0 pdg=5212 slice=eta_lt_1 p=10 a=1 file=/data/alice/ipardoza/hadronization_production/HF_RUN3_V1/raw/MONASH/hf_MONASH_job499.root
SIGMAB_COUNTS tag=MONASH species=Sigma_b0 pdg=5212 slice=eta_1_2 p=6 a=4 file=/data/alice/ipardoza/hadronization_production/HF_RUN3_V1/raw/MONASH/hf_MONASH_job499.root
SIGMAB_COUNTS tag=MONASH species=Sigma_b0 pdg=5212 slice=eta_ge_2 p=29 a=11 file=/data/alice/ipardoza/hadronization_production/HF_RUN3_V1/raw/MONASH/hf_MONASH_job499.root
SIGMAB_COUNTS tag=MONASH species=Sigma_b- pdg=5112 slice=all p=26 a=27 file=/data/alice/ipardoza/hadronization_production/HF_RUN3_V1/raw/MONASH/hf_MONASH_job499.root
SIGMAB_COUNTS tag=MONASH species=Sigma_b- pdg=5112 slice=eta_lt_1 p=5 a=5 file=/data/alice/ipardoza/hadronization_production/HF_RUN3_V1/raw/MONASH/hf_MONASH_job499.root
SIGMAB_COUNTS tag=MONASH species=Sigma_b- pdg=5112 slice=eta_1_2 p=6 a=8 file=/data/alice/ipardoza/hadronization_production/HF_RUN3_V1/raw/MONASH/hf_MONASH_job499.root
SIGMAB_COUNTS tag=MONASH species=Sigma_b- pdg=5112 slice=eta_ge_2 p=15 a=14 file=/data/alice/ipardoza/hadronization_production/HF_RUN3_V1/raw/MONASH/hf_MONASH_job499.root
SIGMAB_COUNTS tag=MONASH species=Sigma*_b+ pdg=5224 slice=all p=49 a=51 file=/data/alice/ipardoza/hadronization_production/HF_RUN3_V1/raw/MONASH/hf_MONASH_job499.root
SIGMAB_COUNTS tag=MONASH species=Sigma*_b+ pdg=5224 slice=eta_lt_1 p=5 a=10 file=/data/alice/ipardoza/hadronization_production/HF_RUN3_V1/raw/MONASH/hf_MONASH_job499.root
SIGMAB_COUNTS tag=MONASH species=Sigma*_b+ pdg=5224 slice=eta_1_2 p=9 a=13 file=/data/alice/ipardoza/hadronization_production/HF_RUN3_V1/raw/MONASH/hf_MONASH_job499.root
SIGMAB_COUNTS tag=MONASH species=Sigma*_b+ pdg=5224 slice=eta_ge_2 p=35 a=28 file=/data/alice/ipardoza/hadronization_production/HF_RUN3_V1/raw/MONASH/hf_MONASH_job499.root
SIGMAB_COUNTS tag=MONASH species=Sigma*_b0 pdg=5214 slice=all p=54 a=33 file=/data/alice/ipardoza/hadronization_production/HF_RUN3_V1/raw/MONASH/hf_MONASH_job499.root
SIGMAB_COUNTS tag=MONASH species=Sigma*_b0 pdg=5214 slice=eta_lt_1 p=4 a=7 file=/data/alice/ipardoza/hadronization_production/HF_RUN3_V1/raw/MONASH/hf_MONASH_job499.root
SIGMAB_COUNTS tag=MONASH species=Sigma*_b0 pdg=5214 slice=eta_1_2 p=15 a=7 file=/data/alice/ipardoza/hadronization_production/HF_RUN3_V1/raw/MONASH/hf_MONASH_job499.root
SIGMAB_COUNTS tag=MONASH species=Sigma*_b0 pdg=5214 slice=eta_ge_2 p=35 a=19 file=/data/alice/ipardoza/hadronization_production/HF_RUN3_V1/raw/MONASH/hf_MONASH_job499.root
SIGMAB_COUNTS tag=MONASH species=Sigma*_b- pdg=5114 slice=all p=33 a=37 file=/data/alice/ipardoza/hadronization_production/HF_RUN3_V1/raw/MONASH/hf_MONASH_job499.root
SIGMAB_COUNTS tag=MONASH species=Sigma*_b- pdg=5114 slice=eta_lt_1 p=8 a=8 file=/data/alice/ipardoza/hadronization_production/HF_RUN3_V1/raw/MONASH/hf_MONASH_job499.root
SIGMAB_COUNTS tag=MONASH species=Sigma*_b- pdg=5114 slice=eta_1_2 p=5 a=9 file=/data/alice/ipardoza/hadronization_production/HF_RUN3_V1/raw/MONASH/hf_MONASH_job499.root
SIGMAB_COUNTS tag=MONASH species=Sigma*_b- pdg=5114 slice=eta_ge_2 p=20 a=20 file=/data/alice/ipardoza/hadronization_production/HF_RUN3_V1/raw/MONASH/hf_MONASH_job499.root
SIGMAB_COUNTS tag=MONASH species=Lambda_b0 pdg=5122 slice=all p=313 a=299 file=/data/alice/ipardoza/hadronization_production/HF_RUN3_V1/raw/MONASH/hf_MONASH_job499.root
SIGMAB_COUNTS tag=MONASH species=Lambda_b0 pdg=5122 slice=eta_lt_1 p=63 a=57 file=/data/alice/ipardoza/hadronization_production/HF_RUN3_V1/raw/MONASH/hf_MONASH_job499.root
SIGMAB_COUNTS tag=MONASH species=Lambda_b0 pdg=5122 slice=eta_1_2 p=79 a=65 file=/data/alice/ipardoza/hadronization_production/HF_RUN3_V1/raw/MONASH/hf_MONASH_job499.root
SIGMAB_COUNTS tag=MONASH species=Lambda_b0 pdg=5122 slice=eta_ge_2 p=171 a=177 file=/data/alice/ipardoza/hadronization_production/HF_RUN3_V1/raw/MONASH/hf_MONASH_job499.root
SIGMAB_COUNTS tag=MONASH species=Xi_b0 pdg=5232 slice=all p=66 a=64 file=/data/alice/ipardoza/hadronization_production/HF_RUN3_V1/raw/MONASH/hf_MONASH_job499.root
SIGMAB_COUNTS tag=MONASH species=Xi_b0 pdg=5232 slice=eta_lt_1 p=16 a=12 file=/data/alice/ipardoza/hadronization_production/HF_RUN3_V1/raw/MONASH/hf_MONASH_job499.root
SIGMAB_COUNTS tag=MONASH species=Xi_b0 pdg=5232 slice=eta_1_2 p=13 a=17 file=/data/alice/ipardoza/hadronization_production/HF_RUN3_V1/raw/MONASH/hf_MONASH_job499.root
SIGMAB_COUNTS tag=MONASH species=Xi_b0 pdg=5232 slice=eta_ge_2 p=37 a=35 file=/data/alice/ipardoza/hadronization_production/HF_RUN3_V1/raw/MONASH/hf_MONASH_job499.root
SIGMAB_COUNTS tag=MONASH species=Xi_b- pdg=5132 slice=all p=50 a=65 file=/data/alice/ipardoza/hadronization_production/HF_RUN3_V1/raw/MONASH/hf_MONASH_job499.root
SIGMAB_COUNTS tag=MONASH species=Xi_b- pdg=5132 slice=eta_lt_1 p=6 a=13 file=/data/alice/ipardoza/hadronization_production/HF_RUN3_V1/raw/MONASH/hf_MONASH_job499.root
SIGMAB_COUNTS tag=MONASH species=Xi_b- pdg=5132 slice=eta_1_2 p=9 a=16 file=/data/alice/ipardoza/hadronization_production/HF_RUN3_V1/raw/MONASH/hf_MONASH_job499.root
SIGMAB_COUNTS tag=MONASH species=Xi_b- pdg=5132 slice=eta_ge_2 p=35 a=36 file=/data/alice/ipardoza/hadronization_production/HF_RUN3_V1/raw/MONASH/hf_MONASH_job499.root
# files_processed=100
# count_lines=3600
# finished=2026-08-11T19:52:31+02:00
# expected_count_lines=3600
