path,kind,loc,last_commit_date,last_commit_subject,classification,confidence,inbound_refs_count,inbound_refs,outbound_refs,breaks_if_deleted,notes
.gitignore,other,,2026-08-03,Count only tracked changes in the submit dirty check,ACTIVE,high,0,REPOSITORY_FILE_CATALOG.md:22(doc); REPOSITORY_FILE_CATALOG.md:622(doc); docs/audits/FULL_PRODUCTION_CHANGE_JUSTIFICATION_AUDIT_20260730.md:117(doc); docs/audits/PRE_IMPLEMENTATION_SOURCE_OF_TRUTH_AUDIT.md:353(doc),,Build objects and data get committed. Silent.,Does NOT cover submit_*_smoke.sub / _retryN.sub (report F2).
AnalysisScripts/Analysis_README.md,markdown,411,2026-07-30,Add docs/DESIGN_AND_RATIONALE.md as the authoritative design record,SUPPORT,high,0,REPOSITORY_FILE_CATALOG.md:23(doc); REPOSITORY_FILE_CATALOG.md:24(doc); REPOSITORY_FILE_CATALOG.md:25(doc); REPOSITORY_FILE_CATALOG.md:26(doc); REPOSITORY_FILE_CATALOG.md:30(doc); REPOSITORY_FILE_CATALOG.md:31(doc); REPOSITORY_FILE_CATALOG.md:32(doc); REPOSITORY_FILE_CATALOG.md:34(doc) (+11 more),,Documentation only. Nothing executes.,Analysis dir docs.
AnalysisScripts/AssociateOriginCategoryContract.h,cpp-header,36,2026-07-30,Analysis: fail-closed raw-input contract and associate-origin categories,ACTIVE,high,7,AnalysisScripts/status_analysis_THnSparse_qq.C:7; PlottingScripts/PairInputSelectionUtils.h:4; PlottingScripts/improvedPlotting_THnSparse.C:38; Validation/ValidateGateDPilotAnalysis.C:2; Validation/ValidatePairBlockClosure.C:2; Validation/ValidatePairDirectory.C:2; tests/test_associate_origin_category.cpp:1; docs/audits/FULL_PRODUCTION_CHANGE_JUSTIFICATION_AUDIT_20260730.md:130(doc),SimulationScripts/HeavyFlavourUtils.h,Analysis + 8 validators + plotting. Immediate compile error.,GeneratedPairRegistry.h is generated by generate_registry_artifacts.py:326.
AnalysisScripts/CountEvents/count_events.sh,shell,34,2026-02-24,Updated strucutre and comments,UNSURE,medium,0,REPOSITORY_FILE_CATALOG.md:24(doc); REPOSITORY_FILE_CATALOG.md:25(doc),AnalysisScripts/CountEvents/count_events_bb_cc.C; setupEnv.sh,Nothing executes. Paper/Tables/generated_heavy_flavor_summary.tex:1 records that the .tex was generated by generated_heavy_flavor_summary.C - deleting it makes a paper table unreproducible.,Blocked on: is the generated_heavy_flavor_summary table going into the paper?
AnalysisScripts/CountEvents/count_events_bb_cc.C,other,110,2026-02-24,Updated strucutre and comments,UNSURE,medium,1,AnalysisScripts/CountEvents/count_events.sh:24; REPOSITORY_FILE_CATALOG.md:25(doc),,Nothing executes. Paper/Tables/generated_heavy_flavor_summary.tex:1 records that the .tex was generated by generated_heavy_flavor_summary.C - deleting it makes a paper table unreproducible.,Blocked on: is the generated_heavy_flavor_summary table going into the paper?
AnalysisScripts/CountEvents/generated_heavy_flavor_summary.C,other,795,2026-07-15,Add paper heavy-flavor summary table,UNSURE,medium,0,Paper/Tables/generated_heavy_flavor_summary.tex:1(doc); REPOSITORY_FILE_CATALOG.md:26(doc); REPOSITORY_FILE_CATALOG.md:335(doc),Paper/Tables/generated_heavy_flavor_summary.tex,Nothing executes. Paper/Tables/generated_heavy_flavor_summary.tex:1 records that the .tex was generated by generated_heavy_flavor_summary.C - deleting it makes a paper table unreproducible.,Blocked on: is the generated_heavy_flavor_summary table going into the paper?
AnalysisScripts/GeneratedPairRegistry.h,cpp-header,329,2026-07-31,Exclude review-blocked species from central results,ACTIVE,high,16,AnalysisScripts/MergeCanonicalAnalysis.C:1; AnalysisScripts/status_analysis_THnSparse_qq.C:4; AnalysisScripts/status_analysis_THnSparse_qq.C:6; PlottingScripts/Validate_THnSparse_Production.C:1; PlottingScripts/improvedPlotting_THnSparse.C:37; Validation/AuditOriginResolution.C:4; Validation/ListUnresolvedOrigins.C:4; Validation/PTHatSensitivity.C:4 (+21 more),tools/generate_registry_artifacts.py,Analysis + 8 validators + plotting. Immediate compile error.,GeneratedPairRegistry.h is generated by generate_registry_artifacts.py:326.
AnalysisScripts/MergeAnalysisObjects.C,other,411,2026-07-30,Analysis: fail-closed raw-input contract and associate-origin categories,ACTIVE-DORMANT,high,1,AnalysisScripts/MergeCanonicalAnalysis.C:2; REPOSITORY_FILE_CATALOG.md:28(doc); docs/audits/FULL_PRODUCTION_CHANGE_JUSTIFICATION_AUDIT_20260730.md:132(doc),,The merge macro. Immediate on first merge.,merge_root_files.sh:155; MergeCanonicalAnalysis.C:2 includes MergeAnalysisObjects.C.
AnalysisScripts/MergeCanonicalAnalysis.C,other,86,2026-07-30,Analysis: fail-closed raw-input contract and associate-origin categories,ACTIVE-DORMANT,high,3,AnalysisScripts/status_analysis_THnSparse_qq.C:126; merge_root_files.sh:155; tools/campaign.py:44; AnalysisScripts/Analysis_README.md:12(doc); REPOSITORY_FILE_CATALOG.md:27(doc); REPOSITORY_FILE_CATALOG.md:28(doc); REPOSITORY_FILE_CATALOG.md:29(doc); docs/audits/FULL_PRODUCTION_CHANGE_JUSTIFICATION_AUDIT_20260730.md:133(doc),AnalysisScripts/GeneratedPairRegistry.h; AnalysisScripts/MergeAnalysisObjects.C,The merge macro. Immediate on first merge.,merge_root_files.sh:155; MergeCanonicalAnalysis.C:2 includes MergeAnalysisObjects.C.
AnalysisScripts/bb_mult_pt_analysis_multi.C,other,885,2026-04-01,Corrected normalization logic,UNSURE,medium,1,AnalysisScripts/run_bb_analysis.sh:81; AnalysisScripts/Analysis_README.md:376(doc); REPOSITORY_FILE_CATALOG.md:30(doc); REPOSITORY_FILE_CATALOG.md:620(doc),SimulationScripts/bbbarcorrelations_status.cpp,"Nothing in the campaign pipeline. But the 213 tracked AnalyzedData/*.root files were produced by this chain, and README.txt:5 still calls hf_mult_pt_analysis_multi.C the 'preferred production'.",Closed internal cluster: run_*_analysis.sh -> *_mult_pt_analysis_multi.C; qq_draw_2D_correlations.C:4 -> status_analysis_qq.C. Zero edges into live code. Blocked on: are the tracked AnalyzedData/ ROOT files still needed as reference samples?
AnalysisScripts/cc_mult_pt_analysis_multi.C,other,857,2026-04-01,Corrected normalization logic,UNSURE,medium,1,AnalysisScripts/run_cc_analysis.sh:84; AnalysisScripts/Analysis_README.md:377(doc); REPOSITORY_FILE_CATALOG.md:31(doc); REPOSITORY_FILE_CATALOG.md:622(doc),,"Nothing in the campaign pipeline. But the 213 tracked AnalyzedData/*.root files were produced by this chain, and README.txt:5 still calls hf_mult_pt_analysis_multi.C the 'preferred production'.",Closed internal cluster: run_*_analysis.sh -> *_mult_pt_analysis_multi.C; qq_draw_2D_correlations.C:4 -> status_analysis_qq.C. Zero edges into live code. Blocked on: are the tracked AnalyzedData/ ROOT files still needed as reference samples?
AnalysisScripts/hf_mult_pt_analysis_multi.C,other,1155,2026-05-14,Add Close Packing HF tune pipeline,UNSURE,medium,1,AnalysisScripts/run_hf_analysis.sh:96; AnalysisScripts/Analysis_README.md:14(doc); AnalysisScripts/Analysis_README.md:375(doc); PUBLICATION_READY_CODING_AGENT_INSTRUCTIONS.md:1385(doc); README.txt:5(doc); REPOSITORY_FILE_CATALOG.md:32(doc),,"Nothing in the campaign pipeline. But the 213 tracked AnalyzedData/*.root files were produced by this chain, and README.txt:5 still calls hf_mult_pt_analysis_multi.C the 'preferred production'.",Closed internal cluster: run_*_analysis.sh -> *_mult_pt_analysis_multi.C; qq_draw_2D_correlations.C:4 -> status_analysis_qq.C. Zero edges into live code. Blocked on: are the tracked AnalyzedData/ ROOT files still needed as reference samples?
AnalysisScripts/qq_draw_2D_correlations.C,other,278,2026-05-13,Add QQ correlation inputs and plots,UNSURE,medium,0,REPOSITORY_FILE_CATALOG.md:33(doc); REPOSITORY_FILE_CATALOG.md:41(doc); REPOSITORY_FILE_CATALOG.md:122(doc); REPOSITORY_FILE_CATALOG.md:123(doc); REPOSITORY_FILE_CATALOG.md:124(doc); REPOSITORY_FILE_CATALOG.md:125(doc); REPOSITORY_FILE_CATALOG.md:126(doc); REPOSITORY_FILE_CATALOG.md:127(doc) (+6 more),AnalysisScripts/status_analysis_qq.C,"Nothing in the campaign pipeline. But the 213 tracked AnalyzedData/*.root files were produced by this chain, and README.txt:5 still calls hf_mult_pt_analysis_multi.C the 'preferred production'.",Closed internal cluster: run_*_analysis.sh -> *_mult_pt_analysis_multi.C; qq_draw_2D_correlations.C:4 -> status_analysis_qq.C. Zero edges into live code. Blocked on: are the tracked AnalyzedData/ ROOT files still needed as reference samples?
AnalysisScripts/run_bb_analysis.sh,shell,81,2026-04-29,Snapshot local working tree before split HF update,UNSURE,medium,0,REPOSITORY_FILE_CATALOG.md:30(doc); REPOSITORY_FILE_CATALOG.md:34(doc),AnalysisScripts/bb_mult_pt_analysis_multi.C; setupEnv.sh,"Nothing in the campaign pipeline. But the 213 tracked AnalyzedData/*.root files were produced by this chain, and README.txt:5 still calls hf_mult_pt_analysis_multi.C the 'preferred production'.",Closed internal cluster: run_*_analysis.sh -> *_mult_pt_analysis_multi.C; qq_draw_2D_correlations.C:4 -> status_analysis_qq.C. Zero edges into live code. Blocked on: are the tracked AnalyzedData/ ROOT files still needed as reference samples?
AnalysisScripts/run_cc_analysis.sh,shell,84,2026-04-29,Snapshot local working tree before split HF update,UNSURE,medium,0,REPOSITORY_FILE_CATALOG.md:31(doc); REPOSITORY_FILE_CATALOG.md:35(doc),AnalysisScripts/cc_mult_pt_analysis_multi.C; setupEnv.sh,"Nothing in the campaign pipeline. But the 213 tracked AnalyzedData/*.root files were produced by this chain, and README.txt:5 still calls hf_mult_pt_analysis_multi.C the 'preferred production'.",Closed internal cluster: run_*_analysis.sh -> *_mult_pt_analysis_multi.C; qq_draw_2D_correlations.C:4 -> status_analysis_qq.C. Zero edges into live code. Blocked on: are the tracked AnalyzedData/ ROOT files still needed as reference samples?
AnalysisScripts/run_hf_analysis.sh,shell,96,2026-05-14,Add Close Packing HF tune pipeline,UNSURE,medium,0,REPOSITORY_FILE_CATALOG.md:32(doc); REPOSITORY_FILE_CATALOG.md:36(doc),AnalysisScripts/hf_mult_pt_analysis_multi.C; setupEnv.sh,"Nothing in the campaign pipeline. But the 213 tracked AnalyzedData/*.root files were produced by this chain, and README.txt:5 still calls hf_mult_pt_analysis_multi.C the 'preferred production'.",Closed internal cluster: run_*_analysis.sh -> *_mult_pt_analysis_multi.C; qq_draw_2D_correlations.C:4 -> status_analysis_qq.C. Zero edges into live code. Blocked on: are the tracked AnalyzedData/ ROOT files still needed as reference samples?
AnalysisScripts/status_analysis_THnSparse_qq.C,other,1384,2026-07-31,Exclude review-blocked species from central results,ACTIVE,high,9,PlottingScripts/Plot_FlavourClosure.C:19; Validation/TestAnalysisRawInputContract.C:1; Validation/ValidatePairDirectory.C:392; run_status_analysis.sh:21; tests/test_analysis_boundary_binning.py:25; tests/test_analysis_raw_input_contract.py:19; tools/render_analysis_submit.py:176; tools/statistical_robustness.py:2460 (+28 more),AnalysisScripts/AssociateOriginCategoryContract.h; AnalysisScripts/GeneratedPairRegistry.h; AnalysisScripts/MergeCanonicalAnalysis.C; SimulationScripts/GeneratedHeavyFlavourRegistry.h; SimulationScripts/GeneratedTuneSettingRegistry.h; SimulationScripts/HeavyFlavourUtils.h,"run_status_analysis.sh:21,268. Immediate.",Central analysis; handoff key-file table.
AnalysisScripts/status_analysis_bb.C,other,558,2026-02-24,Updated strucutre and comments,UNSURE,medium,0,AnalysisScripts/Analysis_README.md:378(doc); REPOSITORY_FILE_CATALOG.md:39(doc); REPOSITORY_FILE_CATALOG.md:620(doc),SimulationScripts/bbbarcorrelations_status.cpp,"Nothing in the campaign pipeline. But the 213 tracked AnalyzedData/*.root files were produced by this chain, and README.txt:5 still calls hf_mult_pt_analysis_multi.C the 'preferred production'.",Closed internal cluster: run_*_analysis.sh -> *_mult_pt_analysis_multi.C; qq_draw_2D_correlations.C:4 -> status_analysis_qq.C. Zero edges into live code. Blocked on: are the tracked AnalyzedData/ ROOT files still needed as reference samples?
AnalysisScripts/status_analysis_cc.C,other,648,2026-02-24,Updated strucutre and comments,UNSURE,medium,0,AnalysisScripts/Analysis_README.md:378(doc); REPOSITORY_FILE_CATALOG.md:40(doc); REPOSITORY_FILE_CATALOG.md:132(doc); REPOSITORY_FILE_CATALOG.md:133(doc); REPOSITORY_FILE_CATALOG.md:622(doc); REPOSITORY_FILE_CATALOG.md:623(doc),SimulationScripts/ccbarcorrelations_status.cpp,"Nothing in the campaign pipeline. But the 213 tracked AnalyzedData/*.root files were produced by this chain, and README.txt:5 still calls hf_mult_pt_analysis_multi.C the 'preferred production'.",Closed internal cluster: run_*_analysis.sh -> *_mult_pt_analysis_multi.C; qq_draw_2D_correlations.C:4 -> status_analysis_qq.C. Zero edges into live code. Blocked on: are the tracked AnalyzedData/ ROOT files still needed as reference samples?
AnalysisScripts/status_analysis_qq.C,other,1140,2026-05-10,Added scripts to submit ROOT jobs on condor,UNSURE,medium,1,AnalysisScripts/qq_draw_2D_correlations.C:4; AnalysisScripts/Analysis_README.md:378(doc); REPOSITORY_FILE_CATALOG.md:41(doc),SimulationScripts/bbbarcorrelations_status.cpp,"Nothing in the campaign pipeline. But the 213 tracked AnalyzedData/*.root files were produced by this chain, and README.txt:5 still calls hf_mult_pt_analysis_multi.C the 'preferred production'.",Closed internal cluster: run_*_analysis.sh -> *_mult_pt_analysis_multi.C; qq_draw_2D_correlations.C:4 -> status_analysis_qq.C. Zero edges into live code. Blocked on: are the tracked AnalyzedData/ ROOT files still needed as reference samples?
AnalyzedData/08-04-2026_100M_Combined/Beauty/hf_JUNCTIONS_sub0.root,root-data,,2026-05-01,Update repository documentation and synced analysis outputs,UNSURE,medium,0,,,"Nothing in the campaign pipeline reads AnalyzedData/. But the PtMultiplicity and FinalAnalysis plotting macros take dated tags such as 12-01-2026 / 27-03-2026 (run_paper_plots.sh:155-156), which resolve here.","Tracked ROOT analysis output, ~25 MB, kept by an explicit .gitignore exception (.gitignore:11-13 '!AnalyzedData/**/*.root'). Produced by the UNSURE legacy analysis chain. Blocked on: are these still needed as reference samples, and should they live in git at all?"
AnalyzedData/08-04-2026_100M_Combined/Beauty/hf_JUNCTIONS_sub1.root,root-data,,2026-05-01,Update repository documentation and synced analysis outputs,UNSURE,medium,0,,,"Nothing in the campaign pipeline reads AnalyzedData/. But the PtMultiplicity and FinalAnalysis plotting macros take dated tags such as 12-01-2026 / 27-03-2026 (run_paper_plots.sh:155-156), which resolve here.","Tracked ROOT analysis output, ~25 MB, kept by an explicit .gitignore exception (.gitignore:11-13 '!AnalyzedData/**/*.root'). Produced by the UNSURE legacy analysis chain. Blocked on: are these still needed as reference samples, and should they live in git at all?"
AnalyzedData/08-04-2026_100M_Combined/Beauty/hf_JUNCTIONS_sub2.root,root-data,,2026-05-01,Update repository documentation and synced analysis outputs,UNSURE,medium,0,,,"Nothing in the campaign pipeline reads AnalyzedData/. But the PtMultiplicity and FinalAnalysis plotting macros take dated tags such as 12-01-2026 / 27-03-2026 (run_paper_plots.sh:155-156), which resolve here.","Tracked ROOT analysis output, ~25 MB, kept by an explicit .gitignore exception (.gitignore:11-13 '!AnalyzedData/**/*.root'). Produced by the UNSURE legacy analysis chain. Blocked on: are these still needed as reference samples, and should they live in git at all?"
AnalyzedData/08-04-2026_100M_Combined/Beauty/hf_JUNCTIONS_sub3.root,root-data,,2026-05-01,Update repository documentation and synced analysis outputs,UNSURE,medium,0,,,"Nothing in the campaign pipeline reads AnalyzedData/. But the PtMultiplicity and FinalAnalysis plotting macros take dated tags such as 12-01-2026 / 27-03-2026 (run_paper_plots.sh:155-156), which resolve here.","Tracked ROOT analysis output, ~25 MB, kept by an explicit .gitignore exception (.gitignore:11-13 '!AnalyzedData/**/*.root'). Produced by the UNSURE legacy analysis chain. Blocked on: are these still needed as reference samples, and should they live in git at all?"
AnalyzedData/08-04-2026_100M_Combined/Beauty/hf_JUNCTIONS_sub4.root,root-data,,2026-05-01,Update repository documentation and synced analysis outputs,UNSURE,medium,0,,,"Nothing in the campaign pipeline reads AnalyzedData/. But the PtMultiplicity and FinalAnalysis plotting macros take dated tags such as 12-01-2026 / 27-03-2026 (run_paper_plots.sh:155-156), which resolve here.","Tracked ROOT analysis output, ~25 MB, kept by an explicit .gitignore exception (.gitignore:11-13 '!AnalyzedData/**/*.root'). Produced by the UNSURE legacy analysis chain. Blocked on: are these still needed as reference samples, and should they live in git at all?"
AnalyzedData/08-04-2026_100M_Combined/Beauty/hf_JUNCTIONS_sub5.root,root-data,,2026-05-01,Update repository documentation and synced analysis outputs,UNSURE,medium,0,,,"Nothing in the campaign pipeline reads AnalyzedData/. But the PtMultiplicity and FinalAnalysis plotting macros take dated tags such as 12-01-2026 / 27-03-2026 (run_paper_plots.sh:155-156), which resolve here.","Tracked ROOT analysis output, ~25 MB, kept by an explicit .gitignore exception (.gitignore:11-13 '!AnalyzedData/**/*.root'). Produced by the UNSURE legacy analysis chain. Blocked on: are these still needed as reference samples, and should they live in git at all?"
AnalyzedData/08-04-2026_100M_Combined/Beauty/hf_JUNCTIONS_sub6.root,root-data,,2026-05-01,Update repository documentation and synced analysis outputs,UNSURE,medium,0,,,"Nothing in the campaign pipeline reads AnalyzedData/. But the PtMultiplicity and FinalAnalysis plotting macros take dated tags such as 12-01-2026 / 27-03-2026 (run_paper_plots.sh:155-156), which resolve here.","Tracked ROOT analysis output, ~25 MB, kept by an explicit .gitignore exception (.gitignore:11-13 '!AnalyzedData/**/*.root'). Produced by the UNSURE legacy analysis chain. Blocked on: are these still needed as reference samples, and should they live in git at all?"
AnalyzedData/08-04-2026_100M_Combined/Beauty/hf_JUNCTIONS_sub7.root,root-data,,2026-05-01,Update repository documentation and synced analysis outputs,UNSURE,medium,0,,,"Nothing in the campaign pipeline reads AnalyzedData/. But the PtMultiplicity and FinalAnalysis plotting macros take dated tags such as 12-01-2026 / 27-03-2026 (run_paper_plots.sh:155-156), which resolve here.","Tracked ROOT analysis output, ~25 MB, kept by an explicit .gitignore exception (.gitignore:11-13 '!AnalyzedData/**/*.root'). Produced by the UNSURE legacy analysis chain. Blocked on: are these still needed as reference samples, and should they live in git at all?"
AnalyzedData/08-04-2026_100M_Combined/Beauty/hf_JUNCTIONS_sub8.root,root-data,,2026-05-01,Update repository documentation and synced analysis outputs,UNSURE,medium,0,,,"Nothing in the campaign pipeline reads AnalyzedData/. But the PtMultiplicity and FinalAnalysis plotting macros take dated tags such as 12-01-2026 / 27-03-2026 (run_paper_plots.sh:155-156), which resolve here.","Tracked ROOT analysis output, ~25 MB, kept by an explicit .gitignore exception (.gitignore:11-13 '!AnalyzedData/**/*.root'). Produced by the UNSURE legacy analysis chain. Blocked on: are these still needed as reference samples, and should they live in git at all?"
AnalyzedData/08-04-2026_100M_Combined/Beauty/hf_JUNCTIONS_sub9.root,root-data,,2026-05-01,Update repository documentation and synced analysis outputs,UNSURE,medium,0,,,"Nothing in the campaign pipeline reads AnalyzedData/. But the PtMultiplicity and FinalAnalysis plotting macros take dated tags such as 12-01-2026 / 27-03-2026 (run_paper_plots.sh:155-156), which resolve here.","Tracked ROOT analysis output, ~25 MB, kept by an explicit .gitignore exception (.gitignore:11-13 '!AnalyzedData/**/*.root'). Produced by the UNSURE legacy analysis chain. Blocked on: are these still needed as reference samples, and should they live in git at all?"
AnalyzedData/08-04-2026_100M_Combined/Beauty/hf_MONASH_sub0.root,root-data,,2026-05-01,Update repository documentation and synced analysis outputs,UNSURE,medium,0,,,"Nothing in the campaign pipeline reads AnalyzedData/. But the PtMultiplicity and FinalAnalysis plotting macros take dated tags such as 12-01-2026 / 27-03-2026 (run_paper_plots.sh:155-156), which resolve here.","Tracked ROOT analysis output, ~25 MB, kept by an explicit .gitignore exception (.gitignore:11-13 '!AnalyzedData/**/*.root'). Produced by the UNSURE legacy analysis chain. Blocked on: are these still needed as reference samples, and should they live in git at all?"
AnalyzedData/08-04-2026_100M_Combined/Beauty/hf_MONASH_sub1.root,root-data,,2026-05-01,Update repository documentation and synced analysis outputs,UNSURE,medium,0,,,"Nothing in the campaign pipeline reads AnalyzedData/. But the PtMultiplicity and FinalAnalysis plotting macros take dated tags such as 12-01-2026 / 27-03-2026 (run_paper_plots.sh:155-156), which resolve here.","Tracked ROOT analysis output, ~25 MB, kept by an explicit .gitignore exception (.gitignore:11-13 '!AnalyzedData/**/*.root'). Produced by the UNSURE legacy analysis chain. Blocked on: are these still needed as reference samples, and should they live in git at all?"
AnalyzedData/08-04-2026_100M_Combined/Beauty/hf_MONASH_sub2.root,root-data,,2026-05-01,Update repository documentation and synced analysis outputs,UNSURE,medium,0,,,"Nothing in the campaign pipeline reads AnalyzedData/. But the PtMultiplicity and FinalAnalysis plotting macros take dated tags such as 12-01-2026 / 27-03-2026 (run_paper_plots.sh:155-156), which resolve here.","Tracked ROOT analysis output, ~25 MB, kept by an explicit .gitignore exception (.gitignore:11-13 '!AnalyzedData/**/*.root'). Produced by the UNSURE legacy analysis chain. Blocked on: are these still needed as reference samples, and should they live in git at all?"
AnalyzedData/08-04-2026_100M_Combined/Beauty/hf_MONASH_sub3.root,root-data,,2026-05-01,Update repository documentation and synced analysis outputs,UNSURE,medium,0,,,"Nothing in the campaign pipeline reads AnalyzedData/. But the PtMultiplicity and FinalAnalysis plotting macros take dated tags such as 12-01-2026 / 27-03-2026 (run_paper_plots.sh:155-156), which resolve here.","Tracked ROOT analysis output, ~25 MB, kept by an explicit .gitignore exception (.gitignore:11-13 '!AnalyzedData/**/*.root'). Produced by the UNSURE legacy analysis chain. Blocked on: are these still needed as reference samples, and should they live in git at all?"
AnalyzedData/08-04-2026_100M_Combined/Beauty/hf_MONASH_sub4.root,root-data,,2026-05-01,Update repository documentation and synced analysis outputs,UNSURE,medium,0,,,"Nothing in the campaign pipeline reads AnalyzedData/. But the PtMultiplicity and FinalAnalysis plotting macros take dated tags such as 12-01-2026 / 27-03-2026 (run_paper_plots.sh:155-156), which resolve here.","Tracked ROOT analysis output, ~25 MB, kept by an explicit .gitignore exception (.gitignore:11-13 '!AnalyzedData/**/*.root'). Produced by the UNSURE legacy analysis chain. Blocked on: are these still needed as reference samples, and should they live in git at all?"
AnalyzedData/08-04-2026_100M_Combined/Beauty/hf_MONASH_sub5.root,root-data,,2026-05-01,Update repository documentation and synced analysis outputs,UNSURE,medium,0,,,"Nothing in the campaign pipeline reads AnalyzedData/. But the PtMultiplicity and FinalAnalysis plotting macros take dated tags such as 12-01-2026 / 27-03-2026 (run_paper_plots.sh:155-156), which resolve here.","Tracked ROOT analysis output, ~25 MB, kept by an explicit .gitignore exception (.gitignore:11-13 '!AnalyzedData/**/*.root'). Produced by the UNSURE legacy analysis chain. Blocked on: are these still needed as reference samples, and should they live in git at all?"
AnalyzedData/08-04-2026_100M_Combined/Beauty/hf_MONASH_sub6.root,root-data,,2026-05-01,Update repository documentation and synced analysis outputs,UNSURE,medium,0,,,"Nothing in the campaign pipeline reads AnalyzedData/. But the PtMultiplicity and FinalAnalysis plotting macros take dated tags such as 12-01-2026 / 27-03-2026 (run_paper_plots.sh:155-156), which resolve here.","Tracked ROOT analysis output, ~25 MB, kept by an explicit .gitignore exception (.gitignore:11-13 '!AnalyzedData/**/*.root'). Produced by the UNSURE legacy analysis chain. Blocked on: are these still needed as reference samples, and should they live in git at all?"
AnalyzedData/08-04-2026_100M_Combined/Beauty/hf_MONASH_sub7.root,root-data,,2026-05-01,Update repository documentation and synced analysis outputs,UNSURE,medium,0,,,"Nothing in the campaign pipeline reads AnalyzedData/. But the PtMultiplicity and FinalAnalysis plotting macros take dated tags such as 12-01-2026 / 27-03-2026 (run_paper_plots.sh:155-156), which resolve here.","Tracked ROOT analysis output, ~25 MB, kept by an explicit .gitignore exception (.gitignore:11-13 '!AnalyzedData/**/*.root'). Produced by the UNSURE legacy analysis chain. Blocked on: are these still needed as reference samples, and should they live in git at all?"
AnalyzedData/08-04-2026_100M_Combined/Beauty/hf_MONASH_sub8.root,root-data,,2026-05-01,Update repository documentation and synced analysis outputs,UNSURE,medium,0,,,"Nothing in the campaign pipeline reads AnalyzedData/. But the PtMultiplicity and FinalAnalysis plotting macros take dated tags such as 12-01-2026 / 27-03-2026 (run_paper_plots.sh:155-156), which resolve here.","Tracked ROOT analysis output, ~25 MB, kept by an explicit .gitignore exception (.gitignore:11-13 '!AnalyzedData/**/*.root'). Produced by the UNSURE legacy analysis chain. Blocked on: are these still needed as reference samples, and should they live in git at all?"
AnalyzedData/08-04-2026_100M_Combined/Beauty/hf_MONASH_sub9.root,root-data,,2026-05-01,Update repository documentation and synced analysis outputs,UNSURE,medium,0,,,"Nothing in the campaign pipeline reads AnalyzedData/. But the PtMultiplicity and FinalAnalysis plotting macros take dated tags such as 12-01-2026 / 27-03-2026 (run_paper_plots.sh:155-156), which resolve here.","Tracked ROOT analysis output, ~25 MB, kept by an explicit .gitignore exception (.gitignore:11-13 '!AnalyzedData/**/*.root'). Produced by the UNSURE legacy analysis chain. Blocked on: are these still needed as reference samples, and should they live in git at all?"
AnalyzedData/08-04-2026_100M_Combined/Charm/hf_JUNCTIONS_sub0.root,root-data,,2026-05-01,Update repository documentation and synced analysis outputs,UNSURE,medium,0,,,"Nothing in the campaign pipeline reads AnalyzedData/. But the PtMultiplicity and FinalAnalysis plotting macros take dated tags such as 12-01-2026 / 27-03-2026 (run_paper_plots.sh:155-156), which resolve here.","Tracked ROOT analysis output, ~25 MB, kept by an explicit .gitignore exception (.gitignore:11-13 '!AnalyzedData/**/*.root'). Produced by the UNSURE legacy analysis chain. Blocked on: are these still needed as reference samples, and should they live in git at all?"
AnalyzedData/08-04-2026_100M_Combined/Charm/hf_JUNCTIONS_sub1.root,root-data,,2026-05-01,Update repository documentation and synced analysis outputs,UNSURE,medium,0,,,"Nothing in the campaign pipeline reads AnalyzedData/. But the PtMultiplicity and FinalAnalysis plotting macros take dated tags such as 12-01-2026 / 27-03-2026 (run_paper_plots.sh:155-156), which resolve here.","Tracked ROOT analysis output, ~25 MB, kept by an explicit .gitignore exception (.gitignore:11-13 '!AnalyzedData/**/*.root'). Produced by the UNSURE legacy analysis chain. Blocked on: are these still needed as reference samples, and should they live in git at all?"
AnalyzedData/08-04-2026_100M_Combined/Charm/hf_JUNCTIONS_sub2.root,root-data,,2026-05-01,Update repository documentation and synced analysis outputs,UNSURE,medium,0,,,"Nothing in the campaign pipeline reads AnalyzedData/. But the PtMultiplicity and FinalAnalysis plotting macros take dated tags such as 12-01-2026 / 27-03-2026 (run_paper_plots.sh:155-156), which resolve here.","Tracked ROOT analysis output, ~25 MB, kept by an explicit .gitignore exception (.gitignore:11-13 '!AnalyzedData/**/*.root'). Produced by the UNSURE legacy analysis chain. Blocked on: are these still needed as reference samples, and should they live in git at all?"
AnalyzedData/08-04-2026_100M_Combined/Charm/hf_JUNCTIONS_sub3.root,root-data,,2026-05-01,Update repository documentation and synced analysis outputs,UNSURE,medium,0,,,"Nothing in the campaign pipeline reads AnalyzedData/. But the PtMultiplicity and FinalAnalysis plotting macros take dated tags such as 12-01-2026 / 27-03-2026 (run_paper_plots.sh:155-156), which resolve here.","Tracked ROOT analysis output, ~25 MB, kept by an explicit .gitignore exception (.gitignore:11-13 '!AnalyzedData/**/*.root'). Produced by the UNSURE legacy analysis chain. Blocked on: are these still needed as reference samples, and should they live in git at all?"
AnalyzedData/08-04-2026_100M_Combined/Charm/hf_JUNCTIONS_sub4.root,root-data,,2026-05-01,Update repository documentation and synced analysis outputs,UNSURE,medium,0,,,"Nothing in the campaign pipeline reads AnalyzedData/. But the PtMultiplicity and FinalAnalysis plotting macros take dated tags such as 12-01-2026 / 27-03-2026 (run_paper_plots.sh:155-156), which resolve here.","Tracked ROOT analysis output, ~25 MB, kept by an explicit .gitignore exception (.gitignore:11-13 '!AnalyzedData/**/*.root'). Produced by the UNSURE legacy analysis chain. Blocked on: are these still needed as reference samples, and should they live in git at all?"
AnalyzedData/08-04-2026_100M_Combined/Charm/hf_JUNCTIONS_sub5.root,root-data,,2026-05-01,Update repository documentation and synced analysis outputs,UNSURE,medium,0,,,"Nothing in the campaign pipeline reads AnalyzedData/. But the PtMultiplicity and FinalAnalysis plotting macros take dated tags such as 12-01-2026 / 27-03-2026 (run_paper_plots.sh:155-156), which resolve here.","Tracked ROOT analysis output, ~25 MB, kept by an explicit .gitignore exception (.gitignore:11-13 '!AnalyzedData/**/*.root'). Produced by the UNSURE legacy analysis chain. Blocked on: are these still needed as reference samples, and should they live in git at all?"
AnalyzedData/08-04-2026_100M_Combined/Charm/hf_JUNCTIONS_sub6.root,root-data,,2026-05-01,Update repository documentation and synced analysis outputs,UNSURE,medium,0,,,"Nothing in the campaign pipeline reads AnalyzedData/. But the PtMultiplicity and FinalAnalysis plotting macros take dated tags such as 12-01-2026 / 27-03-2026 (run_paper_plots.sh:155-156), which resolve here.","Tracked ROOT analysis output, ~25 MB, kept by an explicit .gitignore exception (.gitignore:11-13 '!AnalyzedData/**/*.root'). Produced by the UNSURE legacy analysis chain. Blocked on: are these still needed as reference samples, and should they live in git at all?"
AnalyzedData/08-04-2026_100M_Combined/Charm/hf_JUNCTIONS_sub7.root,root-data,,2026-05-01,Update repository documentation and synced analysis outputs,UNSURE,medium,0,,,"Nothing in the campaign pipeline reads AnalyzedData/. But the PtMultiplicity and FinalAnalysis plotting macros take dated tags such as 12-01-2026 / 27-03-2026 (run_paper_plots.sh:155-156), which resolve here.","Tracked ROOT analysis output, ~25 MB, kept by an explicit .gitignore exception (.gitignore:11-13 '!AnalyzedData/**/*.root'). Produced by the UNSURE legacy analysis chain. Blocked on: are these still needed as reference samples, and should they live in git at all?"
AnalyzedData/08-04-2026_100M_Combined/Charm/hf_JUNCTIONS_sub8.root,root-data,,2026-05-01,Update repository documentation and synced analysis outputs,UNSURE,medium,0,,,"Nothing in the campaign pipeline reads AnalyzedData/. But the PtMultiplicity and FinalAnalysis plotting macros take dated tags such as 12-01-2026 / 27-03-2026 (run_paper_plots.sh:155-156), which resolve here.","Tracked ROOT analysis output, ~25 MB, kept by an explicit .gitignore exception (.gitignore:11-13 '!AnalyzedData/**/*.root'). Produced by the UNSURE legacy analysis chain. Blocked on: are these still needed as reference samples, and should they live in git at all?"
AnalyzedData/08-04-2026_100M_Combined/Charm/hf_JUNCTIONS_sub9.root,root-data,,2026-05-01,Update repository documentation and synced analysis outputs,UNSURE,medium,0,,,"Nothing in the campaign pipeline reads AnalyzedData/. But the PtMultiplicity and FinalAnalysis plotting macros take dated tags such as 12-01-2026 / 27-03-2026 (run_paper_plots.sh:155-156), which resolve here.","Tracked ROOT analysis output, ~25 MB, kept by an explicit .gitignore exception (.gitignore:11-13 '!AnalyzedData/**/*.root'). Produced by the UNSURE legacy analysis chain. Blocked on: are these still needed as reference samples, and should they live in git at all?"
AnalyzedData/08-04-2026_100M_Combined/Charm/hf_MONASH_sub0.root,root-data,,2026-05-01,Update repository documentation and synced analysis outputs,UNSURE,medium,0,,,"Nothing in the campaign pipeline reads AnalyzedData/. But the PtMultiplicity and FinalAnalysis plotting macros take dated tags such as 12-01-2026 / 27-03-2026 (run_paper_plots.sh:155-156), which resolve here.","Tracked ROOT analysis output, ~25 MB, kept by an explicit .gitignore exception (.gitignore:11-13 '!AnalyzedData/**/*.root'). Produced by the UNSURE legacy analysis chain. Blocked on: are these still needed as reference samples, and should they live in git at all?"
AnalyzedData/08-04-2026_100M_Combined/Charm/hf_MONASH_sub1.root,root-data,,2026-05-01,Update repository documentation and synced analysis outputs,UNSURE,medium,0,,,"Nothing in the campaign pipeline reads AnalyzedData/. But the PtMultiplicity and FinalAnalysis plotting macros take dated tags such as 12-01-2026 / 27-03-2026 (run_paper_plots.sh:155-156), which resolve here.","Tracked ROOT analysis output, ~25 MB, kept by an explicit .gitignore exception (.gitignore:11-13 '!AnalyzedData/**/*.root'). Produced by the UNSURE legacy analysis chain. Blocked on: are these still needed as reference samples, and should they live in git at all?"
AnalyzedData/08-04-2026_100M_Combined/Charm/hf_MONASH_sub2.root,root-data,,2026-05-01,Update repository documentation and synced analysis outputs,UNSURE,medium,0,,,"Nothing in the campaign pipeline reads AnalyzedData/. But the PtMultiplicity and FinalAnalysis plotting macros take dated tags such as 12-01-2026 / 27-03-2026 (run_paper_plots.sh:155-156), which resolve here.","Tracked ROOT analysis output, ~25 MB, kept by an explicit .gitignore exception (.gitignore:11-13 '!AnalyzedData/**/*.root'). Produced by the UNSURE legacy analysis chain. Blocked on: are these still needed as reference samples, and should they live in git at all?"
AnalyzedData/08-04-2026_100M_Combined/Charm/hf_MONASH_sub3.root,root-data,,2026-05-01,Update repository documentation and synced analysis outputs,UNSURE,medium,0,,,"Nothing in the campaign pipeline reads AnalyzedData/. But the PtMultiplicity and FinalAnalysis plotting macros take dated tags such as 12-01-2026 / 27-03-2026 (run_paper_plots.sh:155-156), which resolve here.","Tracked ROOT analysis output, ~25 MB, kept by an explicit .gitignore exception (.gitignore:11-13 '!AnalyzedData/**/*.root'). Produced by the UNSURE legacy analysis chain. Blocked on: are these still needed as reference samples, and should they live in git at all?"
AnalyzedData/08-04-2026_100M_Combined/Charm/hf_MONASH_sub4.root,root-data,,2026-05-01,Update repository documentation and synced analysis outputs,UNSURE,medium,0,,,"Nothing in the campaign pipeline reads AnalyzedData/. But the PtMultiplicity and FinalAnalysis plotting macros take dated tags such as 12-01-2026 / 27-03-2026 (run_paper_plots.sh:155-156), which resolve here.","Tracked ROOT analysis output, ~25 MB, kept by an explicit .gitignore exception (.gitignore:11-13 '!AnalyzedData/**/*.root'). Produced by the UNSURE legacy analysis chain. Blocked on: are these still needed as reference samples, and should they live in git at all?"
AnalyzedData/08-04-2026_100M_Combined/Charm/hf_MONASH_sub5.root,root-data,,2026-05-01,Update repository documentation and synced analysis outputs,UNSURE,medium,0,,,"Nothing in the campaign pipeline reads AnalyzedData/. But the PtMultiplicity and FinalAnalysis plotting macros take dated tags such as 12-01-2026 / 27-03-2026 (run_paper_plots.sh:155-156), which resolve here.","Tracked ROOT analysis output, ~25 MB, kept by an explicit .gitignore exception (.gitignore:11-13 '!AnalyzedData/**/*.root'). Produced by the UNSURE legacy analysis chain. Blocked on: are these still needed as reference samples, and should they live in git at all?"
AnalyzedData/08-04-2026_100M_Combined/Charm/hf_MONASH_sub6.root,root-data,,2026-05-01,Update repository documentation and synced analysis outputs,UNSURE,medium,0,,,"Nothing in the campaign pipeline reads AnalyzedData/. But the PtMultiplicity and FinalAnalysis plotting macros take dated tags such as 12-01-2026 / 27-03-2026 (run_paper_plots.sh:155-156), which resolve here.","Tracked ROOT analysis output, ~25 MB, kept by an explicit .gitignore exception (.gitignore:11-13 '!AnalyzedData/**/*.root'). Produced by the UNSURE legacy analysis chain. Blocked on: are these still needed as reference samples, and should they live in git at all?"
AnalyzedData/08-04-2026_100M_Combined/Charm/hf_MONASH_sub7.root,root-data,,2026-05-01,Update repository documentation and synced analysis outputs,UNSURE,medium,0,,,"Nothing in the campaign pipeline reads AnalyzedData/. But the PtMultiplicity and FinalAnalysis plotting macros take dated tags such as 12-01-2026 / 27-03-2026 (run_paper_plots.sh:155-156), which resolve here.","Tracked ROOT analysis output, ~25 MB, kept by an explicit .gitignore exception (.gitignore:11-13 '!AnalyzedData/**/*.root'). Produced by the UNSURE legacy analysis chain. Blocked on: are these still needed as reference samples, and should they live in git at all?"
AnalyzedData/08-04-2026_100M_Combined/Charm/hf_MONASH_sub8.root,root-data,,2026-05-01,Update repository documentation and synced analysis outputs,UNSURE,medium,0,,,"Nothing in the campaign pipeline reads AnalyzedData/. But the PtMultiplicity and FinalAnalysis plotting macros take dated tags such as 12-01-2026 / 27-03-2026 (run_paper_plots.sh:155-156), which resolve here.","Tracked ROOT analysis output, ~25 MB, kept by an explicit .gitignore exception (.gitignore:11-13 '!AnalyzedData/**/*.root'). Produced by the UNSURE legacy analysis chain. Blocked on: are these still needed as reference samples, and should they live in git at all?"
AnalyzedData/08-04-2026_100M_Combined/Charm/hf_MONASH_sub9.root,root-data,,2026-05-01,Update repository documentation and synced analysis outputs,UNSURE,medium,0,,,"Nothing in the campaign pipeline reads AnalyzedData/. But the PtMultiplicity and FinalAnalysis plotting macros take dated tags such as 12-01-2026 / 27-03-2026 (run_paper_plots.sh:155-156), which resolve here.","Tracked ROOT analysis output, ~25 MB, kept by an explicit .gitignore exception (.gitignore:11-13 '!AnalyzedData/**/*.root'). Produced by the UNSURE legacy analysis chain. Blocked on: are these still needed as reference samples, and should they live in git at all?"
AnalyzedData/08-04-2026_100M_Separate/Beauty/hf_JUNCTIONS_sub0.root,root-data,,2026-05-01,Update repository documentation and synced analysis outputs,UNSURE,medium,0,,,"Nothing in the campaign pipeline reads AnalyzedData/. But the PtMultiplicity and FinalAnalysis plotting macros take dated tags such as 12-01-2026 / 27-03-2026 (run_paper_plots.sh:155-156), which resolve here.","Tracked ROOT analysis output, ~25 MB, kept by an explicit .gitignore exception (.gitignore:11-13 '!AnalyzedData/**/*.root'). Produced by the UNSURE legacy analysis chain. Blocked on: are these still needed as reference samples, and should they live in git at all?"
AnalyzedData/08-04-2026_100M_Separate/Beauty/hf_JUNCTIONS_sub1.root,root-data,,2026-05-01,Update repository documentation and synced analysis outputs,UNSURE,medium,0,,,"Nothing in the campaign pipeline reads AnalyzedData/. But the PtMultiplicity and FinalAnalysis plotting macros take dated tags such as 12-01-2026 / 27-03-2026 (run_paper_plots.sh:155-156), which resolve here.","Tracked ROOT analysis output, ~25 MB, kept by an explicit .gitignore exception (.gitignore:11-13 '!AnalyzedData/**/*.root'). Produced by the UNSURE legacy analysis chain. Blocked on: are these still needed as reference samples, and should they live in git at all?"
AnalyzedData/08-04-2026_100M_Separate/Beauty/hf_JUNCTIONS_sub2.root,root-data,,2026-05-01,Update repository documentation and synced analysis outputs,UNSURE,medium,0,,,"Nothing in the campaign pipeline reads AnalyzedData/. But the PtMultiplicity and FinalAnalysis plotting macros take dated tags such as 12-01-2026 / 27-03-2026 (run_paper_plots.sh:155-156), which resolve here.","Tracked ROOT analysis output, ~25 MB, kept by an explicit .gitignore exception (.gitignore:11-13 '!AnalyzedData/**/*.root'). Produced by the UNSURE legacy analysis chain. Blocked on: are these still needed as reference samples, and should they live in git at all?"
AnalyzedData/08-04-2026_100M_Separate/Beauty/hf_JUNCTIONS_sub3.root,root-data,,2026-05-01,Update repository documentation and synced analysis outputs,UNSURE,medium,0,,,"Nothing in the campaign pipeline reads AnalyzedData/. But the PtMultiplicity and FinalAnalysis plotting macros take dated tags such as 12-01-2026 / 27-03-2026 (run_paper_plots.sh:155-156), which resolve here.","Tracked ROOT analysis output, ~25 MB, kept by an explicit .gitignore exception (.gitignore:11-13 '!AnalyzedData/**/*.root'). Produced by the UNSURE legacy analysis chain. Blocked on: are these still needed as reference samples, and should they live in git at all?"
AnalyzedData/08-04-2026_100M_Separate/Beauty/hf_JUNCTIONS_sub4.root,root-data,,2026-05-01,Update repository documentation and synced analysis outputs,UNSURE,medium,0,,,"Nothing in the campaign pipeline reads AnalyzedData/. But the PtMultiplicity and FinalAnalysis plotting macros take dated tags such as 12-01-2026 / 27-03-2026 (run_paper_plots.sh:155-156), which resolve here.","Tracked ROOT analysis output, ~25 MB, kept by an explicit .gitignore exception (.gitignore:11-13 '!AnalyzedData/**/*.root'). Produced by the UNSURE legacy analysis chain. Blocked on: are these still needed as reference samples, and should they live in git at all?"
AnalyzedData/08-04-2026_100M_Separate/Beauty/hf_JUNCTIONS_sub5.root,root-data,,2026-05-01,Update repository documentation and synced analysis outputs,UNSURE,medium,0,,,"Nothing in the campaign pipeline reads AnalyzedData/. But the PtMultiplicity and FinalAnalysis plotting macros take dated tags such as 12-01-2026 / 27-03-2026 (run_paper_plots.sh:155-156), which resolve here.","Tracked ROOT analysis output, ~25 MB, kept by an explicit .gitignore exception (.gitignore:11-13 '!AnalyzedData/**/*.root'). Produced by the UNSURE legacy analysis chain. Blocked on: are these still needed as reference samples, and should they live in git at all?"
AnalyzedData/08-04-2026_100M_Separate/Beauty/hf_JUNCTIONS_sub6.root,root-data,,2026-05-01,Update repository documentation and synced analysis outputs,UNSURE,medium,0,,,"Nothing in the campaign pipeline reads AnalyzedData/. But the PtMultiplicity and FinalAnalysis plotting macros take dated tags such as 12-01-2026 / 27-03-2026 (run_paper_plots.sh:155-156), which resolve here.","Tracked ROOT analysis output, ~25 MB, kept by an explicit .gitignore exception (.gitignore:11-13 '!AnalyzedData/**/*.root'). Produced by the UNSURE legacy analysis chain. Blocked on: are these still needed as reference samples, and should they live in git at all?"
AnalyzedData/08-04-2026_100M_Separate/Beauty/hf_JUNCTIONS_sub7.root,root-data,,2026-05-01,Update repository documentation and synced analysis outputs,UNSURE,medium,0,,,"Nothing in the campaign pipeline reads AnalyzedData/. But the PtMultiplicity and FinalAnalysis plotting macros take dated tags such as 12-01-2026 / 27-03-2026 (run_paper_plots.sh:155-156), which resolve here.","Tracked ROOT analysis output, ~25 MB, kept by an explicit .gitignore exception (.gitignore:11-13 '!AnalyzedData/**/*.root'). Produced by the UNSURE legacy analysis chain. Blocked on: are these still needed as reference samples, and should they live in git at all?"
AnalyzedData/08-04-2026_100M_Separate/Beauty/hf_JUNCTIONS_sub8.root,root-data,,2026-05-01,Update repository documentation and synced analysis outputs,UNSURE,medium,0,,,"Nothing in the campaign pipeline reads AnalyzedData/. But the PtMultiplicity and FinalAnalysis plotting macros take dated tags such as 12-01-2026 / 27-03-2026 (run_paper_plots.sh:155-156), which resolve here.","Tracked ROOT analysis output, ~25 MB, kept by an explicit .gitignore exception (.gitignore:11-13 '!AnalyzedData/**/*.root'). Produced by the UNSURE legacy analysis chain. Blocked on: are these still needed as reference samples, and should they live in git at all?"
AnalyzedData/08-04-2026_100M_Separate/Beauty/hf_JUNCTIONS_sub9.root,root-data,,2026-05-01,Update repository documentation and synced analysis outputs,UNSURE,medium,0,,,"Nothing in the campaign pipeline reads AnalyzedData/. But the PtMultiplicity and FinalAnalysis plotting macros take dated tags such as 12-01-2026 / 27-03-2026 (run_paper_plots.sh:155-156), which resolve here.","Tracked ROOT analysis output, ~25 MB, kept by an explicit .gitignore exception (.gitignore:11-13 '!AnalyzedData/**/*.root'). Produced by the UNSURE legacy analysis chain. Blocked on: are these still needed as reference samples, and should they live in git at all?"
AnalyzedData/08-04-2026_100M_Separate/Beauty/hf_MONASH_sub0.root,root-data,,2026-05-01,Update repository documentation and synced analysis outputs,UNSURE,medium,0,,,"Nothing in the campaign pipeline reads AnalyzedData/. But the PtMultiplicity and FinalAnalysis plotting macros take dated tags such as 12-01-2026 / 27-03-2026 (run_paper_plots.sh:155-156), which resolve here.","Tracked ROOT analysis output, ~25 MB, kept by an explicit .gitignore exception (.gitignore:11-13 '!AnalyzedData/**/*.root'). Produced by the UNSURE legacy analysis chain. Blocked on: are these still needed as reference samples, and should they live in git at all?"
AnalyzedData/08-04-2026_100M_Separate/Beauty/hf_MONASH_sub1.root,root-data,,2026-05-01,Update repository documentation and synced analysis outputs,UNSURE,medium,0,,,"Nothing in the campaign pipeline reads AnalyzedData/. But the PtMultiplicity and FinalAnalysis plotting macros take dated tags such as 12-01-2026 / 27-03-2026 (run_paper_plots.sh:155-156), which resolve here.","Tracked ROOT analysis output, ~25 MB, kept by an explicit .gitignore exception (.gitignore:11-13 '!AnalyzedData/**/*.root'). Produced by the UNSURE legacy analysis chain. Blocked on: are these still needed as reference samples, and should they live in git at all?"
AnalyzedData/08-04-2026_100M_Separate/Beauty/hf_MONASH_sub2.root,root-data,,2026-05-01,Update repository documentation and synced analysis outputs,UNSURE,medium,0,,,"Nothing in the campaign pipeline reads AnalyzedData/. But the PtMultiplicity and FinalAnalysis plotting macros take dated tags such as 12-01-2026 / 27-03-2026 (run_paper_plots.sh:155-156), which resolve here.","Tracked ROOT analysis output, ~25 MB, kept by an explicit .gitignore exception (.gitignore:11-13 '!AnalyzedData/**/*.root'). Produced by the UNSURE legacy analysis chain. Blocked on: are these still needed as reference samples, and should they live in git at all?"
AnalyzedData/08-04-2026_100M_Separate/Beauty/hf_MONASH_sub3.root,root-data,,2026-05-01,Update repository documentation and synced analysis outputs,UNSURE,medium,0,,,"Nothing in the campaign pipeline reads AnalyzedData/. But the PtMultiplicity and FinalAnalysis plotting macros take dated tags such as 12-01-2026 / 27-03-2026 (run_paper_plots.sh:155-156), which resolve here.","Tracked ROOT analysis output, ~25 MB, kept by an explicit .gitignore exception (.gitignore:11-13 '!AnalyzedData/**/*.root'). Produced by the UNSURE legacy analysis chain. Blocked on: are these still needed as reference samples, and should they live in git at all?"
AnalyzedData/08-04-2026_100M_Separate/Beauty/hf_MONASH_sub4.root,root-data,,2026-05-01,Update repository documentation and synced analysis outputs,UNSURE,medium,0,,,"Nothing in the campaign pipeline reads AnalyzedData/. But the PtMultiplicity and FinalAnalysis plotting macros take dated tags such as 12-01-2026 / 27-03-2026 (run_paper_plots.sh:155-156), which resolve here.","Tracked ROOT analysis output, ~25 MB, kept by an explicit .gitignore exception (.gitignore:11-13 '!AnalyzedData/**/*.root'). Produced by the UNSURE legacy analysis chain. Blocked on: are these still needed as reference samples, and should they live in git at all?"
AnalyzedData/08-04-2026_100M_Separate/Beauty/hf_MONASH_sub5.root,root-data,,2026-05-01,Update repository documentation and synced analysis outputs,UNSURE,medium,0,,,"Nothing in the campaign pipeline reads AnalyzedData/. But the PtMultiplicity and FinalAnalysis plotting macros take dated tags such as 12-01-2026 / 27-03-2026 (run_paper_plots.sh:155-156), which resolve here.","Tracked ROOT analysis output, ~25 MB, kept by an explicit .gitignore exception (.gitignore:11-13 '!AnalyzedData/**/*.root'). Produced by the UNSURE legacy analysis chain. Blocked on: are these still needed as reference samples, and should they live in git at all?"
AnalyzedData/08-04-2026_100M_Separate/Beauty/hf_MONASH_sub6.root,root-data,,2026-05-01,Update repository documentation and synced analysis outputs,UNSURE,medium,0,,,"Nothing in the campaign pipeline reads AnalyzedData/. But the PtMultiplicity and FinalAnalysis plotting macros take dated tags such as 12-01-2026 / 27-03-2026 (run_paper_plots.sh:155-156), which resolve here.","Tracked ROOT analysis output, ~25 MB, kept by an explicit .gitignore exception (.gitignore:11-13 '!AnalyzedData/**/*.root'). Produced by the UNSURE legacy analysis chain. Blocked on: are these still needed as reference samples, and should they live in git at all?"
AnalyzedData/08-04-2026_100M_Separate/Beauty/hf_MONASH_sub7.root,root-data,,2026-05-01,Update repository documentation and synced analysis outputs,UNSURE,medium,0,,,"Nothing in the campaign pipeline reads AnalyzedData/. But the PtMultiplicity and FinalAnalysis plotting macros take dated tags such as 12-01-2026 / 27-03-2026 (run_paper_plots.sh:155-156), which resolve here.","Tracked ROOT analysis output, ~25 MB, kept by an explicit .gitignore exception (.gitignore:11-13 '!AnalyzedData/**/*.root'). Produced by the UNSURE legacy analysis chain. Blocked on: are these still needed as reference samples, and should they live in git at all?"
AnalyzedData/08-04-2026_100M_Separate/Beauty/hf_MONASH_sub8.root,root-data,,2026-05-01,Update repository documentation and synced analysis outputs,UNSURE,medium,0,,,"Nothing in the campaign pipeline reads AnalyzedData/. But the PtMultiplicity and FinalAnalysis plotting macros take dated tags such as 12-01-2026 / 27-03-2026 (run_paper_plots.sh:155-156), which resolve here.","Tracked ROOT analysis output, ~25 MB, kept by an explicit .gitignore exception (.gitignore:11-13 '!AnalyzedData/**/*.root'). Produced by the UNSURE legacy analysis chain. Blocked on: are these still needed as reference samples, and should they live in git at all?"
AnalyzedData/08-04-2026_100M_Separate/Beauty/hf_MONASH_sub9.root,root-data,,2026-05-01,Update repository documentation and synced analysis outputs,UNSURE,medium,0,,,"Nothing in the campaign pipeline reads AnalyzedData/. But the PtMultiplicity and FinalAnalysis plotting macros take dated tags such as 12-01-2026 / 27-03-2026 (run_paper_plots.sh:155-156), which resolve here.","Tracked ROOT analysis output, ~25 MB, kept by an explicit .gitignore exception (.gitignore:11-13 '!AnalyzedData/**/*.root'). Produced by the UNSURE legacy analysis chain. Blocked on: are these still needed as reference samples, and should they live in git at all?"
AnalyzedData/08-04-2026_100M_Separate/Charm/hf_JUNCTIONS_sub0.root,root-data,,2026-05-01,Update repository documentation and synced analysis outputs,UNSURE,medium,0,,,"Nothing in the campaign pipeline reads AnalyzedData/. But the PtMultiplicity and FinalAnalysis plotting macros take dated tags such as 12-01-2026 / 27-03-2026 (run_paper_plots.sh:155-156), which resolve here.","Tracked ROOT analysis output, ~25 MB, kept by an explicit .gitignore exception (.gitignore:11-13 '!AnalyzedData/**/*.root'). Produced by the UNSURE legacy analysis chain. Blocked on: are these still needed as reference samples, and should they live in git at all?"
AnalyzedData/08-04-2026_100M_Separate/Charm/hf_JUNCTIONS_sub1.root,root-data,,2026-05-01,Update repository documentation and synced analysis outputs,UNSURE,medium,0,,,"Nothing in the campaign pipeline reads AnalyzedData/. But the PtMultiplicity and FinalAnalysis plotting macros take dated tags such as 12-01-2026 / 27-03-2026 (run_paper_plots.sh:155-156), which resolve here.","Tracked ROOT analysis output, ~25 MB, kept by an explicit .gitignore exception (.gitignore:11-13 '!AnalyzedData/**/*.root'). Produced by the UNSURE legacy analysis chain. Blocked on: are these still needed as reference samples, and should they live in git at all?"
AnalyzedData/08-04-2026_100M_Separate/Charm/hf_JUNCTIONS_sub2.root,root-data,,2026-05-01,Update repository documentation and synced analysis outputs,UNSURE,medium,0,,,"Nothing in the campaign pipeline reads AnalyzedData/. But the PtMultiplicity and FinalAnalysis plotting macros take dated tags such as 12-01-2026 / 27-03-2026 (run_paper_plots.sh:155-156), which resolve here.","Tracked ROOT analysis output, ~25 MB, kept by an explicit .gitignore exception (.gitignore:11-13 '!AnalyzedData/**/*.root'). Produced by the UNSURE legacy analysis chain. Blocked on: are these still needed as reference samples, and should they live in git at all?"
AnalyzedData/08-04-2026_100M_Separate/Charm/hf_JUNCTIONS_sub3.root,root-data,,2026-05-01,Update repository documentation and synced analysis outputs,UNSURE,medium,0,,,"Nothing in the campaign pipeline reads AnalyzedData/. But the PtMultiplicity and FinalAnalysis plotting macros take dated tags such as 12-01-2026 / 27-03-2026 (run_paper_plots.sh:155-156), which resolve here.","Tracked ROOT analysis output, ~25 MB, kept by an explicit .gitignore exception (.gitignore:11-13 '!AnalyzedData/**/*.root'). Produced by the UNSURE legacy analysis chain. Blocked on: are these still needed as reference samples, and should they live in git at all?"
AnalyzedData/08-04-2026_100M_Separate/Charm/hf_JUNCTIONS_sub4.root,root-data,,2026-05-01,Update repository documentation and synced analysis outputs,UNSURE,medium,0,,,"Nothing in the campaign pipeline reads AnalyzedData/. But the PtMultiplicity and FinalAnalysis plotting macros take dated tags such as 12-01-2026 / 27-03-2026 (run_paper_plots.sh:155-156), which resolve here.","Tracked ROOT analysis output, ~25 MB, kept by an explicit .gitignore exception (.gitignore:11-13 '!AnalyzedData/**/*.root'). Produced by the UNSURE legacy analysis chain. Blocked on: are these still needed as reference samples, and should they live in git at all?"
AnalyzedData/08-04-2026_100M_Separate/Charm/hf_JUNCTIONS_sub5.root,root-data,,2026-05-01,Update repository documentation and synced analysis outputs,UNSURE,medium,0,,,"Nothing in the campaign pipeline reads AnalyzedData/. But the PtMultiplicity and FinalAnalysis plotting macros take dated tags such as 12-01-2026 / 27-03-2026 (run_paper_plots.sh:155-156), which resolve here.","Tracked ROOT analysis output, ~25 MB, kept by an explicit .gitignore exception (.gitignore:11-13 '!AnalyzedData/**/*.root'). Produced by the UNSURE legacy analysis chain. Blocked on: are these still needed as reference samples, and should they live in git at all?"
AnalyzedData/08-04-2026_100M_Separate/Charm/hf_JUNCTIONS_sub6.root,root-data,,2026-05-01,Update repository documentation and synced analysis outputs,UNSURE,medium,0,,,"Nothing in the campaign pipeline reads AnalyzedData/. But the PtMultiplicity and FinalAnalysis plotting macros take dated tags such as 12-01-2026 / 27-03-2026 (run_paper_plots.sh:155-156), which resolve here.","Tracked ROOT analysis output, ~25 MB, kept by an explicit .gitignore exception (.gitignore:11-13 '!AnalyzedData/**/*.root'). Produced by the UNSURE legacy analysis chain. Blocked on: are these still needed as reference samples, and should they live in git at all?"
AnalyzedData/08-04-2026_100M_Separate/Charm/hf_JUNCTIONS_sub7.root,root-data,,2026-05-01,Update repository documentation and synced analysis outputs,UNSURE,medium,0,,,"Nothing in the campaign pipeline reads AnalyzedData/. But the PtMultiplicity and FinalAnalysis plotting macros take dated tags such as 12-01-2026 / 27-03-2026 (run_paper_plots.sh:155-156), which resolve here.","Tracked ROOT analysis output, ~25 MB, kept by an explicit .gitignore exception (.gitignore:11-13 '!AnalyzedData/**/*.root'). Produced by the UNSURE legacy analysis chain. Blocked on: are these still needed as reference samples, and should they live in git at all?"
AnalyzedData/08-04-2026_100M_Separate/Charm/hf_JUNCTIONS_sub8.root,root-data,,2026-05-01,Update repository documentation and synced analysis outputs,UNSURE,medium,0,,,"Nothing in the campaign pipeline reads AnalyzedData/. But the PtMultiplicity and FinalAnalysis plotting macros take dated tags such as 12-01-2026 / 27-03-2026 (run_paper_plots.sh:155-156), which resolve here.","Tracked ROOT analysis output, ~25 MB, kept by an explicit .gitignore exception (.gitignore:11-13 '!AnalyzedData/**/*.root'). Produced by the UNSURE legacy analysis chain. Blocked on: are these still needed as reference samples, and should they live in git at all?"
AnalyzedData/08-04-2026_100M_Separate/Charm/hf_JUNCTIONS_sub9.root,root-data,,2026-05-01,Update repository documentation and synced analysis outputs,UNSURE,medium,0,,,"Nothing in the campaign pipeline reads AnalyzedData/. But the PtMultiplicity and FinalAnalysis plotting macros take dated tags such as 12-01-2026 / 27-03-2026 (run_paper_plots.sh:155-156), which resolve here.","Tracked ROOT analysis output, ~25 MB, kept by an explicit .gitignore exception (.gitignore:11-13 '!AnalyzedData/**/*.root'). Produced by the UNSURE legacy analysis chain. Blocked on: are these still needed as reference samples, and should they live in git at all?"
AnalyzedData/08-04-2026_100M_Separate/Charm/hf_MONASH_sub0.root,root-data,,2026-05-01,Update repository documentation and synced analysis outputs,UNSURE,medium,0,,,"Nothing in the campaign pipeline reads AnalyzedData/. But the PtMultiplicity and FinalAnalysis plotting macros take dated tags such as 12-01-2026 / 27-03-2026 (run_paper_plots.sh:155-156), which resolve here.","Tracked ROOT analysis output, ~25 MB, kept by an explicit .gitignore exception (.gitignore:11-13 '!AnalyzedData/**/*.root'). Produced by the UNSURE legacy analysis chain. Blocked on: are these still needed as reference samples, and should they live in git at all?"
AnalyzedData/08-04-2026_100M_Separate/Charm/hf_MONASH_sub1.root,root-data,,2026-05-01,Update repository documentation and synced analysis outputs,UNSURE,medium,0,,,"Nothing in the campaign pipeline reads AnalyzedData/. But the PtMultiplicity and FinalAnalysis plotting macros take dated tags such as 12-01-2026 / 27-03-2026 (run_paper_plots.sh:155-156), which resolve here.","Tracked ROOT analysis output, ~25 MB, kept by an explicit .gitignore exception (.gitignore:11-13 '!AnalyzedData/**/*.root'). Produced by the UNSURE legacy analysis chain. Blocked on: are these still needed as reference samples, and should they live in git at all?"
AnalyzedData/08-04-2026_100M_Separate/Charm/hf_MONASH_sub2.root,root-data,,2026-05-01,Update repository documentation and synced analysis outputs,UNSURE,medium,0,,,"Nothing in the campaign pipeline reads AnalyzedData/. But the PtMultiplicity and FinalAnalysis plotting macros take dated tags such as 12-01-2026 / 27-03-2026 (run_paper_plots.sh:155-156), which resolve here.","Tracked ROOT analysis output, ~25 MB, kept by an explicit .gitignore exception (.gitignore:11-13 '!AnalyzedData/**/*.root'). Produced by the UNSURE legacy analysis chain. Blocked on: are these still needed as reference samples, and should they live in git at all?"
AnalyzedData/08-04-2026_100M_Separate/Charm/hf_MONASH_sub3.root,root-data,,2026-05-01,Update repository documentation and synced analysis outputs,UNSURE,medium,0,,,"Nothing in the campaign pipeline reads AnalyzedData/. But the PtMultiplicity and FinalAnalysis plotting macros take dated tags such as 12-01-2026 / 27-03-2026 (run_paper_plots.sh:155-156), which resolve here.","Tracked ROOT analysis output, ~25 MB, kept by an explicit .gitignore exception (.gitignore:11-13 '!AnalyzedData/**/*.root'). Produced by the UNSURE legacy analysis chain. Blocked on: are these still needed as reference samples, and should they live in git at all?"
AnalyzedData/08-04-2026_100M_Separate/Charm/hf_MONASH_sub4.root,root-data,,2026-05-01,Update repository documentation and synced analysis outputs,UNSURE,medium,0,,,"Nothing in the campaign pipeline reads AnalyzedData/. But the PtMultiplicity and FinalAnalysis plotting macros take dated tags such as 12-01-2026 / 27-03-2026 (run_paper_plots.sh:155-156), which resolve here.","Tracked ROOT analysis output, ~25 MB, kept by an explicit .gitignore exception (.gitignore:11-13 '!AnalyzedData/**/*.root'). Produced by the UNSURE legacy analysis chain. Blocked on: are these still needed as reference samples, and should they live in git at all?"
AnalyzedData/08-04-2026_100M_Separate/Charm/hf_MONASH_sub5.root,root-data,,2026-05-01,Update repository documentation and synced analysis outputs,UNSURE,medium,0,,,"Nothing in the campaign pipeline reads AnalyzedData/. But the PtMultiplicity and FinalAnalysis plotting macros take dated tags such as 12-01-2026 / 27-03-2026 (run_paper_plots.sh:155-156), which resolve here.","Tracked ROOT analysis output, ~25 MB, kept by an explicit .gitignore exception (.gitignore:11-13 '!AnalyzedData/**/*.root'). Produced by the UNSURE legacy analysis chain. Blocked on: are these still needed as reference samples, and should they live in git at all?"
AnalyzedData/08-04-2026_100M_Separate/Charm/hf_MONASH_sub6.root,root-data,,2026-05-01,Update repository documentation and synced analysis outputs,UNSURE,medium,0,,,"Nothing in the campaign pipeline reads AnalyzedData/. But the PtMultiplicity and FinalAnalysis plotting macros take dated tags such as 12-01-2026 / 27-03-2026 (run_paper_plots.sh:155-156), which resolve here.","Tracked ROOT analysis output, ~25 MB, kept by an explicit .gitignore exception (.gitignore:11-13 '!AnalyzedData/**/*.root'). Produced by the UNSURE legacy analysis chain. Blocked on: are these still needed as reference samples, and should they live in git at all?"
AnalyzedData/08-04-2026_100M_Separate/Charm/hf_MONASH_sub7.root,root-data,,2026-05-01,Update repository documentation and synced analysis outputs,UNSURE,medium,0,,,"Nothing in the campaign pipeline reads AnalyzedData/. But the PtMultiplicity and FinalAnalysis plotting macros take dated tags such as 12-01-2026 / 27-03-2026 (run_paper_plots.sh:155-156), which resolve here.","Tracked ROOT analysis output, ~25 MB, kept by an explicit .gitignore exception (.gitignore:11-13 '!AnalyzedData/**/*.root'). Produced by the UNSURE legacy analysis chain. Blocked on: are these still needed as reference samples, and should they live in git at all?"
AnalyzedData/08-04-2026_100M_Separate/Charm/hf_MONASH_sub8.root,root-data,,2026-05-01,Update repository documentation and synced analysis outputs,UNSURE,medium,0,,,"Nothing in the campaign pipeline reads AnalyzedData/. But the PtMultiplicity and FinalAnalysis plotting macros take dated tags such as 12-01-2026 / 27-03-2026 (run_paper_plots.sh:155-156), which resolve here.","Tracked ROOT analysis output, ~25 MB, kept by an explicit .gitignore exception (.gitignore:11-13 '!AnalyzedData/**/*.root'). Produced by the UNSURE legacy analysis chain. Blocked on: are these still needed as reference samples, and should they live in git at all?"
AnalyzedData/08-04-2026_100M_Separate/Charm/hf_MONASH_sub9.root,root-data,,2026-05-01,Update repository documentation and synced analysis outputs,UNSURE,medium,0,,,"Nothing in the campaign pipeline reads AnalyzedData/. But the PtMultiplicity and FinalAnalysis plotting macros take dated tags such as 12-01-2026 / 27-03-2026 (run_paper_plots.sh:155-156), which resolve here.","Tracked ROOT analysis output, ~25 MB, kept by an explicit .gitignore exception (.gitignore:11-13 '!AnalyzedData/**/*.root'). Produced by the UNSURE legacy analysis chain. Blocked on: are these still needed as reference samples, and should they live in git at all?"
AnalyzedData/10-05-2026/QQ/BplusBminus.root,root-data,,2026-05-13,Add QQ correlation inputs and plots,UNSURE,medium,0,,,"Nothing in the campaign pipeline reads AnalyzedData/. But the PtMultiplicity and FinalAnalysis plotting macros take dated tags such as 12-01-2026 / 27-03-2026 (run_paper_plots.sh:155-156), which resolve here.","Tracked ROOT analysis output, ~25 MB, kept by an explicit .gitignore exception (.gitignore:11-13 '!AnalyzedData/**/*.root'). Produced by the UNSURE legacy analysis chain. Blocked on: are these still needed as reference samples, and should they live in git at all?"
AnalyzedData/10-05-2026/QQ/BplusBplus.root,root-data,,2026-05-13,Add QQ correlation inputs and plots,UNSURE,medium,0,,,"Nothing in the campaign pipeline reads AnalyzedData/. But the PtMultiplicity and FinalAnalysis plotting macros take dated tags such as 12-01-2026 / 27-03-2026 (run_paper_plots.sh:155-156), which resolve here.","Tracked ROOT analysis output, ~25 MB, kept by an explicit .gitignore exception (.gitignore:11-13 '!AnalyzedData/**/*.root'). Produced by the UNSURE legacy analysis chain. Blocked on: are these still needed as reference samples, and should they live in git at all?"
AnalyzedData/10-05-2026/QQ/BplusLb.root,root-data,,2026-05-13,Add QQ correlation inputs and plots,UNSURE,medium,0,,,"Nothing in the campaign pipeline reads AnalyzedData/. But the PtMultiplicity and FinalAnalysis plotting macros take dated tags such as 12-01-2026 / 27-03-2026 (run_paper_plots.sh:155-156), which resolve here.","Tracked ROOT analysis output, ~25 MB, kept by an explicit .gitignore exception (.gitignore:11-13 '!AnalyzedData/**/*.root'). Produced by the UNSURE legacy analysis chain. Blocked on: are these still needed as reference samples, and should they live in git at all?"
AnalyzedData/10-05-2026/QQ/BplusLbbar.root,root-data,,2026-05-13,Add QQ correlation inputs and plots,UNSURE,medium,0,,,"Nothing in the campaign pipeline reads AnalyzedData/. But the PtMultiplicity and FinalAnalysis plotting macros take dated tags such as 12-01-2026 / 27-03-2026 (run_paper_plots.sh:155-156), which resolve here.","Tracked ROOT analysis output, ~25 MB, kept by an explicit .gitignore exception (.gitignore:11-13 '!AnalyzedData/**/*.root'). Produced by the UNSURE legacy analysis chain. Blocked on: are these still needed as reference samples, and should they live in git at all?"
AnalyzedData/10-05-2026/QQ/BplusSigmabzero.root,root-data,,2026-05-13,Add QQ correlation inputs and plots,UNSURE,medium,0,,,"Nothing in the campaign pipeline reads AnalyzedData/. But the PtMultiplicity and FinalAnalysis plotting macros take dated tags such as 12-01-2026 / 27-03-2026 (run_paper_plots.sh:155-156), which resolve here.","Tracked ROOT analysis output, ~25 MB, kept by an explicit .gitignore exception (.gitignore:11-13 '!AnalyzedData/**/*.root'). Produced by the UNSURE legacy analysis chain. Blocked on: are these still needed as reference samples, and should they live in git at all?"
AnalyzedData/10-05-2026/QQ/BplusSigmabzerobar.root,root-data,,2026-05-13,Add QQ correlation inputs and plots,UNSURE,medium,0,,,"Nothing in the campaign pipeline reads AnalyzedData/. But the PtMultiplicity and FinalAnalysis plotting macros take dated tags such as 12-01-2026 / 27-03-2026 (run_paper_plots.sh:155-156), which resolve here.","Tracked ROOT analysis output, ~25 MB, kept by an explicit .gitignore exception (.gitignore:11-13 '!AnalyzedData/**/*.root'). Produced by the UNSURE legacy analysis chain. Blocked on: are these still needed as reference samples, and should they live in git at all?"
AnalyzedData/10-05-2026/QQ/DplusDminus.root,root-data,,2026-05-13,Add QQ correlation inputs and plots,UNSURE,medium,0,,,"Nothing in the campaign pipeline reads AnalyzedData/. But the PtMultiplicity and FinalAnalysis plotting macros take dated tags such as 12-01-2026 / 27-03-2026 (run_paper_plots.sh:155-156), which resolve here.","Tracked ROOT analysis output, ~25 MB, kept by an explicit .gitignore exception (.gitignore:11-13 '!AnalyzedData/**/*.root'). Produced by the UNSURE legacy analysis chain. Blocked on: are these still needed as reference samples, and should they live in git at all?"
AnalyzedData/10-05-2026/QQ/DplusDplus.root,root-data,,2026-05-13,Add QQ correlation inputs and plots,UNSURE,medium,0,,,"Nothing in the campaign pipeline reads AnalyzedData/. But the PtMultiplicity and FinalAnalysis plotting macros take dated tags such as 12-01-2026 / 27-03-2026 (run_paper_plots.sh:155-156), which resolve here.","Tracked ROOT analysis output, ~25 MB, kept by an explicit .gitignore exception (.gitignore:11-13 '!AnalyzedData/**/*.root'). Produced by the UNSURE legacy analysis chain. Blocked on: are these still needed as reference samples, and should they live in git at all?"
AnalyzedData/10-05-2026/QQ/DplusLambdacplus.root,root-data,,2026-05-13,Add QQ correlation inputs and plots,UNSURE,medium,0,,,"Nothing in the campaign pipeline reads AnalyzedData/. But the PtMultiplicity and FinalAnalysis plotting macros take dated tags such as 12-01-2026 / 27-03-2026 (run_paper_plots.sh:155-156), which resolve here.","Tracked ROOT analysis output, ~25 MB, kept by an explicit .gitignore exception (.gitignore:11-13 '!AnalyzedData/**/*.root'). Produced by the UNSURE legacy analysis chain. Blocked on: are these still needed as reference samples, and should they live in git at all?"
AnalyzedData/10-05-2026/QQ/DplusLambdacplusbar.root,root-data,,2026-05-13,Add QQ correlation inputs and plots,UNSURE,medium,0,,,"Nothing in the campaign pipeline reads AnalyzedData/. But the PtMultiplicity and FinalAnalysis plotting macros take dated tags such as 12-01-2026 / 27-03-2026 (run_paper_plots.sh:155-156), which resolve here.","Tracked ROOT analysis output, ~25 MB, kept by an explicit .gitignore exception (.gitignore:11-13 '!AnalyzedData/**/*.root'). Produced by the UNSURE legacy analysis chain. Blocked on: are these still needed as reference samples, and should they live in git at all?"
AnalyzedData/10-05-2026/QQ/DplusSigmacplus.root,root-data,,2026-05-13,Add QQ correlation inputs and plots,UNSURE,medium,0,,,"Nothing in the campaign pipeline reads AnalyzedData/. But the PtMultiplicity and FinalAnalysis plotting macros take dated tags such as 12-01-2026 / 27-03-2026 (run_paper_plots.sh:155-156), which resolve here.","Tracked ROOT analysis output, ~25 MB, kept by an explicit .gitignore exception (.gitignore:11-13 '!AnalyzedData/**/*.root'). Produced by the UNSURE legacy analysis chain. Blocked on: are these still needed as reference samples, and should they live in git at all?"
AnalyzedData/10-05-2026/QQ/DplusSigmacplusbar.root,root-data,,2026-05-13,Add QQ correlation inputs and plots,UNSURE,medium,0,,,"Nothing in the campaign pipeline reads AnalyzedData/. But the PtMultiplicity and FinalAnalysis plotting macros take dated tags such as 12-01-2026 / 27-03-2026 (run_paper_plots.sh:155-156), which resolve here.","Tracked ROOT analysis output, ~25 MB, kept by an explicit .gitignore exception (.gitignore:11-13 '!AnalyzedData/**/*.root'). Produced by the UNSURE legacy analysis chain. Blocked on: are these still needed as reference samples, and should they live in git at all?"
AnalyzedData/10-05-2026/QQ/complete_root_10_05_2026_zipped.zip,archive,,2026-05-13,Add QQ correlation inputs and plots,UNSURE,medium,0,,,"Nothing in the campaign pipeline reads AnalyzedData/. But the PtMultiplicity and FinalAnalysis plotting macros take dated tags such as 12-01-2026 / 27-03-2026 (run_paper_plots.sh:155-156), which resolve here.","Tracked ROOT analysis output, ~25 MB, kept by an explicit .gitignore exception (.gitignore:11-13 '!AnalyzedData/**/*.root'). Produced by the UNSURE legacy analysis chain. Blocked on: are these still needed as reference samples, and should they live in git at all?"
AnalyzedData/10-09-2025/Beauty/bbbar_JUNCTIONS_sub0.root,root-data,,2026-03-28,Add all analyzed data,UNSURE,medium,0,,,"Nothing in the campaign pipeline reads AnalyzedData/. But the PtMultiplicity and FinalAnalysis plotting macros take dated tags such as 12-01-2026 / 27-03-2026 (run_paper_plots.sh:155-156), which resolve here.","Tracked ROOT analysis output, ~25 MB, kept by an explicit .gitignore exception (.gitignore:11-13 '!AnalyzedData/**/*.root'). Produced by the UNSURE legacy analysis chain. Blocked on: are these still needed as reference samples, and should they live in git at all?"
AnalyzedData/10-09-2025/Beauty/bbbar_JUNCTIONS_sub1.root,root-data,,2026-03-28,Add all analyzed data,UNSURE,medium,0,,,"Nothing in the campaign pipeline reads AnalyzedData/. But the PtMultiplicity and FinalAnalysis plotting macros take dated tags such as 12-01-2026 / 27-03-2026 (run_paper_plots.sh:155-156), which resolve here.","Tracked ROOT analysis output, ~25 MB, kept by an explicit .gitignore exception (.gitignore:11-13 '!AnalyzedData/**/*.root'). Produced by the UNSURE legacy analysis chain. Blocked on: are these still needed as reference samples, and should they live in git at all?"
AnalyzedData/10-09-2025/Beauty/bbbar_JUNCTIONS_sub2.root,root-data,,2026-03-28,Add all analyzed data,UNSURE,medium,0,,,"Nothing in the campaign pipeline reads AnalyzedData/. But the PtMultiplicity and FinalAnalysis plotting macros take dated tags such as 12-01-2026 / 27-03-2026 (run_paper_plots.sh:155-156), which resolve here.","Tracked ROOT analysis output, ~25 MB, kept by an explicit .gitignore exception (.gitignore:11-13 '!AnalyzedData/**/*.root'). Produced by the UNSURE legacy analysis chain. Blocked on: are these still needed as reference samples, and should they live in git at all?"
AnalyzedData/10-09-2025/Beauty/bbbar_JUNCTIONS_sub3.root,root-data,,2026-03-28,Add all analyzed data,UNSURE,medium,0,,,"Nothing in the campaign pipeline reads AnalyzedData/. But the PtMultiplicity and FinalAnalysis plotting macros take dated tags such as 12-01-2026 / 27-03-2026 (run_paper_plots.sh:155-156), which resolve here.","Tracked ROOT analysis output, ~25 MB, kept by an explicit .gitignore exception (.gitignore:11-13 '!AnalyzedData/**/*.root'). Produced by the UNSURE legacy analysis chain. Blocked on: are these still needed as reference samples, and should they live in git at all?"
AnalyzedData/10-09-2025/Beauty/bbbar_JUNCTIONS_sub4.root,root-data,,2026-03-28,Add all analyzed data,UNSURE,medium,0,,,"Nothing in the campaign pipeline reads AnalyzedData/. But the PtMultiplicity and FinalAnalysis plotting macros take dated tags such as 12-01-2026 / 27-03-2026 (run_paper_plots.sh:155-156), which resolve here.","Tracked ROOT analysis output, ~25 MB, kept by an explicit .gitignore exception (.gitignore:11-13 '!AnalyzedData/**/*.root'). Produced by the UNSURE legacy analysis chain. Blocked on: are these still needed as reference samples, and should they live in git at all?"
AnalyzedData/10-09-2025/Beauty/bbbar_JUNCTIONS_sub5.root,root-data,,2026-03-28,Add all analyzed data,UNSURE,medium,0,,,"Nothing in the campaign pipeline reads AnalyzedData/. But the PtMultiplicity and FinalAnalysis plotting macros take dated tags such as 12-01-2026 / 27-03-2026 (run_paper_plots.sh:155-156), which resolve here.","Tracked ROOT analysis output, ~25 MB, kept by an explicit .gitignore exception (.gitignore:11-13 '!AnalyzedData/**/*.root'). Produced by the UNSURE legacy analysis chain. Blocked on: are these still needed as reference samples, and should they live in git at all?"
AnalyzedData/10-09-2025/Beauty/bbbar_JUNCTIONS_sub6.root,root-data,,2026-03-28,Add all analyzed data,UNSURE,medium,0,,,"Nothing in the campaign pipeline reads AnalyzedData/. But the PtMultiplicity and FinalAnalysis plotting macros take dated tags such as 12-01-2026 / 27-03-2026 (run_paper_plots.sh:155-156), which resolve here.","Tracked ROOT analysis output, ~25 MB, kept by an explicit .gitignore exception (.gitignore:11-13 '!AnalyzedData/**/*.root'). Produced by the UNSURE legacy analysis chain. Blocked on: are these still needed as reference samples, and should they live in git at all?"
AnalyzedData/10-09-2025/Beauty/bbbar_JUNCTIONS_sub7.root,root-data,,2026-03-28,Add all analyzed data,UNSURE,medium,0,,,"Nothing in the campaign pipeline reads AnalyzedData/. But the PtMultiplicity and FinalAnalysis plotting macros take dated tags such as 12-01-2026 / 27-03-2026 (run_paper_plots.sh:155-156), which resolve here.","Tracked ROOT analysis output, ~25 MB, kept by an explicit .gitignore exception (.gitignore:11-13 '!AnalyzedData/**/*.root'). Produced by the UNSURE legacy analysis chain. Blocked on: are these still needed as reference samples, and should they live in git at all?"
AnalyzedData/10-09-2025/Beauty/bbbar_JUNCTIONS_sub8.root,root-data,,2026-03-28,Add all analyzed data,UNSURE,medium,0,,,"Nothing in the campaign pipeline reads AnalyzedData/. But the PtMultiplicity and FinalAnalysis plotting macros take dated tags such as 12-01-2026 / 27-03-2026 (run_paper_plots.sh:155-156), which resolve here.","Tracked ROOT analysis output, ~25 MB, kept by an explicit .gitignore exception (.gitignore:11-13 '!AnalyzedData/**/*.root'). Produced by the UNSURE legacy analysis chain. Blocked on: are these still needed as reference samples, and should they live in git at all?"
AnalyzedData/10-09-2025/Beauty/bbbar_JUNCTIONS_sub9.root,root-data,,2026-03-28,Add all analyzed data,UNSURE,medium,0,,,"Nothing in the campaign pipeline reads AnalyzedData/. But the PtMultiplicity and FinalAnalysis plotting macros take dated tags such as 12-01-2026 / 27-03-2026 (run_paper_plots.sh:155-156), which resolve here.","Tracked ROOT analysis output, ~25 MB, kept by an explicit .gitignore exception (.gitignore:11-13 '!AnalyzedData/**/*.root'). Produced by the UNSURE legacy analysis chain. Blocked on: are these still needed as reference samples, and should they live in git at all?"
AnalyzedData/10-09-2025/Beauty/bbbar_MONASH_sub0.root,root-data,,2026-03-28,Add all analyzed data,UNSURE,medium,0,,,"Nothing in the campaign pipeline reads AnalyzedData/. But the PtMultiplicity and FinalAnalysis plotting macros take dated tags such as 12-01-2026 / 27-03-2026 (run_paper_plots.sh:155-156), which resolve here.","Tracked ROOT analysis output, ~25 MB, kept by an explicit .gitignore exception (.gitignore:11-13 '!AnalyzedData/**/*.root'). Produced by the UNSURE legacy analysis chain. Blocked on: are these still needed as reference samples, and should they live in git at all?"
AnalyzedData/10-09-2025/Beauty/bbbar_MONASH_sub1.root,root-data,,2026-03-28,Add all analyzed data,UNSURE,medium,0,,,"Nothing in the campaign pipeline reads AnalyzedData/. But the PtMultiplicity and FinalAnalysis plotting macros take dated tags such as 12-01-2026 / 27-03-2026 (run_paper_plots.sh:155-156), which resolve here.","Tracked ROOT analysis output, ~25 MB, kept by an explicit .gitignore exception (.gitignore:11-13 '!AnalyzedData/**/*.root'). Produced by the UNSURE legacy analysis chain. Blocked on: are these still needed as reference samples, and should they live in git at all?"
AnalyzedData/10-09-2025/Beauty/bbbar_MONASH_sub2.root,root-data,,2026-03-28,Add all analyzed data,UNSURE,medium,0,,,"Nothing in the campaign pipeline reads AnalyzedData/. But the PtMultiplicity and FinalAnalysis plotting macros take dated tags such as 12-01-2026 / 27-03-2026 (run_paper_plots.sh:155-156), which resolve here.","Tracked ROOT analysis output, ~25 MB, kept by an explicit .gitignore exception (.gitignore:11-13 '!AnalyzedData/**/*.root'). Produced by the UNSURE legacy analysis chain. Blocked on: are these still needed as reference samples, and should they live in git at all?"
AnalyzedData/10-09-2025/Beauty/bbbar_MONASH_sub3.root,root-data,,2026-03-28,Add all analyzed data,UNSURE,medium,0,,,"Nothing in the campaign pipeline reads AnalyzedData/. But the PtMultiplicity and FinalAnalysis plotting macros take dated tags such as 12-01-2026 / 27-03-2026 (run_paper_plots.sh:155-156), which resolve here.","Tracked ROOT analysis output, ~25 MB, kept by an explicit .gitignore exception (.gitignore:11-13 '!AnalyzedData/**/*.root'). Produced by the UNSURE legacy analysis chain. Blocked on: are these still needed as reference samples, and should they live in git at all?"
AnalyzedData/10-09-2025/Beauty/bbbar_MONASH_sub4.root,root-data,,2026-03-28,Add all analyzed data,UNSURE,medium,0,,,"Nothing in the campaign pipeline reads AnalyzedData/. But the PtMultiplicity and FinalAnalysis plotting macros take dated tags such as 12-01-2026 / 27-03-2026 (run_paper_plots.sh:155-156), which resolve here.","Tracked ROOT analysis output, ~25 MB, kept by an explicit .gitignore exception (.gitignore:11-13 '!AnalyzedData/**/*.root'). Produced by the UNSURE legacy analysis chain. Blocked on: are these still needed as reference samples, and should they live in git at all?"
AnalyzedData/10-09-2025/Beauty/bbbar_MONASH_sub5.root,root-data,,2026-03-28,Add all analyzed data,UNSURE,medium,0,,,"Nothing in the campaign pipeline reads AnalyzedData/. But the PtMultiplicity and FinalAnalysis plotting macros take dated tags such as 12-01-2026 / 27-03-2026 (run_paper_plots.sh:155-156), which resolve here.","Tracked ROOT analysis output, ~25 MB, kept by an explicit .gitignore exception (.gitignore:11-13 '!AnalyzedData/**/*.root'). Produced by the UNSURE legacy analysis chain. Blocked on: are these still needed as reference samples, and should they live in git at all?"
AnalyzedData/10-09-2025/Beauty/bbbar_MONASH_sub6.root,root-data,,2026-03-28,Add all analyzed data,UNSURE,medium,0,,,"Nothing in the campaign pipeline reads AnalyzedData/. But the PtMultiplicity and FinalAnalysis plotting macros take dated tags such as 12-01-2026 / 27-03-2026 (run_paper_plots.sh:155-156), which resolve here.","Tracked ROOT analysis output, ~25 MB, kept by an explicit .gitignore exception (.gitignore:11-13 '!AnalyzedData/**/*.root'). Produced by the UNSURE legacy analysis chain. Blocked on: are these still needed as reference samples, and should they live in git at all?"
AnalyzedData/10-09-2025/Beauty/bbbar_MONASH_sub7.root,root-data,,2026-03-28,Add all analyzed data,UNSURE,medium,0,,,"Nothing in the campaign pipeline reads AnalyzedData/. But the PtMultiplicity and FinalAnalysis plotting macros take dated tags such as 12-01-2026 / 27-03-2026 (run_paper_plots.sh:155-156), which resolve here.","Tracked ROOT analysis output, ~25 MB, kept by an explicit .gitignore exception (.gitignore:11-13 '!AnalyzedData/**/*.root'). Produced by the UNSURE legacy analysis chain. Blocked on: are these still needed as reference samples, and should they live in git at all?"
AnalyzedData/10-09-2025/Beauty/bbbar_MONASH_sub8.root,root-data,,2026-03-28,Add all analyzed data,UNSURE,medium,0,,,"Nothing in the campaign pipeline reads AnalyzedData/. But the PtMultiplicity and FinalAnalysis plotting macros take dated tags such as 12-01-2026 / 27-03-2026 (run_paper_plots.sh:155-156), which resolve here.","Tracked ROOT analysis output, ~25 MB, kept by an explicit .gitignore exception (.gitignore:11-13 '!AnalyzedData/**/*.root'). Produced by the UNSURE legacy analysis chain. Blocked on: are these still needed as reference samples, and should they live in git at all?"
AnalyzedData/10-09-2025/Beauty/bbbar_MONASH_sub9.root,root-data,,2026-03-28,Add all analyzed data,UNSURE,medium,0,,,"Nothing in the campaign pipeline reads AnalyzedData/. But the PtMultiplicity and FinalAnalysis plotting macros take dated tags such as 12-01-2026 / 27-03-2026 (run_paper_plots.sh:155-156), which resolve here.","Tracked ROOT analysis output, ~25 MB, kept by an explicit .gitignore exception (.gitignore:11-13 '!AnalyzedData/**/*.root'). Produced by the UNSURE legacy analysis chain. Blocked on: are these still needed as reference samples, and should they live in git at all?"
AnalyzedData/10-09-2025/Charm/ccbar_JUNCTIONS_sub0.root,root-data,,2026-03-28,Add all analyzed data,UNSURE,medium,0,,,"Nothing in the campaign pipeline reads AnalyzedData/. But the PtMultiplicity and FinalAnalysis plotting macros take dated tags such as 12-01-2026 / 27-03-2026 (run_paper_plots.sh:155-156), which resolve here.","Tracked ROOT analysis output, ~25 MB, kept by an explicit .gitignore exception (.gitignore:11-13 '!AnalyzedData/**/*.root'). Produced by the UNSURE legacy analysis chain. Blocked on: are these still needed as reference samples, and should they live in git at all?"
AnalyzedData/10-09-2025/Charm/ccbar_JUNCTIONS_sub1.root,root-data,,2026-03-28,Add all analyzed data,UNSURE,medium,0,,,"Nothing in the campaign pipeline reads AnalyzedData/. But the PtMultiplicity and FinalAnalysis plotting macros take dated tags such as 12-01-2026 / 27-03-2026 (run_paper_plots.sh:155-156), which resolve here.","Tracked ROOT analysis output, ~25 MB, kept by an explicit .gitignore exception (.gitignore:11-13 '!AnalyzedData/**/*.root'). Produced by the UNSURE legacy analysis chain. Blocked on: are these still needed as reference samples, and should they live in git at all?"
AnalyzedData/10-09-2025/Charm/ccbar_JUNCTIONS_sub2.root,root-data,,2026-03-28,Add all analyzed data,UNSURE,medium,0,,,"Nothing in the campaign pipeline reads AnalyzedData/. But the PtMultiplicity and FinalAnalysis plotting macros take dated tags such as 12-01-2026 / 27-03-2026 (run_paper_plots.sh:155-156), which resolve here.","Tracked ROOT analysis output, ~25 MB, kept by an explicit .gitignore exception (.gitignore:11-13 '!AnalyzedData/**/*.root'). Produced by the UNSURE legacy analysis chain. Blocked on: are these still needed as reference samples, and should they live in git at all?"
AnalyzedData/10-09-2025/Charm/ccbar_JUNCTIONS_sub3.root,root-data,,2026-03-28,Add all analyzed data,UNSURE,medium,0,,,"Nothing in the campaign pipeline reads AnalyzedData/. But the PtMultiplicity and FinalAnalysis plotting macros take dated tags such as 12-01-2026 / 27-03-2026 (run_paper_plots.sh:155-156), which resolve here.","Tracked ROOT analysis output, ~25 MB, kept by an explicit .gitignore exception (.gitignore:11-13 '!AnalyzedData/**/*.root'). Produced by the UNSURE legacy analysis chain. Blocked on: are these still needed as reference samples, and should they live in git at all?"
AnalyzedData/10-09-2025/Charm/ccbar_JUNCTIONS_sub4.root,root-data,,2026-03-28,Add all analyzed data,UNSURE,medium,0,,,"Nothing in the campaign pipeline reads AnalyzedData/. But the PtMultiplicity and FinalAnalysis plotting macros take dated tags such as 12-01-2026 / 27-03-2026 (run_paper_plots.sh:155-156), which resolve here.","Tracked ROOT analysis output, ~25 MB, kept by an explicit .gitignore exception (.gitignore:11-13 '!AnalyzedData/**/*.root'). Produced by the UNSURE legacy analysis chain. Blocked on: are these still needed as reference samples, and should they live in git at all?"
AnalyzedData/10-09-2025/Charm/ccbar_JUNCTIONS_sub5.root,root-data,,2026-03-28,Add all analyzed data,UNSURE,medium,0,,,"Nothing in the campaign pipeline reads AnalyzedData/. But the PtMultiplicity and FinalAnalysis plotting macros take dated tags such as 12-01-2026 / 27-03-2026 (run_paper_plots.sh:155-156), which resolve here.","Tracked ROOT analysis output, ~25 MB, kept by an explicit .gitignore exception (.gitignore:11-13 '!AnalyzedData/**/*.root'). Produced by the UNSURE legacy analysis chain. Blocked on: are these still needed as reference samples, and should they live in git at all?"
AnalyzedData/10-09-2025/Charm/ccbar_JUNCTIONS_sub6.root,root-data,,2026-03-28,Add all analyzed data,UNSURE,medium,0,,,"Nothing in the campaign pipeline reads AnalyzedData/. But the PtMultiplicity and FinalAnalysis plotting macros take dated tags such as 12-01-2026 / 27-03-2026 (run_paper_plots.sh:155-156), which resolve here.","Tracked ROOT analysis output, ~25 MB, kept by an explicit .gitignore exception (.gitignore:11-13 '!AnalyzedData/**/*.root'). Produced by the UNSURE legacy analysis chain. Blocked on: are these still needed as reference samples, and should they live in git at all?"
AnalyzedData/10-09-2025/Charm/ccbar_JUNCTIONS_sub7.root,root-data,,2026-03-28,Add all analyzed data,UNSURE,medium,0,,,"Nothing in the campaign pipeline reads AnalyzedData/. But the PtMultiplicity and FinalAnalysis plotting macros take dated tags such as 12-01-2026 / 27-03-2026 (run_paper_plots.sh:155-156), which resolve here.","Tracked ROOT analysis output, ~25 MB, kept by an explicit .gitignore exception (.gitignore:11-13 '!AnalyzedData/**/*.root'). Produced by the UNSURE legacy analysis chain. Blocked on: are these still needed as reference samples, and should they live in git at all?"
AnalyzedData/10-09-2025/Charm/ccbar_JUNCTIONS_sub8.root,root-data,,2026-03-28,Add all analyzed data,UNSURE,medium,0,,,"Nothing in the campaign pipeline reads AnalyzedData/. But the PtMultiplicity and FinalAnalysis plotting macros take dated tags such as 12-01-2026 / 27-03-2026 (run_paper_plots.sh:155-156), which resolve here.","Tracked ROOT analysis output, ~25 MB, kept by an explicit .gitignore exception (.gitignore:11-13 '!AnalyzedData/**/*.root'). Produced by the UNSURE legacy analysis chain. Blocked on: are these still needed as reference samples, and should they live in git at all?"
AnalyzedData/10-09-2025/Charm/ccbar_JUNCTIONS_sub9.root,root-data,,2026-03-28,Add all analyzed data,UNSURE,medium,0,,,"Nothing in the campaign pipeline reads AnalyzedData/. But the PtMultiplicity and FinalAnalysis plotting macros take dated tags such as 12-01-2026 / 27-03-2026 (run_paper_plots.sh:155-156), which resolve here.","Tracked ROOT analysis output, ~25 MB, kept by an explicit .gitignore exception (.gitignore:11-13 '!AnalyzedData/**/*.root'). Produced by the UNSURE legacy analysis chain. Blocked on: are these still needed as reference samples, and should they live in git at all?"
AnalyzedData/10-09-2025/Charm/ccbar_MONASH_sub0.root,root-data,,2026-03-28,Add all analyzed data,UNSURE,medium,0,,,"Nothing in the campaign pipeline reads AnalyzedData/. But the PtMultiplicity and FinalAnalysis plotting macros take dated tags such as 12-01-2026 / 27-03-2026 (run_paper_plots.sh:155-156), which resolve here.","Tracked ROOT analysis output, ~25 MB, kept by an explicit .gitignore exception (.gitignore:11-13 '!AnalyzedData/**/*.root'). Produced by the UNSURE legacy analysis chain. Blocked on: are these still needed as reference samples, and should they live in git at all?"
AnalyzedData/10-09-2025/Charm/ccbar_MONASH_sub1.root,root-data,,2026-03-28,Add all analyzed data,UNSURE,medium,0,,,"Nothing in the campaign pipeline reads AnalyzedData/. But the PtMultiplicity and FinalAnalysis plotting macros take dated tags such as 12-01-2026 / 27-03-2026 (run_paper_plots.sh:155-156), which resolve here.","Tracked ROOT analysis output, ~25 MB, kept by an explicit .gitignore exception (.gitignore:11-13 '!AnalyzedData/**/*.root'). Produced by the UNSURE legacy analysis chain. Blocked on: are these still needed as reference samples, and should they live in git at all?"
AnalyzedData/10-09-2025/Charm/ccbar_MONASH_sub2.root,root-data,,2026-03-28,Add all analyzed data,UNSURE,medium,0,,,"Nothing in the campaign pipeline reads AnalyzedData/. But the PtMultiplicity and FinalAnalysis plotting macros take dated tags such as 12-01-2026 / 27-03-2026 (run_paper_plots.sh:155-156), which resolve here.","Tracked ROOT analysis output, ~25 MB, kept by an explicit .gitignore exception (.gitignore:11-13 '!AnalyzedData/**/*.root'). Produced by the UNSURE legacy analysis chain. Blocked on: are these still needed as reference samples, and should they live in git at all?"
AnalyzedData/10-09-2025/Charm/ccbar_MONASH_sub3.root,root-data,,2026-03-28,Add all analyzed data,UNSURE,medium,0,,,"Nothing in the campaign pipeline reads AnalyzedData/. But the PtMultiplicity and FinalAnalysis plotting macros take dated tags such as 12-01-2026 / 27-03-2026 (run_paper_plots.sh:155-156), which resolve here.","Tracked ROOT analysis output, ~25 MB, kept by an explicit .gitignore exception (.gitignore:11-13 '!AnalyzedData/**/*.root'). Produced by the UNSURE legacy analysis chain. Blocked on: are these still needed as reference samples, and should they live in git at all?"
AnalyzedData/10-09-2025/Charm/ccbar_MONASH_sub4.root,root-data,,2026-03-28,Add all analyzed data,UNSURE,medium,0,,,"Nothing in the campaign pipeline reads AnalyzedData/. But the PtMultiplicity and FinalAnalysis plotting macros take dated tags such as 12-01-2026 / 27-03-2026 (run_paper_plots.sh:155-156), which resolve here.","Tracked ROOT analysis output, ~25 MB, kept by an explicit .gitignore exception (.gitignore:11-13 '!AnalyzedData/**/*.root'). Produced by the UNSURE legacy analysis chain. Blocked on: are these still needed as reference samples, and should they live in git at all?"
AnalyzedData/10-09-2025/Charm/ccbar_MONASH_sub5.root,root-data,,2026-03-28,Add all analyzed data,UNSURE,medium,0,,,"Nothing in the campaign pipeline reads AnalyzedData/. But the PtMultiplicity and FinalAnalysis plotting macros take dated tags such as 12-01-2026 / 27-03-2026 (run_paper_plots.sh:155-156), which resolve here.","Tracked ROOT analysis output, ~25 MB, kept by an explicit .gitignore exception (.gitignore:11-13 '!AnalyzedData/**/*.root'). Produced by the UNSURE legacy analysis chain. Blocked on: are these still needed as reference samples, and should they live in git at all?"
AnalyzedData/10-09-2025/Charm/ccbar_MONASH_sub6.root,root-data,,2026-03-28,Add all analyzed data,UNSURE,medium,0,,,"Nothing in the campaign pipeline reads AnalyzedData/. But the PtMultiplicity and FinalAnalysis plotting macros take dated tags such as 12-01-2026 / 27-03-2026 (run_paper_plots.sh:155-156), which resolve here.","Tracked ROOT analysis output, ~25 MB, kept by an explicit .gitignore exception (.gitignore:11-13 '!AnalyzedData/**/*.root'). Produced by the UNSURE legacy analysis chain. Blocked on: are these still needed as reference samples, and should they live in git at all?"
AnalyzedData/10-09-2025/Charm/ccbar_MONASH_sub7.root,root-data,,2026-03-28,Add all analyzed data,UNSURE,medium,0,,,"Nothing in the campaign pipeline reads AnalyzedData/. But the PtMultiplicity and FinalAnalysis plotting macros take dated tags such as 12-01-2026 / 27-03-2026 (run_paper_plots.sh:155-156), which resolve here.","Tracked ROOT analysis output, ~25 MB, kept by an explicit .gitignore exception (.gitignore:11-13 '!AnalyzedData/**/*.root'). Produced by the UNSURE legacy analysis chain. Blocked on: are these still needed as reference samples, and should they live in git at all?"
AnalyzedData/10-09-2025/Charm/ccbar_MONASH_sub8.root,root-data,,2026-03-28,Add all analyzed data,UNSURE,medium,0,,,"Nothing in the campaign pipeline reads AnalyzedData/. But the PtMultiplicity and FinalAnalysis plotting macros take dated tags such as 12-01-2026 / 27-03-2026 (run_paper_plots.sh:155-156), which resolve here.","Tracked ROOT analysis output, ~25 MB, kept by an explicit .gitignore exception (.gitignore:11-13 '!AnalyzedData/**/*.root'). Produced by the UNSURE legacy analysis chain. Blocked on: are these still needed as reference samples, and should they live in git at all?"
AnalyzedData/10-09-2025/Charm/ccbar_MONASH_sub9.root,root-data,,2026-03-28,Add all analyzed data,UNSURE,medium,0,,,"Nothing in the campaign pipeline reads AnalyzedData/. But the PtMultiplicity and FinalAnalysis plotting macros take dated tags such as 12-01-2026 / 27-03-2026 (run_paper_plots.sh:155-156), which resolve here.","Tracked ROOT analysis output, ~25 MB, kept by an explicit .gitignore exception (.gitignore:11-13 '!AnalyzedData/**/*.root'). Produced by the UNSURE legacy analysis chain. Blocked on: are these still needed as reference samples, and should they live in git at all?"
AnalyzedData/12-01-2026/Beauty/bbbar_JUNCTIONS_sub0.root,root-data,,2026-04-29,Snapshot local working tree before split HF update,UNSURE,medium,0,,,"Nothing in the campaign pipeline reads AnalyzedData/. But the PtMultiplicity and FinalAnalysis plotting macros take dated tags such as 12-01-2026 / 27-03-2026 (run_paper_plots.sh:155-156), which resolve here.","Tracked ROOT analysis output, ~25 MB, kept by an explicit .gitignore exception (.gitignore:11-13 '!AnalyzedData/**/*.root'). Produced by the UNSURE legacy analysis chain. Blocked on: are these still needed as reference samples, and should they live in git at all?"
AnalyzedData/12-01-2026/Beauty/bbbar_JUNCTIONS_sub1.root,root-data,,2026-04-29,Snapshot local working tree before split HF update,UNSURE,medium,0,,,"Nothing in the campaign pipeline reads AnalyzedData/. But the PtMultiplicity and FinalAnalysis plotting macros take dated tags such as 12-01-2026 / 27-03-2026 (run_paper_plots.sh:155-156), which resolve here.","Tracked ROOT analysis output, ~25 MB, kept by an explicit .gitignore exception (.gitignore:11-13 '!AnalyzedData/**/*.root'). Produced by the UNSURE legacy analysis chain. Blocked on: are these still needed as reference samples, and should they live in git at all?"
AnalyzedData/12-01-2026/Beauty/bbbar_JUNCTIONS_sub2.root,root-data,,2026-04-29,Snapshot local working tree before split HF update,UNSURE,medium,0,,,"Nothing in the campaign pipeline reads AnalyzedData/. But the PtMultiplicity and FinalAnalysis plotting macros take dated tags such as 12-01-2026 / 27-03-2026 (run_paper_plots.sh:155-156), which resolve here.","Tracked ROOT analysis output, ~25 MB, kept by an explicit .gitignore exception (.gitignore:11-13 '!AnalyzedData/**/*.root'). Produced by the UNSURE legacy analysis chain. Blocked on: are these still needed as reference samples, and should they live in git at all?"
AnalyzedData/12-01-2026/Beauty/bbbar_JUNCTIONS_sub3.root,root-data,,2026-04-29,Snapshot local working tree before split HF update,UNSURE,medium,0,,,"Nothing in the campaign pipeline reads AnalyzedData/. But the PtMultiplicity and FinalAnalysis plotting macros take dated tags such as 12-01-2026 / 27-03-2026 (run_paper_plots.sh:155-156), which resolve here.","Tracked ROOT analysis output, ~25 MB, kept by an explicit .gitignore exception (.gitignore:11-13 '!AnalyzedData/**/*.root'). Produced by the UNSURE legacy analysis chain. Blocked on: are these still needed as reference samples, and should they live in git at all?"
AnalyzedData/12-01-2026/Beauty/bbbar_JUNCTIONS_sub4.root,root-data,,2026-04-29,Snapshot local working tree before split HF update,UNSURE,medium,0,,,"Nothing in the campaign pipeline reads AnalyzedData/. But the PtMultiplicity and FinalAnalysis plotting macros take dated tags such as 12-01-2026 / 27-03-2026 (run_paper_plots.sh:155-156), which resolve here.","Tracked ROOT analysis output, ~25 MB, kept by an explicit .gitignore exception (.gitignore:11-13 '!AnalyzedData/**/*.root'). Produced by the UNSURE legacy analysis chain. Blocked on: are these still needed as reference samples, and should they live in git at all?"
AnalyzedData/12-01-2026/Beauty/bbbar_JUNCTIONS_sub5.root,root-data,,2026-04-29,Snapshot local working tree before split HF update,UNSURE,medium,0,,,"Nothing in the campaign pipeline reads AnalyzedData/. But the PtMultiplicity and FinalAnalysis plotting macros take dated tags such as 12-01-2026 / 27-03-2026 (run_paper_plots.sh:155-156), which resolve here.","Tracked ROOT analysis output, ~25 MB, kept by an explicit .gitignore exception (.gitignore:11-13 '!AnalyzedData/**/*.root'). Produced by the UNSURE legacy analysis chain. Blocked on: are these still needed as reference samples, and should they live in git at all?"
AnalyzedData/12-01-2026/Beauty/bbbar_JUNCTIONS_sub6.root,root-data,,2026-04-29,Snapshot local working tree before split HF update,UNSURE,medium,0,,,"Nothing in the campaign pipeline reads AnalyzedData/. But the PtMultiplicity and FinalAnalysis plotting macros take dated tags such as 12-01-2026 / 27-03-2026 (run_paper_plots.sh:155-156), which resolve here.","Tracked ROOT analysis output, ~25 MB, kept by an explicit .gitignore exception (.gitignore:11-13 '!AnalyzedData/**/*.root'). Produced by the UNSURE legacy analysis chain. Blocked on: are these still needed as reference samples, and should they live in git at all?"
AnalyzedData/12-01-2026/Beauty/bbbar_JUNCTIONS_sub7.root,root-data,,2026-04-29,Snapshot local working tree before split HF update,UNSURE,medium,0,,,"Nothing in the campaign pipeline reads AnalyzedData/. But the PtMultiplicity and FinalAnalysis plotting macros take dated tags such as 12-01-2026 / 27-03-2026 (run_paper_plots.sh:155-156), which resolve here.","Tracked ROOT analysis output, ~25 MB, kept by an explicit .gitignore exception (.gitignore:11-13 '!AnalyzedData/**/*.root'). Produced by the UNSURE legacy analysis chain. Blocked on: are these still needed as reference samples, and should they live in git at all?"
AnalyzedData/12-01-2026/Beauty/bbbar_JUNCTIONS_sub8.root,root-data,,2026-04-29,Snapshot local working tree before split HF update,UNSURE,medium,0,,,"Nothing in the campaign pipeline reads AnalyzedData/. But the PtMultiplicity and FinalAnalysis plotting macros take dated tags such as 12-01-2026 / 27-03-2026 (run_paper_plots.sh:155-156), which resolve here.","Tracked ROOT analysis output, ~25 MB, kept by an explicit .gitignore exception (.gitignore:11-13 '!AnalyzedData/**/*.root'). Produced by the UNSURE legacy analysis chain. Blocked on: are these still needed as reference samples, and should they live in git at all?"
AnalyzedData/12-01-2026/Beauty/bbbar_JUNCTIONS_sub9.root,root-data,,2026-04-29,Snapshot local working tree before split HF update,UNSURE,medium,0,,,"Nothing in the campaign pipeline reads AnalyzedData/. But the PtMultiplicity and FinalAnalysis plotting macros take dated tags such as 12-01-2026 / 27-03-2026 (run_paper_plots.sh:155-156), which resolve here.","Tracked ROOT analysis output, ~25 MB, kept by an explicit .gitignore exception (.gitignore:11-13 '!AnalyzedData/**/*.root'). Produced by the UNSURE legacy analysis chain. Blocked on: are these still needed as reference samples, and should they live in git at all?"
AnalyzedData/12-01-2026/Beauty/bbbar_MONASH_sub0.root,root-data,,2026-04-29,Snapshot local working tree before split HF update,UNSURE,medium,0,,,"Nothing in the campaign pipeline reads AnalyzedData/. But the PtMultiplicity and FinalAnalysis plotting macros take dated tags such as 12-01-2026 / 27-03-2026 (run_paper_plots.sh:155-156), which resolve here.","Tracked ROOT analysis output, ~25 MB, kept by an explicit .gitignore exception (.gitignore:11-13 '!AnalyzedData/**/*.root'). Produced by the UNSURE legacy analysis chain. Blocked on: are these still needed as reference samples, and should they live in git at all?"
AnalyzedData/12-01-2026/Beauty/bbbar_MONASH_sub1.root,root-data,,2026-04-29,Snapshot local working tree before split HF update,UNSURE,medium,0,,,"Nothing in the campaign pipeline reads AnalyzedData/. But the PtMultiplicity and FinalAnalysis plotting macros take dated tags such as 12-01-2026 / 27-03-2026 (run_paper_plots.sh:155-156), which resolve here.","Tracked ROOT analysis output, ~25 MB, kept by an explicit .gitignore exception (.gitignore:11-13 '!AnalyzedData/**/*.root'). Produced by the UNSURE legacy analysis chain. Blocked on: are these still needed as reference samples, and should they live in git at all?"
AnalyzedData/12-01-2026/Beauty/bbbar_MONASH_sub2.root,root-data,,2026-04-29,Snapshot local working tree before split HF update,UNSURE,medium,0,,,"Nothing in the campaign pipeline reads AnalyzedData/. But the PtMultiplicity and FinalAnalysis plotting macros take dated tags such as 12-01-2026 / 27-03-2026 (run_paper_plots.sh:155-156), which resolve here.","Tracked ROOT analysis output, ~25 MB, kept by an explicit .gitignore exception (.gitignore:11-13 '!AnalyzedData/**/*.root'). Produced by the UNSURE legacy analysis chain. Blocked on: are these still needed as reference samples, and should they live in git at all?"
AnalyzedData/12-01-2026/Beauty/bbbar_MONASH_sub3.root,root-data,,2026-04-29,Snapshot local working tree before split HF update,UNSURE,medium,0,,,"Nothing in the campaign pipeline reads AnalyzedData/. But the PtMultiplicity and FinalAnalysis plotting macros take dated tags such as 12-01-2026 / 27-03-2026 (run_paper_plots.sh:155-156), which resolve here.","Tracked ROOT analysis output, ~25 MB, kept by an explicit .gitignore exception (.gitignore:11-13 '!AnalyzedData/**/*.root'). Produced by the UNSURE legacy analysis chain. Blocked on: are these still needed as reference samples, and should they live in git at all?"
AnalyzedData/12-01-2026/Beauty/bbbar_MONASH_sub4.root,root-data,,2026-04-29,Snapshot local working tree before split HF update,UNSURE,medium,0,,,"Nothing in the campaign pipeline reads AnalyzedData/. But the PtMultiplicity and FinalAnalysis plotting macros take dated tags such as 12-01-2026 / 27-03-2026 (run_paper_plots.sh:155-156), which resolve here.","Tracked ROOT analysis output, ~25 MB, kept by an explicit .gitignore exception (.gitignore:11-13 '!AnalyzedData/**/*.root'). Produced by the UNSURE legacy analysis chain. Blocked on: are these still needed as reference samples, and should they live in git at all?"
AnalyzedData/12-01-2026/Beauty/bbbar_MONASH_sub5.root,root-data,,2026-04-29,Snapshot local working tree before split HF update,UNSURE,medium,0,,,"Nothing in the campaign pipeline reads AnalyzedData/. But the PtMultiplicity and FinalAnalysis plotting macros take dated tags such as 12-01-2026 / 27-03-2026 (run_paper_plots.sh:155-156), which resolve here.","Tracked ROOT analysis output, ~25 MB, kept by an explicit .gitignore exception (.gitignore:11-13 '!AnalyzedData/**/*.root'). Produced by the UNSURE legacy analysis chain. Blocked on: are these still needed as reference samples, and should they live in git at all?"
AnalyzedData/12-01-2026/Beauty/bbbar_MONASH_sub6.root,root-data,,2026-04-29,Snapshot local working tree before split HF update,UNSURE,medium,0,,,"Nothing in the campaign pipeline reads AnalyzedData/. But the PtMultiplicity and FinalAnalysis plotting macros take dated tags such as 12-01-2026 / 27-03-2026 (run_paper_plots.sh:155-156), which resolve here.","Tracked ROOT analysis output, ~25 MB, kept by an explicit .gitignore exception (.gitignore:11-13 '!AnalyzedData/**/*.root'). Produced by the UNSURE legacy analysis chain. Blocked on: are these still needed as reference samples, and should they live in git at all?"
AnalyzedData/12-01-2026/Beauty/bbbar_MONASH_sub7.root,root-data,,2026-04-29,Snapshot local working tree before split HF update,UNSURE,medium,0,,,"Nothing in the campaign pipeline reads AnalyzedData/. But the PtMultiplicity and FinalAnalysis plotting macros take dated tags such as 12-01-2026 / 27-03-2026 (run_paper_plots.sh:155-156), which resolve here.","Tracked ROOT analysis output, ~25 MB, kept by an explicit .gitignore exception (.gitignore:11-13 '!AnalyzedData/**/*.root'). Produced by the UNSURE legacy analysis chain. Blocked on: are these still needed as reference samples, and should they live in git at all?"
AnalyzedData/12-01-2026/Beauty/bbbar_MONASH_sub8.root,root-data,,2026-04-29,Snapshot local working tree before split HF update,UNSURE,medium,0,,,"Nothing in the campaign pipeline reads AnalyzedData/. But the PtMultiplicity and FinalAnalysis plotting macros take dated tags such as 12-01-2026 / 27-03-2026 (run_paper_plots.sh:155-156), which resolve here.","Tracked ROOT analysis output, ~25 MB, kept by an explicit .gitignore exception (.gitignore:11-13 '!AnalyzedData/**/*.root'). Produced by the UNSURE legacy analysis chain. Blocked on: are these still needed as reference samples, and should they live in git at all?"
AnalyzedData/12-01-2026/Beauty/bbbar_MONASH_sub9.root,root-data,,2026-04-29,Snapshot local working tree before split HF update,UNSURE,medium,0,,,"Nothing in the campaign pipeline reads AnalyzedData/. But the PtMultiplicity and FinalAnalysis plotting macros take dated tags such as 12-01-2026 / 27-03-2026 (run_paper_plots.sh:155-156), which resolve here.","Tracked ROOT analysis output, ~25 MB, kept by an explicit .gitignore exception (.gitignore:11-13 '!AnalyzedData/**/*.root'). Produced by the UNSURE legacy analysis chain. Blocked on: are these still needed as reference samples, and should they live in git at all?"
AnalyzedData/12-01-2026/Charm/ccbar_JUNCTIONS_sub0.root,root-data,,2026-04-29,Snapshot local working tree before split HF update,UNSURE,medium,0,,,"Nothing in the campaign pipeline reads AnalyzedData/. But the PtMultiplicity and FinalAnalysis plotting macros take dated tags such as 12-01-2026 / 27-03-2026 (run_paper_plots.sh:155-156), which resolve here.","Tracked ROOT analysis output, ~25 MB, kept by an explicit .gitignore exception (.gitignore:11-13 '!AnalyzedData/**/*.root'). Produced by the UNSURE legacy analysis chain. Blocked on: are these still needed as reference samples, and should they live in git at all?"
AnalyzedData/12-01-2026/Charm/ccbar_JUNCTIONS_sub1.root,root-data,,2026-04-29,Snapshot local working tree before split HF update,UNSURE,medium,0,,,"Nothing in the campaign pipeline reads AnalyzedData/. But the PtMultiplicity and FinalAnalysis plotting macros take dated tags such as 12-01-2026 / 27-03-2026 (run_paper_plots.sh:155-156), which resolve here.","Tracked ROOT analysis output, ~25 MB, kept by an explicit .gitignore exception (.gitignore:11-13 '!AnalyzedData/**/*.root'). Produced by the UNSURE legacy analysis chain. Blocked on: are these still needed as reference samples, and should they live in git at all?"
AnalyzedData/12-01-2026/Charm/ccbar_JUNCTIONS_sub2.root,root-data,,2026-04-29,Snapshot local working tree before split HF update,UNSURE,medium,0,,,"Nothing in the campaign pipeline reads AnalyzedData/. But the PtMultiplicity and FinalAnalysis plotting macros take dated tags such as 12-01-2026 / 27-03-2026 (run_paper_plots.sh:155-156), which resolve here.","Tracked ROOT analysis output, ~25 MB, kept by an explicit .gitignore exception (.gitignore:11-13 '!AnalyzedData/**/*.root'). Produced by the UNSURE legacy analysis chain. Blocked on: are these still needed as reference samples, and should they live in git at all?"
AnalyzedData/12-01-2026/Charm/ccbar_JUNCTIONS_sub3.root,root-data,,2026-04-29,Snapshot local working tree before split HF update,UNSURE,medium,0,,,"Nothing in the campaign pipeline reads AnalyzedData/. But the PtMultiplicity and FinalAnalysis plotting macros take dated tags such as 12-01-2026 / 27-03-2026 (run_paper_plots.sh:155-156), which resolve here.","Tracked ROOT analysis output, ~25 MB, kept by an explicit .gitignore exception (.gitignore:11-13 '!AnalyzedData/**/*.root'). Produced by the UNSURE legacy analysis chain. Blocked on: are these still needed as reference samples, and should they live in git at all?"
AnalyzedData/12-01-2026/Charm/ccbar_JUNCTIONS_sub4.root,root-data,,2026-04-29,Snapshot local working tree before split HF update,UNSURE,medium,0,,,"Nothing in the campaign pipeline reads AnalyzedData/. But the PtMultiplicity and FinalAnalysis plotting macros take dated tags such as 12-01-2026 / 27-03-2026 (run_paper_plots.sh:155-156), which resolve here.","Tracked ROOT analysis output, ~25 MB, kept by an explicit .gitignore exception (.gitignore:11-13 '!AnalyzedData/**/*.root'). Produced by the UNSURE legacy analysis chain. Blocked on: are these still needed as reference samples, and should they live in git at all?"
AnalyzedData/12-01-2026/Charm/ccbar_JUNCTIONS_sub5.root,root-data,,2026-04-29,Snapshot local working tree before split HF update,UNSURE,medium,0,,,"Nothing in the campaign pipeline reads AnalyzedData/. But the PtMultiplicity and FinalAnalysis plotting macros take dated tags such as 12-01-2026 / 27-03-2026 (run_paper_plots.sh:155-156), which resolve here.","Tracked ROOT analysis output, ~25 MB, kept by an explicit .gitignore exception (.gitignore:11-13 '!AnalyzedData/**/*.root'). Produced by the UNSURE legacy analysis chain. Blocked on: are these still needed as reference samples, and should they live in git at all?"
AnalyzedData/12-01-2026/Charm/ccbar_JUNCTIONS_sub6.root,root-data,,2026-04-29,Snapshot local working tree before split HF update,UNSURE,medium,0,,,"Nothing in the campaign pipeline reads AnalyzedData/. But the PtMultiplicity and FinalAnalysis plotting macros take dated tags such as 12-01-2026 / 27-03-2026 (run_paper_plots.sh:155-156), which resolve here.","Tracked ROOT analysis output, ~25 MB, kept by an explicit .gitignore exception (.gitignore:11-13 '!AnalyzedData/**/*.root'). Produced by the UNSURE legacy analysis chain. Blocked on: are these still needed as reference samples, and should they live in git at all?"
AnalyzedData/12-01-2026/Charm/ccbar_JUNCTIONS_sub7.root,root-data,,2026-04-29,Snapshot local working tree before split HF update,UNSURE,medium,0,,,"Nothing in the campaign pipeline reads AnalyzedData/. But the PtMultiplicity and FinalAnalysis plotting macros take dated tags such as 12-01-2026 / 27-03-2026 (run_paper_plots.sh:155-156), which resolve here.","Tracked ROOT analysis output, ~25 MB, kept by an explicit .gitignore exception (.gitignore:11-13 '!AnalyzedData/**/*.root'). Produced by the UNSURE legacy analysis chain. Blocked on: are these still needed as reference samples, and should they live in git at all?"
AnalyzedData/12-01-2026/Charm/ccbar_JUNCTIONS_sub8.root,root-data,,2026-04-29,Snapshot local working tree before split HF update,UNSURE,medium,0,,,"Nothing in the campaign pipeline reads AnalyzedData/. But the PtMultiplicity and FinalAnalysis plotting macros take dated tags such as 12-01-2026 / 27-03-2026 (run_paper_plots.sh:155-156), which resolve here.","Tracked ROOT analysis output, ~25 MB, kept by an explicit .gitignore exception (.gitignore:11-13 '!AnalyzedData/**/*.root'). Produced by the UNSURE legacy analysis chain. Blocked on: are these still needed as reference samples, and should they live in git at all?"
AnalyzedData/12-01-2026/Charm/ccbar_JUNCTIONS_sub9.root,root-data,,2026-04-29,Snapshot local working tree before split HF update,UNSURE,medium,0,,,"Nothing in the campaign pipeline reads AnalyzedData/. But the PtMultiplicity and FinalAnalysis plotting macros take dated tags such as 12-01-2026 / 27-03-2026 (run_paper_plots.sh:155-156), which resolve here.","Tracked ROOT analysis output, ~25 MB, kept by an explicit .gitignore exception (.gitignore:11-13 '!AnalyzedData/**/*.root'). Produced by the UNSURE legacy analysis chain. Blocked on: are these still needed as reference samples, and should they live in git at all?"
AnalyzedData/12-01-2026/Charm/ccbar_MONASH_sub0.root,root-data,,2026-04-29,Snapshot local working tree before split HF update,UNSURE,medium,0,,,"Nothing in the campaign pipeline reads AnalyzedData/. But the PtMultiplicity and FinalAnalysis plotting macros take dated tags such as 12-01-2026 / 27-03-2026 (run_paper_plots.sh:155-156), which resolve here.","Tracked ROOT analysis output, ~25 MB, kept by an explicit .gitignore exception (.gitignore:11-13 '!AnalyzedData/**/*.root'). Produced by the UNSURE legacy analysis chain. Blocked on: are these still needed as reference samples, and should they live in git at all?"
AnalyzedData/12-01-2026/Charm/ccbar_MONASH_sub1.root,root-data,,2026-04-29,Snapshot local working tree before split HF update,UNSURE,medium,0,,,"Nothing in the campaign pipeline reads AnalyzedData/. But the PtMultiplicity and FinalAnalysis plotting macros take dated tags such as 12-01-2026 / 27-03-2026 (run_paper_plots.sh:155-156), which resolve here.","Tracked ROOT analysis output, ~25 MB, kept by an explicit .gitignore exception (.gitignore:11-13 '!AnalyzedData/**/*.root'). Produced by the UNSURE legacy analysis chain. Blocked on: are these still needed as reference samples, and should they live in git at all?"
AnalyzedData/12-01-2026/Charm/ccbar_MONASH_sub2.root,root-data,,2026-04-29,Snapshot local working tree before split HF update,UNSURE,medium,0,,,"Nothing in the campaign pipeline reads AnalyzedData/. But the PtMultiplicity and FinalAnalysis plotting macros take dated tags such as 12-01-2026 / 27-03-2026 (run_paper_plots.sh:155-156), which resolve here.","Tracked ROOT analysis output, ~25 MB, kept by an explicit .gitignore exception (.gitignore:11-13 '!AnalyzedData/**/*.root'). Produced by the UNSURE legacy analysis chain. Blocked on: are these still needed as reference samples, and should they live in git at all?"
AnalyzedData/12-01-2026/Charm/ccbar_MONASH_sub3.root,root-data,,2026-04-29,Snapshot local working tree before split HF update,UNSURE,medium,0,,,"Nothing in the campaign pipeline reads AnalyzedData/. But the PtMultiplicity and FinalAnalysis plotting macros take dated tags such as 12-01-2026 / 27-03-2026 (run_paper_plots.sh:155-156), which resolve here.","Tracked ROOT analysis output, ~25 MB, kept by an explicit .gitignore exception (.gitignore:11-13 '!AnalyzedData/**/*.root'). Produced by the UNSURE legacy analysis chain. Blocked on: are these still needed as reference samples, and should they live in git at all?"
AnalyzedData/12-01-2026/Charm/ccbar_MONASH_sub4.root,root-data,,2026-04-29,Snapshot local working tree before split HF update,UNSURE,medium,0,,,"Nothing in the campaign pipeline reads AnalyzedData/. But the PtMultiplicity and FinalAnalysis plotting macros take dated tags such as 12-01-2026 / 27-03-2026 (run_paper_plots.sh:155-156), which resolve here.","Tracked ROOT analysis output, ~25 MB, kept by an explicit .gitignore exception (.gitignore:11-13 '!AnalyzedData/**/*.root'). Produced by the UNSURE legacy analysis chain. Blocked on: are these still needed as reference samples, and should they live in git at all?"
AnalyzedData/12-01-2026/Charm/ccbar_MONASH_sub5.root,root-data,,2026-04-29,Snapshot local working tree before split HF update,UNSURE,medium,0,,,"Nothing in the campaign pipeline reads AnalyzedData/. But the PtMultiplicity and FinalAnalysis plotting macros take dated tags such as 12-01-2026 / 27-03-2026 (run_paper_plots.sh:155-156), which resolve here.","Tracked ROOT analysis output, ~25 MB, kept by an explicit .gitignore exception (.gitignore:11-13 '!AnalyzedData/**/*.root'). Produced by the UNSURE legacy analysis chain. Blocked on: are these still needed as reference samples, and should they live in git at all?"
AnalyzedData/12-01-2026/Charm/ccbar_MONASH_sub6.root,root-data,,2026-04-29,Snapshot local working tree before split HF update,UNSURE,medium,0,,,"Nothing in the campaign pipeline reads AnalyzedData/. But the PtMultiplicity and FinalAnalysis plotting macros take dated tags such as 12-01-2026 / 27-03-2026 (run_paper_plots.sh:155-156), which resolve here.","Tracked ROOT analysis output, ~25 MB, kept by an explicit .gitignore exception (.gitignore:11-13 '!AnalyzedData/**/*.root'). Produced by the UNSURE legacy analysis chain. Blocked on: are these still needed as reference samples, and should they live in git at all?"
AnalyzedData/12-01-2026/Charm/ccbar_MONASH_sub7.root,root-data,,2026-04-29,Snapshot local working tree before split HF update,UNSURE,medium,0,,,"Nothing in the campaign pipeline reads AnalyzedData/. But the PtMultiplicity and FinalAnalysis plotting macros take dated tags such as 12-01-2026 / 27-03-2026 (run_paper_plots.sh:155-156), which resolve here.","Tracked ROOT analysis output, ~25 MB, kept by an explicit .gitignore exception (.gitignore:11-13 '!AnalyzedData/**/*.root'). Produced by the UNSURE legacy analysis chain. Blocked on: are these still needed as reference samples, and should they live in git at all?"
AnalyzedData/12-01-2026/Charm/ccbar_MONASH_sub8.root,root-data,,2026-04-29,Snapshot local working tree before split HF update,UNSURE,medium,0,,,"Nothing in the campaign pipeline reads AnalyzedData/. But the PtMultiplicity and FinalAnalysis plotting macros take dated tags such as 12-01-2026 / 27-03-2026 (run_paper_plots.sh:155-156), which resolve here.","Tracked ROOT analysis output, ~25 MB, kept by an explicit .gitignore exception (.gitignore:11-13 '!AnalyzedData/**/*.root'). Produced by the UNSURE legacy analysis chain. Blocked on: are these still needed as reference samples, and should they live in git at all?"
AnalyzedData/12-01-2026/Charm/ccbar_MONASH_sub9.root,root-data,,2026-04-29,Snapshot local working tree before split HF update,UNSURE,medium,0,,,"Nothing in the campaign pipeline reads AnalyzedData/. But the PtMultiplicity and FinalAnalysis plotting macros take dated tags such as 12-01-2026 / 27-03-2026 (run_paper_plots.sh:155-156), which resolve here.","Tracked ROOT analysis output, ~25 MB, kept by an explicit .gitignore exception (.gitignore:11-13 '!AnalyzedData/**/*.root'). Produced by the UNSURE legacy analysis chain. Blocked on: are these still needed as reference samples, and should they live in git at all?"
AnalyzedData/27-03-2026/Beauty/hf_JUNCTIONS_sub0.root,root-data,,2026-04-29,Add separate-charge HF analyzed data for 27-03-2026,UNSURE,medium,0,,,"Nothing in the campaign pipeline reads AnalyzedData/. But the PtMultiplicity and FinalAnalysis plotting macros take dated tags such as 12-01-2026 / 27-03-2026 (run_paper_plots.sh:155-156), which resolve here.","Tracked ROOT analysis output, ~25 MB, kept by an explicit .gitignore exception (.gitignore:11-13 '!AnalyzedData/**/*.root'). Produced by the UNSURE legacy analysis chain. Blocked on: are these still needed as reference samples, and should they live in git at all?"
AnalyzedData/27-03-2026/Beauty/hf_JUNCTIONS_sub1.root,root-data,,2026-04-29,Add separate-charge HF analyzed data for 27-03-2026,UNSURE,medium,0,,,"Nothing in the campaign pipeline reads AnalyzedData/. But the PtMultiplicity and FinalAnalysis plotting macros take dated tags such as 12-01-2026 / 27-03-2026 (run_paper_plots.sh:155-156), which resolve here.","Tracked ROOT analysis output, ~25 MB, kept by an explicit .gitignore exception (.gitignore:11-13 '!AnalyzedData/**/*.root'). Produced by the UNSURE legacy analysis chain. Blocked on: are these still needed as reference samples, and should they live in git at all?"
AnalyzedData/27-03-2026/Beauty/hf_JUNCTIONS_sub2.root,root-data,,2026-04-29,Add separate-charge HF analyzed data for 27-03-2026,UNSURE,medium,0,,,"Nothing in the campaign pipeline reads AnalyzedData/. But the PtMultiplicity and FinalAnalysis plotting macros take dated tags such as 12-01-2026 / 27-03-2026 (run_paper_plots.sh:155-156), which resolve here.","Tracked ROOT analysis output, ~25 MB, kept by an explicit .gitignore exception (.gitignore:11-13 '!AnalyzedData/**/*.root'). Produced by the UNSURE legacy analysis chain. Blocked on: are these still needed as reference samples, and should they live in git at all?"
AnalyzedData/27-03-2026/Beauty/hf_JUNCTIONS_sub3.root,root-data,,2026-04-29,Add separate-charge HF analyzed data for 27-03-2026,UNSURE,medium,0,,,"Nothing in the campaign pipeline reads AnalyzedData/. But the PtMultiplicity and FinalAnalysis plotting macros take dated tags such as 12-01-2026 / 27-03-2026 (run_paper_plots.sh:155-156), which resolve here.","Tracked ROOT analysis output, ~25 MB, kept by an explicit .gitignore exception (.gitignore:11-13 '!AnalyzedData/**/*.root'). Produced by the UNSURE legacy analysis chain. Blocked on: are these still needed as reference samples, and should they live in git at all?"
AnalyzedData/27-03-2026/Beauty/hf_JUNCTIONS_sub4.root,root-data,,2026-04-29,Add separate-charge HF analyzed data for 27-03-2026,UNSURE,medium,0,,,"Nothing in the campaign pipeline reads AnalyzedData/. But the PtMultiplicity and FinalAnalysis plotting macros take dated tags such as 12-01-2026 / 27-03-2026 (run_paper_plots.sh:155-156), which resolve here.","Tracked ROOT analysis output, ~25 MB, kept by an explicit .gitignore exception (.gitignore:11-13 '!AnalyzedData/**/*.root'). Produced by the UNSURE legacy analysis chain. Blocked on: are these still needed as reference samples, and should they live in git at all?"
AnalyzedData/27-03-2026/Beauty/hf_JUNCTIONS_sub5.root,root-data,,2026-04-29,Add separate-charge HF analyzed data for 27-03-2026,UNSURE,medium,0,,,"Nothing in the campaign pipeline reads AnalyzedData/. But the PtMultiplicity and FinalAnalysis plotting macros take dated tags such as 12-01-2026 / 27-03-2026 (run_paper_plots.sh:155-156), which resolve here.","Tracked ROOT analysis output, ~25 MB, kept by an explicit .gitignore exception (.gitignore:11-13 '!AnalyzedData/**/*.root'). Produced by the UNSURE legacy analysis chain. Blocked on: are these still needed as reference samples, and should they live in git at all?"
AnalyzedData/27-03-2026/Beauty/hf_JUNCTIONS_sub6.root,root-data,,2026-04-29,Add separate-charge HF analyzed data for 27-03-2026,UNSURE,medium,0,,,"Nothing in the campaign pipeline reads AnalyzedData/. But the PtMultiplicity and FinalAnalysis plotting macros take dated tags such as 12-01-2026 / 27-03-2026 (run_paper_plots.sh:155-156), which resolve here.","Tracked ROOT analysis output, ~25 MB, kept by an explicit .gitignore exception (.gitignore:11-13 '!AnalyzedData/**/*.root'). Produced by the UNSURE legacy analysis chain. Blocked on: are these still needed as reference samples, and should they live in git at all?"
AnalyzedData/27-03-2026/Beauty/hf_JUNCTIONS_sub7.root,root-data,,2026-04-29,Add separate-charge HF analyzed data for 27-03-2026,UNSURE,medium,0,,,"Nothing in the campaign pipeline reads AnalyzedData/. But the PtMultiplicity and FinalAnalysis plotting macros take dated tags such as 12-01-2026 / 27-03-2026 (run_paper_plots.sh:155-156), which resolve here.","Tracked ROOT analysis output, ~25 MB, kept by an explicit .gitignore exception (.gitignore:11-13 '!AnalyzedData/**/*.root'). Produced by the UNSURE legacy analysis chain. Blocked on: are these still needed as reference samples, and should they live in git at all?"
AnalyzedData/27-03-2026/Beauty/hf_JUNCTIONS_sub8.root,root-data,,2026-04-29,Add separate-charge HF analyzed data for 27-03-2026,UNSURE,medium,0,,,"Nothing in the campaign pipeline reads AnalyzedData/. But the PtMultiplicity and FinalAnalysis plotting macros take dated tags such as 12-01-2026 / 27-03-2026 (run_paper_plots.sh:155-156), which resolve here.","Tracked ROOT analysis output, ~25 MB, kept by an explicit .gitignore exception (.gitignore:11-13 '!AnalyzedData/**/*.root'). Produced by the UNSURE legacy analysis chain. Blocked on: are these still needed as reference samples, and should they live in git at all?"
AnalyzedData/27-03-2026/Beauty/hf_JUNCTIONS_sub9.root,root-data,,2026-04-29,Add separate-charge HF analyzed data for 27-03-2026,UNSURE,medium,0,,,"Nothing in the campaign pipeline reads AnalyzedData/. But the PtMultiplicity and FinalAnalysis plotting macros take dated tags such as 12-01-2026 / 27-03-2026 (run_paper_plots.sh:155-156), which resolve here.","Tracked ROOT analysis output, ~25 MB, kept by an explicit .gitignore exception (.gitignore:11-13 '!AnalyzedData/**/*.root'). Produced by the UNSURE legacy analysis chain. Blocked on: are these still needed as reference samples, and should they live in git at all?"
AnalyzedData/27-03-2026/Beauty/hf_MONASH_sub0.root,root-data,,2026-04-29,Add separate-charge HF analyzed data for 27-03-2026,UNSURE,medium,0,,,"Nothing in the campaign pipeline reads AnalyzedData/. But the PtMultiplicity and FinalAnalysis plotting macros take dated tags such as 12-01-2026 / 27-03-2026 (run_paper_plots.sh:155-156), which resolve here.","Tracked ROOT analysis output, ~25 MB, kept by an explicit .gitignore exception (.gitignore:11-13 '!AnalyzedData/**/*.root'). Produced by the UNSURE legacy analysis chain. Blocked on: are these still needed as reference samples, and should they live in git at all?"
AnalyzedData/27-03-2026/Beauty/hf_MONASH_sub1.root,root-data,,2026-04-29,Add separate-charge HF analyzed data for 27-03-2026,UNSURE,medium,0,,,"Nothing in the campaign pipeline reads AnalyzedData/. But the PtMultiplicity and FinalAnalysis plotting macros take dated tags such as 12-01-2026 / 27-03-2026 (run_paper_plots.sh:155-156), which resolve here.","Tracked ROOT analysis output, ~25 MB, kept by an explicit .gitignore exception (.gitignore:11-13 '!AnalyzedData/**/*.root'). Produced by the UNSURE legacy analysis chain. Blocked on: are these still needed as reference samples, and should they live in git at all?"
AnalyzedData/27-03-2026/Beauty/hf_MONASH_sub2.root,root-data,,2026-04-29,Add separate-charge HF analyzed data for 27-03-2026,UNSURE,medium,0,,,"Nothing in the campaign pipeline reads AnalyzedData/. But the PtMultiplicity and FinalAnalysis plotting macros take dated tags such as 12-01-2026 / 27-03-2026 (run_paper_plots.sh:155-156), which resolve here.","Tracked ROOT analysis output, ~25 MB, kept by an explicit .gitignore exception (.gitignore:11-13 '!AnalyzedData/**/*.root'). Produced by the UNSURE legacy analysis chain. Blocked on: are these still needed as reference samples, and should they live in git at all?"
AnalyzedData/27-03-2026/Beauty/hf_MONASH_sub3.root,root-data,,2026-04-29,Add separate-charge HF analyzed data for 27-03-2026,UNSURE,medium,0,,,"Nothing in the campaign pipeline reads AnalyzedData/. But the PtMultiplicity and FinalAnalysis plotting macros take dated tags such as 12-01-2026 / 27-03-2026 (run_paper_plots.sh:155-156), which resolve here.","Tracked ROOT analysis output, ~25 MB, kept by an explicit .gitignore exception (.gitignore:11-13 '!AnalyzedData/**/*.root'). Produced by the UNSURE legacy analysis chain. Blocked on: are these still needed as reference samples, and should they live in git at all?"
AnalyzedData/27-03-2026/Beauty/hf_MONASH_sub4.root,root-data,,2026-04-29,Add separate-charge HF analyzed data for 27-03-2026,UNSURE,medium,0,,,"Nothing in the campaign pipeline reads AnalyzedData/. But the PtMultiplicity and FinalAnalysis plotting macros take dated tags such as 12-01-2026 / 27-03-2026 (run_paper_plots.sh:155-156), which resolve here.","Tracked ROOT analysis output, ~25 MB, kept by an explicit .gitignore exception (.gitignore:11-13 '!AnalyzedData/**/*.root'). Produced by the UNSURE legacy analysis chain. Blocked on: are these still needed as reference samples, and should they live in git at all?"
AnalyzedData/27-03-2026/Beauty/hf_MONASH_sub5.root,root-data,,2026-04-29,Add separate-charge HF analyzed data for 27-03-2026,UNSURE,medium,0,,,"Nothing in the campaign pipeline reads AnalyzedData/. But the PtMultiplicity and FinalAnalysis plotting macros take dated tags such as 12-01-2026 / 27-03-2026 (run_paper_plots.sh:155-156), which resolve here.","Tracked ROOT analysis output, ~25 MB, kept by an explicit .gitignore exception (.gitignore:11-13 '!AnalyzedData/**/*.root'). Produced by the UNSURE legacy analysis chain. Blocked on: are these still needed as reference samples, and should they live in git at all?"
AnalyzedData/27-03-2026/Beauty/hf_MONASH_sub6.root,root-data,,2026-04-29,Add separate-charge HF analyzed data for 27-03-2026,UNSURE,medium,0,,,"Nothing in the campaign pipeline reads AnalyzedData/. But the PtMultiplicity and FinalAnalysis plotting macros take dated tags such as 12-01-2026 / 27-03-2026 (run_paper_plots.sh:155-156), which resolve here.","Tracked ROOT analysis output, ~25 MB, kept by an explicit .gitignore exception (.gitignore:11-13 '!AnalyzedData/**/*.root'). Produced by the UNSURE legacy analysis chain. Blocked on: are these still needed as reference samples, and should they live in git at all?"
AnalyzedData/27-03-2026/Beauty/hf_MONASH_sub7.root,root-data,,2026-04-29,Add separate-charge HF analyzed data for 27-03-2026,UNSURE,medium,0,,,"Nothing in the campaign pipeline reads AnalyzedData/. But the PtMultiplicity and FinalAnalysis plotting macros take dated tags such as 12-01-2026 / 27-03-2026 (run_paper_plots.sh:155-156), which resolve here.","Tracked ROOT analysis output, ~25 MB, kept by an explicit .gitignore exception (.gitignore:11-13 '!AnalyzedData/**/*.root'). Produced by the UNSURE legacy analysis chain. Blocked on: are these still needed as reference samples, and should they live in git at all?"
AnalyzedData/27-03-2026/Beauty/hf_MONASH_sub8.root,root-data,,2026-04-29,Add separate-charge HF analyzed data for 27-03-2026,UNSURE,medium,0,,,"Nothing in the campaign pipeline reads AnalyzedData/. But the PtMultiplicity and FinalAnalysis plotting macros take dated tags such as 12-01-2026 / 27-03-2026 (run_paper_plots.sh:155-156), which resolve here.","Tracked ROOT analysis output, ~25 MB, kept by an explicit .gitignore exception (.gitignore:11-13 '!AnalyzedData/**/*.root'). Produced by the UNSURE legacy analysis chain. Blocked on: are these still needed as reference samples, and should they live in git at all?"
AnalyzedData/27-03-2026/Beauty/hf_MONASH_sub9.root,root-data,,2026-04-29,Add separate-charge HF analyzed data for 27-03-2026,UNSURE,medium,0,,,"Nothing in the campaign pipeline reads AnalyzedData/. But the PtMultiplicity and FinalAnalysis plotting macros take dated tags such as 12-01-2026 / 27-03-2026 (run_paper_plots.sh:155-156), which resolve here.","Tracked ROOT analysis output, ~25 MB, kept by an explicit .gitignore exception (.gitignore:11-13 '!AnalyzedData/**/*.root'). Produced by the UNSURE legacy analysis chain. Blocked on: are these still needed as reference samples, and should they live in git at all?"
AnalyzedData/27-03-2026/Charm/hf_JUNCTIONS_sub0.root,root-data,,2026-04-29,Add separate-charge HF analyzed data for 27-03-2026,UNSURE,medium,0,,,"Nothing in the campaign pipeline reads AnalyzedData/. But the PtMultiplicity and FinalAnalysis plotting macros take dated tags such as 12-01-2026 / 27-03-2026 (run_paper_plots.sh:155-156), which resolve here.","Tracked ROOT analysis output, ~25 MB, kept by an explicit .gitignore exception (.gitignore:11-13 '!AnalyzedData/**/*.root'). Produced by the UNSURE legacy analysis chain. Blocked on: are these still needed as reference samples, and should they live in git at all?"
AnalyzedData/27-03-2026/Charm/hf_JUNCTIONS_sub1.root,root-data,,2026-04-29,Add separate-charge HF analyzed data for 27-03-2026,UNSURE,medium,0,,,"Nothing in the campaign pipeline reads AnalyzedData/. But the PtMultiplicity and FinalAnalysis plotting macros take dated tags such as 12-01-2026 / 27-03-2026 (run_paper_plots.sh:155-156), which resolve here.","Tracked ROOT analysis output, ~25 MB, kept by an explicit .gitignore exception (.gitignore:11-13 '!AnalyzedData/**/*.root'). Produced by the UNSURE legacy analysis chain. Blocked on: are these still needed as reference samples, and should they live in git at all?"
AnalyzedData/27-03-2026/Charm/hf_JUNCTIONS_sub2.root,root-data,,2026-04-29,Add separate-charge HF analyzed data for 27-03-2026,UNSURE,medium,0,,,"Nothing in the campaign pipeline reads AnalyzedData/. But the PtMultiplicity and FinalAnalysis plotting macros take dated tags such as 12-01-2026 / 27-03-2026 (run_paper_plots.sh:155-156), which resolve here.","Tracked ROOT analysis output, ~25 MB, kept by an explicit .gitignore exception (.gitignore:11-13 '!AnalyzedData/**/*.root'). Produced by the UNSURE legacy analysis chain. Blocked on: are these still needed as reference samples, and should they live in git at all?"
AnalyzedData/27-03-2026/Charm/hf_JUNCTIONS_sub3.root,root-data,,2026-04-29,Add separate-charge HF analyzed data for 27-03-2026,UNSURE,medium,0,,,"Nothing in the campaign pipeline reads AnalyzedData/. But the PtMultiplicity and FinalAnalysis plotting macros take dated tags such as 12-01-2026 / 27-03-2026 (run_paper_plots.sh:155-156), which resolve here.","Tracked ROOT analysis output, ~25 MB, kept by an explicit .gitignore exception (.gitignore:11-13 '!AnalyzedData/**/*.root'). Produced by the UNSURE legacy analysis chain. Blocked on: are these still needed as reference samples, and should they live in git at all?"
AnalyzedData/27-03-2026/Charm/hf_JUNCTIONS_sub4.root,root-data,,2026-04-29,Add separate-charge HF analyzed data for 27-03-2026,UNSURE,medium,0,,,"Nothing in the campaign pipeline reads AnalyzedData/. But the PtMultiplicity and FinalAnalysis plotting macros take dated tags such as 12-01-2026 / 27-03-2026 (run_paper_plots.sh:155-156), which resolve here.","Tracked ROOT analysis output, ~25 MB, kept by an explicit .gitignore exception (.gitignore:11-13 '!AnalyzedData/**/*.root'). Produced by the UNSURE legacy analysis chain. Blocked on: are these still needed as reference samples, and should they live in git at all?"
AnalyzedData/27-03-2026/Charm/hf_JUNCTIONS_sub5.root,root-data,,2026-04-29,Add separate-charge HF analyzed data for 27-03-2026,UNSURE,medium,0,,,"Nothing in the campaign pipeline reads AnalyzedData/. But the PtMultiplicity and FinalAnalysis plotting macros take dated tags such as 12-01-2026 / 27-03-2026 (run_paper_plots.sh:155-156), which resolve here.","Tracked ROOT analysis output, ~25 MB, kept by an explicit .gitignore exception (.gitignore:11-13 '!AnalyzedData/**/*.root'). Produced by the UNSURE legacy analysis chain. Blocked on: are these still needed as reference samples, and should they live in git at all?"
AnalyzedData/27-03-2026/Charm/hf_JUNCTIONS_sub6.root,root-data,,2026-04-29,Add separate-charge HF analyzed data for 27-03-2026,UNSURE,medium,0,,,"Nothing in the campaign pipeline reads AnalyzedData/. But the PtMultiplicity and FinalAnalysis plotting macros take dated tags such as 12-01-2026 / 27-03-2026 (run_paper_plots.sh:155-156), which resolve here.","Tracked ROOT analysis output, ~25 MB, kept by an explicit .gitignore exception (.gitignore:11-13 '!AnalyzedData/**/*.root'). Produced by the UNSURE legacy analysis chain. Blocked on: are these still needed as reference samples, and should they live in git at all?"
AnalyzedData/27-03-2026/Charm/hf_JUNCTIONS_sub7.root,root-data,,2026-04-29,Add separate-charge HF analyzed data for 27-03-2026,UNSURE,medium,0,,,"Nothing in the campaign pipeline reads AnalyzedData/. But the PtMultiplicity and FinalAnalysis plotting macros take dated tags such as 12-01-2026 / 27-03-2026 (run_paper_plots.sh:155-156), which resolve here.","Tracked ROOT analysis output, ~25 MB, kept by an explicit .gitignore exception (.gitignore:11-13 '!AnalyzedData/**/*.root'). Produced by the UNSURE legacy analysis chain. Blocked on: are these still needed as reference samples, and should they live in git at all?"
AnalyzedData/27-03-2026/Charm/hf_JUNCTIONS_sub8.root,root-data,,2026-04-29,Add separate-charge HF analyzed data for 27-03-2026,UNSURE,medium,0,,,"Nothing in the campaign pipeline reads AnalyzedData/. But the PtMultiplicity and FinalAnalysis plotting macros take dated tags such as 12-01-2026 / 27-03-2026 (run_paper_plots.sh:155-156), which resolve here.","Tracked ROOT analysis output, ~25 MB, kept by an explicit .gitignore exception (.gitignore:11-13 '!AnalyzedData/**/*.root'). Produced by the UNSURE legacy analysis chain. Blocked on: are these still needed as reference samples, and should they live in git at all?"
AnalyzedData/27-03-2026/Charm/hf_JUNCTIONS_sub9.root,root-data,,2026-04-29,Add separate-charge HF analyzed data for 27-03-2026,UNSURE,medium,0,,,"Nothing in the campaign pipeline reads AnalyzedData/. But the PtMultiplicity and FinalAnalysis plotting macros take dated tags such as 12-01-2026 / 27-03-2026 (run_paper_plots.sh:155-156), which resolve here.","Tracked ROOT analysis output, ~25 MB, kept by an explicit .gitignore exception (.gitignore:11-13 '!AnalyzedData/**/*.root'). Produced by the UNSURE legacy analysis chain. Blocked on: are these still needed as reference samples, and should they live in git at all?"
AnalyzedData/27-03-2026/Charm/hf_MONASH_sub0.root,root-data,,2026-04-29,Add separate-charge HF analyzed data for 27-03-2026,UNSURE,medium,0,,,"Nothing in the campaign pipeline reads AnalyzedData/. But the PtMultiplicity and FinalAnalysis plotting macros take dated tags such as 12-01-2026 / 27-03-2026 (run_paper_plots.sh:155-156), which resolve here.","Tracked ROOT analysis output, ~25 MB, kept by an explicit .gitignore exception (.gitignore:11-13 '!AnalyzedData/**/*.root'). Produced by the UNSURE legacy analysis chain. Blocked on: are these still needed as reference samples, and should they live in git at all?"
AnalyzedData/27-03-2026/Charm/hf_MONASH_sub1.root,root-data,,2026-04-29,Add separate-charge HF analyzed data for 27-03-2026,UNSURE,medium,0,,,"Nothing in the campaign pipeline reads AnalyzedData/. But the PtMultiplicity and FinalAnalysis plotting macros take dated tags such as 12-01-2026 / 27-03-2026 (run_paper_plots.sh:155-156), which resolve here.","Tracked ROOT analysis output, ~25 MB, kept by an explicit .gitignore exception (.gitignore:11-13 '!AnalyzedData/**/*.root'). Produced by the UNSURE legacy analysis chain. Blocked on: are these still needed as reference samples, and should they live in git at all?"
AnalyzedData/27-03-2026/Charm/hf_MONASH_sub2.root,root-data,,2026-04-29,Add separate-charge HF analyzed data for 27-03-2026,UNSURE,medium,0,,,"Nothing in the campaign pipeline reads AnalyzedData/. But the PtMultiplicity and FinalAnalysis plotting macros take dated tags such as 12-01-2026 / 27-03-2026 (run_paper_plots.sh:155-156), which resolve here.","Tracked ROOT analysis output, ~25 MB, kept by an explicit .gitignore exception (.gitignore:11-13 '!AnalyzedData/**/*.root'). Produced by the UNSURE legacy analysis chain. Blocked on: are these still needed as reference samples, and should they live in git at all?"
AnalyzedData/27-03-2026/Charm/hf_MONASH_sub3.root,root-data,,2026-04-29,Add separate-charge HF analyzed data for 27-03-2026,UNSURE,medium,0,,,"Nothing in the campaign pipeline reads AnalyzedData/. But the PtMultiplicity and FinalAnalysis plotting macros take dated tags such as 12-01-2026 / 27-03-2026 (run_paper_plots.sh:155-156), which resolve here.","Tracked ROOT analysis output, ~25 MB, kept by an explicit .gitignore exception (.gitignore:11-13 '!AnalyzedData/**/*.root'). Produced by the UNSURE legacy analysis chain. Blocked on: are these still needed as reference samples, and should they live in git at all?"
AnalyzedData/27-03-2026/Charm/hf_MONASH_sub4.root,root-data,,2026-04-29,Add separate-charge HF analyzed data for 27-03-2026,UNSURE,medium,0,,,"Nothing in the campaign pipeline reads AnalyzedData/. But the PtMultiplicity and FinalAnalysis plotting macros take dated tags such as 12-01-2026 / 27-03-2026 (run_paper_plots.sh:155-156), which resolve here.","Tracked ROOT analysis output, ~25 MB, kept by an explicit .gitignore exception (.gitignore:11-13 '!AnalyzedData/**/*.root'). Produced by the UNSURE legacy analysis chain. Blocked on: are these still needed as reference samples, and should they live in git at all?"
AnalyzedData/27-03-2026/Charm/hf_MONASH_sub5.root,root-data,,2026-04-29,Add separate-charge HF analyzed data for 27-03-2026,UNSURE,medium,0,,,"Nothing in the campaign pipeline reads AnalyzedData/. But the PtMultiplicity and FinalAnalysis plotting macros take dated tags such as 12-01-2026 / 27-03-2026 (run_paper_plots.sh:155-156), which resolve here.","Tracked ROOT analysis output, ~25 MB, kept by an explicit .gitignore exception (.gitignore:11-13 '!AnalyzedData/**/*.root'). Produced by the UNSURE legacy analysis chain. Blocked on: are these still needed as reference samples, and should they live in git at all?"
AnalyzedData/27-03-2026/Charm/hf_MONASH_sub6.root,root-data,,2026-04-29,Add separate-charge HF analyzed data for 27-03-2026,UNSURE,medium,0,,,"Nothing in the campaign pipeline reads AnalyzedData/. But the PtMultiplicity and FinalAnalysis plotting macros take dated tags such as 12-01-2026 / 27-03-2026 (run_paper_plots.sh:155-156), which resolve here.","Tracked ROOT analysis output, ~25 MB, kept by an explicit .gitignore exception (.gitignore:11-13 '!AnalyzedData/**/*.root'). Produced by the UNSURE legacy analysis chain. Blocked on: are these still needed as reference samples, and should they live in git at all?"
AnalyzedData/27-03-2026/Charm/hf_MONASH_sub7.root,root-data,,2026-04-29,Add separate-charge HF analyzed data for 27-03-2026,UNSURE,medium,0,,,"Nothing in the campaign pipeline reads AnalyzedData/. But the PtMultiplicity and FinalAnalysis plotting macros take dated tags such as 12-01-2026 / 27-03-2026 (run_paper_plots.sh:155-156), which resolve here.","Tracked ROOT analysis output, ~25 MB, kept by an explicit .gitignore exception (.gitignore:11-13 '!AnalyzedData/**/*.root'). Produced by the UNSURE legacy analysis chain. Blocked on: are these still needed as reference samples, and should they live in git at all?"
AnalyzedData/27-03-2026/Charm/hf_MONASH_sub8.root,root-data,,2026-04-29,Add separate-charge HF analyzed data for 27-03-2026,UNSURE,medium,0,,,"Nothing in the campaign pipeline reads AnalyzedData/. But the PtMultiplicity and FinalAnalysis plotting macros take dated tags such as 12-01-2026 / 27-03-2026 (run_paper_plots.sh:155-156), which resolve here.","Tracked ROOT analysis output, ~25 MB, kept by an explicit .gitignore exception (.gitignore:11-13 '!AnalyzedData/**/*.root'). Produced by the UNSURE legacy analysis chain. Blocked on: are these still needed as reference samples, and should they live in git at all?"
AnalyzedData/27-03-2026/Charm/hf_MONASH_sub9.root,root-data,,2026-04-29,Add separate-charge HF analyzed data for 27-03-2026,UNSURE,medium,0,,,"Nothing in the campaign pipeline reads AnalyzedData/. But the PtMultiplicity and FinalAnalysis plotting macros take dated tags such as 12-01-2026 / 27-03-2026 (run_paper_plots.sh:155-156), which resolve here.","Tracked ROOT analysis output, ~25 MB, kept by an explicit .gitignore exception (.gitignore:11-13 '!AnalyzedData/**/*.root'). Produced by the UNSURE legacy analysis chain. Blocked on: are these still needed as reference samples, and should they live in git at all?"
Balancing_and_Sampling/ATTENTION.txt,text,5,2026-02-24,Updated strucutre and comments,UNSURE,medium,0,REPOSITORY_FILE_CATALOG.md:255(doc); REPOSITORY_FILE_CATALOG.md:256(doc),,"Nothing in the campaign pipeline. PlottingScripts/B_Balancing_GeneralPlotting.C is #included by Balancing_and_Sampling/B_Balancing_GeneralPlotting.C:1, so the set is internally coupled and must go together or not at all.","2024-era balancing/sampling study, whole directory last touched e2d18da7c 2026-02-24 / 30341d5c1 2026-03-28. Zero edges into live code. Blocked on: is any of this a provenance record for a published/thesis result?"
Balancing_and_Sampling/ATTENTION.txt~,editor-backup,1,2026-02-24,Updated strucutre and comments,STALE,high,0,REPOSITORY_FILE_CATALOG.md:256(doc),,Nothing.,Editor backup file under version control. Zero code inbound; not in any Makefile; not ROOT-loaded. Last change e2d18da7c 2026-02-24.
Balancing_and_Sampling/B_Balancing.C,other,501,2026-02-24,Updated strucutre and comments,UNSURE,medium,1,Balancing_and_Sampling/doubleCounting.C:1; REPOSITORY_FILE_CATALOG.md:257(doc),,"Nothing in the campaign pipeline. PlottingScripts/B_Balancing_GeneralPlotting.C is #included by Balancing_and_Sampling/B_Balancing_GeneralPlotting.C:1, so the set is internally coupled and must go together or not at all.","2024-era balancing/sampling study, whole directory last touched e2d18da7c 2026-02-24 / 30341d5c1 2026-03-28. Zero edges into live code. Blocked on: is any of this a provenance record for a published/thesis result?"
Balancing_and_Sampling/B_Balancing_CompareSimulationSettings.C,other,305,2026-02-24,Updated strucutre and comments,UNSURE,medium,0,Balancing_and_Sampling/B_Balancing_CompareSimulationSettings.C~:1(doc); REPOSITORY_FILE_CATALOG.md:258(doc); REPOSITORY_FILE_CATALOG.md:259(doc); REPOSITORY_FILE_CATALOG.md:611(doc),RootFiles/OlderProductions/DpDmBpBm_Comparison_RootFiles/DESCRIPTIONS.txt,"Nothing in the campaign pipeline. PlottingScripts/B_Balancing_GeneralPlotting.C is #included by Balancing_and_Sampling/B_Balancing_GeneralPlotting.C:1, so the set is internally coupled and must go together or not at all.","2024-era balancing/sampling study, whole directory last touched e2d18da7c 2026-02-24 / 30341d5c1 2026-03-28. Zero edges into live code. Blocked on: is any of this a provenance record for a published/thesis result?"
Balancing_and_Sampling/B_Balancing_CompareSimulationSettings.C~,editor-backup,288,2026-02-24,Updated strucutre and comments,STALE,high,0,REPOSITORY_FILE_CATALOG.md:258(doc); REPOSITORY_FILE_CATALOG.md:259(doc); REPOSITORY_FILE_CATALOG.md:611(doc),,Nothing.,Editor backup file under version control. Zero code inbound; not in any Makefile; not ROOT-loaded. Last change e2d18da7c 2026-02-24.
Balancing_and_Sampling/B_Balancing_GeneralPlotting.C,other,3051,2026-02-24,Updated strucutre and comments,UNSURE,medium,2,Other/B_Balancing_GeneralPlotting_BEFORE_DOCUMENTATION.C:1; PlottingScripts/B_Balancing_GeneralPlotting.C:1; Balancing_and_Sampling/CalculateErrors/B_Balancing_MakeOutputYields.C~:1(doc); PlottingScripts/README.md:501(doc); REPOSITORY_FILE_CATALOG.md:260(doc); REPOSITORY_FILE_CATALOG.md:307(doc); REPOSITORY_FILE_CATALOG.md:309(doc); REPOSITORY_FILE_CATALOG.md:311(doc) (+8 more),Balancing_and_Sampling/Plots/globalCanvasRelativeYieldsMACRO.C; Balancing_and_Sampling/Plots/globalCanvasYieldsMACRO.C; Balancing_and_Sampling/vRelYieldsErrBBMULTCONDENSED.txt; Balancing_and_Sampling/vRelYieldsRatioErrBBMULTCONDENSED.txt; Balancing_and_Sampling/vYieldsErrBBMULTCONDENSED.txt; Balancing_and_Sampling/vYieldsRatioErrBBMULTCONDENSED.txt; PlottingScripts/B_Balancing_GeneralPlotting.C,"Nothing in the campaign pipeline. PlottingScripts/B_Balancing_GeneralPlotting.C is #included by Balancing_and_Sampling/B_Balancing_GeneralPlotting.C:1, so the set is internally coupled and must go together or not at all.","2024-era balancing/sampling study, whole directory last touched e2d18da7c 2026-02-24 / 30341d5c1 2026-03-28. Zero edges into live code. Blocked on: is any of this a provenance record for a published/thesis result?"
Balancing_and_Sampling/B_Balancing_MakeOutputYields.C,other,1823,2026-02-24,Updated strucutre and comments,UNSURE,medium,4,Balancing_and_Sampling/CalculateErrors/B_Balancing_MakeOutputYields.C:1; Balancing_and_Sampling/CalculateErrors/B_Balancing_MakeOutputYields.C:988; Balancing_and_Sampling/CalculateErrors/GenerateOutputs.sh:31; Balancing_and_Sampling/GenerateOutputs.sh:33; Balancing_and_Sampling/B_Balancing_MakeOutputYields.C~:1(doc); Balancing_and_Sampling/B_Balancing_MakeOutputYields.C~:990(doc); Balancing_and_Sampling/CalculateErrors/GenerateOutputs.sh~:5(doc); REPOSITORY_FILE_CATALOG.md:261(doc) (+3 more),Balancing_and_Sampling/CalculateErrors/B_Balancing_MakeOutputYields.C,"Nothing in the campaign pipeline. PlottingScripts/B_Balancing_GeneralPlotting.C is #included by Balancing_and_Sampling/B_Balancing_GeneralPlotting.C:1, so the set is internally coupled and must go together or not at all.","2024-era balancing/sampling study, whole directory last touched e2d18da7c 2026-02-24 / 30341d5c1 2026-03-28. Zero edges into live code. Blocked on: is any of this a provenance record for a published/thesis result?"
Balancing_and_Sampling/B_Balancing_MakeOutputYields.C~,editor-backup,1660,2026-02-24,Updated strucutre and comments,STALE,high,0,REPOSITORY_FILE_CATALOG.md:262(doc); REPOSITORY_FILE_CATALOG.md:264(doc),,Nothing.,Editor backup file under version control. Zero code inbound; not in any Makefile; not ROOT-loaded. Last change e2d18da7c 2026-02-24.
Balancing_and_Sampling/CalculateErrors/B_Balancing_MakeOutputYields.C,other,1658,2026-02-24,Updated strucutre and comments,UNSURE,medium,4,Balancing_and_Sampling/B_Balancing_MakeOutputYields.C:1; Balancing_and_Sampling/B_Balancing_MakeOutputYields.C:1153; Balancing_and_Sampling/CalculateErrors/GenerateOutputs.sh:31; Balancing_and_Sampling/GenerateOutputs.sh:33; Balancing_and_Sampling/B_Balancing_MakeOutputYields.C~:1(doc); Balancing_and_Sampling/B_Balancing_MakeOutputYields.C~:990(doc); Balancing_and_Sampling/CalculateErrors/GenerateOutputs.sh~:5(doc); REPOSITORY_FILE_CATALOG.md:261(doc) (+3 more),Balancing_and_Sampling/B_Balancing_MakeOutputYields.C,"Nothing in the campaign pipeline. PlottingScripts/B_Balancing_GeneralPlotting.C is #included by Balancing_and_Sampling/B_Balancing_GeneralPlotting.C:1, so the set is internally coupled and must go together or not at all.","2024-era balancing/sampling study, whole directory last touched e2d18da7c 2026-02-24 / 30341d5c1 2026-03-28. Zero edges into live code. Blocked on: is any of this a provenance record for a published/thesis result?"
Balancing_and_Sampling/CalculateErrors/B_Balancing_MakeOutputYields.C~,editor-backup,1404,2026-02-24,Updated strucutre and comments,STALE,high,0,REPOSITORY_FILE_CATALOG.md:262(doc); REPOSITORY_FILE_CATALOG.md:264(doc),,Nothing.,Editor backup file under version control. Zero code inbound; not in any Makefile; not ROOT-loaded. Last change e2d18da7c 2026-02-24.
Balancing_and_Sampling/CalculateErrors/GenerateOutputs.sh,shell,32,2026-03-28,General cleanup,UNSURE,medium,0,REPOSITORY_FILE_CATALOG.md:265(doc); REPOSITORY_FILE_CATALOG.md:266(doc); REPOSITORY_FILE_CATALOG.md:276(doc); docs/WORKSPACE.md:118(doc); docs/WORKSPACE.md:119(doc),Balancing_and_Sampling/B_Balancing_MakeOutputYields.C; Balancing_and_Sampling/CalculateErrors/B_Balancing_MakeOutputYields.C; setupEnv.sh,"Nothing in the campaign pipeline. PlottingScripts/B_Balancing_GeneralPlotting.C is #included by Balancing_and_Sampling/B_Balancing_GeneralPlotting.C:1, so the set is internally coupled and must go together or not at all.","2024-era balancing/sampling study, whole directory last touched e2d18da7c 2026-02-24 / 30341d5c1 2026-03-28. Zero edges into live code. Blocked on: is any of this a provenance record for a published/thesis result?"
Balancing_and_Sampling/CalculateErrors/GenerateOutputs.sh~,editor-backup,6,2026-02-24,Updated strucutre and comments,STALE,high,0,REPOSITORY_FILE_CATALOG.md:266(doc),,Nothing.,Editor backup file under version control. Zero code inbound; not in any Makefile; not ROOT-loaded. Last change e2d18da7c 2026-02-24.
Balancing_and_Sampling/CalculateErrors/Plots/canvasBpMonashErrors.pdf,generated-figure,,2026-02-24,Updated strucutre and comments,STALE,high,0,,,Nothing executes. You lose an archived copy of a figure that the plotting macros regenerate.,"Generated plot artifact. .C files carry the ROOT header 'Macro generated from canvas ... by ROOT version'. .gitignore:53-55 already declares PlottingScripts/Plots/, PlottingScripts/**/Plots/ and Balancing_and_Sampling/**/Plots/ ignored - these predate the rule. PlottingScripts/validation/removed_tracked_plot_inventory.txt records 78 such files already removed."
Balancing_and_Sampling/CalculateErrors/vRelYieldsErrBBMULTGENERAL.txt~,editor-backup,64,2026-02-24,Updated strucutre and comments,STALE,high,0,REPOSITORY_FILE_CATALOG.md:268(doc),,Nothing.,Editor backup file under version control. Zero code inbound; not in any Makefile; not ROOT-loaded. Last change e2d18da7c 2026-02-24.
Balancing_and_Sampling/CalculateErrors/vRelYieldsRatioErrBBMULTGENERAL.txt~,editor-backup,32,2026-02-24,Updated strucutre and comments,STALE,high,0,REPOSITORY_FILE_CATALOG.md:269(doc),,Nothing.,Editor backup file under version control. Zero code inbound; not in any Makefile; not ROOT-loaded. Last change e2d18da7c 2026-02-24.
Balancing_and_Sampling/CalculateErrors/vYieldsRatioErrBBMULTGENERAL.txt~,editor-backup,32,2026-02-24,Updated strucutre and comments,STALE,high,0,REPOSITORY_FILE_CATALOG.md:270(doc),,Nothing.,Editor backup file under version control. Zero code inbound; not in any Makefile; not ROOT-loaded. Last change e2d18da7c 2026-02-24.
Balancing_and_Sampling/CalculateErrors/yieldSampling.C~,editor-backup,4,2026-02-24,Updated strucutre and comments,STALE,high,0,REPOSITORY_FILE_CATALOG.md:271(doc),,Nothing.,Editor backup file under version control. Zero code inbound; not in any Makefile; not ROOT-loaded. Last change e2d18da7c 2026-02-24.
Balancing_and_Sampling/CalculateErrors/yieldSampling_BB.C,other,688,2026-02-24,Updated strucutre and comments,UNSURE,medium,0,REPOSITORY_FILE_CATALOG.md:267(doc); REPOSITORY_FILE_CATALOG.md:272(doc); REPOSITORY_FILE_CATALOG.md:273(doc),,"Nothing in the campaign pipeline. PlottingScripts/B_Balancing_GeneralPlotting.C is #included by Balancing_and_Sampling/B_Balancing_GeneralPlotting.C:1, so the set is internally coupled and must go together or not at all.","2024-era balancing/sampling study, whole directory last touched e2d18da7c 2026-02-24 / 30341d5c1 2026-03-28. Zero edges into live code. Blocked on: is any of this a provenance record for a published/thesis result?"
Balancing_and_Sampling/CalculateErrors/yieldSampling_BB.C~,editor-backup,639,2026-02-24,Updated strucutre and comments,STALE,high,0,REPOSITORY_FILE_CATALOG.md:273(doc),,Nothing.,Editor backup file under version control. Zero code inbound; not in any Makefile; not ROOT-loaded. Last change e2d18da7c 2026-02-24.
Balancing_and_Sampling/CalculateErrors/yieldSampling_CC.C,other,639,2026-02-24,Updated strucutre and comments,UNSURE,medium,0,Balancing_and_Sampling/CalculateErrors/yieldSampling_CC.C~:1(doc); REPOSITORY_FILE_CATALOG.md:274(doc); REPOSITORY_FILE_CATALOG.md:275(doc),,"Nothing in the campaign pipeline. PlottingScripts/B_Balancing_GeneralPlotting.C is #included by Balancing_and_Sampling/B_Balancing_GeneralPlotting.C:1, so the set is internally coupled and must go together or not at all.","2024-era balancing/sampling study, whole directory last touched e2d18da7c 2026-02-24 / 30341d5c1 2026-03-28. Zero edges into live code. Blocked on: is any of this a provenance record for a published/thesis result?"
Balancing_and_Sampling/CalculateErrors/yieldSampling_CC.C~,editor-backup,639,2026-02-24,Updated strucutre and comments,STALE,high,0,REPOSITORY_FILE_CATALOG.md:274(doc); REPOSITORY_FILE_CATALOG.md:275(doc),,Nothing.,Editor backup file under version control. Zero code inbound; not in any Makefile; not ROOT-loaded. Last change e2d18da7c 2026-02-24.
Balancing_and_Sampling/GenerateOutputs.sh,shell,34,2026-03-28,General cleanup,UNSURE,medium,0,REPOSITORY_FILE_CATALOG.md:265(doc); REPOSITORY_FILE_CATALOG.md:266(doc); REPOSITORY_FILE_CATALOG.md:276(doc); docs/WORKSPACE.md:118(doc); docs/WORKSPACE.md:119(doc),Balancing_and_Sampling/B_Balancing_MakeOutputYields.C; Balancing_and_Sampling/CalculateErrors/B_Balancing_MakeOutputYields.C; setupEnv.sh,"Nothing in the campaign pipeline. PlottingScripts/B_Balancing_GeneralPlotting.C is #included by Balancing_and_Sampling/B_Balancing_GeneralPlotting.C:1, so the set is internally coupled and must go together or not at all.","2024-era balancing/sampling study, whole directory last touched e2d18da7c 2026-02-24 / 30341d5c1 2026-03-28. Zero edges into live code. Blocked on: is any of this a provenance record for a published/thesis result?"
Balancing_and_Sampling/Plots/MACRO_cRelYields_Error_YieldsTree_BBMULTCONDENSED_beauty_Lb.C,generated-artifact,324,2026-02-24,Updated strucutre and comments,STALE,high,0,REPOSITORY_FILE_CATALOG.md:277(doc),,Nothing executes. You lose an archived copy of a figure that the plotting macros regenerate.,"Generated plot artifact. .C files carry the ROOT header 'Macro generated from canvas ... by ROOT version'. .gitignore:53-55 already declares PlottingScripts/Plots/, PlottingScripts/**/Plots/ and Balancing_and_Sampling/**/Plots/ ignored - these predate the rule. PlottingScripts/validation/removed_tracked_plot_inventory.txt records 78 such files already removed."
Balancing_and_Sampling/Plots/MACRO_cRelYields_Error_YieldsTree_BBMULTGENERAL_beauty_Lb.C,generated-artifact,462,2026-02-24,Updated strucutre and comments,STALE,high,0,REPOSITORY_FILE_CATALOG.md:278(doc),,Nothing executes. You lose an archived copy of a figure that the plotting macros regenerate.,"Generated plot artifact. .C files carry the ROOT header 'Macro generated from canvas ... by ROOT version'. .gitignore:53-55 already declares PlottingScripts/Plots/, PlottingScripts/**/Plots/ and Balancing_and_Sampling/**/Plots/ ignored - these predate the rule. PlottingScripts/validation/removed_tracked_plot_inventory.txt records 78 such files already removed."
Balancing_and_Sampling/Plots/MACRO_cRelYields_Error_YieldsTree_BBMULTGENERAL_beauty_LbSb.C,generated-artifact,829,2026-02-24,Updated strucutre and comments,STALE,high,0,REPOSITORY_FILE_CATALOG.md:279(doc),,Nothing executes. You lose an archived copy of a figure that the plotting macros regenerate.,"Generated plot artifact. .C files carry the ROOT header 'Macro generated from canvas ... by ROOT version'. .gitignore:53-55 already declares PlottingScripts/Plots/, PlottingScripts/**/Plots/ and Balancing_and_Sampling/**/Plots/ ignored - these predate the rule. PlottingScripts/validation/removed_tracked_plot_inventory.txt records 78 such files already removed."
Balancing_and_Sampling/Plots/MACRO_cRelYields_Error_YieldsTree_CCMULTCONDENSED_charm_Lc.C,generated-artifact,324,2026-02-24,Updated strucutre and comments,STALE,high,0,REPOSITORY_FILE_CATALOG.md:280(doc),,Nothing executes. You lose an archived copy of a figure that the plotting macros regenerate.,"Generated plot artifact. .C files carry the ROOT header 'Macro generated from canvas ... by ROOT version'. .gitignore:53-55 already declares PlottingScripts/Plots/, PlottingScripts/**/Plots/ and Balancing_and_Sampling/**/Plots/ ignored - these predate the rule. PlottingScripts/validation/removed_tracked_plot_inventory.txt records 78 such files already removed."
Balancing_and_Sampling/Plots/MACRO_cRelYields_Error_YieldsTree_CCMULTGENERAL_charm_Lc.C,generated-artifact,462,2026-02-24,Updated strucutre and comments,STALE,high,0,REPOSITORY_FILE_CATALOG.md:281(doc),,Nothing executes. You lose an archived copy of a figure that the plotting macros regenerate.,"Generated plot artifact. .C files carry the ROOT header 'Macro generated from canvas ... by ROOT version'. .gitignore:53-55 already declares PlottingScripts/Plots/, PlottingScripts/**/Plots/ and Balancing_and_Sampling/**/Plots/ ignored - these predate the rule. PlottingScripts/validation/removed_tracked_plot_inventory.txt records 78 such files already removed."
Balancing_and_Sampling/Plots/MACRO_cRelYields_Error_YieldsTree_CCMULTGENERAL_charm_LcSc.C,generated-artifact,828,2026-02-24,Updated strucutre and comments,STALE,high,0,REPOSITORY_FILE_CATALOG.md:282(doc),,Nothing executes. You lose an archived copy of a figure that the plotting macros regenerate.,"Generated plot artifact. .C files carry the ROOT header 'Macro generated from canvas ... by ROOT version'. .gitignore:53-55 already declares PlottingScripts/Plots/, PlottingScripts/**/Plots/ and Balancing_and_Sampling/**/Plots/ ignored - these predate the rule. PlottingScripts/validation/removed_tracked_plot_inventory.txt records 78 such files already removed."
Balancing_and_Sampling/Plots/MACRO_cYields_Error_YieldsTree_BBMULTCONDENSED.C,generated-artifact,1842,2026-02-24,Updated strucutre and comments,STALE,high,0,REPOSITORY_FILE_CATALOG.md:283(doc),,Nothing executes. You lose an archived copy of a figure that the plotting macros regenerate.,"Generated plot artifact. .C files carry the ROOT header 'Macro generated from canvas ... by ROOT version'. .gitignore:53-55 already declares PlottingScripts/Plots/, PlottingScripts/**/Plots/ and Balancing_and_Sampling/**/Plots/ ignored - these predate the rule. PlottingScripts/validation/removed_tracked_plot_inventory.txt records 78 such files already removed."
Balancing_and_Sampling/Plots/MACRO_cYields_Error_YieldsTree_BBMULTGENERAL.C,generated-artifact,3165,2026-02-24,Updated strucutre and comments,STALE,high,0,REPOSITORY_FILE_CATALOG.md:284(doc),,Nothing executes. You lose an archived copy of a figure that the plotting macros regenerate.,"Generated plot artifact. .C files carry the ROOT header 'Macro generated from canvas ... by ROOT version'. .gitignore:53-55 already declares PlottingScripts/Plots/, PlottingScripts/**/Plots/ and Balancing_and_Sampling/**/Plots/ ignored - these predate the rule. PlottingScripts/validation/removed_tracked_plot_inventory.txt records 78 such files already removed."
Balancing_and_Sampling/Plots/MACRO_cYields_Error_YieldsTree_CCMULTCONDENSED.C,generated-artifact,1633,2026-02-24,Updated strucutre and comments,STALE,high,0,REPOSITORY_FILE_CATALOG.md:285(doc),,Nothing executes. You lose an archived copy of a figure that the plotting macros regenerate.,"Generated plot artifact. .C files carry the ROOT header 'Macro generated from canvas ... by ROOT version'. .gitignore:53-55 already declares PlottingScripts/Plots/, PlottingScripts/**/Plots/ and Balancing_and_Sampling/**/Plots/ ignored - these predate the rule. PlottingScripts/validation/removed_tracked_plot_inventory.txt records 78 such files already removed."
Balancing_and_Sampling/Plots/MACRO_cYields_Error_YieldsTree_CCMULTGENERAL.C,generated-artifact,2794,2026-02-24,Updated strucutre and comments,STALE,high,0,REPOSITORY_FILE_CATALOG.md:286(doc),,Nothing executes. You lose an archived copy of a figure that the plotting macros regenerate.,"Generated plot artifact. .C files carry the ROOT header 'Macro generated from canvas ... by ROOT version'. .gitignore:53-55 already declares PlottingScripts/Plots/, PlottingScripts/**/Plots/ and Balancing_and_Sampling/**/Plots/ ignored - these predate the rule. PlottingScripts/validation/removed_tracked_plot_inventory.txt records 78 such files already removed."
Balancing_and_Sampling/Plots/PDF_cRelYields_Error_YieldsTree_BBMULTCONDENSED_beauty_Lb.pdf,generated-figure,,2026-02-24,Updated strucutre and comments,STALE,high,0,,,Nothing executes. You lose an archived copy of a figure that the plotting macros regenerate.,"Generated plot artifact. .C files carry the ROOT header 'Macro generated from canvas ... by ROOT version'. .gitignore:53-55 already declares PlottingScripts/Plots/, PlottingScripts/**/Plots/ and Balancing_and_Sampling/**/Plots/ ignored - these predate the rule. PlottingScripts/validation/removed_tracked_plot_inventory.txt records 78 such files already removed."
Balancing_and_Sampling/Plots/PDF_cRelYields_Error_YieldsTree_BBMULTGENERAL_beauty_Lb.pdf,generated-figure,,2026-02-24,Updated strucutre and comments,STALE,high,0,,,Nothing executes. You lose an archived copy of a figure that the plotting macros regenerate.,"Generated plot artifact. .C files carry the ROOT header 'Macro generated from canvas ... by ROOT version'. .gitignore:53-55 already declares PlottingScripts/Plots/, PlottingScripts/**/Plots/ and Balancing_and_Sampling/**/Plots/ ignored - these predate the rule. PlottingScripts/validation/removed_tracked_plot_inventory.txt records 78 such files already removed."
Balancing_and_Sampling/Plots/PDF_cRelYields_Error_YieldsTree_BBMULTGENERAL_beauty_LbSb.pdf,generated-figure,,2026-02-24,Updated strucutre and comments,STALE,high,0,,,Nothing executes. You lose an archived copy of a figure that the plotting macros regenerate.,"Generated plot artifact. .C files carry the ROOT header 'Macro generated from canvas ... by ROOT version'. .gitignore:53-55 already declares PlottingScripts/Plots/, PlottingScripts/**/Plots/ and Balancing_and_Sampling/**/Plots/ ignored - these predate the rule. PlottingScripts/validation/removed_tracked_plot_inventory.txt records 78 such files already removed."
Balancing_and_Sampling/Plots/PDF_cRelYields_Error_YieldsTree_CCMULTCONDENSED_charm_Lc.pdf,generated-figure,,2026-02-24,Updated strucutre and comments,STALE,high,0,,,Nothing executes. You lose an archived copy of a figure that the plotting macros regenerate.,"Generated plot artifact. .C files carry the ROOT header 'Macro generated from canvas ... by ROOT version'. .gitignore:53-55 already declares PlottingScripts/Plots/, PlottingScripts/**/Plots/ and Balancing_and_Sampling/**/Plots/ ignored - these predate the rule. PlottingScripts/validation/removed_tracked_plot_inventory.txt records 78 such files already removed."
Balancing_and_Sampling/Plots/PDF_cRelYields_Error_YieldsTree_CCMULTGENERAL_charm_Lc.pdf,generated-figure,,2026-02-24,Updated strucutre and comments,STALE,high,0,,,Nothing executes. You lose an archived copy of a figure that the plotting macros regenerate.,"Generated plot artifact. .C files carry the ROOT header 'Macro generated from canvas ... by ROOT version'. .gitignore:53-55 already declares PlottingScripts/Plots/, PlottingScripts/**/Plots/ and Balancing_and_Sampling/**/Plots/ ignored - these predate the rule. PlottingScripts/validation/removed_tracked_plot_inventory.txt records 78 such files already removed."
Balancing_and_Sampling/Plots/PDF_cRelYields_Error_YieldsTree_CCMULTGENERAL_charm_LcSc.pdf,generated-figure,,2026-02-24,Updated strucutre and comments,STALE,high,0,,,Nothing executes. You lose an archived copy of a figure that the plotting macros regenerate.,"Generated plot artifact. .C files carry the ROOT header 'Macro generated from canvas ... by ROOT version'. .gitignore:53-55 already declares PlottingScripts/Plots/, PlottingScripts/**/Plots/ and Balancing_and_Sampling/**/Plots/ ignored - these predate the rule. PlottingScripts/validation/removed_tracked_plot_inventory.txt records 78 such files already removed."
Balancing_and_Sampling/Plots/PDF_cYields_Error_YieldsTree_BBMULTCONDENSED.pdf,generated-figure,,2026-02-24,Updated strucutre and comments,STALE,high,0,,,Nothing executes. You lose an archived copy of a figure that the plotting macros regenerate.,"Generated plot artifact. .C files carry the ROOT header 'Macro generated from canvas ... by ROOT version'. .gitignore:53-55 already declares PlottingScripts/Plots/, PlottingScripts/**/Plots/ and Balancing_and_Sampling/**/Plots/ ignored - these predate the rule. PlottingScripts/validation/removed_tracked_plot_inventory.txt records 78 such files already removed."
Balancing_and_Sampling/Plots/PDF_cYields_Error_YieldsTree_BBMULTGENERAL.pdf,generated-figure,,2026-02-24,Updated strucutre and comments,STALE,high,0,,,Nothing executes. You lose an archived copy of a figure that the plotting macros regenerate.,"Generated plot artifact. .C files carry the ROOT header 'Macro generated from canvas ... by ROOT version'. .gitignore:53-55 already declares PlottingScripts/Plots/, PlottingScripts/**/Plots/ and Balancing_and_Sampling/**/Plots/ ignored - these predate the rule. PlottingScripts/validation/removed_tracked_plot_inventory.txt records 78 such files already removed."
Balancing_and_Sampling/Plots/PDF_cYields_Error_YieldsTree_CCMULTCONDENSED.pdf,generated-figure,,2026-02-24,Updated strucutre and comments,STALE,high,0,,,Nothing executes. You lose an archived copy of a figure that the plotting macros regenerate.,"Generated plot artifact. .C files carry the ROOT header 'Macro generated from canvas ... by ROOT version'. .gitignore:53-55 already declares PlottingScripts/Plots/, PlottingScripts/**/Plots/ and Balancing_and_Sampling/**/Plots/ ignored - these predate the rule. PlottingScripts/validation/removed_tracked_plot_inventory.txt records 78 such files already removed."
Balancing_and_Sampling/Plots/PDF_cYields_Error_YieldsTree_CCMULTGENERAL.pdf,generated-figure,,2026-02-24,Updated strucutre and comments,STALE,high,0,,,Nothing executes. You lose an archived copy of a figure that the plotting macros regenerate.,"Generated plot artifact. .C files carry the ROOT header 'Macro generated from canvas ... by ROOT version'. .gitignore:53-55 already declares PlottingScripts/Plots/, PlottingScripts/**/Plots/ and Balancing_and_Sampling/**/Plots/ ignored - these predate the rule. PlottingScripts/validation/removed_tracked_plot_inventory.txt records 78 such files already removed."
Balancing_and_Sampling/Plots/PNG_cRelYields_Error_YieldsTree_BBMULTCONDENSED_beauty_Lb.png,generated-figure,,2026-02-24,Updated strucutre and comments,STALE,high,0,,,Nothing executes. You lose an archived copy of a figure that the plotting macros regenerate.,"Generated plot artifact. .C files carry the ROOT header 'Macro generated from canvas ... by ROOT version'. .gitignore:53-55 already declares PlottingScripts/Plots/, PlottingScripts/**/Plots/ and Balancing_and_Sampling/**/Plots/ ignored - these predate the rule. PlottingScripts/validation/removed_tracked_plot_inventory.txt records 78 such files already removed."
Balancing_and_Sampling/Plots/PNG_cRelYields_Error_YieldsTree_BBMULTGENERAL_beauty_Lb.png,generated-figure,,2026-02-24,Updated strucutre and comments,STALE,high,0,,,Nothing executes. You lose an archived copy of a figure that the plotting macros regenerate.,"Generated plot artifact. .C files carry the ROOT header 'Macro generated from canvas ... by ROOT version'. .gitignore:53-55 already declares PlottingScripts/Plots/, PlottingScripts/**/Plots/ and Balancing_and_Sampling/**/Plots/ ignored - these predate the rule. PlottingScripts/validation/removed_tracked_plot_inventory.txt records 78 such files already removed."
Balancing_and_Sampling/Plots/PNG_cRelYields_Error_YieldsTree_BBMULTGENERAL_beauty_LbSb.png,generated-figure,,2026-02-24,Updated strucutre and comments,STALE,high,0,,,Nothing executes. You lose an archived copy of a figure that the plotting macros regenerate.,"Generated plot artifact. .C files carry the ROOT header 'Macro generated from canvas ... by ROOT version'. .gitignore:53-55 already declares PlottingScripts/Plots/, PlottingScripts/**/Plots/ and Balancing_and_Sampling/**/Plots/ ignored - these predate the rule. PlottingScripts/validation/removed_tracked_plot_inventory.txt records 78 such files already removed."
Balancing_and_Sampling/Plots/PNG_cRelYields_Error_YieldsTree_CCMULTCONDENSED_charm_Lc.png,generated-figure,,2026-02-24,Updated strucutre and comments,STALE,high,0,,,Nothing executes. You lose an archived copy of a figure that the plotting macros regenerate.,"Generated plot artifact. .C files carry the ROOT header 'Macro generated from canvas ... by ROOT version'. .gitignore:53-55 already declares PlottingScripts/Plots/, PlottingScripts/**/Plots/ and Balancing_and_Sampling/**/Plots/ ignored - these predate the rule. PlottingScripts/validation/removed_tracked_plot_inventory.txt records 78 such files already removed."
Balancing_and_Sampling/Plots/PNG_cRelYields_Error_YieldsTree_CCMULTGENERAL_charm_Lc.png,generated-figure,,2026-02-24,Updated strucutre and comments,STALE,high,0,,,Nothing executes. You lose an archived copy of a figure that the plotting macros regenerate.,"Generated plot artifact. .C files carry the ROOT header 'Macro generated from canvas ... by ROOT version'. .gitignore:53-55 already declares PlottingScripts/Plots/, PlottingScripts/**/Plots/ and Balancing_and_Sampling/**/Plots/ ignored - these predate the rule. PlottingScripts/validation/removed_tracked_plot_inventory.txt records 78 such files already removed."
Balancing_and_Sampling/Plots/PNG_cRelYields_Error_YieldsTree_CCMULTGENERAL_charm_LcSc.png,generated-figure,,2026-02-24,Updated strucutre and comments,STALE,high,0,,,Nothing executes. You lose an archived copy of a figure that the plotting macros regenerate.,"Generated plot artifact. .C files carry the ROOT header 'Macro generated from canvas ... by ROOT version'. .gitignore:53-55 already declares PlottingScripts/Plots/, PlottingScripts/**/Plots/ and Balancing_and_Sampling/**/Plots/ ignored - these predate the rule. PlottingScripts/validation/removed_tracked_plot_inventory.txt records 78 such files already removed."
Balancing_and_Sampling/Plots/PNG_cYields_Error_YieldsTree_BBMULTCONDENSED.png,generated-figure,,2026-02-24,Updated strucutre and comments,STALE,high,0,,,Nothing executes. You lose an archived copy of a figure that the plotting macros regenerate.,"Generated plot artifact. .C files carry the ROOT header 'Macro generated from canvas ... by ROOT version'. .gitignore:53-55 already declares PlottingScripts/Plots/, PlottingScripts/**/Plots/ and Balancing_and_Sampling/**/Plots/ ignored - these predate the rule. PlottingScripts/validation/removed_tracked_plot_inventory.txt records 78 such files already removed."
Balancing_and_Sampling/Plots/PNG_cYields_Error_YieldsTree_BBMULTGENERAL.png,generated-figure,,2026-02-24,Updated strucutre and comments,STALE,high,0,,,Nothing executes. You lose an archived copy of a figure that the plotting macros regenerate.,"Generated plot artifact. .C files carry the ROOT header 'Macro generated from canvas ... by ROOT version'. .gitignore:53-55 already declares PlottingScripts/Plots/, PlottingScripts/**/Plots/ and Balancing_and_Sampling/**/Plots/ ignored - these predate the rule. PlottingScripts/validation/removed_tracked_plot_inventory.txt records 78 such files already removed."
Balancing_and_Sampling/Plots/PNG_cYields_Error_YieldsTree_CCMULTCONDENSED.png,generated-figure,,2026-02-24,Updated strucutre and comments,STALE,high,0,,,Nothing executes. You lose an archived copy of a figure that the plotting macros regenerate.,"Generated plot artifact. .C files carry the ROOT header 'Macro generated from canvas ... by ROOT version'. .gitignore:53-55 already declares PlottingScripts/Plots/, PlottingScripts/**/Plots/ and Balancing_and_Sampling/**/Plots/ ignored - these predate the rule. PlottingScripts/validation/removed_tracked_plot_inventory.txt records 78 such files already removed."
Balancing_and_Sampling/Plots/PNG_cYields_Error_YieldsTree_CCMULTGENERAL.png,generated-figure,,2026-02-24,Updated strucutre and comments,STALE,high,0,,,Nothing executes. You lose an archived copy of a figure that the plotting macros regenerate.,"Generated plot artifact. .C files carry the ROOT header 'Macro generated from canvas ... by ROOT version'. .gitignore:53-55 already declares PlottingScripts/Plots/, PlottingScripts/**/Plots/ and Balancing_and_Sampling/**/Plots/ ignored - these predate the rule. PlottingScripts/validation/removed_tracked_plot_inventory.txt records 78 such files already removed."
Balancing_and_Sampling/Plots/globalCanvasRelativeYieldsMACRO.C,generated-artifact,3250,2026-02-24,Updated strucutre and comments,STALE,high,3,Balancing_and_Sampling/B_Balancing_GeneralPlotting.C:3046; Other/B_Balancing_GeneralPlotting_BEFORE_DOCUMENTATION.C:3071; PlottingScripts/B_Balancing_GeneralPlotting.C:2212; REPOSITORY_FILE_CATALOG.md:307(doc),,Nothing executes. You lose an archived copy of a figure that the plotting macros regenerate.,"Generated plot artifact. .C files carry the ROOT header 'Macro generated from canvas ... by ROOT version'. .gitignore:53-55 already declares PlottingScripts/Plots/, PlottingScripts/**/Plots/ and Balancing_and_Sampling/**/Plots/ ignored - these predate the rule. PlottingScripts/validation/removed_tracked_plot_inventory.txt records 78 such files already removed."
Balancing_and_Sampling/Plots/globalCanvasRelativeYieldsMACRO_215.C,generated-artifact,3250,2026-02-24,Updated strucutre and comments,STALE,high,0,REPOSITORY_FILE_CATALOG.md:308(doc),,Nothing executes. You lose an archived copy of a figure that the plotting macros regenerate.,"Generated plot artifact. .C files carry the ROOT header 'Macro generated from canvas ... by ROOT version'. .gitignore:53-55 already declares PlottingScripts/Plots/, PlottingScripts/**/Plots/ and Balancing_and_Sampling/**/Plots/ ignored - these predate the rule. PlottingScripts/validation/removed_tracked_plot_inventory.txt records 78 such files already removed."
Balancing_and_Sampling/Plots/globalCanvasRelativeYieldsPDF.pdf,generated-figure,,2026-02-24,Updated strucutre and comments,STALE,high,0,,,Nothing executes. You lose an archived copy of a figure that the plotting macros regenerate.,"Generated plot artifact. .C files carry the ROOT header 'Macro generated from canvas ... by ROOT version'. .gitignore:53-55 already declares PlottingScripts/Plots/, PlottingScripts/**/Plots/ and Balancing_and_Sampling/**/Plots/ ignored - these predate the rule. PlottingScripts/validation/removed_tracked_plot_inventory.txt records 78 such files already removed."
Balancing_and_Sampling/Plots/globalCanvasRelativeYieldsPDF_215.pdf,generated-figure,,2026-02-24,Updated strucutre and comments,STALE,high,0,,,Nothing executes. You lose an archived copy of a figure that the plotting macros regenerate.,"Generated plot artifact. .C files carry the ROOT header 'Macro generated from canvas ... by ROOT version'. .gitignore:53-55 already declares PlottingScripts/Plots/, PlottingScripts/**/Plots/ and Balancing_and_Sampling/**/Plots/ ignored - these predate the rule. PlottingScripts/validation/removed_tracked_plot_inventory.txt records 78 such files already removed."
Balancing_and_Sampling/Plots/globalCanvasRelativeYieldsPNG.png,generated-figure,,2026-02-24,Updated strucutre and comments,STALE,high,0,,,Nothing executes. You lose an archived copy of a figure that the plotting macros regenerate.,"Generated plot artifact. .C files carry the ROOT header 'Macro generated from canvas ... by ROOT version'. .gitignore:53-55 already declares PlottingScripts/Plots/, PlottingScripts/**/Plots/ and Balancing_and_Sampling/**/Plots/ ignored - these predate the rule. PlottingScripts/validation/removed_tracked_plot_inventory.txt records 78 such files already removed."
Balancing_and_Sampling/Plots/globalCanvasRelativeYieldsPNG_215.png,generated-figure,,2026-02-24,Updated strucutre and comments,STALE,high,0,,,Nothing executes. You lose an archived copy of a figure that the plotting macros regenerate.,"Generated plot artifact. .C files carry the ROOT header 'Macro generated from canvas ... by ROOT version'. .gitignore:53-55 already declares PlottingScripts/Plots/, PlottingScripts/**/Plots/ and Balancing_and_Sampling/**/Plots/ ignored - these predate the rule. PlottingScripts/validation/removed_tracked_plot_inventory.txt records 78 such files already removed."
Balancing_and_Sampling/Plots/globalCanvasYieldsMACRO.C,generated-artifact,3134,2026-02-24,Updated strucutre and comments,STALE,high,3,Balancing_and_Sampling/B_Balancing_GeneralPlotting.C:3041; Other/B_Balancing_GeneralPlotting_BEFORE_DOCUMENTATION.C:3066; PlottingScripts/B_Balancing_GeneralPlotting.C:2207; REPOSITORY_FILE_CATALOG.md:313(doc),,Nothing executes. You lose an archived copy of a figure that the plotting macros regenerate.,"Generated plot artifact. .C files carry the ROOT header 'Macro generated from canvas ... by ROOT version'. .gitignore:53-55 already declares PlottingScripts/Plots/, PlottingScripts/**/Plots/ and Balancing_and_Sampling/**/Plots/ ignored - these predate the rule. PlottingScripts/validation/removed_tracked_plot_inventory.txt records 78 such files already removed."
Balancing_and_Sampling/Plots/globalCanvasYieldsMACRO_215.C,generated-artifact,3134,2026-02-24,Updated strucutre and comments,STALE,high,0,REPOSITORY_FILE_CATALOG.md:314(doc),,Nothing executes. You lose an archived copy of a figure that the plotting macros regenerate.,"Generated plot artifact. .C files carry the ROOT header 'Macro generated from canvas ... by ROOT version'. .gitignore:53-55 already declares PlottingScripts/Plots/, PlottingScripts/**/Plots/ and Balancing_and_Sampling/**/Plots/ ignored - these predate the rule. PlottingScripts/validation/removed_tracked_plot_inventory.txt records 78 such files already removed."
Balancing_and_Sampling/Plots/globalCanvasYieldsPDF.pdf,generated-figure,,2026-02-24,Updated strucutre and comments,STALE,high,0,,,Nothing executes. You lose an archived copy of a figure that the plotting macros regenerate.,"Generated plot artifact. .C files carry the ROOT header 'Macro generated from canvas ... by ROOT version'. .gitignore:53-55 already declares PlottingScripts/Plots/, PlottingScripts/**/Plots/ and Balancing_and_Sampling/**/Plots/ ignored - these predate the rule. PlottingScripts/validation/removed_tracked_plot_inventory.txt records 78 such files already removed."
Balancing_and_Sampling/Plots/globalCanvasYieldsPNG.png,generated-figure,,2026-02-24,Updated strucutre and comments,STALE,high,0,,,Nothing executes. You lose an archived copy of a figure that the plotting macros regenerate.,"Generated plot artifact. .C files carry the ROOT header 'Macro generated from canvas ... by ROOT version'. .gitignore:53-55 already declares PlottingScripts/Plots/, PlottingScripts/**/Plots/ and Balancing_and_Sampling/**/Plots/ ignored - these predate the rule. PlottingScripts/validation/removed_tracked_plot_inventory.txt records 78 such files already removed."
Balancing_and_Sampling/containsExcitedD.C,other,42,2026-02-24,Updated strucutre and comments,UNSURE,medium,0,Balancing_and_Sampling/containsExcitedD.C~:1(doc); REPOSITORY_FILE_CATALOG.md:317(doc); REPOSITORY_FILE_CATALOG.md:318(doc),,"Nothing in the campaign pipeline. PlottingScripts/B_Balancing_GeneralPlotting.C is #included by Balancing_and_Sampling/B_Balancing_GeneralPlotting.C:1, so the set is internally coupled and must go together or not at all.","2024-era balancing/sampling study, whole directory last touched e2d18da7c 2026-02-24 / 30341d5c1 2026-03-28. Zero edges into live code. Blocked on: is any of this a provenance record for a published/thesis result?"
Balancing_and_Sampling/containsExcitedD.C~,editor-backup,9,2026-02-24,Updated strucutre and comments,STALE,high,0,REPOSITORY_FILE_CATALOG.md:317(doc); REPOSITORY_FILE_CATALOG.md:318(doc),,Nothing.,Editor backup file under version control. Zero code inbound; not in any Makefile; not ROOT-loaded. Last change e2d18da7c 2026-02-24.
Balancing_and_Sampling/doubleCounting.C,other,111,2026-02-24,Updated strucutre and comments,UNSURE,medium,0,REPOSITORY_FILE_CATALOG.md:257(doc); REPOSITORY_FILE_CATALOG.md:319(doc),Balancing_and_Sampling/B_Balancing.C,"Nothing in the campaign pipeline. PlottingScripts/B_Balancing_GeneralPlotting.C is #included by Balancing_and_Sampling/B_Balancing_GeneralPlotting.C:1, so the set is internally coupled and must go together or not at all.","2024-era balancing/sampling study, whole directory last touched e2d18da7c 2026-02-24 / 30341d5c1 2026-03-28. Zero edges into live code. Blocked on: is any of this a provenance record for a published/thesis result?"
Balancing_and_Sampling/reproduceCanvasPadError.C,other,128,2026-02-24,Updated strucutre and comments,UNSURE,medium,0,REPOSITORY_FILE_CATALOG.md:320(doc); REPOSITORY_FILE_CATALOG.md:321(doc),,"Nothing in the campaign pipeline. PlottingScripts/B_Balancing_GeneralPlotting.C is #included by Balancing_and_Sampling/B_Balancing_GeneralPlotting.C:1, so the set is internally coupled and must go together or not at all.","2024-era balancing/sampling study, whole directory last touched e2d18da7c 2026-02-24 / 30341d5c1 2026-03-28. Zero edges into live code. Blocked on: is any of this a provenance record for a published/thesis result?"
Balancing_and_Sampling/reproduceCanvasPadError.C~,editor-backup,54,2026-02-24,Updated strucutre and comments,STALE,high,0,REPOSITORY_FILE_CATALOG.md:321(doc),,Nothing.,Editor backup file under version control. Zero code inbound; not in any Makefile; not ROOT-loaded. Last change e2d18da7c 2026-02-24.
Balancing_and_Sampling/vRelYieldsErrBBMULTCONDENSED.txt,text,64,2026-02-24,Updated strucutre and comments,UNSURE,medium,3,Balancing_and_Sampling/B_Balancing_GeneralPlotting.C:785; Other/B_Balancing_GeneralPlotting_BEFORE_DOCUMENTATION.C:810; PlottingScripts/B_Balancing_GeneralPlotting.C:776; REPOSITORY_FILE_CATALOG.md:322(doc),,Nothing executes; these are numeric result dumps.,Yield/error tables emitted by the Balancing study. Same question as the set above.
Balancing_and_Sampling/vRelYieldsErrBBMULTGENERAL.txt,text,112,2026-02-24,Updated strucutre and comments,UNSURE,medium,0,REPOSITORY_FILE_CATALOG.md:268(doc); REPOSITORY_FILE_CATALOG.md:323(doc),,Nothing executes; these are numeric result dumps.,Yield/error tables emitted by the Balancing study. Same question as the set above.
Balancing_and_Sampling/vRelYieldsRatioErrBBMULTCONDENSED.txt,text,32,2026-02-24,Updated strucutre and comments,UNSURE,medium,3,Balancing_and_Sampling/B_Balancing_GeneralPlotting.C:805; Other/B_Balancing_GeneralPlotting_BEFORE_DOCUMENTATION.C:830; PlottingScripts/B_Balancing_GeneralPlotting.C:796; REPOSITORY_FILE_CATALOG.md:324(doc),,Nothing executes; these are numeric result dumps.,Yield/error tables emitted by the Balancing study. Same question as the set above.
Balancing_and_Sampling/vRelYieldsRatioErrBBMULTGENERAL.txt,text,56,2026-02-24,Updated strucutre and comments,UNSURE,medium,0,REPOSITORY_FILE_CATALOG.md:269(doc); REPOSITORY_FILE_CATALOG.md:325(doc),,Nothing executes; these are numeric result dumps.,Yield/error tables emitted by the Balancing study. Same question as the set above.
Balancing_and_Sampling/vYieldsErrBBMULTCONDENSED.txt,text,64,2026-02-24,Updated strucutre and comments,UNSURE,medium,3,Balancing_and_Sampling/B_Balancing_GeneralPlotting.C:747; Other/B_Balancing_GeneralPlotting_BEFORE_DOCUMENTATION.C:772; PlottingScripts/B_Balancing_GeneralPlotting.C:738; REPOSITORY_FILE_CATALOG.md:326(doc),,Nothing executes; these are numeric result dumps.,Yield/error tables emitted by the Balancing study. Same question as the set above.
Balancing_and_Sampling/vYieldsErrBBMULTGENERAL.txt,text,112,2026-02-24,Updated strucutre and comments,UNSURE,medium,0,REPOSITORY_FILE_CATALOG.md:327(doc),,Nothing executes; these are numeric result dumps.,Yield/error tables emitted by the Balancing study. Same question as the set above.
Balancing_and_Sampling/vYieldsRatioErrBBMULTCONDENSED.txt,text,32,2026-02-24,Updated strucutre and comments,UNSURE,medium,3,Balancing_and_Sampling/B_Balancing_GeneralPlotting.C:767; Other/B_Balancing_GeneralPlotting_BEFORE_DOCUMENTATION.C:792; PlottingScripts/B_Balancing_GeneralPlotting.C:758; REPOSITORY_FILE_CATALOG.md:328(doc),,Nothing executes; these are numeric result dumps.,Yield/error tables emitted by the Balancing study. Same question as the set above.
Balancing_and_Sampling/vYieldsRatioErrBBMULTGENERAL.txt,text,56,2026-02-24,Updated strucutre and comments,UNSURE,medium,0,REPOSITORY_FILE_CATALOG.md:270(doc); REPOSITORY_FILE_CATALOG.md:329(doc),,Nothing executes; these are numeric result dumps.,Yield/error tables emitted by the Balancing study. Same question as the set above.
Condor_README.md,markdown,175,2026-08-03,"Document taking the cluster id from condor_submit, not the queue",SUPPORT,high,0,README.md:23(doc); REPOSITORY_FILE_CATALOG.md:34(doc); REPOSITORY_FILE_CATALOG.md:35(doc); REPOSITORY_FILE_CATALOG.md:36(doc); REPOSITORY_FILE_CATALOG.md:330(doc); REPOSITORY_FILE_CATALOG.md:617(doc); REPOSITORY_FILE_CATALOG.md:630(doc); REPOSITORY_FILE_CATALOG.md:631(doc) (+5 more),,Documentation only. Nothing executes.,Submission/monitoring notes; differs Nikhef vs physics-focus.
Literature/References.bib,bibtex,388,2026-07-30,"Docs, submit wrappers, and environment setup for the publication pipeline",SUPPORT,high,0,REPOSITORY_FILE_CATALOG.md:331(doc); docs/audits/FULL_PRODUCTION_CHANGE_JUSTIFICATION_AUDIT_20260730.md:24(doc); docs/audits/PRE_IMPLEMENTATION_SOURCE_OF_TRUTH_AUDIT.md:27(doc),,Documentation only. Nothing executes.,Paper bibliography.
Literature/pveen_14443260_msc_thesis-1_mwa2azwk.pdf,pdf,,2026-04-29,Snapshot local working tree before split HF update,SUPPORT,medium,0,,,Nothing. Reference thesis PDF.,"Literature reference, not pipeline."
Makefile,makefile,208,2026-08-03,Declare shared card settings once and propagate them,ACTIVE,high,2,SimulationScripts/Makefile:1; tests/test_external_header_warning_contract.py:13; REPOSITORY_FILE_CATALOG.md:614(doc); REPOSITORY_FILE_CATALOG.md:615(doc); REPOSITORY_FILE_CATALOG.md:616(doc); REPOSITORY_FILE_CATALOG.md:617(doc); REPOSITORY_FILE_CATALOG.md:618(doc); REPOSITORY_FILE_CATALOG.md:621(doc) (+8 more),config/dependencies.local.conf.example; config/tune_difference_allowlist_v1.json; docs/WORKSPACE.md; runCondorJob.sh; tools/apply_card_config.py; tools/build_canonical_manifest.py; tools/build_producer.sh; tools/campaign_status.py,"Every make target. Immediate, loud.",Top-level entry point; handoff key-file table.
Other/B_Balancing_GeneralPlotting_BEFORE_DOCUMENTATION.C,other,3076,2026-02-24,Updated strucutre and comments,STALE,high,0,REPOSITORY_FILE_CATALOG.md:307(doc); REPOSITORY_FILE_CATALOG.md:309(doc); REPOSITORY_FILE_CATALOG.md:311(doc); REPOSITORY_FILE_CATALOG.md:313(doc); REPOSITORY_FILE_CATALOG.md:315(doc); REPOSITORY_FILE_CATALOG.md:316(doc); REPOSITORY_FILE_CATALOG.md:322(doc); REPOSITORY_FILE_CATALOG.md:324(doc) (+3 more),Balancing_and_Sampling/B_Balancing_GeneralPlotting.C; Balancing_and_Sampling/Plots/globalCanvasRelativeYieldsMACRO.C; Balancing_and_Sampling/Plots/globalCanvasYieldsMACRO.C; Balancing_and_Sampling/vRelYieldsErrBBMULTCONDENSED.txt; Balancing_and_Sampling/vRelYieldsRatioErrBBMULTCONDENSED.txt; Balancing_and_Sampling/vYieldsErrBBMULTCONDENSED.txt; Balancing_and_Sampling/vYieldsRatioErrBBMULTCONDENSED.txt; PlottingScripts/B_Balancing_GeneralPlotting.C,Nothing.,Named snapshot duplicate (3076 L) of Balancing_and_Sampling/B_Balancing_GeneralPlotting.C (3051 L). Zero code inbound. Sole occupant of Other/. Last change e2d18da7c 2026-02-24.
PUBLICATION_READY_CODING_AGENT_INSTRUCTIONS.md,markdown,2518,2026-07-30,Move the production energy to 13.6 TeV (LHC Run 3),UNSURE,low,0,REPOSITORY_FILE_CATALOG.md:11(doc); REPOSITORY_FILE_CATALOG.md:32(doc); REPOSITORY_FILE_CATALOG.md:37(doc); REPOSITORY_FILE_CATALOG.md:334(doc); REPOSITORY_FILE_CATALOG.md:413(doc); REPOSITORY_FILE_CATALOG.md:414(doc); REPOSITORY_FILE_CATALOG.md:415(doc); REPOSITORY_FILE_CATALOG.md:589(doc) (+7 more),,Nothing. 128 KB / 2518 lines of agent instructions.,"Last change 8cc1a7ca0 2026-07-30, pre-gate-deletion. Note: this file is UNTRACKED in the main checkout and TRACKED on physics-focus. Blocked on: is it still the working spec?"
Paper/Tables/generated_heavy_flavor_summary.tex,latex,25,2026-07-15,Add paper heavy-flavor summary table,UNSURE,low,3,AnalysisScripts/CountEvents/generated_heavy_flavor_summary.C:13; AnalysisScripts/CountEvents/generated_heavy_flavor_summary.C:741; AnalysisScripts/CountEvents/generated_heavy_flavor_summary.C:747; REPOSITORY_FILE_CATALOG.md:26(doc); REPOSITORY_FILE_CATALOG.md:335(doc),,Nothing. A generated LaTeX table.,Generated by AnalysisScripts/CountEvents/generated_heavy_flavor_summary.C (:1). Blocked on: same question as its generator.
PlottingScripts/B_Balancing_GeneralPlotting.C,other,2217,2026-02-24,Updated strucutre and comments,UNSURE,medium,2,Balancing_and_Sampling/B_Balancing_GeneralPlotting.C:1; Other/B_Balancing_GeneralPlotting_BEFORE_DOCUMENTATION.C:1; Balancing_and_Sampling/CalculateErrors/B_Balancing_MakeOutputYields.C~:1(doc); PlottingScripts/README.md:501(doc); REPOSITORY_FILE_CATALOG.md:260(doc); REPOSITORY_FILE_CATALOG.md:307(doc); REPOSITORY_FILE_CATALOG.md:309(doc); REPOSITORY_FILE_CATALOG.md:311(doc) (+8 more),Balancing_and_Sampling/B_Balancing_GeneralPlotting.C; Balancing_and_Sampling/Plots/globalCanvasRelativeYieldsMACRO.C; Balancing_and_Sampling/Plots/globalCanvasYieldsMACRO.C; Balancing_and_Sampling/vRelYieldsErrBBMULTCONDENSED.txt; Balancing_and_Sampling/vRelYieldsRatioErrBBMULTCONDENSED.txt; Balancing_and_Sampling/vYieldsErrBBMULTCONDENSED.txt; Balancing_and_Sampling/vYieldsRatioErrBBMULTCONDENSED.txt,"Nothing in the campaign pipeline. PlottingScripts/B_Balancing_GeneralPlotting.C is #included by Balancing_and_Sampling/B_Balancing_GeneralPlotting.C:1, so the set is internally coupled and must go together or not at all.","2024-era balancing/sampling study, whole directory last touched e2d18da7c 2026-02-24 / 30341d5c1 2026-03-28. Zero edges into live code. Blocked on: is any of this a provenance record for a published/thesis result?"
PlottingScripts/DpDmBpBm_ComparisonStudy/DecayAndHadronisation_Markers_MotherStudy.C,other,1071,2026-02-24,Updated strucutre and comments,UNSURE,medium,1,PlottingScripts/DpDmBpBm_ComparisonStudy/DecayAndHadronisation_Stacked_MotherStudy.C:42; REPOSITORY_FILE_CATALOG.md:337(doc); REPOSITORY_FILE_CATALOG.md:338(doc),PlottingScripts/DpDmBpBm_ComparisonStudy/DecayAndHadronisation_Stacked_MotherStudy.C,Nothing. Not reachable from run_paper_plots.sh.,"D+/D-/B+/B- comparison study, last change e2d18da7c 2026-02-24. Its outputs are the 40 tracked figures under DpDmBpBm_ComparisonStudy/Plots/. Blocked on: does this study appear in the paper?"
PlottingScripts/DpDmBpBm_ComparisonStudy/DecayAndHadronisation_Stacked_MotherStudy.C,other,851,2026-02-24,Updated strucutre and comments,UNSURE,medium,3,PlottingScripts/DpDmBpBm_ComparisonStudy/DecayAndHadronisation_Markers_MotherStudy.C:2; PlottingScripts/DpDmBpBm_ComparisonStudy/SameDiffMother_Markers_MotherStudy.C:2; PlottingScripts/DpDmBpBm_ComparisonStudy/SameDiffMother_Stacked_MotherStudy.C:2; REPOSITORY_FILE_CATALOG.md:337(doc); REPOSITORY_FILE_CATALOG.md:338(doc); REPOSITORY_FILE_CATALOG.md:381(doc); REPOSITORY_FILE_CATALOG.md:382(doc),PlottingScripts/DpDmBpBm_ComparisonStudy/DecayAndHadronisation_Markers_MotherStudy.C; PlottingScripts/DpDmBpBm_ComparisonStudy/SameDiffMother_Markers_MotherStudy.C; PlottingScripts/DpDmBpBm_ComparisonStudy/SameDiffMother_Stacked_MotherStudy.C,Nothing. Not reachable from run_paper_plots.sh.,"D+/D-/B+/B- comparison study, last change e2d18da7c 2026-02-24. Its outputs are the 40 tracked figures under DpDmBpBm_ComparisonStudy/Plots/. Blocked on: does this study appear in the paper?"
PlottingScripts/DpDmBpBm_ComparisonStudy/Plots/DecayAndHadronisation/MarkerscBMesonsAs_hDPhiHH_hDPhiAsMotherHH.pdf,generated-figure,,2026-02-24,Updated strucutre and comments,STALE,high,0,,,Nothing executes. You lose an archived copy of a figure that the plotting macros regenerate.,"Generated plot artifact. .C files carry the ROOT header 'Macro generated from canvas ... by ROOT version'. .gitignore:53-55 already declares PlottingScripts/Plots/, PlottingScripts/**/Plots/ and Balancing_and_Sampling/**/Plots/ ignored - these predate the rule. PlottingScripts/validation/removed_tracked_plot_inventory.txt records 78 such files already removed."
PlottingScripts/DpDmBpBm_ComparisonStudy/Plots/DecayAndHadronisation/MarkerscBMesonsAs_hDPhiLL_hDPhiAsMotherLL.pdf,generated-figure,,2026-02-24,Updated strucutre and comments,STALE,high,0,,,Nothing executes. You lose an archived copy of a figure that the plotting macros regenerate.,"Generated plot artifact. .C files carry the ROOT header 'Macro generated from canvas ... by ROOT version'. .gitignore:53-55 already declares PlottingScripts/Plots/, PlottingScripts/**/Plots/ and Balancing_and_Sampling/**/Plots/ ignored - these predate the rule. PlottingScripts/validation/removed_tracked_plot_inventory.txt records 78 such files already removed."
PlottingScripts/DpDmBpBm_ComparisonStudy/Plots/DecayAndHadronisation/MarkerscBMesonsTr_hDPhiHH_hDPhiTrMotherHH.pdf,generated-figure,,2026-02-24,Updated strucutre and comments,STALE,high,0,,,Nothing executes. You lose an archived copy of a figure that the plotting macros regenerate.,"Generated plot artifact. .C files carry the ROOT header 'Macro generated from canvas ... by ROOT version'. .gitignore:53-55 already declares PlottingScripts/Plots/, PlottingScripts/**/Plots/ and Balancing_and_Sampling/**/Plots/ ignored - these predate the rule. PlottingScripts/validation/removed_tracked_plot_inventory.txt records 78 such files already removed."
PlottingScripts/DpDmBpBm_ComparisonStudy/Plots/DecayAndHadronisation/MarkerscBMesonsTr_hDPhiLL_hDPhiTrMotherLL.pdf,generated-figure,,2026-02-24,Updated strucutre and comments,STALE,high,0,,,Nothing executes. You lose an archived copy of a figure that the plotting macros regenerate.,"Generated plot artifact. .C files carry the ROOT header 'Macro generated from canvas ... by ROOT version'. .gitignore:53-55 already declares PlottingScripts/Plots/, PlottingScripts/**/Plots/ and Balancing_and_Sampling/**/Plots/ ignored - these predate the rule. PlottingScripts/validation/removed_tracked_plot_inventory.txt records 78 such files already removed."
PlottingScripts/DpDmBpBm_ComparisonStudy/Plots/DecayAndHadronisation/MarkerscStackedAs_hDPhiHH_hDPhiAsMotherHH.pdf,generated-figure,,2026-02-24,Updated strucutre and comments,STALE,high,0,,,Nothing executes. You lose an archived copy of a figure that the plotting macros regenerate.,"Generated plot artifact. .C files carry the ROOT header 'Macro generated from canvas ... by ROOT version'. .gitignore:53-55 already declares PlottingScripts/Plots/, PlottingScripts/**/Plots/ and Balancing_and_Sampling/**/Plots/ ignored - these predate the rule. PlottingScripts/validation/removed_tracked_plot_inventory.txt records 78 such files already removed."
PlottingScripts/DpDmBpBm_ComparisonStudy/Plots/DecayAndHadronisation/MarkerscStackedAs_hDPhiLL_hDPhiAsMotherLL.pdf,generated-figure,,2026-02-24,Updated strucutre and comments,STALE,high,0,,,Nothing executes. You lose an archived copy of a figure that the plotting macros regenerate.,"Generated plot artifact. .C files carry the ROOT header 'Macro generated from canvas ... by ROOT version'. .gitignore:53-55 already declares PlottingScripts/Plots/, PlottingScripts/**/Plots/ and Balancing_and_Sampling/**/Plots/ ignored - these predate the rule. PlottingScripts/validation/removed_tracked_plot_inventory.txt records 78 such files already removed."
PlottingScripts/DpDmBpBm_ComparisonStudy/Plots/DecayAndHadronisation/MarkerscStackedSelectionAs_hDPhiHH_hDPhiAsMotherHH.pdf,generated-figure,,2026-02-24,Updated strucutre and comments,STALE,high,0,,,Nothing executes. You lose an archived copy of a figure that the plotting macros regenerate.,"Generated plot artifact. .C files carry the ROOT header 'Macro generated from canvas ... by ROOT version'. .gitignore:53-55 already declares PlottingScripts/Plots/, PlottingScripts/**/Plots/ and Balancing_and_Sampling/**/Plots/ ignored - these predate the rule. PlottingScripts/validation/removed_tracked_plot_inventory.txt records 78 such files already removed."
PlottingScripts/DpDmBpBm_ComparisonStudy/Plots/DecayAndHadronisation/MarkerscStackedSelectionAs_hDPhiLL_hDPhiAsMotherLL.pdf,generated-figure,,2026-02-24,Updated strucutre and comments,STALE,high,0,,,Nothing executes. You lose an archived copy of a figure that the plotting macros regenerate.,"Generated plot artifact. .C files carry the ROOT header 'Macro generated from canvas ... by ROOT version'. .gitignore:53-55 already declares PlottingScripts/Plots/, PlottingScripts/**/Plots/ and Balancing_and_Sampling/**/Plots/ ignored - these predate the rule. PlottingScripts/validation/removed_tracked_plot_inventory.txt records 78 such files already removed."
PlottingScripts/DpDmBpBm_ComparisonStudy/Plots/DecayAndHadronisation/MarkerscStackedSelectionTr_hDPhiHH_hDPhiTrMotherHH.pdf,generated-figure,,2026-02-24,Updated strucutre and comments,STALE,high,0,,,Nothing executes. You lose an archived copy of a figure that the plotting macros regenerate.,"Generated plot artifact. .C files carry the ROOT header 'Macro generated from canvas ... by ROOT version'. .gitignore:53-55 already declares PlottingScripts/Plots/, PlottingScripts/**/Plots/ and Balancing_and_Sampling/**/Plots/ ignored - these predate the rule. PlottingScripts/validation/removed_tracked_plot_inventory.txt records 78 such files already removed."
PlottingScripts/DpDmBpBm_ComparisonStudy/Plots/DecayAndHadronisation/MarkerscStackedSelectionTr_hDPhiLL_hDPhiTrMotherLL.pdf,generated-figure,,2026-02-24,Updated strucutre and comments,STALE,high,0,,,Nothing executes. You lose an archived copy of a figure that the plotting macros regenerate.,"Generated plot artifact. .C files carry the ROOT header 'Macro generated from canvas ... by ROOT version'. .gitignore:53-55 already declares PlottingScripts/Plots/, PlottingScripts/**/Plots/ and Balancing_and_Sampling/**/Plots/ ignored - these predate the rule. PlottingScripts/validation/removed_tracked_plot_inventory.txt records 78 such files already removed."
PlottingScripts/DpDmBpBm_ComparisonStudy/Plots/DecayAndHadronisation/MarkerscStackedTr_hDPhiHH_hDPhiTrMotherHH.pdf,generated-figure,,2026-02-24,Updated strucutre and comments,STALE,high,0,,,Nothing executes. You lose an archived copy of a figure that the plotting macros regenerate.,"Generated plot artifact. .C files carry the ROOT header 'Macro generated from canvas ... by ROOT version'. .gitignore:53-55 already declares PlottingScripts/Plots/, PlottingScripts/**/Plots/ and Balancing_and_Sampling/**/Plots/ ignored - these predate the rule. PlottingScripts/validation/removed_tracked_plot_inventory.txt records 78 such files already removed."
PlottingScripts/DpDmBpBm_ComparisonStudy/Plots/DecayAndHadronisation/MarkerscStackedTr_hDPhiLL_hDPhiTrMotherLL.pdf,generated-figure,,2026-02-24,Updated strucutre and comments,STALE,high,0,,,Nothing executes. You lose an archived copy of a figure that the plotting macros regenerate.,"Generated plot artifact. .C files carry the ROOT header 'Macro generated from canvas ... by ROOT version'. .gitignore:53-55 already declares PlottingScripts/Plots/, PlottingScripts/**/Plots/ and Balancing_and_Sampling/**/Plots/ ignored - these predate the rule. PlottingScripts/validation/removed_tracked_plot_inventory.txt records 78 such files already removed."
PlottingScripts/DpDmBpBm_ComparisonStudy/Plots/DecayAndHadronisation/cBMesonsAs_hDPhiHH_hDPhiAsMotherHH.pdf,generated-figure,,2026-02-24,Updated strucutre and comments,STALE,high,0,,,Nothing executes. You lose an archived copy of a figure that the plotting macros regenerate.,"Generated plot artifact. .C files carry the ROOT header 'Macro generated from canvas ... by ROOT version'. .gitignore:53-55 already declares PlottingScripts/Plots/, PlottingScripts/**/Plots/ and Balancing_and_Sampling/**/Plots/ ignored - these predate the rule. PlottingScripts/validation/removed_tracked_plot_inventory.txt records 78 such files already removed."
PlottingScripts/DpDmBpBm_ComparisonStudy/Plots/DecayAndHadronisation/cBMesonsAs_hDPhiLL_hDPhiAsMotherLL.pdf,generated-figure,,2026-02-24,Updated strucutre and comments,STALE,high,0,,,Nothing executes. You lose an archived copy of a figure that the plotting macros regenerate.,"Generated plot artifact. .C files carry the ROOT header 'Macro generated from canvas ... by ROOT version'. .gitignore:53-55 already declares PlottingScripts/Plots/, PlottingScripts/**/Plots/ and Balancing_and_Sampling/**/Plots/ ignored - these predate the rule. PlottingScripts/validation/removed_tracked_plot_inventory.txt records 78 such files already removed."
PlottingScripts/DpDmBpBm_ComparisonStudy/Plots/DecayAndHadronisation/cBMesonsTr_hDPhiHH_hDPhiTrMotherHH.pdf,generated-figure,,2026-02-24,Updated strucutre and comments,STALE,high,0,,,Nothing executes. You lose an archived copy of a figure that the plotting macros regenerate.,"Generated plot artifact. .C files carry the ROOT header 'Macro generated from canvas ... by ROOT version'. .gitignore:53-55 already declares PlottingScripts/Plots/, PlottingScripts/**/Plots/ and Balancing_and_Sampling/**/Plots/ ignored - these predate the rule. PlottingScripts/validation/removed_tracked_plot_inventory.txt records 78 such files already removed."
PlottingScripts/DpDmBpBm_ComparisonStudy/Plots/DecayAndHadronisation/cBMesonsTr_hDPhiLL_hDPhiTrMotherLL.pdf,generated-figure,,2026-02-24,Updated strucutre and comments,STALE,high,0,,,Nothing executes. You lose an archived copy of a figure that the plotting macros regenerate.,"Generated plot artifact. .C files carry the ROOT header 'Macro generated from canvas ... by ROOT version'. .gitignore:53-55 already declares PlottingScripts/Plots/, PlottingScripts/**/Plots/ and Balancing_and_Sampling/**/Plots/ ignored - these predate the rule. PlottingScripts/validation/removed_tracked_plot_inventory.txt records 78 such files already removed."
PlottingScripts/DpDmBpBm_ComparisonStudy/Plots/DecayAndHadronisation/cStackedAs_hDPhiHH_hDPhiAsMotherHH.pdf,generated-figure,,2026-02-24,Updated strucutre and comments,STALE,high,0,,,Nothing executes. You lose an archived copy of a figure that the plotting macros regenerate.,"Generated plot artifact. .C files carry the ROOT header 'Macro generated from canvas ... by ROOT version'. .gitignore:53-55 already declares PlottingScripts/Plots/, PlottingScripts/**/Plots/ and Balancing_and_Sampling/**/Plots/ ignored - these predate the rule. PlottingScripts/validation/removed_tracked_plot_inventory.txt records 78 such files already removed."
PlottingScripts/DpDmBpBm_ComparisonStudy/Plots/DecayAndHadronisation/cStackedAs_hDPhiLL_hDPhiAsMotherLL.pdf,generated-figure,,2026-02-24,Updated strucutre and comments,STALE,high,0,,,Nothing executes. You lose an archived copy of a figure that the plotting macros regenerate.,"Generated plot artifact. .C files carry the ROOT header 'Macro generated from canvas ... by ROOT version'. .gitignore:53-55 already declares PlottingScripts/Plots/, PlottingScripts/**/Plots/ and Balancing_and_Sampling/**/Plots/ ignored - these predate the rule. PlottingScripts/validation/removed_tracked_plot_inventory.txt records 78 such files already removed."
PlottingScripts/DpDmBpBm_ComparisonStudy/Plots/DecayAndHadronisation/cStackedTr_hDPhiHH_hDPhiTrMotherHH.pdf,generated-figure,,2026-02-24,Updated strucutre and comments,STALE,high,0,,,Nothing executes. You lose an archived copy of a figure that the plotting macros regenerate.,"Generated plot artifact. .C files carry the ROOT header 'Macro generated from canvas ... by ROOT version'. .gitignore:53-55 already declares PlottingScripts/Plots/, PlottingScripts/**/Plots/ and Balancing_and_Sampling/**/Plots/ ignored - these predate the rule. PlottingScripts/validation/removed_tracked_plot_inventory.txt records 78 such files already removed."
PlottingScripts/DpDmBpBm_ComparisonStudy/Plots/DecayAndHadronisation/cStackedTr_hDPhiLL_hDPhiTrMotherLL.pdf,generated-figure,,2026-02-24,Updated strucutre and comments,STALE,high,0,,,Nothing executes. You lose an archived copy of a figure that the plotting macros regenerate.,"Generated plot artifact. .C files carry the ROOT header 'Macro generated from canvas ... by ROOT version'. .gitignore:53-55 already declares PlottingScripts/Plots/, PlottingScripts/**/Plots/ and Balancing_and_Sampling/**/Plots/ ignored - these predate the rule. PlottingScripts/validation/removed_tracked_plot_inventory.txt records 78 such files already removed."
PlottingScripts/DpDmBpBm_ComparisonStudy/Plots/DecayOnly/MarkerscBMesonsAs_hDPhiAsDiffMother_hTrPtDiffMother.pdf,generated-figure,,2026-02-24,Updated strucutre and comments,STALE,high,0,,,Nothing executes. You lose an archived copy of a figure that the plotting macros regenerate.,"Generated plot artifact. .C files carry the ROOT header 'Macro generated from canvas ... by ROOT version'. .gitignore:53-55 already declares PlottingScripts/Plots/, PlottingScripts/**/Plots/ and Balancing_and_Sampling/**/Plots/ ignored - these predate the rule. PlottingScripts/validation/removed_tracked_plot_inventory.txt records 78 such files already removed."
PlottingScripts/DpDmBpBm_ComparisonStudy/Plots/DecayOnly/MarkerscBMesonsTr_hDPhiTrDiffMother_hTrPtDiffMother.pdf,generated-figure,,2026-02-24,Updated strucutre and comments,STALE,high,0,,,Nothing executes. You lose an archived copy of a figure that the plotting macros regenerate.,"Generated plot artifact. .C files carry the ROOT header 'Macro generated from canvas ... by ROOT version'. .gitignore:53-55 already declares PlottingScripts/Plots/, PlottingScripts/**/Plots/ and Balancing_and_Sampling/**/Plots/ ignored - these predate the rule. PlottingScripts/validation/removed_tracked_plot_inventory.txt records 78 such files already removed."
PlottingScripts/DpDmBpBm_ComparisonStudy/Plots/DecayOnly/MarkerscBMesonsTr_hDPhiTrSameMother_hTrPtSameMother.pdf,generated-figure,,2026-02-24,Updated strucutre and comments,STALE,high,0,,,Nothing executes. You lose an archived copy of a figure that the plotting macros regenerate.,"Generated plot artifact. .C files carry the ROOT header 'Macro generated from canvas ... by ROOT version'. .gitignore:53-55 already declares PlottingScripts/Plots/, PlottingScripts/**/Plots/ and Balancing_and_Sampling/**/Plots/ ignored - these predate the rule. PlottingScripts/validation/removed_tracked_plot_inventory.txt records 78 such files already removed."
PlottingScripts/DpDmBpBm_ComparisonStudy/Plots/DecayOnly/MarkerscStackedAs_hDPhiAsDiffMother_hTrPtDiffMother.pdf,generated-figure,,2026-02-24,Updated strucutre and comments,STALE,high,0,,,Nothing executes. You lose an archived copy of a figure that the plotting macros regenerate.,"Generated plot artifact. .C files carry the ROOT header 'Macro generated from canvas ... by ROOT version'. .gitignore:53-55 already declares PlottingScripts/Plots/, PlottingScripts/**/Plots/ and Balancing_and_Sampling/**/Plots/ ignored - these predate the rule. PlottingScripts/validation/removed_tracked_plot_inventory.txt records 78 such files already removed."
PlottingScripts/DpDmBpBm_ComparisonStudy/Plots/DecayOnly/MarkerscStackedSelectionAs_hDPhiAsDiffMother_hTrPtDiffMother.pdf,generated-figure,,2026-02-24,Updated strucutre and comments,STALE,high,0,,,Nothing executes. You lose an archived copy of a figure that the plotting macros regenerate.,"Generated plot artifact. .C files carry the ROOT header 'Macro generated from canvas ... by ROOT version'. .gitignore:53-55 already declares PlottingScripts/Plots/, PlottingScripts/**/Plots/ and Balancing_and_Sampling/**/Plots/ ignored - these predate the rule. PlottingScripts/validation/removed_tracked_plot_inventory.txt records 78 such files already removed."
PlottingScripts/DpDmBpBm_ComparisonStudy/Plots/DecayOnly/MarkerscStackedSelectionTr_hDPhiTrDiffMother_hTrPtDiffMother.pdf,generated-figure,,2026-02-24,Updated strucutre and comments,STALE,high,0,,,Nothing executes. You lose an archived copy of a figure that the plotting macros regenerate.,"Generated plot artifact. .C files carry the ROOT header 'Macro generated from canvas ... by ROOT version'. .gitignore:53-55 already declares PlottingScripts/Plots/, PlottingScripts/**/Plots/ and Balancing_and_Sampling/**/Plots/ ignored - these predate the rule. PlottingScripts/validation/removed_tracked_plot_inventory.txt records 78 such files already removed."
PlottingScripts/DpDmBpBm_ComparisonStudy/Plots/DecayOnly/MarkerscStackedSelectionTr_hDPhiTrSameMother_hTrPtSameMother.pdf,generated-figure,,2026-02-24,Updated strucutre and comments,STALE,high,0,,,Nothing executes. You lose an archived copy of a figure that the plotting macros regenerate.,"Generated plot artifact. .C files carry the ROOT header 'Macro generated from canvas ... by ROOT version'. .gitignore:53-55 already declares PlottingScripts/Plots/, PlottingScripts/**/Plots/ and Balancing_and_Sampling/**/Plots/ ignored - these predate the rule. PlottingScripts/validation/removed_tracked_plot_inventory.txt records 78 such files already removed."
PlottingScripts/DpDmBpBm_ComparisonStudy/Plots/DecayOnly/MarkerscStackedTr_hDPhiTrDiffMother_hTrPtDiffMother.pdf,generated-figure,,2026-02-24,Updated strucutre and comments,STALE,high,0,,,Nothing executes. You lose an archived copy of a figure that the plotting macros regenerate.,"Generated plot artifact. .C files carry the ROOT header 'Macro generated from canvas ... by ROOT version'. .gitignore:53-55 already declares PlottingScripts/Plots/, PlottingScripts/**/Plots/ and Balancing_and_Sampling/**/Plots/ ignored - these predate the rule. PlottingScripts/validation/removed_tracked_plot_inventory.txt records 78 such files already removed."
PlottingScripts/DpDmBpBm_ComparisonStudy/Plots/DecayOnly/MarkerscStackedTr_hDPhiTrSameMother_hTrPtSameMother.pdf,generated-figure,,2026-02-24,Updated strucutre and comments,STALE,high,0,,,Nothing executes. You lose an archived copy of a figure that the plotting macros regenerate.,"Generated plot artifact. .C files carry the ROOT header 'Macro generated from canvas ... by ROOT version'. .gitignore:53-55 already declares PlottingScripts/Plots/, PlottingScripts/**/Plots/ and Balancing_and_Sampling/**/Plots/ ignored - these predate the rule. PlottingScripts/validation/removed_tracked_plot_inventory.txt records 78 such files already removed."
PlottingScripts/DpDmBpBm_ComparisonStudy/Plots/DecayOnly/cBMesonsAs_hDPhiAsDiffMother_hTrPtDiffMother.pdf,generated-figure,,2026-02-24,Updated strucutre and comments,STALE,high,0,,,Nothing executes. You lose an archived copy of a figure that the plotting macros regenerate.,"Generated plot artifact. .C files carry the ROOT header 'Macro generated from canvas ... by ROOT version'. .gitignore:53-55 already declares PlottingScripts/Plots/, PlottingScripts/**/Plots/ and Balancing_and_Sampling/**/Plots/ ignored - these predate the rule. PlottingScripts/validation/removed_tracked_plot_inventory.txt records 78 such files already removed."
PlottingScripts/DpDmBpBm_ComparisonStudy/Plots/DecayOnly/cBMesonsTr_hDPhiTrDiffMother_hTrPtDiffMother.pdf,generated-figure,,2026-02-24,Updated strucutre and comments,STALE,high,0,,,Nothing executes. You lose an archived copy of a figure that the plotting macros regenerate.,"Generated plot artifact. .C files carry the ROOT header 'Macro generated from canvas ... by ROOT version'. .gitignore:53-55 already declares PlottingScripts/Plots/, PlottingScripts/**/Plots/ and Balancing_and_Sampling/**/Plots/ ignored - these predate the rule. PlottingScripts/validation/removed_tracked_plot_inventory.txt records 78 such files already removed."
PlottingScripts/DpDmBpBm_ComparisonStudy/Plots/DecayOnly/cBMesonsTr_hDPhiTrSameMother_hTrPtSameMother.pdf,generated-figure,,2026-02-24,Updated strucutre and comments,STALE,high,0,,,Nothing executes. You lose an archived copy of a figure that the plotting macros regenerate.,"Generated plot artifact. .C files carry the ROOT header 'Macro generated from canvas ... by ROOT version'. .gitignore:53-55 already declares PlottingScripts/Plots/, PlottingScripts/**/Plots/ and Balancing_and_Sampling/**/Plots/ ignored - these predate the rule. PlottingScripts/validation/removed_tracked_plot_inventory.txt records 78 such files already removed."
PlottingScripts/DpDmBpBm_ComparisonStudy/Plots/DecayOnly/cStackedAs_hDPhiAsDiffMother_hTrPtDiffMother.pdf,generated-figure,,2026-02-24,Updated strucutre and comments,STALE,high,0,,,Nothing executes. You lose an archived copy of a figure that the plotting macros regenerate.,"Generated plot artifact. .C files carry the ROOT header 'Macro generated from canvas ... by ROOT version'. .gitignore:53-55 already declares PlottingScripts/Plots/, PlottingScripts/**/Plots/ and Balancing_and_Sampling/**/Plots/ ignored - these predate the rule. PlottingScripts/validation/removed_tracked_plot_inventory.txt records 78 such files already removed."
PlottingScripts/DpDmBpBm_ComparisonStudy/Plots/DecayOnly/cStackedSelectionAs_hDPhiAsDiffMother_hTrPtDiffMother.pdf,generated-figure,,2026-02-24,Updated strucutre and comments,STALE,high,0,,,Nothing executes. You lose an archived copy of a figure that the plotting macros regenerate.,"Generated plot artifact. .C files carry the ROOT header 'Macro generated from canvas ... by ROOT version'. .gitignore:53-55 already declares PlottingScripts/Plots/, PlottingScripts/**/Plots/ and Balancing_and_Sampling/**/Plots/ ignored - these predate the rule. PlottingScripts/validation/removed_tracked_plot_inventory.txt records 78 such files already removed."
PlottingScripts/DpDmBpBm_ComparisonStudy/Plots/DecayOnly/cStackedSelectionTr_hDPhiTrDiffMother_hTrPtDiffMother.pdf,generated-figure,,2026-02-24,Updated strucutre and comments,STALE,high,0,,,Nothing executes. You lose an archived copy of a figure that the plotting macros regenerate.,"Generated plot artifact. .C files carry the ROOT header 'Macro generated from canvas ... by ROOT version'. .gitignore:53-55 already declares PlottingScripts/Plots/, PlottingScripts/**/Plots/ and Balancing_and_Sampling/**/Plots/ ignored - these predate the rule. PlottingScripts/validation/removed_tracked_plot_inventory.txt records 78 such files already removed."
PlottingScripts/DpDmBpBm_ComparisonStudy/Plots/DecayOnly/cStackedSelectionTr_hDPhiTrSameMother_hTrPtSameMother.pdf,generated-figure,,2026-02-24,Updated strucutre and comments,STALE,high,0,,,Nothing executes. You lose an archived copy of a figure that the plotting macros regenerate.,"Generated plot artifact. .C files carry the ROOT header 'Macro generated from canvas ... by ROOT version'. .gitignore:53-55 already declares PlottingScripts/Plots/, PlottingScripts/**/Plots/ and Balancing_and_Sampling/**/Plots/ ignored - these predate the rule. PlottingScripts/validation/removed_tracked_plot_inventory.txt records 78 such files already removed."
PlottingScripts/DpDmBpBm_ComparisonStudy/Plots/DecayOnly/cStackedTr_hDPhiTrDiffMother_hTrPtDiffMother.pdf,generated-figure,,2026-02-24,Updated strucutre and comments,STALE,high,0,,,Nothing executes. You lose an archived copy of a figure that the plotting macros regenerate.,"Generated plot artifact. .C files carry the ROOT header 'Macro generated from canvas ... by ROOT version'. .gitignore:53-55 already declares PlottingScripts/Plots/, PlottingScripts/**/Plots/ and Balancing_and_Sampling/**/Plots/ ignored - these predate the rule. PlottingScripts/validation/removed_tracked_plot_inventory.txt records 78 such files already removed."
PlottingScripts/DpDmBpBm_ComparisonStudy/Plots/DecayOnly/cStackedTr_hDPhiTrSameMother_hTrPtSameMother.pdf,generated-figure,,2026-02-24,Updated strucutre and comments,STALE,high,0,,,Nothing executes. You lose an archived copy of a figure that the plotting macros regenerate.,"Generated plot artifact. .C files carry the ROOT header 'Macro generated from canvas ... by ROOT version'. .gitignore:53-55 already declares PlottingScripts/Plots/, PlottingScripts/**/Plots/ and Balancing_and_Sampling/**/Plots/ ignored - these predate the rule. PlottingScripts/validation/removed_tracked_plot_inventory.txt records 78 such files already removed."
PlottingScripts/DpDmBpBm_ComparisonStudy/Plots/ToDecay_or_ToHadronise.pdf,generated-figure,,2026-02-24,Updated strucutre and comments,STALE,high,0,,,Nothing executes. You lose an archived copy of a figure that the plotting macros regenerate.,"Generated plot artifact. .C files carry the ROOT header 'Macro generated from canvas ... by ROOT version'. .gitignore:53-55 already declares PlottingScripts/Plots/, PlottingScripts/**/Plots/ and Balancing_and_Sampling/**/Plots/ ignored - these predate the rule. PlottingScripts/validation/removed_tracked_plot_inventory.txt records 78 such files already removed."
PlottingScripts/DpDmBpBm_ComparisonStudy/Plots/cMatching_DpDmBpBm_Comparison_B^{+}B^{-} and D^{+}D^{-} angular correlations.pdf,generated-figure,,2026-02-24,Updated strucutre and comments,STALE,high,0,,,Nothing executes. You lose an archived copy of a figure that the plotting macros regenerate.,"Generated plot artifact. .C files carry the ROOT header 'Macro generated from canvas ... by ROOT version'. .gitignore:53-55 already declares PlottingScripts/Plots/, PlottingScripts/**/Plots/ and Balancing_and_Sampling/**/Plots/ ignored - these predate the rule. PlottingScripts/validation/removed_tracked_plot_inventory.txt records 78 such files already removed."
PlottingScripts/DpDmBpBm_ComparisonStudy/PlottingComparisonStudy.C,other,210,2026-02-24,Updated strucutre and comments,UNSURE,medium,0,REPOSITORY_FILE_CATALOG.md:379(doc),,Nothing. Not reachable from run_paper_plots.sh.,"D+/D-/B+/B- comparison study, last change e2d18da7c 2026-02-24. Its outputs are the 40 tracked figures under DpDmBpBm_ComparisonStudy/Plots/. Blocked on: does this study appear in the paper?"
PlottingScripts/DpDmBpBm_ComparisonStudy/ProductionOriginStudy.C,other,123,2026-02-24,Updated strucutre and comments,UNSURE,medium,0,REPOSITORY_FILE_CATALOG.md:377(doc); REPOSITORY_FILE_CATALOG.md:380(doc),,Nothing. Not reachable from run_paper_plots.sh.,"D+/D-/B+/B- comparison study, last change e2d18da7c 2026-02-24. Its outputs are the 40 tracked figures under DpDmBpBm_ComparisonStudy/Plots/. Blocked on: does this study appear in the paper?"
PlottingScripts/DpDmBpBm_ComparisonStudy/SameDiffMother_Markers_MotherStudy.C,other,941,2026-02-24,Updated strucutre and comments,UNSURE,medium,1,PlottingScripts/DpDmBpBm_ComparisonStudy/DecayAndHadronisation_Stacked_MotherStudy.C:52; REPOSITORY_FILE_CATALOG.md:338(doc); REPOSITORY_FILE_CATALOG.md:381(doc),PlottingScripts/DpDmBpBm_ComparisonStudy/DecayAndHadronisation_Stacked_MotherStudy.C,Nothing. Not reachable from run_paper_plots.sh.,"D+/D-/B+/B- comparison study, last change e2d18da7c 2026-02-24. Its outputs are the 40 tracked figures under DpDmBpBm_ComparisonStudy/Plots/. Blocked on: does this study appear in the paper?"
PlottingScripts/DpDmBpBm_ComparisonStudy/SameDiffMother_Stacked_MotherStudy.C,other,941,2026-02-24,Updated strucutre and comments,UNSURE,medium,1,PlottingScripts/DpDmBpBm_ComparisonStudy/DecayAndHadronisation_Stacked_MotherStudy.C:51; REPOSITORY_FILE_CATALOG.md:338(doc); REPOSITORY_FILE_CATALOG.md:382(doc),PlottingScripts/DpDmBpBm_ComparisonStudy/DecayAndHadronisation_Stacked_MotherStudy.C,Nothing. Not reachable from run_paper_plots.sh.,"D+/D-/B+/B- comparison study, last change e2d18da7c 2026-02-24. Its outputs are the 40 tracked figures under DpDmBpBm_ComparisonStudy/Plots/. Blocked on: does this study appear in the paper?"
PlottingScripts/FinalAnalysis/Plot_MultiplicityDistributions_TwoSamples.C,other,556,2026-07-24,Fix plotting uncertainties and multiplicity-bin ordering,ACTIVE-DORMANT,medium,2,PlottingScripts/run_paper_plots.sh:469; PlottingScripts/run_paper_plots.sh:480; PlottingScripts/FinalAnalysis/README.md:9(doc); PlottingScripts/FinalAnalysis/README.md:40(doc); PlottingScripts/FinalAnalysis/README.md:47(doc); PlottingScripts/FinalAnalysis/README.md:53(doc); REPOSITORY_FILE_CATALOG.md:383(doc); REPOSITORY_FILE_CATALOG.md:410(doc),PlottingScripts/HistogramErrorUtils.h,"run_paper_plots.sh final-multiplicity/final-yields targets (:469,:480,:484,:494).",Marked NONCANONICAL legacy-unsealed in the runner's own help (:31-32).
PlottingScripts/FinalAnalysis/Plot_SelectedParticleYields_IndependentVsCombined.C,other,822,2026-04-01,Corrected normalization logic,ACTIVE-DORMANT,medium,2,PlottingScripts/run_paper_plots.sh:484; PlottingScripts/run_paper_plots.sh:494; PlottingScripts/FinalAnalysis/README.md:9(doc); PlottingScripts/FinalAnalysis/README.md:72(doc); PlottingScripts/FinalAnalysis/README.md:75(doc); PlottingScripts/FinalAnalysis/README.md:81(doc); REPOSITORY_FILE_CATALOG.md:384(doc); REPOSITORY_FILE_CATALOG.md:410(doc),PlottingScripts/HistogramErrorUtils.h,"run_paper_plots.sh final-multiplicity/final-yields targets (:469,:480,:484,:494).",Marked NONCANONICAL legacy-unsealed in the runner's own help (:31-32).
PlottingScripts/FinalAnalysis/Plots/MultiplicityComparison_Beauty_JUNCTIONS_12-01-2026_vs_27-03-2026.C,generated-artifact,716,2026-04-01,Normalization fixed plots,STALE,high,0,REPOSITORY_FILE_CATALOG.md:385(doc),,Nothing executes. You lose an archived copy of a figure that the plotting macros regenerate.,"Generated plot artifact. .C files carry the ROOT header 'Macro generated from canvas ... by ROOT version'. .gitignore:53-55 already declares PlottingScripts/Plots/, PlottingScripts/**/Plots/ and Balancing_and_Sampling/**/Plots/ ignored - these predate the rule. PlottingScripts/validation/removed_tracked_plot_inventory.txt records 78 such files already removed."
PlottingScripts/FinalAnalysis/Plots/MultiplicityComparison_Beauty_JUNCTIONS_12-01-2026_vs_27-03-2026.pdf,generated-figure,,2026-04-01,Normalization fixed plots,STALE,high,0,,,Nothing executes. You lose an archived copy of a figure that the plotting macros regenerate.,"Generated plot artifact. .C files carry the ROOT header 'Macro generated from canvas ... by ROOT version'. .gitignore:53-55 already declares PlottingScripts/Plots/, PlottingScripts/**/Plots/ and Balancing_and_Sampling/**/Plots/ ignored - these predate the rule. PlottingScripts/validation/removed_tracked_plot_inventory.txt records 78 such files already removed."
PlottingScripts/FinalAnalysis/Plots/MultiplicityComparison_Beauty_JUNCTIONS_12-01-2026_vs_27-03-2026.png,generated-figure,,2026-07-24,Fix plotting uncertainties and multiplicity-bin ordering,STALE,high,0,,,Nothing executes. You lose an archived copy of a figure that the plotting macros regenerate.,"Generated plot artifact. .C files carry the ROOT header 'Macro generated from canvas ... by ROOT version'. .gitignore:53-55 already declares PlottingScripts/Plots/, PlottingScripts/**/Plots/ and Balancing_and_Sampling/**/Plots/ ignored - these predate the rule. PlottingScripts/validation/removed_tracked_plot_inventory.txt records 78 such files already removed."
PlottingScripts/FinalAnalysis/Plots/MultiplicityComparison_Beauty_MONASH_12-01-2026_vs_27-03-2026.C,generated-artifact,674,2026-04-01,Normalization fixed plots,STALE,high,0,REPOSITORY_FILE_CATALOG.md:388(doc),,Nothing executes. You lose an archived copy of a figure that the plotting macros regenerate.,"Generated plot artifact. .C files carry the ROOT header 'Macro generated from canvas ... by ROOT version'. .gitignore:53-55 already declares PlottingScripts/Plots/, PlottingScripts/**/Plots/ and Balancing_and_Sampling/**/Plots/ ignored - these predate the rule. PlottingScripts/validation/removed_tracked_plot_inventory.txt records 78 such files already removed."
PlottingScripts/FinalAnalysis/Plots/MultiplicityComparison_Beauty_MONASH_12-01-2026_vs_27-03-2026.pdf,generated-figure,,2026-04-01,Normalization fixed plots,STALE,high,0,,,Nothing executes. You lose an archived copy of a figure that the plotting macros regenerate.,"Generated plot artifact. .C files carry the ROOT header 'Macro generated from canvas ... by ROOT version'. .gitignore:53-55 already declares PlottingScripts/Plots/, PlottingScripts/**/Plots/ and Balancing_and_Sampling/**/Plots/ ignored - these predate the rule. PlottingScripts/validation/removed_tracked_plot_inventory.txt records 78 such files already removed."
PlottingScripts/FinalAnalysis/Plots/MultiplicityComparison_Beauty_MONASH_12-01-2026_vs_27-03-2026.png,generated-figure,,2026-04-01,Normalization fixed plots,STALE,high,0,,,Nothing executes. You lose an archived copy of a figure that the plotting macros regenerate.,"Generated plot artifact. .C files carry the ROOT header 'Macro generated from canvas ... by ROOT version'. .gitignore:53-55 already declares PlottingScripts/Plots/, PlottingScripts/**/Plots/ and Balancing_and_Sampling/**/Plots/ ignored - these predate the rule. PlottingScripts/validation/removed_tracked_plot_inventory.txt records 78 such files already removed."
PlottingScripts/FinalAnalysis/Plots/MultiplicityComparison_Charm_JUNCTIONS_12-01-2026_vs_27-03-2026.C,generated-artifact,762,2026-04-01,Normalization fixed plots,STALE,high,0,REPOSITORY_FILE_CATALOG.md:391(doc),,Nothing executes. You lose an archived copy of a figure that the plotting macros regenerate.,"Generated plot artifact. .C files carry the ROOT header 'Macro generated from canvas ... by ROOT version'. .gitignore:53-55 already declares PlottingScripts/Plots/, PlottingScripts/**/Plots/ and Balancing_and_Sampling/**/Plots/ ignored - these predate the rule. PlottingScripts/validation/removed_tracked_plot_inventory.txt records 78 such files already removed."
PlottingScripts/FinalAnalysis/Plots/MultiplicityComparison_Charm_JUNCTIONS_12-01-2026_vs_27-03-2026.pdf,generated-figure,,2026-04-01,Normalization fixed plots,STALE,high,0,,,Nothing executes. You lose an archived copy of a figure that the plotting macros regenerate.,"Generated plot artifact. .C files carry the ROOT header 'Macro generated from canvas ... by ROOT version'. .gitignore:53-55 already declares PlottingScripts/Plots/, PlottingScripts/**/Plots/ and Balancing_and_Sampling/**/Plots/ ignored - these predate the rule. PlottingScripts/validation/removed_tracked_plot_inventory.txt records 78 such files already removed."
PlottingScripts/FinalAnalysis/Plots/MultiplicityComparison_Charm_JUNCTIONS_12-01-2026_vs_27-03-2026.png,generated-figure,,2026-04-01,Normalization fixed plots,STALE,high,0,,,Nothing executes. You lose an archived copy of a figure that the plotting macros regenerate.,"Generated plot artifact. .C files carry the ROOT header 'Macro generated from canvas ... by ROOT version'. .gitignore:53-55 already declares PlottingScripts/Plots/, PlottingScripts/**/Plots/ and Balancing_and_Sampling/**/Plots/ ignored - these predate the rule. PlottingScripts/validation/removed_tracked_plot_inventory.txt records 78 such files already removed."
PlottingScripts/FinalAnalysis/Plots/MultiplicityComparison_Charm_MONASH_12-01-2026_vs_27-03-2026.C,generated-artifact,652,2026-04-01,Normalization fixed plots,STALE,high,0,REPOSITORY_FILE_CATALOG.md:394(doc),,Nothing executes. You lose an archived copy of a figure that the plotting macros regenerate.,"Generated plot artifact. .C files carry the ROOT header 'Macro generated from canvas ... by ROOT version'. .gitignore:53-55 already declares PlottingScripts/Plots/, PlottingScripts/**/Plots/ and Balancing_and_Sampling/**/Plots/ ignored - these predate the rule. PlottingScripts/validation/removed_tracked_plot_inventory.txt records 78 such files already removed."
PlottingScripts/FinalAnalysis/Plots/MultiplicityComparison_Charm_MONASH_12-01-2026_vs_27-03-2026.pdf,generated-figure,,2026-04-01,Normalization fixed plots,STALE,high,0,,,Nothing executes. You lose an archived copy of a figure that the plotting macros regenerate.,"Generated plot artifact. .C files carry the ROOT header 'Macro generated from canvas ... by ROOT version'. .gitignore:53-55 already declares PlottingScripts/Plots/, PlottingScripts/**/Plots/ and Balancing_and_Sampling/**/Plots/ ignored - these predate the rule. PlottingScripts/validation/removed_tracked_plot_inventory.txt records 78 such files already removed."
PlottingScripts/FinalAnalysis/Plots/MultiplicityComparison_Charm_MONASH_12-01-2026_vs_27-03-2026.png,generated-figure,,2026-07-24,Fix plotting uncertainties and multiplicity-bin ordering,STALE,high,0,,,Nothing executes. You lose an archived copy of a figure that the plotting macros regenerate.,"Generated plot artifact. .C files carry the ROOT header 'Macro generated from canvas ... by ROOT version'. .gitignore:53-55 already declares PlottingScripts/Plots/, PlottingScripts/**/Plots/ and Balancing_and_Sampling/**/Plots/ ignored - these predate the rule. PlottingScripts/validation/removed_tracked_plot_inventory.txt records 78 such files already removed."
PlottingScripts/FinalAnalysis/Plots/SelectedParticleYields_Beauty_JUNCTIONS_12-01-2026_vs_27-03-2026.C,generated-artifact,312,2026-04-01,Normalization fixed plots,STALE,high,0,REPOSITORY_FILE_CATALOG.md:397(doc),,Nothing executes. You lose an archived copy of a figure that the plotting macros regenerate.,"Generated plot artifact. .C files carry the ROOT header 'Macro generated from canvas ... by ROOT version'. .gitignore:53-55 already declares PlottingScripts/Plots/, PlottingScripts/**/Plots/ and Balancing_and_Sampling/**/Plots/ ignored - these predate the rule. PlottingScripts/validation/removed_tracked_plot_inventory.txt records 78 such files already removed."
PlottingScripts/FinalAnalysis/Plots/SelectedParticleYields_Beauty_JUNCTIONS_12-01-2026_vs_27-03-2026.pdf,generated-figure,,2026-04-01,Normalization fixed plots,STALE,high,0,,,Nothing executes. You lose an archived copy of a figure that the plotting macros regenerate.,"Generated plot artifact. .C files carry the ROOT header 'Macro generated from canvas ... by ROOT version'. .gitignore:53-55 already declares PlottingScripts/Plots/, PlottingScripts/**/Plots/ and Balancing_and_Sampling/**/Plots/ ignored - these predate the rule. PlottingScripts/validation/removed_tracked_plot_inventory.txt records 78 such files already removed."
PlottingScripts/FinalAnalysis/Plots/SelectedParticleYields_Beauty_JUNCTIONS_12-01-2026_vs_27-03-2026.png,generated-figure,,2026-04-01,Normalization fixed plots,STALE,high,0,,,Nothing executes. You lose an archived copy of a figure that the plotting macros regenerate.,"Generated plot artifact. .C files carry the ROOT header 'Macro generated from canvas ... by ROOT version'. .gitignore:53-55 already declares PlottingScripts/Plots/, PlottingScripts/**/Plots/ and Balancing_and_Sampling/**/Plots/ ignored - these predate the rule. PlottingScripts/validation/removed_tracked_plot_inventory.txt records 78 such files already removed."
PlottingScripts/FinalAnalysis/Plots/SelectedParticleYields_Beauty_MONASH_12-01-2026_vs_27-03-2026.C,generated-artifact,312,2026-04-01,Normalization fixed plots,STALE,high,0,REPOSITORY_FILE_CATALOG.md:400(doc),,Nothing executes. You lose an archived copy of a figure that the plotting macros regenerate.,"Generated plot artifact. .C files carry the ROOT header 'Macro generated from canvas ... by ROOT version'. .gitignore:53-55 already declares PlottingScripts/Plots/, PlottingScripts/**/Plots/ and Balancing_and_Sampling/**/Plots/ ignored - these predate the rule. PlottingScripts/validation/removed_tracked_plot_inventory.txt records 78 such files already removed."
PlottingScripts/FinalAnalysis/Plots/SelectedParticleYields_Beauty_MONASH_12-01-2026_vs_27-03-2026.pdf,generated-figure,,2026-04-01,Normalization fixed plots,STALE,high,0,,,Nothing executes. You lose an archived copy of a figure that the plotting macros regenerate.,"Generated plot artifact. .C files carry the ROOT header 'Macro generated from canvas ... by ROOT version'. .gitignore:53-55 already declares PlottingScripts/Plots/, PlottingScripts/**/Plots/ and Balancing_and_Sampling/**/Plots/ ignored - these predate the rule. PlottingScripts/validation/removed_tracked_plot_inventory.txt records 78 such files already removed."
PlottingScripts/FinalAnalysis/Plots/SelectedParticleYields_Beauty_MONASH_12-01-2026_vs_27-03-2026.png,generated-figure,,2026-04-01,Normalization fixed plots,STALE,high,0,,,Nothing executes. You lose an archived copy of a figure that the plotting macros regenerate.,"Generated plot artifact. .C files carry the ROOT header 'Macro generated from canvas ... by ROOT version'. .gitignore:53-55 already declares PlottingScripts/Plots/, PlottingScripts/**/Plots/ and Balancing_and_Sampling/**/Plots/ ignored - these predate the rule. PlottingScripts/validation/removed_tracked_plot_inventory.txt records 78 such files already removed."
PlottingScripts/FinalAnalysis/Plots/SelectedParticleYields_Charm_JUNCTIONS_12-01-2026_vs_27-03-2026.C,generated-artifact,312,2026-04-01,Normalization fixed plots,STALE,high,0,REPOSITORY_FILE_CATALOG.md:403(doc),,Nothing executes. You lose an archived copy of a figure that the plotting macros regenerate.,"Generated plot artifact. .C files carry the ROOT header 'Macro generated from canvas ... by ROOT version'. .gitignore:53-55 already declares PlottingScripts/Plots/, PlottingScripts/**/Plots/ and Balancing_and_Sampling/**/Plots/ ignored - these predate the rule. PlottingScripts/validation/removed_tracked_plot_inventory.txt records 78 such files already removed."
PlottingScripts/FinalAnalysis/Plots/SelectedParticleYields_Charm_JUNCTIONS_12-01-2026_vs_27-03-2026.pdf,generated-figure,,2026-04-01,Normalization fixed plots,STALE,high,0,,,Nothing executes. You lose an archived copy of a figure that the plotting macros regenerate.,"Generated plot artifact. .C files carry the ROOT header 'Macro generated from canvas ... by ROOT version'. .gitignore:53-55 already declares PlottingScripts/Plots/, PlottingScripts/**/Plots/ and Balancing_and_Sampling/**/Plots/ ignored - these predate the rule. PlottingScripts/validation/removed_tracked_plot_inventory.txt records 78 such files already removed."
PlottingScripts/FinalAnalysis/Plots/SelectedParticleYields_Charm_JUNCTIONS_12-01-2026_vs_27-03-2026.png,generated-figure,,2026-04-01,Normalization fixed plots,STALE,high,0,,,Nothing executes. You lose an archived copy of a figure that the plotting macros regenerate.,"Generated plot artifact. .C files carry the ROOT header 'Macro generated from canvas ... by ROOT version'. .gitignore:53-55 already declares PlottingScripts/Plots/, PlottingScripts/**/Plots/ and Balancing_and_Sampling/**/Plots/ ignored - these predate the rule. PlottingScripts/validation/removed_tracked_plot_inventory.txt records 78 such files already removed."
PlottingScripts/FinalAnalysis/Plots/SelectedParticleYields_Charm_MONASH_12-01-2026_vs_27-03-2026.C,generated-artifact,312,2026-04-01,Normalization fixed plots,STALE,high,0,REPOSITORY_FILE_CATALOG.md:406(doc),,Nothing executes. You lose an archived copy of a figure that the plotting macros regenerate.,"Generated plot artifact. .C files carry the ROOT header 'Macro generated from canvas ... by ROOT version'. .gitignore:53-55 already declares PlottingScripts/Plots/, PlottingScripts/**/Plots/ and Balancing_and_Sampling/**/Plots/ ignored - these predate the rule. PlottingScripts/validation/removed_tracked_plot_inventory.txt records 78 such files already removed."
PlottingScripts/FinalAnalysis/Plots/SelectedParticleYields_Charm_MONASH_12-01-2026_vs_27-03-2026.pdf,generated-figure,,2026-04-01,Normalization fixed plots,STALE,high,0,,,Nothing executes. You lose an archived copy of a figure that the plotting macros regenerate.,"Generated plot artifact. .C files carry the ROOT header 'Macro generated from canvas ... by ROOT version'. .gitignore:53-55 already declares PlottingScripts/Plots/, PlottingScripts/**/Plots/ and Balancing_and_Sampling/**/Plots/ ignored - these predate the rule. PlottingScripts/validation/removed_tracked_plot_inventory.txt records 78 such files already removed."
PlottingScripts/FinalAnalysis/Plots/SelectedParticleYields_Charm_MONASH_12-01-2026_vs_27-03-2026.png,generated-figure,,2026-04-01,Normalization fixed plots,STALE,high,0,,,Nothing executes. You lose an archived copy of a figure that the plotting macros regenerate.,"Generated plot artifact. .C files carry the ROOT header 'Macro generated from canvas ... by ROOT version'. .gitignore:53-55 already declares PlottingScripts/Plots/, PlottingScripts/**/Plots/ and Balancing_and_Sampling/**/Plots/ ignored - these predate the rule. PlottingScripts/validation/removed_tracked_plot_inventory.txt records 78 such files already removed."
PlottingScripts/FinalAnalysis/README.md,markdown,118,2026-07-30,"Plotting: block-SEM uncertainties, dataset selection, fail-closed checks",SUPPORT,high,0,PUBLICATION_READY_CODING_AGENT_INSTRUCTIONS.md:1763(doc); PUBLICATION_READY_CODING_AGENT_INSTRUCTIONS.md:1765(doc); PlottingScripts/PtMultiplicity/README.md:7(doc); README.md:23(doc); README.txt:3(doc); README.txt:5(doc); README.txt:7(doc); REPOSITORY_FILE_CATALOG.md:23(doc) (+80 more),,Documentation only. Nothing executes.,FinalAnalysis docs.
PlottingScripts/HistogramErrorUtils.h,cpp-header,115,2026-03-28,¨Physics check,ACTIVE-DORMANT,high,15,PlottingScripts/FinalAnalysis/Plot_MultiplicityDistributions_TwoSamples.C:60; PlottingScripts/FinalAnalysis/Plot_SelectedParticleYields_IndependentVsCombined.C:62; PlottingScripts/Plot_InclusiveKinematicSpectra_Raw.C:55; PlottingScripts/Plot_KinematicSpectra_THnSparse.C:43; PlottingScripts/Plot_MultiplicityDistribution_PercentileBoundaries.C:42; PlottingScripts/PtMultiplicity/Build_HF_AllHistogramSubsampleFile.C:67; PlottingScripts/PtMultiplicity/Build_HF_CombinedSubsamplesFile.C:62; PlottingScripts/PtMultiplicity/Plot_BaryonMesonRatio_CharmBeauty_MONASH_vs_JUNCTIONS_subsamples.C:72 (+8 more),,Compile error in the paper plotting macros. Immediate.,Included by the run_paper_plots.sh macro set.
PlottingScripts/ListHistos.C,other,39,2026-02-28,Plotting scripts,UNSURE,medium,0,PlottingScripts/FinalAnalysis/README.md:114(doc); PlottingScripts/FinalAnalysis/README.md:117(doc); PlottingScripts/PtMultiplicity/README.md:211(doc); PlottingScripts/PtMultiplicity/README.md:214(doc); REPOSITORY_FILE_CATALOG.md:411(doc),,"Nothing. None is reachable from run_paper_plots.sh (verified: the runner's only macro loads are at :307,:333,:406,:429,:452,:469,:480,:484,:494,:618).","Superseded by improvedPlotting_THnSparse.C, but PlottingScripts/README.md:8,33,499-502 still documents them as available, and Plot_KinematicSpectra_THnSparse.C is cited by PlottingScripts/validation/FINAL_PLOTTING_HANDOFF.md:226. Blocked on: is the pre-THnSparse plotting path still wanted as a cross-check?"
PlottingScripts/MultiplicityBoundaryUtils.h,cpp-header,364,2026-07-30,"Plotting: block-SEM uncertainties, dataset selection, fail-closed checks",ACTIVE-DORMANT,high,7,PlottingScripts/Plot_MultiplicityDistribution_PercentileBoundaries.C:43; PlottingScripts/improvedPlotting_THnSparse.C:40; PlottingScripts/improvedPlotting_THnSparse.C:1301; tests/test_plot_reference_multiplicity_contract.py:13; tests/test_plot_reference_multiplicity_contract.py:243; tests/test_statistical_robustness.py:409; tools/statistical_robustness.py:661; docs/audits/FULL_PRODUCTION_CHANGE_JUSTIFICATION_AUDIT_20260730.md:155(doc) (+1 more),SimulationScripts/Sha256.h,Compile error in the paper plotting macros. Immediate.,Included by the run_paper_plots.sh macro set.
PlottingScripts/PAPER_FIGURE_PROVENANCE.md,markdown,124,2026-07-30,"Plotting: block-SEM uncertainties, dataset selection, fail-closed checks",SUPPORT,high,0,PlottingScripts/validation/FINAL_PLOTTING_HANDOFF.md:190(doc); REPOSITORY_FILE_CATALOG.md:310(doc); REPOSITORY_FILE_CATALOG.md:412(doc); REPOSITORY_FILE_CATALOG.md:413(doc); REPOSITORY_FILE_CATALOG.md:599(doc); REPOSITORY_FILE_CATALOG.md:600(doc); docs/audits/FULL_PRODUCTION_CHANGE_JUSTIFICATION_AUDIT_20260730.md:186(doc),,Documentation only. Nothing executes.,Figure provenance notes.
PlottingScripts/PairInputSelectionUtils.h,cpp-header,372,2026-07-30,"Plotting: block-SEM uncertainties, dataset selection, fail-closed checks",ACTIVE-DORMANT,high,3,PlottingScripts/Plot_MultiplicityDistribution_PercentileBoundaries.C:44; PlottingScripts/Validate_THnSparse_Production.C:3; tests/test_pair_selection_contract_parity.py:12; docs/audits/FULL_PRODUCTION_CHANGE_JUSTIFICATION_AUDIT_20260730.md:156(doc),AnalysisScripts/AssociateOriginCategoryContract.h; setupEnv.sh,Compile error in the paper plotting macros. Immediate.,Included by the run_paper_plots.sh macro set.
PlottingScripts/Plot_FlavourClosure.C,other,180,2026-07-31,Draft the flavour-closure figure and make pTHatMin a scan parameter,ACTIVE-DORMANT,high,0,,AnalysisScripts/status_analysis_THnSparse_qq.C,The flavour-closure paper figure. Nothing breaks today.,"ZERO inbound of any kind. But added 2026-07-31 f0a6efba8 and the observable it plots (hFlavourClosure) is REQUIRED by ValidatePairDirectory.C:407 as of 7cf9f86f3 - the very commit Nikhef is pinned at. Newly written, not yet wired into run_paper_plots.sh."
PlottingScripts/Plot_InclusiveKinematicSpectra_Raw.C,other,1974,2026-07-30,"raw_v7: auxiliary light-hadron compensation grid, and permanent N_ch calibration",ACTIVE-DORMANT,high,7,PlottingScripts/run_paper_plots.sh:429; PlottingScripts/run_paper_plots.sh:452; Validation/TestInclusiveRawKinematics.C:1; tests/test_plot_dataset_integration.py:291; tests/test_plot_dataset_integration.py:300; tests/test_plot_dataset_integration.py:314; tests/test_plot_dataset_integration.py:330; PUBLICATION_READY_CODING_AGENT_INSTRUCTIONS.md:1900(doc) (+8 more),PlottingScripts/HistogramErrorUtils.h; PlottingScripts/TunePlotStyle.h; SimulationScripts/GeneratedHeavyFlavourRegistry.h; SimulationScripts/HeavyFlavourUtils.h; SimulationScripts/Sha256.h; setupEnv.sh; tools/dataset_selector.py,"run_paper_plots.sh:429,452; Validation/TestInclusiveRawKinematics.C:1 includes it.",
PlottingScripts/Plot_KinematicSpectra_THnSparse.C,other,1337,2026-07-24,Fix plotting uncertainties and multiplicity-bin ordering,UNSURE,medium,0,PUBLICATION_READY_CODING_AGENT_INSTRUCTIONS.md:1901(doc); PlottingScripts/README.md:33(doc); PlottingScripts/validation/FINAL_PLOTTING_HANDOFF.md:226(doc); REPOSITORY_FILE_CATALOG.md:414(doc); REPOSITORY_FILE_CATALOG.md:589(doc); REPOSITORY_FILE_CATALOG.md:594(doc),PlottingScripts/HistogramErrorUtils.h; PlottingScripts/TunePlotStyle.h; PlottingScripts/configuration_multiplicity_reduced_JUNCTIONS_THnSparse_complete_root.json,"Nothing. None is reachable from run_paper_plots.sh (verified: the runner's only macro loads are at :307,:333,:406,:429,:452,:469,:480,:484,:494,:618).","Superseded by improvedPlotting_THnSparse.C, but PlottingScripts/README.md:8,33,499-502 still documents them as available, and Plot_KinematicSpectra_THnSparse.C is cited by PlottingScripts/validation/FINAL_PLOTTING_HANDOFF.md:226. Blocked on: is the pre-THnSparse plotting path still wanted as a cross-check?"
PlottingScripts/Plot_MultiplicityDistribution_PercentileBoundaries.C,other,1120,2026-07-30,"Plotting: block-SEM uncertainties, dataset selection, fail-closed checks",ACTIVE-DORMANT,high,3,PlottingScripts/run_paper_plots.sh:406; tests/test_plot_dataset_integration.py:370; tests/test_plot_reference_multiplicity_contract.py:16; PUBLICATION_READY_CODING_AGENT_INSTRUCTIONS.md:1902(doc); PlottingScripts/README.md:28(doc); PlottingScripts/validation/FINAL_PLOTTING_HANDOFF.md:227(doc); REPOSITORY_FILE_CATALOG.md:415(doc); REPOSITORY_FILE_CATALOG.md:594(doc) (+1 more),PlottingScripts/HistogramErrorUtils.h; PlottingScripts/MultiplicityBoundaryUtils.h; PlottingScripts/PairInputSelectionUtils.h; PlottingScripts/TunePlotStyle.h; PlottingScripts/configuration_multiplicity_reduced_JUNCTIONS_THnSparse_complete_root.json,run_paper_plots.sh:406. Immediate.,
PlottingScripts/PlottingWizard.C,other,209,2026-02-24,Updated strucutre and comments,UNSURE,medium,0,PlottingScripts/README.md:502(doc); REPOSITORY_FILE_CATALOG.md:416(doc),,"Nothing. None is reachable from run_paper_plots.sh (verified: the runner's only macro loads are at :307,:333,:406,:429,:452,:469,:480,:484,:494,:618).","Superseded by improvedPlotting_THnSparse.C, but PlottingScripts/README.md:8,33,499-502 still documents them as available, and Plot_KinematicSpectra_THnSparse.C is cited by PlottingScripts/validation/FINAL_PLOTTING_HANDOFF.md:226. Blocked on: is the pre-THnSparse plotting path still wanted as a cross-check?"
PlottingScripts/PtMultiplicity/Build_HF_AllHistogramSubsampleFile.C,other,687,2026-05-14,Add Close Packing HF tune pipeline,UNSURE,medium,0,REPOSITORY_FILE_CATALOG.md:417(doc); REPOSITORY_FILE_CATALOG.md:418(doc); REPOSITORY_FILE_CATALOG.md:550(doc),PlottingScripts/HistogramErrorUtils.h; PlottingScripts/PtMultiplicity/Build_HF_CombinedSubsamplesFile.C; PlottingScripts/PtMultiplicity/PlottingPathUtils.h,Nothing automatic. These are the two-tune (MONASH vs JUNCTIONS) subsample plots.,"Not reachable from run_paper_plots.sh, but actively maintained through 39c9cf22a 2026-07-24 and documented in PlottingScripts/PtMultiplicity/README.md. Two tunes, not three. Blocked on: are these superseded by the three-tune THnSparse path, or still wanted for the paper?"
PlottingScripts/PtMultiplicity/Build_HF_CombinedSubsamplesFile.C,other,1306,2026-07-24,Fix plotting uncertainties and multiplicity-bin ordering,UNSURE,medium,1,PlottingScripts/PtMultiplicity/Build_HF_AllHistogramSubsampleFile.C:5; PlottingScripts/PtMultiplicity/README.md:188(doc); PlottingScripts/PtMultiplicity/README.md:199(doc); REPOSITORY_FILE_CATALOG.md:418(doc); REPOSITORY_FILE_CATALOG.md:550(doc),PlottingScripts/HistogramErrorUtils.h; PlottingScripts/PtMultiplicity/PlottingPathUtils.h,Nothing automatic. These are the two-tune (MONASH vs JUNCTIONS) subsample plots.,"Not reachable from run_paper_plots.sh, but actively maintained through 39c9cf22a 2026-07-24 and documented in PlottingScripts/PtMultiplicity/README.md. Two tunes, not three. Blocked on: are these superseded by the three-tune THnSparse path, or still wanted for the paper?"
PlottingScripts/PtMultiplicity/Plot_BaryonMesonRatio_CharmBeauty_MONASH_vs_JUNCTIONS_subsamples.C,other,589,2026-07-24,Fix plotting uncertainties and multiplicity-bin ordering,UNSURE,medium,0,PlottingScripts/PtMultiplicity/README.md:94(doc); PlottingScripts/PtMultiplicity/README.md:97(doc); PlottingScripts/PtMultiplicity/README.md:103(doc); REPOSITORY_FILE_CATALOG.md:419(doc); REPOSITORY_FILE_CATALOG.md:550(doc),PlottingScripts/HistogramErrorUtils.h; PlottingScripts/PtMultiplicity/PlottingPathUtils.h,Nothing automatic. These are the two-tune (MONASH vs JUNCTIONS) subsample plots.,"Not reachable from run_paper_plots.sh, but actively maintained through 39c9cf22a 2026-07-24 and documented in PlottingScripts/PtMultiplicity/README.md. Two tunes, not three. Blocked on: are these superseded by the three-tune THnSparse path, or still wanted for the paper?"
PlottingScripts/PtMultiplicity/Plot_Beauty_BaryonMesonRatio_MONASH_vs_JUNCTIONS_subsamples.C,other,624,2026-07-24,Fix plotting uncertainties and multiplicity-bin ordering,UNSURE,medium,0,PlottingScripts/PtMultiplicity/README.md:68(doc); PlottingScripts/PtMultiplicity/README.md:71(doc); PlottingScripts/PtMultiplicity/README.md:77(doc); REPOSITORY_FILE_CATALOG.md:420(doc),PlottingScripts/HistogramErrorUtils.h; PlottingScripts/PtMultiplicity/PlottingPathUtils.h,Nothing automatic. These are the two-tune (MONASH vs JUNCTIONS) subsample plots.,"Not reachable from run_paper_plots.sh, but actively maintained through 39c9cf22a 2026-07-24 and documented in PlottingScripts/PtMultiplicity/README.md. Two tunes, not three. Blocked on: are these superseded by the three-tune THnSparse path, or still wanted for the paper?"
PlottingScripts/PtMultiplicity/Plot_Charm_BaryonMesonRatio_MONASH_vs_JUNCTIONS_subsamples.C,other,630,2026-07-24,Fix plotting uncertainties and multiplicity-bin ordering,UNSURE,medium,0,PlottingScripts/PtMultiplicity/README.md:81(doc); PlottingScripts/PtMultiplicity/README.md:84(doc); PlottingScripts/PtMultiplicity/README.md:90(doc); REPOSITORY_FILE_CATALOG.md:421(doc),PlottingScripts/HistogramErrorUtils.h; PlottingScripts/PtMultiplicity/PlottingPathUtils.h,Nothing automatic. These are the two-tune (MONASH vs JUNCTIONS) subsample plots.,"Not reachable from run_paper_plots.sh, but actively maintained through 39c9cf22a 2026-07-24 and documented in PlottingScripts/PtMultiplicity/README.md. Two tunes, not three. Blocked on: are these superseded by the three-tune THnSparse path, or still wanted for the paper?"
PlottingScripts/PtMultiplicity/Plot_HF_MinimumBiasPtSpectra_MONASH_JUNCTIONS_subsamples.C,other,1448,2026-05-08,Rename 'Pt and Multiplicity' -> PtMultiplicity; fix ROOT entry point,UNSURE,medium,0,PlottingScripts/PtMultiplicity/README.md:170(doc); PlottingScripts/PtMultiplicity/README.md:173(doc); PlottingScripts/PtMultiplicity/README.md:174(doc); PlottingScripts/PtMultiplicity/README.md:180(doc); REPOSITORY_FILE_CATALOG.md:422(doc),PlottingScripts/HistogramErrorUtils.h; PlottingScripts/PtMultiplicity/PlottingPathUtils.h,Nothing automatic. These are the two-tune (MONASH vs JUNCTIONS) subsample plots.,"Not reachable from run_paper_plots.sh, but actively maintained through 39c9cf22a 2026-07-24 and documented in PlottingScripts/PtMultiplicity/README.md. Two tunes, not three. Blocked on: are these superseded by the three-tune THnSparse path, or still wanted for the paper?"
PlottingScripts/PtMultiplicity/Plot_HF_PtSpectra_vsMultiplicity_MONASH_JUNCTIONS_subsamples.C,other,714,2026-07-24,Fix plotting uncertainties and multiplicity-bin ordering,UNSURE,medium,0,PlottingScripts/PtMultiplicity/README.md:123(doc); PlottingScripts/PtMultiplicity/README.md:126(doc); PlottingScripts/PtMultiplicity/README.md:132(doc); REPOSITORY_FILE_CATALOG.md:423(doc),PlottingScripts/HistogramErrorUtils.h; PlottingScripts/PtMultiplicity/PlottingPathUtils.h,Nothing automatic. These are the two-tune (MONASH vs JUNCTIONS) subsample plots.,"Not reachable from run_paper_plots.sh, but actively maintained through 39c9cf22a 2026-07-24 and documented in PlottingScripts/PtMultiplicity/README.md. Two tunes, not three. Blocked on: are these superseded by the three-tune THnSparse path, or still wanted for the paper?"
PlottingScripts/PtMultiplicity/Plot_HF_Ratios_vsMultiplicityPercentile_subsamples.C,other,454,2026-07-24,Fix plotting uncertainties and multiplicity-bin ordering,UNSURE,medium,0,PlottingScripts/PtMultiplicity/README.md:57(doc); PlottingScripts/PtMultiplicity/README.md:108(doc); PlottingScripts/PtMultiplicity/README.md:111(doc); PlottingScripts/PtMultiplicity/README.md:117(doc); REPOSITORY_FILE_CATALOG.md:424(doc),PlottingScripts/HistogramErrorUtils.h; PlottingScripts/PtMultiplicity/PlottingPathUtils.h,Nothing automatic. These are the two-tune (MONASH vs JUNCTIONS) subsample plots.,"Not reachable from run_paper_plots.sh, but actively maintained through 39c9cf22a 2026-07-24 and documented in PlottingScripts/PtMultiplicity/README.md. Two tunes, not three. Blocked on: are these superseded by the three-tune THnSparse path, or still wanted for the paper?"
PlottingScripts/PtMultiplicity/Plot_HF_SingleParticlePtSpectra_vsMultiplicity_MONASH_JUNCTIONS_subsamples.C,other,1334,2026-07-24,Fix plotting uncertainties and multiplicity-bin ordering,UNSURE,medium,0,PlottingScripts/PtMultiplicity/README.md:154(doc); PlottingScripts/PtMultiplicity/README.md:157(doc); PlottingScripts/PtMultiplicity/README.md:158(doc); PlottingScripts/PtMultiplicity/README.md:164(doc); REPOSITORY_FILE_CATALOG.md:425(doc),PlottingScripts/HistogramErrorUtils.h; PlottingScripts/PtMultiplicity/PlottingPathUtils.h,Nothing automatic. These are the two-tune (MONASH vs JUNCTIONS) subsample plots.,"Not reachable from run_paper_plots.sh, but actively maintained through 39c9cf22a 2026-07-24 and documented in PlottingScripts/PtMultiplicity/README.md. Two tunes, not three. Blocked on: are these superseded by the three-tune THnSparse path, or still wanted for the paper?"
PlottingScripts/PtMultiplicity/Plot_HF_SpeciesResolvedPtSpectra_vsMultiplicity_subsamples.C,other,1740,2026-07-24,Fix plotting uncertainties and multiplicity-bin ordering,UNSURE,medium,0,PlottingScripts/PtMultiplicity/README.md:136(doc); PlottingScripts/PtMultiplicity/README.md:139(doc); PlottingScripts/PtMultiplicity/README.md:140(doc); PlottingScripts/PtMultiplicity/README.md:146(doc); REPOSITORY_FILE_CATALOG.md:426(doc),PlottingScripts/HistogramErrorUtils.h; PlottingScripts/PtMultiplicity/PlottingPathUtils.h,Nothing automatic. These are the two-tune (MONASH vs JUNCTIONS) subsample plots.,"Not reachable from run_paper_plots.sh, but actively maintained through 39c9cf22a 2026-07-24 and documented in PlottingScripts/PtMultiplicity/README.md. Two tunes, not three. Blocked on: are these superseded by the three-tune THnSparse path, or still wanted for the paper?"
PlottingScripts/PtMultiplicity/Plots/MinimumBiasSingleParticleSpectra_Bcminus_27-03-2026.pdf,generated-figure,,2026-05-08,Rename 'Pt and Multiplicity' -> PtMultiplicity; fix ROOT entry point,STALE,high,0,,,Nothing executes. You lose an archived copy of a figure that the plotting macros regenerate.,"Generated plot artifact. .C files carry the ROOT header 'Macro generated from canvas ... by ROOT version'. .gitignore:53-55 already declares PlottingScripts/Plots/, PlottingScripts/**/Plots/ and Balancing_and_Sampling/**/Plots/ ignored - these predate the rule. PlottingScripts/validation/removed_tracked_plot_inventory.txt records 78 such files already removed."
PlottingScripts/PtMultiplicity/Plots/MinimumBiasSingleParticleSpectra_Bcminus_27-03-2026.png,generated-figure,,2026-05-08,Rename 'Pt and Multiplicity' -> PtMultiplicity; fix ROOT entry point,STALE,high,0,,,Nothing executes. You lose an archived copy of a figure that the plotting macros regenerate.,"Generated plot artifact. .C files carry the ROOT header 'Macro generated from canvas ... by ROOT version'. .gitignore:53-55 already declares PlottingScripts/Plots/, PlottingScripts/**/Plots/ and Balancing_and_Sampling/**/Plots/ ignored - these predate the rule. PlottingScripts/validation/removed_tracked_plot_inventory.txt records 78 such files already removed."
PlottingScripts/PtMultiplicity/Plots/MinimumBiasSingleParticleSpectra_Bcplus_27-03-2026.pdf,generated-figure,,2026-05-08,Rename 'Pt and Multiplicity' -> PtMultiplicity; fix ROOT entry point,STALE,high,0,,,Nothing executes. You lose an archived copy of a figure that the plotting macros regenerate.,"Generated plot artifact. .C files carry the ROOT header 'Macro generated from canvas ... by ROOT version'. .gitignore:53-55 already declares PlottingScripts/Plots/, PlottingScripts/**/Plots/ and Balancing_and_Sampling/**/Plots/ ignored - these predate the rule. PlottingScripts/validation/removed_tracked_plot_inventory.txt records 78 such files already removed."
PlottingScripts/PtMultiplicity/Plots/MinimumBiasSingleParticleSpectra_Bcplus_27-03-2026.png,generated-figure,,2026-05-08,Rename 'Pt and Multiplicity' -> PtMultiplicity; fix ROOT entry point,STALE,high,0,,,Nothing executes. You lose an archived copy of a figure that the plotting macros regenerate.,"Generated plot artifact. .C files carry the ROOT header 'Macro generated from canvas ... by ROOT version'. .gitignore:53-55 already declares PlottingScripts/Plots/, PlottingScripts/**/Plots/ and Balancing_and_Sampling/**/Plots/ ignored - these predate the rule. PlottingScripts/validation/removed_tracked_plot_inventory.txt records 78 such files already removed."
PlottingScripts/PtMultiplicity/Plots/MinimumBiasSingleParticleSpectra_Bminus_27-03-2026.pdf,generated-figure,,2026-05-08,Rename 'Pt and Multiplicity' -> PtMultiplicity; fix ROOT entry point,STALE,high,0,,,Nothing executes. You lose an archived copy of a figure that the plotting macros regenerate.,"Generated plot artifact. .C files carry the ROOT header 'Macro generated from canvas ... by ROOT version'. .gitignore:53-55 already declares PlottingScripts/Plots/, PlottingScripts/**/Plots/ and Balancing_and_Sampling/**/Plots/ ignored - these predate the rule. PlottingScripts/validation/removed_tracked_plot_inventory.txt records 78 such files already removed."
PlottingScripts/PtMultiplicity/Plots/MinimumBiasSingleParticleSpectra_Bminus_27-03-2026.png,generated-figure,,2026-05-08,Rename 'Pt and Multiplicity' -> PtMultiplicity; fix ROOT entry point,STALE,high,0,,,Nothing executes. You lose an archived copy of a figure that the plotting macros regenerate.,"Generated plot artifact. .C files carry the ROOT header 'Macro generated from canvas ... by ROOT version'. .gitignore:53-55 already declares PlottingScripts/Plots/, PlottingScripts/**/Plots/ and Balancing_and_Sampling/**/Plots/ ignored - these predate the rule. PlottingScripts/validation/removed_tracked_plot_inventory.txt records 78 such files already removed."
PlottingScripts/PtMultiplicity/Plots/MinimumBiasSingleParticleSpectra_Bplus_27-03-2026.pdf,generated-figure,,2026-05-08,Rename 'Pt and Multiplicity' -> PtMultiplicity; fix ROOT entry point,STALE,high,0,,,Nothing executes. You lose an archived copy of a figure that the plotting macros regenerate.,"Generated plot artifact. .C files carry the ROOT header 'Macro generated from canvas ... by ROOT version'. .gitignore:53-55 already declares PlottingScripts/Plots/, PlottingScripts/**/Plots/ and Balancing_and_Sampling/**/Plots/ ignored - these predate the rule. PlottingScripts/validation/removed_tracked_plot_inventory.txt records 78 such files already removed."
PlottingScripts/PtMultiplicity/Plots/MinimumBiasSingleParticleSpectra_Bplus_27-03-2026.png,generated-figure,,2026-05-08,Rename 'Pt and Multiplicity' -> PtMultiplicity; fix ROOT entry point,STALE,high,0,,,Nothing executes. You lose an archived copy of a figure that the plotting macros regenerate.,"Generated plot artifact. .C files carry the ROOT header 'Macro generated from canvas ... by ROOT version'. .gitignore:53-55 already declares PlottingScripts/Plots/, PlottingScripts/**/Plots/ and Balancing_and_Sampling/**/Plots/ ignored - these predate the rule. PlottingScripts/validation/removed_tracked_plot_inventory.txt records 78 such files already removed."
PlottingScripts/PtMultiplicity/Plots/MinimumBiasSingleParticleSpectra_Bs0_27-03-2026.pdf,generated-figure,,2026-05-08,Rename 'Pt and Multiplicity' -> PtMultiplicity; fix ROOT entry point,STALE,high,0,,,Nothing executes. You lose an archived copy of a figure that the plotting macros regenerate.,"Generated plot artifact. .C files carry the ROOT header 'Macro generated from canvas ... by ROOT version'. .gitignore:53-55 already declares PlottingScripts/Plots/, PlottingScripts/**/Plots/ and Balancing_and_Sampling/**/Plots/ ignored - these predate the rule. PlottingScripts/validation/removed_tracked_plot_inventory.txt records 78 such files already removed."
PlottingScripts/PtMultiplicity/Plots/MinimumBiasSingleParticleSpectra_Bs0_27-03-2026.png,generated-figure,,2026-05-08,Rename 'Pt and Multiplicity' -> PtMultiplicity; fix ROOT entry point,STALE,high,0,,,Nothing executes. You lose an archived copy of a figure that the plotting macros regenerate.,"Generated plot artifact. .C files carry the ROOT header 'Macro generated from canvas ... by ROOT version'. .gitignore:53-55 already declares PlottingScripts/Plots/, PlottingScripts/**/Plots/ and Balancing_and_Sampling/**/Plots/ ignored - these predate the rule. PlottingScripts/validation/removed_tracked_plot_inventory.txt records 78 such files already removed."
PlottingScripts/PtMultiplicity/Plots/MinimumBiasSingleParticleSpectra_Bzero_27-03-2026.pdf,generated-figure,,2026-05-08,Rename 'Pt and Multiplicity' -> PtMultiplicity; fix ROOT entry point,STALE,high,0,,,Nothing executes. You lose an archived copy of a figure that the plotting macros regenerate.,"Generated plot artifact. .C files carry the ROOT header 'Macro generated from canvas ... by ROOT version'. .gitignore:53-55 already declares PlottingScripts/Plots/, PlottingScripts/**/Plots/ and Balancing_and_Sampling/**/Plots/ ignored - these predate the rule. PlottingScripts/validation/removed_tracked_plot_inventory.txt records 78 such files already removed."
PlottingScripts/PtMultiplicity/Plots/MinimumBiasSingleParticleSpectra_Bzero_27-03-2026.png,generated-figure,,2026-05-08,Rename 'Pt and Multiplicity' -> PtMultiplicity; fix ROOT entry point,STALE,high,0,,,Nothing executes. You lose an archived copy of a figure that the plotting macros regenerate.,"Generated plot artifact. .C files carry the ROOT header 'Macro generated from canvas ... by ROOT version'. .gitignore:53-55 already declares PlottingScripts/Plots/, PlottingScripts/**/Plots/ and Balancing_and_Sampling/**/Plots/ ignored - these predate the rule. PlottingScripts/validation/removed_tracked_plot_inventory.txt records 78 such files already removed."
PlottingScripts/PtMultiplicity/Plots/MinimumBiasSingleParticleSpectra_Dbar0_27-03-2026.pdf,generated-figure,,2026-05-08,Rename 'Pt and Multiplicity' -> PtMultiplicity; fix ROOT entry point,STALE,high,0,,,Nothing executes. You lose an archived copy of a figure that the plotting macros regenerate.,"Generated plot artifact. .C files carry the ROOT header 'Macro generated from canvas ... by ROOT version'. .gitignore:53-55 already declares PlottingScripts/Plots/, PlottingScripts/**/Plots/ and Balancing_and_Sampling/**/Plots/ ignored - these predate the rule. PlottingScripts/validation/removed_tracked_plot_inventory.txt records 78 such files already removed."
PlottingScripts/PtMultiplicity/Plots/MinimumBiasSingleParticleSpectra_Dbar0_27-03-2026.png,generated-figure,,2026-05-08,Rename 'Pt and Multiplicity' -> PtMultiplicity; fix ROOT entry point,STALE,high,0,,,Nothing executes. You lose an archived copy of a figure that the plotting macros regenerate.,"Generated plot artifact. .C files carry the ROOT header 'Macro generated from canvas ... by ROOT version'. .gitignore:53-55 already declares PlottingScripts/Plots/, PlottingScripts/**/Plots/ and Balancing_and_Sampling/**/Plots/ ignored - these predate the rule. PlottingScripts/validation/removed_tracked_plot_inventory.txt records 78 such files already removed."
PlottingScripts/PtMultiplicity/Plots/MinimumBiasSingleParticleSpectra_Dminus_27-03-2026.pdf,generated-figure,,2026-05-08,Rename 'Pt and Multiplicity' -> PtMultiplicity; fix ROOT entry point,STALE,high,0,,,Nothing executes. You lose an archived copy of a figure that the plotting macros regenerate.,"Generated plot artifact. .C files carry the ROOT header 'Macro generated from canvas ... by ROOT version'. .gitignore:53-55 already declares PlottingScripts/Plots/, PlottingScripts/**/Plots/ and Balancing_and_Sampling/**/Plots/ ignored - these predate the rule. PlottingScripts/validation/removed_tracked_plot_inventory.txt records 78 such files already removed."
PlottingScripts/PtMultiplicity/Plots/MinimumBiasSingleParticleSpectra_Dminus_27-03-2026.png,generated-figure,,2026-05-08,Rename 'Pt and Multiplicity' -> PtMultiplicity; fix ROOT entry point,STALE,high,0,,,Nothing executes. You lose an archived copy of a figure that the plotting macros regenerate.,"Generated plot artifact. .C files carry the ROOT header 'Macro generated from canvas ... by ROOT version'. .gitignore:53-55 already declares PlottingScripts/Plots/, PlottingScripts/**/Plots/ and Balancing_and_Sampling/**/Plots/ ignored - these predate the rule. PlottingScripts/validation/removed_tracked_plot_inventory.txt records 78 such files already removed."
PlottingScripts/PtMultiplicity/Plots/MinimumBiasSingleParticleSpectra_Dplus_27-03-2026.pdf,generated-figure,,2026-05-08,Rename 'Pt and Multiplicity' -> PtMultiplicity; fix ROOT entry point,STALE,high,0,,,Nothing executes. You lose an archived copy of a figure that the plotting macros regenerate.,"Generated plot artifact. .C files carry the ROOT header 'Macro generated from canvas ... by ROOT version'. .gitignore:53-55 already declares PlottingScripts/Plots/, PlottingScripts/**/Plots/ and Balancing_and_Sampling/**/Plots/ ignored - these predate the rule. PlottingScripts/validation/removed_tracked_plot_inventory.txt records 78 such files already removed."
PlottingScripts/PtMultiplicity/Plots/MinimumBiasSingleParticleSpectra_Dplus_27-03-2026.png,generated-figure,,2026-05-08,Rename 'Pt and Multiplicity' -> PtMultiplicity; fix ROOT entry point,STALE,high,0,,,Nothing executes. You lose an archived copy of a figure that the plotting macros regenerate.,"Generated plot artifact. .C files carry the ROOT header 'Macro generated from canvas ... by ROOT version'. .gitignore:53-55 already declares PlottingScripts/Plots/, PlottingScripts/**/Plots/ and Balancing_and_Sampling/**/Plots/ ignored - these predate the rule. PlottingScripts/validation/removed_tracked_plot_inventory.txt records 78 such files already removed."
PlottingScripts/PtMultiplicity/Plots/MinimumBiasSingleParticleSpectra_Dsminus_27-03-2026.pdf,generated-figure,,2026-05-08,Rename 'Pt and Multiplicity' -> PtMultiplicity; fix ROOT entry point,STALE,high,0,,,Nothing executes. You lose an archived copy of a figure that the plotting macros regenerate.,"Generated plot artifact. .C files carry the ROOT header 'Macro generated from canvas ... by ROOT version'. .gitignore:53-55 already declares PlottingScripts/Plots/, PlottingScripts/**/Plots/ and Balancing_and_Sampling/**/Plots/ ignored - these predate the rule. PlottingScripts/validation/removed_tracked_plot_inventory.txt records 78 such files already removed."
PlottingScripts/PtMultiplicity/Plots/MinimumBiasSingleParticleSpectra_Dsminus_27-03-2026.png,generated-figure,,2026-05-08,Rename 'Pt and Multiplicity' -> PtMultiplicity; fix ROOT entry point,STALE,high,0,,,Nothing executes. You lose an archived copy of a figure that the plotting macros regenerate.,"Generated plot artifact. .C files carry the ROOT header 'Macro generated from canvas ... by ROOT version'. .gitignore:53-55 already declares PlottingScripts/Plots/, PlottingScripts/**/Plots/ and Balancing_and_Sampling/**/Plots/ ignored - these predate the rule. PlottingScripts/validation/removed_tracked_plot_inventory.txt records 78 such files already removed."
PlottingScripts/PtMultiplicity/Plots/MinimumBiasSingleParticleSpectra_Dsplus_27-03-2026.pdf,generated-figure,,2026-05-08,Rename 'Pt and Multiplicity' -> PtMultiplicity; fix ROOT entry point,STALE,high,0,,,Nothing executes. You lose an archived copy of a figure that the plotting macros regenerate.,"Generated plot artifact. .C files carry the ROOT header 'Macro generated from canvas ... by ROOT version'. .gitignore:53-55 already declares PlottingScripts/Plots/, PlottingScripts/**/Plots/ and Balancing_and_Sampling/**/Plots/ ignored - these predate the rule. PlottingScripts/validation/removed_tracked_plot_inventory.txt records 78 such files already removed."
PlottingScripts/PtMultiplicity/Plots/MinimumBiasSingleParticleSpectra_Dsplus_27-03-2026.png,generated-figure,,2026-05-08,Rename 'Pt and Multiplicity' -> PtMultiplicity; fix ROOT entry point,STALE,high,0,,,Nothing executes. You lose an archived copy of a figure that the plotting macros regenerate.,"Generated plot artifact. .C files carry the ROOT header 'Macro generated from canvas ... by ROOT version'. .gitignore:53-55 already declares PlottingScripts/Plots/, PlottingScripts/**/Plots/ and Balancing_and_Sampling/**/Plots/ ignored - these predate the rule. PlottingScripts/validation/removed_tracked_plot_inventory.txt records 78 such files already removed."
PlottingScripts/PtMultiplicity/Plots/MinimumBiasSingleParticleSpectra_Dzero_27-03-2026.pdf,generated-figure,,2026-05-08,Rename 'Pt and Multiplicity' -> PtMultiplicity; fix ROOT entry point,STALE,high,0,,,Nothing executes. You lose an archived copy of a figure that the plotting macros regenerate.,"Generated plot artifact. .C files carry the ROOT header 'Macro generated from canvas ... by ROOT version'. .gitignore:53-55 already declares PlottingScripts/Plots/, PlottingScripts/**/Plots/ and Balancing_and_Sampling/**/Plots/ ignored - these predate the rule. PlottingScripts/validation/removed_tracked_plot_inventory.txt records 78 such files already removed."
PlottingScripts/PtMultiplicity/Plots/MinimumBiasSingleParticleSpectra_Dzero_27-03-2026.png,generated-figure,,2026-05-08,Rename 'Pt and Multiplicity' -> PtMultiplicity; fix ROOT entry point,STALE,high,0,,,Nothing executes. You lose an archived copy of a figure that the plotting macros regenerate.,"Generated plot artifact. .C files carry the ROOT header 'Macro generated from canvas ... by ROOT version'. .gitignore:53-55 already declares PlottingScripts/Plots/, PlottingScripts/**/Plots/ and Balancing_and_Sampling/**/Plots/ ignored - these predate the rule. PlottingScripts/validation/removed_tracked_plot_inventory.txt records 78 such files already removed."
PlottingScripts/PtMultiplicity/Plots/MinimumBiasSingleParticleSpectra_Lambdab_27-03-2026.pdf,generated-figure,,2026-05-08,Rename 'Pt and Multiplicity' -> PtMultiplicity; fix ROOT entry point,STALE,high,0,,,Nothing executes. You lose an archived copy of a figure that the plotting macros regenerate.,"Generated plot artifact. .C files carry the ROOT header 'Macro generated from canvas ... by ROOT version'. .gitignore:53-55 already declares PlottingScripts/Plots/, PlottingScripts/**/Plots/ and Balancing_and_Sampling/**/Plots/ ignored - these predate the rule. PlottingScripts/validation/removed_tracked_plot_inventory.txt records 78 such files already removed."
PlottingScripts/PtMultiplicity/Plots/MinimumBiasSingleParticleSpectra_Lambdab_27-03-2026.png,generated-figure,,2026-05-08,Rename 'Pt and Multiplicity' -> PtMultiplicity; fix ROOT entry point,STALE,high,0,,,Nothing executes. You lose an archived copy of a figure that the plotting macros regenerate.,"Generated plot artifact. .C files carry the ROOT header 'Macro generated from canvas ... by ROOT version'. .gitignore:53-55 already declares PlottingScripts/Plots/, PlottingScripts/**/Plots/ and Balancing_and_Sampling/**/Plots/ ignored - these predate the rule. PlottingScripts/validation/removed_tracked_plot_inventory.txt records 78 such files already removed."
PlottingScripts/PtMultiplicity/Plots/MinimumBiasSingleParticleSpectra_Lambdac_27-03-2026.pdf,generated-figure,,2026-05-08,Rename 'Pt and Multiplicity' -> PtMultiplicity; fix ROOT entry point,STALE,high,0,,,Nothing executes. You lose an archived copy of a figure that the plotting macros regenerate.,"Generated plot artifact. .C files carry the ROOT header 'Macro generated from canvas ... by ROOT version'. .gitignore:53-55 already declares PlottingScripts/Plots/, PlottingScripts/**/Plots/ and Balancing_and_Sampling/**/Plots/ ignored - these predate the rule. PlottingScripts/validation/removed_tracked_plot_inventory.txt records 78 such files already removed."
PlottingScripts/PtMultiplicity/Plots/MinimumBiasSingleParticleSpectra_Lambdac_27-03-2026.png,generated-figure,,2026-05-08,Rename 'Pt and Multiplicity' -> PtMultiplicity; fix ROOT entry point,STALE,high,0,,,Nothing executes. You lose an archived copy of a figure that the plotting macros regenerate.,"Generated plot artifact. .C files carry the ROOT header 'Macro generated from canvas ... by ROOT version'. .gitignore:53-55 already declares PlottingScripts/Plots/, PlottingScripts/**/Plots/ and Balancing_and_Sampling/**/Plots/ ignored - these predate the rule. PlottingScripts/validation/removed_tracked_plot_inventory.txt records 78 such files already removed."
PlottingScripts/PtMultiplicity/Plots/MinimumBiasSingleParticleSpectra_barB0_27-03-2026.pdf,generated-figure,,2026-05-08,Rename 'Pt and Multiplicity' -> PtMultiplicity; fix ROOT entry point,STALE,high,0,,,Nothing executes. You lose an archived copy of a figure that the plotting macros regenerate.,"Generated plot artifact. .C files carry the ROOT header 'Macro generated from canvas ... by ROOT version'. .gitignore:53-55 already declares PlottingScripts/Plots/, PlottingScripts/**/Plots/ and Balancing_and_Sampling/**/Plots/ ignored - these predate the rule. PlottingScripts/validation/removed_tracked_plot_inventory.txt records 78 such files already removed."
PlottingScripts/PtMultiplicity/Plots/MinimumBiasSingleParticleSpectra_barB0_27-03-2026.png,generated-figure,,2026-05-08,Rename 'Pt and Multiplicity' -> PtMultiplicity; fix ROOT entry point,STALE,high,0,,,Nothing executes. You lose an archived copy of a figure that the plotting macros regenerate.,"Generated plot artifact. .C files carry the ROOT header 'Macro generated from canvas ... by ROOT version'. .gitignore:53-55 already declares PlottingScripts/Plots/, PlottingScripts/**/Plots/ and Balancing_and_Sampling/**/Plots/ ignored - these predate the rule. PlottingScripts/validation/removed_tracked_plot_inventory.txt records 78 such files already removed."
PlottingScripts/PtMultiplicity/Plots/MinimumBiasSingleParticleSpectra_barBs0_27-03-2026.pdf,generated-figure,,2026-05-08,Rename 'Pt and Multiplicity' -> PtMultiplicity; fix ROOT entry point,STALE,high,0,,,Nothing executes. You lose an archived copy of a figure that the plotting macros regenerate.,"Generated plot artifact. .C files carry the ROOT header 'Macro generated from canvas ... by ROOT version'. .gitignore:53-55 already declares PlottingScripts/Plots/, PlottingScripts/**/Plots/ and Balancing_and_Sampling/**/Plots/ ignored - these predate the rule. PlottingScripts/validation/removed_tracked_plot_inventory.txt records 78 such files already removed."
PlottingScripts/PtMultiplicity/Plots/MinimumBiasSingleParticleSpectra_barBs0_27-03-2026.png,generated-figure,,2026-05-08,Rename 'Pt and Multiplicity' -> PtMultiplicity; fix ROOT entry point,STALE,high,0,,,Nothing executes. You lose an archived copy of a figure that the plotting macros regenerate.,"Generated plot artifact. .C files carry the ROOT header 'Macro generated from canvas ... by ROOT version'. .gitignore:53-55 already declares PlottingScripts/Plots/, PlottingScripts/**/Plots/ and Balancing_and_Sampling/**/Plots/ ignored - these predate the rule. PlottingScripts/validation/removed_tracked_plot_inventory.txt records 78 such files already removed."
PlottingScripts/PtMultiplicity/Plots/MinimumBiasSingleParticleSpectra_barLambdab_27-03-2026.pdf,generated-figure,,2026-05-08,Rename 'Pt and Multiplicity' -> PtMultiplicity; fix ROOT entry point,STALE,high,0,,,Nothing executes. You lose an archived copy of a figure that the plotting macros regenerate.,"Generated plot artifact. .C files carry the ROOT header 'Macro generated from canvas ... by ROOT version'. .gitignore:53-55 already declares PlottingScripts/Plots/, PlottingScripts/**/Plots/ and Balancing_and_Sampling/**/Plots/ ignored - these predate the rule. PlottingScripts/validation/removed_tracked_plot_inventory.txt records 78 such files already removed."
PlottingScripts/PtMultiplicity/Plots/MinimumBiasSingleParticleSpectra_barLambdab_27-03-2026.png,generated-figure,,2026-05-08,Rename 'Pt and Multiplicity' -> PtMultiplicity; fix ROOT entry point,STALE,high,0,,,Nothing executes. You lose an archived copy of a figure that the plotting macros regenerate.,"Generated plot artifact. .C files carry the ROOT header 'Macro generated from canvas ... by ROOT version'. .gitignore:53-55 already declares PlottingScripts/Plots/, PlottingScripts/**/Plots/ and Balancing_and_Sampling/**/Plots/ ignored - these predate the rule. PlottingScripts/validation/removed_tracked_plot_inventory.txt records 78 such files already removed."
PlottingScripts/PtMultiplicity/Plots/MinimumBiasSingleParticleSpectra_barLambdac_27-03-2026.pdf,generated-figure,,2026-05-08,Rename 'Pt and Multiplicity' -> PtMultiplicity; fix ROOT entry point,STALE,high,0,,,Nothing executes. You lose an archived copy of a figure that the plotting macros regenerate.,"Generated plot artifact. .C files carry the ROOT header 'Macro generated from canvas ... by ROOT version'. .gitignore:53-55 already declares PlottingScripts/Plots/, PlottingScripts/**/Plots/ and Balancing_and_Sampling/**/Plots/ ignored - these predate the rule. PlottingScripts/validation/removed_tracked_plot_inventory.txt records 78 such files already removed."
PlottingScripts/PtMultiplicity/Plots/MinimumBiasSingleParticleSpectra_barLambdac_27-03-2026.png,generated-figure,,2026-05-08,Rename 'Pt and Multiplicity' -> PtMultiplicity; fix ROOT entry point,STALE,high,0,,,Nothing executes. You lose an archived copy of a figure that the plotting macros regenerate.,"Generated plot artifact. .C files carry the ROOT header 'Macro generated from canvas ... by ROOT version'. .gitignore:53-55 already declares PlottingScripts/Plots/, PlottingScripts/**/Plots/ and Balancing_and_Sampling/**/Plots/ ignored - these predate the rule. PlottingScripts/validation/removed_tracked_plot_inventory.txt records 78 such files already removed."
PlottingScripts/PtMultiplicity/Plots/MinimumBiasSpeciesResolvedSpectraCompareTunes_Beauty_27-03-2026.pdf,generated-figure,,2026-05-08,Rename 'Pt and Multiplicity' -> PtMultiplicity; fix ROOT entry point,STALE,high,0,,,Nothing executes. You lose an archived copy of a figure that the plotting macros regenerate.,"Generated plot artifact. .C files carry the ROOT header 'Macro generated from canvas ... by ROOT version'. .gitignore:53-55 already declares PlottingScripts/Plots/, PlottingScripts/**/Plots/ and Balancing_and_Sampling/**/Plots/ ignored - these predate the rule. PlottingScripts/validation/removed_tracked_plot_inventory.txt records 78 such files already removed."
PlottingScripts/PtMultiplicity/Plots/MinimumBiasSpeciesResolvedSpectraCompareTunes_Beauty_27-03-2026.png,generated-figure,,2026-05-08,Rename 'Pt and Multiplicity' -> PtMultiplicity; fix ROOT entry point,STALE,high,0,,,Nothing executes. You lose an archived copy of a figure that the plotting macros regenerate.,"Generated plot artifact. .C files carry the ROOT header 'Macro generated from canvas ... by ROOT version'. .gitignore:53-55 already declares PlottingScripts/Plots/, PlottingScripts/**/Plots/ and Balancing_and_Sampling/**/Plots/ ignored - these predate the rule. PlottingScripts/validation/removed_tracked_plot_inventory.txt records 78 such files already removed."
PlottingScripts/PtMultiplicity/Plots/MinimumBiasSpeciesResolvedSpectraCompareTunes_Charm_27-03-2026.pdf,generated-figure,,2026-05-08,Rename 'Pt and Multiplicity' -> PtMultiplicity; fix ROOT entry point,STALE,high,0,,,Nothing executes. You lose an archived copy of a figure that the plotting macros regenerate.,"Generated plot artifact. .C files carry the ROOT header 'Macro generated from canvas ... by ROOT version'. .gitignore:53-55 already declares PlottingScripts/Plots/, PlottingScripts/**/Plots/ and Balancing_and_Sampling/**/Plots/ ignored - these predate the rule. PlottingScripts/validation/removed_tracked_plot_inventory.txt records 78 such files already removed."
PlottingScripts/PtMultiplicity/Plots/MinimumBiasSpeciesResolvedSpectraCompareTunes_Charm_27-03-2026.png,generated-figure,,2026-05-08,Rename 'Pt and Multiplicity' -> PtMultiplicity; fix ROOT entry point,STALE,high,0,,,Nothing executes. You lose an archived copy of a figure that the plotting macros regenerate.,"Generated plot artifact. .C files carry the ROOT header 'Macro generated from canvas ... by ROOT version'. .gitignore:53-55 already declares PlottingScripts/Plots/, PlottingScripts/**/Plots/ and Balancing_and_Sampling/**/Plots/ ignored - these predate the rule. PlottingScripts/validation/removed_tracked_plot_inventory.txt records 78 such files already removed."
PlottingScripts/PtMultiplicity/Plots/Ratio_BaryonMeson_CharmBeauty_MONASH_vs_JUNCTIONS_0_20.png,generated-figure,,2026-05-08,Rename 'Pt and Multiplicity' -> PtMultiplicity; fix ROOT entry point,STALE,high,0,,,Nothing executes. You lose an archived copy of a figure that the plotting macros regenerate.,"Generated plot artifact. .C files carry the ROOT header 'Macro generated from canvas ... by ROOT version'. .gitignore:53-55 already declares PlottingScripts/Plots/, PlottingScripts/**/Plots/ and Balancing_and_Sampling/**/Plots/ ignored - these predate the rule. PlottingScripts/validation/removed_tracked_plot_inventory.txt records 78 such files already removed."
PlottingScripts/PtMultiplicity/Plots/Ratio_BaryonMeson_CharmBeauty_MONASH_vs_JUNCTIONS_20_40.png,generated-figure,,2026-05-08,Rename 'Pt and Multiplicity' -> PtMultiplicity; fix ROOT entry point,STALE,high,0,,,Nothing executes. You lose an archived copy of a figure that the plotting macros regenerate.,"Generated plot artifact. .C files carry the ROOT header 'Macro generated from canvas ... by ROOT version'. .gitignore:53-55 already declares PlottingScripts/Plots/, PlottingScripts/**/Plots/ and Balancing_and_Sampling/**/Plots/ ignored - these predate the rule. PlottingScripts/validation/removed_tracked_plot_inventory.txt records 78 such files already removed."
PlottingScripts/PtMultiplicity/Plots/Ratio_BaryonMeson_CharmBeauty_MONASH_vs_JUNCTIONS_40_60.png,generated-figure,,2026-05-08,Rename 'Pt and Multiplicity' -> PtMultiplicity; fix ROOT entry point,STALE,high,0,,,Nothing executes. You lose an archived copy of a figure that the plotting macros regenerate.,"Generated plot artifact. .C files carry the ROOT header 'Macro generated from canvas ... by ROOT version'. .gitignore:53-55 already declares PlottingScripts/Plots/, PlottingScripts/**/Plots/ and Balancing_and_Sampling/**/Plots/ ignored - these predate the rule. PlottingScripts/validation/removed_tracked_plot_inventory.txt records 78 such files already removed."
PlottingScripts/PtMultiplicity/Plots/Ratio_BaryonMeson_CharmBeauty_MONASH_vs_JUNCTIONS_60_80.png,generated-figure,,2026-05-08,Rename 'Pt and Multiplicity' -> PtMultiplicity; fix ROOT entry point,STALE,high,0,,,Nothing executes. You lose an archived copy of a figure that the plotting macros regenerate.,"Generated plot artifact. .C files carry the ROOT header 'Macro generated from canvas ... by ROOT version'. .gitignore:53-55 already declares PlottingScripts/Plots/, PlottingScripts/**/Plots/ and Balancing_and_Sampling/**/Plots/ ignored - these predate the rule. PlottingScripts/validation/removed_tracked_plot_inventory.txt records 78 such files already removed."
PlottingScripts/PtMultiplicity/Plots/Ratio_BaryonMeson_CharmBeauty_MONASH_vs_JUNCTIONS_80_100.png,generated-figure,,2026-05-08,Rename 'Pt and Multiplicity' -> PtMultiplicity; fix ROOT entry point,STALE,high,0,,,Nothing executes. You lose an archived copy of a figure that the plotting macros regenerate.,"Generated plot artifact. .C files carry the ROOT header 'Macro generated from canvas ... by ROOT version'. .gitignore:53-55 already declares PlottingScripts/Plots/, PlottingScripts/**/Plots/ and Balancing_and_Sampling/**/Plots/ ignored - these predate the rule. PlottingScripts/validation/removed_tracked_plot_inventory.txt records 78 such files already removed."
PlottingScripts/PtMultiplicity/Plots/Ratio_BeautyBaryonMeson_MONASH_vs_JUNCTIONS_0_20.png,generated-figure,,2026-05-08,Rename 'Pt and Multiplicity' -> PtMultiplicity; fix ROOT entry point,STALE,high,0,,,Nothing executes. You lose an archived copy of a figure that the plotting macros regenerate.,"Generated plot artifact. .C files carry the ROOT header 'Macro generated from canvas ... by ROOT version'. .gitignore:53-55 already declares PlottingScripts/Plots/, PlottingScripts/**/Plots/ and Balancing_and_Sampling/**/Plots/ ignored - these predate the rule. PlottingScripts/validation/removed_tracked_plot_inventory.txt records 78 such files already removed."
PlottingScripts/PtMultiplicity/Plots/Ratio_BeautyBaryonMeson_MONASH_vs_JUNCTIONS_20_40.png,generated-figure,,2026-05-08,Rename 'Pt and Multiplicity' -> PtMultiplicity; fix ROOT entry point,STALE,high,0,,,Nothing executes. You lose an archived copy of a figure that the plotting macros regenerate.,"Generated plot artifact. .C files carry the ROOT header 'Macro generated from canvas ... by ROOT version'. .gitignore:53-55 already declares PlottingScripts/Plots/, PlottingScripts/**/Plots/ and Balancing_and_Sampling/**/Plots/ ignored - these predate the rule. PlottingScripts/validation/removed_tracked_plot_inventory.txt records 78 such files already removed."
PlottingScripts/PtMultiplicity/Plots/Ratio_BeautyBaryonMeson_MONASH_vs_JUNCTIONS_40_60.png,generated-figure,,2026-05-08,Rename 'Pt and Multiplicity' -> PtMultiplicity; fix ROOT entry point,STALE,high,0,,,Nothing executes. You lose an archived copy of a figure that the plotting macros regenerate.,"Generated plot artifact. .C files carry the ROOT header 'Macro generated from canvas ... by ROOT version'. .gitignore:53-55 already declares PlottingScripts/Plots/, PlottingScripts/**/Plots/ and Balancing_and_Sampling/**/Plots/ ignored - these predate the rule. PlottingScripts/validation/removed_tracked_plot_inventory.txt records 78 such files already removed."
PlottingScripts/PtMultiplicity/Plots/Ratio_BeautyBaryonMeson_MONASH_vs_JUNCTIONS_60_80.png,generated-figure,,2026-05-08,Rename 'Pt and Multiplicity' -> PtMultiplicity; fix ROOT entry point,STALE,high,0,,,Nothing executes. You lose an archived copy of a figure that the plotting macros regenerate.,"Generated plot artifact. .C files carry the ROOT header 'Macro generated from canvas ... by ROOT version'. .gitignore:53-55 already declares PlottingScripts/Plots/, PlottingScripts/**/Plots/ and Balancing_and_Sampling/**/Plots/ ignored - these predate the rule. PlottingScripts/validation/removed_tracked_plot_inventory.txt records 78 such files already removed."
PlottingScripts/PtMultiplicity/Plots/Ratio_BeautyBaryonMeson_MONASH_vs_JUNCTIONS_80_100.png,generated-figure,,2026-05-08,Rename 'Pt and Multiplicity' -> PtMultiplicity; fix ROOT entry point,STALE,high,0,,,Nothing executes. You lose an archived copy of a figure that the plotting macros regenerate.,"Generated plot artifact. .C files carry the ROOT header 'Macro generated from canvas ... by ROOT version'. .gitignore:53-55 already declares PlottingScripts/Plots/, PlottingScripts/**/Plots/ and Balancing_and_Sampling/**/Plots/ ignored - these predate the rule. PlottingScripts/validation/removed_tracked_plot_inventory.txt records 78 such files already removed."
PlottingScripts/PtMultiplicity/Plots/Ratio_CharmBaryonMeson_MONASH_vs_JUNCTIONS_0_20.png,generated-figure,,2026-05-08,Rename 'Pt and Multiplicity' -> PtMultiplicity; fix ROOT entry point,STALE,high,0,,,Nothing executes. You lose an archived copy of a figure that the plotting macros regenerate.,"Generated plot artifact. .C files carry the ROOT header 'Macro generated from canvas ... by ROOT version'. .gitignore:53-55 already declares PlottingScripts/Plots/, PlottingScripts/**/Plots/ and Balancing_and_Sampling/**/Plots/ ignored - these predate the rule. PlottingScripts/validation/removed_tracked_plot_inventory.txt records 78 such files already removed."
PlottingScripts/PtMultiplicity/Plots/Ratio_CharmBaryonMeson_MONASH_vs_JUNCTIONS_20_40.png,generated-figure,,2026-05-08,Rename 'Pt and Multiplicity' -> PtMultiplicity; fix ROOT entry point,STALE,high,0,,,Nothing executes. You lose an archived copy of a figure that the plotting macros regenerate.,"Generated plot artifact. .C files carry the ROOT header 'Macro generated from canvas ... by ROOT version'. .gitignore:53-55 already declares PlottingScripts/Plots/, PlottingScripts/**/Plots/ and Balancing_and_Sampling/**/Plots/ ignored - these predate the rule. PlottingScripts/validation/removed_tracked_plot_inventory.txt records 78 such files already removed."
PlottingScripts/PtMultiplicity/Plots/Ratio_CharmBaryonMeson_MONASH_vs_JUNCTIONS_40_60.png,generated-figure,,2026-05-08,Rename 'Pt and Multiplicity' -> PtMultiplicity; fix ROOT entry point,STALE,high,0,,,Nothing executes. You lose an archived copy of a figure that the plotting macros regenerate.,"Generated plot artifact. .C files carry the ROOT header 'Macro generated from canvas ... by ROOT version'. .gitignore:53-55 already declares PlottingScripts/Plots/, PlottingScripts/**/Plots/ and Balancing_and_Sampling/**/Plots/ ignored - these predate the rule. PlottingScripts/validation/removed_tracked_plot_inventory.txt records 78 such files already removed."
PlottingScripts/PtMultiplicity/Plots/Ratio_CharmBaryonMeson_MONASH_vs_JUNCTIONS_60_80.png,generated-figure,,2026-05-08,Rename 'Pt and Multiplicity' -> PtMultiplicity; fix ROOT entry point,STALE,high,0,,,Nothing executes. You lose an archived copy of a figure that the plotting macros regenerate.,"Generated plot artifact. .C files carry the ROOT header 'Macro generated from canvas ... by ROOT version'. .gitignore:53-55 already declares PlottingScripts/Plots/, PlottingScripts/**/Plots/ and Balancing_and_Sampling/**/Plots/ ignored - these predate the rule. PlottingScripts/validation/removed_tracked_plot_inventory.txt records 78 such files already removed."
PlottingScripts/PtMultiplicity/Plots/Ratio_CharmBaryonMeson_MONASH_vs_JUNCTIONS_80_100.png,generated-figure,,2026-05-08,Rename 'Pt and Multiplicity' -> PtMultiplicity; fix ROOT entry point,STALE,high,0,,,Nothing executes. You lose an archived copy of a figure that the plotting macros regenerate.,"Generated plot artifact. .C files carry the ROOT header 'Macro generated from canvas ... by ROOT version'. .gitignore:53-55 already declares PlottingScripts/Plots/, PlottingScripts/**/Plots/ and Balancing_and_Sampling/**/Plots/ ignored - these predate the rule. PlottingScripts/validation/removed_tracked_plot_inventory.txt records 78 such files already removed."
PlottingScripts/PtMultiplicity/Plots/Ratio_LambdabOverBplus_MONASH_vs_JUNCTIONS_0_20.png,generated-figure,,2026-05-08,Rename 'Pt and Multiplicity' -> PtMultiplicity; fix ROOT entry point,STALE,high,0,,,Nothing executes. You lose an archived copy of a figure that the plotting macros regenerate.,"Generated plot artifact. .C files carry the ROOT header 'Macro generated from canvas ... by ROOT version'. .gitignore:53-55 already declares PlottingScripts/Plots/, PlottingScripts/**/Plots/ and Balancing_and_Sampling/**/Plots/ ignored - these predate the rule. PlottingScripts/validation/removed_tracked_plot_inventory.txt records 78 such files already removed."
PlottingScripts/PtMultiplicity/Plots/Ratio_LambdabOverBplus_MONASH_vs_JUNCTIONS_20_40.png,generated-figure,,2026-05-08,Rename 'Pt and Multiplicity' -> PtMultiplicity; fix ROOT entry point,STALE,high,0,,,Nothing executes. You lose an archived copy of a figure that the plotting macros regenerate.,"Generated plot artifact. .C files carry the ROOT header 'Macro generated from canvas ... by ROOT version'. .gitignore:53-55 already declares PlottingScripts/Plots/, PlottingScripts/**/Plots/ and Balancing_and_Sampling/**/Plots/ ignored - these predate the rule. PlottingScripts/validation/removed_tracked_plot_inventory.txt records 78 such files already removed."
PlottingScripts/PtMultiplicity/Plots/Ratio_LambdabOverBplus_MONASH_vs_JUNCTIONS_40_60.png,generated-figure,,2026-05-08,Rename 'Pt and Multiplicity' -> PtMultiplicity; fix ROOT entry point,STALE,high,0,,,Nothing executes. You lose an archived copy of a figure that the plotting macros regenerate.,"Generated plot artifact. .C files carry the ROOT header 'Macro generated from canvas ... by ROOT version'. .gitignore:53-55 already declares PlottingScripts/Plots/, PlottingScripts/**/Plots/ and Balancing_and_Sampling/**/Plots/ ignored - these predate the rule. PlottingScripts/validation/removed_tracked_plot_inventory.txt records 78 such files already removed."
PlottingScripts/PtMultiplicity/Plots/Ratio_LambdabOverBplus_MONASH_vs_JUNCTIONS_60_80.png,generated-figure,,2026-05-08,Rename 'Pt and Multiplicity' -> PtMultiplicity; fix ROOT entry point,STALE,high,0,,,Nothing executes. You lose an archived copy of a figure that the plotting macros regenerate.,"Generated plot artifact. .C files carry the ROOT header 'Macro generated from canvas ... by ROOT version'. .gitignore:53-55 already declares PlottingScripts/Plots/, PlottingScripts/**/Plots/ and Balancing_and_Sampling/**/Plots/ ignored - these predate the rule. PlottingScripts/validation/removed_tracked_plot_inventory.txt records 78 such files already removed."
PlottingScripts/PtMultiplicity/Plots/Ratio_LambdabOverBplus_MONASH_vs_JUNCTIONS_80_100.png,generated-figure,,2026-05-08,Rename 'Pt and Multiplicity' -> PtMultiplicity; fix ROOT entry point,STALE,high,0,,,Nothing executes. You lose an archived copy of a figure that the plotting macros regenerate.,"Generated plot artifact. .C files carry the ROOT header 'Macro generated from canvas ... by ROOT version'. .gitignore:53-55 already declares PlottingScripts/Plots/, PlottingScripts/**/Plots/ and Balancing_and_Sampling/**/Plots/ ignored - these predate the rule. PlottingScripts/validation/removed_tracked_plot_inventory.txt records 78 such files already removed."
PlottingScripts/PtMultiplicity/Plots/Ratio_Lambdab_over_Bplus_vsMult.png,generated-figure,,2026-05-08,Rename 'Pt and Multiplicity' -> PtMultiplicity; fix ROOT entry point,STALE,high,0,,,Nothing executes. You lose an archived copy of a figure that the plotting macros regenerate.,"Generated plot artifact. .C files carry the ROOT header 'Macro generated from canvas ... by ROOT version'. .gitignore:53-55 already declares PlottingScripts/Plots/, PlottingScripts/**/Plots/ and Balancing_and_Sampling/**/Plots/ ignored - these predate the rule. PlottingScripts/validation/removed_tracked_plot_inventory.txt records 78 such files already removed."
PlottingScripts/PtMultiplicity/Plots/Ratio_LambdacOverDplus_MONASH_vs_JUNCTIONS_0_20.png,generated-figure,,2026-05-08,Rename 'Pt and Multiplicity' -> PtMultiplicity; fix ROOT entry point,STALE,high,0,,,Nothing executes. You lose an archived copy of a figure that the plotting macros regenerate.,"Generated plot artifact. .C files carry the ROOT header 'Macro generated from canvas ... by ROOT version'. .gitignore:53-55 already declares PlottingScripts/Plots/, PlottingScripts/**/Plots/ and Balancing_and_Sampling/**/Plots/ ignored - these predate the rule. PlottingScripts/validation/removed_tracked_plot_inventory.txt records 78 such files already removed."
PlottingScripts/PtMultiplicity/Plots/Ratio_LambdacOverDplus_MONASH_vs_JUNCTIONS_20_40.png,generated-figure,,2026-05-08,Rename 'Pt and Multiplicity' -> PtMultiplicity; fix ROOT entry point,STALE,high,0,,,Nothing executes. You lose an archived copy of a figure that the plotting macros regenerate.,"Generated plot artifact. .C files carry the ROOT header 'Macro generated from canvas ... by ROOT version'. .gitignore:53-55 already declares PlottingScripts/Plots/, PlottingScripts/**/Plots/ and Balancing_and_Sampling/**/Plots/ ignored - these predate the rule. PlottingScripts/validation/removed_tracked_plot_inventory.txt records 78 such files already removed."
PlottingScripts/PtMultiplicity/Plots/Ratio_LambdacOverDplus_MONASH_vs_JUNCTIONS_40_60.png,generated-figure,,2026-05-08,Rename 'Pt and Multiplicity' -> PtMultiplicity; fix ROOT entry point,STALE,high,0,,,Nothing executes. You lose an archived copy of a figure that the plotting macros regenerate.,"Generated plot artifact. .C files carry the ROOT header 'Macro generated from canvas ... by ROOT version'. .gitignore:53-55 already declares PlottingScripts/Plots/, PlottingScripts/**/Plots/ and Balancing_and_Sampling/**/Plots/ ignored - these predate the rule. PlottingScripts/validation/removed_tracked_plot_inventory.txt records 78 such files already removed."
PlottingScripts/PtMultiplicity/Plots/Ratio_LambdacOverDplus_MONASH_vs_JUNCTIONS_60_80.png,generated-figure,,2026-05-08,Rename 'Pt and Multiplicity' -> PtMultiplicity; fix ROOT entry point,STALE,high,0,,,Nothing executes. You lose an archived copy of a figure that the plotting macros regenerate.,"Generated plot artifact. .C files carry the ROOT header 'Macro generated from canvas ... by ROOT version'. .gitignore:53-55 already declares PlottingScripts/Plots/, PlottingScripts/**/Plots/ and Balancing_and_Sampling/**/Plots/ ignored - these predate the rule. PlottingScripts/validation/removed_tracked_plot_inventory.txt records 78 such files already removed."
PlottingScripts/PtMultiplicity/Plots/Ratio_LambdacOverDplus_MONASH_vs_JUNCTIONS_80_100.png,generated-figure,,2026-05-08,Rename 'Pt and Multiplicity' -> PtMultiplicity; fix ROOT entry point,STALE,high,0,,,Nothing executes. You lose an archived copy of a figure that the plotting macros regenerate.,"Generated plot artifact. .C files carry the ROOT header 'Macro generated from canvas ... by ROOT version'. .gitignore:53-55 already declares PlottingScripts/Plots/, PlottingScripts/**/Plots/ and Balancing_and_Sampling/**/Plots/ ignored - these predate the rule. PlottingScripts/validation/removed_tracked_plot_inventory.txt records 78 such files already removed."
PlottingScripts/PtMultiplicity/Plots/Ratio_Lambdac_over_Dplus_vsMult.png,generated-figure,,2026-05-08,Rename 'Pt and Multiplicity' -> PtMultiplicity; fix ROOT entry point,STALE,high,0,,,Nothing executes. You lose an archived copy of a figure that the plotting macros regenerate.,"Generated plot artifact. .C files carry the ROOT header 'Macro generated from canvas ... by ROOT version'. .gitignore:53-55 already declares PlottingScripts/Plots/, PlottingScripts/**/Plots/ and Balancing_and_Sampling/**/Plots/ ignored - these predate the rule. PlottingScripts/validation/removed_tracked_plot_inventory.txt records 78 such files already removed."
PlottingScripts/PtMultiplicity/Plots/SingleParticleSpectra_Bcminus_27-03-2026.pdf,generated-figure,,2026-05-08,Rename 'Pt and Multiplicity' -> PtMultiplicity; fix ROOT entry point,STALE,high,0,,,Nothing executes. You lose an archived copy of a figure that the plotting macros regenerate.,"Generated plot artifact. .C files carry the ROOT header 'Macro generated from canvas ... by ROOT version'. .gitignore:53-55 already declares PlottingScripts/Plots/, PlottingScripts/**/Plots/ and Balancing_and_Sampling/**/Plots/ ignored - these predate the rule. PlottingScripts/validation/removed_tracked_plot_inventory.txt records 78 such files already removed."
PlottingScripts/PtMultiplicity/Plots/SingleParticleSpectra_Bcminus_27-03-2026.png,generated-figure,,2026-05-08,Rename 'Pt and Multiplicity' -> PtMultiplicity; fix ROOT entry point,STALE,high,0,,,Nothing executes. You lose an archived copy of a figure that the plotting macros regenerate.,"Generated plot artifact. .C files carry the ROOT header 'Macro generated from canvas ... by ROOT version'. .gitignore:53-55 already declares PlottingScripts/Plots/, PlottingScripts/**/Plots/ and Balancing_and_Sampling/**/Plots/ ignored - these predate the rule. PlottingScripts/validation/removed_tracked_plot_inventory.txt records 78 such files already removed."
PlottingScripts/PtMultiplicity/Plots/SingleParticleSpectra_Bcplus_27-03-2026.pdf,generated-figure,,2026-05-08,Rename 'Pt and Multiplicity' -> PtMultiplicity; fix ROOT entry point,STALE,high,0,,,Nothing executes. You lose an archived copy of a figure that the plotting macros regenerate.,"Generated plot artifact. .C files carry the ROOT header 'Macro generated from canvas ... by ROOT version'. .gitignore:53-55 already declares PlottingScripts/Plots/, PlottingScripts/**/Plots/ and Balancing_and_Sampling/**/Plots/ ignored - these predate the rule. PlottingScripts/validation/removed_tracked_plot_inventory.txt records 78 such files already removed."
PlottingScripts/PtMultiplicity/Plots/SingleParticleSpectra_Bcplus_27-03-2026.png,generated-figure,,2026-05-08,Rename 'Pt and Multiplicity' -> PtMultiplicity; fix ROOT entry point,STALE,high,0,,,Nothing executes. You lose an archived copy of a figure that the plotting macros regenerate.,"Generated plot artifact. .C files carry the ROOT header 'Macro generated from canvas ... by ROOT version'. .gitignore:53-55 already declares PlottingScripts/Plots/, PlottingScripts/**/Plots/ and Balancing_and_Sampling/**/Plots/ ignored - these predate the rule. PlottingScripts/validation/removed_tracked_plot_inventory.txt records 78 such files already removed."
PlottingScripts/PtMultiplicity/Plots/SingleParticleSpectra_Bminus_27-03-2026.pdf,generated-figure,,2026-05-08,Rename 'Pt and Multiplicity' -> PtMultiplicity; fix ROOT entry point,STALE,high,0,,,Nothing executes. You lose an archived copy of a figure that the plotting macros regenerate.,"Generated plot artifact. .C files carry the ROOT header 'Macro generated from canvas ... by ROOT version'. .gitignore:53-55 already declares PlottingScripts/Plots/, PlottingScripts/**/Plots/ and Balancing_and_Sampling/**/Plots/ ignored - these predate the rule. PlottingScripts/validation/removed_tracked_plot_inventory.txt records 78 such files already removed."
PlottingScripts/PtMultiplicity/Plots/SingleParticleSpectra_Bminus_27-03-2026.png,generated-figure,,2026-05-08,Rename 'Pt and Multiplicity' -> PtMultiplicity; fix ROOT entry point,STALE,high,0,,,Nothing executes. You lose an archived copy of a figure that the plotting macros regenerate.,"Generated plot artifact. .C files carry the ROOT header 'Macro generated from canvas ... by ROOT version'. .gitignore:53-55 already declares PlottingScripts/Plots/, PlottingScripts/**/Plots/ and Balancing_and_Sampling/**/Plots/ ignored - these predate the rule. PlottingScripts/validation/removed_tracked_plot_inventory.txt records 78 such files already removed."
PlottingScripts/PtMultiplicity/Plots/SingleParticleSpectra_Bplus_27-03-2026.pdf,generated-figure,,2026-05-08,Rename 'Pt and Multiplicity' -> PtMultiplicity; fix ROOT entry point,STALE,high,0,,,Nothing executes. You lose an archived copy of a figure that the plotting macros regenerate.,"Generated plot artifact. .C files carry the ROOT header 'Macro generated from canvas ... by ROOT version'. .gitignore:53-55 already declares PlottingScripts/Plots/, PlottingScripts/**/Plots/ and Balancing_and_Sampling/**/Plots/ ignored - these predate the rule. PlottingScripts/validation/removed_tracked_plot_inventory.txt records 78 such files already removed."
PlottingScripts/PtMultiplicity/Plots/SingleParticleSpectra_Bplus_27-03-2026.png,generated-figure,,2026-05-08,Rename 'Pt and Multiplicity' -> PtMultiplicity; fix ROOT entry point,STALE,high,0,,,Nothing executes. You lose an archived copy of a figure that the plotting macros regenerate.,"Generated plot artifact. .C files carry the ROOT header 'Macro generated from canvas ... by ROOT version'. .gitignore:53-55 already declares PlottingScripts/Plots/, PlottingScripts/**/Plots/ and Balancing_and_Sampling/**/Plots/ ignored - these predate the rule. PlottingScripts/validation/removed_tracked_plot_inventory.txt records 78 such files already removed."
PlottingScripts/PtMultiplicity/Plots/SingleParticleSpectra_Bs0_27-03-2026.pdf,generated-figure,,2026-05-08,Rename 'Pt and Multiplicity' -> PtMultiplicity; fix ROOT entry point,STALE,high,0,,,Nothing executes. You lose an archived copy of a figure that the plotting macros regenerate.,"Generated plot artifact. .C files carry the ROOT header 'Macro generated from canvas ... by ROOT version'. .gitignore:53-55 already declares PlottingScripts/Plots/, PlottingScripts/**/Plots/ and Balancing_and_Sampling/**/Plots/ ignored - these predate the rule. PlottingScripts/validation/removed_tracked_plot_inventory.txt records 78 such files already removed."
PlottingScripts/PtMultiplicity/Plots/SingleParticleSpectra_Bs0_27-03-2026.png,generated-figure,,2026-05-08,Rename 'Pt and Multiplicity' -> PtMultiplicity; fix ROOT entry point,STALE,high,0,,,Nothing executes. You lose an archived copy of a figure that the plotting macros regenerate.,"Generated plot artifact. .C files carry the ROOT header 'Macro generated from canvas ... by ROOT version'. .gitignore:53-55 already declares PlottingScripts/Plots/, PlottingScripts/**/Plots/ and Balancing_and_Sampling/**/Plots/ ignored - these predate the rule. PlottingScripts/validation/removed_tracked_plot_inventory.txt records 78 such files already removed."
PlottingScripts/PtMultiplicity/Plots/SingleParticleSpectra_Bzero_27-03-2026.pdf,generated-figure,,2026-05-08,Rename 'Pt and Multiplicity' -> PtMultiplicity; fix ROOT entry point,STALE,high,0,,,Nothing executes. You lose an archived copy of a figure that the plotting macros regenerate.,"Generated plot artifact. .C files carry the ROOT header 'Macro generated from canvas ... by ROOT version'. .gitignore:53-55 already declares PlottingScripts/Plots/, PlottingScripts/**/Plots/ and Balancing_and_Sampling/**/Plots/ ignored - these predate the rule. PlottingScripts/validation/removed_tracked_plot_inventory.txt records 78 such files already removed."
PlottingScripts/PtMultiplicity/Plots/SingleParticleSpectra_Bzero_27-03-2026.png,generated-figure,,2026-05-08,Rename 'Pt and Multiplicity' -> PtMultiplicity; fix ROOT entry point,STALE,high,0,,,Nothing executes. You lose an archived copy of a figure that the plotting macros regenerate.,"Generated plot artifact. .C files carry the ROOT header 'Macro generated from canvas ... by ROOT version'. .gitignore:53-55 already declares PlottingScripts/Plots/, PlottingScripts/**/Plots/ and Balancing_and_Sampling/**/Plots/ ignored - these predate the rule. PlottingScripts/validation/removed_tracked_plot_inventory.txt records 78 such files already removed."
PlottingScripts/PtMultiplicity/Plots/SingleParticleSpectra_Dbar0_27-03-2026.pdf,generated-figure,,2026-05-08,Rename 'Pt and Multiplicity' -> PtMultiplicity; fix ROOT entry point,STALE,high,0,,,Nothing executes. You lose an archived copy of a figure that the plotting macros regenerate.,"Generated plot artifact. .C files carry the ROOT header 'Macro generated from canvas ... by ROOT version'. .gitignore:53-55 already declares PlottingScripts/Plots/, PlottingScripts/**/Plots/ and Balancing_and_Sampling/**/Plots/ ignored - these predate the rule. PlottingScripts/validation/removed_tracked_plot_inventory.txt records 78 such files already removed."
PlottingScripts/PtMultiplicity/Plots/SingleParticleSpectra_Dbar0_27-03-2026.png,generated-figure,,2026-05-08,Rename 'Pt and Multiplicity' -> PtMultiplicity; fix ROOT entry point,STALE,high,0,,,Nothing executes. You lose an archived copy of a figure that the plotting macros regenerate.,"Generated plot artifact. .C files carry the ROOT header 'Macro generated from canvas ... by ROOT version'. .gitignore:53-55 already declares PlottingScripts/Plots/, PlottingScripts/**/Plots/ and Balancing_and_Sampling/**/Plots/ ignored - these predate the rule. PlottingScripts/validation/removed_tracked_plot_inventory.txt records 78 such files already removed."
PlottingScripts/PtMultiplicity/Plots/SingleParticleSpectra_Dminus_27-03-2026.pdf,generated-figure,,2026-05-08,Rename 'Pt and Multiplicity' -> PtMultiplicity; fix ROOT entry point,STALE,high,0,,,Nothing executes. You lose an archived copy of a figure that the plotting macros regenerate.,"Generated plot artifact. .C files carry the ROOT header 'Macro generated from canvas ... by ROOT version'. .gitignore:53-55 already declares PlottingScripts/Plots/, PlottingScripts/**/Plots/ and Balancing_and_Sampling/**/Plots/ ignored - these predate the rule. PlottingScripts/validation/removed_tracked_plot_inventory.txt records 78 such files already removed."
PlottingScripts/PtMultiplicity/Plots/SingleParticleSpectra_Dminus_27-03-2026.png,generated-figure,,2026-05-08,Rename 'Pt and Multiplicity' -> PtMultiplicity; fix ROOT entry point,STALE,high,0,,,Nothing executes. You lose an archived copy of a figure that the plotting macros regenerate.,"Generated plot artifact. .C files carry the ROOT header 'Macro generated from canvas ... by ROOT version'. .gitignore:53-55 already declares PlottingScripts/Plots/, PlottingScripts/**/Plots/ and Balancing_and_Sampling/**/Plots/ ignored - these predate the rule. PlottingScripts/validation/removed_tracked_plot_inventory.txt records 78 such files already removed."
PlottingScripts/PtMultiplicity/Plots/SingleParticleSpectra_Dplus_27-03-2026.pdf,generated-figure,,2026-05-08,Rename 'Pt and Multiplicity' -> PtMultiplicity; fix ROOT entry point,STALE,high,0,,,Nothing executes. You lose an archived copy of a figure that the plotting macros regenerate.,"Generated plot artifact. .C files carry the ROOT header 'Macro generated from canvas ... by ROOT version'. .gitignore:53-55 already declares PlottingScripts/Plots/, PlottingScripts/**/Plots/ and Balancing_and_Sampling/**/Plots/ ignored - these predate the rule. PlottingScripts/validation/removed_tracked_plot_inventory.txt records 78 such files already removed."
PlottingScripts/PtMultiplicity/Plots/SingleParticleSpectra_Dplus_27-03-2026.png,generated-figure,,2026-05-08,Rename 'Pt and Multiplicity' -> PtMultiplicity; fix ROOT entry point,STALE,high,0,,,Nothing executes. You lose an archived copy of a figure that the plotting macros regenerate.,"Generated plot artifact. .C files carry the ROOT header 'Macro generated from canvas ... by ROOT version'. .gitignore:53-55 already declares PlottingScripts/Plots/, PlottingScripts/**/Plots/ and Balancing_and_Sampling/**/Plots/ ignored - these predate the rule. PlottingScripts/validation/removed_tracked_plot_inventory.txt records 78 such files already removed."
PlottingScripts/PtMultiplicity/Plots/SingleParticleSpectra_Dsminus_27-03-2026.pdf,generated-figure,,2026-05-08,Rename 'Pt and Multiplicity' -> PtMultiplicity; fix ROOT entry point,STALE,high,0,,,Nothing executes. You lose an archived copy of a figure that the plotting macros regenerate.,"Generated plot artifact. .C files carry the ROOT header 'Macro generated from canvas ... by ROOT version'. .gitignore:53-55 already declares PlottingScripts/Plots/, PlottingScripts/**/Plots/ and Balancing_and_Sampling/**/Plots/ ignored - these predate the rule. PlottingScripts/validation/removed_tracked_plot_inventory.txt records 78 such files already removed."
PlottingScripts/PtMultiplicity/Plots/SingleParticleSpectra_Dsminus_27-03-2026.png,generated-figure,,2026-05-08,Rename 'Pt and Multiplicity' -> PtMultiplicity; fix ROOT entry point,STALE,high,0,,,Nothing executes. You lose an archived copy of a figure that the plotting macros regenerate.,"Generated plot artifact. .C files carry the ROOT header 'Macro generated from canvas ... by ROOT version'. .gitignore:53-55 already declares PlottingScripts/Plots/, PlottingScripts/**/Plots/ and Balancing_and_Sampling/**/Plots/ ignored - these predate the rule. PlottingScripts/validation/removed_tracked_plot_inventory.txt records 78 such files already removed."
PlottingScripts/PtMultiplicity/Plots/SingleParticleSpectra_Dsplus_27-03-2026.pdf,generated-figure,,2026-05-08,Rename 'Pt and Multiplicity' -> PtMultiplicity; fix ROOT entry point,STALE,high,0,,,Nothing executes. You lose an archived copy of a figure that the plotting macros regenerate.,"Generated plot artifact. .C files carry the ROOT header 'Macro generated from canvas ... by ROOT version'. .gitignore:53-55 already declares PlottingScripts/Plots/, PlottingScripts/**/Plots/ and Balancing_and_Sampling/**/Plots/ ignored - these predate the rule. PlottingScripts/validation/removed_tracked_plot_inventory.txt records 78 such files already removed."
PlottingScripts/PtMultiplicity/Plots/SingleParticleSpectra_Dsplus_27-03-2026.png,generated-figure,,2026-05-08,Rename 'Pt and Multiplicity' -> PtMultiplicity; fix ROOT entry point,STALE,high,0,,,Nothing executes. You lose an archived copy of a figure that the plotting macros regenerate.,"Generated plot artifact. .C files carry the ROOT header 'Macro generated from canvas ... by ROOT version'. .gitignore:53-55 already declares PlottingScripts/Plots/, PlottingScripts/**/Plots/ and Balancing_and_Sampling/**/Plots/ ignored - these predate the rule. PlottingScripts/validation/removed_tracked_plot_inventory.txt records 78 such files already removed."
PlottingScripts/PtMultiplicity/Plots/SingleParticleSpectra_Dzero_27-03-2026.pdf,generated-figure,,2026-05-08,Rename 'Pt and Multiplicity' -> PtMultiplicity; fix ROOT entry point,STALE,high,0,,,Nothing executes. You lose an archived copy of a figure that the plotting macros regenerate.,"Generated plot artifact. .C files carry the ROOT header 'Macro generated from canvas ... by ROOT version'. .gitignore:53-55 already declares PlottingScripts/Plots/, PlottingScripts/**/Plots/ and Balancing_and_Sampling/**/Plots/ ignored - these predate the rule. PlottingScripts/validation/removed_tracked_plot_inventory.txt records 78 such files already removed."
PlottingScripts/PtMultiplicity/Plots/SingleParticleSpectra_Dzero_27-03-2026.png,generated-figure,,2026-05-08,Rename 'Pt and Multiplicity' -> PtMultiplicity; fix ROOT entry point,STALE,high,0,,,Nothing executes. You lose an archived copy of a figure that the plotting macros regenerate.,"Generated plot artifact. .C files carry the ROOT header 'Macro generated from canvas ... by ROOT version'. .gitignore:53-55 already declares PlottingScripts/Plots/, PlottingScripts/**/Plots/ and Balancing_and_Sampling/**/Plots/ ignored - these predate the rule. PlottingScripts/validation/removed_tracked_plot_inventory.txt records 78 such files already removed."
PlottingScripts/PtMultiplicity/Plots/SingleParticleSpectra_Lambdab_27-03-2026.pdf,generated-figure,,2026-05-08,Rename 'Pt and Multiplicity' -> PtMultiplicity; fix ROOT entry point,STALE,high,0,,,Nothing executes. You lose an archived copy of a figure that the plotting macros regenerate.,"Generated plot artifact. .C files carry the ROOT header 'Macro generated from canvas ... by ROOT version'. .gitignore:53-55 already declares PlottingScripts/Plots/, PlottingScripts/**/Plots/ and Balancing_and_Sampling/**/Plots/ ignored - these predate the rule. PlottingScripts/validation/removed_tracked_plot_inventory.txt records 78 such files already removed."
PlottingScripts/PtMultiplicity/Plots/SingleParticleSpectra_Lambdab_27-03-2026.png,generated-figure,,2026-05-08,Rename 'Pt and Multiplicity' -> PtMultiplicity; fix ROOT entry point,STALE,high,0,,,Nothing executes. You lose an archived copy of a figure that the plotting macros regenerate.,"Generated plot artifact. .C files carry the ROOT header 'Macro generated from canvas ... by ROOT version'. .gitignore:53-55 already declares PlottingScripts/Plots/, PlottingScripts/**/Plots/ and Balancing_and_Sampling/**/Plots/ ignored - these predate the rule. PlottingScripts/validation/removed_tracked_plot_inventory.txt records 78 such files already removed."
PlottingScripts/PtMultiplicity/Plots/SingleParticleSpectra_Lambdac_27-03-2026.pdf,generated-figure,,2026-05-08,Rename 'Pt and Multiplicity' -> PtMultiplicity; fix ROOT entry point,STALE,high,0,,,Nothing executes. You lose an archived copy of a figure that the plotting macros regenerate.,"Generated plot artifact. .C files carry the ROOT header 'Macro generated from canvas ... by ROOT version'. .gitignore:53-55 already declares PlottingScripts/Plots/, PlottingScripts/**/Plots/ and Balancing_and_Sampling/**/Plots/ ignored - these predate the rule. PlottingScripts/validation/removed_tracked_plot_inventory.txt records 78 such files already removed."
PlottingScripts/PtMultiplicity/Plots/SingleParticleSpectra_Lambdac_27-03-2026.png,generated-figure,,2026-05-08,Rename 'Pt and Multiplicity' -> PtMultiplicity; fix ROOT entry point,STALE,high,0,,,Nothing executes. You lose an archived copy of a figure that the plotting macros regenerate.,"Generated plot artifact. .C files carry the ROOT header 'Macro generated from canvas ... by ROOT version'. .gitignore:53-55 already declares PlottingScripts/Plots/, PlottingScripts/**/Plots/ and Balancing_and_Sampling/**/Plots/ ignored - these predate the rule. PlottingScripts/validation/removed_tracked_plot_inventory.txt records 78 such files already removed."
PlottingScripts/PtMultiplicity/Plots/SingleParticleSpectra_barB0_27-03-2026.pdf,generated-figure,,2026-05-08,Rename 'Pt and Multiplicity' -> PtMultiplicity; fix ROOT entry point,STALE,high,0,,,Nothing executes. You lose an archived copy of a figure that the plotting macros regenerate.,"Generated plot artifact. .C files carry the ROOT header 'Macro generated from canvas ... by ROOT version'. .gitignore:53-55 already declares PlottingScripts/Plots/, PlottingScripts/**/Plots/ and Balancing_and_Sampling/**/Plots/ ignored - these predate the rule. PlottingScripts/validation/removed_tracked_plot_inventory.txt records 78 such files already removed."
PlottingScripts/PtMultiplicity/Plots/SingleParticleSpectra_barB0_27-03-2026.png,generated-figure,,2026-05-08,Rename 'Pt and Multiplicity' -> PtMultiplicity; fix ROOT entry point,STALE,high,0,,,Nothing executes. You lose an archived copy of a figure that the plotting macros regenerate.,"Generated plot artifact. .C files carry the ROOT header 'Macro generated from canvas ... by ROOT version'. .gitignore:53-55 already declares PlottingScripts/Plots/, PlottingScripts/**/Plots/ and Balancing_and_Sampling/**/Plots/ ignored - these predate the rule. PlottingScripts/validation/removed_tracked_plot_inventory.txt records 78 such files already removed."
PlottingScripts/PtMultiplicity/Plots/SingleParticleSpectra_barBs0_27-03-2026.pdf,generated-figure,,2026-05-08,Rename 'Pt and Multiplicity' -> PtMultiplicity; fix ROOT entry point,STALE,high,0,,,Nothing executes. You lose an archived copy of a figure that the plotting macros regenerate.,"Generated plot artifact. .C files carry the ROOT header 'Macro generated from canvas ... by ROOT version'. .gitignore:53-55 already declares PlottingScripts/Plots/, PlottingScripts/**/Plots/ and Balancing_and_Sampling/**/Plots/ ignored - these predate the rule. PlottingScripts/validation/removed_tracked_plot_inventory.txt records 78 such files already removed."
PlottingScripts/PtMultiplicity/Plots/SingleParticleSpectra_barBs0_27-03-2026.png,generated-figure,,2026-05-08,Rename 'Pt and Multiplicity' -> PtMultiplicity; fix ROOT entry point,STALE,high,0,,,Nothing executes. You lose an archived copy of a figure that the plotting macros regenerate.,"Generated plot artifact. .C files carry the ROOT header 'Macro generated from canvas ... by ROOT version'. .gitignore:53-55 already declares PlottingScripts/Plots/, PlottingScripts/**/Plots/ and Balancing_and_Sampling/**/Plots/ ignored - these predate the rule. PlottingScripts/validation/removed_tracked_plot_inventory.txt records 78 such files already removed."
PlottingScripts/PtMultiplicity/Plots/SingleParticleSpectra_barLambdab_27-03-2026.pdf,generated-figure,,2026-05-08,Rename 'Pt and Multiplicity' -> PtMultiplicity; fix ROOT entry point,STALE,high,0,,,Nothing executes. You lose an archived copy of a figure that the plotting macros regenerate.,"Generated plot artifact. .C files carry the ROOT header 'Macro generated from canvas ... by ROOT version'. .gitignore:53-55 already declares PlottingScripts/Plots/, PlottingScripts/**/Plots/ and Balancing_and_Sampling/**/Plots/ ignored - these predate the rule. PlottingScripts/validation/removed_tracked_plot_inventory.txt records 78 such files already removed."
PlottingScripts/PtMultiplicity/Plots/SingleParticleSpectra_barLambdab_27-03-2026.png,generated-figure,,2026-05-08,Rename 'Pt and Multiplicity' -> PtMultiplicity; fix ROOT entry point,STALE,high,0,,,Nothing executes. You lose an archived copy of a figure that the plotting macros regenerate.,"Generated plot artifact. .C files carry the ROOT header 'Macro generated from canvas ... by ROOT version'. .gitignore:53-55 already declares PlottingScripts/Plots/, PlottingScripts/**/Plots/ and Balancing_and_Sampling/**/Plots/ ignored - these predate the rule. PlottingScripts/validation/removed_tracked_plot_inventory.txt records 78 such files already removed."
PlottingScripts/PtMultiplicity/Plots/SingleParticleSpectra_barLambdac_27-03-2026.pdf,generated-figure,,2026-05-08,Rename 'Pt and Multiplicity' -> PtMultiplicity; fix ROOT entry point,STALE,high,0,,,Nothing executes. You lose an archived copy of a figure that the plotting macros regenerate.,"Generated plot artifact. .C files carry the ROOT header 'Macro generated from canvas ... by ROOT version'. .gitignore:53-55 already declares PlottingScripts/Plots/, PlottingScripts/**/Plots/ and Balancing_and_Sampling/**/Plots/ ignored - these predate the rule. PlottingScripts/validation/removed_tracked_plot_inventory.txt records 78 such files already removed."
PlottingScripts/PtMultiplicity/Plots/SingleParticleSpectra_barLambdac_27-03-2026.png,generated-figure,,2026-05-08,Rename 'Pt and Multiplicity' -> PtMultiplicity; fix ROOT entry point,STALE,high,0,,,Nothing executes. You lose an archived copy of a figure that the plotting macros regenerate.,"Generated plot artifact. .C files carry the ROOT header 'Macro generated from canvas ... by ROOT version'. .gitignore:53-55 already declares PlottingScripts/Plots/, PlottingScripts/**/Plots/ and Balancing_and_Sampling/**/Plots/ ignored - these predate the rule. PlottingScripts/validation/removed_tracked_plot_inventory.txt records 78 such files already removed."
PlottingScripts/PtMultiplicity/Plots/SpeciesResolvedSpectraCompareTunes_Beauty_0_20_27-03-2026.pdf,generated-figure,,2026-05-08,Rename 'Pt and Multiplicity' -> PtMultiplicity; fix ROOT entry point,STALE,high,0,,,Nothing executes. You lose an archived copy of a figure that the plotting macros regenerate.,"Generated plot artifact. .C files carry the ROOT header 'Macro generated from canvas ... by ROOT version'. .gitignore:53-55 already declares PlottingScripts/Plots/, PlottingScripts/**/Plots/ and Balancing_and_Sampling/**/Plots/ ignored - these predate the rule. PlottingScripts/validation/removed_tracked_plot_inventory.txt records 78 such files already removed."
PlottingScripts/PtMultiplicity/Plots/SpeciesResolvedSpectraCompareTunes_Beauty_0_20_27-03-2026.png,generated-figure,,2026-05-08,Rename 'Pt and Multiplicity' -> PtMultiplicity; fix ROOT entry point,STALE,high,0,,,Nothing executes. You lose an archived copy of a figure that the plotting macros regenerate.,"Generated plot artifact. .C files carry the ROOT header 'Macro generated from canvas ... by ROOT version'. .gitignore:53-55 already declares PlottingScripts/Plots/, PlottingScripts/**/Plots/ and Balancing_and_Sampling/**/Plots/ ignored - these predate the rule. PlottingScripts/validation/removed_tracked_plot_inventory.txt records 78 such files already removed."
PlottingScripts/PtMultiplicity/Plots/SpeciesResolvedSpectraCompareTunes_Beauty_20_40_27-03-2026.pdf,generated-figure,,2026-05-08,Rename 'Pt and Multiplicity' -> PtMultiplicity; fix ROOT entry point,STALE,high,0,,,Nothing executes. You lose an archived copy of a figure that the plotting macros regenerate.,"Generated plot artifact. .C files carry the ROOT header 'Macro generated from canvas ... by ROOT version'. .gitignore:53-55 already declares PlottingScripts/Plots/, PlottingScripts/**/Plots/ and Balancing_and_Sampling/**/Plots/ ignored - these predate the rule. PlottingScripts/validation/removed_tracked_plot_inventory.txt records 78 such files already removed."
PlottingScripts/PtMultiplicity/Plots/SpeciesResolvedSpectraCompareTunes_Beauty_20_40_27-03-2026.png,generated-figure,,2026-05-08,Rename 'Pt and Multiplicity' -> PtMultiplicity; fix ROOT entry point,STALE,high,0,,,Nothing executes. You lose an archived copy of a figure that the plotting macros regenerate.,"Generated plot artifact. .C files carry the ROOT header 'Macro generated from canvas ... by ROOT version'. .gitignore:53-55 already declares PlottingScripts/Plots/, PlottingScripts/**/Plots/ and Balancing_and_Sampling/**/Plots/ ignored - these predate the rule. PlottingScripts/validation/removed_tracked_plot_inventory.txt records 78 such files already removed."
PlottingScripts/PtMultiplicity/Plots/SpeciesResolvedSpectraCompareTunes_Beauty_40_60_27-03-2026.pdf,generated-figure,,2026-05-08,Rename 'Pt and Multiplicity' -> PtMultiplicity; fix ROOT entry point,STALE,high,0,,,Nothing executes. You lose an archived copy of a figure that the plotting macros regenerate.,"Generated plot artifact. .C files carry the ROOT header 'Macro generated from canvas ... by ROOT version'. .gitignore:53-55 already declares PlottingScripts/Plots/, PlottingScripts/**/Plots/ and Balancing_and_Sampling/**/Plots/ ignored - these predate the rule. PlottingScripts/validation/removed_tracked_plot_inventory.txt records 78 such files already removed."
PlottingScripts/PtMultiplicity/Plots/SpeciesResolvedSpectraCompareTunes_Beauty_40_60_27-03-2026.png,generated-figure,,2026-05-08,Rename 'Pt and Multiplicity' -> PtMultiplicity; fix ROOT entry point,STALE,high,0,,,Nothing executes. You lose an archived copy of a figure that the plotting macros regenerate.,"Generated plot artifact. .C files carry the ROOT header 'Macro generated from canvas ... by ROOT version'. .gitignore:53-55 already declares PlottingScripts/Plots/, PlottingScripts/**/Plots/ and Balancing_and_Sampling/**/Plots/ ignored - these predate the rule. PlottingScripts/validation/removed_tracked_plot_inventory.txt records 78 such files already removed."
PlottingScripts/PtMultiplicity/Plots/SpeciesResolvedSpectraCompareTunes_Beauty_60_80_27-03-2026.pdf,generated-figure,,2026-05-08,Rename 'Pt and Multiplicity' -> PtMultiplicity; fix ROOT entry point,STALE,high,0,,,Nothing executes. You lose an archived copy of a figure that the plotting macros regenerate.,"Generated plot artifact. .C files carry the ROOT header 'Macro generated from canvas ... by ROOT version'. .gitignore:53-55 already declares PlottingScripts/Plots/, PlottingScripts/**/Plots/ and Balancing_and_Sampling/**/Plots/ ignored - these predate the rule. PlottingScripts/validation/removed_tracked_plot_inventory.txt records 78 such files already removed."
PlottingScripts/PtMultiplicity/Plots/SpeciesResolvedSpectraCompareTunes_Beauty_60_80_27-03-2026.png,generated-figure,,2026-05-08,Rename 'Pt and Multiplicity' -> PtMultiplicity; fix ROOT entry point,STALE,high,0,,,Nothing executes. You lose an archived copy of a figure that the plotting macros regenerate.,"Generated plot artifact. .C files carry the ROOT header 'Macro generated from canvas ... by ROOT version'. .gitignore:53-55 already declares PlottingScripts/Plots/, PlottingScripts/**/Plots/ and Balancing_and_Sampling/**/Plots/ ignored - these predate the rule. PlottingScripts/validation/removed_tracked_plot_inventory.txt records 78 such files already removed."
PlottingScripts/PtMultiplicity/Plots/SpeciesResolvedSpectraCompareTunes_Beauty_80_100_27-03-2026.pdf,generated-figure,,2026-05-08,Rename 'Pt and Multiplicity' -> PtMultiplicity; fix ROOT entry point,STALE,high,0,,,Nothing executes. You lose an archived copy of a figure that the plotting macros regenerate.,"Generated plot artifact. .C files carry the ROOT header 'Macro generated from canvas ... by ROOT version'. .gitignore:53-55 already declares PlottingScripts/Plots/, PlottingScripts/**/Plots/ and Balancing_and_Sampling/**/Plots/ ignored - these predate the rule. PlottingScripts/validation/removed_tracked_plot_inventory.txt records 78 such files already removed."
PlottingScripts/PtMultiplicity/Plots/SpeciesResolvedSpectraCompareTunes_Beauty_80_100_27-03-2026.png,generated-figure,,2026-05-08,Rename 'Pt and Multiplicity' -> PtMultiplicity; fix ROOT entry point,STALE,high,0,,,Nothing executes. You lose an archived copy of a figure that the plotting macros regenerate.,"Generated plot artifact. .C files carry the ROOT header 'Macro generated from canvas ... by ROOT version'. .gitignore:53-55 already declares PlottingScripts/Plots/, PlottingScripts/**/Plots/ and Balancing_and_Sampling/**/Plots/ ignored - these predate the rule. PlottingScripts/validation/removed_tracked_plot_inventory.txt records 78 such files already removed."
PlottingScripts/PtMultiplicity/Plots/SpeciesResolvedSpectraCompareTunes_Charm_0_20_27-03-2026.pdf,generated-figure,,2026-05-08,Rename 'Pt and Multiplicity' -> PtMultiplicity; fix ROOT entry point,STALE,high,0,,,Nothing executes. You lose an archived copy of a figure that the plotting macros regenerate.,"Generated plot artifact. .C files carry the ROOT header 'Macro generated from canvas ... by ROOT version'. .gitignore:53-55 already declares PlottingScripts/Plots/, PlottingScripts/**/Plots/ and Balancing_and_Sampling/**/Plots/ ignored - these predate the rule. PlottingScripts/validation/removed_tracked_plot_inventory.txt records 78 such files already removed."
PlottingScripts/PtMultiplicity/Plots/SpeciesResolvedSpectraCompareTunes_Charm_0_20_27-03-2026.png,generated-figure,,2026-05-08,Rename 'Pt and Multiplicity' -> PtMultiplicity; fix ROOT entry point,STALE,high,0,,,Nothing executes. You lose an archived copy of a figure that the plotting macros regenerate.,"Generated plot artifact. .C files carry the ROOT header 'Macro generated from canvas ... by ROOT version'. .gitignore:53-55 already declares PlottingScripts/Plots/, PlottingScripts/**/Plots/ and Balancing_and_Sampling/**/Plots/ ignored - these predate the rule. PlottingScripts/validation/removed_tracked_plot_inventory.txt records 78 such files already removed."
PlottingScripts/PtMultiplicity/Plots/SpeciesResolvedSpectraCompareTunes_Charm_20_40_27-03-2026.pdf,generated-figure,,2026-05-08,Rename 'Pt and Multiplicity' -> PtMultiplicity; fix ROOT entry point,STALE,high,0,,,Nothing executes. You lose an archived copy of a figure that the plotting macros regenerate.,"Generated plot artifact. .C files carry the ROOT header 'Macro generated from canvas ... by ROOT version'. .gitignore:53-55 already declares PlottingScripts/Plots/, PlottingScripts/**/Plots/ and Balancing_and_Sampling/**/Plots/ ignored - these predate the rule. PlottingScripts/validation/removed_tracked_plot_inventory.txt records 78 such files already removed."
PlottingScripts/PtMultiplicity/Plots/SpeciesResolvedSpectraCompareTunes_Charm_20_40_27-03-2026.png,generated-figure,,2026-05-08,Rename 'Pt and Multiplicity' -> PtMultiplicity; fix ROOT entry point,STALE,high,0,,,Nothing executes. You lose an archived copy of a figure that the plotting macros regenerate.,"Generated plot artifact. .C files carry the ROOT header 'Macro generated from canvas ... by ROOT version'. .gitignore:53-55 already declares PlottingScripts/Plots/, PlottingScripts/**/Plots/ and Balancing_and_Sampling/**/Plots/ ignored - these predate the rule. PlottingScripts/validation/removed_tracked_plot_inventory.txt records 78 such files already removed."
PlottingScripts/PtMultiplicity/Plots/SpeciesResolvedSpectraCompareTunes_Charm_40_60_27-03-2026.pdf,generated-figure,,2026-05-08,Rename 'Pt and Multiplicity' -> PtMultiplicity; fix ROOT entry point,STALE,high,0,,,Nothing executes. You lose an archived copy of a figure that the plotting macros regenerate.,"Generated plot artifact. .C files carry the ROOT header 'Macro generated from canvas ... by ROOT version'. .gitignore:53-55 already declares PlottingScripts/Plots/, PlottingScripts/**/Plots/ and Balancing_and_Sampling/**/Plots/ ignored - these predate the rule. PlottingScripts/validation/removed_tracked_plot_inventory.txt records 78 such files already removed."
PlottingScripts/PtMultiplicity/Plots/SpeciesResolvedSpectraCompareTunes_Charm_40_60_27-03-2026.png,generated-figure,,2026-05-08,Rename 'Pt and Multiplicity' -> PtMultiplicity; fix ROOT entry point,STALE,high,0,,,Nothing executes. You lose an archived copy of a figure that the plotting macros regenerate.,"Generated plot artifact. .C files carry the ROOT header 'Macro generated from canvas ... by ROOT version'. .gitignore:53-55 already declares PlottingScripts/Plots/, PlottingScripts/**/Plots/ and Balancing_and_Sampling/**/Plots/ ignored - these predate the rule. PlottingScripts/validation/removed_tracked_plot_inventory.txt records 78 such files already removed."
PlottingScripts/PtMultiplicity/Plots/SpeciesResolvedSpectraCompareTunes_Charm_60_80_27-03-2026.pdf,generated-figure,,2026-05-08,Rename 'Pt and Multiplicity' -> PtMultiplicity; fix ROOT entry point,STALE,high,0,,,Nothing executes. You lose an archived copy of a figure that the plotting macros regenerate.,"Generated plot artifact. .C files carry the ROOT header 'Macro generated from canvas ... by ROOT version'. .gitignore:53-55 already declares PlottingScripts/Plots/, PlottingScripts/**/Plots/ and Balancing_and_Sampling/**/Plots/ ignored - these predate the rule. PlottingScripts/validation/removed_tracked_plot_inventory.txt records 78 such files already removed."
PlottingScripts/PtMultiplicity/Plots/SpeciesResolvedSpectraCompareTunes_Charm_60_80_27-03-2026.png,generated-figure,,2026-05-08,Rename 'Pt and Multiplicity' -> PtMultiplicity; fix ROOT entry point,STALE,high,0,,,Nothing executes. You lose an archived copy of a figure that the plotting macros regenerate.,"Generated plot artifact. .C files carry the ROOT header 'Macro generated from canvas ... by ROOT version'. .gitignore:53-55 already declares PlottingScripts/Plots/, PlottingScripts/**/Plots/ and Balancing_and_Sampling/**/Plots/ ignored - these predate the rule. PlottingScripts/validation/removed_tracked_plot_inventory.txt records 78 such files already removed."
PlottingScripts/PtMultiplicity/Plots/SpeciesResolvedSpectraCompareTunes_Charm_80_100_27-03-2026.pdf,generated-figure,,2026-05-08,Rename 'Pt and Multiplicity' -> PtMultiplicity; fix ROOT entry point,STALE,high,0,,,Nothing executes. You lose an archived copy of a figure that the plotting macros regenerate.,"Generated plot artifact. .C files carry the ROOT header 'Macro generated from canvas ... by ROOT version'. .gitignore:53-55 already declares PlottingScripts/Plots/, PlottingScripts/**/Plots/ and Balancing_and_Sampling/**/Plots/ ignored - these predate the rule. PlottingScripts/validation/removed_tracked_plot_inventory.txt records 78 such files already removed."
PlottingScripts/PtMultiplicity/Plots/SpeciesResolvedSpectraCompareTunes_Charm_80_100_27-03-2026.png,generated-figure,,2026-05-08,Rename 'Pt and Multiplicity' -> PtMultiplicity; fix ROOT entry point,STALE,high,0,,,Nothing executes. You lose an archived copy of a figure that the plotting macros regenerate.,"Generated plot artifact. .C files carry the ROOT header 'Macro generated from canvas ... by ROOT version'. .gitignore:53-55 already declares PlottingScripts/Plots/, PlottingScripts/**/Plots/ and Balancing_and_Sampling/**/Plots/ ignored - these predate the rule. PlottingScripts/validation/removed_tracked_plot_inventory.txt records 78 such files already removed."
PlottingScripts/PtMultiplicity/PlottingPathUtils.h,cpp-header,195,2026-05-08,Fix remaining old path in PlottingPathUtils.h,ACTIVE-DORMANT,medium,10,PlottingScripts/PtMultiplicity/Build_HF_AllHistogramSubsampleFile.C:66; PlottingScripts/PtMultiplicity/Build_HF_CombinedSubsamplesFile.C:61; PlottingScripts/PtMultiplicity/Plot_BaryonMesonRatio_CharmBeauty_MONASH_vs_JUNCTIONS_subsamples.C:71; PlottingScripts/PtMultiplicity/Plot_Beauty_BaryonMesonRatio_MONASH_vs_JUNCTIONS_subsamples.C:67; PlottingScripts/PtMultiplicity/Plot_Charm_BaryonMesonRatio_MONASH_vs_JUNCTIONS_subsamples.C:69; PlottingScripts/PtMultiplicity/Plot_HF_MinimumBiasPtSpectra_MONASH_JUNCTIONS_subsamples.C:52; PlottingScripts/PtMultiplicity/Plot_HF_PtSpectra_vsMultiplicity_MONASH_JUNCTIONS_subsamples.C:76; PlottingScripts/PtMultiplicity/Plot_HF_Ratios_vsMultiplicityPercentile_subsamples.C:38 (+4 more),,Compile error in 9 PtMultiplicity macros.,
PlottingScripts/PtMultiplicity/README.md,markdown,215,2026-07-30,"Plotting: block-SEM uncertainties, dataset selection, fail-closed checks",SUPPORT,high,0,PUBLICATION_READY_CODING_AGENT_INSTRUCTIONS.md:1763(doc); PUBLICATION_READY_CODING_AGENT_INSTRUCTIONS.md:1765(doc); README.md:23(doc); README.txt:3(doc); README.txt:5(doc); README.txt:7(doc); REPOSITORY_FILE_CATALOG.md:23(doc); REPOSITORY_FILE_CATALOG.md:24(doc) (+79 more),,Documentation only. Nothing executes.,PtMultiplicity docs.
PlottingScripts/QQCorrelations/Plots/10-05-2026/BplusBminus_DPhiDEta_OSminusSS.pdf,generated-figure,,2026-05-13,Add QQ correlation inputs and plots,STALE,high,0,,,Nothing executes. You lose an archived copy of a figure that the plotting macros regenerate.,"Generated plot artifact. .C files carry the ROOT header 'Macro generated from canvas ... by ROOT version'. .gitignore:53-55 already declares PlottingScripts/Plots/, PlottingScripts/**/Plots/ and Balancing_and_Sampling/**/Plots/ ignored - these predate the rule. PlottingScripts/validation/removed_tracked_plot_inventory.txt records 78 such files already removed."
PlottingScripts/QQCorrelations/Plots/10-05-2026/BplusBminus_DPhiDEta_OSminusSS.png,generated-figure,,2026-05-13,Add QQ correlation inputs and plots,STALE,high,0,,,Nothing executes. You lose an archived copy of a figure that the plotting macros regenerate.,"Generated plot artifact. .C files carry the ROOT header 'Macro generated from canvas ... by ROOT version'. .gitignore:53-55 already declares PlottingScripts/Plots/, PlottingScripts/**/Plots/ and Balancing_and_Sampling/**/Plots/ ignored - these predate the rule. PlottingScripts/validation/removed_tracked_plot_inventory.txt records 78 such files already removed."
PlottingScripts/QQCorrelations/Plots/10-05-2026/BplusBminus_DPhiDEta_multiplicity_OSminusSS.pdf,generated-figure,,2026-05-13,Add QQ correlation inputs and plots,STALE,high,0,,,Nothing executes. You lose an archived copy of a figure that the plotting macros regenerate.,"Generated plot artifact. .C files carry the ROOT header 'Macro generated from canvas ... by ROOT version'. .gitignore:53-55 already declares PlottingScripts/Plots/, PlottingScripts/**/Plots/ and Balancing_and_Sampling/**/Plots/ ignored - these predate the rule. PlottingScripts/validation/removed_tracked_plot_inventory.txt records 78 such files already removed."
PlottingScripts/QQCorrelations/Plots/10-05-2026/BplusBminus_DPhiDEta_multiplicity_OSminusSS.png,generated-figure,,2026-05-13,Add QQ correlation inputs and plots,STALE,high,0,,,Nothing executes. You lose an archived copy of a figure that the plotting macros regenerate.,"Generated plot artifact. .C files carry the ROOT header 'Macro generated from canvas ... by ROOT version'. .gitignore:53-55 already declares PlottingScripts/Plots/, PlottingScripts/**/Plots/ and Balancing_and_Sampling/**/Plots/ ignored - these predate the rule. PlottingScripts/validation/removed_tracked_plot_inventory.txt records 78 such files already removed."
PlottingScripts/QQCorrelations/Plots/10-05-2026/BplusBminus_DPhi_OSminusSS.pdf,generated-figure,,2026-05-13,Add QQ correlation inputs and plots,STALE,high,0,,,Nothing executes. You lose an archived copy of a figure that the plotting macros regenerate.,"Generated plot artifact. .C files carry the ROOT header 'Macro generated from canvas ... by ROOT version'. .gitignore:53-55 already declares PlottingScripts/Plots/, PlottingScripts/**/Plots/ and Balancing_and_Sampling/**/Plots/ ignored - these predate the rule. PlottingScripts/validation/removed_tracked_plot_inventory.txt records 78 such files already removed."
PlottingScripts/QQCorrelations/Plots/10-05-2026/BplusBminus_DPhi_OSminusSS.png,generated-figure,,2026-05-13,Add QQ correlation inputs and plots,STALE,high,0,,,Nothing executes. You lose an archived copy of a figure that the plotting macros regenerate.,"Generated plot artifact. .C files carry the ROOT header 'Macro generated from canvas ... by ROOT version'. .gitignore:53-55 already declares PlottingScripts/Plots/, PlottingScripts/**/Plots/ and Balancing_and_Sampling/**/Plots/ ignored - these predate the rule. PlottingScripts/validation/removed_tracked_plot_inventory.txt records 78 such files already removed."
PlottingScripts/QQCorrelations/Plots/10-05-2026/BplusLb_DPhiDEta_OSminusSS.pdf,generated-figure,,2026-05-13,Add QQ correlation inputs and plots,STALE,high,0,,,Nothing executes. You lose an archived copy of a figure that the plotting macros regenerate.,"Generated plot artifact. .C files carry the ROOT header 'Macro generated from canvas ... by ROOT version'. .gitignore:53-55 already declares PlottingScripts/Plots/, PlottingScripts/**/Plots/ and Balancing_and_Sampling/**/Plots/ ignored - these predate the rule. PlottingScripts/validation/removed_tracked_plot_inventory.txt records 78 such files already removed."
PlottingScripts/QQCorrelations/Plots/10-05-2026/BplusLb_DPhiDEta_OSminusSS.png,generated-figure,,2026-05-13,Add QQ correlation inputs and plots,STALE,high,0,,,Nothing executes. You lose an archived copy of a figure that the plotting macros regenerate.,"Generated plot artifact. .C files carry the ROOT header 'Macro generated from canvas ... by ROOT version'. .gitignore:53-55 already declares PlottingScripts/Plots/, PlottingScripts/**/Plots/ and Balancing_and_Sampling/**/Plots/ ignored - these predate the rule. PlottingScripts/validation/removed_tracked_plot_inventory.txt records 78 such files already removed."
PlottingScripts/QQCorrelations/Plots/10-05-2026/BplusLb_DPhiDEta_multiplicity_OSminusSS.pdf,generated-figure,,2026-05-13,Add QQ correlation inputs and plots,STALE,high,0,,,Nothing executes. You lose an archived copy of a figure that the plotting macros regenerate.,"Generated plot artifact. .C files carry the ROOT header 'Macro generated from canvas ... by ROOT version'. .gitignore:53-55 already declares PlottingScripts/Plots/, PlottingScripts/**/Plots/ and Balancing_and_Sampling/**/Plots/ ignored - these predate the rule. PlottingScripts/validation/removed_tracked_plot_inventory.txt records 78 such files already removed."
PlottingScripts/QQCorrelations/Plots/10-05-2026/BplusLb_DPhiDEta_multiplicity_OSminusSS.png,generated-figure,,2026-05-13,Add QQ correlation inputs and plots,STALE,high,0,,,Nothing executes. You lose an archived copy of a figure that the plotting macros regenerate.,"Generated plot artifact. .C files carry the ROOT header 'Macro generated from canvas ... by ROOT version'. .gitignore:53-55 already declares PlottingScripts/Plots/, PlottingScripts/**/Plots/ and Balancing_and_Sampling/**/Plots/ ignored - these predate the rule. PlottingScripts/validation/removed_tracked_plot_inventory.txt records 78 such files already removed."
PlottingScripts/QQCorrelations/Plots/10-05-2026/BplusLb_DPhi_OSminusSS.pdf,generated-figure,,2026-05-13,Add QQ correlation inputs and plots,STALE,high,0,,,Nothing executes. You lose an archived copy of a figure that the plotting macros regenerate.,"Generated plot artifact. .C files carry the ROOT header 'Macro generated from canvas ... by ROOT version'. .gitignore:53-55 already declares PlottingScripts/Plots/, PlottingScripts/**/Plots/ and Balancing_and_Sampling/**/Plots/ ignored - these predate the rule. PlottingScripts/validation/removed_tracked_plot_inventory.txt records 78 such files already removed."
PlottingScripts/QQCorrelations/Plots/10-05-2026/BplusLb_DPhi_OSminusSS.png,generated-figure,,2026-05-13,Add QQ correlation inputs and plots,STALE,high,0,,,Nothing executes. You lose an archived copy of a figure that the plotting macros regenerate.,"Generated plot artifact. .C files carry the ROOT header 'Macro generated from canvas ... by ROOT version'. .gitignore:53-55 already declares PlottingScripts/Plots/, PlottingScripts/**/Plots/ and Balancing_and_Sampling/**/Plots/ ignored - these predate the rule. PlottingScripts/validation/removed_tracked_plot_inventory.txt records 78 such files already removed."
PlottingScripts/QQCorrelations/Plots/10-05-2026/BplusSigmabzero_DPhiDEta_OSminusSS.pdf,generated-figure,,2026-05-13,Add QQ correlation inputs and plots,STALE,high,0,,,Nothing executes. You lose an archived copy of a figure that the plotting macros regenerate.,"Generated plot artifact. .C files carry the ROOT header 'Macro generated from canvas ... by ROOT version'. .gitignore:53-55 already declares PlottingScripts/Plots/, PlottingScripts/**/Plots/ and Balancing_and_Sampling/**/Plots/ ignored - these predate the rule. PlottingScripts/validation/removed_tracked_plot_inventory.txt records 78 such files already removed."
PlottingScripts/QQCorrelations/Plots/10-05-2026/BplusSigmabzero_DPhiDEta_OSminusSS.png,generated-figure,,2026-05-13,Add QQ correlation inputs and plots,STALE,high,0,,,Nothing executes. You lose an archived copy of a figure that the plotting macros regenerate.,"Generated plot artifact. .C files carry the ROOT header 'Macro generated from canvas ... by ROOT version'. .gitignore:53-55 already declares PlottingScripts/Plots/, PlottingScripts/**/Plots/ and Balancing_and_Sampling/**/Plots/ ignored - these predate the rule. PlottingScripts/validation/removed_tracked_plot_inventory.txt records 78 such files already removed."
PlottingScripts/QQCorrelations/Plots/10-05-2026/BplusSigmabzero_DPhiDEta_multiplicity_OSminusSS.pdf,generated-figure,,2026-05-13,Add QQ correlation inputs and plots,STALE,high,0,,,Nothing executes. You lose an archived copy of a figure that the plotting macros regenerate.,"Generated plot artifact. .C files carry the ROOT header 'Macro generated from canvas ... by ROOT version'. .gitignore:53-55 already declares PlottingScripts/Plots/, PlottingScripts/**/Plots/ and Balancing_and_Sampling/**/Plots/ ignored - these predate the rule. PlottingScripts/validation/removed_tracked_plot_inventory.txt records 78 such files already removed."
PlottingScripts/QQCorrelations/Plots/10-05-2026/BplusSigmabzero_DPhiDEta_multiplicity_OSminusSS.png,generated-figure,,2026-05-13,Add QQ correlation inputs and plots,STALE,high,0,,,Nothing executes. You lose an archived copy of a figure that the plotting macros regenerate.,"Generated plot artifact. .C files carry the ROOT header 'Macro generated from canvas ... by ROOT version'. .gitignore:53-55 already declares PlottingScripts/Plots/, PlottingScripts/**/Plots/ and Balancing_and_Sampling/**/Plots/ ignored - these predate the rule. PlottingScripts/validation/removed_tracked_plot_inventory.txt records 78 such files already removed."
PlottingScripts/QQCorrelations/Plots/10-05-2026/BplusSigmabzero_DPhi_OSminusSS.pdf,generated-figure,,2026-05-13,Add QQ correlation inputs and plots,STALE,high,0,,,Nothing executes. You lose an archived copy of a figure that the plotting macros regenerate.,"Generated plot artifact. .C files carry the ROOT header 'Macro generated from canvas ... by ROOT version'. .gitignore:53-55 already declares PlottingScripts/Plots/, PlottingScripts/**/Plots/ and Balancing_and_Sampling/**/Plots/ ignored - these predate the rule. PlottingScripts/validation/removed_tracked_plot_inventory.txt records 78 such files already removed."
PlottingScripts/QQCorrelations/Plots/10-05-2026/BplusSigmabzero_DPhi_OSminusSS.png,generated-figure,,2026-05-13,Add QQ correlation inputs and plots,STALE,high,0,,,Nothing executes. You lose an archived copy of a figure that the plotting macros regenerate.,"Generated plot artifact. .C files carry the ROOT header 'Macro generated from canvas ... by ROOT version'. .gitignore:53-55 already declares PlottingScripts/Plots/, PlottingScripts/**/Plots/ and Balancing_and_Sampling/**/Plots/ ignored - these predate the rule. PlottingScripts/validation/removed_tracked_plot_inventory.txt records 78 such files already removed."
PlottingScripts/QQCorrelations/Plots/10-05-2026/DplusDminus_DPhiDEta_OSminusSS.pdf,generated-figure,,2026-05-13,Add QQ correlation inputs and plots,STALE,high,0,,,Nothing executes. You lose an archived copy of a figure that the plotting macros regenerate.,"Generated plot artifact. .C files carry the ROOT header 'Macro generated from canvas ... by ROOT version'. .gitignore:53-55 already declares PlottingScripts/Plots/, PlottingScripts/**/Plots/ and Balancing_and_Sampling/**/Plots/ ignored - these predate the rule. PlottingScripts/validation/removed_tracked_plot_inventory.txt records 78 such files already removed."
PlottingScripts/QQCorrelations/Plots/10-05-2026/DplusDminus_DPhiDEta_OSminusSS.png,generated-figure,,2026-05-13,Add QQ correlation inputs and plots,STALE,high,0,,,Nothing executes. You lose an archived copy of a figure that the plotting macros regenerate.,"Generated plot artifact. .C files carry the ROOT header 'Macro generated from canvas ... by ROOT version'. .gitignore:53-55 already declares PlottingScripts/Plots/, PlottingScripts/**/Plots/ and Balancing_and_Sampling/**/Plots/ ignored - these predate the rule. PlottingScripts/validation/removed_tracked_plot_inventory.txt records 78 such files already removed."
PlottingScripts/QQCorrelations/Plots/10-05-2026/DplusDminus_DPhiDEta_multiplicity_OSminusSS.pdf,generated-figure,,2026-05-13,Add QQ correlation inputs and plots,STALE,high,0,,,Nothing executes. You lose an archived copy of a figure that the plotting macros regenerate.,"Generated plot artifact. .C files carry the ROOT header 'Macro generated from canvas ... by ROOT version'. .gitignore:53-55 already declares PlottingScripts/Plots/, PlottingScripts/**/Plots/ and Balancing_and_Sampling/**/Plots/ ignored - these predate the rule. PlottingScripts/validation/removed_tracked_plot_inventory.txt records 78 such files already removed."
PlottingScripts/QQCorrelations/Plots/10-05-2026/DplusDminus_DPhiDEta_multiplicity_OSminusSS.png,generated-figure,,2026-05-13,Add QQ correlation inputs and plots,STALE,high,0,,,Nothing executes. You lose an archived copy of a figure that the plotting macros regenerate.,"Generated plot artifact. .C files carry the ROOT header 'Macro generated from canvas ... by ROOT version'. .gitignore:53-55 already declares PlottingScripts/Plots/, PlottingScripts/**/Plots/ and Balancing_and_Sampling/**/Plots/ ignored - these predate the rule. PlottingScripts/validation/removed_tracked_plot_inventory.txt records 78 such files already removed."
PlottingScripts/QQCorrelations/Plots/10-05-2026/DplusDminus_DPhi_OSminusSS.pdf,generated-figure,,2026-05-13,Add QQ correlation inputs and plots,STALE,high,0,,,Nothing executes. You lose an archived copy of a figure that the plotting macros regenerate.,"Generated plot artifact. .C files carry the ROOT header 'Macro generated from canvas ... by ROOT version'. .gitignore:53-55 already declares PlottingScripts/Plots/, PlottingScripts/**/Plots/ and Balancing_and_Sampling/**/Plots/ ignored - these predate the rule. PlottingScripts/validation/removed_tracked_plot_inventory.txt records 78 such files already removed."
PlottingScripts/QQCorrelations/Plots/10-05-2026/DplusDminus_DPhi_OSminusSS.png,generated-figure,,2026-05-13,Add QQ correlation inputs and plots,STALE,high,0,,,Nothing executes. You lose an archived copy of a figure that the plotting macros regenerate.,"Generated plot artifact. .C files carry the ROOT header 'Macro generated from canvas ... by ROOT version'. .gitignore:53-55 already declares PlottingScripts/Plots/, PlottingScripts/**/Plots/ and Balancing_and_Sampling/**/Plots/ ignored - these predate the rule. PlottingScripts/validation/removed_tracked_plot_inventory.txt records 78 such files already removed."
PlottingScripts/QQCorrelations/Plots/10-05-2026/DplusLambdac_DPhiDEta_OSminusSS.pdf,generated-figure,,2026-05-13,Add QQ correlation inputs and plots,STALE,high,0,,,Nothing executes. You lose an archived copy of a figure that the plotting macros regenerate.,"Generated plot artifact. .C files carry the ROOT header 'Macro generated from canvas ... by ROOT version'. .gitignore:53-55 already declares PlottingScripts/Plots/, PlottingScripts/**/Plots/ and Balancing_and_Sampling/**/Plots/ ignored - these predate the rule. PlottingScripts/validation/removed_tracked_plot_inventory.txt records 78 such files already removed."
PlottingScripts/QQCorrelations/Plots/10-05-2026/DplusLambdac_DPhiDEta_OSminusSS.png,generated-figure,,2026-05-13,Add QQ correlation inputs and plots,STALE,high,0,,,Nothing executes. You lose an archived copy of a figure that the plotting macros regenerate.,"Generated plot artifact. .C files carry the ROOT header 'Macro generated from canvas ... by ROOT version'. .gitignore:53-55 already declares PlottingScripts/Plots/, PlottingScripts/**/Plots/ and Balancing_and_Sampling/**/Plots/ ignored - these predate the rule. PlottingScripts/validation/removed_tracked_plot_inventory.txt records 78 such files already removed."
PlottingScripts/QQCorrelations/Plots/10-05-2026/DplusLambdac_DPhiDEta_multiplicity_OSminusSS.pdf,generated-figure,,2026-05-13,Add QQ correlation inputs and plots,STALE,high,0,,,Nothing executes. You lose an archived copy of a figure that the plotting macros regenerate.,"Generated plot artifact. .C files carry the ROOT header 'Macro generated from canvas ... by ROOT version'. .gitignore:53-55 already declares PlottingScripts/Plots/, PlottingScripts/**/Plots/ and Balancing_and_Sampling/**/Plots/ ignored - these predate the rule. PlottingScripts/validation/removed_tracked_plot_inventory.txt records 78 such files already removed."
PlottingScripts/QQCorrelations/Plots/10-05-2026/DplusLambdac_DPhiDEta_multiplicity_OSminusSS.png,generated-figure,,2026-05-13,Add QQ correlation inputs and plots,STALE,high,0,,,Nothing executes. You lose an archived copy of a figure that the plotting macros regenerate.,"Generated plot artifact. .C files carry the ROOT header 'Macro generated from canvas ... by ROOT version'. .gitignore:53-55 already declares PlottingScripts/Plots/, PlottingScripts/**/Plots/ and Balancing_and_Sampling/**/Plots/ ignored - these predate the rule. PlottingScripts/validation/removed_tracked_plot_inventory.txt records 78 such files already removed."
PlottingScripts/QQCorrelations/Plots/10-05-2026/DplusLambdac_DPhi_OSminusSS.pdf,generated-figure,,2026-05-13,Add QQ correlation inputs and plots,STALE,high,0,,,Nothing executes. You lose an archived copy of a figure that the plotting macros regenerate.,"Generated plot artifact. .C files carry the ROOT header 'Macro generated from canvas ... by ROOT version'. .gitignore:53-55 already declares PlottingScripts/Plots/, PlottingScripts/**/Plots/ and Balancing_and_Sampling/**/Plots/ ignored - these predate the rule. PlottingScripts/validation/removed_tracked_plot_inventory.txt records 78 such files already removed."
PlottingScripts/QQCorrelations/Plots/10-05-2026/DplusLambdac_DPhi_OSminusSS.png,generated-figure,,2026-05-13,Add QQ correlation inputs and plots,STALE,high,0,,,Nothing executes. You lose an archived copy of a figure that the plotting macros regenerate.,"Generated plot artifact. .C files carry the ROOT header 'Macro generated from canvas ... by ROOT version'. .gitignore:53-55 already declares PlottingScripts/Plots/, PlottingScripts/**/Plots/ and Balancing_and_Sampling/**/Plots/ ignored - these predate the rule. PlottingScripts/validation/removed_tracked_plot_inventory.txt records 78 such files already removed."
PlottingScripts/QQCorrelations/Plots/10-05-2026/DplusSigmacplus_DPhiDEta_OSminusSS.pdf,generated-figure,,2026-05-13,Add QQ correlation inputs and plots,STALE,high,0,,,Nothing executes. You lose an archived copy of a figure that the plotting macros regenerate.,"Generated plot artifact. .C files carry the ROOT header 'Macro generated from canvas ... by ROOT version'. .gitignore:53-55 already declares PlottingScripts/Plots/, PlottingScripts/**/Plots/ and Balancing_and_Sampling/**/Plots/ ignored - these predate the rule. PlottingScripts/validation/removed_tracked_plot_inventory.txt records 78 such files already removed."
PlottingScripts/QQCorrelations/Plots/10-05-2026/DplusSigmacplus_DPhiDEta_OSminusSS.png,generated-figure,,2026-05-13,Add QQ correlation inputs and plots,STALE,high,0,,,Nothing executes. You lose an archived copy of a figure that the plotting macros regenerate.,"Generated plot artifact. .C files carry the ROOT header 'Macro generated from canvas ... by ROOT version'. .gitignore:53-55 already declares PlottingScripts/Plots/, PlottingScripts/**/Plots/ and Balancing_and_Sampling/**/Plots/ ignored - these predate the rule. PlottingScripts/validation/removed_tracked_plot_inventory.txt records 78 such files already removed."
PlottingScripts/QQCorrelations/Plots/10-05-2026/DplusSigmacplus_DPhiDEta_multiplicity_OSminusSS.pdf,generated-figure,,2026-05-13,Add QQ correlation inputs and plots,STALE,high,0,,,Nothing executes. You lose an archived copy of a figure that the plotting macros regenerate.,"Generated plot artifact. .C files carry the ROOT header 'Macro generated from canvas ... by ROOT version'. .gitignore:53-55 already declares PlottingScripts/Plots/, PlottingScripts/**/Plots/ and Balancing_and_Sampling/**/Plots/ ignored - these predate the rule. PlottingScripts/validation/removed_tracked_plot_inventory.txt records 78 such files already removed."
PlottingScripts/QQCorrelations/Plots/10-05-2026/DplusSigmacplus_DPhiDEta_multiplicity_OSminusSS.png,generated-figure,,2026-05-13,Add QQ correlation inputs and plots,STALE,high,0,,,Nothing executes. You lose an archived copy of a figure that the plotting macros regenerate.,"Generated plot artifact. .C files carry the ROOT header 'Macro generated from canvas ... by ROOT version'. .gitignore:53-55 already declares PlottingScripts/Plots/, PlottingScripts/**/Plots/ and Balancing_and_Sampling/**/Plots/ ignored - these predate the rule. PlottingScripts/validation/removed_tracked_plot_inventory.txt records 78 such files already removed."
PlottingScripts/QQCorrelations/Plots/10-05-2026/DplusSigmacplus_DPhi_OSminusSS.pdf,generated-figure,,2026-05-13,Add QQ correlation inputs and plots,STALE,high,0,,,Nothing executes. You lose an archived copy of a figure that the plotting macros regenerate.,"Generated plot artifact. .C files carry the ROOT header 'Macro generated from canvas ... by ROOT version'. .gitignore:53-55 already declares PlottingScripts/Plots/, PlottingScripts/**/Plots/ and Balancing_and_Sampling/**/Plots/ ignored - these predate the rule. PlottingScripts/validation/removed_tracked_plot_inventory.txt records 78 such files already removed."
PlottingScripts/QQCorrelations/Plots/10-05-2026/DplusSigmacplus_DPhi_OSminusSS.png,generated-figure,,2026-05-13,Add QQ correlation inputs and plots,STALE,high,0,,,Nothing executes. You lose an archived copy of a figure that the plotting macros regenerate.,"Generated plot artifact. .C files carry the ROOT header 'Macro generated from canvas ... by ROOT version'. .gitignore:53-55 already declares PlottingScripts/Plots/, PlottingScripts/**/Plots/ and Balancing_and_Sampling/**/Plots/ ignored - these predate the rule. PlottingScripts/validation/removed_tracked_plot_inventory.txt records 78 such files already removed."
PlottingScripts/README.md,markdown,509,2026-07-30,Add docs/DESIGN_AND_RATIONALE.md as the authoritative design record,SUPPORT,high,0,PUBLICATION_READY_CODING_AGENT_INSTRUCTIONS.md:1763(doc); PUBLICATION_READY_CODING_AGENT_INSTRUCTIONS.md:1765(doc); PlottingScripts/PtMultiplicity/README.md:7(doc); README.md:23(doc); README.txt:3(doc); README.txt:5(doc); README.txt:7(doc); REPOSITORY_FILE_CATALOG.md:23(doc) (+80 more),,Documentation only. Nothing executes.,Plotting dir docs.
PlottingScripts/TunePlotStyle.h,cpp-header,62,2026-07-24,Fix plotting uncertainties and multiplicity-bin ordering,ACTIVE-DORMANT,high,4,PlottingScripts/Plot_InclusiveKinematicSpectra_Raw.C:56; PlottingScripts/Plot_KinematicSpectra_THnSparse.C:44; PlottingScripts/Plot_MultiplicityDistribution_PercentileBoundaries.C:45; PlottingScripts/improvedPlotting_THnSparse.C:41; PUBLICATION_READY_CODING_AGENT_INSTRUCTIONS.md:1759(doc); PUBLICATION_READY_CODING_AGENT_INSTRUCTIONS.md:1889(doc); PlottingScripts/README.md:21(doc); PlottingScripts/README.md:315(doc) (+4 more),,Compile error in the paper plotting macros. Immediate.,Included by the run_paper_plots.sh macro set.
PlottingScripts/Validate_THnSparse_Production.C,other,1147,2026-07-30,"raw_v7: auxiliary light-hadron compensation grid, and permanent N_ch calibration",ACTIVE-DORMANT,high,3,PlottingScripts/validate_thnsparse_inputs.sh:26; tests/test_plot_dataset_integration.py:338; tests/test_plot_dataset_integration.py:356; PlottingScripts/README.md:443(doc); REPOSITORY_FILE_CATALOG.md:590(doc); REPOSITORY_FILE_CATALOG.md:593(doc); docs/audits/FULL_PRODUCTION_CHANGE_JUSTIFICATION_AUDIT_20260730.md:159(doc),AnalysisScripts/GeneratedPairRegistry.h; PlottingScripts/PairInputSelectionUtils.h; PlottingScripts/configuration_multiplicity_reduced_JUNCTIONS_THnSparse.json; SimulationScripts/Sha256.h; setupEnv.sh,run_paper_plots.sh:618 validate-inputs target. Immediate.,validate_thnsparse_inputs.sh:26 loads the macro by string.
PlottingScripts/combinedCanvasPlots.C,other,1562,2026-02-24,Updated strucutre and comments,UNSURE,medium,0,PlottingScripts/README.md:500(doc); REPOSITORY_FILE_CATALOG.md:591(doc),,"Nothing. None is reachable from run_paper_plots.sh (verified: the runner's only macro loads are at :307,:333,:406,:429,:452,:469,:480,:484,:494,:618).","Superseded by improvedPlotting_THnSparse.C, but PlottingScripts/README.md:8,33,499-502 still documents them as available, and Plot_KinematicSpectra_THnSparse.C is cited by PlottingScripts/validation/FINAL_PLOTTING_HANDOFF.md:226. Blocked on: is the pre-THnSparse plotting path still wanted as a cross-check?"
PlottingScripts/configuration_multiplicity.json,json,2094,2026-05-14,small changes to make it work locally,UNSURE,medium,1,PlottingScripts/improvedPlotting.C:1526; REPOSITORY_FILE_CATALOG.md:592(doc),,"Nothing. None is reachable from run_paper_plots.sh (verified: the runner's only macro loads are at :307,:333,:406,:429,:452,:469,:480,:484,:494,:618).","Superseded by improvedPlotting_THnSparse.C, but PlottingScripts/README.md:8,33,499-502 still documents them as available, and Plot_KinematicSpectra_THnSparse.C is cited by PlottingScripts/validation/FINAL_PLOTTING_HANDOFF.md:226. Blocked on: is the pre-THnSparse plotting path still wanted as a cross-check?"
PlottingScripts/configuration_multiplicity_reduced_JUNCTIONS_THnSparse.json,json,3053,2026-07-30,"Plotting: block-SEM uncertainties, dataset selection, fail-closed checks",ACTIVE-DORMANT,high,10,PlottingScripts/Validate_THnSparse_Production.C:643; PlottingScripts/improvedPlotting_THnSparse.C:4788; PlottingScripts/run_paper_plots.sh:49; PlottingScripts/run_paper_plots.sh:141; PlottingScripts/validate_thnsparse_inputs.sh:9; Validation/TestPlotProjectionCuts.C:347; config/statistical_robustness_v1.json:34; tests/test_plot_dataset_integration.py:372 (+9 more),,run_paper_plots.sh:141-142 defaults. Immediate.,
PlottingScripts/configuration_multiplicity_reduced_JUNCTIONS_THnSparse_complete_root.json,json,2195,2026-07-30,"Plotting: block-SEM uncertainties, dataset selection, fail-closed checks",ACTIVE-DORMANT,high,9,PlottingScripts/Plot_KinematicSpectra_THnSparse.C:1244; PlottingScripts/Plot_MultiplicityDistribution_PercentileBoundaries.C:954; PlottingScripts/Plot_MultiplicityDistribution_PercentileBoundaries.C:980; PlottingScripts/run_paper_plots.sh:51; PlottingScripts/run_paper_plots.sh:89; PlottingScripts/run_paper_plots.sh:142; Validation/TestPlotProjectionCuts.C:352; tests/test_plot_reference_multiplicity_contract.py:24 (+8 more),,run_paper_plots.sh:141-142 defaults. Immediate.,
PlottingScripts/configuration_pT.json,json,1742,2026-02-24,Updated strucutre and comments,UNSURE,medium,0,REPOSITORY_FILE_CATALOG.md:595(doc),,Nothing. Zero code inbound.,Config for the superseded improvedPlotting.C path. Same question as above.
PlottingScripts/configuration_pseudorapidity.json,json,1814,2026-02-24,Updated strucutre and comments,UNSURE,medium,0,REPOSITORY_FILE_CATALOG.md:596(doc),,Nothing. Zero code inbound.,Config for the superseded improvedPlotting.C path. Same question as above.
PlottingScripts/configuration_rapidity.json,json,1814,2026-02-24,Updated strucutre and comments,UNSURE,medium,0,REPOSITORY_FILE_CATALOG.md:597(doc),,Nothing. Zero code inbound.,Config for the superseded improvedPlotting.C path. Same question as above.
PlottingScripts/improvedPlotting.C,other,1616,2026-02-24,Updated strucutre and comments,UNSURE,medium,0,PUBLICATION_READY_CODING_AGENT_INSTRUCTIONS.md:1772(doc); PlottingScripts/README.md:8(doc); PlottingScripts/README.md:499(doc); REPOSITORY_FILE_CATALOG.md:592(doc); REPOSITORY_FILE_CATALOG.md:598(doc); docs/audits/PRE_IMPLEMENTATION_SOURCE_OF_TRUTH_AUDIT.md:147(doc),PlottingScripts/configuration_multiplicity.json,"Nothing. None is reachable from run_paper_plots.sh (verified: the runner's only macro loads are at :307,:333,:406,:429,:452,:469,:480,:484,:494,:618).","Superseded by improvedPlotting_THnSparse.C, but PlottingScripts/README.md:8,33,499-502 still documents them as available, and Plot_KinematicSpectra_THnSparse.C is cited by PlottingScripts/validation/FINAL_PLOTTING_HANDOFF.md:226. Blocked on: is the pre-THnSparse plotting path still wanted as a cross-check?"
PlottingScripts/improvedPlotting_THnSparse.C,other,4914,2026-07-30,"Plotting: block-SEM uncertainties, dataset selection, fail-closed checks",ACTIVE-DORMANT,high,8,PlottingScripts/run_paper_plots.sh:307; PlottingScripts/run_paper_plots.sh:333; Validation/TestPlotProjectionCuts.C:1; Validation/TestPlotReferenceMultiplicityContracts.C:1; tests/test_pair_selection_contract_parity.py:11; tests/test_plot_reference_multiplicity_contract.py:12; tests/test_statistical_robustness.py:406; tools/statistical_robustness.py:659 (+23 more),AnalysisScripts/AssociateOriginCategoryContract.h; AnalysisScripts/GeneratedPairRegistry.h; PlottingScripts/MultiplicityBoundaryUtils.h; PlottingScripts/TunePlotStyle.h; PlottingScripts/configuration_multiplicity_reduced_JUNCTIONS_THnSparse.json; SimulationScripts/Sha256.h,"run_paper_plots.sh:307,333 (.L ...C+); Validation/TestPlotProjectionCuts.C:1 and TestPlotReferenceMultiplicityContracts.C:1 include it. Immediate.",
PlottingScripts/run_paper_plots.sh,shell,678,2026-08-03,Restore the runnable pipeline; add portable Makefile and doctor,ACTIVE-DORMANT,high,1,tests/test_plot_reference_multiplicity_contract.py:18; PUBLICATION_READY_CODING_AGENT_INSTRUCTIONS.md:1762(doc); PUBLICATION_READY_CODING_AGENT_INSTRUCTIONS.md:1939(doc); PUBLICATION_READY_CODING_AGENT_INSTRUCTIONS.md:1940(doc); PUBLICATION_READY_CODING_AGENT_INSTRUCTIONS.md:1941(doc); PUBLICATION_READY_CODING_AGENT_INSTRUCTIONS.md:1942(doc); PlottingScripts/PAPER_FIGURE_PROVENANCE.md:24(doc); PlottingScripts/README.md:26(doc) (+35 more),PlottingScripts/FinalAnalysis/Plot_MultiplicityDistributions_TwoSamples.C; PlottingScripts/FinalAnalysis/Plot_SelectedParticleYields_IndependentVsCombined.C; PlottingScripts/Plot_InclusiveKinematicSpectra_Raw.C; PlottingScripts/Plot_MultiplicityDistribution_PercentileBoundaries.C; PlottingScripts/configuration_multiplicity_reduced_JUNCTIONS_THnSparse.json; PlottingScripts/configuration_multiplicity_reduced_JUNCTIONS_THnSparse_complete_root.json; PlottingScripts/improvedPlotting_THnSparse.C; PlottingScripts/validate_thnsparse_inputs.sh,The whole plotting stage. Handoff next-step 5.,"plot_provenance_tool="""" at :165 leaves dead provenance blocks at :563-580,:628-671."
PlottingScripts/summarize_subsample_coverage.py,python,127,2026-07-29,Harden paper plotting validation and error handling,ACTIVE-DORMANT,low,0,PlottingScripts/validation/FINAL_PLOTTING_HANDOFF.md:208(doc); REPOSITORY_FILE_CATALOG.md:601(doc); docs/audits/FULL_PRODUCTION_CHANGE_JUSTIFICATION_AUDIT_20260730.md:164(doc),,Nothing automatic. Subsample coverage diagnostics lost.,Zero code inbound; added 2026-07-29 d8de9b6da with the plotting hardening. UNSURE-adjacent: kept dormant because they are same-epoch as the live plotting work.
PlottingScripts/validate_subsample_log.py,python,149,2026-07-29,Harden paper plotting validation and error handling,ACTIVE-DORMANT,low,0,PlottingScripts/README.md:30(doc); PlottingScripts/README.md:407(doc); PlottingScripts/validation/FINAL_PLOTTING_HANDOFF.md:142(doc); PlottingScripts/validation/FINAL_PLOTTING_HANDOFF.md:202(doc); REPOSITORY_FILE_CATALOG.md:602(doc); docs/audits/FULL_PRODUCTION_CHANGE_JUSTIFICATION_AUDIT_20260730.md:165(doc); plotting_documentation.md:442(doc),,Nothing automatic. Subsample coverage diagnostics lost.,Zero code inbound; added 2026-07-29 d8de9b6da with the plotting hardening. UNSURE-adjacent: kept dormant because they are same-epoch as the live plotting work.
PlottingScripts/validate_thnsparse_inputs.sh,shell,41,2026-07-29,Harden paper plotting validation and error handling,ACTIVE-DORMANT,high,1,PlottingScripts/run_paper_plots.sh:618; REPOSITORY_FILE_CATALOG.md:590(doc); REPOSITORY_FILE_CATALOG.md:603(doc); docs/audits/FULL_PRODUCTION_CHANGE_JUSTIFICATION_AUDIT_20260730.md:166(doc),PlottingScripts/Validate_THnSparse_Production.C; PlottingScripts/configuration_multiplicity_reduced_JUNCTIONS_THnSparse.json; setupEnv.sh,run_paper_plots.sh:618 validate-inputs target. Immediate.,validate_thnsparse_inputs.sh:26 loads the macro by string.
PlottingScripts/validation/FINAL_PLOTTING_HANDOFF.md,markdown,249,2026-07-30,"Plotting: block-SEM uncertainties, dataset selection, fail-closed checks",SUPPORT,high,0,PlottingScripts/PAPER_FIGURE_PROVENANCE.md:55(doc); REPOSITORY_FILE_CATALOG.md:412(doc); REPOSITORY_FILE_CATALOG.md:414(doc); REPOSITORY_FILE_CATALOG.md:601(doc); REPOSITORY_FILE_CATALOG.md:602(doc); REPOSITORY_FILE_CATALOG.md:604(doc); REPOSITORY_FILE_CATALOG.md:605(doc); docs/audits/FULL_PRODUCTION_CHANGE_JUSTIFICATION_AUDIT_20260730.md:189(doc),,Documentation only. Nothing executes.,Plotting handoff.
PlottingScripts/validation/removed_tracked_plot_inventory.txt,text,80,2026-07-29,Harden paper plotting validation and error handling,SUPPORT,high,0,PlottingScripts/README.md:479(doc); PlottingScripts/validation/FINAL_PLOTTING_HANDOFF.md:185(doc); REPOSITORY_FILE_CATALOG.md:605(doc); docs/audits/FULL_PRODUCTION_CHANGE_JUSTIFICATION_AUDIT_20260730.md:37(doc); docs/audits/FULL_PRODUCTION_CHANGE_JUSTIFICATION_AUDIT_20260730.md:190(doc); docs/audits/FULL_PRODUCTION_CHANGE_JUSTIFICATION_AUDIT_20260730.md:374(doc),,Documentation only. Nothing executes.,Record of 78 tracked plot artifacts previously removed; 264 remain (see STALE set).
README.md,markdown,206,2026-08-03,Declare shared card settings once and propagate them,SUPPORT,high,0,PUBLICATION_READY_CODING_AGENT_INSTRUCTIONS.md:1763(doc); PUBLICATION_READY_CODING_AGENT_INSTRUCTIONS.md:1765(doc); PlottingScripts/PtMultiplicity/README.md:7(doc); README.txt:3(doc); README.txt:5(doc); README.txt:7(doc); REPOSITORY_FILE_CATALOG.md:23(doc); REPOSITORY_FILE_CATALOG.md:24(doc) (+79 more),,Documentation only. Nothing executes.,Repository front door; drifted (see doc audit).
README.txt,text,7,2026-07-01,Integrate three-tune THnSparse plotting pipeline,UNSURE,low,0,REPOSITORY_FILE_CATALOG.md:607(doc),,Nothing. It is a pointer stub that says so itself (:3).,"Deliberately kept for back-compat, but its body is now wrong: it names hf_mult_pt_analysis_multi.C as the 'preferred production' (:5). Either fix or delete."
REPOSITORY_FILE_CATALOG.md,markdown,699,2026-07-30,Fix HTCondor analysis argument rendering,UNSURE,low,0,PUBLICATION_READY_CODING_AGENT_INSTRUCTIONS.md:2112(doc); docs/audits/FULL_PRODUCTION_CHANGE_JUSTIFICATION_AUDIT_20260730.md:39(doc); docs/audits/FULL_PRODUCTION_CHANGE_JUSTIFICATION_AUDIT_20260730.md:119(doc),,Nothing. 305 KB / 699 lines of file catalogue.,"Generated 2026-07-30 (4a8d6ebb9), i.e. BEFORE the ~40k-line gate deletion. It is the single largest source of stale filename references in the repo (it is the sole doc referrer for ~30 files). Blocked on: regenerate or delete?"
REPRODUCIBILITY.md,markdown,133,2026-08-03,Set pTHatMin to 2.0: make the multiplicity classes interpretable,SUPPORT,high,0,AnalysisScripts/Analysis_README.md:18(doc); PUBLICATION_READY_CODING_AGENT_INSTRUCTIONS.md:455(doc); PUBLICATION_READY_CODING_AGENT_INSTRUCTIONS.md:736(doc); PlottingScripts/README.md:12(doc); PlottingScripts/validation/FINAL_PLOTTING_HANDOFF.md:10(doc); REPOSITORY_FILE_CATALOG.md:38(doc); REPOSITORY_FILE_CATALOG.md:336(doc); REPOSITORY_FILE_CATALOG.md:416(doc) (+25 more),,Documentation only. Nothing executes.,Reproduction instructions.
RootFiles/214_215_RootFilesDescriptions.txt,text,59,2026-02-24,Updated strucutre and comments,UNSURE,low,0,REPOSITORY_FILE_CATALOG.md:610(doc),,Nothing. Descriptions of ROOT files that are themselves gitignored (.gitignore:3 /RootFiles/**/*.root).,They document data that is not in the repo. Blocked on: does that data still exist on Nikhef under RootFiles/?
RootFiles/OlderProductions/DpDmBpBm_Comparison_RootFiles/DESCRIPTIONS.txt,text,24,2026-02-24,Updated strucutre and comments,UNSURE,low,1,Balancing_and_Sampling/B_Balancing_CompareSimulationSettings.C:220; Balancing_and_Sampling/B_Balancing_CompareSimulationSettings.C~:216(doc); REPOSITORY_FILE_CATALOG.md:611(doc); REPOSITORY_FILE_CATALOG.md:612(doc); REPOSITORY_FILE_CATALOG.md:626(doc); REPOSITORY_FILE_CATALOG.md:628(doc),,Nothing. Descriptions of ROOT files that are themselves gitignored (.gitignore:3 /RootFiles/**/*.root).,They document data that is not in the repo. Blocked on: does that data still exist on Nikhef under RootFiles/?
RootFiles/pTHatMinRootFilesDESCRIPTIONS.txt,text,79,2026-02-24,Updated strucutre and comments,UNSURE,low,0,REPOSITORY_FILE_CATALOG.md:612(doc),,Nothing. Descriptions of ROOT files that are themselves gitignored (.gitignore:3 /RootFiles/**/*.root).,They document data that is not in the repo. Blocked on: does that data still exist on Nikhef under RootFiles/?
SimulationScripts/Batching_MONASH.sh,shell,51,2026-03-28,General cleanup,UNSURE,medium,0,REPOSITORY_FILE_CATALOG.md:613(doc); SimulationScripts/Simulation_README.md:357(doc); docs/WORKSPACE.md:120(doc),,Nothing today. qqbarcorrelations_status.cpp is not even in SimulationScripts/Makefile.,"Pre-campaign split-channel stack. docs/WORKSPACE.md:120 still names Batching_MONASH.sh, so a live SUPPORT doc references it (criterion 4 not cleanly met). Blocked on: same question as the split producers."
SimulationScripts/GeneratedHeavyFlavourRegistry.h,cpp-header,95,2026-07-31,Exclude review-blocked species from central results,ACTIVE,high,12,AnalysisScripts/status_analysis_THnSparse_qq.C:8; PlottingScripts/Plot_InclusiveKinematicSpectra_Raw.C:57; SimulationScripts/Makefile:76; SimulationScripts/heavyflavourcorrelations_status.cpp:10; Validation/AuditOriginResolution.C:1; Validation/AuditSpeciesRegistry.C:1; Validation/ListUnresolvedOrigins.C:1; Validation/PTHatSensitivity.C:1 (+7 more),config/heavy_flavour_species_v1.json; tools/generate_registry_artifacts.py,Producer build (SimulationScripts/Makefile:73-78) and ~12 ROOT macros. Immediate.,Physics contracts; Generated*.h are outputs of generate_registry_artifacts.py.
SimulationScripts/GeneratedTuneSettingRegistry.h,cpp-header,121,2026-08-03,Set pTHatMin to 2.0: make the multiplicity classes interpretable,ACTIVE,high,8,AnalysisScripts/status_analysis_THnSparse_qq.C:9; SimulationScripts/Makefile:77; SimulationScripts/heavyflavourcorrelations_status.cpp:11; Validation/AuditTuneSettings.C:1; Validation/PTHatSensitivity.C:2; Validation/ValidatePairDirectory.C:4; Validation/ValidateRawOutput.C:3; tools/generate_registry_artifacts.py:328 (+2 more),tools/generate_registry_artifacts.py,Producer build (SimulationScripts/Makefile:73-78) and ~12 ROOT macros. Immediate.,Physics contracts; Generated*.h are outputs of generate_registry_artifacts.py.
SimulationScripts/HeavyFlavourUtils.h,cpp-header,601,2026-07-30,"raw_v7: auxiliary light-hadron compensation grid, and permanent N_ch calibration",ACTIVE,high,16,AnalysisScripts/AssociateOriginCategoryContract.h:4; AnalysisScripts/status_analysis_THnSparse_qq.C:10; PlottingScripts/Plot_InclusiveKinematicSpectra_Raw.C:58; SimulationScripts/Makefile:74; SimulationScripts/heavyflavourcorrelations_status.cpp:12; Validation/AuditOriginResolution.C:2; Validation/AuditSpeciesRegistry.C:2; Validation/AuditTuneSettings.C:2 (+12 more),Validation/TestPrimaryChargedDefinition.C,Producer build (SimulationScripts/Makefile:73-78) and ~12 ROOT macros. Immediate.,Physics contracts; Generated*.h are outputs of generate_registry_artifacts.py.
SimulationScripts/Makefile,makefile,83,2026-08-01,"env: migrate to stock PYTHIA 8.317, add rpath, extract dependency config",ACTIVE,high,1,tests/test_external_header_warning_contract.py:13; REPOSITORY_FILE_CATALOG.md:614(doc); REPOSITORY_FILE_CATALOG.md:615(doc); REPOSITORY_FILE_CATALOG.md:616(doc); REPOSITORY_FILE_CATALOG.md:617(doc); REPOSITORY_FILE_CATALOG.md:618(doc); REPOSITORY_FILE_CATALOG.md:621(doc); REPOSITORY_FILE_CATALOG.md:623(doc) (+7 more),Makefile; SimulationScripts/GeneratedHeavyFlavourRegistry.h; SimulationScripts/GeneratedTuneSettingRegistry.h; SimulationScripts/HeavyFlavourUtils.h; SimulationScripts/Sha256.h; SimulationScripts/bbbarcorrelations_status.cpp; SimulationScripts/bbbarcorrelations_status_JUNCTIONS.cpp; SimulationScripts/ccbarcorrelations_status.cpp,make build via build_producer.sh:21. Immediate.,"Also carries 4 LEGACY producer rules (:55-69,:81-83). -std=c++17 at :51 is overridden by ROOT --cflags -std=c++20, as the handoff states."
SimulationScripts/Makefile.old,text,3,2026-02-24,Updated strucutre and comments,STALE,high,0,REPOSITORY_FILE_CATALOG.md:618(doc); SimulationScripts/Simulation_README.md:358(doc),,Nothing.,"3-line CXXFLAGS fragment superseded by SimulationScripts/Makefile. Last change e2d18da7c 2026-02-24, the pre-design bulk commit."
SimulationScripts/Sha256.h,cpp-header,196,2026-07-30,"Producer: raw-v5 schema, tune-settings registry, SHA-256 provenance",ACTIVE,high,12,PlottingScripts/MultiplicityBoundaryUtils.h:4; PlottingScripts/Plot_InclusiveKinematicSpectra_Raw.C:59; PlottingScripts/Validate_THnSparse_Production.C:2; PlottingScripts/improvedPlotting_THnSparse.C:39; SimulationScripts/Makefile:75; SimulationScripts/heavyflavourcorrelations_status.cpp:13; Validation/AuditOriginResolution.C:3; Validation/AuditTuneSettings.C:3 (+5 more),,Producer build (SimulationScripts/Makefile:73-78) and ~12 ROOT macros. Immediate.,Physics contracts; Generated*.h are outputs of generate_registry_artifacts.py.
SimulationScripts/Simulation_README.md,markdown,363,2026-07-30,Add docs/DESIGN_AND_RATIONALE.md as the authoritative design record,SUPPORT,high,0,REPOSITORY_FILE_CATALOG.md:613(doc); REPOSITORY_FILE_CATALOG.md:618(doc); REPOSITORY_FILE_CATALOG.md:619(doc); REPOSITORY_FILE_CATALOG.md:621(doc); REPOSITORY_FILE_CATALOG.md:624(doc); REPOSITORY_FILE_CATALOG.md:626(doc); REPOSITORY_FILE_CATALOG.md:627(doc); REPOSITORY_FILE_CATALOG.md:628(doc) (+8 more),,Documentation only. Nothing executes.,Producer dir docs.
SimulationScripts/bbbarcorrelations_status.cpp,cpp-source,286,2026-03-28,Combine charm and beauty analysis workflow,UNSURE,medium,7,AnalysisScripts/bb_mult_pt_analysis_multi.C:776; AnalysisScripts/status_analysis_bb.C:2; AnalysisScripts/status_analysis_qq.C:2; SimulationScripts/Makefile:59; SimulationScripts/pythiasettings_Hard_Low_bb.cmnd:1; SimulationScripts/pythiasettings_Hard_Low_bb_JUNCTIONS.cmnd:1; SimulationScripts/pythiasettings_Hard_Low_qq.cmnd:1; REPOSITORY_FILE_CATALOG.md:620(doc),SimulationScripts/pythiasettings_Hard_Low_bb.cmnd,`make -C SimulationScripts all` and `make -C SimulationScripts clean` break immediately. `make build` does NOT break: build_producer.sh:21-22 names the heavyflavourcorrelations_status target explicitly.,"FAILS evidence criterion 2: named in SimulationScripts/Makefile:55-57 (all), :59-69 (rules), :81-83 (clean). Deletable only as an ordered set - edit the Makefile first. Blocked on: do you still need the split bb/cc producers for reference samples?"
SimulationScripts/bbbarcorrelations_status_JUNCTIONS.cpp,cpp-source,280,2026-03-28,Combine charm and beauty analysis workflow,UNSURE,medium,1,SimulationScripts/Makefile:62; REPOSITORY_FILE_CATALOG.md:621(doc); REPOSITORY_FILE_CATALOG.md:627(doc),SimulationScripts/pythiasettings_Hard_Low_bb_JUNCTIONS.cmnd,`make -C SimulationScripts all` and `make -C SimulationScripts clean` break immediately. `make build` does NOT break: build_producer.sh:21-22 names the heavyflavourcorrelations_status target explicitly.,"FAILS evidence criterion 2: named in SimulationScripts/Makefile:55-57 (all), :59-69 (rules), :81-83 (clean). Deletable only as an ordered set - edit the Makefile first. Blocked on: do you still need the split bb/cc producers for reference samples?"
SimulationScripts/ccbarcorrelations_status.cpp,cpp-source,281,2026-03-28,Combine charm and beauty analysis workflow,UNSURE,medium,4,AnalysisScripts/status_analysis_cc.C:2; SimulationScripts/Makefile:65; SimulationScripts/pythiasettings_Hard_Low_cc.cmnd:1; SimulationScripts/pythiasettings_Hard_Low_cc_JUNCTIONS.cmnd:1; REPOSITORY_FILE_CATALOG.md:623(doc),SimulationScripts/pythiasettings_Hard_Low_cc.cmnd,`make -C SimulationScripts all` and `make -C SimulationScripts clean` break immediately. `make build` does NOT break: build_producer.sh:21-22 names the heavyflavourcorrelations_status target explicitly.,"FAILS evidence criterion 2: named in SimulationScripts/Makefile:55-57 (all), :59-69 (rules), :81-83 (clean). Deletable only as an ordered set - edit the Makefile first. Blocked on: do you still need the split bb/cc producers for reference samples?"
SimulationScripts/ccbarcorrelations_status_JUNCTIONS.cpp,cpp-source,280,2026-03-28,Combine charm and beauty analysis workflow,UNSURE,medium,1,SimulationScripts/Makefile:68; REPOSITORY_FILE_CATALOG.md:624(doc); REPOSITORY_FILE_CATALOG.md:629(doc),SimulationScripts/pythiasettings_Hard_Low_cc_JUNCTIONS.cmnd,`make -C SimulationScripts all` and `make -C SimulationScripts clean` break immediately. `make build` does NOT break: build_producer.sh:21-22 names the heavyflavourcorrelations_status target explicitly.,"FAILS evidence criterion 2: named in SimulationScripts/Makefile:55-57 (all), :59-69 (rules), :81-83 (clean). Deletable only as an ordered set - edit the Makefile first. Blocked on: do you still need the split bb/cc producers for reference samples?"
SimulationScripts/heavyflavourcorrelations_status.cpp,cpp-source,1726,2026-08-01,"Four tunes: add JUNCTIONS_MATCHED, drop the other variants",ACTIVE,high,6,SimulationScripts/Makefile:73; SimulationScripts/pythiasettings_Hard_Low_ccbb_CLOSEPACKING.cmnd:1; SimulationScripts/pythiasettings_Hard_Low_ccbb_JUNCTIONS.cmnd:1; SimulationScripts/pythiasettings_Hard_Low_ccbb_JUNCTIONS_MATCHED.cmnd:1; SimulationScripts/pythiasettings_Hard_Low_ccbb_MONASH.cmnd:1; tests/test_raw_v5_resource_contract.py:8; README.md:153(doc); REPOSITORY_FILE_CATALOG.md:613(doc) (+22 more),SimulationScripts/GeneratedHeavyFlavourRegistry.h; SimulationScripts/GeneratedTuneSettingRegistry.h; SimulationScripts/HeavyFlavourUtils.h; SimulationScripts/Sha256.h,The producer. Nothing produces data. Immediate.,Handoff key-file table.
SimulationScripts/pythiasettings_Hard_Low_bb.cmnd,pythia-card,76,2026-02-24,Updated strucutre and comments,UNSURE,medium,3,SimulationScripts/bbbarcorrelations_status.cpp:4; SimulationScripts/bbbarcorrelations_status.cpp:146; SimulationScripts/qqbarcorrelations_status.cpp:168; REPOSITORY_FILE_CATALOG.md:626(doc); RootFiles/OlderProductions/DpDmBpBm_Comparison_RootFiles/DESCRIPTIONS.txt:11(doc),SimulationScripts/bbbarcorrelations_status.cpp,Nothing today. qqbarcorrelations_status.cpp is not even in SimulationScripts/Makefile.,"Pre-campaign split-channel stack. docs/WORKSPACE.md:120 still names Batching_MONASH.sh, so a live SUPPORT doc references it (criterion 4 not cleanly met). Blocked on: same question as the split producers."
SimulationScripts/pythiasettings_Hard_Low_bb_JUNCTIONS.cmnd,pythia-card,95,2026-02-24,Updated strucutre and comments,UNSURE,medium,2,SimulationScripts/bbbarcorrelations_status_JUNCTIONS.cpp:4; SimulationScripts/bbbarcorrelations_status_JUNCTIONS.cpp:145; REPOSITORY_FILE_CATALOG.md:627(doc),SimulationScripts/bbbarcorrelations_status.cpp,Nothing today. qqbarcorrelations_status.cpp is not even in SimulationScripts/Makefile.,"Pre-campaign split-channel stack. docs/WORKSPACE.md:120 still names Batching_MONASH.sh, so a live SUPPORT doc references it (criterion 4 not cleanly met). Blocked on: same question as the split producers."
SimulationScripts/pythiasettings_Hard_Low_cc.cmnd,pythia-card,105,2026-02-24,Updated strucutre and comments,UNSURE,medium,2,SimulationScripts/ccbarcorrelations_status.cpp:4; SimulationScripts/ccbarcorrelations_status.cpp:145; REPOSITORY_FILE_CATALOG.md:628(doc); RootFiles/OlderProductions/DpDmBpBm_Comparison_RootFiles/DESCRIPTIONS.txt:14(doc),SimulationScripts/ccbarcorrelations_status.cpp,Nothing today. qqbarcorrelations_status.cpp is not even in SimulationScripts/Makefile.,"Pre-campaign split-channel stack. docs/WORKSPACE.md:120 still names Batching_MONASH.sh, so a live SUPPORT doc references it (criterion 4 not cleanly met). Blocked on: same question as the split producers."
SimulationScripts/pythiasettings_Hard_Low_cc_JUNCTIONS.cmnd,pythia-card,127,2026-02-24,Updated strucutre and comments,UNSURE,medium,2,SimulationScripts/ccbarcorrelations_status_JUNCTIONS.cpp:4; SimulationScripts/ccbarcorrelations_status_JUNCTIONS.cpp:145; REPOSITORY_FILE_CATALOG.md:629(doc),SimulationScripts/ccbarcorrelations_status.cpp,Nothing today. qqbarcorrelations_status.cpp is not even in SimulationScripts/Makefile.,"Pre-campaign split-channel stack. docs/WORKSPACE.md:120 still names Batching_MONASH.sh, so a live SUPPORT doc references it (criterion 4 not cleanly met). Blocked on: same question as the split producers."
SimulationScripts/pythiasettings_Hard_Low_ccbb_CLOSEPACKING.cmnd,pythia-card,90,2026-08-03,"Correct the pTHat cost claim: trigger yield rises, it does not fall",ACTIVE,high,1,Validation/TestPrimaryChargedDefinition.C:42; REPOSITORY_FILE_CATALOG.md:630(doc); SimulationScripts/Simulation_README.md:175(doc),SimulationScripts/heavyflavourcorrelations_status.cpp; ValidationReports/PTHAT_MULTIPLICITY_SCAN_8317.md,runCondorJob.sh:90 constructs the card name from the tune. Immediate.,The three campaign tunes.
SimulationScripts/pythiasettings_Hard_Low_ccbb_JUNCTIONS.cmnd,pythia-card,74,2026-08-03,"Correct the pTHat cost claim: trigger yield rises, it does not fall",ACTIVE,high,1,Validation/TestPrimaryChargedDefinition.C:40; REPOSITORY_FILE_CATALOG.md:631(doc); SimulationScripts/Simulation_README.md:174(doc),SimulationScripts/heavyflavourcorrelations_status.cpp; ValidationReports/PTHAT_MULTIPLICITY_SCAN_8317.md,runCondorJob.sh:90 constructs the card name from the tune. Immediate.,The three campaign tunes.
SimulationScripts/pythiasettings_Hard_Low_ccbb_JUNCTIONS_MATCHED.cmnd,pythia-card,93,2026-08-03,"Correct the pTHat cost claim: trigger yield rises, it does not fall",ACTIVE-DORMANT,high,0,,SimulationScripts/heavyflavourcorrelations_status.cpp; ValidationReports/PTHAT_MULTIPLICITY_SCAN_8317.md,"make cards (validate_tune_cards.py:58 MATCHED_TUNE), make cards-current (apply_card_config.py:107 glob), tests/test_submit_rendering.py:33. make check fails.",ZERO literal basename references anywhere - reached only by glob and f-string. The exact naive-scan trap. Handoff key decision: exists but is NOT run.
SimulationScripts/pythiasettings_Hard_Low_ccbb_MONASH.cmnd,pythia-card,53,2026-08-03,"Correct the pTHat cost claim: trigger yield rises, it does not fall",ACTIVE,high,1,Validation/TestPrimaryChargedDefinition.C:38; REPOSITORY_FILE_CATALOG.md:632(doc); SimulationScripts/Simulation_README.md:173(doc); docs/NIKHEF_BRINGUP.md:74(doc),SimulationScripts/heavyflavourcorrelations_status.cpp; ValidationReports/PTHAT_MULTIPLICITY_SCAN_8317.md,runCondorJob.sh:90 constructs the card name from the tune. Immediate.,The three campaign tunes.
SimulationScripts/pythiasettings_Hard_Low_qq.cmnd,pythia-card,126,2026-02-24,Updated strucutre and comments,UNSURE,medium,2,SimulationScripts/qqbarcorrelations_status.cpp:2; SimulationScripts/qqbarcorrelations_status.cpp:170; REPOSITORY_FILE_CATALOG.md:633(doc),SimulationScripts/bbbarcorrelations_status.cpp,Nothing today. qqbarcorrelations_status.cpp is not even in SimulationScripts/Makefile.,"Pre-campaign split-channel stack. docs/WORKSPACE.md:120 still names Batching_MONASH.sh, so a live SUPPORT doc references it (criterion 4 not cleanly met). Blocked on: same question as the split producers."
SimulationScripts/pythiasettings_Hard_Low_qq_JUNCTIONS.cmnd,pythia-card,148,2026-02-24,Updated strucutre and comments,UNSURE,medium,0,REPOSITORY_FILE_CATALOG.md:634(doc),,Nothing today. qqbarcorrelations_status.cpp is not even in SimulationScripts/Makefile.,"Pre-campaign split-channel stack. docs/WORKSPACE.md:120 still names Batching_MONASH.sh, so a live SUPPORT doc references it (criterion 4 not cleanly met). Blocked on: same question as the split producers."
SimulationScripts/qqbarcorrelations_status.cpp,cpp-source,325,2026-02-24,Updated strucutre and comments,UNSURE,medium,0,REPOSITORY_FILE_CATALOG.md:633(doc); REPOSITORY_FILE_CATALOG.md:635(doc); SimulationScripts/Simulation_README.md:354(doc),SimulationScripts/pythiasettings_Hard_Low_bb.cmnd; SimulationScripts/pythiasettings_Hard_Low_qq.cmnd,Nothing today. qqbarcorrelations_status.cpp is not even in SimulationScripts/Makefile.,"Pre-campaign split-channel stack. docs/WORKSPACE.md:120 still names Batching_MONASH.sh, so a live SUPPORT doc references it (criterion 4 not cleanly met). Blocked on: same question as the split producers."
SimulationScripts/run_hf.sh,shell,26,2026-05-14,Add Close Packing HF tune pipeline,UNSURE,medium,0,REPOSITORY_FILE_CATALOG.md:636(doc); SimulationScripts/Simulation_README.md:356(doc),,Nothing today. qqbarcorrelations_status.cpp is not even in SimulationScripts/Makefile.,"Pre-campaign split-channel stack. docs/WORKSPACE.md:120 still names Batching_MONASH.sh, so a live SUPPORT doc references it (criterion 4 not cleanly met). Blocked on: same question as the split producers."
SimulationScripts/test_bb,other,,2026-02-24,Updated strucutre and comments,STALE,high,0,REPOSITORY_FILE_CATALOG.md:637(doc),,Nothing.,`file` reports 'ROOT file Version 63001' - 21 KB one-off ROOT data outputs committed without an extension. Last change e2d18da7c 2026-02-24.
SimulationScripts/test_cc,other,,2026-02-24,Updated strucutre and comments,STALE,high,0,REPOSITORY_FILE_CATALOG.md:638(doc),,Nothing.,`file` reports 'ROOT file Version 63001' - 21 KB one-off ROOT data outputs committed without an extension. Last change e2d18da7c 2026-02-24.
Validation/AuditOriginResolution.C,other,1148,2026-07-30,Redefine event activity as a real charged-particle multiplicity,ACTIVE-DORMANT,high,5,tests/test_final_origin_closure.py:189; tools/final_origin_closure.py:5; tools/final_origin_closure.py:109; tools/final_origin_closure.py:661; tools/statistical_robustness.py:1050; AnalysisScripts/Analysis_README.md:66(doc); REPOSITORY_FILE_CATALOG.md:639(doc); docs/DESIGN_AND_RATIONALE.md:123(doc) (+1 more),AnalysisScripts/GeneratedPairRegistry.h; SimulationScripts/GeneratedHeavyFlavourRegistry.h; SimulationScripts/HeavyFlavourUtils.h; SimulationScripts/Sha256.h,"tools/final_origin_closure.py:109,661; statistical_robustness.py:1050; tests/test_final_origin_closure.py:189 fails. Test failure.",
Validation/AuditSpeciesRegistry.C,other,116,2026-07-30,"Validation: pTHat sensitivity, pair-block closure, raw/plot contracts",ACTIVE,high,1,tests/test_pdg_species_audit.py:230; REPOSITORY_FILE_CATALOG.md:640(doc); SimulationScripts/Simulation_README.md:88(doc); ValidationReports/PREPRODUCTION_GATE_REPORT_20260730.md:107(doc); docs/audits/FULL_PRODUCTION_CHANGE_JUSTIFICATION_AUDIT_20260730.md:251(doc); docs/audits/FULL_PRODUCTION_CHANGE_JUSTIFICATION_AUDIT_20260730.md:397(doc),SimulationScripts/GeneratedHeavyFlavourRegistry.h; SimulationScripts/HeavyFlavourUtils.h,tests/test_pdg_species_audit.py:230 fails -> make check fails. Test failure.,
Validation/AuditTuneSettings.C,other,302,2026-07-30,"Validation: pTHat sensitivity, pair-block closure, raw/plot contracts",ACTIVE-DORMANT,high,0,REPOSITORY_FILE_CATALOG.md:641(doc); docs/NIKHEF_BRINGUP.md:45(doc); docs/audits/FULL_PRODUCTION_CHANGE_JUSTIFICATION_AUDIT_20260730.md:252(doc),SimulationScripts/GeneratedTuneSettingRegistry.h; SimulationScripts/HeavyFlavourUtils.h; SimulationScripts/Sha256.h,The CLOSEPACKING/Monash-defaults question stays unresolved.,Handoff next-step 7 command. Never a deletion candidate.
Validation/CalibrateMultiplicityAgainstMinBias.C,other,173,2026-07-31,Draft the flavour-closure figure and make pTHatMin a scan parameter,ACTIVE-DORMANT,medium,0,ValidationReports/NCH_CALIBRATION_20260730.md:3(doc); ValidationReports/NCH_CALIBRATION_PYTHIA8317_20260801.md:26(doc); ValidationReports/PTHAT_MULTIPLICITY_SCAN_8317.md:14(doc); ValidationReports/PTHAT_MULTIPLICITY_SCAN_8317.md:96(doc); ValidationReports/PTHAT_MULTIPLICITY_SCAN_8317.md:98(doc); docs/DESIGN_AND_RATIONALE.md:161(doc); docs/NIKHEF_BRINGUP.md:58(doc),SimulationScripts/HeavyFlavourUtils.h,The N_ch calibration cannot be reproduced. Nothing breaks now.,"Zero code inbound, but named in docs/NIKHEF_BRINGUP.md:58, DESIGN_AND_RATIONALE.md:161 and 3 ValidationReports as the tool that produced published numbers."
Validation/ListUnresolvedOrigins.C,other,333,2026-07-30,Redefine event activity as a real charged-particle multiplicity,ACTIVE-DORMANT,medium,0,REPOSITORY_FILE_CATALOG.md:642(doc); docs/DESIGN_AND_RATIONALE.md:124(doc); docs/audits/FULL_PRODUCTION_CHANGE_JUSTIFICATION_AUDIT_20260730.md:252(doc),AnalysisScripts/GeneratedPairRegistry.h; SimulationScripts/GeneratedHeavyFlavourRegistry.h; SimulationScripts/HeavyFlavourUtils.h; SimulationScripts/Sha256.h,Nothing now; the kUnresolved diagnostic loses its enumerator.,docs/DESIGN_AND_RATIONALE.md:124 names it as the design's diagnostic.
Validation/MeasureUnresolvedSystematic.C,other,103,2026-08-03,Add the kUnresolved systematic measurement,ACTIVE-DORMANT,high,0,README.md:125(doc); REPRODUCIBILITY.md:114(doc),,The kUnresolved systematic cannot be re-measured at pTHat 2.0.,Handoff key-file table AND next-step 6 command. Never a deletion candidate.
Validation/PTHatSensitivity.C,other,972,2026-07-30,Redefine event activity as a real charged-particle multiplicity,ACTIVE-DORMANT,medium,1,tools/evaluate_pthat_sensitivity.py:1740; docs/audits/FULL_PRODUCTION_CHANGE_JUSTIFICATION_AUDIT_20260730.md:253(doc),AnalysisScripts/GeneratedPairRegistry.h; SimulationScripts/GeneratedHeavyFlavourRegistry.h; SimulationScripts/GeneratedTuneSettingRegistry.h; SimulationScripts/HeavyFlavourUtils.h,tools/evaluate_pthat_sensitivity.py:1740. Runtime error when that tool is run.,Only consumer is the deliberately-parked pTHat tool.
Validation/TestAnalysisRawInputContract.C,other,215,2026-07-31,Exclude review-blocked species from central results,SUPPORT,medium,1,tests/test_analysis_raw_input_contract.py:53; docs/audits/FULL_PRODUCTION_CHANGE_JUSTIFICATION_AUDIT_20260730.md:253(doc),AnalysisScripts/status_analysis_THnSparse_qq.C,A ROOT-level contract audit is lost. No build/test break (make test runs only tests/*.py).,ROOT-compiled audits; several include live headers so they also act as compile canaries.
Validation/TestHardCarrierUniqueness.C,other,254,2026-07-30,"Validation: pTHat sensitivity, pair-block closure, raw/plot contracts",SUPPORT,medium,0,REPOSITORY_FILE_CATALOG.md:643(doc); docs/DESIGN_AND_RATIONALE.md:139(doc); docs/audits/FULL_PRODUCTION_CHANGE_JUSTIFICATION_AUDIT_20260730.md:254(doc),SimulationScripts/HeavyFlavourUtils.h,A ROOT-level contract audit is lost. No build/test break (make test runs only tests/*.py).,ROOT-compiled audits; several include live headers so they also act as compile canaries.
Validation/TestInclusiveRawKinematics.C,other,291,2026-07-30,"Validation: pTHat sensitivity, pair-block closure, raw/plot contracts",SUPPORT,medium,0,docs/audits/FULL_PRODUCTION_CHANGE_JUSTIFICATION_AUDIT_20260730.md:255(doc),PlottingScripts/Plot_InclusiveKinematicSpectra_Raw.C,A ROOT-level contract audit is lost. No build/test break (make test runs only tests/*.py).,ROOT-compiled audits; several include live headers so they also act as compile canaries.
Validation/TestPlotProjectionCuts.C,other,380,2026-07-30,"Validation: pTHat sensitivity, pair-block closure, raw/plot contracts",SUPPORT,medium,0,PlottingScripts/README.md:161(doc); REPOSITORY_FILE_CATALOG.md:644(doc); docs/audits/FULL_PRODUCTION_CHANGE_JUSTIFICATION_AUDIT_20260730.md:256(doc); plotting_documentation.md:207(doc),PlottingScripts/configuration_multiplicity_reduced_JUNCTIONS_THnSparse.json; PlottingScripts/configuration_multiplicity_reduced_JUNCTIONS_THnSparse_complete_root.json; PlottingScripts/improvedPlotting_THnSparse.C,A ROOT-level contract audit is lost. No build/test break (make test runs only tests/*.py).,ROOT-compiled audits; several include live headers so they also act as compile canaries.
Validation/TestPlotReferenceMultiplicityContracts.C,other,616,2026-07-30,"Validation: pTHat sensitivity, pair-block closure, raw/plot contracts",SUPPORT,medium,1,tests/test_plot_reference_multiplicity_contract.py:289; docs/audits/FULL_PRODUCTION_CHANGE_JUSTIFICATION_AUDIT_20260730.md:257(doc),PlottingScripts/improvedPlotting_THnSparse.C,A ROOT-level contract audit is lost. No build/test break (make test runs only tests/*.py).,ROOT-compiled audits; several include live headers so they also act as compile canaries.
Validation/TestPrimaryChargedDefinition.C,other,198,2026-07-30,Redefine event activity as a real charged-particle multiplicity,SUPPORT,medium,2,SimulationScripts/HeavyFlavourUtils.h:492; Validation/ValidateRawOutput.C:1373; PUBLICATION_READY_CODING_AGENT_INSTRUCTIONS.md:1020(doc); SimulationScripts/Simulation_README.md:299(doc); ValidationReports/PREPRODUCTION_GATE_REPORT_20260730.md:86(doc); docs/DESIGN_AND_RATIONALE.md:193(doc),SimulationScripts/HeavyFlavourUtils.h; SimulationScripts/pythiasettings_Hard_Low_ccbb_CLOSEPACKING.cmnd; SimulationScripts/pythiasettings_Hard_Low_ccbb_JUNCTIONS.cmnd; SimulationScripts/pythiasettings_Hard_Low_ccbb_MONASH.cmnd,A ROOT-level contract audit is lost. No build/test break (make test runs only tests/*.py).,ROOT-compiled audits; several include live headers so they also act as compile canaries.
Validation/ValidateCanonicalRawManifest.C,other,293,2026-08-03,Complete the canonical manifest contract; drop its dead requirements,ACTIVE,high,4,Validation/validate_canonical_manifest.sh:58; tools/build_canonical_manifest.py:34; tools/build_canonical_manifest.py:101; tools/campaign.py:44; REPOSITORY_FILE_CATALOG.md:645(doc); REPOSITORY_FILE_CATALOG.md:647(doc); docs/audits/FULL_PRODUCTION_CHANGE_JUSTIFICATION_AUDIT_20260730.md:235(doc),Validation/ValidateRawOutput.C,submit_status_analysis.sh:35. Immediate.,"kFirstStageSlots=100 hardcoded shape, per handoff."
Validation/ValidateGateDPilotAnalysis.C,other,694,2026-07-30,"Validation: pTHat sensitivity, pair-block closure, raw/plot contracts",LEGACY,high,0,docs/audits/FULL_PRODUCTION_CHANGE_JUSTIFICATION_AUDIT_20260730.md:236(doc),AnalysisScripts/AssociateOriginCategoryContract.h; AnalysisScripts/GeneratedPairRegistry.h,Nothing. Zero code inbound.,"Gate-D pilot validator from the deleted gate/provenance layer. Only mention is in docs/audits/FULL_PRODUCTION_CHANGE_JUSTIFICATION_AUDIT_20260730.md:236, itself a gate-era audit. Last change 5140f813c 2026-07-30, pre-gate-deletion epoch."
Validation/ValidatePairBlockClosure.C,other,532,2026-07-30,"Validation: pTHat sensitivity, pair-block closure, raw/plot contracts",ACTIVE-DORMANT,high,3,Validation/validate_pair_block_closure.sh:38; tests/test_pair_block_closure.py:15; tests/test_pair_block_closure.py:42; docs/audits/FULL_PRODUCTION_CHANGE_JUSTIFICATION_AUDIT_20260730.md:237(doc),AnalysisScripts/AssociateOriginCategoryContract.h; AnalysisScripts/GeneratedPairRegistry.h,merge_root_files.sh:205 closure gate. Immediate on first merge.,Also tests/test_pair_block_closure.py:42.
Validation/ValidatePairDirectory.C,other,917,2026-08-03,Accept the flavour-closure objects in pair-directory validation,ACTIVE,high,2,Validation/validate_pair_directory.sh:30; tests/test_pair_trigger_identity.py:25; REPOSITORY_FILE_CATALOG.md:646(doc); docs/audits/FULL_PRODUCTION_CHANGE_JUSTIFICATION_AUDIT_20260730.md:238(doc),AnalysisScripts/AssociateOriginCategoryContract.h; AnalysisScripts/GeneratedPairRegistry.h; AnalysisScripts/status_analysis_THnSparse_qq.C; SimulationScripts/GeneratedHeavyFlavourRegistry.h; SimulationScripts/GeneratedTuneSettingRegistry.h; SimulationScripts/HeavyFlavourUtils.h; SimulationScripts/Sha256.h,"run_status_analysis.sh:20; merge_root_files.sh:96,167,172; validate_analysis_outputs.py:233.",validate_pair_directory.sh:35-38 hardcodes the 300-file campaign shape.
Validation/ValidateRawOutput.C,other,2347,2026-08-03,Validate the pinned PYTHIA version instead of hardcoding 8.315,ACTIVE,high,6,Validation/ValidateCanonicalRawManifest.C:1; Validation/validate_raw_output.sh:31; runCondorJob.sh:313; tests/test_raw_v5_resource_contract.py:10; tests/test_validate_raw_output_strict_compile.py:13; tests/test_validate_raw_output_strict_compile.py:70; README.md:92(doc); REPOSITORY_FILE_CATALOG.md:647(doc) (+3 more),AnalysisScripts/GeneratedPairRegistry.h; SimulationScripts/GeneratedHeavyFlavourRegistry.h; SimulationScripts/GeneratedTuneSettingRegistry.h; SimulationScripts/HeavyFlavourUtils.h; SimulationScripts/Sha256.h; Validation/TestPrimaryChargedDefinition.C; config/dependencies.conf; setupEnv.sh,"Every production job: runCondorJob.sh:132,288,313. Immediate.",Handoff key-file table.
Validation/validate_canonical_manifest.sh,shell,79,2026-08-03,Restore the runnable pipeline; add portable Makefile and doctor,ACTIVE,high,1,submit_status_analysis.sh:35; REPOSITORY_FILE_CATALOG.md:645(doc); REPOSITORY_FILE_CATALOG.md:648(doc); REPOSITORY_FILE_CATALOG.md:688(doc); docs/audits/FULL_PRODUCTION_CHANGE_JUSTIFICATION_AUDIT_20260730.md:239(doc),Validation/ValidateCanonicalRawManifest.C; setupEnv.sh,submit_status_analysis.sh:35. Immediate.,"kFirstStageSlots=100 hardcoded shape, per handoff."
Validation/validate_pair_block_closure.sh,shell,49,2026-07-30,"Validation: pTHat sensitivity, pair-block closure, raw/plot contracts",ACTIVE-DORMANT,high,3,merge_root_files.sh:205; tests/test_pair_block_closure.py:16; tests/test_pair_block_closure.py:30; PlottingScripts/README.md:391(doc); docs/audits/FULL_PRODUCTION_CHANGE_JUSTIFICATION_AUDIT_20260730.md:240(doc),Validation/ValidatePairBlockClosure.C; setupEnv.sh,merge_root_files.sh:205 closure gate. Immediate on first merge.,Also tests/test_pair_block_closure.py:42.
Validation/validate_pair_directory.sh,shell,44,2026-07-30,"Validation: pTHat sensitivity, pair-block closure, raw/plot contracts",ACTIVE,high,5,merge_root_files.sh:96; merge_root_files.sh:167; merge_root_files.sh:172; run_status_analysis.sh:20; tools/validate_analysis_outputs.py:233; REPOSITORY_FILE_CATALOG.md:646(doc); REPOSITORY_FILE_CATALOG.md:649(doc); docs/audits/FULL_PRODUCTION_CHANGE_JUSTIFICATION_AUDIT_20260730.md:241(doc),Validation/ValidatePairDirectory.C; setupEnv.sh,"run_status_analysis.sh:20; merge_root_files.sh:96,167,172; validate_analysis_outputs.py:233.",validate_pair_directory.sh:35-38 hardcodes the 300-file campaign shape.
Validation/validate_raw_output.sh,shell,46,2026-07-30,"Validation: pTHat sensitivity, pair-block closure, raw/plot contracts",ACTIVE,high,1,runCondorJob.sh:132; REPOSITORY_FILE_CATALOG.md:647(doc); REPOSITORY_FILE_CATALOG.md:650(doc); SimulationScripts/Simulation_README.md:336(doc); docs/audits/FULL_PRODUCTION_CHANGE_JUSTIFICATION_AUDIT_20260730.md:242(doc),Validation/ValidateRawOutput.C; setupEnv.sh,"Every production job: runCondorJob.sh:132,288,313. Immediate.",Handoff key-file table.
ValidationReports/NCH_CALIBRATION_20260730.md,markdown,34,2026-07-30,Calibrate N_ch against a published minimum-bias reference,SUPPORT,high,0,ValidationReports/NCH_CALIBRATION_PYTHIA8317_20260801.md:4(doc); ValidationReports/NCH_CALIBRATION_PYTHIA8317_20260801.md:68(doc); ValidationReports/PTHAT_MULTIPLICITY_SCAN_8317.md:4(doc),,Nothing. These are measurement records.,Evidence for published numbers; dependencies.conf:25 cites the junction-hang report.
ValidationReports/NCH_CALIBRATION_PYTHIA8317_20260801.md,markdown,73,2026-08-01,docs: add 8.317 N_ch calibration and junction-hang analysis reports,SUPPORT,high,0,,,Nothing. These are measurement records.,Evidence for published numbers; dependencies.conf:25 cites the junction-hang report.
ValidationReports/PREPRODUCTION_GATE_REPORT_20260730.md,markdown,427,2026-07-30,Redefine event activity as a real charged-particle multiplicity,SUPPORT,high,0,PlottingScripts/validation/FINAL_PLOTTING_HANDOFF.md:11(doc); REPOSITORY_FILE_CATALOG.md:642(doc); REPOSITORY_FILE_CATALOG.md:651(doc); REPOSITORY_FILE_CATALOG.md:690(doc); REPOSITORY_FILE_CATALOG.md:697(doc); docs/audits/FULL_PRODUCTION_CHANGE_JUSTIFICATION_AUDIT_20260730.md:258(doc),,Nothing. These are measurement records.,Evidence for published numbers; dependencies.conf:25 cites the junction-hang report.
ValidationReports/PTHAT_MULTIPLICITY_SCAN_8317.md,markdown,160,2026-08-03,"Correct the pTHat cost claim: trigger yield rises, it does not fall",SUPPORT,high,4,SimulationScripts/pythiasettings_Hard_Low_ccbb_CLOSEPACKING.cmnd:83; SimulationScripts/pythiasettings_Hard_Low_ccbb_JUNCTIONS.cmnd:67; SimulationScripts/pythiasettings_Hard_Low_ccbb_JUNCTIONS_MATCHED.cmnd:86; SimulationScripts/pythiasettings_Hard_Low_ccbb_MONASH.cmnd:46; REPRODUCIBILITY.md:25(doc),,Nothing. These are measurement records.,Evidence for published numbers; dependencies.conf:25 cites the junction-hang report.
ValidationReports/PYTHIA_JUNCTION_HANG_20260731.md,markdown,297,2026-08-01,docs: add 8.317 N_ch calibration and junction-hang analysis reports,SUPPORT,high,1,config/dependencies.conf:25; docs/DESIGN_AND_RATIONALE.md:308(doc),,Nothing. These are measurement records.,Evidence for published numbers; dependencies.conf:25 cites the junction-hang report.
config/dataset_selector.json,json,24,2026-07-30,"Config: PDG-2025 species reference, pTHat and robustness contracts",ACTIVE,high,5,PlottingScripts/run_paper_plots.sh:45; PlottingScripts/run_paper_plots.sh:125; docs/templates/PUBLICATION_DATASET_AUTHORIZATION.template.json:2; tests/test_dataset_selector.py:11; tools/dataset_selector.py:131; PlottingScripts/PAPER_FIGURE_PROVENANCE.md:24(doc); PlottingScripts/README.md:76(doc); REPOSITORY_FILE_CATALOG.md:652(doc) (+2 more),,run_paper_plots.sh:125 default selector; tests/test_dataset_selector.py. Immediate.,
config/dependencies.conf,config,69,2026-08-01,"env: migrate to stock PYTHIA 8.317, add rpath, extract dependency config",ACTIVE,high,10,Validation/ValidateRawOutput.C:553; setupEnv.sh:4; setupEnv.sh:43; tools/campaign.py:153; tools/campaign.py:166; tools/doctor.sh:5; tools/doctor.sh:27; tools/doctor.sh:28 (+7 more),ValidationReports/PYTHIA_JUNCTION_HANG_20260731.md; setupEnv.sh,setupEnv.sh and doctor.sh resolve nothing. Immediate.,Handoff key-file table.
config/dependencies.local.conf.example,config-example,35,2026-08-03,Restore the runnable pipeline; add portable Makefile and doctor,ACTIVE,medium,2,Makefile:105; setupEnv.sh:7; docs/DESIGN_AND_RATIONALE.md:329(doc),,make setup (Makefile:105) fails. Immediate.,Template for the untracked local conf.
config/heavy_flavour_pair_registry_v1.json,json,4208,2026-07-31,Exclude review-blocked species from central results,ACTIVE,high,5,config/pthat_sensitivity_v1.json:128; config/statistical_robustness_v1.json:31; tests/test_plot_reference_multiplicity_contract.py:19; tests/test_registry.py:21; tools/generate_registry_artifacts.py:324; REPOSITORY_FILE_CATALOG.md:653(doc); SimulationScripts/Simulation_README.md:49(doc); docs/audits/FULL_PRODUCTION_CHANGE_JUSTIFICATION_AUDIT_20260730.md:265(doc),,make registry; generate_registry_artifacts.py inputs. Immediate.,Signed registries feeding the generated headers.
config/heavy_flavour_species_v1.json,json,613,2026-07-31,Exclude review-blocked species from central results,ACTIVE,high,9,SimulationScripts/GeneratedHeavyFlavourRegistry.h:23; config/pair_registry_definition_v1.json:3; config/pthat_sensitivity_v1.json:131; tests/test_pdg_species_audit.py:16; tests/test_registry.py:20; tools/generate_registry_artifacts.py:184; tools/generate_registry_artifacts.py:321; tools/pdg_2025_species_audit.py:35 (+9 more),,make registry; generate_registry_artifacts.py inputs. Immediate.,Signed registries feeding the generated headers.
config/pair_registry_definition_v1.json,json,86,2026-07-30,Implement publication-grade production and analysis contracts,ACTIVE,high,2,tests/test_registry.py:24; tools/generate_registry_artifacts.py:322; REPOSITORY_FILE_CATALOG.md:654(doc); REPOSITORY_FILE_CATALOG.md:655(doc); docs/audits/FULL_PRODUCTION_CHANGE_JUSTIFICATION_AUDIT_20260730.md:267(doc),config/heavy_flavour_species_v1.json,make registry; generate_registry_artifacts.py inputs. Immediate.,Signed registries feeding the generated headers.
config/pdg_2025_species_reference_v1.json,json,2517,2026-07-30,"Config: PDG-2025 species reference, pTHat and robustness contracts",ACTIVE,high,2,tests/test_pdg_species_audit.py:17; tools/pdg_2025_species_audit.py:36; PUBLICATION_READY_CODING_AGENT_INSTRUCTIONS.md:439(doc); SimulationScripts/Simulation_README.md:61(doc); SimulationScripts/Simulation_README.md:77(doc); SimulationScripts/Simulation_README.md:94(doc); ValidationReports/PREPRODUCTION_GATE_REPORT_20260730.md:109(doc); ValidationReports/PREPRODUCTION_GATE_REPORT_20260730.md:125(doc) (+1 more),tools/pdg_2025_species_audit.py,make registry; generate_registry_artifacts.py inputs. Immediate.,Signed registries feeding the generated headers.
config/pthat_sensitivity_v1.json,json,248,2026-07-31,Record the Gate-B owner approval in the exact required schema,ACTIVE-DORMANT,medium,5,tests/test_pthat_sensitivity.py:38; tests/test_pthat_sensitivity.py:953; tools/evaluate_pthat_sensitivity.py:403; tools/evaluate_pthat_sensitivity.py:2006; tools/evaluate_pthat_sensitivity.py:2039; SimulationScripts/Simulation_README.md:190(doc); docs/audits/FULL_PRODUCTION_CHANGE_JUSTIFICATION_AUDIT_20260730.md:269(doc); docs/audits/FULL_PRODUCTION_CHANGE_JUSTIFICATION_AUDIT_20260730.md:410(doc),config/heavy_flavour_pair_registry_v1.json; config/heavy_flavour_species_v1.json,evaluate_pthat_sensitivity.py + tests/test_pthat_sensitivity.py. Test failure.,
config/statistical_robustness_v1.json,json,182,2026-08-03,Set pTHatMin to 2.0: make the multiplicity classes interpretable,ACTIVE-DORMANT,medium,12,tests/test_final_origin_closure.py:142; tests/test_final_origin_closure.py:214; tests/test_statistical_robustness.py:35; tests/test_statistical_robustness.py:251; tests/test_statistical_robustness.py:371; tests/test_statistical_robustness.py:794; tests/test_statistical_robustness.py:834; tests/test_statistical_robustness.py:874 (+6 more),PlottingScripts/configuration_multiplicity_reduced_JUNCTIONS_THnSparse.json; config/heavy_flavour_pair_registry_v1.json,statistical_robustness.py + tests/test_statistical_robustness.py. Test failure.,
config/tune_difference_allowlist_v1.json,json,58,2026-08-03,Set pTHatMin to 2.0: make the multiplicity classes interpretable,ACTIVE,high,8,Makefile:132; tools/apply_card_config.py:4; tools/apply_card_config.py:37; tools/build_canonical_manifest.py:136; tools/evaluate_pthat_sensitivity.py:404; tools/generate_registry_artifacts.py:323; tools/statistical_robustness.py:353; tools/validate_tune_cards.py:99 (+6 more),,make cards / cards-current / set-pthat; raw files embed its checksum. Deleting it invalidates validation of all existing data.,SOURCE of shared card values; handoff key-file table.
docs/DESIGN_AND_RATIONALE.md,markdown,406,2026-08-01,campaign: canonical job size 1000 jobs x 100k successes per tune,SUPPORT,high,0,AnalysisScripts/Analysis_README.md:3(doc); PlottingScripts/README.md:3(doc); README.md:24(doc); REPRODUCIBILITY.md:10(doc); SimulationScripts/Simulation_README.md:3(doc),,Documentation only. Nothing executes.,Authoritative design record; the no-design-only-in-code rule.
docs/NIKHEF_BRINGUP.md,markdown,132,2026-08-03,Fill in the Nikhef bring-up checklist content,SUPPORT,high,0,README.md:21(doc); REPRODUCIBILITY.md:8(doc),,Documentation only. Nothing executes.,Cluster bring-up order.
docs/WORKSPACE.md,markdown,160,2026-08-03,Restore the runnable pipeline; add portable Makefile and doctor,SUPPORT,high,1,Makefile:5; README.md:19(doc); REPRODUCIBILITY.md:7(doc),,Documentation only. Nothing executes.,"Dependencies, paths, storage."
docs/audits/FULL_PRODUCTION_CHANGE_JUSTIFICATION_AUDIT_20260730.md,markdown,460,2026-07-30,"Docs, submit wrappers, and environment setup for the publication pipeline",UNSURE,low,0,,,Nothing. They are dated audit records.,"Gate-era audits. FULL_PRODUCTION_...20260730.md has zero inbound of any kind and is the sole referrer for the two LEGACY gate templates and ValidateGateDPilotAnalysis.C. Blocked on: keep as historical record, or delete with the gate layer?"
docs/audits/PRE_IMPLEMENTATION_SOURCE_OF_TRUTH_AUDIT.md,markdown,375,2026-07-30,Implement publication-grade production and analysis contracts,UNSURE,low,0,REPOSITORY_FILE_CATALOG.md:331(doc); REPOSITORY_FILE_CATALOG.md:658(doc); docs/audits/FULL_PRODUCTION_CHANGE_JUSTIFICATION_AUDIT_20260730.md:281(doc),,Nothing. They are dated audit records.,"Gate-era audits. FULL_PRODUCTION_...20260730.md has zero inbound of any kind and is the sole referrer for the two LEGACY gate templates and ValidateGateDPilotAnalysis.C. Blocked on: keep as historical record, or delete with the gate layer?"
docs/templates/FINAL_SCIENTIFIC_REVIEW.template.json,json,20,2026-07-30,"Docs, submit wrappers, and environment setup for the publication pipeline",LEGACY,high,0,docs/audits/FULL_PRODUCTION_CHANGE_JUSTIFICATION_AUDIT_20260730.md:282(doc),,Nothing. Zero code inbound.,"Gate-layer authorisation schemas. The consuming runners (tools/run_publication_gate_{a,b,c,d}.py) were deleted on physics-focus. Only mention is the gate-era audit doc. Last change cad683555 2026-07-30."
docs/templates/PUBLICATION_DATASET_AUTHORIZATION.template.json,json,47,2026-07-30,"Docs, submit wrappers, and environment setup for the publication pipeline",LEGACY,high,0,docs/audits/FULL_PRODUCTION_CHANGE_JUSTIFICATION_AUDIT_20260730.md:283(doc),config/dataset_selector.json,Nothing. Zero code inbound.,"Gate-layer authorisation schemas. The consuming runners (tools/run_publication_gate_{a,b,c,d}.py) were deleted on physics-focus. Only mention is the gate-era audit doc. Last change cad683555 2026-07-30."
make_subsamples.sh,shell,25,2026-07-30,"Docs, submit wrappers, and environment setup for the publication pipeline",ACTIVE-DORMANT,high,0,AnalysisScripts/Analysis_README.md:299(doc); AnalysisScripts/Analysis_README.md:303(doc); PUBLICATION_READY_CODING_AGENT_INSTRUCTIONS.md:1377(doc); PUBLICATION_READY_CODING_AGENT_INSTRUCTIONS.md:1420(doc); REPOSITORY_FILE_CATALOG.md:659(doc); docs/audits/FULL_PRODUCTION_CHANGE_JUSTIFICATION_AUDIT_20260730.md:92(doc); docs/audits/PRE_IMPLEMENTATION_SOURCE_OF_TRUTH_AUDIT.md:229(doc); docs/audits/PRE_IMPLEMENTATION_SOURCE_OF_TRUTH_AUDIT.md:351(doc),merge_root_files.sh,Compatibility entry point to the merge.,Execs merge_root_files.sh (:25).
merge_root_files.sh,shell,224,2026-08-03,Restore the runnable pipeline; add portable Makefile and doctor,ACTIVE-DORMANT,high,4,make_subsamples.sh:10; make_subsamples.sh:25; tests/test_pair_block_closure.py:17; tools/resubmit_held.py:13; AnalysisScripts/Analysis_README.md:270(doc); PUBLICATION_READY_CODING_AGENT_INSTRUCTIONS.md:1376(doc); README.md:88(doc); REPOSITORY_FILE_CATALOG.md:29(doc) (+5 more),AnalysisScripts/MergeCanonicalAnalysis.C; Validation/validate_pair_block_closure.sh; Validation/validate_pair_directory.sh; setupEnv.sh; tools/validate_analysis_outputs.py,The merge stage. NEVER a deletion candidate.,"BROKEN: calls deleted tools/merged_pair_provenance.py (:98,:169,:174) and reads block_NN.jsonl (:191) that make manifest never writes. Handoff next-step 4."
plotting_documentation.md,markdown,485,2026-07-30,"Docs, submit wrappers, and environment setup for the publication pipeline",UNSURE,low,0,PUBLICATION_READY_CODING_AGENT_INSTRUCTIONS.md:1764(doc); REPOSITORY_FILE_CATALOG.md:601(doc); REPOSITORY_FILE_CATALOG.md:663(doc); docs/audits/FULL_PRODUCTION_CHANGE_JUSTIFICATION_AUDIT_20260730.md:120(doc); docs/audits/PRE_IMPLEMENTATION_SOURCE_OF_TRUTH_AUDIT.md:142(doc),,Nothing.,17 KB plotting doc last changed cad683555 2026-07-30; overlaps PlottingScripts/README.md.
runCondorJob.sh,shell,339,2026-08-03,Resolve the data root before using it; separate in-flight from killed,ACTIVE,high,15,Makefile:113; submitCondor_10M.sub:4; submitCondor_10M.sub:31; submitCondor_hf_10M.sub:4; submitCondor_hf_10M.sub:37; submitCondor_hf_90M.sub:4; submitCondor_hf_90M.sub:36; submitCondor_hf_90M_resubmit_4181781_held38.sub:4 (+18 more),Validation/ValidateRawOutput.C; Validation/validate_raw_output.sh; setupEnv.sh; tools/campaign.py,Every production job fails at Condor start; submit files name it as executable.,render_production_submit.py:271; Nikhef submit_HF_PT2_smoke.sub:2.
run_status_analysis.sh,shell,373,2026-08-03,Restore the runnable pipeline; add portable Makefile and doctor,ACTIVE,high,2,tests/test_analysis_raw_input_contract.py:21; tools/render_analysis_submit.py:177; AnalysisScripts/Analysis_README.md:114(doc); PUBLICATION_READY_CODING_AGENT_INSTRUCTIONS.md:1537(doc); REPOSITORY_FILE_CATALOG.md:661(doc); REPOSITORY_FILE_CATALOG.md:666(doc); REPOSITORY_FILE_CATALOG.md:676(doc); REPOSITORY_FILE_CATALOG.md:678(doc) (+3 more),AnalysisScripts/status_analysis_THnSparse_qq.C; Validation/validate_pair_directory.sh; setupEnv.sh,Analysis Condor jobs fail; render_analysis_submit.py:277 names it as executable.,Carries the raw_v5/v7 defect (see report F5).
setupEnv.sh,shell,212,2026-08-03,Export the pinned versions so the ROOT validator sees them,ACTIVE,high,50,AnalysisScripts/CountEvents/count_events.sh:18; AnalysisScripts/CountEvents/count_events.sh:20; AnalysisScripts/run_bb_analysis.sh:56; AnalysisScripts/run_bb_analysis.sh:57; AnalysisScripts/run_bb_analysis.sh:62; AnalysisScripts/run_cc_analysis.sh:58; AnalysisScripts/run_cc_analysis.sh:59; AnalysisScripts/run_cc_analysis.sh:64 (+223 more),config/dependencies.conf; config/dependencies.local.conf.example,"Producer build, every ROOT macro, every worker. Immediate.","Sourced by runCondorJob.sh:169, build_producer.sh:11, run_status_analysis.sh:146, merge_root_files.sh:30, run_paper_plots.sh:270, all 4 Validation/*.sh."
submitCondor_10M.sub,condor-submit,80,2026-05-14,Point Condor templates at Nikhef main checkout,LEGACY,high,1,update_submit_paths.sh:31; REPOSITORY_FILE_CATALOG.md:669(doc),runCondorJob.sh; setupEnv.sh,Nothing. They cannot run: runCondorJob.sh:27-31 requires $1 == '--campaign' and exactly 15 args; these pass 4-5 positional args.,"Pre-campaign submit stack. Also hardcode executable=/data/alice/ipardoza/Hadronization-main, a checkout path that no longer exists, violating the Makefile:4-5 / WORKSPACE rule that no tracked script contains a machine-specific path. Only inbound: update_submit_paths.sh."
submitCondor_hf_10M.sub,condor-submit,65,2026-07-05,Harden HF Condor retries and resubmit missing jobs,LEGACY,high,1,update_submit_paths.sh:32; REPOSITORY_FILE_CATALOG.md:670(doc),runCondorJob.sh; setupEnv.sh,Nothing. They cannot run: runCondorJob.sh:27-31 requires $1 == '--campaign' and exactly 15 args; these pass 4-5 positional args.,"Pre-campaign submit stack. Also hardcode executable=/data/alice/ipardoza/Hadronization-main, a checkout path that no longer exists, violating the Makefile:4-5 / WORKSPACE rule that no tracked script contains a machine-specific path. Only inbound: update_submit_paths.sh."
submitCondor_hf_90M.sub,condor-submit,224,2026-07-05,Harden HF Condor retries and resubmit missing jobs,LEGACY,high,1,update_submit_paths.sh:33; REPOSITORY_FILE_CATALOG.md:671(doc),runCondorJob.sh; setupEnv.sh,Nothing. They cannot run: runCondorJob.sh:27-31 requires $1 == '--campaign' and exactly 15 args; these pass 4-5 positional args.,"Pre-campaign submit stack. Also hardcode executable=/data/alice/ipardoza/Hadronization-main, a checkout path that no longer exists, violating the Makefile:4-5 / WORKSPACE rule that no tracked script contains a machine-specific path. Only inbound: update_submit_paths.sh."
submitCondor_hf_90M_resubmit_4181781_held38.sub,condor-submit,65,2026-05-14,Point Condor templates at Nikhef main checkout,LEGACY,high,1,update_submit_paths.sh:34; REPOSITORY_FILE_CATALOG.md:672(doc),runCondorJob.sh,Nothing. They cannot run: runCondorJob.sh:27-31 requires $1 == '--campaign' and exactly 15 args; these pass 4-5 positional args.,"Pre-campaign submit stack. Also hardcode executable=/data/alice/ipardoza/Hadronization-main, a checkout path that no longer exists, violating the Makefile:4-5 / WORKSPACE rule that no tracked script contains a machine-specific path. Only inbound: update_submit_paths.sh."
submitCondor_hf_CLOSEPACKING_100M.sub,condor-submit,44,2026-07-05,Harden HF Condor retries and resubmit missing jobs,LEGACY,high,1,update_submit_paths.sh:35; REPOSITORY_FILE_CATALOG.md:673(doc),runCondorJob.sh; setupEnv.sh,Nothing. They cannot run: runCondorJob.sh:27-31 requires $1 == '--campaign' and exactly 15 args; these pass 4-5 positional args.,"Pre-campaign submit stack. Also hardcode executable=/data/alice/ipardoza/Hadronization-main, a checkout path that no longer exists, violating the Makefile:4-5 / WORKSPACE rule that no tracked script contains a machine-specific path. Only inbound: update_submit_paths.sh."
submitCondor_hf_missing_4862182_resubmit.sub,condor-submit,74,2026-07-05,Harden HF Condor retries and resubmit missing jobs,LEGACY,high,0,REPOSITORY_FILE_CATALOG.md:674(doc),runCondorJob.sh,Nothing. They cannot run: runCondorJob.sh:27-31 requires $1 == '--campaign' and exactly 15 args; these pass 4-5 positional args.,"Pre-campaign submit stack. Also hardcode executable=/data/alice/ipardoza/Hadronization-main, a checkout path that no longer exists, violating the Makefile:4-5 / WORKSPACE rule that no tracked script contains a machine-specific path. Only inbound: update_submit_paths.sh."
submit_status_analysis.sh,shell,64,2026-08-03,Restore the runnable pipeline; add portable Makefile and doctor,ACTIVE,high,0,AnalysisScripts/Analysis_README.md:175(doc); AnalysisScripts/Analysis_README.md:186(doc); PUBLICATION_READY_CODING_AGENT_INSTRUCTIONS.md:1375(doc); README.md:87(doc); REPOSITORY_FILE_CATALOG.md:648(doc); REPOSITORY_FILE_CATALOG.md:678(doc); REPOSITORY_FILE_CATALOG.md:693(doc); docs/audits/FULL_PRODUCTION_CHANGE_JUSTIFICATION_AUDIT_20260730.md:98(doc),Validation/validate_canonical_manifest.sh; tools/render_analysis_submit.py; tools/validate_analysis_outputs.py,Handoff next-step 3 command stops working. Immediate.,Named in handoff data-flow block and next-steps.
tests/test_analysis_boundary_binning.py,python,52,2026-07-30,Tooling and tests: publication gate runners A-D and supporting contracts,ACTIVE,high,0,docs/audits/FULL_PRODUCTION_CHANGE_JUSTIFICATION_AUDIT_20260730.md:292(doc),AnalysisScripts/status_analysis_THnSparse_qq.C,"make test / make check: Makefile:117 globs tests/test_*.py, so every file here is executed by target discovery.","Reached by glob, never by name. Makefile:117 globs tests/test_*.py = 21 files; the 3 .cpp files here are NOT run by make test."
tests/test_analysis_raw_input_contract.py,python,91,2026-08-01,Decouple the surviving tools from the deleted gate layer,ACTIVE,high,0,docs/audits/FULL_PRODUCTION_CHANGE_JUSTIFICATION_AUDIT_20260730.md:293(doc),AnalysisScripts/status_analysis_THnSparse_qq.C; Validation/TestAnalysisRawInputContract.C; run_status_analysis.sh; tools/render_analysis_submit.py; tools/validate_analysis_outputs.py,"make test / make check: Makefile:117 globs tests/test_*.py, so every file here is executed by target discovery.","Reached by glob, never by name. Makefile:117 globs tests/test_*.py = 21 files; the 3 .cpp files here are NOT run by make test."
tests/test_associate_origin_category.cpp,cpp-source,27,2026-07-30,Tooling and tests: publication gate runners A-D and supporting contracts,ACTIVE,high,1,tests/test_associate_origin_category_contract.py:28; docs/audits/FULL_PRODUCTION_CHANGE_JUSTIFICATION_AUDIT_20260730.md:294(doc),AnalysisScripts/AssociateOriginCategoryContract.h,"make test / make check: Makefile:117 globs tests/test_*.py, so every file here is executed by target discovery.","Reached by glob, never by name. Makefile:117 globs tests/test_*.py = 21 files; the 3 .cpp files here are NOT run by make test."
tests/test_associate_origin_category_contract.py,python,49,2026-07-30,Tooling and tests: publication gate runners A-D and supporting contracts,ACTIVE,high,0,docs/audits/FULL_PRODUCTION_CHANGE_JUSTIFICATION_AUDIT_20260730.md:295(doc),tests/test_associate_origin_category.cpp,"make test / make check: Makefile:117 globs tests/test_*.py, so every file here is executed by target discovery.","Reached by glob, never by name. Makefile:117 globs tests/test_*.py = 21 files; the 3 .cpp files here are NOT run by make test."
tests/test_dataset_selector.py,python,135,2026-08-01,Decouple the surviving tools from the deleted gate layer,ACTIVE,high,0,REPOSITORY_FILE_CATALOG.md:681(doc); docs/audits/FULL_PRODUCTION_CHANGE_JUSTIFICATION_AUDIT_20260730.md:299(doc),config/dataset_selector.json; tools/dataset_selector.py,"make test / make check: Makefile:117 globs tests/test_*.py, so every file here is executed by target discovery.","Reached by glob, never by name. Makefile:117 globs tests/test_*.py = 21 files; the 3 .cpp files here are NOT run by make test."
tests/test_external_header_warning_contract.py,python,24,2026-07-30,Tooling and tests: publication gate runners A-D and supporting contracts,ACTIVE,high,0,docs/audits/FULL_PRODUCTION_CHANGE_JUSTIFICATION_AUDIT_20260730.md:300(doc),Makefile; SimulationScripts/Makefile,"make test / make check: Makefile:117 globs tests/test_*.py, so every file here is executed by target discovery.","Reached by glob, never by name. Makefile:117 globs tests/test_*.py = 21 files; the 3 .cpp files here are NOT run by make test."
tests/test_final_origin_closure.py,python,246,2026-07-30,"raw_v7: auxiliary light-hadron compensation grid, and permanent N_ch calibration",ACTIVE,high,0,docs/audits/FULL_PRODUCTION_CHANGE_JUSTIFICATION_AUDIT_20260730.md:301(doc),Validation/AuditOriginResolution.C; config/statistical_robustness_v1.json; tools/final_origin_closure.py,"make test / make check: Makefile:117 globs tests/test_*.py, so every file here is executed by target discovery.","Reached by glob, never by name. Makefile:117 globs tests/test_*.py = 21 files; the 3 .cpp files here are NOT run by make test."
tests/test_heavy_flavour_utils.cpp,cpp-source,410,2026-07-30,"raw_v7: auxiliary light-hadron compensation grid, and permanent N_ch calibration",ACTIVE,high,0,REPOSITORY_FILE_CATALOG.md:682(doc); docs/audits/FULL_PRODUCTION_CHANGE_JUSTIFICATION_AUDIT_20260730.md:307(doc),SimulationScripts/GeneratedHeavyFlavourRegistry.h; SimulationScripts/HeavyFlavourUtils.h; SimulationScripts/Sha256.h,"make test / make check: Makefile:117 globs tests/test_*.py, so every file here is executed by target discovery.","Reached by glob, never by name. Makefile:117 globs tests/test_*.py = 21 files; the 3 .cpp files here are NOT run by make test."
tests/test_observable_contract.py,python,43,2026-07-30,Implement publication-grade production and analysis contracts,ACTIVE,high,0,REPOSITORY_FILE_CATALOG.md:683(doc); docs/audits/FULL_PRODUCTION_CHANGE_JUSTIFICATION_AUDIT_20260730.md:308(doc),,"make test / make check: Makefile:117 globs tests/test_*.py, so every file here is executed by target discovery.","Reached by glob, never by name. Makefile:117 globs tests/test_*.py = 21 files; the 3 .cpp files here are NOT run by make test."
tests/test_pair_block_closure.py,python,65,2026-07-30,Tooling and tests: publication gate runners A-D and supporting contracts,ACTIVE,high,0,docs/audits/FULL_PRODUCTION_CHANGE_JUSTIFICATION_AUDIT_20260730.md:309(doc),Validation/ValidatePairBlockClosure.C; Validation/validate_pair_block_closure.sh; merge_root_files.sh,"make test / make check: Makefile:117 globs tests/test_*.py, so every file here is executed by target discovery.","Reached by glob, never by name. Makefile:117 globs tests/test_*.py = 21 files; the 3 .cpp files here are NOT run by make test."
tests/test_pair_selection_contract_parity.py,python,95,2026-07-30,Tooling and tests: publication gate runners A-D and supporting contracts,ACTIVE,high,0,docs/audits/FULL_PRODUCTION_CHANGE_JUSTIFICATION_AUDIT_20260730.md:310(doc),PlottingScripts/PairInputSelectionUtils.h; PlottingScripts/improvedPlotting_THnSparse.C,"make test / make check: Makefile:117 globs tests/test_*.py, so every file here is executed by target discovery.","Reached by glob, never by name. Makefile:117 globs tests/test_*.py = 21 files; the 3 .cpp files here are NOT run by make test."
tests/test_pair_trigger_identity.py,python,49,2026-07-30,Tooling and tests: publication gate runners A-D and supporting contracts,ACTIVE,high,0,docs/audits/FULL_PRODUCTION_CHANGE_JUSTIFICATION_AUDIT_20260730.md:311(doc),Validation/ValidatePairDirectory.C,"make test / make check: Makefile:117 globs tests/test_*.py, so every file here is executed by target discovery.","Reached by glob, never by name. Makefile:117 globs tests/test_*.py = 21 files; the 3 .cpp files here are NOT run by make test."
tests/test_pdg_species_audit.py,python,238,2026-08-01,Decouple the surviving tools from the deleted gate layer,ACTIVE,high,0,docs/audits/FULL_PRODUCTION_CHANGE_JUSTIFICATION_AUDIT_20260730.md:312(doc),Validation/AuditSpeciesRegistry.C; config/heavy_flavour_species_v1.json; config/pdg_2025_species_reference_v1.json; tools/pdg_2025_species_audit.py,"make test / make check: Makefile:117 globs tests/test_*.py, so every file here is executed by target discovery.","Reached by glob, never by name. Makefile:117 globs tests/test_*.py = 21 files; the 3 .cpp files here are NOT run by make test."
tests/test_plot_dataset_integration.py,python,386,2026-07-30,"raw_v7: auxiliary light-hadron compensation grid, and permanent N_ch calibration",ACTIVE,high,0,docs/audits/FULL_PRODUCTION_CHANGE_JUSTIFICATION_AUDIT_20260730.md:313(doc),PlottingScripts/Plot_InclusiveKinematicSpectra_Raw.C; PlottingScripts/Plot_MultiplicityDistribution_PercentileBoundaries.C; PlottingScripts/Validate_THnSparse_Production.C; PlottingScripts/configuration_multiplicity_reduced_JUNCTIONS_THnSparse.json,"make test / make check: Makefile:117 globs tests/test_*.py, so every file here is executed by target discovery.","Reached by glob, never by name. Makefile:117 globs tests/test_*.py = 21 files; the 3 .cpp files here are NOT run by make test."
tests/test_plot_reference_multiplicity_contract.py,python,297,2026-07-30,Tooling and tests: publication gate runners A-D and supporting contracts,ACTIVE,high,0,docs/audits/FULL_PRODUCTION_CHANGE_JUSTIFICATION_AUDIT_20260730.md:314(doc),AnalysisScripts/GeneratedPairRegistry.h; PlottingScripts/MultiplicityBoundaryUtils.h; PlottingScripts/Plot_MultiplicityDistribution_PercentileBoundaries.C; PlottingScripts/configuration_multiplicity_reduced_JUNCTIONS_THnSparse.json; PlottingScripts/configuration_multiplicity_reduced_JUNCTIONS_THnSparse_complete_root.json; PlottingScripts/improvedPlotting_THnSparse.C; PlottingScripts/run_paper_plots.sh; Validation/TestPlotReferenceMultiplicityContracts.C,"make test / make check: Makefile:117 globs tests/test_*.py, so every file here is executed by target discovery.","Reached by glob, never by name. Makefile:117 globs tests/test_*.py = 21 files; the 3 .cpp files here are NOT run by make test."
tests/test_pthat_sensitivity.py,python,1011,2026-07-31,Decouple the pTHat approval guardrail tests from the shipped spec state,ACTIVE,high,0,docs/audits/FULL_PRODUCTION_CHANGE_JUSTIFICATION_AUDIT_20260730.md:315(doc),config/pthat_sensitivity_v1.json,"make test / make check: Makefile:117 globs tests/test_*.py, so every file here is executed by target discovery.","Reached by glob, never by name. Makefile:117 globs tests/test_*.py = 21 files; the 3 .cpp files here are NOT run by make test."
tests/test_pythia_runtime.cpp,cpp-source,20,2026-07-30,Tooling and tests: publication gate runners A-D and supporting contracts,ACTIVE,high,1,tests/test_pythia_runtime_contract.py:50; docs/audits/FULL_PRODUCTION_CHANGE_JUSTIFICATION_AUDIT_20260730.md:320(doc),,"make test / make check: Makefile:117 globs tests/test_*.py, so every file here is executed by target discovery.","Reached by glob, never by name. Makefile:117 globs tests/test_*.py = 21 files; the 3 .cpp files here are NOT run by make test."
tests/test_pythia_runtime_contract.py,python,80,2026-07-30,Tooling and tests: publication gate runners A-D and supporting contracts,ACTIVE,high,0,SimulationScripts/Simulation_README.md:20(doc); docs/audits/FULL_PRODUCTION_CHANGE_JUSTIFICATION_AUDIT_20260730.md:321(doc),tests/test_pythia_runtime.cpp,"make test / make check: Makefile:117 globs tests/test_*.py, so every file here is executed by target discovery.","Reached by glob, never by name. Makefile:117 globs tests/test_*.py = 21 files; the 3 .cpp files here are NOT run by make test."
tests/test_raw_v5_resource_contract.py,python,135,2026-07-30,Redefine event activity as a real charged-particle multiplicity,ACTIVE,high,0,docs/audits/FULL_PRODUCTION_CHANGE_JUSTIFICATION_AUDIT_20260730.md:322(doc),SimulationScripts/heavyflavourcorrelations_status.cpp; Validation/ValidateRawOutput.C,"make test / make check: Makefile:117 globs tests/test_*.py, so every file here is executed by target discovery.","Reached by glob, never by name. Makefile:117 globs tests/test_*.py = 21 files; the 3 .cpp files here are NOT run by make test."
tests/test_registry.py,python,112,2026-07-30,Redefine event activity as a real charged-particle multiplicity,ACTIVE,high,0,REPOSITORY_FILE_CATALOG.md:657(doc); REPOSITORY_FILE_CATALOG.md:684(doc); docs/audits/FULL_PRODUCTION_CHANGE_JUSTIFICATION_AUDIT_20260730.md:322(doc),PlottingScripts/configuration_multiplicity_reduced_JUNCTIONS_THnSparse.json; PlottingScripts/configuration_multiplicity_reduced_JUNCTIONS_THnSparse_complete_root.json; config/heavy_flavour_pair_registry_v1.json; config/heavy_flavour_species_v1.json; config/pair_registry_definition_v1.json; tools/generate_registry_artifacts.py,"make test / make check: Makefile:117 globs tests/test_*.py, so every file here is executed by target discovery.","Reached by glob, never by name. Makefile:117 globs tests/test_*.py = 21 files; the 3 .cpp files here are NOT run by make test."
tests/test_setup_environment_contract.py,python,28,2026-07-30,Tooling and tests: publication gate runners A-D and supporting contracts,ACTIVE,high,0,docs/audits/FULL_PRODUCTION_CHANGE_JUSTIFICATION_AUDIT_20260730.md:323(doc),setupEnv.sh,"make test / make check: Makefile:117 globs tests/test_*.py, so every file here is executed by target discovery.","Reached by glob, never by name. Makefile:117 globs tests/test_*.py = 21 files; the 3 .cpp files here are NOT run by make test."
tests/test_statistical_robustness.py,python,946,2026-07-30,Tooling and tests: publication gate runners A-D and supporting contracts,ACTIVE,high,0,docs/audits/FULL_PRODUCTION_CHANGE_JUSTIFICATION_AUDIT_20260730.md:324(doc),PlottingScripts/MultiplicityBoundaryUtils.h; PlottingScripts/improvedPlotting_THnSparse.C; config/statistical_robustness_v1.json; tools/statistical_robustness.py,"make test / make check: Makefile:117 globs tests/test_*.py, so every file here is executed by target discovery.","Reached by glob, never by name. Makefile:117 globs tests/test_*.py = 21 files; the 3 .cpp files here are NOT run by make test."
tests/test_submit_rendering.py,python,173,2026-08-03,Raise the CPU guard: a tight cut would bias against junction-dense events,ACTIVE,high,0,REPOSITORY_FILE_CATALOG.md:685(doc); REPOSITORY_FILE_CATALOG.md:694(doc); docs/audits/FULL_PRODUCTION_CHANGE_JUSTIFICATION_AUDIT_20260730.md:326(doc),tools/render_production_submit.py,"make test / make check: Makefile:117 globs tests/test_*.py, so every file here is executed by target discovery.","Reached by glob, never by name. Makefile:117 globs tests/test_*.py = 21 files; the 3 .cpp files here are NOT run by make test."
tests/test_validate_raw_output_strict_compile.py,python,78,2026-07-30,Tooling and tests: publication gate runners A-D and supporting contracts,ACTIVE,high,0,docs/audits/FULL_PRODUCTION_CHANGE_JUSTIFICATION_AUDIT_20260730.md:328(doc),Validation/ValidateRawOutput.C,"make test / make check: Makefile:117 globs tests/test_*.py, so every file here is executed by target discovery.","Reached by glob, never by name. Makefile:117 globs tests/test_*.py = 21 files; the 3 .cpp files here are NOT run by make test."
tools/apply_card_config.py,python,151,2026-08-03,Declare shared card settings once and propagate them,ACTIVE,high,2,Makefile:136; Makefile:140,config/statistical_robustness_v1.json; config/tune_difference_allowlist_v1.json; tools/generate_registry_artifacts.py,"make cards-current, make set-pthat, and therefore make check. Immediate.","Makefile:136,140. Only file differing between Nikhef and physics-focus that is code."
tools/build_canonical_manifest.py,python,295,2026-08-03,Manifest paths are relative to the campaign directory,ACTIVE,high,1,Makefile:207; README.md:37(doc); README.md:202(doc),Validation/ValidateCanonicalRawManifest.C; config/tune_difference_allowlist_v1.json; tools/campaign_status.py; tools/render_analysis_submit.py; tools/resubmit_held.py,make manifest. Immediate.,Makefile:207. Writes canonical_manifest.jsonl + freeze_seal.json ONLY.
tools/build_producer.sh,shell,44,2026-07-30,"Producer: raw-v5 schema, tune-settings registry, SHA-256 provenance",ACTIVE,high,1,Makefile:111; REPOSITORY_FILE_CATALOG.md:686(doc); SimulationScripts/Simulation_README.md:21(doc); SimulationScripts/Simulation_README.md:34(doc); docs/audits/FULL_PRODUCTION_CHANGE_JUSTIFICATION_AUDIT_20260730.md:337(doc),setupEnv.sh,make build. Immediate.,Makefile:111.
tools/campaign.py,python,329,2026-08-03,"Renderer resolves the production root from config, not the environment",ACTIVE,high,4,runCondorJob.sh:211; runCondorJob.sh:218; tools/render_production_submit.py:5; tools/resubmit_held.py:7; README.md:200(doc); docs/NIKHEF_BRINGUP.md:73(doc),AnalysisScripts/MergeCanonicalAnalysis.C; Validation/ValidateCanonicalRawManifest.C; config/dependencies.conf; setupEnv.sh; tools/resubmit_held.py,"runCondorJob.sh:211,218 card materialisation; seeds; production-root resolution. Immediate.",Handoff key-file table.
tools/campaign_status.py,python,308,2026-08-03,Say plainly that no_verdict also covers operator removals,ACTIVE,high,3,Makefile:190; Makefile:194; tools/build_canonical_manifest.py:13; README.md:201(doc); REPRODUCIBILITY.md:94(doc),,make status / status-full. Immediate.,"Makefile:190,194; handoff next-step 1."
tools/dataset_selector.py,python,177,2026-08-01,Decouple the surviving tools from the deleted gate layer,ACTIVE,high,4,PlottingScripts/Plot_InclusiveKinematicSpectra_Raw.C:444; PlottingScripts/run_paper_plots.sh:131; PlottingScripts/run_paper_plots.sh:135; tests/test_dataset_selector.py:10; PlottingScripts/README.md:80(doc); PlottingScripts/README.md:81(doc); PlottingScripts/README.md:82(doc); REPOSITORY_FILE_CATALOG.md:681(doc) (+7 more),config/dataset_selector.json,"run_paper_plots.sh:131,135 fail-closed dataset selection. Immediate.",Also tests/test_dataset_selector.py.
tools/doctor.sh,shell,126,2026-08-03,Restore the runnable pipeline; add portable Makefile and doctor,ACTIVE,high,1,Makefile:99; README.md:202(doc),config/dependencies.conf,make doctor. Immediate.,Makefile:99.
tools/evaluate_pthat_sensitivity.py,python,2124,2026-07-30,Tooling and tests: publication gate runners A-D and supporting contracts,ACTIVE-DORMANT,high,0,README.md:131(doc); ValidationReports/PYTHIA_JUNCTION_HANG_20260731.md:145(doc); docs/NIKHEF_BRINGUP.md:124(doc); docs/audits/FULL_PRODUCTION_CHANGE_JUSTIFICATION_AUDIT_20260730.md:340(doc),Validation/PTHatSensitivity.C; config/pthat_sensitivity_v1.json; config/tune_difference_allowlist_v1.json,The pTHat sensitivity evaluation. Handoff names it explicitly as deliberately parked.,2124 lines; consumes Validation/PTHatSensitivity.C and config/pthat_sensitivity_v1.json.
tools/final_origin_closure.py,python,808,2026-07-30,Tooling and tests: publication gate runners A-D and supporting contracts,ACTIVE-DORMANT,high,1,tests/test_final_origin_closure.py:16; docs/audits/FULL_PRODUCTION_CHANGE_JUSTIFICATION_AUDIT_20260730.md:301(doc); docs/audits/FULL_PRODUCTION_CHANGE_JUSTIFICATION_AUDIT_20260730.md:340(doc),Validation/AuditOriginResolution.C; config/statistical_robustness_v1.json,tests/test_final_origin_closure.py fails -> make check fails. Test failure.,
tools/generate_registry_artifacts.py,python,426,2026-07-31,Exclude review-blocked species from central results,ACTIVE,high,6,AnalysisScripts/GeneratedPairRegistry.h:1; Makefile:145; SimulationScripts/GeneratedHeavyFlavourRegistry.h:1; SimulationScripts/GeneratedTuneSettingRegistry.h:1; tests/test_registry.py:17; tools/apply_card_config.py:128; REPOSITORY_FILE_CATALOG.md:655(doc); REPOSITORY_FILE_CATALOG.md:657(doc) (+3 more),AnalysisScripts/GeneratedPairRegistry.h; SimulationScripts/GeneratedHeavyFlavourRegistry.h; SimulationScripts/GeneratedTuneSettingRegistry.h; config/heavy_flavour_pair_registry_v1.json; config/heavy_flavour_species_v1.json; config/pair_registry_definition_v1.json; config/tune_difference_allowlist_v1.json,make registry; apply_card_config.py:128. Immediate.,Generates the 3 SimulationScripts/Generated*.h headers.
tools/pdg_2025_species_audit.py,python,948,2026-07-30,Tooling and tests: publication gate runners A-D and supporting contracts,ACTIVE-DORMANT,high,2,config/pdg_2025_species_reference_v1.json:5; tests/test_pdg_species_audit.py:15; PUBLICATION_READY_CODING_AGENT_INSTRUCTIONS.md:438(doc); SimulationScripts/Simulation_README.md:62(doc); SimulationScripts/Simulation_README.md:73(doc); SimulationScripts/Simulation_README.md:92(doc); ValidationReports/PREPRODUCTION_GATE_REPORT_20260730.md:108(doc); ValidationReports/PREPRODUCTION_GATE_REPORT_20260730.md:121(doc) (+2 more),config/heavy_flavour_species_v1.json; config/pdg_2025_species_reference_v1.json,tests/test_pdg_species_audit.py fails -> make check fails. Test failure.,
tools/render_analysis_submit.py,python,334,2026-08-01,Decouple the surviving tools from the deleted gate layer,ACTIVE,high,5,submit_status_analysis.sh:57; tests/test_analysis_raw_input_contract.py:22; tools/build_canonical_manifest.py:8; tools/build_canonical_manifest.py:38; tools/build_canonical_manifest.py:101; REPOSITORY_FILE_CATALOG.md:693(doc); docs/audits/FULL_PRODUCTION_CHANGE_JUSTIFICATION_AUDIT_20260730.md:346(doc),AnalysisScripts/status_analysis_THnSparse_qq.C; run_status_analysis.sh,submit_status_analysis.sh:57. Immediate.,Renders the analysis submit.
tools/render_production_submit.py,python,338,2026-08-03,"Renderer resolves the production root from config, not the environment",ACTIVE,high,6,Makefile:152; Makefile:163; Makefile:173; tests/test_submit_rendering.py:2; tests/test_submit_rendering.py:19; tools/resubmit_held.py:152; REPOSITORY_FILE_CATALOG.md:695(doc); docs/audits/FULL_PRODUCTION_CHANGE_JUSTIFICATION_AUDIT_20260730.md:348(doc),runCondorJob.sh; tools/campaign.py,make submit-smoke/prelim/full. Immediate.,"Makefile:152,163,173."
tools/resubmit_held.py,python,185,2026-08-03,Share the hang-guard marker; fix resubmit tune list and guard passthrough,ACTIVE,high,4,Makefile:200; tools/build_canonical_manifest.py:14; tools/build_canonical_manifest.py:123; tools/campaign.py:73; README.md:201(doc),merge_root_files.sh; tools/campaign.py; tools/render_production_submit.py,make resubmit. Immediate.,Makefile:200.
tools/statistical_robustness.py,python,2761,2026-07-30,"raw_v7: auxiliary light-hadron compensation grid, and permanent N_ch calibration",ACTIVE-DORMANT,high,1,tests/test_statistical_robustness.py:18; AnalysisScripts/Analysis_README.md:363(doc); README.md:131(doc); docs/NIKHEF_BRINGUP.md:123(doc); docs/audits/FULL_PRODUCTION_CHANGE_JUSTIFICATION_AUDIT_20260730.md:324(doc); docs/audits/FULL_PRODUCTION_CHANGE_JUSTIFICATION_AUDIT_20260730.md:352(doc),AnalysisScripts/status_analysis_THnSparse_qq.C; PlottingScripts/MultiplicityBoundaryUtils.h; PlottingScripts/improvedPlotting_THnSparse.C; Validation/AuditOriginResolution.C; config/heavy_flavour_species_v1.json; config/statistical_robustness_v1.json; config/tune_difference_allowlist_v1.json,"SOLE writer of block_NN.jsonl (:603), which merge_root_files.sh:191 requires. The merge would fail. Handoff calls this file merely 'oversized, untouched'.",Load-bearing for the merge despite never having run. Never a deletion candidate.
tools/validate_analysis_outputs.py,python,585,2026-08-03,Write a freeze seal; tolerate the gate-era validation receipt,ACTIVE,high,3,merge_root_files.sh:81; submit_status_analysis.sh:38; tests/test_analysis_raw_input_contract.py:23; AnalysisScripts/Analysis_README.md:214(doc); REPOSITORY_FILE_CATALOG.md:696(doc); docs/audits/FULL_PRODUCTION_CHANGE_JUSTIFICATION_AUDIT_20260730.md:352(doc),AnalysisScripts/GeneratedPairRegistry.h; AnalysisScripts/status_analysis_THnSparse_qq.C; Validation/validate_pair_directory.sh,submit_status_analysis.sh:38 and merge_root_files.sh:81. Immediate.,Enforces raw_schema v7 against the v5 the analysis writes (report F5).
tools/validate_tune_cards.py,python,141,2026-08-01,"Four tunes: add JUNCTIONS_MATCHED, drop the other variants",ACTIVE,high,1,Makefile:129; REPOSITORY_FILE_CATALOG.md:698(doc); docs/DESIGN_AND_RATIONALE.md:91(doc); docs/DESIGN_AND_RATIONALE.md:259(doc); docs/audits/FULL_PRODUCTION_CHANGE_JUSTIFICATION_AUDIT_20260730.md:355(doc),config/tune_difference_allowlist_v1.json,make cards. Immediate.,Makefile:129.
update_submit_paths.sh,shell,60,2026-05-14,Add Close Packing HF tune pipeline,LEGACY,high,0,REPOSITORY_FILE_CATALOG.md:699(doc),runCondorJob.sh; submitCondor_10M.sub; submitCondor_hf_10M.sub; submitCondor_hf_90M.sub; submitCondor_hf_90M_resubmit_4181781_held38.sub; submitCondor_hf_CLOSEPACKING_100M.sub,Nothing. Its only function is rewriting the 6 legacy submit files above.,"ACTIVE-shaped file whose sole purpose is serving LEGACY files -> delete WITH the set. Also depends on gitignored base_path.txt, superseded by config/dependencies.local.conf."
