# host=wn-lot-046.nikhef.nl
# started=2026-08-11T19:26:41+02:00
# block=03
# checkout=43e35be876dd5d881a931cb845ab490ab9b97509
# macro_sha=dbe1434f4681a08d99a9b0012d2d23a5b7287cd11c369493404dbde6a2ba8c15
# production_raw=/data/alice/ipardoza/hadronization_production/HF_RUN3_V1/raw/MONASH
# tune=MONASH
SIGMAB_COUNTS tag=MONASH species=Sigma_b+ pdg=5222 slice=all p=26 a=17 file=/data/alice/ipardoza/hadronization_production/HF_RUN3_V1/raw/MONASH/hf_MONASH_job200.root
SIGMAB_COUNTS tag=MONASH species=Sigma_b+ pdg=5222 slice=eta_lt_1 p=3 a=4 file=/data/alice/ipardoza/hadronization_production/HF_RUN3_V1/raw/MONASH/hf_MONASH_job200.root
SIGMAB_COUNTS tag=MONASH species=Sigma_b+ pdg=5222 slice=eta_1_2 p=7 a=2 file=/data/alice/ipardoza/hadronization_production/HF_RUN3_V1/raw/MONASH/hf_MONASH_job200.root
SIGMAB_COUNTS tag=MONASH species=Sigma_b+ pdg=5222 slice=eta_ge_2 p=16 a=11 file=/data/alice/ipardoza/hadronization_production/HF_RUN3_V1/raw/MONASH/hf_MONASH_job200.root
SIGMAB_COUNTS tag=MONASH species=Sigma_b0 pdg=5212 slice=all p=42 a=25 file=/data/alice/ipardoza/hadronization_production/HF_RUN3_V1/raw/MONASH/hf_MONASH_job200.root
SIGMAB_COUNTS tag=MONASH species=Sigma_b0 pdg=5212 slice=eta_lt_1 p=5 a=4 file=/data/alice/ipardoza/hadronization_production/HF_RUN3_V1/raw/MONASH/hf_MONASH_job200.root
SIGMAB_COUNTS tag=MONASH species=Sigma_b0 pdg=5212 slice=eta_1_2 p=11 a=3 file=/data/alice/ipardoza/hadronization_production/HF_RUN3_V1/raw/MONASH/hf_MONASH_job200.root
SIGMAB_COUNTS tag=MONASH species=Sigma_b0 pdg=5212 slice=eta_ge_2 p=26 a=18 file=/data/alice/ipardoza/hadronization_production/HF_RUN3_V1/raw/MONASH/hf_MONASH_job200.root
SIGMAB_COUNTS tag=MONASH species=Sigma_b- pdg=5112 slice=all p=42 a=26 file=/data/alice/ipardoza/hadronization_production/HF_RUN3_V1/raw/MONASH/hf_MONASH_job200.root
SIGMAB_COUNTS tag=MONASH species=Sigma_b- pdg=5112 slice=eta_lt_1 p=4 a=7 file=/data/alice/ipardoza/hadronization_production/HF_RUN3_V1/raw/MONASH/hf_MONASH_job200.root
SIGMAB_COUNTS tag=MONASH species=Sigma_b- pdg=5112 slice=eta_1_2 p=9 a=5 file=/data/alice/ipardoza/hadronization_production/HF_RUN3_V1/raw/MONASH/hf_MONASH_job200.root
SIGMAB_COUNTS tag=MONASH species=Sigma_b- pdg=5112 slice=eta_ge_2 p=29 a=14 file=/data/alice/ipardoza/hadronization_production/HF_RUN3_V1/raw/MONASH/hf_MONASH_job200.root
SIGMAB_COUNTS tag=MONASH species=Sigma*_b+ pdg=5224 slice=all p=46 a=32 file=/data/alice/ipardoza/hadronization_production/HF_RUN3_V1/raw/MONASH/hf_MONASH_job200.root
SIGMAB_COUNTS tag=MONASH species=Sigma*_b+ pdg=5224 slice=eta_lt_1 p=7 a=4 file=/data/alice/ipardoza/hadronization_production/HF_RUN3_V1/raw/MONASH/hf_MONASH_job200.root
SIGMAB_COUNTS tag=MONASH species=Sigma*_b+ pdg=5224 slice=eta_1_2 p=8 a=7 file=/data/alice/ipardoza/hadronization_production/HF_RUN3_V1/raw/MONASH/hf_MONASH_job200.root
SIGMAB_COUNTS tag=MONASH species=Sigma*_b+ pdg=5224 slice=eta_ge_2 p=31 a=21 file=/data/alice/ipardoza/hadronization_production/HF_RUN3_V1/raw/MONASH/hf_MONASH_job200.root
SIGMAB_COUNTS tag=MONASH species=Sigma*_b0 pdg=5214 slice=all p=47 a=50 file=/data/alice/ipardoza/hadronization_production/HF_RUN3_V1/raw/MONASH/hf_MONASH_job200.root
SIGMAB_COUNTS tag=MONASH species=Sigma*_b0 pdg=5214 slice=eta_lt_1 p=5 a=9 file=/data/alice/ipardoza/hadronization_production/HF_RUN3_V1/raw/MONASH/hf_MONASH_job200.root
SIGMAB_COUNTS tag=MONASH species=Sigma*_b0 pdg=5214 slice=eta_1_2 p=15 a=14 file=/data/alice/ipardoza/hadronization_production/HF_RUN3_V1/raw/MONASH/hf_MONASH_job200.root
SIGMAB_COUNTS tag=MONASH species=Sigma*_b0 pdg=5214 slice=eta_ge_2 p=27 a=27 file=/data/alice/ipardoza/hadronization_production/HF_RUN3_V1/raw/MONASH/hf_MONASH_job200.root
SIGMAB_COUNTS tag=MONASH species=Sigma*_b- pdg=5114 slice=all p=51 a=60 file=/data/alice/ipardoza/hadronization_production/HF_RUN3_V1/raw/MONASH/hf_MONASH_job200.root
SIGMAB_COUNTS tag=MONASH species=Sigma*_b- pdg=5114 slice=eta_lt_1 p=8 a=12 file=/data/alice/ipardoza/hadronization_production/HF_RUN3_V1/raw/MONASH/hf_MONASH_job200.root
SIGMAB_COUNTS tag=MONASH species=Sigma*_b- pdg=5114 slice=eta_1_2 p=9 a=17 file=/data/alice/ipardoza/hadronization_production/HF_RUN3_V1/raw/MONASH/hf_MONASH_job200.root
SIGMAB_COUNTS tag=MONASH species=Sigma*_b- pdg=5114 slice=eta_ge_2 p=34 a=31 file=/data/alice/ipardoza/hadronization_production/HF_RUN3_V1/raw/MONASH/hf_MONASH_job200.root
SIGMAB_COUNTS tag=MONASH species=Lambda_b0 pdg=5122 slice=all p=328 a=314 file=/data/alice/ipardoza/hadronization_production/HF_RUN3_V1/raw/MONASH/hf_MONASH_job200.root
SIGMAB_COUNTS tag=MONASH species=Lambda_b0 pdg=5122 slice=eta_lt_1 p=61 a=69 file=/data/alice/ipardoza/hadronization_production/HF_RUN3_V1/raw/MONASH/hf_MONASH_job200.root
SIGMAB_COUNTS tag=MONASH species=Lambda_b0 pdg=5122 slice=eta_1_2 p=77 a=60 file=/data/alice/ipardoza/hadronization_production/HF_RUN3_V1/raw/MONASH/hf_MONASH_job200.root
SIGMAB_COUNTS tag=MONASH species=Lambda_b0 pdg=5122 slice=eta_ge_2 p=190 a=185 file=/data/alice/ipardoza/hadronization_production/HF_RUN3_V1/raw/MONASH/hf_MONASH_job200.root
SIGMAB_COUNTS tag=MONASH species=Xi_b0 pdg=5232 slice=all p=55 a=59 file=/data/alice/ipardoza/hadronization_production/HF_RUN3_V1/raw/MONASH/hf_MONASH_job200.root
SIGMAB_COUNTS tag=MONASH species=Xi_b0 pdg=5232 slice=eta_lt_1 p=8 a=10 file=/data/alice/ipardoza/hadronization_production/HF_RUN3_V1/raw/MONASH/hf_MONASH_job200.root
SIGMAB_COUNTS tag=MONASH species=Xi_b0 pdg=5232 slice=eta_1_2 p=11 a=12 file=/data/alice/ipardoza/hadronization_production/HF_RUN3_V1/raw/MONASH/hf_MONASH_job200.root
SIGMAB_COUNTS tag=MONASH species=Xi_b0 pdg=5232 slice=eta_ge_2 p=36 a=37 file=/data/alice/ipardoza/hadronization_production/HF_RUN3_V1/raw/MONASH/hf_MONASH_job200.root
SIGMAB_COUNTS tag=MONASH species=Xi_b- pdg=5132 slice=all p=62 a=55 file=/data/alice/ipardoza/hadronization_production/HF_RUN3_V1/raw/MONASH/hf_MONASH_job200.root
SIGMAB_COUNTS tag=MONASH species=Xi_b- pdg=5132 slice=eta_lt_1 p=9 a=16 file=/data/alice/ipardoza/hadronization_production/HF_RUN3_V1/raw/MONASH/hf_MONASH_job200.root
SIGMAB_COUNTS tag=MONASH species=Xi_b- pdg=5132 slice=eta_1_2 p=14 a=10 file=/data/alice/ipardoza/hadronization_production/HF_RUN3_V1/raw/MONASH/hf_MONASH_job200.root
SIGMAB_COUNTS tag=MONASH species=Xi_b- pdg=5132 slice=eta_ge_2 p=39 a=29 file=/data/alice/ipardoza/hadronization_production/HF_RUN3_V1/raw/MONASH/hf_MONASH_job200.root
SIGMAB_COUNTS tag=MONASH species=Sigma_b+ pdg=5222 slice=all p=40 a=25 file=/data/alice/ipardoza/hadronization_production/HF_RUN3_V1/raw/MONASH/hf_MONASH_job201.root
SIGMAB_COUNTS tag=MONASH species=Sigma_b+ pdg=5222 slice=eta_lt_1 p=6 a=3 file=/data/alice/ipardoza/hadronization_production/HF_RUN3_V1/raw/MONASH/hf_MONASH_job201.root
SIGMAB_COUNTS tag=MONASH species=Sigma_b+ pdg=5222 slice=eta_1_2 p=4 a=6 file=/data/alice/ipardoza/hadronization_production/HF_RUN3_V1/raw/MONASH/hf_MONASH_job201.root
SIGMAB_COUNTS tag=MONASH species=Sigma_b+ pdg=5222 slice=eta_ge_2 p=30 a=16 file=/data/alice/ipardoza/hadronization_production/HF_RUN3_V1/raw/MONASH/hf_MONASH_job201.root
SIGMAB_COUNTS tag=MONASH species=Sigma_b0 pdg=5212 slice=all p=48 a=12 file=/data/alice/ipardoza/hadronization_production/HF_RUN3_V1/raw/MONASH/hf_MONASH_job201.root
SIGMAB_COUNTS tag=MONASH species=Sigma_b0 pdg=5212 slice=eta_lt_1 p=7 a=3 file=/data/alice/ipardoza/hadronization_production/HF_RUN3_V1/raw/MONASH/hf_MONASH_job201.root
SIGMAB_COUNTS tag=MONASH species=Sigma_b0 pdg=5212 slice=eta_1_2 p=9 a=2 file=/data/alice/ipardoza/hadronization_production/HF_RUN3_V1/raw/MONASH/hf_MONASH_job201.root
SIGMAB_COUNTS tag=MONASH species=Sigma_b0 pdg=5212 slice=eta_ge_2 p=32 a=7 file=/data/alice/ipardoza/hadronization_production/HF_RUN3_V1/raw/MONASH/hf_MONASH_job201.root
SIGMAB_COUNTS tag=MONASH species=Sigma_b- pdg=5112 slice=all p=39 a=15 file=/data/alice/ipardoza/hadronization_production/HF_RUN3_V1/raw/MONASH/hf_MONASH_job201.root
SIGMAB_COUNTS tag=MONASH species=Sigma_b- pdg=5112 slice=eta_lt_1 p=9 a=2 file=/data/alice/ipardoza/hadronization_production/HF_RUN3_V1/raw/MONASH/hf_MONASH_job201.root
SIGMAB_COUNTS tag=MONASH species=Sigma_b- pdg=5112 slice=eta_1_2 p=10 a=2 file=/data/alice/ipardoza/hadronization_production/HF_RUN3_V1/raw/MONASH/hf_MONASH_job201.root
SIGMAB_COUNTS tag=MONASH species=Sigma_b- pdg=5112 slice=eta_ge_2 p=20 a=11 file=/data/alice/ipardoza/hadronization_production/HF_RUN3_V1/raw/MONASH/hf_MONASH_job201.root
SIGMAB_COUNTS tag=MONASH species=Sigma*_b+ pdg=5224 slice=all p=65 a=37 file=/data/alice/ipardoza/hadronization_production/HF_RUN3_V1/raw/MONASH/hf_MONASH_job201.root
SIGMAB_COUNTS tag=MONASH species=Sigma*_b+ pdg=5224 slice=eta_lt_1 p=17 a=8 file=/data/alice/ipardoza/hadronization_production/HF_RUN3_V1/raw/MONASH/hf_MONASH_job201.root
SIGMAB_COUNTS tag=MONASH species=Sigma*_b+ pdg=5224 slice=eta_1_2 p=6 a=4 file=/data/alice/ipardoza/hadronization_production/HF_RUN3_V1/raw/MONASH/hf_MONASH_job201.root
SIGMAB_COUNTS tag=MONASH species=Sigma*_b+ pdg=5224 slice=eta_ge_2 p=42 a=25 file=/data/alice/ipardoza/hadronization_production/HF_RUN3_V1/raw/MONASH/hf_MONASH_job201.root
SIGMAB_COUNTS tag=MONASH species=Sigma*_b0 pdg=5214 slice=all p=43 a=33 file=/data/alice/ipardoza/hadronization_production/HF_RUN3_V1/raw/MONASH/hf_MONASH_job201.root
SIGMAB_COUNTS tag=MONASH species=Sigma*_b0 pdg=5214 slice=eta_lt_1 p=6 a=8 file=/data/alice/ipardoza/hadronization_production/HF_RUN3_V1/raw/MONASH/hf_MONASH_job201.root
SIGMAB_COUNTS tag=MONASH species=Sigma*_b0 pdg=5214 slice=eta_1_2 p=17 a=4 file=/data/alice/ipardoza/hadronization_production/HF_RUN3_V1/raw/MONASH/hf_MONASH_job201.root
SIGMAB_COUNTS tag=MONASH species=Sigma*_b0 pdg=5214 slice=eta_ge_2 p=20 a=21 file=/data/alice/ipardoza/hadronization_production/HF_RUN3_V1/raw/MONASH/hf_MONASH_job201.root
SIGMAB_COUNTS tag=MONASH species=Sigma*_b- pdg=5114 slice=all p=57 a=41 file=/data/alice/ipardoza/hadronization_production/HF_RUN3_V1/raw/MONASH/hf_MONASH_job201.root
SIGMAB_COUNTS tag=MONASH species=Sigma*_b- pdg=5114 slice=eta_lt_1 p=15 a=3 file=/data/alice/ipardoza/hadronization_production/HF_RUN3_V1/raw/MONASH/hf_MONASH_job201.root
SIGMAB_COUNTS tag=MONASH species=Sigma*_b- pdg=5114 slice=eta_1_2 p=15 a=7 file=/data/alice/ipardoza/hadronization_production/HF_RUN3_V1/raw/MONASH/hf_MONASH_job201.root
SIGMAB_COUNTS tag=MONASH species=Sigma*_b- pdg=5114 slice=eta_ge_2 p=27 a=31 file=/data/alice/ipardoza/hadronization_production/HF_RUN3_V1/raw/MONASH/hf_MONASH_job201.root
SIGMAB_COUNTS tag=MONASH species=Lambda_b0 pdg=5122 slice=all p=364 a=290 file=/data/alice/ipardoza/hadronization_production/HF_RUN3_V1/raw/MONASH/hf_MONASH_job201.root
SIGMAB_COUNTS tag=MONASH species=Lambda_b0 pdg=5122 slice=eta_lt_1 p=63 a=61 file=/data/alice/ipardoza/hadronization_production/HF_RUN3_V1/raw/MONASH/hf_MONASH_job201.root
SIGMAB_COUNTS tag=MONASH species=Lambda_b0 pdg=5122 slice=eta_1_2 p=83 a=66 file=/data/alice/ipardoza/hadronization_production/HF_RUN3_V1/raw/MONASH/hf_MONASH_job201.root
SIGMAB_COUNTS tag=MONASH species=Lambda_b0 pdg=5122 slice=eta_ge_2 p=218 a=163 file=/data/alice/ipardoza/hadronization_production/HF_RUN3_V1/raw/MONASH/hf_MONASH_job201.root
SIGMAB_COUNTS tag=MONASH species=Xi_b0 pdg=5232 slice=all p=56 a=59 file=/data/alice/ipardoza/hadronization_production/HF_RUN3_V1/raw/MONASH/hf_MONASH_job201.root
SIGMAB_COUNTS tag=MONASH species=Xi_b0 pdg=5232 slice=eta_lt_1 p=10 a=16 file=/data/alice/ipardoza/hadronization_production/HF_RUN3_V1/raw/MONASH/hf_MONASH_job201.root
SIGMAB_COUNTS tag=MONASH species=Xi_b0 pdg=5232 slice=eta_1_2 p=18 a=9 file=/data/alice/ipardoza/hadronization_production/HF_RUN3_V1/raw/MONASH/hf_MONASH_job201.root
SIGMAB_COUNTS tag=MONASH species=Xi_b0 pdg=5232 slice=eta_ge_2 p=28 a=34 file=/data/alice/ipardoza/hadronization_production/HF_RUN3_V1/raw/MONASH/hf_MONASH_job201.root
SIGMAB_COUNTS tag=MONASH species=Xi_b- pdg=5132 slice=all p=45 a=59 file=/data/alice/ipardoza/hadronization_production/HF_RUN3_V1/raw/MONASH/hf_MONASH_job201.root
SIGMAB_COUNTS tag=MONASH species=Xi_b- pdg=5132 slice=eta_lt_1 p=11 a=11 file=/data/alice/ipardoza/hadronization_production/HF_RUN3_V1/raw/MONASH/hf_MONASH_job201.root
SIGMAB_COUNTS tag=MONASH species=Xi_b- pdg=5132 slice=eta_1_2 p=11 a=10 file=/data/alice/ipardoza/hadronization_production/HF_RUN3_V1/raw/MONASH/hf_MONASH_job201.root
SIGMAB_COUNTS tag=MONASH species=Xi_b- pdg=5132 slice=eta_ge_2 p=23 a=38 file=/data/alice/ipardoza/hadronization_production/HF_RUN3_V1/raw/MONASH/hf_MONASH_job201.root
SIGMAB_COUNTS tag=MONASH species=Sigma_b+ pdg=5222 slice=all p=27 a=16 file=/data/alice/ipardoza/hadronization_production/HF_RUN3_V1/raw/MONASH/hf_MONASH_job202.root
SIGMAB_COUNTS tag=MONASH species=Sigma_b+ pdg=5222 slice=eta_lt_1 p=1 a=4 file=/data/alice/ipardoza/hadronization_production/HF_RUN3_V1/raw/MONASH/hf_MONASH_job202.root
SIGMAB_COUNTS tag=MONASH species=Sigma_b+ pdg=5222 slice=eta_1_2 p=7 a=4 file=/data/alice/ipardoza/hadronization_production/HF_RUN3_V1/raw/MONASH/hf_MONASH_job202.root
SIGMAB_COUNTS tag=MONASH species=Sigma_b+ pdg=5222 slice=eta_ge_2 p=19 a=8 file=/data/alice/ipardoza/hadronization_production/HF_RUN3_V1/raw/MONASH/hf_MONASH_job202.root
SIGMAB_COUNTS tag=MONASH species=Sigma_b0 pdg=5212 slice=all p=25 a=22 file=/data/alice/ipardoza/hadronization_production/HF_RUN3_V1/raw/MONASH/hf_MONASH_job202.root
SIGMAB_COUNTS tag=MONASH species=Sigma_b0 pdg=5212 slice=eta_lt_1 p=2 a=4 file=/data/alice/ipardoza/hadronization_production/HF_RUN3_V1/raw/MONASH/hf_MONASH_job202.root
SIGMAB_COUNTS tag=MONASH species=Sigma_b0 pdg=5212 slice=eta_1_2 p=5 a=3 file=/data/alice/ipardoza/hadronization_production/HF_RUN3_V1/raw/MONASH/hf_MONASH_job202.root
SIGMAB_COUNTS tag=MONASH species=Sigma_b0 pdg=5212 slice=eta_ge_2 p=18 a=15 file=/data/alice/ipardoza/hadronization_production/HF_RUN3_V1/raw/MONASH/hf_MONASH_job202.root
SIGMAB_COUNTS tag=MONASH species=Sigma_b- pdg=5112 slice=all p=32 a=15 file=/data/alice/ipardoza/hadronization_production/HF_RUN3_V1/raw/MONASH/hf_MONASH_job202.root
SIGMAB_COUNTS tag=MONASH species=Sigma_b- pdg=5112 slice=eta_lt_1 p=5 a=3 file=/data/alice/ipardoza/hadronization_production/HF_RUN3_V1/raw/MONASH/hf_MONASH_job202.root
SIGMAB_COUNTS tag=MONASH species=Sigma_b- pdg=5112 slice=eta_1_2 p=4 a=1 file=/data/alice/ipardoza/hadronization_production/HF_RUN3_V1/raw/MONASH/hf_MONASH_job202.root
SIGMAB_COUNTS tag=MONASH species=Sigma_b- pdg=5112 slice=eta_ge_2 p=23 a=11 file=/data/alice/ipardoza/hadronization_production/HF_RUN3_V1/raw/MONASH/hf_MONASH_job202.root
SIGMAB_COUNTS tag=MONASH species=Sigma*_b+ pdg=5224 slice=all p=47 a=31 file=/data/alice/ipardoza/hadronization_production/HF_RUN3_V1/raw/MONASH/hf_MONASH_job202.root
SIGMAB_COUNTS tag=MONASH species=Sigma*_b+ pdg=5224 slice=eta_lt_1 p=11 a=10 file=/data/alice/ipardoza/hadronization_production/HF_RUN3_V1/raw/MONASH/hf_MONASH_job202.root
SIGMAB_COUNTS tag=MONASH species=Sigma*_b+ pdg=5224 slice=eta_1_2 p=7 a=5 file=/data/alice/ipardoza/hadronization_production/HF_RUN3_V1/raw/MONASH/hf_MONASH_job202.root
SIGMAB_COUNTS tag=MONASH species=Sigma*_b+ pdg=5224 slice=eta_ge_2 p=29 a=16 file=/data/alice/ipardoza/hadronization_production/HF_RUN3_V1/raw/MONASH/hf_MONASH_job202.root
SIGMAB_COUNTS tag=MONASH species=Sigma*_b0 pdg=5214 slice=all p=47 a=28 file=/data/alice/ipardoza/hadronization_production/HF_RUN3_V1/raw/MONASH/hf_MONASH_job202.root
SIGMAB_COUNTS tag=MONASH species=Sigma*_b0 pdg=5214 slice=eta_lt_1 p=7 a=5 file=/data/alice/ipardoza/hadronization_production/HF_RUN3_V1/raw/MONASH/hf_MONASH_job202.root
SIGMAB_COUNTS tag=MONASH species=Sigma*_b0 pdg=5214 slice=eta_1_2 p=11 a=6 file=/data/alice/ipardoza/hadronization_production/HF_RUN3_V1/raw/MONASH/hf_MONASH_job202.root
SIGMAB_COUNTS tag=MONASH species=Sigma*_b0 pdg=5214 slice=eta_ge_2 p=29 a=17 file=/data/alice/ipardoza/hadronization_production/HF_RUN3_V1/raw/MONASH/hf_MONASH_job202.root
SIGMAB_COUNTS tag=MONASH species=Sigma*_b- pdg=5114 slice=all p=68 a=44 file=/data/alice/ipardoza/hadronization_production/HF_RUN3_V1/raw/MONASH/hf_MONASH_job202.root
SIGMAB_COUNTS tag=MONASH species=Sigma*_b- pdg=5114 slice=eta_lt_1 p=14 a=8 file=/data/alice/ipardoza/hadronization_production/HF_RUN3_V1/raw/MONASH/hf_MONASH_job202.root
SIGMAB_COUNTS tag=MONASH species=Sigma*_b- pdg=5114 slice=eta_1_2 p=14 a=10 file=/data/alice/ipardoza/hadronization_production/HF_RUN3_V1/raw/MONASH/hf_MONASH_job202.root
SIGMAB_COUNTS tag=MONASH species=Sigma*_b- pdg=5114 slice=eta_ge_2 p=40 a=26 file=/data/alice/ipardoza/hadronization_production/HF_RUN3_V1/raw/MONASH/hf_MONASH_job202.root
SIGMAB_COUNTS tag=MONASH species=Lambda_b0 pdg=5122 slice=all p=296 a=323 file=/data/alice/ipardoza/hadronization_production/HF_RUN3_V1/raw/MONASH/hf_MONASH_job202.root
SIGMAB_COUNTS tag=MONASH species=Lambda_b0 pdg=5122 slice=eta_lt_1 p=53 a=64 file=/data/alice/ipardoza/hadronization_production/HF_RUN3_V1/raw/MONASH/hf_MONASH_job202.root
SIGMAB_COUNTS tag=MONASH species=Lambda_b0 pdg=5122 slice=eta_1_2 p=65 a=79 file=/data/alice/ipardoza/hadronization_production/HF_RUN3_V1/raw/MONASH/hf_MONASH_job202.root
SIGMAB_COUNTS tag=MONASH species=Lambda_b0 pdg=5122 slice=eta_ge_2 p=178 a=180 file=/data/alice/ipardoza/hadronization_production/HF_RUN3_V1/raw/MONASH/hf_MONASH_job202.root
SIGMAB_COUNTS tag=MONASH species=Xi_b0 pdg=5232 slice=all p=59 a=55 file=/data/alice/ipardoza/hadronization_production/HF_RUN3_V1/raw/MONASH/hf_MONASH_job202.root
SIGMAB_COUNTS tag=MONASH species=Xi_b0 pdg=5232 slice=eta_lt_1 p=10 a=13 file=/data/alice/ipardoza/hadronization_production/HF_RUN3_V1/raw/MONASH/hf_MONASH_job202.root
SIGMAB_COUNTS tag=MONASH species=Xi_b0 pdg=5232 slice=eta_1_2 p=12 a=6 file=/data/alice/ipardoza/hadronization_production/HF_RUN3_V1/raw/MONASH/hf_MONASH_job202.root
SIGMAB_COUNTS tag=MONASH species=Xi_b0 pdg=5232 slice=eta_ge_2 p=37 a=36 file=/data/alice/ipardoza/hadronization_production/HF_RUN3_V1/raw/MONASH/hf_MONASH_job202.root
SIGMAB_COUNTS tag=MONASH species=Xi_b- pdg=5132 slice=all p=50 a=59 file=/data/alice/ipardoza/hadronization_production/HF_RUN3_V1/raw/MONASH/hf_MONASH_job202.root
SIGMAB_COUNTS tag=MONASH species=Xi_b- pdg=5132 slice=eta_lt_1 p=7 a=12 file=/data/alice/ipardoza/hadronization_production/HF_RUN3_V1/raw/MONASH/hf_MONASH_job202.root
SIGMAB_COUNTS tag=MONASH species=Xi_b- pdg=5132 slice=eta_1_2 p=12 a=10 file=/data/alice/ipardoza/hadronization_production/HF_RUN3_V1/raw/MONASH/hf_MONASH_job202.root
SIGMAB_COUNTS tag=MONASH species=Xi_b- pdg=5132 slice=eta_ge_2 p=31 a=37 file=/data/alice/ipardoza/hadronization_production/HF_RUN3_V1/raw/MONASH/hf_MONASH_job202.root
SIGMAB_COUNTS tag=MONASH species=Sigma_b+ pdg=5222 slice=all p=33 a=17 file=/data/alice/ipardoza/hadronization_production/HF_RUN3_V1/raw/MONASH/hf_MONASH_job203.root
SIGMAB_COUNTS tag=MONASH species=Sigma_b+ pdg=5222 slice=eta_lt_1 p=7 a=1 file=/data/alice/ipardoza/hadronization_production/HF_RUN3_V1/raw/MONASH/hf_MONASH_job203.root
SIGMAB_COUNTS tag=MONASH species=Sigma_b+ pdg=5222 slice=eta_1_2 p=5 a=6 file=/data/alice/ipardoza/hadronization_production/HF_RUN3_V1/raw/MONASH/hf_MONASH_job203.root
SIGMAB_COUNTS tag=MONASH species=Sigma_b+ pdg=5222 slice=eta_ge_2 p=21 a=10 file=/data/alice/ipardoza/hadronization_production/HF_RUN3_V1/raw/MONASH/hf_MONASH_job203.root
SIGMAB_COUNTS tag=MONASH species=Sigma_b0 pdg=5212 slice=all p=40 a=18 file=/data/alice/ipardoza/hadronization_production/HF_RUN3_V1/raw/MONASH/hf_MONASH_job203.root
SIGMAB_COUNTS tag=MONASH species=Sigma_b0 pdg=5212 slice=eta_lt_1 p=7 a=4 file=/data/alice/ipardoza/hadronization_production/HF_RUN3_V1/raw/MONASH/hf_MONASH_job203.root
SIGMAB_COUNTS tag=MONASH species=Sigma_b0 pdg=5212 slice=eta_1_2 p=7 a=4 file=/data/alice/ipardoza/hadronization_production/HF_RUN3_V1/raw/MONASH/hf_MONASH_job203.root
SIGMAB_COUNTS tag=MONASH species=Sigma_b0 pdg=5212 slice=eta_ge_2 p=26 a=10 file=/data/alice/ipardoza/hadronization_production/HF_RUN3_V1/raw/MONASH/hf_MONASH_job203.root
SIGMAB_COUNTS tag=MONASH species=Sigma_b- pdg=5112 slice=all p=38 a=26 file=/data/alice/ipardoza/hadronization_production/HF_RUN3_V1/raw/MONASH/hf_MONASH_job203.root
SIGMAB_COUNTS tag=MONASH species=Sigma_b- pdg=5112 slice=eta_lt_1 p=5 a=8 file=/data/alice/ipardoza/hadronization_production/HF_RUN3_V1/raw/MONASH/hf_MONASH_job203.root
SIGMAB_COUNTS tag=MONASH species=Sigma_b- pdg=5112 slice=eta_1_2 p=5 a=6 file=/data/alice/ipardoza/hadronization_production/HF_RUN3_V1/raw/MONASH/hf_MONASH_job203.root
SIGMAB_COUNTS tag=MONASH species=Sigma_b- pdg=5112 slice=eta_ge_2 p=28 a=12 file=/data/alice/ipardoza/hadronization_production/HF_RUN3_V1/raw/MONASH/hf_MONASH_job203.root
SIGMAB_COUNTS tag=MONASH species=Sigma*_b+ pdg=5224 slice=all p=48 a=45 file=/data/alice/ipardoza/hadronization_production/HF_RUN3_V1/raw/MONASH/hf_MONASH_job203.root
SIGMAB_COUNTS tag=MONASH species=Sigma*_b+ pdg=5224 slice=eta_lt_1 p=8 a=8 file=/data/alice/ipardoza/hadronization_production/HF_RUN3_V1/raw/MONASH/hf_MONASH_job203.root
SIGMAB_COUNTS tag=MONASH species=Sigma*_b+ pdg=5224 slice=eta_1_2 p=11 a=5 file=/data/alice/ipardoza/hadronization_production/HF_RUN3_V1/raw/MONASH/hf_MONASH_job203.root
SIGMAB_COUNTS tag=MONASH species=Sigma*_b+ pdg=5224 slice=eta_ge_2 p=29 a=32 file=/data/alice/ipardoza/hadronization_production/HF_RUN3_V1/raw/MONASH/hf_MONASH_job203.root
SIGMAB_COUNTS tag=MONASH species=Sigma*_b0 pdg=5214 slice=all p=55 a=50 file=/data/alice/ipardoza/hadronization_production/HF_RUN3_V1/raw/MONASH/hf_MONASH_job203.root
SIGMAB_COUNTS tag=MONASH species=Sigma*_b0 pdg=5214 slice=eta_lt_1 p=10 a=10 file=/data/alice/ipardoza/hadronization_production/HF_RUN3_V1/raw/MONASH/hf_MONASH_job203.root
SIGMAB_COUNTS tag=MONASH species=Sigma*_b0 pdg=5214 slice=eta_1_2 p=12 a=7 file=/data/alice/ipardoza/hadronization_production/HF_RUN3_V1/raw/MONASH/hf_MONASH_job203.root
SIGMAB_COUNTS tag=MONASH species=Sigma*_b0 pdg=5214 slice=eta_ge_2 p=33 a=33 file=/data/alice/ipardoza/hadronization_production/HF_RUN3_V1/raw/MONASH/hf_MONASH_job203.root
SIGMAB_COUNTS tag=MONASH species=Sigma*_b- pdg=5114 slice=all p=52 a=41 file=/data/alice/ipardoza/hadronization_production/HF_RUN3_V1/raw/MONASH/hf_MONASH_job203.root
SIGMAB_COUNTS tag=MONASH species=Sigma*_b- pdg=5114 slice=eta_lt_1 p=15 a=6 file=/data/alice/ipardoza/hadronization_production/HF_RUN3_V1/raw/MONASH/hf_MONASH_job203.root
SIGMAB_COUNTS tag=MONASH species=Sigma*_b- pdg=5114 slice=eta_1_2 p=8 a=11 file=/data/alice/ipardoza/hadronization_production/HF_RUN3_V1/raw/MONASH/hf_MONASH_job203.root
SIGMAB_COUNTS tag=MONASH species=Sigma*_b- pdg=5114 slice=eta_ge_2 p=29 a=24 file=/data/alice/ipardoza/hadronization_production/HF_RUN3_V1/raw/MONASH/hf_MONASH_job203.root
SIGMAB_COUNTS tag=MONASH species=Lambda_b0 pdg=5122 slice=all p=304 a=323 file=/data/alice/ipardoza/hadronization_production/HF_RUN3_V1/raw/MONASH/hf_MONASH_job203.root
SIGMAB_COUNTS tag=MONASH species=Lambda_b0 pdg=5122 slice=eta_lt_1 p=54 a=57 file=/data/alice/ipardoza/hadronization_production/HF_RUN3_V1/raw/MONASH/hf_MONASH_job203.root
SIGMAB_COUNTS tag=MONASH species=Lambda_b0 pdg=5122 slice=eta_1_2 p=65 a=70 file=/data/alice/ipardoza/hadronization_production/HF_RUN3_V1/raw/MONASH/hf_MONASH_job203.root
SIGMAB_COUNTS tag=MONASH species=Lambda_b0 pdg=5122 slice=eta_ge_2 p=185 a=196 file=/data/alice/ipardoza/hadronization_production/HF_RUN3_V1/raw/MONASH/hf_MONASH_job203.root
SIGMAB_COUNTS tag=MONASH species=Xi_b0 pdg=5232 slice=all p=66 a=56 file=/data/alice/ipardoza/hadronization_production/HF_RUN3_V1/raw/MONASH/hf_MONASH_job203.root
SIGMAB_COUNTS tag=MONASH species=Xi_b0 pdg=5232 slice=eta_lt_1 p=10 a=12 file=/data/alice/ipardoza/hadronization_production/HF_RUN3_V1/raw/MONASH/hf_MONASH_job203.root
SIGMAB_COUNTS tag=MONASH species=Xi_b0 pdg=5232 slice=eta_1_2 p=15 a=11 file=/data/alice/ipardoza/hadronization_production/HF_RUN3_V1/raw/MONASH/hf_MONASH_job203.root
SIGMAB_COUNTS tag=MONASH species=Xi_b0 pdg=5232 slice=eta_ge_2 p=41 a=33 file=/data/alice/ipardoza/hadronization_production/HF_RUN3_V1/raw/MONASH/hf_MONASH_job203.root
SIGMAB_COUNTS tag=MONASH species=Xi_b- pdg=5132 slice=all p=52 a=55 file=/data/alice/ipardoza/hadronization_production/HF_RUN3_V1/raw/MONASH/hf_MONASH_job203.root
SIGMAB_COUNTS tag=MONASH species=Xi_b- pdg=5132 slice=eta_lt_1 p=12 a=8 file=/data/alice/ipardoza/hadronization_production/HF_RUN3_V1/raw/MONASH/hf_MONASH_job203.root
SIGMAB_COUNTS tag=MONASH species=Xi_b- pdg=5132 slice=eta_1_2 p=11 a=9 file=/data/alice/ipardoza/hadronization_production/HF_RUN3_V1/raw/MONASH/hf_MONASH_job203.root
SIGMAB_COUNTS tag=MONASH species=Xi_b- pdg=5132 slice=eta_ge_2 p=29 a=38 file=/data/alice/ipardoza/hadronization_production/HF_RUN3_V1/raw/MONASH/hf_MONASH_job203.root
SIGMAB_COUNTS tag=MONASH species=Sigma_b+ pdg=5222 slice=all p=45 a=25 file=/data/alice/ipardoza/hadronization_production/HF_RUN3_V1/raw/MONASH/hf_MONASH_job204.root
SIGMAB_COUNTS tag=MONASH species=Sigma_b+ pdg=5222 slice=eta_lt_1 p=7 a=3 file=/data/alice/ipardoza/hadronization_production/HF_RUN3_V1/raw/MONASH/hf_MONASH_job204.root
SIGMAB_COUNTS tag=MONASH species=Sigma_b+ pdg=5222 slice=eta_1_2 p=6 a=6 file=/data/alice/ipardoza/hadronization_production/HF_RUN3_V1/raw/MONASH/hf_MONASH_job204.root
SIGMAB_COUNTS tag=MONASH species=Sigma_b+ pdg=5222 slice=eta_ge_2 p=32 a=16 file=/data/alice/ipardoza/hadronization_production/HF_RUN3_V1/raw/MONASH/hf_MONASH_job204.root
SIGMAB_COUNTS tag=MONASH species=Sigma_b0 pdg=5212 slice=all p=40 a=24 file=/data/alice/ipardoza/hadronization_production/HF_RUN3_V1/raw/MONASH/hf_MONASH_job204.root
SIGMAB_COUNTS tag=MONASH species=Sigma_b0 pdg=5212 slice=eta_lt_1 p=8 a=1 file=/data/alice/ipardoza/hadronization_production/HF_RUN3_V1/raw/MONASH/hf_MONASH_job204.root
SIGMAB_COUNTS tag=MONASH species=Sigma_b0 pdg=5212 slice=eta_1_2 p=6 a=8 file=/data/alice/ipardoza/hadronization_production/HF_RUN3_V1/raw/MONASH/hf_MONASH_job204.root
SIGMAB_COUNTS tag=MONASH species=Sigma_b0 pdg=5212 slice=eta_ge_2 p=26 a=15 file=/data/alice/ipardoza/hadronization_production/HF_RUN3_V1/raw/MONASH/hf_MONASH_job204.root
SIGMAB_COUNTS tag=MONASH species=Sigma_b- pdg=5112 slice=all p=41 a=14 file=/data/alice/ipardoza/hadronization_production/HF_RUN3_V1/raw/MONASH/hf_MONASH_job204.root
SIGMAB_COUNTS tag=MONASH species=Sigma_b- pdg=5112 slice=eta_lt_1 p=6 a=2 file=/data/alice/ipardoza/hadronization_production/HF_RUN3_V1/raw/MONASH/hf_MONASH_job204.root
SIGMAB_COUNTS tag=MONASH species=Sigma_b- pdg=5112 slice=eta_1_2 p=9 a=4 file=/data/alice/ipardoza/hadronization_production/HF_RUN3_V1/raw/MONASH/hf_MONASH_job204.root
SIGMAB_COUNTS tag=MONASH species=Sigma_b- pdg=5112 slice=eta_ge_2 p=26 a=8 file=/data/alice/ipardoza/hadronization_production/HF_RUN3_V1/raw/MONASH/hf_MONASH_job204.root
SIGMAB_COUNTS tag=MONASH species=Sigma*_b+ pdg=5224 slice=all p=43 a=44 file=/data/alice/ipardoza/hadronization_production/HF_RUN3_V1/raw/MONASH/hf_MONASH_job204.root
SIGMAB_COUNTS tag=MONASH species=Sigma*_b+ pdg=5224 slice=eta_lt_1 p=3 a=13 file=/data/alice/ipardoza/hadronization_production/HF_RUN3_V1/raw/MONASH/hf_MONASH_job204.root
SIGMAB_COUNTS tag=MONASH species=Sigma*_b+ pdg=5224 slice=eta_1_2 p=5 a=5 file=/data/alice/ipardoza/hadronization_production/HF_RUN3_V1/raw/MONASH/hf_MONASH_job204.root
SIGMAB_COUNTS tag=MONASH species=Sigma*_b+ pdg=5224 slice=eta_ge_2 p=35 a=26 file=/data/alice/ipardoza/hadronization_production/HF_RUN3_V1/raw/MONASH/hf_MONASH_job204.root
SIGMAB_COUNTS tag=MONASH species=Sigma*_b0 pdg=5214 slice=all p=37 a=46 file=/data/alice/ipardoza/hadronization_production/HF_RUN3_V1/raw/MONASH/hf_MONASH_job204.root
SIGMAB_COUNTS tag=MONASH species=Sigma*_b0 pdg=5214 slice=eta_lt_1 p=5 a=5 file=/data/alice/ipardoza/hadronization_production/HF_RUN3_V1/raw/MONASH/hf_MONASH_job204.root
SIGMAB_COUNTS tag=MONASH species=Sigma*_b0 pdg=5214 slice=eta_1_2 p=10 a=12 file=/data/alice/ipardoza/hadronization_production/HF_RUN3_V1/raw/MONASH/hf_MONASH_job204.root
SIGMAB_COUNTS tag=MONASH species=Sigma*_b0 pdg=5214 slice=eta_ge_2 p=22 a=29 file=/data/alice/ipardoza/hadronization_production/HF_RUN3_V1/raw/MONASH/hf_MONASH_job204.root
SIGMAB_COUNTS tag=MONASH species=Sigma*_b- pdg=5114 slice=all p=50 a=43 file=/data/alice/ipardoza/hadronization_production/HF_RUN3_V1/raw/MONASH/hf_MONASH_job204.root
SIGMAB_COUNTS tag=MONASH species=Sigma*_b- pdg=5114 slice=eta_lt_1 p=7 a=6 file=/data/alice/ipardoza/hadronization_production/HF_RUN3_V1/raw/MONASH/hf_MONASH_job204.root
SIGMAB_COUNTS tag=MONASH species=Sigma*_b- pdg=5114 slice=eta_1_2 p=9 a=9 file=/data/alice/ipardoza/hadronization_production/HF_RUN3_V1/raw/MONASH/hf_MONASH_job204.root
SIGMAB_COUNTS tag=MONASH species=Sigma*_b- pdg=5114 slice=eta_ge_2 p=34 a=28 file=/data/alice/ipardoza/hadronization_production/HF_RUN3_V1/raw/MONASH/hf_MONASH_job204.root
SIGMAB_COUNTS tag=MONASH species=Lambda_b0 pdg=5122 slice=all p=309 a=304 file=/data/alice/ipardoza/hadronization_production/HF_RUN3_V1/raw/MONASH/hf_MONASH_job204.root
SIGMAB_COUNTS tag=MONASH species=Lambda_b0 pdg=5122 slice=eta_lt_1 p=60 a=54 file=/data/alice/ipardoza/hadronization_production/HF_RUN3_V1/raw/MONASH/hf_MONASH_job204.root
SIGMAB_COUNTS tag=MONASH species=Lambda_b0 pdg=5122 slice=eta_1_2 p=67 a=61 file=/data/alice/ipardoza/hadronization_production/HF_RUN3_V1/raw/MONASH/hf_MONASH_job204.root
SIGMAB_COUNTS tag=MONASH species=Lambda_b0 pdg=5122 slice=eta_ge_2 p=182 a=189 file=/data/alice/ipardoza/hadronization_production/HF_RUN3_V1/raw/MONASH/hf_MONASH_job204.root
SIGMAB_COUNTS tag=MONASH species=Xi_b0 pdg=5232 slice=all p=70 a=69 file=/data/alice/ipardoza/hadronization_production/HF_RUN3_V1/raw/MONASH/hf_MONASH_job204.root
SIGMAB_COUNTS tag=MONASH species=Xi_b0 pdg=5232 slice=eta_lt_1 p=11 a=17 file=/data/alice/ipardoza/hadronization_production/HF_RUN3_V1/raw/MONASH/hf_MONASH_job204.root
SIGMAB_COUNTS tag=MONASH species=Xi_b0 pdg=5232 slice=eta_1_2 p=17 a=14 file=/data/alice/ipardoza/hadronization_production/HF_RUN3_V1/raw/MONASH/hf_MONASH_job204.root
SIGMAB_COUNTS tag=MONASH species=Xi_b0 pdg=5232 slice=eta_ge_2 p=42 a=38 file=/data/alice/ipardoza/hadronization_production/HF_RUN3_V1/raw/MONASH/hf_MONASH_job204.root
SIGMAB_COUNTS tag=MONASH species=Xi_b- pdg=5132 slice=all p=53 a=52 file=/data/alice/ipardoza/hadronization_production/HF_RUN3_V1/raw/MONASH/hf_MONASH_job204.root
SIGMAB_COUNTS tag=MONASH species=Xi_b- pdg=5132 slice=eta_lt_1 p=14 a=8 file=/data/alice/ipardoza/hadronization_production/HF_RUN3_V1/raw/MONASH/hf_MONASH_job204.root
SIGMAB_COUNTS tag=MONASH species=Xi_b- pdg=5132 slice=eta_1_2 p=13 a=11 file=/data/alice/ipardoza/hadronization_production/HF_RUN3_V1/raw/MONASH/hf_MONASH_job204.root
SIGMAB_COUNTS tag=MONASH species=Xi_b- pdg=5132 slice=eta_ge_2 p=26 a=33 file=/data/alice/ipardoza/hadronization_production/HF_RUN3_V1/raw/MONASH/hf_MONASH_job204.root
SIGMAB_COUNTS tag=MONASH species=Sigma_b+ pdg=5222 slice=all p=46 a=20 file=/data/alice/ipardoza/hadronization_production/HF_RUN3_V1/raw/MONASH/hf_MONASH_job205.root
SIGMAB_COUNTS tag=MONASH species=Sigma_b+ pdg=5222 slice=eta_lt_1 p=6 a=6 file=/data/alice/ipardoza/hadronization_production/HF_RUN3_V1/raw/MONASH/hf_MONASH_job205.root
SIGMAB_COUNTS tag=MONASH species=Sigma_b+ pdg=5222 slice=eta_1_2 p=11 a=3 file=/data/alice/ipardoza/hadronization_production/HF_RUN3_V1/raw/MONASH/hf_MONASH_job205.root
SIGMAB_COUNTS tag=MONASH species=Sigma_b+ pdg=5222 slice=eta_ge_2 p=29 a=11 file=/data/alice/ipardoza/hadronization_production/HF_RUN3_V1/raw/MONASH/hf_MONASH_job205.root
SIGMAB_COUNTS tag=MONASH species=Sigma_b0 pdg=5212 slice=all p=27 a=21 file=/data/alice/ipardoza/hadronization_production/HF_RUN3_V1/raw/MONASH/hf_MONASH_job205.root
SIGMAB_COUNTS tag=MONASH species=Sigma_b0 pdg=5212 slice=eta_lt_1 p=3 a=5 file=/data/alice/ipardoza/hadronization_production/HF_RUN3_V1/raw/MONASH/hf_MONASH_job205.root
SIGMAB_COUNTS tag=MONASH species=Sigma_b0 pdg=5212 slice=eta_1_2 p=4 a=3 file=/data/alice/ipardoza/hadronization_production/HF_RUN3_V1/raw/MONASH/hf_MONASH_job205.root
SIGMAB_COUNTS tag=MONASH species=Sigma_b0 pdg=5212 slice=eta_ge_2 p=20 a=13 file=/data/alice/ipardoza/hadronization_production/HF_RUN3_V1/raw/MONASH/hf_MONASH_job205.root
SIGMAB_COUNTS tag=MONASH species=Sigma_b- pdg=5112 slice=all p=36 a=18 file=/data/alice/ipardoza/hadronization_production/HF_RUN3_V1/raw/MONASH/hf_MONASH_job205.root
SIGMAB_COUNTS tag=MONASH species=Sigma_b- pdg=5112 slice=eta_lt_1 p=4 a=8 file=/data/alice/ipardoza/hadronization_production/HF_RUN3_V1/raw/MONASH/hf_MONASH_job205.root
SIGMAB_COUNTS tag=MONASH species=Sigma_b- pdg=5112 slice=eta_1_2 p=9 a=2 file=/data/alice/ipardoza/hadronization_production/HF_RUN3_V1/raw/MONASH/hf_MONASH_job205.root
SIGMAB_COUNTS tag=MONASH species=Sigma_b- pdg=5112 slice=eta_ge_2 p=23 a=8 file=/data/alice/ipardoza/hadronization_production/HF_RUN3_V1/raw/MONASH/hf_MONASH_job205.root
SIGMAB_COUNTS tag=MONASH species=Sigma*_b+ pdg=5224 slice=all p=49 a=45 file=/data/alice/ipardoza/hadronization_production/HF_RUN3_V1/raw/MONASH/hf_MONASH_job205.root
SIGMAB_COUNTS tag=MONASH species=Sigma*_b+ pdg=5224 slice=eta_lt_1 p=9 a=5 file=/data/alice/ipardoza/hadronization_production/HF_RUN3_V1/raw/MONASH/hf_MONASH_job205.root
SIGMAB_COUNTS tag=MONASH species=Sigma*_b+ pdg=5224 slice=eta_1_2 p=7 a=8 file=/data/alice/ipardoza/hadronization_production/HF_RUN3_V1/raw/MONASH/hf_MONASH_job205.root
SIGMAB_COUNTS tag=MONASH species=Sigma*_b+ pdg=5224 slice=eta_ge_2 p=33 a=32 file=/data/alice/ipardoza/hadronization_production/HF_RUN3_V1/raw/MONASH/hf_MONASH_job205.root
SIGMAB_COUNTS tag=MONASH species=Sigma*_b0 pdg=5214 slice=all p=46 a=49 file=/data/alice/ipardoza/hadronization_production/HF_RUN3_V1/raw/MONASH/hf_MONASH_job205.root
SIGMAB_COUNTS tag=MONASH species=Sigma*_b0 pdg=5214 slice=eta_lt_1 p=5 a=6 file=/data/alice/ipardoza/hadronization_production/HF_RUN3_V1/raw/MONASH/hf_MONASH_job205.root
SIGMAB_COUNTS tag=MONASH species=Sigma*_b0 pdg=5214 slice=eta_1_2 p=10 a=11 file=/data/alice/ipardoza/hadronization_production/HF_RUN3_V1/raw/MONASH/hf_MONASH_job205.root
SIGMAB_COUNTS tag=MONASH species=Sigma*_b0 pdg=5214 slice=eta_ge_2 p=31 a=32 file=/data/alice/ipardoza/hadronization_production/HF_RUN3_V1/raw/MONASH/hf_MONASH_job205.root
SIGMAB_COUNTS tag=MONASH species=Sigma*_b- pdg=5114 slice=all p=49 a=31 file=/data/alice/ipardoza/hadronization_production/HF_RUN3_V1/raw/MONASH/hf_MONASH_job205.root
SIGMAB_COUNTS tag=MONASH species=Sigma*_b- pdg=5114 slice=eta_lt_1 p=7 a=4 file=/data/alice/ipardoza/hadronization_production/HF_RUN3_V1/raw/MONASH/hf_MONASH_job205.root
SIGMAB_COUNTS tag=MONASH species=Sigma*_b- pdg=5114 slice=eta_1_2 p=10 a=5 file=/data/alice/ipardoza/hadronization_production/HF_RUN3_V1/raw/MONASH/hf_MONASH_job205.root
SIGMAB_COUNTS tag=MONASH species=Sigma*_b- pdg=5114 slice=eta_ge_2 p=32 a=22 file=/data/alice/ipardoza/hadronization_production/HF_RUN3_V1/raw/MONASH/hf_MONASH_job205.root
SIGMAB_COUNTS tag=MONASH species=Lambda_b0 pdg=5122 slice=all p=308 a=307 file=/data/alice/ipardoza/hadronization_production/HF_RUN3_V1/raw/MONASH/hf_MONASH_job205.root
SIGMAB_COUNTS tag=MONASH species=Lambda_b0 pdg=5122 slice=eta_lt_1 p=48 a=62 file=/data/alice/ipardoza/hadronization_production/HF_RUN3_V1/raw/MONASH/hf_MONASH_job205.root
SIGMAB_COUNTS tag=MONASH species=Lambda_b0 pdg=5122 slice=eta_1_2 p=68 a=61 file=/data/alice/ipardoza/hadronization_production/HF_RUN3_V1/raw/MONASH/hf_MONASH_job205.root
SIGMAB_COUNTS tag=MONASH species=Lambda_b0 pdg=5122 slice=eta_ge_2 p=192 a=184 file=/data/alice/ipardoza/hadronization_production/HF_RUN3_V1/raw/MONASH/hf_MONASH_job205.root
SIGMAB_COUNTS tag=MONASH species=Xi_b0 pdg=5232 slice=all p=44 a=56 file=/data/alice/ipardoza/hadronization_production/HF_RUN3_V1/raw/MONASH/hf_MONASH_job205.root
SIGMAB_COUNTS tag=MONASH species=Xi_b0 pdg=5232 slice=eta_lt_1 p=7 a=4 file=/data/alice/ipardoza/hadronization_production/HF_RUN3_V1/raw/MONASH/hf_MONASH_job205.root
SIGMAB_COUNTS tag=MONASH species=Xi_b0 pdg=5232 slice=eta_1_2 p=10 a=20 file=/data/alice/ipardoza/hadronization_production/HF_RUN3_V1/raw/MONASH/hf_MONASH_job205.root
SIGMAB_COUNTS tag=MONASH species=Xi_b0 pdg=5232 slice=eta_ge_2 p=27 a=32 file=/data/alice/ipardoza/hadronization_production/HF_RUN3_V1/raw/MONASH/hf_MONASH_job205.root
SIGMAB_COUNTS tag=MONASH species=Xi_b- pdg=5132 slice=all p=54 a=59 file=/data/alice/ipardoza/hadronization_production/HF_RUN3_V1/raw/MONASH/hf_MONASH_job205.root
SIGMAB_COUNTS tag=MONASH species=Xi_b- pdg=5132 slice=eta_lt_1 p=11 a=10 file=/data/alice/ipardoza/hadronization_production/HF_RUN3_V1/raw/MONASH/hf_MONASH_job205.root
SIGMAB_COUNTS tag=MONASH species=Xi_b- pdg=5132 slice=eta_1_2 p=14 a=13 file=/data/alice/ipardoza/hadronization_production/HF_RUN3_V1/raw/MONASH/hf_MONASH_job205.root
SIGMAB_COUNTS tag=MONASH species=Xi_b- pdg=5132 slice=eta_ge_2 p=29 a=36 file=/data/alice/ipardoza/hadronization_production/HF_RUN3_V1/raw/MONASH/hf_MONASH_job205.root
SIGMAB_COUNTS tag=MONASH species=Sigma_b+ pdg=5222 slice=all p=30 a=22 file=/data/alice/ipardoza/hadronization_production/HF_RUN3_V1/raw/MONASH/hf_MONASH_job206.root
SIGMAB_COUNTS tag=MONASH species=Sigma_b+ pdg=5222 slice=eta_lt_1 p=6 a=4 file=/data/alice/ipardoza/hadronization_production/HF_RUN3_V1/raw/MONASH/hf_MONASH_job206.root
SIGMAB_COUNTS tag=MONASH species=Sigma_b+ pdg=5222 slice=eta_1_2 p=7 a=7 file=/data/alice/ipardoza/hadronization_production/HF_RUN3_V1/raw/MONASH/hf_MONASH_job206.root
SIGMAB_COUNTS tag=MONASH species=Sigma_b+ pdg=5222 slice=eta_ge_2 p=17 a=11 file=/data/alice/ipardoza/hadronization_production/HF_RUN3_V1/raw/MONASH/hf_MONASH_job206.root
SIGMAB_COUNTS tag=MONASH species=Sigma_b0 pdg=5212 slice=all p=36 a=17 file=/data/alice/ipardoza/hadronization_production/HF_RUN3_V1/raw/MONASH/hf_MONASH_job206.root
SIGMAB_COUNTS tag=MONASH species=Sigma_b0 pdg=5212 slice=eta_lt_1 p=7 a=4 file=/data/alice/ipardoza/hadronization_production/HF_RUN3_V1/raw/MONASH/hf_MONASH_job206.root
SIGMAB_COUNTS tag=MONASH species=Sigma_b0 pdg=5212 slice=eta_1_2 p=8 a=4 file=/data/alice/ipardoza/hadronization_production/HF_RUN3_V1/raw/MONASH/hf_MONASH_job206.root
SIGMAB_COUNTS tag=MONASH species=Sigma_b0 pdg=5212 slice=eta_ge_2 p=21 a=9 file=/data/alice/ipardoza/hadronization_production/HF_RUN3_V1/raw/MONASH/hf_MONASH_job206.root
SIGMAB_COUNTS tag=MONASH species=Sigma_b- pdg=5112 slice=all p=29 a=21 file=/data/alice/ipardoza/hadronization_production/HF_RUN3_V1/raw/MONASH/hf_MONASH_job206.root
SIGMAB_COUNTS tag=MONASH species=Sigma_b- pdg=5112 slice=eta_lt_1 p=3 a=1 file=/data/alice/ipardoza/hadronization_production/HF_RUN3_V1/raw/MONASH/hf_MONASH_job206.root
SIGMAB_COUNTS tag=MONASH species=Sigma_b- pdg=5112 slice=eta_1_2 p=9 a=5 file=/data/alice/ipardoza/hadronization_production/HF_RUN3_V1/raw/MONASH/hf_MONASH_job206.root
SIGMAB_COUNTS tag=MONASH species=Sigma_b- pdg=5112 slice=eta_ge_2 p=17 a=15 file=/data/alice/ipardoza/hadronization_production/HF_RUN3_V1/raw/MONASH/hf_MONASH_job206.root
SIGMAB_COUNTS tag=MONASH species=Sigma*_b+ pdg=5224 slice=all p=45 a=38 file=/data/alice/ipardoza/hadronization_production/HF_RUN3_V1/raw/MONASH/hf_MONASH_job206.root
SIGMAB_COUNTS tag=MONASH species=Sigma*_b+ pdg=5224 slice=eta_lt_1 p=17 a=8 file=/data/alice/ipardoza/hadronization_production/HF_RUN3_V1/raw/MONASH/hf_MONASH_job206.root
SIGMAB_COUNTS tag=MONASH species=Sigma*_b+ pdg=5224 slice=eta_1_2 p=3 a=4 file=/data/alice/ipardoza/hadronization_production/HF_RUN3_V1/raw/MONASH/hf_MONASH_job206.root
SIGMAB_COUNTS tag=MONASH species=Sigma*_b+ pdg=5224 slice=eta_ge_2 p=25 a=26 file=/data/alice/ipardoza/hadronization_production/HF_RUN3_V1/raw/MONASH/hf_MONASH_job206.root
SIGMAB_COUNTS tag=MONASH species=Sigma*_b0 pdg=5214 slice=all p=43 a=37 file=/data/alice/ipardoza/hadronization_production/HF_RUN3_V1/raw/MONASH/hf_MONASH_job206.root
SIGMAB_COUNTS tag=MONASH species=Sigma*_b0 pdg=5214 slice=eta_lt_1 p=6 a=4 file=/data/alice/ipardoza/hadronization_production/HF_RUN3_V1/raw/MONASH/hf_MONASH_job206.root
SIGMAB_COUNTS tag=MONASH species=Sigma*_b0 pdg=5214 slice=eta_1_2 p=10 a=7 file=/data/alice/ipardoza/hadronization_production/HF_RUN3_V1/raw/MONASH/hf_MONASH_job206.root
SIGMAB_COUNTS tag=MONASH species=Sigma*_b0 pdg=5214 slice=eta_ge_2 p=27 a=26 file=/data/alice/ipardoza/hadronization_production/HF_RUN3_V1/raw/MONASH/hf_MONASH_job206.root
SIGMAB_COUNTS tag=MONASH species=Sigma*_b- pdg=5114 slice=all p=56 a=36 file=/data/alice/ipardoza/hadronization_production/HF_RUN3_V1/raw/MONASH/hf_MONASH_job206.root
SIGMAB_COUNTS tag=MONASH species=Sigma*_b- pdg=5114 slice=eta_lt_1 p=8 a=13 file=/data/alice/ipardoza/hadronization_production/HF_RUN3_V1/raw/MONASH/hf_MONASH_job206.root
SIGMAB_COUNTS tag=MONASH species=Sigma*_b- pdg=5114 slice=eta_1_2 p=15 a=6 file=/data/alice/ipardoza/hadronization_production/HF_RUN3_V1/raw/MONASH/hf_MONASH_job206.root
SIGMAB_COUNTS tag=MONASH species=Sigma*_b- pdg=5114 slice=eta_ge_2 p=33 a=17 file=/data/alice/ipardoza/hadronization_production/HF_RUN3_V1/raw/MONASH/hf_MONASH_job206.root
SIGMAB_COUNTS tag=MONASH species=Lambda_b0 pdg=5122 slice=all p=308 a=311 file=/data/alice/ipardoza/hadronization_production/HF_RUN3_V1/raw/MONASH/hf_MONASH_job206.root
SIGMAB_COUNTS tag=MONASH species=Lambda_b0 pdg=5122 slice=eta_lt_1 p=65 a=59 file=/data/alice/ipardoza/hadronization_production/HF_RUN3_V1/raw/MONASH/hf_MONASH_job206.root
SIGMAB_COUNTS tag=MONASH species=Lambda_b0 pdg=5122 slice=eta_1_2 p=70 a=64 file=/data/alice/ipardoza/hadronization_production/HF_RUN3_V1/raw/MONASH/hf_MONASH_job206.root
SIGMAB_COUNTS tag=MONASH species=Lambda_b0 pdg=5122 slice=eta_ge_2 p=173 a=188 file=/data/alice/ipardoza/hadronization_production/HF_RUN3_V1/raw/MONASH/hf_MONASH_job206.root
SIGMAB_COUNTS tag=MONASH species=Xi_b0 pdg=5232 slice=all p=50 a=58 file=/data/alice/ipardoza/hadronization_production/HF_RUN3_V1/raw/MONASH/hf_MONASH_job206.root
SIGMAB_COUNTS tag=MONASH species=Xi_b0 pdg=5232 slice=eta_lt_1 p=4 a=10 file=/data/alice/ipardoza/hadronization_production/HF_RUN3_V1/raw/MONASH/hf_MONASH_job206.root
SIGMAB_COUNTS tag=MONASH species=Xi_b0 pdg=5232 slice=eta_1_2 p=17 a=11 file=/data/alice/ipardoza/hadronization_production/HF_RUN3_V1/raw/MONASH/hf_MONASH_job206.root
SIGMAB_COUNTS tag=MONASH species=Xi_b0 pdg=5232 slice=eta_ge_2 p=29 a=37 file=/data/alice/ipardoza/hadronization_production/HF_RUN3_V1/raw/MONASH/hf_MONASH_job206.root
SIGMAB_COUNTS tag=MONASH species=Xi_b- pdg=5132 slice=all p=49 a=63 file=/data/alice/ipardoza/hadronization_production/HF_RUN3_V1/raw/MONASH/hf_MONASH_job206.root
SIGMAB_COUNTS tag=MONASH species=Xi_b- pdg=5132 slice=eta_lt_1 p=5 a=14 file=/data/alice/ipardoza/hadronization_production/HF_RUN3_V1/raw/MONASH/hf_MONASH_job206.root
SIGMAB_COUNTS tag=MONASH species=Xi_b- pdg=5132 slice=eta_1_2 p=13 a=18 file=/data/alice/ipardoza/hadronization_production/HF_RUN3_V1/raw/MONASH/hf_MONASH_job206.root
SIGMAB_COUNTS tag=MONASH species=Xi_b- pdg=5132 slice=eta_ge_2 p=31 a=31 file=/data/alice/ipardoza/hadronization_production/HF_RUN3_V1/raw/MONASH/hf_MONASH_job206.root
SIGMAB_COUNTS tag=MONASH species=Sigma_b+ pdg=5222 slice=all p=33 a=18 file=/data/alice/ipardoza/hadronization_production/HF_RUN3_V1/raw/MONASH/hf_MONASH_job207.root
SIGMAB_COUNTS tag=MONASH species=Sigma_b+ pdg=5222 slice=eta_lt_1 p=6 a=4 file=/data/alice/ipardoza/hadronization_production/HF_RUN3_V1/raw/MONASH/hf_MONASH_job207.root
SIGMAB_COUNTS tag=MONASH species=Sigma_b+ pdg=5222 slice=eta_1_2 p=9 a=6 file=/data/alice/ipardoza/hadronization_production/HF_RUN3_V1/raw/MONASH/hf_MONASH_job207.root
SIGMAB_COUNTS tag=MONASH species=Sigma_b+ pdg=5222 slice=eta_ge_2 p=18 a=8 file=/data/alice/ipardoza/hadronization_production/HF_RUN3_V1/raw/MONASH/hf_MONASH_job207.root
SIGMAB_COUNTS tag=MONASH species=Sigma_b0 pdg=5212 slice=all p=23 a=12 file=/data/alice/ipardoza/hadronization_production/HF_RUN3_V1/raw/MONASH/hf_MONASH_job207.root
SIGMAB_COUNTS tag=MONASH species=Sigma_b0 pdg=5212 slice=eta_lt_1 p=8 a=4 file=/data/alice/ipardoza/hadronization_production/HF_RUN3_V1/raw/MONASH/hf_MONASH_job207.root
SIGMAB_COUNTS tag=MONASH species=Sigma_b0 pdg=5212 slice=eta_1_2 p=1 a=2 file=/data/alice/ipardoza/hadronization_production/HF_RUN3_V1/raw/MONASH/hf_MONASH_job207.root
SIGMAB_COUNTS tag=MONASH species=Sigma_b0 pdg=5212 slice=eta_ge_2 p=14 a=6 file=/data/alice/ipardoza/hadronization_production/HF_RUN3_V1/raw/MONASH/hf_MONASH_job207.root
SIGMAB_COUNTS tag=MONASH species=Sigma_b- pdg=5112 slice=all p=44 a=17 file=/data/alice/ipardoza/hadronization_production/HF_RUN3_V1/raw/MONASH/hf_MONASH_job207.root
SIGMAB_COUNTS tag=MONASH species=Sigma_b- pdg=5112 slice=eta_lt_1 p=5 a=1 file=/data/alice/ipardoza/hadronization_production/HF_RUN3_V1/raw/MONASH/hf_MONASH_job207.root
SIGMAB_COUNTS tag=MONASH species=Sigma_b- pdg=5112 slice=eta_1_2 p=14 a=5 file=/data/alice/ipardoza/hadronization_production/HF_RUN3_V1/raw/MONASH/hf_MONASH_job207.root
SIGMAB_COUNTS tag=MONASH species=Sigma_b- pdg=5112 slice=eta_ge_2 p=25 a=11 file=/data/alice/ipardoza/hadronization_production/HF_RUN3_V1/raw/MONASH/hf_MONASH_job207.root
SIGMAB_COUNTS tag=MONASH species=Sigma*_b+ pdg=5224 slice=all p=43 a=53 file=/data/alice/ipardoza/hadronization_production/HF_RUN3_V1/raw/MONASH/hf_MONASH_job207.root
SIGMAB_COUNTS tag=MONASH species=Sigma*_b+ pdg=5224 slice=eta_lt_1 p=5 a=7 file=/data/alice/ipardoza/hadronization_production/HF_RUN3_V1/raw/MONASH/hf_MONASH_job207.root
SIGMAB_COUNTS tag=MONASH species=Sigma*_b+ pdg=5224 slice=eta_1_2 p=8 a=10 file=/data/alice/ipardoza/hadronization_production/HF_RUN3_V1/raw/MONASH/hf_MONASH_job207.root
SIGMAB_COUNTS tag=MONASH species=Sigma*_b+ pdg=5224 slice=eta_ge_2 p=30 a=36 file=/data/alice/ipardoza/hadronization_production/HF_RUN3_V1/raw/MONASH/hf_MONASH_job207.root
SIGMAB_COUNTS tag=MONASH species=Sigma*_b0 pdg=5214 slice=all p=53 a=33 file=/data/alice/ipardoza/hadronization_production/HF_RUN3_V1/raw/MONASH/hf_MONASH_job207.root
SIGMAB_COUNTS tag=MONASH species=Sigma*_b0 pdg=5214 slice=eta_lt_1 p=11 a=3 file=/data/alice/ipardoza/hadronization_production/HF_RUN3_V1/raw/MONASH/hf_MONASH_job207.root
SIGMAB_COUNTS tag=MONASH species=Sigma*_b0 pdg=5214 slice=eta_1_2 p=8 a=12 file=/data/alice/ipardoza/hadronization_production/HF_RUN3_V1/raw/MONASH/hf_MONASH_job207.root
SIGMAB_COUNTS tag=MONASH species=Sigma*_b0 pdg=5214 slice=eta_ge_2 p=34 a=18 file=/data/alice/ipardoza/hadronization_production/HF_RUN3_V1/raw/MONASH/hf_MONASH_job207.root
SIGMAB_COUNTS tag=MONASH species=Sigma*_b- pdg=5114 slice=all p=61 a=31 file=/data/alice/ipardoza/hadronization_production/HF_RUN3_V1/raw/MONASH/hf_MONASH_job207.root
SIGMAB_COUNTS tag=MONASH species=Sigma*_b- pdg=5114 slice=eta_lt_1 p=12 a=8 file=/data/alice/ipardoza/hadronization_production/HF_RUN3_V1/raw/MONASH/hf_MONASH_job207.root
SIGMAB_COUNTS tag=MONASH species=Sigma*_b- pdg=5114 slice=eta_1_2 p=9 a=5 file=/data/alice/ipardoza/hadronization_production/HF_RUN3_V1/raw/MONASH/hf_MONASH_job207.root
SIGMAB_COUNTS tag=MONASH species=Sigma*_b- pdg=5114 slice=eta_ge_2 p=40 a=18 file=/data/alice/ipardoza/hadronization_production/HF_RUN3_V1/raw/MONASH/hf_MONASH_job207.root
SIGMAB_COUNTS tag=MONASH species=Lambda_b0 pdg=5122 slice=all p=283 a=318 file=/data/alice/ipardoza/hadronization_production/HF_RUN3_V1/raw/MONASH/hf_MONASH_job207.root
SIGMAB_COUNTS tag=MONASH species=Lambda_b0 pdg=5122 slice=eta_lt_1 p=64 a=48 file=/data/alice/ipardoza/hadronization_production/HF_RUN3_V1/raw/MONASH/hf_MONASH_job207.root
SIGMAB_COUNTS tag=MONASH species=Lambda_b0 pdg=5122 slice=eta_1_2 p=51 a=70 file=/data/alice/ipardoza/hadronization_production/HF_RUN3_V1/raw/MONASH/hf_MONASH_job207.root
SIGMAB_COUNTS tag=MONASH species=Lambda_b0 pdg=5122 slice=eta_ge_2 p=168 a=200 file=/data/alice/ipardoza/hadronization_production/HF_RUN3_V1/raw/MONASH/hf_MONASH_job207.root
SIGMAB_COUNTS tag=MONASH species=Xi_b0 pdg=5232 slice=all p=55 a=52 file=/data/alice/ipardoza/hadronization_production/HF_RUN3_V1/raw/MONASH/hf_MONASH_job207.root
SIGMAB_COUNTS tag=MONASH species=Xi_b0 pdg=5232 slice=eta_lt_1 p=9 a=10 file=/data/alice/ipardoza/hadronization_production/HF_RUN3_V1/raw/MONASH/hf_MONASH_job207.root
SIGMAB_COUNTS tag=MONASH species=Xi_b0 pdg=5232 slice=eta_1_2 p=11 a=15 file=/data/alice/ipardoza/hadronization_production/HF_RUN3_V1/raw/MONASH/hf_MONASH_job207.root
SIGMAB_COUNTS tag=MONASH species=Xi_b0 pdg=5232 slice=eta_ge_2 p=35 a=27 file=/data/alice/ipardoza/hadronization_production/HF_RUN3_V1/raw/MONASH/hf_MONASH_job207.root
SIGMAB_COUNTS tag=MONASH species=Xi_b- pdg=5132 slice=all p=60 a=56 file=/data/alice/ipardoza/hadronization_production/HF_RUN3_V1/raw/MONASH/hf_MONASH_job207.root
SIGMAB_COUNTS tag=MONASH species=Xi_b- pdg=5132 slice=eta_lt_1 p=10 a=12 file=/data/alice/ipardoza/hadronization_production/HF_RUN3_V1/raw/MONASH/hf_MONASH_job207.root
SIGMAB_COUNTS tag=MONASH species=Xi_b- pdg=5132 slice=eta_1_2 p=15 a=11 file=/data/alice/ipardoza/hadronization_production/HF_RUN3_V1/raw/MONASH/hf_MONASH_job207.root
SIGMAB_COUNTS tag=MONASH species=Xi_b- pdg=5132 slice=eta_ge_2 p=35 a=33 file=/data/alice/ipardoza/hadronization_production/HF_RUN3_V1/raw/MONASH/hf_MONASH_job207.root
SIGMAB_COUNTS tag=MONASH species=Sigma_b+ pdg=5222 slice=all p=36 a=19 file=/data/alice/ipardoza/hadronization_production/HF_RUN3_V1/raw/MONASH/hf_MONASH_job208.root
SIGMAB_COUNTS tag=MONASH species=Sigma_b+ pdg=5222 slice=eta_lt_1 p=6 a=3 file=/data/alice/ipardoza/hadronization_production/HF_RUN3_V1/raw/MONASH/hf_MONASH_job208.root
SIGMAB_COUNTS tag=MONASH species=Sigma_b+ pdg=5222 slice=eta_1_2 p=7 a=6 file=/data/alice/ipardoza/hadronization_production/HF_RUN3_V1/raw/MONASH/hf_MONASH_job208.root
SIGMAB_COUNTS tag=MONASH species=Sigma_b+ pdg=5222 slice=eta_ge_2 p=23 a=10 file=/data/alice/ipardoza/hadronization_production/HF_RUN3_V1/raw/MONASH/hf_MONASH_job208.root
SIGMAB_COUNTS tag=MONASH species=Sigma_b0 pdg=5212 slice=all p=34 a=17 file=/data/alice/ipardoza/hadronization_production/HF_RUN3_V1/raw/MONASH/hf_MONASH_job208.root
SIGMAB_COUNTS tag=MONASH species=Sigma_b0 pdg=5212 slice=eta_lt_1 p=3 a=1 file=/data/alice/ipardoza/hadronization_production/HF_RUN3_V1/raw/MONASH/hf_MONASH_job208.root
SIGMAB_COUNTS tag=MONASH species=Sigma_b0 pdg=5212 slice=eta_1_2 p=9 a=5 file=/data/alice/ipardoza/hadronization_production/HF_RUN3_V1/raw/MONASH/hf_MONASH_job208.root
SIGMAB_COUNTS tag=MONASH species=Sigma_b0 pdg=5212 slice=eta_ge_2 p=22 a=11 file=/data/alice/ipardoza/hadronization_production/HF_RUN3_V1/raw/MONASH/hf_MONASH_job208.root
SIGMAB_COUNTS tag=MONASH species=Sigma_b- pdg=5112 slice=all p=39 a=20 file=/data/alice/ipardoza/hadronization_production/HF_RUN3_V1/raw/MONASH/hf_MONASH_job208.root
SIGMAB_COUNTS tag=MONASH species=Sigma_b- pdg=5112 slice=eta_lt_1 p=5 a=4 file=/data/alice/ipardoza/hadronization_production/HF_RUN3_V1/raw/MONASH/hf_MONASH_job208.root
SIGMAB_COUNTS tag=MONASH species=Sigma_b- pdg=5112 slice=eta_1_2 p=7 a=2 file=/data/alice/ipardoza/hadronization_production/HF_RUN3_V1/raw/MONASH/hf_MONASH_job208.root
SIGMAB_COUNTS tag=MONASH species=Sigma_b- pdg=5112 slice=eta_ge_2 p=27 a=14 file=/data/alice/ipardoza/hadronization_production/HF_RUN3_V1/raw/MONASH/hf_MONASH_job208.root
SIGMAB_COUNTS tag=MONASH species=Sigma*_b+ pdg=5224 slice=all p=54 a=48 file=/data/alice/ipardoza/hadronization_production/HF_RUN3_V1/raw/MONASH/hf_MONASH_job208.root
SIGMAB_COUNTS tag=MONASH species=Sigma*_b+ pdg=5224 slice=eta_lt_1 p=8 a=8 file=/data/alice/ipardoza/hadronization_production/HF_RUN3_V1/raw/MONASH/hf_MONASH_job208.root
SIGMAB_COUNTS tag=MONASH species=Sigma*_b+ pdg=5224 slice=eta_1_2 p=10 a=12 file=/data/alice/ipardoza/hadronization_production/HF_RUN3_V1/raw/MONASH/hf_MONASH_job208.root
SIGMAB_COUNTS tag=MONASH species=Sigma*_b+ pdg=5224 slice=eta_ge_2 p=36 a=28 file=/data/alice/ipardoza/hadronization_production/HF_RUN3_V1/raw/MONASH/hf_MONASH_job208.root
SIGMAB_COUNTS tag=MONASH species=Sigma*_b0 pdg=5214 slice=all p=67 a=34 file=/data/alice/ipardoza/hadronization_production/HF_RUN3_V1/raw/MONASH/hf_MONASH_job208.root
SIGMAB_COUNTS tag=MONASH species=Sigma*_b0 pdg=5214 slice=eta_lt_1 p=12 a=5 file=/data/alice/ipardoza/hadronization_production/HF_RUN3_V1/raw/MONASH/hf_MONASH_job208.root
SIGMAB_COUNTS tag=MONASH species=Sigma*_b0 pdg=5214 slice=eta_1_2 p=15 a=9 file=/data/alice/ipardoza/hadronization_production/HF_RUN3_V1/raw/MONASH/hf_MONASH_job208.root
SIGMAB_COUNTS tag=MONASH species=Sigma*_b0 pdg=5214 slice=eta_ge_2 p=40 a=20 file=/data/alice/ipardoza/hadronization_production/HF_RUN3_V1/raw/MONASH/hf_MONASH_job208.root
SIGMAB_COUNTS tag=MONASH species=Sigma*_b- pdg=5114 slice=all p=57 a=53 file=/data/alice/ipardoza/hadronization_production/HF_RUN3_V1/raw/MONASH/hf_MONASH_job208.root
SIGMAB_COUNTS tag=MONASH species=Sigma*_b- pdg=5114 slice=eta_lt_1 p=5 a=8 file=/data/alice/ipardoza/hadronization_production/HF_RUN3_V1/raw/MONASH/hf_MONASH_job208.root
SIGMAB_COUNTS tag=MONASH species=Sigma*_b- pdg=5114 slice=eta_1_2 p=14 a=18 file=/data/alice/ipardoza/hadronization_production/HF_RUN3_V1/raw/MONASH/hf_MONASH_job208.root
SIGMAB_COUNTS tag=MONASH species=Sigma*_b- pdg=5114 slice=eta_ge_2 p=38 a=27 file=/data/alice/ipardoza/hadronization_production/HF_RUN3_V1/raw/MONASH/hf_MONASH_job208.root
SIGMAB_COUNTS tag=MONASH species=Lambda_b0 pdg=5122 slice=all p=331 a=290 file=/data/alice/ipardoza/hadronization_production/HF_RUN3_V1/raw/MONASH/hf_MONASH_job208.root
SIGMAB_COUNTS tag=MONASH species=Lambda_b0 pdg=5122 slice=eta_lt_1 p=70 a=74 file=/data/alice/ipardoza/hadronization_production/HF_RUN3_V1/raw/MONASH/hf_MONASH_job208.root
SIGMAB_COUNTS tag=MONASH species=Lambda_b0 pdg=5122 slice=eta_1_2 p=75 a=70 file=/data/alice/ipardoza/hadronization_production/HF_RUN3_V1/raw/MONASH/hf_MONASH_job208.root
SIGMAB_COUNTS tag=MONASH species=Lambda_b0 pdg=5122 slice=eta_ge_2 p=186 a=146 file=/data/alice/ipardoza/hadronization_production/HF_RUN3_V1/raw/MONASH/hf_MONASH_job208.root
SIGMAB_COUNTS tag=MONASH species=Xi_b0 pdg=5232 slice=all p=60 a=55 file=/data/alice/ipardoza/hadronization_production/HF_RUN3_V1/raw/MONASH/hf_MONASH_job208.root
SIGMAB_COUNTS tag=MONASH species=Xi_b0 pdg=5232 slice=eta_lt_1 p=10 a=10 file=/data/alice/ipardoza/hadronization_production/HF_RUN3_V1/raw/MONASH/hf_MONASH_job208.root
SIGMAB_COUNTS tag=MONASH species=Xi_b0 pdg=5232 slice=eta_1_2 p=17 a=13 file=/data/alice/ipardoza/hadronization_production/HF_RUN3_V1/raw/MONASH/hf_MONASH_job208.root
SIGMAB_COUNTS tag=MONASH species=Xi_b0 pdg=5232 slice=eta_ge_2 p=33 a=32 file=/data/alice/ipardoza/hadronization_production/HF_RUN3_V1/raw/MONASH/hf_MONASH_job208.root
SIGMAB_COUNTS tag=MONASH species=Xi_b- pdg=5132 slice=all p=70 a=66 file=/data/alice/ipardoza/hadronization_production/HF_RUN3_V1/raw/MONASH/hf_MONASH_job208.root
SIGMAB_COUNTS tag=MONASH species=Xi_b- pdg=5132 slice=eta_lt_1 p=9 a=12 file=/data/alice/ipardoza/hadronization_production/HF_RUN3_V1/raw/MONASH/hf_MONASH_job208.root
SIGMAB_COUNTS tag=MONASH species=Xi_b- pdg=5132 slice=eta_1_2 p=19 a=17 file=/data/alice/ipardoza/hadronization_production/HF_RUN3_V1/raw/MONASH/hf_MONASH_job208.root
SIGMAB_COUNTS tag=MONASH species=Xi_b- pdg=5132 slice=eta_ge_2 p=42 a=37 file=/data/alice/ipardoza/hadronization_production/HF_RUN3_V1/raw/MONASH/hf_MONASH_job208.root
SIGMAB_COUNTS tag=MONASH species=Sigma_b+ pdg=5222 slice=all p=30 a=16 file=/data/alice/ipardoza/hadronization_production/HF_RUN3_V1/raw/MONASH/hf_MONASH_job209.root
SIGMAB_COUNTS tag=MONASH species=Sigma_b+ pdg=5222 slice=eta_lt_1 p=8 a=4 file=/data/alice/ipardoza/hadronization_production/HF_RUN3_V1/raw/MONASH/hf_MONASH_job209.root
SIGMAB_COUNTS tag=MONASH species=Sigma_b+ pdg=5222 slice=eta_1_2 p=3 a=3 file=/data/alice/ipardoza/hadronization_production/HF_RUN3_V1/raw/MONASH/hf_MONASH_job209.root
SIGMAB_COUNTS tag=MONASH species=Sigma_b+ pdg=5222 slice=eta_ge_2 p=19 a=9 file=/data/alice/ipardoza/hadronization_production/HF_RUN3_V1/raw/MONASH/hf_MONASH_job209.root
SIGMAB_COUNTS tag=MONASH species=Sigma_b0 pdg=5212 slice=all p=36 a=17 file=/data/alice/ipardoza/hadronization_production/HF_RUN3_V1/raw/MONASH/hf_MONASH_job209.root
SIGMAB_COUNTS tag=MONASH species=Sigma_b0 pdg=5212 slice=eta_lt_1 p=5 a=4 file=/data/alice/ipardoza/hadronization_production/HF_RUN3_V1/raw/MONASH/hf_MONASH_job209.root
SIGMAB_COUNTS tag=MONASH species=Sigma_b0 pdg=5212 slice=eta_1_2 p=7 a=1 file=/data/alice/ipardoza/hadronization_production/HF_RUN3_V1/raw/MONASH/hf_MONASH_job209.root
SIGMAB_COUNTS tag=MONASH species=Sigma_b0 pdg=5212 slice=eta_ge_2 p=24 a=12 file=/data/alice/ipardoza/hadronization_production/HF_RUN3_V1/raw/MONASH/hf_MONASH_job209.root
SIGMAB_COUNTS tag=MONASH species=Sigma_b- pdg=5112 slice=all p=39 a=20 file=/data/alice/ipardoza/hadronization_production/HF_RUN3_V1/raw/MONASH/hf_MONASH_job209.root
SIGMAB_COUNTS tag=MONASH species=Sigma_b- pdg=5112 slice=eta_lt_1 p=6 a=2 file=/data/alice/ipardoza/hadronization_production/HF_RUN3_V1/raw/MONASH/hf_MONASH_job209.root
SIGMAB_COUNTS tag=MONASH species=Sigma_b- pdg=5112 slice=eta_1_2 p=2 a=6 file=/data/alice/ipardoza/hadronization_production/HF_RUN3_V1/raw/MONASH/hf_MONASH_job209.root
SIGMAB_COUNTS tag=MONASH species=Sigma_b- pdg=5112 slice=eta_ge_2 p=31 a=12 file=/data/alice/ipardoza/hadronization_production/HF_RUN3_V1/raw/MONASH/hf_MONASH_job209.root
SIGMAB_COUNTS tag=MONASH species=Sigma*_b+ pdg=5224 slice=all p=58 a=33 file=/data/alice/ipardoza/hadronization_production/HF_RUN3_V1/raw/MONASH/hf_MONASH_job209.root
SIGMAB_COUNTS tag=MONASH species=Sigma*_b+ pdg=5224 slice=eta_lt_1 p=17 a=5 file=/data/alice/ipardoza/hadronization_production/HF_RUN3_V1/raw/MONASH/hf_MONASH_job209.root
SIGMAB_COUNTS tag=MONASH species=Sigma*_b+ pdg=5224 slice=eta_1_2 p=7 a=8 file=/data/alice/ipardoza/hadronization_production/HF_RUN3_V1/raw/MONASH/hf_MONASH_job209.root
SIGMAB_COUNTS tag=MONASH species=Sigma*_b+ pdg=5224 slice=eta_ge_2 p=34 a=20 file=/data/alice/ipardoza/hadronization_production/HF_RUN3_V1/raw/MONASH/hf_MONASH_job209.root
SIGMAB_COUNTS tag=MONASH species=Sigma*_b0 pdg=5214 slice=all p=47 a=41 file=/data/alice/ipardoza/hadronization_production/HF_RUN3_V1/raw/MONASH/hf_MONASH_job209.root
SIGMAB_COUNTS tag=MONASH species=Sigma*_b0 pdg=5214 slice=eta_lt_1 p=7 a=10 file=/data/alice/ipardoza/hadronization_production/HF_RUN3_V1/raw/MONASH/hf_MONASH_job209.root
SIGMAB_COUNTS tag=MONASH species=Sigma*_b0 pdg=5214 slice=eta_1_2 p=13 a=9 file=/data/alice/ipardoza/hadronization_production/HF_RUN3_V1/raw/MONASH/hf_MONASH_job209.root
SIGMAB_COUNTS tag=MONASH species=Sigma*_b0 pdg=5214 slice=eta_ge_2 p=27 a=22 file=/data/alice/ipardoza/hadronization_production/HF_RUN3_V1/raw/MONASH/hf_MONASH_job209.root
SIGMAB_COUNTS tag=MONASH species=Sigma*_b- pdg=5114 slice=all p=46 a=40 file=/data/alice/ipardoza/hadronization_production/HF_RUN3_V1/raw/MONASH/hf_MONASH_job209.root
SIGMAB_COUNTS tag=MONASH species=Sigma*_b- pdg=5114 slice=eta_lt_1 p=6 a=8 file=/data/alice/ipardoza/hadronization_production/HF_RUN3_V1/raw/MONASH/hf_MONASH_job209.root
SIGMAB_COUNTS tag=MONASH species=Sigma*_b- pdg=5114 slice=eta_1_2 p=6 a=9 file=/data/alice/ipardoza/hadronization_production/HF_RUN3_V1/raw/MONASH/hf_MONASH_job209.root
SIGMAB_COUNTS tag=MONASH species=Sigma*_b- pdg=5114 slice=eta_ge_2 p=34 a=23 file=/data/alice/ipardoza/hadronization_production/HF_RUN3_V1/raw/MONASH/hf_MONASH_job209.root
SIGMAB_COUNTS tag=MONASH species=Lambda_b0 pdg=5122 slice=all p=301 a=307 file=/data/alice/ipardoza/hadronization_production/HF_RUN3_V1/raw/MONASH/hf_MONASH_job209.root
SIGMAB_COUNTS tag=MONASH species=Lambda_b0 pdg=5122 slice=eta_lt_1 p=60 a=55 file=/data/alice/ipardoza/hadronization_production/HF_RUN3_V1/raw/MONASH/hf_MONASH_job209.root
SIGMAB_COUNTS tag=MONASH species=Lambda_b0 pdg=5122 slice=eta_1_2 p=55 a=64 file=/data/alice/ipardoza/hadronization_production/HF_RUN3_V1/raw/MONASH/hf_MONASH_job209.root
SIGMAB_COUNTS tag=MONASH species=Lambda_b0 pdg=5122 slice=eta_ge_2 p=186 a=188 file=/data/alice/ipardoza/hadronization_production/HF_RUN3_V1/raw/MONASH/hf_MONASH_job209.root
SIGMAB_COUNTS tag=MONASH species=Xi_b0 pdg=5232 slice=all p=52 a=49 file=/data/alice/ipardoza/hadronization_production/HF_RUN3_V1/raw/MONASH/hf_MONASH_job209.root
SIGMAB_COUNTS tag=MONASH species=Xi_b0 pdg=5232 slice=eta_lt_1 p=8 a=11 file=/data/alice/ipardoza/hadronization_production/HF_RUN3_V1/raw/MONASH/hf_MONASH_job209.root
SIGMAB_COUNTS tag=MONASH species=Xi_b0 pdg=5232 slice=eta_1_2 p=13 a=8 file=/data/alice/ipardoza/hadronization_production/HF_RUN3_V1/raw/MONASH/hf_MONASH_job209.root
SIGMAB_COUNTS tag=MONASH species=Xi_b0 pdg=5232 slice=eta_ge_2 p=31 a=30 file=/data/alice/ipardoza/hadronization_production/HF_RUN3_V1/raw/MONASH/hf_MONASH_job209.root
SIGMAB_COUNTS tag=MONASH species=Xi_b- pdg=5132 slice=all p=68 a=62 file=/data/alice/ipardoza/hadronization_production/HF_RUN3_V1/raw/MONASH/hf_MONASH_job209.root
SIGMAB_COUNTS tag=MONASH species=Xi_b- pdg=5132 slice=eta_lt_1 p=11 a=16 file=/data/alice/ipardoza/hadronization_production/HF_RUN3_V1/raw/MONASH/hf_MONASH_job209.root
SIGMAB_COUNTS tag=MONASH species=Xi_b- pdg=5132 slice=eta_1_2 p=19 a=10 file=/data/alice/ipardoza/hadronization_production/HF_RUN3_V1/raw/MONASH/hf_MONASH_job209.root
SIGMAB_COUNTS tag=MONASH species=Xi_b- pdg=5132 slice=eta_ge_2 p=38 a=36 file=/data/alice/ipardoza/hadronization_production/HF_RUN3_V1/raw/MONASH/hf_MONASH_job209.root
SIGMAB_COUNTS tag=MONASH species=Sigma_b+ pdg=5222 slice=all p=33 a=24 file=/data/alice/ipardoza/hadronization_production/HF_RUN3_V1/raw/MONASH/hf_MONASH_job210.root
SIGMAB_COUNTS tag=MONASH species=Sigma_b+ pdg=5222 slice=eta_lt_1 p=6 a=7 file=/data/alice/ipardoza/hadronization_production/HF_RUN3_V1/raw/MONASH/hf_MONASH_job210.root
SIGMAB_COUNTS tag=MONASH species=Sigma_b+ pdg=5222 slice=eta_1_2 p=4 a=6 file=/data/alice/ipardoza/hadronization_production/HF_RUN3_V1/raw/MONASH/hf_MONASH_job210.root
SIGMAB_COUNTS tag=MONASH species=Sigma_b+ pdg=5222 slice=eta_ge_2 p=23 a=11 file=/data/alice/ipardoza/hadronization_production/HF_RUN3_V1/raw/MONASH/hf_MONASH_job210.root
SIGMAB_COUNTS tag=MONASH species=Sigma_b0 pdg=5212 slice=all p=47 a=25 file=/data/alice/ipardoza/hadronization_production/HF_RUN3_V1/raw/MONASH/hf_MONASH_job210.root
SIGMAB_COUNTS tag=MONASH species=Sigma_b0 pdg=5212 slice=eta_lt_1 p=3 a=5 file=/data/alice/ipardoza/hadronization_production/HF_RUN3_V1/raw/MONASH/hf_MONASH_job210.root
SIGMAB_COUNTS tag=MONASH species=Sigma_b0 pdg=5212 slice=eta_1_2 p=9 a=3 file=/data/alice/ipardoza/hadronization_production/HF_RUN3_V1/raw/MONASH/hf_MONASH_job210.root
SIGMAB_COUNTS tag=MONASH species=Sigma_b0 pdg=5212 slice=eta_ge_2 p=35 a=17 file=/data/alice/ipardoza/hadronization_production/HF_RUN3_V1/raw/MONASH/hf_MONASH_job210.root
SIGMAB_COUNTS tag=MONASH species=Sigma_b- pdg=5112 slice=all p=34 a=20 file=/data/alice/ipardoza/hadronization_production/HF_RUN3_V1/raw/MONASH/hf_MONASH_job210.root
SIGMAB_COUNTS tag=MONASH species=Sigma_b- pdg=5112 slice=eta_lt_1 p=9 a=2 file=/data/alice/ipardoza/hadronization_production/HF_RUN3_V1/raw/MONASH/hf_MONASH_job210.root
SIGMAB_COUNTS tag=MONASH species=Sigma_b- pdg=5112 slice=eta_1_2 p=7 a=7 file=/data/alice/ipardoza/hadronization_production/HF_RUN3_V1/raw/MONASH/hf_MONASH_job210.root
SIGMAB_COUNTS tag=MONASH species=Sigma_b- pdg=5112 slice=eta_ge_2 p=18 a=11 file=/data/alice/ipardoza/hadronization_production/HF_RUN3_V1/raw/MONASH/hf_MONASH_job210.root
SIGMAB_COUNTS tag=MONASH species=Sigma*_b+ pdg=5224 slice=all p=49 a=32 file=/data/alice/ipardoza/hadronization_production/HF_RUN3_V1/raw/MONASH/hf_MONASH_job210.root
SIGMAB_COUNTS tag=MONASH species=Sigma*_b+ pdg=5224 slice=eta_lt_1 p=13 a=5 file=/data/alice/ipardoza/hadronization_production/HF_RUN3_V1/raw/MONASH/hf_MONASH_job210.root
SIGMAB_COUNTS tag=MONASH species=Sigma*_b+ pdg=5224 slice=eta_1_2 p=7 a=8 file=/data/alice/ipardoza/hadronization_production/HF_RUN3_V1/raw/MONASH/hf_MONASH_job210.root
SIGMAB_COUNTS tag=MONASH species=Sigma*_b+ pdg=5224 slice=eta_ge_2 p=29 a=19 file=/data/alice/ipardoza/hadronization_production/HF_RUN3_V1/raw/MONASH/hf_MONASH_job210.root
SIGMAB_COUNTS tag=MONASH species=Sigma*_b0 pdg=5214 slice=all p=54 a=35 file=/data/alice/ipardoza/hadronization_production/HF_RUN3_V1/raw/MONASH/hf_MONASH_job210.root
SIGMAB_COUNTS tag=MONASH species=Sigma*_b0 pdg=5214 slice=eta_lt_1 p=6 a=7 file=/data/alice/ipardoza/hadronization_production/HF_RUN3_V1/raw/MONASH/hf_MONASH_job210.root
SIGMAB_COUNTS tag=MONASH species=Sigma*_b0 pdg=5214 slice=eta_1_2 p=11 a=4 file=/data/alice/ipardoza/hadronization_production/HF_RUN3_V1/raw/MONASH/hf_MONASH_job210.root
SIGMAB_COUNTS tag=MONASH species=Sigma*_b0 pdg=5214 slice=eta_ge_2 p=37 a=24 file=/data/alice/ipardoza/hadronization_production/HF_RUN3_V1/raw/MONASH/hf_MONASH_job210.root
SIGMAB_COUNTS tag=MONASH species=Sigma*_b- pdg=5114 slice=all p=44 a=41 file=/data/alice/ipardoza/hadronization_production/HF_RUN3_V1/raw/MONASH/hf_MONASH_job210.root
SIGMAB_COUNTS tag=MONASH species=Sigma*_b- pdg=5114 slice=eta_lt_1 p=8 a=4 file=/data/alice/ipardoza/hadronization_production/HF_RUN3_V1/raw/MONASH/hf_MONASH_job210.root
SIGMAB_COUNTS tag=MONASH species=Sigma*_b- pdg=5114 slice=eta_1_2 p=5 a=12 file=/data/alice/ipardoza/hadronization_production/HF_RUN3_V1/raw/MONASH/hf_MONASH_job210.root
SIGMAB_COUNTS tag=MONASH species=Sigma*_b- pdg=5114 slice=eta_ge_2 p=31 a=25 file=/data/alice/ipardoza/hadronization_production/HF_RUN3_V1/raw/MONASH/hf_MONASH_job210.root
SIGMAB_COUNTS tag=MONASH species=Lambda_b0 pdg=5122 slice=all p=335 a=328 file=/data/alice/ipardoza/hadronization_production/HF_RUN3_V1/raw/MONASH/hf_MONASH_job210.root
SIGMAB_COUNTS tag=MONASH species=Lambda_b0 pdg=5122 slice=eta_lt_1 p=56 a=62 file=/data/alice/ipardoza/hadronization_production/HF_RUN3_V1/raw/MONASH/hf_MONASH_job210.root
SIGMAB_COUNTS tag=MONASH species=Lambda_b0 pdg=5122 slice=eta_1_2 p=68 a=75 file=/data/alice/ipardoza/hadronization_production/HF_RUN3_V1/raw/MONASH/hf_MONASH_job210.root
SIGMAB_COUNTS tag=MONASH species=Lambda_b0 pdg=5122 slice=eta_ge_2 p=211 a=191 file=/data/alice/ipardoza/hadronization_production/HF_RUN3_V1/raw/MONASH/hf_MONASH_job210.root
SIGMAB_COUNTS tag=MONASH species=Xi_b0 pdg=5232 slice=all p=65 a=52 file=/data/alice/ipardoza/hadronization_production/HF_RUN3_V1/raw/MONASH/hf_MONASH_job210.root
SIGMAB_COUNTS tag=MONASH species=Xi_b0 pdg=5232 slice=eta_lt_1 p=14 a=7 file=/data/alice/ipardoza/hadronization_production/HF_RUN3_V1/raw/MONASH/hf_MONASH_job210.root
SIGMAB_COUNTS tag=MONASH species=Xi_b0 pdg=5232 slice=eta_1_2 p=16 a=16 file=/data/alice/ipardoza/hadronization_production/HF_RUN3_V1/raw/MONASH/hf_MONASH_job210.root
SIGMAB_COUNTS tag=MONASH species=Xi_b0 pdg=5232 slice=eta_ge_2 p=35 a=29 file=/data/alice/ipardoza/hadronization_production/HF_RUN3_V1/raw/MONASH/hf_MONASH_job210.root
SIGMAB_COUNTS tag=MONASH species=Xi_b- pdg=5132 slice=all p=56 a=52 file=/data/alice/ipardoza/hadronization_production/HF_RUN3_V1/raw/MONASH/hf_MONASH_job210.root
SIGMAB_COUNTS tag=MONASH species=Xi_b- pdg=5132 slice=eta_lt_1 p=10 a=8 file=/data/alice/ipardoza/hadronization_production/HF_RUN3_V1/raw/MONASH/hf_MONASH_job210.root
SIGMAB_COUNTS tag=MONASH species=Xi_b- pdg=5132 slice=eta_1_2 p=10 a=6 file=/data/alice/ipardoza/hadronization_production/HF_RUN3_V1/raw/MONASH/hf_MONASH_job210.root
SIGMAB_COUNTS tag=MONASH species=Xi_b- pdg=5132 slice=eta_ge_2 p=36 a=38 file=/data/alice/ipardoza/hadronization_production/HF_RUN3_V1/raw/MONASH/hf_MONASH_job210.root
SIGMAB_COUNTS tag=MONASH species=Sigma_b+ pdg=5222 slice=all p=32 a=12 file=/data/alice/ipardoza/hadronization_production/HF_RUN3_V1/raw/MONASH/hf_MONASH_job211.root
SIGMAB_COUNTS tag=MONASH species=Sigma_b+ pdg=5222 slice=eta_lt_1 p=4 a=0 file=/data/alice/ipardoza/hadronization_production/HF_RUN3_V1/raw/MONASH/hf_MONASH_job211.root
SIGMAB_COUNTS tag=MONASH species=Sigma_b+ pdg=5222 slice=eta_1_2 p=7 a=0 file=/data/alice/ipardoza/hadronization_production/HF_RUN3_V1/raw/MONASH/hf_MONASH_job211.root
SIGMAB_COUNTS tag=MONASH species=Sigma_b+ pdg=5222 slice=eta_ge_2 p=21 a=12 file=/data/alice/ipardoza/hadronization_production/HF_RUN3_V1/raw/MONASH/hf_MONASH_job211.root
SIGMAB_COUNTS tag=MONASH species=Sigma_b0 pdg=5212 slice=all p=38 a=22 file=/data/alice/ipardoza/hadronization_production/HF_RUN3_V1/raw/MONASH/hf_MONASH_job211.root
SIGMAB_COUNTS tag=MONASH species=Sigma_b0 pdg=5212 slice=eta_lt_1 p=7 a=4 file=/data/alice/ipardoza/hadronization_production/HF_RUN3_V1/raw/MONASH/hf_MONASH_job211.root
SIGMAB_COUNTS tag=MONASH species=Sigma_b0 pdg=5212 slice=eta_1_2 p=7 a=5 file=/data/alice/ipardoza/hadronization_production/HF_RUN3_V1/raw/MONASH/hf_MONASH_job211.root
SIGMAB_COUNTS tag=MONASH species=Sigma_b0 pdg=5212 slice=eta_ge_2 p=24 a=13 file=/data/alice/ipardoza/hadronization_production/HF_RUN3_V1/raw/MONASH/hf_MONASH_job211.root
SIGMAB_COUNTS tag=MONASH species=Sigma_b- pdg=5112 slice=all p=30 a=18 file=/data/alice/ipardoza/hadronization_production/HF_RUN3_V1/raw/MONASH/hf_MONASH_job211.root
SIGMAB_COUNTS tag=MONASH species=Sigma_b- pdg=5112 slice=eta_lt_1 p=1 a=1 file=/data/alice/ipardoza/hadronization_production/HF_RUN3_V1/raw/MONASH/hf_MONASH_job211.root
SIGMAB_COUNTS tag=MONASH species=Sigma_b- pdg=5112 slice=eta_1_2 p=9 a=6 file=/data/alice/ipardoza/hadronization_production/HF_RUN3_V1/raw/MONASH/hf_MONASH_job211.root
SIGMAB_COUNTS tag=MONASH species=Sigma_b- pdg=5112 slice=eta_ge_2 p=20 a=11 file=/data/alice/ipardoza/hadronization_production/HF_RUN3_V1/raw/MONASH/hf_MONASH_job211.root
SIGMAB_COUNTS tag=MONASH species=Sigma*_b+ pdg=5224 slice=all p=60 a=41 file=/data/alice/ipardoza/hadronization_production/HF_RUN3_V1/raw/MONASH/hf_MONASH_job211.root
SIGMAB_COUNTS tag=MONASH species=Sigma*_b+ pdg=5224 slice=eta_lt_1 p=9 a=6 file=/data/alice/ipardoza/hadronization_production/HF_RUN3_V1/raw/MONASH/hf_MONASH_job211.root
SIGMAB_COUNTS tag=MONASH species=Sigma*_b+ pdg=5224 slice=eta_1_2 p=7 a=12 file=/data/alice/ipardoza/hadronization_production/HF_RUN3_V1/raw/MONASH/hf_MONASH_job211.root
SIGMAB_COUNTS tag=MONASH species=Sigma*_b+ pdg=5224 slice=eta_ge_2 p=44 a=23 file=/data/alice/ipardoza/hadronization_production/HF_RUN3_V1/raw/MONASH/hf_MONASH_job211.root
SIGMAB_COUNTS tag=MONASH species=Sigma*_b0 pdg=5214 slice=all p=52 a=47 file=/data/alice/ipardoza/hadronization_production/HF_RUN3_V1/raw/MONASH/hf_MONASH_job211.root
SIGMAB_COUNTS tag=MONASH species=Sigma*_b0 pdg=5214 slice=eta_lt_1 p=8 a=10 file=/data/alice/ipardoza/hadronization_production/HF_RUN3_V1/raw/MONASH/hf_MONASH_job211.root
SIGMAB_COUNTS tag=MONASH species=Sigma*_b0 pdg=5214 slice=eta_1_2 p=16 a=9 file=/data/alice/ipardoza/hadronization_production/HF_RUN3_V1/raw/MONASH/hf_MONASH_job211.root
SIGMAB_COUNTS tag=MONASH species=Sigma*_b0 pdg=5214 slice=eta_ge_2 p=28 a=28 file=/data/alice/ipardoza/hadronization_production/HF_RUN3_V1/raw/MONASH/hf_MONASH_job211.root
SIGMAB_COUNTS tag=MONASH species=Sigma*_b- pdg=5114 slice=all p=47 a=32 file=/data/alice/ipardoza/hadronization_production/HF_RUN3_V1/raw/MONASH/hf_MONASH_job211.root
SIGMAB_COUNTS tag=MONASH species=Sigma*_b- pdg=5114 slice=eta_lt_1 p=11 a=8 file=/data/alice/ipardoza/hadronization_production/HF_RUN3_V1/raw/MONASH/hf_MONASH_job211.root
SIGMAB_COUNTS tag=MONASH species=Sigma*_b- pdg=5114 slice=eta_1_2 p=4 a=7 file=/data/alice/ipardoza/hadronization_production/HF_RUN3_V1/raw/MONASH/hf_MONASH_job211.root
SIGMAB_COUNTS tag=MONASH species=Sigma*_b- pdg=5114 slice=eta_ge_2 p=32 a=17 file=/data/alice/ipardoza/hadronization_production/HF_RUN3_V1/raw/MONASH/hf_MONASH_job211.root
SIGMAB_COUNTS tag=MONASH species=Lambda_b0 pdg=5122 slice=all p=305 a=299 file=/data/alice/ipardoza/hadronization_production/HF_RUN3_V1/raw/MONASH/hf_MONASH_job211.root
SIGMAB_COUNTS tag=MONASH species=Lambda_b0 pdg=5122 slice=eta_lt_1 p=62 a=65 file=/data/alice/ipardoza/hadronization_production/HF_RUN3_V1/raw/MONASH/hf_MONASH_job211.root
SIGMAB_COUNTS tag=MONASH species=Lambda_b0 pdg=5122 slice=eta_1_2 p=58 a=60 file=/data/alice/ipardoza/hadronization_production/HF_RUN3_V1/raw/MONASH/hf_MONASH_job211.root
SIGMAB_COUNTS tag=MONASH species=Lambda_b0 pdg=5122 slice=eta_ge_2 p=185 a=174 file=/data/alice/ipardoza/hadronization_production/HF_RUN3_V1/raw/MONASH/hf_MONASH_job211.root
SIGMAB_COUNTS tag=MONASH species=Xi_b0 pdg=5232 slice=all p=46 a=55 file=/data/alice/ipardoza/hadronization_production/HF_RUN3_V1/raw/MONASH/hf_MONASH_job211.root
SIGMAB_COUNTS tag=MONASH species=Xi_b0 pdg=5232 slice=eta_lt_1 p=9 a=12 file=/data/alice/ipardoza/hadronization_production/HF_RUN3_V1/raw/MONASH/hf_MONASH_job211.root
SIGMAB_COUNTS tag=MONASH species=Xi_b0 pdg=5232 slice=eta_1_2 p=10 a=15 file=/data/alice/ipardoza/hadronization_production/HF_RUN3_V1/raw/MONASH/hf_MONASH_job211.root
SIGMAB_COUNTS tag=MONASH species=Xi_b0 pdg=5232 slice=eta_ge_2 p=27 a=28 file=/data/alice/ipardoza/hadronization_production/HF_RUN3_V1/raw/MONASH/hf_MONASH_job211.root
SIGMAB_COUNTS tag=MONASH species=Xi_b- pdg=5132 slice=all p=73 a=59 file=/data/alice/ipardoza/hadronization_production/HF_RUN3_V1/raw/MONASH/hf_MONASH_job211.root
SIGMAB_COUNTS tag=MONASH species=Xi_b- pdg=5132 slice=eta_lt_1 p=15 a=9 file=/data/alice/ipardoza/hadronization_production/HF_RUN3_V1/raw/MONASH/hf_MONASH_job211.root
SIGMAB_COUNTS tag=MONASH species=Xi_b- pdg=5132 slice=eta_1_2 p=15 a=17 file=/data/alice/ipardoza/hadronization_production/HF_RUN3_V1/raw/MONASH/hf_MONASH_job211.root
SIGMAB_COUNTS tag=MONASH species=Xi_b- pdg=5132 slice=eta_ge_2 p=43 a=33 file=/data/alice/ipardoza/hadronization_production/HF_RUN3_V1/raw/MONASH/hf_MONASH_job211.root
SIGMAB_COUNTS tag=MONASH species=Sigma_b+ pdg=5222 slice=all p=46 a=18 file=/data/alice/ipardoza/hadronization_production/HF_RUN3_V1/raw/MONASH/hf_MONASH_job212.root
SIGMAB_COUNTS tag=MONASH species=Sigma_b+ pdg=5222 slice=eta_lt_1 p=4 a=2 file=/data/alice/ipardoza/hadronization_production/HF_RUN3_V1/raw/MONASH/hf_MONASH_job212.root
SIGMAB_COUNTS tag=MONASH species=Sigma_b+ pdg=5222 slice=eta_1_2 p=6 a=4 file=/data/alice/ipardoza/hadronization_production/HF_RUN3_V1/raw/MONASH/hf_MONASH_job212.root
SIGMAB_COUNTS tag=MONASH species=Sigma_b+ pdg=5222 slice=eta_ge_2 p=36 a=12 file=/data/alice/ipardoza/hadronization_production/HF_RUN3_V1/raw/MONASH/hf_MONASH_job212.root
SIGMAB_COUNTS tag=MONASH species=Sigma_b0 pdg=5212 slice=all p=38 a=19 file=/data/alice/ipardoza/hadronization_production/HF_RUN3_V1/raw/MONASH/hf_MONASH_job212.root
SIGMAB_COUNTS tag=MONASH species=Sigma_b0 pdg=5212 slice=eta_lt_1 p=3 a=3 file=/data/alice/ipardoza/hadronization_production/HF_RUN3_V1/raw/MONASH/hf_MONASH_job212.root
SIGMAB_COUNTS tag=MONASH species=Sigma_b0 pdg=5212 slice=eta_1_2 p=7 a=4 file=/data/alice/ipardoza/hadronization_production/HF_RUN3_V1/raw/MONASH/hf_MONASH_job212.root
SIGMAB_COUNTS tag=MONASH species=Sigma_b0 pdg=5212 slice=eta_ge_2 p=28 a=12 file=/data/alice/ipardoza/hadronization_production/HF_RUN3_V1/raw/MONASH/hf_MONASH_job212.root
SIGMAB_COUNTS tag=MONASH species=Sigma_b- pdg=5112 slice=all p=18 a=13 file=/data/alice/ipardoza/hadronization_production/HF_RUN3_V1/raw/MONASH/hf_MONASH_job212.root
SIGMAB_COUNTS tag=MONASH species=Sigma_b- pdg=5112 slice=eta_lt_1 p=6 a=4 file=/data/alice/ipardoza/hadronization_production/HF_RUN3_V1/raw/MONASH/hf_MONASH_job212.root
SIGMAB_COUNTS tag=MONASH species=Sigma_b- pdg=5112 slice=eta_1_2 p=2 a=0 file=/data/alice/ipardoza/hadronization_production/HF_RUN3_V1/raw/MONASH/hf_MONASH_job212.root
SIGMAB_COUNTS tag=MONASH species=Sigma_b- pdg=5112 slice=eta_ge_2 p=10 a=9 file=/data/alice/ipardoza/hadronization_production/HF_RUN3_V1/raw/MONASH/hf_MONASH_job212.root
SIGMAB_COUNTS tag=MONASH species=Sigma*_b+ pdg=5224 slice=all p=45 a=40 file=/data/alice/ipardoza/hadronization_production/HF_RUN3_V1/raw/MONASH/hf_MONASH_job212.root
SIGMAB_COUNTS tag=MONASH species=Sigma*_b+ pdg=5224 slice=eta_lt_1 p=5 a=9 file=/data/alice/ipardoza/hadronization_production/HF_RUN3_V1/raw/MONASH/hf_MONASH_job212.root
SIGMAB_COUNTS tag=MONASH species=Sigma*_b+ pdg=5224 slice=eta_1_2 p=10 a=8 file=/data/alice/ipardoza/hadronization_production/HF_RUN3_V1/raw/MONASH/hf_MONASH_job212.root
SIGMAB_COUNTS tag=MONASH species=Sigma*_b+ pdg=5224 slice=eta_ge_2 p=30 a=23 file=/data/alice/ipardoza/hadronization_production/HF_RUN3_V1/raw/MONASH/hf_MONASH_job212.root
SIGMAB_COUNTS tag=MONASH species=Sigma*_b0 pdg=5214 slice=all p=44 a=37 file=/data/alice/ipardoza/hadronization_production/HF_RUN3_V1/raw/MONASH/hf_MONASH_job212.root
SIGMAB_COUNTS tag=MONASH species=Sigma*_b0 pdg=5214 slice=eta_lt_1 p=4 a=10 file=/data/alice/ipardoza/hadronization_production/HF_RUN3_V1/raw/MONASH/hf_MONASH_job212.root
SIGMAB_COUNTS tag=MONASH species=Sigma*_b0 pdg=5214 slice=eta_1_2 p=6 a=5 file=/data/alice/ipardoza/hadronization_production/HF_RUN3_V1/raw/MONASH/hf_MONASH_job212.root
SIGMAB_COUNTS tag=MONASH species=Sigma*_b0 pdg=5214 slice=eta_ge_2 p=34 a=22 file=/data/alice/ipardoza/hadronization_production/HF_RUN3_V1/raw/MONASH/hf_MONASH_job212.root
SIGMAB_COUNTS tag=MONASH species=Sigma*_b- pdg=5114 slice=all p=40 a=33 file=/data/alice/ipardoza/hadronization_production/HF_RUN3_V1/raw/MONASH/hf_MONASH_job212.root
SIGMAB_COUNTS tag=MONASH species=Sigma*_b- pdg=5114 slice=eta_lt_1 p=10 a=7 file=/data/alice/ipardoza/hadronization_production/HF_RUN3_V1/raw/MONASH/hf_MONASH_job212.root
SIGMAB_COUNTS tag=MONASH species=Sigma*_b- pdg=5114 slice=eta_1_2 p=10 a=6 file=/data/alice/ipardoza/hadronization_production/HF_RUN3_V1/raw/MONASH/hf_MONASH_job212.root
SIGMAB_COUNTS tag=MONASH species=Sigma*_b- pdg=5114 slice=eta_ge_2 p=20 a=20 file=/data/alice/ipardoza/hadronization_production/HF_RUN3_V1/raw/MONASH/hf_MONASH_job212.root
SIGMAB_COUNTS tag=MONASH species=Lambda_b0 pdg=5122 slice=all p=304 a=321 file=/data/alice/ipardoza/hadronization_production/HF_RUN3_V1/raw/MONASH/hf_MONASH_job212.root
SIGMAB_COUNTS tag=MONASH species=Lambda_b0 pdg=5122 slice=eta_lt_1 p=47 a=65 file=/data/alice/ipardoza/hadronization_production/HF_RUN3_V1/raw/MONASH/hf_MONASH_job212.root
SIGMAB_COUNTS tag=MONASH species=Lambda_b0 pdg=5122 slice=eta_1_2 p=64 a=66 file=/data/alice/ipardoza/hadronization_production/HF_RUN3_V1/raw/MONASH/hf_MONASH_job212.root
SIGMAB_COUNTS tag=MONASH species=Lambda_b0 pdg=5122 slice=eta_ge_2 p=193 a=190 file=/data/alice/ipardoza/hadronization_production/HF_RUN3_V1/raw/MONASH/hf_MONASH_job212.root
SIGMAB_COUNTS tag=MONASH species=Xi_b0 pdg=5232 slice=all p=57 a=36 file=/data/alice/ipardoza/hadronization_production/HF_RUN3_V1/raw/MONASH/hf_MONASH_job212.root
SIGMAB_COUNTS tag=MONASH species=Xi_b0 pdg=5232 slice=eta_lt_1 p=9 a=7 file=/data/alice/ipardoza/hadronization_production/HF_RUN3_V1/raw/MONASH/hf_MONASH_job212.root
SIGMAB_COUNTS tag=MONASH species=Xi_b0 pdg=5232 slice=eta_1_2 p=11 a=11 file=/data/alice/ipardoza/hadronization_production/HF_RUN3_V1/raw/MONASH/hf_MONASH_job212.root
SIGMAB_COUNTS tag=MONASH species=Xi_b0 pdg=5232 slice=eta_ge_2 p=37 a=18 file=/data/alice/ipardoza/hadronization_production/HF_RUN3_V1/raw/MONASH/hf_MONASH_job212.root
SIGMAB_COUNTS tag=MONASH species=Xi_b- pdg=5132 slice=all p=71 a=60 file=/data/alice/ipardoza/hadronization_production/HF_RUN3_V1/raw/MONASH/hf_MONASH_job212.root
SIGMAB_COUNTS tag=MONASH species=Xi_b- pdg=5132 slice=eta_lt_1 p=11 a=11 file=/data/alice/ipardoza/hadronization_production/HF_RUN3_V1/raw/MONASH/hf_MONASH_job212.root
SIGMAB_COUNTS tag=MONASH species=Xi_b- pdg=5132 slice=eta_1_2 p=22 a=11 file=/data/alice/ipardoza/hadronization_production/HF_RUN3_V1/raw/MONASH/hf_MONASH_job212.root
SIGMAB_COUNTS tag=MONASH species=Xi_b- pdg=5132 slice=eta_ge_2 p=38 a=38 file=/data/alice/ipardoza/hadronization_production/HF_RUN3_V1/raw/MONASH/hf_MONASH_job212.root
SIGMAB_COUNTS tag=MONASH species=Sigma_b+ pdg=5222 slice=all p=36 a=24 file=/data/alice/ipardoza/hadronization_production/HF_RUN3_V1/raw/MONASH/hf_MONASH_job213.root
SIGMAB_COUNTS tag=MONASH species=Sigma_b+ pdg=5222 slice=eta_lt_1 p=5 a=6 file=/data/alice/ipardoza/hadronization_production/HF_RUN3_V1/raw/MONASH/hf_MONASH_job213.root
SIGMAB_COUNTS tag=MONASH species=Sigma_b+ pdg=5222 slice=eta_1_2 p=8 a=5 file=/data/alice/ipardoza/hadronization_production/HF_RUN3_V1/raw/MONASH/hf_MONASH_job213.root
SIGMAB_COUNTS tag=MONASH species=Sigma_b+ pdg=5222 slice=eta_ge_2 p=23 a=13 file=/data/alice/ipardoza/hadronization_production/HF_RUN3_V1/raw/MONASH/hf_MONASH_job213.root
SIGMAB_COUNTS tag=MONASH species=Sigma_b0 pdg=5212 slice=all p=33 a=27 file=/data/alice/ipardoza/hadronization_production/HF_RUN3_V1/raw/MONASH/hf_MONASH_job213.root
SIGMAB_COUNTS tag=MONASH species=Sigma_b0 pdg=5212 slice=eta_lt_1 p=7 a=5 file=/data/alice/ipardoza/hadronization_production/HF_RUN3_V1/raw/MONASH/hf_MONASH_job213.root
SIGMAB_COUNTS tag=MONASH species=Sigma_b0 pdg=5212 slice=eta_1_2 p=5 a=3 file=/data/alice/ipardoza/hadronization_production/HF_RUN3_V1/raw/MONASH/hf_MONASH_job213.root
SIGMAB_COUNTS tag=MONASH species=Sigma_b0 pdg=5212 slice=eta_ge_2 p=21 a=19 file=/data/alice/ipardoza/hadronization_production/HF_RUN3_V1/raw/MONASH/hf_MONASH_job213.root
SIGMAB_COUNTS tag=MONASH species=Sigma_b- pdg=5112 slice=all p=42 a=21 file=/data/alice/ipardoza/hadronization_production/HF_RUN3_V1/raw/MONASH/hf_MONASH_job213.root
SIGMAB_COUNTS tag=MONASH species=Sigma_b- pdg=5112 slice=eta_lt_1 p=12 a=4 file=/data/alice/ipardoza/hadronization_production/HF_RUN3_V1/raw/MONASH/hf_MONASH_job213.root
SIGMAB_COUNTS tag=MONASH species=Sigma_b- pdg=5112 slice=eta_1_2 p=6 a=4 file=/data/alice/ipardoza/hadronization_production/HF_RUN3_V1/raw/MONASH/hf_MONASH_job213.root
SIGMAB_COUNTS tag=MONASH species=Sigma_b- pdg=5112 slice=eta_ge_2 p=24 a=13 file=/data/alice/ipardoza/hadronization_production/HF_RUN3_V1/raw/MONASH/hf_MONASH_job213.root
SIGMAB_COUNTS tag=MONASH species=Sigma*_b+ pdg=5224 slice=all p=61 a=37 file=/data/alice/ipardoza/hadronization_production/HF_RUN3_V1/raw/MONASH/hf_MONASH_job213.root
SIGMAB_COUNTS tag=MONASH species=Sigma*_b+ pdg=5224 slice=eta_lt_1 p=8 a=7 file=/data/alice/ipardoza/hadronization_production/HF_RUN3_V1/raw/MONASH/hf_MONASH_job213.root
SIGMAB_COUNTS tag=MONASH species=Sigma*_b+ pdg=5224 slice=eta_1_2 p=12 a=8 file=/data/alice/ipardoza/hadronization_production/HF_RUN3_V1/raw/MONASH/hf_MONASH_job213.root
SIGMAB_COUNTS tag=MONASH species=Sigma*_b+ pdg=5224 slice=eta_ge_2 p=41 a=22 file=/data/alice/ipardoza/hadronization_production/HF_RUN3_V1/raw/MONASH/hf_MONASH_job213.root
SIGMAB_COUNTS tag=MONASH species=Sigma*_b0 pdg=5214 slice=all p=39 a=34 file=/data/alice/ipardoza/hadronization_production/HF_RUN3_V1/raw/MONASH/hf_MONASH_job213.root
SIGMAB_COUNTS tag=MONASH species=Sigma*_b0 pdg=5214 slice=eta_lt_1 p=9 a=5 file=/data/alice/ipardoza/hadronization_production/HF_RUN3_V1/raw/MONASH/hf_MONASH_job213.root
SIGMAB_COUNTS tag=MONASH species=Sigma*_b0 pdg=5214 slice=eta_1_2 p=4 a=10 file=/data/alice/ipardoza/hadronization_production/HF_RUN3_V1/raw/MONASH/hf_MONASH_job213.root
SIGMAB_COUNTS tag=MONASH species=Sigma*_b0 pdg=5214 slice=eta_ge_2 p=26 a=19 file=/data/alice/ipardoza/hadronization_production/HF_RUN3_V1/raw/MONASH/hf_MONASH_job213.root
SIGMAB_COUNTS tag=MONASH species=Sigma*_b- pdg=5114 slice=all p=49 a=36 file=/data/alice/ipardoza/hadronization_production/HF_RUN3_V1/raw/MONASH/hf_MONASH_job213.root
SIGMAB_COUNTS tag=MONASH species=Sigma*_b- pdg=5114 slice=eta_lt_1 p=7 a=8 file=/data/alice/ipardoza/hadronization_production/HF_RUN3_V1/raw/MONASH/hf_MONASH_job213.root
SIGMAB_COUNTS tag=MONASH species=Sigma*_b- pdg=5114 slice=eta_1_2 p=12 a=10 file=/data/alice/ipardoza/hadronization_production/HF_RUN3_V1/raw/MONASH/hf_MONASH_job213.root
SIGMAB_COUNTS tag=MONASH species=Sigma*_b- pdg=5114 slice=eta_ge_2 p=30 a=18 file=/data/alice/ipardoza/hadronization_production/HF_RUN3_V1/raw/MONASH/hf_MONASH_job213.root
SIGMAB_COUNTS tag=MONASH species=Lambda_b0 pdg=5122 slice=all p=324 a=327 file=/data/alice/ipardoza/hadronization_production/HF_RUN3_V1/raw/MONASH/hf_MONASH_job213.root
SIGMAB_COUNTS tag=MONASH species=Lambda_b0 pdg=5122 slice=eta_lt_1 p=50 a=63 file=/data/alice/ipardoza/hadronization_production/HF_RUN3_V1/raw/MONASH/hf_MONASH_job213.root
SIGMAB_COUNTS tag=MONASH species=Lambda_b0 pdg=5122 slice=eta_1_2 p=56 a=73 file=/data/alice/ipardoza/hadronization_production/HF_RUN3_V1/raw/MONASH/hf_MONASH_job213.root
SIGMAB_COUNTS tag=MONASH species=Lambda_b0 pdg=5122 slice=eta_ge_2 p=218 a=191 file=/data/alice/ipardoza/hadronization_production/HF_RUN3_V1/raw/MONASH/hf_MONASH_job213.root
SIGMAB_COUNTS tag=MONASH species=Xi_b0 pdg=5232 slice=all p=41 a=55 file=/data/alice/ipardoza/hadronization_production/HF_RUN3_V1/raw/MONASH/hf_MONASH_job213.root
SIGMAB_COUNTS tag=MONASH species=Xi_b0 pdg=5232 slice=eta_lt_1 p=9 a=9 file=/data/alice/ipardoza/hadronization_production/HF_RUN3_V1/raw/MONASH/hf_MONASH_job213.root
SIGMAB_COUNTS tag=MONASH species=Xi_b0 pdg=5232 slice=eta_1_2 p=7 a=7 file=/data/alice/ipardoza/hadronization_production/HF_RUN3_V1/raw/MONASH/hf_MONASH_job213.root
SIGMAB_COUNTS tag=MONASH species=Xi_b0 pdg=5232 slice=eta_ge_2 p=25 a=39 file=/data/alice/ipardoza/hadronization_production/HF_RUN3_V1/raw/MONASH/hf_MONASH_job213.root
SIGMAB_COUNTS tag=MONASH species=Xi_b- pdg=5132 slice=all p=62 a=53 file=/data/alice/ipardoza/hadronization_production/HF_RUN3_V1/raw/MONASH/hf_MONASH_job213.root
SIGMAB_COUNTS tag=MONASH species=Xi_b- pdg=5132 slice=eta_lt_1 p=15 a=12 file=/data/alice/ipardoza/hadronization_production/HF_RUN3_V1/raw/MONASH/hf_MONASH_job213.root
SIGMAB_COUNTS tag=MONASH species=Xi_b- pdg=5132 slice=eta_1_2 p=14 a=9 file=/data/alice/ipardoza/hadronization_production/HF_RUN3_V1/raw/MONASH/hf_MONASH_job213.root
SIGMAB_COUNTS tag=MONASH species=Xi_b- pdg=5132 slice=eta_ge_2 p=33 a=32 file=/data/alice/ipardoza/hadronization_production/HF_RUN3_V1/raw/MONASH/hf_MONASH_job213.root
SIGMAB_COUNTS tag=MONASH species=Sigma_b+ pdg=5222 slice=all p=33 a=16 file=/data/alice/ipardoza/hadronization_production/HF_RUN3_V1/raw/MONASH/hf_MONASH_job214.root
SIGMAB_COUNTS tag=MONASH species=Sigma_b+ pdg=5222 slice=eta_lt_1 p=6 a=2 file=/data/alice/ipardoza/hadronization_production/HF_RUN3_V1/raw/MONASH/hf_MONASH_job214.root
SIGMAB_COUNTS tag=MONASH species=Sigma_b+ pdg=5222 slice=eta_1_2 p=7 a=4 file=/data/alice/ipardoza/hadronization_production/HF_RUN3_V1/raw/MONASH/hf_MONASH_job214.root
SIGMAB_COUNTS tag=MONASH species=Sigma_b+ pdg=5222 slice=eta_ge_2 p=20 a=10 file=/data/alice/ipardoza/hadronization_production/HF_RUN3_V1/raw/MONASH/hf_MONASH_job214.root
SIGMAB_COUNTS tag=MONASH species=Sigma_b0 pdg=5212 slice=all p=39 a=29 file=/data/alice/ipardoza/hadronization_production/HF_RUN3_V1/raw/MONASH/hf_MONASH_job214.root
SIGMAB_COUNTS tag=MONASH species=Sigma_b0 pdg=5212 slice=eta_lt_1 p=8 a=6 file=/data/alice/ipardoza/hadronization_production/HF_RUN3_V1/raw/MONASH/hf_MONASH_job214.root
SIGMAB_COUNTS tag=MONASH species=Sigma_b0 pdg=5212 slice=eta_1_2 p=11 a=5 file=/data/alice/ipardoza/hadronization_production/HF_RUN3_V1/raw/MONASH/hf_MONASH_job214.root
SIGMAB_COUNTS tag=MONASH species=Sigma_b0 pdg=5212 slice=eta_ge_2 p=20 a=18 file=/data/alice/ipardoza/hadronization_production/HF_RUN3_V1/raw/MONASH/hf_MONASH_job214.root
SIGMAB_COUNTS tag=MONASH species=Sigma_b- pdg=5112 slice=all p=30 a=20 file=/data/alice/ipardoza/hadronization_production/HF_RUN3_V1/raw/MONASH/hf_MONASH_job214.root
SIGMAB_COUNTS tag=MONASH species=Sigma_b- pdg=5112 slice=eta_lt_1 p=8 a=7 file=/data/alice/ipardoza/hadronization_production/HF_RUN3_V1/raw/MONASH/hf_MONASH_job214.root
SIGMAB_COUNTS tag=MONASH species=Sigma_b- pdg=5112 slice=eta_1_2 p=5 a=4 file=/data/alice/ipardoza/hadronization_production/HF_RUN3_V1/raw/MONASH/hf_MONASH_job214.root
SIGMAB_COUNTS tag=MONASH species=Sigma_b- pdg=5112 slice=eta_ge_2 p=17 a=9 file=/data/alice/ipardoza/hadronization_production/HF_RUN3_V1/raw/MONASH/hf_MONASH_job214.root
SIGMAB_COUNTS tag=MONASH species=Sigma*_b+ pdg=5224 slice=all p=55 a=31 file=/data/alice/ipardoza/hadronization_production/HF_RUN3_V1/raw/MONASH/hf_MONASH_job214.root
SIGMAB_COUNTS tag=MONASH species=Sigma*_b+ pdg=5224 slice=eta_lt_1 p=10 a=3 file=/data/alice/ipardoza/hadronization_production/HF_RUN3_V1/raw/MONASH/hf_MONASH_job214.root
SIGMAB_COUNTS tag=MONASH species=Sigma*_b+ pdg=5224 slice=eta_1_2 p=9 a=7 file=/data/alice/ipardoza/hadronization_production/HF_RUN3_V1/raw/MONASH/hf_MONASH_job214.root
SIGMAB_COUNTS tag=MONASH species=Sigma*_b+ pdg=5224 slice=eta_ge_2 p=36 a=21 file=/data/alice/ipardoza/hadronization_production/HF_RUN3_V1/raw/MONASH/hf_MONASH_job214.root
SIGMAB_COUNTS tag=MONASH species=Sigma*_b0 pdg=5214 slice=all p=44 a=43 file=/data/alice/ipardoza/hadronization_production/HF_RUN3_V1/raw/MONASH/hf_MONASH_job214.root
SIGMAB_COUNTS tag=MONASH species=Sigma*_b0 pdg=5214 slice=eta_lt_1 p=6 a=6 file=/data/alice/ipardoza/hadronization_production/HF_RUN3_V1/raw/MONASH/hf_MONASH_job214.root
SIGMAB_COUNTS tag=MONASH species=Sigma*_b0 pdg=5214 slice=eta_1_2 p=9 a=8 file=/data/alice/ipardoza/hadronization_production/HF_RUN3_V1/raw/MONASH/hf_MONASH_job214.root
SIGMAB_COUNTS tag=MONASH species=Sigma*_b0 pdg=5214 slice=eta_ge_2 p=29 a=29 file=/data/alice/ipardoza/hadronization_production/HF_RUN3_V1/raw/MONASH/hf_MONASH_job214.root
SIGMAB_COUNTS tag=MONASH species=Sigma*_b- pdg=5114 slice=all p=51 a=50 file=/data/alice/ipardoza/hadronization_production/HF_RUN3_V1/raw/MONASH/hf_MONASH_job214.root
SIGMAB_COUNTS tag=MONASH species=Sigma*_b- pdg=5114 slice=eta_lt_1 p=13 a=10 file=/data/alice/ipardoza/hadronization_production/HF_RUN3_V1/raw/MONASH/hf_MONASH_job214.root
SIGMAB_COUNTS tag=MONASH species=Sigma*_b- pdg=5114 slice=eta_1_2 p=10 a=8 file=/data/alice/ipardoza/hadronization_production/HF_RUN3_V1/raw/MONASH/hf_MONASH_job214.root
SIGMAB_COUNTS tag=MONASH species=Sigma*_b- pdg=5114 slice=eta_ge_2 p=28 a=32 file=/data/alice/ipardoza/hadronization_production/HF_RUN3_V1/raw/MONASH/hf_MONASH_job214.root
SIGMAB_COUNTS tag=MONASH species=Lambda_b0 pdg=5122 slice=all p=322 a=318 file=/data/alice/ipardoza/hadronization_production/HF_RUN3_V1/raw/MONASH/hf_MONASH_job214.root
SIGMAB_COUNTS tag=MONASH species=Lambda_b0 pdg=5122 slice=eta_lt_1 p=75 a=61 file=/data/alice/ipardoza/hadronization_production/HF_RUN3_V1/raw/MONASH/hf_MONASH_job214.root
SIGMAB_COUNTS tag=MONASH species=Lambda_b0 pdg=5122 slice=eta_1_2 p=63 a=70 file=/data/alice/ipardoza/hadronization_production/HF_RUN3_V1/raw/MONASH/hf_MONASH_job214.root
SIGMAB_COUNTS tag=MONASH species=Lambda_b0 pdg=5122 slice=eta_ge_2 p=184 a=187 file=/data/alice/ipardoza/hadronization_production/HF_RUN3_V1/raw/MONASH/hf_MONASH_job214.root
SIGMAB_COUNTS tag=MONASH species=Xi_b0 pdg=5232 slice=all p=60 a=54 file=/data/alice/ipardoza/hadronization_production/HF_RUN3_V1/raw/MONASH/hf_MONASH_job214.root
SIGMAB_COUNTS tag=MONASH species=Xi_b0 pdg=5232 slice=eta_lt_1 p=8 a=8 file=/data/alice/ipardoza/hadronization_production/HF_RUN3_V1/raw/MONASH/hf_MONASH_job214.root
SIGMAB_COUNTS tag=MONASH species=Xi_b0 pdg=5232 slice=eta_1_2 p=11 a=13 file=/data/alice/ipardoza/hadronization_production/HF_RUN3_V1/raw/MONASH/hf_MONASH_job214.root
SIGMAB_COUNTS tag=MONASH species=Xi_b0 pdg=5232 slice=eta_ge_2 p=41 a=33 file=/data/alice/ipardoza/hadronization_production/HF_RUN3_V1/raw/MONASH/hf_MONASH_job214.root
SIGMAB_COUNTS tag=MONASH species=Xi_b- pdg=5132 slice=all p=61 a=54 file=/data/alice/ipardoza/hadronization_production/HF_RUN3_V1/raw/MONASH/hf_MONASH_job214.root
SIGMAB_COUNTS tag=MONASH species=Xi_b- pdg=5132 slice=eta_lt_1 p=8 a=14 file=/data/alice/ipardoza/hadronization_production/HF_RUN3_V1/raw/MONASH/hf_MONASH_job214.root
SIGMAB_COUNTS tag=MONASH species=Xi_b- pdg=5132 slice=eta_1_2 p=19 a=13 file=/data/alice/ipardoza/hadronization_production/HF_RUN3_V1/raw/MONASH/hf_MONASH_job214.root
SIGMAB_COUNTS tag=MONASH species=Xi_b- pdg=5132 slice=eta_ge_2 p=34 a=27 file=/data/alice/ipardoza/hadronization_production/HF_RUN3_V1/raw/MONASH/hf_MONASH_job214.root
SIGMAB_COUNTS tag=MONASH species=Sigma_b+ pdg=5222 slice=all p=47 a=19 file=/data/alice/ipardoza/hadronization_production/HF_RUN3_V1/raw/MONASH/hf_MONASH_job215.root
SIGMAB_COUNTS tag=MONASH species=Sigma_b+ pdg=5222 slice=eta_lt_1 p=9 a=5 file=/data/alice/ipardoza/hadronization_production/HF_RUN3_V1/raw/MONASH/hf_MONASH_job215.root
SIGMAB_COUNTS tag=MONASH species=Sigma_b+ pdg=5222 slice=eta_1_2 p=10 a=6 file=/data/alice/ipardoza/hadronization_production/HF_RUN3_V1/raw/MONASH/hf_MONASH_job215.root
SIGMAB_COUNTS tag=MONASH species=Sigma_b+ pdg=5222 slice=eta_ge_2 p=28 a=8 file=/data/alice/ipardoza/hadronization_production/HF_RUN3_V1/raw/MONASH/hf_MONASH_job215.root
SIGMAB_COUNTS tag=MONASH species=Sigma_b0 pdg=5212 slice=all p=29 a=27 file=/data/alice/ipardoza/hadronization_production/HF_RUN3_V1/raw/MONASH/hf_MONASH_job215.root
SIGMAB_COUNTS tag=MONASH species=Sigma_b0 pdg=5212 slice=eta_lt_1 p=5 a=1 file=/data/alice/ipardoza/hadronization_production/HF_RUN3_V1/raw/MONASH/hf_MONASH_job215.root
SIGMAB_COUNTS tag=MONASH species=Sigma_b0 pdg=5212 slice=eta_1_2 p=6 a=10 file=/data/alice/ipardoza/hadronization_production/HF_RUN3_V1/raw/MONASH/hf_MONASH_job215.root
SIGMAB_COUNTS tag=MONASH species=Sigma_b0 pdg=5212 slice=eta_ge_2 p=18 a=16 file=/data/alice/ipardoza/hadronization_production/HF_RUN3_V1/raw/MONASH/hf_MONASH_job215.root
SIGMAB_COUNTS tag=MONASH species=Sigma_b- pdg=5112 slice=all p=27 a=18 file=/data/alice/ipardoza/hadronization_production/HF_RUN3_V1/raw/MONASH/hf_MONASH_job215.root
SIGMAB_COUNTS tag=MONASH species=Sigma_b- pdg=5112 slice=eta_lt_1 p=4 a=8 file=/data/alice/ipardoza/hadronization_production/HF_RUN3_V1/raw/MONASH/hf_MONASH_job215.root
SIGMAB_COUNTS tag=MONASH species=Sigma_b- pdg=5112 slice=eta_1_2 p=10 a=3 file=/data/alice/ipardoza/hadronization_production/HF_RUN3_V1/raw/MONASH/hf_MONASH_job215.root
SIGMAB_COUNTS tag=MONASH species=Sigma_b- pdg=5112 slice=eta_ge_2 p=13 a=7 file=/data/alice/ipardoza/hadronization_production/HF_RUN3_V1/raw/MONASH/hf_MONASH_job215.root
SIGMAB_COUNTS tag=MONASH species=Sigma*_b+ pdg=5224 slice=all p=59 a=31 file=/data/alice/ipardoza/hadronization_production/HF_RUN3_V1/raw/MONASH/hf_MONASH_job215.root
SIGMAB_COUNTS tag=MONASH species=Sigma*_b+ pdg=5224 slice=eta_lt_1 p=13 a=5 file=/data/alice/ipardoza/hadronization_production/HF_RUN3_V1/raw/MONASH/hf_MONASH_job215.root
SIGMAB_COUNTS tag=MONASH species=Sigma*_b+ pdg=5224 slice=eta_1_2 p=16 a=5 file=/data/alice/ipardoza/hadronization_production/HF_RUN3_V1/raw/MONASH/hf_MONASH_job215.root
SIGMAB_COUNTS tag=MONASH species=Sigma*_b+ pdg=5224 slice=eta_ge_2 p=30 a=21 file=/data/alice/ipardoza/hadronization_production/HF_RUN3_V1/raw/MONASH/hf_MONASH_job215.root
SIGMAB_COUNTS tag=MONASH species=Sigma*_b0 pdg=5214 slice=all p=48 a=46 file=/data/alice/ipardoza/hadronization_production/HF_RUN3_V1/raw/MONASH/hf_MONASH_job215.root
SIGMAB_COUNTS tag=MONASH species=Sigma*_b0 pdg=5214 slice=eta_lt_1 p=9 a=15 file=/data/alice/ipardoza/hadronization_production/HF_RUN3_V1/raw/MONASH/hf_MONASH_job215.root
SIGMAB_COUNTS tag=MONASH species=Sigma*_b0 pdg=5214 slice=eta_1_2 p=7 a=10 file=/data/alice/ipardoza/hadronization_production/HF_RUN3_V1/raw/MONASH/hf_MONASH_job215.root
SIGMAB_COUNTS tag=MONASH species=Sigma*_b0 pdg=5214 slice=eta_ge_2 p=32 a=21 file=/data/alice/ipardoza/hadronization_production/HF_RUN3_V1/raw/MONASH/hf_MONASH_job215.root
SIGMAB_COUNTS tag=MONASH species=Sigma*_b- pdg=5114 slice=all p=53 a=48 file=/data/alice/ipardoza/hadronization_production/HF_RUN3_V1/raw/MONASH/hf_MONASH_job215.root
SIGMAB_COUNTS tag=MONASH species=Sigma*_b- pdg=5114 slice=eta_lt_1 p=11 a=8 file=/data/alice/ipardoza/hadronization_production/HF_RUN3_V1/raw/MONASH/hf_MONASH_job215.root
SIGMAB_COUNTS tag=MONASH species=Sigma*_b- pdg=5114 slice=eta_1_2 p=7 a=11 file=/data/alice/ipardoza/hadronization_production/HF_RUN3_V1/raw/MONASH/hf_MONASH_job215.root
SIGMAB_COUNTS tag=MONASH species=Sigma*_b- pdg=5114 slice=eta_ge_2 p=35 a=29 file=/data/alice/ipardoza/hadronization_production/HF_RUN3_V1/raw/MONASH/hf_MONASH_job215.root
SIGMAB_COUNTS tag=MONASH species=Lambda_b0 pdg=5122 slice=all p=303 a=291 file=/data/alice/ipardoza/hadronization_production/HF_RUN3_V1/raw/MONASH/hf_MONASH_job215.root
SIGMAB_COUNTS tag=MONASH species=Lambda_b0 pdg=5122 slice=eta_lt_1 p=58 a=49 file=/data/alice/ipardoza/hadronization_production/HF_RUN3_V1/raw/MONASH/hf_MONASH_job215.root
SIGMAB_COUNTS tag=MONASH species=Lambda_b0 pdg=5122 slice=eta_1_2 p=75 a=54 file=/data/alice/ipardoza/hadronization_production/HF_RUN3_V1/raw/MONASH/hf_MONASH_job215.root
SIGMAB_COUNTS tag=MONASH species=Lambda_b0 pdg=5122 slice=eta_ge_2 p=170 a=188 file=/data/alice/ipardoza/hadronization_production/HF_RUN3_V1/raw/MONASH/hf_MONASH_job215.root
SIGMAB_COUNTS tag=MONASH species=Xi_b0 pdg=5232 slice=all p=67 a=55 file=/data/alice/ipardoza/hadronization_production/HF_RUN3_V1/raw/MONASH/hf_MONASH_job215.root
SIGMAB_COUNTS tag=MONASH species=Xi_b0 pdg=5232 slice=eta_lt_1 p=14 a=14 file=/data/alice/ipardoza/hadronization_production/HF_RUN3_V1/raw/MONASH/hf_MONASH_job215.root
SIGMAB_COUNTS tag=MONASH species=Xi_b0 pdg=5232 slice=eta_1_2 p=14 a=15 file=/data/alice/ipardoza/hadronization_production/HF_RUN3_V1/raw/MONASH/hf_MONASH_job215.root
SIGMAB_COUNTS tag=MONASH species=Xi_b0 pdg=5232 slice=eta_ge_2 p=39 a=26 file=/data/alice/ipardoza/hadronization_production/HF_RUN3_V1/raw/MONASH/hf_MONASH_job215.root
SIGMAB_COUNTS tag=MONASH species=Xi_b- pdg=5132 slice=all p=47 a=63 file=/data/alice/ipardoza/hadronization_production/HF_RUN3_V1/raw/MONASH/hf_MONASH_job215.root
SIGMAB_COUNTS tag=MONASH species=Xi_b- pdg=5132 slice=eta_lt_1 p=12 a=14 file=/data/alice/ipardoza/hadronization_production/HF_RUN3_V1/raw/MONASH/hf_MONASH_job215.root
SIGMAB_COUNTS tag=MONASH species=Xi_b- pdg=5132 slice=eta_1_2 p=10 a=10 file=/data/alice/ipardoza/hadronization_production/HF_RUN3_V1/raw/MONASH/hf_MONASH_job215.root
SIGMAB_COUNTS tag=MONASH species=Xi_b- pdg=5132 slice=eta_ge_2 p=25 a=39 file=/data/alice/ipardoza/hadronization_production/HF_RUN3_V1/raw/MONASH/hf_MONASH_job215.root
SIGMAB_COUNTS tag=MONASH species=Sigma_b+ pdg=5222 slice=all p=41 a=16 file=/data/alice/ipardoza/hadronization_production/HF_RUN3_V1/raw/MONASH/hf_MONASH_job216.root
SIGMAB_COUNTS tag=MONASH species=Sigma_b+ pdg=5222 slice=eta_lt_1 p=7 a=4 file=/data/alice/ipardoza/hadronization_production/HF_RUN3_V1/raw/MONASH/hf_MONASH_job216.root
SIGMAB_COUNTS tag=MONASH species=Sigma_b+ pdg=5222 slice=eta_1_2 p=7 a=4 file=/data/alice/ipardoza/hadronization_production/HF_RUN3_V1/raw/MONASH/hf_MONASH_job216.root
SIGMAB_COUNTS tag=MONASH species=Sigma_b+ pdg=5222 slice=eta_ge_2 p=27 a=8 file=/data/alice/ipardoza/hadronization_production/HF_RUN3_V1/raw/MONASH/hf_MONASH_job216.root
SIGMAB_COUNTS tag=MONASH species=Sigma_b0 pdg=5212 slice=all p=24 a=25 file=/data/alice/ipardoza/hadronization_production/HF_RUN3_V1/raw/MONASH/hf_MONASH_job216.root
SIGMAB_COUNTS tag=MONASH species=Sigma_b0 pdg=5212 slice=eta_lt_1 p=3 a=7 file=/data/alice/ipardoza/hadronization_production/HF_RUN3_V1/raw/MONASH/hf_MONASH_job216.root
SIGMAB_COUNTS tag=MONASH species=Sigma_b0 pdg=5212 slice=eta_1_2 p=5 a=4 file=/data/alice/ipardoza/hadronization_production/HF_RUN3_V1/raw/MONASH/hf_MONASH_job216.root
SIGMAB_COUNTS tag=MONASH species=Sigma_b0 pdg=5212 slice=eta_ge_2 p=16 a=14 file=/data/alice/ipardoza/hadronization_production/HF_RUN3_V1/raw/MONASH/hf_MONASH_job216.root
SIGMAB_COUNTS tag=MONASH species=Sigma_b- pdg=5112 slice=all p=29 a=13 file=/data/alice/ipardoza/hadronization_production/HF_RUN3_V1/raw/MONASH/hf_MONASH_job216.root
SIGMAB_COUNTS tag=MONASH species=Sigma_b- pdg=5112 slice=eta_lt_1 p=3 a=0 file=/data/alice/ipardoza/hadronization_production/HF_RUN3_V1/raw/MONASH/hf_MONASH_job216.root
SIGMAB_COUNTS tag=MONASH species=Sigma_b- pdg=5112 slice=eta_1_2 p=7 a=3 file=/data/alice/ipardoza/hadronization_production/HF_RUN3_V1/raw/MONASH/hf_MONASH_job216.root
SIGMAB_COUNTS tag=MONASH species=Sigma_b- pdg=5112 slice=eta_ge_2 p=19 a=10 file=/data/alice/ipardoza/hadronization_production/HF_RUN3_V1/raw/MONASH/hf_MONASH_job216.root
SIGMAB_COUNTS tag=MONASH species=Sigma*_b+ pdg=5224 slice=all p=44 a=42 file=/data/alice/ipardoza/hadronization_production/HF_RUN3_V1/raw/MONASH/hf_MONASH_job216.root
SIGMAB_COUNTS tag=MONASH species=Sigma*_b+ pdg=5224 slice=eta_lt_1 p=4 a=6 file=/data/alice/ipardoza/hadronization_production/HF_RUN3_V1/raw/MONASH/hf_MONASH_job216.root
SIGMAB_COUNTS tag=MONASH species=Sigma*_b+ pdg=5224 slice=eta_1_2 p=9 a=10 file=/data/alice/ipardoza/hadronization_production/HF_RUN3_V1/raw/MONASH/hf_MONASH_job216.root
SIGMAB_COUNTS tag=MONASH species=Sigma*_b+ pdg=5224 slice=eta_ge_2 p=31 a=26 file=/data/alice/ipardoza/hadronization_production/HF_RUN3_V1/raw/MONASH/hf_MONASH_job216.root
SIGMAB_COUNTS tag=MONASH species=Sigma*_b0 pdg=5214 slice=all p=62 a=32 file=/data/alice/ipardoza/hadronization_production/HF_RUN3_V1/raw/MONASH/hf_MONASH_job216.root
SIGMAB_COUNTS tag=MONASH species=Sigma*_b0 pdg=5214 slice=eta_lt_1 p=10 a=6 file=/data/alice/ipardoza/hadronization_production/HF_RUN3_V1/raw/MONASH/hf_MONASH_job216.root
SIGMAB_COUNTS tag=MONASH species=Sigma*_b0 pdg=5214 slice=eta_1_2 p=11 a=9 file=/data/alice/ipardoza/hadronization_production/HF_RUN3_V1/raw/MONASH/hf_MONASH_job216.root
SIGMAB_COUNTS tag=MONASH species=Sigma*_b0 pdg=5214 slice=eta_ge_2 p=41 a=17 file=/data/alice/ipardoza/hadronization_production/HF_RUN3_V1/raw/MONASH/hf_MONASH_job216.root
SIGMAB_COUNTS tag=MONASH species=Sigma*_b- pdg=5114 slice=all p=44 a=50 file=/data/alice/ipardoza/hadronization_production/HF_RUN3_V1/raw/MONASH/hf_MONASH_job216.root
SIGMAB_COUNTS tag=MONASH species=Sigma*_b- pdg=5114 slice=eta_lt_1 p=10 a=8 file=/data/alice/ipardoza/hadronization_production/HF_RUN3_V1/raw/MONASH/hf_MONASH_job216.root
SIGMAB_COUNTS tag=MONASH species=Sigma*_b- pdg=5114 slice=eta_1_2 p=9 a=14 file=/data/alice/ipardoza/hadronization_production/HF_RUN3_V1/raw/MONASH/hf_MONASH_job216.root
SIGMAB_COUNTS tag=MONASH species=Sigma*_b- pdg=5114 slice=eta_ge_2 p=25 a=28 file=/data/alice/ipardoza/hadronization_production/HF_RUN3_V1/raw/MONASH/hf_MONASH_job216.root
SIGMAB_COUNTS tag=MONASH species=Lambda_b0 pdg=5122 slice=all p=304 a=308 file=/data/alice/ipardoza/hadronization_production/HF_RUN3_V1/raw/MONASH/hf_MONASH_job216.root
SIGMAB_COUNTS tag=MONASH species=Lambda_b0 pdg=5122 slice=eta_lt_1 p=53 a=59 file=/data/alice/ipardoza/hadronization_production/HF_RUN3_V1/raw/MONASH/hf_MONASH_job216.root
SIGMAB_COUNTS tag=MONASH species=Lambda_b0 pdg=5122 slice=eta_1_2 p=72 a=71 file=/data/alice/ipardoza/hadronization_production/HF_RUN3_V1/raw/MONASH/hf_MONASH_job216.root
SIGMAB_COUNTS tag=MONASH species=Lambda_b0 pdg=5122 slice=eta_ge_2 p=179 a=178 file=/data/alice/ipardoza/hadronization_production/HF_RUN3_V1/raw/MONASH/hf_MONASH_job216.root
SIGMAB_COUNTS tag=MONASH species=Xi_b0 pdg=5232 slice=all p=49 a=64 file=/data/alice/ipardoza/hadronization_production/HF_RUN3_V1/raw/MONASH/hf_MONASH_job216.root
SIGMAB_COUNTS tag=MONASH species=Xi_b0 pdg=5232 slice=eta_lt_1 p=5 a=10 file=/data/alice/ipardoza/hadronization_production/HF_RUN3_V1/raw/MONASH/hf_MONASH_job216.root
SIGMAB_COUNTS tag=MONASH species=Xi_b0 pdg=5232 slice=eta_1_2 p=16 a=15 file=/data/alice/ipardoza/hadronization_production/HF_RUN3_V1/raw/MONASH/hf_MONASH_job216.root
SIGMAB_COUNTS tag=MONASH species=Xi_b0 pdg=5232 slice=eta_ge_2 p=28 a=39 file=/data/alice/ipardoza/hadronization_production/HF_RUN3_V1/raw/MONASH/hf_MONASH_job216.root
SIGMAB_COUNTS tag=MONASH species=Xi_b- pdg=5132 slice=all p=62 a=46 file=/data/alice/ipardoza/hadronization_production/HF_RUN3_V1/raw/MONASH/hf_MONASH_job216.root
SIGMAB_COUNTS tag=MONASH species=Xi_b- pdg=5132 slice=eta_lt_1 p=12 a=11 file=/data/alice/ipardoza/hadronization_production/HF_RUN3_V1/raw/MONASH/hf_MONASH_job216.root
SIGMAB_COUNTS tag=MONASH species=Xi_b- pdg=5132 slice=eta_1_2 p=12 a=12 file=/data/alice/ipardoza/hadronization_production/HF_RUN3_V1/raw/MONASH/hf_MONASH_job216.root
SIGMAB_COUNTS tag=MONASH species=Xi_b- pdg=5132 slice=eta_ge_2 p=38 a=23 file=/data/alice/ipardoza/hadronization_production/HF_RUN3_V1/raw/MONASH/hf_MONASH_job216.root
SIGMAB_COUNTS tag=MONASH species=Sigma_b+ pdg=5222 slice=all p=36 a=26 file=/data/alice/ipardoza/hadronization_production/HF_RUN3_V1/raw/MONASH/hf_MONASH_job217.root
SIGMAB_COUNTS tag=MONASH species=Sigma_b+ pdg=5222 slice=eta_lt_1 p=7 a=9 file=/data/alice/ipardoza/hadronization_production/HF_RUN3_V1/raw/MONASH/hf_MONASH_job217.root
SIGMAB_COUNTS tag=MONASH species=Sigma_b+ pdg=5222 slice=eta_1_2 p=9 a=5 file=/data/alice/ipardoza/hadronization_production/HF_RUN3_V1/raw/MONASH/hf_MONASH_job217.root
SIGMAB_COUNTS tag=MONASH species=Sigma_b+ pdg=5222 slice=eta_ge_2 p=20 a=12 file=/data/alice/ipardoza/hadronization_production/HF_RUN3_V1/raw/MONASH/hf_MONASH_job217.root
SIGMAB_COUNTS tag=MONASH species=Sigma_b0 pdg=5212 slice=all p=40 a=19 file=/data/alice/ipardoza/hadronization_production/HF_RUN3_V1/raw/MONASH/hf_MONASH_job217.root
SIGMAB_COUNTS tag=MONASH species=Sigma_b0 pdg=5212 slice=eta_lt_1 p=6 a=4 file=/data/alice/ipardoza/hadronization_production/HF_RUN3_V1/raw/MONASH/hf_MONASH_job217.root
SIGMAB_COUNTS tag=MONASH species=Sigma_b0 pdg=5212 slice=eta_1_2 p=6 a=4 file=/data/alice/ipardoza/hadronization_production/HF_RUN3_V1/raw/MONASH/hf_MONASH_job217.root
SIGMAB_COUNTS tag=MONASH species=Sigma_b0 pdg=5212 slice=eta_ge_2 p=28 a=11 file=/data/alice/ipardoza/hadronization_production/HF_RUN3_V1/raw/MONASH/hf_MONASH_job217.root
SIGMAB_COUNTS tag=MONASH species=Sigma_b- pdg=5112 slice=all p=36 a=12 file=/data/alice/ipardoza/hadronization_production/HF_RUN3_V1/raw/MONASH/hf_MONASH_job217.root
SIGMAB_COUNTS tag=MONASH species=Sigma_b- pdg=5112 slice=eta_lt_1 p=7 a=1 file=/data/alice/ipardoza/hadronization_production/HF_RUN3_V1/raw/MONASH/hf_MONASH_job217.root
SIGMAB_COUNTS tag=MONASH species=Sigma_b- pdg=5112 slice=eta_1_2 p=8 a=5 file=/data/alice/ipardoza/hadronization_production/HF_RUN3_V1/raw/MONASH/hf_MONASH_job217.root
SIGMAB_COUNTS tag=MONASH species=Sigma_b- pdg=5112 slice=eta_ge_2 p=21 a=6 file=/data/alice/ipardoza/hadronization_production/HF_RUN3_V1/raw/MONASH/hf_MONASH_job217.root
SIGMAB_COUNTS tag=MONASH species=Sigma*_b+ pdg=5224 slice=all p=58 a=47 file=/data/alice/ipardoza/hadronization_production/HF_RUN3_V1/raw/MONASH/hf_MONASH_job217.root
SIGMAB_COUNTS tag=MONASH species=Sigma*_b+ pdg=5224 slice=eta_lt_1 p=10 a=12 file=/data/alice/ipardoza/hadronization_production/HF_RUN3_V1/raw/MONASH/hf_MONASH_job217.root
SIGMAB_COUNTS tag=MONASH species=Sigma*_b+ pdg=5224 slice=eta_1_2 p=14 a=12 file=/data/alice/ipardoza/hadronization_production/HF_RUN3_V1/raw/MONASH/hf_MONASH_job217.root
SIGMAB_COUNTS tag=MONASH species=Sigma*_b+ pdg=5224 slice=eta_ge_2 p=34 a=23 file=/data/alice/ipardoza/hadronization_production/HF_RUN3_V1/raw/MONASH/hf_MONASH_job217.root
SIGMAB_COUNTS tag=MONASH species=Sigma*_b0 pdg=5214 slice=all p=44 a=40 file=/data/alice/ipardoza/hadronization_production/HF_RUN3_V1/raw/MONASH/hf_MONASH_job217.root
SIGMAB_COUNTS tag=MONASH species=Sigma*_b0 pdg=5214 slice=eta_lt_1 p=8 a=11 file=/data/alice/ipardoza/hadronization_production/HF_RUN3_V1/raw/MONASH/hf_MONASH_job217.root
SIGMAB_COUNTS tag=MONASH species=Sigma*_b0 pdg=5214 slice=eta_1_2 p=9 a=7 file=/data/alice/ipardoza/hadronization_production/HF_RUN3_V1/raw/MONASH/hf_MONASH_job217.root
SIGMAB_COUNTS tag=MONASH species=Sigma*_b0 pdg=5214 slice=eta_ge_2 p=27 a=22 file=/data/alice/ipardoza/hadronization_production/HF_RUN3_V1/raw/MONASH/hf_MONASH_job217.root
SIGMAB_COUNTS tag=MONASH species=Sigma*_b- pdg=5114 slice=all p=43 a=37 file=/data/alice/ipardoza/hadronization_production/HF_RUN3_V1/raw/MONASH/hf_MONASH_job217.root
SIGMAB_COUNTS tag=MONASH species=Sigma*_b- pdg=5114 slice=eta_lt_1 p=13 a=6 file=/data/alice/ipardoza/hadronization_production/HF_RUN3_V1/raw/MONASH/hf_MONASH_job217.root
SIGMAB_COUNTS tag=MONASH species=Sigma*_b- pdg=5114 slice=eta_1_2 p=13 a=8 file=/data/alice/ipardoza/hadronization_production/HF_RUN3_V1/raw/MONASH/hf_MONASH_job217.root
SIGMAB_COUNTS tag=MONASH species=Sigma*_b- pdg=5114 slice=eta_ge_2 p=17 a=23 file=/data/alice/ipardoza/hadronization_production/HF_RUN3_V1/raw/MONASH/hf_MONASH_job217.root
SIGMAB_COUNTS tag=MONASH species=Lambda_b0 pdg=5122 slice=all p=300 a=292 file=/data/alice/ipardoza/hadronization_production/HF_RUN3_V1/raw/MONASH/hf_MONASH_job217.root
SIGMAB_COUNTS tag=MONASH species=Lambda_b0 pdg=5122 slice=eta_lt_1 p=63 a=52 file=/data/alice/ipardoza/hadronization_production/HF_RUN3_V1/raw/MONASH/hf_MONASH_job217.root
SIGMAB_COUNTS tag=MONASH species=Lambda_b0 pdg=5122 slice=eta_1_2 p=71 a=51 file=/data/alice/ipardoza/hadronization_production/HF_RUN3_V1/raw/MONASH/hf_MONASH_job217.root
SIGMAB_COUNTS tag=MONASH species=Lambda_b0 pdg=5122 slice=eta_ge_2 p=166 a=189 file=/data/alice/ipardoza/hadronization_production/HF_RUN3_V1/raw/MONASH/hf_MONASH_job217.root
SIGMAB_COUNTS tag=MONASH species=Xi_b0 pdg=5232 slice=all p=48 a=51 file=/data/alice/ipardoza/hadronization_production/HF_RUN3_V1/raw/MONASH/hf_MONASH_job217.root
SIGMAB_COUNTS tag=MONASH species=Xi_b0 pdg=5232 slice=eta_lt_1 p=10 a=8 file=/data/alice/ipardoza/hadronization_production/HF_RUN3_V1/raw/MONASH/hf_MONASH_job217.root
SIGMAB_COUNTS tag=MONASH species=Xi_b0 pdg=5232 slice=eta_1_2 p=11 a=15 file=/data/alice/ipardoza/hadronization_production/HF_RUN3_V1/raw/MONASH/hf_MONASH_job217.root
SIGMAB_COUNTS tag=MONASH species=Xi_b0 pdg=5232 slice=eta_ge_2 p=27 a=28 file=/data/alice/ipardoza/hadronization_production/HF_RUN3_V1/raw/MONASH/hf_MONASH_job217.root
SIGMAB_COUNTS tag=MONASH species=Xi_b- pdg=5132 slice=all p=54 a=49 file=/data/alice/ipardoza/hadronization_production/HF_RUN3_V1/raw/MONASH/hf_MONASH_job217.root
SIGMAB_COUNTS tag=MONASH species=Xi_b- pdg=5132 slice=eta_lt_1 p=11 a=13 file=/data/alice/ipardoza/hadronization_production/HF_RUN3_V1/raw/MONASH/hf_MONASH_job217.root
SIGMAB_COUNTS tag=MONASH species=Xi_b- pdg=5132 slice=eta_1_2 p=6 a=10 file=/data/alice/ipardoza/hadronization_production/HF_RUN3_V1/raw/MONASH/hf_MONASH_job217.root
SIGMAB_COUNTS tag=MONASH species=Xi_b- pdg=5132 slice=eta_ge_2 p=37 a=26 file=/data/alice/ipardoza/hadronization_production/HF_RUN3_V1/raw/MONASH/hf_MONASH_job217.root
SIGMAB_COUNTS tag=MONASH species=Sigma_b+ pdg=5222 slice=all p=35 a=14 file=/data/alice/ipardoza/hadronization_production/HF_RUN3_V1/raw/MONASH/hf_MONASH_job218.root
SIGMAB_COUNTS tag=MONASH species=Sigma_b+ pdg=5222 slice=eta_lt_1 p=6 a=0 file=/data/alice/ipardoza/hadronization_production/HF_RUN3_V1/raw/MONASH/hf_MONASH_job218.root
SIGMAB_COUNTS tag=MONASH species=Sigma_b+ pdg=5222 slice=eta_1_2 p=9 a=3 file=/data/alice/ipardoza/hadronization_production/HF_RUN3_V1/raw/MONASH/hf_MONASH_job218.root
SIGMAB_COUNTS tag=MONASH species=Sigma_b+ pdg=5222 slice=eta_ge_2 p=20 a=11 file=/data/alice/ipardoza/hadronization_production/HF_RUN3_V1/raw/MONASH/hf_MONASH_job218.root
SIGMAB_COUNTS tag=MONASH species=Sigma_b0 pdg=5212 slice=all p=34 a=24 file=/data/alice/ipardoza/hadronization_production/HF_RUN3_V1/raw/MONASH/hf_MONASH_job218.root
SIGMAB_COUNTS tag=MONASH species=Sigma_b0 pdg=5212 slice=eta_lt_1 p=5 a=3 file=/data/alice/ipardoza/hadronization_production/HF_RUN3_V1/raw/MONASH/hf_MONASH_job218.root
SIGMAB_COUNTS tag=MONASH species=Sigma_b0 pdg=5212 slice=eta_1_2 p=7 a=5 file=/data/alice/ipardoza/hadronization_production/HF_RUN3_V1/raw/MONASH/hf_MONASH_job218.root
SIGMAB_COUNTS tag=MONASH species=Sigma_b0 pdg=5212 slice=eta_ge_2 p=22 a=16 file=/data/alice/ipardoza/hadronization_production/HF_RUN3_V1/raw/MONASH/hf_MONASH_job218.root
SIGMAB_COUNTS tag=MONASH species=Sigma_b- pdg=5112 slice=all p=23 a=20 file=/data/alice/ipardoza/hadronization_production/HF_RUN3_V1/raw/MONASH/hf_MONASH_job218.root
SIGMAB_COUNTS tag=MONASH species=Sigma_b- pdg=5112 slice=eta_lt_1 p=3 a=4 file=/data/alice/ipardoza/hadronization_production/HF_RUN3_V1/raw/MONASH/hf_MONASH_job218.root
SIGMAB_COUNTS tag=MONASH species=Sigma_b- pdg=5112 slice=eta_1_2 p=3 a=1 file=/data/alice/ipardoza/hadronization_production/HF_RUN3_V1/raw/MONASH/hf_MONASH_job218.root
SIGMAB_COUNTS tag=MONASH species=Sigma_b- pdg=5112 slice=eta_ge_2 p=17 a=15 file=/data/alice/ipardoza/hadronization_production/HF_RUN3_V1/raw/MONASH/hf_MONASH_job218.root
SIGMAB_COUNTS tag=MONASH species=Sigma*_b+ pdg=5224 slice=all p=45 a=41 file=/data/alice/ipardoza/hadronization_production/HF_RUN3_V1/raw/MONASH/hf_MONASH_job218.root
SIGMAB_COUNTS tag=MONASH species=Sigma*_b+ pdg=5224 slice=eta_lt_1 p=13 a=10 file=/data/alice/ipardoza/hadronization_production/HF_RUN3_V1/raw/MONASH/hf_MONASH_job218.root
SIGMAB_COUNTS tag=MONASH species=Sigma*_b+ pdg=5224 slice=eta_1_2 p=8 a=11 file=/data/alice/ipardoza/hadronization_production/HF_RUN3_V1/raw/MONASH/hf_MONASH_job218.root
SIGMAB_COUNTS tag=MONASH species=Sigma*_b+ pdg=5224 slice=eta_ge_2 p=24 a=20 file=/data/alice/ipardoza/hadronization_production/HF_RUN3_V1/raw/MONASH/hf_MONASH_job218.root
SIGMAB_COUNTS tag=MONASH species=Sigma*_b0 pdg=5214 slice=all p=48 a=34 file=/data/alice/ipardoza/hadronization_production/HF_RUN3_V1/raw/MONASH/hf_MONASH_job218.root
SIGMAB_COUNTS tag=MONASH species=Sigma*_b0 pdg=5214 slice=eta_lt_1 p=10 a=8 file=/data/alice/ipardoza/hadronization_production/HF_RUN3_V1/raw/MONASH/hf_MONASH_job218.root
SIGMAB_COUNTS tag=MONASH species=Sigma*_b0 pdg=5214 slice=eta_1_2 p=5 a=10 file=/data/alice/ipardoza/hadronization_production/HF_RUN3_V1/raw/MONASH/hf_MONASH_job218.root
SIGMAB_COUNTS tag=MONASH species=Sigma*_b0 pdg=5214 slice=eta_ge_2 p=33 a=16 file=/data/alice/ipardoza/hadronization_production/HF_RUN3_V1/raw/MONASH/hf_MONASH_job218.root
SIGMAB_COUNTS tag=MONASH species=Sigma*_b- pdg=5114 slice=all p=62 a=51 file=/data/alice/ipardoza/hadronization_production/HF_RUN3_V1/raw/MONASH/hf_MONASH_job218.root
SIGMAB_COUNTS tag=MONASH species=Sigma*_b- pdg=5114 slice=eta_lt_1 p=12 a=15 file=/data/alice/ipardoza/hadronization_production/HF_RUN3_V1/raw/MONASH/hf_MONASH_job218.root
SIGMAB_COUNTS tag=MONASH species=Sigma*_b- pdg=5114 slice=eta_1_2 p=15 a=14 file=/data/alice/ipardoza/hadronization_production/HF_RUN3_V1/raw/MONASH/hf_MONASH_job218.root
SIGMAB_COUNTS tag=MONASH species=Sigma*_b- pdg=5114 slice=eta_ge_2 p=35 a=22 file=/data/alice/ipardoza/hadronization_production/HF_RUN3_V1/raw/MONASH/hf_MONASH_job218.root
SIGMAB_COUNTS tag=MONASH species=Lambda_b0 pdg=5122 slice=all p=321 a=289 file=/data/alice/ipardoza/hadronization_production/HF_RUN3_V1/raw/MONASH/hf_MONASH_job218.root
SIGMAB_COUNTS tag=MONASH species=Lambda_b0 pdg=5122 slice=eta_lt_1 p=66 a=45 file=/data/alice/ipardoza/hadronization_production/HF_RUN3_V1/raw/MONASH/hf_MONASH_job218.root
SIGMAB_COUNTS tag=MONASH species=Lambda_b0 pdg=5122 slice=eta_1_2 p=55 a=56 file=/data/alice/ipardoza/hadronization_production/HF_RUN3_V1/raw/MONASH/hf_MONASH_job218.root
SIGMAB_COUNTS tag=MONASH species=Lambda_b0 pdg=5122 slice=eta_ge_2 p=200 a=188 file=/data/alice/ipardoza/hadronization_production/HF_RUN3_V1/raw/MONASH/hf_MONASH_job218.root
SIGMAB_COUNTS tag=MONASH species=Xi_b0 pdg=5232 slice=all p=53 a=56 file=/data/alice/ipardoza/hadronization_production/HF_RUN3_V1/raw/MONASH/hf_MONASH_job218.root
SIGMAB_COUNTS tag=MONASH species=Xi_b0 pdg=5232 slice=eta_lt_1 p=11 a=8 file=/data/alice/ipardoza/hadronization_production/HF_RUN3_V1/raw/MONASH/hf_MONASH_job218.root
SIGMAB_COUNTS tag=MONASH species=Xi_b0 pdg=5232 slice=eta_1_2 p=10 a=14 file=/data/alice/ipardoza/hadronization_production/HF_RUN3_V1/raw/MONASH/hf_MONASH_job218.root
SIGMAB_COUNTS tag=MONASH species=Xi_b0 pdg=5232 slice=eta_ge_2 p=32 a=34 file=/data/alice/ipardoza/hadronization_production/HF_RUN3_V1/raw/MONASH/hf_MONASH_job218.root
SIGMAB_COUNTS tag=MONASH species=Xi_b- pdg=5132 slice=all p=62 a=58 file=/data/alice/ipardoza/hadronization_production/HF_RUN3_V1/raw/MONASH/hf_MONASH_job218.root
SIGMAB_COUNTS tag=MONASH species=Xi_b- pdg=5132 slice=eta_lt_1 p=16 a=17 file=/data/alice/ipardoza/hadronization_production/HF_RUN3_V1/raw/MONASH/hf_MONASH_job218.root
SIGMAB_COUNTS tag=MONASH species=Xi_b- pdg=5132 slice=eta_1_2 p=16 a=11 file=/data/alice/ipardoza/hadronization_production/HF_RUN3_V1/raw/MONASH/hf_MONASH_job218.root
SIGMAB_COUNTS tag=MONASH species=Xi_b- pdg=5132 slice=eta_ge_2 p=30 a=30 file=/data/alice/ipardoza/hadronization_production/HF_RUN3_V1/raw/MONASH/hf_MONASH_job218.root
SIGMAB_COUNTS tag=MONASH species=Sigma_b+ pdg=5222 slice=all p=37 a=25 file=/data/alice/ipardoza/hadronization_production/HF_RUN3_V1/raw/MONASH/hf_MONASH_job219.root
SIGMAB_COUNTS tag=MONASH species=Sigma_b+ pdg=5222 slice=eta_lt_1 p=10 a=5 file=/data/alice/ipardoza/hadronization_production/HF_RUN3_V1/raw/MONASH/hf_MONASH_job219.root
SIGMAB_COUNTS tag=MONASH species=Sigma_b+ pdg=5222 slice=eta_1_2 p=8 a=6 file=/data/alice/ipardoza/hadronization_production/HF_RUN3_V1/raw/MONASH/hf_MONASH_job219.root
SIGMAB_COUNTS tag=MONASH species=Sigma_b+ pdg=5222 slice=eta_ge_2 p=19 a=14 file=/data/alice/ipardoza/hadronization_production/HF_RUN3_V1/raw/MONASH/hf_MONASH_job219.root
SIGMAB_COUNTS tag=MONASH species=Sigma_b0 pdg=5212 slice=all p=42 a=22 file=/data/alice/ipardoza/hadronization_production/HF_RUN3_V1/raw/MONASH/hf_MONASH_job219.root
SIGMAB_COUNTS tag=MONASH species=Sigma_b0 pdg=5212 slice=eta_lt_1 p=10 a=6 file=/data/alice/ipardoza/hadronization_production/HF_RUN3_V1/raw/MONASH/hf_MONASH_job219.root
SIGMAB_COUNTS tag=MONASH species=Sigma_b0 pdg=5212 slice=eta_1_2 p=9 a=5 file=/data/alice/ipardoza/hadronization_production/HF_RUN3_V1/raw/MONASH/hf_MONASH_job219.root
SIGMAB_COUNTS tag=MONASH species=Sigma_b0 pdg=5212 slice=eta_ge_2 p=23 a=11 file=/data/alice/ipardoza/hadronization_production/HF_RUN3_V1/raw/MONASH/hf_MONASH_job219.root
SIGMAB_COUNTS tag=MONASH species=Sigma_b- pdg=5112 slice=all p=40 a=20 file=/data/alice/ipardoza/hadronization_production/HF_RUN3_V1/raw/MONASH/hf_MONASH_job219.root
SIGMAB_COUNTS tag=MONASH species=Sigma_b- pdg=5112 slice=eta_lt_1 p=6 a=6 file=/data/alice/ipardoza/hadronization_production/HF_RUN3_V1/raw/MONASH/hf_MONASH_job219.root
SIGMAB_COUNTS tag=MONASH species=Sigma_b- pdg=5112 slice=eta_1_2 p=8 a=5 file=/data/alice/ipardoza/hadronization_production/HF_RUN3_V1/raw/MONASH/hf_MONASH_job219.root
SIGMAB_COUNTS tag=MONASH species=Sigma_b- pdg=5112 slice=eta_ge_2 p=26 a=9 file=/data/alice/ipardoza/hadronization_production/HF_RUN3_V1/raw/MONASH/hf_MONASH_job219.root
SIGMAB_COUNTS tag=MONASH species=Sigma*_b+ pdg=5224 slice=all p=53 a=37 file=/data/alice/ipardoza/hadronization_production/HF_RUN3_V1/raw/MONASH/hf_MONASH_job219.root
SIGMAB_COUNTS tag=MONASH species=Sigma*_b+ pdg=5224 slice=eta_lt_1 p=8 a=6 file=/data/alice/ipardoza/hadronization_production/HF_RUN3_V1/raw/MONASH/hf_MONASH_job219.root
SIGMAB_COUNTS tag=MONASH species=Sigma*_b+ pdg=5224 slice=eta_1_2 p=10 a=8 file=/data/alice/ipardoza/hadronization_production/HF_RUN3_V1/raw/MONASH/hf_MONASH_job219.root
SIGMAB_COUNTS tag=MONASH species=Sigma*_b+ pdg=5224 slice=eta_ge_2 p=35 a=23 file=/data/alice/ipardoza/hadronization_production/HF_RUN3_V1/raw/MONASH/hf_MONASH_job219.root
SIGMAB_COUNTS tag=MONASH species=Sigma*_b0 pdg=5214 slice=all p=60 a=45 file=/data/alice/ipardoza/hadronization_production/HF_RUN3_V1/raw/MONASH/hf_MONASH_job219.root
SIGMAB_COUNTS tag=MONASH species=Sigma*_b0 pdg=5214 slice=eta_lt_1 p=12 a=6 file=/data/alice/ipardoza/hadronization_production/HF_RUN3_V1/raw/MONASH/hf_MONASH_job219.root
SIGMAB_COUNTS tag=MONASH species=Sigma*_b0 pdg=5214 slice=eta_1_2 p=15 a=13 file=/data/alice/ipardoza/hadronization_production/HF_RUN3_V1/raw/MONASH/hf_MONASH_job219.root
SIGMAB_COUNTS tag=MONASH species=Sigma*_b0 pdg=5214 slice=eta_ge_2 p=33 a=26 file=/data/alice/ipardoza/hadronization_production/HF_RUN3_V1/raw/MONASH/hf_MONASH_job219.root
SIGMAB_COUNTS tag=MONASH species=Sigma*_b- pdg=5114 slice=all p=41 a=43 file=/data/alice/ipardoza/hadronization_production/HF_RUN3_V1/raw/MONASH/hf_MONASH_job219.root
SIGMAB_COUNTS tag=MONASH species=Sigma*_b- pdg=5114 slice=eta_lt_1 p=11 a=7 file=/data/alice/ipardoza/hadronization_production/HF_RUN3_V1/raw/MONASH/hf_MONASH_job219.root
SIGMAB_COUNTS tag=MONASH species=Sigma*_b- pdg=5114 slice=eta_1_2 p=10 a=12 file=/data/alice/ipardoza/hadronization_production/HF_RUN3_V1/raw/MONASH/hf_MONASH_job219.root
SIGMAB_COUNTS tag=MONASH species=Sigma*_b- pdg=5114 slice=eta_ge_2 p=20 a=24 file=/data/alice/ipardoza/hadronization_production/HF_RUN3_V1/raw/MONASH/hf_MONASH_job219.root
SIGMAB_COUNTS tag=MONASH species=Lambda_b0 pdg=5122 slice=all p=302 a=316 file=/data/alice/ipardoza/hadronization_production/HF_RUN3_V1/raw/MONASH/hf_MONASH_job219.root
SIGMAB_COUNTS tag=MONASH species=Lambda_b0 pdg=5122 slice=eta_lt_1 p=47 a=59 file=/data/alice/ipardoza/hadronization_production/HF_RUN3_V1/raw/MONASH/hf_MONASH_job219.root
SIGMAB_COUNTS tag=MONASH species=Lambda_b0 pdg=5122 slice=eta_1_2 p=75 a=83 file=/data/alice/ipardoza/hadronization_production/HF_RUN3_V1/raw/MONASH/hf_MONASH_job219.root
SIGMAB_COUNTS tag=MONASH species=Lambda_b0 pdg=5122 slice=eta_ge_2 p=180 a=174 file=/data/alice/ipardoza/hadronization_production/HF_RUN3_V1/raw/MONASH/hf_MONASH_job219.root
SIGMAB_COUNTS tag=MONASH species=Xi_b0 pdg=5232 slice=all p=54 a=26 file=/data/alice/ipardoza/hadronization_production/HF_RUN3_V1/raw/MONASH/hf_MONASH_job219.root
SIGMAB_COUNTS tag=MONASH species=Xi_b0 pdg=5232 slice=eta_lt_1 p=13 a=5 file=/data/alice/ipardoza/hadronization_production/HF_RUN3_V1/raw/MONASH/hf_MONASH_job219.root
SIGMAB_COUNTS tag=MONASH species=Xi_b0 pdg=5232 slice=eta_1_2 p=9 a=3 file=/data/alice/ipardoza/hadronization_production/HF_RUN3_V1/raw/MONASH/hf_MONASH_job219.root
SIGMAB_COUNTS tag=MONASH species=Xi_b0 pdg=5232 slice=eta_ge_2 p=32 a=18 file=/data/alice/ipardoza/hadronization_production/HF_RUN3_V1/raw/MONASH/hf_MONASH_job219.root
SIGMAB_COUNTS tag=MONASH species=Xi_b- pdg=5132 slice=all p=42 a=61 file=/data/alice/ipardoza/hadronization_production/HF_RUN3_V1/raw/MONASH/hf_MONASH_job219.root
SIGMAB_COUNTS tag=MONASH species=Xi_b- pdg=5132 slice=eta_lt_1 p=6 a=7 file=/data/alice/ipardoza/hadronization_production/HF_RUN3_V1/raw/MONASH/hf_MONASH_job219.root
SIGMAB_COUNTS tag=MONASH species=Xi_b- pdg=5132 slice=eta_1_2 p=13 a=13 file=/data/alice/ipardoza/hadronization_production/HF_RUN3_V1/raw/MONASH/hf_MONASH_job219.root
SIGMAB_COUNTS tag=MONASH species=Xi_b- pdg=5132 slice=eta_ge_2 p=23 a=41 file=/data/alice/ipardoza/hadronization_production/HF_RUN3_V1/raw/MONASH/hf_MONASH_job219.root
SIGMAB_COUNTS tag=MONASH species=Sigma_b+ pdg=5222 slice=all p=25 a=16 file=/data/alice/ipardoza/hadronization_production/HF_RUN3_V1/raw/MONASH/hf_MONASH_job220.root
SIGMAB_COUNTS tag=MONASH species=Sigma_b+ pdg=5222 slice=eta_lt_1 p=3 a=6 file=/data/alice/ipardoza/hadronization_production/HF_RUN3_V1/raw/MONASH/hf_MONASH_job220.root
SIGMAB_COUNTS tag=MONASH species=Sigma_b+ pdg=5222 slice=eta_1_2 p=5 a=3 file=/data/alice/ipardoza/hadronization_production/HF_RUN3_V1/raw/MONASH/hf_MONASH_job220.root
SIGMAB_COUNTS tag=MONASH species=Sigma_b+ pdg=5222 slice=eta_ge_2 p=17 a=7 file=/data/alice/ipardoza/hadronization_production/HF_RUN3_V1/raw/MONASH/hf_MONASH_job220.root
SIGMAB_COUNTS tag=MONASH species=Sigma_b0 pdg=5212 slice=all p=36 a=21 file=/data/alice/ipardoza/hadronization_production/HF_RUN3_V1/raw/MONASH/hf_MONASH_job220.root
SIGMAB_COUNTS tag=MONASH species=Sigma_b0 pdg=5212 slice=eta_lt_1 p=6 a=6 file=/data/alice/ipardoza/hadronization_production/HF_RUN3_V1/raw/MONASH/hf_MONASH_job220.root
SIGMAB_COUNTS tag=MONASH species=Sigma_b0 pdg=5212 slice=eta_1_2 p=9 a=4 file=/data/alice/ipardoza/hadronization_production/HF_RUN3_V1/raw/MONASH/hf_MONASH_job220.root
SIGMAB_COUNTS tag=MONASH species=Sigma_b0 pdg=5212 slice=eta_ge_2 p=21 a=11 file=/data/alice/ipardoza/hadronization_production/HF_RUN3_V1/raw/MONASH/hf_MONASH_job220.root
SIGMAB_COUNTS tag=MONASH species=Sigma_b- pdg=5112 slice=all p=33 a=16 file=/data/alice/ipardoza/hadronization_production/HF_RUN3_V1/raw/MONASH/hf_MONASH_job220.root
SIGMAB_COUNTS tag=MONASH species=Sigma_b- pdg=5112 slice=eta_lt_1 p=6 a=2 file=/data/alice/ipardoza/hadronization_production/HF_RUN3_V1/raw/MONASH/hf_MONASH_job220.root
SIGMAB_COUNTS tag=MONASH species=Sigma_b- pdg=5112 slice=eta_1_2 p=4 a=4 file=/data/alice/ipardoza/hadronization_production/HF_RUN3_V1/raw/MONASH/hf_MONASH_job220.root
SIGMAB_COUNTS tag=MONASH species=Sigma_b- pdg=5112 slice=eta_ge_2 p=23 a=10 file=/data/alice/ipardoza/hadronization_production/HF_RUN3_V1/raw/MONASH/hf_MONASH_job220.root
SIGMAB_COUNTS tag=MONASH species=Sigma*_b+ pdg=5224 slice=all p=50 a=46 file=/data/alice/ipardoza/hadronization_production/HF_RUN3_V1/raw/MONASH/hf_MONASH_job220.root
SIGMAB_COUNTS tag=MONASH species=Sigma*_b+ pdg=5224 slice=eta_lt_1 p=6 a=7 file=/data/alice/ipardoza/hadronization_production/HF_RUN3_V1/raw/MONASH/hf_MONASH_job220.root
SIGMAB_COUNTS tag=MONASH species=Sigma*_b+ pdg=5224 slice=eta_1_2 p=10 a=13 file=/data/alice/ipardoza/hadronization_production/HF_RUN3_V1/raw/MONASH/hf_MONASH_job220.root
SIGMAB_COUNTS tag=MONASH species=Sigma*_b+ pdg=5224 slice=eta_ge_2 p=34 a=26 file=/data/alice/ipardoza/hadronization_production/HF_RUN3_V1/raw/MONASH/hf_MONASH_job220.root
SIGMAB_COUNTS tag=MONASH species=Sigma*_b0 pdg=5214 slice=all p=42 a=44 file=/data/alice/ipardoza/hadronization_production/HF_RUN3_V1/raw/MONASH/hf_MONASH_job220.root
SIGMAB_COUNTS tag=MONASH species=Sigma*_b0 pdg=5214 slice=eta_lt_1 p=8 a=9 file=/data/alice/ipardoza/hadronization_production/HF_RUN3_V1/raw/MONASH/hf_MONASH_job220.root
SIGMAB_COUNTS tag=MONASH species=Sigma*_b0 pdg=5214 slice=eta_1_2 p=8 a=11 file=/data/alice/ipardoza/hadronization_production/HF_RUN3_V1/raw/MONASH/hf_MONASH_job220.root
SIGMAB_COUNTS tag=MONASH species=Sigma*_b0 pdg=5214 slice=eta_ge_2 p=26 a=24 file=/data/alice/ipardoza/hadronization_production/HF_RUN3_V1/raw/MONASH/hf_MONASH_job220.root
SIGMAB_COUNTS tag=MONASH species=Sigma*_b- pdg=5114 slice=all p=47 a=40 file=/data/alice/ipardoza/hadronization_production/HF_RUN3_V1/raw/MONASH/hf_MONASH_job220.root
SIGMAB_COUNTS tag=MONASH species=Sigma*_b- pdg=5114 slice=eta_lt_1 p=3 a=5 file=/data/alice/ipardoza/hadronization_production/HF_RUN3_V1/raw/MONASH/hf_MONASH_job220.root
SIGMAB_COUNTS tag=MONASH species=Sigma*_b- pdg=5114 slice=eta_1_2 p=10 a=7 file=/data/alice/ipardoza/hadronization_production/HF_RUN3_V1/raw/MONASH/hf_MONASH_job220.root
SIGMAB_COUNTS tag=MONASH species=Sigma*_b- pdg=5114 slice=eta_ge_2 p=34 a=28 file=/data/alice/ipardoza/hadronization_production/HF_RUN3_V1/raw/MONASH/hf_MONASH_job220.root
SIGMAB_COUNTS tag=MONASH species=Lambda_b0 pdg=5122 slice=all p=340 a=311 file=/data/alice/ipardoza/hadronization_production/HF_RUN3_V1/raw/MONASH/hf_MONASH_job220.root
SIGMAB_COUNTS tag=MONASH species=Lambda_b0 pdg=5122 slice=eta_lt_1 p=67 a=57 file=/data/alice/ipardoza/hadronization_production/HF_RUN3_V1/raw/MONASH/hf_MONASH_job220.root
SIGMAB_COUNTS tag=MONASH species=Lambda_b0 pdg=5122 slice=eta_1_2 p=63 a=61 file=/data/alice/ipardoza/hadronization_production/HF_RUN3_V1/raw/MONASH/hf_MONASH_job220.root
SIGMAB_COUNTS tag=MONASH species=Lambda_b0 pdg=5122 slice=eta_ge_2 p=210 a=193 file=/data/alice/ipardoza/hadronization_production/HF_RUN3_V1/raw/MONASH/hf_MONASH_job220.root
SIGMAB_COUNTS tag=MONASH species=Xi_b0 pdg=5232 slice=all p=48 a=62 file=/data/alice/ipardoza/hadronization_production/HF_RUN3_V1/raw/MONASH/hf_MONASH_job220.root
SIGMAB_COUNTS tag=MONASH species=Xi_b0 pdg=5232 slice=eta_lt_1 p=8 a=6 file=/data/alice/ipardoza/hadronization_production/HF_RUN3_V1/raw/MONASH/hf_MONASH_job220.root
SIGMAB_COUNTS tag=MONASH species=Xi_b0 pdg=5232 slice=eta_1_2 p=5 a=14 file=/data/alice/ipardoza/hadronization_production/HF_RUN3_V1/raw/MONASH/hf_MONASH_job220.root
SIGMAB_COUNTS tag=MONASH species=Xi_b0 pdg=5232 slice=eta_ge_2 p=35 a=42 file=/data/alice/ipardoza/hadronization_production/HF_RUN3_V1/raw/MONASH/hf_MONASH_job220.root
SIGMAB_COUNTS tag=MONASH species=Xi_b- pdg=5132 slice=all p=58 a=51 file=/data/alice/ipardoza/hadronization_production/HF_RUN3_V1/raw/MONASH/hf_MONASH_job220.root
SIGMAB_COUNTS tag=MONASH species=Xi_b- pdg=5132 slice=eta_lt_1 p=8 a=7 file=/data/alice/ipardoza/hadronization_production/HF_RUN3_V1/raw/MONASH/hf_MONASH_job220.root
SIGMAB_COUNTS tag=MONASH species=Xi_b- pdg=5132 slice=eta_1_2 p=16 a=18 file=/data/alice/ipardoza/hadronization_production/HF_RUN3_V1/raw/MONASH/hf_MONASH_job220.root
SIGMAB_COUNTS tag=MONASH species=Xi_b- pdg=5132 slice=eta_ge_2 p=34 a=26 file=/data/alice/ipardoza/hadronization_production/HF_RUN3_V1/raw/MONASH/hf_MONASH_job220.root
SIGMAB_COUNTS tag=MONASH species=Sigma_b+ pdg=5222 slice=all p=37 a=20 file=/data/alice/ipardoza/hadronization_production/HF_RUN3_V1/raw/MONASH/hf_MONASH_job221.root
SIGMAB_COUNTS tag=MONASH species=Sigma_b+ pdg=5222 slice=eta_lt_1 p=6 a=1 file=/data/alice/ipardoza/hadronization_production/HF_RUN3_V1/raw/MONASH/hf_MONASH_job221.root
SIGMAB_COUNTS tag=MONASH species=Sigma_b+ pdg=5222 slice=eta_1_2 p=7 a=7 file=/data/alice/ipardoza/hadronization_production/HF_RUN3_V1/raw/MONASH/hf_MONASH_job221.root
SIGMAB_COUNTS tag=MONASH species=Sigma_b+ pdg=5222 slice=eta_ge_2 p=24 a=12 file=/data/alice/ipardoza/hadronization_production/HF_RUN3_V1/raw/MONASH/hf_MONASH_job221.root
SIGMAB_COUNTS tag=MONASH species=Sigma_b0 pdg=5212 slice=all p=37 a=19 file=/data/alice/ipardoza/hadronization_production/HF_RUN3_V1/raw/MONASH/hf_MONASH_job221.root
SIGMAB_COUNTS tag=MONASH species=Sigma_b0 pdg=5212 slice=eta_lt_1 p=3 a=4 file=/data/alice/ipardoza/hadronization_production/HF_RUN3_V1/raw/MONASH/hf_MONASH_job221.root
SIGMAB_COUNTS tag=MONASH species=Sigma_b0 pdg=5212 slice=eta_1_2 p=7 a=6 file=/data/alice/ipardoza/hadronization_production/HF_RUN3_V1/raw/MONASH/hf_MONASH_job221.root
SIGMAB_COUNTS tag=MONASH species=Sigma_b0 pdg=5212 slice=eta_ge_2 p=27 a=9 file=/data/alice/ipardoza/hadronization_production/HF_RUN3_V1/raw/MONASH/hf_MONASH_job221.root
SIGMAB_COUNTS tag=MONASH species=Sigma_b- pdg=5112 slice=all p=33 a=18 file=/data/alice/ipardoza/hadronization_production/HF_RUN3_V1/raw/MONASH/hf_MONASH_job221.root
SIGMAB_COUNTS tag=MONASH species=Sigma_b- pdg=5112 slice=eta_lt_1 p=3 a=1 file=/data/alice/ipardoza/hadronization_production/HF_RUN3_V1/raw/MONASH/hf_MONASH_job221.root
SIGMAB_COUNTS tag=MONASH species=Sigma_b- pdg=5112 slice=eta_1_2 p=5 a=2 file=/data/alice/ipardoza/hadronization_production/HF_RUN3_V1/raw/MONASH/hf_MONASH_job221.root
SIGMAB_COUNTS tag=MONASH species=Sigma_b- pdg=5112 slice=eta_ge_2 p=25 a=15 file=/data/alice/ipardoza/hadronization_production/HF_RUN3_V1/raw/MONASH/hf_MONASH_job221.root
SIGMAB_COUNTS tag=MONASH species=Sigma*_b+ pdg=5224 slice=all p=57 a=40 file=/data/alice/ipardoza/hadronization_production/HF_RUN3_V1/raw/MONASH/hf_MONASH_job221.root
SIGMAB_COUNTS tag=MONASH species=Sigma*_b+ pdg=5224 slice=eta_lt_1 p=9 a=10 file=/data/alice/ipardoza/hadronization_production/HF_RUN3_V1/raw/MONASH/hf_MONASH_job221.root
SIGMAB_COUNTS tag=MONASH species=Sigma*_b+ pdg=5224 slice=eta_1_2 p=14 a=7 file=/data/alice/ipardoza/hadronization_production/HF_RUN3_V1/raw/MONASH/hf_MONASH_job221.root
SIGMAB_COUNTS tag=MONASH species=Sigma*_b+ pdg=5224 slice=eta_ge_2 p=34 a=23 file=/data/alice/ipardoza/hadronization_production/HF_RUN3_V1/raw/MONASH/hf_MONASH_job221.root
SIGMAB_COUNTS tag=MONASH species=Sigma*_b0 pdg=5214 slice=all p=52 a=40 file=/data/alice/ipardoza/hadronization_production/HF_RUN3_V1/raw/MONASH/hf_MONASH_job221.root
SIGMAB_COUNTS tag=MONASH species=Sigma*_b0 pdg=5214 slice=eta_lt_1 p=8 a=6 file=/data/alice/ipardoza/hadronization_production/HF_RUN3_V1/raw/MONASH/hf_MONASH_job221.root
SIGMAB_COUNTS tag=MONASH species=Sigma*_b0 pdg=5214 slice=eta_1_2 p=15 a=8 file=/data/alice/ipardoza/hadronization_production/HF_RUN3_V1/raw/MONASH/hf_MONASH_job221.root
SIGMAB_COUNTS tag=MONASH species=Sigma*_b0 pdg=5214 slice=eta_ge_2 p=29 a=26 file=/data/alice/ipardoza/hadronization_production/HF_RUN3_V1/raw/MONASH/hf_MONASH_job221.root
SIGMAB_COUNTS tag=MONASH species=Sigma*_b- pdg=5114 slice=all p=48 a=45 file=/data/alice/ipardoza/hadronization_production/HF_RUN3_V1/raw/MONASH/hf_MONASH_job221.root
SIGMAB_COUNTS tag=MONASH species=Sigma*_b- pdg=5114 slice=eta_lt_1 p=5 a=8 file=/data/alice/ipardoza/hadronization_production/HF_RUN3_V1/raw/MONASH/hf_MONASH_job221.root
SIGMAB_COUNTS tag=MONASH species=Sigma*_b- pdg=5114 slice=eta_1_2 p=4 a=13 file=/data/alice/ipardoza/hadronization_production/HF_RUN3_V1/raw/MONASH/hf_MONASH_job221.root
SIGMAB_COUNTS tag=MONASH species=Sigma*_b- pdg=5114 slice=eta_ge_2 p=39 a=24 file=/data/alice/ipardoza/hadronization_production/HF_RUN3_V1/raw/MONASH/hf_MONASH_job221.root
SIGMAB_COUNTS tag=MONASH species=Lambda_b0 pdg=5122 slice=all p=319 a=295 file=/data/alice/ipardoza/hadronization_production/HF_RUN3_V1/raw/MONASH/hf_MONASH_job221.root
SIGMAB_COUNTS tag=MONASH species=Lambda_b0 pdg=5122 slice=eta_lt_1 p=62 a=59 file=/data/alice/ipardoza/hadronization_production/HF_RUN3_V1/raw/MONASH/hf_MONASH_job221.root
SIGMAB_COUNTS tag=MONASH species=Lambda_b0 pdg=5122 slice=eta_1_2 p=67 a=59 file=/data/alice/ipardoza/hadronization_production/HF_RUN3_V1/raw/MONASH/hf_MONASH_job221.root
SIGMAB_COUNTS tag=MONASH species=Lambda_b0 pdg=5122 slice=eta_ge_2 p=190 a=177 file=/data/alice/ipardoza/hadronization_production/HF_RUN3_V1/raw/MONASH/hf_MONASH_job221.root
SIGMAB_COUNTS tag=MONASH species=Xi_b0 pdg=5232 slice=all p=68 a=56 file=/data/alice/ipardoza/hadronization_production/HF_RUN3_V1/raw/MONASH/hf_MONASH_job221.root
SIGMAB_COUNTS tag=MONASH species=Xi_b0 pdg=5232 slice=eta_lt_1 p=16 a=10 file=/data/alice/ipardoza/hadronization_production/HF_RUN3_V1/raw/MONASH/hf_MONASH_job221.root
SIGMAB_COUNTS tag=MONASH species=Xi_b0 pdg=5232 slice=eta_1_2 p=13 a=11 file=/data/alice/ipardoza/hadronization_production/HF_RUN3_V1/raw/MONASH/hf_MONASH_job221.root
SIGMAB_COUNTS tag=MONASH species=Xi_b0 pdg=5232 slice=eta_ge_2 p=39 a=35 file=/data/alice/ipardoza/hadronization_production/HF_RUN3_V1/raw/MONASH/hf_MONASH_job221.root
SIGMAB_COUNTS tag=MONASH species=Xi_b- pdg=5132 slice=all p=53 a=45 file=/data/alice/ipardoza/hadronization_production/HF_RUN3_V1/raw/MONASH/hf_MONASH_job221.root
SIGMAB_COUNTS tag=MONASH species=Xi_b- pdg=5132 slice=eta_lt_1 p=11 a=6 file=/data/alice/ipardoza/hadronization_production/HF_RUN3_V1/raw/MONASH/hf_MONASH_job221.root
SIGMAB_COUNTS tag=MONASH species=Xi_b- pdg=5132 slice=eta_1_2 p=10 a=11 file=/data/alice/ipardoza/hadronization_production/HF_RUN3_V1/raw/MONASH/hf_MONASH_job221.root
SIGMAB_COUNTS tag=MONASH species=Xi_b- pdg=5132 slice=eta_ge_2 p=32 a=28 file=/data/alice/ipardoza/hadronization_production/HF_RUN3_V1/raw/MONASH/hf_MONASH_job221.root
SIGMAB_COUNTS tag=MONASH species=Sigma_b+ pdg=5222 slice=all p=32 a=24 file=/data/alice/ipardoza/hadronization_production/HF_RUN3_V1/raw/MONASH/hf_MONASH_job222.root
SIGMAB_COUNTS tag=MONASH species=Sigma_b+ pdg=5222 slice=eta_lt_1 p=4 a=5 file=/data/alice/ipardoza/hadronization_production/HF_RUN3_V1/raw/MONASH/hf_MONASH_job222.root
SIGMAB_COUNTS tag=MONASH species=Sigma_b+ pdg=5222 slice=eta_1_2 p=9 a=4 file=/data/alice/ipardoza/hadronization_production/HF_RUN3_V1/raw/MONASH/hf_MONASH_job222.root
SIGMAB_COUNTS tag=MONASH species=Sigma_b+ pdg=5222 slice=eta_ge_2 p=19 a=15 file=/data/alice/ipardoza/hadronization_production/HF_RUN3_V1/raw/MONASH/hf_MONASH_job222.root
SIGMAB_COUNTS tag=MONASH species=Sigma_b0 pdg=5212 slice=all p=29 a=20 file=/data/alice/ipardoza/hadronization_production/HF_RUN3_V1/raw/MONASH/hf_MONASH_job222.root
SIGMAB_COUNTS tag=MONASH species=Sigma_b0 pdg=5212 slice=eta_lt_1 p=9 a=2 file=/data/alice/ipardoza/hadronization_production/HF_RUN3_V1/raw/MONASH/hf_MONASH_job222.root
SIGMAB_COUNTS tag=MONASH species=Sigma_b0 pdg=5212 slice=eta_1_2 p=5 a=5 file=/data/alice/ipardoza/hadronization_production/HF_RUN3_V1/raw/MONASH/hf_MONASH_job222.root
SIGMAB_COUNTS tag=MONASH species=Sigma_b0 pdg=5212 slice=eta_ge_2 p=15 a=13 file=/data/alice/ipardoza/hadronization_production/HF_RUN3_V1/raw/MONASH/hf_MONASH_job222.root
SIGMAB_COUNTS tag=MONASH species=Sigma_b- pdg=5112 slice=all p=45 a=26 file=/data/alice/ipardoza/hadronization_production/HF_RUN3_V1/raw/MONASH/hf_MONASH_job222.root
SIGMAB_COUNTS tag=MONASH species=Sigma_b- pdg=5112 slice=eta_lt_1 p=11 a=5 file=/data/alice/ipardoza/hadronization_production/HF_RUN3_V1/raw/MONASH/hf_MONASH_job222.root
SIGMAB_COUNTS tag=MONASH species=Sigma_b- pdg=5112 slice=eta_1_2 p=9 a=5 file=/data/alice/ipardoza/hadronization_production/HF_RUN3_V1/raw/MONASH/hf_MONASH_job222.root
SIGMAB_COUNTS tag=MONASH species=Sigma_b- pdg=5112 slice=eta_ge_2 p=25 a=16 file=/data/alice/ipardoza/hadronization_production/HF_RUN3_V1/raw/MONASH/hf_MONASH_job222.root
SIGMAB_COUNTS tag=MONASH species=Sigma*_b+ pdg=5224 slice=all p=49 a=44 file=/data/alice/ipardoza/hadronization_production/HF_RUN3_V1/raw/MONASH/hf_MONASH_job222.root
SIGMAB_COUNTS tag=MONASH species=Sigma*_b+ pdg=5224 slice=eta_lt_1 p=4 a=4 file=/data/alice/ipardoza/hadronization_production/HF_RUN3_V1/raw/MONASH/hf_MONASH_job222.root
SIGMAB_COUNTS tag=MONASH species=Sigma*_b+ pdg=5224 slice=eta_1_2 p=14 a=7 file=/data/alice/ipardoza/hadronization_production/HF_RUN3_V1/raw/MONASH/hf_MONASH_job222.root
SIGMAB_COUNTS tag=MONASH species=Sigma*_b+ pdg=5224 slice=eta_ge_2 p=31 a=33 file=/data/alice/ipardoza/hadronization_production/HF_RUN3_V1/raw/MONASH/hf_MONASH_job222.root
SIGMAB_COUNTS tag=MONASH species=Sigma*_b0 pdg=5214 slice=all p=53 a=50 file=/data/alice/ipardoza/hadronization_production/HF_RUN3_V1/raw/MONASH/hf_MONASH_job222.root
SIGMAB_COUNTS tag=MONASH species=Sigma*_b0 pdg=5214 slice=eta_lt_1 p=7 a=16 file=/data/alice/ipardoza/hadronization_production/HF_RUN3_V1/raw/MONASH/hf_MONASH_job222.root
SIGMAB_COUNTS tag=MONASH species=Sigma*_b0 pdg=5214 slice=eta_1_2 p=11 a=9 file=/data/alice/ipardoza/hadronization_production/HF_RUN3_V1/raw/MONASH/hf_MONASH_job222.root
SIGMAB_COUNTS tag=MONASH species=Sigma*_b0 pdg=5214 slice=eta_ge_2 p=35 a=25 file=/data/alice/ipardoza/hadronization_production/HF_RUN3_V1/raw/MONASH/hf_MONASH_job222.root
SIGMAB_COUNTS tag=MONASH species=Sigma*_b- pdg=5114 slice=all p=41 a=37 file=/data/alice/ipardoza/hadronization_production/HF_RUN3_V1/raw/MONASH/hf_MONASH_job222.root
SIGMAB_COUNTS tag=MONASH species=Sigma*_b- pdg=5114 slice=eta_lt_1 p=6 a=6 file=/data/alice/ipardoza/hadronization_production/HF_RUN3_V1/raw/MONASH/hf_MONASH_job222.root
SIGMAB_COUNTS tag=MONASH species=Sigma*_b- pdg=5114 slice=eta_1_2 p=8 a=7 file=/data/alice/ipardoza/hadronization_production/HF_RUN3_V1/raw/MONASH/hf_MONASH_job222.root
SIGMAB_COUNTS tag=MONASH species=Sigma*_b- pdg=5114 slice=eta_ge_2 p=27 a=24 file=/data/alice/ipardoza/hadronization_production/HF_RUN3_V1/raw/MONASH/hf_MONASH_job222.root
SIGMAB_COUNTS tag=MONASH species=Lambda_b0 pdg=5122 slice=all p=281 a=326 file=/data/alice/ipardoza/hadronization_production/HF_RUN3_V1/raw/MONASH/hf_MONASH_job222.root
SIGMAB_COUNTS tag=MONASH species=Lambda_b0 pdg=5122 slice=eta_lt_1 p=45 a=73 file=/data/alice/ipardoza/hadronization_production/HF_RUN3_V1/raw/MONASH/hf_MONASH_job222.root
SIGMAB_COUNTS tag=MONASH species=Lambda_b0 pdg=5122 slice=eta_1_2 p=60 a=58 file=/data/alice/ipardoza/hadronization_production/HF_RUN3_V1/raw/MONASH/hf_MONASH_job222.root
SIGMAB_COUNTS tag=MONASH species=Lambda_b0 pdg=5122 slice=eta_ge_2 p=176 a=195 file=/data/alice/ipardoza/hadronization_production/HF_RUN3_V1/raw/MONASH/hf_MONASH_job222.root
SIGMAB_COUNTS tag=MONASH species=Xi_b0 pdg=5232 slice=all p=55 a=71 file=/data/alice/ipardoza/hadronization_production/HF_RUN3_V1/raw/MONASH/hf_MONASH_job222.root
SIGMAB_COUNTS tag=MONASH species=Xi_b0 pdg=5232 slice=eta_lt_1 p=7 a=13 file=/data/alice/ipardoza/hadronization_production/HF_RUN3_V1/raw/MONASH/hf_MONASH_job222.root
SIGMAB_COUNTS tag=MONASH species=Xi_b0 pdg=5232 slice=eta_1_2 p=9 a=15 file=/data/alice/ipardoza/hadronization_production/HF_RUN3_V1/raw/MONASH/hf_MONASH_job222.root
SIGMAB_COUNTS tag=MONASH species=Xi_b0 pdg=5232 slice=eta_ge_2 p=39 a=43 file=/data/alice/ipardoza/hadronization_production/HF_RUN3_V1/raw/MONASH/hf_MONASH_job222.root
SIGMAB_COUNTS tag=MONASH species=Xi_b- pdg=5132 slice=all p=48 a=47 file=/data/alice/ipardoza/hadronization_production/HF_RUN3_V1/raw/MONASH/hf_MONASH_job222.root
SIGMAB_COUNTS tag=MONASH species=Xi_b- pdg=5132 slice=eta_lt_1 p=15 a=11 file=/data/alice/ipardoza/hadronization_production/HF_RUN3_V1/raw/MONASH/hf_MONASH_job222.root
SIGMAB_COUNTS tag=MONASH species=Xi_b- pdg=5132 slice=eta_1_2 p=8 a=9 file=/data/alice/ipardoza/hadronization_production/HF_RUN3_V1/raw/MONASH/hf_MONASH_job222.root
SIGMAB_COUNTS tag=MONASH species=Xi_b- pdg=5132 slice=eta_ge_2 p=25 a=27 file=/data/alice/ipardoza/hadronization_production/HF_RUN3_V1/raw/MONASH/hf_MONASH_job222.root
SIGMAB_COUNTS tag=MONASH species=Sigma_b+ pdg=5222 slice=all p=21 a=21 file=/data/alice/ipardoza/hadronization_production/HF_RUN3_V1/raw/MONASH/hf_MONASH_job223.root
SIGMAB_COUNTS tag=MONASH species=Sigma_b+ pdg=5222 slice=eta_lt_1 p=3 a=2 file=/data/alice/ipardoza/hadronization_production/HF_RUN3_V1/raw/MONASH/hf_MONASH_job223.root
SIGMAB_COUNTS tag=MONASH species=Sigma_b+ pdg=5222 slice=eta_1_2 p=5 a=5 file=/data/alice/ipardoza/hadronization_production/HF_RUN3_V1/raw/MONASH/hf_MONASH_job223.root
SIGMAB_COUNTS tag=MONASH species=Sigma_b+ pdg=5222 slice=eta_ge_2 p=13 a=14 file=/data/alice/ipardoza/hadronization_production/HF_RUN3_V1/raw/MONASH/hf_MONASH_job223.root
SIGMAB_COUNTS tag=MONASH species=Sigma_b0 pdg=5212 slice=all p=34 a=27 file=/data/alice/ipardoza/hadronization_production/HF_RUN3_V1/raw/MONASH/hf_MONASH_job223.root
SIGMAB_COUNTS tag=MONASH species=Sigma_b0 pdg=5212 slice=eta_lt_1 p=5 a=7 file=/data/alice/ipardoza/hadronization_production/HF_RUN3_V1/raw/MONASH/hf_MONASH_job223.root
SIGMAB_COUNTS tag=MONASH species=Sigma_b0 pdg=5212 slice=eta_1_2 p=6 a=5 file=/data/alice/ipardoza/hadronization_production/HF_RUN3_V1/raw/MONASH/hf_MONASH_job223.root
SIGMAB_COUNTS tag=MONASH species=Sigma_b0 pdg=5212 slice=eta_ge_2 p=23 a=15 file=/data/alice/ipardoza/hadronization_production/HF_RUN3_V1/raw/MONASH/hf_MONASH_job223.root
SIGMAB_COUNTS tag=MONASH species=Sigma_b- pdg=5112 slice=all p=29 a=24 file=/data/alice/ipardoza/hadronization_production/HF_RUN3_V1/raw/MONASH/hf_MONASH_job223.root
SIGMAB_COUNTS tag=MONASH species=Sigma_b- pdg=5112 slice=eta_lt_1 p=0 a=2 file=/data/alice/ipardoza/hadronization_production/HF_RUN3_V1/raw/MONASH/hf_MONASH_job223.root
SIGMAB_COUNTS tag=MONASH species=Sigma_b- pdg=5112 slice=eta_1_2 p=10 a=6 file=/data/alice/ipardoza/hadronization_production/HF_RUN3_V1/raw/MONASH/hf_MONASH_job223.root
SIGMAB_COUNTS tag=MONASH species=Sigma_b- pdg=5112 slice=eta_ge_2 p=19 a=16 file=/data/alice/ipardoza/hadronization_production/HF_RUN3_V1/raw/MONASH/hf_MONASH_job223.root
SIGMAB_COUNTS tag=MONASH species=Sigma*_b+ pdg=5224 slice=all p=66 a=44 file=/data/alice/ipardoza/hadronization_production/HF_RUN3_V1/raw/MONASH/hf_MONASH_job223.root
SIGMAB_COUNTS tag=MONASH species=Sigma*_b+ pdg=5224 slice=eta_lt_1 p=14 a=7 file=/data/alice/ipardoza/hadronization_production/HF_RUN3_V1/raw/MONASH/hf_MONASH_job223.root
SIGMAB_COUNTS tag=MONASH species=Sigma*_b+ pdg=5224 slice=eta_1_2 p=12 a=8 file=/data/alice/ipardoza/hadronization_production/HF_RUN3_V1/raw/MONASH/hf_MONASH_job223.root
SIGMAB_COUNTS tag=MONASH species=Sigma*_b+ pdg=5224 slice=eta_ge_2 p=40 a=29 file=/data/alice/ipardoza/hadronization_production/HF_RUN3_V1/raw/MONASH/hf_MONASH_job223.root
SIGMAB_COUNTS tag=MONASH species=Sigma*_b0 pdg=5214 slice=all p=48 a=38 file=/data/alice/ipardoza/hadronization_production/HF_RUN3_V1/raw/MONASH/hf_MONASH_job223.root
SIGMAB_COUNTS tag=MONASH species=Sigma*_b0 pdg=5214 slice=eta_lt_1 p=10 a=3 file=/data/alice/ipardoza/hadronization_production/HF_RUN3_V1/raw/MONASH/hf_MONASH_job223.root
SIGMAB_COUNTS tag=MONASH species=Sigma*_b0 pdg=5214 slice=eta_1_2 p=11 a=12 file=/data/alice/ipardoza/hadronization_production/HF_RUN3_V1/raw/MONASH/hf_MONASH_job223.root
SIGMAB_COUNTS tag=MONASH species=Sigma*_b0 pdg=5214 slice=eta_ge_2 p=27 a=23 file=/data/alice/ipardoza/hadronization_production/HF_RUN3_V1/raw/MONASH/hf_MONASH_job223.root
SIGMAB_COUNTS tag=MONASH species=Sigma*_b- pdg=5114 slice=all p=44 a=45 file=/data/alice/ipardoza/hadronization_production/HF_RUN3_V1/raw/MONASH/hf_MONASH_job223.root
SIGMAB_COUNTS tag=MONASH species=Sigma*_b- pdg=5114 slice=eta_lt_1 p=6 a=11 file=/data/alice/ipardoza/hadronization_production/HF_RUN3_V1/raw/MONASH/hf_MONASH_job223.root
SIGMAB_COUNTS tag=MONASH species=Sigma*_b- pdg=5114 slice=eta_1_2 p=8 a=9 file=/data/alice/ipardoza/hadronization_production/HF_RUN3_V1/raw/MONASH/hf_MONASH_job223.root
SIGMAB_COUNTS tag=MONASH species=Sigma*_b- pdg=5114 slice=eta_ge_2 p=30 a=25 file=/data/alice/ipardoza/hadronization_production/HF_RUN3_V1/raw/MONASH/hf_MONASH_job223.root
SIGMAB_COUNTS tag=MONASH species=Lambda_b0 pdg=5122 slice=all p=279 a=327 file=/data/alice/ipardoza/hadronization_production/HF_RUN3_V1/raw/MONASH/hf_MONASH_job223.root
SIGMAB_COUNTS tag=MONASH species=Lambda_b0 pdg=5122 slice=eta_lt_1 p=52 a=56 file=/data/alice/ipardoza/hadronization_production/HF_RUN3_V1/raw/MONASH/hf_MONASH_job223.root
SIGMAB_COUNTS tag=MONASH species=Lambda_b0 pdg=5122 slice=eta_1_2 p=65 a=73 file=/data/alice/ipardoza/hadronization_production/HF_RUN3_V1/raw/MONASH/hf_MONASH_job223.root
SIGMAB_COUNTS tag=MONASH species=Lambda_b0 pdg=5122 slice=eta_ge_2 p=162 a=198 file=/data/alice/ipardoza/hadronization_production/HF_RUN3_V1/raw/MONASH/hf_MONASH_job223.root
SIGMAB_COUNTS tag=MONASH species=Xi_b0 pdg=5232 slice=all p=67 a=60 file=/data/alice/ipardoza/hadronization_production/HF_RUN3_V1/raw/MONASH/hf_MONASH_job223.root
SIGMAB_COUNTS tag=MONASH species=Xi_b0 pdg=5232 slice=eta_lt_1 p=20 a=11 file=/data/alice/ipardoza/hadronization_production/HF_RUN3_V1/raw/MONASH/hf_MONASH_job223.root
SIGMAB_COUNTS tag=MONASH species=Xi_b0 pdg=5232 slice=eta_1_2 p=10 a=13 file=/data/alice/ipardoza/hadronization_production/HF_RUN3_V1/raw/MONASH/hf_MONASH_job223.root
SIGMAB_COUNTS tag=MONASH species=Xi_b0 pdg=5232 slice=eta_ge_2 p=37 a=36 file=/data/alice/ipardoza/hadronization_production/HF_RUN3_V1/raw/MONASH/hf_MONASH_job223.root
SIGMAB_COUNTS tag=MONASH species=Xi_b- pdg=5132 slice=all p=78 a=55 file=/data/alice/ipardoza/hadronization_production/HF_RUN3_V1/raw/MONASH/hf_MONASH_job223.root
SIGMAB_COUNTS tag=MONASH species=Xi_b- pdg=5132 slice=eta_lt_1 p=12 a=11 file=/data/alice/ipardoza/hadronization_production/HF_RUN3_V1/raw/MONASH/hf_MONASH_job223.root
SIGMAB_COUNTS tag=MONASH species=Xi_b- pdg=5132 slice=eta_1_2 p=12 a=22 file=/data/alice/ipardoza/hadronization_production/HF_RUN3_V1/raw/MONASH/hf_MONASH_job223.root
SIGMAB_COUNTS tag=MONASH species=Xi_b- pdg=5132 slice=eta_ge_2 p=54 a=22 file=/data/alice/ipardoza/hadronization_production/HF_RUN3_V1/raw/MONASH/hf_MONASH_job223.root
SIGMAB_COUNTS tag=MONASH species=Sigma_b+ pdg=5222 slice=all p=33 a=17 file=/data/alice/ipardoza/hadronization_production/HF_RUN3_V1/raw/MONASH/hf_MONASH_job224.root
SIGMAB_COUNTS tag=MONASH species=Sigma_b+ pdg=5222 slice=eta_lt_1 p=3 a=7 file=/data/alice/ipardoza/hadronization_production/HF_RUN3_V1/raw/MONASH/hf_MONASH_job224.root
SIGMAB_COUNTS tag=MONASH species=Sigma_b+ pdg=5222 slice=eta_1_2 p=9 a=5 file=/data/alice/ipardoza/hadronization_production/HF_RUN3_V1/raw/MONASH/hf_MONASH_job224.root
SIGMAB_COUNTS tag=MONASH species=Sigma_b+ pdg=5222 slice=eta_ge_2 p=21 a=5 file=/data/alice/ipardoza/hadronization_production/HF_RUN3_V1/raw/MONASH/hf_MONASH_job224.root
SIGMAB_COUNTS tag=MONASH species=Sigma_b0 pdg=5212 slice=all p=33 a=27 file=/data/alice/ipardoza/hadronization_production/HF_RUN3_V1/raw/MONASH/hf_MONASH_job224.root
SIGMAB_COUNTS tag=MONASH species=Sigma_b0 pdg=5212 slice=eta_lt_1 p=10 a=4 file=/data/alice/ipardoza/hadronization_production/HF_RUN3_V1/raw/MONASH/hf_MONASH_job224.root
SIGMAB_COUNTS tag=MONASH species=Sigma_b0 pdg=5212 slice=eta_1_2 p=5 a=6 file=/data/alice/ipardoza/hadronization_production/HF_RUN3_V1/raw/MONASH/hf_MONASH_job224.root
SIGMAB_COUNTS tag=MONASH species=Sigma_b0 pdg=5212 slice=eta_ge_2 p=18 a=17 file=/data/alice/ipardoza/hadronization_production/HF_RUN3_V1/raw/MONASH/hf_MONASH_job224.root
SIGMAB_COUNTS tag=MONASH species=Sigma_b- pdg=5112 slice=all p=37 a=17 file=/data/alice/ipardoza/hadronization_production/HF_RUN3_V1/raw/MONASH/hf_MONASH_job224.root
SIGMAB_COUNTS tag=MONASH species=Sigma_b- pdg=5112 slice=eta_lt_1 p=6 a=3 file=/data/alice/ipardoza/hadronization_production/HF_RUN3_V1/raw/MONASH/hf_MONASH_job224.root
SIGMAB_COUNTS tag=MONASH species=Sigma_b- pdg=5112 slice=eta_1_2 p=7 a=7 file=/data/alice/ipardoza/hadronization_production/HF_RUN3_V1/raw/MONASH/hf_MONASH_job224.root
SIGMAB_COUNTS tag=MONASH species=Sigma_b- pdg=5112 slice=eta_ge_2 p=24 a=7 file=/data/alice/ipardoza/hadronization_production/HF_RUN3_V1/raw/MONASH/hf_MONASH_job224.root
SIGMAB_COUNTS tag=MONASH species=Sigma*_b+ pdg=5224 slice=all p=57 a=39 file=/data/alice/ipardoza/hadronization_production/HF_RUN3_V1/raw/MONASH/hf_MONASH_job224.root
SIGMAB_COUNTS tag=MONASH species=Sigma*_b+ pdg=5224 slice=eta_lt_1 p=10 a=5 file=/data/alice/ipardoza/hadronization_production/HF_RUN3_V1/raw/MONASH/hf_MONASH_job224.root
SIGMAB_COUNTS tag=MONASH species=Sigma*_b+ pdg=5224 slice=eta_1_2 p=11 a=9 file=/data/alice/ipardoza/hadronization_production/HF_RUN3_V1/raw/MONASH/hf_MONASH_job224.root
SIGMAB_COUNTS tag=MONASH species=Sigma*_b+ pdg=5224 slice=eta_ge_2 p=36 a=25 file=/data/alice/ipardoza/hadronization_production/HF_RUN3_V1/raw/MONASH/hf_MONASH_job224.root
SIGMAB_COUNTS tag=MONASH species=Sigma*_b0 pdg=5214 slice=all p=44 a=32 file=/data/alice/ipardoza/hadronization_production/HF_RUN3_V1/raw/MONASH/hf_MONASH_job224.root
SIGMAB_COUNTS tag=MONASH species=Sigma*_b0 pdg=5214 slice=eta_lt_1 p=7 a=5 file=/data/alice/ipardoza/hadronization_production/HF_RUN3_V1/raw/MONASH/hf_MONASH_job224.root
SIGMAB_COUNTS tag=MONASH species=Sigma*_b0 pdg=5214 slice=eta_1_2 p=12 a=6 file=/data/alice/ipardoza/hadronization_production/HF_RUN3_V1/raw/MONASH/hf_MONASH_job224.root
SIGMAB_COUNTS tag=MONASH species=Sigma*_b0 pdg=5214 slice=eta_ge_2 p=25 a=21 file=/data/alice/ipardoza/hadronization_production/HF_RUN3_V1/raw/MONASH/hf_MONASH_job224.root
SIGMAB_COUNTS tag=MONASH species=Sigma*_b- pdg=5114 slice=all p=47 a=44 file=/data/alice/ipardoza/hadronization_production/HF_RUN3_V1/raw/MONASH/hf_MONASH_job224.root
SIGMAB_COUNTS tag=MONASH species=Sigma*_b- pdg=5114 slice=eta_lt_1 p=9 a=10 file=/data/alice/ipardoza/hadronization_production/HF_RUN3_V1/raw/MONASH/hf_MONASH_job224.root
SIGMAB_COUNTS tag=MONASH species=Sigma*_b- pdg=5114 slice=eta_1_2 p=12 a=12 file=/data/alice/ipardoza/hadronization_production/HF_RUN3_V1/raw/MONASH/hf_MONASH_job224.root
SIGMAB_COUNTS tag=MONASH species=Sigma*_b- pdg=5114 slice=eta_ge_2 p=26 a=22 file=/data/alice/ipardoza/hadronization_production/HF_RUN3_V1/raw/MONASH/hf_MONASH_job224.root
SIGMAB_COUNTS tag=MONASH species=Lambda_b0 pdg=5122 slice=all p=287 a=313 file=/data/alice/ipardoza/hadronization_production/HF_RUN3_V1/raw/MONASH/hf_MONASH_job224.root
SIGMAB_COUNTS tag=MONASH species=Lambda_b0 pdg=5122 slice=eta_lt_1 p=50 a=51 file=/data/alice/ipardoza/hadronization_production/HF_RUN3_V1/raw/MONASH/hf_MONASH_job224.root
SIGMAB_COUNTS tag=MONASH species=Lambda_b0 pdg=5122 slice=eta_1_2 p=62 a=72 file=/data/alice/ipardoza/hadronization_production/HF_RUN3_V1/raw/MONASH/hf_MONASH_job224.root
SIGMAB_COUNTS tag=MONASH species=Lambda_b0 pdg=5122 slice=eta_ge_2 p=175 a=190 file=/data/alice/ipardoza/hadronization_production/HF_RUN3_V1/raw/MONASH/hf_MONASH_job224.root
SIGMAB_COUNTS tag=MONASH species=Xi_b0 pdg=5232 slice=all p=50 a=57 file=/data/alice/ipardoza/hadronization_production/HF_RUN3_V1/raw/MONASH/hf_MONASH_job224.root
SIGMAB_COUNTS tag=MONASH species=Xi_b0 pdg=5232 slice=eta_lt_1 p=16 a=12 file=/data/alice/ipardoza/hadronization_production/HF_RUN3_V1/raw/MONASH/hf_MONASH_job224.root
SIGMAB_COUNTS tag=MONASH species=Xi_b0 pdg=5232 slice=eta_1_2 p=8 a=9 file=/data/alice/ipardoza/hadronization_production/HF_RUN3_V1/raw/MONASH/hf_MONASH_job224.root
SIGMAB_COUNTS tag=MONASH species=Xi_b0 pdg=5232 slice=eta_ge_2 p=26 a=36 file=/data/alice/ipardoza/hadronization_production/HF_RUN3_V1/raw/MONASH/hf_MONASH_job224.root
SIGMAB_COUNTS tag=MONASH species=Xi_b- pdg=5132 slice=all p=49 a=57 file=/data/alice/ipardoza/hadronization_production/HF_RUN3_V1/raw/MONASH/hf_MONASH_job224.root
SIGMAB_COUNTS tag=MONASH species=Xi_b- pdg=5132 slice=eta_lt_1 p=7 a=8 file=/data/alice/ipardoza/hadronization_production/HF_RUN3_V1/raw/MONASH/hf_MONASH_job224.root
SIGMAB_COUNTS tag=MONASH species=Xi_b- pdg=5132 slice=eta_1_2 p=10 a=10 file=/data/alice/ipardoza/hadronization_production/HF_RUN3_V1/raw/MONASH/hf_MONASH_job224.root
SIGMAB_COUNTS tag=MONASH species=Xi_b- pdg=5132 slice=eta_ge_2 p=32 a=39 file=/data/alice/ipardoza/hadronization_production/HF_RUN3_V1/raw/MONASH/hf_MONASH_job224.root
SIGMAB_COUNTS tag=MONASH species=Sigma_b+ pdg=5222 slice=all p=40 a=25 file=/data/alice/ipardoza/hadronization_production/HF_RUN3_V1/raw/MONASH/hf_MONASH_job225.root
SIGMAB_COUNTS tag=MONASH species=Sigma_b+ pdg=5222 slice=eta_lt_1 p=6 a=6 file=/data/alice/ipardoza/hadronization_production/HF_RUN3_V1/raw/MONASH/hf_MONASH_job225.root
SIGMAB_COUNTS tag=MONASH species=Sigma_b+ pdg=5222 slice=eta_1_2 p=9 a=1 file=/data/alice/ipardoza/hadronization_production/HF_RUN3_V1/raw/MONASH/hf_MONASH_job225.root
SIGMAB_COUNTS tag=MONASH species=Sigma_b+ pdg=5222 slice=eta_ge_2 p=25 a=18 file=/data/alice/ipardoza/hadronization_production/HF_RUN3_V1/raw/MONASH/hf_MONASH_job225.root
SIGMAB_COUNTS tag=MONASH species=Sigma_b0 pdg=5212 slice=all p=40 a=19 file=/data/alice/ipardoza/hadronization_production/HF_RUN3_V1/raw/MONASH/hf_MONASH_job225.root
SIGMAB_COUNTS tag=MONASH species=Sigma_b0 pdg=5212 slice=eta_lt_1 p=4 a=2 file=/data/alice/ipardoza/hadronization_production/HF_RUN3_V1/raw/MONASH/hf_MONASH_job225.root
SIGMAB_COUNTS tag=MONASH species=Sigma_b0 pdg=5212 slice=eta_1_2 p=8 a=4 file=/data/alice/ipardoza/hadronization_production/HF_RUN3_V1/raw/MONASH/hf_MONASH_job225.root
SIGMAB_COUNTS tag=MONASH species=Sigma_b0 pdg=5212 slice=eta_ge_2 p=28 a=13 file=/data/alice/ipardoza/hadronization_production/HF_RUN3_V1/raw/MONASH/hf_MONASH_job225.root
SIGMAB_COUNTS tag=MONASH species=Sigma_b- pdg=5112 slice=all p=32 a=15 file=/data/alice/ipardoza/hadronization_production/HF_RUN3_V1/raw/MONASH/hf_MONASH_job225.root
SIGMAB_COUNTS tag=MONASH species=Sigma_b- pdg=5112 slice=eta_lt_1 p=5 a=3 file=/data/alice/ipardoza/hadronization_production/HF_RUN3_V1/raw/MONASH/hf_MONASH_job225.root
SIGMAB_COUNTS tag=MONASH species=Sigma_b- pdg=5112 slice=eta_1_2 p=3 a=2 file=/data/alice/ipardoza/hadronization_production/HF_RUN3_V1/raw/MONASH/hf_MONASH_job225.root
SIGMAB_COUNTS tag=MONASH species=Sigma_b- pdg=5112 slice=eta_ge_2 p=24 a=10 file=/data/alice/ipardoza/hadronization_production/HF_RUN3_V1/raw/MONASH/hf_MONASH_job225.root
SIGMAB_COUNTS tag=MONASH species=Sigma*_b+ pdg=5224 slice=all p=50 a=42 file=/data/alice/ipardoza/hadronization_production/HF_RUN3_V1/raw/MONASH/hf_MONASH_job225.root
SIGMAB_COUNTS tag=MONASH species=Sigma*_b+ pdg=5224 slice=eta_lt_1 p=7 a=10 file=/data/alice/ipardoza/hadronization_production/HF_RUN3_V1/raw/MONASH/hf_MONASH_job225.root
SIGMAB_COUNTS tag=MONASH species=Sigma*_b+ pdg=5224 slice=eta_1_2 p=12 a=12 file=/data/alice/ipardoza/hadronization_production/HF_RUN3_V1/raw/MONASH/hf_MONASH_job225.root
SIGMAB_COUNTS tag=MONASH species=Sigma*_b+ pdg=5224 slice=eta_ge_2 p=31 a=20 file=/data/alice/ipardoza/hadronization_production/HF_RUN3_V1/raw/MONASH/hf_MONASH_job225.root
SIGMAB_COUNTS tag=MONASH species=Sigma*_b0 pdg=5214 slice=all p=54 a=39 file=/data/alice/ipardoza/hadronization_production/HF_RUN3_V1/raw/MONASH/hf_MONASH_job225.root
SIGMAB_COUNTS tag=MONASH species=Sigma*_b0 pdg=5214 slice=eta_lt_1 p=12 a=4 file=/data/alice/ipardoza/hadronization_production/HF_RUN3_V1/raw/MONASH/hf_MONASH_job225.root
SIGMAB_COUNTS tag=MONASH species=Sigma*_b0 pdg=5214 slice=eta_1_2 p=10 a=9 file=/data/alice/ipardoza/hadronization_production/HF_RUN3_V1/raw/MONASH/hf_MONASH_job225.root
SIGMAB_COUNTS tag=MONASH species=Sigma*_b0 pdg=5214 slice=eta_ge_2 p=32 a=26 file=/data/alice/ipardoza/hadronization_production/HF_RUN3_V1/raw/MONASH/hf_MONASH_job225.root
SIGMAB_COUNTS tag=MONASH species=Sigma*_b- pdg=5114 slice=all p=46 a=41 file=/data/alice/ipardoza/hadronization_production/HF_RUN3_V1/raw/MONASH/hf_MONASH_job225.root
SIGMAB_COUNTS tag=MONASH species=Sigma*_b- pdg=5114 slice=eta_lt_1 p=8 a=9 file=/data/alice/ipardoza/hadronization_production/HF_RUN3_V1/raw/MONASH/hf_MONASH_job225.root
SIGMAB_COUNTS tag=MONASH species=Sigma*_b- pdg=5114 slice=eta_1_2 p=9 a=8 file=/data/alice/ipardoza/hadronization_production/HF_RUN3_V1/raw/MONASH/hf_MONASH_job225.root
SIGMAB_COUNTS tag=MONASH species=Sigma*_b- pdg=5114 slice=eta_ge_2 p=29 a=24 file=/data/alice/ipardoza/hadronization_production/HF_RUN3_V1/raw/MONASH/hf_MONASH_job225.root
SIGMAB_COUNTS tag=MONASH species=Lambda_b0 pdg=5122 slice=all p=313 a=334 file=/data/alice/ipardoza/hadronization_production/HF_RUN3_V1/raw/MONASH/hf_MONASH_job225.root
SIGMAB_COUNTS tag=MONASH species=Lambda_b0 pdg=5122 slice=eta_lt_1 p=49 a=58 file=/data/alice/ipardoza/hadronization_production/HF_RUN3_V1/raw/MONASH/hf_MONASH_job225.root
SIGMAB_COUNTS tag=MONASH species=Lambda_b0 pdg=5122 slice=eta_1_2 p=66 a=84 file=/data/alice/ipardoza/hadronization_production/HF_RUN3_V1/raw/MONASH/hf_MONASH_job225.root
SIGMAB_COUNTS tag=MONASH species=Lambda_b0 pdg=5122 slice=eta_ge_2 p=198 a=192 file=/data/alice/ipardoza/hadronization_production/HF_RUN3_V1/raw/MONASH/hf_MONASH_job225.root
SIGMAB_COUNTS tag=MONASH species=Xi_b0 pdg=5232 slice=all p=60 a=56 file=/data/alice/ipardoza/hadronization_production/HF_RUN3_V1/raw/MONASH/hf_MONASH_job225.root
SIGMAB_COUNTS tag=MONASH species=Xi_b0 pdg=5232 slice=eta_lt_1 p=11 a=11 file=/data/alice/ipardoza/hadronization_production/HF_RUN3_V1/raw/MONASH/hf_MONASH_job225.root
SIGMAB_COUNTS tag=MONASH species=Xi_b0 pdg=5232 slice=eta_1_2 p=14 a=13 file=/data/alice/ipardoza/hadronization_production/HF_RUN3_V1/raw/MONASH/hf_MONASH_job225.root
SIGMAB_COUNTS tag=MONASH species=Xi_b0 pdg=5232 slice=eta_ge_2 p=35 a=32 file=/data/alice/ipardoza/hadronization_production/HF_RUN3_V1/raw/MONASH/hf_MONASH_job225.root
SIGMAB_COUNTS tag=MONASH species=Xi_b- pdg=5132 slice=all p=56 a=42 file=/data/alice/ipardoza/hadronization_production/HF_RUN3_V1/raw/MONASH/hf_MONASH_job225.root
SIGMAB_COUNTS tag=MONASH species=Xi_b- pdg=5132 slice=eta_lt_1 p=10 a=6 file=/data/alice/ipardoza/hadronization_production/HF_RUN3_V1/raw/MONASH/hf_MONASH_job225.root
SIGMAB_COUNTS tag=MONASH species=Xi_b- pdg=5132 slice=eta_1_2 p=11 a=12 file=/data/alice/ipardoza/hadronization_production/HF_RUN3_V1/raw/MONASH/hf_MONASH_job225.root
SIGMAB_COUNTS tag=MONASH species=Xi_b- pdg=5132 slice=eta_ge_2 p=35 a=24 file=/data/alice/ipardoza/hadronization_production/HF_RUN3_V1/raw/MONASH/hf_MONASH_job225.root
SIGMAB_COUNTS tag=MONASH species=Sigma_b+ pdg=5222 slice=all p=37 a=18 file=/data/alice/ipardoza/hadronization_production/HF_RUN3_V1/raw/MONASH/hf_MONASH_job226.root
SIGMAB_COUNTS tag=MONASH species=Sigma_b+ pdg=5222 slice=eta_lt_1 p=5 a=2 file=/data/alice/ipardoza/hadronization_production/HF_RUN3_V1/raw/MONASH/hf_MONASH_job226.root
SIGMAB_COUNTS tag=MONASH species=Sigma_b+ pdg=5222 slice=eta_1_2 p=8 a=6 file=/data/alice/ipardoza/hadronization_production/HF_RUN3_V1/raw/MONASH/hf_MONASH_job226.root
SIGMAB_COUNTS tag=MONASH species=Sigma_b+ pdg=5222 slice=eta_ge_2 p=24 a=10 file=/data/alice/ipardoza/hadronization_production/HF_RUN3_V1/raw/MONASH/hf_MONASH_job226.root
SIGMAB_COUNTS tag=MONASH species=Sigma_b0 pdg=5212 slice=all p=36 a=23 file=/data/alice/ipardoza/hadronization_production/HF_RUN3_V1/raw/MONASH/hf_MONASH_job226.root
SIGMAB_COUNTS tag=MONASH species=Sigma_b0 pdg=5212 slice=eta_lt_1 p=9 a=4 file=/data/alice/ipardoza/hadronization_production/HF_RUN3_V1/raw/MONASH/hf_MONASH_job226.root
SIGMAB_COUNTS tag=MONASH species=Sigma_b0 pdg=5212 slice=eta_1_2 p=6 a=5 file=/data/alice/ipardoza/hadronization_production/HF_RUN3_V1/raw/MONASH/hf_MONASH_job226.root
SIGMAB_COUNTS tag=MONASH species=Sigma_b0 pdg=5212 slice=eta_ge_2 p=21 a=14 file=/data/alice/ipardoza/hadronization_production/HF_RUN3_V1/raw/MONASH/hf_MONASH_job226.root
SIGMAB_COUNTS tag=MONASH species=Sigma_b- pdg=5112 slice=all p=30 a=20 file=/data/alice/ipardoza/hadronization_production/HF_RUN3_V1/raw/MONASH/hf_MONASH_job226.root
SIGMAB_COUNTS tag=MONASH species=Sigma_b- pdg=5112 slice=eta_lt_1 p=5 a=4 file=/data/alice/ipardoza/hadronization_production/HF_RUN3_V1/raw/MONASH/hf_MONASH_job226.root
SIGMAB_COUNTS tag=MONASH species=Sigma_b- pdg=5112 slice=eta_1_2 p=3 a=5 file=/data/alice/ipardoza/hadronization_production/HF_RUN3_V1/raw/MONASH/hf_MONASH_job226.root
SIGMAB_COUNTS tag=MONASH species=Sigma_b- pdg=5112 slice=eta_ge_2 p=22 a=11 file=/data/alice/ipardoza/hadronization_production/HF_RUN3_V1/raw/MONASH/hf_MONASH_job226.root
SIGMAB_COUNTS tag=MONASH species=Sigma*_b+ pdg=5224 slice=all p=55 a=34 file=/data/alice/ipardoza/hadronization_production/HF_RUN3_V1/raw/MONASH/hf_MONASH_job226.root
SIGMAB_COUNTS tag=MONASH species=Sigma*_b+ pdg=5224 slice=eta_lt_1 p=10 a=3 file=/data/alice/ipardoza/hadronization_production/HF_RUN3_V1/raw/MONASH/hf_MONASH_job226.root
SIGMAB_COUNTS tag=MONASH species=Sigma*_b+ pdg=5224 slice=eta_1_2 p=15 a=11 file=/data/alice/ipardoza/hadronization_production/HF_RUN3_V1/raw/MONASH/hf_MONASH_job226.root
SIGMAB_COUNTS tag=MONASH species=Sigma*_b+ pdg=5224 slice=eta_ge_2 p=30 a=20 file=/data/alice/ipardoza/hadronization_production/HF_RUN3_V1/raw/MONASH/hf_MONASH_job226.root
SIGMAB_COUNTS tag=MONASH species=Sigma*_b0 pdg=5214 slice=all p=53 a=49 file=/data/alice/ipardoza/hadronization_production/HF_RUN3_V1/raw/MONASH/hf_MONASH_job226.root
SIGMAB_COUNTS tag=MONASH species=Sigma*_b0 pdg=5214 slice=eta_lt_1 p=8 a=12 file=/data/alice/ipardoza/hadronization_production/HF_RUN3_V1/raw/MONASH/hf_MONASH_job226.root
SIGMAB_COUNTS tag=MONASH species=Sigma*_b0 pdg=5214 slice=eta_1_2 p=12 a=12 file=/data/alice/ipardoza/hadronization_production/HF_RUN3_V1/raw/MONASH/hf_MONASH_job226.root
SIGMAB_COUNTS tag=MONASH species=Sigma*_b0 pdg=5214 slice=eta_ge_2 p=33 a=25 file=/data/alice/ipardoza/hadronization_production/HF_RUN3_V1/raw/MONASH/hf_MONASH_job226.root
SIGMAB_COUNTS tag=MONASH species=Sigma*_b- pdg=5114 slice=all p=42 a=41 file=/data/alice/ipardoza/hadronization_production/HF_RUN3_V1/raw/MONASH/hf_MONASH_job226.root
SIGMAB_COUNTS tag=MONASH species=Sigma*_b- pdg=5114 slice=eta_lt_1 p=4 a=2 file=/data/alice/ipardoza/hadronization_production/HF_RUN3_V1/raw/MONASH/hf_MONASH_job226.root
SIGMAB_COUNTS tag=MONASH species=Sigma*_b- pdg=5114 slice=eta_1_2 p=12 a=10 file=/data/alice/ipardoza/hadronization_production/HF_RUN3_V1/raw/MONASH/hf_MONASH_job226.root
SIGMAB_COUNTS tag=MONASH species=Sigma*_b- pdg=5114 slice=eta_ge_2 p=26 a=29 file=/data/alice/ipardoza/hadronization_production/HF_RUN3_V1/raw/MONASH/hf_MONASH_job226.root
SIGMAB_COUNTS tag=MONASH species=Lambda_b0 pdg=5122 slice=all p=364 a=332 file=/data/alice/ipardoza/hadronization_production/HF_RUN3_V1/raw/MONASH/hf_MONASH_job226.root
SIGMAB_COUNTS tag=MONASH species=Lambda_b0 pdg=5122 slice=eta_lt_1 p=63 a=52 file=/data/alice/ipardoza/hadronization_production/HF_RUN3_V1/raw/MONASH/hf_MONASH_job226.root
SIGMAB_COUNTS tag=MONASH species=Lambda_b0 pdg=5122 slice=eta_1_2 p=80 a=70 file=/data/alice/ipardoza/hadronization_production/HF_RUN3_V1/raw/MONASH/hf_MONASH_job226.root
SIGMAB_COUNTS tag=MONASH species=Lambda_b0 pdg=5122 slice=eta_ge_2 p=221 a=210 file=/data/alice/ipardoza/hadronization_production/HF_RUN3_V1/raw/MONASH/hf_MONASH_job226.root
SIGMAB_COUNTS tag=MONASH species=Xi_b0 pdg=5232 slice=all p=54 a=42 file=/data/alice/ipardoza/hadronization_production/HF_RUN3_V1/raw/MONASH/hf_MONASH_job226.root
SIGMAB_COUNTS tag=MONASH species=Xi_b0 pdg=5232 slice=eta_lt_1 p=6 a=7 file=/data/alice/ipardoza/hadronization_production/HF_RUN3_V1/raw/MONASH/hf_MONASH_job226.root
SIGMAB_COUNTS tag=MONASH species=Xi_b0 pdg=5232 slice=eta_1_2 p=10 a=14 file=/data/alice/ipardoza/hadronization_production/HF_RUN3_V1/raw/MONASH/hf_MONASH_job226.root
SIGMAB_COUNTS tag=MONASH species=Xi_b0 pdg=5232 slice=eta_ge_2 p=38 a=21 file=/data/alice/ipardoza/hadronization_production/HF_RUN3_V1/raw/MONASH/hf_MONASH_job226.root
SIGMAB_COUNTS tag=MONASH species=Xi_b- pdg=5132 slice=all p=52 a=62 file=/data/alice/ipardoza/hadronization_production/HF_RUN3_V1/raw/MONASH/hf_MONASH_job226.root
SIGMAB_COUNTS tag=MONASH species=Xi_b- pdg=5132 slice=eta_lt_1 p=8 a=10 file=/data/alice/ipardoza/hadronization_production/HF_RUN3_V1/raw/MONASH/hf_MONASH_job226.root
SIGMAB_COUNTS tag=MONASH species=Xi_b- pdg=5132 slice=eta_1_2 p=10 a=11 file=/data/alice/ipardoza/hadronization_production/HF_RUN3_V1/raw/MONASH/hf_MONASH_job226.root
SIGMAB_COUNTS tag=MONASH species=Xi_b- pdg=5132 slice=eta_ge_2 p=34 a=41 file=/data/alice/ipardoza/hadronization_production/HF_RUN3_V1/raw/MONASH/hf_MONASH_job226.root
SIGMAB_COUNTS tag=MONASH species=Sigma_b+ pdg=5222 slice=all p=41 a=23 file=/data/alice/ipardoza/hadronization_production/HF_RUN3_V1/raw/MONASH/hf_MONASH_job227.root
SIGMAB_COUNTS tag=MONASH species=Sigma_b+ pdg=5222 slice=eta_lt_1 p=7 a=5 file=/data/alice/ipardoza/hadronization_production/HF_RUN3_V1/raw/MONASH/hf_MONASH_job227.root
SIGMAB_COUNTS tag=MONASH species=Sigma_b+ pdg=5222 slice=eta_1_2 p=8 a=6 file=/data/alice/ipardoza/hadronization_production/HF_RUN3_V1/raw/MONASH/hf_MONASH_job227.root
SIGMAB_COUNTS tag=MONASH species=Sigma_b+ pdg=5222 slice=eta_ge_2 p=26 a=12 file=/data/alice/ipardoza/hadronization_production/HF_RUN3_V1/raw/MONASH/hf_MONASH_job227.root
SIGMAB_COUNTS tag=MONASH species=Sigma_b0 pdg=5212 slice=all p=37 a=25 file=/data/alice/ipardoza/hadronization_production/HF_RUN3_V1/raw/MONASH/hf_MONASH_job227.root
SIGMAB_COUNTS tag=MONASH species=Sigma_b0 pdg=5212 slice=eta_lt_1 p=6 a=6 file=/data/alice/ipardoza/hadronization_production/HF_RUN3_V1/raw/MONASH/hf_MONASH_job227.root
SIGMAB_COUNTS tag=MONASH species=Sigma_b0 pdg=5212 slice=eta_1_2 p=4 a=7 file=/data/alice/ipardoza/hadronization_production/HF_RUN3_V1/raw/MONASH/hf_MONASH_job227.root
SIGMAB_COUNTS tag=MONASH species=Sigma_b0 pdg=5212 slice=eta_ge_2 p=27 a=12 file=/data/alice/ipardoza/hadronization_production/HF_RUN3_V1/raw/MONASH/hf_MONASH_job227.root
SIGMAB_COUNTS tag=MONASH species=Sigma_b- pdg=5112 slice=all p=34 a=21 file=/data/alice/ipardoza/hadronization_production/HF_RUN3_V1/raw/MONASH/hf_MONASH_job227.root
SIGMAB_COUNTS tag=MONASH species=Sigma_b- pdg=5112 slice=eta_lt_1 p=7 a=4 file=/data/alice/ipardoza/hadronization_production/HF_RUN3_V1/raw/MONASH/hf_MONASH_job227.root
SIGMAB_COUNTS tag=MONASH species=Sigma_b- pdg=5112 slice=eta_1_2 p=5 a=6 file=/data/alice/ipardoza/hadronization_production/HF_RUN3_V1/raw/MONASH/hf_MONASH_job227.root
SIGMAB_COUNTS tag=MONASH species=Sigma_b- pdg=5112 slice=eta_ge_2 p=22 a=11 file=/data/alice/ipardoza/hadronization_production/HF_RUN3_V1/raw/MONASH/hf_MONASH_job227.root
SIGMAB_COUNTS tag=MONASH species=Sigma*_b+ pdg=5224 slice=all p=53 a=42 file=/data/alice/ipardoza/hadronization_production/HF_RUN3_V1/raw/MONASH/hf_MONASH_job227.root
SIGMAB_COUNTS tag=MONASH species=Sigma*_b+ pdg=5224 slice=eta_lt_1 p=11 a=7 file=/data/alice/ipardoza/hadronization_production/HF_RUN3_V1/raw/MONASH/hf_MONASH_job227.root
SIGMAB_COUNTS tag=MONASH species=Sigma*_b+ pdg=5224 slice=eta_1_2 p=14 a=10 file=/data/alice/ipardoza/hadronization_production/HF_RUN3_V1/raw/MONASH/hf_MONASH_job227.root
SIGMAB_COUNTS tag=MONASH species=Sigma*_b+ pdg=5224 slice=eta_ge_2 p=28 a=25 file=/data/alice/ipardoza/hadronization_production/HF_RUN3_V1/raw/MONASH/hf_MONASH_job227.root
SIGMAB_COUNTS tag=MONASH species=Sigma*_b0 pdg=5214 slice=all p=43 a=30 file=/data/alice/ipardoza/hadronization_production/HF_RUN3_V1/raw/MONASH/hf_MONASH_job227.root
SIGMAB_COUNTS tag=MONASH species=Sigma*_b0 pdg=5214 slice=eta_lt_1 p=4 a=5 file=/data/alice/ipardoza/hadronization_production/HF_RUN3_V1/raw/MONASH/hf_MONASH_job227.root
SIGMAB_COUNTS tag=MONASH species=Sigma*_b0 pdg=5214 slice=eta_1_2 p=8 a=4 file=/data/alice/ipardoza/hadronization_production/HF_RUN3_V1/raw/MONASH/hf_MONASH_job227.root
SIGMAB_COUNTS tag=MONASH species=Sigma*_b0 pdg=5214 slice=eta_ge_2 p=31 a=21 file=/data/alice/ipardoza/hadronization_production/HF_RUN3_V1/raw/MONASH/hf_MONASH_job227.root
SIGMAB_COUNTS tag=MONASH species=Sigma*_b- pdg=5114 slice=all p=55 a=31 file=/data/alice/ipardoza/hadronization_production/HF_RUN3_V1/raw/MONASH/hf_MONASH_job227.root
SIGMAB_COUNTS tag=MONASH species=Sigma*_b- pdg=5114 slice=eta_lt_1 p=11 a=4 file=/data/alice/ipardoza/hadronization_production/HF_RUN3_V1/raw/MONASH/hf_MONASH_job227.root
SIGMAB_COUNTS tag=MONASH species=Sigma*_b- pdg=5114 slice=eta_1_2 p=5 a=7 file=/data/alice/ipardoza/hadronization_production/HF_RUN3_V1/raw/MONASH/hf_MONASH_job227.root
SIGMAB_COUNTS tag=MONASH species=Sigma*_b- pdg=5114 slice=eta_ge_2 p=39 a=20 file=/data/alice/ipardoza/hadronization_production/HF_RUN3_V1/raw/MONASH/hf_MONASH_job227.root
SIGMAB_COUNTS tag=MONASH species=Lambda_b0 pdg=5122 slice=all p=308 a=302 file=/data/alice/ipardoza/hadronization_production/HF_RUN3_V1/raw/MONASH/hf_MONASH_job227.root
SIGMAB_COUNTS tag=MONASH species=Lambda_b0 pdg=5122 slice=eta_lt_1 p=53 a=66 file=/data/alice/ipardoza/hadronization_production/HF_RUN3_V1/raw/MONASH/hf_MONASH_job227.root
SIGMAB_COUNTS tag=MONASH species=Lambda_b0 pdg=5122 slice=eta_1_2 p=65 a=57 file=/data/alice/ipardoza/hadronization_production/HF_RUN3_V1/raw/MONASH/hf_MONASH_job227.root
SIGMAB_COUNTS tag=MONASH species=Lambda_b0 pdg=5122 slice=eta_ge_2 p=190 a=179 file=/data/alice/ipardoza/hadronization_production/HF_RUN3_V1/raw/MONASH/hf_MONASH_job227.root
SIGMAB_COUNTS tag=MONASH species=Xi_b0 pdg=5232 slice=all p=70 a=56 file=/data/alice/ipardoza/hadronization_production/HF_RUN3_V1/raw/MONASH/hf_MONASH_job227.root
SIGMAB_COUNTS tag=MONASH species=Xi_b0 pdg=5232 slice=eta_lt_1 p=12 a=6 file=/data/alice/ipardoza/hadronization_production/HF_RUN3_V1/raw/MONASH/hf_MONASH_job227.root
SIGMAB_COUNTS tag=MONASH species=Xi_b0 pdg=5232 slice=eta_1_2 p=21 a=10 file=/data/alice/ipardoza/hadronization_production/HF_RUN3_V1/raw/MONASH/hf_MONASH_job227.root
SIGMAB_COUNTS tag=MONASH species=Xi_b0 pdg=5232 slice=eta_ge_2 p=37 a=40 file=/data/alice/ipardoza/hadronization_production/HF_RUN3_V1/raw/MONASH/hf_MONASH_job227.root
SIGMAB_COUNTS tag=MONASH species=Xi_b- pdg=5132 slice=all p=53 a=57 file=/data/alice/ipardoza/hadronization_production/HF_RUN3_V1/raw/MONASH/hf_MONASH_job227.root
SIGMAB_COUNTS tag=MONASH species=Xi_b- pdg=5132 slice=eta_lt_1 p=13 a=11 file=/data/alice/ipardoza/hadronization_production/HF_RUN3_V1/raw/MONASH/hf_MONASH_job227.root
SIGMAB_COUNTS tag=MONASH species=Xi_b- pdg=5132 slice=eta_1_2 p=13 a=12 file=/data/alice/ipardoza/hadronization_production/HF_RUN3_V1/raw/MONASH/hf_MONASH_job227.root
SIGMAB_COUNTS tag=MONASH species=Xi_b- pdg=5132 slice=eta_ge_2 p=27 a=34 file=/data/alice/ipardoza/hadronization_production/HF_RUN3_V1/raw/MONASH/hf_MONASH_job227.root
SIGMAB_COUNTS tag=MONASH species=Sigma_b+ pdg=5222 slice=all p=41 a=18 file=/data/alice/ipardoza/hadronization_production/HF_RUN3_V1/raw/MONASH/hf_MONASH_job228.root
SIGMAB_COUNTS tag=MONASH species=Sigma_b+ pdg=5222 slice=eta_lt_1 p=8 a=1 file=/data/alice/ipardoza/hadronization_production/HF_RUN3_V1/raw/MONASH/hf_MONASH_job228.root
SIGMAB_COUNTS tag=MONASH species=Sigma_b+ pdg=5222 slice=eta_1_2 p=4 a=8 file=/data/alice/ipardoza/hadronization_production/HF_RUN3_V1/raw/MONASH/hf_MONASH_job228.root
SIGMAB_COUNTS tag=MONASH species=Sigma_b+ pdg=5222 slice=eta_ge_2 p=29 a=9 file=/data/alice/ipardoza/hadronization_production/HF_RUN3_V1/raw/MONASH/hf_MONASH_job228.root
SIGMAB_COUNTS tag=MONASH species=Sigma_b0 pdg=5212 slice=all p=34 a=22 file=/data/alice/ipardoza/hadronization_production/HF_RUN3_V1/raw/MONASH/hf_MONASH_job228.root
SIGMAB_COUNTS tag=MONASH species=Sigma_b0 pdg=5212 slice=eta_lt_1 p=4 a=4 file=/data/alice/ipardoza/hadronization_production/HF_RUN3_V1/raw/MONASH/hf_MONASH_job228.root
SIGMAB_COUNTS tag=MONASH species=Sigma_b0 pdg=5212 slice=eta_1_2 p=9 a=3 file=/data/alice/ipardoza/hadronization_production/HF_RUN3_V1/raw/MONASH/hf_MONASH_job228.root
SIGMAB_COUNTS tag=MONASH species=Sigma_b0 pdg=5212 slice=eta_ge_2 p=21 a=15 file=/data/alice/ipardoza/hadronization_production/HF_RUN3_V1/raw/MONASH/hf_MONASH_job228.root
SIGMAB_COUNTS tag=MONASH species=Sigma_b- pdg=5112 slice=all p=31 a=27 file=/data/alice/ipardoza/hadronization_production/HF_RUN3_V1/raw/MONASH/hf_MONASH_job228.root
SIGMAB_COUNTS tag=MONASH species=Sigma_b- pdg=5112 slice=eta_lt_1 p=7 a=4 file=/data/alice/ipardoza/hadronization_production/HF_RUN3_V1/raw/MONASH/hf_MONASH_job228.root
SIGMAB_COUNTS tag=MONASH species=Sigma_b- pdg=5112 slice=eta_1_2 p=3 a=8 file=/data/alice/ipardoza/hadronization_production/HF_RUN3_V1/raw/MONASH/hf_MONASH_job228.root
SIGMAB_COUNTS tag=MONASH species=Sigma_b- pdg=5112 slice=eta_ge_2 p=21 a=15 file=/data/alice/ipardoza/hadronization_production/HF_RUN3_V1/raw/MONASH/hf_MONASH_job228.root
SIGMAB_COUNTS tag=MONASH species=Sigma*_b+ pdg=5224 slice=all p=58 a=37 file=/data/alice/ipardoza/hadronization_production/HF_RUN3_V1/raw/MONASH/hf_MONASH_job228.root
SIGMAB_COUNTS tag=MONASH species=Sigma*_b+ pdg=5224 slice=eta_lt_1 p=10 a=3 file=/data/alice/ipardoza/hadronization_production/HF_RUN3_V1/raw/MONASH/hf_MONASH_job228.root
SIGMAB_COUNTS tag=MONASH species=Sigma*_b+ pdg=5224 slice=eta_1_2 p=14 a=8 file=/data/alice/ipardoza/hadronization_production/HF_RUN3_V1/raw/MONASH/hf_MONASH_job228.root
SIGMAB_COUNTS tag=MONASH species=Sigma*_b+ pdg=5224 slice=eta_ge_2 p=34 a=26 file=/data/alice/ipardoza/hadronization_production/HF_RUN3_V1/raw/MONASH/hf_MONASH_job228.root
SIGMAB_COUNTS tag=MONASH species=Sigma*_b0 pdg=5214 slice=all p=42 a=38 file=/data/alice/ipardoza/hadronization_production/HF_RUN3_V1/raw/MONASH/hf_MONASH_job228.root
SIGMAB_COUNTS tag=MONASH species=Sigma*_b0 pdg=5214 slice=eta_lt_1 p=4 a=7 file=/data/alice/ipardoza/hadronization_production/HF_RUN3_V1/raw/MONASH/hf_MONASH_job228.root
SIGMAB_COUNTS tag=MONASH species=Sigma*_b0 pdg=5214 slice=eta_1_2 p=10 a=8 file=/data/alice/ipardoza/hadronization_production/HF_RUN3_V1/raw/MONASH/hf_MONASH_job228.root
SIGMAB_COUNTS tag=MONASH species=Sigma*_b0 pdg=5214 slice=eta_ge_2 p=28 a=23 file=/data/alice/ipardoza/hadronization_production/HF_RUN3_V1/raw/MONASH/hf_MONASH_job228.root
SIGMAB_COUNTS tag=MONASH species=Sigma*_b- pdg=5114 slice=all p=61 a=50 file=/data/alice/ipardoza/hadronization_production/HF_RUN3_V1/raw/MONASH/hf_MONASH_job228.root
SIGMAB_COUNTS tag=MONASH species=Sigma*_b- pdg=5114 slice=eta_lt_1 p=8 a=8 file=/data/alice/ipardoza/hadronization_production/HF_RUN3_V1/raw/MONASH/hf_MONASH_job228.root
SIGMAB_COUNTS tag=MONASH species=Sigma*_b- pdg=5114 slice=eta_1_2 p=19 a=10 file=/data/alice/ipardoza/hadronization_production/HF_RUN3_V1/raw/MONASH/hf_MONASH_job228.root
SIGMAB_COUNTS tag=MONASH species=Sigma*_b- pdg=5114 slice=eta_ge_2 p=34 a=32 file=/data/alice/ipardoza/hadronization_production/HF_RUN3_V1/raw/MONASH/hf_MONASH_job228.root
SIGMAB_COUNTS tag=MONASH species=Lambda_b0 pdg=5122 slice=all p=310 a=347 file=/data/alice/ipardoza/hadronization_production/HF_RUN3_V1/raw/MONASH/hf_MONASH_job228.root
SIGMAB_COUNTS tag=MONASH species=Lambda_b0 pdg=5122 slice=eta_lt_1 p=69 a=66 file=/data/alice/ipardoza/hadronization_production/HF_RUN3_V1/raw/MONASH/hf_MONASH_job228.root
SIGMAB_COUNTS tag=MONASH species=Lambda_b0 pdg=5122 slice=eta_1_2 p=65 a=84 file=/data/alice/ipardoza/hadronization_production/HF_RUN3_V1/raw/MONASH/hf_MONASH_job228.root
SIGMAB_COUNTS tag=MONASH species=Lambda_b0 pdg=5122 slice=eta_ge_2 p=176 a=197 file=/data/alice/ipardoza/hadronization_production/HF_RUN3_V1/raw/MONASH/hf_MONASH_job228.root
SIGMAB_COUNTS tag=MONASH species=Xi_b0 pdg=5232 slice=all p=60 a=53 file=/data/alice/ipardoza/hadronization_production/HF_RUN3_V1/raw/MONASH/hf_MONASH_job228.root
SIGMAB_COUNTS tag=MONASH species=Xi_b0 pdg=5232 slice=eta_lt_1 p=13 a=10 file=/data/alice/ipardoza/hadronization_production/HF_RUN3_V1/raw/MONASH/hf_MONASH_job228.root
SIGMAB_COUNTS tag=MONASH species=Xi_b0 pdg=5232 slice=eta_1_2 p=13 a=12 file=/data/alice/ipardoza/hadronization_production/HF_RUN3_V1/raw/MONASH/hf_MONASH_job228.root
SIGMAB_COUNTS tag=MONASH species=Xi_b0 pdg=5232 slice=eta_ge_2 p=34 a=31 file=/data/alice/ipardoza/hadronization_production/HF_RUN3_V1/raw/MONASH/hf_MONASH_job228.root
SIGMAB_COUNTS tag=MONASH species=Xi_b- pdg=5132 slice=all p=62 a=63 file=/data/alice/ipardoza/hadronization_production/HF_RUN3_V1/raw/MONASH/hf_MONASH_job228.root
SIGMAB_COUNTS tag=MONASH species=Xi_b- pdg=5132 slice=eta_lt_1 p=16 a=9 file=/data/alice/ipardoza/hadronization_production/HF_RUN3_V1/raw/MONASH/hf_MONASH_job228.root
SIGMAB_COUNTS tag=MONASH species=Xi_b- pdg=5132 slice=eta_1_2 p=18 a=11 file=/data/alice/ipardoza/hadronization_production/HF_RUN3_V1/raw/MONASH/hf_MONASH_job228.root
SIGMAB_COUNTS tag=MONASH species=Xi_b- pdg=5132 slice=eta_ge_2 p=28 a=43 file=/data/alice/ipardoza/hadronization_production/HF_RUN3_V1/raw/MONASH/hf_MONASH_job228.root
SIGMAB_COUNTS tag=MONASH species=Sigma_b+ pdg=5222 slice=all p=31 a=20 file=/data/alice/ipardoza/hadronization_production/HF_RUN3_V1/raw/MONASH/hf_MONASH_job229.root
SIGMAB_COUNTS tag=MONASH species=Sigma_b+ pdg=5222 slice=eta_lt_1 p=10 a=6 file=/data/alice/ipardoza/hadronization_production/HF_RUN3_V1/raw/MONASH/hf_MONASH_job229.root
SIGMAB_COUNTS tag=MONASH species=Sigma_b+ pdg=5222 slice=eta_1_2 p=5 a=3 file=/data/alice/ipardoza/hadronization_production/HF_RUN3_V1/raw/MONASH/hf_MONASH_job229.root
SIGMAB_COUNTS tag=MONASH species=Sigma_b+ pdg=5222 slice=eta_ge_2 p=16 a=11 file=/data/alice/ipardoza/hadronization_production/HF_RUN3_V1/raw/MONASH/hf_MONASH_job229.root
SIGMAB_COUNTS tag=MONASH species=Sigma_b0 pdg=5212 slice=all p=29 a=12 file=/data/alice/ipardoza/hadronization_production/HF_RUN3_V1/raw/MONASH/hf_MONASH_job229.root
SIGMAB_COUNTS tag=MONASH species=Sigma_b0 pdg=5212 slice=eta_lt_1 p=4 a=1 file=/data/alice/ipardoza/hadronization_production/HF_RUN3_V1/raw/MONASH/hf_MONASH_job229.root
SIGMAB_COUNTS tag=MONASH species=Sigma_b0 pdg=5212 slice=eta_1_2 p=6 a=2 file=/data/alice/ipardoza/hadronization_production/HF_RUN3_V1/raw/MONASH/hf_MONASH_job229.root
SIGMAB_COUNTS tag=MONASH species=Sigma_b0 pdg=5212 slice=eta_ge_2 p=19 a=9 file=/data/alice/ipardoza/hadronization_production/HF_RUN3_V1/raw/MONASH/hf_MONASH_job229.root
SIGMAB_COUNTS tag=MONASH species=Sigma_b- pdg=5112 slice=all p=30 a=25 file=/data/alice/ipardoza/hadronization_production/HF_RUN3_V1/raw/MONASH/hf_MONASH_job229.root
SIGMAB_COUNTS tag=MONASH species=Sigma_b- pdg=5112 slice=eta_lt_1 p=6 a=6 file=/data/alice/ipardoza/hadronization_production/HF_RUN3_V1/raw/MONASH/hf_MONASH_job229.root
SIGMAB_COUNTS tag=MONASH species=Sigma_b- pdg=5112 slice=eta_1_2 p=5 a=5 file=/data/alice/ipardoza/hadronization_production/HF_RUN3_V1/raw/MONASH/hf_MONASH_job229.root
SIGMAB_COUNTS tag=MONASH species=Sigma_b- pdg=5112 slice=eta_ge_2 p=19 a=14 file=/data/alice/ipardoza/hadronization_production/HF_RUN3_V1/raw/MONASH/hf_MONASH_job229.root
SIGMAB_COUNTS tag=MONASH species=Sigma*_b+ pdg=5224 slice=all p=42 a=44 file=/data/alice/ipardoza/hadronization_production/HF_RUN3_V1/raw/MONASH/hf_MONASH_job229.root
SIGMAB_COUNTS tag=MONASH species=Sigma*_b+ pdg=5224 slice=eta_lt_1 p=8 a=8 file=/data/alice/ipardoza/hadronization_production/HF_RUN3_V1/raw/MONASH/hf_MONASH_job229.root
SIGMAB_COUNTS tag=MONASH species=Sigma*_b+ pdg=5224 slice=eta_1_2 p=7 a=13 file=/data/alice/ipardoza/hadronization_production/HF_RUN3_V1/raw/MONASH/hf_MONASH_job229.root
SIGMAB_COUNTS tag=MONASH species=Sigma*_b+ pdg=5224 slice=eta_ge_2 p=27 a=23 file=/data/alice/ipardoza/hadronization_production/HF_RUN3_V1/raw/MONASH/hf_MONASH_job229.root
SIGMAB_COUNTS tag=MONASH species=Sigma*_b0 pdg=5214 slice=all p=45 a=40 file=/data/alice/ipardoza/hadronization_production/HF_RUN3_V1/raw/MONASH/hf_MONASH_job229.root
SIGMAB_COUNTS tag=MONASH species=Sigma*_b0 pdg=5214 slice=eta_lt_1 p=9 a=8 file=/data/alice/ipardoza/hadronization_production/HF_RUN3_V1/raw/MONASH/hf_MONASH_job229.root
SIGMAB_COUNTS tag=MONASH species=Sigma*_b0 pdg=5214 slice=eta_1_2 p=7 a=9 file=/data/alice/ipardoza/hadronization_production/HF_RUN3_V1/raw/MONASH/hf_MONASH_job229.root
SIGMAB_COUNTS tag=MONASH species=Sigma*_b0 pdg=5214 slice=eta_ge_2 p=29 a=23 file=/data/alice/ipardoza/hadronization_production/HF_RUN3_V1/raw/MONASH/hf_MONASH_job229.root
SIGMAB_COUNTS tag=MONASH species=Sigma*_b- pdg=5114 slice=all p=38 a=26 file=/data/alice/ipardoza/hadronization_production/HF_RUN3_V1/raw/MONASH/hf_MONASH_job229.root
SIGMAB_COUNTS tag=MONASH species=Sigma*_b- pdg=5114 slice=eta_lt_1 p=5 a=4 file=/data/alice/ipardoza/hadronization_production/HF_RUN3_V1/raw/MONASH/hf_MONASH_job229.root
SIGMAB_COUNTS tag=MONASH species=Sigma*_b- pdg=5114 slice=eta_1_2 p=11 a=8 file=/data/alice/ipardoza/hadronization_production/HF_RUN3_V1/raw/MONASH/hf_MONASH_job229.root
SIGMAB_COUNTS tag=MONASH species=Sigma*_b- pdg=5114 slice=eta_ge_2 p=22 a=14 file=/data/alice/ipardoza/hadronization_production/HF_RUN3_V1/raw/MONASH/hf_MONASH_job229.root
SIGMAB_COUNTS tag=MONASH species=Lambda_b0 pdg=5122 slice=all p=332 a=299 file=/data/alice/ipardoza/hadronization_production/HF_RUN3_V1/raw/MONASH/hf_MONASH_job229.root
SIGMAB_COUNTS tag=MONASH species=Lambda_b0 pdg=5122 slice=eta_lt_1 p=61 a=48 file=/data/alice/ipardoza/hadronization_production/HF_RUN3_V1/raw/MONASH/hf_MONASH_job229.root
SIGMAB_COUNTS tag=MONASH species=Lambda_b0 pdg=5122 slice=eta_1_2 p=64 a=62 file=/data/alice/ipardoza/hadronization_production/HF_RUN3_V1/raw/MONASH/hf_MONASH_job229.root
SIGMAB_COUNTS tag=MONASH species=Lambda_b0 pdg=5122 slice=eta_ge_2 p=207 a=189 file=/data/alice/ipardoza/hadronization_production/HF_RUN3_V1/raw/MONASH/hf_MONASH_job229.root
SIGMAB_COUNTS tag=MONASH species=Xi_b0 pdg=5232 slice=all p=56 a=43 file=/data/alice/ipardoza/hadronization_production/HF_RUN3_V1/raw/MONASH/hf_MONASH_job229.root
SIGMAB_COUNTS tag=MONASH species=Xi_b0 pdg=5232 slice=eta_lt_1 p=6 a=10 file=/data/alice/ipardoza/hadronization_production/HF_RUN3_V1/raw/MONASH/hf_MONASH_job229.root
SIGMAB_COUNTS tag=MONASH species=Xi_b0 pdg=5232 slice=eta_1_2 p=15 a=13 file=/data/alice/ipardoza/hadronization_production/HF_RUN3_V1/raw/MONASH/hf_MONASH_job229.root
SIGMAB_COUNTS tag=MONASH species=Xi_b0 pdg=5232 slice=eta_ge_2 p=35 a=20 file=/data/alice/ipardoza/hadronization_production/HF_RUN3_V1/raw/MONASH/hf_MONASH_job229.root
SIGMAB_COUNTS tag=MONASH species=Xi_b- pdg=5132 slice=all p=49 a=60 file=/data/alice/ipardoza/hadronization_production/HF_RUN3_V1/raw/MONASH/hf_MONASH_job229.root
SIGMAB_COUNTS tag=MONASH species=Xi_b- pdg=5132 slice=eta_lt_1 p=10 a=11 file=/data/alice/ipardoza/hadronization_production/HF_RUN3_V1/raw/MONASH/hf_MONASH_job229.root
SIGMAB_COUNTS tag=MONASH species=Xi_b- pdg=5132 slice=eta_1_2 p=5 a=8 file=/data/alice/ipardoza/hadronization_production/HF_RUN3_V1/raw/MONASH/hf_MONASH_job229.root
SIGMAB_COUNTS tag=MONASH species=Xi_b- pdg=5132 slice=eta_ge_2 p=34 a=41 file=/data/alice/ipardoza/hadronization_production/HF_RUN3_V1/raw/MONASH/hf_MONASH_job229.root
SIGMAB_COUNTS tag=MONASH species=Sigma_b+ pdg=5222 slice=all p=39 a=24 file=/data/alice/ipardoza/hadronization_production/HF_RUN3_V1/raw/MONASH/hf_MONASH_job230.root
SIGMAB_COUNTS tag=MONASH species=Sigma_b+ pdg=5222 slice=eta_lt_1 p=7 a=1 file=/data/alice/ipardoza/hadronization_production/HF_RUN3_V1/raw/MONASH/hf_MONASH_job230.root
SIGMAB_COUNTS tag=MONASH species=Sigma_b+ pdg=5222 slice=eta_1_2 p=3 a=6 file=/data/alice/ipardoza/hadronization_production/HF_RUN3_V1/raw/MONASH/hf_MONASH_job230.root
SIGMAB_COUNTS tag=MONASH species=Sigma_b+ pdg=5222 slice=eta_ge_2 p=29 a=17 file=/data/alice/ipardoza/hadronization_production/HF_RUN3_V1/raw/MONASH/hf_MONASH_job230.root
SIGMAB_COUNTS tag=MONASH species=Sigma_b0 pdg=5212 slice=all p=43 a=28 file=/data/alice/ipardoza/hadronization_production/HF_RUN3_V1/raw/MONASH/hf_MONASH_job230.root
SIGMAB_COUNTS tag=MONASH species=Sigma_b0 pdg=5212 slice=eta_lt_1 p=8 a=6 file=/data/alice/ipardoza/hadronization_production/HF_RUN3_V1/raw/MONASH/hf_MONASH_job230.root
SIGMAB_COUNTS tag=MONASH species=Sigma_b0 pdg=5212 slice=eta_1_2 p=7 a=4 file=/data/alice/ipardoza/hadronization_production/HF_RUN3_V1/raw/MONASH/hf_MONASH_job230.root
SIGMAB_COUNTS tag=MONASH species=Sigma_b0 pdg=5212 slice=eta_ge_2 p=28 a=18 file=/data/alice/ipardoza/hadronization_production/HF_RUN3_V1/raw/MONASH/hf_MONASH_job230.root
SIGMAB_COUNTS tag=MONASH species=Sigma_b- pdg=5112 slice=all p=37 a=18 file=/data/alice/ipardoza/hadronization_production/HF_RUN3_V1/raw/MONASH/hf_MONASH_job230.root
SIGMAB_COUNTS tag=MONASH species=Sigma_b- pdg=5112 slice=eta_lt_1 p=3 a=2 file=/data/alice/ipardoza/hadronization_production/HF_RUN3_V1/raw/MONASH/hf_MONASH_job230.root
SIGMAB_COUNTS tag=MONASH species=Sigma_b- pdg=5112 slice=eta_1_2 p=7 a=5 file=/data/alice/ipardoza/hadronization_production/HF_RUN3_V1/raw/MONASH/hf_MONASH_job230.root
SIGMAB_COUNTS tag=MONASH species=Sigma_b- pdg=5112 slice=eta_ge_2 p=27 a=11 file=/data/alice/ipardoza/hadronization_production/HF_RUN3_V1/raw/MONASH/hf_MONASH_job230.root
SIGMAB_COUNTS tag=MONASH species=Sigma*_b+ pdg=5224 slice=all p=46 a=40 file=/data/alice/ipardoza/hadronization_production/HF_RUN3_V1/raw/MONASH/hf_MONASH_job230.root
SIGMAB_COUNTS tag=MONASH species=Sigma*_b+ pdg=5224 slice=eta_lt_1 p=4 a=9 file=/data/alice/ipardoza/hadronization_production/HF_RUN3_V1/raw/MONASH/hf_MONASH_job230.root
SIGMAB_COUNTS tag=MONASH species=Sigma*_b+ pdg=5224 slice=eta_1_2 p=8 a=9 file=/data/alice/ipardoza/hadronization_production/HF_RUN3_V1/raw/MONASH/hf_MONASH_job230.root
SIGMAB_COUNTS tag=MONASH species=Sigma*_b+ pdg=5224 slice=eta_ge_2 p=34 a=22 file=/data/alice/ipardoza/hadronization_production/HF_RUN3_V1/raw/MONASH/hf_MONASH_job230.root
SIGMAB_COUNTS tag=MONASH species=Sigma*_b0 pdg=5214 slice=all p=53 a=41 file=/data/alice/ipardoza/hadronization_production/HF_RUN3_V1/raw/MONASH/hf_MONASH_job230.root
SIGMAB_COUNTS tag=MONASH species=Sigma*_b0 pdg=5214 slice=eta_lt_1 p=10 a=7 file=/data/alice/ipardoza/hadronization_production/HF_RUN3_V1/raw/MONASH/hf_MONASH_job230.root
SIGMAB_COUNTS tag=MONASH species=Sigma*_b0 pdg=5214 slice=eta_1_2 p=9 a=12 file=/data/alice/ipardoza/hadronization_production/HF_RUN3_V1/raw/MONASH/hf_MONASH_job230.root
SIGMAB_COUNTS tag=MONASH species=Sigma*_b0 pdg=5214 slice=eta_ge_2 p=34 a=22 file=/data/alice/ipardoza/hadronization_production/HF_RUN3_V1/raw/MONASH/hf_MONASH_job230.root
SIGMAB_COUNTS tag=MONASH species=Sigma*_b- pdg=5114 slice=all p=54 a=39 file=/data/alice/ipardoza/hadronization_production/HF_RUN3_V1/raw/MONASH/hf_MONASH_job230.root
SIGMAB_COUNTS tag=MONASH species=Sigma*_b- pdg=5114 slice=eta_lt_1 p=10 a=5 file=/data/alice/ipardoza/hadronization_production/HF_RUN3_V1/raw/MONASH/hf_MONASH_job230.root
SIGMAB_COUNTS tag=MONASH species=Sigma*_b- pdg=5114 slice=eta_1_2 p=10 a=7 file=/data/alice/ipardoza/hadronization_production/HF_RUN3_V1/raw/MONASH/hf_MONASH_job230.root
SIGMAB_COUNTS tag=MONASH species=Sigma*_b- pdg=5114 slice=eta_ge_2 p=34 a=27 file=/data/alice/ipardoza/hadronization_production/HF_RUN3_V1/raw/MONASH/hf_MONASH_job230.root
SIGMAB_COUNTS tag=MONASH species=Lambda_b0 pdg=5122 slice=all p=303 a=300 file=/data/alice/ipardoza/hadronization_production/HF_RUN3_V1/raw/MONASH/hf_MONASH_job230.root
SIGMAB_COUNTS tag=MONASH species=Lambda_b0 pdg=5122 slice=eta_lt_1 p=54 a=52 file=/data/alice/ipardoza/hadronization_production/HF_RUN3_V1/raw/MONASH/hf_MONASH_job230.root
SIGMAB_COUNTS tag=MONASH species=Lambda_b0 pdg=5122 slice=eta_1_2 p=79 a=70 file=/data/alice/ipardoza/hadronization_production/HF_RUN3_V1/raw/MONASH/hf_MONASH_job230.root
SIGMAB_COUNTS tag=MONASH species=Lambda_b0 pdg=5122 slice=eta_ge_2 p=170 a=178 file=/data/alice/ipardoza/hadronization_production/HF_RUN3_V1/raw/MONASH/hf_MONASH_job230.root
SIGMAB_COUNTS tag=MONASH species=Xi_b0 pdg=5232 slice=all p=46 a=47 file=/data/alice/ipardoza/hadronization_production/HF_RUN3_V1/raw/MONASH/hf_MONASH_job230.root
SIGMAB_COUNTS tag=MONASH species=Xi_b0 pdg=5232 slice=eta_lt_1 p=9 a=8 file=/data/alice/ipardoza/hadronization_production/HF_RUN3_V1/raw/MONASH/hf_MONASH_job230.root
SIGMAB_COUNTS tag=MONASH species=Xi_b0 pdg=5232 slice=eta_1_2 p=12 a=6 file=/data/alice/ipardoza/hadronization_production/HF_RUN3_V1/raw/MONASH/hf_MONASH_job230.root
SIGMAB_COUNTS tag=MONASH species=Xi_b0 pdg=5232 slice=eta_ge_2 p=25 a=33 file=/data/alice/ipardoza/hadronization_production/HF_RUN3_V1/raw/MONASH/hf_MONASH_job230.root
SIGMAB_COUNTS tag=MONASH species=Xi_b- pdg=5132 slice=all p=68 a=69 file=/data/alice/ipardoza/hadronization_production/HF_RUN3_V1/raw/MONASH/hf_MONASH_job230.root
SIGMAB_COUNTS tag=MONASH species=Xi_b- pdg=5132 slice=eta_lt_1 p=10 a=9 file=/data/alice/ipardoza/hadronization_production/HF_RUN3_V1/raw/MONASH/hf_MONASH_job230.root
SIGMAB_COUNTS tag=MONASH species=Xi_b- pdg=5132 slice=eta_1_2 p=15 a=13 file=/data/alice/ipardoza/hadronization_production/HF_RUN3_V1/raw/MONASH/hf_MONASH_job230.root
SIGMAB_COUNTS tag=MONASH species=Xi_b- pdg=5132 slice=eta_ge_2 p=43 a=47 file=/data/alice/ipardoza/hadronization_production/HF_RUN3_V1/raw/MONASH/hf_MONASH_job230.root
SIGMAB_COUNTS tag=MONASH species=Sigma_b+ pdg=5222 slice=all p=38 a=18 file=/data/alice/ipardoza/hadronization_production/HF_RUN3_V1/raw/MONASH/hf_MONASH_job231.root
SIGMAB_COUNTS tag=MONASH species=Sigma_b+ pdg=5222 slice=eta_lt_1 p=9 a=6 file=/data/alice/ipardoza/hadronization_production/HF_RUN3_V1/raw/MONASH/hf_MONASH_job231.root
SIGMAB_COUNTS tag=MONASH species=Sigma_b+ pdg=5222 slice=eta_1_2 p=6 a=1 file=/data/alice/ipardoza/hadronization_production/HF_RUN3_V1/raw/MONASH/hf_MONASH_job231.root
SIGMAB_COUNTS tag=MONASH species=Sigma_b+ pdg=5222 slice=eta_ge_2 p=23 a=11 file=/data/alice/ipardoza/hadronization_production/HF_RUN3_V1/raw/MONASH/hf_MONASH_job231.root
SIGMAB_COUNTS tag=MONASH species=Sigma_b0 pdg=5212 slice=all p=26 a=23 file=/data/alice/ipardoza/hadronization_production/HF_RUN3_V1/raw/MONASH/hf_MONASH_job231.root
SIGMAB_COUNTS tag=MONASH species=Sigma_b0 pdg=5212 slice=eta_lt_1 p=7 a=8 file=/data/alice/ipardoza/hadronization_production/HF_RUN3_V1/raw/MONASH/hf_MONASH_job231.root
SIGMAB_COUNTS tag=MONASH species=Sigma_b0 pdg=5212 slice=eta_1_2 p=3 a=1 file=/data/alice/ipardoza/hadronization_production/HF_RUN3_V1/raw/MONASH/hf_MONASH_job231.root
SIGMAB_COUNTS tag=MONASH species=Sigma_b0 pdg=5212 slice=eta_ge_2 p=16 a=14 file=/data/alice/ipardoza/hadronization_production/HF_RUN3_V1/raw/MONASH/hf_MONASH_job231.root
SIGMAB_COUNTS tag=MONASH species=Sigma_b- pdg=5112 slice=all p=37 a=29 file=/data/alice/ipardoza/hadronization_production/HF_RUN3_V1/raw/MONASH/hf_MONASH_job231.root
SIGMAB_COUNTS tag=MONASH species=Sigma_b- pdg=5112 slice=eta_lt_1 p=5 a=4 file=/data/alice/ipardoza/hadronization_production/HF_RUN3_V1/raw/MONASH/hf_MONASH_job231.root
SIGMAB_COUNTS tag=MONASH species=Sigma_b- pdg=5112 slice=eta_1_2 p=5 a=7 file=/data/alice/ipardoza/hadronization_production/HF_RUN3_V1/raw/MONASH/hf_MONASH_job231.root
SIGMAB_COUNTS tag=MONASH species=Sigma_b- pdg=5112 slice=eta_ge_2 p=27 a=18 file=/data/alice/ipardoza/hadronization_production/HF_RUN3_V1/raw/MONASH/hf_MONASH_job231.root
SIGMAB_COUNTS tag=MONASH species=Sigma*_b+ pdg=5224 slice=all p=56 a=47 file=/data/alice/ipardoza/hadronization_production/HF_RUN3_V1/raw/MONASH/hf_MONASH_job231.root
SIGMAB_COUNTS tag=MONASH species=Sigma*_b+ pdg=5224 slice=eta_lt_1 p=10 a=9 file=/data/alice/ipardoza/hadronization_production/HF_RUN3_V1/raw/MONASH/hf_MONASH_job231.root
SIGMAB_COUNTS tag=MONASH species=Sigma*_b+ pdg=5224 slice=eta_1_2 p=9 a=11 file=/data/alice/ipardoza/hadronization_production/HF_RUN3_V1/raw/MONASH/hf_MONASH_job231.root
SIGMAB_COUNTS tag=MONASH species=Sigma*_b+ pdg=5224 slice=eta_ge_2 p=37 a=27 file=/data/alice/ipardoza/hadronization_production/HF_RUN3_V1/raw/MONASH/hf_MONASH_job231.root
SIGMAB_COUNTS tag=MONASH species=Sigma*_b0 pdg=5214 slice=all p=47 a=44 file=/data/alice/ipardoza/hadronization_production/HF_RUN3_V1/raw/MONASH/hf_MONASH_job231.root
SIGMAB_COUNTS tag=MONASH species=Sigma*_b0 pdg=5214 slice=eta_lt_1 p=8 a=2 file=/data/alice/ipardoza/hadronization_production/HF_RUN3_V1/raw/MONASH/hf_MONASH_job231.root
SIGMAB_COUNTS tag=MONASH species=Sigma*_b0 pdg=5214 slice=eta_1_2 p=4 a=11 file=/data/alice/ipardoza/hadronization_production/HF_RUN3_V1/raw/MONASH/hf_MONASH_job231.root
SIGMAB_COUNTS tag=MONASH species=Sigma*_b0 pdg=5214 slice=eta_ge_2 p=35 a=31 file=/data/alice/ipardoza/hadronization_production/HF_RUN3_V1/raw/MONASH/hf_MONASH_job231.root
SIGMAB_COUNTS tag=MONASH species=Sigma*_b- pdg=5114 slice=all p=48 a=32 file=/data/alice/ipardoza/hadronization_production/HF_RUN3_V1/raw/MONASH/hf_MONASH_job231.root
SIGMAB_COUNTS tag=MONASH species=Sigma*_b- pdg=5114 slice=eta_lt_1 p=10 a=4 file=/data/alice/ipardoza/hadronization_production/HF_RUN3_V1/raw/MONASH/hf_MONASH_job231.root
SIGMAB_COUNTS tag=MONASH species=Sigma*_b- pdg=5114 slice=eta_1_2 p=9 a=7 file=/data/alice/ipardoza/hadronization_production/HF_RUN3_V1/raw/MONASH/hf_MONASH_job231.root
SIGMAB_COUNTS tag=MONASH species=Sigma*_b- pdg=5114 slice=eta_ge_2 p=29 a=21 file=/data/alice/ipardoza/hadronization_production/HF_RUN3_V1/raw/MONASH/hf_MONASH_job231.root
SIGMAB_COUNTS tag=MONASH species=Lambda_b0 pdg=5122 slice=all p=330 a=326 file=/data/alice/ipardoza/hadronization_production/HF_RUN3_V1/raw/MONASH/hf_MONASH_job231.root
SIGMAB_COUNTS tag=MONASH species=Lambda_b0 pdg=5122 slice=eta_lt_1 p=61 a=61 file=/data/alice/ipardoza/hadronization_production/HF_RUN3_V1/raw/MONASH/hf_MONASH_job231.root
SIGMAB_COUNTS tag=MONASH species=Lambda_b0 pdg=5122 slice=eta_1_2 p=76 a=59 file=/data/alice/ipardoza/hadronization_production/HF_RUN3_V1/raw/MONASH/hf_MONASH_job231.root
SIGMAB_COUNTS tag=MONASH species=Lambda_b0 pdg=5122 slice=eta_ge_2 p=193 a=206 file=/data/alice/ipardoza/hadronization_production/HF_RUN3_V1/raw/MONASH/hf_MONASH_job231.root
SIGMAB_COUNTS tag=MONASH species=Xi_b0 pdg=5232 slice=all p=61 a=58 file=/data/alice/ipardoza/hadronization_production/HF_RUN3_V1/raw/MONASH/hf_MONASH_job231.root
SIGMAB_COUNTS tag=MONASH species=Xi_b0 pdg=5232 slice=eta_lt_1 p=12 a=9 file=/data/alice/ipardoza/hadronization_production/HF_RUN3_V1/raw/MONASH/hf_MONASH_job231.root
SIGMAB_COUNTS tag=MONASH species=Xi_b0 pdg=5232 slice=eta_1_2 p=11 a=11 file=/data/alice/ipardoza/hadronization_production/HF_RUN3_V1/raw/MONASH/hf_MONASH_job231.root
SIGMAB_COUNTS tag=MONASH species=Xi_b0 pdg=5232 slice=eta_ge_2 p=38 a=38 file=/data/alice/ipardoza/hadronization_production/HF_RUN3_V1/raw/MONASH/hf_MONASH_job231.root
SIGMAB_COUNTS tag=MONASH species=Xi_b- pdg=5132 slice=all p=63 a=72 file=/data/alice/ipardoza/hadronization_production/HF_RUN3_V1/raw/MONASH/hf_MONASH_job231.root
SIGMAB_COUNTS tag=MONASH species=Xi_b- pdg=5132 slice=eta_lt_1 p=15 a=14 file=/data/alice/ipardoza/hadronization_production/HF_RUN3_V1/raw/MONASH/hf_MONASH_job231.root
SIGMAB_COUNTS tag=MONASH species=Xi_b- pdg=5132 slice=eta_1_2 p=12 a=13 file=/data/alice/ipardoza/hadronization_production/HF_RUN3_V1/raw/MONASH/hf_MONASH_job231.root
SIGMAB_COUNTS tag=MONASH species=Xi_b- pdg=5132 slice=eta_ge_2 p=36 a=45 file=/data/alice/ipardoza/hadronization_production/HF_RUN3_V1/raw/MONASH/hf_MONASH_job231.root
SIGMAB_COUNTS tag=MONASH species=Sigma_b+ pdg=5222 slice=all p=43 a=22 file=/data/alice/ipardoza/hadronization_production/HF_RUN3_V1/raw/MONASH/hf_MONASH_job232.root
SIGMAB_COUNTS tag=MONASH species=Sigma_b+ pdg=5222 slice=eta_lt_1 p=7 a=5 file=/data/alice/ipardoza/hadronization_production/HF_RUN3_V1/raw/MONASH/hf_MONASH_job232.root
SIGMAB_COUNTS tag=MONASH species=Sigma_b+ pdg=5222 slice=eta_1_2 p=8 a=7 file=/data/alice/ipardoza/hadronization_production/HF_RUN3_V1/raw/MONASH/hf_MONASH_job232.root
SIGMAB_COUNTS tag=MONASH species=Sigma_b+ pdg=5222 slice=eta_ge_2 p=28 a=10 file=/data/alice/ipardoza/hadronization_production/HF_RUN3_V1/raw/MONASH/hf_MONASH_job232.root
SIGMAB_COUNTS tag=MONASH species=Sigma_b0 pdg=5212 slice=all p=33 a=18 file=/data/alice/ipardoza/hadronization_production/HF_RUN3_V1/raw/MONASH/hf_MONASH_job232.root
SIGMAB_COUNTS tag=MONASH species=Sigma_b0 pdg=5212 slice=eta_lt_1 p=3 a=3 file=/data/alice/ipardoza/hadronization_production/HF_RUN3_V1/raw/MONASH/hf_MONASH_job232.root
SIGMAB_COUNTS tag=MONASH species=Sigma_b0 pdg=5212 slice=eta_1_2 p=7 a=6 file=/data/alice/ipardoza/hadronization_production/HF_RUN3_V1/raw/MONASH/hf_MONASH_job232.root
SIGMAB_COUNTS tag=MONASH species=Sigma_b0 pdg=5212 slice=eta_ge_2 p=23 a=9 file=/data/alice/ipardoza/hadronization_production/HF_RUN3_V1/raw/MONASH/hf_MONASH_job232.root
SIGMAB_COUNTS tag=MONASH species=Sigma_b- pdg=5112 slice=all p=35 a=20 file=/data/alice/ipardoza/hadronization_production/HF_RUN3_V1/raw/MONASH/hf_MONASH_job232.root
SIGMAB_COUNTS tag=MONASH species=Sigma_b- pdg=5112 slice=eta_lt_1 p=5 a=3 file=/data/alice/ipardoza/hadronization_production/HF_RUN3_V1/raw/MONASH/hf_MONASH_job232.root
SIGMAB_COUNTS tag=MONASH species=Sigma_b- pdg=5112 slice=eta_1_2 p=7 a=4 file=/data/alice/ipardoza/hadronization_production/HF_RUN3_V1/raw/MONASH/hf_MONASH_job232.root
SIGMAB_COUNTS tag=MONASH species=Sigma_b- pdg=5112 slice=eta_ge_2 p=23 a=13 file=/data/alice/ipardoza/hadronization_production/HF_RUN3_V1/raw/MONASH/hf_MONASH_job232.root
SIGMAB_COUNTS tag=MONASH species=Sigma*_b+ pdg=5224 slice=all p=46 a=36 file=/data/alice/ipardoza/hadronization_production/HF_RUN3_V1/raw/MONASH/hf_MONASH_job232.root
SIGMAB_COUNTS tag=MONASH species=Sigma*_b+ pdg=5224 slice=eta_lt_1 p=5 a=4 file=/data/alice/ipardoza/hadronization_production/HF_RUN3_V1/raw/MONASH/hf_MONASH_job232.root
SIGMAB_COUNTS tag=MONASH species=Sigma*_b+ pdg=5224 slice=eta_1_2 p=12 a=9 file=/data/alice/ipardoza/hadronization_production/HF_RUN3_V1/raw/MONASH/hf_MONASH_job232.root
SIGMAB_COUNTS tag=MONASH species=Sigma*_b+ pdg=5224 slice=eta_ge_2 p=29 a=23 file=/data/alice/ipardoza/hadronization_production/HF_RUN3_V1/raw/MONASH/hf_MONASH_job232.root
SIGMAB_COUNTS tag=MONASH species=Sigma*_b0 pdg=5214 slice=all p=55 a=33 file=/data/alice/ipardoza/hadronization_production/HF_RUN3_V1/raw/MONASH/hf_MONASH_job232.root
SIGMAB_COUNTS tag=MONASH species=Sigma*_b0 pdg=5214 slice=eta_lt_1 p=8 a=5 file=/data/alice/ipardoza/hadronization_production/HF_RUN3_V1/raw/MONASH/hf_MONASH_job232.root
SIGMAB_COUNTS tag=MONASH species=Sigma*_b0 pdg=5214 slice=eta_1_2 p=9 a=9 file=/data/alice/ipardoza/hadronization_production/HF_RUN3_V1/raw/MONASH/hf_MONASH_job232.root
SIGMAB_COUNTS tag=MONASH species=Sigma*_b0 pdg=5214 slice=eta_ge_2 p=38 a=19 file=/data/alice/ipardoza/hadronization_production/HF_RUN3_V1/raw/MONASH/hf_MONASH_job232.root
SIGMAB_COUNTS tag=MONASH species=Sigma*_b- pdg=5114 slice=all p=56 a=33 file=/data/alice/ipardoza/hadronization_production/HF_RUN3_V1/raw/MONASH/hf_MONASH_job232.root
SIGMAB_COUNTS tag=MONASH species=Sigma*_b- pdg=5114 slice=eta_lt_1 p=7 a=5 file=/data/alice/ipardoza/hadronization_production/HF_RUN3_V1/raw/MONASH/hf_MONASH_job232.root
SIGMAB_COUNTS tag=MONASH species=Sigma*_b- pdg=5114 slice=eta_1_2 p=18 a=10 file=/data/alice/ipardoza/hadronization_production/HF_RUN3_V1/raw/MONASH/hf_MONASH_job232.root
SIGMAB_COUNTS tag=MONASH species=Sigma*_b- pdg=5114 slice=eta_ge_2 p=31 a=18 file=/data/alice/ipardoza/hadronization_production/HF_RUN3_V1/raw/MONASH/hf_MONASH_job232.root
SIGMAB_COUNTS tag=MONASH species=Lambda_b0 pdg=5122 slice=all p=321 a=290 file=/data/alice/ipardoza/hadronization_production/HF_RUN3_V1/raw/MONASH/hf_MONASH_job232.root
SIGMAB_COUNTS tag=MONASH species=Lambda_b0 pdg=5122 slice=eta_lt_1 p=61 a=65 file=/data/alice/ipardoza/hadronization_production/HF_RUN3_V1/raw/MONASH/hf_MONASH_job232.root
SIGMAB_COUNTS tag=MONASH species=Lambda_b0 pdg=5122 slice=eta_1_2 p=53 a=53 file=/data/alice/ipardoza/hadronization_production/HF_RUN3_V1/raw/MONASH/hf_MONASH_job232.root
SIGMAB_COUNTS tag=MONASH species=Lambda_b0 pdg=5122 slice=eta_ge_2 p=207 a=172 file=/data/alice/ipardoza/hadronization_production/HF_RUN3_V1/raw/MONASH/hf_MONASH_job232.root
SIGMAB_COUNTS tag=MONASH species=Xi_b0 pdg=5232 slice=all p=69 a=51 file=/data/alice/ipardoza/hadronization_production/HF_RUN3_V1/raw/MONASH/hf_MONASH_job232.root
SIGMAB_COUNTS tag=MONASH species=Xi_b0 pdg=5232 slice=eta_lt_1 p=9 a=7 file=/data/alice/ipardoza/hadronization_production/HF_RUN3_V1/raw/MONASH/hf_MONASH_job232.root
SIGMAB_COUNTS tag=MONASH species=Xi_b0 pdg=5232 slice=eta_1_2 p=20 a=11 file=/data/alice/ipardoza/hadronization_production/HF_RUN3_V1/raw/MONASH/hf_MONASH_job232.root
SIGMAB_COUNTS tag=MONASH species=Xi_b0 pdg=5232 slice=eta_ge_2 p=40 a=33 file=/data/alice/ipardoza/hadronization_production/HF_RUN3_V1/raw/MONASH/hf_MONASH_job232.root
SIGMAB_COUNTS tag=MONASH species=Xi_b- pdg=5132 slice=all p=65 a=56 file=/data/alice/ipardoza/hadronization_production/HF_RUN3_V1/raw/MONASH/hf_MONASH_job232.root
SIGMAB_COUNTS tag=MONASH species=Xi_b- pdg=5132 slice=eta_lt_1 p=10 a=6 file=/data/alice/ipardoza/hadronization_production/HF_RUN3_V1/raw/MONASH/hf_MONASH_job232.root
SIGMAB_COUNTS tag=MONASH species=Xi_b- pdg=5132 slice=eta_1_2 p=14 a=9 file=/data/alice/ipardoza/hadronization_production/HF_RUN3_V1/raw/MONASH/hf_MONASH_job232.root
SIGMAB_COUNTS tag=MONASH species=Xi_b- pdg=5132 slice=eta_ge_2 p=41 a=41 file=/data/alice/ipardoza/hadronization_production/HF_RUN3_V1/raw/MONASH/hf_MONASH_job232.root
SIGMAB_COUNTS tag=MONASH species=Sigma_b+ pdg=5222 slice=all p=41 a=23 file=/data/alice/ipardoza/hadronization_production/HF_RUN3_V1/raw/MONASH/hf_MONASH_job233.root
SIGMAB_COUNTS tag=MONASH species=Sigma_b+ pdg=5222 slice=eta_lt_1 p=5 a=10 file=/data/alice/ipardoza/hadronization_production/HF_RUN3_V1/raw/MONASH/hf_MONASH_job233.root
SIGMAB_COUNTS tag=MONASH species=Sigma_b+ pdg=5222 slice=eta_1_2 p=6 a=4 file=/data/alice/ipardoza/hadronization_production/HF_RUN3_V1/raw/MONASH/hf_MONASH_job233.root
SIGMAB_COUNTS tag=MONASH species=Sigma_b+ pdg=5222 slice=eta_ge_2 p=30 a=9 file=/data/alice/ipardoza/hadronization_production/HF_RUN3_V1/raw/MONASH/hf_MONASH_job233.root
SIGMAB_COUNTS tag=MONASH species=Sigma_b0 pdg=5212 slice=all p=31 a=20 file=/data/alice/ipardoza/hadronization_production/HF_RUN3_V1/raw/MONASH/hf_MONASH_job233.root
SIGMAB_COUNTS tag=MONASH species=Sigma_b0 pdg=5212 slice=eta_lt_1 p=6 a=4 file=/data/alice/ipardoza/hadronization_production/HF_RUN3_V1/raw/MONASH/hf_MONASH_job233.root
SIGMAB_COUNTS tag=MONASH species=Sigma_b0 pdg=5212 slice=eta_1_2 p=9 a=5 file=/data/alice/ipardoza/hadronization_production/HF_RUN3_V1/raw/MONASH/hf_MONASH_job233.root
SIGMAB_COUNTS tag=MONASH species=Sigma_b0 pdg=5212 slice=eta_ge_2 p=16 a=11 file=/data/alice/ipardoza/hadronization_production/HF_RUN3_V1/raw/MONASH/hf_MONASH_job233.root
SIGMAB_COUNTS tag=MONASH species=Sigma_b- pdg=5112 slice=all p=33 a=20 file=/data/alice/ipardoza/hadronization_production/HF_RUN3_V1/raw/MONASH/hf_MONASH_job233.root
SIGMAB_COUNTS tag=MONASH species=Sigma_b- pdg=5112 slice=eta_lt_1 p=8 a=6 file=/data/alice/ipardoza/hadronization_production/HF_RUN3_V1/raw/MONASH/hf_MONASH_job233.root
SIGMAB_COUNTS tag=MONASH species=Sigma_b- pdg=5112 slice=eta_1_2 p=9 a=1 file=/data/alice/ipardoza/hadronization_production/HF_RUN3_V1/raw/MONASH/hf_MONASH_job233.root
SIGMAB_COUNTS tag=MONASH species=Sigma_b- pdg=5112 slice=eta_ge_2 p=16 a=13 file=/data/alice/ipardoza/hadronization_production/HF_RUN3_V1/raw/MONASH/hf_MONASH_job233.root
SIGMAB_COUNTS tag=MONASH species=Sigma*_b+ pdg=5224 slice=all p=56 a=37 file=/data/alice/ipardoza/hadronization_production/HF_RUN3_V1/raw/MONASH/hf_MONASH_job233.root
SIGMAB_COUNTS tag=MONASH species=Sigma*_b+ pdg=5224 slice=eta_lt_1 p=8 a=8 file=/data/alice/ipardoza/hadronization_production/HF_RUN3_V1/raw/MONASH/hf_MONASH_job233.root
SIGMAB_COUNTS tag=MONASH species=Sigma*_b+ pdg=5224 slice=eta_1_2 p=13 a=9 file=/data/alice/ipardoza/hadronization_production/HF_RUN3_V1/raw/MONASH/hf_MONASH_job233.root
SIGMAB_COUNTS tag=MONASH species=Sigma*_b+ pdg=5224 slice=eta_ge_2 p=35 a=20 file=/data/alice/ipardoza/hadronization_production/HF_RUN3_V1/raw/MONASH/hf_MONASH_job233.root
SIGMAB_COUNTS tag=MONASH species=Sigma*_b0 pdg=5214 slice=all p=51 a=33 file=/data/alice/ipardoza/hadronization_production/HF_RUN3_V1/raw/MONASH/hf_MONASH_job233.root
SIGMAB_COUNTS tag=MONASH species=Sigma*_b0 pdg=5214 slice=eta_lt_1 p=8 a=4 file=/data/alice/ipardoza/hadronization_production/HF_RUN3_V1/raw/MONASH/hf_MONASH_job233.root
SIGMAB_COUNTS tag=MONASH species=Sigma*_b0 pdg=5214 slice=eta_1_2 p=12 a=12 file=/data/alice/ipardoza/hadronization_production/HF_RUN3_V1/raw/MONASH/hf_MONASH_job233.root
SIGMAB_COUNTS tag=MONASH species=Sigma*_b0 pdg=5214 slice=eta_ge_2 p=31 a=17 file=/data/alice/ipardoza/hadronization_production/HF_RUN3_V1/raw/MONASH/hf_MONASH_job233.root
SIGMAB_COUNTS tag=MONASH species=Sigma*_b- pdg=5114 slice=all p=50 a=40 file=/data/alice/ipardoza/hadronization_production/HF_RUN3_V1/raw/MONASH/hf_MONASH_job233.root
SIGMAB_COUNTS tag=MONASH species=Sigma*_b- pdg=5114 slice=eta_lt_1 p=11 a=7 file=/data/alice/ipardoza/hadronization_production/HF_RUN3_V1/raw/MONASH/hf_MONASH_job233.root
SIGMAB_COUNTS tag=MONASH species=Sigma*_b- pdg=5114 slice=eta_1_2 p=8 a=10 file=/data/alice/ipardoza/hadronization_production/HF_RUN3_V1/raw/MONASH/hf_MONASH_job233.root
SIGMAB_COUNTS tag=MONASH species=Sigma*_b- pdg=5114 slice=eta_ge_2 p=31 a=23 file=/data/alice/ipardoza/hadronization_production/HF_RUN3_V1/raw/MONASH/hf_MONASH_job233.root
SIGMAB_COUNTS tag=MONASH species=Lambda_b0 pdg=5122 slice=all p=306 a=304 file=/data/alice/ipardoza/hadronization_production/HF_RUN3_V1/raw/MONASH/hf_MONASH_job233.root
SIGMAB_COUNTS tag=MONASH species=Lambda_b0 pdg=5122 slice=eta_lt_1 p=49 a=58 file=/data/alice/ipardoza/hadronization_production/HF_RUN3_V1/raw/MONASH/hf_MONASH_job233.root
SIGMAB_COUNTS tag=MONASH species=Lambda_b0 pdg=5122 slice=eta_1_2 p=64 a=51 file=/data/alice/ipardoza/hadronization_production/HF_RUN3_V1/raw/MONASH/hf_MONASH_job233.root
SIGMAB_COUNTS tag=MONASH species=Lambda_b0 pdg=5122 slice=eta_ge_2 p=193 a=195 file=/data/alice/ipardoza/hadronization_production/HF_RUN3_V1/raw/MONASH/hf_MONASH_job233.root
SIGMAB_COUNTS tag=MONASH species=Xi_b0 pdg=5232 slice=all p=50 a=49 file=/data/alice/ipardoza/hadronization_production/HF_RUN3_V1/raw/MONASH/hf_MONASH_job233.root
SIGMAB_COUNTS tag=MONASH species=Xi_b0 pdg=5232 slice=eta_lt_1 p=12 a=15 file=/data/alice/ipardoza/hadronization_production/HF_RUN3_V1/raw/MONASH/hf_MONASH_job233.root
SIGMAB_COUNTS tag=MONASH species=Xi_b0 pdg=5232 slice=eta_1_2 p=8 a=9 file=/data/alice/ipardoza/hadronization_production/HF_RUN3_V1/raw/MONASH/hf_MONASH_job233.root
SIGMAB_COUNTS tag=MONASH species=Xi_b0 pdg=5232 slice=eta_ge_2 p=30 a=25 file=/data/alice/ipardoza/hadronization_production/HF_RUN3_V1/raw/MONASH/hf_MONASH_job233.root
SIGMAB_COUNTS tag=MONASH species=Xi_b- pdg=5132 slice=all p=70 a=52 file=/data/alice/ipardoza/hadronization_production/HF_RUN3_V1/raw/MONASH/hf_MONASH_job233.root
SIGMAB_COUNTS tag=MONASH species=Xi_b- pdg=5132 slice=eta_lt_1 p=11 a=12 file=/data/alice/ipardoza/hadronization_production/HF_RUN3_V1/raw/MONASH/hf_MONASH_job233.root
SIGMAB_COUNTS tag=MONASH species=Xi_b- pdg=5132 slice=eta_1_2 p=22 a=13 file=/data/alice/ipardoza/hadronization_production/HF_RUN3_V1/raw/MONASH/hf_MONASH_job233.root
SIGMAB_COUNTS tag=MONASH species=Xi_b- pdg=5132 slice=eta_ge_2 p=37 a=27 file=/data/alice/ipardoza/hadronization_production/HF_RUN3_V1/raw/MONASH/hf_MONASH_job233.root
SIGMAB_COUNTS tag=MONASH species=Sigma_b+ pdg=5222 slice=all p=37 a=22 file=/data/alice/ipardoza/hadronization_production/HF_RUN3_V1/raw/MONASH/hf_MONASH_job234.root
SIGMAB_COUNTS tag=MONASH species=Sigma_b+ pdg=5222 slice=eta_lt_1 p=8 a=4 file=/data/alice/ipardoza/hadronization_production/HF_RUN3_V1/raw/MONASH/hf_MONASH_job234.root
SIGMAB_COUNTS tag=MONASH species=Sigma_b+ pdg=5222 slice=eta_1_2 p=3 a=3 file=/data/alice/ipardoza/hadronization_production/HF_RUN3_V1/raw/MONASH/hf_MONASH_job234.root
SIGMAB_COUNTS tag=MONASH species=Sigma_b+ pdg=5222 slice=eta_ge_2 p=26 a=15 file=/data/alice/ipardoza/hadronization_production/HF_RUN3_V1/raw/MONASH/hf_MONASH_job234.root
SIGMAB_COUNTS tag=MONASH species=Sigma_b0 pdg=5212 slice=all p=46 a=12 file=/data/alice/ipardoza/hadronization_production/HF_RUN3_V1/raw/MONASH/hf_MONASH_job234.root
SIGMAB_COUNTS tag=MONASH species=Sigma_b0 pdg=5212 slice=eta_lt_1 p=9 a=1 file=/data/alice/ipardoza/hadronization_production/HF_RUN3_V1/raw/MONASH/hf_MONASH_job234.root
SIGMAB_COUNTS tag=MONASH species=Sigma_b0 pdg=5212 slice=eta_1_2 p=9 a=5 file=/data/alice/ipardoza/hadronization_production/HF_RUN3_V1/raw/MONASH/hf_MONASH_job234.root
SIGMAB_COUNTS tag=MONASH species=Sigma_b0 pdg=5212 slice=eta_ge_2 p=28 a=6 file=/data/alice/ipardoza/hadronization_production/HF_RUN3_V1/raw/MONASH/hf_MONASH_job234.root
SIGMAB_COUNTS tag=MONASH species=Sigma_b- pdg=5112 slice=all p=45 a=24 file=/data/alice/ipardoza/hadronization_production/HF_RUN3_V1/raw/MONASH/hf_MONASH_job234.root
SIGMAB_COUNTS tag=MONASH species=Sigma_b- pdg=5112 slice=eta_lt_1 p=11 a=8 file=/data/alice/ipardoza/hadronization_production/HF_RUN3_V1/raw/MONASH/hf_MONASH_job234.root
SIGMAB_COUNTS tag=MONASH species=Sigma_b- pdg=5112 slice=eta_1_2 p=8 a=2 file=/data/alice/ipardoza/hadronization_production/HF_RUN3_V1/raw/MONASH/hf_MONASH_job234.root
SIGMAB_COUNTS tag=MONASH species=Sigma_b- pdg=5112 slice=eta_ge_2 p=26 a=14 file=/data/alice/ipardoza/hadronization_production/HF_RUN3_V1/raw/MONASH/hf_MONASH_job234.root
SIGMAB_COUNTS tag=MONASH species=Sigma*_b+ pdg=5224 slice=all p=49 a=38 file=/data/alice/ipardoza/hadronization_production/HF_RUN3_V1/raw/MONASH/hf_MONASH_job234.root
SIGMAB_COUNTS tag=MONASH species=Sigma*_b+ pdg=5224 slice=eta_lt_1 p=4 a=6 file=/data/alice/ipardoza/hadronization_production/HF_RUN3_V1/raw/MONASH/hf_MONASH_job234.root
SIGMAB_COUNTS tag=MONASH species=Sigma*_b+ pdg=5224 slice=eta_1_2 p=13 a=16 file=/data/alice/ipardoza/hadronization_production/HF_RUN3_V1/raw/MONASH/hf_MONASH_job234.root
SIGMAB_COUNTS tag=MONASH species=Sigma*_b+ pdg=5224 slice=eta_ge_2 p=32 a=16 file=/data/alice/ipardoza/hadronization_production/HF_RUN3_V1/raw/MONASH/hf_MONASH_job234.root
SIGMAB_COUNTS tag=MONASH species=Sigma*_b0 pdg=5214 slice=all p=41 a=51 file=/data/alice/ipardoza/hadronization_production/HF_RUN3_V1/raw/MONASH/hf_MONASH_job234.root
SIGMAB_COUNTS tag=MONASH species=Sigma*_b0 pdg=5214 slice=eta_lt_1 p=6 a=11 file=/data/alice/ipardoza/hadronization_production/HF_RUN3_V1/raw/MONASH/hf_MONASH_job234.root
SIGMAB_COUNTS tag=MONASH species=Sigma*_b0 pdg=5214 slice=eta_1_2 p=7 a=11 file=/data/alice/ipardoza/hadronization_production/HF_RUN3_V1/raw/MONASH/hf_MONASH_job234.root
SIGMAB_COUNTS tag=MONASH species=Sigma*_b0 pdg=5214 slice=eta_ge_2 p=28 a=29 file=/data/alice/ipardoza/hadronization_production/HF_RUN3_V1/raw/MONASH/hf_MONASH_job234.root
SIGMAB_COUNTS tag=MONASH species=Sigma*_b- pdg=5114 slice=all p=50 a=41 file=/data/alice/ipardoza/hadronization_production/HF_RUN3_V1/raw/MONASH/hf_MONASH_job234.root
SIGMAB_COUNTS tag=MONASH species=Sigma*_b- pdg=5114 slice=eta_lt_1 p=8 a=8 file=/data/alice/ipardoza/hadronization_production/HF_RUN3_V1/raw/MONASH/hf_MONASH_job234.root
SIGMAB_COUNTS tag=MONASH species=Sigma*_b- pdg=5114 slice=eta_1_2 p=9 a=6 file=/data/alice/ipardoza/hadronization_production/HF_RUN3_V1/raw/MONASH/hf_MONASH_job234.root
SIGMAB_COUNTS tag=MONASH species=Sigma*_b- pdg=5114 slice=eta_ge_2 p=33 a=27 file=/data/alice/ipardoza/hadronization_production/HF_RUN3_V1/raw/MONASH/hf_MONASH_job234.root
SIGMAB_COUNTS tag=MONASH species=Lambda_b0 pdg=5122 slice=all p=332 a=335 file=/data/alice/ipardoza/hadronization_production/HF_RUN3_V1/raw/MONASH/hf_MONASH_job234.root
SIGMAB_COUNTS tag=MONASH species=Lambda_b0 pdg=5122 slice=eta_lt_1 p=62 a=61 file=/data/alice/ipardoza/hadronization_production/HF_RUN3_V1/raw/MONASH/hf_MONASH_job234.root
SIGMAB_COUNTS tag=MONASH species=Lambda_b0 pdg=5122 slice=eta_1_2 p=84 a=65 file=/data/alice/ipardoza/hadronization_production/HF_RUN3_V1/raw/MONASH/hf_MONASH_job234.root
SIGMAB_COUNTS tag=MONASH species=Lambda_b0 pdg=5122 slice=eta_ge_2 p=186 a=209 file=/data/alice/ipardoza/hadronization_production/HF_RUN3_V1/raw/MONASH/hf_MONASH_job234.root
SIGMAB_COUNTS tag=MONASH species=Xi_b0 pdg=5232 slice=all p=68 a=57 file=/data/alice/ipardoza/hadronization_production/HF_RUN3_V1/raw/MONASH/hf_MONASH_job234.root
SIGMAB_COUNTS tag=MONASH species=Xi_b0 pdg=5232 slice=eta_lt_1 p=13 a=5 file=/data/alice/ipardoza/hadronization_production/HF_RUN3_V1/raw/MONASH/hf_MONASH_job234.root
SIGMAB_COUNTS tag=MONASH species=Xi_b0 pdg=5232 slice=eta_1_2 p=8 a=7 file=/data/alice/ipardoza/hadronization_production/HF_RUN3_V1/raw/MONASH/hf_MONASH_job234.root
SIGMAB_COUNTS tag=MONASH species=Xi_b0 pdg=5232 slice=eta_ge_2 p=47 a=45 file=/data/alice/ipardoza/hadronization_production/HF_RUN3_V1/raw/MONASH/hf_MONASH_job234.root
SIGMAB_COUNTS tag=MONASH species=Xi_b- pdg=5132 slice=all p=52 a=57 file=/data/alice/ipardoza/hadronization_production/HF_RUN3_V1/raw/MONASH/hf_MONASH_job234.root
SIGMAB_COUNTS tag=MONASH species=Xi_b- pdg=5132 slice=eta_lt_1 p=12 a=17 file=/data/alice/ipardoza/hadronization_production/HF_RUN3_V1/raw/MONASH/hf_MONASH_job234.root
SIGMAB_COUNTS tag=MONASH species=Xi_b- pdg=5132 slice=eta_1_2 p=11 a=17 file=/data/alice/ipardoza/hadronization_production/HF_RUN3_V1/raw/MONASH/hf_MONASH_job234.root
SIGMAB_COUNTS tag=MONASH species=Xi_b- pdg=5132 slice=eta_ge_2 p=29 a=23 file=/data/alice/ipardoza/hadronization_production/HF_RUN3_V1/raw/MONASH/hf_MONASH_job234.root
SIGMAB_COUNTS tag=MONASH species=Sigma_b+ pdg=5222 slice=all p=29 a=21 file=/data/alice/ipardoza/hadronization_production/HF_RUN3_V1/raw/MONASH/hf_MONASH_job235.root
SIGMAB_COUNTS tag=MONASH species=Sigma_b+ pdg=5222 slice=eta_lt_1 p=2 a=7 file=/data/alice/ipardoza/hadronization_production/HF_RUN3_V1/raw/MONASH/hf_MONASH_job235.root
SIGMAB_COUNTS tag=MONASH species=Sigma_b+ pdg=5222 slice=eta_1_2 p=9 a=6 file=/data/alice/ipardoza/hadronization_production/HF_RUN3_V1/raw/MONASH/hf_MONASH_job235.root
SIGMAB_COUNTS tag=MONASH species=Sigma_b+ pdg=5222 slice=eta_ge_2 p=18 a=8 file=/data/alice/ipardoza/hadronization_production/HF_RUN3_V1/raw/MONASH/hf_MONASH_job235.root
SIGMAB_COUNTS tag=MONASH species=Sigma_b0 pdg=5212 slice=all p=31 a=16 file=/data/alice/ipardoza/hadronization_production/HF_RUN3_V1/raw/MONASH/hf_MONASH_job235.root
SIGMAB_COUNTS tag=MONASH species=Sigma_b0 pdg=5212 slice=eta_lt_1 p=5 a=5 file=/data/alice/ipardoza/hadronization_production/HF_RUN3_V1/raw/MONASH/hf_MONASH_job235.root
SIGMAB_COUNTS tag=MONASH species=Sigma_b0 pdg=5212 slice=eta_1_2 p=4 a=4 file=/data/alice/ipardoza/hadronization_production/HF_RUN3_V1/raw/MONASH/hf_MONASH_job235.root
SIGMAB_COUNTS tag=MONASH species=Sigma_b0 pdg=5212 slice=eta_ge_2 p=22 a=7 file=/data/alice/ipardoza/hadronization_production/HF_RUN3_V1/raw/MONASH/hf_MONASH_job235.root
SIGMAB_COUNTS tag=MONASH species=Sigma_b- pdg=5112 slice=all p=38 a=16 file=/data/alice/ipardoza/hadronization_production/HF_RUN3_V1/raw/MONASH/hf_MONASH_job235.root
SIGMAB_COUNTS tag=MONASH species=Sigma_b- pdg=5112 slice=eta_lt_1 p=5 a=0 file=/data/alice/ipardoza/hadronization_production/HF_RUN3_V1/raw/MONASH/hf_MONASH_job235.root
SIGMAB_COUNTS tag=MONASH species=Sigma_b- pdg=5112 slice=eta_1_2 p=8 a=5 file=/data/alice/ipardoza/hadronization_production/HF_RUN3_V1/raw/MONASH/hf_MONASH_job235.root
SIGMAB_COUNTS tag=MONASH species=Sigma_b- pdg=5112 slice=eta_ge_2 p=25 a=11 file=/data/alice/ipardoza/hadronization_production/HF_RUN3_V1/raw/MONASH/hf_MONASH_job235.root
SIGMAB_COUNTS tag=MONASH species=Sigma*_b+ pdg=5224 slice=all p=43 a=39 file=/data/alice/ipardoza/hadronization_production/HF_RUN3_V1/raw/MONASH/hf_MONASH_job235.root
SIGMAB_COUNTS tag=MONASH species=Sigma*_b+ pdg=5224 slice=eta_lt_1 p=6 a=8 file=/data/alice/ipardoza/hadronization_production/HF_RUN3_V1/raw/MONASH/hf_MONASH_job235.root
SIGMAB_COUNTS tag=MONASH species=Sigma*_b+ pdg=5224 slice=eta_1_2 p=15 a=8 file=/data/alice/ipardoza/hadronization_production/HF_RUN3_V1/raw/MONASH/hf_MONASH_job235.root
SIGMAB_COUNTS tag=MONASH species=Sigma*_b+ pdg=5224 slice=eta_ge_2 p=22 a=23 file=/data/alice/ipardoza/hadronization_production/HF_RUN3_V1/raw/MONASH/hf_MONASH_job235.root
SIGMAB_COUNTS tag=MONASH species=Sigma*_b0 pdg=5214 slice=all p=54 a=53 file=/data/alice/ipardoza/hadronization_production/HF_RUN3_V1/raw/MONASH/hf_MONASH_job235.root
SIGMAB_COUNTS tag=MONASH species=Sigma*_b0 pdg=5214 slice=eta_lt_1 p=8 a=11 file=/data/alice/ipardoza/hadronization_production/HF_RUN3_V1/raw/MONASH/hf_MONASH_job235.root
SIGMAB_COUNTS tag=MONASH species=Sigma*_b0 pdg=5214 slice=eta_1_2 p=7 a=17 file=/data/alice/ipardoza/hadronization_production/HF_RUN3_V1/raw/MONASH/hf_MONASH_job235.root
SIGMAB_COUNTS tag=MONASH species=Sigma*_b0 pdg=5214 slice=eta_ge_2 p=39 a=25 file=/data/alice/ipardoza/hadronization_production/HF_RUN3_V1/raw/MONASH/hf_MONASH_job235.root
SIGMAB_COUNTS tag=MONASH species=Sigma*_b- pdg=5114 slice=all p=53 a=26 file=/data/alice/ipardoza/hadronization_production/HF_RUN3_V1/raw/MONASH/hf_MONASH_job235.root
SIGMAB_COUNTS tag=MONASH species=Sigma*_b- pdg=5114 slice=eta_lt_1 p=7 a=4 file=/data/alice/ipardoza/hadronization_production/HF_RUN3_V1/raw/MONASH/hf_MONASH_job235.root
SIGMAB_COUNTS tag=MONASH species=Sigma*_b- pdg=5114 slice=eta_1_2 p=12 a=4 file=/data/alice/ipardoza/hadronization_production/HF_RUN3_V1/raw/MONASH/hf_MONASH_job235.root
SIGMAB_COUNTS tag=MONASH species=Sigma*_b- pdg=5114 slice=eta_ge_2 p=34 a=18 file=/data/alice/ipardoza/hadronization_production/HF_RUN3_V1/raw/MONASH/hf_MONASH_job235.root
SIGMAB_COUNTS tag=MONASH species=Lambda_b0 pdg=5122 slice=all p=310 a=310 file=/data/alice/ipardoza/hadronization_production/HF_RUN3_V1/raw/MONASH/hf_MONASH_job235.root
SIGMAB_COUNTS tag=MONASH species=Lambda_b0 pdg=5122 slice=eta_lt_1 p=57 a=61 file=/data/alice/ipardoza/hadronization_production/HF_RUN3_V1/raw/MONASH/hf_MONASH_job235.root
SIGMAB_COUNTS tag=MONASH species=Lambda_b0 pdg=5122 slice=eta_1_2 p=65 a=70 file=/data/alice/ipardoza/hadronization_production/HF_RUN3_V1/raw/MONASH/hf_MONASH_job235.root
SIGMAB_COUNTS tag=MONASH species=Lambda_b0 pdg=5122 slice=eta_ge_2 p=188 a=179 file=/data/alice/ipardoza/hadronization_production/HF_RUN3_V1/raw/MONASH/hf_MONASH_job235.root
SIGMAB_COUNTS tag=MONASH species=Xi_b0 pdg=5232 slice=all p=56 a=58 file=/data/alice/ipardoza/hadronization_production/HF_RUN3_V1/raw/MONASH/hf_MONASH_job235.root
SIGMAB_COUNTS tag=MONASH species=Xi_b0 pdg=5232 slice=eta_lt_1 p=7 a=7 file=/data/alice/ipardoza/hadronization_production/HF_RUN3_V1/raw/MONASH/hf_MONASH_job235.root
SIGMAB_COUNTS tag=MONASH species=Xi_b0 pdg=5232 slice=eta_1_2 p=14 a=15 file=/data/alice/ipardoza/hadronization_production/HF_RUN3_V1/raw/MONASH/hf_MONASH_job235.root
SIGMAB_COUNTS tag=MONASH species=Xi_b0 pdg=5232 slice=eta_ge_2 p=35 a=36 file=/data/alice/ipardoza/hadronization_production/HF_RUN3_V1/raw/MONASH/hf_MONASH_job235.root
SIGMAB_COUNTS tag=MONASH species=Xi_b- pdg=5132 slice=all p=66 a=62 file=/data/alice/ipardoza/hadronization_production/HF_RUN3_V1/raw/MONASH/hf_MONASH_job235.root
SIGMAB_COUNTS tag=MONASH species=Xi_b- pdg=5132 slice=eta_lt_1 p=11 a=12 file=/data/alice/ipardoza/hadronization_production/HF_RUN3_V1/raw/MONASH/hf_MONASH_job235.root
SIGMAB_COUNTS tag=MONASH species=Xi_b- pdg=5132 slice=eta_1_2 p=9 a=9 file=/data/alice/ipardoza/hadronization_production/HF_RUN3_V1/raw/MONASH/hf_MONASH_job235.root
SIGMAB_COUNTS tag=MONASH species=Xi_b- pdg=5132 slice=eta_ge_2 p=46 a=41 file=/data/alice/ipardoza/hadronization_production/HF_RUN3_V1/raw/MONASH/hf_MONASH_job235.root
SIGMAB_COUNTS tag=MONASH species=Sigma_b+ pdg=5222 slice=all p=25 a=15 file=/data/alice/ipardoza/hadronization_production/HF_RUN3_V1/raw/MONASH/hf_MONASH_job236.root
SIGMAB_COUNTS tag=MONASH species=Sigma_b+ pdg=5222 slice=eta_lt_1 p=4 a=1 file=/data/alice/ipardoza/hadronization_production/HF_RUN3_V1/raw/MONASH/hf_MONASH_job236.root
SIGMAB_COUNTS tag=MONASH species=Sigma_b+ pdg=5222 slice=eta_1_2 p=6 a=2 file=/data/alice/ipardoza/hadronization_production/HF_RUN3_V1/raw/MONASH/hf_MONASH_job236.root
SIGMAB_COUNTS tag=MONASH species=Sigma_b+ pdg=5222 slice=eta_ge_2 p=15 a=12 file=/data/alice/ipardoza/hadronization_production/HF_RUN3_V1/raw/MONASH/hf_MONASH_job236.root
SIGMAB_COUNTS tag=MONASH species=Sigma_b0 pdg=5212 slice=all p=31 a=20 file=/data/alice/ipardoza/hadronization_production/HF_RUN3_V1/raw/MONASH/hf_MONASH_job236.root
SIGMAB_COUNTS tag=MONASH species=Sigma_b0 pdg=5212 slice=eta_lt_1 p=2 a=5 file=/data/alice/ipardoza/hadronization_production/HF_RUN3_V1/raw/MONASH/hf_MONASH_job236.root
SIGMAB_COUNTS tag=MONASH species=Sigma_b0 pdg=5212 slice=eta_1_2 p=9 a=3 file=/data/alice/ipardoza/hadronization_production/HF_RUN3_V1/raw/MONASH/hf_MONASH_job236.root
SIGMAB_COUNTS tag=MONASH species=Sigma_b0 pdg=5212 slice=eta_ge_2 p=20 a=12 file=/data/alice/ipardoza/hadronization_production/HF_RUN3_V1/raw/MONASH/hf_MONASH_job236.root
SIGMAB_COUNTS tag=MONASH species=Sigma_b- pdg=5112 slice=all p=38 a=23 file=/data/alice/ipardoza/hadronization_production/HF_RUN3_V1/raw/MONASH/hf_MONASH_job236.root
SIGMAB_COUNTS tag=MONASH species=Sigma_b- pdg=5112 slice=eta_lt_1 p=5 a=2 file=/data/alice/ipardoza/hadronization_production/HF_RUN3_V1/raw/MONASH/hf_MONASH_job236.root
SIGMAB_COUNTS tag=MONASH species=Sigma_b- pdg=5112 slice=eta_1_2 p=8 a=12 file=/data/alice/ipardoza/hadronization_production/HF_RUN3_V1/raw/MONASH/hf_MONASH_job236.root
SIGMAB_COUNTS tag=MONASH species=Sigma_b- pdg=5112 slice=eta_ge_2 p=25 a=9 file=/data/alice/ipardoza/hadronization_production/HF_RUN3_V1/raw/MONASH/hf_MONASH_job236.root
SIGMAB_COUNTS tag=MONASH species=Sigma*_b+ pdg=5224 slice=all p=56 a=39 file=/data/alice/ipardoza/hadronization_production/HF_RUN3_V1/raw/MONASH/hf_MONASH_job236.root
SIGMAB_COUNTS tag=MONASH species=Sigma*_b+ pdg=5224 slice=eta_lt_1 p=8 a=9 file=/data/alice/ipardoza/hadronization_production/HF_RUN3_V1/raw/MONASH/hf_MONASH_job236.root
SIGMAB_COUNTS tag=MONASH species=Sigma*_b+ pdg=5224 slice=eta_1_2 p=13 a=7 file=/data/alice/ipardoza/hadronization_production/HF_RUN3_V1/raw/MONASH/hf_MONASH_job236.root
SIGMAB_COUNTS tag=MONASH species=Sigma*_b+ pdg=5224 slice=eta_ge_2 p=35 a=23 file=/data/alice/ipardoza/hadronization_production/HF_RUN3_V1/raw/MONASH/hf_MONASH_job236.root
SIGMAB_COUNTS tag=MONASH species=Sigma*_b0 pdg=5214 slice=all p=50 a=41 file=/data/alice/ipardoza/hadronization_production/HF_RUN3_V1/raw/MONASH/hf_MONASH_job236.root
SIGMAB_COUNTS tag=MONASH species=Sigma*_b0 pdg=5214 slice=eta_lt_1 p=8 a=7 file=/data/alice/ipardoza/hadronization_production/HF_RUN3_V1/raw/MONASH/hf_MONASH_job236.root
SIGMAB_COUNTS tag=MONASH species=Sigma*_b0 pdg=5214 slice=eta_1_2 p=13 a=13 file=/data/alice/ipardoza/hadronization_production/HF_RUN3_V1/raw/MONASH/hf_MONASH_job236.root
SIGMAB_COUNTS tag=MONASH species=Sigma*_b0 pdg=5214 slice=eta_ge_2 p=29 a=21 file=/data/alice/ipardoza/hadronization_production/HF_RUN3_V1/raw/MONASH/hf_MONASH_job236.root
SIGMAB_COUNTS tag=MONASH species=Sigma*_b- pdg=5114 slice=all p=60 a=42 file=/data/alice/ipardoza/hadronization_production/HF_RUN3_V1/raw/MONASH/hf_MONASH_job236.root
SIGMAB_COUNTS tag=MONASH species=Sigma*_b- pdg=5114 slice=eta_lt_1 p=9 a=6 file=/data/alice/ipardoza/hadronization_production/HF_RUN3_V1/raw/MONASH/hf_MONASH_job236.root
SIGMAB_COUNTS tag=MONASH species=Sigma*_b- pdg=5114 slice=eta_1_2 p=10 a=6 file=/data/alice/ipardoza/hadronization_production/HF_RUN3_V1/raw/MONASH/hf_MONASH_job236.root
SIGMAB_COUNTS tag=MONASH species=Sigma*_b- pdg=5114 slice=eta_ge_2 p=41 a=30 file=/data/alice/ipardoza/hadronization_production/HF_RUN3_V1/raw/MONASH/hf_MONASH_job236.root
SIGMAB_COUNTS tag=MONASH species=Lambda_b0 pdg=5122 slice=all p=321 a=255 file=/data/alice/ipardoza/hadronization_production/HF_RUN3_V1/raw/MONASH/hf_MONASH_job236.root
SIGMAB_COUNTS tag=MONASH species=Lambda_b0 pdg=5122 slice=eta_lt_1 p=50 a=58 file=/data/alice/ipardoza/hadronization_production/HF_RUN3_V1/raw/MONASH/hf_MONASH_job236.root
SIGMAB_COUNTS tag=MONASH species=Lambda_b0 pdg=5122 slice=eta_1_2 p=81 a=68 file=/data/alice/ipardoza/hadronization_production/HF_RUN3_V1/raw/MONASH/hf_MONASH_job236.root
SIGMAB_COUNTS tag=MONASH species=Lambda_b0 pdg=5122 slice=eta_ge_2 p=190 a=129 file=/data/alice/ipardoza/hadronization_production/HF_RUN3_V1/raw/MONASH/hf_MONASH_job236.root
SIGMAB_COUNTS tag=MONASH species=Xi_b0 pdg=5232 slice=all p=57 a=55 file=/data/alice/ipardoza/hadronization_production/HF_RUN3_V1/raw/MONASH/hf_MONASH_job236.root
SIGMAB_COUNTS tag=MONASH species=Xi_b0 pdg=5232 slice=eta_lt_1 p=14 a=4 file=/data/alice/ipardoza/hadronization_production/HF_RUN3_V1/raw/MONASH/hf_MONASH_job236.root
SIGMAB_COUNTS tag=MONASH species=Xi_b0 pdg=5232 slice=eta_1_2 p=14 a=13 file=/data/alice/ipardoza/hadronization_production/HF_RUN3_V1/raw/MONASH/hf_MONASH_job236.root
SIGMAB_COUNTS tag=MONASH species=Xi_b0 pdg=5232 slice=eta_ge_2 p=29 a=38 file=/data/alice/ipardoza/hadronization_production/HF_RUN3_V1/raw/MONASH/hf_MONASH_job236.root
SIGMAB_COUNTS tag=MONASH species=Xi_b- pdg=5132 slice=all p=50 a=45 file=/data/alice/ipardoza/hadronization_production/HF_RUN3_V1/raw/MONASH/hf_MONASH_job236.root
SIGMAB_COUNTS tag=MONASH species=Xi_b- pdg=5132 slice=eta_lt_1 p=7 a=9 file=/data/alice/ipardoza/hadronization_production/HF_RUN3_V1/raw/MONASH/hf_MONASH_job236.root
SIGMAB_COUNTS tag=MONASH species=Xi_b- pdg=5132 slice=eta_1_2 p=8 a=15 file=/data/alice/ipardoza/hadronization_production/HF_RUN3_V1/raw/MONASH/hf_MONASH_job236.root
SIGMAB_COUNTS tag=MONASH species=Xi_b- pdg=5132 slice=eta_ge_2 p=35 a=21 file=/data/alice/ipardoza/hadronization_production/HF_RUN3_V1/raw/MONASH/hf_MONASH_job236.root
SIGMAB_COUNTS tag=MONASH species=Sigma_b+ pdg=5222 slice=all p=34 a=24 file=/data/alice/ipardoza/hadronization_production/HF_RUN3_V1/raw/MONASH/hf_MONASH_job237.root
SIGMAB_COUNTS tag=MONASH species=Sigma_b+ pdg=5222 slice=eta_lt_1 p=4 a=5 file=/data/alice/ipardoza/hadronization_production/HF_RUN3_V1/raw/MONASH/hf_MONASH_job237.root
SIGMAB_COUNTS tag=MONASH species=Sigma_b+ pdg=5222 slice=eta_1_2 p=10 a=5 file=/data/alice/ipardoza/hadronization_production/HF_RUN3_V1/raw/MONASH/hf_MONASH_job237.root
SIGMAB_COUNTS tag=MONASH species=Sigma_b+ pdg=5222 slice=eta_ge_2 p=20 a=14 file=/data/alice/ipardoza/hadronization_production/HF_RUN3_V1/raw/MONASH/hf_MONASH_job237.root
SIGMAB_COUNTS tag=MONASH species=Sigma_b0 pdg=5212 slice=all p=31 a=21 file=/data/alice/ipardoza/hadronization_production/HF_RUN3_V1/raw/MONASH/hf_MONASH_job237.root
SIGMAB_COUNTS tag=MONASH species=Sigma_b0 pdg=5212 slice=eta_lt_1 p=4 a=5 file=/data/alice/ipardoza/hadronization_production/HF_RUN3_V1/raw/MONASH/hf_MONASH_job237.root
SIGMAB_COUNTS tag=MONASH species=Sigma_b0 pdg=5212 slice=eta_1_2 p=7 a=3 file=/data/alice/ipardoza/hadronization_production/HF_RUN3_V1/raw/MONASH/hf_MONASH_job237.root
SIGMAB_COUNTS tag=MONASH species=Sigma_b0 pdg=5212 slice=eta_ge_2 p=20 a=13 file=/data/alice/ipardoza/hadronization_production/HF_RUN3_V1/raw/MONASH/hf_MONASH_job237.root
SIGMAB_COUNTS tag=MONASH species=Sigma_b- pdg=5112 slice=all p=29 a=10 file=/data/alice/ipardoza/hadronization_production/HF_RUN3_V1/raw/MONASH/hf_MONASH_job237.root
SIGMAB_COUNTS tag=MONASH species=Sigma_b- pdg=5112 slice=eta_lt_1 p=3 a=1 file=/data/alice/ipardoza/hadronization_production/HF_RUN3_V1/raw/MONASH/hf_MONASH_job237.root
SIGMAB_COUNTS tag=MONASH species=Sigma_b- pdg=5112 slice=eta_1_2 p=6 a=4 file=/data/alice/ipardoza/hadronization_production/HF_RUN3_V1/raw/MONASH/hf_MONASH_job237.root
SIGMAB_COUNTS tag=MONASH species=Sigma_b- pdg=5112 slice=eta_ge_2 p=20 a=5 file=/data/alice/ipardoza/hadronization_production/HF_RUN3_V1/raw/MONASH/hf_MONASH_job237.root
SIGMAB_COUNTS tag=MONASH species=Sigma*_b+ pdg=5224 slice=all p=48 a=44 file=/data/alice/ipardoza/hadronization_production/HF_RUN3_V1/raw/MONASH/hf_MONASH_job237.root
SIGMAB_COUNTS tag=MONASH species=Sigma*_b+ pdg=5224 slice=eta_lt_1 p=11 a=8 file=/data/alice/ipardoza/hadronization_production/HF_RUN3_V1/raw/MONASH/hf_MONASH_job237.root
SIGMAB_COUNTS tag=MONASH species=Sigma*_b+ pdg=5224 slice=eta_1_2 p=7 a=16 file=/data/alice/ipardoza/hadronization_production/HF_RUN3_V1/raw/MONASH/hf_MONASH_job237.root
SIGMAB_COUNTS tag=MONASH species=Sigma*_b+ pdg=5224 slice=eta_ge_2 p=30 a=20 file=/data/alice/ipardoza/hadronization_production/HF_RUN3_V1/raw/MONASH/hf_MONASH_job237.root
SIGMAB_COUNTS tag=MONASH species=Sigma*_b0 pdg=5214 slice=all p=55 a=47 file=/data/alice/ipardoza/hadronization_production/HF_RUN3_V1/raw/MONASH/hf_MONASH_job237.root
SIGMAB_COUNTS tag=MONASH species=Sigma*_b0 pdg=5214 slice=eta_lt_1 p=7 a=11 file=/data/alice/ipardoza/hadronization_production/HF_RUN3_V1/raw/MONASH/hf_MONASH_job237.root
SIGMAB_COUNTS tag=MONASH species=Sigma*_b0 pdg=5214 slice=eta_1_2 p=14 a=11 file=/data/alice/ipardoza/hadronization_production/HF_RUN3_V1/raw/MONASH/hf_MONASH_job237.root
SIGMAB_COUNTS tag=MONASH species=Sigma*_b0 pdg=5214 slice=eta_ge_2 p=34 a=25 file=/data/alice/ipardoza/hadronization_production/HF_RUN3_V1/raw/MONASH/hf_MONASH_job237.root
SIGMAB_COUNTS tag=MONASH species=Sigma*_b- pdg=5114 slice=all p=53 a=39 file=/data/alice/ipardoza/hadronization_production/HF_RUN3_V1/raw/MONASH/hf_MONASH_job237.root
SIGMAB_COUNTS tag=MONASH species=Sigma*_b- pdg=5114 slice=eta_lt_1 p=9 a=12 file=/data/alice/ipardoza/hadronization_production/HF_RUN3_V1/raw/MONASH/hf_MONASH_job237.root
SIGMAB_COUNTS tag=MONASH species=Sigma*_b- pdg=5114 slice=eta_1_2 p=11 a=7 file=/data/alice/ipardoza/hadronization_production/HF_RUN3_V1/raw/MONASH/hf_MONASH_job237.root
SIGMAB_COUNTS tag=MONASH species=Sigma*_b- pdg=5114 slice=eta_ge_2 p=33 a=20 file=/data/alice/ipardoza/hadronization_production/HF_RUN3_V1/raw/MONASH/hf_MONASH_job237.root
SIGMAB_COUNTS tag=MONASH species=Lambda_b0 pdg=5122 slice=all p=329 a=301 file=/data/alice/ipardoza/hadronization_production/HF_RUN3_V1/raw/MONASH/hf_MONASH_job237.root
SIGMAB_COUNTS tag=MONASH species=Lambda_b0 pdg=5122 slice=eta_lt_1 p=56 a=70 file=/data/alice/ipardoza/hadronization_production/HF_RUN3_V1/raw/MONASH/hf_MONASH_job237.root
SIGMAB_COUNTS tag=MONASH species=Lambda_b0 pdg=5122 slice=eta_1_2 p=76 a=67 file=/data/alice/ipardoza/hadronization_production/HF_RUN3_V1/raw/MONASH/hf_MONASH_job237.root
SIGMAB_COUNTS tag=MONASH species=Lambda_b0 pdg=5122 slice=eta_ge_2 p=197 a=164 file=/data/alice/ipardoza/hadronization_production/HF_RUN3_V1/raw/MONASH/hf_MONASH_job237.root
SIGMAB_COUNTS tag=MONASH species=Xi_b0 pdg=5232 slice=all p=62 a=51 file=/data/alice/ipardoza/hadronization_production/HF_RUN3_V1/raw/MONASH/hf_MONASH_job237.root
SIGMAB_COUNTS tag=MONASH species=Xi_b0 pdg=5232 slice=eta_lt_1 p=9 a=9 file=/data/alice/ipardoza/hadronization_production/HF_RUN3_V1/raw/MONASH/hf_MONASH_job237.root
SIGMAB_COUNTS tag=MONASH species=Xi_b0 pdg=5232 slice=eta_1_2 p=14 a=13 file=/data/alice/ipardoza/hadronization_production/HF_RUN3_V1/raw/MONASH/hf_MONASH_job237.root
SIGMAB_COUNTS tag=MONASH species=Xi_b0 pdg=5232 slice=eta_ge_2 p=39 a=29 file=/data/alice/ipardoza/hadronization_production/HF_RUN3_V1/raw/MONASH/hf_MONASH_job237.root
SIGMAB_COUNTS tag=MONASH species=Xi_b- pdg=5132 slice=all p=54 a=83 file=/data/alice/ipardoza/hadronization_production/HF_RUN3_V1/raw/MONASH/hf_MONASH_job237.root
SIGMAB_COUNTS tag=MONASH species=Xi_b- pdg=5132 slice=eta_lt_1 p=11 a=20 file=/data/alice/ipardoza/hadronization_production/HF_RUN3_V1/raw/MONASH/hf_MONASH_job237.root
SIGMAB_COUNTS tag=MONASH species=Xi_b- pdg=5132 slice=eta_1_2 p=5 a=20 file=/data/alice/ipardoza/hadronization_production/HF_RUN3_V1/raw/MONASH/hf_MONASH_job237.root
SIGMAB_COUNTS tag=MONASH species=Xi_b- pdg=5132 slice=eta_ge_2 p=38 a=43 file=/data/alice/ipardoza/hadronization_production/HF_RUN3_V1/raw/MONASH/hf_MONASH_job237.root
SIGMAB_COUNTS tag=MONASH species=Sigma_b+ pdg=5222 slice=all p=43 a=23 file=/data/alice/ipardoza/hadronization_production/HF_RUN3_V1/raw/MONASH/hf_MONASH_job238.root
SIGMAB_COUNTS tag=MONASH species=Sigma_b+ pdg=5222 slice=eta_lt_1 p=10 a=5 file=/data/alice/ipardoza/hadronization_production/HF_RUN3_V1/raw/MONASH/hf_MONASH_job238.root
SIGMAB_COUNTS tag=MONASH species=Sigma_b+ pdg=5222 slice=eta_1_2 p=6 a=7 file=/data/alice/ipardoza/hadronization_production/HF_RUN3_V1/raw/MONASH/hf_MONASH_job238.root
SIGMAB_COUNTS tag=MONASH species=Sigma_b+ pdg=5222 slice=eta_ge_2 p=27 a=11 file=/data/alice/ipardoza/hadronization_production/HF_RUN3_V1/raw/MONASH/hf_MONASH_job238.root
SIGMAB_COUNTS tag=MONASH species=Sigma_b0 pdg=5212 slice=all p=36 a=18 file=/data/alice/ipardoza/hadronization_production/HF_RUN3_V1/raw/MONASH/hf_MONASH_job238.root
SIGMAB_COUNTS tag=MONASH species=Sigma_b0 pdg=5212 slice=eta_lt_1 p=9 a=5 file=/data/alice/ipardoza/hadronization_production/HF_RUN3_V1/raw/MONASH/hf_MONASH_job238.root
SIGMAB_COUNTS tag=MONASH species=Sigma_b0 pdg=5212 slice=eta_1_2 p=6 a=3 file=/data/alice/ipardoza/hadronization_production/HF_RUN3_V1/raw/MONASH/hf_MONASH_job238.root
SIGMAB_COUNTS tag=MONASH species=Sigma_b0 pdg=5212 slice=eta_ge_2 p=21 a=10 file=/data/alice/ipardoza/hadronization_production/HF_RUN3_V1/raw/MONASH/hf_MONASH_job238.root
SIGMAB_COUNTS tag=MONASH species=Sigma_b- pdg=5112 slice=all p=36 a=26 file=/data/alice/ipardoza/hadronization_production/HF_RUN3_V1/raw/MONASH/hf_MONASH_job238.root
SIGMAB_COUNTS tag=MONASH species=Sigma_b- pdg=5112 slice=eta_lt_1 p=6 a=2 file=/data/alice/ipardoza/hadronization_production/HF_RUN3_V1/raw/MONASH/hf_MONASH_job238.root
SIGMAB_COUNTS tag=MONASH species=Sigma_b- pdg=5112 slice=eta_1_2 p=11 a=7 file=/data/alice/ipardoza/hadronization_production/HF_RUN3_V1/raw/MONASH/hf_MONASH_job238.root
SIGMAB_COUNTS tag=MONASH species=Sigma_b- pdg=5112 slice=eta_ge_2 p=19 a=17 file=/data/alice/ipardoza/hadronization_production/HF_RUN3_V1/raw/MONASH/hf_MONASH_job238.root
SIGMAB_COUNTS tag=MONASH species=Sigma*_b+ pdg=5224 slice=all p=46 a=40 file=/data/alice/ipardoza/hadronization_production/HF_RUN3_V1/raw/MONASH/hf_MONASH_job238.root
SIGMAB_COUNTS tag=MONASH species=Sigma*_b+ pdg=5224 slice=eta_lt_1 p=7 a=6 file=/data/alice/ipardoza/hadronization_production/HF_RUN3_V1/raw/MONASH/hf_MONASH_job238.root
SIGMAB_COUNTS tag=MONASH species=Sigma*_b+ pdg=5224 slice=eta_1_2 p=7 a=6 file=/data/alice/ipardoza/hadronization_production/HF_RUN3_V1/raw/MONASH/hf_MONASH_job238.root
SIGMAB_COUNTS tag=MONASH species=Sigma*_b+ pdg=5224 slice=eta_ge_2 p=32 a=28 file=/data/alice/ipardoza/hadronization_production/HF_RUN3_V1/raw/MONASH/hf_MONASH_job238.root
SIGMAB_COUNTS tag=MONASH species=Sigma*_b0 pdg=5214 slice=all p=47 a=37 file=/data/alice/ipardoza/hadronization_production/HF_RUN3_V1/raw/MONASH/hf_MONASH_job238.root
SIGMAB_COUNTS tag=MONASH species=Sigma*_b0 pdg=5214 slice=eta_lt_1 p=6 a=0 file=/data/alice/ipardoza/hadronization_production/HF_RUN3_V1/raw/MONASH/hf_MONASH_job238.root
SIGMAB_COUNTS tag=MONASH species=Sigma*_b0 pdg=5214 slice=eta_1_2 p=14 a=10 file=/data/alice/ipardoza/hadronization_production/HF_RUN3_V1/raw/MONASH/hf_MONASH_job238.root
SIGMAB_COUNTS tag=MONASH species=Sigma*_b0 pdg=5214 slice=eta_ge_2 p=27 a=27 file=/data/alice/ipardoza/hadronization_production/HF_RUN3_V1/raw/MONASH/hf_MONASH_job238.root
SIGMAB_COUNTS tag=MONASH species=Sigma*_b- pdg=5114 slice=all p=41 a=38 file=/data/alice/ipardoza/hadronization_production/HF_RUN3_V1/raw/MONASH/hf_MONASH_job238.root
SIGMAB_COUNTS tag=MONASH species=Sigma*_b- pdg=5114 slice=eta_lt_1 p=9 a=9 file=/data/alice/ipardoza/hadronization_production/HF_RUN3_V1/raw/MONASH/hf_MONASH_job238.root
SIGMAB_COUNTS tag=MONASH species=Sigma*_b- pdg=5114 slice=eta_1_2 p=3 a=6 file=/data/alice/ipardoza/hadronization_production/HF_RUN3_V1/raw/MONASH/hf_MONASH_job238.root
SIGMAB_COUNTS tag=MONASH species=Sigma*_b- pdg=5114 slice=eta_ge_2 p=29 a=23 file=/data/alice/ipardoza/hadronization_production/HF_RUN3_V1/raw/MONASH/hf_MONASH_job238.root
SIGMAB_COUNTS tag=MONASH species=Lambda_b0 pdg=5122 slice=all p=298 a=332 file=/data/alice/ipardoza/hadronization_production/HF_RUN3_V1/raw/MONASH/hf_MONASH_job238.root
SIGMAB_COUNTS tag=MONASH species=Lambda_b0 pdg=5122 slice=eta_lt_1 p=57 a=80 file=/data/alice/ipardoza/hadronization_production/HF_RUN3_V1/raw/MONASH/hf_MONASH_job238.root
SIGMAB_COUNTS tag=MONASH species=Lambda_b0 pdg=5122 slice=eta_1_2 p=59 a=66 file=/data/alice/ipardoza/hadronization_production/HF_RUN3_V1/raw/MONASH/hf_MONASH_job238.root
SIGMAB_COUNTS tag=MONASH species=Lambda_b0 pdg=5122 slice=eta_ge_2 p=182 a=186 file=/data/alice/ipardoza/hadronization_production/HF_RUN3_V1/raw/MONASH/hf_MONASH_job238.root
SIGMAB_COUNTS tag=MONASH species=Xi_b0 pdg=5232 slice=all p=54 a=59 file=/data/alice/ipardoza/hadronization_production/HF_RUN3_V1/raw/MONASH/hf_MONASH_job238.root
SIGMAB_COUNTS tag=MONASH species=Xi_b0 pdg=5232 slice=eta_lt_1 p=11 a=8 file=/data/alice/ipardoza/hadronization_production/HF_RUN3_V1/raw/MONASH/hf_MONASH_job238.root
SIGMAB_COUNTS tag=MONASH species=Xi_b0 pdg=5232 slice=eta_1_2 p=17 a=21 file=/data/alice/ipardoza/hadronization_production/HF_RUN3_V1/raw/MONASH/hf_MONASH_job238.root
SIGMAB_COUNTS tag=MONASH species=Xi_b0 pdg=5232 slice=eta_ge_2 p=26 a=30 file=/data/alice/ipardoza/hadronization_production/HF_RUN3_V1/raw/MONASH/hf_MONASH_job238.root
SIGMAB_COUNTS tag=MONASH species=Xi_b- pdg=5132 slice=all p=52 a=61 file=/data/alice/ipardoza/hadronization_production/HF_RUN3_V1/raw/MONASH/hf_MONASH_job238.root
SIGMAB_COUNTS tag=MONASH species=Xi_b- pdg=5132 slice=eta_lt_1 p=6 a=7 file=/data/alice/ipardoza/hadronization_production/HF_RUN3_V1/raw/MONASH/hf_MONASH_job238.root
SIGMAB_COUNTS tag=MONASH species=Xi_b- pdg=5132 slice=eta_1_2 p=11 a=14 file=/data/alice/ipardoza/hadronization_production/HF_RUN3_V1/raw/MONASH/hf_MONASH_job238.root
SIGMAB_COUNTS tag=MONASH species=Xi_b- pdg=5132 slice=eta_ge_2 p=35 a=40 file=/data/alice/ipardoza/hadronization_production/HF_RUN3_V1/raw/MONASH/hf_MONASH_job238.root
SIGMAB_COUNTS tag=MONASH species=Sigma_b+ pdg=5222 slice=all p=50 a=14 file=/data/alice/ipardoza/hadronization_production/HF_RUN3_V1/raw/MONASH/hf_MONASH_job239.root
SIGMAB_COUNTS tag=MONASH species=Sigma_b+ pdg=5222 slice=eta_lt_1 p=7 a=3 file=/data/alice/ipardoza/hadronization_production/HF_RUN3_V1/raw/MONASH/hf_MONASH_job239.root
SIGMAB_COUNTS tag=MONASH species=Sigma_b+ pdg=5222 slice=eta_1_2 p=13 a=2 file=/data/alice/ipardoza/hadronization_production/HF_RUN3_V1/raw/MONASH/hf_MONASH_job239.root
SIGMAB_COUNTS tag=MONASH species=Sigma_b+ pdg=5222 slice=eta_ge_2 p=30 a=9 file=/data/alice/ipardoza/hadronization_production/HF_RUN3_V1/raw/MONASH/hf_MONASH_job239.root
SIGMAB_COUNTS tag=MONASH species=Sigma_b0 pdg=5212 slice=all p=32 a=24 file=/data/alice/ipardoza/hadronization_production/HF_RUN3_V1/raw/MONASH/hf_MONASH_job239.root
SIGMAB_COUNTS tag=MONASH species=Sigma_b0 pdg=5212 slice=eta_lt_1 p=5 a=8 file=/data/alice/ipardoza/hadronization_production/HF_RUN3_V1/raw/MONASH/hf_MONASH_job239.root
SIGMAB_COUNTS tag=MONASH species=Sigma_b0 pdg=5212 slice=eta_1_2 p=5 a=3 file=/data/alice/ipardoza/hadronization_production/HF_RUN3_V1/raw/MONASH/hf_MONASH_job239.root
SIGMAB_COUNTS tag=MONASH species=Sigma_b0 pdg=5212 slice=eta_ge_2 p=22 a=13 file=/data/alice/ipardoza/hadronization_production/HF_RUN3_V1/raw/MONASH/hf_MONASH_job239.root
SIGMAB_COUNTS tag=MONASH species=Sigma_b- pdg=5112 slice=all p=42 a=27 file=/data/alice/ipardoza/hadronization_production/HF_RUN3_V1/raw/MONASH/hf_MONASH_job239.root
SIGMAB_COUNTS tag=MONASH species=Sigma_b- pdg=5112 slice=eta_lt_1 p=7 a=2 file=/data/alice/ipardoza/hadronization_production/HF_RUN3_V1/raw/MONASH/hf_MONASH_job239.root
SIGMAB_COUNTS tag=MONASH species=Sigma_b- pdg=5112 slice=eta_1_2 p=12 a=8 file=/data/alice/ipardoza/hadronization_production/HF_RUN3_V1/raw/MONASH/hf_MONASH_job239.root
SIGMAB_COUNTS tag=MONASH species=Sigma_b- pdg=5112 slice=eta_ge_2 p=23 a=17 file=/data/alice/ipardoza/hadronization_production/HF_RUN3_V1/raw/MONASH/hf_MONASH_job239.root
SIGMAB_COUNTS tag=MONASH species=Sigma*_b+ pdg=5224 slice=all p=58 a=38 file=/data/alice/ipardoza/hadronization_production/HF_RUN3_V1/raw/MONASH/hf_MONASH_job239.root
SIGMAB_COUNTS tag=MONASH species=Sigma*_b+ pdg=5224 slice=eta_lt_1 p=5 a=8 file=/data/alice/ipardoza/hadronization_production/HF_RUN3_V1/raw/MONASH/hf_MONASH_job239.root
SIGMAB_COUNTS tag=MONASH species=Sigma*_b+ pdg=5224 slice=eta_1_2 p=13 a=10 file=/data/alice/ipardoza/hadronization_production/HF_RUN3_V1/raw/MONASH/hf_MONASH_job239.root
SIGMAB_COUNTS tag=MONASH species=Sigma*_b+ pdg=5224 slice=eta_ge_2 p=40 a=20 file=/data/alice/ipardoza/hadronization_production/HF_RUN3_V1/raw/MONASH/hf_MONASH_job239.root
SIGMAB_COUNTS tag=MONASH species=Sigma*_b0 pdg=5214 slice=all p=47 a=29 file=/data/alice/ipardoza/hadronization_production/HF_RUN3_V1/raw/MONASH/hf_MONASH_job239.root
SIGMAB_COUNTS tag=MONASH species=Sigma*_b0 pdg=5214 slice=eta_lt_1 p=10 a=5 file=/data/alice/ipardoza/hadronization_production/HF_RUN3_V1/raw/MONASH/hf_MONASH_job239.root
SIGMAB_COUNTS tag=MONASH species=Sigma*_b0 pdg=5214 slice=eta_1_2 p=12 a=10 file=/data/alice/ipardoza/hadronization_production/HF_RUN3_V1/raw/MONASH/hf_MONASH_job239.root
SIGMAB_COUNTS tag=MONASH species=Sigma*_b0 pdg=5214 slice=eta_ge_2 p=25 a=14 file=/data/alice/ipardoza/hadronization_production/HF_RUN3_V1/raw/MONASH/hf_MONASH_job239.root
SIGMAB_COUNTS tag=MONASH species=Sigma*_b- pdg=5114 slice=all p=48 a=37 file=/data/alice/ipardoza/hadronization_production/HF_RUN3_V1/raw/MONASH/hf_MONASH_job239.root
SIGMAB_COUNTS tag=MONASH species=Sigma*_b- pdg=5114 slice=eta_lt_1 p=7 a=12 file=/data/alice/ipardoza/hadronization_production/HF_RUN3_V1/raw/MONASH/hf_MONASH_job239.root
SIGMAB_COUNTS tag=MONASH species=Sigma*_b- pdg=5114 slice=eta_1_2 p=13 a=4 file=/data/alice/ipardoza/hadronization_production/HF_RUN3_V1/raw/MONASH/hf_MONASH_job239.root
SIGMAB_COUNTS tag=MONASH species=Sigma*_b- pdg=5114 slice=eta_ge_2 p=28 a=21 file=/data/alice/ipardoza/hadronization_production/HF_RUN3_V1/raw/MONASH/hf_MONASH_job239.root
SIGMAB_COUNTS tag=MONASH species=Lambda_b0 pdg=5122 slice=all p=289 a=293 file=/data/alice/ipardoza/hadronization_production/HF_RUN3_V1/raw/MONASH/hf_MONASH_job239.root
SIGMAB_COUNTS tag=MONASH species=Lambda_b0 pdg=5122 slice=eta_lt_1 p=64 a=55 file=/data/alice/ipardoza/hadronization_production/HF_RUN3_V1/raw/MONASH/hf_MONASH_job239.root
SIGMAB_COUNTS tag=MONASH species=Lambda_b0 pdg=5122 slice=eta_1_2 p=58 a=57 file=/data/alice/ipardoza/hadronization_production/HF_RUN3_V1/raw/MONASH/hf_MONASH_job239.root
SIGMAB_COUNTS tag=MONASH species=Lambda_b0 pdg=5122 slice=eta_ge_2 p=167 a=181 file=/data/alice/ipardoza/hadronization_production/HF_RUN3_V1/raw/MONASH/hf_MONASH_job239.root
SIGMAB_COUNTS tag=MONASH species=Xi_b0 pdg=5232 slice=all p=67 a=65 file=/data/alice/ipardoza/hadronization_production/HF_RUN3_V1/raw/MONASH/hf_MONASH_job239.root
SIGMAB_COUNTS tag=MONASH species=Xi_b0 pdg=5232 slice=eta_lt_1 p=14 a=15 file=/data/alice/ipardoza/hadronization_production/HF_RUN3_V1/raw/MONASH/hf_MONASH_job239.root
SIGMAB_COUNTS tag=MONASH species=Xi_b0 pdg=5232 slice=eta_1_2 p=13 a=13 file=/data/alice/ipardoza/hadronization_production/HF_RUN3_V1/raw/MONASH/hf_MONASH_job239.root
SIGMAB_COUNTS tag=MONASH species=Xi_b0 pdg=5232 slice=eta_ge_2 p=40 a=37 file=/data/alice/ipardoza/hadronization_production/HF_RUN3_V1/raw/MONASH/hf_MONASH_job239.root
SIGMAB_COUNTS tag=MONASH species=Xi_b- pdg=5132 slice=all p=56 a=57 file=/data/alice/ipardoza/hadronization_production/HF_RUN3_V1/raw/MONASH/hf_MONASH_job239.root
SIGMAB_COUNTS tag=MONASH species=Xi_b- pdg=5132 slice=eta_lt_1 p=12 a=10 file=/data/alice/ipardoza/hadronization_production/HF_RUN3_V1/raw/MONASH/hf_MONASH_job239.root
SIGMAB_COUNTS tag=MONASH species=Xi_b- pdg=5132 slice=eta_1_2 p=10 a=14 file=/data/alice/ipardoza/hadronization_production/HF_RUN3_V1/raw/MONASH/hf_MONASH_job239.root
SIGMAB_COUNTS tag=MONASH species=Xi_b- pdg=5132 slice=eta_ge_2 p=34 a=33 file=/data/alice/ipardoza/hadronization_production/HF_RUN3_V1/raw/MONASH/hf_MONASH_job239.root
SIGMAB_COUNTS tag=MONASH species=Sigma_b+ pdg=5222 slice=all p=42 a=17 file=/data/alice/ipardoza/hadronization_production/HF_RUN3_V1/raw/MONASH/hf_MONASH_job240.root
SIGMAB_COUNTS tag=MONASH species=Sigma_b+ pdg=5222 slice=eta_lt_1 p=8 a=3 file=/data/alice/ipardoza/hadronization_production/HF_RUN3_V1/raw/MONASH/hf_MONASH_job240.root
SIGMAB_COUNTS tag=MONASH species=Sigma_b+ pdg=5222 slice=eta_1_2 p=7 a=2 file=/data/alice/ipardoza/hadronization_production/HF_RUN3_V1/raw/MONASH/hf_MONASH_job240.root
SIGMAB_COUNTS tag=MONASH species=Sigma_b+ pdg=5222 slice=eta_ge_2 p=27 a=12 file=/data/alice/ipardoza/hadronization_production/HF_RUN3_V1/raw/MONASH/hf_MONASH_job240.root
SIGMAB_COUNTS tag=MONASH species=Sigma_b0 pdg=5212 slice=all p=35 a=23 file=/data/alice/ipardoza/hadronization_production/HF_RUN3_V1/raw/MONASH/hf_MONASH_job240.root
SIGMAB_COUNTS tag=MONASH species=Sigma_b0 pdg=5212 slice=eta_lt_1 p=4 a=1 file=/data/alice/ipardoza/hadronization_production/HF_RUN3_V1/raw/MONASH/hf_MONASH_job240.root
SIGMAB_COUNTS tag=MONASH species=Sigma_b0 pdg=5212 slice=eta_1_2 p=6 a=2 file=/data/alice/ipardoza/hadronization_production/HF_RUN3_V1/raw/MONASH/hf_MONASH_job240.root
SIGMAB_COUNTS tag=MONASH species=Sigma_b0 pdg=5212 slice=eta_ge_2 p=25 a=20 file=/data/alice/ipardoza/hadronization_production/HF_RUN3_V1/raw/MONASH/hf_MONASH_job240.root
SIGMAB_COUNTS tag=MONASH species=Sigma_b- pdg=5112 slice=all p=42 a=11 file=/data/alice/ipardoza/hadronization_production/HF_RUN3_V1/raw/MONASH/hf_MONASH_job240.root
SIGMAB_COUNTS tag=MONASH species=Sigma_b- pdg=5112 slice=eta_lt_1 p=8 a=2 file=/data/alice/ipardoza/hadronization_production/HF_RUN3_V1/raw/MONASH/hf_MONASH_job240.root
SIGMAB_COUNTS tag=MONASH species=Sigma_b- pdg=5112 slice=eta_1_2 p=9 a=3 file=/data/alice/ipardoza/hadronization_production/HF_RUN3_V1/raw/MONASH/hf_MONASH_job240.root
SIGMAB_COUNTS tag=MONASH species=Sigma_b- pdg=5112 slice=eta_ge_2 p=25 a=6 file=/data/alice/ipardoza/hadronization_production/HF_RUN3_V1/raw/MONASH/hf_MONASH_job240.root
SIGMAB_COUNTS tag=MONASH species=Sigma*_b+ pdg=5224 slice=all p=57 a=36 file=/data/alice/ipardoza/hadronization_production/HF_RUN3_V1/raw/MONASH/hf_MONASH_job240.root
SIGMAB_COUNTS tag=MONASH species=Sigma*_b+ pdg=5224 slice=eta_lt_1 p=12 a=7 file=/data/alice/ipardoza/hadronization_production/HF_RUN3_V1/raw/MONASH/hf_MONASH_job240.root
SIGMAB_COUNTS tag=MONASH species=Sigma*_b+ pdg=5224 slice=eta_1_2 p=7 a=7 file=/data/alice/ipardoza/hadronization_production/HF_RUN3_V1/raw/MONASH/hf_MONASH_job240.root
SIGMAB_COUNTS tag=MONASH species=Sigma*_b+ pdg=5224 slice=eta_ge_2 p=38 a=22 file=/data/alice/ipardoza/hadronization_production/HF_RUN3_V1/raw/MONASH/hf_MONASH_job240.root
SIGMAB_COUNTS tag=MONASH species=Sigma*_b0 pdg=5214 slice=all p=61 a=46 file=/data/alice/ipardoza/hadronization_production/HF_RUN3_V1/raw/MONASH/hf_MONASH_job240.root
SIGMAB_COUNTS tag=MONASH species=Sigma*_b0 pdg=5214 slice=eta_lt_1 p=16 a=13 file=/data/alice/ipardoza/hadronization_production/HF_RUN3_V1/raw/MONASH/hf_MONASH_job240.root
SIGMAB_COUNTS tag=MONASH species=Sigma*_b0 pdg=5214 slice=eta_1_2 p=20 a=6 file=/data/alice/ipardoza/hadronization_production/HF_RUN3_V1/raw/MONASH/hf_MONASH_job240.root
SIGMAB_COUNTS tag=MONASH species=Sigma*_b0 pdg=5214 slice=eta_ge_2 p=25 a=27 file=/data/alice/ipardoza/hadronization_production/HF_RUN3_V1/raw/MONASH/hf_MONASH_job240.root
SIGMAB_COUNTS tag=MONASH species=Sigma*_b- pdg=5114 slice=all p=59 a=38 file=/data/alice/ipardoza/hadronization_production/HF_RUN3_V1/raw/MONASH/hf_MONASH_job240.root
SIGMAB_COUNTS tag=MONASH species=Sigma*_b- pdg=5114 slice=eta_lt_1 p=10 a=10 file=/data/alice/ipardoza/hadronization_production/HF_RUN3_V1/raw/MONASH/hf_MONASH_job240.root
SIGMAB_COUNTS tag=MONASH species=Sigma*_b- pdg=5114 slice=eta_1_2 p=9 a=9 file=/data/alice/ipardoza/hadronization_production/HF_RUN3_V1/raw/MONASH/hf_MONASH_job240.root
SIGMAB_COUNTS tag=MONASH species=Sigma*_b- pdg=5114 slice=eta_ge_2 p=40 a=19 file=/data/alice/ipardoza/hadronization_production/HF_RUN3_V1/raw/MONASH/hf_MONASH_job240.root
SIGMAB_COUNTS tag=MONASH species=Lambda_b0 pdg=5122 slice=all p=299 a=307 file=/data/alice/ipardoza/hadronization_production/HF_RUN3_V1/raw/MONASH/hf_MONASH_job240.root
SIGMAB_COUNTS tag=MONASH species=Lambda_b0 pdg=5122 slice=eta_lt_1 p=52 a=60 file=/data/alice/ipardoza/hadronization_production/HF_RUN3_V1/raw/MONASH/hf_MONASH_job240.root
SIGMAB_COUNTS tag=MONASH species=Lambda_b0 pdg=5122 slice=eta_1_2 p=73 a=73 file=/data/alice/ipardoza/hadronization_production/HF_RUN3_V1/raw/MONASH/hf_MONASH_job240.root
SIGMAB_COUNTS tag=MONASH species=Lambda_b0 pdg=5122 slice=eta_ge_2 p=174 a=174 file=/data/alice/ipardoza/hadronization_production/HF_RUN3_V1/raw/MONASH/hf_MONASH_job240.root
SIGMAB_COUNTS tag=MONASH species=Xi_b0 pdg=5232 slice=all p=61 a=42 file=/data/alice/ipardoza/hadronization_production/HF_RUN3_V1/raw/MONASH/hf_MONASH_job240.root
SIGMAB_COUNTS tag=MONASH species=Xi_b0 pdg=5232 slice=eta_lt_1 p=10 a=5 file=/data/alice/ipardoza/hadronization_production/HF_RUN3_V1/raw/MONASH/hf_MONASH_job240.root
SIGMAB_COUNTS tag=MONASH species=Xi_b0 pdg=5232 slice=eta_1_2 p=13 a=13 file=/data/alice/ipardoza/hadronization_production/HF_RUN3_V1/raw/MONASH/hf_MONASH_job240.root
SIGMAB_COUNTS tag=MONASH species=Xi_b0 pdg=5232 slice=eta_ge_2 p=38 a=24 file=/data/alice/ipardoza/hadronization_production/HF_RUN3_V1/raw/MONASH/hf_MONASH_job240.root
SIGMAB_COUNTS tag=MONASH species=Xi_b- pdg=5132 slice=all p=64 a=66 file=/data/alice/ipardoza/hadronization_production/HF_RUN3_V1/raw/MONASH/hf_MONASH_job240.root
SIGMAB_COUNTS tag=MONASH species=Xi_b- pdg=5132 slice=eta_lt_1 p=10 a=8 file=/data/alice/ipardoza/hadronization_production/HF_RUN3_V1/raw/MONASH/hf_MONASH_job240.root
SIGMAB_COUNTS tag=MONASH species=Xi_b- pdg=5132 slice=eta_1_2 p=22 a=20 file=/data/alice/ipardoza/hadronization_production/HF_RUN3_V1/raw/MONASH/hf_MONASH_job240.root
SIGMAB_COUNTS tag=MONASH species=Xi_b- pdg=5132 slice=eta_ge_2 p=32 a=38 file=/data/alice/ipardoza/hadronization_production/HF_RUN3_V1/raw/MONASH/hf_MONASH_job240.root
SIGMAB_COUNTS tag=MONASH species=Sigma_b+ pdg=5222 slice=all p=43 a=22 file=/data/alice/ipardoza/hadronization_production/HF_RUN3_V1/raw/MONASH/hf_MONASH_job241.root
SIGMAB_COUNTS tag=MONASH species=Sigma_b+ pdg=5222 slice=eta_lt_1 p=6 a=3 file=/data/alice/ipardoza/hadronization_production/HF_RUN3_V1/raw/MONASH/hf_MONASH_job241.root
SIGMAB_COUNTS tag=MONASH species=Sigma_b+ pdg=5222 slice=eta_1_2 p=9 a=4 file=/data/alice/ipardoza/hadronization_production/HF_RUN3_V1/raw/MONASH/hf_MONASH_job241.root
SIGMAB_COUNTS tag=MONASH species=Sigma_b+ pdg=5222 slice=eta_ge_2 p=28 a=15 file=/data/alice/ipardoza/hadronization_production/HF_RUN3_V1/raw/MONASH/hf_MONASH_job241.root
SIGMAB_COUNTS tag=MONASH species=Sigma_b0 pdg=5212 slice=all p=34 a=23 file=/data/alice/ipardoza/hadronization_production/HF_RUN3_V1/raw/MONASH/hf_MONASH_job241.root
SIGMAB_COUNTS tag=MONASH species=Sigma_b0 pdg=5212 slice=eta_lt_1 p=6 a=6 file=/data/alice/ipardoza/hadronization_production/HF_RUN3_V1/raw/MONASH/hf_MONASH_job241.root
SIGMAB_COUNTS tag=MONASH species=Sigma_b0 pdg=5212 slice=eta_1_2 p=7 a=3 file=/data/alice/ipardoza/hadronization_production/HF_RUN3_V1/raw/MONASH/hf_MONASH_job241.root
SIGMAB_COUNTS tag=MONASH species=Sigma_b0 pdg=5212 slice=eta_ge_2 p=21 a=14 file=/data/alice/ipardoza/hadronization_production/HF_RUN3_V1/raw/MONASH/hf_MONASH_job241.root
SIGMAB_COUNTS tag=MONASH species=Sigma_b- pdg=5112 slice=all p=36 a=18 file=/data/alice/ipardoza/hadronization_production/HF_RUN3_V1/raw/MONASH/hf_MONASH_job241.root
SIGMAB_COUNTS tag=MONASH species=Sigma_b- pdg=5112 slice=eta_lt_1 p=4 a=3 file=/data/alice/ipardoza/hadronization_production/HF_RUN3_V1/raw/MONASH/hf_MONASH_job241.root
SIGMAB_COUNTS tag=MONASH species=Sigma_b- pdg=5112 slice=eta_1_2 p=7 a=7 file=/data/alice/ipardoza/hadronization_production/HF_RUN3_V1/raw/MONASH/hf_MONASH_job241.root
SIGMAB_COUNTS tag=MONASH species=Sigma_b- pdg=5112 slice=eta_ge_2 p=25 a=8 file=/data/alice/ipardoza/hadronization_production/HF_RUN3_V1/raw/MONASH/hf_MONASH_job241.root
SIGMAB_COUNTS tag=MONASH species=Sigma*_b+ pdg=5224 slice=all p=40 a=35 file=/data/alice/ipardoza/hadronization_production/HF_RUN3_V1/raw/MONASH/hf_MONASH_job241.root
SIGMAB_COUNTS tag=MONASH species=Sigma*_b+ pdg=5224 slice=eta_lt_1 p=7 a=7 file=/data/alice/ipardoza/hadronization_production/HF_RUN3_V1/raw/MONASH/hf_MONASH_job241.root
SIGMAB_COUNTS tag=MONASH species=Sigma*_b+ pdg=5224 slice=eta_1_2 p=8 a=10 file=/data/alice/ipardoza/hadronization_production/HF_RUN3_V1/raw/MONASH/hf_MONASH_job241.root
SIGMAB_COUNTS tag=MONASH species=Sigma*_b+ pdg=5224 slice=eta_ge_2 p=25 a=18 file=/data/alice/ipardoza/hadronization_production/HF_RUN3_V1/raw/MONASH/hf_MONASH_job241.root
SIGMAB_COUNTS tag=MONASH species=Sigma*_b0 pdg=5214 slice=all p=50 a=39 file=/data/alice/ipardoza/hadronization_production/HF_RUN3_V1/raw/MONASH/hf_MONASH_job241.root
SIGMAB_COUNTS tag=MONASH species=Sigma*_b0 pdg=5214 slice=eta_lt_1 p=5 a=6 file=/data/alice/ipardoza/hadronization_production/HF_RUN3_V1/raw/MONASH/hf_MONASH_job241.root
SIGMAB_COUNTS tag=MONASH species=Sigma*_b0 pdg=5214 slice=eta_1_2 p=9 a=9 file=/data/alice/ipardoza/hadronization_production/HF_RUN3_V1/raw/MONASH/hf_MONASH_job241.root
SIGMAB_COUNTS tag=MONASH species=Sigma*_b0 pdg=5214 slice=eta_ge_2 p=36 a=24 file=/data/alice/ipardoza/hadronization_production/HF_RUN3_V1/raw/MONASH/hf_MONASH_job241.root
SIGMAB_COUNTS tag=MONASH species=Sigma*_b- pdg=5114 slice=all p=42 a=35 file=/data/alice/ipardoza/hadronization_production/HF_RUN3_V1/raw/MONASH/hf_MONASH_job241.root
SIGMAB_COUNTS tag=MONASH species=Sigma*_b- pdg=5114 slice=eta_lt_1 p=6 a=3 file=/data/alice/ipardoza/hadronization_production/HF_RUN3_V1/raw/MONASH/hf_MONASH_job241.root
SIGMAB_COUNTS tag=MONASH species=Sigma*_b- pdg=5114 slice=eta_1_2 p=8 a=9 file=/data/alice/ipardoza/hadronization_production/HF_RUN3_V1/raw/MONASH/hf_MONASH_job241.root
SIGMAB_COUNTS tag=MONASH species=Sigma*_b- pdg=5114 slice=eta_ge_2 p=28 a=23 file=/data/alice/ipardoza/hadronization_production/HF_RUN3_V1/raw/MONASH/hf_MONASH_job241.root
SIGMAB_COUNTS tag=MONASH species=Lambda_b0 pdg=5122 slice=all p=311 a=298 file=/data/alice/ipardoza/hadronization_production/HF_RUN3_V1/raw/MONASH/hf_MONASH_job241.root
SIGMAB_COUNTS tag=MONASH species=Lambda_b0 pdg=5122 slice=eta_lt_1 p=60 a=58 file=/data/alice/ipardoza/hadronization_production/HF_RUN3_V1/raw/MONASH/hf_MONASH_job241.root
SIGMAB_COUNTS tag=MONASH species=Lambda_b0 pdg=5122 slice=eta_1_2 p=69 a=71 file=/data/alice/ipardoza/hadronization_production/HF_RUN3_V1/raw/MONASH/hf_MONASH_job241.root
SIGMAB_COUNTS tag=MONASH species=Lambda_b0 pdg=5122 slice=eta_ge_2 p=182 a=169 file=/data/alice/ipardoza/hadronization_production/HF_RUN3_V1/raw/MONASH/hf_MONASH_job241.root
SIGMAB_COUNTS tag=MONASH species=Xi_b0 pdg=5232 slice=all p=59 a=58 file=/data/alice/ipardoza/hadronization_production/HF_RUN3_V1/raw/MONASH/hf_MONASH_job241.root
SIGMAB_COUNTS tag=MONASH species=Xi_b0 pdg=5232 slice=eta_lt_1 p=14 a=14 file=/data/alice/ipardoza/hadronization_production/HF_RUN3_V1/raw/MONASH/hf_MONASH_job241.root
SIGMAB_COUNTS tag=MONASH species=Xi_b0 pdg=5232 slice=eta_1_2 p=13 a=10 file=/data/alice/ipardoza/hadronization_production/HF_RUN3_V1/raw/MONASH/hf_MONASH_job241.root
SIGMAB_COUNTS tag=MONASH species=Xi_b0 pdg=5232 slice=eta_ge_2 p=32 a=34 file=/data/alice/ipardoza/hadronization_production/HF_RUN3_V1/raw/MONASH/hf_MONASH_job241.root
SIGMAB_COUNTS tag=MONASH species=Xi_b- pdg=5132 slice=all p=50 a=61 file=/data/alice/ipardoza/hadronization_production/HF_RUN3_V1/raw/MONASH/hf_MONASH_job241.root
SIGMAB_COUNTS tag=MONASH species=Xi_b- pdg=5132 slice=eta_lt_1 p=7 a=12 file=/data/alice/ipardoza/hadronization_production/HF_RUN3_V1/raw/MONASH/hf_MONASH_job241.root
SIGMAB_COUNTS tag=MONASH species=Xi_b- pdg=5132 slice=eta_1_2 p=12 a=17 file=/data/alice/ipardoza/hadronization_production/HF_RUN3_V1/raw/MONASH/hf_MONASH_job241.root
SIGMAB_COUNTS tag=MONASH species=Xi_b- pdg=5132 slice=eta_ge_2 p=31 a=32 file=/data/alice/ipardoza/hadronization_production/HF_RUN3_V1/raw/MONASH/hf_MONASH_job241.root
SIGMAB_COUNTS tag=MONASH species=Sigma_b+ pdg=5222 slice=all p=51 a=18 file=/data/alice/ipardoza/hadronization_production/HF_RUN3_V1/raw/MONASH/hf_MONASH_job242.root
SIGMAB_COUNTS tag=MONASH species=Sigma_b+ pdg=5222 slice=eta_lt_1 p=7 a=4 file=/data/alice/ipardoza/hadronization_production/HF_RUN3_V1/raw/MONASH/hf_MONASH_job242.root
SIGMAB_COUNTS tag=MONASH species=Sigma_b+ pdg=5222 slice=eta_1_2 p=12 a=4 file=/data/alice/ipardoza/hadronization_production/HF_RUN3_V1/raw/MONASH/hf_MONASH_job242.root
SIGMAB_COUNTS tag=MONASH species=Sigma_b+ pdg=5222 slice=eta_ge_2 p=32 a=10 file=/data/alice/ipardoza/hadronization_production/HF_RUN3_V1/raw/MONASH/hf_MONASH_job242.root
SIGMAB_COUNTS tag=MONASH species=Sigma_b0 pdg=5212 slice=all p=37 a=21 file=/data/alice/ipardoza/hadronization_production/HF_RUN3_V1/raw/MONASH/hf_MONASH_job242.root
SIGMAB_COUNTS tag=MONASH species=Sigma_b0 pdg=5212 slice=eta_lt_1 p=5 a=6 file=/data/alice/ipardoza/hadronization_production/HF_RUN3_V1/raw/MONASH/hf_MONASH_job242.root
SIGMAB_COUNTS tag=MONASH species=Sigma_b0 pdg=5212 slice=eta_1_2 p=7 a=5 file=/data/alice/ipardoza/hadronization_production/HF_RUN3_V1/raw/MONASH/hf_MONASH_job242.root
SIGMAB_COUNTS tag=MONASH species=Sigma_b0 pdg=5212 slice=eta_ge_2 p=25 a=10 file=/data/alice/ipardoza/hadronization_production/HF_RUN3_V1/raw/MONASH/hf_MONASH_job242.root
SIGMAB_COUNTS tag=MONASH species=Sigma_b- pdg=5112 slice=all p=32 a=22 file=/data/alice/ipardoza/hadronization_production/HF_RUN3_V1/raw/MONASH/hf_MONASH_job242.root
SIGMAB_COUNTS tag=MONASH species=Sigma_b- pdg=5112 slice=eta_lt_1 p=6 a=1 file=/data/alice/ipardoza/hadronization_production/HF_RUN3_V1/raw/MONASH/hf_MONASH_job242.root
SIGMAB_COUNTS tag=MONASH species=Sigma_b- pdg=5112 slice=eta_1_2 p=3 a=5 file=/data/alice/ipardoza/hadronization_production/HF_RUN3_V1/raw/MONASH/hf_MONASH_job242.root
SIGMAB_COUNTS tag=MONASH species=Sigma_b- pdg=5112 slice=eta_ge_2 p=23 a=16 file=/data/alice/ipardoza/hadronization_production/HF_RUN3_V1/raw/MONASH/hf_MONASH_job242.root
SIGMAB_COUNTS tag=MONASH species=Sigma*_b+ pdg=5224 slice=all p=56 a=50 file=/data/alice/ipardoza/hadronization_production/HF_RUN3_V1/raw/MONASH/hf_MONASH_job242.root
SIGMAB_COUNTS tag=MONASH species=Sigma*_b+ pdg=5224 slice=eta_lt_1 p=4 a=11 file=/data/alice/ipardoza/hadronization_production/HF_RUN3_V1/raw/MONASH/hf_MONASH_job242.root
SIGMAB_COUNTS tag=MONASH species=Sigma*_b+ pdg=5224 slice=eta_1_2 p=13 a=10 file=/data/alice/ipardoza/hadronization_production/HF_RUN3_V1/raw/MONASH/hf_MONASH_job242.root
SIGMAB_COUNTS tag=MONASH species=Sigma*_b+ pdg=5224 slice=eta_ge_2 p=39 a=29 file=/data/alice/ipardoza/hadronization_production/HF_RUN3_V1/raw/MONASH/hf_MONASH_job242.root
SIGMAB_COUNTS tag=MONASH species=Sigma*_b0 pdg=5214 slice=all p=40 a=36 file=/data/alice/ipardoza/hadronization_production/HF_RUN3_V1/raw/MONASH/hf_MONASH_job242.root
SIGMAB_COUNTS tag=MONASH species=Sigma*_b0 pdg=5214 slice=eta_lt_1 p=11 a=5 file=/data/alice/ipardoza/hadronization_production/HF_RUN3_V1/raw/MONASH/hf_MONASH_job242.root
SIGMAB_COUNTS tag=MONASH species=Sigma*_b0 pdg=5214 slice=eta_1_2 p=6 a=9 file=/data/alice/ipardoza/hadronization_production/HF_RUN3_V1/raw/MONASH/hf_MONASH_job242.root
SIGMAB_COUNTS tag=MONASH species=Sigma*_b0 pdg=5214 slice=eta_ge_2 p=23 a=22 file=/data/alice/ipardoza/hadronization_production/HF_RUN3_V1/raw/MONASH/hf_MONASH_job242.root
SIGMAB_COUNTS tag=MONASH species=Sigma*_b- pdg=5114 slice=all p=58 a=50 file=/data/alice/ipardoza/hadronization_production/HF_RUN3_V1/raw/MONASH/hf_MONASH_job242.root
SIGMAB_COUNTS tag=MONASH species=Sigma*_b- pdg=5114 slice=eta_lt_1 p=8 a=13 file=/data/alice/ipardoza/hadronization_production/HF_RUN3_V1/raw/MONASH/hf_MONASH_job242.root
SIGMAB_COUNTS tag=MONASH species=Sigma*_b- pdg=5114 slice=eta_1_2 p=15 a=11 file=/data/alice/ipardoza/hadronization_production/HF_RUN3_V1/raw/MONASH/hf_MONASH_job242.root
SIGMAB_COUNTS tag=MONASH species=Sigma*_b- pdg=5114 slice=eta_ge_2 p=35 a=26 file=/data/alice/ipardoza/hadronization_production/HF_RUN3_V1/raw/MONASH/hf_MONASH_job242.root
SIGMAB_COUNTS tag=MONASH species=Lambda_b0 pdg=5122 slice=all p=324 a=323 file=/data/alice/ipardoza/hadronization_production/HF_RUN3_V1/raw/MONASH/hf_MONASH_job242.root
SIGMAB_COUNTS tag=MONASH species=Lambda_b0 pdg=5122 slice=eta_lt_1 p=69 a=45 file=/data/alice/ipardoza/hadronization_production/HF_RUN3_V1/raw/MONASH/hf_MONASH_job242.root
SIGMAB_COUNTS tag=MONASH species=Lambda_b0 pdg=5122 slice=eta_1_2 p=65 a=81 file=/data/alice/ipardoza/hadronization_production/HF_RUN3_V1/raw/MONASH/hf_MONASH_job242.root
SIGMAB_COUNTS tag=MONASH species=Lambda_b0 pdg=5122 slice=eta_ge_2 p=190 a=197 file=/data/alice/ipardoza/hadronization_production/HF_RUN3_V1/raw/MONASH/hf_MONASH_job242.root
SIGMAB_COUNTS tag=MONASH species=Xi_b0 pdg=5232 slice=all p=65 a=68 file=/data/alice/ipardoza/hadronization_production/HF_RUN3_V1/raw/MONASH/hf_MONASH_job242.root
SIGMAB_COUNTS tag=MONASH species=Xi_b0 pdg=5232 slice=eta_lt_1 p=12 a=12 file=/data/alice/ipardoza/hadronization_production/HF_RUN3_V1/raw/MONASH/hf_MONASH_job242.root
SIGMAB_COUNTS tag=MONASH species=Xi_b0 pdg=5232 slice=eta_1_2 p=17 a=15 file=/data/alice/ipardoza/hadronization_production/HF_RUN3_V1/raw/MONASH/hf_MONASH_job242.root
SIGMAB_COUNTS tag=MONASH species=Xi_b0 pdg=5232 slice=eta_ge_2 p=36 a=41 file=/data/alice/ipardoza/hadronization_production/HF_RUN3_V1/raw/MONASH/hf_MONASH_job242.root
SIGMAB_COUNTS tag=MONASH species=Xi_b- pdg=5132 slice=all p=63 a=65 file=/data/alice/ipardoza/hadronization_production/HF_RUN3_V1/raw/MONASH/hf_MONASH_job242.root
SIGMAB_COUNTS tag=MONASH species=Xi_b- pdg=5132 slice=eta_lt_1 p=18 a=12 file=/data/alice/ipardoza/hadronization_production/HF_RUN3_V1/raw/MONASH/hf_MONASH_job242.root
SIGMAB_COUNTS tag=MONASH species=Xi_b- pdg=5132 slice=eta_1_2 p=13 a=15 file=/data/alice/ipardoza/hadronization_production/HF_RUN3_V1/raw/MONASH/hf_MONASH_job242.root
SIGMAB_COUNTS tag=MONASH species=Xi_b- pdg=5132 slice=eta_ge_2 p=32 a=38 file=/data/alice/ipardoza/hadronization_production/HF_RUN3_V1/raw/MONASH/hf_MONASH_job242.root
SIGMAB_COUNTS tag=MONASH species=Sigma_b+ pdg=5222 slice=all p=24 a=21 file=/data/alice/ipardoza/hadronization_production/HF_RUN3_V1/raw/MONASH/hf_MONASH_job243.root
SIGMAB_COUNTS tag=MONASH species=Sigma_b+ pdg=5222 slice=eta_lt_1 p=2 a=5 file=/data/alice/ipardoza/hadronization_production/HF_RUN3_V1/raw/MONASH/hf_MONASH_job243.root
SIGMAB_COUNTS tag=MONASH species=Sigma_b+ pdg=5222 slice=eta_1_2 p=6 a=4 file=/data/alice/ipardoza/hadronization_production/HF_RUN3_V1/raw/MONASH/hf_MONASH_job243.root
SIGMAB_COUNTS tag=MONASH species=Sigma_b+ pdg=5222 slice=eta_ge_2 p=16 a=12 file=/data/alice/ipardoza/hadronization_production/HF_RUN3_V1/raw/MONASH/hf_MONASH_job243.root
SIGMAB_COUNTS tag=MONASH species=Sigma_b0 pdg=5212 slice=all p=39 a=17 file=/data/alice/ipardoza/hadronization_production/HF_RUN3_V1/raw/MONASH/hf_MONASH_job243.root
SIGMAB_COUNTS tag=MONASH species=Sigma_b0 pdg=5212 slice=eta_lt_1 p=4 a=2 file=/data/alice/ipardoza/hadronization_production/HF_RUN3_V1/raw/MONASH/hf_MONASH_job243.root
SIGMAB_COUNTS tag=MONASH species=Sigma_b0 pdg=5212 slice=eta_1_2 p=6 a=6 file=/data/alice/ipardoza/hadronization_production/HF_RUN3_V1/raw/MONASH/hf_MONASH_job243.root
SIGMAB_COUNTS tag=MONASH species=Sigma_b0 pdg=5212 slice=eta_ge_2 p=29 a=9 file=/data/alice/ipardoza/hadronization_production/HF_RUN3_V1/raw/MONASH/hf_MONASH_job243.root
SIGMAB_COUNTS tag=MONASH species=Sigma_b- pdg=5112 slice=all p=40 a=11 file=/data/alice/ipardoza/hadronization_production/HF_RUN3_V1/raw/MONASH/hf_MONASH_job243.root
SIGMAB_COUNTS tag=MONASH species=Sigma_b- pdg=5112 slice=eta_lt_1 p=6 a=2 file=/data/alice/ipardoza/hadronization_production/HF_RUN3_V1/raw/MONASH/hf_MONASH_job243.root
SIGMAB_COUNTS tag=MONASH species=Sigma_b- pdg=5112 slice=eta_1_2 p=8 a=5 file=/data/alice/ipardoza/hadronization_production/HF_RUN3_V1/raw/MONASH/hf_MONASH_job243.root
SIGMAB_COUNTS tag=MONASH species=Sigma_b- pdg=5112 slice=eta_ge_2 p=26 a=4 file=/data/alice/ipardoza/hadronization_production/HF_RUN3_V1/raw/MONASH/hf_MONASH_job243.root
SIGMAB_COUNTS tag=MONASH species=Sigma*_b+ pdg=5224 slice=all p=61 a=51 file=/data/alice/ipardoza/hadronization_production/HF_RUN3_V1/raw/MONASH/hf_MONASH_job243.root
SIGMAB_COUNTS tag=MONASH species=Sigma*_b+ pdg=5224 slice=eta_lt_1 p=9 a=8 file=/data/alice/ipardoza/hadronization_production/HF_RUN3_V1/raw/MONASH/hf_MONASH_job243.root
SIGMAB_COUNTS tag=MONASH species=Sigma*_b+ pdg=5224 slice=eta_1_2 p=13 a=15 file=/data/alice/ipardoza/hadronization_production/HF_RUN3_V1/raw/MONASH/hf_MONASH_job243.root
SIGMAB_COUNTS tag=MONASH species=Sigma*_b+ pdg=5224 slice=eta_ge_2 p=39 a=28 file=/data/alice/ipardoza/hadronization_production/HF_RUN3_V1/raw/MONASH/hf_MONASH_job243.root
SIGMAB_COUNTS tag=MONASH species=Sigma*_b0 pdg=5214 slice=all p=43 a=42 file=/data/alice/ipardoza/hadronization_production/HF_RUN3_V1/raw/MONASH/hf_MONASH_job243.root
SIGMAB_COUNTS tag=MONASH species=Sigma*_b0 pdg=5214 slice=eta_lt_1 p=9 a=9 file=/data/alice/ipardoza/hadronization_production/HF_RUN3_V1/raw/MONASH/hf_MONASH_job243.root
SIGMAB_COUNTS tag=MONASH species=Sigma*_b0 pdg=5214 slice=eta_1_2 p=5 a=12 file=/data/alice/ipardoza/hadronization_production/HF_RUN3_V1/raw/MONASH/hf_MONASH_job243.root
SIGMAB_COUNTS tag=MONASH species=Sigma*_b0 pdg=5214 slice=eta_ge_2 p=29 a=21 file=/data/alice/ipardoza/hadronization_production/HF_RUN3_V1/raw/MONASH/hf_MONASH_job243.root
SIGMAB_COUNTS tag=MONASH species=Sigma*_b- pdg=5114 slice=all p=36 a=36 file=/data/alice/ipardoza/hadronization_production/HF_RUN3_V1/raw/MONASH/hf_MONASH_job243.root
SIGMAB_COUNTS tag=MONASH species=Sigma*_b- pdg=5114 slice=eta_lt_1 p=5 a=4 file=/data/alice/ipardoza/hadronization_production/HF_RUN3_V1/raw/MONASH/hf_MONASH_job243.root
SIGMAB_COUNTS tag=MONASH species=Sigma*_b- pdg=5114 slice=eta_1_2 p=9 a=4 file=/data/alice/ipardoza/hadronization_production/HF_RUN3_V1/raw/MONASH/hf_MONASH_job243.root
SIGMAB_COUNTS tag=MONASH species=Sigma*_b- pdg=5114 slice=eta_ge_2 p=22 a=28 file=/data/alice/ipardoza/hadronization_production/HF_RUN3_V1/raw/MONASH/hf_MONASH_job243.root
SIGMAB_COUNTS tag=MONASH species=Lambda_b0 pdg=5122 slice=all p=314 a=304 file=/data/alice/ipardoza/hadronization_production/HF_RUN3_V1/raw/MONASH/hf_MONASH_job243.root
SIGMAB_COUNTS tag=MONASH species=Lambda_b0 pdg=5122 slice=eta_lt_1 p=72 a=72 file=/data/alice/ipardoza/hadronization_production/HF_RUN3_V1/raw/MONASH/hf_MONASH_job243.root
SIGMAB_COUNTS tag=MONASH species=Lambda_b0 pdg=5122 slice=eta_1_2 p=66 a=63 file=/data/alice/ipardoza/hadronization_production/HF_RUN3_V1/raw/MONASH/hf_MONASH_job243.root
SIGMAB_COUNTS tag=MONASH species=Lambda_b0 pdg=5122 slice=eta_ge_2 p=176 a=169 file=/data/alice/ipardoza/hadronization_production/HF_RUN3_V1/raw/MONASH/hf_MONASH_job243.root
SIGMAB_COUNTS tag=MONASH species=Xi_b0 pdg=5232 slice=all p=45 a=55 file=/data/alice/ipardoza/hadronization_production/HF_RUN3_V1/raw/MONASH/hf_MONASH_job243.root
SIGMAB_COUNTS tag=MONASH species=Xi_b0 pdg=5232 slice=eta_lt_1 p=11 a=9 file=/data/alice/ipardoza/hadronization_production/HF_RUN3_V1/raw/MONASH/hf_MONASH_job243.root
SIGMAB_COUNTS tag=MONASH species=Xi_b0 pdg=5232 slice=eta_1_2 p=9 a=11 file=/data/alice/ipardoza/hadronization_production/HF_RUN3_V1/raw/MONASH/hf_MONASH_job243.root
SIGMAB_COUNTS tag=MONASH species=Xi_b0 pdg=5232 slice=eta_ge_2 p=25 a=35 file=/data/alice/ipardoza/hadronization_production/HF_RUN3_V1/raw/MONASH/hf_MONASH_job243.root
SIGMAB_COUNTS tag=MONASH species=Xi_b- pdg=5132 slice=all p=59 a=44 file=/data/alice/ipardoza/hadronization_production/HF_RUN3_V1/raw/MONASH/hf_MONASH_job243.root
SIGMAB_COUNTS tag=MONASH species=Xi_b- pdg=5132 slice=eta_lt_1 p=13 a=7 file=/data/alice/ipardoza/hadronization_production/HF_RUN3_V1/raw/MONASH/hf_MONASH_job243.root
SIGMAB_COUNTS tag=MONASH species=Xi_b- pdg=5132 slice=eta_1_2 p=14 a=8 file=/data/alice/ipardoza/hadronization_production/HF_RUN3_V1/raw/MONASH/hf_MONASH_job243.root
SIGMAB_COUNTS tag=MONASH species=Xi_b- pdg=5132 slice=eta_ge_2 p=32 a=29 file=/data/alice/ipardoza/hadronization_production/HF_RUN3_V1/raw/MONASH/hf_MONASH_job243.root
SIGMAB_COUNTS tag=MONASH species=Sigma_b+ pdg=5222 slice=all p=27 a=17 file=/data/alice/ipardoza/hadronization_production/HF_RUN3_V1/raw/MONASH/hf_MONASH_job244.root
SIGMAB_COUNTS tag=MONASH species=Sigma_b+ pdg=5222 slice=eta_lt_1 p=6 a=6 file=/data/alice/ipardoza/hadronization_production/HF_RUN3_V1/raw/MONASH/hf_MONASH_job244.root
SIGMAB_COUNTS tag=MONASH species=Sigma_b+ pdg=5222 slice=eta_1_2 p=4 a=2 file=/data/alice/ipardoza/hadronization_production/HF_RUN3_V1/raw/MONASH/hf_MONASH_job244.root
SIGMAB_COUNTS tag=MONASH species=Sigma_b+ pdg=5222 slice=eta_ge_2 p=17 a=9 file=/data/alice/ipardoza/hadronization_production/HF_RUN3_V1/raw/MONASH/hf_MONASH_job244.root
SIGMAB_COUNTS tag=MONASH species=Sigma_b0 pdg=5212 slice=all p=39 a=26 file=/data/alice/ipardoza/hadronization_production/HF_RUN3_V1/raw/MONASH/hf_MONASH_job244.root
SIGMAB_COUNTS tag=MONASH species=Sigma_b0 pdg=5212 slice=eta_lt_1 p=10 a=4 file=/data/alice/ipardoza/hadronization_production/HF_RUN3_V1/raw/MONASH/hf_MONASH_job244.root
SIGMAB_COUNTS tag=MONASH species=Sigma_b0 pdg=5212 slice=eta_1_2 p=10 a=11 file=/data/alice/ipardoza/hadronization_production/HF_RUN3_V1/raw/MONASH/hf_MONASH_job244.root
SIGMAB_COUNTS tag=MONASH species=Sigma_b0 pdg=5212 slice=eta_ge_2 p=19 a=11 file=/data/alice/ipardoza/hadronization_production/HF_RUN3_V1/raw/MONASH/hf_MONASH_job244.root
SIGMAB_COUNTS tag=MONASH species=Sigma_b- pdg=5112 slice=all p=34 a=24 file=/data/alice/ipardoza/hadronization_production/HF_RUN3_V1/raw/MONASH/hf_MONASH_job244.root
SIGMAB_COUNTS tag=MONASH species=Sigma_b- pdg=5112 slice=eta_lt_1 p=3 a=2 file=/data/alice/ipardoza/hadronization_production/HF_RUN3_V1/raw/MONASH/hf_MONASH_job244.root
SIGMAB_COUNTS tag=MONASH species=Sigma_b- pdg=5112 slice=eta_1_2 p=12 a=11 file=/data/alice/ipardoza/hadronization_production/HF_RUN3_V1/raw/MONASH/hf_MONASH_job244.root
SIGMAB_COUNTS tag=MONASH species=Sigma_b- pdg=5112 slice=eta_ge_2 p=19 a=11 file=/data/alice/ipardoza/hadronization_production/HF_RUN3_V1/raw/MONASH/hf_MONASH_job244.root
SIGMAB_COUNTS tag=MONASH species=Sigma*_b+ pdg=5224 slice=all p=44 a=43 file=/data/alice/ipardoza/hadronization_production/HF_RUN3_V1/raw/MONASH/hf_MONASH_job244.root
SIGMAB_COUNTS tag=MONASH species=Sigma*_b+ pdg=5224 slice=eta_lt_1 p=8 a=7 file=/data/alice/ipardoza/hadronization_production/HF_RUN3_V1/raw/MONASH/hf_MONASH_job244.root
SIGMAB_COUNTS tag=MONASH species=Sigma*_b+ pdg=5224 slice=eta_1_2 p=12 a=13 file=/data/alice/ipardoza/hadronization_production/HF_RUN3_V1/raw/MONASH/hf_MONASH_job244.root
SIGMAB_COUNTS tag=MONASH species=Sigma*_b+ pdg=5224 slice=eta_ge_2 p=24 a=23 file=/data/alice/ipardoza/hadronization_production/HF_RUN3_V1/raw/MONASH/hf_MONASH_job244.root
SIGMAB_COUNTS tag=MONASH species=Sigma*_b0 pdg=5214 slice=all p=57 a=46 file=/data/alice/ipardoza/hadronization_production/HF_RUN3_V1/raw/MONASH/hf_MONASH_job244.root
SIGMAB_COUNTS tag=MONASH species=Sigma*_b0 pdg=5214 slice=eta_lt_1 p=10 a=7 file=/data/alice/ipardoza/hadronization_production/HF_RUN3_V1/raw/MONASH/hf_MONASH_job244.root
SIGMAB_COUNTS tag=MONASH species=Sigma*_b0 pdg=5214 slice=eta_1_2 p=19 a=10 file=/data/alice/ipardoza/hadronization_production/HF_RUN3_V1/raw/MONASH/hf_MONASH_job244.root
SIGMAB_COUNTS tag=MONASH species=Sigma*_b0 pdg=5214 slice=eta_ge_2 p=28 a=29 file=/data/alice/ipardoza/hadronization_production/HF_RUN3_V1/raw/MONASH/hf_MONASH_job244.root
SIGMAB_COUNTS tag=MONASH species=Sigma*_b- pdg=5114 slice=all p=47 a=32 file=/data/alice/ipardoza/hadronization_production/HF_RUN3_V1/raw/MONASH/hf_MONASH_job244.root
SIGMAB_COUNTS tag=MONASH species=Sigma*_b- pdg=5114 slice=eta_lt_1 p=8 a=5 file=/data/alice/ipardoza/hadronization_production/HF_RUN3_V1/raw/MONASH/hf_MONASH_job244.root
SIGMAB_COUNTS tag=MONASH species=Sigma*_b- pdg=5114 slice=eta_1_2 p=10 a=5 file=/data/alice/ipardoza/hadronization_production/HF_RUN3_V1/raw/MONASH/hf_MONASH_job244.root
SIGMAB_COUNTS tag=MONASH species=Sigma*_b- pdg=5114 slice=eta_ge_2 p=29 a=22 file=/data/alice/ipardoza/hadronization_production/HF_RUN3_V1/raw/MONASH/hf_MONASH_job244.root
SIGMAB_COUNTS tag=MONASH species=Lambda_b0 pdg=5122 slice=all p=311 a=296 file=/data/alice/ipardoza/hadronization_production/HF_RUN3_V1/raw/MONASH/hf_MONASH_job244.root
SIGMAB_COUNTS tag=MONASH species=Lambda_b0 pdg=5122 slice=eta_lt_1 p=54 a=56 file=/data/alice/ipardoza/hadronization_production/HF_RUN3_V1/raw/MONASH/hf_MONASH_job244.root
SIGMAB_COUNTS tag=MONASH species=Lambda_b0 pdg=5122 slice=eta_1_2 p=76 a=67 file=/data/alice/ipardoza/hadronization_production/HF_RUN3_V1/raw/MONASH/hf_MONASH_job244.root
SIGMAB_COUNTS tag=MONASH species=Lambda_b0 pdg=5122 slice=eta_ge_2 p=181 a=173 file=/data/alice/ipardoza/hadronization_production/HF_RUN3_V1/raw/MONASH/hf_MONASH_job244.root
SIGMAB_COUNTS tag=MONASH species=Xi_b0 pdg=5232 slice=all p=55 a=53 file=/data/alice/ipardoza/hadronization_production/HF_RUN3_V1/raw/MONASH/hf_MONASH_job244.root
SIGMAB_COUNTS tag=MONASH species=Xi_b0 pdg=5232 slice=eta_lt_1 p=13 a=9 file=/data/alice/ipardoza/hadronization_production/HF_RUN3_V1/raw/MONASH/hf_MONASH_job244.root
SIGMAB_COUNTS tag=MONASH species=Xi_b0 pdg=5232 slice=eta_1_2 p=6 a=8 file=/data/alice/ipardoza/hadronization_production/HF_RUN3_V1/raw/MONASH/hf_MONASH_job244.root
SIGMAB_COUNTS tag=MONASH species=Xi_b0 pdg=5232 slice=eta_ge_2 p=36 a=36 file=/data/alice/ipardoza/hadronization_production/HF_RUN3_V1/raw/MONASH/hf_MONASH_job244.root
SIGMAB_COUNTS tag=MONASH species=Xi_b- pdg=5132 slice=all p=48 a=71 file=/data/alice/ipardoza/hadronization_production/HF_RUN3_V1/raw/MONASH/hf_MONASH_job244.root
SIGMAB_COUNTS tag=MONASH species=Xi_b- pdg=5132 slice=eta_lt_1 p=6 a=14 file=/data/alice/ipardoza/hadronization_production/HF_RUN3_V1/raw/MONASH/hf_MONASH_job244.root
SIGMAB_COUNTS tag=MONASH species=Xi_b- pdg=5132 slice=eta_1_2 p=9 a=16 file=/data/alice/ipardoza/hadronization_production/HF_RUN3_V1/raw/MONASH/hf_MONASH_job244.root
SIGMAB_COUNTS tag=MONASH species=Xi_b- pdg=5132 slice=eta_ge_2 p=33 a=41 file=/data/alice/ipardoza/hadronization_production/HF_RUN3_V1/raw/MONASH/hf_MONASH_job244.root
SIGMAB_COUNTS tag=MONASH species=Sigma_b+ pdg=5222 slice=all p=34 a=21 file=/data/alice/ipardoza/hadronization_production/HF_RUN3_V1/raw/MONASH/hf_MONASH_job245.root
SIGMAB_COUNTS tag=MONASH species=Sigma_b+ pdg=5222 slice=eta_lt_1 p=8 a=4 file=/data/alice/ipardoza/hadronization_production/HF_RUN3_V1/raw/MONASH/hf_MONASH_job245.root
SIGMAB_COUNTS tag=MONASH species=Sigma_b+ pdg=5222 slice=eta_1_2 p=7 a=5 file=/data/alice/ipardoza/hadronization_production/HF_RUN3_V1/raw/MONASH/hf_MONASH_job245.root
SIGMAB_COUNTS tag=MONASH species=Sigma_b+ pdg=5222 slice=eta_ge_2 p=19 a=12 file=/data/alice/ipardoza/hadronization_production/HF_RUN3_V1/raw/MONASH/hf_MONASH_job245.root
SIGMAB_COUNTS tag=MONASH species=Sigma_b0 pdg=5212 slice=all p=33 a=19 file=/data/alice/ipardoza/hadronization_production/HF_RUN3_V1/raw/MONASH/hf_MONASH_job245.root
SIGMAB_COUNTS tag=MONASH species=Sigma_b0 pdg=5212 slice=eta_lt_1 p=3 a=6 file=/data/alice/ipardoza/hadronization_production/HF_RUN3_V1/raw/MONASH/hf_MONASH_job245.root
SIGMAB_COUNTS tag=MONASH species=Sigma_b0 pdg=5212 slice=eta_1_2 p=7 a=1 file=/data/alice/ipardoza/hadronization_production/HF_RUN3_V1/raw/MONASH/hf_MONASH_job245.root
SIGMAB_COUNTS tag=MONASH species=Sigma_b0 pdg=5212 slice=eta_ge_2 p=23 a=12 file=/data/alice/ipardoza/hadronization_production/HF_RUN3_V1/raw/MONASH/hf_MONASH_job245.root
SIGMAB_COUNTS tag=MONASH species=Sigma_b- pdg=5112 slice=all p=36 a=17 file=/data/alice/ipardoza/hadronization_production/HF_RUN3_V1/raw/MONASH/hf_MONASH_job245.root
SIGMAB_COUNTS tag=MONASH species=Sigma_b- pdg=5112 slice=eta_lt_1 p=1 a=2 file=/data/alice/ipardoza/hadronization_production/HF_RUN3_V1/raw/MONASH/hf_MONASH_job245.root
SIGMAB_COUNTS tag=MONASH species=Sigma_b- pdg=5112 slice=eta_1_2 p=12 a=3 file=/data/alice/ipardoza/hadronization_production/HF_RUN3_V1/raw/MONASH/hf_MONASH_job245.root
SIGMAB_COUNTS tag=MONASH species=Sigma_b- pdg=5112 slice=eta_ge_2 p=23 a=12 file=/data/alice/ipardoza/hadronization_production/HF_RUN3_V1/raw/MONASH/hf_MONASH_job245.root
SIGMAB_COUNTS tag=MONASH species=Sigma*_b+ pdg=5224 slice=all p=52 a=40 file=/data/alice/ipardoza/hadronization_production/HF_RUN3_V1/raw/MONASH/hf_MONASH_job245.root
SIGMAB_COUNTS tag=MONASH species=Sigma*_b+ pdg=5224 slice=eta_lt_1 p=6 a=7 file=/data/alice/ipardoza/hadronization_production/HF_RUN3_V1/raw/MONASH/hf_MONASH_job245.root
SIGMAB_COUNTS tag=MONASH species=Sigma*_b+ pdg=5224 slice=eta_1_2 p=13 a=11 file=/data/alice/ipardoza/hadronization_production/HF_RUN3_V1/raw/MONASH/hf_MONASH_job245.root
SIGMAB_COUNTS tag=MONASH species=Sigma*_b+ pdg=5224 slice=eta_ge_2 p=33 a=22 file=/data/alice/ipardoza/hadronization_production/HF_RUN3_V1/raw/MONASH/hf_MONASH_job245.root
SIGMAB_COUNTS tag=MONASH species=Sigma*_b0 pdg=5214 slice=all p=48 a=43 file=/data/alice/ipardoza/hadronization_production/HF_RUN3_V1/raw/MONASH/hf_MONASH_job245.root
SIGMAB_COUNTS tag=MONASH species=Sigma*_b0 pdg=5214 slice=eta_lt_1 p=9 a=11 file=/data/alice/ipardoza/hadronization_production/HF_RUN3_V1/raw/MONASH/hf_MONASH_job245.root
SIGMAB_COUNTS tag=MONASH species=Sigma*_b0 pdg=5214 slice=eta_1_2 p=10 a=6 file=/data/alice/ipardoza/hadronization_production/HF_RUN3_V1/raw/MONASH/hf_MONASH_job245.root
SIGMAB_COUNTS tag=MONASH species=Sigma*_b0 pdg=5214 slice=eta_ge_2 p=29 a=26 file=/data/alice/ipardoza/hadronization_production/HF_RUN3_V1/raw/MONASH/hf_MONASH_job245.root
SIGMAB_COUNTS tag=MONASH species=Sigma*_b- pdg=5114 slice=all p=50 a=40 file=/data/alice/ipardoza/hadronization_production/HF_RUN3_V1/raw/MONASH/hf_MONASH_job245.root
SIGMAB_COUNTS tag=MONASH species=Sigma*_b- pdg=5114 slice=eta_lt_1 p=7 a=5 file=/data/alice/ipardoza/hadronization_production/HF_RUN3_V1/raw/MONASH/hf_MONASH_job245.root
SIGMAB_COUNTS tag=MONASH species=Sigma*_b- pdg=5114 slice=eta_1_2 p=9 a=9 file=/data/alice/ipardoza/hadronization_production/HF_RUN3_V1/raw/MONASH/hf_MONASH_job245.root
SIGMAB_COUNTS tag=MONASH species=Sigma*_b- pdg=5114 slice=eta_ge_2 p=34 a=26 file=/data/alice/ipardoza/hadronization_production/HF_RUN3_V1/raw/MONASH/hf_MONASH_job245.root
SIGMAB_COUNTS tag=MONASH species=Lambda_b0 pdg=5122 slice=all p=318 a=299 file=/data/alice/ipardoza/hadronization_production/HF_RUN3_V1/raw/MONASH/hf_MONASH_job245.root
SIGMAB_COUNTS tag=MONASH species=Lambda_b0 pdg=5122 slice=eta_lt_1 p=55 a=59 file=/data/alice/ipardoza/hadronization_production/HF_RUN3_V1/raw/MONASH/hf_MONASH_job245.root
SIGMAB_COUNTS tag=MONASH species=Lambda_b0 pdg=5122 slice=eta_1_2 p=59 a=64 file=/data/alice/ipardoza/hadronization_production/HF_RUN3_V1/raw/MONASH/hf_MONASH_job245.root
SIGMAB_COUNTS tag=MONASH species=Lambda_b0 pdg=5122 slice=eta_ge_2 p=204 a=176 file=/data/alice/ipardoza/hadronization_production/HF_RUN3_V1/raw/MONASH/hf_MONASH_job245.root
SIGMAB_COUNTS tag=MONASH species=Xi_b0 pdg=5232 slice=all p=36 a=63 file=/data/alice/ipardoza/hadronization_production/HF_RUN3_V1/raw/MONASH/hf_MONASH_job245.root
SIGMAB_COUNTS tag=MONASH species=Xi_b0 pdg=5232 slice=eta_lt_1 p=10 a=15 file=/data/alice/ipardoza/hadronization_production/HF_RUN3_V1/raw/MONASH/hf_MONASH_job245.root
SIGMAB_COUNTS tag=MONASH species=Xi_b0 pdg=5232 slice=eta_1_2 p=7 a=18 file=/data/alice/ipardoza/hadronization_production/HF_RUN3_V1/raw/MONASH/hf_MONASH_job245.root
SIGMAB_COUNTS tag=MONASH species=Xi_b0 pdg=5232 slice=eta_ge_2 p=19 a=30 file=/data/alice/ipardoza/hadronization_production/HF_RUN3_V1/raw/MONASH/hf_MONASH_job245.root
SIGMAB_COUNTS tag=MONASH species=Xi_b- pdg=5132 slice=all p=57 a=53 file=/data/alice/ipardoza/hadronization_production/HF_RUN3_V1/raw/MONASH/hf_MONASH_job245.root
SIGMAB_COUNTS tag=MONASH species=Xi_b- pdg=5132 slice=eta_lt_1 p=13 a=6 file=/data/alice/ipardoza/hadronization_production/HF_RUN3_V1/raw/MONASH/hf_MONASH_job245.root
SIGMAB_COUNTS tag=MONASH species=Xi_b- pdg=5132 slice=eta_1_2 p=16 a=15 file=/data/alice/ipardoza/hadronization_production/HF_RUN3_V1/raw/MONASH/hf_MONASH_job245.root
SIGMAB_COUNTS tag=MONASH species=Xi_b- pdg=5132 slice=eta_ge_2 p=28 a=32 file=/data/alice/ipardoza/hadronization_production/HF_RUN3_V1/raw/MONASH/hf_MONASH_job245.root
SIGMAB_COUNTS tag=MONASH species=Sigma_b+ pdg=5222 slice=all p=28 a=18 file=/data/alice/ipardoza/hadronization_production/HF_RUN3_V1/raw/MONASH/hf_MONASH_job246.root
SIGMAB_COUNTS tag=MONASH species=Sigma_b+ pdg=5222 slice=eta_lt_1 p=5 a=3 file=/data/alice/ipardoza/hadronization_production/HF_RUN3_V1/raw/MONASH/hf_MONASH_job246.root
SIGMAB_COUNTS tag=MONASH species=Sigma_b+ pdg=5222 slice=eta_1_2 p=3 a=3 file=/data/alice/ipardoza/hadronization_production/HF_RUN3_V1/raw/MONASH/hf_MONASH_job246.root
SIGMAB_COUNTS tag=MONASH species=Sigma_b+ pdg=5222 slice=eta_ge_2 p=20 a=12 file=/data/alice/ipardoza/hadronization_production/HF_RUN3_V1/raw/MONASH/hf_MONASH_job246.root
SIGMAB_COUNTS tag=MONASH species=Sigma_b0 pdg=5212 slice=all p=33 a=21 file=/data/alice/ipardoza/hadronization_production/HF_RUN3_V1/raw/MONASH/hf_MONASH_job246.root
SIGMAB_COUNTS tag=MONASH species=Sigma_b0 pdg=5212 slice=eta_lt_1 p=5 a=2 file=/data/alice/ipardoza/hadronization_production/HF_RUN3_V1/raw/MONASH/hf_MONASH_job246.root
SIGMAB_COUNTS tag=MONASH species=Sigma_b0 pdg=5212 slice=eta_1_2 p=6 a=4 file=/data/alice/ipardoza/hadronization_production/HF_RUN3_V1/raw/MONASH/hf_MONASH_job246.root
SIGMAB_COUNTS tag=MONASH species=Sigma_b0 pdg=5212 slice=eta_ge_2 p=22 a=15 file=/data/alice/ipardoza/hadronization_production/HF_RUN3_V1/raw/MONASH/hf_MONASH_job246.root
SIGMAB_COUNTS tag=MONASH species=Sigma_b- pdg=5112 slice=all p=35 a=30 file=/data/alice/ipardoza/hadronization_production/HF_RUN3_V1/raw/MONASH/hf_MONASH_job246.root
SIGMAB_COUNTS tag=MONASH species=Sigma_b- pdg=5112 slice=eta_lt_1 p=1 a=3 file=/data/alice/ipardoza/hadronization_production/HF_RUN3_V1/raw/MONASH/hf_MONASH_job246.root
SIGMAB_COUNTS tag=MONASH species=Sigma_b- pdg=5112 slice=eta_1_2 p=8 a=4 file=/data/alice/ipardoza/hadronization_production/HF_RUN3_V1/raw/MONASH/hf_MONASH_job246.root
SIGMAB_COUNTS tag=MONASH species=Sigma_b- pdg=5112 slice=eta_ge_2 p=26 a=23 file=/data/alice/ipardoza/hadronization_production/HF_RUN3_V1/raw/MONASH/hf_MONASH_job246.root
SIGMAB_COUNTS tag=MONASH species=Sigma*_b+ pdg=5224 slice=all p=71 a=47 file=/data/alice/ipardoza/hadronization_production/HF_RUN3_V1/raw/MONASH/hf_MONASH_job246.root
SIGMAB_COUNTS tag=MONASH species=Sigma*_b+ pdg=5224 slice=eta_lt_1 p=14 a=9 file=/data/alice/ipardoza/hadronization_production/HF_RUN3_V1/raw/MONASH/hf_MONASH_job246.root
SIGMAB_COUNTS tag=MONASH species=Sigma*_b+ pdg=5224 slice=eta_1_2 p=9 a=17 file=/data/alice/ipardoza/hadronization_production/HF_RUN3_V1/raw/MONASH/hf_MONASH_job246.root
SIGMAB_COUNTS tag=MONASH species=Sigma*_b+ pdg=5224 slice=eta_ge_2 p=48 a=21 file=/data/alice/ipardoza/hadronization_production/HF_RUN3_V1/raw/MONASH/hf_MONASH_job246.root
SIGMAB_COUNTS tag=MONASH species=Sigma*_b0 pdg=5214 slice=all p=42 a=43 file=/data/alice/ipardoza/hadronization_production/HF_RUN3_V1/raw/MONASH/hf_MONASH_job246.root
SIGMAB_COUNTS tag=MONASH species=Sigma*_b0 pdg=5214 slice=eta_lt_1 p=8 a=15 file=/data/alice/ipardoza/hadronization_production/HF_RUN3_V1/raw/MONASH/hf_MONASH_job246.root
SIGMAB_COUNTS tag=MONASH species=Sigma*_b0 pdg=5214 slice=eta_1_2 p=8 a=6 file=/data/alice/ipardoza/hadronization_production/HF_RUN3_V1/raw/MONASH/hf_MONASH_job246.root
SIGMAB_COUNTS tag=MONASH species=Sigma*_b0 pdg=5214 slice=eta_ge_2 p=26 a=22 file=/data/alice/ipardoza/hadronization_production/HF_RUN3_V1/raw/MONASH/hf_MONASH_job246.root
SIGMAB_COUNTS tag=MONASH species=Sigma*_b- pdg=5114 slice=all p=51 a=50 file=/data/alice/ipardoza/hadronization_production/HF_RUN3_V1/raw/MONASH/hf_MONASH_job246.root
SIGMAB_COUNTS tag=MONASH species=Sigma*_b- pdg=5114 slice=eta_lt_1 p=8 a=12 file=/data/alice/ipardoza/hadronization_production/HF_RUN3_V1/raw/MONASH/hf_MONASH_job246.root
SIGMAB_COUNTS tag=MONASH species=Sigma*_b- pdg=5114 slice=eta_1_2 p=14 a=13 file=/data/alice/ipardoza/hadronization_production/HF_RUN3_V1/raw/MONASH/hf_MONASH_job246.root
SIGMAB_COUNTS tag=MONASH species=Sigma*_b- pdg=5114 slice=eta_ge_2 p=29 a=25 file=/data/alice/ipardoza/hadronization_production/HF_RUN3_V1/raw/MONASH/hf_MONASH_job246.root
SIGMAB_COUNTS tag=MONASH species=Lambda_b0 pdg=5122 slice=all p=325 a=284 file=/data/alice/ipardoza/hadronization_production/HF_RUN3_V1/raw/MONASH/hf_MONASH_job246.root
SIGMAB_COUNTS tag=MONASH species=Lambda_b0 pdg=5122 slice=eta_lt_1 p=51 a=48 file=/data/alice/ipardoza/hadronization_production/HF_RUN3_V1/raw/MONASH/hf_MONASH_job246.root
SIGMAB_COUNTS tag=MONASH species=Lambda_b0 pdg=5122 slice=eta_1_2 p=73 a=73 file=/data/alice/ipardoza/hadronization_production/HF_RUN3_V1/raw/MONASH/hf_MONASH_job246.root
SIGMAB_COUNTS tag=MONASH species=Lambda_b0 pdg=5122 slice=eta_ge_2 p=201 a=163 file=/data/alice/ipardoza/hadronization_production/HF_RUN3_V1/raw/MONASH/hf_MONASH_job246.root
SIGMAB_COUNTS tag=MONASH species=Xi_b0 pdg=5232 slice=all p=50 a=49 file=/data/alice/ipardoza/hadronization_production/HF_RUN3_V1/raw/MONASH/hf_MONASH_job246.root
SIGMAB_COUNTS tag=MONASH species=Xi_b0 pdg=5232 slice=eta_lt_1 p=9 a=5 file=/data/alice/ipardoza/hadronization_production/HF_RUN3_V1/raw/MONASH/hf_MONASH_job246.root
SIGMAB_COUNTS tag=MONASH species=Xi_b0 pdg=5232 slice=eta_1_2 p=12 a=7 file=/data/alice/ipardoza/hadronization_production/HF_RUN3_V1/raw/MONASH/hf_MONASH_job246.root
SIGMAB_COUNTS tag=MONASH species=Xi_b0 pdg=5232 slice=eta_ge_2 p=29 a=37 file=/data/alice/ipardoza/hadronization_production/HF_RUN3_V1/raw/MONASH/hf_MONASH_job246.root
SIGMAB_COUNTS tag=MONASH species=Xi_b- pdg=5132 slice=all p=56 a=61 file=/data/alice/ipardoza/hadronization_production/HF_RUN3_V1/raw/MONASH/hf_MONASH_job246.root
SIGMAB_COUNTS tag=MONASH species=Xi_b- pdg=5132 slice=eta_lt_1 p=14 a=11 file=/data/alice/ipardoza/hadronization_production/HF_RUN3_V1/raw/MONASH/hf_MONASH_job246.root
SIGMAB_COUNTS tag=MONASH species=Xi_b- pdg=5132 slice=eta_1_2 p=8 a=10 file=/data/alice/ipardoza/hadronization_production/HF_RUN3_V1/raw/MONASH/hf_MONASH_job246.root
SIGMAB_COUNTS tag=MONASH species=Xi_b- pdg=5132 slice=eta_ge_2 p=34 a=40 file=/data/alice/ipardoza/hadronization_production/HF_RUN3_V1/raw/MONASH/hf_MONASH_job246.root
SIGMAB_COUNTS tag=MONASH species=Sigma_b+ pdg=5222 slice=all p=38 a=17 file=/data/alice/ipardoza/hadronization_production/HF_RUN3_V1/raw/MONASH/hf_MONASH_job247.root
SIGMAB_COUNTS tag=MONASH species=Sigma_b+ pdg=5222 slice=eta_lt_1 p=8 a=3 file=/data/alice/ipardoza/hadronization_production/HF_RUN3_V1/raw/MONASH/hf_MONASH_job247.root
SIGMAB_COUNTS tag=MONASH species=Sigma_b+ pdg=5222 slice=eta_1_2 p=8 a=2 file=/data/alice/ipardoza/hadronization_production/HF_RUN3_V1/raw/MONASH/hf_MONASH_job247.root
SIGMAB_COUNTS tag=MONASH species=Sigma_b+ pdg=5222 slice=eta_ge_2 p=22 a=12 file=/data/alice/ipardoza/hadronization_production/HF_RUN3_V1/raw/MONASH/hf_MONASH_job247.root
SIGMAB_COUNTS tag=MONASH species=Sigma_b0 pdg=5212 slice=all p=31 a=14 file=/data/alice/ipardoza/hadronization_production/HF_RUN3_V1/raw/MONASH/hf_MONASH_job247.root
SIGMAB_COUNTS tag=MONASH species=Sigma_b0 pdg=5212 slice=eta_lt_1 p=6 a=0 file=/data/alice/ipardoza/hadronization_production/HF_RUN3_V1/raw/MONASH/hf_MONASH_job247.root
SIGMAB_COUNTS tag=MONASH species=Sigma_b0 pdg=5212 slice=eta_1_2 p=10 a=4 file=/data/alice/ipardoza/hadronization_production/HF_RUN3_V1/raw/MONASH/hf_MONASH_job247.root
SIGMAB_COUNTS tag=MONASH species=Sigma_b0 pdg=5212 slice=eta_ge_2 p=15 a=10 file=/data/alice/ipardoza/hadronization_production/HF_RUN3_V1/raw/MONASH/hf_MONASH_job247.root
SIGMAB_COUNTS tag=MONASH species=Sigma_b- pdg=5112 slice=all p=33 a=31 file=/data/alice/ipardoza/hadronization_production/HF_RUN3_V1/raw/MONASH/hf_MONASH_job247.root
SIGMAB_COUNTS tag=MONASH species=Sigma_b- pdg=5112 slice=eta_lt_1 p=6 a=4 file=/data/alice/ipardoza/hadronization_production/HF_RUN3_V1/raw/MONASH/hf_MONASH_job247.root
SIGMAB_COUNTS tag=MONASH species=Sigma_b- pdg=5112 slice=eta_1_2 p=6 a=8 file=/data/alice/ipardoza/hadronization_production/HF_RUN3_V1/raw/MONASH/hf_MONASH_job247.root
SIGMAB_COUNTS tag=MONASH species=Sigma_b- pdg=5112 slice=eta_ge_2 p=21 a=19 file=/data/alice/ipardoza/hadronization_production/HF_RUN3_V1/raw/MONASH/hf_MONASH_job247.root
SIGMAB_COUNTS tag=MONASH species=Sigma*_b+ pdg=5224 slice=all p=60 a=31 file=/data/alice/ipardoza/hadronization_production/HF_RUN3_V1/raw/MONASH/hf_MONASH_job247.root
SIGMAB_COUNTS tag=MONASH species=Sigma*_b+ pdg=5224 slice=eta_lt_1 p=9 a=4 file=/data/alice/ipardoza/hadronization_production/HF_RUN3_V1/raw/MONASH/hf_MONASH_job247.root
SIGMAB_COUNTS tag=MONASH species=Sigma*_b+ pdg=5224 slice=eta_1_2 p=17 a=7 file=/data/alice/ipardoza/hadronization_production/HF_RUN3_V1/raw/MONASH/hf_MONASH_job247.root
SIGMAB_COUNTS tag=MONASH species=Sigma*_b+ pdg=5224 slice=eta_ge_2 p=34 a=20 file=/data/alice/ipardoza/hadronization_production/HF_RUN3_V1/raw/MONASH/hf_MONASH_job247.root
SIGMAB_COUNTS tag=MONASH species=Sigma*_b0 pdg=5214 slice=all p=49 a=36 file=/data/alice/ipardoza/hadronization_production/HF_RUN3_V1/raw/MONASH/hf_MONASH_job247.root
SIGMAB_COUNTS tag=MONASH species=Sigma*_b0 pdg=5214 slice=eta_lt_1 p=9 a=6 file=/data/alice/ipardoza/hadronization_production/HF_RUN3_V1/raw/MONASH/hf_MONASH_job247.root
SIGMAB_COUNTS tag=MONASH species=Sigma*_b0 pdg=5214 slice=eta_1_2 p=9 a=12 file=/data/alice/ipardoza/hadronization_production/HF_RUN3_V1/raw/MONASH/hf_MONASH_job247.root
SIGMAB_COUNTS tag=MONASH species=Sigma*_b0 pdg=5214 slice=eta_ge_2 p=31 a=18 file=/data/alice/ipardoza/hadronization_production/HF_RUN3_V1/raw/MONASH/hf_MONASH_job247.root
SIGMAB_COUNTS tag=MONASH species=Sigma*_b- pdg=5114 slice=all p=43 a=33 file=/data/alice/ipardoza/hadronization_production/HF_RUN3_V1/raw/MONASH/hf_MONASH_job247.root
SIGMAB_COUNTS tag=MONASH species=Sigma*_b- pdg=5114 slice=eta_lt_1 p=7 a=10 file=/data/alice/ipardoza/hadronization_production/HF_RUN3_V1/raw/MONASH/hf_MONASH_job247.root
SIGMAB_COUNTS tag=MONASH species=Sigma*_b- pdg=5114 slice=eta_1_2 p=7 a=4 file=/data/alice/ipardoza/hadronization_production/HF_RUN3_V1/raw/MONASH/hf_MONASH_job247.root
SIGMAB_COUNTS tag=MONASH species=Sigma*_b- pdg=5114 slice=eta_ge_2 p=29 a=19 file=/data/alice/ipardoza/hadronization_production/HF_RUN3_V1/raw/MONASH/hf_MONASH_job247.root
SIGMAB_COUNTS tag=MONASH species=Lambda_b0 pdg=5122 slice=all p=319 a=316 file=/data/alice/ipardoza/hadronization_production/HF_RUN3_V1/raw/MONASH/hf_MONASH_job247.root
SIGMAB_COUNTS tag=MONASH species=Lambda_b0 pdg=5122 slice=eta_lt_1 p=59 a=52 file=/data/alice/ipardoza/hadronization_production/HF_RUN3_V1/raw/MONASH/hf_MONASH_job247.root
SIGMAB_COUNTS tag=MONASH species=Lambda_b0 pdg=5122 slice=eta_1_2 p=61 a=60 file=/data/alice/ipardoza/hadronization_production/HF_RUN3_V1/raw/MONASH/hf_MONASH_job247.root
SIGMAB_COUNTS tag=MONASH species=Lambda_b0 pdg=5122 slice=eta_ge_2 p=199 a=204 file=/data/alice/ipardoza/hadronization_production/HF_RUN3_V1/raw/MONASH/hf_MONASH_job247.root
SIGMAB_COUNTS tag=MONASH species=Xi_b0 pdg=5232 slice=all p=67 a=63 file=/data/alice/ipardoza/hadronization_production/HF_RUN3_V1/raw/MONASH/hf_MONASH_job247.root
SIGMAB_COUNTS tag=MONASH species=Xi_b0 pdg=5232 slice=eta_lt_1 p=11 a=14 file=/data/alice/ipardoza/hadronization_production/HF_RUN3_V1/raw/MONASH/hf_MONASH_job247.root
SIGMAB_COUNTS tag=MONASH species=Xi_b0 pdg=5232 slice=eta_1_2 p=18 a=9 file=/data/alice/ipardoza/hadronization_production/HF_RUN3_V1/raw/MONASH/hf_MONASH_job247.root
SIGMAB_COUNTS tag=MONASH species=Xi_b0 pdg=5232 slice=eta_ge_2 p=38 a=40 file=/data/alice/ipardoza/hadronization_production/HF_RUN3_V1/raw/MONASH/hf_MONASH_job247.root
SIGMAB_COUNTS tag=MONASH species=Xi_b- pdg=5132 slice=all p=55 a=63 file=/data/alice/ipardoza/hadronization_production/HF_RUN3_V1/raw/MONASH/hf_MONASH_job247.root
SIGMAB_COUNTS tag=MONASH species=Xi_b- pdg=5132 slice=eta_lt_1 p=10 a=11 file=/data/alice/ipardoza/hadronization_production/HF_RUN3_V1/raw/MONASH/hf_MONASH_job247.root
SIGMAB_COUNTS tag=MONASH species=Xi_b- pdg=5132 slice=eta_1_2 p=10 a=13 file=/data/alice/ipardoza/hadronization_production/HF_RUN3_V1/raw/MONASH/hf_MONASH_job247.root
SIGMAB_COUNTS tag=MONASH species=Xi_b- pdg=5132 slice=eta_ge_2 p=35 a=39 file=/data/alice/ipardoza/hadronization_production/HF_RUN3_V1/raw/MONASH/hf_MONASH_job247.root
SIGMAB_COUNTS tag=MONASH species=Sigma_b+ pdg=5222 slice=all p=46 a=21 file=/data/alice/ipardoza/hadronization_production/HF_RUN3_V1/raw/MONASH/hf_MONASH_job248.root
SIGMAB_COUNTS tag=MONASH species=Sigma_b+ pdg=5222 slice=eta_lt_1 p=3 a=4 file=/data/alice/ipardoza/hadronization_production/HF_RUN3_V1/raw/MONASH/hf_MONASH_job248.root
SIGMAB_COUNTS tag=MONASH species=Sigma_b+ pdg=5222 slice=eta_1_2 p=15 a=6 file=/data/alice/ipardoza/hadronization_production/HF_RUN3_V1/raw/MONASH/hf_MONASH_job248.root
SIGMAB_COUNTS tag=MONASH species=Sigma_b+ pdg=5222 slice=eta_ge_2 p=28 a=11 file=/data/alice/ipardoza/hadronization_production/HF_RUN3_V1/raw/MONASH/hf_MONASH_job248.root
SIGMAB_COUNTS tag=MONASH species=Sigma_b0 pdg=5212 slice=all p=30 a=15 file=/data/alice/ipardoza/hadronization_production/HF_RUN3_V1/raw/MONASH/hf_MONASH_job248.root
SIGMAB_COUNTS tag=MONASH species=Sigma_b0 pdg=5212 slice=eta_lt_1 p=3 a=0 file=/data/alice/ipardoza/hadronization_production/HF_RUN3_V1/raw/MONASH/hf_MONASH_job248.root
SIGMAB_COUNTS tag=MONASH species=Sigma_b0 pdg=5212 slice=eta_1_2 p=4 a=3 file=/data/alice/ipardoza/hadronization_production/HF_RUN3_V1/raw/MONASH/hf_MONASH_job248.root
SIGMAB_COUNTS tag=MONASH species=Sigma_b0 pdg=5212 slice=eta_ge_2 p=23 a=12 file=/data/alice/ipardoza/hadronization_production/HF_RUN3_V1/raw/MONASH/hf_MONASH_job248.root
SIGMAB_COUNTS tag=MONASH species=Sigma_b- pdg=5112 slice=all p=37 a=27 file=/data/alice/ipardoza/hadronization_production/HF_RUN3_V1/raw/MONASH/hf_MONASH_job248.root
SIGMAB_COUNTS tag=MONASH species=Sigma_b- pdg=5112 slice=eta_lt_1 p=6 a=7 file=/data/alice/ipardoza/hadronization_production/HF_RUN3_V1/raw/MONASH/hf_MONASH_job248.root
SIGMAB_COUNTS tag=MONASH species=Sigma_b- pdg=5112 slice=eta_1_2 p=4 a=5 file=/data/alice/ipardoza/hadronization_production/HF_RUN3_V1/raw/MONASH/hf_MONASH_job248.root
SIGMAB_COUNTS tag=MONASH species=Sigma_b- pdg=5112 slice=eta_ge_2 p=27 a=15 file=/data/alice/ipardoza/hadronization_production/HF_RUN3_V1/raw/MONASH/hf_MONASH_job248.root
SIGMAB_COUNTS tag=MONASH species=Sigma*_b+ pdg=5224 slice=all p=64 a=38 file=/data/alice/ipardoza/hadronization_production/HF_RUN3_V1/raw/MONASH/hf_MONASH_job248.root
SIGMAB_COUNTS tag=MONASH species=Sigma*_b+ pdg=5224 slice=eta_lt_1 p=11 a=8 file=/data/alice/ipardoza/hadronization_production/HF_RUN3_V1/raw/MONASH/hf_MONASH_job248.root
SIGMAB_COUNTS tag=MONASH species=Sigma*_b+ pdg=5224 slice=eta_1_2 p=11 a=11 file=/data/alice/ipardoza/hadronization_production/HF_RUN3_V1/raw/MONASH/hf_MONASH_job248.root
SIGMAB_COUNTS tag=MONASH species=Sigma*_b+ pdg=5224 slice=eta_ge_2 p=42 a=19 file=/data/alice/ipardoza/hadronization_production/HF_RUN3_V1/raw/MONASH/hf_MONASH_job248.root
SIGMAB_COUNTS tag=MONASH species=Sigma*_b0 pdg=5214 slice=all p=57 a=43 file=/data/alice/ipardoza/hadronization_production/HF_RUN3_V1/raw/MONASH/hf_MONASH_job248.root
SIGMAB_COUNTS tag=MONASH species=Sigma*_b0 pdg=5214 slice=eta_lt_1 p=9 a=11 file=/data/alice/ipardoza/hadronization_production/HF_RUN3_V1/raw/MONASH/hf_MONASH_job248.root
SIGMAB_COUNTS tag=MONASH species=Sigma*_b0 pdg=5214 slice=eta_1_2 p=13 a=7 file=/data/alice/ipardoza/hadronization_production/HF_RUN3_V1/raw/MONASH/hf_MONASH_job248.root
SIGMAB_COUNTS tag=MONASH species=Sigma*_b0 pdg=5214 slice=eta_ge_2 p=35 a=25 file=/data/alice/ipardoza/hadronization_production/HF_RUN3_V1/raw/MONASH/hf_MONASH_job248.root
SIGMAB_COUNTS tag=MONASH species=Sigma*_b- pdg=5114 slice=all p=41 a=28 file=/data/alice/ipardoza/hadronization_production/HF_RUN3_V1/raw/MONASH/hf_MONASH_job248.root
SIGMAB_COUNTS tag=MONASH species=Sigma*_b- pdg=5114 slice=eta_lt_1 p=8 a=7 file=/data/alice/ipardoza/hadronization_production/HF_RUN3_V1/raw/MONASH/hf_MONASH_job248.root
SIGMAB_COUNTS tag=MONASH species=Sigma*_b- pdg=5114 slice=eta_1_2 p=7 a=11 file=/data/alice/ipardoza/hadronization_production/HF_RUN3_V1/raw/MONASH/hf_MONASH_job248.root
SIGMAB_COUNTS tag=MONASH species=Sigma*_b- pdg=5114 slice=eta_ge_2 p=26 a=10 file=/data/alice/ipardoza/hadronization_production/HF_RUN3_V1/raw/MONASH/hf_MONASH_job248.root
SIGMAB_COUNTS tag=MONASH species=Lambda_b0 pdg=5122 slice=all p=286 a=293 file=/data/alice/ipardoza/hadronization_production/HF_RUN3_V1/raw/MONASH/hf_MONASH_job248.root
SIGMAB_COUNTS tag=MONASH species=Lambda_b0 pdg=5122 slice=eta_lt_1 p=59 a=56 file=/data/alice/ipardoza/hadronization_production/HF_RUN3_V1/raw/MONASH/hf_MONASH_job248.root
SIGMAB_COUNTS tag=MONASH species=Lambda_b0 pdg=5122 slice=eta_1_2 p=54 a=62 file=/data/alice/ipardoza/hadronization_production/HF_RUN3_V1/raw/MONASH/hf_MONASH_job248.root
SIGMAB_COUNTS tag=MONASH species=Lambda_b0 pdg=5122 slice=eta_ge_2 p=173 a=175 file=/data/alice/ipardoza/hadronization_production/HF_RUN3_V1/raw/MONASH/hf_MONASH_job248.root
SIGMAB_COUNTS tag=MONASH species=Xi_b0 pdg=5232 slice=all p=65 a=70 file=/data/alice/ipardoza/hadronization_production/HF_RUN3_V1/raw/MONASH/hf_MONASH_job248.root
SIGMAB_COUNTS tag=MONASH species=Xi_b0 pdg=5232 slice=eta_lt_1 p=12 a=8 file=/data/alice/ipardoza/hadronization_production/HF_RUN3_V1/raw/MONASH/hf_MONASH_job248.root
SIGMAB_COUNTS tag=MONASH species=Xi_b0 pdg=5232 slice=eta_1_2 p=17 a=23 file=/data/alice/ipardoza/hadronization_production/HF_RUN3_V1/raw/MONASH/hf_MONASH_job248.root
SIGMAB_COUNTS tag=MONASH species=Xi_b0 pdg=5232 slice=eta_ge_2 p=36 a=39 file=/data/alice/ipardoza/hadronization_production/HF_RUN3_V1/raw/MONASH/hf_MONASH_job248.root
SIGMAB_COUNTS tag=MONASH species=Xi_b- pdg=5132 slice=all p=54 a=57 file=/data/alice/ipardoza/hadronization_production/HF_RUN3_V1/raw/MONASH/hf_MONASH_job248.root
SIGMAB_COUNTS tag=MONASH species=Xi_b- pdg=5132 slice=eta_lt_1 p=9 a=11 file=/data/alice/ipardoza/hadronization_production/HF_RUN3_V1/raw/MONASH/hf_MONASH_job248.root
SIGMAB_COUNTS tag=MONASH species=Xi_b- pdg=5132 slice=eta_1_2 p=16 a=16 file=/data/alice/ipardoza/hadronization_production/HF_RUN3_V1/raw/MONASH/hf_MONASH_job248.root
SIGMAB_COUNTS tag=MONASH species=Xi_b- pdg=5132 slice=eta_ge_2 p=29 a=30 file=/data/alice/ipardoza/hadronization_production/HF_RUN3_V1/raw/MONASH/hf_MONASH_job248.root
SIGMAB_COUNTS tag=MONASH species=Sigma_b+ pdg=5222 slice=all p=32 a=23 file=/data/alice/ipardoza/hadronization_production/HF_RUN3_V1/raw/MONASH/hf_MONASH_job249.root
SIGMAB_COUNTS tag=MONASH species=Sigma_b+ pdg=5222 slice=eta_lt_1 p=2 a=4 file=/data/alice/ipardoza/hadronization_production/HF_RUN3_V1/raw/MONASH/hf_MONASH_job249.root
SIGMAB_COUNTS tag=MONASH species=Sigma_b+ pdg=5222 slice=eta_1_2 p=11 a=8 file=/data/alice/ipardoza/hadronization_production/HF_RUN3_V1/raw/MONASH/hf_MONASH_job249.root
SIGMAB_COUNTS tag=MONASH species=Sigma_b+ pdg=5222 slice=eta_ge_2 p=19 a=11 file=/data/alice/ipardoza/hadronization_production/HF_RUN3_V1/raw/MONASH/hf_MONASH_job249.root
SIGMAB_COUNTS tag=MONASH species=Sigma_b0 pdg=5212 slice=all p=30 a=24 file=/data/alice/ipardoza/hadronization_production/HF_RUN3_V1/raw/MONASH/hf_MONASH_job249.root
SIGMAB_COUNTS tag=MONASH species=Sigma_b0 pdg=5212 slice=eta_lt_1 p=4 a=3 file=/data/alice/ipardoza/hadronization_production/HF_RUN3_V1/raw/MONASH/hf_MONASH_job249.root
SIGMAB_COUNTS tag=MONASH species=Sigma_b0 pdg=5212 slice=eta_1_2 p=10 a=3 file=/data/alice/ipardoza/hadronization_production/HF_RUN3_V1/raw/MONASH/hf_MONASH_job249.root
SIGMAB_COUNTS tag=MONASH species=Sigma_b0 pdg=5212 slice=eta_ge_2 p=16 a=18 file=/data/alice/ipardoza/hadronization_production/HF_RUN3_V1/raw/MONASH/hf_MONASH_job249.root
SIGMAB_COUNTS tag=MONASH species=Sigma_b- pdg=5112 slice=all p=30 a=26 file=/data/alice/ipardoza/hadronization_production/HF_RUN3_V1/raw/MONASH/hf_MONASH_job249.root
SIGMAB_COUNTS tag=MONASH species=Sigma_b- pdg=5112 slice=eta_lt_1 p=5 a=4 file=/data/alice/ipardoza/hadronization_production/HF_RUN3_V1/raw/MONASH/hf_MONASH_job249.root
SIGMAB_COUNTS tag=MONASH species=Sigma_b- pdg=5112 slice=eta_1_2 p=4 a=3 file=/data/alice/ipardoza/hadronization_production/HF_RUN3_V1/raw/MONASH/hf_MONASH_job249.root
SIGMAB_COUNTS tag=MONASH species=Sigma_b- pdg=5112 slice=eta_ge_2 p=21 a=19 file=/data/alice/ipardoza/hadronization_production/HF_RUN3_V1/raw/MONASH/hf_MONASH_job249.root
SIGMAB_COUNTS tag=MONASH species=Sigma*_b+ pdg=5224 slice=all p=47 a=39 file=/data/alice/ipardoza/hadronization_production/HF_RUN3_V1/raw/MONASH/hf_MONASH_job249.root
SIGMAB_COUNTS tag=MONASH species=Sigma*_b+ pdg=5224 slice=eta_lt_1 p=9 a=4 file=/data/alice/ipardoza/hadronization_production/HF_RUN3_V1/raw/MONASH/hf_MONASH_job249.root
SIGMAB_COUNTS tag=MONASH species=Sigma*_b+ pdg=5224 slice=eta_1_2 p=10 a=9 file=/data/alice/ipardoza/hadronization_production/HF_RUN3_V1/raw/MONASH/hf_MONASH_job249.root
SIGMAB_COUNTS tag=MONASH species=Sigma*_b+ pdg=5224 slice=eta_ge_2 p=28 a=26 file=/data/alice/ipardoza/hadronization_production/HF_RUN3_V1/raw/MONASH/hf_MONASH_job249.root
SIGMAB_COUNTS tag=MONASH species=Sigma*_b0 pdg=5214 slice=all p=53 a=46 file=/data/alice/ipardoza/hadronization_production/HF_RUN3_V1/raw/MONASH/hf_MONASH_job249.root
SIGMAB_COUNTS tag=MONASH species=Sigma*_b0 pdg=5214 slice=eta_lt_1 p=10 a=10 file=/data/alice/ipardoza/hadronization_production/HF_RUN3_V1/raw/MONASH/hf_MONASH_job249.root
SIGMAB_COUNTS tag=MONASH species=Sigma*_b0 pdg=5214 slice=eta_1_2 p=7 a=5 file=/data/alice/ipardoza/hadronization_production/HF_RUN3_V1/raw/MONASH/hf_MONASH_job249.root
SIGMAB_COUNTS tag=MONASH species=Sigma*_b0 pdg=5214 slice=eta_ge_2 p=36 a=31 file=/data/alice/ipardoza/hadronization_production/HF_RUN3_V1/raw/MONASH/hf_MONASH_job249.root
SIGMAB_COUNTS tag=MONASH species=Sigma*_b- pdg=5114 slice=all p=42 a=38 file=/data/alice/ipardoza/hadronization_production/HF_RUN3_V1/raw/MONASH/hf_MONASH_job249.root
SIGMAB_COUNTS tag=MONASH species=Sigma*_b- pdg=5114 slice=eta_lt_1 p=4 a=8 file=/data/alice/ipardoza/hadronization_production/HF_RUN3_V1/raw/MONASH/hf_MONASH_job249.root
SIGMAB_COUNTS tag=MONASH species=Sigma*_b- pdg=5114 slice=eta_1_2 p=13 a=13 file=/data/alice/ipardoza/hadronization_production/HF_RUN3_V1/raw/MONASH/hf_MONASH_job249.root
SIGMAB_COUNTS tag=MONASH species=Sigma*_b- pdg=5114 slice=eta_ge_2 p=25 a=17 file=/data/alice/ipardoza/hadronization_production/HF_RUN3_V1/raw/MONASH/hf_MONASH_job249.root
SIGMAB_COUNTS tag=MONASH species=Lambda_b0 pdg=5122 slice=all p=279 a=290 file=/data/alice/ipardoza/hadronization_production/HF_RUN3_V1/raw/MONASH/hf_MONASH_job249.root
SIGMAB_COUNTS tag=MONASH species=Lambda_b0 pdg=5122 slice=eta_lt_1 p=39 a=49 file=/data/alice/ipardoza/hadronization_production/HF_RUN3_V1/raw/MONASH/hf_MONASH_job249.root
SIGMAB_COUNTS tag=MONASH species=Lambda_b0 pdg=5122 slice=eta_1_2 p=62 a=63 file=/data/alice/ipardoza/hadronization_production/HF_RUN3_V1/raw/MONASH/hf_MONASH_job249.root
SIGMAB_COUNTS tag=MONASH species=Lambda_b0 pdg=5122 slice=eta_ge_2 p=178 a=178 file=/data/alice/ipardoza/hadronization_production/HF_RUN3_V1/raw/MONASH/hf_MONASH_job249.root
SIGMAB_COUNTS tag=MONASH species=Xi_b0 pdg=5232 slice=all p=59 a=57 file=/data/alice/ipardoza/hadronization_production/HF_RUN3_V1/raw/MONASH/hf_MONASH_job249.root
SIGMAB_COUNTS tag=MONASH species=Xi_b0 pdg=5232 slice=eta_lt_1 p=7 a=13 file=/data/alice/ipardoza/hadronization_production/HF_RUN3_V1/raw/MONASH/hf_MONASH_job249.root
SIGMAB_COUNTS tag=MONASH species=Xi_b0 pdg=5232 slice=eta_1_2 p=12 a=8 file=/data/alice/ipardoza/hadronization_production/HF_RUN3_V1/raw/MONASH/hf_MONASH_job249.root
SIGMAB_COUNTS tag=MONASH species=Xi_b0 pdg=5232 slice=eta_ge_2 p=40 a=36 file=/data/alice/ipardoza/hadronization_production/HF_RUN3_V1/raw/MONASH/hf_MONASH_job249.root
SIGMAB_COUNTS tag=MONASH species=Xi_b- pdg=5132 slice=all p=61 a=61 file=/data/alice/ipardoza/hadronization_production/HF_RUN3_V1/raw/MONASH/hf_MONASH_job249.root
SIGMAB_COUNTS tag=MONASH species=Xi_b- pdg=5132 slice=eta_lt_1 p=13 a=12 file=/data/alice/ipardoza/hadronization_production/HF_RUN3_V1/raw/MONASH/hf_MONASH_job249.root
SIGMAB_COUNTS tag=MONASH species=Xi_b- pdg=5132 slice=eta_1_2 p=10 a=10 file=/data/alice/ipardoza/hadronization_production/HF_RUN3_V1/raw/MONASH/hf_MONASH_job249.root
SIGMAB_COUNTS tag=MONASH species=Xi_b- pdg=5132 slice=eta_ge_2 p=38 a=39 file=/data/alice/ipardoza/hadronization_production/HF_RUN3_V1/raw/MONASH/hf_MONASH_job249.root
SIGMAB_COUNTS tag=MONASH species=Sigma_b+ pdg=5222 slice=all p=39 a=25 file=/data/alice/ipardoza/hadronization_production/HF_RUN3_V1/raw/MONASH/hf_MONASH_job250.root
SIGMAB_COUNTS tag=MONASH species=Sigma_b+ pdg=5222 slice=eta_lt_1 p=8 a=5 file=/data/alice/ipardoza/hadronization_production/HF_RUN3_V1/raw/MONASH/hf_MONASH_job250.root
SIGMAB_COUNTS tag=MONASH species=Sigma_b+ pdg=5222 slice=eta_1_2 p=8 a=5 file=/data/alice/ipardoza/hadronization_production/HF_RUN3_V1/raw/MONASH/hf_MONASH_job250.root
SIGMAB_COUNTS tag=MONASH species=Sigma_b+ pdg=5222 slice=eta_ge_2 p=23 a=15 file=/data/alice/ipardoza/hadronization_production/HF_RUN3_V1/raw/MONASH/hf_MONASH_job250.root
SIGMAB_COUNTS tag=MONASH species=Sigma_b0 pdg=5212 slice=all p=42 a=18 file=/data/alice/ipardoza/hadronization_production/HF_RUN3_V1/raw/MONASH/hf_MONASH_job250.root
SIGMAB_COUNTS tag=MONASH species=Sigma_b0 pdg=5212 slice=eta_lt_1 p=12 a=2 file=/data/alice/ipardoza/hadronization_production/HF_RUN3_V1/raw/MONASH/hf_MONASH_job250.root
SIGMAB_COUNTS tag=MONASH species=Sigma_b0 pdg=5212 slice=eta_1_2 p=12 a=5 file=/data/alice/ipardoza/hadronization_production/HF_RUN3_V1/raw/MONASH/hf_MONASH_job250.root
SIGMAB_COUNTS tag=MONASH species=Sigma_b0 pdg=5212 slice=eta_ge_2 p=18 a=11 file=/data/alice/ipardoza/hadronization_production/HF_RUN3_V1/raw/MONASH/hf_MONASH_job250.root
SIGMAB_COUNTS tag=MONASH species=Sigma_b- pdg=5112 slice=all p=39 a=17 file=/data/alice/ipardoza/hadronization_production/HF_RUN3_V1/raw/MONASH/hf_MONASH_job250.root
SIGMAB_COUNTS tag=MONASH species=Sigma_b- pdg=5112 slice=eta_lt_1 p=8 a=3 file=/data/alice/ipardoza/hadronization_production/HF_RUN3_V1/raw/MONASH/hf_MONASH_job250.root
SIGMAB_COUNTS tag=MONASH species=Sigma_b- pdg=5112 slice=eta_1_2 p=6 a=3 file=/data/alice/ipardoza/hadronization_production/HF_RUN3_V1/raw/MONASH/hf_MONASH_job250.root
SIGMAB_COUNTS tag=MONASH species=Sigma_b- pdg=5112 slice=eta_ge_2 p=25 a=11 file=/data/alice/ipardoza/hadronization_production/HF_RUN3_V1/raw/MONASH/hf_MONASH_job250.root
SIGMAB_COUNTS tag=MONASH species=Sigma*_b+ pdg=5224 slice=all p=41 a=35 file=/data/alice/ipardoza/hadronization_production/HF_RUN3_V1/raw/MONASH/hf_MONASH_job250.root
SIGMAB_COUNTS tag=MONASH species=Sigma*_b+ pdg=5224 slice=eta_lt_1 p=9 a=4 file=/data/alice/ipardoza/hadronization_production/HF_RUN3_V1/raw/MONASH/hf_MONASH_job250.root
SIGMAB_COUNTS tag=MONASH species=Sigma*_b+ pdg=5224 slice=eta_1_2 p=10 a=9 file=/data/alice/ipardoza/hadronization_production/HF_RUN3_V1/raw/MONASH/hf_MONASH_job250.root
SIGMAB_COUNTS tag=MONASH species=Sigma*_b+ pdg=5224 slice=eta_ge_2 p=22 a=22 file=/data/alice/ipardoza/hadronization_production/HF_RUN3_V1/raw/MONASH/hf_MONASH_job250.root
SIGMAB_COUNTS tag=MONASH species=Sigma*_b0 pdg=5214 slice=all p=51 a=38 file=/data/alice/ipardoza/hadronization_production/HF_RUN3_V1/raw/MONASH/hf_MONASH_job250.root
SIGMAB_COUNTS tag=MONASH species=Sigma*_b0 pdg=5214 slice=eta_lt_1 p=9 a=10 file=/data/alice/ipardoza/hadronization_production/HF_RUN3_V1/raw/MONASH/hf_MONASH_job250.root
SIGMAB_COUNTS tag=MONASH species=Sigma*_b0 pdg=5214 slice=eta_1_2 p=9 a=9 file=/data/alice/ipardoza/hadronization_production/HF_RUN3_V1/raw/MONASH/hf_MONASH_job250.root
SIGMAB_COUNTS tag=MONASH species=Sigma*_b0 pdg=5214 slice=eta_ge_2 p=33 a=19 file=/data/alice/ipardoza/hadronization_production/HF_RUN3_V1/raw/MONASH/hf_MONASH_job250.root
SIGMAB_COUNTS tag=MONASH species=Sigma*_b- pdg=5114 slice=all p=55 a=40 file=/data/alice/ipardoza/hadronization_production/HF_RUN3_V1/raw/MONASH/hf_MONASH_job250.root
SIGMAB_COUNTS tag=MONASH species=Sigma*_b- pdg=5114 slice=eta_lt_1 p=13 a=6 file=/data/alice/ipardoza/hadronization_production/HF_RUN3_V1/raw/MONASH/hf_MONASH_job250.root
SIGMAB_COUNTS tag=MONASH species=Sigma*_b- pdg=5114 slice=eta_1_2 p=15 a=4 file=/data/alice/ipardoza/hadronization_production/HF_RUN3_V1/raw/MONASH/hf_MONASH_job250.root
SIGMAB_COUNTS tag=MONASH species=Sigma*_b- pdg=5114 slice=eta_ge_2 p=27 a=30 file=/data/alice/ipardoza/hadronization_production/HF_RUN3_V1/raw/MONASH/hf_MONASH_job250.root
SIGMAB_COUNTS tag=MONASH species=Lambda_b0 pdg=5122 slice=all p=308 a=280 file=/data/alice/ipardoza/hadronization_production/HF_RUN3_V1/raw/MONASH/hf_MONASH_job250.root
SIGMAB_COUNTS tag=MONASH species=Lambda_b0 pdg=5122 slice=eta_lt_1 p=62 a=54 file=/data/alice/ipardoza/hadronization_production/HF_RUN3_V1/raw/MONASH/hf_MONASH_job250.root
SIGMAB_COUNTS tag=MONASH species=Lambda_b0 pdg=5122 slice=eta_1_2 p=63 a=53 file=/data/alice/ipardoza/hadronization_production/HF_RUN3_V1/raw/MONASH/hf_MONASH_job250.root
SIGMAB_COUNTS tag=MONASH species=Lambda_b0 pdg=5122 slice=eta_ge_2 p=183 a=173 file=/data/alice/ipardoza/hadronization_production/HF_RUN3_V1/raw/MONASH/hf_MONASH_job250.root
SIGMAB_COUNTS tag=MONASH species=Xi_b0 pdg=5232 slice=all p=59 a=57 file=/data/alice/ipardoza/hadronization_production/HF_RUN3_V1/raw/MONASH/hf_MONASH_job250.root
SIGMAB_COUNTS tag=MONASH species=Xi_b0 pdg=5232 slice=eta_lt_1 p=12 a=16 file=/data/alice/ipardoza/hadronization_production/HF_RUN3_V1/raw/MONASH/hf_MONASH_job250.root
SIGMAB_COUNTS tag=MONASH species=Xi_b0 pdg=5232 slice=eta_1_2 p=16 a=11 file=/data/alice/ipardoza/hadronization_production/HF_RUN3_V1/raw/MONASH/hf_MONASH_job250.root
SIGMAB_COUNTS tag=MONASH species=Xi_b0 pdg=5232 slice=eta_ge_2 p=31 a=30 file=/data/alice/ipardoza/hadronization_production/HF_RUN3_V1/raw/MONASH/hf_MONASH_job250.root
SIGMAB_COUNTS tag=MONASH species=Xi_b- pdg=5132 slice=all p=57 a=64 file=/data/alice/ipardoza/hadronization_production/HF_RUN3_V1/raw/MONASH/hf_MONASH_job250.root
SIGMAB_COUNTS tag=MONASH species=Xi_b- pdg=5132 slice=eta_lt_1 p=12 a=12 file=/data/alice/ipardoza/hadronization_production/HF_RUN3_V1/raw/MONASH/hf_MONASH_job250.root
SIGMAB_COUNTS tag=MONASH species=Xi_b- pdg=5132 slice=eta_1_2 p=11 a=17 file=/data/alice/ipardoza/hadronization_production/HF_RUN3_V1/raw/MONASH/hf_MONASH_job250.root
SIGMAB_COUNTS tag=MONASH species=Xi_b- pdg=5132 slice=eta_ge_2 p=34 a=35 file=/data/alice/ipardoza/hadronization_production/HF_RUN3_V1/raw/MONASH/hf_MONASH_job250.root
SIGMAB_COUNTS tag=MONASH species=Sigma_b+ pdg=5222 slice=all p=41 a=22 file=/data/alice/ipardoza/hadronization_production/HF_RUN3_V1/raw/MONASH/hf_MONASH_job251.root
SIGMAB_COUNTS tag=MONASH species=Sigma_b+ pdg=5222 slice=eta_lt_1 p=5 a=4 file=/data/alice/ipardoza/hadronization_production/HF_RUN3_V1/raw/MONASH/hf_MONASH_job251.root
SIGMAB_COUNTS tag=MONASH species=Sigma_b+ pdg=5222 slice=eta_1_2 p=12 a=2 file=/data/alice/ipardoza/hadronization_production/HF_RUN3_V1/raw/MONASH/hf_MONASH_job251.root
SIGMAB_COUNTS tag=MONASH species=Sigma_b+ pdg=5222 slice=eta_ge_2 p=24 a=16 file=/data/alice/ipardoza/hadronization_production/HF_RUN3_V1/raw/MONASH/hf_MONASH_job251.root
SIGMAB_COUNTS tag=MONASH species=Sigma_b0 pdg=5212 slice=all p=38 a=25 file=/data/alice/ipardoza/hadronization_production/HF_RUN3_V1/raw/MONASH/hf_MONASH_job251.root
SIGMAB_COUNTS tag=MONASH species=Sigma_b0 pdg=5212 slice=eta_lt_1 p=6 a=5 file=/data/alice/ipardoza/hadronization_production/HF_RUN3_V1/raw/MONASH/hf_MONASH_job251.root
SIGMAB_COUNTS tag=MONASH species=Sigma_b0 pdg=5212 slice=eta_1_2 p=6 a=3 file=/data/alice/ipardoza/hadronization_production/HF_RUN3_V1/raw/MONASH/hf_MONASH_job251.root
SIGMAB_COUNTS tag=MONASH species=Sigma_b0 pdg=5212 slice=eta_ge_2 p=26 a=17 file=/data/alice/ipardoza/hadronization_production/HF_RUN3_V1/raw/MONASH/hf_MONASH_job251.root
SIGMAB_COUNTS tag=MONASH species=Sigma_b- pdg=5112 slice=all p=36 a=23 file=/data/alice/ipardoza/hadronization_production/HF_RUN3_V1/raw/MONASH/hf_MONASH_job251.root
SIGMAB_COUNTS tag=MONASH species=Sigma_b- pdg=5112 slice=eta_lt_1 p=9 a=4 file=/data/alice/ipardoza/hadronization_production/HF_RUN3_V1/raw/MONASH/hf_MONASH_job251.root
SIGMAB_COUNTS tag=MONASH species=Sigma_b- pdg=5112 slice=eta_1_2 p=8 a=5 file=/data/alice/ipardoza/hadronization_production/HF_RUN3_V1/raw/MONASH/hf_MONASH_job251.root
SIGMAB_COUNTS tag=MONASH species=Sigma_b- pdg=5112 slice=eta_ge_2 p=19 a=14 file=/data/alice/ipardoza/hadronization_production/HF_RUN3_V1/raw/MONASH/hf_MONASH_job251.root
SIGMAB_COUNTS tag=MONASH species=Sigma*_b+ pdg=5224 slice=all p=47 a=41 file=/data/alice/ipardoza/hadronization_production/HF_RUN3_V1/raw/MONASH/hf_MONASH_job251.root
SIGMAB_COUNTS tag=MONASH species=Sigma*_b+ pdg=5224 slice=eta_lt_1 p=8 a=14 file=/data/alice/ipardoza/hadronization_production/HF_RUN3_V1/raw/MONASH/hf_MONASH_job251.root
SIGMAB_COUNTS tag=MONASH species=Sigma*_b+ pdg=5224 slice=eta_1_2 p=5 a=7 file=/data/alice/ipardoza/hadronization_production/HF_RUN3_V1/raw/MONASH/hf_MONASH_job251.root
SIGMAB_COUNTS tag=MONASH species=Sigma*_b+ pdg=5224 slice=eta_ge_2 p=34 a=20 file=/data/alice/ipardoza/hadronization_production/HF_RUN3_V1/raw/MONASH/hf_MONASH_job251.root
SIGMAB_COUNTS tag=MONASH species=Sigma*_b0 pdg=5214 slice=all p=55 a=40 file=/data/alice/ipardoza/hadronization_production/HF_RUN3_V1/raw/MONASH/hf_MONASH_job251.root
SIGMAB_COUNTS tag=MONASH species=Sigma*_b0 pdg=5214 slice=eta_lt_1 p=8 a=7 file=/data/alice/ipardoza/hadronization_production/HF_RUN3_V1/raw/MONASH/hf_MONASH_job251.root
SIGMAB_COUNTS tag=MONASH species=Sigma*_b0 pdg=5214 slice=eta_1_2 p=10 a=11 file=/data/alice/ipardoza/hadronization_production/HF_RUN3_V1/raw/MONASH/hf_MONASH_job251.root
SIGMAB_COUNTS tag=MONASH species=Sigma*_b0 pdg=5214 slice=eta_ge_2 p=37 a=22 file=/data/alice/ipardoza/hadronization_production/HF_RUN3_V1/raw/MONASH/hf_MONASH_job251.root
SIGMAB_COUNTS tag=MONASH species=Sigma*_b- pdg=5114 slice=all p=55 a=42 file=/data/alice/ipardoza/hadronization_production/HF_RUN3_V1/raw/MONASH/hf_MONASH_job251.root
SIGMAB_COUNTS tag=MONASH species=Sigma*_b- pdg=5114 slice=eta_lt_1 p=6 a=7 file=/data/alice/ipardoza/hadronization_production/HF_RUN3_V1/raw/MONASH/hf_MONASH_job251.root
SIGMAB_COUNTS tag=MONASH species=Sigma*_b- pdg=5114 slice=eta_1_2 p=13 a=5 file=/data/alice/ipardoza/hadronization_production/HF_RUN3_V1/raw/MONASH/hf_MONASH_job251.root
SIGMAB_COUNTS tag=MONASH species=Sigma*_b- pdg=5114 slice=eta_ge_2 p=36 a=30 file=/data/alice/ipardoza/hadronization_production/HF_RUN3_V1/raw/MONASH/hf_MONASH_job251.root
SIGMAB_COUNTS tag=MONASH species=Lambda_b0 pdg=5122 slice=all p=288 a=319 file=/data/alice/ipardoza/hadronization_production/HF_RUN3_V1/raw/MONASH/hf_MONASH_job251.root
SIGMAB_COUNTS tag=MONASH species=Lambda_b0 pdg=5122 slice=eta_lt_1 p=48 a=65 file=/data/alice/ipardoza/hadronization_production/HF_RUN3_V1/raw/MONASH/hf_MONASH_job251.root
SIGMAB_COUNTS tag=MONASH species=Lambda_b0 pdg=5122 slice=eta_1_2 p=65 a=61 file=/data/alice/ipardoza/hadronization_production/HF_RUN3_V1/raw/MONASH/hf_MONASH_job251.root
SIGMAB_COUNTS tag=MONASH species=Lambda_b0 pdg=5122 slice=eta_ge_2 p=175 a=193 file=/data/alice/ipardoza/hadronization_production/HF_RUN3_V1/raw/MONASH/hf_MONASH_job251.root
SIGMAB_COUNTS tag=MONASH species=Xi_b0 pdg=5232 slice=all p=58 a=72 file=/data/alice/ipardoza/hadronization_production/HF_RUN3_V1/raw/MONASH/hf_MONASH_job251.root
SIGMAB_COUNTS tag=MONASH species=Xi_b0 pdg=5232 slice=eta_lt_1 p=8 a=8 file=/data/alice/ipardoza/hadronization_production/HF_RUN3_V1/raw/MONASH/hf_MONASH_job251.root
SIGMAB_COUNTS tag=MONASH species=Xi_b0 pdg=5232 slice=eta_1_2 p=16 a=17 file=/data/alice/ipardoza/hadronization_production/HF_RUN3_V1/raw/MONASH/hf_MONASH_job251.root
SIGMAB_COUNTS tag=MONASH species=Xi_b0 pdg=5232 slice=eta_ge_2 p=34 a=47 file=/data/alice/ipardoza/hadronization_production/HF_RUN3_V1/raw/MONASH/hf_MONASH_job251.root
SIGMAB_COUNTS tag=MONASH species=Xi_b- pdg=5132 slice=all p=65 a=68 file=/data/alice/ipardoza/hadronization_production/HF_RUN3_V1/raw/MONASH/hf_MONASH_job251.root
SIGMAB_COUNTS tag=MONASH species=Xi_b- pdg=5132 slice=eta_lt_1 p=12 a=10 file=/data/alice/ipardoza/hadronization_production/HF_RUN3_V1/raw/MONASH/hf_MONASH_job251.root
SIGMAB_COUNTS tag=MONASH species=Xi_b- pdg=5132 slice=eta_1_2 p=20 a=13 file=/data/alice/ipardoza/hadronization_production/HF_RUN3_V1/raw/MONASH/hf_MONASH_job251.root
SIGMAB_COUNTS tag=MONASH species=Xi_b- pdg=5132 slice=eta_ge_2 p=33 a=45 file=/data/alice/ipardoza/hadronization_production/HF_RUN3_V1/raw/MONASH/hf_MONASH_job251.root
SIGMAB_COUNTS tag=MONASH species=Sigma_b+ pdg=5222 slice=all p=32 a=18 file=/data/alice/ipardoza/hadronization_production/HF_RUN3_V1/raw/MONASH/hf_MONASH_job252.root
SIGMAB_COUNTS tag=MONASH species=Sigma_b+ pdg=5222 slice=eta_lt_1 p=5 a=5 file=/data/alice/ipardoza/hadronization_production/HF_RUN3_V1/raw/MONASH/hf_MONASH_job252.root
SIGMAB_COUNTS tag=MONASH species=Sigma_b+ pdg=5222 slice=eta_1_2 p=4 a=1 file=/data/alice/ipardoza/hadronization_production/HF_RUN3_V1/raw/MONASH/hf_MONASH_job252.root
SIGMAB_COUNTS tag=MONASH species=Sigma_b+ pdg=5222 slice=eta_ge_2 p=23 a=12 file=/data/alice/ipardoza/hadronization_production/HF_RUN3_V1/raw/MONASH/hf_MONASH_job252.root
SIGMAB_COUNTS tag=MONASH species=Sigma_b0 pdg=5212 slice=all p=38 a=19 file=/data/alice/ipardoza/hadronization_production/HF_RUN3_V1/raw/MONASH/hf_MONASH_job252.root
SIGMAB_COUNTS tag=MONASH species=Sigma_b0 pdg=5212 slice=eta_lt_1 p=5 a=3 file=/data/alice/ipardoza/hadronization_production/HF_RUN3_V1/raw/MONASH/hf_MONASH_job252.root
SIGMAB_COUNTS tag=MONASH species=Sigma_b0 pdg=5212 slice=eta_1_2 p=6 a=6 file=/data/alice/ipardoza/hadronization_production/HF_RUN3_V1/raw/MONASH/hf_MONASH_job252.root
SIGMAB_COUNTS tag=MONASH species=Sigma_b0 pdg=5212 slice=eta_ge_2 p=27 a=10 file=/data/alice/ipardoza/hadronization_production/HF_RUN3_V1/raw/MONASH/hf_MONASH_job252.root
SIGMAB_COUNTS tag=MONASH species=Sigma_b- pdg=5112 slice=all p=36 a=18 file=/data/alice/ipardoza/hadronization_production/HF_RUN3_V1/raw/MONASH/hf_MONASH_job252.root
SIGMAB_COUNTS tag=MONASH species=Sigma_b- pdg=5112 slice=eta_lt_1 p=6 a=5 file=/data/alice/ipardoza/hadronization_production/HF_RUN3_V1/raw/MONASH/hf_MONASH_job252.root
SIGMAB_COUNTS tag=MONASH species=Sigma_b- pdg=5112 slice=eta_1_2 p=9 a=4 file=/data/alice/ipardoza/hadronization_production/HF_RUN3_V1/raw/MONASH/hf_MONASH_job252.root
SIGMAB_COUNTS tag=MONASH species=Sigma_b- pdg=5112 slice=eta_ge_2 p=21 a=9 file=/data/alice/ipardoza/hadronization_production/HF_RUN3_V1/raw/MONASH/hf_MONASH_job252.root
SIGMAB_COUNTS tag=MONASH species=Sigma*_b+ pdg=5224 slice=all p=60 a=52 file=/data/alice/ipardoza/hadronization_production/HF_RUN3_V1/raw/MONASH/hf_MONASH_job252.root
SIGMAB_COUNTS tag=MONASH species=Sigma*_b+ pdg=5224 slice=eta_lt_1 p=4 a=3 file=/data/alice/ipardoza/hadronization_production/HF_RUN3_V1/raw/MONASH/hf_MONASH_job252.root
SIGMAB_COUNTS tag=MONASH species=Sigma*_b+ pdg=5224 slice=eta_1_2 p=17 a=13 file=/data/alice/ipardoza/hadronization_production/HF_RUN3_V1/raw/MONASH/hf_MONASH_job252.root
SIGMAB_COUNTS tag=MONASH species=Sigma*_b+ pdg=5224 slice=eta_ge_2 p=39 a=36 file=/data/alice/ipardoza/hadronization_production/HF_RUN3_V1/raw/MONASH/hf_MONASH_job252.root
SIGMAB_COUNTS tag=MONASH species=Sigma*_b0 pdg=5214 slice=all p=45 a=40 file=/data/alice/ipardoza/hadronization_production/HF_RUN3_V1/raw/MONASH/hf_MONASH_job252.root
SIGMAB_COUNTS tag=MONASH species=Sigma*_b0 pdg=5214 slice=eta_lt_1 p=14 a=3 file=/data/alice/ipardoza/hadronization_production/HF_RUN3_V1/raw/MONASH/hf_MONASH_job252.root
SIGMAB_COUNTS tag=MONASH species=Sigma*_b0 pdg=5214 slice=eta_1_2 p=4 a=13 file=/data/alice/ipardoza/hadronization_production/HF_RUN3_V1/raw/MONASH/hf_MONASH_job252.root
SIGMAB_COUNTS tag=MONASH species=Sigma*_b0 pdg=5214 slice=eta_ge_2 p=27 a=24 file=/data/alice/ipardoza/hadronization_production/HF_RUN3_V1/raw/MONASH/hf_MONASH_job252.root
SIGMAB_COUNTS tag=MONASH species=Sigma*_b- pdg=5114 slice=all p=56 a=46 file=/data/alice/ipardoza/hadronization_production/HF_RUN3_V1/raw/MONASH/hf_MONASH_job252.root
SIGMAB_COUNTS tag=MONASH species=Sigma*_b- pdg=5114 slice=eta_lt_1 p=13 a=4 file=/data/alice/ipardoza/hadronization_production/HF_RUN3_V1/raw/MONASH/hf_MONASH_job252.root
SIGMAB_COUNTS tag=MONASH species=Sigma*_b- pdg=5114 slice=eta_1_2 p=14 a=10 file=/data/alice/ipardoza/hadronization_production/HF_RUN3_V1/raw/MONASH/hf_MONASH_job252.root
SIGMAB_COUNTS tag=MONASH species=Sigma*_b- pdg=5114 slice=eta_ge_2 p=29 a=32 file=/data/alice/ipardoza/hadronization_production/HF_RUN3_V1/raw/MONASH/hf_MONASH_job252.root
SIGMAB_COUNTS tag=MONASH species=Lambda_b0 pdg=5122 slice=all p=309 a=335 file=/data/alice/ipardoza/hadronization_production/HF_RUN3_V1/raw/MONASH/hf_MONASH_job252.root
SIGMAB_COUNTS tag=MONASH species=Lambda_b0 pdg=5122 slice=eta_lt_1 p=59 a=71 file=/data/alice/ipardoza/hadronization_production/HF_RUN3_V1/raw/MONASH/hf_MONASH_job252.root
SIGMAB_COUNTS tag=MONASH species=Lambda_b0 pdg=5122 slice=eta_1_2 p=66 a=83 file=/data/alice/ipardoza/hadronization_production/HF_RUN3_V1/raw/MONASH/hf_MONASH_job252.root
SIGMAB_COUNTS tag=MONASH species=Lambda_b0 pdg=5122 slice=eta_ge_2 p=184 a=181 file=/data/alice/ipardoza/hadronization_production/HF_RUN3_V1/raw/MONASH/hf_MONASH_job252.root
SIGMAB_COUNTS tag=MONASH species=Xi_b0 pdg=5232 slice=all p=60 a=64 file=/data/alice/ipardoza/hadronization_production/HF_RUN3_V1/raw/MONASH/hf_MONASH_job252.root
SIGMAB_COUNTS tag=MONASH species=Xi_b0 pdg=5232 slice=eta_lt_1 p=7 a=14 file=/data/alice/ipardoza/hadronization_production/HF_RUN3_V1/raw/MONASH/hf_MONASH_job252.root
SIGMAB_COUNTS tag=MONASH species=Xi_b0 pdg=5232 slice=eta_1_2 p=11 a=18 file=/data/alice/ipardoza/hadronization_production/HF_RUN3_V1/raw/MONASH/hf_MONASH_job252.root
SIGMAB_COUNTS tag=MONASH species=Xi_b0 pdg=5232 slice=eta_ge_2 p=42 a=32 file=/data/alice/ipardoza/hadronization_production/HF_RUN3_V1/raw/MONASH/hf_MONASH_job252.root
SIGMAB_COUNTS tag=MONASH species=Xi_b- pdg=5132 slice=all p=52 a=48 file=/data/alice/ipardoza/hadronization_production/HF_RUN3_V1/raw/MONASH/hf_MONASH_job252.root
SIGMAB_COUNTS tag=MONASH species=Xi_b- pdg=5132 slice=eta_lt_1 p=11 a=7 file=/data/alice/ipardoza/hadronization_production/HF_RUN3_V1/raw/MONASH/hf_MONASH_job252.root
SIGMAB_COUNTS tag=MONASH species=Xi_b- pdg=5132 slice=eta_1_2 p=6 a=11 file=/data/alice/ipardoza/hadronization_production/HF_RUN3_V1/raw/MONASH/hf_MONASH_job252.root
SIGMAB_COUNTS tag=MONASH species=Xi_b- pdg=5132 slice=eta_ge_2 p=35 a=30 file=/data/alice/ipardoza/hadronization_production/HF_RUN3_V1/raw/MONASH/hf_MONASH_job252.root
SIGMAB_COUNTS tag=MONASH species=Sigma_b+ pdg=5222 slice=all p=36 a=18 file=/data/alice/ipardoza/hadronization_production/HF_RUN3_V1/raw/MONASH/hf_MONASH_job253.root
SIGMAB_COUNTS tag=MONASH species=Sigma_b+ pdg=5222 slice=eta_lt_1 p=3 a=5 file=/data/alice/ipardoza/hadronization_production/HF_RUN3_V1/raw/MONASH/hf_MONASH_job253.root
SIGMAB_COUNTS tag=MONASH species=Sigma_b+ pdg=5222 slice=eta_1_2 p=5 a=4 file=/data/alice/ipardoza/hadronization_production/HF_RUN3_V1/raw/MONASH/hf_MONASH_job253.root
SIGMAB_COUNTS tag=MONASH species=Sigma_b+ pdg=5222 slice=eta_ge_2 p=28 a=9 file=/data/alice/ipardoza/hadronization_production/HF_RUN3_V1/raw/MONASH/hf_MONASH_job253.root
SIGMAB_COUNTS tag=MONASH species=Sigma_b0 pdg=5212 slice=all p=39 a=21 file=/data/alice/ipardoza/hadronization_production/HF_RUN3_V1/raw/MONASH/hf_MONASH_job253.root
SIGMAB_COUNTS tag=MONASH species=Sigma_b0 pdg=5212 slice=eta_lt_1 p=9 a=3 file=/data/alice/ipardoza/hadronization_production/HF_RUN3_V1/raw/MONASH/hf_MONASH_job253.root
SIGMAB_COUNTS tag=MONASH species=Sigma_b0 pdg=5212 slice=eta_1_2 p=4 a=5 file=/data/alice/ipardoza/hadronization_production/HF_RUN3_V1/raw/MONASH/hf_MONASH_job253.root
SIGMAB_COUNTS tag=MONASH species=Sigma_b0 pdg=5212 slice=eta_ge_2 p=26 a=13 file=/data/alice/ipardoza/hadronization_production/HF_RUN3_V1/raw/MONASH/hf_MONASH_job253.root
SIGMAB_COUNTS tag=MONASH species=Sigma_b- pdg=5112 slice=all p=35 a=28 file=/data/alice/ipardoza/hadronization_production/HF_RUN3_V1/raw/MONASH/hf_MONASH_job253.root
SIGMAB_COUNTS tag=MONASH species=Sigma_b- pdg=5112 slice=eta_lt_1 p=5 a=4 file=/data/alice/ipardoza/hadronization_production/HF_RUN3_V1/raw/MONASH/hf_MONASH_job253.root
SIGMAB_COUNTS tag=MONASH species=Sigma_b- pdg=5112 slice=eta_1_2 p=8 a=12 file=/data/alice/ipardoza/hadronization_production/HF_RUN3_V1/raw/MONASH/hf_MONASH_job253.root
SIGMAB_COUNTS tag=MONASH species=Sigma_b- pdg=5112 slice=eta_ge_2 p=22 a=12 file=/data/alice/ipardoza/hadronization_production/HF_RUN3_V1/raw/MONASH/hf_MONASH_job253.root
SIGMAB_COUNTS tag=MONASH species=Sigma*_b+ pdg=5224 slice=all p=49 a=36 file=/data/alice/ipardoza/hadronization_production/HF_RUN3_V1/raw/MONASH/hf_MONASH_job253.root
SIGMAB_COUNTS tag=MONASH species=Sigma*_b+ pdg=5224 slice=eta_lt_1 p=9 a=4 file=/data/alice/ipardoza/hadronization_production/HF_RUN3_V1/raw/MONASH/hf_MONASH_job253.root
SIGMAB_COUNTS tag=MONASH species=Sigma*_b+ pdg=5224 slice=eta_1_2 p=11 a=11 file=/data/alice/ipardoza/hadronization_production/HF_RUN3_V1/raw/MONASH/hf_MONASH_job253.root
SIGMAB_COUNTS tag=MONASH species=Sigma*_b+ pdg=5224 slice=eta_ge_2 p=29 a=21 file=/data/alice/ipardoza/hadronization_production/HF_RUN3_V1/raw/MONASH/hf_MONASH_job253.root
SIGMAB_COUNTS tag=MONASH species=Sigma*_b0 pdg=5214 slice=all p=35 a=39 file=/data/alice/ipardoza/hadronization_production/HF_RUN3_V1/raw/MONASH/hf_MONASH_job253.root
SIGMAB_COUNTS tag=MONASH species=Sigma*_b0 pdg=5214 slice=eta_lt_1 p=8 a=6 file=/data/alice/ipardoza/hadronization_production/HF_RUN3_V1/raw/MONASH/hf_MONASH_job253.root
SIGMAB_COUNTS tag=MONASH species=Sigma*_b0 pdg=5214 slice=eta_1_2 p=7 a=10 file=/data/alice/ipardoza/hadronization_production/HF_RUN3_V1/raw/MONASH/hf_MONASH_job253.root
SIGMAB_COUNTS tag=MONASH species=Sigma*_b0 pdg=5214 slice=eta_ge_2 p=20 a=23 file=/data/alice/ipardoza/hadronization_production/HF_RUN3_V1/raw/MONASH/hf_MONASH_job253.root
SIGMAB_COUNTS tag=MONASH species=Sigma*_b- pdg=5114 slice=all p=45 a=44 file=/data/alice/ipardoza/hadronization_production/HF_RUN3_V1/raw/MONASH/hf_MONASH_job253.root
SIGMAB_COUNTS tag=MONASH species=Sigma*_b- pdg=5114 slice=eta_lt_1 p=8 a=8 file=/data/alice/ipardoza/hadronization_production/HF_RUN3_V1/raw/MONASH/hf_MONASH_job253.root
SIGMAB_COUNTS tag=MONASH species=Sigma*_b- pdg=5114 slice=eta_1_2 p=12 a=7 file=/data/alice/ipardoza/hadronization_production/HF_RUN3_V1/raw/MONASH/hf_MONASH_job253.root
SIGMAB_COUNTS tag=MONASH species=Sigma*_b- pdg=5114 slice=eta_ge_2 p=25 a=29 file=/data/alice/ipardoza/hadronization_production/HF_RUN3_V1/raw/MONASH/hf_MONASH_job253.root
SIGMAB_COUNTS tag=MONASH species=Lambda_b0 pdg=5122 slice=all p=325 a=311 file=/data/alice/ipardoza/hadronization_production/HF_RUN3_V1/raw/MONASH/hf_MONASH_job253.root
SIGMAB_COUNTS tag=MONASH species=Lambda_b0 pdg=5122 slice=eta_lt_1 p=46 a=56 file=/data/alice/ipardoza/hadronization_production/HF_RUN3_V1/raw/MONASH/hf_MONASH_job253.root
SIGMAB_COUNTS tag=MONASH species=Lambda_b0 pdg=5122 slice=eta_1_2 p=81 a=64 file=/data/alice/ipardoza/hadronization_production/HF_RUN3_V1/raw/MONASH/hf_MONASH_job253.root
SIGMAB_COUNTS tag=MONASH species=Lambda_b0 pdg=5122 slice=eta_ge_2 p=198 a=191 file=/data/alice/ipardoza/hadronization_production/HF_RUN3_V1/raw/MONASH/hf_MONASH_job253.root
SIGMAB_COUNTS tag=MONASH species=Xi_b0 pdg=5232 slice=all p=64 a=48 file=/data/alice/ipardoza/hadronization_production/HF_RUN3_V1/raw/MONASH/hf_MONASH_job253.root
SIGMAB_COUNTS tag=MONASH species=Xi_b0 pdg=5232 slice=eta_lt_1 p=16 a=13 file=/data/alice/ipardoza/hadronization_production/HF_RUN3_V1/raw/MONASH/hf_MONASH_job253.root
SIGMAB_COUNTS tag=MONASH species=Xi_b0 pdg=5232 slice=eta_1_2 p=14 a=5 file=/data/alice/ipardoza/hadronization_production/HF_RUN3_V1/raw/MONASH/hf_MONASH_job253.root
SIGMAB_COUNTS tag=MONASH species=Xi_b0 pdg=5232 slice=eta_ge_2 p=34 a=30 file=/data/alice/ipardoza/hadronization_production/HF_RUN3_V1/raw/MONASH/hf_MONASH_job253.root
SIGMAB_COUNTS tag=MONASH species=Xi_b- pdg=5132 slice=all p=52 a=52 file=/data/alice/ipardoza/hadronization_production/HF_RUN3_V1/raw/MONASH/hf_MONASH_job253.root
SIGMAB_COUNTS tag=MONASH species=Xi_b- pdg=5132 slice=eta_lt_1 p=10 a=7 file=/data/alice/ipardoza/hadronization_production/HF_RUN3_V1/raw/MONASH/hf_MONASH_job253.root
SIGMAB_COUNTS tag=MONASH species=Xi_b- pdg=5132 slice=eta_1_2 p=13 a=10 file=/data/alice/ipardoza/hadronization_production/HF_RUN3_V1/raw/MONASH/hf_MONASH_job253.root
SIGMAB_COUNTS tag=MONASH species=Xi_b- pdg=5132 slice=eta_ge_2 p=29 a=35 file=/data/alice/ipardoza/hadronization_production/HF_RUN3_V1/raw/MONASH/hf_MONASH_job253.root
SIGMAB_COUNTS tag=MONASH species=Sigma_b+ pdg=5222 slice=all p=34 a=22 file=/data/alice/ipardoza/hadronization_production/HF_RUN3_V1/raw/MONASH/hf_MONASH_job254.root
SIGMAB_COUNTS tag=MONASH species=Sigma_b+ pdg=5222 slice=eta_lt_1 p=10 a=6 file=/data/alice/ipardoza/hadronization_production/HF_RUN3_V1/raw/MONASH/hf_MONASH_job254.root
SIGMAB_COUNTS tag=MONASH species=Sigma_b+ pdg=5222 slice=eta_1_2 p=8 a=2 file=/data/alice/ipardoza/hadronization_production/HF_RUN3_V1/raw/MONASH/hf_MONASH_job254.root
SIGMAB_COUNTS tag=MONASH species=Sigma_b+ pdg=5222 slice=eta_ge_2 p=16 a=14 file=/data/alice/ipardoza/hadronization_production/HF_RUN3_V1/raw/MONASH/hf_MONASH_job254.root
SIGMAB_COUNTS tag=MONASH species=Sigma_b0 pdg=5212 slice=all p=37 a=19 file=/data/alice/ipardoza/hadronization_production/HF_RUN3_V1/raw/MONASH/hf_MONASH_job254.root
SIGMAB_COUNTS tag=MONASH species=Sigma_b0 pdg=5212 slice=eta_lt_1 p=4 a=6 file=/data/alice/ipardoza/hadronization_production/HF_RUN3_V1/raw/MONASH/hf_MONASH_job254.root
SIGMAB_COUNTS tag=MONASH species=Sigma_b0 pdg=5212 slice=eta_1_2 p=8 a=5 file=/data/alice/ipardoza/hadronization_production/HF_RUN3_V1/raw/MONASH/hf_MONASH_job254.root
SIGMAB_COUNTS tag=MONASH species=Sigma_b0 pdg=5212 slice=eta_ge_2 p=25 a=8 file=/data/alice/ipardoza/hadronization_production/HF_RUN3_V1/raw/MONASH/hf_MONASH_job254.root
SIGMAB_COUNTS tag=MONASH species=Sigma_b- pdg=5112 slice=all p=31 a=19 file=/data/alice/ipardoza/hadronization_production/HF_RUN3_V1/raw/MONASH/hf_MONASH_job254.root
SIGMAB_COUNTS tag=MONASH species=Sigma_b- pdg=5112 slice=eta_lt_1 p=7 a=3 file=/data/alice/ipardoza/hadronization_production/HF_RUN3_V1/raw/MONASH/hf_MONASH_job254.root
SIGMAB_COUNTS tag=MONASH species=Sigma_b- pdg=5112 slice=eta_1_2 p=3 a=4 file=/data/alice/ipardoza/hadronization_production/HF_RUN3_V1/raw/MONASH/hf_MONASH_job254.root
SIGMAB_COUNTS tag=MONASH species=Sigma_b- pdg=5112 slice=eta_ge_2 p=21 a=12 file=/data/alice/ipardoza/hadronization_production/HF_RUN3_V1/raw/MONASH/hf_MONASH_job254.root
SIGMAB_COUNTS tag=MONASH species=Sigma*_b+ pdg=5224 slice=all p=49 a=26 file=/data/alice/ipardoza/hadronization_production/HF_RUN3_V1/raw/MONASH/hf_MONASH_job254.root
SIGMAB_COUNTS tag=MONASH species=Sigma*_b+ pdg=5224 slice=eta_lt_1 p=5 a=4 file=/data/alice/ipardoza/hadronization_production/HF_RUN3_V1/raw/MONASH/hf_MONASH_job254.root
SIGMAB_COUNTS tag=MONASH species=Sigma*_b+ pdg=5224 slice=eta_1_2 p=6 a=7 file=/data/alice/ipardoza/hadronization_production/HF_RUN3_V1/raw/MONASH/hf_MONASH_job254.root
SIGMAB_COUNTS tag=MONASH species=Sigma*_b+ pdg=5224 slice=eta_ge_2 p=38 a=15 file=/data/alice/ipardoza/hadronization_production/HF_RUN3_V1/raw/MONASH/hf_MONASH_job254.root
SIGMAB_COUNTS tag=MONASH species=Sigma*_b0 pdg=5214 slice=all p=57 a=39 file=/data/alice/ipardoza/hadronization_production/HF_RUN3_V1/raw/MONASH/hf_MONASH_job254.root
SIGMAB_COUNTS tag=MONASH species=Sigma*_b0 pdg=5214 slice=eta_lt_1 p=7 a=7 file=/data/alice/ipardoza/hadronization_production/HF_RUN3_V1/raw/MONASH/hf_MONASH_job254.root
SIGMAB_COUNTS tag=MONASH species=Sigma*_b0 pdg=5214 slice=eta_1_2 p=15 a=7 file=/data/alice/ipardoza/hadronization_production/HF_RUN3_V1/raw/MONASH/hf_MONASH_job254.root
SIGMAB_COUNTS tag=MONASH species=Sigma*_b0 pdg=5214 slice=eta_ge_2 p=35 a=25 file=/data/alice/ipardoza/hadronization_production/HF_RUN3_V1/raw/MONASH/hf_MONASH_job254.root
SIGMAB_COUNTS tag=MONASH species=Sigma*_b- pdg=5114 slice=all p=52 a=46 file=/data/alice/ipardoza/hadronization_production/HF_RUN3_V1/raw/MONASH/hf_MONASH_job254.root
SIGMAB_COUNTS tag=MONASH species=Sigma*_b- pdg=5114 slice=eta_lt_1 p=15 a=7 file=/data/alice/ipardoza/hadronization_production/HF_RUN3_V1/raw/MONASH/hf_MONASH_job254.root
SIGMAB_COUNTS tag=MONASH species=Sigma*_b- pdg=5114 slice=eta_1_2 p=11 a=5 file=/data/alice/ipardoza/hadronization_production/HF_RUN3_V1/raw/MONASH/hf_MONASH_job254.root
SIGMAB_COUNTS tag=MONASH species=Sigma*_b- pdg=5114 slice=eta_ge_2 p=26 a=34 file=/data/alice/ipardoza/hadronization_production/HF_RUN3_V1/raw/MONASH/hf_MONASH_job254.root
SIGMAB_COUNTS tag=MONASH species=Lambda_b0 pdg=5122 slice=all p=327 a=298 file=/data/alice/ipardoza/hadronization_production/HF_RUN3_V1/raw/MONASH/hf_MONASH_job254.root
SIGMAB_COUNTS tag=MONASH species=Lambda_b0 pdg=5122 slice=eta_lt_1 p=55 a=65 file=/data/alice/ipardoza/hadronization_production/HF_RUN3_V1/raw/MONASH/hf_MONASH_job254.root
SIGMAB_COUNTS tag=MONASH species=Lambda_b0 pdg=5122 slice=eta_1_2 p=69 a=78 file=/data/alice/ipardoza/hadronization_production/HF_RUN3_V1/raw/MONASH/hf_MONASH_job254.root
SIGMAB_COUNTS tag=MONASH species=Lambda_b0 pdg=5122 slice=eta_ge_2 p=203 a=155 file=/data/alice/ipardoza/hadronization_production/HF_RUN3_V1/raw/MONASH/hf_MONASH_job254.root
SIGMAB_COUNTS tag=MONASH species=Xi_b0 pdg=5232 slice=all p=60 a=44 file=/data/alice/ipardoza/hadronization_production/HF_RUN3_V1/raw/MONASH/hf_MONASH_job254.root
SIGMAB_COUNTS tag=MONASH species=Xi_b0 pdg=5232 slice=eta_lt_1 p=9 a=13 file=/data/alice/ipardoza/hadronization_production/HF_RUN3_V1/raw/MONASH/hf_MONASH_job254.root
SIGMAB_COUNTS tag=MONASH species=Xi_b0 pdg=5232 slice=eta_1_2 p=14 a=6 file=/data/alice/ipardoza/hadronization_production/HF_RUN3_V1/raw/MONASH/hf_MONASH_job254.root
SIGMAB_COUNTS tag=MONASH species=Xi_b0 pdg=5232 slice=eta_ge_2 p=37 a=25 file=/data/alice/ipardoza/hadronization_production/HF_RUN3_V1/raw/MONASH/hf_MONASH_job254.root
SIGMAB_COUNTS tag=MONASH species=Xi_b- pdg=5132 slice=all p=67 a=61 file=/data/alice/ipardoza/hadronization_production/HF_RUN3_V1/raw/MONASH/hf_MONASH_job254.root
SIGMAB_COUNTS tag=MONASH species=Xi_b- pdg=5132 slice=eta_lt_1 p=16 a=7 file=/data/alice/ipardoza/hadronization_production/HF_RUN3_V1/raw/MONASH/hf_MONASH_job254.root
SIGMAB_COUNTS tag=MONASH species=Xi_b- pdg=5132 slice=eta_1_2 p=13 a=14 file=/data/alice/ipardoza/hadronization_production/HF_RUN3_V1/raw/MONASH/hf_MONASH_job254.root
SIGMAB_COUNTS tag=MONASH species=Xi_b- pdg=5132 slice=eta_ge_2 p=38 a=40 file=/data/alice/ipardoza/hadronization_production/HF_RUN3_V1/raw/MONASH/hf_MONASH_job254.root
SIGMAB_COUNTS tag=MONASH species=Sigma_b+ pdg=5222 slice=all p=35 a=25 file=/data/alice/ipardoza/hadronization_production/HF_RUN3_V1/raw/MONASH/hf_MONASH_job255.root
SIGMAB_COUNTS tag=MONASH species=Sigma_b+ pdg=5222 slice=eta_lt_1 p=5 a=4 file=/data/alice/ipardoza/hadronization_production/HF_RUN3_V1/raw/MONASH/hf_MONASH_job255.root
SIGMAB_COUNTS tag=MONASH species=Sigma_b+ pdg=5222 slice=eta_1_2 p=9 a=8 file=/data/alice/ipardoza/hadronization_production/HF_RUN3_V1/raw/MONASH/hf_MONASH_job255.root
SIGMAB_COUNTS tag=MONASH species=Sigma_b+ pdg=5222 slice=eta_ge_2 p=21 a=13 file=/data/alice/ipardoza/hadronization_production/HF_RUN3_V1/raw/MONASH/hf_MONASH_job255.root
SIGMAB_COUNTS tag=MONASH species=Sigma_b0 pdg=5212 slice=all p=29 a=24 file=/data/alice/ipardoza/hadronization_production/HF_RUN3_V1/raw/MONASH/hf_MONASH_job255.root
SIGMAB_COUNTS tag=MONASH species=Sigma_b0 pdg=5212 slice=eta_lt_1 p=5 a=5 file=/data/alice/ipardoza/hadronization_production/HF_RUN3_V1/raw/MONASH/hf_MONASH_job255.root
SIGMAB_COUNTS tag=MONASH species=Sigma_b0 pdg=5212 slice=eta_1_2 p=2 a=6 file=/data/alice/ipardoza/hadronization_production/HF_RUN3_V1/raw/MONASH/hf_MONASH_job255.root
SIGMAB_COUNTS tag=MONASH species=Sigma_b0 pdg=5212 slice=eta_ge_2 p=22 a=13 file=/data/alice/ipardoza/hadronization_production/HF_RUN3_V1/raw/MONASH/hf_MONASH_job255.root
SIGMAB_COUNTS tag=MONASH species=Sigma_b- pdg=5112 slice=all p=31 a=28 file=/data/alice/ipardoza/hadronization_production/HF_RUN3_V1/raw/MONASH/hf_MONASH_job255.root
SIGMAB_COUNTS tag=MONASH species=Sigma_b- pdg=5112 slice=eta_lt_1 p=5 a=7 file=/data/alice/ipardoza/hadronization_production/HF_RUN3_V1/raw/MONASH/hf_MONASH_job255.root
SIGMAB_COUNTS tag=MONASH species=Sigma_b- pdg=5112 slice=eta_1_2 p=7 a=6 file=/data/alice/ipardoza/hadronization_production/HF_RUN3_V1/raw/MONASH/hf_MONASH_job255.root
SIGMAB_COUNTS tag=MONASH species=Sigma_b- pdg=5112 slice=eta_ge_2 p=19 a=15 file=/data/alice/ipardoza/hadronization_production/HF_RUN3_V1/raw/MONASH/hf_MONASH_job255.root
SIGMAB_COUNTS tag=MONASH species=Sigma*_b+ pdg=5224 slice=all p=40 a=48 file=/data/alice/ipardoza/hadronization_production/HF_RUN3_V1/raw/MONASH/hf_MONASH_job255.root
SIGMAB_COUNTS tag=MONASH species=Sigma*_b+ pdg=5224 slice=eta_lt_1 p=11 a=10 file=/data/alice/ipardoza/hadronization_production/HF_RUN3_V1/raw/MONASH/hf_MONASH_job255.root
SIGMAB_COUNTS tag=MONASH species=Sigma*_b+ pdg=5224 slice=eta_1_2 p=9 a=13 file=/data/alice/ipardoza/hadronization_production/HF_RUN3_V1/raw/MONASH/hf_MONASH_job255.root
SIGMAB_COUNTS tag=MONASH species=Sigma*_b+ pdg=5224 slice=eta_ge_2 p=20 a=25 file=/data/alice/ipardoza/hadronization_production/HF_RUN3_V1/raw/MONASH/hf_MONASH_job255.root
SIGMAB_COUNTS tag=MONASH species=Sigma*_b0 pdg=5214 slice=all p=44 a=35 file=/data/alice/ipardoza/hadronization_production/HF_RUN3_V1/raw/MONASH/hf_MONASH_job255.root
SIGMAB_COUNTS tag=MONASH species=Sigma*_b0 pdg=5214 slice=eta_lt_1 p=9 a=10 file=/data/alice/ipardoza/hadronization_production/HF_RUN3_V1/raw/MONASH/hf_MONASH_job255.root
SIGMAB_COUNTS tag=MONASH species=Sigma*_b0 pdg=5214 slice=eta_1_2 p=10 a=7 file=/data/alice/ipardoza/hadronization_production/HF_RUN3_V1/raw/MONASH/hf_MONASH_job255.root
SIGMAB_COUNTS tag=MONASH species=Sigma*_b0 pdg=5214 slice=eta_ge_2 p=25 a=18 file=/data/alice/ipardoza/hadronization_production/HF_RUN3_V1/raw/MONASH/hf_MONASH_job255.root
SIGMAB_COUNTS tag=MONASH species=Sigma*_b- pdg=5114 slice=all p=52 a=35 file=/data/alice/ipardoza/hadronization_production/HF_RUN3_V1/raw/MONASH/hf_MONASH_job255.root
SIGMAB_COUNTS tag=MONASH species=Sigma*_b- pdg=5114 slice=eta_lt_1 p=10 a=9 file=/data/alice/ipardoza/hadronization_production/HF_RUN3_V1/raw/MONASH/hf_MONASH_job255.root
SIGMAB_COUNTS tag=MONASH species=Sigma*_b- pdg=5114 slice=eta_1_2 p=13 a=5 file=/data/alice/ipardoza/hadronization_production/HF_RUN3_V1/raw/MONASH/hf_MONASH_job255.root
SIGMAB_COUNTS tag=MONASH species=Sigma*_b- pdg=5114 slice=eta_ge_2 p=29 a=21 file=/data/alice/ipardoza/hadronization_production/HF_RUN3_V1/raw/MONASH/hf_MONASH_job255.root
SIGMAB_COUNTS tag=MONASH species=Lambda_b0 pdg=5122 slice=all p=337 a=298 file=/data/alice/ipardoza/hadronization_production/HF_RUN3_V1/raw/MONASH/hf_MONASH_job255.root
SIGMAB_COUNTS tag=MONASH species=Lambda_b0 pdg=5122 slice=eta_lt_1 p=62 a=66 file=/data/alice/ipardoza/hadronization_production/HF_RUN3_V1/raw/MONASH/hf_MONASH_job255.root
SIGMAB_COUNTS tag=MONASH species=Lambda_b0 pdg=5122 slice=eta_1_2 p=77 a=61 file=/data/alice/ipardoza/hadronization_production/HF_RUN3_V1/raw/MONASH/hf_MONASH_job255.root
SIGMAB_COUNTS tag=MONASH species=Lambda_b0 pdg=5122 slice=eta_ge_2 p=198 a=171 file=/data/alice/ipardoza/hadronization_production/HF_RUN3_V1/raw/MONASH/hf_MONASH_job255.root
SIGMAB_COUNTS tag=MONASH species=Xi_b0 pdg=5232 slice=all p=45 a=49 file=/data/alice/ipardoza/hadronization_production/HF_RUN3_V1/raw/MONASH/hf_MONASH_job255.root
SIGMAB_COUNTS tag=MONASH species=Xi_b0 pdg=5232 slice=eta_lt_1 p=9 a=8 file=/data/alice/ipardoza/hadronization_production/HF_RUN3_V1/raw/MONASH/hf_MONASH_job255.root
SIGMAB_COUNTS tag=MONASH species=Xi_b0 pdg=5232 slice=eta_1_2 p=8 a=12 file=/data/alice/ipardoza/hadronization_production/HF_RUN3_V1/raw/MONASH/hf_MONASH_job255.root
SIGMAB_COUNTS tag=MONASH species=Xi_b0 pdg=5232 slice=eta_ge_2 p=28 a=29 file=/data/alice/ipardoza/hadronization_production/HF_RUN3_V1/raw/MONASH/hf_MONASH_job255.root
SIGMAB_COUNTS tag=MONASH species=Xi_b- pdg=5132 slice=all p=56 a=41 file=/data/alice/ipardoza/hadronization_production/HF_RUN3_V1/raw/MONASH/hf_MONASH_job255.root
SIGMAB_COUNTS tag=MONASH species=Xi_b- pdg=5132 slice=eta_lt_1 p=12 a=9 file=/data/alice/ipardoza/hadronization_production/HF_RUN3_V1/raw/MONASH/hf_MONASH_job255.root
SIGMAB_COUNTS tag=MONASH species=Xi_b- pdg=5132 slice=eta_1_2 p=5 a=9 file=/data/alice/ipardoza/hadronization_production/HF_RUN3_V1/raw/MONASH/hf_MONASH_job255.root
SIGMAB_COUNTS tag=MONASH species=Xi_b- pdg=5132 slice=eta_ge_2 p=39 a=23 file=/data/alice/ipardoza/hadronization_production/HF_RUN3_V1/raw/MONASH/hf_MONASH_job255.root
SIGMAB_COUNTS tag=MONASH species=Sigma_b+ pdg=5222 slice=all p=30 a=34 file=/data/alice/ipardoza/hadronization_production/HF_RUN3_V1/raw/MONASH/hf_MONASH_job256.root
SIGMAB_COUNTS tag=MONASH species=Sigma_b+ pdg=5222 slice=eta_lt_1 p=7 a=7 file=/data/alice/ipardoza/hadronization_production/HF_RUN3_V1/raw/MONASH/hf_MONASH_job256.root
SIGMAB_COUNTS tag=MONASH species=Sigma_b+ pdg=5222 slice=eta_1_2 p=4 a=9 file=/data/alice/ipardoza/hadronization_production/HF_RUN3_V1/raw/MONASH/hf_MONASH_job256.root
SIGMAB_COUNTS tag=MONASH species=Sigma_b+ pdg=5222 slice=eta_ge_2 p=19 a=18 file=/data/alice/ipardoza/hadronization_production/HF_RUN3_V1/raw/MONASH/hf_MONASH_job256.root
SIGMAB_COUNTS tag=MONASH species=Sigma_b0 pdg=5212 slice=all p=35 a=20 file=/data/alice/ipardoza/hadronization_production/HF_RUN3_V1/raw/MONASH/hf_MONASH_job256.root
SIGMAB_COUNTS tag=MONASH species=Sigma_b0 pdg=5212 slice=eta_lt_1 p=5 a=4 file=/data/alice/ipardoza/hadronization_production/HF_RUN3_V1/raw/MONASH/hf_MONASH_job256.root
SIGMAB_COUNTS tag=MONASH species=Sigma_b0 pdg=5212 slice=eta_1_2 p=11 a=6 file=/data/alice/ipardoza/hadronization_production/HF_RUN3_V1/raw/MONASH/hf_MONASH_job256.root
SIGMAB_COUNTS tag=MONASH species=Sigma_b0 pdg=5212 slice=eta_ge_2 p=19 a=10 file=/data/alice/ipardoza/hadronization_production/HF_RUN3_V1/raw/MONASH/hf_MONASH_job256.root
SIGMAB_COUNTS tag=MONASH species=Sigma_b- pdg=5112 slice=all p=39 a=24 file=/data/alice/ipardoza/hadronization_production/HF_RUN3_V1/raw/MONASH/hf_MONASH_job256.root
SIGMAB_COUNTS tag=MONASH species=Sigma_b- pdg=5112 slice=eta_lt_1 p=4 a=4 file=/data/alice/ipardoza/hadronization_production/HF_RUN3_V1/raw/MONASH/hf_MONASH_job256.root
SIGMAB_COUNTS tag=MONASH species=Sigma_b- pdg=5112 slice=eta_1_2 p=12 a=2 file=/data/alice/ipardoza/hadronization_production/HF_RUN3_V1/raw/MONASH/hf_MONASH_job256.root
SIGMAB_COUNTS tag=MONASH species=Sigma_b- pdg=5112 slice=eta_ge_2 p=23 a=18 file=/data/alice/ipardoza/hadronization_production/HF_RUN3_V1/raw/MONASH/hf_MONASH_job256.root
SIGMAB_COUNTS tag=MONASH species=Sigma*_b+ pdg=5224 slice=all p=58 a=29 file=/data/alice/ipardoza/hadronization_production/HF_RUN3_V1/raw/MONASH/hf_MONASH_job256.root
SIGMAB_COUNTS tag=MONASH species=Sigma*_b+ pdg=5224 slice=eta_lt_1 p=8 a=5 file=/data/alice/ipardoza/hadronization_production/HF_RUN3_V1/raw/MONASH/hf_MONASH_job256.root
SIGMAB_COUNTS tag=MONASH species=Sigma*_b+ pdg=5224 slice=eta_1_2 p=11 a=6 file=/data/alice/ipardoza/hadronization_production/HF_RUN3_V1/raw/MONASH/hf_MONASH_job256.root
SIGMAB_COUNTS tag=MONASH species=Sigma*_b+ pdg=5224 slice=eta_ge_2 p=39 a=18 file=/data/alice/ipardoza/hadronization_production/HF_RUN3_V1/raw/MONASH/hf_MONASH_job256.root
SIGMAB_COUNTS tag=MONASH species=Sigma*_b0 pdg=5214 slice=all p=43 a=34 file=/data/alice/ipardoza/hadronization_production/HF_RUN3_V1/raw/MONASH/hf_MONASH_job256.root
SIGMAB_COUNTS tag=MONASH species=Sigma*_b0 pdg=5214 slice=eta_lt_1 p=8 a=5 file=/data/alice/ipardoza/hadronization_production/HF_RUN3_V1/raw/MONASH/hf_MONASH_job256.root
SIGMAB_COUNTS tag=MONASH species=Sigma*_b0 pdg=5214 slice=eta_1_2 p=9 a=6 file=/data/alice/ipardoza/hadronization_production/HF_RUN3_V1/raw/MONASH/hf_MONASH_job256.root
SIGMAB_COUNTS tag=MONASH species=Sigma*_b0 pdg=5214 slice=eta_ge_2 p=26 a=23 file=/data/alice/ipardoza/hadronization_production/HF_RUN3_V1/raw/MONASH/hf_MONASH_job256.root
SIGMAB_COUNTS tag=MONASH species=Sigma*_b- pdg=5114 slice=all p=34 a=43 file=/data/alice/ipardoza/hadronization_production/HF_RUN3_V1/raw/MONASH/hf_MONASH_job256.root
SIGMAB_COUNTS tag=MONASH species=Sigma*_b- pdg=5114 slice=eta_lt_1 p=6 a=6 file=/data/alice/ipardoza/hadronization_production/HF_RUN3_V1/raw/MONASH/hf_MONASH_job256.root
SIGMAB_COUNTS tag=MONASH species=Sigma*_b- pdg=5114 slice=eta_1_2 p=6 a=7 file=/data/alice/ipardoza/hadronization_production/HF_RUN3_V1/raw/MONASH/hf_MONASH_job256.root
SIGMAB_COUNTS tag=MONASH species=Sigma*_b- pdg=5114 slice=eta_ge_2 p=22 a=30 file=/data/alice/ipardoza/hadronization_production/HF_RUN3_V1/raw/MONASH/hf_MONASH_job256.root
SIGMAB_COUNTS tag=MONASH species=Lambda_b0 pdg=5122 slice=all p=339 a=321 file=/data/alice/ipardoza/hadronization_production/HF_RUN3_V1/raw/MONASH/hf_MONASH_job256.root
SIGMAB_COUNTS tag=MONASH species=Lambda_b0 pdg=5122 slice=eta_lt_1 p=57 a=52 file=/data/alice/ipardoza/hadronization_production/HF_RUN3_V1/raw/MONASH/hf_MONASH_job256.root
SIGMAB_COUNTS tag=MONASH species=Lambda_b0 pdg=5122 slice=eta_1_2 p=55 a=75 file=/data/alice/ipardoza/hadronization_production/HF_RUN3_V1/raw/MONASH/hf_MONASH_job256.root
SIGMAB_COUNTS tag=MONASH species=Lambda_b0 pdg=5122 slice=eta_ge_2 p=227 a=194 file=/data/alice/ipardoza/hadronization_production/HF_RUN3_V1/raw/MONASH/hf_MONASH_job256.root
SIGMAB_COUNTS tag=MONASH species=Xi_b0 pdg=5232 slice=all p=53 a=57 file=/data/alice/ipardoza/hadronization_production/HF_RUN3_V1/raw/MONASH/hf_MONASH_job256.root
SIGMAB_COUNTS tag=MONASH species=Xi_b0 pdg=5232 slice=eta_lt_1 p=12 a=12 file=/data/alice/ipardoza/hadronization_production/HF_RUN3_V1/raw/MONASH/hf_MONASH_job256.root
SIGMAB_COUNTS tag=MONASH species=Xi_b0 pdg=5232 slice=eta_1_2 p=10 a=11 file=/data/alice/ipardoza/hadronization_production/HF_RUN3_V1/raw/MONASH/hf_MONASH_job256.root
SIGMAB_COUNTS tag=MONASH species=Xi_b0 pdg=5232 slice=eta_ge_2 p=31 a=34 file=/data/alice/ipardoza/hadronization_production/HF_RUN3_V1/raw/MONASH/hf_MONASH_job256.root
SIGMAB_COUNTS tag=MONASH species=Xi_b- pdg=5132 slice=all p=57 a=51 file=/data/alice/ipardoza/hadronization_production/HF_RUN3_V1/raw/MONASH/hf_MONASH_job256.root
SIGMAB_COUNTS tag=MONASH species=Xi_b- pdg=5132 slice=eta_lt_1 p=6 a=12 file=/data/alice/ipardoza/hadronization_production/HF_RUN3_V1/raw/MONASH/hf_MONASH_job256.root
SIGMAB_COUNTS tag=MONASH species=Xi_b- pdg=5132 slice=eta_1_2 p=13 a=13 file=/data/alice/ipardoza/hadronization_production/HF_RUN3_V1/raw/MONASH/hf_MONASH_job256.root
SIGMAB_COUNTS tag=MONASH species=Xi_b- pdg=5132 slice=eta_ge_2 p=38 a=26 file=/data/alice/ipardoza/hadronization_production/HF_RUN3_V1/raw/MONASH/hf_MONASH_job256.root
SIGMAB_COUNTS tag=MONASH species=Sigma_b+ pdg=5222 slice=all p=28 a=18 file=/data/alice/ipardoza/hadronization_production/HF_RUN3_V1/raw/MONASH/hf_MONASH_job257.root
SIGMAB_COUNTS tag=MONASH species=Sigma_b+ pdg=5222 slice=eta_lt_1 p=4 a=3 file=/data/alice/ipardoza/hadronization_production/HF_RUN3_V1/raw/MONASH/hf_MONASH_job257.root
SIGMAB_COUNTS tag=MONASH species=Sigma_b+ pdg=5222 slice=eta_1_2 p=7 a=4 file=/data/alice/ipardoza/hadronization_production/HF_RUN3_V1/raw/MONASH/hf_MONASH_job257.root
SIGMAB_COUNTS tag=MONASH species=Sigma_b+ pdg=5222 slice=eta_ge_2 p=17 a=11 file=/data/alice/ipardoza/hadronization_production/HF_RUN3_V1/raw/MONASH/hf_MONASH_job257.root
SIGMAB_COUNTS tag=MONASH species=Sigma_b0 pdg=5212 slice=all p=50 a=24 file=/data/alice/ipardoza/hadronization_production/HF_RUN3_V1/raw/MONASH/hf_MONASH_job257.root
SIGMAB_COUNTS tag=MONASH species=Sigma_b0 pdg=5212 slice=eta_lt_1 p=9 a=6 file=/data/alice/ipardoza/hadronization_production/HF_RUN3_V1/raw/MONASH/hf_MONASH_job257.root
SIGMAB_COUNTS tag=MONASH species=Sigma_b0 pdg=5212 slice=eta_1_2 p=12 a=8 file=/data/alice/ipardoza/hadronization_production/HF_RUN3_V1/raw/MONASH/hf_MONASH_job257.root
SIGMAB_COUNTS tag=MONASH species=Sigma_b0 pdg=5212 slice=eta_ge_2 p=29 a=10 file=/data/alice/ipardoza/hadronization_production/HF_RUN3_V1/raw/MONASH/hf_MONASH_job257.root
SIGMAB_COUNTS tag=MONASH species=Sigma_b- pdg=5112 slice=all p=34 a=22 file=/data/alice/ipardoza/hadronization_production/HF_RUN3_V1/raw/MONASH/hf_MONASH_job257.root
SIGMAB_COUNTS tag=MONASH species=Sigma_b- pdg=5112 slice=eta_lt_1 p=4 a=5 file=/data/alice/ipardoza/hadronization_production/HF_RUN3_V1/raw/MONASH/hf_MONASH_job257.root
SIGMAB_COUNTS tag=MONASH species=Sigma_b- pdg=5112 slice=eta_1_2 p=6 a=6 file=/data/alice/ipardoza/hadronization_production/HF_RUN3_V1/raw/MONASH/hf_MONASH_job257.root
SIGMAB_COUNTS tag=MONASH species=Sigma_b- pdg=5112 slice=eta_ge_2 p=24 a=11 file=/data/alice/ipardoza/hadronization_production/HF_RUN3_V1/raw/MONASH/hf_MONASH_job257.root
SIGMAB_COUNTS tag=MONASH species=Sigma*_b+ pdg=5224 slice=all p=49 a=43 file=/data/alice/ipardoza/hadronization_production/HF_RUN3_V1/raw/MONASH/hf_MONASH_job257.root
SIGMAB_COUNTS tag=MONASH species=Sigma*_b+ pdg=5224 slice=eta_lt_1 p=8 a=8 file=/data/alice/ipardoza/hadronization_production/HF_RUN3_V1/raw/MONASH/hf_MONASH_job257.root
SIGMAB_COUNTS tag=MONASH species=Sigma*_b+ pdg=5224 slice=eta_1_2 p=7 a=15 file=/data/alice/ipardoza/hadronization_production/HF_RUN3_V1/raw/MONASH/hf_MONASH_job257.root
SIGMAB_COUNTS tag=MONASH species=Sigma*_b+ pdg=5224 slice=eta_ge_2 p=34 a=20 file=/data/alice/ipardoza/hadronization_production/HF_RUN3_V1/raw/MONASH/hf_MONASH_job257.root
SIGMAB_COUNTS tag=MONASH species=Sigma*_b0 pdg=5214 slice=all p=49 a=42 file=/data/alice/ipardoza/hadronization_production/HF_RUN3_V1/raw/MONASH/hf_MONASH_job257.root
SIGMAB_COUNTS tag=MONASH species=Sigma*_b0 pdg=5214 slice=eta_lt_1 p=5 a=4 file=/data/alice/ipardoza/hadronization_production/HF_RUN3_V1/raw/MONASH/hf_MONASH_job257.root
SIGMAB_COUNTS tag=MONASH species=Sigma*_b0 pdg=5214 slice=eta_1_2 p=11 a=11 file=/data/alice/ipardoza/hadronization_production/HF_RUN3_V1/raw/MONASH/hf_MONASH_job257.root
SIGMAB_COUNTS tag=MONASH species=Sigma*_b0 pdg=5214 slice=eta_ge_2 p=33 a=27 file=/data/alice/ipardoza/hadronization_production/HF_RUN3_V1/raw/MONASH/hf_MONASH_job257.root
SIGMAB_COUNTS tag=MONASH species=Sigma*_b- pdg=5114 slice=all p=43 a=34 file=/data/alice/ipardoza/hadronization_production/HF_RUN3_V1/raw/MONASH/hf_MONASH_job257.root
SIGMAB_COUNTS tag=MONASH species=Sigma*_b- pdg=5114 slice=eta_lt_1 p=7 a=5 file=/data/alice/ipardoza/hadronization_production/HF_RUN3_V1/raw/MONASH/hf_MONASH_job257.root
SIGMAB_COUNTS tag=MONASH species=Sigma*_b- pdg=5114 slice=eta_1_2 p=8 a=8 file=/data/alice/ipardoza/hadronization_production/HF_RUN3_V1/raw/MONASH/hf_MONASH_job257.root
SIGMAB_COUNTS tag=MONASH species=Sigma*_b- pdg=5114 slice=eta_ge_2 p=28 a=21 file=/data/alice/ipardoza/hadronization_production/HF_RUN3_V1/raw/MONASH/hf_MONASH_job257.root
SIGMAB_COUNTS tag=MONASH species=Lambda_b0 pdg=5122 slice=all p=302 a=268 file=/data/alice/ipardoza/hadronization_production/HF_RUN3_V1/raw/MONASH/hf_MONASH_job257.root
SIGMAB_COUNTS tag=MONASH species=Lambda_b0 pdg=5122 slice=eta_lt_1 p=58 a=54 file=/data/alice/ipardoza/hadronization_production/HF_RUN3_V1/raw/MONASH/hf_MONASH_job257.root
SIGMAB_COUNTS tag=MONASH species=Lambda_b0 pdg=5122 slice=eta_1_2 p=65 a=59 file=/data/alice/ipardoza/hadronization_production/HF_RUN3_V1/raw/MONASH/hf_MONASH_job257.root
SIGMAB_COUNTS tag=MONASH species=Lambda_b0 pdg=5122 slice=eta_ge_2 p=179 a=155 file=/data/alice/ipardoza/hadronization_production/HF_RUN3_V1/raw/MONASH/hf_MONASH_job257.root
SIGMAB_COUNTS tag=MONASH species=Xi_b0 pdg=5232 slice=all p=55 a=60 file=/data/alice/ipardoza/hadronization_production/HF_RUN3_V1/raw/MONASH/hf_MONASH_job257.root
SIGMAB_COUNTS tag=MONASH species=Xi_b0 pdg=5232 slice=eta_lt_1 p=9 a=20 file=/data/alice/ipardoza/hadronization_production/HF_RUN3_V1/raw/MONASH/hf_MONASH_job257.root
SIGMAB_COUNTS tag=MONASH species=Xi_b0 pdg=5232 slice=eta_1_2 p=14 a=9 file=/data/alice/ipardoza/hadronization_production/HF_RUN3_V1/raw/MONASH/hf_MONASH_job257.root
SIGMAB_COUNTS tag=MONASH species=Xi_b0 pdg=5232 slice=eta_ge_2 p=32 a=31 file=/data/alice/ipardoza/hadronization_production/HF_RUN3_V1/raw/MONASH/hf_MONASH_job257.root
SIGMAB_COUNTS tag=MONASH species=Xi_b- pdg=5132 slice=all p=52 a=55 file=/data/alice/ipardoza/hadronization_production/HF_RUN3_V1/raw/MONASH/hf_MONASH_job257.root
SIGMAB_COUNTS tag=MONASH species=Xi_b- pdg=5132 slice=eta_lt_1 p=8 a=12 file=/data/alice/ipardoza/hadronization_production/HF_RUN3_V1/raw/MONASH/hf_MONASH_job257.root
SIGMAB_COUNTS tag=MONASH species=Xi_b- pdg=5132 slice=eta_1_2 p=15 a=7 file=/data/alice/ipardoza/hadronization_production/HF_RUN3_V1/raw/MONASH/hf_MONASH_job257.root
SIGMAB_COUNTS tag=MONASH species=Xi_b- pdg=5132 slice=eta_ge_2 p=29 a=36 file=/data/alice/ipardoza/hadronization_production/HF_RUN3_V1/raw/MONASH/hf_MONASH_job257.root
SIGMAB_COUNTS tag=MONASH species=Sigma_b+ pdg=5222 slice=all p=31 a=18 file=/data/alice/ipardoza/hadronization_production/HF_RUN3_V1/raw/MONASH/hf_MONASH_job258.root
SIGMAB_COUNTS tag=MONASH species=Sigma_b+ pdg=5222 slice=eta_lt_1 p=8 a=2 file=/data/alice/ipardoza/hadronization_production/HF_RUN3_V1/raw/MONASH/hf_MONASH_job258.root
SIGMAB_COUNTS tag=MONASH species=Sigma_b+ pdg=5222 slice=eta_1_2 p=4 a=1 file=/data/alice/ipardoza/hadronization_production/HF_RUN3_V1/raw/MONASH/hf_MONASH_job258.root
SIGMAB_COUNTS tag=MONASH species=Sigma_b+ pdg=5222 slice=eta_ge_2 p=19 a=15 file=/data/alice/ipardoza/hadronization_production/HF_RUN3_V1/raw/MONASH/hf_MONASH_job258.root
SIGMAB_COUNTS tag=MONASH species=Sigma_b0 pdg=5212 slice=all p=33 a=23 file=/data/alice/ipardoza/hadronization_production/HF_RUN3_V1/raw/MONASH/hf_MONASH_job258.root
SIGMAB_COUNTS tag=MONASH species=Sigma_b0 pdg=5212 slice=eta_lt_1 p=6 a=4 file=/data/alice/ipardoza/hadronization_production/HF_RUN3_V1/raw/MONASH/hf_MONASH_job258.root
SIGMAB_COUNTS tag=MONASH species=Sigma_b0 pdg=5212 slice=eta_1_2 p=11 a=6 file=/data/alice/ipardoza/hadronization_production/HF_RUN3_V1/raw/MONASH/hf_MONASH_job258.root
SIGMAB_COUNTS tag=MONASH species=Sigma_b0 pdg=5212 slice=eta_ge_2 p=16 a=13 file=/data/alice/ipardoza/hadronization_production/HF_RUN3_V1/raw/MONASH/hf_MONASH_job258.root
SIGMAB_COUNTS tag=MONASH species=Sigma_b- pdg=5112 slice=all p=38 a=22 file=/data/alice/ipardoza/hadronization_production/HF_RUN3_V1/raw/MONASH/hf_MONASH_job258.root
SIGMAB_COUNTS tag=MONASH species=Sigma_b- pdg=5112 slice=eta_lt_1 p=3 a=5 file=/data/alice/ipardoza/hadronization_production/HF_RUN3_V1/raw/MONASH/hf_MONASH_job258.root
SIGMAB_COUNTS tag=MONASH species=Sigma_b- pdg=5112 slice=eta_1_2 p=9 a=5 file=/data/alice/ipardoza/hadronization_production/HF_RUN3_V1/raw/MONASH/hf_MONASH_job258.root
SIGMAB_COUNTS tag=MONASH species=Sigma_b- pdg=5112 slice=eta_ge_2 p=26 a=12 file=/data/alice/ipardoza/hadronization_production/HF_RUN3_V1/raw/MONASH/hf_MONASH_job258.root
SIGMAB_COUNTS tag=MONASH species=Sigma*_b+ pdg=5224 slice=all p=61 a=44 file=/data/alice/ipardoza/hadronization_production/HF_RUN3_V1/raw/MONASH/hf_MONASH_job258.root
SIGMAB_COUNTS tag=MONASH species=Sigma*_b+ pdg=5224 slice=eta_lt_1 p=12 a=7 file=/data/alice/ipardoza/hadronization_production/HF_RUN3_V1/raw/MONASH/hf_MONASH_job258.root
SIGMAB_COUNTS tag=MONASH species=Sigma*_b+ pdg=5224 slice=eta_1_2 p=13 a=12 file=/data/alice/ipardoza/hadronization_production/HF_RUN3_V1/raw/MONASH/hf_MONASH_job258.root
SIGMAB_COUNTS tag=MONASH species=Sigma*_b+ pdg=5224 slice=eta_ge_2 p=36 a=25 file=/data/alice/ipardoza/hadronization_production/HF_RUN3_V1/raw/MONASH/hf_MONASH_job258.root
SIGMAB_COUNTS tag=MONASH species=Sigma*_b0 pdg=5214 slice=all p=45 a=44 file=/data/alice/ipardoza/hadronization_production/HF_RUN3_V1/raw/MONASH/hf_MONASH_job258.root
SIGMAB_COUNTS tag=MONASH species=Sigma*_b0 pdg=5214 slice=eta_lt_1 p=5 a=7 file=/data/alice/ipardoza/hadronization_production/HF_RUN3_V1/raw/MONASH/hf_MONASH_job258.root
SIGMAB_COUNTS tag=MONASH species=Sigma*_b0 pdg=5214 slice=eta_1_2 p=11 a=9 file=/data/alice/ipardoza/hadronization_production/HF_RUN3_V1/raw/MONASH/hf_MONASH_job258.root
SIGMAB_COUNTS tag=MONASH species=Sigma*_b0 pdg=5214 slice=eta_ge_2 p=29 a=28 file=/data/alice/ipardoza/hadronization_production/HF_RUN3_V1/raw/MONASH/hf_MONASH_job258.root
SIGMAB_COUNTS tag=MONASH species=Sigma*_b- pdg=5114 slice=all p=54 a=36 file=/data/alice/ipardoza/hadronization_production/HF_RUN3_V1/raw/MONASH/hf_MONASH_job258.root
SIGMAB_COUNTS tag=MONASH species=Sigma*_b- pdg=5114 slice=eta_lt_1 p=10 a=9 file=/data/alice/ipardoza/hadronization_production/HF_RUN3_V1/raw/MONASH/hf_MONASH_job258.root
SIGMAB_COUNTS tag=MONASH species=Sigma*_b- pdg=5114 slice=eta_1_2 p=16 a=7 file=/data/alice/ipardoza/hadronization_production/HF_RUN3_V1/raw/MONASH/hf_MONASH_job258.root
SIGMAB_COUNTS tag=MONASH species=Sigma*_b- pdg=5114 slice=eta_ge_2 p=28 a=20 file=/data/alice/ipardoza/hadronization_production/HF_RUN3_V1/raw/MONASH/hf_MONASH_job258.root
SIGMAB_COUNTS tag=MONASH species=Lambda_b0 pdg=5122 slice=all p=348 a=313 file=/data/alice/ipardoza/hadronization_production/HF_RUN3_V1/raw/MONASH/hf_MONASH_job258.root
SIGMAB_COUNTS tag=MONASH species=Lambda_b0 pdg=5122 slice=eta_lt_1 p=68 a=60 file=/data/alice/ipardoza/hadronization_production/HF_RUN3_V1/raw/MONASH/hf_MONASH_job258.root
SIGMAB_COUNTS tag=MONASH species=Lambda_b0 pdg=5122 slice=eta_1_2 p=85 a=66 file=/data/alice/ipardoza/hadronization_production/HF_RUN3_V1/raw/MONASH/hf_MONASH_job258.root
SIGMAB_COUNTS tag=MONASH species=Lambda_b0 pdg=5122 slice=eta_ge_2 p=195 a=187 file=/data/alice/ipardoza/hadronization_production/HF_RUN3_V1/raw/MONASH/hf_MONASH_job258.root
SIGMAB_COUNTS tag=MONASH species=Xi_b0 pdg=5232 slice=all p=57 a=50 file=/data/alice/ipardoza/hadronization_production/HF_RUN3_V1/raw/MONASH/hf_MONASH_job258.root
SIGMAB_COUNTS tag=MONASH species=Xi_b0 pdg=5232 slice=eta_lt_1 p=15 a=10 file=/data/alice/ipardoza/hadronization_production/HF_RUN3_V1/raw/MONASH/hf_MONASH_job258.root
SIGMAB_COUNTS tag=MONASH species=Xi_b0 pdg=5232 slice=eta_1_2 p=10 a=13 file=/data/alice/ipardoza/hadronization_production/HF_RUN3_V1/raw/MONASH/hf_MONASH_job258.root
SIGMAB_COUNTS tag=MONASH species=Xi_b0 pdg=5232 slice=eta_ge_2 p=32 a=27 file=/data/alice/ipardoza/hadronization_production/HF_RUN3_V1/raw/MONASH/hf_MONASH_job258.root
SIGMAB_COUNTS tag=MONASH species=Xi_b- pdg=5132 slice=all p=45 a=62 file=/data/alice/ipardoza/hadronization_production/HF_RUN3_V1/raw/MONASH/hf_MONASH_job258.root
SIGMAB_COUNTS tag=MONASH species=Xi_b- pdg=5132 slice=eta_lt_1 p=10 a=10 file=/data/alice/ipardoza/hadronization_production/HF_RUN3_V1/raw/MONASH/hf_MONASH_job258.root
SIGMAB_COUNTS tag=MONASH species=Xi_b- pdg=5132 slice=eta_1_2 p=10 a=15 file=/data/alice/ipardoza/hadronization_production/HF_RUN3_V1/raw/MONASH/hf_MONASH_job258.root
SIGMAB_COUNTS tag=MONASH species=Xi_b- pdg=5132 slice=eta_ge_2 p=25 a=37 file=/data/alice/ipardoza/hadronization_production/HF_RUN3_V1/raw/MONASH/hf_MONASH_job258.root
SIGMAB_COUNTS tag=MONASH species=Sigma_b+ pdg=5222 slice=all p=45 a=22 file=/data/alice/ipardoza/hadronization_production/HF_RUN3_V1/raw/MONASH/hf_MONASH_job259.root
SIGMAB_COUNTS tag=MONASH species=Sigma_b+ pdg=5222 slice=eta_lt_1 p=5 a=7 file=/data/alice/ipardoza/hadronization_production/HF_RUN3_V1/raw/MONASH/hf_MONASH_job259.root
SIGMAB_COUNTS tag=MONASH species=Sigma_b+ pdg=5222 slice=eta_1_2 p=7 a=5 file=/data/alice/ipardoza/hadronization_production/HF_RUN3_V1/raw/MONASH/hf_MONASH_job259.root
SIGMAB_COUNTS tag=MONASH species=Sigma_b+ pdg=5222 slice=eta_ge_2 p=33 a=10 file=/data/alice/ipardoza/hadronization_production/HF_RUN3_V1/raw/MONASH/hf_MONASH_job259.root
SIGMAB_COUNTS tag=MONASH species=Sigma_b0 pdg=5212 slice=all p=45 a=18 file=/data/alice/ipardoza/hadronization_production/HF_RUN3_V1/raw/MONASH/hf_MONASH_job259.root
SIGMAB_COUNTS tag=MONASH species=Sigma_b0 pdg=5212 slice=eta_lt_1 p=6 a=5 file=/data/alice/ipardoza/hadronization_production/HF_RUN3_V1/raw/MONASH/hf_MONASH_job259.root
SIGMAB_COUNTS tag=MONASH species=Sigma_b0 pdg=5212 slice=eta_1_2 p=8 a=3 file=/data/alice/ipardoza/hadronization_production/HF_RUN3_V1/raw/MONASH/hf_MONASH_job259.root
SIGMAB_COUNTS tag=MONASH species=Sigma_b0 pdg=5212 slice=eta_ge_2 p=31 a=10 file=/data/alice/ipardoza/hadronization_production/HF_RUN3_V1/raw/MONASH/hf_MONASH_job259.root
SIGMAB_COUNTS tag=MONASH species=Sigma_b- pdg=5112 slice=all p=36 a=16 file=/data/alice/ipardoza/hadronization_production/HF_RUN3_V1/raw/MONASH/hf_MONASH_job259.root
SIGMAB_COUNTS tag=MONASH species=Sigma_b- pdg=5112 slice=eta_lt_1 p=4 a=5 file=/data/alice/ipardoza/hadronization_production/HF_RUN3_V1/raw/MONASH/hf_MONASH_job259.root
SIGMAB_COUNTS tag=MONASH species=Sigma_b- pdg=5112 slice=eta_1_2 p=4 a=4 file=/data/alice/ipardoza/hadronization_production/HF_RUN3_V1/raw/MONASH/hf_MONASH_job259.root
SIGMAB_COUNTS tag=MONASH species=Sigma_b- pdg=5112 slice=eta_ge_2 p=28 a=7 file=/data/alice/ipardoza/hadronization_production/HF_RUN3_V1/raw/MONASH/hf_MONASH_job259.root
SIGMAB_COUNTS tag=MONASH species=Sigma*_b+ pdg=5224 slice=all p=47 a=36 file=/data/alice/ipardoza/hadronization_production/HF_RUN3_V1/raw/MONASH/hf_MONASH_job259.root
SIGMAB_COUNTS tag=MONASH species=Sigma*_b+ pdg=5224 slice=eta_lt_1 p=10 a=5 file=/data/alice/ipardoza/hadronization_production/HF_RUN3_V1/raw/MONASH/hf_MONASH_job259.root
SIGMAB_COUNTS tag=MONASH species=Sigma*_b+ pdg=5224 slice=eta_1_2 p=3 a=11 file=/data/alice/ipardoza/hadronization_production/HF_RUN3_V1/raw/MONASH/hf_MONASH_job259.root
SIGMAB_COUNTS tag=MONASH species=Sigma*_b+ pdg=5224 slice=eta_ge_2 p=34 a=20 file=/data/alice/ipardoza/hadronization_production/HF_RUN3_V1/raw/MONASH/hf_MONASH_job259.root
SIGMAB_COUNTS tag=MONASH species=Sigma*_b0 pdg=5214 slice=all p=52 a=49 file=/data/alice/ipardoza/hadronization_production/HF_RUN3_V1/raw/MONASH/hf_MONASH_job259.root
SIGMAB_COUNTS tag=MONASH species=Sigma*_b0 pdg=5214 slice=eta_lt_1 p=12 a=5 file=/data/alice/ipardoza/hadronization_production/HF_RUN3_V1/raw/MONASH/hf_MONASH_job259.root
SIGMAB_COUNTS tag=MONASH species=Sigma*_b0 pdg=5214 slice=eta_1_2 p=10 a=16 file=/data/alice/ipardoza/hadronization_production/HF_RUN3_V1/raw/MONASH/hf_MONASH_job259.root
SIGMAB_COUNTS tag=MONASH species=Sigma*_b0 pdg=5214 slice=eta_ge_2 p=30 a=28 file=/data/alice/ipardoza/hadronization_production/HF_RUN3_V1/raw/MONASH/hf_MONASH_job259.root
SIGMAB_COUNTS tag=MONASH species=Sigma*_b- pdg=5114 slice=all p=56 a=39 file=/data/alice/ipardoza/hadronization_production/HF_RUN3_V1/raw/MONASH/hf_MONASH_job259.root
SIGMAB_COUNTS tag=MONASH species=Sigma*_b- pdg=5114 slice=eta_lt_1 p=9 a=3 file=/data/alice/ipardoza/hadronization_production/HF_RUN3_V1/raw/MONASH/hf_MONASH_job259.root
SIGMAB_COUNTS tag=MONASH species=Sigma*_b- pdg=5114 slice=eta_1_2 p=15 a=8 file=/data/alice/ipardoza/hadronization_production/HF_RUN3_V1/raw/MONASH/hf_MONASH_job259.root
SIGMAB_COUNTS tag=MONASH species=Sigma*_b- pdg=5114 slice=eta_ge_2 p=32 a=28 file=/data/alice/ipardoza/hadronization_production/HF_RUN3_V1/raw/MONASH/hf_MONASH_job259.root
SIGMAB_COUNTS tag=MONASH species=Lambda_b0 pdg=5122 slice=all p=327 a=317 file=/data/alice/ipardoza/hadronization_production/HF_RUN3_V1/raw/MONASH/hf_MONASH_job259.root
SIGMAB_COUNTS tag=MONASH species=Lambda_b0 pdg=5122 slice=eta_lt_1 p=52 a=48 file=/data/alice/ipardoza/hadronization_production/HF_RUN3_V1/raw/MONASH/hf_MONASH_job259.root
SIGMAB_COUNTS tag=MONASH species=Lambda_b0 pdg=5122 slice=eta_1_2 p=79 a=75 file=/data/alice/ipardoza/hadronization_production/HF_RUN3_V1/raw/MONASH/hf_MONASH_job259.root
SIGMAB_COUNTS tag=MONASH species=Lambda_b0 pdg=5122 slice=eta_ge_2 p=196 a=194 file=/data/alice/ipardoza/hadronization_production/HF_RUN3_V1/raw/MONASH/hf_MONASH_job259.root
SIGMAB_COUNTS tag=MONASH species=Xi_b0 pdg=5232 slice=all p=65 a=55 file=/data/alice/ipardoza/hadronization_production/HF_RUN3_V1/raw/MONASH/hf_MONASH_job259.root
SIGMAB_COUNTS tag=MONASH species=Xi_b0 pdg=5232 slice=eta_lt_1 p=12 a=14 file=/data/alice/ipardoza/hadronization_production/HF_RUN3_V1/raw/MONASH/hf_MONASH_job259.root
SIGMAB_COUNTS tag=MONASH species=Xi_b0 pdg=5232 slice=eta_1_2 p=11 a=8 file=/data/alice/ipardoza/hadronization_production/HF_RUN3_V1/raw/MONASH/hf_MONASH_job259.root
SIGMAB_COUNTS tag=MONASH species=Xi_b0 pdg=5232 slice=eta_ge_2 p=42 a=33 file=/data/alice/ipardoza/hadronization_production/HF_RUN3_V1/raw/MONASH/hf_MONASH_job259.root
SIGMAB_COUNTS tag=MONASH species=Xi_b- pdg=5132 slice=all p=55 a=58 file=/data/alice/ipardoza/hadronization_production/HF_RUN3_V1/raw/MONASH/hf_MONASH_job259.root
SIGMAB_COUNTS tag=MONASH species=Xi_b- pdg=5132 slice=eta_lt_1 p=5 a=12 file=/data/alice/ipardoza/hadronization_production/HF_RUN3_V1/raw/MONASH/hf_MONASH_job259.root
SIGMAB_COUNTS tag=MONASH species=Xi_b- pdg=5132 slice=eta_1_2 p=10 a=19 file=/data/alice/ipardoza/hadronization_production/HF_RUN3_V1/raw/MONASH/hf_MONASH_job259.root
SIGMAB_COUNTS tag=MONASH species=Xi_b- pdg=5132 slice=eta_ge_2 p=40 a=27 file=/data/alice/ipardoza/hadronization_production/HF_RUN3_V1/raw/MONASH/hf_MONASH_job259.root
SIGMAB_COUNTS tag=MONASH species=Sigma_b+ pdg=5222 slice=all p=45 a=26 file=/data/alice/ipardoza/hadronization_production/HF_RUN3_V1/raw/MONASH/hf_MONASH_job260.root
SIGMAB_COUNTS tag=MONASH species=Sigma_b+ pdg=5222 slice=eta_lt_1 p=3 a=6 file=/data/alice/ipardoza/hadronization_production/HF_RUN3_V1/raw/MONASH/hf_MONASH_job260.root
SIGMAB_COUNTS tag=MONASH species=Sigma_b+ pdg=5222 slice=eta_1_2 p=11 a=5 file=/data/alice/ipardoza/hadronization_production/HF_RUN3_V1/raw/MONASH/hf_MONASH_job260.root
SIGMAB_COUNTS tag=MONASH species=Sigma_b+ pdg=5222 slice=eta_ge_2 p=31 a=15 file=/data/alice/ipardoza/hadronization_production/HF_RUN3_V1/raw/MONASH/hf_MONASH_job260.root
SIGMAB_COUNTS tag=MONASH species=Sigma_b0 pdg=5212 slice=all p=54 a=17 file=/data/alice/ipardoza/hadronization_production/HF_RUN3_V1/raw/MONASH/hf_MONASH_job260.root
SIGMAB_COUNTS tag=MONASH species=Sigma_b0 pdg=5212 slice=eta_lt_1 p=7 a=3 file=/data/alice/ipardoza/hadronization_production/HF_RUN3_V1/raw/MONASH/hf_MONASH_job260.root
SIGMAB_COUNTS tag=MONASH species=Sigma_b0 pdg=5212 slice=eta_1_2 p=10 a=5 file=/data/alice/ipardoza/hadronization_production/HF_RUN3_V1/raw/MONASH/hf_MONASH_job260.root
SIGMAB_COUNTS tag=MONASH species=Sigma_b0 pdg=5212 slice=eta_ge_2 p=37 a=9 file=/data/alice/ipardoza/hadronization_production/HF_RUN3_V1/raw/MONASH/hf_MONASH_job260.root
SIGMAB_COUNTS tag=MONASH species=Sigma_b- pdg=5112 slice=all p=33 a=23 file=/data/alice/ipardoza/hadronization_production/HF_RUN3_V1/raw/MONASH/hf_MONASH_job260.root
SIGMAB_COUNTS tag=MONASH species=Sigma_b- pdg=5112 slice=eta_lt_1 p=7 a=7 file=/data/alice/ipardoza/hadronization_production/HF_RUN3_V1/raw/MONASH/hf_MONASH_job260.root
SIGMAB_COUNTS tag=MONASH species=Sigma_b- pdg=5112 slice=eta_1_2 p=7 a=3 file=/data/alice/ipardoza/hadronization_production/HF_RUN3_V1/raw/MONASH/hf_MONASH_job260.root
SIGMAB_COUNTS tag=MONASH species=Sigma_b- pdg=5112 slice=eta_ge_2 p=19 a=13 file=/data/alice/ipardoza/hadronization_production/HF_RUN3_V1/raw/MONASH/hf_MONASH_job260.root
SIGMAB_COUNTS tag=MONASH species=Sigma*_b+ pdg=5224 slice=all p=55 a=48 file=/data/alice/ipardoza/hadronization_production/HF_RUN3_V1/raw/MONASH/hf_MONASH_job260.root
SIGMAB_COUNTS tag=MONASH species=Sigma*_b+ pdg=5224 slice=eta_lt_1 p=11 a=8 file=/data/alice/ipardoza/hadronization_production/HF_RUN3_V1/raw/MONASH/hf_MONASH_job260.root
SIGMAB_COUNTS tag=MONASH species=Sigma*_b+ pdg=5224 slice=eta_1_2 p=7 a=11 file=/data/alice/ipardoza/hadronization_production/HF_RUN3_V1/raw/MONASH/hf_MONASH_job260.root
SIGMAB_COUNTS tag=MONASH species=Sigma*_b+ pdg=5224 slice=eta_ge_2 p=37 a=29 file=/data/alice/ipardoza/hadronization_production/HF_RUN3_V1/raw/MONASH/hf_MONASH_job260.root
SIGMAB_COUNTS tag=MONASH species=Sigma*_b0 pdg=5214 slice=all p=63 a=44 file=/data/alice/ipardoza/hadronization_production/HF_RUN3_V1/raw/MONASH/hf_MONASH_job260.root
SIGMAB_COUNTS tag=MONASH species=Sigma*_b0 pdg=5214 slice=eta_lt_1 p=10 a=7 file=/data/alice/ipardoza/hadronization_production/HF_RUN3_V1/raw/MONASH/hf_MONASH_job260.root
SIGMAB_COUNTS tag=MONASH species=Sigma*_b0 pdg=5214 slice=eta_1_2 p=8 a=7 file=/data/alice/ipardoza/hadronization_production/HF_RUN3_V1/raw/MONASH/hf_MONASH_job260.root
SIGMAB_COUNTS tag=MONASH species=Sigma*_b0 pdg=5214 slice=eta_ge_2 p=45 a=30 file=/data/alice/ipardoza/hadronization_production/HF_RUN3_V1/raw/MONASH/hf_MONASH_job260.root
SIGMAB_COUNTS tag=MONASH species=Sigma*_b- pdg=5114 slice=all p=42 a=37 file=/data/alice/ipardoza/hadronization_production/HF_RUN3_V1/raw/MONASH/hf_MONASH_job260.root
SIGMAB_COUNTS tag=MONASH species=Sigma*_b- pdg=5114 slice=eta_lt_1 p=7 a=2 file=/data/alice/ipardoza/hadronization_production/HF_RUN3_V1/raw/MONASH/hf_MONASH_job260.root
SIGMAB_COUNTS tag=MONASH species=Sigma*_b- pdg=5114 slice=eta_1_2 p=9 a=12 file=/data/alice/ipardoza/hadronization_production/HF_RUN3_V1/raw/MONASH/hf_MONASH_job260.root
SIGMAB_COUNTS tag=MONASH species=Sigma*_b- pdg=5114 slice=eta_ge_2 p=26 a=23 file=/data/alice/ipardoza/hadronization_production/HF_RUN3_V1/raw/MONASH/hf_MONASH_job260.root
SIGMAB_COUNTS tag=MONASH species=Lambda_b0 pdg=5122 slice=all p=315 a=281 file=/data/alice/ipardoza/hadronization_production/HF_RUN3_V1/raw/MONASH/hf_MONASH_job260.root
SIGMAB_COUNTS tag=MONASH species=Lambda_b0 pdg=5122 slice=eta_lt_1 p=68 a=54 file=/data/alice/ipardoza/hadronization_production/HF_RUN3_V1/raw/MONASH/hf_MONASH_job260.root
SIGMAB_COUNTS tag=MONASH species=Lambda_b0 pdg=5122 slice=eta_1_2 p=81 a=58 file=/data/alice/ipardoza/hadronization_production/HF_RUN3_V1/raw/MONASH/hf_MONASH_job260.root
SIGMAB_COUNTS tag=MONASH species=Lambda_b0 pdg=5122 slice=eta_ge_2 p=166 a=169 file=/data/alice/ipardoza/hadronization_production/HF_RUN3_V1/raw/MONASH/hf_MONASH_job260.root
SIGMAB_COUNTS tag=MONASH species=Xi_b0 pdg=5232 slice=all p=60 a=47 file=/data/alice/ipardoza/hadronization_production/HF_RUN3_V1/raw/MONASH/hf_MONASH_job260.root
SIGMAB_COUNTS tag=MONASH species=Xi_b0 pdg=5232 slice=eta_lt_1 p=11 a=8 file=/data/alice/ipardoza/hadronization_production/HF_RUN3_V1/raw/MONASH/hf_MONASH_job260.root
SIGMAB_COUNTS tag=MONASH species=Xi_b0 pdg=5232 slice=eta_1_2 p=13 a=14 file=/data/alice/ipardoza/hadronization_production/HF_RUN3_V1/raw/MONASH/hf_MONASH_job260.root
SIGMAB_COUNTS tag=MONASH species=Xi_b0 pdg=5232 slice=eta_ge_2 p=36 a=25 file=/data/alice/ipardoza/hadronization_production/HF_RUN3_V1/raw/MONASH/hf_MONASH_job260.root
SIGMAB_COUNTS tag=MONASH species=Xi_b- pdg=5132 slice=all p=54 a=58 file=/data/alice/ipardoza/hadronization_production/HF_RUN3_V1/raw/MONASH/hf_MONASH_job260.root
SIGMAB_COUNTS tag=MONASH species=Xi_b- pdg=5132 slice=eta_lt_1 p=12 a=9 file=/data/alice/ipardoza/hadronization_production/HF_RUN3_V1/raw/MONASH/hf_MONASH_job260.root
SIGMAB_COUNTS tag=MONASH species=Xi_b- pdg=5132 slice=eta_1_2 p=10 a=12 file=/data/alice/ipardoza/hadronization_production/HF_RUN3_V1/raw/MONASH/hf_MONASH_job260.root
SIGMAB_COUNTS tag=MONASH species=Xi_b- pdg=5132 slice=eta_ge_2 p=32 a=37 file=/data/alice/ipardoza/hadronization_production/HF_RUN3_V1/raw/MONASH/hf_MONASH_job260.root
SIGMAB_COUNTS tag=MONASH species=Sigma_b+ pdg=5222 slice=all p=36 a=29 file=/data/alice/ipardoza/hadronization_production/HF_RUN3_V1/raw/MONASH/hf_MONASH_job261.root
SIGMAB_COUNTS tag=MONASH species=Sigma_b+ pdg=5222 slice=eta_lt_1 p=5 a=6 file=/data/alice/ipardoza/hadronization_production/HF_RUN3_V1/raw/MONASH/hf_MONASH_job261.root
SIGMAB_COUNTS tag=MONASH species=Sigma_b+ pdg=5222 slice=eta_1_2 p=10 a=8 file=/data/alice/ipardoza/hadronization_production/HF_RUN3_V1/raw/MONASH/hf_MONASH_job261.root
SIGMAB_COUNTS tag=MONASH species=Sigma_b+ pdg=5222 slice=eta_ge_2 p=21 a=15 file=/data/alice/ipardoza/hadronization_production/HF_RUN3_V1/raw/MONASH/hf_MONASH_job261.root
SIGMAB_COUNTS tag=MONASH species=Sigma_b0 pdg=5212 slice=all p=33 a=17 file=/data/alice/ipardoza/hadronization_production/HF_RUN3_V1/raw/MONASH/hf_MONASH_job261.root
SIGMAB_COUNTS tag=MONASH species=Sigma_b0 pdg=5212 slice=eta_lt_1 p=6 a=5 file=/data/alice/ipardoza/hadronization_production/HF_RUN3_V1/raw/MONASH/hf_MONASH_job261.root
SIGMAB_COUNTS tag=MONASH species=Sigma_b0 pdg=5212 slice=eta_1_2 p=6 a=2 file=/data/alice/ipardoza/hadronization_production/HF_RUN3_V1/raw/MONASH/hf_MONASH_job261.root
SIGMAB_COUNTS tag=MONASH species=Sigma_b0 pdg=5212 slice=eta_ge_2 p=21 a=10 file=/data/alice/ipardoza/hadronization_production/HF_RUN3_V1/raw/MONASH/hf_MONASH_job261.root
SIGMAB_COUNTS tag=MONASH species=Sigma_b- pdg=5112 slice=all p=40 a=12 file=/data/alice/ipardoza/hadronization_production/HF_RUN3_V1/raw/MONASH/hf_MONASH_job261.root
SIGMAB_COUNTS tag=MONASH species=Sigma_b- pdg=5112 slice=eta_lt_1 p=7 a=4 file=/data/alice/ipardoza/hadronization_production/HF_RUN3_V1/raw/MONASH/hf_MONASH_job261.root
SIGMAB_COUNTS tag=MONASH species=Sigma_b- pdg=5112 slice=eta_1_2 p=9 a=2 file=/data/alice/ipardoza/hadronization_production/HF_RUN3_V1/raw/MONASH/hf_MONASH_job261.root
SIGMAB_COUNTS tag=MONASH species=Sigma_b- pdg=5112 slice=eta_ge_2 p=24 a=6 file=/data/alice/ipardoza/hadronization_production/HF_RUN3_V1/raw/MONASH/hf_MONASH_job261.root
SIGMAB_COUNTS tag=MONASH species=Sigma*_b+ pdg=5224 slice=all p=48 a=38 file=/data/alice/ipardoza/hadronization_production/HF_RUN3_V1/raw/MONASH/hf_MONASH_job261.root
SIGMAB_COUNTS tag=MONASH species=Sigma*_b+ pdg=5224 slice=eta_lt_1 p=7 a=4 file=/data/alice/ipardoza/hadronization_production/HF_RUN3_V1/raw/MONASH/hf_MONASH_job261.root
SIGMAB_COUNTS tag=MONASH species=Sigma*_b+ pdg=5224 slice=eta_1_2 p=14 a=10 file=/data/alice/ipardoza/hadronization_production/HF_RUN3_V1/raw/MONASH/hf_MONASH_job261.root
SIGMAB_COUNTS tag=MONASH species=Sigma*_b+ pdg=5224 slice=eta_ge_2 p=27 a=24 file=/data/alice/ipardoza/hadronization_production/HF_RUN3_V1/raw/MONASH/hf_MONASH_job261.root
SIGMAB_COUNTS tag=MONASH species=Sigma*_b0 pdg=5214 slice=all p=58 a=25 file=/data/alice/ipardoza/hadronization_production/HF_RUN3_V1/raw/MONASH/hf_MONASH_job261.root
SIGMAB_COUNTS tag=MONASH species=Sigma*_b0 pdg=5214 slice=eta_lt_1 p=10 a=4 file=/data/alice/ipardoza/hadronization_production/HF_RUN3_V1/raw/MONASH/hf_MONASH_job261.root
SIGMAB_COUNTS tag=MONASH species=Sigma*_b0 pdg=5214 slice=eta_1_2 p=16 a=4 file=/data/alice/ipardoza/hadronization_production/HF_RUN3_V1/raw/MONASH/hf_MONASH_job261.root
SIGMAB_COUNTS tag=MONASH species=Sigma*_b0 pdg=5214 slice=eta_ge_2 p=32 a=17 file=/data/alice/ipardoza/hadronization_production/HF_RUN3_V1/raw/MONASH/hf_MONASH_job261.root
SIGMAB_COUNTS tag=MONASH species=Sigma*_b- pdg=5114 slice=all p=41 a=41 file=/data/alice/ipardoza/hadronization_production/HF_RUN3_V1/raw/MONASH/hf_MONASH_job261.root
SIGMAB_COUNTS tag=MONASH species=Sigma*_b- pdg=5114 slice=eta_lt_1 p=9 a=9 file=/data/alice/ipardoza/hadronization_production/HF_RUN3_V1/raw/MONASH/hf_MONASH_job261.root
SIGMAB_COUNTS tag=MONASH species=Sigma*_b- pdg=5114 slice=eta_1_2 p=8 a=7 file=/data/alice/ipardoza/hadronization_production/HF_RUN3_V1/raw/MONASH/hf_MONASH_job261.root
SIGMAB_COUNTS tag=MONASH species=Sigma*_b- pdg=5114 slice=eta_ge_2 p=24 a=25 file=/data/alice/ipardoza/hadronization_production/HF_RUN3_V1/raw/MONASH/hf_MONASH_job261.root
SIGMAB_COUNTS tag=MONASH species=Lambda_b0 pdg=5122 slice=all p=319 a=329 file=/data/alice/ipardoza/hadronization_production/HF_RUN3_V1/raw/MONASH/hf_MONASH_job261.root
SIGMAB_COUNTS tag=MONASH species=Lambda_b0 pdg=5122 slice=eta_lt_1 p=65 a=66 file=/data/alice/ipardoza/hadronization_production/HF_RUN3_V1/raw/MONASH/hf_MONASH_job261.root
SIGMAB_COUNTS tag=MONASH species=Lambda_b0 pdg=5122 slice=eta_1_2 p=51 a=62 file=/data/alice/ipardoza/hadronization_production/HF_RUN3_V1/raw/MONASH/hf_MONASH_job261.root
SIGMAB_COUNTS tag=MONASH species=Lambda_b0 pdg=5122 slice=eta_ge_2 p=203 a=201 file=/data/alice/ipardoza/hadronization_production/HF_RUN3_V1/raw/MONASH/hf_MONASH_job261.root
SIGMAB_COUNTS tag=MONASH species=Xi_b0 pdg=5232 slice=all p=50 a=50 file=/data/alice/ipardoza/hadronization_production/HF_RUN3_V1/raw/MONASH/hf_MONASH_job261.root
SIGMAB_COUNTS tag=MONASH species=Xi_b0 pdg=5232 slice=eta_lt_1 p=9 a=13 file=/data/alice/ipardoza/hadronization_production/HF_RUN3_V1/raw/MONASH/hf_MONASH_job261.root
SIGMAB_COUNTS tag=MONASH species=Xi_b0 pdg=5232 slice=eta_1_2 p=9 a=14 file=/data/alice/ipardoza/hadronization_production/HF_RUN3_V1/raw/MONASH/hf_MONASH_job261.root
SIGMAB_COUNTS tag=MONASH species=Xi_b0 pdg=5232 slice=eta_ge_2 p=32 a=23 file=/data/alice/ipardoza/hadronization_production/HF_RUN3_V1/raw/MONASH/hf_MONASH_job261.root
SIGMAB_COUNTS tag=MONASH species=Xi_b- pdg=5132 slice=all p=60 a=52 file=/data/alice/ipardoza/hadronization_production/HF_RUN3_V1/raw/MONASH/hf_MONASH_job261.root
SIGMAB_COUNTS tag=MONASH species=Xi_b- pdg=5132 slice=eta_lt_1 p=11 a=6 file=/data/alice/ipardoza/hadronization_production/HF_RUN3_V1/raw/MONASH/hf_MONASH_job261.root
SIGMAB_COUNTS tag=MONASH species=Xi_b- pdg=5132 slice=eta_1_2 p=9 a=7 file=/data/alice/ipardoza/hadronization_production/HF_RUN3_V1/raw/MONASH/hf_MONASH_job261.root
SIGMAB_COUNTS tag=MONASH species=Xi_b- pdg=5132 slice=eta_ge_2 p=40 a=39 file=/data/alice/ipardoza/hadronization_production/HF_RUN3_V1/raw/MONASH/hf_MONASH_job261.root
SIGMAB_COUNTS tag=MONASH species=Sigma_b+ pdg=5222 slice=all p=43 a=21 file=/data/alice/ipardoza/hadronization_production/HF_RUN3_V1/raw/MONASH/hf_MONASH_job262.root
SIGMAB_COUNTS tag=MONASH species=Sigma_b+ pdg=5222 slice=eta_lt_1 p=7 a=3 file=/data/alice/ipardoza/hadronization_production/HF_RUN3_V1/raw/MONASH/hf_MONASH_job262.root
SIGMAB_COUNTS tag=MONASH species=Sigma_b+ pdg=5222 slice=eta_1_2 p=9 a=6 file=/data/alice/ipardoza/hadronization_production/HF_RUN3_V1/raw/MONASH/hf_MONASH_job262.root
SIGMAB_COUNTS tag=MONASH species=Sigma_b+ pdg=5222 slice=eta_ge_2 p=27 a=12 file=/data/alice/ipardoza/hadronization_production/HF_RUN3_V1/raw/MONASH/hf_MONASH_job262.root
SIGMAB_COUNTS tag=MONASH species=Sigma_b0 pdg=5212 slice=all p=40 a=13 file=/data/alice/ipardoza/hadronization_production/HF_RUN3_V1/raw/MONASH/hf_MONASH_job262.root
SIGMAB_COUNTS tag=MONASH species=Sigma_b0 pdg=5212 slice=eta_lt_1 p=3 a=4 file=/data/alice/ipardoza/hadronization_production/HF_RUN3_V1/raw/MONASH/hf_MONASH_job262.root
SIGMAB_COUNTS tag=MONASH species=Sigma_b0 pdg=5212 slice=eta_1_2 p=11 a=2 file=/data/alice/ipardoza/hadronization_production/HF_RUN3_V1/raw/MONASH/hf_MONASH_job262.root
SIGMAB_COUNTS tag=MONASH species=Sigma_b0 pdg=5212 slice=eta_ge_2 p=26 a=7 file=/data/alice/ipardoza/hadronization_production/HF_RUN3_V1/raw/MONASH/hf_MONASH_job262.root
SIGMAB_COUNTS tag=MONASH species=Sigma_b- pdg=5112 slice=all p=29 a=20 file=/data/alice/ipardoza/hadronization_production/HF_RUN3_V1/raw/MONASH/hf_MONASH_job262.root
SIGMAB_COUNTS tag=MONASH species=Sigma_b- pdg=5112 slice=eta_lt_1 p=5 a=1 file=/data/alice/ipardoza/hadronization_production/HF_RUN3_V1/raw/MONASH/hf_MONASH_job262.root
SIGMAB_COUNTS tag=MONASH species=Sigma_b- pdg=5112 slice=eta_1_2 p=8 a=5 file=/data/alice/ipardoza/hadronization_production/HF_RUN3_V1/raw/MONASH/hf_MONASH_job262.root
SIGMAB_COUNTS tag=MONASH species=Sigma_b- pdg=5112 slice=eta_ge_2 p=16 a=14 file=/data/alice/ipardoza/hadronization_production/HF_RUN3_V1/raw/MONASH/hf_MONASH_job262.root
SIGMAB_COUNTS tag=MONASH species=Sigma*_b+ pdg=5224 slice=all p=50 a=47 file=/data/alice/ipardoza/hadronization_production/HF_RUN3_V1/raw/MONASH/hf_MONASH_job262.root
SIGMAB_COUNTS tag=MONASH species=Sigma*_b+ pdg=5224 slice=eta_lt_1 p=12 a=6 file=/data/alice/ipardoza/hadronization_production/HF_RUN3_V1/raw/MONASH/hf_MONASH_job262.root
SIGMAB_COUNTS tag=MONASH species=Sigma*_b+ pdg=5224 slice=eta_1_2 p=7 a=12 file=/data/alice/ipardoza/hadronization_production/HF_RUN3_V1/raw/MONASH/hf_MONASH_job262.root
SIGMAB_COUNTS tag=MONASH species=Sigma*_b+ pdg=5224 slice=eta_ge_2 p=31 a=29 file=/data/alice/ipardoza/hadronization_production/HF_RUN3_V1/raw/MONASH/hf_MONASH_job262.root
SIGMAB_COUNTS tag=MONASH species=Sigma*_b0 pdg=5214 slice=all p=62 a=28 file=/data/alice/ipardoza/hadronization_production/HF_RUN3_V1/raw/MONASH/hf_MONASH_job262.root
SIGMAB_COUNTS tag=MONASH species=Sigma*_b0 pdg=5214 slice=eta_lt_1 p=6 a=4 file=/data/alice/ipardoza/hadronization_production/HF_RUN3_V1/raw/MONASH/hf_MONASH_job262.root
SIGMAB_COUNTS tag=MONASH species=Sigma*_b0 pdg=5214 slice=eta_1_2 p=9 a=6 file=/data/alice/ipardoza/hadronization_production/HF_RUN3_V1/raw/MONASH/hf_MONASH_job262.root
SIGMAB_COUNTS tag=MONASH species=Sigma*_b0 pdg=5214 slice=eta_ge_2 p=47 a=18 file=/data/alice/ipardoza/hadronization_production/HF_RUN3_V1/raw/MONASH/hf_MONASH_job262.root
SIGMAB_COUNTS tag=MONASH species=Sigma*_b- pdg=5114 slice=all p=40 a=32 file=/data/alice/ipardoza/hadronization_production/HF_RUN3_V1/raw/MONASH/hf_MONASH_job262.root
SIGMAB_COUNTS tag=MONASH species=Sigma*_b- pdg=5114 slice=eta_lt_1 p=5 a=2 file=/data/alice/ipardoza/hadronization_production/HF_RUN3_V1/raw/MONASH/hf_MONASH_job262.root
SIGMAB_COUNTS tag=MONASH species=Sigma*_b- pdg=5114 slice=eta_1_2 p=14 a=12 file=/data/alice/ipardoza/hadronization_production/HF_RUN3_V1/raw/MONASH/hf_MONASH_job262.root
SIGMAB_COUNTS tag=MONASH species=Sigma*_b- pdg=5114 slice=eta_ge_2 p=21 a=18 file=/data/alice/ipardoza/hadronization_production/HF_RUN3_V1/raw/MONASH/hf_MONASH_job262.root
SIGMAB_COUNTS tag=MONASH species=Lambda_b0 pdg=5122 slice=all p=289 a=292 file=/data/alice/ipardoza/hadronization_production/HF_RUN3_V1/raw/MONASH/hf_MONASH_job262.root
SIGMAB_COUNTS tag=MONASH species=Lambda_b0 pdg=5122 slice=eta_lt_1 p=59 a=51 file=/data/alice/ipardoza/hadronization_production/HF_RUN3_V1/raw/MONASH/hf_MONASH_job262.root
SIGMAB_COUNTS tag=MONASH species=Lambda_b0 pdg=5122 slice=eta_1_2 p=61 a=85 file=/data/alice/ipardoza/hadronization_production/HF_RUN3_V1/raw/MONASH/hf_MONASH_job262.root
SIGMAB_COUNTS tag=MONASH species=Lambda_b0 pdg=5122 slice=eta_ge_2 p=169 a=156 file=/data/alice/ipardoza/hadronization_production/HF_RUN3_V1/raw/MONASH/hf_MONASH_job262.root
SIGMAB_COUNTS tag=MONASH species=Xi_b0 pdg=5232 slice=all p=51 a=50 file=/data/alice/ipardoza/hadronization_production/HF_RUN3_V1/raw/MONASH/hf_MONASH_job262.root
SIGMAB_COUNTS tag=MONASH species=Xi_b0 pdg=5232 slice=eta_lt_1 p=12 a=4 file=/data/alice/ipardoza/hadronization_production/HF_RUN3_V1/raw/MONASH/hf_MONASH_job262.root
SIGMAB_COUNTS tag=MONASH species=Xi_b0 pdg=5232 slice=eta_1_2 p=7 a=8 file=/data/alice/ipardoza/hadronization_production/HF_RUN3_V1/raw/MONASH/hf_MONASH_job262.root
SIGMAB_COUNTS tag=MONASH species=Xi_b0 pdg=5232 slice=eta_ge_2 p=32 a=38 file=/data/alice/ipardoza/hadronization_production/HF_RUN3_V1/raw/MONASH/hf_MONASH_job262.root
SIGMAB_COUNTS tag=MONASH species=Xi_b- pdg=5132 slice=all p=65 a=53 file=/data/alice/ipardoza/hadronization_production/HF_RUN3_V1/raw/MONASH/hf_MONASH_job262.root
SIGMAB_COUNTS tag=MONASH species=Xi_b- pdg=5132 slice=eta_lt_1 p=7 a=13 file=/data/alice/ipardoza/hadronization_production/HF_RUN3_V1/raw/MONASH/hf_MONASH_job262.root
SIGMAB_COUNTS tag=MONASH species=Xi_b- pdg=5132 slice=eta_1_2 p=13 a=9 file=/data/alice/ipardoza/hadronization_production/HF_RUN3_V1/raw/MONASH/hf_MONASH_job262.root
SIGMAB_COUNTS tag=MONASH species=Xi_b- pdg=5132 slice=eta_ge_2 p=45 a=31 file=/data/alice/ipardoza/hadronization_production/HF_RUN3_V1/raw/MONASH/hf_MONASH_job262.root
SIGMAB_COUNTS tag=MONASH species=Sigma_b+ pdg=5222 slice=all p=32 a=30 file=/data/alice/ipardoza/hadronization_production/HF_RUN3_V1/raw/MONASH/hf_MONASH_job263.root
SIGMAB_COUNTS tag=MONASH species=Sigma_b+ pdg=5222 slice=eta_lt_1 p=2 a=9 file=/data/alice/ipardoza/hadronization_production/HF_RUN3_V1/raw/MONASH/hf_MONASH_job263.root
SIGMAB_COUNTS tag=MONASH species=Sigma_b+ pdg=5222 slice=eta_1_2 p=7 a=9 file=/data/alice/ipardoza/hadronization_production/HF_RUN3_V1/raw/MONASH/hf_MONASH_job263.root
SIGMAB_COUNTS tag=MONASH species=Sigma_b+ pdg=5222 slice=eta_ge_2 p=23 a=12 file=/data/alice/ipardoza/hadronization_production/HF_RUN3_V1/raw/MONASH/hf_MONASH_job263.root
SIGMAB_COUNTS tag=MONASH species=Sigma_b0 pdg=5212 slice=all p=40 a=16 file=/data/alice/ipardoza/hadronization_production/HF_RUN3_V1/raw/MONASH/hf_MONASH_job263.root
SIGMAB_COUNTS tag=MONASH species=Sigma_b0 pdg=5212 slice=eta_lt_1 p=6 a=2 file=/data/alice/ipardoza/hadronization_production/HF_RUN3_V1/raw/MONASH/hf_MONASH_job263.root
SIGMAB_COUNTS tag=MONASH species=Sigma_b0 pdg=5212 slice=eta_1_2 p=9 a=5 file=/data/alice/ipardoza/hadronization_production/HF_RUN3_V1/raw/MONASH/hf_MONASH_job263.root
SIGMAB_COUNTS tag=MONASH species=Sigma_b0 pdg=5212 slice=eta_ge_2 p=25 a=9 file=/data/alice/ipardoza/hadronization_production/HF_RUN3_V1/raw/MONASH/hf_MONASH_job263.root
SIGMAB_COUNTS tag=MONASH species=Sigma_b- pdg=5112 slice=all p=33 a=18 file=/data/alice/ipardoza/hadronization_production/HF_RUN3_V1/raw/MONASH/hf_MONASH_job263.root
SIGMAB_COUNTS tag=MONASH species=Sigma_b- pdg=5112 slice=eta_lt_1 p=2 a=3 file=/data/alice/ipardoza/hadronization_production/HF_RUN3_V1/raw/MONASH/hf_MONASH_job263.root
SIGMAB_COUNTS tag=MONASH species=Sigma_b- pdg=5112 slice=eta_1_2 p=5 a=1 file=/data/alice/ipardoza/hadronization_production/HF_RUN3_V1/raw/MONASH/hf_MONASH_job263.root
SIGMAB_COUNTS tag=MONASH species=Sigma_b- pdg=5112 slice=eta_ge_2 p=26 a=14 file=/data/alice/ipardoza/hadronization_production/HF_RUN3_V1/raw/MONASH/hf_MONASH_job263.root
SIGMAB_COUNTS tag=MONASH species=Sigma*_b+ pdg=5224 slice=all p=42 a=45 file=/data/alice/ipardoza/hadronization_production/HF_RUN3_V1/raw/MONASH/hf_MONASH_job263.root
SIGMAB_COUNTS tag=MONASH species=Sigma*_b+ pdg=5224 slice=eta_lt_1 p=7 a=12 file=/data/alice/ipardoza/hadronization_production/HF_RUN3_V1/raw/MONASH/hf_MONASH_job263.root
SIGMAB_COUNTS tag=MONASH species=Sigma*_b+ pdg=5224 slice=eta_1_2 p=6 a=9 file=/data/alice/ipardoza/hadronization_production/HF_RUN3_V1/raw/MONASH/hf_MONASH_job263.root
SIGMAB_COUNTS tag=MONASH species=Sigma*_b+ pdg=5224 slice=eta_ge_2 p=29 a=24 file=/data/alice/ipardoza/hadronization_production/HF_RUN3_V1/raw/MONASH/hf_MONASH_job263.root
SIGMAB_COUNTS tag=MONASH species=Sigma*_b0 pdg=5214 slice=all p=62 a=25 file=/data/alice/ipardoza/hadronization_production/HF_RUN3_V1/raw/MONASH/hf_MONASH_job263.root
SIGMAB_COUNTS tag=MONASH species=Sigma*_b0 pdg=5214 slice=eta_lt_1 p=13 a=5 file=/data/alice/ipardoza/hadronization_production/HF_RUN3_V1/raw/MONASH/hf_MONASH_job263.root
SIGMAB_COUNTS tag=MONASH species=Sigma*_b0 pdg=5214 slice=eta_1_2 p=12 a=6 file=/data/alice/ipardoza/hadronization_production/HF_RUN3_V1/raw/MONASH/hf_MONASH_job263.root
SIGMAB_COUNTS tag=MONASH species=Sigma*_b0 pdg=5214 slice=eta_ge_2 p=37 a=14 file=/data/alice/ipardoza/hadronization_production/HF_RUN3_V1/raw/MONASH/hf_MONASH_job263.root
SIGMAB_COUNTS tag=MONASH species=Sigma*_b- pdg=5114 slice=all p=48 a=36 file=/data/alice/ipardoza/hadronization_production/HF_RUN3_V1/raw/MONASH/hf_MONASH_job263.root
SIGMAB_COUNTS tag=MONASH species=Sigma*_b- pdg=5114 slice=eta_lt_1 p=8 a=7 file=/data/alice/ipardoza/hadronization_production/HF_RUN3_V1/raw/MONASH/hf_MONASH_job263.root
SIGMAB_COUNTS tag=MONASH species=Sigma*_b- pdg=5114 slice=eta_1_2 p=11 a=7 file=/data/alice/ipardoza/hadronization_production/HF_RUN3_V1/raw/MONASH/hf_MONASH_job263.root
SIGMAB_COUNTS tag=MONASH species=Sigma*_b- pdg=5114 slice=eta_ge_2 p=29 a=22 file=/data/alice/ipardoza/hadronization_production/HF_RUN3_V1/raw/MONASH/hf_MONASH_job263.root
SIGMAB_COUNTS tag=MONASH species=Lambda_b0 pdg=5122 slice=all p=301 a=302 file=/data/alice/ipardoza/hadronization_production/HF_RUN3_V1/raw/MONASH/hf_MONASH_job263.root
SIGMAB_COUNTS tag=MONASH species=Lambda_b0 pdg=5122 slice=eta_lt_1 p=57 a=52 file=/data/alice/ipardoza/hadronization_production/HF_RUN3_V1/raw/MONASH/hf_MONASH_job263.root
SIGMAB_COUNTS tag=MONASH species=Lambda_b0 pdg=5122 slice=eta_1_2 p=67 a=72 file=/data/alice/ipardoza/hadronization_production/HF_RUN3_V1/raw/MONASH/hf_MONASH_job263.root
SIGMAB_COUNTS tag=MONASH species=Lambda_b0 pdg=5122 slice=eta_ge_2 p=177 a=178 file=/data/alice/ipardoza/hadronization_production/HF_RUN3_V1/raw/MONASH/hf_MONASH_job263.root
SIGMAB_COUNTS tag=MONASH species=Xi_b0 pdg=5232 slice=all p=62 a=58 file=/data/alice/ipardoza/hadronization_production/HF_RUN3_V1/raw/MONASH/hf_MONASH_job263.root
SIGMAB_COUNTS tag=MONASH species=Xi_b0 pdg=5232 slice=eta_lt_1 p=7 a=8 file=/data/alice/ipardoza/hadronization_production/HF_RUN3_V1/raw/MONASH/hf_MONASH_job263.root
SIGMAB_COUNTS tag=MONASH species=Xi_b0 pdg=5232 slice=eta_1_2 p=14 a=15 file=/data/alice/ipardoza/hadronization_production/HF_RUN3_V1/raw/MONASH/hf_MONASH_job263.root
SIGMAB_COUNTS tag=MONASH species=Xi_b0 pdg=5232 slice=eta_ge_2 p=41 a=35 file=/data/alice/ipardoza/hadronization_production/HF_RUN3_V1/raw/MONASH/hf_MONASH_job263.root
SIGMAB_COUNTS tag=MONASH species=Xi_b- pdg=5132 slice=all p=49 a=59 file=/data/alice/ipardoza/hadronization_production/HF_RUN3_V1/raw/MONASH/hf_MONASH_job263.root
SIGMAB_COUNTS tag=MONASH species=Xi_b- pdg=5132 slice=eta_lt_1 p=6 a=13 file=/data/alice/ipardoza/hadronization_production/HF_RUN3_V1/raw/MONASH/hf_MONASH_job263.root
SIGMAB_COUNTS tag=MONASH species=Xi_b- pdg=5132 slice=eta_1_2 p=11 a=16 file=/data/alice/ipardoza/hadronization_production/HF_RUN3_V1/raw/MONASH/hf_MONASH_job263.root
SIGMAB_COUNTS tag=MONASH species=Xi_b- pdg=5132 slice=eta_ge_2 p=32 a=30 file=/data/alice/ipardoza/hadronization_production/HF_RUN3_V1/raw/MONASH/hf_MONASH_job263.root
SIGMAB_COUNTS tag=MONASH species=Sigma_b+ pdg=5222 slice=all p=35 a=21 file=/data/alice/ipardoza/hadronization_production/HF_RUN3_V1/raw/MONASH/hf_MONASH_job264.root
SIGMAB_COUNTS tag=MONASH species=Sigma_b+ pdg=5222 slice=eta_lt_1 p=7 a=4 file=/data/alice/ipardoza/hadronization_production/HF_RUN3_V1/raw/MONASH/hf_MONASH_job264.root
SIGMAB_COUNTS tag=MONASH species=Sigma_b+ pdg=5222 slice=eta_1_2 p=8 a=5 file=/data/alice/ipardoza/hadronization_production/HF_RUN3_V1/raw/MONASH/hf_MONASH_job264.root
SIGMAB_COUNTS tag=MONASH species=Sigma_b+ pdg=5222 slice=eta_ge_2 p=20 a=12 file=/data/alice/ipardoza/hadronization_production/HF_RUN3_V1/raw/MONASH/hf_MONASH_job264.root
SIGMAB_COUNTS tag=MONASH species=Sigma_b0 pdg=5212 slice=all p=39 a=17 file=/data/alice/ipardoza/hadronization_production/HF_RUN3_V1/raw/MONASH/hf_MONASH_job264.root
SIGMAB_COUNTS tag=MONASH species=Sigma_b0 pdg=5212 slice=eta_lt_1 p=2 a=2 file=/data/alice/ipardoza/hadronization_production/HF_RUN3_V1/raw/MONASH/hf_MONASH_job264.root
SIGMAB_COUNTS tag=MONASH species=Sigma_b0 pdg=5212 slice=eta_1_2 p=8 a=1 file=/data/alice/ipardoza/hadronization_production/HF_RUN3_V1/raw/MONASH/hf_MONASH_job264.root
SIGMAB_COUNTS tag=MONASH species=Sigma_b0 pdg=5212 slice=eta_ge_2 p=29 a=14 file=/data/alice/ipardoza/hadronization_production/HF_RUN3_V1/raw/MONASH/hf_MONASH_job264.root
SIGMAB_COUNTS tag=MONASH species=Sigma_b- pdg=5112 slice=all p=35 a=26 file=/data/alice/ipardoza/hadronization_production/HF_RUN3_V1/raw/MONASH/hf_MONASH_job264.root
SIGMAB_COUNTS tag=MONASH species=Sigma_b- pdg=5112 slice=eta_lt_1 p=11 a=6 file=/data/alice/ipardoza/hadronization_production/HF_RUN3_V1/raw/MONASH/hf_MONASH_job264.root
SIGMAB_COUNTS tag=MONASH species=Sigma_b- pdg=5112 slice=eta_1_2 p=2 a=4 file=/data/alice/ipardoza/hadronization_production/HF_RUN3_V1/raw/MONASH/hf_MONASH_job264.root
SIGMAB_COUNTS tag=MONASH species=Sigma_b- pdg=5112 slice=eta_ge_2 p=22 a=16 file=/data/alice/ipardoza/hadronization_production/HF_RUN3_V1/raw/MONASH/hf_MONASH_job264.root
SIGMAB_COUNTS tag=MONASH species=Sigma*_b+ pdg=5224 slice=all p=50 a=41 file=/data/alice/ipardoza/hadronization_production/HF_RUN3_V1/raw/MONASH/hf_MONASH_job264.root
SIGMAB_COUNTS tag=MONASH species=Sigma*_b+ pdg=5224 slice=eta_lt_1 p=9 a=7 file=/data/alice/ipardoza/hadronization_production/HF_RUN3_V1/raw/MONASH/hf_MONASH_job264.root
SIGMAB_COUNTS tag=MONASH species=Sigma*_b+ pdg=5224 slice=eta_1_2 p=9 a=11 file=/data/alice/ipardoza/hadronization_production/HF_RUN3_V1/raw/MONASH/hf_MONASH_job264.root
SIGMAB_COUNTS tag=MONASH species=Sigma*_b+ pdg=5224 slice=eta_ge_2 p=32 a=23 file=/data/alice/ipardoza/hadronization_production/HF_RUN3_V1/raw/MONASH/hf_MONASH_job264.root
SIGMAB_COUNTS tag=MONASH species=Sigma*_b0 pdg=5214 slice=all p=40 a=50 file=/data/alice/ipardoza/hadronization_production/HF_RUN3_V1/raw/MONASH/hf_MONASH_job264.root
SIGMAB_COUNTS tag=MONASH species=Sigma*_b0 pdg=5214 slice=eta_lt_1 p=3 a=7 file=/data/alice/ipardoza/hadronization_production/HF_RUN3_V1/raw/MONASH/hf_MONASH_job264.root
SIGMAB_COUNTS tag=MONASH species=Sigma*_b0 pdg=5214 slice=eta_1_2 p=12 a=6 file=/data/alice/ipardoza/hadronization_production/HF_RUN3_V1/raw/MONASH/hf_MONASH_job264.root
SIGMAB_COUNTS tag=MONASH species=Sigma*_b0 pdg=5214 slice=eta_ge_2 p=25 a=37 file=/data/alice/ipardoza/hadronization_production/HF_RUN3_V1/raw/MONASH/hf_MONASH_job264.root
SIGMAB_COUNTS tag=MONASH species=Sigma*_b- pdg=5114 slice=all p=49 a=37 file=/data/alice/ipardoza/hadronization_production/HF_RUN3_V1/raw/MONASH/hf_MONASH_job264.root
SIGMAB_COUNTS tag=MONASH species=Sigma*_b- pdg=5114 slice=eta_lt_1 p=9 a=10 file=/data/alice/ipardoza/hadronization_production/HF_RUN3_V1/raw/MONASH/hf_MONASH_job264.root
SIGMAB_COUNTS tag=MONASH species=Sigma*_b- pdg=5114 slice=eta_1_2 p=11 a=7 file=/data/alice/ipardoza/hadronization_production/HF_RUN3_V1/raw/MONASH/hf_MONASH_job264.root
SIGMAB_COUNTS tag=MONASH species=Sigma*_b- pdg=5114 slice=eta_ge_2 p=29 a=20 file=/data/alice/ipardoza/hadronization_production/HF_RUN3_V1/raw/MONASH/hf_MONASH_job264.root
SIGMAB_COUNTS tag=MONASH species=Lambda_b0 pdg=5122 slice=all p=292 a=301 file=/data/alice/ipardoza/hadronization_production/HF_RUN3_V1/raw/MONASH/hf_MONASH_job264.root
SIGMAB_COUNTS tag=MONASH species=Lambda_b0 pdg=5122 slice=eta_lt_1 p=57 a=44 file=/data/alice/ipardoza/hadronization_production/HF_RUN3_V1/raw/MONASH/hf_MONASH_job264.root
SIGMAB_COUNTS tag=MONASH species=Lambda_b0 pdg=5122 slice=eta_1_2 p=64 a=74 file=/data/alice/ipardoza/hadronization_production/HF_RUN3_V1/raw/MONASH/hf_MONASH_job264.root
SIGMAB_COUNTS tag=MONASH species=Lambda_b0 pdg=5122 slice=eta_ge_2 p=171 a=183 file=/data/alice/ipardoza/hadronization_production/HF_RUN3_V1/raw/MONASH/hf_MONASH_job264.root
SIGMAB_COUNTS tag=MONASH species=Xi_b0 pdg=5232 slice=all p=69 a=65 file=/data/alice/ipardoza/hadronization_production/HF_RUN3_V1/raw/MONASH/hf_MONASH_job264.root
SIGMAB_COUNTS tag=MONASH species=Xi_b0 pdg=5232 slice=eta_lt_1 p=9 a=9 file=/data/alice/ipardoza/hadronization_production/HF_RUN3_V1/raw/MONASH/hf_MONASH_job264.root
SIGMAB_COUNTS tag=MONASH species=Xi_b0 pdg=5232 slice=eta_1_2 p=16 a=17 file=/data/alice/ipardoza/hadronization_production/HF_RUN3_V1/raw/MONASH/hf_MONASH_job264.root
SIGMAB_COUNTS tag=MONASH species=Xi_b0 pdg=5232 slice=eta_ge_2 p=44 a=39 file=/data/alice/ipardoza/hadronization_production/HF_RUN3_V1/raw/MONASH/hf_MONASH_job264.root
SIGMAB_COUNTS tag=MONASH species=Xi_b- pdg=5132 slice=all p=66 a=54 file=/data/alice/ipardoza/hadronization_production/HF_RUN3_V1/raw/MONASH/hf_MONASH_job264.root
SIGMAB_COUNTS tag=MONASH species=Xi_b- pdg=5132 slice=eta_lt_1 p=11 a=8 file=/data/alice/ipardoza/hadronization_production/HF_RUN3_V1/raw/MONASH/hf_MONASH_job264.root
SIGMAB_COUNTS tag=MONASH species=Xi_b- pdg=5132 slice=eta_1_2 p=19 a=13 file=/data/alice/ipardoza/hadronization_production/HF_RUN3_V1/raw/MONASH/hf_MONASH_job264.root
SIGMAB_COUNTS tag=MONASH species=Xi_b- pdg=5132 slice=eta_ge_2 p=36 a=33 file=/data/alice/ipardoza/hadronization_production/HF_RUN3_V1/raw/MONASH/hf_MONASH_job264.root
SIGMAB_COUNTS tag=MONASH species=Sigma_b+ pdg=5222 slice=all p=50 a=15 file=/data/alice/ipardoza/hadronization_production/HF_RUN3_V1/raw/MONASH/hf_MONASH_job265.root
SIGMAB_COUNTS tag=MONASH species=Sigma_b+ pdg=5222 slice=eta_lt_1 p=7 a=6 file=/data/alice/ipardoza/hadronization_production/HF_RUN3_V1/raw/MONASH/hf_MONASH_job265.root
SIGMAB_COUNTS tag=MONASH species=Sigma_b+ pdg=5222 slice=eta_1_2 p=11 a=2 file=/data/alice/ipardoza/hadronization_production/HF_RUN3_V1/raw/MONASH/hf_MONASH_job265.root
SIGMAB_COUNTS tag=MONASH species=Sigma_b+ pdg=5222 slice=eta_ge_2 p=32 a=7 file=/data/alice/ipardoza/hadronization_production/HF_RUN3_V1/raw/MONASH/hf_MONASH_job265.root
SIGMAB_COUNTS tag=MONASH species=Sigma_b0 pdg=5212 slice=all p=37 a=22 file=/data/alice/ipardoza/hadronization_production/HF_RUN3_V1/raw/MONASH/hf_MONASH_job265.root
SIGMAB_COUNTS tag=MONASH species=Sigma_b0 pdg=5212 slice=eta_lt_1 p=5 a=5 file=/data/alice/ipardoza/hadronization_production/HF_RUN3_V1/raw/MONASH/hf_MONASH_job265.root
SIGMAB_COUNTS tag=MONASH species=Sigma_b0 pdg=5212 slice=eta_1_2 p=6 a=7 file=/data/alice/ipardoza/hadronization_production/HF_RUN3_V1/raw/MONASH/hf_MONASH_job265.root
SIGMAB_COUNTS tag=MONASH species=Sigma_b0 pdg=5212 slice=eta_ge_2 p=26 a=10 file=/data/alice/ipardoza/hadronization_production/HF_RUN3_V1/raw/MONASH/hf_MONASH_job265.root
SIGMAB_COUNTS tag=MONASH species=Sigma_b- pdg=5112 slice=all p=33 a=28 file=/data/alice/ipardoza/hadronization_production/HF_RUN3_V1/raw/MONASH/hf_MONASH_job265.root
SIGMAB_COUNTS tag=MONASH species=Sigma_b- pdg=5112 slice=eta_lt_1 p=6 a=8 file=/data/alice/ipardoza/hadronization_production/HF_RUN3_V1/raw/MONASH/hf_MONASH_job265.root
SIGMAB_COUNTS tag=MONASH species=Sigma_b- pdg=5112 slice=eta_1_2 p=5 a=7 file=/data/alice/ipardoza/hadronization_production/HF_RUN3_V1/raw/MONASH/hf_MONASH_job265.root
SIGMAB_COUNTS tag=MONASH species=Sigma_b- pdg=5112 slice=eta_ge_2 p=22 a=13 file=/data/alice/ipardoza/hadronization_production/HF_RUN3_V1/raw/MONASH/hf_MONASH_job265.root
SIGMAB_COUNTS tag=MONASH species=Sigma*_b+ pdg=5224 slice=all p=64 a=36 file=/data/alice/ipardoza/hadronization_production/HF_RUN3_V1/raw/MONASH/hf_MONASH_job265.root
SIGMAB_COUNTS tag=MONASH species=Sigma*_b+ pdg=5224 slice=eta_lt_1 p=7 a=8 file=/data/alice/ipardoza/hadronization_production/HF_RUN3_V1/raw/MONASH/hf_MONASH_job265.root
SIGMAB_COUNTS tag=MONASH species=Sigma*_b+ pdg=5224 slice=eta_1_2 p=11 a=7 file=/data/alice/ipardoza/hadronization_production/HF_RUN3_V1/raw/MONASH/hf_MONASH_job265.root
SIGMAB_COUNTS tag=MONASH species=Sigma*_b+ pdg=5224 slice=eta_ge_2 p=46 a=21 file=/data/alice/ipardoza/hadronization_production/HF_RUN3_V1/raw/MONASH/hf_MONASH_job265.root
SIGMAB_COUNTS tag=MONASH species=Sigma*_b0 pdg=5214 slice=all p=35 a=34 file=/data/alice/ipardoza/hadronization_production/HF_RUN3_V1/raw/MONASH/hf_MONASH_job265.root
SIGMAB_COUNTS tag=MONASH species=Sigma*_b0 pdg=5214 slice=eta_lt_1 p=4 a=6 file=/data/alice/ipardoza/hadronization_production/HF_RUN3_V1/raw/MONASH/hf_MONASH_job265.root
SIGMAB_COUNTS tag=MONASH species=Sigma*_b0 pdg=5214 slice=eta_1_2 p=9 a=10 file=/data/alice/ipardoza/hadronization_production/HF_RUN3_V1/raw/MONASH/hf_MONASH_job265.root
SIGMAB_COUNTS tag=MONASH species=Sigma*_b0 pdg=5214 slice=eta_ge_2 p=22 a=18 file=/data/alice/ipardoza/hadronization_production/HF_RUN3_V1/raw/MONASH/hf_MONASH_job265.root
SIGMAB_COUNTS tag=MONASH species=Sigma*_b- pdg=5114 slice=all p=52 a=45 file=/data/alice/ipardoza/hadronization_production/HF_RUN3_V1/raw/MONASH/hf_MONASH_job265.root
SIGMAB_COUNTS tag=MONASH species=Sigma*_b- pdg=5114 slice=eta_lt_1 p=9 a=7 file=/data/alice/ipardoza/hadronization_production/HF_RUN3_V1/raw/MONASH/hf_MONASH_job265.root
SIGMAB_COUNTS tag=MONASH species=Sigma*_b- pdg=5114 slice=eta_1_2 p=8 a=10 file=/data/alice/ipardoza/hadronization_production/HF_RUN3_V1/raw/MONASH/hf_MONASH_job265.root
SIGMAB_COUNTS tag=MONASH species=Sigma*_b- pdg=5114 slice=eta_ge_2 p=35 a=28 file=/data/alice/ipardoza/hadronization_production/HF_RUN3_V1/raw/MONASH/hf_MONASH_job265.root
SIGMAB_COUNTS tag=MONASH species=Lambda_b0 pdg=5122 slice=all p=288 a=326 file=/data/alice/ipardoza/hadronization_production/HF_RUN3_V1/raw/MONASH/hf_MONASH_job265.root
SIGMAB_COUNTS tag=MONASH species=Lambda_b0 pdg=5122 slice=eta_lt_1 p=48 a=61 file=/data/alice/ipardoza/hadronization_production/HF_RUN3_V1/raw/MONASH/hf_MONASH_job265.root
SIGMAB_COUNTS tag=MONASH species=Lambda_b0 pdg=5122 slice=eta_1_2 p=52 a=61 file=/data/alice/ipardoza/hadronization_production/HF_RUN3_V1/raw/MONASH/hf_MONASH_job265.root
SIGMAB_COUNTS tag=MONASH species=Lambda_b0 pdg=5122 slice=eta_ge_2 p=188 a=204 file=/data/alice/ipardoza/hadronization_production/HF_RUN3_V1/raw/MONASH/hf_MONASH_job265.root
SIGMAB_COUNTS tag=MONASH species=Xi_b0 pdg=5232 slice=all p=59 a=61 file=/data/alice/ipardoza/hadronization_production/HF_RUN3_V1/raw/MONASH/hf_MONASH_job265.root
SIGMAB_COUNTS tag=MONASH species=Xi_b0 pdg=5232 slice=eta_lt_1 p=11 a=9 file=/data/alice/ipardoza/hadronization_production/HF_RUN3_V1/raw/MONASH/hf_MONASH_job265.root
SIGMAB_COUNTS tag=MONASH species=Xi_b0 pdg=5232 slice=eta_1_2 p=16 a=12 file=/data/alice/ipardoza/hadronization_production/HF_RUN3_V1/raw/MONASH/hf_MONASH_job265.root
SIGMAB_COUNTS tag=MONASH species=Xi_b0 pdg=5232 slice=eta_ge_2 p=32 a=40 file=/data/alice/ipardoza/hadronization_production/HF_RUN3_V1/raw/MONASH/hf_MONASH_job265.root
SIGMAB_COUNTS tag=MONASH species=Xi_b- pdg=5132 slice=all p=48 a=65 file=/data/alice/ipardoza/hadronization_production/HF_RUN3_V1/raw/MONASH/hf_MONASH_job265.root
SIGMAB_COUNTS tag=MONASH species=Xi_b- pdg=5132 slice=eta_lt_1 p=10 a=14 file=/data/alice/ipardoza/hadronization_production/HF_RUN3_V1/raw/MONASH/hf_MONASH_job265.root
SIGMAB_COUNTS tag=MONASH species=Xi_b- pdg=5132 slice=eta_1_2 p=12 a=16 file=/data/alice/ipardoza/hadronization_production/HF_RUN3_V1/raw/MONASH/hf_MONASH_job265.root
SIGMAB_COUNTS tag=MONASH species=Xi_b- pdg=5132 slice=eta_ge_2 p=26 a=35 file=/data/alice/ipardoza/hadronization_production/HF_RUN3_V1/raw/MONASH/hf_MONASH_job265.root
SIGMAB_COUNTS tag=MONASH species=Sigma_b+ pdg=5222 slice=all p=31 a=19 file=/data/alice/ipardoza/hadronization_production/HF_RUN3_V1/raw/MONASH/hf_MONASH_job266.root
SIGMAB_COUNTS tag=MONASH species=Sigma_b+ pdg=5222 slice=eta_lt_1 p=5 a=4 file=/data/alice/ipardoza/hadronization_production/HF_RUN3_V1/raw/MONASH/hf_MONASH_job266.root
SIGMAB_COUNTS tag=MONASH species=Sigma_b+ pdg=5222 slice=eta_1_2 p=4 a=3 file=/data/alice/ipardoza/hadronization_production/HF_RUN3_V1/raw/MONASH/hf_MONASH_job266.root
SIGMAB_COUNTS tag=MONASH species=Sigma_b+ pdg=5222 slice=eta_ge_2 p=22 a=12 file=/data/alice/ipardoza/hadronization_production/HF_RUN3_V1/raw/MONASH/hf_MONASH_job266.root
SIGMAB_COUNTS tag=MONASH species=Sigma_b0 pdg=5212 slice=all p=28 a=18 file=/data/alice/ipardoza/hadronization_production/HF_RUN3_V1/raw/MONASH/hf_MONASH_job266.root
SIGMAB_COUNTS tag=MONASH species=Sigma_b0 pdg=5212 slice=eta_lt_1 p=4 a=7 file=/data/alice/ipardoza/hadronization_production/HF_RUN3_V1/raw/MONASH/hf_MONASH_job266.root
SIGMAB_COUNTS tag=MONASH species=Sigma_b0 pdg=5212 slice=eta_1_2 p=6 a=3 file=/data/alice/ipardoza/hadronization_production/HF_RUN3_V1/raw/MONASH/hf_MONASH_job266.root
SIGMAB_COUNTS tag=MONASH species=Sigma_b0 pdg=5212 slice=eta_ge_2 p=18 a=8 file=/data/alice/ipardoza/hadronization_production/HF_RUN3_V1/raw/MONASH/hf_MONASH_job266.root
SIGMAB_COUNTS tag=MONASH species=Sigma_b- pdg=5112 slice=all p=31 a=24 file=/data/alice/ipardoza/hadronization_production/HF_RUN3_V1/raw/MONASH/hf_MONASH_job266.root
SIGMAB_COUNTS tag=MONASH species=Sigma_b- pdg=5112 slice=eta_lt_1 p=5 a=4 file=/data/alice/ipardoza/hadronization_production/HF_RUN3_V1/raw/MONASH/hf_MONASH_job266.root
SIGMAB_COUNTS tag=MONASH species=Sigma_b- pdg=5112 slice=eta_1_2 p=5 a=4 file=/data/alice/ipardoza/hadronization_production/HF_RUN3_V1/raw/MONASH/hf_MONASH_job266.root
SIGMAB_COUNTS tag=MONASH species=Sigma_b- pdg=5112 slice=eta_ge_2 p=21 a=16 file=/data/alice/ipardoza/hadronization_production/HF_RUN3_V1/raw/MONASH/hf_MONASH_job266.root
SIGMAB_COUNTS tag=MONASH species=Sigma*_b+ pdg=5224 slice=all p=63 a=35 file=/data/alice/ipardoza/hadronization_production/HF_RUN3_V1/raw/MONASH/hf_MONASH_job266.root
SIGMAB_COUNTS tag=MONASH species=Sigma*_b+ pdg=5224 slice=eta_lt_1 p=7 a=3 file=/data/alice/ipardoza/hadronization_production/HF_RUN3_V1/raw/MONASH/hf_MONASH_job266.root
SIGMAB_COUNTS tag=MONASH species=Sigma*_b+ pdg=5224 slice=eta_1_2 p=16 a=4 file=/data/alice/ipardoza/hadronization_production/HF_RUN3_V1/raw/MONASH/hf_MONASH_job266.root
SIGMAB_COUNTS tag=MONASH species=Sigma*_b+ pdg=5224 slice=eta_ge_2 p=40 a=28 file=/data/alice/ipardoza/hadronization_production/HF_RUN3_V1/raw/MONASH/hf_MONASH_job266.root
SIGMAB_COUNTS tag=MONASH species=Sigma*_b0 pdg=5214 slice=all p=60 a=31 file=/data/alice/ipardoza/hadronization_production/HF_RUN3_V1/raw/MONASH/hf_MONASH_job266.root
SIGMAB_COUNTS tag=MONASH species=Sigma*_b0 pdg=5214 slice=eta_lt_1 p=9 a=7 file=/data/alice/ipardoza/hadronization_production/HF_RUN3_V1/raw/MONASH/hf_MONASH_job266.root
SIGMAB_COUNTS tag=MONASH species=Sigma*_b0 pdg=5214 slice=eta_1_2 p=12 a=5 file=/data/alice/ipardoza/hadronization_production/HF_RUN3_V1/raw/MONASH/hf_MONASH_job266.root
SIGMAB_COUNTS tag=MONASH species=Sigma*_b0 pdg=5214 slice=eta_ge_2 p=39 a=19 file=/data/alice/ipardoza/hadronization_production/HF_RUN3_V1/raw/MONASH/hf_MONASH_job266.root
SIGMAB_COUNTS tag=MONASH species=Sigma*_b- pdg=5114 slice=all p=49 a=42 file=/data/alice/ipardoza/hadronization_production/HF_RUN3_V1/raw/MONASH/hf_MONASH_job266.root
SIGMAB_COUNTS tag=MONASH species=Sigma*_b- pdg=5114 slice=eta_lt_1 p=9 a=6 file=/data/alice/ipardoza/hadronization_production/HF_RUN3_V1/raw/MONASH/hf_MONASH_job266.root
SIGMAB_COUNTS tag=MONASH species=Sigma*_b- pdg=5114 slice=eta_1_2 p=6 a=12 file=/data/alice/ipardoza/hadronization_production/HF_RUN3_V1/raw/MONASH/hf_MONASH_job266.root
SIGMAB_COUNTS tag=MONASH species=Sigma*_b- pdg=5114 slice=eta_ge_2 p=34 a=24 file=/data/alice/ipardoza/hadronization_production/HF_RUN3_V1/raw/MONASH/hf_MONASH_job266.root
SIGMAB_COUNTS tag=MONASH species=Lambda_b0 pdg=5122 slice=all p=317 a=330 file=/data/alice/ipardoza/hadronization_production/HF_RUN3_V1/raw/MONASH/hf_MONASH_job266.root
SIGMAB_COUNTS tag=MONASH species=Lambda_b0 pdg=5122 slice=eta_lt_1 p=62 a=47 file=/data/alice/ipardoza/hadronization_production/HF_RUN3_V1/raw/MONASH/hf_MONASH_job266.root
SIGMAB_COUNTS tag=MONASH species=Lambda_b0 pdg=5122 slice=eta_1_2 p=65 a=66 file=/data/alice/ipardoza/hadronization_production/HF_RUN3_V1/raw/MONASH/hf_MONASH_job266.root
SIGMAB_COUNTS tag=MONASH species=Lambda_b0 pdg=5122 slice=eta_ge_2 p=190 a=217 file=/data/alice/ipardoza/hadronization_production/HF_RUN3_V1/raw/MONASH/hf_MONASH_job266.root
SIGMAB_COUNTS tag=MONASH species=Xi_b0 pdg=5232 slice=all p=51 a=65 file=/data/alice/ipardoza/hadronization_production/HF_RUN3_V1/raw/MONASH/hf_MONASH_job266.root
SIGMAB_COUNTS tag=MONASH species=Xi_b0 pdg=5232 slice=eta_lt_1 p=10 a=15 file=/data/alice/ipardoza/hadronization_production/HF_RUN3_V1/raw/MONASH/hf_MONASH_job266.root
SIGMAB_COUNTS tag=MONASH species=Xi_b0 pdg=5232 slice=eta_1_2 p=6 a=6 file=/data/alice/ipardoza/hadronization_production/HF_RUN3_V1/raw/MONASH/hf_MONASH_job266.root
SIGMAB_COUNTS tag=MONASH species=Xi_b0 pdg=5232 slice=eta_ge_2 p=35 a=44 file=/data/alice/ipardoza/hadronization_production/HF_RUN3_V1/raw/MONASH/hf_MONASH_job266.root
SIGMAB_COUNTS tag=MONASH species=Xi_b- pdg=5132 slice=all p=48 a=42 file=/data/alice/ipardoza/hadronization_production/HF_RUN3_V1/raw/MONASH/hf_MONASH_job266.root
SIGMAB_COUNTS tag=MONASH species=Xi_b- pdg=5132 slice=eta_lt_1 p=10 a=4 file=/data/alice/ipardoza/hadronization_production/HF_RUN3_V1/raw/MONASH/hf_MONASH_job266.root
SIGMAB_COUNTS tag=MONASH species=Xi_b- pdg=5132 slice=eta_1_2 p=9 a=9 file=/data/alice/ipardoza/hadronization_production/HF_RUN3_V1/raw/MONASH/hf_MONASH_job266.root
SIGMAB_COUNTS tag=MONASH species=Xi_b- pdg=5132 slice=eta_ge_2 p=29 a=29 file=/data/alice/ipardoza/hadronization_production/HF_RUN3_V1/raw/MONASH/hf_MONASH_job266.root
SIGMAB_COUNTS tag=MONASH species=Sigma_b+ pdg=5222 slice=all p=29 a=15 file=/data/alice/ipardoza/hadronization_production/HF_RUN3_V1/raw/MONASH/hf_MONASH_job267.root
SIGMAB_COUNTS tag=MONASH species=Sigma_b+ pdg=5222 slice=eta_lt_1 p=3 a=3 file=/data/alice/ipardoza/hadronization_production/HF_RUN3_V1/raw/MONASH/hf_MONASH_job267.root
SIGMAB_COUNTS tag=MONASH species=Sigma_b+ pdg=5222 slice=eta_1_2 p=6 a=2 file=/data/alice/ipardoza/hadronization_production/HF_RUN3_V1/raw/MONASH/hf_MONASH_job267.root
SIGMAB_COUNTS tag=MONASH species=Sigma_b+ pdg=5222 slice=eta_ge_2 p=20 a=10 file=/data/alice/ipardoza/hadronization_production/HF_RUN3_V1/raw/MONASH/hf_MONASH_job267.root
SIGMAB_COUNTS tag=MONASH species=Sigma_b0 pdg=5212 slice=all p=33 a=15 file=/data/alice/ipardoza/hadronization_production/HF_RUN3_V1/raw/MONASH/hf_MONASH_job267.root
SIGMAB_COUNTS tag=MONASH species=Sigma_b0 pdg=5212 slice=eta_lt_1 p=6 a=5 file=/data/alice/ipardoza/hadronization_production/HF_RUN3_V1/raw/MONASH/hf_MONASH_job267.root
SIGMAB_COUNTS tag=MONASH species=Sigma_b0 pdg=5212 slice=eta_1_2 p=7 a=2 file=/data/alice/ipardoza/hadronization_production/HF_RUN3_V1/raw/MONASH/hf_MONASH_job267.root
SIGMAB_COUNTS tag=MONASH species=Sigma_b0 pdg=5212 slice=eta_ge_2 p=20 a=8 file=/data/alice/ipardoza/hadronization_production/HF_RUN3_V1/raw/MONASH/hf_MONASH_job267.root
SIGMAB_COUNTS tag=MONASH species=Sigma_b- pdg=5112 slice=all p=43 a=23 file=/data/alice/ipardoza/hadronization_production/HF_RUN3_V1/raw/MONASH/hf_MONASH_job267.root
SIGMAB_COUNTS tag=MONASH species=Sigma_b- pdg=5112 slice=eta_lt_1 p=6 a=7 file=/data/alice/ipardoza/hadronization_production/HF_RUN3_V1/raw/MONASH/hf_MONASH_job267.root
SIGMAB_COUNTS tag=MONASH species=Sigma_b- pdg=5112 slice=eta_1_2 p=6 a=6 file=/data/alice/ipardoza/hadronization_production/HF_RUN3_V1/raw/MONASH/hf_MONASH_job267.root
SIGMAB_COUNTS tag=MONASH species=Sigma_b- pdg=5112 slice=eta_ge_2 p=31 a=10 file=/data/alice/ipardoza/hadronization_production/HF_RUN3_V1/raw/MONASH/hf_MONASH_job267.root
SIGMAB_COUNTS tag=MONASH species=Sigma*_b+ pdg=5224 slice=all p=45 a=36 file=/data/alice/ipardoza/hadronization_production/HF_RUN3_V1/raw/MONASH/hf_MONASH_job267.root
SIGMAB_COUNTS tag=MONASH species=Sigma*_b+ pdg=5224 slice=eta_lt_1 p=12 a=6 file=/data/alice/ipardoza/hadronization_production/HF_RUN3_V1/raw/MONASH/hf_MONASH_job267.root
SIGMAB_COUNTS tag=MONASH species=Sigma*_b+ pdg=5224 slice=eta_1_2 p=13 a=10 file=/data/alice/ipardoza/hadronization_production/HF_RUN3_V1/raw/MONASH/hf_MONASH_job267.root
SIGMAB_COUNTS tag=MONASH species=Sigma*_b+ pdg=5224 slice=eta_ge_2 p=20 a=20 file=/data/alice/ipardoza/hadronization_production/HF_RUN3_V1/raw/MONASH/hf_MONASH_job267.root
SIGMAB_COUNTS tag=MONASH species=Sigma*_b0 pdg=5214 slice=all p=46 a=30 file=/data/alice/ipardoza/hadronization_production/HF_RUN3_V1/raw/MONASH/hf_MONASH_job267.root
SIGMAB_COUNTS tag=MONASH species=Sigma*_b0 pdg=5214 slice=eta_lt_1 p=11 a=5 file=/data/alice/ipardoza/hadronization_production/HF_RUN3_V1/raw/MONASH/hf_MONASH_job267.root
SIGMAB_COUNTS tag=MONASH species=Sigma*_b0 pdg=5214 slice=eta_1_2 p=10 a=14 file=/data/alice/ipardoza/hadronization_production/HF_RUN3_V1/raw/MONASH/hf_MONASH_job267.root
SIGMAB_COUNTS tag=MONASH species=Sigma*_b0 pdg=5214 slice=eta_ge_2 p=25 a=11 file=/data/alice/ipardoza/hadronization_production/HF_RUN3_V1/raw/MONASH/hf_MONASH_job267.root
SIGMAB_COUNTS tag=MONASH species=Sigma*_b- pdg=5114 slice=all p=59 a=35 file=/data/alice/ipardoza/hadronization_production/HF_RUN3_V1/raw/MONASH/hf_MONASH_job267.root
SIGMAB_COUNTS tag=MONASH species=Sigma*_b- pdg=5114 slice=eta_lt_1 p=12 a=6 file=/data/alice/ipardoza/hadronization_production/HF_RUN3_V1/raw/MONASH/hf_MONASH_job267.root
SIGMAB_COUNTS tag=MONASH species=Sigma*_b- pdg=5114 slice=eta_1_2 p=14 a=5 file=/data/alice/ipardoza/hadronization_production/HF_RUN3_V1/raw/MONASH/hf_MONASH_job267.root
SIGMAB_COUNTS tag=MONASH species=Sigma*_b- pdg=5114 slice=eta_ge_2 p=33 a=24 file=/data/alice/ipardoza/hadronization_production/HF_RUN3_V1/raw/MONASH/hf_MONASH_job267.root
SIGMAB_COUNTS tag=MONASH species=Lambda_b0 pdg=5122 slice=all p=333 a=275 file=/data/alice/ipardoza/hadronization_production/HF_RUN3_V1/raw/MONASH/hf_MONASH_job267.root
SIGMAB_COUNTS tag=MONASH species=Lambda_b0 pdg=5122 slice=eta_lt_1 p=49 a=57 file=/data/alice/ipardoza/hadronization_production/HF_RUN3_V1/raw/MONASH/hf_MONASH_job267.root
SIGMAB_COUNTS tag=MONASH species=Lambda_b0 pdg=5122 slice=eta_1_2 p=84 a=62 file=/data/alice/ipardoza/hadronization_production/HF_RUN3_V1/raw/MONASH/hf_MONASH_job267.root
SIGMAB_COUNTS tag=MONASH species=Lambda_b0 pdg=5122 slice=eta_ge_2 p=200 a=156 file=/data/alice/ipardoza/hadronization_production/HF_RUN3_V1/raw/MONASH/hf_MONASH_job267.root
SIGMAB_COUNTS tag=MONASH species=Xi_b0 pdg=5232 slice=all p=57 a=52 file=/data/alice/ipardoza/hadronization_production/HF_RUN3_V1/raw/MONASH/hf_MONASH_job267.root
SIGMAB_COUNTS tag=MONASH species=Xi_b0 pdg=5232 slice=eta_lt_1 p=15 a=12 file=/data/alice/ipardoza/hadronization_production/HF_RUN3_V1/raw/MONASH/hf_MONASH_job267.root
SIGMAB_COUNTS tag=MONASH species=Xi_b0 pdg=5232 slice=eta_1_2 p=17 a=16 file=/data/alice/ipardoza/hadronization_production/HF_RUN3_V1/raw/MONASH/hf_MONASH_job267.root
SIGMAB_COUNTS tag=MONASH species=Xi_b0 pdg=5232 slice=eta_ge_2 p=25 a=24 file=/data/alice/ipardoza/hadronization_production/HF_RUN3_V1/raw/MONASH/hf_MONASH_job267.root
SIGMAB_COUNTS tag=MONASH species=Xi_b- pdg=5132 slice=all p=55 a=55 file=/data/alice/ipardoza/hadronization_production/HF_RUN3_V1/raw/MONASH/hf_MONASH_job267.root
SIGMAB_COUNTS tag=MONASH species=Xi_b- pdg=5132 slice=eta_lt_1 p=10 a=16 file=/data/alice/ipardoza/hadronization_production/HF_RUN3_V1/raw/MONASH/hf_MONASH_job267.root
SIGMAB_COUNTS tag=MONASH species=Xi_b- pdg=5132 slice=eta_1_2 p=13 a=10 file=/data/alice/ipardoza/hadronization_production/HF_RUN3_V1/raw/MONASH/hf_MONASH_job267.root
SIGMAB_COUNTS tag=MONASH species=Xi_b- pdg=5132 slice=eta_ge_2 p=32 a=29 file=/data/alice/ipardoza/hadronization_production/HF_RUN3_V1/raw/MONASH/hf_MONASH_job267.root
SIGMAB_COUNTS tag=MONASH species=Sigma_b+ pdg=5222 slice=all p=29 a=22 file=/data/alice/ipardoza/hadronization_production/HF_RUN3_V1/raw/MONASH/hf_MONASH_job268.root
SIGMAB_COUNTS tag=MONASH species=Sigma_b+ pdg=5222 slice=eta_lt_1 p=6 a=4 file=/data/alice/ipardoza/hadronization_production/HF_RUN3_V1/raw/MONASH/hf_MONASH_job268.root
SIGMAB_COUNTS tag=MONASH species=Sigma_b+ pdg=5222 slice=eta_1_2 p=8 a=2 file=/data/alice/ipardoza/hadronization_production/HF_RUN3_V1/raw/MONASH/hf_MONASH_job268.root
SIGMAB_COUNTS tag=MONASH species=Sigma_b+ pdg=5222 slice=eta_ge_2 p=15 a=16 file=/data/alice/ipardoza/hadronization_production/HF_RUN3_V1/raw/MONASH/hf_MONASH_job268.root
SIGMAB_COUNTS tag=MONASH species=Sigma_b0 pdg=5212 slice=all p=34 a=26 file=/data/alice/ipardoza/hadronization_production/HF_RUN3_V1/raw/MONASH/hf_MONASH_job268.root
SIGMAB_COUNTS tag=MONASH species=Sigma_b0 pdg=5212 slice=eta_lt_1 p=9 a=3 file=/data/alice/ipardoza/hadronization_production/HF_RUN3_V1/raw/MONASH/hf_MONASH_job268.root
SIGMAB_COUNTS tag=MONASH species=Sigma_b0 pdg=5212 slice=eta_1_2 p=4 a=5 file=/data/alice/ipardoza/hadronization_production/HF_RUN3_V1/raw/MONASH/hf_MONASH_job268.root
SIGMAB_COUNTS tag=MONASH species=Sigma_b0 pdg=5212 slice=eta_ge_2 p=21 a=18 file=/data/alice/ipardoza/hadronization_production/HF_RUN3_V1/raw/MONASH/hf_MONASH_job268.root
SIGMAB_COUNTS tag=MONASH species=Sigma_b- pdg=5112 slice=all p=27 a=16 file=/data/alice/ipardoza/hadronization_production/HF_RUN3_V1/raw/MONASH/hf_MONASH_job268.root
SIGMAB_COUNTS tag=MONASH species=Sigma_b- pdg=5112 slice=eta_lt_1 p=4 a=5 file=/data/alice/ipardoza/hadronization_production/HF_RUN3_V1/raw/MONASH/hf_MONASH_job268.root
SIGMAB_COUNTS tag=MONASH species=Sigma_b- pdg=5112 slice=eta_1_2 p=6 a=5 file=/data/alice/ipardoza/hadronization_production/HF_RUN3_V1/raw/MONASH/hf_MONASH_job268.root
SIGMAB_COUNTS tag=MONASH species=Sigma_b- pdg=5112 slice=eta_ge_2 p=17 a=6 file=/data/alice/ipardoza/hadronization_production/HF_RUN3_V1/raw/MONASH/hf_MONASH_job268.root
SIGMAB_COUNTS tag=MONASH species=Sigma*_b+ pdg=5224 slice=all p=50 a=50 file=/data/alice/ipardoza/hadronization_production/HF_RUN3_V1/raw/MONASH/hf_MONASH_job268.root
SIGMAB_COUNTS tag=MONASH species=Sigma*_b+ pdg=5224 slice=eta_lt_1 p=13 a=12 file=/data/alice/ipardoza/hadronization_production/HF_RUN3_V1/raw/MONASH/hf_MONASH_job268.root
SIGMAB_COUNTS tag=MONASH species=Sigma*_b+ pdg=5224 slice=eta_1_2 p=8 a=11 file=/data/alice/ipardoza/hadronization_production/HF_RUN3_V1/raw/MONASH/hf_MONASH_job268.root
SIGMAB_COUNTS tag=MONASH species=Sigma*_b+ pdg=5224 slice=eta_ge_2 p=29 a=27 file=/data/alice/ipardoza/hadronization_production/HF_RUN3_V1/raw/MONASH/hf_MONASH_job268.root
SIGMAB_COUNTS tag=MONASH species=Sigma*_b0 pdg=5214 slice=all p=51 a=45 file=/data/alice/ipardoza/hadronization_production/HF_RUN3_V1/raw/MONASH/hf_MONASH_job268.root
SIGMAB_COUNTS tag=MONASH species=Sigma*_b0 pdg=5214 slice=eta_lt_1 p=8 a=7 file=/data/alice/ipardoza/hadronization_production/HF_RUN3_V1/raw/MONASH/hf_MONASH_job268.root
SIGMAB_COUNTS tag=MONASH species=Sigma*_b0 pdg=5214 slice=eta_1_2 p=13 a=7 file=/data/alice/ipardoza/hadronization_production/HF_RUN3_V1/raw/MONASH/hf_MONASH_job268.root
SIGMAB_COUNTS tag=MONASH species=Sigma*_b0 pdg=5214 slice=eta_ge_2 p=30 a=31 file=/data/alice/ipardoza/hadronization_production/HF_RUN3_V1/raw/MONASH/hf_MONASH_job268.root
SIGMAB_COUNTS tag=MONASH species=Sigma*_b- pdg=5114 slice=all p=38 a=30 file=/data/alice/ipardoza/hadronization_production/HF_RUN3_V1/raw/MONASH/hf_MONASH_job268.root
SIGMAB_COUNTS tag=MONASH species=Sigma*_b- pdg=5114 slice=eta_lt_1 p=6 a=7 file=/data/alice/ipardoza/hadronization_production/HF_RUN3_V1/raw/MONASH/hf_MONASH_job268.root
SIGMAB_COUNTS tag=MONASH species=Sigma*_b- pdg=5114 slice=eta_1_2 p=8 a=6 file=/data/alice/ipardoza/hadronization_production/HF_RUN3_V1/raw/MONASH/hf_MONASH_job268.root
SIGMAB_COUNTS tag=MONASH species=Sigma*_b- pdg=5114 slice=eta_ge_2 p=24 a=17 file=/data/alice/ipardoza/hadronization_production/HF_RUN3_V1/raw/MONASH/hf_MONASH_job268.root
SIGMAB_COUNTS tag=MONASH species=Lambda_b0 pdg=5122 slice=all p=352 a=323 file=/data/alice/ipardoza/hadronization_production/HF_RUN3_V1/raw/MONASH/hf_MONASH_job268.root
SIGMAB_COUNTS tag=MONASH species=Lambda_b0 pdg=5122 slice=eta_lt_1 p=69 a=63 file=/data/alice/ipardoza/hadronization_production/HF_RUN3_V1/raw/MONASH/hf_MONASH_job268.root
SIGMAB_COUNTS tag=MONASH species=Lambda_b0 pdg=5122 slice=eta_1_2 p=73 a=66 file=/data/alice/ipardoza/hadronization_production/HF_RUN3_V1/raw/MONASH/hf_MONASH_job268.root
SIGMAB_COUNTS tag=MONASH species=Lambda_b0 pdg=5122 slice=eta_ge_2 p=210 a=194 file=/data/alice/ipardoza/hadronization_production/HF_RUN3_V1/raw/MONASH/hf_MONASH_job268.root
SIGMAB_COUNTS tag=MONASH species=Xi_b0 pdg=5232 slice=all p=60 a=66 file=/data/alice/ipardoza/hadronization_production/HF_RUN3_V1/raw/MONASH/hf_MONASH_job268.root
SIGMAB_COUNTS tag=MONASH species=Xi_b0 pdg=5232 slice=eta_lt_1 p=9 a=13 file=/data/alice/ipardoza/hadronization_production/HF_RUN3_V1/raw/MONASH/hf_MONASH_job268.root
SIGMAB_COUNTS tag=MONASH species=Xi_b0 pdg=5232 slice=eta_1_2 p=12 a=10 file=/data/alice/ipardoza/hadronization_production/HF_RUN3_V1/raw/MONASH/hf_MONASH_job268.root
SIGMAB_COUNTS tag=MONASH species=Xi_b0 pdg=5232 slice=eta_ge_2 p=39 a=43 file=/data/alice/ipardoza/hadronization_production/HF_RUN3_V1/raw/MONASH/hf_MONASH_job268.root
SIGMAB_COUNTS tag=MONASH species=Xi_b- pdg=5132 slice=all p=44 a=52 file=/data/alice/ipardoza/hadronization_production/HF_RUN3_V1/raw/MONASH/hf_MONASH_job268.root
SIGMAB_COUNTS tag=MONASH species=Xi_b- pdg=5132 slice=eta_lt_1 p=6 a=7 file=/data/alice/ipardoza/hadronization_production/HF_RUN3_V1/raw/MONASH/hf_MONASH_job268.root
SIGMAB_COUNTS tag=MONASH species=Xi_b- pdg=5132 slice=eta_1_2 p=13 a=9 file=/data/alice/ipardoza/hadronization_production/HF_RUN3_V1/raw/MONASH/hf_MONASH_job268.root
SIGMAB_COUNTS tag=MONASH species=Xi_b- pdg=5132 slice=eta_ge_2 p=25 a=36 file=/data/alice/ipardoza/hadronization_production/HF_RUN3_V1/raw/MONASH/hf_MONASH_job268.root
SIGMAB_COUNTS tag=MONASH species=Sigma_b+ pdg=5222 slice=all p=37 a=19 file=/data/alice/ipardoza/hadronization_production/HF_RUN3_V1/raw/MONASH/hf_MONASH_job269.root
SIGMAB_COUNTS tag=MONASH species=Sigma_b+ pdg=5222 slice=eta_lt_1 p=5 a=3 file=/data/alice/ipardoza/hadronization_production/HF_RUN3_V1/raw/MONASH/hf_MONASH_job269.root
SIGMAB_COUNTS tag=MONASH species=Sigma_b+ pdg=5222 slice=eta_1_2 p=9 a=5 file=/data/alice/ipardoza/hadronization_production/HF_RUN3_V1/raw/MONASH/hf_MONASH_job269.root
SIGMAB_COUNTS tag=MONASH species=Sigma_b+ pdg=5222 slice=eta_ge_2 p=23 a=11 file=/data/alice/ipardoza/hadronization_production/HF_RUN3_V1/raw/MONASH/hf_MONASH_job269.root
SIGMAB_COUNTS tag=MONASH species=Sigma_b0 pdg=5212 slice=all p=30 a=12 file=/data/alice/ipardoza/hadronization_production/HF_RUN3_V1/raw/MONASH/hf_MONASH_job269.root
SIGMAB_COUNTS tag=MONASH species=Sigma_b0 pdg=5212 slice=eta_lt_1 p=4 a=1 file=/data/alice/ipardoza/hadronization_production/HF_RUN3_V1/raw/MONASH/hf_MONASH_job269.root
SIGMAB_COUNTS tag=MONASH species=Sigma_b0 pdg=5212 slice=eta_1_2 p=7 a=3 file=/data/alice/ipardoza/hadronization_production/HF_RUN3_V1/raw/MONASH/hf_MONASH_job269.root
SIGMAB_COUNTS tag=MONASH species=Sigma_b0 pdg=5212 slice=eta_ge_2 p=19 a=8 file=/data/alice/ipardoza/hadronization_production/HF_RUN3_V1/raw/MONASH/hf_MONASH_job269.root
SIGMAB_COUNTS tag=MONASH species=Sigma_b- pdg=5112 slice=all p=39 a=19 file=/data/alice/ipardoza/hadronization_production/HF_RUN3_V1/raw/MONASH/hf_MONASH_job269.root
SIGMAB_COUNTS tag=MONASH species=Sigma_b- pdg=5112 slice=eta_lt_1 p=6 a=2 file=/data/alice/ipardoza/hadronization_production/HF_RUN3_V1/raw/MONASH/hf_MONASH_job269.root
SIGMAB_COUNTS tag=MONASH species=Sigma_b- pdg=5112 slice=eta_1_2 p=8 a=7 file=/data/alice/ipardoza/hadronization_production/HF_RUN3_V1/raw/MONASH/hf_MONASH_job269.root
SIGMAB_COUNTS tag=MONASH species=Sigma_b- pdg=5112 slice=eta_ge_2 p=25 a=10 file=/data/alice/ipardoza/hadronization_production/HF_RUN3_V1/raw/MONASH/hf_MONASH_job269.root
SIGMAB_COUNTS tag=MONASH species=Sigma*_b+ pdg=5224 slice=all p=50 a=31 file=/data/alice/ipardoza/hadronization_production/HF_RUN3_V1/raw/MONASH/hf_MONASH_job269.root
SIGMAB_COUNTS tag=MONASH species=Sigma*_b+ pdg=5224 slice=eta_lt_1 p=13 a=7 file=/data/alice/ipardoza/hadronization_production/HF_RUN3_V1/raw/MONASH/hf_MONASH_job269.root
SIGMAB_COUNTS tag=MONASH species=Sigma*_b+ pdg=5224 slice=eta_1_2 p=8 a=9 file=/data/alice/ipardoza/hadronization_production/HF_RUN3_V1/raw/MONASH/hf_MONASH_job269.root
SIGMAB_COUNTS tag=MONASH species=Sigma*_b+ pdg=5224 slice=eta_ge_2 p=29 a=15 file=/data/alice/ipardoza/hadronization_production/HF_RUN3_V1/raw/MONASH/hf_MONASH_job269.root
SIGMAB_COUNTS tag=MONASH species=Sigma*_b0 pdg=5214 slice=all p=53 a=33 file=/data/alice/ipardoza/hadronization_production/HF_RUN3_V1/raw/MONASH/hf_MONASH_job269.root
SIGMAB_COUNTS tag=MONASH species=Sigma*_b0 pdg=5214 slice=eta_lt_1 p=13 a=8 file=/data/alice/ipardoza/hadronization_production/HF_RUN3_V1/raw/MONASH/hf_MONASH_job269.root
SIGMAB_COUNTS tag=MONASH species=Sigma*_b0 pdg=5214 slice=eta_1_2 p=7 a=4 file=/data/alice/ipardoza/hadronization_production/HF_RUN3_V1/raw/MONASH/hf_MONASH_job269.root
SIGMAB_COUNTS tag=MONASH species=Sigma*_b0 pdg=5214 slice=eta_ge_2 p=33 a=21 file=/data/alice/ipardoza/hadronization_production/HF_RUN3_V1/raw/MONASH/hf_MONASH_job269.root
SIGMAB_COUNTS tag=MONASH species=Sigma*_b- pdg=5114 slice=all p=45 a=38 file=/data/alice/ipardoza/hadronization_production/HF_RUN3_V1/raw/MONASH/hf_MONASH_job269.root
SIGMAB_COUNTS tag=MONASH species=Sigma*_b- pdg=5114 slice=eta_lt_1 p=4 a=7 file=/data/alice/ipardoza/hadronization_production/HF_RUN3_V1/raw/MONASH/hf_MONASH_job269.root
SIGMAB_COUNTS tag=MONASH species=Sigma*_b- pdg=5114 slice=eta_1_2 p=11 a=7 file=/data/alice/ipardoza/hadronization_production/HF_RUN3_V1/raw/MONASH/hf_MONASH_job269.root
SIGMAB_COUNTS tag=MONASH species=Sigma*_b- pdg=5114 slice=eta_ge_2 p=30 a=24 file=/data/alice/ipardoza/hadronization_production/HF_RUN3_V1/raw/MONASH/hf_MONASH_job269.root
SIGMAB_COUNTS tag=MONASH species=Lambda_b0 pdg=5122 slice=all p=287 a=346 file=/data/alice/ipardoza/hadronization_production/HF_RUN3_V1/raw/MONASH/hf_MONASH_job269.root
SIGMAB_COUNTS tag=MONASH species=Lambda_b0 pdg=5122 slice=eta_lt_1 p=49 a=68 file=/data/alice/ipardoza/hadronization_production/HF_RUN3_V1/raw/MONASH/hf_MONASH_job269.root
SIGMAB_COUNTS tag=MONASH species=Lambda_b0 pdg=5122 slice=eta_1_2 p=74 a=72 file=/data/alice/ipardoza/hadronization_production/HF_RUN3_V1/raw/MONASH/hf_MONASH_job269.root
SIGMAB_COUNTS tag=MONASH species=Lambda_b0 pdg=5122 slice=eta_ge_2 p=164 a=206 file=/data/alice/ipardoza/hadronization_production/HF_RUN3_V1/raw/MONASH/hf_MONASH_job269.root
SIGMAB_COUNTS tag=MONASH species=Xi_b0 pdg=5232 slice=all p=54 a=45 file=/data/alice/ipardoza/hadronization_production/HF_RUN3_V1/raw/MONASH/hf_MONASH_job269.root
SIGMAB_COUNTS tag=MONASH species=Xi_b0 pdg=5232 slice=eta_lt_1 p=11 a=9 file=/data/alice/ipardoza/hadronization_production/HF_RUN3_V1/raw/MONASH/hf_MONASH_job269.root
SIGMAB_COUNTS tag=MONASH species=Xi_b0 pdg=5232 slice=eta_1_2 p=14 a=8 file=/data/alice/ipardoza/hadronization_production/HF_RUN3_V1/raw/MONASH/hf_MONASH_job269.root
SIGMAB_COUNTS tag=MONASH species=Xi_b0 pdg=5232 slice=eta_ge_2 p=29 a=28 file=/data/alice/ipardoza/hadronization_production/HF_RUN3_V1/raw/MONASH/hf_MONASH_job269.root
SIGMAB_COUNTS tag=MONASH species=Xi_b- pdg=5132 slice=all p=60 a=50 file=/data/alice/ipardoza/hadronization_production/HF_RUN3_V1/raw/MONASH/hf_MONASH_job269.root
SIGMAB_COUNTS tag=MONASH species=Xi_b- pdg=5132 slice=eta_lt_1 p=11 a=9 file=/data/alice/ipardoza/hadronization_production/HF_RUN3_V1/raw/MONASH/hf_MONASH_job269.root
SIGMAB_COUNTS tag=MONASH species=Xi_b- pdg=5132 slice=eta_1_2 p=13 a=11 file=/data/alice/ipardoza/hadronization_production/HF_RUN3_V1/raw/MONASH/hf_MONASH_job269.root
SIGMAB_COUNTS tag=MONASH species=Xi_b- pdg=5132 slice=eta_ge_2 p=36 a=30 file=/data/alice/ipardoza/hadronization_production/HF_RUN3_V1/raw/MONASH/hf_MONASH_job269.root
SIGMAB_COUNTS tag=MONASH species=Sigma_b+ pdg=5222 slice=all p=35 a=29 file=/data/alice/ipardoza/hadronization_production/HF_RUN3_V1/raw/MONASH/hf_MONASH_job270.root
SIGMAB_COUNTS tag=MONASH species=Sigma_b+ pdg=5222 slice=eta_lt_1 p=3 a=6 file=/data/alice/ipardoza/hadronization_production/HF_RUN3_V1/raw/MONASH/hf_MONASH_job270.root
SIGMAB_COUNTS tag=MONASH species=Sigma_b+ pdg=5222 slice=eta_1_2 p=11 a=5 file=/data/alice/ipardoza/hadronization_production/HF_RUN3_V1/raw/MONASH/hf_MONASH_job270.root
SIGMAB_COUNTS tag=MONASH species=Sigma_b+ pdg=5222 slice=eta_ge_2 p=21 a=18 file=/data/alice/ipardoza/hadronization_production/HF_RUN3_V1/raw/MONASH/hf_MONASH_job270.root
SIGMAB_COUNTS tag=MONASH species=Sigma_b0 pdg=5212 slice=all p=34 a=19 file=/data/alice/ipardoza/hadronization_production/HF_RUN3_V1/raw/MONASH/hf_MONASH_job270.root
SIGMAB_COUNTS tag=MONASH species=Sigma_b0 pdg=5212 slice=eta_lt_1 p=5 a=1 file=/data/alice/ipardoza/hadronization_production/HF_RUN3_V1/raw/MONASH/hf_MONASH_job270.root
SIGMAB_COUNTS tag=MONASH species=Sigma_b0 pdg=5212 slice=eta_1_2 p=4 a=7 file=/data/alice/ipardoza/hadronization_production/HF_RUN3_V1/raw/MONASH/hf_MONASH_job270.root
SIGMAB_COUNTS tag=MONASH species=Sigma_b0 pdg=5212 slice=eta_ge_2 p=25 a=11 file=/data/alice/ipardoza/hadronization_production/HF_RUN3_V1/raw/MONASH/hf_MONASH_job270.root
SIGMAB_COUNTS tag=MONASH species=Sigma_b- pdg=5112 slice=all p=35 a=24 file=/data/alice/ipardoza/hadronization_production/HF_RUN3_V1/raw/MONASH/hf_MONASH_job270.root
SIGMAB_COUNTS tag=MONASH species=Sigma_b- pdg=5112 slice=eta_lt_1 p=11 a=6 file=/data/alice/ipardoza/hadronization_production/HF_RUN3_V1/raw/MONASH/hf_MONASH_job270.root
SIGMAB_COUNTS tag=MONASH species=Sigma_b- pdg=5112 slice=eta_1_2 p=5 a=7 file=/data/alice/ipardoza/hadronization_production/HF_RUN3_V1/raw/MONASH/hf_MONASH_job270.root
SIGMAB_COUNTS tag=MONASH species=Sigma_b- pdg=5112 slice=eta_ge_2 p=19 a=11 file=/data/alice/ipardoza/hadronization_production/HF_RUN3_V1/raw/MONASH/hf_MONASH_job270.root
SIGMAB_COUNTS tag=MONASH species=Sigma*_b+ pdg=5224 slice=all p=51 a=41 file=/data/alice/ipardoza/hadronization_production/HF_RUN3_V1/raw/MONASH/hf_MONASH_job270.root
SIGMAB_COUNTS tag=MONASH species=Sigma*_b+ pdg=5224 slice=eta_lt_1 p=7 a=12 file=/data/alice/ipardoza/hadronization_production/HF_RUN3_V1/raw/MONASH/hf_MONASH_job270.root
SIGMAB_COUNTS tag=MONASH species=Sigma*_b+ pdg=5224 slice=eta_1_2 p=5 a=9 file=/data/alice/ipardoza/hadronization_production/HF_RUN3_V1/raw/MONASH/hf_MONASH_job270.root
SIGMAB_COUNTS tag=MONASH species=Sigma*_b+ pdg=5224 slice=eta_ge_2 p=39 a=20 file=/data/alice/ipardoza/hadronization_production/HF_RUN3_V1/raw/MONASH/hf_MONASH_job270.root
SIGMAB_COUNTS tag=MONASH species=Sigma*_b0 pdg=5214 slice=all p=49 a=45 file=/data/alice/ipardoza/hadronization_production/HF_RUN3_V1/raw/MONASH/hf_MONASH_job270.root
SIGMAB_COUNTS tag=MONASH species=Sigma*_b0 pdg=5214 slice=eta_lt_1 p=8 a=7 file=/data/alice/ipardoza/hadronization_production/HF_RUN3_V1/raw/MONASH/hf_MONASH_job270.root
SIGMAB_COUNTS tag=MONASH species=Sigma*_b0 pdg=5214 slice=eta_1_2 p=11 a=7 file=/data/alice/ipardoza/hadronization_production/HF_RUN3_V1/raw/MONASH/hf_MONASH_job270.root
SIGMAB_COUNTS tag=MONASH species=Sigma*_b0 pdg=5214 slice=eta_ge_2 p=30 a=31 file=/data/alice/ipardoza/hadronization_production/HF_RUN3_V1/raw/MONASH/hf_MONASH_job270.root
SIGMAB_COUNTS tag=MONASH species=Sigma*_b- pdg=5114 slice=all p=53 a=42 file=/data/alice/ipardoza/hadronization_production/HF_RUN3_V1/raw/MONASH/hf_MONASH_job270.root
SIGMAB_COUNTS tag=MONASH species=Sigma*_b- pdg=5114 slice=eta_lt_1 p=9 a=12 file=/data/alice/ipardoza/hadronization_production/HF_RUN3_V1/raw/MONASH/hf_MONASH_job270.root
SIGMAB_COUNTS tag=MONASH species=Sigma*_b- pdg=5114 slice=eta_1_2 p=10 a=10 file=/data/alice/ipardoza/hadronization_production/HF_RUN3_V1/raw/MONASH/hf_MONASH_job270.root
SIGMAB_COUNTS tag=MONASH species=Sigma*_b- pdg=5114 slice=eta_ge_2 p=34 a=20 file=/data/alice/ipardoza/hadronization_production/HF_RUN3_V1/raw/MONASH/hf_MONASH_job270.root
SIGMAB_COUNTS tag=MONASH species=Lambda_b0 pdg=5122 slice=all p=310 a=288 file=/data/alice/ipardoza/hadronization_production/HF_RUN3_V1/raw/MONASH/hf_MONASH_job270.root
SIGMAB_COUNTS tag=MONASH species=Lambda_b0 pdg=5122 slice=eta_lt_1 p=64 a=55 file=/data/alice/ipardoza/hadronization_production/HF_RUN3_V1/raw/MONASH/hf_MONASH_job270.root
SIGMAB_COUNTS tag=MONASH species=Lambda_b0 pdg=5122 slice=eta_1_2 p=63 a=62 file=/data/alice/ipardoza/hadronization_production/HF_RUN3_V1/raw/MONASH/hf_MONASH_job270.root
SIGMAB_COUNTS tag=MONASH species=Lambda_b0 pdg=5122 slice=eta_ge_2 p=183 a=171 file=/data/alice/ipardoza/hadronization_production/HF_RUN3_V1/raw/MONASH/hf_MONASH_job270.root
SIGMAB_COUNTS tag=MONASH species=Xi_b0 pdg=5232 slice=all p=70 a=54 file=/data/alice/ipardoza/hadronization_production/HF_RUN3_V1/raw/MONASH/hf_MONASH_job270.root
SIGMAB_COUNTS tag=MONASH species=Xi_b0 pdg=5232 slice=eta_lt_1 p=15 a=13 file=/data/alice/ipardoza/hadronization_production/HF_RUN3_V1/raw/MONASH/hf_MONASH_job270.root
SIGMAB_COUNTS tag=MONASH species=Xi_b0 pdg=5232 slice=eta_1_2 p=17 a=10 file=/data/alice/ipardoza/hadronization_production/HF_RUN3_V1/raw/MONASH/hf_MONASH_job270.root
SIGMAB_COUNTS tag=MONASH species=Xi_b0 pdg=5232 slice=eta_ge_2 p=38 a=31 file=/data/alice/ipardoza/hadronization_production/HF_RUN3_V1/raw/MONASH/hf_MONASH_job270.root
SIGMAB_COUNTS tag=MONASH species=Xi_b- pdg=5132 slice=all p=56 a=64 file=/data/alice/ipardoza/hadronization_production/HF_RUN3_V1/raw/MONASH/hf_MONASH_job270.root
SIGMAB_COUNTS tag=MONASH species=Xi_b- pdg=5132 slice=eta_lt_1 p=10 a=10 file=/data/alice/ipardoza/hadronization_production/HF_RUN3_V1/raw/MONASH/hf_MONASH_job270.root
SIGMAB_COUNTS tag=MONASH species=Xi_b- pdg=5132 slice=eta_1_2 p=18 a=13 file=/data/alice/ipardoza/hadronization_production/HF_RUN3_V1/raw/MONASH/hf_MONASH_job270.root
SIGMAB_COUNTS tag=MONASH species=Xi_b- pdg=5132 slice=eta_ge_2 p=28 a=41 file=/data/alice/ipardoza/hadronization_production/HF_RUN3_V1/raw/MONASH/hf_MONASH_job270.root
SIGMAB_COUNTS tag=MONASH species=Sigma_b+ pdg=5222 slice=all p=30 a=20 file=/data/alice/ipardoza/hadronization_production/HF_RUN3_V1/raw/MONASH/hf_MONASH_job271.root
SIGMAB_COUNTS tag=MONASH species=Sigma_b+ pdg=5222 slice=eta_lt_1 p=6 a=4 file=/data/alice/ipardoza/hadronization_production/HF_RUN3_V1/raw/MONASH/hf_MONASH_job271.root
SIGMAB_COUNTS tag=MONASH species=Sigma_b+ pdg=5222 slice=eta_1_2 p=4 a=5 file=/data/alice/ipardoza/hadronization_production/HF_RUN3_V1/raw/MONASH/hf_MONASH_job271.root
SIGMAB_COUNTS tag=MONASH species=Sigma_b+ pdg=5222 slice=eta_ge_2 p=20 a=11 file=/data/alice/ipardoza/hadronization_production/HF_RUN3_V1/raw/MONASH/hf_MONASH_job271.root
SIGMAB_COUNTS tag=MONASH species=Sigma_b0 pdg=5212 slice=all p=34 a=23 file=/data/alice/ipardoza/hadronization_production/HF_RUN3_V1/raw/MONASH/hf_MONASH_job271.root
SIGMAB_COUNTS tag=MONASH species=Sigma_b0 pdg=5212 slice=eta_lt_1 p=7 a=4 file=/data/alice/ipardoza/hadronization_production/HF_RUN3_V1/raw/MONASH/hf_MONASH_job271.root
SIGMAB_COUNTS tag=MONASH species=Sigma_b0 pdg=5212 slice=eta_1_2 p=10 a=4 file=/data/alice/ipardoza/hadronization_production/HF_RUN3_V1/raw/MONASH/hf_MONASH_job271.root
SIGMAB_COUNTS tag=MONASH species=Sigma_b0 pdg=5212 slice=eta_ge_2 p=17 a=15 file=/data/alice/ipardoza/hadronization_production/HF_RUN3_V1/raw/MONASH/hf_MONASH_job271.root
SIGMAB_COUNTS tag=MONASH species=Sigma_b- pdg=5112 slice=all p=36 a=27 file=/data/alice/ipardoza/hadronization_production/HF_RUN3_V1/raw/MONASH/hf_MONASH_job271.root
SIGMAB_COUNTS tag=MONASH species=Sigma_b- pdg=5112 slice=eta_lt_1 p=5 a=5 file=/data/alice/ipardoza/hadronization_production/HF_RUN3_V1/raw/MONASH/hf_MONASH_job271.root
SIGMAB_COUNTS tag=MONASH species=Sigma_b- pdg=5112 slice=eta_1_2 p=5 a=3 file=/data/alice/ipardoza/hadronization_production/HF_RUN3_V1/raw/MONASH/hf_MONASH_job271.root
SIGMAB_COUNTS tag=MONASH species=Sigma_b- pdg=5112 slice=eta_ge_2 p=26 a=19 file=/data/alice/ipardoza/hadronization_production/HF_RUN3_V1/raw/MONASH/hf_MONASH_job271.root
SIGMAB_COUNTS tag=MONASH species=Sigma*_b+ pdg=5224 slice=all p=47 a=39 file=/data/alice/ipardoza/hadronization_production/HF_RUN3_V1/raw/MONASH/hf_MONASH_job271.root
SIGMAB_COUNTS tag=MONASH species=Sigma*_b+ pdg=5224 slice=eta_lt_1 p=7 a=8 file=/data/alice/ipardoza/hadronization_production/HF_RUN3_V1/raw/MONASH/hf_MONASH_job271.root
SIGMAB_COUNTS tag=MONASH species=Sigma*_b+ pdg=5224 slice=eta_1_2 p=7 a=8 file=/data/alice/ipardoza/hadronization_production/HF_RUN3_V1/raw/MONASH/hf_MONASH_job271.root
SIGMAB_COUNTS tag=MONASH species=Sigma*_b+ pdg=5224 slice=eta_ge_2 p=33 a=23 file=/data/alice/ipardoza/hadronization_production/HF_RUN3_V1/raw/MONASH/hf_MONASH_job271.root
SIGMAB_COUNTS tag=MONASH species=Sigma*_b0 pdg=5214 slice=all p=52 a=35 file=/data/alice/ipardoza/hadronization_production/HF_RUN3_V1/raw/MONASH/hf_MONASH_job271.root
SIGMAB_COUNTS tag=MONASH species=Sigma*_b0 pdg=5214 slice=eta_lt_1 p=9 a=4 file=/data/alice/ipardoza/hadronization_production/HF_RUN3_V1/raw/MONASH/hf_MONASH_job271.root
SIGMAB_COUNTS tag=MONASH species=Sigma*_b0 pdg=5214 slice=eta_1_2 p=10 a=10 file=/data/alice/ipardoza/hadronization_production/HF_RUN3_V1/raw/MONASH/hf_MONASH_job271.root
SIGMAB_COUNTS tag=MONASH species=Sigma*_b0 pdg=5214 slice=eta_ge_2 p=33 a=21 file=/data/alice/ipardoza/hadronization_production/HF_RUN3_V1/raw/MONASH/hf_MONASH_job271.root
SIGMAB_COUNTS tag=MONASH species=Sigma*_b- pdg=5114 slice=all p=36 a=48 file=/data/alice/ipardoza/hadronization_production/HF_RUN3_V1/raw/MONASH/hf_MONASH_job271.root
SIGMAB_COUNTS tag=MONASH species=Sigma*_b- pdg=5114 slice=eta_lt_1 p=7 a=9 file=/data/alice/ipardoza/hadronization_production/HF_RUN3_V1/raw/MONASH/hf_MONASH_job271.root
SIGMAB_COUNTS tag=MONASH species=Sigma*_b- pdg=5114 slice=eta_1_2 p=6 a=12 file=/data/alice/ipardoza/hadronization_production/HF_RUN3_V1/raw/MONASH/hf_MONASH_job271.root
SIGMAB_COUNTS tag=MONASH species=Sigma*_b- pdg=5114 slice=eta_ge_2 p=23 a=27 file=/data/alice/ipardoza/hadronization_production/HF_RUN3_V1/raw/MONASH/hf_MONASH_job271.root
SIGMAB_COUNTS tag=MONASH species=Lambda_b0 pdg=5122 slice=all p=316 a=324 file=/data/alice/ipardoza/hadronization_production/HF_RUN3_V1/raw/MONASH/hf_MONASH_job271.root
SIGMAB_COUNTS tag=MONASH species=Lambda_b0 pdg=5122 slice=eta_lt_1 p=64 a=50 file=/data/alice/ipardoza/hadronization_production/HF_RUN3_V1/raw/MONASH/hf_MONASH_job271.root
SIGMAB_COUNTS tag=MONASH species=Lambda_b0 pdg=5122 slice=eta_1_2 p=67 a=70 file=/data/alice/ipardoza/hadronization_production/HF_RUN3_V1/raw/MONASH/hf_MONASH_job271.root
SIGMAB_COUNTS tag=MONASH species=Lambda_b0 pdg=5122 slice=eta_ge_2 p=185 a=204 file=/data/alice/ipardoza/hadronization_production/HF_RUN3_V1/raw/MONASH/hf_MONASH_job271.root
SIGMAB_COUNTS tag=MONASH species=Xi_b0 pdg=5232 slice=all p=62 a=53 file=/data/alice/ipardoza/hadronization_production/HF_RUN3_V1/raw/MONASH/hf_MONASH_job271.root
SIGMAB_COUNTS tag=MONASH species=Xi_b0 pdg=5232 slice=eta_lt_1 p=17 a=9 file=/data/alice/ipardoza/hadronization_production/HF_RUN3_V1/raw/MONASH/hf_MONASH_job271.root
SIGMAB_COUNTS tag=MONASH species=Xi_b0 pdg=5232 slice=eta_1_2 p=6 a=12 file=/data/alice/ipardoza/hadronization_production/HF_RUN3_V1/raw/MONASH/hf_MONASH_job271.root
SIGMAB_COUNTS tag=MONASH species=Xi_b0 pdg=5232 slice=eta_ge_2 p=39 a=32 file=/data/alice/ipardoza/hadronization_production/HF_RUN3_V1/raw/MONASH/hf_MONASH_job271.root
SIGMAB_COUNTS tag=MONASH species=Xi_b- pdg=5132 slice=all p=60 a=58 file=/data/alice/ipardoza/hadronization_production/HF_RUN3_V1/raw/MONASH/hf_MONASH_job271.root
SIGMAB_COUNTS tag=MONASH species=Xi_b- pdg=5132 slice=eta_lt_1 p=8 a=5 file=/data/alice/ipardoza/hadronization_production/HF_RUN3_V1/raw/MONASH/hf_MONASH_job271.root
SIGMAB_COUNTS tag=MONASH species=Xi_b- pdg=5132 slice=eta_1_2 p=12 a=16 file=/data/alice/ipardoza/hadronization_production/HF_RUN3_V1/raw/MONASH/hf_MONASH_job271.root
SIGMAB_COUNTS tag=MONASH species=Xi_b- pdg=5132 slice=eta_ge_2 p=40 a=37 file=/data/alice/ipardoza/hadronization_production/HF_RUN3_V1/raw/MONASH/hf_MONASH_job271.root
SIGMAB_COUNTS tag=MONASH species=Sigma_b+ pdg=5222 slice=all p=32 a=18 file=/data/alice/ipardoza/hadronization_production/HF_RUN3_V1/raw/MONASH/hf_MONASH_job272.root
SIGMAB_COUNTS tag=MONASH species=Sigma_b+ pdg=5222 slice=eta_lt_1 p=2 a=4 file=/data/alice/ipardoza/hadronization_production/HF_RUN3_V1/raw/MONASH/hf_MONASH_job272.root
SIGMAB_COUNTS tag=MONASH species=Sigma_b+ pdg=5222 slice=eta_1_2 p=7 a=3 file=/data/alice/ipardoza/hadronization_production/HF_RUN3_V1/raw/MONASH/hf_MONASH_job272.root
SIGMAB_COUNTS tag=MONASH species=Sigma_b+ pdg=5222 slice=eta_ge_2 p=23 a=11 file=/data/alice/ipardoza/hadronization_production/HF_RUN3_V1/raw/MONASH/hf_MONASH_job272.root
SIGMAB_COUNTS tag=MONASH species=Sigma_b0 pdg=5212 slice=all p=30 a=24 file=/data/alice/ipardoza/hadronization_production/HF_RUN3_V1/raw/MONASH/hf_MONASH_job272.root
SIGMAB_COUNTS tag=MONASH species=Sigma_b0 pdg=5212 slice=eta_lt_1 p=5 a=6 file=/data/alice/ipardoza/hadronization_production/HF_RUN3_V1/raw/MONASH/hf_MONASH_job272.root
SIGMAB_COUNTS tag=MONASH species=Sigma_b0 pdg=5212 slice=eta_1_2 p=7 a=3 file=/data/alice/ipardoza/hadronization_production/HF_RUN3_V1/raw/MONASH/hf_MONASH_job272.root
SIGMAB_COUNTS tag=MONASH species=Sigma_b0 pdg=5212 slice=eta_ge_2 p=18 a=15 file=/data/alice/ipardoza/hadronization_production/HF_RUN3_V1/raw/MONASH/hf_MONASH_job272.root
SIGMAB_COUNTS tag=MONASH species=Sigma_b- pdg=5112 slice=all p=37 a=19 file=/data/alice/ipardoza/hadronization_production/HF_RUN3_V1/raw/MONASH/hf_MONASH_job272.root
SIGMAB_COUNTS tag=MONASH species=Sigma_b- pdg=5112 slice=eta_lt_1 p=2 a=5 file=/data/alice/ipardoza/hadronization_production/HF_RUN3_V1/raw/MONASH/hf_MONASH_job272.root
SIGMAB_COUNTS tag=MONASH species=Sigma_b- pdg=5112 slice=eta_1_2 p=8 a=4 file=/data/alice/ipardoza/hadronization_production/HF_RUN3_V1/raw/MONASH/hf_MONASH_job272.root
SIGMAB_COUNTS tag=MONASH species=Sigma_b- pdg=5112 slice=eta_ge_2 p=27 a=10 file=/data/alice/ipardoza/hadronization_production/HF_RUN3_V1/raw/MONASH/hf_MONASH_job272.root
SIGMAB_COUNTS tag=MONASH species=Sigma*_b+ pdg=5224 slice=all p=39 a=52 file=/data/alice/ipardoza/hadronization_production/HF_RUN3_V1/raw/MONASH/hf_MONASH_job272.root
SIGMAB_COUNTS tag=MONASH species=Sigma*_b+ pdg=5224 slice=eta_lt_1 p=5 a=8 file=/data/alice/ipardoza/hadronization_production/HF_RUN3_V1/raw/MONASH/hf_MONASH_job272.root
SIGMAB_COUNTS tag=MONASH species=Sigma*_b+ pdg=5224 slice=eta_1_2 p=10 a=12 file=/data/alice/ipardoza/hadronization_production/HF_RUN3_V1/raw/MONASH/hf_MONASH_job272.root
SIGMAB_COUNTS tag=MONASH species=Sigma*_b+ pdg=5224 slice=eta_ge_2 p=24 a=32 file=/data/alice/ipardoza/hadronization_production/HF_RUN3_V1/raw/MONASH/hf_MONASH_job272.root
SIGMAB_COUNTS tag=MONASH species=Sigma*_b0 pdg=5214 slice=all p=62 a=42 file=/data/alice/ipardoza/hadronization_production/HF_RUN3_V1/raw/MONASH/hf_MONASH_job272.root
SIGMAB_COUNTS tag=MONASH species=Sigma*_b0 pdg=5214 slice=eta_lt_1 p=12 a=10 file=/data/alice/ipardoza/hadronization_production/HF_RUN3_V1/raw/MONASH/hf_MONASH_job272.root
SIGMAB_COUNTS tag=MONASH species=Sigma*_b0 pdg=5214 slice=eta_1_2 p=20 a=4 file=/data/alice/ipardoza/hadronization_production/HF_RUN3_V1/raw/MONASH/hf_MONASH_job272.root
SIGMAB_COUNTS tag=MONASH species=Sigma*_b0 pdg=5214 slice=eta_ge_2 p=30 a=28 file=/data/alice/ipardoza/hadronization_production/HF_RUN3_V1/raw/MONASH/hf_MONASH_job272.root
SIGMAB_COUNTS tag=MONASH species=Sigma*_b- pdg=5114 slice=all p=45 a=46 file=/data/alice/ipardoza/hadronization_production/HF_RUN3_V1/raw/MONASH/hf_MONASH_job272.root
SIGMAB_COUNTS tag=MONASH species=Sigma*_b- pdg=5114 slice=eta_lt_1 p=10 a=6 file=/data/alice/ipardoza/hadronization_production/HF_RUN3_V1/raw/MONASH/hf_MONASH_job272.root
SIGMAB_COUNTS tag=MONASH species=Sigma*_b- pdg=5114 slice=eta_1_2 p=10 a=7 file=/data/alice/ipardoza/hadronization_production/HF_RUN3_V1/raw/MONASH/hf_MONASH_job272.root
SIGMAB_COUNTS tag=MONASH species=Sigma*_b- pdg=5114 slice=eta_ge_2 p=25 a=33 file=/data/alice/ipardoza/hadronization_production/HF_RUN3_V1/raw/MONASH/hf_MONASH_job272.root
SIGMAB_COUNTS tag=MONASH species=Lambda_b0 pdg=5122 slice=all p=308 a=312 file=/data/alice/ipardoza/hadronization_production/HF_RUN3_V1/raw/MONASH/hf_MONASH_job272.root
SIGMAB_COUNTS tag=MONASH species=Lambda_b0 pdg=5122 slice=eta_lt_1 p=56 a=50 file=/data/alice/ipardoza/hadronization_production/HF_RUN3_V1/raw/MONASH/hf_MONASH_job272.root
SIGMAB_COUNTS tag=MONASH species=Lambda_b0 pdg=5122 slice=eta_1_2 p=62 a=70 file=/data/alice/ipardoza/hadronization_production/HF_RUN3_V1/raw/MONASH/hf_MONASH_job272.root
SIGMAB_COUNTS tag=MONASH species=Lambda_b0 pdg=5122 slice=eta_ge_2 p=190 a=192 file=/data/alice/ipardoza/hadronization_production/HF_RUN3_V1/raw/MONASH/hf_MONASH_job272.root
SIGMAB_COUNTS tag=MONASH species=Xi_b0 pdg=5232 slice=all p=54 a=55 file=/data/alice/ipardoza/hadronization_production/HF_RUN3_V1/raw/MONASH/hf_MONASH_job272.root
SIGMAB_COUNTS tag=MONASH species=Xi_b0 pdg=5232 slice=eta_lt_1 p=15 a=14 file=/data/alice/ipardoza/hadronization_production/HF_RUN3_V1/raw/MONASH/hf_MONASH_job272.root
SIGMAB_COUNTS tag=MONASH species=Xi_b0 pdg=5232 slice=eta_1_2 p=9 a=18 file=/data/alice/ipardoza/hadronization_production/HF_RUN3_V1/raw/MONASH/hf_MONASH_job272.root
SIGMAB_COUNTS tag=MONASH species=Xi_b0 pdg=5232 slice=eta_ge_2 p=30 a=23 file=/data/alice/ipardoza/hadronization_production/HF_RUN3_V1/raw/MONASH/hf_MONASH_job272.root
SIGMAB_COUNTS tag=MONASH species=Xi_b- pdg=5132 slice=all p=70 a=76 file=/data/alice/ipardoza/hadronization_production/HF_RUN3_V1/raw/MONASH/hf_MONASH_job272.root
SIGMAB_COUNTS tag=MONASH species=Xi_b- pdg=5132 slice=eta_lt_1 p=10 a=15 file=/data/alice/ipardoza/hadronization_production/HF_RUN3_V1/raw/MONASH/hf_MONASH_job272.root
SIGMAB_COUNTS tag=MONASH species=Xi_b- pdg=5132 slice=eta_1_2 p=15 a=22 file=/data/alice/ipardoza/hadronization_production/HF_RUN3_V1/raw/MONASH/hf_MONASH_job272.root
SIGMAB_COUNTS tag=MONASH species=Xi_b- pdg=5132 slice=eta_ge_2 p=45 a=39 file=/data/alice/ipardoza/hadronization_production/HF_RUN3_V1/raw/MONASH/hf_MONASH_job272.root
SIGMAB_COUNTS tag=MONASH species=Sigma_b+ pdg=5222 slice=all p=42 a=14 file=/data/alice/ipardoza/hadronization_production/HF_RUN3_V1/raw/MONASH/hf_MONASH_job273.root
SIGMAB_COUNTS tag=MONASH species=Sigma_b+ pdg=5222 slice=eta_lt_1 p=7 a=2 file=/data/alice/ipardoza/hadronization_production/HF_RUN3_V1/raw/MONASH/hf_MONASH_job273.root
SIGMAB_COUNTS tag=MONASH species=Sigma_b+ pdg=5222 slice=eta_1_2 p=5 a=3 file=/data/alice/ipardoza/hadronization_production/HF_RUN3_V1/raw/MONASH/hf_MONASH_job273.root
SIGMAB_COUNTS tag=MONASH species=Sigma_b+ pdg=5222 slice=eta_ge_2 p=30 a=9 file=/data/alice/ipardoza/hadronization_production/HF_RUN3_V1/raw/MONASH/hf_MONASH_job273.root
SIGMAB_COUNTS tag=MONASH species=Sigma_b0 pdg=5212 slice=all p=35 a=19 file=/data/alice/ipardoza/hadronization_production/HF_RUN3_V1/raw/MONASH/hf_MONASH_job273.root
SIGMAB_COUNTS tag=MONASH species=Sigma_b0 pdg=5212 slice=eta_lt_1 p=5 a=3 file=/data/alice/ipardoza/hadronization_production/HF_RUN3_V1/raw/MONASH/hf_MONASH_job273.root
SIGMAB_COUNTS tag=MONASH species=Sigma_b0 pdg=5212 slice=eta_1_2 p=5 a=5 file=/data/alice/ipardoza/hadronization_production/HF_RUN3_V1/raw/MONASH/hf_MONASH_job273.root
SIGMAB_COUNTS tag=MONASH species=Sigma_b0 pdg=5212 slice=eta_ge_2 p=25 a=11 file=/data/alice/ipardoza/hadronization_production/HF_RUN3_V1/raw/MONASH/hf_MONASH_job273.root
SIGMAB_COUNTS tag=MONASH species=Sigma_b- pdg=5112 slice=all p=41 a=21 file=/data/alice/ipardoza/hadronization_production/HF_RUN3_V1/raw/MONASH/hf_MONASH_job273.root
SIGMAB_COUNTS tag=MONASH species=Sigma_b- pdg=5112 slice=eta_lt_1 p=5 a=3 file=/data/alice/ipardoza/hadronization_production/HF_RUN3_V1/raw/MONASH/hf_MONASH_job273.root
SIGMAB_COUNTS tag=MONASH species=Sigma_b- pdg=5112 slice=eta_1_2 p=5 a=7 file=/data/alice/ipardoza/hadronization_production/HF_RUN3_V1/raw/MONASH/hf_MONASH_job273.root
SIGMAB_COUNTS tag=MONASH species=Sigma_b- pdg=5112 slice=eta_ge_2 p=31 a=11 file=/data/alice/ipardoza/hadronization_production/HF_RUN3_V1/raw/MONASH/hf_MONASH_job273.root
SIGMAB_COUNTS tag=MONASH species=Sigma*_b+ pdg=5224 slice=all p=57 a=34 file=/data/alice/ipardoza/hadronization_production/HF_RUN3_V1/raw/MONASH/hf_MONASH_job273.root
SIGMAB_COUNTS tag=MONASH species=Sigma*_b+ pdg=5224 slice=eta_lt_1 p=5 a=11 file=/data/alice/ipardoza/hadronization_production/HF_RUN3_V1/raw/MONASH/hf_MONASH_job273.root
SIGMAB_COUNTS tag=MONASH species=Sigma*_b+ pdg=5224 slice=eta_1_2 p=14 a=8 file=/data/alice/ipardoza/hadronization_production/HF_RUN3_V1/raw/MONASH/hf_MONASH_job273.root
SIGMAB_COUNTS tag=MONASH species=Sigma*_b+ pdg=5224 slice=eta_ge_2 p=38 a=15 file=/data/alice/ipardoza/hadronization_production/HF_RUN3_V1/raw/MONASH/hf_MONASH_job273.root
SIGMAB_COUNTS tag=MONASH species=Sigma*_b0 pdg=5214 slice=all p=59 a=54 file=/data/alice/ipardoza/hadronization_production/HF_RUN3_V1/raw/MONASH/hf_MONASH_job273.root
SIGMAB_COUNTS tag=MONASH species=Sigma*_b0 pdg=5214 slice=eta_lt_1 p=8 a=12 file=/data/alice/ipardoza/hadronization_production/HF_RUN3_V1/raw/MONASH/hf_MONASH_job273.root
SIGMAB_COUNTS tag=MONASH species=Sigma*_b0 pdg=5214 slice=eta_1_2 p=11 a=18 file=/data/alice/ipardoza/hadronization_production/HF_RUN3_V1/raw/MONASH/hf_MONASH_job273.root
SIGMAB_COUNTS tag=MONASH species=Sigma*_b0 pdg=5214 slice=eta_ge_2 p=40 a=24 file=/data/alice/ipardoza/hadronization_production/HF_RUN3_V1/raw/MONASH/hf_MONASH_job273.root
SIGMAB_COUNTS tag=MONASH species=Sigma*_b- pdg=5114 slice=all p=45 a=47 file=/data/alice/ipardoza/hadronization_production/HF_RUN3_V1/raw/MONASH/hf_MONASH_job273.root
SIGMAB_COUNTS tag=MONASH species=Sigma*_b- pdg=5114 slice=eta_lt_1 p=13 a=2 file=/data/alice/ipardoza/hadronization_production/HF_RUN3_V1/raw/MONASH/hf_MONASH_job273.root
SIGMAB_COUNTS tag=MONASH species=Sigma*_b- pdg=5114 slice=eta_1_2 p=5 a=13 file=/data/alice/ipardoza/hadronization_production/HF_RUN3_V1/raw/MONASH/hf_MONASH_job273.root
SIGMAB_COUNTS tag=MONASH species=Sigma*_b- pdg=5114 slice=eta_ge_2 p=27 a=32 file=/data/alice/ipardoza/hadronization_production/HF_RUN3_V1/raw/MONASH/hf_MONASH_job273.root
SIGMAB_COUNTS tag=MONASH species=Lambda_b0 pdg=5122 slice=all p=315 a=335 file=/data/alice/ipardoza/hadronization_production/HF_RUN3_V1/raw/MONASH/hf_MONASH_job273.root
SIGMAB_COUNTS tag=MONASH species=Lambda_b0 pdg=5122 slice=eta_lt_1 p=77 a=63 file=/data/alice/ipardoza/hadronization_production/HF_RUN3_V1/raw/MONASH/hf_MONASH_job273.root
SIGMAB_COUNTS tag=MONASH species=Lambda_b0 pdg=5122 slice=eta_1_2 p=76 a=71 file=/data/alice/ipardoza/hadronization_production/HF_RUN3_V1/raw/MONASH/hf_MONASH_job273.root
SIGMAB_COUNTS tag=MONASH species=Lambda_b0 pdg=5122 slice=eta_ge_2 p=162 a=201 file=/data/alice/ipardoza/hadronization_production/HF_RUN3_V1/raw/MONASH/hf_MONASH_job273.root
SIGMAB_COUNTS tag=MONASH species=Xi_b0 pdg=5232 slice=all p=55 a=66 file=/data/alice/ipardoza/hadronization_production/HF_RUN3_V1/raw/MONASH/hf_MONASH_job273.root
SIGMAB_COUNTS tag=MONASH species=Xi_b0 pdg=5232 slice=eta_lt_1 p=11 a=11 file=/data/alice/ipardoza/hadronization_production/HF_RUN3_V1/raw/MONASH/hf_MONASH_job273.root
SIGMAB_COUNTS tag=MONASH species=Xi_b0 pdg=5232 slice=eta_1_2 p=13 a=16 file=/data/alice/ipardoza/hadronization_production/HF_RUN3_V1/raw/MONASH/hf_MONASH_job273.root
SIGMAB_COUNTS tag=MONASH species=Xi_b0 pdg=5232 slice=eta_ge_2 p=31 a=39 file=/data/alice/ipardoza/hadronization_production/HF_RUN3_V1/raw/MONASH/hf_MONASH_job273.root
SIGMAB_COUNTS tag=MONASH species=Xi_b- pdg=5132 slice=all p=49 a=66 file=/data/alice/ipardoza/hadronization_production/HF_RUN3_V1/raw/MONASH/hf_MONASH_job273.root
SIGMAB_COUNTS tag=MONASH species=Xi_b- pdg=5132 slice=eta_lt_1 p=9 a=10 file=/data/alice/ipardoza/hadronization_production/HF_RUN3_V1/raw/MONASH/hf_MONASH_job273.root
SIGMAB_COUNTS tag=MONASH species=Xi_b- pdg=5132 slice=eta_1_2 p=8 a=20 file=/data/alice/ipardoza/hadronization_production/HF_RUN3_V1/raw/MONASH/hf_MONASH_job273.root
SIGMAB_COUNTS tag=MONASH species=Xi_b- pdg=5132 slice=eta_ge_2 p=32 a=36 file=/data/alice/ipardoza/hadronization_production/HF_RUN3_V1/raw/MONASH/hf_MONASH_job273.root
SIGMAB_COUNTS tag=MONASH species=Sigma_b+ pdg=5222 slice=all p=28 a=28 file=/data/alice/ipardoza/hadronization_production/HF_RUN3_V1/raw/MONASH/hf_MONASH_job274.root
SIGMAB_COUNTS tag=MONASH species=Sigma_b+ pdg=5222 slice=eta_lt_1 p=3 a=1 file=/data/alice/ipardoza/hadronization_production/HF_RUN3_V1/raw/MONASH/hf_MONASH_job274.root
SIGMAB_COUNTS tag=MONASH species=Sigma_b+ pdg=5222 slice=eta_1_2 p=6 a=5 file=/data/alice/ipardoza/hadronization_production/HF_RUN3_V1/raw/MONASH/hf_MONASH_job274.root
SIGMAB_COUNTS tag=MONASH species=Sigma_b+ pdg=5222 slice=eta_ge_2 p=19 a=22 file=/data/alice/ipardoza/hadronization_production/HF_RUN3_V1/raw/MONASH/hf_MONASH_job274.root
SIGMAB_COUNTS tag=MONASH species=Sigma_b0 pdg=5212 slice=all p=31 a=13 file=/data/alice/ipardoza/hadronization_production/HF_RUN3_V1/raw/MONASH/hf_MONASH_job274.root
SIGMAB_COUNTS tag=MONASH species=Sigma_b0 pdg=5212 slice=eta_lt_1 p=4 a=2 file=/data/alice/ipardoza/hadronization_production/HF_RUN3_V1/raw/MONASH/hf_MONASH_job274.root
SIGMAB_COUNTS tag=MONASH species=Sigma_b0 pdg=5212 slice=eta_1_2 p=4 a=5 file=/data/alice/ipardoza/hadronization_production/HF_RUN3_V1/raw/MONASH/hf_MONASH_job274.root
SIGMAB_COUNTS tag=MONASH species=Sigma_b0 pdg=5212 slice=eta_ge_2 p=23 a=6 file=/data/alice/ipardoza/hadronization_production/HF_RUN3_V1/raw/MONASH/hf_MONASH_job274.root
SIGMAB_COUNTS tag=MONASH species=Sigma_b- pdg=5112 slice=all p=25 a=14 file=/data/alice/ipardoza/hadronization_production/HF_RUN3_V1/raw/MONASH/hf_MONASH_job274.root
SIGMAB_COUNTS tag=MONASH species=Sigma_b- pdg=5112 slice=eta_lt_1 p=5 a=2 file=/data/alice/ipardoza/hadronization_production/HF_RUN3_V1/raw/MONASH/hf_MONASH_job274.root
SIGMAB_COUNTS tag=MONASH species=Sigma_b- pdg=5112 slice=eta_1_2 p=3 a=1 file=/data/alice/ipardoza/hadronization_production/HF_RUN3_V1/raw/MONASH/hf_MONASH_job274.root
SIGMAB_COUNTS tag=MONASH species=Sigma_b- pdg=5112 slice=eta_ge_2 p=17 a=11 file=/data/alice/ipardoza/hadronization_production/HF_RUN3_V1/raw/MONASH/hf_MONASH_job274.root
SIGMAB_COUNTS tag=MONASH species=Sigma*_b+ pdg=5224 slice=all p=49 a=48 file=/data/alice/ipardoza/hadronization_production/HF_RUN3_V1/raw/MONASH/hf_MONASH_job274.root
SIGMAB_COUNTS tag=MONASH species=Sigma*_b+ pdg=5224 slice=eta_lt_1 p=8 a=11 file=/data/alice/ipardoza/hadronization_production/HF_RUN3_V1/raw/MONASH/hf_MONASH_job274.root
SIGMAB_COUNTS tag=MONASH species=Sigma*_b+ pdg=5224 slice=eta_1_2 p=11 a=12 file=/data/alice/ipardoza/hadronization_production/HF_RUN3_V1/raw/MONASH/hf_MONASH_job274.root
SIGMAB_COUNTS tag=MONASH species=Sigma*_b+ pdg=5224 slice=eta_ge_2 p=30 a=25 file=/data/alice/ipardoza/hadronization_production/HF_RUN3_V1/raw/MONASH/hf_MONASH_job274.root
SIGMAB_COUNTS tag=MONASH species=Sigma*_b0 pdg=5214 slice=all p=58 a=34 file=/data/alice/ipardoza/hadronization_production/HF_RUN3_V1/raw/MONASH/hf_MONASH_job274.root
SIGMAB_COUNTS tag=MONASH species=Sigma*_b0 pdg=5214 slice=eta_lt_1 p=8 a=2 file=/data/alice/ipardoza/hadronization_production/HF_RUN3_V1/raw/MONASH/hf_MONASH_job274.root
SIGMAB_COUNTS tag=MONASH species=Sigma*_b0 pdg=5214 slice=eta_1_2 p=13 a=8 file=/data/alice/ipardoza/hadronization_production/HF_RUN3_V1/raw/MONASH/hf_MONASH_job274.root
SIGMAB_COUNTS tag=MONASH species=Sigma*_b0 pdg=5214 slice=eta_ge_2 p=37 a=24 file=/data/alice/ipardoza/hadronization_production/HF_RUN3_V1/raw/MONASH/hf_MONASH_job274.root
SIGMAB_COUNTS tag=MONASH species=Sigma*_b- pdg=5114 slice=all p=39 a=38 file=/data/alice/ipardoza/hadronization_production/HF_RUN3_V1/raw/MONASH/hf_MONASH_job274.root
SIGMAB_COUNTS tag=MONASH species=Sigma*_b- pdg=5114 slice=eta_lt_1 p=1 a=7 file=/data/alice/ipardoza/hadronization_production/HF_RUN3_V1/raw/MONASH/hf_MONASH_job274.root
SIGMAB_COUNTS tag=MONASH species=Sigma*_b- pdg=5114 slice=eta_1_2 p=9 a=9 file=/data/alice/ipardoza/hadronization_production/HF_RUN3_V1/raw/MONASH/hf_MONASH_job274.root
SIGMAB_COUNTS tag=MONASH species=Sigma*_b- pdg=5114 slice=eta_ge_2 p=29 a=22 file=/data/alice/ipardoza/hadronization_production/HF_RUN3_V1/raw/MONASH/hf_MONASH_job274.root
SIGMAB_COUNTS tag=MONASH species=Lambda_b0 pdg=5122 slice=all p=314 a=279 file=/data/alice/ipardoza/hadronization_production/HF_RUN3_V1/raw/MONASH/hf_MONASH_job274.root
SIGMAB_COUNTS tag=MONASH species=Lambda_b0 pdg=5122 slice=eta_lt_1 p=56 a=48 file=/data/alice/ipardoza/hadronization_production/HF_RUN3_V1/raw/MONASH/hf_MONASH_job274.root
SIGMAB_COUNTS tag=MONASH species=Lambda_b0 pdg=5122 slice=eta_1_2 p=72 a=58 file=/data/alice/ipardoza/hadronization_production/HF_RUN3_V1/raw/MONASH/hf_MONASH_job274.root
SIGMAB_COUNTS tag=MONASH species=Lambda_b0 pdg=5122 slice=eta_ge_2 p=186 a=173 file=/data/alice/ipardoza/hadronization_production/HF_RUN3_V1/raw/MONASH/hf_MONASH_job274.root
SIGMAB_COUNTS tag=MONASH species=Xi_b0 pdg=5232 slice=all p=59 a=64 file=/data/alice/ipardoza/hadronization_production/HF_RUN3_V1/raw/MONASH/hf_MONASH_job274.root
SIGMAB_COUNTS tag=MONASH species=Xi_b0 pdg=5232 slice=eta_lt_1 p=12 a=14 file=/data/alice/ipardoza/hadronization_production/HF_RUN3_V1/raw/MONASH/hf_MONASH_job274.root
SIGMAB_COUNTS tag=MONASH species=Xi_b0 pdg=5232 slice=eta_1_2 p=15 a=15 file=/data/alice/ipardoza/hadronization_production/HF_RUN3_V1/raw/MONASH/hf_MONASH_job274.root
SIGMAB_COUNTS tag=MONASH species=Xi_b0 pdg=5232 slice=eta_ge_2 p=32 a=35 file=/data/alice/ipardoza/hadronization_production/HF_RUN3_V1/raw/MONASH/hf_MONASH_job274.root
SIGMAB_COUNTS tag=MONASH species=Xi_b- pdg=5132 slice=all p=74 a=70 file=/data/alice/ipardoza/hadronization_production/HF_RUN3_V1/raw/MONASH/hf_MONASH_job274.root
SIGMAB_COUNTS tag=MONASH species=Xi_b- pdg=5132 slice=eta_lt_1 p=14 a=11 file=/data/alice/ipardoza/hadronization_production/HF_RUN3_V1/raw/MONASH/hf_MONASH_job274.root
SIGMAB_COUNTS tag=MONASH species=Xi_b- pdg=5132 slice=eta_1_2 p=11 a=14 file=/data/alice/ipardoza/hadronization_production/HF_RUN3_V1/raw/MONASH/hf_MONASH_job274.root
SIGMAB_COUNTS tag=MONASH species=Xi_b- pdg=5132 slice=eta_ge_2 p=49 a=45 file=/data/alice/ipardoza/hadronization_production/HF_RUN3_V1/raw/MONASH/hf_MONASH_job274.root
SIGMAB_COUNTS tag=MONASH species=Sigma_b+ pdg=5222 slice=all p=28 a=28 file=/data/alice/ipardoza/hadronization_production/HF_RUN3_V1/raw/MONASH/hf_MONASH_job275.root
SIGMAB_COUNTS tag=MONASH species=Sigma_b+ pdg=5222 slice=eta_lt_1 p=6 a=5 file=/data/alice/ipardoza/hadronization_production/HF_RUN3_V1/raw/MONASH/hf_MONASH_job275.root
SIGMAB_COUNTS tag=MONASH species=Sigma_b+ pdg=5222 slice=eta_1_2 p=5 a=7 file=/data/alice/ipardoza/hadronization_production/HF_RUN3_V1/raw/MONASH/hf_MONASH_job275.root
SIGMAB_COUNTS tag=MONASH species=Sigma_b+ pdg=5222 slice=eta_ge_2 p=17 a=16 file=/data/alice/ipardoza/hadronization_production/HF_RUN3_V1/raw/MONASH/hf_MONASH_job275.root
SIGMAB_COUNTS tag=MONASH species=Sigma_b0 pdg=5212 slice=all p=32 a=16 file=/data/alice/ipardoza/hadronization_production/HF_RUN3_V1/raw/MONASH/hf_MONASH_job275.root
SIGMAB_COUNTS tag=MONASH species=Sigma_b0 pdg=5212 slice=eta_lt_1 p=4 a=3 file=/data/alice/ipardoza/hadronization_production/HF_RUN3_V1/raw/MONASH/hf_MONASH_job275.root
SIGMAB_COUNTS tag=MONASH species=Sigma_b0 pdg=5212 slice=eta_1_2 p=7 a=3 file=/data/alice/ipardoza/hadronization_production/HF_RUN3_V1/raw/MONASH/hf_MONASH_job275.root
SIGMAB_COUNTS tag=MONASH species=Sigma_b0 pdg=5212 slice=eta_ge_2 p=21 a=10 file=/data/alice/ipardoza/hadronization_production/HF_RUN3_V1/raw/MONASH/hf_MONASH_job275.root
SIGMAB_COUNTS tag=MONASH species=Sigma_b- pdg=5112 slice=all p=31 a=20 file=/data/alice/ipardoza/hadronization_production/HF_RUN3_V1/raw/MONASH/hf_MONASH_job275.root
SIGMAB_COUNTS tag=MONASH species=Sigma_b- pdg=5112 slice=eta_lt_1 p=3 a=3 file=/data/alice/ipardoza/hadronization_production/HF_RUN3_V1/raw/MONASH/hf_MONASH_job275.root
SIGMAB_COUNTS tag=MONASH species=Sigma_b- pdg=5112 slice=eta_1_2 p=5 a=5 file=/data/alice/ipardoza/hadronization_production/HF_RUN3_V1/raw/MONASH/hf_MONASH_job275.root
SIGMAB_COUNTS tag=MONASH species=Sigma_b- pdg=5112 slice=eta_ge_2 p=23 a=12 file=/data/alice/ipardoza/hadronization_production/HF_RUN3_V1/raw/MONASH/hf_MONASH_job275.root
SIGMAB_COUNTS tag=MONASH species=Sigma*_b+ pdg=5224 slice=all p=47 a=39 file=/data/alice/ipardoza/hadronization_production/HF_RUN3_V1/raw/MONASH/hf_MONASH_job275.root
SIGMAB_COUNTS tag=MONASH species=Sigma*_b+ pdg=5224 slice=eta_lt_1 p=9 a=5 file=/data/alice/ipardoza/hadronization_production/HF_RUN3_V1/raw/MONASH/hf_MONASH_job275.root
SIGMAB_COUNTS tag=MONASH species=Sigma*_b+ pdg=5224 slice=eta_1_2 p=9 a=10 file=/data/alice/ipardoza/hadronization_production/HF_RUN3_V1/raw/MONASH/hf_MONASH_job275.root
SIGMAB_COUNTS tag=MONASH species=Sigma*_b+ pdg=5224 slice=eta_ge_2 p=29 a=24 file=/data/alice/ipardoza/hadronization_production/HF_RUN3_V1/raw/MONASH/hf_MONASH_job275.root
SIGMAB_COUNTS tag=MONASH species=Sigma*_b0 pdg=5214 slice=all p=53 a=39 file=/data/alice/ipardoza/hadronization_production/HF_RUN3_V1/raw/MONASH/hf_MONASH_job275.root
SIGMAB_COUNTS tag=MONASH species=Sigma*_b0 pdg=5214 slice=eta_lt_1 p=7 a=6 file=/data/alice/ipardoza/hadronization_production/HF_RUN3_V1/raw/MONASH/hf_MONASH_job275.root
SIGMAB_COUNTS tag=MONASH species=Sigma*_b0 pdg=5214 slice=eta_1_2 p=8 a=15 file=/data/alice/ipardoza/hadronization_production/HF_RUN3_V1/raw/MONASH/hf_MONASH_job275.root
SIGMAB_COUNTS tag=MONASH species=Sigma*_b0 pdg=5214 slice=eta_ge_2 p=38 a=18 file=/data/alice/ipardoza/hadronization_production/HF_RUN3_V1/raw/MONASH/hf_MONASH_job275.root
SIGMAB_COUNTS tag=MONASH species=Sigma*_b- pdg=5114 slice=all p=64 a=49 file=/data/alice/ipardoza/hadronization_production/HF_RUN3_V1/raw/MONASH/hf_MONASH_job275.root
SIGMAB_COUNTS tag=MONASH species=Sigma*_b- pdg=5114 slice=eta_lt_1 p=8 a=10 file=/data/alice/ipardoza/hadronization_production/HF_RUN3_V1/raw/MONASH/hf_MONASH_job275.root
SIGMAB_COUNTS tag=MONASH species=Sigma*_b- pdg=5114 slice=eta_1_2 p=15 a=6 file=/data/alice/ipardoza/hadronization_production/HF_RUN3_V1/raw/MONASH/hf_MONASH_job275.root
SIGMAB_COUNTS tag=MONASH species=Sigma*_b- pdg=5114 slice=eta_ge_2 p=41 a=33 file=/data/alice/ipardoza/hadronization_production/HF_RUN3_V1/raw/MONASH/hf_MONASH_job275.root
SIGMAB_COUNTS tag=MONASH species=Lambda_b0 pdg=5122 slice=all p=299 a=287 file=/data/alice/ipardoza/hadronization_production/HF_RUN3_V1/raw/MONASH/hf_MONASH_job275.root
SIGMAB_COUNTS tag=MONASH species=Lambda_b0 pdg=5122 slice=eta_lt_1 p=58 a=61 file=/data/alice/ipardoza/hadronization_production/HF_RUN3_V1/raw/MONASH/hf_MONASH_job275.root
SIGMAB_COUNTS tag=MONASH species=Lambda_b0 pdg=5122 slice=eta_1_2 p=61 a=63 file=/data/alice/ipardoza/hadronization_production/HF_RUN3_V1/raw/MONASH/hf_MONASH_job275.root
SIGMAB_COUNTS tag=MONASH species=Lambda_b0 pdg=5122 slice=eta_ge_2 p=180 a=163 file=/data/alice/ipardoza/hadronization_production/HF_RUN3_V1/raw/MONASH/hf_MONASH_job275.root
SIGMAB_COUNTS tag=MONASH species=Xi_b0 pdg=5232 slice=all p=54 a=56 file=/data/alice/ipardoza/hadronization_production/HF_RUN3_V1/raw/MONASH/hf_MONASH_job275.root
SIGMAB_COUNTS tag=MONASH species=Xi_b0 pdg=5232 slice=eta_lt_1 p=4 a=11 file=/data/alice/ipardoza/hadronization_production/HF_RUN3_V1/raw/MONASH/hf_MONASH_job275.root
SIGMAB_COUNTS tag=MONASH species=Xi_b0 pdg=5232 slice=eta_1_2 p=13 a=15 file=/data/alice/ipardoza/hadronization_production/HF_RUN3_V1/raw/MONASH/hf_MONASH_job275.root
SIGMAB_COUNTS tag=MONASH species=Xi_b0 pdg=5232 slice=eta_ge_2 p=37 a=30 file=/data/alice/ipardoza/hadronization_production/HF_RUN3_V1/raw/MONASH/hf_MONASH_job275.root
SIGMAB_COUNTS tag=MONASH species=Xi_b- pdg=5132 slice=all p=60 a=50 file=/data/alice/ipardoza/hadronization_production/HF_RUN3_V1/raw/MONASH/hf_MONASH_job275.root
SIGMAB_COUNTS tag=MONASH species=Xi_b- pdg=5132 slice=eta_lt_1 p=9 a=9 file=/data/alice/ipardoza/hadronization_production/HF_RUN3_V1/raw/MONASH/hf_MONASH_job275.root
SIGMAB_COUNTS tag=MONASH species=Xi_b- pdg=5132 slice=eta_1_2 p=13 a=9 file=/data/alice/ipardoza/hadronization_production/HF_RUN3_V1/raw/MONASH/hf_MONASH_job275.root
SIGMAB_COUNTS tag=MONASH species=Xi_b- pdg=5132 slice=eta_ge_2 p=38 a=32 file=/data/alice/ipardoza/hadronization_production/HF_RUN3_V1/raw/MONASH/hf_MONASH_job275.root
SIGMAB_COUNTS tag=MONASH species=Sigma_b+ pdg=5222 slice=all p=36 a=27 file=/data/alice/ipardoza/hadronization_production/HF_RUN3_V1/raw/MONASH/hf_MONASH_job276.root
SIGMAB_COUNTS tag=MONASH species=Sigma_b+ pdg=5222 slice=eta_lt_1 p=3 a=4 file=/data/alice/ipardoza/hadronization_production/HF_RUN3_V1/raw/MONASH/hf_MONASH_job276.root
SIGMAB_COUNTS tag=MONASH species=Sigma_b+ pdg=5222 slice=eta_1_2 p=8 a=11 file=/data/alice/ipardoza/hadronization_production/HF_RUN3_V1/raw/MONASH/hf_MONASH_job276.root
SIGMAB_COUNTS tag=MONASH species=Sigma_b+ pdg=5222 slice=eta_ge_2 p=25 a=12 file=/data/alice/ipardoza/hadronization_production/HF_RUN3_V1/raw/MONASH/hf_MONASH_job276.root
SIGMAB_COUNTS tag=MONASH species=Sigma_b0 pdg=5212 slice=all p=32 a=14 file=/data/alice/ipardoza/hadronization_production/HF_RUN3_V1/raw/MONASH/hf_MONASH_job276.root
SIGMAB_COUNTS tag=MONASH species=Sigma_b0 pdg=5212 slice=eta_lt_1 p=6 a=1 file=/data/alice/ipardoza/hadronization_production/HF_RUN3_V1/raw/MONASH/hf_MONASH_job276.root
SIGMAB_COUNTS tag=MONASH species=Sigma_b0 pdg=5212 slice=eta_1_2 p=11 a=5 file=/data/alice/ipardoza/hadronization_production/HF_RUN3_V1/raw/MONASH/hf_MONASH_job276.root
SIGMAB_COUNTS tag=MONASH species=Sigma_b0 pdg=5212 slice=eta_ge_2 p=15 a=8 file=/data/alice/ipardoza/hadronization_production/HF_RUN3_V1/raw/MONASH/hf_MONASH_job276.root
SIGMAB_COUNTS tag=MONASH species=Sigma_b- pdg=5112 slice=all p=38 a=26 file=/data/alice/ipardoza/hadronization_production/HF_RUN3_V1/raw/MONASH/hf_MONASH_job276.root
SIGMAB_COUNTS tag=MONASH species=Sigma_b- pdg=5112 slice=eta_lt_1 p=9 a=3 file=/data/alice/ipardoza/hadronization_production/HF_RUN3_V1/raw/MONASH/hf_MONASH_job276.root
SIGMAB_COUNTS tag=MONASH species=Sigma_b- pdg=5112 slice=eta_1_2 p=7 a=5 file=/data/alice/ipardoza/hadronization_production/HF_RUN3_V1/raw/MONASH/hf_MONASH_job276.root
SIGMAB_COUNTS tag=MONASH species=Sigma_b- pdg=5112 slice=eta_ge_2 p=22 a=18 file=/data/alice/ipardoza/hadronization_production/HF_RUN3_V1/raw/MONASH/hf_MONASH_job276.root
SIGMAB_COUNTS tag=MONASH species=Sigma*_b+ pdg=5224 slice=all p=53 a=45 file=/data/alice/ipardoza/hadronization_production/HF_RUN3_V1/raw/MONASH/hf_MONASH_job276.root
SIGMAB_COUNTS tag=MONASH species=Sigma*_b+ pdg=5224 slice=eta_lt_1 p=5 a=5 file=/data/alice/ipardoza/hadronization_production/HF_RUN3_V1/raw/MONASH/hf_MONASH_job276.root
SIGMAB_COUNTS tag=MONASH species=Sigma*_b+ pdg=5224 slice=eta_1_2 p=6 a=11 file=/data/alice/ipardoza/hadronization_production/HF_RUN3_V1/raw/MONASH/hf_MONASH_job276.root
SIGMAB_COUNTS tag=MONASH species=Sigma*_b+ pdg=5224 slice=eta_ge_2 p=42 a=29 file=/data/alice/ipardoza/hadronization_production/HF_RUN3_V1/raw/MONASH/hf_MONASH_job276.root
SIGMAB_COUNTS tag=MONASH species=Sigma*_b0 pdg=5214 slice=all p=57 a=37 file=/data/alice/ipardoza/hadronization_production/HF_RUN3_V1/raw/MONASH/hf_MONASH_job276.root
SIGMAB_COUNTS tag=MONASH species=Sigma*_b0 pdg=5214 slice=eta_lt_1 p=6 a=6 file=/data/alice/ipardoza/hadronization_production/HF_RUN3_V1/raw/MONASH/hf_MONASH_job276.root
SIGMAB_COUNTS tag=MONASH species=Sigma*_b0 pdg=5214 slice=eta_1_2 p=15 a=8 file=/data/alice/ipardoza/hadronization_production/HF_RUN3_V1/raw/MONASH/hf_MONASH_job276.root
SIGMAB_COUNTS tag=MONASH species=Sigma*_b0 pdg=5214 slice=eta_ge_2 p=36 a=23 file=/data/alice/ipardoza/hadronization_production/HF_RUN3_V1/raw/MONASH/hf_MONASH_job276.root
SIGMAB_COUNTS tag=MONASH species=Sigma*_b- pdg=5114 slice=all p=51 a=39 file=/data/alice/ipardoza/hadronization_production/HF_RUN3_V1/raw/MONASH/hf_MONASH_job276.root
SIGMAB_COUNTS tag=MONASH species=Sigma*_b- pdg=5114 slice=eta_lt_1 p=3 a=8 file=/data/alice/ipardoza/hadronization_production/HF_RUN3_V1/raw/MONASH/hf_MONASH_job276.root
SIGMAB_COUNTS tag=MONASH species=Sigma*_b- pdg=5114 slice=eta_1_2 p=13 a=6 file=/data/alice/ipardoza/hadronization_production/HF_RUN3_V1/raw/MONASH/hf_MONASH_job276.root
SIGMAB_COUNTS tag=MONASH species=Sigma*_b- pdg=5114 slice=eta_ge_2 p=35 a=25 file=/data/alice/ipardoza/hadronization_production/HF_RUN3_V1/raw/MONASH/hf_MONASH_job276.root
SIGMAB_COUNTS tag=MONASH species=Lambda_b0 pdg=5122 slice=all p=297 a=268 file=/data/alice/ipardoza/hadronization_production/HF_RUN3_V1/raw/MONASH/hf_MONASH_job276.root
SIGMAB_COUNTS tag=MONASH species=Lambda_b0 pdg=5122 slice=eta_lt_1 p=63 a=48 file=/data/alice/ipardoza/hadronization_production/HF_RUN3_V1/raw/MONASH/hf_MONASH_job276.root
SIGMAB_COUNTS tag=MONASH species=Lambda_b0 pdg=5122 slice=eta_1_2 p=65 a=59 file=/data/alice/ipardoza/hadronization_production/HF_RUN3_V1/raw/MONASH/hf_MONASH_job276.root
SIGMAB_COUNTS tag=MONASH species=Lambda_b0 pdg=5122 slice=eta_ge_2 p=169 a=161 file=/data/alice/ipardoza/hadronization_production/HF_RUN3_V1/raw/MONASH/hf_MONASH_job276.root
SIGMAB_COUNTS tag=MONASH species=Xi_b0 pdg=5232 slice=all p=59 a=53 file=/data/alice/ipardoza/hadronization_production/HF_RUN3_V1/raw/MONASH/hf_MONASH_job276.root
SIGMAB_COUNTS tag=MONASH species=Xi_b0 pdg=5232 slice=eta_lt_1 p=4 a=10 file=/data/alice/ipardoza/hadronization_production/HF_RUN3_V1/raw/MONASH/hf_MONASH_job276.root
SIGMAB_COUNTS tag=MONASH species=Xi_b0 pdg=5232 slice=eta_1_2 p=14 a=18 file=/data/alice/ipardoza/hadronization_production/HF_RUN3_V1/raw/MONASH/hf_MONASH_job276.root
SIGMAB_COUNTS tag=MONASH species=Xi_b0 pdg=5232 slice=eta_ge_2 p=41 a=25 file=/data/alice/ipardoza/hadronization_production/HF_RUN3_V1/raw/MONASH/hf_MONASH_job276.root
SIGMAB_COUNTS tag=MONASH species=Xi_b- pdg=5132 slice=all p=55 a=58 file=/data/alice/ipardoza/hadronization_production/HF_RUN3_V1/raw/MONASH/hf_MONASH_job276.root
SIGMAB_COUNTS tag=MONASH species=Xi_b- pdg=5132 slice=eta_lt_1 p=12 a=13 file=/data/alice/ipardoza/hadronization_production/HF_RUN3_V1/raw/MONASH/hf_MONASH_job276.root
SIGMAB_COUNTS tag=MONASH species=Xi_b- pdg=5132 slice=eta_1_2 p=8 a=10 file=/data/alice/ipardoza/hadronization_production/HF_RUN3_V1/raw/MONASH/hf_MONASH_job276.root
SIGMAB_COUNTS tag=MONASH species=Xi_b- pdg=5132 slice=eta_ge_2 p=35 a=35 file=/data/alice/ipardoza/hadronization_production/HF_RUN3_V1/raw/MONASH/hf_MONASH_job276.root
SIGMAB_COUNTS tag=MONASH species=Sigma_b+ pdg=5222 slice=all p=40 a=13 file=/data/alice/ipardoza/hadronization_production/HF_RUN3_V1/raw/MONASH/hf_MONASH_job277.root
SIGMAB_COUNTS tag=MONASH species=Sigma_b+ pdg=5222 slice=eta_lt_1 p=5 a=2 file=/data/alice/ipardoza/hadronization_production/HF_RUN3_V1/raw/MONASH/hf_MONASH_job277.root
SIGMAB_COUNTS tag=MONASH species=Sigma_b+ pdg=5222 slice=eta_1_2 p=5 a=4 file=/data/alice/ipardoza/hadronization_production/HF_RUN3_V1/raw/MONASH/hf_MONASH_job277.root
SIGMAB_COUNTS tag=MONASH species=Sigma_b+ pdg=5222 slice=eta_ge_2 p=30 a=7 file=/data/alice/ipardoza/hadronization_production/HF_RUN3_V1/raw/MONASH/hf_MONASH_job277.root
SIGMAB_COUNTS tag=MONASH species=Sigma_b0 pdg=5212 slice=all p=32 a=16 file=/data/alice/ipardoza/hadronization_production/HF_RUN3_V1/raw/MONASH/hf_MONASH_job277.root
SIGMAB_COUNTS tag=MONASH species=Sigma_b0 pdg=5212 slice=eta_lt_1 p=2 a=3 file=/data/alice/ipardoza/hadronization_production/HF_RUN3_V1/raw/MONASH/hf_MONASH_job277.root
SIGMAB_COUNTS tag=MONASH species=Sigma_b0 pdg=5212 slice=eta_1_2 p=4 a=3 file=/data/alice/ipardoza/hadronization_production/HF_RUN3_V1/raw/MONASH/hf_MONASH_job277.root
SIGMAB_COUNTS tag=MONASH species=Sigma_b0 pdg=5212 slice=eta_ge_2 p=26 a=10 file=/data/alice/ipardoza/hadronization_production/HF_RUN3_V1/raw/MONASH/hf_MONASH_job277.root
SIGMAB_COUNTS tag=MONASH species=Sigma_b- pdg=5112 slice=all p=40 a=16 file=/data/alice/ipardoza/hadronization_production/HF_RUN3_V1/raw/MONASH/hf_MONASH_job277.root
SIGMAB_COUNTS tag=MONASH species=Sigma_b- pdg=5112 slice=eta_lt_1 p=4 a=2 file=/data/alice/ipardoza/hadronization_production/HF_RUN3_V1/raw/MONASH/hf_MONASH_job277.root
SIGMAB_COUNTS tag=MONASH species=Sigma_b- pdg=5112 slice=eta_1_2 p=12 a=1 file=/data/alice/ipardoza/hadronization_production/HF_RUN3_V1/raw/MONASH/hf_MONASH_job277.root
SIGMAB_COUNTS tag=MONASH species=Sigma_b- pdg=5112 slice=eta_ge_2 p=24 a=13 file=/data/alice/ipardoza/hadronization_production/HF_RUN3_V1/raw/MONASH/hf_MONASH_job277.root
SIGMAB_COUNTS tag=MONASH species=Sigma*_b+ pdg=5224 slice=all p=61 a=45 file=/data/alice/ipardoza/hadronization_production/HF_RUN3_V1/raw/MONASH/hf_MONASH_job277.root
SIGMAB_COUNTS tag=MONASH species=Sigma*_b+ pdg=5224 slice=eta_lt_1 p=8 a=9 file=/data/alice/ipardoza/hadronization_production/HF_RUN3_V1/raw/MONASH/hf_MONASH_job277.root
SIGMAB_COUNTS tag=MONASH species=Sigma*_b+ pdg=5224 slice=eta_1_2 p=10 a=14 file=/data/alice/ipardoza/hadronization_production/HF_RUN3_V1/raw/MONASH/hf_MONASH_job277.root
SIGMAB_COUNTS tag=MONASH species=Sigma*_b+ pdg=5224 slice=eta_ge_2 p=43 a=22 file=/data/alice/ipardoza/hadronization_production/HF_RUN3_V1/raw/MONASH/hf_MONASH_job277.root
SIGMAB_COUNTS tag=MONASH species=Sigma*_b0 pdg=5214 slice=all p=41 a=37 file=/data/alice/ipardoza/hadronization_production/HF_RUN3_V1/raw/MONASH/hf_MONASH_job277.root
SIGMAB_COUNTS tag=MONASH species=Sigma*_b0 pdg=5214 slice=eta_lt_1 p=11 a=13 file=/data/alice/ipardoza/hadronization_production/HF_RUN3_V1/raw/MONASH/hf_MONASH_job277.root
SIGMAB_COUNTS tag=MONASH species=Sigma*_b0 pdg=5214 slice=eta_1_2 p=10 a=9 file=/data/alice/ipardoza/hadronization_production/HF_RUN3_V1/raw/MONASH/hf_MONASH_job277.root
SIGMAB_COUNTS tag=MONASH species=Sigma*_b0 pdg=5214 slice=eta_ge_2 p=20 a=15 file=/data/alice/ipardoza/hadronization_production/HF_RUN3_V1/raw/MONASH/hf_MONASH_job277.root
SIGMAB_COUNTS tag=MONASH species=Sigma*_b- pdg=5114 slice=all p=51 a=34 file=/data/alice/ipardoza/hadronization_production/HF_RUN3_V1/raw/MONASH/hf_MONASH_job277.root
SIGMAB_COUNTS tag=MONASH species=Sigma*_b- pdg=5114 slice=eta_lt_1 p=8 a=7 file=/data/alice/ipardoza/hadronization_production/HF_RUN3_V1/raw/MONASH/hf_MONASH_job277.root
SIGMAB_COUNTS tag=MONASH species=Sigma*_b- pdg=5114 slice=eta_1_2 p=12 a=8 file=/data/alice/ipardoza/hadronization_production/HF_RUN3_V1/raw/MONASH/hf_MONASH_job277.root
SIGMAB_COUNTS tag=MONASH species=Sigma*_b- pdg=5114 slice=eta_ge_2 p=31 a=19 file=/data/alice/ipardoza/hadronization_production/HF_RUN3_V1/raw/MONASH/hf_MONASH_job277.root
SIGMAB_COUNTS tag=MONASH species=Lambda_b0 pdg=5122 slice=all p=316 a=296 file=/data/alice/ipardoza/hadronization_production/HF_RUN3_V1/raw/MONASH/hf_MONASH_job277.root
SIGMAB_COUNTS tag=MONASH species=Lambda_b0 pdg=5122 slice=eta_lt_1 p=68 a=54 file=/data/alice/ipardoza/hadronization_production/HF_RUN3_V1/raw/MONASH/hf_MONASH_job277.root
SIGMAB_COUNTS tag=MONASH species=Lambda_b0 pdg=5122 slice=eta_1_2 p=80 a=57 file=/data/alice/ipardoza/hadronization_production/HF_RUN3_V1/raw/MONASH/hf_MONASH_job277.root
SIGMAB_COUNTS tag=MONASH species=Lambda_b0 pdg=5122 slice=eta_ge_2 p=168 a=185 file=/data/alice/ipardoza/hadronization_production/HF_RUN3_V1/raw/MONASH/hf_MONASH_job277.root
SIGMAB_COUNTS tag=MONASH species=Xi_b0 pdg=5232 slice=all p=59 a=54 file=/data/alice/ipardoza/hadronization_production/HF_RUN3_V1/raw/MONASH/hf_MONASH_job277.root
SIGMAB_COUNTS tag=MONASH species=Xi_b0 pdg=5232 slice=eta_lt_1 p=12 a=14 file=/data/alice/ipardoza/hadronization_production/HF_RUN3_V1/raw/MONASH/hf_MONASH_job277.root
SIGMAB_COUNTS tag=MONASH species=Xi_b0 pdg=5232 slice=eta_1_2 p=15 a=8 file=/data/alice/ipardoza/hadronization_production/HF_RUN3_V1/raw/MONASH/hf_MONASH_job277.root
SIGMAB_COUNTS tag=MONASH species=Xi_b0 pdg=5232 slice=eta_ge_2 p=32 a=32 file=/data/alice/ipardoza/hadronization_production/HF_RUN3_V1/raw/MONASH/hf_MONASH_job277.root
SIGMAB_COUNTS tag=MONASH species=Xi_b- pdg=5132 slice=all p=40 a=50 file=/data/alice/ipardoza/hadronization_production/HF_RUN3_V1/raw/MONASH/hf_MONASH_job277.root
SIGMAB_COUNTS tag=MONASH species=Xi_b- pdg=5132 slice=eta_lt_1 p=5 a=11 file=/data/alice/ipardoza/hadronization_production/HF_RUN3_V1/raw/MONASH/hf_MONASH_job277.root
SIGMAB_COUNTS tag=MONASH species=Xi_b- pdg=5132 slice=eta_1_2 p=10 a=13 file=/data/alice/ipardoza/hadronization_production/HF_RUN3_V1/raw/MONASH/hf_MONASH_job277.root
SIGMAB_COUNTS tag=MONASH species=Xi_b- pdg=5132 slice=eta_ge_2 p=25 a=26 file=/data/alice/ipardoza/hadronization_production/HF_RUN3_V1/raw/MONASH/hf_MONASH_job277.root
SIGMAB_COUNTS tag=MONASH species=Sigma_b+ pdg=5222 slice=all p=30 a=22 file=/data/alice/ipardoza/hadronization_production/HF_RUN3_V1/raw/MONASH/hf_MONASH_job278.root
SIGMAB_COUNTS tag=MONASH species=Sigma_b+ pdg=5222 slice=eta_lt_1 p=2 a=5 file=/data/alice/ipardoza/hadronization_production/HF_RUN3_V1/raw/MONASH/hf_MONASH_job278.root
SIGMAB_COUNTS tag=MONASH species=Sigma_b+ pdg=5222 slice=eta_1_2 p=3 a=6 file=/data/alice/ipardoza/hadronization_production/HF_RUN3_V1/raw/MONASH/hf_MONASH_job278.root
SIGMAB_COUNTS tag=MONASH species=Sigma_b+ pdg=5222 slice=eta_ge_2 p=25 a=11 file=/data/alice/ipardoza/hadronization_production/HF_RUN3_V1/raw/MONASH/hf_MONASH_job278.root
SIGMAB_COUNTS tag=MONASH species=Sigma_b0 pdg=5212 slice=all p=35 a=22 file=/data/alice/ipardoza/hadronization_production/HF_RUN3_V1/raw/MONASH/hf_MONASH_job278.root
SIGMAB_COUNTS tag=MONASH species=Sigma_b0 pdg=5212 slice=eta_lt_1 p=4 a=3 file=/data/alice/ipardoza/hadronization_production/HF_RUN3_V1/raw/MONASH/hf_MONASH_job278.root
SIGMAB_COUNTS tag=MONASH species=Sigma_b0 pdg=5212 slice=eta_1_2 p=8 a=4 file=/data/alice/ipardoza/hadronization_production/HF_RUN3_V1/raw/MONASH/hf_MONASH_job278.root
SIGMAB_COUNTS tag=MONASH species=Sigma_b0 pdg=5212 slice=eta_ge_2 p=23 a=15 file=/data/alice/ipardoza/hadronization_production/HF_RUN3_V1/raw/MONASH/hf_MONASH_job278.root
SIGMAB_COUNTS tag=MONASH species=Sigma_b- pdg=5112 slice=all p=27 a=24 file=/data/alice/ipardoza/hadronization_production/HF_RUN3_V1/raw/MONASH/hf_MONASH_job278.root
SIGMAB_COUNTS tag=MONASH species=Sigma_b- pdg=5112 slice=eta_lt_1 p=7 a=2 file=/data/alice/ipardoza/hadronization_production/HF_RUN3_V1/raw/MONASH/hf_MONASH_job278.root
SIGMAB_COUNTS tag=MONASH species=Sigma_b- pdg=5112 slice=eta_1_2 p=3 a=8 file=/data/alice/ipardoza/hadronization_production/HF_RUN3_V1/raw/MONASH/hf_MONASH_job278.root
SIGMAB_COUNTS tag=MONASH species=Sigma_b- pdg=5112 slice=eta_ge_2 p=17 a=14 file=/data/alice/ipardoza/hadronization_production/HF_RUN3_V1/raw/MONASH/hf_MONASH_job278.root
SIGMAB_COUNTS tag=MONASH species=Sigma*_b+ pdg=5224 slice=all p=57 a=56 file=/data/alice/ipardoza/hadronization_production/HF_RUN3_V1/raw/MONASH/hf_MONASH_job278.root
SIGMAB_COUNTS tag=MONASH species=Sigma*_b+ pdg=5224 slice=eta_lt_1 p=14 a=8 file=/data/alice/ipardoza/hadronization_production/HF_RUN3_V1/raw/MONASH/hf_MONASH_job278.root
SIGMAB_COUNTS tag=MONASH species=Sigma*_b+ pdg=5224 slice=eta_1_2 p=9 a=12 file=/data/alice/ipardoza/hadronization_production/HF_RUN3_V1/raw/MONASH/hf_MONASH_job278.root
SIGMAB_COUNTS tag=MONASH species=Sigma*_b+ pdg=5224 slice=eta_ge_2 p=34 a=36 file=/data/alice/ipardoza/hadronization_production/HF_RUN3_V1/raw/MONASH/hf_MONASH_job278.root
SIGMAB_COUNTS tag=MONASH species=Sigma*_b0 pdg=5214 slice=all p=49 a=31 file=/data/alice/ipardoza/hadronization_production/HF_RUN3_V1/raw/MONASH/hf_MONASH_job278.root
SIGMAB_COUNTS tag=MONASH species=Sigma*_b0 pdg=5214 slice=eta_lt_1 p=8 a=6 file=/data/alice/ipardoza/hadronization_production/HF_RUN3_V1/raw/MONASH/hf_MONASH_job278.root
SIGMAB_COUNTS tag=MONASH species=Sigma*_b0 pdg=5214 slice=eta_1_2 p=11 a=7 file=/data/alice/ipardoza/hadronization_production/HF_RUN3_V1/raw/MONASH/hf_MONASH_job278.root
SIGMAB_COUNTS tag=MONASH species=Sigma*_b0 pdg=5214 slice=eta_ge_2 p=30 a=18 file=/data/alice/ipardoza/hadronization_production/HF_RUN3_V1/raw/MONASH/hf_MONASH_job278.root
SIGMAB_COUNTS tag=MONASH species=Sigma*_b- pdg=5114 slice=all p=57 a=41 file=/data/alice/ipardoza/hadronization_production/HF_RUN3_V1/raw/MONASH/hf_MONASH_job278.root
SIGMAB_COUNTS tag=MONASH species=Sigma*_b- pdg=5114 slice=eta_lt_1 p=11 a=6 file=/data/alice/ipardoza/hadronization_production/HF_RUN3_V1/raw/MONASH/hf_MONASH_job278.root
SIGMAB_COUNTS tag=MONASH species=Sigma*_b- pdg=5114 slice=eta_1_2 p=9 a=9 file=/data/alice/ipardoza/hadronization_production/HF_RUN3_V1/raw/MONASH/hf_MONASH_job278.root
SIGMAB_COUNTS tag=MONASH species=Sigma*_b- pdg=5114 slice=eta_ge_2 p=37 a=26 file=/data/alice/ipardoza/hadronization_production/HF_RUN3_V1/raw/MONASH/hf_MONASH_job278.root
SIGMAB_COUNTS tag=MONASH species=Lambda_b0 pdg=5122 slice=all p=321 a=326 file=/data/alice/ipardoza/hadronization_production/HF_RUN3_V1/raw/MONASH/hf_MONASH_job278.root
SIGMAB_COUNTS tag=MONASH species=Lambda_b0 pdg=5122 slice=eta_lt_1 p=52 a=67 file=/data/alice/ipardoza/hadronization_production/HF_RUN3_V1/raw/MONASH/hf_MONASH_job278.root
SIGMAB_COUNTS tag=MONASH species=Lambda_b0 pdg=5122 slice=eta_1_2 p=68 a=56 file=/data/alice/ipardoza/hadronization_production/HF_RUN3_V1/raw/MONASH/hf_MONASH_job278.root
SIGMAB_COUNTS tag=MONASH species=Lambda_b0 pdg=5122 slice=eta_ge_2 p=201 a=203 file=/data/alice/ipardoza/hadronization_production/HF_RUN3_V1/raw/MONASH/hf_MONASH_job278.root
SIGMAB_COUNTS tag=MONASH species=Xi_b0 pdg=5232 slice=all p=59 a=66 file=/data/alice/ipardoza/hadronization_production/HF_RUN3_V1/raw/MONASH/hf_MONASH_job278.root
SIGMAB_COUNTS tag=MONASH species=Xi_b0 pdg=5232 slice=eta_lt_1 p=7 a=13 file=/data/alice/ipardoza/hadronization_production/HF_RUN3_V1/raw/MONASH/hf_MONASH_job278.root
SIGMAB_COUNTS tag=MONASH species=Xi_b0 pdg=5232 slice=eta_1_2 p=12 a=15 file=/data/alice/ipardoza/hadronization_production/HF_RUN3_V1/raw/MONASH/hf_MONASH_job278.root
SIGMAB_COUNTS tag=MONASH species=Xi_b0 pdg=5232 slice=eta_ge_2 p=40 a=38 file=/data/alice/ipardoza/hadronization_production/HF_RUN3_V1/raw/MONASH/hf_MONASH_job278.root
SIGMAB_COUNTS tag=MONASH species=Xi_b- pdg=5132 slice=all p=55 a=60 file=/data/alice/ipardoza/hadronization_production/HF_RUN3_V1/raw/MONASH/hf_MONASH_job278.root
SIGMAB_COUNTS tag=MONASH species=Xi_b- pdg=5132 slice=eta_lt_1 p=9 a=5 file=/data/alice/ipardoza/hadronization_production/HF_RUN3_V1/raw/MONASH/hf_MONASH_job278.root
SIGMAB_COUNTS tag=MONASH species=Xi_b- pdg=5132 slice=eta_1_2 p=13 a=19 file=/data/alice/ipardoza/hadronization_production/HF_RUN3_V1/raw/MONASH/hf_MONASH_job278.root
SIGMAB_COUNTS tag=MONASH species=Xi_b- pdg=5132 slice=eta_ge_2 p=33 a=36 file=/data/alice/ipardoza/hadronization_production/HF_RUN3_V1/raw/MONASH/hf_MONASH_job278.root
SIGMAB_COUNTS tag=MONASH species=Sigma_b+ pdg=5222 slice=all p=50 a=18 file=/data/alice/ipardoza/hadronization_production/HF_RUN3_V1/raw/MONASH/hf_MONASH_job279.root
SIGMAB_COUNTS tag=MONASH species=Sigma_b+ pdg=5222 slice=eta_lt_1 p=11 a=3 file=/data/alice/ipardoza/hadronization_production/HF_RUN3_V1/raw/MONASH/hf_MONASH_job279.root
SIGMAB_COUNTS tag=MONASH species=Sigma_b+ pdg=5222 slice=eta_1_2 p=6 a=5 file=/data/alice/ipardoza/hadronization_production/HF_RUN3_V1/raw/MONASH/hf_MONASH_job279.root
SIGMAB_COUNTS tag=MONASH species=Sigma_b+ pdg=5222 slice=eta_ge_2 p=33 a=10 file=/data/alice/ipardoza/hadronization_production/HF_RUN3_V1/raw/MONASH/hf_MONASH_job279.root
SIGMAB_COUNTS tag=MONASH species=Sigma_b0 pdg=5212 slice=all p=45 a=16 file=/data/alice/ipardoza/hadronization_production/HF_RUN3_V1/raw/MONASH/hf_MONASH_job279.root
SIGMAB_COUNTS tag=MONASH species=Sigma_b0 pdg=5212 slice=eta_lt_1 p=3 a=5 file=/data/alice/ipardoza/hadronization_production/HF_RUN3_V1/raw/MONASH/hf_MONASH_job279.root
SIGMAB_COUNTS tag=MONASH species=Sigma_b0 pdg=5212 slice=eta_1_2 p=7 a=3 file=/data/alice/ipardoza/hadronization_production/HF_RUN3_V1/raw/MONASH/hf_MONASH_job279.root
SIGMAB_COUNTS tag=MONASH species=Sigma_b0 pdg=5212 slice=eta_ge_2 p=35 a=8 file=/data/alice/ipardoza/hadronization_production/HF_RUN3_V1/raw/MONASH/hf_MONASH_job279.root
SIGMAB_COUNTS tag=MONASH species=Sigma_b- pdg=5112 slice=all p=31 a=19 file=/data/alice/ipardoza/hadronization_production/HF_RUN3_V1/raw/MONASH/hf_MONASH_job279.root
SIGMAB_COUNTS tag=MONASH species=Sigma_b- pdg=5112 slice=eta_lt_1 p=3 a=0 file=/data/alice/ipardoza/hadronization_production/HF_RUN3_V1/raw/MONASH/hf_MONASH_job279.root
SIGMAB_COUNTS tag=MONASH species=Sigma_b- pdg=5112 slice=eta_1_2 p=8 a=3 file=/data/alice/ipardoza/hadronization_production/HF_RUN3_V1/raw/MONASH/hf_MONASH_job279.root
SIGMAB_COUNTS tag=MONASH species=Sigma_b- pdg=5112 slice=eta_ge_2 p=20 a=16 file=/data/alice/ipardoza/hadronization_production/HF_RUN3_V1/raw/MONASH/hf_MONASH_job279.root
SIGMAB_COUNTS tag=MONASH species=Sigma*_b+ pdg=5224 slice=all p=70 a=40 file=/data/alice/ipardoza/hadronization_production/HF_RUN3_V1/raw/MONASH/hf_MONASH_job279.root
SIGMAB_COUNTS tag=MONASH species=Sigma*_b+ pdg=5224 slice=eta_lt_1 p=13 a=7 file=/data/alice/ipardoza/hadronization_production/HF_RUN3_V1/raw/MONASH/hf_MONASH_job279.root
SIGMAB_COUNTS tag=MONASH species=Sigma*_b+ pdg=5224 slice=eta_1_2 p=10 a=9 file=/data/alice/ipardoza/hadronization_production/HF_RUN3_V1/raw/MONASH/hf_MONASH_job279.root
SIGMAB_COUNTS tag=MONASH species=Sigma*_b+ pdg=5224 slice=eta_ge_2 p=47 a=24 file=/data/alice/ipardoza/hadronization_production/HF_RUN3_V1/raw/MONASH/hf_MONASH_job279.root
SIGMAB_COUNTS tag=MONASH species=Sigma*_b0 pdg=5214 slice=all p=46 a=52 file=/data/alice/ipardoza/hadronization_production/HF_RUN3_V1/raw/MONASH/hf_MONASH_job279.root
SIGMAB_COUNTS tag=MONASH species=Sigma*_b0 pdg=5214 slice=eta_lt_1 p=8 a=8 file=/data/alice/ipardoza/hadronization_production/HF_RUN3_V1/raw/MONASH/hf_MONASH_job279.root
SIGMAB_COUNTS tag=MONASH species=Sigma*_b0 pdg=5214 slice=eta_1_2 p=10 a=17 file=/data/alice/ipardoza/hadronization_production/HF_RUN3_V1/raw/MONASH/hf_MONASH_job279.root
SIGMAB_COUNTS tag=MONASH species=Sigma*_b0 pdg=5214 slice=eta_ge_2 p=28 a=27 file=/data/alice/ipardoza/hadronization_production/HF_RUN3_V1/raw/MONASH/hf_MONASH_job279.root
SIGMAB_COUNTS tag=MONASH species=Sigma*_b- pdg=5114 slice=all p=48 a=58 file=/data/alice/ipardoza/hadronization_production/HF_RUN3_V1/raw/MONASH/hf_MONASH_job279.root
SIGMAB_COUNTS tag=MONASH species=Sigma*_b- pdg=5114 slice=eta_lt_1 p=9 a=11 file=/data/alice/ipardoza/hadronization_production/HF_RUN3_V1/raw/MONASH/hf_MONASH_job279.root
SIGMAB_COUNTS tag=MONASH species=Sigma*_b- pdg=5114 slice=eta_1_2 p=7 a=20 file=/data/alice/ipardoza/hadronization_production/HF_RUN3_V1/raw/MONASH/hf_MONASH_job279.root
SIGMAB_COUNTS tag=MONASH species=Sigma*_b- pdg=5114 slice=eta_ge_2 p=32 a=27 file=/data/alice/ipardoza/hadronization_production/HF_RUN3_V1/raw/MONASH/hf_MONASH_job279.root
SIGMAB_COUNTS tag=MONASH species=Lambda_b0 pdg=5122 slice=all p=348 a=304 file=/data/alice/ipardoza/hadronization_production/HF_RUN3_V1/raw/MONASH/hf_MONASH_job279.root
SIGMAB_COUNTS tag=MONASH species=Lambda_b0 pdg=5122 slice=eta_lt_1 p=49 a=55 file=/data/alice/ipardoza/hadronization_production/HF_RUN3_V1/raw/MONASH/hf_MONASH_job279.root
SIGMAB_COUNTS tag=MONASH species=Lambda_b0 pdg=5122 slice=eta_1_2 p=75 a=68 file=/data/alice/ipardoza/hadronization_production/HF_RUN3_V1/raw/MONASH/hf_MONASH_job279.root
SIGMAB_COUNTS tag=MONASH species=Lambda_b0 pdg=5122 slice=eta_ge_2 p=224 a=181 file=/data/alice/ipardoza/hadronization_production/HF_RUN3_V1/raw/MONASH/hf_MONASH_job279.root
SIGMAB_COUNTS tag=MONASH species=Xi_b0 pdg=5232 slice=all p=55 a=58 file=/data/alice/ipardoza/hadronization_production/HF_RUN3_V1/raw/MONASH/hf_MONASH_job279.root
SIGMAB_COUNTS tag=MONASH species=Xi_b0 pdg=5232 slice=eta_lt_1 p=6 a=14 file=/data/alice/ipardoza/hadronization_production/HF_RUN3_V1/raw/MONASH/hf_MONASH_job279.root
SIGMAB_COUNTS tag=MONASH species=Xi_b0 pdg=5232 slice=eta_1_2 p=13 a=15 file=/data/alice/ipardoza/hadronization_production/HF_RUN3_V1/raw/MONASH/hf_MONASH_job279.root
SIGMAB_COUNTS tag=MONASH species=Xi_b0 pdg=5232 slice=eta_ge_2 p=36 a=29 file=/data/alice/ipardoza/hadronization_production/HF_RUN3_V1/raw/MONASH/hf_MONASH_job279.root
SIGMAB_COUNTS tag=MONASH species=Xi_b- pdg=5132 slice=all p=74 a=57 file=/data/alice/ipardoza/hadronization_production/HF_RUN3_V1/raw/MONASH/hf_MONASH_job279.root
SIGMAB_COUNTS tag=MONASH species=Xi_b- pdg=5132 slice=eta_lt_1 p=13 a=11 file=/data/alice/ipardoza/hadronization_production/HF_RUN3_V1/raw/MONASH/hf_MONASH_job279.root
SIGMAB_COUNTS tag=MONASH species=Xi_b- pdg=5132 slice=eta_1_2 p=19 a=11 file=/data/alice/ipardoza/hadronization_production/HF_RUN3_V1/raw/MONASH/hf_MONASH_job279.root
SIGMAB_COUNTS tag=MONASH species=Xi_b- pdg=5132 slice=eta_ge_2 p=42 a=35 file=/data/alice/ipardoza/hadronization_production/HF_RUN3_V1/raw/MONASH/hf_MONASH_job279.root
SIGMAB_COUNTS tag=MONASH species=Sigma_b+ pdg=5222 slice=all p=30 a=24 file=/data/alice/ipardoza/hadronization_production/HF_RUN3_V1/raw/MONASH/hf_MONASH_job280.root
SIGMAB_COUNTS tag=MONASH species=Sigma_b+ pdg=5222 slice=eta_lt_1 p=5 a=4 file=/data/alice/ipardoza/hadronization_production/HF_RUN3_V1/raw/MONASH/hf_MONASH_job280.root
SIGMAB_COUNTS tag=MONASH species=Sigma_b+ pdg=5222 slice=eta_1_2 p=5 a=2 file=/data/alice/ipardoza/hadronization_production/HF_RUN3_V1/raw/MONASH/hf_MONASH_job280.root
SIGMAB_COUNTS tag=MONASH species=Sigma_b+ pdg=5222 slice=eta_ge_2 p=20 a=18 file=/data/alice/ipardoza/hadronization_production/HF_RUN3_V1/raw/MONASH/hf_MONASH_job280.root
SIGMAB_COUNTS tag=MONASH species=Sigma_b0 pdg=5212 slice=all p=35 a=18 file=/data/alice/ipardoza/hadronization_production/HF_RUN3_V1/raw/MONASH/hf_MONASH_job280.root
SIGMAB_COUNTS tag=MONASH species=Sigma_b0 pdg=5212 slice=eta_lt_1 p=3 a=2 file=/data/alice/ipardoza/hadronization_production/HF_RUN3_V1/raw/MONASH/hf_MONASH_job280.root
SIGMAB_COUNTS tag=MONASH species=Sigma_b0 pdg=5212 slice=eta_1_2 p=4 a=5 file=/data/alice/ipardoza/hadronization_production/HF_RUN3_V1/raw/MONASH/hf_MONASH_job280.root
SIGMAB_COUNTS tag=MONASH species=Sigma_b0 pdg=5212 slice=eta_ge_2 p=28 a=11 file=/data/alice/ipardoza/hadronization_production/HF_RUN3_V1/raw/MONASH/hf_MONASH_job280.root
SIGMAB_COUNTS tag=MONASH species=Sigma_b- pdg=5112 slice=all p=33 a=22 file=/data/alice/ipardoza/hadronization_production/HF_RUN3_V1/raw/MONASH/hf_MONASH_job280.root
SIGMAB_COUNTS tag=MONASH species=Sigma_b- pdg=5112 slice=eta_lt_1 p=9 a=5 file=/data/alice/ipardoza/hadronization_production/HF_RUN3_V1/raw/MONASH/hf_MONASH_job280.root
SIGMAB_COUNTS tag=MONASH species=Sigma_b- pdg=5112 slice=eta_1_2 p=10 a=3 file=/data/alice/ipardoza/hadronization_production/HF_RUN3_V1/raw/MONASH/hf_MONASH_job280.root
SIGMAB_COUNTS tag=MONASH species=Sigma_b- pdg=5112 slice=eta_ge_2 p=14 a=14 file=/data/alice/ipardoza/hadronization_production/HF_RUN3_V1/raw/MONASH/hf_MONASH_job280.root
SIGMAB_COUNTS tag=MONASH species=Sigma*_b+ pdg=5224 slice=all p=56 a=37 file=/data/alice/ipardoza/hadronization_production/HF_RUN3_V1/raw/MONASH/hf_MONASH_job280.root
SIGMAB_COUNTS tag=MONASH species=Sigma*_b+ pdg=5224 slice=eta_lt_1 p=11 a=6 file=/data/alice/ipardoza/hadronization_production/HF_RUN3_V1/raw/MONASH/hf_MONASH_job280.root
SIGMAB_COUNTS tag=MONASH species=Sigma*_b+ pdg=5224 slice=eta_1_2 p=9 a=11 file=/data/alice/ipardoza/hadronization_production/HF_RUN3_V1/raw/MONASH/hf_MONASH_job280.root
SIGMAB_COUNTS tag=MONASH species=Sigma*_b+ pdg=5224 slice=eta_ge_2 p=36 a=20 file=/data/alice/ipardoza/hadronization_production/HF_RUN3_V1/raw/MONASH/hf_MONASH_job280.root
SIGMAB_COUNTS tag=MONASH species=Sigma*_b0 pdg=5214 slice=all p=49 a=34 file=/data/alice/ipardoza/hadronization_production/HF_RUN3_V1/raw/MONASH/hf_MONASH_job280.root
SIGMAB_COUNTS tag=MONASH species=Sigma*_b0 pdg=5214 slice=eta_lt_1 p=4 a=4 file=/data/alice/ipardoza/hadronization_production/HF_RUN3_V1/raw/MONASH/hf_MONASH_job280.root
SIGMAB_COUNTS tag=MONASH species=Sigma*_b0 pdg=5214 slice=eta_1_2 p=10 a=8 file=/data/alice/ipardoza/hadronization_production/HF_RUN3_V1/raw/MONASH/hf_MONASH_job280.root
SIGMAB_COUNTS tag=MONASH species=Sigma*_b0 pdg=5214 slice=eta_ge_2 p=35 a=22 file=/data/alice/ipardoza/hadronization_production/HF_RUN3_V1/raw/MONASH/hf_MONASH_job280.root
SIGMAB_COUNTS tag=MONASH species=Sigma*_b- pdg=5114 slice=all p=41 a=30 file=/data/alice/ipardoza/hadronization_production/HF_RUN3_V1/raw/MONASH/hf_MONASH_job280.root
SIGMAB_COUNTS tag=MONASH species=Sigma*_b- pdg=5114 slice=eta_lt_1 p=10 a=7 file=/data/alice/ipardoza/hadronization_production/HF_RUN3_V1/raw/MONASH/hf_MONASH_job280.root
SIGMAB_COUNTS tag=MONASH species=Sigma*_b- pdg=5114 slice=eta_1_2 p=7 a=6 file=/data/alice/ipardoza/hadronization_production/HF_RUN3_V1/raw/MONASH/hf_MONASH_job280.root
SIGMAB_COUNTS tag=MONASH species=Sigma*_b- pdg=5114 slice=eta_ge_2 p=24 a=17 file=/data/alice/ipardoza/hadronization_production/HF_RUN3_V1/raw/MONASH/hf_MONASH_job280.root
SIGMAB_COUNTS tag=MONASH species=Lambda_b0 pdg=5122 slice=all p=311 a=331 file=/data/alice/ipardoza/hadronization_production/HF_RUN3_V1/raw/MONASH/hf_MONASH_job280.root
SIGMAB_COUNTS tag=MONASH species=Lambda_b0 pdg=5122 slice=eta_lt_1 p=52 a=68 file=/data/alice/ipardoza/hadronization_production/HF_RUN3_V1/raw/MONASH/hf_MONASH_job280.root
SIGMAB_COUNTS tag=MONASH species=Lambda_b0 pdg=5122 slice=eta_1_2 p=68 a=82 file=/data/alice/ipardoza/hadronization_production/HF_RUN3_V1/raw/MONASH/hf_MONASH_job280.root
SIGMAB_COUNTS tag=MONASH species=Lambda_b0 pdg=5122 slice=eta_ge_2 p=191 a=181 file=/data/alice/ipardoza/hadronization_production/HF_RUN3_V1/raw/MONASH/hf_MONASH_job280.root
SIGMAB_COUNTS tag=MONASH species=Xi_b0 pdg=5232 slice=all p=57 a=37 file=/data/alice/ipardoza/hadronization_production/HF_RUN3_V1/raw/MONASH/hf_MONASH_job280.root
SIGMAB_COUNTS tag=MONASH species=Xi_b0 pdg=5232 slice=eta_lt_1 p=10 a=8 file=/data/alice/ipardoza/hadronization_production/HF_RUN3_V1/raw/MONASH/hf_MONASH_job280.root
SIGMAB_COUNTS tag=MONASH species=Xi_b0 pdg=5232 slice=eta_1_2 p=16 a=7 file=/data/alice/ipardoza/hadronization_production/HF_RUN3_V1/raw/MONASH/hf_MONASH_job280.root
SIGMAB_COUNTS tag=MONASH species=Xi_b0 pdg=5232 slice=eta_ge_2 p=31 a=22 file=/data/alice/ipardoza/hadronization_production/HF_RUN3_V1/raw/MONASH/hf_MONASH_job280.root
SIGMAB_COUNTS tag=MONASH species=Xi_b- pdg=5132 slice=all p=65 a=74 file=/data/alice/ipardoza/hadronization_production/HF_RUN3_V1/raw/MONASH/hf_MONASH_job280.root
SIGMAB_COUNTS tag=MONASH species=Xi_b- pdg=5132 slice=eta_lt_1 p=7 a=16 file=/data/alice/ipardoza/hadronization_production/HF_RUN3_V1/raw/MONASH/hf_MONASH_job280.root
SIGMAB_COUNTS tag=MONASH species=Xi_b- pdg=5132 slice=eta_1_2 p=12 a=17 file=/data/alice/ipardoza/hadronization_production/HF_RUN3_V1/raw/MONASH/hf_MONASH_job280.root
SIGMAB_COUNTS tag=MONASH species=Xi_b- pdg=5132 slice=eta_ge_2 p=46 a=41 file=/data/alice/ipardoza/hadronization_production/HF_RUN3_V1/raw/MONASH/hf_MONASH_job280.root
SIGMAB_COUNTS tag=MONASH species=Sigma_b+ pdg=5222 slice=all p=47 a=20 file=/data/alice/ipardoza/hadronization_production/HF_RUN3_V1/raw/MONASH/hf_MONASH_job281.root
SIGMAB_COUNTS tag=MONASH species=Sigma_b+ pdg=5222 slice=eta_lt_1 p=7 a=4 file=/data/alice/ipardoza/hadronization_production/HF_RUN3_V1/raw/MONASH/hf_MONASH_job281.root
SIGMAB_COUNTS tag=MONASH species=Sigma_b+ pdg=5222 slice=eta_1_2 p=10 a=4 file=/data/alice/ipardoza/hadronization_production/HF_RUN3_V1/raw/MONASH/hf_MONASH_job281.root
SIGMAB_COUNTS tag=MONASH species=Sigma_b+ pdg=5222 slice=eta_ge_2 p=30 a=12 file=/data/alice/ipardoza/hadronization_production/HF_RUN3_V1/raw/MONASH/hf_MONASH_job281.root
SIGMAB_COUNTS tag=MONASH species=Sigma_b0 pdg=5212 slice=all p=43 a=23 file=/data/alice/ipardoza/hadronization_production/HF_RUN3_V1/raw/MONASH/hf_MONASH_job281.root
SIGMAB_COUNTS tag=MONASH species=Sigma_b0 pdg=5212 slice=eta_lt_1 p=10 a=3 file=/data/alice/ipardoza/hadronization_production/HF_RUN3_V1/raw/MONASH/hf_MONASH_job281.root
SIGMAB_COUNTS tag=MONASH species=Sigma_b0 pdg=5212 slice=eta_1_2 p=6 a=4 file=/data/alice/ipardoza/hadronization_production/HF_RUN3_V1/raw/MONASH/hf_MONASH_job281.root
SIGMAB_COUNTS tag=MONASH species=Sigma_b0 pdg=5212 slice=eta_ge_2 p=27 a=16 file=/data/alice/ipardoza/hadronization_production/HF_RUN3_V1/raw/MONASH/hf_MONASH_job281.root
SIGMAB_COUNTS tag=MONASH species=Sigma_b- pdg=5112 slice=all p=38 a=15 file=/data/alice/ipardoza/hadronization_production/HF_RUN3_V1/raw/MONASH/hf_MONASH_job281.root
SIGMAB_COUNTS tag=MONASH species=Sigma_b- pdg=5112 slice=eta_lt_1 p=3 a=8 file=/data/alice/ipardoza/hadronization_production/HF_RUN3_V1/raw/MONASH/hf_MONASH_job281.root
SIGMAB_COUNTS tag=MONASH species=Sigma_b- pdg=5112 slice=eta_1_2 p=11 a=3 file=/data/alice/ipardoza/hadronization_production/HF_RUN3_V1/raw/MONASH/hf_MONASH_job281.root
SIGMAB_COUNTS tag=MONASH species=Sigma_b- pdg=5112 slice=eta_ge_2 p=24 a=4 file=/data/alice/ipardoza/hadronization_production/HF_RUN3_V1/raw/MONASH/hf_MONASH_job281.root
SIGMAB_COUNTS tag=MONASH species=Sigma*_b+ pdg=5224 slice=all p=60 a=41 file=/data/alice/ipardoza/hadronization_production/HF_RUN3_V1/raw/MONASH/hf_MONASH_job281.root
SIGMAB_COUNTS tag=MONASH species=Sigma*_b+ pdg=5224 slice=eta_lt_1 p=8 a=6 file=/data/alice/ipardoza/hadronization_production/HF_RUN3_V1/raw/MONASH/hf_MONASH_job281.root
SIGMAB_COUNTS tag=MONASH species=Sigma*_b+ pdg=5224 slice=eta_1_2 p=12 a=10 file=/data/alice/ipardoza/hadronization_production/HF_RUN3_V1/raw/MONASH/hf_MONASH_job281.root
SIGMAB_COUNTS tag=MONASH species=Sigma*_b+ pdg=5224 slice=eta_ge_2 p=40 a=25 file=/data/alice/ipardoza/hadronization_production/HF_RUN3_V1/raw/MONASH/hf_MONASH_job281.root
SIGMAB_COUNTS tag=MONASH species=Sigma*_b0 pdg=5214 slice=all p=43 a=39 file=/data/alice/ipardoza/hadronization_production/HF_RUN3_V1/raw/MONASH/hf_MONASH_job281.root
SIGMAB_COUNTS tag=MONASH species=Sigma*_b0 pdg=5214 slice=eta_lt_1 p=5 a=6 file=/data/alice/ipardoza/hadronization_production/HF_RUN3_V1/raw/MONASH/hf_MONASH_job281.root
SIGMAB_COUNTS tag=MONASH species=Sigma*_b0 pdg=5214 slice=eta_1_2 p=13 a=9 file=/data/alice/ipardoza/hadronization_production/HF_RUN3_V1/raw/MONASH/hf_MONASH_job281.root
SIGMAB_COUNTS tag=MONASH species=Sigma*_b0 pdg=5214 slice=eta_ge_2 p=25 a=24 file=/data/alice/ipardoza/hadronization_production/HF_RUN3_V1/raw/MONASH/hf_MONASH_job281.root
SIGMAB_COUNTS tag=MONASH species=Sigma*_b- pdg=5114 slice=all p=37 a=41 file=/data/alice/ipardoza/hadronization_production/HF_RUN3_V1/raw/MONASH/hf_MONASH_job281.root
SIGMAB_COUNTS tag=MONASH species=Sigma*_b- pdg=5114 slice=eta_lt_1 p=6 a=9 file=/data/alice/ipardoza/hadronization_production/HF_RUN3_V1/raw/MONASH/hf_MONASH_job281.root
SIGMAB_COUNTS tag=MONASH species=Sigma*_b- pdg=5114 slice=eta_1_2 p=7 a=7 file=/data/alice/ipardoza/hadronization_production/HF_RUN3_V1/raw/MONASH/hf_MONASH_job281.root
SIGMAB_COUNTS tag=MONASH species=Sigma*_b- pdg=5114 slice=eta_ge_2 p=24 a=25 file=/data/alice/ipardoza/hadronization_production/HF_RUN3_V1/raw/MONASH/hf_MONASH_job281.root
SIGMAB_COUNTS tag=MONASH species=Lambda_b0 pdg=5122 slice=all p=311 a=287 file=/data/alice/ipardoza/hadronization_production/HF_RUN3_V1/raw/MONASH/hf_MONASH_job281.root
SIGMAB_COUNTS tag=MONASH species=Lambda_b0 pdg=5122 slice=eta_lt_1 p=51 a=54 file=/data/alice/ipardoza/hadronization_production/HF_RUN3_V1/raw/MONASH/hf_MONASH_job281.root
SIGMAB_COUNTS tag=MONASH species=Lambda_b0 pdg=5122 slice=eta_1_2 p=71 a=56 file=/data/alice/ipardoza/hadronization_production/HF_RUN3_V1/raw/MONASH/hf_MONASH_job281.root
SIGMAB_COUNTS tag=MONASH species=Lambda_b0 pdg=5122 slice=eta_ge_2 p=189 a=177 file=/data/alice/ipardoza/hadronization_production/HF_RUN3_V1/raw/MONASH/hf_MONASH_job281.root
SIGMAB_COUNTS tag=MONASH species=Xi_b0 pdg=5232 slice=all p=55 a=70 file=/data/alice/ipardoza/hadronization_production/HF_RUN3_V1/raw/MONASH/hf_MONASH_job281.root
SIGMAB_COUNTS tag=MONASH species=Xi_b0 pdg=5232 slice=eta_lt_1 p=12 a=16 file=/data/alice/ipardoza/hadronization_production/HF_RUN3_V1/raw/MONASH/hf_MONASH_job281.root
SIGMAB_COUNTS tag=MONASH species=Xi_b0 pdg=5232 slice=eta_1_2 p=11 a=20 file=/data/alice/ipardoza/hadronization_production/HF_RUN3_V1/raw/MONASH/hf_MONASH_job281.root
SIGMAB_COUNTS tag=MONASH species=Xi_b0 pdg=5232 slice=eta_ge_2 p=32 a=34 file=/data/alice/ipardoza/hadronization_production/HF_RUN3_V1/raw/MONASH/hf_MONASH_job281.root
SIGMAB_COUNTS tag=MONASH species=Xi_b- pdg=5132 slice=all p=57 a=54 file=/data/alice/ipardoza/hadronization_production/HF_RUN3_V1/raw/MONASH/hf_MONASH_job281.root
SIGMAB_COUNTS tag=MONASH species=Xi_b- pdg=5132 slice=eta_lt_1 p=11 a=10 file=/data/alice/ipardoza/hadronization_production/HF_RUN3_V1/raw/MONASH/hf_MONASH_job281.root
SIGMAB_COUNTS tag=MONASH species=Xi_b- pdg=5132 slice=eta_1_2 p=13 a=13 file=/data/alice/ipardoza/hadronization_production/HF_RUN3_V1/raw/MONASH/hf_MONASH_job281.root
SIGMAB_COUNTS tag=MONASH species=Xi_b- pdg=5132 slice=eta_ge_2 p=33 a=31 file=/data/alice/ipardoza/hadronization_production/HF_RUN3_V1/raw/MONASH/hf_MONASH_job281.root
SIGMAB_COUNTS tag=MONASH species=Sigma_b+ pdg=5222 slice=all p=35 a=18 file=/data/alice/ipardoza/hadronization_production/HF_RUN3_V1/raw/MONASH/hf_MONASH_job282.root
SIGMAB_COUNTS tag=MONASH species=Sigma_b+ pdg=5222 slice=eta_lt_1 p=8 a=2 file=/data/alice/ipardoza/hadronization_production/HF_RUN3_V1/raw/MONASH/hf_MONASH_job282.root
SIGMAB_COUNTS tag=MONASH species=Sigma_b+ pdg=5222 slice=eta_1_2 p=5 a=6 file=/data/alice/ipardoza/hadronization_production/HF_RUN3_V1/raw/MONASH/hf_MONASH_job282.root
SIGMAB_COUNTS tag=MONASH species=Sigma_b+ pdg=5222 slice=eta_ge_2 p=22 a=10 file=/data/alice/ipardoza/hadronization_production/HF_RUN3_V1/raw/MONASH/hf_MONASH_job282.root
SIGMAB_COUNTS tag=MONASH species=Sigma_b0 pdg=5212 slice=all p=35 a=15 file=/data/alice/ipardoza/hadronization_production/HF_RUN3_V1/raw/MONASH/hf_MONASH_job282.root
SIGMAB_COUNTS tag=MONASH species=Sigma_b0 pdg=5212 slice=eta_lt_1 p=10 a=1 file=/data/alice/ipardoza/hadronization_production/HF_RUN3_V1/raw/MONASH/hf_MONASH_job282.root
SIGMAB_COUNTS tag=MONASH species=Sigma_b0 pdg=5212 slice=eta_1_2 p=2 a=4 file=/data/alice/ipardoza/hadronization_production/HF_RUN3_V1/raw/MONASH/hf_MONASH_job282.root
SIGMAB_COUNTS tag=MONASH species=Sigma_b0 pdg=5212 slice=eta_ge_2 p=23 a=10 file=/data/alice/ipardoza/hadronization_production/HF_RUN3_V1/raw/MONASH/hf_MONASH_job282.root
SIGMAB_COUNTS tag=MONASH species=Sigma_b- pdg=5112 slice=all p=20 a=19 file=/data/alice/ipardoza/hadronization_production/HF_RUN3_V1/raw/MONASH/hf_MONASH_job282.root
SIGMAB_COUNTS tag=MONASH species=Sigma_b- pdg=5112 slice=eta_lt_1 p=2 a=3 file=/data/alice/ipardoza/hadronization_production/HF_RUN3_V1/raw/MONASH/hf_MONASH_job282.root
SIGMAB_COUNTS tag=MONASH species=Sigma_b- pdg=5112 slice=eta_1_2 p=5 a=5 file=/data/alice/ipardoza/hadronization_production/HF_RUN3_V1/raw/MONASH/hf_MONASH_job282.root
SIGMAB_COUNTS tag=MONASH species=Sigma_b- pdg=5112 slice=eta_ge_2 p=13 a=11 file=/data/alice/ipardoza/hadronization_production/HF_RUN3_V1/raw/MONASH/hf_MONASH_job282.root
SIGMAB_COUNTS tag=MONASH species=Sigma*_b+ pdg=5224 slice=all p=49 a=49 file=/data/alice/ipardoza/hadronization_production/HF_RUN3_V1/raw/MONASH/hf_MONASH_job282.root
SIGMAB_COUNTS tag=MONASH species=Sigma*_b+ pdg=5224 slice=eta_lt_1 p=5 a=5 file=/data/alice/ipardoza/hadronization_production/HF_RUN3_V1/raw/MONASH/hf_MONASH_job282.root
SIGMAB_COUNTS tag=MONASH species=Sigma*_b+ pdg=5224 slice=eta_1_2 p=13 a=10 file=/data/alice/ipardoza/hadronization_production/HF_RUN3_V1/raw/MONASH/hf_MONASH_job282.root
SIGMAB_COUNTS tag=MONASH species=Sigma*_b+ pdg=5224 slice=eta_ge_2 p=31 a=34 file=/data/alice/ipardoza/hadronization_production/HF_RUN3_V1/raw/MONASH/hf_MONASH_job282.root
SIGMAB_COUNTS tag=MONASH species=Sigma*_b0 pdg=5214 slice=all p=31 a=40 file=/data/alice/ipardoza/hadronization_production/HF_RUN3_V1/raw/MONASH/hf_MONASH_job282.root
SIGMAB_COUNTS tag=MONASH species=Sigma*_b0 pdg=5214 slice=eta_lt_1 p=6 a=12 file=/data/alice/ipardoza/hadronization_production/HF_RUN3_V1/raw/MONASH/hf_MONASH_job282.root
SIGMAB_COUNTS tag=MONASH species=Sigma*_b0 pdg=5214 slice=eta_1_2 p=7 a=9 file=/data/alice/ipardoza/hadronization_production/HF_RUN3_V1/raw/MONASH/hf_MONASH_job282.root
SIGMAB_COUNTS tag=MONASH species=Sigma*_b0 pdg=5214 slice=eta_ge_2 p=18 a=19 file=/data/alice/ipardoza/hadronization_production/HF_RUN3_V1/raw/MONASH/hf_MONASH_job282.root
SIGMAB_COUNTS tag=MONASH species=Sigma*_b- pdg=5114 slice=all p=57 a=48 file=/data/alice/ipardoza/hadronization_production/HF_RUN3_V1/raw/MONASH/hf_MONASH_job282.root
SIGMAB_COUNTS tag=MONASH species=Sigma*_b- pdg=5114 slice=eta_lt_1 p=4 a=10 file=/data/alice/ipardoza/hadronization_production/HF_RUN3_V1/raw/MONASH/hf_MONASH_job282.root
SIGMAB_COUNTS tag=MONASH species=Sigma*_b- pdg=5114 slice=eta_1_2 p=6 a=10 file=/data/alice/ipardoza/hadronization_production/HF_RUN3_V1/raw/MONASH/hf_MONASH_job282.root
SIGMAB_COUNTS tag=MONASH species=Sigma*_b- pdg=5114 slice=eta_ge_2 p=47 a=28 file=/data/alice/ipardoza/hadronization_production/HF_RUN3_V1/raw/MONASH/hf_MONASH_job282.root
SIGMAB_COUNTS tag=MONASH species=Lambda_b0 pdg=5122 slice=all p=297 a=295 file=/data/alice/ipardoza/hadronization_production/HF_RUN3_V1/raw/MONASH/hf_MONASH_job282.root
SIGMAB_COUNTS tag=MONASH species=Lambda_b0 pdg=5122 slice=eta_lt_1 p=54 a=59 file=/data/alice/ipardoza/hadronization_production/HF_RUN3_V1/raw/MONASH/hf_MONASH_job282.root
SIGMAB_COUNTS tag=MONASH species=Lambda_b0 pdg=5122 slice=eta_1_2 p=52 a=69 file=/data/alice/ipardoza/hadronization_production/HF_RUN3_V1/raw/MONASH/hf_MONASH_job282.root
SIGMAB_COUNTS tag=MONASH species=Lambda_b0 pdg=5122 slice=eta_ge_2 p=191 a=167 file=/data/alice/ipardoza/hadronization_production/HF_RUN3_V1/raw/MONASH/hf_MONASH_job282.root
SIGMAB_COUNTS tag=MONASH species=Xi_b0 pdg=5232 slice=all p=76 a=59 file=/data/alice/ipardoza/hadronization_production/HF_RUN3_V1/raw/MONASH/hf_MONASH_job282.root
SIGMAB_COUNTS tag=MONASH species=Xi_b0 pdg=5232 slice=eta_lt_1 p=11 a=11 file=/data/alice/ipardoza/hadronization_production/HF_RUN3_V1/raw/MONASH/hf_MONASH_job282.root
SIGMAB_COUNTS tag=MONASH species=Xi_b0 pdg=5232 slice=eta_1_2 p=16 a=12 file=/data/alice/ipardoza/hadronization_production/HF_RUN3_V1/raw/MONASH/hf_MONASH_job282.root
SIGMAB_COUNTS tag=MONASH species=Xi_b0 pdg=5232 slice=eta_ge_2 p=49 a=36 file=/data/alice/ipardoza/hadronization_production/HF_RUN3_V1/raw/MONASH/hf_MONASH_job282.root
SIGMAB_COUNTS tag=MONASH species=Xi_b- pdg=5132 slice=all p=66 a=56 file=/data/alice/ipardoza/hadronization_production/HF_RUN3_V1/raw/MONASH/hf_MONASH_job282.root
SIGMAB_COUNTS tag=MONASH species=Xi_b- pdg=5132 slice=eta_lt_1 p=16 a=13 file=/data/alice/ipardoza/hadronization_production/HF_RUN3_V1/raw/MONASH/hf_MONASH_job282.root
SIGMAB_COUNTS tag=MONASH species=Xi_b- pdg=5132 slice=eta_1_2 p=12 a=6 file=/data/alice/ipardoza/hadronization_production/HF_RUN3_V1/raw/MONASH/hf_MONASH_job282.root
SIGMAB_COUNTS tag=MONASH species=Xi_b- pdg=5132 slice=eta_ge_2 p=38 a=37 file=/data/alice/ipardoza/hadronization_production/HF_RUN3_V1/raw/MONASH/hf_MONASH_job282.root
SIGMAB_COUNTS tag=MONASH species=Sigma_b+ pdg=5222 slice=all p=34 a=23 file=/data/alice/ipardoza/hadronization_production/HF_RUN3_V1/raw/MONASH/hf_MONASH_job283.root
SIGMAB_COUNTS tag=MONASH species=Sigma_b+ pdg=5222 slice=eta_lt_1 p=6 a=4 file=/data/alice/ipardoza/hadronization_production/HF_RUN3_V1/raw/MONASH/hf_MONASH_job283.root
SIGMAB_COUNTS tag=MONASH species=Sigma_b+ pdg=5222 slice=eta_1_2 p=5 a=5 file=/data/alice/ipardoza/hadronization_production/HF_RUN3_V1/raw/MONASH/hf_MONASH_job283.root
SIGMAB_COUNTS tag=MONASH species=Sigma_b+ pdg=5222 slice=eta_ge_2 p=23 a=14 file=/data/alice/ipardoza/hadronization_production/HF_RUN3_V1/raw/MONASH/hf_MONASH_job283.root
SIGMAB_COUNTS tag=MONASH species=Sigma_b0 pdg=5212 slice=all p=34 a=13 file=/data/alice/ipardoza/hadronization_production/HF_RUN3_V1/raw/MONASH/hf_MONASH_job283.root
SIGMAB_COUNTS tag=MONASH species=Sigma_b0 pdg=5212 slice=eta_lt_1 p=6 a=1 file=/data/alice/ipardoza/hadronization_production/HF_RUN3_V1/raw/MONASH/hf_MONASH_job283.root
SIGMAB_COUNTS tag=MONASH species=Sigma_b0 pdg=5212 slice=eta_1_2 p=8 a=6 file=/data/alice/ipardoza/hadronization_production/HF_RUN3_V1/raw/MONASH/hf_MONASH_job283.root
SIGMAB_COUNTS tag=MONASH species=Sigma_b0 pdg=5212 slice=eta_ge_2 p=20 a=6 file=/data/alice/ipardoza/hadronization_production/HF_RUN3_V1/raw/MONASH/hf_MONASH_job283.root
SIGMAB_COUNTS tag=MONASH species=Sigma_b- pdg=5112 slice=all p=41 a=32 file=/data/alice/ipardoza/hadronization_production/HF_RUN3_V1/raw/MONASH/hf_MONASH_job283.root
SIGMAB_COUNTS tag=MONASH species=Sigma_b- pdg=5112 slice=eta_lt_1 p=4 a=4 file=/data/alice/ipardoza/hadronization_production/HF_RUN3_V1/raw/MONASH/hf_MONASH_job283.root
SIGMAB_COUNTS tag=MONASH species=Sigma_b- pdg=5112 slice=eta_1_2 p=15 a=11 file=/data/alice/ipardoza/hadronization_production/HF_RUN3_V1/raw/MONASH/hf_MONASH_job283.root
SIGMAB_COUNTS tag=MONASH species=Sigma_b- pdg=5112 slice=eta_ge_2 p=22 a=17 file=/data/alice/ipardoza/hadronization_production/HF_RUN3_V1/raw/MONASH/hf_MONASH_job283.root
SIGMAB_COUNTS tag=MONASH species=Sigma*_b+ pdg=5224 slice=all p=40 a=33 file=/data/alice/ipardoza/hadronization_production/HF_RUN3_V1/raw/MONASH/hf_MONASH_job283.root
SIGMAB_COUNTS tag=MONASH species=Sigma*_b+ pdg=5224 slice=eta_lt_1 p=7 a=3 file=/data/alice/ipardoza/hadronization_production/HF_RUN3_V1/raw/MONASH/hf_MONASH_job283.root
SIGMAB_COUNTS tag=MONASH species=Sigma*_b+ pdg=5224 slice=eta_1_2 p=9 a=14 file=/data/alice/ipardoza/hadronization_production/HF_RUN3_V1/raw/MONASH/hf_MONASH_job283.root
SIGMAB_COUNTS tag=MONASH species=Sigma*_b+ pdg=5224 slice=eta_ge_2 p=24 a=16 file=/data/alice/ipardoza/hadronization_production/HF_RUN3_V1/raw/MONASH/hf_MONASH_job283.root
SIGMAB_COUNTS tag=MONASH species=Sigma*_b0 pdg=5214 slice=all p=48 a=44 file=/data/alice/ipardoza/hadronization_production/HF_RUN3_V1/raw/MONASH/hf_MONASH_job283.root
SIGMAB_COUNTS tag=MONASH species=Sigma*_b0 pdg=5214 slice=eta_lt_1 p=15 a=13 file=/data/alice/ipardoza/hadronization_production/HF_RUN3_V1/raw/MONASH/hf_MONASH_job283.root
SIGMAB_COUNTS tag=MONASH species=Sigma*_b0 pdg=5214 slice=eta_1_2 p=13 a=10 file=/data/alice/ipardoza/hadronization_production/HF_RUN3_V1/raw/MONASH/hf_MONASH_job283.root
SIGMAB_COUNTS tag=MONASH species=Sigma*_b0 pdg=5214 slice=eta_ge_2 p=20 a=21 file=/data/alice/ipardoza/hadronization_production/HF_RUN3_V1/raw/MONASH/hf_MONASH_job283.root
SIGMAB_COUNTS tag=MONASH species=Sigma*_b- pdg=5114 slice=all p=53 a=56 file=/data/alice/ipardoza/hadronization_production/HF_RUN3_V1/raw/MONASH/hf_MONASH_job283.root
SIGMAB_COUNTS tag=MONASH species=Sigma*_b- pdg=5114 slice=eta_lt_1 p=14 a=9 file=/data/alice/ipardoza/hadronization_production/HF_RUN3_V1/raw/MONASH/hf_MONASH_job283.root
SIGMAB_COUNTS tag=MONASH species=Sigma*_b- pdg=5114 slice=eta_1_2 p=12 a=13 file=/data/alice/ipardoza/hadronization_production/HF_RUN3_V1/raw/MONASH/hf_MONASH_job283.root
SIGMAB_COUNTS tag=MONASH species=Sigma*_b- pdg=5114 slice=eta_ge_2 p=27 a=34 file=/data/alice/ipardoza/hadronization_production/HF_RUN3_V1/raw/MONASH/hf_MONASH_job283.root
SIGMAB_COUNTS tag=MONASH species=Lambda_b0 pdg=5122 slice=all p=290 a=329 file=/data/alice/ipardoza/hadronization_production/HF_RUN3_V1/raw/MONASH/hf_MONASH_job283.root
SIGMAB_COUNTS tag=MONASH species=Lambda_b0 pdg=5122 slice=eta_lt_1 p=53 a=61 file=/data/alice/ipardoza/hadronization_production/HF_RUN3_V1/raw/MONASH/hf_MONASH_job283.root
SIGMAB_COUNTS tag=MONASH species=Lambda_b0 pdg=5122 slice=eta_1_2 p=60 a=75 file=/data/alice/ipardoza/hadronization_production/HF_RUN3_V1/raw/MONASH/hf_MONASH_job283.root
SIGMAB_COUNTS tag=MONASH species=Lambda_b0 pdg=5122 slice=eta_ge_2 p=177 a=193 file=/data/alice/ipardoza/hadronization_production/HF_RUN3_V1/raw/MONASH/hf_MONASH_job283.root
SIGMAB_COUNTS tag=MONASH species=Xi_b0 pdg=5232 slice=all p=48 a=58 file=/data/alice/ipardoza/hadronization_production/HF_RUN3_V1/raw/MONASH/hf_MONASH_job283.root
SIGMAB_COUNTS tag=MONASH species=Xi_b0 pdg=5232 slice=eta_lt_1 p=10 a=9 file=/data/alice/ipardoza/hadronization_production/HF_RUN3_V1/raw/MONASH/hf_MONASH_job283.root
SIGMAB_COUNTS tag=MONASH species=Xi_b0 pdg=5232 slice=eta_1_2 p=5 a=14 file=/data/alice/ipardoza/hadronization_production/HF_RUN3_V1/raw/MONASH/hf_MONASH_job283.root
SIGMAB_COUNTS tag=MONASH species=Xi_b0 pdg=5232 slice=eta_ge_2 p=33 a=35 file=/data/alice/ipardoza/hadronization_production/HF_RUN3_V1/raw/MONASH/hf_MONASH_job283.root
SIGMAB_COUNTS tag=MONASH species=Xi_b- pdg=5132 slice=all p=49 a=55 file=/data/alice/ipardoza/hadronization_production/HF_RUN3_V1/raw/MONASH/hf_MONASH_job283.root
SIGMAB_COUNTS tag=MONASH species=Xi_b- pdg=5132 slice=eta_lt_1 p=12 a=9 file=/data/alice/ipardoza/hadronization_production/HF_RUN3_V1/raw/MONASH/hf_MONASH_job283.root
SIGMAB_COUNTS tag=MONASH species=Xi_b- pdg=5132 slice=eta_1_2 p=14 a=8 file=/data/alice/ipardoza/hadronization_production/HF_RUN3_V1/raw/MONASH/hf_MONASH_job283.root
SIGMAB_COUNTS tag=MONASH species=Xi_b- pdg=5132 slice=eta_ge_2 p=23 a=38 file=/data/alice/ipardoza/hadronization_production/HF_RUN3_V1/raw/MONASH/hf_MONASH_job283.root
SIGMAB_COUNTS tag=MONASH species=Sigma_b+ pdg=5222 slice=all p=44 a=16 file=/data/alice/ipardoza/hadronization_production/HF_RUN3_V1/raw/MONASH/hf_MONASH_job284.root
SIGMAB_COUNTS tag=MONASH species=Sigma_b+ pdg=5222 slice=eta_lt_1 p=7 a=4 file=/data/alice/ipardoza/hadronization_production/HF_RUN3_V1/raw/MONASH/hf_MONASH_job284.root
SIGMAB_COUNTS tag=MONASH species=Sigma_b+ pdg=5222 slice=eta_1_2 p=8 a=4 file=/data/alice/ipardoza/hadronization_production/HF_RUN3_V1/raw/MONASH/hf_MONASH_job284.root
SIGMAB_COUNTS tag=MONASH species=Sigma_b+ pdg=5222 slice=eta_ge_2 p=29 a=8 file=/data/alice/ipardoza/hadronization_production/HF_RUN3_V1/raw/MONASH/hf_MONASH_job284.root
SIGMAB_COUNTS tag=MONASH species=Sigma_b0 pdg=5212 slice=all p=40 a=21 file=/data/alice/ipardoza/hadronization_production/HF_RUN3_V1/raw/MONASH/hf_MONASH_job284.root
SIGMAB_COUNTS tag=MONASH species=Sigma_b0 pdg=5212 slice=eta_lt_1 p=4 a=2 file=/data/alice/ipardoza/hadronization_production/HF_RUN3_V1/raw/MONASH/hf_MONASH_job284.root
SIGMAB_COUNTS tag=MONASH species=Sigma_b0 pdg=5212 slice=eta_1_2 p=8 a=7 file=/data/alice/ipardoza/hadronization_production/HF_RUN3_V1/raw/MONASH/hf_MONASH_job284.root
SIGMAB_COUNTS tag=MONASH species=Sigma_b0 pdg=5212 slice=eta_ge_2 p=28 a=12 file=/data/alice/ipardoza/hadronization_production/HF_RUN3_V1/raw/MONASH/hf_MONASH_job284.root
SIGMAB_COUNTS tag=MONASH species=Sigma_b- pdg=5112 slice=all p=38 a=22 file=/data/alice/ipardoza/hadronization_production/HF_RUN3_V1/raw/MONASH/hf_MONASH_job284.root
SIGMAB_COUNTS tag=MONASH species=Sigma_b- pdg=5112 slice=eta_lt_1 p=7 a=5 file=/data/alice/ipardoza/hadronization_production/HF_RUN3_V1/raw/MONASH/hf_MONASH_job284.root
SIGMAB_COUNTS tag=MONASH species=Sigma_b- pdg=5112 slice=eta_1_2 p=9 a=4 file=/data/alice/ipardoza/hadronization_production/HF_RUN3_V1/raw/MONASH/hf_MONASH_job284.root
SIGMAB_COUNTS tag=MONASH species=Sigma_b- pdg=5112 slice=eta_ge_2 p=22 a=13 file=/data/alice/ipardoza/hadronization_production/HF_RUN3_V1/raw/MONASH/hf_MONASH_job284.root
SIGMAB_COUNTS tag=MONASH species=Sigma*_b+ pdg=5224 slice=all p=50 a=35 file=/data/alice/ipardoza/hadronization_production/HF_RUN3_V1/raw/MONASH/hf_MONASH_job284.root
SIGMAB_COUNTS tag=MONASH species=Sigma*_b+ pdg=5224 slice=eta_lt_1 p=6 a=4 file=/data/alice/ipardoza/hadronization_production/HF_RUN3_V1/raw/MONASH/hf_MONASH_job284.root
SIGMAB_COUNTS tag=MONASH species=Sigma*_b+ pdg=5224 slice=eta_1_2 p=9 a=7 file=/data/alice/ipardoza/hadronization_production/HF_RUN3_V1/raw/MONASH/hf_MONASH_job284.root
SIGMAB_COUNTS tag=MONASH species=Sigma*_b+ pdg=5224 slice=eta_ge_2 p=35 a=24 file=/data/alice/ipardoza/hadronization_production/HF_RUN3_V1/raw/MONASH/hf_MONASH_job284.root
SIGMAB_COUNTS tag=MONASH species=Sigma*_b0 pdg=5214 slice=all p=38 a=34 file=/data/alice/ipardoza/hadronization_production/HF_RUN3_V1/raw/MONASH/hf_MONASH_job284.root
SIGMAB_COUNTS tag=MONASH species=Sigma*_b0 pdg=5214 slice=eta_lt_1 p=6 a=8 file=/data/alice/ipardoza/hadronization_production/HF_RUN3_V1/raw/MONASH/hf_MONASH_job284.root
SIGMAB_COUNTS tag=MONASH species=Sigma*_b0 pdg=5214 slice=eta_1_2 p=10 a=5 file=/data/alice/ipardoza/hadronization_production/HF_RUN3_V1/raw/MONASH/hf_MONASH_job284.root
SIGMAB_COUNTS tag=MONASH species=Sigma*_b0 pdg=5214 slice=eta_ge_2 p=22 a=21 file=/data/alice/ipardoza/hadronization_production/HF_RUN3_V1/raw/MONASH/hf_MONASH_job284.root
SIGMAB_COUNTS tag=MONASH species=Sigma*_b- pdg=5114 slice=all p=45 a=40 file=/data/alice/ipardoza/hadronization_production/HF_RUN3_V1/raw/MONASH/hf_MONASH_job284.root
SIGMAB_COUNTS tag=MONASH species=Sigma*_b- pdg=5114 slice=eta_lt_1 p=12 a=7 file=/data/alice/ipardoza/hadronization_production/HF_RUN3_V1/raw/MONASH/hf_MONASH_job284.root
SIGMAB_COUNTS tag=MONASH species=Sigma*_b- pdg=5114 slice=eta_1_2 p=9 a=7 file=/data/alice/ipardoza/hadronization_production/HF_RUN3_V1/raw/MONASH/hf_MONASH_job284.root
SIGMAB_COUNTS tag=MONASH species=Sigma*_b- pdg=5114 slice=eta_ge_2 p=24 a=26 file=/data/alice/ipardoza/hadronization_production/HF_RUN3_V1/raw/MONASH/hf_MONASH_job284.root
SIGMAB_COUNTS tag=MONASH species=Lambda_b0 pdg=5122 slice=all p=296 a=319 file=/data/alice/ipardoza/hadronization_production/HF_RUN3_V1/raw/MONASH/hf_MONASH_job284.root
SIGMAB_COUNTS tag=MONASH species=Lambda_b0 pdg=5122 slice=eta_lt_1 p=50 a=70 file=/data/alice/ipardoza/hadronization_production/HF_RUN3_V1/raw/MONASH/hf_MONASH_job284.root
SIGMAB_COUNTS tag=MONASH species=Lambda_b0 pdg=5122 slice=eta_1_2 p=65 a=62 file=/data/alice/ipardoza/hadronization_production/HF_RUN3_V1/raw/MONASH/hf_MONASH_job284.root
SIGMAB_COUNTS tag=MONASH species=Lambda_b0 pdg=5122 slice=eta_ge_2 p=181 a=187 file=/data/alice/ipardoza/hadronization_production/HF_RUN3_V1/raw/MONASH/hf_MONASH_job284.root
SIGMAB_COUNTS tag=MONASH species=Xi_b0 pdg=5232 slice=all p=58 a=49 file=/data/alice/ipardoza/hadronization_production/HF_RUN3_V1/raw/MONASH/hf_MONASH_job284.root
SIGMAB_COUNTS tag=MONASH species=Xi_b0 pdg=5232 slice=eta_lt_1 p=14 a=6 file=/data/alice/ipardoza/hadronization_production/HF_RUN3_V1/raw/MONASH/hf_MONASH_job284.root
SIGMAB_COUNTS tag=MONASH species=Xi_b0 pdg=5232 slice=eta_1_2 p=12 a=8 file=/data/alice/ipardoza/hadronization_production/HF_RUN3_V1/raw/MONASH/hf_MONASH_job284.root
SIGMAB_COUNTS tag=MONASH species=Xi_b0 pdg=5232 slice=eta_ge_2 p=32 a=35 file=/data/alice/ipardoza/hadronization_production/HF_RUN3_V1/raw/MONASH/hf_MONASH_job284.root
SIGMAB_COUNTS tag=MONASH species=Xi_b- pdg=5132 slice=all p=52 a=50 file=/data/alice/ipardoza/hadronization_production/HF_RUN3_V1/raw/MONASH/hf_MONASH_job284.root
SIGMAB_COUNTS tag=MONASH species=Xi_b- pdg=5132 slice=eta_lt_1 p=9 a=6 file=/data/alice/ipardoza/hadronization_production/HF_RUN3_V1/raw/MONASH/hf_MONASH_job284.root
SIGMAB_COUNTS tag=MONASH species=Xi_b- pdg=5132 slice=eta_1_2 p=11 a=10 file=/data/alice/ipardoza/hadronization_production/HF_RUN3_V1/raw/MONASH/hf_MONASH_job284.root
SIGMAB_COUNTS tag=MONASH species=Xi_b- pdg=5132 slice=eta_ge_2 p=32 a=34 file=/data/alice/ipardoza/hadronization_production/HF_RUN3_V1/raw/MONASH/hf_MONASH_job284.root
SIGMAB_COUNTS tag=MONASH species=Sigma_b+ pdg=5222 slice=all p=38 a=20 file=/data/alice/ipardoza/hadronization_production/HF_RUN3_V1/raw/MONASH/hf_MONASH_job285.root
SIGMAB_COUNTS tag=MONASH species=Sigma_b+ pdg=5222 slice=eta_lt_1 p=8 a=6 file=/data/alice/ipardoza/hadronization_production/HF_RUN3_V1/raw/MONASH/hf_MONASH_job285.root
SIGMAB_COUNTS tag=MONASH species=Sigma_b+ pdg=5222 slice=eta_1_2 p=7 a=3 file=/data/alice/ipardoza/hadronization_production/HF_RUN3_V1/raw/MONASH/hf_MONASH_job285.root
SIGMAB_COUNTS tag=MONASH species=Sigma_b+ pdg=5222 slice=eta_ge_2 p=23 a=11 file=/data/alice/ipardoza/hadronization_production/HF_RUN3_V1/raw/MONASH/hf_MONASH_job285.root
SIGMAB_COUNTS tag=MONASH species=Sigma_b0 pdg=5212 slice=all p=37 a=30 file=/data/alice/ipardoza/hadronization_production/HF_RUN3_V1/raw/MONASH/hf_MONASH_job285.root
SIGMAB_COUNTS tag=MONASH species=Sigma_b0 pdg=5212 slice=eta_lt_1 p=9 a=5 file=/data/alice/ipardoza/hadronization_production/HF_RUN3_V1/raw/MONASH/hf_MONASH_job285.root
SIGMAB_COUNTS tag=MONASH species=Sigma_b0 pdg=5212 slice=eta_1_2 p=6 a=7 file=/data/alice/ipardoza/hadronization_production/HF_RUN3_V1/raw/MONASH/hf_MONASH_job285.root
SIGMAB_COUNTS tag=MONASH species=Sigma_b0 pdg=5212 slice=eta_ge_2 p=22 a=18 file=/data/alice/ipardoza/hadronization_production/HF_RUN3_V1/raw/MONASH/hf_MONASH_job285.root
SIGMAB_COUNTS tag=MONASH species=Sigma_b- pdg=5112 slice=all p=34 a=21 file=/data/alice/ipardoza/hadronization_production/HF_RUN3_V1/raw/MONASH/hf_MONASH_job285.root
SIGMAB_COUNTS tag=MONASH species=Sigma_b- pdg=5112 slice=eta_lt_1 p=8 a=7 file=/data/alice/ipardoza/hadronization_production/HF_RUN3_V1/raw/MONASH/hf_MONASH_job285.root
SIGMAB_COUNTS tag=MONASH species=Sigma_b- pdg=5112 slice=eta_1_2 p=9 a=4 file=/data/alice/ipardoza/hadronization_production/HF_RUN3_V1/raw/MONASH/hf_MONASH_job285.root
SIGMAB_COUNTS tag=MONASH species=Sigma_b- pdg=5112 slice=eta_ge_2 p=17 a=10 file=/data/alice/ipardoza/hadronization_production/HF_RUN3_V1/raw/MONASH/hf_MONASH_job285.root
SIGMAB_COUNTS tag=MONASH species=Sigma*_b+ pdg=5224 slice=all p=54 a=35 file=/data/alice/ipardoza/hadronization_production/HF_RUN3_V1/raw/MONASH/hf_MONASH_job285.root
SIGMAB_COUNTS tag=MONASH species=Sigma*_b+ pdg=5224 slice=eta_lt_1 p=7 a=3 file=/data/alice/ipardoza/hadronization_production/HF_RUN3_V1/raw/MONASH/hf_MONASH_job285.root
SIGMAB_COUNTS tag=MONASH species=Sigma*_b+ pdg=5224 slice=eta_1_2 p=13 a=8 file=/data/alice/ipardoza/hadronization_production/HF_RUN3_V1/raw/MONASH/hf_MONASH_job285.root
SIGMAB_COUNTS tag=MONASH species=Sigma*_b+ pdg=5224 slice=eta_ge_2 p=34 a=24 file=/data/alice/ipardoza/hadronization_production/HF_RUN3_V1/raw/MONASH/hf_MONASH_job285.root
SIGMAB_COUNTS tag=MONASH species=Sigma*_b0 pdg=5214 slice=all p=43 a=49 file=/data/alice/ipardoza/hadronization_production/HF_RUN3_V1/raw/MONASH/hf_MONASH_job285.root
SIGMAB_COUNTS tag=MONASH species=Sigma*_b0 pdg=5214 slice=eta_lt_1 p=11 a=9 file=/data/alice/ipardoza/hadronization_production/HF_RUN3_V1/raw/MONASH/hf_MONASH_job285.root
SIGMAB_COUNTS tag=MONASH species=Sigma*_b0 pdg=5214 slice=eta_1_2 p=6 a=10 file=/data/alice/ipardoza/hadronization_production/HF_RUN3_V1/raw/MONASH/hf_MONASH_job285.root
SIGMAB_COUNTS tag=MONASH species=Sigma*_b0 pdg=5214 slice=eta_ge_2 p=26 a=30 file=/data/alice/ipardoza/hadronization_production/HF_RUN3_V1/raw/MONASH/hf_MONASH_job285.root
SIGMAB_COUNTS tag=MONASH species=Sigma*_b- pdg=5114 slice=all p=38 a=42 file=/data/alice/ipardoza/hadronization_production/HF_RUN3_V1/raw/MONASH/hf_MONASH_job285.root
SIGMAB_COUNTS tag=MONASH species=Sigma*_b- pdg=5114 slice=eta_lt_1 p=2 a=12 file=/data/alice/ipardoza/hadronization_production/HF_RUN3_V1/raw/MONASH/hf_MONASH_job285.root
SIGMAB_COUNTS tag=MONASH species=Sigma*_b- pdg=5114 slice=eta_1_2 p=12 a=5 file=/data/alice/ipardoza/hadronization_production/HF_RUN3_V1/raw/MONASH/hf_MONASH_job285.root
SIGMAB_COUNTS tag=MONASH species=Sigma*_b- pdg=5114 slice=eta_ge_2 p=24 a=25 file=/data/alice/ipardoza/hadronization_production/HF_RUN3_V1/raw/MONASH/hf_MONASH_job285.root
SIGMAB_COUNTS tag=MONASH species=Lambda_b0 pdg=5122 slice=all p=252 a=312 file=/data/alice/ipardoza/hadronization_production/HF_RUN3_V1/raw/MONASH/hf_MONASH_job285.root
SIGMAB_COUNTS tag=MONASH species=Lambda_b0 pdg=5122 slice=eta_lt_1 p=45 a=67 file=/data/alice/ipardoza/hadronization_production/HF_RUN3_V1/raw/MONASH/hf_MONASH_job285.root
SIGMAB_COUNTS tag=MONASH species=Lambda_b0 pdg=5122 slice=eta_1_2 p=50 a=77 file=/data/alice/ipardoza/hadronization_production/HF_RUN3_V1/raw/MONASH/hf_MONASH_job285.root
SIGMAB_COUNTS tag=MONASH species=Lambda_b0 pdg=5122 slice=eta_ge_2 p=157 a=168 file=/data/alice/ipardoza/hadronization_production/HF_RUN3_V1/raw/MONASH/hf_MONASH_job285.root
SIGMAB_COUNTS tag=MONASH species=Xi_b0 pdg=5232 slice=all p=49 a=54 file=/data/alice/ipardoza/hadronization_production/HF_RUN3_V1/raw/MONASH/hf_MONASH_job285.root
SIGMAB_COUNTS tag=MONASH species=Xi_b0 pdg=5232 slice=eta_lt_1 p=8 a=7 file=/data/alice/ipardoza/hadronization_production/HF_RUN3_V1/raw/MONASH/hf_MONASH_job285.root
SIGMAB_COUNTS tag=MONASH species=Xi_b0 pdg=5232 slice=eta_1_2 p=7 a=12 file=/data/alice/ipardoza/hadronization_production/HF_RUN3_V1/raw/MONASH/hf_MONASH_job285.root
SIGMAB_COUNTS tag=MONASH species=Xi_b0 pdg=5232 slice=eta_ge_2 p=34 a=35 file=/data/alice/ipardoza/hadronization_production/HF_RUN3_V1/raw/MONASH/hf_MONASH_job285.root
SIGMAB_COUNTS tag=MONASH species=Xi_b- pdg=5132 slice=all p=64 a=62 file=/data/alice/ipardoza/hadronization_production/HF_RUN3_V1/raw/MONASH/hf_MONASH_job285.root
SIGMAB_COUNTS tag=MONASH species=Xi_b- pdg=5132 slice=eta_lt_1 p=10 a=11 file=/data/alice/ipardoza/hadronization_production/HF_RUN3_V1/raw/MONASH/hf_MONASH_job285.root
SIGMAB_COUNTS tag=MONASH species=Xi_b- pdg=5132 slice=eta_1_2 p=15 a=10 file=/data/alice/ipardoza/hadronization_production/HF_RUN3_V1/raw/MONASH/hf_MONASH_job285.root
SIGMAB_COUNTS tag=MONASH species=Xi_b- pdg=5132 slice=eta_ge_2 p=39 a=41 file=/data/alice/ipardoza/hadronization_production/HF_RUN3_V1/raw/MONASH/hf_MONASH_job285.root
SIGMAB_COUNTS tag=MONASH species=Sigma_b+ pdg=5222 slice=all p=28 a=29 file=/data/alice/ipardoza/hadronization_production/HF_RUN3_V1/raw/MONASH/hf_MONASH_job286.root
SIGMAB_COUNTS tag=MONASH species=Sigma_b+ pdg=5222 slice=eta_lt_1 p=6 a=5 file=/data/alice/ipardoza/hadronization_production/HF_RUN3_V1/raw/MONASH/hf_MONASH_job286.root
SIGMAB_COUNTS tag=MONASH species=Sigma_b+ pdg=5222 slice=eta_1_2 p=7 a=7 file=/data/alice/ipardoza/hadronization_production/HF_RUN3_V1/raw/MONASH/hf_MONASH_job286.root
SIGMAB_COUNTS tag=MONASH species=Sigma_b+ pdg=5222 slice=eta_ge_2 p=15 a=17 file=/data/alice/ipardoza/hadronization_production/HF_RUN3_V1/raw/MONASH/hf_MONASH_job286.root
SIGMAB_COUNTS tag=MONASH species=Sigma_b0 pdg=5212 slice=all p=37 a=18 file=/data/alice/ipardoza/hadronization_production/HF_RUN3_V1/raw/MONASH/hf_MONASH_job286.root
SIGMAB_COUNTS tag=MONASH species=Sigma_b0 pdg=5212 slice=eta_lt_1 p=5 a=2 file=/data/alice/ipardoza/hadronization_production/HF_RUN3_V1/raw/MONASH/hf_MONASH_job286.root
SIGMAB_COUNTS tag=MONASH species=Sigma_b0 pdg=5212 slice=eta_1_2 p=6 a=5 file=/data/alice/ipardoza/hadronization_production/HF_RUN3_V1/raw/MONASH/hf_MONASH_job286.root
SIGMAB_COUNTS tag=MONASH species=Sigma_b0 pdg=5212 slice=eta_ge_2 p=26 a=11 file=/data/alice/ipardoza/hadronization_production/HF_RUN3_V1/raw/MONASH/hf_MONASH_job286.root
SIGMAB_COUNTS tag=MONASH species=Sigma_b- pdg=5112 slice=all p=34 a=26 file=/data/alice/ipardoza/hadronization_production/HF_RUN3_V1/raw/MONASH/hf_MONASH_job286.root
SIGMAB_COUNTS tag=MONASH species=Sigma_b- pdg=5112 slice=eta_lt_1 p=5 a=9 file=/data/alice/ipardoza/hadronization_production/HF_RUN3_V1/raw/MONASH/hf_MONASH_job286.root
SIGMAB_COUNTS tag=MONASH species=Sigma_b- pdg=5112 slice=eta_1_2 p=6 a=5 file=/data/alice/ipardoza/hadronization_production/HF_RUN3_V1/raw/MONASH/hf_MONASH_job286.root
SIGMAB_COUNTS tag=MONASH species=Sigma_b- pdg=5112 slice=eta_ge_2 p=23 a=12 file=/data/alice/ipardoza/hadronization_production/HF_RUN3_V1/raw/MONASH/hf_MONASH_job286.root
SIGMAB_COUNTS tag=MONASH species=Sigma*_b+ pdg=5224 slice=all p=49 a=49 file=/data/alice/ipardoza/hadronization_production/HF_RUN3_V1/raw/MONASH/hf_MONASH_job286.root
SIGMAB_COUNTS tag=MONASH species=Sigma*_b+ pdg=5224 slice=eta_lt_1 p=11 a=9 file=/data/alice/ipardoza/hadronization_production/HF_RUN3_V1/raw/MONASH/hf_MONASH_job286.root
SIGMAB_COUNTS tag=MONASH species=Sigma*_b+ pdg=5224 slice=eta_1_2 p=11 a=8 file=/data/alice/ipardoza/hadronization_production/HF_RUN3_V1/raw/MONASH/hf_MONASH_job286.root
SIGMAB_COUNTS tag=MONASH species=Sigma*_b+ pdg=5224 slice=eta_ge_2 p=27 a=32 file=/data/alice/ipardoza/hadronization_production/HF_RUN3_V1/raw/MONASH/hf_MONASH_job286.root
SIGMAB_COUNTS tag=MONASH species=Sigma*_b0 pdg=5214 slice=all p=51 a=34 file=/data/alice/ipardoza/hadronization_production/HF_RUN3_V1/raw/MONASH/hf_MONASH_job286.root
SIGMAB_COUNTS tag=MONASH species=Sigma*_b0 pdg=5214 slice=eta_lt_1 p=8 a=4 file=/data/alice/ipardoza/hadronization_production/HF_RUN3_V1/raw/MONASH/hf_MONASH_job286.root
SIGMAB_COUNTS tag=MONASH species=Sigma*_b0 pdg=5214 slice=eta_1_2 p=7 a=10 file=/data/alice/ipardoza/hadronization_production/HF_RUN3_V1/raw/MONASH/hf_MONASH_job286.root
SIGMAB_COUNTS tag=MONASH species=Sigma*_b0 pdg=5214 slice=eta_ge_2 p=36 a=20 file=/data/alice/ipardoza/hadronization_production/HF_RUN3_V1/raw/MONASH/hf_MONASH_job286.root
SIGMAB_COUNTS tag=MONASH species=Sigma*_b- pdg=5114 slice=all p=44 a=46 file=/data/alice/ipardoza/hadronization_production/HF_RUN3_V1/raw/MONASH/hf_MONASH_job286.root
SIGMAB_COUNTS tag=MONASH species=Sigma*_b- pdg=5114 slice=eta_lt_1 p=11 a=8 file=/data/alice/ipardoza/hadronization_production/HF_RUN3_V1/raw/MONASH/hf_MONASH_job286.root
SIGMAB_COUNTS tag=MONASH species=Sigma*_b- pdg=5114 slice=eta_1_2 p=7 a=10 file=/data/alice/ipardoza/hadronization_production/HF_RUN3_V1/raw/MONASH/hf_MONASH_job286.root
SIGMAB_COUNTS tag=MONASH species=Sigma*_b- pdg=5114 slice=eta_ge_2 p=26 a=28 file=/data/alice/ipardoza/hadronization_production/HF_RUN3_V1/raw/MONASH/hf_MONASH_job286.root
SIGMAB_COUNTS tag=MONASH species=Lambda_b0 pdg=5122 slice=all p=327 a=331 file=/data/alice/ipardoza/hadronization_production/HF_RUN3_V1/raw/MONASH/hf_MONASH_job286.root
SIGMAB_COUNTS tag=MONASH species=Lambda_b0 pdg=5122 slice=eta_lt_1 p=58 a=66 file=/data/alice/ipardoza/hadronization_production/HF_RUN3_V1/raw/MONASH/hf_MONASH_job286.root
SIGMAB_COUNTS tag=MONASH species=Lambda_b0 pdg=5122 slice=eta_1_2 p=68 a=61 file=/data/alice/ipardoza/hadronization_production/HF_RUN3_V1/raw/MONASH/hf_MONASH_job286.root
SIGMAB_COUNTS tag=MONASH species=Lambda_b0 pdg=5122 slice=eta_ge_2 p=201 a=204 file=/data/alice/ipardoza/hadronization_production/HF_RUN3_V1/raw/MONASH/hf_MONASH_job286.root
SIGMAB_COUNTS tag=MONASH species=Xi_b0 pdg=5232 slice=all p=52 a=50 file=/data/alice/ipardoza/hadronization_production/HF_RUN3_V1/raw/MONASH/hf_MONASH_job286.root
SIGMAB_COUNTS tag=MONASH species=Xi_b0 pdg=5232 slice=eta_lt_1 p=15 a=7 file=/data/alice/ipardoza/hadronization_production/HF_RUN3_V1/raw/MONASH/hf_MONASH_job286.root
SIGMAB_COUNTS tag=MONASH species=Xi_b0 pdg=5232 slice=eta_1_2 p=7 a=16 file=/data/alice/ipardoza/hadronization_production/HF_RUN3_V1/raw/MONASH/hf_MONASH_job286.root
SIGMAB_COUNTS tag=MONASH species=Xi_b0 pdg=5232 slice=eta_ge_2 p=30 a=27 file=/data/alice/ipardoza/hadronization_production/HF_RUN3_V1/raw/MONASH/hf_MONASH_job286.root
SIGMAB_COUNTS tag=MONASH species=Xi_b- pdg=5132 slice=all p=57 a=48 file=/data/alice/ipardoza/hadronization_production/HF_RUN3_V1/raw/MONASH/hf_MONASH_job286.root
SIGMAB_COUNTS tag=MONASH species=Xi_b- pdg=5132 slice=eta_lt_1 p=13 a=4 file=/data/alice/ipardoza/hadronization_production/HF_RUN3_V1/raw/MONASH/hf_MONASH_job286.root
SIGMAB_COUNTS tag=MONASH species=Xi_b- pdg=5132 slice=eta_1_2 p=13 a=11 file=/data/alice/ipardoza/hadronization_production/HF_RUN3_V1/raw/MONASH/hf_MONASH_job286.root
SIGMAB_COUNTS tag=MONASH species=Xi_b- pdg=5132 slice=eta_ge_2 p=31 a=33 file=/data/alice/ipardoza/hadronization_production/HF_RUN3_V1/raw/MONASH/hf_MONASH_job286.root
SIGMAB_COUNTS tag=MONASH species=Sigma_b+ pdg=5222 slice=all p=40 a=10 file=/data/alice/ipardoza/hadronization_production/HF_RUN3_V1/raw/MONASH/hf_MONASH_job287.root
SIGMAB_COUNTS tag=MONASH species=Sigma_b+ pdg=5222 slice=eta_lt_1 p=7 a=2 file=/data/alice/ipardoza/hadronization_production/HF_RUN3_V1/raw/MONASH/hf_MONASH_job287.root
SIGMAB_COUNTS tag=MONASH species=Sigma_b+ pdg=5222 slice=eta_1_2 p=4 a=1 file=/data/alice/ipardoza/hadronization_production/HF_RUN3_V1/raw/MONASH/hf_MONASH_job287.root
SIGMAB_COUNTS tag=MONASH species=Sigma_b+ pdg=5222 slice=eta_ge_2 p=29 a=7 file=/data/alice/ipardoza/hadronization_production/HF_RUN3_V1/raw/MONASH/hf_MONASH_job287.root
SIGMAB_COUNTS tag=MONASH species=Sigma_b0 pdg=5212 slice=all p=24 a=16 file=/data/alice/ipardoza/hadronization_production/HF_RUN3_V1/raw/MONASH/hf_MONASH_job287.root
SIGMAB_COUNTS tag=MONASH species=Sigma_b0 pdg=5212 slice=eta_lt_1 p=2 a=6 file=/data/alice/ipardoza/hadronization_production/HF_RUN3_V1/raw/MONASH/hf_MONASH_job287.root
SIGMAB_COUNTS tag=MONASH species=Sigma_b0 pdg=5212 slice=eta_1_2 p=5 a=2 file=/data/alice/ipardoza/hadronization_production/HF_RUN3_V1/raw/MONASH/hf_MONASH_job287.root
SIGMAB_COUNTS tag=MONASH species=Sigma_b0 pdg=5212 slice=eta_ge_2 p=17 a=8 file=/data/alice/ipardoza/hadronization_production/HF_RUN3_V1/raw/MONASH/hf_MONASH_job287.root
SIGMAB_COUNTS tag=MONASH species=Sigma_b- pdg=5112 slice=all p=38 a=28 file=/data/alice/ipardoza/hadronization_production/HF_RUN3_V1/raw/MONASH/hf_MONASH_job287.root
SIGMAB_COUNTS tag=MONASH species=Sigma_b- pdg=5112 slice=eta_lt_1 p=5 a=2 file=/data/alice/ipardoza/hadronization_production/HF_RUN3_V1/raw/MONASH/hf_MONASH_job287.root
SIGMAB_COUNTS tag=MONASH species=Sigma_b- pdg=5112 slice=eta_1_2 p=9 a=10 file=/data/alice/ipardoza/hadronization_production/HF_RUN3_V1/raw/MONASH/hf_MONASH_job287.root
SIGMAB_COUNTS tag=MONASH species=Sigma_b- pdg=5112 slice=eta_ge_2 p=24 a=16 file=/data/alice/ipardoza/hadronization_production/HF_RUN3_V1/raw/MONASH/hf_MONASH_job287.root
SIGMAB_COUNTS tag=MONASH species=Sigma*_b+ pdg=5224 slice=all p=51 a=36 file=/data/alice/ipardoza/hadronization_production/HF_RUN3_V1/raw/MONASH/hf_MONASH_job287.root
SIGMAB_COUNTS tag=MONASH species=Sigma*_b+ pdg=5224 slice=eta_lt_1 p=7 a=7 file=/data/alice/ipardoza/hadronization_production/HF_RUN3_V1/raw/MONASH/hf_MONASH_job287.root
SIGMAB_COUNTS tag=MONASH species=Sigma*_b+ pdg=5224 slice=eta_1_2 p=13 a=9 file=/data/alice/ipardoza/hadronization_production/HF_RUN3_V1/raw/MONASH/hf_MONASH_job287.root
SIGMAB_COUNTS tag=MONASH species=Sigma*_b+ pdg=5224 slice=eta_ge_2 p=31 a=20 file=/data/alice/ipardoza/hadronization_production/HF_RUN3_V1/raw/MONASH/hf_MONASH_job287.root
SIGMAB_COUNTS tag=MONASH species=Sigma*_b0 pdg=5214 slice=all p=60 a=29 file=/data/alice/ipardoza/hadronization_production/HF_RUN3_V1/raw/MONASH/hf_MONASH_job287.root
SIGMAB_COUNTS tag=MONASH species=Sigma*_b0 pdg=5214 slice=eta_lt_1 p=10 a=3 file=/data/alice/ipardoza/hadronization_production/HF_RUN3_V1/raw/MONASH/hf_MONASH_job287.root
SIGMAB_COUNTS tag=MONASH species=Sigma*_b0 pdg=5214 slice=eta_1_2 p=9 a=5 file=/data/alice/ipardoza/hadronization_production/HF_RUN3_V1/raw/MONASH/hf_MONASH_job287.root
SIGMAB_COUNTS tag=MONASH species=Sigma*_b0 pdg=5214 slice=eta_ge_2 p=41 a=21 file=/data/alice/ipardoza/hadronization_production/HF_RUN3_V1/raw/MONASH/hf_MONASH_job287.root
SIGMAB_COUNTS tag=MONASH species=Sigma*_b- pdg=5114 slice=all p=53 a=39 file=/data/alice/ipardoza/hadronization_production/HF_RUN3_V1/raw/MONASH/hf_MONASH_job287.root
SIGMAB_COUNTS tag=MONASH species=Sigma*_b- pdg=5114 slice=eta_lt_1 p=13 a=7 file=/data/alice/ipardoza/hadronization_production/HF_RUN3_V1/raw/MONASH/hf_MONASH_job287.root
SIGMAB_COUNTS tag=MONASH species=Sigma*_b- pdg=5114 slice=eta_1_2 p=13 a=12 file=/data/alice/ipardoza/hadronization_production/HF_RUN3_V1/raw/MONASH/hf_MONASH_job287.root
SIGMAB_COUNTS tag=MONASH species=Sigma*_b- pdg=5114 slice=eta_ge_2 p=27 a=20 file=/data/alice/ipardoza/hadronization_production/HF_RUN3_V1/raw/MONASH/hf_MONASH_job287.root
SIGMAB_COUNTS tag=MONASH species=Lambda_b0 pdg=5122 slice=all p=341 a=305 file=/data/alice/ipardoza/hadronization_production/HF_RUN3_V1/raw/MONASH/hf_MONASH_job287.root
SIGMAB_COUNTS tag=MONASH species=Lambda_b0 pdg=5122 slice=eta_lt_1 p=57 a=42 file=/data/alice/ipardoza/hadronization_production/HF_RUN3_V1/raw/MONASH/hf_MONASH_job287.root
SIGMAB_COUNTS tag=MONASH species=Lambda_b0 pdg=5122 slice=eta_1_2 p=71 a=66 file=/data/alice/ipardoza/hadronization_production/HF_RUN3_V1/raw/MONASH/hf_MONASH_job287.root
SIGMAB_COUNTS tag=MONASH species=Lambda_b0 pdg=5122 slice=eta_ge_2 p=213 a=197 file=/data/alice/ipardoza/hadronization_production/HF_RUN3_V1/raw/MONASH/hf_MONASH_job287.root
SIGMAB_COUNTS tag=MONASH species=Xi_b0 pdg=5232 slice=all p=55 a=53 file=/data/alice/ipardoza/hadronization_production/HF_RUN3_V1/raw/MONASH/hf_MONASH_job287.root
SIGMAB_COUNTS tag=MONASH species=Xi_b0 pdg=5232 slice=eta_lt_1 p=13 a=11 file=/data/alice/ipardoza/hadronization_production/HF_RUN3_V1/raw/MONASH/hf_MONASH_job287.root
SIGMAB_COUNTS tag=MONASH species=Xi_b0 pdg=5232 slice=eta_1_2 p=14 a=12 file=/data/alice/ipardoza/hadronization_production/HF_RUN3_V1/raw/MONASH/hf_MONASH_job287.root
SIGMAB_COUNTS tag=MONASH species=Xi_b0 pdg=5232 slice=eta_ge_2 p=28 a=30 file=/data/alice/ipardoza/hadronization_production/HF_RUN3_V1/raw/MONASH/hf_MONASH_job287.root
SIGMAB_COUNTS tag=MONASH species=Xi_b- pdg=5132 slice=all p=50 a=56 file=/data/alice/ipardoza/hadronization_production/HF_RUN3_V1/raw/MONASH/hf_MONASH_job287.root
SIGMAB_COUNTS tag=MONASH species=Xi_b- pdg=5132 slice=eta_lt_1 p=12 a=8 file=/data/alice/ipardoza/hadronization_production/HF_RUN3_V1/raw/MONASH/hf_MONASH_job287.root
SIGMAB_COUNTS tag=MONASH species=Xi_b- pdg=5132 slice=eta_1_2 p=11 a=11 file=/data/alice/ipardoza/hadronization_production/HF_RUN3_V1/raw/MONASH/hf_MONASH_job287.root
SIGMAB_COUNTS tag=MONASH species=Xi_b- pdg=5132 slice=eta_ge_2 p=27 a=37 file=/data/alice/ipardoza/hadronization_production/HF_RUN3_V1/raw/MONASH/hf_MONASH_job287.root
SIGMAB_COUNTS tag=MONASH species=Sigma_b+ pdg=5222 slice=all p=33 a=32 file=/data/alice/ipardoza/hadronization_production/HF_RUN3_V1/raw/MONASH/hf_MONASH_job288.root
SIGMAB_COUNTS tag=MONASH species=Sigma_b+ pdg=5222 slice=eta_lt_1 p=3 a=6 file=/data/alice/ipardoza/hadronization_production/HF_RUN3_V1/raw/MONASH/hf_MONASH_job288.root
SIGMAB_COUNTS tag=MONASH species=Sigma_b+ pdg=5222 slice=eta_1_2 p=6 a=8 file=/data/alice/ipardoza/hadronization_production/HF_RUN3_V1/raw/MONASH/hf_MONASH_job288.root
SIGMAB_COUNTS tag=MONASH species=Sigma_b+ pdg=5222 slice=eta_ge_2 p=24 a=18 file=/data/alice/ipardoza/hadronization_production/HF_RUN3_V1/raw/MONASH/hf_MONASH_job288.root
SIGMAB_COUNTS tag=MONASH species=Sigma_b0 pdg=5212 slice=all p=22 a=22 file=/data/alice/ipardoza/hadronization_production/HF_RUN3_V1/raw/MONASH/hf_MONASH_job288.root
SIGMAB_COUNTS tag=MONASH species=Sigma_b0 pdg=5212 slice=eta_lt_1 p=8 a=3 file=/data/alice/ipardoza/hadronization_production/HF_RUN3_V1/raw/MONASH/hf_MONASH_job288.root
SIGMAB_COUNTS tag=MONASH species=Sigma_b0 pdg=5212 slice=eta_1_2 p=5 a=7 file=/data/alice/ipardoza/hadronization_production/HF_RUN3_V1/raw/MONASH/hf_MONASH_job288.root
SIGMAB_COUNTS tag=MONASH species=Sigma_b0 pdg=5212 slice=eta_ge_2 p=9 a=12 file=/data/alice/ipardoza/hadronization_production/HF_RUN3_V1/raw/MONASH/hf_MONASH_job288.root
SIGMAB_COUNTS tag=MONASH species=Sigma_b- pdg=5112 slice=all p=29 a=28 file=/data/alice/ipardoza/hadronization_production/HF_RUN3_V1/raw/MONASH/hf_MONASH_job288.root
SIGMAB_COUNTS tag=MONASH species=Sigma_b- pdg=5112 slice=eta_lt_1 p=5 a=8 file=/data/alice/ipardoza/hadronization_production/HF_RUN3_V1/raw/MONASH/hf_MONASH_job288.root
SIGMAB_COUNTS tag=MONASH species=Sigma_b- pdg=5112 slice=eta_1_2 p=2 a=7 file=/data/alice/ipardoza/hadronization_production/HF_RUN3_V1/raw/MONASH/hf_MONASH_job288.root
SIGMAB_COUNTS tag=MONASH species=Sigma_b- pdg=5112 slice=eta_ge_2 p=22 a=13 file=/data/alice/ipardoza/hadronization_production/HF_RUN3_V1/raw/MONASH/hf_MONASH_job288.root
SIGMAB_COUNTS tag=MONASH species=Sigma*_b+ pdg=5224 slice=all p=51 a=42 file=/data/alice/ipardoza/hadronization_production/HF_RUN3_V1/raw/MONASH/hf_MONASH_job288.root
SIGMAB_COUNTS tag=MONASH species=Sigma*_b+ pdg=5224 slice=eta_lt_1 p=6 a=8 file=/data/alice/ipardoza/hadronization_production/HF_RUN3_V1/raw/MONASH/hf_MONASH_job288.root
SIGMAB_COUNTS tag=MONASH species=Sigma*_b+ pdg=5224 slice=eta_1_2 p=15 a=5 file=/data/alice/ipardoza/hadronization_production/HF_RUN3_V1/raw/MONASH/hf_MONASH_job288.root
SIGMAB_COUNTS tag=MONASH species=Sigma*_b+ pdg=5224 slice=eta_ge_2 p=30 a=29 file=/data/alice/ipardoza/hadronization_production/HF_RUN3_V1/raw/MONASH/hf_MONASH_job288.root
SIGMAB_COUNTS tag=MONASH species=Sigma*_b0 pdg=5214 slice=all p=63 a=37 file=/data/alice/ipardoza/hadronization_production/HF_RUN3_V1/raw/MONASH/hf_MONASH_job288.root
SIGMAB_COUNTS tag=MONASH species=Sigma*_b0 pdg=5214 slice=eta_lt_1 p=12 a=7 file=/data/alice/ipardoza/hadronization_production/HF_RUN3_V1/raw/MONASH/hf_MONASH_job288.root
SIGMAB_COUNTS tag=MONASH species=Sigma*_b0 pdg=5214 slice=eta_1_2 p=18 a=8 file=/data/alice/ipardoza/hadronization_production/HF_RUN3_V1/raw/MONASH/hf_MONASH_job288.root
SIGMAB_COUNTS tag=MONASH species=Sigma*_b0 pdg=5214 slice=eta_ge_2 p=33 a=22 file=/data/alice/ipardoza/hadronization_production/HF_RUN3_V1/raw/MONASH/hf_MONASH_job288.root
SIGMAB_COUNTS tag=MONASH species=Sigma*_b- pdg=5114 slice=all p=49 a=50 file=/data/alice/ipardoza/hadronization_production/HF_RUN3_V1/raw/MONASH/hf_MONASH_job288.root
SIGMAB_COUNTS tag=MONASH species=Sigma*_b- pdg=5114 slice=eta_lt_1 p=9 a=7 file=/data/alice/ipardoza/hadronization_production/HF_RUN3_V1/raw/MONASH/hf_MONASH_job288.root
SIGMAB_COUNTS tag=MONASH species=Sigma*_b- pdg=5114 slice=eta_1_2 p=7 a=9 file=/data/alice/ipardoza/hadronization_production/HF_RUN3_V1/raw/MONASH/hf_MONASH_job288.root
SIGMAB_COUNTS tag=MONASH species=Sigma*_b- pdg=5114 slice=eta_ge_2 p=33 a=34 file=/data/alice/ipardoza/hadronization_production/HF_RUN3_V1/raw/MONASH/hf_MONASH_job288.root
SIGMAB_COUNTS tag=MONASH species=Lambda_b0 pdg=5122 slice=all p=283 a=326 file=/data/alice/ipardoza/hadronization_production/HF_RUN3_V1/raw/MONASH/hf_MONASH_job288.root
SIGMAB_COUNTS tag=MONASH species=Lambda_b0 pdg=5122 slice=eta_lt_1 p=55 a=61 file=/data/alice/ipardoza/hadronization_production/HF_RUN3_V1/raw/MONASH/hf_MONASH_job288.root
SIGMAB_COUNTS tag=MONASH species=Lambda_b0 pdg=5122 slice=eta_1_2 p=58 a=70 file=/data/alice/ipardoza/hadronization_production/HF_RUN3_V1/raw/MONASH/hf_MONASH_job288.root
SIGMAB_COUNTS tag=MONASH species=Lambda_b0 pdg=5122 slice=eta_ge_2 p=170 a=195 file=/data/alice/ipardoza/hadronization_production/HF_RUN3_V1/raw/MONASH/hf_MONASH_job288.root
SIGMAB_COUNTS tag=MONASH species=Xi_b0 pdg=5232 slice=all p=61 a=45 file=/data/alice/ipardoza/hadronization_production/HF_RUN3_V1/raw/MONASH/hf_MONASH_job288.root
SIGMAB_COUNTS tag=MONASH species=Xi_b0 pdg=5232 slice=eta_lt_1 p=11 a=8 file=/data/alice/ipardoza/hadronization_production/HF_RUN3_V1/raw/MONASH/hf_MONASH_job288.root
SIGMAB_COUNTS tag=MONASH species=Xi_b0 pdg=5232 slice=eta_1_2 p=18 a=8 file=/data/alice/ipardoza/hadronization_production/HF_RUN3_V1/raw/MONASH/hf_MONASH_job288.root
SIGMAB_COUNTS tag=MONASH species=Xi_b0 pdg=5232 slice=eta_ge_2 p=32 a=29 file=/data/alice/ipardoza/hadronization_production/HF_RUN3_V1/raw/MONASH/hf_MONASH_job288.root
SIGMAB_COUNTS tag=MONASH species=Xi_b- pdg=5132 slice=all p=66 a=47 file=/data/alice/ipardoza/hadronization_production/HF_RUN3_V1/raw/MONASH/hf_MONASH_job288.root
SIGMAB_COUNTS tag=MONASH species=Xi_b- pdg=5132 slice=eta_lt_1 p=11 a=6 file=/data/alice/ipardoza/hadronization_production/HF_RUN3_V1/raw/MONASH/hf_MONASH_job288.root
SIGMAB_COUNTS tag=MONASH species=Xi_b- pdg=5132 slice=eta_1_2 p=14 a=11 file=/data/alice/ipardoza/hadronization_production/HF_RUN3_V1/raw/MONASH/hf_MONASH_job288.root
SIGMAB_COUNTS tag=MONASH species=Xi_b- pdg=5132 slice=eta_ge_2 p=41 a=30 file=/data/alice/ipardoza/hadronization_production/HF_RUN3_V1/raw/MONASH/hf_MONASH_job288.root
SIGMAB_COUNTS tag=MONASH species=Sigma_b+ pdg=5222 slice=all p=45 a=21 file=/data/alice/ipardoza/hadronization_production/HF_RUN3_V1/raw/MONASH/hf_MONASH_job289.root
SIGMAB_COUNTS tag=MONASH species=Sigma_b+ pdg=5222 slice=eta_lt_1 p=7 a=4 file=/data/alice/ipardoza/hadronization_production/HF_RUN3_V1/raw/MONASH/hf_MONASH_job289.root
SIGMAB_COUNTS tag=MONASH species=Sigma_b+ pdg=5222 slice=eta_1_2 p=10 a=5 file=/data/alice/ipardoza/hadronization_production/HF_RUN3_V1/raw/MONASH/hf_MONASH_job289.root
SIGMAB_COUNTS tag=MONASH species=Sigma_b+ pdg=5222 slice=eta_ge_2 p=28 a=12 file=/data/alice/ipardoza/hadronization_production/HF_RUN3_V1/raw/MONASH/hf_MONASH_job289.root
SIGMAB_COUNTS tag=MONASH species=Sigma_b0 pdg=5212 slice=all p=30 a=19 file=/data/alice/ipardoza/hadronization_production/HF_RUN3_V1/raw/MONASH/hf_MONASH_job289.root
SIGMAB_COUNTS tag=MONASH species=Sigma_b0 pdg=5212 slice=eta_lt_1 p=6 a=4 file=/data/alice/ipardoza/hadronization_production/HF_RUN3_V1/raw/MONASH/hf_MONASH_job289.root
SIGMAB_COUNTS tag=MONASH species=Sigma_b0 pdg=5212 slice=eta_1_2 p=4 a=3 file=/data/alice/ipardoza/hadronization_production/HF_RUN3_V1/raw/MONASH/hf_MONASH_job289.root
SIGMAB_COUNTS tag=MONASH species=Sigma_b0 pdg=5212 slice=eta_ge_2 p=20 a=12 file=/data/alice/ipardoza/hadronization_production/HF_RUN3_V1/raw/MONASH/hf_MONASH_job289.root
SIGMAB_COUNTS tag=MONASH species=Sigma_b- pdg=5112 slice=all p=32 a=35 file=/data/alice/ipardoza/hadronization_production/HF_RUN3_V1/raw/MONASH/hf_MONASH_job289.root
SIGMAB_COUNTS tag=MONASH species=Sigma_b- pdg=5112 slice=eta_lt_1 p=4 a=6 file=/data/alice/ipardoza/hadronization_production/HF_RUN3_V1/raw/MONASH/hf_MONASH_job289.root
SIGMAB_COUNTS tag=MONASH species=Sigma_b- pdg=5112 slice=eta_1_2 p=6 a=9 file=/data/alice/ipardoza/hadronization_production/HF_RUN3_V1/raw/MONASH/hf_MONASH_job289.root
SIGMAB_COUNTS tag=MONASH species=Sigma_b- pdg=5112 slice=eta_ge_2 p=22 a=20 file=/data/alice/ipardoza/hadronization_production/HF_RUN3_V1/raw/MONASH/hf_MONASH_job289.root
SIGMAB_COUNTS tag=MONASH species=Sigma*_b+ pdg=5224 slice=all p=50 a=43 file=/data/alice/ipardoza/hadronization_production/HF_RUN3_V1/raw/MONASH/hf_MONASH_job289.root
SIGMAB_COUNTS tag=MONASH species=Sigma*_b+ pdg=5224 slice=eta_lt_1 p=7 a=9 file=/data/alice/ipardoza/hadronization_production/HF_RUN3_V1/raw/MONASH/hf_MONASH_job289.root
SIGMAB_COUNTS tag=MONASH species=Sigma*_b+ pdg=5224 slice=eta_1_2 p=10 a=5 file=/data/alice/ipardoza/hadronization_production/HF_RUN3_V1/raw/MONASH/hf_MONASH_job289.root
SIGMAB_COUNTS tag=MONASH species=Sigma*_b+ pdg=5224 slice=eta_ge_2 p=33 a=29 file=/data/alice/ipardoza/hadronization_production/HF_RUN3_V1/raw/MONASH/hf_MONASH_job289.root
SIGMAB_COUNTS tag=MONASH species=Sigma*_b0 pdg=5214 slice=all p=50 a=31 file=/data/alice/ipardoza/hadronization_production/HF_RUN3_V1/raw/MONASH/hf_MONASH_job289.root
SIGMAB_COUNTS tag=MONASH species=Sigma*_b0 pdg=5214 slice=eta_lt_1 p=10 a=6 file=/data/alice/ipardoza/hadronization_production/HF_RUN3_V1/raw/MONASH/hf_MONASH_job289.root
SIGMAB_COUNTS tag=MONASH species=Sigma*_b0 pdg=5214 slice=eta_1_2 p=10 a=8 file=/data/alice/ipardoza/hadronization_production/HF_RUN3_V1/raw/MONASH/hf_MONASH_job289.root
SIGMAB_COUNTS tag=MONASH species=Sigma*_b0 pdg=5214 slice=eta_ge_2 p=30 a=17 file=/data/alice/ipardoza/hadronization_production/HF_RUN3_V1/raw/MONASH/hf_MONASH_job289.root
SIGMAB_COUNTS tag=MONASH species=Sigma*_b- pdg=5114 slice=all p=56 a=39 file=/data/alice/ipardoza/hadronization_production/HF_RUN3_V1/raw/MONASH/hf_MONASH_job289.root
SIGMAB_COUNTS tag=MONASH species=Sigma*_b- pdg=5114 slice=eta_lt_1 p=9 a=5 file=/data/alice/ipardoza/hadronization_production/HF_RUN3_V1/raw/MONASH/hf_MONASH_job289.root
SIGMAB_COUNTS tag=MONASH species=Sigma*_b- pdg=5114 slice=eta_1_2 p=14 a=10 file=/data/alice/ipardoza/hadronization_production/HF_RUN3_V1/raw/MONASH/hf_MONASH_job289.root
SIGMAB_COUNTS tag=MONASH species=Sigma*_b- pdg=5114 slice=eta_ge_2 p=33 a=24 file=/data/alice/ipardoza/hadronization_production/HF_RUN3_V1/raw/MONASH/hf_MONASH_job289.root
SIGMAB_COUNTS tag=MONASH species=Lambda_b0 pdg=5122 slice=all p=367 a=311 file=/data/alice/ipardoza/hadronization_production/HF_RUN3_V1/raw/MONASH/hf_MONASH_job289.root
SIGMAB_COUNTS tag=MONASH species=Lambda_b0 pdg=5122 slice=eta_lt_1 p=58 a=60 file=/data/alice/ipardoza/hadronization_production/HF_RUN3_V1/raw/MONASH/hf_MONASH_job289.root
SIGMAB_COUNTS tag=MONASH species=Lambda_b0 pdg=5122 slice=eta_1_2 p=82 a=68 file=/data/alice/ipardoza/hadronization_production/HF_RUN3_V1/raw/MONASH/hf_MONASH_job289.root
SIGMAB_COUNTS tag=MONASH species=Lambda_b0 pdg=5122 slice=eta_ge_2 p=227 a=183 file=/data/alice/ipardoza/hadronization_production/HF_RUN3_V1/raw/MONASH/hf_MONASH_job289.root
SIGMAB_COUNTS tag=MONASH species=Xi_b0 pdg=5232 slice=all p=54 a=60 file=/data/alice/ipardoza/hadronization_production/HF_RUN3_V1/raw/MONASH/hf_MONASH_job289.root
SIGMAB_COUNTS tag=MONASH species=Xi_b0 pdg=5232 slice=eta_lt_1 p=10 a=8 file=/data/alice/ipardoza/hadronization_production/HF_RUN3_V1/raw/MONASH/hf_MONASH_job289.root
SIGMAB_COUNTS tag=MONASH species=Xi_b0 pdg=5232 slice=eta_1_2 p=11 a=16 file=/data/alice/ipardoza/hadronization_production/HF_RUN3_V1/raw/MONASH/hf_MONASH_job289.root
SIGMAB_COUNTS tag=MONASH species=Xi_b0 pdg=5232 slice=eta_ge_2 p=33 a=36 file=/data/alice/ipardoza/hadronization_production/HF_RUN3_V1/raw/MONASH/hf_MONASH_job289.root
SIGMAB_COUNTS tag=MONASH species=Xi_b- pdg=5132 slice=all p=63 a=57 file=/data/alice/ipardoza/hadronization_production/HF_RUN3_V1/raw/MONASH/hf_MONASH_job289.root
SIGMAB_COUNTS tag=MONASH species=Xi_b- pdg=5132 slice=eta_lt_1 p=10 a=7 file=/data/alice/ipardoza/hadronization_production/HF_RUN3_V1/raw/MONASH/hf_MONASH_job289.root
SIGMAB_COUNTS tag=MONASH species=Xi_b- pdg=5132 slice=eta_1_2 p=13 a=12 file=/data/alice/ipardoza/hadronization_production/HF_RUN3_V1/raw/MONASH/hf_MONASH_job289.root
SIGMAB_COUNTS tag=MONASH species=Xi_b- pdg=5132 slice=eta_ge_2 p=40 a=38 file=/data/alice/ipardoza/hadronization_production/HF_RUN3_V1/raw/MONASH/hf_MONASH_job289.root
SIGMAB_COUNTS tag=MONASH species=Sigma_b+ pdg=5222 slice=all p=31 a=30 file=/data/alice/ipardoza/hadronization_production/HF_RUN3_V1/raw/MONASH/hf_MONASH_job290.root
SIGMAB_COUNTS tag=MONASH species=Sigma_b+ pdg=5222 slice=eta_lt_1 p=7 a=9 file=/data/alice/ipardoza/hadronization_production/HF_RUN3_V1/raw/MONASH/hf_MONASH_job290.root
SIGMAB_COUNTS tag=MONASH species=Sigma_b+ pdg=5222 slice=eta_1_2 p=1 a=3 file=/data/alice/ipardoza/hadronization_production/HF_RUN3_V1/raw/MONASH/hf_MONASH_job290.root
SIGMAB_COUNTS tag=MONASH species=Sigma_b+ pdg=5222 slice=eta_ge_2 p=23 a=18 file=/data/alice/ipardoza/hadronization_production/HF_RUN3_V1/raw/MONASH/hf_MONASH_job290.root
SIGMAB_COUNTS tag=MONASH species=Sigma_b0 pdg=5212 slice=all p=35 a=17 file=/data/alice/ipardoza/hadronization_production/HF_RUN3_V1/raw/MONASH/hf_MONASH_job290.root
SIGMAB_COUNTS tag=MONASH species=Sigma_b0 pdg=5212 slice=eta_lt_1 p=7 a=5 file=/data/alice/ipardoza/hadronization_production/HF_RUN3_V1/raw/MONASH/hf_MONASH_job290.root
SIGMAB_COUNTS tag=MONASH species=Sigma_b0 pdg=5212 slice=eta_1_2 p=7 a=5 file=/data/alice/ipardoza/hadronization_production/HF_RUN3_V1/raw/MONASH/hf_MONASH_job290.root
SIGMAB_COUNTS tag=MONASH species=Sigma_b0 pdg=5212 slice=eta_ge_2 p=21 a=7 file=/data/alice/ipardoza/hadronization_production/HF_RUN3_V1/raw/MONASH/hf_MONASH_job290.root
SIGMAB_COUNTS tag=MONASH species=Sigma_b- pdg=5112 slice=all p=27 a=18 file=/data/alice/ipardoza/hadronization_production/HF_RUN3_V1/raw/MONASH/hf_MONASH_job290.root
SIGMAB_COUNTS tag=MONASH species=Sigma_b- pdg=5112 slice=eta_lt_1 p=1 a=3 file=/data/alice/ipardoza/hadronization_production/HF_RUN3_V1/raw/MONASH/hf_MONASH_job290.root
SIGMAB_COUNTS tag=MONASH species=Sigma_b- pdg=5112 slice=eta_1_2 p=7 a=4 file=/data/alice/ipardoza/hadronization_production/HF_RUN3_V1/raw/MONASH/hf_MONASH_job290.root
SIGMAB_COUNTS tag=MONASH species=Sigma_b- pdg=5112 slice=eta_ge_2 p=19 a=11 file=/data/alice/ipardoza/hadronization_production/HF_RUN3_V1/raw/MONASH/hf_MONASH_job290.root
SIGMAB_COUNTS tag=MONASH species=Sigma*_b+ pdg=5224 slice=all p=53 a=43 file=/data/alice/ipardoza/hadronization_production/HF_RUN3_V1/raw/MONASH/hf_MONASH_job290.root
SIGMAB_COUNTS tag=MONASH species=Sigma*_b+ pdg=5224 slice=eta_lt_1 p=9 a=11 file=/data/alice/ipardoza/hadronization_production/HF_RUN3_V1/raw/MONASH/hf_MONASH_job290.root
SIGMAB_COUNTS tag=MONASH species=Sigma*_b+ pdg=5224 slice=eta_1_2 p=13 a=7 file=/data/alice/ipardoza/hadronization_production/HF_RUN3_V1/raw/MONASH/hf_MONASH_job290.root
SIGMAB_COUNTS tag=MONASH species=Sigma*_b+ pdg=5224 slice=eta_ge_2 p=31 a=25 file=/data/alice/ipardoza/hadronization_production/HF_RUN3_V1/raw/MONASH/hf_MONASH_job290.root
SIGMAB_COUNTS tag=MONASH species=Sigma*_b0 pdg=5214 slice=all p=49 a=36 file=/data/alice/ipardoza/hadronization_production/HF_RUN3_V1/raw/MONASH/hf_MONASH_job290.root
SIGMAB_COUNTS tag=MONASH species=Sigma*_b0 pdg=5214 slice=eta_lt_1 p=6 a=8 file=/data/alice/ipardoza/hadronization_production/HF_RUN3_V1/raw/MONASH/hf_MONASH_job290.root
SIGMAB_COUNTS tag=MONASH species=Sigma*_b0 pdg=5214 slice=eta_1_2 p=11 a=8 file=/data/alice/ipardoza/hadronization_production/HF_RUN3_V1/raw/MONASH/hf_MONASH_job290.root
SIGMAB_COUNTS tag=MONASH species=Sigma*_b0 pdg=5214 slice=eta_ge_2 p=32 a=20 file=/data/alice/ipardoza/hadronization_production/HF_RUN3_V1/raw/MONASH/hf_MONASH_job290.root
SIGMAB_COUNTS tag=MONASH species=Sigma*_b- pdg=5114 slice=all p=46 a=35 file=/data/alice/ipardoza/hadronization_production/HF_RUN3_V1/raw/MONASH/hf_MONASH_job290.root
SIGMAB_COUNTS tag=MONASH species=Sigma*_b- pdg=5114 slice=eta_lt_1 p=11 a=6 file=/data/alice/ipardoza/hadronization_production/HF_RUN3_V1/raw/MONASH/hf_MONASH_job290.root
SIGMAB_COUNTS tag=MONASH species=Sigma*_b- pdg=5114 slice=eta_1_2 p=7 a=8 file=/data/alice/ipardoza/hadronization_production/HF_RUN3_V1/raw/MONASH/hf_MONASH_job290.root
SIGMAB_COUNTS tag=MONASH species=Sigma*_b- pdg=5114 slice=eta_ge_2 p=28 a=21 file=/data/alice/ipardoza/hadronization_production/HF_RUN3_V1/raw/MONASH/hf_MONASH_job290.root
SIGMAB_COUNTS tag=MONASH species=Lambda_b0 pdg=5122 slice=all p=281 a=319 file=/data/alice/ipardoza/hadronization_production/HF_RUN3_V1/raw/MONASH/hf_MONASH_job290.root
SIGMAB_COUNTS tag=MONASH species=Lambda_b0 pdg=5122 slice=eta_lt_1 p=47 a=53 file=/data/alice/ipardoza/hadronization_production/HF_RUN3_V1/raw/MONASH/hf_MONASH_job290.root
SIGMAB_COUNTS tag=MONASH species=Lambda_b0 pdg=5122 slice=eta_1_2 p=62 a=65 file=/data/alice/ipardoza/hadronization_production/HF_RUN3_V1/raw/MONASH/hf_MONASH_job290.root
SIGMAB_COUNTS tag=MONASH species=Lambda_b0 pdg=5122 slice=eta_ge_2 p=172 a=201 file=/data/alice/ipardoza/hadronization_production/HF_RUN3_V1/raw/MONASH/hf_MONASH_job290.root
SIGMAB_COUNTS tag=MONASH species=Xi_b0 pdg=5232 slice=all p=72 a=54 file=/data/alice/ipardoza/hadronization_production/HF_RUN3_V1/raw/MONASH/hf_MONASH_job290.root
SIGMAB_COUNTS tag=MONASH species=Xi_b0 pdg=5232 slice=eta_lt_1 p=12 a=11 file=/data/alice/ipardoza/hadronization_production/HF_RUN3_V1/raw/MONASH/hf_MONASH_job290.root
SIGMAB_COUNTS tag=MONASH species=Xi_b0 pdg=5232 slice=eta_1_2 p=18 a=9 file=/data/alice/ipardoza/hadronization_production/HF_RUN3_V1/raw/MONASH/hf_MONASH_job290.root
SIGMAB_COUNTS tag=MONASH species=Xi_b0 pdg=5232 slice=eta_ge_2 p=42 a=34 file=/data/alice/ipardoza/hadronization_production/HF_RUN3_V1/raw/MONASH/hf_MONASH_job290.root
SIGMAB_COUNTS tag=MONASH species=Xi_b- pdg=5132 slice=all p=51 a=54 file=/data/alice/ipardoza/hadronization_production/HF_RUN3_V1/raw/MONASH/hf_MONASH_job290.root
SIGMAB_COUNTS tag=MONASH species=Xi_b- pdg=5132 slice=eta_lt_1 p=6 a=11 file=/data/alice/ipardoza/hadronization_production/HF_RUN3_V1/raw/MONASH/hf_MONASH_job290.root
SIGMAB_COUNTS tag=MONASH species=Xi_b- pdg=5132 slice=eta_1_2 p=14 a=13 file=/data/alice/ipardoza/hadronization_production/HF_RUN3_V1/raw/MONASH/hf_MONASH_job290.root
SIGMAB_COUNTS tag=MONASH species=Xi_b- pdg=5132 slice=eta_ge_2 p=31 a=30 file=/data/alice/ipardoza/hadronization_production/HF_RUN3_V1/raw/MONASH/hf_MONASH_job290.root
SIGMAB_COUNTS tag=MONASH species=Sigma_b+ pdg=5222 slice=all p=34 a=14 file=/data/alice/ipardoza/hadronization_production/HF_RUN3_V1/raw/MONASH/hf_MONASH_job291.root
SIGMAB_COUNTS tag=MONASH species=Sigma_b+ pdg=5222 slice=eta_lt_1 p=5 a=3 file=/data/alice/ipardoza/hadronization_production/HF_RUN3_V1/raw/MONASH/hf_MONASH_job291.root
SIGMAB_COUNTS tag=MONASH species=Sigma_b+ pdg=5222 slice=eta_1_2 p=3 a=3 file=/data/alice/ipardoza/hadronization_production/HF_RUN3_V1/raw/MONASH/hf_MONASH_job291.root
SIGMAB_COUNTS tag=MONASH species=Sigma_b+ pdg=5222 slice=eta_ge_2 p=26 a=8 file=/data/alice/ipardoza/hadronization_production/HF_RUN3_V1/raw/MONASH/hf_MONASH_job291.root
SIGMAB_COUNTS tag=MONASH species=Sigma_b0 pdg=5212 slice=all p=29 a=29 file=/data/alice/ipardoza/hadronization_production/HF_RUN3_V1/raw/MONASH/hf_MONASH_job291.root
SIGMAB_COUNTS tag=MONASH species=Sigma_b0 pdg=5212 slice=eta_lt_1 p=2 a=10 file=/data/alice/ipardoza/hadronization_production/HF_RUN3_V1/raw/MONASH/hf_MONASH_job291.root
SIGMAB_COUNTS tag=MONASH species=Sigma_b0 pdg=5212 slice=eta_1_2 p=8 a=1 file=/data/alice/ipardoza/hadronization_production/HF_RUN3_V1/raw/MONASH/hf_MONASH_job291.root
SIGMAB_COUNTS tag=MONASH species=Sigma_b0 pdg=5212 slice=eta_ge_2 p=19 a=18 file=/data/alice/ipardoza/hadronization_production/HF_RUN3_V1/raw/MONASH/hf_MONASH_job291.root
SIGMAB_COUNTS tag=MONASH species=Sigma_b- pdg=5112 slice=all p=33 a=17 file=/data/alice/ipardoza/hadronization_production/HF_RUN3_V1/raw/MONASH/hf_MONASH_job291.root
SIGMAB_COUNTS tag=MONASH species=Sigma_b- pdg=5112 slice=eta_lt_1 p=5 a=1 file=/data/alice/ipardoza/hadronization_production/HF_RUN3_V1/raw/MONASH/hf_MONASH_job291.root
SIGMAB_COUNTS tag=MONASH species=Sigma_b- pdg=5112 slice=eta_1_2 p=5 a=4 file=/data/alice/ipardoza/hadronization_production/HF_RUN3_V1/raw/MONASH/hf_MONASH_job291.root
SIGMAB_COUNTS tag=MONASH species=Sigma_b- pdg=5112 slice=eta_ge_2 p=23 a=12 file=/data/alice/ipardoza/hadronization_production/HF_RUN3_V1/raw/MONASH/hf_MONASH_job291.root
SIGMAB_COUNTS tag=MONASH species=Sigma*_b+ pdg=5224 slice=all p=44 a=36 file=/data/alice/ipardoza/hadronization_production/HF_RUN3_V1/raw/MONASH/hf_MONASH_job291.root
SIGMAB_COUNTS tag=MONASH species=Sigma*_b+ pdg=5224 slice=eta_lt_1 p=5 a=6 file=/data/alice/ipardoza/hadronization_production/HF_RUN3_V1/raw/MONASH/hf_MONASH_job291.root
SIGMAB_COUNTS tag=MONASH species=Sigma*_b+ pdg=5224 slice=eta_1_2 p=13 a=15 file=/data/alice/ipardoza/hadronization_production/HF_RUN3_V1/raw/MONASH/hf_MONASH_job291.root
SIGMAB_COUNTS tag=MONASH species=Sigma*_b+ pdg=5224 slice=eta_ge_2 p=26 a=15 file=/data/alice/ipardoza/hadronization_production/HF_RUN3_V1/raw/MONASH/hf_MONASH_job291.root
SIGMAB_COUNTS tag=MONASH species=Sigma*_b0 pdg=5214 slice=all p=52 a=41 file=/data/alice/ipardoza/hadronization_production/HF_RUN3_V1/raw/MONASH/hf_MONASH_job291.root
SIGMAB_COUNTS tag=MONASH species=Sigma*_b0 pdg=5214 slice=eta_lt_1 p=6 a=4 file=/data/alice/ipardoza/hadronization_production/HF_RUN3_V1/raw/MONASH/hf_MONASH_job291.root
SIGMAB_COUNTS tag=MONASH species=Sigma*_b0 pdg=5214 slice=eta_1_2 p=14 a=12 file=/data/alice/ipardoza/hadronization_production/HF_RUN3_V1/raw/MONASH/hf_MONASH_job291.root
SIGMAB_COUNTS tag=MONASH species=Sigma*_b0 pdg=5214 slice=eta_ge_2 p=32 a=25 file=/data/alice/ipardoza/hadronization_production/HF_RUN3_V1/raw/MONASH/hf_MONASH_job291.root
SIGMAB_COUNTS tag=MONASH species=Sigma*_b- pdg=5114 slice=all p=51 a=47 file=/data/alice/ipardoza/hadronization_production/HF_RUN3_V1/raw/MONASH/hf_MONASH_job291.root
SIGMAB_COUNTS tag=MONASH species=Sigma*_b- pdg=5114 slice=eta_lt_1 p=10 a=6 file=/data/alice/ipardoza/hadronization_production/HF_RUN3_V1/raw/MONASH/hf_MONASH_job291.root
SIGMAB_COUNTS tag=MONASH species=Sigma*_b- pdg=5114 slice=eta_1_2 p=7 a=7 file=/data/alice/ipardoza/hadronization_production/HF_RUN3_V1/raw/MONASH/hf_MONASH_job291.root
SIGMAB_COUNTS tag=MONASH species=Sigma*_b- pdg=5114 slice=eta_ge_2 p=34 a=34 file=/data/alice/ipardoza/hadronization_production/HF_RUN3_V1/raw/MONASH/hf_MONASH_job291.root
SIGMAB_COUNTS tag=MONASH species=Lambda_b0 pdg=5122 slice=all p=327 a=328 file=/data/alice/ipardoza/hadronization_production/HF_RUN3_V1/raw/MONASH/hf_MONASH_job291.root
SIGMAB_COUNTS tag=MONASH species=Lambda_b0 pdg=5122 slice=eta_lt_1 p=53 a=57 file=/data/alice/ipardoza/hadronization_production/HF_RUN3_V1/raw/MONASH/hf_MONASH_job291.root
SIGMAB_COUNTS tag=MONASH species=Lambda_b0 pdg=5122 slice=eta_1_2 p=59 a=63 file=/data/alice/ipardoza/hadronization_production/HF_RUN3_V1/raw/MONASH/hf_MONASH_job291.root
SIGMAB_COUNTS tag=MONASH species=Lambda_b0 pdg=5122 slice=eta_ge_2 p=215 a=208 file=/data/alice/ipardoza/hadronization_production/HF_RUN3_V1/raw/MONASH/hf_MONASH_job291.root
SIGMAB_COUNTS tag=MONASH species=Xi_b0 pdg=5232 slice=all p=59 a=53 file=/data/alice/ipardoza/hadronization_production/HF_RUN3_V1/raw/MONASH/hf_MONASH_job291.root
SIGMAB_COUNTS tag=MONASH species=Xi_b0 pdg=5232 slice=eta_lt_1 p=10 a=8 file=/data/alice/ipardoza/hadronization_production/HF_RUN3_V1/raw/MONASH/hf_MONASH_job291.root
SIGMAB_COUNTS tag=MONASH species=Xi_b0 pdg=5232 slice=eta_1_2 p=16 a=12 file=/data/alice/ipardoza/hadronization_production/HF_RUN3_V1/raw/MONASH/hf_MONASH_job291.root
SIGMAB_COUNTS tag=MONASH species=Xi_b0 pdg=5232 slice=eta_ge_2 p=33 a=33 file=/data/alice/ipardoza/hadronization_production/HF_RUN3_V1/raw/MONASH/hf_MONASH_job291.root
SIGMAB_COUNTS tag=MONASH species=Xi_b- pdg=5132 slice=all p=76 a=40 file=/data/alice/ipardoza/hadronization_production/HF_RUN3_V1/raw/MONASH/hf_MONASH_job291.root
SIGMAB_COUNTS tag=MONASH species=Xi_b- pdg=5132 slice=eta_lt_1 p=11 a=3 file=/data/alice/ipardoza/hadronization_production/HF_RUN3_V1/raw/MONASH/hf_MONASH_job291.root
SIGMAB_COUNTS tag=MONASH species=Xi_b- pdg=5132 slice=eta_1_2 p=15 a=13 file=/data/alice/ipardoza/hadronization_production/HF_RUN3_V1/raw/MONASH/hf_MONASH_job291.root
SIGMAB_COUNTS tag=MONASH species=Xi_b- pdg=5132 slice=eta_ge_2 p=50 a=24 file=/data/alice/ipardoza/hadronization_production/HF_RUN3_V1/raw/MONASH/hf_MONASH_job291.root
SIGMAB_COUNTS tag=MONASH species=Sigma_b+ pdg=5222 slice=all p=38 a=23 file=/data/alice/ipardoza/hadronization_production/HF_RUN3_V1/raw/MONASH/hf_MONASH_job292.root
SIGMAB_COUNTS tag=MONASH species=Sigma_b+ pdg=5222 slice=eta_lt_1 p=10 a=6 file=/data/alice/ipardoza/hadronization_production/HF_RUN3_V1/raw/MONASH/hf_MONASH_job292.root
SIGMAB_COUNTS tag=MONASH species=Sigma_b+ pdg=5222 slice=eta_1_2 p=11 a=4 file=/data/alice/ipardoza/hadronization_production/HF_RUN3_V1/raw/MONASH/hf_MONASH_job292.root
SIGMAB_COUNTS tag=MONASH species=Sigma_b+ pdg=5222 slice=eta_ge_2 p=17 a=13 file=/data/alice/ipardoza/hadronization_production/HF_RUN3_V1/raw/MONASH/hf_MONASH_job292.root
SIGMAB_COUNTS tag=MONASH species=Sigma_b0 pdg=5212 slice=all p=31 a=21 file=/data/alice/ipardoza/hadronization_production/HF_RUN3_V1/raw/MONASH/hf_MONASH_job292.root
SIGMAB_COUNTS tag=MONASH species=Sigma_b0 pdg=5212 slice=eta_lt_1 p=3 a=6 file=/data/alice/ipardoza/hadronization_production/HF_RUN3_V1/raw/MONASH/hf_MONASH_job292.root
SIGMAB_COUNTS tag=MONASH species=Sigma_b0 pdg=5212 slice=eta_1_2 p=8 a=2 file=/data/alice/ipardoza/hadronization_production/HF_RUN3_V1/raw/MONASH/hf_MONASH_job292.root
SIGMAB_COUNTS tag=MONASH species=Sigma_b0 pdg=5212 slice=eta_ge_2 p=20 a=13 file=/data/alice/ipardoza/hadronization_production/HF_RUN3_V1/raw/MONASH/hf_MONASH_job292.root
SIGMAB_COUNTS tag=MONASH species=Sigma_b- pdg=5112 slice=all p=31 a=26 file=/data/alice/ipardoza/hadronization_production/HF_RUN3_V1/raw/MONASH/hf_MONASH_job292.root
SIGMAB_COUNTS tag=MONASH species=Sigma_b- pdg=5112 slice=eta_lt_1 p=7 a=5 file=/data/alice/ipardoza/hadronization_production/HF_RUN3_V1/raw/MONASH/hf_MONASH_job292.root
SIGMAB_COUNTS tag=MONASH species=Sigma_b- pdg=5112 slice=eta_1_2 p=8 a=2 file=/data/alice/ipardoza/hadronization_production/HF_RUN3_V1/raw/MONASH/hf_MONASH_job292.root
SIGMAB_COUNTS tag=MONASH species=Sigma_b- pdg=5112 slice=eta_ge_2 p=16 a=19 file=/data/alice/ipardoza/hadronization_production/HF_RUN3_V1/raw/MONASH/hf_MONASH_job292.root
SIGMAB_COUNTS tag=MONASH species=Sigma*_b+ pdg=5224 slice=all p=50 a=50 file=/data/alice/ipardoza/hadronization_production/HF_RUN3_V1/raw/MONASH/hf_MONASH_job292.root
SIGMAB_COUNTS tag=MONASH species=Sigma*_b+ pdg=5224 slice=eta_lt_1 p=6 a=9 file=/data/alice/ipardoza/hadronization_production/HF_RUN3_V1/raw/MONASH/hf_MONASH_job292.root
SIGMAB_COUNTS tag=MONASH species=Sigma*_b+ pdg=5224 slice=eta_1_2 p=6 a=11 file=/data/alice/ipardoza/hadronization_production/HF_RUN3_V1/raw/MONASH/hf_MONASH_job292.root
SIGMAB_COUNTS tag=MONASH species=Sigma*_b+ pdg=5224 slice=eta_ge_2 p=38 a=30 file=/data/alice/ipardoza/hadronization_production/HF_RUN3_V1/raw/MONASH/hf_MONASH_job292.root
SIGMAB_COUNTS tag=MONASH species=Sigma*_b0 pdg=5214 slice=all p=54 a=42 file=/data/alice/ipardoza/hadronization_production/HF_RUN3_V1/raw/MONASH/hf_MONASH_job292.root
SIGMAB_COUNTS tag=MONASH species=Sigma*_b0 pdg=5214 slice=eta_lt_1 p=5 a=8 file=/data/alice/ipardoza/hadronization_production/HF_RUN3_V1/raw/MONASH/hf_MONASH_job292.root
SIGMAB_COUNTS tag=MONASH species=Sigma*_b0 pdg=5214 slice=eta_1_2 p=9 a=11 file=/data/alice/ipardoza/hadronization_production/HF_RUN3_V1/raw/MONASH/hf_MONASH_job292.root
SIGMAB_COUNTS tag=MONASH species=Sigma*_b0 pdg=5214 slice=eta_ge_2 p=40 a=23 file=/data/alice/ipardoza/hadronization_production/HF_RUN3_V1/raw/MONASH/hf_MONASH_job292.root
SIGMAB_COUNTS tag=MONASH species=Sigma*_b- pdg=5114 slice=all p=58 a=49 file=/data/alice/ipardoza/hadronization_production/HF_RUN3_V1/raw/MONASH/hf_MONASH_job292.root
SIGMAB_COUNTS tag=MONASH species=Sigma*_b- pdg=5114 slice=eta_lt_1 p=9 a=8 file=/data/alice/ipardoza/hadronization_production/HF_RUN3_V1/raw/MONASH/hf_MONASH_job292.root
SIGMAB_COUNTS tag=MONASH species=Sigma*_b- pdg=5114 slice=eta_1_2 p=11 a=15 file=/data/alice/ipardoza/hadronization_production/HF_RUN3_V1/raw/MONASH/hf_MONASH_job292.root
SIGMAB_COUNTS tag=MONASH species=Sigma*_b- pdg=5114 slice=eta_ge_2 p=38 a=26 file=/data/alice/ipardoza/hadronization_production/HF_RUN3_V1/raw/MONASH/hf_MONASH_job292.root
SIGMAB_COUNTS tag=MONASH species=Lambda_b0 pdg=5122 slice=all p=286 a=308 file=/data/alice/ipardoza/hadronization_production/HF_RUN3_V1/raw/MONASH/hf_MONASH_job292.root
SIGMAB_COUNTS tag=MONASH species=Lambda_b0 pdg=5122 slice=eta_lt_1 p=55 a=49 file=/data/alice/ipardoza/hadronization_production/HF_RUN3_V1/raw/MONASH/hf_MONASH_job292.root
SIGMAB_COUNTS tag=MONASH species=Lambda_b0 pdg=5122 slice=eta_1_2 p=58 a=68 file=/data/alice/ipardoza/hadronization_production/HF_RUN3_V1/raw/MONASH/hf_MONASH_job292.root
SIGMAB_COUNTS tag=MONASH species=Lambda_b0 pdg=5122 slice=eta_ge_2 p=173 a=191 file=/data/alice/ipardoza/hadronization_production/HF_RUN3_V1/raw/MONASH/hf_MONASH_job292.root
SIGMAB_COUNTS tag=MONASH species=Xi_b0 pdg=5232 slice=all p=54 a=60 file=/data/alice/ipardoza/hadronization_production/HF_RUN3_V1/raw/MONASH/hf_MONASH_job292.root
SIGMAB_COUNTS tag=MONASH species=Xi_b0 pdg=5232 slice=eta_lt_1 p=12 a=9 file=/data/alice/ipardoza/hadronization_production/HF_RUN3_V1/raw/MONASH/hf_MONASH_job292.root
SIGMAB_COUNTS tag=MONASH species=Xi_b0 pdg=5232 slice=eta_1_2 p=10 a=14 file=/data/alice/ipardoza/hadronization_production/HF_RUN3_V1/raw/MONASH/hf_MONASH_job292.root
SIGMAB_COUNTS tag=MONASH species=Xi_b0 pdg=5232 slice=eta_ge_2 p=32 a=37 file=/data/alice/ipardoza/hadronization_production/HF_RUN3_V1/raw/MONASH/hf_MONASH_job292.root
SIGMAB_COUNTS tag=MONASH species=Xi_b- pdg=5132 slice=all p=41 a=69 file=/data/alice/ipardoza/hadronization_production/HF_RUN3_V1/raw/MONASH/hf_MONASH_job292.root
SIGMAB_COUNTS tag=MONASH species=Xi_b- pdg=5132 slice=eta_lt_1 p=8 a=10 file=/data/alice/ipardoza/hadronization_production/HF_RUN3_V1/raw/MONASH/hf_MONASH_job292.root
SIGMAB_COUNTS tag=MONASH species=Xi_b- pdg=5132 slice=eta_1_2 p=9 a=8 file=/data/alice/ipardoza/hadronization_production/HF_RUN3_V1/raw/MONASH/hf_MONASH_job292.root
SIGMAB_COUNTS tag=MONASH species=Xi_b- pdg=5132 slice=eta_ge_2 p=24 a=51 file=/data/alice/ipardoza/hadronization_production/HF_RUN3_V1/raw/MONASH/hf_MONASH_job292.root
SIGMAB_COUNTS tag=MONASH species=Sigma_b+ pdg=5222 slice=all p=39 a=21 file=/data/alice/ipardoza/hadronization_production/HF_RUN3_V1/raw/MONASH/hf_MONASH_job293.root
SIGMAB_COUNTS tag=MONASH species=Sigma_b+ pdg=5222 slice=eta_lt_1 p=4 a=4 file=/data/alice/ipardoza/hadronization_production/HF_RUN3_V1/raw/MONASH/hf_MONASH_job293.root
SIGMAB_COUNTS tag=MONASH species=Sigma_b+ pdg=5222 slice=eta_1_2 p=11 a=10 file=/data/alice/ipardoza/hadronization_production/HF_RUN3_V1/raw/MONASH/hf_MONASH_job293.root
SIGMAB_COUNTS tag=MONASH species=Sigma_b+ pdg=5222 slice=eta_ge_2 p=24 a=7 file=/data/alice/ipardoza/hadronization_production/HF_RUN3_V1/raw/MONASH/hf_MONASH_job293.root
SIGMAB_COUNTS tag=MONASH species=Sigma_b0 pdg=5212 slice=all p=33 a=24 file=/data/alice/ipardoza/hadronization_production/HF_RUN3_V1/raw/MONASH/hf_MONASH_job293.root
SIGMAB_COUNTS tag=MONASH species=Sigma_b0 pdg=5212 slice=eta_lt_1 p=1 a=2 file=/data/alice/ipardoza/hadronization_production/HF_RUN3_V1/raw/MONASH/hf_MONASH_job293.root
SIGMAB_COUNTS tag=MONASH species=Sigma_b0 pdg=5212 slice=eta_1_2 p=4 a=6 file=/data/alice/ipardoza/hadronization_production/HF_RUN3_V1/raw/MONASH/hf_MONASH_job293.root
SIGMAB_COUNTS tag=MONASH species=Sigma_b0 pdg=5212 slice=eta_ge_2 p=28 a=16 file=/data/alice/ipardoza/hadronization_production/HF_RUN3_V1/raw/MONASH/hf_MONASH_job293.root
SIGMAB_COUNTS tag=MONASH species=Sigma_b- pdg=5112 slice=all p=52 a=29 file=/data/alice/ipardoza/hadronization_production/HF_RUN3_V1/raw/MONASH/hf_MONASH_job293.root
SIGMAB_COUNTS tag=MONASH species=Sigma_b- pdg=5112 slice=eta_lt_1 p=8 a=9 file=/data/alice/ipardoza/hadronization_production/HF_RUN3_V1/raw/MONASH/hf_MONASH_job293.root
SIGMAB_COUNTS tag=MONASH species=Sigma_b- pdg=5112 slice=eta_1_2 p=8 a=2 file=/data/alice/ipardoza/hadronization_production/HF_RUN3_V1/raw/MONASH/hf_MONASH_job293.root
SIGMAB_COUNTS tag=MONASH species=Sigma_b- pdg=5112 slice=eta_ge_2 p=36 a=18 file=/data/alice/ipardoza/hadronization_production/HF_RUN3_V1/raw/MONASH/hf_MONASH_job293.root
SIGMAB_COUNTS tag=MONASH species=Sigma*_b+ pdg=5224 slice=all p=50 a=35 file=/data/alice/ipardoza/hadronization_production/HF_RUN3_V1/raw/MONASH/hf_MONASH_job293.root
SIGMAB_COUNTS tag=MONASH species=Sigma*_b+ pdg=5224 slice=eta_lt_1 p=10 a=4 file=/data/alice/ipardoza/hadronization_production/HF_RUN3_V1/raw/MONASH/hf_MONASH_job293.root
SIGMAB_COUNTS tag=MONASH species=Sigma*_b+ pdg=5224 slice=eta_1_2 p=7 a=10 file=/data/alice/ipardoza/hadronization_production/HF_RUN3_V1/raw/MONASH/hf_MONASH_job293.root
SIGMAB_COUNTS tag=MONASH species=Sigma*_b+ pdg=5224 slice=eta_ge_2 p=33 a=21 file=/data/alice/ipardoza/hadronization_production/HF_RUN3_V1/raw/MONASH/hf_MONASH_job293.root
SIGMAB_COUNTS tag=MONASH species=Sigma*_b0 pdg=5214 slice=all p=46 a=38 file=/data/alice/ipardoza/hadronization_production/HF_RUN3_V1/raw/MONASH/hf_MONASH_job293.root
SIGMAB_COUNTS tag=MONASH species=Sigma*_b0 pdg=5214 slice=eta_lt_1 p=9 a=8 file=/data/alice/ipardoza/hadronization_production/HF_RUN3_V1/raw/MONASH/hf_MONASH_job293.root
SIGMAB_COUNTS tag=MONASH species=Sigma*_b0 pdg=5214 slice=eta_1_2 p=12 a=5 file=/data/alice/ipardoza/hadronization_production/HF_RUN3_V1/raw/MONASH/hf_MONASH_job293.root
SIGMAB_COUNTS tag=MONASH species=Sigma*_b0 pdg=5214 slice=eta_ge_2 p=25 a=25 file=/data/alice/ipardoza/hadronization_production/HF_RUN3_V1/raw/MONASH/hf_MONASH_job293.root
SIGMAB_COUNTS tag=MONASH species=Sigma*_b- pdg=5114 slice=all p=55 a=42 file=/data/alice/ipardoza/hadronization_production/HF_RUN3_V1/raw/MONASH/hf_MONASH_job293.root
SIGMAB_COUNTS tag=MONASH species=Sigma*_b- pdg=5114 slice=eta_lt_1 p=7 a=3 file=/data/alice/ipardoza/hadronization_production/HF_RUN3_V1/raw/MONASH/hf_MONASH_job293.root
SIGMAB_COUNTS tag=MONASH species=Sigma*_b- pdg=5114 slice=eta_1_2 p=7 a=14 file=/data/alice/ipardoza/hadronization_production/HF_RUN3_V1/raw/MONASH/hf_MONASH_job293.root
SIGMAB_COUNTS tag=MONASH species=Sigma*_b- pdg=5114 slice=eta_ge_2 p=41 a=25 file=/data/alice/ipardoza/hadronization_production/HF_RUN3_V1/raw/MONASH/hf_MONASH_job293.root
SIGMAB_COUNTS tag=MONASH species=Lambda_b0 pdg=5122 slice=all p=333 a=303 file=/data/alice/ipardoza/hadronization_production/HF_RUN3_V1/raw/MONASH/hf_MONASH_job293.root
SIGMAB_COUNTS tag=MONASH species=Lambda_b0 pdg=5122 slice=eta_lt_1 p=69 a=65 file=/data/alice/ipardoza/hadronization_production/HF_RUN3_V1/raw/MONASH/hf_MONASH_job293.root
SIGMAB_COUNTS tag=MONASH species=Lambda_b0 pdg=5122 slice=eta_1_2 p=73 a=56 file=/data/alice/ipardoza/hadronization_production/HF_RUN3_V1/raw/MONASH/hf_MONASH_job293.root
SIGMAB_COUNTS tag=MONASH species=Lambda_b0 pdg=5122 slice=eta_ge_2 p=191 a=182 file=/data/alice/ipardoza/hadronization_production/HF_RUN3_V1/raw/MONASH/hf_MONASH_job293.root
SIGMAB_COUNTS tag=MONASH species=Xi_b0 pdg=5232 slice=all p=75 a=66 file=/data/alice/ipardoza/hadronization_production/HF_RUN3_V1/raw/MONASH/hf_MONASH_job293.root
SIGMAB_COUNTS tag=MONASH species=Xi_b0 pdg=5232 slice=eta_lt_1 p=11 a=13 file=/data/alice/ipardoza/hadronization_production/HF_RUN3_V1/raw/MONASH/hf_MONASH_job293.root
SIGMAB_COUNTS tag=MONASH species=Xi_b0 pdg=5232 slice=eta_1_2 p=16 a=10 file=/data/alice/ipardoza/hadronization_production/HF_RUN3_V1/raw/MONASH/hf_MONASH_job293.root
SIGMAB_COUNTS tag=MONASH species=Xi_b0 pdg=5232 slice=eta_ge_2 p=48 a=43 file=/data/alice/ipardoza/hadronization_production/HF_RUN3_V1/raw/MONASH/hf_MONASH_job293.root
SIGMAB_COUNTS tag=MONASH species=Xi_b- pdg=5132 slice=all p=54 a=61 file=/data/alice/ipardoza/hadronization_production/HF_RUN3_V1/raw/MONASH/hf_MONASH_job293.root
SIGMAB_COUNTS tag=MONASH species=Xi_b- pdg=5132 slice=eta_lt_1 p=12 a=6 file=/data/alice/ipardoza/hadronization_production/HF_RUN3_V1/raw/MONASH/hf_MONASH_job293.root
SIGMAB_COUNTS tag=MONASH species=Xi_b- pdg=5132 slice=eta_1_2 p=10 a=17 file=/data/alice/ipardoza/hadronization_production/HF_RUN3_V1/raw/MONASH/hf_MONASH_job293.root
SIGMAB_COUNTS tag=MONASH species=Xi_b- pdg=5132 slice=eta_ge_2 p=32 a=38 file=/data/alice/ipardoza/hadronization_production/HF_RUN3_V1/raw/MONASH/hf_MONASH_job293.root
SIGMAB_COUNTS tag=MONASH species=Sigma_b+ pdg=5222 slice=all p=35 a=24 file=/data/alice/ipardoza/hadronization_production/HF_RUN3_V1/raw/MONASH/hf_MONASH_job294.root
SIGMAB_COUNTS tag=MONASH species=Sigma_b+ pdg=5222 slice=eta_lt_1 p=4 a=4 file=/data/alice/ipardoza/hadronization_production/HF_RUN3_V1/raw/MONASH/hf_MONASH_job294.root
SIGMAB_COUNTS tag=MONASH species=Sigma_b+ pdg=5222 slice=eta_1_2 p=6 a=7 file=/data/alice/ipardoza/hadronization_production/HF_RUN3_V1/raw/MONASH/hf_MONASH_job294.root
SIGMAB_COUNTS tag=MONASH species=Sigma_b+ pdg=5222 slice=eta_ge_2 p=25 a=13 file=/data/alice/ipardoza/hadronization_production/HF_RUN3_V1/raw/MONASH/hf_MONASH_job294.root
SIGMAB_COUNTS tag=MONASH species=Sigma_b0 pdg=5212 slice=all p=42 a=18 file=/data/alice/ipardoza/hadronization_production/HF_RUN3_V1/raw/MONASH/hf_MONASH_job294.root
SIGMAB_COUNTS tag=MONASH species=Sigma_b0 pdg=5212 slice=eta_lt_1 p=9 a=3 file=/data/alice/ipardoza/hadronization_production/HF_RUN3_V1/raw/MONASH/hf_MONASH_job294.root
SIGMAB_COUNTS tag=MONASH species=Sigma_b0 pdg=5212 slice=eta_1_2 p=5 a=2 file=/data/alice/ipardoza/hadronization_production/HF_RUN3_V1/raw/MONASH/hf_MONASH_job294.root
SIGMAB_COUNTS tag=MONASH species=Sigma_b0 pdg=5212 slice=eta_ge_2 p=28 a=13 file=/data/alice/ipardoza/hadronization_production/HF_RUN3_V1/raw/MONASH/hf_MONASH_job294.root
SIGMAB_COUNTS tag=MONASH species=Sigma_b- pdg=5112 slice=all p=35 a=14 file=/data/alice/ipardoza/hadronization_production/HF_RUN3_V1/raw/MONASH/hf_MONASH_job294.root
SIGMAB_COUNTS tag=MONASH species=Sigma_b- pdg=5112 slice=eta_lt_1 p=7 a=2 file=/data/alice/ipardoza/hadronization_production/HF_RUN3_V1/raw/MONASH/hf_MONASH_job294.root
SIGMAB_COUNTS tag=MONASH species=Sigma_b- pdg=5112 slice=eta_1_2 p=7 a=6 file=/data/alice/ipardoza/hadronization_production/HF_RUN3_V1/raw/MONASH/hf_MONASH_job294.root
SIGMAB_COUNTS tag=MONASH species=Sigma_b- pdg=5112 slice=eta_ge_2 p=21 a=6 file=/data/alice/ipardoza/hadronization_production/HF_RUN3_V1/raw/MONASH/hf_MONASH_job294.root
SIGMAB_COUNTS tag=MONASH species=Sigma*_b+ pdg=5224 slice=all p=46 a=48 file=/data/alice/ipardoza/hadronization_production/HF_RUN3_V1/raw/MONASH/hf_MONASH_job294.root
SIGMAB_COUNTS tag=MONASH species=Sigma*_b+ pdg=5224 slice=eta_lt_1 p=10 a=6 file=/data/alice/ipardoza/hadronization_production/HF_RUN3_V1/raw/MONASH/hf_MONASH_job294.root
SIGMAB_COUNTS tag=MONASH species=Sigma*_b+ pdg=5224 slice=eta_1_2 p=8 a=12 file=/data/alice/ipardoza/hadronization_production/HF_RUN3_V1/raw/MONASH/hf_MONASH_job294.root
SIGMAB_COUNTS tag=MONASH species=Sigma*_b+ pdg=5224 slice=eta_ge_2 p=28 a=30 file=/data/alice/ipardoza/hadronization_production/HF_RUN3_V1/raw/MONASH/hf_MONASH_job294.root
SIGMAB_COUNTS tag=MONASH species=Sigma*_b0 pdg=5214 slice=all p=60 a=42 file=/data/alice/ipardoza/hadronization_production/HF_RUN3_V1/raw/MONASH/hf_MONASH_job294.root
SIGMAB_COUNTS tag=MONASH species=Sigma*_b0 pdg=5214 slice=eta_lt_1 p=10 a=7 file=/data/alice/ipardoza/hadronization_production/HF_RUN3_V1/raw/MONASH/hf_MONASH_job294.root
SIGMAB_COUNTS tag=MONASH species=Sigma*_b0 pdg=5214 slice=eta_1_2 p=12 a=6 file=/data/alice/ipardoza/hadronization_production/HF_RUN3_V1/raw/MONASH/hf_MONASH_job294.root
SIGMAB_COUNTS tag=MONASH species=Sigma*_b0 pdg=5214 slice=eta_ge_2 p=38 a=29 file=/data/alice/ipardoza/hadronization_production/HF_RUN3_V1/raw/MONASH/hf_MONASH_job294.root
SIGMAB_COUNTS tag=MONASH species=Sigma*_b- pdg=5114 slice=all p=41 a=46 file=/data/alice/ipardoza/hadronization_production/HF_RUN3_V1/raw/MONASH/hf_MONASH_job294.root
SIGMAB_COUNTS tag=MONASH species=Sigma*_b- pdg=5114 slice=eta_lt_1 p=4 a=6 file=/data/alice/ipardoza/hadronization_production/HF_RUN3_V1/raw/MONASH/hf_MONASH_job294.root
SIGMAB_COUNTS tag=MONASH species=Sigma*_b- pdg=5114 slice=eta_1_2 p=5 a=8 file=/data/alice/ipardoza/hadronization_production/HF_RUN3_V1/raw/MONASH/hf_MONASH_job294.root
SIGMAB_COUNTS tag=MONASH species=Sigma*_b- pdg=5114 slice=eta_ge_2 p=32 a=32 file=/data/alice/ipardoza/hadronization_production/HF_RUN3_V1/raw/MONASH/hf_MONASH_job294.root
SIGMAB_COUNTS tag=MONASH species=Lambda_b0 pdg=5122 slice=all p=309 a=291 file=/data/alice/ipardoza/hadronization_production/HF_RUN3_V1/raw/MONASH/hf_MONASH_job294.root
SIGMAB_COUNTS tag=MONASH species=Lambda_b0 pdg=5122 slice=eta_lt_1 p=56 a=60 file=/data/alice/ipardoza/hadronization_production/HF_RUN3_V1/raw/MONASH/hf_MONASH_job294.root
SIGMAB_COUNTS tag=MONASH species=Lambda_b0 pdg=5122 slice=eta_1_2 p=59 a=67 file=/data/alice/ipardoza/hadronization_production/HF_RUN3_V1/raw/MONASH/hf_MONASH_job294.root
SIGMAB_COUNTS tag=MONASH species=Lambda_b0 pdg=5122 slice=eta_ge_2 p=194 a=164 file=/data/alice/ipardoza/hadronization_production/HF_RUN3_V1/raw/MONASH/hf_MONASH_job294.root
SIGMAB_COUNTS tag=MONASH species=Xi_b0 pdg=5232 slice=all p=55 a=49 file=/data/alice/ipardoza/hadronization_production/HF_RUN3_V1/raw/MONASH/hf_MONASH_job294.root
SIGMAB_COUNTS tag=MONASH species=Xi_b0 pdg=5232 slice=eta_lt_1 p=9 a=10 file=/data/alice/ipardoza/hadronization_production/HF_RUN3_V1/raw/MONASH/hf_MONASH_job294.root
SIGMAB_COUNTS tag=MONASH species=Xi_b0 pdg=5232 slice=eta_1_2 p=19 a=12 file=/data/alice/ipardoza/hadronization_production/HF_RUN3_V1/raw/MONASH/hf_MONASH_job294.root
SIGMAB_COUNTS tag=MONASH species=Xi_b0 pdg=5232 slice=eta_ge_2 p=27 a=27 file=/data/alice/ipardoza/hadronization_production/HF_RUN3_V1/raw/MONASH/hf_MONASH_job294.root
SIGMAB_COUNTS tag=MONASH species=Xi_b- pdg=5132 slice=all p=58 a=34 file=/data/alice/ipardoza/hadronization_production/HF_RUN3_V1/raw/MONASH/hf_MONASH_job294.root
SIGMAB_COUNTS tag=MONASH species=Xi_b- pdg=5132 slice=eta_lt_1 p=11 a=9 file=/data/alice/ipardoza/hadronization_production/HF_RUN3_V1/raw/MONASH/hf_MONASH_job294.root
SIGMAB_COUNTS tag=MONASH species=Xi_b- pdg=5132 slice=eta_1_2 p=12 a=8 file=/data/alice/ipardoza/hadronization_production/HF_RUN3_V1/raw/MONASH/hf_MONASH_job294.root
SIGMAB_COUNTS tag=MONASH species=Xi_b- pdg=5132 slice=eta_ge_2 p=35 a=17 file=/data/alice/ipardoza/hadronization_production/HF_RUN3_V1/raw/MONASH/hf_MONASH_job294.root
SIGMAB_COUNTS tag=MONASH species=Sigma_b+ pdg=5222 slice=all p=33 a=13 file=/data/alice/ipardoza/hadronization_production/HF_RUN3_V1/raw/MONASH/hf_MONASH_job295.root
SIGMAB_COUNTS tag=MONASH species=Sigma_b+ pdg=5222 slice=eta_lt_1 p=6 a=1 file=/data/alice/ipardoza/hadronization_production/HF_RUN3_V1/raw/MONASH/hf_MONASH_job295.root
SIGMAB_COUNTS tag=MONASH species=Sigma_b+ pdg=5222 slice=eta_1_2 p=3 a=1 file=/data/alice/ipardoza/hadronization_production/HF_RUN3_V1/raw/MONASH/hf_MONASH_job295.root
SIGMAB_COUNTS tag=MONASH species=Sigma_b+ pdg=5222 slice=eta_ge_2 p=24 a=11 file=/data/alice/ipardoza/hadronization_production/HF_RUN3_V1/raw/MONASH/hf_MONASH_job295.root
SIGMAB_COUNTS tag=MONASH species=Sigma_b0 pdg=5212 slice=all p=31 a=22 file=/data/alice/ipardoza/hadronization_production/HF_RUN3_V1/raw/MONASH/hf_MONASH_job295.root
SIGMAB_COUNTS tag=MONASH species=Sigma_b0 pdg=5212 slice=eta_lt_1 p=4 a=2 file=/data/alice/ipardoza/hadronization_production/HF_RUN3_V1/raw/MONASH/hf_MONASH_job295.root
SIGMAB_COUNTS tag=MONASH species=Sigma_b0 pdg=5212 slice=eta_1_2 p=5 a=4 file=/data/alice/ipardoza/hadronization_production/HF_RUN3_V1/raw/MONASH/hf_MONASH_job295.root
SIGMAB_COUNTS tag=MONASH species=Sigma_b0 pdg=5212 slice=eta_ge_2 p=22 a=16 file=/data/alice/ipardoza/hadronization_production/HF_RUN3_V1/raw/MONASH/hf_MONASH_job295.root
SIGMAB_COUNTS tag=MONASH species=Sigma_b- pdg=5112 slice=all p=40 a=24 file=/data/alice/ipardoza/hadronization_production/HF_RUN3_V1/raw/MONASH/hf_MONASH_job295.root
SIGMAB_COUNTS tag=MONASH species=Sigma_b- pdg=5112 slice=eta_lt_1 p=5 a=5 file=/data/alice/ipardoza/hadronization_production/HF_RUN3_V1/raw/MONASH/hf_MONASH_job295.root
SIGMAB_COUNTS tag=MONASH species=Sigma_b- pdg=5112 slice=eta_1_2 p=11 a=4 file=/data/alice/ipardoza/hadronization_production/HF_RUN3_V1/raw/MONASH/hf_MONASH_job295.root
SIGMAB_COUNTS tag=MONASH species=Sigma_b- pdg=5112 slice=eta_ge_2 p=24 a=15 file=/data/alice/ipardoza/hadronization_production/HF_RUN3_V1/raw/MONASH/hf_MONASH_job295.root
SIGMAB_COUNTS tag=MONASH species=Sigma*_b+ pdg=5224 slice=all p=47 a=49 file=/data/alice/ipardoza/hadronization_production/HF_RUN3_V1/raw/MONASH/hf_MONASH_job295.root
SIGMAB_COUNTS tag=MONASH species=Sigma*_b+ pdg=5224 slice=eta_lt_1 p=8 a=12 file=/data/alice/ipardoza/hadronization_production/HF_RUN3_V1/raw/MONASH/hf_MONASH_job295.root
SIGMAB_COUNTS tag=MONASH species=Sigma*_b+ pdg=5224 slice=eta_1_2 p=10 a=9 file=/data/alice/ipardoza/hadronization_production/HF_RUN3_V1/raw/MONASH/hf_MONASH_job295.root
SIGMAB_COUNTS tag=MONASH species=Sigma*_b+ pdg=5224 slice=eta_ge_2 p=29 a=28 file=/data/alice/ipardoza/hadronization_production/HF_RUN3_V1/raw/MONASH/hf_MONASH_job295.root
SIGMAB_COUNTS tag=MONASH species=Sigma*_b0 pdg=5214 slice=all p=49 a=37 file=/data/alice/ipardoza/hadronization_production/HF_RUN3_V1/raw/MONASH/hf_MONASH_job295.root
SIGMAB_COUNTS tag=MONASH species=Sigma*_b0 pdg=5214 slice=eta_lt_1 p=11 a=6 file=/data/alice/ipardoza/hadronization_production/HF_RUN3_V1/raw/MONASH/hf_MONASH_job295.root
SIGMAB_COUNTS tag=MONASH species=Sigma*_b0 pdg=5214 slice=eta_1_2 p=11 a=6 file=/data/alice/ipardoza/hadronization_production/HF_RUN3_V1/raw/MONASH/hf_MONASH_job295.root
SIGMAB_COUNTS tag=MONASH species=Sigma*_b0 pdg=5214 slice=eta_ge_2 p=27 a=25 file=/data/alice/ipardoza/hadronization_production/HF_RUN3_V1/raw/MONASH/hf_MONASH_job295.root
SIGMAB_COUNTS tag=MONASH species=Sigma*_b- pdg=5114 slice=all p=52 a=54 file=/data/alice/ipardoza/hadronization_production/HF_RUN3_V1/raw/MONASH/hf_MONASH_job295.root
SIGMAB_COUNTS tag=MONASH species=Sigma*_b- pdg=5114 slice=eta_lt_1 p=5 a=6 file=/data/alice/ipardoza/hadronization_production/HF_RUN3_V1/raw/MONASH/hf_MONASH_job295.root
SIGMAB_COUNTS tag=MONASH species=Sigma*_b- pdg=5114 slice=eta_1_2 p=10 a=7 file=/data/alice/ipardoza/hadronization_production/HF_RUN3_V1/raw/MONASH/hf_MONASH_job295.root
SIGMAB_COUNTS tag=MONASH species=Sigma*_b- pdg=5114 slice=eta_ge_2 p=37 a=41 file=/data/alice/ipardoza/hadronization_production/HF_RUN3_V1/raw/MONASH/hf_MONASH_job295.root
SIGMAB_COUNTS tag=MONASH species=Lambda_b0 pdg=5122 slice=all p=326 a=310 file=/data/alice/ipardoza/hadronization_production/HF_RUN3_V1/raw/MONASH/hf_MONASH_job295.root
SIGMAB_COUNTS tag=MONASH species=Lambda_b0 pdg=5122 slice=eta_lt_1 p=66 a=49 file=/data/alice/ipardoza/hadronization_production/HF_RUN3_V1/raw/MONASH/hf_MONASH_job295.root
SIGMAB_COUNTS tag=MONASH species=Lambda_b0 pdg=5122 slice=eta_1_2 p=68 a=78 file=/data/alice/ipardoza/hadronization_production/HF_RUN3_V1/raw/MONASH/hf_MONASH_job295.root
SIGMAB_COUNTS tag=MONASH species=Lambda_b0 pdg=5122 slice=eta_ge_2 p=192 a=183 file=/data/alice/ipardoza/hadronization_production/HF_RUN3_V1/raw/MONASH/hf_MONASH_job295.root
SIGMAB_COUNTS tag=MONASH species=Xi_b0 pdg=5232 slice=all p=63 a=50 file=/data/alice/ipardoza/hadronization_production/HF_RUN3_V1/raw/MONASH/hf_MONASH_job295.root
SIGMAB_COUNTS tag=MONASH species=Xi_b0 pdg=5232 slice=eta_lt_1 p=15 a=5 file=/data/alice/ipardoza/hadronization_production/HF_RUN3_V1/raw/MONASH/hf_MONASH_job295.root
SIGMAB_COUNTS tag=MONASH species=Xi_b0 pdg=5232 slice=eta_1_2 p=13 a=18 file=/data/alice/ipardoza/hadronization_production/HF_RUN3_V1/raw/MONASH/hf_MONASH_job295.root
SIGMAB_COUNTS tag=MONASH species=Xi_b0 pdg=5232 slice=eta_ge_2 p=35 a=27 file=/data/alice/ipardoza/hadronization_production/HF_RUN3_V1/raw/MONASH/hf_MONASH_job295.root
SIGMAB_COUNTS tag=MONASH species=Xi_b- pdg=5132 slice=all p=40 a=53 file=/data/alice/ipardoza/hadronization_production/HF_RUN3_V1/raw/MONASH/hf_MONASH_job295.root
SIGMAB_COUNTS tag=MONASH species=Xi_b- pdg=5132 slice=eta_lt_1 p=8 a=8 file=/data/alice/ipardoza/hadronization_production/HF_RUN3_V1/raw/MONASH/hf_MONASH_job295.root
SIGMAB_COUNTS tag=MONASH species=Xi_b- pdg=5132 slice=eta_1_2 p=6 a=10 file=/data/alice/ipardoza/hadronization_production/HF_RUN3_V1/raw/MONASH/hf_MONASH_job295.root
SIGMAB_COUNTS tag=MONASH species=Xi_b- pdg=5132 slice=eta_ge_2 p=26 a=35 file=/data/alice/ipardoza/hadronization_production/HF_RUN3_V1/raw/MONASH/hf_MONASH_job295.root
SIGMAB_COUNTS tag=MONASH species=Sigma_b+ pdg=5222 slice=all p=28 a=24 file=/data/alice/ipardoza/hadronization_production/HF_RUN3_V1/raw/MONASH/hf_MONASH_job296.root
SIGMAB_COUNTS tag=MONASH species=Sigma_b+ pdg=5222 slice=eta_lt_1 p=3 a=4 file=/data/alice/ipardoza/hadronization_production/HF_RUN3_V1/raw/MONASH/hf_MONASH_job296.root
SIGMAB_COUNTS tag=MONASH species=Sigma_b+ pdg=5222 slice=eta_1_2 p=8 a=3 file=/data/alice/ipardoza/hadronization_production/HF_RUN3_V1/raw/MONASH/hf_MONASH_job296.root
SIGMAB_COUNTS tag=MONASH species=Sigma_b+ pdg=5222 slice=eta_ge_2 p=17 a=17 file=/data/alice/ipardoza/hadronization_production/HF_RUN3_V1/raw/MONASH/hf_MONASH_job296.root
SIGMAB_COUNTS tag=MONASH species=Sigma_b0 pdg=5212 slice=all p=38 a=29 file=/data/alice/ipardoza/hadronization_production/HF_RUN3_V1/raw/MONASH/hf_MONASH_job296.root
SIGMAB_COUNTS tag=MONASH species=Sigma_b0 pdg=5212 slice=eta_lt_1 p=2 a=6 file=/data/alice/ipardoza/hadronization_production/HF_RUN3_V1/raw/MONASH/hf_MONASH_job296.root
SIGMAB_COUNTS tag=MONASH species=Sigma_b0 pdg=5212 slice=eta_1_2 p=8 a=4 file=/data/alice/ipardoza/hadronization_production/HF_RUN3_V1/raw/MONASH/hf_MONASH_job296.root
SIGMAB_COUNTS tag=MONASH species=Sigma_b0 pdg=5212 slice=eta_ge_2 p=28 a=19 file=/data/alice/ipardoza/hadronization_production/HF_RUN3_V1/raw/MONASH/hf_MONASH_job296.root
SIGMAB_COUNTS tag=MONASH species=Sigma_b- pdg=5112 slice=all p=31 a=30 file=/data/alice/ipardoza/hadronization_production/HF_RUN3_V1/raw/MONASH/hf_MONASH_job296.root
SIGMAB_COUNTS tag=MONASH species=Sigma_b- pdg=5112 slice=eta_lt_1 p=7 a=6 file=/data/alice/ipardoza/hadronization_production/HF_RUN3_V1/raw/MONASH/hf_MONASH_job296.root
SIGMAB_COUNTS tag=MONASH species=Sigma_b- pdg=5112 slice=eta_1_2 p=2 a=9 file=/data/alice/ipardoza/hadronization_production/HF_RUN3_V1/raw/MONASH/hf_MONASH_job296.root
SIGMAB_COUNTS tag=MONASH species=Sigma_b- pdg=5112 slice=eta_ge_2 p=22 a=15 file=/data/alice/ipardoza/hadronization_production/HF_RUN3_V1/raw/MONASH/hf_MONASH_job296.root
SIGMAB_COUNTS tag=MONASH species=Sigma*_b+ pdg=5224 slice=all p=54 a=28 file=/data/alice/ipardoza/hadronization_production/HF_RUN3_V1/raw/MONASH/hf_MONASH_job296.root
SIGMAB_COUNTS tag=MONASH species=Sigma*_b+ pdg=5224 slice=eta_lt_1 p=13 a=3 file=/data/alice/ipardoza/hadronization_production/HF_RUN3_V1/raw/MONASH/hf_MONASH_job296.root
SIGMAB_COUNTS tag=MONASH species=Sigma*_b+ pdg=5224 slice=eta_1_2 p=8 a=6 file=/data/alice/ipardoza/hadronization_production/HF_RUN3_V1/raw/MONASH/hf_MONASH_job296.root
SIGMAB_COUNTS tag=MONASH species=Sigma*_b+ pdg=5224 slice=eta_ge_2 p=33 a=19 file=/data/alice/ipardoza/hadronization_production/HF_RUN3_V1/raw/MONASH/hf_MONASH_job296.root
SIGMAB_COUNTS tag=MONASH species=Sigma*_b0 pdg=5214 slice=all p=54 a=36 file=/data/alice/ipardoza/hadronization_production/HF_RUN3_V1/raw/MONASH/hf_MONASH_job296.root
SIGMAB_COUNTS tag=MONASH species=Sigma*_b0 pdg=5214 slice=eta_lt_1 p=2 a=3 file=/data/alice/ipardoza/hadronization_production/HF_RUN3_V1/raw/MONASH/hf_MONASH_job296.root
SIGMAB_COUNTS tag=MONASH species=Sigma*_b0 pdg=5214 slice=eta_1_2 p=15 a=6 file=/data/alice/ipardoza/hadronization_production/HF_RUN3_V1/raw/MONASH/hf_MONASH_job296.root
SIGMAB_COUNTS tag=MONASH species=Sigma*_b0 pdg=5214 slice=eta_ge_2 p=37 a=27 file=/data/alice/ipardoza/hadronization_production/HF_RUN3_V1/raw/MONASH/hf_MONASH_job296.root
SIGMAB_COUNTS tag=MONASH species=Sigma*_b- pdg=5114 slice=all p=41 a=44 file=/data/alice/ipardoza/hadronization_production/HF_RUN3_V1/raw/MONASH/hf_MONASH_job296.root
SIGMAB_COUNTS tag=MONASH species=Sigma*_b- pdg=5114 slice=eta_lt_1 p=5 a=7 file=/data/alice/ipardoza/hadronization_production/HF_RUN3_V1/raw/MONASH/hf_MONASH_job296.root
SIGMAB_COUNTS tag=MONASH species=Sigma*_b- pdg=5114 slice=eta_1_2 p=9 a=19 file=/data/alice/ipardoza/hadronization_production/HF_RUN3_V1/raw/MONASH/hf_MONASH_job296.root
SIGMAB_COUNTS tag=MONASH species=Sigma*_b- pdg=5114 slice=eta_ge_2 p=27 a=18 file=/data/alice/ipardoza/hadronization_production/HF_RUN3_V1/raw/MONASH/hf_MONASH_job296.root
SIGMAB_COUNTS tag=MONASH species=Lambda_b0 pdg=5122 slice=all p=352 a=322 file=/data/alice/ipardoza/hadronization_production/HF_RUN3_V1/raw/MONASH/hf_MONASH_job296.root
SIGMAB_COUNTS tag=MONASH species=Lambda_b0 pdg=5122 slice=eta_lt_1 p=73 a=64 file=/data/alice/ipardoza/hadronization_production/HF_RUN3_V1/raw/MONASH/hf_MONASH_job296.root
SIGMAB_COUNTS tag=MONASH species=Lambda_b0 pdg=5122 slice=eta_1_2 p=74 a=73 file=/data/alice/ipardoza/hadronization_production/HF_RUN3_V1/raw/MONASH/hf_MONASH_job296.root
SIGMAB_COUNTS tag=MONASH species=Lambda_b0 pdg=5122 slice=eta_ge_2 p=205 a=185 file=/data/alice/ipardoza/hadronization_production/HF_RUN3_V1/raw/MONASH/hf_MONASH_job296.root
SIGMAB_COUNTS tag=MONASH species=Xi_b0 pdg=5232 slice=all p=63 a=54 file=/data/alice/ipardoza/hadronization_production/HF_RUN3_V1/raw/MONASH/hf_MONASH_job296.root
SIGMAB_COUNTS tag=MONASH species=Xi_b0 pdg=5232 slice=eta_lt_1 p=13 a=12 file=/data/alice/ipardoza/hadronization_production/HF_RUN3_V1/raw/MONASH/hf_MONASH_job296.root
SIGMAB_COUNTS tag=MONASH species=Xi_b0 pdg=5232 slice=eta_1_2 p=15 a=11 file=/data/alice/ipardoza/hadronization_production/HF_RUN3_V1/raw/MONASH/hf_MONASH_job296.root
SIGMAB_COUNTS tag=MONASH species=Xi_b0 pdg=5232 slice=eta_ge_2 p=35 a=31 file=/data/alice/ipardoza/hadronization_production/HF_RUN3_V1/raw/MONASH/hf_MONASH_job296.root
SIGMAB_COUNTS tag=MONASH species=Xi_b- pdg=5132 slice=all p=42 a=47 file=/data/alice/ipardoza/hadronization_production/HF_RUN3_V1/raw/MONASH/hf_MONASH_job296.root
SIGMAB_COUNTS tag=MONASH species=Xi_b- pdg=5132 slice=eta_lt_1 p=7 a=11 file=/data/alice/ipardoza/hadronization_production/HF_RUN3_V1/raw/MONASH/hf_MONASH_job296.root
SIGMAB_COUNTS tag=MONASH species=Xi_b- pdg=5132 slice=eta_1_2 p=10 a=9 file=/data/alice/ipardoza/hadronization_production/HF_RUN3_V1/raw/MONASH/hf_MONASH_job296.root
SIGMAB_COUNTS tag=MONASH species=Xi_b- pdg=5132 slice=eta_ge_2 p=25 a=27 file=/data/alice/ipardoza/hadronization_production/HF_RUN3_V1/raw/MONASH/hf_MONASH_job296.root
SIGMAB_COUNTS tag=MONASH species=Sigma_b+ pdg=5222 slice=all p=36 a=21 file=/data/alice/ipardoza/hadronization_production/HF_RUN3_V1/raw/MONASH/hf_MONASH_job297.root
SIGMAB_COUNTS tag=MONASH species=Sigma_b+ pdg=5222 slice=eta_lt_1 p=6 a=8 file=/data/alice/ipardoza/hadronization_production/HF_RUN3_V1/raw/MONASH/hf_MONASH_job297.root
SIGMAB_COUNTS tag=MONASH species=Sigma_b+ pdg=5222 slice=eta_1_2 p=3 a=1 file=/data/alice/ipardoza/hadronization_production/HF_RUN3_V1/raw/MONASH/hf_MONASH_job297.root
SIGMAB_COUNTS tag=MONASH species=Sigma_b+ pdg=5222 slice=eta_ge_2 p=27 a=12 file=/data/alice/ipardoza/hadronization_production/HF_RUN3_V1/raw/MONASH/hf_MONASH_job297.root
SIGMAB_COUNTS tag=MONASH species=Sigma_b0 pdg=5212 slice=all p=36 a=23 file=/data/alice/ipardoza/hadronization_production/HF_RUN3_V1/raw/MONASH/hf_MONASH_job297.root
SIGMAB_COUNTS tag=MONASH species=Sigma_b0 pdg=5212 slice=eta_lt_1 p=3 a=6 file=/data/alice/ipardoza/hadronization_production/HF_RUN3_V1/raw/MONASH/hf_MONASH_job297.root
SIGMAB_COUNTS tag=MONASH species=Sigma_b0 pdg=5212 slice=eta_1_2 p=11 a=5 file=/data/alice/ipardoza/hadronization_production/HF_RUN3_V1/raw/MONASH/hf_MONASH_job297.root
SIGMAB_COUNTS tag=MONASH species=Sigma_b0 pdg=5212 slice=eta_ge_2 p=22 a=12 file=/data/alice/ipardoza/hadronization_production/HF_RUN3_V1/raw/MONASH/hf_MONASH_job297.root
SIGMAB_COUNTS tag=MONASH species=Sigma_b- pdg=5112 slice=all p=34 a=20 file=/data/alice/ipardoza/hadronization_production/HF_RUN3_V1/raw/MONASH/hf_MONASH_job297.root
SIGMAB_COUNTS tag=MONASH species=Sigma_b- pdg=5112 slice=eta_lt_1 p=4 a=5 file=/data/alice/ipardoza/hadronization_production/HF_RUN3_V1/raw/MONASH/hf_MONASH_job297.root
SIGMAB_COUNTS tag=MONASH species=Sigma_b- pdg=5112 slice=eta_1_2 p=3 a=5 file=/data/alice/ipardoza/hadronization_production/HF_RUN3_V1/raw/MONASH/hf_MONASH_job297.root
SIGMAB_COUNTS tag=MONASH species=Sigma_b- pdg=5112 slice=eta_ge_2 p=27 a=10 file=/data/alice/ipardoza/hadronization_production/HF_RUN3_V1/raw/MONASH/hf_MONASH_job297.root
SIGMAB_COUNTS tag=MONASH species=Sigma*_b+ pdg=5224 slice=all p=51 a=52 file=/data/alice/ipardoza/hadronization_production/HF_RUN3_V1/raw/MONASH/hf_MONASH_job297.root
SIGMAB_COUNTS tag=MONASH species=Sigma*_b+ pdg=5224 slice=eta_lt_1 p=12 a=8 file=/data/alice/ipardoza/hadronization_production/HF_RUN3_V1/raw/MONASH/hf_MONASH_job297.root
SIGMAB_COUNTS tag=MONASH species=Sigma*_b+ pdg=5224 slice=eta_1_2 p=5 a=11 file=/data/alice/ipardoza/hadronization_production/HF_RUN3_V1/raw/MONASH/hf_MONASH_job297.root
SIGMAB_COUNTS tag=MONASH species=Sigma*_b+ pdg=5224 slice=eta_ge_2 p=34 a=33 file=/data/alice/ipardoza/hadronization_production/HF_RUN3_V1/raw/MONASH/hf_MONASH_job297.root
SIGMAB_COUNTS tag=MONASH species=Sigma*_b0 pdg=5214 slice=all p=60 a=41 file=/data/alice/ipardoza/hadronization_production/HF_RUN3_V1/raw/MONASH/hf_MONASH_job297.root
SIGMAB_COUNTS tag=MONASH species=Sigma*_b0 pdg=5214 slice=eta_lt_1 p=7 a=7 file=/data/alice/ipardoza/hadronization_production/HF_RUN3_V1/raw/MONASH/hf_MONASH_job297.root
SIGMAB_COUNTS tag=MONASH species=Sigma*_b0 pdg=5214 slice=eta_1_2 p=14 a=7 file=/data/alice/ipardoza/hadronization_production/HF_RUN3_V1/raw/MONASH/hf_MONASH_job297.root
SIGMAB_COUNTS tag=MONASH species=Sigma*_b0 pdg=5214 slice=eta_ge_2 p=39 a=27 file=/data/alice/ipardoza/hadronization_production/HF_RUN3_V1/raw/MONASH/hf_MONASH_job297.root
SIGMAB_COUNTS tag=MONASH species=Sigma*_b- pdg=5114 slice=all p=51 a=37 file=/data/alice/ipardoza/hadronization_production/HF_RUN3_V1/raw/MONASH/hf_MONASH_job297.root
SIGMAB_COUNTS tag=MONASH species=Sigma*_b- pdg=5114 slice=eta_lt_1 p=11 a=9 file=/data/alice/ipardoza/hadronization_production/HF_RUN3_V1/raw/MONASH/hf_MONASH_job297.root
SIGMAB_COUNTS tag=MONASH species=Sigma*_b- pdg=5114 slice=eta_1_2 p=8 a=6 file=/data/alice/ipardoza/hadronization_production/HF_RUN3_V1/raw/MONASH/hf_MONASH_job297.root
SIGMAB_COUNTS tag=MONASH species=Sigma*_b- pdg=5114 slice=eta_ge_2 p=32 a=22 file=/data/alice/ipardoza/hadronization_production/HF_RUN3_V1/raw/MONASH/hf_MONASH_job297.root
SIGMAB_COUNTS tag=MONASH species=Lambda_b0 pdg=5122 slice=all p=302 a=297 file=/data/alice/ipardoza/hadronization_production/HF_RUN3_V1/raw/MONASH/hf_MONASH_job297.root
SIGMAB_COUNTS tag=MONASH species=Lambda_b0 pdg=5122 slice=eta_lt_1 p=50 a=54 file=/data/alice/ipardoza/hadronization_production/HF_RUN3_V1/raw/MONASH/hf_MONASH_job297.root
SIGMAB_COUNTS tag=MONASH species=Lambda_b0 pdg=5122 slice=eta_1_2 p=67 a=58 file=/data/alice/ipardoza/hadronization_production/HF_RUN3_V1/raw/MONASH/hf_MONASH_job297.root
SIGMAB_COUNTS tag=MONASH species=Lambda_b0 pdg=5122 slice=eta_ge_2 p=185 a=185 file=/data/alice/ipardoza/hadronization_production/HF_RUN3_V1/raw/MONASH/hf_MONASH_job297.root
SIGMAB_COUNTS tag=MONASH species=Xi_b0 pdg=5232 slice=all p=61 a=63 file=/data/alice/ipardoza/hadronization_production/HF_RUN3_V1/raw/MONASH/hf_MONASH_job297.root
SIGMAB_COUNTS tag=MONASH species=Xi_b0 pdg=5232 slice=eta_lt_1 p=8 a=11 file=/data/alice/ipardoza/hadronization_production/HF_RUN3_V1/raw/MONASH/hf_MONASH_job297.root
SIGMAB_COUNTS tag=MONASH species=Xi_b0 pdg=5232 slice=eta_1_2 p=19 a=18 file=/data/alice/ipardoza/hadronization_production/HF_RUN3_V1/raw/MONASH/hf_MONASH_job297.root
SIGMAB_COUNTS tag=MONASH species=Xi_b0 pdg=5232 slice=eta_ge_2 p=34 a=34 file=/data/alice/ipardoza/hadronization_production/HF_RUN3_V1/raw/MONASH/hf_MONASH_job297.root
SIGMAB_COUNTS tag=MONASH species=Xi_b- pdg=5132 slice=all p=46 a=54 file=/data/alice/ipardoza/hadronization_production/HF_RUN3_V1/raw/MONASH/hf_MONASH_job297.root
SIGMAB_COUNTS tag=MONASH species=Xi_b- pdg=5132 slice=eta_lt_1 p=7 a=11 file=/data/alice/ipardoza/hadronization_production/HF_RUN3_V1/raw/MONASH/hf_MONASH_job297.root
SIGMAB_COUNTS tag=MONASH species=Xi_b- pdg=5132 slice=eta_1_2 p=13 a=9 file=/data/alice/ipardoza/hadronization_production/HF_RUN3_V1/raw/MONASH/hf_MONASH_job297.root
SIGMAB_COUNTS tag=MONASH species=Xi_b- pdg=5132 slice=eta_ge_2 p=26 a=34 file=/data/alice/ipardoza/hadronization_production/HF_RUN3_V1/raw/MONASH/hf_MONASH_job297.root
SIGMAB_COUNTS tag=MONASH species=Sigma_b+ pdg=5222 slice=all p=39 a=13 file=/data/alice/ipardoza/hadronization_production/HF_RUN3_V1/raw/MONASH/hf_MONASH_job298.root
SIGMAB_COUNTS tag=MONASH species=Sigma_b+ pdg=5222 slice=eta_lt_1 p=6 a=1 file=/data/alice/ipardoza/hadronization_production/HF_RUN3_V1/raw/MONASH/hf_MONASH_job298.root
SIGMAB_COUNTS tag=MONASH species=Sigma_b+ pdg=5222 slice=eta_1_2 p=5 a=3 file=/data/alice/ipardoza/hadronization_production/HF_RUN3_V1/raw/MONASH/hf_MONASH_job298.root
SIGMAB_COUNTS tag=MONASH species=Sigma_b+ pdg=5222 slice=eta_ge_2 p=28 a=9 file=/data/alice/ipardoza/hadronization_production/HF_RUN3_V1/raw/MONASH/hf_MONASH_job298.root
SIGMAB_COUNTS tag=MONASH species=Sigma_b0 pdg=5212 slice=all p=33 a=20 file=/data/alice/ipardoza/hadronization_production/HF_RUN3_V1/raw/MONASH/hf_MONASH_job298.root
SIGMAB_COUNTS tag=MONASH species=Sigma_b0 pdg=5212 slice=eta_lt_1 p=8 a=6 file=/data/alice/ipardoza/hadronization_production/HF_RUN3_V1/raw/MONASH/hf_MONASH_job298.root
SIGMAB_COUNTS tag=MONASH species=Sigma_b0 pdg=5212 slice=eta_1_2 p=6 a=3 file=/data/alice/ipardoza/hadronization_production/HF_RUN3_V1/raw/MONASH/hf_MONASH_job298.root
SIGMAB_COUNTS tag=MONASH species=Sigma_b0 pdg=5212 slice=eta_ge_2 p=19 a=11 file=/data/alice/ipardoza/hadronization_production/HF_RUN3_V1/raw/MONASH/hf_MONASH_job298.root
SIGMAB_COUNTS tag=MONASH species=Sigma_b- pdg=5112 slice=all p=41 a=21 file=/data/alice/ipardoza/hadronization_production/HF_RUN3_V1/raw/MONASH/hf_MONASH_job298.root
SIGMAB_COUNTS tag=MONASH species=Sigma_b- pdg=5112 slice=eta_lt_1 p=6 a=5 file=/data/alice/ipardoza/hadronization_production/HF_RUN3_V1/raw/MONASH/hf_MONASH_job298.root
SIGMAB_COUNTS tag=MONASH species=Sigma_b- pdg=5112 slice=eta_1_2 p=11 a=2 file=/data/alice/ipardoza/hadronization_production/HF_RUN3_V1/raw/MONASH/hf_MONASH_job298.root
SIGMAB_COUNTS tag=MONASH species=Sigma_b- pdg=5112 slice=eta_ge_2 p=24 a=14 file=/data/alice/ipardoza/hadronization_production/HF_RUN3_V1/raw/MONASH/hf_MONASH_job298.root
SIGMAB_COUNTS tag=MONASH species=Sigma*_b+ pdg=5224 slice=all p=48 a=50 file=/data/alice/ipardoza/hadronization_production/HF_RUN3_V1/raw/MONASH/hf_MONASH_job298.root
SIGMAB_COUNTS tag=MONASH species=Sigma*_b+ pdg=5224 slice=eta_lt_1 p=9 a=8 file=/data/alice/ipardoza/hadronization_production/HF_RUN3_V1/raw/MONASH/hf_MONASH_job298.root
SIGMAB_COUNTS tag=MONASH species=Sigma*_b+ pdg=5224 slice=eta_1_2 p=5 a=13 file=/data/alice/ipardoza/hadronization_production/HF_RUN3_V1/raw/MONASH/hf_MONASH_job298.root
SIGMAB_COUNTS tag=MONASH species=Sigma*_b+ pdg=5224 slice=eta_ge_2 p=34 a=29 file=/data/alice/ipardoza/hadronization_production/HF_RUN3_V1/raw/MONASH/hf_MONASH_job298.root
SIGMAB_COUNTS tag=MONASH species=Sigma*_b0 pdg=5214 slice=all p=48 a=36 file=/data/alice/ipardoza/hadronization_production/HF_RUN3_V1/raw/MONASH/hf_MONASH_job298.root
SIGMAB_COUNTS tag=MONASH species=Sigma*_b0 pdg=5214 slice=eta_lt_1 p=5 a=5 file=/data/alice/ipardoza/hadronization_production/HF_RUN3_V1/raw/MONASH/hf_MONASH_job298.root
SIGMAB_COUNTS tag=MONASH species=Sigma*_b0 pdg=5214 slice=eta_1_2 p=12 a=12 file=/data/alice/ipardoza/hadronization_production/HF_RUN3_V1/raw/MONASH/hf_MONASH_job298.root
SIGMAB_COUNTS tag=MONASH species=Sigma*_b0 pdg=5214 slice=eta_ge_2 p=31 a=19 file=/data/alice/ipardoza/hadronization_production/HF_RUN3_V1/raw/MONASH/hf_MONASH_job298.root
SIGMAB_COUNTS tag=MONASH species=Sigma*_b- pdg=5114 slice=all p=39 a=43 file=/data/alice/ipardoza/hadronization_production/HF_RUN3_V1/raw/MONASH/hf_MONASH_job298.root
SIGMAB_COUNTS tag=MONASH species=Sigma*_b- pdg=5114 slice=eta_lt_1 p=7 a=10 file=/data/alice/ipardoza/hadronization_production/HF_RUN3_V1/raw/MONASH/hf_MONASH_job298.root
SIGMAB_COUNTS tag=MONASH species=Sigma*_b- pdg=5114 slice=eta_1_2 p=8 a=13 file=/data/alice/ipardoza/hadronization_production/HF_RUN3_V1/raw/MONASH/hf_MONASH_job298.root
SIGMAB_COUNTS tag=MONASH species=Sigma*_b- pdg=5114 slice=eta_ge_2 p=24 a=20 file=/data/alice/ipardoza/hadronization_production/HF_RUN3_V1/raw/MONASH/hf_MONASH_job298.root
SIGMAB_COUNTS tag=MONASH species=Lambda_b0 pdg=5122 slice=all p=353 a=280 file=/data/alice/ipardoza/hadronization_production/HF_RUN3_V1/raw/MONASH/hf_MONASH_job298.root
SIGMAB_COUNTS tag=MONASH species=Lambda_b0 pdg=5122 slice=eta_lt_1 p=56 a=62 file=/data/alice/ipardoza/hadronization_production/HF_RUN3_V1/raw/MONASH/hf_MONASH_job298.root
SIGMAB_COUNTS tag=MONASH species=Lambda_b0 pdg=5122 slice=eta_1_2 p=86 a=66 file=/data/alice/ipardoza/hadronization_production/HF_RUN3_V1/raw/MONASH/hf_MONASH_job298.root
SIGMAB_COUNTS tag=MONASH species=Lambda_b0 pdg=5122 slice=eta_ge_2 p=211 a=152 file=/data/alice/ipardoza/hadronization_production/HF_RUN3_V1/raw/MONASH/hf_MONASH_job298.root
SIGMAB_COUNTS tag=MONASH species=Xi_b0 pdg=5232 slice=all p=53 a=45 file=/data/alice/ipardoza/hadronization_production/HF_RUN3_V1/raw/MONASH/hf_MONASH_job298.root
SIGMAB_COUNTS tag=MONASH species=Xi_b0 pdg=5232 slice=eta_lt_1 p=7 a=7 file=/data/alice/ipardoza/hadronization_production/HF_RUN3_V1/raw/MONASH/hf_MONASH_job298.root
SIGMAB_COUNTS tag=MONASH species=Xi_b0 pdg=5232 slice=eta_1_2 p=12 a=12 file=/data/alice/ipardoza/hadronization_production/HF_RUN3_V1/raw/MONASH/hf_MONASH_job298.root
SIGMAB_COUNTS tag=MONASH species=Xi_b0 pdg=5232 slice=eta_ge_2 p=34 a=26 file=/data/alice/ipardoza/hadronization_production/HF_RUN3_V1/raw/MONASH/hf_MONASH_job298.root
SIGMAB_COUNTS tag=MONASH species=Xi_b- pdg=5132 slice=all p=53 a=62 file=/data/alice/ipardoza/hadronization_production/HF_RUN3_V1/raw/MONASH/hf_MONASH_job298.root
SIGMAB_COUNTS tag=MONASH species=Xi_b- pdg=5132 slice=eta_lt_1 p=14 a=15 file=/data/alice/ipardoza/hadronization_production/HF_RUN3_V1/raw/MONASH/hf_MONASH_job298.root
SIGMAB_COUNTS tag=MONASH species=Xi_b- pdg=5132 slice=eta_1_2 p=15 a=17 file=/data/alice/ipardoza/hadronization_production/HF_RUN3_V1/raw/MONASH/hf_MONASH_job298.root
SIGMAB_COUNTS tag=MONASH species=Xi_b- pdg=5132 slice=eta_ge_2 p=24 a=30 file=/data/alice/ipardoza/hadronization_production/HF_RUN3_V1/raw/MONASH/hf_MONASH_job298.root
SIGMAB_COUNTS tag=MONASH species=Sigma_b+ pdg=5222 slice=all p=34 a=16 file=/data/alice/ipardoza/hadronization_production/HF_RUN3_V1/raw/MONASH/hf_MONASH_job299.root
SIGMAB_COUNTS tag=MONASH species=Sigma_b+ pdg=5222 slice=eta_lt_1 p=3 a=3 file=/data/alice/ipardoza/hadronization_production/HF_RUN3_V1/raw/MONASH/hf_MONASH_job299.root
SIGMAB_COUNTS tag=MONASH species=Sigma_b+ pdg=5222 slice=eta_1_2 p=3 a=4 file=/data/alice/ipardoza/hadronization_production/HF_RUN3_V1/raw/MONASH/hf_MONASH_job299.root
SIGMAB_COUNTS tag=MONASH species=Sigma_b+ pdg=5222 slice=eta_ge_2 p=28 a=9 file=/data/alice/ipardoza/hadronization_production/HF_RUN3_V1/raw/MONASH/hf_MONASH_job299.root
SIGMAB_COUNTS tag=MONASH species=Sigma_b0 pdg=5212 slice=all p=40 a=23 file=/data/alice/ipardoza/hadronization_production/HF_RUN3_V1/raw/MONASH/hf_MONASH_job299.root
SIGMAB_COUNTS tag=MONASH species=Sigma_b0 pdg=5212 slice=eta_lt_1 p=4 a=5 file=/data/alice/ipardoza/hadronization_production/HF_RUN3_V1/raw/MONASH/hf_MONASH_job299.root
SIGMAB_COUNTS tag=MONASH species=Sigma_b0 pdg=5212 slice=eta_1_2 p=8 a=4 file=/data/alice/ipardoza/hadronization_production/HF_RUN3_V1/raw/MONASH/hf_MONASH_job299.root
SIGMAB_COUNTS tag=MONASH species=Sigma_b0 pdg=5212 slice=eta_ge_2 p=28 a=14 file=/data/alice/ipardoza/hadronization_production/HF_RUN3_V1/raw/MONASH/hf_MONASH_job299.root
SIGMAB_COUNTS tag=MONASH species=Sigma_b- pdg=5112 slice=all p=31 a=21 file=/data/alice/ipardoza/hadronization_production/HF_RUN3_V1/raw/MONASH/hf_MONASH_job299.root
SIGMAB_COUNTS tag=MONASH species=Sigma_b- pdg=5112 slice=eta_lt_1 p=4 a=5 file=/data/alice/ipardoza/hadronization_production/HF_RUN3_V1/raw/MONASH/hf_MONASH_job299.root
SIGMAB_COUNTS tag=MONASH species=Sigma_b- pdg=5112 slice=eta_1_2 p=6 a=4 file=/data/alice/ipardoza/hadronization_production/HF_RUN3_V1/raw/MONASH/hf_MONASH_job299.root
SIGMAB_COUNTS tag=MONASH species=Sigma_b- pdg=5112 slice=eta_ge_2 p=21 a=12 file=/data/alice/ipardoza/hadronization_production/HF_RUN3_V1/raw/MONASH/hf_MONASH_job299.root
SIGMAB_COUNTS tag=MONASH species=Sigma*_b+ pdg=5224 slice=all p=52 a=49 file=/data/alice/ipardoza/hadronization_production/HF_RUN3_V1/raw/MONASH/hf_MONASH_job299.root
SIGMAB_COUNTS tag=MONASH species=Sigma*_b+ pdg=5224 slice=eta_lt_1 p=9 a=9 file=/data/alice/ipardoza/hadronization_production/HF_RUN3_V1/raw/MONASH/hf_MONASH_job299.root
SIGMAB_COUNTS tag=MONASH species=Sigma*_b+ pdg=5224 slice=eta_1_2 p=9 a=13 file=/data/alice/ipardoza/hadronization_production/HF_RUN3_V1/raw/MONASH/hf_MONASH_job299.root
SIGMAB_COUNTS tag=MONASH species=Sigma*_b+ pdg=5224 slice=eta_ge_2 p=34 a=27 file=/data/alice/ipardoza/hadronization_production/HF_RUN3_V1/raw/MONASH/hf_MONASH_job299.root
SIGMAB_COUNTS tag=MONASH species=Sigma*_b0 pdg=5214 slice=all p=43 a=41 file=/data/alice/ipardoza/hadronization_production/HF_RUN3_V1/raw/MONASH/hf_MONASH_job299.root
SIGMAB_COUNTS tag=MONASH species=Sigma*_b0 pdg=5214 slice=eta_lt_1 p=5 a=8 file=/data/alice/ipardoza/hadronization_production/HF_RUN3_V1/raw/MONASH/hf_MONASH_job299.root
SIGMAB_COUNTS tag=MONASH species=Sigma*_b0 pdg=5214 slice=eta_1_2 p=9 a=8 file=/data/alice/ipardoza/hadronization_production/HF_RUN3_V1/raw/MONASH/hf_MONASH_job299.root
SIGMAB_COUNTS tag=MONASH species=Sigma*_b0 pdg=5214 slice=eta_ge_2 p=29 a=25 file=/data/alice/ipardoza/hadronization_production/HF_RUN3_V1/raw/MONASH/hf_MONASH_job299.root
SIGMAB_COUNTS tag=MONASH species=Sigma*_b- pdg=5114 slice=all p=50 a=41 file=/data/alice/ipardoza/hadronization_production/HF_RUN3_V1/raw/MONASH/hf_MONASH_job299.root
SIGMAB_COUNTS tag=MONASH species=Sigma*_b- pdg=5114 slice=eta_lt_1 p=12 a=4 file=/data/alice/ipardoza/hadronization_production/HF_RUN3_V1/raw/MONASH/hf_MONASH_job299.root
SIGMAB_COUNTS tag=MONASH species=Sigma*_b- pdg=5114 slice=eta_1_2 p=10 a=7 file=/data/alice/ipardoza/hadronization_production/HF_RUN3_V1/raw/MONASH/hf_MONASH_job299.root
SIGMAB_COUNTS tag=MONASH species=Sigma*_b- pdg=5114 slice=eta_ge_2 p=28 a=30 file=/data/alice/ipardoza/hadronization_production/HF_RUN3_V1/raw/MONASH/hf_MONASH_job299.root
SIGMAB_COUNTS tag=MONASH species=Lambda_b0 pdg=5122 slice=all p=303 a=301 file=/data/alice/ipardoza/hadronization_production/HF_RUN3_V1/raw/MONASH/hf_MONASH_job299.root
SIGMAB_COUNTS tag=MONASH species=Lambda_b0 pdg=5122 slice=eta_lt_1 p=53 a=55 file=/data/alice/ipardoza/hadronization_production/HF_RUN3_V1/raw/MONASH/hf_MONASH_job299.root
SIGMAB_COUNTS tag=MONASH species=Lambda_b0 pdg=5122 slice=eta_1_2 p=70 a=58 file=/data/alice/ipardoza/hadronization_production/HF_RUN3_V1/raw/MONASH/hf_MONASH_job299.root
SIGMAB_COUNTS tag=MONASH species=Lambda_b0 pdg=5122 slice=eta_ge_2 p=180 a=188 file=/data/alice/ipardoza/hadronization_production/HF_RUN3_V1/raw/MONASH/hf_MONASH_job299.root
SIGMAB_COUNTS tag=MONASH species=Xi_b0 pdg=5232 slice=all p=63 a=58 file=/data/alice/ipardoza/hadronization_production/HF_RUN3_V1/raw/MONASH/hf_MONASH_job299.root
SIGMAB_COUNTS tag=MONASH species=Xi_b0 pdg=5232 slice=eta_lt_1 p=13 a=6 file=/data/alice/ipardoza/hadronization_production/HF_RUN3_V1/raw/MONASH/hf_MONASH_job299.root
SIGMAB_COUNTS tag=MONASH species=Xi_b0 pdg=5232 slice=eta_1_2 p=11 a=16 file=/data/alice/ipardoza/hadronization_production/HF_RUN3_V1/raw/MONASH/hf_MONASH_job299.root
SIGMAB_COUNTS tag=MONASH species=Xi_b0 pdg=5232 slice=eta_ge_2 p=39 a=36 file=/data/alice/ipardoza/hadronization_production/HF_RUN3_V1/raw/MONASH/hf_MONASH_job299.root
SIGMAB_COUNTS tag=MONASH species=Xi_b- pdg=5132 slice=all p=59 a=57 file=/data/alice/ipardoza/hadronization_production/HF_RUN3_V1/raw/MONASH/hf_MONASH_job299.root
SIGMAB_COUNTS tag=MONASH species=Xi_b- pdg=5132 slice=eta_lt_1 p=10 a=8 file=/data/alice/ipardoza/hadronization_production/HF_RUN3_V1/raw/MONASH/hf_MONASH_job299.root
SIGMAB_COUNTS tag=MONASH species=Xi_b- pdg=5132 slice=eta_1_2 p=13 a=17 file=/data/alice/ipardoza/hadronization_production/HF_RUN3_V1/raw/MONASH/hf_MONASH_job299.root
SIGMAB_COUNTS tag=MONASH species=Xi_b- pdg=5132 slice=eta_ge_2 p=36 a=32 file=/data/alice/ipardoza/hadronization_production/HF_RUN3_V1/raw/MONASH/hf_MONASH_job299.root
# files_processed=100
# count_lines=3600
# finished=2026-08-11T19:55:46+02:00
# expected_count_lines=3600
