# host=wn-lot-051.nikhef.nl
# started=2026-08-11T19:28:41+02:00
# block=09
# checkout=43e35be876dd5d881a931cb845ab490ab9b97509
# macro_sha=dbe1434f4681a08d99a9b0012d2d23a5b7287cd11c369493404dbde6a2ba8c15
# production_raw=/data/alice/ipardoza/hadronization_production/HF_RUN3_V1/raw/MONASH
# tune=MONASH
SIGMAB_COUNTS tag=MONASH species=Sigma_b+ pdg=5222 slice=all p=37 a=16 file=/data/alice/ipardoza/hadronization_production/HF_RUN3_V1/raw/MONASH/hf_MONASH_job800.root
SIGMAB_COUNTS tag=MONASH species=Sigma_b+ pdg=5222 slice=eta_lt_1 p=6 a=4 file=/data/alice/ipardoza/hadronization_production/HF_RUN3_V1/raw/MONASH/hf_MONASH_job800.root
SIGMAB_COUNTS tag=MONASH species=Sigma_b+ pdg=5222 slice=eta_1_2 p=6 a=1 file=/data/alice/ipardoza/hadronization_production/HF_RUN3_V1/raw/MONASH/hf_MONASH_job800.root
SIGMAB_COUNTS tag=MONASH species=Sigma_b+ pdg=5222 slice=eta_ge_2 p=25 a=11 file=/data/alice/ipardoza/hadronization_production/HF_RUN3_V1/raw/MONASH/hf_MONASH_job800.root
SIGMAB_COUNTS tag=MONASH species=Sigma_b0 pdg=5212 slice=all p=43 a=20 file=/data/alice/ipardoza/hadronization_production/HF_RUN3_V1/raw/MONASH/hf_MONASH_job800.root
SIGMAB_COUNTS tag=MONASH species=Sigma_b0 pdg=5212 slice=eta_lt_1 p=6 a=3 file=/data/alice/ipardoza/hadronization_production/HF_RUN3_V1/raw/MONASH/hf_MONASH_job800.root
SIGMAB_COUNTS tag=MONASH species=Sigma_b0 pdg=5212 slice=eta_1_2 p=10 a=4 file=/data/alice/ipardoza/hadronization_production/HF_RUN3_V1/raw/MONASH/hf_MONASH_job800.root
SIGMAB_COUNTS tag=MONASH species=Sigma_b0 pdg=5212 slice=eta_ge_2 p=27 a=13 file=/data/alice/ipardoza/hadronization_production/HF_RUN3_V1/raw/MONASH/hf_MONASH_job800.root
SIGMAB_COUNTS tag=MONASH species=Sigma_b- pdg=5112 slice=all p=37 a=16 file=/data/alice/ipardoza/hadronization_production/HF_RUN3_V1/raw/MONASH/hf_MONASH_job800.root
SIGMAB_COUNTS tag=MONASH species=Sigma_b- pdg=5112 slice=eta_lt_1 p=7 a=3 file=/data/alice/ipardoza/hadronization_production/HF_RUN3_V1/raw/MONASH/hf_MONASH_job800.root
SIGMAB_COUNTS tag=MONASH species=Sigma_b- pdg=5112 slice=eta_1_2 p=4 a=6 file=/data/alice/ipardoza/hadronization_production/HF_RUN3_V1/raw/MONASH/hf_MONASH_job800.root
SIGMAB_COUNTS tag=MONASH species=Sigma_b- pdg=5112 slice=eta_ge_2 p=26 a=7 file=/data/alice/ipardoza/hadronization_production/HF_RUN3_V1/raw/MONASH/hf_MONASH_job800.root
SIGMAB_COUNTS tag=MONASH species=Sigma*_b+ pdg=5224 slice=all p=61 a=41 file=/data/alice/ipardoza/hadronization_production/HF_RUN3_V1/raw/MONASH/hf_MONASH_job800.root
SIGMAB_COUNTS tag=MONASH species=Sigma*_b+ pdg=5224 slice=eta_lt_1 p=6 a=7 file=/data/alice/ipardoza/hadronization_production/HF_RUN3_V1/raw/MONASH/hf_MONASH_job800.root
SIGMAB_COUNTS tag=MONASH species=Sigma*_b+ pdg=5224 slice=eta_1_2 p=13 a=4 file=/data/alice/ipardoza/hadronization_production/HF_RUN3_V1/raw/MONASH/hf_MONASH_job800.root
SIGMAB_COUNTS tag=MONASH species=Sigma*_b+ pdg=5224 slice=eta_ge_2 p=42 a=30 file=/data/alice/ipardoza/hadronization_production/HF_RUN3_V1/raw/MONASH/hf_MONASH_job800.root
SIGMAB_COUNTS tag=MONASH species=Sigma*_b0 pdg=5214 slice=all p=63 a=29 file=/data/alice/ipardoza/hadronization_production/HF_RUN3_V1/raw/MONASH/hf_MONASH_job800.root
SIGMAB_COUNTS tag=MONASH species=Sigma*_b0 pdg=5214 slice=eta_lt_1 p=11 a=4 file=/data/alice/ipardoza/hadronization_production/HF_RUN3_V1/raw/MONASH/hf_MONASH_job800.root
SIGMAB_COUNTS tag=MONASH species=Sigma*_b0 pdg=5214 slice=eta_1_2 p=13 a=6 file=/data/alice/ipardoza/hadronization_production/HF_RUN3_V1/raw/MONASH/hf_MONASH_job800.root
SIGMAB_COUNTS tag=MONASH species=Sigma*_b0 pdg=5214 slice=eta_ge_2 p=39 a=19 file=/data/alice/ipardoza/hadronization_production/HF_RUN3_V1/raw/MONASH/hf_MONASH_job800.root
SIGMAB_COUNTS tag=MONASH species=Sigma*_b- pdg=5114 slice=all p=51 a=47 file=/data/alice/ipardoza/hadronization_production/HF_RUN3_V1/raw/MONASH/hf_MONASH_job800.root
SIGMAB_COUNTS tag=MONASH species=Sigma*_b- pdg=5114 slice=eta_lt_1 p=8 a=13 file=/data/alice/ipardoza/hadronization_production/HF_RUN3_V1/raw/MONASH/hf_MONASH_job800.root
SIGMAB_COUNTS tag=MONASH species=Sigma*_b- pdg=5114 slice=eta_1_2 p=10 a=6 file=/data/alice/ipardoza/hadronization_production/HF_RUN3_V1/raw/MONASH/hf_MONASH_job800.root
SIGMAB_COUNTS tag=MONASH species=Sigma*_b- pdg=5114 slice=eta_ge_2 p=33 a=28 file=/data/alice/ipardoza/hadronization_production/HF_RUN3_V1/raw/MONASH/hf_MONASH_job800.root
SIGMAB_COUNTS tag=MONASH species=Lambda_b0 pdg=5122 slice=all p=324 a=291 file=/data/alice/ipardoza/hadronization_production/HF_RUN3_V1/raw/MONASH/hf_MONASH_job800.root
SIGMAB_COUNTS tag=MONASH species=Lambda_b0 pdg=5122 slice=eta_lt_1 p=57 a=61 file=/data/alice/ipardoza/hadronization_production/HF_RUN3_V1/raw/MONASH/hf_MONASH_job800.root
SIGMAB_COUNTS tag=MONASH species=Lambda_b0 pdg=5122 slice=eta_1_2 p=65 a=63 file=/data/alice/ipardoza/hadronization_production/HF_RUN3_V1/raw/MONASH/hf_MONASH_job800.root
SIGMAB_COUNTS tag=MONASH species=Lambda_b0 pdg=5122 slice=eta_ge_2 p=202 a=167 file=/data/alice/ipardoza/hadronization_production/HF_RUN3_V1/raw/MONASH/hf_MONASH_job800.root
SIGMAB_COUNTS tag=MONASH species=Xi_b0 pdg=5232 slice=all p=56 a=55 file=/data/alice/ipardoza/hadronization_production/HF_RUN3_V1/raw/MONASH/hf_MONASH_job800.root
SIGMAB_COUNTS tag=MONASH species=Xi_b0 pdg=5232 slice=eta_lt_1 p=10 a=12 file=/data/alice/ipardoza/hadronization_production/HF_RUN3_V1/raw/MONASH/hf_MONASH_job800.root
SIGMAB_COUNTS tag=MONASH species=Xi_b0 pdg=5232 slice=eta_1_2 p=6 a=14 file=/data/alice/ipardoza/hadronization_production/HF_RUN3_V1/raw/MONASH/hf_MONASH_job800.root
SIGMAB_COUNTS tag=MONASH species=Xi_b0 pdg=5232 slice=eta_ge_2 p=40 a=29 file=/data/alice/ipardoza/hadronization_production/HF_RUN3_V1/raw/MONASH/hf_MONASH_job800.root
SIGMAB_COUNTS tag=MONASH species=Xi_b- pdg=5132 slice=all p=55 a=58 file=/data/alice/ipardoza/hadronization_production/HF_RUN3_V1/raw/MONASH/hf_MONASH_job800.root
SIGMAB_COUNTS tag=MONASH species=Xi_b- pdg=5132 slice=eta_lt_1 p=6 a=13 file=/data/alice/ipardoza/hadronization_production/HF_RUN3_V1/raw/MONASH/hf_MONASH_job800.root
SIGMAB_COUNTS tag=MONASH species=Xi_b- pdg=5132 slice=eta_1_2 p=12 a=12 file=/data/alice/ipardoza/hadronization_production/HF_RUN3_V1/raw/MONASH/hf_MONASH_job800.root
SIGMAB_COUNTS tag=MONASH species=Xi_b- pdg=5132 slice=eta_ge_2 p=37 a=33 file=/data/alice/ipardoza/hadronization_production/HF_RUN3_V1/raw/MONASH/hf_MONASH_job800.root
SIGMAB_COUNTS tag=MONASH species=Sigma_b+ pdg=5222 slice=all p=35 a=17 file=/data/alice/ipardoza/hadronization_production/HF_RUN3_V1/raw/MONASH/hf_MONASH_job801.root
SIGMAB_COUNTS tag=MONASH species=Sigma_b+ pdg=5222 slice=eta_lt_1 p=7 a=3 file=/data/alice/ipardoza/hadronization_production/HF_RUN3_V1/raw/MONASH/hf_MONASH_job801.root
SIGMAB_COUNTS tag=MONASH species=Sigma_b+ pdg=5222 slice=eta_1_2 p=8 a=5 file=/data/alice/ipardoza/hadronization_production/HF_RUN3_V1/raw/MONASH/hf_MONASH_job801.root
SIGMAB_COUNTS tag=MONASH species=Sigma_b+ pdg=5222 slice=eta_ge_2 p=20 a=9 file=/data/alice/ipardoza/hadronization_production/HF_RUN3_V1/raw/MONASH/hf_MONASH_job801.root
SIGMAB_COUNTS tag=MONASH species=Sigma_b0 pdg=5212 slice=all p=36 a=17 file=/data/alice/ipardoza/hadronization_production/HF_RUN3_V1/raw/MONASH/hf_MONASH_job801.root
SIGMAB_COUNTS tag=MONASH species=Sigma_b0 pdg=5212 slice=eta_lt_1 p=6 a=1 file=/data/alice/ipardoza/hadronization_production/HF_RUN3_V1/raw/MONASH/hf_MONASH_job801.root
SIGMAB_COUNTS tag=MONASH species=Sigma_b0 pdg=5212 slice=eta_1_2 p=6 a=6 file=/data/alice/ipardoza/hadronization_production/HF_RUN3_V1/raw/MONASH/hf_MONASH_job801.root
SIGMAB_COUNTS tag=MONASH species=Sigma_b0 pdg=5212 slice=eta_ge_2 p=24 a=10 file=/data/alice/ipardoza/hadronization_production/HF_RUN3_V1/raw/MONASH/hf_MONASH_job801.root
SIGMAB_COUNTS tag=MONASH species=Sigma_b- pdg=5112 slice=all p=46 a=22 file=/data/alice/ipardoza/hadronization_production/HF_RUN3_V1/raw/MONASH/hf_MONASH_job801.root
SIGMAB_COUNTS tag=MONASH species=Sigma_b- pdg=5112 slice=eta_lt_1 p=7 a=5 file=/data/alice/ipardoza/hadronization_production/HF_RUN3_V1/raw/MONASH/hf_MONASH_job801.root
SIGMAB_COUNTS tag=MONASH species=Sigma_b- pdg=5112 slice=eta_1_2 p=5 a=3 file=/data/alice/ipardoza/hadronization_production/HF_RUN3_V1/raw/MONASH/hf_MONASH_job801.root
SIGMAB_COUNTS tag=MONASH species=Sigma_b- pdg=5112 slice=eta_ge_2 p=34 a=14 file=/data/alice/ipardoza/hadronization_production/HF_RUN3_V1/raw/MONASH/hf_MONASH_job801.root
SIGMAB_COUNTS tag=MONASH species=Sigma*_b+ pdg=5224 slice=all p=59 a=45 file=/data/alice/ipardoza/hadronization_production/HF_RUN3_V1/raw/MONASH/hf_MONASH_job801.root
SIGMAB_COUNTS tag=MONASH species=Sigma*_b+ pdg=5224 slice=eta_lt_1 p=8 a=9 file=/data/alice/ipardoza/hadronization_production/HF_RUN3_V1/raw/MONASH/hf_MONASH_job801.root
SIGMAB_COUNTS tag=MONASH species=Sigma*_b+ pdg=5224 slice=eta_1_2 p=9 a=12 file=/data/alice/ipardoza/hadronization_production/HF_RUN3_V1/raw/MONASH/hf_MONASH_job801.root
SIGMAB_COUNTS tag=MONASH species=Sigma*_b+ pdg=5224 slice=eta_ge_2 p=42 a=24 file=/data/alice/ipardoza/hadronization_production/HF_RUN3_V1/raw/MONASH/hf_MONASH_job801.root
SIGMAB_COUNTS tag=MONASH species=Sigma*_b0 pdg=5214 slice=all p=39 a=41 file=/data/alice/ipardoza/hadronization_production/HF_RUN3_V1/raw/MONASH/hf_MONASH_job801.root
SIGMAB_COUNTS tag=MONASH species=Sigma*_b0 pdg=5214 slice=eta_lt_1 p=8 a=5 file=/data/alice/ipardoza/hadronization_production/HF_RUN3_V1/raw/MONASH/hf_MONASH_job801.root
SIGMAB_COUNTS tag=MONASH species=Sigma*_b0 pdg=5214 slice=eta_1_2 p=5 a=9 file=/data/alice/ipardoza/hadronization_production/HF_RUN3_V1/raw/MONASH/hf_MONASH_job801.root
SIGMAB_COUNTS tag=MONASH species=Sigma*_b0 pdg=5214 slice=eta_ge_2 p=26 a=27 file=/data/alice/ipardoza/hadronization_production/HF_RUN3_V1/raw/MONASH/hf_MONASH_job801.root
SIGMAB_COUNTS tag=MONASH species=Sigma*_b- pdg=5114 slice=all p=55 a=41 file=/data/alice/ipardoza/hadronization_production/HF_RUN3_V1/raw/MONASH/hf_MONASH_job801.root
SIGMAB_COUNTS tag=MONASH species=Sigma*_b- pdg=5114 slice=eta_lt_1 p=12 a=9 file=/data/alice/ipardoza/hadronization_production/HF_RUN3_V1/raw/MONASH/hf_MONASH_job801.root
SIGMAB_COUNTS tag=MONASH species=Sigma*_b- pdg=5114 slice=eta_1_2 p=13 a=12 file=/data/alice/ipardoza/hadronization_production/HF_RUN3_V1/raw/MONASH/hf_MONASH_job801.root
SIGMAB_COUNTS tag=MONASH species=Sigma*_b- pdg=5114 slice=eta_ge_2 p=30 a=20 file=/data/alice/ipardoza/hadronization_production/HF_RUN3_V1/raw/MONASH/hf_MONASH_job801.root
SIGMAB_COUNTS tag=MONASH species=Lambda_b0 pdg=5122 slice=all p=291 a=293 file=/data/alice/ipardoza/hadronization_production/HF_RUN3_V1/raw/MONASH/hf_MONASH_job801.root
SIGMAB_COUNTS tag=MONASH species=Lambda_b0 pdg=5122 slice=eta_lt_1 p=54 a=53 file=/data/alice/ipardoza/hadronization_production/HF_RUN3_V1/raw/MONASH/hf_MONASH_job801.root
SIGMAB_COUNTS tag=MONASH species=Lambda_b0 pdg=5122 slice=eta_1_2 p=65 a=53 file=/data/alice/ipardoza/hadronization_production/HF_RUN3_V1/raw/MONASH/hf_MONASH_job801.root
SIGMAB_COUNTS tag=MONASH species=Lambda_b0 pdg=5122 slice=eta_ge_2 p=172 a=187 file=/data/alice/ipardoza/hadronization_production/HF_RUN3_V1/raw/MONASH/hf_MONASH_job801.root
SIGMAB_COUNTS tag=MONASH species=Xi_b0 pdg=5232 slice=all p=58 a=69 file=/data/alice/ipardoza/hadronization_production/HF_RUN3_V1/raw/MONASH/hf_MONASH_job801.root
SIGMAB_COUNTS tag=MONASH species=Xi_b0 pdg=5232 slice=eta_lt_1 p=12 a=11 file=/data/alice/ipardoza/hadronization_production/HF_RUN3_V1/raw/MONASH/hf_MONASH_job801.root
SIGMAB_COUNTS tag=MONASH species=Xi_b0 pdg=5232 slice=eta_1_2 p=16 a=16 file=/data/alice/ipardoza/hadronization_production/HF_RUN3_V1/raw/MONASH/hf_MONASH_job801.root
SIGMAB_COUNTS tag=MONASH species=Xi_b0 pdg=5232 slice=eta_ge_2 p=30 a=42 file=/data/alice/ipardoza/hadronization_production/HF_RUN3_V1/raw/MONASH/hf_MONASH_job801.root
SIGMAB_COUNTS tag=MONASH species=Xi_b- pdg=5132 slice=all p=59 a=47 file=/data/alice/ipardoza/hadronization_production/HF_RUN3_V1/raw/MONASH/hf_MONASH_job801.root
SIGMAB_COUNTS tag=MONASH species=Xi_b- pdg=5132 slice=eta_lt_1 p=10 a=8 file=/data/alice/ipardoza/hadronization_production/HF_RUN3_V1/raw/MONASH/hf_MONASH_job801.root
SIGMAB_COUNTS tag=MONASH species=Xi_b- pdg=5132 slice=eta_1_2 p=11 a=9 file=/data/alice/ipardoza/hadronization_production/HF_RUN3_V1/raw/MONASH/hf_MONASH_job801.root
SIGMAB_COUNTS tag=MONASH species=Xi_b- pdg=5132 slice=eta_ge_2 p=38 a=30 file=/data/alice/ipardoza/hadronization_production/HF_RUN3_V1/raw/MONASH/hf_MONASH_job801.root
SIGMAB_COUNTS tag=MONASH species=Sigma_b+ pdg=5222 slice=all p=37 a=22 file=/data/alice/ipardoza/hadronization_production/HF_RUN3_V1/raw/MONASH/hf_MONASH_job802.root
SIGMAB_COUNTS tag=MONASH species=Sigma_b+ pdg=5222 slice=eta_lt_1 p=3 a=5 file=/data/alice/ipardoza/hadronization_production/HF_RUN3_V1/raw/MONASH/hf_MONASH_job802.root
SIGMAB_COUNTS tag=MONASH species=Sigma_b+ pdg=5222 slice=eta_1_2 p=5 a=2 file=/data/alice/ipardoza/hadronization_production/HF_RUN3_V1/raw/MONASH/hf_MONASH_job802.root
SIGMAB_COUNTS tag=MONASH species=Sigma_b+ pdg=5222 slice=eta_ge_2 p=29 a=15 file=/data/alice/ipardoza/hadronization_production/HF_RUN3_V1/raw/MONASH/hf_MONASH_job802.root
SIGMAB_COUNTS tag=MONASH species=Sigma_b0 pdg=5212 slice=all p=39 a=31 file=/data/alice/ipardoza/hadronization_production/HF_RUN3_V1/raw/MONASH/hf_MONASH_job802.root
SIGMAB_COUNTS tag=MONASH species=Sigma_b0 pdg=5212 slice=eta_lt_1 p=9 a=6 file=/data/alice/ipardoza/hadronization_production/HF_RUN3_V1/raw/MONASH/hf_MONASH_job802.root
SIGMAB_COUNTS tag=MONASH species=Sigma_b0 pdg=5212 slice=eta_1_2 p=11 a=7 file=/data/alice/ipardoza/hadronization_production/HF_RUN3_V1/raw/MONASH/hf_MONASH_job802.root
SIGMAB_COUNTS tag=MONASH species=Sigma_b0 pdg=5212 slice=eta_ge_2 p=19 a=18 file=/data/alice/ipardoza/hadronization_production/HF_RUN3_V1/raw/MONASH/hf_MONASH_job802.root
SIGMAB_COUNTS tag=MONASH species=Sigma_b- pdg=5112 slice=all p=36 a=16 file=/data/alice/ipardoza/hadronization_production/HF_RUN3_V1/raw/MONASH/hf_MONASH_job802.root
SIGMAB_COUNTS tag=MONASH species=Sigma_b- pdg=5112 slice=eta_lt_1 p=8 a=1 file=/data/alice/ipardoza/hadronization_production/HF_RUN3_V1/raw/MONASH/hf_MONASH_job802.root
SIGMAB_COUNTS tag=MONASH species=Sigma_b- pdg=5112 slice=eta_1_2 p=5 a=3 file=/data/alice/ipardoza/hadronization_production/HF_RUN3_V1/raw/MONASH/hf_MONASH_job802.root
SIGMAB_COUNTS tag=MONASH species=Sigma_b- pdg=5112 slice=eta_ge_2 p=23 a=12 file=/data/alice/ipardoza/hadronization_production/HF_RUN3_V1/raw/MONASH/hf_MONASH_job802.root
SIGMAB_COUNTS tag=MONASH species=Sigma*_b+ pdg=5224 slice=all p=51 a=51 file=/data/alice/ipardoza/hadronization_production/HF_RUN3_V1/raw/MONASH/hf_MONASH_job802.root
SIGMAB_COUNTS tag=MONASH species=Sigma*_b+ pdg=5224 slice=eta_lt_1 p=17 a=10 file=/data/alice/ipardoza/hadronization_production/HF_RUN3_V1/raw/MONASH/hf_MONASH_job802.root
SIGMAB_COUNTS tag=MONASH species=Sigma*_b+ pdg=5224 slice=eta_1_2 p=7 a=14 file=/data/alice/ipardoza/hadronization_production/HF_RUN3_V1/raw/MONASH/hf_MONASH_job802.root
SIGMAB_COUNTS tag=MONASH species=Sigma*_b+ pdg=5224 slice=eta_ge_2 p=27 a=27 file=/data/alice/ipardoza/hadronization_production/HF_RUN3_V1/raw/MONASH/hf_MONASH_job802.root
SIGMAB_COUNTS tag=MONASH species=Sigma*_b0 pdg=5214 slice=all p=57 a=48 file=/data/alice/ipardoza/hadronization_production/HF_RUN3_V1/raw/MONASH/hf_MONASH_job802.root
SIGMAB_COUNTS tag=MONASH species=Sigma*_b0 pdg=5214 slice=eta_lt_1 p=9 a=11 file=/data/alice/ipardoza/hadronization_production/HF_RUN3_V1/raw/MONASH/hf_MONASH_job802.root
SIGMAB_COUNTS tag=MONASH species=Sigma*_b0 pdg=5214 slice=eta_1_2 p=13 a=10 file=/data/alice/ipardoza/hadronization_production/HF_RUN3_V1/raw/MONASH/hf_MONASH_job802.root
SIGMAB_COUNTS tag=MONASH species=Sigma*_b0 pdg=5214 slice=eta_ge_2 p=35 a=27 file=/data/alice/ipardoza/hadronization_production/HF_RUN3_V1/raw/MONASH/hf_MONASH_job802.root
SIGMAB_COUNTS tag=MONASH species=Sigma*_b- pdg=5114 slice=all p=27 a=29 file=/data/alice/ipardoza/hadronization_production/HF_RUN3_V1/raw/MONASH/hf_MONASH_job802.root
SIGMAB_COUNTS tag=MONASH species=Sigma*_b- pdg=5114 slice=eta_lt_1 p=2 a=8 file=/data/alice/ipardoza/hadronization_production/HF_RUN3_V1/raw/MONASH/hf_MONASH_job802.root
SIGMAB_COUNTS tag=MONASH species=Sigma*_b- pdg=5114 slice=eta_1_2 p=7 a=6 file=/data/alice/ipardoza/hadronization_production/HF_RUN3_V1/raw/MONASH/hf_MONASH_job802.root
SIGMAB_COUNTS tag=MONASH species=Sigma*_b- pdg=5114 slice=eta_ge_2 p=18 a=15 file=/data/alice/ipardoza/hadronization_production/HF_RUN3_V1/raw/MONASH/hf_MONASH_job802.root
SIGMAB_COUNTS tag=MONASH species=Lambda_b0 pdg=5122 slice=all p=322 a=323 file=/data/alice/ipardoza/hadronization_production/HF_RUN3_V1/raw/MONASH/hf_MONASH_job802.root
SIGMAB_COUNTS tag=MONASH species=Lambda_b0 pdg=5122 slice=eta_lt_1 p=68 a=55 file=/data/alice/ipardoza/hadronization_production/HF_RUN3_V1/raw/MONASH/hf_MONASH_job802.root
SIGMAB_COUNTS tag=MONASH species=Lambda_b0 pdg=5122 slice=eta_1_2 p=75 a=85 file=/data/alice/ipardoza/hadronization_production/HF_RUN3_V1/raw/MONASH/hf_MONASH_job802.root
SIGMAB_COUNTS tag=MONASH species=Lambda_b0 pdg=5122 slice=eta_ge_2 p=179 a=183 file=/data/alice/ipardoza/hadronization_production/HF_RUN3_V1/raw/MONASH/hf_MONASH_job802.root
SIGMAB_COUNTS tag=MONASH species=Xi_b0 pdg=5232 slice=all p=58 a=60 file=/data/alice/ipardoza/hadronization_production/HF_RUN3_V1/raw/MONASH/hf_MONASH_job802.root
SIGMAB_COUNTS tag=MONASH species=Xi_b0 pdg=5232 slice=eta_lt_1 p=15 a=7 file=/data/alice/ipardoza/hadronization_production/HF_RUN3_V1/raw/MONASH/hf_MONASH_job802.root
SIGMAB_COUNTS tag=MONASH species=Xi_b0 pdg=5232 slice=eta_1_2 p=9 a=13 file=/data/alice/ipardoza/hadronization_production/HF_RUN3_V1/raw/MONASH/hf_MONASH_job802.root
SIGMAB_COUNTS tag=MONASH species=Xi_b0 pdg=5232 slice=eta_ge_2 p=34 a=40 file=/data/alice/ipardoza/hadronization_production/HF_RUN3_V1/raw/MONASH/hf_MONASH_job802.root
SIGMAB_COUNTS tag=MONASH species=Xi_b- pdg=5132 slice=all p=64 a=49 file=/data/alice/ipardoza/hadronization_production/HF_RUN3_V1/raw/MONASH/hf_MONASH_job802.root
SIGMAB_COUNTS tag=MONASH species=Xi_b- pdg=5132 slice=eta_lt_1 p=15 a=15 file=/data/alice/ipardoza/hadronization_production/HF_RUN3_V1/raw/MONASH/hf_MONASH_job802.root
SIGMAB_COUNTS tag=MONASH species=Xi_b- pdg=5132 slice=eta_1_2 p=8 a=11 file=/data/alice/ipardoza/hadronization_production/HF_RUN3_V1/raw/MONASH/hf_MONASH_job802.root
SIGMAB_COUNTS tag=MONASH species=Xi_b- pdg=5132 slice=eta_ge_2 p=41 a=23 file=/data/alice/ipardoza/hadronization_production/HF_RUN3_V1/raw/MONASH/hf_MONASH_job802.root
SIGMAB_COUNTS tag=MONASH species=Sigma_b+ pdg=5222 slice=all p=35 a=17 file=/data/alice/ipardoza/hadronization_production/HF_RUN3_V1/raw/MONASH/hf_MONASH_job803.root
SIGMAB_COUNTS tag=MONASH species=Sigma_b+ pdg=5222 slice=eta_lt_1 p=4 a=5 file=/data/alice/ipardoza/hadronization_production/HF_RUN3_V1/raw/MONASH/hf_MONASH_job803.root
SIGMAB_COUNTS tag=MONASH species=Sigma_b+ pdg=5222 slice=eta_1_2 p=6 a=3 file=/data/alice/ipardoza/hadronization_production/HF_RUN3_V1/raw/MONASH/hf_MONASH_job803.root
SIGMAB_COUNTS tag=MONASH species=Sigma_b+ pdg=5222 slice=eta_ge_2 p=25 a=9 file=/data/alice/ipardoza/hadronization_production/HF_RUN3_V1/raw/MONASH/hf_MONASH_job803.root
SIGMAB_COUNTS tag=MONASH species=Sigma_b0 pdg=5212 slice=all p=37 a=19 file=/data/alice/ipardoza/hadronization_production/HF_RUN3_V1/raw/MONASH/hf_MONASH_job803.root
SIGMAB_COUNTS tag=MONASH species=Sigma_b0 pdg=5212 slice=eta_lt_1 p=6 a=6 file=/data/alice/ipardoza/hadronization_production/HF_RUN3_V1/raw/MONASH/hf_MONASH_job803.root
SIGMAB_COUNTS tag=MONASH species=Sigma_b0 pdg=5212 slice=eta_1_2 p=9 a=4 file=/data/alice/ipardoza/hadronization_production/HF_RUN3_V1/raw/MONASH/hf_MONASH_job803.root
SIGMAB_COUNTS tag=MONASH species=Sigma_b0 pdg=5212 slice=eta_ge_2 p=22 a=9 file=/data/alice/ipardoza/hadronization_production/HF_RUN3_V1/raw/MONASH/hf_MONASH_job803.root
SIGMAB_COUNTS tag=MONASH species=Sigma_b- pdg=5112 slice=all p=31 a=22 file=/data/alice/ipardoza/hadronization_production/HF_RUN3_V1/raw/MONASH/hf_MONASH_job803.root
SIGMAB_COUNTS tag=MONASH species=Sigma_b- pdg=5112 slice=eta_lt_1 p=4 a=3 file=/data/alice/ipardoza/hadronization_production/HF_RUN3_V1/raw/MONASH/hf_MONASH_job803.root
SIGMAB_COUNTS tag=MONASH species=Sigma_b- pdg=5112 slice=eta_1_2 p=12 a=5 file=/data/alice/ipardoza/hadronization_production/HF_RUN3_V1/raw/MONASH/hf_MONASH_job803.root
SIGMAB_COUNTS tag=MONASH species=Sigma_b- pdg=5112 slice=eta_ge_2 p=15 a=14 file=/data/alice/ipardoza/hadronization_production/HF_RUN3_V1/raw/MONASH/hf_MONASH_job803.root
SIGMAB_COUNTS tag=MONASH species=Sigma*_b+ pdg=5224 slice=all p=34 a=38 file=/data/alice/ipardoza/hadronization_production/HF_RUN3_V1/raw/MONASH/hf_MONASH_job803.root
SIGMAB_COUNTS tag=MONASH species=Sigma*_b+ pdg=5224 slice=eta_lt_1 p=3 a=8 file=/data/alice/ipardoza/hadronization_production/HF_RUN3_V1/raw/MONASH/hf_MONASH_job803.root
SIGMAB_COUNTS tag=MONASH species=Sigma*_b+ pdg=5224 slice=eta_1_2 p=9 a=6 file=/data/alice/ipardoza/hadronization_production/HF_RUN3_V1/raw/MONASH/hf_MONASH_job803.root
SIGMAB_COUNTS tag=MONASH species=Sigma*_b+ pdg=5224 slice=eta_ge_2 p=22 a=24 file=/data/alice/ipardoza/hadronization_production/HF_RUN3_V1/raw/MONASH/hf_MONASH_job803.root
SIGMAB_COUNTS tag=MONASH species=Sigma*_b0 pdg=5214 slice=all p=53 a=28 file=/data/alice/ipardoza/hadronization_production/HF_RUN3_V1/raw/MONASH/hf_MONASH_job803.root
SIGMAB_COUNTS tag=MONASH species=Sigma*_b0 pdg=5214 slice=eta_lt_1 p=8 a=6 file=/data/alice/ipardoza/hadronization_production/HF_RUN3_V1/raw/MONASH/hf_MONASH_job803.root
SIGMAB_COUNTS tag=MONASH species=Sigma*_b0 pdg=5214 slice=eta_1_2 p=8 a=9 file=/data/alice/ipardoza/hadronization_production/HF_RUN3_V1/raw/MONASH/hf_MONASH_job803.root
SIGMAB_COUNTS tag=MONASH species=Sigma*_b0 pdg=5214 slice=eta_ge_2 p=37 a=13 file=/data/alice/ipardoza/hadronization_production/HF_RUN3_V1/raw/MONASH/hf_MONASH_job803.root
SIGMAB_COUNTS tag=MONASH species=Sigma*_b- pdg=5114 slice=all p=48 a=41 file=/data/alice/ipardoza/hadronization_production/HF_RUN3_V1/raw/MONASH/hf_MONASH_job803.root
SIGMAB_COUNTS tag=MONASH species=Sigma*_b- pdg=5114 slice=eta_lt_1 p=4 a=9 file=/data/alice/ipardoza/hadronization_production/HF_RUN3_V1/raw/MONASH/hf_MONASH_job803.root
SIGMAB_COUNTS tag=MONASH species=Sigma*_b- pdg=5114 slice=eta_1_2 p=13 a=12 file=/data/alice/ipardoza/hadronization_production/HF_RUN3_V1/raw/MONASH/hf_MONASH_job803.root
SIGMAB_COUNTS tag=MONASH species=Sigma*_b- pdg=5114 slice=eta_ge_2 p=31 a=20 file=/data/alice/ipardoza/hadronization_production/HF_RUN3_V1/raw/MONASH/hf_MONASH_job803.root
SIGMAB_COUNTS tag=MONASH species=Lambda_b0 pdg=5122 slice=all p=295 a=298 file=/data/alice/ipardoza/hadronization_production/HF_RUN3_V1/raw/MONASH/hf_MONASH_job803.root
SIGMAB_COUNTS tag=MONASH species=Lambda_b0 pdg=5122 slice=eta_lt_1 p=48 a=59 file=/data/alice/ipardoza/hadronization_production/HF_RUN3_V1/raw/MONASH/hf_MONASH_job803.root
SIGMAB_COUNTS tag=MONASH species=Lambda_b0 pdg=5122 slice=eta_1_2 p=52 a=57 file=/data/alice/ipardoza/hadronization_production/HF_RUN3_V1/raw/MONASH/hf_MONASH_job803.root
SIGMAB_COUNTS tag=MONASH species=Lambda_b0 pdg=5122 slice=eta_ge_2 p=195 a=182 file=/data/alice/ipardoza/hadronization_production/HF_RUN3_V1/raw/MONASH/hf_MONASH_job803.root
SIGMAB_COUNTS tag=MONASH species=Xi_b0 pdg=5232 slice=all p=52 a=60 file=/data/alice/ipardoza/hadronization_production/HF_RUN3_V1/raw/MONASH/hf_MONASH_job803.root
SIGMAB_COUNTS tag=MONASH species=Xi_b0 pdg=5232 slice=eta_lt_1 p=15 a=18 file=/data/alice/ipardoza/hadronization_production/HF_RUN3_V1/raw/MONASH/hf_MONASH_job803.root
SIGMAB_COUNTS tag=MONASH species=Xi_b0 pdg=5232 slice=eta_1_2 p=10 a=12 file=/data/alice/ipardoza/hadronization_production/HF_RUN3_V1/raw/MONASH/hf_MONASH_job803.root
SIGMAB_COUNTS tag=MONASH species=Xi_b0 pdg=5232 slice=eta_ge_2 p=27 a=30 file=/data/alice/ipardoza/hadronization_production/HF_RUN3_V1/raw/MONASH/hf_MONASH_job803.root
SIGMAB_COUNTS tag=MONASH species=Xi_b- pdg=5132 slice=all p=46 a=56 file=/data/alice/ipardoza/hadronization_production/HF_RUN3_V1/raw/MONASH/hf_MONASH_job803.root
SIGMAB_COUNTS tag=MONASH species=Xi_b- pdg=5132 slice=eta_lt_1 p=7 a=16 file=/data/alice/ipardoza/hadronization_production/HF_RUN3_V1/raw/MONASH/hf_MONASH_job803.root
SIGMAB_COUNTS tag=MONASH species=Xi_b- pdg=5132 slice=eta_1_2 p=10 a=10 file=/data/alice/ipardoza/hadronization_production/HF_RUN3_V1/raw/MONASH/hf_MONASH_job803.root
SIGMAB_COUNTS tag=MONASH species=Xi_b- pdg=5132 slice=eta_ge_2 p=29 a=30 file=/data/alice/ipardoza/hadronization_production/HF_RUN3_V1/raw/MONASH/hf_MONASH_job803.root
SIGMAB_COUNTS tag=MONASH species=Sigma_b+ pdg=5222 slice=all p=34 a=24 file=/data/alice/ipardoza/hadronization_production/HF_RUN3_V1/raw/MONASH/hf_MONASH_job804.root
SIGMAB_COUNTS tag=MONASH species=Sigma_b+ pdg=5222 slice=eta_lt_1 p=7 a=4 file=/data/alice/ipardoza/hadronization_production/HF_RUN3_V1/raw/MONASH/hf_MONASH_job804.root
SIGMAB_COUNTS tag=MONASH species=Sigma_b+ pdg=5222 slice=eta_1_2 p=4 a=5 file=/data/alice/ipardoza/hadronization_production/HF_RUN3_V1/raw/MONASH/hf_MONASH_job804.root
SIGMAB_COUNTS tag=MONASH species=Sigma_b+ pdg=5222 slice=eta_ge_2 p=23 a=15 file=/data/alice/ipardoza/hadronization_production/HF_RUN3_V1/raw/MONASH/hf_MONASH_job804.root
SIGMAB_COUNTS tag=MONASH species=Sigma_b0 pdg=5212 slice=all p=36 a=15 file=/data/alice/ipardoza/hadronization_production/HF_RUN3_V1/raw/MONASH/hf_MONASH_job804.root
SIGMAB_COUNTS tag=MONASH species=Sigma_b0 pdg=5212 slice=eta_lt_1 p=8 a=3 file=/data/alice/ipardoza/hadronization_production/HF_RUN3_V1/raw/MONASH/hf_MONASH_job804.root
SIGMAB_COUNTS tag=MONASH species=Sigma_b0 pdg=5212 slice=eta_1_2 p=5 a=3 file=/data/alice/ipardoza/hadronization_production/HF_RUN3_V1/raw/MONASH/hf_MONASH_job804.root
SIGMAB_COUNTS tag=MONASH species=Sigma_b0 pdg=5212 slice=eta_ge_2 p=23 a=9 file=/data/alice/ipardoza/hadronization_production/HF_RUN3_V1/raw/MONASH/hf_MONASH_job804.root
SIGMAB_COUNTS tag=MONASH species=Sigma_b- pdg=5112 slice=all p=39 a=22 file=/data/alice/ipardoza/hadronization_production/HF_RUN3_V1/raw/MONASH/hf_MONASH_job804.root
SIGMAB_COUNTS tag=MONASH species=Sigma_b- pdg=5112 slice=eta_lt_1 p=6 a=7 file=/data/alice/ipardoza/hadronization_production/HF_RUN3_V1/raw/MONASH/hf_MONASH_job804.root
SIGMAB_COUNTS tag=MONASH species=Sigma_b- pdg=5112 slice=eta_1_2 p=8 a=1 file=/data/alice/ipardoza/hadronization_production/HF_RUN3_V1/raw/MONASH/hf_MONASH_job804.root
SIGMAB_COUNTS tag=MONASH species=Sigma_b- pdg=5112 slice=eta_ge_2 p=25 a=14 file=/data/alice/ipardoza/hadronization_production/HF_RUN3_V1/raw/MONASH/hf_MONASH_job804.root
SIGMAB_COUNTS tag=MONASH species=Sigma*_b+ pdg=5224 slice=all p=74 a=42 file=/data/alice/ipardoza/hadronization_production/HF_RUN3_V1/raw/MONASH/hf_MONASH_job804.root
SIGMAB_COUNTS tag=MONASH species=Sigma*_b+ pdg=5224 slice=eta_lt_1 p=12 a=7 file=/data/alice/ipardoza/hadronization_production/HF_RUN3_V1/raw/MONASH/hf_MONASH_job804.root
SIGMAB_COUNTS tag=MONASH species=Sigma*_b+ pdg=5224 slice=eta_1_2 p=12 a=9 file=/data/alice/ipardoza/hadronization_production/HF_RUN3_V1/raw/MONASH/hf_MONASH_job804.root
SIGMAB_COUNTS tag=MONASH species=Sigma*_b+ pdg=5224 slice=eta_ge_2 p=50 a=26 file=/data/alice/ipardoza/hadronization_production/HF_RUN3_V1/raw/MONASH/hf_MONASH_job804.root
SIGMAB_COUNTS tag=MONASH species=Sigma*_b0 pdg=5214 slice=all p=60 a=33 file=/data/alice/ipardoza/hadronization_production/HF_RUN3_V1/raw/MONASH/hf_MONASH_job804.root
SIGMAB_COUNTS tag=MONASH species=Sigma*_b0 pdg=5214 slice=eta_lt_1 p=10 a=3 file=/data/alice/ipardoza/hadronization_production/HF_RUN3_V1/raw/MONASH/hf_MONASH_job804.root
SIGMAB_COUNTS tag=MONASH species=Sigma*_b0 pdg=5214 slice=eta_1_2 p=12 a=8 file=/data/alice/ipardoza/hadronization_production/HF_RUN3_V1/raw/MONASH/hf_MONASH_job804.root
SIGMAB_COUNTS tag=MONASH species=Sigma*_b0 pdg=5214 slice=eta_ge_2 p=38 a=22 file=/data/alice/ipardoza/hadronization_production/HF_RUN3_V1/raw/MONASH/hf_MONASH_job804.root
SIGMAB_COUNTS tag=MONASH species=Sigma*_b- pdg=5114 slice=all p=61 a=47 file=/data/alice/ipardoza/hadronization_production/HF_RUN3_V1/raw/MONASH/hf_MONASH_job804.root
SIGMAB_COUNTS tag=MONASH species=Sigma*_b- pdg=5114 slice=eta_lt_1 p=9 a=8 file=/data/alice/ipardoza/hadronization_production/HF_RUN3_V1/raw/MONASH/hf_MONASH_job804.root
SIGMAB_COUNTS tag=MONASH species=Sigma*_b- pdg=5114 slice=eta_1_2 p=9 a=9 file=/data/alice/ipardoza/hadronization_production/HF_RUN3_V1/raw/MONASH/hf_MONASH_job804.root
SIGMAB_COUNTS tag=MONASH species=Sigma*_b- pdg=5114 slice=eta_ge_2 p=43 a=30 file=/data/alice/ipardoza/hadronization_production/HF_RUN3_V1/raw/MONASH/hf_MONASH_job804.root
SIGMAB_COUNTS tag=MONASH species=Lambda_b0 pdg=5122 slice=all p=323 a=295 file=/data/alice/ipardoza/hadronization_production/HF_RUN3_V1/raw/MONASH/hf_MONASH_job804.root
SIGMAB_COUNTS tag=MONASH species=Lambda_b0 pdg=5122 slice=eta_lt_1 p=49 a=56 file=/data/alice/ipardoza/hadronization_production/HF_RUN3_V1/raw/MONASH/hf_MONASH_job804.root
SIGMAB_COUNTS tag=MONASH species=Lambda_b0 pdg=5122 slice=eta_1_2 p=70 a=70 file=/data/alice/ipardoza/hadronization_production/HF_RUN3_V1/raw/MONASH/hf_MONASH_job804.root
SIGMAB_COUNTS tag=MONASH species=Lambda_b0 pdg=5122 slice=eta_ge_2 p=204 a=169 file=/data/alice/ipardoza/hadronization_production/HF_RUN3_V1/raw/MONASH/hf_MONASH_job804.root
SIGMAB_COUNTS tag=MONASH species=Xi_b0 pdg=5232 slice=all p=55 a=59 file=/data/alice/ipardoza/hadronization_production/HF_RUN3_V1/raw/MONASH/hf_MONASH_job804.root
SIGMAB_COUNTS tag=MONASH species=Xi_b0 pdg=5232 slice=eta_lt_1 p=8 a=14 file=/data/alice/ipardoza/hadronization_production/HF_RUN3_V1/raw/MONASH/hf_MONASH_job804.root
SIGMAB_COUNTS tag=MONASH species=Xi_b0 pdg=5232 slice=eta_1_2 p=12 a=10 file=/data/alice/ipardoza/hadronization_production/HF_RUN3_V1/raw/MONASH/hf_MONASH_job804.root
SIGMAB_COUNTS tag=MONASH species=Xi_b0 pdg=5232 slice=eta_ge_2 p=35 a=35 file=/data/alice/ipardoza/hadronization_production/HF_RUN3_V1/raw/MONASH/hf_MONASH_job804.root
SIGMAB_COUNTS tag=MONASH species=Xi_b- pdg=5132 slice=all p=55 a=44 file=/data/alice/ipardoza/hadronization_production/HF_RUN3_V1/raw/MONASH/hf_MONASH_job804.root
SIGMAB_COUNTS tag=MONASH species=Xi_b- pdg=5132 slice=eta_lt_1 p=9 a=13 file=/data/alice/ipardoza/hadronization_production/HF_RUN3_V1/raw/MONASH/hf_MONASH_job804.root
SIGMAB_COUNTS tag=MONASH species=Xi_b- pdg=5132 slice=eta_1_2 p=7 a=9 file=/data/alice/ipardoza/hadronization_production/HF_RUN3_V1/raw/MONASH/hf_MONASH_job804.root
SIGMAB_COUNTS tag=MONASH species=Xi_b- pdg=5132 slice=eta_ge_2 p=39 a=22 file=/data/alice/ipardoza/hadronization_production/HF_RUN3_V1/raw/MONASH/hf_MONASH_job804.root
SIGMAB_COUNTS tag=MONASH species=Sigma_b+ pdg=5222 slice=all p=43 a=25 file=/data/alice/ipardoza/hadronization_production/HF_RUN3_V1/raw/MONASH/hf_MONASH_job805.root
SIGMAB_COUNTS tag=MONASH species=Sigma_b+ pdg=5222 slice=eta_lt_1 p=4 a=6 file=/data/alice/ipardoza/hadronization_production/HF_RUN3_V1/raw/MONASH/hf_MONASH_job805.root
SIGMAB_COUNTS tag=MONASH species=Sigma_b+ pdg=5222 slice=eta_1_2 p=8 a=4 file=/data/alice/ipardoza/hadronization_production/HF_RUN3_V1/raw/MONASH/hf_MONASH_job805.root
SIGMAB_COUNTS tag=MONASH species=Sigma_b+ pdg=5222 slice=eta_ge_2 p=31 a=15 file=/data/alice/ipardoza/hadronization_production/HF_RUN3_V1/raw/MONASH/hf_MONASH_job805.root
SIGMAB_COUNTS tag=MONASH species=Sigma_b0 pdg=5212 slice=all p=33 a=16 file=/data/alice/ipardoza/hadronization_production/HF_RUN3_V1/raw/MONASH/hf_MONASH_job805.root
SIGMAB_COUNTS tag=MONASH species=Sigma_b0 pdg=5212 slice=eta_lt_1 p=7 a=1 file=/data/alice/ipardoza/hadronization_production/HF_RUN3_V1/raw/MONASH/hf_MONASH_job805.root
SIGMAB_COUNTS tag=MONASH species=Sigma_b0 pdg=5212 slice=eta_1_2 p=6 a=3 file=/data/alice/ipardoza/hadronization_production/HF_RUN3_V1/raw/MONASH/hf_MONASH_job805.root
SIGMAB_COUNTS tag=MONASH species=Sigma_b0 pdg=5212 slice=eta_ge_2 p=20 a=12 file=/data/alice/ipardoza/hadronization_production/HF_RUN3_V1/raw/MONASH/hf_MONASH_job805.root
SIGMAB_COUNTS tag=MONASH species=Sigma_b- pdg=5112 slice=all p=34 a=13 file=/data/alice/ipardoza/hadronization_production/HF_RUN3_V1/raw/MONASH/hf_MONASH_job805.root
SIGMAB_COUNTS tag=MONASH species=Sigma_b- pdg=5112 slice=eta_lt_1 p=8 a=4 file=/data/alice/ipardoza/hadronization_production/HF_RUN3_V1/raw/MONASH/hf_MONASH_job805.root
SIGMAB_COUNTS tag=MONASH species=Sigma_b- pdg=5112 slice=eta_1_2 p=7 a=2 file=/data/alice/ipardoza/hadronization_production/HF_RUN3_V1/raw/MONASH/hf_MONASH_job805.root
SIGMAB_COUNTS tag=MONASH species=Sigma_b- pdg=5112 slice=eta_ge_2 p=19 a=7 file=/data/alice/ipardoza/hadronization_production/HF_RUN3_V1/raw/MONASH/hf_MONASH_job805.root
SIGMAB_COUNTS tag=MONASH species=Sigma*_b+ pdg=5224 slice=all p=54 a=41 file=/data/alice/ipardoza/hadronization_production/HF_RUN3_V1/raw/MONASH/hf_MONASH_job805.root
SIGMAB_COUNTS tag=MONASH species=Sigma*_b+ pdg=5224 slice=eta_lt_1 p=13 a=4 file=/data/alice/ipardoza/hadronization_production/HF_RUN3_V1/raw/MONASH/hf_MONASH_job805.root
SIGMAB_COUNTS tag=MONASH species=Sigma*_b+ pdg=5224 slice=eta_1_2 p=11 a=13 file=/data/alice/ipardoza/hadronization_production/HF_RUN3_V1/raw/MONASH/hf_MONASH_job805.root
SIGMAB_COUNTS tag=MONASH species=Sigma*_b+ pdg=5224 slice=eta_ge_2 p=30 a=24 file=/data/alice/ipardoza/hadronization_production/HF_RUN3_V1/raw/MONASH/hf_MONASH_job805.root
SIGMAB_COUNTS tag=MONASH species=Sigma*_b0 pdg=5214 slice=all p=50 a=47 file=/data/alice/ipardoza/hadronization_production/HF_RUN3_V1/raw/MONASH/hf_MONASH_job805.root
SIGMAB_COUNTS tag=MONASH species=Sigma*_b0 pdg=5214 slice=eta_lt_1 p=10 a=12 file=/data/alice/ipardoza/hadronization_production/HF_RUN3_V1/raw/MONASH/hf_MONASH_job805.root
SIGMAB_COUNTS tag=MONASH species=Sigma*_b0 pdg=5214 slice=eta_1_2 p=6 a=10 file=/data/alice/ipardoza/hadronization_production/HF_RUN3_V1/raw/MONASH/hf_MONASH_job805.root
SIGMAB_COUNTS tag=MONASH species=Sigma*_b0 pdg=5214 slice=eta_ge_2 p=34 a=25 file=/data/alice/ipardoza/hadronization_production/HF_RUN3_V1/raw/MONASH/hf_MONASH_job805.root
SIGMAB_COUNTS tag=MONASH species=Sigma*_b- pdg=5114 slice=all p=50 a=36 file=/data/alice/ipardoza/hadronization_production/HF_RUN3_V1/raw/MONASH/hf_MONASH_job805.root
SIGMAB_COUNTS tag=MONASH species=Sigma*_b- pdg=5114 slice=eta_lt_1 p=5 a=13 file=/data/alice/ipardoza/hadronization_production/HF_RUN3_V1/raw/MONASH/hf_MONASH_job805.root
SIGMAB_COUNTS tag=MONASH species=Sigma*_b- pdg=5114 slice=eta_1_2 p=14 a=11 file=/data/alice/ipardoza/hadronization_production/HF_RUN3_V1/raw/MONASH/hf_MONASH_job805.root
SIGMAB_COUNTS tag=MONASH species=Sigma*_b- pdg=5114 slice=eta_ge_2 p=31 a=12 file=/data/alice/ipardoza/hadronization_production/HF_RUN3_V1/raw/MONASH/hf_MONASH_job805.root
SIGMAB_COUNTS tag=MONASH species=Lambda_b0 pdg=5122 slice=all p=328 a=299 file=/data/alice/ipardoza/hadronization_production/HF_RUN3_V1/raw/MONASH/hf_MONASH_job805.root
SIGMAB_COUNTS tag=MONASH species=Lambda_b0 pdg=5122 slice=eta_lt_1 p=55 a=53 file=/data/alice/ipardoza/hadronization_production/HF_RUN3_V1/raw/MONASH/hf_MONASH_job805.root
SIGMAB_COUNTS tag=MONASH species=Lambda_b0 pdg=5122 slice=eta_1_2 p=82 a=58 file=/data/alice/ipardoza/hadronization_production/HF_RUN3_V1/raw/MONASH/hf_MONASH_job805.root
SIGMAB_COUNTS tag=MONASH species=Lambda_b0 pdg=5122 slice=eta_ge_2 p=191 a=188 file=/data/alice/ipardoza/hadronization_production/HF_RUN3_V1/raw/MONASH/hf_MONASH_job805.root
SIGMAB_COUNTS tag=MONASH species=Xi_b0 pdg=5232 slice=all p=49 a=53 file=/data/alice/ipardoza/hadronization_production/HF_RUN3_V1/raw/MONASH/hf_MONASH_job805.root
SIGMAB_COUNTS tag=MONASH species=Xi_b0 pdg=5232 slice=eta_lt_1 p=7 a=9 file=/data/alice/ipardoza/hadronization_production/HF_RUN3_V1/raw/MONASH/hf_MONASH_job805.root
SIGMAB_COUNTS tag=MONASH species=Xi_b0 pdg=5232 slice=eta_1_2 p=11 a=7 file=/data/alice/ipardoza/hadronization_production/HF_RUN3_V1/raw/MONASH/hf_MONASH_job805.root
SIGMAB_COUNTS tag=MONASH species=Xi_b0 pdg=5232 slice=eta_ge_2 p=31 a=37 file=/data/alice/ipardoza/hadronization_production/HF_RUN3_V1/raw/MONASH/hf_MONASH_job805.root
SIGMAB_COUNTS tag=MONASH species=Xi_b- pdg=5132 slice=all p=66 a=61 file=/data/alice/ipardoza/hadronization_production/HF_RUN3_V1/raw/MONASH/hf_MONASH_job805.root
SIGMAB_COUNTS tag=MONASH species=Xi_b- pdg=5132 slice=eta_lt_1 p=8 a=19 file=/data/alice/ipardoza/hadronization_production/HF_RUN3_V1/raw/MONASH/hf_MONASH_job805.root
SIGMAB_COUNTS tag=MONASH species=Xi_b- pdg=5132 slice=eta_1_2 p=13 a=10 file=/data/alice/ipardoza/hadronization_production/HF_RUN3_V1/raw/MONASH/hf_MONASH_job805.root
SIGMAB_COUNTS tag=MONASH species=Xi_b- pdg=5132 slice=eta_ge_2 p=45 a=32 file=/data/alice/ipardoza/hadronization_production/HF_RUN3_V1/raw/MONASH/hf_MONASH_job805.root
SIGMAB_COUNTS tag=MONASH species=Sigma_b+ pdg=5222 slice=all p=30 a=22 file=/data/alice/ipardoza/hadronization_production/HF_RUN3_V1/raw/MONASH/hf_MONASH_job806.root
SIGMAB_COUNTS tag=MONASH species=Sigma_b+ pdg=5222 slice=eta_lt_1 p=4 a=4 file=/data/alice/ipardoza/hadronization_production/HF_RUN3_V1/raw/MONASH/hf_MONASH_job806.root
SIGMAB_COUNTS tag=MONASH species=Sigma_b+ pdg=5222 slice=eta_1_2 p=3 a=7 file=/data/alice/ipardoza/hadronization_production/HF_RUN3_V1/raw/MONASH/hf_MONASH_job806.root
SIGMAB_COUNTS tag=MONASH species=Sigma_b+ pdg=5222 slice=eta_ge_2 p=23 a=11 file=/data/alice/ipardoza/hadronization_production/HF_RUN3_V1/raw/MONASH/hf_MONASH_job806.root
SIGMAB_COUNTS tag=MONASH species=Sigma_b0 pdg=5212 slice=all p=30 a=21 file=/data/alice/ipardoza/hadronization_production/HF_RUN3_V1/raw/MONASH/hf_MONASH_job806.root
SIGMAB_COUNTS tag=MONASH species=Sigma_b0 pdg=5212 slice=eta_lt_1 p=2 a=1 file=/data/alice/ipardoza/hadronization_production/HF_RUN3_V1/raw/MONASH/hf_MONASH_job806.root
SIGMAB_COUNTS tag=MONASH species=Sigma_b0 pdg=5212 slice=eta_1_2 p=7 a=5 file=/data/alice/ipardoza/hadronization_production/HF_RUN3_V1/raw/MONASH/hf_MONASH_job806.root
SIGMAB_COUNTS tag=MONASH species=Sigma_b0 pdg=5212 slice=eta_ge_2 p=21 a=15 file=/data/alice/ipardoza/hadronization_production/HF_RUN3_V1/raw/MONASH/hf_MONASH_job806.root
SIGMAB_COUNTS tag=MONASH species=Sigma_b- pdg=5112 slice=all p=40 a=20 file=/data/alice/ipardoza/hadronization_production/HF_RUN3_V1/raw/MONASH/hf_MONASH_job806.root
SIGMAB_COUNTS tag=MONASH species=Sigma_b- pdg=5112 slice=eta_lt_1 p=3 a=6 file=/data/alice/ipardoza/hadronization_production/HF_RUN3_V1/raw/MONASH/hf_MONASH_job806.root
SIGMAB_COUNTS tag=MONASH species=Sigma_b- pdg=5112 slice=eta_1_2 p=9 a=4 file=/data/alice/ipardoza/hadronization_production/HF_RUN3_V1/raw/MONASH/hf_MONASH_job806.root
SIGMAB_COUNTS tag=MONASH species=Sigma_b- pdg=5112 slice=eta_ge_2 p=28 a=10 file=/data/alice/ipardoza/hadronization_production/HF_RUN3_V1/raw/MONASH/hf_MONASH_job806.root
SIGMAB_COUNTS tag=MONASH species=Sigma*_b+ pdg=5224 slice=all p=64 a=46 file=/data/alice/ipardoza/hadronization_production/HF_RUN3_V1/raw/MONASH/hf_MONASH_job806.root
SIGMAB_COUNTS tag=MONASH species=Sigma*_b+ pdg=5224 slice=eta_lt_1 p=12 a=10 file=/data/alice/ipardoza/hadronization_production/HF_RUN3_V1/raw/MONASH/hf_MONASH_job806.root
SIGMAB_COUNTS tag=MONASH species=Sigma*_b+ pdg=5224 slice=eta_1_2 p=16 a=5 file=/data/alice/ipardoza/hadronization_production/HF_RUN3_V1/raw/MONASH/hf_MONASH_job806.root
SIGMAB_COUNTS tag=MONASH species=Sigma*_b+ pdg=5224 slice=eta_ge_2 p=36 a=31 file=/data/alice/ipardoza/hadronization_production/HF_RUN3_V1/raw/MONASH/hf_MONASH_job806.root
SIGMAB_COUNTS tag=MONASH species=Sigma*_b0 pdg=5214 slice=all p=62 a=48 file=/data/alice/ipardoza/hadronization_production/HF_RUN3_V1/raw/MONASH/hf_MONASH_job806.root
SIGMAB_COUNTS tag=MONASH species=Sigma*_b0 pdg=5214 slice=eta_lt_1 p=10 a=5 file=/data/alice/ipardoza/hadronization_production/HF_RUN3_V1/raw/MONASH/hf_MONASH_job806.root
SIGMAB_COUNTS tag=MONASH species=Sigma*_b0 pdg=5214 slice=eta_1_2 p=16 a=12 file=/data/alice/ipardoza/hadronization_production/HF_RUN3_V1/raw/MONASH/hf_MONASH_job806.root
SIGMAB_COUNTS tag=MONASH species=Sigma*_b0 pdg=5214 slice=eta_ge_2 p=36 a=31 file=/data/alice/ipardoza/hadronization_production/HF_RUN3_V1/raw/MONASH/hf_MONASH_job806.root
SIGMAB_COUNTS tag=MONASH species=Sigma*_b- pdg=5114 slice=all p=57 a=48 file=/data/alice/ipardoza/hadronization_production/HF_RUN3_V1/raw/MONASH/hf_MONASH_job806.root
SIGMAB_COUNTS tag=MONASH species=Sigma*_b- pdg=5114 slice=eta_lt_1 p=7 a=12 file=/data/alice/ipardoza/hadronization_production/HF_RUN3_V1/raw/MONASH/hf_MONASH_job806.root
SIGMAB_COUNTS tag=MONASH species=Sigma*_b- pdg=5114 slice=eta_1_2 p=17 a=9 file=/data/alice/ipardoza/hadronization_production/HF_RUN3_V1/raw/MONASH/hf_MONASH_job806.root
SIGMAB_COUNTS tag=MONASH species=Sigma*_b- pdg=5114 slice=eta_ge_2 p=33 a=27 file=/data/alice/ipardoza/hadronization_production/HF_RUN3_V1/raw/MONASH/hf_MONASH_job806.root
SIGMAB_COUNTS tag=MONASH species=Lambda_b0 pdg=5122 slice=all p=303 a=348 file=/data/alice/ipardoza/hadronization_production/HF_RUN3_V1/raw/MONASH/hf_MONASH_job806.root
SIGMAB_COUNTS tag=MONASH species=Lambda_b0 pdg=5122 slice=eta_lt_1 p=56 a=73 file=/data/alice/ipardoza/hadronization_production/HF_RUN3_V1/raw/MONASH/hf_MONASH_job806.root
SIGMAB_COUNTS tag=MONASH species=Lambda_b0 pdg=5122 slice=eta_1_2 p=60 a=65 file=/data/alice/ipardoza/hadronization_production/HF_RUN3_V1/raw/MONASH/hf_MONASH_job806.root
SIGMAB_COUNTS tag=MONASH species=Lambda_b0 pdg=5122 slice=eta_ge_2 p=187 a=210 file=/data/alice/ipardoza/hadronization_production/HF_RUN3_V1/raw/MONASH/hf_MONASH_job806.root
SIGMAB_COUNTS tag=MONASH species=Xi_b0 pdg=5232 slice=all p=54 a=49 file=/data/alice/ipardoza/hadronization_production/HF_RUN3_V1/raw/MONASH/hf_MONASH_job806.root
SIGMAB_COUNTS tag=MONASH species=Xi_b0 pdg=5232 slice=eta_lt_1 p=8 a=6 file=/data/alice/ipardoza/hadronization_production/HF_RUN3_V1/raw/MONASH/hf_MONASH_job806.root
SIGMAB_COUNTS tag=MONASH species=Xi_b0 pdg=5232 slice=eta_1_2 p=18 a=15 file=/data/alice/ipardoza/hadronization_production/HF_RUN3_V1/raw/MONASH/hf_MONASH_job806.root
SIGMAB_COUNTS tag=MONASH species=Xi_b0 pdg=5232 slice=eta_ge_2 p=28 a=28 file=/data/alice/ipardoza/hadronization_production/HF_RUN3_V1/raw/MONASH/hf_MONASH_job806.root
SIGMAB_COUNTS tag=MONASH species=Xi_b- pdg=5132 slice=all p=57 a=63 file=/data/alice/ipardoza/hadronization_production/HF_RUN3_V1/raw/MONASH/hf_MONASH_job806.root
SIGMAB_COUNTS tag=MONASH species=Xi_b- pdg=5132 slice=eta_lt_1 p=8 a=13 file=/data/alice/ipardoza/hadronization_production/HF_RUN3_V1/raw/MONASH/hf_MONASH_job806.root
SIGMAB_COUNTS tag=MONASH species=Xi_b- pdg=5132 slice=eta_1_2 p=9 a=15 file=/data/alice/ipardoza/hadronization_production/HF_RUN3_V1/raw/MONASH/hf_MONASH_job806.root
SIGMAB_COUNTS tag=MONASH species=Xi_b- pdg=5132 slice=eta_ge_2 p=40 a=35 file=/data/alice/ipardoza/hadronization_production/HF_RUN3_V1/raw/MONASH/hf_MONASH_job806.root
SIGMAB_COUNTS tag=MONASH species=Sigma_b+ pdg=5222 slice=all p=45 a=23 file=/data/alice/ipardoza/hadronization_production/HF_RUN3_V1/raw/MONASH/hf_MONASH_job807.root
SIGMAB_COUNTS tag=MONASH species=Sigma_b+ pdg=5222 slice=eta_lt_1 p=10 a=4 file=/data/alice/ipardoza/hadronization_production/HF_RUN3_V1/raw/MONASH/hf_MONASH_job807.root
SIGMAB_COUNTS tag=MONASH species=Sigma_b+ pdg=5222 slice=eta_1_2 p=9 a=6 file=/data/alice/ipardoza/hadronization_production/HF_RUN3_V1/raw/MONASH/hf_MONASH_job807.root
SIGMAB_COUNTS tag=MONASH species=Sigma_b+ pdg=5222 slice=eta_ge_2 p=26 a=13 file=/data/alice/ipardoza/hadronization_production/HF_RUN3_V1/raw/MONASH/hf_MONASH_job807.root
SIGMAB_COUNTS tag=MONASH species=Sigma_b0 pdg=5212 slice=all p=39 a=30 file=/data/alice/ipardoza/hadronization_production/HF_RUN3_V1/raw/MONASH/hf_MONASH_job807.root
SIGMAB_COUNTS tag=MONASH species=Sigma_b0 pdg=5212 slice=eta_lt_1 p=6 a=3 file=/data/alice/ipardoza/hadronization_production/HF_RUN3_V1/raw/MONASH/hf_MONASH_job807.root
SIGMAB_COUNTS tag=MONASH species=Sigma_b0 pdg=5212 slice=eta_1_2 p=8 a=9 file=/data/alice/ipardoza/hadronization_production/HF_RUN3_V1/raw/MONASH/hf_MONASH_job807.root
SIGMAB_COUNTS tag=MONASH species=Sigma_b0 pdg=5212 slice=eta_ge_2 p=25 a=18 file=/data/alice/ipardoza/hadronization_production/HF_RUN3_V1/raw/MONASH/hf_MONASH_job807.root
SIGMAB_COUNTS tag=MONASH species=Sigma_b- pdg=5112 slice=all p=33 a=22 file=/data/alice/ipardoza/hadronization_production/HF_RUN3_V1/raw/MONASH/hf_MONASH_job807.root
SIGMAB_COUNTS tag=MONASH species=Sigma_b- pdg=5112 slice=eta_lt_1 p=5 a=5 file=/data/alice/ipardoza/hadronization_production/HF_RUN3_V1/raw/MONASH/hf_MONASH_job807.root
SIGMAB_COUNTS tag=MONASH species=Sigma_b- pdg=5112 slice=eta_1_2 p=7 a=1 file=/data/alice/ipardoza/hadronization_production/HF_RUN3_V1/raw/MONASH/hf_MONASH_job807.root
SIGMAB_COUNTS tag=MONASH species=Sigma_b- pdg=5112 slice=eta_ge_2 p=21 a=16 file=/data/alice/ipardoza/hadronization_production/HF_RUN3_V1/raw/MONASH/hf_MONASH_job807.root
SIGMAB_COUNTS tag=MONASH species=Sigma*_b+ pdg=5224 slice=all p=33 a=42 file=/data/alice/ipardoza/hadronization_production/HF_RUN3_V1/raw/MONASH/hf_MONASH_job807.root
SIGMAB_COUNTS tag=MONASH species=Sigma*_b+ pdg=5224 slice=eta_lt_1 p=5 a=8 file=/data/alice/ipardoza/hadronization_production/HF_RUN3_V1/raw/MONASH/hf_MONASH_job807.root
SIGMAB_COUNTS tag=MONASH species=Sigma*_b+ pdg=5224 slice=eta_1_2 p=6 a=10 file=/data/alice/ipardoza/hadronization_production/HF_RUN3_V1/raw/MONASH/hf_MONASH_job807.root
SIGMAB_COUNTS tag=MONASH species=Sigma*_b+ pdg=5224 slice=eta_ge_2 p=22 a=24 file=/data/alice/ipardoza/hadronization_production/HF_RUN3_V1/raw/MONASH/hf_MONASH_job807.root
SIGMAB_COUNTS tag=MONASH species=Sigma*_b0 pdg=5214 slice=all p=60 a=41 file=/data/alice/ipardoza/hadronization_production/HF_RUN3_V1/raw/MONASH/hf_MONASH_job807.root
SIGMAB_COUNTS tag=MONASH species=Sigma*_b0 pdg=5214 slice=eta_lt_1 p=11 a=8 file=/data/alice/ipardoza/hadronization_production/HF_RUN3_V1/raw/MONASH/hf_MONASH_job807.root
SIGMAB_COUNTS tag=MONASH species=Sigma*_b0 pdg=5214 slice=eta_1_2 p=16 a=12 file=/data/alice/ipardoza/hadronization_production/HF_RUN3_V1/raw/MONASH/hf_MONASH_job807.root
SIGMAB_COUNTS tag=MONASH species=Sigma*_b0 pdg=5214 slice=eta_ge_2 p=33 a=21 file=/data/alice/ipardoza/hadronization_production/HF_RUN3_V1/raw/MONASH/hf_MONASH_job807.root
SIGMAB_COUNTS tag=MONASH species=Sigma*_b- pdg=5114 slice=all p=52 a=44 file=/data/alice/ipardoza/hadronization_production/HF_RUN3_V1/raw/MONASH/hf_MONASH_job807.root
SIGMAB_COUNTS tag=MONASH species=Sigma*_b- pdg=5114 slice=eta_lt_1 p=6 a=6 file=/data/alice/ipardoza/hadronization_production/HF_RUN3_V1/raw/MONASH/hf_MONASH_job807.root
SIGMAB_COUNTS tag=MONASH species=Sigma*_b- pdg=5114 slice=eta_1_2 p=10 a=6 file=/data/alice/ipardoza/hadronization_production/HF_RUN3_V1/raw/MONASH/hf_MONASH_job807.root
SIGMAB_COUNTS tag=MONASH species=Sigma*_b- pdg=5114 slice=eta_ge_2 p=36 a=32 file=/data/alice/ipardoza/hadronization_production/HF_RUN3_V1/raw/MONASH/hf_MONASH_job807.root
SIGMAB_COUNTS tag=MONASH species=Lambda_b0 pdg=5122 slice=all p=300 a=299 file=/data/alice/ipardoza/hadronization_production/HF_RUN3_V1/raw/MONASH/hf_MONASH_job807.root
SIGMAB_COUNTS tag=MONASH species=Lambda_b0 pdg=5122 slice=eta_lt_1 p=51 a=48 file=/data/alice/ipardoza/hadronization_production/HF_RUN3_V1/raw/MONASH/hf_MONASH_job807.root
SIGMAB_COUNTS tag=MONASH species=Lambda_b0 pdg=5122 slice=eta_1_2 p=65 a=75 file=/data/alice/ipardoza/hadronization_production/HF_RUN3_V1/raw/MONASH/hf_MONASH_job807.root
SIGMAB_COUNTS tag=MONASH species=Lambda_b0 pdg=5122 slice=eta_ge_2 p=184 a=176 file=/data/alice/ipardoza/hadronization_production/HF_RUN3_V1/raw/MONASH/hf_MONASH_job807.root
SIGMAB_COUNTS tag=MONASH species=Xi_b0 pdg=5232 slice=all p=44 a=48 file=/data/alice/ipardoza/hadronization_production/HF_RUN3_V1/raw/MONASH/hf_MONASH_job807.root
SIGMAB_COUNTS tag=MONASH species=Xi_b0 pdg=5232 slice=eta_lt_1 p=3 a=9 file=/data/alice/ipardoza/hadronization_production/HF_RUN3_V1/raw/MONASH/hf_MONASH_job807.root
SIGMAB_COUNTS tag=MONASH species=Xi_b0 pdg=5232 slice=eta_1_2 p=13 a=11 file=/data/alice/ipardoza/hadronization_production/HF_RUN3_V1/raw/MONASH/hf_MONASH_job807.root
SIGMAB_COUNTS tag=MONASH species=Xi_b0 pdg=5232 slice=eta_ge_2 p=28 a=28 file=/data/alice/ipardoza/hadronization_production/HF_RUN3_V1/raw/MONASH/hf_MONASH_job807.root
SIGMAB_COUNTS tag=MONASH species=Xi_b- pdg=5132 slice=all p=49 a=57 file=/data/alice/ipardoza/hadronization_production/HF_RUN3_V1/raw/MONASH/hf_MONASH_job807.root
SIGMAB_COUNTS tag=MONASH species=Xi_b- pdg=5132 slice=eta_lt_1 p=6 a=19 file=/data/alice/ipardoza/hadronization_production/HF_RUN3_V1/raw/MONASH/hf_MONASH_job807.root
SIGMAB_COUNTS tag=MONASH species=Xi_b- pdg=5132 slice=eta_1_2 p=10 a=8 file=/data/alice/ipardoza/hadronization_production/HF_RUN3_V1/raw/MONASH/hf_MONASH_job807.root
SIGMAB_COUNTS tag=MONASH species=Xi_b- pdg=5132 slice=eta_ge_2 p=33 a=30 file=/data/alice/ipardoza/hadronization_production/HF_RUN3_V1/raw/MONASH/hf_MONASH_job807.root
SIGMAB_COUNTS tag=MONASH species=Sigma_b+ pdg=5222 slice=all p=29 a=30 file=/data/alice/ipardoza/hadronization_production/HF_RUN3_V1/raw/MONASH/hf_MONASH_job808.root
SIGMAB_COUNTS tag=MONASH species=Sigma_b+ pdg=5222 slice=eta_lt_1 p=5 a=5 file=/data/alice/ipardoza/hadronization_production/HF_RUN3_V1/raw/MONASH/hf_MONASH_job808.root
SIGMAB_COUNTS tag=MONASH species=Sigma_b+ pdg=5222 slice=eta_1_2 p=2 a=8 file=/data/alice/ipardoza/hadronization_production/HF_RUN3_V1/raw/MONASH/hf_MONASH_job808.root
SIGMAB_COUNTS tag=MONASH species=Sigma_b+ pdg=5222 slice=eta_ge_2 p=22 a=17 file=/data/alice/ipardoza/hadronization_production/HF_RUN3_V1/raw/MONASH/hf_MONASH_job808.root
SIGMAB_COUNTS tag=MONASH species=Sigma_b0 pdg=5212 slice=all p=35 a=17 file=/data/alice/ipardoza/hadronization_production/HF_RUN3_V1/raw/MONASH/hf_MONASH_job808.root
SIGMAB_COUNTS tag=MONASH species=Sigma_b0 pdg=5212 slice=eta_lt_1 p=6 a=3 file=/data/alice/ipardoza/hadronization_production/HF_RUN3_V1/raw/MONASH/hf_MONASH_job808.root
SIGMAB_COUNTS tag=MONASH species=Sigma_b0 pdg=5212 slice=eta_1_2 p=8 a=6 file=/data/alice/ipardoza/hadronization_production/HF_RUN3_V1/raw/MONASH/hf_MONASH_job808.root
SIGMAB_COUNTS tag=MONASH species=Sigma_b0 pdg=5212 slice=eta_ge_2 p=21 a=8 file=/data/alice/ipardoza/hadronization_production/HF_RUN3_V1/raw/MONASH/hf_MONASH_job808.root
SIGMAB_COUNTS tag=MONASH species=Sigma_b- pdg=5112 slice=all p=37 a=24 file=/data/alice/ipardoza/hadronization_production/HF_RUN3_V1/raw/MONASH/hf_MONASH_job808.root
SIGMAB_COUNTS tag=MONASH species=Sigma_b- pdg=5112 slice=eta_lt_1 p=6 a=2 file=/data/alice/ipardoza/hadronization_production/HF_RUN3_V1/raw/MONASH/hf_MONASH_job808.root
SIGMAB_COUNTS tag=MONASH species=Sigma_b- pdg=5112 slice=eta_1_2 p=8 a=6 file=/data/alice/ipardoza/hadronization_production/HF_RUN3_V1/raw/MONASH/hf_MONASH_job808.root
SIGMAB_COUNTS tag=MONASH species=Sigma_b- pdg=5112 slice=eta_ge_2 p=23 a=16 file=/data/alice/ipardoza/hadronization_production/HF_RUN3_V1/raw/MONASH/hf_MONASH_job808.root
SIGMAB_COUNTS tag=MONASH species=Sigma*_b+ pdg=5224 slice=all p=48 a=46 file=/data/alice/ipardoza/hadronization_production/HF_RUN3_V1/raw/MONASH/hf_MONASH_job808.root
SIGMAB_COUNTS tag=MONASH species=Sigma*_b+ pdg=5224 slice=eta_lt_1 p=5 a=8 file=/data/alice/ipardoza/hadronization_production/HF_RUN3_V1/raw/MONASH/hf_MONASH_job808.root
SIGMAB_COUNTS tag=MONASH species=Sigma*_b+ pdg=5224 slice=eta_1_2 p=10 a=8 file=/data/alice/ipardoza/hadronization_production/HF_RUN3_V1/raw/MONASH/hf_MONASH_job808.root
SIGMAB_COUNTS tag=MONASH species=Sigma*_b+ pdg=5224 slice=eta_ge_2 p=33 a=30 file=/data/alice/ipardoza/hadronization_production/HF_RUN3_V1/raw/MONASH/hf_MONASH_job808.root
SIGMAB_COUNTS tag=MONASH species=Sigma*_b0 pdg=5214 slice=all p=44 a=39 file=/data/alice/ipardoza/hadronization_production/HF_RUN3_V1/raw/MONASH/hf_MONASH_job808.root
SIGMAB_COUNTS tag=MONASH species=Sigma*_b0 pdg=5214 slice=eta_lt_1 p=5 a=7 file=/data/alice/ipardoza/hadronization_production/HF_RUN3_V1/raw/MONASH/hf_MONASH_job808.root
SIGMAB_COUNTS tag=MONASH species=Sigma*_b0 pdg=5214 slice=eta_1_2 p=6 a=6 file=/data/alice/ipardoza/hadronization_production/HF_RUN3_V1/raw/MONASH/hf_MONASH_job808.root
SIGMAB_COUNTS tag=MONASH species=Sigma*_b0 pdg=5214 slice=eta_ge_2 p=33 a=26 file=/data/alice/ipardoza/hadronization_production/HF_RUN3_V1/raw/MONASH/hf_MONASH_job808.root
SIGMAB_COUNTS tag=MONASH species=Sigma*_b- pdg=5114 slice=all p=48 a=33 file=/data/alice/ipardoza/hadronization_production/HF_RUN3_V1/raw/MONASH/hf_MONASH_job808.root
SIGMAB_COUNTS tag=MONASH species=Sigma*_b- pdg=5114 slice=eta_lt_1 p=6 a=6 file=/data/alice/ipardoza/hadronization_production/HF_RUN3_V1/raw/MONASH/hf_MONASH_job808.root
SIGMAB_COUNTS tag=MONASH species=Sigma*_b- pdg=5114 slice=eta_1_2 p=11 a=10 file=/data/alice/ipardoza/hadronization_production/HF_RUN3_V1/raw/MONASH/hf_MONASH_job808.root
SIGMAB_COUNTS tag=MONASH species=Sigma*_b- pdg=5114 slice=eta_ge_2 p=31 a=17 file=/data/alice/ipardoza/hadronization_production/HF_RUN3_V1/raw/MONASH/hf_MONASH_job808.root
SIGMAB_COUNTS tag=MONASH species=Lambda_b0 pdg=5122 slice=all p=305 a=308 file=/data/alice/ipardoza/hadronization_production/HF_RUN3_V1/raw/MONASH/hf_MONASH_job808.root
SIGMAB_COUNTS tag=MONASH species=Lambda_b0 pdg=5122 slice=eta_lt_1 p=60 a=48 file=/data/alice/ipardoza/hadronization_production/HF_RUN3_V1/raw/MONASH/hf_MONASH_job808.root
SIGMAB_COUNTS tag=MONASH species=Lambda_b0 pdg=5122 slice=eta_1_2 p=62 a=69 file=/data/alice/ipardoza/hadronization_production/HF_RUN3_V1/raw/MONASH/hf_MONASH_job808.root
SIGMAB_COUNTS tag=MONASH species=Lambda_b0 pdg=5122 slice=eta_ge_2 p=183 a=191 file=/data/alice/ipardoza/hadronization_production/HF_RUN3_V1/raw/MONASH/hf_MONASH_job808.root
SIGMAB_COUNTS tag=MONASH species=Xi_b0 pdg=5232 slice=all p=46 a=54 file=/data/alice/ipardoza/hadronization_production/HF_RUN3_V1/raw/MONASH/hf_MONASH_job808.root
SIGMAB_COUNTS tag=MONASH species=Xi_b0 pdg=5232 slice=eta_lt_1 p=10 a=10 file=/data/alice/ipardoza/hadronization_production/HF_RUN3_V1/raw/MONASH/hf_MONASH_job808.root
SIGMAB_COUNTS tag=MONASH species=Xi_b0 pdg=5232 slice=eta_1_2 p=9 a=10 file=/data/alice/ipardoza/hadronization_production/HF_RUN3_V1/raw/MONASH/hf_MONASH_job808.root
SIGMAB_COUNTS tag=MONASH species=Xi_b0 pdg=5232 slice=eta_ge_2 p=27 a=34 file=/data/alice/ipardoza/hadronization_production/HF_RUN3_V1/raw/MONASH/hf_MONASH_job808.root
SIGMAB_COUNTS tag=MONASH species=Xi_b- pdg=5132 slice=all p=65 a=56 file=/data/alice/ipardoza/hadronization_production/HF_RUN3_V1/raw/MONASH/hf_MONASH_job808.root
SIGMAB_COUNTS tag=MONASH species=Xi_b- pdg=5132 slice=eta_lt_1 p=14 a=16 file=/data/alice/ipardoza/hadronization_production/HF_RUN3_V1/raw/MONASH/hf_MONASH_job808.root
SIGMAB_COUNTS tag=MONASH species=Xi_b- pdg=5132 slice=eta_1_2 p=9 a=9 file=/data/alice/ipardoza/hadronization_production/HF_RUN3_V1/raw/MONASH/hf_MONASH_job808.root
SIGMAB_COUNTS tag=MONASH species=Xi_b- pdg=5132 slice=eta_ge_2 p=42 a=31 file=/data/alice/ipardoza/hadronization_production/HF_RUN3_V1/raw/MONASH/hf_MONASH_job808.root
SIGMAB_COUNTS tag=MONASH species=Sigma_b+ pdg=5222 slice=all p=40 a=28 file=/data/alice/ipardoza/hadronization_production/HF_RUN3_V1/raw/MONASH/hf_MONASH_job809.root
SIGMAB_COUNTS tag=MONASH species=Sigma_b+ pdg=5222 slice=eta_lt_1 p=5 a=3 file=/data/alice/ipardoza/hadronization_production/HF_RUN3_V1/raw/MONASH/hf_MONASH_job809.root
SIGMAB_COUNTS tag=MONASH species=Sigma_b+ pdg=5222 slice=eta_1_2 p=6 a=4 file=/data/alice/ipardoza/hadronization_production/HF_RUN3_V1/raw/MONASH/hf_MONASH_job809.root
SIGMAB_COUNTS tag=MONASH species=Sigma_b+ pdg=5222 slice=eta_ge_2 p=29 a=21 file=/data/alice/ipardoza/hadronization_production/HF_RUN3_V1/raw/MONASH/hf_MONASH_job809.root
SIGMAB_COUNTS tag=MONASH species=Sigma_b0 pdg=5212 slice=all p=39 a=26 file=/data/alice/ipardoza/hadronization_production/HF_RUN3_V1/raw/MONASH/hf_MONASH_job809.root
SIGMAB_COUNTS tag=MONASH species=Sigma_b0 pdg=5212 slice=eta_lt_1 p=6 a=5 file=/data/alice/ipardoza/hadronization_production/HF_RUN3_V1/raw/MONASH/hf_MONASH_job809.root
SIGMAB_COUNTS tag=MONASH species=Sigma_b0 pdg=5212 slice=eta_1_2 p=9 a=4 file=/data/alice/ipardoza/hadronization_production/HF_RUN3_V1/raw/MONASH/hf_MONASH_job809.root
SIGMAB_COUNTS tag=MONASH species=Sigma_b0 pdg=5212 slice=eta_ge_2 p=24 a=17 file=/data/alice/ipardoza/hadronization_production/HF_RUN3_V1/raw/MONASH/hf_MONASH_job809.root
SIGMAB_COUNTS tag=MONASH species=Sigma_b- pdg=5112 slice=all p=43 a=23 file=/data/alice/ipardoza/hadronization_production/HF_RUN3_V1/raw/MONASH/hf_MONASH_job809.root
SIGMAB_COUNTS tag=MONASH species=Sigma_b- pdg=5112 slice=eta_lt_1 p=4 a=7 file=/data/alice/ipardoza/hadronization_production/HF_RUN3_V1/raw/MONASH/hf_MONASH_job809.root
SIGMAB_COUNTS tag=MONASH species=Sigma_b- pdg=5112 slice=eta_1_2 p=13 a=7 file=/data/alice/ipardoza/hadronization_production/HF_RUN3_V1/raw/MONASH/hf_MONASH_job809.root
SIGMAB_COUNTS tag=MONASH species=Sigma_b- pdg=5112 slice=eta_ge_2 p=26 a=9 file=/data/alice/ipardoza/hadronization_production/HF_RUN3_V1/raw/MONASH/hf_MONASH_job809.root
SIGMAB_COUNTS tag=MONASH species=Sigma*_b+ pdg=5224 slice=all p=55 a=37 file=/data/alice/ipardoza/hadronization_production/HF_RUN3_V1/raw/MONASH/hf_MONASH_job809.root
SIGMAB_COUNTS tag=MONASH species=Sigma*_b+ pdg=5224 slice=eta_lt_1 p=10 a=6 file=/data/alice/ipardoza/hadronization_production/HF_RUN3_V1/raw/MONASH/hf_MONASH_job809.root
SIGMAB_COUNTS tag=MONASH species=Sigma*_b+ pdg=5224 slice=eta_1_2 p=13 a=8 file=/data/alice/ipardoza/hadronization_production/HF_RUN3_V1/raw/MONASH/hf_MONASH_job809.root
SIGMAB_COUNTS tag=MONASH species=Sigma*_b+ pdg=5224 slice=eta_ge_2 p=32 a=23 file=/data/alice/ipardoza/hadronization_production/HF_RUN3_V1/raw/MONASH/hf_MONASH_job809.root
SIGMAB_COUNTS tag=MONASH species=Sigma*_b0 pdg=5214 slice=all p=43 a=37 file=/data/alice/ipardoza/hadronization_production/HF_RUN3_V1/raw/MONASH/hf_MONASH_job809.root
SIGMAB_COUNTS tag=MONASH species=Sigma*_b0 pdg=5214 slice=eta_lt_1 p=10 a=7 file=/data/alice/ipardoza/hadronization_production/HF_RUN3_V1/raw/MONASH/hf_MONASH_job809.root
SIGMAB_COUNTS tag=MONASH species=Sigma*_b0 pdg=5214 slice=eta_1_2 p=9 a=7 file=/data/alice/ipardoza/hadronization_production/HF_RUN3_V1/raw/MONASH/hf_MONASH_job809.root
SIGMAB_COUNTS tag=MONASH species=Sigma*_b0 pdg=5214 slice=eta_ge_2 p=24 a=23 file=/data/alice/ipardoza/hadronization_production/HF_RUN3_V1/raw/MONASH/hf_MONASH_job809.root
SIGMAB_COUNTS tag=MONASH species=Sigma*_b- pdg=5114 slice=all p=43 a=49 file=/data/alice/ipardoza/hadronization_production/HF_RUN3_V1/raw/MONASH/hf_MONASH_job809.root
SIGMAB_COUNTS tag=MONASH species=Sigma*_b- pdg=5114 slice=eta_lt_1 p=6 a=7 file=/data/alice/ipardoza/hadronization_production/HF_RUN3_V1/raw/MONASH/hf_MONASH_job809.root
SIGMAB_COUNTS tag=MONASH species=Sigma*_b- pdg=5114 slice=eta_1_2 p=11 a=16 file=/data/alice/ipardoza/hadronization_production/HF_RUN3_V1/raw/MONASH/hf_MONASH_job809.root
SIGMAB_COUNTS tag=MONASH species=Sigma*_b- pdg=5114 slice=eta_ge_2 p=26 a=26 file=/data/alice/ipardoza/hadronization_production/HF_RUN3_V1/raw/MONASH/hf_MONASH_job809.root
SIGMAB_COUNTS tag=MONASH species=Lambda_b0 pdg=5122 slice=all p=308 a=307 file=/data/alice/ipardoza/hadronization_production/HF_RUN3_V1/raw/MONASH/hf_MONASH_job809.root
SIGMAB_COUNTS tag=MONASH species=Lambda_b0 pdg=5122 slice=eta_lt_1 p=60 a=53 file=/data/alice/ipardoza/hadronization_production/HF_RUN3_V1/raw/MONASH/hf_MONASH_job809.root
SIGMAB_COUNTS tag=MONASH species=Lambda_b0 pdg=5122 slice=eta_1_2 p=61 a=66 file=/data/alice/ipardoza/hadronization_production/HF_RUN3_V1/raw/MONASH/hf_MONASH_job809.root
SIGMAB_COUNTS tag=MONASH species=Lambda_b0 pdg=5122 slice=eta_ge_2 p=187 a=188 file=/data/alice/ipardoza/hadronization_production/HF_RUN3_V1/raw/MONASH/hf_MONASH_job809.root
SIGMAB_COUNTS tag=MONASH species=Xi_b0 pdg=5232 slice=all p=55 a=48 file=/data/alice/ipardoza/hadronization_production/HF_RUN3_V1/raw/MONASH/hf_MONASH_job809.root
SIGMAB_COUNTS tag=MONASH species=Xi_b0 pdg=5232 slice=eta_lt_1 p=12 a=10 file=/data/alice/ipardoza/hadronization_production/HF_RUN3_V1/raw/MONASH/hf_MONASH_job809.root
SIGMAB_COUNTS tag=MONASH species=Xi_b0 pdg=5232 slice=eta_1_2 p=15 a=8 file=/data/alice/ipardoza/hadronization_production/HF_RUN3_V1/raw/MONASH/hf_MONASH_job809.root
SIGMAB_COUNTS tag=MONASH species=Xi_b0 pdg=5232 slice=eta_ge_2 p=28 a=30 file=/data/alice/ipardoza/hadronization_production/HF_RUN3_V1/raw/MONASH/hf_MONASH_job809.root
SIGMAB_COUNTS tag=MONASH species=Xi_b- pdg=5132 slice=all p=53 a=44 file=/data/alice/ipardoza/hadronization_production/HF_RUN3_V1/raw/MONASH/hf_MONASH_job809.root
SIGMAB_COUNTS tag=MONASH species=Xi_b- pdg=5132 slice=eta_lt_1 p=10 a=6 file=/data/alice/ipardoza/hadronization_production/HF_RUN3_V1/raw/MONASH/hf_MONASH_job809.root
SIGMAB_COUNTS tag=MONASH species=Xi_b- pdg=5132 slice=eta_1_2 p=12 a=8 file=/data/alice/ipardoza/hadronization_production/HF_RUN3_V1/raw/MONASH/hf_MONASH_job809.root
SIGMAB_COUNTS tag=MONASH species=Xi_b- pdg=5132 slice=eta_ge_2 p=31 a=30 file=/data/alice/ipardoza/hadronization_production/HF_RUN3_V1/raw/MONASH/hf_MONASH_job809.root
SIGMAB_COUNTS tag=MONASH species=Sigma_b+ pdg=5222 slice=all p=37 a=23 file=/data/alice/ipardoza/hadronization_production/HF_RUN3_V1/raw/MONASH/hf_MONASH_job810.root
SIGMAB_COUNTS tag=MONASH species=Sigma_b+ pdg=5222 slice=eta_lt_1 p=5 a=6 file=/data/alice/ipardoza/hadronization_production/HF_RUN3_V1/raw/MONASH/hf_MONASH_job810.root
SIGMAB_COUNTS tag=MONASH species=Sigma_b+ pdg=5222 slice=eta_1_2 p=5 a=3 file=/data/alice/ipardoza/hadronization_production/HF_RUN3_V1/raw/MONASH/hf_MONASH_job810.root
SIGMAB_COUNTS tag=MONASH species=Sigma_b+ pdg=5222 slice=eta_ge_2 p=27 a=14 file=/data/alice/ipardoza/hadronization_production/HF_RUN3_V1/raw/MONASH/hf_MONASH_job810.root
SIGMAB_COUNTS tag=MONASH species=Sigma_b0 pdg=5212 slice=all p=40 a=18 file=/data/alice/ipardoza/hadronization_production/HF_RUN3_V1/raw/MONASH/hf_MONASH_job810.root
SIGMAB_COUNTS tag=MONASH species=Sigma_b0 pdg=5212 slice=eta_lt_1 p=7 a=4 file=/data/alice/ipardoza/hadronization_production/HF_RUN3_V1/raw/MONASH/hf_MONASH_job810.root
SIGMAB_COUNTS tag=MONASH species=Sigma_b0 pdg=5212 slice=eta_1_2 p=6 a=6 file=/data/alice/ipardoza/hadronization_production/HF_RUN3_V1/raw/MONASH/hf_MONASH_job810.root
SIGMAB_COUNTS tag=MONASH species=Sigma_b0 pdg=5212 slice=eta_ge_2 p=27 a=8 file=/data/alice/ipardoza/hadronization_production/HF_RUN3_V1/raw/MONASH/hf_MONASH_job810.root
SIGMAB_COUNTS tag=MONASH species=Sigma_b- pdg=5112 slice=all p=42 a=22 file=/data/alice/ipardoza/hadronization_production/HF_RUN3_V1/raw/MONASH/hf_MONASH_job810.root
SIGMAB_COUNTS tag=MONASH species=Sigma_b- pdg=5112 slice=eta_lt_1 p=5 a=3 file=/data/alice/ipardoza/hadronization_production/HF_RUN3_V1/raw/MONASH/hf_MONASH_job810.root
SIGMAB_COUNTS tag=MONASH species=Sigma_b- pdg=5112 slice=eta_1_2 p=12 a=5 file=/data/alice/ipardoza/hadronization_production/HF_RUN3_V1/raw/MONASH/hf_MONASH_job810.root
SIGMAB_COUNTS tag=MONASH species=Sigma_b- pdg=5112 slice=eta_ge_2 p=25 a=14 file=/data/alice/ipardoza/hadronization_production/HF_RUN3_V1/raw/MONASH/hf_MONASH_job810.root
SIGMAB_COUNTS tag=MONASH species=Sigma*_b+ pdg=5224 slice=all p=47 a=39 file=/data/alice/ipardoza/hadronization_production/HF_RUN3_V1/raw/MONASH/hf_MONASH_job810.root
SIGMAB_COUNTS tag=MONASH species=Sigma*_b+ pdg=5224 slice=eta_lt_1 p=5 a=7 file=/data/alice/ipardoza/hadronization_production/HF_RUN3_V1/raw/MONASH/hf_MONASH_job810.root
SIGMAB_COUNTS tag=MONASH species=Sigma*_b+ pdg=5224 slice=eta_1_2 p=12 a=7 file=/data/alice/ipardoza/hadronization_production/HF_RUN3_V1/raw/MONASH/hf_MONASH_job810.root
SIGMAB_COUNTS tag=MONASH species=Sigma*_b+ pdg=5224 slice=eta_ge_2 p=30 a=25 file=/data/alice/ipardoza/hadronization_production/HF_RUN3_V1/raw/MONASH/hf_MONASH_job810.root
SIGMAB_COUNTS tag=MONASH species=Sigma*_b0 pdg=5214 slice=all p=50 a=39 file=/data/alice/ipardoza/hadronization_production/HF_RUN3_V1/raw/MONASH/hf_MONASH_job810.root
SIGMAB_COUNTS tag=MONASH species=Sigma*_b0 pdg=5214 slice=eta_lt_1 p=8 a=9 file=/data/alice/ipardoza/hadronization_production/HF_RUN3_V1/raw/MONASH/hf_MONASH_job810.root
SIGMAB_COUNTS tag=MONASH species=Sigma*_b0 pdg=5214 slice=eta_1_2 p=13 a=5 file=/data/alice/ipardoza/hadronization_production/HF_RUN3_V1/raw/MONASH/hf_MONASH_job810.root
SIGMAB_COUNTS tag=MONASH species=Sigma*_b0 pdg=5214 slice=eta_ge_2 p=29 a=25 file=/data/alice/ipardoza/hadronization_production/HF_RUN3_V1/raw/MONASH/hf_MONASH_job810.root
SIGMAB_COUNTS tag=MONASH species=Sigma*_b- pdg=5114 slice=all p=44 a=38 file=/data/alice/ipardoza/hadronization_production/HF_RUN3_V1/raw/MONASH/hf_MONASH_job810.root
SIGMAB_COUNTS tag=MONASH species=Sigma*_b- pdg=5114 slice=eta_lt_1 p=9 a=11 file=/data/alice/ipardoza/hadronization_production/HF_RUN3_V1/raw/MONASH/hf_MONASH_job810.root
SIGMAB_COUNTS tag=MONASH species=Sigma*_b- pdg=5114 slice=eta_1_2 p=8 a=11 file=/data/alice/ipardoza/hadronization_production/HF_RUN3_V1/raw/MONASH/hf_MONASH_job810.root
SIGMAB_COUNTS tag=MONASH species=Sigma*_b- pdg=5114 slice=eta_ge_2 p=27 a=16 file=/data/alice/ipardoza/hadronization_production/HF_RUN3_V1/raw/MONASH/hf_MONASH_job810.root
SIGMAB_COUNTS tag=MONASH species=Lambda_b0 pdg=5122 slice=all p=318 a=314 file=/data/alice/ipardoza/hadronization_production/HF_RUN3_V1/raw/MONASH/hf_MONASH_job810.root
SIGMAB_COUNTS tag=MONASH species=Lambda_b0 pdg=5122 slice=eta_lt_1 p=59 a=48 file=/data/alice/ipardoza/hadronization_production/HF_RUN3_V1/raw/MONASH/hf_MONASH_job810.root
SIGMAB_COUNTS tag=MONASH species=Lambda_b0 pdg=5122 slice=eta_1_2 p=76 a=60 file=/data/alice/ipardoza/hadronization_production/HF_RUN3_V1/raw/MONASH/hf_MONASH_job810.root
SIGMAB_COUNTS tag=MONASH species=Lambda_b0 pdg=5122 slice=eta_ge_2 p=183 a=206 file=/data/alice/ipardoza/hadronization_production/HF_RUN3_V1/raw/MONASH/hf_MONASH_job810.root
SIGMAB_COUNTS tag=MONASH species=Xi_b0 pdg=5232 slice=all p=65 a=52 file=/data/alice/ipardoza/hadronization_production/HF_RUN3_V1/raw/MONASH/hf_MONASH_job810.root
SIGMAB_COUNTS tag=MONASH species=Xi_b0 pdg=5232 slice=eta_lt_1 p=14 a=14 file=/data/alice/ipardoza/hadronization_production/HF_RUN3_V1/raw/MONASH/hf_MONASH_job810.root
SIGMAB_COUNTS tag=MONASH species=Xi_b0 pdg=5232 slice=eta_1_2 p=15 a=13 file=/data/alice/ipardoza/hadronization_production/HF_RUN3_V1/raw/MONASH/hf_MONASH_job810.root
SIGMAB_COUNTS tag=MONASH species=Xi_b0 pdg=5232 slice=eta_ge_2 p=36 a=25 file=/data/alice/ipardoza/hadronization_production/HF_RUN3_V1/raw/MONASH/hf_MONASH_job810.root
SIGMAB_COUNTS tag=MONASH species=Xi_b- pdg=5132 slice=all p=68 a=50 file=/data/alice/ipardoza/hadronization_production/HF_RUN3_V1/raw/MONASH/hf_MONASH_job810.root
SIGMAB_COUNTS tag=MONASH species=Xi_b- pdg=5132 slice=eta_lt_1 p=12 a=10 file=/data/alice/ipardoza/hadronization_production/HF_RUN3_V1/raw/MONASH/hf_MONASH_job810.root
SIGMAB_COUNTS tag=MONASH species=Xi_b- pdg=5132 slice=eta_1_2 p=12 a=16 file=/data/alice/ipardoza/hadronization_production/HF_RUN3_V1/raw/MONASH/hf_MONASH_job810.root
SIGMAB_COUNTS tag=MONASH species=Xi_b- pdg=5132 slice=eta_ge_2 p=44 a=24 file=/data/alice/ipardoza/hadronization_production/HF_RUN3_V1/raw/MONASH/hf_MONASH_job810.root
SIGMAB_COUNTS tag=MONASH species=Sigma_b+ pdg=5222 slice=all p=30 a=25 file=/data/alice/ipardoza/hadronization_production/HF_RUN3_V1/raw/MONASH/hf_MONASH_job811.root
SIGMAB_COUNTS tag=MONASH species=Sigma_b+ pdg=5222 slice=eta_lt_1 p=6 a=3 file=/data/alice/ipardoza/hadronization_production/HF_RUN3_V1/raw/MONASH/hf_MONASH_job811.root
SIGMAB_COUNTS tag=MONASH species=Sigma_b+ pdg=5222 slice=eta_1_2 p=6 a=4 file=/data/alice/ipardoza/hadronization_production/HF_RUN3_V1/raw/MONASH/hf_MONASH_job811.root
SIGMAB_COUNTS tag=MONASH species=Sigma_b+ pdg=5222 slice=eta_ge_2 p=18 a=18 file=/data/alice/ipardoza/hadronization_production/HF_RUN3_V1/raw/MONASH/hf_MONASH_job811.root
SIGMAB_COUNTS tag=MONASH species=Sigma_b0 pdg=5212 slice=all p=46 a=31 file=/data/alice/ipardoza/hadronization_production/HF_RUN3_V1/raw/MONASH/hf_MONASH_job811.root
SIGMAB_COUNTS tag=MONASH species=Sigma_b0 pdg=5212 slice=eta_lt_1 p=8 a=3 file=/data/alice/ipardoza/hadronization_production/HF_RUN3_V1/raw/MONASH/hf_MONASH_job811.root
SIGMAB_COUNTS tag=MONASH species=Sigma_b0 pdg=5212 slice=eta_1_2 p=8 a=7 file=/data/alice/ipardoza/hadronization_production/HF_RUN3_V1/raw/MONASH/hf_MONASH_job811.root
SIGMAB_COUNTS tag=MONASH species=Sigma_b0 pdg=5212 slice=eta_ge_2 p=30 a=21 file=/data/alice/ipardoza/hadronization_production/HF_RUN3_V1/raw/MONASH/hf_MONASH_job811.root
SIGMAB_COUNTS tag=MONASH species=Sigma_b- pdg=5112 slice=all p=38 a=16 file=/data/alice/ipardoza/hadronization_production/HF_RUN3_V1/raw/MONASH/hf_MONASH_job811.root
SIGMAB_COUNTS tag=MONASH species=Sigma_b- pdg=5112 slice=eta_lt_1 p=8 a=3 file=/data/alice/ipardoza/hadronization_production/HF_RUN3_V1/raw/MONASH/hf_MONASH_job811.root
SIGMAB_COUNTS tag=MONASH species=Sigma_b- pdg=5112 slice=eta_1_2 p=5 a=5 file=/data/alice/ipardoza/hadronization_production/HF_RUN3_V1/raw/MONASH/hf_MONASH_job811.root
SIGMAB_COUNTS tag=MONASH species=Sigma_b- pdg=5112 slice=eta_ge_2 p=25 a=8 file=/data/alice/ipardoza/hadronization_production/HF_RUN3_V1/raw/MONASH/hf_MONASH_job811.root
SIGMAB_COUNTS tag=MONASH species=Sigma*_b+ pdg=5224 slice=all p=37 a=39 file=/data/alice/ipardoza/hadronization_production/HF_RUN3_V1/raw/MONASH/hf_MONASH_job811.root
SIGMAB_COUNTS tag=MONASH species=Sigma*_b+ pdg=5224 slice=eta_lt_1 p=2 a=12 file=/data/alice/ipardoza/hadronization_production/HF_RUN3_V1/raw/MONASH/hf_MONASH_job811.root
SIGMAB_COUNTS tag=MONASH species=Sigma*_b+ pdg=5224 slice=eta_1_2 p=9 a=5 file=/data/alice/ipardoza/hadronization_production/HF_RUN3_V1/raw/MONASH/hf_MONASH_job811.root
SIGMAB_COUNTS tag=MONASH species=Sigma*_b+ pdg=5224 slice=eta_ge_2 p=26 a=22 file=/data/alice/ipardoza/hadronization_production/HF_RUN3_V1/raw/MONASH/hf_MONASH_job811.root
SIGMAB_COUNTS tag=MONASH species=Sigma*_b0 pdg=5214 slice=all p=39 a=35 file=/data/alice/ipardoza/hadronization_production/HF_RUN3_V1/raw/MONASH/hf_MONASH_job811.root
SIGMAB_COUNTS tag=MONASH species=Sigma*_b0 pdg=5214 slice=eta_lt_1 p=6 a=10 file=/data/alice/ipardoza/hadronization_production/HF_RUN3_V1/raw/MONASH/hf_MONASH_job811.root
SIGMAB_COUNTS tag=MONASH species=Sigma*_b0 pdg=5214 slice=eta_1_2 p=9 a=9 file=/data/alice/ipardoza/hadronization_production/HF_RUN3_V1/raw/MONASH/hf_MONASH_job811.root
SIGMAB_COUNTS tag=MONASH species=Sigma*_b0 pdg=5214 slice=eta_ge_2 p=24 a=16 file=/data/alice/ipardoza/hadronization_production/HF_RUN3_V1/raw/MONASH/hf_MONASH_job811.root
SIGMAB_COUNTS tag=MONASH species=Sigma*_b- pdg=5114 slice=all p=49 a=36 file=/data/alice/ipardoza/hadronization_production/HF_RUN3_V1/raw/MONASH/hf_MONASH_job811.root
SIGMAB_COUNTS tag=MONASH species=Sigma*_b- pdg=5114 slice=eta_lt_1 p=11 a=4 file=/data/alice/ipardoza/hadronization_production/HF_RUN3_V1/raw/MONASH/hf_MONASH_job811.root
SIGMAB_COUNTS tag=MONASH species=Sigma*_b- pdg=5114 slice=eta_1_2 p=5 a=8 file=/data/alice/ipardoza/hadronization_production/HF_RUN3_V1/raw/MONASH/hf_MONASH_job811.root
SIGMAB_COUNTS tag=MONASH species=Sigma*_b- pdg=5114 slice=eta_ge_2 p=33 a=24 file=/data/alice/ipardoza/hadronization_production/HF_RUN3_V1/raw/MONASH/hf_MONASH_job811.root
SIGMAB_COUNTS tag=MONASH species=Lambda_b0 pdg=5122 slice=all p=309 a=306 file=/data/alice/ipardoza/hadronization_production/HF_RUN3_V1/raw/MONASH/hf_MONASH_job811.root
SIGMAB_COUNTS tag=MONASH species=Lambda_b0 pdg=5122 slice=eta_lt_1 p=55 a=64 file=/data/alice/ipardoza/hadronization_production/HF_RUN3_V1/raw/MONASH/hf_MONASH_job811.root
SIGMAB_COUNTS tag=MONASH species=Lambda_b0 pdg=5122 slice=eta_1_2 p=74 a=69 file=/data/alice/ipardoza/hadronization_production/HF_RUN3_V1/raw/MONASH/hf_MONASH_job811.root
SIGMAB_COUNTS tag=MONASH species=Lambda_b0 pdg=5122 slice=eta_ge_2 p=180 a=173 file=/data/alice/ipardoza/hadronization_production/HF_RUN3_V1/raw/MONASH/hf_MONASH_job811.root
SIGMAB_COUNTS tag=MONASH species=Xi_b0 pdg=5232 slice=all p=70 a=59 file=/data/alice/ipardoza/hadronization_production/HF_RUN3_V1/raw/MONASH/hf_MONASH_job811.root
SIGMAB_COUNTS tag=MONASH species=Xi_b0 pdg=5232 slice=eta_lt_1 p=9 a=11 file=/data/alice/ipardoza/hadronization_production/HF_RUN3_V1/raw/MONASH/hf_MONASH_job811.root
SIGMAB_COUNTS tag=MONASH species=Xi_b0 pdg=5232 slice=eta_1_2 p=23 a=14 file=/data/alice/ipardoza/hadronization_production/HF_RUN3_V1/raw/MONASH/hf_MONASH_job811.root
SIGMAB_COUNTS tag=MONASH species=Xi_b0 pdg=5232 slice=eta_ge_2 p=38 a=34 file=/data/alice/ipardoza/hadronization_production/HF_RUN3_V1/raw/MONASH/hf_MONASH_job811.root
SIGMAB_COUNTS tag=MONASH species=Xi_b- pdg=5132 slice=all p=65 a=60 file=/data/alice/ipardoza/hadronization_production/HF_RUN3_V1/raw/MONASH/hf_MONASH_job811.root
SIGMAB_COUNTS tag=MONASH species=Xi_b- pdg=5132 slice=eta_lt_1 p=13 a=13 file=/data/alice/ipardoza/hadronization_production/HF_RUN3_V1/raw/MONASH/hf_MONASH_job811.root
SIGMAB_COUNTS tag=MONASH species=Xi_b- pdg=5132 slice=eta_1_2 p=14 a=11 file=/data/alice/ipardoza/hadronization_production/HF_RUN3_V1/raw/MONASH/hf_MONASH_job811.root
SIGMAB_COUNTS tag=MONASH species=Xi_b- pdg=5132 slice=eta_ge_2 p=38 a=36 file=/data/alice/ipardoza/hadronization_production/HF_RUN3_V1/raw/MONASH/hf_MONASH_job811.root
SIGMAB_COUNTS tag=MONASH species=Sigma_b+ pdg=5222 slice=all p=37 a=20 file=/data/alice/ipardoza/hadronization_production/HF_RUN3_V1/raw/MONASH/hf_MONASH_job812.root
SIGMAB_COUNTS tag=MONASH species=Sigma_b+ pdg=5222 slice=eta_lt_1 p=5 a=1 file=/data/alice/ipardoza/hadronization_production/HF_RUN3_V1/raw/MONASH/hf_MONASH_job812.root
SIGMAB_COUNTS tag=MONASH species=Sigma_b+ pdg=5222 slice=eta_1_2 p=11 a=5 file=/data/alice/ipardoza/hadronization_production/HF_RUN3_V1/raw/MONASH/hf_MONASH_job812.root
SIGMAB_COUNTS tag=MONASH species=Sigma_b+ pdg=5222 slice=eta_ge_2 p=21 a=14 file=/data/alice/ipardoza/hadronization_production/HF_RUN3_V1/raw/MONASH/hf_MONASH_job812.root
SIGMAB_COUNTS tag=MONASH species=Sigma_b0 pdg=5212 slice=all p=37 a=18 file=/data/alice/ipardoza/hadronization_production/HF_RUN3_V1/raw/MONASH/hf_MONASH_job812.root
SIGMAB_COUNTS tag=MONASH species=Sigma_b0 pdg=5212 slice=eta_lt_1 p=4 a=8 file=/data/alice/ipardoza/hadronization_production/HF_RUN3_V1/raw/MONASH/hf_MONASH_job812.root
SIGMAB_COUNTS tag=MONASH species=Sigma_b0 pdg=5212 slice=eta_1_2 p=4 a=1 file=/data/alice/ipardoza/hadronization_production/HF_RUN3_V1/raw/MONASH/hf_MONASH_job812.root
SIGMAB_COUNTS tag=MONASH species=Sigma_b0 pdg=5212 slice=eta_ge_2 p=29 a=9 file=/data/alice/ipardoza/hadronization_production/HF_RUN3_V1/raw/MONASH/hf_MONASH_job812.root
SIGMAB_COUNTS tag=MONASH species=Sigma_b- pdg=5112 slice=all p=40 a=15 file=/data/alice/ipardoza/hadronization_production/HF_RUN3_V1/raw/MONASH/hf_MONASH_job812.root
SIGMAB_COUNTS tag=MONASH species=Sigma_b- pdg=5112 slice=eta_lt_1 p=7 a=2 file=/data/alice/ipardoza/hadronization_production/HF_RUN3_V1/raw/MONASH/hf_MONASH_job812.root
SIGMAB_COUNTS tag=MONASH species=Sigma_b- pdg=5112 slice=eta_1_2 p=10 a=6 file=/data/alice/ipardoza/hadronization_production/HF_RUN3_V1/raw/MONASH/hf_MONASH_job812.root
SIGMAB_COUNTS tag=MONASH species=Sigma_b- pdg=5112 slice=eta_ge_2 p=23 a=7 file=/data/alice/ipardoza/hadronization_production/HF_RUN3_V1/raw/MONASH/hf_MONASH_job812.root
SIGMAB_COUNTS tag=MONASH species=Sigma*_b+ pdg=5224 slice=all p=38 a=36 file=/data/alice/ipardoza/hadronization_production/HF_RUN3_V1/raw/MONASH/hf_MONASH_job812.root
SIGMAB_COUNTS tag=MONASH species=Sigma*_b+ pdg=5224 slice=eta_lt_1 p=8 a=2 file=/data/alice/ipardoza/hadronization_production/HF_RUN3_V1/raw/MONASH/hf_MONASH_job812.root
SIGMAB_COUNTS tag=MONASH species=Sigma*_b+ pdg=5224 slice=eta_1_2 p=7 a=9 file=/data/alice/ipardoza/hadronization_production/HF_RUN3_V1/raw/MONASH/hf_MONASH_job812.root
SIGMAB_COUNTS tag=MONASH species=Sigma*_b+ pdg=5224 slice=eta_ge_2 p=23 a=25 file=/data/alice/ipardoza/hadronization_production/HF_RUN3_V1/raw/MONASH/hf_MONASH_job812.root
SIGMAB_COUNTS tag=MONASH species=Sigma*_b0 pdg=5214 slice=all p=51 a=37 file=/data/alice/ipardoza/hadronization_production/HF_RUN3_V1/raw/MONASH/hf_MONASH_job812.root
SIGMAB_COUNTS tag=MONASH species=Sigma*_b0 pdg=5214 slice=eta_lt_1 p=10 a=8 file=/data/alice/ipardoza/hadronization_production/HF_RUN3_V1/raw/MONASH/hf_MONASH_job812.root
SIGMAB_COUNTS tag=MONASH species=Sigma*_b0 pdg=5214 slice=eta_1_2 p=10 a=11 file=/data/alice/ipardoza/hadronization_production/HF_RUN3_V1/raw/MONASH/hf_MONASH_job812.root
SIGMAB_COUNTS tag=MONASH species=Sigma*_b0 pdg=5214 slice=eta_ge_2 p=31 a=18 file=/data/alice/ipardoza/hadronization_production/HF_RUN3_V1/raw/MONASH/hf_MONASH_job812.root
SIGMAB_COUNTS tag=MONASH species=Sigma*_b- pdg=5114 slice=all p=47 a=37 file=/data/alice/ipardoza/hadronization_production/HF_RUN3_V1/raw/MONASH/hf_MONASH_job812.root
SIGMAB_COUNTS tag=MONASH species=Sigma*_b- pdg=5114 slice=eta_lt_1 p=6 a=6 file=/data/alice/ipardoza/hadronization_production/HF_RUN3_V1/raw/MONASH/hf_MONASH_job812.root
SIGMAB_COUNTS tag=MONASH species=Sigma*_b- pdg=5114 slice=eta_1_2 p=13 a=7 file=/data/alice/ipardoza/hadronization_production/HF_RUN3_V1/raw/MONASH/hf_MONASH_job812.root
SIGMAB_COUNTS tag=MONASH species=Sigma*_b- pdg=5114 slice=eta_ge_2 p=28 a=24 file=/data/alice/ipardoza/hadronization_production/HF_RUN3_V1/raw/MONASH/hf_MONASH_job812.root
SIGMAB_COUNTS tag=MONASH species=Lambda_b0 pdg=5122 slice=all p=288 a=306 file=/data/alice/ipardoza/hadronization_production/HF_RUN3_V1/raw/MONASH/hf_MONASH_job812.root
SIGMAB_COUNTS tag=MONASH species=Lambda_b0 pdg=5122 slice=eta_lt_1 p=40 a=55 file=/data/alice/ipardoza/hadronization_production/HF_RUN3_V1/raw/MONASH/hf_MONASH_job812.root
SIGMAB_COUNTS tag=MONASH species=Lambda_b0 pdg=5122 slice=eta_1_2 p=63 a=68 file=/data/alice/ipardoza/hadronization_production/HF_RUN3_V1/raw/MONASH/hf_MONASH_job812.root
SIGMAB_COUNTS tag=MONASH species=Lambda_b0 pdg=5122 slice=eta_ge_2 p=185 a=183 file=/data/alice/ipardoza/hadronization_production/HF_RUN3_V1/raw/MONASH/hf_MONASH_job812.root
SIGMAB_COUNTS tag=MONASH species=Xi_b0 pdg=5232 slice=all p=55 a=46 file=/data/alice/ipardoza/hadronization_production/HF_RUN3_V1/raw/MONASH/hf_MONASH_job812.root
SIGMAB_COUNTS tag=MONASH species=Xi_b0 pdg=5232 slice=eta_lt_1 p=11 a=9 file=/data/alice/ipardoza/hadronization_production/HF_RUN3_V1/raw/MONASH/hf_MONASH_job812.root
SIGMAB_COUNTS tag=MONASH species=Xi_b0 pdg=5232 slice=eta_1_2 p=15 a=10 file=/data/alice/ipardoza/hadronization_production/HF_RUN3_V1/raw/MONASH/hf_MONASH_job812.root
SIGMAB_COUNTS tag=MONASH species=Xi_b0 pdg=5232 slice=eta_ge_2 p=29 a=27 file=/data/alice/ipardoza/hadronization_production/HF_RUN3_V1/raw/MONASH/hf_MONASH_job812.root
SIGMAB_COUNTS tag=MONASH species=Xi_b- pdg=5132 slice=all p=55 a=53 file=/data/alice/ipardoza/hadronization_production/HF_RUN3_V1/raw/MONASH/hf_MONASH_job812.root
SIGMAB_COUNTS tag=MONASH species=Xi_b- pdg=5132 slice=eta_lt_1 p=11 a=10 file=/data/alice/ipardoza/hadronization_production/HF_RUN3_V1/raw/MONASH/hf_MONASH_job812.root
SIGMAB_COUNTS tag=MONASH species=Xi_b- pdg=5132 slice=eta_1_2 p=5 a=10 file=/data/alice/ipardoza/hadronization_production/HF_RUN3_V1/raw/MONASH/hf_MONASH_job812.root
SIGMAB_COUNTS tag=MONASH species=Xi_b- pdg=5132 slice=eta_ge_2 p=39 a=33 file=/data/alice/ipardoza/hadronization_production/HF_RUN3_V1/raw/MONASH/hf_MONASH_job812.root
SIGMAB_COUNTS tag=MONASH species=Sigma_b+ pdg=5222 slice=all p=27 a=20 file=/data/alice/ipardoza/hadronization_production/HF_RUN3_V1/raw/MONASH/hf_MONASH_job813.root
SIGMAB_COUNTS tag=MONASH species=Sigma_b+ pdg=5222 slice=eta_lt_1 p=7 a=4 file=/data/alice/ipardoza/hadronization_production/HF_RUN3_V1/raw/MONASH/hf_MONASH_job813.root
SIGMAB_COUNTS tag=MONASH species=Sigma_b+ pdg=5222 slice=eta_1_2 p=5 a=7 file=/data/alice/ipardoza/hadronization_production/HF_RUN3_V1/raw/MONASH/hf_MONASH_job813.root
SIGMAB_COUNTS tag=MONASH species=Sigma_b+ pdg=5222 slice=eta_ge_2 p=15 a=9 file=/data/alice/ipardoza/hadronization_production/HF_RUN3_V1/raw/MONASH/hf_MONASH_job813.root
SIGMAB_COUNTS tag=MONASH species=Sigma_b0 pdg=5212 slice=all p=21 a=18 file=/data/alice/ipardoza/hadronization_production/HF_RUN3_V1/raw/MONASH/hf_MONASH_job813.root
SIGMAB_COUNTS tag=MONASH species=Sigma_b0 pdg=5212 slice=eta_lt_1 p=3 a=5 file=/data/alice/ipardoza/hadronization_production/HF_RUN3_V1/raw/MONASH/hf_MONASH_job813.root
SIGMAB_COUNTS tag=MONASH species=Sigma_b0 pdg=5212 slice=eta_1_2 p=4 a=2 file=/data/alice/ipardoza/hadronization_production/HF_RUN3_V1/raw/MONASH/hf_MONASH_job813.root
SIGMAB_COUNTS tag=MONASH species=Sigma_b0 pdg=5212 slice=eta_ge_2 p=14 a=11 file=/data/alice/ipardoza/hadronization_production/HF_RUN3_V1/raw/MONASH/hf_MONASH_job813.root
SIGMAB_COUNTS tag=MONASH species=Sigma_b- pdg=5112 slice=all p=27 a=15 file=/data/alice/ipardoza/hadronization_production/HF_RUN3_V1/raw/MONASH/hf_MONASH_job813.root
SIGMAB_COUNTS tag=MONASH species=Sigma_b- pdg=5112 slice=eta_lt_1 p=3 a=2 file=/data/alice/ipardoza/hadronization_production/HF_RUN3_V1/raw/MONASH/hf_MONASH_job813.root
SIGMAB_COUNTS tag=MONASH species=Sigma_b- pdg=5112 slice=eta_1_2 p=4 a=1 file=/data/alice/ipardoza/hadronization_production/HF_RUN3_V1/raw/MONASH/hf_MONASH_job813.root
SIGMAB_COUNTS tag=MONASH species=Sigma_b- pdg=5112 slice=eta_ge_2 p=20 a=12 file=/data/alice/ipardoza/hadronization_production/HF_RUN3_V1/raw/MONASH/hf_MONASH_job813.root
SIGMAB_COUNTS tag=MONASH species=Sigma*_b+ pdg=5224 slice=all p=60 a=32 file=/data/alice/ipardoza/hadronization_production/HF_RUN3_V1/raw/MONASH/hf_MONASH_job813.root
SIGMAB_COUNTS tag=MONASH species=Sigma*_b+ pdg=5224 slice=eta_lt_1 p=8 a=7 file=/data/alice/ipardoza/hadronization_production/HF_RUN3_V1/raw/MONASH/hf_MONASH_job813.root
SIGMAB_COUNTS tag=MONASH species=Sigma*_b+ pdg=5224 slice=eta_1_2 p=11 a=7 file=/data/alice/ipardoza/hadronization_production/HF_RUN3_V1/raw/MONASH/hf_MONASH_job813.root
SIGMAB_COUNTS tag=MONASH species=Sigma*_b+ pdg=5224 slice=eta_ge_2 p=41 a=18 file=/data/alice/ipardoza/hadronization_production/HF_RUN3_V1/raw/MONASH/hf_MONASH_job813.root
SIGMAB_COUNTS tag=MONASH species=Sigma*_b0 pdg=5214 slice=all p=44 a=42 file=/data/alice/ipardoza/hadronization_production/HF_RUN3_V1/raw/MONASH/hf_MONASH_job813.root
SIGMAB_COUNTS tag=MONASH species=Sigma*_b0 pdg=5214 slice=eta_lt_1 p=4 a=8 file=/data/alice/ipardoza/hadronization_production/HF_RUN3_V1/raw/MONASH/hf_MONASH_job813.root
SIGMAB_COUNTS tag=MONASH species=Sigma*_b0 pdg=5214 slice=eta_1_2 p=6 a=12 file=/data/alice/ipardoza/hadronization_production/HF_RUN3_V1/raw/MONASH/hf_MONASH_job813.root
SIGMAB_COUNTS tag=MONASH species=Sigma*_b0 pdg=5214 slice=eta_ge_2 p=34 a=22 file=/data/alice/ipardoza/hadronization_production/HF_RUN3_V1/raw/MONASH/hf_MONASH_job813.root
SIGMAB_COUNTS tag=MONASH species=Sigma*_b- pdg=5114 slice=all p=58 a=37 file=/data/alice/ipardoza/hadronization_production/HF_RUN3_V1/raw/MONASH/hf_MONASH_job813.root
SIGMAB_COUNTS tag=MONASH species=Sigma*_b- pdg=5114 slice=eta_lt_1 p=10 a=4 file=/data/alice/ipardoza/hadronization_production/HF_RUN3_V1/raw/MONASH/hf_MONASH_job813.root
SIGMAB_COUNTS tag=MONASH species=Sigma*_b- pdg=5114 slice=eta_1_2 p=11 a=8 file=/data/alice/ipardoza/hadronization_production/HF_RUN3_V1/raw/MONASH/hf_MONASH_job813.root
SIGMAB_COUNTS tag=MONASH species=Sigma*_b- pdg=5114 slice=eta_ge_2 p=37 a=25 file=/data/alice/ipardoza/hadronization_production/HF_RUN3_V1/raw/MONASH/hf_MONASH_job813.root
SIGMAB_COUNTS tag=MONASH species=Lambda_b0 pdg=5122 slice=all p=307 a=312 file=/data/alice/ipardoza/hadronization_production/HF_RUN3_V1/raw/MONASH/hf_MONASH_job813.root
SIGMAB_COUNTS tag=MONASH species=Lambda_b0 pdg=5122 slice=eta_lt_1 p=61 a=58 file=/data/alice/ipardoza/hadronization_production/HF_RUN3_V1/raw/MONASH/hf_MONASH_job813.root
SIGMAB_COUNTS tag=MONASH species=Lambda_b0 pdg=5122 slice=eta_1_2 p=60 a=58 file=/data/alice/ipardoza/hadronization_production/HF_RUN3_V1/raw/MONASH/hf_MONASH_job813.root
SIGMAB_COUNTS tag=MONASH species=Lambda_b0 pdg=5122 slice=eta_ge_2 p=186 a=196 file=/data/alice/ipardoza/hadronization_production/HF_RUN3_V1/raw/MONASH/hf_MONASH_job813.root
SIGMAB_COUNTS tag=MONASH species=Xi_b0 pdg=5232 slice=all p=58 a=50 file=/data/alice/ipardoza/hadronization_production/HF_RUN3_V1/raw/MONASH/hf_MONASH_job813.root
SIGMAB_COUNTS tag=MONASH species=Xi_b0 pdg=5232 slice=eta_lt_1 p=10 a=11 file=/data/alice/ipardoza/hadronization_production/HF_RUN3_V1/raw/MONASH/hf_MONASH_job813.root
SIGMAB_COUNTS tag=MONASH species=Xi_b0 pdg=5232 slice=eta_1_2 p=13 a=6 file=/data/alice/ipardoza/hadronization_production/HF_RUN3_V1/raw/MONASH/hf_MONASH_job813.root
SIGMAB_COUNTS tag=MONASH species=Xi_b0 pdg=5232 slice=eta_ge_2 p=35 a=33 file=/data/alice/ipardoza/hadronization_production/HF_RUN3_V1/raw/MONASH/hf_MONASH_job813.root
SIGMAB_COUNTS tag=MONASH species=Xi_b- pdg=5132 slice=all p=63 a=57 file=/data/alice/ipardoza/hadronization_production/HF_RUN3_V1/raw/MONASH/hf_MONASH_job813.root
SIGMAB_COUNTS tag=MONASH species=Xi_b- pdg=5132 slice=eta_lt_1 p=13 a=16 file=/data/alice/ipardoza/hadronization_production/HF_RUN3_V1/raw/MONASH/hf_MONASH_job813.root
SIGMAB_COUNTS tag=MONASH species=Xi_b- pdg=5132 slice=eta_1_2 p=12 a=9 file=/data/alice/ipardoza/hadronization_production/HF_RUN3_V1/raw/MONASH/hf_MONASH_job813.root
SIGMAB_COUNTS tag=MONASH species=Xi_b- pdg=5132 slice=eta_ge_2 p=38 a=32 file=/data/alice/ipardoza/hadronization_production/HF_RUN3_V1/raw/MONASH/hf_MONASH_job813.root
SIGMAB_COUNTS tag=MONASH species=Sigma_b+ pdg=5222 slice=all p=39 a=20 file=/data/alice/ipardoza/hadronization_production/HF_RUN3_V1/raw/MONASH/hf_MONASH_job814.root
SIGMAB_COUNTS tag=MONASH species=Sigma_b+ pdg=5222 slice=eta_lt_1 p=4 a=6 file=/data/alice/ipardoza/hadronization_production/HF_RUN3_V1/raw/MONASH/hf_MONASH_job814.root
SIGMAB_COUNTS tag=MONASH species=Sigma_b+ pdg=5222 slice=eta_1_2 p=14 a=3 file=/data/alice/ipardoza/hadronization_production/HF_RUN3_V1/raw/MONASH/hf_MONASH_job814.root
SIGMAB_COUNTS tag=MONASH species=Sigma_b+ pdg=5222 slice=eta_ge_2 p=21 a=11 file=/data/alice/ipardoza/hadronization_production/HF_RUN3_V1/raw/MONASH/hf_MONASH_job814.root
SIGMAB_COUNTS tag=MONASH species=Sigma_b0 pdg=5212 slice=all p=34 a=28 file=/data/alice/ipardoza/hadronization_production/HF_RUN3_V1/raw/MONASH/hf_MONASH_job814.root
SIGMAB_COUNTS tag=MONASH species=Sigma_b0 pdg=5212 slice=eta_lt_1 p=8 a=7 file=/data/alice/ipardoza/hadronization_production/HF_RUN3_V1/raw/MONASH/hf_MONASH_job814.root
SIGMAB_COUNTS tag=MONASH species=Sigma_b0 pdg=5212 slice=eta_1_2 p=6 a=5 file=/data/alice/ipardoza/hadronization_production/HF_RUN3_V1/raw/MONASH/hf_MONASH_job814.root
SIGMAB_COUNTS tag=MONASH species=Sigma_b0 pdg=5212 slice=eta_ge_2 p=20 a=16 file=/data/alice/ipardoza/hadronization_production/HF_RUN3_V1/raw/MONASH/hf_MONASH_job814.root
SIGMAB_COUNTS tag=MONASH species=Sigma_b- pdg=5112 slice=all p=51 a=20 file=/data/alice/ipardoza/hadronization_production/HF_RUN3_V1/raw/MONASH/hf_MONASH_job814.root
SIGMAB_COUNTS tag=MONASH species=Sigma_b- pdg=5112 slice=eta_lt_1 p=13 a=5 file=/data/alice/ipardoza/hadronization_production/HF_RUN3_V1/raw/MONASH/hf_MONASH_job814.root
SIGMAB_COUNTS tag=MONASH species=Sigma_b- pdg=5112 slice=eta_1_2 p=9 a=6 file=/data/alice/ipardoza/hadronization_production/HF_RUN3_V1/raw/MONASH/hf_MONASH_job814.root
SIGMAB_COUNTS tag=MONASH species=Sigma_b- pdg=5112 slice=eta_ge_2 p=29 a=9 file=/data/alice/ipardoza/hadronization_production/HF_RUN3_V1/raw/MONASH/hf_MONASH_job814.root
SIGMAB_COUNTS tag=MONASH species=Sigma*_b+ pdg=5224 slice=all p=56 a=42 file=/data/alice/ipardoza/hadronization_production/HF_RUN3_V1/raw/MONASH/hf_MONASH_job814.root
SIGMAB_COUNTS tag=MONASH species=Sigma*_b+ pdg=5224 slice=eta_lt_1 p=7 a=7 file=/data/alice/ipardoza/hadronization_production/HF_RUN3_V1/raw/MONASH/hf_MONASH_job814.root
SIGMAB_COUNTS tag=MONASH species=Sigma*_b+ pdg=5224 slice=eta_1_2 p=10 a=6 file=/data/alice/ipardoza/hadronization_production/HF_RUN3_V1/raw/MONASH/hf_MONASH_job814.root
SIGMAB_COUNTS tag=MONASH species=Sigma*_b+ pdg=5224 slice=eta_ge_2 p=39 a=29 file=/data/alice/ipardoza/hadronization_production/HF_RUN3_V1/raw/MONASH/hf_MONASH_job814.root
SIGMAB_COUNTS tag=MONASH species=Sigma*_b0 pdg=5214 slice=all p=48 a=45 file=/data/alice/ipardoza/hadronization_production/HF_RUN3_V1/raw/MONASH/hf_MONASH_job814.root
SIGMAB_COUNTS tag=MONASH species=Sigma*_b0 pdg=5214 slice=eta_lt_1 p=11 a=13 file=/data/alice/ipardoza/hadronization_production/HF_RUN3_V1/raw/MONASH/hf_MONASH_job814.root
SIGMAB_COUNTS tag=MONASH species=Sigma*_b0 pdg=5214 slice=eta_1_2 p=9 a=13 file=/data/alice/ipardoza/hadronization_production/HF_RUN3_V1/raw/MONASH/hf_MONASH_job814.root
SIGMAB_COUNTS tag=MONASH species=Sigma*_b0 pdg=5214 slice=eta_ge_2 p=28 a=19 file=/data/alice/ipardoza/hadronization_production/HF_RUN3_V1/raw/MONASH/hf_MONASH_job814.root
SIGMAB_COUNTS tag=MONASH species=Sigma*_b- pdg=5114 slice=all p=58 a=50 file=/data/alice/ipardoza/hadronization_production/HF_RUN3_V1/raw/MONASH/hf_MONASH_job814.root
SIGMAB_COUNTS tag=MONASH species=Sigma*_b- pdg=5114 slice=eta_lt_1 p=10 a=4 file=/data/alice/ipardoza/hadronization_production/HF_RUN3_V1/raw/MONASH/hf_MONASH_job814.root
SIGMAB_COUNTS tag=MONASH species=Sigma*_b- pdg=5114 slice=eta_1_2 p=10 a=6 file=/data/alice/ipardoza/hadronization_production/HF_RUN3_V1/raw/MONASH/hf_MONASH_job814.root
SIGMAB_COUNTS tag=MONASH species=Sigma*_b- pdg=5114 slice=eta_ge_2 p=38 a=40 file=/data/alice/ipardoza/hadronization_production/HF_RUN3_V1/raw/MONASH/hf_MONASH_job814.root
SIGMAB_COUNTS tag=MONASH species=Lambda_b0 pdg=5122 slice=all p=293 a=334 file=/data/alice/ipardoza/hadronization_production/HF_RUN3_V1/raw/MONASH/hf_MONASH_job814.root
SIGMAB_COUNTS tag=MONASH species=Lambda_b0 pdg=5122 slice=eta_lt_1 p=50 a=53 file=/data/alice/ipardoza/hadronization_production/HF_RUN3_V1/raw/MONASH/hf_MONASH_job814.root
SIGMAB_COUNTS tag=MONASH species=Lambda_b0 pdg=5122 slice=eta_1_2 p=70 a=90 file=/data/alice/ipardoza/hadronization_production/HF_RUN3_V1/raw/MONASH/hf_MONASH_job814.root
SIGMAB_COUNTS tag=MONASH species=Lambda_b0 pdg=5122 slice=eta_ge_2 p=173 a=191 file=/data/alice/ipardoza/hadronization_production/HF_RUN3_V1/raw/MONASH/hf_MONASH_job814.root
SIGMAB_COUNTS tag=MONASH species=Xi_b0 pdg=5232 slice=all p=56 a=52 file=/data/alice/ipardoza/hadronization_production/HF_RUN3_V1/raw/MONASH/hf_MONASH_job814.root
SIGMAB_COUNTS tag=MONASH species=Xi_b0 pdg=5232 slice=eta_lt_1 p=12 a=11 file=/data/alice/ipardoza/hadronization_production/HF_RUN3_V1/raw/MONASH/hf_MONASH_job814.root
SIGMAB_COUNTS tag=MONASH species=Xi_b0 pdg=5232 slice=eta_1_2 p=12 a=6 file=/data/alice/ipardoza/hadronization_production/HF_RUN3_V1/raw/MONASH/hf_MONASH_job814.root
SIGMAB_COUNTS tag=MONASH species=Xi_b0 pdg=5232 slice=eta_ge_2 p=32 a=35 file=/data/alice/ipardoza/hadronization_production/HF_RUN3_V1/raw/MONASH/hf_MONASH_job814.root
SIGMAB_COUNTS tag=MONASH species=Xi_b- pdg=5132 slice=all p=55 a=70 file=/data/alice/ipardoza/hadronization_production/HF_RUN3_V1/raw/MONASH/hf_MONASH_job814.root
SIGMAB_COUNTS tag=MONASH species=Xi_b- pdg=5132 slice=eta_lt_1 p=14 a=15 file=/data/alice/ipardoza/hadronization_production/HF_RUN3_V1/raw/MONASH/hf_MONASH_job814.root
SIGMAB_COUNTS tag=MONASH species=Xi_b- pdg=5132 slice=eta_1_2 p=9 a=17 file=/data/alice/ipardoza/hadronization_production/HF_RUN3_V1/raw/MONASH/hf_MONASH_job814.root
SIGMAB_COUNTS tag=MONASH species=Xi_b- pdg=5132 slice=eta_ge_2 p=32 a=38 file=/data/alice/ipardoza/hadronization_production/HF_RUN3_V1/raw/MONASH/hf_MONASH_job814.root
SIGMAB_COUNTS tag=MONASH species=Sigma_b+ pdg=5222 slice=all p=38 a=17 file=/data/alice/ipardoza/hadronization_production/HF_RUN3_V1/raw/MONASH/hf_MONASH_job815.root
SIGMAB_COUNTS tag=MONASH species=Sigma_b+ pdg=5222 slice=eta_lt_1 p=9 a=6 file=/data/alice/ipardoza/hadronization_production/HF_RUN3_V1/raw/MONASH/hf_MONASH_job815.root
SIGMAB_COUNTS tag=MONASH species=Sigma_b+ pdg=5222 slice=eta_1_2 p=6 a=3 file=/data/alice/ipardoza/hadronization_production/HF_RUN3_V1/raw/MONASH/hf_MONASH_job815.root
SIGMAB_COUNTS tag=MONASH species=Sigma_b+ pdg=5222 slice=eta_ge_2 p=23 a=8 file=/data/alice/ipardoza/hadronization_production/HF_RUN3_V1/raw/MONASH/hf_MONASH_job815.root
SIGMAB_COUNTS tag=MONASH species=Sigma_b0 pdg=5212 slice=all p=37 a=18 file=/data/alice/ipardoza/hadronization_production/HF_RUN3_V1/raw/MONASH/hf_MONASH_job815.root
SIGMAB_COUNTS tag=MONASH species=Sigma_b0 pdg=5212 slice=eta_lt_1 p=9 a=5 file=/data/alice/ipardoza/hadronization_production/HF_RUN3_V1/raw/MONASH/hf_MONASH_job815.root
SIGMAB_COUNTS tag=MONASH species=Sigma_b0 pdg=5212 slice=eta_1_2 p=6 a=3 file=/data/alice/ipardoza/hadronization_production/HF_RUN3_V1/raw/MONASH/hf_MONASH_job815.root
SIGMAB_COUNTS tag=MONASH species=Sigma_b0 pdg=5212 slice=eta_ge_2 p=22 a=10 file=/data/alice/ipardoza/hadronization_production/HF_RUN3_V1/raw/MONASH/hf_MONASH_job815.root
SIGMAB_COUNTS tag=MONASH species=Sigma_b- pdg=5112 slice=all p=31 a=14 file=/data/alice/ipardoza/hadronization_production/HF_RUN3_V1/raw/MONASH/hf_MONASH_job815.root
SIGMAB_COUNTS tag=MONASH species=Sigma_b- pdg=5112 slice=eta_lt_1 p=8 a=6 file=/data/alice/ipardoza/hadronization_production/HF_RUN3_V1/raw/MONASH/hf_MONASH_job815.root
SIGMAB_COUNTS tag=MONASH species=Sigma_b- pdg=5112 slice=eta_1_2 p=7 a=2 file=/data/alice/ipardoza/hadronization_production/HF_RUN3_V1/raw/MONASH/hf_MONASH_job815.root
SIGMAB_COUNTS tag=MONASH species=Sigma_b- pdg=5112 slice=eta_ge_2 p=16 a=6 file=/data/alice/ipardoza/hadronization_production/HF_RUN3_V1/raw/MONASH/hf_MONASH_job815.root
SIGMAB_COUNTS tag=MONASH species=Sigma*_b+ pdg=5224 slice=all p=52 a=31 file=/data/alice/ipardoza/hadronization_production/HF_RUN3_V1/raw/MONASH/hf_MONASH_job815.root
SIGMAB_COUNTS tag=MONASH species=Sigma*_b+ pdg=5224 slice=eta_lt_1 p=10 a=7 file=/data/alice/ipardoza/hadronization_production/HF_RUN3_V1/raw/MONASH/hf_MONASH_job815.root
SIGMAB_COUNTS tag=MONASH species=Sigma*_b+ pdg=5224 slice=eta_1_2 p=17 a=9 file=/data/alice/ipardoza/hadronization_production/HF_RUN3_V1/raw/MONASH/hf_MONASH_job815.root
SIGMAB_COUNTS tag=MONASH species=Sigma*_b+ pdg=5224 slice=eta_ge_2 p=25 a=15 file=/data/alice/ipardoza/hadronization_production/HF_RUN3_V1/raw/MONASH/hf_MONASH_job815.root
SIGMAB_COUNTS tag=MONASH species=Sigma*_b0 pdg=5214 slice=all p=50 a=43 file=/data/alice/ipardoza/hadronization_production/HF_RUN3_V1/raw/MONASH/hf_MONASH_job815.root
SIGMAB_COUNTS tag=MONASH species=Sigma*_b0 pdg=5214 slice=eta_lt_1 p=14 a=12 file=/data/alice/ipardoza/hadronization_production/HF_RUN3_V1/raw/MONASH/hf_MONASH_job815.root
SIGMAB_COUNTS tag=MONASH species=Sigma*_b0 pdg=5214 slice=eta_1_2 p=10 a=6 file=/data/alice/ipardoza/hadronization_production/HF_RUN3_V1/raw/MONASH/hf_MONASH_job815.root
SIGMAB_COUNTS tag=MONASH species=Sigma*_b0 pdg=5214 slice=eta_ge_2 p=26 a=25 file=/data/alice/ipardoza/hadronization_production/HF_RUN3_V1/raw/MONASH/hf_MONASH_job815.root
SIGMAB_COUNTS tag=MONASH species=Sigma*_b- pdg=5114 slice=all p=51 a=48 file=/data/alice/ipardoza/hadronization_production/HF_RUN3_V1/raw/MONASH/hf_MONASH_job815.root
SIGMAB_COUNTS tag=MONASH species=Sigma*_b- pdg=5114 slice=eta_lt_1 p=5 a=2 file=/data/alice/ipardoza/hadronization_production/HF_RUN3_V1/raw/MONASH/hf_MONASH_job815.root
SIGMAB_COUNTS tag=MONASH species=Sigma*_b- pdg=5114 slice=eta_1_2 p=11 a=13 file=/data/alice/ipardoza/hadronization_production/HF_RUN3_V1/raw/MONASH/hf_MONASH_job815.root
SIGMAB_COUNTS tag=MONASH species=Sigma*_b- pdg=5114 slice=eta_ge_2 p=35 a=33 file=/data/alice/ipardoza/hadronization_production/HF_RUN3_V1/raw/MONASH/hf_MONASH_job815.root
SIGMAB_COUNTS tag=MONASH species=Lambda_b0 pdg=5122 slice=all p=323 a=298 file=/data/alice/ipardoza/hadronization_production/HF_RUN3_V1/raw/MONASH/hf_MONASH_job815.root
SIGMAB_COUNTS tag=MONASH species=Lambda_b0 pdg=5122 slice=eta_lt_1 p=45 a=71 file=/data/alice/ipardoza/hadronization_production/HF_RUN3_V1/raw/MONASH/hf_MONASH_job815.root
SIGMAB_COUNTS tag=MONASH species=Lambda_b0 pdg=5122 slice=eta_1_2 p=71 a=62 file=/data/alice/ipardoza/hadronization_production/HF_RUN3_V1/raw/MONASH/hf_MONASH_job815.root
SIGMAB_COUNTS tag=MONASH species=Lambda_b0 pdg=5122 slice=eta_ge_2 p=207 a=165 file=/data/alice/ipardoza/hadronization_production/HF_RUN3_V1/raw/MONASH/hf_MONASH_job815.root
SIGMAB_COUNTS tag=MONASH species=Xi_b0 pdg=5232 slice=all p=57 a=52 file=/data/alice/ipardoza/hadronization_production/HF_RUN3_V1/raw/MONASH/hf_MONASH_job815.root
SIGMAB_COUNTS tag=MONASH species=Xi_b0 pdg=5232 slice=eta_lt_1 p=15 a=10 file=/data/alice/ipardoza/hadronization_production/HF_RUN3_V1/raw/MONASH/hf_MONASH_job815.root
SIGMAB_COUNTS tag=MONASH species=Xi_b0 pdg=5232 slice=eta_1_2 p=6 a=7 file=/data/alice/ipardoza/hadronization_production/HF_RUN3_V1/raw/MONASH/hf_MONASH_job815.root
SIGMAB_COUNTS tag=MONASH species=Xi_b0 pdg=5232 slice=eta_ge_2 p=36 a=35 file=/data/alice/ipardoza/hadronization_production/HF_RUN3_V1/raw/MONASH/hf_MONASH_job815.root
SIGMAB_COUNTS tag=MONASH species=Xi_b- pdg=5132 slice=all p=48 a=66 file=/data/alice/ipardoza/hadronization_production/HF_RUN3_V1/raw/MONASH/hf_MONASH_job815.root
SIGMAB_COUNTS tag=MONASH species=Xi_b- pdg=5132 slice=eta_lt_1 p=11 a=14 file=/data/alice/ipardoza/hadronization_production/HF_RUN3_V1/raw/MONASH/hf_MONASH_job815.root
SIGMAB_COUNTS tag=MONASH species=Xi_b- pdg=5132 slice=eta_1_2 p=12 a=13 file=/data/alice/ipardoza/hadronization_production/HF_RUN3_V1/raw/MONASH/hf_MONASH_job815.root
SIGMAB_COUNTS tag=MONASH species=Xi_b- pdg=5132 slice=eta_ge_2 p=25 a=39 file=/data/alice/ipardoza/hadronization_production/HF_RUN3_V1/raw/MONASH/hf_MONASH_job815.root
SIGMAB_COUNTS tag=MONASH species=Sigma_b+ pdg=5222 slice=all p=31 a=12 file=/data/alice/ipardoza/hadronization_production/HF_RUN3_V1/raw/MONASH/hf_MONASH_job816.root
SIGMAB_COUNTS tag=MONASH species=Sigma_b+ pdg=5222 slice=eta_lt_1 p=4 a=3 file=/data/alice/ipardoza/hadronization_production/HF_RUN3_V1/raw/MONASH/hf_MONASH_job816.root
SIGMAB_COUNTS tag=MONASH species=Sigma_b+ pdg=5222 slice=eta_1_2 p=9 a=4 file=/data/alice/ipardoza/hadronization_production/HF_RUN3_V1/raw/MONASH/hf_MONASH_job816.root
SIGMAB_COUNTS tag=MONASH species=Sigma_b+ pdg=5222 slice=eta_ge_2 p=18 a=5 file=/data/alice/ipardoza/hadronization_production/HF_RUN3_V1/raw/MONASH/hf_MONASH_job816.root
SIGMAB_COUNTS tag=MONASH species=Sigma_b0 pdg=5212 slice=all p=32 a=17 file=/data/alice/ipardoza/hadronization_production/HF_RUN3_V1/raw/MONASH/hf_MONASH_job816.root
SIGMAB_COUNTS tag=MONASH species=Sigma_b0 pdg=5212 slice=eta_lt_1 p=3 a=4 file=/data/alice/ipardoza/hadronization_production/HF_RUN3_V1/raw/MONASH/hf_MONASH_job816.root
SIGMAB_COUNTS tag=MONASH species=Sigma_b0 pdg=5212 slice=eta_1_2 p=5 a=2 file=/data/alice/ipardoza/hadronization_production/HF_RUN3_V1/raw/MONASH/hf_MONASH_job816.root
SIGMAB_COUNTS tag=MONASH species=Sigma_b0 pdg=5212 slice=eta_ge_2 p=24 a=11 file=/data/alice/ipardoza/hadronization_production/HF_RUN3_V1/raw/MONASH/hf_MONASH_job816.root
SIGMAB_COUNTS tag=MONASH species=Sigma_b- pdg=5112 slice=all p=33 a=13 file=/data/alice/ipardoza/hadronization_production/HF_RUN3_V1/raw/MONASH/hf_MONASH_job816.root
SIGMAB_COUNTS tag=MONASH species=Sigma_b- pdg=5112 slice=eta_lt_1 p=5 a=1 file=/data/alice/ipardoza/hadronization_production/HF_RUN3_V1/raw/MONASH/hf_MONASH_job816.root
SIGMAB_COUNTS tag=MONASH species=Sigma_b- pdg=5112 slice=eta_1_2 p=11 a=0 file=/data/alice/ipardoza/hadronization_production/HF_RUN3_V1/raw/MONASH/hf_MONASH_job816.root
SIGMAB_COUNTS tag=MONASH species=Sigma_b- pdg=5112 slice=eta_ge_2 p=17 a=12 file=/data/alice/ipardoza/hadronization_production/HF_RUN3_V1/raw/MONASH/hf_MONASH_job816.root
SIGMAB_COUNTS tag=MONASH species=Sigma*_b+ pdg=5224 slice=all p=44 a=47 file=/data/alice/ipardoza/hadronization_production/HF_RUN3_V1/raw/MONASH/hf_MONASH_job816.root
SIGMAB_COUNTS tag=MONASH species=Sigma*_b+ pdg=5224 slice=eta_lt_1 p=5 a=8 file=/data/alice/ipardoza/hadronization_production/HF_RUN3_V1/raw/MONASH/hf_MONASH_job816.root
SIGMAB_COUNTS tag=MONASH species=Sigma*_b+ pdg=5224 slice=eta_1_2 p=10 a=9 file=/data/alice/ipardoza/hadronization_production/HF_RUN3_V1/raw/MONASH/hf_MONASH_job816.root
SIGMAB_COUNTS tag=MONASH species=Sigma*_b+ pdg=5224 slice=eta_ge_2 p=29 a=30 file=/data/alice/ipardoza/hadronization_production/HF_RUN3_V1/raw/MONASH/hf_MONASH_job816.root
SIGMAB_COUNTS tag=MONASH species=Sigma*_b0 pdg=5214 slice=all p=56 a=52 file=/data/alice/ipardoza/hadronization_production/HF_RUN3_V1/raw/MONASH/hf_MONASH_job816.root
SIGMAB_COUNTS tag=MONASH species=Sigma*_b0 pdg=5214 slice=eta_lt_1 p=10 a=11 file=/data/alice/ipardoza/hadronization_production/HF_RUN3_V1/raw/MONASH/hf_MONASH_job816.root
SIGMAB_COUNTS tag=MONASH species=Sigma*_b0 pdg=5214 slice=eta_1_2 p=14 a=8 file=/data/alice/ipardoza/hadronization_production/HF_RUN3_V1/raw/MONASH/hf_MONASH_job816.root
SIGMAB_COUNTS tag=MONASH species=Sigma*_b0 pdg=5214 slice=eta_ge_2 p=32 a=33 file=/data/alice/ipardoza/hadronization_production/HF_RUN3_V1/raw/MONASH/hf_MONASH_job816.root
SIGMAB_COUNTS tag=MONASH species=Sigma*_b- pdg=5114 slice=all p=46 a=37 file=/data/alice/ipardoza/hadronization_production/HF_RUN3_V1/raw/MONASH/hf_MONASH_job816.root
SIGMAB_COUNTS tag=MONASH species=Sigma*_b- pdg=5114 slice=eta_lt_1 p=7 a=6 file=/data/alice/ipardoza/hadronization_production/HF_RUN3_V1/raw/MONASH/hf_MONASH_job816.root
SIGMAB_COUNTS tag=MONASH species=Sigma*_b- pdg=5114 slice=eta_1_2 p=12 a=10 file=/data/alice/ipardoza/hadronization_production/HF_RUN3_V1/raw/MONASH/hf_MONASH_job816.root
SIGMAB_COUNTS tag=MONASH species=Sigma*_b- pdg=5114 slice=eta_ge_2 p=27 a=21 file=/data/alice/ipardoza/hadronization_production/HF_RUN3_V1/raw/MONASH/hf_MONASH_job816.root
SIGMAB_COUNTS tag=MONASH species=Lambda_b0 pdg=5122 slice=all p=333 a=316 file=/data/alice/ipardoza/hadronization_production/HF_RUN3_V1/raw/MONASH/hf_MONASH_job816.root
SIGMAB_COUNTS tag=MONASH species=Lambda_b0 pdg=5122 slice=eta_lt_1 p=63 a=50 file=/data/alice/ipardoza/hadronization_production/HF_RUN3_V1/raw/MONASH/hf_MONASH_job816.root
SIGMAB_COUNTS tag=MONASH species=Lambda_b0 pdg=5122 slice=eta_1_2 p=75 a=81 file=/data/alice/ipardoza/hadronization_production/HF_RUN3_V1/raw/MONASH/hf_MONASH_job816.root
SIGMAB_COUNTS tag=MONASH species=Lambda_b0 pdg=5122 slice=eta_ge_2 p=195 a=185 file=/data/alice/ipardoza/hadronization_production/HF_RUN3_V1/raw/MONASH/hf_MONASH_job816.root
SIGMAB_COUNTS tag=MONASH species=Xi_b0 pdg=5232 slice=all p=53 a=50 file=/data/alice/ipardoza/hadronization_production/HF_RUN3_V1/raw/MONASH/hf_MONASH_job816.root
SIGMAB_COUNTS tag=MONASH species=Xi_b0 pdg=5232 slice=eta_lt_1 p=8 a=6 file=/data/alice/ipardoza/hadronization_production/HF_RUN3_V1/raw/MONASH/hf_MONASH_job816.root
SIGMAB_COUNTS tag=MONASH species=Xi_b0 pdg=5232 slice=eta_1_2 p=16 a=11 file=/data/alice/ipardoza/hadronization_production/HF_RUN3_V1/raw/MONASH/hf_MONASH_job816.root
SIGMAB_COUNTS tag=MONASH species=Xi_b0 pdg=5232 slice=eta_ge_2 p=29 a=33 file=/data/alice/ipardoza/hadronization_production/HF_RUN3_V1/raw/MONASH/hf_MONASH_job816.root
SIGMAB_COUNTS tag=MONASH species=Xi_b- pdg=5132 slice=all p=69 a=51 file=/data/alice/ipardoza/hadronization_production/HF_RUN3_V1/raw/MONASH/hf_MONASH_job816.root
SIGMAB_COUNTS tag=MONASH species=Xi_b- pdg=5132 slice=eta_lt_1 p=10 a=7 file=/data/alice/ipardoza/hadronization_production/HF_RUN3_V1/raw/MONASH/hf_MONASH_job816.root
SIGMAB_COUNTS tag=MONASH species=Xi_b- pdg=5132 slice=eta_1_2 p=15 a=15 file=/data/alice/ipardoza/hadronization_production/HF_RUN3_V1/raw/MONASH/hf_MONASH_job816.root
SIGMAB_COUNTS tag=MONASH species=Xi_b- pdg=5132 slice=eta_ge_2 p=44 a=29 file=/data/alice/ipardoza/hadronization_production/HF_RUN3_V1/raw/MONASH/hf_MONASH_job816.root
SIGMAB_COUNTS tag=MONASH species=Sigma_b+ pdg=5222 slice=all p=24 a=20 file=/data/alice/ipardoza/hadronization_production/HF_RUN3_V1/raw/MONASH/hf_MONASH_job817.root
SIGMAB_COUNTS tag=MONASH species=Sigma_b+ pdg=5222 slice=eta_lt_1 p=4 a=2 file=/data/alice/ipardoza/hadronization_production/HF_RUN3_V1/raw/MONASH/hf_MONASH_job817.root
SIGMAB_COUNTS tag=MONASH species=Sigma_b+ pdg=5222 slice=eta_1_2 p=4 a=7 file=/data/alice/ipardoza/hadronization_production/HF_RUN3_V1/raw/MONASH/hf_MONASH_job817.root
SIGMAB_COUNTS tag=MONASH species=Sigma_b+ pdg=5222 slice=eta_ge_2 p=16 a=11 file=/data/alice/ipardoza/hadronization_production/HF_RUN3_V1/raw/MONASH/hf_MONASH_job817.root
SIGMAB_COUNTS tag=MONASH species=Sigma_b0 pdg=5212 slice=all p=31 a=24 file=/data/alice/ipardoza/hadronization_production/HF_RUN3_V1/raw/MONASH/hf_MONASH_job817.root
SIGMAB_COUNTS tag=MONASH species=Sigma_b0 pdg=5212 slice=eta_lt_1 p=2 a=3 file=/data/alice/ipardoza/hadronization_production/HF_RUN3_V1/raw/MONASH/hf_MONASH_job817.root
SIGMAB_COUNTS tag=MONASH species=Sigma_b0 pdg=5212 slice=eta_1_2 p=3 a=7 file=/data/alice/ipardoza/hadronization_production/HF_RUN3_V1/raw/MONASH/hf_MONASH_job817.root
SIGMAB_COUNTS tag=MONASH species=Sigma_b0 pdg=5212 slice=eta_ge_2 p=26 a=14 file=/data/alice/ipardoza/hadronization_production/HF_RUN3_V1/raw/MONASH/hf_MONASH_job817.root
SIGMAB_COUNTS tag=MONASH species=Sigma_b- pdg=5112 slice=all p=41 a=26 file=/data/alice/ipardoza/hadronization_production/HF_RUN3_V1/raw/MONASH/hf_MONASH_job817.root
SIGMAB_COUNTS tag=MONASH species=Sigma_b- pdg=5112 slice=eta_lt_1 p=6 a=8 file=/data/alice/ipardoza/hadronization_production/HF_RUN3_V1/raw/MONASH/hf_MONASH_job817.root
SIGMAB_COUNTS tag=MONASH species=Sigma_b- pdg=5112 slice=eta_1_2 p=8 a=7 file=/data/alice/ipardoza/hadronization_production/HF_RUN3_V1/raw/MONASH/hf_MONASH_job817.root
SIGMAB_COUNTS tag=MONASH species=Sigma_b- pdg=5112 slice=eta_ge_2 p=27 a=11 file=/data/alice/ipardoza/hadronization_production/HF_RUN3_V1/raw/MONASH/hf_MONASH_job817.root
SIGMAB_COUNTS tag=MONASH species=Sigma*_b+ pdg=5224 slice=all p=51 a=40 file=/data/alice/ipardoza/hadronization_production/HF_RUN3_V1/raw/MONASH/hf_MONASH_job817.root
SIGMAB_COUNTS tag=MONASH species=Sigma*_b+ pdg=5224 slice=eta_lt_1 p=8 a=8 file=/data/alice/ipardoza/hadronization_production/HF_RUN3_V1/raw/MONASH/hf_MONASH_job817.root
SIGMAB_COUNTS tag=MONASH species=Sigma*_b+ pdg=5224 slice=eta_1_2 p=3 a=12 file=/data/alice/ipardoza/hadronization_production/HF_RUN3_V1/raw/MONASH/hf_MONASH_job817.root
SIGMAB_COUNTS tag=MONASH species=Sigma*_b+ pdg=5224 slice=eta_ge_2 p=40 a=20 file=/data/alice/ipardoza/hadronization_production/HF_RUN3_V1/raw/MONASH/hf_MONASH_job817.root
SIGMAB_COUNTS tag=MONASH species=Sigma*_b0 pdg=5214 slice=all p=40 a=45 file=/data/alice/ipardoza/hadronization_production/HF_RUN3_V1/raw/MONASH/hf_MONASH_job817.root
SIGMAB_COUNTS tag=MONASH species=Sigma*_b0 pdg=5214 slice=eta_lt_1 p=8 a=13 file=/data/alice/ipardoza/hadronization_production/HF_RUN3_V1/raw/MONASH/hf_MONASH_job817.root
SIGMAB_COUNTS tag=MONASH species=Sigma*_b0 pdg=5214 slice=eta_1_2 p=9 a=9 file=/data/alice/ipardoza/hadronization_production/HF_RUN3_V1/raw/MONASH/hf_MONASH_job817.root
SIGMAB_COUNTS tag=MONASH species=Sigma*_b0 pdg=5214 slice=eta_ge_2 p=23 a=23 file=/data/alice/ipardoza/hadronization_production/HF_RUN3_V1/raw/MONASH/hf_MONASH_job817.root
SIGMAB_COUNTS tag=MONASH species=Sigma*_b- pdg=5114 slice=all p=51 a=38 file=/data/alice/ipardoza/hadronization_production/HF_RUN3_V1/raw/MONASH/hf_MONASH_job817.root
SIGMAB_COUNTS tag=MONASH species=Sigma*_b- pdg=5114 slice=eta_lt_1 p=6 a=10 file=/data/alice/ipardoza/hadronization_production/HF_RUN3_V1/raw/MONASH/hf_MONASH_job817.root
SIGMAB_COUNTS tag=MONASH species=Sigma*_b- pdg=5114 slice=eta_1_2 p=11 a=9 file=/data/alice/ipardoza/hadronization_production/HF_RUN3_V1/raw/MONASH/hf_MONASH_job817.root
SIGMAB_COUNTS tag=MONASH species=Sigma*_b- pdg=5114 slice=eta_ge_2 p=34 a=19 file=/data/alice/ipardoza/hadronization_production/HF_RUN3_V1/raw/MONASH/hf_MONASH_job817.root
SIGMAB_COUNTS tag=MONASH species=Lambda_b0 pdg=5122 slice=all p=320 a=274 file=/data/alice/ipardoza/hadronization_production/HF_RUN3_V1/raw/MONASH/hf_MONASH_job817.root
SIGMAB_COUNTS tag=MONASH species=Lambda_b0 pdg=5122 slice=eta_lt_1 p=57 a=49 file=/data/alice/ipardoza/hadronization_production/HF_RUN3_V1/raw/MONASH/hf_MONASH_job817.root
SIGMAB_COUNTS tag=MONASH species=Lambda_b0 pdg=5122 slice=eta_1_2 p=75 a=62 file=/data/alice/ipardoza/hadronization_production/HF_RUN3_V1/raw/MONASH/hf_MONASH_job817.root
SIGMAB_COUNTS tag=MONASH species=Lambda_b0 pdg=5122 slice=eta_ge_2 p=188 a=163 file=/data/alice/ipardoza/hadronization_production/HF_RUN3_V1/raw/MONASH/hf_MONASH_job817.root
SIGMAB_COUNTS tag=MONASH species=Xi_b0 pdg=5232 slice=all p=55 a=54 file=/data/alice/ipardoza/hadronization_production/HF_RUN3_V1/raw/MONASH/hf_MONASH_job817.root
SIGMAB_COUNTS tag=MONASH species=Xi_b0 pdg=5232 slice=eta_lt_1 p=13 a=11 file=/data/alice/ipardoza/hadronization_production/HF_RUN3_V1/raw/MONASH/hf_MONASH_job817.root
SIGMAB_COUNTS tag=MONASH species=Xi_b0 pdg=5232 slice=eta_1_2 p=11 a=13 file=/data/alice/ipardoza/hadronization_production/HF_RUN3_V1/raw/MONASH/hf_MONASH_job817.root
SIGMAB_COUNTS tag=MONASH species=Xi_b0 pdg=5232 slice=eta_ge_2 p=31 a=30 file=/data/alice/ipardoza/hadronization_production/HF_RUN3_V1/raw/MONASH/hf_MONASH_job817.root
SIGMAB_COUNTS tag=MONASH species=Xi_b- pdg=5132 slice=all p=57 a=55 file=/data/alice/ipardoza/hadronization_production/HF_RUN3_V1/raw/MONASH/hf_MONASH_job817.root
SIGMAB_COUNTS tag=MONASH species=Xi_b- pdg=5132 slice=eta_lt_1 p=12 a=10 file=/data/alice/ipardoza/hadronization_production/HF_RUN3_V1/raw/MONASH/hf_MONASH_job817.root
SIGMAB_COUNTS tag=MONASH species=Xi_b- pdg=5132 slice=eta_1_2 p=8 a=10 file=/data/alice/ipardoza/hadronization_production/HF_RUN3_V1/raw/MONASH/hf_MONASH_job817.root
SIGMAB_COUNTS tag=MONASH species=Xi_b- pdg=5132 slice=eta_ge_2 p=37 a=35 file=/data/alice/ipardoza/hadronization_production/HF_RUN3_V1/raw/MONASH/hf_MONASH_job817.root
SIGMAB_COUNTS tag=MONASH species=Sigma_b+ pdg=5222 slice=all p=33 a=25 file=/data/alice/ipardoza/hadronization_production/HF_RUN3_V1/raw/MONASH/hf_MONASH_job818.root
SIGMAB_COUNTS tag=MONASH species=Sigma_b+ pdg=5222 slice=eta_lt_1 p=3 a=4 file=/data/alice/ipardoza/hadronization_production/HF_RUN3_V1/raw/MONASH/hf_MONASH_job818.root
SIGMAB_COUNTS tag=MONASH species=Sigma_b+ pdg=5222 slice=eta_1_2 p=5 a=9 file=/data/alice/ipardoza/hadronization_production/HF_RUN3_V1/raw/MONASH/hf_MONASH_job818.root
SIGMAB_COUNTS tag=MONASH species=Sigma_b+ pdg=5222 slice=eta_ge_2 p=25 a=12 file=/data/alice/ipardoza/hadronization_production/HF_RUN3_V1/raw/MONASH/hf_MONASH_job818.root
SIGMAB_COUNTS tag=MONASH species=Sigma_b0 pdg=5212 slice=all p=27 a=13 file=/data/alice/ipardoza/hadronization_production/HF_RUN3_V1/raw/MONASH/hf_MONASH_job818.root
SIGMAB_COUNTS tag=MONASH species=Sigma_b0 pdg=5212 slice=eta_lt_1 p=2 a=4 file=/data/alice/ipardoza/hadronization_production/HF_RUN3_V1/raw/MONASH/hf_MONASH_job818.root
SIGMAB_COUNTS tag=MONASH species=Sigma_b0 pdg=5212 slice=eta_1_2 p=5 a=4 file=/data/alice/ipardoza/hadronization_production/HF_RUN3_V1/raw/MONASH/hf_MONASH_job818.root
SIGMAB_COUNTS tag=MONASH species=Sigma_b0 pdg=5212 slice=eta_ge_2 p=20 a=5 file=/data/alice/ipardoza/hadronization_production/HF_RUN3_V1/raw/MONASH/hf_MONASH_job818.root
SIGMAB_COUNTS tag=MONASH species=Sigma_b- pdg=5112 slice=all p=36 a=10 file=/data/alice/ipardoza/hadronization_production/HF_RUN3_V1/raw/MONASH/hf_MONASH_job818.root
SIGMAB_COUNTS tag=MONASH species=Sigma_b- pdg=5112 slice=eta_lt_1 p=3 a=3 file=/data/alice/ipardoza/hadronization_production/HF_RUN3_V1/raw/MONASH/hf_MONASH_job818.root
SIGMAB_COUNTS tag=MONASH species=Sigma_b- pdg=5112 slice=eta_1_2 p=8 a=4 file=/data/alice/ipardoza/hadronization_production/HF_RUN3_V1/raw/MONASH/hf_MONASH_job818.root
SIGMAB_COUNTS tag=MONASH species=Sigma_b- pdg=5112 slice=eta_ge_2 p=25 a=3 file=/data/alice/ipardoza/hadronization_production/HF_RUN3_V1/raw/MONASH/hf_MONASH_job818.root
SIGMAB_COUNTS tag=MONASH species=Sigma*_b+ pdg=5224 slice=all p=50 a=46 file=/data/alice/ipardoza/hadronization_production/HF_RUN3_V1/raw/MONASH/hf_MONASH_job818.root
SIGMAB_COUNTS tag=MONASH species=Sigma*_b+ pdg=5224 slice=eta_lt_1 p=11 a=7 file=/data/alice/ipardoza/hadronization_production/HF_RUN3_V1/raw/MONASH/hf_MONASH_job818.root
SIGMAB_COUNTS tag=MONASH species=Sigma*_b+ pdg=5224 slice=eta_1_2 p=13 a=11 file=/data/alice/ipardoza/hadronization_production/HF_RUN3_V1/raw/MONASH/hf_MONASH_job818.root
SIGMAB_COUNTS tag=MONASH species=Sigma*_b+ pdg=5224 slice=eta_ge_2 p=26 a=28 file=/data/alice/ipardoza/hadronization_production/HF_RUN3_V1/raw/MONASH/hf_MONASH_job818.root
SIGMAB_COUNTS tag=MONASH species=Sigma*_b0 pdg=5214 slice=all p=49 a=41 file=/data/alice/ipardoza/hadronization_production/HF_RUN3_V1/raw/MONASH/hf_MONASH_job818.root
SIGMAB_COUNTS tag=MONASH species=Sigma*_b0 pdg=5214 slice=eta_lt_1 p=12 a=7 file=/data/alice/ipardoza/hadronization_production/HF_RUN3_V1/raw/MONASH/hf_MONASH_job818.root
SIGMAB_COUNTS tag=MONASH species=Sigma*_b0 pdg=5214 slice=eta_1_2 p=7 a=11 file=/data/alice/ipardoza/hadronization_production/HF_RUN3_V1/raw/MONASH/hf_MONASH_job818.root
SIGMAB_COUNTS tag=MONASH species=Sigma*_b0 pdg=5214 slice=eta_ge_2 p=30 a=23 file=/data/alice/ipardoza/hadronization_production/HF_RUN3_V1/raw/MONASH/hf_MONASH_job818.root
SIGMAB_COUNTS tag=MONASH species=Sigma*_b- pdg=5114 slice=all p=45 a=47 file=/data/alice/ipardoza/hadronization_production/HF_RUN3_V1/raw/MONASH/hf_MONASH_job818.root
SIGMAB_COUNTS tag=MONASH species=Sigma*_b- pdg=5114 slice=eta_lt_1 p=10 a=6 file=/data/alice/ipardoza/hadronization_production/HF_RUN3_V1/raw/MONASH/hf_MONASH_job818.root
SIGMAB_COUNTS tag=MONASH species=Sigma*_b- pdg=5114 slice=eta_1_2 p=12 a=10 file=/data/alice/ipardoza/hadronization_production/HF_RUN3_V1/raw/MONASH/hf_MONASH_job818.root
SIGMAB_COUNTS tag=MONASH species=Sigma*_b- pdg=5114 slice=eta_ge_2 p=23 a=31 file=/data/alice/ipardoza/hadronization_production/HF_RUN3_V1/raw/MONASH/hf_MONASH_job818.root
SIGMAB_COUNTS tag=MONASH species=Lambda_b0 pdg=5122 slice=all p=318 a=294 file=/data/alice/ipardoza/hadronization_production/HF_RUN3_V1/raw/MONASH/hf_MONASH_job818.root
SIGMAB_COUNTS tag=MONASH species=Lambda_b0 pdg=5122 slice=eta_lt_1 p=67 a=52 file=/data/alice/ipardoza/hadronization_production/HF_RUN3_V1/raw/MONASH/hf_MONASH_job818.root
SIGMAB_COUNTS tag=MONASH species=Lambda_b0 pdg=5122 slice=eta_1_2 p=74 a=69 file=/data/alice/ipardoza/hadronization_production/HF_RUN3_V1/raw/MONASH/hf_MONASH_job818.root
SIGMAB_COUNTS tag=MONASH species=Lambda_b0 pdg=5122 slice=eta_ge_2 p=177 a=173 file=/data/alice/ipardoza/hadronization_production/HF_RUN3_V1/raw/MONASH/hf_MONASH_job818.root
SIGMAB_COUNTS tag=MONASH species=Xi_b0 pdg=5232 slice=all p=55 a=41 file=/data/alice/ipardoza/hadronization_production/HF_RUN3_V1/raw/MONASH/hf_MONASH_job818.root
SIGMAB_COUNTS tag=MONASH species=Xi_b0 pdg=5232 slice=eta_lt_1 p=7 a=4 file=/data/alice/ipardoza/hadronization_production/HF_RUN3_V1/raw/MONASH/hf_MONASH_job818.root
SIGMAB_COUNTS tag=MONASH species=Xi_b0 pdg=5232 slice=eta_1_2 p=11 a=9 file=/data/alice/ipardoza/hadronization_production/HF_RUN3_V1/raw/MONASH/hf_MONASH_job818.root
SIGMAB_COUNTS tag=MONASH species=Xi_b0 pdg=5232 slice=eta_ge_2 p=37 a=28 file=/data/alice/ipardoza/hadronization_production/HF_RUN3_V1/raw/MONASH/hf_MONASH_job818.root
SIGMAB_COUNTS tag=MONASH species=Xi_b- pdg=5132 slice=all p=63 a=54 file=/data/alice/ipardoza/hadronization_production/HF_RUN3_V1/raw/MONASH/hf_MONASH_job818.root
SIGMAB_COUNTS tag=MONASH species=Xi_b- pdg=5132 slice=eta_lt_1 p=12 a=9 file=/data/alice/ipardoza/hadronization_production/HF_RUN3_V1/raw/MONASH/hf_MONASH_job818.root
SIGMAB_COUNTS tag=MONASH species=Xi_b- pdg=5132 slice=eta_1_2 p=14 a=18 file=/data/alice/ipardoza/hadronization_production/HF_RUN3_V1/raw/MONASH/hf_MONASH_job818.root
SIGMAB_COUNTS tag=MONASH species=Xi_b- pdg=5132 slice=eta_ge_2 p=37 a=27 file=/data/alice/ipardoza/hadronization_production/HF_RUN3_V1/raw/MONASH/hf_MONASH_job818.root
SIGMAB_COUNTS tag=MONASH species=Sigma_b+ pdg=5222 slice=all p=37 a=12 file=/data/alice/ipardoza/hadronization_production/HF_RUN3_V1/raw/MONASH/hf_MONASH_job819.root
SIGMAB_COUNTS tag=MONASH species=Sigma_b+ pdg=5222 slice=eta_lt_1 p=8 a=2 file=/data/alice/ipardoza/hadronization_production/HF_RUN3_V1/raw/MONASH/hf_MONASH_job819.root
SIGMAB_COUNTS tag=MONASH species=Sigma_b+ pdg=5222 slice=eta_1_2 p=10 a=4 file=/data/alice/ipardoza/hadronization_production/HF_RUN3_V1/raw/MONASH/hf_MONASH_job819.root
SIGMAB_COUNTS tag=MONASH species=Sigma_b+ pdg=5222 slice=eta_ge_2 p=19 a=6 file=/data/alice/ipardoza/hadronization_production/HF_RUN3_V1/raw/MONASH/hf_MONASH_job819.root
SIGMAB_COUNTS tag=MONASH species=Sigma_b0 pdg=5212 slice=all p=26 a=25 file=/data/alice/ipardoza/hadronization_production/HF_RUN3_V1/raw/MONASH/hf_MONASH_job819.root
SIGMAB_COUNTS tag=MONASH species=Sigma_b0 pdg=5212 slice=eta_lt_1 p=5 a=0 file=/data/alice/ipardoza/hadronization_production/HF_RUN3_V1/raw/MONASH/hf_MONASH_job819.root
SIGMAB_COUNTS tag=MONASH species=Sigma_b0 pdg=5212 slice=eta_1_2 p=4 a=7 file=/data/alice/ipardoza/hadronization_production/HF_RUN3_V1/raw/MONASH/hf_MONASH_job819.root
SIGMAB_COUNTS tag=MONASH species=Sigma_b0 pdg=5212 slice=eta_ge_2 p=17 a=18 file=/data/alice/ipardoza/hadronization_production/HF_RUN3_V1/raw/MONASH/hf_MONASH_job819.root
SIGMAB_COUNTS tag=MONASH species=Sigma_b- pdg=5112 slice=all p=31 a=19 file=/data/alice/ipardoza/hadronization_production/HF_RUN3_V1/raw/MONASH/hf_MONASH_job819.root
SIGMAB_COUNTS tag=MONASH species=Sigma_b- pdg=5112 slice=eta_lt_1 p=4 a=4 file=/data/alice/ipardoza/hadronization_production/HF_RUN3_V1/raw/MONASH/hf_MONASH_job819.root
SIGMAB_COUNTS tag=MONASH species=Sigma_b- pdg=5112 slice=eta_1_2 p=3 a=4 file=/data/alice/ipardoza/hadronization_production/HF_RUN3_V1/raw/MONASH/hf_MONASH_job819.root
SIGMAB_COUNTS tag=MONASH species=Sigma_b- pdg=5112 slice=eta_ge_2 p=24 a=11 file=/data/alice/ipardoza/hadronization_production/HF_RUN3_V1/raw/MONASH/hf_MONASH_job819.root
SIGMAB_COUNTS tag=MONASH species=Sigma*_b+ pdg=5224 slice=all p=51 a=46 file=/data/alice/ipardoza/hadronization_production/HF_RUN3_V1/raw/MONASH/hf_MONASH_job819.root
SIGMAB_COUNTS tag=MONASH species=Sigma*_b+ pdg=5224 slice=eta_lt_1 p=13 a=8 file=/data/alice/ipardoza/hadronization_production/HF_RUN3_V1/raw/MONASH/hf_MONASH_job819.root
SIGMAB_COUNTS tag=MONASH species=Sigma*_b+ pdg=5224 slice=eta_1_2 p=11 a=7 file=/data/alice/ipardoza/hadronization_production/HF_RUN3_V1/raw/MONASH/hf_MONASH_job819.root
SIGMAB_COUNTS tag=MONASH species=Sigma*_b+ pdg=5224 slice=eta_ge_2 p=27 a=31 file=/data/alice/ipardoza/hadronization_production/HF_RUN3_V1/raw/MONASH/hf_MONASH_job819.root
SIGMAB_COUNTS tag=MONASH species=Sigma*_b0 pdg=5214 slice=all p=63 a=34 file=/data/alice/ipardoza/hadronization_production/HF_RUN3_V1/raw/MONASH/hf_MONASH_job819.root
SIGMAB_COUNTS tag=MONASH species=Sigma*_b0 pdg=5214 slice=eta_lt_1 p=16 a=4 file=/data/alice/ipardoza/hadronization_production/HF_RUN3_V1/raw/MONASH/hf_MONASH_job819.root
SIGMAB_COUNTS tag=MONASH species=Sigma*_b0 pdg=5214 slice=eta_1_2 p=14 a=13 file=/data/alice/ipardoza/hadronization_production/HF_RUN3_V1/raw/MONASH/hf_MONASH_job819.root
SIGMAB_COUNTS tag=MONASH species=Sigma*_b0 pdg=5214 slice=eta_ge_2 p=33 a=17 file=/data/alice/ipardoza/hadronization_production/HF_RUN3_V1/raw/MONASH/hf_MONASH_job819.root
SIGMAB_COUNTS tag=MONASH species=Sigma*_b- pdg=5114 slice=all p=58 a=35 file=/data/alice/ipardoza/hadronization_production/HF_RUN3_V1/raw/MONASH/hf_MONASH_job819.root
SIGMAB_COUNTS tag=MONASH species=Sigma*_b- pdg=5114 slice=eta_lt_1 p=5 a=5 file=/data/alice/ipardoza/hadronization_production/HF_RUN3_V1/raw/MONASH/hf_MONASH_job819.root
SIGMAB_COUNTS tag=MONASH species=Sigma*_b- pdg=5114 slice=eta_1_2 p=17 a=6 file=/data/alice/ipardoza/hadronization_production/HF_RUN3_V1/raw/MONASH/hf_MONASH_job819.root
SIGMAB_COUNTS tag=MONASH species=Sigma*_b- pdg=5114 slice=eta_ge_2 p=36 a=24 file=/data/alice/ipardoza/hadronization_production/HF_RUN3_V1/raw/MONASH/hf_MONASH_job819.root
SIGMAB_COUNTS tag=MONASH species=Lambda_b0 pdg=5122 slice=all p=329 a=299 file=/data/alice/ipardoza/hadronization_production/HF_RUN3_V1/raw/MONASH/hf_MONASH_job819.root
SIGMAB_COUNTS tag=MONASH species=Lambda_b0 pdg=5122 slice=eta_lt_1 p=65 a=50 file=/data/alice/ipardoza/hadronization_production/HF_RUN3_V1/raw/MONASH/hf_MONASH_job819.root
SIGMAB_COUNTS tag=MONASH species=Lambda_b0 pdg=5122 slice=eta_1_2 p=65 a=74 file=/data/alice/ipardoza/hadronization_production/HF_RUN3_V1/raw/MONASH/hf_MONASH_job819.root
SIGMAB_COUNTS tag=MONASH species=Lambda_b0 pdg=5122 slice=eta_ge_2 p=199 a=175 file=/data/alice/ipardoza/hadronization_production/HF_RUN3_V1/raw/MONASH/hf_MONASH_job819.root
SIGMAB_COUNTS tag=MONASH species=Xi_b0 pdg=5232 slice=all p=55 a=42 file=/data/alice/ipardoza/hadronization_production/HF_RUN3_V1/raw/MONASH/hf_MONASH_job819.root
SIGMAB_COUNTS tag=MONASH species=Xi_b0 pdg=5232 slice=eta_lt_1 p=7 a=5 file=/data/alice/ipardoza/hadronization_production/HF_RUN3_V1/raw/MONASH/hf_MONASH_job819.root
SIGMAB_COUNTS tag=MONASH species=Xi_b0 pdg=5232 slice=eta_1_2 p=12 a=10 file=/data/alice/ipardoza/hadronization_production/HF_RUN3_V1/raw/MONASH/hf_MONASH_job819.root
SIGMAB_COUNTS tag=MONASH species=Xi_b0 pdg=5232 slice=eta_ge_2 p=36 a=27 file=/data/alice/ipardoza/hadronization_production/HF_RUN3_V1/raw/MONASH/hf_MONASH_job819.root
SIGMAB_COUNTS tag=MONASH species=Xi_b- pdg=5132 slice=all p=59 a=57 file=/data/alice/ipardoza/hadronization_production/HF_RUN3_V1/raw/MONASH/hf_MONASH_job819.root
SIGMAB_COUNTS tag=MONASH species=Xi_b- pdg=5132 slice=eta_lt_1 p=6 a=13 file=/data/alice/ipardoza/hadronization_production/HF_RUN3_V1/raw/MONASH/hf_MONASH_job819.root
SIGMAB_COUNTS tag=MONASH species=Xi_b- pdg=5132 slice=eta_1_2 p=9 a=9 file=/data/alice/ipardoza/hadronization_production/HF_RUN3_V1/raw/MONASH/hf_MONASH_job819.root
SIGMAB_COUNTS tag=MONASH species=Xi_b- pdg=5132 slice=eta_ge_2 p=44 a=35 file=/data/alice/ipardoza/hadronization_production/HF_RUN3_V1/raw/MONASH/hf_MONASH_job819.root
SIGMAB_COUNTS tag=MONASH species=Sigma_b+ pdg=5222 slice=all p=34 a=22 file=/data/alice/ipardoza/hadronization_production/HF_RUN3_V1/raw/MONASH/hf_MONASH_job820.root
SIGMAB_COUNTS tag=MONASH species=Sigma_b+ pdg=5222 slice=eta_lt_1 p=6 a=6 file=/data/alice/ipardoza/hadronization_production/HF_RUN3_V1/raw/MONASH/hf_MONASH_job820.root
SIGMAB_COUNTS tag=MONASH species=Sigma_b+ pdg=5222 slice=eta_1_2 p=8 a=4 file=/data/alice/ipardoza/hadronization_production/HF_RUN3_V1/raw/MONASH/hf_MONASH_job820.root
SIGMAB_COUNTS tag=MONASH species=Sigma_b+ pdg=5222 slice=eta_ge_2 p=20 a=12 file=/data/alice/ipardoza/hadronization_production/HF_RUN3_V1/raw/MONASH/hf_MONASH_job820.root
SIGMAB_COUNTS tag=MONASH species=Sigma_b0 pdg=5212 slice=all p=21 a=25 file=/data/alice/ipardoza/hadronization_production/HF_RUN3_V1/raw/MONASH/hf_MONASH_job820.root
SIGMAB_COUNTS tag=MONASH species=Sigma_b0 pdg=5212 slice=eta_lt_1 p=7 a=3 file=/data/alice/ipardoza/hadronization_production/HF_RUN3_V1/raw/MONASH/hf_MONASH_job820.root
SIGMAB_COUNTS tag=MONASH species=Sigma_b0 pdg=5212 slice=eta_1_2 p=3 a=7 file=/data/alice/ipardoza/hadronization_production/HF_RUN3_V1/raw/MONASH/hf_MONASH_job820.root
SIGMAB_COUNTS tag=MONASH species=Sigma_b0 pdg=5212 slice=eta_ge_2 p=11 a=15 file=/data/alice/ipardoza/hadronization_production/HF_RUN3_V1/raw/MONASH/hf_MONASH_job820.root
SIGMAB_COUNTS tag=MONASH species=Sigma_b- pdg=5112 slice=all p=42 a=27 file=/data/alice/ipardoza/hadronization_production/HF_RUN3_V1/raw/MONASH/hf_MONASH_job820.root
SIGMAB_COUNTS tag=MONASH species=Sigma_b- pdg=5112 slice=eta_lt_1 p=5 a=7 file=/data/alice/ipardoza/hadronization_production/HF_RUN3_V1/raw/MONASH/hf_MONASH_job820.root
SIGMAB_COUNTS tag=MONASH species=Sigma_b- pdg=5112 slice=eta_1_2 p=6 a=4 file=/data/alice/ipardoza/hadronization_production/HF_RUN3_V1/raw/MONASH/hf_MONASH_job820.root
SIGMAB_COUNTS tag=MONASH species=Sigma_b- pdg=5112 slice=eta_ge_2 p=31 a=16 file=/data/alice/ipardoza/hadronization_production/HF_RUN3_V1/raw/MONASH/hf_MONASH_job820.root
SIGMAB_COUNTS tag=MONASH species=Sigma*_b+ pdg=5224 slice=all p=48 a=49 file=/data/alice/ipardoza/hadronization_production/HF_RUN3_V1/raw/MONASH/hf_MONASH_job820.root
SIGMAB_COUNTS tag=MONASH species=Sigma*_b+ pdg=5224 slice=eta_lt_1 p=9 a=10 file=/data/alice/ipardoza/hadronization_production/HF_RUN3_V1/raw/MONASH/hf_MONASH_job820.root
SIGMAB_COUNTS tag=MONASH species=Sigma*_b+ pdg=5224 slice=eta_1_2 p=12 a=6 file=/data/alice/ipardoza/hadronization_production/HF_RUN3_V1/raw/MONASH/hf_MONASH_job820.root
SIGMAB_COUNTS tag=MONASH species=Sigma*_b+ pdg=5224 slice=eta_ge_2 p=27 a=33 file=/data/alice/ipardoza/hadronization_production/HF_RUN3_V1/raw/MONASH/hf_MONASH_job820.root
SIGMAB_COUNTS tag=MONASH species=Sigma*_b0 pdg=5214 slice=all p=54 a=40 file=/data/alice/ipardoza/hadronization_production/HF_RUN3_V1/raw/MONASH/hf_MONASH_job820.root
SIGMAB_COUNTS tag=MONASH species=Sigma*_b0 pdg=5214 slice=eta_lt_1 p=8 a=7 file=/data/alice/ipardoza/hadronization_production/HF_RUN3_V1/raw/MONASH/hf_MONASH_job820.root
SIGMAB_COUNTS tag=MONASH species=Sigma*_b0 pdg=5214 slice=eta_1_2 p=13 a=10 file=/data/alice/ipardoza/hadronization_production/HF_RUN3_V1/raw/MONASH/hf_MONASH_job820.root
SIGMAB_COUNTS tag=MONASH species=Sigma*_b0 pdg=5214 slice=eta_ge_2 p=33 a=23 file=/data/alice/ipardoza/hadronization_production/HF_RUN3_V1/raw/MONASH/hf_MONASH_job820.root
SIGMAB_COUNTS tag=MONASH species=Sigma*_b- pdg=5114 slice=all p=51 a=36 file=/data/alice/ipardoza/hadronization_production/HF_RUN3_V1/raw/MONASH/hf_MONASH_job820.root
SIGMAB_COUNTS tag=MONASH species=Sigma*_b- pdg=5114 slice=eta_lt_1 p=15 a=7 file=/data/alice/ipardoza/hadronization_production/HF_RUN3_V1/raw/MONASH/hf_MONASH_job820.root
SIGMAB_COUNTS tag=MONASH species=Sigma*_b- pdg=5114 slice=eta_1_2 p=9 a=5 file=/data/alice/ipardoza/hadronization_production/HF_RUN3_V1/raw/MONASH/hf_MONASH_job820.root
SIGMAB_COUNTS tag=MONASH species=Sigma*_b- pdg=5114 slice=eta_ge_2 p=27 a=24 file=/data/alice/ipardoza/hadronization_production/HF_RUN3_V1/raw/MONASH/hf_MONASH_job820.root
SIGMAB_COUNTS tag=MONASH species=Lambda_b0 pdg=5122 slice=all p=339 a=296 file=/data/alice/ipardoza/hadronization_production/HF_RUN3_V1/raw/MONASH/hf_MONASH_job820.root
SIGMAB_COUNTS tag=MONASH species=Lambda_b0 pdg=5122 slice=eta_lt_1 p=61 a=52 file=/data/alice/ipardoza/hadronization_production/HF_RUN3_V1/raw/MONASH/hf_MONASH_job820.root
SIGMAB_COUNTS tag=MONASH species=Lambda_b0 pdg=5122 slice=eta_1_2 p=69 a=54 file=/data/alice/ipardoza/hadronization_production/HF_RUN3_V1/raw/MONASH/hf_MONASH_job820.root
SIGMAB_COUNTS tag=MONASH species=Lambda_b0 pdg=5122 slice=eta_ge_2 p=209 a=190 file=/data/alice/ipardoza/hadronization_production/HF_RUN3_V1/raw/MONASH/hf_MONASH_job820.root
SIGMAB_COUNTS tag=MONASH species=Xi_b0 pdg=5232 slice=all p=67 a=57 file=/data/alice/ipardoza/hadronization_production/HF_RUN3_V1/raw/MONASH/hf_MONASH_job820.root
SIGMAB_COUNTS tag=MONASH species=Xi_b0 pdg=5232 slice=eta_lt_1 p=13 a=8 file=/data/alice/ipardoza/hadronization_production/HF_RUN3_V1/raw/MONASH/hf_MONASH_job820.root
SIGMAB_COUNTS tag=MONASH species=Xi_b0 pdg=5232 slice=eta_1_2 p=9 a=15 file=/data/alice/ipardoza/hadronization_production/HF_RUN3_V1/raw/MONASH/hf_MONASH_job820.root
SIGMAB_COUNTS tag=MONASH species=Xi_b0 pdg=5232 slice=eta_ge_2 p=45 a=34 file=/data/alice/ipardoza/hadronization_production/HF_RUN3_V1/raw/MONASH/hf_MONASH_job820.root
SIGMAB_COUNTS tag=MONASH species=Xi_b- pdg=5132 slice=all p=62 a=52 file=/data/alice/ipardoza/hadronization_production/HF_RUN3_V1/raw/MONASH/hf_MONASH_job820.root
SIGMAB_COUNTS tag=MONASH species=Xi_b- pdg=5132 slice=eta_lt_1 p=8 a=10 file=/data/alice/ipardoza/hadronization_production/HF_RUN3_V1/raw/MONASH/hf_MONASH_job820.root
SIGMAB_COUNTS tag=MONASH species=Xi_b- pdg=5132 slice=eta_1_2 p=8 a=13 file=/data/alice/ipardoza/hadronization_production/HF_RUN3_V1/raw/MONASH/hf_MONASH_job820.root
SIGMAB_COUNTS tag=MONASH species=Xi_b- pdg=5132 slice=eta_ge_2 p=46 a=29 file=/data/alice/ipardoza/hadronization_production/HF_RUN3_V1/raw/MONASH/hf_MONASH_job820.root
SIGMAB_COUNTS tag=MONASH species=Sigma_b+ pdg=5222 slice=all p=25 a=18 file=/data/alice/ipardoza/hadronization_production/HF_RUN3_V1/raw/MONASH/hf_MONASH_job821.root
SIGMAB_COUNTS tag=MONASH species=Sigma_b+ pdg=5222 slice=eta_lt_1 p=5 a=4 file=/data/alice/ipardoza/hadronization_production/HF_RUN3_V1/raw/MONASH/hf_MONASH_job821.root
SIGMAB_COUNTS tag=MONASH species=Sigma_b+ pdg=5222 slice=eta_1_2 p=7 a=2 file=/data/alice/ipardoza/hadronization_production/HF_RUN3_V1/raw/MONASH/hf_MONASH_job821.root
SIGMAB_COUNTS tag=MONASH species=Sigma_b+ pdg=5222 slice=eta_ge_2 p=13 a=12 file=/data/alice/ipardoza/hadronization_production/HF_RUN3_V1/raw/MONASH/hf_MONASH_job821.root
SIGMAB_COUNTS tag=MONASH species=Sigma_b0 pdg=5212 slice=all p=40 a=18 file=/data/alice/ipardoza/hadronization_production/HF_RUN3_V1/raw/MONASH/hf_MONASH_job821.root
SIGMAB_COUNTS tag=MONASH species=Sigma_b0 pdg=5212 slice=eta_lt_1 p=9 a=5 file=/data/alice/ipardoza/hadronization_production/HF_RUN3_V1/raw/MONASH/hf_MONASH_job821.root
SIGMAB_COUNTS tag=MONASH species=Sigma_b0 pdg=5212 slice=eta_1_2 p=6 a=2 file=/data/alice/ipardoza/hadronization_production/HF_RUN3_V1/raw/MONASH/hf_MONASH_job821.root
SIGMAB_COUNTS tag=MONASH species=Sigma_b0 pdg=5212 slice=eta_ge_2 p=25 a=11 file=/data/alice/ipardoza/hadronization_production/HF_RUN3_V1/raw/MONASH/hf_MONASH_job821.root
SIGMAB_COUNTS tag=MONASH species=Sigma_b- pdg=5112 slice=all p=33 a=16 file=/data/alice/ipardoza/hadronization_production/HF_RUN3_V1/raw/MONASH/hf_MONASH_job821.root
SIGMAB_COUNTS tag=MONASH species=Sigma_b- pdg=5112 slice=eta_lt_1 p=6 a=4 file=/data/alice/ipardoza/hadronization_production/HF_RUN3_V1/raw/MONASH/hf_MONASH_job821.root
SIGMAB_COUNTS tag=MONASH species=Sigma_b- pdg=5112 slice=eta_1_2 p=4 a=3 file=/data/alice/ipardoza/hadronization_production/HF_RUN3_V1/raw/MONASH/hf_MONASH_job821.root
SIGMAB_COUNTS tag=MONASH species=Sigma_b- pdg=5112 slice=eta_ge_2 p=23 a=9 file=/data/alice/ipardoza/hadronization_production/HF_RUN3_V1/raw/MONASH/hf_MONASH_job821.root
SIGMAB_COUNTS tag=MONASH species=Sigma*_b+ pdg=5224 slice=all p=56 a=39 file=/data/alice/ipardoza/hadronization_production/HF_RUN3_V1/raw/MONASH/hf_MONASH_job821.root
SIGMAB_COUNTS tag=MONASH species=Sigma*_b+ pdg=5224 slice=eta_lt_1 p=7 a=2 file=/data/alice/ipardoza/hadronization_production/HF_RUN3_V1/raw/MONASH/hf_MONASH_job821.root
SIGMAB_COUNTS tag=MONASH species=Sigma*_b+ pdg=5224 slice=eta_1_2 p=17 a=8 file=/data/alice/ipardoza/hadronization_production/HF_RUN3_V1/raw/MONASH/hf_MONASH_job821.root
SIGMAB_COUNTS tag=MONASH species=Sigma*_b+ pdg=5224 slice=eta_ge_2 p=32 a=29 file=/data/alice/ipardoza/hadronization_production/HF_RUN3_V1/raw/MONASH/hf_MONASH_job821.root
SIGMAB_COUNTS tag=MONASH species=Sigma*_b0 pdg=5214 slice=all p=44 a=51 file=/data/alice/ipardoza/hadronization_production/HF_RUN3_V1/raw/MONASH/hf_MONASH_job821.root
SIGMAB_COUNTS tag=MONASH species=Sigma*_b0 pdg=5214 slice=eta_lt_1 p=6 a=11 file=/data/alice/ipardoza/hadronization_production/HF_RUN3_V1/raw/MONASH/hf_MONASH_job821.root
SIGMAB_COUNTS tag=MONASH species=Sigma*_b0 pdg=5214 slice=eta_1_2 p=11 a=9 file=/data/alice/ipardoza/hadronization_production/HF_RUN3_V1/raw/MONASH/hf_MONASH_job821.root
SIGMAB_COUNTS tag=MONASH species=Sigma*_b0 pdg=5214 slice=eta_ge_2 p=27 a=31 file=/data/alice/ipardoza/hadronization_production/HF_RUN3_V1/raw/MONASH/hf_MONASH_job821.root
SIGMAB_COUNTS tag=MONASH species=Sigma*_b- pdg=5114 slice=all p=43 a=45 file=/data/alice/ipardoza/hadronization_production/HF_RUN3_V1/raw/MONASH/hf_MONASH_job821.root
SIGMAB_COUNTS tag=MONASH species=Sigma*_b- pdg=5114 slice=eta_lt_1 p=10 a=5 file=/data/alice/ipardoza/hadronization_production/HF_RUN3_V1/raw/MONASH/hf_MONASH_job821.root
SIGMAB_COUNTS tag=MONASH species=Sigma*_b- pdg=5114 slice=eta_1_2 p=9 a=9 file=/data/alice/ipardoza/hadronization_production/HF_RUN3_V1/raw/MONASH/hf_MONASH_job821.root
SIGMAB_COUNTS tag=MONASH species=Sigma*_b- pdg=5114 slice=eta_ge_2 p=24 a=31 file=/data/alice/ipardoza/hadronization_production/HF_RUN3_V1/raw/MONASH/hf_MONASH_job821.root
SIGMAB_COUNTS tag=MONASH species=Lambda_b0 pdg=5122 slice=all p=280 a=315 file=/data/alice/ipardoza/hadronization_production/HF_RUN3_V1/raw/MONASH/hf_MONASH_job821.root
SIGMAB_COUNTS tag=MONASH species=Lambda_b0 pdg=5122 slice=eta_lt_1 p=44 a=58 file=/data/alice/ipardoza/hadronization_production/HF_RUN3_V1/raw/MONASH/hf_MONASH_job821.root
SIGMAB_COUNTS tag=MONASH species=Lambda_b0 pdg=5122 slice=eta_1_2 p=55 a=76 file=/data/alice/ipardoza/hadronization_production/HF_RUN3_V1/raw/MONASH/hf_MONASH_job821.root
SIGMAB_COUNTS tag=MONASH species=Lambda_b0 pdg=5122 slice=eta_ge_2 p=181 a=181 file=/data/alice/ipardoza/hadronization_production/HF_RUN3_V1/raw/MONASH/hf_MONASH_job821.root
SIGMAB_COUNTS tag=MONASH species=Xi_b0 pdg=5232 slice=all p=57 a=57 file=/data/alice/ipardoza/hadronization_production/HF_RUN3_V1/raw/MONASH/hf_MONASH_job821.root
SIGMAB_COUNTS tag=MONASH species=Xi_b0 pdg=5232 slice=eta_lt_1 p=11 a=10 file=/data/alice/ipardoza/hadronization_production/HF_RUN3_V1/raw/MONASH/hf_MONASH_job821.root
SIGMAB_COUNTS tag=MONASH species=Xi_b0 pdg=5232 slice=eta_1_2 p=13 a=11 file=/data/alice/ipardoza/hadronization_production/HF_RUN3_V1/raw/MONASH/hf_MONASH_job821.root
SIGMAB_COUNTS tag=MONASH species=Xi_b0 pdg=5232 slice=eta_ge_2 p=33 a=36 file=/data/alice/ipardoza/hadronization_production/HF_RUN3_V1/raw/MONASH/hf_MONASH_job821.root
SIGMAB_COUNTS tag=MONASH species=Xi_b- pdg=5132 slice=all p=36 a=62 file=/data/alice/ipardoza/hadronization_production/HF_RUN3_V1/raw/MONASH/hf_MONASH_job821.root
SIGMAB_COUNTS tag=MONASH species=Xi_b- pdg=5132 slice=eta_lt_1 p=5 a=16 file=/data/alice/ipardoza/hadronization_production/HF_RUN3_V1/raw/MONASH/hf_MONASH_job821.root
SIGMAB_COUNTS tag=MONASH species=Xi_b- pdg=5132 slice=eta_1_2 p=5 a=12 file=/data/alice/ipardoza/hadronization_production/HF_RUN3_V1/raw/MONASH/hf_MONASH_job821.root
SIGMAB_COUNTS tag=MONASH species=Xi_b- pdg=5132 slice=eta_ge_2 p=26 a=34 file=/data/alice/ipardoza/hadronization_production/HF_RUN3_V1/raw/MONASH/hf_MONASH_job821.root
SIGMAB_COUNTS tag=MONASH species=Sigma_b+ pdg=5222 slice=all p=36 a=21 file=/data/alice/ipardoza/hadronization_production/HF_RUN3_V1/raw/MONASH/hf_MONASH_job822.root
SIGMAB_COUNTS tag=MONASH species=Sigma_b+ pdg=5222 slice=eta_lt_1 p=4 a=6 file=/data/alice/ipardoza/hadronization_production/HF_RUN3_V1/raw/MONASH/hf_MONASH_job822.root
SIGMAB_COUNTS tag=MONASH species=Sigma_b+ pdg=5222 slice=eta_1_2 p=8 a=5 file=/data/alice/ipardoza/hadronization_production/HF_RUN3_V1/raw/MONASH/hf_MONASH_job822.root
SIGMAB_COUNTS tag=MONASH species=Sigma_b+ pdg=5222 slice=eta_ge_2 p=24 a=10 file=/data/alice/ipardoza/hadronization_production/HF_RUN3_V1/raw/MONASH/hf_MONASH_job822.root
SIGMAB_COUNTS tag=MONASH species=Sigma_b0 pdg=5212 slice=all p=32 a=23 file=/data/alice/ipardoza/hadronization_production/HF_RUN3_V1/raw/MONASH/hf_MONASH_job822.root
SIGMAB_COUNTS tag=MONASH species=Sigma_b0 pdg=5212 slice=eta_lt_1 p=5 a=2 file=/data/alice/ipardoza/hadronization_production/HF_RUN3_V1/raw/MONASH/hf_MONASH_job822.root
SIGMAB_COUNTS tag=MONASH species=Sigma_b0 pdg=5212 slice=eta_1_2 p=5 a=7 file=/data/alice/ipardoza/hadronization_production/HF_RUN3_V1/raw/MONASH/hf_MONASH_job822.root
SIGMAB_COUNTS tag=MONASH species=Sigma_b0 pdg=5212 slice=eta_ge_2 p=22 a=14 file=/data/alice/ipardoza/hadronization_production/HF_RUN3_V1/raw/MONASH/hf_MONASH_job822.root
SIGMAB_COUNTS tag=MONASH species=Sigma_b- pdg=5112 slice=all p=38 a=11 file=/data/alice/ipardoza/hadronization_production/HF_RUN3_V1/raw/MONASH/hf_MONASH_job822.root
SIGMAB_COUNTS tag=MONASH species=Sigma_b- pdg=5112 slice=eta_lt_1 p=0 a=2 file=/data/alice/ipardoza/hadronization_production/HF_RUN3_V1/raw/MONASH/hf_MONASH_job822.root
SIGMAB_COUNTS tag=MONASH species=Sigma_b- pdg=5112 slice=eta_1_2 p=9 a=2 file=/data/alice/ipardoza/hadronization_production/HF_RUN3_V1/raw/MONASH/hf_MONASH_job822.root
SIGMAB_COUNTS tag=MONASH species=Sigma_b- pdg=5112 slice=eta_ge_2 p=29 a=7 file=/data/alice/ipardoza/hadronization_production/HF_RUN3_V1/raw/MONASH/hf_MONASH_job822.root
SIGMAB_COUNTS tag=MONASH species=Sigma*_b+ pdg=5224 slice=all p=60 a=30 file=/data/alice/ipardoza/hadronization_production/HF_RUN3_V1/raw/MONASH/hf_MONASH_job822.root
SIGMAB_COUNTS tag=MONASH species=Sigma*_b+ pdg=5224 slice=eta_lt_1 p=14 a=3 file=/data/alice/ipardoza/hadronization_production/HF_RUN3_V1/raw/MONASH/hf_MONASH_job822.root
SIGMAB_COUNTS tag=MONASH species=Sigma*_b+ pdg=5224 slice=eta_1_2 p=12 a=7 file=/data/alice/ipardoza/hadronization_production/HF_RUN3_V1/raw/MONASH/hf_MONASH_job822.root
SIGMAB_COUNTS tag=MONASH species=Sigma*_b+ pdg=5224 slice=eta_ge_2 p=34 a=20 file=/data/alice/ipardoza/hadronization_production/HF_RUN3_V1/raw/MONASH/hf_MONASH_job822.root
SIGMAB_COUNTS tag=MONASH species=Sigma*_b0 pdg=5214 slice=all p=48 a=44 file=/data/alice/ipardoza/hadronization_production/HF_RUN3_V1/raw/MONASH/hf_MONASH_job822.root
SIGMAB_COUNTS tag=MONASH species=Sigma*_b0 pdg=5214 slice=eta_lt_1 p=6 a=6 file=/data/alice/ipardoza/hadronization_production/HF_RUN3_V1/raw/MONASH/hf_MONASH_job822.root
SIGMAB_COUNTS tag=MONASH species=Sigma*_b0 pdg=5214 slice=eta_1_2 p=9 a=7 file=/data/alice/ipardoza/hadronization_production/HF_RUN3_V1/raw/MONASH/hf_MONASH_job822.root
SIGMAB_COUNTS tag=MONASH species=Sigma*_b0 pdg=5214 slice=eta_ge_2 p=33 a=31 file=/data/alice/ipardoza/hadronization_production/HF_RUN3_V1/raw/MONASH/hf_MONASH_job822.root
SIGMAB_COUNTS tag=MONASH species=Sigma*_b- pdg=5114 slice=all p=43 a=45 file=/data/alice/ipardoza/hadronization_production/HF_RUN3_V1/raw/MONASH/hf_MONASH_job822.root
SIGMAB_COUNTS tag=MONASH species=Sigma*_b- pdg=5114 slice=eta_lt_1 p=4 a=11 file=/data/alice/ipardoza/hadronization_production/HF_RUN3_V1/raw/MONASH/hf_MONASH_job822.root
SIGMAB_COUNTS tag=MONASH species=Sigma*_b- pdg=5114 slice=eta_1_2 p=4 a=8 file=/data/alice/ipardoza/hadronization_production/HF_RUN3_V1/raw/MONASH/hf_MONASH_job822.root
SIGMAB_COUNTS tag=MONASH species=Sigma*_b- pdg=5114 slice=eta_ge_2 p=35 a=26 file=/data/alice/ipardoza/hadronization_production/HF_RUN3_V1/raw/MONASH/hf_MONASH_job822.root
SIGMAB_COUNTS tag=MONASH species=Lambda_b0 pdg=5122 slice=all p=297 a=301 file=/data/alice/ipardoza/hadronization_production/HF_RUN3_V1/raw/MONASH/hf_MONASH_job822.root
SIGMAB_COUNTS tag=MONASH species=Lambda_b0 pdg=5122 slice=eta_lt_1 p=61 a=51 file=/data/alice/ipardoza/hadronization_production/HF_RUN3_V1/raw/MONASH/hf_MONASH_job822.root
SIGMAB_COUNTS tag=MONASH species=Lambda_b0 pdg=5122 slice=eta_1_2 p=70 a=74 file=/data/alice/ipardoza/hadronization_production/HF_RUN3_V1/raw/MONASH/hf_MONASH_job822.root
SIGMAB_COUNTS tag=MONASH species=Lambda_b0 pdg=5122 slice=eta_ge_2 p=166 a=176 file=/data/alice/ipardoza/hadronization_production/HF_RUN3_V1/raw/MONASH/hf_MONASH_job822.root
SIGMAB_COUNTS tag=MONASH species=Xi_b0 pdg=5232 slice=all p=58 a=61 file=/data/alice/ipardoza/hadronization_production/HF_RUN3_V1/raw/MONASH/hf_MONASH_job822.root
SIGMAB_COUNTS tag=MONASH species=Xi_b0 pdg=5232 slice=eta_lt_1 p=9 a=13 file=/data/alice/ipardoza/hadronization_production/HF_RUN3_V1/raw/MONASH/hf_MONASH_job822.root
SIGMAB_COUNTS tag=MONASH species=Xi_b0 pdg=5232 slice=eta_1_2 p=9 a=18 file=/data/alice/ipardoza/hadronization_production/HF_RUN3_V1/raw/MONASH/hf_MONASH_job822.root
SIGMAB_COUNTS tag=MONASH species=Xi_b0 pdg=5232 slice=eta_ge_2 p=40 a=30 file=/data/alice/ipardoza/hadronization_production/HF_RUN3_V1/raw/MONASH/hf_MONASH_job822.root
SIGMAB_COUNTS tag=MONASH species=Xi_b- pdg=5132 slice=all p=72 a=57 file=/data/alice/ipardoza/hadronization_production/HF_RUN3_V1/raw/MONASH/hf_MONASH_job822.root
SIGMAB_COUNTS tag=MONASH species=Xi_b- pdg=5132 slice=eta_lt_1 p=16 a=11 file=/data/alice/ipardoza/hadronization_production/HF_RUN3_V1/raw/MONASH/hf_MONASH_job822.root
SIGMAB_COUNTS tag=MONASH species=Xi_b- pdg=5132 slice=eta_1_2 p=21 a=15 file=/data/alice/ipardoza/hadronization_production/HF_RUN3_V1/raw/MONASH/hf_MONASH_job822.root
SIGMAB_COUNTS tag=MONASH species=Xi_b- pdg=5132 slice=eta_ge_2 p=35 a=31 file=/data/alice/ipardoza/hadronization_production/HF_RUN3_V1/raw/MONASH/hf_MONASH_job822.root
SIGMAB_COUNTS tag=MONASH species=Sigma_b+ pdg=5222 slice=all p=37 a=23 file=/data/alice/ipardoza/hadronization_production/HF_RUN3_V1/raw/MONASH/hf_MONASH_job823.root
SIGMAB_COUNTS tag=MONASH species=Sigma_b+ pdg=5222 slice=eta_lt_1 p=7 a=6 file=/data/alice/ipardoza/hadronization_production/HF_RUN3_V1/raw/MONASH/hf_MONASH_job823.root
SIGMAB_COUNTS tag=MONASH species=Sigma_b+ pdg=5222 slice=eta_1_2 p=8 a=4 file=/data/alice/ipardoza/hadronization_production/HF_RUN3_V1/raw/MONASH/hf_MONASH_job823.root
SIGMAB_COUNTS tag=MONASH species=Sigma_b+ pdg=5222 slice=eta_ge_2 p=22 a=13 file=/data/alice/ipardoza/hadronization_production/HF_RUN3_V1/raw/MONASH/hf_MONASH_job823.root
SIGMAB_COUNTS tag=MONASH species=Sigma_b0 pdg=5212 slice=all p=35 a=23 file=/data/alice/ipardoza/hadronization_production/HF_RUN3_V1/raw/MONASH/hf_MONASH_job823.root
SIGMAB_COUNTS tag=MONASH species=Sigma_b0 pdg=5212 slice=eta_lt_1 p=5 a=5 file=/data/alice/ipardoza/hadronization_production/HF_RUN3_V1/raw/MONASH/hf_MONASH_job823.root
SIGMAB_COUNTS tag=MONASH species=Sigma_b0 pdg=5212 slice=eta_1_2 p=3 a=3 file=/data/alice/ipardoza/hadronization_production/HF_RUN3_V1/raw/MONASH/hf_MONASH_job823.root
SIGMAB_COUNTS tag=MONASH species=Sigma_b0 pdg=5212 slice=eta_ge_2 p=27 a=15 file=/data/alice/ipardoza/hadronization_production/HF_RUN3_V1/raw/MONASH/hf_MONASH_job823.root
SIGMAB_COUNTS tag=MONASH species=Sigma_b- pdg=5112 slice=all p=42 a=18 file=/data/alice/ipardoza/hadronization_production/HF_RUN3_V1/raw/MONASH/hf_MONASH_job823.root
SIGMAB_COUNTS tag=MONASH species=Sigma_b- pdg=5112 slice=eta_lt_1 p=10 a=3 file=/data/alice/ipardoza/hadronization_production/HF_RUN3_V1/raw/MONASH/hf_MONASH_job823.root
SIGMAB_COUNTS tag=MONASH species=Sigma_b- pdg=5112 slice=eta_1_2 p=11 a=5 file=/data/alice/ipardoza/hadronization_production/HF_RUN3_V1/raw/MONASH/hf_MONASH_job823.root
SIGMAB_COUNTS tag=MONASH species=Sigma_b- pdg=5112 slice=eta_ge_2 p=21 a=10 file=/data/alice/ipardoza/hadronization_production/HF_RUN3_V1/raw/MONASH/hf_MONASH_job823.root
SIGMAB_COUNTS tag=MONASH species=Sigma*_b+ pdg=5224 slice=all p=50 a=36 file=/data/alice/ipardoza/hadronization_production/HF_RUN3_V1/raw/MONASH/hf_MONASH_job823.root
SIGMAB_COUNTS tag=MONASH species=Sigma*_b+ pdg=5224 slice=eta_lt_1 p=11 a=1 file=/data/alice/ipardoza/hadronization_production/HF_RUN3_V1/raw/MONASH/hf_MONASH_job823.root
SIGMAB_COUNTS tag=MONASH species=Sigma*_b+ pdg=5224 slice=eta_1_2 p=6 a=12 file=/data/alice/ipardoza/hadronization_production/HF_RUN3_V1/raw/MONASH/hf_MONASH_job823.root
SIGMAB_COUNTS tag=MONASH species=Sigma*_b+ pdg=5224 slice=eta_ge_2 p=33 a=23 file=/data/alice/ipardoza/hadronization_production/HF_RUN3_V1/raw/MONASH/hf_MONASH_job823.root
SIGMAB_COUNTS tag=MONASH species=Sigma*_b0 pdg=5214 slice=all p=49 a=31 file=/data/alice/ipardoza/hadronization_production/HF_RUN3_V1/raw/MONASH/hf_MONASH_job823.root
SIGMAB_COUNTS tag=MONASH species=Sigma*_b0 pdg=5214 slice=eta_lt_1 p=5 a=2 file=/data/alice/ipardoza/hadronization_production/HF_RUN3_V1/raw/MONASH/hf_MONASH_job823.root
SIGMAB_COUNTS tag=MONASH species=Sigma*_b0 pdg=5214 slice=eta_1_2 p=6 a=3 file=/data/alice/ipardoza/hadronization_production/HF_RUN3_V1/raw/MONASH/hf_MONASH_job823.root
SIGMAB_COUNTS tag=MONASH species=Sigma*_b0 pdg=5214 slice=eta_ge_2 p=38 a=26 file=/data/alice/ipardoza/hadronization_production/HF_RUN3_V1/raw/MONASH/hf_MONASH_job823.root
SIGMAB_COUNTS tag=MONASH species=Sigma*_b- pdg=5114 slice=all p=51 a=41 file=/data/alice/ipardoza/hadronization_production/HF_RUN3_V1/raw/MONASH/hf_MONASH_job823.root
SIGMAB_COUNTS tag=MONASH species=Sigma*_b- pdg=5114 slice=eta_lt_1 p=11 a=6 file=/data/alice/ipardoza/hadronization_production/HF_RUN3_V1/raw/MONASH/hf_MONASH_job823.root
SIGMAB_COUNTS tag=MONASH species=Sigma*_b- pdg=5114 slice=eta_1_2 p=6 a=12 file=/data/alice/ipardoza/hadronization_production/HF_RUN3_V1/raw/MONASH/hf_MONASH_job823.root
SIGMAB_COUNTS tag=MONASH species=Sigma*_b- pdg=5114 slice=eta_ge_2 p=34 a=23 file=/data/alice/ipardoza/hadronization_production/HF_RUN3_V1/raw/MONASH/hf_MONASH_job823.root
SIGMAB_COUNTS tag=MONASH species=Lambda_b0 pdg=5122 slice=all p=299 a=307 file=/data/alice/ipardoza/hadronization_production/HF_RUN3_V1/raw/MONASH/hf_MONASH_job823.root
SIGMAB_COUNTS tag=MONASH species=Lambda_b0 pdg=5122 slice=eta_lt_1 p=55 a=55 file=/data/alice/ipardoza/hadronization_production/HF_RUN3_V1/raw/MONASH/hf_MONASH_job823.root
SIGMAB_COUNTS tag=MONASH species=Lambda_b0 pdg=5122 slice=eta_1_2 p=67 a=70 file=/data/alice/ipardoza/hadronization_production/HF_RUN3_V1/raw/MONASH/hf_MONASH_job823.root
SIGMAB_COUNTS tag=MONASH species=Lambda_b0 pdg=5122 slice=eta_ge_2 p=177 a=182 file=/data/alice/ipardoza/hadronization_production/HF_RUN3_V1/raw/MONASH/hf_MONASH_job823.root
SIGMAB_COUNTS tag=MONASH species=Xi_b0 pdg=5232 slice=all p=56 a=46 file=/data/alice/ipardoza/hadronization_production/HF_RUN3_V1/raw/MONASH/hf_MONASH_job823.root
SIGMAB_COUNTS tag=MONASH species=Xi_b0 pdg=5232 slice=eta_lt_1 p=6 a=9 file=/data/alice/ipardoza/hadronization_production/HF_RUN3_V1/raw/MONASH/hf_MONASH_job823.root
SIGMAB_COUNTS tag=MONASH species=Xi_b0 pdg=5232 slice=eta_1_2 p=12 a=13 file=/data/alice/ipardoza/hadronization_production/HF_RUN3_V1/raw/MONASH/hf_MONASH_job823.root
SIGMAB_COUNTS tag=MONASH species=Xi_b0 pdg=5232 slice=eta_ge_2 p=38 a=24 file=/data/alice/ipardoza/hadronization_production/HF_RUN3_V1/raw/MONASH/hf_MONASH_job823.root
SIGMAB_COUNTS tag=MONASH species=Xi_b- pdg=5132 slice=all p=70 a=56 file=/data/alice/ipardoza/hadronization_production/HF_RUN3_V1/raw/MONASH/hf_MONASH_job823.root
SIGMAB_COUNTS tag=MONASH species=Xi_b- pdg=5132 slice=eta_lt_1 p=13 a=4 file=/data/alice/ipardoza/hadronization_production/HF_RUN3_V1/raw/MONASH/hf_MONASH_job823.root
SIGMAB_COUNTS tag=MONASH species=Xi_b- pdg=5132 slice=eta_1_2 p=17 a=15 file=/data/alice/ipardoza/hadronization_production/HF_RUN3_V1/raw/MONASH/hf_MONASH_job823.root
SIGMAB_COUNTS tag=MONASH species=Xi_b- pdg=5132 slice=eta_ge_2 p=40 a=37 file=/data/alice/ipardoza/hadronization_production/HF_RUN3_V1/raw/MONASH/hf_MONASH_job823.root
SIGMAB_COUNTS tag=MONASH species=Sigma_b+ pdg=5222 slice=all p=42 a=16 file=/data/alice/ipardoza/hadronization_production/HF_RUN3_V1/raw/MONASH/hf_MONASH_job824.root
SIGMAB_COUNTS tag=MONASH species=Sigma_b+ pdg=5222 slice=eta_lt_1 p=3 a=2 file=/data/alice/ipardoza/hadronization_production/HF_RUN3_V1/raw/MONASH/hf_MONASH_job824.root
SIGMAB_COUNTS tag=MONASH species=Sigma_b+ pdg=5222 slice=eta_1_2 p=9 a=2 file=/data/alice/ipardoza/hadronization_production/HF_RUN3_V1/raw/MONASH/hf_MONASH_job824.root
SIGMAB_COUNTS tag=MONASH species=Sigma_b+ pdg=5222 slice=eta_ge_2 p=30 a=12 file=/data/alice/ipardoza/hadronization_production/HF_RUN3_V1/raw/MONASH/hf_MONASH_job824.root
SIGMAB_COUNTS tag=MONASH species=Sigma_b0 pdg=5212 slice=all p=46 a=18 file=/data/alice/ipardoza/hadronization_production/HF_RUN3_V1/raw/MONASH/hf_MONASH_job824.root
SIGMAB_COUNTS tag=MONASH species=Sigma_b0 pdg=5212 slice=eta_lt_1 p=5 a=2 file=/data/alice/ipardoza/hadronization_production/HF_RUN3_V1/raw/MONASH/hf_MONASH_job824.root
SIGMAB_COUNTS tag=MONASH species=Sigma_b0 pdg=5212 slice=eta_1_2 p=10 a=5 file=/data/alice/ipardoza/hadronization_production/HF_RUN3_V1/raw/MONASH/hf_MONASH_job824.root
SIGMAB_COUNTS tag=MONASH species=Sigma_b0 pdg=5212 slice=eta_ge_2 p=31 a=11 file=/data/alice/ipardoza/hadronization_production/HF_RUN3_V1/raw/MONASH/hf_MONASH_job824.root
SIGMAB_COUNTS tag=MONASH species=Sigma_b- pdg=5112 slice=all p=45 a=25 file=/data/alice/ipardoza/hadronization_production/HF_RUN3_V1/raw/MONASH/hf_MONASH_job824.root
SIGMAB_COUNTS tag=MONASH species=Sigma_b- pdg=5112 slice=eta_lt_1 p=8 a=5 file=/data/alice/ipardoza/hadronization_production/HF_RUN3_V1/raw/MONASH/hf_MONASH_job824.root
SIGMAB_COUNTS tag=MONASH species=Sigma_b- pdg=5112 slice=eta_1_2 p=8 a=3 file=/data/alice/ipardoza/hadronization_production/HF_RUN3_V1/raw/MONASH/hf_MONASH_job824.root
SIGMAB_COUNTS tag=MONASH species=Sigma_b- pdg=5112 slice=eta_ge_2 p=29 a=17 file=/data/alice/ipardoza/hadronization_production/HF_RUN3_V1/raw/MONASH/hf_MONASH_job824.root
SIGMAB_COUNTS tag=MONASH species=Sigma*_b+ pdg=5224 slice=all p=54 a=39 file=/data/alice/ipardoza/hadronization_production/HF_RUN3_V1/raw/MONASH/hf_MONASH_job824.root
SIGMAB_COUNTS tag=MONASH species=Sigma*_b+ pdg=5224 slice=eta_lt_1 p=12 a=6 file=/data/alice/ipardoza/hadronization_production/HF_RUN3_V1/raw/MONASH/hf_MONASH_job824.root
SIGMAB_COUNTS tag=MONASH species=Sigma*_b+ pdg=5224 slice=eta_1_2 p=14 a=10 file=/data/alice/ipardoza/hadronization_production/HF_RUN3_V1/raw/MONASH/hf_MONASH_job824.root
SIGMAB_COUNTS tag=MONASH species=Sigma*_b+ pdg=5224 slice=eta_ge_2 p=28 a=23 file=/data/alice/ipardoza/hadronization_production/HF_RUN3_V1/raw/MONASH/hf_MONASH_job824.root
SIGMAB_COUNTS tag=MONASH species=Sigma*_b0 pdg=5214 slice=all p=46 a=40 file=/data/alice/ipardoza/hadronization_production/HF_RUN3_V1/raw/MONASH/hf_MONASH_job824.root
SIGMAB_COUNTS tag=MONASH species=Sigma*_b0 pdg=5214 slice=eta_lt_1 p=4 a=12 file=/data/alice/ipardoza/hadronization_production/HF_RUN3_V1/raw/MONASH/hf_MONASH_job824.root
SIGMAB_COUNTS tag=MONASH species=Sigma*_b0 pdg=5214 slice=eta_1_2 p=15 a=7 file=/data/alice/ipardoza/hadronization_production/HF_RUN3_V1/raw/MONASH/hf_MONASH_job824.root
SIGMAB_COUNTS tag=MONASH species=Sigma*_b0 pdg=5214 slice=eta_ge_2 p=27 a=21 file=/data/alice/ipardoza/hadronization_production/HF_RUN3_V1/raw/MONASH/hf_MONASH_job824.root
SIGMAB_COUNTS tag=MONASH species=Sigma*_b- pdg=5114 slice=all p=46 a=36 file=/data/alice/ipardoza/hadronization_production/HF_RUN3_V1/raw/MONASH/hf_MONASH_job824.root
SIGMAB_COUNTS tag=MONASH species=Sigma*_b- pdg=5114 slice=eta_lt_1 p=9 a=10 file=/data/alice/ipardoza/hadronization_production/HF_RUN3_V1/raw/MONASH/hf_MONASH_job824.root
SIGMAB_COUNTS tag=MONASH species=Sigma*_b- pdg=5114 slice=eta_1_2 p=10 a=7 file=/data/alice/ipardoza/hadronization_production/HF_RUN3_V1/raw/MONASH/hf_MONASH_job824.root
SIGMAB_COUNTS tag=MONASH species=Sigma*_b- pdg=5114 slice=eta_ge_2 p=27 a=19 file=/data/alice/ipardoza/hadronization_production/HF_RUN3_V1/raw/MONASH/hf_MONASH_job824.root
SIGMAB_COUNTS tag=MONASH species=Lambda_b0 pdg=5122 slice=all p=321 a=316 file=/data/alice/ipardoza/hadronization_production/HF_RUN3_V1/raw/MONASH/hf_MONASH_job824.root
SIGMAB_COUNTS tag=MONASH species=Lambda_b0 pdg=5122 slice=eta_lt_1 p=64 a=52 file=/data/alice/ipardoza/hadronization_production/HF_RUN3_V1/raw/MONASH/hf_MONASH_job824.root
SIGMAB_COUNTS tag=MONASH species=Lambda_b0 pdg=5122 slice=eta_1_2 p=57 a=83 file=/data/alice/ipardoza/hadronization_production/HF_RUN3_V1/raw/MONASH/hf_MONASH_job824.root
SIGMAB_COUNTS tag=MONASH species=Lambda_b0 pdg=5122 slice=eta_ge_2 p=200 a=181 file=/data/alice/ipardoza/hadronization_production/HF_RUN3_V1/raw/MONASH/hf_MONASH_job824.root
SIGMAB_COUNTS tag=MONASH species=Xi_b0 pdg=5232 slice=all p=50 a=54 file=/data/alice/ipardoza/hadronization_production/HF_RUN3_V1/raw/MONASH/hf_MONASH_job824.root
SIGMAB_COUNTS tag=MONASH species=Xi_b0 pdg=5232 slice=eta_lt_1 p=8 a=8 file=/data/alice/ipardoza/hadronization_production/HF_RUN3_V1/raw/MONASH/hf_MONASH_job824.root
SIGMAB_COUNTS tag=MONASH species=Xi_b0 pdg=5232 slice=eta_1_2 p=9 a=17 file=/data/alice/ipardoza/hadronization_production/HF_RUN3_V1/raw/MONASH/hf_MONASH_job824.root
SIGMAB_COUNTS tag=MONASH species=Xi_b0 pdg=5232 slice=eta_ge_2 p=33 a=29 file=/data/alice/ipardoza/hadronization_production/HF_RUN3_V1/raw/MONASH/hf_MONASH_job824.root
SIGMAB_COUNTS tag=MONASH species=Xi_b- pdg=5132 slice=all p=58 a=56 file=/data/alice/ipardoza/hadronization_production/HF_RUN3_V1/raw/MONASH/hf_MONASH_job824.root
SIGMAB_COUNTS tag=MONASH species=Xi_b- pdg=5132 slice=eta_lt_1 p=9 a=11 file=/data/alice/ipardoza/hadronization_production/HF_RUN3_V1/raw/MONASH/hf_MONASH_job824.root
SIGMAB_COUNTS tag=MONASH species=Xi_b- pdg=5132 slice=eta_1_2 p=11 a=14 file=/data/alice/ipardoza/hadronization_production/HF_RUN3_V1/raw/MONASH/hf_MONASH_job824.root
SIGMAB_COUNTS tag=MONASH species=Xi_b- pdg=5132 slice=eta_ge_2 p=38 a=31 file=/data/alice/ipardoza/hadronization_production/HF_RUN3_V1/raw/MONASH/hf_MONASH_job824.root
SIGMAB_COUNTS tag=MONASH species=Sigma_b+ pdg=5222 slice=all p=31 a=29 file=/data/alice/ipardoza/hadronization_production/HF_RUN3_V1/raw/MONASH/hf_MONASH_job825.root
SIGMAB_COUNTS tag=MONASH species=Sigma_b+ pdg=5222 slice=eta_lt_1 p=3 a=6 file=/data/alice/ipardoza/hadronization_production/HF_RUN3_V1/raw/MONASH/hf_MONASH_job825.root
SIGMAB_COUNTS tag=MONASH species=Sigma_b+ pdg=5222 slice=eta_1_2 p=4 a=2 file=/data/alice/ipardoza/hadronization_production/HF_RUN3_V1/raw/MONASH/hf_MONASH_job825.root
SIGMAB_COUNTS tag=MONASH species=Sigma_b+ pdg=5222 slice=eta_ge_2 p=24 a=21 file=/data/alice/ipardoza/hadronization_production/HF_RUN3_V1/raw/MONASH/hf_MONASH_job825.root
SIGMAB_COUNTS tag=MONASH species=Sigma_b0 pdg=5212 slice=all p=34 a=29 file=/data/alice/ipardoza/hadronization_production/HF_RUN3_V1/raw/MONASH/hf_MONASH_job825.root
SIGMAB_COUNTS tag=MONASH species=Sigma_b0 pdg=5212 slice=eta_lt_1 p=4 a=8 file=/data/alice/ipardoza/hadronization_production/HF_RUN3_V1/raw/MONASH/hf_MONASH_job825.root
SIGMAB_COUNTS tag=MONASH species=Sigma_b0 pdg=5212 slice=eta_1_2 p=9 a=5 file=/data/alice/ipardoza/hadronization_production/HF_RUN3_V1/raw/MONASH/hf_MONASH_job825.root
SIGMAB_COUNTS tag=MONASH species=Sigma_b0 pdg=5212 slice=eta_ge_2 p=21 a=16 file=/data/alice/ipardoza/hadronization_production/HF_RUN3_V1/raw/MONASH/hf_MONASH_job825.root
SIGMAB_COUNTS tag=MONASH species=Sigma_b- pdg=5112 slice=all p=35 a=10 file=/data/alice/ipardoza/hadronization_production/HF_RUN3_V1/raw/MONASH/hf_MONASH_job825.root
SIGMAB_COUNTS tag=MONASH species=Sigma_b- pdg=5112 slice=eta_lt_1 p=5 a=2 file=/data/alice/ipardoza/hadronization_production/HF_RUN3_V1/raw/MONASH/hf_MONASH_job825.root
SIGMAB_COUNTS tag=MONASH species=Sigma_b- pdg=5112 slice=eta_1_2 p=8 a=2 file=/data/alice/ipardoza/hadronization_production/HF_RUN3_V1/raw/MONASH/hf_MONASH_job825.root
SIGMAB_COUNTS tag=MONASH species=Sigma_b- pdg=5112 slice=eta_ge_2 p=22 a=6 file=/data/alice/ipardoza/hadronization_production/HF_RUN3_V1/raw/MONASH/hf_MONASH_job825.root
SIGMAB_COUNTS tag=MONASH species=Sigma*_b+ pdg=5224 slice=all p=69 a=42 file=/data/alice/ipardoza/hadronization_production/HF_RUN3_V1/raw/MONASH/hf_MONASH_job825.root
SIGMAB_COUNTS tag=MONASH species=Sigma*_b+ pdg=5224 slice=eta_lt_1 p=14 a=3 file=/data/alice/ipardoza/hadronization_production/HF_RUN3_V1/raw/MONASH/hf_MONASH_job825.root
SIGMAB_COUNTS tag=MONASH species=Sigma*_b+ pdg=5224 slice=eta_1_2 p=15 a=8 file=/data/alice/ipardoza/hadronization_production/HF_RUN3_V1/raw/MONASH/hf_MONASH_job825.root
SIGMAB_COUNTS tag=MONASH species=Sigma*_b+ pdg=5224 slice=eta_ge_2 p=40 a=31 file=/data/alice/ipardoza/hadronization_production/HF_RUN3_V1/raw/MONASH/hf_MONASH_job825.root
SIGMAB_COUNTS tag=MONASH species=Sigma*_b0 pdg=5214 slice=all p=57 a=34 file=/data/alice/ipardoza/hadronization_production/HF_RUN3_V1/raw/MONASH/hf_MONASH_job825.root
SIGMAB_COUNTS tag=MONASH species=Sigma*_b0 pdg=5214 slice=eta_lt_1 p=9 a=7 file=/data/alice/ipardoza/hadronization_production/HF_RUN3_V1/raw/MONASH/hf_MONASH_job825.root
SIGMAB_COUNTS tag=MONASH species=Sigma*_b0 pdg=5214 slice=eta_1_2 p=15 a=7 file=/data/alice/ipardoza/hadronization_production/HF_RUN3_V1/raw/MONASH/hf_MONASH_job825.root
SIGMAB_COUNTS tag=MONASH species=Sigma*_b0 pdg=5214 slice=eta_ge_2 p=33 a=20 file=/data/alice/ipardoza/hadronization_production/HF_RUN3_V1/raw/MONASH/hf_MONASH_job825.root
SIGMAB_COUNTS tag=MONASH species=Sigma*_b- pdg=5114 slice=all p=40 a=30 file=/data/alice/ipardoza/hadronization_production/HF_RUN3_V1/raw/MONASH/hf_MONASH_job825.root
SIGMAB_COUNTS tag=MONASH species=Sigma*_b- pdg=5114 slice=eta_lt_1 p=8 a=4 file=/data/alice/ipardoza/hadronization_production/HF_RUN3_V1/raw/MONASH/hf_MONASH_job825.root
SIGMAB_COUNTS tag=MONASH species=Sigma*_b- pdg=5114 slice=eta_1_2 p=7 a=9 file=/data/alice/ipardoza/hadronization_production/HF_RUN3_V1/raw/MONASH/hf_MONASH_job825.root
SIGMAB_COUNTS tag=MONASH species=Sigma*_b- pdg=5114 slice=eta_ge_2 p=25 a=17 file=/data/alice/ipardoza/hadronization_production/HF_RUN3_V1/raw/MONASH/hf_MONASH_job825.root
SIGMAB_COUNTS tag=MONASH species=Lambda_b0 pdg=5122 slice=all p=306 a=285 file=/data/alice/ipardoza/hadronization_production/HF_RUN3_V1/raw/MONASH/hf_MONASH_job825.root
SIGMAB_COUNTS tag=MONASH species=Lambda_b0 pdg=5122 slice=eta_lt_1 p=53 a=59 file=/data/alice/ipardoza/hadronization_production/HF_RUN3_V1/raw/MONASH/hf_MONASH_job825.root
SIGMAB_COUNTS tag=MONASH species=Lambda_b0 pdg=5122 slice=eta_1_2 p=79 a=71 file=/data/alice/ipardoza/hadronization_production/HF_RUN3_V1/raw/MONASH/hf_MONASH_job825.root
SIGMAB_COUNTS tag=MONASH species=Lambda_b0 pdg=5122 slice=eta_ge_2 p=174 a=155 file=/data/alice/ipardoza/hadronization_production/HF_RUN3_V1/raw/MONASH/hf_MONASH_job825.root
SIGMAB_COUNTS tag=MONASH species=Xi_b0 pdg=5232 slice=all p=67 a=53 file=/data/alice/ipardoza/hadronization_production/HF_RUN3_V1/raw/MONASH/hf_MONASH_job825.root
SIGMAB_COUNTS tag=MONASH species=Xi_b0 pdg=5232 slice=eta_lt_1 p=12 a=12 file=/data/alice/ipardoza/hadronization_production/HF_RUN3_V1/raw/MONASH/hf_MONASH_job825.root
SIGMAB_COUNTS tag=MONASH species=Xi_b0 pdg=5232 slice=eta_1_2 p=18 a=8 file=/data/alice/ipardoza/hadronization_production/HF_RUN3_V1/raw/MONASH/hf_MONASH_job825.root
SIGMAB_COUNTS tag=MONASH species=Xi_b0 pdg=5232 slice=eta_ge_2 p=37 a=33 file=/data/alice/ipardoza/hadronization_production/HF_RUN3_V1/raw/MONASH/hf_MONASH_job825.root
SIGMAB_COUNTS tag=MONASH species=Xi_b- pdg=5132 slice=all p=58 a=58 file=/data/alice/ipardoza/hadronization_production/HF_RUN3_V1/raw/MONASH/hf_MONASH_job825.root
SIGMAB_COUNTS tag=MONASH species=Xi_b- pdg=5132 slice=eta_lt_1 p=10 a=11 file=/data/alice/ipardoza/hadronization_production/HF_RUN3_V1/raw/MONASH/hf_MONASH_job825.root
SIGMAB_COUNTS tag=MONASH species=Xi_b- pdg=5132 slice=eta_1_2 p=13 a=14 file=/data/alice/ipardoza/hadronization_production/HF_RUN3_V1/raw/MONASH/hf_MONASH_job825.root
SIGMAB_COUNTS tag=MONASH species=Xi_b- pdg=5132 slice=eta_ge_2 p=35 a=33 file=/data/alice/ipardoza/hadronization_production/HF_RUN3_V1/raw/MONASH/hf_MONASH_job825.root
SIGMAB_COUNTS tag=MONASH species=Sigma_b+ pdg=5222 slice=all p=34 a=19 file=/data/alice/ipardoza/hadronization_production/HF_RUN3_V1/raw/MONASH/hf_MONASH_job826.root
SIGMAB_COUNTS tag=MONASH species=Sigma_b+ pdg=5222 slice=eta_lt_1 p=7 a=3 file=/data/alice/ipardoza/hadronization_production/HF_RUN3_V1/raw/MONASH/hf_MONASH_job826.root
SIGMAB_COUNTS tag=MONASH species=Sigma_b+ pdg=5222 slice=eta_1_2 p=8 a=6 file=/data/alice/ipardoza/hadronization_production/HF_RUN3_V1/raw/MONASH/hf_MONASH_job826.root
SIGMAB_COUNTS tag=MONASH species=Sigma_b+ pdg=5222 slice=eta_ge_2 p=19 a=10 file=/data/alice/ipardoza/hadronization_production/HF_RUN3_V1/raw/MONASH/hf_MONASH_job826.root
SIGMAB_COUNTS tag=MONASH species=Sigma_b0 pdg=5212 slice=all p=34 a=28 file=/data/alice/ipardoza/hadronization_production/HF_RUN3_V1/raw/MONASH/hf_MONASH_job826.root
SIGMAB_COUNTS tag=MONASH species=Sigma_b0 pdg=5212 slice=eta_lt_1 p=7 a=4 file=/data/alice/ipardoza/hadronization_production/HF_RUN3_V1/raw/MONASH/hf_MONASH_job826.root
SIGMAB_COUNTS tag=MONASH species=Sigma_b0 pdg=5212 slice=eta_1_2 p=5 a=4 file=/data/alice/ipardoza/hadronization_production/HF_RUN3_V1/raw/MONASH/hf_MONASH_job826.root
SIGMAB_COUNTS tag=MONASH species=Sigma_b0 pdg=5212 slice=eta_ge_2 p=22 a=20 file=/data/alice/ipardoza/hadronization_production/HF_RUN3_V1/raw/MONASH/hf_MONASH_job826.root
SIGMAB_COUNTS tag=MONASH species=Sigma_b- pdg=5112 slice=all p=22 a=27 file=/data/alice/ipardoza/hadronization_production/HF_RUN3_V1/raw/MONASH/hf_MONASH_job826.root
SIGMAB_COUNTS tag=MONASH species=Sigma_b- pdg=5112 slice=eta_lt_1 p=3 a=7 file=/data/alice/ipardoza/hadronization_production/HF_RUN3_V1/raw/MONASH/hf_MONASH_job826.root
SIGMAB_COUNTS tag=MONASH species=Sigma_b- pdg=5112 slice=eta_1_2 p=4 a=8 file=/data/alice/ipardoza/hadronization_production/HF_RUN3_V1/raw/MONASH/hf_MONASH_job826.root
SIGMAB_COUNTS tag=MONASH species=Sigma_b- pdg=5112 slice=eta_ge_2 p=15 a=12 file=/data/alice/ipardoza/hadronization_production/HF_RUN3_V1/raw/MONASH/hf_MONASH_job826.root
SIGMAB_COUNTS tag=MONASH species=Sigma*_b+ pdg=5224 slice=all p=46 a=42 file=/data/alice/ipardoza/hadronization_production/HF_RUN3_V1/raw/MONASH/hf_MONASH_job826.root
SIGMAB_COUNTS tag=MONASH species=Sigma*_b+ pdg=5224 slice=eta_lt_1 p=6 a=7 file=/data/alice/ipardoza/hadronization_production/HF_RUN3_V1/raw/MONASH/hf_MONASH_job826.root
SIGMAB_COUNTS tag=MONASH species=Sigma*_b+ pdg=5224 slice=eta_1_2 p=11 a=8 file=/data/alice/ipardoza/hadronization_production/HF_RUN3_V1/raw/MONASH/hf_MONASH_job826.root
SIGMAB_COUNTS tag=MONASH species=Sigma*_b+ pdg=5224 slice=eta_ge_2 p=29 a=27 file=/data/alice/ipardoza/hadronization_production/HF_RUN3_V1/raw/MONASH/hf_MONASH_job826.root
SIGMAB_COUNTS tag=MONASH species=Sigma*_b0 pdg=5214 slice=all p=50 a=42 file=/data/alice/ipardoza/hadronization_production/HF_RUN3_V1/raw/MONASH/hf_MONASH_job826.root
SIGMAB_COUNTS tag=MONASH species=Sigma*_b0 pdg=5214 slice=eta_lt_1 p=5 a=7 file=/data/alice/ipardoza/hadronization_production/HF_RUN3_V1/raw/MONASH/hf_MONASH_job826.root
SIGMAB_COUNTS tag=MONASH species=Sigma*_b0 pdg=5214 slice=eta_1_2 p=14 a=12 file=/data/alice/ipardoza/hadronization_production/HF_RUN3_V1/raw/MONASH/hf_MONASH_job826.root
SIGMAB_COUNTS tag=MONASH species=Sigma*_b0 pdg=5214 slice=eta_ge_2 p=31 a=23 file=/data/alice/ipardoza/hadronization_production/HF_RUN3_V1/raw/MONASH/hf_MONASH_job826.root
SIGMAB_COUNTS tag=MONASH species=Sigma*_b- pdg=5114 slice=all p=44 a=41 file=/data/alice/ipardoza/hadronization_production/HF_RUN3_V1/raw/MONASH/hf_MONASH_job826.root
SIGMAB_COUNTS tag=MONASH species=Sigma*_b- pdg=5114 slice=eta_lt_1 p=8 a=3 file=/data/alice/ipardoza/hadronization_production/HF_RUN3_V1/raw/MONASH/hf_MONASH_job826.root
SIGMAB_COUNTS tag=MONASH species=Sigma*_b- pdg=5114 slice=eta_1_2 p=11 a=10 file=/data/alice/ipardoza/hadronization_production/HF_RUN3_V1/raw/MONASH/hf_MONASH_job826.root
SIGMAB_COUNTS tag=MONASH species=Sigma*_b- pdg=5114 slice=eta_ge_2 p=25 a=28 file=/data/alice/ipardoza/hadronization_production/HF_RUN3_V1/raw/MONASH/hf_MONASH_job826.root
SIGMAB_COUNTS tag=MONASH species=Lambda_b0 pdg=5122 slice=all p=335 a=338 file=/data/alice/ipardoza/hadronization_production/HF_RUN3_V1/raw/MONASH/hf_MONASH_job826.root
SIGMAB_COUNTS tag=MONASH species=Lambda_b0 pdg=5122 slice=eta_lt_1 p=68 a=42 file=/data/alice/ipardoza/hadronization_production/HF_RUN3_V1/raw/MONASH/hf_MONASH_job826.root
SIGMAB_COUNTS tag=MONASH species=Lambda_b0 pdg=5122 slice=eta_1_2 p=75 a=80 file=/data/alice/ipardoza/hadronization_production/HF_RUN3_V1/raw/MONASH/hf_MONASH_job826.root
SIGMAB_COUNTS tag=MONASH species=Lambda_b0 pdg=5122 slice=eta_ge_2 p=192 a=216 file=/data/alice/ipardoza/hadronization_production/HF_RUN3_V1/raw/MONASH/hf_MONASH_job826.root
SIGMAB_COUNTS tag=MONASH species=Xi_b0 pdg=5232 slice=all p=64 a=56 file=/data/alice/ipardoza/hadronization_production/HF_RUN3_V1/raw/MONASH/hf_MONASH_job826.root
SIGMAB_COUNTS tag=MONASH species=Xi_b0 pdg=5232 slice=eta_lt_1 p=12 a=11 file=/data/alice/ipardoza/hadronization_production/HF_RUN3_V1/raw/MONASH/hf_MONASH_job826.root
SIGMAB_COUNTS tag=MONASH species=Xi_b0 pdg=5232 slice=eta_1_2 p=12 a=8 file=/data/alice/ipardoza/hadronization_production/HF_RUN3_V1/raw/MONASH/hf_MONASH_job826.root
SIGMAB_COUNTS tag=MONASH species=Xi_b0 pdg=5232 slice=eta_ge_2 p=40 a=37 file=/data/alice/ipardoza/hadronization_production/HF_RUN3_V1/raw/MONASH/hf_MONASH_job826.root
SIGMAB_COUNTS tag=MONASH species=Xi_b- pdg=5132 slice=all p=54 a=48 file=/data/alice/ipardoza/hadronization_production/HF_RUN3_V1/raw/MONASH/hf_MONASH_job826.root
SIGMAB_COUNTS tag=MONASH species=Xi_b- pdg=5132 slice=eta_lt_1 p=12 a=5 file=/data/alice/ipardoza/hadronization_production/HF_RUN3_V1/raw/MONASH/hf_MONASH_job826.root
SIGMAB_COUNTS tag=MONASH species=Xi_b- pdg=5132 slice=eta_1_2 p=10 a=7 file=/data/alice/ipardoza/hadronization_production/HF_RUN3_V1/raw/MONASH/hf_MONASH_job826.root
SIGMAB_COUNTS tag=MONASH species=Xi_b- pdg=5132 slice=eta_ge_2 p=32 a=36 file=/data/alice/ipardoza/hadronization_production/HF_RUN3_V1/raw/MONASH/hf_MONASH_job826.root
SIGMAB_COUNTS tag=MONASH species=Sigma_b+ pdg=5222 slice=all p=44 a=10 file=/data/alice/ipardoza/hadronization_production/HF_RUN3_V1/raw/MONASH/hf_MONASH_job827.root
SIGMAB_COUNTS tag=MONASH species=Sigma_b+ pdg=5222 slice=eta_lt_1 p=10 a=2 file=/data/alice/ipardoza/hadronization_production/HF_RUN3_V1/raw/MONASH/hf_MONASH_job827.root
SIGMAB_COUNTS tag=MONASH species=Sigma_b+ pdg=5222 slice=eta_1_2 p=7 a=2 file=/data/alice/ipardoza/hadronization_production/HF_RUN3_V1/raw/MONASH/hf_MONASH_job827.root
SIGMAB_COUNTS tag=MONASH species=Sigma_b+ pdg=5222 slice=eta_ge_2 p=27 a=6 file=/data/alice/ipardoza/hadronization_production/HF_RUN3_V1/raw/MONASH/hf_MONASH_job827.root
SIGMAB_COUNTS tag=MONASH species=Sigma_b0 pdg=5212 slice=all p=26 a=13 file=/data/alice/ipardoza/hadronization_production/HF_RUN3_V1/raw/MONASH/hf_MONASH_job827.root
SIGMAB_COUNTS tag=MONASH species=Sigma_b0 pdg=5212 slice=eta_lt_1 p=2 a=2 file=/data/alice/ipardoza/hadronization_production/HF_RUN3_V1/raw/MONASH/hf_MONASH_job827.root
SIGMAB_COUNTS tag=MONASH species=Sigma_b0 pdg=5212 slice=eta_1_2 p=2 a=4 file=/data/alice/ipardoza/hadronization_production/HF_RUN3_V1/raw/MONASH/hf_MONASH_job827.root
SIGMAB_COUNTS tag=MONASH species=Sigma_b0 pdg=5212 slice=eta_ge_2 p=22 a=7 file=/data/alice/ipardoza/hadronization_production/HF_RUN3_V1/raw/MONASH/hf_MONASH_job827.root
SIGMAB_COUNTS tag=MONASH species=Sigma_b- pdg=5112 slice=all p=38 a=21 file=/data/alice/ipardoza/hadronization_production/HF_RUN3_V1/raw/MONASH/hf_MONASH_job827.root
SIGMAB_COUNTS tag=MONASH species=Sigma_b- pdg=5112 slice=eta_lt_1 p=2 a=7 file=/data/alice/ipardoza/hadronization_production/HF_RUN3_V1/raw/MONASH/hf_MONASH_job827.root
SIGMAB_COUNTS tag=MONASH species=Sigma_b- pdg=5112 slice=eta_1_2 p=5 a=7 file=/data/alice/ipardoza/hadronization_production/HF_RUN3_V1/raw/MONASH/hf_MONASH_job827.root
SIGMAB_COUNTS tag=MONASH species=Sigma_b- pdg=5112 slice=eta_ge_2 p=31 a=7 file=/data/alice/ipardoza/hadronization_production/HF_RUN3_V1/raw/MONASH/hf_MONASH_job827.root
SIGMAB_COUNTS tag=MONASH species=Sigma*_b+ pdg=5224 slice=all p=45 a=36 file=/data/alice/ipardoza/hadronization_production/HF_RUN3_V1/raw/MONASH/hf_MONASH_job827.root
SIGMAB_COUNTS tag=MONASH species=Sigma*_b+ pdg=5224 slice=eta_lt_1 p=2 a=5 file=/data/alice/ipardoza/hadronization_production/HF_RUN3_V1/raw/MONASH/hf_MONASH_job827.root
SIGMAB_COUNTS tag=MONASH species=Sigma*_b+ pdg=5224 slice=eta_1_2 p=15 a=9 file=/data/alice/ipardoza/hadronization_production/HF_RUN3_V1/raw/MONASH/hf_MONASH_job827.root
SIGMAB_COUNTS tag=MONASH species=Sigma*_b+ pdg=5224 slice=eta_ge_2 p=28 a=22 file=/data/alice/ipardoza/hadronization_production/HF_RUN3_V1/raw/MONASH/hf_MONASH_job827.root
SIGMAB_COUNTS tag=MONASH species=Sigma*_b0 pdg=5214 slice=all p=60 a=36 file=/data/alice/ipardoza/hadronization_production/HF_RUN3_V1/raw/MONASH/hf_MONASH_job827.root
SIGMAB_COUNTS tag=MONASH species=Sigma*_b0 pdg=5214 slice=eta_lt_1 p=13 a=9 file=/data/alice/ipardoza/hadronization_production/HF_RUN3_V1/raw/MONASH/hf_MONASH_job827.root
SIGMAB_COUNTS tag=MONASH species=Sigma*_b0 pdg=5214 slice=eta_1_2 p=17 a=6 file=/data/alice/ipardoza/hadronization_production/HF_RUN3_V1/raw/MONASH/hf_MONASH_job827.root
SIGMAB_COUNTS tag=MONASH species=Sigma*_b0 pdg=5214 slice=eta_ge_2 p=30 a=21 file=/data/alice/ipardoza/hadronization_production/HF_RUN3_V1/raw/MONASH/hf_MONASH_job827.root
SIGMAB_COUNTS tag=MONASH species=Sigma*_b- pdg=5114 slice=all p=50 a=44 file=/data/alice/ipardoza/hadronization_production/HF_RUN3_V1/raw/MONASH/hf_MONASH_job827.root
SIGMAB_COUNTS tag=MONASH species=Sigma*_b- pdg=5114 slice=eta_lt_1 p=11 a=6 file=/data/alice/ipardoza/hadronization_production/HF_RUN3_V1/raw/MONASH/hf_MONASH_job827.root
SIGMAB_COUNTS tag=MONASH species=Sigma*_b- pdg=5114 slice=eta_1_2 p=12 a=13 file=/data/alice/ipardoza/hadronization_production/HF_RUN3_V1/raw/MONASH/hf_MONASH_job827.root
SIGMAB_COUNTS tag=MONASH species=Sigma*_b- pdg=5114 slice=eta_ge_2 p=27 a=25 file=/data/alice/ipardoza/hadronization_production/HF_RUN3_V1/raw/MONASH/hf_MONASH_job827.root
SIGMAB_COUNTS tag=MONASH species=Lambda_b0 pdg=5122 slice=all p=335 a=313 file=/data/alice/ipardoza/hadronization_production/HF_RUN3_V1/raw/MONASH/hf_MONASH_job827.root
SIGMAB_COUNTS tag=MONASH species=Lambda_b0 pdg=5122 slice=eta_lt_1 p=63 a=43 file=/data/alice/ipardoza/hadronization_production/HF_RUN3_V1/raw/MONASH/hf_MONASH_job827.root
SIGMAB_COUNTS tag=MONASH species=Lambda_b0 pdg=5122 slice=eta_1_2 p=75 a=80 file=/data/alice/ipardoza/hadronization_production/HF_RUN3_V1/raw/MONASH/hf_MONASH_job827.root
SIGMAB_COUNTS tag=MONASH species=Lambda_b0 pdg=5122 slice=eta_ge_2 p=197 a=190 file=/data/alice/ipardoza/hadronization_production/HF_RUN3_V1/raw/MONASH/hf_MONASH_job827.root
SIGMAB_COUNTS tag=MONASH species=Xi_b0 pdg=5232 slice=all p=55 a=39 file=/data/alice/ipardoza/hadronization_production/HF_RUN3_V1/raw/MONASH/hf_MONASH_job827.root
SIGMAB_COUNTS tag=MONASH species=Xi_b0 pdg=5232 slice=eta_lt_1 p=7 a=11 file=/data/alice/ipardoza/hadronization_production/HF_RUN3_V1/raw/MONASH/hf_MONASH_job827.root
SIGMAB_COUNTS tag=MONASH species=Xi_b0 pdg=5232 slice=eta_1_2 p=11 a=10 file=/data/alice/ipardoza/hadronization_production/HF_RUN3_V1/raw/MONASH/hf_MONASH_job827.root
SIGMAB_COUNTS tag=MONASH species=Xi_b0 pdg=5232 slice=eta_ge_2 p=37 a=18 file=/data/alice/ipardoza/hadronization_production/HF_RUN3_V1/raw/MONASH/hf_MONASH_job827.root
SIGMAB_COUNTS tag=MONASH species=Xi_b- pdg=5132 slice=all p=62 a=58 file=/data/alice/ipardoza/hadronization_production/HF_RUN3_V1/raw/MONASH/hf_MONASH_job827.root
SIGMAB_COUNTS tag=MONASH species=Xi_b- pdg=5132 slice=eta_lt_1 p=15 a=10 file=/data/alice/ipardoza/hadronization_production/HF_RUN3_V1/raw/MONASH/hf_MONASH_job827.root
SIGMAB_COUNTS tag=MONASH species=Xi_b- pdg=5132 slice=eta_1_2 p=16 a=15 file=/data/alice/ipardoza/hadronization_production/HF_RUN3_V1/raw/MONASH/hf_MONASH_job827.root
SIGMAB_COUNTS tag=MONASH species=Xi_b- pdg=5132 slice=eta_ge_2 p=31 a=33 file=/data/alice/ipardoza/hadronization_production/HF_RUN3_V1/raw/MONASH/hf_MONASH_job827.root
SIGMAB_COUNTS tag=MONASH species=Sigma_b+ pdg=5222 slice=all p=41 a=13 file=/data/alice/ipardoza/hadronization_production/HF_RUN3_V1/raw/MONASH/hf_MONASH_job828.root
SIGMAB_COUNTS tag=MONASH species=Sigma_b+ pdg=5222 slice=eta_lt_1 p=7 a=3 file=/data/alice/ipardoza/hadronization_production/HF_RUN3_V1/raw/MONASH/hf_MONASH_job828.root
SIGMAB_COUNTS tag=MONASH species=Sigma_b+ pdg=5222 slice=eta_1_2 p=6 a=4 file=/data/alice/ipardoza/hadronization_production/HF_RUN3_V1/raw/MONASH/hf_MONASH_job828.root
SIGMAB_COUNTS tag=MONASH species=Sigma_b+ pdg=5222 slice=eta_ge_2 p=28 a=6 file=/data/alice/ipardoza/hadronization_production/HF_RUN3_V1/raw/MONASH/hf_MONASH_job828.root
SIGMAB_COUNTS tag=MONASH species=Sigma_b0 pdg=5212 slice=all p=35 a=19 file=/data/alice/ipardoza/hadronization_production/HF_RUN3_V1/raw/MONASH/hf_MONASH_job828.root
SIGMAB_COUNTS tag=MONASH species=Sigma_b0 pdg=5212 slice=eta_lt_1 p=4 a=7 file=/data/alice/ipardoza/hadronization_production/HF_RUN3_V1/raw/MONASH/hf_MONASH_job828.root
SIGMAB_COUNTS tag=MONASH species=Sigma_b0 pdg=5212 slice=eta_1_2 p=5 a=2 file=/data/alice/ipardoza/hadronization_production/HF_RUN3_V1/raw/MONASH/hf_MONASH_job828.root
SIGMAB_COUNTS tag=MONASH species=Sigma_b0 pdg=5212 slice=eta_ge_2 p=26 a=10 file=/data/alice/ipardoza/hadronization_production/HF_RUN3_V1/raw/MONASH/hf_MONASH_job828.root
SIGMAB_COUNTS tag=MONASH species=Sigma_b- pdg=5112 slice=all p=35 a=13 file=/data/alice/ipardoza/hadronization_production/HF_RUN3_V1/raw/MONASH/hf_MONASH_job828.root
SIGMAB_COUNTS tag=MONASH species=Sigma_b- pdg=5112 slice=eta_lt_1 p=5 a=3 file=/data/alice/ipardoza/hadronization_production/HF_RUN3_V1/raw/MONASH/hf_MONASH_job828.root
SIGMAB_COUNTS tag=MONASH species=Sigma_b- pdg=5112 slice=eta_1_2 p=8 a=2 file=/data/alice/ipardoza/hadronization_production/HF_RUN3_V1/raw/MONASH/hf_MONASH_job828.root
SIGMAB_COUNTS tag=MONASH species=Sigma_b- pdg=5112 slice=eta_ge_2 p=22 a=8 file=/data/alice/ipardoza/hadronization_production/HF_RUN3_V1/raw/MONASH/hf_MONASH_job828.root
SIGMAB_COUNTS tag=MONASH species=Sigma*_b+ pdg=5224 slice=all p=51 a=50 file=/data/alice/ipardoza/hadronization_production/HF_RUN3_V1/raw/MONASH/hf_MONASH_job828.root
SIGMAB_COUNTS tag=MONASH species=Sigma*_b+ pdg=5224 slice=eta_lt_1 p=10 a=8 file=/data/alice/ipardoza/hadronization_production/HF_RUN3_V1/raw/MONASH/hf_MONASH_job828.root
SIGMAB_COUNTS tag=MONASH species=Sigma*_b+ pdg=5224 slice=eta_1_2 p=13 a=9 file=/data/alice/ipardoza/hadronization_production/HF_RUN3_V1/raw/MONASH/hf_MONASH_job828.root
SIGMAB_COUNTS tag=MONASH species=Sigma*_b+ pdg=5224 slice=eta_ge_2 p=28 a=33 file=/data/alice/ipardoza/hadronization_production/HF_RUN3_V1/raw/MONASH/hf_MONASH_job828.root
SIGMAB_COUNTS tag=MONASH species=Sigma*_b0 pdg=5214 slice=all p=46 a=52 file=/data/alice/ipardoza/hadronization_production/HF_RUN3_V1/raw/MONASH/hf_MONASH_job828.root
SIGMAB_COUNTS tag=MONASH species=Sigma*_b0 pdg=5214 slice=eta_lt_1 p=11 a=13 file=/data/alice/ipardoza/hadronization_production/HF_RUN3_V1/raw/MONASH/hf_MONASH_job828.root
SIGMAB_COUNTS tag=MONASH species=Sigma*_b0 pdg=5214 slice=eta_1_2 p=13 a=12 file=/data/alice/ipardoza/hadronization_production/HF_RUN3_V1/raw/MONASH/hf_MONASH_job828.root
SIGMAB_COUNTS tag=MONASH species=Sigma*_b0 pdg=5214 slice=eta_ge_2 p=22 a=27 file=/data/alice/ipardoza/hadronization_production/HF_RUN3_V1/raw/MONASH/hf_MONASH_job828.root
SIGMAB_COUNTS tag=MONASH species=Sigma*_b- pdg=5114 slice=all p=54 a=39 file=/data/alice/ipardoza/hadronization_production/HF_RUN3_V1/raw/MONASH/hf_MONASH_job828.root
SIGMAB_COUNTS tag=MONASH species=Sigma*_b- pdg=5114 slice=eta_lt_1 p=7 a=10 file=/data/alice/ipardoza/hadronization_production/HF_RUN3_V1/raw/MONASH/hf_MONASH_job828.root
SIGMAB_COUNTS tag=MONASH species=Sigma*_b- pdg=5114 slice=eta_1_2 p=6 a=8 file=/data/alice/ipardoza/hadronization_production/HF_RUN3_V1/raw/MONASH/hf_MONASH_job828.root
SIGMAB_COUNTS tag=MONASH species=Sigma*_b- pdg=5114 slice=eta_ge_2 p=41 a=21 file=/data/alice/ipardoza/hadronization_production/HF_RUN3_V1/raw/MONASH/hf_MONASH_job828.root
SIGMAB_COUNTS tag=MONASH species=Lambda_b0 pdg=5122 slice=all p=318 a=294 file=/data/alice/ipardoza/hadronization_production/HF_RUN3_V1/raw/MONASH/hf_MONASH_job828.root
SIGMAB_COUNTS tag=MONASH species=Lambda_b0 pdg=5122 slice=eta_lt_1 p=62 a=57 file=/data/alice/ipardoza/hadronization_production/HF_RUN3_V1/raw/MONASH/hf_MONASH_job828.root
SIGMAB_COUNTS tag=MONASH species=Lambda_b0 pdg=5122 slice=eta_1_2 p=69 a=64 file=/data/alice/ipardoza/hadronization_production/HF_RUN3_V1/raw/MONASH/hf_MONASH_job828.root
SIGMAB_COUNTS tag=MONASH species=Lambda_b0 pdg=5122 slice=eta_ge_2 p=187 a=173 file=/data/alice/ipardoza/hadronization_production/HF_RUN3_V1/raw/MONASH/hf_MONASH_job828.root
SIGMAB_COUNTS tag=MONASH species=Xi_b0 pdg=5232 slice=all p=62 a=56 file=/data/alice/ipardoza/hadronization_production/HF_RUN3_V1/raw/MONASH/hf_MONASH_job828.root
SIGMAB_COUNTS tag=MONASH species=Xi_b0 pdg=5232 slice=eta_lt_1 p=8 a=13 file=/data/alice/ipardoza/hadronization_production/HF_RUN3_V1/raw/MONASH/hf_MONASH_job828.root
SIGMAB_COUNTS tag=MONASH species=Xi_b0 pdg=5232 slice=eta_1_2 p=15 a=12 file=/data/alice/ipardoza/hadronization_production/HF_RUN3_V1/raw/MONASH/hf_MONASH_job828.root
SIGMAB_COUNTS tag=MONASH species=Xi_b0 pdg=5232 slice=eta_ge_2 p=39 a=31 file=/data/alice/ipardoza/hadronization_production/HF_RUN3_V1/raw/MONASH/hf_MONASH_job828.root
SIGMAB_COUNTS tag=MONASH species=Xi_b- pdg=5132 slice=all p=44 a=46 file=/data/alice/ipardoza/hadronization_production/HF_RUN3_V1/raw/MONASH/hf_MONASH_job828.root
SIGMAB_COUNTS tag=MONASH species=Xi_b- pdg=5132 slice=eta_lt_1 p=6 a=8 file=/data/alice/ipardoza/hadronization_production/HF_RUN3_V1/raw/MONASH/hf_MONASH_job828.root
SIGMAB_COUNTS tag=MONASH species=Xi_b- pdg=5132 slice=eta_1_2 p=11 a=8 file=/data/alice/ipardoza/hadronization_production/HF_RUN3_V1/raw/MONASH/hf_MONASH_job828.root
SIGMAB_COUNTS tag=MONASH species=Xi_b- pdg=5132 slice=eta_ge_2 p=27 a=30 file=/data/alice/ipardoza/hadronization_production/HF_RUN3_V1/raw/MONASH/hf_MONASH_job828.root
SIGMAB_COUNTS tag=MONASH species=Sigma_b+ pdg=5222 slice=all p=46 a=16 file=/data/alice/ipardoza/hadronization_production/HF_RUN3_V1/raw/MONASH/hf_MONASH_job829.root
SIGMAB_COUNTS tag=MONASH species=Sigma_b+ pdg=5222 slice=eta_lt_1 p=4 a=2 file=/data/alice/ipardoza/hadronization_production/HF_RUN3_V1/raw/MONASH/hf_MONASH_job829.root
SIGMAB_COUNTS tag=MONASH species=Sigma_b+ pdg=5222 slice=eta_1_2 p=8 a=1 file=/data/alice/ipardoza/hadronization_production/HF_RUN3_V1/raw/MONASH/hf_MONASH_job829.root
SIGMAB_COUNTS tag=MONASH species=Sigma_b+ pdg=5222 slice=eta_ge_2 p=34 a=13 file=/data/alice/ipardoza/hadronization_production/HF_RUN3_V1/raw/MONASH/hf_MONASH_job829.root
SIGMAB_COUNTS tag=MONASH species=Sigma_b0 pdg=5212 slice=all p=42 a=20 file=/data/alice/ipardoza/hadronization_production/HF_RUN3_V1/raw/MONASH/hf_MONASH_job829.root
SIGMAB_COUNTS tag=MONASH species=Sigma_b0 pdg=5212 slice=eta_lt_1 p=7 a=4 file=/data/alice/ipardoza/hadronization_production/HF_RUN3_V1/raw/MONASH/hf_MONASH_job829.root
SIGMAB_COUNTS tag=MONASH species=Sigma_b0 pdg=5212 slice=eta_1_2 p=12 a=5 file=/data/alice/ipardoza/hadronization_production/HF_RUN3_V1/raw/MONASH/hf_MONASH_job829.root
SIGMAB_COUNTS tag=MONASH species=Sigma_b0 pdg=5212 slice=eta_ge_2 p=23 a=11 file=/data/alice/ipardoza/hadronization_production/HF_RUN3_V1/raw/MONASH/hf_MONASH_job829.root
SIGMAB_COUNTS tag=MONASH species=Sigma_b- pdg=5112 slice=all p=48 a=23 file=/data/alice/ipardoza/hadronization_production/HF_RUN3_V1/raw/MONASH/hf_MONASH_job829.root
SIGMAB_COUNTS tag=MONASH species=Sigma_b- pdg=5112 slice=eta_lt_1 p=8 a=6 file=/data/alice/ipardoza/hadronization_production/HF_RUN3_V1/raw/MONASH/hf_MONASH_job829.root
SIGMAB_COUNTS tag=MONASH species=Sigma_b- pdg=5112 slice=eta_1_2 p=10 a=8 file=/data/alice/ipardoza/hadronization_production/HF_RUN3_V1/raw/MONASH/hf_MONASH_job829.root
SIGMAB_COUNTS tag=MONASH species=Sigma_b- pdg=5112 slice=eta_ge_2 p=30 a=9 file=/data/alice/ipardoza/hadronization_production/HF_RUN3_V1/raw/MONASH/hf_MONASH_job829.root
SIGMAB_COUNTS tag=MONASH species=Sigma*_b+ pdg=5224 slice=all p=67 a=43 file=/data/alice/ipardoza/hadronization_production/HF_RUN3_V1/raw/MONASH/hf_MONASH_job829.root
SIGMAB_COUNTS tag=MONASH species=Sigma*_b+ pdg=5224 slice=eta_lt_1 p=12 a=5 file=/data/alice/ipardoza/hadronization_production/HF_RUN3_V1/raw/MONASH/hf_MONASH_job829.root
SIGMAB_COUNTS tag=MONASH species=Sigma*_b+ pdg=5224 slice=eta_1_2 p=15 a=12 file=/data/alice/ipardoza/hadronization_production/HF_RUN3_V1/raw/MONASH/hf_MONASH_job829.root
SIGMAB_COUNTS tag=MONASH species=Sigma*_b+ pdg=5224 slice=eta_ge_2 p=40 a=26 file=/data/alice/ipardoza/hadronization_production/HF_RUN3_V1/raw/MONASH/hf_MONASH_job829.root
SIGMAB_COUNTS tag=MONASH species=Sigma*_b0 pdg=5214 slice=all p=53 a=32 file=/data/alice/ipardoza/hadronization_production/HF_RUN3_V1/raw/MONASH/hf_MONASH_job829.root
SIGMAB_COUNTS tag=MONASH species=Sigma*_b0 pdg=5214 slice=eta_lt_1 p=8 a=7 file=/data/alice/ipardoza/hadronization_production/HF_RUN3_V1/raw/MONASH/hf_MONASH_job829.root
SIGMAB_COUNTS tag=MONASH species=Sigma*_b0 pdg=5214 slice=eta_1_2 p=11 a=11 file=/data/alice/ipardoza/hadronization_production/HF_RUN3_V1/raw/MONASH/hf_MONASH_job829.root
SIGMAB_COUNTS tag=MONASH species=Sigma*_b0 pdg=5214 slice=eta_ge_2 p=34 a=14 file=/data/alice/ipardoza/hadronization_production/HF_RUN3_V1/raw/MONASH/hf_MONASH_job829.root
SIGMAB_COUNTS tag=MONASH species=Sigma*_b- pdg=5114 slice=all p=48 a=47 file=/data/alice/ipardoza/hadronization_production/HF_RUN3_V1/raw/MONASH/hf_MONASH_job829.root
SIGMAB_COUNTS tag=MONASH species=Sigma*_b- pdg=5114 slice=eta_lt_1 p=6 a=5 file=/data/alice/ipardoza/hadronization_production/HF_RUN3_V1/raw/MONASH/hf_MONASH_job829.root
SIGMAB_COUNTS tag=MONASH species=Sigma*_b- pdg=5114 slice=eta_1_2 p=14 a=16 file=/data/alice/ipardoza/hadronization_production/HF_RUN3_V1/raw/MONASH/hf_MONASH_job829.root
SIGMAB_COUNTS tag=MONASH species=Sigma*_b- pdg=5114 slice=eta_ge_2 p=28 a=26 file=/data/alice/ipardoza/hadronization_production/HF_RUN3_V1/raw/MONASH/hf_MONASH_job829.root
SIGMAB_COUNTS tag=MONASH species=Lambda_b0 pdg=5122 slice=all p=293 a=326 file=/data/alice/ipardoza/hadronization_production/HF_RUN3_V1/raw/MONASH/hf_MONASH_job829.root
SIGMAB_COUNTS tag=MONASH species=Lambda_b0 pdg=5122 slice=eta_lt_1 p=59 a=62 file=/data/alice/ipardoza/hadronization_production/HF_RUN3_V1/raw/MONASH/hf_MONASH_job829.root
SIGMAB_COUNTS tag=MONASH species=Lambda_b0 pdg=5122 slice=eta_1_2 p=63 a=78 file=/data/alice/ipardoza/hadronization_production/HF_RUN3_V1/raw/MONASH/hf_MONASH_job829.root
SIGMAB_COUNTS tag=MONASH species=Lambda_b0 pdg=5122 slice=eta_ge_2 p=171 a=186 file=/data/alice/ipardoza/hadronization_production/HF_RUN3_V1/raw/MONASH/hf_MONASH_job829.root
SIGMAB_COUNTS tag=MONASH species=Xi_b0 pdg=5232 slice=all p=62 a=49 file=/data/alice/ipardoza/hadronization_production/HF_RUN3_V1/raw/MONASH/hf_MONASH_job829.root
SIGMAB_COUNTS tag=MONASH species=Xi_b0 pdg=5232 slice=eta_lt_1 p=8 a=6 file=/data/alice/ipardoza/hadronization_production/HF_RUN3_V1/raw/MONASH/hf_MONASH_job829.root
SIGMAB_COUNTS tag=MONASH species=Xi_b0 pdg=5232 slice=eta_1_2 p=18 a=10 file=/data/alice/ipardoza/hadronization_production/HF_RUN3_V1/raw/MONASH/hf_MONASH_job829.root
SIGMAB_COUNTS tag=MONASH species=Xi_b0 pdg=5232 slice=eta_ge_2 p=36 a=33 file=/data/alice/ipardoza/hadronization_production/HF_RUN3_V1/raw/MONASH/hf_MONASH_job829.root
SIGMAB_COUNTS tag=MONASH species=Xi_b- pdg=5132 slice=all p=68 a=59 file=/data/alice/ipardoza/hadronization_production/HF_RUN3_V1/raw/MONASH/hf_MONASH_job829.root
SIGMAB_COUNTS tag=MONASH species=Xi_b- pdg=5132 slice=eta_lt_1 p=13 a=14 file=/data/alice/ipardoza/hadronization_production/HF_RUN3_V1/raw/MONASH/hf_MONASH_job829.root
SIGMAB_COUNTS tag=MONASH species=Xi_b- pdg=5132 slice=eta_1_2 p=19 a=12 file=/data/alice/ipardoza/hadronization_production/HF_RUN3_V1/raw/MONASH/hf_MONASH_job829.root
SIGMAB_COUNTS tag=MONASH species=Xi_b- pdg=5132 slice=eta_ge_2 p=36 a=33 file=/data/alice/ipardoza/hadronization_production/HF_RUN3_V1/raw/MONASH/hf_MONASH_job829.root
SIGMAB_COUNTS tag=MONASH species=Sigma_b+ pdg=5222 slice=all p=29 a=14 file=/data/alice/ipardoza/hadronization_production/HF_RUN3_V1/raw/MONASH/hf_MONASH_job830.root
SIGMAB_COUNTS tag=MONASH species=Sigma_b+ pdg=5222 slice=eta_lt_1 p=0 a=3 file=/data/alice/ipardoza/hadronization_production/HF_RUN3_V1/raw/MONASH/hf_MONASH_job830.root
SIGMAB_COUNTS tag=MONASH species=Sigma_b+ pdg=5222 slice=eta_1_2 p=9 a=2 file=/data/alice/ipardoza/hadronization_production/HF_RUN3_V1/raw/MONASH/hf_MONASH_job830.root
SIGMAB_COUNTS tag=MONASH species=Sigma_b+ pdg=5222 slice=eta_ge_2 p=20 a=9 file=/data/alice/ipardoza/hadronization_production/HF_RUN3_V1/raw/MONASH/hf_MONASH_job830.root
SIGMAB_COUNTS tag=MONASH species=Sigma_b0 pdg=5212 slice=all p=34 a=27 file=/data/alice/ipardoza/hadronization_production/HF_RUN3_V1/raw/MONASH/hf_MONASH_job830.root
SIGMAB_COUNTS tag=MONASH species=Sigma_b0 pdg=5212 slice=eta_lt_1 p=5 a=4 file=/data/alice/ipardoza/hadronization_production/HF_RUN3_V1/raw/MONASH/hf_MONASH_job830.root
SIGMAB_COUNTS tag=MONASH species=Sigma_b0 pdg=5212 slice=eta_1_2 p=11 a=7 file=/data/alice/ipardoza/hadronization_production/HF_RUN3_V1/raw/MONASH/hf_MONASH_job830.root
SIGMAB_COUNTS tag=MONASH species=Sigma_b0 pdg=5212 slice=eta_ge_2 p=18 a=16 file=/data/alice/ipardoza/hadronization_production/HF_RUN3_V1/raw/MONASH/hf_MONASH_job830.root
SIGMAB_COUNTS tag=MONASH species=Sigma_b- pdg=5112 slice=all p=39 a=36 file=/data/alice/ipardoza/hadronization_production/HF_RUN3_V1/raw/MONASH/hf_MONASH_job830.root
SIGMAB_COUNTS tag=MONASH species=Sigma_b- pdg=5112 slice=eta_lt_1 p=6 a=12 file=/data/alice/ipardoza/hadronization_production/HF_RUN3_V1/raw/MONASH/hf_MONASH_job830.root
SIGMAB_COUNTS tag=MONASH species=Sigma_b- pdg=5112 slice=eta_1_2 p=6 a=8 file=/data/alice/ipardoza/hadronization_production/HF_RUN3_V1/raw/MONASH/hf_MONASH_job830.root
SIGMAB_COUNTS tag=MONASH species=Sigma_b- pdg=5112 slice=eta_ge_2 p=27 a=16 file=/data/alice/ipardoza/hadronization_production/HF_RUN3_V1/raw/MONASH/hf_MONASH_job830.root
SIGMAB_COUNTS tag=MONASH species=Sigma*_b+ pdg=5224 slice=all p=56 a=43 file=/data/alice/ipardoza/hadronization_production/HF_RUN3_V1/raw/MONASH/hf_MONASH_job830.root
SIGMAB_COUNTS tag=MONASH species=Sigma*_b+ pdg=5224 slice=eta_lt_1 p=8 a=6 file=/data/alice/ipardoza/hadronization_production/HF_RUN3_V1/raw/MONASH/hf_MONASH_job830.root
SIGMAB_COUNTS tag=MONASH species=Sigma*_b+ pdg=5224 slice=eta_1_2 p=14 a=13 file=/data/alice/ipardoza/hadronization_production/HF_RUN3_V1/raw/MONASH/hf_MONASH_job830.root
SIGMAB_COUNTS tag=MONASH species=Sigma*_b+ pdg=5224 slice=eta_ge_2 p=34 a=24 file=/data/alice/ipardoza/hadronization_production/HF_RUN3_V1/raw/MONASH/hf_MONASH_job830.root
SIGMAB_COUNTS tag=MONASH species=Sigma*_b0 pdg=5214 slice=all p=50 a=46 file=/data/alice/ipardoza/hadronization_production/HF_RUN3_V1/raw/MONASH/hf_MONASH_job830.root
SIGMAB_COUNTS tag=MONASH species=Sigma*_b0 pdg=5214 slice=eta_lt_1 p=8 a=6 file=/data/alice/ipardoza/hadronization_production/HF_RUN3_V1/raw/MONASH/hf_MONASH_job830.root
SIGMAB_COUNTS tag=MONASH species=Sigma*_b0 pdg=5214 slice=eta_1_2 p=11 a=12 file=/data/alice/ipardoza/hadronization_production/HF_RUN3_V1/raw/MONASH/hf_MONASH_job830.root
SIGMAB_COUNTS tag=MONASH species=Sigma*_b0 pdg=5214 slice=eta_ge_2 p=31 a=28 file=/data/alice/ipardoza/hadronization_production/HF_RUN3_V1/raw/MONASH/hf_MONASH_job830.root
SIGMAB_COUNTS tag=MONASH species=Sigma*_b- pdg=5114 slice=all p=47 a=31 file=/data/alice/ipardoza/hadronization_production/HF_RUN3_V1/raw/MONASH/hf_MONASH_job830.root
SIGMAB_COUNTS tag=MONASH species=Sigma*_b- pdg=5114 slice=eta_lt_1 p=7 a=5 file=/data/alice/ipardoza/hadronization_production/HF_RUN3_V1/raw/MONASH/hf_MONASH_job830.root
SIGMAB_COUNTS tag=MONASH species=Sigma*_b- pdg=5114 slice=eta_1_2 p=14 a=5 file=/data/alice/ipardoza/hadronization_production/HF_RUN3_V1/raw/MONASH/hf_MONASH_job830.root
SIGMAB_COUNTS tag=MONASH species=Sigma*_b- pdg=5114 slice=eta_ge_2 p=26 a=21 file=/data/alice/ipardoza/hadronization_production/HF_RUN3_V1/raw/MONASH/hf_MONASH_job830.root
SIGMAB_COUNTS tag=MONASH species=Lambda_b0 pdg=5122 slice=all p=296 a=302 file=/data/alice/ipardoza/hadronization_production/HF_RUN3_V1/raw/MONASH/hf_MONASH_job830.root
SIGMAB_COUNTS tag=MONASH species=Lambda_b0 pdg=5122 slice=eta_lt_1 p=41 a=56 file=/data/alice/ipardoza/hadronization_production/HF_RUN3_V1/raw/MONASH/hf_MONASH_job830.root
SIGMAB_COUNTS tag=MONASH species=Lambda_b0 pdg=5122 slice=eta_1_2 p=74 a=59 file=/data/alice/ipardoza/hadronization_production/HF_RUN3_V1/raw/MONASH/hf_MONASH_job830.root
SIGMAB_COUNTS tag=MONASH species=Lambda_b0 pdg=5122 slice=eta_ge_2 p=181 a=187 file=/data/alice/ipardoza/hadronization_production/HF_RUN3_V1/raw/MONASH/hf_MONASH_job830.root
SIGMAB_COUNTS tag=MONASH species=Xi_b0 pdg=5232 slice=all p=52 a=69 file=/data/alice/ipardoza/hadronization_production/HF_RUN3_V1/raw/MONASH/hf_MONASH_job830.root
SIGMAB_COUNTS tag=MONASH species=Xi_b0 pdg=5232 slice=eta_lt_1 p=10 a=8 file=/data/alice/ipardoza/hadronization_production/HF_RUN3_V1/raw/MONASH/hf_MONASH_job830.root
SIGMAB_COUNTS tag=MONASH species=Xi_b0 pdg=5232 slice=eta_1_2 p=11 a=25 file=/data/alice/ipardoza/hadronization_production/HF_RUN3_V1/raw/MONASH/hf_MONASH_job830.root
SIGMAB_COUNTS tag=MONASH species=Xi_b0 pdg=5232 slice=eta_ge_2 p=31 a=36 file=/data/alice/ipardoza/hadronization_production/HF_RUN3_V1/raw/MONASH/hf_MONASH_job830.root
SIGMAB_COUNTS tag=MONASH species=Xi_b- pdg=5132 slice=all p=56 a=58 file=/data/alice/ipardoza/hadronization_production/HF_RUN3_V1/raw/MONASH/hf_MONASH_job830.root
SIGMAB_COUNTS tag=MONASH species=Xi_b- pdg=5132 slice=eta_lt_1 p=11 a=15 file=/data/alice/ipardoza/hadronization_production/HF_RUN3_V1/raw/MONASH/hf_MONASH_job830.root
SIGMAB_COUNTS tag=MONASH species=Xi_b- pdg=5132 slice=eta_1_2 p=11 a=17 file=/data/alice/ipardoza/hadronization_production/HF_RUN3_V1/raw/MONASH/hf_MONASH_job830.root
SIGMAB_COUNTS tag=MONASH species=Xi_b- pdg=5132 slice=eta_ge_2 p=34 a=26 file=/data/alice/ipardoza/hadronization_production/HF_RUN3_V1/raw/MONASH/hf_MONASH_job830.root
SIGMAB_COUNTS tag=MONASH species=Sigma_b+ pdg=5222 slice=all p=32 a=22 file=/data/alice/ipardoza/hadronization_production/HF_RUN3_V1/raw/MONASH/hf_MONASH_job831.root
SIGMAB_COUNTS tag=MONASH species=Sigma_b+ pdg=5222 slice=eta_lt_1 p=6 a=3 file=/data/alice/ipardoza/hadronization_production/HF_RUN3_V1/raw/MONASH/hf_MONASH_job831.root
SIGMAB_COUNTS tag=MONASH species=Sigma_b+ pdg=5222 slice=eta_1_2 p=5 a=3 file=/data/alice/ipardoza/hadronization_production/HF_RUN3_V1/raw/MONASH/hf_MONASH_job831.root
SIGMAB_COUNTS tag=MONASH species=Sigma_b+ pdg=5222 slice=eta_ge_2 p=21 a=16 file=/data/alice/ipardoza/hadronization_production/HF_RUN3_V1/raw/MONASH/hf_MONASH_job831.root
SIGMAB_COUNTS tag=MONASH species=Sigma_b0 pdg=5212 slice=all p=35 a=27 file=/data/alice/ipardoza/hadronization_production/HF_RUN3_V1/raw/MONASH/hf_MONASH_job831.root
SIGMAB_COUNTS tag=MONASH species=Sigma_b0 pdg=5212 slice=eta_lt_1 p=6 a=7 file=/data/alice/ipardoza/hadronization_production/HF_RUN3_V1/raw/MONASH/hf_MONASH_job831.root
SIGMAB_COUNTS tag=MONASH species=Sigma_b0 pdg=5212 slice=eta_1_2 p=10 a=5 file=/data/alice/ipardoza/hadronization_production/HF_RUN3_V1/raw/MONASH/hf_MONASH_job831.root
SIGMAB_COUNTS tag=MONASH species=Sigma_b0 pdg=5212 slice=eta_ge_2 p=19 a=15 file=/data/alice/ipardoza/hadronization_production/HF_RUN3_V1/raw/MONASH/hf_MONASH_job831.root
SIGMAB_COUNTS tag=MONASH species=Sigma_b- pdg=5112 slice=all p=38 a=13 file=/data/alice/ipardoza/hadronization_production/HF_RUN3_V1/raw/MONASH/hf_MONASH_job831.root
SIGMAB_COUNTS tag=MONASH species=Sigma_b- pdg=5112 slice=eta_lt_1 p=5 a=3 file=/data/alice/ipardoza/hadronization_production/HF_RUN3_V1/raw/MONASH/hf_MONASH_job831.root
SIGMAB_COUNTS tag=MONASH species=Sigma_b- pdg=5112 slice=eta_1_2 p=5 a=4 file=/data/alice/ipardoza/hadronization_production/HF_RUN3_V1/raw/MONASH/hf_MONASH_job831.root
SIGMAB_COUNTS tag=MONASH species=Sigma_b- pdg=5112 slice=eta_ge_2 p=28 a=6 file=/data/alice/ipardoza/hadronization_production/HF_RUN3_V1/raw/MONASH/hf_MONASH_job831.root
SIGMAB_COUNTS tag=MONASH species=Sigma*_b+ pdg=5224 slice=all p=57 a=34 file=/data/alice/ipardoza/hadronization_production/HF_RUN3_V1/raw/MONASH/hf_MONASH_job831.root
SIGMAB_COUNTS tag=MONASH species=Sigma*_b+ pdg=5224 slice=eta_lt_1 p=20 a=8 file=/data/alice/ipardoza/hadronization_production/HF_RUN3_V1/raw/MONASH/hf_MONASH_job831.root
SIGMAB_COUNTS tag=MONASH species=Sigma*_b+ pdg=5224 slice=eta_1_2 p=11 a=8 file=/data/alice/ipardoza/hadronization_production/HF_RUN3_V1/raw/MONASH/hf_MONASH_job831.root
SIGMAB_COUNTS tag=MONASH species=Sigma*_b+ pdg=5224 slice=eta_ge_2 p=26 a=18 file=/data/alice/ipardoza/hadronization_production/HF_RUN3_V1/raw/MONASH/hf_MONASH_job831.root
SIGMAB_COUNTS tag=MONASH species=Sigma*_b0 pdg=5214 slice=all p=56 a=42 file=/data/alice/ipardoza/hadronization_production/HF_RUN3_V1/raw/MONASH/hf_MONASH_job831.root
SIGMAB_COUNTS tag=MONASH species=Sigma*_b0 pdg=5214 slice=eta_lt_1 p=7 a=6 file=/data/alice/ipardoza/hadronization_production/HF_RUN3_V1/raw/MONASH/hf_MONASH_job831.root
SIGMAB_COUNTS tag=MONASH species=Sigma*_b0 pdg=5214 slice=eta_1_2 p=12 a=5 file=/data/alice/ipardoza/hadronization_production/HF_RUN3_V1/raw/MONASH/hf_MONASH_job831.root
SIGMAB_COUNTS tag=MONASH species=Sigma*_b0 pdg=5214 slice=eta_ge_2 p=37 a=31 file=/data/alice/ipardoza/hadronization_production/HF_RUN3_V1/raw/MONASH/hf_MONASH_job831.root
SIGMAB_COUNTS tag=MONASH species=Sigma*_b- pdg=5114 slice=all p=42 a=32 file=/data/alice/ipardoza/hadronization_production/HF_RUN3_V1/raw/MONASH/hf_MONASH_job831.root
SIGMAB_COUNTS tag=MONASH species=Sigma*_b- pdg=5114 slice=eta_lt_1 p=8 a=4 file=/data/alice/ipardoza/hadronization_production/HF_RUN3_V1/raw/MONASH/hf_MONASH_job831.root
SIGMAB_COUNTS tag=MONASH species=Sigma*_b- pdg=5114 slice=eta_1_2 p=13 a=9 file=/data/alice/ipardoza/hadronization_production/HF_RUN3_V1/raw/MONASH/hf_MONASH_job831.root
SIGMAB_COUNTS tag=MONASH species=Sigma*_b- pdg=5114 slice=eta_ge_2 p=21 a=19 file=/data/alice/ipardoza/hadronization_production/HF_RUN3_V1/raw/MONASH/hf_MONASH_job831.root
SIGMAB_COUNTS tag=MONASH species=Lambda_b0 pdg=5122 slice=all p=331 a=288 file=/data/alice/ipardoza/hadronization_production/HF_RUN3_V1/raw/MONASH/hf_MONASH_job831.root
SIGMAB_COUNTS tag=MONASH species=Lambda_b0 pdg=5122 slice=eta_lt_1 p=65 a=47 file=/data/alice/ipardoza/hadronization_production/HF_RUN3_V1/raw/MONASH/hf_MONASH_job831.root
SIGMAB_COUNTS tag=MONASH species=Lambda_b0 pdg=5122 slice=eta_1_2 p=64 a=76 file=/data/alice/ipardoza/hadronization_production/HF_RUN3_V1/raw/MONASH/hf_MONASH_job831.root
SIGMAB_COUNTS tag=MONASH species=Lambda_b0 pdg=5122 slice=eta_ge_2 p=202 a=165 file=/data/alice/ipardoza/hadronization_production/HF_RUN3_V1/raw/MONASH/hf_MONASH_job831.root
SIGMAB_COUNTS tag=MONASH species=Xi_b0 pdg=5232 slice=all p=60 a=48 file=/data/alice/ipardoza/hadronization_production/HF_RUN3_V1/raw/MONASH/hf_MONASH_job831.root
SIGMAB_COUNTS tag=MONASH species=Xi_b0 pdg=5232 slice=eta_lt_1 p=9 a=10 file=/data/alice/ipardoza/hadronization_production/HF_RUN3_V1/raw/MONASH/hf_MONASH_job831.root
SIGMAB_COUNTS tag=MONASH species=Xi_b0 pdg=5232 slice=eta_1_2 p=14 a=11 file=/data/alice/ipardoza/hadronization_production/HF_RUN3_V1/raw/MONASH/hf_MONASH_job831.root
SIGMAB_COUNTS tag=MONASH species=Xi_b0 pdg=5232 slice=eta_ge_2 p=37 a=27 file=/data/alice/ipardoza/hadronization_production/HF_RUN3_V1/raw/MONASH/hf_MONASH_job831.root
SIGMAB_COUNTS tag=MONASH species=Xi_b- pdg=5132 slice=all p=67 a=50 file=/data/alice/ipardoza/hadronization_production/HF_RUN3_V1/raw/MONASH/hf_MONASH_job831.root
SIGMAB_COUNTS tag=MONASH species=Xi_b- pdg=5132 slice=eta_lt_1 p=19 a=9 file=/data/alice/ipardoza/hadronization_production/HF_RUN3_V1/raw/MONASH/hf_MONASH_job831.root
SIGMAB_COUNTS tag=MONASH species=Xi_b- pdg=5132 slice=eta_1_2 p=16 a=11 file=/data/alice/ipardoza/hadronization_production/HF_RUN3_V1/raw/MONASH/hf_MONASH_job831.root
SIGMAB_COUNTS tag=MONASH species=Xi_b- pdg=5132 slice=eta_ge_2 p=32 a=30 file=/data/alice/ipardoza/hadronization_production/HF_RUN3_V1/raw/MONASH/hf_MONASH_job831.root
SIGMAB_COUNTS tag=MONASH species=Sigma_b+ pdg=5222 slice=all p=35 a=19 file=/data/alice/ipardoza/hadronization_production/HF_RUN3_V1/raw/MONASH/hf_MONASH_job832.root
SIGMAB_COUNTS tag=MONASH species=Sigma_b+ pdg=5222 slice=eta_lt_1 p=10 a=1 file=/data/alice/ipardoza/hadronization_production/HF_RUN3_V1/raw/MONASH/hf_MONASH_job832.root
SIGMAB_COUNTS tag=MONASH species=Sigma_b+ pdg=5222 slice=eta_1_2 p=6 a=8 file=/data/alice/ipardoza/hadronization_production/HF_RUN3_V1/raw/MONASH/hf_MONASH_job832.root
SIGMAB_COUNTS tag=MONASH species=Sigma_b+ pdg=5222 slice=eta_ge_2 p=19 a=10 file=/data/alice/ipardoza/hadronization_production/HF_RUN3_V1/raw/MONASH/hf_MONASH_job832.root
SIGMAB_COUNTS tag=MONASH species=Sigma_b0 pdg=5212 slice=all p=32 a=20 file=/data/alice/ipardoza/hadronization_production/HF_RUN3_V1/raw/MONASH/hf_MONASH_job832.root
SIGMAB_COUNTS tag=MONASH species=Sigma_b0 pdg=5212 slice=eta_lt_1 p=4 a=4 file=/data/alice/ipardoza/hadronization_production/HF_RUN3_V1/raw/MONASH/hf_MONASH_job832.root
SIGMAB_COUNTS tag=MONASH species=Sigma_b0 pdg=5212 slice=eta_1_2 p=8 a=2 file=/data/alice/ipardoza/hadronization_production/HF_RUN3_V1/raw/MONASH/hf_MONASH_job832.root
SIGMAB_COUNTS tag=MONASH species=Sigma_b0 pdg=5212 slice=eta_ge_2 p=20 a=14 file=/data/alice/ipardoza/hadronization_production/HF_RUN3_V1/raw/MONASH/hf_MONASH_job832.root
SIGMAB_COUNTS tag=MONASH species=Sigma_b- pdg=5112 slice=all p=40 a=19 file=/data/alice/ipardoza/hadronization_production/HF_RUN3_V1/raw/MONASH/hf_MONASH_job832.root
SIGMAB_COUNTS tag=MONASH species=Sigma_b- pdg=5112 slice=eta_lt_1 p=5 a=3 file=/data/alice/ipardoza/hadronization_production/HF_RUN3_V1/raw/MONASH/hf_MONASH_job832.root
SIGMAB_COUNTS tag=MONASH species=Sigma_b- pdg=5112 slice=eta_1_2 p=6 a=7 file=/data/alice/ipardoza/hadronization_production/HF_RUN3_V1/raw/MONASH/hf_MONASH_job832.root
SIGMAB_COUNTS tag=MONASH species=Sigma_b- pdg=5112 slice=eta_ge_2 p=29 a=9 file=/data/alice/ipardoza/hadronization_production/HF_RUN3_V1/raw/MONASH/hf_MONASH_job832.root
SIGMAB_COUNTS tag=MONASH species=Sigma*_b+ pdg=5224 slice=all p=57 a=42 file=/data/alice/ipardoza/hadronization_production/HF_RUN3_V1/raw/MONASH/hf_MONASH_job832.root
SIGMAB_COUNTS tag=MONASH species=Sigma*_b+ pdg=5224 slice=eta_lt_1 p=13 a=11 file=/data/alice/ipardoza/hadronization_production/HF_RUN3_V1/raw/MONASH/hf_MONASH_job832.root
SIGMAB_COUNTS tag=MONASH species=Sigma*_b+ pdg=5224 slice=eta_1_2 p=10 a=8 file=/data/alice/ipardoza/hadronization_production/HF_RUN3_V1/raw/MONASH/hf_MONASH_job832.root
SIGMAB_COUNTS tag=MONASH species=Sigma*_b+ pdg=5224 slice=eta_ge_2 p=34 a=23 file=/data/alice/ipardoza/hadronization_production/HF_RUN3_V1/raw/MONASH/hf_MONASH_job832.root
SIGMAB_COUNTS tag=MONASH species=Sigma*_b0 pdg=5214 slice=all p=56 a=49 file=/data/alice/ipardoza/hadronization_production/HF_RUN3_V1/raw/MONASH/hf_MONASH_job832.root
SIGMAB_COUNTS tag=MONASH species=Sigma*_b0 pdg=5214 slice=eta_lt_1 p=7 a=14 file=/data/alice/ipardoza/hadronization_production/HF_RUN3_V1/raw/MONASH/hf_MONASH_job832.root
SIGMAB_COUNTS tag=MONASH species=Sigma*_b0 pdg=5214 slice=eta_1_2 p=17 a=7 file=/data/alice/ipardoza/hadronization_production/HF_RUN3_V1/raw/MONASH/hf_MONASH_job832.root
SIGMAB_COUNTS tag=MONASH species=Sigma*_b0 pdg=5214 slice=eta_ge_2 p=32 a=28 file=/data/alice/ipardoza/hadronization_production/HF_RUN3_V1/raw/MONASH/hf_MONASH_job832.root
SIGMAB_COUNTS tag=MONASH species=Sigma*_b- pdg=5114 slice=all p=43 a=46 file=/data/alice/ipardoza/hadronization_production/HF_RUN3_V1/raw/MONASH/hf_MONASH_job832.root
SIGMAB_COUNTS tag=MONASH species=Sigma*_b- pdg=5114 slice=eta_lt_1 p=4 a=5 file=/data/alice/ipardoza/hadronization_production/HF_RUN3_V1/raw/MONASH/hf_MONASH_job832.root
SIGMAB_COUNTS tag=MONASH species=Sigma*_b- pdg=5114 slice=eta_1_2 p=6 a=12 file=/data/alice/ipardoza/hadronization_production/HF_RUN3_V1/raw/MONASH/hf_MONASH_job832.root
SIGMAB_COUNTS tag=MONASH species=Sigma*_b- pdg=5114 slice=eta_ge_2 p=33 a=29 file=/data/alice/ipardoza/hadronization_production/HF_RUN3_V1/raw/MONASH/hf_MONASH_job832.root
SIGMAB_COUNTS tag=MONASH species=Lambda_b0 pdg=5122 slice=all p=293 a=322 file=/data/alice/ipardoza/hadronization_production/HF_RUN3_V1/raw/MONASH/hf_MONASH_job832.root
SIGMAB_COUNTS tag=MONASH species=Lambda_b0 pdg=5122 slice=eta_lt_1 p=53 a=60 file=/data/alice/ipardoza/hadronization_production/HF_RUN3_V1/raw/MONASH/hf_MONASH_job832.root
SIGMAB_COUNTS tag=MONASH species=Lambda_b0 pdg=5122 slice=eta_1_2 p=62 a=67 file=/data/alice/ipardoza/hadronization_production/HF_RUN3_V1/raw/MONASH/hf_MONASH_job832.root
SIGMAB_COUNTS tag=MONASH species=Lambda_b0 pdg=5122 slice=eta_ge_2 p=178 a=195 file=/data/alice/ipardoza/hadronization_production/HF_RUN3_V1/raw/MONASH/hf_MONASH_job832.root
SIGMAB_COUNTS tag=MONASH species=Xi_b0 pdg=5232 slice=all p=62 a=63 file=/data/alice/ipardoza/hadronization_production/HF_RUN3_V1/raw/MONASH/hf_MONASH_job832.root
SIGMAB_COUNTS tag=MONASH species=Xi_b0 pdg=5232 slice=eta_lt_1 p=11 a=14 file=/data/alice/ipardoza/hadronization_production/HF_RUN3_V1/raw/MONASH/hf_MONASH_job832.root
SIGMAB_COUNTS tag=MONASH species=Xi_b0 pdg=5232 slice=eta_1_2 p=18 a=16 file=/data/alice/ipardoza/hadronization_production/HF_RUN3_V1/raw/MONASH/hf_MONASH_job832.root
SIGMAB_COUNTS tag=MONASH species=Xi_b0 pdg=5232 slice=eta_ge_2 p=33 a=33 file=/data/alice/ipardoza/hadronization_production/HF_RUN3_V1/raw/MONASH/hf_MONASH_job832.root
SIGMAB_COUNTS tag=MONASH species=Xi_b- pdg=5132 slice=all p=65 a=53 file=/data/alice/ipardoza/hadronization_production/HF_RUN3_V1/raw/MONASH/hf_MONASH_job832.root
SIGMAB_COUNTS tag=MONASH species=Xi_b- pdg=5132 slice=eta_lt_1 p=13 a=12 file=/data/alice/ipardoza/hadronization_production/HF_RUN3_V1/raw/MONASH/hf_MONASH_job832.root
SIGMAB_COUNTS tag=MONASH species=Xi_b- pdg=5132 slice=eta_1_2 p=16 a=5 file=/data/alice/ipardoza/hadronization_production/HF_RUN3_V1/raw/MONASH/hf_MONASH_job832.root
SIGMAB_COUNTS tag=MONASH species=Xi_b- pdg=5132 slice=eta_ge_2 p=36 a=36 file=/data/alice/ipardoza/hadronization_production/HF_RUN3_V1/raw/MONASH/hf_MONASH_job832.root
SIGMAB_COUNTS tag=MONASH species=Sigma_b+ pdg=5222 slice=all p=35 a=22 file=/data/alice/ipardoza/hadronization_production/HF_RUN3_V1/raw/MONASH/hf_MONASH_job833.root
SIGMAB_COUNTS tag=MONASH species=Sigma_b+ pdg=5222 slice=eta_lt_1 p=5 a=2 file=/data/alice/ipardoza/hadronization_production/HF_RUN3_V1/raw/MONASH/hf_MONASH_job833.root
SIGMAB_COUNTS tag=MONASH species=Sigma_b+ pdg=5222 slice=eta_1_2 p=3 a=2 file=/data/alice/ipardoza/hadronization_production/HF_RUN3_V1/raw/MONASH/hf_MONASH_job833.root
SIGMAB_COUNTS tag=MONASH species=Sigma_b+ pdg=5222 slice=eta_ge_2 p=27 a=18 file=/data/alice/ipardoza/hadronization_production/HF_RUN3_V1/raw/MONASH/hf_MONASH_job833.root
SIGMAB_COUNTS tag=MONASH species=Sigma_b0 pdg=5212 slice=all p=38 a=16 file=/data/alice/ipardoza/hadronization_production/HF_RUN3_V1/raw/MONASH/hf_MONASH_job833.root
SIGMAB_COUNTS tag=MONASH species=Sigma_b0 pdg=5212 slice=eta_lt_1 p=7 a=2 file=/data/alice/ipardoza/hadronization_production/HF_RUN3_V1/raw/MONASH/hf_MONASH_job833.root
SIGMAB_COUNTS tag=MONASH species=Sigma_b0 pdg=5212 slice=eta_1_2 p=4 a=1 file=/data/alice/ipardoza/hadronization_production/HF_RUN3_V1/raw/MONASH/hf_MONASH_job833.root
SIGMAB_COUNTS tag=MONASH species=Sigma_b0 pdg=5212 slice=eta_ge_2 p=27 a=13 file=/data/alice/ipardoza/hadronization_production/HF_RUN3_V1/raw/MONASH/hf_MONASH_job833.root
SIGMAB_COUNTS tag=MONASH species=Sigma_b- pdg=5112 slice=all p=38 a=18 file=/data/alice/ipardoza/hadronization_production/HF_RUN3_V1/raw/MONASH/hf_MONASH_job833.root
SIGMAB_COUNTS tag=MONASH species=Sigma_b- pdg=5112 slice=eta_lt_1 p=5 a=1 file=/data/alice/ipardoza/hadronization_production/HF_RUN3_V1/raw/MONASH/hf_MONASH_job833.root
SIGMAB_COUNTS tag=MONASH species=Sigma_b- pdg=5112 slice=eta_1_2 p=5 a=4 file=/data/alice/ipardoza/hadronization_production/HF_RUN3_V1/raw/MONASH/hf_MONASH_job833.root
SIGMAB_COUNTS tag=MONASH species=Sigma_b- pdg=5112 slice=eta_ge_2 p=28 a=13 file=/data/alice/ipardoza/hadronization_production/HF_RUN3_V1/raw/MONASH/hf_MONASH_job833.root
SIGMAB_COUNTS tag=MONASH species=Sigma*_b+ pdg=5224 slice=all p=64 a=35 file=/data/alice/ipardoza/hadronization_production/HF_RUN3_V1/raw/MONASH/hf_MONASH_job833.root
SIGMAB_COUNTS tag=MONASH species=Sigma*_b+ pdg=5224 slice=eta_lt_1 p=13 a=4 file=/data/alice/ipardoza/hadronization_production/HF_RUN3_V1/raw/MONASH/hf_MONASH_job833.root
SIGMAB_COUNTS tag=MONASH species=Sigma*_b+ pdg=5224 slice=eta_1_2 p=15 a=10 file=/data/alice/ipardoza/hadronization_production/HF_RUN3_V1/raw/MONASH/hf_MONASH_job833.root
SIGMAB_COUNTS tag=MONASH species=Sigma*_b+ pdg=5224 slice=eta_ge_2 p=36 a=21 file=/data/alice/ipardoza/hadronization_production/HF_RUN3_V1/raw/MONASH/hf_MONASH_job833.root
SIGMAB_COUNTS tag=MONASH species=Sigma*_b0 pdg=5214 slice=all p=43 a=34 file=/data/alice/ipardoza/hadronization_production/HF_RUN3_V1/raw/MONASH/hf_MONASH_job833.root
SIGMAB_COUNTS tag=MONASH species=Sigma*_b0 pdg=5214 slice=eta_lt_1 p=13 a=8 file=/data/alice/ipardoza/hadronization_production/HF_RUN3_V1/raw/MONASH/hf_MONASH_job833.root
SIGMAB_COUNTS tag=MONASH species=Sigma*_b0 pdg=5214 slice=eta_1_2 p=6 a=8 file=/data/alice/ipardoza/hadronization_production/HF_RUN3_V1/raw/MONASH/hf_MONASH_job833.root
SIGMAB_COUNTS tag=MONASH species=Sigma*_b0 pdg=5214 slice=eta_ge_2 p=24 a=18 file=/data/alice/ipardoza/hadronization_production/HF_RUN3_V1/raw/MONASH/hf_MONASH_job833.root
SIGMAB_COUNTS tag=MONASH species=Sigma*_b- pdg=5114 slice=all p=54 a=33 file=/data/alice/ipardoza/hadronization_production/HF_RUN3_V1/raw/MONASH/hf_MONASH_job833.root
SIGMAB_COUNTS tag=MONASH species=Sigma*_b- pdg=5114 slice=eta_lt_1 p=8 a=7 file=/data/alice/ipardoza/hadronization_production/HF_RUN3_V1/raw/MONASH/hf_MONASH_job833.root
SIGMAB_COUNTS tag=MONASH species=Sigma*_b- pdg=5114 slice=eta_1_2 p=6 a=12 file=/data/alice/ipardoza/hadronization_production/HF_RUN3_V1/raw/MONASH/hf_MONASH_job833.root
SIGMAB_COUNTS tag=MONASH species=Sigma*_b- pdg=5114 slice=eta_ge_2 p=40 a=14 file=/data/alice/ipardoza/hadronization_production/HF_RUN3_V1/raw/MONASH/hf_MONASH_job833.root
SIGMAB_COUNTS tag=MONASH species=Lambda_b0 pdg=5122 slice=all p=335 a=330 file=/data/alice/ipardoza/hadronization_production/HF_RUN3_V1/raw/MONASH/hf_MONASH_job833.root
SIGMAB_COUNTS tag=MONASH species=Lambda_b0 pdg=5122 slice=eta_lt_1 p=78 a=58 file=/data/alice/ipardoza/hadronization_production/HF_RUN3_V1/raw/MONASH/hf_MONASH_job833.root
SIGMAB_COUNTS tag=MONASH species=Lambda_b0 pdg=5122 slice=eta_1_2 p=69 a=55 file=/data/alice/ipardoza/hadronization_production/HF_RUN3_V1/raw/MONASH/hf_MONASH_job833.root
SIGMAB_COUNTS tag=MONASH species=Lambda_b0 pdg=5122 slice=eta_ge_2 p=188 a=217 file=/data/alice/ipardoza/hadronization_production/HF_RUN3_V1/raw/MONASH/hf_MONASH_job833.root
SIGMAB_COUNTS tag=MONASH species=Xi_b0 pdg=5232 slice=all p=41 a=43 file=/data/alice/ipardoza/hadronization_production/HF_RUN3_V1/raw/MONASH/hf_MONASH_job833.root
SIGMAB_COUNTS tag=MONASH species=Xi_b0 pdg=5232 slice=eta_lt_1 p=6 a=7 file=/data/alice/ipardoza/hadronization_production/HF_RUN3_V1/raw/MONASH/hf_MONASH_job833.root
SIGMAB_COUNTS tag=MONASH species=Xi_b0 pdg=5232 slice=eta_1_2 p=6 a=12 file=/data/alice/ipardoza/hadronization_production/HF_RUN3_V1/raw/MONASH/hf_MONASH_job833.root
SIGMAB_COUNTS tag=MONASH species=Xi_b0 pdg=5232 slice=eta_ge_2 p=29 a=24 file=/data/alice/ipardoza/hadronization_production/HF_RUN3_V1/raw/MONASH/hf_MONASH_job833.root
SIGMAB_COUNTS tag=MONASH species=Xi_b- pdg=5132 slice=all p=55 a=57 file=/data/alice/ipardoza/hadronization_production/HF_RUN3_V1/raw/MONASH/hf_MONASH_job833.root
SIGMAB_COUNTS tag=MONASH species=Xi_b- pdg=5132 slice=eta_lt_1 p=8 a=12 file=/data/alice/ipardoza/hadronization_production/HF_RUN3_V1/raw/MONASH/hf_MONASH_job833.root
SIGMAB_COUNTS tag=MONASH species=Xi_b- pdg=5132 slice=eta_1_2 p=15 a=11 file=/data/alice/ipardoza/hadronization_production/HF_RUN3_V1/raw/MONASH/hf_MONASH_job833.root
SIGMAB_COUNTS tag=MONASH species=Xi_b- pdg=5132 slice=eta_ge_2 p=32 a=34 file=/data/alice/ipardoza/hadronization_production/HF_RUN3_V1/raw/MONASH/hf_MONASH_job833.root
SIGMAB_COUNTS tag=MONASH species=Sigma_b+ pdg=5222 slice=all p=39 a=22 file=/data/alice/ipardoza/hadronization_production/HF_RUN3_V1/raw/MONASH/hf_MONASH_job834.root
SIGMAB_COUNTS tag=MONASH species=Sigma_b+ pdg=5222 slice=eta_lt_1 p=4 a=6 file=/data/alice/ipardoza/hadronization_production/HF_RUN3_V1/raw/MONASH/hf_MONASH_job834.root
SIGMAB_COUNTS tag=MONASH species=Sigma_b+ pdg=5222 slice=eta_1_2 p=9 a=1 file=/data/alice/ipardoza/hadronization_production/HF_RUN3_V1/raw/MONASH/hf_MONASH_job834.root
SIGMAB_COUNTS tag=MONASH species=Sigma_b+ pdg=5222 slice=eta_ge_2 p=26 a=15 file=/data/alice/ipardoza/hadronization_production/HF_RUN3_V1/raw/MONASH/hf_MONASH_job834.root
SIGMAB_COUNTS tag=MONASH species=Sigma_b0 pdg=5212 slice=all p=35 a=17 file=/data/alice/ipardoza/hadronization_production/HF_RUN3_V1/raw/MONASH/hf_MONASH_job834.root
SIGMAB_COUNTS tag=MONASH species=Sigma_b0 pdg=5212 slice=eta_lt_1 p=5 a=3 file=/data/alice/ipardoza/hadronization_production/HF_RUN3_V1/raw/MONASH/hf_MONASH_job834.root
SIGMAB_COUNTS tag=MONASH species=Sigma_b0 pdg=5212 slice=eta_1_2 p=6 a=3 file=/data/alice/ipardoza/hadronization_production/HF_RUN3_V1/raw/MONASH/hf_MONASH_job834.root
SIGMAB_COUNTS tag=MONASH species=Sigma_b0 pdg=5212 slice=eta_ge_2 p=24 a=11 file=/data/alice/ipardoza/hadronization_production/HF_RUN3_V1/raw/MONASH/hf_MONASH_job834.root
SIGMAB_COUNTS tag=MONASH species=Sigma_b- pdg=5112 slice=all p=34 a=17 file=/data/alice/ipardoza/hadronization_production/HF_RUN3_V1/raw/MONASH/hf_MONASH_job834.root
SIGMAB_COUNTS tag=MONASH species=Sigma_b- pdg=5112 slice=eta_lt_1 p=5 a=4 file=/data/alice/ipardoza/hadronization_production/HF_RUN3_V1/raw/MONASH/hf_MONASH_job834.root
SIGMAB_COUNTS tag=MONASH species=Sigma_b- pdg=5112 slice=eta_1_2 p=7 a=2 file=/data/alice/ipardoza/hadronization_production/HF_RUN3_V1/raw/MONASH/hf_MONASH_job834.root
SIGMAB_COUNTS tag=MONASH species=Sigma_b- pdg=5112 slice=eta_ge_2 p=22 a=11 file=/data/alice/ipardoza/hadronization_production/HF_RUN3_V1/raw/MONASH/hf_MONASH_job834.root
SIGMAB_COUNTS tag=MONASH species=Sigma*_b+ pdg=5224 slice=all p=45 a=47 file=/data/alice/ipardoza/hadronization_production/HF_RUN3_V1/raw/MONASH/hf_MONASH_job834.root
SIGMAB_COUNTS tag=MONASH species=Sigma*_b+ pdg=5224 slice=eta_lt_1 p=7 a=7 file=/data/alice/ipardoza/hadronization_production/HF_RUN3_V1/raw/MONASH/hf_MONASH_job834.root
SIGMAB_COUNTS tag=MONASH species=Sigma*_b+ pdg=5224 slice=eta_1_2 p=14 a=9 file=/data/alice/ipardoza/hadronization_production/HF_RUN3_V1/raw/MONASH/hf_MONASH_job834.root
SIGMAB_COUNTS tag=MONASH species=Sigma*_b+ pdg=5224 slice=eta_ge_2 p=24 a=31 file=/data/alice/ipardoza/hadronization_production/HF_RUN3_V1/raw/MONASH/hf_MONASH_job834.root
SIGMAB_COUNTS tag=MONASH species=Sigma*_b0 pdg=5214 slice=all p=51 a=43 file=/data/alice/ipardoza/hadronization_production/HF_RUN3_V1/raw/MONASH/hf_MONASH_job834.root
SIGMAB_COUNTS tag=MONASH species=Sigma*_b0 pdg=5214 slice=eta_lt_1 p=11 a=7 file=/data/alice/ipardoza/hadronization_production/HF_RUN3_V1/raw/MONASH/hf_MONASH_job834.root
SIGMAB_COUNTS tag=MONASH species=Sigma*_b0 pdg=5214 slice=eta_1_2 p=6 a=11 file=/data/alice/ipardoza/hadronization_production/HF_RUN3_V1/raw/MONASH/hf_MONASH_job834.root
SIGMAB_COUNTS tag=MONASH species=Sigma*_b0 pdg=5214 slice=eta_ge_2 p=34 a=25 file=/data/alice/ipardoza/hadronization_production/HF_RUN3_V1/raw/MONASH/hf_MONASH_job834.root
SIGMAB_COUNTS tag=MONASH species=Sigma*_b- pdg=5114 slice=all p=56 a=34 file=/data/alice/ipardoza/hadronization_production/HF_RUN3_V1/raw/MONASH/hf_MONASH_job834.root
SIGMAB_COUNTS tag=MONASH species=Sigma*_b- pdg=5114 slice=eta_lt_1 p=6 a=6 file=/data/alice/ipardoza/hadronization_production/HF_RUN3_V1/raw/MONASH/hf_MONASH_job834.root
SIGMAB_COUNTS tag=MONASH species=Sigma*_b- pdg=5114 slice=eta_1_2 p=13 a=10 file=/data/alice/ipardoza/hadronization_production/HF_RUN3_V1/raw/MONASH/hf_MONASH_job834.root
SIGMAB_COUNTS tag=MONASH species=Sigma*_b- pdg=5114 slice=eta_ge_2 p=37 a=18 file=/data/alice/ipardoza/hadronization_production/HF_RUN3_V1/raw/MONASH/hf_MONASH_job834.root
SIGMAB_COUNTS tag=MONASH species=Lambda_b0 pdg=5122 slice=all p=281 a=314 file=/data/alice/ipardoza/hadronization_production/HF_RUN3_V1/raw/MONASH/hf_MONASH_job834.root
SIGMAB_COUNTS tag=MONASH species=Lambda_b0 pdg=5122 slice=eta_lt_1 p=46 a=60 file=/data/alice/ipardoza/hadronization_production/HF_RUN3_V1/raw/MONASH/hf_MONASH_job834.root
SIGMAB_COUNTS tag=MONASH species=Lambda_b0 pdg=5122 slice=eta_1_2 p=60 a=53 file=/data/alice/ipardoza/hadronization_production/HF_RUN3_V1/raw/MONASH/hf_MONASH_job834.root
SIGMAB_COUNTS tag=MONASH species=Lambda_b0 pdg=5122 slice=eta_ge_2 p=175 a=201 file=/data/alice/ipardoza/hadronization_production/HF_RUN3_V1/raw/MONASH/hf_MONASH_job834.root
SIGMAB_COUNTS tag=MONASH species=Xi_b0 pdg=5232 slice=all p=61 a=58 file=/data/alice/ipardoza/hadronization_production/HF_RUN3_V1/raw/MONASH/hf_MONASH_job834.root
SIGMAB_COUNTS tag=MONASH species=Xi_b0 pdg=5232 slice=eta_lt_1 p=12 a=10 file=/data/alice/ipardoza/hadronization_production/HF_RUN3_V1/raw/MONASH/hf_MONASH_job834.root
SIGMAB_COUNTS tag=MONASH species=Xi_b0 pdg=5232 slice=eta_1_2 p=10 a=12 file=/data/alice/ipardoza/hadronization_production/HF_RUN3_V1/raw/MONASH/hf_MONASH_job834.root
SIGMAB_COUNTS tag=MONASH species=Xi_b0 pdg=5232 slice=eta_ge_2 p=39 a=36 file=/data/alice/ipardoza/hadronization_production/HF_RUN3_V1/raw/MONASH/hf_MONASH_job834.root
SIGMAB_COUNTS tag=MONASH species=Xi_b- pdg=5132 slice=all p=59 a=63 file=/data/alice/ipardoza/hadronization_production/HF_RUN3_V1/raw/MONASH/hf_MONASH_job834.root
SIGMAB_COUNTS tag=MONASH species=Xi_b- pdg=5132 slice=eta_lt_1 p=11 a=7 file=/data/alice/ipardoza/hadronization_production/HF_RUN3_V1/raw/MONASH/hf_MONASH_job834.root
SIGMAB_COUNTS tag=MONASH species=Xi_b- pdg=5132 slice=eta_1_2 p=12 a=14 file=/data/alice/ipardoza/hadronization_production/HF_RUN3_V1/raw/MONASH/hf_MONASH_job834.root
SIGMAB_COUNTS tag=MONASH species=Xi_b- pdg=5132 slice=eta_ge_2 p=36 a=42 file=/data/alice/ipardoza/hadronization_production/HF_RUN3_V1/raw/MONASH/hf_MONASH_job834.root
SIGMAB_COUNTS tag=MONASH species=Sigma_b+ pdg=5222 slice=all p=40 a=19 file=/data/alice/ipardoza/hadronization_production/HF_RUN3_V1/raw/MONASH/hf_MONASH_job835.root
SIGMAB_COUNTS tag=MONASH species=Sigma_b+ pdg=5222 slice=eta_lt_1 p=9 a=5 file=/data/alice/ipardoza/hadronization_production/HF_RUN3_V1/raw/MONASH/hf_MONASH_job835.root
SIGMAB_COUNTS tag=MONASH species=Sigma_b+ pdg=5222 slice=eta_1_2 p=6 a=5 file=/data/alice/ipardoza/hadronization_production/HF_RUN3_V1/raw/MONASH/hf_MONASH_job835.root
SIGMAB_COUNTS tag=MONASH species=Sigma_b+ pdg=5222 slice=eta_ge_2 p=25 a=9 file=/data/alice/ipardoza/hadronization_production/HF_RUN3_V1/raw/MONASH/hf_MONASH_job835.root
SIGMAB_COUNTS tag=MONASH species=Sigma_b0 pdg=5212 slice=all p=43 a=28 file=/data/alice/ipardoza/hadronization_production/HF_RUN3_V1/raw/MONASH/hf_MONASH_job835.root
SIGMAB_COUNTS tag=MONASH species=Sigma_b0 pdg=5212 slice=eta_lt_1 p=6 a=6 file=/data/alice/ipardoza/hadronization_production/HF_RUN3_V1/raw/MONASH/hf_MONASH_job835.root
SIGMAB_COUNTS tag=MONASH species=Sigma_b0 pdg=5212 slice=eta_1_2 p=9 a=7 file=/data/alice/ipardoza/hadronization_production/HF_RUN3_V1/raw/MONASH/hf_MONASH_job835.root
SIGMAB_COUNTS tag=MONASH species=Sigma_b0 pdg=5212 slice=eta_ge_2 p=28 a=15 file=/data/alice/ipardoza/hadronization_production/HF_RUN3_V1/raw/MONASH/hf_MONASH_job835.root
SIGMAB_COUNTS tag=MONASH species=Sigma_b- pdg=5112 slice=all p=32 a=15 file=/data/alice/ipardoza/hadronization_production/HF_RUN3_V1/raw/MONASH/hf_MONASH_job835.root
SIGMAB_COUNTS tag=MONASH species=Sigma_b- pdg=5112 slice=eta_lt_1 p=11 a=3 file=/data/alice/ipardoza/hadronization_production/HF_RUN3_V1/raw/MONASH/hf_MONASH_job835.root
SIGMAB_COUNTS tag=MONASH species=Sigma_b- pdg=5112 slice=eta_1_2 p=9 a=3 file=/data/alice/ipardoza/hadronization_production/HF_RUN3_V1/raw/MONASH/hf_MONASH_job835.root
SIGMAB_COUNTS tag=MONASH species=Sigma_b- pdg=5112 slice=eta_ge_2 p=12 a=9 file=/data/alice/ipardoza/hadronization_production/HF_RUN3_V1/raw/MONASH/hf_MONASH_job835.root
SIGMAB_COUNTS tag=MONASH species=Sigma*_b+ pdg=5224 slice=all p=60 a=46 file=/data/alice/ipardoza/hadronization_production/HF_RUN3_V1/raw/MONASH/hf_MONASH_job835.root
SIGMAB_COUNTS tag=MONASH species=Sigma*_b+ pdg=5224 slice=eta_lt_1 p=14 a=7 file=/data/alice/ipardoza/hadronization_production/HF_RUN3_V1/raw/MONASH/hf_MONASH_job835.root
SIGMAB_COUNTS tag=MONASH species=Sigma*_b+ pdg=5224 slice=eta_1_2 p=13 a=12 file=/data/alice/ipardoza/hadronization_production/HF_RUN3_V1/raw/MONASH/hf_MONASH_job835.root
SIGMAB_COUNTS tag=MONASH species=Sigma*_b+ pdg=5224 slice=eta_ge_2 p=33 a=27 file=/data/alice/ipardoza/hadronization_production/HF_RUN3_V1/raw/MONASH/hf_MONASH_job835.root
SIGMAB_COUNTS tag=MONASH species=Sigma*_b0 pdg=5214 slice=all p=47 a=36 file=/data/alice/ipardoza/hadronization_production/HF_RUN3_V1/raw/MONASH/hf_MONASH_job835.root
SIGMAB_COUNTS tag=MONASH species=Sigma*_b0 pdg=5214 slice=eta_lt_1 p=6 a=7 file=/data/alice/ipardoza/hadronization_production/HF_RUN3_V1/raw/MONASH/hf_MONASH_job835.root
SIGMAB_COUNTS tag=MONASH species=Sigma*_b0 pdg=5214 slice=eta_1_2 p=10 a=11 file=/data/alice/ipardoza/hadronization_production/HF_RUN3_V1/raw/MONASH/hf_MONASH_job835.root
SIGMAB_COUNTS tag=MONASH species=Sigma*_b0 pdg=5214 slice=eta_ge_2 p=31 a=18 file=/data/alice/ipardoza/hadronization_production/HF_RUN3_V1/raw/MONASH/hf_MONASH_job835.root
SIGMAB_COUNTS tag=MONASH species=Sigma*_b- pdg=5114 slice=all p=39 a=37 file=/data/alice/ipardoza/hadronization_production/HF_RUN3_V1/raw/MONASH/hf_MONASH_job835.root
SIGMAB_COUNTS tag=MONASH species=Sigma*_b- pdg=5114 slice=eta_lt_1 p=7 a=7 file=/data/alice/ipardoza/hadronization_production/HF_RUN3_V1/raw/MONASH/hf_MONASH_job835.root
SIGMAB_COUNTS tag=MONASH species=Sigma*_b- pdg=5114 slice=eta_1_2 p=7 a=7 file=/data/alice/ipardoza/hadronization_production/HF_RUN3_V1/raw/MONASH/hf_MONASH_job835.root
SIGMAB_COUNTS tag=MONASH species=Sigma*_b- pdg=5114 slice=eta_ge_2 p=25 a=23 file=/data/alice/ipardoza/hadronization_production/HF_RUN3_V1/raw/MONASH/hf_MONASH_job835.root
SIGMAB_COUNTS tag=MONASH species=Lambda_b0 pdg=5122 slice=all p=293 a=323 file=/data/alice/ipardoza/hadronization_production/HF_RUN3_V1/raw/MONASH/hf_MONASH_job835.root
SIGMAB_COUNTS tag=MONASH species=Lambda_b0 pdg=5122 slice=eta_lt_1 p=41 a=60 file=/data/alice/ipardoza/hadronization_production/HF_RUN3_V1/raw/MONASH/hf_MONASH_job835.root
SIGMAB_COUNTS tag=MONASH species=Lambda_b0 pdg=5122 slice=eta_1_2 p=73 a=62 file=/data/alice/ipardoza/hadronization_production/HF_RUN3_V1/raw/MONASH/hf_MONASH_job835.root
SIGMAB_COUNTS tag=MONASH species=Lambda_b0 pdg=5122 slice=eta_ge_2 p=179 a=201 file=/data/alice/ipardoza/hadronization_production/HF_RUN3_V1/raw/MONASH/hf_MONASH_job835.root
SIGMAB_COUNTS tag=MONASH species=Xi_b0 pdg=5232 slice=all p=53 a=54 file=/data/alice/ipardoza/hadronization_production/HF_RUN3_V1/raw/MONASH/hf_MONASH_job835.root
SIGMAB_COUNTS tag=MONASH species=Xi_b0 pdg=5232 slice=eta_lt_1 p=12 a=8 file=/data/alice/ipardoza/hadronization_production/HF_RUN3_V1/raw/MONASH/hf_MONASH_job835.root
SIGMAB_COUNTS tag=MONASH species=Xi_b0 pdg=5232 slice=eta_1_2 p=9 a=14 file=/data/alice/ipardoza/hadronization_production/HF_RUN3_V1/raw/MONASH/hf_MONASH_job835.root
SIGMAB_COUNTS tag=MONASH species=Xi_b0 pdg=5232 slice=eta_ge_2 p=32 a=32 file=/data/alice/ipardoza/hadronization_production/HF_RUN3_V1/raw/MONASH/hf_MONASH_job835.root
SIGMAB_COUNTS tag=MONASH species=Xi_b- pdg=5132 slice=all p=53 a=46 file=/data/alice/ipardoza/hadronization_production/HF_RUN3_V1/raw/MONASH/hf_MONASH_job835.root
SIGMAB_COUNTS tag=MONASH species=Xi_b- pdg=5132 slice=eta_lt_1 p=12 a=8 file=/data/alice/ipardoza/hadronization_production/HF_RUN3_V1/raw/MONASH/hf_MONASH_job835.root
SIGMAB_COUNTS tag=MONASH species=Xi_b- pdg=5132 slice=eta_1_2 p=8 a=11 file=/data/alice/ipardoza/hadronization_production/HF_RUN3_V1/raw/MONASH/hf_MONASH_job835.root
SIGMAB_COUNTS tag=MONASH species=Xi_b- pdg=5132 slice=eta_ge_2 p=33 a=27 file=/data/alice/ipardoza/hadronization_production/HF_RUN3_V1/raw/MONASH/hf_MONASH_job835.root
SIGMAB_COUNTS tag=MONASH species=Sigma_b+ pdg=5222 slice=all p=47 a=15 file=/data/alice/ipardoza/hadronization_production/HF_RUN3_V1/raw/MONASH/hf_MONASH_job836.root
SIGMAB_COUNTS tag=MONASH species=Sigma_b+ pdg=5222 slice=eta_lt_1 p=7 a=3 file=/data/alice/ipardoza/hadronization_production/HF_RUN3_V1/raw/MONASH/hf_MONASH_job836.root
SIGMAB_COUNTS tag=MONASH species=Sigma_b+ pdg=5222 slice=eta_1_2 p=9 a=1 file=/data/alice/ipardoza/hadronization_production/HF_RUN3_V1/raw/MONASH/hf_MONASH_job836.root
SIGMAB_COUNTS tag=MONASH species=Sigma_b+ pdg=5222 slice=eta_ge_2 p=31 a=11 file=/data/alice/ipardoza/hadronization_production/HF_RUN3_V1/raw/MONASH/hf_MONASH_job836.root
SIGMAB_COUNTS tag=MONASH species=Sigma_b0 pdg=5212 slice=all p=38 a=25 file=/data/alice/ipardoza/hadronization_production/HF_RUN3_V1/raw/MONASH/hf_MONASH_job836.root
SIGMAB_COUNTS tag=MONASH species=Sigma_b0 pdg=5212 slice=eta_lt_1 p=4 a=7 file=/data/alice/ipardoza/hadronization_production/HF_RUN3_V1/raw/MONASH/hf_MONASH_job836.root
SIGMAB_COUNTS tag=MONASH species=Sigma_b0 pdg=5212 slice=eta_1_2 p=17 a=4 file=/data/alice/ipardoza/hadronization_production/HF_RUN3_V1/raw/MONASH/hf_MONASH_job836.root
SIGMAB_COUNTS tag=MONASH species=Sigma_b0 pdg=5212 slice=eta_ge_2 p=17 a=14 file=/data/alice/ipardoza/hadronization_production/HF_RUN3_V1/raw/MONASH/hf_MONASH_job836.root
SIGMAB_COUNTS tag=MONASH species=Sigma_b- pdg=5112 slice=all p=30 a=11 file=/data/alice/ipardoza/hadronization_production/HF_RUN3_V1/raw/MONASH/hf_MONASH_job836.root
SIGMAB_COUNTS tag=MONASH species=Sigma_b- pdg=5112 slice=eta_lt_1 p=7 a=3 file=/data/alice/ipardoza/hadronization_production/HF_RUN3_V1/raw/MONASH/hf_MONASH_job836.root
SIGMAB_COUNTS tag=MONASH species=Sigma_b- pdg=5112 slice=eta_1_2 p=2 a=1 file=/data/alice/ipardoza/hadronization_production/HF_RUN3_V1/raw/MONASH/hf_MONASH_job836.root
SIGMAB_COUNTS tag=MONASH species=Sigma_b- pdg=5112 slice=eta_ge_2 p=21 a=7 file=/data/alice/ipardoza/hadronization_production/HF_RUN3_V1/raw/MONASH/hf_MONASH_job836.root
SIGMAB_COUNTS tag=MONASH species=Sigma*_b+ pdg=5224 slice=all p=55 a=35 file=/data/alice/ipardoza/hadronization_production/HF_RUN3_V1/raw/MONASH/hf_MONASH_job836.root
SIGMAB_COUNTS tag=MONASH species=Sigma*_b+ pdg=5224 slice=eta_lt_1 p=11 a=4 file=/data/alice/ipardoza/hadronization_production/HF_RUN3_V1/raw/MONASH/hf_MONASH_job836.root
SIGMAB_COUNTS tag=MONASH species=Sigma*_b+ pdg=5224 slice=eta_1_2 p=12 a=6 file=/data/alice/ipardoza/hadronization_production/HF_RUN3_V1/raw/MONASH/hf_MONASH_job836.root
SIGMAB_COUNTS tag=MONASH species=Sigma*_b+ pdg=5224 slice=eta_ge_2 p=32 a=25 file=/data/alice/ipardoza/hadronization_production/HF_RUN3_V1/raw/MONASH/hf_MONASH_job836.root
SIGMAB_COUNTS tag=MONASH species=Sigma*_b0 pdg=5214 slice=all p=44 a=35 file=/data/alice/ipardoza/hadronization_production/HF_RUN3_V1/raw/MONASH/hf_MONASH_job836.root
SIGMAB_COUNTS tag=MONASH species=Sigma*_b0 pdg=5214 slice=eta_lt_1 p=8 a=7 file=/data/alice/ipardoza/hadronization_production/HF_RUN3_V1/raw/MONASH/hf_MONASH_job836.root
SIGMAB_COUNTS tag=MONASH species=Sigma*_b0 pdg=5214 slice=eta_1_2 p=10 a=5 file=/data/alice/ipardoza/hadronization_production/HF_RUN3_V1/raw/MONASH/hf_MONASH_job836.root
SIGMAB_COUNTS tag=MONASH species=Sigma*_b0 pdg=5214 slice=eta_ge_2 p=26 a=23 file=/data/alice/ipardoza/hadronization_production/HF_RUN3_V1/raw/MONASH/hf_MONASH_job836.root
SIGMAB_COUNTS tag=MONASH species=Sigma*_b- pdg=5114 slice=all p=55 a=37 file=/data/alice/ipardoza/hadronization_production/HF_RUN3_V1/raw/MONASH/hf_MONASH_job836.root
SIGMAB_COUNTS tag=MONASH species=Sigma*_b- pdg=5114 slice=eta_lt_1 p=8 a=7 file=/data/alice/ipardoza/hadronization_production/HF_RUN3_V1/raw/MONASH/hf_MONASH_job836.root
SIGMAB_COUNTS tag=MONASH species=Sigma*_b- pdg=5114 slice=eta_1_2 p=12 a=10 file=/data/alice/ipardoza/hadronization_production/HF_RUN3_V1/raw/MONASH/hf_MONASH_job836.root
SIGMAB_COUNTS tag=MONASH species=Sigma*_b- pdg=5114 slice=eta_ge_2 p=35 a=20 file=/data/alice/ipardoza/hadronization_production/HF_RUN3_V1/raw/MONASH/hf_MONASH_job836.root
SIGMAB_COUNTS tag=MONASH species=Lambda_b0 pdg=5122 slice=all p=313 a=308 file=/data/alice/ipardoza/hadronization_production/HF_RUN3_V1/raw/MONASH/hf_MONASH_job836.root
SIGMAB_COUNTS tag=MONASH species=Lambda_b0 pdg=5122 slice=eta_lt_1 p=53 a=62 file=/data/alice/ipardoza/hadronization_production/HF_RUN3_V1/raw/MONASH/hf_MONASH_job836.root
SIGMAB_COUNTS tag=MONASH species=Lambda_b0 pdg=5122 slice=eta_1_2 p=70 a=75 file=/data/alice/ipardoza/hadronization_production/HF_RUN3_V1/raw/MONASH/hf_MONASH_job836.root
SIGMAB_COUNTS tag=MONASH species=Lambda_b0 pdg=5122 slice=eta_ge_2 p=190 a=171 file=/data/alice/ipardoza/hadronization_production/HF_RUN3_V1/raw/MONASH/hf_MONASH_job836.root
SIGMAB_COUNTS tag=MONASH species=Xi_b0 pdg=5232 slice=all p=45 a=62 file=/data/alice/ipardoza/hadronization_production/HF_RUN3_V1/raw/MONASH/hf_MONASH_job836.root
SIGMAB_COUNTS tag=MONASH species=Xi_b0 pdg=5232 slice=eta_lt_1 p=5 a=11 file=/data/alice/ipardoza/hadronization_production/HF_RUN3_V1/raw/MONASH/hf_MONASH_job836.root
SIGMAB_COUNTS tag=MONASH species=Xi_b0 pdg=5232 slice=eta_1_2 p=11 a=13 file=/data/alice/ipardoza/hadronization_production/HF_RUN3_V1/raw/MONASH/hf_MONASH_job836.root
SIGMAB_COUNTS tag=MONASH species=Xi_b0 pdg=5232 slice=eta_ge_2 p=29 a=38 file=/data/alice/ipardoza/hadronization_production/HF_RUN3_V1/raw/MONASH/hf_MONASH_job836.root
SIGMAB_COUNTS tag=MONASH species=Xi_b- pdg=5132 slice=all p=58 a=67 file=/data/alice/ipardoza/hadronization_production/HF_RUN3_V1/raw/MONASH/hf_MONASH_job836.root
SIGMAB_COUNTS tag=MONASH species=Xi_b- pdg=5132 slice=eta_lt_1 p=11 a=8 file=/data/alice/ipardoza/hadronization_production/HF_RUN3_V1/raw/MONASH/hf_MONASH_job836.root
SIGMAB_COUNTS tag=MONASH species=Xi_b- pdg=5132 slice=eta_1_2 p=11 a=12 file=/data/alice/ipardoza/hadronization_production/HF_RUN3_V1/raw/MONASH/hf_MONASH_job836.root
SIGMAB_COUNTS tag=MONASH species=Xi_b- pdg=5132 slice=eta_ge_2 p=36 a=47 file=/data/alice/ipardoza/hadronization_production/HF_RUN3_V1/raw/MONASH/hf_MONASH_job836.root
SIGMAB_COUNTS tag=MONASH species=Sigma_b+ pdg=5222 slice=all p=28 a=12 file=/data/alice/ipardoza/hadronization_production/HF_RUN3_V1/raw/MONASH/hf_MONASH_job837.root
SIGMAB_COUNTS tag=MONASH species=Sigma_b+ pdg=5222 slice=eta_lt_1 p=4 a=4 file=/data/alice/ipardoza/hadronization_production/HF_RUN3_V1/raw/MONASH/hf_MONASH_job837.root
SIGMAB_COUNTS tag=MONASH species=Sigma_b+ pdg=5222 slice=eta_1_2 p=4 a=3 file=/data/alice/ipardoza/hadronization_production/HF_RUN3_V1/raw/MONASH/hf_MONASH_job837.root
SIGMAB_COUNTS tag=MONASH species=Sigma_b+ pdg=5222 slice=eta_ge_2 p=20 a=5 file=/data/alice/ipardoza/hadronization_production/HF_RUN3_V1/raw/MONASH/hf_MONASH_job837.root
SIGMAB_COUNTS tag=MONASH species=Sigma_b0 pdg=5212 slice=all p=29 a=18 file=/data/alice/ipardoza/hadronization_production/HF_RUN3_V1/raw/MONASH/hf_MONASH_job837.root
SIGMAB_COUNTS tag=MONASH species=Sigma_b0 pdg=5212 slice=eta_lt_1 p=5 a=2 file=/data/alice/ipardoza/hadronization_production/HF_RUN3_V1/raw/MONASH/hf_MONASH_job837.root
SIGMAB_COUNTS tag=MONASH species=Sigma_b0 pdg=5212 slice=eta_1_2 p=4 a=4 file=/data/alice/ipardoza/hadronization_production/HF_RUN3_V1/raw/MONASH/hf_MONASH_job837.root
SIGMAB_COUNTS tag=MONASH species=Sigma_b0 pdg=5212 slice=eta_ge_2 p=20 a=12 file=/data/alice/ipardoza/hadronization_production/HF_RUN3_V1/raw/MONASH/hf_MONASH_job837.root
SIGMAB_COUNTS tag=MONASH species=Sigma_b- pdg=5112 slice=all p=44 a=26 file=/data/alice/ipardoza/hadronization_production/HF_RUN3_V1/raw/MONASH/hf_MONASH_job837.root
SIGMAB_COUNTS tag=MONASH species=Sigma_b- pdg=5112 slice=eta_lt_1 p=6 a=3 file=/data/alice/ipardoza/hadronization_production/HF_RUN3_V1/raw/MONASH/hf_MONASH_job837.root
SIGMAB_COUNTS tag=MONASH species=Sigma_b- pdg=5112 slice=eta_1_2 p=9 a=9 file=/data/alice/ipardoza/hadronization_production/HF_RUN3_V1/raw/MONASH/hf_MONASH_job837.root
SIGMAB_COUNTS tag=MONASH species=Sigma_b- pdg=5112 slice=eta_ge_2 p=29 a=14 file=/data/alice/ipardoza/hadronization_production/HF_RUN3_V1/raw/MONASH/hf_MONASH_job837.root
SIGMAB_COUNTS tag=MONASH species=Sigma*_b+ pdg=5224 slice=all p=45 a=55 file=/data/alice/ipardoza/hadronization_production/HF_RUN3_V1/raw/MONASH/hf_MONASH_job837.root
SIGMAB_COUNTS tag=MONASH species=Sigma*_b+ pdg=5224 slice=eta_lt_1 p=7 a=9 file=/data/alice/ipardoza/hadronization_production/HF_RUN3_V1/raw/MONASH/hf_MONASH_job837.root
SIGMAB_COUNTS tag=MONASH species=Sigma*_b+ pdg=5224 slice=eta_1_2 p=8 a=16 file=/data/alice/ipardoza/hadronization_production/HF_RUN3_V1/raw/MONASH/hf_MONASH_job837.root
SIGMAB_COUNTS tag=MONASH species=Sigma*_b+ pdg=5224 slice=eta_ge_2 p=30 a=30 file=/data/alice/ipardoza/hadronization_production/HF_RUN3_V1/raw/MONASH/hf_MONASH_job837.root
SIGMAB_COUNTS tag=MONASH species=Sigma*_b0 pdg=5214 slice=all p=67 a=41 file=/data/alice/ipardoza/hadronization_production/HF_RUN3_V1/raw/MONASH/hf_MONASH_job837.root
SIGMAB_COUNTS tag=MONASH species=Sigma*_b0 pdg=5214 slice=eta_lt_1 p=12 a=8 file=/data/alice/ipardoza/hadronization_production/HF_RUN3_V1/raw/MONASH/hf_MONASH_job837.root
SIGMAB_COUNTS tag=MONASH species=Sigma*_b0 pdg=5214 slice=eta_1_2 p=15 a=10 file=/data/alice/ipardoza/hadronization_production/HF_RUN3_V1/raw/MONASH/hf_MONASH_job837.root
SIGMAB_COUNTS tag=MONASH species=Sigma*_b0 pdg=5214 slice=eta_ge_2 p=40 a=23 file=/data/alice/ipardoza/hadronization_production/HF_RUN3_V1/raw/MONASH/hf_MONASH_job837.root
SIGMAB_COUNTS tag=MONASH species=Sigma*_b- pdg=5114 slice=all p=46 a=28 file=/data/alice/ipardoza/hadronization_production/HF_RUN3_V1/raw/MONASH/hf_MONASH_job837.root
SIGMAB_COUNTS tag=MONASH species=Sigma*_b- pdg=5114 slice=eta_lt_1 p=6 a=3 file=/data/alice/ipardoza/hadronization_production/HF_RUN3_V1/raw/MONASH/hf_MONASH_job837.root
SIGMAB_COUNTS tag=MONASH species=Sigma*_b- pdg=5114 slice=eta_1_2 p=12 a=8 file=/data/alice/ipardoza/hadronization_production/HF_RUN3_V1/raw/MONASH/hf_MONASH_job837.root
SIGMAB_COUNTS tag=MONASH species=Sigma*_b- pdg=5114 slice=eta_ge_2 p=28 a=17 file=/data/alice/ipardoza/hadronization_production/HF_RUN3_V1/raw/MONASH/hf_MONASH_job837.root
SIGMAB_COUNTS tag=MONASH species=Lambda_b0 pdg=5122 slice=all p=305 a=298 file=/data/alice/ipardoza/hadronization_production/HF_RUN3_V1/raw/MONASH/hf_MONASH_job837.root
SIGMAB_COUNTS tag=MONASH species=Lambda_b0 pdg=5122 slice=eta_lt_1 p=60 a=43 file=/data/alice/ipardoza/hadronization_production/HF_RUN3_V1/raw/MONASH/hf_MONASH_job837.root
SIGMAB_COUNTS tag=MONASH species=Lambda_b0 pdg=5122 slice=eta_1_2 p=71 a=70 file=/data/alice/ipardoza/hadronization_production/HF_RUN3_V1/raw/MONASH/hf_MONASH_job837.root
SIGMAB_COUNTS tag=MONASH species=Lambda_b0 pdg=5122 slice=eta_ge_2 p=174 a=185 file=/data/alice/ipardoza/hadronization_production/HF_RUN3_V1/raw/MONASH/hf_MONASH_job837.root
SIGMAB_COUNTS tag=MONASH species=Xi_b0 pdg=5232 slice=all p=40 a=56 file=/data/alice/ipardoza/hadronization_production/HF_RUN3_V1/raw/MONASH/hf_MONASH_job837.root
SIGMAB_COUNTS tag=MONASH species=Xi_b0 pdg=5232 slice=eta_lt_1 p=6 a=7 file=/data/alice/ipardoza/hadronization_production/HF_RUN3_V1/raw/MONASH/hf_MONASH_job837.root
SIGMAB_COUNTS tag=MONASH species=Xi_b0 pdg=5232 slice=eta_1_2 p=10 a=13 file=/data/alice/ipardoza/hadronization_production/HF_RUN3_V1/raw/MONASH/hf_MONASH_job837.root
SIGMAB_COUNTS tag=MONASH species=Xi_b0 pdg=5232 slice=eta_ge_2 p=24 a=36 file=/data/alice/ipardoza/hadronization_production/HF_RUN3_V1/raw/MONASH/hf_MONASH_job837.root
SIGMAB_COUNTS tag=MONASH species=Xi_b- pdg=5132 slice=all p=50 a=47 file=/data/alice/ipardoza/hadronization_production/HF_RUN3_V1/raw/MONASH/hf_MONASH_job837.root
SIGMAB_COUNTS tag=MONASH species=Xi_b- pdg=5132 slice=eta_lt_1 p=9 a=8 file=/data/alice/ipardoza/hadronization_production/HF_RUN3_V1/raw/MONASH/hf_MONASH_job837.root
SIGMAB_COUNTS tag=MONASH species=Xi_b- pdg=5132 slice=eta_1_2 p=7 a=14 file=/data/alice/ipardoza/hadronization_production/HF_RUN3_V1/raw/MONASH/hf_MONASH_job837.root
SIGMAB_COUNTS tag=MONASH species=Xi_b- pdg=5132 slice=eta_ge_2 p=34 a=25 file=/data/alice/ipardoza/hadronization_production/HF_RUN3_V1/raw/MONASH/hf_MONASH_job837.root
SIGMAB_COUNTS tag=MONASH species=Sigma_b+ pdg=5222 slice=all p=38 a=25 file=/data/alice/ipardoza/hadronization_production/HF_RUN3_V1/raw/MONASH/hf_MONASH_job838.root
SIGMAB_COUNTS tag=MONASH species=Sigma_b+ pdg=5222 slice=eta_lt_1 p=6 a=4 file=/data/alice/ipardoza/hadronization_production/HF_RUN3_V1/raw/MONASH/hf_MONASH_job838.root
SIGMAB_COUNTS tag=MONASH species=Sigma_b+ pdg=5222 slice=eta_1_2 p=6 a=3 file=/data/alice/ipardoza/hadronization_production/HF_RUN3_V1/raw/MONASH/hf_MONASH_job838.root
SIGMAB_COUNTS tag=MONASH species=Sigma_b+ pdg=5222 slice=eta_ge_2 p=26 a=18 file=/data/alice/ipardoza/hadronization_production/HF_RUN3_V1/raw/MONASH/hf_MONASH_job838.root
SIGMAB_COUNTS tag=MONASH species=Sigma_b0 pdg=5212 slice=all p=35 a=20 file=/data/alice/ipardoza/hadronization_production/HF_RUN3_V1/raw/MONASH/hf_MONASH_job838.root
SIGMAB_COUNTS tag=MONASH species=Sigma_b0 pdg=5212 slice=eta_lt_1 p=12 a=3 file=/data/alice/ipardoza/hadronization_production/HF_RUN3_V1/raw/MONASH/hf_MONASH_job838.root
SIGMAB_COUNTS tag=MONASH species=Sigma_b0 pdg=5212 slice=eta_1_2 p=7 a=5 file=/data/alice/ipardoza/hadronization_production/HF_RUN3_V1/raw/MONASH/hf_MONASH_job838.root
SIGMAB_COUNTS tag=MONASH species=Sigma_b0 pdg=5212 slice=eta_ge_2 p=16 a=12 file=/data/alice/ipardoza/hadronization_production/HF_RUN3_V1/raw/MONASH/hf_MONASH_job838.root
SIGMAB_COUNTS tag=MONASH species=Sigma_b- pdg=5112 slice=all p=24 a=19 file=/data/alice/ipardoza/hadronization_production/HF_RUN3_V1/raw/MONASH/hf_MONASH_job838.root
SIGMAB_COUNTS tag=MONASH species=Sigma_b- pdg=5112 slice=eta_lt_1 p=3 a=4 file=/data/alice/ipardoza/hadronization_production/HF_RUN3_V1/raw/MONASH/hf_MONASH_job838.root
SIGMAB_COUNTS tag=MONASH species=Sigma_b- pdg=5112 slice=eta_1_2 p=6 a=4 file=/data/alice/ipardoza/hadronization_production/HF_RUN3_V1/raw/MONASH/hf_MONASH_job838.root
SIGMAB_COUNTS tag=MONASH species=Sigma_b- pdg=5112 slice=eta_ge_2 p=15 a=11 file=/data/alice/ipardoza/hadronization_production/HF_RUN3_V1/raw/MONASH/hf_MONASH_job838.root
SIGMAB_COUNTS tag=MONASH species=Sigma*_b+ pdg=5224 slice=all p=48 a=41 file=/data/alice/ipardoza/hadronization_production/HF_RUN3_V1/raw/MONASH/hf_MONASH_job838.root
SIGMAB_COUNTS tag=MONASH species=Sigma*_b+ pdg=5224 slice=eta_lt_1 p=3 a=7 file=/data/alice/ipardoza/hadronization_production/HF_RUN3_V1/raw/MONASH/hf_MONASH_job838.root
SIGMAB_COUNTS tag=MONASH species=Sigma*_b+ pdg=5224 slice=eta_1_2 p=13 a=11 file=/data/alice/ipardoza/hadronization_production/HF_RUN3_V1/raw/MONASH/hf_MONASH_job838.root
SIGMAB_COUNTS tag=MONASH species=Sigma*_b+ pdg=5224 slice=eta_ge_2 p=32 a=23 file=/data/alice/ipardoza/hadronization_production/HF_RUN3_V1/raw/MONASH/hf_MONASH_job838.root
SIGMAB_COUNTS tag=MONASH species=Sigma*_b0 pdg=5214 slice=all p=61 a=48 file=/data/alice/ipardoza/hadronization_production/HF_RUN3_V1/raw/MONASH/hf_MONASH_job838.root
SIGMAB_COUNTS tag=MONASH species=Sigma*_b0 pdg=5214 slice=eta_lt_1 p=10 a=10 file=/data/alice/ipardoza/hadronization_production/HF_RUN3_V1/raw/MONASH/hf_MONASH_job838.root
SIGMAB_COUNTS tag=MONASH species=Sigma*_b0 pdg=5214 slice=eta_1_2 p=11 a=13 file=/data/alice/ipardoza/hadronization_production/HF_RUN3_V1/raw/MONASH/hf_MONASH_job838.root
SIGMAB_COUNTS tag=MONASH species=Sigma*_b0 pdg=5214 slice=eta_ge_2 p=40 a=25 file=/data/alice/ipardoza/hadronization_production/HF_RUN3_V1/raw/MONASH/hf_MONASH_job838.root
SIGMAB_COUNTS tag=MONASH species=Sigma*_b- pdg=5114 slice=all p=49 a=40 file=/data/alice/ipardoza/hadronization_production/HF_RUN3_V1/raw/MONASH/hf_MONASH_job838.root
SIGMAB_COUNTS tag=MONASH species=Sigma*_b- pdg=5114 slice=eta_lt_1 p=7 a=10 file=/data/alice/ipardoza/hadronization_production/HF_RUN3_V1/raw/MONASH/hf_MONASH_job838.root
SIGMAB_COUNTS tag=MONASH species=Sigma*_b- pdg=5114 slice=eta_1_2 p=8 a=3 file=/data/alice/ipardoza/hadronization_production/HF_RUN3_V1/raw/MONASH/hf_MONASH_job838.root
SIGMAB_COUNTS tag=MONASH species=Sigma*_b- pdg=5114 slice=eta_ge_2 p=34 a=27 file=/data/alice/ipardoza/hadronization_production/HF_RUN3_V1/raw/MONASH/hf_MONASH_job838.root
SIGMAB_COUNTS tag=MONASH species=Lambda_b0 pdg=5122 slice=all p=312 a=358 file=/data/alice/ipardoza/hadronization_production/HF_RUN3_V1/raw/MONASH/hf_MONASH_job838.root
SIGMAB_COUNTS tag=MONASH species=Lambda_b0 pdg=5122 slice=eta_lt_1 p=60 a=67 file=/data/alice/ipardoza/hadronization_production/HF_RUN3_V1/raw/MONASH/hf_MONASH_job838.root
SIGMAB_COUNTS tag=MONASH species=Lambda_b0 pdg=5122 slice=eta_1_2 p=54 a=87 file=/data/alice/ipardoza/hadronization_production/HF_RUN3_V1/raw/MONASH/hf_MONASH_job838.root
SIGMAB_COUNTS tag=MONASH species=Lambda_b0 pdg=5122 slice=eta_ge_2 p=198 a=204 file=/data/alice/ipardoza/hadronization_production/HF_RUN3_V1/raw/MONASH/hf_MONASH_job838.root
SIGMAB_COUNTS tag=MONASH species=Xi_b0 pdg=5232 slice=all p=58 a=49 file=/data/alice/ipardoza/hadronization_production/HF_RUN3_V1/raw/MONASH/hf_MONASH_job838.root
SIGMAB_COUNTS tag=MONASH species=Xi_b0 pdg=5232 slice=eta_lt_1 p=13 a=12 file=/data/alice/ipardoza/hadronization_production/HF_RUN3_V1/raw/MONASH/hf_MONASH_job838.root
SIGMAB_COUNTS tag=MONASH species=Xi_b0 pdg=5232 slice=eta_1_2 p=8 a=8 file=/data/alice/ipardoza/hadronization_production/HF_RUN3_V1/raw/MONASH/hf_MONASH_job838.root
SIGMAB_COUNTS tag=MONASH species=Xi_b0 pdg=5232 slice=eta_ge_2 p=37 a=29 file=/data/alice/ipardoza/hadronization_production/HF_RUN3_V1/raw/MONASH/hf_MONASH_job838.root
SIGMAB_COUNTS tag=MONASH species=Xi_b- pdg=5132 slice=all p=54 a=64 file=/data/alice/ipardoza/hadronization_production/HF_RUN3_V1/raw/MONASH/hf_MONASH_job838.root
SIGMAB_COUNTS tag=MONASH species=Xi_b- pdg=5132 slice=eta_lt_1 p=6 a=12 file=/data/alice/ipardoza/hadronization_production/HF_RUN3_V1/raw/MONASH/hf_MONASH_job838.root
SIGMAB_COUNTS tag=MONASH species=Xi_b- pdg=5132 slice=eta_1_2 p=12 a=14 file=/data/alice/ipardoza/hadronization_production/HF_RUN3_V1/raw/MONASH/hf_MONASH_job838.root
SIGMAB_COUNTS tag=MONASH species=Xi_b- pdg=5132 slice=eta_ge_2 p=36 a=38 file=/data/alice/ipardoza/hadronization_production/HF_RUN3_V1/raw/MONASH/hf_MONASH_job838.root
SIGMAB_COUNTS tag=MONASH species=Sigma_b+ pdg=5222 slice=all p=27 a=20 file=/data/alice/ipardoza/hadronization_production/HF_RUN3_V1/raw/MONASH/hf_MONASH_job839.root
SIGMAB_COUNTS tag=MONASH species=Sigma_b+ pdg=5222 slice=eta_lt_1 p=7 a=3 file=/data/alice/ipardoza/hadronization_production/HF_RUN3_V1/raw/MONASH/hf_MONASH_job839.root
SIGMAB_COUNTS tag=MONASH species=Sigma_b+ pdg=5222 slice=eta_1_2 p=7 a=3 file=/data/alice/ipardoza/hadronization_production/HF_RUN3_V1/raw/MONASH/hf_MONASH_job839.root
SIGMAB_COUNTS tag=MONASH species=Sigma_b+ pdg=5222 slice=eta_ge_2 p=13 a=14 file=/data/alice/ipardoza/hadronization_production/HF_RUN3_V1/raw/MONASH/hf_MONASH_job839.root
SIGMAB_COUNTS tag=MONASH species=Sigma_b0 pdg=5212 slice=all p=37 a=19 file=/data/alice/ipardoza/hadronization_production/HF_RUN3_V1/raw/MONASH/hf_MONASH_job839.root
SIGMAB_COUNTS tag=MONASH species=Sigma_b0 pdg=5212 slice=eta_lt_1 p=4 a=7 file=/data/alice/ipardoza/hadronization_production/HF_RUN3_V1/raw/MONASH/hf_MONASH_job839.root
SIGMAB_COUNTS tag=MONASH species=Sigma_b0 pdg=5212 slice=eta_1_2 p=6 a=4 file=/data/alice/ipardoza/hadronization_production/HF_RUN3_V1/raw/MONASH/hf_MONASH_job839.root
SIGMAB_COUNTS tag=MONASH species=Sigma_b0 pdg=5212 slice=eta_ge_2 p=27 a=8 file=/data/alice/ipardoza/hadronization_production/HF_RUN3_V1/raw/MONASH/hf_MONASH_job839.root
SIGMAB_COUNTS tag=MONASH species=Sigma_b- pdg=5112 slice=all p=30 a=26 file=/data/alice/ipardoza/hadronization_production/HF_RUN3_V1/raw/MONASH/hf_MONASH_job839.root
SIGMAB_COUNTS tag=MONASH species=Sigma_b- pdg=5112 slice=eta_lt_1 p=5 a=4 file=/data/alice/ipardoza/hadronization_production/HF_RUN3_V1/raw/MONASH/hf_MONASH_job839.root
SIGMAB_COUNTS tag=MONASH species=Sigma_b- pdg=5112 slice=eta_1_2 p=7 a=7 file=/data/alice/ipardoza/hadronization_production/HF_RUN3_V1/raw/MONASH/hf_MONASH_job839.root
SIGMAB_COUNTS tag=MONASH species=Sigma_b- pdg=5112 slice=eta_ge_2 p=18 a=15 file=/data/alice/ipardoza/hadronization_production/HF_RUN3_V1/raw/MONASH/hf_MONASH_job839.root
SIGMAB_COUNTS tag=MONASH species=Sigma*_b+ pdg=5224 slice=all p=45 a=49 file=/data/alice/ipardoza/hadronization_production/HF_RUN3_V1/raw/MONASH/hf_MONASH_job839.root
SIGMAB_COUNTS tag=MONASH species=Sigma*_b+ pdg=5224 slice=eta_lt_1 p=6 a=9 file=/data/alice/ipardoza/hadronization_production/HF_RUN3_V1/raw/MONASH/hf_MONASH_job839.root
SIGMAB_COUNTS tag=MONASH species=Sigma*_b+ pdg=5224 slice=eta_1_2 p=8 a=7 file=/data/alice/ipardoza/hadronization_production/HF_RUN3_V1/raw/MONASH/hf_MONASH_job839.root
SIGMAB_COUNTS tag=MONASH species=Sigma*_b+ pdg=5224 slice=eta_ge_2 p=31 a=33 file=/data/alice/ipardoza/hadronization_production/HF_RUN3_V1/raw/MONASH/hf_MONASH_job839.root
SIGMAB_COUNTS tag=MONASH species=Sigma*_b0 pdg=5214 slice=all p=58 a=40 file=/data/alice/ipardoza/hadronization_production/HF_RUN3_V1/raw/MONASH/hf_MONASH_job839.root
SIGMAB_COUNTS tag=MONASH species=Sigma*_b0 pdg=5214 slice=eta_lt_1 p=12 a=9 file=/data/alice/ipardoza/hadronization_production/HF_RUN3_V1/raw/MONASH/hf_MONASH_job839.root
SIGMAB_COUNTS tag=MONASH species=Sigma*_b0 pdg=5214 slice=eta_1_2 p=6 a=6 file=/data/alice/ipardoza/hadronization_production/HF_RUN3_V1/raw/MONASH/hf_MONASH_job839.root
SIGMAB_COUNTS tag=MONASH species=Sigma*_b0 pdg=5214 slice=eta_ge_2 p=40 a=25 file=/data/alice/ipardoza/hadronization_production/HF_RUN3_V1/raw/MONASH/hf_MONASH_job839.root
SIGMAB_COUNTS tag=MONASH species=Sigma*_b- pdg=5114 slice=all p=55 a=32 file=/data/alice/ipardoza/hadronization_production/HF_RUN3_V1/raw/MONASH/hf_MONASH_job839.root
SIGMAB_COUNTS tag=MONASH species=Sigma*_b- pdg=5114 slice=eta_lt_1 p=3 a=10 file=/data/alice/ipardoza/hadronization_production/HF_RUN3_V1/raw/MONASH/hf_MONASH_job839.root
SIGMAB_COUNTS tag=MONASH species=Sigma*_b- pdg=5114 slice=eta_1_2 p=12 a=4 file=/data/alice/ipardoza/hadronization_production/HF_RUN3_V1/raw/MONASH/hf_MONASH_job839.root
SIGMAB_COUNTS tag=MONASH species=Sigma*_b- pdg=5114 slice=eta_ge_2 p=40 a=18 file=/data/alice/ipardoza/hadronization_production/HF_RUN3_V1/raw/MONASH/hf_MONASH_job839.root
SIGMAB_COUNTS tag=MONASH species=Lambda_b0 pdg=5122 slice=all p=327 a=266 file=/data/alice/ipardoza/hadronization_production/HF_RUN3_V1/raw/MONASH/hf_MONASH_job839.root
SIGMAB_COUNTS tag=MONASH species=Lambda_b0 pdg=5122 slice=eta_lt_1 p=60 a=47 file=/data/alice/ipardoza/hadronization_production/HF_RUN3_V1/raw/MONASH/hf_MONASH_job839.root
SIGMAB_COUNTS tag=MONASH species=Lambda_b0 pdg=5122 slice=eta_1_2 p=76 a=52 file=/data/alice/ipardoza/hadronization_production/HF_RUN3_V1/raw/MONASH/hf_MONASH_job839.root
SIGMAB_COUNTS tag=MONASH species=Lambda_b0 pdg=5122 slice=eta_ge_2 p=191 a=167 file=/data/alice/ipardoza/hadronization_production/HF_RUN3_V1/raw/MONASH/hf_MONASH_job839.root
SIGMAB_COUNTS tag=MONASH species=Xi_b0 pdg=5232 slice=all p=55 a=49 file=/data/alice/ipardoza/hadronization_production/HF_RUN3_V1/raw/MONASH/hf_MONASH_job839.root
SIGMAB_COUNTS tag=MONASH species=Xi_b0 pdg=5232 slice=eta_lt_1 p=12 a=13 file=/data/alice/ipardoza/hadronization_production/HF_RUN3_V1/raw/MONASH/hf_MONASH_job839.root
SIGMAB_COUNTS tag=MONASH species=Xi_b0 pdg=5232 slice=eta_1_2 p=7 a=11 file=/data/alice/ipardoza/hadronization_production/HF_RUN3_V1/raw/MONASH/hf_MONASH_job839.root
SIGMAB_COUNTS tag=MONASH species=Xi_b0 pdg=5232 slice=eta_ge_2 p=36 a=25 file=/data/alice/ipardoza/hadronization_production/HF_RUN3_V1/raw/MONASH/hf_MONASH_job839.root
SIGMAB_COUNTS tag=MONASH species=Xi_b- pdg=5132 slice=all p=58 a=56 file=/data/alice/ipardoza/hadronization_production/HF_RUN3_V1/raw/MONASH/hf_MONASH_job839.root
SIGMAB_COUNTS tag=MONASH species=Xi_b- pdg=5132 slice=eta_lt_1 p=15 a=3 file=/data/alice/ipardoza/hadronization_production/HF_RUN3_V1/raw/MONASH/hf_MONASH_job839.root
SIGMAB_COUNTS tag=MONASH species=Xi_b- pdg=5132 slice=eta_1_2 p=10 a=11 file=/data/alice/ipardoza/hadronization_production/HF_RUN3_V1/raw/MONASH/hf_MONASH_job839.root
SIGMAB_COUNTS tag=MONASH species=Xi_b- pdg=5132 slice=eta_ge_2 p=33 a=42 file=/data/alice/ipardoza/hadronization_production/HF_RUN3_V1/raw/MONASH/hf_MONASH_job839.root
SIGMAB_COUNTS tag=MONASH species=Sigma_b+ pdg=5222 slice=all p=24 a=27 file=/data/alice/ipardoza/hadronization_production/HF_RUN3_V1/raw/MONASH/hf_MONASH_job840.root
SIGMAB_COUNTS tag=MONASH species=Sigma_b+ pdg=5222 slice=eta_lt_1 p=2 a=2 file=/data/alice/ipardoza/hadronization_production/HF_RUN3_V1/raw/MONASH/hf_MONASH_job840.root
SIGMAB_COUNTS tag=MONASH species=Sigma_b+ pdg=5222 slice=eta_1_2 p=6 a=9 file=/data/alice/ipardoza/hadronization_production/HF_RUN3_V1/raw/MONASH/hf_MONASH_job840.root
SIGMAB_COUNTS tag=MONASH species=Sigma_b+ pdg=5222 slice=eta_ge_2 p=16 a=16 file=/data/alice/ipardoza/hadronization_production/HF_RUN3_V1/raw/MONASH/hf_MONASH_job840.root
SIGMAB_COUNTS tag=MONASH species=Sigma_b0 pdg=5212 slice=all p=42 a=13 file=/data/alice/ipardoza/hadronization_production/HF_RUN3_V1/raw/MONASH/hf_MONASH_job840.root
SIGMAB_COUNTS tag=MONASH species=Sigma_b0 pdg=5212 slice=eta_lt_1 p=6 a=5 file=/data/alice/ipardoza/hadronization_production/HF_RUN3_V1/raw/MONASH/hf_MONASH_job840.root
SIGMAB_COUNTS tag=MONASH species=Sigma_b0 pdg=5212 slice=eta_1_2 p=5 a=2 file=/data/alice/ipardoza/hadronization_production/HF_RUN3_V1/raw/MONASH/hf_MONASH_job840.root
SIGMAB_COUNTS tag=MONASH species=Sigma_b0 pdg=5212 slice=eta_ge_2 p=31 a=6 file=/data/alice/ipardoza/hadronization_production/HF_RUN3_V1/raw/MONASH/hf_MONASH_job840.root
SIGMAB_COUNTS tag=MONASH species=Sigma_b- pdg=5112 slice=all p=34 a=20 file=/data/alice/ipardoza/hadronization_production/HF_RUN3_V1/raw/MONASH/hf_MONASH_job840.root
SIGMAB_COUNTS tag=MONASH species=Sigma_b- pdg=5112 slice=eta_lt_1 p=5 a=2 file=/data/alice/ipardoza/hadronization_production/HF_RUN3_V1/raw/MONASH/hf_MONASH_job840.root
SIGMAB_COUNTS tag=MONASH species=Sigma_b- pdg=5112 slice=eta_1_2 p=4 a=8 file=/data/alice/ipardoza/hadronization_production/HF_RUN3_V1/raw/MONASH/hf_MONASH_job840.root
SIGMAB_COUNTS tag=MONASH species=Sigma_b- pdg=5112 slice=eta_ge_2 p=25 a=10 file=/data/alice/ipardoza/hadronization_production/HF_RUN3_V1/raw/MONASH/hf_MONASH_job840.root
SIGMAB_COUNTS tag=MONASH species=Sigma*_b+ pdg=5224 slice=all p=47 a=44 file=/data/alice/ipardoza/hadronization_production/HF_RUN3_V1/raw/MONASH/hf_MONASH_job840.root
SIGMAB_COUNTS tag=MONASH species=Sigma*_b+ pdg=5224 slice=eta_lt_1 p=8 a=7 file=/data/alice/ipardoza/hadronization_production/HF_RUN3_V1/raw/MONASH/hf_MONASH_job840.root
SIGMAB_COUNTS tag=MONASH species=Sigma*_b+ pdg=5224 slice=eta_1_2 p=10 a=8 file=/data/alice/ipardoza/hadronization_production/HF_RUN3_V1/raw/MONASH/hf_MONASH_job840.root
SIGMAB_COUNTS tag=MONASH species=Sigma*_b+ pdg=5224 slice=eta_ge_2 p=29 a=29 file=/data/alice/ipardoza/hadronization_production/HF_RUN3_V1/raw/MONASH/hf_MONASH_job840.root
SIGMAB_COUNTS tag=MONASH species=Sigma*_b0 pdg=5214 slice=all p=49 a=39 file=/data/alice/ipardoza/hadronization_production/HF_RUN3_V1/raw/MONASH/hf_MONASH_job840.root
SIGMAB_COUNTS tag=MONASH species=Sigma*_b0 pdg=5214 slice=eta_lt_1 p=8 a=8 file=/data/alice/ipardoza/hadronization_production/HF_RUN3_V1/raw/MONASH/hf_MONASH_job840.root
SIGMAB_COUNTS tag=MONASH species=Sigma*_b0 pdg=5214 slice=eta_1_2 p=6 a=7 file=/data/alice/ipardoza/hadronization_production/HF_RUN3_V1/raw/MONASH/hf_MONASH_job840.root
SIGMAB_COUNTS tag=MONASH species=Sigma*_b0 pdg=5214 slice=eta_ge_2 p=35 a=24 file=/data/alice/ipardoza/hadronization_production/HF_RUN3_V1/raw/MONASH/hf_MONASH_job840.root
SIGMAB_COUNTS tag=MONASH species=Sigma*_b- pdg=5114 slice=all p=46 a=34 file=/data/alice/ipardoza/hadronization_production/HF_RUN3_V1/raw/MONASH/hf_MONASH_job840.root
SIGMAB_COUNTS tag=MONASH species=Sigma*_b- pdg=5114 slice=eta_lt_1 p=12 a=3 file=/data/alice/ipardoza/hadronization_production/HF_RUN3_V1/raw/MONASH/hf_MONASH_job840.root
SIGMAB_COUNTS tag=MONASH species=Sigma*_b- pdg=5114 slice=eta_1_2 p=7 a=5 file=/data/alice/ipardoza/hadronization_production/HF_RUN3_V1/raw/MONASH/hf_MONASH_job840.root
SIGMAB_COUNTS tag=MONASH species=Sigma*_b- pdg=5114 slice=eta_ge_2 p=27 a=26 file=/data/alice/ipardoza/hadronization_production/HF_RUN3_V1/raw/MONASH/hf_MONASH_job840.root
SIGMAB_COUNTS tag=MONASH species=Lambda_b0 pdg=5122 slice=all p=320 a=320 file=/data/alice/ipardoza/hadronization_production/HF_RUN3_V1/raw/MONASH/hf_MONASH_job840.root
SIGMAB_COUNTS tag=MONASH species=Lambda_b0 pdg=5122 slice=eta_lt_1 p=72 a=50 file=/data/alice/ipardoza/hadronization_production/HF_RUN3_V1/raw/MONASH/hf_MONASH_job840.root
SIGMAB_COUNTS tag=MONASH species=Lambda_b0 pdg=5122 slice=eta_1_2 p=69 a=70 file=/data/alice/ipardoza/hadronization_production/HF_RUN3_V1/raw/MONASH/hf_MONASH_job840.root
SIGMAB_COUNTS tag=MONASH species=Lambda_b0 pdg=5122 slice=eta_ge_2 p=179 a=200 file=/data/alice/ipardoza/hadronization_production/HF_RUN3_V1/raw/MONASH/hf_MONASH_job840.root
SIGMAB_COUNTS tag=MONASH species=Xi_b0 pdg=5232 slice=all p=54 a=53 file=/data/alice/ipardoza/hadronization_production/HF_RUN3_V1/raw/MONASH/hf_MONASH_job840.root
SIGMAB_COUNTS tag=MONASH species=Xi_b0 pdg=5232 slice=eta_lt_1 p=11 a=10 file=/data/alice/ipardoza/hadronization_production/HF_RUN3_V1/raw/MONASH/hf_MONASH_job840.root
SIGMAB_COUNTS tag=MONASH species=Xi_b0 pdg=5232 slice=eta_1_2 p=8 a=11 file=/data/alice/ipardoza/hadronization_production/HF_RUN3_V1/raw/MONASH/hf_MONASH_job840.root
SIGMAB_COUNTS tag=MONASH species=Xi_b0 pdg=5232 slice=eta_ge_2 p=35 a=32 file=/data/alice/ipardoza/hadronization_production/HF_RUN3_V1/raw/MONASH/hf_MONASH_job840.root
SIGMAB_COUNTS tag=MONASH species=Xi_b- pdg=5132 slice=all p=71 a=57 file=/data/alice/ipardoza/hadronization_production/HF_RUN3_V1/raw/MONASH/hf_MONASH_job840.root
SIGMAB_COUNTS tag=MONASH species=Xi_b- pdg=5132 slice=eta_lt_1 p=13 a=11 file=/data/alice/ipardoza/hadronization_production/HF_RUN3_V1/raw/MONASH/hf_MONASH_job840.root
SIGMAB_COUNTS tag=MONASH species=Xi_b- pdg=5132 slice=eta_1_2 p=16 a=10 file=/data/alice/ipardoza/hadronization_production/HF_RUN3_V1/raw/MONASH/hf_MONASH_job840.root
SIGMAB_COUNTS tag=MONASH species=Xi_b- pdg=5132 slice=eta_ge_2 p=42 a=36 file=/data/alice/ipardoza/hadronization_production/HF_RUN3_V1/raw/MONASH/hf_MONASH_job840.root
SIGMAB_COUNTS tag=MONASH species=Sigma_b+ pdg=5222 slice=all p=33 a=23 file=/data/alice/ipardoza/hadronization_production/HF_RUN3_V1/raw/MONASH/hf_MONASH_job841.root
SIGMAB_COUNTS tag=MONASH species=Sigma_b+ pdg=5222 slice=eta_lt_1 p=8 a=5 file=/data/alice/ipardoza/hadronization_production/HF_RUN3_V1/raw/MONASH/hf_MONASH_job841.root
SIGMAB_COUNTS tag=MONASH species=Sigma_b+ pdg=5222 slice=eta_1_2 p=5 a=3 file=/data/alice/ipardoza/hadronization_production/HF_RUN3_V1/raw/MONASH/hf_MONASH_job841.root
SIGMAB_COUNTS tag=MONASH species=Sigma_b+ pdg=5222 slice=eta_ge_2 p=20 a=15 file=/data/alice/ipardoza/hadronization_production/HF_RUN3_V1/raw/MONASH/hf_MONASH_job841.root
SIGMAB_COUNTS tag=MONASH species=Sigma_b0 pdg=5212 slice=all p=42 a=16 file=/data/alice/ipardoza/hadronization_production/HF_RUN3_V1/raw/MONASH/hf_MONASH_job841.root
SIGMAB_COUNTS tag=MONASH species=Sigma_b0 pdg=5212 slice=eta_lt_1 p=3 a=4 file=/data/alice/ipardoza/hadronization_production/HF_RUN3_V1/raw/MONASH/hf_MONASH_job841.root
SIGMAB_COUNTS tag=MONASH species=Sigma_b0 pdg=5212 slice=eta_1_2 p=10 a=7 file=/data/alice/ipardoza/hadronization_production/HF_RUN3_V1/raw/MONASH/hf_MONASH_job841.root
SIGMAB_COUNTS tag=MONASH species=Sigma_b0 pdg=5212 slice=eta_ge_2 p=29 a=5 file=/data/alice/ipardoza/hadronization_production/HF_RUN3_V1/raw/MONASH/hf_MONASH_job841.root
SIGMAB_COUNTS tag=MONASH species=Sigma_b- pdg=5112 slice=all p=34 a=20 file=/data/alice/ipardoza/hadronization_production/HF_RUN3_V1/raw/MONASH/hf_MONASH_job841.root
SIGMAB_COUNTS tag=MONASH species=Sigma_b- pdg=5112 slice=eta_lt_1 p=4 a=7 file=/data/alice/ipardoza/hadronization_production/HF_RUN3_V1/raw/MONASH/hf_MONASH_job841.root
SIGMAB_COUNTS tag=MONASH species=Sigma_b- pdg=5112 slice=eta_1_2 p=7 a=3 file=/data/alice/ipardoza/hadronization_production/HF_RUN3_V1/raw/MONASH/hf_MONASH_job841.root
SIGMAB_COUNTS tag=MONASH species=Sigma_b- pdg=5112 slice=eta_ge_2 p=23 a=10 file=/data/alice/ipardoza/hadronization_production/HF_RUN3_V1/raw/MONASH/hf_MONASH_job841.root
SIGMAB_COUNTS tag=MONASH species=Sigma*_b+ pdg=5224 slice=all p=63 a=46 file=/data/alice/ipardoza/hadronization_production/HF_RUN3_V1/raw/MONASH/hf_MONASH_job841.root
SIGMAB_COUNTS tag=MONASH species=Sigma*_b+ pdg=5224 slice=eta_lt_1 p=13 a=10 file=/data/alice/ipardoza/hadronization_production/HF_RUN3_V1/raw/MONASH/hf_MONASH_job841.root
SIGMAB_COUNTS tag=MONASH species=Sigma*_b+ pdg=5224 slice=eta_1_2 p=13 a=6 file=/data/alice/ipardoza/hadronization_production/HF_RUN3_V1/raw/MONASH/hf_MONASH_job841.root
SIGMAB_COUNTS tag=MONASH species=Sigma*_b+ pdg=5224 slice=eta_ge_2 p=37 a=30 file=/data/alice/ipardoza/hadronization_production/HF_RUN3_V1/raw/MONASH/hf_MONASH_job841.root
SIGMAB_COUNTS tag=MONASH species=Sigma*_b0 pdg=5214 slice=all p=43 a=39 file=/data/alice/ipardoza/hadronization_production/HF_RUN3_V1/raw/MONASH/hf_MONASH_job841.root
SIGMAB_COUNTS tag=MONASH species=Sigma*_b0 pdg=5214 slice=eta_lt_1 p=14 a=7 file=/data/alice/ipardoza/hadronization_production/HF_RUN3_V1/raw/MONASH/hf_MONASH_job841.root
SIGMAB_COUNTS tag=MONASH species=Sigma*_b0 pdg=5214 slice=eta_1_2 p=5 a=9 file=/data/alice/ipardoza/hadronization_production/HF_RUN3_V1/raw/MONASH/hf_MONASH_job841.root
SIGMAB_COUNTS tag=MONASH species=Sigma*_b0 pdg=5214 slice=eta_ge_2 p=24 a=23 file=/data/alice/ipardoza/hadronization_production/HF_RUN3_V1/raw/MONASH/hf_MONASH_job841.root
SIGMAB_COUNTS tag=MONASH species=Sigma*_b- pdg=5114 slice=all p=68 a=40 file=/data/alice/ipardoza/hadronization_production/HF_RUN3_V1/raw/MONASH/hf_MONASH_job841.root
SIGMAB_COUNTS tag=MONASH species=Sigma*_b- pdg=5114 slice=eta_lt_1 p=15 a=3 file=/data/alice/ipardoza/hadronization_production/HF_RUN3_V1/raw/MONASH/hf_MONASH_job841.root
SIGMAB_COUNTS tag=MONASH species=Sigma*_b- pdg=5114 slice=eta_1_2 p=13 a=9 file=/data/alice/ipardoza/hadronization_production/HF_RUN3_V1/raw/MONASH/hf_MONASH_job841.root
SIGMAB_COUNTS tag=MONASH species=Sigma*_b- pdg=5114 slice=eta_ge_2 p=40 a=28 file=/data/alice/ipardoza/hadronization_production/HF_RUN3_V1/raw/MONASH/hf_MONASH_job841.root
SIGMAB_COUNTS tag=MONASH species=Lambda_b0 pdg=5122 slice=all p=316 a=301 file=/data/alice/ipardoza/hadronization_production/HF_RUN3_V1/raw/MONASH/hf_MONASH_job841.root
SIGMAB_COUNTS tag=MONASH species=Lambda_b0 pdg=5122 slice=eta_lt_1 p=57 a=54 file=/data/alice/ipardoza/hadronization_production/HF_RUN3_V1/raw/MONASH/hf_MONASH_job841.root
SIGMAB_COUNTS tag=MONASH species=Lambda_b0 pdg=5122 slice=eta_1_2 p=68 a=71 file=/data/alice/ipardoza/hadronization_production/HF_RUN3_V1/raw/MONASH/hf_MONASH_job841.root
SIGMAB_COUNTS tag=MONASH species=Lambda_b0 pdg=5122 slice=eta_ge_2 p=191 a=176 file=/data/alice/ipardoza/hadronization_production/HF_RUN3_V1/raw/MONASH/hf_MONASH_job841.root
SIGMAB_COUNTS tag=MONASH species=Xi_b0 pdg=5232 slice=all p=59 a=66 file=/data/alice/ipardoza/hadronization_production/HF_RUN3_V1/raw/MONASH/hf_MONASH_job841.root
SIGMAB_COUNTS tag=MONASH species=Xi_b0 pdg=5232 slice=eta_lt_1 p=10 a=17 file=/data/alice/ipardoza/hadronization_production/HF_RUN3_V1/raw/MONASH/hf_MONASH_job841.root
SIGMAB_COUNTS tag=MONASH species=Xi_b0 pdg=5232 slice=eta_1_2 p=11 a=11 file=/data/alice/ipardoza/hadronization_production/HF_RUN3_V1/raw/MONASH/hf_MONASH_job841.root
SIGMAB_COUNTS tag=MONASH species=Xi_b0 pdg=5232 slice=eta_ge_2 p=38 a=38 file=/data/alice/ipardoza/hadronization_production/HF_RUN3_V1/raw/MONASH/hf_MONASH_job841.root
SIGMAB_COUNTS tag=MONASH species=Xi_b- pdg=5132 slice=all p=52 a=53 file=/data/alice/ipardoza/hadronization_production/HF_RUN3_V1/raw/MONASH/hf_MONASH_job841.root
SIGMAB_COUNTS tag=MONASH species=Xi_b- pdg=5132 slice=eta_lt_1 p=8 a=12 file=/data/alice/ipardoza/hadronization_production/HF_RUN3_V1/raw/MONASH/hf_MONASH_job841.root
SIGMAB_COUNTS tag=MONASH species=Xi_b- pdg=5132 slice=eta_1_2 p=14 a=10 file=/data/alice/ipardoza/hadronization_production/HF_RUN3_V1/raw/MONASH/hf_MONASH_job841.root
SIGMAB_COUNTS tag=MONASH species=Xi_b- pdg=5132 slice=eta_ge_2 p=30 a=31 file=/data/alice/ipardoza/hadronization_production/HF_RUN3_V1/raw/MONASH/hf_MONASH_job841.root
SIGMAB_COUNTS tag=MONASH species=Sigma_b+ pdg=5222 slice=all p=28 a=23 file=/data/alice/ipardoza/hadronization_production/HF_RUN3_V1/raw/MONASH/hf_MONASH_job842.root
SIGMAB_COUNTS tag=MONASH species=Sigma_b+ pdg=5222 slice=eta_lt_1 p=4 a=9 file=/data/alice/ipardoza/hadronization_production/HF_RUN3_V1/raw/MONASH/hf_MONASH_job842.root
SIGMAB_COUNTS tag=MONASH species=Sigma_b+ pdg=5222 slice=eta_1_2 p=6 a=3 file=/data/alice/ipardoza/hadronization_production/HF_RUN3_V1/raw/MONASH/hf_MONASH_job842.root
SIGMAB_COUNTS tag=MONASH species=Sigma_b+ pdg=5222 slice=eta_ge_2 p=18 a=11 file=/data/alice/ipardoza/hadronization_production/HF_RUN3_V1/raw/MONASH/hf_MONASH_job842.root
SIGMAB_COUNTS tag=MONASH species=Sigma_b0 pdg=5212 slice=all p=33 a=18 file=/data/alice/ipardoza/hadronization_production/HF_RUN3_V1/raw/MONASH/hf_MONASH_job842.root
SIGMAB_COUNTS tag=MONASH species=Sigma_b0 pdg=5212 slice=eta_lt_1 p=5 a=1 file=/data/alice/ipardoza/hadronization_production/HF_RUN3_V1/raw/MONASH/hf_MONASH_job842.root
SIGMAB_COUNTS tag=MONASH species=Sigma_b0 pdg=5212 slice=eta_1_2 p=9 a=4 file=/data/alice/ipardoza/hadronization_production/HF_RUN3_V1/raw/MONASH/hf_MONASH_job842.root
SIGMAB_COUNTS tag=MONASH species=Sigma_b0 pdg=5212 slice=eta_ge_2 p=19 a=13 file=/data/alice/ipardoza/hadronization_production/HF_RUN3_V1/raw/MONASH/hf_MONASH_job842.root
SIGMAB_COUNTS tag=MONASH species=Sigma_b- pdg=5112 slice=all p=34 a=30 file=/data/alice/ipardoza/hadronization_production/HF_RUN3_V1/raw/MONASH/hf_MONASH_job842.root
SIGMAB_COUNTS tag=MONASH species=Sigma_b- pdg=5112 slice=eta_lt_1 p=4 a=7 file=/data/alice/ipardoza/hadronization_production/HF_RUN3_V1/raw/MONASH/hf_MONASH_job842.root
SIGMAB_COUNTS tag=MONASH species=Sigma_b- pdg=5112 slice=eta_1_2 p=6 a=6 file=/data/alice/ipardoza/hadronization_production/HF_RUN3_V1/raw/MONASH/hf_MONASH_job842.root
SIGMAB_COUNTS tag=MONASH species=Sigma_b- pdg=5112 slice=eta_ge_2 p=24 a=17 file=/data/alice/ipardoza/hadronization_production/HF_RUN3_V1/raw/MONASH/hf_MONASH_job842.root
SIGMAB_COUNTS tag=MONASH species=Sigma*_b+ pdg=5224 slice=all p=62 a=41 file=/data/alice/ipardoza/hadronization_production/HF_RUN3_V1/raw/MONASH/hf_MONASH_job842.root
SIGMAB_COUNTS tag=MONASH species=Sigma*_b+ pdg=5224 slice=eta_lt_1 p=7 a=9 file=/data/alice/ipardoza/hadronization_production/HF_RUN3_V1/raw/MONASH/hf_MONASH_job842.root
SIGMAB_COUNTS tag=MONASH species=Sigma*_b+ pdg=5224 slice=eta_1_2 p=12 a=13 file=/data/alice/ipardoza/hadronization_production/HF_RUN3_V1/raw/MONASH/hf_MONASH_job842.root
SIGMAB_COUNTS tag=MONASH species=Sigma*_b+ pdg=5224 slice=eta_ge_2 p=43 a=19 file=/data/alice/ipardoza/hadronization_production/HF_RUN3_V1/raw/MONASH/hf_MONASH_job842.root
SIGMAB_COUNTS tag=MONASH species=Sigma*_b0 pdg=5214 slice=all p=48 a=29 file=/data/alice/ipardoza/hadronization_production/HF_RUN3_V1/raw/MONASH/hf_MONASH_job842.root
SIGMAB_COUNTS tag=MONASH species=Sigma*_b0 pdg=5214 slice=eta_lt_1 p=9 a=6 file=/data/alice/ipardoza/hadronization_production/HF_RUN3_V1/raw/MONASH/hf_MONASH_job842.root
SIGMAB_COUNTS tag=MONASH species=Sigma*_b0 pdg=5214 slice=eta_1_2 p=6 a=6 file=/data/alice/ipardoza/hadronization_production/HF_RUN3_V1/raw/MONASH/hf_MONASH_job842.root
SIGMAB_COUNTS tag=MONASH species=Sigma*_b0 pdg=5214 slice=eta_ge_2 p=33 a=17 file=/data/alice/ipardoza/hadronization_production/HF_RUN3_V1/raw/MONASH/hf_MONASH_job842.root
SIGMAB_COUNTS tag=MONASH species=Sigma*_b- pdg=5114 slice=all p=45 a=37 file=/data/alice/ipardoza/hadronization_production/HF_RUN3_V1/raw/MONASH/hf_MONASH_job842.root
SIGMAB_COUNTS tag=MONASH species=Sigma*_b- pdg=5114 slice=eta_lt_1 p=2 a=10 file=/data/alice/ipardoza/hadronization_production/HF_RUN3_V1/raw/MONASH/hf_MONASH_job842.root
SIGMAB_COUNTS tag=MONASH species=Sigma*_b- pdg=5114 slice=eta_1_2 p=8 a=7 file=/data/alice/ipardoza/hadronization_production/HF_RUN3_V1/raw/MONASH/hf_MONASH_job842.root
SIGMAB_COUNTS tag=MONASH species=Sigma*_b- pdg=5114 slice=eta_ge_2 p=35 a=20 file=/data/alice/ipardoza/hadronization_production/HF_RUN3_V1/raw/MONASH/hf_MONASH_job842.root
SIGMAB_COUNTS tag=MONASH species=Lambda_b0 pdg=5122 slice=all p=322 a=289 file=/data/alice/ipardoza/hadronization_production/HF_RUN3_V1/raw/MONASH/hf_MONASH_job842.root
SIGMAB_COUNTS tag=MONASH species=Lambda_b0 pdg=5122 slice=eta_lt_1 p=53 a=55 file=/data/alice/ipardoza/hadronization_production/HF_RUN3_V1/raw/MONASH/hf_MONASH_job842.root
SIGMAB_COUNTS tag=MONASH species=Lambda_b0 pdg=5122 slice=eta_1_2 p=68 a=64 file=/data/alice/ipardoza/hadronization_production/HF_RUN3_V1/raw/MONASH/hf_MONASH_job842.root
SIGMAB_COUNTS tag=MONASH species=Lambda_b0 pdg=5122 slice=eta_ge_2 p=201 a=170 file=/data/alice/ipardoza/hadronization_production/HF_RUN3_V1/raw/MONASH/hf_MONASH_job842.root
SIGMAB_COUNTS tag=MONASH species=Xi_b0 pdg=5232 slice=all p=54 a=55 file=/data/alice/ipardoza/hadronization_production/HF_RUN3_V1/raw/MONASH/hf_MONASH_job842.root
SIGMAB_COUNTS tag=MONASH species=Xi_b0 pdg=5232 slice=eta_lt_1 p=11 a=8 file=/data/alice/ipardoza/hadronization_production/HF_RUN3_V1/raw/MONASH/hf_MONASH_job842.root
SIGMAB_COUNTS tag=MONASH species=Xi_b0 pdg=5232 slice=eta_1_2 p=13 a=9 file=/data/alice/ipardoza/hadronization_production/HF_RUN3_V1/raw/MONASH/hf_MONASH_job842.root
SIGMAB_COUNTS tag=MONASH species=Xi_b0 pdg=5232 slice=eta_ge_2 p=30 a=38 file=/data/alice/ipardoza/hadronization_production/HF_RUN3_V1/raw/MONASH/hf_MONASH_job842.root
SIGMAB_COUNTS tag=MONASH species=Xi_b- pdg=5132 slice=all p=55 a=42 file=/data/alice/ipardoza/hadronization_production/HF_RUN3_V1/raw/MONASH/hf_MONASH_job842.root
SIGMAB_COUNTS tag=MONASH species=Xi_b- pdg=5132 slice=eta_lt_1 p=11 a=7 file=/data/alice/ipardoza/hadronization_production/HF_RUN3_V1/raw/MONASH/hf_MONASH_job842.root
SIGMAB_COUNTS tag=MONASH species=Xi_b- pdg=5132 slice=eta_1_2 p=9 a=9 file=/data/alice/ipardoza/hadronization_production/HF_RUN3_V1/raw/MONASH/hf_MONASH_job842.root
SIGMAB_COUNTS tag=MONASH species=Xi_b- pdg=5132 slice=eta_ge_2 p=35 a=26 file=/data/alice/ipardoza/hadronization_production/HF_RUN3_V1/raw/MONASH/hf_MONASH_job842.root
SIGMAB_COUNTS tag=MONASH species=Sigma_b+ pdg=5222 slice=all p=48 a=22 file=/data/alice/ipardoza/hadronization_production/HF_RUN3_V1/raw/MONASH/hf_MONASH_job843.root
SIGMAB_COUNTS tag=MONASH species=Sigma_b+ pdg=5222 slice=eta_lt_1 p=6 a=4 file=/data/alice/ipardoza/hadronization_production/HF_RUN3_V1/raw/MONASH/hf_MONASH_job843.root
SIGMAB_COUNTS tag=MONASH species=Sigma_b+ pdg=5222 slice=eta_1_2 p=5 a=7 file=/data/alice/ipardoza/hadronization_production/HF_RUN3_V1/raw/MONASH/hf_MONASH_job843.root
SIGMAB_COUNTS tag=MONASH species=Sigma_b+ pdg=5222 slice=eta_ge_2 p=37 a=11 file=/data/alice/ipardoza/hadronization_production/HF_RUN3_V1/raw/MONASH/hf_MONASH_job843.root
SIGMAB_COUNTS tag=MONASH species=Sigma_b0 pdg=5212 slice=all p=34 a=13 file=/data/alice/ipardoza/hadronization_production/HF_RUN3_V1/raw/MONASH/hf_MONASH_job843.root
SIGMAB_COUNTS tag=MONASH species=Sigma_b0 pdg=5212 slice=eta_lt_1 p=7 a=3 file=/data/alice/ipardoza/hadronization_production/HF_RUN3_V1/raw/MONASH/hf_MONASH_job843.root
SIGMAB_COUNTS tag=MONASH species=Sigma_b0 pdg=5212 slice=eta_1_2 p=5 a=1 file=/data/alice/ipardoza/hadronization_production/HF_RUN3_V1/raw/MONASH/hf_MONASH_job843.root
SIGMAB_COUNTS tag=MONASH species=Sigma_b0 pdg=5212 slice=eta_ge_2 p=22 a=9 file=/data/alice/ipardoza/hadronization_production/HF_RUN3_V1/raw/MONASH/hf_MONASH_job843.root
SIGMAB_COUNTS tag=MONASH species=Sigma_b- pdg=5112 slice=all p=31 a=24 file=/data/alice/ipardoza/hadronization_production/HF_RUN3_V1/raw/MONASH/hf_MONASH_job843.root
SIGMAB_COUNTS tag=MONASH species=Sigma_b- pdg=5112 slice=eta_lt_1 p=3 a=3 file=/data/alice/ipardoza/hadronization_production/HF_RUN3_V1/raw/MONASH/hf_MONASH_job843.root
SIGMAB_COUNTS tag=MONASH species=Sigma_b- pdg=5112 slice=eta_1_2 p=6 a=8 file=/data/alice/ipardoza/hadronization_production/HF_RUN3_V1/raw/MONASH/hf_MONASH_job843.root
SIGMAB_COUNTS tag=MONASH species=Sigma_b- pdg=5112 slice=eta_ge_2 p=22 a=13 file=/data/alice/ipardoza/hadronization_production/HF_RUN3_V1/raw/MONASH/hf_MONASH_job843.root
SIGMAB_COUNTS tag=MONASH species=Sigma*_b+ pdg=5224 slice=all p=47 a=41 file=/data/alice/ipardoza/hadronization_production/HF_RUN3_V1/raw/MONASH/hf_MONASH_job843.root
SIGMAB_COUNTS tag=MONASH species=Sigma*_b+ pdg=5224 slice=eta_lt_1 p=10 a=8 file=/data/alice/ipardoza/hadronization_production/HF_RUN3_V1/raw/MONASH/hf_MONASH_job843.root
SIGMAB_COUNTS tag=MONASH species=Sigma*_b+ pdg=5224 slice=eta_1_2 p=11 a=10 file=/data/alice/ipardoza/hadronization_production/HF_RUN3_V1/raw/MONASH/hf_MONASH_job843.root
SIGMAB_COUNTS tag=MONASH species=Sigma*_b+ pdg=5224 slice=eta_ge_2 p=26 a=23 file=/data/alice/ipardoza/hadronization_production/HF_RUN3_V1/raw/MONASH/hf_MONASH_job843.root
SIGMAB_COUNTS tag=MONASH species=Sigma*_b0 pdg=5214 slice=all p=56 a=40 file=/data/alice/ipardoza/hadronization_production/HF_RUN3_V1/raw/MONASH/hf_MONASH_job843.root
SIGMAB_COUNTS tag=MONASH species=Sigma*_b0 pdg=5214 slice=eta_lt_1 p=9 a=3 file=/data/alice/ipardoza/hadronization_production/HF_RUN3_V1/raw/MONASH/hf_MONASH_job843.root
SIGMAB_COUNTS tag=MONASH species=Sigma*_b0 pdg=5214 slice=eta_1_2 p=12 a=12 file=/data/alice/ipardoza/hadronization_production/HF_RUN3_V1/raw/MONASH/hf_MONASH_job843.root
SIGMAB_COUNTS tag=MONASH species=Sigma*_b0 pdg=5214 slice=eta_ge_2 p=35 a=25 file=/data/alice/ipardoza/hadronization_production/HF_RUN3_V1/raw/MONASH/hf_MONASH_job843.root
SIGMAB_COUNTS tag=MONASH species=Sigma*_b- pdg=5114 slice=all p=55 a=45 file=/data/alice/ipardoza/hadronization_production/HF_RUN3_V1/raw/MONASH/hf_MONASH_job843.root
SIGMAB_COUNTS tag=MONASH species=Sigma*_b- pdg=5114 slice=eta_lt_1 p=9 a=9 file=/data/alice/ipardoza/hadronization_production/HF_RUN3_V1/raw/MONASH/hf_MONASH_job843.root
SIGMAB_COUNTS tag=MONASH species=Sigma*_b- pdg=5114 slice=eta_1_2 p=9 a=6 file=/data/alice/ipardoza/hadronization_production/HF_RUN3_V1/raw/MONASH/hf_MONASH_job843.root
SIGMAB_COUNTS tag=MONASH species=Sigma*_b- pdg=5114 slice=eta_ge_2 p=37 a=30 file=/data/alice/ipardoza/hadronization_production/HF_RUN3_V1/raw/MONASH/hf_MONASH_job843.root
SIGMAB_COUNTS tag=MONASH species=Lambda_b0 pdg=5122 slice=all p=333 a=327 file=/data/alice/ipardoza/hadronization_production/HF_RUN3_V1/raw/MONASH/hf_MONASH_job843.root
SIGMAB_COUNTS tag=MONASH species=Lambda_b0 pdg=5122 slice=eta_lt_1 p=55 a=62 file=/data/alice/ipardoza/hadronization_production/HF_RUN3_V1/raw/MONASH/hf_MONASH_job843.root
SIGMAB_COUNTS tag=MONASH species=Lambda_b0 pdg=5122 slice=eta_1_2 p=79 a=73 file=/data/alice/ipardoza/hadronization_production/HF_RUN3_V1/raw/MONASH/hf_MONASH_job843.root
SIGMAB_COUNTS tag=MONASH species=Lambda_b0 pdg=5122 slice=eta_ge_2 p=199 a=192 file=/data/alice/ipardoza/hadronization_production/HF_RUN3_V1/raw/MONASH/hf_MONASH_job843.root
SIGMAB_COUNTS tag=MONASH species=Xi_b0 pdg=5232 slice=all p=57 a=49 file=/data/alice/ipardoza/hadronization_production/HF_RUN3_V1/raw/MONASH/hf_MONASH_job843.root
SIGMAB_COUNTS tag=MONASH species=Xi_b0 pdg=5232 slice=eta_lt_1 p=11 a=8 file=/data/alice/ipardoza/hadronization_production/HF_RUN3_V1/raw/MONASH/hf_MONASH_job843.root
SIGMAB_COUNTS tag=MONASH species=Xi_b0 pdg=5232 slice=eta_1_2 p=11 a=10 file=/data/alice/ipardoza/hadronization_production/HF_RUN3_V1/raw/MONASH/hf_MONASH_job843.root
SIGMAB_COUNTS tag=MONASH species=Xi_b0 pdg=5232 slice=eta_ge_2 p=35 a=31 file=/data/alice/ipardoza/hadronization_production/HF_RUN3_V1/raw/MONASH/hf_MONASH_job843.root
SIGMAB_COUNTS tag=MONASH species=Xi_b- pdg=5132 slice=all p=57 a=62 file=/data/alice/ipardoza/hadronization_production/HF_RUN3_V1/raw/MONASH/hf_MONASH_job843.root
SIGMAB_COUNTS tag=MONASH species=Xi_b- pdg=5132 slice=eta_lt_1 p=6 a=13 file=/data/alice/ipardoza/hadronization_production/HF_RUN3_V1/raw/MONASH/hf_MONASH_job843.root
SIGMAB_COUNTS tag=MONASH species=Xi_b- pdg=5132 slice=eta_1_2 p=14 a=15 file=/data/alice/ipardoza/hadronization_production/HF_RUN3_V1/raw/MONASH/hf_MONASH_job843.root
SIGMAB_COUNTS tag=MONASH species=Xi_b- pdg=5132 slice=eta_ge_2 p=37 a=34 file=/data/alice/ipardoza/hadronization_production/HF_RUN3_V1/raw/MONASH/hf_MONASH_job843.root
SIGMAB_COUNTS tag=MONASH species=Sigma_b+ pdg=5222 slice=all p=43 a=20 file=/data/alice/ipardoza/hadronization_production/HF_RUN3_V1/raw/MONASH/hf_MONASH_job844.root
SIGMAB_COUNTS tag=MONASH species=Sigma_b+ pdg=5222 slice=eta_lt_1 p=4 a=2 file=/data/alice/ipardoza/hadronization_production/HF_RUN3_V1/raw/MONASH/hf_MONASH_job844.root
SIGMAB_COUNTS tag=MONASH species=Sigma_b+ pdg=5222 slice=eta_1_2 p=9 a=4 file=/data/alice/ipardoza/hadronization_production/HF_RUN3_V1/raw/MONASH/hf_MONASH_job844.root
SIGMAB_COUNTS tag=MONASH species=Sigma_b+ pdg=5222 slice=eta_ge_2 p=30 a=14 file=/data/alice/ipardoza/hadronization_production/HF_RUN3_V1/raw/MONASH/hf_MONASH_job844.root
SIGMAB_COUNTS tag=MONASH species=Sigma_b0 pdg=5212 slice=all p=37 a=22 file=/data/alice/ipardoza/hadronization_production/HF_RUN3_V1/raw/MONASH/hf_MONASH_job844.root
SIGMAB_COUNTS tag=MONASH species=Sigma_b0 pdg=5212 slice=eta_lt_1 p=10 a=2 file=/data/alice/ipardoza/hadronization_production/HF_RUN3_V1/raw/MONASH/hf_MONASH_job844.root
SIGMAB_COUNTS tag=MONASH species=Sigma_b0 pdg=5212 slice=eta_1_2 p=12 a=5 file=/data/alice/ipardoza/hadronization_production/HF_RUN3_V1/raw/MONASH/hf_MONASH_job844.root
SIGMAB_COUNTS tag=MONASH species=Sigma_b0 pdg=5212 slice=eta_ge_2 p=15 a=15 file=/data/alice/ipardoza/hadronization_production/HF_RUN3_V1/raw/MONASH/hf_MONASH_job844.root
SIGMAB_COUNTS tag=MONASH species=Sigma_b- pdg=5112 slice=all p=30 a=25 file=/data/alice/ipardoza/hadronization_production/HF_RUN3_V1/raw/MONASH/hf_MONASH_job844.root
SIGMAB_COUNTS tag=MONASH species=Sigma_b- pdg=5112 slice=eta_lt_1 p=5 a=7 file=/data/alice/ipardoza/hadronization_production/HF_RUN3_V1/raw/MONASH/hf_MONASH_job844.root
SIGMAB_COUNTS tag=MONASH species=Sigma_b- pdg=5112 slice=eta_1_2 p=3 a=3 file=/data/alice/ipardoza/hadronization_production/HF_RUN3_V1/raw/MONASH/hf_MONASH_job844.root
SIGMAB_COUNTS tag=MONASH species=Sigma_b- pdg=5112 slice=eta_ge_2 p=22 a=15 file=/data/alice/ipardoza/hadronization_production/HF_RUN3_V1/raw/MONASH/hf_MONASH_job844.root
SIGMAB_COUNTS tag=MONASH species=Sigma*_b+ pdg=5224 slice=all p=57 a=33 file=/data/alice/ipardoza/hadronization_production/HF_RUN3_V1/raw/MONASH/hf_MONASH_job844.root
SIGMAB_COUNTS tag=MONASH species=Sigma*_b+ pdg=5224 slice=eta_lt_1 p=8 a=4 file=/data/alice/ipardoza/hadronization_production/HF_RUN3_V1/raw/MONASH/hf_MONASH_job844.root
SIGMAB_COUNTS tag=MONASH species=Sigma*_b+ pdg=5224 slice=eta_1_2 p=12 a=8 file=/data/alice/ipardoza/hadronization_production/HF_RUN3_V1/raw/MONASH/hf_MONASH_job844.root
SIGMAB_COUNTS tag=MONASH species=Sigma*_b+ pdg=5224 slice=eta_ge_2 p=37 a=21 file=/data/alice/ipardoza/hadronization_production/HF_RUN3_V1/raw/MONASH/hf_MONASH_job844.root
SIGMAB_COUNTS tag=MONASH species=Sigma*_b0 pdg=5214 slice=all p=58 a=32 file=/data/alice/ipardoza/hadronization_production/HF_RUN3_V1/raw/MONASH/hf_MONASH_job844.root
SIGMAB_COUNTS tag=MONASH species=Sigma*_b0 pdg=5214 slice=eta_lt_1 p=7 a=6 file=/data/alice/ipardoza/hadronization_production/HF_RUN3_V1/raw/MONASH/hf_MONASH_job844.root
SIGMAB_COUNTS tag=MONASH species=Sigma*_b0 pdg=5214 slice=eta_1_2 p=10 a=6 file=/data/alice/ipardoza/hadronization_production/HF_RUN3_V1/raw/MONASH/hf_MONASH_job844.root
SIGMAB_COUNTS tag=MONASH species=Sigma*_b0 pdg=5214 slice=eta_ge_2 p=41 a=20 file=/data/alice/ipardoza/hadronization_production/HF_RUN3_V1/raw/MONASH/hf_MONASH_job844.root
SIGMAB_COUNTS tag=MONASH species=Sigma*_b- pdg=5114 slice=all p=50 a=33 file=/data/alice/ipardoza/hadronization_production/HF_RUN3_V1/raw/MONASH/hf_MONASH_job844.root
SIGMAB_COUNTS tag=MONASH species=Sigma*_b- pdg=5114 slice=eta_lt_1 p=4 a=8 file=/data/alice/ipardoza/hadronization_production/HF_RUN3_V1/raw/MONASH/hf_MONASH_job844.root
SIGMAB_COUNTS tag=MONASH species=Sigma*_b- pdg=5114 slice=eta_1_2 p=14 a=8 file=/data/alice/ipardoza/hadronization_production/HF_RUN3_V1/raw/MONASH/hf_MONASH_job844.root
SIGMAB_COUNTS tag=MONASH species=Sigma*_b- pdg=5114 slice=eta_ge_2 p=32 a=17 file=/data/alice/ipardoza/hadronization_production/HF_RUN3_V1/raw/MONASH/hf_MONASH_job844.root
SIGMAB_COUNTS tag=MONASH species=Lambda_b0 pdg=5122 slice=all p=331 a=316 file=/data/alice/ipardoza/hadronization_production/HF_RUN3_V1/raw/MONASH/hf_MONASH_job844.root
SIGMAB_COUNTS tag=MONASH species=Lambda_b0 pdg=5122 slice=eta_lt_1 p=65 a=63 file=/data/alice/ipardoza/hadronization_production/HF_RUN3_V1/raw/MONASH/hf_MONASH_job844.root
SIGMAB_COUNTS tag=MONASH species=Lambda_b0 pdg=5122 slice=eta_1_2 p=74 a=63 file=/data/alice/ipardoza/hadronization_production/HF_RUN3_V1/raw/MONASH/hf_MONASH_job844.root
SIGMAB_COUNTS tag=MONASH species=Lambda_b0 pdg=5122 slice=eta_ge_2 p=192 a=190 file=/data/alice/ipardoza/hadronization_production/HF_RUN3_V1/raw/MONASH/hf_MONASH_job844.root
SIGMAB_COUNTS tag=MONASH species=Xi_b0 pdg=5232 slice=all p=65 a=53 file=/data/alice/ipardoza/hadronization_production/HF_RUN3_V1/raw/MONASH/hf_MONASH_job844.root
SIGMAB_COUNTS tag=MONASH species=Xi_b0 pdg=5232 slice=eta_lt_1 p=8 a=10 file=/data/alice/ipardoza/hadronization_production/HF_RUN3_V1/raw/MONASH/hf_MONASH_job844.root
SIGMAB_COUNTS tag=MONASH species=Xi_b0 pdg=5232 slice=eta_1_2 p=19 a=9 file=/data/alice/ipardoza/hadronization_production/HF_RUN3_V1/raw/MONASH/hf_MONASH_job844.root
SIGMAB_COUNTS tag=MONASH species=Xi_b0 pdg=5232 slice=eta_ge_2 p=38 a=34 file=/data/alice/ipardoza/hadronization_production/HF_RUN3_V1/raw/MONASH/hf_MONASH_job844.root
SIGMAB_COUNTS tag=MONASH species=Xi_b- pdg=5132 slice=all p=59 a=56 file=/data/alice/ipardoza/hadronization_production/HF_RUN3_V1/raw/MONASH/hf_MONASH_job844.root
SIGMAB_COUNTS tag=MONASH species=Xi_b- pdg=5132 slice=eta_lt_1 p=11 a=12 file=/data/alice/ipardoza/hadronization_production/HF_RUN3_V1/raw/MONASH/hf_MONASH_job844.root
SIGMAB_COUNTS tag=MONASH species=Xi_b- pdg=5132 slice=eta_1_2 p=17 a=12 file=/data/alice/ipardoza/hadronization_production/HF_RUN3_V1/raw/MONASH/hf_MONASH_job844.root
SIGMAB_COUNTS tag=MONASH species=Xi_b- pdg=5132 slice=eta_ge_2 p=31 a=32 file=/data/alice/ipardoza/hadronization_production/HF_RUN3_V1/raw/MONASH/hf_MONASH_job844.root
SIGMAB_COUNTS tag=MONASH species=Sigma_b+ pdg=5222 slice=all p=23 a=22 file=/data/alice/ipardoza/hadronization_production/HF_RUN3_V1/raw/MONASH/hf_MONASH_job845.root
SIGMAB_COUNTS tag=MONASH species=Sigma_b+ pdg=5222 slice=eta_lt_1 p=4 a=3 file=/data/alice/ipardoza/hadronization_production/HF_RUN3_V1/raw/MONASH/hf_MONASH_job845.root
SIGMAB_COUNTS tag=MONASH species=Sigma_b+ pdg=5222 slice=eta_1_2 p=3 a=1 file=/data/alice/ipardoza/hadronization_production/HF_RUN3_V1/raw/MONASH/hf_MONASH_job845.root
SIGMAB_COUNTS tag=MONASH species=Sigma_b+ pdg=5222 slice=eta_ge_2 p=16 a=18 file=/data/alice/ipardoza/hadronization_production/HF_RUN3_V1/raw/MONASH/hf_MONASH_job845.root
SIGMAB_COUNTS tag=MONASH species=Sigma_b0 pdg=5212 slice=all p=39 a=23 file=/data/alice/ipardoza/hadronization_production/HF_RUN3_V1/raw/MONASH/hf_MONASH_job845.root
SIGMAB_COUNTS tag=MONASH species=Sigma_b0 pdg=5212 slice=eta_lt_1 p=10 a=3 file=/data/alice/ipardoza/hadronization_production/HF_RUN3_V1/raw/MONASH/hf_MONASH_job845.root
SIGMAB_COUNTS tag=MONASH species=Sigma_b0 pdg=5212 slice=eta_1_2 p=10 a=2 file=/data/alice/ipardoza/hadronization_production/HF_RUN3_V1/raw/MONASH/hf_MONASH_job845.root
SIGMAB_COUNTS tag=MONASH species=Sigma_b0 pdg=5212 slice=eta_ge_2 p=19 a=18 file=/data/alice/ipardoza/hadronization_production/HF_RUN3_V1/raw/MONASH/hf_MONASH_job845.root
SIGMAB_COUNTS tag=MONASH species=Sigma_b- pdg=5112 slice=all p=32 a=18 file=/data/alice/ipardoza/hadronization_production/HF_RUN3_V1/raw/MONASH/hf_MONASH_job845.root
SIGMAB_COUNTS tag=MONASH species=Sigma_b- pdg=5112 slice=eta_lt_1 p=7 a=4 file=/data/alice/ipardoza/hadronization_production/HF_RUN3_V1/raw/MONASH/hf_MONASH_job845.root
SIGMAB_COUNTS tag=MONASH species=Sigma_b- pdg=5112 slice=eta_1_2 p=7 a=3 file=/data/alice/ipardoza/hadronization_production/HF_RUN3_V1/raw/MONASH/hf_MONASH_job845.root
SIGMAB_COUNTS tag=MONASH species=Sigma_b- pdg=5112 slice=eta_ge_2 p=18 a=11 file=/data/alice/ipardoza/hadronization_production/HF_RUN3_V1/raw/MONASH/hf_MONASH_job845.root
SIGMAB_COUNTS tag=MONASH species=Sigma*_b+ pdg=5224 slice=all p=53 a=34 file=/data/alice/ipardoza/hadronization_production/HF_RUN3_V1/raw/MONASH/hf_MONASH_job845.root
SIGMAB_COUNTS tag=MONASH species=Sigma*_b+ pdg=5224 slice=eta_lt_1 p=14 a=1 file=/data/alice/ipardoza/hadronization_production/HF_RUN3_V1/raw/MONASH/hf_MONASH_job845.root
SIGMAB_COUNTS tag=MONASH species=Sigma*_b+ pdg=5224 slice=eta_1_2 p=8 a=6 file=/data/alice/ipardoza/hadronization_production/HF_RUN3_V1/raw/MONASH/hf_MONASH_job845.root
SIGMAB_COUNTS tag=MONASH species=Sigma*_b+ pdg=5224 slice=eta_ge_2 p=31 a=27 file=/data/alice/ipardoza/hadronization_production/HF_RUN3_V1/raw/MONASH/hf_MONASH_job845.root
SIGMAB_COUNTS tag=MONASH species=Sigma*_b0 pdg=5214 slice=all p=42 a=44 file=/data/alice/ipardoza/hadronization_production/HF_RUN3_V1/raw/MONASH/hf_MONASH_job845.root
SIGMAB_COUNTS tag=MONASH species=Sigma*_b0 pdg=5214 slice=eta_lt_1 p=7 a=7 file=/data/alice/ipardoza/hadronization_production/HF_RUN3_V1/raw/MONASH/hf_MONASH_job845.root
SIGMAB_COUNTS tag=MONASH species=Sigma*_b0 pdg=5214 slice=eta_1_2 p=8 a=9 file=/data/alice/ipardoza/hadronization_production/HF_RUN3_V1/raw/MONASH/hf_MONASH_job845.root
SIGMAB_COUNTS tag=MONASH species=Sigma*_b0 pdg=5214 slice=eta_ge_2 p=27 a=28 file=/data/alice/ipardoza/hadronization_production/HF_RUN3_V1/raw/MONASH/hf_MONASH_job845.root
SIGMAB_COUNTS tag=MONASH species=Sigma*_b- pdg=5114 slice=all p=46 a=36 file=/data/alice/ipardoza/hadronization_production/HF_RUN3_V1/raw/MONASH/hf_MONASH_job845.root
SIGMAB_COUNTS tag=MONASH species=Sigma*_b- pdg=5114 slice=eta_lt_1 p=9 a=6 file=/data/alice/ipardoza/hadronization_production/HF_RUN3_V1/raw/MONASH/hf_MONASH_job845.root
SIGMAB_COUNTS tag=MONASH species=Sigma*_b- pdg=5114 slice=eta_1_2 p=12 a=8 file=/data/alice/ipardoza/hadronization_production/HF_RUN3_V1/raw/MONASH/hf_MONASH_job845.root
SIGMAB_COUNTS tag=MONASH species=Sigma*_b- pdg=5114 slice=eta_ge_2 p=25 a=22 file=/data/alice/ipardoza/hadronization_production/HF_RUN3_V1/raw/MONASH/hf_MONASH_job845.root
SIGMAB_COUNTS tag=MONASH species=Lambda_b0 pdg=5122 slice=all p=315 a=341 file=/data/alice/ipardoza/hadronization_production/HF_RUN3_V1/raw/MONASH/hf_MONASH_job845.root
SIGMAB_COUNTS tag=MONASH species=Lambda_b0 pdg=5122 slice=eta_lt_1 p=69 a=65 file=/data/alice/ipardoza/hadronization_production/HF_RUN3_V1/raw/MONASH/hf_MONASH_job845.root
SIGMAB_COUNTS tag=MONASH species=Lambda_b0 pdg=5122 slice=eta_1_2 p=74 a=74 file=/data/alice/ipardoza/hadronization_production/HF_RUN3_V1/raw/MONASH/hf_MONASH_job845.root
SIGMAB_COUNTS tag=MONASH species=Lambda_b0 pdg=5122 slice=eta_ge_2 p=172 a=202 file=/data/alice/ipardoza/hadronization_production/HF_RUN3_V1/raw/MONASH/hf_MONASH_job845.root
SIGMAB_COUNTS tag=MONASH species=Xi_b0 pdg=5232 slice=all p=66 a=43 file=/data/alice/ipardoza/hadronization_production/HF_RUN3_V1/raw/MONASH/hf_MONASH_job845.root
SIGMAB_COUNTS tag=MONASH species=Xi_b0 pdg=5232 slice=eta_lt_1 p=11 a=9 file=/data/alice/ipardoza/hadronization_production/HF_RUN3_V1/raw/MONASH/hf_MONASH_job845.root
SIGMAB_COUNTS tag=MONASH species=Xi_b0 pdg=5232 slice=eta_1_2 p=11 a=8 file=/data/alice/ipardoza/hadronization_production/HF_RUN3_V1/raw/MONASH/hf_MONASH_job845.root
SIGMAB_COUNTS tag=MONASH species=Xi_b0 pdg=5232 slice=eta_ge_2 p=44 a=26 file=/data/alice/ipardoza/hadronization_production/HF_RUN3_V1/raw/MONASH/hf_MONASH_job845.root
SIGMAB_COUNTS tag=MONASH species=Xi_b- pdg=5132 slice=all p=62 a=59 file=/data/alice/ipardoza/hadronization_production/HF_RUN3_V1/raw/MONASH/hf_MONASH_job845.root
SIGMAB_COUNTS tag=MONASH species=Xi_b- pdg=5132 slice=eta_lt_1 p=16 a=13 file=/data/alice/ipardoza/hadronization_production/HF_RUN3_V1/raw/MONASH/hf_MONASH_job845.root
SIGMAB_COUNTS tag=MONASH species=Xi_b- pdg=5132 slice=eta_1_2 p=17 a=13 file=/data/alice/ipardoza/hadronization_production/HF_RUN3_V1/raw/MONASH/hf_MONASH_job845.root
SIGMAB_COUNTS tag=MONASH species=Xi_b- pdg=5132 slice=eta_ge_2 p=29 a=33 file=/data/alice/ipardoza/hadronization_production/HF_RUN3_V1/raw/MONASH/hf_MONASH_job845.root
SIGMAB_COUNTS tag=MONASH species=Sigma_b+ pdg=5222 slice=all p=43 a=20 file=/data/alice/ipardoza/hadronization_production/HF_RUN3_V1/raw/MONASH/hf_MONASH_job846.root
SIGMAB_COUNTS tag=MONASH species=Sigma_b+ pdg=5222 slice=eta_lt_1 p=7 a=2 file=/data/alice/ipardoza/hadronization_production/HF_RUN3_V1/raw/MONASH/hf_MONASH_job846.root
SIGMAB_COUNTS tag=MONASH species=Sigma_b+ pdg=5222 slice=eta_1_2 p=6 a=5 file=/data/alice/ipardoza/hadronization_production/HF_RUN3_V1/raw/MONASH/hf_MONASH_job846.root
SIGMAB_COUNTS tag=MONASH species=Sigma_b+ pdg=5222 slice=eta_ge_2 p=30 a=13 file=/data/alice/ipardoza/hadronization_production/HF_RUN3_V1/raw/MONASH/hf_MONASH_job846.root
SIGMAB_COUNTS tag=MONASH species=Sigma_b0 pdg=5212 slice=all p=47 a=19 file=/data/alice/ipardoza/hadronization_production/HF_RUN3_V1/raw/MONASH/hf_MONASH_job846.root
SIGMAB_COUNTS tag=MONASH species=Sigma_b0 pdg=5212 slice=eta_lt_1 p=4 a=7 file=/data/alice/ipardoza/hadronization_production/HF_RUN3_V1/raw/MONASH/hf_MONASH_job846.root
SIGMAB_COUNTS tag=MONASH species=Sigma_b0 pdg=5212 slice=eta_1_2 p=9 a=3 file=/data/alice/ipardoza/hadronization_production/HF_RUN3_V1/raw/MONASH/hf_MONASH_job846.root
SIGMAB_COUNTS tag=MONASH species=Sigma_b0 pdg=5212 slice=eta_ge_2 p=34 a=9 file=/data/alice/ipardoza/hadronization_production/HF_RUN3_V1/raw/MONASH/hf_MONASH_job846.root
SIGMAB_COUNTS tag=MONASH species=Sigma_b- pdg=5112 slice=all p=45 a=17 file=/data/alice/ipardoza/hadronization_production/HF_RUN3_V1/raw/MONASH/hf_MONASH_job846.root
SIGMAB_COUNTS tag=MONASH species=Sigma_b- pdg=5112 slice=eta_lt_1 p=7 a=1 file=/data/alice/ipardoza/hadronization_production/HF_RUN3_V1/raw/MONASH/hf_MONASH_job846.root
SIGMAB_COUNTS tag=MONASH species=Sigma_b- pdg=5112 slice=eta_1_2 p=8 a=3 file=/data/alice/ipardoza/hadronization_production/HF_RUN3_V1/raw/MONASH/hf_MONASH_job846.root
SIGMAB_COUNTS tag=MONASH species=Sigma_b- pdg=5112 slice=eta_ge_2 p=30 a=13 file=/data/alice/ipardoza/hadronization_production/HF_RUN3_V1/raw/MONASH/hf_MONASH_job846.root
SIGMAB_COUNTS tag=MONASH species=Sigma*_b+ pdg=5224 slice=all p=58 a=43 file=/data/alice/ipardoza/hadronization_production/HF_RUN3_V1/raw/MONASH/hf_MONASH_job846.root
SIGMAB_COUNTS tag=MONASH species=Sigma*_b+ pdg=5224 slice=eta_lt_1 p=8 a=9 file=/data/alice/ipardoza/hadronization_production/HF_RUN3_V1/raw/MONASH/hf_MONASH_job846.root
SIGMAB_COUNTS tag=MONASH species=Sigma*_b+ pdg=5224 slice=eta_1_2 p=15 a=8 file=/data/alice/ipardoza/hadronization_production/HF_RUN3_V1/raw/MONASH/hf_MONASH_job846.root
SIGMAB_COUNTS tag=MONASH species=Sigma*_b+ pdg=5224 slice=eta_ge_2 p=35 a=26 file=/data/alice/ipardoza/hadronization_production/HF_RUN3_V1/raw/MONASH/hf_MONASH_job846.root
SIGMAB_COUNTS tag=MONASH species=Sigma*_b0 pdg=5214 slice=all p=51 a=42 file=/data/alice/ipardoza/hadronization_production/HF_RUN3_V1/raw/MONASH/hf_MONASH_job846.root
SIGMAB_COUNTS tag=MONASH species=Sigma*_b0 pdg=5214 slice=eta_lt_1 p=8 a=7 file=/data/alice/ipardoza/hadronization_production/HF_RUN3_V1/raw/MONASH/hf_MONASH_job846.root
SIGMAB_COUNTS tag=MONASH species=Sigma*_b0 pdg=5214 slice=eta_1_2 p=12 a=8 file=/data/alice/ipardoza/hadronization_production/HF_RUN3_V1/raw/MONASH/hf_MONASH_job846.root
SIGMAB_COUNTS tag=MONASH species=Sigma*_b0 pdg=5214 slice=eta_ge_2 p=31 a=27 file=/data/alice/ipardoza/hadronization_production/HF_RUN3_V1/raw/MONASH/hf_MONASH_job846.root
SIGMAB_COUNTS tag=MONASH species=Sigma*_b- pdg=5114 slice=all p=53 a=47 file=/data/alice/ipardoza/hadronization_production/HF_RUN3_V1/raw/MONASH/hf_MONASH_job846.root
SIGMAB_COUNTS tag=MONASH species=Sigma*_b- pdg=5114 slice=eta_lt_1 p=12 a=5 file=/data/alice/ipardoza/hadronization_production/HF_RUN3_V1/raw/MONASH/hf_MONASH_job846.root
SIGMAB_COUNTS tag=MONASH species=Sigma*_b- pdg=5114 slice=eta_1_2 p=10 a=10 file=/data/alice/ipardoza/hadronization_production/HF_RUN3_V1/raw/MONASH/hf_MONASH_job846.root
SIGMAB_COUNTS tag=MONASH species=Sigma*_b- pdg=5114 slice=eta_ge_2 p=31 a=32 file=/data/alice/ipardoza/hadronization_production/HF_RUN3_V1/raw/MONASH/hf_MONASH_job846.root
SIGMAB_COUNTS tag=MONASH species=Lambda_b0 pdg=5122 slice=all p=304 a=295 file=/data/alice/ipardoza/hadronization_production/HF_RUN3_V1/raw/MONASH/hf_MONASH_job846.root
SIGMAB_COUNTS tag=MONASH species=Lambda_b0 pdg=5122 slice=eta_lt_1 p=59 a=49 file=/data/alice/ipardoza/hadronization_production/HF_RUN3_V1/raw/MONASH/hf_MONASH_job846.root
SIGMAB_COUNTS tag=MONASH species=Lambda_b0 pdg=5122 slice=eta_1_2 p=54 a=48 file=/data/alice/ipardoza/hadronization_production/HF_RUN3_V1/raw/MONASH/hf_MONASH_job846.root
SIGMAB_COUNTS tag=MONASH species=Lambda_b0 pdg=5122 slice=eta_ge_2 p=191 a=198 file=/data/alice/ipardoza/hadronization_production/HF_RUN3_V1/raw/MONASH/hf_MONASH_job846.root
SIGMAB_COUNTS tag=MONASH species=Xi_b0 pdg=5232 slice=all p=52 a=51 file=/data/alice/ipardoza/hadronization_production/HF_RUN3_V1/raw/MONASH/hf_MONASH_job846.root
SIGMAB_COUNTS tag=MONASH species=Xi_b0 pdg=5232 slice=eta_lt_1 p=7 a=8 file=/data/alice/ipardoza/hadronization_production/HF_RUN3_V1/raw/MONASH/hf_MONASH_job846.root
SIGMAB_COUNTS tag=MONASH species=Xi_b0 pdg=5232 slice=eta_1_2 p=12 a=13 file=/data/alice/ipardoza/hadronization_production/HF_RUN3_V1/raw/MONASH/hf_MONASH_job846.root
SIGMAB_COUNTS tag=MONASH species=Xi_b0 pdg=5232 slice=eta_ge_2 p=33 a=30 file=/data/alice/ipardoza/hadronization_production/HF_RUN3_V1/raw/MONASH/hf_MONASH_job846.root
SIGMAB_COUNTS tag=MONASH species=Xi_b- pdg=5132 slice=all p=57 a=50 file=/data/alice/ipardoza/hadronization_production/HF_RUN3_V1/raw/MONASH/hf_MONASH_job846.root
SIGMAB_COUNTS tag=MONASH species=Xi_b- pdg=5132 slice=eta_lt_1 p=11 a=10 file=/data/alice/ipardoza/hadronization_production/HF_RUN3_V1/raw/MONASH/hf_MONASH_job846.root
SIGMAB_COUNTS tag=MONASH species=Xi_b- pdg=5132 slice=eta_1_2 p=8 a=15 file=/data/alice/ipardoza/hadronization_production/HF_RUN3_V1/raw/MONASH/hf_MONASH_job846.root
SIGMAB_COUNTS tag=MONASH species=Xi_b- pdg=5132 slice=eta_ge_2 p=38 a=25 file=/data/alice/ipardoza/hadronization_production/HF_RUN3_V1/raw/MONASH/hf_MONASH_job846.root
SIGMAB_COUNTS tag=MONASH species=Sigma_b+ pdg=5222 slice=all p=35 a=24 file=/data/alice/ipardoza/hadronization_production/HF_RUN3_V1/raw/MONASH/hf_MONASH_job847.root
SIGMAB_COUNTS tag=MONASH species=Sigma_b+ pdg=5222 slice=eta_lt_1 p=7 a=9 file=/data/alice/ipardoza/hadronization_production/HF_RUN3_V1/raw/MONASH/hf_MONASH_job847.root
SIGMAB_COUNTS tag=MONASH species=Sigma_b+ pdg=5222 slice=eta_1_2 p=8 a=2 file=/data/alice/ipardoza/hadronization_production/HF_RUN3_V1/raw/MONASH/hf_MONASH_job847.root
SIGMAB_COUNTS tag=MONASH species=Sigma_b+ pdg=5222 slice=eta_ge_2 p=20 a=13 file=/data/alice/ipardoza/hadronization_production/HF_RUN3_V1/raw/MONASH/hf_MONASH_job847.root
SIGMAB_COUNTS tag=MONASH species=Sigma_b0 pdg=5212 slice=all p=37 a=21 file=/data/alice/ipardoza/hadronization_production/HF_RUN3_V1/raw/MONASH/hf_MONASH_job847.root
SIGMAB_COUNTS tag=MONASH species=Sigma_b0 pdg=5212 slice=eta_lt_1 p=11 a=3 file=/data/alice/ipardoza/hadronization_production/HF_RUN3_V1/raw/MONASH/hf_MONASH_job847.root
SIGMAB_COUNTS tag=MONASH species=Sigma_b0 pdg=5212 slice=eta_1_2 p=4 a=9 file=/data/alice/ipardoza/hadronization_production/HF_RUN3_V1/raw/MONASH/hf_MONASH_job847.root
SIGMAB_COUNTS tag=MONASH species=Sigma_b0 pdg=5212 slice=eta_ge_2 p=22 a=9 file=/data/alice/ipardoza/hadronization_production/HF_RUN3_V1/raw/MONASH/hf_MONASH_job847.root
SIGMAB_COUNTS tag=MONASH species=Sigma_b- pdg=5112 slice=all p=32 a=21 file=/data/alice/ipardoza/hadronization_production/HF_RUN3_V1/raw/MONASH/hf_MONASH_job847.root
SIGMAB_COUNTS tag=MONASH species=Sigma_b- pdg=5112 slice=eta_lt_1 p=4 a=4 file=/data/alice/ipardoza/hadronization_production/HF_RUN3_V1/raw/MONASH/hf_MONASH_job847.root
SIGMAB_COUNTS tag=MONASH species=Sigma_b- pdg=5112 slice=eta_1_2 p=5 a=6 file=/data/alice/ipardoza/hadronization_production/HF_RUN3_V1/raw/MONASH/hf_MONASH_job847.root
SIGMAB_COUNTS tag=MONASH species=Sigma_b- pdg=5112 slice=eta_ge_2 p=23 a=11 file=/data/alice/ipardoza/hadronization_production/HF_RUN3_V1/raw/MONASH/hf_MONASH_job847.root
SIGMAB_COUNTS tag=MONASH species=Sigma*_b+ pdg=5224 slice=all p=42 a=39 file=/data/alice/ipardoza/hadronization_production/HF_RUN3_V1/raw/MONASH/hf_MONASH_job847.root
SIGMAB_COUNTS tag=MONASH species=Sigma*_b+ pdg=5224 slice=eta_lt_1 p=8 a=10 file=/data/alice/ipardoza/hadronization_production/HF_RUN3_V1/raw/MONASH/hf_MONASH_job847.root
SIGMAB_COUNTS tag=MONASH species=Sigma*_b+ pdg=5224 slice=eta_1_2 p=7 a=8 file=/data/alice/ipardoza/hadronization_production/HF_RUN3_V1/raw/MONASH/hf_MONASH_job847.root
SIGMAB_COUNTS tag=MONASH species=Sigma*_b+ pdg=5224 slice=eta_ge_2 p=27 a=21 file=/data/alice/ipardoza/hadronization_production/HF_RUN3_V1/raw/MONASH/hf_MONASH_job847.root
SIGMAB_COUNTS tag=MONASH species=Sigma*_b0 pdg=5214 slice=all p=45 a=45 file=/data/alice/ipardoza/hadronization_production/HF_RUN3_V1/raw/MONASH/hf_MONASH_job847.root
SIGMAB_COUNTS tag=MONASH species=Sigma*_b0 pdg=5214 slice=eta_lt_1 p=8 a=4 file=/data/alice/ipardoza/hadronization_production/HF_RUN3_V1/raw/MONASH/hf_MONASH_job847.root
SIGMAB_COUNTS tag=MONASH species=Sigma*_b0 pdg=5214 slice=eta_1_2 p=10 a=9 file=/data/alice/ipardoza/hadronization_production/HF_RUN3_V1/raw/MONASH/hf_MONASH_job847.root
SIGMAB_COUNTS tag=MONASH species=Sigma*_b0 pdg=5214 slice=eta_ge_2 p=27 a=32 file=/data/alice/ipardoza/hadronization_production/HF_RUN3_V1/raw/MONASH/hf_MONASH_job847.root
SIGMAB_COUNTS tag=MONASH species=Sigma*_b- pdg=5114 slice=all p=43 a=42 file=/data/alice/ipardoza/hadronization_production/HF_RUN3_V1/raw/MONASH/hf_MONASH_job847.root
SIGMAB_COUNTS tag=MONASH species=Sigma*_b- pdg=5114 slice=eta_lt_1 p=7 a=7 file=/data/alice/ipardoza/hadronization_production/HF_RUN3_V1/raw/MONASH/hf_MONASH_job847.root
SIGMAB_COUNTS tag=MONASH species=Sigma*_b- pdg=5114 slice=eta_1_2 p=8 a=6 file=/data/alice/ipardoza/hadronization_production/HF_RUN3_V1/raw/MONASH/hf_MONASH_job847.root
SIGMAB_COUNTS tag=MONASH species=Sigma*_b- pdg=5114 slice=eta_ge_2 p=28 a=29 file=/data/alice/ipardoza/hadronization_production/HF_RUN3_V1/raw/MONASH/hf_MONASH_job847.root
SIGMAB_COUNTS tag=MONASH species=Lambda_b0 pdg=5122 slice=all p=297 a=307 file=/data/alice/ipardoza/hadronization_production/HF_RUN3_V1/raw/MONASH/hf_MONASH_job847.root
SIGMAB_COUNTS tag=MONASH species=Lambda_b0 pdg=5122 slice=eta_lt_1 p=42 a=53 file=/data/alice/ipardoza/hadronization_production/HF_RUN3_V1/raw/MONASH/hf_MONASH_job847.root
SIGMAB_COUNTS tag=MONASH species=Lambda_b0 pdg=5122 slice=eta_1_2 p=64 a=74 file=/data/alice/ipardoza/hadronization_production/HF_RUN3_V1/raw/MONASH/hf_MONASH_job847.root
SIGMAB_COUNTS tag=MONASH species=Lambda_b0 pdg=5122 slice=eta_ge_2 p=191 a=180 file=/data/alice/ipardoza/hadronization_production/HF_RUN3_V1/raw/MONASH/hf_MONASH_job847.root
SIGMAB_COUNTS tag=MONASH species=Xi_b0 pdg=5232 slice=all p=53 a=49 file=/data/alice/ipardoza/hadronization_production/HF_RUN3_V1/raw/MONASH/hf_MONASH_job847.root
SIGMAB_COUNTS tag=MONASH species=Xi_b0 pdg=5232 slice=eta_lt_1 p=12 a=10 file=/data/alice/ipardoza/hadronization_production/HF_RUN3_V1/raw/MONASH/hf_MONASH_job847.root
SIGMAB_COUNTS tag=MONASH species=Xi_b0 pdg=5232 slice=eta_1_2 p=10 a=11 file=/data/alice/ipardoza/hadronization_production/HF_RUN3_V1/raw/MONASH/hf_MONASH_job847.root
SIGMAB_COUNTS tag=MONASH species=Xi_b0 pdg=5232 slice=eta_ge_2 p=31 a=28 file=/data/alice/ipardoza/hadronization_production/HF_RUN3_V1/raw/MONASH/hf_MONASH_job847.root
SIGMAB_COUNTS tag=MONASH species=Xi_b- pdg=5132 slice=all p=71 a=56 file=/data/alice/ipardoza/hadronization_production/HF_RUN3_V1/raw/MONASH/hf_MONASH_job847.root
SIGMAB_COUNTS tag=MONASH species=Xi_b- pdg=5132 slice=eta_lt_1 p=10 a=4 file=/data/alice/ipardoza/hadronization_production/HF_RUN3_V1/raw/MONASH/hf_MONASH_job847.root
SIGMAB_COUNTS tag=MONASH species=Xi_b- pdg=5132 slice=eta_1_2 p=20 a=6 file=/data/alice/ipardoza/hadronization_production/HF_RUN3_V1/raw/MONASH/hf_MONASH_job847.root
SIGMAB_COUNTS tag=MONASH species=Xi_b- pdg=5132 slice=eta_ge_2 p=41 a=46 file=/data/alice/ipardoza/hadronization_production/HF_RUN3_V1/raw/MONASH/hf_MONASH_job847.root
SIGMAB_COUNTS tag=MONASH species=Sigma_b+ pdg=5222 slice=all p=25 a=17 file=/data/alice/ipardoza/hadronization_production/HF_RUN3_V1/raw/MONASH/hf_MONASH_job848.root
SIGMAB_COUNTS tag=MONASH species=Sigma_b+ pdg=5222 slice=eta_lt_1 p=4 a=4 file=/data/alice/ipardoza/hadronization_production/HF_RUN3_V1/raw/MONASH/hf_MONASH_job848.root
SIGMAB_COUNTS tag=MONASH species=Sigma_b+ pdg=5222 slice=eta_1_2 p=5 a=2 file=/data/alice/ipardoza/hadronization_production/HF_RUN3_V1/raw/MONASH/hf_MONASH_job848.root
SIGMAB_COUNTS tag=MONASH species=Sigma_b+ pdg=5222 slice=eta_ge_2 p=16 a=11 file=/data/alice/ipardoza/hadronization_production/HF_RUN3_V1/raw/MONASH/hf_MONASH_job848.root
SIGMAB_COUNTS tag=MONASH species=Sigma_b0 pdg=5212 slice=all p=32 a=26 file=/data/alice/ipardoza/hadronization_production/HF_RUN3_V1/raw/MONASH/hf_MONASH_job848.root
SIGMAB_COUNTS tag=MONASH species=Sigma_b0 pdg=5212 slice=eta_lt_1 p=4 a=3 file=/data/alice/ipardoza/hadronization_production/HF_RUN3_V1/raw/MONASH/hf_MONASH_job848.root
SIGMAB_COUNTS tag=MONASH species=Sigma_b0 pdg=5212 slice=eta_1_2 p=10 a=4 file=/data/alice/ipardoza/hadronization_production/HF_RUN3_V1/raw/MONASH/hf_MONASH_job848.root
SIGMAB_COUNTS tag=MONASH species=Sigma_b0 pdg=5212 slice=eta_ge_2 p=18 a=19 file=/data/alice/ipardoza/hadronization_production/HF_RUN3_V1/raw/MONASH/hf_MONASH_job848.root
SIGMAB_COUNTS tag=MONASH species=Sigma_b- pdg=5112 slice=all p=32 a=23 file=/data/alice/ipardoza/hadronization_production/HF_RUN3_V1/raw/MONASH/hf_MONASH_job848.root
SIGMAB_COUNTS tag=MONASH species=Sigma_b- pdg=5112 slice=eta_lt_1 p=4 a=4 file=/data/alice/ipardoza/hadronization_production/HF_RUN3_V1/raw/MONASH/hf_MONASH_job848.root
SIGMAB_COUNTS tag=MONASH species=Sigma_b- pdg=5112 slice=eta_1_2 p=8 a=6 file=/data/alice/ipardoza/hadronization_production/HF_RUN3_V1/raw/MONASH/hf_MONASH_job848.root
SIGMAB_COUNTS tag=MONASH species=Sigma_b- pdg=5112 slice=eta_ge_2 p=20 a=13 file=/data/alice/ipardoza/hadronization_production/HF_RUN3_V1/raw/MONASH/hf_MONASH_job848.root
SIGMAB_COUNTS tag=MONASH species=Sigma*_b+ pdg=5224 slice=all p=52 a=39 file=/data/alice/ipardoza/hadronization_production/HF_RUN3_V1/raw/MONASH/hf_MONASH_job848.root
SIGMAB_COUNTS tag=MONASH species=Sigma*_b+ pdg=5224 slice=eta_lt_1 p=11 a=6 file=/data/alice/ipardoza/hadronization_production/HF_RUN3_V1/raw/MONASH/hf_MONASH_job848.root
SIGMAB_COUNTS tag=MONASH species=Sigma*_b+ pdg=5224 slice=eta_1_2 p=7 a=11 file=/data/alice/ipardoza/hadronization_production/HF_RUN3_V1/raw/MONASH/hf_MONASH_job848.root
SIGMAB_COUNTS tag=MONASH species=Sigma*_b+ pdg=5224 slice=eta_ge_2 p=34 a=22 file=/data/alice/ipardoza/hadronization_production/HF_RUN3_V1/raw/MONASH/hf_MONASH_job848.root
SIGMAB_COUNTS tag=MONASH species=Sigma*_b0 pdg=5214 slice=all p=58 a=43 file=/data/alice/ipardoza/hadronization_production/HF_RUN3_V1/raw/MONASH/hf_MONASH_job848.root
SIGMAB_COUNTS tag=MONASH species=Sigma*_b0 pdg=5214 slice=eta_lt_1 p=9 a=7 file=/data/alice/ipardoza/hadronization_production/HF_RUN3_V1/raw/MONASH/hf_MONASH_job848.root
SIGMAB_COUNTS tag=MONASH species=Sigma*_b0 pdg=5214 slice=eta_1_2 p=12 a=13 file=/data/alice/ipardoza/hadronization_production/HF_RUN3_V1/raw/MONASH/hf_MONASH_job848.root
SIGMAB_COUNTS tag=MONASH species=Sigma*_b0 pdg=5214 slice=eta_ge_2 p=37 a=23 file=/data/alice/ipardoza/hadronization_production/HF_RUN3_V1/raw/MONASH/hf_MONASH_job848.root
SIGMAB_COUNTS tag=MONASH species=Sigma*_b- pdg=5114 slice=all p=54 a=45 file=/data/alice/ipardoza/hadronization_production/HF_RUN3_V1/raw/MONASH/hf_MONASH_job848.root
SIGMAB_COUNTS tag=MONASH species=Sigma*_b- pdg=5114 slice=eta_lt_1 p=6 a=7 file=/data/alice/ipardoza/hadronization_production/HF_RUN3_V1/raw/MONASH/hf_MONASH_job848.root
SIGMAB_COUNTS tag=MONASH species=Sigma*_b- pdg=5114 slice=eta_1_2 p=6 a=11 file=/data/alice/ipardoza/hadronization_production/HF_RUN3_V1/raw/MONASH/hf_MONASH_job848.root
SIGMAB_COUNTS tag=MONASH species=Sigma*_b- pdg=5114 slice=eta_ge_2 p=42 a=27 file=/data/alice/ipardoza/hadronization_production/HF_RUN3_V1/raw/MONASH/hf_MONASH_job848.root
SIGMAB_COUNTS tag=MONASH species=Lambda_b0 pdg=5122 slice=all p=295 a=305 file=/data/alice/ipardoza/hadronization_production/HF_RUN3_V1/raw/MONASH/hf_MONASH_job848.root
SIGMAB_COUNTS tag=MONASH species=Lambda_b0 pdg=5122 slice=eta_lt_1 p=48 a=60 file=/data/alice/ipardoza/hadronization_production/HF_RUN3_V1/raw/MONASH/hf_MONASH_job848.root
SIGMAB_COUNTS tag=MONASH species=Lambda_b0 pdg=5122 slice=eta_1_2 p=75 a=78 file=/data/alice/ipardoza/hadronization_production/HF_RUN3_V1/raw/MONASH/hf_MONASH_job848.root
SIGMAB_COUNTS tag=MONASH species=Lambda_b0 pdg=5122 slice=eta_ge_2 p=172 a=167 file=/data/alice/ipardoza/hadronization_production/HF_RUN3_V1/raw/MONASH/hf_MONASH_job848.root
SIGMAB_COUNTS tag=MONASH species=Xi_b0 pdg=5232 slice=all p=60 a=53 file=/data/alice/ipardoza/hadronization_production/HF_RUN3_V1/raw/MONASH/hf_MONASH_job848.root
SIGMAB_COUNTS tag=MONASH species=Xi_b0 pdg=5232 slice=eta_lt_1 p=12 a=9 file=/data/alice/ipardoza/hadronization_production/HF_RUN3_V1/raw/MONASH/hf_MONASH_job848.root
SIGMAB_COUNTS tag=MONASH species=Xi_b0 pdg=5232 slice=eta_1_2 p=13 a=15 file=/data/alice/ipardoza/hadronization_production/HF_RUN3_V1/raw/MONASH/hf_MONASH_job848.root
SIGMAB_COUNTS tag=MONASH species=Xi_b0 pdg=5232 slice=eta_ge_2 p=35 a=29 file=/data/alice/ipardoza/hadronization_production/HF_RUN3_V1/raw/MONASH/hf_MONASH_job848.root
SIGMAB_COUNTS tag=MONASH species=Xi_b- pdg=5132 slice=all p=54 a=46 file=/data/alice/ipardoza/hadronization_production/HF_RUN3_V1/raw/MONASH/hf_MONASH_job848.root
SIGMAB_COUNTS tag=MONASH species=Xi_b- pdg=5132 slice=eta_lt_1 p=9 a=9 file=/data/alice/ipardoza/hadronization_production/HF_RUN3_V1/raw/MONASH/hf_MONASH_job848.root
SIGMAB_COUNTS tag=MONASH species=Xi_b- pdg=5132 slice=eta_1_2 p=11 a=14 file=/data/alice/ipardoza/hadronization_production/HF_RUN3_V1/raw/MONASH/hf_MONASH_job848.root
SIGMAB_COUNTS tag=MONASH species=Xi_b- pdg=5132 slice=eta_ge_2 p=34 a=23 file=/data/alice/ipardoza/hadronization_production/HF_RUN3_V1/raw/MONASH/hf_MONASH_job848.root
SIGMAB_COUNTS tag=MONASH species=Sigma_b+ pdg=5222 slice=all p=29 a=13 file=/data/alice/ipardoza/hadronization_production/HF_RUN3_V1/raw/MONASH/hf_MONASH_job849.root
SIGMAB_COUNTS tag=MONASH species=Sigma_b+ pdg=5222 slice=eta_lt_1 p=4 a=1 file=/data/alice/ipardoza/hadronization_production/HF_RUN3_V1/raw/MONASH/hf_MONASH_job849.root
SIGMAB_COUNTS tag=MONASH species=Sigma_b+ pdg=5222 slice=eta_1_2 p=8 a=4 file=/data/alice/ipardoza/hadronization_production/HF_RUN3_V1/raw/MONASH/hf_MONASH_job849.root
SIGMAB_COUNTS tag=MONASH species=Sigma_b+ pdg=5222 slice=eta_ge_2 p=17 a=8 file=/data/alice/ipardoza/hadronization_production/HF_RUN3_V1/raw/MONASH/hf_MONASH_job849.root
SIGMAB_COUNTS tag=MONASH species=Sigma_b0 pdg=5212 slice=all p=28 a=19 file=/data/alice/ipardoza/hadronization_production/HF_RUN3_V1/raw/MONASH/hf_MONASH_job849.root
SIGMAB_COUNTS tag=MONASH species=Sigma_b0 pdg=5212 slice=eta_lt_1 p=4 a=6 file=/data/alice/ipardoza/hadronization_production/HF_RUN3_V1/raw/MONASH/hf_MONASH_job849.root
SIGMAB_COUNTS tag=MONASH species=Sigma_b0 pdg=5212 slice=eta_1_2 p=7 a=0 file=/data/alice/ipardoza/hadronization_production/HF_RUN3_V1/raw/MONASH/hf_MONASH_job849.root
SIGMAB_COUNTS tag=MONASH species=Sigma_b0 pdg=5212 slice=eta_ge_2 p=17 a=13 file=/data/alice/ipardoza/hadronization_production/HF_RUN3_V1/raw/MONASH/hf_MONASH_job849.root
SIGMAB_COUNTS tag=MONASH species=Sigma_b- pdg=5112 slice=all p=32 a=23 file=/data/alice/ipardoza/hadronization_production/HF_RUN3_V1/raw/MONASH/hf_MONASH_job849.root
SIGMAB_COUNTS tag=MONASH species=Sigma_b- pdg=5112 slice=eta_lt_1 p=5 a=3 file=/data/alice/ipardoza/hadronization_production/HF_RUN3_V1/raw/MONASH/hf_MONASH_job849.root
SIGMAB_COUNTS tag=MONASH species=Sigma_b- pdg=5112 slice=eta_1_2 p=5 a=7 file=/data/alice/ipardoza/hadronization_production/HF_RUN3_V1/raw/MONASH/hf_MONASH_job849.root
SIGMAB_COUNTS tag=MONASH species=Sigma_b- pdg=5112 slice=eta_ge_2 p=22 a=13 file=/data/alice/ipardoza/hadronization_production/HF_RUN3_V1/raw/MONASH/hf_MONASH_job849.root
SIGMAB_COUNTS tag=MONASH species=Sigma*_b+ pdg=5224 slice=all p=43 a=46 file=/data/alice/ipardoza/hadronization_production/HF_RUN3_V1/raw/MONASH/hf_MONASH_job849.root
SIGMAB_COUNTS tag=MONASH species=Sigma*_b+ pdg=5224 slice=eta_lt_1 p=8 a=7 file=/data/alice/ipardoza/hadronization_production/HF_RUN3_V1/raw/MONASH/hf_MONASH_job849.root
SIGMAB_COUNTS tag=MONASH species=Sigma*_b+ pdg=5224 slice=eta_1_2 p=3 a=15 file=/data/alice/ipardoza/hadronization_production/HF_RUN3_V1/raw/MONASH/hf_MONASH_job849.root
SIGMAB_COUNTS tag=MONASH species=Sigma*_b+ pdg=5224 slice=eta_ge_2 p=32 a=24 file=/data/alice/ipardoza/hadronization_production/HF_RUN3_V1/raw/MONASH/hf_MONASH_job849.root
SIGMAB_COUNTS tag=MONASH species=Sigma*_b0 pdg=5214 slice=all p=49 a=39 file=/data/alice/ipardoza/hadronization_production/HF_RUN3_V1/raw/MONASH/hf_MONASH_job849.root
SIGMAB_COUNTS tag=MONASH species=Sigma*_b0 pdg=5214 slice=eta_lt_1 p=7 a=10 file=/data/alice/ipardoza/hadronization_production/HF_RUN3_V1/raw/MONASH/hf_MONASH_job849.root
SIGMAB_COUNTS tag=MONASH species=Sigma*_b0 pdg=5214 slice=eta_1_2 p=9 a=5 file=/data/alice/ipardoza/hadronization_production/HF_RUN3_V1/raw/MONASH/hf_MONASH_job849.root
SIGMAB_COUNTS tag=MONASH species=Sigma*_b0 pdg=5214 slice=eta_ge_2 p=33 a=24 file=/data/alice/ipardoza/hadronization_production/HF_RUN3_V1/raw/MONASH/hf_MONASH_job849.root
SIGMAB_COUNTS tag=MONASH species=Sigma*_b- pdg=5114 slice=all p=49 a=49 file=/data/alice/ipardoza/hadronization_production/HF_RUN3_V1/raw/MONASH/hf_MONASH_job849.root
SIGMAB_COUNTS tag=MONASH species=Sigma*_b- pdg=5114 slice=eta_lt_1 p=11 a=13 file=/data/alice/ipardoza/hadronization_production/HF_RUN3_V1/raw/MONASH/hf_MONASH_job849.root
SIGMAB_COUNTS tag=MONASH species=Sigma*_b- pdg=5114 slice=eta_1_2 p=10 a=11 file=/data/alice/ipardoza/hadronization_production/HF_RUN3_V1/raw/MONASH/hf_MONASH_job849.root
SIGMAB_COUNTS tag=MONASH species=Sigma*_b- pdg=5114 slice=eta_ge_2 p=28 a=25 file=/data/alice/ipardoza/hadronization_production/HF_RUN3_V1/raw/MONASH/hf_MONASH_job849.root
SIGMAB_COUNTS tag=MONASH species=Lambda_b0 pdg=5122 slice=all p=315 a=313 file=/data/alice/ipardoza/hadronization_production/HF_RUN3_V1/raw/MONASH/hf_MONASH_job849.root
SIGMAB_COUNTS tag=MONASH species=Lambda_b0 pdg=5122 slice=eta_lt_1 p=58 a=56 file=/data/alice/ipardoza/hadronization_production/HF_RUN3_V1/raw/MONASH/hf_MONASH_job849.root
SIGMAB_COUNTS tag=MONASH species=Lambda_b0 pdg=5122 slice=eta_1_2 p=73 a=60 file=/data/alice/ipardoza/hadronization_production/HF_RUN3_V1/raw/MONASH/hf_MONASH_job849.root
SIGMAB_COUNTS tag=MONASH species=Lambda_b0 pdg=5122 slice=eta_ge_2 p=184 a=197 file=/data/alice/ipardoza/hadronization_production/HF_RUN3_V1/raw/MONASH/hf_MONASH_job849.root
SIGMAB_COUNTS tag=MONASH species=Xi_b0 pdg=5232 slice=all p=56 a=44 file=/data/alice/ipardoza/hadronization_production/HF_RUN3_V1/raw/MONASH/hf_MONASH_job849.root
SIGMAB_COUNTS tag=MONASH species=Xi_b0 pdg=5232 slice=eta_lt_1 p=13 a=10 file=/data/alice/ipardoza/hadronization_production/HF_RUN3_V1/raw/MONASH/hf_MONASH_job849.root
SIGMAB_COUNTS tag=MONASH species=Xi_b0 pdg=5232 slice=eta_1_2 p=9 a=3 file=/data/alice/ipardoza/hadronization_production/HF_RUN3_V1/raw/MONASH/hf_MONASH_job849.root
SIGMAB_COUNTS tag=MONASH species=Xi_b0 pdg=5232 slice=eta_ge_2 p=34 a=31 file=/data/alice/ipardoza/hadronization_production/HF_RUN3_V1/raw/MONASH/hf_MONASH_job849.root
SIGMAB_COUNTS tag=MONASH species=Xi_b- pdg=5132 slice=all p=60 a=52 file=/data/alice/ipardoza/hadronization_production/HF_RUN3_V1/raw/MONASH/hf_MONASH_job849.root
SIGMAB_COUNTS tag=MONASH species=Xi_b- pdg=5132 slice=eta_lt_1 p=8 a=4 file=/data/alice/ipardoza/hadronization_production/HF_RUN3_V1/raw/MONASH/hf_MONASH_job849.root
SIGMAB_COUNTS tag=MONASH species=Xi_b- pdg=5132 slice=eta_1_2 p=13 a=9 file=/data/alice/ipardoza/hadronization_production/HF_RUN3_V1/raw/MONASH/hf_MONASH_job849.root
SIGMAB_COUNTS tag=MONASH species=Xi_b- pdg=5132 slice=eta_ge_2 p=39 a=39 file=/data/alice/ipardoza/hadronization_production/HF_RUN3_V1/raw/MONASH/hf_MONASH_job849.root
SIGMAB_COUNTS tag=MONASH species=Sigma_b+ pdg=5222 slice=all p=43 a=19 file=/data/alice/ipardoza/hadronization_production/HF_RUN3_V1/raw/MONASH/hf_MONASH_job850.root
SIGMAB_COUNTS tag=MONASH species=Sigma_b+ pdg=5222 slice=eta_lt_1 p=10 a=3 file=/data/alice/ipardoza/hadronization_production/HF_RUN3_V1/raw/MONASH/hf_MONASH_job850.root
SIGMAB_COUNTS tag=MONASH species=Sigma_b+ pdg=5222 slice=eta_1_2 p=10 a=8 file=/data/alice/ipardoza/hadronization_production/HF_RUN3_V1/raw/MONASH/hf_MONASH_job850.root
SIGMAB_COUNTS tag=MONASH species=Sigma_b+ pdg=5222 slice=eta_ge_2 p=23 a=8 file=/data/alice/ipardoza/hadronization_production/HF_RUN3_V1/raw/MONASH/hf_MONASH_job850.root
SIGMAB_COUNTS tag=MONASH species=Sigma_b0 pdg=5212 slice=all p=38 a=21 file=/data/alice/ipardoza/hadronization_production/HF_RUN3_V1/raw/MONASH/hf_MONASH_job850.root
SIGMAB_COUNTS tag=MONASH species=Sigma_b0 pdg=5212 slice=eta_lt_1 p=3 a=3 file=/data/alice/ipardoza/hadronization_production/HF_RUN3_V1/raw/MONASH/hf_MONASH_job850.root
SIGMAB_COUNTS tag=MONASH species=Sigma_b0 pdg=5212 slice=eta_1_2 p=12 a=5 file=/data/alice/ipardoza/hadronization_production/HF_RUN3_V1/raw/MONASH/hf_MONASH_job850.root
SIGMAB_COUNTS tag=MONASH species=Sigma_b0 pdg=5212 slice=eta_ge_2 p=23 a=13 file=/data/alice/ipardoza/hadronization_production/HF_RUN3_V1/raw/MONASH/hf_MONASH_job850.root
SIGMAB_COUNTS tag=MONASH species=Sigma_b- pdg=5112 slice=all p=37 a=19 file=/data/alice/ipardoza/hadronization_production/HF_RUN3_V1/raw/MONASH/hf_MONASH_job850.root
SIGMAB_COUNTS tag=MONASH species=Sigma_b- pdg=5112 slice=eta_lt_1 p=1 a=3 file=/data/alice/ipardoza/hadronization_production/HF_RUN3_V1/raw/MONASH/hf_MONASH_job850.root
SIGMAB_COUNTS tag=MONASH species=Sigma_b- pdg=5112 slice=eta_1_2 p=8 a=8 file=/data/alice/ipardoza/hadronization_production/HF_RUN3_V1/raw/MONASH/hf_MONASH_job850.root
SIGMAB_COUNTS tag=MONASH species=Sigma_b- pdg=5112 slice=eta_ge_2 p=28 a=8 file=/data/alice/ipardoza/hadronization_production/HF_RUN3_V1/raw/MONASH/hf_MONASH_job850.root
SIGMAB_COUNTS tag=MONASH species=Sigma*_b+ pdg=5224 slice=all p=49 a=40 file=/data/alice/ipardoza/hadronization_production/HF_RUN3_V1/raw/MONASH/hf_MONASH_job850.root
SIGMAB_COUNTS tag=MONASH species=Sigma*_b+ pdg=5224 slice=eta_lt_1 p=7 a=10 file=/data/alice/ipardoza/hadronization_production/HF_RUN3_V1/raw/MONASH/hf_MONASH_job850.root
SIGMAB_COUNTS tag=MONASH species=Sigma*_b+ pdg=5224 slice=eta_1_2 p=10 a=9 file=/data/alice/ipardoza/hadronization_production/HF_RUN3_V1/raw/MONASH/hf_MONASH_job850.root
SIGMAB_COUNTS tag=MONASH species=Sigma*_b+ pdg=5224 slice=eta_ge_2 p=32 a=21 file=/data/alice/ipardoza/hadronization_production/HF_RUN3_V1/raw/MONASH/hf_MONASH_job850.root
SIGMAB_COUNTS tag=MONASH species=Sigma*_b0 pdg=5214 slice=all p=49 a=41 file=/data/alice/ipardoza/hadronization_production/HF_RUN3_V1/raw/MONASH/hf_MONASH_job850.root
SIGMAB_COUNTS tag=MONASH species=Sigma*_b0 pdg=5214 slice=eta_lt_1 p=9 a=6 file=/data/alice/ipardoza/hadronization_production/HF_RUN3_V1/raw/MONASH/hf_MONASH_job850.root
SIGMAB_COUNTS tag=MONASH species=Sigma*_b0 pdg=5214 slice=eta_1_2 p=9 a=9 file=/data/alice/ipardoza/hadronization_production/HF_RUN3_V1/raw/MONASH/hf_MONASH_job850.root
SIGMAB_COUNTS tag=MONASH species=Sigma*_b0 pdg=5214 slice=eta_ge_2 p=31 a=26 file=/data/alice/ipardoza/hadronization_production/HF_RUN3_V1/raw/MONASH/hf_MONASH_job850.root
SIGMAB_COUNTS tag=MONASH species=Sigma*_b- pdg=5114 slice=all p=43 a=40 file=/data/alice/ipardoza/hadronization_production/HF_RUN3_V1/raw/MONASH/hf_MONASH_job850.root
SIGMAB_COUNTS tag=MONASH species=Sigma*_b- pdg=5114 slice=eta_lt_1 p=8 a=5 file=/data/alice/ipardoza/hadronization_production/HF_RUN3_V1/raw/MONASH/hf_MONASH_job850.root
SIGMAB_COUNTS tag=MONASH species=Sigma*_b- pdg=5114 slice=eta_1_2 p=12 a=12 file=/data/alice/ipardoza/hadronization_production/HF_RUN3_V1/raw/MONASH/hf_MONASH_job850.root
SIGMAB_COUNTS tag=MONASH species=Sigma*_b- pdg=5114 slice=eta_ge_2 p=23 a=23 file=/data/alice/ipardoza/hadronization_production/HF_RUN3_V1/raw/MONASH/hf_MONASH_job850.root
SIGMAB_COUNTS tag=MONASH species=Lambda_b0 pdg=5122 slice=all p=320 a=302 file=/data/alice/ipardoza/hadronization_production/HF_RUN3_V1/raw/MONASH/hf_MONASH_job850.root
SIGMAB_COUNTS tag=MONASH species=Lambda_b0 pdg=5122 slice=eta_lt_1 p=70 a=44 file=/data/alice/ipardoza/hadronization_production/HF_RUN3_V1/raw/MONASH/hf_MONASH_job850.root
SIGMAB_COUNTS tag=MONASH species=Lambda_b0 pdg=5122 slice=eta_1_2 p=74 a=78 file=/data/alice/ipardoza/hadronization_production/HF_RUN3_V1/raw/MONASH/hf_MONASH_job850.root
SIGMAB_COUNTS tag=MONASH species=Lambda_b0 pdg=5122 slice=eta_ge_2 p=176 a=180 file=/data/alice/ipardoza/hadronization_production/HF_RUN3_V1/raw/MONASH/hf_MONASH_job850.root
SIGMAB_COUNTS tag=MONASH species=Xi_b0 pdg=5232 slice=all p=58 a=57 file=/data/alice/ipardoza/hadronization_production/HF_RUN3_V1/raw/MONASH/hf_MONASH_job850.root
SIGMAB_COUNTS tag=MONASH species=Xi_b0 pdg=5232 slice=eta_lt_1 p=10 a=9 file=/data/alice/ipardoza/hadronization_production/HF_RUN3_V1/raw/MONASH/hf_MONASH_job850.root
SIGMAB_COUNTS tag=MONASH species=Xi_b0 pdg=5232 slice=eta_1_2 p=16 a=17 file=/data/alice/ipardoza/hadronization_production/HF_RUN3_V1/raw/MONASH/hf_MONASH_job850.root
SIGMAB_COUNTS tag=MONASH species=Xi_b0 pdg=5232 slice=eta_ge_2 p=32 a=31 file=/data/alice/ipardoza/hadronization_production/HF_RUN3_V1/raw/MONASH/hf_MONASH_job850.root
SIGMAB_COUNTS tag=MONASH species=Xi_b- pdg=5132 slice=all p=43 a=45 file=/data/alice/ipardoza/hadronization_production/HF_RUN3_V1/raw/MONASH/hf_MONASH_job850.root
SIGMAB_COUNTS tag=MONASH species=Xi_b- pdg=5132 slice=eta_lt_1 p=8 a=9 file=/data/alice/ipardoza/hadronization_production/HF_RUN3_V1/raw/MONASH/hf_MONASH_job850.root
SIGMAB_COUNTS tag=MONASH species=Xi_b- pdg=5132 slice=eta_1_2 p=13 a=11 file=/data/alice/ipardoza/hadronization_production/HF_RUN3_V1/raw/MONASH/hf_MONASH_job850.root
SIGMAB_COUNTS tag=MONASH species=Xi_b- pdg=5132 slice=eta_ge_2 p=22 a=25 file=/data/alice/ipardoza/hadronization_production/HF_RUN3_V1/raw/MONASH/hf_MONASH_job850.root
SIGMAB_COUNTS tag=MONASH species=Sigma_b+ pdg=5222 slice=all p=30 a=26 file=/data/alice/ipardoza/hadronization_production/HF_RUN3_V1/raw/MONASH/hf_MONASH_job851.root
SIGMAB_COUNTS tag=MONASH species=Sigma_b+ pdg=5222 slice=eta_lt_1 p=2 a=4 file=/data/alice/ipardoza/hadronization_production/HF_RUN3_V1/raw/MONASH/hf_MONASH_job851.root
SIGMAB_COUNTS tag=MONASH species=Sigma_b+ pdg=5222 slice=eta_1_2 p=12 a=3 file=/data/alice/ipardoza/hadronization_production/HF_RUN3_V1/raw/MONASH/hf_MONASH_job851.root
SIGMAB_COUNTS tag=MONASH species=Sigma_b+ pdg=5222 slice=eta_ge_2 p=16 a=19 file=/data/alice/ipardoza/hadronization_production/HF_RUN3_V1/raw/MONASH/hf_MONASH_job851.root
SIGMAB_COUNTS tag=MONASH species=Sigma_b0 pdg=5212 slice=all p=51 a=18 file=/data/alice/ipardoza/hadronization_production/HF_RUN3_V1/raw/MONASH/hf_MONASH_job851.root
SIGMAB_COUNTS tag=MONASH species=Sigma_b0 pdg=5212 slice=eta_lt_1 p=8 a=3 file=/data/alice/ipardoza/hadronization_production/HF_RUN3_V1/raw/MONASH/hf_MONASH_job851.root
SIGMAB_COUNTS tag=MONASH species=Sigma_b0 pdg=5212 slice=eta_1_2 p=10 a=5 file=/data/alice/ipardoza/hadronization_production/HF_RUN3_V1/raw/MONASH/hf_MONASH_job851.root
SIGMAB_COUNTS tag=MONASH species=Sigma_b0 pdg=5212 slice=eta_ge_2 p=33 a=10 file=/data/alice/ipardoza/hadronization_production/HF_RUN3_V1/raw/MONASH/hf_MONASH_job851.root
SIGMAB_COUNTS tag=MONASH species=Sigma_b- pdg=5112 slice=all p=30 a=19 file=/data/alice/ipardoza/hadronization_production/HF_RUN3_V1/raw/MONASH/hf_MONASH_job851.root
SIGMAB_COUNTS tag=MONASH species=Sigma_b- pdg=5112 slice=eta_lt_1 p=2 a=3 file=/data/alice/ipardoza/hadronization_production/HF_RUN3_V1/raw/MONASH/hf_MONASH_job851.root
SIGMAB_COUNTS tag=MONASH species=Sigma_b- pdg=5112 slice=eta_1_2 p=7 a=4 file=/data/alice/ipardoza/hadronization_production/HF_RUN3_V1/raw/MONASH/hf_MONASH_job851.root
SIGMAB_COUNTS tag=MONASH species=Sigma_b- pdg=5112 slice=eta_ge_2 p=21 a=12 file=/data/alice/ipardoza/hadronization_production/HF_RUN3_V1/raw/MONASH/hf_MONASH_job851.root
SIGMAB_COUNTS tag=MONASH species=Sigma*_b+ pdg=5224 slice=all p=40 a=33 file=/data/alice/ipardoza/hadronization_production/HF_RUN3_V1/raw/MONASH/hf_MONASH_job851.root
SIGMAB_COUNTS tag=MONASH species=Sigma*_b+ pdg=5224 slice=eta_lt_1 p=6 a=8 file=/data/alice/ipardoza/hadronization_production/HF_RUN3_V1/raw/MONASH/hf_MONASH_job851.root
SIGMAB_COUNTS tag=MONASH species=Sigma*_b+ pdg=5224 slice=eta_1_2 p=9 a=6 file=/data/alice/ipardoza/hadronization_production/HF_RUN3_V1/raw/MONASH/hf_MONASH_job851.root
SIGMAB_COUNTS tag=MONASH species=Sigma*_b+ pdg=5224 slice=eta_ge_2 p=25 a=19 file=/data/alice/ipardoza/hadronization_production/HF_RUN3_V1/raw/MONASH/hf_MONASH_job851.root
SIGMAB_COUNTS tag=MONASH species=Sigma*_b0 pdg=5214 slice=all p=45 a=46 file=/data/alice/ipardoza/hadronization_production/HF_RUN3_V1/raw/MONASH/hf_MONASH_job851.root
SIGMAB_COUNTS tag=MONASH species=Sigma*_b0 pdg=5214 slice=eta_lt_1 p=3 a=10 file=/data/alice/ipardoza/hadronization_production/HF_RUN3_V1/raw/MONASH/hf_MONASH_job851.root
SIGMAB_COUNTS tag=MONASH species=Sigma*_b0 pdg=5214 slice=eta_1_2 p=14 a=8 file=/data/alice/ipardoza/hadronization_production/HF_RUN3_V1/raw/MONASH/hf_MONASH_job851.root
SIGMAB_COUNTS tag=MONASH species=Sigma*_b0 pdg=5214 slice=eta_ge_2 p=28 a=28 file=/data/alice/ipardoza/hadronization_production/HF_RUN3_V1/raw/MONASH/hf_MONASH_job851.root
SIGMAB_COUNTS tag=MONASH species=Sigma*_b- pdg=5114 slice=all p=64 a=35 file=/data/alice/ipardoza/hadronization_production/HF_RUN3_V1/raw/MONASH/hf_MONASH_job851.root
SIGMAB_COUNTS tag=MONASH species=Sigma*_b- pdg=5114 slice=eta_lt_1 p=12 a=11 file=/data/alice/ipardoza/hadronization_production/HF_RUN3_V1/raw/MONASH/hf_MONASH_job851.root
SIGMAB_COUNTS tag=MONASH species=Sigma*_b- pdg=5114 slice=eta_1_2 p=12 a=3 file=/data/alice/ipardoza/hadronization_production/HF_RUN3_V1/raw/MONASH/hf_MONASH_job851.root
SIGMAB_COUNTS tag=MONASH species=Sigma*_b- pdg=5114 slice=eta_ge_2 p=40 a=21 file=/data/alice/ipardoza/hadronization_production/HF_RUN3_V1/raw/MONASH/hf_MONASH_job851.root
SIGMAB_COUNTS tag=MONASH species=Lambda_b0 pdg=5122 slice=all p=324 a=346 file=/data/alice/ipardoza/hadronization_production/HF_RUN3_V1/raw/MONASH/hf_MONASH_job851.root
SIGMAB_COUNTS tag=MONASH species=Lambda_b0 pdg=5122 slice=eta_lt_1 p=60 a=61 file=/data/alice/ipardoza/hadronization_production/HF_RUN3_V1/raw/MONASH/hf_MONASH_job851.root
SIGMAB_COUNTS tag=MONASH species=Lambda_b0 pdg=5122 slice=eta_1_2 p=73 a=87 file=/data/alice/ipardoza/hadronization_production/HF_RUN3_V1/raw/MONASH/hf_MONASH_job851.root
SIGMAB_COUNTS tag=MONASH species=Lambda_b0 pdg=5122 slice=eta_ge_2 p=191 a=198 file=/data/alice/ipardoza/hadronization_production/HF_RUN3_V1/raw/MONASH/hf_MONASH_job851.root
SIGMAB_COUNTS tag=MONASH species=Xi_b0 pdg=5232 slice=all p=71 a=54 file=/data/alice/ipardoza/hadronization_production/HF_RUN3_V1/raw/MONASH/hf_MONASH_job851.root
SIGMAB_COUNTS tag=MONASH species=Xi_b0 pdg=5232 slice=eta_lt_1 p=11 a=12 file=/data/alice/ipardoza/hadronization_production/HF_RUN3_V1/raw/MONASH/hf_MONASH_job851.root
SIGMAB_COUNTS tag=MONASH species=Xi_b0 pdg=5232 slice=eta_1_2 p=15 a=9 file=/data/alice/ipardoza/hadronization_production/HF_RUN3_V1/raw/MONASH/hf_MONASH_job851.root
SIGMAB_COUNTS tag=MONASH species=Xi_b0 pdg=5232 slice=eta_ge_2 p=45 a=33 file=/data/alice/ipardoza/hadronization_production/HF_RUN3_V1/raw/MONASH/hf_MONASH_job851.root
SIGMAB_COUNTS tag=MONASH species=Xi_b- pdg=5132 slice=all p=70 a=58 file=/data/alice/ipardoza/hadronization_production/HF_RUN3_V1/raw/MONASH/hf_MONASH_job851.root
SIGMAB_COUNTS tag=MONASH species=Xi_b- pdg=5132 slice=eta_lt_1 p=16 a=11 file=/data/alice/ipardoza/hadronization_production/HF_RUN3_V1/raw/MONASH/hf_MONASH_job851.root
SIGMAB_COUNTS tag=MONASH species=Xi_b- pdg=5132 slice=eta_1_2 p=14 a=13 file=/data/alice/ipardoza/hadronization_production/HF_RUN3_V1/raw/MONASH/hf_MONASH_job851.root
SIGMAB_COUNTS tag=MONASH species=Xi_b- pdg=5132 slice=eta_ge_2 p=40 a=34 file=/data/alice/ipardoza/hadronization_production/HF_RUN3_V1/raw/MONASH/hf_MONASH_job851.root
SIGMAB_COUNTS tag=MONASH species=Sigma_b+ pdg=5222 slice=all p=26 a=17 file=/data/alice/ipardoza/hadronization_production/HF_RUN3_V1/raw/MONASH/hf_MONASH_job852.root
SIGMAB_COUNTS tag=MONASH species=Sigma_b+ pdg=5222 slice=eta_lt_1 p=6 a=4 file=/data/alice/ipardoza/hadronization_production/HF_RUN3_V1/raw/MONASH/hf_MONASH_job852.root
SIGMAB_COUNTS tag=MONASH species=Sigma_b+ pdg=5222 slice=eta_1_2 p=4 a=3 file=/data/alice/ipardoza/hadronization_production/HF_RUN3_V1/raw/MONASH/hf_MONASH_job852.root
SIGMAB_COUNTS tag=MONASH species=Sigma_b+ pdg=5222 slice=eta_ge_2 p=16 a=10 file=/data/alice/ipardoza/hadronization_production/HF_RUN3_V1/raw/MONASH/hf_MONASH_job852.root
SIGMAB_COUNTS tag=MONASH species=Sigma_b0 pdg=5212 slice=all p=36 a=27 file=/data/alice/ipardoza/hadronization_production/HF_RUN3_V1/raw/MONASH/hf_MONASH_job852.root
SIGMAB_COUNTS tag=MONASH species=Sigma_b0 pdg=5212 slice=eta_lt_1 p=7 a=7 file=/data/alice/ipardoza/hadronization_production/HF_RUN3_V1/raw/MONASH/hf_MONASH_job852.root
SIGMAB_COUNTS tag=MONASH species=Sigma_b0 pdg=5212 slice=eta_1_2 p=7 a=6 file=/data/alice/ipardoza/hadronization_production/HF_RUN3_V1/raw/MONASH/hf_MONASH_job852.root
SIGMAB_COUNTS tag=MONASH species=Sigma_b0 pdg=5212 slice=eta_ge_2 p=22 a=14 file=/data/alice/ipardoza/hadronization_production/HF_RUN3_V1/raw/MONASH/hf_MONASH_job852.root
SIGMAB_COUNTS tag=MONASH species=Sigma_b- pdg=5112 slice=all p=30 a=17 file=/data/alice/ipardoza/hadronization_production/HF_RUN3_V1/raw/MONASH/hf_MONASH_job852.root
SIGMAB_COUNTS tag=MONASH species=Sigma_b- pdg=5112 slice=eta_lt_1 p=4 a=5 file=/data/alice/ipardoza/hadronization_production/HF_RUN3_V1/raw/MONASH/hf_MONASH_job852.root
SIGMAB_COUNTS tag=MONASH species=Sigma_b- pdg=5112 slice=eta_1_2 p=4 a=3 file=/data/alice/ipardoza/hadronization_production/HF_RUN3_V1/raw/MONASH/hf_MONASH_job852.root
SIGMAB_COUNTS tag=MONASH species=Sigma_b- pdg=5112 slice=eta_ge_2 p=22 a=9 file=/data/alice/ipardoza/hadronization_production/HF_RUN3_V1/raw/MONASH/hf_MONASH_job852.root
SIGMAB_COUNTS tag=MONASH species=Sigma*_b+ pdg=5224 slice=all p=57 a=39 file=/data/alice/ipardoza/hadronization_production/HF_RUN3_V1/raw/MONASH/hf_MONASH_job852.root
SIGMAB_COUNTS tag=MONASH species=Sigma*_b+ pdg=5224 slice=eta_lt_1 p=9 a=8 file=/data/alice/ipardoza/hadronization_production/HF_RUN3_V1/raw/MONASH/hf_MONASH_job852.root
SIGMAB_COUNTS tag=MONASH species=Sigma*_b+ pdg=5224 slice=eta_1_2 p=14 a=9 file=/data/alice/ipardoza/hadronization_production/HF_RUN3_V1/raw/MONASH/hf_MONASH_job852.root
SIGMAB_COUNTS tag=MONASH species=Sigma*_b+ pdg=5224 slice=eta_ge_2 p=34 a=22 file=/data/alice/ipardoza/hadronization_production/HF_RUN3_V1/raw/MONASH/hf_MONASH_job852.root
SIGMAB_COUNTS tag=MONASH species=Sigma*_b0 pdg=5214 slice=all p=41 a=35 file=/data/alice/ipardoza/hadronization_production/HF_RUN3_V1/raw/MONASH/hf_MONASH_job852.root
SIGMAB_COUNTS tag=MONASH species=Sigma*_b0 pdg=5214 slice=eta_lt_1 p=7 a=4 file=/data/alice/ipardoza/hadronization_production/HF_RUN3_V1/raw/MONASH/hf_MONASH_job852.root
SIGMAB_COUNTS tag=MONASH species=Sigma*_b0 pdg=5214 slice=eta_1_2 p=9 a=9 file=/data/alice/ipardoza/hadronization_production/HF_RUN3_V1/raw/MONASH/hf_MONASH_job852.root
SIGMAB_COUNTS tag=MONASH species=Sigma*_b0 pdg=5214 slice=eta_ge_2 p=25 a=22 file=/data/alice/ipardoza/hadronization_production/HF_RUN3_V1/raw/MONASH/hf_MONASH_job852.root
SIGMAB_COUNTS tag=MONASH species=Sigma*_b- pdg=5114 slice=all p=44 a=47 file=/data/alice/ipardoza/hadronization_production/HF_RUN3_V1/raw/MONASH/hf_MONASH_job852.root
SIGMAB_COUNTS tag=MONASH species=Sigma*_b- pdg=5114 slice=eta_lt_1 p=10 a=5 file=/data/alice/ipardoza/hadronization_production/HF_RUN3_V1/raw/MONASH/hf_MONASH_job852.root
SIGMAB_COUNTS tag=MONASH species=Sigma*_b- pdg=5114 slice=eta_1_2 p=8 a=7 file=/data/alice/ipardoza/hadronization_production/HF_RUN3_V1/raw/MONASH/hf_MONASH_job852.root
SIGMAB_COUNTS tag=MONASH species=Sigma*_b- pdg=5114 slice=eta_ge_2 p=26 a=35 file=/data/alice/ipardoza/hadronization_production/HF_RUN3_V1/raw/MONASH/hf_MONASH_job852.root
SIGMAB_COUNTS tag=MONASH species=Lambda_b0 pdg=5122 slice=all p=353 a=289 file=/data/alice/ipardoza/hadronization_production/HF_RUN3_V1/raw/MONASH/hf_MONASH_job852.root
SIGMAB_COUNTS tag=MONASH species=Lambda_b0 pdg=5122 slice=eta_lt_1 p=79 a=51 file=/data/alice/ipardoza/hadronization_production/HF_RUN3_V1/raw/MONASH/hf_MONASH_job852.root
SIGMAB_COUNTS tag=MONASH species=Lambda_b0 pdg=5122 slice=eta_1_2 p=80 a=86 file=/data/alice/ipardoza/hadronization_production/HF_RUN3_V1/raw/MONASH/hf_MONASH_job852.root
SIGMAB_COUNTS tag=MONASH species=Lambda_b0 pdg=5122 slice=eta_ge_2 p=194 a=152 file=/data/alice/ipardoza/hadronization_production/HF_RUN3_V1/raw/MONASH/hf_MONASH_job852.root
SIGMAB_COUNTS tag=MONASH species=Xi_b0 pdg=5232 slice=all p=43 a=39 file=/data/alice/ipardoza/hadronization_production/HF_RUN3_V1/raw/MONASH/hf_MONASH_job852.root
SIGMAB_COUNTS tag=MONASH species=Xi_b0 pdg=5232 slice=eta_lt_1 p=9 a=8 file=/data/alice/ipardoza/hadronization_production/HF_RUN3_V1/raw/MONASH/hf_MONASH_job852.root
SIGMAB_COUNTS tag=MONASH species=Xi_b0 pdg=5232 slice=eta_1_2 p=9 a=4 file=/data/alice/ipardoza/hadronization_production/HF_RUN3_V1/raw/MONASH/hf_MONASH_job852.root
SIGMAB_COUNTS tag=MONASH species=Xi_b0 pdg=5232 slice=eta_ge_2 p=25 a=27 file=/data/alice/ipardoza/hadronization_production/HF_RUN3_V1/raw/MONASH/hf_MONASH_job852.root
SIGMAB_COUNTS tag=MONASH species=Xi_b- pdg=5132 slice=all p=63 a=56 file=/data/alice/ipardoza/hadronization_production/HF_RUN3_V1/raw/MONASH/hf_MONASH_job852.root
SIGMAB_COUNTS tag=MONASH species=Xi_b- pdg=5132 slice=eta_lt_1 p=15 a=10 file=/data/alice/ipardoza/hadronization_production/HF_RUN3_V1/raw/MONASH/hf_MONASH_job852.root
SIGMAB_COUNTS tag=MONASH species=Xi_b- pdg=5132 slice=eta_1_2 p=19 a=16 file=/data/alice/ipardoza/hadronization_production/HF_RUN3_V1/raw/MONASH/hf_MONASH_job852.root
SIGMAB_COUNTS tag=MONASH species=Xi_b- pdg=5132 slice=eta_ge_2 p=29 a=30 file=/data/alice/ipardoza/hadronization_production/HF_RUN3_V1/raw/MONASH/hf_MONASH_job852.root
SIGMAB_COUNTS tag=MONASH species=Sigma_b+ pdg=5222 slice=all p=36 a=21 file=/data/alice/ipardoza/hadronization_production/HF_RUN3_V1/raw/MONASH/hf_MONASH_job853.root
SIGMAB_COUNTS tag=MONASH species=Sigma_b+ pdg=5222 slice=eta_lt_1 p=3 a=5 file=/data/alice/ipardoza/hadronization_production/HF_RUN3_V1/raw/MONASH/hf_MONASH_job853.root
SIGMAB_COUNTS tag=MONASH species=Sigma_b+ pdg=5222 slice=eta_1_2 p=11 a=4 file=/data/alice/ipardoza/hadronization_production/HF_RUN3_V1/raw/MONASH/hf_MONASH_job853.root
SIGMAB_COUNTS tag=MONASH species=Sigma_b+ pdg=5222 slice=eta_ge_2 p=22 a=12 file=/data/alice/ipardoza/hadronization_production/HF_RUN3_V1/raw/MONASH/hf_MONASH_job853.root
SIGMAB_COUNTS tag=MONASH species=Sigma_b0 pdg=5212 slice=all p=32 a=20 file=/data/alice/ipardoza/hadronization_production/HF_RUN3_V1/raw/MONASH/hf_MONASH_job853.root
SIGMAB_COUNTS tag=MONASH species=Sigma_b0 pdg=5212 slice=eta_lt_1 p=6 a=5 file=/data/alice/ipardoza/hadronization_production/HF_RUN3_V1/raw/MONASH/hf_MONASH_job853.root
SIGMAB_COUNTS tag=MONASH species=Sigma_b0 pdg=5212 slice=eta_1_2 p=5 a=5 file=/data/alice/ipardoza/hadronization_production/HF_RUN3_V1/raw/MONASH/hf_MONASH_job853.root
SIGMAB_COUNTS tag=MONASH species=Sigma_b0 pdg=5212 slice=eta_ge_2 p=21 a=10 file=/data/alice/ipardoza/hadronization_production/HF_RUN3_V1/raw/MONASH/hf_MONASH_job853.root
SIGMAB_COUNTS tag=MONASH species=Sigma_b- pdg=5112 slice=all p=29 a=23 file=/data/alice/ipardoza/hadronization_production/HF_RUN3_V1/raw/MONASH/hf_MONASH_job853.root
SIGMAB_COUNTS tag=MONASH species=Sigma_b- pdg=5112 slice=eta_lt_1 p=6 a=5 file=/data/alice/ipardoza/hadronization_production/HF_RUN3_V1/raw/MONASH/hf_MONASH_job853.root
SIGMAB_COUNTS tag=MONASH species=Sigma_b- pdg=5112 slice=eta_1_2 p=4 a=4 file=/data/alice/ipardoza/hadronization_production/HF_RUN3_V1/raw/MONASH/hf_MONASH_job853.root
SIGMAB_COUNTS tag=MONASH species=Sigma_b- pdg=5112 slice=eta_ge_2 p=19 a=14 file=/data/alice/ipardoza/hadronization_production/HF_RUN3_V1/raw/MONASH/hf_MONASH_job853.root
SIGMAB_COUNTS tag=MONASH species=Sigma*_b+ pdg=5224 slice=all p=49 a=37 file=/data/alice/ipardoza/hadronization_production/HF_RUN3_V1/raw/MONASH/hf_MONASH_job853.root
SIGMAB_COUNTS tag=MONASH species=Sigma*_b+ pdg=5224 slice=eta_lt_1 p=8 a=5 file=/data/alice/ipardoza/hadronization_production/HF_RUN3_V1/raw/MONASH/hf_MONASH_job853.root
SIGMAB_COUNTS tag=MONASH species=Sigma*_b+ pdg=5224 slice=eta_1_2 p=13 a=12 file=/data/alice/ipardoza/hadronization_production/HF_RUN3_V1/raw/MONASH/hf_MONASH_job853.root
SIGMAB_COUNTS tag=MONASH species=Sigma*_b+ pdg=5224 slice=eta_ge_2 p=28 a=20 file=/data/alice/ipardoza/hadronization_production/HF_RUN3_V1/raw/MONASH/hf_MONASH_job853.root
SIGMAB_COUNTS tag=MONASH species=Sigma*_b0 pdg=5214 slice=all p=56 a=39 file=/data/alice/ipardoza/hadronization_production/HF_RUN3_V1/raw/MONASH/hf_MONASH_job853.root
SIGMAB_COUNTS tag=MONASH species=Sigma*_b0 pdg=5214 slice=eta_lt_1 p=9 a=8 file=/data/alice/ipardoza/hadronization_production/HF_RUN3_V1/raw/MONASH/hf_MONASH_job853.root
SIGMAB_COUNTS tag=MONASH species=Sigma*_b0 pdg=5214 slice=eta_1_2 p=14 a=7 file=/data/alice/ipardoza/hadronization_production/HF_RUN3_V1/raw/MONASH/hf_MONASH_job853.root
SIGMAB_COUNTS tag=MONASH species=Sigma*_b0 pdg=5214 slice=eta_ge_2 p=33 a=24 file=/data/alice/ipardoza/hadronization_production/HF_RUN3_V1/raw/MONASH/hf_MONASH_job853.root
SIGMAB_COUNTS tag=MONASH species=Sigma*_b- pdg=5114 slice=all p=47 a=36 file=/data/alice/ipardoza/hadronization_production/HF_RUN3_V1/raw/MONASH/hf_MONASH_job853.root
SIGMAB_COUNTS tag=MONASH species=Sigma*_b- pdg=5114 slice=eta_lt_1 p=7 a=7 file=/data/alice/ipardoza/hadronization_production/HF_RUN3_V1/raw/MONASH/hf_MONASH_job853.root
SIGMAB_COUNTS tag=MONASH species=Sigma*_b- pdg=5114 slice=eta_1_2 p=14 a=5 file=/data/alice/ipardoza/hadronization_production/HF_RUN3_V1/raw/MONASH/hf_MONASH_job853.root
SIGMAB_COUNTS tag=MONASH species=Sigma*_b- pdg=5114 slice=eta_ge_2 p=26 a=24 file=/data/alice/ipardoza/hadronization_production/HF_RUN3_V1/raw/MONASH/hf_MONASH_job853.root
SIGMAB_COUNTS tag=MONASH species=Lambda_b0 pdg=5122 slice=all p=348 a=304 file=/data/alice/ipardoza/hadronization_production/HF_RUN3_V1/raw/MONASH/hf_MONASH_job853.root
SIGMAB_COUNTS tag=MONASH species=Lambda_b0 pdg=5122 slice=eta_lt_1 p=64 a=47 file=/data/alice/ipardoza/hadronization_production/HF_RUN3_V1/raw/MONASH/hf_MONASH_job853.root
SIGMAB_COUNTS tag=MONASH species=Lambda_b0 pdg=5122 slice=eta_1_2 p=72 a=75 file=/data/alice/ipardoza/hadronization_production/HF_RUN3_V1/raw/MONASH/hf_MONASH_job853.root
SIGMAB_COUNTS tag=MONASH species=Lambda_b0 pdg=5122 slice=eta_ge_2 p=212 a=182 file=/data/alice/ipardoza/hadronization_production/HF_RUN3_V1/raw/MONASH/hf_MONASH_job853.root
SIGMAB_COUNTS tag=MONASH species=Xi_b0 pdg=5232 slice=all p=57 a=52 file=/data/alice/ipardoza/hadronization_production/HF_RUN3_V1/raw/MONASH/hf_MONASH_job853.root
SIGMAB_COUNTS tag=MONASH species=Xi_b0 pdg=5232 slice=eta_lt_1 p=12 a=15 file=/data/alice/ipardoza/hadronization_production/HF_RUN3_V1/raw/MONASH/hf_MONASH_job853.root
SIGMAB_COUNTS tag=MONASH species=Xi_b0 pdg=5232 slice=eta_1_2 p=15 a=12 file=/data/alice/ipardoza/hadronization_production/HF_RUN3_V1/raw/MONASH/hf_MONASH_job853.root
SIGMAB_COUNTS tag=MONASH species=Xi_b0 pdg=5232 slice=eta_ge_2 p=30 a=25 file=/data/alice/ipardoza/hadronization_production/HF_RUN3_V1/raw/MONASH/hf_MONASH_job853.root
SIGMAB_COUNTS tag=MONASH species=Xi_b- pdg=5132 slice=all p=52 a=44 file=/data/alice/ipardoza/hadronization_production/HF_RUN3_V1/raw/MONASH/hf_MONASH_job853.root
SIGMAB_COUNTS tag=MONASH species=Xi_b- pdg=5132 slice=eta_lt_1 p=7 a=16 file=/data/alice/ipardoza/hadronization_production/HF_RUN3_V1/raw/MONASH/hf_MONASH_job853.root
SIGMAB_COUNTS tag=MONASH species=Xi_b- pdg=5132 slice=eta_1_2 p=10 a=11 file=/data/alice/ipardoza/hadronization_production/HF_RUN3_V1/raw/MONASH/hf_MONASH_job853.root
SIGMAB_COUNTS tag=MONASH species=Xi_b- pdg=5132 slice=eta_ge_2 p=35 a=17 file=/data/alice/ipardoza/hadronization_production/HF_RUN3_V1/raw/MONASH/hf_MONASH_job853.root
SIGMAB_COUNTS tag=MONASH species=Sigma_b+ pdg=5222 slice=all p=43 a=27 file=/data/alice/ipardoza/hadronization_production/HF_RUN3_V1/raw/MONASH/hf_MONASH_job854.root
SIGMAB_COUNTS tag=MONASH species=Sigma_b+ pdg=5222 slice=eta_lt_1 p=12 a=6 file=/data/alice/ipardoza/hadronization_production/HF_RUN3_V1/raw/MONASH/hf_MONASH_job854.root
SIGMAB_COUNTS tag=MONASH species=Sigma_b+ pdg=5222 slice=eta_1_2 p=9 a=8 file=/data/alice/ipardoza/hadronization_production/HF_RUN3_V1/raw/MONASH/hf_MONASH_job854.root
SIGMAB_COUNTS tag=MONASH species=Sigma_b+ pdg=5222 slice=eta_ge_2 p=22 a=13 file=/data/alice/ipardoza/hadronization_production/HF_RUN3_V1/raw/MONASH/hf_MONASH_job854.root
SIGMAB_COUNTS tag=MONASH species=Sigma_b0 pdg=5212 slice=all p=27 a=28 file=/data/alice/ipardoza/hadronization_production/HF_RUN3_V1/raw/MONASH/hf_MONASH_job854.root
SIGMAB_COUNTS tag=MONASH species=Sigma_b0 pdg=5212 slice=eta_lt_1 p=4 a=6 file=/data/alice/ipardoza/hadronization_production/HF_RUN3_V1/raw/MONASH/hf_MONASH_job854.root
SIGMAB_COUNTS tag=MONASH species=Sigma_b0 pdg=5212 slice=eta_1_2 p=6 a=7 file=/data/alice/ipardoza/hadronization_production/HF_RUN3_V1/raw/MONASH/hf_MONASH_job854.root
SIGMAB_COUNTS tag=MONASH species=Sigma_b0 pdg=5212 slice=eta_ge_2 p=17 a=15 file=/data/alice/ipardoza/hadronization_production/HF_RUN3_V1/raw/MONASH/hf_MONASH_job854.root
SIGMAB_COUNTS tag=MONASH species=Sigma_b- pdg=5112 slice=all p=32 a=26 file=/data/alice/ipardoza/hadronization_production/HF_RUN3_V1/raw/MONASH/hf_MONASH_job854.root
SIGMAB_COUNTS tag=MONASH species=Sigma_b- pdg=5112 slice=eta_lt_1 p=5 a=4 file=/data/alice/ipardoza/hadronization_production/HF_RUN3_V1/raw/MONASH/hf_MONASH_job854.root
SIGMAB_COUNTS tag=MONASH species=Sigma_b- pdg=5112 slice=eta_1_2 p=7 a=5 file=/data/alice/ipardoza/hadronization_production/HF_RUN3_V1/raw/MONASH/hf_MONASH_job854.root
SIGMAB_COUNTS tag=MONASH species=Sigma_b- pdg=5112 slice=eta_ge_2 p=20 a=17 file=/data/alice/ipardoza/hadronization_production/HF_RUN3_V1/raw/MONASH/hf_MONASH_job854.root
SIGMAB_COUNTS tag=MONASH species=Sigma*_b+ pdg=5224 slice=all p=53 a=30 file=/data/alice/ipardoza/hadronization_production/HF_RUN3_V1/raw/MONASH/hf_MONASH_job854.root
SIGMAB_COUNTS tag=MONASH species=Sigma*_b+ pdg=5224 slice=eta_lt_1 p=9 a=6 file=/data/alice/ipardoza/hadronization_production/HF_RUN3_V1/raw/MONASH/hf_MONASH_job854.root
SIGMAB_COUNTS tag=MONASH species=Sigma*_b+ pdg=5224 slice=eta_1_2 p=11 a=6 file=/data/alice/ipardoza/hadronization_production/HF_RUN3_V1/raw/MONASH/hf_MONASH_job854.root
SIGMAB_COUNTS tag=MONASH species=Sigma*_b+ pdg=5224 slice=eta_ge_2 p=33 a=18 file=/data/alice/ipardoza/hadronization_production/HF_RUN3_V1/raw/MONASH/hf_MONASH_job854.root
SIGMAB_COUNTS tag=MONASH species=Sigma*_b0 pdg=5214 slice=all p=51 a=36 file=/data/alice/ipardoza/hadronization_production/HF_RUN3_V1/raw/MONASH/hf_MONASH_job854.root
SIGMAB_COUNTS tag=MONASH species=Sigma*_b0 pdg=5214 slice=eta_lt_1 p=10 a=6 file=/data/alice/ipardoza/hadronization_production/HF_RUN3_V1/raw/MONASH/hf_MONASH_job854.root
SIGMAB_COUNTS tag=MONASH species=Sigma*_b0 pdg=5214 slice=eta_1_2 p=10 a=5 file=/data/alice/ipardoza/hadronization_production/HF_RUN3_V1/raw/MONASH/hf_MONASH_job854.root
SIGMAB_COUNTS tag=MONASH species=Sigma*_b0 pdg=5214 slice=eta_ge_2 p=31 a=25 file=/data/alice/ipardoza/hadronization_production/HF_RUN3_V1/raw/MONASH/hf_MONASH_job854.root
SIGMAB_COUNTS tag=MONASH species=Sigma*_b- pdg=5114 slice=all p=37 a=44 file=/data/alice/ipardoza/hadronization_production/HF_RUN3_V1/raw/MONASH/hf_MONASH_job854.root
SIGMAB_COUNTS tag=MONASH species=Sigma*_b- pdg=5114 slice=eta_lt_1 p=5 a=9 file=/data/alice/ipardoza/hadronization_production/HF_RUN3_V1/raw/MONASH/hf_MONASH_job854.root
SIGMAB_COUNTS tag=MONASH species=Sigma*_b- pdg=5114 slice=eta_1_2 p=11 a=7 file=/data/alice/ipardoza/hadronization_production/HF_RUN3_V1/raw/MONASH/hf_MONASH_job854.root
SIGMAB_COUNTS tag=MONASH species=Sigma*_b- pdg=5114 slice=eta_ge_2 p=21 a=28 file=/data/alice/ipardoza/hadronization_production/HF_RUN3_V1/raw/MONASH/hf_MONASH_job854.root
SIGMAB_COUNTS tag=MONASH species=Lambda_b0 pdg=5122 slice=all p=319 a=332 file=/data/alice/ipardoza/hadronization_production/HF_RUN3_V1/raw/MONASH/hf_MONASH_job854.root
SIGMAB_COUNTS tag=MONASH species=Lambda_b0 pdg=5122 slice=eta_lt_1 p=57 a=45 file=/data/alice/ipardoza/hadronization_production/HF_RUN3_V1/raw/MONASH/hf_MONASH_job854.root
SIGMAB_COUNTS tag=MONASH species=Lambda_b0 pdg=5122 slice=eta_1_2 p=59 a=71 file=/data/alice/ipardoza/hadronization_production/HF_RUN3_V1/raw/MONASH/hf_MONASH_job854.root
SIGMAB_COUNTS tag=MONASH species=Lambda_b0 pdg=5122 slice=eta_ge_2 p=203 a=216 file=/data/alice/ipardoza/hadronization_production/HF_RUN3_V1/raw/MONASH/hf_MONASH_job854.root
SIGMAB_COUNTS tag=MONASH species=Xi_b0 pdg=5232 slice=all p=63 a=53 file=/data/alice/ipardoza/hadronization_production/HF_RUN3_V1/raw/MONASH/hf_MONASH_job854.root
SIGMAB_COUNTS tag=MONASH species=Xi_b0 pdg=5232 slice=eta_lt_1 p=5 a=10 file=/data/alice/ipardoza/hadronization_production/HF_RUN3_V1/raw/MONASH/hf_MONASH_job854.root
SIGMAB_COUNTS tag=MONASH species=Xi_b0 pdg=5232 slice=eta_1_2 p=16 a=11 file=/data/alice/ipardoza/hadronization_production/HF_RUN3_V1/raw/MONASH/hf_MONASH_job854.root
SIGMAB_COUNTS tag=MONASH species=Xi_b0 pdg=5232 slice=eta_ge_2 p=42 a=32 file=/data/alice/ipardoza/hadronization_production/HF_RUN3_V1/raw/MONASH/hf_MONASH_job854.root
SIGMAB_COUNTS tag=MONASH species=Xi_b- pdg=5132 slice=all p=45 a=63 file=/data/alice/ipardoza/hadronization_production/HF_RUN3_V1/raw/MONASH/hf_MONASH_job854.root
SIGMAB_COUNTS tag=MONASH species=Xi_b- pdg=5132 slice=eta_lt_1 p=15 a=12 file=/data/alice/ipardoza/hadronization_production/HF_RUN3_V1/raw/MONASH/hf_MONASH_job854.root
SIGMAB_COUNTS tag=MONASH species=Xi_b- pdg=5132 slice=eta_1_2 p=7 a=11 file=/data/alice/ipardoza/hadronization_production/HF_RUN3_V1/raw/MONASH/hf_MONASH_job854.root
SIGMAB_COUNTS tag=MONASH species=Xi_b- pdg=5132 slice=eta_ge_2 p=23 a=40 file=/data/alice/ipardoza/hadronization_production/HF_RUN3_V1/raw/MONASH/hf_MONASH_job854.root
SIGMAB_COUNTS tag=MONASH species=Sigma_b+ pdg=5222 slice=all p=34 a=15 file=/data/alice/ipardoza/hadronization_production/HF_RUN3_V1/raw/MONASH/hf_MONASH_job855.root
SIGMAB_COUNTS tag=MONASH species=Sigma_b+ pdg=5222 slice=eta_lt_1 p=3 a=3 file=/data/alice/ipardoza/hadronization_production/HF_RUN3_V1/raw/MONASH/hf_MONASH_job855.root
SIGMAB_COUNTS tag=MONASH species=Sigma_b+ pdg=5222 slice=eta_1_2 p=10 a=5 file=/data/alice/ipardoza/hadronization_production/HF_RUN3_V1/raw/MONASH/hf_MONASH_job855.root
SIGMAB_COUNTS tag=MONASH species=Sigma_b+ pdg=5222 slice=eta_ge_2 p=21 a=7 file=/data/alice/ipardoza/hadronization_production/HF_RUN3_V1/raw/MONASH/hf_MONASH_job855.root
SIGMAB_COUNTS tag=MONASH species=Sigma_b0 pdg=5212 slice=all p=33 a=17 file=/data/alice/ipardoza/hadronization_production/HF_RUN3_V1/raw/MONASH/hf_MONASH_job855.root
SIGMAB_COUNTS tag=MONASH species=Sigma_b0 pdg=5212 slice=eta_lt_1 p=5 a=1 file=/data/alice/ipardoza/hadronization_production/HF_RUN3_V1/raw/MONASH/hf_MONASH_job855.root
SIGMAB_COUNTS tag=MONASH species=Sigma_b0 pdg=5212 slice=eta_1_2 p=6 a=4 file=/data/alice/ipardoza/hadronization_production/HF_RUN3_V1/raw/MONASH/hf_MONASH_job855.root
SIGMAB_COUNTS tag=MONASH species=Sigma_b0 pdg=5212 slice=eta_ge_2 p=22 a=12 file=/data/alice/ipardoza/hadronization_production/HF_RUN3_V1/raw/MONASH/hf_MONASH_job855.root
SIGMAB_COUNTS tag=MONASH species=Sigma_b- pdg=5112 slice=all p=29 a=26 file=/data/alice/ipardoza/hadronization_production/HF_RUN3_V1/raw/MONASH/hf_MONASH_job855.root
SIGMAB_COUNTS tag=MONASH species=Sigma_b- pdg=5112 slice=eta_lt_1 p=7 a=2 file=/data/alice/ipardoza/hadronization_production/HF_RUN3_V1/raw/MONASH/hf_MONASH_job855.root
SIGMAB_COUNTS tag=MONASH species=Sigma_b- pdg=5112 slice=eta_1_2 p=4 a=6 file=/data/alice/ipardoza/hadronization_production/HF_RUN3_V1/raw/MONASH/hf_MONASH_job855.root
SIGMAB_COUNTS tag=MONASH species=Sigma_b- pdg=5112 slice=eta_ge_2 p=18 a=18 file=/data/alice/ipardoza/hadronization_production/HF_RUN3_V1/raw/MONASH/hf_MONASH_job855.root
SIGMAB_COUNTS tag=MONASH species=Sigma*_b+ pdg=5224 slice=all p=51 a=30 file=/data/alice/ipardoza/hadronization_production/HF_RUN3_V1/raw/MONASH/hf_MONASH_job855.root
SIGMAB_COUNTS tag=MONASH species=Sigma*_b+ pdg=5224 slice=eta_lt_1 p=7 a=5 file=/data/alice/ipardoza/hadronization_production/HF_RUN3_V1/raw/MONASH/hf_MONASH_job855.root
SIGMAB_COUNTS tag=MONASH species=Sigma*_b+ pdg=5224 slice=eta_1_2 p=13 a=7 file=/data/alice/ipardoza/hadronization_production/HF_RUN3_V1/raw/MONASH/hf_MONASH_job855.root
SIGMAB_COUNTS tag=MONASH species=Sigma*_b+ pdg=5224 slice=eta_ge_2 p=31 a=18 file=/data/alice/ipardoza/hadronization_production/HF_RUN3_V1/raw/MONASH/hf_MONASH_job855.root
SIGMAB_COUNTS tag=MONASH species=Sigma*_b0 pdg=5214 slice=all p=67 a=48 file=/data/alice/ipardoza/hadronization_production/HF_RUN3_V1/raw/MONASH/hf_MONASH_job855.root
SIGMAB_COUNTS tag=MONASH species=Sigma*_b0 pdg=5214 slice=eta_lt_1 p=13 a=8 file=/data/alice/ipardoza/hadronization_production/HF_RUN3_V1/raw/MONASH/hf_MONASH_job855.root
SIGMAB_COUNTS tag=MONASH species=Sigma*_b0 pdg=5214 slice=eta_1_2 p=12 a=15 file=/data/alice/ipardoza/hadronization_production/HF_RUN3_V1/raw/MONASH/hf_MONASH_job855.root
SIGMAB_COUNTS tag=MONASH species=Sigma*_b0 pdg=5214 slice=eta_ge_2 p=42 a=25 file=/data/alice/ipardoza/hadronization_production/HF_RUN3_V1/raw/MONASH/hf_MONASH_job855.root
SIGMAB_COUNTS tag=MONASH species=Sigma*_b- pdg=5114 slice=all p=46 a=32 file=/data/alice/ipardoza/hadronization_production/HF_RUN3_V1/raw/MONASH/hf_MONASH_job855.root
SIGMAB_COUNTS tag=MONASH species=Sigma*_b- pdg=5114 slice=eta_lt_1 p=10 a=3 file=/data/alice/ipardoza/hadronization_production/HF_RUN3_V1/raw/MONASH/hf_MONASH_job855.root
SIGMAB_COUNTS tag=MONASH species=Sigma*_b- pdg=5114 slice=eta_1_2 p=6 a=6 file=/data/alice/ipardoza/hadronization_production/HF_RUN3_V1/raw/MONASH/hf_MONASH_job855.root
SIGMAB_COUNTS tag=MONASH species=Sigma*_b- pdg=5114 slice=eta_ge_2 p=30 a=23 file=/data/alice/ipardoza/hadronization_production/HF_RUN3_V1/raw/MONASH/hf_MONASH_job855.root
SIGMAB_COUNTS tag=MONASH species=Lambda_b0 pdg=5122 slice=all p=300 a=308 file=/data/alice/ipardoza/hadronization_production/HF_RUN3_V1/raw/MONASH/hf_MONASH_job855.root
SIGMAB_COUNTS tag=MONASH species=Lambda_b0 pdg=5122 slice=eta_lt_1 p=50 a=61 file=/data/alice/ipardoza/hadronization_production/HF_RUN3_V1/raw/MONASH/hf_MONASH_job855.root
SIGMAB_COUNTS tag=MONASH species=Lambda_b0 pdg=5122 slice=eta_1_2 p=61 a=63 file=/data/alice/ipardoza/hadronization_production/HF_RUN3_V1/raw/MONASH/hf_MONASH_job855.root
SIGMAB_COUNTS tag=MONASH species=Lambda_b0 pdg=5122 slice=eta_ge_2 p=189 a=184 file=/data/alice/ipardoza/hadronization_production/HF_RUN3_V1/raw/MONASH/hf_MONASH_job855.root
SIGMAB_COUNTS tag=MONASH species=Xi_b0 pdg=5232 slice=all p=58 a=62 file=/data/alice/ipardoza/hadronization_production/HF_RUN3_V1/raw/MONASH/hf_MONASH_job855.root
SIGMAB_COUNTS tag=MONASH species=Xi_b0 pdg=5232 slice=eta_lt_1 p=15 a=9 file=/data/alice/ipardoza/hadronization_production/HF_RUN3_V1/raw/MONASH/hf_MONASH_job855.root
SIGMAB_COUNTS tag=MONASH species=Xi_b0 pdg=5232 slice=eta_1_2 p=17 a=15 file=/data/alice/ipardoza/hadronization_production/HF_RUN3_V1/raw/MONASH/hf_MONASH_job855.root
SIGMAB_COUNTS tag=MONASH species=Xi_b0 pdg=5232 slice=eta_ge_2 p=26 a=38 file=/data/alice/ipardoza/hadronization_production/HF_RUN3_V1/raw/MONASH/hf_MONASH_job855.root
SIGMAB_COUNTS tag=MONASH species=Xi_b- pdg=5132 slice=all p=60 a=50 file=/data/alice/ipardoza/hadronization_production/HF_RUN3_V1/raw/MONASH/hf_MONASH_job855.root
SIGMAB_COUNTS tag=MONASH species=Xi_b- pdg=5132 slice=eta_lt_1 p=15 a=10 file=/data/alice/ipardoza/hadronization_production/HF_RUN3_V1/raw/MONASH/hf_MONASH_job855.root
SIGMAB_COUNTS tag=MONASH species=Xi_b- pdg=5132 slice=eta_1_2 p=10 a=6 file=/data/alice/ipardoza/hadronization_production/HF_RUN3_V1/raw/MONASH/hf_MONASH_job855.root
SIGMAB_COUNTS tag=MONASH species=Xi_b- pdg=5132 slice=eta_ge_2 p=35 a=34 file=/data/alice/ipardoza/hadronization_production/HF_RUN3_V1/raw/MONASH/hf_MONASH_job855.root
SIGMAB_COUNTS tag=MONASH species=Sigma_b+ pdg=5222 slice=all p=32 a=23 file=/data/alice/ipardoza/hadronization_production/HF_RUN3_V1/raw/MONASH/hf_MONASH_job856.root
SIGMAB_COUNTS tag=MONASH species=Sigma_b+ pdg=5222 slice=eta_lt_1 p=8 a=7 file=/data/alice/ipardoza/hadronization_production/HF_RUN3_V1/raw/MONASH/hf_MONASH_job856.root
SIGMAB_COUNTS tag=MONASH species=Sigma_b+ pdg=5222 slice=eta_1_2 p=8 a=4 file=/data/alice/ipardoza/hadronization_production/HF_RUN3_V1/raw/MONASH/hf_MONASH_job856.root
SIGMAB_COUNTS tag=MONASH species=Sigma_b+ pdg=5222 slice=eta_ge_2 p=16 a=12 file=/data/alice/ipardoza/hadronization_production/HF_RUN3_V1/raw/MONASH/hf_MONASH_job856.root
SIGMAB_COUNTS tag=MONASH species=Sigma_b0 pdg=5212 slice=all p=37 a=22 file=/data/alice/ipardoza/hadronization_production/HF_RUN3_V1/raw/MONASH/hf_MONASH_job856.root
SIGMAB_COUNTS tag=MONASH species=Sigma_b0 pdg=5212 slice=eta_lt_1 p=10 a=5 file=/data/alice/ipardoza/hadronization_production/HF_RUN3_V1/raw/MONASH/hf_MONASH_job856.root
SIGMAB_COUNTS tag=MONASH species=Sigma_b0 pdg=5212 slice=eta_1_2 p=6 a=6 file=/data/alice/ipardoza/hadronization_production/HF_RUN3_V1/raw/MONASH/hf_MONASH_job856.root
SIGMAB_COUNTS tag=MONASH species=Sigma_b0 pdg=5212 slice=eta_ge_2 p=21 a=11 file=/data/alice/ipardoza/hadronization_production/HF_RUN3_V1/raw/MONASH/hf_MONASH_job856.root
SIGMAB_COUNTS tag=MONASH species=Sigma_b- pdg=5112 slice=all p=41 a=20 file=/data/alice/ipardoza/hadronization_production/HF_RUN3_V1/raw/MONASH/hf_MONASH_job856.root
SIGMAB_COUNTS tag=MONASH species=Sigma_b- pdg=5112 slice=eta_lt_1 p=3 a=7 file=/data/alice/ipardoza/hadronization_production/HF_RUN3_V1/raw/MONASH/hf_MONASH_job856.root
SIGMAB_COUNTS tag=MONASH species=Sigma_b- pdg=5112 slice=eta_1_2 p=6 a=4 file=/data/alice/ipardoza/hadronization_production/HF_RUN3_V1/raw/MONASH/hf_MONASH_job856.root
SIGMAB_COUNTS tag=MONASH species=Sigma_b- pdg=5112 slice=eta_ge_2 p=32 a=9 file=/data/alice/ipardoza/hadronization_production/HF_RUN3_V1/raw/MONASH/hf_MONASH_job856.root
SIGMAB_COUNTS tag=MONASH species=Sigma*_b+ pdg=5224 slice=all p=46 a=30 file=/data/alice/ipardoza/hadronization_production/HF_RUN3_V1/raw/MONASH/hf_MONASH_job856.root
SIGMAB_COUNTS tag=MONASH species=Sigma*_b+ pdg=5224 slice=eta_lt_1 p=8 a=3 file=/data/alice/ipardoza/hadronization_production/HF_RUN3_V1/raw/MONASH/hf_MONASH_job856.root
SIGMAB_COUNTS tag=MONASH species=Sigma*_b+ pdg=5224 slice=eta_1_2 p=7 a=8 file=/data/alice/ipardoza/hadronization_production/HF_RUN3_V1/raw/MONASH/hf_MONASH_job856.root
SIGMAB_COUNTS tag=MONASH species=Sigma*_b+ pdg=5224 slice=eta_ge_2 p=31 a=19 file=/data/alice/ipardoza/hadronization_production/HF_RUN3_V1/raw/MONASH/hf_MONASH_job856.root
SIGMAB_COUNTS tag=MONASH species=Sigma*_b0 pdg=5214 slice=all p=45 a=37 file=/data/alice/ipardoza/hadronization_production/HF_RUN3_V1/raw/MONASH/hf_MONASH_job856.root
SIGMAB_COUNTS tag=MONASH species=Sigma*_b0 pdg=5214 slice=eta_lt_1 p=7 a=9 file=/data/alice/ipardoza/hadronization_production/HF_RUN3_V1/raw/MONASH/hf_MONASH_job856.root
SIGMAB_COUNTS tag=MONASH species=Sigma*_b0 pdg=5214 slice=eta_1_2 p=6 a=9 file=/data/alice/ipardoza/hadronization_production/HF_RUN3_V1/raw/MONASH/hf_MONASH_job856.root
SIGMAB_COUNTS tag=MONASH species=Sigma*_b0 pdg=5214 slice=eta_ge_2 p=32 a=19 file=/data/alice/ipardoza/hadronization_production/HF_RUN3_V1/raw/MONASH/hf_MONASH_job856.root
SIGMAB_COUNTS tag=MONASH species=Sigma*_b- pdg=5114 slice=all p=64 a=35 file=/data/alice/ipardoza/hadronization_production/HF_RUN3_V1/raw/MONASH/hf_MONASH_job856.root
SIGMAB_COUNTS tag=MONASH species=Sigma*_b- pdg=5114 slice=eta_lt_1 p=10 a=11 file=/data/alice/ipardoza/hadronization_production/HF_RUN3_V1/raw/MONASH/hf_MONASH_job856.root
SIGMAB_COUNTS tag=MONASH species=Sigma*_b- pdg=5114 slice=eta_1_2 p=12 a=7 file=/data/alice/ipardoza/hadronization_production/HF_RUN3_V1/raw/MONASH/hf_MONASH_job856.root
SIGMAB_COUNTS tag=MONASH species=Sigma*_b- pdg=5114 slice=eta_ge_2 p=42 a=17 file=/data/alice/ipardoza/hadronization_production/HF_RUN3_V1/raw/MONASH/hf_MONASH_job856.root
SIGMAB_COUNTS tag=MONASH species=Lambda_b0 pdg=5122 slice=all p=316 a=324 file=/data/alice/ipardoza/hadronization_production/HF_RUN3_V1/raw/MONASH/hf_MONASH_job856.root
SIGMAB_COUNTS tag=MONASH species=Lambda_b0 pdg=5122 slice=eta_lt_1 p=60 a=51 file=/data/alice/ipardoza/hadronization_production/HF_RUN3_V1/raw/MONASH/hf_MONASH_job856.root
SIGMAB_COUNTS tag=MONASH species=Lambda_b0 pdg=5122 slice=eta_1_2 p=74 a=79 file=/data/alice/ipardoza/hadronization_production/HF_RUN3_V1/raw/MONASH/hf_MONASH_job856.root
SIGMAB_COUNTS tag=MONASH species=Lambda_b0 pdg=5122 slice=eta_ge_2 p=182 a=194 file=/data/alice/ipardoza/hadronization_production/HF_RUN3_V1/raw/MONASH/hf_MONASH_job856.root
SIGMAB_COUNTS tag=MONASH species=Xi_b0 pdg=5232 slice=all p=43 a=65 file=/data/alice/ipardoza/hadronization_production/HF_RUN3_V1/raw/MONASH/hf_MONASH_job856.root
SIGMAB_COUNTS tag=MONASH species=Xi_b0 pdg=5232 slice=eta_lt_1 p=9 a=8 file=/data/alice/ipardoza/hadronization_production/HF_RUN3_V1/raw/MONASH/hf_MONASH_job856.root
SIGMAB_COUNTS tag=MONASH species=Xi_b0 pdg=5232 slice=eta_1_2 p=11 a=14 file=/data/alice/ipardoza/hadronization_production/HF_RUN3_V1/raw/MONASH/hf_MONASH_job856.root
SIGMAB_COUNTS tag=MONASH species=Xi_b0 pdg=5232 slice=eta_ge_2 p=23 a=43 file=/data/alice/ipardoza/hadronization_production/HF_RUN3_V1/raw/MONASH/hf_MONASH_job856.root
SIGMAB_COUNTS tag=MONASH species=Xi_b- pdg=5132 slice=all p=47 a=54 file=/data/alice/ipardoza/hadronization_production/HF_RUN3_V1/raw/MONASH/hf_MONASH_job856.root
SIGMAB_COUNTS tag=MONASH species=Xi_b- pdg=5132 slice=eta_lt_1 p=9 a=9 file=/data/alice/ipardoza/hadronization_production/HF_RUN3_V1/raw/MONASH/hf_MONASH_job856.root
SIGMAB_COUNTS tag=MONASH species=Xi_b- pdg=5132 slice=eta_1_2 p=7 a=15 file=/data/alice/ipardoza/hadronization_production/HF_RUN3_V1/raw/MONASH/hf_MONASH_job856.root
SIGMAB_COUNTS tag=MONASH species=Xi_b- pdg=5132 slice=eta_ge_2 p=31 a=30 file=/data/alice/ipardoza/hadronization_production/HF_RUN3_V1/raw/MONASH/hf_MONASH_job856.root
SIGMAB_COUNTS tag=MONASH species=Sigma_b+ pdg=5222 slice=all p=36 a=19 file=/data/alice/ipardoza/hadronization_production/HF_RUN3_V1/raw/MONASH/hf_MONASH_job857.root
SIGMAB_COUNTS tag=MONASH species=Sigma_b+ pdg=5222 slice=eta_lt_1 p=2 a=3 file=/data/alice/ipardoza/hadronization_production/HF_RUN3_V1/raw/MONASH/hf_MONASH_job857.root
SIGMAB_COUNTS tag=MONASH species=Sigma_b+ pdg=5222 slice=eta_1_2 p=5 a=2 file=/data/alice/ipardoza/hadronization_production/HF_RUN3_V1/raw/MONASH/hf_MONASH_job857.root
SIGMAB_COUNTS tag=MONASH species=Sigma_b+ pdg=5222 slice=eta_ge_2 p=29 a=14 file=/data/alice/ipardoza/hadronization_production/HF_RUN3_V1/raw/MONASH/hf_MONASH_job857.root
SIGMAB_COUNTS tag=MONASH species=Sigma_b0 pdg=5212 slice=all p=37 a=23 file=/data/alice/ipardoza/hadronization_production/HF_RUN3_V1/raw/MONASH/hf_MONASH_job857.root
SIGMAB_COUNTS tag=MONASH species=Sigma_b0 pdg=5212 slice=eta_lt_1 p=7 a=8 file=/data/alice/ipardoza/hadronization_production/HF_RUN3_V1/raw/MONASH/hf_MONASH_job857.root
SIGMAB_COUNTS tag=MONASH species=Sigma_b0 pdg=5212 slice=eta_1_2 p=6 a=3 file=/data/alice/ipardoza/hadronization_production/HF_RUN3_V1/raw/MONASH/hf_MONASH_job857.root
SIGMAB_COUNTS tag=MONASH species=Sigma_b0 pdg=5212 slice=eta_ge_2 p=24 a=12 file=/data/alice/ipardoza/hadronization_production/HF_RUN3_V1/raw/MONASH/hf_MONASH_job857.root
SIGMAB_COUNTS tag=MONASH species=Sigma_b- pdg=5112 slice=all p=30 a=18 file=/data/alice/ipardoza/hadronization_production/HF_RUN3_V1/raw/MONASH/hf_MONASH_job857.root
SIGMAB_COUNTS tag=MONASH species=Sigma_b- pdg=5112 slice=eta_lt_1 p=3 a=5 file=/data/alice/ipardoza/hadronization_production/HF_RUN3_V1/raw/MONASH/hf_MONASH_job857.root
SIGMAB_COUNTS tag=MONASH species=Sigma_b- pdg=5112 slice=eta_1_2 p=9 a=5 file=/data/alice/ipardoza/hadronization_production/HF_RUN3_V1/raw/MONASH/hf_MONASH_job857.root
SIGMAB_COUNTS tag=MONASH species=Sigma_b- pdg=5112 slice=eta_ge_2 p=18 a=8 file=/data/alice/ipardoza/hadronization_production/HF_RUN3_V1/raw/MONASH/hf_MONASH_job857.root
SIGMAB_COUNTS tag=MONASH species=Sigma*_b+ pdg=5224 slice=all p=41 a=42 file=/data/alice/ipardoza/hadronization_production/HF_RUN3_V1/raw/MONASH/hf_MONASH_job857.root
SIGMAB_COUNTS tag=MONASH species=Sigma*_b+ pdg=5224 slice=eta_lt_1 p=6 a=10 file=/data/alice/ipardoza/hadronization_production/HF_RUN3_V1/raw/MONASH/hf_MONASH_job857.root
SIGMAB_COUNTS tag=MONASH species=Sigma*_b+ pdg=5224 slice=eta_1_2 p=6 a=7 file=/data/alice/ipardoza/hadronization_production/HF_RUN3_V1/raw/MONASH/hf_MONASH_job857.root
SIGMAB_COUNTS tag=MONASH species=Sigma*_b+ pdg=5224 slice=eta_ge_2 p=29 a=25 file=/data/alice/ipardoza/hadronization_production/HF_RUN3_V1/raw/MONASH/hf_MONASH_job857.root
SIGMAB_COUNTS tag=MONASH species=Sigma*_b0 pdg=5214 slice=all p=54 a=41 file=/data/alice/ipardoza/hadronization_production/HF_RUN3_V1/raw/MONASH/hf_MONASH_job857.root
SIGMAB_COUNTS tag=MONASH species=Sigma*_b0 pdg=5214 slice=eta_lt_1 p=15 a=5 file=/data/alice/ipardoza/hadronization_production/HF_RUN3_V1/raw/MONASH/hf_MONASH_job857.root
SIGMAB_COUNTS tag=MONASH species=Sigma*_b0 pdg=5214 slice=eta_1_2 p=13 a=9 file=/data/alice/ipardoza/hadronization_production/HF_RUN3_V1/raw/MONASH/hf_MONASH_job857.root
SIGMAB_COUNTS tag=MONASH species=Sigma*_b0 pdg=5214 slice=eta_ge_2 p=26 a=27 file=/data/alice/ipardoza/hadronization_production/HF_RUN3_V1/raw/MONASH/hf_MONASH_job857.root
SIGMAB_COUNTS tag=MONASH species=Sigma*_b- pdg=5114 slice=all p=39 a=40 file=/data/alice/ipardoza/hadronization_production/HF_RUN3_V1/raw/MONASH/hf_MONASH_job857.root
SIGMAB_COUNTS tag=MONASH species=Sigma*_b- pdg=5114 slice=eta_lt_1 p=7 a=11 file=/data/alice/ipardoza/hadronization_production/HF_RUN3_V1/raw/MONASH/hf_MONASH_job857.root
SIGMAB_COUNTS tag=MONASH species=Sigma*_b- pdg=5114 slice=eta_1_2 p=8 a=2 file=/data/alice/ipardoza/hadronization_production/HF_RUN3_V1/raw/MONASH/hf_MONASH_job857.root
SIGMAB_COUNTS tag=MONASH species=Sigma*_b- pdg=5114 slice=eta_ge_2 p=24 a=27 file=/data/alice/ipardoza/hadronization_production/HF_RUN3_V1/raw/MONASH/hf_MONASH_job857.root
SIGMAB_COUNTS tag=MONASH species=Lambda_b0 pdg=5122 slice=all p=286 a=300 file=/data/alice/ipardoza/hadronization_production/HF_RUN3_V1/raw/MONASH/hf_MONASH_job857.root
SIGMAB_COUNTS tag=MONASH species=Lambda_b0 pdg=5122 slice=eta_lt_1 p=49 a=46 file=/data/alice/ipardoza/hadronization_production/HF_RUN3_V1/raw/MONASH/hf_MONASH_job857.root
SIGMAB_COUNTS tag=MONASH species=Lambda_b0 pdg=5122 slice=eta_1_2 p=59 a=81 file=/data/alice/ipardoza/hadronization_production/HF_RUN3_V1/raw/MONASH/hf_MONASH_job857.root
SIGMAB_COUNTS tag=MONASH species=Lambda_b0 pdg=5122 slice=eta_ge_2 p=178 a=173 file=/data/alice/ipardoza/hadronization_production/HF_RUN3_V1/raw/MONASH/hf_MONASH_job857.root
SIGMAB_COUNTS tag=MONASH species=Xi_b0 pdg=5232 slice=all p=58 a=62 file=/data/alice/ipardoza/hadronization_production/HF_RUN3_V1/raw/MONASH/hf_MONASH_job857.root
SIGMAB_COUNTS tag=MONASH species=Xi_b0 pdg=5232 slice=eta_lt_1 p=12 a=10 file=/data/alice/ipardoza/hadronization_production/HF_RUN3_V1/raw/MONASH/hf_MONASH_job857.root
SIGMAB_COUNTS tag=MONASH species=Xi_b0 pdg=5232 slice=eta_1_2 p=13 a=12 file=/data/alice/ipardoza/hadronization_production/HF_RUN3_V1/raw/MONASH/hf_MONASH_job857.root
SIGMAB_COUNTS tag=MONASH species=Xi_b0 pdg=5232 slice=eta_ge_2 p=33 a=40 file=/data/alice/ipardoza/hadronization_production/HF_RUN3_V1/raw/MONASH/hf_MONASH_job857.root
SIGMAB_COUNTS tag=MONASH species=Xi_b- pdg=5132 slice=all p=64 a=69 file=/data/alice/ipardoza/hadronization_production/HF_RUN3_V1/raw/MONASH/hf_MONASH_job857.root
SIGMAB_COUNTS tag=MONASH species=Xi_b- pdg=5132 slice=eta_lt_1 p=9 a=11 file=/data/alice/ipardoza/hadronization_production/HF_RUN3_V1/raw/MONASH/hf_MONASH_job857.root
SIGMAB_COUNTS tag=MONASH species=Xi_b- pdg=5132 slice=eta_1_2 p=17 a=12 file=/data/alice/ipardoza/hadronization_production/HF_RUN3_V1/raw/MONASH/hf_MONASH_job857.root
SIGMAB_COUNTS tag=MONASH species=Xi_b- pdg=5132 slice=eta_ge_2 p=38 a=46 file=/data/alice/ipardoza/hadronization_production/HF_RUN3_V1/raw/MONASH/hf_MONASH_job857.root
SIGMAB_COUNTS tag=MONASH species=Sigma_b+ pdg=5222 slice=all p=39 a=18 file=/data/alice/ipardoza/hadronization_production/HF_RUN3_V1/raw/MONASH/hf_MONASH_job858.root
SIGMAB_COUNTS tag=MONASH species=Sigma_b+ pdg=5222 slice=eta_lt_1 p=3 a=3 file=/data/alice/ipardoza/hadronization_production/HF_RUN3_V1/raw/MONASH/hf_MONASH_job858.root
SIGMAB_COUNTS tag=MONASH species=Sigma_b+ pdg=5222 slice=eta_1_2 p=4 a=5 file=/data/alice/ipardoza/hadronization_production/HF_RUN3_V1/raw/MONASH/hf_MONASH_job858.root
SIGMAB_COUNTS tag=MONASH species=Sigma_b+ pdg=5222 slice=eta_ge_2 p=32 a=10 file=/data/alice/ipardoza/hadronization_production/HF_RUN3_V1/raw/MONASH/hf_MONASH_job858.root
SIGMAB_COUNTS tag=MONASH species=Sigma_b0 pdg=5212 slice=all p=21 a=21 file=/data/alice/ipardoza/hadronization_production/HF_RUN3_V1/raw/MONASH/hf_MONASH_job858.root
SIGMAB_COUNTS tag=MONASH species=Sigma_b0 pdg=5212 slice=eta_lt_1 p=5 a=4 file=/data/alice/ipardoza/hadronization_production/HF_RUN3_V1/raw/MONASH/hf_MONASH_job858.root
SIGMAB_COUNTS tag=MONASH species=Sigma_b0 pdg=5212 slice=eta_1_2 p=6 a=7 file=/data/alice/ipardoza/hadronization_production/HF_RUN3_V1/raw/MONASH/hf_MONASH_job858.root
SIGMAB_COUNTS tag=MONASH species=Sigma_b0 pdg=5212 slice=eta_ge_2 p=10 a=10 file=/data/alice/ipardoza/hadronization_production/HF_RUN3_V1/raw/MONASH/hf_MONASH_job858.root
SIGMAB_COUNTS tag=MONASH species=Sigma_b- pdg=5112 slice=all p=33 a=18 file=/data/alice/ipardoza/hadronization_production/HF_RUN3_V1/raw/MONASH/hf_MONASH_job858.root
SIGMAB_COUNTS tag=MONASH species=Sigma_b- pdg=5112 slice=eta_lt_1 p=5 a=6 file=/data/alice/ipardoza/hadronization_production/HF_RUN3_V1/raw/MONASH/hf_MONASH_job858.root
SIGMAB_COUNTS tag=MONASH species=Sigma_b- pdg=5112 slice=eta_1_2 p=6 a=2 file=/data/alice/ipardoza/hadronization_production/HF_RUN3_V1/raw/MONASH/hf_MONASH_job858.root
SIGMAB_COUNTS tag=MONASH species=Sigma_b- pdg=5112 slice=eta_ge_2 p=22 a=10 file=/data/alice/ipardoza/hadronization_production/HF_RUN3_V1/raw/MONASH/hf_MONASH_job858.root
SIGMAB_COUNTS tag=MONASH species=Sigma*_b+ pdg=5224 slice=all p=55 a=33 file=/data/alice/ipardoza/hadronization_production/HF_RUN3_V1/raw/MONASH/hf_MONASH_job858.root
SIGMAB_COUNTS tag=MONASH species=Sigma*_b+ pdg=5224 slice=eta_lt_1 p=14 a=4 file=/data/alice/ipardoza/hadronization_production/HF_RUN3_V1/raw/MONASH/hf_MONASH_job858.root
SIGMAB_COUNTS tag=MONASH species=Sigma*_b+ pdg=5224 slice=eta_1_2 p=9 a=7 file=/data/alice/ipardoza/hadronization_production/HF_RUN3_V1/raw/MONASH/hf_MONASH_job858.root
SIGMAB_COUNTS tag=MONASH species=Sigma*_b+ pdg=5224 slice=eta_ge_2 p=32 a=22 file=/data/alice/ipardoza/hadronization_production/HF_RUN3_V1/raw/MONASH/hf_MONASH_job858.root
SIGMAB_COUNTS tag=MONASH species=Sigma*_b0 pdg=5214 slice=all p=52 a=53 file=/data/alice/ipardoza/hadronization_production/HF_RUN3_V1/raw/MONASH/hf_MONASH_job858.root
SIGMAB_COUNTS tag=MONASH species=Sigma*_b0 pdg=5214 slice=eta_lt_1 p=8 a=12 file=/data/alice/ipardoza/hadronization_production/HF_RUN3_V1/raw/MONASH/hf_MONASH_job858.root
SIGMAB_COUNTS tag=MONASH species=Sigma*_b0 pdg=5214 slice=eta_1_2 p=11 a=9 file=/data/alice/ipardoza/hadronization_production/HF_RUN3_V1/raw/MONASH/hf_MONASH_job858.root
SIGMAB_COUNTS tag=MONASH species=Sigma*_b0 pdg=5214 slice=eta_ge_2 p=33 a=32 file=/data/alice/ipardoza/hadronization_production/HF_RUN3_V1/raw/MONASH/hf_MONASH_job858.root
SIGMAB_COUNTS tag=MONASH species=Sigma*_b- pdg=5114 slice=all p=51 a=34 file=/data/alice/ipardoza/hadronization_production/HF_RUN3_V1/raw/MONASH/hf_MONASH_job858.root
SIGMAB_COUNTS tag=MONASH species=Sigma*_b- pdg=5114 slice=eta_lt_1 p=10 a=5 file=/data/alice/ipardoza/hadronization_production/HF_RUN3_V1/raw/MONASH/hf_MONASH_job858.root
SIGMAB_COUNTS tag=MONASH species=Sigma*_b- pdg=5114 slice=eta_1_2 p=11 a=4 file=/data/alice/ipardoza/hadronization_production/HF_RUN3_V1/raw/MONASH/hf_MONASH_job858.root
SIGMAB_COUNTS tag=MONASH species=Sigma*_b- pdg=5114 slice=eta_ge_2 p=30 a=25 file=/data/alice/ipardoza/hadronization_production/HF_RUN3_V1/raw/MONASH/hf_MONASH_job858.root
SIGMAB_COUNTS tag=MONASH species=Lambda_b0 pdg=5122 slice=all p=309 a=327 file=/data/alice/ipardoza/hadronization_production/HF_RUN3_V1/raw/MONASH/hf_MONASH_job858.root
SIGMAB_COUNTS tag=MONASH species=Lambda_b0 pdg=5122 slice=eta_lt_1 p=55 a=62 file=/data/alice/ipardoza/hadronization_production/HF_RUN3_V1/raw/MONASH/hf_MONASH_job858.root
SIGMAB_COUNTS tag=MONASH species=Lambda_b0 pdg=5122 slice=eta_1_2 p=61 a=72 file=/data/alice/ipardoza/hadronization_production/HF_RUN3_V1/raw/MONASH/hf_MONASH_job858.root
SIGMAB_COUNTS tag=MONASH species=Lambda_b0 pdg=5122 slice=eta_ge_2 p=193 a=193 file=/data/alice/ipardoza/hadronization_production/HF_RUN3_V1/raw/MONASH/hf_MONASH_job858.root
SIGMAB_COUNTS tag=MONASH species=Xi_b0 pdg=5232 slice=all p=68 a=51 file=/data/alice/ipardoza/hadronization_production/HF_RUN3_V1/raw/MONASH/hf_MONASH_job858.root
SIGMAB_COUNTS tag=MONASH species=Xi_b0 pdg=5232 slice=eta_lt_1 p=14 a=12 file=/data/alice/ipardoza/hadronization_production/HF_RUN3_V1/raw/MONASH/hf_MONASH_job858.root
SIGMAB_COUNTS tag=MONASH species=Xi_b0 pdg=5232 slice=eta_1_2 p=9 a=6 file=/data/alice/ipardoza/hadronization_production/HF_RUN3_V1/raw/MONASH/hf_MONASH_job858.root
SIGMAB_COUNTS tag=MONASH species=Xi_b0 pdg=5232 slice=eta_ge_2 p=45 a=33 file=/data/alice/ipardoza/hadronization_production/HF_RUN3_V1/raw/MONASH/hf_MONASH_job858.root
SIGMAB_COUNTS tag=MONASH species=Xi_b- pdg=5132 slice=all p=50 a=74 file=/data/alice/ipardoza/hadronization_production/HF_RUN3_V1/raw/MONASH/hf_MONASH_job858.root
SIGMAB_COUNTS tag=MONASH species=Xi_b- pdg=5132 slice=eta_lt_1 p=12 a=13 file=/data/alice/ipardoza/hadronization_production/HF_RUN3_V1/raw/MONASH/hf_MONASH_job858.root
SIGMAB_COUNTS tag=MONASH species=Xi_b- pdg=5132 slice=eta_1_2 p=11 a=19 file=/data/alice/ipardoza/hadronization_production/HF_RUN3_V1/raw/MONASH/hf_MONASH_job858.root
SIGMAB_COUNTS tag=MONASH species=Xi_b- pdg=5132 slice=eta_ge_2 p=27 a=42 file=/data/alice/ipardoza/hadronization_production/HF_RUN3_V1/raw/MONASH/hf_MONASH_job858.root
SIGMAB_COUNTS tag=MONASH species=Sigma_b+ pdg=5222 slice=all p=28 a=29 file=/data/alice/ipardoza/hadronization_production/HF_RUN3_V1/raw/MONASH/hf_MONASH_job859.root
SIGMAB_COUNTS tag=MONASH species=Sigma_b+ pdg=5222 slice=eta_lt_1 p=3 a=4 file=/data/alice/ipardoza/hadronization_production/HF_RUN3_V1/raw/MONASH/hf_MONASH_job859.root
SIGMAB_COUNTS tag=MONASH species=Sigma_b+ pdg=5222 slice=eta_1_2 p=5 a=7 file=/data/alice/ipardoza/hadronization_production/HF_RUN3_V1/raw/MONASH/hf_MONASH_job859.root
SIGMAB_COUNTS tag=MONASH species=Sigma_b+ pdg=5222 slice=eta_ge_2 p=20 a=18 file=/data/alice/ipardoza/hadronization_production/HF_RUN3_V1/raw/MONASH/hf_MONASH_job859.root
SIGMAB_COUNTS tag=MONASH species=Sigma_b0 pdg=5212 slice=all p=33 a=20 file=/data/alice/ipardoza/hadronization_production/HF_RUN3_V1/raw/MONASH/hf_MONASH_job859.root
SIGMAB_COUNTS tag=MONASH species=Sigma_b0 pdg=5212 slice=eta_lt_1 p=4 a=2 file=/data/alice/ipardoza/hadronization_production/HF_RUN3_V1/raw/MONASH/hf_MONASH_job859.root
SIGMAB_COUNTS tag=MONASH species=Sigma_b0 pdg=5212 slice=eta_1_2 p=7 a=6 file=/data/alice/ipardoza/hadronization_production/HF_RUN3_V1/raw/MONASH/hf_MONASH_job859.root
SIGMAB_COUNTS tag=MONASH species=Sigma_b0 pdg=5212 slice=eta_ge_2 p=22 a=12 file=/data/alice/ipardoza/hadronization_production/HF_RUN3_V1/raw/MONASH/hf_MONASH_job859.root
SIGMAB_COUNTS tag=MONASH species=Sigma_b- pdg=5112 slice=all p=38 a=18 file=/data/alice/ipardoza/hadronization_production/HF_RUN3_V1/raw/MONASH/hf_MONASH_job859.root
SIGMAB_COUNTS tag=MONASH species=Sigma_b- pdg=5112 slice=eta_lt_1 p=8 a=7 file=/data/alice/ipardoza/hadronization_production/HF_RUN3_V1/raw/MONASH/hf_MONASH_job859.root
SIGMAB_COUNTS tag=MONASH species=Sigma_b- pdg=5112 slice=eta_1_2 p=9 a=6 file=/data/alice/ipardoza/hadronization_production/HF_RUN3_V1/raw/MONASH/hf_MONASH_job859.root
SIGMAB_COUNTS tag=MONASH species=Sigma_b- pdg=5112 slice=eta_ge_2 p=21 a=5 file=/data/alice/ipardoza/hadronization_production/HF_RUN3_V1/raw/MONASH/hf_MONASH_job859.root
SIGMAB_COUNTS tag=MONASH species=Sigma*_b+ pdg=5224 slice=all p=54 a=50 file=/data/alice/ipardoza/hadronization_production/HF_RUN3_V1/raw/MONASH/hf_MONASH_job859.root
SIGMAB_COUNTS tag=MONASH species=Sigma*_b+ pdg=5224 slice=eta_lt_1 p=11 a=8 file=/data/alice/ipardoza/hadronization_production/HF_RUN3_V1/raw/MONASH/hf_MONASH_job859.root
SIGMAB_COUNTS tag=MONASH species=Sigma*_b+ pdg=5224 slice=eta_1_2 p=8 a=13 file=/data/alice/ipardoza/hadronization_production/HF_RUN3_V1/raw/MONASH/hf_MONASH_job859.root
SIGMAB_COUNTS tag=MONASH species=Sigma*_b+ pdg=5224 slice=eta_ge_2 p=35 a=29 file=/data/alice/ipardoza/hadronization_production/HF_RUN3_V1/raw/MONASH/hf_MONASH_job859.root
SIGMAB_COUNTS tag=MONASH species=Sigma*_b0 pdg=5214 slice=all p=50 a=34 file=/data/alice/ipardoza/hadronization_production/HF_RUN3_V1/raw/MONASH/hf_MONASH_job859.root
SIGMAB_COUNTS tag=MONASH species=Sigma*_b0 pdg=5214 slice=eta_lt_1 p=6 a=9 file=/data/alice/ipardoza/hadronization_production/HF_RUN3_V1/raw/MONASH/hf_MONASH_job859.root
SIGMAB_COUNTS tag=MONASH species=Sigma*_b0 pdg=5214 slice=eta_1_2 p=8 a=4 file=/data/alice/ipardoza/hadronization_production/HF_RUN3_V1/raw/MONASH/hf_MONASH_job859.root
SIGMAB_COUNTS tag=MONASH species=Sigma*_b0 pdg=5214 slice=eta_ge_2 p=36 a=21 file=/data/alice/ipardoza/hadronization_production/HF_RUN3_V1/raw/MONASH/hf_MONASH_job859.root
SIGMAB_COUNTS tag=MONASH species=Sigma*_b- pdg=5114 slice=all p=46 a=29 file=/data/alice/ipardoza/hadronization_production/HF_RUN3_V1/raw/MONASH/hf_MONASH_job859.root
SIGMAB_COUNTS tag=MONASH species=Sigma*_b- pdg=5114 slice=eta_lt_1 p=6 a=4 file=/data/alice/ipardoza/hadronization_production/HF_RUN3_V1/raw/MONASH/hf_MONASH_job859.root
SIGMAB_COUNTS tag=MONASH species=Sigma*_b- pdg=5114 slice=eta_1_2 p=10 a=7 file=/data/alice/ipardoza/hadronization_production/HF_RUN3_V1/raw/MONASH/hf_MONASH_job859.root
SIGMAB_COUNTS tag=MONASH species=Sigma*_b- pdg=5114 slice=eta_ge_2 p=30 a=18 file=/data/alice/ipardoza/hadronization_production/HF_RUN3_V1/raw/MONASH/hf_MONASH_job859.root
SIGMAB_COUNTS tag=MONASH species=Lambda_b0 pdg=5122 slice=all p=328 a=315 file=/data/alice/ipardoza/hadronization_production/HF_RUN3_V1/raw/MONASH/hf_MONASH_job859.root
SIGMAB_COUNTS tag=MONASH species=Lambda_b0 pdg=5122 slice=eta_lt_1 p=54 a=65 file=/data/alice/ipardoza/hadronization_production/HF_RUN3_V1/raw/MONASH/hf_MONASH_job859.root
SIGMAB_COUNTS tag=MONASH species=Lambda_b0 pdg=5122 slice=eta_1_2 p=66 a=63 file=/data/alice/ipardoza/hadronization_production/HF_RUN3_V1/raw/MONASH/hf_MONASH_job859.root
SIGMAB_COUNTS tag=MONASH species=Lambda_b0 pdg=5122 slice=eta_ge_2 p=208 a=187 file=/data/alice/ipardoza/hadronization_production/HF_RUN3_V1/raw/MONASH/hf_MONASH_job859.root
SIGMAB_COUNTS tag=MONASH species=Xi_b0 pdg=5232 slice=all p=53 a=69 file=/data/alice/ipardoza/hadronization_production/HF_RUN3_V1/raw/MONASH/hf_MONASH_job859.root
SIGMAB_COUNTS tag=MONASH species=Xi_b0 pdg=5232 slice=eta_lt_1 p=14 a=10 file=/data/alice/ipardoza/hadronization_production/HF_RUN3_V1/raw/MONASH/hf_MONASH_job859.root
SIGMAB_COUNTS tag=MONASH species=Xi_b0 pdg=5232 slice=eta_1_2 p=8 a=16 file=/data/alice/ipardoza/hadronization_production/HF_RUN3_V1/raw/MONASH/hf_MONASH_job859.root
SIGMAB_COUNTS tag=MONASH species=Xi_b0 pdg=5232 slice=eta_ge_2 p=31 a=43 file=/data/alice/ipardoza/hadronization_production/HF_RUN3_V1/raw/MONASH/hf_MONASH_job859.root
SIGMAB_COUNTS tag=MONASH species=Xi_b- pdg=5132 slice=all p=57 a=56 file=/data/alice/ipardoza/hadronization_production/HF_RUN3_V1/raw/MONASH/hf_MONASH_job859.root
SIGMAB_COUNTS tag=MONASH species=Xi_b- pdg=5132 slice=eta_lt_1 p=12 a=4 file=/data/alice/ipardoza/hadronization_production/HF_RUN3_V1/raw/MONASH/hf_MONASH_job859.root
SIGMAB_COUNTS tag=MONASH species=Xi_b- pdg=5132 slice=eta_1_2 p=14 a=19 file=/data/alice/ipardoza/hadronization_production/HF_RUN3_V1/raw/MONASH/hf_MONASH_job859.root
SIGMAB_COUNTS tag=MONASH species=Xi_b- pdg=5132 slice=eta_ge_2 p=31 a=33 file=/data/alice/ipardoza/hadronization_production/HF_RUN3_V1/raw/MONASH/hf_MONASH_job859.root
SIGMAB_COUNTS tag=MONASH species=Sigma_b+ pdg=5222 slice=all p=31 a=22 file=/data/alice/ipardoza/hadronization_production/HF_RUN3_V1/raw/MONASH/hf_MONASH_job860.root
SIGMAB_COUNTS tag=MONASH species=Sigma_b+ pdg=5222 slice=eta_lt_1 p=5 a=3 file=/data/alice/ipardoza/hadronization_production/HF_RUN3_V1/raw/MONASH/hf_MONASH_job860.root
SIGMAB_COUNTS tag=MONASH species=Sigma_b+ pdg=5222 slice=eta_1_2 p=2 a=4 file=/data/alice/ipardoza/hadronization_production/HF_RUN3_V1/raw/MONASH/hf_MONASH_job860.root
SIGMAB_COUNTS tag=MONASH species=Sigma_b+ pdg=5222 slice=eta_ge_2 p=24 a=15 file=/data/alice/ipardoza/hadronization_production/HF_RUN3_V1/raw/MONASH/hf_MONASH_job860.root
SIGMAB_COUNTS tag=MONASH species=Sigma_b0 pdg=5212 slice=all p=32 a=25 file=/data/alice/ipardoza/hadronization_production/HF_RUN3_V1/raw/MONASH/hf_MONASH_job860.root
SIGMAB_COUNTS tag=MONASH species=Sigma_b0 pdg=5212 slice=eta_lt_1 p=8 a=7 file=/data/alice/ipardoza/hadronization_production/HF_RUN3_V1/raw/MONASH/hf_MONASH_job860.root
SIGMAB_COUNTS tag=MONASH species=Sigma_b0 pdg=5212 slice=eta_1_2 p=4 a=3 file=/data/alice/ipardoza/hadronization_production/HF_RUN3_V1/raw/MONASH/hf_MONASH_job860.root
SIGMAB_COUNTS tag=MONASH species=Sigma_b0 pdg=5212 slice=eta_ge_2 p=20 a=15 file=/data/alice/ipardoza/hadronization_production/HF_RUN3_V1/raw/MONASH/hf_MONASH_job860.root
SIGMAB_COUNTS tag=MONASH species=Sigma_b- pdg=5112 slice=all p=43 a=20 file=/data/alice/ipardoza/hadronization_production/HF_RUN3_V1/raw/MONASH/hf_MONASH_job860.root
SIGMAB_COUNTS tag=MONASH species=Sigma_b- pdg=5112 slice=eta_lt_1 p=8 a=5 file=/data/alice/ipardoza/hadronization_production/HF_RUN3_V1/raw/MONASH/hf_MONASH_job860.root
SIGMAB_COUNTS tag=MONASH species=Sigma_b- pdg=5112 slice=eta_1_2 p=4 a=8 file=/data/alice/ipardoza/hadronization_production/HF_RUN3_V1/raw/MONASH/hf_MONASH_job860.root
SIGMAB_COUNTS tag=MONASH species=Sigma_b- pdg=5112 slice=eta_ge_2 p=31 a=7 file=/data/alice/ipardoza/hadronization_production/HF_RUN3_V1/raw/MONASH/hf_MONASH_job860.root
SIGMAB_COUNTS tag=MONASH species=Sigma*_b+ pdg=5224 slice=all p=49 a=27 file=/data/alice/ipardoza/hadronization_production/HF_RUN3_V1/raw/MONASH/hf_MONASH_job860.root
SIGMAB_COUNTS tag=MONASH species=Sigma*_b+ pdg=5224 slice=eta_lt_1 p=5 a=5 file=/data/alice/ipardoza/hadronization_production/HF_RUN3_V1/raw/MONASH/hf_MONASH_job860.root
SIGMAB_COUNTS tag=MONASH species=Sigma*_b+ pdg=5224 slice=eta_1_2 p=8 a=6 file=/data/alice/ipardoza/hadronization_production/HF_RUN3_V1/raw/MONASH/hf_MONASH_job860.root
SIGMAB_COUNTS tag=MONASH species=Sigma*_b+ pdg=5224 slice=eta_ge_2 p=36 a=16 file=/data/alice/ipardoza/hadronization_production/HF_RUN3_V1/raw/MONASH/hf_MONASH_job860.root
SIGMAB_COUNTS tag=MONASH species=Sigma*_b0 pdg=5214 slice=all p=50 a=35 file=/data/alice/ipardoza/hadronization_production/HF_RUN3_V1/raw/MONASH/hf_MONASH_job860.root
SIGMAB_COUNTS tag=MONASH species=Sigma*_b0 pdg=5214 slice=eta_lt_1 p=11 a=6 file=/data/alice/ipardoza/hadronization_production/HF_RUN3_V1/raw/MONASH/hf_MONASH_job860.root
SIGMAB_COUNTS tag=MONASH species=Sigma*_b0 pdg=5214 slice=eta_1_2 p=11 a=6 file=/data/alice/ipardoza/hadronization_production/HF_RUN3_V1/raw/MONASH/hf_MONASH_job860.root
SIGMAB_COUNTS tag=MONASH species=Sigma*_b0 pdg=5214 slice=eta_ge_2 p=28 a=23 file=/data/alice/ipardoza/hadronization_production/HF_RUN3_V1/raw/MONASH/hf_MONASH_job860.root
SIGMAB_COUNTS tag=MONASH species=Sigma*_b- pdg=5114 slice=all p=40 a=45 file=/data/alice/ipardoza/hadronization_production/HF_RUN3_V1/raw/MONASH/hf_MONASH_job860.root
SIGMAB_COUNTS tag=MONASH species=Sigma*_b- pdg=5114 slice=eta_lt_1 p=11 a=9 file=/data/alice/ipardoza/hadronization_production/HF_RUN3_V1/raw/MONASH/hf_MONASH_job860.root
SIGMAB_COUNTS tag=MONASH species=Sigma*_b- pdg=5114 slice=eta_1_2 p=8 a=7 file=/data/alice/ipardoza/hadronization_production/HF_RUN3_V1/raw/MONASH/hf_MONASH_job860.root
SIGMAB_COUNTS tag=MONASH species=Sigma*_b- pdg=5114 slice=eta_ge_2 p=21 a=29 file=/data/alice/ipardoza/hadronization_production/HF_RUN3_V1/raw/MONASH/hf_MONASH_job860.root
SIGMAB_COUNTS tag=MONASH species=Lambda_b0 pdg=5122 slice=all p=318 a=316 file=/data/alice/ipardoza/hadronization_production/HF_RUN3_V1/raw/MONASH/hf_MONASH_job860.root
SIGMAB_COUNTS tag=MONASH species=Lambda_b0 pdg=5122 slice=eta_lt_1 p=62 a=68 file=/data/alice/ipardoza/hadronization_production/HF_RUN3_V1/raw/MONASH/hf_MONASH_job860.root
SIGMAB_COUNTS tag=MONASH species=Lambda_b0 pdg=5122 slice=eta_1_2 p=78 a=57 file=/data/alice/ipardoza/hadronization_production/HF_RUN3_V1/raw/MONASH/hf_MONASH_job860.root
SIGMAB_COUNTS tag=MONASH species=Lambda_b0 pdg=5122 slice=eta_ge_2 p=178 a=191 file=/data/alice/ipardoza/hadronization_production/HF_RUN3_V1/raw/MONASH/hf_MONASH_job860.root
SIGMAB_COUNTS tag=MONASH species=Xi_b0 pdg=5232 slice=all p=48 a=72 file=/data/alice/ipardoza/hadronization_production/HF_RUN3_V1/raw/MONASH/hf_MONASH_job860.root
SIGMAB_COUNTS tag=MONASH species=Xi_b0 pdg=5232 slice=eta_lt_1 p=9 a=10 file=/data/alice/ipardoza/hadronization_production/HF_RUN3_V1/raw/MONASH/hf_MONASH_job860.root
SIGMAB_COUNTS tag=MONASH species=Xi_b0 pdg=5232 slice=eta_1_2 p=11 a=19 file=/data/alice/ipardoza/hadronization_production/HF_RUN3_V1/raw/MONASH/hf_MONASH_job860.root
SIGMAB_COUNTS tag=MONASH species=Xi_b0 pdg=5232 slice=eta_ge_2 p=28 a=43 file=/data/alice/ipardoza/hadronization_production/HF_RUN3_V1/raw/MONASH/hf_MONASH_job860.root
SIGMAB_COUNTS tag=MONASH species=Xi_b- pdg=5132 slice=all p=63 a=54 file=/data/alice/ipardoza/hadronization_production/HF_RUN3_V1/raw/MONASH/hf_MONASH_job860.root
SIGMAB_COUNTS tag=MONASH species=Xi_b- pdg=5132 slice=eta_lt_1 p=17 a=7 file=/data/alice/ipardoza/hadronization_production/HF_RUN3_V1/raw/MONASH/hf_MONASH_job860.root
SIGMAB_COUNTS tag=MONASH species=Xi_b- pdg=5132 slice=eta_1_2 p=8 a=14 file=/data/alice/ipardoza/hadronization_production/HF_RUN3_V1/raw/MONASH/hf_MONASH_job860.root
SIGMAB_COUNTS tag=MONASH species=Xi_b- pdg=5132 slice=eta_ge_2 p=38 a=33 file=/data/alice/ipardoza/hadronization_production/HF_RUN3_V1/raw/MONASH/hf_MONASH_job860.root
SIGMAB_COUNTS tag=MONASH species=Sigma_b+ pdg=5222 slice=all p=25 a=21 file=/data/alice/ipardoza/hadronization_production/HF_RUN3_V1/raw/MONASH/hf_MONASH_job861.root
SIGMAB_COUNTS tag=MONASH species=Sigma_b+ pdg=5222 slice=eta_lt_1 p=8 a=4 file=/data/alice/ipardoza/hadronization_production/HF_RUN3_V1/raw/MONASH/hf_MONASH_job861.root
SIGMAB_COUNTS tag=MONASH species=Sigma_b+ pdg=5222 slice=eta_1_2 p=3 a=2 file=/data/alice/ipardoza/hadronization_production/HF_RUN3_V1/raw/MONASH/hf_MONASH_job861.root
SIGMAB_COUNTS tag=MONASH species=Sigma_b+ pdg=5222 slice=eta_ge_2 p=14 a=15 file=/data/alice/ipardoza/hadronization_production/HF_RUN3_V1/raw/MONASH/hf_MONASH_job861.root
SIGMAB_COUNTS tag=MONASH species=Sigma_b0 pdg=5212 slice=all p=27 a=25 file=/data/alice/ipardoza/hadronization_production/HF_RUN3_V1/raw/MONASH/hf_MONASH_job861.root
SIGMAB_COUNTS tag=MONASH species=Sigma_b0 pdg=5212 slice=eta_lt_1 p=7 a=4 file=/data/alice/ipardoza/hadronization_production/HF_RUN3_V1/raw/MONASH/hf_MONASH_job861.root
SIGMAB_COUNTS tag=MONASH species=Sigma_b0 pdg=5212 slice=eta_1_2 p=7 a=4 file=/data/alice/ipardoza/hadronization_production/HF_RUN3_V1/raw/MONASH/hf_MONASH_job861.root
SIGMAB_COUNTS tag=MONASH species=Sigma_b0 pdg=5212 slice=eta_ge_2 p=13 a=17 file=/data/alice/ipardoza/hadronization_production/HF_RUN3_V1/raw/MONASH/hf_MONASH_job861.root
SIGMAB_COUNTS tag=MONASH species=Sigma_b- pdg=5112 slice=all p=29 a=22 file=/data/alice/ipardoza/hadronization_production/HF_RUN3_V1/raw/MONASH/hf_MONASH_job861.root
SIGMAB_COUNTS tag=MONASH species=Sigma_b- pdg=5112 slice=eta_lt_1 p=7 a=2 file=/data/alice/ipardoza/hadronization_production/HF_RUN3_V1/raw/MONASH/hf_MONASH_job861.root
SIGMAB_COUNTS tag=MONASH species=Sigma_b- pdg=5112 slice=eta_1_2 p=7 a=5 file=/data/alice/ipardoza/hadronization_production/HF_RUN3_V1/raw/MONASH/hf_MONASH_job861.root
SIGMAB_COUNTS tag=MONASH species=Sigma_b- pdg=5112 slice=eta_ge_2 p=15 a=15 file=/data/alice/ipardoza/hadronization_production/HF_RUN3_V1/raw/MONASH/hf_MONASH_job861.root
SIGMAB_COUNTS tag=MONASH species=Sigma*_b+ pdg=5224 slice=all p=56 a=43 file=/data/alice/ipardoza/hadronization_production/HF_RUN3_V1/raw/MONASH/hf_MONASH_job861.root
SIGMAB_COUNTS tag=MONASH species=Sigma*_b+ pdg=5224 slice=eta_lt_1 p=10 a=5 file=/data/alice/ipardoza/hadronization_production/HF_RUN3_V1/raw/MONASH/hf_MONASH_job861.root
SIGMAB_COUNTS tag=MONASH species=Sigma*_b+ pdg=5224 slice=eta_1_2 p=13 a=9 file=/data/alice/ipardoza/hadronization_production/HF_RUN3_V1/raw/MONASH/hf_MONASH_job861.root
SIGMAB_COUNTS tag=MONASH species=Sigma*_b+ pdg=5224 slice=eta_ge_2 p=33 a=29 file=/data/alice/ipardoza/hadronization_production/HF_RUN3_V1/raw/MONASH/hf_MONASH_job861.root
SIGMAB_COUNTS tag=MONASH species=Sigma*_b0 pdg=5214 slice=all p=54 a=35 file=/data/alice/ipardoza/hadronization_production/HF_RUN3_V1/raw/MONASH/hf_MONASH_job861.root
SIGMAB_COUNTS tag=MONASH species=Sigma*_b0 pdg=5214 slice=eta_lt_1 p=6 a=5 file=/data/alice/ipardoza/hadronization_production/HF_RUN3_V1/raw/MONASH/hf_MONASH_job861.root
SIGMAB_COUNTS tag=MONASH species=Sigma*_b0 pdg=5214 slice=eta_1_2 p=13 a=5 file=/data/alice/ipardoza/hadronization_production/HF_RUN3_V1/raw/MONASH/hf_MONASH_job861.root
SIGMAB_COUNTS tag=MONASH species=Sigma*_b0 pdg=5214 slice=eta_ge_2 p=35 a=25 file=/data/alice/ipardoza/hadronization_production/HF_RUN3_V1/raw/MONASH/hf_MONASH_job861.root
SIGMAB_COUNTS tag=MONASH species=Sigma*_b- pdg=5114 slice=all p=44 a=46 file=/data/alice/ipardoza/hadronization_production/HF_RUN3_V1/raw/MONASH/hf_MONASH_job861.root
SIGMAB_COUNTS tag=MONASH species=Sigma*_b- pdg=5114 slice=eta_lt_1 p=5 a=10 file=/data/alice/ipardoza/hadronization_production/HF_RUN3_V1/raw/MONASH/hf_MONASH_job861.root
SIGMAB_COUNTS tag=MONASH species=Sigma*_b- pdg=5114 slice=eta_1_2 p=6 a=5 file=/data/alice/ipardoza/hadronization_production/HF_RUN3_V1/raw/MONASH/hf_MONASH_job861.root
SIGMAB_COUNTS tag=MONASH species=Sigma*_b- pdg=5114 slice=eta_ge_2 p=33 a=31 file=/data/alice/ipardoza/hadronization_production/HF_RUN3_V1/raw/MONASH/hf_MONASH_job861.root
SIGMAB_COUNTS tag=MONASH species=Lambda_b0 pdg=5122 slice=all p=300 a=332 file=/data/alice/ipardoza/hadronization_production/HF_RUN3_V1/raw/MONASH/hf_MONASH_job861.root
SIGMAB_COUNTS tag=MONASH species=Lambda_b0 pdg=5122 slice=eta_lt_1 p=60 a=57 file=/data/alice/ipardoza/hadronization_production/HF_RUN3_V1/raw/MONASH/hf_MONASH_job861.root
SIGMAB_COUNTS tag=MONASH species=Lambda_b0 pdg=5122 slice=eta_1_2 p=69 a=85 file=/data/alice/ipardoza/hadronization_production/HF_RUN3_V1/raw/MONASH/hf_MONASH_job861.root
SIGMAB_COUNTS tag=MONASH species=Lambda_b0 pdg=5122 slice=eta_ge_2 p=171 a=190 file=/data/alice/ipardoza/hadronization_production/HF_RUN3_V1/raw/MONASH/hf_MONASH_job861.root
SIGMAB_COUNTS tag=MONASH species=Xi_b0 pdg=5232 slice=all p=47 a=62 file=/data/alice/ipardoza/hadronization_production/HF_RUN3_V1/raw/MONASH/hf_MONASH_job861.root
SIGMAB_COUNTS tag=MONASH species=Xi_b0 pdg=5232 slice=eta_lt_1 p=9 a=14 file=/data/alice/ipardoza/hadronization_production/HF_RUN3_V1/raw/MONASH/hf_MONASH_job861.root
SIGMAB_COUNTS tag=MONASH species=Xi_b0 pdg=5232 slice=eta_1_2 p=10 a=9 file=/data/alice/ipardoza/hadronization_production/HF_RUN3_V1/raw/MONASH/hf_MONASH_job861.root
SIGMAB_COUNTS tag=MONASH species=Xi_b0 pdg=5232 slice=eta_ge_2 p=28 a=39 file=/data/alice/ipardoza/hadronization_production/HF_RUN3_V1/raw/MONASH/hf_MONASH_job861.root
SIGMAB_COUNTS tag=MONASH species=Xi_b- pdg=5132 slice=all p=55 a=44 file=/data/alice/ipardoza/hadronization_production/HF_RUN3_V1/raw/MONASH/hf_MONASH_job861.root
SIGMAB_COUNTS tag=MONASH species=Xi_b- pdg=5132 slice=eta_lt_1 p=10 a=11 file=/data/alice/ipardoza/hadronization_production/HF_RUN3_V1/raw/MONASH/hf_MONASH_job861.root
SIGMAB_COUNTS tag=MONASH species=Xi_b- pdg=5132 slice=eta_1_2 p=9 a=12 file=/data/alice/ipardoza/hadronization_production/HF_RUN3_V1/raw/MONASH/hf_MONASH_job861.root
SIGMAB_COUNTS tag=MONASH species=Xi_b- pdg=5132 slice=eta_ge_2 p=36 a=21 file=/data/alice/ipardoza/hadronization_production/HF_RUN3_V1/raw/MONASH/hf_MONASH_job861.root
SIGMAB_COUNTS tag=MONASH species=Sigma_b+ pdg=5222 slice=all p=44 a=15 file=/data/alice/ipardoza/hadronization_production/HF_RUN3_V1/raw/MONASH/hf_MONASH_job862.root
SIGMAB_COUNTS tag=MONASH species=Sigma_b+ pdg=5222 slice=eta_lt_1 p=3 a=3 file=/data/alice/ipardoza/hadronization_production/HF_RUN3_V1/raw/MONASH/hf_MONASH_job862.root
SIGMAB_COUNTS tag=MONASH species=Sigma_b+ pdg=5222 slice=eta_1_2 p=9 a=3 file=/data/alice/ipardoza/hadronization_production/HF_RUN3_V1/raw/MONASH/hf_MONASH_job862.root
SIGMAB_COUNTS tag=MONASH species=Sigma_b+ pdg=5222 slice=eta_ge_2 p=32 a=9 file=/data/alice/ipardoza/hadronization_production/HF_RUN3_V1/raw/MONASH/hf_MONASH_job862.root
SIGMAB_COUNTS tag=MONASH species=Sigma_b0 pdg=5212 slice=all p=33 a=25 file=/data/alice/ipardoza/hadronization_production/HF_RUN3_V1/raw/MONASH/hf_MONASH_job862.root
SIGMAB_COUNTS tag=MONASH species=Sigma_b0 pdg=5212 slice=eta_lt_1 p=3 a=5 file=/data/alice/ipardoza/hadronization_production/HF_RUN3_V1/raw/MONASH/hf_MONASH_job862.root
SIGMAB_COUNTS tag=MONASH species=Sigma_b0 pdg=5212 slice=eta_1_2 p=6 a=9 file=/data/alice/ipardoza/hadronization_production/HF_RUN3_V1/raw/MONASH/hf_MONASH_job862.root
SIGMAB_COUNTS tag=MONASH species=Sigma_b0 pdg=5212 slice=eta_ge_2 p=24 a=11 file=/data/alice/ipardoza/hadronization_production/HF_RUN3_V1/raw/MONASH/hf_MONASH_job862.root
SIGMAB_COUNTS tag=MONASH species=Sigma_b- pdg=5112 slice=all p=30 a=15 file=/data/alice/ipardoza/hadronization_production/HF_RUN3_V1/raw/MONASH/hf_MONASH_job862.root
SIGMAB_COUNTS tag=MONASH species=Sigma_b- pdg=5112 slice=eta_lt_1 p=8 a=1 file=/data/alice/ipardoza/hadronization_production/HF_RUN3_V1/raw/MONASH/hf_MONASH_job862.root
SIGMAB_COUNTS tag=MONASH species=Sigma_b- pdg=5112 slice=eta_1_2 p=5 a=4 file=/data/alice/ipardoza/hadronization_production/HF_RUN3_V1/raw/MONASH/hf_MONASH_job862.root
SIGMAB_COUNTS tag=MONASH species=Sigma_b- pdg=5112 slice=eta_ge_2 p=17 a=10 file=/data/alice/ipardoza/hadronization_production/HF_RUN3_V1/raw/MONASH/hf_MONASH_job862.root
SIGMAB_COUNTS tag=MONASH species=Sigma*_b+ pdg=5224 slice=all p=51 a=34 file=/data/alice/ipardoza/hadronization_production/HF_RUN3_V1/raw/MONASH/hf_MONASH_job862.root
SIGMAB_COUNTS tag=MONASH species=Sigma*_b+ pdg=5224 slice=eta_lt_1 p=5 a=6 file=/data/alice/ipardoza/hadronization_production/HF_RUN3_V1/raw/MONASH/hf_MONASH_job862.root
SIGMAB_COUNTS tag=MONASH species=Sigma*_b+ pdg=5224 slice=eta_1_2 p=10 a=8 file=/data/alice/ipardoza/hadronization_production/HF_RUN3_V1/raw/MONASH/hf_MONASH_job862.root
SIGMAB_COUNTS tag=MONASH species=Sigma*_b+ pdg=5224 slice=eta_ge_2 p=36 a=20 file=/data/alice/ipardoza/hadronization_production/HF_RUN3_V1/raw/MONASH/hf_MONASH_job862.root
SIGMAB_COUNTS tag=MONASH species=Sigma*_b0 pdg=5214 slice=all p=49 a=39 file=/data/alice/ipardoza/hadronization_production/HF_RUN3_V1/raw/MONASH/hf_MONASH_job862.root
SIGMAB_COUNTS tag=MONASH species=Sigma*_b0 pdg=5214 slice=eta_lt_1 p=12 a=8 file=/data/alice/ipardoza/hadronization_production/HF_RUN3_V1/raw/MONASH/hf_MONASH_job862.root
SIGMAB_COUNTS tag=MONASH species=Sigma*_b0 pdg=5214 slice=eta_1_2 p=14 a=5 file=/data/alice/ipardoza/hadronization_production/HF_RUN3_V1/raw/MONASH/hf_MONASH_job862.root
SIGMAB_COUNTS tag=MONASH species=Sigma*_b0 pdg=5214 slice=eta_ge_2 p=23 a=26 file=/data/alice/ipardoza/hadronization_production/HF_RUN3_V1/raw/MONASH/hf_MONASH_job862.root
SIGMAB_COUNTS tag=MONASH species=Sigma*_b- pdg=5114 slice=all p=43 a=40 file=/data/alice/ipardoza/hadronization_production/HF_RUN3_V1/raw/MONASH/hf_MONASH_job862.root
SIGMAB_COUNTS tag=MONASH species=Sigma*_b- pdg=5114 slice=eta_lt_1 p=8 a=3 file=/data/alice/ipardoza/hadronization_production/HF_RUN3_V1/raw/MONASH/hf_MONASH_job862.root
SIGMAB_COUNTS tag=MONASH species=Sigma*_b- pdg=5114 slice=eta_1_2 p=8 a=9 file=/data/alice/ipardoza/hadronization_production/HF_RUN3_V1/raw/MONASH/hf_MONASH_job862.root
SIGMAB_COUNTS tag=MONASH species=Sigma*_b- pdg=5114 slice=eta_ge_2 p=27 a=28 file=/data/alice/ipardoza/hadronization_production/HF_RUN3_V1/raw/MONASH/hf_MONASH_job862.root
SIGMAB_COUNTS tag=MONASH species=Lambda_b0 pdg=5122 slice=all p=332 a=305 file=/data/alice/ipardoza/hadronization_production/HF_RUN3_V1/raw/MONASH/hf_MONASH_job862.root
SIGMAB_COUNTS tag=MONASH species=Lambda_b0 pdg=5122 slice=eta_lt_1 p=57 a=54 file=/data/alice/ipardoza/hadronization_production/HF_RUN3_V1/raw/MONASH/hf_MONASH_job862.root
SIGMAB_COUNTS tag=MONASH species=Lambda_b0 pdg=5122 slice=eta_1_2 p=83 a=72 file=/data/alice/ipardoza/hadronization_production/HF_RUN3_V1/raw/MONASH/hf_MONASH_job862.root
SIGMAB_COUNTS tag=MONASH species=Lambda_b0 pdg=5122 slice=eta_ge_2 p=192 a=179 file=/data/alice/ipardoza/hadronization_production/HF_RUN3_V1/raw/MONASH/hf_MONASH_job862.root
SIGMAB_COUNTS tag=MONASH species=Xi_b0 pdg=5232 slice=all p=65 a=68 file=/data/alice/ipardoza/hadronization_production/HF_RUN3_V1/raw/MONASH/hf_MONASH_job862.root
SIGMAB_COUNTS tag=MONASH species=Xi_b0 pdg=5232 slice=eta_lt_1 p=13 a=9 file=/data/alice/ipardoza/hadronization_production/HF_RUN3_V1/raw/MONASH/hf_MONASH_job862.root
SIGMAB_COUNTS tag=MONASH species=Xi_b0 pdg=5232 slice=eta_1_2 p=11 a=19 file=/data/alice/ipardoza/hadronization_production/HF_RUN3_V1/raw/MONASH/hf_MONASH_job862.root
SIGMAB_COUNTS tag=MONASH species=Xi_b0 pdg=5232 slice=eta_ge_2 p=41 a=40 file=/data/alice/ipardoza/hadronization_production/HF_RUN3_V1/raw/MONASH/hf_MONASH_job862.root
SIGMAB_COUNTS tag=MONASH species=Xi_b- pdg=5132 slice=all p=56 a=70 file=/data/alice/ipardoza/hadronization_production/HF_RUN3_V1/raw/MONASH/hf_MONASH_job862.root
SIGMAB_COUNTS tag=MONASH species=Xi_b- pdg=5132 slice=eta_lt_1 p=10 a=16 file=/data/alice/ipardoza/hadronization_production/HF_RUN3_V1/raw/MONASH/hf_MONASH_job862.root
SIGMAB_COUNTS tag=MONASH species=Xi_b- pdg=5132 slice=eta_1_2 p=13 a=11 file=/data/alice/ipardoza/hadronization_production/HF_RUN3_V1/raw/MONASH/hf_MONASH_job862.root
SIGMAB_COUNTS tag=MONASH species=Xi_b- pdg=5132 slice=eta_ge_2 p=33 a=43 file=/data/alice/ipardoza/hadronization_production/HF_RUN3_V1/raw/MONASH/hf_MONASH_job862.root
SIGMAB_COUNTS tag=MONASH species=Sigma_b+ pdg=5222 slice=all p=45 a=25 file=/data/alice/ipardoza/hadronization_production/HF_RUN3_V1/raw/MONASH/hf_MONASH_job863.root
SIGMAB_COUNTS tag=MONASH species=Sigma_b+ pdg=5222 slice=eta_lt_1 p=8 a=5 file=/data/alice/ipardoza/hadronization_production/HF_RUN3_V1/raw/MONASH/hf_MONASH_job863.root
SIGMAB_COUNTS tag=MONASH species=Sigma_b+ pdg=5222 slice=eta_1_2 p=7 a=7 file=/data/alice/ipardoza/hadronization_production/HF_RUN3_V1/raw/MONASH/hf_MONASH_job863.root
SIGMAB_COUNTS tag=MONASH species=Sigma_b+ pdg=5222 slice=eta_ge_2 p=30 a=13 file=/data/alice/ipardoza/hadronization_production/HF_RUN3_V1/raw/MONASH/hf_MONASH_job863.root
SIGMAB_COUNTS tag=MONASH species=Sigma_b0 pdg=5212 slice=all p=32 a=33 file=/data/alice/ipardoza/hadronization_production/HF_RUN3_V1/raw/MONASH/hf_MONASH_job863.root
SIGMAB_COUNTS tag=MONASH species=Sigma_b0 pdg=5212 slice=eta_lt_1 p=5 a=7 file=/data/alice/ipardoza/hadronization_production/HF_RUN3_V1/raw/MONASH/hf_MONASH_job863.root
SIGMAB_COUNTS tag=MONASH species=Sigma_b0 pdg=5212 slice=eta_1_2 p=7 a=8 file=/data/alice/ipardoza/hadronization_production/HF_RUN3_V1/raw/MONASH/hf_MONASH_job863.root
SIGMAB_COUNTS tag=MONASH species=Sigma_b0 pdg=5212 slice=eta_ge_2 p=20 a=18 file=/data/alice/ipardoza/hadronization_production/HF_RUN3_V1/raw/MONASH/hf_MONASH_job863.root
SIGMAB_COUNTS tag=MONASH species=Sigma_b- pdg=5112 slice=all p=35 a=16 file=/data/alice/ipardoza/hadronization_production/HF_RUN3_V1/raw/MONASH/hf_MONASH_job863.root
SIGMAB_COUNTS tag=MONASH species=Sigma_b- pdg=5112 slice=eta_lt_1 p=6 a=3 file=/data/alice/ipardoza/hadronization_production/HF_RUN3_V1/raw/MONASH/hf_MONASH_job863.root
SIGMAB_COUNTS tag=MONASH species=Sigma_b- pdg=5112 slice=eta_1_2 p=5 a=7 file=/data/alice/ipardoza/hadronization_production/HF_RUN3_V1/raw/MONASH/hf_MONASH_job863.root
SIGMAB_COUNTS tag=MONASH species=Sigma_b- pdg=5112 slice=eta_ge_2 p=24 a=6 file=/data/alice/ipardoza/hadronization_production/HF_RUN3_V1/raw/MONASH/hf_MONASH_job863.root
SIGMAB_COUNTS tag=MONASH species=Sigma*_b+ pdg=5224 slice=all p=40 a=36 file=/data/alice/ipardoza/hadronization_production/HF_RUN3_V1/raw/MONASH/hf_MONASH_job863.root
SIGMAB_COUNTS tag=MONASH species=Sigma*_b+ pdg=5224 slice=eta_lt_1 p=7 a=7 file=/data/alice/ipardoza/hadronization_production/HF_RUN3_V1/raw/MONASH/hf_MONASH_job863.root
SIGMAB_COUNTS tag=MONASH species=Sigma*_b+ pdg=5224 slice=eta_1_2 p=6 a=6 file=/data/alice/ipardoza/hadronization_production/HF_RUN3_V1/raw/MONASH/hf_MONASH_job863.root
SIGMAB_COUNTS tag=MONASH species=Sigma*_b+ pdg=5224 slice=eta_ge_2 p=27 a=23 file=/data/alice/ipardoza/hadronization_production/HF_RUN3_V1/raw/MONASH/hf_MONASH_job863.root
SIGMAB_COUNTS tag=MONASH species=Sigma*_b0 pdg=5214 slice=all p=47 a=35 file=/data/alice/ipardoza/hadronization_production/HF_RUN3_V1/raw/MONASH/hf_MONASH_job863.root
SIGMAB_COUNTS tag=MONASH species=Sigma*_b0 pdg=5214 slice=eta_lt_1 p=11 a=2 file=/data/alice/ipardoza/hadronization_production/HF_RUN3_V1/raw/MONASH/hf_MONASH_job863.root
SIGMAB_COUNTS tag=MONASH species=Sigma*_b0 pdg=5214 slice=eta_1_2 p=10 a=7 file=/data/alice/ipardoza/hadronization_production/HF_RUN3_V1/raw/MONASH/hf_MONASH_job863.root
SIGMAB_COUNTS tag=MONASH species=Sigma*_b0 pdg=5214 slice=eta_ge_2 p=26 a=26 file=/data/alice/ipardoza/hadronization_production/HF_RUN3_V1/raw/MONASH/hf_MONASH_job863.root
SIGMAB_COUNTS tag=MONASH species=Sigma*_b- pdg=5114 slice=all p=49 a=36 file=/data/alice/ipardoza/hadronization_production/HF_RUN3_V1/raw/MONASH/hf_MONASH_job863.root
SIGMAB_COUNTS tag=MONASH species=Sigma*_b- pdg=5114 slice=eta_lt_1 p=3 a=10 file=/data/alice/ipardoza/hadronization_production/HF_RUN3_V1/raw/MONASH/hf_MONASH_job863.root
SIGMAB_COUNTS tag=MONASH species=Sigma*_b- pdg=5114 slice=eta_1_2 p=12 a=5 file=/data/alice/ipardoza/hadronization_production/HF_RUN3_V1/raw/MONASH/hf_MONASH_job863.root
SIGMAB_COUNTS tag=MONASH species=Sigma*_b- pdg=5114 slice=eta_ge_2 p=34 a=21 file=/data/alice/ipardoza/hadronization_production/HF_RUN3_V1/raw/MONASH/hf_MONASH_job863.root
SIGMAB_COUNTS tag=MONASH species=Lambda_b0 pdg=5122 slice=all p=333 a=318 file=/data/alice/ipardoza/hadronization_production/HF_RUN3_V1/raw/MONASH/hf_MONASH_job863.root
SIGMAB_COUNTS tag=MONASH species=Lambda_b0 pdg=5122 slice=eta_lt_1 p=67 a=57 file=/data/alice/ipardoza/hadronization_production/HF_RUN3_V1/raw/MONASH/hf_MONASH_job863.root
SIGMAB_COUNTS tag=MONASH species=Lambda_b0 pdg=5122 slice=eta_1_2 p=65 a=68 file=/data/alice/ipardoza/hadronization_production/HF_RUN3_V1/raw/MONASH/hf_MONASH_job863.root
SIGMAB_COUNTS tag=MONASH species=Lambda_b0 pdg=5122 slice=eta_ge_2 p=201 a=193 file=/data/alice/ipardoza/hadronization_production/HF_RUN3_V1/raw/MONASH/hf_MONASH_job863.root
SIGMAB_COUNTS tag=MONASH species=Xi_b0 pdg=5232 slice=all p=51 a=52 file=/data/alice/ipardoza/hadronization_production/HF_RUN3_V1/raw/MONASH/hf_MONASH_job863.root
SIGMAB_COUNTS tag=MONASH species=Xi_b0 pdg=5232 slice=eta_lt_1 p=8 a=11 file=/data/alice/ipardoza/hadronization_production/HF_RUN3_V1/raw/MONASH/hf_MONASH_job863.root
SIGMAB_COUNTS tag=MONASH species=Xi_b0 pdg=5232 slice=eta_1_2 p=17 a=8 file=/data/alice/ipardoza/hadronization_production/HF_RUN3_V1/raw/MONASH/hf_MONASH_job863.root
SIGMAB_COUNTS tag=MONASH species=Xi_b0 pdg=5232 slice=eta_ge_2 p=26 a=33 file=/data/alice/ipardoza/hadronization_production/HF_RUN3_V1/raw/MONASH/hf_MONASH_job863.root
SIGMAB_COUNTS tag=MONASH species=Xi_b- pdg=5132 slice=all p=70 a=54 file=/data/alice/ipardoza/hadronization_production/HF_RUN3_V1/raw/MONASH/hf_MONASH_job863.root
SIGMAB_COUNTS tag=MONASH species=Xi_b- pdg=5132 slice=eta_lt_1 p=15 a=9 file=/data/alice/ipardoza/hadronization_production/HF_RUN3_V1/raw/MONASH/hf_MONASH_job863.root
SIGMAB_COUNTS tag=MONASH species=Xi_b- pdg=5132 slice=eta_1_2 p=17 a=12 file=/data/alice/ipardoza/hadronization_production/HF_RUN3_V1/raw/MONASH/hf_MONASH_job863.root
SIGMAB_COUNTS tag=MONASH species=Xi_b- pdg=5132 slice=eta_ge_2 p=38 a=33 file=/data/alice/ipardoza/hadronization_production/HF_RUN3_V1/raw/MONASH/hf_MONASH_job863.root
SIGMAB_COUNTS tag=MONASH species=Sigma_b+ pdg=5222 slice=all p=32 a=21 file=/data/alice/ipardoza/hadronization_production/HF_RUN3_V1/raw/MONASH/hf_MONASH_job864.root
SIGMAB_COUNTS tag=MONASH species=Sigma_b+ pdg=5222 slice=eta_lt_1 p=5 a=7 file=/data/alice/ipardoza/hadronization_production/HF_RUN3_V1/raw/MONASH/hf_MONASH_job864.root
SIGMAB_COUNTS tag=MONASH species=Sigma_b+ pdg=5222 slice=eta_1_2 p=5 a=5 file=/data/alice/ipardoza/hadronization_production/HF_RUN3_V1/raw/MONASH/hf_MONASH_job864.root
SIGMAB_COUNTS tag=MONASH species=Sigma_b+ pdg=5222 slice=eta_ge_2 p=22 a=9 file=/data/alice/ipardoza/hadronization_production/HF_RUN3_V1/raw/MONASH/hf_MONASH_job864.root
SIGMAB_COUNTS tag=MONASH species=Sigma_b0 pdg=5212 slice=all p=32 a=24 file=/data/alice/ipardoza/hadronization_production/HF_RUN3_V1/raw/MONASH/hf_MONASH_job864.root
SIGMAB_COUNTS tag=MONASH species=Sigma_b0 pdg=5212 slice=eta_lt_1 p=6 a=4 file=/data/alice/ipardoza/hadronization_production/HF_RUN3_V1/raw/MONASH/hf_MONASH_job864.root
SIGMAB_COUNTS tag=MONASH species=Sigma_b0 pdg=5212 slice=eta_1_2 p=7 a=4 file=/data/alice/ipardoza/hadronization_production/HF_RUN3_V1/raw/MONASH/hf_MONASH_job864.root
SIGMAB_COUNTS tag=MONASH species=Sigma_b0 pdg=5212 slice=eta_ge_2 p=19 a=16 file=/data/alice/ipardoza/hadronization_production/HF_RUN3_V1/raw/MONASH/hf_MONASH_job864.root
SIGMAB_COUNTS tag=MONASH species=Sigma_b- pdg=5112 slice=all p=37 a=12 file=/data/alice/ipardoza/hadronization_production/HF_RUN3_V1/raw/MONASH/hf_MONASH_job864.root
SIGMAB_COUNTS tag=MONASH species=Sigma_b- pdg=5112 slice=eta_lt_1 p=7 a=3 file=/data/alice/ipardoza/hadronization_production/HF_RUN3_V1/raw/MONASH/hf_MONASH_job864.root
SIGMAB_COUNTS tag=MONASH species=Sigma_b- pdg=5112 slice=eta_1_2 p=8 a=2 file=/data/alice/ipardoza/hadronization_production/HF_RUN3_V1/raw/MONASH/hf_MONASH_job864.root
SIGMAB_COUNTS tag=MONASH species=Sigma_b- pdg=5112 slice=eta_ge_2 p=22 a=7 file=/data/alice/ipardoza/hadronization_production/HF_RUN3_V1/raw/MONASH/hf_MONASH_job864.root
SIGMAB_COUNTS tag=MONASH species=Sigma*_b+ pdg=5224 slice=all p=57 a=45 file=/data/alice/ipardoza/hadronization_production/HF_RUN3_V1/raw/MONASH/hf_MONASH_job864.root
SIGMAB_COUNTS tag=MONASH species=Sigma*_b+ pdg=5224 slice=eta_lt_1 p=7 a=11 file=/data/alice/ipardoza/hadronization_production/HF_RUN3_V1/raw/MONASH/hf_MONASH_job864.root
SIGMAB_COUNTS tag=MONASH species=Sigma*_b+ pdg=5224 slice=eta_1_2 p=15 a=2 file=/data/alice/ipardoza/hadronization_production/HF_RUN3_V1/raw/MONASH/hf_MONASH_job864.root
SIGMAB_COUNTS tag=MONASH species=Sigma*_b+ pdg=5224 slice=eta_ge_2 p=35 a=32 file=/data/alice/ipardoza/hadronization_production/HF_RUN3_V1/raw/MONASH/hf_MONASH_job864.root
SIGMAB_COUNTS tag=MONASH species=Sigma*_b0 pdg=5214 slice=all p=47 a=40 file=/data/alice/ipardoza/hadronization_production/HF_RUN3_V1/raw/MONASH/hf_MONASH_job864.root
SIGMAB_COUNTS tag=MONASH species=Sigma*_b0 pdg=5214 slice=eta_lt_1 p=6 a=10 file=/data/alice/ipardoza/hadronization_production/HF_RUN3_V1/raw/MONASH/hf_MONASH_job864.root
SIGMAB_COUNTS tag=MONASH species=Sigma*_b0 pdg=5214 slice=eta_1_2 p=8 a=6 file=/data/alice/ipardoza/hadronization_production/HF_RUN3_V1/raw/MONASH/hf_MONASH_job864.root
SIGMAB_COUNTS tag=MONASH species=Sigma*_b0 pdg=5214 slice=eta_ge_2 p=33 a=24 file=/data/alice/ipardoza/hadronization_production/HF_RUN3_V1/raw/MONASH/hf_MONASH_job864.root
SIGMAB_COUNTS tag=MONASH species=Sigma*_b- pdg=5114 slice=all p=38 a=37 file=/data/alice/ipardoza/hadronization_production/HF_RUN3_V1/raw/MONASH/hf_MONASH_job864.root
SIGMAB_COUNTS tag=MONASH species=Sigma*_b- pdg=5114 slice=eta_lt_1 p=7 a=8 file=/data/alice/ipardoza/hadronization_production/HF_RUN3_V1/raw/MONASH/hf_MONASH_job864.root
SIGMAB_COUNTS tag=MONASH species=Sigma*_b- pdg=5114 slice=eta_1_2 p=7 a=11 file=/data/alice/ipardoza/hadronization_production/HF_RUN3_V1/raw/MONASH/hf_MONASH_job864.root
SIGMAB_COUNTS tag=MONASH species=Sigma*_b- pdg=5114 slice=eta_ge_2 p=24 a=18 file=/data/alice/ipardoza/hadronization_production/HF_RUN3_V1/raw/MONASH/hf_MONASH_job864.root
SIGMAB_COUNTS tag=MONASH species=Lambda_b0 pdg=5122 slice=all p=293 a=322 file=/data/alice/ipardoza/hadronization_production/HF_RUN3_V1/raw/MONASH/hf_MONASH_job864.root
SIGMAB_COUNTS tag=MONASH species=Lambda_b0 pdg=5122 slice=eta_lt_1 p=56 a=58 file=/data/alice/ipardoza/hadronization_production/HF_RUN3_V1/raw/MONASH/hf_MONASH_job864.root
SIGMAB_COUNTS tag=MONASH species=Lambda_b0 pdg=5122 slice=eta_1_2 p=61 a=67 file=/data/alice/ipardoza/hadronization_production/HF_RUN3_V1/raw/MONASH/hf_MONASH_job864.root
SIGMAB_COUNTS tag=MONASH species=Lambda_b0 pdg=5122 slice=eta_ge_2 p=176 a=197 file=/data/alice/ipardoza/hadronization_production/HF_RUN3_V1/raw/MONASH/hf_MONASH_job864.root
SIGMAB_COUNTS tag=MONASH species=Xi_b0 pdg=5232 slice=all p=60 a=47 file=/data/alice/ipardoza/hadronization_production/HF_RUN3_V1/raw/MONASH/hf_MONASH_job864.root
SIGMAB_COUNTS tag=MONASH species=Xi_b0 pdg=5232 slice=eta_lt_1 p=6 a=11 file=/data/alice/ipardoza/hadronization_production/HF_RUN3_V1/raw/MONASH/hf_MONASH_job864.root
SIGMAB_COUNTS tag=MONASH species=Xi_b0 pdg=5232 slice=eta_1_2 p=12 a=9 file=/data/alice/ipardoza/hadronization_production/HF_RUN3_V1/raw/MONASH/hf_MONASH_job864.root
SIGMAB_COUNTS tag=MONASH species=Xi_b0 pdg=5232 slice=eta_ge_2 p=42 a=27 file=/data/alice/ipardoza/hadronization_production/HF_RUN3_V1/raw/MONASH/hf_MONASH_job864.root
SIGMAB_COUNTS tag=MONASH species=Xi_b- pdg=5132 slice=all p=52 a=57 file=/data/alice/ipardoza/hadronization_production/HF_RUN3_V1/raw/MONASH/hf_MONASH_job864.root
SIGMAB_COUNTS tag=MONASH species=Xi_b- pdg=5132 slice=eta_lt_1 p=6 a=11 file=/data/alice/ipardoza/hadronization_production/HF_RUN3_V1/raw/MONASH/hf_MONASH_job864.root
SIGMAB_COUNTS tag=MONASH species=Xi_b- pdg=5132 slice=eta_1_2 p=10 a=14 file=/data/alice/ipardoza/hadronization_production/HF_RUN3_V1/raw/MONASH/hf_MONASH_job864.root
SIGMAB_COUNTS tag=MONASH species=Xi_b- pdg=5132 slice=eta_ge_2 p=36 a=32 file=/data/alice/ipardoza/hadronization_production/HF_RUN3_V1/raw/MONASH/hf_MONASH_job864.root
SIGMAB_COUNTS tag=MONASH species=Sigma_b+ pdg=5222 slice=all p=26 a=21 file=/data/alice/ipardoza/hadronization_production/HF_RUN3_V1/raw/MONASH/hf_MONASH_job865.root
SIGMAB_COUNTS tag=MONASH species=Sigma_b+ pdg=5222 slice=eta_lt_1 p=6 a=6 file=/data/alice/ipardoza/hadronization_production/HF_RUN3_V1/raw/MONASH/hf_MONASH_job865.root
SIGMAB_COUNTS tag=MONASH species=Sigma_b+ pdg=5222 slice=eta_1_2 p=5 a=7 file=/data/alice/ipardoza/hadronization_production/HF_RUN3_V1/raw/MONASH/hf_MONASH_job865.root
SIGMAB_COUNTS tag=MONASH species=Sigma_b+ pdg=5222 slice=eta_ge_2 p=15 a=8 file=/data/alice/ipardoza/hadronization_production/HF_RUN3_V1/raw/MONASH/hf_MONASH_job865.root
SIGMAB_COUNTS tag=MONASH species=Sigma_b0 pdg=5212 slice=all p=31 a=13 file=/data/alice/ipardoza/hadronization_production/HF_RUN3_V1/raw/MONASH/hf_MONASH_job865.root
SIGMAB_COUNTS tag=MONASH species=Sigma_b0 pdg=5212 slice=eta_lt_1 p=4 a=2 file=/data/alice/ipardoza/hadronization_production/HF_RUN3_V1/raw/MONASH/hf_MONASH_job865.root
SIGMAB_COUNTS tag=MONASH species=Sigma_b0 pdg=5212 slice=eta_1_2 p=8 a=3 file=/data/alice/ipardoza/hadronization_production/HF_RUN3_V1/raw/MONASH/hf_MONASH_job865.root
SIGMAB_COUNTS tag=MONASH species=Sigma_b0 pdg=5212 slice=eta_ge_2 p=19 a=8 file=/data/alice/ipardoza/hadronization_production/HF_RUN3_V1/raw/MONASH/hf_MONASH_job865.root
SIGMAB_COUNTS tag=MONASH species=Sigma_b- pdg=5112 slice=all p=32 a=14 file=/data/alice/ipardoza/hadronization_production/HF_RUN3_V1/raw/MONASH/hf_MONASH_job865.root
SIGMAB_COUNTS tag=MONASH species=Sigma_b- pdg=5112 slice=eta_lt_1 p=6 a=2 file=/data/alice/ipardoza/hadronization_production/HF_RUN3_V1/raw/MONASH/hf_MONASH_job865.root
SIGMAB_COUNTS tag=MONASH species=Sigma_b- pdg=5112 slice=eta_1_2 p=5 a=2 file=/data/alice/ipardoza/hadronization_production/HF_RUN3_V1/raw/MONASH/hf_MONASH_job865.root
SIGMAB_COUNTS tag=MONASH species=Sigma_b- pdg=5112 slice=eta_ge_2 p=21 a=10 file=/data/alice/ipardoza/hadronization_production/HF_RUN3_V1/raw/MONASH/hf_MONASH_job865.root
SIGMAB_COUNTS tag=MONASH species=Sigma*_b+ pdg=5224 slice=all p=69 a=51 file=/data/alice/ipardoza/hadronization_production/HF_RUN3_V1/raw/MONASH/hf_MONASH_job865.root
SIGMAB_COUNTS tag=MONASH species=Sigma*_b+ pdg=5224 slice=eta_lt_1 p=13 a=9 file=/data/alice/ipardoza/hadronization_production/HF_RUN3_V1/raw/MONASH/hf_MONASH_job865.root
SIGMAB_COUNTS tag=MONASH species=Sigma*_b+ pdg=5224 slice=eta_1_2 p=14 a=13 file=/data/alice/ipardoza/hadronization_production/HF_RUN3_V1/raw/MONASH/hf_MONASH_job865.root
SIGMAB_COUNTS tag=MONASH species=Sigma*_b+ pdg=5224 slice=eta_ge_2 p=42 a=29 file=/data/alice/ipardoza/hadronization_production/HF_RUN3_V1/raw/MONASH/hf_MONASH_job865.root
SIGMAB_COUNTS tag=MONASH species=Sigma*_b0 pdg=5214 slice=all p=53 a=53 file=/data/alice/ipardoza/hadronization_production/HF_RUN3_V1/raw/MONASH/hf_MONASH_job865.root
SIGMAB_COUNTS tag=MONASH species=Sigma*_b0 pdg=5214 slice=eta_lt_1 p=6 a=7 file=/data/alice/ipardoza/hadronization_production/HF_RUN3_V1/raw/MONASH/hf_MONASH_job865.root
SIGMAB_COUNTS tag=MONASH species=Sigma*_b0 pdg=5214 slice=eta_1_2 p=15 a=11 file=/data/alice/ipardoza/hadronization_production/HF_RUN3_V1/raw/MONASH/hf_MONASH_job865.root
SIGMAB_COUNTS tag=MONASH species=Sigma*_b0 pdg=5214 slice=eta_ge_2 p=32 a=35 file=/data/alice/ipardoza/hadronization_production/HF_RUN3_V1/raw/MONASH/hf_MONASH_job865.root
SIGMAB_COUNTS tag=MONASH species=Sigma*_b- pdg=5114 slice=all p=54 a=44 file=/data/alice/ipardoza/hadronization_production/HF_RUN3_V1/raw/MONASH/hf_MONASH_job865.root
SIGMAB_COUNTS tag=MONASH species=Sigma*_b- pdg=5114 slice=eta_lt_1 p=13 a=11 file=/data/alice/ipardoza/hadronization_production/HF_RUN3_V1/raw/MONASH/hf_MONASH_job865.root
SIGMAB_COUNTS tag=MONASH species=Sigma*_b- pdg=5114 slice=eta_1_2 p=12 a=9 file=/data/alice/ipardoza/hadronization_production/HF_RUN3_V1/raw/MONASH/hf_MONASH_job865.root
SIGMAB_COUNTS tag=MONASH species=Sigma*_b- pdg=5114 slice=eta_ge_2 p=29 a=24 file=/data/alice/ipardoza/hadronization_production/HF_RUN3_V1/raw/MONASH/hf_MONASH_job865.root
SIGMAB_COUNTS tag=MONASH species=Lambda_b0 pdg=5122 slice=all p=327 a=331 file=/data/alice/ipardoza/hadronization_production/HF_RUN3_V1/raw/MONASH/hf_MONASH_job865.root
SIGMAB_COUNTS tag=MONASH species=Lambda_b0 pdg=5122 slice=eta_lt_1 p=65 a=58 file=/data/alice/ipardoza/hadronization_production/HF_RUN3_V1/raw/MONASH/hf_MONASH_job865.root
SIGMAB_COUNTS tag=MONASH species=Lambda_b0 pdg=5122 slice=eta_1_2 p=71 a=82 file=/data/alice/ipardoza/hadronization_production/HF_RUN3_V1/raw/MONASH/hf_MONASH_job865.root
SIGMAB_COUNTS tag=MONASH species=Lambda_b0 pdg=5122 slice=eta_ge_2 p=191 a=191 file=/data/alice/ipardoza/hadronization_production/HF_RUN3_V1/raw/MONASH/hf_MONASH_job865.root
SIGMAB_COUNTS tag=MONASH species=Xi_b0 pdg=5232 slice=all p=59 a=55 file=/data/alice/ipardoza/hadronization_production/HF_RUN3_V1/raw/MONASH/hf_MONASH_job865.root
SIGMAB_COUNTS tag=MONASH species=Xi_b0 pdg=5232 slice=eta_lt_1 p=13 a=15 file=/data/alice/ipardoza/hadronization_production/HF_RUN3_V1/raw/MONASH/hf_MONASH_job865.root
SIGMAB_COUNTS tag=MONASH species=Xi_b0 pdg=5232 slice=eta_1_2 p=14 a=9 file=/data/alice/ipardoza/hadronization_production/HF_RUN3_V1/raw/MONASH/hf_MONASH_job865.root
SIGMAB_COUNTS tag=MONASH species=Xi_b0 pdg=5232 slice=eta_ge_2 p=32 a=31 file=/data/alice/ipardoza/hadronization_production/HF_RUN3_V1/raw/MONASH/hf_MONASH_job865.root
SIGMAB_COUNTS tag=MONASH species=Xi_b- pdg=5132 slice=all p=53 a=57 file=/data/alice/ipardoza/hadronization_production/HF_RUN3_V1/raw/MONASH/hf_MONASH_job865.root
SIGMAB_COUNTS tag=MONASH species=Xi_b- pdg=5132 slice=eta_lt_1 p=5 a=12 file=/data/alice/ipardoza/hadronization_production/HF_RUN3_V1/raw/MONASH/hf_MONASH_job865.root
SIGMAB_COUNTS tag=MONASH species=Xi_b- pdg=5132 slice=eta_1_2 p=12 a=11 file=/data/alice/ipardoza/hadronization_production/HF_RUN3_V1/raw/MONASH/hf_MONASH_job865.root
SIGMAB_COUNTS tag=MONASH species=Xi_b- pdg=5132 slice=eta_ge_2 p=36 a=34 file=/data/alice/ipardoza/hadronization_production/HF_RUN3_V1/raw/MONASH/hf_MONASH_job865.root
SIGMAB_COUNTS tag=MONASH species=Sigma_b+ pdg=5222 slice=all p=41 a=27 file=/data/alice/ipardoza/hadronization_production/HF_RUN3_V1/raw/MONASH/hf_MONASH_job866.root
SIGMAB_COUNTS tag=MONASH species=Sigma_b+ pdg=5222 slice=eta_lt_1 p=10 a=8 file=/data/alice/ipardoza/hadronization_production/HF_RUN3_V1/raw/MONASH/hf_MONASH_job866.root
SIGMAB_COUNTS tag=MONASH species=Sigma_b+ pdg=5222 slice=eta_1_2 p=7 a=7 file=/data/alice/ipardoza/hadronization_production/HF_RUN3_V1/raw/MONASH/hf_MONASH_job866.root
SIGMAB_COUNTS tag=MONASH species=Sigma_b+ pdg=5222 slice=eta_ge_2 p=24 a=12 file=/data/alice/ipardoza/hadronization_production/HF_RUN3_V1/raw/MONASH/hf_MONASH_job866.root
SIGMAB_COUNTS tag=MONASH species=Sigma_b0 pdg=5212 slice=all p=25 a=15 file=/data/alice/ipardoza/hadronization_production/HF_RUN3_V1/raw/MONASH/hf_MONASH_job866.root
SIGMAB_COUNTS tag=MONASH species=Sigma_b0 pdg=5212 slice=eta_lt_1 p=7 a=4 file=/data/alice/ipardoza/hadronization_production/HF_RUN3_V1/raw/MONASH/hf_MONASH_job866.root
SIGMAB_COUNTS tag=MONASH species=Sigma_b0 pdg=5212 slice=eta_1_2 p=5 a=3 file=/data/alice/ipardoza/hadronization_production/HF_RUN3_V1/raw/MONASH/hf_MONASH_job866.root
SIGMAB_COUNTS tag=MONASH species=Sigma_b0 pdg=5212 slice=eta_ge_2 p=13 a=8 file=/data/alice/ipardoza/hadronization_production/HF_RUN3_V1/raw/MONASH/hf_MONASH_job866.root
SIGMAB_COUNTS tag=MONASH species=Sigma_b- pdg=5112 slice=all p=34 a=18 file=/data/alice/ipardoza/hadronization_production/HF_RUN3_V1/raw/MONASH/hf_MONASH_job866.root
SIGMAB_COUNTS tag=MONASH species=Sigma_b- pdg=5112 slice=eta_lt_1 p=9 a=4 file=/data/alice/ipardoza/hadronization_production/HF_RUN3_V1/raw/MONASH/hf_MONASH_job866.root
SIGMAB_COUNTS tag=MONASH species=Sigma_b- pdg=5112 slice=eta_1_2 p=8 a=3 file=/data/alice/ipardoza/hadronization_production/HF_RUN3_V1/raw/MONASH/hf_MONASH_job866.root
SIGMAB_COUNTS tag=MONASH species=Sigma_b- pdg=5112 slice=eta_ge_2 p=17 a=11 file=/data/alice/ipardoza/hadronization_production/HF_RUN3_V1/raw/MONASH/hf_MONASH_job866.root
SIGMAB_COUNTS tag=MONASH species=Sigma*_b+ pdg=5224 slice=all p=36 a=43 file=/data/alice/ipardoza/hadronization_production/HF_RUN3_V1/raw/MONASH/hf_MONASH_job866.root
SIGMAB_COUNTS tag=MONASH species=Sigma*_b+ pdg=5224 slice=eta_lt_1 p=5 a=8 file=/data/alice/ipardoza/hadronization_production/HF_RUN3_V1/raw/MONASH/hf_MONASH_job866.root
SIGMAB_COUNTS tag=MONASH species=Sigma*_b+ pdg=5224 slice=eta_1_2 p=10 a=10 file=/data/alice/ipardoza/hadronization_production/HF_RUN3_V1/raw/MONASH/hf_MONASH_job866.root
SIGMAB_COUNTS tag=MONASH species=Sigma*_b+ pdg=5224 slice=eta_ge_2 p=21 a=25 file=/data/alice/ipardoza/hadronization_production/HF_RUN3_V1/raw/MONASH/hf_MONASH_job866.root
SIGMAB_COUNTS tag=MONASH species=Sigma*_b0 pdg=5214 slice=all p=50 a=37 file=/data/alice/ipardoza/hadronization_production/HF_RUN3_V1/raw/MONASH/hf_MONASH_job866.root
SIGMAB_COUNTS tag=MONASH species=Sigma*_b0 pdg=5214 slice=eta_lt_1 p=15 a=10 file=/data/alice/ipardoza/hadronization_production/HF_RUN3_V1/raw/MONASH/hf_MONASH_job866.root
SIGMAB_COUNTS tag=MONASH species=Sigma*_b0 pdg=5214 slice=eta_1_2 p=10 a=5 file=/data/alice/ipardoza/hadronization_production/HF_RUN3_V1/raw/MONASH/hf_MONASH_job866.root
SIGMAB_COUNTS tag=MONASH species=Sigma*_b0 pdg=5214 slice=eta_ge_2 p=25 a=22 file=/data/alice/ipardoza/hadronization_production/HF_RUN3_V1/raw/MONASH/hf_MONASH_job866.root
SIGMAB_COUNTS tag=MONASH species=Sigma*_b- pdg=5114 slice=all p=44 a=32 file=/data/alice/ipardoza/hadronization_production/HF_RUN3_V1/raw/MONASH/hf_MONASH_job866.root
SIGMAB_COUNTS tag=MONASH species=Sigma*_b- pdg=5114 slice=eta_lt_1 p=8 a=9 file=/data/alice/ipardoza/hadronization_production/HF_RUN3_V1/raw/MONASH/hf_MONASH_job866.root
SIGMAB_COUNTS tag=MONASH species=Sigma*_b- pdg=5114 slice=eta_1_2 p=12 a=4 file=/data/alice/ipardoza/hadronization_production/HF_RUN3_V1/raw/MONASH/hf_MONASH_job866.root
SIGMAB_COUNTS tag=MONASH species=Sigma*_b- pdg=5114 slice=eta_ge_2 p=24 a=19 file=/data/alice/ipardoza/hadronization_production/HF_RUN3_V1/raw/MONASH/hf_MONASH_job866.root
SIGMAB_COUNTS tag=MONASH species=Lambda_b0 pdg=5122 slice=all p=304 a=314 file=/data/alice/ipardoza/hadronization_production/HF_RUN3_V1/raw/MONASH/hf_MONASH_job866.root
SIGMAB_COUNTS tag=MONASH species=Lambda_b0 pdg=5122 slice=eta_lt_1 p=64 a=58 file=/data/alice/ipardoza/hadronization_production/HF_RUN3_V1/raw/MONASH/hf_MONASH_job866.root
SIGMAB_COUNTS tag=MONASH species=Lambda_b0 pdg=5122 slice=eta_1_2 p=73 a=73 file=/data/alice/ipardoza/hadronization_production/HF_RUN3_V1/raw/MONASH/hf_MONASH_job866.root
SIGMAB_COUNTS tag=MONASH species=Lambda_b0 pdg=5122 slice=eta_ge_2 p=167 a=183 file=/data/alice/ipardoza/hadronization_production/HF_RUN3_V1/raw/MONASH/hf_MONASH_job866.root
SIGMAB_COUNTS tag=MONASH species=Xi_b0 pdg=5232 slice=all p=69 a=59 file=/data/alice/ipardoza/hadronization_production/HF_RUN3_V1/raw/MONASH/hf_MONASH_job866.root
SIGMAB_COUNTS tag=MONASH species=Xi_b0 pdg=5232 slice=eta_lt_1 p=12 a=7 file=/data/alice/ipardoza/hadronization_production/HF_RUN3_V1/raw/MONASH/hf_MONASH_job866.root
SIGMAB_COUNTS tag=MONASH species=Xi_b0 pdg=5232 slice=eta_1_2 p=22 a=14 file=/data/alice/ipardoza/hadronization_production/HF_RUN3_V1/raw/MONASH/hf_MONASH_job866.root
SIGMAB_COUNTS tag=MONASH species=Xi_b0 pdg=5232 slice=eta_ge_2 p=35 a=38 file=/data/alice/ipardoza/hadronization_production/HF_RUN3_V1/raw/MONASH/hf_MONASH_job866.root
SIGMAB_COUNTS tag=MONASH species=Xi_b- pdg=5132 slice=all p=51 a=59 file=/data/alice/ipardoza/hadronization_production/HF_RUN3_V1/raw/MONASH/hf_MONASH_job866.root
SIGMAB_COUNTS tag=MONASH species=Xi_b- pdg=5132 slice=eta_lt_1 p=6 a=13 file=/data/alice/ipardoza/hadronization_production/HF_RUN3_V1/raw/MONASH/hf_MONASH_job866.root
SIGMAB_COUNTS tag=MONASH species=Xi_b- pdg=5132 slice=eta_1_2 p=11 a=11 file=/data/alice/ipardoza/hadronization_production/HF_RUN3_V1/raw/MONASH/hf_MONASH_job866.root
SIGMAB_COUNTS tag=MONASH species=Xi_b- pdg=5132 slice=eta_ge_2 p=34 a=35 file=/data/alice/ipardoza/hadronization_production/HF_RUN3_V1/raw/MONASH/hf_MONASH_job866.root
SIGMAB_COUNTS tag=MONASH species=Sigma_b+ pdg=5222 slice=all p=34 a=16 file=/data/alice/ipardoza/hadronization_production/HF_RUN3_V1/raw/MONASH/hf_MONASH_job867.root
SIGMAB_COUNTS tag=MONASH species=Sigma_b+ pdg=5222 slice=eta_lt_1 p=2 a=2 file=/data/alice/ipardoza/hadronization_production/HF_RUN3_V1/raw/MONASH/hf_MONASH_job867.root
SIGMAB_COUNTS tag=MONASH species=Sigma_b+ pdg=5222 slice=eta_1_2 p=8 a=3 file=/data/alice/ipardoza/hadronization_production/HF_RUN3_V1/raw/MONASH/hf_MONASH_job867.root
SIGMAB_COUNTS tag=MONASH species=Sigma_b+ pdg=5222 slice=eta_ge_2 p=24 a=11 file=/data/alice/ipardoza/hadronization_production/HF_RUN3_V1/raw/MONASH/hf_MONASH_job867.root
SIGMAB_COUNTS tag=MONASH species=Sigma_b0 pdg=5212 slice=all p=40 a=21 file=/data/alice/ipardoza/hadronization_production/HF_RUN3_V1/raw/MONASH/hf_MONASH_job867.root
SIGMAB_COUNTS tag=MONASH species=Sigma_b0 pdg=5212 slice=eta_lt_1 p=8 a=5 file=/data/alice/ipardoza/hadronization_production/HF_RUN3_V1/raw/MONASH/hf_MONASH_job867.root
SIGMAB_COUNTS tag=MONASH species=Sigma_b0 pdg=5212 slice=eta_1_2 p=5 a=5 file=/data/alice/ipardoza/hadronization_production/HF_RUN3_V1/raw/MONASH/hf_MONASH_job867.root
SIGMAB_COUNTS tag=MONASH species=Sigma_b0 pdg=5212 slice=eta_ge_2 p=27 a=11 file=/data/alice/ipardoza/hadronization_production/HF_RUN3_V1/raw/MONASH/hf_MONASH_job867.root
SIGMAB_COUNTS tag=MONASH species=Sigma_b- pdg=5112 slice=all p=38 a=22 file=/data/alice/ipardoza/hadronization_production/HF_RUN3_V1/raw/MONASH/hf_MONASH_job867.root
SIGMAB_COUNTS tag=MONASH species=Sigma_b- pdg=5112 slice=eta_lt_1 p=8 a=7 file=/data/alice/ipardoza/hadronization_production/HF_RUN3_V1/raw/MONASH/hf_MONASH_job867.root
SIGMAB_COUNTS tag=MONASH species=Sigma_b- pdg=5112 slice=eta_1_2 p=8 a=3 file=/data/alice/ipardoza/hadronization_production/HF_RUN3_V1/raw/MONASH/hf_MONASH_job867.root
SIGMAB_COUNTS tag=MONASH species=Sigma_b- pdg=5112 slice=eta_ge_2 p=22 a=12 file=/data/alice/ipardoza/hadronization_production/HF_RUN3_V1/raw/MONASH/hf_MONASH_job867.root
SIGMAB_COUNTS tag=MONASH species=Sigma*_b+ pdg=5224 slice=all p=49 a=44 file=/data/alice/ipardoza/hadronization_production/HF_RUN3_V1/raw/MONASH/hf_MONASH_job867.root
SIGMAB_COUNTS tag=MONASH species=Sigma*_b+ pdg=5224 slice=eta_lt_1 p=10 a=7 file=/data/alice/ipardoza/hadronization_production/HF_RUN3_V1/raw/MONASH/hf_MONASH_job867.root
SIGMAB_COUNTS tag=MONASH species=Sigma*_b+ pdg=5224 slice=eta_1_2 p=8 a=12 file=/data/alice/ipardoza/hadronization_production/HF_RUN3_V1/raw/MONASH/hf_MONASH_job867.root
SIGMAB_COUNTS tag=MONASH species=Sigma*_b+ pdg=5224 slice=eta_ge_2 p=31 a=25 file=/data/alice/ipardoza/hadronization_production/HF_RUN3_V1/raw/MONASH/hf_MONASH_job867.root
SIGMAB_COUNTS tag=MONASH species=Sigma*_b0 pdg=5214 slice=all p=49 a=34 file=/data/alice/ipardoza/hadronization_production/HF_RUN3_V1/raw/MONASH/hf_MONASH_job867.root
SIGMAB_COUNTS tag=MONASH species=Sigma*_b0 pdg=5214 slice=eta_lt_1 p=9 a=7 file=/data/alice/ipardoza/hadronization_production/HF_RUN3_V1/raw/MONASH/hf_MONASH_job867.root
SIGMAB_COUNTS tag=MONASH species=Sigma*_b0 pdg=5214 slice=eta_1_2 p=9 a=7 file=/data/alice/ipardoza/hadronization_production/HF_RUN3_V1/raw/MONASH/hf_MONASH_job867.root
SIGMAB_COUNTS tag=MONASH species=Sigma*_b0 pdg=5214 slice=eta_ge_2 p=31 a=20 file=/data/alice/ipardoza/hadronization_production/HF_RUN3_V1/raw/MONASH/hf_MONASH_job867.root
SIGMAB_COUNTS tag=MONASH species=Sigma*_b- pdg=5114 slice=all p=50 a=49 file=/data/alice/ipardoza/hadronization_production/HF_RUN3_V1/raw/MONASH/hf_MONASH_job867.root
SIGMAB_COUNTS tag=MONASH species=Sigma*_b- pdg=5114 slice=eta_lt_1 p=6 a=13 file=/data/alice/ipardoza/hadronization_production/HF_RUN3_V1/raw/MONASH/hf_MONASH_job867.root
SIGMAB_COUNTS tag=MONASH species=Sigma*_b- pdg=5114 slice=eta_1_2 p=8 a=5 file=/data/alice/ipardoza/hadronization_production/HF_RUN3_V1/raw/MONASH/hf_MONASH_job867.root
SIGMAB_COUNTS tag=MONASH species=Sigma*_b- pdg=5114 slice=eta_ge_2 p=36 a=31 file=/data/alice/ipardoza/hadronization_production/HF_RUN3_V1/raw/MONASH/hf_MONASH_job867.root
SIGMAB_COUNTS tag=MONASH species=Lambda_b0 pdg=5122 slice=all p=315 a=326 file=/data/alice/ipardoza/hadronization_production/HF_RUN3_V1/raw/MONASH/hf_MONASH_job867.root
SIGMAB_COUNTS tag=MONASH species=Lambda_b0 pdg=5122 slice=eta_lt_1 p=53 a=61 file=/data/alice/ipardoza/hadronization_production/HF_RUN3_V1/raw/MONASH/hf_MONASH_job867.root
SIGMAB_COUNTS tag=MONASH species=Lambda_b0 pdg=5122 slice=eta_1_2 p=60 a=67 file=/data/alice/ipardoza/hadronization_production/HF_RUN3_V1/raw/MONASH/hf_MONASH_job867.root
SIGMAB_COUNTS tag=MONASH species=Lambda_b0 pdg=5122 slice=eta_ge_2 p=202 a=198 file=/data/alice/ipardoza/hadronization_production/HF_RUN3_V1/raw/MONASH/hf_MONASH_job867.root
SIGMAB_COUNTS tag=MONASH species=Xi_b0 pdg=5232 slice=all p=53 a=44 file=/data/alice/ipardoza/hadronization_production/HF_RUN3_V1/raw/MONASH/hf_MONASH_job867.root
SIGMAB_COUNTS tag=MONASH species=Xi_b0 pdg=5232 slice=eta_lt_1 p=11 a=8 file=/data/alice/ipardoza/hadronization_production/HF_RUN3_V1/raw/MONASH/hf_MONASH_job867.root
SIGMAB_COUNTS tag=MONASH species=Xi_b0 pdg=5232 slice=eta_1_2 p=13 a=12 file=/data/alice/ipardoza/hadronization_production/HF_RUN3_V1/raw/MONASH/hf_MONASH_job867.root
SIGMAB_COUNTS tag=MONASH species=Xi_b0 pdg=5232 slice=eta_ge_2 p=29 a=24 file=/data/alice/ipardoza/hadronization_production/HF_RUN3_V1/raw/MONASH/hf_MONASH_job867.root
SIGMAB_COUNTS tag=MONASH species=Xi_b- pdg=5132 slice=all p=75 a=48 file=/data/alice/ipardoza/hadronization_production/HF_RUN3_V1/raw/MONASH/hf_MONASH_job867.root
SIGMAB_COUNTS tag=MONASH species=Xi_b- pdg=5132 slice=eta_lt_1 p=14 a=5 file=/data/alice/ipardoza/hadronization_production/HF_RUN3_V1/raw/MONASH/hf_MONASH_job867.root
SIGMAB_COUNTS tag=MONASH species=Xi_b- pdg=5132 slice=eta_1_2 p=19 a=8 file=/data/alice/ipardoza/hadronization_production/HF_RUN3_V1/raw/MONASH/hf_MONASH_job867.root
SIGMAB_COUNTS tag=MONASH species=Xi_b- pdg=5132 slice=eta_ge_2 p=42 a=35 file=/data/alice/ipardoza/hadronization_production/HF_RUN3_V1/raw/MONASH/hf_MONASH_job867.root
SIGMAB_COUNTS tag=MONASH species=Sigma_b+ pdg=5222 slice=all p=41 a=12 file=/data/alice/ipardoza/hadronization_production/HF_RUN3_V1/raw/MONASH/hf_MONASH_job868.root
SIGMAB_COUNTS tag=MONASH species=Sigma_b+ pdg=5222 slice=eta_lt_1 p=5 a=0 file=/data/alice/ipardoza/hadronization_production/HF_RUN3_V1/raw/MONASH/hf_MONASH_job868.root
SIGMAB_COUNTS tag=MONASH species=Sigma_b+ pdg=5222 slice=eta_1_2 p=8 a=2 file=/data/alice/ipardoza/hadronization_production/HF_RUN3_V1/raw/MONASH/hf_MONASH_job868.root
SIGMAB_COUNTS tag=MONASH species=Sigma_b+ pdg=5222 slice=eta_ge_2 p=28 a=10 file=/data/alice/ipardoza/hadronization_production/HF_RUN3_V1/raw/MONASH/hf_MONASH_job868.root
SIGMAB_COUNTS tag=MONASH species=Sigma_b0 pdg=5212 slice=all p=43 a=19 file=/data/alice/ipardoza/hadronization_production/HF_RUN3_V1/raw/MONASH/hf_MONASH_job868.root
SIGMAB_COUNTS tag=MONASH species=Sigma_b0 pdg=5212 slice=eta_lt_1 p=6 a=4 file=/data/alice/ipardoza/hadronization_production/HF_RUN3_V1/raw/MONASH/hf_MONASH_job868.root
SIGMAB_COUNTS tag=MONASH species=Sigma_b0 pdg=5212 slice=eta_1_2 p=4 a=2 file=/data/alice/ipardoza/hadronization_production/HF_RUN3_V1/raw/MONASH/hf_MONASH_job868.root
SIGMAB_COUNTS tag=MONASH species=Sigma_b0 pdg=5212 slice=eta_ge_2 p=33 a=13 file=/data/alice/ipardoza/hadronization_production/HF_RUN3_V1/raw/MONASH/hf_MONASH_job868.root
SIGMAB_COUNTS tag=MONASH species=Sigma_b- pdg=5112 slice=all p=37 a=20 file=/data/alice/ipardoza/hadronization_production/HF_RUN3_V1/raw/MONASH/hf_MONASH_job868.root
SIGMAB_COUNTS tag=MONASH species=Sigma_b- pdg=5112 slice=eta_lt_1 p=4 a=5 file=/data/alice/ipardoza/hadronization_production/HF_RUN3_V1/raw/MONASH/hf_MONASH_job868.root
SIGMAB_COUNTS tag=MONASH species=Sigma_b- pdg=5112 slice=eta_1_2 p=5 a=1 file=/data/alice/ipardoza/hadronization_production/HF_RUN3_V1/raw/MONASH/hf_MONASH_job868.root
SIGMAB_COUNTS tag=MONASH species=Sigma_b- pdg=5112 slice=eta_ge_2 p=28 a=14 file=/data/alice/ipardoza/hadronization_production/HF_RUN3_V1/raw/MONASH/hf_MONASH_job868.root
SIGMAB_COUNTS tag=MONASH species=Sigma*_b+ pdg=5224 slice=all p=53 a=43 file=/data/alice/ipardoza/hadronization_production/HF_RUN3_V1/raw/MONASH/hf_MONASH_job868.root
SIGMAB_COUNTS tag=MONASH species=Sigma*_b+ pdg=5224 slice=eta_lt_1 p=12 a=12 file=/data/alice/ipardoza/hadronization_production/HF_RUN3_V1/raw/MONASH/hf_MONASH_job868.root
SIGMAB_COUNTS tag=MONASH species=Sigma*_b+ pdg=5224 slice=eta_1_2 p=13 a=10 file=/data/alice/ipardoza/hadronization_production/HF_RUN3_V1/raw/MONASH/hf_MONASH_job868.root
SIGMAB_COUNTS tag=MONASH species=Sigma*_b+ pdg=5224 slice=eta_ge_2 p=28 a=21 file=/data/alice/ipardoza/hadronization_production/HF_RUN3_V1/raw/MONASH/hf_MONASH_job868.root
SIGMAB_COUNTS tag=MONASH species=Sigma*_b0 pdg=5214 slice=all p=50 a=41 file=/data/alice/ipardoza/hadronization_production/HF_RUN3_V1/raw/MONASH/hf_MONASH_job868.root
SIGMAB_COUNTS tag=MONASH species=Sigma*_b0 pdg=5214 slice=eta_lt_1 p=8 a=10 file=/data/alice/ipardoza/hadronization_production/HF_RUN3_V1/raw/MONASH/hf_MONASH_job868.root
SIGMAB_COUNTS tag=MONASH species=Sigma*_b0 pdg=5214 slice=eta_1_2 p=10 a=9 file=/data/alice/ipardoza/hadronization_production/HF_RUN3_V1/raw/MONASH/hf_MONASH_job868.root
SIGMAB_COUNTS tag=MONASH species=Sigma*_b0 pdg=5214 slice=eta_ge_2 p=32 a=22 file=/data/alice/ipardoza/hadronization_production/HF_RUN3_V1/raw/MONASH/hf_MONASH_job868.root
SIGMAB_COUNTS tag=MONASH species=Sigma*_b- pdg=5114 slice=all p=52 a=35 file=/data/alice/ipardoza/hadronization_production/HF_RUN3_V1/raw/MONASH/hf_MONASH_job868.root
SIGMAB_COUNTS tag=MONASH species=Sigma*_b- pdg=5114 slice=eta_lt_1 p=6 a=9 file=/data/alice/ipardoza/hadronization_production/HF_RUN3_V1/raw/MONASH/hf_MONASH_job868.root
SIGMAB_COUNTS tag=MONASH species=Sigma*_b- pdg=5114 slice=eta_1_2 p=16 a=4 file=/data/alice/ipardoza/hadronization_production/HF_RUN3_V1/raw/MONASH/hf_MONASH_job868.root
SIGMAB_COUNTS tag=MONASH species=Sigma*_b- pdg=5114 slice=eta_ge_2 p=30 a=22 file=/data/alice/ipardoza/hadronization_production/HF_RUN3_V1/raw/MONASH/hf_MONASH_job868.root
SIGMAB_COUNTS tag=MONASH species=Lambda_b0 pdg=5122 slice=all p=317 a=300 file=/data/alice/ipardoza/hadronization_production/HF_RUN3_V1/raw/MONASH/hf_MONASH_job868.root
SIGMAB_COUNTS tag=MONASH species=Lambda_b0 pdg=5122 slice=eta_lt_1 p=68 a=56 file=/data/alice/ipardoza/hadronization_production/HF_RUN3_V1/raw/MONASH/hf_MONASH_job868.root
SIGMAB_COUNTS tag=MONASH species=Lambda_b0 pdg=5122 slice=eta_1_2 p=73 a=61 file=/data/alice/ipardoza/hadronization_production/HF_RUN3_V1/raw/MONASH/hf_MONASH_job868.root
SIGMAB_COUNTS tag=MONASH species=Lambda_b0 pdg=5122 slice=eta_ge_2 p=176 a=183 file=/data/alice/ipardoza/hadronization_production/HF_RUN3_V1/raw/MONASH/hf_MONASH_job868.root
SIGMAB_COUNTS tag=MONASH species=Xi_b0 pdg=5232 slice=all p=50 a=49 file=/data/alice/ipardoza/hadronization_production/HF_RUN3_V1/raw/MONASH/hf_MONASH_job868.root
SIGMAB_COUNTS tag=MONASH species=Xi_b0 pdg=5232 slice=eta_lt_1 p=4 a=6 file=/data/alice/ipardoza/hadronization_production/HF_RUN3_V1/raw/MONASH/hf_MONASH_job868.root
SIGMAB_COUNTS tag=MONASH species=Xi_b0 pdg=5232 slice=eta_1_2 p=19 a=15 file=/data/alice/ipardoza/hadronization_production/HF_RUN3_V1/raw/MONASH/hf_MONASH_job868.root
SIGMAB_COUNTS tag=MONASH species=Xi_b0 pdg=5232 slice=eta_ge_2 p=27 a=28 file=/data/alice/ipardoza/hadronization_production/HF_RUN3_V1/raw/MONASH/hf_MONASH_job868.root
SIGMAB_COUNTS tag=MONASH species=Xi_b- pdg=5132 slice=all p=57 a=57 file=/data/alice/ipardoza/hadronization_production/HF_RUN3_V1/raw/MONASH/hf_MONASH_job868.root
SIGMAB_COUNTS tag=MONASH species=Xi_b- pdg=5132 slice=eta_lt_1 p=8 a=11 file=/data/alice/ipardoza/hadronization_production/HF_RUN3_V1/raw/MONASH/hf_MONASH_job868.root
SIGMAB_COUNTS tag=MONASH species=Xi_b- pdg=5132 slice=eta_1_2 p=17 a=14 file=/data/alice/ipardoza/hadronization_production/HF_RUN3_V1/raw/MONASH/hf_MONASH_job868.root
SIGMAB_COUNTS tag=MONASH species=Xi_b- pdg=5132 slice=eta_ge_2 p=32 a=32 file=/data/alice/ipardoza/hadronization_production/HF_RUN3_V1/raw/MONASH/hf_MONASH_job868.root
SIGMAB_COUNTS tag=MONASH species=Sigma_b+ pdg=5222 slice=all p=25 a=21 file=/data/alice/ipardoza/hadronization_production/HF_RUN3_V1/raw/MONASH/hf_MONASH_job869.root
SIGMAB_COUNTS tag=MONASH species=Sigma_b+ pdg=5222 slice=eta_lt_1 p=6 a=6 file=/data/alice/ipardoza/hadronization_production/HF_RUN3_V1/raw/MONASH/hf_MONASH_job869.root
SIGMAB_COUNTS tag=MONASH species=Sigma_b+ pdg=5222 slice=eta_1_2 p=4 a=0 file=/data/alice/ipardoza/hadronization_production/HF_RUN3_V1/raw/MONASH/hf_MONASH_job869.root
SIGMAB_COUNTS tag=MONASH species=Sigma_b+ pdg=5222 slice=eta_ge_2 p=15 a=15 file=/data/alice/ipardoza/hadronization_production/HF_RUN3_V1/raw/MONASH/hf_MONASH_job869.root
SIGMAB_COUNTS tag=MONASH species=Sigma_b0 pdg=5212 slice=all p=22 a=18 file=/data/alice/ipardoza/hadronization_production/HF_RUN3_V1/raw/MONASH/hf_MONASH_job869.root
SIGMAB_COUNTS tag=MONASH species=Sigma_b0 pdg=5212 slice=eta_lt_1 p=5 a=8 file=/data/alice/ipardoza/hadronization_production/HF_RUN3_V1/raw/MONASH/hf_MONASH_job869.root
SIGMAB_COUNTS tag=MONASH species=Sigma_b0 pdg=5212 slice=eta_1_2 p=4 a=3 file=/data/alice/ipardoza/hadronization_production/HF_RUN3_V1/raw/MONASH/hf_MONASH_job869.root
SIGMAB_COUNTS tag=MONASH species=Sigma_b0 pdg=5212 slice=eta_ge_2 p=13 a=7 file=/data/alice/ipardoza/hadronization_production/HF_RUN3_V1/raw/MONASH/hf_MONASH_job869.root
SIGMAB_COUNTS tag=MONASH species=Sigma_b- pdg=5112 slice=all p=32 a=22 file=/data/alice/ipardoza/hadronization_production/HF_RUN3_V1/raw/MONASH/hf_MONASH_job869.root
SIGMAB_COUNTS tag=MONASH species=Sigma_b- pdg=5112 slice=eta_lt_1 p=5 a=4 file=/data/alice/ipardoza/hadronization_production/HF_RUN3_V1/raw/MONASH/hf_MONASH_job869.root
SIGMAB_COUNTS tag=MONASH species=Sigma_b- pdg=5112 slice=eta_1_2 p=5 a=8 file=/data/alice/ipardoza/hadronization_production/HF_RUN3_V1/raw/MONASH/hf_MONASH_job869.root
SIGMAB_COUNTS tag=MONASH species=Sigma_b- pdg=5112 slice=eta_ge_2 p=22 a=10 file=/data/alice/ipardoza/hadronization_production/HF_RUN3_V1/raw/MONASH/hf_MONASH_job869.root
SIGMAB_COUNTS tag=MONASH species=Sigma*_b+ pdg=5224 slice=all p=58 a=36 file=/data/alice/ipardoza/hadronization_production/HF_RUN3_V1/raw/MONASH/hf_MONASH_job869.root
SIGMAB_COUNTS tag=MONASH species=Sigma*_b+ pdg=5224 slice=eta_lt_1 p=10 a=4 file=/data/alice/ipardoza/hadronization_production/HF_RUN3_V1/raw/MONASH/hf_MONASH_job869.root
SIGMAB_COUNTS tag=MONASH species=Sigma*_b+ pdg=5224 slice=eta_1_2 p=6 a=6 file=/data/alice/ipardoza/hadronization_production/HF_RUN3_V1/raw/MONASH/hf_MONASH_job869.root
SIGMAB_COUNTS tag=MONASH species=Sigma*_b+ pdg=5224 slice=eta_ge_2 p=42 a=26 file=/data/alice/ipardoza/hadronization_production/HF_RUN3_V1/raw/MONASH/hf_MONASH_job869.root
SIGMAB_COUNTS tag=MONASH species=Sigma*_b0 pdg=5214 slice=all p=58 a=39 file=/data/alice/ipardoza/hadronization_production/HF_RUN3_V1/raw/MONASH/hf_MONASH_job869.root
SIGMAB_COUNTS tag=MONASH species=Sigma*_b0 pdg=5214 slice=eta_lt_1 p=13 a=5 file=/data/alice/ipardoza/hadronization_production/HF_RUN3_V1/raw/MONASH/hf_MONASH_job869.root
SIGMAB_COUNTS tag=MONASH species=Sigma*_b0 pdg=5214 slice=eta_1_2 p=11 a=6 file=/data/alice/ipardoza/hadronization_production/HF_RUN3_V1/raw/MONASH/hf_MONASH_job869.root
SIGMAB_COUNTS tag=MONASH species=Sigma*_b0 pdg=5214 slice=eta_ge_2 p=34 a=28 file=/data/alice/ipardoza/hadronization_production/HF_RUN3_V1/raw/MONASH/hf_MONASH_job869.root
SIGMAB_COUNTS tag=MONASH species=Sigma*_b- pdg=5114 slice=all p=53 a=44 file=/data/alice/ipardoza/hadronization_production/HF_RUN3_V1/raw/MONASH/hf_MONASH_job869.root
SIGMAB_COUNTS tag=MONASH species=Sigma*_b- pdg=5114 slice=eta_lt_1 p=7 a=8 file=/data/alice/ipardoza/hadronization_production/HF_RUN3_V1/raw/MONASH/hf_MONASH_job869.root
SIGMAB_COUNTS tag=MONASH species=Sigma*_b- pdg=5114 slice=eta_1_2 p=9 a=7 file=/data/alice/ipardoza/hadronization_production/HF_RUN3_V1/raw/MONASH/hf_MONASH_job869.root
SIGMAB_COUNTS tag=MONASH species=Sigma*_b- pdg=5114 slice=eta_ge_2 p=37 a=29 file=/data/alice/ipardoza/hadronization_production/HF_RUN3_V1/raw/MONASH/hf_MONASH_job869.root
SIGMAB_COUNTS tag=MONASH species=Lambda_b0 pdg=5122 slice=all p=304 a=328 file=/data/alice/ipardoza/hadronization_production/HF_RUN3_V1/raw/MONASH/hf_MONASH_job869.root
SIGMAB_COUNTS tag=MONASH species=Lambda_b0 pdg=5122 slice=eta_lt_1 p=48 a=51 file=/data/alice/ipardoza/hadronization_production/HF_RUN3_V1/raw/MONASH/hf_MONASH_job869.root
SIGMAB_COUNTS tag=MONASH species=Lambda_b0 pdg=5122 slice=eta_1_2 p=57 a=57 file=/data/alice/ipardoza/hadronization_production/HF_RUN3_V1/raw/MONASH/hf_MONASH_job869.root
SIGMAB_COUNTS tag=MONASH species=Lambda_b0 pdg=5122 slice=eta_ge_2 p=199 a=220 file=/data/alice/ipardoza/hadronization_production/HF_RUN3_V1/raw/MONASH/hf_MONASH_job869.root
SIGMAB_COUNTS tag=MONASH species=Xi_b0 pdg=5232 slice=all p=53 a=59 file=/data/alice/ipardoza/hadronization_production/HF_RUN3_V1/raw/MONASH/hf_MONASH_job869.root
SIGMAB_COUNTS tag=MONASH species=Xi_b0 pdg=5232 slice=eta_lt_1 p=7 a=9 file=/data/alice/ipardoza/hadronization_production/HF_RUN3_V1/raw/MONASH/hf_MONASH_job869.root
SIGMAB_COUNTS tag=MONASH species=Xi_b0 pdg=5232 slice=eta_1_2 p=9 a=13 file=/data/alice/ipardoza/hadronization_production/HF_RUN3_V1/raw/MONASH/hf_MONASH_job869.root
SIGMAB_COUNTS tag=MONASH species=Xi_b0 pdg=5232 slice=eta_ge_2 p=37 a=37 file=/data/alice/ipardoza/hadronization_production/HF_RUN3_V1/raw/MONASH/hf_MONASH_job869.root
SIGMAB_COUNTS tag=MONASH species=Xi_b- pdg=5132 slice=all p=47 a=44 file=/data/alice/ipardoza/hadronization_production/HF_RUN3_V1/raw/MONASH/hf_MONASH_job869.root
SIGMAB_COUNTS tag=MONASH species=Xi_b- pdg=5132 slice=eta_lt_1 p=5 a=5 file=/data/alice/ipardoza/hadronization_production/HF_RUN3_V1/raw/MONASH/hf_MONASH_job869.root
SIGMAB_COUNTS tag=MONASH species=Xi_b- pdg=5132 slice=eta_1_2 p=8 a=8 file=/data/alice/ipardoza/hadronization_production/HF_RUN3_V1/raw/MONASH/hf_MONASH_job869.root
SIGMAB_COUNTS tag=MONASH species=Xi_b- pdg=5132 slice=eta_ge_2 p=34 a=31 file=/data/alice/ipardoza/hadronization_production/HF_RUN3_V1/raw/MONASH/hf_MONASH_job869.root
SIGMAB_COUNTS tag=MONASH species=Sigma_b+ pdg=5222 slice=all p=47 a=20 file=/data/alice/ipardoza/hadronization_production/HF_RUN3_V1/raw/MONASH/hf_MONASH_job870.root
SIGMAB_COUNTS tag=MONASH species=Sigma_b+ pdg=5222 slice=eta_lt_1 p=9 a=4 file=/data/alice/ipardoza/hadronization_production/HF_RUN3_V1/raw/MONASH/hf_MONASH_job870.root
SIGMAB_COUNTS tag=MONASH species=Sigma_b+ pdg=5222 slice=eta_1_2 p=8 a=5 file=/data/alice/ipardoza/hadronization_production/HF_RUN3_V1/raw/MONASH/hf_MONASH_job870.root
SIGMAB_COUNTS tag=MONASH species=Sigma_b+ pdg=5222 slice=eta_ge_2 p=30 a=11 file=/data/alice/ipardoza/hadronization_production/HF_RUN3_V1/raw/MONASH/hf_MONASH_job870.root
SIGMAB_COUNTS tag=MONASH species=Sigma_b0 pdg=5212 slice=all p=25 a=30 file=/data/alice/ipardoza/hadronization_production/HF_RUN3_V1/raw/MONASH/hf_MONASH_job870.root
SIGMAB_COUNTS tag=MONASH species=Sigma_b0 pdg=5212 slice=eta_lt_1 p=4 a=8 file=/data/alice/ipardoza/hadronization_production/HF_RUN3_V1/raw/MONASH/hf_MONASH_job870.root
SIGMAB_COUNTS tag=MONASH species=Sigma_b0 pdg=5212 slice=eta_1_2 p=5 a=6 file=/data/alice/ipardoza/hadronization_production/HF_RUN3_V1/raw/MONASH/hf_MONASH_job870.root
SIGMAB_COUNTS tag=MONASH species=Sigma_b0 pdg=5212 slice=eta_ge_2 p=16 a=16 file=/data/alice/ipardoza/hadronization_production/HF_RUN3_V1/raw/MONASH/hf_MONASH_job870.root
SIGMAB_COUNTS tag=MONASH species=Sigma_b- pdg=5112 slice=all p=42 a=16 file=/data/alice/ipardoza/hadronization_production/HF_RUN3_V1/raw/MONASH/hf_MONASH_job870.root
SIGMAB_COUNTS tag=MONASH species=Sigma_b- pdg=5112 slice=eta_lt_1 p=8 a=1 file=/data/alice/ipardoza/hadronization_production/HF_RUN3_V1/raw/MONASH/hf_MONASH_job870.root
SIGMAB_COUNTS tag=MONASH species=Sigma_b- pdg=5112 slice=eta_1_2 p=9 a=3 file=/data/alice/ipardoza/hadronization_production/HF_RUN3_V1/raw/MONASH/hf_MONASH_job870.root
SIGMAB_COUNTS tag=MONASH species=Sigma_b- pdg=5112 slice=eta_ge_2 p=25 a=12 file=/data/alice/ipardoza/hadronization_production/HF_RUN3_V1/raw/MONASH/hf_MONASH_job870.root
SIGMAB_COUNTS tag=MONASH species=Sigma*_b+ pdg=5224 slice=all p=44 a=41 file=/data/alice/ipardoza/hadronization_production/HF_RUN3_V1/raw/MONASH/hf_MONASH_job870.root
SIGMAB_COUNTS tag=MONASH species=Sigma*_b+ pdg=5224 slice=eta_lt_1 p=6 a=8 file=/data/alice/ipardoza/hadronization_production/HF_RUN3_V1/raw/MONASH/hf_MONASH_job870.root
SIGMAB_COUNTS tag=MONASH species=Sigma*_b+ pdg=5224 slice=eta_1_2 p=7 a=10 file=/data/alice/ipardoza/hadronization_production/HF_RUN3_V1/raw/MONASH/hf_MONASH_job870.root
SIGMAB_COUNTS tag=MONASH species=Sigma*_b+ pdg=5224 slice=eta_ge_2 p=31 a=23 file=/data/alice/ipardoza/hadronization_production/HF_RUN3_V1/raw/MONASH/hf_MONASH_job870.root
SIGMAB_COUNTS tag=MONASH species=Sigma*_b0 pdg=5214 slice=all p=59 a=42 file=/data/alice/ipardoza/hadronization_production/HF_RUN3_V1/raw/MONASH/hf_MONASH_job870.root
SIGMAB_COUNTS tag=MONASH species=Sigma*_b0 pdg=5214 slice=eta_lt_1 p=8 a=8 file=/data/alice/ipardoza/hadronization_production/HF_RUN3_V1/raw/MONASH/hf_MONASH_job870.root
SIGMAB_COUNTS tag=MONASH species=Sigma*_b0 pdg=5214 slice=eta_1_2 p=11 a=10 file=/data/alice/ipardoza/hadronization_production/HF_RUN3_V1/raw/MONASH/hf_MONASH_job870.root
SIGMAB_COUNTS tag=MONASH species=Sigma*_b0 pdg=5214 slice=eta_ge_2 p=40 a=24 file=/data/alice/ipardoza/hadronization_production/HF_RUN3_V1/raw/MONASH/hf_MONASH_job870.root
SIGMAB_COUNTS tag=MONASH species=Sigma*_b- pdg=5114 slice=all p=38 a=41 file=/data/alice/ipardoza/hadronization_production/HF_RUN3_V1/raw/MONASH/hf_MONASH_job870.root
SIGMAB_COUNTS tag=MONASH species=Sigma*_b- pdg=5114 slice=eta_lt_1 p=6 a=6 file=/data/alice/ipardoza/hadronization_production/HF_RUN3_V1/raw/MONASH/hf_MONASH_job870.root
SIGMAB_COUNTS tag=MONASH species=Sigma*_b- pdg=5114 slice=eta_1_2 p=9 a=12 file=/data/alice/ipardoza/hadronization_production/HF_RUN3_V1/raw/MONASH/hf_MONASH_job870.root
SIGMAB_COUNTS tag=MONASH species=Sigma*_b- pdg=5114 slice=eta_ge_2 p=23 a=23 file=/data/alice/ipardoza/hadronization_production/HF_RUN3_V1/raw/MONASH/hf_MONASH_job870.root
SIGMAB_COUNTS tag=MONASH species=Lambda_b0 pdg=5122 slice=all p=327 a=335 file=/data/alice/ipardoza/hadronization_production/HF_RUN3_V1/raw/MONASH/hf_MONASH_job870.root
SIGMAB_COUNTS tag=MONASH species=Lambda_b0 pdg=5122 slice=eta_lt_1 p=72 a=54 file=/data/alice/ipardoza/hadronization_production/HF_RUN3_V1/raw/MONASH/hf_MONASH_job870.root
SIGMAB_COUNTS tag=MONASH species=Lambda_b0 pdg=5122 slice=eta_1_2 p=72 a=81 file=/data/alice/ipardoza/hadronization_production/HF_RUN3_V1/raw/MONASH/hf_MONASH_job870.root
SIGMAB_COUNTS tag=MONASH species=Lambda_b0 pdg=5122 slice=eta_ge_2 p=183 a=200 file=/data/alice/ipardoza/hadronization_production/HF_RUN3_V1/raw/MONASH/hf_MONASH_job870.root
SIGMAB_COUNTS tag=MONASH species=Xi_b0 pdg=5232 slice=all p=62 a=51 file=/data/alice/ipardoza/hadronization_production/HF_RUN3_V1/raw/MONASH/hf_MONASH_job870.root
SIGMAB_COUNTS tag=MONASH species=Xi_b0 pdg=5232 slice=eta_lt_1 p=13 a=9 file=/data/alice/ipardoza/hadronization_production/HF_RUN3_V1/raw/MONASH/hf_MONASH_job870.root
SIGMAB_COUNTS tag=MONASH species=Xi_b0 pdg=5232 slice=eta_1_2 p=19 a=9 file=/data/alice/ipardoza/hadronization_production/HF_RUN3_V1/raw/MONASH/hf_MONASH_job870.root
SIGMAB_COUNTS tag=MONASH species=Xi_b0 pdg=5232 slice=eta_ge_2 p=30 a=33 file=/data/alice/ipardoza/hadronization_production/HF_RUN3_V1/raw/MONASH/hf_MONASH_job870.root
SIGMAB_COUNTS tag=MONASH species=Xi_b- pdg=5132 slice=all p=65 a=55 file=/data/alice/ipardoza/hadronization_production/HF_RUN3_V1/raw/MONASH/hf_MONASH_job870.root
SIGMAB_COUNTS tag=MONASH species=Xi_b- pdg=5132 slice=eta_lt_1 p=10 a=8 file=/data/alice/ipardoza/hadronization_production/HF_RUN3_V1/raw/MONASH/hf_MONASH_job870.root
SIGMAB_COUNTS tag=MONASH species=Xi_b- pdg=5132 slice=eta_1_2 p=13 a=10 file=/data/alice/ipardoza/hadronization_production/HF_RUN3_V1/raw/MONASH/hf_MONASH_job870.root
SIGMAB_COUNTS tag=MONASH species=Xi_b- pdg=5132 slice=eta_ge_2 p=42 a=37 file=/data/alice/ipardoza/hadronization_production/HF_RUN3_V1/raw/MONASH/hf_MONASH_job870.root
SIGMAB_COUNTS tag=MONASH species=Sigma_b+ pdg=5222 slice=all p=30 a=22 file=/data/alice/ipardoza/hadronization_production/HF_RUN3_V1/raw/MONASH/hf_MONASH_job871.root
SIGMAB_COUNTS tag=MONASH species=Sigma_b+ pdg=5222 slice=eta_lt_1 p=6 a=3 file=/data/alice/ipardoza/hadronization_production/HF_RUN3_V1/raw/MONASH/hf_MONASH_job871.root
SIGMAB_COUNTS tag=MONASH species=Sigma_b+ pdg=5222 slice=eta_1_2 p=8 a=6 file=/data/alice/ipardoza/hadronization_production/HF_RUN3_V1/raw/MONASH/hf_MONASH_job871.root
SIGMAB_COUNTS tag=MONASH species=Sigma_b+ pdg=5222 slice=eta_ge_2 p=16 a=13 file=/data/alice/ipardoza/hadronization_production/HF_RUN3_V1/raw/MONASH/hf_MONASH_job871.root
SIGMAB_COUNTS tag=MONASH species=Sigma_b0 pdg=5212 slice=all p=29 a=17 file=/data/alice/ipardoza/hadronization_production/HF_RUN3_V1/raw/MONASH/hf_MONASH_job871.root
SIGMAB_COUNTS tag=MONASH species=Sigma_b0 pdg=5212 slice=eta_lt_1 p=5 a=2 file=/data/alice/ipardoza/hadronization_production/HF_RUN3_V1/raw/MONASH/hf_MONASH_job871.root
SIGMAB_COUNTS tag=MONASH species=Sigma_b0 pdg=5212 slice=eta_1_2 p=6 a=4 file=/data/alice/ipardoza/hadronization_production/HF_RUN3_V1/raw/MONASH/hf_MONASH_job871.root
SIGMAB_COUNTS tag=MONASH species=Sigma_b0 pdg=5212 slice=eta_ge_2 p=18 a=11 file=/data/alice/ipardoza/hadronization_production/HF_RUN3_V1/raw/MONASH/hf_MONASH_job871.root
SIGMAB_COUNTS tag=MONASH species=Sigma_b- pdg=5112 slice=all p=34 a=17 file=/data/alice/ipardoza/hadronization_production/HF_RUN3_V1/raw/MONASH/hf_MONASH_job871.root
SIGMAB_COUNTS tag=MONASH species=Sigma_b- pdg=5112 slice=eta_lt_1 p=2 a=4 file=/data/alice/ipardoza/hadronization_production/HF_RUN3_V1/raw/MONASH/hf_MONASH_job871.root
SIGMAB_COUNTS tag=MONASH species=Sigma_b- pdg=5112 slice=eta_1_2 p=6 a=4 file=/data/alice/ipardoza/hadronization_production/HF_RUN3_V1/raw/MONASH/hf_MONASH_job871.root
SIGMAB_COUNTS tag=MONASH species=Sigma_b- pdg=5112 slice=eta_ge_2 p=26 a=9 file=/data/alice/ipardoza/hadronization_production/HF_RUN3_V1/raw/MONASH/hf_MONASH_job871.root
SIGMAB_COUNTS tag=MONASH species=Sigma*_b+ pdg=5224 slice=all p=55 a=49 file=/data/alice/ipardoza/hadronization_production/HF_RUN3_V1/raw/MONASH/hf_MONASH_job871.root
SIGMAB_COUNTS tag=MONASH species=Sigma*_b+ pdg=5224 slice=eta_lt_1 p=6 a=6 file=/data/alice/ipardoza/hadronization_production/HF_RUN3_V1/raw/MONASH/hf_MONASH_job871.root
SIGMAB_COUNTS tag=MONASH species=Sigma*_b+ pdg=5224 slice=eta_1_2 p=10 a=8 file=/data/alice/ipardoza/hadronization_production/HF_RUN3_V1/raw/MONASH/hf_MONASH_job871.root
SIGMAB_COUNTS tag=MONASH species=Sigma*_b+ pdg=5224 slice=eta_ge_2 p=39 a=35 file=/data/alice/ipardoza/hadronization_production/HF_RUN3_V1/raw/MONASH/hf_MONASH_job871.root
SIGMAB_COUNTS tag=MONASH species=Sigma*_b0 pdg=5214 slice=all p=28 a=46 file=/data/alice/ipardoza/hadronization_production/HF_RUN3_V1/raw/MONASH/hf_MONASH_job871.root
SIGMAB_COUNTS tag=MONASH species=Sigma*_b0 pdg=5214 slice=eta_lt_1 p=6 a=8 file=/data/alice/ipardoza/hadronization_production/HF_RUN3_V1/raw/MONASH/hf_MONASH_job871.root
SIGMAB_COUNTS tag=MONASH species=Sigma*_b0 pdg=5214 slice=eta_1_2 p=3 a=10 file=/data/alice/ipardoza/hadronization_production/HF_RUN3_V1/raw/MONASH/hf_MONASH_job871.root
SIGMAB_COUNTS tag=MONASH species=Sigma*_b0 pdg=5214 slice=eta_ge_2 p=19 a=28 file=/data/alice/ipardoza/hadronization_production/HF_RUN3_V1/raw/MONASH/hf_MONASH_job871.root
SIGMAB_COUNTS tag=MONASH species=Sigma*_b- pdg=5114 slice=all p=54 a=38 file=/data/alice/ipardoza/hadronization_production/HF_RUN3_V1/raw/MONASH/hf_MONASH_job871.root
SIGMAB_COUNTS tag=MONASH species=Sigma*_b- pdg=5114 slice=eta_lt_1 p=8 a=9 file=/data/alice/ipardoza/hadronization_production/HF_RUN3_V1/raw/MONASH/hf_MONASH_job871.root
SIGMAB_COUNTS tag=MONASH species=Sigma*_b- pdg=5114 slice=eta_1_2 p=8 a=12 file=/data/alice/ipardoza/hadronization_production/HF_RUN3_V1/raw/MONASH/hf_MONASH_job871.root
SIGMAB_COUNTS tag=MONASH species=Sigma*_b- pdg=5114 slice=eta_ge_2 p=38 a=17 file=/data/alice/ipardoza/hadronization_production/HF_RUN3_V1/raw/MONASH/hf_MONASH_job871.root
SIGMAB_COUNTS tag=MONASH species=Lambda_b0 pdg=5122 slice=all p=351 a=307 file=/data/alice/ipardoza/hadronization_production/HF_RUN3_V1/raw/MONASH/hf_MONASH_job871.root
SIGMAB_COUNTS tag=MONASH species=Lambda_b0 pdg=5122 slice=eta_lt_1 p=71 a=50 file=/data/alice/ipardoza/hadronization_production/HF_RUN3_V1/raw/MONASH/hf_MONASH_job871.root
SIGMAB_COUNTS tag=MONASH species=Lambda_b0 pdg=5122 slice=eta_1_2 p=74 a=73 file=/data/alice/ipardoza/hadronization_production/HF_RUN3_V1/raw/MONASH/hf_MONASH_job871.root
SIGMAB_COUNTS tag=MONASH species=Lambda_b0 pdg=5122 slice=eta_ge_2 p=206 a=184 file=/data/alice/ipardoza/hadronization_production/HF_RUN3_V1/raw/MONASH/hf_MONASH_job871.root
SIGMAB_COUNTS tag=MONASH species=Xi_b0 pdg=5232 slice=all p=65 a=59 file=/data/alice/ipardoza/hadronization_production/HF_RUN3_V1/raw/MONASH/hf_MONASH_job871.root
SIGMAB_COUNTS tag=MONASH species=Xi_b0 pdg=5232 slice=eta_lt_1 p=14 a=10 file=/data/alice/ipardoza/hadronization_production/HF_RUN3_V1/raw/MONASH/hf_MONASH_job871.root
SIGMAB_COUNTS tag=MONASH species=Xi_b0 pdg=5232 slice=eta_1_2 p=15 a=13 file=/data/alice/ipardoza/hadronization_production/HF_RUN3_V1/raw/MONASH/hf_MONASH_job871.root
SIGMAB_COUNTS tag=MONASH species=Xi_b0 pdg=5232 slice=eta_ge_2 p=36 a=36 file=/data/alice/ipardoza/hadronization_production/HF_RUN3_V1/raw/MONASH/hf_MONASH_job871.root
SIGMAB_COUNTS tag=MONASH species=Xi_b- pdg=5132 slice=all p=59 a=54 file=/data/alice/ipardoza/hadronization_production/HF_RUN3_V1/raw/MONASH/hf_MONASH_job871.root
SIGMAB_COUNTS tag=MONASH species=Xi_b- pdg=5132 slice=eta_lt_1 p=11 a=5 file=/data/alice/ipardoza/hadronization_production/HF_RUN3_V1/raw/MONASH/hf_MONASH_job871.root
SIGMAB_COUNTS tag=MONASH species=Xi_b- pdg=5132 slice=eta_1_2 p=15 a=14 file=/data/alice/ipardoza/hadronization_production/HF_RUN3_V1/raw/MONASH/hf_MONASH_job871.root
SIGMAB_COUNTS tag=MONASH species=Xi_b- pdg=5132 slice=eta_ge_2 p=33 a=35 file=/data/alice/ipardoza/hadronization_production/HF_RUN3_V1/raw/MONASH/hf_MONASH_job871.root
SIGMAB_COUNTS tag=MONASH species=Sigma_b+ pdg=5222 slice=all p=28 a=27 file=/data/alice/ipardoza/hadronization_production/HF_RUN3_V1/raw/MONASH/hf_MONASH_job872.root
SIGMAB_COUNTS tag=MONASH species=Sigma_b+ pdg=5222 slice=eta_lt_1 p=6 a=7 file=/data/alice/ipardoza/hadronization_production/HF_RUN3_V1/raw/MONASH/hf_MONASH_job872.root
SIGMAB_COUNTS tag=MONASH species=Sigma_b+ pdg=5222 slice=eta_1_2 p=9 a=4 file=/data/alice/ipardoza/hadronization_production/HF_RUN3_V1/raw/MONASH/hf_MONASH_job872.root
SIGMAB_COUNTS tag=MONASH species=Sigma_b+ pdg=5222 slice=eta_ge_2 p=13 a=16 file=/data/alice/ipardoza/hadronization_production/HF_RUN3_V1/raw/MONASH/hf_MONASH_job872.root
SIGMAB_COUNTS tag=MONASH species=Sigma_b0 pdg=5212 slice=all p=55 a=23 file=/data/alice/ipardoza/hadronization_production/HF_RUN3_V1/raw/MONASH/hf_MONASH_job872.root
SIGMAB_COUNTS tag=MONASH species=Sigma_b0 pdg=5212 slice=eta_lt_1 p=13 a=4 file=/data/alice/ipardoza/hadronization_production/HF_RUN3_V1/raw/MONASH/hf_MONASH_job872.root
SIGMAB_COUNTS tag=MONASH species=Sigma_b0 pdg=5212 slice=eta_1_2 p=8 a=2 file=/data/alice/ipardoza/hadronization_production/HF_RUN3_V1/raw/MONASH/hf_MONASH_job872.root
SIGMAB_COUNTS tag=MONASH species=Sigma_b0 pdg=5212 slice=eta_ge_2 p=34 a=17 file=/data/alice/ipardoza/hadronization_production/HF_RUN3_V1/raw/MONASH/hf_MONASH_job872.root
SIGMAB_COUNTS tag=MONASH species=Sigma_b- pdg=5112 slice=all p=29 a=28 file=/data/alice/ipardoza/hadronization_production/HF_RUN3_V1/raw/MONASH/hf_MONASH_job872.root
SIGMAB_COUNTS tag=MONASH species=Sigma_b- pdg=5112 slice=eta_lt_1 p=3 a=6 file=/data/alice/ipardoza/hadronization_production/HF_RUN3_V1/raw/MONASH/hf_MONASH_job872.root
SIGMAB_COUNTS tag=MONASH species=Sigma_b- pdg=5112 slice=eta_1_2 p=4 a=8 file=/data/alice/ipardoza/hadronization_production/HF_RUN3_V1/raw/MONASH/hf_MONASH_job872.root
SIGMAB_COUNTS tag=MONASH species=Sigma_b- pdg=5112 slice=eta_ge_2 p=22 a=14 file=/data/alice/ipardoza/hadronization_production/HF_RUN3_V1/raw/MONASH/hf_MONASH_job872.root
SIGMAB_COUNTS tag=MONASH species=Sigma*_b+ pdg=5224 slice=all p=48 a=40 file=/data/alice/ipardoza/hadronization_production/HF_RUN3_V1/raw/MONASH/hf_MONASH_job872.root
SIGMAB_COUNTS tag=MONASH species=Sigma*_b+ pdg=5224 slice=eta_lt_1 p=12 a=5 file=/data/alice/ipardoza/hadronization_production/HF_RUN3_V1/raw/MONASH/hf_MONASH_job872.root
SIGMAB_COUNTS tag=MONASH species=Sigma*_b+ pdg=5224 slice=eta_1_2 p=8 a=9 file=/data/alice/ipardoza/hadronization_production/HF_RUN3_V1/raw/MONASH/hf_MONASH_job872.root
SIGMAB_COUNTS tag=MONASH species=Sigma*_b+ pdg=5224 slice=eta_ge_2 p=28 a=26 file=/data/alice/ipardoza/hadronization_production/HF_RUN3_V1/raw/MONASH/hf_MONASH_job872.root
SIGMAB_COUNTS tag=MONASH species=Sigma*_b0 pdg=5214 slice=all p=51 a=44 file=/data/alice/ipardoza/hadronization_production/HF_RUN3_V1/raw/MONASH/hf_MONASH_job872.root
SIGMAB_COUNTS tag=MONASH species=Sigma*_b0 pdg=5214 slice=eta_lt_1 p=12 a=10 file=/data/alice/ipardoza/hadronization_production/HF_RUN3_V1/raw/MONASH/hf_MONASH_job872.root
SIGMAB_COUNTS tag=MONASH species=Sigma*_b0 pdg=5214 slice=eta_1_2 p=9 a=9 file=/data/alice/ipardoza/hadronization_production/HF_RUN3_V1/raw/MONASH/hf_MONASH_job872.root
SIGMAB_COUNTS tag=MONASH species=Sigma*_b0 pdg=5214 slice=eta_ge_2 p=30 a=25 file=/data/alice/ipardoza/hadronization_production/HF_RUN3_V1/raw/MONASH/hf_MONASH_job872.root
SIGMAB_COUNTS tag=MONASH species=Sigma*_b- pdg=5114 slice=all p=52 a=43 file=/data/alice/ipardoza/hadronization_production/HF_RUN3_V1/raw/MONASH/hf_MONASH_job872.root
SIGMAB_COUNTS tag=MONASH species=Sigma*_b- pdg=5114 slice=eta_lt_1 p=11 a=9 file=/data/alice/ipardoza/hadronization_production/HF_RUN3_V1/raw/MONASH/hf_MONASH_job872.root
SIGMAB_COUNTS tag=MONASH species=Sigma*_b- pdg=5114 slice=eta_1_2 p=10 a=4 file=/data/alice/ipardoza/hadronization_production/HF_RUN3_V1/raw/MONASH/hf_MONASH_job872.root
SIGMAB_COUNTS tag=MONASH species=Sigma*_b- pdg=5114 slice=eta_ge_2 p=31 a=30 file=/data/alice/ipardoza/hadronization_production/HF_RUN3_V1/raw/MONASH/hf_MONASH_job872.root
SIGMAB_COUNTS tag=MONASH species=Lambda_b0 pdg=5122 slice=all p=323 a=311 file=/data/alice/ipardoza/hadronization_production/HF_RUN3_V1/raw/MONASH/hf_MONASH_job872.root
SIGMAB_COUNTS tag=MONASH species=Lambda_b0 pdg=5122 slice=eta_lt_1 p=57 a=61 file=/data/alice/ipardoza/hadronization_production/HF_RUN3_V1/raw/MONASH/hf_MONASH_job872.root
SIGMAB_COUNTS tag=MONASH species=Lambda_b0 pdg=5122 slice=eta_1_2 p=64 a=61 file=/data/alice/ipardoza/hadronization_production/HF_RUN3_V1/raw/MONASH/hf_MONASH_job872.root
SIGMAB_COUNTS tag=MONASH species=Lambda_b0 pdg=5122 slice=eta_ge_2 p=202 a=189 file=/data/alice/ipardoza/hadronization_production/HF_RUN3_V1/raw/MONASH/hf_MONASH_job872.root
SIGMAB_COUNTS tag=MONASH species=Xi_b0 pdg=5232 slice=all p=57 a=60 file=/data/alice/ipardoza/hadronization_production/HF_RUN3_V1/raw/MONASH/hf_MONASH_job872.root
SIGMAB_COUNTS tag=MONASH species=Xi_b0 pdg=5232 slice=eta_lt_1 p=15 a=9 file=/data/alice/ipardoza/hadronization_production/HF_RUN3_V1/raw/MONASH/hf_MONASH_job872.root
SIGMAB_COUNTS tag=MONASH species=Xi_b0 pdg=5232 slice=eta_1_2 p=10 a=12 file=/data/alice/ipardoza/hadronization_production/HF_RUN3_V1/raw/MONASH/hf_MONASH_job872.root
SIGMAB_COUNTS tag=MONASH species=Xi_b0 pdg=5232 slice=eta_ge_2 p=32 a=39 file=/data/alice/ipardoza/hadronization_production/HF_RUN3_V1/raw/MONASH/hf_MONASH_job872.root
SIGMAB_COUNTS tag=MONASH species=Xi_b- pdg=5132 slice=all p=51 a=55 file=/data/alice/ipardoza/hadronization_production/HF_RUN3_V1/raw/MONASH/hf_MONASH_job872.root
SIGMAB_COUNTS tag=MONASH species=Xi_b- pdg=5132 slice=eta_lt_1 p=10 a=7 file=/data/alice/ipardoza/hadronization_production/HF_RUN3_V1/raw/MONASH/hf_MONASH_job872.root
SIGMAB_COUNTS tag=MONASH species=Xi_b- pdg=5132 slice=eta_1_2 p=12 a=8 file=/data/alice/ipardoza/hadronization_production/HF_RUN3_V1/raw/MONASH/hf_MONASH_job872.root
SIGMAB_COUNTS tag=MONASH species=Xi_b- pdg=5132 slice=eta_ge_2 p=29 a=40 file=/data/alice/ipardoza/hadronization_production/HF_RUN3_V1/raw/MONASH/hf_MONASH_job872.root
SIGMAB_COUNTS tag=MONASH species=Sigma_b+ pdg=5222 slice=all p=39 a=17 file=/data/alice/ipardoza/hadronization_production/HF_RUN3_V1/raw/MONASH/hf_MONASH_job873.root
SIGMAB_COUNTS tag=MONASH species=Sigma_b+ pdg=5222 slice=eta_lt_1 p=5 a=4 file=/data/alice/ipardoza/hadronization_production/HF_RUN3_V1/raw/MONASH/hf_MONASH_job873.root
SIGMAB_COUNTS tag=MONASH species=Sigma_b+ pdg=5222 slice=eta_1_2 p=7 a=2 file=/data/alice/ipardoza/hadronization_production/HF_RUN3_V1/raw/MONASH/hf_MONASH_job873.root
SIGMAB_COUNTS tag=MONASH species=Sigma_b+ pdg=5222 slice=eta_ge_2 p=27 a=11 file=/data/alice/ipardoza/hadronization_production/HF_RUN3_V1/raw/MONASH/hf_MONASH_job873.root
SIGMAB_COUNTS tag=MONASH species=Sigma_b0 pdg=5212 slice=all p=35 a=20 file=/data/alice/ipardoza/hadronization_production/HF_RUN3_V1/raw/MONASH/hf_MONASH_job873.root
SIGMAB_COUNTS tag=MONASH species=Sigma_b0 pdg=5212 slice=eta_lt_1 p=5 a=4 file=/data/alice/ipardoza/hadronization_production/HF_RUN3_V1/raw/MONASH/hf_MONASH_job873.root
SIGMAB_COUNTS tag=MONASH species=Sigma_b0 pdg=5212 slice=eta_1_2 p=9 a=4 file=/data/alice/ipardoza/hadronization_production/HF_RUN3_V1/raw/MONASH/hf_MONASH_job873.root
SIGMAB_COUNTS tag=MONASH species=Sigma_b0 pdg=5212 slice=eta_ge_2 p=21 a=12 file=/data/alice/ipardoza/hadronization_production/HF_RUN3_V1/raw/MONASH/hf_MONASH_job873.root
SIGMAB_COUNTS tag=MONASH species=Sigma_b- pdg=5112 slice=all p=41 a=23 file=/data/alice/ipardoza/hadronization_production/HF_RUN3_V1/raw/MONASH/hf_MONASH_job873.root
SIGMAB_COUNTS tag=MONASH species=Sigma_b- pdg=5112 slice=eta_lt_1 p=9 a=4 file=/data/alice/ipardoza/hadronization_production/HF_RUN3_V1/raw/MONASH/hf_MONASH_job873.root
SIGMAB_COUNTS tag=MONASH species=Sigma_b- pdg=5112 slice=eta_1_2 p=5 a=4 file=/data/alice/ipardoza/hadronization_production/HF_RUN3_V1/raw/MONASH/hf_MONASH_job873.root
SIGMAB_COUNTS tag=MONASH species=Sigma_b- pdg=5112 slice=eta_ge_2 p=27 a=15 file=/data/alice/ipardoza/hadronization_production/HF_RUN3_V1/raw/MONASH/hf_MONASH_job873.root
SIGMAB_COUNTS tag=MONASH species=Sigma*_b+ pdg=5224 slice=all p=42 a=38 file=/data/alice/ipardoza/hadronization_production/HF_RUN3_V1/raw/MONASH/hf_MONASH_job873.root
SIGMAB_COUNTS tag=MONASH species=Sigma*_b+ pdg=5224 slice=eta_lt_1 p=8 a=7 file=/data/alice/ipardoza/hadronization_production/HF_RUN3_V1/raw/MONASH/hf_MONASH_job873.root
SIGMAB_COUNTS tag=MONASH species=Sigma*_b+ pdg=5224 slice=eta_1_2 p=6 a=5 file=/data/alice/ipardoza/hadronization_production/HF_RUN3_V1/raw/MONASH/hf_MONASH_job873.root
SIGMAB_COUNTS tag=MONASH species=Sigma*_b+ pdg=5224 slice=eta_ge_2 p=28 a=26 file=/data/alice/ipardoza/hadronization_production/HF_RUN3_V1/raw/MONASH/hf_MONASH_job873.root
SIGMAB_COUNTS tag=MONASH species=Sigma*_b0 pdg=5214 slice=all p=41 a=29 file=/data/alice/ipardoza/hadronization_production/HF_RUN3_V1/raw/MONASH/hf_MONASH_job873.root
SIGMAB_COUNTS tag=MONASH species=Sigma*_b0 pdg=5214 slice=eta_lt_1 p=11 a=7 file=/data/alice/ipardoza/hadronization_production/HF_RUN3_V1/raw/MONASH/hf_MONASH_job873.root
SIGMAB_COUNTS tag=MONASH species=Sigma*_b0 pdg=5214 slice=eta_1_2 p=8 a=6 file=/data/alice/ipardoza/hadronization_production/HF_RUN3_V1/raw/MONASH/hf_MONASH_job873.root
SIGMAB_COUNTS tag=MONASH species=Sigma*_b0 pdg=5214 slice=eta_ge_2 p=22 a=16 file=/data/alice/ipardoza/hadronization_production/HF_RUN3_V1/raw/MONASH/hf_MONASH_job873.root
SIGMAB_COUNTS tag=MONASH species=Sigma*_b- pdg=5114 slice=all p=58 a=42 file=/data/alice/ipardoza/hadronization_production/HF_RUN3_V1/raw/MONASH/hf_MONASH_job873.root
SIGMAB_COUNTS tag=MONASH species=Sigma*_b- pdg=5114 slice=eta_lt_1 p=10 a=6 file=/data/alice/ipardoza/hadronization_production/HF_RUN3_V1/raw/MONASH/hf_MONASH_job873.root
SIGMAB_COUNTS tag=MONASH species=Sigma*_b- pdg=5114 slice=eta_1_2 p=7 a=10 file=/data/alice/ipardoza/hadronization_production/HF_RUN3_V1/raw/MONASH/hf_MONASH_job873.root
SIGMAB_COUNTS tag=MONASH species=Sigma*_b- pdg=5114 slice=eta_ge_2 p=41 a=26 file=/data/alice/ipardoza/hadronization_production/HF_RUN3_V1/raw/MONASH/hf_MONASH_job873.root
SIGMAB_COUNTS tag=MONASH species=Lambda_b0 pdg=5122 slice=all p=331 a=330 file=/data/alice/ipardoza/hadronization_production/HF_RUN3_V1/raw/MONASH/hf_MONASH_job873.root
SIGMAB_COUNTS tag=MONASH species=Lambda_b0 pdg=5122 slice=eta_lt_1 p=53 a=65 file=/data/alice/ipardoza/hadronization_production/HF_RUN3_V1/raw/MONASH/hf_MONASH_job873.root
SIGMAB_COUNTS tag=MONASH species=Lambda_b0 pdg=5122 slice=eta_1_2 p=72 a=75 file=/data/alice/ipardoza/hadronization_production/HF_RUN3_V1/raw/MONASH/hf_MONASH_job873.root
SIGMAB_COUNTS tag=MONASH species=Lambda_b0 pdg=5122 slice=eta_ge_2 p=206 a=190 file=/data/alice/ipardoza/hadronization_production/HF_RUN3_V1/raw/MONASH/hf_MONASH_job873.root
SIGMAB_COUNTS tag=MONASH species=Xi_b0 pdg=5232 slice=all p=60 a=54 file=/data/alice/ipardoza/hadronization_production/HF_RUN3_V1/raw/MONASH/hf_MONASH_job873.root
SIGMAB_COUNTS tag=MONASH species=Xi_b0 pdg=5232 slice=eta_lt_1 p=12 a=10 file=/data/alice/ipardoza/hadronization_production/HF_RUN3_V1/raw/MONASH/hf_MONASH_job873.root
SIGMAB_COUNTS tag=MONASH species=Xi_b0 pdg=5232 slice=eta_1_2 p=10 a=13 file=/data/alice/ipardoza/hadronization_production/HF_RUN3_V1/raw/MONASH/hf_MONASH_job873.root
SIGMAB_COUNTS tag=MONASH species=Xi_b0 pdg=5232 slice=eta_ge_2 p=38 a=31 file=/data/alice/ipardoza/hadronization_production/HF_RUN3_V1/raw/MONASH/hf_MONASH_job873.root
SIGMAB_COUNTS tag=MONASH species=Xi_b- pdg=5132 slice=all p=67 a=71 file=/data/alice/ipardoza/hadronization_production/HF_RUN3_V1/raw/MONASH/hf_MONASH_job873.root
SIGMAB_COUNTS tag=MONASH species=Xi_b- pdg=5132 slice=eta_lt_1 p=13 a=14 file=/data/alice/ipardoza/hadronization_production/HF_RUN3_V1/raw/MONASH/hf_MONASH_job873.root
SIGMAB_COUNTS tag=MONASH species=Xi_b- pdg=5132 slice=eta_1_2 p=13 a=18 file=/data/alice/ipardoza/hadronization_production/HF_RUN3_V1/raw/MONASH/hf_MONASH_job873.root
SIGMAB_COUNTS tag=MONASH species=Xi_b- pdg=5132 slice=eta_ge_2 p=41 a=39 file=/data/alice/ipardoza/hadronization_production/HF_RUN3_V1/raw/MONASH/hf_MONASH_job873.root
SIGMAB_COUNTS tag=MONASH species=Sigma_b+ pdg=5222 slice=all p=37 a=28 file=/data/alice/ipardoza/hadronization_production/HF_RUN3_V1/raw/MONASH/hf_MONASH_job874.root
SIGMAB_COUNTS tag=MONASH species=Sigma_b+ pdg=5222 slice=eta_lt_1 p=6 a=6 file=/data/alice/ipardoza/hadronization_production/HF_RUN3_V1/raw/MONASH/hf_MONASH_job874.root
SIGMAB_COUNTS tag=MONASH species=Sigma_b+ pdg=5222 slice=eta_1_2 p=8 a=7 file=/data/alice/ipardoza/hadronization_production/HF_RUN3_V1/raw/MONASH/hf_MONASH_job874.root
SIGMAB_COUNTS tag=MONASH species=Sigma_b+ pdg=5222 slice=eta_ge_2 p=23 a=15 file=/data/alice/ipardoza/hadronization_production/HF_RUN3_V1/raw/MONASH/hf_MONASH_job874.root
SIGMAB_COUNTS tag=MONASH species=Sigma_b0 pdg=5212 slice=all p=31 a=13 file=/data/alice/ipardoza/hadronization_production/HF_RUN3_V1/raw/MONASH/hf_MONASH_job874.root
SIGMAB_COUNTS tag=MONASH species=Sigma_b0 pdg=5212 slice=eta_lt_1 p=5 a=1 file=/data/alice/ipardoza/hadronization_production/HF_RUN3_V1/raw/MONASH/hf_MONASH_job874.root
SIGMAB_COUNTS tag=MONASH species=Sigma_b0 pdg=5212 slice=eta_1_2 p=7 a=4 file=/data/alice/ipardoza/hadronization_production/HF_RUN3_V1/raw/MONASH/hf_MONASH_job874.root
SIGMAB_COUNTS tag=MONASH species=Sigma_b0 pdg=5212 slice=eta_ge_2 p=19 a=8 file=/data/alice/ipardoza/hadronization_production/HF_RUN3_V1/raw/MONASH/hf_MONASH_job874.root
SIGMAB_COUNTS tag=MONASH species=Sigma_b- pdg=5112 slice=all p=35 a=19 file=/data/alice/ipardoza/hadronization_production/HF_RUN3_V1/raw/MONASH/hf_MONASH_job874.root
SIGMAB_COUNTS tag=MONASH species=Sigma_b- pdg=5112 slice=eta_lt_1 p=3 a=2 file=/data/alice/ipardoza/hadronization_production/HF_RUN3_V1/raw/MONASH/hf_MONASH_job874.root
SIGMAB_COUNTS tag=MONASH species=Sigma_b- pdg=5112 slice=eta_1_2 p=4 a=5 file=/data/alice/ipardoza/hadronization_production/HF_RUN3_V1/raw/MONASH/hf_MONASH_job874.root
SIGMAB_COUNTS tag=MONASH species=Sigma_b- pdg=5112 slice=eta_ge_2 p=28 a=12 file=/data/alice/ipardoza/hadronization_production/HF_RUN3_V1/raw/MONASH/hf_MONASH_job874.root
SIGMAB_COUNTS tag=MONASH species=Sigma*_b+ pdg=5224 slice=all p=50 a=45 file=/data/alice/ipardoza/hadronization_production/HF_RUN3_V1/raw/MONASH/hf_MONASH_job874.root
SIGMAB_COUNTS tag=MONASH species=Sigma*_b+ pdg=5224 slice=eta_lt_1 p=9 a=7 file=/data/alice/ipardoza/hadronization_production/HF_RUN3_V1/raw/MONASH/hf_MONASH_job874.root
SIGMAB_COUNTS tag=MONASH species=Sigma*_b+ pdg=5224 slice=eta_1_2 p=8 a=13 file=/data/alice/ipardoza/hadronization_production/HF_RUN3_V1/raw/MONASH/hf_MONASH_job874.root
SIGMAB_COUNTS tag=MONASH species=Sigma*_b+ pdg=5224 slice=eta_ge_2 p=33 a=25 file=/data/alice/ipardoza/hadronization_production/HF_RUN3_V1/raw/MONASH/hf_MONASH_job874.root
SIGMAB_COUNTS tag=MONASH species=Sigma*_b0 pdg=5214 slice=all p=47 a=40 file=/data/alice/ipardoza/hadronization_production/HF_RUN3_V1/raw/MONASH/hf_MONASH_job874.root
SIGMAB_COUNTS tag=MONASH species=Sigma*_b0 pdg=5214 slice=eta_lt_1 p=11 a=8 file=/data/alice/ipardoza/hadronization_production/HF_RUN3_V1/raw/MONASH/hf_MONASH_job874.root
SIGMAB_COUNTS tag=MONASH species=Sigma*_b0 pdg=5214 slice=eta_1_2 p=7 a=6 file=/data/alice/ipardoza/hadronization_production/HF_RUN3_V1/raw/MONASH/hf_MONASH_job874.root
SIGMAB_COUNTS tag=MONASH species=Sigma*_b0 pdg=5214 slice=eta_ge_2 p=29 a=26 file=/data/alice/ipardoza/hadronization_production/HF_RUN3_V1/raw/MONASH/hf_MONASH_job874.root
SIGMAB_COUNTS tag=MONASH species=Sigma*_b- pdg=5114 slice=all p=40 a=34 file=/data/alice/ipardoza/hadronization_production/HF_RUN3_V1/raw/MONASH/hf_MONASH_job874.root
SIGMAB_COUNTS tag=MONASH species=Sigma*_b- pdg=5114 slice=eta_lt_1 p=4 a=7 file=/data/alice/ipardoza/hadronization_production/HF_RUN3_V1/raw/MONASH/hf_MONASH_job874.root
SIGMAB_COUNTS tag=MONASH species=Sigma*_b- pdg=5114 slice=eta_1_2 p=10 a=6 file=/data/alice/ipardoza/hadronization_production/HF_RUN3_V1/raw/MONASH/hf_MONASH_job874.root
SIGMAB_COUNTS tag=MONASH species=Sigma*_b- pdg=5114 slice=eta_ge_2 p=26 a=21 file=/data/alice/ipardoza/hadronization_production/HF_RUN3_V1/raw/MONASH/hf_MONASH_job874.root
SIGMAB_COUNTS tag=MONASH species=Lambda_b0 pdg=5122 slice=all p=319 a=349 file=/data/alice/ipardoza/hadronization_production/HF_RUN3_V1/raw/MONASH/hf_MONASH_job874.root
SIGMAB_COUNTS tag=MONASH species=Lambda_b0 pdg=5122 slice=eta_lt_1 p=61 a=55 file=/data/alice/ipardoza/hadronization_production/HF_RUN3_V1/raw/MONASH/hf_MONASH_job874.root
SIGMAB_COUNTS tag=MONASH species=Lambda_b0 pdg=5122 slice=eta_1_2 p=77 a=70 file=/data/alice/ipardoza/hadronization_production/HF_RUN3_V1/raw/MONASH/hf_MONASH_job874.root
SIGMAB_COUNTS tag=MONASH species=Lambda_b0 pdg=5122 slice=eta_ge_2 p=181 a=224 file=/data/alice/ipardoza/hadronization_production/HF_RUN3_V1/raw/MONASH/hf_MONASH_job874.root
SIGMAB_COUNTS tag=MONASH species=Xi_b0 pdg=5232 slice=all p=62 a=44 file=/data/alice/ipardoza/hadronization_production/HF_RUN3_V1/raw/MONASH/hf_MONASH_job874.root
SIGMAB_COUNTS tag=MONASH species=Xi_b0 pdg=5232 slice=eta_lt_1 p=12 a=9 file=/data/alice/ipardoza/hadronization_production/HF_RUN3_V1/raw/MONASH/hf_MONASH_job874.root
SIGMAB_COUNTS tag=MONASH species=Xi_b0 pdg=5232 slice=eta_1_2 p=15 a=10 file=/data/alice/ipardoza/hadronization_production/HF_RUN3_V1/raw/MONASH/hf_MONASH_job874.root
SIGMAB_COUNTS tag=MONASH species=Xi_b0 pdg=5232 slice=eta_ge_2 p=35 a=25 file=/data/alice/ipardoza/hadronization_production/HF_RUN3_V1/raw/MONASH/hf_MONASH_job874.root
SIGMAB_COUNTS tag=MONASH species=Xi_b- pdg=5132 slice=all p=60 a=59 file=/data/alice/ipardoza/hadronization_production/HF_RUN3_V1/raw/MONASH/hf_MONASH_job874.root
SIGMAB_COUNTS tag=MONASH species=Xi_b- pdg=5132 slice=eta_lt_1 p=13 a=10 file=/data/alice/ipardoza/hadronization_production/HF_RUN3_V1/raw/MONASH/hf_MONASH_job874.root
SIGMAB_COUNTS tag=MONASH species=Xi_b- pdg=5132 slice=eta_1_2 p=11 a=9 file=/data/alice/ipardoza/hadronization_production/HF_RUN3_V1/raw/MONASH/hf_MONASH_job874.root
SIGMAB_COUNTS tag=MONASH species=Xi_b- pdg=5132 slice=eta_ge_2 p=36 a=40 file=/data/alice/ipardoza/hadronization_production/HF_RUN3_V1/raw/MONASH/hf_MONASH_job874.root
SIGMAB_COUNTS tag=MONASH species=Sigma_b+ pdg=5222 slice=all p=29 a=25 file=/data/alice/ipardoza/hadronization_production/HF_RUN3_V1/raw/MONASH/hf_MONASH_job875.root
SIGMAB_COUNTS tag=MONASH species=Sigma_b+ pdg=5222 slice=eta_lt_1 p=1 a=3 file=/data/alice/ipardoza/hadronization_production/HF_RUN3_V1/raw/MONASH/hf_MONASH_job875.root
SIGMAB_COUNTS tag=MONASH species=Sigma_b+ pdg=5222 slice=eta_1_2 p=3 a=6 file=/data/alice/ipardoza/hadronization_production/HF_RUN3_V1/raw/MONASH/hf_MONASH_job875.root
SIGMAB_COUNTS tag=MONASH species=Sigma_b+ pdg=5222 slice=eta_ge_2 p=25 a=16 file=/data/alice/ipardoza/hadronization_production/HF_RUN3_V1/raw/MONASH/hf_MONASH_job875.root
SIGMAB_COUNTS tag=MONASH species=Sigma_b0 pdg=5212 slice=all p=33 a=18 file=/data/alice/ipardoza/hadronization_production/HF_RUN3_V1/raw/MONASH/hf_MONASH_job875.root
SIGMAB_COUNTS tag=MONASH species=Sigma_b0 pdg=5212 slice=eta_lt_1 p=8 a=4 file=/data/alice/ipardoza/hadronization_production/HF_RUN3_V1/raw/MONASH/hf_MONASH_job875.root
SIGMAB_COUNTS tag=MONASH species=Sigma_b0 pdg=5212 slice=eta_1_2 p=2 a=2 file=/data/alice/ipardoza/hadronization_production/HF_RUN3_V1/raw/MONASH/hf_MONASH_job875.root
SIGMAB_COUNTS tag=MONASH species=Sigma_b0 pdg=5212 slice=eta_ge_2 p=23 a=12 file=/data/alice/ipardoza/hadronization_production/HF_RUN3_V1/raw/MONASH/hf_MONASH_job875.root
SIGMAB_COUNTS tag=MONASH species=Sigma_b- pdg=5112 slice=all p=45 a=18 file=/data/alice/ipardoza/hadronization_production/HF_RUN3_V1/raw/MONASH/hf_MONASH_job875.root
SIGMAB_COUNTS tag=MONASH species=Sigma_b- pdg=5112 slice=eta_lt_1 p=7 a=4 file=/data/alice/ipardoza/hadronization_production/HF_RUN3_V1/raw/MONASH/hf_MONASH_job875.root
SIGMAB_COUNTS tag=MONASH species=Sigma_b- pdg=5112 slice=eta_1_2 p=7 a=3 file=/data/alice/ipardoza/hadronization_production/HF_RUN3_V1/raw/MONASH/hf_MONASH_job875.root
SIGMAB_COUNTS tag=MONASH species=Sigma_b- pdg=5112 slice=eta_ge_2 p=31 a=11 file=/data/alice/ipardoza/hadronization_production/HF_RUN3_V1/raw/MONASH/hf_MONASH_job875.root
SIGMAB_COUNTS tag=MONASH species=Sigma*_b+ pdg=5224 slice=all p=53 a=42 file=/data/alice/ipardoza/hadronization_production/HF_RUN3_V1/raw/MONASH/hf_MONASH_job875.root
SIGMAB_COUNTS tag=MONASH species=Sigma*_b+ pdg=5224 slice=eta_lt_1 p=8 a=7 file=/data/alice/ipardoza/hadronization_production/HF_RUN3_V1/raw/MONASH/hf_MONASH_job875.root
SIGMAB_COUNTS tag=MONASH species=Sigma*_b+ pdg=5224 slice=eta_1_2 p=10 a=12 file=/data/alice/ipardoza/hadronization_production/HF_RUN3_V1/raw/MONASH/hf_MONASH_job875.root
SIGMAB_COUNTS tag=MONASH species=Sigma*_b+ pdg=5224 slice=eta_ge_2 p=35 a=23 file=/data/alice/ipardoza/hadronization_production/HF_RUN3_V1/raw/MONASH/hf_MONASH_job875.root
SIGMAB_COUNTS tag=MONASH species=Sigma*_b0 pdg=5214 slice=all p=46 a=35 file=/data/alice/ipardoza/hadronization_production/HF_RUN3_V1/raw/MONASH/hf_MONASH_job875.root
SIGMAB_COUNTS tag=MONASH species=Sigma*_b0 pdg=5214 slice=eta_lt_1 p=9 a=6 file=/data/alice/ipardoza/hadronization_production/HF_RUN3_V1/raw/MONASH/hf_MONASH_job875.root
SIGMAB_COUNTS tag=MONASH species=Sigma*_b0 pdg=5214 slice=eta_1_2 p=7 a=7 file=/data/alice/ipardoza/hadronization_production/HF_RUN3_V1/raw/MONASH/hf_MONASH_job875.root
SIGMAB_COUNTS tag=MONASH species=Sigma*_b0 pdg=5214 slice=eta_ge_2 p=30 a=22 file=/data/alice/ipardoza/hadronization_production/HF_RUN3_V1/raw/MONASH/hf_MONASH_job875.root
SIGMAB_COUNTS tag=MONASH species=Sigma*_b- pdg=5114 slice=all p=48 a=45 file=/data/alice/ipardoza/hadronization_production/HF_RUN3_V1/raw/MONASH/hf_MONASH_job875.root
SIGMAB_COUNTS tag=MONASH species=Sigma*_b- pdg=5114 slice=eta_lt_1 p=11 a=10 file=/data/alice/ipardoza/hadronization_production/HF_RUN3_V1/raw/MONASH/hf_MONASH_job875.root
SIGMAB_COUNTS tag=MONASH species=Sigma*_b- pdg=5114 slice=eta_1_2 p=13 a=11 file=/data/alice/ipardoza/hadronization_production/HF_RUN3_V1/raw/MONASH/hf_MONASH_job875.root
SIGMAB_COUNTS tag=MONASH species=Sigma*_b- pdg=5114 slice=eta_ge_2 p=24 a=24 file=/data/alice/ipardoza/hadronization_production/HF_RUN3_V1/raw/MONASH/hf_MONASH_job875.root
SIGMAB_COUNTS tag=MONASH species=Lambda_b0 pdg=5122 slice=all p=320 a=353 file=/data/alice/ipardoza/hadronization_production/HF_RUN3_V1/raw/MONASH/hf_MONASH_job875.root
SIGMAB_COUNTS tag=MONASH species=Lambda_b0 pdg=5122 slice=eta_lt_1 p=68 a=66 file=/data/alice/ipardoza/hadronization_production/HF_RUN3_V1/raw/MONASH/hf_MONASH_job875.root
SIGMAB_COUNTS tag=MONASH species=Lambda_b0 pdg=5122 slice=eta_1_2 p=66 a=89 file=/data/alice/ipardoza/hadronization_production/HF_RUN3_V1/raw/MONASH/hf_MONASH_job875.root
SIGMAB_COUNTS tag=MONASH species=Lambda_b0 pdg=5122 slice=eta_ge_2 p=186 a=198 file=/data/alice/ipardoza/hadronization_production/HF_RUN3_V1/raw/MONASH/hf_MONASH_job875.root
SIGMAB_COUNTS tag=MONASH species=Xi_b0 pdg=5232 slice=all p=69 a=51 file=/data/alice/ipardoza/hadronization_production/HF_RUN3_V1/raw/MONASH/hf_MONASH_job875.root
SIGMAB_COUNTS tag=MONASH species=Xi_b0 pdg=5232 slice=eta_lt_1 p=9 a=7 file=/data/alice/ipardoza/hadronization_production/HF_RUN3_V1/raw/MONASH/hf_MONASH_job875.root
SIGMAB_COUNTS tag=MONASH species=Xi_b0 pdg=5232 slice=eta_1_2 p=19 a=11 file=/data/alice/ipardoza/hadronization_production/HF_RUN3_V1/raw/MONASH/hf_MONASH_job875.root
SIGMAB_COUNTS tag=MONASH species=Xi_b0 pdg=5232 slice=eta_ge_2 p=41 a=33 file=/data/alice/ipardoza/hadronization_production/HF_RUN3_V1/raw/MONASH/hf_MONASH_job875.root
SIGMAB_COUNTS tag=MONASH species=Xi_b- pdg=5132 slice=all p=57 a=68 file=/data/alice/ipardoza/hadronization_production/HF_RUN3_V1/raw/MONASH/hf_MONASH_job875.root
SIGMAB_COUNTS tag=MONASH species=Xi_b- pdg=5132 slice=eta_lt_1 p=14 a=16 file=/data/alice/ipardoza/hadronization_production/HF_RUN3_V1/raw/MONASH/hf_MONASH_job875.root
SIGMAB_COUNTS tag=MONASH species=Xi_b- pdg=5132 slice=eta_1_2 p=7 a=12 file=/data/alice/ipardoza/hadronization_production/HF_RUN3_V1/raw/MONASH/hf_MONASH_job875.root
SIGMAB_COUNTS tag=MONASH species=Xi_b- pdg=5132 slice=eta_ge_2 p=36 a=40 file=/data/alice/ipardoza/hadronization_production/HF_RUN3_V1/raw/MONASH/hf_MONASH_job875.root
SIGMAB_COUNTS tag=MONASH species=Sigma_b+ pdg=5222 slice=all p=27 a=14 file=/data/alice/ipardoza/hadronization_production/HF_RUN3_V1/raw/MONASH/hf_MONASH_job876.root
SIGMAB_COUNTS tag=MONASH species=Sigma_b+ pdg=5222 slice=eta_lt_1 p=3 a=2 file=/data/alice/ipardoza/hadronization_production/HF_RUN3_V1/raw/MONASH/hf_MONASH_job876.root
SIGMAB_COUNTS tag=MONASH species=Sigma_b+ pdg=5222 slice=eta_1_2 p=5 a=1 file=/data/alice/ipardoza/hadronization_production/HF_RUN3_V1/raw/MONASH/hf_MONASH_job876.root
SIGMAB_COUNTS tag=MONASH species=Sigma_b+ pdg=5222 slice=eta_ge_2 p=19 a=11 file=/data/alice/ipardoza/hadronization_production/HF_RUN3_V1/raw/MONASH/hf_MONASH_job876.root
SIGMAB_COUNTS tag=MONASH species=Sigma_b0 pdg=5212 slice=all p=35 a=23 file=/data/alice/ipardoza/hadronization_production/HF_RUN3_V1/raw/MONASH/hf_MONASH_job876.root
SIGMAB_COUNTS tag=MONASH species=Sigma_b0 pdg=5212 slice=eta_lt_1 p=8 a=6 file=/data/alice/ipardoza/hadronization_production/HF_RUN3_V1/raw/MONASH/hf_MONASH_job876.root
SIGMAB_COUNTS tag=MONASH species=Sigma_b0 pdg=5212 slice=eta_1_2 p=4 a=2 file=/data/alice/ipardoza/hadronization_production/HF_RUN3_V1/raw/MONASH/hf_MONASH_job876.root
SIGMAB_COUNTS tag=MONASH species=Sigma_b0 pdg=5212 slice=eta_ge_2 p=23 a=15 file=/data/alice/ipardoza/hadronization_production/HF_RUN3_V1/raw/MONASH/hf_MONASH_job876.root
SIGMAB_COUNTS tag=MONASH species=Sigma_b- pdg=5112 slice=all p=43 a=18 file=/data/alice/ipardoza/hadronization_production/HF_RUN3_V1/raw/MONASH/hf_MONASH_job876.root
SIGMAB_COUNTS tag=MONASH species=Sigma_b- pdg=5112 slice=eta_lt_1 p=9 a=5 file=/data/alice/ipardoza/hadronization_production/HF_RUN3_V1/raw/MONASH/hf_MONASH_job876.root
SIGMAB_COUNTS tag=MONASH species=Sigma_b- pdg=5112 slice=eta_1_2 p=6 a=1 file=/data/alice/ipardoza/hadronization_production/HF_RUN3_V1/raw/MONASH/hf_MONASH_job876.root
SIGMAB_COUNTS tag=MONASH species=Sigma_b- pdg=5112 slice=eta_ge_2 p=28 a=12 file=/data/alice/ipardoza/hadronization_production/HF_RUN3_V1/raw/MONASH/hf_MONASH_job876.root
SIGMAB_COUNTS tag=MONASH species=Sigma*_b+ pdg=5224 slice=all p=50 a=41 file=/data/alice/ipardoza/hadronization_production/HF_RUN3_V1/raw/MONASH/hf_MONASH_job876.root
SIGMAB_COUNTS tag=MONASH species=Sigma*_b+ pdg=5224 slice=eta_lt_1 p=9 a=6 file=/data/alice/ipardoza/hadronization_production/HF_RUN3_V1/raw/MONASH/hf_MONASH_job876.root
SIGMAB_COUNTS tag=MONASH species=Sigma*_b+ pdg=5224 slice=eta_1_2 p=10 a=6 file=/data/alice/ipardoza/hadronization_production/HF_RUN3_V1/raw/MONASH/hf_MONASH_job876.root
SIGMAB_COUNTS tag=MONASH species=Sigma*_b+ pdg=5224 slice=eta_ge_2 p=31 a=29 file=/data/alice/ipardoza/hadronization_production/HF_RUN3_V1/raw/MONASH/hf_MONASH_job876.root
SIGMAB_COUNTS tag=MONASH species=Sigma*_b0 pdg=5214 slice=all p=52 a=31 file=/data/alice/ipardoza/hadronization_production/HF_RUN3_V1/raw/MONASH/hf_MONASH_job876.root
SIGMAB_COUNTS tag=MONASH species=Sigma*_b0 pdg=5214 slice=eta_lt_1 p=13 a=6 file=/data/alice/ipardoza/hadronization_production/HF_RUN3_V1/raw/MONASH/hf_MONASH_job876.root
SIGMAB_COUNTS tag=MONASH species=Sigma*_b0 pdg=5214 slice=eta_1_2 p=9 a=6 file=/data/alice/ipardoza/hadronization_production/HF_RUN3_V1/raw/MONASH/hf_MONASH_job876.root
SIGMAB_COUNTS tag=MONASH species=Sigma*_b0 pdg=5214 slice=eta_ge_2 p=30 a=19 file=/data/alice/ipardoza/hadronization_production/HF_RUN3_V1/raw/MONASH/hf_MONASH_job876.root
SIGMAB_COUNTS tag=MONASH species=Sigma*_b- pdg=5114 slice=all p=44 a=36 file=/data/alice/ipardoza/hadronization_production/HF_RUN3_V1/raw/MONASH/hf_MONASH_job876.root
SIGMAB_COUNTS tag=MONASH species=Sigma*_b- pdg=5114 slice=eta_lt_1 p=9 a=8 file=/data/alice/ipardoza/hadronization_production/HF_RUN3_V1/raw/MONASH/hf_MONASH_job876.root
SIGMAB_COUNTS tag=MONASH species=Sigma*_b- pdg=5114 slice=eta_1_2 p=7 a=4 file=/data/alice/ipardoza/hadronization_production/HF_RUN3_V1/raw/MONASH/hf_MONASH_job876.root
SIGMAB_COUNTS tag=MONASH species=Sigma*_b- pdg=5114 slice=eta_ge_2 p=28 a=24 file=/data/alice/ipardoza/hadronization_production/HF_RUN3_V1/raw/MONASH/hf_MONASH_job876.root
SIGMAB_COUNTS tag=MONASH species=Lambda_b0 pdg=5122 slice=all p=296 a=296 file=/data/alice/ipardoza/hadronization_production/HF_RUN3_V1/raw/MONASH/hf_MONASH_job876.root
SIGMAB_COUNTS tag=MONASH species=Lambda_b0 pdg=5122 slice=eta_lt_1 p=51 a=51 file=/data/alice/ipardoza/hadronization_production/HF_RUN3_V1/raw/MONASH/hf_MONASH_job876.root
SIGMAB_COUNTS tag=MONASH species=Lambda_b0 pdg=5122 slice=eta_1_2 p=68 a=58 file=/data/alice/ipardoza/hadronization_production/HF_RUN3_V1/raw/MONASH/hf_MONASH_job876.root
SIGMAB_COUNTS tag=MONASH species=Lambda_b0 pdg=5122 slice=eta_ge_2 p=177 a=187 file=/data/alice/ipardoza/hadronization_production/HF_RUN3_V1/raw/MONASH/hf_MONASH_job876.root
SIGMAB_COUNTS tag=MONASH species=Xi_b0 pdg=5232 slice=all p=59 a=56 file=/data/alice/ipardoza/hadronization_production/HF_RUN3_V1/raw/MONASH/hf_MONASH_job876.root
SIGMAB_COUNTS tag=MONASH species=Xi_b0 pdg=5232 slice=eta_lt_1 p=10 a=9 file=/data/alice/ipardoza/hadronization_production/HF_RUN3_V1/raw/MONASH/hf_MONASH_job876.root
SIGMAB_COUNTS tag=MONASH species=Xi_b0 pdg=5232 slice=eta_1_2 p=12 a=11 file=/data/alice/ipardoza/hadronization_production/HF_RUN3_V1/raw/MONASH/hf_MONASH_job876.root
SIGMAB_COUNTS tag=MONASH species=Xi_b0 pdg=5232 slice=eta_ge_2 p=37 a=36 file=/data/alice/ipardoza/hadronization_production/HF_RUN3_V1/raw/MONASH/hf_MONASH_job876.root
SIGMAB_COUNTS tag=MONASH species=Xi_b- pdg=5132 slice=all p=56 a=52 file=/data/alice/ipardoza/hadronization_production/HF_RUN3_V1/raw/MONASH/hf_MONASH_job876.root
SIGMAB_COUNTS tag=MONASH species=Xi_b- pdg=5132 slice=eta_lt_1 p=8 a=16 file=/data/alice/ipardoza/hadronization_production/HF_RUN3_V1/raw/MONASH/hf_MONASH_job876.root
SIGMAB_COUNTS tag=MONASH species=Xi_b- pdg=5132 slice=eta_1_2 p=11 a=8 file=/data/alice/ipardoza/hadronization_production/HF_RUN3_V1/raw/MONASH/hf_MONASH_job876.root
SIGMAB_COUNTS tag=MONASH species=Xi_b- pdg=5132 slice=eta_ge_2 p=37 a=28 file=/data/alice/ipardoza/hadronization_production/HF_RUN3_V1/raw/MONASH/hf_MONASH_job876.root
SIGMAB_COUNTS tag=MONASH species=Sigma_b+ pdg=5222 slice=all p=39 a=25 file=/data/alice/ipardoza/hadronization_production/HF_RUN3_V1/raw/MONASH/hf_MONASH_job877.root
SIGMAB_COUNTS tag=MONASH species=Sigma_b+ pdg=5222 slice=eta_lt_1 p=5 a=5 file=/data/alice/ipardoza/hadronization_production/HF_RUN3_V1/raw/MONASH/hf_MONASH_job877.root
SIGMAB_COUNTS tag=MONASH species=Sigma_b+ pdg=5222 slice=eta_1_2 p=9 a=4 file=/data/alice/ipardoza/hadronization_production/HF_RUN3_V1/raw/MONASH/hf_MONASH_job877.root
SIGMAB_COUNTS tag=MONASH species=Sigma_b+ pdg=5222 slice=eta_ge_2 p=25 a=16 file=/data/alice/ipardoza/hadronization_production/HF_RUN3_V1/raw/MONASH/hf_MONASH_job877.root
SIGMAB_COUNTS tag=MONASH species=Sigma_b0 pdg=5212 slice=all p=36 a=20 file=/data/alice/ipardoza/hadronization_production/HF_RUN3_V1/raw/MONASH/hf_MONASH_job877.root
SIGMAB_COUNTS tag=MONASH species=Sigma_b0 pdg=5212 slice=eta_lt_1 p=3 a=6 file=/data/alice/ipardoza/hadronization_production/HF_RUN3_V1/raw/MONASH/hf_MONASH_job877.root
SIGMAB_COUNTS tag=MONASH species=Sigma_b0 pdg=5212 slice=eta_1_2 p=8 a=7 file=/data/alice/ipardoza/hadronization_production/HF_RUN3_V1/raw/MONASH/hf_MONASH_job877.root
SIGMAB_COUNTS tag=MONASH species=Sigma_b0 pdg=5212 slice=eta_ge_2 p=25 a=7 file=/data/alice/ipardoza/hadronization_production/HF_RUN3_V1/raw/MONASH/hf_MONASH_job877.root
SIGMAB_COUNTS tag=MONASH species=Sigma_b- pdg=5112 slice=all p=33 a=16 file=/data/alice/ipardoza/hadronization_production/HF_RUN3_V1/raw/MONASH/hf_MONASH_job877.root
SIGMAB_COUNTS tag=MONASH species=Sigma_b- pdg=5112 slice=eta_lt_1 p=3 a=1 file=/data/alice/ipardoza/hadronization_production/HF_RUN3_V1/raw/MONASH/hf_MONASH_job877.root
SIGMAB_COUNTS tag=MONASH species=Sigma_b- pdg=5112 slice=eta_1_2 p=7 a=4 file=/data/alice/ipardoza/hadronization_production/HF_RUN3_V1/raw/MONASH/hf_MONASH_job877.root
SIGMAB_COUNTS tag=MONASH species=Sigma_b- pdg=5112 slice=eta_ge_2 p=23 a=11 file=/data/alice/ipardoza/hadronization_production/HF_RUN3_V1/raw/MONASH/hf_MONASH_job877.root
SIGMAB_COUNTS tag=MONASH species=Sigma*_b+ pdg=5224 slice=all p=53 a=46 file=/data/alice/ipardoza/hadronization_production/HF_RUN3_V1/raw/MONASH/hf_MONASH_job877.root
SIGMAB_COUNTS tag=MONASH species=Sigma*_b+ pdg=5224 slice=eta_lt_1 p=9 a=10 file=/data/alice/ipardoza/hadronization_production/HF_RUN3_V1/raw/MONASH/hf_MONASH_job877.root
SIGMAB_COUNTS tag=MONASH species=Sigma*_b+ pdg=5224 slice=eta_1_2 p=14 a=8 file=/data/alice/ipardoza/hadronization_production/HF_RUN3_V1/raw/MONASH/hf_MONASH_job877.root
SIGMAB_COUNTS tag=MONASH species=Sigma*_b+ pdg=5224 slice=eta_ge_2 p=30 a=28 file=/data/alice/ipardoza/hadronization_production/HF_RUN3_V1/raw/MONASH/hf_MONASH_job877.root
SIGMAB_COUNTS tag=MONASH species=Sigma*_b0 pdg=5214 slice=all p=56 a=39 file=/data/alice/ipardoza/hadronization_production/HF_RUN3_V1/raw/MONASH/hf_MONASH_job877.root
SIGMAB_COUNTS tag=MONASH species=Sigma*_b0 pdg=5214 slice=eta_lt_1 p=9 a=5 file=/data/alice/ipardoza/hadronization_production/HF_RUN3_V1/raw/MONASH/hf_MONASH_job877.root
SIGMAB_COUNTS tag=MONASH species=Sigma*_b0 pdg=5214 slice=eta_1_2 p=15 a=7 file=/data/alice/ipardoza/hadronization_production/HF_RUN3_V1/raw/MONASH/hf_MONASH_job877.root
SIGMAB_COUNTS tag=MONASH species=Sigma*_b0 pdg=5214 slice=eta_ge_2 p=32 a=27 file=/data/alice/ipardoza/hadronization_production/HF_RUN3_V1/raw/MONASH/hf_MONASH_job877.root
SIGMAB_COUNTS tag=MONASH species=Sigma*_b- pdg=5114 slice=all p=57 a=48 file=/data/alice/ipardoza/hadronization_production/HF_RUN3_V1/raw/MONASH/hf_MONASH_job877.root
SIGMAB_COUNTS tag=MONASH species=Sigma*_b- pdg=5114 slice=eta_lt_1 p=8 a=9 file=/data/alice/ipardoza/hadronization_production/HF_RUN3_V1/raw/MONASH/hf_MONASH_job877.root
SIGMAB_COUNTS tag=MONASH species=Sigma*_b- pdg=5114 slice=eta_1_2 p=15 a=11 file=/data/alice/ipardoza/hadronization_production/HF_RUN3_V1/raw/MONASH/hf_MONASH_job877.root
SIGMAB_COUNTS tag=MONASH species=Sigma*_b- pdg=5114 slice=eta_ge_2 p=34 a=28 file=/data/alice/ipardoza/hadronization_production/HF_RUN3_V1/raw/MONASH/hf_MONASH_job877.root
SIGMAB_COUNTS tag=MONASH species=Lambda_b0 pdg=5122 slice=all p=317 a=299 file=/data/alice/ipardoza/hadronization_production/HF_RUN3_V1/raw/MONASH/hf_MONASH_job877.root
SIGMAB_COUNTS tag=MONASH species=Lambda_b0 pdg=5122 slice=eta_lt_1 p=71 a=47 file=/data/alice/ipardoza/hadronization_production/HF_RUN3_V1/raw/MONASH/hf_MONASH_job877.root
SIGMAB_COUNTS tag=MONASH species=Lambda_b0 pdg=5122 slice=eta_1_2 p=73 a=70 file=/data/alice/ipardoza/hadronization_production/HF_RUN3_V1/raw/MONASH/hf_MONASH_job877.root
SIGMAB_COUNTS tag=MONASH species=Lambda_b0 pdg=5122 slice=eta_ge_2 p=173 a=182 file=/data/alice/ipardoza/hadronization_production/HF_RUN3_V1/raw/MONASH/hf_MONASH_job877.root
SIGMAB_COUNTS tag=MONASH species=Xi_b0 pdg=5232 slice=all p=61 a=54 file=/data/alice/ipardoza/hadronization_production/HF_RUN3_V1/raw/MONASH/hf_MONASH_job877.root
SIGMAB_COUNTS tag=MONASH species=Xi_b0 pdg=5232 slice=eta_lt_1 p=11 a=7 file=/data/alice/ipardoza/hadronization_production/HF_RUN3_V1/raw/MONASH/hf_MONASH_job877.root
SIGMAB_COUNTS tag=MONASH species=Xi_b0 pdg=5232 slice=eta_1_2 p=17 a=14 file=/data/alice/ipardoza/hadronization_production/HF_RUN3_V1/raw/MONASH/hf_MONASH_job877.root
SIGMAB_COUNTS tag=MONASH species=Xi_b0 pdg=5232 slice=eta_ge_2 p=33 a=33 file=/data/alice/ipardoza/hadronization_production/HF_RUN3_V1/raw/MONASH/hf_MONASH_job877.root
SIGMAB_COUNTS tag=MONASH species=Xi_b- pdg=5132 slice=all p=44 a=63 file=/data/alice/ipardoza/hadronization_production/HF_RUN3_V1/raw/MONASH/hf_MONASH_job877.root
SIGMAB_COUNTS tag=MONASH species=Xi_b- pdg=5132 slice=eta_lt_1 p=12 a=13 file=/data/alice/ipardoza/hadronization_production/HF_RUN3_V1/raw/MONASH/hf_MONASH_job877.root
SIGMAB_COUNTS tag=MONASH species=Xi_b- pdg=5132 slice=eta_1_2 p=9 a=15 file=/data/alice/ipardoza/hadronization_production/HF_RUN3_V1/raw/MONASH/hf_MONASH_job877.root
SIGMAB_COUNTS tag=MONASH species=Xi_b- pdg=5132 slice=eta_ge_2 p=23 a=35 file=/data/alice/ipardoza/hadronization_production/HF_RUN3_V1/raw/MONASH/hf_MONASH_job877.root
SIGMAB_COUNTS tag=MONASH species=Sigma_b+ pdg=5222 slice=all p=43 a=15 file=/data/alice/ipardoza/hadronization_production/HF_RUN3_V1/raw/MONASH/hf_MONASH_job878.root
SIGMAB_COUNTS tag=MONASH species=Sigma_b+ pdg=5222 slice=eta_lt_1 p=3 a=5 file=/data/alice/ipardoza/hadronization_production/HF_RUN3_V1/raw/MONASH/hf_MONASH_job878.root
SIGMAB_COUNTS tag=MONASH species=Sigma_b+ pdg=5222 slice=eta_1_2 p=10 a=0 file=/data/alice/ipardoza/hadronization_production/HF_RUN3_V1/raw/MONASH/hf_MONASH_job878.root
SIGMAB_COUNTS tag=MONASH species=Sigma_b+ pdg=5222 slice=eta_ge_2 p=30 a=10 file=/data/alice/ipardoza/hadronization_production/HF_RUN3_V1/raw/MONASH/hf_MONASH_job878.root
SIGMAB_COUNTS tag=MONASH species=Sigma_b0 pdg=5212 slice=all p=34 a=19 file=/data/alice/ipardoza/hadronization_production/HF_RUN3_V1/raw/MONASH/hf_MONASH_job878.root
SIGMAB_COUNTS tag=MONASH species=Sigma_b0 pdg=5212 slice=eta_lt_1 p=4 a=4 file=/data/alice/ipardoza/hadronization_production/HF_RUN3_V1/raw/MONASH/hf_MONASH_job878.root
SIGMAB_COUNTS tag=MONASH species=Sigma_b0 pdg=5212 slice=eta_1_2 p=5 a=3 file=/data/alice/ipardoza/hadronization_production/HF_RUN3_V1/raw/MONASH/hf_MONASH_job878.root
SIGMAB_COUNTS tag=MONASH species=Sigma_b0 pdg=5212 slice=eta_ge_2 p=25 a=12 file=/data/alice/ipardoza/hadronization_production/HF_RUN3_V1/raw/MONASH/hf_MONASH_job878.root
SIGMAB_COUNTS tag=MONASH species=Sigma_b- pdg=5112 slice=all p=30 a=23 file=/data/alice/ipardoza/hadronization_production/HF_RUN3_V1/raw/MONASH/hf_MONASH_job878.root
SIGMAB_COUNTS tag=MONASH species=Sigma_b- pdg=5112 slice=eta_lt_1 p=7 a=4 file=/data/alice/ipardoza/hadronization_production/HF_RUN3_V1/raw/MONASH/hf_MONASH_job878.root
SIGMAB_COUNTS tag=MONASH species=Sigma_b- pdg=5112 slice=eta_1_2 p=6 a=7 file=/data/alice/ipardoza/hadronization_production/HF_RUN3_V1/raw/MONASH/hf_MONASH_job878.root
SIGMAB_COUNTS tag=MONASH species=Sigma_b- pdg=5112 slice=eta_ge_2 p=17 a=12 file=/data/alice/ipardoza/hadronization_production/HF_RUN3_V1/raw/MONASH/hf_MONASH_job878.root
SIGMAB_COUNTS tag=MONASH species=Sigma*_b+ pdg=5224 slice=all p=64 a=41 file=/data/alice/ipardoza/hadronization_production/HF_RUN3_V1/raw/MONASH/hf_MONASH_job878.root
SIGMAB_COUNTS tag=MONASH species=Sigma*_b+ pdg=5224 slice=eta_lt_1 p=8 a=5 file=/data/alice/ipardoza/hadronization_production/HF_RUN3_V1/raw/MONASH/hf_MONASH_job878.root
SIGMAB_COUNTS tag=MONASH species=Sigma*_b+ pdg=5224 slice=eta_1_2 p=15 a=9 file=/data/alice/ipardoza/hadronization_production/HF_RUN3_V1/raw/MONASH/hf_MONASH_job878.root
SIGMAB_COUNTS tag=MONASH species=Sigma*_b+ pdg=5224 slice=eta_ge_2 p=41 a=27 file=/data/alice/ipardoza/hadronization_production/HF_RUN3_V1/raw/MONASH/hf_MONASH_job878.root
SIGMAB_COUNTS tag=MONASH species=Sigma*_b0 pdg=5214 slice=all p=61 a=46 file=/data/alice/ipardoza/hadronization_production/HF_RUN3_V1/raw/MONASH/hf_MONASH_job878.root
SIGMAB_COUNTS tag=MONASH species=Sigma*_b0 pdg=5214 slice=eta_lt_1 p=8 a=8 file=/data/alice/ipardoza/hadronization_production/HF_RUN3_V1/raw/MONASH/hf_MONASH_job878.root
SIGMAB_COUNTS tag=MONASH species=Sigma*_b0 pdg=5214 slice=eta_1_2 p=11 a=11 file=/data/alice/ipardoza/hadronization_production/HF_RUN3_V1/raw/MONASH/hf_MONASH_job878.root
SIGMAB_COUNTS tag=MONASH species=Sigma*_b0 pdg=5214 slice=eta_ge_2 p=42 a=27 file=/data/alice/ipardoza/hadronization_production/HF_RUN3_V1/raw/MONASH/hf_MONASH_job878.root
SIGMAB_COUNTS tag=MONASH species=Sigma*_b- pdg=5114 slice=all p=58 a=38 file=/data/alice/ipardoza/hadronization_production/HF_RUN3_V1/raw/MONASH/hf_MONASH_job878.root
SIGMAB_COUNTS tag=MONASH species=Sigma*_b- pdg=5114 slice=eta_lt_1 p=11 a=4 file=/data/alice/ipardoza/hadronization_production/HF_RUN3_V1/raw/MONASH/hf_MONASH_job878.root
SIGMAB_COUNTS tag=MONASH species=Sigma*_b- pdg=5114 slice=eta_1_2 p=14 a=11 file=/data/alice/ipardoza/hadronization_production/HF_RUN3_V1/raw/MONASH/hf_MONASH_job878.root
SIGMAB_COUNTS tag=MONASH species=Sigma*_b- pdg=5114 slice=eta_ge_2 p=33 a=23 file=/data/alice/ipardoza/hadronization_production/HF_RUN3_V1/raw/MONASH/hf_MONASH_job878.root
SIGMAB_COUNTS tag=MONASH species=Lambda_b0 pdg=5122 slice=all p=306 a=309 file=/data/alice/ipardoza/hadronization_production/HF_RUN3_V1/raw/MONASH/hf_MONASH_job878.root
SIGMAB_COUNTS tag=MONASH species=Lambda_b0 pdg=5122 slice=eta_lt_1 p=59 a=56 file=/data/alice/ipardoza/hadronization_production/HF_RUN3_V1/raw/MONASH/hf_MONASH_job878.root
SIGMAB_COUNTS tag=MONASH species=Lambda_b0 pdg=5122 slice=eta_1_2 p=71 a=58 file=/data/alice/ipardoza/hadronization_production/HF_RUN3_V1/raw/MONASH/hf_MONASH_job878.root
SIGMAB_COUNTS tag=MONASH species=Lambda_b0 pdg=5122 slice=eta_ge_2 p=176 a=195 file=/data/alice/ipardoza/hadronization_production/HF_RUN3_V1/raw/MONASH/hf_MONASH_job878.root
SIGMAB_COUNTS tag=MONASH species=Xi_b0 pdg=5232 slice=all p=77 a=70 file=/data/alice/ipardoza/hadronization_production/HF_RUN3_V1/raw/MONASH/hf_MONASH_job878.root
SIGMAB_COUNTS tag=MONASH species=Xi_b0 pdg=5232 slice=eta_lt_1 p=18 a=17 file=/data/alice/ipardoza/hadronization_production/HF_RUN3_V1/raw/MONASH/hf_MONASH_job878.root
SIGMAB_COUNTS tag=MONASH species=Xi_b0 pdg=5232 slice=eta_1_2 p=13 a=25 file=/data/alice/ipardoza/hadronization_production/HF_RUN3_V1/raw/MONASH/hf_MONASH_job878.root
SIGMAB_COUNTS tag=MONASH species=Xi_b0 pdg=5232 slice=eta_ge_2 p=46 a=28 file=/data/alice/ipardoza/hadronization_production/HF_RUN3_V1/raw/MONASH/hf_MONASH_job878.root
SIGMAB_COUNTS tag=MONASH species=Xi_b- pdg=5132 slice=all p=55 a=46 file=/data/alice/ipardoza/hadronization_production/HF_RUN3_V1/raw/MONASH/hf_MONASH_job878.root
SIGMAB_COUNTS tag=MONASH species=Xi_b- pdg=5132 slice=eta_lt_1 p=12 a=11 file=/data/alice/ipardoza/hadronization_production/HF_RUN3_V1/raw/MONASH/hf_MONASH_job878.root
SIGMAB_COUNTS tag=MONASH species=Xi_b- pdg=5132 slice=eta_1_2 p=5 a=10 file=/data/alice/ipardoza/hadronization_production/HF_RUN3_V1/raw/MONASH/hf_MONASH_job878.root
SIGMAB_COUNTS tag=MONASH species=Xi_b- pdg=5132 slice=eta_ge_2 p=38 a=25 file=/data/alice/ipardoza/hadronization_production/HF_RUN3_V1/raw/MONASH/hf_MONASH_job878.root
SIGMAB_COUNTS tag=MONASH species=Sigma_b+ pdg=5222 slice=all p=41 a=17 file=/data/alice/ipardoza/hadronization_production/HF_RUN3_V1/raw/MONASH/hf_MONASH_job879.root
SIGMAB_COUNTS tag=MONASH species=Sigma_b+ pdg=5222 slice=eta_lt_1 p=6 a=1 file=/data/alice/ipardoza/hadronization_production/HF_RUN3_V1/raw/MONASH/hf_MONASH_job879.root
SIGMAB_COUNTS tag=MONASH species=Sigma_b+ pdg=5222 slice=eta_1_2 p=11 a=4 file=/data/alice/ipardoza/hadronization_production/HF_RUN3_V1/raw/MONASH/hf_MONASH_job879.root
SIGMAB_COUNTS tag=MONASH species=Sigma_b+ pdg=5222 slice=eta_ge_2 p=24 a=12 file=/data/alice/ipardoza/hadronization_production/HF_RUN3_V1/raw/MONASH/hf_MONASH_job879.root
SIGMAB_COUNTS tag=MONASH species=Sigma_b0 pdg=5212 slice=all p=39 a=14 file=/data/alice/ipardoza/hadronization_production/HF_RUN3_V1/raw/MONASH/hf_MONASH_job879.root
SIGMAB_COUNTS tag=MONASH species=Sigma_b0 pdg=5212 slice=eta_lt_1 p=5 a=3 file=/data/alice/ipardoza/hadronization_production/HF_RUN3_V1/raw/MONASH/hf_MONASH_job879.root
SIGMAB_COUNTS tag=MONASH species=Sigma_b0 pdg=5212 slice=eta_1_2 p=6 a=2 file=/data/alice/ipardoza/hadronization_production/HF_RUN3_V1/raw/MONASH/hf_MONASH_job879.root
SIGMAB_COUNTS tag=MONASH species=Sigma_b0 pdg=5212 slice=eta_ge_2 p=28 a=9 file=/data/alice/ipardoza/hadronization_production/HF_RUN3_V1/raw/MONASH/hf_MONASH_job879.root
SIGMAB_COUNTS tag=MONASH species=Sigma_b- pdg=5112 slice=all p=29 a=15 file=/data/alice/ipardoza/hadronization_production/HF_RUN3_V1/raw/MONASH/hf_MONASH_job879.root
SIGMAB_COUNTS tag=MONASH species=Sigma_b- pdg=5112 slice=eta_lt_1 p=8 a=1 file=/data/alice/ipardoza/hadronization_production/HF_RUN3_V1/raw/MONASH/hf_MONASH_job879.root
SIGMAB_COUNTS tag=MONASH species=Sigma_b- pdg=5112 slice=eta_1_2 p=4 a=5 file=/data/alice/ipardoza/hadronization_production/HF_RUN3_V1/raw/MONASH/hf_MONASH_job879.root
SIGMAB_COUNTS tag=MONASH species=Sigma_b- pdg=5112 slice=eta_ge_2 p=17 a=9 file=/data/alice/ipardoza/hadronization_production/HF_RUN3_V1/raw/MONASH/hf_MONASH_job879.root
SIGMAB_COUNTS tag=MONASH species=Sigma*_b+ pdg=5224 slice=all p=43 a=32 file=/data/alice/ipardoza/hadronization_production/HF_RUN3_V1/raw/MONASH/hf_MONASH_job879.root
SIGMAB_COUNTS tag=MONASH species=Sigma*_b+ pdg=5224 slice=eta_lt_1 p=4 a=5 file=/data/alice/ipardoza/hadronization_production/HF_RUN3_V1/raw/MONASH/hf_MONASH_job879.root
SIGMAB_COUNTS tag=MONASH species=Sigma*_b+ pdg=5224 slice=eta_1_2 p=9 a=8 file=/data/alice/ipardoza/hadronization_production/HF_RUN3_V1/raw/MONASH/hf_MONASH_job879.root
SIGMAB_COUNTS tag=MONASH species=Sigma*_b+ pdg=5224 slice=eta_ge_2 p=30 a=19 file=/data/alice/ipardoza/hadronization_production/HF_RUN3_V1/raw/MONASH/hf_MONASH_job879.root
SIGMAB_COUNTS tag=MONASH species=Sigma*_b0 pdg=5214 slice=all p=49 a=40 file=/data/alice/ipardoza/hadronization_production/HF_RUN3_V1/raw/MONASH/hf_MONASH_job879.root
SIGMAB_COUNTS tag=MONASH species=Sigma*_b0 pdg=5214 slice=eta_lt_1 p=9 a=10 file=/data/alice/ipardoza/hadronization_production/HF_RUN3_V1/raw/MONASH/hf_MONASH_job879.root
SIGMAB_COUNTS tag=MONASH species=Sigma*_b0 pdg=5214 slice=eta_1_2 p=10 a=11 file=/data/alice/ipardoza/hadronization_production/HF_RUN3_V1/raw/MONASH/hf_MONASH_job879.root
SIGMAB_COUNTS tag=MONASH species=Sigma*_b0 pdg=5214 slice=eta_ge_2 p=30 a=19 file=/data/alice/ipardoza/hadronization_production/HF_RUN3_V1/raw/MONASH/hf_MONASH_job879.root
SIGMAB_COUNTS tag=MONASH species=Sigma*_b- pdg=5114 slice=all p=40 a=46 file=/data/alice/ipardoza/hadronization_production/HF_RUN3_V1/raw/MONASH/hf_MONASH_job879.root
SIGMAB_COUNTS tag=MONASH species=Sigma*_b- pdg=5114 slice=eta_lt_1 p=0 a=4 file=/data/alice/ipardoza/hadronization_production/HF_RUN3_V1/raw/MONASH/hf_MONASH_job879.root
SIGMAB_COUNTS tag=MONASH species=Sigma*_b- pdg=5114 slice=eta_1_2 p=10 a=6 file=/data/alice/ipardoza/hadronization_production/HF_RUN3_V1/raw/MONASH/hf_MONASH_job879.root
SIGMAB_COUNTS tag=MONASH species=Sigma*_b- pdg=5114 slice=eta_ge_2 p=30 a=36 file=/data/alice/ipardoza/hadronization_production/HF_RUN3_V1/raw/MONASH/hf_MONASH_job879.root
SIGMAB_COUNTS tag=MONASH species=Lambda_b0 pdg=5122 slice=all p=295 a=306 file=/data/alice/ipardoza/hadronization_production/HF_RUN3_V1/raw/MONASH/hf_MONASH_job879.root
SIGMAB_COUNTS tag=MONASH species=Lambda_b0 pdg=5122 slice=eta_lt_1 p=50 a=58 file=/data/alice/ipardoza/hadronization_production/HF_RUN3_V1/raw/MONASH/hf_MONASH_job879.root
SIGMAB_COUNTS tag=MONASH species=Lambda_b0 pdg=5122 slice=eta_1_2 p=56 a=83 file=/data/alice/ipardoza/hadronization_production/HF_RUN3_V1/raw/MONASH/hf_MONASH_job879.root
SIGMAB_COUNTS tag=MONASH species=Lambda_b0 pdg=5122 slice=eta_ge_2 p=189 a=165 file=/data/alice/ipardoza/hadronization_production/HF_RUN3_V1/raw/MONASH/hf_MONASH_job879.root
SIGMAB_COUNTS tag=MONASH species=Xi_b0 pdg=5232 slice=all p=62 a=57 file=/data/alice/ipardoza/hadronization_production/HF_RUN3_V1/raw/MONASH/hf_MONASH_job879.root
SIGMAB_COUNTS tag=MONASH species=Xi_b0 pdg=5232 slice=eta_lt_1 p=12 a=17 file=/data/alice/ipardoza/hadronization_production/HF_RUN3_V1/raw/MONASH/hf_MONASH_job879.root
SIGMAB_COUNTS tag=MONASH species=Xi_b0 pdg=5232 slice=eta_1_2 p=15 a=15 file=/data/alice/ipardoza/hadronization_production/HF_RUN3_V1/raw/MONASH/hf_MONASH_job879.root
SIGMAB_COUNTS tag=MONASH species=Xi_b0 pdg=5232 slice=eta_ge_2 p=35 a=25 file=/data/alice/ipardoza/hadronization_production/HF_RUN3_V1/raw/MONASH/hf_MONASH_job879.root
SIGMAB_COUNTS tag=MONASH species=Xi_b- pdg=5132 slice=all p=58 a=50 file=/data/alice/ipardoza/hadronization_production/HF_RUN3_V1/raw/MONASH/hf_MONASH_job879.root
SIGMAB_COUNTS tag=MONASH species=Xi_b- pdg=5132 slice=eta_lt_1 p=14 a=5 file=/data/alice/ipardoza/hadronization_production/HF_RUN3_V1/raw/MONASH/hf_MONASH_job879.root
SIGMAB_COUNTS tag=MONASH species=Xi_b- pdg=5132 slice=eta_1_2 p=12 a=14 file=/data/alice/ipardoza/hadronization_production/HF_RUN3_V1/raw/MONASH/hf_MONASH_job879.root
SIGMAB_COUNTS tag=MONASH species=Xi_b- pdg=5132 slice=eta_ge_2 p=32 a=31 file=/data/alice/ipardoza/hadronization_production/HF_RUN3_V1/raw/MONASH/hf_MONASH_job879.root
SIGMAB_COUNTS tag=MONASH species=Sigma_b+ pdg=5222 slice=all p=36 a=20 file=/data/alice/ipardoza/hadronization_production/HF_RUN3_V1/raw/MONASH/hf_MONASH_job880.root
SIGMAB_COUNTS tag=MONASH species=Sigma_b+ pdg=5222 slice=eta_lt_1 p=4 a=4 file=/data/alice/ipardoza/hadronization_production/HF_RUN3_V1/raw/MONASH/hf_MONASH_job880.root
SIGMAB_COUNTS tag=MONASH species=Sigma_b+ pdg=5222 slice=eta_1_2 p=7 a=4 file=/data/alice/ipardoza/hadronization_production/HF_RUN3_V1/raw/MONASH/hf_MONASH_job880.root
SIGMAB_COUNTS tag=MONASH species=Sigma_b+ pdg=5222 slice=eta_ge_2 p=25 a=12 file=/data/alice/ipardoza/hadronization_production/HF_RUN3_V1/raw/MONASH/hf_MONASH_job880.root
SIGMAB_COUNTS tag=MONASH species=Sigma_b0 pdg=5212 slice=all p=42 a=19 file=/data/alice/ipardoza/hadronization_production/HF_RUN3_V1/raw/MONASH/hf_MONASH_job880.root
SIGMAB_COUNTS tag=MONASH species=Sigma_b0 pdg=5212 slice=eta_lt_1 p=8 a=8 file=/data/alice/ipardoza/hadronization_production/HF_RUN3_V1/raw/MONASH/hf_MONASH_job880.root
SIGMAB_COUNTS tag=MONASH species=Sigma_b0 pdg=5212 slice=eta_1_2 p=8 a=4 file=/data/alice/ipardoza/hadronization_production/HF_RUN3_V1/raw/MONASH/hf_MONASH_job880.root
SIGMAB_COUNTS tag=MONASH species=Sigma_b0 pdg=5212 slice=eta_ge_2 p=26 a=7 file=/data/alice/ipardoza/hadronization_production/HF_RUN3_V1/raw/MONASH/hf_MONASH_job880.root
SIGMAB_COUNTS tag=MONASH species=Sigma_b- pdg=5112 slice=all p=40 a=18 file=/data/alice/ipardoza/hadronization_production/HF_RUN3_V1/raw/MONASH/hf_MONASH_job880.root
SIGMAB_COUNTS tag=MONASH species=Sigma_b- pdg=5112 slice=eta_lt_1 p=5 a=3 file=/data/alice/ipardoza/hadronization_production/HF_RUN3_V1/raw/MONASH/hf_MONASH_job880.root
SIGMAB_COUNTS tag=MONASH species=Sigma_b- pdg=5112 slice=eta_1_2 p=12 a=6 file=/data/alice/ipardoza/hadronization_production/HF_RUN3_V1/raw/MONASH/hf_MONASH_job880.root
SIGMAB_COUNTS tag=MONASH species=Sigma_b- pdg=5112 slice=eta_ge_2 p=23 a=9 file=/data/alice/ipardoza/hadronization_production/HF_RUN3_V1/raw/MONASH/hf_MONASH_job880.root
SIGMAB_COUNTS tag=MONASH species=Sigma*_b+ pdg=5224 slice=all p=53 a=36 file=/data/alice/ipardoza/hadronization_production/HF_RUN3_V1/raw/MONASH/hf_MONASH_job880.root
SIGMAB_COUNTS tag=MONASH species=Sigma*_b+ pdg=5224 slice=eta_lt_1 p=7 a=6 file=/data/alice/ipardoza/hadronization_production/HF_RUN3_V1/raw/MONASH/hf_MONASH_job880.root
SIGMAB_COUNTS tag=MONASH species=Sigma*_b+ pdg=5224 slice=eta_1_2 p=9 a=8 file=/data/alice/ipardoza/hadronization_production/HF_RUN3_V1/raw/MONASH/hf_MONASH_job880.root
SIGMAB_COUNTS tag=MONASH species=Sigma*_b+ pdg=5224 slice=eta_ge_2 p=37 a=22 file=/data/alice/ipardoza/hadronization_production/HF_RUN3_V1/raw/MONASH/hf_MONASH_job880.root
SIGMAB_COUNTS tag=MONASH species=Sigma*_b0 pdg=5214 slice=all p=52 a=38 file=/data/alice/ipardoza/hadronization_production/HF_RUN3_V1/raw/MONASH/hf_MONASH_job880.root
SIGMAB_COUNTS tag=MONASH species=Sigma*_b0 pdg=5214 slice=eta_lt_1 p=9 a=4 file=/data/alice/ipardoza/hadronization_production/HF_RUN3_V1/raw/MONASH/hf_MONASH_job880.root
SIGMAB_COUNTS tag=MONASH species=Sigma*_b0 pdg=5214 slice=eta_1_2 p=9 a=8 file=/data/alice/ipardoza/hadronization_production/HF_RUN3_V1/raw/MONASH/hf_MONASH_job880.root
SIGMAB_COUNTS tag=MONASH species=Sigma*_b0 pdg=5214 slice=eta_ge_2 p=34 a=26 file=/data/alice/ipardoza/hadronization_production/HF_RUN3_V1/raw/MONASH/hf_MONASH_job880.root
SIGMAB_COUNTS tag=MONASH species=Sigma*_b- pdg=5114 slice=all p=63 a=40 file=/data/alice/ipardoza/hadronization_production/HF_RUN3_V1/raw/MONASH/hf_MONASH_job880.root
SIGMAB_COUNTS tag=MONASH species=Sigma*_b- pdg=5114 slice=eta_lt_1 p=10 a=8 file=/data/alice/ipardoza/hadronization_production/HF_RUN3_V1/raw/MONASH/hf_MONASH_job880.root
SIGMAB_COUNTS tag=MONASH species=Sigma*_b- pdg=5114 slice=eta_1_2 p=13 a=8 file=/data/alice/ipardoza/hadronization_production/HF_RUN3_V1/raw/MONASH/hf_MONASH_job880.root
SIGMAB_COUNTS tag=MONASH species=Sigma*_b- pdg=5114 slice=eta_ge_2 p=40 a=24 file=/data/alice/ipardoza/hadronization_production/HF_RUN3_V1/raw/MONASH/hf_MONASH_job880.root
SIGMAB_COUNTS tag=MONASH species=Lambda_b0 pdg=5122 slice=all p=328 a=303 file=/data/alice/ipardoza/hadronization_production/HF_RUN3_V1/raw/MONASH/hf_MONASH_job880.root
SIGMAB_COUNTS tag=MONASH species=Lambda_b0 pdg=5122 slice=eta_lt_1 p=61 a=49 file=/data/alice/ipardoza/hadronization_production/HF_RUN3_V1/raw/MONASH/hf_MONASH_job880.root
SIGMAB_COUNTS tag=MONASH species=Lambda_b0 pdg=5122 slice=eta_1_2 p=63 a=81 file=/data/alice/ipardoza/hadronization_production/HF_RUN3_V1/raw/MONASH/hf_MONASH_job880.root
SIGMAB_COUNTS tag=MONASH species=Lambda_b0 pdg=5122 slice=eta_ge_2 p=204 a=173 file=/data/alice/ipardoza/hadronization_production/HF_RUN3_V1/raw/MONASH/hf_MONASH_job880.root
SIGMAB_COUNTS tag=MONASH species=Xi_b0 pdg=5232 slice=all p=58 a=57 file=/data/alice/ipardoza/hadronization_production/HF_RUN3_V1/raw/MONASH/hf_MONASH_job880.root
SIGMAB_COUNTS tag=MONASH species=Xi_b0 pdg=5232 slice=eta_lt_1 p=9 a=16 file=/data/alice/ipardoza/hadronization_production/HF_RUN3_V1/raw/MONASH/hf_MONASH_job880.root
SIGMAB_COUNTS tag=MONASH species=Xi_b0 pdg=5232 slice=eta_1_2 p=16 a=7 file=/data/alice/ipardoza/hadronization_production/HF_RUN3_V1/raw/MONASH/hf_MONASH_job880.root
SIGMAB_COUNTS tag=MONASH species=Xi_b0 pdg=5232 slice=eta_ge_2 p=33 a=34 file=/data/alice/ipardoza/hadronization_production/HF_RUN3_V1/raw/MONASH/hf_MONASH_job880.root
SIGMAB_COUNTS tag=MONASH species=Xi_b- pdg=5132 slice=all p=45 a=53 file=/data/alice/ipardoza/hadronization_production/HF_RUN3_V1/raw/MONASH/hf_MONASH_job880.root
SIGMAB_COUNTS tag=MONASH species=Xi_b- pdg=5132 slice=eta_lt_1 p=5 a=9 file=/data/alice/ipardoza/hadronization_production/HF_RUN3_V1/raw/MONASH/hf_MONASH_job880.root
SIGMAB_COUNTS tag=MONASH species=Xi_b- pdg=5132 slice=eta_1_2 p=9 a=13 file=/data/alice/ipardoza/hadronization_production/HF_RUN3_V1/raw/MONASH/hf_MONASH_job880.root
SIGMAB_COUNTS tag=MONASH species=Xi_b- pdg=5132 slice=eta_ge_2 p=31 a=31 file=/data/alice/ipardoza/hadronization_production/HF_RUN3_V1/raw/MONASH/hf_MONASH_job880.root
SIGMAB_COUNTS tag=MONASH species=Sigma_b+ pdg=5222 slice=all p=25 a=15 file=/data/alice/ipardoza/hadronization_production/HF_RUN3_V1/raw/MONASH/hf_MONASH_job881.root
SIGMAB_COUNTS tag=MONASH species=Sigma_b+ pdg=5222 slice=eta_lt_1 p=2 a=1 file=/data/alice/ipardoza/hadronization_production/HF_RUN3_V1/raw/MONASH/hf_MONASH_job881.root
SIGMAB_COUNTS tag=MONASH species=Sigma_b+ pdg=5222 slice=eta_1_2 p=3 a=5 file=/data/alice/ipardoza/hadronization_production/HF_RUN3_V1/raw/MONASH/hf_MONASH_job881.root
SIGMAB_COUNTS tag=MONASH species=Sigma_b+ pdg=5222 slice=eta_ge_2 p=20 a=9 file=/data/alice/ipardoza/hadronization_production/HF_RUN3_V1/raw/MONASH/hf_MONASH_job881.root
SIGMAB_COUNTS tag=MONASH species=Sigma_b0 pdg=5212 slice=all p=34 a=21 file=/data/alice/ipardoza/hadronization_production/HF_RUN3_V1/raw/MONASH/hf_MONASH_job881.root
SIGMAB_COUNTS tag=MONASH species=Sigma_b0 pdg=5212 slice=eta_lt_1 p=5 a=5 file=/data/alice/ipardoza/hadronization_production/HF_RUN3_V1/raw/MONASH/hf_MONASH_job881.root
SIGMAB_COUNTS tag=MONASH species=Sigma_b0 pdg=5212 slice=eta_1_2 p=4 a=3 file=/data/alice/ipardoza/hadronization_production/HF_RUN3_V1/raw/MONASH/hf_MONASH_job881.root
SIGMAB_COUNTS tag=MONASH species=Sigma_b0 pdg=5212 slice=eta_ge_2 p=25 a=13 file=/data/alice/ipardoza/hadronization_production/HF_RUN3_V1/raw/MONASH/hf_MONASH_job881.root
SIGMAB_COUNTS tag=MONASH species=Sigma_b- pdg=5112 slice=all p=29 a=23 file=/data/alice/ipardoza/hadronization_production/HF_RUN3_V1/raw/MONASH/hf_MONASH_job881.root
SIGMAB_COUNTS tag=MONASH species=Sigma_b- pdg=5112 slice=eta_lt_1 p=10 a=3 file=/data/alice/ipardoza/hadronization_production/HF_RUN3_V1/raw/MONASH/hf_MONASH_job881.root
SIGMAB_COUNTS tag=MONASH species=Sigma_b- pdg=5112 slice=eta_1_2 p=4 a=3 file=/data/alice/ipardoza/hadronization_production/HF_RUN3_V1/raw/MONASH/hf_MONASH_job881.root
SIGMAB_COUNTS tag=MONASH species=Sigma_b- pdg=5112 slice=eta_ge_2 p=15 a=17 file=/data/alice/ipardoza/hadronization_production/HF_RUN3_V1/raw/MONASH/hf_MONASH_job881.root
SIGMAB_COUNTS tag=MONASH species=Sigma*_b+ pdg=5224 slice=all p=56 a=56 file=/data/alice/ipardoza/hadronization_production/HF_RUN3_V1/raw/MONASH/hf_MONASH_job881.root
SIGMAB_COUNTS tag=MONASH species=Sigma*_b+ pdg=5224 slice=eta_lt_1 p=11 a=8 file=/data/alice/ipardoza/hadronization_production/HF_RUN3_V1/raw/MONASH/hf_MONASH_job881.root
SIGMAB_COUNTS tag=MONASH species=Sigma*_b+ pdg=5224 slice=eta_1_2 p=11 a=12 file=/data/alice/ipardoza/hadronization_production/HF_RUN3_V1/raw/MONASH/hf_MONASH_job881.root
SIGMAB_COUNTS tag=MONASH species=Sigma*_b+ pdg=5224 slice=eta_ge_2 p=34 a=36 file=/data/alice/ipardoza/hadronization_production/HF_RUN3_V1/raw/MONASH/hf_MONASH_job881.root
SIGMAB_COUNTS tag=MONASH species=Sigma*_b0 pdg=5214 slice=all p=44 a=39 file=/data/alice/ipardoza/hadronization_production/HF_RUN3_V1/raw/MONASH/hf_MONASH_job881.root
SIGMAB_COUNTS tag=MONASH species=Sigma*_b0 pdg=5214 slice=eta_lt_1 p=6 a=7 file=/data/alice/ipardoza/hadronization_production/HF_RUN3_V1/raw/MONASH/hf_MONASH_job881.root
SIGMAB_COUNTS tag=MONASH species=Sigma*_b0 pdg=5214 slice=eta_1_2 p=7 a=9 file=/data/alice/ipardoza/hadronization_production/HF_RUN3_V1/raw/MONASH/hf_MONASH_job881.root
SIGMAB_COUNTS tag=MONASH species=Sigma*_b0 pdg=5214 slice=eta_ge_2 p=31 a=23 file=/data/alice/ipardoza/hadronization_production/HF_RUN3_V1/raw/MONASH/hf_MONASH_job881.root
SIGMAB_COUNTS tag=MONASH species=Sigma*_b- pdg=5114 slice=all p=48 a=43 file=/data/alice/ipardoza/hadronization_production/HF_RUN3_V1/raw/MONASH/hf_MONASH_job881.root
SIGMAB_COUNTS tag=MONASH species=Sigma*_b- pdg=5114 slice=eta_lt_1 p=8 a=8 file=/data/alice/ipardoza/hadronization_production/HF_RUN3_V1/raw/MONASH/hf_MONASH_job881.root
SIGMAB_COUNTS tag=MONASH species=Sigma*_b- pdg=5114 slice=eta_1_2 p=14 a=12 file=/data/alice/ipardoza/hadronization_production/HF_RUN3_V1/raw/MONASH/hf_MONASH_job881.root
SIGMAB_COUNTS tag=MONASH species=Sigma*_b- pdg=5114 slice=eta_ge_2 p=26 a=23 file=/data/alice/ipardoza/hadronization_production/HF_RUN3_V1/raw/MONASH/hf_MONASH_job881.root
SIGMAB_COUNTS tag=MONASH species=Lambda_b0 pdg=5122 slice=all p=294 a=296 file=/data/alice/ipardoza/hadronization_production/HF_RUN3_V1/raw/MONASH/hf_MONASH_job881.root
SIGMAB_COUNTS tag=MONASH species=Lambda_b0 pdg=5122 slice=eta_lt_1 p=47 a=55 file=/data/alice/ipardoza/hadronization_production/HF_RUN3_V1/raw/MONASH/hf_MONASH_job881.root
SIGMAB_COUNTS tag=MONASH species=Lambda_b0 pdg=5122 slice=eta_1_2 p=81 a=56 file=/data/alice/ipardoza/hadronization_production/HF_RUN3_V1/raw/MONASH/hf_MONASH_job881.root
SIGMAB_COUNTS tag=MONASH species=Lambda_b0 pdg=5122 slice=eta_ge_2 p=166 a=185 file=/data/alice/ipardoza/hadronization_production/HF_RUN3_V1/raw/MONASH/hf_MONASH_job881.root
SIGMAB_COUNTS tag=MONASH species=Xi_b0 pdg=5232 slice=all p=57 a=50 file=/data/alice/ipardoza/hadronization_production/HF_RUN3_V1/raw/MONASH/hf_MONASH_job881.root
SIGMAB_COUNTS tag=MONASH species=Xi_b0 pdg=5232 slice=eta_lt_1 p=9 a=8 file=/data/alice/ipardoza/hadronization_production/HF_RUN3_V1/raw/MONASH/hf_MONASH_job881.root
SIGMAB_COUNTS tag=MONASH species=Xi_b0 pdg=5232 slice=eta_1_2 p=12 a=11 file=/data/alice/ipardoza/hadronization_production/HF_RUN3_V1/raw/MONASH/hf_MONASH_job881.root
SIGMAB_COUNTS tag=MONASH species=Xi_b0 pdg=5232 slice=eta_ge_2 p=36 a=31 file=/data/alice/ipardoza/hadronization_production/HF_RUN3_V1/raw/MONASH/hf_MONASH_job881.root
SIGMAB_COUNTS tag=MONASH species=Xi_b- pdg=5132 slice=all p=56 a=63 file=/data/alice/ipardoza/hadronization_production/HF_RUN3_V1/raw/MONASH/hf_MONASH_job881.root
SIGMAB_COUNTS tag=MONASH species=Xi_b- pdg=5132 slice=eta_lt_1 p=10 a=16 file=/data/alice/ipardoza/hadronization_production/HF_RUN3_V1/raw/MONASH/hf_MONASH_job881.root
SIGMAB_COUNTS tag=MONASH species=Xi_b- pdg=5132 slice=eta_1_2 p=14 a=13 file=/data/alice/ipardoza/hadronization_production/HF_RUN3_V1/raw/MONASH/hf_MONASH_job881.root
SIGMAB_COUNTS tag=MONASH species=Xi_b- pdg=5132 slice=eta_ge_2 p=32 a=34 file=/data/alice/ipardoza/hadronization_production/HF_RUN3_V1/raw/MONASH/hf_MONASH_job881.root
SIGMAB_COUNTS tag=MONASH species=Sigma_b+ pdg=5222 slice=all p=34 a=14 file=/data/alice/ipardoza/hadronization_production/HF_RUN3_V1/raw/MONASH/hf_MONASH_job882.root
SIGMAB_COUNTS tag=MONASH species=Sigma_b+ pdg=5222 slice=eta_lt_1 p=5 a=1 file=/data/alice/ipardoza/hadronization_production/HF_RUN3_V1/raw/MONASH/hf_MONASH_job882.root
SIGMAB_COUNTS tag=MONASH species=Sigma_b+ pdg=5222 slice=eta_1_2 p=8 a=2 file=/data/alice/ipardoza/hadronization_production/HF_RUN3_V1/raw/MONASH/hf_MONASH_job882.root
SIGMAB_COUNTS tag=MONASH species=Sigma_b+ pdg=5222 slice=eta_ge_2 p=21 a=11 file=/data/alice/ipardoza/hadronization_production/HF_RUN3_V1/raw/MONASH/hf_MONASH_job882.root
SIGMAB_COUNTS tag=MONASH species=Sigma_b0 pdg=5212 slice=all p=35 a=18 file=/data/alice/ipardoza/hadronization_production/HF_RUN3_V1/raw/MONASH/hf_MONASH_job882.root
SIGMAB_COUNTS tag=MONASH species=Sigma_b0 pdg=5212 slice=eta_lt_1 p=8 a=4 file=/data/alice/ipardoza/hadronization_production/HF_RUN3_V1/raw/MONASH/hf_MONASH_job882.root
SIGMAB_COUNTS tag=MONASH species=Sigma_b0 pdg=5212 slice=eta_1_2 p=10 a=3 file=/data/alice/ipardoza/hadronization_production/HF_RUN3_V1/raw/MONASH/hf_MONASH_job882.root
SIGMAB_COUNTS tag=MONASH species=Sigma_b0 pdg=5212 slice=eta_ge_2 p=17 a=11 file=/data/alice/ipardoza/hadronization_production/HF_RUN3_V1/raw/MONASH/hf_MONASH_job882.root
SIGMAB_COUNTS tag=MONASH species=Sigma_b- pdg=5112 slice=all p=37 a=28 file=/data/alice/ipardoza/hadronization_production/HF_RUN3_V1/raw/MONASH/hf_MONASH_job882.root
SIGMAB_COUNTS tag=MONASH species=Sigma_b- pdg=5112 slice=eta_lt_1 p=5 a=6 file=/data/alice/ipardoza/hadronization_production/HF_RUN3_V1/raw/MONASH/hf_MONASH_job882.root
SIGMAB_COUNTS tag=MONASH species=Sigma_b- pdg=5112 slice=eta_1_2 p=10 a=9 file=/data/alice/ipardoza/hadronization_production/HF_RUN3_V1/raw/MONASH/hf_MONASH_job882.root
SIGMAB_COUNTS tag=MONASH species=Sigma_b- pdg=5112 slice=eta_ge_2 p=22 a=13 file=/data/alice/ipardoza/hadronization_production/HF_RUN3_V1/raw/MONASH/hf_MONASH_job882.root
SIGMAB_COUNTS tag=MONASH species=Sigma*_b+ pdg=5224 slice=all p=58 a=29 file=/data/alice/ipardoza/hadronization_production/HF_RUN3_V1/raw/MONASH/hf_MONASH_job882.root
SIGMAB_COUNTS tag=MONASH species=Sigma*_b+ pdg=5224 slice=eta_lt_1 p=19 a=8 file=/data/alice/ipardoza/hadronization_production/HF_RUN3_V1/raw/MONASH/hf_MONASH_job882.root
SIGMAB_COUNTS tag=MONASH species=Sigma*_b+ pdg=5224 slice=eta_1_2 p=9 a=4 file=/data/alice/ipardoza/hadronization_production/HF_RUN3_V1/raw/MONASH/hf_MONASH_job882.root
SIGMAB_COUNTS tag=MONASH species=Sigma*_b+ pdg=5224 slice=eta_ge_2 p=30 a=17 file=/data/alice/ipardoza/hadronization_production/HF_RUN3_V1/raw/MONASH/hf_MONASH_job882.root
SIGMAB_COUNTS tag=MONASH species=Sigma*_b0 pdg=5214 slice=all p=53 a=34 file=/data/alice/ipardoza/hadronization_production/HF_RUN3_V1/raw/MONASH/hf_MONASH_job882.root
SIGMAB_COUNTS tag=MONASH species=Sigma*_b0 pdg=5214 slice=eta_lt_1 p=3 a=8 file=/data/alice/ipardoza/hadronization_production/HF_RUN3_V1/raw/MONASH/hf_MONASH_job882.root
SIGMAB_COUNTS tag=MONASH species=Sigma*_b0 pdg=5214 slice=eta_1_2 p=9 a=9 file=/data/alice/ipardoza/hadronization_production/HF_RUN3_V1/raw/MONASH/hf_MONASH_job882.root
SIGMAB_COUNTS tag=MONASH species=Sigma*_b0 pdg=5214 slice=eta_ge_2 p=41 a=17 file=/data/alice/ipardoza/hadronization_production/HF_RUN3_V1/raw/MONASH/hf_MONASH_job882.root
SIGMAB_COUNTS tag=MONASH species=Sigma*_b- pdg=5114 slice=all p=36 a=42 file=/data/alice/ipardoza/hadronization_production/HF_RUN3_V1/raw/MONASH/hf_MONASH_job882.root
SIGMAB_COUNTS tag=MONASH species=Sigma*_b- pdg=5114 slice=eta_lt_1 p=7 a=12 file=/data/alice/ipardoza/hadronization_production/HF_RUN3_V1/raw/MONASH/hf_MONASH_job882.root
SIGMAB_COUNTS tag=MONASH species=Sigma*_b- pdg=5114 slice=eta_1_2 p=6 a=9 file=/data/alice/ipardoza/hadronization_production/HF_RUN3_V1/raw/MONASH/hf_MONASH_job882.root
SIGMAB_COUNTS tag=MONASH species=Sigma*_b- pdg=5114 slice=eta_ge_2 p=23 a=21 file=/data/alice/ipardoza/hadronization_production/HF_RUN3_V1/raw/MONASH/hf_MONASH_job882.root
SIGMAB_COUNTS tag=MONASH species=Lambda_b0 pdg=5122 slice=all p=326 a=294 file=/data/alice/ipardoza/hadronization_production/HF_RUN3_V1/raw/MONASH/hf_MONASH_job882.root
SIGMAB_COUNTS tag=MONASH species=Lambda_b0 pdg=5122 slice=eta_lt_1 p=65 a=55 file=/data/alice/ipardoza/hadronization_production/HF_RUN3_V1/raw/MONASH/hf_MONASH_job882.root
SIGMAB_COUNTS tag=MONASH species=Lambda_b0 pdg=5122 slice=eta_1_2 p=77 a=69 file=/data/alice/ipardoza/hadronization_production/HF_RUN3_V1/raw/MONASH/hf_MONASH_job882.root
SIGMAB_COUNTS tag=MONASH species=Lambda_b0 pdg=5122 slice=eta_ge_2 p=184 a=170 file=/data/alice/ipardoza/hadronization_production/HF_RUN3_V1/raw/MONASH/hf_MONASH_job882.root
SIGMAB_COUNTS tag=MONASH species=Xi_b0 pdg=5232 slice=all p=58 a=49 file=/data/alice/ipardoza/hadronization_production/HF_RUN3_V1/raw/MONASH/hf_MONASH_job882.root
SIGMAB_COUNTS tag=MONASH species=Xi_b0 pdg=5232 slice=eta_lt_1 p=8 a=11 file=/data/alice/ipardoza/hadronization_production/HF_RUN3_V1/raw/MONASH/hf_MONASH_job882.root
SIGMAB_COUNTS tag=MONASH species=Xi_b0 pdg=5232 slice=eta_1_2 p=16 a=16 file=/data/alice/ipardoza/hadronization_production/HF_RUN3_V1/raw/MONASH/hf_MONASH_job882.root
SIGMAB_COUNTS tag=MONASH species=Xi_b0 pdg=5232 slice=eta_ge_2 p=34 a=22 file=/data/alice/ipardoza/hadronization_production/HF_RUN3_V1/raw/MONASH/hf_MONASH_job882.root
SIGMAB_COUNTS tag=MONASH species=Xi_b- pdg=5132 slice=all p=53 a=49 file=/data/alice/ipardoza/hadronization_production/HF_RUN3_V1/raw/MONASH/hf_MONASH_job882.root
SIGMAB_COUNTS tag=MONASH species=Xi_b- pdg=5132 slice=eta_lt_1 p=7 a=9 file=/data/alice/ipardoza/hadronization_production/HF_RUN3_V1/raw/MONASH/hf_MONASH_job882.root
SIGMAB_COUNTS tag=MONASH species=Xi_b- pdg=5132 slice=eta_1_2 p=19 a=7 file=/data/alice/ipardoza/hadronization_production/HF_RUN3_V1/raw/MONASH/hf_MONASH_job882.root
SIGMAB_COUNTS tag=MONASH species=Xi_b- pdg=5132 slice=eta_ge_2 p=27 a=33 file=/data/alice/ipardoza/hadronization_production/HF_RUN3_V1/raw/MONASH/hf_MONASH_job882.root
SIGMAB_COUNTS tag=MONASH species=Sigma_b+ pdg=5222 slice=all p=40 a=18 file=/data/alice/ipardoza/hadronization_production/HF_RUN3_V1/raw/MONASH/hf_MONASH_job883.root
SIGMAB_COUNTS tag=MONASH species=Sigma_b+ pdg=5222 slice=eta_lt_1 p=3 a=4 file=/data/alice/ipardoza/hadronization_production/HF_RUN3_V1/raw/MONASH/hf_MONASH_job883.root
SIGMAB_COUNTS tag=MONASH species=Sigma_b+ pdg=5222 slice=eta_1_2 p=12 a=3 file=/data/alice/ipardoza/hadronization_production/HF_RUN3_V1/raw/MONASH/hf_MONASH_job883.root
SIGMAB_COUNTS tag=MONASH species=Sigma_b+ pdg=5222 slice=eta_ge_2 p=25 a=11 file=/data/alice/ipardoza/hadronization_production/HF_RUN3_V1/raw/MONASH/hf_MONASH_job883.root
SIGMAB_COUNTS tag=MONASH species=Sigma_b0 pdg=5212 slice=all p=33 a=28 file=/data/alice/ipardoza/hadronization_production/HF_RUN3_V1/raw/MONASH/hf_MONASH_job883.root
SIGMAB_COUNTS tag=MONASH species=Sigma_b0 pdg=5212 slice=eta_lt_1 p=6 a=4 file=/data/alice/ipardoza/hadronization_production/HF_RUN3_V1/raw/MONASH/hf_MONASH_job883.root
SIGMAB_COUNTS tag=MONASH species=Sigma_b0 pdg=5212 slice=eta_1_2 p=5 a=11 file=/data/alice/ipardoza/hadronization_production/HF_RUN3_V1/raw/MONASH/hf_MONASH_job883.root
SIGMAB_COUNTS tag=MONASH species=Sigma_b0 pdg=5212 slice=eta_ge_2 p=22 a=13 file=/data/alice/ipardoza/hadronization_production/HF_RUN3_V1/raw/MONASH/hf_MONASH_job883.root
SIGMAB_COUNTS tag=MONASH species=Sigma_b- pdg=5112 slice=all p=26 a=21 file=/data/alice/ipardoza/hadronization_production/HF_RUN3_V1/raw/MONASH/hf_MONASH_job883.root
SIGMAB_COUNTS tag=MONASH species=Sigma_b- pdg=5112 slice=eta_lt_1 p=3 a=5 file=/data/alice/ipardoza/hadronization_production/HF_RUN3_V1/raw/MONASH/hf_MONASH_job883.root
SIGMAB_COUNTS tag=MONASH species=Sigma_b- pdg=5112 slice=eta_1_2 p=6 a=3 file=/data/alice/ipardoza/hadronization_production/HF_RUN3_V1/raw/MONASH/hf_MONASH_job883.root
SIGMAB_COUNTS tag=MONASH species=Sigma_b- pdg=5112 slice=eta_ge_2 p=17 a=13 file=/data/alice/ipardoza/hadronization_production/HF_RUN3_V1/raw/MONASH/hf_MONASH_job883.root
SIGMAB_COUNTS tag=MONASH species=Sigma*_b+ pdg=5224 slice=all p=34 a=36 file=/data/alice/ipardoza/hadronization_production/HF_RUN3_V1/raw/MONASH/hf_MONASH_job883.root
SIGMAB_COUNTS tag=MONASH species=Sigma*_b+ pdg=5224 slice=eta_lt_1 p=7 a=6 file=/data/alice/ipardoza/hadronization_production/HF_RUN3_V1/raw/MONASH/hf_MONASH_job883.root
SIGMAB_COUNTS tag=MONASH species=Sigma*_b+ pdg=5224 slice=eta_1_2 p=4 a=7 file=/data/alice/ipardoza/hadronization_production/HF_RUN3_V1/raw/MONASH/hf_MONASH_job883.root
SIGMAB_COUNTS tag=MONASH species=Sigma*_b+ pdg=5224 slice=eta_ge_2 p=23 a=23 file=/data/alice/ipardoza/hadronization_production/HF_RUN3_V1/raw/MONASH/hf_MONASH_job883.root
SIGMAB_COUNTS tag=MONASH species=Sigma*_b0 pdg=5214 slice=all p=54 a=33 file=/data/alice/ipardoza/hadronization_production/HF_RUN3_V1/raw/MONASH/hf_MONASH_job883.root
SIGMAB_COUNTS tag=MONASH species=Sigma*_b0 pdg=5214 slice=eta_lt_1 p=8 a=5 file=/data/alice/ipardoza/hadronization_production/HF_RUN3_V1/raw/MONASH/hf_MONASH_job883.root
SIGMAB_COUNTS tag=MONASH species=Sigma*_b0 pdg=5214 slice=eta_1_2 p=12 a=9 file=/data/alice/ipardoza/hadronization_production/HF_RUN3_V1/raw/MONASH/hf_MONASH_job883.root
SIGMAB_COUNTS tag=MONASH species=Sigma*_b0 pdg=5214 slice=eta_ge_2 p=34 a=19 file=/data/alice/ipardoza/hadronization_production/HF_RUN3_V1/raw/MONASH/hf_MONASH_job883.root
SIGMAB_COUNTS tag=MONASH species=Sigma*_b- pdg=5114 slice=all p=44 a=46 file=/data/alice/ipardoza/hadronization_production/HF_RUN3_V1/raw/MONASH/hf_MONASH_job883.root
SIGMAB_COUNTS tag=MONASH species=Sigma*_b- pdg=5114 slice=eta_lt_1 p=8 a=10 file=/data/alice/ipardoza/hadronization_production/HF_RUN3_V1/raw/MONASH/hf_MONASH_job883.root
SIGMAB_COUNTS tag=MONASH species=Sigma*_b- pdg=5114 slice=eta_1_2 p=7 a=7 file=/data/alice/ipardoza/hadronization_production/HF_RUN3_V1/raw/MONASH/hf_MONASH_job883.root
SIGMAB_COUNTS tag=MONASH species=Sigma*_b- pdg=5114 slice=eta_ge_2 p=29 a=29 file=/data/alice/ipardoza/hadronization_production/HF_RUN3_V1/raw/MONASH/hf_MONASH_job883.root
SIGMAB_COUNTS tag=MONASH species=Lambda_b0 pdg=5122 slice=all p=330 a=316 file=/data/alice/ipardoza/hadronization_production/HF_RUN3_V1/raw/MONASH/hf_MONASH_job883.root
SIGMAB_COUNTS tag=MONASH species=Lambda_b0 pdg=5122 slice=eta_lt_1 p=50 a=69 file=/data/alice/ipardoza/hadronization_production/HF_RUN3_V1/raw/MONASH/hf_MONASH_job883.root
SIGMAB_COUNTS tag=MONASH species=Lambda_b0 pdg=5122 slice=eta_1_2 p=61 a=62 file=/data/alice/ipardoza/hadronization_production/HF_RUN3_V1/raw/MONASH/hf_MONASH_job883.root
SIGMAB_COUNTS tag=MONASH species=Lambda_b0 pdg=5122 slice=eta_ge_2 p=219 a=185 file=/data/alice/ipardoza/hadronization_production/HF_RUN3_V1/raw/MONASH/hf_MONASH_job883.root
SIGMAB_COUNTS tag=MONASH species=Xi_b0 pdg=5232 slice=all p=55 a=64 file=/data/alice/ipardoza/hadronization_production/HF_RUN3_V1/raw/MONASH/hf_MONASH_job883.root
SIGMAB_COUNTS tag=MONASH species=Xi_b0 pdg=5232 slice=eta_lt_1 p=10 a=8 file=/data/alice/ipardoza/hadronization_production/HF_RUN3_V1/raw/MONASH/hf_MONASH_job883.root
SIGMAB_COUNTS tag=MONASH species=Xi_b0 pdg=5232 slice=eta_1_2 p=13 a=15 file=/data/alice/ipardoza/hadronization_production/HF_RUN3_V1/raw/MONASH/hf_MONASH_job883.root
SIGMAB_COUNTS tag=MONASH species=Xi_b0 pdg=5232 slice=eta_ge_2 p=32 a=41 file=/data/alice/ipardoza/hadronization_production/HF_RUN3_V1/raw/MONASH/hf_MONASH_job883.root
SIGMAB_COUNTS tag=MONASH species=Xi_b- pdg=5132 slice=all p=59 a=52 file=/data/alice/ipardoza/hadronization_production/HF_RUN3_V1/raw/MONASH/hf_MONASH_job883.root
SIGMAB_COUNTS tag=MONASH species=Xi_b- pdg=5132 slice=eta_lt_1 p=9 a=5 file=/data/alice/ipardoza/hadronization_production/HF_RUN3_V1/raw/MONASH/hf_MONASH_job883.root
SIGMAB_COUNTS tag=MONASH species=Xi_b- pdg=5132 slice=eta_1_2 p=9 a=13 file=/data/alice/ipardoza/hadronization_production/HF_RUN3_V1/raw/MONASH/hf_MONASH_job883.root
SIGMAB_COUNTS tag=MONASH species=Xi_b- pdg=5132 slice=eta_ge_2 p=41 a=34 file=/data/alice/ipardoza/hadronization_production/HF_RUN3_V1/raw/MONASH/hf_MONASH_job883.root
SIGMAB_COUNTS tag=MONASH species=Sigma_b+ pdg=5222 slice=all p=31 a=23 file=/data/alice/ipardoza/hadronization_production/HF_RUN3_V1/raw/MONASH/hf_MONASH_job884.root
SIGMAB_COUNTS tag=MONASH species=Sigma_b+ pdg=5222 slice=eta_lt_1 p=9 a=5 file=/data/alice/ipardoza/hadronization_production/HF_RUN3_V1/raw/MONASH/hf_MONASH_job884.root
SIGMAB_COUNTS tag=MONASH species=Sigma_b+ pdg=5222 slice=eta_1_2 p=4 a=3 file=/data/alice/ipardoza/hadronization_production/HF_RUN3_V1/raw/MONASH/hf_MONASH_job884.root
SIGMAB_COUNTS tag=MONASH species=Sigma_b+ pdg=5222 slice=eta_ge_2 p=18 a=15 file=/data/alice/ipardoza/hadronization_production/HF_RUN3_V1/raw/MONASH/hf_MONASH_job884.root
SIGMAB_COUNTS tag=MONASH species=Sigma_b0 pdg=5212 slice=all p=41 a=17 file=/data/alice/ipardoza/hadronization_production/HF_RUN3_V1/raw/MONASH/hf_MONASH_job884.root
SIGMAB_COUNTS tag=MONASH species=Sigma_b0 pdg=5212 slice=eta_lt_1 p=8 a=4 file=/data/alice/ipardoza/hadronization_production/HF_RUN3_V1/raw/MONASH/hf_MONASH_job884.root
SIGMAB_COUNTS tag=MONASH species=Sigma_b0 pdg=5212 slice=eta_1_2 p=3 a=1 file=/data/alice/ipardoza/hadronization_production/HF_RUN3_V1/raw/MONASH/hf_MONASH_job884.root
SIGMAB_COUNTS tag=MONASH species=Sigma_b0 pdg=5212 slice=eta_ge_2 p=30 a=12 file=/data/alice/ipardoza/hadronization_production/HF_RUN3_V1/raw/MONASH/hf_MONASH_job884.root
SIGMAB_COUNTS tag=MONASH species=Sigma_b- pdg=5112 slice=all p=26 a=25 file=/data/alice/ipardoza/hadronization_production/HF_RUN3_V1/raw/MONASH/hf_MONASH_job884.root
SIGMAB_COUNTS tag=MONASH species=Sigma_b- pdg=5112 slice=eta_lt_1 p=8 a=3 file=/data/alice/ipardoza/hadronization_production/HF_RUN3_V1/raw/MONASH/hf_MONASH_job884.root
SIGMAB_COUNTS tag=MONASH species=Sigma_b- pdg=5112 slice=eta_1_2 p=4 a=4 file=/data/alice/ipardoza/hadronization_production/HF_RUN3_V1/raw/MONASH/hf_MONASH_job884.root
SIGMAB_COUNTS tag=MONASH species=Sigma_b- pdg=5112 slice=eta_ge_2 p=14 a=18 file=/data/alice/ipardoza/hadronization_production/HF_RUN3_V1/raw/MONASH/hf_MONASH_job884.root
SIGMAB_COUNTS tag=MONASH species=Sigma*_b+ pdg=5224 slice=all p=53 a=50 file=/data/alice/ipardoza/hadronization_production/HF_RUN3_V1/raw/MONASH/hf_MONASH_job884.root
SIGMAB_COUNTS tag=MONASH species=Sigma*_b+ pdg=5224 slice=eta_lt_1 p=8 a=8 file=/data/alice/ipardoza/hadronization_production/HF_RUN3_V1/raw/MONASH/hf_MONASH_job884.root
SIGMAB_COUNTS tag=MONASH species=Sigma*_b+ pdg=5224 slice=eta_1_2 p=14 a=13 file=/data/alice/ipardoza/hadronization_production/HF_RUN3_V1/raw/MONASH/hf_MONASH_job884.root
SIGMAB_COUNTS tag=MONASH species=Sigma*_b+ pdg=5224 slice=eta_ge_2 p=31 a=29 file=/data/alice/ipardoza/hadronization_production/HF_RUN3_V1/raw/MONASH/hf_MONASH_job884.root
SIGMAB_COUNTS tag=MONASH species=Sigma*_b0 pdg=5214 slice=all p=40 a=48 file=/data/alice/ipardoza/hadronization_production/HF_RUN3_V1/raw/MONASH/hf_MONASH_job884.root
SIGMAB_COUNTS tag=MONASH species=Sigma*_b0 pdg=5214 slice=eta_lt_1 p=7 a=7 file=/data/alice/ipardoza/hadronization_production/HF_RUN3_V1/raw/MONASH/hf_MONASH_job884.root
SIGMAB_COUNTS tag=MONASH species=Sigma*_b0 pdg=5214 slice=eta_1_2 p=7 a=9 file=/data/alice/ipardoza/hadronization_production/HF_RUN3_V1/raw/MONASH/hf_MONASH_job884.root
SIGMAB_COUNTS tag=MONASH species=Sigma*_b0 pdg=5214 slice=eta_ge_2 p=26 a=32 file=/data/alice/ipardoza/hadronization_production/HF_RUN3_V1/raw/MONASH/hf_MONASH_job884.root
SIGMAB_COUNTS tag=MONASH species=Sigma*_b- pdg=5114 slice=all p=52 a=38 file=/data/alice/ipardoza/hadronization_production/HF_RUN3_V1/raw/MONASH/hf_MONASH_job884.root
SIGMAB_COUNTS tag=MONASH species=Sigma*_b- pdg=5114 slice=eta_lt_1 p=6 a=6 file=/data/alice/ipardoza/hadronization_production/HF_RUN3_V1/raw/MONASH/hf_MONASH_job884.root
SIGMAB_COUNTS tag=MONASH species=Sigma*_b- pdg=5114 slice=eta_1_2 p=15 a=12 file=/data/alice/ipardoza/hadronization_production/HF_RUN3_V1/raw/MONASH/hf_MONASH_job884.root
SIGMAB_COUNTS tag=MONASH species=Sigma*_b- pdg=5114 slice=eta_ge_2 p=31 a=20 file=/data/alice/ipardoza/hadronization_production/HF_RUN3_V1/raw/MONASH/hf_MONASH_job884.root
SIGMAB_COUNTS tag=MONASH species=Lambda_b0 pdg=5122 slice=all p=300 a=277 file=/data/alice/ipardoza/hadronization_production/HF_RUN3_V1/raw/MONASH/hf_MONASH_job884.root
SIGMAB_COUNTS tag=MONASH species=Lambda_b0 pdg=5122 slice=eta_lt_1 p=60 a=67 file=/data/alice/ipardoza/hadronization_production/HF_RUN3_V1/raw/MONASH/hf_MONASH_job884.root
SIGMAB_COUNTS tag=MONASH species=Lambda_b0 pdg=5122 slice=eta_1_2 p=65 a=57 file=/data/alice/ipardoza/hadronization_production/HF_RUN3_V1/raw/MONASH/hf_MONASH_job884.root
SIGMAB_COUNTS tag=MONASH species=Lambda_b0 pdg=5122 slice=eta_ge_2 p=175 a=153 file=/data/alice/ipardoza/hadronization_production/HF_RUN3_V1/raw/MONASH/hf_MONASH_job884.root
SIGMAB_COUNTS tag=MONASH species=Xi_b0 pdg=5232 slice=all p=63 a=50 file=/data/alice/ipardoza/hadronization_production/HF_RUN3_V1/raw/MONASH/hf_MONASH_job884.root
SIGMAB_COUNTS tag=MONASH species=Xi_b0 pdg=5232 slice=eta_lt_1 p=14 a=10 file=/data/alice/ipardoza/hadronization_production/HF_RUN3_V1/raw/MONASH/hf_MONASH_job884.root
SIGMAB_COUNTS tag=MONASH species=Xi_b0 pdg=5232 slice=eta_1_2 p=15 a=13 file=/data/alice/ipardoza/hadronization_production/HF_RUN3_V1/raw/MONASH/hf_MONASH_job884.root
SIGMAB_COUNTS tag=MONASH species=Xi_b0 pdg=5232 slice=eta_ge_2 p=34 a=27 file=/data/alice/ipardoza/hadronization_production/HF_RUN3_V1/raw/MONASH/hf_MONASH_job884.root
SIGMAB_COUNTS tag=MONASH species=Xi_b- pdg=5132 slice=all p=60 a=52 file=/data/alice/ipardoza/hadronization_production/HF_RUN3_V1/raw/MONASH/hf_MONASH_job884.root
SIGMAB_COUNTS tag=MONASH species=Xi_b- pdg=5132 slice=eta_lt_1 p=14 a=12 file=/data/alice/ipardoza/hadronization_production/HF_RUN3_V1/raw/MONASH/hf_MONASH_job884.root
SIGMAB_COUNTS tag=MONASH species=Xi_b- pdg=5132 slice=eta_1_2 p=13 a=8 file=/data/alice/ipardoza/hadronization_production/HF_RUN3_V1/raw/MONASH/hf_MONASH_job884.root
SIGMAB_COUNTS tag=MONASH species=Xi_b- pdg=5132 slice=eta_ge_2 p=33 a=32 file=/data/alice/ipardoza/hadronization_production/HF_RUN3_V1/raw/MONASH/hf_MONASH_job884.root
SIGMAB_COUNTS tag=MONASH species=Sigma_b+ pdg=5222 slice=all p=38 a=18 file=/data/alice/ipardoza/hadronization_production/HF_RUN3_V1/raw/MONASH/hf_MONASH_job885.root
SIGMAB_COUNTS tag=MONASH species=Sigma_b+ pdg=5222 slice=eta_lt_1 p=9 a=4 file=/data/alice/ipardoza/hadronization_production/HF_RUN3_V1/raw/MONASH/hf_MONASH_job885.root
SIGMAB_COUNTS tag=MONASH species=Sigma_b+ pdg=5222 slice=eta_1_2 p=4 a=3 file=/data/alice/ipardoza/hadronization_production/HF_RUN3_V1/raw/MONASH/hf_MONASH_job885.root
SIGMAB_COUNTS tag=MONASH species=Sigma_b+ pdg=5222 slice=eta_ge_2 p=25 a=11 file=/data/alice/ipardoza/hadronization_production/HF_RUN3_V1/raw/MONASH/hf_MONASH_job885.root
SIGMAB_COUNTS tag=MONASH species=Sigma_b0 pdg=5212 slice=all p=38 a=17 file=/data/alice/ipardoza/hadronization_production/HF_RUN3_V1/raw/MONASH/hf_MONASH_job885.root
SIGMAB_COUNTS tag=MONASH species=Sigma_b0 pdg=5212 slice=eta_lt_1 p=3 a=2 file=/data/alice/ipardoza/hadronization_production/HF_RUN3_V1/raw/MONASH/hf_MONASH_job885.root
SIGMAB_COUNTS tag=MONASH species=Sigma_b0 pdg=5212 slice=eta_1_2 p=6 a=5 file=/data/alice/ipardoza/hadronization_production/HF_RUN3_V1/raw/MONASH/hf_MONASH_job885.root
SIGMAB_COUNTS tag=MONASH species=Sigma_b0 pdg=5212 slice=eta_ge_2 p=29 a=10 file=/data/alice/ipardoza/hadronization_production/HF_RUN3_V1/raw/MONASH/hf_MONASH_job885.root
SIGMAB_COUNTS tag=MONASH species=Sigma_b- pdg=5112 slice=all p=23 a=21 file=/data/alice/ipardoza/hadronization_production/HF_RUN3_V1/raw/MONASH/hf_MONASH_job885.root
SIGMAB_COUNTS tag=MONASH species=Sigma_b- pdg=5112 slice=eta_lt_1 p=3 a=5 file=/data/alice/ipardoza/hadronization_production/HF_RUN3_V1/raw/MONASH/hf_MONASH_job885.root
SIGMAB_COUNTS tag=MONASH species=Sigma_b- pdg=5112 slice=eta_1_2 p=5 a=6 file=/data/alice/ipardoza/hadronization_production/HF_RUN3_V1/raw/MONASH/hf_MONASH_job885.root
SIGMAB_COUNTS tag=MONASH species=Sigma_b- pdg=5112 slice=eta_ge_2 p=15 a=10 file=/data/alice/ipardoza/hadronization_production/HF_RUN3_V1/raw/MONASH/hf_MONASH_job885.root
SIGMAB_COUNTS tag=MONASH species=Sigma*_b+ pdg=5224 slice=all p=44 a=30 file=/data/alice/ipardoza/hadronization_production/HF_RUN3_V1/raw/MONASH/hf_MONASH_job885.root
SIGMAB_COUNTS tag=MONASH species=Sigma*_b+ pdg=5224 slice=eta_lt_1 p=5 a=4 file=/data/alice/ipardoza/hadronization_production/HF_RUN3_V1/raw/MONASH/hf_MONASH_job885.root
SIGMAB_COUNTS tag=MONASH species=Sigma*_b+ pdg=5224 slice=eta_1_2 p=10 a=6 file=/data/alice/ipardoza/hadronization_production/HF_RUN3_V1/raw/MONASH/hf_MONASH_job885.root
SIGMAB_COUNTS tag=MONASH species=Sigma*_b+ pdg=5224 slice=eta_ge_2 p=29 a=20 file=/data/alice/ipardoza/hadronization_production/HF_RUN3_V1/raw/MONASH/hf_MONASH_job885.root
SIGMAB_COUNTS tag=MONASH species=Sigma*_b0 pdg=5214 slice=all p=34 a=35 file=/data/alice/ipardoza/hadronization_production/HF_RUN3_V1/raw/MONASH/hf_MONASH_job885.root
SIGMAB_COUNTS tag=MONASH species=Sigma*_b0 pdg=5214 slice=eta_lt_1 p=6 a=6 file=/data/alice/ipardoza/hadronization_production/HF_RUN3_V1/raw/MONASH/hf_MONASH_job885.root
SIGMAB_COUNTS tag=MONASH species=Sigma*_b0 pdg=5214 slice=eta_1_2 p=5 a=8 file=/data/alice/ipardoza/hadronization_production/HF_RUN3_V1/raw/MONASH/hf_MONASH_job885.root
SIGMAB_COUNTS tag=MONASH species=Sigma*_b0 pdg=5214 slice=eta_ge_2 p=23 a=21 file=/data/alice/ipardoza/hadronization_production/HF_RUN3_V1/raw/MONASH/hf_MONASH_job885.root
SIGMAB_COUNTS tag=MONASH species=Sigma*_b- pdg=5114 slice=all p=50 a=47 file=/data/alice/ipardoza/hadronization_production/HF_RUN3_V1/raw/MONASH/hf_MONASH_job885.root
SIGMAB_COUNTS tag=MONASH species=Sigma*_b- pdg=5114 slice=eta_lt_1 p=9 a=4 file=/data/alice/ipardoza/hadronization_production/HF_RUN3_V1/raw/MONASH/hf_MONASH_job885.root
SIGMAB_COUNTS tag=MONASH species=Sigma*_b- pdg=5114 slice=eta_1_2 p=11 a=9 file=/data/alice/ipardoza/hadronization_production/HF_RUN3_V1/raw/MONASH/hf_MONASH_job885.root
SIGMAB_COUNTS tag=MONASH species=Sigma*_b- pdg=5114 slice=eta_ge_2 p=30 a=34 file=/data/alice/ipardoza/hadronization_production/HF_RUN3_V1/raw/MONASH/hf_MONASH_job885.root
SIGMAB_COUNTS tag=MONASH species=Lambda_b0 pdg=5122 slice=all p=324 a=291 file=/data/alice/ipardoza/hadronization_production/HF_RUN3_V1/raw/MONASH/hf_MONASH_job885.root
SIGMAB_COUNTS tag=MONASH species=Lambda_b0 pdg=5122 slice=eta_lt_1 p=49 a=51 file=/data/alice/ipardoza/hadronization_production/HF_RUN3_V1/raw/MONASH/hf_MONASH_job885.root
SIGMAB_COUNTS tag=MONASH species=Lambda_b0 pdg=5122 slice=eta_1_2 p=89 a=71 file=/data/alice/ipardoza/hadronization_production/HF_RUN3_V1/raw/MONASH/hf_MONASH_job885.root
SIGMAB_COUNTS tag=MONASH species=Lambda_b0 pdg=5122 slice=eta_ge_2 p=186 a=169 file=/data/alice/ipardoza/hadronization_production/HF_RUN3_V1/raw/MONASH/hf_MONASH_job885.root
SIGMAB_COUNTS tag=MONASH species=Xi_b0 pdg=5232 slice=all p=67 a=55 file=/data/alice/ipardoza/hadronization_production/HF_RUN3_V1/raw/MONASH/hf_MONASH_job885.root
SIGMAB_COUNTS tag=MONASH species=Xi_b0 pdg=5232 slice=eta_lt_1 p=17 a=6 file=/data/alice/ipardoza/hadronization_production/HF_RUN3_V1/raw/MONASH/hf_MONASH_job885.root
SIGMAB_COUNTS tag=MONASH species=Xi_b0 pdg=5232 slice=eta_1_2 p=13 a=9 file=/data/alice/ipardoza/hadronization_production/HF_RUN3_V1/raw/MONASH/hf_MONASH_job885.root
SIGMAB_COUNTS tag=MONASH species=Xi_b0 pdg=5232 slice=eta_ge_2 p=37 a=40 file=/data/alice/ipardoza/hadronization_production/HF_RUN3_V1/raw/MONASH/hf_MONASH_job885.root
SIGMAB_COUNTS tag=MONASH species=Xi_b- pdg=5132 slice=all p=58 a=55 file=/data/alice/ipardoza/hadronization_production/HF_RUN3_V1/raw/MONASH/hf_MONASH_job885.root
SIGMAB_COUNTS tag=MONASH species=Xi_b- pdg=5132 slice=eta_lt_1 p=14 a=10 file=/data/alice/ipardoza/hadronization_production/HF_RUN3_V1/raw/MONASH/hf_MONASH_job885.root
SIGMAB_COUNTS tag=MONASH species=Xi_b- pdg=5132 slice=eta_1_2 p=10 a=9 file=/data/alice/ipardoza/hadronization_production/HF_RUN3_V1/raw/MONASH/hf_MONASH_job885.root
SIGMAB_COUNTS tag=MONASH species=Xi_b- pdg=5132 slice=eta_ge_2 p=34 a=36 file=/data/alice/ipardoza/hadronization_production/HF_RUN3_V1/raw/MONASH/hf_MONASH_job885.root
SIGMAB_COUNTS tag=MONASH species=Sigma_b+ pdg=5222 slice=all p=36 a=21 file=/data/alice/ipardoza/hadronization_production/HF_RUN3_V1/raw/MONASH/hf_MONASH_job886.root
SIGMAB_COUNTS tag=MONASH species=Sigma_b+ pdg=5222 slice=eta_lt_1 p=9 a=2 file=/data/alice/ipardoza/hadronization_production/HF_RUN3_V1/raw/MONASH/hf_MONASH_job886.root
SIGMAB_COUNTS tag=MONASH species=Sigma_b+ pdg=5222 slice=eta_1_2 p=5 a=6 file=/data/alice/ipardoza/hadronization_production/HF_RUN3_V1/raw/MONASH/hf_MONASH_job886.root
SIGMAB_COUNTS tag=MONASH species=Sigma_b+ pdg=5222 slice=eta_ge_2 p=22 a=13 file=/data/alice/ipardoza/hadronization_production/HF_RUN3_V1/raw/MONASH/hf_MONASH_job886.root
SIGMAB_COUNTS tag=MONASH species=Sigma_b0 pdg=5212 slice=all p=48 a=13 file=/data/alice/ipardoza/hadronization_production/HF_RUN3_V1/raw/MONASH/hf_MONASH_job886.root
SIGMAB_COUNTS tag=MONASH species=Sigma_b0 pdg=5212 slice=eta_lt_1 p=11 a=0 file=/data/alice/ipardoza/hadronization_production/HF_RUN3_V1/raw/MONASH/hf_MONASH_job886.root
SIGMAB_COUNTS tag=MONASH species=Sigma_b0 pdg=5212 slice=eta_1_2 p=7 a=6 file=/data/alice/ipardoza/hadronization_production/HF_RUN3_V1/raw/MONASH/hf_MONASH_job886.root
SIGMAB_COUNTS tag=MONASH species=Sigma_b0 pdg=5212 slice=eta_ge_2 p=30 a=7 file=/data/alice/ipardoza/hadronization_production/HF_RUN3_V1/raw/MONASH/hf_MONASH_job886.root
SIGMAB_COUNTS tag=MONASH species=Sigma_b- pdg=5112 slice=all p=29 a=22 file=/data/alice/ipardoza/hadronization_production/HF_RUN3_V1/raw/MONASH/hf_MONASH_job886.root
SIGMAB_COUNTS tag=MONASH species=Sigma_b- pdg=5112 slice=eta_lt_1 p=4 a=5 file=/data/alice/ipardoza/hadronization_production/HF_RUN3_V1/raw/MONASH/hf_MONASH_job886.root
SIGMAB_COUNTS tag=MONASH species=Sigma_b- pdg=5112 slice=eta_1_2 p=7 a=4 file=/data/alice/ipardoza/hadronization_production/HF_RUN3_V1/raw/MONASH/hf_MONASH_job886.root
SIGMAB_COUNTS tag=MONASH species=Sigma_b- pdg=5112 slice=eta_ge_2 p=18 a=13 file=/data/alice/ipardoza/hadronization_production/HF_RUN3_V1/raw/MONASH/hf_MONASH_job886.root
SIGMAB_COUNTS tag=MONASH species=Sigma*_b+ pdg=5224 slice=all p=57 a=52 file=/data/alice/ipardoza/hadronization_production/HF_RUN3_V1/raw/MONASH/hf_MONASH_job886.root
SIGMAB_COUNTS tag=MONASH species=Sigma*_b+ pdg=5224 slice=eta_lt_1 p=6 a=10 file=/data/alice/ipardoza/hadronization_production/HF_RUN3_V1/raw/MONASH/hf_MONASH_job886.root
SIGMAB_COUNTS tag=MONASH species=Sigma*_b+ pdg=5224 slice=eta_1_2 p=13 a=11 file=/data/alice/ipardoza/hadronization_production/HF_RUN3_V1/raw/MONASH/hf_MONASH_job886.root
SIGMAB_COUNTS tag=MONASH species=Sigma*_b+ pdg=5224 slice=eta_ge_2 p=38 a=31 file=/data/alice/ipardoza/hadronization_production/HF_RUN3_V1/raw/MONASH/hf_MONASH_job886.root
SIGMAB_COUNTS tag=MONASH species=Sigma*_b0 pdg=5214 slice=all p=49 a=39 file=/data/alice/ipardoza/hadronization_production/HF_RUN3_V1/raw/MONASH/hf_MONASH_job886.root
SIGMAB_COUNTS tag=MONASH species=Sigma*_b0 pdg=5214 slice=eta_lt_1 p=7 a=4 file=/data/alice/ipardoza/hadronization_production/HF_RUN3_V1/raw/MONASH/hf_MONASH_job886.root
SIGMAB_COUNTS tag=MONASH species=Sigma*_b0 pdg=5214 slice=eta_1_2 p=10 a=9 file=/data/alice/ipardoza/hadronization_production/HF_RUN3_V1/raw/MONASH/hf_MONASH_job886.root
SIGMAB_COUNTS tag=MONASH species=Sigma*_b0 pdg=5214 slice=eta_ge_2 p=32 a=26 file=/data/alice/ipardoza/hadronization_production/HF_RUN3_V1/raw/MONASH/hf_MONASH_job886.root
SIGMAB_COUNTS tag=MONASH species=Sigma*_b- pdg=5114 slice=all p=39 a=40 file=/data/alice/ipardoza/hadronization_production/HF_RUN3_V1/raw/MONASH/hf_MONASH_job886.root
SIGMAB_COUNTS tag=MONASH species=Sigma*_b- pdg=5114 slice=eta_lt_1 p=8 a=7 file=/data/alice/ipardoza/hadronization_production/HF_RUN3_V1/raw/MONASH/hf_MONASH_job886.root
SIGMAB_COUNTS tag=MONASH species=Sigma*_b- pdg=5114 slice=eta_1_2 p=9 a=8 file=/data/alice/ipardoza/hadronization_production/HF_RUN3_V1/raw/MONASH/hf_MONASH_job886.root
SIGMAB_COUNTS tag=MONASH species=Sigma*_b- pdg=5114 slice=eta_ge_2 p=22 a=25 file=/data/alice/ipardoza/hadronization_production/HF_RUN3_V1/raw/MONASH/hf_MONASH_job886.root
SIGMAB_COUNTS tag=MONASH species=Lambda_b0 pdg=5122 slice=all p=308 a=295 file=/data/alice/ipardoza/hadronization_production/HF_RUN3_V1/raw/MONASH/hf_MONASH_job886.root
SIGMAB_COUNTS tag=MONASH species=Lambda_b0 pdg=5122 slice=eta_lt_1 p=65 a=56 file=/data/alice/ipardoza/hadronization_production/HF_RUN3_V1/raw/MONASH/hf_MONASH_job886.root
SIGMAB_COUNTS tag=MONASH species=Lambda_b0 pdg=5122 slice=eta_1_2 p=67 a=50 file=/data/alice/ipardoza/hadronization_production/HF_RUN3_V1/raw/MONASH/hf_MONASH_job886.root
SIGMAB_COUNTS tag=MONASH species=Lambda_b0 pdg=5122 slice=eta_ge_2 p=176 a=189 file=/data/alice/ipardoza/hadronization_production/HF_RUN3_V1/raw/MONASH/hf_MONASH_job886.root
SIGMAB_COUNTS tag=MONASH species=Xi_b0 pdg=5232 slice=all p=46 a=46 file=/data/alice/ipardoza/hadronization_production/HF_RUN3_V1/raw/MONASH/hf_MONASH_job886.root
SIGMAB_COUNTS tag=MONASH species=Xi_b0 pdg=5232 slice=eta_lt_1 p=8 a=6 file=/data/alice/ipardoza/hadronization_production/HF_RUN3_V1/raw/MONASH/hf_MONASH_job886.root
SIGMAB_COUNTS tag=MONASH species=Xi_b0 pdg=5232 slice=eta_1_2 p=8 a=9 file=/data/alice/ipardoza/hadronization_production/HF_RUN3_V1/raw/MONASH/hf_MONASH_job886.root
SIGMAB_COUNTS tag=MONASH species=Xi_b0 pdg=5232 slice=eta_ge_2 p=30 a=31 file=/data/alice/ipardoza/hadronization_production/HF_RUN3_V1/raw/MONASH/hf_MONASH_job886.root
SIGMAB_COUNTS tag=MONASH species=Xi_b- pdg=5132 slice=all p=62 a=59 file=/data/alice/ipardoza/hadronization_production/HF_RUN3_V1/raw/MONASH/hf_MONASH_job886.root
SIGMAB_COUNTS tag=MONASH species=Xi_b- pdg=5132 slice=eta_lt_1 p=12 a=10 file=/data/alice/ipardoza/hadronization_production/HF_RUN3_V1/raw/MONASH/hf_MONASH_job886.root
SIGMAB_COUNTS tag=MONASH species=Xi_b- pdg=5132 slice=eta_1_2 p=11 a=13 file=/data/alice/ipardoza/hadronization_production/HF_RUN3_V1/raw/MONASH/hf_MONASH_job886.root
SIGMAB_COUNTS tag=MONASH species=Xi_b- pdg=5132 slice=eta_ge_2 p=39 a=36 file=/data/alice/ipardoza/hadronization_production/HF_RUN3_V1/raw/MONASH/hf_MONASH_job886.root
SIGMAB_COUNTS tag=MONASH species=Sigma_b+ pdg=5222 slice=all p=41 a=17 file=/data/alice/ipardoza/hadronization_production/HF_RUN3_V1/raw/MONASH/hf_MONASH_job887.root
SIGMAB_COUNTS tag=MONASH species=Sigma_b+ pdg=5222 slice=eta_lt_1 p=6 a=4 file=/data/alice/ipardoza/hadronization_production/HF_RUN3_V1/raw/MONASH/hf_MONASH_job887.root
SIGMAB_COUNTS tag=MONASH species=Sigma_b+ pdg=5222 slice=eta_1_2 p=6 a=2 file=/data/alice/ipardoza/hadronization_production/HF_RUN3_V1/raw/MONASH/hf_MONASH_job887.root
SIGMAB_COUNTS tag=MONASH species=Sigma_b+ pdg=5222 slice=eta_ge_2 p=29 a=11 file=/data/alice/ipardoza/hadronization_production/HF_RUN3_V1/raw/MONASH/hf_MONASH_job887.root
SIGMAB_COUNTS tag=MONASH species=Sigma_b0 pdg=5212 slice=all p=36 a=14 file=/data/alice/ipardoza/hadronization_production/HF_RUN3_V1/raw/MONASH/hf_MONASH_job887.root
SIGMAB_COUNTS tag=MONASH species=Sigma_b0 pdg=5212 slice=eta_lt_1 p=10 a=2 file=/data/alice/ipardoza/hadronization_production/HF_RUN3_V1/raw/MONASH/hf_MONASH_job887.root
SIGMAB_COUNTS tag=MONASH species=Sigma_b0 pdg=5212 slice=eta_1_2 p=3 a=2 file=/data/alice/ipardoza/hadronization_production/HF_RUN3_V1/raw/MONASH/hf_MONASH_job887.root
SIGMAB_COUNTS tag=MONASH species=Sigma_b0 pdg=5212 slice=eta_ge_2 p=23 a=10 file=/data/alice/ipardoza/hadronization_production/HF_RUN3_V1/raw/MONASH/hf_MONASH_job887.root
SIGMAB_COUNTS tag=MONASH species=Sigma_b- pdg=5112 slice=all p=31 a=15 file=/data/alice/ipardoza/hadronization_production/HF_RUN3_V1/raw/MONASH/hf_MONASH_job887.root
SIGMAB_COUNTS tag=MONASH species=Sigma_b- pdg=5112 slice=eta_lt_1 p=6 a=3 file=/data/alice/ipardoza/hadronization_production/HF_RUN3_V1/raw/MONASH/hf_MONASH_job887.root
SIGMAB_COUNTS tag=MONASH species=Sigma_b- pdg=5112 slice=eta_1_2 p=2 a=3 file=/data/alice/ipardoza/hadronization_production/HF_RUN3_V1/raw/MONASH/hf_MONASH_job887.root
SIGMAB_COUNTS tag=MONASH species=Sigma_b- pdg=5112 slice=eta_ge_2 p=23 a=9 file=/data/alice/ipardoza/hadronization_production/HF_RUN3_V1/raw/MONASH/hf_MONASH_job887.root
SIGMAB_COUNTS tag=MONASH species=Sigma*_b+ pdg=5224 slice=all p=48 a=44 file=/data/alice/ipardoza/hadronization_production/HF_RUN3_V1/raw/MONASH/hf_MONASH_job887.root
SIGMAB_COUNTS tag=MONASH species=Sigma*_b+ pdg=5224 slice=eta_lt_1 p=11 a=14 file=/data/alice/ipardoza/hadronization_production/HF_RUN3_V1/raw/MONASH/hf_MONASH_job887.root
SIGMAB_COUNTS tag=MONASH species=Sigma*_b+ pdg=5224 slice=eta_1_2 p=10 a=13 file=/data/alice/ipardoza/hadronization_production/HF_RUN3_V1/raw/MONASH/hf_MONASH_job887.root
SIGMAB_COUNTS tag=MONASH species=Sigma*_b+ pdg=5224 slice=eta_ge_2 p=27 a=17 file=/data/alice/ipardoza/hadronization_production/HF_RUN3_V1/raw/MONASH/hf_MONASH_job887.root
SIGMAB_COUNTS tag=MONASH species=Sigma*_b0 pdg=5214 slice=all p=49 a=38 file=/data/alice/ipardoza/hadronization_production/HF_RUN3_V1/raw/MONASH/hf_MONASH_job887.root
SIGMAB_COUNTS tag=MONASH species=Sigma*_b0 pdg=5214 slice=eta_lt_1 p=7 a=7 file=/data/alice/ipardoza/hadronization_production/HF_RUN3_V1/raw/MONASH/hf_MONASH_job887.root
SIGMAB_COUNTS tag=MONASH species=Sigma*_b0 pdg=5214 slice=eta_1_2 p=10 a=10 file=/data/alice/ipardoza/hadronization_production/HF_RUN3_V1/raw/MONASH/hf_MONASH_job887.root
SIGMAB_COUNTS tag=MONASH species=Sigma*_b0 pdg=5214 slice=eta_ge_2 p=32 a=21 file=/data/alice/ipardoza/hadronization_production/HF_RUN3_V1/raw/MONASH/hf_MONASH_job887.root
SIGMAB_COUNTS tag=MONASH species=Sigma*_b- pdg=5114 slice=all p=45 a=46 file=/data/alice/ipardoza/hadronization_production/HF_RUN3_V1/raw/MONASH/hf_MONASH_job887.root
SIGMAB_COUNTS tag=MONASH species=Sigma*_b- pdg=5114 slice=eta_lt_1 p=10 a=13 file=/data/alice/ipardoza/hadronization_production/HF_RUN3_V1/raw/MONASH/hf_MONASH_job887.root
SIGMAB_COUNTS tag=MONASH species=Sigma*_b- pdg=5114 slice=eta_1_2 p=7 a=7 file=/data/alice/ipardoza/hadronization_production/HF_RUN3_V1/raw/MONASH/hf_MONASH_job887.root
SIGMAB_COUNTS tag=MONASH species=Sigma*_b- pdg=5114 slice=eta_ge_2 p=28 a=26 file=/data/alice/ipardoza/hadronization_production/HF_RUN3_V1/raw/MONASH/hf_MONASH_job887.root
SIGMAB_COUNTS tag=MONASH species=Lambda_b0 pdg=5122 slice=all p=350 a=285 file=/data/alice/ipardoza/hadronization_production/HF_RUN3_V1/raw/MONASH/hf_MONASH_job887.root
SIGMAB_COUNTS tag=MONASH species=Lambda_b0 pdg=5122 slice=eta_lt_1 p=68 a=46 file=/data/alice/ipardoza/hadronization_production/HF_RUN3_V1/raw/MONASH/hf_MONASH_job887.root
SIGMAB_COUNTS tag=MONASH species=Lambda_b0 pdg=5122 slice=eta_1_2 p=76 a=62 file=/data/alice/ipardoza/hadronization_production/HF_RUN3_V1/raw/MONASH/hf_MONASH_job887.root
SIGMAB_COUNTS tag=MONASH species=Lambda_b0 pdg=5122 slice=eta_ge_2 p=206 a=177 file=/data/alice/ipardoza/hadronization_production/HF_RUN3_V1/raw/MONASH/hf_MONASH_job887.root
SIGMAB_COUNTS tag=MONASH species=Xi_b0 pdg=5232 slice=all p=48 a=52 file=/data/alice/ipardoza/hadronization_production/HF_RUN3_V1/raw/MONASH/hf_MONASH_job887.root
SIGMAB_COUNTS tag=MONASH species=Xi_b0 pdg=5232 slice=eta_lt_1 p=8 a=8 file=/data/alice/ipardoza/hadronization_production/HF_RUN3_V1/raw/MONASH/hf_MONASH_job887.root
SIGMAB_COUNTS tag=MONASH species=Xi_b0 pdg=5232 slice=eta_1_2 p=9 a=11 file=/data/alice/ipardoza/hadronization_production/HF_RUN3_V1/raw/MONASH/hf_MONASH_job887.root
SIGMAB_COUNTS tag=MONASH species=Xi_b0 pdg=5232 slice=eta_ge_2 p=31 a=33 file=/data/alice/ipardoza/hadronization_production/HF_RUN3_V1/raw/MONASH/hf_MONASH_job887.root
SIGMAB_COUNTS tag=MONASH species=Xi_b- pdg=5132 slice=all p=52 a=50 file=/data/alice/ipardoza/hadronization_production/HF_RUN3_V1/raw/MONASH/hf_MONASH_job887.root
SIGMAB_COUNTS tag=MONASH species=Xi_b- pdg=5132 slice=eta_lt_1 p=8 a=5 file=/data/alice/ipardoza/hadronization_production/HF_RUN3_V1/raw/MONASH/hf_MONASH_job887.root
SIGMAB_COUNTS tag=MONASH species=Xi_b- pdg=5132 slice=eta_1_2 p=12 a=8 file=/data/alice/ipardoza/hadronization_production/HF_RUN3_V1/raw/MONASH/hf_MONASH_job887.root
SIGMAB_COUNTS tag=MONASH species=Xi_b- pdg=5132 slice=eta_ge_2 p=32 a=37 file=/data/alice/ipardoza/hadronization_production/HF_RUN3_V1/raw/MONASH/hf_MONASH_job887.root
SIGMAB_COUNTS tag=MONASH species=Sigma_b+ pdg=5222 slice=all p=29 a=27 file=/data/alice/ipardoza/hadronization_production/HF_RUN3_V1/raw/MONASH/hf_MONASH_job888.root
SIGMAB_COUNTS tag=MONASH species=Sigma_b+ pdg=5222 slice=eta_lt_1 p=3 a=5 file=/data/alice/ipardoza/hadronization_production/HF_RUN3_V1/raw/MONASH/hf_MONASH_job888.root
SIGMAB_COUNTS tag=MONASH species=Sigma_b+ pdg=5222 slice=eta_1_2 p=6 a=5 file=/data/alice/ipardoza/hadronization_production/HF_RUN3_V1/raw/MONASH/hf_MONASH_job888.root
SIGMAB_COUNTS tag=MONASH species=Sigma_b+ pdg=5222 slice=eta_ge_2 p=20 a=17 file=/data/alice/ipardoza/hadronization_production/HF_RUN3_V1/raw/MONASH/hf_MONASH_job888.root
SIGMAB_COUNTS tag=MONASH species=Sigma_b0 pdg=5212 slice=all p=26 a=23 file=/data/alice/ipardoza/hadronization_production/HF_RUN3_V1/raw/MONASH/hf_MONASH_job888.root
SIGMAB_COUNTS tag=MONASH species=Sigma_b0 pdg=5212 slice=eta_lt_1 p=8 a=4 file=/data/alice/ipardoza/hadronization_production/HF_RUN3_V1/raw/MONASH/hf_MONASH_job888.root
SIGMAB_COUNTS tag=MONASH species=Sigma_b0 pdg=5212 slice=eta_1_2 p=6 a=8 file=/data/alice/ipardoza/hadronization_production/HF_RUN3_V1/raw/MONASH/hf_MONASH_job888.root
SIGMAB_COUNTS tag=MONASH species=Sigma_b0 pdg=5212 slice=eta_ge_2 p=12 a=11 file=/data/alice/ipardoza/hadronization_production/HF_RUN3_V1/raw/MONASH/hf_MONASH_job888.root
SIGMAB_COUNTS tag=MONASH species=Sigma_b- pdg=5112 slice=all p=37 a=15 file=/data/alice/ipardoza/hadronization_production/HF_RUN3_V1/raw/MONASH/hf_MONASH_job888.root
SIGMAB_COUNTS tag=MONASH species=Sigma_b- pdg=5112 slice=eta_lt_1 p=2 a=1 file=/data/alice/ipardoza/hadronization_production/HF_RUN3_V1/raw/MONASH/hf_MONASH_job888.root
SIGMAB_COUNTS tag=MONASH species=Sigma_b- pdg=5112 slice=eta_1_2 p=5 a=4 file=/data/alice/ipardoza/hadronization_production/HF_RUN3_V1/raw/MONASH/hf_MONASH_job888.root
SIGMAB_COUNTS tag=MONASH species=Sigma_b- pdg=5112 slice=eta_ge_2 p=30 a=10 file=/data/alice/ipardoza/hadronization_production/HF_RUN3_V1/raw/MONASH/hf_MONASH_job888.root
SIGMAB_COUNTS tag=MONASH species=Sigma*_b+ pdg=5224 slice=all p=50 a=46 file=/data/alice/ipardoza/hadronization_production/HF_RUN3_V1/raw/MONASH/hf_MONASH_job888.root
SIGMAB_COUNTS tag=MONASH species=Sigma*_b+ pdg=5224 slice=eta_lt_1 p=8 a=14 file=/data/alice/ipardoza/hadronization_production/HF_RUN3_V1/raw/MONASH/hf_MONASH_job888.root
SIGMAB_COUNTS tag=MONASH species=Sigma*_b+ pdg=5224 slice=eta_1_2 p=9 a=7 file=/data/alice/ipardoza/hadronization_production/HF_RUN3_V1/raw/MONASH/hf_MONASH_job888.root
SIGMAB_COUNTS tag=MONASH species=Sigma*_b+ pdg=5224 slice=eta_ge_2 p=33 a=25 file=/data/alice/ipardoza/hadronization_production/HF_RUN3_V1/raw/MONASH/hf_MONASH_job888.root
SIGMAB_COUNTS tag=MONASH species=Sigma*_b0 pdg=5214 slice=all p=60 a=40 file=/data/alice/ipardoza/hadronization_production/HF_RUN3_V1/raw/MONASH/hf_MONASH_job888.root
SIGMAB_COUNTS tag=MONASH species=Sigma*_b0 pdg=5214 slice=eta_lt_1 p=10 a=9 file=/data/alice/ipardoza/hadronization_production/HF_RUN3_V1/raw/MONASH/hf_MONASH_job888.root
SIGMAB_COUNTS tag=MONASH species=Sigma*_b0 pdg=5214 slice=eta_1_2 p=14 a=8 file=/data/alice/ipardoza/hadronization_production/HF_RUN3_V1/raw/MONASH/hf_MONASH_job888.root
SIGMAB_COUNTS tag=MONASH species=Sigma*_b0 pdg=5214 slice=eta_ge_2 p=36 a=23 file=/data/alice/ipardoza/hadronization_production/HF_RUN3_V1/raw/MONASH/hf_MONASH_job888.root
SIGMAB_COUNTS tag=MONASH species=Sigma*_b- pdg=5114 slice=all p=51 a=39 file=/data/alice/ipardoza/hadronization_production/HF_RUN3_V1/raw/MONASH/hf_MONASH_job888.root
SIGMAB_COUNTS tag=MONASH species=Sigma*_b- pdg=5114 slice=eta_lt_1 p=3 a=5 file=/data/alice/ipardoza/hadronization_production/HF_RUN3_V1/raw/MONASH/hf_MONASH_job888.root
SIGMAB_COUNTS tag=MONASH species=Sigma*_b- pdg=5114 slice=eta_1_2 p=9 a=8 file=/data/alice/ipardoza/hadronization_production/HF_RUN3_V1/raw/MONASH/hf_MONASH_job888.root
SIGMAB_COUNTS tag=MONASH species=Sigma*_b- pdg=5114 slice=eta_ge_2 p=39 a=26 file=/data/alice/ipardoza/hadronization_production/HF_RUN3_V1/raw/MONASH/hf_MONASH_job888.root
SIGMAB_COUNTS tag=MONASH species=Lambda_b0 pdg=5122 slice=all p=314 a=324 file=/data/alice/ipardoza/hadronization_production/HF_RUN3_V1/raw/MONASH/hf_MONASH_job888.root
SIGMAB_COUNTS tag=MONASH species=Lambda_b0 pdg=5122 slice=eta_lt_1 p=59 a=71 file=/data/alice/ipardoza/hadronization_production/HF_RUN3_V1/raw/MONASH/hf_MONASH_job888.root
SIGMAB_COUNTS tag=MONASH species=Lambda_b0 pdg=5122 slice=eta_1_2 p=60 a=64 file=/data/alice/ipardoza/hadronization_production/HF_RUN3_V1/raw/MONASH/hf_MONASH_job888.root
SIGMAB_COUNTS tag=MONASH species=Lambda_b0 pdg=5122 slice=eta_ge_2 p=195 a=189 file=/data/alice/ipardoza/hadronization_production/HF_RUN3_V1/raw/MONASH/hf_MONASH_job888.root
SIGMAB_COUNTS tag=MONASH species=Xi_b0 pdg=5232 slice=all p=52 a=64 file=/data/alice/ipardoza/hadronization_production/HF_RUN3_V1/raw/MONASH/hf_MONASH_job888.root
SIGMAB_COUNTS tag=MONASH species=Xi_b0 pdg=5232 slice=eta_lt_1 p=6 a=14 file=/data/alice/ipardoza/hadronization_production/HF_RUN3_V1/raw/MONASH/hf_MONASH_job888.root
SIGMAB_COUNTS tag=MONASH species=Xi_b0 pdg=5232 slice=eta_1_2 p=14 a=11 file=/data/alice/ipardoza/hadronization_production/HF_RUN3_V1/raw/MONASH/hf_MONASH_job888.root
SIGMAB_COUNTS tag=MONASH species=Xi_b0 pdg=5232 slice=eta_ge_2 p=32 a=39 file=/data/alice/ipardoza/hadronization_production/HF_RUN3_V1/raw/MONASH/hf_MONASH_job888.root
SIGMAB_COUNTS tag=MONASH species=Xi_b- pdg=5132 slice=all p=65 a=53 file=/data/alice/ipardoza/hadronization_production/HF_RUN3_V1/raw/MONASH/hf_MONASH_job888.root
SIGMAB_COUNTS tag=MONASH species=Xi_b- pdg=5132 slice=eta_lt_1 p=7 a=7 file=/data/alice/ipardoza/hadronization_production/HF_RUN3_V1/raw/MONASH/hf_MONASH_job888.root
SIGMAB_COUNTS tag=MONASH species=Xi_b- pdg=5132 slice=eta_1_2 p=17 a=7 file=/data/alice/ipardoza/hadronization_production/HF_RUN3_V1/raw/MONASH/hf_MONASH_job888.root
SIGMAB_COUNTS tag=MONASH species=Xi_b- pdg=5132 slice=eta_ge_2 p=41 a=39 file=/data/alice/ipardoza/hadronization_production/HF_RUN3_V1/raw/MONASH/hf_MONASH_job888.root
SIGMAB_COUNTS tag=MONASH species=Sigma_b+ pdg=5222 slice=all p=33 a=20 file=/data/alice/ipardoza/hadronization_production/HF_RUN3_V1/raw/MONASH/hf_MONASH_job889.root
SIGMAB_COUNTS tag=MONASH species=Sigma_b+ pdg=5222 slice=eta_lt_1 p=7 a=7 file=/data/alice/ipardoza/hadronization_production/HF_RUN3_V1/raw/MONASH/hf_MONASH_job889.root
SIGMAB_COUNTS tag=MONASH species=Sigma_b+ pdg=5222 slice=eta_1_2 p=5 a=2 file=/data/alice/ipardoza/hadronization_production/HF_RUN3_V1/raw/MONASH/hf_MONASH_job889.root
SIGMAB_COUNTS tag=MONASH species=Sigma_b+ pdg=5222 slice=eta_ge_2 p=21 a=11 file=/data/alice/ipardoza/hadronization_production/HF_RUN3_V1/raw/MONASH/hf_MONASH_job889.root
SIGMAB_COUNTS tag=MONASH species=Sigma_b0 pdg=5212 slice=all p=40 a=23 file=/data/alice/ipardoza/hadronization_production/HF_RUN3_V1/raw/MONASH/hf_MONASH_job889.root
SIGMAB_COUNTS tag=MONASH species=Sigma_b0 pdg=5212 slice=eta_lt_1 p=4 a=5 file=/data/alice/ipardoza/hadronization_production/HF_RUN3_V1/raw/MONASH/hf_MONASH_job889.root
SIGMAB_COUNTS tag=MONASH species=Sigma_b0 pdg=5212 slice=eta_1_2 p=9 a=4 file=/data/alice/ipardoza/hadronization_production/HF_RUN3_V1/raw/MONASH/hf_MONASH_job889.root
SIGMAB_COUNTS tag=MONASH species=Sigma_b0 pdg=5212 slice=eta_ge_2 p=27 a=14 file=/data/alice/ipardoza/hadronization_production/HF_RUN3_V1/raw/MONASH/hf_MONASH_job889.root
SIGMAB_COUNTS tag=MONASH species=Sigma_b- pdg=5112 slice=all p=49 a=20 file=/data/alice/ipardoza/hadronization_production/HF_RUN3_V1/raw/MONASH/hf_MONASH_job889.root
SIGMAB_COUNTS tag=MONASH species=Sigma_b- pdg=5112 slice=eta_lt_1 p=9 a=5 file=/data/alice/ipardoza/hadronization_production/HF_RUN3_V1/raw/MONASH/hf_MONASH_job889.root
SIGMAB_COUNTS tag=MONASH species=Sigma_b- pdg=5112 slice=eta_1_2 p=10 a=4 file=/data/alice/ipardoza/hadronization_production/HF_RUN3_V1/raw/MONASH/hf_MONASH_job889.root
SIGMAB_COUNTS tag=MONASH species=Sigma_b- pdg=5112 slice=eta_ge_2 p=30 a=11 file=/data/alice/ipardoza/hadronization_production/HF_RUN3_V1/raw/MONASH/hf_MONASH_job889.root
SIGMAB_COUNTS tag=MONASH species=Sigma*_b+ pdg=5224 slice=all p=58 a=44 file=/data/alice/ipardoza/hadronization_production/HF_RUN3_V1/raw/MONASH/hf_MONASH_job889.root
SIGMAB_COUNTS tag=MONASH species=Sigma*_b+ pdg=5224 slice=eta_lt_1 p=14 a=10 file=/data/alice/ipardoza/hadronization_production/HF_RUN3_V1/raw/MONASH/hf_MONASH_job889.root
SIGMAB_COUNTS tag=MONASH species=Sigma*_b+ pdg=5224 slice=eta_1_2 p=15 a=10 file=/data/alice/ipardoza/hadronization_production/HF_RUN3_V1/raw/MONASH/hf_MONASH_job889.root
SIGMAB_COUNTS tag=MONASH species=Sigma*_b+ pdg=5224 slice=eta_ge_2 p=29 a=24 file=/data/alice/ipardoza/hadronization_production/HF_RUN3_V1/raw/MONASH/hf_MONASH_job889.root
SIGMAB_COUNTS tag=MONASH species=Sigma*_b0 pdg=5214 slice=all p=45 a=45 file=/data/alice/ipardoza/hadronization_production/HF_RUN3_V1/raw/MONASH/hf_MONASH_job889.root
SIGMAB_COUNTS tag=MONASH species=Sigma*_b0 pdg=5214 slice=eta_lt_1 p=10 a=7 file=/data/alice/ipardoza/hadronization_production/HF_RUN3_V1/raw/MONASH/hf_MONASH_job889.root
SIGMAB_COUNTS tag=MONASH species=Sigma*_b0 pdg=5214 slice=eta_1_2 p=8 a=9 file=/data/alice/ipardoza/hadronization_production/HF_RUN3_V1/raw/MONASH/hf_MONASH_job889.root
SIGMAB_COUNTS tag=MONASH species=Sigma*_b0 pdg=5214 slice=eta_ge_2 p=27 a=29 file=/data/alice/ipardoza/hadronization_production/HF_RUN3_V1/raw/MONASH/hf_MONASH_job889.root
SIGMAB_COUNTS tag=MONASH species=Sigma*_b- pdg=5114 slice=all p=44 a=51 file=/data/alice/ipardoza/hadronization_production/HF_RUN3_V1/raw/MONASH/hf_MONASH_job889.root
SIGMAB_COUNTS tag=MONASH species=Sigma*_b- pdg=5114 slice=eta_lt_1 p=9 a=8 file=/data/alice/ipardoza/hadronization_production/HF_RUN3_V1/raw/MONASH/hf_MONASH_job889.root
SIGMAB_COUNTS tag=MONASH species=Sigma*_b- pdg=5114 slice=eta_1_2 p=12 a=14 file=/data/alice/ipardoza/hadronization_production/HF_RUN3_V1/raw/MONASH/hf_MONASH_job889.root
SIGMAB_COUNTS tag=MONASH species=Sigma*_b- pdg=5114 slice=eta_ge_2 p=23 a=29 file=/data/alice/ipardoza/hadronization_production/HF_RUN3_V1/raw/MONASH/hf_MONASH_job889.root
SIGMAB_COUNTS tag=MONASH species=Lambda_b0 pdg=5122 slice=all p=316 a=312 file=/data/alice/ipardoza/hadronization_production/HF_RUN3_V1/raw/MONASH/hf_MONASH_job889.root
SIGMAB_COUNTS tag=MONASH species=Lambda_b0 pdg=5122 slice=eta_lt_1 p=67 a=55 file=/data/alice/ipardoza/hadronization_production/HF_RUN3_V1/raw/MONASH/hf_MONASH_job889.root
SIGMAB_COUNTS tag=MONASH species=Lambda_b0 pdg=5122 slice=eta_1_2 p=72 a=70 file=/data/alice/ipardoza/hadronization_production/HF_RUN3_V1/raw/MONASH/hf_MONASH_job889.root
SIGMAB_COUNTS tag=MONASH species=Lambda_b0 pdg=5122 slice=eta_ge_2 p=177 a=187 file=/data/alice/ipardoza/hadronization_production/HF_RUN3_V1/raw/MONASH/hf_MONASH_job889.root
SIGMAB_COUNTS tag=MONASH species=Xi_b0 pdg=5232 slice=all p=68 a=60 file=/data/alice/ipardoza/hadronization_production/HF_RUN3_V1/raw/MONASH/hf_MONASH_job889.root
SIGMAB_COUNTS tag=MONASH species=Xi_b0 pdg=5232 slice=eta_lt_1 p=15 a=8 file=/data/alice/ipardoza/hadronization_production/HF_RUN3_V1/raw/MONASH/hf_MONASH_job889.root
SIGMAB_COUNTS tag=MONASH species=Xi_b0 pdg=5232 slice=eta_1_2 p=12 a=19 file=/data/alice/ipardoza/hadronization_production/HF_RUN3_V1/raw/MONASH/hf_MONASH_job889.root
SIGMAB_COUNTS tag=MONASH species=Xi_b0 pdg=5232 slice=eta_ge_2 p=41 a=33 file=/data/alice/ipardoza/hadronization_production/HF_RUN3_V1/raw/MONASH/hf_MONASH_job889.root
SIGMAB_COUNTS tag=MONASH species=Xi_b- pdg=5132 slice=all p=48 a=55 file=/data/alice/ipardoza/hadronization_production/HF_RUN3_V1/raw/MONASH/hf_MONASH_job889.root
SIGMAB_COUNTS tag=MONASH species=Xi_b- pdg=5132 slice=eta_lt_1 p=11 a=11 file=/data/alice/ipardoza/hadronization_production/HF_RUN3_V1/raw/MONASH/hf_MONASH_job889.root
SIGMAB_COUNTS tag=MONASH species=Xi_b- pdg=5132 slice=eta_1_2 p=10 a=12 file=/data/alice/ipardoza/hadronization_production/HF_RUN3_V1/raw/MONASH/hf_MONASH_job889.root
SIGMAB_COUNTS tag=MONASH species=Xi_b- pdg=5132 slice=eta_ge_2 p=27 a=32 file=/data/alice/ipardoza/hadronization_production/HF_RUN3_V1/raw/MONASH/hf_MONASH_job889.root
SIGMAB_COUNTS tag=MONASH species=Sigma_b+ pdg=5222 slice=all p=36 a=20 file=/data/alice/ipardoza/hadronization_production/HF_RUN3_V1/raw/MONASH/hf_MONASH_job890.root
SIGMAB_COUNTS tag=MONASH species=Sigma_b+ pdg=5222 slice=eta_lt_1 p=3 a=6 file=/data/alice/ipardoza/hadronization_production/HF_RUN3_V1/raw/MONASH/hf_MONASH_job890.root
SIGMAB_COUNTS tag=MONASH species=Sigma_b+ pdg=5222 slice=eta_1_2 p=7 a=3 file=/data/alice/ipardoza/hadronization_production/HF_RUN3_V1/raw/MONASH/hf_MONASH_job890.root
SIGMAB_COUNTS tag=MONASH species=Sigma_b+ pdg=5222 slice=eta_ge_2 p=26 a=11 file=/data/alice/ipardoza/hadronization_production/HF_RUN3_V1/raw/MONASH/hf_MONASH_job890.root
SIGMAB_COUNTS tag=MONASH species=Sigma_b0 pdg=5212 slice=all p=48 a=21 file=/data/alice/ipardoza/hadronization_production/HF_RUN3_V1/raw/MONASH/hf_MONASH_job890.root
SIGMAB_COUNTS tag=MONASH species=Sigma_b0 pdg=5212 slice=eta_lt_1 p=4 a=11 file=/data/alice/ipardoza/hadronization_production/HF_RUN3_V1/raw/MONASH/hf_MONASH_job890.root
SIGMAB_COUNTS tag=MONASH species=Sigma_b0 pdg=5212 slice=eta_1_2 p=13 a=3 file=/data/alice/ipardoza/hadronization_production/HF_RUN3_V1/raw/MONASH/hf_MONASH_job890.root
SIGMAB_COUNTS tag=MONASH species=Sigma_b0 pdg=5212 slice=eta_ge_2 p=31 a=7 file=/data/alice/ipardoza/hadronization_production/HF_RUN3_V1/raw/MONASH/hf_MONASH_job890.root
SIGMAB_COUNTS tag=MONASH species=Sigma_b- pdg=5112 slice=all p=34 a=16 file=/data/alice/ipardoza/hadronization_production/HF_RUN3_V1/raw/MONASH/hf_MONASH_job890.root
SIGMAB_COUNTS tag=MONASH species=Sigma_b- pdg=5112 slice=eta_lt_1 p=3 a=2 file=/data/alice/ipardoza/hadronization_production/HF_RUN3_V1/raw/MONASH/hf_MONASH_job890.root
SIGMAB_COUNTS tag=MONASH species=Sigma_b- pdg=5112 slice=eta_1_2 p=7 a=3 file=/data/alice/ipardoza/hadronization_production/HF_RUN3_V1/raw/MONASH/hf_MONASH_job890.root
SIGMAB_COUNTS tag=MONASH species=Sigma_b- pdg=5112 slice=eta_ge_2 p=24 a=11 file=/data/alice/ipardoza/hadronization_production/HF_RUN3_V1/raw/MONASH/hf_MONASH_job890.root
SIGMAB_COUNTS tag=MONASH species=Sigma*_b+ pdg=5224 slice=all p=43 a=50 file=/data/alice/ipardoza/hadronization_production/HF_RUN3_V1/raw/MONASH/hf_MONASH_job890.root
SIGMAB_COUNTS tag=MONASH species=Sigma*_b+ pdg=5224 slice=eta_lt_1 p=9 a=8 file=/data/alice/ipardoza/hadronization_production/HF_RUN3_V1/raw/MONASH/hf_MONASH_job890.root
SIGMAB_COUNTS tag=MONASH species=Sigma*_b+ pdg=5224 slice=eta_1_2 p=14 a=14 file=/data/alice/ipardoza/hadronization_production/HF_RUN3_V1/raw/MONASH/hf_MONASH_job890.root
SIGMAB_COUNTS tag=MONASH species=Sigma*_b+ pdg=5224 slice=eta_ge_2 p=20 a=28 file=/data/alice/ipardoza/hadronization_production/HF_RUN3_V1/raw/MONASH/hf_MONASH_job890.root
SIGMAB_COUNTS tag=MONASH species=Sigma*_b0 pdg=5214 slice=all p=53 a=43 file=/data/alice/ipardoza/hadronization_production/HF_RUN3_V1/raw/MONASH/hf_MONASH_job890.root
SIGMAB_COUNTS tag=MONASH species=Sigma*_b0 pdg=5214 slice=eta_lt_1 p=8 a=5 file=/data/alice/ipardoza/hadronization_production/HF_RUN3_V1/raw/MONASH/hf_MONASH_job890.root
SIGMAB_COUNTS tag=MONASH species=Sigma*_b0 pdg=5214 slice=eta_1_2 p=11 a=8 file=/data/alice/ipardoza/hadronization_production/HF_RUN3_V1/raw/MONASH/hf_MONASH_job890.root
SIGMAB_COUNTS tag=MONASH species=Sigma*_b0 pdg=5214 slice=eta_ge_2 p=34 a=30 file=/data/alice/ipardoza/hadronization_production/HF_RUN3_V1/raw/MONASH/hf_MONASH_job890.root
SIGMAB_COUNTS tag=MONASH species=Sigma*_b- pdg=5114 slice=all p=47 a=47 file=/data/alice/ipardoza/hadronization_production/HF_RUN3_V1/raw/MONASH/hf_MONASH_job890.root
SIGMAB_COUNTS tag=MONASH species=Sigma*_b- pdg=5114 slice=eta_lt_1 p=12 a=12 file=/data/alice/ipardoza/hadronization_production/HF_RUN3_V1/raw/MONASH/hf_MONASH_job890.root
SIGMAB_COUNTS tag=MONASH species=Sigma*_b- pdg=5114 slice=eta_1_2 p=5 a=5 file=/data/alice/ipardoza/hadronization_production/HF_RUN3_V1/raw/MONASH/hf_MONASH_job890.root
SIGMAB_COUNTS tag=MONASH species=Sigma*_b- pdg=5114 slice=eta_ge_2 p=30 a=30 file=/data/alice/ipardoza/hadronization_production/HF_RUN3_V1/raw/MONASH/hf_MONASH_job890.root
SIGMAB_COUNTS tag=MONASH species=Lambda_b0 pdg=5122 slice=all p=267 a=331 file=/data/alice/ipardoza/hadronization_production/HF_RUN3_V1/raw/MONASH/hf_MONASH_job890.root
SIGMAB_COUNTS tag=MONASH species=Lambda_b0 pdg=5122 slice=eta_lt_1 p=62 a=65 file=/data/alice/ipardoza/hadronization_production/HF_RUN3_V1/raw/MONASH/hf_MONASH_job890.root
SIGMAB_COUNTS tag=MONASH species=Lambda_b0 pdg=5122 slice=eta_1_2 p=55 a=67 file=/data/alice/ipardoza/hadronization_production/HF_RUN3_V1/raw/MONASH/hf_MONASH_job890.root
SIGMAB_COUNTS tag=MONASH species=Lambda_b0 pdg=5122 slice=eta_ge_2 p=150 a=199 file=/data/alice/ipardoza/hadronization_production/HF_RUN3_V1/raw/MONASH/hf_MONASH_job890.root
SIGMAB_COUNTS tag=MONASH species=Xi_b0 pdg=5232 slice=all p=54 a=49 file=/data/alice/ipardoza/hadronization_production/HF_RUN3_V1/raw/MONASH/hf_MONASH_job890.root
SIGMAB_COUNTS tag=MONASH species=Xi_b0 pdg=5232 slice=eta_lt_1 p=8 a=9 file=/data/alice/ipardoza/hadronization_production/HF_RUN3_V1/raw/MONASH/hf_MONASH_job890.root
SIGMAB_COUNTS tag=MONASH species=Xi_b0 pdg=5232 slice=eta_1_2 p=10 a=10 file=/data/alice/ipardoza/hadronization_production/HF_RUN3_V1/raw/MONASH/hf_MONASH_job890.root
SIGMAB_COUNTS tag=MONASH species=Xi_b0 pdg=5232 slice=eta_ge_2 p=36 a=30 file=/data/alice/ipardoza/hadronization_production/HF_RUN3_V1/raw/MONASH/hf_MONASH_job890.root
SIGMAB_COUNTS tag=MONASH species=Xi_b- pdg=5132 slice=all p=59 a=51 file=/data/alice/ipardoza/hadronization_production/HF_RUN3_V1/raw/MONASH/hf_MONASH_job890.root
SIGMAB_COUNTS tag=MONASH species=Xi_b- pdg=5132 slice=eta_lt_1 p=13 a=6 file=/data/alice/ipardoza/hadronization_production/HF_RUN3_V1/raw/MONASH/hf_MONASH_job890.root
SIGMAB_COUNTS tag=MONASH species=Xi_b- pdg=5132 slice=eta_1_2 p=11 a=16 file=/data/alice/ipardoza/hadronization_production/HF_RUN3_V1/raw/MONASH/hf_MONASH_job890.root
SIGMAB_COUNTS tag=MONASH species=Xi_b- pdg=5132 slice=eta_ge_2 p=35 a=29 file=/data/alice/ipardoza/hadronization_production/HF_RUN3_V1/raw/MONASH/hf_MONASH_job890.root
SIGMAB_COUNTS tag=MONASH species=Sigma_b+ pdg=5222 slice=all p=38 a=15 file=/data/alice/ipardoza/hadronization_production/HF_RUN3_V1/raw/MONASH/hf_MONASH_job891.root
SIGMAB_COUNTS tag=MONASH species=Sigma_b+ pdg=5222 slice=eta_lt_1 p=3 a=2 file=/data/alice/ipardoza/hadronization_production/HF_RUN3_V1/raw/MONASH/hf_MONASH_job891.root
SIGMAB_COUNTS tag=MONASH species=Sigma_b+ pdg=5222 slice=eta_1_2 p=10 a=1 file=/data/alice/ipardoza/hadronization_production/HF_RUN3_V1/raw/MONASH/hf_MONASH_job891.root
SIGMAB_COUNTS tag=MONASH species=Sigma_b+ pdg=5222 slice=eta_ge_2 p=25 a=12 file=/data/alice/ipardoza/hadronization_production/HF_RUN3_V1/raw/MONASH/hf_MONASH_job891.root
SIGMAB_COUNTS tag=MONASH species=Sigma_b0 pdg=5212 slice=all p=32 a=25 file=/data/alice/ipardoza/hadronization_production/HF_RUN3_V1/raw/MONASH/hf_MONASH_job891.root
SIGMAB_COUNTS tag=MONASH species=Sigma_b0 pdg=5212 slice=eta_lt_1 p=4 a=10 file=/data/alice/ipardoza/hadronization_production/HF_RUN3_V1/raw/MONASH/hf_MONASH_job891.root
SIGMAB_COUNTS tag=MONASH species=Sigma_b0 pdg=5212 slice=eta_1_2 p=7 a=3 file=/data/alice/ipardoza/hadronization_production/HF_RUN3_V1/raw/MONASH/hf_MONASH_job891.root
SIGMAB_COUNTS tag=MONASH species=Sigma_b0 pdg=5212 slice=eta_ge_2 p=21 a=12 file=/data/alice/ipardoza/hadronization_production/HF_RUN3_V1/raw/MONASH/hf_MONASH_job891.root
SIGMAB_COUNTS tag=MONASH species=Sigma_b- pdg=5112 slice=all p=34 a=21 file=/data/alice/ipardoza/hadronization_production/HF_RUN3_V1/raw/MONASH/hf_MONASH_job891.root
SIGMAB_COUNTS tag=MONASH species=Sigma_b- pdg=5112 slice=eta_lt_1 p=2 a=3 file=/data/alice/ipardoza/hadronization_production/HF_RUN3_V1/raw/MONASH/hf_MONASH_job891.root
SIGMAB_COUNTS tag=MONASH species=Sigma_b- pdg=5112 slice=eta_1_2 p=10 a=3 file=/data/alice/ipardoza/hadronization_production/HF_RUN3_V1/raw/MONASH/hf_MONASH_job891.root
SIGMAB_COUNTS tag=MONASH species=Sigma_b- pdg=5112 slice=eta_ge_2 p=22 a=15 file=/data/alice/ipardoza/hadronization_production/HF_RUN3_V1/raw/MONASH/hf_MONASH_job891.root
SIGMAB_COUNTS tag=MONASH species=Sigma*_b+ pdg=5224 slice=all p=47 a=41 file=/data/alice/ipardoza/hadronization_production/HF_RUN3_V1/raw/MONASH/hf_MONASH_job891.root
SIGMAB_COUNTS tag=MONASH species=Sigma*_b+ pdg=5224 slice=eta_lt_1 p=7 a=5 file=/data/alice/ipardoza/hadronization_production/HF_RUN3_V1/raw/MONASH/hf_MONASH_job891.root
SIGMAB_COUNTS tag=MONASH species=Sigma*_b+ pdg=5224 slice=eta_1_2 p=12 a=8 file=/data/alice/ipardoza/hadronization_production/HF_RUN3_V1/raw/MONASH/hf_MONASH_job891.root
SIGMAB_COUNTS tag=MONASH species=Sigma*_b+ pdg=5224 slice=eta_ge_2 p=28 a=28 file=/data/alice/ipardoza/hadronization_production/HF_RUN3_V1/raw/MONASH/hf_MONASH_job891.root
SIGMAB_COUNTS tag=MONASH species=Sigma*_b0 pdg=5214 slice=all p=44 a=38 file=/data/alice/ipardoza/hadronization_production/HF_RUN3_V1/raw/MONASH/hf_MONASH_job891.root
SIGMAB_COUNTS tag=MONASH species=Sigma*_b0 pdg=5214 slice=eta_lt_1 p=7 a=5 file=/data/alice/ipardoza/hadronization_production/HF_RUN3_V1/raw/MONASH/hf_MONASH_job891.root
SIGMAB_COUNTS tag=MONASH species=Sigma*_b0 pdg=5214 slice=eta_1_2 p=9 a=14 file=/data/alice/ipardoza/hadronization_production/HF_RUN3_V1/raw/MONASH/hf_MONASH_job891.root
SIGMAB_COUNTS tag=MONASH species=Sigma*_b0 pdg=5214 slice=eta_ge_2 p=28 a=19 file=/data/alice/ipardoza/hadronization_production/HF_RUN3_V1/raw/MONASH/hf_MONASH_job891.root
SIGMAB_COUNTS tag=MONASH species=Sigma*_b- pdg=5114 slice=all p=51 a=27 file=/data/alice/ipardoza/hadronization_production/HF_RUN3_V1/raw/MONASH/hf_MONASH_job891.root
SIGMAB_COUNTS tag=MONASH species=Sigma*_b- pdg=5114 slice=eta_lt_1 p=12 a=4 file=/data/alice/ipardoza/hadronization_production/HF_RUN3_V1/raw/MONASH/hf_MONASH_job891.root
SIGMAB_COUNTS tag=MONASH species=Sigma*_b- pdg=5114 slice=eta_1_2 p=15 a=3 file=/data/alice/ipardoza/hadronization_production/HF_RUN3_V1/raw/MONASH/hf_MONASH_job891.root
SIGMAB_COUNTS tag=MONASH species=Sigma*_b- pdg=5114 slice=eta_ge_2 p=24 a=20 file=/data/alice/ipardoza/hadronization_production/HF_RUN3_V1/raw/MONASH/hf_MONASH_job891.root
SIGMAB_COUNTS tag=MONASH species=Lambda_b0 pdg=5122 slice=all p=320 a=303 file=/data/alice/ipardoza/hadronization_production/HF_RUN3_V1/raw/MONASH/hf_MONASH_job891.root
SIGMAB_COUNTS tag=MONASH species=Lambda_b0 pdg=5122 slice=eta_lt_1 p=61 a=61 file=/data/alice/ipardoza/hadronization_production/HF_RUN3_V1/raw/MONASH/hf_MONASH_job891.root
SIGMAB_COUNTS tag=MONASH species=Lambda_b0 pdg=5122 slice=eta_1_2 p=74 a=69 file=/data/alice/ipardoza/hadronization_production/HF_RUN3_V1/raw/MONASH/hf_MONASH_job891.root
SIGMAB_COUNTS tag=MONASH species=Lambda_b0 pdg=5122 slice=eta_ge_2 p=185 a=173 file=/data/alice/ipardoza/hadronization_production/HF_RUN3_V1/raw/MONASH/hf_MONASH_job891.root
SIGMAB_COUNTS tag=MONASH species=Xi_b0 pdg=5232 slice=all p=58 a=61 file=/data/alice/ipardoza/hadronization_production/HF_RUN3_V1/raw/MONASH/hf_MONASH_job891.root
SIGMAB_COUNTS tag=MONASH species=Xi_b0 pdg=5232 slice=eta_lt_1 p=16 a=12 file=/data/alice/ipardoza/hadronization_production/HF_RUN3_V1/raw/MONASH/hf_MONASH_job891.root
SIGMAB_COUNTS tag=MONASH species=Xi_b0 pdg=5232 slice=eta_1_2 p=18 a=13 file=/data/alice/ipardoza/hadronization_production/HF_RUN3_V1/raw/MONASH/hf_MONASH_job891.root
SIGMAB_COUNTS tag=MONASH species=Xi_b0 pdg=5232 slice=eta_ge_2 p=24 a=36 file=/data/alice/ipardoza/hadronization_production/HF_RUN3_V1/raw/MONASH/hf_MONASH_job891.root
SIGMAB_COUNTS tag=MONASH species=Xi_b- pdg=5132 slice=all p=58 a=51 file=/data/alice/ipardoza/hadronization_production/HF_RUN3_V1/raw/MONASH/hf_MONASH_job891.root
SIGMAB_COUNTS tag=MONASH species=Xi_b- pdg=5132 slice=eta_lt_1 p=15 a=11 file=/data/alice/ipardoza/hadronization_production/HF_RUN3_V1/raw/MONASH/hf_MONASH_job891.root
SIGMAB_COUNTS tag=MONASH species=Xi_b- pdg=5132 slice=eta_1_2 p=13 a=11 file=/data/alice/ipardoza/hadronization_production/HF_RUN3_V1/raw/MONASH/hf_MONASH_job891.root
SIGMAB_COUNTS tag=MONASH species=Xi_b- pdg=5132 slice=eta_ge_2 p=30 a=29 file=/data/alice/ipardoza/hadronization_production/HF_RUN3_V1/raw/MONASH/hf_MONASH_job891.root
SIGMAB_COUNTS tag=MONASH species=Sigma_b+ pdg=5222 slice=all p=33 a=21 file=/data/alice/ipardoza/hadronization_production/HF_RUN3_V1/raw/MONASH/hf_MONASH_job892.root
SIGMAB_COUNTS tag=MONASH species=Sigma_b+ pdg=5222 slice=eta_lt_1 p=3 a=5 file=/data/alice/ipardoza/hadronization_production/HF_RUN3_V1/raw/MONASH/hf_MONASH_job892.root
SIGMAB_COUNTS tag=MONASH species=Sigma_b+ pdg=5222 slice=eta_1_2 p=4 a=3 file=/data/alice/ipardoza/hadronization_production/HF_RUN3_V1/raw/MONASH/hf_MONASH_job892.root
SIGMAB_COUNTS tag=MONASH species=Sigma_b+ pdg=5222 slice=eta_ge_2 p=26 a=13 file=/data/alice/ipardoza/hadronization_production/HF_RUN3_V1/raw/MONASH/hf_MONASH_job892.root
SIGMAB_COUNTS tag=MONASH species=Sigma_b0 pdg=5212 slice=all p=36 a=28 file=/data/alice/ipardoza/hadronization_production/HF_RUN3_V1/raw/MONASH/hf_MONASH_job892.root
SIGMAB_COUNTS tag=MONASH species=Sigma_b0 pdg=5212 slice=eta_lt_1 p=4 a=6 file=/data/alice/ipardoza/hadronization_production/HF_RUN3_V1/raw/MONASH/hf_MONASH_job892.root
SIGMAB_COUNTS tag=MONASH species=Sigma_b0 pdg=5212 slice=eta_1_2 p=7 a=6 file=/data/alice/ipardoza/hadronization_production/HF_RUN3_V1/raw/MONASH/hf_MONASH_job892.root
SIGMAB_COUNTS tag=MONASH species=Sigma_b0 pdg=5212 slice=eta_ge_2 p=25 a=16 file=/data/alice/ipardoza/hadronization_production/HF_RUN3_V1/raw/MONASH/hf_MONASH_job892.root
SIGMAB_COUNTS tag=MONASH species=Sigma_b- pdg=5112 slice=all p=33 a=21 file=/data/alice/ipardoza/hadronization_production/HF_RUN3_V1/raw/MONASH/hf_MONASH_job892.root
SIGMAB_COUNTS tag=MONASH species=Sigma_b- pdg=5112 slice=eta_lt_1 p=5 a=4 file=/data/alice/ipardoza/hadronization_production/HF_RUN3_V1/raw/MONASH/hf_MONASH_job892.root
SIGMAB_COUNTS tag=MONASH species=Sigma_b- pdg=5112 slice=eta_1_2 p=6 a=6 file=/data/alice/ipardoza/hadronization_production/HF_RUN3_V1/raw/MONASH/hf_MONASH_job892.root
SIGMAB_COUNTS tag=MONASH species=Sigma_b- pdg=5112 slice=eta_ge_2 p=22 a=11 file=/data/alice/ipardoza/hadronization_production/HF_RUN3_V1/raw/MONASH/hf_MONASH_job892.root
SIGMAB_COUNTS tag=MONASH species=Sigma*_b+ pdg=5224 slice=all p=49 a=41 file=/data/alice/ipardoza/hadronization_production/HF_RUN3_V1/raw/MONASH/hf_MONASH_job892.root
SIGMAB_COUNTS tag=MONASH species=Sigma*_b+ pdg=5224 slice=eta_lt_1 p=9 a=6 file=/data/alice/ipardoza/hadronization_production/HF_RUN3_V1/raw/MONASH/hf_MONASH_job892.root
SIGMAB_COUNTS tag=MONASH species=Sigma*_b+ pdg=5224 slice=eta_1_2 p=15 a=6 file=/data/alice/ipardoza/hadronization_production/HF_RUN3_V1/raw/MONASH/hf_MONASH_job892.root
SIGMAB_COUNTS tag=MONASH species=Sigma*_b+ pdg=5224 slice=eta_ge_2 p=25 a=29 file=/data/alice/ipardoza/hadronization_production/HF_RUN3_V1/raw/MONASH/hf_MONASH_job892.root
SIGMAB_COUNTS tag=MONASH species=Sigma*_b0 pdg=5214 slice=all p=47 a=50 file=/data/alice/ipardoza/hadronization_production/HF_RUN3_V1/raw/MONASH/hf_MONASH_job892.root
SIGMAB_COUNTS tag=MONASH species=Sigma*_b0 pdg=5214 slice=eta_lt_1 p=4 a=7 file=/data/alice/ipardoza/hadronization_production/HF_RUN3_V1/raw/MONASH/hf_MONASH_job892.root
SIGMAB_COUNTS tag=MONASH species=Sigma*_b0 pdg=5214 slice=eta_1_2 p=11 a=12 file=/data/alice/ipardoza/hadronization_production/HF_RUN3_V1/raw/MONASH/hf_MONASH_job892.root
SIGMAB_COUNTS tag=MONASH species=Sigma*_b0 pdg=5214 slice=eta_ge_2 p=32 a=31 file=/data/alice/ipardoza/hadronization_production/HF_RUN3_V1/raw/MONASH/hf_MONASH_job892.root
SIGMAB_COUNTS tag=MONASH species=Sigma*_b- pdg=5114 slice=all p=51 a=40 file=/data/alice/ipardoza/hadronization_production/HF_RUN3_V1/raw/MONASH/hf_MONASH_job892.root
SIGMAB_COUNTS tag=MONASH species=Sigma*_b- pdg=5114 slice=eta_lt_1 p=11 a=6 file=/data/alice/ipardoza/hadronization_production/HF_RUN3_V1/raw/MONASH/hf_MONASH_job892.root
SIGMAB_COUNTS tag=MONASH species=Sigma*_b- pdg=5114 slice=eta_1_2 p=8 a=12 file=/data/alice/ipardoza/hadronization_production/HF_RUN3_V1/raw/MONASH/hf_MONASH_job892.root
SIGMAB_COUNTS tag=MONASH species=Sigma*_b- pdg=5114 slice=eta_ge_2 p=32 a=22 file=/data/alice/ipardoza/hadronization_production/HF_RUN3_V1/raw/MONASH/hf_MONASH_job892.root
SIGMAB_COUNTS tag=MONASH species=Lambda_b0 pdg=5122 slice=all p=314 a=284 file=/data/alice/ipardoza/hadronization_production/HF_RUN3_V1/raw/MONASH/hf_MONASH_job892.root
SIGMAB_COUNTS tag=MONASH species=Lambda_b0 pdg=5122 slice=eta_lt_1 p=54 a=59 file=/data/alice/ipardoza/hadronization_production/HF_RUN3_V1/raw/MONASH/hf_MONASH_job892.root
SIGMAB_COUNTS tag=MONASH species=Lambda_b0 pdg=5122 slice=eta_1_2 p=74 a=72 file=/data/alice/ipardoza/hadronization_production/HF_RUN3_V1/raw/MONASH/hf_MONASH_job892.root
SIGMAB_COUNTS tag=MONASH species=Lambda_b0 pdg=5122 slice=eta_ge_2 p=186 a=153 file=/data/alice/ipardoza/hadronization_production/HF_RUN3_V1/raw/MONASH/hf_MONASH_job892.root
SIGMAB_COUNTS tag=MONASH species=Xi_b0 pdg=5232 slice=all p=51 a=70 file=/data/alice/ipardoza/hadronization_production/HF_RUN3_V1/raw/MONASH/hf_MONASH_job892.root
SIGMAB_COUNTS tag=MONASH species=Xi_b0 pdg=5232 slice=eta_lt_1 p=9 a=11 file=/data/alice/ipardoza/hadronization_production/HF_RUN3_V1/raw/MONASH/hf_MONASH_job892.root
SIGMAB_COUNTS tag=MONASH species=Xi_b0 pdg=5232 slice=eta_1_2 p=10 a=15 file=/data/alice/ipardoza/hadronization_production/HF_RUN3_V1/raw/MONASH/hf_MONASH_job892.root
SIGMAB_COUNTS tag=MONASH species=Xi_b0 pdg=5232 slice=eta_ge_2 p=32 a=44 file=/data/alice/ipardoza/hadronization_production/HF_RUN3_V1/raw/MONASH/hf_MONASH_job892.root
SIGMAB_COUNTS tag=MONASH species=Xi_b- pdg=5132 slice=all p=49 a=55 file=/data/alice/ipardoza/hadronization_production/HF_RUN3_V1/raw/MONASH/hf_MONASH_job892.root
SIGMAB_COUNTS tag=MONASH species=Xi_b- pdg=5132 slice=eta_lt_1 p=8 a=10 file=/data/alice/ipardoza/hadronization_production/HF_RUN3_V1/raw/MONASH/hf_MONASH_job892.root
SIGMAB_COUNTS tag=MONASH species=Xi_b- pdg=5132 slice=eta_1_2 p=13 a=10 file=/data/alice/ipardoza/hadronization_production/HF_RUN3_V1/raw/MONASH/hf_MONASH_job892.root
SIGMAB_COUNTS tag=MONASH species=Xi_b- pdg=5132 slice=eta_ge_2 p=28 a=35 file=/data/alice/ipardoza/hadronization_production/HF_RUN3_V1/raw/MONASH/hf_MONASH_job892.root
SIGMAB_COUNTS tag=MONASH species=Sigma_b+ pdg=5222 slice=all p=49 a=23 file=/data/alice/ipardoza/hadronization_production/HF_RUN3_V1/raw/MONASH/hf_MONASH_job893.root
SIGMAB_COUNTS tag=MONASH species=Sigma_b+ pdg=5222 slice=eta_lt_1 p=6 a=5 file=/data/alice/ipardoza/hadronization_production/HF_RUN3_V1/raw/MONASH/hf_MONASH_job893.root
SIGMAB_COUNTS tag=MONASH species=Sigma_b+ pdg=5222 slice=eta_1_2 p=7 a=7 file=/data/alice/ipardoza/hadronization_production/HF_RUN3_V1/raw/MONASH/hf_MONASH_job893.root
SIGMAB_COUNTS tag=MONASH species=Sigma_b+ pdg=5222 slice=eta_ge_2 p=36 a=11 file=/data/alice/ipardoza/hadronization_production/HF_RUN3_V1/raw/MONASH/hf_MONASH_job893.root
SIGMAB_COUNTS tag=MONASH species=Sigma_b0 pdg=5212 slice=all p=43 a=21 file=/data/alice/ipardoza/hadronization_production/HF_RUN3_V1/raw/MONASH/hf_MONASH_job893.root
SIGMAB_COUNTS tag=MONASH species=Sigma_b0 pdg=5212 slice=eta_lt_1 p=9 a=3 file=/data/alice/ipardoza/hadronization_production/HF_RUN3_V1/raw/MONASH/hf_MONASH_job893.root
SIGMAB_COUNTS tag=MONASH species=Sigma_b0 pdg=5212 slice=eta_1_2 p=5 a=5 file=/data/alice/ipardoza/hadronization_production/HF_RUN3_V1/raw/MONASH/hf_MONASH_job893.root
SIGMAB_COUNTS tag=MONASH species=Sigma_b0 pdg=5212 slice=eta_ge_2 p=29 a=13 file=/data/alice/ipardoza/hadronization_production/HF_RUN3_V1/raw/MONASH/hf_MONASH_job893.root
SIGMAB_COUNTS tag=MONASH species=Sigma_b- pdg=5112 slice=all p=45 a=22 file=/data/alice/ipardoza/hadronization_production/HF_RUN3_V1/raw/MONASH/hf_MONASH_job893.root
SIGMAB_COUNTS tag=MONASH species=Sigma_b- pdg=5112 slice=eta_lt_1 p=4 a=6 file=/data/alice/ipardoza/hadronization_production/HF_RUN3_V1/raw/MONASH/hf_MONASH_job893.root
SIGMAB_COUNTS tag=MONASH species=Sigma_b- pdg=5112 slice=eta_1_2 p=9 a=5 file=/data/alice/ipardoza/hadronization_production/HF_RUN3_V1/raw/MONASH/hf_MONASH_job893.root
SIGMAB_COUNTS tag=MONASH species=Sigma_b- pdg=5112 slice=eta_ge_2 p=32 a=11 file=/data/alice/ipardoza/hadronization_production/HF_RUN3_V1/raw/MONASH/hf_MONASH_job893.root
SIGMAB_COUNTS tag=MONASH species=Sigma*_b+ pdg=5224 slice=all p=55 a=44 file=/data/alice/ipardoza/hadronization_production/HF_RUN3_V1/raw/MONASH/hf_MONASH_job893.root
SIGMAB_COUNTS tag=MONASH species=Sigma*_b+ pdg=5224 slice=eta_lt_1 p=9 a=7 file=/data/alice/ipardoza/hadronization_production/HF_RUN3_V1/raw/MONASH/hf_MONASH_job893.root
SIGMAB_COUNTS tag=MONASH species=Sigma*_b+ pdg=5224 slice=eta_1_2 p=15 a=9 file=/data/alice/ipardoza/hadronization_production/HF_RUN3_V1/raw/MONASH/hf_MONASH_job893.root
SIGMAB_COUNTS tag=MONASH species=Sigma*_b+ pdg=5224 slice=eta_ge_2 p=31 a=28 file=/data/alice/ipardoza/hadronization_production/HF_RUN3_V1/raw/MONASH/hf_MONASH_job893.root
SIGMAB_COUNTS tag=MONASH species=Sigma*_b0 pdg=5214 slice=all p=44 a=43 file=/data/alice/ipardoza/hadronization_production/HF_RUN3_V1/raw/MONASH/hf_MONASH_job893.root
SIGMAB_COUNTS tag=MONASH species=Sigma*_b0 pdg=5214 slice=eta_lt_1 p=9 a=7 file=/data/alice/ipardoza/hadronization_production/HF_RUN3_V1/raw/MONASH/hf_MONASH_job893.root
SIGMAB_COUNTS tag=MONASH species=Sigma*_b0 pdg=5214 slice=eta_1_2 p=10 a=14 file=/data/alice/ipardoza/hadronization_production/HF_RUN3_V1/raw/MONASH/hf_MONASH_job893.root
SIGMAB_COUNTS tag=MONASH species=Sigma*_b0 pdg=5214 slice=eta_ge_2 p=25 a=22 file=/data/alice/ipardoza/hadronization_production/HF_RUN3_V1/raw/MONASH/hf_MONASH_job893.root
SIGMAB_COUNTS tag=MONASH species=Sigma*_b- pdg=5114 slice=all p=53 a=43 file=/data/alice/ipardoza/hadronization_production/HF_RUN3_V1/raw/MONASH/hf_MONASH_job893.root
SIGMAB_COUNTS tag=MONASH species=Sigma*_b- pdg=5114 slice=eta_lt_1 p=9 a=9 file=/data/alice/ipardoza/hadronization_production/HF_RUN3_V1/raw/MONASH/hf_MONASH_job893.root
SIGMAB_COUNTS tag=MONASH species=Sigma*_b- pdg=5114 slice=eta_1_2 p=14 a=7 file=/data/alice/ipardoza/hadronization_production/HF_RUN3_V1/raw/MONASH/hf_MONASH_job893.root
SIGMAB_COUNTS tag=MONASH species=Sigma*_b- pdg=5114 slice=eta_ge_2 p=30 a=27 file=/data/alice/ipardoza/hadronization_production/HF_RUN3_V1/raw/MONASH/hf_MONASH_job893.root
SIGMAB_COUNTS tag=MONASH species=Lambda_b0 pdg=5122 slice=all p=302 a=302 file=/data/alice/ipardoza/hadronization_production/HF_RUN3_V1/raw/MONASH/hf_MONASH_job893.root
SIGMAB_COUNTS tag=MONASH species=Lambda_b0 pdg=5122 slice=eta_lt_1 p=57 a=44 file=/data/alice/ipardoza/hadronization_production/HF_RUN3_V1/raw/MONASH/hf_MONASH_job893.root
SIGMAB_COUNTS tag=MONASH species=Lambda_b0 pdg=5122 slice=eta_1_2 p=67 a=65 file=/data/alice/ipardoza/hadronization_production/HF_RUN3_V1/raw/MONASH/hf_MONASH_job893.root
SIGMAB_COUNTS tag=MONASH species=Lambda_b0 pdg=5122 slice=eta_ge_2 p=178 a=193 file=/data/alice/ipardoza/hadronization_production/HF_RUN3_V1/raw/MONASH/hf_MONASH_job893.root
SIGMAB_COUNTS tag=MONASH species=Xi_b0 pdg=5232 slice=all p=61 a=58 file=/data/alice/ipardoza/hadronization_production/HF_RUN3_V1/raw/MONASH/hf_MONASH_job893.root
SIGMAB_COUNTS tag=MONASH species=Xi_b0 pdg=5232 slice=eta_lt_1 p=9 a=14 file=/data/alice/ipardoza/hadronization_production/HF_RUN3_V1/raw/MONASH/hf_MONASH_job893.root
SIGMAB_COUNTS tag=MONASH species=Xi_b0 pdg=5232 slice=eta_1_2 p=18 a=18 file=/data/alice/ipardoza/hadronization_production/HF_RUN3_V1/raw/MONASH/hf_MONASH_job893.root
SIGMAB_COUNTS tag=MONASH species=Xi_b0 pdg=5232 slice=eta_ge_2 p=34 a=26 file=/data/alice/ipardoza/hadronization_production/HF_RUN3_V1/raw/MONASH/hf_MONASH_job893.root
SIGMAB_COUNTS tag=MONASH species=Xi_b- pdg=5132 slice=all p=64 a=58 file=/data/alice/ipardoza/hadronization_production/HF_RUN3_V1/raw/MONASH/hf_MONASH_job893.root
SIGMAB_COUNTS tag=MONASH species=Xi_b- pdg=5132 slice=eta_lt_1 p=14 a=11 file=/data/alice/ipardoza/hadronization_production/HF_RUN3_V1/raw/MONASH/hf_MONASH_job893.root
SIGMAB_COUNTS tag=MONASH species=Xi_b- pdg=5132 slice=eta_1_2 p=16 a=9 file=/data/alice/ipardoza/hadronization_production/HF_RUN3_V1/raw/MONASH/hf_MONASH_job893.root
SIGMAB_COUNTS tag=MONASH species=Xi_b- pdg=5132 slice=eta_ge_2 p=34 a=38 file=/data/alice/ipardoza/hadronization_production/HF_RUN3_V1/raw/MONASH/hf_MONASH_job893.root
SIGMAB_COUNTS tag=MONASH species=Sigma_b+ pdg=5222 slice=all p=35 a=22 file=/data/alice/ipardoza/hadronization_production/HF_RUN3_V1/raw/MONASH/hf_MONASH_job894.root
SIGMAB_COUNTS tag=MONASH species=Sigma_b+ pdg=5222 slice=eta_lt_1 p=7 a=6 file=/data/alice/ipardoza/hadronization_production/HF_RUN3_V1/raw/MONASH/hf_MONASH_job894.root
SIGMAB_COUNTS tag=MONASH species=Sigma_b+ pdg=5222 slice=eta_1_2 p=3 a=5 file=/data/alice/ipardoza/hadronization_production/HF_RUN3_V1/raw/MONASH/hf_MONASH_job894.root
SIGMAB_COUNTS tag=MONASH species=Sigma_b+ pdg=5222 slice=eta_ge_2 p=25 a=11 file=/data/alice/ipardoza/hadronization_production/HF_RUN3_V1/raw/MONASH/hf_MONASH_job894.root
SIGMAB_COUNTS tag=MONASH species=Sigma_b0 pdg=5212 slice=all p=38 a=19 file=/data/alice/ipardoza/hadronization_production/HF_RUN3_V1/raw/MONASH/hf_MONASH_job894.root
SIGMAB_COUNTS tag=MONASH species=Sigma_b0 pdg=5212 slice=eta_lt_1 p=7 a=3 file=/data/alice/ipardoza/hadronization_production/HF_RUN3_V1/raw/MONASH/hf_MONASH_job894.root
SIGMAB_COUNTS tag=MONASH species=Sigma_b0 pdg=5212 slice=eta_1_2 p=10 a=6 file=/data/alice/ipardoza/hadronization_production/HF_RUN3_V1/raw/MONASH/hf_MONASH_job894.root
SIGMAB_COUNTS tag=MONASH species=Sigma_b0 pdg=5212 slice=eta_ge_2 p=21 a=10 file=/data/alice/ipardoza/hadronization_production/HF_RUN3_V1/raw/MONASH/hf_MONASH_job894.root
SIGMAB_COUNTS tag=MONASH species=Sigma_b- pdg=5112 slice=all p=31 a=12 file=/data/alice/ipardoza/hadronization_production/HF_RUN3_V1/raw/MONASH/hf_MONASH_job894.root
SIGMAB_COUNTS tag=MONASH species=Sigma_b- pdg=5112 slice=eta_lt_1 p=4 a=0 file=/data/alice/ipardoza/hadronization_production/HF_RUN3_V1/raw/MONASH/hf_MONASH_job894.root
SIGMAB_COUNTS tag=MONASH species=Sigma_b- pdg=5112 slice=eta_1_2 p=7 a=4 file=/data/alice/ipardoza/hadronization_production/HF_RUN3_V1/raw/MONASH/hf_MONASH_job894.root
SIGMAB_COUNTS tag=MONASH species=Sigma_b- pdg=5112 slice=eta_ge_2 p=20 a=8 file=/data/alice/ipardoza/hadronization_production/HF_RUN3_V1/raw/MONASH/hf_MONASH_job894.root
SIGMAB_COUNTS tag=MONASH species=Sigma*_b+ pdg=5224 slice=all p=42 a=45 file=/data/alice/ipardoza/hadronization_production/HF_RUN3_V1/raw/MONASH/hf_MONASH_job894.root
SIGMAB_COUNTS tag=MONASH species=Sigma*_b+ pdg=5224 slice=eta_lt_1 p=15 a=10 file=/data/alice/ipardoza/hadronization_production/HF_RUN3_V1/raw/MONASH/hf_MONASH_job894.root
SIGMAB_COUNTS tag=MONASH species=Sigma*_b+ pdg=5224 slice=eta_1_2 p=7 a=15 file=/data/alice/ipardoza/hadronization_production/HF_RUN3_V1/raw/MONASH/hf_MONASH_job894.root
SIGMAB_COUNTS tag=MONASH species=Sigma*_b+ pdg=5224 slice=eta_ge_2 p=20 a=20 file=/data/alice/ipardoza/hadronization_production/HF_RUN3_V1/raw/MONASH/hf_MONASH_job894.root
SIGMAB_COUNTS tag=MONASH species=Sigma*_b0 pdg=5214 slice=all p=50 a=36 file=/data/alice/ipardoza/hadronization_production/HF_RUN3_V1/raw/MONASH/hf_MONASH_job894.root
SIGMAB_COUNTS tag=MONASH species=Sigma*_b0 pdg=5214 slice=eta_lt_1 p=5 a=4 file=/data/alice/ipardoza/hadronization_production/HF_RUN3_V1/raw/MONASH/hf_MONASH_job894.root
SIGMAB_COUNTS tag=MONASH species=Sigma*_b0 pdg=5214 slice=eta_1_2 p=12 a=9 file=/data/alice/ipardoza/hadronization_production/HF_RUN3_V1/raw/MONASH/hf_MONASH_job894.root
SIGMAB_COUNTS tag=MONASH species=Sigma*_b0 pdg=5214 slice=eta_ge_2 p=33 a=23 file=/data/alice/ipardoza/hadronization_production/HF_RUN3_V1/raw/MONASH/hf_MONASH_job894.root
SIGMAB_COUNTS tag=MONASH species=Sigma*_b- pdg=5114 slice=all p=48 a=42 file=/data/alice/ipardoza/hadronization_production/HF_RUN3_V1/raw/MONASH/hf_MONASH_job894.root
SIGMAB_COUNTS tag=MONASH species=Sigma*_b- pdg=5114 slice=eta_lt_1 p=8 a=10 file=/data/alice/ipardoza/hadronization_production/HF_RUN3_V1/raw/MONASH/hf_MONASH_job894.root
SIGMAB_COUNTS tag=MONASH species=Sigma*_b- pdg=5114 slice=eta_1_2 p=12 a=10 file=/data/alice/ipardoza/hadronization_production/HF_RUN3_V1/raw/MONASH/hf_MONASH_job894.root
SIGMAB_COUNTS tag=MONASH species=Sigma*_b- pdg=5114 slice=eta_ge_2 p=28 a=22 file=/data/alice/ipardoza/hadronization_production/HF_RUN3_V1/raw/MONASH/hf_MONASH_job894.root
SIGMAB_COUNTS tag=MONASH species=Lambda_b0 pdg=5122 slice=all p=358 a=306 file=/data/alice/ipardoza/hadronization_production/HF_RUN3_V1/raw/MONASH/hf_MONASH_job894.root
SIGMAB_COUNTS tag=MONASH species=Lambda_b0 pdg=5122 slice=eta_lt_1 p=63 a=66 file=/data/alice/ipardoza/hadronization_production/HF_RUN3_V1/raw/MONASH/hf_MONASH_job894.root
SIGMAB_COUNTS tag=MONASH species=Lambda_b0 pdg=5122 slice=eta_1_2 p=87 a=63 file=/data/alice/ipardoza/hadronization_production/HF_RUN3_V1/raw/MONASH/hf_MONASH_job894.root
SIGMAB_COUNTS tag=MONASH species=Lambda_b0 pdg=5122 slice=eta_ge_2 p=208 a=177 file=/data/alice/ipardoza/hadronization_production/HF_RUN3_V1/raw/MONASH/hf_MONASH_job894.root
SIGMAB_COUNTS tag=MONASH species=Xi_b0 pdg=5232 slice=all p=67 a=50 file=/data/alice/ipardoza/hadronization_production/HF_RUN3_V1/raw/MONASH/hf_MONASH_job894.root
SIGMAB_COUNTS tag=MONASH species=Xi_b0 pdg=5232 slice=eta_lt_1 p=9 a=6 file=/data/alice/ipardoza/hadronization_production/HF_RUN3_V1/raw/MONASH/hf_MONASH_job894.root
SIGMAB_COUNTS tag=MONASH species=Xi_b0 pdg=5232 slice=eta_1_2 p=11 a=15 file=/data/alice/ipardoza/hadronization_production/HF_RUN3_V1/raw/MONASH/hf_MONASH_job894.root
SIGMAB_COUNTS tag=MONASH species=Xi_b0 pdg=5232 slice=eta_ge_2 p=47 a=29 file=/data/alice/ipardoza/hadronization_production/HF_RUN3_V1/raw/MONASH/hf_MONASH_job894.root
SIGMAB_COUNTS tag=MONASH species=Xi_b- pdg=5132 slice=all p=61 a=60 file=/data/alice/ipardoza/hadronization_production/HF_RUN3_V1/raw/MONASH/hf_MONASH_job894.root
SIGMAB_COUNTS tag=MONASH species=Xi_b- pdg=5132 slice=eta_lt_1 p=8 a=16 file=/data/alice/ipardoza/hadronization_production/HF_RUN3_V1/raw/MONASH/hf_MONASH_job894.root
SIGMAB_COUNTS tag=MONASH species=Xi_b- pdg=5132 slice=eta_1_2 p=13 a=15 file=/data/alice/ipardoza/hadronization_production/HF_RUN3_V1/raw/MONASH/hf_MONASH_job894.root
SIGMAB_COUNTS tag=MONASH species=Xi_b- pdg=5132 slice=eta_ge_2 p=40 a=29 file=/data/alice/ipardoza/hadronization_production/HF_RUN3_V1/raw/MONASH/hf_MONASH_job894.root
SIGMAB_COUNTS tag=MONASH species=Sigma_b+ pdg=5222 slice=all p=40 a=17 file=/data/alice/ipardoza/hadronization_production/HF_RUN3_V1/raw/MONASH/hf_MONASH_job895.root
SIGMAB_COUNTS tag=MONASH species=Sigma_b+ pdg=5222 slice=eta_lt_1 p=8 a=3 file=/data/alice/ipardoza/hadronization_production/HF_RUN3_V1/raw/MONASH/hf_MONASH_job895.root
SIGMAB_COUNTS tag=MONASH species=Sigma_b+ pdg=5222 slice=eta_1_2 p=5 a=7 file=/data/alice/ipardoza/hadronization_production/HF_RUN3_V1/raw/MONASH/hf_MONASH_job895.root
SIGMAB_COUNTS tag=MONASH species=Sigma_b+ pdg=5222 slice=eta_ge_2 p=27 a=7 file=/data/alice/ipardoza/hadronization_production/HF_RUN3_V1/raw/MONASH/hf_MONASH_job895.root
SIGMAB_COUNTS tag=MONASH species=Sigma_b0 pdg=5212 slice=all p=39 a=31 file=/data/alice/ipardoza/hadronization_production/HF_RUN3_V1/raw/MONASH/hf_MONASH_job895.root
SIGMAB_COUNTS tag=MONASH species=Sigma_b0 pdg=5212 slice=eta_lt_1 p=5 a=3 file=/data/alice/ipardoza/hadronization_production/HF_RUN3_V1/raw/MONASH/hf_MONASH_job895.root
SIGMAB_COUNTS tag=MONASH species=Sigma_b0 pdg=5212 slice=eta_1_2 p=4 a=7 file=/data/alice/ipardoza/hadronization_production/HF_RUN3_V1/raw/MONASH/hf_MONASH_job895.root
SIGMAB_COUNTS tag=MONASH species=Sigma_b0 pdg=5212 slice=eta_ge_2 p=30 a=21 file=/data/alice/ipardoza/hadronization_production/HF_RUN3_V1/raw/MONASH/hf_MONASH_job895.root
SIGMAB_COUNTS tag=MONASH species=Sigma_b- pdg=5112 slice=all p=27 a=18 file=/data/alice/ipardoza/hadronization_production/HF_RUN3_V1/raw/MONASH/hf_MONASH_job895.root
SIGMAB_COUNTS tag=MONASH species=Sigma_b- pdg=5112 slice=eta_lt_1 p=2 a=3 file=/data/alice/ipardoza/hadronization_production/HF_RUN3_V1/raw/MONASH/hf_MONASH_job895.root
SIGMAB_COUNTS tag=MONASH species=Sigma_b- pdg=5112 slice=eta_1_2 p=8 a=3 file=/data/alice/ipardoza/hadronization_production/HF_RUN3_V1/raw/MONASH/hf_MONASH_job895.root
SIGMAB_COUNTS tag=MONASH species=Sigma_b- pdg=5112 slice=eta_ge_2 p=17 a=12 file=/data/alice/ipardoza/hadronization_production/HF_RUN3_V1/raw/MONASH/hf_MONASH_job895.root
SIGMAB_COUNTS tag=MONASH species=Sigma*_b+ pdg=5224 slice=all p=47 a=37 file=/data/alice/ipardoza/hadronization_production/HF_RUN3_V1/raw/MONASH/hf_MONASH_job895.root
SIGMAB_COUNTS tag=MONASH species=Sigma*_b+ pdg=5224 slice=eta_lt_1 p=12 a=6 file=/data/alice/ipardoza/hadronization_production/HF_RUN3_V1/raw/MONASH/hf_MONASH_job895.root
SIGMAB_COUNTS tag=MONASH species=Sigma*_b+ pdg=5224 slice=eta_1_2 p=6 a=8 file=/data/alice/ipardoza/hadronization_production/HF_RUN3_V1/raw/MONASH/hf_MONASH_job895.root
SIGMAB_COUNTS tag=MONASH species=Sigma*_b+ pdg=5224 slice=eta_ge_2 p=29 a=23 file=/data/alice/ipardoza/hadronization_production/HF_RUN3_V1/raw/MONASH/hf_MONASH_job895.root
SIGMAB_COUNTS tag=MONASH species=Sigma*_b0 pdg=5214 slice=all p=52 a=39 file=/data/alice/ipardoza/hadronization_production/HF_RUN3_V1/raw/MONASH/hf_MONASH_job895.root
SIGMAB_COUNTS tag=MONASH species=Sigma*_b0 pdg=5214 slice=eta_lt_1 p=11 a=2 file=/data/alice/ipardoza/hadronization_production/HF_RUN3_V1/raw/MONASH/hf_MONASH_job895.root
SIGMAB_COUNTS tag=MONASH species=Sigma*_b0 pdg=5214 slice=eta_1_2 p=9 a=11 file=/data/alice/ipardoza/hadronization_production/HF_RUN3_V1/raw/MONASH/hf_MONASH_job895.root
SIGMAB_COUNTS tag=MONASH species=Sigma*_b0 pdg=5214 slice=eta_ge_2 p=32 a=26 file=/data/alice/ipardoza/hadronization_production/HF_RUN3_V1/raw/MONASH/hf_MONASH_job895.root
SIGMAB_COUNTS tag=MONASH species=Sigma*_b- pdg=5114 slice=all p=32 a=44 file=/data/alice/ipardoza/hadronization_production/HF_RUN3_V1/raw/MONASH/hf_MONASH_job895.root
SIGMAB_COUNTS tag=MONASH species=Sigma*_b- pdg=5114 slice=eta_lt_1 p=4 a=6 file=/data/alice/ipardoza/hadronization_production/HF_RUN3_V1/raw/MONASH/hf_MONASH_job895.root
SIGMAB_COUNTS tag=MONASH species=Sigma*_b- pdg=5114 slice=eta_1_2 p=5 a=13 file=/data/alice/ipardoza/hadronization_production/HF_RUN3_V1/raw/MONASH/hf_MONASH_job895.root
SIGMAB_COUNTS tag=MONASH species=Sigma*_b- pdg=5114 slice=eta_ge_2 p=23 a=25 file=/data/alice/ipardoza/hadronization_production/HF_RUN3_V1/raw/MONASH/hf_MONASH_job895.root
SIGMAB_COUNTS tag=MONASH species=Lambda_b0 pdg=5122 slice=all p=309 a=347 file=/data/alice/ipardoza/hadronization_production/HF_RUN3_V1/raw/MONASH/hf_MONASH_job895.root
SIGMAB_COUNTS tag=MONASH species=Lambda_b0 pdg=5122 slice=eta_lt_1 p=69 a=52 file=/data/alice/ipardoza/hadronization_production/HF_RUN3_V1/raw/MONASH/hf_MONASH_job895.root
SIGMAB_COUNTS tag=MONASH species=Lambda_b0 pdg=5122 slice=eta_1_2 p=64 a=81 file=/data/alice/ipardoza/hadronization_production/HF_RUN3_V1/raw/MONASH/hf_MONASH_job895.root
SIGMAB_COUNTS tag=MONASH species=Lambda_b0 pdg=5122 slice=eta_ge_2 p=176 a=214 file=/data/alice/ipardoza/hadronization_production/HF_RUN3_V1/raw/MONASH/hf_MONASH_job895.root
SIGMAB_COUNTS tag=MONASH species=Xi_b0 pdg=5232 slice=all p=47 a=49 file=/data/alice/ipardoza/hadronization_production/HF_RUN3_V1/raw/MONASH/hf_MONASH_job895.root
SIGMAB_COUNTS tag=MONASH species=Xi_b0 pdg=5232 slice=eta_lt_1 p=12 a=7 file=/data/alice/ipardoza/hadronization_production/HF_RUN3_V1/raw/MONASH/hf_MONASH_job895.root
SIGMAB_COUNTS tag=MONASH species=Xi_b0 pdg=5232 slice=eta_1_2 p=5 a=8 file=/data/alice/ipardoza/hadronization_production/HF_RUN3_V1/raw/MONASH/hf_MONASH_job895.root
SIGMAB_COUNTS tag=MONASH species=Xi_b0 pdg=5232 slice=eta_ge_2 p=30 a=34 file=/data/alice/ipardoza/hadronization_production/HF_RUN3_V1/raw/MONASH/hf_MONASH_job895.root
SIGMAB_COUNTS tag=MONASH species=Xi_b- pdg=5132 slice=all p=49 a=62 file=/data/alice/ipardoza/hadronization_production/HF_RUN3_V1/raw/MONASH/hf_MONASH_job895.root
SIGMAB_COUNTS tag=MONASH species=Xi_b- pdg=5132 slice=eta_lt_1 p=4 a=15 file=/data/alice/ipardoza/hadronization_production/HF_RUN3_V1/raw/MONASH/hf_MONASH_job895.root
SIGMAB_COUNTS tag=MONASH species=Xi_b- pdg=5132 slice=eta_1_2 p=10 a=12 file=/data/alice/ipardoza/hadronization_production/HF_RUN3_V1/raw/MONASH/hf_MONASH_job895.root
SIGMAB_COUNTS tag=MONASH species=Xi_b- pdg=5132 slice=eta_ge_2 p=35 a=35 file=/data/alice/ipardoza/hadronization_production/HF_RUN3_V1/raw/MONASH/hf_MONASH_job895.root
SIGMAB_COUNTS tag=MONASH species=Sigma_b+ pdg=5222 slice=all p=35 a=17 file=/data/alice/ipardoza/hadronization_production/HF_RUN3_V1/raw/MONASH/hf_MONASH_job896.root
SIGMAB_COUNTS tag=MONASH species=Sigma_b+ pdg=5222 slice=eta_lt_1 p=6 a=3 file=/data/alice/ipardoza/hadronization_production/HF_RUN3_V1/raw/MONASH/hf_MONASH_job896.root
SIGMAB_COUNTS tag=MONASH species=Sigma_b+ pdg=5222 slice=eta_1_2 p=7 a=8 file=/data/alice/ipardoza/hadronization_production/HF_RUN3_V1/raw/MONASH/hf_MONASH_job896.root
SIGMAB_COUNTS tag=MONASH species=Sigma_b+ pdg=5222 slice=eta_ge_2 p=22 a=6 file=/data/alice/ipardoza/hadronization_production/HF_RUN3_V1/raw/MONASH/hf_MONASH_job896.root
SIGMAB_COUNTS tag=MONASH species=Sigma_b0 pdg=5212 slice=all p=22 a=20 file=/data/alice/ipardoza/hadronization_production/HF_RUN3_V1/raw/MONASH/hf_MONASH_job896.root
SIGMAB_COUNTS tag=MONASH species=Sigma_b0 pdg=5212 slice=eta_lt_1 p=0 a=4 file=/data/alice/ipardoza/hadronization_production/HF_RUN3_V1/raw/MONASH/hf_MONASH_job896.root
SIGMAB_COUNTS tag=MONASH species=Sigma_b0 pdg=5212 slice=eta_1_2 p=6 a=6 file=/data/alice/ipardoza/hadronization_production/HF_RUN3_V1/raw/MONASH/hf_MONASH_job896.root
SIGMAB_COUNTS tag=MONASH species=Sigma_b0 pdg=5212 slice=eta_ge_2 p=16 a=10 file=/data/alice/ipardoza/hadronization_production/HF_RUN3_V1/raw/MONASH/hf_MONASH_job896.root
SIGMAB_COUNTS tag=MONASH species=Sigma_b- pdg=5112 slice=all p=33 a=15 file=/data/alice/ipardoza/hadronization_production/HF_RUN3_V1/raw/MONASH/hf_MONASH_job896.root
SIGMAB_COUNTS tag=MONASH species=Sigma_b- pdg=5112 slice=eta_lt_1 p=7 a=2 file=/data/alice/ipardoza/hadronization_production/HF_RUN3_V1/raw/MONASH/hf_MONASH_job896.root
SIGMAB_COUNTS tag=MONASH species=Sigma_b- pdg=5112 slice=eta_1_2 p=6 a=2 file=/data/alice/ipardoza/hadronization_production/HF_RUN3_V1/raw/MONASH/hf_MONASH_job896.root
SIGMAB_COUNTS tag=MONASH species=Sigma_b- pdg=5112 slice=eta_ge_2 p=20 a=11 file=/data/alice/ipardoza/hadronization_production/HF_RUN3_V1/raw/MONASH/hf_MONASH_job896.root
SIGMAB_COUNTS tag=MONASH species=Sigma*_b+ pdg=5224 slice=all p=38 a=42 file=/data/alice/ipardoza/hadronization_production/HF_RUN3_V1/raw/MONASH/hf_MONASH_job896.root
SIGMAB_COUNTS tag=MONASH species=Sigma*_b+ pdg=5224 slice=eta_lt_1 p=10 a=7 file=/data/alice/ipardoza/hadronization_production/HF_RUN3_V1/raw/MONASH/hf_MONASH_job896.root
SIGMAB_COUNTS tag=MONASH species=Sigma*_b+ pdg=5224 slice=eta_1_2 p=8 a=10 file=/data/alice/ipardoza/hadronization_production/HF_RUN3_V1/raw/MONASH/hf_MONASH_job896.root
SIGMAB_COUNTS tag=MONASH species=Sigma*_b+ pdg=5224 slice=eta_ge_2 p=20 a=25 file=/data/alice/ipardoza/hadronization_production/HF_RUN3_V1/raw/MONASH/hf_MONASH_job896.root
SIGMAB_COUNTS tag=MONASH species=Sigma*_b0 pdg=5214 slice=all p=52 a=44 file=/data/alice/ipardoza/hadronization_production/HF_RUN3_V1/raw/MONASH/hf_MONASH_job896.root
SIGMAB_COUNTS tag=MONASH species=Sigma*_b0 pdg=5214 slice=eta_lt_1 p=9 a=10 file=/data/alice/ipardoza/hadronization_production/HF_RUN3_V1/raw/MONASH/hf_MONASH_job896.root
SIGMAB_COUNTS tag=MONASH species=Sigma*_b0 pdg=5214 slice=eta_1_2 p=4 a=9 file=/data/alice/ipardoza/hadronization_production/HF_RUN3_V1/raw/MONASH/hf_MONASH_job896.root
SIGMAB_COUNTS tag=MONASH species=Sigma*_b0 pdg=5214 slice=eta_ge_2 p=39 a=25 file=/data/alice/ipardoza/hadronization_production/HF_RUN3_V1/raw/MONASH/hf_MONASH_job896.root
SIGMAB_COUNTS tag=MONASH species=Sigma*_b- pdg=5114 slice=all p=55 a=34 file=/data/alice/ipardoza/hadronization_production/HF_RUN3_V1/raw/MONASH/hf_MONASH_job896.root
SIGMAB_COUNTS tag=MONASH species=Sigma*_b- pdg=5114 slice=eta_lt_1 p=8 a=8 file=/data/alice/ipardoza/hadronization_production/HF_RUN3_V1/raw/MONASH/hf_MONASH_job896.root
SIGMAB_COUNTS tag=MONASH species=Sigma*_b- pdg=5114 slice=eta_1_2 p=10 a=5 file=/data/alice/ipardoza/hadronization_production/HF_RUN3_V1/raw/MONASH/hf_MONASH_job896.root
SIGMAB_COUNTS tag=MONASH species=Sigma*_b- pdg=5114 slice=eta_ge_2 p=37 a=21 file=/data/alice/ipardoza/hadronization_production/HF_RUN3_V1/raw/MONASH/hf_MONASH_job896.root
SIGMAB_COUNTS tag=MONASH species=Lambda_b0 pdg=5122 slice=all p=298 a=322 file=/data/alice/ipardoza/hadronization_production/HF_RUN3_V1/raw/MONASH/hf_MONASH_job896.root
SIGMAB_COUNTS tag=MONASH species=Lambda_b0 pdg=5122 slice=eta_lt_1 p=47 a=60 file=/data/alice/ipardoza/hadronization_production/HF_RUN3_V1/raw/MONASH/hf_MONASH_job896.root
SIGMAB_COUNTS tag=MONASH species=Lambda_b0 pdg=5122 slice=eta_1_2 p=58 a=85 file=/data/alice/ipardoza/hadronization_production/HF_RUN3_V1/raw/MONASH/hf_MONASH_job896.root
SIGMAB_COUNTS tag=MONASH species=Lambda_b0 pdg=5122 slice=eta_ge_2 p=193 a=177 file=/data/alice/ipardoza/hadronization_production/HF_RUN3_V1/raw/MONASH/hf_MONASH_job896.root
SIGMAB_COUNTS tag=MONASH species=Xi_b0 pdg=5232 slice=all p=40 a=54 file=/data/alice/ipardoza/hadronization_production/HF_RUN3_V1/raw/MONASH/hf_MONASH_job896.root
SIGMAB_COUNTS tag=MONASH species=Xi_b0 pdg=5232 slice=eta_lt_1 p=9 a=11 file=/data/alice/ipardoza/hadronization_production/HF_RUN3_V1/raw/MONASH/hf_MONASH_job896.root
SIGMAB_COUNTS tag=MONASH species=Xi_b0 pdg=5232 slice=eta_1_2 p=10 a=15 file=/data/alice/ipardoza/hadronization_production/HF_RUN3_V1/raw/MONASH/hf_MONASH_job896.root
SIGMAB_COUNTS tag=MONASH species=Xi_b0 pdg=5232 slice=eta_ge_2 p=21 a=28 file=/data/alice/ipardoza/hadronization_production/HF_RUN3_V1/raw/MONASH/hf_MONASH_job896.root
SIGMAB_COUNTS tag=MONASH species=Xi_b- pdg=5132 slice=all p=56 a=53 file=/data/alice/ipardoza/hadronization_production/HF_RUN3_V1/raw/MONASH/hf_MONASH_job896.root
SIGMAB_COUNTS tag=MONASH species=Xi_b- pdg=5132 slice=eta_lt_1 p=10 a=11 file=/data/alice/ipardoza/hadronization_production/HF_RUN3_V1/raw/MONASH/hf_MONASH_job896.root
SIGMAB_COUNTS tag=MONASH species=Xi_b- pdg=5132 slice=eta_1_2 p=9 a=6 file=/data/alice/ipardoza/hadronization_production/HF_RUN3_V1/raw/MONASH/hf_MONASH_job896.root
SIGMAB_COUNTS tag=MONASH species=Xi_b- pdg=5132 slice=eta_ge_2 p=37 a=36 file=/data/alice/ipardoza/hadronization_production/HF_RUN3_V1/raw/MONASH/hf_MONASH_job896.root
SIGMAB_COUNTS tag=MONASH species=Sigma_b+ pdg=5222 slice=all p=37 a=25 file=/data/alice/ipardoza/hadronization_production/HF_RUN3_V1/raw/MONASH/hf_MONASH_job897.root
SIGMAB_COUNTS tag=MONASH species=Sigma_b+ pdg=5222 slice=eta_lt_1 p=8 a=2 file=/data/alice/ipardoza/hadronization_production/HF_RUN3_V1/raw/MONASH/hf_MONASH_job897.root
SIGMAB_COUNTS tag=MONASH species=Sigma_b+ pdg=5222 slice=eta_1_2 p=3 a=9 file=/data/alice/ipardoza/hadronization_production/HF_RUN3_V1/raw/MONASH/hf_MONASH_job897.root
SIGMAB_COUNTS tag=MONASH species=Sigma_b+ pdg=5222 slice=eta_ge_2 p=26 a=14 file=/data/alice/ipardoza/hadronization_production/HF_RUN3_V1/raw/MONASH/hf_MONASH_job897.root
SIGMAB_COUNTS tag=MONASH species=Sigma_b0 pdg=5212 slice=all p=36 a=21 file=/data/alice/ipardoza/hadronization_production/HF_RUN3_V1/raw/MONASH/hf_MONASH_job897.root
SIGMAB_COUNTS tag=MONASH species=Sigma_b0 pdg=5212 slice=eta_lt_1 p=9 a=4 file=/data/alice/ipardoza/hadronization_production/HF_RUN3_V1/raw/MONASH/hf_MONASH_job897.root
SIGMAB_COUNTS tag=MONASH species=Sigma_b0 pdg=5212 slice=eta_1_2 p=6 a=7 file=/data/alice/ipardoza/hadronization_production/HF_RUN3_V1/raw/MONASH/hf_MONASH_job897.root
SIGMAB_COUNTS tag=MONASH species=Sigma_b0 pdg=5212 slice=eta_ge_2 p=21 a=10 file=/data/alice/ipardoza/hadronization_production/HF_RUN3_V1/raw/MONASH/hf_MONASH_job897.root
SIGMAB_COUNTS tag=MONASH species=Sigma_b- pdg=5112 slice=all p=32 a=8 file=/data/alice/ipardoza/hadronization_production/HF_RUN3_V1/raw/MONASH/hf_MONASH_job897.root
SIGMAB_COUNTS tag=MONASH species=Sigma_b- pdg=5112 slice=eta_lt_1 p=7 a=2 file=/data/alice/ipardoza/hadronization_production/HF_RUN3_V1/raw/MONASH/hf_MONASH_job897.root
SIGMAB_COUNTS tag=MONASH species=Sigma_b- pdg=5112 slice=eta_1_2 p=3 a=3 file=/data/alice/ipardoza/hadronization_production/HF_RUN3_V1/raw/MONASH/hf_MONASH_job897.root
SIGMAB_COUNTS tag=MONASH species=Sigma_b- pdg=5112 slice=eta_ge_2 p=22 a=3 file=/data/alice/ipardoza/hadronization_production/HF_RUN3_V1/raw/MONASH/hf_MONASH_job897.root
SIGMAB_COUNTS tag=MONASH species=Sigma*_b+ pdg=5224 slice=all p=43 a=45 file=/data/alice/ipardoza/hadronization_production/HF_RUN3_V1/raw/MONASH/hf_MONASH_job897.root
SIGMAB_COUNTS tag=MONASH species=Sigma*_b+ pdg=5224 slice=eta_lt_1 p=3 a=13 file=/data/alice/ipardoza/hadronization_production/HF_RUN3_V1/raw/MONASH/hf_MONASH_job897.root
SIGMAB_COUNTS tag=MONASH species=Sigma*_b+ pdg=5224 slice=eta_1_2 p=13 a=7 file=/data/alice/ipardoza/hadronization_production/HF_RUN3_V1/raw/MONASH/hf_MONASH_job897.root
SIGMAB_COUNTS tag=MONASH species=Sigma*_b+ pdg=5224 slice=eta_ge_2 p=27 a=25 file=/data/alice/ipardoza/hadronization_production/HF_RUN3_V1/raw/MONASH/hf_MONASH_job897.root
SIGMAB_COUNTS tag=MONASH species=Sigma*_b0 pdg=5214 slice=all p=76 a=30 file=/data/alice/ipardoza/hadronization_production/HF_RUN3_V1/raw/MONASH/hf_MONASH_job897.root
SIGMAB_COUNTS tag=MONASH species=Sigma*_b0 pdg=5214 slice=eta_lt_1 p=11 a=4 file=/data/alice/ipardoza/hadronization_production/HF_RUN3_V1/raw/MONASH/hf_MONASH_job897.root
SIGMAB_COUNTS tag=MONASH species=Sigma*_b0 pdg=5214 slice=eta_1_2 p=22 a=10 file=/data/alice/ipardoza/hadronization_production/HF_RUN3_V1/raw/MONASH/hf_MONASH_job897.root
SIGMAB_COUNTS tag=MONASH species=Sigma*_b0 pdg=5214 slice=eta_ge_2 p=43 a=16 file=/data/alice/ipardoza/hadronization_production/HF_RUN3_V1/raw/MONASH/hf_MONASH_job897.root
SIGMAB_COUNTS tag=MONASH species=Sigma*_b- pdg=5114 slice=all p=56 a=46 file=/data/alice/ipardoza/hadronization_production/HF_RUN3_V1/raw/MONASH/hf_MONASH_job897.root
SIGMAB_COUNTS tag=MONASH species=Sigma*_b- pdg=5114 slice=eta_lt_1 p=10 a=11 file=/data/alice/ipardoza/hadronization_production/HF_RUN3_V1/raw/MONASH/hf_MONASH_job897.root
SIGMAB_COUNTS tag=MONASH species=Sigma*_b- pdg=5114 slice=eta_1_2 p=19 a=8 file=/data/alice/ipardoza/hadronization_production/HF_RUN3_V1/raw/MONASH/hf_MONASH_job897.root
SIGMAB_COUNTS tag=MONASH species=Sigma*_b- pdg=5114 slice=eta_ge_2 p=27 a=27 file=/data/alice/ipardoza/hadronization_production/HF_RUN3_V1/raw/MONASH/hf_MONASH_job897.root
SIGMAB_COUNTS tag=MONASH species=Lambda_b0 pdg=5122 slice=all p=338 a=306 file=/data/alice/ipardoza/hadronization_production/HF_RUN3_V1/raw/MONASH/hf_MONASH_job897.root
SIGMAB_COUNTS tag=MONASH species=Lambda_b0 pdg=5122 slice=eta_lt_1 p=54 a=56 file=/data/alice/ipardoza/hadronization_production/HF_RUN3_V1/raw/MONASH/hf_MONASH_job897.root
SIGMAB_COUNTS tag=MONASH species=Lambda_b0 pdg=5122 slice=eta_1_2 p=71 a=70 file=/data/alice/ipardoza/hadronization_production/HF_RUN3_V1/raw/MONASH/hf_MONASH_job897.root
SIGMAB_COUNTS tag=MONASH species=Lambda_b0 pdg=5122 slice=eta_ge_2 p=213 a=180 file=/data/alice/ipardoza/hadronization_production/HF_RUN3_V1/raw/MONASH/hf_MONASH_job897.root
SIGMAB_COUNTS tag=MONASH species=Xi_b0 pdg=5232 slice=all p=64 a=58 file=/data/alice/ipardoza/hadronization_production/HF_RUN3_V1/raw/MONASH/hf_MONASH_job897.root
SIGMAB_COUNTS tag=MONASH species=Xi_b0 pdg=5232 slice=eta_lt_1 p=12 a=11 file=/data/alice/ipardoza/hadronization_production/HF_RUN3_V1/raw/MONASH/hf_MONASH_job897.root
SIGMAB_COUNTS tag=MONASH species=Xi_b0 pdg=5232 slice=eta_1_2 p=9 a=15 file=/data/alice/ipardoza/hadronization_production/HF_RUN3_V1/raw/MONASH/hf_MONASH_job897.root
SIGMAB_COUNTS tag=MONASH species=Xi_b0 pdg=5232 slice=eta_ge_2 p=43 a=32 file=/data/alice/ipardoza/hadronization_production/HF_RUN3_V1/raw/MONASH/hf_MONASH_job897.root
SIGMAB_COUNTS tag=MONASH species=Xi_b- pdg=5132 slice=all p=57 a=53 file=/data/alice/ipardoza/hadronization_production/HF_RUN3_V1/raw/MONASH/hf_MONASH_job897.root
SIGMAB_COUNTS tag=MONASH species=Xi_b- pdg=5132 slice=eta_lt_1 p=9 a=7 file=/data/alice/ipardoza/hadronization_production/HF_RUN3_V1/raw/MONASH/hf_MONASH_job897.root
SIGMAB_COUNTS tag=MONASH species=Xi_b- pdg=5132 slice=eta_1_2 p=14 a=12 file=/data/alice/ipardoza/hadronization_production/HF_RUN3_V1/raw/MONASH/hf_MONASH_job897.root
SIGMAB_COUNTS tag=MONASH species=Xi_b- pdg=5132 slice=eta_ge_2 p=34 a=34 file=/data/alice/ipardoza/hadronization_production/HF_RUN3_V1/raw/MONASH/hf_MONASH_job897.root
SIGMAB_COUNTS tag=MONASH species=Sigma_b+ pdg=5222 slice=all p=27 a=23 file=/data/alice/ipardoza/hadronization_production/HF_RUN3_V1/raw/MONASH/hf_MONASH_job898.root
SIGMAB_COUNTS tag=MONASH species=Sigma_b+ pdg=5222 slice=eta_lt_1 p=4 a=7 file=/data/alice/ipardoza/hadronization_production/HF_RUN3_V1/raw/MONASH/hf_MONASH_job898.root
SIGMAB_COUNTS tag=MONASH species=Sigma_b+ pdg=5222 slice=eta_1_2 p=4 a=4 file=/data/alice/ipardoza/hadronization_production/HF_RUN3_V1/raw/MONASH/hf_MONASH_job898.root
SIGMAB_COUNTS tag=MONASH species=Sigma_b+ pdg=5222 slice=eta_ge_2 p=19 a=12 file=/data/alice/ipardoza/hadronization_production/HF_RUN3_V1/raw/MONASH/hf_MONASH_job898.root
SIGMAB_COUNTS tag=MONASH species=Sigma_b0 pdg=5212 slice=all p=33 a=23 file=/data/alice/ipardoza/hadronization_production/HF_RUN3_V1/raw/MONASH/hf_MONASH_job898.root
SIGMAB_COUNTS tag=MONASH species=Sigma_b0 pdg=5212 slice=eta_lt_1 p=5 a=5 file=/data/alice/ipardoza/hadronization_production/HF_RUN3_V1/raw/MONASH/hf_MONASH_job898.root
SIGMAB_COUNTS tag=MONASH species=Sigma_b0 pdg=5212 slice=eta_1_2 p=5 a=4 file=/data/alice/ipardoza/hadronization_production/HF_RUN3_V1/raw/MONASH/hf_MONASH_job898.root
SIGMAB_COUNTS tag=MONASH species=Sigma_b0 pdg=5212 slice=eta_ge_2 p=23 a=14 file=/data/alice/ipardoza/hadronization_production/HF_RUN3_V1/raw/MONASH/hf_MONASH_job898.root
SIGMAB_COUNTS tag=MONASH species=Sigma_b- pdg=5112 slice=all p=38 a=22 file=/data/alice/ipardoza/hadronization_production/HF_RUN3_V1/raw/MONASH/hf_MONASH_job898.root
SIGMAB_COUNTS tag=MONASH species=Sigma_b- pdg=5112 slice=eta_lt_1 p=4 a=8 file=/data/alice/ipardoza/hadronization_production/HF_RUN3_V1/raw/MONASH/hf_MONASH_job898.root
SIGMAB_COUNTS tag=MONASH species=Sigma_b- pdg=5112 slice=eta_1_2 p=9 a=3 file=/data/alice/ipardoza/hadronization_production/HF_RUN3_V1/raw/MONASH/hf_MONASH_job898.root
SIGMAB_COUNTS tag=MONASH species=Sigma_b- pdg=5112 slice=eta_ge_2 p=25 a=11 file=/data/alice/ipardoza/hadronization_production/HF_RUN3_V1/raw/MONASH/hf_MONASH_job898.root
SIGMAB_COUNTS tag=MONASH species=Sigma*_b+ pdg=5224 slice=all p=60 a=32 file=/data/alice/ipardoza/hadronization_production/HF_RUN3_V1/raw/MONASH/hf_MONASH_job898.root
SIGMAB_COUNTS tag=MONASH species=Sigma*_b+ pdg=5224 slice=eta_lt_1 p=12 a=8 file=/data/alice/ipardoza/hadronization_production/HF_RUN3_V1/raw/MONASH/hf_MONASH_job898.root
SIGMAB_COUNTS tag=MONASH species=Sigma*_b+ pdg=5224 slice=eta_1_2 p=9 a=4 file=/data/alice/ipardoza/hadronization_production/HF_RUN3_V1/raw/MONASH/hf_MONASH_job898.root
SIGMAB_COUNTS tag=MONASH species=Sigma*_b+ pdg=5224 slice=eta_ge_2 p=39 a=20 file=/data/alice/ipardoza/hadronization_production/HF_RUN3_V1/raw/MONASH/hf_MONASH_job898.root
SIGMAB_COUNTS tag=MONASH species=Sigma*_b0 pdg=5214 slice=all p=52 a=34 file=/data/alice/ipardoza/hadronization_production/HF_RUN3_V1/raw/MONASH/hf_MONASH_job898.root
SIGMAB_COUNTS tag=MONASH species=Sigma*_b0 pdg=5214 slice=eta_lt_1 p=7 a=6 file=/data/alice/ipardoza/hadronization_production/HF_RUN3_V1/raw/MONASH/hf_MONASH_job898.root
SIGMAB_COUNTS tag=MONASH species=Sigma*_b0 pdg=5214 slice=eta_1_2 p=9 a=5 file=/data/alice/ipardoza/hadronization_production/HF_RUN3_V1/raw/MONASH/hf_MONASH_job898.root
SIGMAB_COUNTS tag=MONASH species=Sigma*_b0 pdg=5214 slice=eta_ge_2 p=36 a=23 file=/data/alice/ipardoza/hadronization_production/HF_RUN3_V1/raw/MONASH/hf_MONASH_job898.root
SIGMAB_COUNTS tag=MONASH species=Sigma*_b- pdg=5114 slice=all p=48 a=48 file=/data/alice/ipardoza/hadronization_production/HF_RUN3_V1/raw/MONASH/hf_MONASH_job898.root
SIGMAB_COUNTS tag=MONASH species=Sigma*_b- pdg=5114 slice=eta_lt_1 p=9 a=9 file=/data/alice/ipardoza/hadronization_production/HF_RUN3_V1/raw/MONASH/hf_MONASH_job898.root
SIGMAB_COUNTS tag=MONASH species=Sigma*_b- pdg=5114 slice=eta_1_2 p=14 a=9 file=/data/alice/ipardoza/hadronization_production/HF_RUN3_V1/raw/MONASH/hf_MONASH_job898.root
SIGMAB_COUNTS tag=MONASH species=Sigma*_b- pdg=5114 slice=eta_ge_2 p=25 a=30 file=/data/alice/ipardoza/hadronization_production/HF_RUN3_V1/raw/MONASH/hf_MONASH_job898.root
SIGMAB_COUNTS tag=MONASH species=Lambda_b0 pdg=5122 slice=all p=308 a=285 file=/data/alice/ipardoza/hadronization_production/HF_RUN3_V1/raw/MONASH/hf_MONASH_job898.root
SIGMAB_COUNTS tag=MONASH species=Lambda_b0 pdg=5122 slice=eta_lt_1 p=52 a=48 file=/data/alice/ipardoza/hadronization_production/HF_RUN3_V1/raw/MONASH/hf_MONASH_job898.root
SIGMAB_COUNTS tag=MONASH species=Lambda_b0 pdg=5122 slice=eta_1_2 p=67 a=62 file=/data/alice/ipardoza/hadronization_production/HF_RUN3_V1/raw/MONASH/hf_MONASH_job898.root
SIGMAB_COUNTS tag=MONASH species=Lambda_b0 pdg=5122 slice=eta_ge_2 p=189 a=175 file=/data/alice/ipardoza/hadronization_production/HF_RUN3_V1/raw/MONASH/hf_MONASH_job898.root
SIGMAB_COUNTS tag=MONASH species=Xi_b0 pdg=5232 slice=all p=51 a=50 file=/data/alice/ipardoza/hadronization_production/HF_RUN3_V1/raw/MONASH/hf_MONASH_job898.root
SIGMAB_COUNTS tag=MONASH species=Xi_b0 pdg=5232 slice=eta_lt_1 p=11 a=12 file=/data/alice/ipardoza/hadronization_production/HF_RUN3_V1/raw/MONASH/hf_MONASH_job898.root
SIGMAB_COUNTS tag=MONASH species=Xi_b0 pdg=5232 slice=eta_1_2 p=15 a=11 file=/data/alice/ipardoza/hadronization_production/HF_RUN3_V1/raw/MONASH/hf_MONASH_job898.root
SIGMAB_COUNTS tag=MONASH species=Xi_b0 pdg=5232 slice=eta_ge_2 p=25 a=27 file=/data/alice/ipardoza/hadronization_production/HF_RUN3_V1/raw/MONASH/hf_MONASH_job898.root
SIGMAB_COUNTS tag=MONASH species=Xi_b- pdg=5132 slice=all p=59 a=55 file=/data/alice/ipardoza/hadronization_production/HF_RUN3_V1/raw/MONASH/hf_MONASH_job898.root
SIGMAB_COUNTS tag=MONASH species=Xi_b- pdg=5132 slice=eta_lt_1 p=10 a=13 file=/data/alice/ipardoza/hadronization_production/HF_RUN3_V1/raw/MONASH/hf_MONASH_job898.root
SIGMAB_COUNTS tag=MONASH species=Xi_b- pdg=5132 slice=eta_1_2 p=10 a=7 file=/data/alice/ipardoza/hadronization_production/HF_RUN3_V1/raw/MONASH/hf_MONASH_job898.root
SIGMAB_COUNTS tag=MONASH species=Xi_b- pdg=5132 slice=eta_ge_2 p=39 a=35 file=/data/alice/ipardoza/hadronization_production/HF_RUN3_V1/raw/MONASH/hf_MONASH_job898.root
SIGMAB_COUNTS tag=MONASH species=Sigma_b+ pdg=5222 slice=all p=29 a=12 file=/data/alice/ipardoza/hadronization_production/HF_RUN3_V1/raw/MONASH/hf_MONASH_job899.root
SIGMAB_COUNTS tag=MONASH species=Sigma_b+ pdg=5222 slice=eta_lt_1 p=5 a=2 file=/data/alice/ipardoza/hadronization_production/HF_RUN3_V1/raw/MONASH/hf_MONASH_job899.root
SIGMAB_COUNTS tag=MONASH species=Sigma_b+ pdg=5222 slice=eta_1_2 p=1 a=0 file=/data/alice/ipardoza/hadronization_production/HF_RUN3_V1/raw/MONASH/hf_MONASH_job899.root
SIGMAB_COUNTS tag=MONASH species=Sigma_b+ pdg=5222 slice=eta_ge_2 p=23 a=10 file=/data/alice/ipardoza/hadronization_production/HF_RUN3_V1/raw/MONASH/hf_MONASH_job899.root
SIGMAB_COUNTS tag=MONASH species=Sigma_b0 pdg=5212 slice=all p=34 a=16 file=/data/alice/ipardoza/hadronization_production/HF_RUN3_V1/raw/MONASH/hf_MONASH_job899.root
SIGMAB_COUNTS tag=MONASH species=Sigma_b0 pdg=5212 slice=eta_lt_1 p=5 a=6 file=/data/alice/ipardoza/hadronization_production/HF_RUN3_V1/raw/MONASH/hf_MONASH_job899.root
SIGMAB_COUNTS tag=MONASH species=Sigma_b0 pdg=5212 slice=eta_1_2 p=8 a=3 file=/data/alice/ipardoza/hadronization_production/HF_RUN3_V1/raw/MONASH/hf_MONASH_job899.root
SIGMAB_COUNTS tag=MONASH species=Sigma_b0 pdg=5212 slice=eta_ge_2 p=21 a=7 file=/data/alice/ipardoza/hadronization_production/HF_RUN3_V1/raw/MONASH/hf_MONASH_job899.root
SIGMAB_COUNTS tag=MONASH species=Sigma_b- pdg=5112 slice=all p=47 a=15 file=/data/alice/ipardoza/hadronization_production/HF_RUN3_V1/raw/MONASH/hf_MONASH_job899.root
SIGMAB_COUNTS tag=MONASH species=Sigma_b- pdg=5112 slice=eta_lt_1 p=7 a=4 file=/data/alice/ipardoza/hadronization_production/HF_RUN3_V1/raw/MONASH/hf_MONASH_job899.root
SIGMAB_COUNTS tag=MONASH species=Sigma_b- pdg=5112 slice=eta_1_2 p=10 a=3 file=/data/alice/ipardoza/hadronization_production/HF_RUN3_V1/raw/MONASH/hf_MONASH_job899.root
SIGMAB_COUNTS tag=MONASH species=Sigma_b- pdg=5112 slice=eta_ge_2 p=30 a=8 file=/data/alice/ipardoza/hadronization_production/HF_RUN3_V1/raw/MONASH/hf_MONASH_job899.root
SIGMAB_COUNTS tag=MONASH species=Sigma*_b+ pdg=5224 slice=all p=55 a=50 file=/data/alice/ipardoza/hadronization_production/HF_RUN3_V1/raw/MONASH/hf_MONASH_job899.root
SIGMAB_COUNTS tag=MONASH species=Sigma*_b+ pdg=5224 slice=eta_lt_1 p=10 a=13 file=/data/alice/ipardoza/hadronization_production/HF_RUN3_V1/raw/MONASH/hf_MONASH_job899.root
SIGMAB_COUNTS tag=MONASH species=Sigma*_b+ pdg=5224 slice=eta_1_2 p=4 a=5 file=/data/alice/ipardoza/hadronization_production/HF_RUN3_V1/raw/MONASH/hf_MONASH_job899.root
SIGMAB_COUNTS tag=MONASH species=Sigma*_b+ pdg=5224 slice=eta_ge_2 p=41 a=32 file=/data/alice/ipardoza/hadronization_production/HF_RUN3_V1/raw/MONASH/hf_MONASH_job899.root
SIGMAB_COUNTS tag=MONASH species=Sigma*_b0 pdg=5214 slice=all p=57 a=36 file=/data/alice/ipardoza/hadronization_production/HF_RUN3_V1/raw/MONASH/hf_MONASH_job899.root
SIGMAB_COUNTS tag=MONASH species=Sigma*_b0 pdg=5214 slice=eta_lt_1 p=8 a=10 file=/data/alice/ipardoza/hadronization_production/HF_RUN3_V1/raw/MONASH/hf_MONASH_job899.root
SIGMAB_COUNTS tag=MONASH species=Sigma*_b0 pdg=5214 slice=eta_1_2 p=15 a=7 file=/data/alice/ipardoza/hadronization_production/HF_RUN3_V1/raw/MONASH/hf_MONASH_job899.root
SIGMAB_COUNTS tag=MONASH species=Sigma*_b0 pdg=5214 slice=eta_ge_2 p=34 a=19 file=/data/alice/ipardoza/hadronization_production/HF_RUN3_V1/raw/MONASH/hf_MONASH_job899.root
SIGMAB_COUNTS tag=MONASH species=Sigma*_b- pdg=5114 slice=all p=59 a=33 file=/data/alice/ipardoza/hadronization_production/HF_RUN3_V1/raw/MONASH/hf_MONASH_job899.root
SIGMAB_COUNTS tag=MONASH species=Sigma*_b- pdg=5114 slice=eta_lt_1 p=14 a=6 file=/data/alice/ipardoza/hadronization_production/HF_RUN3_V1/raw/MONASH/hf_MONASH_job899.root
SIGMAB_COUNTS tag=MONASH species=Sigma*_b- pdg=5114 slice=eta_1_2 p=10 a=9 file=/data/alice/ipardoza/hadronization_production/HF_RUN3_V1/raw/MONASH/hf_MONASH_job899.root
SIGMAB_COUNTS tag=MONASH species=Sigma*_b- pdg=5114 slice=eta_ge_2 p=35 a=18 file=/data/alice/ipardoza/hadronization_production/HF_RUN3_V1/raw/MONASH/hf_MONASH_job899.root
SIGMAB_COUNTS tag=MONASH species=Lambda_b0 pdg=5122 slice=all p=304 a=354 file=/data/alice/ipardoza/hadronization_production/HF_RUN3_V1/raw/MONASH/hf_MONASH_job899.root
SIGMAB_COUNTS tag=MONASH species=Lambda_b0 pdg=5122 slice=eta_lt_1 p=49 a=74 file=/data/alice/ipardoza/hadronization_production/HF_RUN3_V1/raw/MONASH/hf_MONASH_job899.root
SIGMAB_COUNTS tag=MONASH species=Lambda_b0 pdg=5122 slice=eta_1_2 p=57 a=63 file=/data/alice/ipardoza/hadronization_production/HF_RUN3_V1/raw/MONASH/hf_MONASH_job899.root
SIGMAB_COUNTS tag=MONASH species=Lambda_b0 pdg=5122 slice=eta_ge_2 p=198 a=217 file=/data/alice/ipardoza/hadronization_production/HF_RUN3_V1/raw/MONASH/hf_MONASH_job899.root
SIGMAB_COUNTS tag=MONASH species=Xi_b0 pdg=5232 slice=all p=63 a=45 file=/data/alice/ipardoza/hadronization_production/HF_RUN3_V1/raw/MONASH/hf_MONASH_job899.root
SIGMAB_COUNTS tag=MONASH species=Xi_b0 pdg=5232 slice=eta_lt_1 p=13 a=8 file=/data/alice/ipardoza/hadronization_production/HF_RUN3_V1/raw/MONASH/hf_MONASH_job899.root
SIGMAB_COUNTS tag=MONASH species=Xi_b0 pdg=5232 slice=eta_1_2 p=9 a=7 file=/data/alice/ipardoza/hadronization_production/HF_RUN3_V1/raw/MONASH/hf_MONASH_job899.root
SIGMAB_COUNTS tag=MONASH species=Xi_b0 pdg=5232 slice=eta_ge_2 p=41 a=30 file=/data/alice/ipardoza/hadronization_production/HF_RUN3_V1/raw/MONASH/hf_MONASH_job899.root
SIGMAB_COUNTS tag=MONASH species=Xi_b- pdg=5132 slice=all p=57 a=59 file=/data/alice/ipardoza/hadronization_production/HF_RUN3_V1/raw/MONASH/hf_MONASH_job899.root
SIGMAB_COUNTS tag=MONASH species=Xi_b- pdg=5132 slice=eta_lt_1 p=18 a=10 file=/data/alice/ipardoza/hadronization_production/HF_RUN3_V1/raw/MONASH/hf_MONASH_job899.root
SIGMAB_COUNTS tag=MONASH species=Xi_b- pdg=5132 slice=eta_1_2 p=10 a=10 file=/data/alice/ipardoza/hadronization_production/HF_RUN3_V1/raw/MONASH/hf_MONASH_job899.root
SIGMAB_COUNTS tag=MONASH species=Xi_b- pdg=5132 slice=eta_ge_2 p=29 a=39 file=/data/alice/ipardoza/hadronization_production/HF_RUN3_V1/raw/MONASH/hf_MONASH_job899.root
# files_processed=100
# count_lines=3600
# finished=2026-08-11T19:58:20+02:00
# expected_count_lines=3600
