# host=wn-lot-064.nikhef.nl
# started=2026-08-11T19:28:40+02:00
# block=10
# checkout=43e35be876dd5d881a931cb845ab490ab9b97509
# macro_sha=dbe1434f4681a08d99a9b0012d2d23a5b7287cd11c369493404dbde6a2ba8c15
# production_raw=/data/alice/ipardoza/hadronization_production/HF_RUN3_V1/raw/MONASH
# tune=MONASH
SIGMAB_COUNTS tag=MONASH species=Sigma_b+ pdg=5222 slice=all p=27 a=20 file=/data/alice/ipardoza/hadronization_production/HF_RUN3_V1/raw/MONASH/hf_MONASH_job900.root
SIGMAB_COUNTS tag=MONASH species=Sigma_b+ pdg=5222 slice=eta_lt_1 p=4 a=2 file=/data/alice/ipardoza/hadronization_production/HF_RUN3_V1/raw/MONASH/hf_MONASH_job900.root
SIGMAB_COUNTS tag=MONASH species=Sigma_b+ pdg=5222 slice=eta_1_2 p=3 a=4 file=/data/alice/ipardoza/hadronization_production/HF_RUN3_V1/raw/MONASH/hf_MONASH_job900.root
SIGMAB_COUNTS tag=MONASH species=Sigma_b+ pdg=5222 slice=eta_ge_2 p=20 a=14 file=/data/alice/ipardoza/hadronization_production/HF_RUN3_V1/raw/MONASH/hf_MONASH_job900.root
SIGMAB_COUNTS tag=MONASH species=Sigma_b0 pdg=5212 slice=all p=39 a=18 file=/data/alice/ipardoza/hadronization_production/HF_RUN3_V1/raw/MONASH/hf_MONASH_job900.root
SIGMAB_COUNTS tag=MONASH species=Sigma_b0 pdg=5212 slice=eta_lt_1 p=1 a=4 file=/data/alice/ipardoza/hadronization_production/HF_RUN3_V1/raw/MONASH/hf_MONASH_job900.root
SIGMAB_COUNTS tag=MONASH species=Sigma_b0 pdg=5212 slice=eta_1_2 p=6 a=5 file=/data/alice/ipardoza/hadronization_production/HF_RUN3_V1/raw/MONASH/hf_MONASH_job900.root
SIGMAB_COUNTS tag=MONASH species=Sigma_b0 pdg=5212 slice=eta_ge_2 p=32 a=9 file=/data/alice/ipardoza/hadronization_production/HF_RUN3_V1/raw/MONASH/hf_MONASH_job900.root
SIGMAB_COUNTS tag=MONASH species=Sigma_b- pdg=5112 slice=all p=36 a=16 file=/data/alice/ipardoza/hadronization_production/HF_RUN3_V1/raw/MONASH/hf_MONASH_job900.root
SIGMAB_COUNTS tag=MONASH species=Sigma_b- pdg=5112 slice=eta_lt_1 p=8 a=5 file=/data/alice/ipardoza/hadronization_production/HF_RUN3_V1/raw/MONASH/hf_MONASH_job900.root
SIGMAB_COUNTS tag=MONASH species=Sigma_b- pdg=5112 slice=eta_1_2 p=8 a=4 file=/data/alice/ipardoza/hadronization_production/HF_RUN3_V1/raw/MONASH/hf_MONASH_job900.root
SIGMAB_COUNTS tag=MONASH species=Sigma_b- pdg=5112 slice=eta_ge_2 p=20 a=7 file=/data/alice/ipardoza/hadronization_production/HF_RUN3_V1/raw/MONASH/hf_MONASH_job900.root
SIGMAB_COUNTS tag=MONASH species=Sigma*_b+ pdg=5224 slice=all p=57 a=35 file=/data/alice/ipardoza/hadronization_production/HF_RUN3_V1/raw/MONASH/hf_MONASH_job900.root
SIGMAB_COUNTS tag=MONASH species=Sigma*_b+ pdg=5224 slice=eta_lt_1 p=14 a=4 file=/data/alice/ipardoza/hadronization_production/HF_RUN3_V1/raw/MONASH/hf_MONASH_job900.root
SIGMAB_COUNTS tag=MONASH species=Sigma*_b+ pdg=5224 slice=eta_1_2 p=11 a=8 file=/data/alice/ipardoza/hadronization_production/HF_RUN3_V1/raw/MONASH/hf_MONASH_job900.root
SIGMAB_COUNTS tag=MONASH species=Sigma*_b+ pdg=5224 slice=eta_ge_2 p=32 a=23 file=/data/alice/ipardoza/hadronization_production/HF_RUN3_V1/raw/MONASH/hf_MONASH_job900.root
SIGMAB_COUNTS tag=MONASH species=Sigma*_b0 pdg=5214 slice=all p=40 a=47 file=/data/alice/ipardoza/hadronization_production/HF_RUN3_V1/raw/MONASH/hf_MONASH_job900.root
SIGMAB_COUNTS tag=MONASH species=Sigma*_b0 pdg=5214 slice=eta_lt_1 p=6 a=9 file=/data/alice/ipardoza/hadronization_production/HF_RUN3_V1/raw/MONASH/hf_MONASH_job900.root
SIGMAB_COUNTS tag=MONASH species=Sigma*_b0 pdg=5214 slice=eta_1_2 p=9 a=12 file=/data/alice/ipardoza/hadronization_production/HF_RUN3_V1/raw/MONASH/hf_MONASH_job900.root
SIGMAB_COUNTS tag=MONASH species=Sigma*_b0 pdg=5214 slice=eta_ge_2 p=25 a=26 file=/data/alice/ipardoza/hadronization_production/HF_RUN3_V1/raw/MONASH/hf_MONASH_job900.root
SIGMAB_COUNTS tag=MONASH species=Sigma*_b- pdg=5114 slice=all p=50 a=27 file=/data/alice/ipardoza/hadronization_production/HF_RUN3_V1/raw/MONASH/hf_MONASH_job900.root
SIGMAB_COUNTS tag=MONASH species=Sigma*_b- pdg=5114 slice=eta_lt_1 p=10 a=4 file=/data/alice/ipardoza/hadronization_production/HF_RUN3_V1/raw/MONASH/hf_MONASH_job900.root
SIGMAB_COUNTS tag=MONASH species=Sigma*_b- pdg=5114 slice=eta_1_2 p=11 a=4 file=/data/alice/ipardoza/hadronization_production/HF_RUN3_V1/raw/MONASH/hf_MONASH_job900.root
SIGMAB_COUNTS tag=MONASH species=Sigma*_b- pdg=5114 slice=eta_ge_2 p=29 a=19 file=/data/alice/ipardoza/hadronization_production/HF_RUN3_V1/raw/MONASH/hf_MONASH_job900.root
SIGMAB_COUNTS tag=MONASH species=Lambda_b0 pdg=5122 slice=all p=316 a=305 file=/data/alice/ipardoza/hadronization_production/HF_RUN3_V1/raw/MONASH/hf_MONASH_job900.root
SIGMAB_COUNTS tag=MONASH species=Lambda_b0 pdg=5122 slice=eta_lt_1 p=59 a=62 file=/data/alice/ipardoza/hadronization_production/HF_RUN3_V1/raw/MONASH/hf_MONASH_job900.root
SIGMAB_COUNTS tag=MONASH species=Lambda_b0 pdg=5122 slice=eta_1_2 p=66 a=72 file=/data/alice/ipardoza/hadronization_production/HF_RUN3_V1/raw/MONASH/hf_MONASH_job900.root
SIGMAB_COUNTS tag=MONASH species=Lambda_b0 pdg=5122 slice=eta_ge_2 p=191 a=171 file=/data/alice/ipardoza/hadronization_production/HF_RUN3_V1/raw/MONASH/hf_MONASH_job900.root
SIGMAB_COUNTS tag=MONASH species=Xi_b0 pdg=5232 slice=all p=60 a=64 file=/data/alice/ipardoza/hadronization_production/HF_RUN3_V1/raw/MONASH/hf_MONASH_job900.root
SIGMAB_COUNTS tag=MONASH species=Xi_b0 pdg=5232 slice=eta_lt_1 p=18 a=7 file=/data/alice/ipardoza/hadronization_production/HF_RUN3_V1/raw/MONASH/hf_MONASH_job900.root
SIGMAB_COUNTS tag=MONASH species=Xi_b0 pdg=5232 slice=eta_1_2 p=12 a=13 file=/data/alice/ipardoza/hadronization_production/HF_RUN3_V1/raw/MONASH/hf_MONASH_job900.root
SIGMAB_COUNTS tag=MONASH species=Xi_b0 pdg=5232 slice=eta_ge_2 p=30 a=44 file=/data/alice/ipardoza/hadronization_production/HF_RUN3_V1/raw/MONASH/hf_MONASH_job900.root
SIGMAB_COUNTS tag=MONASH species=Xi_b- pdg=5132 slice=all p=55 a=62 file=/data/alice/ipardoza/hadronization_production/HF_RUN3_V1/raw/MONASH/hf_MONASH_job900.root
SIGMAB_COUNTS tag=MONASH species=Xi_b- pdg=5132 slice=eta_lt_1 p=8 a=17 file=/data/alice/ipardoza/hadronization_production/HF_RUN3_V1/raw/MONASH/hf_MONASH_job900.root
SIGMAB_COUNTS tag=MONASH species=Xi_b- pdg=5132 slice=eta_1_2 p=6 a=13 file=/data/alice/ipardoza/hadronization_production/HF_RUN3_V1/raw/MONASH/hf_MONASH_job900.root
SIGMAB_COUNTS tag=MONASH species=Xi_b- pdg=5132 slice=eta_ge_2 p=41 a=32 file=/data/alice/ipardoza/hadronization_production/HF_RUN3_V1/raw/MONASH/hf_MONASH_job900.root
SIGMAB_COUNTS tag=MONASH species=Sigma_b+ pdg=5222 slice=all p=35 a=11 file=/data/alice/ipardoza/hadronization_production/HF_RUN3_V1/raw/MONASH/hf_MONASH_job901.root
SIGMAB_COUNTS tag=MONASH species=Sigma_b+ pdg=5222 slice=eta_lt_1 p=3 a=2 file=/data/alice/ipardoza/hadronization_production/HF_RUN3_V1/raw/MONASH/hf_MONASH_job901.root
SIGMAB_COUNTS tag=MONASH species=Sigma_b+ pdg=5222 slice=eta_1_2 p=9 a=4 file=/data/alice/ipardoza/hadronization_production/HF_RUN3_V1/raw/MONASH/hf_MONASH_job901.root
SIGMAB_COUNTS tag=MONASH species=Sigma_b+ pdg=5222 slice=eta_ge_2 p=23 a=5 file=/data/alice/ipardoza/hadronization_production/HF_RUN3_V1/raw/MONASH/hf_MONASH_job901.root
SIGMAB_COUNTS tag=MONASH species=Sigma_b0 pdg=5212 slice=all p=36 a=23 file=/data/alice/ipardoza/hadronization_production/HF_RUN3_V1/raw/MONASH/hf_MONASH_job901.root
SIGMAB_COUNTS tag=MONASH species=Sigma_b0 pdg=5212 slice=eta_lt_1 p=4 a=4 file=/data/alice/ipardoza/hadronization_production/HF_RUN3_V1/raw/MONASH/hf_MONASH_job901.root
SIGMAB_COUNTS tag=MONASH species=Sigma_b0 pdg=5212 slice=eta_1_2 p=9 a=4 file=/data/alice/ipardoza/hadronization_production/HF_RUN3_V1/raw/MONASH/hf_MONASH_job901.root
SIGMAB_COUNTS tag=MONASH species=Sigma_b0 pdg=5212 slice=eta_ge_2 p=23 a=15 file=/data/alice/ipardoza/hadronization_production/HF_RUN3_V1/raw/MONASH/hf_MONASH_job901.root
SIGMAB_COUNTS tag=MONASH species=Sigma_b- pdg=5112 slice=all p=39 a=24 file=/data/alice/ipardoza/hadronization_production/HF_RUN3_V1/raw/MONASH/hf_MONASH_job901.root
SIGMAB_COUNTS tag=MONASH species=Sigma_b- pdg=5112 slice=eta_lt_1 p=4 a=3 file=/data/alice/ipardoza/hadronization_production/HF_RUN3_V1/raw/MONASH/hf_MONASH_job901.root
SIGMAB_COUNTS tag=MONASH species=Sigma_b- pdg=5112 slice=eta_1_2 p=7 a=7 file=/data/alice/ipardoza/hadronization_production/HF_RUN3_V1/raw/MONASH/hf_MONASH_job901.root
SIGMAB_COUNTS tag=MONASH species=Sigma_b- pdg=5112 slice=eta_ge_2 p=28 a=14 file=/data/alice/ipardoza/hadronization_production/HF_RUN3_V1/raw/MONASH/hf_MONASH_job901.root
SIGMAB_COUNTS tag=MONASH species=Sigma*_b+ pdg=5224 slice=all p=44 a=40 file=/data/alice/ipardoza/hadronization_production/HF_RUN3_V1/raw/MONASH/hf_MONASH_job901.root
SIGMAB_COUNTS tag=MONASH species=Sigma*_b+ pdg=5224 slice=eta_lt_1 p=8 a=6 file=/data/alice/ipardoza/hadronization_production/HF_RUN3_V1/raw/MONASH/hf_MONASH_job901.root
SIGMAB_COUNTS tag=MONASH species=Sigma*_b+ pdg=5224 slice=eta_1_2 p=11 a=5 file=/data/alice/ipardoza/hadronization_production/HF_RUN3_V1/raw/MONASH/hf_MONASH_job901.root
SIGMAB_COUNTS tag=MONASH species=Sigma*_b+ pdg=5224 slice=eta_ge_2 p=25 a=29 file=/data/alice/ipardoza/hadronization_production/HF_RUN3_V1/raw/MONASH/hf_MONASH_job901.root
SIGMAB_COUNTS tag=MONASH species=Sigma*_b0 pdg=5214 slice=all p=50 a=33 file=/data/alice/ipardoza/hadronization_production/HF_RUN3_V1/raw/MONASH/hf_MONASH_job901.root
SIGMAB_COUNTS tag=MONASH species=Sigma*_b0 pdg=5214 slice=eta_lt_1 p=6 a=4 file=/data/alice/ipardoza/hadronization_production/HF_RUN3_V1/raw/MONASH/hf_MONASH_job901.root
SIGMAB_COUNTS tag=MONASH species=Sigma*_b0 pdg=5214 slice=eta_1_2 p=8 a=10 file=/data/alice/ipardoza/hadronization_production/HF_RUN3_V1/raw/MONASH/hf_MONASH_job901.root
SIGMAB_COUNTS tag=MONASH species=Sigma*_b0 pdg=5214 slice=eta_ge_2 p=36 a=19 file=/data/alice/ipardoza/hadronization_production/HF_RUN3_V1/raw/MONASH/hf_MONASH_job901.root
SIGMAB_COUNTS tag=MONASH species=Sigma*_b- pdg=5114 slice=all p=51 a=51 file=/data/alice/ipardoza/hadronization_production/HF_RUN3_V1/raw/MONASH/hf_MONASH_job901.root
SIGMAB_COUNTS tag=MONASH species=Sigma*_b- pdg=5114 slice=eta_lt_1 p=12 a=6 file=/data/alice/ipardoza/hadronization_production/HF_RUN3_V1/raw/MONASH/hf_MONASH_job901.root
SIGMAB_COUNTS tag=MONASH species=Sigma*_b- pdg=5114 slice=eta_1_2 p=9 a=12 file=/data/alice/ipardoza/hadronization_production/HF_RUN3_V1/raw/MONASH/hf_MONASH_job901.root
SIGMAB_COUNTS tag=MONASH species=Sigma*_b- pdg=5114 slice=eta_ge_2 p=30 a=33 file=/data/alice/ipardoza/hadronization_production/HF_RUN3_V1/raw/MONASH/hf_MONASH_job901.root
SIGMAB_COUNTS tag=MONASH species=Lambda_b0 pdg=5122 slice=all p=326 a=304 file=/data/alice/ipardoza/hadronization_production/HF_RUN3_V1/raw/MONASH/hf_MONASH_job901.root
SIGMAB_COUNTS tag=MONASH species=Lambda_b0 pdg=5122 slice=eta_lt_1 p=54 a=47 file=/data/alice/ipardoza/hadronization_production/HF_RUN3_V1/raw/MONASH/hf_MONASH_job901.root
SIGMAB_COUNTS tag=MONASH species=Lambda_b0 pdg=5122 slice=eta_1_2 p=64 a=79 file=/data/alice/ipardoza/hadronization_production/HF_RUN3_V1/raw/MONASH/hf_MONASH_job901.root
SIGMAB_COUNTS tag=MONASH species=Lambda_b0 pdg=5122 slice=eta_ge_2 p=208 a=178 file=/data/alice/ipardoza/hadronization_production/HF_RUN3_V1/raw/MONASH/hf_MONASH_job901.root
SIGMAB_COUNTS tag=MONASH species=Xi_b0 pdg=5232 slice=all p=31 a=56 file=/data/alice/ipardoza/hadronization_production/HF_RUN3_V1/raw/MONASH/hf_MONASH_job901.root
SIGMAB_COUNTS tag=MONASH species=Xi_b0 pdg=5232 slice=eta_lt_1 p=6 a=9 file=/data/alice/ipardoza/hadronization_production/HF_RUN3_V1/raw/MONASH/hf_MONASH_job901.root
SIGMAB_COUNTS tag=MONASH species=Xi_b0 pdg=5232 slice=eta_1_2 p=8 a=15 file=/data/alice/ipardoza/hadronization_production/HF_RUN3_V1/raw/MONASH/hf_MONASH_job901.root
SIGMAB_COUNTS tag=MONASH species=Xi_b0 pdg=5232 slice=eta_ge_2 p=17 a=32 file=/data/alice/ipardoza/hadronization_production/HF_RUN3_V1/raw/MONASH/hf_MONASH_job901.root
SIGMAB_COUNTS tag=MONASH species=Xi_b- pdg=5132 slice=all p=58 a=52 file=/data/alice/ipardoza/hadronization_production/HF_RUN3_V1/raw/MONASH/hf_MONASH_job901.root
SIGMAB_COUNTS tag=MONASH species=Xi_b- pdg=5132 slice=eta_lt_1 p=8 a=14 file=/data/alice/ipardoza/hadronization_production/HF_RUN3_V1/raw/MONASH/hf_MONASH_job901.root
SIGMAB_COUNTS tag=MONASH species=Xi_b- pdg=5132 slice=eta_1_2 p=11 a=8 file=/data/alice/ipardoza/hadronization_production/HF_RUN3_V1/raw/MONASH/hf_MONASH_job901.root
SIGMAB_COUNTS tag=MONASH species=Xi_b- pdg=5132 slice=eta_ge_2 p=39 a=30 file=/data/alice/ipardoza/hadronization_production/HF_RUN3_V1/raw/MONASH/hf_MONASH_job901.root
SIGMAB_COUNTS tag=MONASH species=Sigma_b+ pdg=5222 slice=all p=24 a=20 file=/data/alice/ipardoza/hadronization_production/HF_RUN3_V1/raw/MONASH/hf_MONASH_job902.root
SIGMAB_COUNTS tag=MONASH species=Sigma_b+ pdg=5222 slice=eta_lt_1 p=7 a=4 file=/data/alice/ipardoza/hadronization_production/HF_RUN3_V1/raw/MONASH/hf_MONASH_job902.root
SIGMAB_COUNTS tag=MONASH species=Sigma_b+ pdg=5222 slice=eta_1_2 p=4 a=6 file=/data/alice/ipardoza/hadronization_production/HF_RUN3_V1/raw/MONASH/hf_MONASH_job902.root
SIGMAB_COUNTS tag=MONASH species=Sigma_b+ pdg=5222 slice=eta_ge_2 p=13 a=10 file=/data/alice/ipardoza/hadronization_production/HF_RUN3_V1/raw/MONASH/hf_MONASH_job902.root
SIGMAB_COUNTS tag=MONASH species=Sigma_b0 pdg=5212 slice=all p=34 a=22 file=/data/alice/ipardoza/hadronization_production/HF_RUN3_V1/raw/MONASH/hf_MONASH_job902.root
SIGMAB_COUNTS tag=MONASH species=Sigma_b0 pdg=5212 slice=eta_lt_1 p=3 a=6 file=/data/alice/ipardoza/hadronization_production/HF_RUN3_V1/raw/MONASH/hf_MONASH_job902.root
SIGMAB_COUNTS tag=MONASH species=Sigma_b0 pdg=5212 slice=eta_1_2 p=4 a=7 file=/data/alice/ipardoza/hadronization_production/HF_RUN3_V1/raw/MONASH/hf_MONASH_job902.root
SIGMAB_COUNTS tag=MONASH species=Sigma_b0 pdg=5212 slice=eta_ge_2 p=27 a=9 file=/data/alice/ipardoza/hadronization_production/HF_RUN3_V1/raw/MONASH/hf_MONASH_job902.root
SIGMAB_COUNTS tag=MONASH species=Sigma_b- pdg=5112 slice=all p=34 a=26 file=/data/alice/ipardoza/hadronization_production/HF_RUN3_V1/raw/MONASH/hf_MONASH_job902.root
SIGMAB_COUNTS tag=MONASH species=Sigma_b- pdg=5112 slice=eta_lt_1 p=8 a=1 file=/data/alice/ipardoza/hadronization_production/HF_RUN3_V1/raw/MONASH/hf_MONASH_job902.root
SIGMAB_COUNTS tag=MONASH species=Sigma_b- pdg=5112 slice=eta_1_2 p=8 a=5 file=/data/alice/ipardoza/hadronization_production/HF_RUN3_V1/raw/MONASH/hf_MONASH_job902.root
SIGMAB_COUNTS tag=MONASH species=Sigma_b- pdg=5112 slice=eta_ge_2 p=18 a=20 file=/data/alice/ipardoza/hadronization_production/HF_RUN3_V1/raw/MONASH/hf_MONASH_job902.root
SIGMAB_COUNTS tag=MONASH species=Sigma*_b+ pdg=5224 slice=all p=46 a=43 file=/data/alice/ipardoza/hadronization_production/HF_RUN3_V1/raw/MONASH/hf_MONASH_job902.root
SIGMAB_COUNTS tag=MONASH species=Sigma*_b+ pdg=5224 slice=eta_lt_1 p=6 a=2 file=/data/alice/ipardoza/hadronization_production/HF_RUN3_V1/raw/MONASH/hf_MONASH_job902.root
SIGMAB_COUNTS tag=MONASH species=Sigma*_b+ pdg=5224 slice=eta_1_2 p=8 a=9 file=/data/alice/ipardoza/hadronization_production/HF_RUN3_V1/raw/MONASH/hf_MONASH_job902.root
SIGMAB_COUNTS tag=MONASH species=Sigma*_b+ pdg=5224 slice=eta_ge_2 p=32 a=32 file=/data/alice/ipardoza/hadronization_production/HF_RUN3_V1/raw/MONASH/hf_MONASH_job902.root
SIGMAB_COUNTS tag=MONASH species=Sigma*_b0 pdg=5214 slice=all p=56 a=31 file=/data/alice/ipardoza/hadronization_production/HF_RUN3_V1/raw/MONASH/hf_MONASH_job902.root
SIGMAB_COUNTS tag=MONASH species=Sigma*_b0 pdg=5214 slice=eta_lt_1 p=11 a=1 file=/data/alice/ipardoza/hadronization_production/HF_RUN3_V1/raw/MONASH/hf_MONASH_job902.root
SIGMAB_COUNTS tag=MONASH species=Sigma*_b0 pdg=5214 slice=eta_1_2 p=6 a=6 file=/data/alice/ipardoza/hadronization_production/HF_RUN3_V1/raw/MONASH/hf_MONASH_job902.root
SIGMAB_COUNTS tag=MONASH species=Sigma*_b0 pdg=5214 slice=eta_ge_2 p=39 a=24 file=/data/alice/ipardoza/hadronization_production/HF_RUN3_V1/raw/MONASH/hf_MONASH_job902.root
SIGMAB_COUNTS tag=MONASH species=Sigma*_b- pdg=5114 slice=all p=48 a=35 file=/data/alice/ipardoza/hadronization_production/HF_RUN3_V1/raw/MONASH/hf_MONASH_job902.root
SIGMAB_COUNTS tag=MONASH species=Sigma*_b- pdg=5114 slice=eta_lt_1 p=11 a=8 file=/data/alice/ipardoza/hadronization_production/HF_RUN3_V1/raw/MONASH/hf_MONASH_job902.root
SIGMAB_COUNTS tag=MONASH species=Sigma*_b- pdg=5114 slice=eta_1_2 p=9 a=9 file=/data/alice/ipardoza/hadronization_production/HF_RUN3_V1/raw/MONASH/hf_MONASH_job902.root
SIGMAB_COUNTS tag=MONASH species=Sigma*_b- pdg=5114 slice=eta_ge_2 p=28 a=18 file=/data/alice/ipardoza/hadronization_production/HF_RUN3_V1/raw/MONASH/hf_MONASH_job902.root
SIGMAB_COUNTS tag=MONASH species=Lambda_b0 pdg=5122 slice=all p=332 a=279 file=/data/alice/ipardoza/hadronization_production/HF_RUN3_V1/raw/MONASH/hf_MONASH_job902.root
SIGMAB_COUNTS tag=MONASH species=Lambda_b0 pdg=5122 slice=eta_lt_1 p=70 a=49 file=/data/alice/ipardoza/hadronization_production/HF_RUN3_V1/raw/MONASH/hf_MONASH_job902.root
SIGMAB_COUNTS tag=MONASH species=Lambda_b0 pdg=5122 slice=eta_1_2 p=66 a=57 file=/data/alice/ipardoza/hadronization_production/HF_RUN3_V1/raw/MONASH/hf_MONASH_job902.root
SIGMAB_COUNTS tag=MONASH species=Lambda_b0 pdg=5122 slice=eta_ge_2 p=196 a=173 file=/data/alice/ipardoza/hadronization_production/HF_RUN3_V1/raw/MONASH/hf_MONASH_job902.root
SIGMAB_COUNTS tag=MONASH species=Xi_b0 pdg=5232 slice=all p=62 a=47 file=/data/alice/ipardoza/hadronization_production/HF_RUN3_V1/raw/MONASH/hf_MONASH_job902.root
SIGMAB_COUNTS tag=MONASH species=Xi_b0 pdg=5232 slice=eta_lt_1 p=8 a=14 file=/data/alice/ipardoza/hadronization_production/HF_RUN3_V1/raw/MONASH/hf_MONASH_job902.root
SIGMAB_COUNTS tag=MONASH species=Xi_b0 pdg=5232 slice=eta_1_2 p=14 a=3 file=/data/alice/ipardoza/hadronization_production/HF_RUN3_V1/raw/MONASH/hf_MONASH_job902.root
SIGMAB_COUNTS tag=MONASH species=Xi_b0 pdg=5232 slice=eta_ge_2 p=40 a=30 file=/data/alice/ipardoza/hadronization_production/HF_RUN3_V1/raw/MONASH/hf_MONASH_job902.root
SIGMAB_COUNTS tag=MONASH species=Xi_b- pdg=5132 slice=all p=44 a=52 file=/data/alice/ipardoza/hadronization_production/HF_RUN3_V1/raw/MONASH/hf_MONASH_job902.root
SIGMAB_COUNTS tag=MONASH species=Xi_b- pdg=5132 slice=eta_lt_1 p=9 a=10 file=/data/alice/ipardoza/hadronization_production/HF_RUN3_V1/raw/MONASH/hf_MONASH_job902.root
SIGMAB_COUNTS tag=MONASH species=Xi_b- pdg=5132 slice=eta_1_2 p=11 a=10 file=/data/alice/ipardoza/hadronization_production/HF_RUN3_V1/raw/MONASH/hf_MONASH_job902.root
SIGMAB_COUNTS tag=MONASH species=Xi_b- pdg=5132 slice=eta_ge_2 p=24 a=32 file=/data/alice/ipardoza/hadronization_production/HF_RUN3_V1/raw/MONASH/hf_MONASH_job902.root
SIGMAB_COUNTS tag=MONASH species=Sigma_b+ pdg=5222 slice=all p=38 a=12 file=/data/alice/ipardoza/hadronization_production/HF_RUN3_V1/raw/MONASH/hf_MONASH_job903.root
SIGMAB_COUNTS tag=MONASH species=Sigma_b+ pdg=5222 slice=eta_lt_1 p=7 a=5 file=/data/alice/ipardoza/hadronization_production/HF_RUN3_V1/raw/MONASH/hf_MONASH_job903.root
SIGMAB_COUNTS tag=MONASH species=Sigma_b+ pdg=5222 slice=eta_1_2 p=8 a=3 file=/data/alice/ipardoza/hadronization_production/HF_RUN3_V1/raw/MONASH/hf_MONASH_job903.root
SIGMAB_COUNTS tag=MONASH species=Sigma_b+ pdg=5222 slice=eta_ge_2 p=23 a=4 file=/data/alice/ipardoza/hadronization_production/HF_RUN3_V1/raw/MONASH/hf_MONASH_job903.root
SIGMAB_COUNTS tag=MONASH species=Sigma_b0 pdg=5212 slice=all p=30 a=18 file=/data/alice/ipardoza/hadronization_production/HF_RUN3_V1/raw/MONASH/hf_MONASH_job903.root
SIGMAB_COUNTS tag=MONASH species=Sigma_b0 pdg=5212 slice=eta_lt_1 p=4 a=5 file=/data/alice/ipardoza/hadronization_production/HF_RUN3_V1/raw/MONASH/hf_MONASH_job903.root
SIGMAB_COUNTS tag=MONASH species=Sigma_b0 pdg=5212 slice=eta_1_2 p=5 a=4 file=/data/alice/ipardoza/hadronization_production/HF_RUN3_V1/raw/MONASH/hf_MONASH_job903.root
SIGMAB_COUNTS tag=MONASH species=Sigma_b0 pdg=5212 slice=eta_ge_2 p=21 a=9 file=/data/alice/ipardoza/hadronization_production/HF_RUN3_V1/raw/MONASH/hf_MONASH_job903.root
SIGMAB_COUNTS tag=MONASH species=Sigma_b- pdg=5112 slice=all p=35 a=22 file=/data/alice/ipardoza/hadronization_production/HF_RUN3_V1/raw/MONASH/hf_MONASH_job903.root
SIGMAB_COUNTS tag=MONASH species=Sigma_b- pdg=5112 slice=eta_lt_1 p=3 a=4 file=/data/alice/ipardoza/hadronization_production/HF_RUN3_V1/raw/MONASH/hf_MONASH_job903.root
SIGMAB_COUNTS tag=MONASH species=Sigma_b- pdg=5112 slice=eta_1_2 p=3 a=5 file=/data/alice/ipardoza/hadronization_production/HF_RUN3_V1/raw/MONASH/hf_MONASH_job903.root
SIGMAB_COUNTS tag=MONASH species=Sigma_b- pdg=5112 slice=eta_ge_2 p=29 a=13 file=/data/alice/ipardoza/hadronization_production/HF_RUN3_V1/raw/MONASH/hf_MONASH_job903.root
SIGMAB_COUNTS tag=MONASH species=Sigma*_b+ pdg=5224 slice=all p=45 a=43 file=/data/alice/ipardoza/hadronization_production/HF_RUN3_V1/raw/MONASH/hf_MONASH_job903.root
SIGMAB_COUNTS tag=MONASH species=Sigma*_b+ pdg=5224 slice=eta_lt_1 p=7 a=6 file=/data/alice/ipardoza/hadronization_production/HF_RUN3_V1/raw/MONASH/hf_MONASH_job903.root
SIGMAB_COUNTS tag=MONASH species=Sigma*_b+ pdg=5224 slice=eta_1_2 p=11 a=8 file=/data/alice/ipardoza/hadronization_production/HF_RUN3_V1/raw/MONASH/hf_MONASH_job903.root
SIGMAB_COUNTS tag=MONASH species=Sigma*_b+ pdg=5224 slice=eta_ge_2 p=27 a=29 file=/data/alice/ipardoza/hadronization_production/HF_RUN3_V1/raw/MONASH/hf_MONASH_job903.root
SIGMAB_COUNTS tag=MONASH species=Sigma*_b0 pdg=5214 slice=all p=61 a=44 file=/data/alice/ipardoza/hadronization_production/HF_RUN3_V1/raw/MONASH/hf_MONASH_job903.root
SIGMAB_COUNTS tag=MONASH species=Sigma*_b0 pdg=5214 slice=eta_lt_1 p=9 a=6 file=/data/alice/ipardoza/hadronization_production/HF_RUN3_V1/raw/MONASH/hf_MONASH_job903.root
SIGMAB_COUNTS tag=MONASH species=Sigma*_b0 pdg=5214 slice=eta_1_2 p=17 a=12 file=/data/alice/ipardoza/hadronization_production/HF_RUN3_V1/raw/MONASH/hf_MONASH_job903.root
SIGMAB_COUNTS tag=MONASH species=Sigma*_b0 pdg=5214 slice=eta_ge_2 p=35 a=26 file=/data/alice/ipardoza/hadronization_production/HF_RUN3_V1/raw/MONASH/hf_MONASH_job903.root
SIGMAB_COUNTS tag=MONASH species=Sigma*_b- pdg=5114 slice=all p=50 a=33 file=/data/alice/ipardoza/hadronization_production/HF_RUN3_V1/raw/MONASH/hf_MONASH_job903.root
SIGMAB_COUNTS tag=MONASH species=Sigma*_b- pdg=5114 slice=eta_lt_1 p=7 a=7 file=/data/alice/ipardoza/hadronization_production/HF_RUN3_V1/raw/MONASH/hf_MONASH_job903.root
SIGMAB_COUNTS tag=MONASH species=Sigma*_b- pdg=5114 slice=eta_1_2 p=12 a=12 file=/data/alice/ipardoza/hadronization_production/HF_RUN3_V1/raw/MONASH/hf_MONASH_job903.root
SIGMAB_COUNTS tag=MONASH species=Sigma*_b- pdg=5114 slice=eta_ge_2 p=31 a=14 file=/data/alice/ipardoza/hadronization_production/HF_RUN3_V1/raw/MONASH/hf_MONASH_job903.root
SIGMAB_COUNTS tag=MONASH species=Lambda_b0 pdg=5122 slice=all p=331 a=298 file=/data/alice/ipardoza/hadronization_production/HF_RUN3_V1/raw/MONASH/hf_MONASH_job903.root
SIGMAB_COUNTS tag=MONASH species=Lambda_b0 pdg=5122 slice=eta_lt_1 p=67 a=47 file=/data/alice/ipardoza/hadronization_production/HF_RUN3_V1/raw/MONASH/hf_MONASH_job903.root
SIGMAB_COUNTS tag=MONASH species=Lambda_b0 pdg=5122 slice=eta_1_2 p=78 a=72 file=/data/alice/ipardoza/hadronization_production/HF_RUN3_V1/raw/MONASH/hf_MONASH_job903.root
SIGMAB_COUNTS tag=MONASH species=Lambda_b0 pdg=5122 slice=eta_ge_2 p=186 a=179 file=/data/alice/ipardoza/hadronization_production/HF_RUN3_V1/raw/MONASH/hf_MONASH_job903.root
SIGMAB_COUNTS tag=MONASH species=Xi_b0 pdg=5232 slice=all p=72 a=55 file=/data/alice/ipardoza/hadronization_production/HF_RUN3_V1/raw/MONASH/hf_MONASH_job903.root
SIGMAB_COUNTS tag=MONASH species=Xi_b0 pdg=5232 slice=eta_lt_1 p=11 a=9 file=/data/alice/ipardoza/hadronization_production/HF_RUN3_V1/raw/MONASH/hf_MONASH_job903.root
SIGMAB_COUNTS tag=MONASH species=Xi_b0 pdg=5232 slice=eta_1_2 p=18 a=13 file=/data/alice/ipardoza/hadronization_production/HF_RUN3_V1/raw/MONASH/hf_MONASH_job903.root
SIGMAB_COUNTS tag=MONASH species=Xi_b0 pdg=5232 slice=eta_ge_2 p=43 a=33 file=/data/alice/ipardoza/hadronization_production/HF_RUN3_V1/raw/MONASH/hf_MONASH_job903.root
SIGMAB_COUNTS tag=MONASH species=Xi_b- pdg=5132 slice=all p=45 a=55 file=/data/alice/ipardoza/hadronization_production/HF_RUN3_V1/raw/MONASH/hf_MONASH_job903.root
SIGMAB_COUNTS tag=MONASH species=Xi_b- pdg=5132 slice=eta_lt_1 p=11 a=11 file=/data/alice/ipardoza/hadronization_production/HF_RUN3_V1/raw/MONASH/hf_MONASH_job903.root
SIGMAB_COUNTS tag=MONASH species=Xi_b- pdg=5132 slice=eta_1_2 p=8 a=12 file=/data/alice/ipardoza/hadronization_production/HF_RUN3_V1/raw/MONASH/hf_MONASH_job903.root
SIGMAB_COUNTS tag=MONASH species=Xi_b- pdg=5132 slice=eta_ge_2 p=26 a=32 file=/data/alice/ipardoza/hadronization_production/HF_RUN3_V1/raw/MONASH/hf_MONASH_job903.root
SIGMAB_COUNTS tag=MONASH species=Sigma_b+ pdg=5222 slice=all p=37 a=28 file=/data/alice/ipardoza/hadronization_production/HF_RUN3_V1/raw/MONASH/hf_MONASH_job904.root
SIGMAB_COUNTS tag=MONASH species=Sigma_b+ pdg=5222 slice=eta_lt_1 p=9 a=7 file=/data/alice/ipardoza/hadronization_production/HF_RUN3_V1/raw/MONASH/hf_MONASH_job904.root
SIGMAB_COUNTS tag=MONASH species=Sigma_b+ pdg=5222 slice=eta_1_2 p=6 a=9 file=/data/alice/ipardoza/hadronization_production/HF_RUN3_V1/raw/MONASH/hf_MONASH_job904.root
SIGMAB_COUNTS tag=MONASH species=Sigma_b+ pdg=5222 slice=eta_ge_2 p=22 a=12 file=/data/alice/ipardoza/hadronization_production/HF_RUN3_V1/raw/MONASH/hf_MONASH_job904.root
SIGMAB_COUNTS tag=MONASH species=Sigma_b0 pdg=5212 slice=all p=37 a=19 file=/data/alice/ipardoza/hadronization_production/HF_RUN3_V1/raw/MONASH/hf_MONASH_job904.root
SIGMAB_COUNTS tag=MONASH species=Sigma_b0 pdg=5212 slice=eta_lt_1 p=1 a=4 file=/data/alice/ipardoza/hadronization_production/HF_RUN3_V1/raw/MONASH/hf_MONASH_job904.root
SIGMAB_COUNTS tag=MONASH species=Sigma_b0 pdg=5212 slice=eta_1_2 p=7 a=5 file=/data/alice/ipardoza/hadronization_production/HF_RUN3_V1/raw/MONASH/hf_MONASH_job904.root
SIGMAB_COUNTS tag=MONASH species=Sigma_b0 pdg=5212 slice=eta_ge_2 p=29 a=10 file=/data/alice/ipardoza/hadronization_production/HF_RUN3_V1/raw/MONASH/hf_MONASH_job904.root
SIGMAB_COUNTS tag=MONASH species=Sigma_b- pdg=5112 slice=all p=28 a=27 file=/data/alice/ipardoza/hadronization_production/HF_RUN3_V1/raw/MONASH/hf_MONASH_job904.root
SIGMAB_COUNTS tag=MONASH species=Sigma_b- pdg=5112 slice=eta_lt_1 p=2 a=3 file=/data/alice/ipardoza/hadronization_production/HF_RUN3_V1/raw/MONASH/hf_MONASH_job904.root
SIGMAB_COUNTS tag=MONASH species=Sigma_b- pdg=5112 slice=eta_1_2 p=7 a=7 file=/data/alice/ipardoza/hadronization_production/HF_RUN3_V1/raw/MONASH/hf_MONASH_job904.root
SIGMAB_COUNTS tag=MONASH species=Sigma_b- pdg=5112 slice=eta_ge_2 p=19 a=17 file=/data/alice/ipardoza/hadronization_production/HF_RUN3_V1/raw/MONASH/hf_MONASH_job904.root
SIGMAB_COUNTS tag=MONASH species=Sigma*_b+ pdg=5224 slice=all p=62 a=41 file=/data/alice/ipardoza/hadronization_production/HF_RUN3_V1/raw/MONASH/hf_MONASH_job904.root
SIGMAB_COUNTS tag=MONASH species=Sigma*_b+ pdg=5224 slice=eta_lt_1 p=16 a=6 file=/data/alice/ipardoza/hadronization_production/HF_RUN3_V1/raw/MONASH/hf_MONASH_job904.root
SIGMAB_COUNTS tag=MONASH species=Sigma*_b+ pdg=5224 slice=eta_1_2 p=11 a=7 file=/data/alice/ipardoza/hadronization_production/HF_RUN3_V1/raw/MONASH/hf_MONASH_job904.root
SIGMAB_COUNTS tag=MONASH species=Sigma*_b+ pdg=5224 slice=eta_ge_2 p=35 a=28 file=/data/alice/ipardoza/hadronization_production/HF_RUN3_V1/raw/MONASH/hf_MONASH_job904.root
SIGMAB_COUNTS tag=MONASH species=Sigma*_b0 pdg=5214 slice=all p=57 a=44 file=/data/alice/ipardoza/hadronization_production/HF_RUN3_V1/raw/MONASH/hf_MONASH_job904.root
SIGMAB_COUNTS tag=MONASH species=Sigma*_b0 pdg=5214 slice=eta_lt_1 p=7 a=11 file=/data/alice/ipardoza/hadronization_production/HF_RUN3_V1/raw/MONASH/hf_MONASH_job904.root
SIGMAB_COUNTS tag=MONASH species=Sigma*_b0 pdg=5214 slice=eta_1_2 p=12 a=8 file=/data/alice/ipardoza/hadronization_production/HF_RUN3_V1/raw/MONASH/hf_MONASH_job904.root
SIGMAB_COUNTS tag=MONASH species=Sigma*_b0 pdg=5214 slice=eta_ge_2 p=38 a=25 file=/data/alice/ipardoza/hadronization_production/HF_RUN3_V1/raw/MONASH/hf_MONASH_job904.root
SIGMAB_COUNTS tag=MONASH species=Sigma*_b- pdg=5114 slice=all p=55 a=38 file=/data/alice/ipardoza/hadronization_production/HF_RUN3_V1/raw/MONASH/hf_MONASH_job904.root
SIGMAB_COUNTS tag=MONASH species=Sigma*_b- pdg=5114 slice=eta_lt_1 p=7 a=6 file=/data/alice/ipardoza/hadronization_production/HF_RUN3_V1/raw/MONASH/hf_MONASH_job904.root
SIGMAB_COUNTS tag=MONASH species=Sigma*_b- pdg=5114 slice=eta_1_2 p=10 a=8 file=/data/alice/ipardoza/hadronization_production/HF_RUN3_V1/raw/MONASH/hf_MONASH_job904.root
SIGMAB_COUNTS tag=MONASH species=Sigma*_b- pdg=5114 slice=eta_ge_2 p=38 a=24 file=/data/alice/ipardoza/hadronization_production/HF_RUN3_V1/raw/MONASH/hf_MONASH_job904.root
SIGMAB_COUNTS tag=MONASH species=Lambda_b0 pdg=5122 slice=all p=293 a=301 file=/data/alice/ipardoza/hadronization_production/HF_RUN3_V1/raw/MONASH/hf_MONASH_job904.root
SIGMAB_COUNTS tag=MONASH species=Lambda_b0 pdg=5122 slice=eta_lt_1 p=54 a=44 file=/data/alice/ipardoza/hadronization_production/HF_RUN3_V1/raw/MONASH/hf_MONASH_job904.root
SIGMAB_COUNTS tag=MONASH species=Lambda_b0 pdg=5122 slice=eta_1_2 p=62 a=62 file=/data/alice/ipardoza/hadronization_production/HF_RUN3_V1/raw/MONASH/hf_MONASH_job904.root
SIGMAB_COUNTS tag=MONASH species=Lambda_b0 pdg=5122 slice=eta_ge_2 p=177 a=195 file=/data/alice/ipardoza/hadronization_production/HF_RUN3_V1/raw/MONASH/hf_MONASH_job904.root
SIGMAB_COUNTS tag=MONASH species=Xi_b0 pdg=5232 slice=all p=62 a=45 file=/data/alice/ipardoza/hadronization_production/HF_RUN3_V1/raw/MONASH/hf_MONASH_job904.root
SIGMAB_COUNTS tag=MONASH species=Xi_b0 pdg=5232 slice=eta_lt_1 p=14 a=7 file=/data/alice/ipardoza/hadronization_production/HF_RUN3_V1/raw/MONASH/hf_MONASH_job904.root
SIGMAB_COUNTS tag=MONASH species=Xi_b0 pdg=5232 slice=eta_1_2 p=7 a=9 file=/data/alice/ipardoza/hadronization_production/HF_RUN3_V1/raw/MONASH/hf_MONASH_job904.root
SIGMAB_COUNTS tag=MONASH species=Xi_b0 pdg=5232 slice=eta_ge_2 p=41 a=29 file=/data/alice/ipardoza/hadronization_production/HF_RUN3_V1/raw/MONASH/hf_MONASH_job904.root
SIGMAB_COUNTS tag=MONASH species=Xi_b- pdg=5132 slice=all p=55 a=66 file=/data/alice/ipardoza/hadronization_production/HF_RUN3_V1/raw/MONASH/hf_MONASH_job904.root
SIGMAB_COUNTS tag=MONASH species=Xi_b- pdg=5132 slice=eta_lt_1 p=10 a=11 file=/data/alice/ipardoza/hadronization_production/HF_RUN3_V1/raw/MONASH/hf_MONASH_job904.root
SIGMAB_COUNTS tag=MONASH species=Xi_b- pdg=5132 slice=eta_1_2 p=12 a=14 file=/data/alice/ipardoza/hadronization_production/HF_RUN3_V1/raw/MONASH/hf_MONASH_job904.root
SIGMAB_COUNTS tag=MONASH species=Xi_b- pdg=5132 slice=eta_ge_2 p=33 a=41 file=/data/alice/ipardoza/hadronization_production/HF_RUN3_V1/raw/MONASH/hf_MONASH_job904.root
SIGMAB_COUNTS tag=MONASH species=Sigma_b+ pdg=5222 slice=all p=29 a=18 file=/data/alice/ipardoza/hadronization_production/HF_RUN3_V1/raw/MONASH/hf_MONASH_job905.root
SIGMAB_COUNTS tag=MONASH species=Sigma_b+ pdg=5222 slice=eta_lt_1 p=7 a=4 file=/data/alice/ipardoza/hadronization_production/HF_RUN3_V1/raw/MONASH/hf_MONASH_job905.root
SIGMAB_COUNTS tag=MONASH species=Sigma_b+ pdg=5222 slice=eta_1_2 p=3 a=2 file=/data/alice/ipardoza/hadronization_production/HF_RUN3_V1/raw/MONASH/hf_MONASH_job905.root
SIGMAB_COUNTS tag=MONASH species=Sigma_b+ pdg=5222 slice=eta_ge_2 p=19 a=12 file=/data/alice/ipardoza/hadronization_production/HF_RUN3_V1/raw/MONASH/hf_MONASH_job905.root
SIGMAB_COUNTS tag=MONASH species=Sigma_b0 pdg=5212 slice=all p=41 a=20 file=/data/alice/ipardoza/hadronization_production/HF_RUN3_V1/raw/MONASH/hf_MONASH_job905.root
SIGMAB_COUNTS tag=MONASH species=Sigma_b0 pdg=5212 slice=eta_lt_1 p=2 a=3 file=/data/alice/ipardoza/hadronization_production/HF_RUN3_V1/raw/MONASH/hf_MONASH_job905.root
SIGMAB_COUNTS tag=MONASH species=Sigma_b0 pdg=5212 slice=eta_1_2 p=12 a=5 file=/data/alice/ipardoza/hadronization_production/HF_RUN3_V1/raw/MONASH/hf_MONASH_job905.root
SIGMAB_COUNTS tag=MONASH species=Sigma_b0 pdg=5212 slice=eta_ge_2 p=27 a=12 file=/data/alice/ipardoza/hadronization_production/HF_RUN3_V1/raw/MONASH/hf_MONASH_job905.root
SIGMAB_COUNTS tag=MONASH species=Sigma_b- pdg=5112 slice=all p=31 a=19 file=/data/alice/ipardoza/hadronization_production/HF_RUN3_V1/raw/MONASH/hf_MONASH_job905.root
SIGMAB_COUNTS tag=MONASH species=Sigma_b- pdg=5112 slice=eta_lt_1 p=6 a=4 file=/data/alice/ipardoza/hadronization_production/HF_RUN3_V1/raw/MONASH/hf_MONASH_job905.root
SIGMAB_COUNTS tag=MONASH species=Sigma_b- pdg=5112 slice=eta_1_2 p=4 a=4 file=/data/alice/ipardoza/hadronization_production/HF_RUN3_V1/raw/MONASH/hf_MONASH_job905.root
SIGMAB_COUNTS tag=MONASH species=Sigma_b- pdg=5112 slice=eta_ge_2 p=21 a=11 file=/data/alice/ipardoza/hadronization_production/HF_RUN3_V1/raw/MONASH/hf_MONASH_job905.root
SIGMAB_COUNTS tag=MONASH species=Sigma*_b+ pdg=5224 slice=all p=43 a=44 file=/data/alice/ipardoza/hadronization_production/HF_RUN3_V1/raw/MONASH/hf_MONASH_job905.root
SIGMAB_COUNTS tag=MONASH species=Sigma*_b+ pdg=5224 slice=eta_lt_1 p=9 a=9 file=/data/alice/ipardoza/hadronization_production/HF_RUN3_V1/raw/MONASH/hf_MONASH_job905.root
SIGMAB_COUNTS tag=MONASH species=Sigma*_b+ pdg=5224 slice=eta_1_2 p=10 a=9 file=/data/alice/ipardoza/hadronization_production/HF_RUN3_V1/raw/MONASH/hf_MONASH_job905.root
SIGMAB_COUNTS tag=MONASH species=Sigma*_b+ pdg=5224 slice=eta_ge_2 p=24 a=26 file=/data/alice/ipardoza/hadronization_production/HF_RUN3_V1/raw/MONASH/hf_MONASH_job905.root
SIGMAB_COUNTS tag=MONASH species=Sigma*_b0 pdg=5214 slice=all p=61 a=39 file=/data/alice/ipardoza/hadronization_production/HF_RUN3_V1/raw/MONASH/hf_MONASH_job905.root
SIGMAB_COUNTS tag=MONASH species=Sigma*_b0 pdg=5214 slice=eta_lt_1 p=8 a=12 file=/data/alice/ipardoza/hadronization_production/HF_RUN3_V1/raw/MONASH/hf_MONASH_job905.root
SIGMAB_COUNTS tag=MONASH species=Sigma*_b0 pdg=5214 slice=eta_1_2 p=11 a=8 file=/data/alice/ipardoza/hadronization_production/HF_RUN3_V1/raw/MONASH/hf_MONASH_job905.root
SIGMAB_COUNTS tag=MONASH species=Sigma*_b0 pdg=5214 slice=eta_ge_2 p=42 a=19 file=/data/alice/ipardoza/hadronization_production/HF_RUN3_V1/raw/MONASH/hf_MONASH_job905.root
SIGMAB_COUNTS tag=MONASH species=Sigma*_b- pdg=5114 slice=all p=40 a=42 file=/data/alice/ipardoza/hadronization_production/HF_RUN3_V1/raw/MONASH/hf_MONASH_job905.root
SIGMAB_COUNTS tag=MONASH species=Sigma*_b- pdg=5114 slice=eta_lt_1 p=4 a=10 file=/data/alice/ipardoza/hadronization_production/HF_RUN3_V1/raw/MONASH/hf_MONASH_job905.root
SIGMAB_COUNTS tag=MONASH species=Sigma*_b- pdg=5114 slice=eta_1_2 p=12 a=7 file=/data/alice/ipardoza/hadronization_production/HF_RUN3_V1/raw/MONASH/hf_MONASH_job905.root
SIGMAB_COUNTS tag=MONASH species=Sigma*_b- pdg=5114 slice=eta_ge_2 p=24 a=25 file=/data/alice/ipardoza/hadronization_production/HF_RUN3_V1/raw/MONASH/hf_MONASH_job905.root
SIGMAB_COUNTS tag=MONASH species=Lambda_b0 pdg=5122 slice=all p=326 a=315 file=/data/alice/ipardoza/hadronization_production/HF_RUN3_V1/raw/MONASH/hf_MONASH_job905.root
SIGMAB_COUNTS tag=MONASH species=Lambda_b0 pdg=5122 slice=eta_lt_1 p=61 a=64 file=/data/alice/ipardoza/hadronization_production/HF_RUN3_V1/raw/MONASH/hf_MONASH_job905.root
SIGMAB_COUNTS tag=MONASH species=Lambda_b0 pdg=5122 slice=eta_1_2 p=63 a=57 file=/data/alice/ipardoza/hadronization_production/HF_RUN3_V1/raw/MONASH/hf_MONASH_job905.root
SIGMAB_COUNTS tag=MONASH species=Lambda_b0 pdg=5122 slice=eta_ge_2 p=202 a=194 file=/data/alice/ipardoza/hadronization_production/HF_RUN3_V1/raw/MONASH/hf_MONASH_job905.root
SIGMAB_COUNTS tag=MONASH species=Xi_b0 pdg=5232 slice=all p=49 a=58 file=/data/alice/ipardoza/hadronization_production/HF_RUN3_V1/raw/MONASH/hf_MONASH_job905.root
SIGMAB_COUNTS tag=MONASH species=Xi_b0 pdg=5232 slice=eta_lt_1 p=12 a=8 file=/data/alice/ipardoza/hadronization_production/HF_RUN3_V1/raw/MONASH/hf_MONASH_job905.root
SIGMAB_COUNTS tag=MONASH species=Xi_b0 pdg=5232 slice=eta_1_2 p=6 a=13 file=/data/alice/ipardoza/hadronization_production/HF_RUN3_V1/raw/MONASH/hf_MONASH_job905.root
SIGMAB_COUNTS tag=MONASH species=Xi_b0 pdg=5232 slice=eta_ge_2 p=31 a=37 file=/data/alice/ipardoza/hadronization_production/HF_RUN3_V1/raw/MONASH/hf_MONASH_job905.root
SIGMAB_COUNTS tag=MONASH species=Xi_b- pdg=5132 slice=all p=52 a=51 file=/data/alice/ipardoza/hadronization_production/HF_RUN3_V1/raw/MONASH/hf_MONASH_job905.root
SIGMAB_COUNTS tag=MONASH species=Xi_b- pdg=5132 slice=eta_lt_1 p=7 a=12 file=/data/alice/ipardoza/hadronization_production/HF_RUN3_V1/raw/MONASH/hf_MONASH_job905.root
SIGMAB_COUNTS tag=MONASH species=Xi_b- pdg=5132 slice=eta_1_2 p=14 a=10 file=/data/alice/ipardoza/hadronization_production/HF_RUN3_V1/raw/MONASH/hf_MONASH_job905.root
SIGMAB_COUNTS tag=MONASH species=Xi_b- pdg=5132 slice=eta_ge_2 p=31 a=29 file=/data/alice/ipardoza/hadronization_production/HF_RUN3_V1/raw/MONASH/hf_MONASH_job905.root
SIGMAB_COUNTS tag=MONASH species=Sigma_b+ pdg=5222 slice=all p=36 a=30 file=/data/alice/ipardoza/hadronization_production/HF_RUN3_V1/raw/MONASH/hf_MONASH_job906.root
SIGMAB_COUNTS tag=MONASH species=Sigma_b+ pdg=5222 slice=eta_lt_1 p=5 a=3 file=/data/alice/ipardoza/hadronization_production/HF_RUN3_V1/raw/MONASH/hf_MONASH_job906.root
SIGMAB_COUNTS tag=MONASH species=Sigma_b+ pdg=5222 slice=eta_1_2 p=6 a=4 file=/data/alice/ipardoza/hadronization_production/HF_RUN3_V1/raw/MONASH/hf_MONASH_job906.root
SIGMAB_COUNTS tag=MONASH species=Sigma_b+ pdg=5222 slice=eta_ge_2 p=25 a=23 file=/data/alice/ipardoza/hadronization_production/HF_RUN3_V1/raw/MONASH/hf_MONASH_job906.root
SIGMAB_COUNTS tag=MONASH species=Sigma_b0 pdg=5212 slice=all p=37 a=21 file=/data/alice/ipardoza/hadronization_production/HF_RUN3_V1/raw/MONASH/hf_MONASH_job906.root
SIGMAB_COUNTS tag=MONASH species=Sigma_b0 pdg=5212 slice=eta_lt_1 p=5 a=3 file=/data/alice/ipardoza/hadronization_production/HF_RUN3_V1/raw/MONASH/hf_MONASH_job906.root
SIGMAB_COUNTS tag=MONASH species=Sigma_b0 pdg=5212 slice=eta_1_2 p=4 a=10 file=/data/alice/ipardoza/hadronization_production/HF_RUN3_V1/raw/MONASH/hf_MONASH_job906.root
SIGMAB_COUNTS tag=MONASH species=Sigma_b0 pdg=5212 slice=eta_ge_2 p=28 a=8 file=/data/alice/ipardoza/hadronization_production/HF_RUN3_V1/raw/MONASH/hf_MONASH_job906.root
SIGMAB_COUNTS tag=MONASH species=Sigma_b- pdg=5112 slice=all p=38 a=18 file=/data/alice/ipardoza/hadronization_production/HF_RUN3_V1/raw/MONASH/hf_MONASH_job906.root
SIGMAB_COUNTS tag=MONASH species=Sigma_b- pdg=5112 slice=eta_lt_1 p=6 a=2 file=/data/alice/ipardoza/hadronization_production/HF_RUN3_V1/raw/MONASH/hf_MONASH_job906.root
SIGMAB_COUNTS tag=MONASH species=Sigma_b- pdg=5112 slice=eta_1_2 p=7 a=2 file=/data/alice/ipardoza/hadronization_production/HF_RUN3_V1/raw/MONASH/hf_MONASH_job906.root
SIGMAB_COUNTS tag=MONASH species=Sigma_b- pdg=5112 slice=eta_ge_2 p=25 a=14 file=/data/alice/ipardoza/hadronization_production/HF_RUN3_V1/raw/MONASH/hf_MONASH_job906.root
SIGMAB_COUNTS tag=MONASH species=Sigma*_b+ pdg=5224 slice=all p=56 a=35 file=/data/alice/ipardoza/hadronization_production/HF_RUN3_V1/raw/MONASH/hf_MONASH_job906.root
SIGMAB_COUNTS tag=MONASH species=Sigma*_b+ pdg=5224 slice=eta_lt_1 p=10 a=9 file=/data/alice/ipardoza/hadronization_production/HF_RUN3_V1/raw/MONASH/hf_MONASH_job906.root
SIGMAB_COUNTS tag=MONASH species=Sigma*_b+ pdg=5224 slice=eta_1_2 p=9 a=7 file=/data/alice/ipardoza/hadronization_production/HF_RUN3_V1/raw/MONASH/hf_MONASH_job906.root
SIGMAB_COUNTS tag=MONASH species=Sigma*_b+ pdg=5224 slice=eta_ge_2 p=37 a=19 file=/data/alice/ipardoza/hadronization_production/HF_RUN3_V1/raw/MONASH/hf_MONASH_job906.root
SIGMAB_COUNTS tag=MONASH species=Sigma*_b0 pdg=5214 slice=all p=53 a=42 file=/data/alice/ipardoza/hadronization_production/HF_RUN3_V1/raw/MONASH/hf_MONASH_job906.root
SIGMAB_COUNTS tag=MONASH species=Sigma*_b0 pdg=5214 slice=eta_lt_1 p=11 a=8 file=/data/alice/ipardoza/hadronization_production/HF_RUN3_V1/raw/MONASH/hf_MONASH_job906.root
SIGMAB_COUNTS tag=MONASH species=Sigma*_b0 pdg=5214 slice=eta_1_2 p=8 a=7 file=/data/alice/ipardoza/hadronization_production/HF_RUN3_V1/raw/MONASH/hf_MONASH_job906.root
SIGMAB_COUNTS tag=MONASH species=Sigma*_b0 pdg=5214 slice=eta_ge_2 p=34 a=27 file=/data/alice/ipardoza/hadronization_production/HF_RUN3_V1/raw/MONASH/hf_MONASH_job906.root
SIGMAB_COUNTS tag=MONASH species=Sigma*_b- pdg=5114 slice=all p=46 a=37 file=/data/alice/ipardoza/hadronization_production/HF_RUN3_V1/raw/MONASH/hf_MONASH_job906.root
SIGMAB_COUNTS tag=MONASH species=Sigma*_b- pdg=5114 slice=eta_lt_1 p=9 a=5 file=/data/alice/ipardoza/hadronization_production/HF_RUN3_V1/raw/MONASH/hf_MONASH_job906.root
SIGMAB_COUNTS tag=MONASH species=Sigma*_b- pdg=5114 slice=eta_1_2 p=9 a=9 file=/data/alice/ipardoza/hadronization_production/HF_RUN3_V1/raw/MONASH/hf_MONASH_job906.root
SIGMAB_COUNTS tag=MONASH species=Sigma*_b- pdg=5114 slice=eta_ge_2 p=28 a=23 file=/data/alice/ipardoza/hadronization_production/HF_RUN3_V1/raw/MONASH/hf_MONASH_job906.root
SIGMAB_COUNTS tag=MONASH species=Lambda_b0 pdg=5122 slice=all p=289 a=327 file=/data/alice/ipardoza/hadronization_production/HF_RUN3_V1/raw/MONASH/hf_MONASH_job906.root
SIGMAB_COUNTS tag=MONASH species=Lambda_b0 pdg=5122 slice=eta_lt_1 p=51 a=50 file=/data/alice/ipardoza/hadronization_production/HF_RUN3_V1/raw/MONASH/hf_MONASH_job906.root
SIGMAB_COUNTS tag=MONASH species=Lambda_b0 pdg=5122 slice=eta_1_2 p=65 a=73 file=/data/alice/ipardoza/hadronization_production/HF_RUN3_V1/raw/MONASH/hf_MONASH_job906.root
SIGMAB_COUNTS tag=MONASH species=Lambda_b0 pdg=5122 slice=eta_ge_2 p=173 a=204 file=/data/alice/ipardoza/hadronization_production/HF_RUN3_V1/raw/MONASH/hf_MONASH_job906.root
SIGMAB_COUNTS tag=MONASH species=Xi_b0 pdg=5232 slice=all p=59 a=52 file=/data/alice/ipardoza/hadronization_production/HF_RUN3_V1/raw/MONASH/hf_MONASH_job906.root
SIGMAB_COUNTS tag=MONASH species=Xi_b0 pdg=5232 slice=eta_lt_1 p=12 a=15 file=/data/alice/ipardoza/hadronization_production/HF_RUN3_V1/raw/MONASH/hf_MONASH_job906.root
SIGMAB_COUNTS tag=MONASH species=Xi_b0 pdg=5232 slice=eta_1_2 p=16 a=10 file=/data/alice/ipardoza/hadronization_production/HF_RUN3_V1/raw/MONASH/hf_MONASH_job906.root
SIGMAB_COUNTS tag=MONASH species=Xi_b0 pdg=5232 slice=eta_ge_2 p=31 a=27 file=/data/alice/ipardoza/hadronization_production/HF_RUN3_V1/raw/MONASH/hf_MONASH_job906.root
SIGMAB_COUNTS tag=MONASH species=Xi_b- pdg=5132 slice=all p=61 a=62 file=/data/alice/ipardoza/hadronization_production/HF_RUN3_V1/raw/MONASH/hf_MONASH_job906.root
SIGMAB_COUNTS tag=MONASH species=Xi_b- pdg=5132 slice=eta_lt_1 p=13 a=16 file=/data/alice/ipardoza/hadronization_production/HF_RUN3_V1/raw/MONASH/hf_MONASH_job906.root
SIGMAB_COUNTS tag=MONASH species=Xi_b- pdg=5132 slice=eta_1_2 p=14 a=17 file=/data/alice/ipardoza/hadronization_production/HF_RUN3_V1/raw/MONASH/hf_MONASH_job906.root
SIGMAB_COUNTS tag=MONASH species=Xi_b- pdg=5132 slice=eta_ge_2 p=34 a=29 file=/data/alice/ipardoza/hadronization_production/HF_RUN3_V1/raw/MONASH/hf_MONASH_job906.root
SIGMAB_COUNTS tag=MONASH species=Sigma_b+ pdg=5222 slice=all p=30 a=20 file=/data/alice/ipardoza/hadronization_production/HF_RUN3_V1/raw/MONASH/hf_MONASH_job907.root
SIGMAB_COUNTS tag=MONASH species=Sigma_b+ pdg=5222 slice=eta_lt_1 p=8 a=5 file=/data/alice/ipardoza/hadronization_production/HF_RUN3_V1/raw/MONASH/hf_MONASH_job907.root
SIGMAB_COUNTS tag=MONASH species=Sigma_b+ pdg=5222 slice=eta_1_2 p=7 a=4 file=/data/alice/ipardoza/hadronization_production/HF_RUN3_V1/raw/MONASH/hf_MONASH_job907.root
SIGMAB_COUNTS tag=MONASH species=Sigma_b+ pdg=5222 slice=eta_ge_2 p=15 a=11 file=/data/alice/ipardoza/hadronization_production/HF_RUN3_V1/raw/MONASH/hf_MONASH_job907.root
SIGMAB_COUNTS tag=MONASH species=Sigma_b0 pdg=5212 slice=all p=40 a=22 file=/data/alice/ipardoza/hadronization_production/HF_RUN3_V1/raw/MONASH/hf_MONASH_job907.root
SIGMAB_COUNTS tag=MONASH species=Sigma_b0 pdg=5212 slice=eta_lt_1 p=8 a=2 file=/data/alice/ipardoza/hadronization_production/HF_RUN3_V1/raw/MONASH/hf_MONASH_job907.root
SIGMAB_COUNTS tag=MONASH species=Sigma_b0 pdg=5212 slice=eta_1_2 p=9 a=8 file=/data/alice/ipardoza/hadronization_production/HF_RUN3_V1/raw/MONASH/hf_MONASH_job907.root
SIGMAB_COUNTS tag=MONASH species=Sigma_b0 pdg=5212 slice=eta_ge_2 p=23 a=12 file=/data/alice/ipardoza/hadronization_production/HF_RUN3_V1/raw/MONASH/hf_MONASH_job907.root
SIGMAB_COUNTS tag=MONASH species=Sigma_b- pdg=5112 slice=all p=26 a=19 file=/data/alice/ipardoza/hadronization_production/HF_RUN3_V1/raw/MONASH/hf_MONASH_job907.root
SIGMAB_COUNTS tag=MONASH species=Sigma_b- pdg=5112 slice=eta_lt_1 p=3 a=3 file=/data/alice/ipardoza/hadronization_production/HF_RUN3_V1/raw/MONASH/hf_MONASH_job907.root
SIGMAB_COUNTS tag=MONASH species=Sigma_b- pdg=5112 slice=eta_1_2 p=1 a=4 file=/data/alice/ipardoza/hadronization_production/HF_RUN3_V1/raw/MONASH/hf_MONASH_job907.root
SIGMAB_COUNTS tag=MONASH species=Sigma_b- pdg=5112 slice=eta_ge_2 p=22 a=12 file=/data/alice/ipardoza/hadronization_production/HF_RUN3_V1/raw/MONASH/hf_MONASH_job907.root
SIGMAB_COUNTS tag=MONASH species=Sigma*_b+ pdg=5224 slice=all p=58 a=39 file=/data/alice/ipardoza/hadronization_production/HF_RUN3_V1/raw/MONASH/hf_MONASH_job907.root
SIGMAB_COUNTS tag=MONASH species=Sigma*_b+ pdg=5224 slice=eta_lt_1 p=8 a=9 file=/data/alice/ipardoza/hadronization_production/HF_RUN3_V1/raw/MONASH/hf_MONASH_job907.root
SIGMAB_COUNTS tag=MONASH species=Sigma*_b+ pdg=5224 slice=eta_1_2 p=15 a=6 file=/data/alice/ipardoza/hadronization_production/HF_RUN3_V1/raw/MONASH/hf_MONASH_job907.root
SIGMAB_COUNTS tag=MONASH species=Sigma*_b+ pdg=5224 slice=eta_ge_2 p=35 a=24 file=/data/alice/ipardoza/hadronization_production/HF_RUN3_V1/raw/MONASH/hf_MONASH_job907.root
SIGMAB_COUNTS tag=MONASH species=Sigma*_b0 pdg=5214 slice=all p=52 a=40 file=/data/alice/ipardoza/hadronization_production/HF_RUN3_V1/raw/MONASH/hf_MONASH_job907.root
SIGMAB_COUNTS tag=MONASH species=Sigma*_b0 pdg=5214 slice=eta_lt_1 p=14 a=8 file=/data/alice/ipardoza/hadronization_production/HF_RUN3_V1/raw/MONASH/hf_MONASH_job907.root
SIGMAB_COUNTS tag=MONASH species=Sigma*_b0 pdg=5214 slice=eta_1_2 p=13 a=12 file=/data/alice/ipardoza/hadronization_production/HF_RUN3_V1/raw/MONASH/hf_MONASH_job907.root
SIGMAB_COUNTS tag=MONASH species=Sigma*_b0 pdg=5214 slice=eta_ge_2 p=25 a=20 file=/data/alice/ipardoza/hadronization_production/HF_RUN3_V1/raw/MONASH/hf_MONASH_job907.root
SIGMAB_COUNTS tag=MONASH species=Sigma*_b- pdg=5114 slice=all p=50 a=49 file=/data/alice/ipardoza/hadronization_production/HF_RUN3_V1/raw/MONASH/hf_MONASH_job907.root
SIGMAB_COUNTS tag=MONASH species=Sigma*_b- pdg=5114 slice=eta_lt_1 p=12 a=9 file=/data/alice/ipardoza/hadronization_production/HF_RUN3_V1/raw/MONASH/hf_MONASH_job907.root
SIGMAB_COUNTS tag=MONASH species=Sigma*_b- pdg=5114 slice=eta_1_2 p=9 a=11 file=/data/alice/ipardoza/hadronization_production/HF_RUN3_V1/raw/MONASH/hf_MONASH_job907.root
SIGMAB_COUNTS tag=MONASH species=Sigma*_b- pdg=5114 slice=eta_ge_2 p=29 a=29 file=/data/alice/ipardoza/hadronization_production/HF_RUN3_V1/raw/MONASH/hf_MONASH_job907.root
SIGMAB_COUNTS tag=MONASH species=Lambda_b0 pdg=5122 slice=all p=328 a=314 file=/data/alice/ipardoza/hadronization_production/HF_RUN3_V1/raw/MONASH/hf_MONASH_job907.root
SIGMAB_COUNTS tag=MONASH species=Lambda_b0 pdg=5122 slice=eta_lt_1 p=66 a=54 file=/data/alice/ipardoza/hadronization_production/HF_RUN3_V1/raw/MONASH/hf_MONASH_job907.root
SIGMAB_COUNTS tag=MONASH species=Lambda_b0 pdg=5122 slice=eta_1_2 p=62 a=70 file=/data/alice/ipardoza/hadronization_production/HF_RUN3_V1/raw/MONASH/hf_MONASH_job907.root
SIGMAB_COUNTS tag=MONASH species=Lambda_b0 pdg=5122 slice=eta_ge_2 p=200 a=190 file=/data/alice/ipardoza/hadronization_production/HF_RUN3_V1/raw/MONASH/hf_MONASH_job907.root
SIGMAB_COUNTS tag=MONASH species=Xi_b0 pdg=5232 slice=all p=60 a=70 file=/data/alice/ipardoza/hadronization_production/HF_RUN3_V1/raw/MONASH/hf_MONASH_job907.root
SIGMAB_COUNTS tag=MONASH species=Xi_b0 pdg=5232 slice=eta_lt_1 p=10 a=12 file=/data/alice/ipardoza/hadronization_production/HF_RUN3_V1/raw/MONASH/hf_MONASH_job907.root
SIGMAB_COUNTS tag=MONASH species=Xi_b0 pdg=5232 slice=eta_1_2 p=9 a=16 file=/data/alice/ipardoza/hadronization_production/HF_RUN3_V1/raw/MONASH/hf_MONASH_job907.root
SIGMAB_COUNTS tag=MONASH species=Xi_b0 pdg=5232 slice=eta_ge_2 p=41 a=42 file=/data/alice/ipardoza/hadronization_production/HF_RUN3_V1/raw/MONASH/hf_MONASH_job907.root
SIGMAB_COUNTS tag=MONASH species=Xi_b- pdg=5132 slice=all p=60 a=56 file=/data/alice/ipardoza/hadronization_production/HF_RUN3_V1/raw/MONASH/hf_MONASH_job907.root
SIGMAB_COUNTS tag=MONASH species=Xi_b- pdg=5132 slice=eta_lt_1 p=9 a=10 file=/data/alice/ipardoza/hadronization_production/HF_RUN3_V1/raw/MONASH/hf_MONASH_job907.root
SIGMAB_COUNTS tag=MONASH species=Xi_b- pdg=5132 slice=eta_1_2 p=11 a=9 file=/data/alice/ipardoza/hadronization_production/HF_RUN3_V1/raw/MONASH/hf_MONASH_job907.root
SIGMAB_COUNTS tag=MONASH species=Xi_b- pdg=5132 slice=eta_ge_2 p=40 a=37 file=/data/alice/ipardoza/hadronization_production/HF_RUN3_V1/raw/MONASH/hf_MONASH_job907.root
SIGMAB_COUNTS tag=MONASH species=Sigma_b+ pdg=5222 slice=all p=30 a=22 file=/data/alice/ipardoza/hadronization_production/HF_RUN3_V1/raw/MONASH/hf_MONASH_job908.root
SIGMAB_COUNTS tag=MONASH species=Sigma_b+ pdg=5222 slice=eta_lt_1 p=5 a=6 file=/data/alice/ipardoza/hadronization_production/HF_RUN3_V1/raw/MONASH/hf_MONASH_job908.root
SIGMAB_COUNTS tag=MONASH species=Sigma_b+ pdg=5222 slice=eta_1_2 p=6 a=5 file=/data/alice/ipardoza/hadronization_production/HF_RUN3_V1/raw/MONASH/hf_MONASH_job908.root
SIGMAB_COUNTS tag=MONASH species=Sigma_b+ pdg=5222 slice=eta_ge_2 p=19 a=11 file=/data/alice/ipardoza/hadronization_production/HF_RUN3_V1/raw/MONASH/hf_MONASH_job908.root
SIGMAB_COUNTS tag=MONASH species=Sigma_b0 pdg=5212 slice=all p=28 a=20 file=/data/alice/ipardoza/hadronization_production/HF_RUN3_V1/raw/MONASH/hf_MONASH_job908.root
SIGMAB_COUNTS tag=MONASH species=Sigma_b0 pdg=5212 slice=eta_lt_1 p=7 a=5 file=/data/alice/ipardoza/hadronization_production/HF_RUN3_V1/raw/MONASH/hf_MONASH_job908.root
SIGMAB_COUNTS tag=MONASH species=Sigma_b0 pdg=5212 slice=eta_1_2 p=5 a=7 file=/data/alice/ipardoza/hadronization_production/HF_RUN3_V1/raw/MONASH/hf_MONASH_job908.root
SIGMAB_COUNTS tag=MONASH species=Sigma_b0 pdg=5212 slice=eta_ge_2 p=16 a=8 file=/data/alice/ipardoza/hadronization_production/HF_RUN3_V1/raw/MONASH/hf_MONASH_job908.root
SIGMAB_COUNTS tag=MONASH species=Sigma_b- pdg=5112 slice=all p=39 a=16 file=/data/alice/ipardoza/hadronization_production/HF_RUN3_V1/raw/MONASH/hf_MONASH_job908.root
SIGMAB_COUNTS tag=MONASH species=Sigma_b- pdg=5112 slice=eta_lt_1 p=11 a=4 file=/data/alice/ipardoza/hadronization_production/HF_RUN3_V1/raw/MONASH/hf_MONASH_job908.root
SIGMAB_COUNTS tag=MONASH species=Sigma_b- pdg=5112 slice=eta_1_2 p=2 a=7 file=/data/alice/ipardoza/hadronization_production/HF_RUN3_V1/raw/MONASH/hf_MONASH_job908.root
SIGMAB_COUNTS tag=MONASH species=Sigma_b- pdg=5112 slice=eta_ge_2 p=26 a=5 file=/data/alice/ipardoza/hadronization_production/HF_RUN3_V1/raw/MONASH/hf_MONASH_job908.root
SIGMAB_COUNTS tag=MONASH species=Sigma*_b+ pdg=5224 slice=all p=49 a=35 file=/data/alice/ipardoza/hadronization_production/HF_RUN3_V1/raw/MONASH/hf_MONASH_job908.root
SIGMAB_COUNTS tag=MONASH species=Sigma*_b+ pdg=5224 slice=eta_lt_1 p=10 a=5 file=/data/alice/ipardoza/hadronization_production/HF_RUN3_V1/raw/MONASH/hf_MONASH_job908.root
SIGMAB_COUNTS tag=MONASH species=Sigma*_b+ pdg=5224 slice=eta_1_2 p=10 a=10 file=/data/alice/ipardoza/hadronization_production/HF_RUN3_V1/raw/MONASH/hf_MONASH_job908.root
SIGMAB_COUNTS tag=MONASH species=Sigma*_b+ pdg=5224 slice=eta_ge_2 p=29 a=20 file=/data/alice/ipardoza/hadronization_production/HF_RUN3_V1/raw/MONASH/hf_MONASH_job908.root
SIGMAB_COUNTS tag=MONASH species=Sigma*_b0 pdg=5214 slice=all p=50 a=47 file=/data/alice/ipardoza/hadronization_production/HF_RUN3_V1/raw/MONASH/hf_MONASH_job908.root
SIGMAB_COUNTS tag=MONASH species=Sigma*_b0 pdg=5214 slice=eta_lt_1 p=8 a=10 file=/data/alice/ipardoza/hadronization_production/HF_RUN3_V1/raw/MONASH/hf_MONASH_job908.root
SIGMAB_COUNTS tag=MONASH species=Sigma*_b0 pdg=5214 slice=eta_1_2 p=10 a=16 file=/data/alice/ipardoza/hadronization_production/HF_RUN3_V1/raw/MONASH/hf_MONASH_job908.root
SIGMAB_COUNTS tag=MONASH species=Sigma*_b0 pdg=5214 slice=eta_ge_2 p=32 a=21 file=/data/alice/ipardoza/hadronization_production/HF_RUN3_V1/raw/MONASH/hf_MONASH_job908.root
SIGMAB_COUNTS tag=MONASH species=Sigma*_b- pdg=5114 slice=all p=47 a=37 file=/data/alice/ipardoza/hadronization_production/HF_RUN3_V1/raw/MONASH/hf_MONASH_job908.root
SIGMAB_COUNTS tag=MONASH species=Sigma*_b- pdg=5114 slice=eta_lt_1 p=10 a=8 file=/data/alice/ipardoza/hadronization_production/HF_RUN3_V1/raw/MONASH/hf_MONASH_job908.root
SIGMAB_COUNTS tag=MONASH species=Sigma*_b- pdg=5114 slice=eta_1_2 p=8 a=4 file=/data/alice/ipardoza/hadronization_production/HF_RUN3_V1/raw/MONASH/hf_MONASH_job908.root
SIGMAB_COUNTS tag=MONASH species=Sigma*_b- pdg=5114 slice=eta_ge_2 p=29 a=25 file=/data/alice/ipardoza/hadronization_production/HF_RUN3_V1/raw/MONASH/hf_MONASH_job908.root
SIGMAB_COUNTS tag=MONASH species=Lambda_b0 pdg=5122 slice=all p=319 a=286 file=/data/alice/ipardoza/hadronization_production/HF_RUN3_V1/raw/MONASH/hf_MONASH_job908.root
SIGMAB_COUNTS tag=MONASH species=Lambda_b0 pdg=5122 slice=eta_lt_1 p=56 a=62 file=/data/alice/ipardoza/hadronization_production/HF_RUN3_V1/raw/MONASH/hf_MONASH_job908.root
SIGMAB_COUNTS tag=MONASH species=Lambda_b0 pdg=5122 slice=eta_1_2 p=67 a=67 file=/data/alice/ipardoza/hadronization_production/HF_RUN3_V1/raw/MONASH/hf_MONASH_job908.root
SIGMAB_COUNTS tag=MONASH species=Lambda_b0 pdg=5122 slice=eta_ge_2 p=196 a=157 file=/data/alice/ipardoza/hadronization_production/HF_RUN3_V1/raw/MONASH/hf_MONASH_job908.root
SIGMAB_COUNTS tag=MONASH species=Xi_b0 pdg=5232 slice=all p=44 a=63 file=/data/alice/ipardoza/hadronization_production/HF_RUN3_V1/raw/MONASH/hf_MONASH_job908.root
SIGMAB_COUNTS tag=MONASH species=Xi_b0 pdg=5232 slice=eta_lt_1 p=5 a=14 file=/data/alice/ipardoza/hadronization_production/HF_RUN3_V1/raw/MONASH/hf_MONASH_job908.root
SIGMAB_COUNTS tag=MONASH species=Xi_b0 pdg=5232 slice=eta_1_2 p=11 a=9 file=/data/alice/ipardoza/hadronization_production/HF_RUN3_V1/raw/MONASH/hf_MONASH_job908.root
SIGMAB_COUNTS tag=MONASH species=Xi_b0 pdg=5232 slice=eta_ge_2 p=28 a=40 file=/data/alice/ipardoza/hadronization_production/HF_RUN3_V1/raw/MONASH/hf_MONASH_job908.root
SIGMAB_COUNTS tag=MONASH species=Xi_b- pdg=5132 slice=all p=41 a=49 file=/data/alice/ipardoza/hadronization_production/HF_RUN3_V1/raw/MONASH/hf_MONASH_job908.root
SIGMAB_COUNTS tag=MONASH species=Xi_b- pdg=5132 slice=eta_lt_1 p=8 a=5 file=/data/alice/ipardoza/hadronization_production/HF_RUN3_V1/raw/MONASH/hf_MONASH_job908.root
SIGMAB_COUNTS tag=MONASH species=Xi_b- pdg=5132 slice=eta_1_2 p=11 a=9 file=/data/alice/ipardoza/hadronization_production/HF_RUN3_V1/raw/MONASH/hf_MONASH_job908.root
SIGMAB_COUNTS tag=MONASH species=Xi_b- pdg=5132 slice=eta_ge_2 p=22 a=35 file=/data/alice/ipardoza/hadronization_production/HF_RUN3_V1/raw/MONASH/hf_MONASH_job908.root
SIGMAB_COUNTS tag=MONASH species=Sigma_b+ pdg=5222 slice=all p=49 a=19 file=/data/alice/ipardoza/hadronization_production/HF_RUN3_V1/raw/MONASH/hf_MONASH_job909.root
SIGMAB_COUNTS tag=MONASH species=Sigma_b+ pdg=5222 slice=eta_lt_1 p=7 a=3 file=/data/alice/ipardoza/hadronization_production/HF_RUN3_V1/raw/MONASH/hf_MONASH_job909.root
SIGMAB_COUNTS tag=MONASH species=Sigma_b+ pdg=5222 slice=eta_1_2 p=16 a=5 file=/data/alice/ipardoza/hadronization_production/HF_RUN3_V1/raw/MONASH/hf_MONASH_job909.root
SIGMAB_COUNTS tag=MONASH species=Sigma_b+ pdg=5222 slice=eta_ge_2 p=26 a=11 file=/data/alice/ipardoza/hadronization_production/HF_RUN3_V1/raw/MONASH/hf_MONASH_job909.root
SIGMAB_COUNTS tag=MONASH species=Sigma_b0 pdg=5212 slice=all p=39 a=13 file=/data/alice/ipardoza/hadronization_production/HF_RUN3_V1/raw/MONASH/hf_MONASH_job909.root
SIGMAB_COUNTS tag=MONASH species=Sigma_b0 pdg=5212 slice=eta_lt_1 p=6 a=4 file=/data/alice/ipardoza/hadronization_production/HF_RUN3_V1/raw/MONASH/hf_MONASH_job909.root
SIGMAB_COUNTS tag=MONASH species=Sigma_b0 pdg=5212 slice=eta_1_2 p=8 a=5 file=/data/alice/ipardoza/hadronization_production/HF_RUN3_V1/raw/MONASH/hf_MONASH_job909.root
SIGMAB_COUNTS tag=MONASH species=Sigma_b0 pdg=5212 slice=eta_ge_2 p=25 a=4 file=/data/alice/ipardoza/hadronization_production/HF_RUN3_V1/raw/MONASH/hf_MONASH_job909.root
SIGMAB_COUNTS tag=MONASH species=Sigma_b- pdg=5112 slice=all p=32 a=17 file=/data/alice/ipardoza/hadronization_production/HF_RUN3_V1/raw/MONASH/hf_MONASH_job909.root
SIGMAB_COUNTS tag=MONASH species=Sigma_b- pdg=5112 slice=eta_lt_1 p=6 a=5 file=/data/alice/ipardoza/hadronization_production/HF_RUN3_V1/raw/MONASH/hf_MONASH_job909.root
SIGMAB_COUNTS tag=MONASH species=Sigma_b- pdg=5112 slice=eta_1_2 p=6 a=3 file=/data/alice/ipardoza/hadronization_production/HF_RUN3_V1/raw/MONASH/hf_MONASH_job909.root
SIGMAB_COUNTS tag=MONASH species=Sigma_b- pdg=5112 slice=eta_ge_2 p=20 a=9 file=/data/alice/ipardoza/hadronization_production/HF_RUN3_V1/raw/MONASH/hf_MONASH_job909.root
SIGMAB_COUNTS tag=MONASH species=Sigma*_b+ pdg=5224 slice=all p=45 a=44 file=/data/alice/ipardoza/hadronization_production/HF_RUN3_V1/raw/MONASH/hf_MONASH_job909.root
SIGMAB_COUNTS tag=MONASH species=Sigma*_b+ pdg=5224 slice=eta_lt_1 p=5 a=5 file=/data/alice/ipardoza/hadronization_production/HF_RUN3_V1/raw/MONASH/hf_MONASH_job909.root
SIGMAB_COUNTS tag=MONASH species=Sigma*_b+ pdg=5224 slice=eta_1_2 p=10 a=11 file=/data/alice/ipardoza/hadronization_production/HF_RUN3_V1/raw/MONASH/hf_MONASH_job909.root
SIGMAB_COUNTS tag=MONASH species=Sigma*_b+ pdg=5224 slice=eta_ge_2 p=30 a=28 file=/data/alice/ipardoza/hadronization_production/HF_RUN3_V1/raw/MONASH/hf_MONASH_job909.root
SIGMAB_COUNTS tag=MONASH species=Sigma*_b0 pdg=5214 slice=all p=43 a=45 file=/data/alice/ipardoza/hadronization_production/HF_RUN3_V1/raw/MONASH/hf_MONASH_job909.root
SIGMAB_COUNTS tag=MONASH species=Sigma*_b0 pdg=5214 slice=eta_lt_1 p=7 a=6 file=/data/alice/ipardoza/hadronization_production/HF_RUN3_V1/raw/MONASH/hf_MONASH_job909.root
SIGMAB_COUNTS tag=MONASH species=Sigma*_b0 pdg=5214 slice=eta_1_2 p=12 a=13 file=/data/alice/ipardoza/hadronization_production/HF_RUN3_V1/raw/MONASH/hf_MONASH_job909.root
SIGMAB_COUNTS tag=MONASH species=Sigma*_b0 pdg=5214 slice=eta_ge_2 p=24 a=26 file=/data/alice/ipardoza/hadronization_production/HF_RUN3_V1/raw/MONASH/hf_MONASH_job909.root
SIGMAB_COUNTS tag=MONASH species=Sigma*_b- pdg=5114 slice=all p=60 a=45 file=/data/alice/ipardoza/hadronization_production/HF_RUN3_V1/raw/MONASH/hf_MONASH_job909.root
SIGMAB_COUNTS tag=MONASH species=Sigma*_b- pdg=5114 slice=eta_lt_1 p=15 a=5 file=/data/alice/ipardoza/hadronization_production/HF_RUN3_V1/raw/MONASH/hf_MONASH_job909.root
SIGMAB_COUNTS tag=MONASH species=Sigma*_b- pdg=5114 slice=eta_1_2 p=12 a=13 file=/data/alice/ipardoza/hadronization_production/HF_RUN3_V1/raw/MONASH/hf_MONASH_job909.root
SIGMAB_COUNTS tag=MONASH species=Sigma*_b- pdg=5114 slice=eta_ge_2 p=33 a=27 file=/data/alice/ipardoza/hadronization_production/HF_RUN3_V1/raw/MONASH/hf_MONASH_job909.root
SIGMAB_COUNTS tag=MONASH species=Lambda_b0 pdg=5122 slice=all p=306 a=296 file=/data/alice/ipardoza/hadronization_production/HF_RUN3_V1/raw/MONASH/hf_MONASH_job909.root
SIGMAB_COUNTS tag=MONASH species=Lambda_b0 pdg=5122 slice=eta_lt_1 p=49 a=46 file=/data/alice/ipardoza/hadronization_production/HF_RUN3_V1/raw/MONASH/hf_MONASH_job909.root
SIGMAB_COUNTS tag=MONASH species=Lambda_b0 pdg=5122 slice=eta_1_2 p=67 a=56 file=/data/alice/ipardoza/hadronization_production/HF_RUN3_V1/raw/MONASH/hf_MONASH_job909.root
SIGMAB_COUNTS tag=MONASH species=Lambda_b0 pdg=5122 slice=eta_ge_2 p=190 a=194 file=/data/alice/ipardoza/hadronization_production/HF_RUN3_V1/raw/MONASH/hf_MONASH_job909.root
SIGMAB_COUNTS tag=MONASH species=Xi_b0 pdg=5232 slice=all p=62 a=41 file=/data/alice/ipardoza/hadronization_production/HF_RUN3_V1/raw/MONASH/hf_MONASH_job909.root
SIGMAB_COUNTS tag=MONASH species=Xi_b0 pdg=5232 slice=eta_lt_1 p=18 a=12 file=/data/alice/ipardoza/hadronization_production/HF_RUN3_V1/raw/MONASH/hf_MONASH_job909.root
SIGMAB_COUNTS tag=MONASH species=Xi_b0 pdg=5232 slice=eta_1_2 p=13 a=7 file=/data/alice/ipardoza/hadronization_production/HF_RUN3_V1/raw/MONASH/hf_MONASH_job909.root
SIGMAB_COUNTS tag=MONASH species=Xi_b0 pdg=5232 slice=eta_ge_2 p=31 a=22 file=/data/alice/ipardoza/hadronization_production/HF_RUN3_V1/raw/MONASH/hf_MONASH_job909.root
SIGMAB_COUNTS tag=MONASH species=Xi_b- pdg=5132 slice=all p=60 a=63 file=/data/alice/ipardoza/hadronization_production/HF_RUN3_V1/raw/MONASH/hf_MONASH_job909.root
SIGMAB_COUNTS tag=MONASH species=Xi_b- pdg=5132 slice=eta_lt_1 p=11 a=13 file=/data/alice/ipardoza/hadronization_production/HF_RUN3_V1/raw/MONASH/hf_MONASH_job909.root
SIGMAB_COUNTS tag=MONASH species=Xi_b- pdg=5132 slice=eta_1_2 p=13 a=20 file=/data/alice/ipardoza/hadronization_production/HF_RUN3_V1/raw/MONASH/hf_MONASH_job909.root
SIGMAB_COUNTS tag=MONASH species=Xi_b- pdg=5132 slice=eta_ge_2 p=36 a=30 file=/data/alice/ipardoza/hadronization_production/HF_RUN3_V1/raw/MONASH/hf_MONASH_job909.root
SIGMAB_COUNTS tag=MONASH species=Sigma_b+ pdg=5222 slice=all p=44 a=20 file=/data/alice/ipardoza/hadronization_production/HF_RUN3_V1/raw/MONASH/hf_MONASH_job910.root
SIGMAB_COUNTS tag=MONASH species=Sigma_b+ pdg=5222 slice=eta_lt_1 p=6 a=8 file=/data/alice/ipardoza/hadronization_production/HF_RUN3_V1/raw/MONASH/hf_MONASH_job910.root
SIGMAB_COUNTS tag=MONASH species=Sigma_b+ pdg=5222 slice=eta_1_2 p=14 a=3 file=/data/alice/ipardoza/hadronization_production/HF_RUN3_V1/raw/MONASH/hf_MONASH_job910.root
SIGMAB_COUNTS tag=MONASH species=Sigma_b+ pdg=5222 slice=eta_ge_2 p=24 a=9 file=/data/alice/ipardoza/hadronization_production/HF_RUN3_V1/raw/MONASH/hf_MONASH_job910.root
SIGMAB_COUNTS tag=MONASH species=Sigma_b0 pdg=5212 slice=all p=26 a=15 file=/data/alice/ipardoza/hadronization_production/HF_RUN3_V1/raw/MONASH/hf_MONASH_job910.root
SIGMAB_COUNTS tag=MONASH species=Sigma_b0 pdg=5212 slice=eta_lt_1 p=2 a=4 file=/data/alice/ipardoza/hadronization_production/HF_RUN3_V1/raw/MONASH/hf_MONASH_job910.root
SIGMAB_COUNTS tag=MONASH species=Sigma_b0 pdg=5212 slice=eta_1_2 p=5 a=2 file=/data/alice/ipardoza/hadronization_production/HF_RUN3_V1/raw/MONASH/hf_MONASH_job910.root
SIGMAB_COUNTS tag=MONASH species=Sigma_b0 pdg=5212 slice=eta_ge_2 p=19 a=9 file=/data/alice/ipardoza/hadronization_production/HF_RUN3_V1/raw/MONASH/hf_MONASH_job910.root
SIGMAB_COUNTS tag=MONASH species=Sigma_b- pdg=5112 slice=all p=25 a=24 file=/data/alice/ipardoza/hadronization_production/HF_RUN3_V1/raw/MONASH/hf_MONASH_job910.root
SIGMAB_COUNTS tag=MONASH species=Sigma_b- pdg=5112 slice=eta_lt_1 p=5 a=5 file=/data/alice/ipardoza/hadronization_production/HF_RUN3_V1/raw/MONASH/hf_MONASH_job910.root
SIGMAB_COUNTS tag=MONASH species=Sigma_b- pdg=5112 slice=eta_1_2 p=7 a=1 file=/data/alice/ipardoza/hadronization_production/HF_RUN3_V1/raw/MONASH/hf_MONASH_job910.root
SIGMAB_COUNTS tag=MONASH species=Sigma_b- pdg=5112 slice=eta_ge_2 p=13 a=18 file=/data/alice/ipardoza/hadronization_production/HF_RUN3_V1/raw/MONASH/hf_MONASH_job910.root
SIGMAB_COUNTS tag=MONASH species=Sigma*_b+ pdg=5224 slice=all p=42 a=46 file=/data/alice/ipardoza/hadronization_production/HF_RUN3_V1/raw/MONASH/hf_MONASH_job910.root
SIGMAB_COUNTS tag=MONASH species=Sigma*_b+ pdg=5224 slice=eta_lt_1 p=9 a=7 file=/data/alice/ipardoza/hadronization_production/HF_RUN3_V1/raw/MONASH/hf_MONASH_job910.root
SIGMAB_COUNTS tag=MONASH species=Sigma*_b+ pdg=5224 slice=eta_1_2 p=9 a=8 file=/data/alice/ipardoza/hadronization_production/HF_RUN3_V1/raw/MONASH/hf_MONASH_job910.root
SIGMAB_COUNTS tag=MONASH species=Sigma*_b+ pdg=5224 slice=eta_ge_2 p=24 a=31 file=/data/alice/ipardoza/hadronization_production/HF_RUN3_V1/raw/MONASH/hf_MONASH_job910.root
SIGMAB_COUNTS tag=MONASH species=Sigma*_b0 pdg=5214 slice=all p=59 a=22 file=/data/alice/ipardoza/hadronization_production/HF_RUN3_V1/raw/MONASH/hf_MONASH_job910.root
SIGMAB_COUNTS tag=MONASH species=Sigma*_b0 pdg=5214 slice=eta_lt_1 p=10 a=4 file=/data/alice/ipardoza/hadronization_production/HF_RUN3_V1/raw/MONASH/hf_MONASH_job910.root
SIGMAB_COUNTS tag=MONASH species=Sigma*_b0 pdg=5214 slice=eta_1_2 p=15 a=4 file=/data/alice/ipardoza/hadronization_production/HF_RUN3_V1/raw/MONASH/hf_MONASH_job910.root
SIGMAB_COUNTS tag=MONASH species=Sigma*_b0 pdg=5214 slice=eta_ge_2 p=34 a=14 file=/data/alice/ipardoza/hadronization_production/HF_RUN3_V1/raw/MONASH/hf_MONASH_job910.root
SIGMAB_COUNTS tag=MONASH species=Sigma*_b- pdg=5114 slice=all p=57 a=42 file=/data/alice/ipardoza/hadronization_production/HF_RUN3_V1/raw/MONASH/hf_MONASH_job910.root
SIGMAB_COUNTS tag=MONASH species=Sigma*_b- pdg=5114 slice=eta_lt_1 p=9 a=15 file=/data/alice/ipardoza/hadronization_production/HF_RUN3_V1/raw/MONASH/hf_MONASH_job910.root
SIGMAB_COUNTS tag=MONASH species=Sigma*_b- pdg=5114 slice=eta_1_2 p=11 a=8 file=/data/alice/ipardoza/hadronization_production/HF_RUN3_V1/raw/MONASH/hf_MONASH_job910.root
SIGMAB_COUNTS tag=MONASH species=Sigma*_b- pdg=5114 slice=eta_ge_2 p=37 a=19 file=/data/alice/ipardoza/hadronization_production/HF_RUN3_V1/raw/MONASH/hf_MONASH_job910.root
SIGMAB_COUNTS tag=MONASH species=Lambda_b0 pdg=5122 slice=all p=330 a=333 file=/data/alice/ipardoza/hadronization_production/HF_RUN3_V1/raw/MONASH/hf_MONASH_job910.root
SIGMAB_COUNTS tag=MONASH species=Lambda_b0 pdg=5122 slice=eta_lt_1 p=52 a=72 file=/data/alice/ipardoza/hadronization_production/HF_RUN3_V1/raw/MONASH/hf_MONASH_job910.root
SIGMAB_COUNTS tag=MONASH species=Lambda_b0 pdg=5122 slice=eta_1_2 p=76 a=76 file=/data/alice/ipardoza/hadronization_production/HF_RUN3_V1/raw/MONASH/hf_MONASH_job910.root
SIGMAB_COUNTS tag=MONASH species=Lambda_b0 pdg=5122 slice=eta_ge_2 p=202 a=185 file=/data/alice/ipardoza/hadronization_production/HF_RUN3_V1/raw/MONASH/hf_MONASH_job910.root
SIGMAB_COUNTS tag=MONASH species=Xi_b0 pdg=5232 slice=all p=62 a=69 file=/data/alice/ipardoza/hadronization_production/HF_RUN3_V1/raw/MONASH/hf_MONASH_job910.root
SIGMAB_COUNTS tag=MONASH species=Xi_b0 pdg=5232 slice=eta_lt_1 p=10 a=15 file=/data/alice/ipardoza/hadronization_production/HF_RUN3_V1/raw/MONASH/hf_MONASH_job910.root
SIGMAB_COUNTS tag=MONASH species=Xi_b0 pdg=5232 slice=eta_1_2 p=10 a=12 file=/data/alice/ipardoza/hadronization_production/HF_RUN3_V1/raw/MONASH/hf_MONASH_job910.root
SIGMAB_COUNTS tag=MONASH species=Xi_b0 pdg=5232 slice=eta_ge_2 p=42 a=42 file=/data/alice/ipardoza/hadronization_production/HF_RUN3_V1/raw/MONASH/hf_MONASH_job910.root
SIGMAB_COUNTS tag=MONASH species=Xi_b- pdg=5132 slice=all p=61 a=61 file=/data/alice/ipardoza/hadronization_production/HF_RUN3_V1/raw/MONASH/hf_MONASH_job910.root
SIGMAB_COUNTS tag=MONASH species=Xi_b- pdg=5132 slice=eta_lt_1 p=12 a=15 file=/data/alice/ipardoza/hadronization_production/HF_RUN3_V1/raw/MONASH/hf_MONASH_job910.root
SIGMAB_COUNTS tag=MONASH species=Xi_b- pdg=5132 slice=eta_1_2 p=13 a=8 file=/data/alice/ipardoza/hadronization_production/HF_RUN3_V1/raw/MONASH/hf_MONASH_job910.root
SIGMAB_COUNTS tag=MONASH species=Xi_b- pdg=5132 slice=eta_ge_2 p=36 a=38 file=/data/alice/ipardoza/hadronization_production/HF_RUN3_V1/raw/MONASH/hf_MONASH_job910.root
SIGMAB_COUNTS tag=MONASH species=Sigma_b+ pdg=5222 slice=all p=42 a=19 file=/data/alice/ipardoza/hadronization_production/HF_RUN3_V1/raw/MONASH/hf_MONASH_job911.root
SIGMAB_COUNTS tag=MONASH species=Sigma_b+ pdg=5222 slice=eta_lt_1 p=10 a=3 file=/data/alice/ipardoza/hadronization_production/HF_RUN3_V1/raw/MONASH/hf_MONASH_job911.root
SIGMAB_COUNTS tag=MONASH species=Sigma_b+ pdg=5222 slice=eta_1_2 p=8 a=5 file=/data/alice/ipardoza/hadronization_production/HF_RUN3_V1/raw/MONASH/hf_MONASH_job911.root
SIGMAB_COUNTS tag=MONASH species=Sigma_b+ pdg=5222 slice=eta_ge_2 p=24 a=11 file=/data/alice/ipardoza/hadronization_production/HF_RUN3_V1/raw/MONASH/hf_MONASH_job911.root
SIGMAB_COUNTS tag=MONASH species=Sigma_b0 pdg=5212 slice=all p=38 a=25 file=/data/alice/ipardoza/hadronization_production/HF_RUN3_V1/raw/MONASH/hf_MONASH_job911.root
SIGMAB_COUNTS tag=MONASH species=Sigma_b0 pdg=5212 slice=eta_lt_1 p=7 a=4 file=/data/alice/ipardoza/hadronization_production/HF_RUN3_V1/raw/MONASH/hf_MONASH_job911.root
SIGMAB_COUNTS tag=MONASH species=Sigma_b0 pdg=5212 slice=eta_1_2 p=8 a=6 file=/data/alice/ipardoza/hadronization_production/HF_RUN3_V1/raw/MONASH/hf_MONASH_job911.root
SIGMAB_COUNTS tag=MONASH species=Sigma_b0 pdg=5212 slice=eta_ge_2 p=23 a=15 file=/data/alice/ipardoza/hadronization_production/HF_RUN3_V1/raw/MONASH/hf_MONASH_job911.root
SIGMAB_COUNTS tag=MONASH species=Sigma_b- pdg=5112 slice=all p=44 a=22 file=/data/alice/ipardoza/hadronization_production/HF_RUN3_V1/raw/MONASH/hf_MONASH_job911.root
SIGMAB_COUNTS tag=MONASH species=Sigma_b- pdg=5112 slice=eta_lt_1 p=5 a=4 file=/data/alice/ipardoza/hadronization_production/HF_RUN3_V1/raw/MONASH/hf_MONASH_job911.root
SIGMAB_COUNTS tag=MONASH species=Sigma_b- pdg=5112 slice=eta_1_2 p=7 a=5 file=/data/alice/ipardoza/hadronization_production/HF_RUN3_V1/raw/MONASH/hf_MONASH_job911.root
SIGMAB_COUNTS tag=MONASH species=Sigma_b- pdg=5112 slice=eta_ge_2 p=32 a=13 file=/data/alice/ipardoza/hadronization_production/HF_RUN3_V1/raw/MONASH/hf_MONASH_job911.root
SIGMAB_COUNTS tag=MONASH species=Sigma*_b+ pdg=5224 slice=all p=36 a=38 file=/data/alice/ipardoza/hadronization_production/HF_RUN3_V1/raw/MONASH/hf_MONASH_job911.root
SIGMAB_COUNTS tag=MONASH species=Sigma*_b+ pdg=5224 slice=eta_lt_1 p=7 a=8 file=/data/alice/ipardoza/hadronization_production/HF_RUN3_V1/raw/MONASH/hf_MONASH_job911.root
SIGMAB_COUNTS tag=MONASH species=Sigma*_b+ pdg=5224 slice=eta_1_2 p=5 a=7 file=/data/alice/ipardoza/hadronization_production/HF_RUN3_V1/raw/MONASH/hf_MONASH_job911.root
SIGMAB_COUNTS tag=MONASH species=Sigma*_b+ pdg=5224 slice=eta_ge_2 p=24 a=23 file=/data/alice/ipardoza/hadronization_production/HF_RUN3_V1/raw/MONASH/hf_MONASH_job911.root
SIGMAB_COUNTS tag=MONASH species=Sigma*_b0 pdg=5214 slice=all p=54 a=32 file=/data/alice/ipardoza/hadronization_production/HF_RUN3_V1/raw/MONASH/hf_MONASH_job911.root
SIGMAB_COUNTS tag=MONASH species=Sigma*_b0 pdg=5214 slice=eta_lt_1 p=11 a=1 file=/data/alice/ipardoza/hadronization_production/HF_RUN3_V1/raw/MONASH/hf_MONASH_job911.root
SIGMAB_COUNTS tag=MONASH species=Sigma*_b0 pdg=5214 slice=eta_1_2 p=10 a=9 file=/data/alice/ipardoza/hadronization_production/HF_RUN3_V1/raw/MONASH/hf_MONASH_job911.root
SIGMAB_COUNTS tag=MONASH species=Sigma*_b0 pdg=5214 slice=eta_ge_2 p=33 a=22 file=/data/alice/ipardoza/hadronization_production/HF_RUN3_V1/raw/MONASH/hf_MONASH_job911.root
SIGMAB_COUNTS tag=MONASH species=Sigma*_b- pdg=5114 slice=all p=51 a=23 file=/data/alice/ipardoza/hadronization_production/HF_RUN3_V1/raw/MONASH/hf_MONASH_job911.root
SIGMAB_COUNTS tag=MONASH species=Sigma*_b- pdg=5114 slice=eta_lt_1 p=9 a=4 file=/data/alice/ipardoza/hadronization_production/HF_RUN3_V1/raw/MONASH/hf_MONASH_job911.root
SIGMAB_COUNTS tag=MONASH species=Sigma*_b- pdg=5114 slice=eta_1_2 p=15 a=2 file=/data/alice/ipardoza/hadronization_production/HF_RUN3_V1/raw/MONASH/hf_MONASH_job911.root
SIGMAB_COUNTS tag=MONASH species=Sigma*_b- pdg=5114 slice=eta_ge_2 p=27 a=17 file=/data/alice/ipardoza/hadronization_production/HF_RUN3_V1/raw/MONASH/hf_MONASH_job911.root
SIGMAB_COUNTS tag=MONASH species=Lambda_b0 pdg=5122 slice=all p=308 a=317 file=/data/alice/ipardoza/hadronization_production/HF_RUN3_V1/raw/MONASH/hf_MONASH_job911.root
SIGMAB_COUNTS tag=MONASH species=Lambda_b0 pdg=5122 slice=eta_lt_1 p=46 a=55 file=/data/alice/ipardoza/hadronization_production/HF_RUN3_V1/raw/MONASH/hf_MONASH_job911.root
SIGMAB_COUNTS tag=MONASH species=Lambda_b0 pdg=5122 slice=eta_1_2 p=66 a=63 file=/data/alice/ipardoza/hadronization_production/HF_RUN3_V1/raw/MONASH/hf_MONASH_job911.root
SIGMAB_COUNTS tag=MONASH species=Lambda_b0 pdg=5122 slice=eta_ge_2 p=196 a=199 file=/data/alice/ipardoza/hadronization_production/HF_RUN3_V1/raw/MONASH/hf_MONASH_job911.root
SIGMAB_COUNTS tag=MONASH species=Xi_b0 pdg=5232 slice=all p=50 a=71 file=/data/alice/ipardoza/hadronization_production/HF_RUN3_V1/raw/MONASH/hf_MONASH_job911.root
SIGMAB_COUNTS tag=MONASH species=Xi_b0 pdg=5232 slice=eta_lt_1 p=4 a=17 file=/data/alice/ipardoza/hadronization_production/HF_RUN3_V1/raw/MONASH/hf_MONASH_job911.root
SIGMAB_COUNTS tag=MONASH species=Xi_b0 pdg=5232 slice=eta_1_2 p=5 a=9 file=/data/alice/ipardoza/hadronization_production/HF_RUN3_V1/raw/MONASH/hf_MONASH_job911.root
SIGMAB_COUNTS tag=MONASH species=Xi_b0 pdg=5232 slice=eta_ge_2 p=41 a=45 file=/data/alice/ipardoza/hadronization_production/HF_RUN3_V1/raw/MONASH/hf_MONASH_job911.root
SIGMAB_COUNTS tag=MONASH species=Xi_b- pdg=5132 slice=all p=51 a=58 file=/data/alice/ipardoza/hadronization_production/HF_RUN3_V1/raw/MONASH/hf_MONASH_job911.root
SIGMAB_COUNTS tag=MONASH species=Xi_b- pdg=5132 slice=eta_lt_1 p=9 a=10 file=/data/alice/ipardoza/hadronization_production/HF_RUN3_V1/raw/MONASH/hf_MONASH_job911.root
SIGMAB_COUNTS tag=MONASH species=Xi_b- pdg=5132 slice=eta_1_2 p=7 a=18 file=/data/alice/ipardoza/hadronization_production/HF_RUN3_V1/raw/MONASH/hf_MONASH_job911.root
SIGMAB_COUNTS tag=MONASH species=Xi_b- pdg=5132 slice=eta_ge_2 p=35 a=30 file=/data/alice/ipardoza/hadronization_production/HF_RUN3_V1/raw/MONASH/hf_MONASH_job911.root
SIGMAB_COUNTS tag=MONASH species=Sigma_b+ pdg=5222 slice=all p=32 a=25 file=/data/alice/ipardoza/hadronization_production/HF_RUN3_V1/raw/MONASH/hf_MONASH_job912.root
SIGMAB_COUNTS tag=MONASH species=Sigma_b+ pdg=5222 slice=eta_lt_1 p=4 a=4 file=/data/alice/ipardoza/hadronization_production/HF_RUN3_V1/raw/MONASH/hf_MONASH_job912.root
SIGMAB_COUNTS tag=MONASH species=Sigma_b+ pdg=5222 slice=eta_1_2 p=7 a=7 file=/data/alice/ipardoza/hadronization_production/HF_RUN3_V1/raw/MONASH/hf_MONASH_job912.root
SIGMAB_COUNTS tag=MONASH species=Sigma_b+ pdg=5222 slice=eta_ge_2 p=21 a=14 file=/data/alice/ipardoza/hadronization_production/HF_RUN3_V1/raw/MONASH/hf_MONASH_job912.root
SIGMAB_COUNTS tag=MONASH species=Sigma_b0 pdg=5212 slice=all p=35 a=20 file=/data/alice/ipardoza/hadronization_production/HF_RUN3_V1/raw/MONASH/hf_MONASH_job912.root
SIGMAB_COUNTS tag=MONASH species=Sigma_b0 pdg=5212 slice=eta_lt_1 p=7 a=7 file=/data/alice/ipardoza/hadronization_production/HF_RUN3_V1/raw/MONASH/hf_MONASH_job912.root
SIGMAB_COUNTS tag=MONASH species=Sigma_b0 pdg=5212 slice=eta_1_2 p=7 a=0 file=/data/alice/ipardoza/hadronization_production/HF_RUN3_V1/raw/MONASH/hf_MONASH_job912.root
SIGMAB_COUNTS tag=MONASH species=Sigma_b0 pdg=5212 slice=eta_ge_2 p=21 a=13 file=/data/alice/ipardoza/hadronization_production/HF_RUN3_V1/raw/MONASH/hf_MONASH_job912.root
SIGMAB_COUNTS tag=MONASH species=Sigma_b- pdg=5112 slice=all p=35 a=14 file=/data/alice/ipardoza/hadronization_production/HF_RUN3_V1/raw/MONASH/hf_MONASH_job912.root
SIGMAB_COUNTS tag=MONASH species=Sigma_b- pdg=5112 slice=eta_lt_1 p=8 a=2 file=/data/alice/ipardoza/hadronization_production/HF_RUN3_V1/raw/MONASH/hf_MONASH_job912.root
SIGMAB_COUNTS tag=MONASH species=Sigma_b- pdg=5112 slice=eta_1_2 p=7 a=4 file=/data/alice/ipardoza/hadronization_production/HF_RUN3_V1/raw/MONASH/hf_MONASH_job912.root
SIGMAB_COUNTS tag=MONASH species=Sigma_b- pdg=5112 slice=eta_ge_2 p=20 a=8 file=/data/alice/ipardoza/hadronization_production/HF_RUN3_V1/raw/MONASH/hf_MONASH_job912.root
SIGMAB_COUNTS tag=MONASH species=Sigma*_b+ pdg=5224 slice=all p=36 a=41 file=/data/alice/ipardoza/hadronization_production/HF_RUN3_V1/raw/MONASH/hf_MONASH_job912.root
SIGMAB_COUNTS tag=MONASH species=Sigma*_b+ pdg=5224 slice=eta_lt_1 p=4 a=15 file=/data/alice/ipardoza/hadronization_production/HF_RUN3_V1/raw/MONASH/hf_MONASH_job912.root
SIGMAB_COUNTS tag=MONASH species=Sigma*_b+ pdg=5224 slice=eta_1_2 p=9 a=10 file=/data/alice/ipardoza/hadronization_production/HF_RUN3_V1/raw/MONASH/hf_MONASH_job912.root
SIGMAB_COUNTS tag=MONASH species=Sigma*_b+ pdg=5224 slice=eta_ge_2 p=23 a=16 file=/data/alice/ipardoza/hadronization_production/HF_RUN3_V1/raw/MONASH/hf_MONASH_job912.root
SIGMAB_COUNTS tag=MONASH species=Sigma*_b0 pdg=5214 slice=all p=47 a=45 file=/data/alice/ipardoza/hadronization_production/HF_RUN3_V1/raw/MONASH/hf_MONASH_job912.root
SIGMAB_COUNTS tag=MONASH species=Sigma*_b0 pdg=5214 slice=eta_lt_1 p=9 a=2 file=/data/alice/ipardoza/hadronization_production/HF_RUN3_V1/raw/MONASH/hf_MONASH_job912.root
SIGMAB_COUNTS tag=MONASH species=Sigma*_b0 pdg=5214 slice=eta_1_2 p=9 a=8 file=/data/alice/ipardoza/hadronization_production/HF_RUN3_V1/raw/MONASH/hf_MONASH_job912.root
SIGMAB_COUNTS tag=MONASH species=Sigma*_b0 pdg=5214 slice=eta_ge_2 p=29 a=35 file=/data/alice/ipardoza/hadronization_production/HF_RUN3_V1/raw/MONASH/hf_MONASH_job912.root
SIGMAB_COUNTS tag=MONASH species=Sigma*_b- pdg=5114 slice=all p=38 a=41 file=/data/alice/ipardoza/hadronization_production/HF_RUN3_V1/raw/MONASH/hf_MONASH_job912.root
SIGMAB_COUNTS tag=MONASH species=Sigma*_b- pdg=5114 slice=eta_lt_1 p=4 a=8 file=/data/alice/ipardoza/hadronization_production/HF_RUN3_V1/raw/MONASH/hf_MONASH_job912.root
SIGMAB_COUNTS tag=MONASH species=Sigma*_b- pdg=5114 slice=eta_1_2 p=12 a=9 file=/data/alice/ipardoza/hadronization_production/HF_RUN3_V1/raw/MONASH/hf_MONASH_job912.root
SIGMAB_COUNTS tag=MONASH species=Sigma*_b- pdg=5114 slice=eta_ge_2 p=22 a=24 file=/data/alice/ipardoza/hadronization_production/HF_RUN3_V1/raw/MONASH/hf_MONASH_job912.root
SIGMAB_COUNTS tag=MONASH species=Lambda_b0 pdg=5122 slice=all p=345 a=319 file=/data/alice/ipardoza/hadronization_production/HF_RUN3_V1/raw/MONASH/hf_MONASH_job912.root
SIGMAB_COUNTS tag=MONASH species=Lambda_b0 pdg=5122 slice=eta_lt_1 p=69 a=59 file=/data/alice/ipardoza/hadronization_production/HF_RUN3_V1/raw/MONASH/hf_MONASH_job912.root
SIGMAB_COUNTS tag=MONASH species=Lambda_b0 pdg=5122 slice=eta_1_2 p=73 a=75 file=/data/alice/ipardoza/hadronization_production/HF_RUN3_V1/raw/MONASH/hf_MONASH_job912.root
SIGMAB_COUNTS tag=MONASH species=Lambda_b0 pdg=5122 slice=eta_ge_2 p=203 a=185 file=/data/alice/ipardoza/hadronization_production/HF_RUN3_V1/raw/MONASH/hf_MONASH_job912.root
SIGMAB_COUNTS tag=MONASH species=Xi_b0 pdg=5232 slice=all p=50 a=49 file=/data/alice/ipardoza/hadronization_production/HF_RUN3_V1/raw/MONASH/hf_MONASH_job912.root
SIGMAB_COUNTS tag=MONASH species=Xi_b0 pdg=5232 slice=eta_lt_1 p=15 a=6 file=/data/alice/ipardoza/hadronization_production/HF_RUN3_V1/raw/MONASH/hf_MONASH_job912.root
SIGMAB_COUNTS tag=MONASH species=Xi_b0 pdg=5232 slice=eta_1_2 p=9 a=11 file=/data/alice/ipardoza/hadronization_production/HF_RUN3_V1/raw/MONASH/hf_MONASH_job912.root
SIGMAB_COUNTS tag=MONASH species=Xi_b0 pdg=5232 slice=eta_ge_2 p=26 a=32 file=/data/alice/ipardoza/hadronization_production/HF_RUN3_V1/raw/MONASH/hf_MONASH_job912.root
SIGMAB_COUNTS tag=MONASH species=Xi_b- pdg=5132 slice=all p=59 a=64 file=/data/alice/ipardoza/hadronization_production/HF_RUN3_V1/raw/MONASH/hf_MONASH_job912.root
SIGMAB_COUNTS tag=MONASH species=Xi_b- pdg=5132 slice=eta_lt_1 p=13 a=17 file=/data/alice/ipardoza/hadronization_production/HF_RUN3_V1/raw/MONASH/hf_MONASH_job912.root
SIGMAB_COUNTS tag=MONASH species=Xi_b- pdg=5132 slice=eta_1_2 p=13 a=15 file=/data/alice/ipardoza/hadronization_production/HF_RUN3_V1/raw/MONASH/hf_MONASH_job912.root
SIGMAB_COUNTS tag=MONASH species=Xi_b- pdg=5132 slice=eta_ge_2 p=33 a=32 file=/data/alice/ipardoza/hadronization_production/HF_RUN3_V1/raw/MONASH/hf_MONASH_job912.root
SIGMAB_COUNTS tag=MONASH species=Sigma_b+ pdg=5222 slice=all p=33 a=22 file=/data/alice/ipardoza/hadronization_production/HF_RUN3_V1/raw/MONASH/hf_MONASH_job913.root
SIGMAB_COUNTS tag=MONASH species=Sigma_b+ pdg=5222 slice=eta_lt_1 p=5 a=4 file=/data/alice/ipardoza/hadronization_production/HF_RUN3_V1/raw/MONASH/hf_MONASH_job913.root
SIGMAB_COUNTS tag=MONASH species=Sigma_b+ pdg=5222 slice=eta_1_2 p=3 a=2 file=/data/alice/ipardoza/hadronization_production/HF_RUN3_V1/raw/MONASH/hf_MONASH_job913.root
SIGMAB_COUNTS tag=MONASH species=Sigma_b+ pdg=5222 slice=eta_ge_2 p=25 a=16 file=/data/alice/ipardoza/hadronization_production/HF_RUN3_V1/raw/MONASH/hf_MONASH_job913.root
SIGMAB_COUNTS tag=MONASH species=Sigma_b0 pdg=5212 slice=all p=34 a=20 file=/data/alice/ipardoza/hadronization_production/HF_RUN3_V1/raw/MONASH/hf_MONASH_job913.root
SIGMAB_COUNTS tag=MONASH species=Sigma_b0 pdg=5212 slice=eta_lt_1 p=9 a=7 file=/data/alice/ipardoza/hadronization_production/HF_RUN3_V1/raw/MONASH/hf_MONASH_job913.root
SIGMAB_COUNTS tag=MONASH species=Sigma_b0 pdg=5212 slice=eta_1_2 p=9 a=2 file=/data/alice/ipardoza/hadronization_production/HF_RUN3_V1/raw/MONASH/hf_MONASH_job913.root
SIGMAB_COUNTS tag=MONASH species=Sigma_b0 pdg=5212 slice=eta_ge_2 p=16 a=11 file=/data/alice/ipardoza/hadronization_production/HF_RUN3_V1/raw/MONASH/hf_MONASH_job913.root
SIGMAB_COUNTS tag=MONASH species=Sigma_b- pdg=5112 slice=all p=33 a=17 file=/data/alice/ipardoza/hadronization_production/HF_RUN3_V1/raw/MONASH/hf_MONASH_job913.root
SIGMAB_COUNTS tag=MONASH species=Sigma_b- pdg=5112 slice=eta_lt_1 p=8 a=5 file=/data/alice/ipardoza/hadronization_production/HF_RUN3_V1/raw/MONASH/hf_MONASH_job913.root
SIGMAB_COUNTS tag=MONASH species=Sigma_b- pdg=5112 slice=eta_1_2 p=4 a=4 file=/data/alice/ipardoza/hadronization_production/HF_RUN3_V1/raw/MONASH/hf_MONASH_job913.root
SIGMAB_COUNTS tag=MONASH species=Sigma_b- pdg=5112 slice=eta_ge_2 p=21 a=8 file=/data/alice/ipardoza/hadronization_production/HF_RUN3_V1/raw/MONASH/hf_MONASH_job913.root
SIGMAB_COUNTS tag=MONASH species=Sigma*_b+ pdg=5224 slice=all p=47 a=41 file=/data/alice/ipardoza/hadronization_production/HF_RUN3_V1/raw/MONASH/hf_MONASH_job913.root
SIGMAB_COUNTS tag=MONASH species=Sigma*_b+ pdg=5224 slice=eta_lt_1 p=6 a=14 file=/data/alice/ipardoza/hadronization_production/HF_RUN3_V1/raw/MONASH/hf_MONASH_job913.root
SIGMAB_COUNTS tag=MONASH species=Sigma*_b+ pdg=5224 slice=eta_1_2 p=11 a=9 file=/data/alice/ipardoza/hadronization_production/HF_RUN3_V1/raw/MONASH/hf_MONASH_job913.root
SIGMAB_COUNTS tag=MONASH species=Sigma*_b+ pdg=5224 slice=eta_ge_2 p=30 a=18 file=/data/alice/ipardoza/hadronization_production/HF_RUN3_V1/raw/MONASH/hf_MONASH_job913.root
SIGMAB_COUNTS tag=MONASH species=Sigma*_b0 pdg=5214 slice=all p=59 a=43 file=/data/alice/ipardoza/hadronization_production/HF_RUN3_V1/raw/MONASH/hf_MONASH_job913.root
SIGMAB_COUNTS tag=MONASH species=Sigma*_b0 pdg=5214 slice=eta_lt_1 p=9 a=6 file=/data/alice/ipardoza/hadronization_production/HF_RUN3_V1/raw/MONASH/hf_MONASH_job913.root
SIGMAB_COUNTS tag=MONASH species=Sigma*_b0 pdg=5214 slice=eta_1_2 p=13 a=8 file=/data/alice/ipardoza/hadronization_production/HF_RUN3_V1/raw/MONASH/hf_MONASH_job913.root
SIGMAB_COUNTS tag=MONASH species=Sigma*_b0 pdg=5214 slice=eta_ge_2 p=37 a=29 file=/data/alice/ipardoza/hadronization_production/HF_RUN3_V1/raw/MONASH/hf_MONASH_job913.root
SIGMAB_COUNTS tag=MONASH species=Sigma*_b- pdg=5114 slice=all p=55 a=35 file=/data/alice/ipardoza/hadronization_production/HF_RUN3_V1/raw/MONASH/hf_MONASH_job913.root
SIGMAB_COUNTS tag=MONASH species=Sigma*_b- pdg=5114 slice=eta_lt_1 p=7 a=4 file=/data/alice/ipardoza/hadronization_production/HF_RUN3_V1/raw/MONASH/hf_MONASH_job913.root
SIGMAB_COUNTS tag=MONASH species=Sigma*_b- pdg=5114 slice=eta_1_2 p=14 a=7 file=/data/alice/ipardoza/hadronization_production/HF_RUN3_V1/raw/MONASH/hf_MONASH_job913.root
SIGMAB_COUNTS tag=MONASH species=Sigma*_b- pdg=5114 slice=eta_ge_2 p=34 a=24 file=/data/alice/ipardoza/hadronization_production/HF_RUN3_V1/raw/MONASH/hf_MONASH_job913.root
SIGMAB_COUNTS tag=MONASH species=Lambda_b0 pdg=5122 slice=all p=311 a=304 file=/data/alice/ipardoza/hadronization_production/HF_RUN3_V1/raw/MONASH/hf_MONASH_job913.root
SIGMAB_COUNTS tag=MONASH species=Lambda_b0 pdg=5122 slice=eta_lt_1 p=51 a=51 file=/data/alice/ipardoza/hadronization_production/HF_RUN3_V1/raw/MONASH/hf_MONASH_job913.root
SIGMAB_COUNTS tag=MONASH species=Lambda_b0 pdg=5122 slice=eta_1_2 p=57 a=64 file=/data/alice/ipardoza/hadronization_production/HF_RUN3_V1/raw/MONASH/hf_MONASH_job913.root
SIGMAB_COUNTS tag=MONASH species=Lambda_b0 pdg=5122 slice=eta_ge_2 p=203 a=189 file=/data/alice/ipardoza/hadronization_production/HF_RUN3_V1/raw/MONASH/hf_MONASH_job913.root
SIGMAB_COUNTS tag=MONASH species=Xi_b0 pdg=5232 slice=all p=75 a=69 file=/data/alice/ipardoza/hadronization_production/HF_RUN3_V1/raw/MONASH/hf_MONASH_job913.root
SIGMAB_COUNTS tag=MONASH species=Xi_b0 pdg=5232 slice=eta_lt_1 p=16 a=7 file=/data/alice/ipardoza/hadronization_production/HF_RUN3_V1/raw/MONASH/hf_MONASH_job913.root
SIGMAB_COUNTS tag=MONASH species=Xi_b0 pdg=5232 slice=eta_1_2 p=14 a=20 file=/data/alice/ipardoza/hadronization_production/HF_RUN3_V1/raw/MONASH/hf_MONASH_job913.root
SIGMAB_COUNTS tag=MONASH species=Xi_b0 pdg=5232 slice=eta_ge_2 p=45 a=42 file=/data/alice/ipardoza/hadronization_production/HF_RUN3_V1/raw/MONASH/hf_MONASH_job913.root
SIGMAB_COUNTS tag=MONASH species=Xi_b- pdg=5132 slice=all p=64 a=51 file=/data/alice/ipardoza/hadronization_production/HF_RUN3_V1/raw/MONASH/hf_MONASH_job913.root
SIGMAB_COUNTS tag=MONASH species=Xi_b- pdg=5132 slice=eta_lt_1 p=10 a=7 file=/data/alice/ipardoza/hadronization_production/HF_RUN3_V1/raw/MONASH/hf_MONASH_job913.root
SIGMAB_COUNTS tag=MONASH species=Xi_b- pdg=5132 slice=eta_1_2 p=18 a=10 file=/data/alice/ipardoza/hadronization_production/HF_RUN3_V1/raw/MONASH/hf_MONASH_job913.root
SIGMAB_COUNTS tag=MONASH species=Xi_b- pdg=5132 slice=eta_ge_2 p=36 a=34 file=/data/alice/ipardoza/hadronization_production/HF_RUN3_V1/raw/MONASH/hf_MONASH_job913.root
SIGMAB_COUNTS tag=MONASH species=Sigma_b+ pdg=5222 slice=all p=37 a=18 file=/data/alice/ipardoza/hadronization_production/HF_RUN3_V1/raw/MONASH/hf_MONASH_job914.root
SIGMAB_COUNTS tag=MONASH species=Sigma_b+ pdg=5222 slice=eta_lt_1 p=8 a=1 file=/data/alice/ipardoza/hadronization_production/HF_RUN3_V1/raw/MONASH/hf_MONASH_job914.root
SIGMAB_COUNTS tag=MONASH species=Sigma_b+ pdg=5222 slice=eta_1_2 p=7 a=5 file=/data/alice/ipardoza/hadronization_production/HF_RUN3_V1/raw/MONASH/hf_MONASH_job914.root
SIGMAB_COUNTS tag=MONASH species=Sigma_b+ pdg=5222 slice=eta_ge_2 p=22 a=12 file=/data/alice/ipardoza/hadronization_production/HF_RUN3_V1/raw/MONASH/hf_MONASH_job914.root
SIGMAB_COUNTS tag=MONASH species=Sigma_b0 pdg=5212 slice=all p=38 a=29 file=/data/alice/ipardoza/hadronization_production/HF_RUN3_V1/raw/MONASH/hf_MONASH_job914.root
SIGMAB_COUNTS tag=MONASH species=Sigma_b0 pdg=5212 slice=eta_lt_1 p=8 a=3 file=/data/alice/ipardoza/hadronization_production/HF_RUN3_V1/raw/MONASH/hf_MONASH_job914.root
SIGMAB_COUNTS tag=MONASH species=Sigma_b0 pdg=5212 slice=eta_1_2 p=8 a=8 file=/data/alice/ipardoza/hadronization_production/HF_RUN3_V1/raw/MONASH/hf_MONASH_job914.root
SIGMAB_COUNTS tag=MONASH species=Sigma_b0 pdg=5212 slice=eta_ge_2 p=22 a=18 file=/data/alice/ipardoza/hadronization_production/HF_RUN3_V1/raw/MONASH/hf_MONASH_job914.root
SIGMAB_COUNTS tag=MONASH species=Sigma_b- pdg=5112 slice=all p=21 a=29 file=/data/alice/ipardoza/hadronization_production/HF_RUN3_V1/raw/MONASH/hf_MONASH_job914.root
SIGMAB_COUNTS tag=MONASH species=Sigma_b- pdg=5112 slice=eta_lt_1 p=5 a=5 file=/data/alice/ipardoza/hadronization_production/HF_RUN3_V1/raw/MONASH/hf_MONASH_job914.root
SIGMAB_COUNTS tag=MONASH species=Sigma_b- pdg=5112 slice=eta_1_2 p=2 a=7 file=/data/alice/ipardoza/hadronization_production/HF_RUN3_V1/raw/MONASH/hf_MONASH_job914.root
SIGMAB_COUNTS tag=MONASH species=Sigma_b- pdg=5112 slice=eta_ge_2 p=14 a=17 file=/data/alice/ipardoza/hadronization_production/HF_RUN3_V1/raw/MONASH/hf_MONASH_job914.root
SIGMAB_COUNTS tag=MONASH species=Sigma*_b+ pdg=5224 slice=all p=38 a=41 file=/data/alice/ipardoza/hadronization_production/HF_RUN3_V1/raw/MONASH/hf_MONASH_job914.root
SIGMAB_COUNTS tag=MONASH species=Sigma*_b+ pdg=5224 slice=eta_lt_1 p=7 a=13 file=/data/alice/ipardoza/hadronization_production/HF_RUN3_V1/raw/MONASH/hf_MONASH_job914.root
SIGMAB_COUNTS tag=MONASH species=Sigma*_b+ pdg=5224 slice=eta_1_2 p=5 a=10 file=/data/alice/ipardoza/hadronization_production/HF_RUN3_V1/raw/MONASH/hf_MONASH_job914.root
SIGMAB_COUNTS tag=MONASH species=Sigma*_b+ pdg=5224 slice=eta_ge_2 p=26 a=18 file=/data/alice/ipardoza/hadronization_production/HF_RUN3_V1/raw/MONASH/hf_MONASH_job914.root
SIGMAB_COUNTS tag=MONASH species=Sigma*_b0 pdg=5214 slice=all p=52 a=49 file=/data/alice/ipardoza/hadronization_production/HF_RUN3_V1/raw/MONASH/hf_MONASH_job914.root
SIGMAB_COUNTS tag=MONASH species=Sigma*_b0 pdg=5214 slice=eta_lt_1 p=7 a=8 file=/data/alice/ipardoza/hadronization_production/HF_RUN3_V1/raw/MONASH/hf_MONASH_job914.root
SIGMAB_COUNTS tag=MONASH species=Sigma*_b0 pdg=5214 slice=eta_1_2 p=14 a=10 file=/data/alice/ipardoza/hadronization_production/HF_RUN3_V1/raw/MONASH/hf_MONASH_job914.root
SIGMAB_COUNTS tag=MONASH species=Sigma*_b0 pdg=5214 slice=eta_ge_2 p=31 a=31 file=/data/alice/ipardoza/hadronization_production/HF_RUN3_V1/raw/MONASH/hf_MONASH_job914.root
SIGMAB_COUNTS tag=MONASH species=Sigma*_b- pdg=5114 slice=all p=43 a=43 file=/data/alice/ipardoza/hadronization_production/HF_RUN3_V1/raw/MONASH/hf_MONASH_job914.root
SIGMAB_COUNTS tag=MONASH species=Sigma*_b- pdg=5114 slice=eta_lt_1 p=5 a=8 file=/data/alice/ipardoza/hadronization_production/HF_RUN3_V1/raw/MONASH/hf_MONASH_job914.root
SIGMAB_COUNTS tag=MONASH species=Sigma*_b- pdg=5114 slice=eta_1_2 p=11 a=12 file=/data/alice/ipardoza/hadronization_production/HF_RUN3_V1/raw/MONASH/hf_MONASH_job914.root
SIGMAB_COUNTS tag=MONASH species=Sigma*_b- pdg=5114 slice=eta_ge_2 p=27 a=23 file=/data/alice/ipardoza/hadronization_production/HF_RUN3_V1/raw/MONASH/hf_MONASH_job914.root
SIGMAB_COUNTS tag=MONASH species=Lambda_b0 pdg=5122 slice=all p=284 a=325 file=/data/alice/ipardoza/hadronization_production/HF_RUN3_V1/raw/MONASH/hf_MONASH_job914.root
SIGMAB_COUNTS tag=MONASH species=Lambda_b0 pdg=5122 slice=eta_lt_1 p=55 a=63 file=/data/alice/ipardoza/hadronization_production/HF_RUN3_V1/raw/MONASH/hf_MONASH_job914.root
SIGMAB_COUNTS tag=MONASH species=Lambda_b0 pdg=5122 slice=eta_1_2 p=63 a=64 file=/data/alice/ipardoza/hadronization_production/HF_RUN3_V1/raw/MONASH/hf_MONASH_job914.root
SIGMAB_COUNTS tag=MONASH species=Lambda_b0 pdg=5122 slice=eta_ge_2 p=166 a=198 file=/data/alice/ipardoza/hadronization_production/HF_RUN3_V1/raw/MONASH/hf_MONASH_job914.root
SIGMAB_COUNTS tag=MONASH species=Xi_b0 pdg=5232 slice=all p=53 a=48 file=/data/alice/ipardoza/hadronization_production/HF_RUN3_V1/raw/MONASH/hf_MONASH_job914.root
SIGMAB_COUNTS tag=MONASH species=Xi_b0 pdg=5232 slice=eta_lt_1 p=13 a=8 file=/data/alice/ipardoza/hadronization_production/HF_RUN3_V1/raw/MONASH/hf_MONASH_job914.root
SIGMAB_COUNTS tag=MONASH species=Xi_b0 pdg=5232 slice=eta_1_2 p=11 a=13 file=/data/alice/ipardoza/hadronization_production/HF_RUN3_V1/raw/MONASH/hf_MONASH_job914.root
SIGMAB_COUNTS tag=MONASH species=Xi_b0 pdg=5232 slice=eta_ge_2 p=29 a=27 file=/data/alice/ipardoza/hadronization_production/HF_RUN3_V1/raw/MONASH/hf_MONASH_job914.root
SIGMAB_COUNTS tag=MONASH species=Xi_b- pdg=5132 slice=all p=54 a=60 file=/data/alice/ipardoza/hadronization_production/HF_RUN3_V1/raw/MONASH/hf_MONASH_job914.root
SIGMAB_COUNTS tag=MONASH species=Xi_b- pdg=5132 slice=eta_lt_1 p=12 a=7 file=/data/alice/ipardoza/hadronization_production/HF_RUN3_V1/raw/MONASH/hf_MONASH_job914.root
SIGMAB_COUNTS tag=MONASH species=Xi_b- pdg=5132 slice=eta_1_2 p=9 a=17 file=/data/alice/ipardoza/hadronization_production/HF_RUN3_V1/raw/MONASH/hf_MONASH_job914.root
SIGMAB_COUNTS tag=MONASH species=Xi_b- pdg=5132 slice=eta_ge_2 p=33 a=36 file=/data/alice/ipardoza/hadronization_production/HF_RUN3_V1/raw/MONASH/hf_MONASH_job914.root
SIGMAB_COUNTS tag=MONASH species=Sigma_b+ pdg=5222 slice=all p=38 a=18 file=/data/alice/ipardoza/hadronization_production/HF_RUN3_V1/raw/MONASH/hf_MONASH_job915.root
SIGMAB_COUNTS tag=MONASH species=Sigma_b+ pdg=5222 slice=eta_lt_1 p=5 a=3 file=/data/alice/ipardoza/hadronization_production/HF_RUN3_V1/raw/MONASH/hf_MONASH_job915.root
SIGMAB_COUNTS tag=MONASH species=Sigma_b+ pdg=5222 slice=eta_1_2 p=7 a=4 file=/data/alice/ipardoza/hadronization_production/HF_RUN3_V1/raw/MONASH/hf_MONASH_job915.root
SIGMAB_COUNTS tag=MONASH species=Sigma_b+ pdg=5222 slice=eta_ge_2 p=26 a=11 file=/data/alice/ipardoza/hadronization_production/HF_RUN3_V1/raw/MONASH/hf_MONASH_job915.root
SIGMAB_COUNTS tag=MONASH species=Sigma_b0 pdg=5212 slice=all p=40 a=24 file=/data/alice/ipardoza/hadronization_production/HF_RUN3_V1/raw/MONASH/hf_MONASH_job915.root
SIGMAB_COUNTS tag=MONASH species=Sigma_b0 pdg=5212 slice=eta_lt_1 p=9 a=5 file=/data/alice/ipardoza/hadronization_production/HF_RUN3_V1/raw/MONASH/hf_MONASH_job915.root
SIGMAB_COUNTS tag=MONASH species=Sigma_b0 pdg=5212 slice=eta_1_2 p=4 a=1 file=/data/alice/ipardoza/hadronization_production/HF_RUN3_V1/raw/MONASH/hf_MONASH_job915.root
SIGMAB_COUNTS tag=MONASH species=Sigma_b0 pdg=5212 slice=eta_ge_2 p=27 a=18 file=/data/alice/ipardoza/hadronization_production/HF_RUN3_V1/raw/MONASH/hf_MONASH_job915.root
SIGMAB_COUNTS tag=MONASH species=Sigma_b- pdg=5112 slice=all p=25 a=12 file=/data/alice/ipardoza/hadronization_production/HF_RUN3_V1/raw/MONASH/hf_MONASH_job915.root
SIGMAB_COUNTS tag=MONASH species=Sigma_b- pdg=5112 slice=eta_lt_1 p=4 a=3 file=/data/alice/ipardoza/hadronization_production/HF_RUN3_V1/raw/MONASH/hf_MONASH_job915.root
SIGMAB_COUNTS tag=MONASH species=Sigma_b- pdg=5112 slice=eta_1_2 p=6 a=2 file=/data/alice/ipardoza/hadronization_production/HF_RUN3_V1/raw/MONASH/hf_MONASH_job915.root
SIGMAB_COUNTS tag=MONASH species=Sigma_b- pdg=5112 slice=eta_ge_2 p=15 a=7 file=/data/alice/ipardoza/hadronization_production/HF_RUN3_V1/raw/MONASH/hf_MONASH_job915.root
SIGMAB_COUNTS tag=MONASH species=Sigma*_b+ pdg=5224 slice=all p=48 a=50 file=/data/alice/ipardoza/hadronization_production/HF_RUN3_V1/raw/MONASH/hf_MONASH_job915.root
SIGMAB_COUNTS tag=MONASH species=Sigma*_b+ pdg=5224 slice=eta_lt_1 p=6 a=8 file=/data/alice/ipardoza/hadronization_production/HF_RUN3_V1/raw/MONASH/hf_MONASH_job915.root
SIGMAB_COUNTS tag=MONASH species=Sigma*_b+ pdg=5224 slice=eta_1_2 p=15 a=12 file=/data/alice/ipardoza/hadronization_production/HF_RUN3_V1/raw/MONASH/hf_MONASH_job915.root
SIGMAB_COUNTS tag=MONASH species=Sigma*_b+ pdg=5224 slice=eta_ge_2 p=27 a=30 file=/data/alice/ipardoza/hadronization_production/HF_RUN3_V1/raw/MONASH/hf_MONASH_job915.root
SIGMAB_COUNTS tag=MONASH species=Sigma*_b0 pdg=5214 slice=all p=45 a=43 file=/data/alice/ipardoza/hadronization_production/HF_RUN3_V1/raw/MONASH/hf_MONASH_job915.root
SIGMAB_COUNTS tag=MONASH species=Sigma*_b0 pdg=5214 slice=eta_lt_1 p=8 a=9 file=/data/alice/ipardoza/hadronization_production/HF_RUN3_V1/raw/MONASH/hf_MONASH_job915.root
SIGMAB_COUNTS tag=MONASH species=Sigma*_b0 pdg=5214 slice=eta_1_2 p=5 a=11 file=/data/alice/ipardoza/hadronization_production/HF_RUN3_V1/raw/MONASH/hf_MONASH_job915.root
SIGMAB_COUNTS tag=MONASH species=Sigma*_b0 pdg=5214 slice=eta_ge_2 p=32 a=23 file=/data/alice/ipardoza/hadronization_production/HF_RUN3_V1/raw/MONASH/hf_MONASH_job915.root
SIGMAB_COUNTS tag=MONASH species=Sigma*_b- pdg=5114 slice=all p=56 a=35 file=/data/alice/ipardoza/hadronization_production/HF_RUN3_V1/raw/MONASH/hf_MONASH_job915.root
SIGMAB_COUNTS tag=MONASH species=Sigma*_b- pdg=5114 slice=eta_lt_1 p=13 a=5 file=/data/alice/ipardoza/hadronization_production/HF_RUN3_V1/raw/MONASH/hf_MONASH_job915.root
SIGMAB_COUNTS tag=MONASH species=Sigma*_b- pdg=5114 slice=eta_1_2 p=10 a=8 file=/data/alice/ipardoza/hadronization_production/HF_RUN3_V1/raw/MONASH/hf_MONASH_job915.root
SIGMAB_COUNTS tag=MONASH species=Sigma*_b- pdg=5114 slice=eta_ge_2 p=33 a=22 file=/data/alice/ipardoza/hadronization_production/HF_RUN3_V1/raw/MONASH/hf_MONASH_job915.root
SIGMAB_COUNTS tag=MONASH species=Lambda_b0 pdg=5122 slice=all p=326 a=318 file=/data/alice/ipardoza/hadronization_production/HF_RUN3_V1/raw/MONASH/hf_MONASH_job915.root
SIGMAB_COUNTS tag=MONASH species=Lambda_b0 pdg=5122 slice=eta_lt_1 p=58 a=64 file=/data/alice/ipardoza/hadronization_production/HF_RUN3_V1/raw/MONASH/hf_MONASH_job915.root
SIGMAB_COUNTS tag=MONASH species=Lambda_b0 pdg=5122 slice=eta_1_2 p=73 a=79 file=/data/alice/ipardoza/hadronization_production/HF_RUN3_V1/raw/MONASH/hf_MONASH_job915.root
SIGMAB_COUNTS tag=MONASH species=Lambda_b0 pdg=5122 slice=eta_ge_2 p=195 a=175 file=/data/alice/ipardoza/hadronization_production/HF_RUN3_V1/raw/MONASH/hf_MONASH_job915.root
SIGMAB_COUNTS tag=MONASH species=Xi_b0 pdg=5232 slice=all p=58 a=60 file=/data/alice/ipardoza/hadronization_production/HF_RUN3_V1/raw/MONASH/hf_MONASH_job915.root
SIGMAB_COUNTS tag=MONASH species=Xi_b0 pdg=5232 slice=eta_lt_1 p=16 a=7 file=/data/alice/ipardoza/hadronization_production/HF_RUN3_V1/raw/MONASH/hf_MONASH_job915.root
SIGMAB_COUNTS tag=MONASH species=Xi_b0 pdg=5232 slice=eta_1_2 p=7 a=14 file=/data/alice/ipardoza/hadronization_production/HF_RUN3_V1/raw/MONASH/hf_MONASH_job915.root
SIGMAB_COUNTS tag=MONASH species=Xi_b0 pdg=5232 slice=eta_ge_2 p=35 a=39 file=/data/alice/ipardoza/hadronization_production/HF_RUN3_V1/raw/MONASH/hf_MONASH_job915.root
SIGMAB_COUNTS tag=MONASH species=Xi_b- pdg=5132 slice=all p=57 a=61 file=/data/alice/ipardoza/hadronization_production/HF_RUN3_V1/raw/MONASH/hf_MONASH_job915.root
SIGMAB_COUNTS tag=MONASH species=Xi_b- pdg=5132 slice=eta_lt_1 p=11 a=10 file=/data/alice/ipardoza/hadronization_production/HF_RUN3_V1/raw/MONASH/hf_MONASH_job915.root
SIGMAB_COUNTS tag=MONASH species=Xi_b- pdg=5132 slice=eta_1_2 p=6 a=15 file=/data/alice/ipardoza/hadronization_production/HF_RUN3_V1/raw/MONASH/hf_MONASH_job915.root
SIGMAB_COUNTS tag=MONASH species=Xi_b- pdg=5132 slice=eta_ge_2 p=40 a=36 file=/data/alice/ipardoza/hadronization_production/HF_RUN3_V1/raw/MONASH/hf_MONASH_job915.root
SIGMAB_COUNTS tag=MONASH species=Sigma_b+ pdg=5222 slice=all p=29 a=19 file=/data/alice/ipardoza/hadronization_production/HF_RUN3_V1/raw/MONASH/hf_MONASH_job916.root
SIGMAB_COUNTS tag=MONASH species=Sigma_b+ pdg=5222 slice=eta_lt_1 p=4 a=3 file=/data/alice/ipardoza/hadronization_production/HF_RUN3_V1/raw/MONASH/hf_MONASH_job916.root
SIGMAB_COUNTS tag=MONASH species=Sigma_b+ pdg=5222 slice=eta_1_2 p=5 a=8 file=/data/alice/ipardoza/hadronization_production/HF_RUN3_V1/raw/MONASH/hf_MONASH_job916.root
SIGMAB_COUNTS tag=MONASH species=Sigma_b+ pdg=5222 slice=eta_ge_2 p=20 a=8 file=/data/alice/ipardoza/hadronization_production/HF_RUN3_V1/raw/MONASH/hf_MONASH_job916.root
SIGMAB_COUNTS tag=MONASH species=Sigma_b0 pdg=5212 slice=all p=33 a=21 file=/data/alice/ipardoza/hadronization_production/HF_RUN3_V1/raw/MONASH/hf_MONASH_job916.root
SIGMAB_COUNTS tag=MONASH species=Sigma_b0 pdg=5212 slice=eta_lt_1 p=2 a=9 file=/data/alice/ipardoza/hadronization_production/HF_RUN3_V1/raw/MONASH/hf_MONASH_job916.root
SIGMAB_COUNTS tag=MONASH species=Sigma_b0 pdg=5212 slice=eta_1_2 p=7 a=3 file=/data/alice/ipardoza/hadronization_production/HF_RUN3_V1/raw/MONASH/hf_MONASH_job916.root
SIGMAB_COUNTS tag=MONASH species=Sigma_b0 pdg=5212 slice=eta_ge_2 p=24 a=9 file=/data/alice/ipardoza/hadronization_production/HF_RUN3_V1/raw/MONASH/hf_MONASH_job916.root
SIGMAB_COUNTS tag=MONASH species=Sigma_b- pdg=5112 slice=all p=39 a=10 file=/data/alice/ipardoza/hadronization_production/HF_RUN3_V1/raw/MONASH/hf_MONASH_job916.root
SIGMAB_COUNTS tag=MONASH species=Sigma_b- pdg=5112 slice=eta_lt_1 p=9 a=3 file=/data/alice/ipardoza/hadronization_production/HF_RUN3_V1/raw/MONASH/hf_MONASH_job916.root
SIGMAB_COUNTS tag=MONASH species=Sigma_b- pdg=5112 slice=eta_1_2 p=5 a=2 file=/data/alice/ipardoza/hadronization_production/HF_RUN3_V1/raw/MONASH/hf_MONASH_job916.root
SIGMAB_COUNTS tag=MONASH species=Sigma_b- pdg=5112 slice=eta_ge_2 p=25 a=5 file=/data/alice/ipardoza/hadronization_production/HF_RUN3_V1/raw/MONASH/hf_MONASH_job916.root
SIGMAB_COUNTS tag=MONASH species=Sigma*_b+ pdg=5224 slice=all p=39 a=52 file=/data/alice/ipardoza/hadronization_production/HF_RUN3_V1/raw/MONASH/hf_MONASH_job916.root
SIGMAB_COUNTS tag=MONASH species=Sigma*_b+ pdg=5224 slice=eta_lt_1 p=5 a=6 file=/data/alice/ipardoza/hadronization_production/HF_RUN3_V1/raw/MONASH/hf_MONASH_job916.root
SIGMAB_COUNTS tag=MONASH species=Sigma*_b+ pdg=5224 slice=eta_1_2 p=8 a=16 file=/data/alice/ipardoza/hadronization_production/HF_RUN3_V1/raw/MONASH/hf_MONASH_job916.root
SIGMAB_COUNTS tag=MONASH species=Sigma*_b+ pdg=5224 slice=eta_ge_2 p=26 a=30 file=/data/alice/ipardoza/hadronization_production/HF_RUN3_V1/raw/MONASH/hf_MONASH_job916.root
SIGMAB_COUNTS tag=MONASH species=Sigma*_b0 pdg=5214 slice=all p=67 a=48 file=/data/alice/ipardoza/hadronization_production/HF_RUN3_V1/raw/MONASH/hf_MONASH_job916.root
SIGMAB_COUNTS tag=MONASH species=Sigma*_b0 pdg=5214 slice=eta_lt_1 p=13 a=10 file=/data/alice/ipardoza/hadronization_production/HF_RUN3_V1/raw/MONASH/hf_MONASH_job916.root
SIGMAB_COUNTS tag=MONASH species=Sigma*_b0 pdg=5214 slice=eta_1_2 p=11 a=13 file=/data/alice/ipardoza/hadronization_production/HF_RUN3_V1/raw/MONASH/hf_MONASH_job916.root
SIGMAB_COUNTS tag=MONASH species=Sigma*_b0 pdg=5214 slice=eta_ge_2 p=43 a=25 file=/data/alice/ipardoza/hadronization_production/HF_RUN3_V1/raw/MONASH/hf_MONASH_job916.root
SIGMAB_COUNTS tag=MONASH species=Sigma*_b- pdg=5114 slice=all p=46 a=39 file=/data/alice/ipardoza/hadronization_production/HF_RUN3_V1/raw/MONASH/hf_MONASH_job916.root
SIGMAB_COUNTS tag=MONASH species=Sigma*_b- pdg=5114 slice=eta_lt_1 p=9 a=9 file=/data/alice/ipardoza/hadronization_production/HF_RUN3_V1/raw/MONASH/hf_MONASH_job916.root
SIGMAB_COUNTS tag=MONASH species=Sigma*_b- pdg=5114 slice=eta_1_2 p=9 a=8 file=/data/alice/ipardoza/hadronization_production/HF_RUN3_V1/raw/MONASH/hf_MONASH_job916.root
SIGMAB_COUNTS tag=MONASH species=Sigma*_b- pdg=5114 slice=eta_ge_2 p=28 a=22 file=/data/alice/ipardoza/hadronization_production/HF_RUN3_V1/raw/MONASH/hf_MONASH_job916.root
SIGMAB_COUNTS tag=MONASH species=Lambda_b0 pdg=5122 slice=all p=335 a=263 file=/data/alice/ipardoza/hadronization_production/HF_RUN3_V1/raw/MONASH/hf_MONASH_job916.root
SIGMAB_COUNTS tag=MONASH species=Lambda_b0 pdg=5122 slice=eta_lt_1 p=61 a=41 file=/data/alice/ipardoza/hadronization_production/HF_RUN3_V1/raw/MONASH/hf_MONASH_job916.root
SIGMAB_COUNTS tag=MONASH species=Lambda_b0 pdg=5122 slice=eta_1_2 p=72 a=57 file=/data/alice/ipardoza/hadronization_production/HF_RUN3_V1/raw/MONASH/hf_MONASH_job916.root
SIGMAB_COUNTS tag=MONASH species=Lambda_b0 pdg=5122 slice=eta_ge_2 p=202 a=165 file=/data/alice/ipardoza/hadronization_production/HF_RUN3_V1/raw/MONASH/hf_MONASH_job916.root
SIGMAB_COUNTS tag=MONASH species=Xi_b0 pdg=5232 slice=all p=53 a=49 file=/data/alice/ipardoza/hadronization_production/HF_RUN3_V1/raw/MONASH/hf_MONASH_job916.root
SIGMAB_COUNTS tag=MONASH species=Xi_b0 pdg=5232 slice=eta_lt_1 p=9 a=7 file=/data/alice/ipardoza/hadronization_production/HF_RUN3_V1/raw/MONASH/hf_MONASH_job916.root
SIGMAB_COUNTS tag=MONASH species=Xi_b0 pdg=5232 slice=eta_1_2 p=9 a=11 file=/data/alice/ipardoza/hadronization_production/HF_RUN3_V1/raw/MONASH/hf_MONASH_job916.root
SIGMAB_COUNTS tag=MONASH species=Xi_b0 pdg=5232 slice=eta_ge_2 p=35 a=31 file=/data/alice/ipardoza/hadronization_production/HF_RUN3_V1/raw/MONASH/hf_MONASH_job916.root
SIGMAB_COUNTS tag=MONASH species=Xi_b- pdg=5132 slice=all p=54 a=51 file=/data/alice/ipardoza/hadronization_production/HF_RUN3_V1/raw/MONASH/hf_MONASH_job916.root
SIGMAB_COUNTS tag=MONASH species=Xi_b- pdg=5132 slice=eta_lt_1 p=9 a=7 file=/data/alice/ipardoza/hadronization_production/HF_RUN3_V1/raw/MONASH/hf_MONASH_job916.root
SIGMAB_COUNTS tag=MONASH species=Xi_b- pdg=5132 slice=eta_1_2 p=9 a=14 file=/data/alice/ipardoza/hadronization_production/HF_RUN3_V1/raw/MONASH/hf_MONASH_job916.root
SIGMAB_COUNTS tag=MONASH species=Xi_b- pdg=5132 slice=eta_ge_2 p=36 a=30 file=/data/alice/ipardoza/hadronization_production/HF_RUN3_V1/raw/MONASH/hf_MONASH_job916.root
SIGMAB_COUNTS tag=MONASH species=Sigma_b+ pdg=5222 slice=all p=36 a=25 file=/data/alice/ipardoza/hadronization_production/HF_RUN3_V1/raw/MONASH/hf_MONASH_job917.root
SIGMAB_COUNTS tag=MONASH species=Sigma_b+ pdg=5222 slice=eta_lt_1 p=6 a=5 file=/data/alice/ipardoza/hadronization_production/HF_RUN3_V1/raw/MONASH/hf_MONASH_job917.root
SIGMAB_COUNTS tag=MONASH species=Sigma_b+ pdg=5222 slice=eta_1_2 p=3 a=5 file=/data/alice/ipardoza/hadronization_production/HF_RUN3_V1/raw/MONASH/hf_MONASH_job917.root
SIGMAB_COUNTS tag=MONASH species=Sigma_b+ pdg=5222 slice=eta_ge_2 p=27 a=15 file=/data/alice/ipardoza/hadronization_production/HF_RUN3_V1/raw/MONASH/hf_MONASH_job917.root
SIGMAB_COUNTS tag=MONASH species=Sigma_b0 pdg=5212 slice=all p=53 a=17 file=/data/alice/ipardoza/hadronization_production/HF_RUN3_V1/raw/MONASH/hf_MONASH_job917.root
SIGMAB_COUNTS tag=MONASH species=Sigma_b0 pdg=5212 slice=eta_lt_1 p=10 a=2 file=/data/alice/ipardoza/hadronization_production/HF_RUN3_V1/raw/MONASH/hf_MONASH_job917.root
SIGMAB_COUNTS tag=MONASH species=Sigma_b0 pdg=5212 slice=eta_1_2 p=12 a=3 file=/data/alice/ipardoza/hadronization_production/HF_RUN3_V1/raw/MONASH/hf_MONASH_job917.root
SIGMAB_COUNTS tag=MONASH species=Sigma_b0 pdg=5212 slice=eta_ge_2 p=31 a=12 file=/data/alice/ipardoza/hadronization_production/HF_RUN3_V1/raw/MONASH/hf_MONASH_job917.root
SIGMAB_COUNTS tag=MONASH species=Sigma_b- pdg=5112 slice=all p=39 a=15 file=/data/alice/ipardoza/hadronization_production/HF_RUN3_V1/raw/MONASH/hf_MONASH_job917.root
SIGMAB_COUNTS tag=MONASH species=Sigma_b- pdg=5112 slice=eta_lt_1 p=10 a=4 file=/data/alice/ipardoza/hadronization_production/HF_RUN3_V1/raw/MONASH/hf_MONASH_job917.root
SIGMAB_COUNTS tag=MONASH species=Sigma_b- pdg=5112 slice=eta_1_2 p=10 a=4 file=/data/alice/ipardoza/hadronization_production/HF_RUN3_V1/raw/MONASH/hf_MONASH_job917.root
SIGMAB_COUNTS tag=MONASH species=Sigma_b- pdg=5112 slice=eta_ge_2 p=19 a=7 file=/data/alice/ipardoza/hadronization_production/HF_RUN3_V1/raw/MONASH/hf_MONASH_job917.root
SIGMAB_COUNTS tag=MONASH species=Sigma*_b+ pdg=5224 slice=all p=49 a=26 file=/data/alice/ipardoza/hadronization_production/HF_RUN3_V1/raw/MONASH/hf_MONASH_job917.root
SIGMAB_COUNTS tag=MONASH species=Sigma*_b+ pdg=5224 slice=eta_lt_1 p=7 a=3 file=/data/alice/ipardoza/hadronization_production/HF_RUN3_V1/raw/MONASH/hf_MONASH_job917.root
SIGMAB_COUNTS tag=MONASH species=Sigma*_b+ pdg=5224 slice=eta_1_2 p=12 a=7 file=/data/alice/ipardoza/hadronization_production/HF_RUN3_V1/raw/MONASH/hf_MONASH_job917.root
SIGMAB_COUNTS tag=MONASH species=Sigma*_b+ pdg=5224 slice=eta_ge_2 p=30 a=16 file=/data/alice/ipardoza/hadronization_production/HF_RUN3_V1/raw/MONASH/hf_MONASH_job917.root
SIGMAB_COUNTS tag=MONASH species=Sigma*_b0 pdg=5214 slice=all p=52 a=35 file=/data/alice/ipardoza/hadronization_production/HF_RUN3_V1/raw/MONASH/hf_MONASH_job917.root
SIGMAB_COUNTS tag=MONASH species=Sigma*_b0 pdg=5214 slice=eta_lt_1 p=9 a=6 file=/data/alice/ipardoza/hadronization_production/HF_RUN3_V1/raw/MONASH/hf_MONASH_job917.root
SIGMAB_COUNTS tag=MONASH species=Sigma*_b0 pdg=5214 slice=eta_1_2 p=16 a=3 file=/data/alice/ipardoza/hadronization_production/HF_RUN3_V1/raw/MONASH/hf_MONASH_job917.root
SIGMAB_COUNTS tag=MONASH species=Sigma*_b0 pdg=5214 slice=eta_ge_2 p=27 a=26 file=/data/alice/ipardoza/hadronization_production/HF_RUN3_V1/raw/MONASH/hf_MONASH_job917.root
SIGMAB_COUNTS tag=MONASH species=Sigma*_b- pdg=5114 slice=all p=47 a=43 file=/data/alice/ipardoza/hadronization_production/HF_RUN3_V1/raw/MONASH/hf_MONASH_job917.root
SIGMAB_COUNTS tag=MONASH species=Sigma*_b- pdg=5114 slice=eta_lt_1 p=12 a=7 file=/data/alice/ipardoza/hadronization_production/HF_RUN3_V1/raw/MONASH/hf_MONASH_job917.root
SIGMAB_COUNTS tag=MONASH species=Sigma*_b- pdg=5114 slice=eta_1_2 p=8 a=12 file=/data/alice/ipardoza/hadronization_production/HF_RUN3_V1/raw/MONASH/hf_MONASH_job917.root
SIGMAB_COUNTS tag=MONASH species=Sigma*_b- pdg=5114 slice=eta_ge_2 p=27 a=24 file=/data/alice/ipardoza/hadronization_production/HF_RUN3_V1/raw/MONASH/hf_MONASH_job917.root
SIGMAB_COUNTS tag=MONASH species=Lambda_b0 pdg=5122 slice=all p=346 a=300 file=/data/alice/ipardoza/hadronization_production/HF_RUN3_V1/raw/MONASH/hf_MONASH_job917.root
SIGMAB_COUNTS tag=MONASH species=Lambda_b0 pdg=5122 slice=eta_lt_1 p=62 a=58 file=/data/alice/ipardoza/hadronization_production/HF_RUN3_V1/raw/MONASH/hf_MONASH_job917.root
SIGMAB_COUNTS tag=MONASH species=Lambda_b0 pdg=5122 slice=eta_1_2 p=81 a=81 file=/data/alice/ipardoza/hadronization_production/HF_RUN3_V1/raw/MONASH/hf_MONASH_job917.root
SIGMAB_COUNTS tag=MONASH species=Lambda_b0 pdg=5122 slice=eta_ge_2 p=203 a=161 file=/data/alice/ipardoza/hadronization_production/HF_RUN3_V1/raw/MONASH/hf_MONASH_job917.root
SIGMAB_COUNTS tag=MONASH species=Xi_b0 pdg=5232 slice=all p=76 a=51 file=/data/alice/ipardoza/hadronization_production/HF_RUN3_V1/raw/MONASH/hf_MONASH_job917.root
SIGMAB_COUNTS tag=MONASH species=Xi_b0 pdg=5232 slice=eta_lt_1 p=14 a=13 file=/data/alice/ipardoza/hadronization_production/HF_RUN3_V1/raw/MONASH/hf_MONASH_job917.root
SIGMAB_COUNTS tag=MONASH species=Xi_b0 pdg=5232 slice=eta_1_2 p=14 a=15 file=/data/alice/ipardoza/hadronization_production/HF_RUN3_V1/raw/MONASH/hf_MONASH_job917.root
SIGMAB_COUNTS tag=MONASH species=Xi_b0 pdg=5232 slice=eta_ge_2 p=48 a=23 file=/data/alice/ipardoza/hadronization_production/HF_RUN3_V1/raw/MONASH/hf_MONASH_job917.root
SIGMAB_COUNTS tag=MONASH species=Xi_b- pdg=5132 slice=all p=65 a=51 file=/data/alice/ipardoza/hadronization_production/HF_RUN3_V1/raw/MONASH/hf_MONASH_job917.root
SIGMAB_COUNTS tag=MONASH species=Xi_b- pdg=5132 slice=eta_lt_1 p=9 a=8 file=/data/alice/ipardoza/hadronization_production/HF_RUN3_V1/raw/MONASH/hf_MONASH_job917.root
SIGMAB_COUNTS tag=MONASH species=Xi_b- pdg=5132 slice=eta_1_2 p=13 a=14 file=/data/alice/ipardoza/hadronization_production/HF_RUN3_V1/raw/MONASH/hf_MONASH_job917.root
SIGMAB_COUNTS tag=MONASH species=Xi_b- pdg=5132 slice=eta_ge_2 p=43 a=29 file=/data/alice/ipardoza/hadronization_production/HF_RUN3_V1/raw/MONASH/hf_MONASH_job917.root
SIGMAB_COUNTS tag=MONASH species=Sigma_b+ pdg=5222 slice=all p=50 a=23 file=/data/alice/ipardoza/hadronization_production/HF_RUN3_V1/raw/MONASH/hf_MONASH_job918.root
SIGMAB_COUNTS tag=MONASH species=Sigma_b+ pdg=5222 slice=eta_lt_1 p=7 a=2 file=/data/alice/ipardoza/hadronization_production/HF_RUN3_V1/raw/MONASH/hf_MONASH_job918.root
SIGMAB_COUNTS tag=MONASH species=Sigma_b+ pdg=5222 slice=eta_1_2 p=6 a=6 file=/data/alice/ipardoza/hadronization_production/HF_RUN3_V1/raw/MONASH/hf_MONASH_job918.root
SIGMAB_COUNTS tag=MONASH species=Sigma_b+ pdg=5222 slice=eta_ge_2 p=37 a=15 file=/data/alice/ipardoza/hadronization_production/HF_RUN3_V1/raw/MONASH/hf_MONASH_job918.root
SIGMAB_COUNTS tag=MONASH species=Sigma_b0 pdg=5212 slice=all p=40 a=26 file=/data/alice/ipardoza/hadronization_production/HF_RUN3_V1/raw/MONASH/hf_MONASH_job918.root
SIGMAB_COUNTS tag=MONASH species=Sigma_b0 pdg=5212 slice=eta_lt_1 p=5 a=6 file=/data/alice/ipardoza/hadronization_production/HF_RUN3_V1/raw/MONASH/hf_MONASH_job918.root
SIGMAB_COUNTS tag=MONASH species=Sigma_b0 pdg=5212 slice=eta_1_2 p=7 a=3 file=/data/alice/ipardoza/hadronization_production/HF_RUN3_V1/raw/MONASH/hf_MONASH_job918.root
SIGMAB_COUNTS tag=MONASH species=Sigma_b0 pdg=5212 slice=eta_ge_2 p=28 a=17 file=/data/alice/ipardoza/hadronization_production/HF_RUN3_V1/raw/MONASH/hf_MONASH_job918.root
SIGMAB_COUNTS tag=MONASH species=Sigma_b- pdg=5112 slice=all p=35 a=25 file=/data/alice/ipardoza/hadronization_production/HF_RUN3_V1/raw/MONASH/hf_MONASH_job918.root
SIGMAB_COUNTS tag=MONASH species=Sigma_b- pdg=5112 slice=eta_lt_1 p=6 a=4 file=/data/alice/ipardoza/hadronization_production/HF_RUN3_V1/raw/MONASH/hf_MONASH_job918.root
SIGMAB_COUNTS tag=MONASH species=Sigma_b- pdg=5112 slice=eta_1_2 p=7 a=9 file=/data/alice/ipardoza/hadronization_production/HF_RUN3_V1/raw/MONASH/hf_MONASH_job918.root
SIGMAB_COUNTS tag=MONASH species=Sigma_b- pdg=5112 slice=eta_ge_2 p=22 a=12 file=/data/alice/ipardoza/hadronization_production/HF_RUN3_V1/raw/MONASH/hf_MONASH_job918.root
SIGMAB_COUNTS tag=MONASH species=Sigma*_b+ pdg=5224 slice=all p=47 a=34 file=/data/alice/ipardoza/hadronization_production/HF_RUN3_V1/raw/MONASH/hf_MONASH_job918.root
SIGMAB_COUNTS tag=MONASH species=Sigma*_b+ pdg=5224 slice=eta_lt_1 p=9 a=8 file=/data/alice/ipardoza/hadronization_production/HF_RUN3_V1/raw/MONASH/hf_MONASH_job918.root
SIGMAB_COUNTS tag=MONASH species=Sigma*_b+ pdg=5224 slice=eta_1_2 p=6 a=8 file=/data/alice/ipardoza/hadronization_production/HF_RUN3_V1/raw/MONASH/hf_MONASH_job918.root
SIGMAB_COUNTS tag=MONASH species=Sigma*_b+ pdg=5224 slice=eta_ge_2 p=32 a=18 file=/data/alice/ipardoza/hadronization_production/HF_RUN3_V1/raw/MONASH/hf_MONASH_job918.root
SIGMAB_COUNTS tag=MONASH species=Sigma*_b0 pdg=5214 slice=all p=61 a=51 file=/data/alice/ipardoza/hadronization_production/HF_RUN3_V1/raw/MONASH/hf_MONASH_job918.root
SIGMAB_COUNTS tag=MONASH species=Sigma*_b0 pdg=5214 slice=eta_lt_1 p=13 a=9 file=/data/alice/ipardoza/hadronization_production/HF_RUN3_V1/raw/MONASH/hf_MONASH_job918.root
SIGMAB_COUNTS tag=MONASH species=Sigma*_b0 pdg=5214 slice=eta_1_2 p=13 a=12 file=/data/alice/ipardoza/hadronization_production/HF_RUN3_V1/raw/MONASH/hf_MONASH_job918.root
SIGMAB_COUNTS tag=MONASH species=Sigma*_b0 pdg=5214 slice=eta_ge_2 p=35 a=30 file=/data/alice/ipardoza/hadronization_production/HF_RUN3_V1/raw/MONASH/hf_MONASH_job918.root
SIGMAB_COUNTS tag=MONASH species=Sigma*_b- pdg=5114 slice=all p=61 a=38 file=/data/alice/ipardoza/hadronization_production/HF_RUN3_V1/raw/MONASH/hf_MONASH_job918.root
SIGMAB_COUNTS tag=MONASH species=Sigma*_b- pdg=5114 slice=eta_lt_1 p=8 a=7 file=/data/alice/ipardoza/hadronization_production/HF_RUN3_V1/raw/MONASH/hf_MONASH_job918.root
SIGMAB_COUNTS tag=MONASH species=Sigma*_b- pdg=5114 slice=eta_1_2 p=17 a=11 file=/data/alice/ipardoza/hadronization_production/HF_RUN3_V1/raw/MONASH/hf_MONASH_job918.root
SIGMAB_COUNTS tag=MONASH species=Sigma*_b- pdg=5114 slice=eta_ge_2 p=36 a=20 file=/data/alice/ipardoza/hadronization_production/HF_RUN3_V1/raw/MONASH/hf_MONASH_job918.root
SIGMAB_COUNTS tag=MONASH species=Lambda_b0 pdg=5122 slice=all p=346 a=334 file=/data/alice/ipardoza/hadronization_production/HF_RUN3_V1/raw/MONASH/hf_MONASH_job918.root
SIGMAB_COUNTS tag=MONASH species=Lambda_b0 pdg=5122 slice=eta_lt_1 p=52 a=63 file=/data/alice/ipardoza/hadronization_production/HF_RUN3_V1/raw/MONASH/hf_MONASH_job918.root
SIGMAB_COUNTS tag=MONASH species=Lambda_b0 pdg=5122 slice=eta_1_2 p=84 a=75 file=/data/alice/ipardoza/hadronization_production/HF_RUN3_V1/raw/MONASH/hf_MONASH_job918.root
SIGMAB_COUNTS tag=MONASH species=Lambda_b0 pdg=5122 slice=eta_ge_2 p=210 a=196 file=/data/alice/ipardoza/hadronization_production/HF_RUN3_V1/raw/MONASH/hf_MONASH_job918.root
SIGMAB_COUNTS tag=MONASH species=Xi_b0 pdg=5232 slice=all p=57 a=53 file=/data/alice/ipardoza/hadronization_production/HF_RUN3_V1/raw/MONASH/hf_MONASH_job918.root
SIGMAB_COUNTS tag=MONASH species=Xi_b0 pdg=5232 slice=eta_lt_1 p=9 a=13 file=/data/alice/ipardoza/hadronization_production/HF_RUN3_V1/raw/MONASH/hf_MONASH_job918.root
SIGMAB_COUNTS tag=MONASH species=Xi_b0 pdg=5232 slice=eta_1_2 p=9 a=5 file=/data/alice/ipardoza/hadronization_production/HF_RUN3_V1/raw/MONASH/hf_MONASH_job918.root
SIGMAB_COUNTS tag=MONASH species=Xi_b0 pdg=5232 slice=eta_ge_2 p=39 a=35 file=/data/alice/ipardoza/hadronization_production/HF_RUN3_V1/raw/MONASH/hf_MONASH_job918.root
SIGMAB_COUNTS tag=MONASH species=Xi_b- pdg=5132 slice=all p=54 a=57 file=/data/alice/ipardoza/hadronization_production/HF_RUN3_V1/raw/MONASH/hf_MONASH_job918.root
SIGMAB_COUNTS tag=MONASH species=Xi_b- pdg=5132 slice=eta_lt_1 p=12 a=15 file=/data/alice/ipardoza/hadronization_production/HF_RUN3_V1/raw/MONASH/hf_MONASH_job918.root
SIGMAB_COUNTS tag=MONASH species=Xi_b- pdg=5132 slice=eta_1_2 p=9 a=9 file=/data/alice/ipardoza/hadronization_production/HF_RUN3_V1/raw/MONASH/hf_MONASH_job918.root
SIGMAB_COUNTS tag=MONASH species=Xi_b- pdg=5132 slice=eta_ge_2 p=33 a=33 file=/data/alice/ipardoza/hadronization_production/HF_RUN3_V1/raw/MONASH/hf_MONASH_job918.root
SIGMAB_COUNTS tag=MONASH species=Sigma_b+ pdg=5222 slice=all p=38 a=18 file=/data/alice/ipardoza/hadronization_production/HF_RUN3_V1/raw/MONASH/hf_MONASH_job919.root
SIGMAB_COUNTS tag=MONASH species=Sigma_b+ pdg=5222 slice=eta_lt_1 p=3 a=4 file=/data/alice/ipardoza/hadronization_production/HF_RUN3_V1/raw/MONASH/hf_MONASH_job919.root
SIGMAB_COUNTS tag=MONASH species=Sigma_b+ pdg=5222 slice=eta_1_2 p=11 a=5 file=/data/alice/ipardoza/hadronization_production/HF_RUN3_V1/raw/MONASH/hf_MONASH_job919.root
SIGMAB_COUNTS tag=MONASH species=Sigma_b+ pdg=5222 slice=eta_ge_2 p=24 a=9 file=/data/alice/ipardoza/hadronization_production/HF_RUN3_V1/raw/MONASH/hf_MONASH_job919.root
SIGMAB_COUNTS tag=MONASH species=Sigma_b0 pdg=5212 slice=all p=36 a=20 file=/data/alice/ipardoza/hadronization_production/HF_RUN3_V1/raw/MONASH/hf_MONASH_job919.root
SIGMAB_COUNTS tag=MONASH species=Sigma_b0 pdg=5212 slice=eta_lt_1 p=8 a=4 file=/data/alice/ipardoza/hadronization_production/HF_RUN3_V1/raw/MONASH/hf_MONASH_job919.root
SIGMAB_COUNTS tag=MONASH species=Sigma_b0 pdg=5212 slice=eta_1_2 p=5 a=4 file=/data/alice/ipardoza/hadronization_production/HF_RUN3_V1/raw/MONASH/hf_MONASH_job919.root
SIGMAB_COUNTS tag=MONASH species=Sigma_b0 pdg=5212 slice=eta_ge_2 p=23 a=12 file=/data/alice/ipardoza/hadronization_production/HF_RUN3_V1/raw/MONASH/hf_MONASH_job919.root
SIGMAB_COUNTS tag=MONASH species=Sigma_b- pdg=5112 slice=all p=37 a=26 file=/data/alice/ipardoza/hadronization_production/HF_RUN3_V1/raw/MONASH/hf_MONASH_job919.root
SIGMAB_COUNTS tag=MONASH species=Sigma_b- pdg=5112 slice=eta_lt_1 p=9 a=6 file=/data/alice/ipardoza/hadronization_production/HF_RUN3_V1/raw/MONASH/hf_MONASH_job919.root
SIGMAB_COUNTS tag=MONASH species=Sigma_b- pdg=5112 slice=eta_1_2 p=5 a=8 file=/data/alice/ipardoza/hadronization_production/HF_RUN3_V1/raw/MONASH/hf_MONASH_job919.root
SIGMAB_COUNTS tag=MONASH species=Sigma_b- pdg=5112 slice=eta_ge_2 p=23 a=12 file=/data/alice/ipardoza/hadronization_production/HF_RUN3_V1/raw/MONASH/hf_MONASH_job919.root
SIGMAB_COUNTS tag=MONASH species=Sigma*_b+ pdg=5224 slice=all p=56 a=26 file=/data/alice/ipardoza/hadronization_production/HF_RUN3_V1/raw/MONASH/hf_MONASH_job919.root
SIGMAB_COUNTS tag=MONASH species=Sigma*_b+ pdg=5224 slice=eta_lt_1 p=5 a=2 file=/data/alice/ipardoza/hadronization_production/HF_RUN3_V1/raw/MONASH/hf_MONASH_job919.root
SIGMAB_COUNTS tag=MONASH species=Sigma*_b+ pdg=5224 slice=eta_1_2 p=9 a=5 file=/data/alice/ipardoza/hadronization_production/HF_RUN3_V1/raw/MONASH/hf_MONASH_job919.root
SIGMAB_COUNTS tag=MONASH species=Sigma*_b+ pdg=5224 slice=eta_ge_2 p=42 a=19 file=/data/alice/ipardoza/hadronization_production/HF_RUN3_V1/raw/MONASH/hf_MONASH_job919.root
SIGMAB_COUNTS tag=MONASH species=Sigma*_b0 pdg=5214 slice=all p=54 a=27 file=/data/alice/ipardoza/hadronization_production/HF_RUN3_V1/raw/MONASH/hf_MONASH_job919.root
SIGMAB_COUNTS tag=MONASH species=Sigma*_b0 pdg=5214 slice=eta_lt_1 p=12 a=8 file=/data/alice/ipardoza/hadronization_production/HF_RUN3_V1/raw/MONASH/hf_MONASH_job919.root
SIGMAB_COUNTS tag=MONASH species=Sigma*_b0 pdg=5214 slice=eta_1_2 p=11 a=8 file=/data/alice/ipardoza/hadronization_production/HF_RUN3_V1/raw/MONASH/hf_MONASH_job919.root
SIGMAB_COUNTS tag=MONASH species=Sigma*_b0 pdg=5214 slice=eta_ge_2 p=31 a=11 file=/data/alice/ipardoza/hadronization_production/HF_RUN3_V1/raw/MONASH/hf_MONASH_job919.root
SIGMAB_COUNTS tag=MONASH species=Sigma*_b- pdg=5114 slice=all p=61 a=43 file=/data/alice/ipardoza/hadronization_production/HF_RUN3_V1/raw/MONASH/hf_MONASH_job919.root
SIGMAB_COUNTS tag=MONASH species=Sigma*_b- pdg=5114 slice=eta_lt_1 p=12 a=12 file=/data/alice/ipardoza/hadronization_production/HF_RUN3_V1/raw/MONASH/hf_MONASH_job919.root
SIGMAB_COUNTS tag=MONASH species=Sigma*_b- pdg=5114 slice=eta_1_2 p=6 a=9 file=/data/alice/ipardoza/hadronization_production/HF_RUN3_V1/raw/MONASH/hf_MONASH_job919.root
SIGMAB_COUNTS tag=MONASH species=Sigma*_b- pdg=5114 slice=eta_ge_2 p=43 a=22 file=/data/alice/ipardoza/hadronization_production/HF_RUN3_V1/raw/MONASH/hf_MONASH_job919.root
SIGMAB_COUNTS tag=MONASH species=Lambda_b0 pdg=5122 slice=all p=305 a=320 file=/data/alice/ipardoza/hadronization_production/HF_RUN3_V1/raw/MONASH/hf_MONASH_job919.root
SIGMAB_COUNTS tag=MONASH species=Lambda_b0 pdg=5122 slice=eta_lt_1 p=56 a=66 file=/data/alice/ipardoza/hadronization_production/HF_RUN3_V1/raw/MONASH/hf_MONASH_job919.root
SIGMAB_COUNTS tag=MONASH species=Lambda_b0 pdg=5122 slice=eta_1_2 p=62 a=66 file=/data/alice/ipardoza/hadronization_production/HF_RUN3_V1/raw/MONASH/hf_MONASH_job919.root
SIGMAB_COUNTS tag=MONASH species=Lambda_b0 pdg=5122 slice=eta_ge_2 p=187 a=188 file=/data/alice/ipardoza/hadronization_production/HF_RUN3_V1/raw/MONASH/hf_MONASH_job919.root
SIGMAB_COUNTS tag=MONASH species=Xi_b0 pdg=5232 slice=all p=61 a=65 file=/data/alice/ipardoza/hadronization_production/HF_RUN3_V1/raw/MONASH/hf_MONASH_job919.root
SIGMAB_COUNTS tag=MONASH species=Xi_b0 pdg=5232 slice=eta_lt_1 p=12 a=11 file=/data/alice/ipardoza/hadronization_production/HF_RUN3_V1/raw/MONASH/hf_MONASH_job919.root
SIGMAB_COUNTS tag=MONASH species=Xi_b0 pdg=5232 slice=eta_1_2 p=15 a=15 file=/data/alice/ipardoza/hadronization_production/HF_RUN3_V1/raw/MONASH/hf_MONASH_job919.root
SIGMAB_COUNTS tag=MONASH species=Xi_b0 pdg=5232 slice=eta_ge_2 p=34 a=39 file=/data/alice/ipardoza/hadronization_production/HF_RUN3_V1/raw/MONASH/hf_MONASH_job919.root
SIGMAB_COUNTS tag=MONASH species=Xi_b- pdg=5132 slice=all p=58 a=42 file=/data/alice/ipardoza/hadronization_production/HF_RUN3_V1/raw/MONASH/hf_MONASH_job919.root
SIGMAB_COUNTS tag=MONASH species=Xi_b- pdg=5132 slice=eta_lt_1 p=11 a=9 file=/data/alice/ipardoza/hadronization_production/HF_RUN3_V1/raw/MONASH/hf_MONASH_job919.root
SIGMAB_COUNTS tag=MONASH species=Xi_b- pdg=5132 slice=eta_1_2 p=15 a=3 file=/data/alice/ipardoza/hadronization_production/HF_RUN3_V1/raw/MONASH/hf_MONASH_job919.root
SIGMAB_COUNTS tag=MONASH species=Xi_b- pdg=5132 slice=eta_ge_2 p=32 a=30 file=/data/alice/ipardoza/hadronization_production/HF_RUN3_V1/raw/MONASH/hf_MONASH_job919.root
SIGMAB_COUNTS tag=MONASH species=Sigma_b+ pdg=5222 slice=all p=29 a=23 file=/data/alice/ipardoza/hadronization_production/HF_RUN3_V1/raw/MONASH/hf_MONASH_job920.root
SIGMAB_COUNTS tag=MONASH species=Sigma_b+ pdg=5222 slice=eta_lt_1 p=5 a=5 file=/data/alice/ipardoza/hadronization_production/HF_RUN3_V1/raw/MONASH/hf_MONASH_job920.root
SIGMAB_COUNTS tag=MONASH species=Sigma_b+ pdg=5222 slice=eta_1_2 p=5 a=5 file=/data/alice/ipardoza/hadronization_production/HF_RUN3_V1/raw/MONASH/hf_MONASH_job920.root
SIGMAB_COUNTS tag=MONASH species=Sigma_b+ pdg=5222 slice=eta_ge_2 p=19 a=13 file=/data/alice/ipardoza/hadronization_production/HF_RUN3_V1/raw/MONASH/hf_MONASH_job920.root
SIGMAB_COUNTS tag=MONASH species=Sigma_b0 pdg=5212 slice=all p=42 a=22 file=/data/alice/ipardoza/hadronization_production/HF_RUN3_V1/raw/MONASH/hf_MONASH_job920.root
SIGMAB_COUNTS tag=MONASH species=Sigma_b0 pdg=5212 slice=eta_lt_1 p=12 a=3 file=/data/alice/ipardoza/hadronization_production/HF_RUN3_V1/raw/MONASH/hf_MONASH_job920.root
SIGMAB_COUNTS tag=MONASH species=Sigma_b0 pdg=5212 slice=eta_1_2 p=9 a=1 file=/data/alice/ipardoza/hadronization_production/HF_RUN3_V1/raw/MONASH/hf_MONASH_job920.root
SIGMAB_COUNTS tag=MONASH species=Sigma_b0 pdg=5212 slice=eta_ge_2 p=21 a=18 file=/data/alice/ipardoza/hadronization_production/HF_RUN3_V1/raw/MONASH/hf_MONASH_job920.root
SIGMAB_COUNTS tag=MONASH species=Sigma_b- pdg=5112 slice=all p=34 a=18 file=/data/alice/ipardoza/hadronization_production/HF_RUN3_V1/raw/MONASH/hf_MONASH_job920.root
SIGMAB_COUNTS tag=MONASH species=Sigma_b- pdg=5112 slice=eta_lt_1 p=8 a=3 file=/data/alice/ipardoza/hadronization_production/HF_RUN3_V1/raw/MONASH/hf_MONASH_job920.root
SIGMAB_COUNTS tag=MONASH species=Sigma_b- pdg=5112 slice=eta_1_2 p=6 a=4 file=/data/alice/ipardoza/hadronization_production/HF_RUN3_V1/raw/MONASH/hf_MONASH_job920.root
SIGMAB_COUNTS tag=MONASH species=Sigma_b- pdg=5112 slice=eta_ge_2 p=20 a=11 file=/data/alice/ipardoza/hadronization_production/HF_RUN3_V1/raw/MONASH/hf_MONASH_job920.root
SIGMAB_COUNTS tag=MONASH species=Sigma*_b+ pdg=5224 slice=all p=52 a=44 file=/data/alice/ipardoza/hadronization_production/HF_RUN3_V1/raw/MONASH/hf_MONASH_job920.root
SIGMAB_COUNTS tag=MONASH species=Sigma*_b+ pdg=5224 slice=eta_lt_1 p=8 a=11 file=/data/alice/ipardoza/hadronization_production/HF_RUN3_V1/raw/MONASH/hf_MONASH_job920.root
SIGMAB_COUNTS tag=MONASH species=Sigma*_b+ pdg=5224 slice=eta_1_2 p=8 a=7 file=/data/alice/ipardoza/hadronization_production/HF_RUN3_V1/raw/MONASH/hf_MONASH_job920.root
SIGMAB_COUNTS tag=MONASH species=Sigma*_b+ pdg=5224 slice=eta_ge_2 p=36 a=26 file=/data/alice/ipardoza/hadronization_production/HF_RUN3_V1/raw/MONASH/hf_MONASH_job920.root
SIGMAB_COUNTS tag=MONASH species=Sigma*_b0 pdg=5214 slice=all p=60 a=45 file=/data/alice/ipardoza/hadronization_production/HF_RUN3_V1/raw/MONASH/hf_MONASH_job920.root
SIGMAB_COUNTS tag=MONASH species=Sigma*_b0 pdg=5214 slice=eta_lt_1 p=11 a=7 file=/data/alice/ipardoza/hadronization_production/HF_RUN3_V1/raw/MONASH/hf_MONASH_job920.root
SIGMAB_COUNTS tag=MONASH species=Sigma*_b0 pdg=5214 slice=eta_1_2 p=10 a=11 file=/data/alice/ipardoza/hadronization_production/HF_RUN3_V1/raw/MONASH/hf_MONASH_job920.root
SIGMAB_COUNTS tag=MONASH species=Sigma*_b0 pdg=5214 slice=eta_ge_2 p=39 a=27 file=/data/alice/ipardoza/hadronization_production/HF_RUN3_V1/raw/MONASH/hf_MONASH_job920.root
SIGMAB_COUNTS tag=MONASH species=Sigma*_b- pdg=5114 slice=all p=53 a=50 file=/data/alice/ipardoza/hadronization_production/HF_RUN3_V1/raw/MONASH/hf_MONASH_job920.root
SIGMAB_COUNTS tag=MONASH species=Sigma*_b- pdg=5114 slice=eta_lt_1 p=8 a=12 file=/data/alice/ipardoza/hadronization_production/HF_RUN3_V1/raw/MONASH/hf_MONASH_job920.root
SIGMAB_COUNTS tag=MONASH species=Sigma*_b- pdg=5114 slice=eta_1_2 p=13 a=5 file=/data/alice/ipardoza/hadronization_production/HF_RUN3_V1/raw/MONASH/hf_MONASH_job920.root
SIGMAB_COUNTS tag=MONASH species=Sigma*_b- pdg=5114 slice=eta_ge_2 p=32 a=33 file=/data/alice/ipardoza/hadronization_production/HF_RUN3_V1/raw/MONASH/hf_MONASH_job920.root
SIGMAB_COUNTS tag=MONASH species=Lambda_b0 pdg=5122 slice=all p=311 a=298 file=/data/alice/ipardoza/hadronization_production/HF_RUN3_V1/raw/MONASH/hf_MONASH_job920.root
SIGMAB_COUNTS tag=MONASH species=Lambda_b0 pdg=5122 slice=eta_lt_1 p=70 a=42 file=/data/alice/ipardoza/hadronization_production/HF_RUN3_V1/raw/MONASH/hf_MONASH_job920.root
SIGMAB_COUNTS tag=MONASH species=Lambda_b0 pdg=5122 slice=eta_1_2 p=67 a=70 file=/data/alice/ipardoza/hadronization_production/HF_RUN3_V1/raw/MONASH/hf_MONASH_job920.root
SIGMAB_COUNTS tag=MONASH species=Lambda_b0 pdg=5122 slice=eta_ge_2 p=174 a=186 file=/data/alice/ipardoza/hadronization_production/HF_RUN3_V1/raw/MONASH/hf_MONASH_job920.root
SIGMAB_COUNTS tag=MONASH species=Xi_b0 pdg=5232 slice=all p=45 a=66 file=/data/alice/ipardoza/hadronization_production/HF_RUN3_V1/raw/MONASH/hf_MONASH_job920.root
SIGMAB_COUNTS tag=MONASH species=Xi_b0 pdg=5232 slice=eta_lt_1 p=7 a=10 file=/data/alice/ipardoza/hadronization_production/HF_RUN3_V1/raw/MONASH/hf_MONASH_job920.root
SIGMAB_COUNTS tag=MONASH species=Xi_b0 pdg=5232 slice=eta_1_2 p=10 a=14 file=/data/alice/ipardoza/hadronization_production/HF_RUN3_V1/raw/MONASH/hf_MONASH_job920.root
SIGMAB_COUNTS tag=MONASH species=Xi_b0 pdg=5232 slice=eta_ge_2 p=28 a=42 file=/data/alice/ipardoza/hadronization_production/HF_RUN3_V1/raw/MONASH/hf_MONASH_job920.root
SIGMAB_COUNTS tag=MONASH species=Xi_b- pdg=5132 slice=all p=55 a=53 file=/data/alice/ipardoza/hadronization_production/HF_RUN3_V1/raw/MONASH/hf_MONASH_job920.root
SIGMAB_COUNTS tag=MONASH species=Xi_b- pdg=5132 slice=eta_lt_1 p=11 a=13 file=/data/alice/ipardoza/hadronization_production/HF_RUN3_V1/raw/MONASH/hf_MONASH_job920.root
SIGMAB_COUNTS tag=MONASH species=Xi_b- pdg=5132 slice=eta_1_2 p=9 a=10 file=/data/alice/ipardoza/hadronization_production/HF_RUN3_V1/raw/MONASH/hf_MONASH_job920.root
SIGMAB_COUNTS tag=MONASH species=Xi_b- pdg=5132 slice=eta_ge_2 p=35 a=30 file=/data/alice/ipardoza/hadronization_production/HF_RUN3_V1/raw/MONASH/hf_MONASH_job920.root
SIGMAB_COUNTS tag=MONASH species=Sigma_b+ pdg=5222 slice=all p=46 a=21 file=/data/alice/ipardoza/hadronization_production/HF_RUN3_V1/raw/MONASH/hf_MONASH_job921.root
SIGMAB_COUNTS tag=MONASH species=Sigma_b+ pdg=5222 slice=eta_lt_1 p=11 a=5 file=/data/alice/ipardoza/hadronization_production/HF_RUN3_V1/raw/MONASH/hf_MONASH_job921.root
SIGMAB_COUNTS tag=MONASH species=Sigma_b+ pdg=5222 slice=eta_1_2 p=9 a=3 file=/data/alice/ipardoza/hadronization_production/HF_RUN3_V1/raw/MONASH/hf_MONASH_job921.root
SIGMAB_COUNTS tag=MONASH species=Sigma_b+ pdg=5222 slice=eta_ge_2 p=26 a=13 file=/data/alice/ipardoza/hadronization_production/HF_RUN3_V1/raw/MONASH/hf_MONASH_job921.root
SIGMAB_COUNTS tag=MONASH species=Sigma_b0 pdg=5212 slice=all p=39 a=20 file=/data/alice/ipardoza/hadronization_production/HF_RUN3_V1/raw/MONASH/hf_MONASH_job921.root
SIGMAB_COUNTS tag=MONASH species=Sigma_b0 pdg=5212 slice=eta_lt_1 p=8 a=6 file=/data/alice/ipardoza/hadronization_production/HF_RUN3_V1/raw/MONASH/hf_MONASH_job921.root
SIGMAB_COUNTS tag=MONASH species=Sigma_b0 pdg=5212 slice=eta_1_2 p=6 a=3 file=/data/alice/ipardoza/hadronization_production/HF_RUN3_V1/raw/MONASH/hf_MONASH_job921.root
SIGMAB_COUNTS tag=MONASH species=Sigma_b0 pdg=5212 slice=eta_ge_2 p=25 a=11 file=/data/alice/ipardoza/hadronization_production/HF_RUN3_V1/raw/MONASH/hf_MONASH_job921.root
SIGMAB_COUNTS tag=MONASH species=Sigma_b- pdg=5112 slice=all p=28 a=20 file=/data/alice/ipardoza/hadronization_production/HF_RUN3_V1/raw/MONASH/hf_MONASH_job921.root
SIGMAB_COUNTS tag=MONASH species=Sigma_b- pdg=5112 slice=eta_lt_1 p=7 a=6 file=/data/alice/ipardoza/hadronization_production/HF_RUN3_V1/raw/MONASH/hf_MONASH_job921.root
SIGMAB_COUNTS tag=MONASH species=Sigma_b- pdg=5112 slice=eta_1_2 p=6 a=4 file=/data/alice/ipardoza/hadronization_production/HF_RUN3_V1/raw/MONASH/hf_MONASH_job921.root
SIGMAB_COUNTS tag=MONASH species=Sigma_b- pdg=5112 slice=eta_ge_2 p=15 a=10 file=/data/alice/ipardoza/hadronization_production/HF_RUN3_V1/raw/MONASH/hf_MONASH_job921.root
SIGMAB_COUNTS tag=MONASH species=Sigma*_b+ pdg=5224 slice=all p=57 a=46 file=/data/alice/ipardoza/hadronization_production/HF_RUN3_V1/raw/MONASH/hf_MONASH_job921.root
SIGMAB_COUNTS tag=MONASH species=Sigma*_b+ pdg=5224 slice=eta_lt_1 p=12 a=8 file=/data/alice/ipardoza/hadronization_production/HF_RUN3_V1/raw/MONASH/hf_MONASH_job921.root
SIGMAB_COUNTS tag=MONASH species=Sigma*_b+ pdg=5224 slice=eta_1_2 p=10 a=13 file=/data/alice/ipardoza/hadronization_production/HF_RUN3_V1/raw/MONASH/hf_MONASH_job921.root
SIGMAB_COUNTS tag=MONASH species=Sigma*_b+ pdg=5224 slice=eta_ge_2 p=35 a=25 file=/data/alice/ipardoza/hadronization_production/HF_RUN3_V1/raw/MONASH/hf_MONASH_job921.root
SIGMAB_COUNTS tag=MONASH species=Sigma*_b0 pdg=5214 slice=all p=51 a=26 file=/data/alice/ipardoza/hadronization_production/HF_RUN3_V1/raw/MONASH/hf_MONASH_job921.root
SIGMAB_COUNTS tag=MONASH species=Sigma*_b0 pdg=5214 slice=eta_lt_1 p=10 a=7 file=/data/alice/ipardoza/hadronization_production/HF_RUN3_V1/raw/MONASH/hf_MONASH_job921.root
SIGMAB_COUNTS tag=MONASH species=Sigma*_b0 pdg=5214 slice=eta_1_2 p=9 a=5 file=/data/alice/ipardoza/hadronization_production/HF_RUN3_V1/raw/MONASH/hf_MONASH_job921.root
SIGMAB_COUNTS tag=MONASH species=Sigma*_b0 pdg=5214 slice=eta_ge_2 p=32 a=14 file=/data/alice/ipardoza/hadronization_production/HF_RUN3_V1/raw/MONASH/hf_MONASH_job921.root
SIGMAB_COUNTS tag=MONASH species=Sigma*_b- pdg=5114 slice=all p=41 a=38 file=/data/alice/ipardoza/hadronization_production/HF_RUN3_V1/raw/MONASH/hf_MONASH_job921.root
SIGMAB_COUNTS tag=MONASH species=Sigma*_b- pdg=5114 slice=eta_lt_1 p=7 a=8 file=/data/alice/ipardoza/hadronization_production/HF_RUN3_V1/raw/MONASH/hf_MONASH_job921.root
SIGMAB_COUNTS tag=MONASH species=Sigma*_b- pdg=5114 slice=eta_1_2 p=9 a=10 file=/data/alice/ipardoza/hadronization_production/HF_RUN3_V1/raw/MONASH/hf_MONASH_job921.root
SIGMAB_COUNTS tag=MONASH species=Sigma*_b- pdg=5114 slice=eta_ge_2 p=25 a=20 file=/data/alice/ipardoza/hadronization_production/HF_RUN3_V1/raw/MONASH/hf_MONASH_job921.root
SIGMAB_COUNTS tag=MONASH species=Lambda_b0 pdg=5122 slice=all p=328 a=290 file=/data/alice/ipardoza/hadronization_production/HF_RUN3_V1/raw/MONASH/hf_MONASH_job921.root
SIGMAB_COUNTS tag=MONASH species=Lambda_b0 pdg=5122 slice=eta_lt_1 p=60 a=58 file=/data/alice/ipardoza/hadronization_production/HF_RUN3_V1/raw/MONASH/hf_MONASH_job921.root
SIGMAB_COUNTS tag=MONASH species=Lambda_b0 pdg=5122 slice=eta_1_2 p=69 a=53 file=/data/alice/ipardoza/hadronization_production/HF_RUN3_V1/raw/MONASH/hf_MONASH_job921.root
SIGMAB_COUNTS tag=MONASH species=Lambda_b0 pdg=5122 slice=eta_ge_2 p=199 a=179 file=/data/alice/ipardoza/hadronization_production/HF_RUN3_V1/raw/MONASH/hf_MONASH_job921.root
SIGMAB_COUNTS tag=MONASH species=Xi_b0 pdg=5232 slice=all p=57 a=76 file=/data/alice/ipardoza/hadronization_production/HF_RUN3_V1/raw/MONASH/hf_MONASH_job921.root
SIGMAB_COUNTS tag=MONASH species=Xi_b0 pdg=5232 slice=eta_lt_1 p=9 a=9 file=/data/alice/ipardoza/hadronization_production/HF_RUN3_V1/raw/MONASH/hf_MONASH_job921.root
SIGMAB_COUNTS tag=MONASH species=Xi_b0 pdg=5232 slice=eta_1_2 p=18 a=18 file=/data/alice/ipardoza/hadronization_production/HF_RUN3_V1/raw/MONASH/hf_MONASH_job921.root
SIGMAB_COUNTS tag=MONASH species=Xi_b0 pdg=5232 slice=eta_ge_2 p=30 a=49 file=/data/alice/ipardoza/hadronization_production/HF_RUN3_V1/raw/MONASH/hf_MONASH_job921.root
SIGMAB_COUNTS tag=MONASH species=Xi_b- pdg=5132 slice=all p=47 a=50 file=/data/alice/ipardoza/hadronization_production/HF_RUN3_V1/raw/MONASH/hf_MONASH_job921.root
SIGMAB_COUNTS tag=MONASH species=Xi_b- pdg=5132 slice=eta_lt_1 p=8 a=7 file=/data/alice/ipardoza/hadronization_production/HF_RUN3_V1/raw/MONASH/hf_MONASH_job921.root
SIGMAB_COUNTS tag=MONASH species=Xi_b- pdg=5132 slice=eta_1_2 p=8 a=15 file=/data/alice/ipardoza/hadronization_production/HF_RUN3_V1/raw/MONASH/hf_MONASH_job921.root
SIGMAB_COUNTS tag=MONASH species=Xi_b- pdg=5132 slice=eta_ge_2 p=31 a=28 file=/data/alice/ipardoza/hadronization_production/HF_RUN3_V1/raw/MONASH/hf_MONASH_job921.root
SIGMAB_COUNTS tag=MONASH species=Sigma_b+ pdg=5222 slice=all p=43 a=24 file=/data/alice/ipardoza/hadronization_production/HF_RUN3_V1/raw/MONASH/hf_MONASH_job922.root
SIGMAB_COUNTS tag=MONASH species=Sigma_b+ pdg=5222 slice=eta_lt_1 p=8 a=3 file=/data/alice/ipardoza/hadronization_production/HF_RUN3_V1/raw/MONASH/hf_MONASH_job922.root
SIGMAB_COUNTS tag=MONASH species=Sigma_b+ pdg=5222 slice=eta_1_2 p=5 a=8 file=/data/alice/ipardoza/hadronization_production/HF_RUN3_V1/raw/MONASH/hf_MONASH_job922.root
SIGMAB_COUNTS tag=MONASH species=Sigma_b+ pdg=5222 slice=eta_ge_2 p=30 a=13 file=/data/alice/ipardoza/hadronization_production/HF_RUN3_V1/raw/MONASH/hf_MONASH_job922.root
SIGMAB_COUNTS tag=MONASH species=Sigma_b0 pdg=5212 slice=all p=35 a=13 file=/data/alice/ipardoza/hadronization_production/HF_RUN3_V1/raw/MONASH/hf_MONASH_job922.root
SIGMAB_COUNTS tag=MONASH species=Sigma_b0 pdg=5212 slice=eta_lt_1 p=7 a=4 file=/data/alice/ipardoza/hadronization_production/HF_RUN3_V1/raw/MONASH/hf_MONASH_job922.root
SIGMAB_COUNTS tag=MONASH species=Sigma_b0 pdg=5212 slice=eta_1_2 p=7 a=2 file=/data/alice/ipardoza/hadronization_production/HF_RUN3_V1/raw/MONASH/hf_MONASH_job922.root
SIGMAB_COUNTS tag=MONASH species=Sigma_b0 pdg=5212 slice=eta_ge_2 p=21 a=7 file=/data/alice/ipardoza/hadronization_production/HF_RUN3_V1/raw/MONASH/hf_MONASH_job922.root
SIGMAB_COUNTS tag=MONASH species=Sigma_b- pdg=5112 slice=all p=33 a=19 file=/data/alice/ipardoza/hadronization_production/HF_RUN3_V1/raw/MONASH/hf_MONASH_job922.root
SIGMAB_COUNTS tag=MONASH species=Sigma_b- pdg=5112 slice=eta_lt_1 p=6 a=6 file=/data/alice/ipardoza/hadronization_production/HF_RUN3_V1/raw/MONASH/hf_MONASH_job922.root
SIGMAB_COUNTS tag=MONASH species=Sigma_b- pdg=5112 slice=eta_1_2 p=7 a=3 file=/data/alice/ipardoza/hadronization_production/HF_RUN3_V1/raw/MONASH/hf_MONASH_job922.root
SIGMAB_COUNTS tag=MONASH species=Sigma_b- pdg=5112 slice=eta_ge_2 p=20 a=10 file=/data/alice/ipardoza/hadronization_production/HF_RUN3_V1/raw/MONASH/hf_MONASH_job922.root
SIGMAB_COUNTS tag=MONASH species=Sigma*_b+ pdg=5224 slice=all p=43 a=41 file=/data/alice/ipardoza/hadronization_production/HF_RUN3_V1/raw/MONASH/hf_MONASH_job922.root
SIGMAB_COUNTS tag=MONASH species=Sigma*_b+ pdg=5224 slice=eta_lt_1 p=8 a=8 file=/data/alice/ipardoza/hadronization_production/HF_RUN3_V1/raw/MONASH/hf_MONASH_job922.root
SIGMAB_COUNTS tag=MONASH species=Sigma*_b+ pdg=5224 slice=eta_1_2 p=6 a=9 file=/data/alice/ipardoza/hadronization_production/HF_RUN3_V1/raw/MONASH/hf_MONASH_job922.root
SIGMAB_COUNTS tag=MONASH species=Sigma*_b+ pdg=5224 slice=eta_ge_2 p=29 a=24 file=/data/alice/ipardoza/hadronization_production/HF_RUN3_V1/raw/MONASH/hf_MONASH_job922.root
SIGMAB_COUNTS tag=MONASH species=Sigma*_b0 pdg=5214 slice=all p=52 a=31 file=/data/alice/ipardoza/hadronization_production/HF_RUN3_V1/raw/MONASH/hf_MONASH_job922.root
SIGMAB_COUNTS tag=MONASH species=Sigma*_b0 pdg=5214 slice=eta_lt_1 p=11 a=9 file=/data/alice/ipardoza/hadronization_production/HF_RUN3_V1/raw/MONASH/hf_MONASH_job922.root
SIGMAB_COUNTS tag=MONASH species=Sigma*_b0 pdg=5214 slice=eta_1_2 p=11 a=4 file=/data/alice/ipardoza/hadronization_production/HF_RUN3_V1/raw/MONASH/hf_MONASH_job922.root
SIGMAB_COUNTS tag=MONASH species=Sigma*_b0 pdg=5214 slice=eta_ge_2 p=30 a=18 file=/data/alice/ipardoza/hadronization_production/HF_RUN3_V1/raw/MONASH/hf_MONASH_job922.root
SIGMAB_COUNTS tag=MONASH species=Sigma*_b- pdg=5114 slice=all p=52 a=42 file=/data/alice/ipardoza/hadronization_production/HF_RUN3_V1/raw/MONASH/hf_MONASH_job922.root
SIGMAB_COUNTS tag=MONASH species=Sigma*_b- pdg=5114 slice=eta_lt_1 p=11 a=4 file=/data/alice/ipardoza/hadronization_production/HF_RUN3_V1/raw/MONASH/hf_MONASH_job922.root
SIGMAB_COUNTS tag=MONASH species=Sigma*_b- pdg=5114 slice=eta_1_2 p=7 a=10 file=/data/alice/ipardoza/hadronization_production/HF_RUN3_V1/raw/MONASH/hf_MONASH_job922.root
SIGMAB_COUNTS tag=MONASH species=Sigma*_b- pdg=5114 slice=eta_ge_2 p=34 a=28 file=/data/alice/ipardoza/hadronization_production/HF_RUN3_V1/raw/MONASH/hf_MONASH_job922.root
SIGMAB_COUNTS tag=MONASH species=Lambda_b0 pdg=5122 slice=all p=321 a=296 file=/data/alice/ipardoza/hadronization_production/HF_RUN3_V1/raw/MONASH/hf_MONASH_job922.root
SIGMAB_COUNTS tag=MONASH species=Lambda_b0 pdg=5122 slice=eta_lt_1 p=69 a=63 file=/data/alice/ipardoza/hadronization_production/HF_RUN3_V1/raw/MONASH/hf_MONASH_job922.root
SIGMAB_COUNTS tag=MONASH species=Lambda_b0 pdg=5122 slice=eta_1_2 p=67 a=61 file=/data/alice/ipardoza/hadronization_production/HF_RUN3_V1/raw/MONASH/hf_MONASH_job922.root
SIGMAB_COUNTS tag=MONASH species=Lambda_b0 pdg=5122 slice=eta_ge_2 p=185 a=172 file=/data/alice/ipardoza/hadronization_production/HF_RUN3_V1/raw/MONASH/hf_MONASH_job922.root
SIGMAB_COUNTS tag=MONASH species=Xi_b0 pdg=5232 slice=all p=63 a=61 file=/data/alice/ipardoza/hadronization_production/HF_RUN3_V1/raw/MONASH/hf_MONASH_job922.root
SIGMAB_COUNTS tag=MONASH species=Xi_b0 pdg=5232 slice=eta_lt_1 p=10 a=13 file=/data/alice/ipardoza/hadronization_production/HF_RUN3_V1/raw/MONASH/hf_MONASH_job922.root
SIGMAB_COUNTS tag=MONASH species=Xi_b0 pdg=5232 slice=eta_1_2 p=15 a=7 file=/data/alice/ipardoza/hadronization_production/HF_RUN3_V1/raw/MONASH/hf_MONASH_job922.root
SIGMAB_COUNTS tag=MONASH species=Xi_b0 pdg=5232 slice=eta_ge_2 p=38 a=41 file=/data/alice/ipardoza/hadronization_production/HF_RUN3_V1/raw/MONASH/hf_MONASH_job922.root
SIGMAB_COUNTS tag=MONASH species=Xi_b- pdg=5132 slice=all p=60 a=51 file=/data/alice/ipardoza/hadronization_production/HF_RUN3_V1/raw/MONASH/hf_MONASH_job922.root
SIGMAB_COUNTS tag=MONASH species=Xi_b- pdg=5132 slice=eta_lt_1 p=13 a=9 file=/data/alice/ipardoza/hadronization_production/HF_RUN3_V1/raw/MONASH/hf_MONASH_job922.root
SIGMAB_COUNTS tag=MONASH species=Xi_b- pdg=5132 slice=eta_1_2 p=12 a=7 file=/data/alice/ipardoza/hadronization_production/HF_RUN3_V1/raw/MONASH/hf_MONASH_job922.root
SIGMAB_COUNTS tag=MONASH species=Xi_b- pdg=5132 slice=eta_ge_2 p=35 a=35 file=/data/alice/ipardoza/hadronization_production/HF_RUN3_V1/raw/MONASH/hf_MONASH_job922.root
SIGMAB_COUNTS tag=MONASH species=Sigma_b+ pdg=5222 slice=all p=43 a=25 file=/data/alice/ipardoza/hadronization_production/HF_RUN3_V1/raw/MONASH/hf_MONASH_job923.root
SIGMAB_COUNTS tag=MONASH species=Sigma_b+ pdg=5222 slice=eta_lt_1 p=4 a=4 file=/data/alice/ipardoza/hadronization_production/HF_RUN3_V1/raw/MONASH/hf_MONASH_job923.root
SIGMAB_COUNTS tag=MONASH species=Sigma_b+ pdg=5222 slice=eta_1_2 p=8 a=8 file=/data/alice/ipardoza/hadronization_production/HF_RUN3_V1/raw/MONASH/hf_MONASH_job923.root
SIGMAB_COUNTS tag=MONASH species=Sigma_b+ pdg=5222 slice=eta_ge_2 p=31 a=13 file=/data/alice/ipardoza/hadronization_production/HF_RUN3_V1/raw/MONASH/hf_MONASH_job923.root
SIGMAB_COUNTS tag=MONASH species=Sigma_b0 pdg=5212 slice=all p=31 a=17 file=/data/alice/ipardoza/hadronization_production/HF_RUN3_V1/raw/MONASH/hf_MONASH_job923.root
SIGMAB_COUNTS tag=MONASH species=Sigma_b0 pdg=5212 slice=eta_lt_1 p=4 a=1 file=/data/alice/ipardoza/hadronization_production/HF_RUN3_V1/raw/MONASH/hf_MONASH_job923.root
SIGMAB_COUNTS tag=MONASH species=Sigma_b0 pdg=5212 slice=eta_1_2 p=3 a=5 file=/data/alice/ipardoza/hadronization_production/HF_RUN3_V1/raw/MONASH/hf_MONASH_job923.root
SIGMAB_COUNTS tag=MONASH species=Sigma_b0 pdg=5212 slice=eta_ge_2 p=24 a=11 file=/data/alice/ipardoza/hadronization_production/HF_RUN3_V1/raw/MONASH/hf_MONASH_job923.root
SIGMAB_COUNTS tag=MONASH species=Sigma_b- pdg=5112 slice=all p=41 a=24 file=/data/alice/ipardoza/hadronization_production/HF_RUN3_V1/raw/MONASH/hf_MONASH_job923.root
SIGMAB_COUNTS tag=MONASH species=Sigma_b- pdg=5112 slice=eta_lt_1 p=8 a=2 file=/data/alice/ipardoza/hadronization_production/HF_RUN3_V1/raw/MONASH/hf_MONASH_job923.root
SIGMAB_COUNTS tag=MONASH species=Sigma_b- pdg=5112 slice=eta_1_2 p=8 a=6 file=/data/alice/ipardoza/hadronization_production/HF_RUN3_V1/raw/MONASH/hf_MONASH_job923.root
SIGMAB_COUNTS tag=MONASH species=Sigma_b- pdg=5112 slice=eta_ge_2 p=25 a=16 file=/data/alice/ipardoza/hadronization_production/HF_RUN3_V1/raw/MONASH/hf_MONASH_job923.root
SIGMAB_COUNTS tag=MONASH species=Sigma*_b+ pdg=5224 slice=all p=57 a=37 file=/data/alice/ipardoza/hadronization_production/HF_RUN3_V1/raw/MONASH/hf_MONASH_job923.root
SIGMAB_COUNTS tag=MONASH species=Sigma*_b+ pdg=5224 slice=eta_lt_1 p=11 a=8 file=/data/alice/ipardoza/hadronization_production/HF_RUN3_V1/raw/MONASH/hf_MONASH_job923.root
SIGMAB_COUNTS tag=MONASH species=Sigma*_b+ pdg=5224 slice=eta_1_2 p=18 a=4 file=/data/alice/ipardoza/hadronization_production/HF_RUN3_V1/raw/MONASH/hf_MONASH_job923.root
SIGMAB_COUNTS tag=MONASH species=Sigma*_b+ pdg=5224 slice=eta_ge_2 p=28 a=25 file=/data/alice/ipardoza/hadronization_production/HF_RUN3_V1/raw/MONASH/hf_MONASH_job923.root
SIGMAB_COUNTS tag=MONASH species=Sigma*_b0 pdg=5214 slice=all p=47 a=43 file=/data/alice/ipardoza/hadronization_production/HF_RUN3_V1/raw/MONASH/hf_MONASH_job923.root
SIGMAB_COUNTS tag=MONASH species=Sigma*_b0 pdg=5214 slice=eta_lt_1 p=5 a=8 file=/data/alice/ipardoza/hadronization_production/HF_RUN3_V1/raw/MONASH/hf_MONASH_job923.root
SIGMAB_COUNTS tag=MONASH species=Sigma*_b0 pdg=5214 slice=eta_1_2 p=10 a=8 file=/data/alice/ipardoza/hadronization_production/HF_RUN3_V1/raw/MONASH/hf_MONASH_job923.root
SIGMAB_COUNTS tag=MONASH species=Sigma*_b0 pdg=5214 slice=eta_ge_2 p=32 a=27 file=/data/alice/ipardoza/hadronization_production/HF_RUN3_V1/raw/MONASH/hf_MONASH_job923.root
SIGMAB_COUNTS tag=MONASH species=Sigma*_b- pdg=5114 slice=all p=43 a=40 file=/data/alice/ipardoza/hadronization_production/HF_RUN3_V1/raw/MONASH/hf_MONASH_job923.root
SIGMAB_COUNTS tag=MONASH species=Sigma*_b- pdg=5114 slice=eta_lt_1 p=9 a=8 file=/data/alice/ipardoza/hadronization_production/HF_RUN3_V1/raw/MONASH/hf_MONASH_job923.root
SIGMAB_COUNTS tag=MONASH species=Sigma*_b- pdg=5114 slice=eta_1_2 p=15 a=8 file=/data/alice/ipardoza/hadronization_production/HF_RUN3_V1/raw/MONASH/hf_MONASH_job923.root
SIGMAB_COUNTS tag=MONASH species=Sigma*_b- pdg=5114 slice=eta_ge_2 p=19 a=24 file=/data/alice/ipardoza/hadronization_production/HF_RUN3_V1/raw/MONASH/hf_MONASH_job923.root
SIGMAB_COUNTS tag=MONASH species=Lambda_b0 pdg=5122 slice=all p=330 a=329 file=/data/alice/ipardoza/hadronization_production/HF_RUN3_V1/raw/MONASH/hf_MONASH_job923.root
SIGMAB_COUNTS tag=MONASH species=Lambda_b0 pdg=5122 slice=eta_lt_1 p=64 a=56 file=/data/alice/ipardoza/hadronization_production/HF_RUN3_V1/raw/MONASH/hf_MONASH_job923.root
SIGMAB_COUNTS tag=MONASH species=Lambda_b0 pdg=5122 slice=eta_1_2 p=71 a=68 file=/data/alice/ipardoza/hadronization_production/HF_RUN3_V1/raw/MONASH/hf_MONASH_job923.root
SIGMAB_COUNTS tag=MONASH species=Lambda_b0 pdg=5122 slice=eta_ge_2 p=195 a=205 file=/data/alice/ipardoza/hadronization_production/HF_RUN3_V1/raw/MONASH/hf_MONASH_job923.root
SIGMAB_COUNTS tag=MONASH species=Xi_b0 pdg=5232 slice=all p=47 a=55 file=/data/alice/ipardoza/hadronization_production/HF_RUN3_V1/raw/MONASH/hf_MONASH_job923.root
SIGMAB_COUNTS tag=MONASH species=Xi_b0 pdg=5232 slice=eta_lt_1 p=13 a=15 file=/data/alice/ipardoza/hadronization_production/HF_RUN3_V1/raw/MONASH/hf_MONASH_job923.root
SIGMAB_COUNTS tag=MONASH species=Xi_b0 pdg=5232 slice=eta_1_2 p=8 a=12 file=/data/alice/ipardoza/hadronization_production/HF_RUN3_V1/raw/MONASH/hf_MONASH_job923.root
SIGMAB_COUNTS tag=MONASH species=Xi_b0 pdg=5232 slice=eta_ge_2 p=26 a=28 file=/data/alice/ipardoza/hadronization_production/HF_RUN3_V1/raw/MONASH/hf_MONASH_job923.root
SIGMAB_COUNTS tag=MONASH species=Xi_b- pdg=5132 slice=all p=63 a=57 file=/data/alice/ipardoza/hadronization_production/HF_RUN3_V1/raw/MONASH/hf_MONASH_job923.root
SIGMAB_COUNTS tag=MONASH species=Xi_b- pdg=5132 slice=eta_lt_1 p=11 a=11 file=/data/alice/ipardoza/hadronization_production/HF_RUN3_V1/raw/MONASH/hf_MONASH_job923.root
SIGMAB_COUNTS tag=MONASH species=Xi_b- pdg=5132 slice=eta_1_2 p=14 a=11 file=/data/alice/ipardoza/hadronization_production/HF_RUN3_V1/raw/MONASH/hf_MONASH_job923.root
SIGMAB_COUNTS tag=MONASH species=Xi_b- pdg=5132 slice=eta_ge_2 p=38 a=35 file=/data/alice/ipardoza/hadronization_production/HF_RUN3_V1/raw/MONASH/hf_MONASH_job923.root
SIGMAB_COUNTS tag=MONASH species=Sigma_b+ pdg=5222 slice=all p=32 a=18 file=/data/alice/ipardoza/hadronization_production/HF_RUN3_V1/raw/MONASH/hf_MONASH_job924.root
SIGMAB_COUNTS tag=MONASH species=Sigma_b+ pdg=5222 slice=eta_lt_1 p=4 a=6 file=/data/alice/ipardoza/hadronization_production/HF_RUN3_V1/raw/MONASH/hf_MONASH_job924.root
SIGMAB_COUNTS tag=MONASH species=Sigma_b+ pdg=5222 slice=eta_1_2 p=8 a=2 file=/data/alice/ipardoza/hadronization_production/HF_RUN3_V1/raw/MONASH/hf_MONASH_job924.root
SIGMAB_COUNTS tag=MONASH species=Sigma_b+ pdg=5222 slice=eta_ge_2 p=20 a=10 file=/data/alice/ipardoza/hadronization_production/HF_RUN3_V1/raw/MONASH/hf_MONASH_job924.root
SIGMAB_COUNTS tag=MONASH species=Sigma_b0 pdg=5212 slice=all p=37 a=18 file=/data/alice/ipardoza/hadronization_production/HF_RUN3_V1/raw/MONASH/hf_MONASH_job924.root
SIGMAB_COUNTS tag=MONASH species=Sigma_b0 pdg=5212 slice=eta_lt_1 p=5 a=2 file=/data/alice/ipardoza/hadronization_production/HF_RUN3_V1/raw/MONASH/hf_MONASH_job924.root
SIGMAB_COUNTS tag=MONASH species=Sigma_b0 pdg=5212 slice=eta_1_2 p=9 a=3 file=/data/alice/ipardoza/hadronization_production/HF_RUN3_V1/raw/MONASH/hf_MONASH_job924.root
SIGMAB_COUNTS tag=MONASH species=Sigma_b0 pdg=5212 slice=eta_ge_2 p=23 a=13 file=/data/alice/ipardoza/hadronization_production/HF_RUN3_V1/raw/MONASH/hf_MONASH_job924.root
SIGMAB_COUNTS tag=MONASH species=Sigma_b- pdg=5112 slice=all p=38 a=26 file=/data/alice/ipardoza/hadronization_production/HF_RUN3_V1/raw/MONASH/hf_MONASH_job924.root
SIGMAB_COUNTS tag=MONASH species=Sigma_b- pdg=5112 slice=eta_lt_1 p=8 a=6 file=/data/alice/ipardoza/hadronization_production/HF_RUN3_V1/raw/MONASH/hf_MONASH_job924.root
SIGMAB_COUNTS tag=MONASH species=Sigma_b- pdg=5112 slice=eta_1_2 p=5 a=7 file=/data/alice/ipardoza/hadronization_production/HF_RUN3_V1/raw/MONASH/hf_MONASH_job924.root
SIGMAB_COUNTS tag=MONASH species=Sigma_b- pdg=5112 slice=eta_ge_2 p=25 a=13 file=/data/alice/ipardoza/hadronization_production/HF_RUN3_V1/raw/MONASH/hf_MONASH_job924.root
SIGMAB_COUNTS tag=MONASH species=Sigma*_b+ pdg=5224 slice=all p=46 a=43 file=/data/alice/ipardoza/hadronization_production/HF_RUN3_V1/raw/MONASH/hf_MONASH_job924.root
SIGMAB_COUNTS tag=MONASH species=Sigma*_b+ pdg=5224 slice=eta_lt_1 p=8 a=7 file=/data/alice/ipardoza/hadronization_production/HF_RUN3_V1/raw/MONASH/hf_MONASH_job924.root
SIGMAB_COUNTS tag=MONASH species=Sigma*_b+ pdg=5224 slice=eta_1_2 p=7 a=4 file=/data/alice/ipardoza/hadronization_production/HF_RUN3_V1/raw/MONASH/hf_MONASH_job924.root
SIGMAB_COUNTS tag=MONASH species=Sigma*_b+ pdg=5224 slice=eta_ge_2 p=31 a=32 file=/data/alice/ipardoza/hadronization_production/HF_RUN3_V1/raw/MONASH/hf_MONASH_job924.root
SIGMAB_COUNTS tag=MONASH species=Sigma*_b0 pdg=5214 slice=all p=43 a=40 file=/data/alice/ipardoza/hadronization_production/HF_RUN3_V1/raw/MONASH/hf_MONASH_job924.root
SIGMAB_COUNTS tag=MONASH species=Sigma*_b0 pdg=5214 slice=eta_lt_1 p=3 a=5 file=/data/alice/ipardoza/hadronization_production/HF_RUN3_V1/raw/MONASH/hf_MONASH_job924.root
SIGMAB_COUNTS tag=MONASH species=Sigma*_b0 pdg=5214 slice=eta_1_2 p=16 a=12 file=/data/alice/ipardoza/hadronization_production/HF_RUN3_V1/raw/MONASH/hf_MONASH_job924.root
SIGMAB_COUNTS tag=MONASH species=Sigma*_b0 pdg=5214 slice=eta_ge_2 p=24 a=23 file=/data/alice/ipardoza/hadronization_production/HF_RUN3_V1/raw/MONASH/hf_MONASH_job924.root
SIGMAB_COUNTS tag=MONASH species=Sigma*_b- pdg=5114 slice=all p=44 a=31 file=/data/alice/ipardoza/hadronization_production/HF_RUN3_V1/raw/MONASH/hf_MONASH_job924.root
SIGMAB_COUNTS tag=MONASH species=Sigma*_b- pdg=5114 slice=eta_lt_1 p=10 a=2 file=/data/alice/ipardoza/hadronization_production/HF_RUN3_V1/raw/MONASH/hf_MONASH_job924.root
SIGMAB_COUNTS tag=MONASH species=Sigma*_b- pdg=5114 slice=eta_1_2 p=10 a=10 file=/data/alice/ipardoza/hadronization_production/HF_RUN3_V1/raw/MONASH/hf_MONASH_job924.root
SIGMAB_COUNTS tag=MONASH species=Sigma*_b- pdg=5114 slice=eta_ge_2 p=24 a=19 file=/data/alice/ipardoza/hadronization_production/HF_RUN3_V1/raw/MONASH/hf_MONASH_job924.root
SIGMAB_COUNTS tag=MONASH species=Lambda_b0 pdg=5122 slice=all p=314 a=299 file=/data/alice/ipardoza/hadronization_production/HF_RUN3_V1/raw/MONASH/hf_MONASH_job924.root
SIGMAB_COUNTS tag=MONASH species=Lambda_b0 pdg=5122 slice=eta_lt_1 p=57 a=67 file=/data/alice/ipardoza/hadronization_production/HF_RUN3_V1/raw/MONASH/hf_MONASH_job924.root
SIGMAB_COUNTS tag=MONASH species=Lambda_b0 pdg=5122 slice=eta_1_2 p=69 a=55 file=/data/alice/ipardoza/hadronization_production/HF_RUN3_V1/raw/MONASH/hf_MONASH_job924.root
SIGMAB_COUNTS tag=MONASH species=Lambda_b0 pdg=5122 slice=eta_ge_2 p=188 a=177 file=/data/alice/ipardoza/hadronization_production/HF_RUN3_V1/raw/MONASH/hf_MONASH_job924.root
SIGMAB_COUNTS tag=MONASH species=Xi_b0 pdg=5232 slice=all p=69 a=60 file=/data/alice/ipardoza/hadronization_production/HF_RUN3_V1/raw/MONASH/hf_MONASH_job924.root
SIGMAB_COUNTS tag=MONASH species=Xi_b0 pdg=5232 slice=eta_lt_1 p=18 a=19 file=/data/alice/ipardoza/hadronization_production/HF_RUN3_V1/raw/MONASH/hf_MONASH_job924.root
SIGMAB_COUNTS tag=MONASH species=Xi_b0 pdg=5232 slice=eta_1_2 p=18 a=9 file=/data/alice/ipardoza/hadronization_production/HF_RUN3_V1/raw/MONASH/hf_MONASH_job924.root
SIGMAB_COUNTS tag=MONASH species=Xi_b0 pdg=5232 slice=eta_ge_2 p=33 a=32 file=/data/alice/ipardoza/hadronization_production/HF_RUN3_V1/raw/MONASH/hf_MONASH_job924.root
SIGMAB_COUNTS tag=MONASH species=Xi_b- pdg=5132 slice=all p=59 a=48 file=/data/alice/ipardoza/hadronization_production/HF_RUN3_V1/raw/MONASH/hf_MONASH_job924.root
SIGMAB_COUNTS tag=MONASH species=Xi_b- pdg=5132 slice=eta_lt_1 p=8 a=15 file=/data/alice/ipardoza/hadronization_production/HF_RUN3_V1/raw/MONASH/hf_MONASH_job924.root
SIGMAB_COUNTS tag=MONASH species=Xi_b- pdg=5132 slice=eta_1_2 p=14 a=11 file=/data/alice/ipardoza/hadronization_production/HF_RUN3_V1/raw/MONASH/hf_MONASH_job924.root
SIGMAB_COUNTS tag=MONASH species=Xi_b- pdg=5132 slice=eta_ge_2 p=37 a=22 file=/data/alice/ipardoza/hadronization_production/HF_RUN3_V1/raw/MONASH/hf_MONASH_job924.root
SIGMAB_COUNTS tag=MONASH species=Sigma_b+ pdg=5222 slice=all p=34 a=16 file=/data/alice/ipardoza/hadronization_production/HF_RUN3_V1/raw/MONASH/hf_MONASH_job925.root
SIGMAB_COUNTS tag=MONASH species=Sigma_b+ pdg=5222 slice=eta_lt_1 p=5 a=2 file=/data/alice/ipardoza/hadronization_production/HF_RUN3_V1/raw/MONASH/hf_MONASH_job925.root
SIGMAB_COUNTS tag=MONASH species=Sigma_b+ pdg=5222 slice=eta_1_2 p=7 a=4 file=/data/alice/ipardoza/hadronization_production/HF_RUN3_V1/raw/MONASH/hf_MONASH_job925.root
SIGMAB_COUNTS tag=MONASH species=Sigma_b+ pdg=5222 slice=eta_ge_2 p=22 a=10 file=/data/alice/ipardoza/hadronization_production/HF_RUN3_V1/raw/MONASH/hf_MONASH_job925.root
SIGMAB_COUNTS tag=MONASH species=Sigma_b0 pdg=5212 slice=all p=23 a=16 file=/data/alice/ipardoza/hadronization_production/HF_RUN3_V1/raw/MONASH/hf_MONASH_job925.root
SIGMAB_COUNTS tag=MONASH species=Sigma_b0 pdg=5212 slice=eta_lt_1 p=4 a=2 file=/data/alice/ipardoza/hadronization_production/HF_RUN3_V1/raw/MONASH/hf_MONASH_job925.root
SIGMAB_COUNTS tag=MONASH species=Sigma_b0 pdg=5212 slice=eta_1_2 p=3 a=6 file=/data/alice/ipardoza/hadronization_production/HF_RUN3_V1/raw/MONASH/hf_MONASH_job925.root
SIGMAB_COUNTS tag=MONASH species=Sigma_b0 pdg=5212 slice=eta_ge_2 p=16 a=8 file=/data/alice/ipardoza/hadronization_production/HF_RUN3_V1/raw/MONASH/hf_MONASH_job925.root
SIGMAB_COUNTS tag=MONASH species=Sigma_b- pdg=5112 slice=all p=34 a=18 file=/data/alice/ipardoza/hadronization_production/HF_RUN3_V1/raw/MONASH/hf_MONASH_job925.root
SIGMAB_COUNTS tag=MONASH species=Sigma_b- pdg=5112 slice=eta_lt_1 p=10 a=0 file=/data/alice/ipardoza/hadronization_production/HF_RUN3_V1/raw/MONASH/hf_MONASH_job925.root
SIGMAB_COUNTS tag=MONASH species=Sigma_b- pdg=5112 slice=eta_1_2 p=3 a=4 file=/data/alice/ipardoza/hadronization_production/HF_RUN3_V1/raw/MONASH/hf_MONASH_job925.root
SIGMAB_COUNTS tag=MONASH species=Sigma_b- pdg=5112 slice=eta_ge_2 p=21 a=14 file=/data/alice/ipardoza/hadronization_production/HF_RUN3_V1/raw/MONASH/hf_MONASH_job925.root
SIGMAB_COUNTS tag=MONASH species=Sigma*_b+ pdg=5224 slice=all p=40 a=39 file=/data/alice/ipardoza/hadronization_production/HF_RUN3_V1/raw/MONASH/hf_MONASH_job925.root
SIGMAB_COUNTS tag=MONASH species=Sigma*_b+ pdg=5224 slice=eta_lt_1 p=7 a=8 file=/data/alice/ipardoza/hadronization_production/HF_RUN3_V1/raw/MONASH/hf_MONASH_job925.root
SIGMAB_COUNTS tag=MONASH species=Sigma*_b+ pdg=5224 slice=eta_1_2 p=7 a=9 file=/data/alice/ipardoza/hadronization_production/HF_RUN3_V1/raw/MONASH/hf_MONASH_job925.root
SIGMAB_COUNTS tag=MONASH species=Sigma*_b+ pdg=5224 slice=eta_ge_2 p=26 a=22 file=/data/alice/ipardoza/hadronization_production/HF_RUN3_V1/raw/MONASH/hf_MONASH_job925.root
SIGMAB_COUNTS tag=MONASH species=Sigma*_b0 pdg=5214 slice=all p=50 a=45 file=/data/alice/ipardoza/hadronization_production/HF_RUN3_V1/raw/MONASH/hf_MONASH_job925.root
SIGMAB_COUNTS tag=MONASH species=Sigma*_b0 pdg=5214 slice=eta_lt_1 p=9 a=5 file=/data/alice/ipardoza/hadronization_production/HF_RUN3_V1/raw/MONASH/hf_MONASH_job925.root
SIGMAB_COUNTS tag=MONASH species=Sigma*_b0 pdg=5214 slice=eta_1_2 p=7 a=10 file=/data/alice/ipardoza/hadronization_production/HF_RUN3_V1/raw/MONASH/hf_MONASH_job925.root
SIGMAB_COUNTS tag=MONASH species=Sigma*_b0 pdg=5214 slice=eta_ge_2 p=34 a=30 file=/data/alice/ipardoza/hadronization_production/HF_RUN3_V1/raw/MONASH/hf_MONASH_job925.root
SIGMAB_COUNTS tag=MONASH species=Sigma*_b- pdg=5114 slice=all p=48 a=39 file=/data/alice/ipardoza/hadronization_production/HF_RUN3_V1/raw/MONASH/hf_MONASH_job925.root
SIGMAB_COUNTS tag=MONASH species=Sigma*_b- pdg=5114 slice=eta_lt_1 p=11 a=6 file=/data/alice/ipardoza/hadronization_production/HF_RUN3_V1/raw/MONASH/hf_MONASH_job925.root
SIGMAB_COUNTS tag=MONASH species=Sigma*_b- pdg=5114 slice=eta_1_2 p=7 a=3 file=/data/alice/ipardoza/hadronization_production/HF_RUN3_V1/raw/MONASH/hf_MONASH_job925.root
SIGMAB_COUNTS tag=MONASH species=Sigma*_b- pdg=5114 slice=eta_ge_2 p=30 a=30 file=/data/alice/ipardoza/hadronization_production/HF_RUN3_V1/raw/MONASH/hf_MONASH_job925.root
SIGMAB_COUNTS tag=MONASH species=Lambda_b0 pdg=5122 slice=all p=293 a=287 file=/data/alice/ipardoza/hadronization_production/HF_RUN3_V1/raw/MONASH/hf_MONASH_job925.root
SIGMAB_COUNTS tag=MONASH species=Lambda_b0 pdg=5122 slice=eta_lt_1 p=49 a=49 file=/data/alice/ipardoza/hadronization_production/HF_RUN3_V1/raw/MONASH/hf_MONASH_job925.root
SIGMAB_COUNTS tag=MONASH species=Lambda_b0 pdg=5122 slice=eta_1_2 p=57 a=69 file=/data/alice/ipardoza/hadronization_production/HF_RUN3_V1/raw/MONASH/hf_MONASH_job925.root
SIGMAB_COUNTS tag=MONASH species=Lambda_b0 pdg=5122 slice=eta_ge_2 p=187 a=169 file=/data/alice/ipardoza/hadronization_production/HF_RUN3_V1/raw/MONASH/hf_MONASH_job925.root
SIGMAB_COUNTS tag=MONASH species=Xi_b0 pdg=5232 slice=all p=63 a=57 file=/data/alice/ipardoza/hadronization_production/HF_RUN3_V1/raw/MONASH/hf_MONASH_job925.root
SIGMAB_COUNTS tag=MONASH species=Xi_b0 pdg=5232 slice=eta_lt_1 p=14 a=6 file=/data/alice/ipardoza/hadronization_production/HF_RUN3_V1/raw/MONASH/hf_MONASH_job925.root
SIGMAB_COUNTS tag=MONASH species=Xi_b0 pdg=5232 slice=eta_1_2 p=12 a=12 file=/data/alice/ipardoza/hadronization_production/HF_RUN3_V1/raw/MONASH/hf_MONASH_job925.root
SIGMAB_COUNTS tag=MONASH species=Xi_b0 pdg=5232 slice=eta_ge_2 p=37 a=39 file=/data/alice/ipardoza/hadronization_production/HF_RUN3_V1/raw/MONASH/hf_MONASH_job925.root
SIGMAB_COUNTS tag=MONASH species=Xi_b- pdg=5132 slice=all p=54 a=51 file=/data/alice/ipardoza/hadronization_production/HF_RUN3_V1/raw/MONASH/hf_MONASH_job925.root
SIGMAB_COUNTS tag=MONASH species=Xi_b- pdg=5132 slice=eta_lt_1 p=7 a=9 file=/data/alice/ipardoza/hadronization_production/HF_RUN3_V1/raw/MONASH/hf_MONASH_job925.root
SIGMAB_COUNTS tag=MONASH species=Xi_b- pdg=5132 slice=eta_1_2 p=12 a=12 file=/data/alice/ipardoza/hadronization_production/HF_RUN3_V1/raw/MONASH/hf_MONASH_job925.root
SIGMAB_COUNTS tag=MONASH species=Xi_b- pdg=5132 slice=eta_ge_2 p=35 a=30 file=/data/alice/ipardoza/hadronization_production/HF_RUN3_V1/raw/MONASH/hf_MONASH_job925.root
SIGMAB_COUNTS tag=MONASH species=Sigma_b+ pdg=5222 slice=all p=27 a=19 file=/data/alice/ipardoza/hadronization_production/HF_RUN3_V1/raw/MONASH/hf_MONASH_job926.root
SIGMAB_COUNTS tag=MONASH species=Sigma_b+ pdg=5222 slice=eta_lt_1 p=7 a=4 file=/data/alice/ipardoza/hadronization_production/HF_RUN3_V1/raw/MONASH/hf_MONASH_job926.root
SIGMAB_COUNTS tag=MONASH species=Sigma_b+ pdg=5222 slice=eta_1_2 p=5 a=1 file=/data/alice/ipardoza/hadronization_production/HF_RUN3_V1/raw/MONASH/hf_MONASH_job926.root
SIGMAB_COUNTS tag=MONASH species=Sigma_b+ pdg=5222 slice=eta_ge_2 p=15 a=14 file=/data/alice/ipardoza/hadronization_production/HF_RUN3_V1/raw/MONASH/hf_MONASH_job926.root
SIGMAB_COUNTS tag=MONASH species=Sigma_b0 pdg=5212 slice=all p=27 a=17 file=/data/alice/ipardoza/hadronization_production/HF_RUN3_V1/raw/MONASH/hf_MONASH_job926.root
SIGMAB_COUNTS tag=MONASH species=Sigma_b0 pdg=5212 slice=eta_lt_1 p=2 a=2 file=/data/alice/ipardoza/hadronization_production/HF_RUN3_V1/raw/MONASH/hf_MONASH_job926.root
SIGMAB_COUNTS tag=MONASH species=Sigma_b0 pdg=5212 slice=eta_1_2 p=6 a=1 file=/data/alice/ipardoza/hadronization_production/HF_RUN3_V1/raw/MONASH/hf_MONASH_job926.root
SIGMAB_COUNTS tag=MONASH species=Sigma_b0 pdg=5212 slice=eta_ge_2 p=19 a=14 file=/data/alice/ipardoza/hadronization_production/HF_RUN3_V1/raw/MONASH/hf_MONASH_job926.root
SIGMAB_COUNTS tag=MONASH species=Sigma_b- pdg=5112 slice=all p=47 a=19 file=/data/alice/ipardoza/hadronization_production/HF_RUN3_V1/raw/MONASH/hf_MONASH_job926.root
SIGMAB_COUNTS tag=MONASH species=Sigma_b- pdg=5112 slice=eta_lt_1 p=8 a=2 file=/data/alice/ipardoza/hadronization_production/HF_RUN3_V1/raw/MONASH/hf_MONASH_job926.root
SIGMAB_COUNTS tag=MONASH species=Sigma_b- pdg=5112 slice=eta_1_2 p=10 a=6 file=/data/alice/ipardoza/hadronization_production/HF_RUN3_V1/raw/MONASH/hf_MONASH_job926.root
SIGMAB_COUNTS tag=MONASH species=Sigma_b- pdg=5112 slice=eta_ge_2 p=29 a=11 file=/data/alice/ipardoza/hadronization_production/HF_RUN3_V1/raw/MONASH/hf_MONASH_job926.root
SIGMAB_COUNTS tag=MONASH species=Sigma*_b+ pdg=5224 slice=all p=53 a=40 file=/data/alice/ipardoza/hadronization_production/HF_RUN3_V1/raw/MONASH/hf_MONASH_job926.root
SIGMAB_COUNTS tag=MONASH species=Sigma*_b+ pdg=5224 slice=eta_lt_1 p=11 a=11 file=/data/alice/ipardoza/hadronization_production/HF_RUN3_V1/raw/MONASH/hf_MONASH_job926.root
SIGMAB_COUNTS tag=MONASH species=Sigma*_b+ pdg=5224 slice=eta_1_2 p=7 a=4 file=/data/alice/ipardoza/hadronization_production/HF_RUN3_V1/raw/MONASH/hf_MONASH_job926.root
SIGMAB_COUNTS tag=MONASH species=Sigma*_b+ pdg=5224 slice=eta_ge_2 p=35 a=25 file=/data/alice/ipardoza/hadronization_production/HF_RUN3_V1/raw/MONASH/hf_MONASH_job926.root
SIGMAB_COUNTS tag=MONASH species=Sigma*_b0 pdg=5214 slice=all p=48 a=33 file=/data/alice/ipardoza/hadronization_production/HF_RUN3_V1/raw/MONASH/hf_MONASH_job926.root
SIGMAB_COUNTS tag=MONASH species=Sigma*_b0 pdg=5214 slice=eta_lt_1 p=10 a=7 file=/data/alice/ipardoza/hadronization_production/HF_RUN3_V1/raw/MONASH/hf_MONASH_job926.root
SIGMAB_COUNTS tag=MONASH species=Sigma*_b0 pdg=5214 slice=eta_1_2 p=13 a=6 file=/data/alice/ipardoza/hadronization_production/HF_RUN3_V1/raw/MONASH/hf_MONASH_job926.root
SIGMAB_COUNTS tag=MONASH species=Sigma*_b0 pdg=5214 slice=eta_ge_2 p=25 a=20 file=/data/alice/ipardoza/hadronization_production/HF_RUN3_V1/raw/MONASH/hf_MONASH_job926.root
SIGMAB_COUNTS tag=MONASH species=Sigma*_b- pdg=5114 slice=all p=58 a=43 file=/data/alice/ipardoza/hadronization_production/HF_RUN3_V1/raw/MONASH/hf_MONASH_job926.root
SIGMAB_COUNTS tag=MONASH species=Sigma*_b- pdg=5114 slice=eta_lt_1 p=12 a=7 file=/data/alice/ipardoza/hadronization_production/HF_RUN3_V1/raw/MONASH/hf_MONASH_job926.root
SIGMAB_COUNTS tag=MONASH species=Sigma*_b- pdg=5114 slice=eta_1_2 p=6 a=9 file=/data/alice/ipardoza/hadronization_production/HF_RUN3_V1/raw/MONASH/hf_MONASH_job926.root
SIGMAB_COUNTS tag=MONASH species=Sigma*_b- pdg=5114 slice=eta_ge_2 p=40 a=27 file=/data/alice/ipardoza/hadronization_production/HF_RUN3_V1/raw/MONASH/hf_MONASH_job926.root
SIGMAB_COUNTS tag=MONASH species=Lambda_b0 pdg=5122 slice=all p=292 a=293 file=/data/alice/ipardoza/hadronization_production/HF_RUN3_V1/raw/MONASH/hf_MONASH_job926.root
SIGMAB_COUNTS tag=MONASH species=Lambda_b0 pdg=5122 slice=eta_lt_1 p=51 a=43 file=/data/alice/ipardoza/hadronization_production/HF_RUN3_V1/raw/MONASH/hf_MONASH_job926.root
SIGMAB_COUNTS tag=MONASH species=Lambda_b0 pdg=5122 slice=eta_1_2 p=64 a=75 file=/data/alice/ipardoza/hadronization_production/HF_RUN3_V1/raw/MONASH/hf_MONASH_job926.root
SIGMAB_COUNTS tag=MONASH species=Lambda_b0 pdg=5122 slice=eta_ge_2 p=177 a=175 file=/data/alice/ipardoza/hadronization_production/HF_RUN3_V1/raw/MONASH/hf_MONASH_job926.root
SIGMAB_COUNTS tag=MONASH species=Xi_b0 pdg=5232 slice=all p=52 a=53 file=/data/alice/ipardoza/hadronization_production/HF_RUN3_V1/raw/MONASH/hf_MONASH_job926.root
SIGMAB_COUNTS tag=MONASH species=Xi_b0 pdg=5232 slice=eta_lt_1 p=12 a=11 file=/data/alice/ipardoza/hadronization_production/HF_RUN3_V1/raw/MONASH/hf_MONASH_job926.root
SIGMAB_COUNTS tag=MONASH species=Xi_b0 pdg=5232 slice=eta_1_2 p=15 a=15 file=/data/alice/ipardoza/hadronization_production/HF_RUN3_V1/raw/MONASH/hf_MONASH_job926.root
SIGMAB_COUNTS tag=MONASH species=Xi_b0 pdg=5232 slice=eta_ge_2 p=25 a=27 file=/data/alice/ipardoza/hadronization_production/HF_RUN3_V1/raw/MONASH/hf_MONASH_job926.root
SIGMAB_COUNTS tag=MONASH species=Xi_b- pdg=5132 slice=all p=39 a=66 file=/data/alice/ipardoza/hadronization_production/HF_RUN3_V1/raw/MONASH/hf_MONASH_job926.root
SIGMAB_COUNTS tag=MONASH species=Xi_b- pdg=5132 slice=eta_lt_1 p=7 a=11 file=/data/alice/ipardoza/hadronization_production/HF_RUN3_V1/raw/MONASH/hf_MONASH_job926.root
SIGMAB_COUNTS tag=MONASH species=Xi_b- pdg=5132 slice=eta_1_2 p=7 a=19 file=/data/alice/ipardoza/hadronization_production/HF_RUN3_V1/raw/MONASH/hf_MONASH_job926.root
SIGMAB_COUNTS tag=MONASH species=Xi_b- pdg=5132 slice=eta_ge_2 p=25 a=36 file=/data/alice/ipardoza/hadronization_production/HF_RUN3_V1/raw/MONASH/hf_MONASH_job926.root
SIGMAB_COUNTS tag=MONASH species=Sigma_b+ pdg=5222 slice=all p=35 a=26 file=/data/alice/ipardoza/hadronization_production/HF_RUN3_V1/raw/MONASH/hf_MONASH_job927.root
SIGMAB_COUNTS tag=MONASH species=Sigma_b+ pdg=5222 slice=eta_lt_1 p=5 a=5 file=/data/alice/ipardoza/hadronization_production/HF_RUN3_V1/raw/MONASH/hf_MONASH_job927.root
SIGMAB_COUNTS tag=MONASH species=Sigma_b+ pdg=5222 slice=eta_1_2 p=3 a=9 file=/data/alice/ipardoza/hadronization_production/HF_RUN3_V1/raw/MONASH/hf_MONASH_job927.root
SIGMAB_COUNTS tag=MONASH species=Sigma_b+ pdg=5222 slice=eta_ge_2 p=27 a=12 file=/data/alice/ipardoza/hadronization_production/HF_RUN3_V1/raw/MONASH/hf_MONASH_job927.root
SIGMAB_COUNTS tag=MONASH species=Sigma_b0 pdg=5212 slice=all p=37 a=29 file=/data/alice/ipardoza/hadronization_production/HF_RUN3_V1/raw/MONASH/hf_MONASH_job927.root
SIGMAB_COUNTS tag=MONASH species=Sigma_b0 pdg=5212 slice=eta_lt_1 p=4 a=9 file=/data/alice/ipardoza/hadronization_production/HF_RUN3_V1/raw/MONASH/hf_MONASH_job927.root
SIGMAB_COUNTS tag=MONASH species=Sigma_b0 pdg=5212 slice=eta_1_2 p=3 a=8 file=/data/alice/ipardoza/hadronization_production/HF_RUN3_V1/raw/MONASH/hf_MONASH_job927.root
SIGMAB_COUNTS tag=MONASH species=Sigma_b0 pdg=5212 slice=eta_ge_2 p=30 a=12 file=/data/alice/ipardoza/hadronization_production/HF_RUN3_V1/raw/MONASH/hf_MONASH_job927.root
SIGMAB_COUNTS tag=MONASH species=Sigma_b- pdg=5112 slice=all p=40 a=34 file=/data/alice/ipardoza/hadronization_production/HF_RUN3_V1/raw/MONASH/hf_MONASH_job927.root
SIGMAB_COUNTS tag=MONASH species=Sigma_b- pdg=5112 slice=eta_lt_1 p=4 a=3 file=/data/alice/ipardoza/hadronization_production/HF_RUN3_V1/raw/MONASH/hf_MONASH_job927.root
SIGMAB_COUNTS tag=MONASH species=Sigma_b- pdg=5112 slice=eta_1_2 p=7 a=10 file=/data/alice/ipardoza/hadronization_production/HF_RUN3_V1/raw/MONASH/hf_MONASH_job927.root
SIGMAB_COUNTS tag=MONASH species=Sigma_b- pdg=5112 slice=eta_ge_2 p=29 a=21 file=/data/alice/ipardoza/hadronization_production/HF_RUN3_V1/raw/MONASH/hf_MONASH_job927.root
SIGMAB_COUNTS tag=MONASH species=Sigma*_b+ pdg=5224 slice=all p=54 a=38 file=/data/alice/ipardoza/hadronization_production/HF_RUN3_V1/raw/MONASH/hf_MONASH_job927.root
SIGMAB_COUNTS tag=MONASH species=Sigma*_b+ pdg=5224 slice=eta_lt_1 p=13 a=7 file=/data/alice/ipardoza/hadronization_production/HF_RUN3_V1/raw/MONASH/hf_MONASH_job927.root
SIGMAB_COUNTS tag=MONASH species=Sigma*_b+ pdg=5224 slice=eta_1_2 p=11 a=7 file=/data/alice/ipardoza/hadronization_production/HF_RUN3_V1/raw/MONASH/hf_MONASH_job927.root
SIGMAB_COUNTS tag=MONASH species=Sigma*_b+ pdg=5224 slice=eta_ge_2 p=30 a=24 file=/data/alice/ipardoza/hadronization_production/HF_RUN3_V1/raw/MONASH/hf_MONASH_job927.root
SIGMAB_COUNTS tag=MONASH species=Sigma*_b0 pdg=5214 slice=all p=45 a=38 file=/data/alice/ipardoza/hadronization_production/HF_RUN3_V1/raw/MONASH/hf_MONASH_job927.root
SIGMAB_COUNTS tag=MONASH species=Sigma*_b0 pdg=5214 slice=eta_lt_1 p=7 a=2 file=/data/alice/ipardoza/hadronization_production/HF_RUN3_V1/raw/MONASH/hf_MONASH_job927.root
SIGMAB_COUNTS tag=MONASH species=Sigma*_b0 pdg=5214 slice=eta_1_2 p=6 a=14 file=/data/alice/ipardoza/hadronization_production/HF_RUN3_V1/raw/MONASH/hf_MONASH_job927.root
SIGMAB_COUNTS tag=MONASH species=Sigma*_b0 pdg=5214 slice=eta_ge_2 p=32 a=22 file=/data/alice/ipardoza/hadronization_production/HF_RUN3_V1/raw/MONASH/hf_MONASH_job927.root
SIGMAB_COUNTS tag=MONASH species=Sigma*_b- pdg=5114 slice=all p=47 a=40 file=/data/alice/ipardoza/hadronization_production/HF_RUN3_V1/raw/MONASH/hf_MONASH_job927.root
SIGMAB_COUNTS tag=MONASH species=Sigma*_b- pdg=5114 slice=eta_lt_1 p=6 a=9 file=/data/alice/ipardoza/hadronization_production/HF_RUN3_V1/raw/MONASH/hf_MONASH_job927.root
SIGMAB_COUNTS tag=MONASH species=Sigma*_b- pdg=5114 slice=eta_1_2 p=10 a=8 file=/data/alice/ipardoza/hadronization_production/HF_RUN3_V1/raw/MONASH/hf_MONASH_job927.root
SIGMAB_COUNTS tag=MONASH species=Sigma*_b- pdg=5114 slice=eta_ge_2 p=31 a=23 file=/data/alice/ipardoza/hadronization_production/HF_RUN3_V1/raw/MONASH/hf_MONASH_job927.root
SIGMAB_COUNTS tag=MONASH species=Lambda_b0 pdg=5122 slice=all p=316 a=310 file=/data/alice/ipardoza/hadronization_production/HF_RUN3_V1/raw/MONASH/hf_MONASH_job927.root
SIGMAB_COUNTS tag=MONASH species=Lambda_b0 pdg=5122 slice=eta_lt_1 p=51 a=60 file=/data/alice/ipardoza/hadronization_production/HF_RUN3_V1/raw/MONASH/hf_MONASH_job927.root
SIGMAB_COUNTS tag=MONASH species=Lambda_b0 pdg=5122 slice=eta_1_2 p=70 a=63 file=/data/alice/ipardoza/hadronization_production/HF_RUN3_V1/raw/MONASH/hf_MONASH_job927.root
SIGMAB_COUNTS tag=MONASH species=Lambda_b0 pdg=5122 slice=eta_ge_2 p=195 a=187 file=/data/alice/ipardoza/hadronization_production/HF_RUN3_V1/raw/MONASH/hf_MONASH_job927.root
SIGMAB_COUNTS tag=MONASH species=Xi_b0 pdg=5232 slice=all p=63 a=38 file=/data/alice/ipardoza/hadronization_production/HF_RUN3_V1/raw/MONASH/hf_MONASH_job927.root
SIGMAB_COUNTS tag=MONASH species=Xi_b0 pdg=5232 slice=eta_lt_1 p=10 a=9 file=/data/alice/ipardoza/hadronization_production/HF_RUN3_V1/raw/MONASH/hf_MONASH_job927.root
SIGMAB_COUNTS tag=MONASH species=Xi_b0 pdg=5232 slice=eta_1_2 p=18 a=9 file=/data/alice/ipardoza/hadronization_production/HF_RUN3_V1/raw/MONASH/hf_MONASH_job927.root
SIGMAB_COUNTS tag=MONASH species=Xi_b0 pdg=5232 slice=eta_ge_2 p=35 a=20 file=/data/alice/ipardoza/hadronization_production/HF_RUN3_V1/raw/MONASH/hf_MONASH_job927.root
SIGMAB_COUNTS tag=MONASH species=Xi_b- pdg=5132 slice=all p=51 a=56 file=/data/alice/ipardoza/hadronization_production/HF_RUN3_V1/raw/MONASH/hf_MONASH_job927.root
SIGMAB_COUNTS tag=MONASH species=Xi_b- pdg=5132 slice=eta_lt_1 p=9 a=12 file=/data/alice/ipardoza/hadronization_production/HF_RUN3_V1/raw/MONASH/hf_MONASH_job927.root
SIGMAB_COUNTS tag=MONASH species=Xi_b- pdg=5132 slice=eta_1_2 p=19 a=13 file=/data/alice/ipardoza/hadronization_production/HF_RUN3_V1/raw/MONASH/hf_MONASH_job927.root
SIGMAB_COUNTS tag=MONASH species=Xi_b- pdg=5132 slice=eta_ge_2 p=23 a=31 file=/data/alice/ipardoza/hadronization_production/HF_RUN3_V1/raw/MONASH/hf_MONASH_job927.root
SIGMAB_COUNTS tag=MONASH species=Sigma_b+ pdg=5222 slice=all p=23 a=24 file=/data/alice/ipardoza/hadronization_production/HF_RUN3_V1/raw/MONASH/hf_MONASH_job928.root
SIGMAB_COUNTS tag=MONASH species=Sigma_b+ pdg=5222 slice=eta_lt_1 p=5 a=9 file=/data/alice/ipardoza/hadronization_production/HF_RUN3_V1/raw/MONASH/hf_MONASH_job928.root
SIGMAB_COUNTS tag=MONASH species=Sigma_b+ pdg=5222 slice=eta_1_2 p=3 a=7 file=/data/alice/ipardoza/hadronization_production/HF_RUN3_V1/raw/MONASH/hf_MONASH_job928.root
SIGMAB_COUNTS tag=MONASH species=Sigma_b+ pdg=5222 slice=eta_ge_2 p=15 a=8 file=/data/alice/ipardoza/hadronization_production/HF_RUN3_V1/raw/MONASH/hf_MONASH_job928.root
SIGMAB_COUNTS tag=MONASH species=Sigma_b0 pdg=5212 slice=all p=31 a=25 file=/data/alice/ipardoza/hadronization_production/HF_RUN3_V1/raw/MONASH/hf_MONASH_job928.root
SIGMAB_COUNTS tag=MONASH species=Sigma_b0 pdg=5212 slice=eta_lt_1 p=4 a=2 file=/data/alice/ipardoza/hadronization_production/HF_RUN3_V1/raw/MONASH/hf_MONASH_job928.root
SIGMAB_COUNTS tag=MONASH species=Sigma_b0 pdg=5212 slice=eta_1_2 p=5 a=3 file=/data/alice/ipardoza/hadronization_production/HF_RUN3_V1/raw/MONASH/hf_MONASH_job928.root
SIGMAB_COUNTS tag=MONASH species=Sigma_b0 pdg=5212 slice=eta_ge_2 p=22 a=20 file=/data/alice/ipardoza/hadronization_production/HF_RUN3_V1/raw/MONASH/hf_MONASH_job928.root
SIGMAB_COUNTS tag=MONASH species=Sigma_b- pdg=5112 slice=all p=32 a=21 file=/data/alice/ipardoza/hadronization_production/HF_RUN3_V1/raw/MONASH/hf_MONASH_job928.root
SIGMAB_COUNTS tag=MONASH species=Sigma_b- pdg=5112 slice=eta_lt_1 p=2 a=3 file=/data/alice/ipardoza/hadronization_production/HF_RUN3_V1/raw/MONASH/hf_MONASH_job928.root
SIGMAB_COUNTS tag=MONASH species=Sigma_b- pdg=5112 slice=eta_1_2 p=6 a=8 file=/data/alice/ipardoza/hadronization_production/HF_RUN3_V1/raw/MONASH/hf_MONASH_job928.root
SIGMAB_COUNTS tag=MONASH species=Sigma_b- pdg=5112 slice=eta_ge_2 p=24 a=10 file=/data/alice/ipardoza/hadronization_production/HF_RUN3_V1/raw/MONASH/hf_MONASH_job928.root
SIGMAB_COUNTS tag=MONASH species=Sigma*_b+ pdg=5224 slice=all p=60 a=30 file=/data/alice/ipardoza/hadronization_production/HF_RUN3_V1/raw/MONASH/hf_MONASH_job928.root
SIGMAB_COUNTS tag=MONASH species=Sigma*_b+ pdg=5224 slice=eta_lt_1 p=9 a=2 file=/data/alice/ipardoza/hadronization_production/HF_RUN3_V1/raw/MONASH/hf_MONASH_job928.root
SIGMAB_COUNTS tag=MONASH species=Sigma*_b+ pdg=5224 slice=eta_1_2 p=12 a=10 file=/data/alice/ipardoza/hadronization_production/HF_RUN3_V1/raw/MONASH/hf_MONASH_job928.root
SIGMAB_COUNTS tag=MONASH species=Sigma*_b+ pdg=5224 slice=eta_ge_2 p=39 a=18 file=/data/alice/ipardoza/hadronization_production/HF_RUN3_V1/raw/MONASH/hf_MONASH_job928.root
SIGMAB_COUNTS tag=MONASH species=Sigma*_b0 pdg=5214 slice=all p=51 a=37 file=/data/alice/ipardoza/hadronization_production/HF_RUN3_V1/raw/MONASH/hf_MONASH_job928.root
SIGMAB_COUNTS tag=MONASH species=Sigma*_b0 pdg=5214 slice=eta_lt_1 p=10 a=3 file=/data/alice/ipardoza/hadronization_production/HF_RUN3_V1/raw/MONASH/hf_MONASH_job928.root
SIGMAB_COUNTS tag=MONASH species=Sigma*_b0 pdg=5214 slice=eta_1_2 p=9 a=9 file=/data/alice/ipardoza/hadronization_production/HF_RUN3_V1/raw/MONASH/hf_MONASH_job928.root
SIGMAB_COUNTS tag=MONASH species=Sigma*_b0 pdg=5214 slice=eta_ge_2 p=32 a=25 file=/data/alice/ipardoza/hadronization_production/HF_RUN3_V1/raw/MONASH/hf_MONASH_job928.root
SIGMAB_COUNTS tag=MONASH species=Sigma*_b- pdg=5114 slice=all p=52 a=39 file=/data/alice/ipardoza/hadronization_production/HF_RUN3_V1/raw/MONASH/hf_MONASH_job928.root
SIGMAB_COUNTS tag=MONASH species=Sigma*_b- pdg=5114 slice=eta_lt_1 p=4 a=4 file=/data/alice/ipardoza/hadronization_production/HF_RUN3_V1/raw/MONASH/hf_MONASH_job928.root
SIGMAB_COUNTS tag=MONASH species=Sigma*_b- pdg=5114 slice=eta_1_2 p=14 a=8 file=/data/alice/ipardoza/hadronization_production/HF_RUN3_V1/raw/MONASH/hf_MONASH_job928.root
SIGMAB_COUNTS tag=MONASH species=Sigma*_b- pdg=5114 slice=eta_ge_2 p=34 a=27 file=/data/alice/ipardoza/hadronization_production/HF_RUN3_V1/raw/MONASH/hf_MONASH_job928.root
SIGMAB_COUNTS tag=MONASH species=Lambda_b0 pdg=5122 slice=all p=320 a=315 file=/data/alice/ipardoza/hadronization_production/HF_RUN3_V1/raw/MONASH/hf_MONASH_job928.root
SIGMAB_COUNTS tag=MONASH species=Lambda_b0 pdg=5122 slice=eta_lt_1 p=58 a=69 file=/data/alice/ipardoza/hadronization_production/HF_RUN3_V1/raw/MONASH/hf_MONASH_job928.root
SIGMAB_COUNTS tag=MONASH species=Lambda_b0 pdg=5122 slice=eta_1_2 p=70 a=56 file=/data/alice/ipardoza/hadronization_production/HF_RUN3_V1/raw/MONASH/hf_MONASH_job928.root
SIGMAB_COUNTS tag=MONASH species=Lambda_b0 pdg=5122 slice=eta_ge_2 p=192 a=190 file=/data/alice/ipardoza/hadronization_production/HF_RUN3_V1/raw/MONASH/hf_MONASH_job928.root
SIGMAB_COUNTS tag=MONASH species=Xi_b0 pdg=5232 slice=all p=72 a=50 file=/data/alice/ipardoza/hadronization_production/HF_RUN3_V1/raw/MONASH/hf_MONASH_job928.root
SIGMAB_COUNTS tag=MONASH species=Xi_b0 pdg=5232 slice=eta_lt_1 p=17 a=7 file=/data/alice/ipardoza/hadronization_production/HF_RUN3_V1/raw/MONASH/hf_MONASH_job928.root
SIGMAB_COUNTS tag=MONASH species=Xi_b0 pdg=5232 slice=eta_1_2 p=14 a=18 file=/data/alice/ipardoza/hadronization_production/HF_RUN3_V1/raw/MONASH/hf_MONASH_job928.root
SIGMAB_COUNTS tag=MONASH species=Xi_b0 pdg=5232 slice=eta_ge_2 p=41 a=25 file=/data/alice/ipardoza/hadronization_production/HF_RUN3_V1/raw/MONASH/hf_MONASH_job928.root
SIGMAB_COUNTS tag=MONASH species=Xi_b- pdg=5132 slice=all p=53 a=54 file=/data/alice/ipardoza/hadronization_production/HF_RUN3_V1/raw/MONASH/hf_MONASH_job928.root
SIGMAB_COUNTS tag=MONASH species=Xi_b- pdg=5132 slice=eta_lt_1 p=6 a=14 file=/data/alice/ipardoza/hadronization_production/HF_RUN3_V1/raw/MONASH/hf_MONASH_job928.root
SIGMAB_COUNTS tag=MONASH species=Xi_b- pdg=5132 slice=eta_1_2 p=13 a=16 file=/data/alice/ipardoza/hadronization_production/HF_RUN3_V1/raw/MONASH/hf_MONASH_job928.root
SIGMAB_COUNTS tag=MONASH species=Xi_b- pdg=5132 slice=eta_ge_2 p=34 a=24 file=/data/alice/ipardoza/hadronization_production/HF_RUN3_V1/raw/MONASH/hf_MONASH_job928.root
SIGMAB_COUNTS tag=MONASH species=Sigma_b+ pdg=5222 slice=all p=23 a=28 file=/data/alice/ipardoza/hadronization_production/HF_RUN3_V1/raw/MONASH/hf_MONASH_job929.root
SIGMAB_COUNTS tag=MONASH species=Sigma_b+ pdg=5222 slice=eta_lt_1 p=2 a=3 file=/data/alice/ipardoza/hadronization_production/HF_RUN3_V1/raw/MONASH/hf_MONASH_job929.root
SIGMAB_COUNTS tag=MONASH species=Sigma_b+ pdg=5222 slice=eta_1_2 p=5 a=7 file=/data/alice/ipardoza/hadronization_production/HF_RUN3_V1/raw/MONASH/hf_MONASH_job929.root
SIGMAB_COUNTS tag=MONASH species=Sigma_b+ pdg=5222 slice=eta_ge_2 p=16 a=18 file=/data/alice/ipardoza/hadronization_production/HF_RUN3_V1/raw/MONASH/hf_MONASH_job929.root
SIGMAB_COUNTS tag=MONASH species=Sigma_b0 pdg=5212 slice=all p=41 a=18 file=/data/alice/ipardoza/hadronization_production/HF_RUN3_V1/raw/MONASH/hf_MONASH_job929.root
SIGMAB_COUNTS tag=MONASH species=Sigma_b0 pdg=5212 slice=eta_lt_1 p=10 a=6 file=/data/alice/ipardoza/hadronization_production/HF_RUN3_V1/raw/MONASH/hf_MONASH_job929.root
SIGMAB_COUNTS tag=MONASH species=Sigma_b0 pdg=5212 slice=eta_1_2 p=9 a=3 file=/data/alice/ipardoza/hadronization_production/HF_RUN3_V1/raw/MONASH/hf_MONASH_job929.root
SIGMAB_COUNTS tag=MONASH species=Sigma_b0 pdg=5212 slice=eta_ge_2 p=22 a=9 file=/data/alice/ipardoza/hadronization_production/HF_RUN3_V1/raw/MONASH/hf_MONASH_job929.root
SIGMAB_COUNTS tag=MONASH species=Sigma_b- pdg=5112 slice=all p=25 a=21 file=/data/alice/ipardoza/hadronization_production/HF_RUN3_V1/raw/MONASH/hf_MONASH_job929.root
SIGMAB_COUNTS tag=MONASH species=Sigma_b- pdg=5112 slice=eta_lt_1 p=1 a=1 file=/data/alice/ipardoza/hadronization_production/HF_RUN3_V1/raw/MONASH/hf_MONASH_job929.root
SIGMAB_COUNTS tag=MONASH species=Sigma_b- pdg=5112 slice=eta_1_2 p=8 a=7 file=/data/alice/ipardoza/hadronization_production/HF_RUN3_V1/raw/MONASH/hf_MONASH_job929.root
SIGMAB_COUNTS tag=MONASH species=Sigma_b- pdg=5112 slice=eta_ge_2 p=16 a=13 file=/data/alice/ipardoza/hadronization_production/HF_RUN3_V1/raw/MONASH/hf_MONASH_job929.root
SIGMAB_COUNTS tag=MONASH species=Sigma*_b+ pdg=5224 slice=all p=48 a=38 file=/data/alice/ipardoza/hadronization_production/HF_RUN3_V1/raw/MONASH/hf_MONASH_job929.root
SIGMAB_COUNTS tag=MONASH species=Sigma*_b+ pdg=5224 slice=eta_lt_1 p=10 a=7 file=/data/alice/ipardoza/hadronization_production/HF_RUN3_V1/raw/MONASH/hf_MONASH_job929.root
SIGMAB_COUNTS tag=MONASH species=Sigma*_b+ pdg=5224 slice=eta_1_2 p=8 a=12 file=/data/alice/ipardoza/hadronization_production/HF_RUN3_V1/raw/MONASH/hf_MONASH_job929.root
SIGMAB_COUNTS tag=MONASH species=Sigma*_b+ pdg=5224 slice=eta_ge_2 p=30 a=19 file=/data/alice/ipardoza/hadronization_production/HF_RUN3_V1/raw/MONASH/hf_MONASH_job929.root
SIGMAB_COUNTS tag=MONASH species=Sigma*_b0 pdg=5214 slice=all p=52 a=39 file=/data/alice/ipardoza/hadronization_production/HF_RUN3_V1/raw/MONASH/hf_MONASH_job929.root
SIGMAB_COUNTS tag=MONASH species=Sigma*_b0 pdg=5214 slice=eta_lt_1 p=9 a=4 file=/data/alice/ipardoza/hadronization_production/HF_RUN3_V1/raw/MONASH/hf_MONASH_job929.root
SIGMAB_COUNTS tag=MONASH species=Sigma*_b0 pdg=5214 slice=eta_1_2 p=7 a=12 file=/data/alice/ipardoza/hadronization_production/HF_RUN3_V1/raw/MONASH/hf_MONASH_job929.root
SIGMAB_COUNTS tag=MONASH species=Sigma*_b0 pdg=5214 slice=eta_ge_2 p=36 a=23 file=/data/alice/ipardoza/hadronization_production/HF_RUN3_V1/raw/MONASH/hf_MONASH_job929.root
SIGMAB_COUNTS tag=MONASH species=Sigma*_b- pdg=5114 slice=all p=49 a=45 file=/data/alice/ipardoza/hadronization_production/HF_RUN3_V1/raw/MONASH/hf_MONASH_job929.root
SIGMAB_COUNTS tag=MONASH species=Sigma*_b- pdg=5114 slice=eta_lt_1 p=5 a=12 file=/data/alice/ipardoza/hadronization_production/HF_RUN3_V1/raw/MONASH/hf_MONASH_job929.root
SIGMAB_COUNTS tag=MONASH species=Sigma*_b- pdg=5114 slice=eta_1_2 p=13 a=6 file=/data/alice/ipardoza/hadronization_production/HF_RUN3_V1/raw/MONASH/hf_MONASH_job929.root
SIGMAB_COUNTS tag=MONASH species=Sigma*_b- pdg=5114 slice=eta_ge_2 p=31 a=27 file=/data/alice/ipardoza/hadronization_production/HF_RUN3_V1/raw/MONASH/hf_MONASH_job929.root
SIGMAB_COUNTS tag=MONASH species=Lambda_b0 pdg=5122 slice=all p=325 a=300 file=/data/alice/ipardoza/hadronization_production/HF_RUN3_V1/raw/MONASH/hf_MONASH_job929.root
SIGMAB_COUNTS tag=MONASH species=Lambda_b0 pdg=5122 slice=eta_lt_1 p=57 a=73 file=/data/alice/ipardoza/hadronization_production/HF_RUN3_V1/raw/MONASH/hf_MONASH_job929.root
SIGMAB_COUNTS tag=MONASH species=Lambda_b0 pdg=5122 slice=eta_1_2 p=80 a=62 file=/data/alice/ipardoza/hadronization_production/HF_RUN3_V1/raw/MONASH/hf_MONASH_job929.root
SIGMAB_COUNTS tag=MONASH species=Lambda_b0 pdg=5122 slice=eta_ge_2 p=188 a=165 file=/data/alice/ipardoza/hadronization_production/HF_RUN3_V1/raw/MONASH/hf_MONASH_job929.root
SIGMAB_COUNTS tag=MONASH species=Xi_b0 pdg=5232 slice=all p=73 a=65 file=/data/alice/ipardoza/hadronization_production/HF_RUN3_V1/raw/MONASH/hf_MONASH_job929.root
SIGMAB_COUNTS tag=MONASH species=Xi_b0 pdg=5232 slice=eta_lt_1 p=14 a=13 file=/data/alice/ipardoza/hadronization_production/HF_RUN3_V1/raw/MONASH/hf_MONASH_job929.root
SIGMAB_COUNTS tag=MONASH species=Xi_b0 pdg=5232 slice=eta_1_2 p=16 a=15 file=/data/alice/ipardoza/hadronization_production/HF_RUN3_V1/raw/MONASH/hf_MONASH_job929.root
SIGMAB_COUNTS tag=MONASH species=Xi_b0 pdg=5232 slice=eta_ge_2 p=43 a=37 file=/data/alice/ipardoza/hadronization_production/HF_RUN3_V1/raw/MONASH/hf_MONASH_job929.root
SIGMAB_COUNTS tag=MONASH species=Xi_b- pdg=5132 slice=all p=56 a=52 file=/data/alice/ipardoza/hadronization_production/HF_RUN3_V1/raw/MONASH/hf_MONASH_job929.root
SIGMAB_COUNTS tag=MONASH species=Xi_b- pdg=5132 slice=eta_lt_1 p=11 a=9 file=/data/alice/ipardoza/hadronization_production/HF_RUN3_V1/raw/MONASH/hf_MONASH_job929.root
SIGMAB_COUNTS tag=MONASH species=Xi_b- pdg=5132 slice=eta_1_2 p=12 a=17 file=/data/alice/ipardoza/hadronization_production/HF_RUN3_V1/raw/MONASH/hf_MONASH_job929.root
SIGMAB_COUNTS tag=MONASH species=Xi_b- pdg=5132 slice=eta_ge_2 p=33 a=26 file=/data/alice/ipardoza/hadronization_production/HF_RUN3_V1/raw/MONASH/hf_MONASH_job929.root
SIGMAB_COUNTS tag=MONASH species=Sigma_b+ pdg=5222 slice=all p=53 a=15 file=/data/alice/ipardoza/hadronization_production/HF_RUN3_V1/raw/MONASH/hf_MONASH_job930.root
SIGMAB_COUNTS tag=MONASH species=Sigma_b+ pdg=5222 slice=eta_lt_1 p=7 a=3 file=/data/alice/ipardoza/hadronization_production/HF_RUN3_V1/raw/MONASH/hf_MONASH_job930.root
SIGMAB_COUNTS tag=MONASH species=Sigma_b+ pdg=5222 slice=eta_1_2 p=10 a=3 file=/data/alice/ipardoza/hadronization_production/HF_RUN3_V1/raw/MONASH/hf_MONASH_job930.root
SIGMAB_COUNTS tag=MONASH species=Sigma_b+ pdg=5222 slice=eta_ge_2 p=36 a=9 file=/data/alice/ipardoza/hadronization_production/HF_RUN3_V1/raw/MONASH/hf_MONASH_job930.root
SIGMAB_COUNTS tag=MONASH species=Sigma_b0 pdg=5212 slice=all p=40 a=22 file=/data/alice/ipardoza/hadronization_production/HF_RUN3_V1/raw/MONASH/hf_MONASH_job930.root
SIGMAB_COUNTS tag=MONASH species=Sigma_b0 pdg=5212 slice=eta_lt_1 p=6 a=5 file=/data/alice/ipardoza/hadronization_production/HF_RUN3_V1/raw/MONASH/hf_MONASH_job930.root
SIGMAB_COUNTS tag=MONASH species=Sigma_b0 pdg=5212 slice=eta_1_2 p=7 a=3 file=/data/alice/ipardoza/hadronization_production/HF_RUN3_V1/raw/MONASH/hf_MONASH_job930.root
SIGMAB_COUNTS tag=MONASH species=Sigma_b0 pdg=5212 slice=eta_ge_2 p=27 a=14 file=/data/alice/ipardoza/hadronization_production/HF_RUN3_V1/raw/MONASH/hf_MONASH_job930.root
SIGMAB_COUNTS tag=MONASH species=Sigma_b- pdg=5112 slice=all p=33 a=25 file=/data/alice/ipardoza/hadronization_production/HF_RUN3_V1/raw/MONASH/hf_MONASH_job930.root
SIGMAB_COUNTS tag=MONASH species=Sigma_b- pdg=5112 slice=eta_lt_1 p=7 a=9 file=/data/alice/ipardoza/hadronization_production/HF_RUN3_V1/raw/MONASH/hf_MONASH_job930.root
SIGMAB_COUNTS tag=MONASH species=Sigma_b- pdg=5112 slice=eta_1_2 p=2 a=4 file=/data/alice/ipardoza/hadronization_production/HF_RUN3_V1/raw/MONASH/hf_MONASH_job930.root
SIGMAB_COUNTS tag=MONASH species=Sigma_b- pdg=5112 slice=eta_ge_2 p=24 a=12 file=/data/alice/ipardoza/hadronization_production/HF_RUN3_V1/raw/MONASH/hf_MONASH_job930.root
SIGMAB_COUNTS tag=MONASH species=Sigma*_b+ pdg=5224 slice=all p=38 a=49 file=/data/alice/ipardoza/hadronization_production/HF_RUN3_V1/raw/MONASH/hf_MONASH_job930.root
SIGMAB_COUNTS tag=MONASH species=Sigma*_b+ pdg=5224 slice=eta_lt_1 p=5 a=7 file=/data/alice/ipardoza/hadronization_production/HF_RUN3_V1/raw/MONASH/hf_MONASH_job930.root
SIGMAB_COUNTS tag=MONASH species=Sigma*_b+ pdg=5224 slice=eta_1_2 p=10 a=11 file=/data/alice/ipardoza/hadronization_production/HF_RUN3_V1/raw/MONASH/hf_MONASH_job930.root
SIGMAB_COUNTS tag=MONASH species=Sigma*_b+ pdg=5224 slice=eta_ge_2 p=23 a=31 file=/data/alice/ipardoza/hadronization_production/HF_RUN3_V1/raw/MONASH/hf_MONASH_job930.root
SIGMAB_COUNTS tag=MONASH species=Sigma*_b0 pdg=5214 slice=all p=51 a=39 file=/data/alice/ipardoza/hadronization_production/HF_RUN3_V1/raw/MONASH/hf_MONASH_job930.root
SIGMAB_COUNTS tag=MONASH species=Sigma*_b0 pdg=5214 slice=eta_lt_1 p=7 a=8 file=/data/alice/ipardoza/hadronization_production/HF_RUN3_V1/raw/MONASH/hf_MONASH_job930.root
SIGMAB_COUNTS tag=MONASH species=Sigma*_b0 pdg=5214 slice=eta_1_2 p=11 a=4 file=/data/alice/ipardoza/hadronization_production/HF_RUN3_V1/raw/MONASH/hf_MONASH_job930.root
SIGMAB_COUNTS tag=MONASH species=Sigma*_b0 pdg=5214 slice=eta_ge_2 p=33 a=27 file=/data/alice/ipardoza/hadronization_production/HF_RUN3_V1/raw/MONASH/hf_MONASH_job930.root
SIGMAB_COUNTS tag=MONASH species=Sigma*_b- pdg=5114 slice=all p=55 a=45 file=/data/alice/ipardoza/hadronization_production/HF_RUN3_V1/raw/MONASH/hf_MONASH_job930.root
SIGMAB_COUNTS tag=MONASH species=Sigma*_b- pdg=5114 slice=eta_lt_1 p=7 a=11 file=/data/alice/ipardoza/hadronization_production/HF_RUN3_V1/raw/MONASH/hf_MONASH_job930.root
SIGMAB_COUNTS tag=MONASH species=Sigma*_b- pdg=5114 slice=eta_1_2 p=9 a=9 file=/data/alice/ipardoza/hadronization_production/HF_RUN3_V1/raw/MONASH/hf_MONASH_job930.root
SIGMAB_COUNTS tag=MONASH species=Sigma*_b- pdg=5114 slice=eta_ge_2 p=39 a=25 file=/data/alice/ipardoza/hadronization_production/HF_RUN3_V1/raw/MONASH/hf_MONASH_job930.root
SIGMAB_COUNTS tag=MONASH species=Lambda_b0 pdg=5122 slice=all p=301 a=285 file=/data/alice/ipardoza/hadronization_production/HF_RUN3_V1/raw/MONASH/hf_MONASH_job930.root
SIGMAB_COUNTS tag=MONASH species=Lambda_b0 pdg=5122 slice=eta_lt_1 p=56 a=57 file=/data/alice/ipardoza/hadronization_production/HF_RUN3_V1/raw/MONASH/hf_MONASH_job930.root
SIGMAB_COUNTS tag=MONASH species=Lambda_b0 pdg=5122 slice=eta_1_2 p=72 a=67 file=/data/alice/ipardoza/hadronization_production/HF_RUN3_V1/raw/MONASH/hf_MONASH_job930.root
SIGMAB_COUNTS tag=MONASH species=Lambda_b0 pdg=5122 slice=eta_ge_2 p=173 a=161 file=/data/alice/ipardoza/hadronization_production/HF_RUN3_V1/raw/MONASH/hf_MONASH_job930.root
SIGMAB_COUNTS tag=MONASH species=Xi_b0 pdg=5232 slice=all p=66 a=49 file=/data/alice/ipardoza/hadronization_production/HF_RUN3_V1/raw/MONASH/hf_MONASH_job930.root
SIGMAB_COUNTS tag=MONASH species=Xi_b0 pdg=5232 slice=eta_lt_1 p=14 a=8 file=/data/alice/ipardoza/hadronization_production/HF_RUN3_V1/raw/MONASH/hf_MONASH_job930.root
SIGMAB_COUNTS tag=MONASH species=Xi_b0 pdg=5232 slice=eta_1_2 p=13 a=13 file=/data/alice/ipardoza/hadronization_production/HF_RUN3_V1/raw/MONASH/hf_MONASH_job930.root
SIGMAB_COUNTS tag=MONASH species=Xi_b0 pdg=5232 slice=eta_ge_2 p=39 a=28 file=/data/alice/ipardoza/hadronization_production/HF_RUN3_V1/raw/MONASH/hf_MONASH_job930.root
SIGMAB_COUNTS tag=MONASH species=Xi_b- pdg=5132 slice=all p=55 a=64 file=/data/alice/ipardoza/hadronization_production/HF_RUN3_V1/raw/MONASH/hf_MONASH_job930.root
SIGMAB_COUNTS tag=MONASH species=Xi_b- pdg=5132 slice=eta_lt_1 p=7 a=12 file=/data/alice/ipardoza/hadronization_production/HF_RUN3_V1/raw/MONASH/hf_MONASH_job930.root
SIGMAB_COUNTS tag=MONASH species=Xi_b- pdg=5132 slice=eta_1_2 p=9 a=12 file=/data/alice/ipardoza/hadronization_production/HF_RUN3_V1/raw/MONASH/hf_MONASH_job930.root
SIGMAB_COUNTS tag=MONASH species=Xi_b- pdg=5132 slice=eta_ge_2 p=39 a=40 file=/data/alice/ipardoza/hadronization_production/HF_RUN3_V1/raw/MONASH/hf_MONASH_job930.root
SIGMAB_COUNTS tag=MONASH species=Sigma_b+ pdg=5222 slice=all p=40 a=20 file=/data/alice/ipardoza/hadronization_production/HF_RUN3_V1/raw/MONASH/hf_MONASH_job931.root
SIGMAB_COUNTS tag=MONASH species=Sigma_b+ pdg=5222 slice=eta_lt_1 p=4 a=2 file=/data/alice/ipardoza/hadronization_production/HF_RUN3_V1/raw/MONASH/hf_MONASH_job931.root
SIGMAB_COUNTS tag=MONASH species=Sigma_b+ pdg=5222 slice=eta_1_2 p=10 a=8 file=/data/alice/ipardoza/hadronization_production/HF_RUN3_V1/raw/MONASH/hf_MONASH_job931.root
SIGMAB_COUNTS tag=MONASH species=Sigma_b+ pdg=5222 slice=eta_ge_2 p=26 a=10 file=/data/alice/ipardoza/hadronization_production/HF_RUN3_V1/raw/MONASH/hf_MONASH_job931.root
SIGMAB_COUNTS tag=MONASH species=Sigma_b0 pdg=5212 slice=all p=42 a=23 file=/data/alice/ipardoza/hadronization_production/HF_RUN3_V1/raw/MONASH/hf_MONASH_job931.root
SIGMAB_COUNTS tag=MONASH species=Sigma_b0 pdg=5212 slice=eta_lt_1 p=9 a=4 file=/data/alice/ipardoza/hadronization_production/HF_RUN3_V1/raw/MONASH/hf_MONASH_job931.root
SIGMAB_COUNTS tag=MONASH species=Sigma_b0 pdg=5212 slice=eta_1_2 p=14 a=7 file=/data/alice/ipardoza/hadronization_production/HF_RUN3_V1/raw/MONASH/hf_MONASH_job931.root
SIGMAB_COUNTS tag=MONASH species=Sigma_b0 pdg=5212 slice=eta_ge_2 p=19 a=12 file=/data/alice/ipardoza/hadronization_production/HF_RUN3_V1/raw/MONASH/hf_MONASH_job931.root
SIGMAB_COUNTS tag=MONASH species=Sigma_b- pdg=5112 slice=all p=33 a=14 file=/data/alice/ipardoza/hadronization_production/HF_RUN3_V1/raw/MONASH/hf_MONASH_job931.root
SIGMAB_COUNTS tag=MONASH species=Sigma_b- pdg=5112 slice=eta_lt_1 p=8 a=3 file=/data/alice/ipardoza/hadronization_production/HF_RUN3_V1/raw/MONASH/hf_MONASH_job931.root
SIGMAB_COUNTS tag=MONASH species=Sigma_b- pdg=5112 slice=eta_1_2 p=5 a=2 file=/data/alice/ipardoza/hadronization_production/HF_RUN3_V1/raw/MONASH/hf_MONASH_job931.root
SIGMAB_COUNTS tag=MONASH species=Sigma_b- pdg=5112 slice=eta_ge_2 p=20 a=9 file=/data/alice/ipardoza/hadronization_production/HF_RUN3_V1/raw/MONASH/hf_MONASH_job931.root
SIGMAB_COUNTS tag=MONASH species=Sigma*_b+ pdg=5224 slice=all p=53 a=38 file=/data/alice/ipardoza/hadronization_production/HF_RUN3_V1/raw/MONASH/hf_MONASH_job931.root
SIGMAB_COUNTS tag=MONASH species=Sigma*_b+ pdg=5224 slice=eta_lt_1 p=8 a=4 file=/data/alice/ipardoza/hadronization_production/HF_RUN3_V1/raw/MONASH/hf_MONASH_job931.root
SIGMAB_COUNTS tag=MONASH species=Sigma*_b+ pdg=5224 slice=eta_1_2 p=12 a=10 file=/data/alice/ipardoza/hadronization_production/HF_RUN3_V1/raw/MONASH/hf_MONASH_job931.root
SIGMAB_COUNTS tag=MONASH species=Sigma*_b+ pdg=5224 slice=eta_ge_2 p=33 a=24 file=/data/alice/ipardoza/hadronization_production/HF_RUN3_V1/raw/MONASH/hf_MONASH_job931.root
SIGMAB_COUNTS tag=MONASH species=Sigma*_b0 pdg=5214 slice=all p=46 a=32 file=/data/alice/ipardoza/hadronization_production/HF_RUN3_V1/raw/MONASH/hf_MONASH_job931.root
SIGMAB_COUNTS tag=MONASH species=Sigma*_b0 pdg=5214 slice=eta_lt_1 p=11 a=9 file=/data/alice/ipardoza/hadronization_production/HF_RUN3_V1/raw/MONASH/hf_MONASH_job931.root
SIGMAB_COUNTS tag=MONASH species=Sigma*_b0 pdg=5214 slice=eta_1_2 p=9 a=4 file=/data/alice/ipardoza/hadronization_production/HF_RUN3_V1/raw/MONASH/hf_MONASH_job931.root
SIGMAB_COUNTS tag=MONASH species=Sigma*_b0 pdg=5214 slice=eta_ge_2 p=26 a=19 file=/data/alice/ipardoza/hadronization_production/HF_RUN3_V1/raw/MONASH/hf_MONASH_job931.root
SIGMAB_COUNTS tag=MONASH species=Sigma*_b- pdg=5114 slice=all p=50 a=44 file=/data/alice/ipardoza/hadronization_production/HF_RUN3_V1/raw/MONASH/hf_MONASH_job931.root
SIGMAB_COUNTS tag=MONASH species=Sigma*_b- pdg=5114 slice=eta_lt_1 p=11 a=7 file=/data/alice/ipardoza/hadronization_production/HF_RUN3_V1/raw/MONASH/hf_MONASH_job931.root
SIGMAB_COUNTS tag=MONASH species=Sigma*_b- pdg=5114 slice=eta_1_2 p=7 a=12 file=/data/alice/ipardoza/hadronization_production/HF_RUN3_V1/raw/MONASH/hf_MONASH_job931.root
SIGMAB_COUNTS tag=MONASH species=Sigma*_b- pdg=5114 slice=eta_ge_2 p=32 a=25 file=/data/alice/ipardoza/hadronization_production/HF_RUN3_V1/raw/MONASH/hf_MONASH_job931.root
SIGMAB_COUNTS tag=MONASH species=Lambda_b0 pdg=5122 slice=all p=322 a=293 file=/data/alice/ipardoza/hadronization_production/HF_RUN3_V1/raw/MONASH/hf_MONASH_job931.root
SIGMAB_COUNTS tag=MONASH species=Lambda_b0 pdg=5122 slice=eta_lt_1 p=61 a=62 file=/data/alice/ipardoza/hadronization_production/HF_RUN3_V1/raw/MONASH/hf_MONASH_job931.root
SIGMAB_COUNTS tag=MONASH species=Lambda_b0 pdg=5122 slice=eta_1_2 p=72 a=63 file=/data/alice/ipardoza/hadronization_production/HF_RUN3_V1/raw/MONASH/hf_MONASH_job931.root
SIGMAB_COUNTS tag=MONASH species=Lambda_b0 pdg=5122 slice=eta_ge_2 p=189 a=168 file=/data/alice/ipardoza/hadronization_production/HF_RUN3_V1/raw/MONASH/hf_MONASH_job931.root
SIGMAB_COUNTS tag=MONASH species=Xi_b0 pdg=5232 slice=all p=60 a=59 file=/data/alice/ipardoza/hadronization_production/HF_RUN3_V1/raw/MONASH/hf_MONASH_job931.root
SIGMAB_COUNTS tag=MONASH species=Xi_b0 pdg=5232 slice=eta_lt_1 p=5 a=11 file=/data/alice/ipardoza/hadronization_production/HF_RUN3_V1/raw/MONASH/hf_MONASH_job931.root
SIGMAB_COUNTS tag=MONASH species=Xi_b0 pdg=5232 slice=eta_1_2 p=15 a=13 file=/data/alice/ipardoza/hadronization_production/HF_RUN3_V1/raw/MONASH/hf_MONASH_job931.root
SIGMAB_COUNTS tag=MONASH species=Xi_b0 pdg=5232 slice=eta_ge_2 p=40 a=35 file=/data/alice/ipardoza/hadronization_production/HF_RUN3_V1/raw/MONASH/hf_MONASH_job931.root
SIGMAB_COUNTS tag=MONASH species=Xi_b- pdg=5132 slice=all p=52 a=53 file=/data/alice/ipardoza/hadronization_production/HF_RUN3_V1/raw/MONASH/hf_MONASH_job931.root
SIGMAB_COUNTS tag=MONASH species=Xi_b- pdg=5132 slice=eta_lt_1 p=10 a=8 file=/data/alice/ipardoza/hadronization_production/HF_RUN3_V1/raw/MONASH/hf_MONASH_job931.root
SIGMAB_COUNTS tag=MONASH species=Xi_b- pdg=5132 slice=eta_1_2 p=12 a=11 file=/data/alice/ipardoza/hadronization_production/HF_RUN3_V1/raw/MONASH/hf_MONASH_job931.root
SIGMAB_COUNTS tag=MONASH species=Xi_b- pdg=5132 slice=eta_ge_2 p=30 a=34 file=/data/alice/ipardoza/hadronization_production/HF_RUN3_V1/raw/MONASH/hf_MONASH_job931.root
SIGMAB_COUNTS tag=MONASH species=Sigma_b+ pdg=5222 slice=all p=31 a=16 file=/data/alice/ipardoza/hadronization_production/HF_RUN3_V1/raw/MONASH/hf_MONASH_job932.root
SIGMAB_COUNTS tag=MONASH species=Sigma_b+ pdg=5222 slice=eta_lt_1 p=3 a=3 file=/data/alice/ipardoza/hadronization_production/HF_RUN3_V1/raw/MONASH/hf_MONASH_job932.root
SIGMAB_COUNTS tag=MONASH species=Sigma_b+ pdg=5222 slice=eta_1_2 p=7 a=3 file=/data/alice/ipardoza/hadronization_production/HF_RUN3_V1/raw/MONASH/hf_MONASH_job932.root
SIGMAB_COUNTS tag=MONASH species=Sigma_b+ pdg=5222 slice=eta_ge_2 p=21 a=10 file=/data/alice/ipardoza/hadronization_production/HF_RUN3_V1/raw/MONASH/hf_MONASH_job932.root
SIGMAB_COUNTS tag=MONASH species=Sigma_b0 pdg=5212 slice=all p=33 a=22 file=/data/alice/ipardoza/hadronization_production/HF_RUN3_V1/raw/MONASH/hf_MONASH_job932.root
SIGMAB_COUNTS tag=MONASH species=Sigma_b0 pdg=5212 slice=eta_lt_1 p=1 a=0 file=/data/alice/ipardoza/hadronization_production/HF_RUN3_V1/raw/MONASH/hf_MONASH_job932.root
SIGMAB_COUNTS tag=MONASH species=Sigma_b0 pdg=5212 slice=eta_1_2 p=7 a=6 file=/data/alice/ipardoza/hadronization_production/HF_RUN3_V1/raw/MONASH/hf_MONASH_job932.root
SIGMAB_COUNTS tag=MONASH species=Sigma_b0 pdg=5212 slice=eta_ge_2 p=25 a=16 file=/data/alice/ipardoza/hadronization_production/HF_RUN3_V1/raw/MONASH/hf_MONASH_job932.root
SIGMAB_COUNTS tag=MONASH species=Sigma_b- pdg=5112 slice=all p=28 a=27 file=/data/alice/ipardoza/hadronization_production/HF_RUN3_V1/raw/MONASH/hf_MONASH_job932.root
SIGMAB_COUNTS tag=MONASH species=Sigma_b- pdg=5112 slice=eta_lt_1 p=5 a=3 file=/data/alice/ipardoza/hadronization_production/HF_RUN3_V1/raw/MONASH/hf_MONASH_job932.root
SIGMAB_COUNTS tag=MONASH species=Sigma_b- pdg=5112 slice=eta_1_2 p=6 a=6 file=/data/alice/ipardoza/hadronization_production/HF_RUN3_V1/raw/MONASH/hf_MONASH_job932.root
SIGMAB_COUNTS tag=MONASH species=Sigma_b- pdg=5112 slice=eta_ge_2 p=17 a=18 file=/data/alice/ipardoza/hadronization_production/HF_RUN3_V1/raw/MONASH/hf_MONASH_job932.root
SIGMAB_COUNTS tag=MONASH species=Sigma*_b+ pdg=5224 slice=all p=71 a=42 file=/data/alice/ipardoza/hadronization_production/HF_RUN3_V1/raw/MONASH/hf_MONASH_job932.root
SIGMAB_COUNTS tag=MONASH species=Sigma*_b+ pdg=5224 slice=eta_lt_1 p=15 a=8 file=/data/alice/ipardoza/hadronization_production/HF_RUN3_V1/raw/MONASH/hf_MONASH_job932.root
SIGMAB_COUNTS tag=MONASH species=Sigma*_b+ pdg=5224 slice=eta_1_2 p=14 a=8 file=/data/alice/ipardoza/hadronization_production/HF_RUN3_V1/raw/MONASH/hf_MONASH_job932.root
SIGMAB_COUNTS tag=MONASH species=Sigma*_b+ pdg=5224 slice=eta_ge_2 p=42 a=26 file=/data/alice/ipardoza/hadronization_production/HF_RUN3_V1/raw/MONASH/hf_MONASH_job932.root
SIGMAB_COUNTS tag=MONASH species=Sigma*_b0 pdg=5214 slice=all p=44 a=44 file=/data/alice/ipardoza/hadronization_production/HF_RUN3_V1/raw/MONASH/hf_MONASH_job932.root
SIGMAB_COUNTS tag=MONASH species=Sigma*_b0 pdg=5214 slice=eta_lt_1 p=10 a=9 file=/data/alice/ipardoza/hadronization_production/HF_RUN3_V1/raw/MONASH/hf_MONASH_job932.root
SIGMAB_COUNTS tag=MONASH species=Sigma*_b0 pdg=5214 slice=eta_1_2 p=10 a=7 file=/data/alice/ipardoza/hadronization_production/HF_RUN3_V1/raw/MONASH/hf_MONASH_job932.root
SIGMAB_COUNTS tag=MONASH species=Sigma*_b0 pdg=5214 slice=eta_ge_2 p=24 a=28 file=/data/alice/ipardoza/hadronization_production/HF_RUN3_V1/raw/MONASH/hf_MONASH_job932.root
SIGMAB_COUNTS tag=MONASH species=Sigma*_b- pdg=5114 slice=all p=47 a=42 file=/data/alice/ipardoza/hadronization_production/HF_RUN3_V1/raw/MONASH/hf_MONASH_job932.root
SIGMAB_COUNTS tag=MONASH species=Sigma*_b- pdg=5114 slice=eta_lt_1 p=8 a=9 file=/data/alice/ipardoza/hadronization_production/HF_RUN3_V1/raw/MONASH/hf_MONASH_job932.root
SIGMAB_COUNTS tag=MONASH species=Sigma*_b- pdg=5114 slice=eta_1_2 p=11 a=12 file=/data/alice/ipardoza/hadronization_production/HF_RUN3_V1/raw/MONASH/hf_MONASH_job932.root
SIGMAB_COUNTS tag=MONASH species=Sigma*_b- pdg=5114 slice=eta_ge_2 p=28 a=21 file=/data/alice/ipardoza/hadronization_production/HF_RUN3_V1/raw/MONASH/hf_MONASH_job932.root
SIGMAB_COUNTS tag=MONASH species=Lambda_b0 pdg=5122 slice=all p=291 a=291 file=/data/alice/ipardoza/hadronization_production/HF_RUN3_V1/raw/MONASH/hf_MONASH_job932.root
SIGMAB_COUNTS tag=MONASH species=Lambda_b0 pdg=5122 slice=eta_lt_1 p=66 a=55 file=/data/alice/ipardoza/hadronization_production/HF_RUN3_V1/raw/MONASH/hf_MONASH_job932.root
SIGMAB_COUNTS tag=MONASH species=Lambda_b0 pdg=5122 slice=eta_1_2 p=64 a=60 file=/data/alice/ipardoza/hadronization_production/HF_RUN3_V1/raw/MONASH/hf_MONASH_job932.root
SIGMAB_COUNTS tag=MONASH species=Lambda_b0 pdg=5122 slice=eta_ge_2 p=161 a=176 file=/data/alice/ipardoza/hadronization_production/HF_RUN3_V1/raw/MONASH/hf_MONASH_job932.root
SIGMAB_COUNTS tag=MONASH species=Xi_b0 pdg=5232 slice=all p=54 a=59 file=/data/alice/ipardoza/hadronization_production/HF_RUN3_V1/raw/MONASH/hf_MONASH_job932.root
SIGMAB_COUNTS tag=MONASH species=Xi_b0 pdg=5232 slice=eta_lt_1 p=9 a=10 file=/data/alice/ipardoza/hadronization_production/HF_RUN3_V1/raw/MONASH/hf_MONASH_job932.root
SIGMAB_COUNTS tag=MONASH species=Xi_b0 pdg=5232 slice=eta_1_2 p=21 a=17 file=/data/alice/ipardoza/hadronization_production/HF_RUN3_V1/raw/MONASH/hf_MONASH_job932.root
SIGMAB_COUNTS tag=MONASH species=Xi_b0 pdg=5232 slice=eta_ge_2 p=24 a=32 file=/data/alice/ipardoza/hadronization_production/HF_RUN3_V1/raw/MONASH/hf_MONASH_job932.root
SIGMAB_COUNTS tag=MONASH species=Xi_b- pdg=5132 slice=all p=61 a=49 file=/data/alice/ipardoza/hadronization_production/HF_RUN3_V1/raw/MONASH/hf_MONASH_job932.root
SIGMAB_COUNTS tag=MONASH species=Xi_b- pdg=5132 slice=eta_lt_1 p=8 a=4 file=/data/alice/ipardoza/hadronization_production/HF_RUN3_V1/raw/MONASH/hf_MONASH_job932.root
SIGMAB_COUNTS tag=MONASH species=Xi_b- pdg=5132 slice=eta_1_2 p=10 a=14 file=/data/alice/ipardoza/hadronization_production/HF_RUN3_V1/raw/MONASH/hf_MONASH_job932.root
SIGMAB_COUNTS tag=MONASH species=Xi_b- pdg=5132 slice=eta_ge_2 p=43 a=31 file=/data/alice/ipardoza/hadronization_production/HF_RUN3_V1/raw/MONASH/hf_MONASH_job932.root
SIGMAB_COUNTS tag=MONASH species=Sigma_b+ pdg=5222 slice=all p=35 a=14 file=/data/alice/ipardoza/hadronization_production/HF_RUN3_V1/raw/MONASH/hf_MONASH_job933.root
SIGMAB_COUNTS tag=MONASH species=Sigma_b+ pdg=5222 slice=eta_lt_1 p=6 a=2 file=/data/alice/ipardoza/hadronization_production/HF_RUN3_V1/raw/MONASH/hf_MONASH_job933.root
SIGMAB_COUNTS tag=MONASH species=Sigma_b+ pdg=5222 slice=eta_1_2 p=11 a=3 file=/data/alice/ipardoza/hadronization_production/HF_RUN3_V1/raw/MONASH/hf_MONASH_job933.root
SIGMAB_COUNTS tag=MONASH species=Sigma_b+ pdg=5222 slice=eta_ge_2 p=18 a=9 file=/data/alice/ipardoza/hadronization_production/HF_RUN3_V1/raw/MONASH/hf_MONASH_job933.root
SIGMAB_COUNTS tag=MONASH species=Sigma_b0 pdg=5212 slice=all p=28 a=17 file=/data/alice/ipardoza/hadronization_production/HF_RUN3_V1/raw/MONASH/hf_MONASH_job933.root
SIGMAB_COUNTS tag=MONASH species=Sigma_b0 pdg=5212 slice=eta_lt_1 p=5 a=3 file=/data/alice/ipardoza/hadronization_production/HF_RUN3_V1/raw/MONASH/hf_MONASH_job933.root
SIGMAB_COUNTS tag=MONASH species=Sigma_b0 pdg=5212 slice=eta_1_2 p=5 a=3 file=/data/alice/ipardoza/hadronization_production/HF_RUN3_V1/raw/MONASH/hf_MONASH_job933.root
SIGMAB_COUNTS tag=MONASH species=Sigma_b0 pdg=5212 slice=eta_ge_2 p=18 a=11 file=/data/alice/ipardoza/hadronization_production/HF_RUN3_V1/raw/MONASH/hf_MONASH_job933.root
SIGMAB_COUNTS tag=MONASH species=Sigma_b- pdg=5112 slice=all p=34 a=24 file=/data/alice/ipardoza/hadronization_production/HF_RUN3_V1/raw/MONASH/hf_MONASH_job933.root
SIGMAB_COUNTS tag=MONASH species=Sigma_b- pdg=5112 slice=eta_lt_1 p=5 a=4 file=/data/alice/ipardoza/hadronization_production/HF_RUN3_V1/raw/MONASH/hf_MONASH_job933.root
SIGMAB_COUNTS tag=MONASH species=Sigma_b- pdg=5112 slice=eta_1_2 p=4 a=9 file=/data/alice/ipardoza/hadronization_production/HF_RUN3_V1/raw/MONASH/hf_MONASH_job933.root
SIGMAB_COUNTS tag=MONASH species=Sigma_b- pdg=5112 slice=eta_ge_2 p=25 a=11 file=/data/alice/ipardoza/hadronization_production/HF_RUN3_V1/raw/MONASH/hf_MONASH_job933.root
SIGMAB_COUNTS tag=MONASH species=Sigma*_b+ pdg=5224 slice=all p=55 a=37 file=/data/alice/ipardoza/hadronization_production/HF_RUN3_V1/raw/MONASH/hf_MONASH_job933.root
SIGMAB_COUNTS tag=MONASH species=Sigma*_b+ pdg=5224 slice=eta_lt_1 p=6 a=9 file=/data/alice/ipardoza/hadronization_production/HF_RUN3_V1/raw/MONASH/hf_MONASH_job933.root
SIGMAB_COUNTS tag=MONASH species=Sigma*_b+ pdg=5224 slice=eta_1_2 p=13 a=5 file=/data/alice/ipardoza/hadronization_production/HF_RUN3_V1/raw/MONASH/hf_MONASH_job933.root
SIGMAB_COUNTS tag=MONASH species=Sigma*_b+ pdg=5224 slice=eta_ge_2 p=36 a=23 file=/data/alice/ipardoza/hadronization_production/HF_RUN3_V1/raw/MONASH/hf_MONASH_job933.root
SIGMAB_COUNTS tag=MONASH species=Sigma*_b0 pdg=5214 slice=all p=55 a=33 file=/data/alice/ipardoza/hadronization_production/HF_RUN3_V1/raw/MONASH/hf_MONASH_job933.root
SIGMAB_COUNTS tag=MONASH species=Sigma*_b0 pdg=5214 slice=eta_lt_1 p=11 a=5 file=/data/alice/ipardoza/hadronization_production/HF_RUN3_V1/raw/MONASH/hf_MONASH_job933.root
SIGMAB_COUNTS tag=MONASH species=Sigma*_b0 pdg=5214 slice=eta_1_2 p=7 a=6 file=/data/alice/ipardoza/hadronization_production/HF_RUN3_V1/raw/MONASH/hf_MONASH_job933.root
SIGMAB_COUNTS tag=MONASH species=Sigma*_b0 pdg=5214 slice=eta_ge_2 p=37 a=22 file=/data/alice/ipardoza/hadronization_production/HF_RUN3_V1/raw/MONASH/hf_MONASH_job933.root
SIGMAB_COUNTS tag=MONASH species=Sigma*_b- pdg=5114 slice=all p=48 a=45 file=/data/alice/ipardoza/hadronization_production/HF_RUN3_V1/raw/MONASH/hf_MONASH_job933.root
SIGMAB_COUNTS tag=MONASH species=Sigma*_b- pdg=5114 slice=eta_lt_1 p=6 a=6 file=/data/alice/ipardoza/hadronization_production/HF_RUN3_V1/raw/MONASH/hf_MONASH_job933.root
SIGMAB_COUNTS tag=MONASH species=Sigma*_b- pdg=5114 slice=eta_1_2 p=12 a=8 file=/data/alice/ipardoza/hadronization_production/HF_RUN3_V1/raw/MONASH/hf_MONASH_job933.root
SIGMAB_COUNTS tag=MONASH species=Sigma*_b- pdg=5114 slice=eta_ge_2 p=30 a=31 file=/data/alice/ipardoza/hadronization_production/HF_RUN3_V1/raw/MONASH/hf_MONASH_job933.root
SIGMAB_COUNTS tag=MONASH species=Lambda_b0 pdg=5122 slice=all p=295 a=311 file=/data/alice/ipardoza/hadronization_production/HF_RUN3_V1/raw/MONASH/hf_MONASH_job933.root
SIGMAB_COUNTS tag=MONASH species=Lambda_b0 pdg=5122 slice=eta_lt_1 p=55 a=68 file=/data/alice/ipardoza/hadronization_production/HF_RUN3_V1/raw/MONASH/hf_MONASH_job933.root
SIGMAB_COUNTS tag=MONASH species=Lambda_b0 pdg=5122 slice=eta_1_2 p=55 a=64 file=/data/alice/ipardoza/hadronization_production/HF_RUN3_V1/raw/MONASH/hf_MONASH_job933.root
SIGMAB_COUNTS tag=MONASH species=Lambda_b0 pdg=5122 slice=eta_ge_2 p=185 a=179 file=/data/alice/ipardoza/hadronization_production/HF_RUN3_V1/raw/MONASH/hf_MONASH_job933.root
SIGMAB_COUNTS tag=MONASH species=Xi_b0 pdg=5232 slice=all p=71 a=58 file=/data/alice/ipardoza/hadronization_production/HF_RUN3_V1/raw/MONASH/hf_MONASH_job933.root
SIGMAB_COUNTS tag=MONASH species=Xi_b0 pdg=5232 slice=eta_lt_1 p=8 a=11 file=/data/alice/ipardoza/hadronization_production/HF_RUN3_V1/raw/MONASH/hf_MONASH_job933.root
SIGMAB_COUNTS tag=MONASH species=Xi_b0 pdg=5232 slice=eta_1_2 p=13 a=18 file=/data/alice/ipardoza/hadronization_production/HF_RUN3_V1/raw/MONASH/hf_MONASH_job933.root
SIGMAB_COUNTS tag=MONASH species=Xi_b0 pdg=5232 slice=eta_ge_2 p=50 a=29 file=/data/alice/ipardoza/hadronization_production/HF_RUN3_V1/raw/MONASH/hf_MONASH_job933.root
SIGMAB_COUNTS tag=MONASH species=Xi_b- pdg=5132 slice=all p=60 a=59 file=/data/alice/ipardoza/hadronization_production/HF_RUN3_V1/raw/MONASH/hf_MONASH_job933.root
SIGMAB_COUNTS tag=MONASH species=Xi_b- pdg=5132 slice=eta_lt_1 p=9 a=13 file=/data/alice/ipardoza/hadronization_production/HF_RUN3_V1/raw/MONASH/hf_MONASH_job933.root
SIGMAB_COUNTS tag=MONASH species=Xi_b- pdg=5132 slice=eta_1_2 p=12 a=22 file=/data/alice/ipardoza/hadronization_production/HF_RUN3_V1/raw/MONASH/hf_MONASH_job933.root
SIGMAB_COUNTS tag=MONASH species=Xi_b- pdg=5132 slice=eta_ge_2 p=39 a=24 file=/data/alice/ipardoza/hadronization_production/HF_RUN3_V1/raw/MONASH/hf_MONASH_job933.root
SIGMAB_COUNTS tag=MONASH species=Sigma_b+ pdg=5222 slice=all p=31 a=23 file=/data/alice/ipardoza/hadronization_production/HF_RUN3_V1/raw/MONASH/hf_MONASH_job934.root
SIGMAB_COUNTS tag=MONASH species=Sigma_b+ pdg=5222 slice=eta_lt_1 p=6 a=10 file=/data/alice/ipardoza/hadronization_production/HF_RUN3_V1/raw/MONASH/hf_MONASH_job934.root
SIGMAB_COUNTS tag=MONASH species=Sigma_b+ pdg=5222 slice=eta_1_2 p=6 a=3 file=/data/alice/ipardoza/hadronization_production/HF_RUN3_V1/raw/MONASH/hf_MONASH_job934.root
SIGMAB_COUNTS tag=MONASH species=Sigma_b+ pdg=5222 slice=eta_ge_2 p=19 a=10 file=/data/alice/ipardoza/hadronization_production/HF_RUN3_V1/raw/MONASH/hf_MONASH_job934.root
SIGMAB_COUNTS tag=MONASH species=Sigma_b0 pdg=5212 slice=all p=42 a=28 file=/data/alice/ipardoza/hadronization_production/HF_RUN3_V1/raw/MONASH/hf_MONASH_job934.root
SIGMAB_COUNTS tag=MONASH species=Sigma_b0 pdg=5212 slice=eta_lt_1 p=3 a=5 file=/data/alice/ipardoza/hadronization_production/HF_RUN3_V1/raw/MONASH/hf_MONASH_job934.root
SIGMAB_COUNTS tag=MONASH species=Sigma_b0 pdg=5212 slice=eta_1_2 p=8 a=5 file=/data/alice/ipardoza/hadronization_production/HF_RUN3_V1/raw/MONASH/hf_MONASH_job934.root
SIGMAB_COUNTS tag=MONASH species=Sigma_b0 pdg=5212 slice=eta_ge_2 p=31 a=18 file=/data/alice/ipardoza/hadronization_production/HF_RUN3_V1/raw/MONASH/hf_MONASH_job934.root
SIGMAB_COUNTS tag=MONASH species=Sigma_b- pdg=5112 slice=all p=27 a=10 file=/data/alice/ipardoza/hadronization_production/HF_RUN3_V1/raw/MONASH/hf_MONASH_job934.root
SIGMAB_COUNTS tag=MONASH species=Sigma_b- pdg=5112 slice=eta_lt_1 p=3 a=4 file=/data/alice/ipardoza/hadronization_production/HF_RUN3_V1/raw/MONASH/hf_MONASH_job934.root
SIGMAB_COUNTS tag=MONASH species=Sigma_b- pdg=5112 slice=eta_1_2 p=8 a=0 file=/data/alice/ipardoza/hadronization_production/HF_RUN3_V1/raw/MONASH/hf_MONASH_job934.root
SIGMAB_COUNTS tag=MONASH species=Sigma_b- pdg=5112 slice=eta_ge_2 p=16 a=6 file=/data/alice/ipardoza/hadronization_production/HF_RUN3_V1/raw/MONASH/hf_MONASH_job934.root
SIGMAB_COUNTS tag=MONASH species=Sigma*_b+ pdg=5224 slice=all p=63 a=37 file=/data/alice/ipardoza/hadronization_production/HF_RUN3_V1/raw/MONASH/hf_MONASH_job934.root
SIGMAB_COUNTS tag=MONASH species=Sigma*_b+ pdg=5224 slice=eta_lt_1 p=9 a=6 file=/data/alice/ipardoza/hadronization_production/HF_RUN3_V1/raw/MONASH/hf_MONASH_job934.root
SIGMAB_COUNTS tag=MONASH species=Sigma*_b+ pdg=5224 slice=eta_1_2 p=20 a=4 file=/data/alice/ipardoza/hadronization_production/HF_RUN3_V1/raw/MONASH/hf_MONASH_job934.root
SIGMAB_COUNTS tag=MONASH species=Sigma*_b+ pdg=5224 slice=eta_ge_2 p=34 a=27 file=/data/alice/ipardoza/hadronization_production/HF_RUN3_V1/raw/MONASH/hf_MONASH_job934.root
SIGMAB_COUNTS tag=MONASH species=Sigma*_b0 pdg=5214 slice=all p=49 a=38 file=/data/alice/ipardoza/hadronization_production/HF_RUN3_V1/raw/MONASH/hf_MONASH_job934.root
SIGMAB_COUNTS tag=MONASH species=Sigma*_b0 pdg=5214 slice=eta_lt_1 p=7 a=9 file=/data/alice/ipardoza/hadronization_production/HF_RUN3_V1/raw/MONASH/hf_MONASH_job934.root
SIGMAB_COUNTS tag=MONASH species=Sigma*_b0 pdg=5214 slice=eta_1_2 p=14 a=6 file=/data/alice/ipardoza/hadronization_production/HF_RUN3_V1/raw/MONASH/hf_MONASH_job934.root
SIGMAB_COUNTS tag=MONASH species=Sigma*_b0 pdg=5214 slice=eta_ge_2 p=28 a=23 file=/data/alice/ipardoza/hadronization_production/HF_RUN3_V1/raw/MONASH/hf_MONASH_job934.root
SIGMAB_COUNTS tag=MONASH species=Sigma*_b- pdg=5114 slice=all p=47 a=54 file=/data/alice/ipardoza/hadronization_production/HF_RUN3_V1/raw/MONASH/hf_MONASH_job934.root
SIGMAB_COUNTS tag=MONASH species=Sigma*_b- pdg=5114 slice=eta_lt_1 p=7 a=13 file=/data/alice/ipardoza/hadronization_production/HF_RUN3_V1/raw/MONASH/hf_MONASH_job934.root
SIGMAB_COUNTS tag=MONASH species=Sigma*_b- pdg=5114 slice=eta_1_2 p=7 a=13 file=/data/alice/ipardoza/hadronization_production/HF_RUN3_V1/raw/MONASH/hf_MONASH_job934.root
SIGMAB_COUNTS tag=MONASH species=Sigma*_b- pdg=5114 slice=eta_ge_2 p=33 a=28 file=/data/alice/ipardoza/hadronization_production/HF_RUN3_V1/raw/MONASH/hf_MONASH_job934.root
SIGMAB_COUNTS tag=MONASH species=Lambda_b0 pdg=5122 slice=all p=305 a=324 file=/data/alice/ipardoza/hadronization_production/HF_RUN3_V1/raw/MONASH/hf_MONASH_job934.root
SIGMAB_COUNTS tag=MONASH species=Lambda_b0 pdg=5122 slice=eta_lt_1 p=52 a=72 file=/data/alice/ipardoza/hadronization_production/HF_RUN3_V1/raw/MONASH/hf_MONASH_job934.root
SIGMAB_COUNTS tag=MONASH species=Lambda_b0 pdg=5122 slice=eta_1_2 p=71 a=65 file=/data/alice/ipardoza/hadronization_production/HF_RUN3_V1/raw/MONASH/hf_MONASH_job934.root
SIGMAB_COUNTS tag=MONASH species=Lambda_b0 pdg=5122 slice=eta_ge_2 p=182 a=187 file=/data/alice/ipardoza/hadronization_production/HF_RUN3_V1/raw/MONASH/hf_MONASH_job934.root
SIGMAB_COUNTS tag=MONASH species=Xi_b0 pdg=5232 slice=all p=61 a=55 file=/data/alice/ipardoza/hadronization_production/HF_RUN3_V1/raw/MONASH/hf_MONASH_job934.root
SIGMAB_COUNTS tag=MONASH species=Xi_b0 pdg=5232 slice=eta_lt_1 p=13 a=13 file=/data/alice/ipardoza/hadronization_production/HF_RUN3_V1/raw/MONASH/hf_MONASH_job934.root
SIGMAB_COUNTS tag=MONASH species=Xi_b0 pdg=5232 slice=eta_1_2 p=9 a=13 file=/data/alice/ipardoza/hadronization_production/HF_RUN3_V1/raw/MONASH/hf_MONASH_job934.root
SIGMAB_COUNTS tag=MONASH species=Xi_b0 pdg=5232 slice=eta_ge_2 p=39 a=29 file=/data/alice/ipardoza/hadronization_production/HF_RUN3_V1/raw/MONASH/hf_MONASH_job934.root
SIGMAB_COUNTS tag=MONASH species=Xi_b- pdg=5132 slice=all p=40 a=62 file=/data/alice/ipardoza/hadronization_production/HF_RUN3_V1/raw/MONASH/hf_MONASH_job934.root
SIGMAB_COUNTS tag=MONASH species=Xi_b- pdg=5132 slice=eta_lt_1 p=7 a=13 file=/data/alice/ipardoza/hadronization_production/HF_RUN3_V1/raw/MONASH/hf_MONASH_job934.root
SIGMAB_COUNTS tag=MONASH species=Xi_b- pdg=5132 slice=eta_1_2 p=9 a=14 file=/data/alice/ipardoza/hadronization_production/HF_RUN3_V1/raw/MONASH/hf_MONASH_job934.root
SIGMAB_COUNTS tag=MONASH species=Xi_b- pdg=5132 slice=eta_ge_2 p=24 a=35 file=/data/alice/ipardoza/hadronization_production/HF_RUN3_V1/raw/MONASH/hf_MONASH_job934.root
SIGMAB_COUNTS tag=MONASH species=Sigma_b+ pdg=5222 slice=all p=21 a=17 file=/data/alice/ipardoza/hadronization_production/HF_RUN3_V1/raw/MONASH/hf_MONASH_job935.root
SIGMAB_COUNTS tag=MONASH species=Sigma_b+ pdg=5222 slice=eta_lt_1 p=2 a=4 file=/data/alice/ipardoza/hadronization_production/HF_RUN3_V1/raw/MONASH/hf_MONASH_job935.root
SIGMAB_COUNTS tag=MONASH species=Sigma_b+ pdg=5222 slice=eta_1_2 p=7 a=7 file=/data/alice/ipardoza/hadronization_production/HF_RUN3_V1/raw/MONASH/hf_MONASH_job935.root
SIGMAB_COUNTS tag=MONASH species=Sigma_b+ pdg=5222 slice=eta_ge_2 p=12 a=6 file=/data/alice/ipardoza/hadronization_production/HF_RUN3_V1/raw/MONASH/hf_MONASH_job935.root
SIGMAB_COUNTS tag=MONASH species=Sigma_b0 pdg=5212 slice=all p=35 a=23 file=/data/alice/ipardoza/hadronization_production/HF_RUN3_V1/raw/MONASH/hf_MONASH_job935.root
SIGMAB_COUNTS tag=MONASH species=Sigma_b0 pdg=5212 slice=eta_lt_1 p=7 a=5 file=/data/alice/ipardoza/hadronization_production/HF_RUN3_V1/raw/MONASH/hf_MONASH_job935.root
SIGMAB_COUNTS tag=MONASH species=Sigma_b0 pdg=5212 slice=eta_1_2 p=9 a=6 file=/data/alice/ipardoza/hadronization_production/HF_RUN3_V1/raw/MONASH/hf_MONASH_job935.root
SIGMAB_COUNTS tag=MONASH species=Sigma_b0 pdg=5212 slice=eta_ge_2 p=19 a=12 file=/data/alice/ipardoza/hadronization_production/HF_RUN3_V1/raw/MONASH/hf_MONASH_job935.root
SIGMAB_COUNTS tag=MONASH species=Sigma_b- pdg=5112 slice=all p=39 a=17 file=/data/alice/ipardoza/hadronization_production/HF_RUN3_V1/raw/MONASH/hf_MONASH_job935.root
SIGMAB_COUNTS tag=MONASH species=Sigma_b- pdg=5112 slice=eta_lt_1 p=5 a=3 file=/data/alice/ipardoza/hadronization_production/HF_RUN3_V1/raw/MONASH/hf_MONASH_job935.root
SIGMAB_COUNTS tag=MONASH species=Sigma_b- pdg=5112 slice=eta_1_2 p=6 a=2 file=/data/alice/ipardoza/hadronization_production/HF_RUN3_V1/raw/MONASH/hf_MONASH_job935.root
SIGMAB_COUNTS tag=MONASH species=Sigma_b- pdg=5112 slice=eta_ge_2 p=28 a=12 file=/data/alice/ipardoza/hadronization_production/HF_RUN3_V1/raw/MONASH/hf_MONASH_job935.root
SIGMAB_COUNTS tag=MONASH species=Sigma*_b+ pdg=5224 slice=all p=57 a=43 file=/data/alice/ipardoza/hadronization_production/HF_RUN3_V1/raw/MONASH/hf_MONASH_job935.root
SIGMAB_COUNTS tag=MONASH species=Sigma*_b+ pdg=5224 slice=eta_lt_1 p=12 a=13 file=/data/alice/ipardoza/hadronization_production/HF_RUN3_V1/raw/MONASH/hf_MONASH_job935.root
SIGMAB_COUNTS tag=MONASH species=Sigma*_b+ pdg=5224 slice=eta_1_2 p=10 a=9 file=/data/alice/ipardoza/hadronization_production/HF_RUN3_V1/raw/MONASH/hf_MONASH_job935.root
SIGMAB_COUNTS tag=MONASH species=Sigma*_b+ pdg=5224 slice=eta_ge_2 p=35 a=21 file=/data/alice/ipardoza/hadronization_production/HF_RUN3_V1/raw/MONASH/hf_MONASH_job935.root
SIGMAB_COUNTS tag=MONASH species=Sigma*_b0 pdg=5214 slice=all p=51 a=46 file=/data/alice/ipardoza/hadronization_production/HF_RUN3_V1/raw/MONASH/hf_MONASH_job935.root
SIGMAB_COUNTS tag=MONASH species=Sigma*_b0 pdg=5214 slice=eta_lt_1 p=8 a=10 file=/data/alice/ipardoza/hadronization_production/HF_RUN3_V1/raw/MONASH/hf_MONASH_job935.root
SIGMAB_COUNTS tag=MONASH species=Sigma*_b0 pdg=5214 slice=eta_1_2 p=11 a=7 file=/data/alice/ipardoza/hadronization_production/HF_RUN3_V1/raw/MONASH/hf_MONASH_job935.root
SIGMAB_COUNTS tag=MONASH species=Sigma*_b0 pdg=5214 slice=eta_ge_2 p=32 a=29 file=/data/alice/ipardoza/hadronization_production/HF_RUN3_V1/raw/MONASH/hf_MONASH_job935.root
SIGMAB_COUNTS tag=MONASH species=Sigma*_b- pdg=5114 slice=all p=48 a=39 file=/data/alice/ipardoza/hadronization_production/HF_RUN3_V1/raw/MONASH/hf_MONASH_job935.root
SIGMAB_COUNTS tag=MONASH species=Sigma*_b- pdg=5114 slice=eta_lt_1 p=6 a=11 file=/data/alice/ipardoza/hadronization_production/HF_RUN3_V1/raw/MONASH/hf_MONASH_job935.root
SIGMAB_COUNTS tag=MONASH species=Sigma*_b- pdg=5114 slice=eta_1_2 p=6 a=7 file=/data/alice/ipardoza/hadronization_production/HF_RUN3_V1/raw/MONASH/hf_MONASH_job935.root
SIGMAB_COUNTS tag=MONASH species=Sigma*_b- pdg=5114 slice=eta_ge_2 p=36 a=21 file=/data/alice/ipardoza/hadronization_production/HF_RUN3_V1/raw/MONASH/hf_MONASH_job935.root
SIGMAB_COUNTS tag=MONASH species=Lambda_b0 pdg=5122 slice=all p=315 a=295 file=/data/alice/ipardoza/hadronization_production/HF_RUN3_V1/raw/MONASH/hf_MONASH_job935.root
SIGMAB_COUNTS tag=MONASH species=Lambda_b0 pdg=5122 slice=eta_lt_1 p=44 a=57 file=/data/alice/ipardoza/hadronization_production/HF_RUN3_V1/raw/MONASH/hf_MONASH_job935.root
SIGMAB_COUNTS tag=MONASH species=Lambda_b0 pdg=5122 slice=eta_1_2 p=63 a=65 file=/data/alice/ipardoza/hadronization_production/HF_RUN3_V1/raw/MONASH/hf_MONASH_job935.root
SIGMAB_COUNTS tag=MONASH species=Lambda_b0 pdg=5122 slice=eta_ge_2 p=208 a=173 file=/data/alice/ipardoza/hadronization_production/HF_RUN3_V1/raw/MONASH/hf_MONASH_job935.root
SIGMAB_COUNTS tag=MONASH species=Xi_b0 pdg=5232 slice=all p=63 a=44 file=/data/alice/ipardoza/hadronization_production/HF_RUN3_V1/raw/MONASH/hf_MONASH_job935.root
SIGMAB_COUNTS tag=MONASH species=Xi_b0 pdg=5232 slice=eta_lt_1 p=12 a=11 file=/data/alice/ipardoza/hadronization_production/HF_RUN3_V1/raw/MONASH/hf_MONASH_job935.root
SIGMAB_COUNTS tag=MONASH species=Xi_b0 pdg=5232 slice=eta_1_2 p=13 a=8 file=/data/alice/ipardoza/hadronization_production/HF_RUN3_V1/raw/MONASH/hf_MONASH_job935.root
SIGMAB_COUNTS tag=MONASH species=Xi_b0 pdg=5232 slice=eta_ge_2 p=38 a=25 file=/data/alice/ipardoza/hadronization_production/HF_RUN3_V1/raw/MONASH/hf_MONASH_job935.root
SIGMAB_COUNTS tag=MONASH species=Xi_b- pdg=5132 slice=all p=50 a=74 file=/data/alice/ipardoza/hadronization_production/HF_RUN3_V1/raw/MONASH/hf_MONASH_job935.root
SIGMAB_COUNTS tag=MONASH species=Xi_b- pdg=5132 slice=eta_lt_1 p=13 a=19 file=/data/alice/ipardoza/hadronization_production/HF_RUN3_V1/raw/MONASH/hf_MONASH_job935.root
SIGMAB_COUNTS tag=MONASH species=Xi_b- pdg=5132 slice=eta_1_2 p=10 a=14 file=/data/alice/ipardoza/hadronization_production/HF_RUN3_V1/raw/MONASH/hf_MONASH_job935.root
SIGMAB_COUNTS tag=MONASH species=Xi_b- pdg=5132 slice=eta_ge_2 p=27 a=41 file=/data/alice/ipardoza/hadronization_production/HF_RUN3_V1/raw/MONASH/hf_MONASH_job935.root
SIGMAB_COUNTS tag=MONASH species=Sigma_b+ pdg=5222 slice=all p=36 a=13 file=/data/alice/ipardoza/hadronization_production/HF_RUN3_V1/raw/MONASH/hf_MONASH_job936.root
SIGMAB_COUNTS tag=MONASH species=Sigma_b+ pdg=5222 slice=eta_lt_1 p=10 a=3 file=/data/alice/ipardoza/hadronization_production/HF_RUN3_V1/raw/MONASH/hf_MONASH_job936.root
SIGMAB_COUNTS tag=MONASH species=Sigma_b+ pdg=5222 slice=eta_1_2 p=10 a=3 file=/data/alice/ipardoza/hadronization_production/HF_RUN3_V1/raw/MONASH/hf_MONASH_job936.root
SIGMAB_COUNTS tag=MONASH species=Sigma_b+ pdg=5222 slice=eta_ge_2 p=16 a=7 file=/data/alice/ipardoza/hadronization_production/HF_RUN3_V1/raw/MONASH/hf_MONASH_job936.root
SIGMAB_COUNTS tag=MONASH species=Sigma_b0 pdg=5212 slice=all p=23 a=26 file=/data/alice/ipardoza/hadronization_production/HF_RUN3_V1/raw/MONASH/hf_MONASH_job936.root
SIGMAB_COUNTS tag=MONASH species=Sigma_b0 pdg=5212 slice=eta_lt_1 p=6 a=5 file=/data/alice/ipardoza/hadronization_production/HF_RUN3_V1/raw/MONASH/hf_MONASH_job936.root
SIGMAB_COUNTS tag=MONASH species=Sigma_b0 pdg=5212 slice=eta_1_2 p=3 a=6 file=/data/alice/ipardoza/hadronization_production/HF_RUN3_V1/raw/MONASH/hf_MONASH_job936.root
SIGMAB_COUNTS tag=MONASH species=Sigma_b0 pdg=5212 slice=eta_ge_2 p=14 a=15 file=/data/alice/ipardoza/hadronization_production/HF_RUN3_V1/raw/MONASH/hf_MONASH_job936.root
SIGMAB_COUNTS tag=MONASH species=Sigma_b- pdg=5112 slice=all p=32 a=18 file=/data/alice/ipardoza/hadronization_production/HF_RUN3_V1/raw/MONASH/hf_MONASH_job936.root
SIGMAB_COUNTS tag=MONASH species=Sigma_b- pdg=5112 slice=eta_lt_1 p=5 a=1 file=/data/alice/ipardoza/hadronization_production/HF_RUN3_V1/raw/MONASH/hf_MONASH_job936.root
SIGMAB_COUNTS tag=MONASH species=Sigma_b- pdg=5112 slice=eta_1_2 p=9 a=5 file=/data/alice/ipardoza/hadronization_production/HF_RUN3_V1/raw/MONASH/hf_MONASH_job936.root
SIGMAB_COUNTS tag=MONASH species=Sigma_b- pdg=5112 slice=eta_ge_2 p=18 a=12 file=/data/alice/ipardoza/hadronization_production/HF_RUN3_V1/raw/MONASH/hf_MONASH_job936.root
SIGMAB_COUNTS tag=MONASH species=Sigma*_b+ pdg=5224 slice=all p=68 a=36 file=/data/alice/ipardoza/hadronization_production/HF_RUN3_V1/raw/MONASH/hf_MONASH_job936.root
SIGMAB_COUNTS tag=MONASH species=Sigma*_b+ pdg=5224 slice=eta_lt_1 p=7 a=9 file=/data/alice/ipardoza/hadronization_production/HF_RUN3_V1/raw/MONASH/hf_MONASH_job936.root
SIGMAB_COUNTS tag=MONASH species=Sigma*_b+ pdg=5224 slice=eta_1_2 p=17 a=5 file=/data/alice/ipardoza/hadronization_production/HF_RUN3_V1/raw/MONASH/hf_MONASH_job936.root
SIGMAB_COUNTS tag=MONASH species=Sigma*_b+ pdg=5224 slice=eta_ge_2 p=44 a=22 file=/data/alice/ipardoza/hadronization_production/HF_RUN3_V1/raw/MONASH/hf_MONASH_job936.root
SIGMAB_COUNTS tag=MONASH species=Sigma*_b0 pdg=5214 slice=all p=49 a=41 file=/data/alice/ipardoza/hadronization_production/HF_RUN3_V1/raw/MONASH/hf_MONASH_job936.root
SIGMAB_COUNTS tag=MONASH species=Sigma*_b0 pdg=5214 slice=eta_lt_1 p=5 a=5 file=/data/alice/ipardoza/hadronization_production/HF_RUN3_V1/raw/MONASH/hf_MONASH_job936.root
SIGMAB_COUNTS tag=MONASH species=Sigma*_b0 pdg=5214 slice=eta_1_2 p=11 a=16 file=/data/alice/ipardoza/hadronization_production/HF_RUN3_V1/raw/MONASH/hf_MONASH_job936.root
SIGMAB_COUNTS tag=MONASH species=Sigma*_b0 pdg=5214 slice=eta_ge_2 p=33 a=20 file=/data/alice/ipardoza/hadronization_production/HF_RUN3_V1/raw/MONASH/hf_MONASH_job936.root
SIGMAB_COUNTS tag=MONASH species=Sigma*_b- pdg=5114 slice=all p=50 a=41 file=/data/alice/ipardoza/hadronization_production/HF_RUN3_V1/raw/MONASH/hf_MONASH_job936.root
SIGMAB_COUNTS tag=MONASH species=Sigma*_b- pdg=5114 slice=eta_lt_1 p=12 a=7 file=/data/alice/ipardoza/hadronization_production/HF_RUN3_V1/raw/MONASH/hf_MONASH_job936.root
SIGMAB_COUNTS tag=MONASH species=Sigma*_b- pdg=5114 slice=eta_1_2 p=8 a=8 file=/data/alice/ipardoza/hadronization_production/HF_RUN3_V1/raw/MONASH/hf_MONASH_job936.root
SIGMAB_COUNTS tag=MONASH species=Sigma*_b- pdg=5114 slice=eta_ge_2 p=30 a=26 file=/data/alice/ipardoza/hadronization_production/HF_RUN3_V1/raw/MONASH/hf_MONASH_job936.root
SIGMAB_COUNTS tag=MONASH species=Lambda_b0 pdg=5122 slice=all p=293 a=335 file=/data/alice/ipardoza/hadronization_production/HF_RUN3_V1/raw/MONASH/hf_MONASH_job936.root
SIGMAB_COUNTS tag=MONASH species=Lambda_b0 pdg=5122 slice=eta_lt_1 p=50 a=60 file=/data/alice/ipardoza/hadronization_production/HF_RUN3_V1/raw/MONASH/hf_MONASH_job936.root
SIGMAB_COUNTS tag=MONASH species=Lambda_b0 pdg=5122 slice=eta_1_2 p=61 a=78 file=/data/alice/ipardoza/hadronization_production/HF_RUN3_V1/raw/MONASH/hf_MONASH_job936.root
SIGMAB_COUNTS tag=MONASH species=Lambda_b0 pdg=5122 slice=eta_ge_2 p=182 a=197 file=/data/alice/ipardoza/hadronization_production/HF_RUN3_V1/raw/MONASH/hf_MONASH_job936.root
SIGMAB_COUNTS tag=MONASH species=Xi_b0 pdg=5232 slice=all p=61 a=53 file=/data/alice/ipardoza/hadronization_production/HF_RUN3_V1/raw/MONASH/hf_MONASH_job936.root
SIGMAB_COUNTS tag=MONASH species=Xi_b0 pdg=5232 slice=eta_lt_1 p=9 a=8 file=/data/alice/ipardoza/hadronization_production/HF_RUN3_V1/raw/MONASH/hf_MONASH_job936.root
SIGMAB_COUNTS tag=MONASH species=Xi_b0 pdg=5232 slice=eta_1_2 p=11 a=12 file=/data/alice/ipardoza/hadronization_production/HF_RUN3_V1/raw/MONASH/hf_MONASH_job936.root
SIGMAB_COUNTS tag=MONASH species=Xi_b0 pdg=5232 slice=eta_ge_2 p=41 a=33 file=/data/alice/ipardoza/hadronization_production/HF_RUN3_V1/raw/MONASH/hf_MONASH_job936.root
SIGMAB_COUNTS tag=MONASH species=Xi_b- pdg=5132 slice=all p=57 a=63 file=/data/alice/ipardoza/hadronization_production/HF_RUN3_V1/raw/MONASH/hf_MONASH_job936.root
SIGMAB_COUNTS tag=MONASH species=Xi_b- pdg=5132 slice=eta_lt_1 p=12 a=12 file=/data/alice/ipardoza/hadronization_production/HF_RUN3_V1/raw/MONASH/hf_MONASH_job936.root
SIGMAB_COUNTS tag=MONASH species=Xi_b- pdg=5132 slice=eta_1_2 p=11 a=12 file=/data/alice/ipardoza/hadronization_production/HF_RUN3_V1/raw/MONASH/hf_MONASH_job936.root
SIGMAB_COUNTS tag=MONASH species=Xi_b- pdg=5132 slice=eta_ge_2 p=34 a=39 file=/data/alice/ipardoza/hadronization_production/HF_RUN3_V1/raw/MONASH/hf_MONASH_job936.root
SIGMAB_COUNTS tag=MONASH species=Sigma_b+ pdg=5222 slice=all p=37 a=18 file=/data/alice/ipardoza/hadronization_production/HF_RUN3_V1/raw/MONASH/hf_MONASH_job937.root
SIGMAB_COUNTS tag=MONASH species=Sigma_b+ pdg=5222 slice=eta_lt_1 p=8 a=6 file=/data/alice/ipardoza/hadronization_production/HF_RUN3_V1/raw/MONASH/hf_MONASH_job937.root
SIGMAB_COUNTS tag=MONASH species=Sigma_b+ pdg=5222 slice=eta_1_2 p=7 a=3 file=/data/alice/ipardoza/hadronization_production/HF_RUN3_V1/raw/MONASH/hf_MONASH_job937.root
SIGMAB_COUNTS tag=MONASH species=Sigma_b+ pdg=5222 slice=eta_ge_2 p=22 a=9 file=/data/alice/ipardoza/hadronization_production/HF_RUN3_V1/raw/MONASH/hf_MONASH_job937.root
SIGMAB_COUNTS tag=MONASH species=Sigma_b0 pdg=5212 slice=all p=40 a=23 file=/data/alice/ipardoza/hadronization_production/HF_RUN3_V1/raw/MONASH/hf_MONASH_job937.root
SIGMAB_COUNTS tag=MONASH species=Sigma_b0 pdg=5212 slice=eta_lt_1 p=5 a=4 file=/data/alice/ipardoza/hadronization_production/HF_RUN3_V1/raw/MONASH/hf_MONASH_job937.root
SIGMAB_COUNTS tag=MONASH species=Sigma_b0 pdg=5212 slice=eta_1_2 p=6 a=3 file=/data/alice/ipardoza/hadronization_production/HF_RUN3_V1/raw/MONASH/hf_MONASH_job937.root
SIGMAB_COUNTS tag=MONASH species=Sigma_b0 pdg=5212 slice=eta_ge_2 p=29 a=16 file=/data/alice/ipardoza/hadronization_production/HF_RUN3_V1/raw/MONASH/hf_MONASH_job937.root
SIGMAB_COUNTS tag=MONASH species=Sigma_b- pdg=5112 slice=all p=39 a=21 file=/data/alice/ipardoza/hadronization_production/HF_RUN3_V1/raw/MONASH/hf_MONASH_job937.root
SIGMAB_COUNTS tag=MONASH species=Sigma_b- pdg=5112 slice=eta_lt_1 p=10 a=2 file=/data/alice/ipardoza/hadronization_production/HF_RUN3_V1/raw/MONASH/hf_MONASH_job937.root
SIGMAB_COUNTS tag=MONASH species=Sigma_b- pdg=5112 slice=eta_1_2 p=9 a=8 file=/data/alice/ipardoza/hadronization_production/HF_RUN3_V1/raw/MONASH/hf_MONASH_job937.root
SIGMAB_COUNTS tag=MONASH species=Sigma_b- pdg=5112 slice=eta_ge_2 p=20 a=11 file=/data/alice/ipardoza/hadronization_production/HF_RUN3_V1/raw/MONASH/hf_MONASH_job937.root
SIGMAB_COUNTS tag=MONASH species=Sigma*_b+ pdg=5224 slice=all p=51 a=38 file=/data/alice/ipardoza/hadronization_production/HF_RUN3_V1/raw/MONASH/hf_MONASH_job937.root
SIGMAB_COUNTS tag=MONASH species=Sigma*_b+ pdg=5224 slice=eta_lt_1 p=10 a=6 file=/data/alice/ipardoza/hadronization_production/HF_RUN3_V1/raw/MONASH/hf_MONASH_job937.root
SIGMAB_COUNTS tag=MONASH species=Sigma*_b+ pdg=5224 slice=eta_1_2 p=12 a=4 file=/data/alice/ipardoza/hadronization_production/HF_RUN3_V1/raw/MONASH/hf_MONASH_job937.root
SIGMAB_COUNTS tag=MONASH species=Sigma*_b+ pdg=5224 slice=eta_ge_2 p=29 a=28 file=/data/alice/ipardoza/hadronization_production/HF_RUN3_V1/raw/MONASH/hf_MONASH_job937.root
SIGMAB_COUNTS tag=MONASH species=Sigma*_b0 pdg=5214 slice=all p=42 a=34 file=/data/alice/ipardoza/hadronization_production/HF_RUN3_V1/raw/MONASH/hf_MONASH_job937.root
SIGMAB_COUNTS tag=MONASH species=Sigma*_b0 pdg=5214 slice=eta_lt_1 p=10 a=5 file=/data/alice/ipardoza/hadronization_production/HF_RUN3_V1/raw/MONASH/hf_MONASH_job937.root
SIGMAB_COUNTS tag=MONASH species=Sigma*_b0 pdg=5214 slice=eta_1_2 p=6 a=12 file=/data/alice/ipardoza/hadronization_production/HF_RUN3_V1/raw/MONASH/hf_MONASH_job937.root
SIGMAB_COUNTS tag=MONASH species=Sigma*_b0 pdg=5214 slice=eta_ge_2 p=26 a=17 file=/data/alice/ipardoza/hadronization_production/HF_RUN3_V1/raw/MONASH/hf_MONASH_job937.root
SIGMAB_COUNTS tag=MONASH species=Sigma*_b- pdg=5114 slice=all p=34 a=38 file=/data/alice/ipardoza/hadronization_production/HF_RUN3_V1/raw/MONASH/hf_MONASH_job937.root
SIGMAB_COUNTS tag=MONASH species=Sigma*_b- pdg=5114 slice=eta_lt_1 p=8 a=7 file=/data/alice/ipardoza/hadronization_production/HF_RUN3_V1/raw/MONASH/hf_MONASH_job937.root
SIGMAB_COUNTS tag=MONASH species=Sigma*_b- pdg=5114 slice=eta_1_2 p=4 a=9 file=/data/alice/ipardoza/hadronization_production/HF_RUN3_V1/raw/MONASH/hf_MONASH_job937.root
SIGMAB_COUNTS tag=MONASH species=Sigma*_b- pdg=5114 slice=eta_ge_2 p=22 a=22 file=/data/alice/ipardoza/hadronization_production/HF_RUN3_V1/raw/MONASH/hf_MONASH_job937.root
SIGMAB_COUNTS tag=MONASH species=Lambda_b0 pdg=5122 slice=all p=310 a=271 file=/data/alice/ipardoza/hadronization_production/HF_RUN3_V1/raw/MONASH/hf_MONASH_job937.root
SIGMAB_COUNTS tag=MONASH species=Lambda_b0 pdg=5122 slice=eta_lt_1 p=61 a=53 file=/data/alice/ipardoza/hadronization_production/HF_RUN3_V1/raw/MONASH/hf_MONASH_job937.root
SIGMAB_COUNTS tag=MONASH species=Lambda_b0 pdg=5122 slice=eta_1_2 p=79 a=65 file=/data/alice/ipardoza/hadronization_production/HF_RUN3_V1/raw/MONASH/hf_MONASH_job937.root
SIGMAB_COUNTS tag=MONASH species=Lambda_b0 pdg=5122 slice=eta_ge_2 p=170 a=153 file=/data/alice/ipardoza/hadronization_production/HF_RUN3_V1/raw/MONASH/hf_MONASH_job937.root
SIGMAB_COUNTS tag=MONASH species=Xi_b0 pdg=5232 slice=all p=64 a=60 file=/data/alice/ipardoza/hadronization_production/HF_RUN3_V1/raw/MONASH/hf_MONASH_job937.root
SIGMAB_COUNTS tag=MONASH species=Xi_b0 pdg=5232 slice=eta_lt_1 p=11 a=11 file=/data/alice/ipardoza/hadronization_production/HF_RUN3_V1/raw/MONASH/hf_MONASH_job937.root
SIGMAB_COUNTS tag=MONASH species=Xi_b0 pdg=5232 slice=eta_1_2 p=9 a=16 file=/data/alice/ipardoza/hadronization_production/HF_RUN3_V1/raw/MONASH/hf_MONASH_job937.root
SIGMAB_COUNTS tag=MONASH species=Xi_b0 pdg=5232 slice=eta_ge_2 p=44 a=33 file=/data/alice/ipardoza/hadronization_production/HF_RUN3_V1/raw/MONASH/hf_MONASH_job937.root
SIGMAB_COUNTS tag=MONASH species=Xi_b- pdg=5132 slice=all p=61 a=65 file=/data/alice/ipardoza/hadronization_production/HF_RUN3_V1/raw/MONASH/hf_MONASH_job937.root
SIGMAB_COUNTS tag=MONASH species=Xi_b- pdg=5132 slice=eta_lt_1 p=9 a=9 file=/data/alice/ipardoza/hadronization_production/HF_RUN3_V1/raw/MONASH/hf_MONASH_job937.root
SIGMAB_COUNTS tag=MONASH species=Xi_b- pdg=5132 slice=eta_1_2 p=12 a=23 file=/data/alice/ipardoza/hadronization_production/HF_RUN3_V1/raw/MONASH/hf_MONASH_job937.root
SIGMAB_COUNTS tag=MONASH species=Xi_b- pdg=5132 slice=eta_ge_2 p=40 a=33 file=/data/alice/ipardoza/hadronization_production/HF_RUN3_V1/raw/MONASH/hf_MONASH_job937.root
SIGMAB_COUNTS tag=MONASH species=Sigma_b+ pdg=5222 slice=all p=31 a=16 file=/data/alice/ipardoza/hadronization_production/HF_RUN3_V1/raw/MONASH/hf_MONASH_job938.root
SIGMAB_COUNTS tag=MONASH species=Sigma_b+ pdg=5222 slice=eta_lt_1 p=5 a=2 file=/data/alice/ipardoza/hadronization_production/HF_RUN3_V1/raw/MONASH/hf_MONASH_job938.root
SIGMAB_COUNTS tag=MONASH species=Sigma_b+ pdg=5222 slice=eta_1_2 p=10 a=2 file=/data/alice/ipardoza/hadronization_production/HF_RUN3_V1/raw/MONASH/hf_MONASH_job938.root
SIGMAB_COUNTS tag=MONASH species=Sigma_b+ pdg=5222 slice=eta_ge_2 p=16 a=12 file=/data/alice/ipardoza/hadronization_production/HF_RUN3_V1/raw/MONASH/hf_MONASH_job938.root
SIGMAB_COUNTS tag=MONASH species=Sigma_b0 pdg=5212 slice=all p=37 a=12 file=/data/alice/ipardoza/hadronization_production/HF_RUN3_V1/raw/MONASH/hf_MONASH_job938.root
SIGMAB_COUNTS tag=MONASH species=Sigma_b0 pdg=5212 slice=eta_lt_1 p=7 a=2 file=/data/alice/ipardoza/hadronization_production/HF_RUN3_V1/raw/MONASH/hf_MONASH_job938.root
SIGMAB_COUNTS tag=MONASH species=Sigma_b0 pdg=5212 slice=eta_1_2 p=10 a=2 file=/data/alice/ipardoza/hadronization_production/HF_RUN3_V1/raw/MONASH/hf_MONASH_job938.root
SIGMAB_COUNTS tag=MONASH species=Sigma_b0 pdg=5212 slice=eta_ge_2 p=20 a=8 file=/data/alice/ipardoza/hadronization_production/HF_RUN3_V1/raw/MONASH/hf_MONASH_job938.root
SIGMAB_COUNTS tag=MONASH species=Sigma_b- pdg=5112 slice=all p=32 a=24 file=/data/alice/ipardoza/hadronization_production/HF_RUN3_V1/raw/MONASH/hf_MONASH_job938.root
SIGMAB_COUNTS tag=MONASH species=Sigma_b- pdg=5112 slice=eta_lt_1 p=6 a=8 file=/data/alice/ipardoza/hadronization_production/HF_RUN3_V1/raw/MONASH/hf_MONASH_job938.root
SIGMAB_COUNTS tag=MONASH species=Sigma_b- pdg=5112 slice=eta_1_2 p=6 a=6 file=/data/alice/ipardoza/hadronization_production/HF_RUN3_V1/raw/MONASH/hf_MONASH_job938.root
SIGMAB_COUNTS tag=MONASH species=Sigma_b- pdg=5112 slice=eta_ge_2 p=20 a=10 file=/data/alice/ipardoza/hadronization_production/HF_RUN3_V1/raw/MONASH/hf_MONASH_job938.root
SIGMAB_COUNTS tag=MONASH species=Sigma*_b+ pdg=5224 slice=all p=53 a=55 file=/data/alice/ipardoza/hadronization_production/HF_RUN3_V1/raw/MONASH/hf_MONASH_job938.root
SIGMAB_COUNTS tag=MONASH species=Sigma*_b+ pdg=5224 slice=eta_lt_1 p=5 a=8 file=/data/alice/ipardoza/hadronization_production/HF_RUN3_V1/raw/MONASH/hf_MONASH_job938.root
SIGMAB_COUNTS tag=MONASH species=Sigma*_b+ pdg=5224 slice=eta_1_2 p=12 a=6 file=/data/alice/ipardoza/hadronization_production/HF_RUN3_V1/raw/MONASH/hf_MONASH_job938.root
SIGMAB_COUNTS tag=MONASH species=Sigma*_b+ pdg=5224 slice=eta_ge_2 p=36 a=41 file=/data/alice/ipardoza/hadronization_production/HF_RUN3_V1/raw/MONASH/hf_MONASH_job938.root
SIGMAB_COUNTS tag=MONASH species=Sigma*_b0 pdg=5214 slice=all p=53 a=49 file=/data/alice/ipardoza/hadronization_production/HF_RUN3_V1/raw/MONASH/hf_MONASH_job938.root
SIGMAB_COUNTS tag=MONASH species=Sigma*_b0 pdg=5214 slice=eta_lt_1 p=13 a=12 file=/data/alice/ipardoza/hadronization_production/HF_RUN3_V1/raw/MONASH/hf_MONASH_job938.root
SIGMAB_COUNTS tag=MONASH species=Sigma*_b0 pdg=5214 slice=eta_1_2 p=10 a=9 file=/data/alice/ipardoza/hadronization_production/HF_RUN3_V1/raw/MONASH/hf_MONASH_job938.root
SIGMAB_COUNTS tag=MONASH species=Sigma*_b0 pdg=5214 slice=eta_ge_2 p=30 a=28 file=/data/alice/ipardoza/hadronization_production/HF_RUN3_V1/raw/MONASH/hf_MONASH_job938.root
SIGMAB_COUNTS tag=MONASH species=Sigma*_b- pdg=5114 slice=all p=49 a=43 file=/data/alice/ipardoza/hadronization_production/HF_RUN3_V1/raw/MONASH/hf_MONASH_job938.root
SIGMAB_COUNTS tag=MONASH species=Sigma*_b- pdg=5114 slice=eta_lt_1 p=6 a=7 file=/data/alice/ipardoza/hadronization_production/HF_RUN3_V1/raw/MONASH/hf_MONASH_job938.root
SIGMAB_COUNTS tag=MONASH species=Sigma*_b- pdg=5114 slice=eta_1_2 p=9 a=14 file=/data/alice/ipardoza/hadronization_production/HF_RUN3_V1/raw/MONASH/hf_MONASH_job938.root
SIGMAB_COUNTS tag=MONASH species=Sigma*_b- pdg=5114 slice=eta_ge_2 p=34 a=22 file=/data/alice/ipardoza/hadronization_production/HF_RUN3_V1/raw/MONASH/hf_MONASH_job938.root
SIGMAB_COUNTS tag=MONASH species=Lambda_b0 pdg=5122 slice=all p=291 a=327 file=/data/alice/ipardoza/hadronization_production/HF_RUN3_V1/raw/MONASH/hf_MONASH_job938.root
SIGMAB_COUNTS tag=MONASH species=Lambda_b0 pdg=5122 slice=eta_lt_1 p=57 a=59 file=/data/alice/ipardoza/hadronization_production/HF_RUN3_V1/raw/MONASH/hf_MONASH_job938.root
SIGMAB_COUNTS tag=MONASH species=Lambda_b0 pdg=5122 slice=eta_1_2 p=70 a=82 file=/data/alice/ipardoza/hadronization_production/HF_RUN3_V1/raw/MONASH/hf_MONASH_job938.root
SIGMAB_COUNTS tag=MONASH species=Lambda_b0 pdg=5122 slice=eta_ge_2 p=164 a=186 file=/data/alice/ipardoza/hadronization_production/HF_RUN3_V1/raw/MONASH/hf_MONASH_job938.root
SIGMAB_COUNTS tag=MONASH species=Xi_b0 pdg=5232 slice=all p=52 a=47 file=/data/alice/ipardoza/hadronization_production/HF_RUN3_V1/raw/MONASH/hf_MONASH_job938.root
SIGMAB_COUNTS tag=MONASH species=Xi_b0 pdg=5232 slice=eta_lt_1 p=8 a=10 file=/data/alice/ipardoza/hadronization_production/HF_RUN3_V1/raw/MONASH/hf_MONASH_job938.root
SIGMAB_COUNTS tag=MONASH species=Xi_b0 pdg=5232 slice=eta_1_2 p=11 a=14 file=/data/alice/ipardoza/hadronization_production/HF_RUN3_V1/raw/MONASH/hf_MONASH_job938.root
SIGMAB_COUNTS tag=MONASH species=Xi_b0 pdg=5232 slice=eta_ge_2 p=33 a=23 file=/data/alice/ipardoza/hadronization_production/HF_RUN3_V1/raw/MONASH/hf_MONASH_job938.root
SIGMAB_COUNTS tag=MONASH species=Xi_b- pdg=5132 slice=all p=64 a=48 file=/data/alice/ipardoza/hadronization_production/HF_RUN3_V1/raw/MONASH/hf_MONASH_job938.root
SIGMAB_COUNTS tag=MONASH species=Xi_b- pdg=5132 slice=eta_lt_1 p=10 a=14 file=/data/alice/ipardoza/hadronization_production/HF_RUN3_V1/raw/MONASH/hf_MONASH_job938.root
SIGMAB_COUNTS tag=MONASH species=Xi_b- pdg=5132 slice=eta_1_2 p=14 a=13 file=/data/alice/ipardoza/hadronization_production/HF_RUN3_V1/raw/MONASH/hf_MONASH_job938.root
SIGMAB_COUNTS tag=MONASH species=Xi_b- pdg=5132 slice=eta_ge_2 p=40 a=21 file=/data/alice/ipardoza/hadronization_production/HF_RUN3_V1/raw/MONASH/hf_MONASH_job938.root
SIGMAB_COUNTS tag=MONASH species=Sigma_b+ pdg=5222 slice=all p=43 a=21 file=/data/alice/ipardoza/hadronization_production/HF_RUN3_V1/raw/MONASH/hf_MONASH_job939.root
SIGMAB_COUNTS tag=MONASH species=Sigma_b+ pdg=5222 slice=eta_lt_1 p=7 a=4 file=/data/alice/ipardoza/hadronization_production/HF_RUN3_V1/raw/MONASH/hf_MONASH_job939.root
SIGMAB_COUNTS tag=MONASH species=Sigma_b+ pdg=5222 slice=eta_1_2 p=7 a=6 file=/data/alice/ipardoza/hadronization_production/HF_RUN3_V1/raw/MONASH/hf_MONASH_job939.root
SIGMAB_COUNTS tag=MONASH species=Sigma_b+ pdg=5222 slice=eta_ge_2 p=29 a=11 file=/data/alice/ipardoza/hadronization_production/HF_RUN3_V1/raw/MONASH/hf_MONASH_job939.root
SIGMAB_COUNTS tag=MONASH species=Sigma_b0 pdg=5212 slice=all p=30 a=25 file=/data/alice/ipardoza/hadronization_production/HF_RUN3_V1/raw/MONASH/hf_MONASH_job939.root
SIGMAB_COUNTS tag=MONASH species=Sigma_b0 pdg=5212 slice=eta_lt_1 p=7 a=2 file=/data/alice/ipardoza/hadronization_production/HF_RUN3_V1/raw/MONASH/hf_MONASH_job939.root
SIGMAB_COUNTS tag=MONASH species=Sigma_b0 pdg=5212 slice=eta_1_2 p=3 a=8 file=/data/alice/ipardoza/hadronization_production/HF_RUN3_V1/raw/MONASH/hf_MONASH_job939.root
SIGMAB_COUNTS tag=MONASH species=Sigma_b0 pdg=5212 slice=eta_ge_2 p=20 a=15 file=/data/alice/ipardoza/hadronization_production/HF_RUN3_V1/raw/MONASH/hf_MONASH_job939.root
SIGMAB_COUNTS tag=MONASH species=Sigma_b- pdg=5112 slice=all p=51 a=24 file=/data/alice/ipardoza/hadronization_production/HF_RUN3_V1/raw/MONASH/hf_MONASH_job939.root
SIGMAB_COUNTS tag=MONASH species=Sigma_b- pdg=5112 slice=eta_lt_1 p=2 a=1 file=/data/alice/ipardoza/hadronization_production/HF_RUN3_V1/raw/MONASH/hf_MONASH_job939.root
SIGMAB_COUNTS tag=MONASH species=Sigma_b- pdg=5112 slice=eta_1_2 p=7 a=5 file=/data/alice/ipardoza/hadronization_production/HF_RUN3_V1/raw/MONASH/hf_MONASH_job939.root
SIGMAB_COUNTS tag=MONASH species=Sigma_b- pdg=5112 slice=eta_ge_2 p=42 a=18 file=/data/alice/ipardoza/hadronization_production/HF_RUN3_V1/raw/MONASH/hf_MONASH_job939.root
SIGMAB_COUNTS tag=MONASH species=Sigma*_b+ pdg=5224 slice=all p=47 a=42 file=/data/alice/ipardoza/hadronization_production/HF_RUN3_V1/raw/MONASH/hf_MONASH_job939.root
SIGMAB_COUNTS tag=MONASH species=Sigma*_b+ pdg=5224 slice=eta_lt_1 p=6 a=6 file=/data/alice/ipardoza/hadronization_production/HF_RUN3_V1/raw/MONASH/hf_MONASH_job939.root
SIGMAB_COUNTS tag=MONASH species=Sigma*_b+ pdg=5224 slice=eta_1_2 p=12 a=11 file=/data/alice/ipardoza/hadronization_production/HF_RUN3_V1/raw/MONASH/hf_MONASH_job939.root
SIGMAB_COUNTS tag=MONASH species=Sigma*_b+ pdg=5224 slice=eta_ge_2 p=29 a=25 file=/data/alice/ipardoza/hadronization_production/HF_RUN3_V1/raw/MONASH/hf_MONASH_job939.root
SIGMAB_COUNTS tag=MONASH species=Sigma*_b0 pdg=5214 slice=all p=56 a=50 file=/data/alice/ipardoza/hadronization_production/HF_RUN3_V1/raw/MONASH/hf_MONASH_job939.root
SIGMAB_COUNTS tag=MONASH species=Sigma*_b0 pdg=5214 slice=eta_lt_1 p=13 a=5 file=/data/alice/ipardoza/hadronization_production/HF_RUN3_V1/raw/MONASH/hf_MONASH_job939.root
SIGMAB_COUNTS tag=MONASH species=Sigma*_b0 pdg=5214 slice=eta_1_2 p=8 a=12 file=/data/alice/ipardoza/hadronization_production/HF_RUN3_V1/raw/MONASH/hf_MONASH_job939.root
SIGMAB_COUNTS tag=MONASH species=Sigma*_b0 pdg=5214 slice=eta_ge_2 p=35 a=33 file=/data/alice/ipardoza/hadronization_production/HF_RUN3_V1/raw/MONASH/hf_MONASH_job939.root
SIGMAB_COUNTS tag=MONASH species=Sigma*_b- pdg=5114 slice=all p=34 a=44 file=/data/alice/ipardoza/hadronization_production/HF_RUN3_V1/raw/MONASH/hf_MONASH_job939.root
SIGMAB_COUNTS tag=MONASH species=Sigma*_b- pdg=5114 slice=eta_lt_1 p=7 a=8 file=/data/alice/ipardoza/hadronization_production/HF_RUN3_V1/raw/MONASH/hf_MONASH_job939.root
SIGMAB_COUNTS tag=MONASH species=Sigma*_b- pdg=5114 slice=eta_1_2 p=4 a=9 file=/data/alice/ipardoza/hadronization_production/HF_RUN3_V1/raw/MONASH/hf_MONASH_job939.root
SIGMAB_COUNTS tag=MONASH species=Sigma*_b- pdg=5114 slice=eta_ge_2 p=23 a=27 file=/data/alice/ipardoza/hadronization_production/HF_RUN3_V1/raw/MONASH/hf_MONASH_job939.root
SIGMAB_COUNTS tag=MONASH species=Lambda_b0 pdg=5122 slice=all p=329 a=330 file=/data/alice/ipardoza/hadronization_production/HF_RUN3_V1/raw/MONASH/hf_MONASH_job939.root
SIGMAB_COUNTS tag=MONASH species=Lambda_b0 pdg=5122 slice=eta_lt_1 p=53 a=64 file=/data/alice/ipardoza/hadronization_production/HF_RUN3_V1/raw/MONASH/hf_MONASH_job939.root
SIGMAB_COUNTS tag=MONASH species=Lambda_b0 pdg=5122 slice=eta_1_2 p=73 a=80 file=/data/alice/ipardoza/hadronization_production/HF_RUN3_V1/raw/MONASH/hf_MONASH_job939.root
SIGMAB_COUNTS tag=MONASH species=Lambda_b0 pdg=5122 slice=eta_ge_2 p=203 a=186 file=/data/alice/ipardoza/hadronization_production/HF_RUN3_V1/raw/MONASH/hf_MONASH_job939.root
SIGMAB_COUNTS tag=MONASH species=Xi_b0 pdg=5232 slice=all p=54 a=51 file=/data/alice/ipardoza/hadronization_production/HF_RUN3_V1/raw/MONASH/hf_MONASH_job939.root
SIGMAB_COUNTS tag=MONASH species=Xi_b0 pdg=5232 slice=eta_lt_1 p=9 a=12 file=/data/alice/ipardoza/hadronization_production/HF_RUN3_V1/raw/MONASH/hf_MONASH_job939.root
SIGMAB_COUNTS tag=MONASH species=Xi_b0 pdg=5232 slice=eta_1_2 p=13 a=6 file=/data/alice/ipardoza/hadronization_production/HF_RUN3_V1/raw/MONASH/hf_MONASH_job939.root
SIGMAB_COUNTS tag=MONASH species=Xi_b0 pdg=5232 slice=eta_ge_2 p=32 a=33 file=/data/alice/ipardoza/hadronization_production/HF_RUN3_V1/raw/MONASH/hf_MONASH_job939.root
SIGMAB_COUNTS tag=MONASH species=Xi_b- pdg=5132 slice=all p=78 a=47 file=/data/alice/ipardoza/hadronization_production/HF_RUN3_V1/raw/MONASH/hf_MONASH_job939.root
SIGMAB_COUNTS tag=MONASH species=Xi_b- pdg=5132 slice=eta_lt_1 p=13 a=6 file=/data/alice/ipardoza/hadronization_production/HF_RUN3_V1/raw/MONASH/hf_MONASH_job939.root
SIGMAB_COUNTS tag=MONASH species=Xi_b- pdg=5132 slice=eta_1_2 p=16 a=5 file=/data/alice/ipardoza/hadronization_production/HF_RUN3_V1/raw/MONASH/hf_MONASH_job939.root
SIGMAB_COUNTS tag=MONASH species=Xi_b- pdg=5132 slice=eta_ge_2 p=49 a=36 file=/data/alice/ipardoza/hadronization_production/HF_RUN3_V1/raw/MONASH/hf_MONASH_job939.root
SIGMAB_COUNTS tag=MONASH species=Sigma_b+ pdg=5222 slice=all p=41 a=24 file=/data/alice/ipardoza/hadronization_production/HF_RUN3_V1/raw/MONASH/hf_MONASH_job940.root
SIGMAB_COUNTS tag=MONASH species=Sigma_b+ pdg=5222 slice=eta_lt_1 p=7 a=4 file=/data/alice/ipardoza/hadronization_production/HF_RUN3_V1/raw/MONASH/hf_MONASH_job940.root
SIGMAB_COUNTS tag=MONASH species=Sigma_b+ pdg=5222 slice=eta_1_2 p=6 a=9 file=/data/alice/ipardoza/hadronization_production/HF_RUN3_V1/raw/MONASH/hf_MONASH_job940.root
SIGMAB_COUNTS tag=MONASH species=Sigma_b+ pdg=5222 slice=eta_ge_2 p=28 a=11 file=/data/alice/ipardoza/hadronization_production/HF_RUN3_V1/raw/MONASH/hf_MONASH_job940.root
SIGMAB_COUNTS tag=MONASH species=Sigma_b0 pdg=5212 slice=all p=44 a=26 file=/data/alice/ipardoza/hadronization_production/HF_RUN3_V1/raw/MONASH/hf_MONASH_job940.root
SIGMAB_COUNTS tag=MONASH species=Sigma_b0 pdg=5212 slice=eta_lt_1 p=11 a=2 file=/data/alice/ipardoza/hadronization_production/HF_RUN3_V1/raw/MONASH/hf_MONASH_job940.root
SIGMAB_COUNTS tag=MONASH species=Sigma_b0 pdg=5212 slice=eta_1_2 p=6 a=9 file=/data/alice/ipardoza/hadronization_production/HF_RUN3_V1/raw/MONASH/hf_MONASH_job940.root
SIGMAB_COUNTS tag=MONASH species=Sigma_b0 pdg=5212 slice=eta_ge_2 p=27 a=15 file=/data/alice/ipardoza/hadronization_production/HF_RUN3_V1/raw/MONASH/hf_MONASH_job940.root
SIGMAB_COUNTS tag=MONASH species=Sigma_b- pdg=5112 slice=all p=37 a=27 file=/data/alice/ipardoza/hadronization_production/HF_RUN3_V1/raw/MONASH/hf_MONASH_job940.root
SIGMAB_COUNTS tag=MONASH species=Sigma_b- pdg=5112 slice=eta_lt_1 p=8 a=3 file=/data/alice/ipardoza/hadronization_production/HF_RUN3_V1/raw/MONASH/hf_MONASH_job940.root
SIGMAB_COUNTS tag=MONASH species=Sigma_b- pdg=5112 slice=eta_1_2 p=9 a=6 file=/data/alice/ipardoza/hadronization_production/HF_RUN3_V1/raw/MONASH/hf_MONASH_job940.root
SIGMAB_COUNTS tag=MONASH species=Sigma_b- pdg=5112 slice=eta_ge_2 p=20 a=18 file=/data/alice/ipardoza/hadronization_production/HF_RUN3_V1/raw/MONASH/hf_MONASH_job940.root
SIGMAB_COUNTS tag=MONASH species=Sigma*_b+ pdg=5224 slice=all p=52 a=42 file=/data/alice/ipardoza/hadronization_production/HF_RUN3_V1/raw/MONASH/hf_MONASH_job940.root
SIGMAB_COUNTS tag=MONASH species=Sigma*_b+ pdg=5224 slice=eta_lt_1 p=12 a=5 file=/data/alice/ipardoza/hadronization_production/HF_RUN3_V1/raw/MONASH/hf_MONASH_job940.root
SIGMAB_COUNTS tag=MONASH species=Sigma*_b+ pdg=5224 slice=eta_1_2 p=10 a=8 file=/data/alice/ipardoza/hadronization_production/HF_RUN3_V1/raw/MONASH/hf_MONASH_job940.root
SIGMAB_COUNTS tag=MONASH species=Sigma*_b+ pdg=5224 slice=eta_ge_2 p=30 a=29 file=/data/alice/ipardoza/hadronization_production/HF_RUN3_V1/raw/MONASH/hf_MONASH_job940.root
SIGMAB_COUNTS tag=MONASH species=Sigma*_b0 pdg=5214 slice=all p=47 a=29 file=/data/alice/ipardoza/hadronization_production/HF_RUN3_V1/raw/MONASH/hf_MONASH_job940.root
SIGMAB_COUNTS tag=MONASH species=Sigma*_b0 pdg=5214 slice=eta_lt_1 p=11 a=2 file=/data/alice/ipardoza/hadronization_production/HF_RUN3_V1/raw/MONASH/hf_MONASH_job940.root
SIGMAB_COUNTS tag=MONASH species=Sigma*_b0 pdg=5214 slice=eta_1_2 p=7 a=7 file=/data/alice/ipardoza/hadronization_production/HF_RUN3_V1/raw/MONASH/hf_MONASH_job940.root
SIGMAB_COUNTS tag=MONASH species=Sigma*_b0 pdg=5214 slice=eta_ge_2 p=29 a=20 file=/data/alice/ipardoza/hadronization_production/HF_RUN3_V1/raw/MONASH/hf_MONASH_job940.root
SIGMAB_COUNTS tag=MONASH species=Sigma*_b- pdg=5114 slice=all p=53 a=49 file=/data/alice/ipardoza/hadronization_production/HF_RUN3_V1/raw/MONASH/hf_MONASH_job940.root
SIGMAB_COUNTS tag=MONASH species=Sigma*_b- pdg=5114 slice=eta_lt_1 p=13 a=12 file=/data/alice/ipardoza/hadronization_production/HF_RUN3_V1/raw/MONASH/hf_MONASH_job940.root
SIGMAB_COUNTS tag=MONASH species=Sigma*_b- pdg=5114 slice=eta_1_2 p=10 a=11 file=/data/alice/ipardoza/hadronization_production/HF_RUN3_V1/raw/MONASH/hf_MONASH_job940.root
SIGMAB_COUNTS tag=MONASH species=Sigma*_b- pdg=5114 slice=eta_ge_2 p=30 a=26 file=/data/alice/ipardoza/hadronization_production/HF_RUN3_V1/raw/MONASH/hf_MONASH_job940.root
SIGMAB_COUNTS tag=MONASH species=Lambda_b0 pdg=5122 slice=all p=301 a=307 file=/data/alice/ipardoza/hadronization_production/HF_RUN3_V1/raw/MONASH/hf_MONASH_job940.root
SIGMAB_COUNTS tag=MONASH species=Lambda_b0 pdg=5122 slice=eta_lt_1 p=58 a=54 file=/data/alice/ipardoza/hadronization_production/HF_RUN3_V1/raw/MONASH/hf_MONASH_job940.root
SIGMAB_COUNTS tag=MONASH species=Lambda_b0 pdg=5122 slice=eta_1_2 p=76 a=71 file=/data/alice/ipardoza/hadronization_production/HF_RUN3_V1/raw/MONASH/hf_MONASH_job940.root
SIGMAB_COUNTS tag=MONASH species=Lambda_b0 pdg=5122 slice=eta_ge_2 p=167 a=182 file=/data/alice/ipardoza/hadronization_production/HF_RUN3_V1/raw/MONASH/hf_MONASH_job940.root
SIGMAB_COUNTS tag=MONASH species=Xi_b0 pdg=5232 slice=all p=60 a=52 file=/data/alice/ipardoza/hadronization_production/HF_RUN3_V1/raw/MONASH/hf_MONASH_job940.root
SIGMAB_COUNTS tag=MONASH species=Xi_b0 pdg=5232 slice=eta_lt_1 p=7 a=6 file=/data/alice/ipardoza/hadronization_production/HF_RUN3_V1/raw/MONASH/hf_MONASH_job940.root
SIGMAB_COUNTS tag=MONASH species=Xi_b0 pdg=5232 slice=eta_1_2 p=8 a=13 file=/data/alice/ipardoza/hadronization_production/HF_RUN3_V1/raw/MONASH/hf_MONASH_job940.root
SIGMAB_COUNTS tag=MONASH species=Xi_b0 pdg=5232 slice=eta_ge_2 p=45 a=33 file=/data/alice/ipardoza/hadronization_production/HF_RUN3_V1/raw/MONASH/hf_MONASH_job940.root
SIGMAB_COUNTS tag=MONASH species=Xi_b- pdg=5132 slice=all p=57 a=61 file=/data/alice/ipardoza/hadronization_production/HF_RUN3_V1/raw/MONASH/hf_MONASH_job940.root
SIGMAB_COUNTS tag=MONASH species=Xi_b- pdg=5132 slice=eta_lt_1 p=9 a=10 file=/data/alice/ipardoza/hadronization_production/HF_RUN3_V1/raw/MONASH/hf_MONASH_job940.root
SIGMAB_COUNTS tag=MONASH species=Xi_b- pdg=5132 slice=eta_1_2 p=14 a=15 file=/data/alice/ipardoza/hadronization_production/HF_RUN3_V1/raw/MONASH/hf_MONASH_job940.root
SIGMAB_COUNTS tag=MONASH species=Xi_b- pdg=5132 slice=eta_ge_2 p=34 a=36 file=/data/alice/ipardoza/hadronization_production/HF_RUN3_V1/raw/MONASH/hf_MONASH_job940.root
SIGMAB_COUNTS tag=MONASH species=Sigma_b+ pdg=5222 slice=all p=26 a=15 file=/data/alice/ipardoza/hadronization_production/HF_RUN3_V1/raw/MONASH/hf_MONASH_job941.root
SIGMAB_COUNTS tag=MONASH species=Sigma_b+ pdg=5222 slice=eta_lt_1 p=3 a=5 file=/data/alice/ipardoza/hadronization_production/HF_RUN3_V1/raw/MONASH/hf_MONASH_job941.root
SIGMAB_COUNTS tag=MONASH species=Sigma_b+ pdg=5222 slice=eta_1_2 p=6 a=3 file=/data/alice/ipardoza/hadronization_production/HF_RUN3_V1/raw/MONASH/hf_MONASH_job941.root
SIGMAB_COUNTS tag=MONASH species=Sigma_b+ pdg=5222 slice=eta_ge_2 p=17 a=7 file=/data/alice/ipardoza/hadronization_production/HF_RUN3_V1/raw/MONASH/hf_MONASH_job941.root
SIGMAB_COUNTS tag=MONASH species=Sigma_b0 pdg=5212 slice=all p=37 a=16 file=/data/alice/ipardoza/hadronization_production/HF_RUN3_V1/raw/MONASH/hf_MONASH_job941.root
SIGMAB_COUNTS tag=MONASH species=Sigma_b0 pdg=5212 slice=eta_lt_1 p=8 a=1 file=/data/alice/ipardoza/hadronization_production/HF_RUN3_V1/raw/MONASH/hf_MONASH_job941.root
SIGMAB_COUNTS tag=MONASH species=Sigma_b0 pdg=5212 slice=eta_1_2 p=10 a=7 file=/data/alice/ipardoza/hadronization_production/HF_RUN3_V1/raw/MONASH/hf_MONASH_job941.root
SIGMAB_COUNTS tag=MONASH species=Sigma_b0 pdg=5212 slice=eta_ge_2 p=19 a=8 file=/data/alice/ipardoza/hadronization_production/HF_RUN3_V1/raw/MONASH/hf_MONASH_job941.root
SIGMAB_COUNTS tag=MONASH species=Sigma_b- pdg=5112 slice=all p=30 a=17 file=/data/alice/ipardoza/hadronization_production/HF_RUN3_V1/raw/MONASH/hf_MONASH_job941.root
SIGMAB_COUNTS tag=MONASH species=Sigma_b- pdg=5112 slice=eta_lt_1 p=2 a=4 file=/data/alice/ipardoza/hadronization_production/HF_RUN3_V1/raw/MONASH/hf_MONASH_job941.root
SIGMAB_COUNTS tag=MONASH species=Sigma_b- pdg=5112 slice=eta_1_2 p=7 a=3 file=/data/alice/ipardoza/hadronization_production/HF_RUN3_V1/raw/MONASH/hf_MONASH_job941.root
SIGMAB_COUNTS tag=MONASH species=Sigma_b- pdg=5112 slice=eta_ge_2 p=21 a=10 file=/data/alice/ipardoza/hadronization_production/HF_RUN3_V1/raw/MONASH/hf_MONASH_job941.root
SIGMAB_COUNTS tag=MONASH species=Sigma*_b+ pdg=5224 slice=all p=49 a=30 file=/data/alice/ipardoza/hadronization_production/HF_RUN3_V1/raw/MONASH/hf_MONASH_job941.root
SIGMAB_COUNTS tag=MONASH species=Sigma*_b+ pdg=5224 slice=eta_lt_1 p=4 a=6 file=/data/alice/ipardoza/hadronization_production/HF_RUN3_V1/raw/MONASH/hf_MONASH_job941.root
SIGMAB_COUNTS tag=MONASH species=Sigma*_b+ pdg=5224 slice=eta_1_2 p=13 a=5 file=/data/alice/ipardoza/hadronization_production/HF_RUN3_V1/raw/MONASH/hf_MONASH_job941.root
SIGMAB_COUNTS tag=MONASH species=Sigma*_b+ pdg=5224 slice=eta_ge_2 p=32 a=19 file=/data/alice/ipardoza/hadronization_production/HF_RUN3_V1/raw/MONASH/hf_MONASH_job941.root
SIGMAB_COUNTS tag=MONASH species=Sigma*_b0 pdg=5214 slice=all p=56 a=46 file=/data/alice/ipardoza/hadronization_production/HF_RUN3_V1/raw/MONASH/hf_MONASH_job941.root
SIGMAB_COUNTS tag=MONASH species=Sigma*_b0 pdg=5214 slice=eta_lt_1 p=10 a=9 file=/data/alice/ipardoza/hadronization_production/HF_RUN3_V1/raw/MONASH/hf_MONASH_job941.root
SIGMAB_COUNTS tag=MONASH species=Sigma*_b0 pdg=5214 slice=eta_1_2 p=9 a=10 file=/data/alice/ipardoza/hadronization_production/HF_RUN3_V1/raw/MONASH/hf_MONASH_job941.root
SIGMAB_COUNTS tag=MONASH species=Sigma*_b0 pdg=5214 slice=eta_ge_2 p=37 a=27 file=/data/alice/ipardoza/hadronization_production/HF_RUN3_V1/raw/MONASH/hf_MONASH_job941.root
SIGMAB_COUNTS tag=MONASH species=Sigma*_b- pdg=5114 slice=all p=50 a=34 file=/data/alice/ipardoza/hadronization_production/HF_RUN3_V1/raw/MONASH/hf_MONASH_job941.root
SIGMAB_COUNTS tag=MONASH species=Sigma*_b- pdg=5114 slice=eta_lt_1 p=7 a=9 file=/data/alice/ipardoza/hadronization_production/HF_RUN3_V1/raw/MONASH/hf_MONASH_job941.root
SIGMAB_COUNTS tag=MONASH species=Sigma*_b- pdg=5114 slice=eta_1_2 p=12 a=8 file=/data/alice/ipardoza/hadronization_production/HF_RUN3_V1/raw/MONASH/hf_MONASH_job941.root
SIGMAB_COUNTS tag=MONASH species=Sigma*_b- pdg=5114 slice=eta_ge_2 p=31 a=17 file=/data/alice/ipardoza/hadronization_production/HF_RUN3_V1/raw/MONASH/hf_MONASH_job941.root
SIGMAB_COUNTS tag=MONASH species=Lambda_b0 pdg=5122 slice=all p=317 a=297 file=/data/alice/ipardoza/hadronization_production/HF_RUN3_V1/raw/MONASH/hf_MONASH_job941.root
SIGMAB_COUNTS tag=MONASH species=Lambda_b0 pdg=5122 slice=eta_lt_1 p=54 a=57 file=/data/alice/ipardoza/hadronization_production/HF_RUN3_V1/raw/MONASH/hf_MONASH_job941.root
SIGMAB_COUNTS tag=MONASH species=Lambda_b0 pdg=5122 slice=eta_1_2 p=64 a=58 file=/data/alice/ipardoza/hadronization_production/HF_RUN3_V1/raw/MONASH/hf_MONASH_job941.root
SIGMAB_COUNTS tag=MONASH species=Lambda_b0 pdg=5122 slice=eta_ge_2 p=199 a=182 file=/data/alice/ipardoza/hadronization_production/HF_RUN3_V1/raw/MONASH/hf_MONASH_job941.root
SIGMAB_COUNTS tag=MONASH species=Xi_b0 pdg=5232 slice=all p=58 a=54 file=/data/alice/ipardoza/hadronization_production/HF_RUN3_V1/raw/MONASH/hf_MONASH_job941.root
SIGMAB_COUNTS tag=MONASH species=Xi_b0 pdg=5232 slice=eta_lt_1 p=10 a=9 file=/data/alice/ipardoza/hadronization_production/HF_RUN3_V1/raw/MONASH/hf_MONASH_job941.root
SIGMAB_COUNTS tag=MONASH species=Xi_b0 pdg=5232 slice=eta_1_2 p=6 a=11 file=/data/alice/ipardoza/hadronization_production/HF_RUN3_V1/raw/MONASH/hf_MONASH_job941.root
SIGMAB_COUNTS tag=MONASH species=Xi_b0 pdg=5232 slice=eta_ge_2 p=42 a=34 file=/data/alice/ipardoza/hadronization_production/HF_RUN3_V1/raw/MONASH/hf_MONASH_job941.root
SIGMAB_COUNTS tag=MONASH species=Xi_b- pdg=5132 slice=all p=60 a=64 file=/data/alice/ipardoza/hadronization_production/HF_RUN3_V1/raw/MONASH/hf_MONASH_job941.root
SIGMAB_COUNTS tag=MONASH species=Xi_b- pdg=5132 slice=eta_lt_1 p=8 a=9 file=/data/alice/ipardoza/hadronization_production/HF_RUN3_V1/raw/MONASH/hf_MONASH_job941.root
SIGMAB_COUNTS tag=MONASH species=Xi_b- pdg=5132 slice=eta_1_2 p=16 a=10 file=/data/alice/ipardoza/hadronization_production/HF_RUN3_V1/raw/MONASH/hf_MONASH_job941.root
SIGMAB_COUNTS tag=MONASH species=Xi_b- pdg=5132 slice=eta_ge_2 p=36 a=45 file=/data/alice/ipardoza/hadronization_production/HF_RUN3_V1/raw/MONASH/hf_MONASH_job941.root
SIGMAB_COUNTS tag=MONASH species=Sigma_b+ pdg=5222 slice=all p=29 a=16 file=/data/alice/ipardoza/hadronization_production/HF_RUN3_V1/raw/MONASH/hf_MONASH_job942.root
SIGMAB_COUNTS tag=MONASH species=Sigma_b+ pdg=5222 slice=eta_lt_1 p=1 a=2 file=/data/alice/ipardoza/hadronization_production/HF_RUN3_V1/raw/MONASH/hf_MONASH_job942.root
SIGMAB_COUNTS tag=MONASH species=Sigma_b+ pdg=5222 slice=eta_1_2 p=4 a=6 file=/data/alice/ipardoza/hadronization_production/HF_RUN3_V1/raw/MONASH/hf_MONASH_job942.root
SIGMAB_COUNTS tag=MONASH species=Sigma_b+ pdg=5222 slice=eta_ge_2 p=24 a=8 file=/data/alice/ipardoza/hadronization_production/HF_RUN3_V1/raw/MONASH/hf_MONASH_job942.root
SIGMAB_COUNTS tag=MONASH species=Sigma_b0 pdg=5212 slice=all p=28 a=29 file=/data/alice/ipardoza/hadronization_production/HF_RUN3_V1/raw/MONASH/hf_MONASH_job942.root
SIGMAB_COUNTS tag=MONASH species=Sigma_b0 pdg=5212 slice=eta_lt_1 p=5 a=4 file=/data/alice/ipardoza/hadronization_production/HF_RUN3_V1/raw/MONASH/hf_MONASH_job942.root
SIGMAB_COUNTS tag=MONASH species=Sigma_b0 pdg=5212 slice=eta_1_2 p=2 a=11 file=/data/alice/ipardoza/hadronization_production/HF_RUN3_V1/raw/MONASH/hf_MONASH_job942.root
SIGMAB_COUNTS tag=MONASH species=Sigma_b0 pdg=5212 slice=eta_ge_2 p=21 a=14 file=/data/alice/ipardoza/hadronization_production/HF_RUN3_V1/raw/MONASH/hf_MONASH_job942.root
SIGMAB_COUNTS tag=MONASH species=Sigma_b- pdg=5112 slice=all p=35 a=20 file=/data/alice/ipardoza/hadronization_production/HF_RUN3_V1/raw/MONASH/hf_MONASH_job942.root
SIGMAB_COUNTS tag=MONASH species=Sigma_b- pdg=5112 slice=eta_lt_1 p=2 a=3 file=/data/alice/ipardoza/hadronization_production/HF_RUN3_V1/raw/MONASH/hf_MONASH_job942.root
SIGMAB_COUNTS tag=MONASH species=Sigma_b- pdg=5112 slice=eta_1_2 p=9 a=3 file=/data/alice/ipardoza/hadronization_production/HF_RUN3_V1/raw/MONASH/hf_MONASH_job942.root
SIGMAB_COUNTS tag=MONASH species=Sigma_b- pdg=5112 slice=eta_ge_2 p=24 a=14 file=/data/alice/ipardoza/hadronization_production/HF_RUN3_V1/raw/MONASH/hf_MONASH_job942.root
SIGMAB_COUNTS tag=MONASH species=Sigma*_b+ pdg=5224 slice=all p=54 a=33 file=/data/alice/ipardoza/hadronization_production/HF_RUN3_V1/raw/MONASH/hf_MONASH_job942.root
SIGMAB_COUNTS tag=MONASH species=Sigma*_b+ pdg=5224 slice=eta_lt_1 p=11 a=5 file=/data/alice/ipardoza/hadronization_production/HF_RUN3_V1/raw/MONASH/hf_MONASH_job942.root
SIGMAB_COUNTS tag=MONASH species=Sigma*_b+ pdg=5224 slice=eta_1_2 p=8 a=10 file=/data/alice/ipardoza/hadronization_production/HF_RUN3_V1/raw/MONASH/hf_MONASH_job942.root
SIGMAB_COUNTS tag=MONASH species=Sigma*_b+ pdg=5224 slice=eta_ge_2 p=35 a=18 file=/data/alice/ipardoza/hadronization_production/HF_RUN3_V1/raw/MONASH/hf_MONASH_job942.root
SIGMAB_COUNTS tag=MONASH species=Sigma*_b0 pdg=5214 slice=all p=40 a=36 file=/data/alice/ipardoza/hadronization_production/HF_RUN3_V1/raw/MONASH/hf_MONASH_job942.root
SIGMAB_COUNTS tag=MONASH species=Sigma*_b0 pdg=5214 slice=eta_lt_1 p=6 a=6 file=/data/alice/ipardoza/hadronization_production/HF_RUN3_V1/raw/MONASH/hf_MONASH_job942.root
SIGMAB_COUNTS tag=MONASH species=Sigma*_b0 pdg=5214 slice=eta_1_2 p=11 a=9 file=/data/alice/ipardoza/hadronization_production/HF_RUN3_V1/raw/MONASH/hf_MONASH_job942.root
SIGMAB_COUNTS tag=MONASH species=Sigma*_b0 pdg=5214 slice=eta_ge_2 p=23 a=21 file=/data/alice/ipardoza/hadronization_production/HF_RUN3_V1/raw/MONASH/hf_MONASH_job942.root
SIGMAB_COUNTS tag=MONASH species=Sigma*_b- pdg=5114 slice=all p=50 a=50 file=/data/alice/ipardoza/hadronization_production/HF_RUN3_V1/raw/MONASH/hf_MONASH_job942.root
SIGMAB_COUNTS tag=MONASH species=Sigma*_b- pdg=5114 slice=eta_lt_1 p=11 a=11 file=/data/alice/ipardoza/hadronization_production/HF_RUN3_V1/raw/MONASH/hf_MONASH_job942.root
SIGMAB_COUNTS tag=MONASH species=Sigma*_b- pdg=5114 slice=eta_1_2 p=16 a=11 file=/data/alice/ipardoza/hadronization_production/HF_RUN3_V1/raw/MONASH/hf_MONASH_job942.root
SIGMAB_COUNTS tag=MONASH species=Sigma*_b- pdg=5114 slice=eta_ge_2 p=23 a=28 file=/data/alice/ipardoza/hadronization_production/HF_RUN3_V1/raw/MONASH/hf_MONASH_job942.root
SIGMAB_COUNTS tag=MONASH species=Lambda_b0 pdg=5122 slice=all p=315 a=324 file=/data/alice/ipardoza/hadronization_production/HF_RUN3_V1/raw/MONASH/hf_MONASH_job942.root
SIGMAB_COUNTS tag=MONASH species=Lambda_b0 pdg=5122 slice=eta_lt_1 p=45 a=73 file=/data/alice/ipardoza/hadronization_production/HF_RUN3_V1/raw/MONASH/hf_MONASH_job942.root
SIGMAB_COUNTS tag=MONASH species=Lambda_b0 pdg=5122 slice=eta_1_2 p=76 a=64 file=/data/alice/ipardoza/hadronization_production/HF_RUN3_V1/raw/MONASH/hf_MONASH_job942.root
SIGMAB_COUNTS tag=MONASH species=Lambda_b0 pdg=5122 slice=eta_ge_2 p=194 a=187 file=/data/alice/ipardoza/hadronization_production/HF_RUN3_V1/raw/MONASH/hf_MONASH_job942.root
SIGMAB_COUNTS tag=MONASH species=Xi_b0 pdg=5232 slice=all p=56 a=53 file=/data/alice/ipardoza/hadronization_production/HF_RUN3_V1/raw/MONASH/hf_MONASH_job942.root
SIGMAB_COUNTS tag=MONASH species=Xi_b0 pdg=5232 slice=eta_lt_1 p=12 a=9 file=/data/alice/ipardoza/hadronization_production/HF_RUN3_V1/raw/MONASH/hf_MONASH_job942.root
SIGMAB_COUNTS tag=MONASH species=Xi_b0 pdg=5232 slice=eta_1_2 p=17 a=10 file=/data/alice/ipardoza/hadronization_production/HF_RUN3_V1/raw/MONASH/hf_MONASH_job942.root
SIGMAB_COUNTS tag=MONASH species=Xi_b0 pdg=5232 slice=eta_ge_2 p=27 a=34 file=/data/alice/ipardoza/hadronization_production/HF_RUN3_V1/raw/MONASH/hf_MONASH_job942.root
SIGMAB_COUNTS tag=MONASH species=Xi_b- pdg=5132 slice=all p=55 a=44 file=/data/alice/ipardoza/hadronization_production/HF_RUN3_V1/raw/MONASH/hf_MONASH_job942.root
SIGMAB_COUNTS tag=MONASH species=Xi_b- pdg=5132 slice=eta_lt_1 p=11 a=10 file=/data/alice/ipardoza/hadronization_production/HF_RUN3_V1/raw/MONASH/hf_MONASH_job942.root
SIGMAB_COUNTS tag=MONASH species=Xi_b- pdg=5132 slice=eta_1_2 p=13 a=12 file=/data/alice/ipardoza/hadronization_production/HF_RUN3_V1/raw/MONASH/hf_MONASH_job942.root
SIGMAB_COUNTS tag=MONASH species=Xi_b- pdg=5132 slice=eta_ge_2 p=31 a=22 file=/data/alice/ipardoza/hadronization_production/HF_RUN3_V1/raw/MONASH/hf_MONASH_job942.root
SIGMAB_COUNTS tag=MONASH species=Sigma_b+ pdg=5222 slice=all p=43 a=25 file=/data/alice/ipardoza/hadronization_production/HF_RUN3_V1/raw/MONASH/hf_MONASH_job943.root
SIGMAB_COUNTS tag=MONASH species=Sigma_b+ pdg=5222 slice=eta_lt_1 p=4 a=3 file=/data/alice/ipardoza/hadronization_production/HF_RUN3_V1/raw/MONASH/hf_MONASH_job943.root
SIGMAB_COUNTS tag=MONASH species=Sigma_b+ pdg=5222 slice=eta_1_2 p=9 a=4 file=/data/alice/ipardoza/hadronization_production/HF_RUN3_V1/raw/MONASH/hf_MONASH_job943.root
SIGMAB_COUNTS tag=MONASH species=Sigma_b+ pdg=5222 slice=eta_ge_2 p=30 a=18 file=/data/alice/ipardoza/hadronization_production/HF_RUN3_V1/raw/MONASH/hf_MONASH_job943.root
SIGMAB_COUNTS tag=MONASH species=Sigma_b0 pdg=5212 slice=all p=35 a=13 file=/data/alice/ipardoza/hadronization_production/HF_RUN3_V1/raw/MONASH/hf_MONASH_job943.root
SIGMAB_COUNTS tag=MONASH species=Sigma_b0 pdg=5212 slice=eta_lt_1 p=4 a=4 file=/data/alice/ipardoza/hadronization_production/HF_RUN3_V1/raw/MONASH/hf_MONASH_job943.root
SIGMAB_COUNTS tag=MONASH species=Sigma_b0 pdg=5212 slice=eta_1_2 p=9 a=1 file=/data/alice/ipardoza/hadronization_production/HF_RUN3_V1/raw/MONASH/hf_MONASH_job943.root
SIGMAB_COUNTS tag=MONASH species=Sigma_b0 pdg=5212 slice=eta_ge_2 p=22 a=8 file=/data/alice/ipardoza/hadronization_production/HF_RUN3_V1/raw/MONASH/hf_MONASH_job943.root
SIGMAB_COUNTS tag=MONASH species=Sigma_b- pdg=5112 slice=all p=29 a=21 file=/data/alice/ipardoza/hadronization_production/HF_RUN3_V1/raw/MONASH/hf_MONASH_job943.root
SIGMAB_COUNTS tag=MONASH species=Sigma_b- pdg=5112 slice=eta_lt_1 p=6 a=4 file=/data/alice/ipardoza/hadronization_production/HF_RUN3_V1/raw/MONASH/hf_MONASH_job943.root
SIGMAB_COUNTS tag=MONASH species=Sigma_b- pdg=5112 slice=eta_1_2 p=8 a=7 file=/data/alice/ipardoza/hadronization_production/HF_RUN3_V1/raw/MONASH/hf_MONASH_job943.root
SIGMAB_COUNTS tag=MONASH species=Sigma_b- pdg=5112 slice=eta_ge_2 p=15 a=10 file=/data/alice/ipardoza/hadronization_production/HF_RUN3_V1/raw/MONASH/hf_MONASH_job943.root
SIGMAB_COUNTS tag=MONASH species=Sigma*_b+ pdg=5224 slice=all p=66 a=46 file=/data/alice/ipardoza/hadronization_production/HF_RUN3_V1/raw/MONASH/hf_MONASH_job943.root
SIGMAB_COUNTS tag=MONASH species=Sigma*_b+ pdg=5224 slice=eta_lt_1 p=8 a=5 file=/data/alice/ipardoza/hadronization_production/HF_RUN3_V1/raw/MONASH/hf_MONASH_job943.root
SIGMAB_COUNTS tag=MONASH species=Sigma*_b+ pdg=5224 slice=eta_1_2 p=18 a=13 file=/data/alice/ipardoza/hadronization_production/HF_RUN3_V1/raw/MONASH/hf_MONASH_job943.root
SIGMAB_COUNTS tag=MONASH species=Sigma*_b+ pdg=5224 slice=eta_ge_2 p=40 a=28 file=/data/alice/ipardoza/hadronization_production/HF_RUN3_V1/raw/MONASH/hf_MONASH_job943.root
SIGMAB_COUNTS tag=MONASH species=Sigma*_b0 pdg=5214 slice=all p=48 a=30 file=/data/alice/ipardoza/hadronization_production/HF_RUN3_V1/raw/MONASH/hf_MONASH_job943.root
SIGMAB_COUNTS tag=MONASH species=Sigma*_b0 pdg=5214 slice=eta_lt_1 p=7 a=7 file=/data/alice/ipardoza/hadronization_production/HF_RUN3_V1/raw/MONASH/hf_MONASH_job943.root
SIGMAB_COUNTS tag=MONASH species=Sigma*_b0 pdg=5214 slice=eta_1_2 p=8 a=7 file=/data/alice/ipardoza/hadronization_production/HF_RUN3_V1/raw/MONASH/hf_MONASH_job943.root
SIGMAB_COUNTS tag=MONASH species=Sigma*_b0 pdg=5214 slice=eta_ge_2 p=33 a=16 file=/data/alice/ipardoza/hadronization_production/HF_RUN3_V1/raw/MONASH/hf_MONASH_job943.root
SIGMAB_COUNTS tag=MONASH species=Sigma*_b- pdg=5114 slice=all p=45 a=49 file=/data/alice/ipardoza/hadronization_production/HF_RUN3_V1/raw/MONASH/hf_MONASH_job943.root
SIGMAB_COUNTS tag=MONASH species=Sigma*_b- pdg=5114 slice=eta_lt_1 p=6 a=5 file=/data/alice/ipardoza/hadronization_production/HF_RUN3_V1/raw/MONASH/hf_MONASH_job943.root
SIGMAB_COUNTS tag=MONASH species=Sigma*_b- pdg=5114 slice=eta_1_2 p=7 a=12 file=/data/alice/ipardoza/hadronization_production/HF_RUN3_V1/raw/MONASH/hf_MONASH_job943.root
SIGMAB_COUNTS tag=MONASH species=Sigma*_b- pdg=5114 slice=eta_ge_2 p=32 a=32 file=/data/alice/ipardoza/hadronization_production/HF_RUN3_V1/raw/MONASH/hf_MONASH_job943.root
SIGMAB_COUNTS tag=MONASH species=Lambda_b0 pdg=5122 slice=all p=322 a=295 file=/data/alice/ipardoza/hadronization_production/HF_RUN3_V1/raw/MONASH/hf_MONASH_job943.root
SIGMAB_COUNTS tag=MONASH species=Lambda_b0 pdg=5122 slice=eta_lt_1 p=66 a=64 file=/data/alice/ipardoza/hadronization_production/HF_RUN3_V1/raw/MONASH/hf_MONASH_job943.root
SIGMAB_COUNTS tag=MONASH species=Lambda_b0 pdg=5122 slice=eta_1_2 p=71 a=69 file=/data/alice/ipardoza/hadronization_production/HF_RUN3_V1/raw/MONASH/hf_MONASH_job943.root
SIGMAB_COUNTS tag=MONASH species=Lambda_b0 pdg=5122 slice=eta_ge_2 p=185 a=162 file=/data/alice/ipardoza/hadronization_production/HF_RUN3_V1/raw/MONASH/hf_MONASH_job943.root
SIGMAB_COUNTS tag=MONASH species=Xi_b0 pdg=5232 slice=all p=52 a=57 file=/data/alice/ipardoza/hadronization_production/HF_RUN3_V1/raw/MONASH/hf_MONASH_job943.root
SIGMAB_COUNTS tag=MONASH species=Xi_b0 pdg=5232 slice=eta_lt_1 p=9 a=17 file=/data/alice/ipardoza/hadronization_production/HF_RUN3_V1/raw/MONASH/hf_MONASH_job943.root
SIGMAB_COUNTS tag=MONASH species=Xi_b0 pdg=5232 slice=eta_1_2 p=11 a=20 file=/data/alice/ipardoza/hadronization_production/HF_RUN3_V1/raw/MONASH/hf_MONASH_job943.root
SIGMAB_COUNTS tag=MONASH species=Xi_b0 pdg=5232 slice=eta_ge_2 p=32 a=20 file=/data/alice/ipardoza/hadronization_production/HF_RUN3_V1/raw/MONASH/hf_MONASH_job943.root
SIGMAB_COUNTS tag=MONASH species=Xi_b- pdg=5132 slice=all p=62 a=55 file=/data/alice/ipardoza/hadronization_production/HF_RUN3_V1/raw/MONASH/hf_MONASH_job943.root
SIGMAB_COUNTS tag=MONASH species=Xi_b- pdg=5132 slice=eta_lt_1 p=9 a=13 file=/data/alice/ipardoza/hadronization_production/HF_RUN3_V1/raw/MONASH/hf_MONASH_job943.root
SIGMAB_COUNTS tag=MONASH species=Xi_b- pdg=5132 slice=eta_1_2 p=10 a=9 file=/data/alice/ipardoza/hadronization_production/HF_RUN3_V1/raw/MONASH/hf_MONASH_job943.root
SIGMAB_COUNTS tag=MONASH species=Xi_b- pdg=5132 slice=eta_ge_2 p=43 a=33 file=/data/alice/ipardoza/hadronization_production/HF_RUN3_V1/raw/MONASH/hf_MONASH_job943.root
SIGMAB_COUNTS tag=MONASH species=Sigma_b+ pdg=5222 slice=all p=33 a=23 file=/data/alice/ipardoza/hadronization_production/HF_RUN3_V1/raw/MONASH/hf_MONASH_job944.root
SIGMAB_COUNTS tag=MONASH species=Sigma_b+ pdg=5222 slice=eta_lt_1 p=6 a=3 file=/data/alice/ipardoza/hadronization_production/HF_RUN3_V1/raw/MONASH/hf_MONASH_job944.root
SIGMAB_COUNTS tag=MONASH species=Sigma_b+ pdg=5222 slice=eta_1_2 p=5 a=7 file=/data/alice/ipardoza/hadronization_production/HF_RUN3_V1/raw/MONASH/hf_MONASH_job944.root
SIGMAB_COUNTS tag=MONASH species=Sigma_b+ pdg=5222 slice=eta_ge_2 p=22 a=13 file=/data/alice/ipardoza/hadronization_production/HF_RUN3_V1/raw/MONASH/hf_MONASH_job944.root
SIGMAB_COUNTS tag=MONASH species=Sigma_b0 pdg=5212 slice=all p=39 a=23 file=/data/alice/ipardoza/hadronization_production/HF_RUN3_V1/raw/MONASH/hf_MONASH_job944.root
SIGMAB_COUNTS tag=MONASH species=Sigma_b0 pdg=5212 slice=eta_lt_1 p=7 a=3 file=/data/alice/ipardoza/hadronization_production/HF_RUN3_V1/raw/MONASH/hf_MONASH_job944.root
SIGMAB_COUNTS tag=MONASH species=Sigma_b0 pdg=5212 slice=eta_1_2 p=6 a=1 file=/data/alice/ipardoza/hadronization_production/HF_RUN3_V1/raw/MONASH/hf_MONASH_job944.root
SIGMAB_COUNTS tag=MONASH species=Sigma_b0 pdg=5212 slice=eta_ge_2 p=26 a=19 file=/data/alice/ipardoza/hadronization_production/HF_RUN3_V1/raw/MONASH/hf_MONASH_job944.root
SIGMAB_COUNTS tag=MONASH species=Sigma_b- pdg=5112 slice=all p=32 a=17 file=/data/alice/ipardoza/hadronization_production/HF_RUN3_V1/raw/MONASH/hf_MONASH_job944.root
SIGMAB_COUNTS tag=MONASH species=Sigma_b- pdg=5112 slice=eta_lt_1 p=5 a=0 file=/data/alice/ipardoza/hadronization_production/HF_RUN3_V1/raw/MONASH/hf_MONASH_job944.root
SIGMAB_COUNTS tag=MONASH species=Sigma_b- pdg=5112 slice=eta_1_2 p=4 a=7 file=/data/alice/ipardoza/hadronization_production/HF_RUN3_V1/raw/MONASH/hf_MONASH_job944.root
SIGMAB_COUNTS tag=MONASH species=Sigma_b- pdg=5112 slice=eta_ge_2 p=23 a=10 file=/data/alice/ipardoza/hadronization_production/HF_RUN3_V1/raw/MONASH/hf_MONASH_job944.root
SIGMAB_COUNTS tag=MONASH species=Sigma*_b+ pdg=5224 slice=all p=43 a=43 file=/data/alice/ipardoza/hadronization_production/HF_RUN3_V1/raw/MONASH/hf_MONASH_job944.root
SIGMAB_COUNTS tag=MONASH species=Sigma*_b+ pdg=5224 slice=eta_lt_1 p=4 a=6 file=/data/alice/ipardoza/hadronization_production/HF_RUN3_V1/raw/MONASH/hf_MONASH_job944.root
SIGMAB_COUNTS tag=MONASH species=Sigma*_b+ pdg=5224 slice=eta_1_2 p=10 a=10 file=/data/alice/ipardoza/hadronization_production/HF_RUN3_V1/raw/MONASH/hf_MONASH_job944.root
SIGMAB_COUNTS tag=MONASH species=Sigma*_b+ pdg=5224 slice=eta_ge_2 p=29 a=27 file=/data/alice/ipardoza/hadronization_production/HF_RUN3_V1/raw/MONASH/hf_MONASH_job944.root
SIGMAB_COUNTS tag=MONASH species=Sigma*_b0 pdg=5214 slice=all p=57 a=37 file=/data/alice/ipardoza/hadronization_production/HF_RUN3_V1/raw/MONASH/hf_MONASH_job944.root
SIGMAB_COUNTS tag=MONASH species=Sigma*_b0 pdg=5214 slice=eta_lt_1 p=10 a=8 file=/data/alice/ipardoza/hadronization_production/HF_RUN3_V1/raw/MONASH/hf_MONASH_job944.root
SIGMAB_COUNTS tag=MONASH species=Sigma*_b0 pdg=5214 slice=eta_1_2 p=9 a=4 file=/data/alice/ipardoza/hadronization_production/HF_RUN3_V1/raw/MONASH/hf_MONASH_job944.root
SIGMAB_COUNTS tag=MONASH species=Sigma*_b0 pdg=5214 slice=eta_ge_2 p=38 a=25 file=/data/alice/ipardoza/hadronization_production/HF_RUN3_V1/raw/MONASH/hf_MONASH_job944.root
SIGMAB_COUNTS tag=MONASH species=Sigma*_b- pdg=5114 slice=all p=58 a=30 file=/data/alice/ipardoza/hadronization_production/HF_RUN3_V1/raw/MONASH/hf_MONASH_job944.root
SIGMAB_COUNTS tag=MONASH species=Sigma*_b- pdg=5114 slice=eta_lt_1 p=6 a=9 file=/data/alice/ipardoza/hadronization_production/HF_RUN3_V1/raw/MONASH/hf_MONASH_job944.root
SIGMAB_COUNTS tag=MONASH species=Sigma*_b- pdg=5114 slice=eta_1_2 p=17 a=9 file=/data/alice/ipardoza/hadronization_production/HF_RUN3_V1/raw/MONASH/hf_MONASH_job944.root
SIGMAB_COUNTS tag=MONASH species=Sigma*_b- pdg=5114 slice=eta_ge_2 p=35 a=12 file=/data/alice/ipardoza/hadronization_production/HF_RUN3_V1/raw/MONASH/hf_MONASH_job944.root
SIGMAB_COUNTS tag=MONASH species=Lambda_b0 pdg=5122 slice=all p=289 a=339 file=/data/alice/ipardoza/hadronization_production/HF_RUN3_V1/raw/MONASH/hf_MONASH_job944.root
SIGMAB_COUNTS tag=MONASH species=Lambda_b0 pdg=5122 slice=eta_lt_1 p=52 a=68 file=/data/alice/ipardoza/hadronization_production/HF_RUN3_V1/raw/MONASH/hf_MONASH_job944.root
SIGMAB_COUNTS tag=MONASH species=Lambda_b0 pdg=5122 slice=eta_1_2 p=51 a=65 file=/data/alice/ipardoza/hadronization_production/HF_RUN3_V1/raw/MONASH/hf_MONASH_job944.root
SIGMAB_COUNTS tag=MONASH species=Lambda_b0 pdg=5122 slice=eta_ge_2 p=186 a=206 file=/data/alice/ipardoza/hadronization_production/HF_RUN3_V1/raw/MONASH/hf_MONASH_job944.root
SIGMAB_COUNTS tag=MONASH species=Xi_b0 pdg=5232 slice=all p=63 a=61 file=/data/alice/ipardoza/hadronization_production/HF_RUN3_V1/raw/MONASH/hf_MONASH_job944.root
SIGMAB_COUNTS tag=MONASH species=Xi_b0 pdg=5232 slice=eta_lt_1 p=11 a=12 file=/data/alice/ipardoza/hadronization_production/HF_RUN3_V1/raw/MONASH/hf_MONASH_job944.root
SIGMAB_COUNTS tag=MONASH species=Xi_b0 pdg=5232 slice=eta_1_2 p=12 a=14 file=/data/alice/ipardoza/hadronization_production/HF_RUN3_V1/raw/MONASH/hf_MONASH_job944.root
SIGMAB_COUNTS tag=MONASH species=Xi_b0 pdg=5232 slice=eta_ge_2 p=40 a=35 file=/data/alice/ipardoza/hadronization_production/HF_RUN3_V1/raw/MONASH/hf_MONASH_job944.root
SIGMAB_COUNTS tag=MONASH species=Xi_b- pdg=5132 slice=all p=68 a=56 file=/data/alice/ipardoza/hadronization_production/HF_RUN3_V1/raw/MONASH/hf_MONASH_job944.root
SIGMAB_COUNTS tag=MONASH species=Xi_b- pdg=5132 slice=eta_lt_1 p=8 a=8 file=/data/alice/ipardoza/hadronization_production/HF_RUN3_V1/raw/MONASH/hf_MONASH_job944.root
SIGMAB_COUNTS tag=MONASH species=Xi_b- pdg=5132 slice=eta_1_2 p=18 a=8 file=/data/alice/ipardoza/hadronization_production/HF_RUN3_V1/raw/MONASH/hf_MONASH_job944.root
SIGMAB_COUNTS tag=MONASH species=Xi_b- pdg=5132 slice=eta_ge_2 p=42 a=40 file=/data/alice/ipardoza/hadronization_production/HF_RUN3_V1/raw/MONASH/hf_MONASH_job944.root
SIGMAB_COUNTS tag=MONASH species=Sigma_b+ pdg=5222 slice=all p=31 a=23 file=/data/alice/ipardoza/hadronization_production/HF_RUN3_V1/raw/MONASH/hf_MONASH_job945.root
SIGMAB_COUNTS tag=MONASH species=Sigma_b+ pdg=5222 slice=eta_lt_1 p=8 a=3 file=/data/alice/ipardoza/hadronization_production/HF_RUN3_V1/raw/MONASH/hf_MONASH_job945.root
SIGMAB_COUNTS tag=MONASH species=Sigma_b+ pdg=5222 slice=eta_1_2 p=5 a=4 file=/data/alice/ipardoza/hadronization_production/HF_RUN3_V1/raw/MONASH/hf_MONASH_job945.root
SIGMAB_COUNTS tag=MONASH species=Sigma_b+ pdg=5222 slice=eta_ge_2 p=18 a=16 file=/data/alice/ipardoza/hadronization_production/HF_RUN3_V1/raw/MONASH/hf_MONASH_job945.root
SIGMAB_COUNTS tag=MONASH species=Sigma_b0 pdg=5212 slice=all p=31 a=22 file=/data/alice/ipardoza/hadronization_production/HF_RUN3_V1/raw/MONASH/hf_MONASH_job945.root
SIGMAB_COUNTS tag=MONASH species=Sigma_b0 pdg=5212 slice=eta_lt_1 p=10 a=7 file=/data/alice/ipardoza/hadronization_production/HF_RUN3_V1/raw/MONASH/hf_MONASH_job945.root
SIGMAB_COUNTS tag=MONASH species=Sigma_b0 pdg=5212 slice=eta_1_2 p=5 a=5 file=/data/alice/ipardoza/hadronization_production/HF_RUN3_V1/raw/MONASH/hf_MONASH_job945.root
SIGMAB_COUNTS tag=MONASH species=Sigma_b0 pdg=5212 slice=eta_ge_2 p=16 a=10 file=/data/alice/ipardoza/hadronization_production/HF_RUN3_V1/raw/MONASH/hf_MONASH_job945.root
SIGMAB_COUNTS tag=MONASH species=Sigma_b- pdg=5112 slice=all p=49 a=29 file=/data/alice/ipardoza/hadronization_production/HF_RUN3_V1/raw/MONASH/hf_MONASH_job945.root
SIGMAB_COUNTS tag=MONASH species=Sigma_b- pdg=5112 slice=eta_lt_1 p=12 a=3 file=/data/alice/ipardoza/hadronization_production/HF_RUN3_V1/raw/MONASH/hf_MONASH_job945.root
SIGMAB_COUNTS tag=MONASH species=Sigma_b- pdg=5112 slice=eta_1_2 p=8 a=6 file=/data/alice/ipardoza/hadronization_production/HF_RUN3_V1/raw/MONASH/hf_MONASH_job945.root
SIGMAB_COUNTS tag=MONASH species=Sigma_b- pdg=5112 slice=eta_ge_2 p=29 a=20 file=/data/alice/ipardoza/hadronization_production/HF_RUN3_V1/raw/MONASH/hf_MONASH_job945.root
SIGMAB_COUNTS tag=MONASH species=Sigma*_b+ pdg=5224 slice=all p=45 a=28 file=/data/alice/ipardoza/hadronization_production/HF_RUN3_V1/raw/MONASH/hf_MONASH_job945.root
SIGMAB_COUNTS tag=MONASH species=Sigma*_b+ pdg=5224 slice=eta_lt_1 p=8 a=6 file=/data/alice/ipardoza/hadronization_production/HF_RUN3_V1/raw/MONASH/hf_MONASH_job945.root
SIGMAB_COUNTS tag=MONASH species=Sigma*_b+ pdg=5224 slice=eta_1_2 p=10 a=3 file=/data/alice/ipardoza/hadronization_production/HF_RUN3_V1/raw/MONASH/hf_MONASH_job945.root
SIGMAB_COUNTS tag=MONASH species=Sigma*_b+ pdg=5224 slice=eta_ge_2 p=27 a=19 file=/data/alice/ipardoza/hadronization_production/HF_RUN3_V1/raw/MONASH/hf_MONASH_job945.root
SIGMAB_COUNTS tag=MONASH species=Sigma*_b0 pdg=5214 slice=all p=51 a=35 file=/data/alice/ipardoza/hadronization_production/HF_RUN3_V1/raw/MONASH/hf_MONASH_job945.root
SIGMAB_COUNTS tag=MONASH species=Sigma*_b0 pdg=5214 slice=eta_lt_1 p=8 a=5 file=/data/alice/ipardoza/hadronization_production/HF_RUN3_V1/raw/MONASH/hf_MONASH_job945.root
SIGMAB_COUNTS tag=MONASH species=Sigma*_b0 pdg=5214 slice=eta_1_2 p=10 a=8 file=/data/alice/ipardoza/hadronization_production/HF_RUN3_V1/raw/MONASH/hf_MONASH_job945.root
SIGMAB_COUNTS tag=MONASH species=Sigma*_b0 pdg=5214 slice=eta_ge_2 p=33 a=22 file=/data/alice/ipardoza/hadronization_production/HF_RUN3_V1/raw/MONASH/hf_MONASH_job945.root
SIGMAB_COUNTS tag=MONASH species=Sigma*_b- pdg=5114 slice=all p=60 a=51 file=/data/alice/ipardoza/hadronization_production/HF_RUN3_V1/raw/MONASH/hf_MONASH_job945.root
SIGMAB_COUNTS tag=MONASH species=Sigma*_b- pdg=5114 slice=eta_lt_1 p=7 a=9 file=/data/alice/ipardoza/hadronization_production/HF_RUN3_V1/raw/MONASH/hf_MONASH_job945.root
SIGMAB_COUNTS tag=MONASH species=Sigma*_b- pdg=5114 slice=eta_1_2 p=14 a=10 file=/data/alice/ipardoza/hadronization_production/HF_RUN3_V1/raw/MONASH/hf_MONASH_job945.root
SIGMAB_COUNTS tag=MONASH species=Sigma*_b- pdg=5114 slice=eta_ge_2 p=39 a=32 file=/data/alice/ipardoza/hadronization_production/HF_RUN3_V1/raw/MONASH/hf_MONASH_job945.root
SIGMAB_COUNTS tag=MONASH species=Lambda_b0 pdg=5122 slice=all p=323 a=314 file=/data/alice/ipardoza/hadronization_production/HF_RUN3_V1/raw/MONASH/hf_MONASH_job945.root
SIGMAB_COUNTS tag=MONASH species=Lambda_b0 pdg=5122 slice=eta_lt_1 p=54 a=57 file=/data/alice/ipardoza/hadronization_production/HF_RUN3_V1/raw/MONASH/hf_MONASH_job945.root
SIGMAB_COUNTS tag=MONASH species=Lambda_b0 pdg=5122 slice=eta_1_2 p=70 a=69 file=/data/alice/ipardoza/hadronization_production/HF_RUN3_V1/raw/MONASH/hf_MONASH_job945.root
SIGMAB_COUNTS tag=MONASH species=Lambda_b0 pdg=5122 slice=eta_ge_2 p=199 a=188 file=/data/alice/ipardoza/hadronization_production/HF_RUN3_V1/raw/MONASH/hf_MONASH_job945.root
SIGMAB_COUNTS tag=MONASH species=Xi_b0 pdg=5232 slice=all p=64 a=54 file=/data/alice/ipardoza/hadronization_production/HF_RUN3_V1/raw/MONASH/hf_MONASH_job945.root
SIGMAB_COUNTS tag=MONASH species=Xi_b0 pdg=5232 slice=eta_lt_1 p=14 a=11 file=/data/alice/ipardoza/hadronization_production/HF_RUN3_V1/raw/MONASH/hf_MONASH_job945.root
SIGMAB_COUNTS tag=MONASH species=Xi_b0 pdg=5232 slice=eta_1_2 p=13 a=8 file=/data/alice/ipardoza/hadronization_production/HF_RUN3_V1/raw/MONASH/hf_MONASH_job945.root
SIGMAB_COUNTS tag=MONASH species=Xi_b0 pdg=5232 slice=eta_ge_2 p=37 a=35 file=/data/alice/ipardoza/hadronization_production/HF_RUN3_V1/raw/MONASH/hf_MONASH_job945.root
SIGMAB_COUNTS tag=MONASH species=Xi_b- pdg=5132 slice=all p=52 a=50 file=/data/alice/ipardoza/hadronization_production/HF_RUN3_V1/raw/MONASH/hf_MONASH_job945.root
SIGMAB_COUNTS tag=MONASH species=Xi_b- pdg=5132 slice=eta_lt_1 p=9 a=9 file=/data/alice/ipardoza/hadronization_production/HF_RUN3_V1/raw/MONASH/hf_MONASH_job945.root
SIGMAB_COUNTS tag=MONASH species=Xi_b- pdg=5132 slice=eta_1_2 p=12 a=12 file=/data/alice/ipardoza/hadronization_production/HF_RUN3_V1/raw/MONASH/hf_MONASH_job945.root
SIGMAB_COUNTS tag=MONASH species=Xi_b- pdg=5132 slice=eta_ge_2 p=31 a=29 file=/data/alice/ipardoza/hadronization_production/HF_RUN3_V1/raw/MONASH/hf_MONASH_job945.root
SIGMAB_COUNTS tag=MONASH species=Sigma_b+ pdg=5222 slice=all p=39 a=19 file=/data/alice/ipardoza/hadronization_production/HF_RUN3_V1/raw/MONASH/hf_MONASH_job946.root
SIGMAB_COUNTS tag=MONASH species=Sigma_b+ pdg=5222 slice=eta_lt_1 p=8 a=3 file=/data/alice/ipardoza/hadronization_production/HF_RUN3_V1/raw/MONASH/hf_MONASH_job946.root
SIGMAB_COUNTS tag=MONASH species=Sigma_b+ pdg=5222 slice=eta_1_2 p=5 a=6 file=/data/alice/ipardoza/hadronization_production/HF_RUN3_V1/raw/MONASH/hf_MONASH_job946.root
SIGMAB_COUNTS tag=MONASH species=Sigma_b+ pdg=5222 slice=eta_ge_2 p=26 a=10 file=/data/alice/ipardoza/hadronization_production/HF_RUN3_V1/raw/MONASH/hf_MONASH_job946.root
SIGMAB_COUNTS tag=MONASH species=Sigma_b0 pdg=5212 slice=all p=32 a=21 file=/data/alice/ipardoza/hadronization_production/HF_RUN3_V1/raw/MONASH/hf_MONASH_job946.root
SIGMAB_COUNTS tag=MONASH species=Sigma_b0 pdg=5212 slice=eta_lt_1 p=4 a=1 file=/data/alice/ipardoza/hadronization_production/HF_RUN3_V1/raw/MONASH/hf_MONASH_job946.root
SIGMAB_COUNTS tag=MONASH species=Sigma_b0 pdg=5212 slice=eta_1_2 p=8 a=4 file=/data/alice/ipardoza/hadronization_production/HF_RUN3_V1/raw/MONASH/hf_MONASH_job946.root
SIGMAB_COUNTS tag=MONASH species=Sigma_b0 pdg=5212 slice=eta_ge_2 p=20 a=16 file=/data/alice/ipardoza/hadronization_production/HF_RUN3_V1/raw/MONASH/hf_MONASH_job946.root
SIGMAB_COUNTS tag=MONASH species=Sigma_b- pdg=5112 slice=all p=35 a=27 file=/data/alice/ipardoza/hadronization_production/HF_RUN3_V1/raw/MONASH/hf_MONASH_job946.root
SIGMAB_COUNTS tag=MONASH species=Sigma_b- pdg=5112 slice=eta_lt_1 p=4 a=2 file=/data/alice/ipardoza/hadronization_production/HF_RUN3_V1/raw/MONASH/hf_MONASH_job946.root
SIGMAB_COUNTS tag=MONASH species=Sigma_b- pdg=5112 slice=eta_1_2 p=5 a=6 file=/data/alice/ipardoza/hadronization_production/HF_RUN3_V1/raw/MONASH/hf_MONASH_job946.root
SIGMAB_COUNTS tag=MONASH species=Sigma_b- pdg=5112 slice=eta_ge_2 p=26 a=19 file=/data/alice/ipardoza/hadronization_production/HF_RUN3_V1/raw/MONASH/hf_MONASH_job946.root
SIGMAB_COUNTS tag=MONASH species=Sigma*_b+ pdg=5224 slice=all p=64 a=40 file=/data/alice/ipardoza/hadronization_production/HF_RUN3_V1/raw/MONASH/hf_MONASH_job946.root
SIGMAB_COUNTS tag=MONASH species=Sigma*_b+ pdg=5224 slice=eta_lt_1 p=15 a=11 file=/data/alice/ipardoza/hadronization_production/HF_RUN3_V1/raw/MONASH/hf_MONASH_job946.root
SIGMAB_COUNTS tag=MONASH species=Sigma*_b+ pdg=5224 slice=eta_1_2 p=13 a=12 file=/data/alice/ipardoza/hadronization_production/HF_RUN3_V1/raw/MONASH/hf_MONASH_job946.root
SIGMAB_COUNTS tag=MONASH species=Sigma*_b+ pdg=5224 slice=eta_ge_2 p=36 a=17 file=/data/alice/ipardoza/hadronization_production/HF_RUN3_V1/raw/MONASH/hf_MONASH_job946.root
SIGMAB_COUNTS tag=MONASH species=Sigma*_b0 pdg=5214 slice=all p=45 a=46 file=/data/alice/ipardoza/hadronization_production/HF_RUN3_V1/raw/MONASH/hf_MONASH_job946.root
SIGMAB_COUNTS tag=MONASH species=Sigma*_b0 pdg=5214 slice=eta_lt_1 p=12 a=8 file=/data/alice/ipardoza/hadronization_production/HF_RUN3_V1/raw/MONASH/hf_MONASH_job946.root
SIGMAB_COUNTS tag=MONASH species=Sigma*_b0 pdg=5214 slice=eta_1_2 p=5 a=7 file=/data/alice/ipardoza/hadronization_production/HF_RUN3_V1/raw/MONASH/hf_MONASH_job946.root
SIGMAB_COUNTS tag=MONASH species=Sigma*_b0 pdg=5214 slice=eta_ge_2 p=28 a=31 file=/data/alice/ipardoza/hadronization_production/HF_RUN3_V1/raw/MONASH/hf_MONASH_job946.root
SIGMAB_COUNTS tag=MONASH species=Sigma*_b- pdg=5114 slice=all p=37 a=37 file=/data/alice/ipardoza/hadronization_production/HF_RUN3_V1/raw/MONASH/hf_MONASH_job946.root
SIGMAB_COUNTS tag=MONASH species=Sigma*_b- pdg=5114 slice=eta_lt_1 p=4 a=4 file=/data/alice/ipardoza/hadronization_production/HF_RUN3_V1/raw/MONASH/hf_MONASH_job946.root
SIGMAB_COUNTS tag=MONASH species=Sigma*_b- pdg=5114 slice=eta_1_2 p=10 a=7 file=/data/alice/ipardoza/hadronization_production/HF_RUN3_V1/raw/MONASH/hf_MONASH_job946.root
SIGMAB_COUNTS tag=MONASH species=Sigma*_b- pdg=5114 slice=eta_ge_2 p=23 a=26 file=/data/alice/ipardoza/hadronization_production/HF_RUN3_V1/raw/MONASH/hf_MONASH_job946.root
SIGMAB_COUNTS tag=MONASH species=Lambda_b0 pdg=5122 slice=all p=329 a=301 file=/data/alice/ipardoza/hadronization_production/HF_RUN3_V1/raw/MONASH/hf_MONASH_job946.root
SIGMAB_COUNTS tag=MONASH species=Lambda_b0 pdg=5122 slice=eta_lt_1 p=54 a=52 file=/data/alice/ipardoza/hadronization_production/HF_RUN3_V1/raw/MONASH/hf_MONASH_job946.root
SIGMAB_COUNTS tag=MONASH species=Lambda_b0 pdg=5122 slice=eta_1_2 p=74 a=60 file=/data/alice/ipardoza/hadronization_production/HF_RUN3_V1/raw/MONASH/hf_MONASH_job946.root
SIGMAB_COUNTS tag=MONASH species=Lambda_b0 pdg=5122 slice=eta_ge_2 p=201 a=189 file=/data/alice/ipardoza/hadronization_production/HF_RUN3_V1/raw/MONASH/hf_MONASH_job946.root
SIGMAB_COUNTS tag=MONASH species=Xi_b0 pdg=5232 slice=all p=70 a=61 file=/data/alice/ipardoza/hadronization_production/HF_RUN3_V1/raw/MONASH/hf_MONASH_job946.root
SIGMAB_COUNTS tag=MONASH species=Xi_b0 pdg=5232 slice=eta_lt_1 p=13 a=10 file=/data/alice/ipardoza/hadronization_production/HF_RUN3_V1/raw/MONASH/hf_MONASH_job946.root
SIGMAB_COUNTS tag=MONASH species=Xi_b0 pdg=5232 slice=eta_1_2 p=15 a=12 file=/data/alice/ipardoza/hadronization_production/HF_RUN3_V1/raw/MONASH/hf_MONASH_job946.root
SIGMAB_COUNTS tag=MONASH species=Xi_b0 pdg=5232 slice=eta_ge_2 p=42 a=39 file=/data/alice/ipardoza/hadronization_production/HF_RUN3_V1/raw/MONASH/hf_MONASH_job946.root
SIGMAB_COUNTS tag=MONASH species=Xi_b- pdg=5132 slice=all p=51 a=53 file=/data/alice/ipardoza/hadronization_production/HF_RUN3_V1/raw/MONASH/hf_MONASH_job946.root
SIGMAB_COUNTS tag=MONASH species=Xi_b- pdg=5132 slice=eta_lt_1 p=13 a=12 file=/data/alice/ipardoza/hadronization_production/HF_RUN3_V1/raw/MONASH/hf_MONASH_job946.root
SIGMAB_COUNTS tag=MONASH species=Xi_b- pdg=5132 slice=eta_1_2 p=9 a=11 file=/data/alice/ipardoza/hadronization_production/HF_RUN3_V1/raw/MONASH/hf_MONASH_job946.root
SIGMAB_COUNTS tag=MONASH species=Xi_b- pdg=5132 slice=eta_ge_2 p=29 a=30 file=/data/alice/ipardoza/hadronization_production/HF_RUN3_V1/raw/MONASH/hf_MONASH_job946.root
SIGMAB_COUNTS tag=MONASH species=Sigma_b+ pdg=5222 slice=all p=37 a=18 file=/data/alice/ipardoza/hadronization_production/HF_RUN3_V1/raw/MONASH/hf_MONASH_job947.root
SIGMAB_COUNTS tag=MONASH species=Sigma_b+ pdg=5222 slice=eta_lt_1 p=5 a=5 file=/data/alice/ipardoza/hadronization_production/HF_RUN3_V1/raw/MONASH/hf_MONASH_job947.root
SIGMAB_COUNTS tag=MONASH species=Sigma_b+ pdg=5222 slice=eta_1_2 p=6 a=7 file=/data/alice/ipardoza/hadronization_production/HF_RUN3_V1/raw/MONASH/hf_MONASH_job947.root
SIGMAB_COUNTS tag=MONASH species=Sigma_b+ pdg=5222 slice=eta_ge_2 p=26 a=6 file=/data/alice/ipardoza/hadronization_production/HF_RUN3_V1/raw/MONASH/hf_MONASH_job947.root
SIGMAB_COUNTS tag=MONASH species=Sigma_b0 pdg=5212 slice=all p=38 a=25 file=/data/alice/ipardoza/hadronization_production/HF_RUN3_V1/raw/MONASH/hf_MONASH_job947.root
SIGMAB_COUNTS tag=MONASH species=Sigma_b0 pdg=5212 slice=eta_lt_1 p=8 a=5 file=/data/alice/ipardoza/hadronization_production/HF_RUN3_V1/raw/MONASH/hf_MONASH_job947.root
SIGMAB_COUNTS tag=MONASH species=Sigma_b0 pdg=5212 slice=eta_1_2 p=4 a=5 file=/data/alice/ipardoza/hadronization_production/HF_RUN3_V1/raw/MONASH/hf_MONASH_job947.root
SIGMAB_COUNTS tag=MONASH species=Sigma_b0 pdg=5212 slice=eta_ge_2 p=26 a=15 file=/data/alice/ipardoza/hadronization_production/HF_RUN3_V1/raw/MONASH/hf_MONASH_job947.root
SIGMAB_COUNTS tag=MONASH species=Sigma_b- pdg=5112 slice=all p=28 a=24 file=/data/alice/ipardoza/hadronization_production/HF_RUN3_V1/raw/MONASH/hf_MONASH_job947.root
SIGMAB_COUNTS tag=MONASH species=Sigma_b- pdg=5112 slice=eta_lt_1 p=8 a=4 file=/data/alice/ipardoza/hadronization_production/HF_RUN3_V1/raw/MONASH/hf_MONASH_job947.root
SIGMAB_COUNTS tag=MONASH species=Sigma_b- pdg=5112 slice=eta_1_2 p=8 a=5 file=/data/alice/ipardoza/hadronization_production/HF_RUN3_V1/raw/MONASH/hf_MONASH_job947.root
SIGMAB_COUNTS tag=MONASH species=Sigma_b- pdg=5112 slice=eta_ge_2 p=12 a=15 file=/data/alice/ipardoza/hadronization_production/HF_RUN3_V1/raw/MONASH/hf_MONASH_job947.root
SIGMAB_COUNTS tag=MONASH species=Sigma*_b+ pdg=5224 slice=all p=59 a=41 file=/data/alice/ipardoza/hadronization_production/HF_RUN3_V1/raw/MONASH/hf_MONASH_job947.root
SIGMAB_COUNTS tag=MONASH species=Sigma*_b+ pdg=5224 slice=eta_lt_1 p=6 a=8 file=/data/alice/ipardoza/hadronization_production/HF_RUN3_V1/raw/MONASH/hf_MONASH_job947.root
SIGMAB_COUNTS tag=MONASH species=Sigma*_b+ pdg=5224 slice=eta_1_2 p=14 a=8 file=/data/alice/ipardoza/hadronization_production/HF_RUN3_V1/raw/MONASH/hf_MONASH_job947.root
SIGMAB_COUNTS tag=MONASH species=Sigma*_b+ pdg=5224 slice=eta_ge_2 p=39 a=25 file=/data/alice/ipardoza/hadronization_production/HF_RUN3_V1/raw/MONASH/hf_MONASH_job947.root
SIGMAB_COUNTS tag=MONASH species=Sigma*_b0 pdg=5214 slice=all p=46 a=45 file=/data/alice/ipardoza/hadronization_production/HF_RUN3_V1/raw/MONASH/hf_MONASH_job947.root
SIGMAB_COUNTS tag=MONASH species=Sigma*_b0 pdg=5214 slice=eta_lt_1 p=6 a=8 file=/data/alice/ipardoza/hadronization_production/HF_RUN3_V1/raw/MONASH/hf_MONASH_job947.root
SIGMAB_COUNTS tag=MONASH species=Sigma*_b0 pdg=5214 slice=eta_1_2 p=7 a=10 file=/data/alice/ipardoza/hadronization_production/HF_RUN3_V1/raw/MONASH/hf_MONASH_job947.root
SIGMAB_COUNTS tag=MONASH species=Sigma*_b0 pdg=5214 slice=eta_ge_2 p=33 a=27 file=/data/alice/ipardoza/hadronization_production/HF_RUN3_V1/raw/MONASH/hf_MONASH_job947.root
SIGMAB_COUNTS tag=MONASH species=Sigma*_b- pdg=5114 slice=all p=58 a=38 file=/data/alice/ipardoza/hadronization_production/HF_RUN3_V1/raw/MONASH/hf_MONASH_job947.root
SIGMAB_COUNTS tag=MONASH species=Sigma*_b- pdg=5114 slice=eta_lt_1 p=10 a=8 file=/data/alice/ipardoza/hadronization_production/HF_RUN3_V1/raw/MONASH/hf_MONASH_job947.root
SIGMAB_COUNTS tag=MONASH species=Sigma*_b- pdg=5114 slice=eta_1_2 p=10 a=10 file=/data/alice/ipardoza/hadronization_production/HF_RUN3_V1/raw/MONASH/hf_MONASH_job947.root
SIGMAB_COUNTS tag=MONASH species=Sigma*_b- pdg=5114 slice=eta_ge_2 p=38 a=20 file=/data/alice/ipardoza/hadronization_production/HF_RUN3_V1/raw/MONASH/hf_MONASH_job947.root
SIGMAB_COUNTS tag=MONASH species=Lambda_b0 pdg=5122 slice=all p=344 a=315 file=/data/alice/ipardoza/hadronization_production/HF_RUN3_V1/raw/MONASH/hf_MONASH_job947.root
SIGMAB_COUNTS tag=MONASH species=Lambda_b0 pdg=5122 slice=eta_lt_1 p=72 a=71 file=/data/alice/ipardoza/hadronization_production/HF_RUN3_V1/raw/MONASH/hf_MONASH_job947.root
SIGMAB_COUNTS tag=MONASH species=Lambda_b0 pdg=5122 slice=eta_1_2 p=67 a=67 file=/data/alice/ipardoza/hadronization_production/HF_RUN3_V1/raw/MONASH/hf_MONASH_job947.root
SIGMAB_COUNTS tag=MONASH species=Lambda_b0 pdg=5122 slice=eta_ge_2 p=205 a=177 file=/data/alice/ipardoza/hadronization_production/HF_RUN3_V1/raw/MONASH/hf_MONASH_job947.root
SIGMAB_COUNTS tag=MONASH species=Xi_b0 pdg=5232 slice=all p=48 a=63 file=/data/alice/ipardoza/hadronization_production/HF_RUN3_V1/raw/MONASH/hf_MONASH_job947.root
SIGMAB_COUNTS tag=MONASH species=Xi_b0 pdg=5232 slice=eta_lt_1 p=11 a=16 file=/data/alice/ipardoza/hadronization_production/HF_RUN3_V1/raw/MONASH/hf_MONASH_job947.root
SIGMAB_COUNTS tag=MONASH species=Xi_b0 pdg=5232 slice=eta_1_2 p=16 a=11 file=/data/alice/ipardoza/hadronization_production/HF_RUN3_V1/raw/MONASH/hf_MONASH_job947.root
SIGMAB_COUNTS tag=MONASH species=Xi_b0 pdg=5232 slice=eta_ge_2 p=21 a=36 file=/data/alice/ipardoza/hadronization_production/HF_RUN3_V1/raw/MONASH/hf_MONASH_job947.root
SIGMAB_COUNTS tag=MONASH species=Xi_b- pdg=5132 slice=all p=55 a=61 file=/data/alice/ipardoza/hadronization_production/HF_RUN3_V1/raw/MONASH/hf_MONASH_job947.root
SIGMAB_COUNTS tag=MONASH species=Xi_b- pdg=5132 slice=eta_lt_1 p=8 a=16 file=/data/alice/ipardoza/hadronization_production/HF_RUN3_V1/raw/MONASH/hf_MONASH_job947.root
SIGMAB_COUNTS tag=MONASH species=Xi_b- pdg=5132 slice=eta_1_2 p=12 a=15 file=/data/alice/ipardoza/hadronization_production/HF_RUN3_V1/raw/MONASH/hf_MONASH_job947.root
SIGMAB_COUNTS tag=MONASH species=Xi_b- pdg=5132 slice=eta_ge_2 p=35 a=30 file=/data/alice/ipardoza/hadronization_production/HF_RUN3_V1/raw/MONASH/hf_MONASH_job947.root
SIGMAB_COUNTS tag=MONASH species=Sigma_b+ pdg=5222 slice=all p=24 a=19 file=/data/alice/ipardoza/hadronization_production/HF_RUN3_V1/raw/MONASH/hf_MONASH_job948.root
SIGMAB_COUNTS tag=MONASH species=Sigma_b+ pdg=5222 slice=eta_lt_1 p=4 a=4 file=/data/alice/ipardoza/hadronization_production/HF_RUN3_V1/raw/MONASH/hf_MONASH_job948.root
SIGMAB_COUNTS tag=MONASH species=Sigma_b+ pdg=5222 slice=eta_1_2 p=7 a=5 file=/data/alice/ipardoza/hadronization_production/HF_RUN3_V1/raw/MONASH/hf_MONASH_job948.root
SIGMAB_COUNTS tag=MONASH species=Sigma_b+ pdg=5222 slice=eta_ge_2 p=13 a=10 file=/data/alice/ipardoza/hadronization_production/HF_RUN3_V1/raw/MONASH/hf_MONASH_job948.root
SIGMAB_COUNTS tag=MONASH species=Sigma_b0 pdg=5212 slice=all p=26 a=14 file=/data/alice/ipardoza/hadronization_production/HF_RUN3_V1/raw/MONASH/hf_MONASH_job948.root
SIGMAB_COUNTS tag=MONASH species=Sigma_b0 pdg=5212 slice=eta_lt_1 p=3 a=2 file=/data/alice/ipardoza/hadronization_production/HF_RUN3_V1/raw/MONASH/hf_MONASH_job948.root
SIGMAB_COUNTS tag=MONASH species=Sigma_b0 pdg=5212 slice=eta_1_2 p=5 a=5 file=/data/alice/ipardoza/hadronization_production/HF_RUN3_V1/raw/MONASH/hf_MONASH_job948.root
SIGMAB_COUNTS tag=MONASH species=Sigma_b0 pdg=5212 slice=eta_ge_2 p=18 a=7 file=/data/alice/ipardoza/hadronization_production/HF_RUN3_V1/raw/MONASH/hf_MONASH_job948.root
SIGMAB_COUNTS tag=MONASH species=Sigma_b- pdg=5112 slice=all p=24 a=19 file=/data/alice/ipardoza/hadronization_production/HF_RUN3_V1/raw/MONASH/hf_MONASH_job948.root
SIGMAB_COUNTS tag=MONASH species=Sigma_b- pdg=5112 slice=eta_lt_1 p=5 a=4 file=/data/alice/ipardoza/hadronization_production/HF_RUN3_V1/raw/MONASH/hf_MONASH_job948.root
SIGMAB_COUNTS tag=MONASH species=Sigma_b- pdg=5112 slice=eta_1_2 p=3 a=3 file=/data/alice/ipardoza/hadronization_production/HF_RUN3_V1/raw/MONASH/hf_MONASH_job948.root
SIGMAB_COUNTS tag=MONASH species=Sigma_b- pdg=5112 slice=eta_ge_2 p=16 a=12 file=/data/alice/ipardoza/hadronization_production/HF_RUN3_V1/raw/MONASH/hf_MONASH_job948.root
SIGMAB_COUNTS tag=MONASH species=Sigma*_b+ pdg=5224 slice=all p=55 a=34 file=/data/alice/ipardoza/hadronization_production/HF_RUN3_V1/raw/MONASH/hf_MONASH_job948.root
SIGMAB_COUNTS tag=MONASH species=Sigma*_b+ pdg=5224 slice=eta_lt_1 p=3 a=5 file=/data/alice/ipardoza/hadronization_production/HF_RUN3_V1/raw/MONASH/hf_MONASH_job948.root
SIGMAB_COUNTS tag=MONASH species=Sigma*_b+ pdg=5224 slice=eta_1_2 p=13 a=5 file=/data/alice/ipardoza/hadronization_production/HF_RUN3_V1/raw/MONASH/hf_MONASH_job948.root
SIGMAB_COUNTS tag=MONASH species=Sigma*_b+ pdg=5224 slice=eta_ge_2 p=39 a=24 file=/data/alice/ipardoza/hadronization_production/HF_RUN3_V1/raw/MONASH/hf_MONASH_job948.root
SIGMAB_COUNTS tag=MONASH species=Sigma*_b0 pdg=5214 slice=all p=64 a=34 file=/data/alice/ipardoza/hadronization_production/HF_RUN3_V1/raw/MONASH/hf_MONASH_job948.root
SIGMAB_COUNTS tag=MONASH species=Sigma*_b0 pdg=5214 slice=eta_lt_1 p=10 a=3 file=/data/alice/ipardoza/hadronization_production/HF_RUN3_V1/raw/MONASH/hf_MONASH_job948.root
SIGMAB_COUNTS tag=MONASH species=Sigma*_b0 pdg=5214 slice=eta_1_2 p=15 a=12 file=/data/alice/ipardoza/hadronization_production/HF_RUN3_V1/raw/MONASH/hf_MONASH_job948.root
SIGMAB_COUNTS tag=MONASH species=Sigma*_b0 pdg=5214 slice=eta_ge_2 p=39 a=19 file=/data/alice/ipardoza/hadronization_production/HF_RUN3_V1/raw/MONASH/hf_MONASH_job948.root
SIGMAB_COUNTS tag=MONASH species=Sigma*_b- pdg=5114 slice=all p=44 a=38 file=/data/alice/ipardoza/hadronization_production/HF_RUN3_V1/raw/MONASH/hf_MONASH_job948.root
SIGMAB_COUNTS tag=MONASH species=Sigma*_b- pdg=5114 slice=eta_lt_1 p=6 a=11 file=/data/alice/ipardoza/hadronization_production/HF_RUN3_V1/raw/MONASH/hf_MONASH_job948.root
SIGMAB_COUNTS tag=MONASH species=Sigma*_b- pdg=5114 slice=eta_1_2 p=4 a=4 file=/data/alice/ipardoza/hadronization_production/HF_RUN3_V1/raw/MONASH/hf_MONASH_job948.root
SIGMAB_COUNTS tag=MONASH species=Sigma*_b- pdg=5114 slice=eta_ge_2 p=34 a=23 file=/data/alice/ipardoza/hadronization_production/HF_RUN3_V1/raw/MONASH/hf_MONASH_job948.root
SIGMAB_COUNTS tag=MONASH species=Lambda_b0 pdg=5122 slice=all p=293 a=334 file=/data/alice/ipardoza/hadronization_production/HF_RUN3_V1/raw/MONASH/hf_MONASH_job948.root
SIGMAB_COUNTS tag=MONASH species=Lambda_b0 pdg=5122 slice=eta_lt_1 p=62 a=56 file=/data/alice/ipardoza/hadronization_production/HF_RUN3_V1/raw/MONASH/hf_MONASH_job948.root
SIGMAB_COUNTS tag=MONASH species=Lambda_b0 pdg=5122 slice=eta_1_2 p=73 a=71 file=/data/alice/ipardoza/hadronization_production/HF_RUN3_V1/raw/MONASH/hf_MONASH_job948.root
SIGMAB_COUNTS tag=MONASH species=Lambda_b0 pdg=5122 slice=eta_ge_2 p=158 a=207 file=/data/alice/ipardoza/hadronization_production/HF_RUN3_V1/raw/MONASH/hf_MONASH_job948.root
SIGMAB_COUNTS tag=MONASH species=Xi_b0 pdg=5232 slice=all p=64 a=43 file=/data/alice/ipardoza/hadronization_production/HF_RUN3_V1/raw/MONASH/hf_MONASH_job948.root
SIGMAB_COUNTS tag=MONASH species=Xi_b0 pdg=5232 slice=eta_lt_1 p=10 a=7 file=/data/alice/ipardoza/hadronization_production/HF_RUN3_V1/raw/MONASH/hf_MONASH_job948.root
SIGMAB_COUNTS tag=MONASH species=Xi_b0 pdg=5232 slice=eta_1_2 p=13 a=11 file=/data/alice/ipardoza/hadronization_production/HF_RUN3_V1/raw/MONASH/hf_MONASH_job948.root
SIGMAB_COUNTS tag=MONASH species=Xi_b0 pdg=5232 slice=eta_ge_2 p=41 a=25 file=/data/alice/ipardoza/hadronization_production/HF_RUN3_V1/raw/MONASH/hf_MONASH_job948.root
SIGMAB_COUNTS tag=MONASH species=Xi_b- pdg=5132 slice=all p=53 a=48 file=/data/alice/ipardoza/hadronization_production/HF_RUN3_V1/raw/MONASH/hf_MONASH_job948.root
SIGMAB_COUNTS tag=MONASH species=Xi_b- pdg=5132 slice=eta_lt_1 p=4 a=7 file=/data/alice/ipardoza/hadronization_production/HF_RUN3_V1/raw/MONASH/hf_MONASH_job948.root
SIGMAB_COUNTS tag=MONASH species=Xi_b- pdg=5132 slice=eta_1_2 p=14 a=9 file=/data/alice/ipardoza/hadronization_production/HF_RUN3_V1/raw/MONASH/hf_MONASH_job948.root
SIGMAB_COUNTS tag=MONASH species=Xi_b- pdg=5132 slice=eta_ge_2 p=35 a=32 file=/data/alice/ipardoza/hadronization_production/HF_RUN3_V1/raw/MONASH/hf_MONASH_job948.root
SIGMAB_COUNTS tag=MONASH species=Sigma_b+ pdg=5222 slice=all p=31 a=25 file=/data/alice/ipardoza/hadronization_production/HF_RUN3_V1/raw/MONASH/hf_MONASH_job949.root
SIGMAB_COUNTS tag=MONASH species=Sigma_b+ pdg=5222 slice=eta_lt_1 p=6 a=10 file=/data/alice/ipardoza/hadronization_production/HF_RUN3_V1/raw/MONASH/hf_MONASH_job949.root
SIGMAB_COUNTS tag=MONASH species=Sigma_b+ pdg=5222 slice=eta_1_2 p=4 a=3 file=/data/alice/ipardoza/hadronization_production/HF_RUN3_V1/raw/MONASH/hf_MONASH_job949.root
SIGMAB_COUNTS tag=MONASH species=Sigma_b+ pdg=5222 slice=eta_ge_2 p=21 a=12 file=/data/alice/ipardoza/hadronization_production/HF_RUN3_V1/raw/MONASH/hf_MONASH_job949.root
SIGMAB_COUNTS tag=MONASH species=Sigma_b0 pdg=5212 slice=all p=46 a=25 file=/data/alice/ipardoza/hadronization_production/HF_RUN3_V1/raw/MONASH/hf_MONASH_job949.root
SIGMAB_COUNTS tag=MONASH species=Sigma_b0 pdg=5212 slice=eta_lt_1 p=6 a=3 file=/data/alice/ipardoza/hadronization_production/HF_RUN3_V1/raw/MONASH/hf_MONASH_job949.root
SIGMAB_COUNTS tag=MONASH species=Sigma_b0 pdg=5212 slice=eta_1_2 p=11 a=8 file=/data/alice/ipardoza/hadronization_production/HF_RUN3_V1/raw/MONASH/hf_MONASH_job949.root
SIGMAB_COUNTS tag=MONASH species=Sigma_b0 pdg=5212 slice=eta_ge_2 p=29 a=14 file=/data/alice/ipardoza/hadronization_production/HF_RUN3_V1/raw/MONASH/hf_MONASH_job949.root
SIGMAB_COUNTS tag=MONASH species=Sigma_b- pdg=5112 slice=all p=34 a=13 file=/data/alice/ipardoza/hadronization_production/HF_RUN3_V1/raw/MONASH/hf_MONASH_job949.root
SIGMAB_COUNTS tag=MONASH species=Sigma_b- pdg=5112 slice=eta_lt_1 p=5 a=5 file=/data/alice/ipardoza/hadronization_production/HF_RUN3_V1/raw/MONASH/hf_MONASH_job949.root
SIGMAB_COUNTS tag=MONASH species=Sigma_b- pdg=5112 slice=eta_1_2 p=7 a=0 file=/data/alice/ipardoza/hadronization_production/HF_RUN3_V1/raw/MONASH/hf_MONASH_job949.root
SIGMAB_COUNTS tag=MONASH species=Sigma_b- pdg=5112 slice=eta_ge_2 p=22 a=8 file=/data/alice/ipardoza/hadronization_production/HF_RUN3_V1/raw/MONASH/hf_MONASH_job949.root
SIGMAB_COUNTS tag=MONASH species=Sigma*_b+ pdg=5224 slice=all p=39 a=33 file=/data/alice/ipardoza/hadronization_production/HF_RUN3_V1/raw/MONASH/hf_MONASH_job949.root
SIGMAB_COUNTS tag=MONASH species=Sigma*_b+ pdg=5224 slice=eta_lt_1 p=9 a=5 file=/data/alice/ipardoza/hadronization_production/HF_RUN3_V1/raw/MONASH/hf_MONASH_job949.root
SIGMAB_COUNTS tag=MONASH species=Sigma*_b+ pdg=5224 slice=eta_1_2 p=7 a=11 file=/data/alice/ipardoza/hadronization_production/HF_RUN3_V1/raw/MONASH/hf_MONASH_job949.root
SIGMAB_COUNTS tag=MONASH species=Sigma*_b+ pdg=5224 slice=eta_ge_2 p=23 a=17 file=/data/alice/ipardoza/hadronization_production/HF_RUN3_V1/raw/MONASH/hf_MONASH_job949.root
SIGMAB_COUNTS tag=MONASH species=Sigma*_b0 pdg=5214 slice=all p=41 a=32 file=/data/alice/ipardoza/hadronization_production/HF_RUN3_V1/raw/MONASH/hf_MONASH_job949.root
SIGMAB_COUNTS tag=MONASH species=Sigma*_b0 pdg=5214 slice=eta_lt_1 p=9 a=5 file=/data/alice/ipardoza/hadronization_production/HF_RUN3_V1/raw/MONASH/hf_MONASH_job949.root
SIGMAB_COUNTS tag=MONASH species=Sigma*_b0 pdg=5214 slice=eta_1_2 p=5 a=9 file=/data/alice/ipardoza/hadronization_production/HF_RUN3_V1/raw/MONASH/hf_MONASH_job949.root
SIGMAB_COUNTS tag=MONASH species=Sigma*_b0 pdg=5214 slice=eta_ge_2 p=27 a=18 file=/data/alice/ipardoza/hadronization_production/HF_RUN3_V1/raw/MONASH/hf_MONASH_job949.root
SIGMAB_COUNTS tag=MONASH species=Sigma*_b- pdg=5114 slice=all p=50 a=51 file=/data/alice/ipardoza/hadronization_production/HF_RUN3_V1/raw/MONASH/hf_MONASH_job949.root
SIGMAB_COUNTS tag=MONASH species=Sigma*_b- pdg=5114 slice=eta_lt_1 p=14 a=8 file=/data/alice/ipardoza/hadronization_production/HF_RUN3_V1/raw/MONASH/hf_MONASH_job949.root
SIGMAB_COUNTS tag=MONASH species=Sigma*_b- pdg=5114 slice=eta_1_2 p=9 a=7 file=/data/alice/ipardoza/hadronization_production/HF_RUN3_V1/raw/MONASH/hf_MONASH_job949.root
SIGMAB_COUNTS tag=MONASH species=Sigma*_b- pdg=5114 slice=eta_ge_2 p=27 a=36 file=/data/alice/ipardoza/hadronization_production/HF_RUN3_V1/raw/MONASH/hf_MONASH_job949.root
SIGMAB_COUNTS tag=MONASH species=Lambda_b0 pdg=5122 slice=all p=317 a=299 file=/data/alice/ipardoza/hadronization_production/HF_RUN3_V1/raw/MONASH/hf_MONASH_job949.root
SIGMAB_COUNTS tag=MONASH species=Lambda_b0 pdg=5122 slice=eta_lt_1 p=57 a=54 file=/data/alice/ipardoza/hadronization_production/HF_RUN3_V1/raw/MONASH/hf_MONASH_job949.root
SIGMAB_COUNTS tag=MONASH species=Lambda_b0 pdg=5122 slice=eta_1_2 p=84 a=71 file=/data/alice/ipardoza/hadronization_production/HF_RUN3_V1/raw/MONASH/hf_MONASH_job949.root
SIGMAB_COUNTS tag=MONASH species=Lambda_b0 pdg=5122 slice=eta_ge_2 p=176 a=174 file=/data/alice/ipardoza/hadronization_production/HF_RUN3_V1/raw/MONASH/hf_MONASH_job949.root
SIGMAB_COUNTS tag=MONASH species=Xi_b0 pdg=5232 slice=all p=64 a=39 file=/data/alice/ipardoza/hadronization_production/HF_RUN3_V1/raw/MONASH/hf_MONASH_job949.root
SIGMAB_COUNTS tag=MONASH species=Xi_b0 pdg=5232 slice=eta_lt_1 p=11 a=9 file=/data/alice/ipardoza/hadronization_production/HF_RUN3_V1/raw/MONASH/hf_MONASH_job949.root
SIGMAB_COUNTS tag=MONASH species=Xi_b0 pdg=5232 slice=eta_1_2 p=8 a=10 file=/data/alice/ipardoza/hadronization_production/HF_RUN3_V1/raw/MONASH/hf_MONASH_job949.root
SIGMAB_COUNTS tag=MONASH species=Xi_b0 pdg=5232 slice=eta_ge_2 p=45 a=20 file=/data/alice/ipardoza/hadronization_production/HF_RUN3_V1/raw/MONASH/hf_MONASH_job949.root
SIGMAB_COUNTS tag=MONASH species=Xi_b- pdg=5132 slice=all p=56 a=63 file=/data/alice/ipardoza/hadronization_production/HF_RUN3_V1/raw/MONASH/hf_MONASH_job949.root
SIGMAB_COUNTS tag=MONASH species=Xi_b- pdg=5132 slice=eta_lt_1 p=9 a=10 file=/data/alice/ipardoza/hadronization_production/HF_RUN3_V1/raw/MONASH/hf_MONASH_job949.root
SIGMAB_COUNTS tag=MONASH species=Xi_b- pdg=5132 slice=eta_1_2 p=9 a=15 file=/data/alice/ipardoza/hadronization_production/HF_RUN3_V1/raw/MONASH/hf_MONASH_job949.root
SIGMAB_COUNTS tag=MONASH species=Xi_b- pdg=5132 slice=eta_ge_2 p=38 a=38 file=/data/alice/ipardoza/hadronization_production/HF_RUN3_V1/raw/MONASH/hf_MONASH_job949.root
SIGMAB_COUNTS tag=MONASH species=Sigma_b+ pdg=5222 slice=all p=41 a=20 file=/data/alice/ipardoza/hadronization_production/HF_RUN3_V1/raw/MONASH/hf_MONASH_job950.root
SIGMAB_COUNTS tag=MONASH species=Sigma_b+ pdg=5222 slice=eta_lt_1 p=3 a=4 file=/data/alice/ipardoza/hadronization_production/HF_RUN3_V1/raw/MONASH/hf_MONASH_job950.root
SIGMAB_COUNTS tag=MONASH species=Sigma_b+ pdg=5222 slice=eta_1_2 p=8 a=7 file=/data/alice/ipardoza/hadronization_production/HF_RUN3_V1/raw/MONASH/hf_MONASH_job950.root
SIGMAB_COUNTS tag=MONASH species=Sigma_b+ pdg=5222 slice=eta_ge_2 p=30 a=9 file=/data/alice/ipardoza/hadronization_production/HF_RUN3_V1/raw/MONASH/hf_MONASH_job950.root
SIGMAB_COUNTS tag=MONASH species=Sigma_b0 pdg=5212 slice=all p=34 a=22 file=/data/alice/ipardoza/hadronization_production/HF_RUN3_V1/raw/MONASH/hf_MONASH_job950.root
SIGMAB_COUNTS tag=MONASH species=Sigma_b0 pdg=5212 slice=eta_lt_1 p=7 a=5 file=/data/alice/ipardoza/hadronization_production/HF_RUN3_V1/raw/MONASH/hf_MONASH_job950.root
SIGMAB_COUNTS tag=MONASH species=Sigma_b0 pdg=5212 slice=eta_1_2 p=2 a=3 file=/data/alice/ipardoza/hadronization_production/HF_RUN3_V1/raw/MONASH/hf_MONASH_job950.root
SIGMAB_COUNTS tag=MONASH species=Sigma_b0 pdg=5212 slice=eta_ge_2 p=25 a=14 file=/data/alice/ipardoza/hadronization_production/HF_RUN3_V1/raw/MONASH/hf_MONASH_job950.root
SIGMAB_COUNTS tag=MONASH species=Sigma_b- pdg=5112 slice=all p=36 a=27 file=/data/alice/ipardoza/hadronization_production/HF_RUN3_V1/raw/MONASH/hf_MONASH_job950.root
SIGMAB_COUNTS tag=MONASH species=Sigma_b- pdg=5112 slice=eta_lt_1 p=6 a=5 file=/data/alice/ipardoza/hadronization_production/HF_RUN3_V1/raw/MONASH/hf_MONASH_job950.root
SIGMAB_COUNTS tag=MONASH species=Sigma_b- pdg=5112 slice=eta_1_2 p=7 a=6 file=/data/alice/ipardoza/hadronization_production/HF_RUN3_V1/raw/MONASH/hf_MONASH_job950.root
SIGMAB_COUNTS tag=MONASH species=Sigma_b- pdg=5112 slice=eta_ge_2 p=23 a=16 file=/data/alice/ipardoza/hadronization_production/HF_RUN3_V1/raw/MONASH/hf_MONASH_job950.root
SIGMAB_COUNTS tag=MONASH species=Sigma*_b+ pdg=5224 slice=all p=44 a=36 file=/data/alice/ipardoza/hadronization_production/HF_RUN3_V1/raw/MONASH/hf_MONASH_job950.root
SIGMAB_COUNTS tag=MONASH species=Sigma*_b+ pdg=5224 slice=eta_lt_1 p=7 a=3 file=/data/alice/ipardoza/hadronization_production/HF_RUN3_V1/raw/MONASH/hf_MONASH_job950.root
SIGMAB_COUNTS tag=MONASH species=Sigma*_b+ pdg=5224 slice=eta_1_2 p=7 a=11 file=/data/alice/ipardoza/hadronization_production/HF_RUN3_V1/raw/MONASH/hf_MONASH_job950.root
SIGMAB_COUNTS tag=MONASH species=Sigma*_b+ pdg=5224 slice=eta_ge_2 p=30 a=22 file=/data/alice/ipardoza/hadronization_production/HF_RUN3_V1/raw/MONASH/hf_MONASH_job950.root
SIGMAB_COUNTS tag=MONASH species=Sigma*_b0 pdg=5214 slice=all p=51 a=44 file=/data/alice/ipardoza/hadronization_production/HF_RUN3_V1/raw/MONASH/hf_MONASH_job950.root
SIGMAB_COUNTS tag=MONASH species=Sigma*_b0 pdg=5214 slice=eta_lt_1 p=12 a=9 file=/data/alice/ipardoza/hadronization_production/HF_RUN3_V1/raw/MONASH/hf_MONASH_job950.root
SIGMAB_COUNTS tag=MONASH species=Sigma*_b0 pdg=5214 slice=eta_1_2 p=9 a=10 file=/data/alice/ipardoza/hadronization_production/HF_RUN3_V1/raw/MONASH/hf_MONASH_job950.root
SIGMAB_COUNTS tag=MONASH species=Sigma*_b0 pdg=5214 slice=eta_ge_2 p=30 a=25 file=/data/alice/ipardoza/hadronization_production/HF_RUN3_V1/raw/MONASH/hf_MONASH_job950.root
SIGMAB_COUNTS tag=MONASH species=Sigma*_b- pdg=5114 slice=all p=55 a=35 file=/data/alice/ipardoza/hadronization_production/HF_RUN3_V1/raw/MONASH/hf_MONASH_job950.root
SIGMAB_COUNTS tag=MONASH species=Sigma*_b- pdg=5114 slice=eta_lt_1 p=5 a=7 file=/data/alice/ipardoza/hadronization_production/HF_RUN3_V1/raw/MONASH/hf_MONASH_job950.root
SIGMAB_COUNTS tag=MONASH species=Sigma*_b- pdg=5114 slice=eta_1_2 p=7 a=7 file=/data/alice/ipardoza/hadronization_production/HF_RUN3_V1/raw/MONASH/hf_MONASH_job950.root
SIGMAB_COUNTS tag=MONASH species=Sigma*_b- pdg=5114 slice=eta_ge_2 p=43 a=21 file=/data/alice/ipardoza/hadronization_production/HF_RUN3_V1/raw/MONASH/hf_MONASH_job950.root
SIGMAB_COUNTS tag=MONASH species=Lambda_b0 pdg=5122 slice=all p=327 a=323 file=/data/alice/ipardoza/hadronization_production/HF_RUN3_V1/raw/MONASH/hf_MONASH_job950.root
SIGMAB_COUNTS tag=MONASH species=Lambda_b0 pdg=5122 slice=eta_lt_1 p=74 a=58 file=/data/alice/ipardoza/hadronization_production/HF_RUN3_V1/raw/MONASH/hf_MONASH_job950.root
SIGMAB_COUNTS tag=MONASH species=Lambda_b0 pdg=5122 slice=eta_1_2 p=60 a=80 file=/data/alice/ipardoza/hadronization_production/HF_RUN3_V1/raw/MONASH/hf_MONASH_job950.root
SIGMAB_COUNTS tag=MONASH species=Lambda_b0 pdg=5122 slice=eta_ge_2 p=193 a=185 file=/data/alice/ipardoza/hadronization_production/HF_RUN3_V1/raw/MONASH/hf_MONASH_job950.root
SIGMAB_COUNTS tag=MONASH species=Xi_b0 pdg=5232 slice=all p=52 a=53 file=/data/alice/ipardoza/hadronization_production/HF_RUN3_V1/raw/MONASH/hf_MONASH_job950.root
SIGMAB_COUNTS tag=MONASH species=Xi_b0 pdg=5232 slice=eta_lt_1 p=15 a=10 file=/data/alice/ipardoza/hadronization_production/HF_RUN3_V1/raw/MONASH/hf_MONASH_job950.root
SIGMAB_COUNTS tag=MONASH species=Xi_b0 pdg=5232 slice=eta_1_2 p=11 a=11 file=/data/alice/ipardoza/hadronization_production/HF_RUN3_V1/raw/MONASH/hf_MONASH_job950.root
SIGMAB_COUNTS tag=MONASH species=Xi_b0 pdg=5232 slice=eta_ge_2 p=26 a=32 file=/data/alice/ipardoza/hadronization_production/HF_RUN3_V1/raw/MONASH/hf_MONASH_job950.root
SIGMAB_COUNTS tag=MONASH species=Xi_b- pdg=5132 slice=all p=53 a=56 file=/data/alice/ipardoza/hadronization_production/HF_RUN3_V1/raw/MONASH/hf_MONASH_job950.root
SIGMAB_COUNTS tag=MONASH species=Xi_b- pdg=5132 slice=eta_lt_1 p=10 a=6 file=/data/alice/ipardoza/hadronization_production/HF_RUN3_V1/raw/MONASH/hf_MONASH_job950.root
SIGMAB_COUNTS tag=MONASH species=Xi_b- pdg=5132 slice=eta_1_2 p=11 a=9 file=/data/alice/ipardoza/hadronization_production/HF_RUN3_V1/raw/MONASH/hf_MONASH_job950.root
SIGMAB_COUNTS tag=MONASH species=Xi_b- pdg=5132 slice=eta_ge_2 p=32 a=41 file=/data/alice/ipardoza/hadronization_production/HF_RUN3_V1/raw/MONASH/hf_MONASH_job950.root
SIGMAB_COUNTS tag=MONASH species=Sigma_b+ pdg=5222 slice=all p=31 a=18 file=/data/alice/ipardoza/hadronization_production/HF_RUN3_V1/raw/MONASH/hf_MONASH_job951.root
SIGMAB_COUNTS tag=MONASH species=Sigma_b+ pdg=5222 slice=eta_lt_1 p=10 a=5 file=/data/alice/ipardoza/hadronization_production/HF_RUN3_V1/raw/MONASH/hf_MONASH_job951.root
SIGMAB_COUNTS tag=MONASH species=Sigma_b+ pdg=5222 slice=eta_1_2 p=5 a=3 file=/data/alice/ipardoza/hadronization_production/HF_RUN3_V1/raw/MONASH/hf_MONASH_job951.root
SIGMAB_COUNTS tag=MONASH species=Sigma_b+ pdg=5222 slice=eta_ge_2 p=16 a=10 file=/data/alice/ipardoza/hadronization_production/HF_RUN3_V1/raw/MONASH/hf_MONASH_job951.root
SIGMAB_COUNTS tag=MONASH species=Sigma_b0 pdg=5212 slice=all p=28 a=9 file=/data/alice/ipardoza/hadronization_production/HF_RUN3_V1/raw/MONASH/hf_MONASH_job951.root
SIGMAB_COUNTS tag=MONASH species=Sigma_b0 pdg=5212 slice=eta_lt_1 p=3 a=1 file=/data/alice/ipardoza/hadronization_production/HF_RUN3_V1/raw/MONASH/hf_MONASH_job951.root
SIGMAB_COUNTS tag=MONASH species=Sigma_b0 pdg=5212 slice=eta_1_2 p=7 a=1 file=/data/alice/ipardoza/hadronization_production/HF_RUN3_V1/raw/MONASH/hf_MONASH_job951.root
SIGMAB_COUNTS tag=MONASH species=Sigma_b0 pdg=5212 slice=eta_ge_2 p=18 a=7 file=/data/alice/ipardoza/hadronization_production/HF_RUN3_V1/raw/MONASH/hf_MONASH_job951.root
SIGMAB_COUNTS tag=MONASH species=Sigma_b- pdg=5112 slice=all p=32 a=15 file=/data/alice/ipardoza/hadronization_production/HF_RUN3_V1/raw/MONASH/hf_MONASH_job951.root
SIGMAB_COUNTS tag=MONASH species=Sigma_b- pdg=5112 slice=eta_lt_1 p=10 a=2 file=/data/alice/ipardoza/hadronization_production/HF_RUN3_V1/raw/MONASH/hf_MONASH_job951.root
SIGMAB_COUNTS tag=MONASH species=Sigma_b- pdg=5112 slice=eta_1_2 p=2 a=3 file=/data/alice/ipardoza/hadronization_production/HF_RUN3_V1/raw/MONASH/hf_MONASH_job951.root
SIGMAB_COUNTS tag=MONASH species=Sigma_b- pdg=5112 slice=eta_ge_2 p=20 a=10 file=/data/alice/ipardoza/hadronization_production/HF_RUN3_V1/raw/MONASH/hf_MONASH_job951.root
SIGMAB_COUNTS tag=MONASH species=Sigma*_b+ pdg=5224 slice=all p=72 a=39 file=/data/alice/ipardoza/hadronization_production/HF_RUN3_V1/raw/MONASH/hf_MONASH_job951.root
SIGMAB_COUNTS tag=MONASH species=Sigma*_b+ pdg=5224 slice=eta_lt_1 p=12 a=10 file=/data/alice/ipardoza/hadronization_production/HF_RUN3_V1/raw/MONASH/hf_MONASH_job951.root
SIGMAB_COUNTS tag=MONASH species=Sigma*_b+ pdg=5224 slice=eta_1_2 p=16 a=7 file=/data/alice/ipardoza/hadronization_production/HF_RUN3_V1/raw/MONASH/hf_MONASH_job951.root
SIGMAB_COUNTS tag=MONASH species=Sigma*_b+ pdg=5224 slice=eta_ge_2 p=44 a=22 file=/data/alice/ipardoza/hadronization_production/HF_RUN3_V1/raw/MONASH/hf_MONASH_job951.root
SIGMAB_COUNTS tag=MONASH species=Sigma*_b0 pdg=5214 slice=all p=47 a=38 file=/data/alice/ipardoza/hadronization_production/HF_RUN3_V1/raw/MONASH/hf_MONASH_job951.root
SIGMAB_COUNTS tag=MONASH species=Sigma*_b0 pdg=5214 slice=eta_lt_1 p=5 a=4 file=/data/alice/ipardoza/hadronization_production/HF_RUN3_V1/raw/MONASH/hf_MONASH_job951.root
SIGMAB_COUNTS tag=MONASH species=Sigma*_b0 pdg=5214 slice=eta_1_2 p=10 a=9 file=/data/alice/ipardoza/hadronization_production/HF_RUN3_V1/raw/MONASH/hf_MONASH_job951.root
SIGMAB_COUNTS tag=MONASH species=Sigma*_b0 pdg=5214 slice=eta_ge_2 p=32 a=25 file=/data/alice/ipardoza/hadronization_production/HF_RUN3_V1/raw/MONASH/hf_MONASH_job951.root
SIGMAB_COUNTS tag=MONASH species=Sigma*_b- pdg=5114 slice=all p=54 a=30 file=/data/alice/ipardoza/hadronization_production/HF_RUN3_V1/raw/MONASH/hf_MONASH_job951.root
SIGMAB_COUNTS tag=MONASH species=Sigma*_b- pdg=5114 slice=eta_lt_1 p=10 a=7 file=/data/alice/ipardoza/hadronization_production/HF_RUN3_V1/raw/MONASH/hf_MONASH_job951.root
SIGMAB_COUNTS tag=MONASH species=Sigma*_b- pdg=5114 slice=eta_1_2 p=10 a=5 file=/data/alice/ipardoza/hadronization_production/HF_RUN3_V1/raw/MONASH/hf_MONASH_job951.root
SIGMAB_COUNTS tag=MONASH species=Sigma*_b- pdg=5114 slice=eta_ge_2 p=34 a=18 file=/data/alice/ipardoza/hadronization_production/HF_RUN3_V1/raw/MONASH/hf_MONASH_job951.root
SIGMAB_COUNTS tag=MONASH species=Lambda_b0 pdg=5122 slice=all p=333 a=309 file=/data/alice/ipardoza/hadronization_production/HF_RUN3_V1/raw/MONASH/hf_MONASH_job951.root
SIGMAB_COUNTS tag=MONASH species=Lambda_b0 pdg=5122 slice=eta_lt_1 p=55 a=62 file=/data/alice/ipardoza/hadronization_production/HF_RUN3_V1/raw/MONASH/hf_MONASH_job951.root
SIGMAB_COUNTS tag=MONASH species=Lambda_b0 pdg=5122 slice=eta_1_2 p=83 a=74 file=/data/alice/ipardoza/hadronization_production/HF_RUN3_V1/raw/MONASH/hf_MONASH_job951.root
SIGMAB_COUNTS tag=MONASH species=Lambda_b0 pdg=5122 slice=eta_ge_2 p=195 a=173 file=/data/alice/ipardoza/hadronization_production/HF_RUN3_V1/raw/MONASH/hf_MONASH_job951.root
SIGMAB_COUNTS tag=MONASH species=Xi_b0 pdg=5232 slice=all p=61 a=63 file=/data/alice/ipardoza/hadronization_production/HF_RUN3_V1/raw/MONASH/hf_MONASH_job951.root
SIGMAB_COUNTS tag=MONASH species=Xi_b0 pdg=5232 slice=eta_lt_1 p=10 a=9 file=/data/alice/ipardoza/hadronization_production/HF_RUN3_V1/raw/MONASH/hf_MONASH_job951.root
SIGMAB_COUNTS tag=MONASH species=Xi_b0 pdg=5232 slice=eta_1_2 p=13 a=14 file=/data/alice/ipardoza/hadronization_production/HF_RUN3_V1/raw/MONASH/hf_MONASH_job951.root
SIGMAB_COUNTS tag=MONASH species=Xi_b0 pdg=5232 slice=eta_ge_2 p=38 a=40 file=/data/alice/ipardoza/hadronization_production/HF_RUN3_V1/raw/MONASH/hf_MONASH_job951.root
SIGMAB_COUNTS tag=MONASH species=Xi_b- pdg=5132 slice=all p=62 a=62 file=/data/alice/ipardoza/hadronization_production/HF_RUN3_V1/raw/MONASH/hf_MONASH_job951.root
SIGMAB_COUNTS tag=MONASH species=Xi_b- pdg=5132 slice=eta_lt_1 p=8 a=5 file=/data/alice/ipardoza/hadronization_production/HF_RUN3_V1/raw/MONASH/hf_MONASH_job951.root
SIGMAB_COUNTS tag=MONASH species=Xi_b- pdg=5132 slice=eta_1_2 p=14 a=17 file=/data/alice/ipardoza/hadronization_production/HF_RUN3_V1/raw/MONASH/hf_MONASH_job951.root
SIGMAB_COUNTS tag=MONASH species=Xi_b- pdg=5132 slice=eta_ge_2 p=40 a=40 file=/data/alice/ipardoza/hadronization_production/HF_RUN3_V1/raw/MONASH/hf_MONASH_job951.root
SIGMAB_COUNTS tag=MONASH species=Sigma_b+ pdg=5222 slice=all p=41 a=19 file=/data/alice/ipardoza/hadronization_production/HF_RUN3_V1/raw/MONASH/hf_MONASH_job952.root
SIGMAB_COUNTS tag=MONASH species=Sigma_b+ pdg=5222 slice=eta_lt_1 p=9 a=2 file=/data/alice/ipardoza/hadronization_production/HF_RUN3_V1/raw/MONASH/hf_MONASH_job952.root
SIGMAB_COUNTS tag=MONASH species=Sigma_b+ pdg=5222 slice=eta_1_2 p=7 a=6 file=/data/alice/ipardoza/hadronization_production/HF_RUN3_V1/raw/MONASH/hf_MONASH_job952.root
SIGMAB_COUNTS tag=MONASH species=Sigma_b+ pdg=5222 slice=eta_ge_2 p=25 a=11 file=/data/alice/ipardoza/hadronization_production/HF_RUN3_V1/raw/MONASH/hf_MONASH_job952.root
SIGMAB_COUNTS tag=MONASH species=Sigma_b0 pdg=5212 slice=all p=43 a=27 file=/data/alice/ipardoza/hadronization_production/HF_RUN3_V1/raw/MONASH/hf_MONASH_job952.root
SIGMAB_COUNTS tag=MONASH species=Sigma_b0 pdg=5212 slice=eta_lt_1 p=5 a=6 file=/data/alice/ipardoza/hadronization_production/HF_RUN3_V1/raw/MONASH/hf_MONASH_job952.root
SIGMAB_COUNTS tag=MONASH species=Sigma_b0 pdg=5212 slice=eta_1_2 p=12 a=9 file=/data/alice/ipardoza/hadronization_production/HF_RUN3_V1/raw/MONASH/hf_MONASH_job952.root
SIGMAB_COUNTS tag=MONASH species=Sigma_b0 pdg=5212 slice=eta_ge_2 p=26 a=12 file=/data/alice/ipardoza/hadronization_production/HF_RUN3_V1/raw/MONASH/hf_MONASH_job952.root
SIGMAB_COUNTS tag=MONASH species=Sigma_b- pdg=5112 slice=all p=42 a=21 file=/data/alice/ipardoza/hadronization_production/HF_RUN3_V1/raw/MONASH/hf_MONASH_job952.root
SIGMAB_COUNTS tag=MONASH species=Sigma_b- pdg=5112 slice=eta_lt_1 p=6 a=2 file=/data/alice/ipardoza/hadronization_production/HF_RUN3_V1/raw/MONASH/hf_MONASH_job952.root
SIGMAB_COUNTS tag=MONASH species=Sigma_b- pdg=5112 slice=eta_1_2 p=5 a=6 file=/data/alice/ipardoza/hadronization_production/HF_RUN3_V1/raw/MONASH/hf_MONASH_job952.root
SIGMAB_COUNTS tag=MONASH species=Sigma_b- pdg=5112 slice=eta_ge_2 p=31 a=13 file=/data/alice/ipardoza/hadronization_production/HF_RUN3_V1/raw/MONASH/hf_MONASH_job952.root
SIGMAB_COUNTS tag=MONASH species=Sigma*_b+ pdg=5224 slice=all p=55 a=50 file=/data/alice/ipardoza/hadronization_production/HF_RUN3_V1/raw/MONASH/hf_MONASH_job952.root
SIGMAB_COUNTS tag=MONASH species=Sigma*_b+ pdg=5224 slice=eta_lt_1 p=7 a=7 file=/data/alice/ipardoza/hadronization_production/HF_RUN3_V1/raw/MONASH/hf_MONASH_job952.root
SIGMAB_COUNTS tag=MONASH species=Sigma*_b+ pdg=5224 slice=eta_1_2 p=13 a=12 file=/data/alice/ipardoza/hadronization_production/HF_RUN3_V1/raw/MONASH/hf_MONASH_job952.root
SIGMAB_COUNTS tag=MONASH species=Sigma*_b+ pdg=5224 slice=eta_ge_2 p=35 a=31 file=/data/alice/ipardoza/hadronization_production/HF_RUN3_V1/raw/MONASH/hf_MONASH_job952.root
SIGMAB_COUNTS tag=MONASH species=Sigma*_b0 pdg=5214 slice=all p=54 a=42 file=/data/alice/ipardoza/hadronization_production/HF_RUN3_V1/raw/MONASH/hf_MONASH_job952.root
SIGMAB_COUNTS tag=MONASH species=Sigma*_b0 pdg=5214 slice=eta_lt_1 p=10 a=7 file=/data/alice/ipardoza/hadronization_production/HF_RUN3_V1/raw/MONASH/hf_MONASH_job952.root
SIGMAB_COUNTS tag=MONASH species=Sigma*_b0 pdg=5214 slice=eta_1_2 p=12 a=11 file=/data/alice/ipardoza/hadronization_production/HF_RUN3_V1/raw/MONASH/hf_MONASH_job952.root
SIGMAB_COUNTS tag=MONASH species=Sigma*_b0 pdg=5214 slice=eta_ge_2 p=32 a=24 file=/data/alice/ipardoza/hadronization_production/HF_RUN3_V1/raw/MONASH/hf_MONASH_job952.root
SIGMAB_COUNTS tag=MONASH species=Sigma*_b- pdg=5114 slice=all p=40 a=37 file=/data/alice/ipardoza/hadronization_production/HF_RUN3_V1/raw/MONASH/hf_MONASH_job952.root
SIGMAB_COUNTS tag=MONASH species=Sigma*_b- pdg=5114 slice=eta_lt_1 p=6 a=8 file=/data/alice/ipardoza/hadronization_production/HF_RUN3_V1/raw/MONASH/hf_MONASH_job952.root
SIGMAB_COUNTS tag=MONASH species=Sigma*_b- pdg=5114 slice=eta_1_2 p=14 a=7 file=/data/alice/ipardoza/hadronization_production/HF_RUN3_V1/raw/MONASH/hf_MONASH_job952.root
SIGMAB_COUNTS tag=MONASH species=Sigma*_b- pdg=5114 slice=eta_ge_2 p=20 a=22 file=/data/alice/ipardoza/hadronization_production/HF_RUN3_V1/raw/MONASH/hf_MONASH_job952.root
SIGMAB_COUNTS tag=MONASH species=Lambda_b0 pdg=5122 slice=all p=316 a=289 file=/data/alice/ipardoza/hadronization_production/HF_RUN3_V1/raw/MONASH/hf_MONASH_job952.root
SIGMAB_COUNTS tag=MONASH species=Lambda_b0 pdg=5122 slice=eta_lt_1 p=61 a=48 file=/data/alice/ipardoza/hadronization_production/HF_RUN3_V1/raw/MONASH/hf_MONASH_job952.root
SIGMAB_COUNTS tag=MONASH species=Lambda_b0 pdg=5122 slice=eta_1_2 p=68 a=60 file=/data/alice/ipardoza/hadronization_production/HF_RUN3_V1/raw/MONASH/hf_MONASH_job952.root
SIGMAB_COUNTS tag=MONASH species=Lambda_b0 pdg=5122 slice=eta_ge_2 p=187 a=181 file=/data/alice/ipardoza/hadronization_production/HF_RUN3_V1/raw/MONASH/hf_MONASH_job952.root
SIGMAB_COUNTS tag=MONASH species=Xi_b0 pdg=5232 slice=all p=62 a=51 file=/data/alice/ipardoza/hadronization_production/HF_RUN3_V1/raw/MONASH/hf_MONASH_job952.root
SIGMAB_COUNTS tag=MONASH species=Xi_b0 pdg=5232 slice=eta_lt_1 p=12 a=10 file=/data/alice/ipardoza/hadronization_production/HF_RUN3_V1/raw/MONASH/hf_MONASH_job952.root
SIGMAB_COUNTS tag=MONASH species=Xi_b0 pdg=5232 slice=eta_1_2 p=14 a=11 file=/data/alice/ipardoza/hadronization_production/HF_RUN3_V1/raw/MONASH/hf_MONASH_job952.root
SIGMAB_COUNTS tag=MONASH species=Xi_b0 pdg=5232 slice=eta_ge_2 p=36 a=30 file=/data/alice/ipardoza/hadronization_production/HF_RUN3_V1/raw/MONASH/hf_MONASH_job952.root
SIGMAB_COUNTS tag=MONASH species=Xi_b- pdg=5132 slice=all p=50 a=55 file=/data/alice/ipardoza/hadronization_production/HF_RUN3_V1/raw/MONASH/hf_MONASH_job952.root
SIGMAB_COUNTS tag=MONASH species=Xi_b- pdg=5132 slice=eta_lt_1 p=10 a=16 file=/data/alice/ipardoza/hadronization_production/HF_RUN3_V1/raw/MONASH/hf_MONASH_job952.root
SIGMAB_COUNTS tag=MONASH species=Xi_b- pdg=5132 slice=eta_1_2 p=7 a=6 file=/data/alice/ipardoza/hadronization_production/HF_RUN3_V1/raw/MONASH/hf_MONASH_job952.root
SIGMAB_COUNTS tag=MONASH species=Xi_b- pdg=5132 slice=eta_ge_2 p=33 a=33 file=/data/alice/ipardoza/hadronization_production/HF_RUN3_V1/raw/MONASH/hf_MONASH_job952.root
SIGMAB_COUNTS tag=MONASH species=Sigma_b+ pdg=5222 slice=all p=42 a=18 file=/data/alice/ipardoza/hadronization_production/HF_RUN3_V1/raw/MONASH/hf_MONASH_job953.root
SIGMAB_COUNTS tag=MONASH species=Sigma_b+ pdg=5222 slice=eta_lt_1 p=1 a=5 file=/data/alice/ipardoza/hadronization_production/HF_RUN3_V1/raw/MONASH/hf_MONASH_job953.root
SIGMAB_COUNTS tag=MONASH species=Sigma_b+ pdg=5222 slice=eta_1_2 p=8 a=3 file=/data/alice/ipardoza/hadronization_production/HF_RUN3_V1/raw/MONASH/hf_MONASH_job953.root
SIGMAB_COUNTS tag=MONASH species=Sigma_b+ pdg=5222 slice=eta_ge_2 p=33 a=10 file=/data/alice/ipardoza/hadronization_production/HF_RUN3_V1/raw/MONASH/hf_MONASH_job953.root
SIGMAB_COUNTS tag=MONASH species=Sigma_b0 pdg=5212 slice=all p=39 a=23 file=/data/alice/ipardoza/hadronization_production/HF_RUN3_V1/raw/MONASH/hf_MONASH_job953.root
SIGMAB_COUNTS tag=MONASH species=Sigma_b0 pdg=5212 slice=eta_lt_1 p=5 a=2 file=/data/alice/ipardoza/hadronization_production/HF_RUN3_V1/raw/MONASH/hf_MONASH_job953.root
SIGMAB_COUNTS tag=MONASH species=Sigma_b0 pdg=5212 slice=eta_1_2 p=8 a=4 file=/data/alice/ipardoza/hadronization_production/HF_RUN3_V1/raw/MONASH/hf_MONASH_job953.root
SIGMAB_COUNTS tag=MONASH species=Sigma_b0 pdg=5212 slice=eta_ge_2 p=26 a=17 file=/data/alice/ipardoza/hadronization_production/HF_RUN3_V1/raw/MONASH/hf_MONASH_job953.root
SIGMAB_COUNTS tag=MONASH species=Sigma_b- pdg=5112 slice=all p=42 a=20 file=/data/alice/ipardoza/hadronization_production/HF_RUN3_V1/raw/MONASH/hf_MONASH_job953.root
SIGMAB_COUNTS tag=MONASH species=Sigma_b- pdg=5112 slice=eta_lt_1 p=9 a=2 file=/data/alice/ipardoza/hadronization_production/HF_RUN3_V1/raw/MONASH/hf_MONASH_job953.root
SIGMAB_COUNTS tag=MONASH species=Sigma_b- pdg=5112 slice=eta_1_2 p=4 a=3 file=/data/alice/ipardoza/hadronization_production/HF_RUN3_V1/raw/MONASH/hf_MONASH_job953.root
SIGMAB_COUNTS tag=MONASH species=Sigma_b- pdg=5112 slice=eta_ge_2 p=29 a=15 file=/data/alice/ipardoza/hadronization_production/HF_RUN3_V1/raw/MONASH/hf_MONASH_job953.root
SIGMAB_COUNTS tag=MONASH species=Sigma*_b+ pdg=5224 slice=all p=50 a=45 file=/data/alice/ipardoza/hadronization_production/HF_RUN3_V1/raw/MONASH/hf_MONASH_job953.root
SIGMAB_COUNTS tag=MONASH species=Sigma*_b+ pdg=5224 slice=eta_lt_1 p=8 a=10 file=/data/alice/ipardoza/hadronization_production/HF_RUN3_V1/raw/MONASH/hf_MONASH_job953.root
SIGMAB_COUNTS tag=MONASH species=Sigma*_b+ pdg=5224 slice=eta_1_2 p=8 a=5 file=/data/alice/ipardoza/hadronization_production/HF_RUN3_V1/raw/MONASH/hf_MONASH_job953.root
SIGMAB_COUNTS tag=MONASH species=Sigma*_b+ pdg=5224 slice=eta_ge_2 p=34 a=30 file=/data/alice/ipardoza/hadronization_production/HF_RUN3_V1/raw/MONASH/hf_MONASH_job953.root
SIGMAB_COUNTS tag=MONASH species=Sigma*_b0 pdg=5214 slice=all p=37 a=41 file=/data/alice/ipardoza/hadronization_production/HF_RUN3_V1/raw/MONASH/hf_MONASH_job953.root
SIGMAB_COUNTS tag=MONASH species=Sigma*_b0 pdg=5214 slice=eta_lt_1 p=9 a=7 file=/data/alice/ipardoza/hadronization_production/HF_RUN3_V1/raw/MONASH/hf_MONASH_job953.root
SIGMAB_COUNTS tag=MONASH species=Sigma*_b0 pdg=5214 slice=eta_1_2 p=4 a=10 file=/data/alice/ipardoza/hadronization_production/HF_RUN3_V1/raw/MONASH/hf_MONASH_job953.root
SIGMAB_COUNTS tag=MONASH species=Sigma*_b0 pdg=5214 slice=eta_ge_2 p=24 a=24 file=/data/alice/ipardoza/hadronization_production/HF_RUN3_V1/raw/MONASH/hf_MONASH_job953.root
SIGMAB_COUNTS tag=MONASH species=Sigma*_b- pdg=5114 slice=all p=54 a=42 file=/data/alice/ipardoza/hadronization_production/HF_RUN3_V1/raw/MONASH/hf_MONASH_job953.root
SIGMAB_COUNTS tag=MONASH species=Sigma*_b- pdg=5114 slice=eta_lt_1 p=13 a=8 file=/data/alice/ipardoza/hadronization_production/HF_RUN3_V1/raw/MONASH/hf_MONASH_job953.root
SIGMAB_COUNTS tag=MONASH species=Sigma*_b- pdg=5114 slice=eta_1_2 p=11 a=10 file=/data/alice/ipardoza/hadronization_production/HF_RUN3_V1/raw/MONASH/hf_MONASH_job953.root
SIGMAB_COUNTS tag=MONASH species=Sigma*_b- pdg=5114 slice=eta_ge_2 p=30 a=24 file=/data/alice/ipardoza/hadronization_production/HF_RUN3_V1/raw/MONASH/hf_MONASH_job953.root
SIGMAB_COUNTS tag=MONASH species=Lambda_b0 pdg=5122 slice=all p=316 a=312 file=/data/alice/ipardoza/hadronization_production/HF_RUN3_V1/raw/MONASH/hf_MONASH_job953.root
SIGMAB_COUNTS tag=MONASH species=Lambda_b0 pdg=5122 slice=eta_lt_1 p=64 a=70 file=/data/alice/ipardoza/hadronization_production/HF_RUN3_V1/raw/MONASH/hf_MONASH_job953.root
SIGMAB_COUNTS tag=MONASH species=Lambda_b0 pdg=5122 slice=eta_1_2 p=71 a=67 file=/data/alice/ipardoza/hadronization_production/HF_RUN3_V1/raw/MONASH/hf_MONASH_job953.root
SIGMAB_COUNTS tag=MONASH species=Lambda_b0 pdg=5122 slice=eta_ge_2 p=181 a=175 file=/data/alice/ipardoza/hadronization_production/HF_RUN3_V1/raw/MONASH/hf_MONASH_job953.root
SIGMAB_COUNTS tag=MONASH species=Xi_b0 pdg=5232 slice=all p=58 a=51 file=/data/alice/ipardoza/hadronization_production/HF_RUN3_V1/raw/MONASH/hf_MONASH_job953.root
SIGMAB_COUNTS tag=MONASH species=Xi_b0 pdg=5232 slice=eta_lt_1 p=14 a=11 file=/data/alice/ipardoza/hadronization_production/HF_RUN3_V1/raw/MONASH/hf_MONASH_job953.root
SIGMAB_COUNTS tag=MONASH species=Xi_b0 pdg=5232 slice=eta_1_2 p=10 a=10 file=/data/alice/ipardoza/hadronization_production/HF_RUN3_V1/raw/MONASH/hf_MONASH_job953.root
SIGMAB_COUNTS tag=MONASH species=Xi_b0 pdg=5232 slice=eta_ge_2 p=34 a=30 file=/data/alice/ipardoza/hadronization_production/HF_RUN3_V1/raw/MONASH/hf_MONASH_job953.root
SIGMAB_COUNTS tag=MONASH species=Xi_b- pdg=5132 slice=all p=64 a=64 file=/data/alice/ipardoza/hadronization_production/HF_RUN3_V1/raw/MONASH/hf_MONASH_job953.root
SIGMAB_COUNTS tag=MONASH species=Xi_b- pdg=5132 slice=eta_lt_1 p=13 a=5 file=/data/alice/ipardoza/hadronization_production/HF_RUN3_V1/raw/MONASH/hf_MONASH_job953.root
SIGMAB_COUNTS tag=MONASH species=Xi_b- pdg=5132 slice=eta_1_2 p=10 a=18 file=/data/alice/ipardoza/hadronization_production/HF_RUN3_V1/raw/MONASH/hf_MONASH_job953.root
SIGMAB_COUNTS tag=MONASH species=Xi_b- pdg=5132 slice=eta_ge_2 p=41 a=41 file=/data/alice/ipardoza/hadronization_production/HF_RUN3_V1/raw/MONASH/hf_MONASH_job953.root
SIGMAB_COUNTS tag=MONASH species=Sigma_b+ pdg=5222 slice=all p=38 a=31 file=/data/alice/ipardoza/hadronization_production/HF_RUN3_V1/raw/MONASH/hf_MONASH_job954.root
SIGMAB_COUNTS tag=MONASH species=Sigma_b+ pdg=5222 slice=eta_lt_1 p=4 a=6 file=/data/alice/ipardoza/hadronization_production/HF_RUN3_V1/raw/MONASH/hf_MONASH_job954.root
SIGMAB_COUNTS tag=MONASH species=Sigma_b+ pdg=5222 slice=eta_1_2 p=7 a=8 file=/data/alice/ipardoza/hadronization_production/HF_RUN3_V1/raw/MONASH/hf_MONASH_job954.root
SIGMAB_COUNTS tag=MONASH species=Sigma_b+ pdg=5222 slice=eta_ge_2 p=27 a=17 file=/data/alice/ipardoza/hadronization_production/HF_RUN3_V1/raw/MONASH/hf_MONASH_job954.root
SIGMAB_COUNTS tag=MONASH species=Sigma_b0 pdg=5212 slice=all p=25 a=24 file=/data/alice/ipardoza/hadronization_production/HF_RUN3_V1/raw/MONASH/hf_MONASH_job954.root
SIGMAB_COUNTS tag=MONASH species=Sigma_b0 pdg=5212 slice=eta_lt_1 p=2 a=5 file=/data/alice/ipardoza/hadronization_production/HF_RUN3_V1/raw/MONASH/hf_MONASH_job954.root
SIGMAB_COUNTS tag=MONASH species=Sigma_b0 pdg=5212 slice=eta_1_2 p=6 a=7 file=/data/alice/ipardoza/hadronization_production/HF_RUN3_V1/raw/MONASH/hf_MONASH_job954.root
SIGMAB_COUNTS tag=MONASH species=Sigma_b0 pdg=5212 slice=eta_ge_2 p=17 a=12 file=/data/alice/ipardoza/hadronization_production/HF_RUN3_V1/raw/MONASH/hf_MONASH_job954.root
SIGMAB_COUNTS tag=MONASH species=Sigma_b- pdg=5112 slice=all p=29 a=22 file=/data/alice/ipardoza/hadronization_production/HF_RUN3_V1/raw/MONASH/hf_MONASH_job954.root
SIGMAB_COUNTS tag=MONASH species=Sigma_b- pdg=5112 slice=eta_lt_1 p=4 a=4 file=/data/alice/ipardoza/hadronization_production/HF_RUN3_V1/raw/MONASH/hf_MONASH_job954.root
SIGMAB_COUNTS tag=MONASH species=Sigma_b- pdg=5112 slice=eta_1_2 p=2 a=4 file=/data/alice/ipardoza/hadronization_production/HF_RUN3_V1/raw/MONASH/hf_MONASH_job954.root
SIGMAB_COUNTS tag=MONASH species=Sigma_b- pdg=5112 slice=eta_ge_2 p=23 a=14 file=/data/alice/ipardoza/hadronization_production/HF_RUN3_V1/raw/MONASH/hf_MONASH_job954.root
SIGMAB_COUNTS tag=MONASH species=Sigma*_b+ pdg=5224 slice=all p=51 a=34 file=/data/alice/ipardoza/hadronization_production/HF_RUN3_V1/raw/MONASH/hf_MONASH_job954.root
SIGMAB_COUNTS tag=MONASH species=Sigma*_b+ pdg=5224 slice=eta_lt_1 p=10 a=5 file=/data/alice/ipardoza/hadronization_production/HF_RUN3_V1/raw/MONASH/hf_MONASH_job954.root
SIGMAB_COUNTS tag=MONASH species=Sigma*_b+ pdg=5224 slice=eta_1_2 p=9 a=9 file=/data/alice/ipardoza/hadronization_production/HF_RUN3_V1/raw/MONASH/hf_MONASH_job954.root
SIGMAB_COUNTS tag=MONASH species=Sigma*_b+ pdg=5224 slice=eta_ge_2 p=32 a=20 file=/data/alice/ipardoza/hadronization_production/HF_RUN3_V1/raw/MONASH/hf_MONASH_job954.root
SIGMAB_COUNTS tag=MONASH species=Sigma*_b0 pdg=5214 slice=all p=38 a=39 file=/data/alice/ipardoza/hadronization_production/HF_RUN3_V1/raw/MONASH/hf_MONASH_job954.root
SIGMAB_COUNTS tag=MONASH species=Sigma*_b0 pdg=5214 slice=eta_lt_1 p=4 a=11 file=/data/alice/ipardoza/hadronization_production/HF_RUN3_V1/raw/MONASH/hf_MONASH_job954.root
SIGMAB_COUNTS tag=MONASH species=Sigma*_b0 pdg=5214 slice=eta_1_2 p=6 a=7 file=/data/alice/ipardoza/hadronization_production/HF_RUN3_V1/raw/MONASH/hf_MONASH_job954.root
SIGMAB_COUNTS tag=MONASH species=Sigma*_b0 pdg=5214 slice=eta_ge_2 p=28 a=21 file=/data/alice/ipardoza/hadronization_production/HF_RUN3_V1/raw/MONASH/hf_MONASH_job954.root
SIGMAB_COUNTS tag=MONASH species=Sigma*_b- pdg=5114 slice=all p=38 a=42 file=/data/alice/ipardoza/hadronization_production/HF_RUN3_V1/raw/MONASH/hf_MONASH_job954.root
SIGMAB_COUNTS tag=MONASH species=Sigma*_b- pdg=5114 slice=eta_lt_1 p=4 a=5 file=/data/alice/ipardoza/hadronization_production/HF_RUN3_V1/raw/MONASH/hf_MONASH_job954.root
SIGMAB_COUNTS tag=MONASH species=Sigma*_b- pdg=5114 slice=eta_1_2 p=11 a=10 file=/data/alice/ipardoza/hadronization_production/HF_RUN3_V1/raw/MONASH/hf_MONASH_job954.root
SIGMAB_COUNTS tag=MONASH species=Sigma*_b- pdg=5114 slice=eta_ge_2 p=23 a=27 file=/data/alice/ipardoza/hadronization_production/HF_RUN3_V1/raw/MONASH/hf_MONASH_job954.root
SIGMAB_COUNTS tag=MONASH species=Lambda_b0 pdg=5122 slice=all p=330 a=292 file=/data/alice/ipardoza/hadronization_production/HF_RUN3_V1/raw/MONASH/hf_MONASH_job954.root
SIGMAB_COUNTS tag=MONASH species=Lambda_b0 pdg=5122 slice=eta_lt_1 p=67 a=55 file=/data/alice/ipardoza/hadronization_production/HF_RUN3_V1/raw/MONASH/hf_MONASH_job954.root
SIGMAB_COUNTS tag=MONASH species=Lambda_b0 pdg=5122 slice=eta_1_2 p=55 a=71 file=/data/alice/ipardoza/hadronization_production/HF_RUN3_V1/raw/MONASH/hf_MONASH_job954.root
SIGMAB_COUNTS tag=MONASH species=Lambda_b0 pdg=5122 slice=eta_ge_2 p=208 a=166 file=/data/alice/ipardoza/hadronization_production/HF_RUN3_V1/raw/MONASH/hf_MONASH_job954.root
SIGMAB_COUNTS tag=MONASH species=Xi_b0 pdg=5232 slice=all p=50 a=65 file=/data/alice/ipardoza/hadronization_production/HF_RUN3_V1/raw/MONASH/hf_MONASH_job954.root
SIGMAB_COUNTS tag=MONASH species=Xi_b0 pdg=5232 slice=eta_lt_1 p=11 a=14 file=/data/alice/ipardoza/hadronization_production/HF_RUN3_V1/raw/MONASH/hf_MONASH_job954.root
SIGMAB_COUNTS tag=MONASH species=Xi_b0 pdg=5232 slice=eta_1_2 p=13 a=20 file=/data/alice/ipardoza/hadronization_production/HF_RUN3_V1/raw/MONASH/hf_MONASH_job954.root
SIGMAB_COUNTS tag=MONASH species=Xi_b0 pdg=5232 slice=eta_ge_2 p=26 a=31 file=/data/alice/ipardoza/hadronization_production/HF_RUN3_V1/raw/MONASH/hf_MONASH_job954.root
SIGMAB_COUNTS tag=MONASH species=Xi_b- pdg=5132 slice=all p=57 a=67 file=/data/alice/ipardoza/hadronization_production/HF_RUN3_V1/raw/MONASH/hf_MONASH_job954.root
SIGMAB_COUNTS tag=MONASH species=Xi_b- pdg=5132 slice=eta_lt_1 p=8 a=10 file=/data/alice/ipardoza/hadronization_production/HF_RUN3_V1/raw/MONASH/hf_MONASH_job954.root
SIGMAB_COUNTS tag=MONASH species=Xi_b- pdg=5132 slice=eta_1_2 p=13 a=12 file=/data/alice/ipardoza/hadronization_production/HF_RUN3_V1/raw/MONASH/hf_MONASH_job954.root
SIGMAB_COUNTS tag=MONASH species=Xi_b- pdg=5132 slice=eta_ge_2 p=36 a=45 file=/data/alice/ipardoza/hadronization_production/HF_RUN3_V1/raw/MONASH/hf_MONASH_job954.root
SIGMAB_COUNTS tag=MONASH species=Sigma_b+ pdg=5222 slice=all p=38 a=22 file=/data/alice/ipardoza/hadronization_production/HF_RUN3_V1/raw/MONASH/hf_MONASH_job955.root
SIGMAB_COUNTS tag=MONASH species=Sigma_b+ pdg=5222 slice=eta_lt_1 p=4 a=3 file=/data/alice/ipardoza/hadronization_production/HF_RUN3_V1/raw/MONASH/hf_MONASH_job955.root
SIGMAB_COUNTS tag=MONASH species=Sigma_b+ pdg=5222 slice=eta_1_2 p=10 a=4 file=/data/alice/ipardoza/hadronization_production/HF_RUN3_V1/raw/MONASH/hf_MONASH_job955.root
SIGMAB_COUNTS tag=MONASH species=Sigma_b+ pdg=5222 slice=eta_ge_2 p=24 a=15 file=/data/alice/ipardoza/hadronization_production/HF_RUN3_V1/raw/MONASH/hf_MONASH_job955.root
SIGMAB_COUNTS tag=MONASH species=Sigma_b0 pdg=5212 slice=all p=35 a=18 file=/data/alice/ipardoza/hadronization_production/HF_RUN3_V1/raw/MONASH/hf_MONASH_job955.root
SIGMAB_COUNTS tag=MONASH species=Sigma_b0 pdg=5212 slice=eta_lt_1 p=7 a=2 file=/data/alice/ipardoza/hadronization_production/HF_RUN3_V1/raw/MONASH/hf_MONASH_job955.root
SIGMAB_COUNTS tag=MONASH species=Sigma_b0 pdg=5212 slice=eta_1_2 p=7 a=4 file=/data/alice/ipardoza/hadronization_production/HF_RUN3_V1/raw/MONASH/hf_MONASH_job955.root
SIGMAB_COUNTS tag=MONASH species=Sigma_b0 pdg=5212 slice=eta_ge_2 p=21 a=12 file=/data/alice/ipardoza/hadronization_production/HF_RUN3_V1/raw/MONASH/hf_MONASH_job955.root
SIGMAB_COUNTS tag=MONASH species=Sigma_b- pdg=5112 slice=all p=40 a=17 file=/data/alice/ipardoza/hadronization_production/HF_RUN3_V1/raw/MONASH/hf_MONASH_job955.root
SIGMAB_COUNTS tag=MONASH species=Sigma_b- pdg=5112 slice=eta_lt_1 p=7 a=2 file=/data/alice/ipardoza/hadronization_production/HF_RUN3_V1/raw/MONASH/hf_MONASH_job955.root
SIGMAB_COUNTS tag=MONASH species=Sigma_b- pdg=5112 slice=eta_1_2 p=8 a=5 file=/data/alice/ipardoza/hadronization_production/HF_RUN3_V1/raw/MONASH/hf_MONASH_job955.root
SIGMAB_COUNTS tag=MONASH species=Sigma_b- pdg=5112 slice=eta_ge_2 p=25 a=10 file=/data/alice/ipardoza/hadronization_production/HF_RUN3_V1/raw/MONASH/hf_MONASH_job955.root
SIGMAB_COUNTS tag=MONASH species=Sigma*_b+ pdg=5224 slice=all p=58 a=41 file=/data/alice/ipardoza/hadronization_production/HF_RUN3_V1/raw/MONASH/hf_MONASH_job955.root
SIGMAB_COUNTS tag=MONASH species=Sigma*_b+ pdg=5224 slice=eta_lt_1 p=6 a=7 file=/data/alice/ipardoza/hadronization_production/HF_RUN3_V1/raw/MONASH/hf_MONASH_job955.root
SIGMAB_COUNTS tag=MONASH species=Sigma*_b+ pdg=5224 slice=eta_1_2 p=13 a=11 file=/data/alice/ipardoza/hadronization_production/HF_RUN3_V1/raw/MONASH/hf_MONASH_job955.root
SIGMAB_COUNTS tag=MONASH species=Sigma*_b+ pdg=5224 slice=eta_ge_2 p=39 a=23 file=/data/alice/ipardoza/hadronization_production/HF_RUN3_V1/raw/MONASH/hf_MONASH_job955.root
SIGMAB_COUNTS tag=MONASH species=Sigma*_b0 pdg=5214 slice=all p=51 a=34 file=/data/alice/ipardoza/hadronization_production/HF_RUN3_V1/raw/MONASH/hf_MONASH_job955.root
SIGMAB_COUNTS tag=MONASH species=Sigma*_b0 pdg=5214 slice=eta_lt_1 p=8 a=6 file=/data/alice/ipardoza/hadronization_production/HF_RUN3_V1/raw/MONASH/hf_MONASH_job955.root
SIGMAB_COUNTS tag=MONASH species=Sigma*_b0 pdg=5214 slice=eta_1_2 p=13 a=7 file=/data/alice/ipardoza/hadronization_production/HF_RUN3_V1/raw/MONASH/hf_MONASH_job955.root
SIGMAB_COUNTS tag=MONASH species=Sigma*_b0 pdg=5214 slice=eta_ge_2 p=30 a=21 file=/data/alice/ipardoza/hadronization_production/HF_RUN3_V1/raw/MONASH/hf_MONASH_job955.root
SIGMAB_COUNTS tag=MONASH species=Sigma*_b- pdg=5114 slice=all p=44 a=39 file=/data/alice/ipardoza/hadronization_production/HF_RUN3_V1/raw/MONASH/hf_MONASH_job955.root
SIGMAB_COUNTS tag=MONASH species=Sigma*_b- pdg=5114 slice=eta_lt_1 p=7 a=8 file=/data/alice/ipardoza/hadronization_production/HF_RUN3_V1/raw/MONASH/hf_MONASH_job955.root
SIGMAB_COUNTS tag=MONASH species=Sigma*_b- pdg=5114 slice=eta_1_2 p=11 a=7 file=/data/alice/ipardoza/hadronization_production/HF_RUN3_V1/raw/MONASH/hf_MONASH_job955.root
SIGMAB_COUNTS tag=MONASH species=Sigma*_b- pdg=5114 slice=eta_ge_2 p=26 a=24 file=/data/alice/ipardoza/hadronization_production/HF_RUN3_V1/raw/MONASH/hf_MONASH_job955.root
SIGMAB_COUNTS tag=MONASH species=Lambda_b0 pdg=5122 slice=all p=314 a=300 file=/data/alice/ipardoza/hadronization_production/HF_RUN3_V1/raw/MONASH/hf_MONASH_job955.root
SIGMAB_COUNTS tag=MONASH species=Lambda_b0 pdg=5122 slice=eta_lt_1 p=57 a=56 file=/data/alice/ipardoza/hadronization_production/HF_RUN3_V1/raw/MONASH/hf_MONASH_job955.root
SIGMAB_COUNTS tag=MONASH species=Lambda_b0 pdg=5122 slice=eta_1_2 p=56 a=75 file=/data/alice/ipardoza/hadronization_production/HF_RUN3_V1/raw/MONASH/hf_MONASH_job955.root
SIGMAB_COUNTS tag=MONASH species=Lambda_b0 pdg=5122 slice=eta_ge_2 p=201 a=169 file=/data/alice/ipardoza/hadronization_production/HF_RUN3_V1/raw/MONASH/hf_MONASH_job955.root
SIGMAB_COUNTS tag=MONASH species=Xi_b0 pdg=5232 slice=all p=65 a=48 file=/data/alice/ipardoza/hadronization_production/HF_RUN3_V1/raw/MONASH/hf_MONASH_job955.root
SIGMAB_COUNTS tag=MONASH species=Xi_b0 pdg=5232 slice=eta_lt_1 p=12 a=8 file=/data/alice/ipardoza/hadronization_production/HF_RUN3_V1/raw/MONASH/hf_MONASH_job955.root
SIGMAB_COUNTS tag=MONASH species=Xi_b0 pdg=5232 slice=eta_1_2 p=18 a=10 file=/data/alice/ipardoza/hadronization_production/HF_RUN3_V1/raw/MONASH/hf_MONASH_job955.root
SIGMAB_COUNTS tag=MONASH species=Xi_b0 pdg=5232 slice=eta_ge_2 p=35 a=30 file=/data/alice/ipardoza/hadronization_production/HF_RUN3_V1/raw/MONASH/hf_MONASH_job955.root
SIGMAB_COUNTS tag=MONASH species=Xi_b- pdg=5132 slice=all p=54 a=60 file=/data/alice/ipardoza/hadronization_production/HF_RUN3_V1/raw/MONASH/hf_MONASH_job955.root
SIGMAB_COUNTS tag=MONASH species=Xi_b- pdg=5132 slice=eta_lt_1 p=12 a=8 file=/data/alice/ipardoza/hadronization_production/HF_RUN3_V1/raw/MONASH/hf_MONASH_job955.root
SIGMAB_COUNTS tag=MONASH species=Xi_b- pdg=5132 slice=eta_1_2 p=6 a=15 file=/data/alice/ipardoza/hadronization_production/HF_RUN3_V1/raw/MONASH/hf_MONASH_job955.root
SIGMAB_COUNTS tag=MONASH species=Xi_b- pdg=5132 slice=eta_ge_2 p=36 a=37 file=/data/alice/ipardoza/hadronization_production/HF_RUN3_V1/raw/MONASH/hf_MONASH_job955.root
SIGMAB_COUNTS tag=MONASH species=Sigma_b+ pdg=5222 slice=all p=36 a=16 file=/data/alice/ipardoza/hadronization_production/HF_RUN3_V1/raw/MONASH/hf_MONASH_job956.root
SIGMAB_COUNTS tag=MONASH species=Sigma_b+ pdg=5222 slice=eta_lt_1 p=1 a=4 file=/data/alice/ipardoza/hadronization_production/HF_RUN3_V1/raw/MONASH/hf_MONASH_job956.root
SIGMAB_COUNTS tag=MONASH species=Sigma_b+ pdg=5222 slice=eta_1_2 p=10 a=4 file=/data/alice/ipardoza/hadronization_production/HF_RUN3_V1/raw/MONASH/hf_MONASH_job956.root
SIGMAB_COUNTS tag=MONASH species=Sigma_b+ pdg=5222 slice=eta_ge_2 p=25 a=8 file=/data/alice/ipardoza/hadronization_production/HF_RUN3_V1/raw/MONASH/hf_MONASH_job956.root
SIGMAB_COUNTS tag=MONASH species=Sigma_b0 pdg=5212 slice=all p=36 a=18 file=/data/alice/ipardoza/hadronization_production/HF_RUN3_V1/raw/MONASH/hf_MONASH_job956.root
SIGMAB_COUNTS tag=MONASH species=Sigma_b0 pdg=5212 slice=eta_lt_1 p=5 a=2 file=/data/alice/ipardoza/hadronization_production/HF_RUN3_V1/raw/MONASH/hf_MONASH_job956.root
SIGMAB_COUNTS tag=MONASH species=Sigma_b0 pdg=5212 slice=eta_1_2 p=8 a=6 file=/data/alice/ipardoza/hadronization_production/HF_RUN3_V1/raw/MONASH/hf_MONASH_job956.root
SIGMAB_COUNTS tag=MONASH species=Sigma_b0 pdg=5212 slice=eta_ge_2 p=23 a=10 file=/data/alice/ipardoza/hadronization_production/HF_RUN3_V1/raw/MONASH/hf_MONASH_job956.root
SIGMAB_COUNTS tag=MONASH species=Sigma_b- pdg=5112 slice=all p=46 a=13 file=/data/alice/ipardoza/hadronization_production/HF_RUN3_V1/raw/MONASH/hf_MONASH_job956.root
SIGMAB_COUNTS tag=MONASH species=Sigma_b- pdg=5112 slice=eta_lt_1 p=6 a=2 file=/data/alice/ipardoza/hadronization_production/HF_RUN3_V1/raw/MONASH/hf_MONASH_job956.root
SIGMAB_COUNTS tag=MONASH species=Sigma_b- pdg=5112 slice=eta_1_2 p=14 a=2 file=/data/alice/ipardoza/hadronization_production/HF_RUN3_V1/raw/MONASH/hf_MONASH_job956.root
SIGMAB_COUNTS tag=MONASH species=Sigma_b- pdg=5112 slice=eta_ge_2 p=26 a=9 file=/data/alice/ipardoza/hadronization_production/HF_RUN3_V1/raw/MONASH/hf_MONASH_job956.root
SIGMAB_COUNTS tag=MONASH species=Sigma*_b+ pdg=5224 slice=all p=57 a=31 file=/data/alice/ipardoza/hadronization_production/HF_RUN3_V1/raw/MONASH/hf_MONASH_job956.root
SIGMAB_COUNTS tag=MONASH species=Sigma*_b+ pdg=5224 slice=eta_lt_1 p=11 a=6 file=/data/alice/ipardoza/hadronization_production/HF_RUN3_V1/raw/MONASH/hf_MONASH_job956.root
SIGMAB_COUNTS tag=MONASH species=Sigma*_b+ pdg=5224 slice=eta_1_2 p=13 a=6 file=/data/alice/ipardoza/hadronization_production/HF_RUN3_V1/raw/MONASH/hf_MONASH_job956.root
SIGMAB_COUNTS tag=MONASH species=Sigma*_b+ pdg=5224 slice=eta_ge_2 p=33 a=19 file=/data/alice/ipardoza/hadronization_production/HF_RUN3_V1/raw/MONASH/hf_MONASH_job956.root
SIGMAB_COUNTS tag=MONASH species=Sigma*_b0 pdg=5214 slice=all p=53 a=38 file=/data/alice/ipardoza/hadronization_production/HF_RUN3_V1/raw/MONASH/hf_MONASH_job956.root
SIGMAB_COUNTS tag=MONASH species=Sigma*_b0 pdg=5214 slice=eta_lt_1 p=6 a=9 file=/data/alice/ipardoza/hadronization_production/HF_RUN3_V1/raw/MONASH/hf_MONASH_job956.root
SIGMAB_COUNTS tag=MONASH species=Sigma*_b0 pdg=5214 slice=eta_1_2 p=14 a=8 file=/data/alice/ipardoza/hadronization_production/HF_RUN3_V1/raw/MONASH/hf_MONASH_job956.root
SIGMAB_COUNTS tag=MONASH species=Sigma*_b0 pdg=5214 slice=eta_ge_2 p=33 a=21 file=/data/alice/ipardoza/hadronization_production/HF_RUN3_V1/raw/MONASH/hf_MONASH_job956.root
SIGMAB_COUNTS tag=MONASH species=Sigma*_b- pdg=5114 slice=all p=57 a=43 file=/data/alice/ipardoza/hadronization_production/HF_RUN3_V1/raw/MONASH/hf_MONASH_job956.root
SIGMAB_COUNTS tag=MONASH species=Sigma*_b- pdg=5114 slice=eta_lt_1 p=6 a=4 file=/data/alice/ipardoza/hadronization_production/HF_RUN3_V1/raw/MONASH/hf_MONASH_job956.root
SIGMAB_COUNTS tag=MONASH species=Sigma*_b- pdg=5114 slice=eta_1_2 p=16 a=8 file=/data/alice/ipardoza/hadronization_production/HF_RUN3_V1/raw/MONASH/hf_MONASH_job956.root
SIGMAB_COUNTS tag=MONASH species=Sigma*_b- pdg=5114 slice=eta_ge_2 p=35 a=31 file=/data/alice/ipardoza/hadronization_production/HF_RUN3_V1/raw/MONASH/hf_MONASH_job956.root
SIGMAB_COUNTS tag=MONASH species=Lambda_b0 pdg=5122 slice=all p=305 a=345 file=/data/alice/ipardoza/hadronization_production/HF_RUN3_V1/raw/MONASH/hf_MONASH_job956.root
SIGMAB_COUNTS tag=MONASH species=Lambda_b0 pdg=5122 slice=eta_lt_1 p=69 a=70 file=/data/alice/ipardoza/hadronization_production/HF_RUN3_V1/raw/MONASH/hf_MONASH_job956.root
SIGMAB_COUNTS tag=MONASH species=Lambda_b0 pdg=5122 slice=eta_1_2 p=64 a=71 file=/data/alice/ipardoza/hadronization_production/HF_RUN3_V1/raw/MONASH/hf_MONASH_job956.root
SIGMAB_COUNTS tag=MONASH species=Lambda_b0 pdg=5122 slice=eta_ge_2 p=172 a=204 file=/data/alice/ipardoza/hadronization_production/HF_RUN3_V1/raw/MONASH/hf_MONASH_job956.root
SIGMAB_COUNTS tag=MONASH species=Xi_b0 pdg=5232 slice=all p=54 a=42 file=/data/alice/ipardoza/hadronization_production/HF_RUN3_V1/raw/MONASH/hf_MONASH_job956.root
SIGMAB_COUNTS tag=MONASH species=Xi_b0 pdg=5232 slice=eta_lt_1 p=4 a=8 file=/data/alice/ipardoza/hadronization_production/HF_RUN3_V1/raw/MONASH/hf_MONASH_job956.root
SIGMAB_COUNTS tag=MONASH species=Xi_b0 pdg=5232 slice=eta_1_2 p=17 a=12 file=/data/alice/ipardoza/hadronization_production/HF_RUN3_V1/raw/MONASH/hf_MONASH_job956.root
SIGMAB_COUNTS tag=MONASH species=Xi_b0 pdg=5232 slice=eta_ge_2 p=33 a=22 file=/data/alice/ipardoza/hadronization_production/HF_RUN3_V1/raw/MONASH/hf_MONASH_job956.root
SIGMAB_COUNTS tag=MONASH species=Xi_b- pdg=5132 slice=all p=53 a=54 file=/data/alice/ipardoza/hadronization_production/HF_RUN3_V1/raw/MONASH/hf_MONASH_job956.root
SIGMAB_COUNTS tag=MONASH species=Xi_b- pdg=5132 slice=eta_lt_1 p=7 a=8 file=/data/alice/ipardoza/hadronization_production/HF_RUN3_V1/raw/MONASH/hf_MONASH_job956.root
SIGMAB_COUNTS tag=MONASH species=Xi_b- pdg=5132 slice=eta_1_2 p=9 a=12 file=/data/alice/ipardoza/hadronization_production/HF_RUN3_V1/raw/MONASH/hf_MONASH_job956.root
SIGMAB_COUNTS tag=MONASH species=Xi_b- pdg=5132 slice=eta_ge_2 p=37 a=34 file=/data/alice/ipardoza/hadronization_production/HF_RUN3_V1/raw/MONASH/hf_MONASH_job956.root
SIGMAB_COUNTS tag=MONASH species=Sigma_b+ pdg=5222 slice=all p=47 a=19 file=/data/alice/ipardoza/hadronization_production/HF_RUN3_V1/raw/MONASH/hf_MONASH_job957.root
SIGMAB_COUNTS tag=MONASH species=Sigma_b+ pdg=5222 slice=eta_lt_1 p=8 a=2 file=/data/alice/ipardoza/hadronization_production/HF_RUN3_V1/raw/MONASH/hf_MONASH_job957.root
SIGMAB_COUNTS tag=MONASH species=Sigma_b+ pdg=5222 slice=eta_1_2 p=11 a=4 file=/data/alice/ipardoza/hadronization_production/HF_RUN3_V1/raw/MONASH/hf_MONASH_job957.root
SIGMAB_COUNTS tag=MONASH species=Sigma_b+ pdg=5222 slice=eta_ge_2 p=28 a=13 file=/data/alice/ipardoza/hadronization_production/HF_RUN3_V1/raw/MONASH/hf_MONASH_job957.root
SIGMAB_COUNTS tag=MONASH species=Sigma_b0 pdg=5212 slice=all p=24 a=12 file=/data/alice/ipardoza/hadronization_production/HF_RUN3_V1/raw/MONASH/hf_MONASH_job957.root
SIGMAB_COUNTS tag=MONASH species=Sigma_b0 pdg=5212 slice=eta_lt_1 p=5 a=4 file=/data/alice/ipardoza/hadronization_production/HF_RUN3_V1/raw/MONASH/hf_MONASH_job957.root
SIGMAB_COUNTS tag=MONASH species=Sigma_b0 pdg=5212 slice=eta_1_2 p=2 a=4 file=/data/alice/ipardoza/hadronization_production/HF_RUN3_V1/raw/MONASH/hf_MONASH_job957.root
SIGMAB_COUNTS tag=MONASH species=Sigma_b0 pdg=5212 slice=eta_ge_2 p=17 a=4 file=/data/alice/ipardoza/hadronization_production/HF_RUN3_V1/raw/MONASH/hf_MONASH_job957.root
SIGMAB_COUNTS tag=MONASH species=Sigma_b- pdg=5112 slice=all p=32 a=19 file=/data/alice/ipardoza/hadronization_production/HF_RUN3_V1/raw/MONASH/hf_MONASH_job957.root
SIGMAB_COUNTS tag=MONASH species=Sigma_b- pdg=5112 slice=eta_lt_1 p=6 a=4 file=/data/alice/ipardoza/hadronization_production/HF_RUN3_V1/raw/MONASH/hf_MONASH_job957.root
SIGMAB_COUNTS tag=MONASH species=Sigma_b- pdg=5112 slice=eta_1_2 p=4 a=4 file=/data/alice/ipardoza/hadronization_production/HF_RUN3_V1/raw/MONASH/hf_MONASH_job957.root
SIGMAB_COUNTS tag=MONASH species=Sigma_b- pdg=5112 slice=eta_ge_2 p=22 a=11 file=/data/alice/ipardoza/hadronization_production/HF_RUN3_V1/raw/MONASH/hf_MONASH_job957.root
SIGMAB_COUNTS tag=MONASH species=Sigma*_b+ pdg=5224 slice=all p=59 a=50 file=/data/alice/ipardoza/hadronization_production/HF_RUN3_V1/raw/MONASH/hf_MONASH_job957.root
SIGMAB_COUNTS tag=MONASH species=Sigma*_b+ pdg=5224 slice=eta_lt_1 p=5 a=9 file=/data/alice/ipardoza/hadronization_production/HF_RUN3_V1/raw/MONASH/hf_MONASH_job957.root
SIGMAB_COUNTS tag=MONASH species=Sigma*_b+ pdg=5224 slice=eta_1_2 p=12 a=11 file=/data/alice/ipardoza/hadronization_production/HF_RUN3_V1/raw/MONASH/hf_MONASH_job957.root
SIGMAB_COUNTS tag=MONASH species=Sigma*_b+ pdg=5224 slice=eta_ge_2 p=42 a=30 file=/data/alice/ipardoza/hadronization_production/HF_RUN3_V1/raw/MONASH/hf_MONASH_job957.root
SIGMAB_COUNTS tag=MONASH species=Sigma*_b0 pdg=5214 slice=all p=48 a=39 file=/data/alice/ipardoza/hadronization_production/HF_RUN3_V1/raw/MONASH/hf_MONASH_job957.root
SIGMAB_COUNTS tag=MONASH species=Sigma*_b0 pdg=5214 slice=eta_lt_1 p=6 a=6 file=/data/alice/ipardoza/hadronization_production/HF_RUN3_V1/raw/MONASH/hf_MONASH_job957.root
SIGMAB_COUNTS tag=MONASH species=Sigma*_b0 pdg=5214 slice=eta_1_2 p=8 a=14 file=/data/alice/ipardoza/hadronization_production/HF_RUN3_V1/raw/MONASH/hf_MONASH_job957.root
SIGMAB_COUNTS tag=MONASH species=Sigma*_b0 pdg=5214 slice=eta_ge_2 p=34 a=19 file=/data/alice/ipardoza/hadronization_production/HF_RUN3_V1/raw/MONASH/hf_MONASH_job957.root
SIGMAB_COUNTS tag=MONASH species=Sigma*_b- pdg=5114 slice=all p=43 a=33 file=/data/alice/ipardoza/hadronization_production/HF_RUN3_V1/raw/MONASH/hf_MONASH_job957.root
SIGMAB_COUNTS tag=MONASH species=Sigma*_b- pdg=5114 slice=eta_lt_1 p=4 a=7 file=/data/alice/ipardoza/hadronization_production/HF_RUN3_V1/raw/MONASH/hf_MONASH_job957.root
SIGMAB_COUNTS tag=MONASH species=Sigma*_b- pdg=5114 slice=eta_1_2 p=11 a=9 file=/data/alice/ipardoza/hadronization_production/HF_RUN3_V1/raw/MONASH/hf_MONASH_job957.root
SIGMAB_COUNTS tag=MONASH species=Sigma*_b- pdg=5114 slice=eta_ge_2 p=28 a=17 file=/data/alice/ipardoza/hadronization_production/HF_RUN3_V1/raw/MONASH/hf_MONASH_job957.root
SIGMAB_COUNTS tag=MONASH species=Lambda_b0 pdg=5122 slice=all p=304 a=282 file=/data/alice/ipardoza/hadronization_production/HF_RUN3_V1/raw/MONASH/hf_MONASH_job957.root
SIGMAB_COUNTS tag=MONASH species=Lambda_b0 pdg=5122 slice=eta_lt_1 p=55 a=50 file=/data/alice/ipardoza/hadronization_production/HF_RUN3_V1/raw/MONASH/hf_MONASH_job957.root
SIGMAB_COUNTS tag=MONASH species=Lambda_b0 pdg=5122 slice=eta_1_2 p=76 a=55 file=/data/alice/ipardoza/hadronization_production/HF_RUN3_V1/raw/MONASH/hf_MONASH_job957.root
SIGMAB_COUNTS tag=MONASH species=Lambda_b0 pdg=5122 slice=eta_ge_2 p=173 a=177 file=/data/alice/ipardoza/hadronization_production/HF_RUN3_V1/raw/MONASH/hf_MONASH_job957.root
SIGMAB_COUNTS tag=MONASH species=Xi_b0 pdg=5232 slice=all p=73 a=47 file=/data/alice/ipardoza/hadronization_production/HF_RUN3_V1/raw/MONASH/hf_MONASH_job957.root
SIGMAB_COUNTS tag=MONASH species=Xi_b0 pdg=5232 slice=eta_lt_1 p=15 a=9 file=/data/alice/ipardoza/hadronization_production/HF_RUN3_V1/raw/MONASH/hf_MONASH_job957.root
SIGMAB_COUNTS tag=MONASH species=Xi_b0 pdg=5232 slice=eta_1_2 p=13 a=8 file=/data/alice/ipardoza/hadronization_production/HF_RUN3_V1/raw/MONASH/hf_MONASH_job957.root
SIGMAB_COUNTS tag=MONASH species=Xi_b0 pdg=5232 slice=eta_ge_2 p=45 a=30 file=/data/alice/ipardoza/hadronization_production/HF_RUN3_V1/raw/MONASH/hf_MONASH_job957.root
SIGMAB_COUNTS tag=MONASH species=Xi_b- pdg=5132 slice=all p=51 a=58 file=/data/alice/ipardoza/hadronization_production/HF_RUN3_V1/raw/MONASH/hf_MONASH_job957.root
SIGMAB_COUNTS tag=MONASH species=Xi_b- pdg=5132 slice=eta_lt_1 p=8 a=4 file=/data/alice/ipardoza/hadronization_production/HF_RUN3_V1/raw/MONASH/hf_MONASH_job957.root
SIGMAB_COUNTS tag=MONASH species=Xi_b- pdg=5132 slice=eta_1_2 p=9 a=16 file=/data/alice/ipardoza/hadronization_production/HF_RUN3_V1/raw/MONASH/hf_MONASH_job957.root
SIGMAB_COUNTS tag=MONASH species=Xi_b- pdg=5132 slice=eta_ge_2 p=34 a=38 file=/data/alice/ipardoza/hadronization_production/HF_RUN3_V1/raw/MONASH/hf_MONASH_job957.root
SIGMAB_COUNTS tag=MONASH species=Sigma_b+ pdg=5222 slice=all p=26 a=27 file=/data/alice/ipardoza/hadronization_production/HF_RUN3_V1/raw/MONASH/hf_MONASH_job958.root
SIGMAB_COUNTS tag=MONASH species=Sigma_b+ pdg=5222 slice=eta_lt_1 p=5 a=3 file=/data/alice/ipardoza/hadronization_production/HF_RUN3_V1/raw/MONASH/hf_MONASH_job958.root
SIGMAB_COUNTS tag=MONASH species=Sigma_b+ pdg=5222 slice=eta_1_2 p=5 a=3 file=/data/alice/ipardoza/hadronization_production/HF_RUN3_V1/raw/MONASH/hf_MONASH_job958.root
SIGMAB_COUNTS tag=MONASH species=Sigma_b+ pdg=5222 slice=eta_ge_2 p=16 a=21 file=/data/alice/ipardoza/hadronization_production/HF_RUN3_V1/raw/MONASH/hf_MONASH_job958.root
SIGMAB_COUNTS tag=MONASH species=Sigma_b0 pdg=5212 slice=all p=37 a=17 file=/data/alice/ipardoza/hadronization_production/HF_RUN3_V1/raw/MONASH/hf_MONASH_job958.root
SIGMAB_COUNTS tag=MONASH species=Sigma_b0 pdg=5212 slice=eta_lt_1 p=8 a=2 file=/data/alice/ipardoza/hadronization_production/HF_RUN3_V1/raw/MONASH/hf_MONASH_job958.root
SIGMAB_COUNTS tag=MONASH species=Sigma_b0 pdg=5212 slice=eta_1_2 p=5 a=8 file=/data/alice/ipardoza/hadronization_production/HF_RUN3_V1/raw/MONASH/hf_MONASH_job958.root
SIGMAB_COUNTS tag=MONASH species=Sigma_b0 pdg=5212 slice=eta_ge_2 p=24 a=7 file=/data/alice/ipardoza/hadronization_production/HF_RUN3_V1/raw/MONASH/hf_MONASH_job958.root
SIGMAB_COUNTS tag=MONASH species=Sigma_b- pdg=5112 slice=all p=30 a=15 file=/data/alice/ipardoza/hadronization_production/HF_RUN3_V1/raw/MONASH/hf_MONASH_job958.root
SIGMAB_COUNTS tag=MONASH species=Sigma_b- pdg=5112 slice=eta_lt_1 p=8 a=3 file=/data/alice/ipardoza/hadronization_production/HF_RUN3_V1/raw/MONASH/hf_MONASH_job958.root
SIGMAB_COUNTS tag=MONASH species=Sigma_b- pdg=5112 slice=eta_1_2 p=4 a=5 file=/data/alice/ipardoza/hadronization_production/HF_RUN3_V1/raw/MONASH/hf_MONASH_job958.root
SIGMAB_COUNTS tag=MONASH species=Sigma_b- pdg=5112 slice=eta_ge_2 p=18 a=7 file=/data/alice/ipardoza/hadronization_production/HF_RUN3_V1/raw/MONASH/hf_MONASH_job958.root
SIGMAB_COUNTS tag=MONASH species=Sigma*_b+ pdg=5224 slice=all p=43 a=44 file=/data/alice/ipardoza/hadronization_production/HF_RUN3_V1/raw/MONASH/hf_MONASH_job958.root
SIGMAB_COUNTS tag=MONASH species=Sigma*_b+ pdg=5224 slice=eta_lt_1 p=10 a=12 file=/data/alice/ipardoza/hadronization_production/HF_RUN3_V1/raw/MONASH/hf_MONASH_job958.root
SIGMAB_COUNTS tag=MONASH species=Sigma*_b+ pdg=5224 slice=eta_1_2 p=13 a=12 file=/data/alice/ipardoza/hadronization_production/HF_RUN3_V1/raw/MONASH/hf_MONASH_job958.root
SIGMAB_COUNTS tag=MONASH species=Sigma*_b+ pdg=5224 slice=eta_ge_2 p=20 a=20 file=/data/alice/ipardoza/hadronization_production/HF_RUN3_V1/raw/MONASH/hf_MONASH_job958.root
SIGMAB_COUNTS tag=MONASH species=Sigma*_b0 pdg=5214 slice=all p=55 a=48 file=/data/alice/ipardoza/hadronization_production/HF_RUN3_V1/raw/MONASH/hf_MONASH_job958.root
SIGMAB_COUNTS tag=MONASH species=Sigma*_b0 pdg=5214 slice=eta_lt_1 p=10 a=9 file=/data/alice/ipardoza/hadronization_production/HF_RUN3_V1/raw/MONASH/hf_MONASH_job958.root
SIGMAB_COUNTS tag=MONASH species=Sigma*_b0 pdg=5214 slice=eta_1_2 p=15 a=7 file=/data/alice/ipardoza/hadronization_production/HF_RUN3_V1/raw/MONASH/hf_MONASH_job958.root
SIGMAB_COUNTS tag=MONASH species=Sigma*_b0 pdg=5214 slice=eta_ge_2 p=30 a=32 file=/data/alice/ipardoza/hadronization_production/HF_RUN3_V1/raw/MONASH/hf_MONASH_job958.root
SIGMAB_COUNTS tag=MONASH species=Sigma*_b- pdg=5114 slice=all p=50 a=36 file=/data/alice/ipardoza/hadronization_production/HF_RUN3_V1/raw/MONASH/hf_MONASH_job958.root
SIGMAB_COUNTS tag=MONASH species=Sigma*_b- pdg=5114 slice=eta_lt_1 p=11 a=10 file=/data/alice/ipardoza/hadronization_production/HF_RUN3_V1/raw/MONASH/hf_MONASH_job958.root
SIGMAB_COUNTS tag=MONASH species=Sigma*_b- pdg=5114 slice=eta_1_2 p=13 a=6 file=/data/alice/ipardoza/hadronization_production/HF_RUN3_V1/raw/MONASH/hf_MONASH_job958.root
SIGMAB_COUNTS tag=MONASH species=Sigma*_b- pdg=5114 slice=eta_ge_2 p=26 a=20 file=/data/alice/ipardoza/hadronization_production/HF_RUN3_V1/raw/MONASH/hf_MONASH_job958.root
SIGMAB_COUNTS tag=MONASH species=Lambda_b0 pdg=5122 slice=all p=354 a=289 file=/data/alice/ipardoza/hadronization_production/HF_RUN3_V1/raw/MONASH/hf_MONASH_job958.root
SIGMAB_COUNTS tag=MONASH species=Lambda_b0 pdg=5122 slice=eta_lt_1 p=66 a=53 file=/data/alice/ipardoza/hadronization_production/HF_RUN3_V1/raw/MONASH/hf_MONASH_job958.root
SIGMAB_COUNTS tag=MONASH species=Lambda_b0 pdg=5122 slice=eta_1_2 p=66 a=72 file=/data/alice/ipardoza/hadronization_production/HF_RUN3_V1/raw/MONASH/hf_MONASH_job958.root
SIGMAB_COUNTS tag=MONASH species=Lambda_b0 pdg=5122 slice=eta_ge_2 p=222 a=164 file=/data/alice/ipardoza/hadronization_production/HF_RUN3_V1/raw/MONASH/hf_MONASH_job958.root
SIGMAB_COUNTS tag=MONASH species=Xi_b0 pdg=5232 slice=all p=51 a=47 file=/data/alice/ipardoza/hadronization_production/HF_RUN3_V1/raw/MONASH/hf_MONASH_job958.root
SIGMAB_COUNTS tag=MONASH species=Xi_b0 pdg=5232 slice=eta_lt_1 p=6 a=9 file=/data/alice/ipardoza/hadronization_production/HF_RUN3_V1/raw/MONASH/hf_MONASH_job958.root
SIGMAB_COUNTS tag=MONASH species=Xi_b0 pdg=5232 slice=eta_1_2 p=5 a=10 file=/data/alice/ipardoza/hadronization_production/HF_RUN3_V1/raw/MONASH/hf_MONASH_job958.root
SIGMAB_COUNTS tag=MONASH species=Xi_b0 pdg=5232 slice=eta_ge_2 p=40 a=28 file=/data/alice/ipardoza/hadronization_production/HF_RUN3_V1/raw/MONASH/hf_MONASH_job958.root
SIGMAB_COUNTS tag=MONASH species=Xi_b- pdg=5132 slice=all p=67 a=59 file=/data/alice/ipardoza/hadronization_production/HF_RUN3_V1/raw/MONASH/hf_MONASH_job958.root
SIGMAB_COUNTS tag=MONASH species=Xi_b- pdg=5132 slice=eta_lt_1 p=11 a=11 file=/data/alice/ipardoza/hadronization_production/HF_RUN3_V1/raw/MONASH/hf_MONASH_job958.root
SIGMAB_COUNTS tag=MONASH species=Xi_b- pdg=5132 slice=eta_1_2 p=19 a=12 file=/data/alice/ipardoza/hadronization_production/HF_RUN3_V1/raw/MONASH/hf_MONASH_job958.root
SIGMAB_COUNTS tag=MONASH species=Xi_b- pdg=5132 slice=eta_ge_2 p=37 a=36 file=/data/alice/ipardoza/hadronization_production/HF_RUN3_V1/raw/MONASH/hf_MONASH_job958.root
SIGMAB_COUNTS tag=MONASH species=Sigma_b+ pdg=5222 slice=all p=44 a=16 file=/data/alice/ipardoza/hadronization_production/HF_RUN3_V1/raw/MONASH/hf_MONASH_job959.root
SIGMAB_COUNTS tag=MONASH species=Sigma_b+ pdg=5222 slice=eta_lt_1 p=8 a=7 file=/data/alice/ipardoza/hadronization_production/HF_RUN3_V1/raw/MONASH/hf_MONASH_job959.root
SIGMAB_COUNTS tag=MONASH species=Sigma_b+ pdg=5222 slice=eta_1_2 p=7 a=3 file=/data/alice/ipardoza/hadronization_production/HF_RUN3_V1/raw/MONASH/hf_MONASH_job959.root
SIGMAB_COUNTS tag=MONASH species=Sigma_b+ pdg=5222 slice=eta_ge_2 p=29 a=6 file=/data/alice/ipardoza/hadronization_production/HF_RUN3_V1/raw/MONASH/hf_MONASH_job959.root
SIGMAB_COUNTS tag=MONASH species=Sigma_b0 pdg=5212 slice=all p=32 a=21 file=/data/alice/ipardoza/hadronization_production/HF_RUN3_V1/raw/MONASH/hf_MONASH_job959.root
SIGMAB_COUNTS tag=MONASH species=Sigma_b0 pdg=5212 slice=eta_lt_1 p=3 a=4 file=/data/alice/ipardoza/hadronization_production/HF_RUN3_V1/raw/MONASH/hf_MONASH_job959.root
SIGMAB_COUNTS tag=MONASH species=Sigma_b0 pdg=5212 slice=eta_1_2 p=6 a=6 file=/data/alice/ipardoza/hadronization_production/HF_RUN3_V1/raw/MONASH/hf_MONASH_job959.root
SIGMAB_COUNTS tag=MONASH species=Sigma_b0 pdg=5212 slice=eta_ge_2 p=23 a=11 file=/data/alice/ipardoza/hadronization_production/HF_RUN3_V1/raw/MONASH/hf_MONASH_job959.root
SIGMAB_COUNTS tag=MONASH species=Sigma_b- pdg=5112 slice=all p=38 a=12 file=/data/alice/ipardoza/hadronization_production/HF_RUN3_V1/raw/MONASH/hf_MONASH_job959.root
SIGMAB_COUNTS tag=MONASH species=Sigma_b- pdg=5112 slice=eta_lt_1 p=3 a=3 file=/data/alice/ipardoza/hadronization_production/HF_RUN3_V1/raw/MONASH/hf_MONASH_job959.root
SIGMAB_COUNTS tag=MONASH species=Sigma_b- pdg=5112 slice=eta_1_2 p=11 a=6 file=/data/alice/ipardoza/hadronization_production/HF_RUN3_V1/raw/MONASH/hf_MONASH_job959.root
SIGMAB_COUNTS tag=MONASH species=Sigma_b- pdg=5112 slice=eta_ge_2 p=24 a=3 file=/data/alice/ipardoza/hadronization_production/HF_RUN3_V1/raw/MONASH/hf_MONASH_job959.root
SIGMAB_COUNTS tag=MONASH species=Sigma*_b+ pdg=5224 slice=all p=53 a=43 file=/data/alice/ipardoza/hadronization_production/HF_RUN3_V1/raw/MONASH/hf_MONASH_job959.root
SIGMAB_COUNTS tag=MONASH species=Sigma*_b+ pdg=5224 slice=eta_lt_1 p=12 a=13 file=/data/alice/ipardoza/hadronization_production/HF_RUN3_V1/raw/MONASH/hf_MONASH_job959.root
SIGMAB_COUNTS tag=MONASH species=Sigma*_b+ pdg=5224 slice=eta_1_2 p=9 a=12 file=/data/alice/ipardoza/hadronization_production/HF_RUN3_V1/raw/MONASH/hf_MONASH_job959.root
SIGMAB_COUNTS tag=MONASH species=Sigma*_b+ pdg=5224 slice=eta_ge_2 p=32 a=18 file=/data/alice/ipardoza/hadronization_production/HF_RUN3_V1/raw/MONASH/hf_MONASH_job959.root
SIGMAB_COUNTS tag=MONASH species=Sigma*_b0 pdg=5214 slice=all p=70 a=48 file=/data/alice/ipardoza/hadronization_production/HF_RUN3_V1/raw/MONASH/hf_MONASH_job959.root
SIGMAB_COUNTS tag=MONASH species=Sigma*_b0 pdg=5214 slice=eta_lt_1 p=8 a=9 file=/data/alice/ipardoza/hadronization_production/HF_RUN3_V1/raw/MONASH/hf_MONASH_job959.root
SIGMAB_COUNTS tag=MONASH species=Sigma*_b0 pdg=5214 slice=eta_1_2 p=11 a=19 file=/data/alice/ipardoza/hadronization_production/HF_RUN3_V1/raw/MONASH/hf_MONASH_job959.root
SIGMAB_COUNTS tag=MONASH species=Sigma*_b0 pdg=5214 slice=eta_ge_2 p=51 a=20 file=/data/alice/ipardoza/hadronization_production/HF_RUN3_V1/raw/MONASH/hf_MONASH_job959.root
SIGMAB_COUNTS tag=MONASH species=Sigma*_b- pdg=5114 slice=all p=52 a=34 file=/data/alice/ipardoza/hadronization_production/HF_RUN3_V1/raw/MONASH/hf_MONASH_job959.root
SIGMAB_COUNTS tag=MONASH species=Sigma*_b- pdg=5114 slice=eta_lt_1 p=9 a=6 file=/data/alice/ipardoza/hadronization_production/HF_RUN3_V1/raw/MONASH/hf_MONASH_job959.root
SIGMAB_COUNTS tag=MONASH species=Sigma*_b- pdg=5114 slice=eta_1_2 p=13 a=8 file=/data/alice/ipardoza/hadronization_production/HF_RUN3_V1/raw/MONASH/hf_MONASH_job959.root
SIGMAB_COUNTS tag=MONASH species=Sigma*_b- pdg=5114 slice=eta_ge_2 p=30 a=20 file=/data/alice/ipardoza/hadronization_production/HF_RUN3_V1/raw/MONASH/hf_MONASH_job959.root
SIGMAB_COUNTS tag=MONASH species=Lambda_b0 pdg=5122 slice=all p=345 a=315 file=/data/alice/ipardoza/hadronization_production/HF_RUN3_V1/raw/MONASH/hf_MONASH_job959.root
SIGMAB_COUNTS tag=MONASH species=Lambda_b0 pdg=5122 slice=eta_lt_1 p=66 a=58 file=/data/alice/ipardoza/hadronization_production/HF_RUN3_V1/raw/MONASH/hf_MONASH_job959.root
SIGMAB_COUNTS tag=MONASH species=Lambda_b0 pdg=5122 slice=eta_1_2 p=75 a=66 file=/data/alice/ipardoza/hadronization_production/HF_RUN3_V1/raw/MONASH/hf_MONASH_job959.root
SIGMAB_COUNTS tag=MONASH species=Lambda_b0 pdg=5122 slice=eta_ge_2 p=204 a=191 file=/data/alice/ipardoza/hadronization_production/HF_RUN3_V1/raw/MONASH/hf_MONASH_job959.root
SIGMAB_COUNTS tag=MONASH species=Xi_b0 pdg=5232 slice=all p=54 a=51 file=/data/alice/ipardoza/hadronization_production/HF_RUN3_V1/raw/MONASH/hf_MONASH_job959.root
SIGMAB_COUNTS tag=MONASH species=Xi_b0 pdg=5232 slice=eta_lt_1 p=13 a=9 file=/data/alice/ipardoza/hadronization_production/HF_RUN3_V1/raw/MONASH/hf_MONASH_job959.root
SIGMAB_COUNTS tag=MONASH species=Xi_b0 pdg=5232 slice=eta_1_2 p=11 a=10 file=/data/alice/ipardoza/hadronization_production/HF_RUN3_V1/raw/MONASH/hf_MONASH_job959.root
SIGMAB_COUNTS tag=MONASH species=Xi_b0 pdg=5232 slice=eta_ge_2 p=30 a=32 file=/data/alice/ipardoza/hadronization_production/HF_RUN3_V1/raw/MONASH/hf_MONASH_job959.root
SIGMAB_COUNTS tag=MONASH species=Xi_b- pdg=5132 slice=all p=50 a=60 file=/data/alice/ipardoza/hadronization_production/HF_RUN3_V1/raw/MONASH/hf_MONASH_job959.root
SIGMAB_COUNTS tag=MONASH species=Xi_b- pdg=5132 slice=eta_lt_1 p=6 a=13 file=/data/alice/ipardoza/hadronization_production/HF_RUN3_V1/raw/MONASH/hf_MONASH_job959.root
SIGMAB_COUNTS tag=MONASH species=Xi_b- pdg=5132 slice=eta_1_2 p=12 a=7 file=/data/alice/ipardoza/hadronization_production/HF_RUN3_V1/raw/MONASH/hf_MONASH_job959.root
SIGMAB_COUNTS tag=MONASH species=Xi_b- pdg=5132 slice=eta_ge_2 p=32 a=40 file=/data/alice/ipardoza/hadronization_production/HF_RUN3_V1/raw/MONASH/hf_MONASH_job959.root
SIGMAB_COUNTS tag=MONASH species=Sigma_b+ pdg=5222 slice=all p=37 a=22 file=/data/alice/ipardoza/hadronization_production/HF_RUN3_V1/raw/MONASH/hf_MONASH_job960.root
SIGMAB_COUNTS tag=MONASH species=Sigma_b+ pdg=5222 slice=eta_lt_1 p=7 a=1 file=/data/alice/ipardoza/hadronization_production/HF_RUN3_V1/raw/MONASH/hf_MONASH_job960.root
SIGMAB_COUNTS tag=MONASH species=Sigma_b+ pdg=5222 slice=eta_1_2 p=4 a=5 file=/data/alice/ipardoza/hadronization_production/HF_RUN3_V1/raw/MONASH/hf_MONASH_job960.root
SIGMAB_COUNTS tag=MONASH species=Sigma_b+ pdg=5222 slice=eta_ge_2 p=26 a=16 file=/data/alice/ipardoza/hadronization_production/HF_RUN3_V1/raw/MONASH/hf_MONASH_job960.root
SIGMAB_COUNTS tag=MONASH species=Sigma_b0 pdg=5212 slice=all p=37 a=23 file=/data/alice/ipardoza/hadronization_production/HF_RUN3_V1/raw/MONASH/hf_MONASH_job960.root
SIGMAB_COUNTS tag=MONASH species=Sigma_b0 pdg=5212 slice=eta_lt_1 p=3 a=1 file=/data/alice/ipardoza/hadronization_production/HF_RUN3_V1/raw/MONASH/hf_MONASH_job960.root
SIGMAB_COUNTS tag=MONASH species=Sigma_b0 pdg=5212 slice=eta_1_2 p=9 a=6 file=/data/alice/ipardoza/hadronization_production/HF_RUN3_V1/raw/MONASH/hf_MONASH_job960.root
SIGMAB_COUNTS tag=MONASH species=Sigma_b0 pdg=5212 slice=eta_ge_2 p=25 a=16 file=/data/alice/ipardoza/hadronization_production/HF_RUN3_V1/raw/MONASH/hf_MONASH_job960.root
SIGMAB_COUNTS tag=MONASH species=Sigma_b- pdg=5112 slice=all p=35 a=22 file=/data/alice/ipardoza/hadronization_production/HF_RUN3_V1/raw/MONASH/hf_MONASH_job960.root
SIGMAB_COUNTS tag=MONASH species=Sigma_b- pdg=5112 slice=eta_lt_1 p=4 a=6 file=/data/alice/ipardoza/hadronization_production/HF_RUN3_V1/raw/MONASH/hf_MONASH_job960.root
SIGMAB_COUNTS tag=MONASH species=Sigma_b- pdg=5112 slice=eta_1_2 p=11 a=4 file=/data/alice/ipardoza/hadronization_production/HF_RUN3_V1/raw/MONASH/hf_MONASH_job960.root
SIGMAB_COUNTS tag=MONASH species=Sigma_b- pdg=5112 slice=eta_ge_2 p=20 a=12 file=/data/alice/ipardoza/hadronization_production/HF_RUN3_V1/raw/MONASH/hf_MONASH_job960.root
SIGMAB_COUNTS tag=MONASH species=Sigma*_b+ pdg=5224 slice=all p=39 a=53 file=/data/alice/ipardoza/hadronization_production/HF_RUN3_V1/raw/MONASH/hf_MONASH_job960.root
SIGMAB_COUNTS tag=MONASH species=Sigma*_b+ pdg=5224 slice=eta_lt_1 p=8 a=8 file=/data/alice/ipardoza/hadronization_production/HF_RUN3_V1/raw/MONASH/hf_MONASH_job960.root
SIGMAB_COUNTS tag=MONASH species=Sigma*_b+ pdg=5224 slice=eta_1_2 p=8 a=10 file=/data/alice/ipardoza/hadronization_production/HF_RUN3_V1/raw/MONASH/hf_MONASH_job960.root
SIGMAB_COUNTS tag=MONASH species=Sigma*_b+ pdg=5224 slice=eta_ge_2 p=23 a=35 file=/data/alice/ipardoza/hadronization_production/HF_RUN3_V1/raw/MONASH/hf_MONASH_job960.root
SIGMAB_COUNTS tag=MONASH species=Sigma*_b0 pdg=5214 slice=all p=48 a=33 file=/data/alice/ipardoza/hadronization_production/HF_RUN3_V1/raw/MONASH/hf_MONASH_job960.root
SIGMAB_COUNTS tag=MONASH species=Sigma*_b0 pdg=5214 slice=eta_lt_1 p=7 a=3 file=/data/alice/ipardoza/hadronization_production/HF_RUN3_V1/raw/MONASH/hf_MONASH_job960.root
SIGMAB_COUNTS tag=MONASH species=Sigma*_b0 pdg=5214 slice=eta_1_2 p=8 a=13 file=/data/alice/ipardoza/hadronization_production/HF_RUN3_V1/raw/MONASH/hf_MONASH_job960.root
SIGMAB_COUNTS tag=MONASH species=Sigma*_b0 pdg=5214 slice=eta_ge_2 p=33 a=17 file=/data/alice/ipardoza/hadronization_production/HF_RUN3_V1/raw/MONASH/hf_MONASH_job960.root
SIGMAB_COUNTS tag=MONASH species=Sigma*_b- pdg=5114 slice=all p=56 a=39 file=/data/alice/ipardoza/hadronization_production/HF_RUN3_V1/raw/MONASH/hf_MONASH_job960.root
SIGMAB_COUNTS tag=MONASH species=Sigma*_b- pdg=5114 slice=eta_lt_1 p=10 a=11 file=/data/alice/ipardoza/hadronization_production/HF_RUN3_V1/raw/MONASH/hf_MONASH_job960.root
SIGMAB_COUNTS tag=MONASH species=Sigma*_b- pdg=5114 slice=eta_1_2 p=14 a=9 file=/data/alice/ipardoza/hadronization_production/HF_RUN3_V1/raw/MONASH/hf_MONASH_job960.root
SIGMAB_COUNTS tag=MONASH species=Sigma*_b- pdg=5114 slice=eta_ge_2 p=32 a=19 file=/data/alice/ipardoza/hadronization_production/HF_RUN3_V1/raw/MONASH/hf_MONASH_job960.root
SIGMAB_COUNTS tag=MONASH species=Lambda_b0 pdg=5122 slice=all p=312 a=288 file=/data/alice/ipardoza/hadronization_production/HF_RUN3_V1/raw/MONASH/hf_MONASH_job960.root
SIGMAB_COUNTS tag=MONASH species=Lambda_b0 pdg=5122 slice=eta_lt_1 p=66 a=61 file=/data/alice/ipardoza/hadronization_production/HF_RUN3_V1/raw/MONASH/hf_MONASH_job960.root
SIGMAB_COUNTS tag=MONASH species=Lambda_b0 pdg=5122 slice=eta_1_2 p=66 a=69 file=/data/alice/ipardoza/hadronization_production/HF_RUN3_V1/raw/MONASH/hf_MONASH_job960.root
SIGMAB_COUNTS tag=MONASH species=Lambda_b0 pdg=5122 slice=eta_ge_2 p=180 a=158 file=/data/alice/ipardoza/hadronization_production/HF_RUN3_V1/raw/MONASH/hf_MONASH_job960.root
SIGMAB_COUNTS tag=MONASH species=Xi_b0 pdg=5232 slice=all p=51 a=57 file=/data/alice/ipardoza/hadronization_production/HF_RUN3_V1/raw/MONASH/hf_MONASH_job960.root
SIGMAB_COUNTS tag=MONASH species=Xi_b0 pdg=5232 slice=eta_lt_1 p=15 a=11 file=/data/alice/ipardoza/hadronization_production/HF_RUN3_V1/raw/MONASH/hf_MONASH_job960.root
SIGMAB_COUNTS tag=MONASH species=Xi_b0 pdg=5232 slice=eta_1_2 p=8 a=13 file=/data/alice/ipardoza/hadronization_production/HF_RUN3_V1/raw/MONASH/hf_MONASH_job960.root
SIGMAB_COUNTS tag=MONASH species=Xi_b0 pdg=5232 slice=eta_ge_2 p=28 a=33 file=/data/alice/ipardoza/hadronization_production/HF_RUN3_V1/raw/MONASH/hf_MONASH_job960.root
SIGMAB_COUNTS tag=MONASH species=Xi_b- pdg=5132 slice=all p=48 a=66 file=/data/alice/ipardoza/hadronization_production/HF_RUN3_V1/raw/MONASH/hf_MONASH_job960.root
SIGMAB_COUNTS tag=MONASH species=Xi_b- pdg=5132 slice=eta_lt_1 p=8 a=11 file=/data/alice/ipardoza/hadronization_production/HF_RUN3_V1/raw/MONASH/hf_MONASH_job960.root
SIGMAB_COUNTS tag=MONASH species=Xi_b- pdg=5132 slice=eta_1_2 p=15 a=14 file=/data/alice/ipardoza/hadronization_production/HF_RUN3_V1/raw/MONASH/hf_MONASH_job960.root
SIGMAB_COUNTS tag=MONASH species=Xi_b- pdg=5132 slice=eta_ge_2 p=25 a=41 file=/data/alice/ipardoza/hadronization_production/HF_RUN3_V1/raw/MONASH/hf_MONASH_job960.root
SIGMAB_COUNTS tag=MONASH species=Sigma_b+ pdg=5222 slice=all p=36 a=21 file=/data/alice/ipardoza/hadronization_production/HF_RUN3_V1/raw/MONASH/hf_MONASH_job961.root
SIGMAB_COUNTS tag=MONASH species=Sigma_b+ pdg=5222 slice=eta_lt_1 p=4 a=5 file=/data/alice/ipardoza/hadronization_production/HF_RUN3_V1/raw/MONASH/hf_MONASH_job961.root
SIGMAB_COUNTS tag=MONASH species=Sigma_b+ pdg=5222 slice=eta_1_2 p=7 a=6 file=/data/alice/ipardoza/hadronization_production/HF_RUN3_V1/raw/MONASH/hf_MONASH_job961.root
SIGMAB_COUNTS tag=MONASH species=Sigma_b+ pdg=5222 slice=eta_ge_2 p=25 a=10 file=/data/alice/ipardoza/hadronization_production/HF_RUN3_V1/raw/MONASH/hf_MONASH_job961.root
SIGMAB_COUNTS tag=MONASH species=Sigma_b0 pdg=5212 slice=all p=34 a=21 file=/data/alice/ipardoza/hadronization_production/HF_RUN3_V1/raw/MONASH/hf_MONASH_job961.root
SIGMAB_COUNTS tag=MONASH species=Sigma_b0 pdg=5212 slice=eta_lt_1 p=7 a=5 file=/data/alice/ipardoza/hadronization_production/HF_RUN3_V1/raw/MONASH/hf_MONASH_job961.root
SIGMAB_COUNTS tag=MONASH species=Sigma_b0 pdg=5212 slice=eta_1_2 p=6 a=5 file=/data/alice/ipardoza/hadronization_production/HF_RUN3_V1/raw/MONASH/hf_MONASH_job961.root
SIGMAB_COUNTS tag=MONASH species=Sigma_b0 pdg=5212 slice=eta_ge_2 p=21 a=11 file=/data/alice/ipardoza/hadronization_production/HF_RUN3_V1/raw/MONASH/hf_MONASH_job961.root
SIGMAB_COUNTS tag=MONASH species=Sigma_b- pdg=5112 slice=all p=35 a=20 file=/data/alice/ipardoza/hadronization_production/HF_RUN3_V1/raw/MONASH/hf_MONASH_job961.root
SIGMAB_COUNTS tag=MONASH species=Sigma_b- pdg=5112 slice=eta_lt_1 p=4 a=3 file=/data/alice/ipardoza/hadronization_production/HF_RUN3_V1/raw/MONASH/hf_MONASH_job961.root
SIGMAB_COUNTS tag=MONASH species=Sigma_b- pdg=5112 slice=eta_1_2 p=7 a=6 file=/data/alice/ipardoza/hadronization_production/HF_RUN3_V1/raw/MONASH/hf_MONASH_job961.root
SIGMAB_COUNTS tag=MONASH species=Sigma_b- pdg=5112 slice=eta_ge_2 p=24 a=11 file=/data/alice/ipardoza/hadronization_production/HF_RUN3_V1/raw/MONASH/hf_MONASH_job961.root
SIGMAB_COUNTS tag=MONASH species=Sigma*_b+ pdg=5224 slice=all p=34 a=37 file=/data/alice/ipardoza/hadronization_production/HF_RUN3_V1/raw/MONASH/hf_MONASH_job961.root
SIGMAB_COUNTS tag=MONASH species=Sigma*_b+ pdg=5224 slice=eta_lt_1 p=8 a=6 file=/data/alice/ipardoza/hadronization_production/HF_RUN3_V1/raw/MONASH/hf_MONASH_job961.root
SIGMAB_COUNTS tag=MONASH species=Sigma*_b+ pdg=5224 slice=eta_1_2 p=5 a=13 file=/data/alice/ipardoza/hadronization_production/HF_RUN3_V1/raw/MONASH/hf_MONASH_job961.root
SIGMAB_COUNTS tag=MONASH species=Sigma*_b+ pdg=5224 slice=eta_ge_2 p=21 a=18 file=/data/alice/ipardoza/hadronization_production/HF_RUN3_V1/raw/MONASH/hf_MONASH_job961.root
SIGMAB_COUNTS tag=MONASH species=Sigma*_b0 pdg=5214 slice=all p=56 a=52 file=/data/alice/ipardoza/hadronization_production/HF_RUN3_V1/raw/MONASH/hf_MONASH_job961.root
SIGMAB_COUNTS tag=MONASH species=Sigma*_b0 pdg=5214 slice=eta_lt_1 p=9 a=10 file=/data/alice/ipardoza/hadronization_production/HF_RUN3_V1/raw/MONASH/hf_MONASH_job961.root
SIGMAB_COUNTS tag=MONASH species=Sigma*_b0 pdg=5214 slice=eta_1_2 p=13 a=14 file=/data/alice/ipardoza/hadronization_production/HF_RUN3_V1/raw/MONASH/hf_MONASH_job961.root
SIGMAB_COUNTS tag=MONASH species=Sigma*_b0 pdg=5214 slice=eta_ge_2 p=34 a=28 file=/data/alice/ipardoza/hadronization_production/HF_RUN3_V1/raw/MONASH/hf_MONASH_job961.root
SIGMAB_COUNTS tag=MONASH species=Sigma*_b- pdg=5114 slice=all p=62 a=30 file=/data/alice/ipardoza/hadronization_production/HF_RUN3_V1/raw/MONASH/hf_MONASH_job961.root
SIGMAB_COUNTS tag=MONASH species=Sigma*_b- pdg=5114 slice=eta_lt_1 p=15 a=6 file=/data/alice/ipardoza/hadronization_production/HF_RUN3_V1/raw/MONASH/hf_MONASH_job961.root
SIGMAB_COUNTS tag=MONASH species=Sigma*_b- pdg=5114 slice=eta_1_2 p=9 a=10 file=/data/alice/ipardoza/hadronization_production/HF_RUN3_V1/raw/MONASH/hf_MONASH_job961.root
SIGMAB_COUNTS tag=MONASH species=Sigma*_b- pdg=5114 slice=eta_ge_2 p=38 a=14 file=/data/alice/ipardoza/hadronization_production/HF_RUN3_V1/raw/MONASH/hf_MONASH_job961.root
SIGMAB_COUNTS tag=MONASH species=Lambda_b0 pdg=5122 slice=all p=350 a=321 file=/data/alice/ipardoza/hadronization_production/HF_RUN3_V1/raw/MONASH/hf_MONASH_job961.root
SIGMAB_COUNTS tag=MONASH species=Lambda_b0 pdg=5122 slice=eta_lt_1 p=61 a=60 file=/data/alice/ipardoza/hadronization_production/HF_RUN3_V1/raw/MONASH/hf_MONASH_job961.root
SIGMAB_COUNTS tag=MONASH species=Lambda_b0 pdg=5122 slice=eta_1_2 p=85 a=53 file=/data/alice/ipardoza/hadronization_production/HF_RUN3_V1/raw/MONASH/hf_MONASH_job961.root
SIGMAB_COUNTS tag=MONASH species=Lambda_b0 pdg=5122 slice=eta_ge_2 p=204 a=208 file=/data/alice/ipardoza/hadronization_production/HF_RUN3_V1/raw/MONASH/hf_MONASH_job961.root
SIGMAB_COUNTS tag=MONASH species=Xi_b0 pdg=5232 slice=all p=56 a=58 file=/data/alice/ipardoza/hadronization_production/HF_RUN3_V1/raw/MONASH/hf_MONASH_job961.root
SIGMAB_COUNTS tag=MONASH species=Xi_b0 pdg=5232 slice=eta_lt_1 p=10 a=4 file=/data/alice/ipardoza/hadronization_production/HF_RUN3_V1/raw/MONASH/hf_MONASH_job961.root
SIGMAB_COUNTS tag=MONASH species=Xi_b0 pdg=5232 slice=eta_1_2 p=13 a=14 file=/data/alice/ipardoza/hadronization_production/HF_RUN3_V1/raw/MONASH/hf_MONASH_job961.root
SIGMAB_COUNTS tag=MONASH species=Xi_b0 pdg=5232 slice=eta_ge_2 p=33 a=40 file=/data/alice/ipardoza/hadronization_production/HF_RUN3_V1/raw/MONASH/hf_MONASH_job961.root
SIGMAB_COUNTS tag=MONASH species=Xi_b- pdg=5132 slice=all p=70 a=51 file=/data/alice/ipardoza/hadronization_production/HF_RUN3_V1/raw/MONASH/hf_MONASH_job961.root
SIGMAB_COUNTS tag=MONASH species=Xi_b- pdg=5132 slice=eta_lt_1 p=13 a=10 file=/data/alice/ipardoza/hadronization_production/HF_RUN3_V1/raw/MONASH/hf_MONASH_job961.root
SIGMAB_COUNTS tag=MONASH species=Xi_b- pdg=5132 slice=eta_1_2 p=15 a=8 file=/data/alice/ipardoza/hadronization_production/HF_RUN3_V1/raw/MONASH/hf_MONASH_job961.root
SIGMAB_COUNTS tag=MONASH species=Xi_b- pdg=5132 slice=eta_ge_2 p=42 a=33 file=/data/alice/ipardoza/hadronization_production/HF_RUN3_V1/raw/MONASH/hf_MONASH_job961.root
SIGMAB_COUNTS tag=MONASH species=Sigma_b+ pdg=5222 slice=all p=32 a=19 file=/data/alice/ipardoza/hadronization_production/HF_RUN3_V1/raw/MONASH/hf_MONASH_job962.root
SIGMAB_COUNTS tag=MONASH species=Sigma_b+ pdg=5222 slice=eta_lt_1 p=5 a=4 file=/data/alice/ipardoza/hadronization_production/HF_RUN3_V1/raw/MONASH/hf_MONASH_job962.root
SIGMAB_COUNTS tag=MONASH species=Sigma_b+ pdg=5222 slice=eta_1_2 p=4 a=1 file=/data/alice/ipardoza/hadronization_production/HF_RUN3_V1/raw/MONASH/hf_MONASH_job962.root
SIGMAB_COUNTS tag=MONASH species=Sigma_b+ pdg=5222 slice=eta_ge_2 p=23 a=14 file=/data/alice/ipardoza/hadronization_production/HF_RUN3_V1/raw/MONASH/hf_MONASH_job962.root
SIGMAB_COUNTS tag=MONASH species=Sigma_b0 pdg=5212 slice=all p=37 a=17 file=/data/alice/ipardoza/hadronization_production/HF_RUN3_V1/raw/MONASH/hf_MONASH_job962.root
SIGMAB_COUNTS tag=MONASH species=Sigma_b0 pdg=5212 slice=eta_lt_1 p=5 a=2 file=/data/alice/ipardoza/hadronization_production/HF_RUN3_V1/raw/MONASH/hf_MONASH_job962.root
SIGMAB_COUNTS tag=MONASH species=Sigma_b0 pdg=5212 slice=eta_1_2 p=6 a=2 file=/data/alice/ipardoza/hadronization_production/HF_RUN3_V1/raw/MONASH/hf_MONASH_job962.root
SIGMAB_COUNTS tag=MONASH species=Sigma_b0 pdg=5212 slice=eta_ge_2 p=26 a=13 file=/data/alice/ipardoza/hadronization_production/HF_RUN3_V1/raw/MONASH/hf_MONASH_job962.root
SIGMAB_COUNTS tag=MONASH species=Sigma_b- pdg=5112 slice=all p=36 a=30 file=/data/alice/ipardoza/hadronization_production/HF_RUN3_V1/raw/MONASH/hf_MONASH_job962.root
SIGMAB_COUNTS tag=MONASH species=Sigma_b- pdg=5112 slice=eta_lt_1 p=5 a=8 file=/data/alice/ipardoza/hadronization_production/HF_RUN3_V1/raw/MONASH/hf_MONASH_job962.root
SIGMAB_COUNTS tag=MONASH species=Sigma_b- pdg=5112 slice=eta_1_2 p=7 a=3 file=/data/alice/ipardoza/hadronization_production/HF_RUN3_V1/raw/MONASH/hf_MONASH_job962.root
SIGMAB_COUNTS tag=MONASH species=Sigma_b- pdg=5112 slice=eta_ge_2 p=24 a=19 file=/data/alice/ipardoza/hadronization_production/HF_RUN3_V1/raw/MONASH/hf_MONASH_job962.root
SIGMAB_COUNTS tag=MONASH species=Sigma*_b+ pdg=5224 slice=all p=41 a=55 file=/data/alice/ipardoza/hadronization_production/HF_RUN3_V1/raw/MONASH/hf_MONASH_job962.root
SIGMAB_COUNTS tag=MONASH species=Sigma*_b+ pdg=5224 slice=eta_lt_1 p=5 a=8 file=/data/alice/ipardoza/hadronization_production/HF_RUN3_V1/raw/MONASH/hf_MONASH_job962.root
SIGMAB_COUNTS tag=MONASH species=Sigma*_b+ pdg=5224 slice=eta_1_2 p=7 a=11 file=/data/alice/ipardoza/hadronization_production/HF_RUN3_V1/raw/MONASH/hf_MONASH_job962.root
SIGMAB_COUNTS tag=MONASH species=Sigma*_b+ pdg=5224 slice=eta_ge_2 p=29 a=36 file=/data/alice/ipardoza/hadronization_production/HF_RUN3_V1/raw/MONASH/hf_MONASH_job962.root
SIGMAB_COUNTS tag=MONASH species=Sigma*_b0 pdg=5214 slice=all p=56 a=38 file=/data/alice/ipardoza/hadronization_production/HF_RUN3_V1/raw/MONASH/hf_MONASH_job962.root
SIGMAB_COUNTS tag=MONASH species=Sigma*_b0 pdg=5214 slice=eta_lt_1 p=6 a=6 file=/data/alice/ipardoza/hadronization_production/HF_RUN3_V1/raw/MONASH/hf_MONASH_job962.root
SIGMAB_COUNTS tag=MONASH species=Sigma*_b0 pdg=5214 slice=eta_1_2 p=11 a=3 file=/data/alice/ipardoza/hadronization_production/HF_RUN3_V1/raw/MONASH/hf_MONASH_job962.root
SIGMAB_COUNTS tag=MONASH species=Sigma*_b0 pdg=5214 slice=eta_ge_2 p=39 a=29 file=/data/alice/ipardoza/hadronization_production/HF_RUN3_V1/raw/MONASH/hf_MONASH_job962.root
SIGMAB_COUNTS tag=MONASH species=Sigma*_b- pdg=5114 slice=all p=44 a=42 file=/data/alice/ipardoza/hadronization_production/HF_RUN3_V1/raw/MONASH/hf_MONASH_job962.root
SIGMAB_COUNTS tag=MONASH species=Sigma*_b- pdg=5114 slice=eta_lt_1 p=7 a=6 file=/data/alice/ipardoza/hadronization_production/HF_RUN3_V1/raw/MONASH/hf_MONASH_job962.root
SIGMAB_COUNTS tag=MONASH species=Sigma*_b- pdg=5114 slice=eta_1_2 p=8 a=6 file=/data/alice/ipardoza/hadronization_production/HF_RUN3_V1/raw/MONASH/hf_MONASH_job962.root
SIGMAB_COUNTS tag=MONASH species=Sigma*_b- pdg=5114 slice=eta_ge_2 p=29 a=30 file=/data/alice/ipardoza/hadronization_production/HF_RUN3_V1/raw/MONASH/hf_MONASH_job962.root
SIGMAB_COUNTS tag=MONASH species=Lambda_b0 pdg=5122 slice=all p=324 a=302 file=/data/alice/ipardoza/hadronization_production/HF_RUN3_V1/raw/MONASH/hf_MONASH_job962.root
SIGMAB_COUNTS tag=MONASH species=Lambda_b0 pdg=5122 slice=eta_lt_1 p=61 a=46 file=/data/alice/ipardoza/hadronization_production/HF_RUN3_V1/raw/MONASH/hf_MONASH_job962.root
SIGMAB_COUNTS tag=MONASH species=Lambda_b0 pdg=5122 slice=eta_1_2 p=70 a=61 file=/data/alice/ipardoza/hadronization_production/HF_RUN3_V1/raw/MONASH/hf_MONASH_job962.root
SIGMAB_COUNTS tag=MONASH species=Lambda_b0 pdg=5122 slice=eta_ge_2 p=193 a=195 file=/data/alice/ipardoza/hadronization_production/HF_RUN3_V1/raw/MONASH/hf_MONASH_job962.root
SIGMAB_COUNTS tag=MONASH species=Xi_b0 pdg=5232 slice=all p=49 a=65 file=/data/alice/ipardoza/hadronization_production/HF_RUN3_V1/raw/MONASH/hf_MONASH_job962.root
SIGMAB_COUNTS tag=MONASH species=Xi_b0 pdg=5232 slice=eta_lt_1 p=9 a=10 file=/data/alice/ipardoza/hadronization_production/HF_RUN3_V1/raw/MONASH/hf_MONASH_job962.root
SIGMAB_COUNTS tag=MONASH species=Xi_b0 pdg=5232 slice=eta_1_2 p=8 a=13 file=/data/alice/ipardoza/hadronization_production/HF_RUN3_V1/raw/MONASH/hf_MONASH_job962.root
SIGMAB_COUNTS tag=MONASH species=Xi_b0 pdg=5232 slice=eta_ge_2 p=32 a=42 file=/data/alice/ipardoza/hadronization_production/HF_RUN3_V1/raw/MONASH/hf_MONASH_job962.root
SIGMAB_COUNTS tag=MONASH species=Xi_b- pdg=5132 slice=all p=50 a=56 file=/data/alice/ipardoza/hadronization_production/HF_RUN3_V1/raw/MONASH/hf_MONASH_job962.root
SIGMAB_COUNTS tag=MONASH species=Xi_b- pdg=5132 slice=eta_lt_1 p=10 a=4 file=/data/alice/ipardoza/hadronization_production/HF_RUN3_V1/raw/MONASH/hf_MONASH_job962.root
SIGMAB_COUNTS tag=MONASH species=Xi_b- pdg=5132 slice=eta_1_2 p=16 a=12 file=/data/alice/ipardoza/hadronization_production/HF_RUN3_V1/raw/MONASH/hf_MONASH_job962.root
SIGMAB_COUNTS tag=MONASH species=Xi_b- pdg=5132 slice=eta_ge_2 p=24 a=40 file=/data/alice/ipardoza/hadronization_production/HF_RUN3_V1/raw/MONASH/hf_MONASH_job962.root
SIGMAB_COUNTS tag=MONASH species=Sigma_b+ pdg=5222 slice=all p=30 a=20 file=/data/alice/ipardoza/hadronization_production/HF_RUN3_V1/raw/MONASH/hf_MONASH_job963.root
SIGMAB_COUNTS tag=MONASH species=Sigma_b+ pdg=5222 slice=eta_lt_1 p=7 a=5 file=/data/alice/ipardoza/hadronization_production/HF_RUN3_V1/raw/MONASH/hf_MONASH_job963.root
SIGMAB_COUNTS tag=MONASH species=Sigma_b+ pdg=5222 slice=eta_1_2 p=5 a=7 file=/data/alice/ipardoza/hadronization_production/HF_RUN3_V1/raw/MONASH/hf_MONASH_job963.root
SIGMAB_COUNTS tag=MONASH species=Sigma_b+ pdg=5222 slice=eta_ge_2 p=18 a=8 file=/data/alice/ipardoza/hadronization_production/HF_RUN3_V1/raw/MONASH/hf_MONASH_job963.root
SIGMAB_COUNTS tag=MONASH species=Sigma_b0 pdg=5212 slice=all p=36 a=20 file=/data/alice/ipardoza/hadronization_production/HF_RUN3_V1/raw/MONASH/hf_MONASH_job963.root
SIGMAB_COUNTS tag=MONASH species=Sigma_b0 pdg=5212 slice=eta_lt_1 p=4 a=5 file=/data/alice/ipardoza/hadronization_production/HF_RUN3_V1/raw/MONASH/hf_MONASH_job963.root
SIGMAB_COUNTS tag=MONASH species=Sigma_b0 pdg=5212 slice=eta_1_2 p=7 a=4 file=/data/alice/ipardoza/hadronization_production/HF_RUN3_V1/raw/MONASH/hf_MONASH_job963.root
SIGMAB_COUNTS tag=MONASH species=Sigma_b0 pdg=5212 slice=eta_ge_2 p=25 a=11 file=/data/alice/ipardoza/hadronization_production/HF_RUN3_V1/raw/MONASH/hf_MONASH_job963.root
SIGMAB_COUNTS tag=MONASH species=Sigma_b- pdg=5112 slice=all p=32 a=18 file=/data/alice/ipardoza/hadronization_production/HF_RUN3_V1/raw/MONASH/hf_MONASH_job963.root
SIGMAB_COUNTS tag=MONASH species=Sigma_b- pdg=5112 slice=eta_lt_1 p=5 a=5 file=/data/alice/ipardoza/hadronization_production/HF_RUN3_V1/raw/MONASH/hf_MONASH_job963.root
SIGMAB_COUNTS tag=MONASH species=Sigma_b- pdg=5112 slice=eta_1_2 p=8 a=4 file=/data/alice/ipardoza/hadronization_production/HF_RUN3_V1/raw/MONASH/hf_MONASH_job963.root
SIGMAB_COUNTS tag=MONASH species=Sigma_b- pdg=5112 slice=eta_ge_2 p=19 a=9 file=/data/alice/ipardoza/hadronization_production/HF_RUN3_V1/raw/MONASH/hf_MONASH_job963.root
SIGMAB_COUNTS tag=MONASH species=Sigma*_b+ pdg=5224 slice=all p=51 a=48 file=/data/alice/ipardoza/hadronization_production/HF_RUN3_V1/raw/MONASH/hf_MONASH_job963.root
SIGMAB_COUNTS tag=MONASH species=Sigma*_b+ pdg=5224 slice=eta_lt_1 p=6 a=10 file=/data/alice/ipardoza/hadronization_production/HF_RUN3_V1/raw/MONASH/hf_MONASH_job963.root
SIGMAB_COUNTS tag=MONASH species=Sigma*_b+ pdg=5224 slice=eta_1_2 p=11 a=7 file=/data/alice/ipardoza/hadronization_production/HF_RUN3_V1/raw/MONASH/hf_MONASH_job963.root
SIGMAB_COUNTS tag=MONASH species=Sigma*_b+ pdg=5224 slice=eta_ge_2 p=34 a=31 file=/data/alice/ipardoza/hadronization_production/HF_RUN3_V1/raw/MONASH/hf_MONASH_job963.root
SIGMAB_COUNTS tag=MONASH species=Sigma*_b0 pdg=5214 slice=all p=53 a=40 file=/data/alice/ipardoza/hadronization_production/HF_RUN3_V1/raw/MONASH/hf_MONASH_job963.root
SIGMAB_COUNTS tag=MONASH species=Sigma*_b0 pdg=5214 slice=eta_lt_1 p=13 a=9 file=/data/alice/ipardoza/hadronization_production/HF_RUN3_V1/raw/MONASH/hf_MONASH_job963.root
SIGMAB_COUNTS tag=MONASH species=Sigma*_b0 pdg=5214 slice=eta_1_2 p=10 a=9 file=/data/alice/ipardoza/hadronization_production/HF_RUN3_V1/raw/MONASH/hf_MONASH_job963.root
SIGMAB_COUNTS tag=MONASH species=Sigma*_b0 pdg=5214 slice=eta_ge_2 p=30 a=22 file=/data/alice/ipardoza/hadronization_production/HF_RUN3_V1/raw/MONASH/hf_MONASH_job963.root
SIGMAB_COUNTS tag=MONASH species=Sigma*_b- pdg=5114 slice=all p=47 a=49 file=/data/alice/ipardoza/hadronization_production/HF_RUN3_V1/raw/MONASH/hf_MONASH_job963.root
SIGMAB_COUNTS tag=MONASH species=Sigma*_b- pdg=5114 slice=eta_lt_1 p=6 a=8 file=/data/alice/ipardoza/hadronization_production/HF_RUN3_V1/raw/MONASH/hf_MONASH_job963.root
SIGMAB_COUNTS tag=MONASH species=Sigma*_b- pdg=5114 slice=eta_1_2 p=10 a=13 file=/data/alice/ipardoza/hadronization_production/HF_RUN3_V1/raw/MONASH/hf_MONASH_job963.root
SIGMAB_COUNTS tag=MONASH species=Sigma*_b- pdg=5114 slice=eta_ge_2 p=31 a=28 file=/data/alice/ipardoza/hadronization_production/HF_RUN3_V1/raw/MONASH/hf_MONASH_job963.root
SIGMAB_COUNTS tag=MONASH species=Lambda_b0 pdg=5122 slice=all p=308 a=334 file=/data/alice/ipardoza/hadronization_production/HF_RUN3_V1/raw/MONASH/hf_MONASH_job963.root
SIGMAB_COUNTS tag=MONASH species=Lambda_b0 pdg=5122 slice=eta_lt_1 p=59 a=70 file=/data/alice/ipardoza/hadronization_production/HF_RUN3_V1/raw/MONASH/hf_MONASH_job963.root
SIGMAB_COUNTS tag=MONASH species=Lambda_b0 pdg=5122 slice=eta_1_2 p=66 a=72 file=/data/alice/ipardoza/hadronization_production/HF_RUN3_V1/raw/MONASH/hf_MONASH_job963.root
SIGMAB_COUNTS tag=MONASH species=Lambda_b0 pdg=5122 slice=eta_ge_2 p=183 a=192 file=/data/alice/ipardoza/hadronization_production/HF_RUN3_V1/raw/MONASH/hf_MONASH_job963.root
SIGMAB_COUNTS tag=MONASH species=Xi_b0 pdg=5232 slice=all p=49 a=57 file=/data/alice/ipardoza/hadronization_production/HF_RUN3_V1/raw/MONASH/hf_MONASH_job963.root
SIGMAB_COUNTS tag=MONASH species=Xi_b0 pdg=5232 slice=eta_lt_1 p=4 a=9 file=/data/alice/ipardoza/hadronization_production/HF_RUN3_V1/raw/MONASH/hf_MONASH_job963.root
SIGMAB_COUNTS tag=MONASH species=Xi_b0 pdg=5232 slice=eta_1_2 p=12 a=8 file=/data/alice/ipardoza/hadronization_production/HF_RUN3_V1/raw/MONASH/hf_MONASH_job963.root
SIGMAB_COUNTS tag=MONASH species=Xi_b0 pdg=5232 slice=eta_ge_2 p=33 a=40 file=/data/alice/ipardoza/hadronization_production/HF_RUN3_V1/raw/MONASH/hf_MONASH_job963.root
SIGMAB_COUNTS tag=MONASH species=Xi_b- pdg=5132 slice=all p=64 a=58 file=/data/alice/ipardoza/hadronization_production/HF_RUN3_V1/raw/MONASH/hf_MONASH_job963.root
SIGMAB_COUNTS tag=MONASH species=Xi_b- pdg=5132 slice=eta_lt_1 p=16 a=13 file=/data/alice/ipardoza/hadronization_production/HF_RUN3_V1/raw/MONASH/hf_MONASH_job963.root
SIGMAB_COUNTS tag=MONASH species=Xi_b- pdg=5132 slice=eta_1_2 p=16 a=10 file=/data/alice/ipardoza/hadronization_production/HF_RUN3_V1/raw/MONASH/hf_MONASH_job963.root
SIGMAB_COUNTS tag=MONASH species=Xi_b- pdg=5132 slice=eta_ge_2 p=32 a=35 file=/data/alice/ipardoza/hadronization_production/HF_RUN3_V1/raw/MONASH/hf_MONASH_job963.root
SIGMAB_COUNTS tag=MONASH species=Sigma_b+ pdg=5222 slice=all p=39 a=18 file=/data/alice/ipardoza/hadronization_production/HF_RUN3_V1/raw/MONASH/hf_MONASH_job964.root
SIGMAB_COUNTS tag=MONASH species=Sigma_b+ pdg=5222 slice=eta_lt_1 p=3 a=4 file=/data/alice/ipardoza/hadronization_production/HF_RUN3_V1/raw/MONASH/hf_MONASH_job964.root
SIGMAB_COUNTS tag=MONASH species=Sigma_b+ pdg=5222 slice=eta_1_2 p=6 a=1 file=/data/alice/ipardoza/hadronization_production/HF_RUN3_V1/raw/MONASH/hf_MONASH_job964.root
SIGMAB_COUNTS tag=MONASH species=Sigma_b+ pdg=5222 slice=eta_ge_2 p=30 a=13 file=/data/alice/ipardoza/hadronization_production/HF_RUN3_V1/raw/MONASH/hf_MONASH_job964.root
SIGMAB_COUNTS tag=MONASH species=Sigma_b0 pdg=5212 slice=all p=30 a=21 file=/data/alice/ipardoza/hadronization_production/HF_RUN3_V1/raw/MONASH/hf_MONASH_job964.root
SIGMAB_COUNTS tag=MONASH species=Sigma_b0 pdg=5212 slice=eta_lt_1 p=1 a=7 file=/data/alice/ipardoza/hadronization_production/HF_RUN3_V1/raw/MONASH/hf_MONASH_job964.root
SIGMAB_COUNTS tag=MONASH species=Sigma_b0 pdg=5212 slice=eta_1_2 p=5 a=4 file=/data/alice/ipardoza/hadronization_production/HF_RUN3_V1/raw/MONASH/hf_MONASH_job964.root
SIGMAB_COUNTS tag=MONASH species=Sigma_b0 pdg=5212 slice=eta_ge_2 p=24 a=10 file=/data/alice/ipardoza/hadronization_production/HF_RUN3_V1/raw/MONASH/hf_MONASH_job964.root
SIGMAB_COUNTS tag=MONASH species=Sigma_b- pdg=5112 slice=all p=31 a=33 file=/data/alice/ipardoza/hadronization_production/HF_RUN3_V1/raw/MONASH/hf_MONASH_job964.root
SIGMAB_COUNTS tag=MONASH species=Sigma_b- pdg=5112 slice=eta_lt_1 p=5 a=6 file=/data/alice/ipardoza/hadronization_production/HF_RUN3_V1/raw/MONASH/hf_MONASH_job964.root
SIGMAB_COUNTS tag=MONASH species=Sigma_b- pdg=5112 slice=eta_1_2 p=8 a=8 file=/data/alice/ipardoza/hadronization_production/HF_RUN3_V1/raw/MONASH/hf_MONASH_job964.root
SIGMAB_COUNTS tag=MONASH species=Sigma_b- pdg=5112 slice=eta_ge_2 p=18 a=19 file=/data/alice/ipardoza/hadronization_production/HF_RUN3_V1/raw/MONASH/hf_MONASH_job964.root
SIGMAB_COUNTS tag=MONASH species=Sigma*_b+ pdg=5224 slice=all p=53 a=44 file=/data/alice/ipardoza/hadronization_production/HF_RUN3_V1/raw/MONASH/hf_MONASH_job964.root
SIGMAB_COUNTS tag=MONASH species=Sigma*_b+ pdg=5224 slice=eta_lt_1 p=8 a=9 file=/data/alice/ipardoza/hadronization_production/HF_RUN3_V1/raw/MONASH/hf_MONASH_job964.root
SIGMAB_COUNTS tag=MONASH species=Sigma*_b+ pdg=5224 slice=eta_1_2 p=8 a=13 file=/data/alice/ipardoza/hadronization_production/HF_RUN3_V1/raw/MONASH/hf_MONASH_job964.root
SIGMAB_COUNTS tag=MONASH species=Sigma*_b+ pdg=5224 slice=eta_ge_2 p=37 a=22 file=/data/alice/ipardoza/hadronization_production/HF_RUN3_V1/raw/MONASH/hf_MONASH_job964.root
SIGMAB_COUNTS tag=MONASH species=Sigma*_b0 pdg=5214 slice=all p=48 a=48 file=/data/alice/ipardoza/hadronization_production/HF_RUN3_V1/raw/MONASH/hf_MONASH_job964.root
SIGMAB_COUNTS tag=MONASH species=Sigma*_b0 pdg=5214 slice=eta_lt_1 p=8 a=11 file=/data/alice/ipardoza/hadronization_production/HF_RUN3_V1/raw/MONASH/hf_MONASH_job964.root
SIGMAB_COUNTS tag=MONASH species=Sigma*_b0 pdg=5214 slice=eta_1_2 p=6 a=2 file=/data/alice/ipardoza/hadronization_production/HF_RUN3_V1/raw/MONASH/hf_MONASH_job964.root
SIGMAB_COUNTS tag=MONASH species=Sigma*_b0 pdg=5214 slice=eta_ge_2 p=34 a=35 file=/data/alice/ipardoza/hadronization_production/HF_RUN3_V1/raw/MONASH/hf_MONASH_job964.root
SIGMAB_COUNTS tag=MONASH species=Sigma*_b- pdg=5114 slice=all p=43 a=40 file=/data/alice/ipardoza/hadronization_production/HF_RUN3_V1/raw/MONASH/hf_MONASH_job964.root
SIGMAB_COUNTS tag=MONASH species=Sigma*_b- pdg=5114 slice=eta_lt_1 p=7 a=9 file=/data/alice/ipardoza/hadronization_production/HF_RUN3_V1/raw/MONASH/hf_MONASH_job964.root
SIGMAB_COUNTS tag=MONASH species=Sigma*_b- pdg=5114 slice=eta_1_2 p=6 a=6 file=/data/alice/ipardoza/hadronization_production/HF_RUN3_V1/raw/MONASH/hf_MONASH_job964.root
SIGMAB_COUNTS tag=MONASH species=Sigma*_b- pdg=5114 slice=eta_ge_2 p=30 a=25 file=/data/alice/ipardoza/hadronization_production/HF_RUN3_V1/raw/MONASH/hf_MONASH_job964.root
SIGMAB_COUNTS tag=MONASH species=Lambda_b0 pdg=5122 slice=all p=291 a=326 file=/data/alice/ipardoza/hadronization_production/HF_RUN3_V1/raw/MONASH/hf_MONASH_job964.root
SIGMAB_COUNTS tag=MONASH species=Lambda_b0 pdg=5122 slice=eta_lt_1 p=70 a=68 file=/data/alice/ipardoza/hadronization_production/HF_RUN3_V1/raw/MONASH/hf_MONASH_job964.root
SIGMAB_COUNTS tag=MONASH species=Lambda_b0 pdg=5122 slice=eta_1_2 p=72 a=68 file=/data/alice/ipardoza/hadronization_production/HF_RUN3_V1/raw/MONASH/hf_MONASH_job964.root
SIGMAB_COUNTS tag=MONASH species=Lambda_b0 pdg=5122 slice=eta_ge_2 p=149 a=190 file=/data/alice/ipardoza/hadronization_production/HF_RUN3_V1/raw/MONASH/hf_MONASH_job964.root
SIGMAB_COUNTS tag=MONASH species=Xi_b0 pdg=5232 slice=all p=69 a=46 file=/data/alice/ipardoza/hadronization_production/HF_RUN3_V1/raw/MONASH/hf_MONASH_job964.root
SIGMAB_COUNTS tag=MONASH species=Xi_b0 pdg=5232 slice=eta_lt_1 p=13 a=14 file=/data/alice/ipardoza/hadronization_production/HF_RUN3_V1/raw/MONASH/hf_MONASH_job964.root
SIGMAB_COUNTS tag=MONASH species=Xi_b0 pdg=5232 slice=eta_1_2 p=10 a=6 file=/data/alice/ipardoza/hadronization_production/HF_RUN3_V1/raw/MONASH/hf_MONASH_job964.root
SIGMAB_COUNTS tag=MONASH species=Xi_b0 pdg=5232 slice=eta_ge_2 p=46 a=26 file=/data/alice/ipardoza/hadronization_production/HF_RUN3_V1/raw/MONASH/hf_MONASH_job964.root
SIGMAB_COUNTS tag=MONASH species=Xi_b- pdg=5132 slice=all p=44 a=62 file=/data/alice/ipardoza/hadronization_production/HF_RUN3_V1/raw/MONASH/hf_MONASH_job964.root
SIGMAB_COUNTS tag=MONASH species=Xi_b- pdg=5132 slice=eta_lt_1 p=5 a=6 file=/data/alice/ipardoza/hadronization_production/HF_RUN3_V1/raw/MONASH/hf_MONASH_job964.root
SIGMAB_COUNTS tag=MONASH species=Xi_b- pdg=5132 slice=eta_1_2 p=11 a=22 file=/data/alice/ipardoza/hadronization_production/HF_RUN3_V1/raw/MONASH/hf_MONASH_job964.root
SIGMAB_COUNTS tag=MONASH species=Xi_b- pdg=5132 slice=eta_ge_2 p=28 a=34 file=/data/alice/ipardoza/hadronization_production/HF_RUN3_V1/raw/MONASH/hf_MONASH_job964.root
SIGMAB_COUNTS tag=MONASH species=Sigma_b+ pdg=5222 slice=all p=38 a=20 file=/data/alice/ipardoza/hadronization_production/HF_RUN3_V1/raw/MONASH/hf_MONASH_job965.root
SIGMAB_COUNTS tag=MONASH species=Sigma_b+ pdg=5222 slice=eta_lt_1 p=6 a=5 file=/data/alice/ipardoza/hadronization_production/HF_RUN3_V1/raw/MONASH/hf_MONASH_job965.root
SIGMAB_COUNTS tag=MONASH species=Sigma_b+ pdg=5222 slice=eta_1_2 p=12 a=5 file=/data/alice/ipardoza/hadronization_production/HF_RUN3_V1/raw/MONASH/hf_MONASH_job965.root
SIGMAB_COUNTS tag=MONASH species=Sigma_b+ pdg=5222 slice=eta_ge_2 p=20 a=10 file=/data/alice/ipardoza/hadronization_production/HF_RUN3_V1/raw/MONASH/hf_MONASH_job965.root
SIGMAB_COUNTS tag=MONASH species=Sigma_b0 pdg=5212 slice=all p=36 a=22 file=/data/alice/ipardoza/hadronization_production/HF_RUN3_V1/raw/MONASH/hf_MONASH_job965.root
SIGMAB_COUNTS tag=MONASH species=Sigma_b0 pdg=5212 slice=eta_lt_1 p=6 a=5 file=/data/alice/ipardoza/hadronization_production/HF_RUN3_V1/raw/MONASH/hf_MONASH_job965.root
SIGMAB_COUNTS tag=MONASH species=Sigma_b0 pdg=5212 slice=eta_1_2 p=8 a=6 file=/data/alice/ipardoza/hadronization_production/HF_RUN3_V1/raw/MONASH/hf_MONASH_job965.root
SIGMAB_COUNTS tag=MONASH species=Sigma_b0 pdg=5212 slice=eta_ge_2 p=22 a=11 file=/data/alice/ipardoza/hadronization_production/HF_RUN3_V1/raw/MONASH/hf_MONASH_job965.root
SIGMAB_COUNTS tag=MONASH species=Sigma_b- pdg=5112 slice=all p=33 a=20 file=/data/alice/ipardoza/hadronization_production/HF_RUN3_V1/raw/MONASH/hf_MONASH_job965.root
SIGMAB_COUNTS tag=MONASH species=Sigma_b- pdg=5112 slice=eta_lt_1 p=6 a=6 file=/data/alice/ipardoza/hadronization_production/HF_RUN3_V1/raw/MONASH/hf_MONASH_job965.root
SIGMAB_COUNTS tag=MONASH species=Sigma_b- pdg=5112 slice=eta_1_2 p=4 a=3 file=/data/alice/ipardoza/hadronization_production/HF_RUN3_V1/raw/MONASH/hf_MONASH_job965.root
SIGMAB_COUNTS tag=MONASH species=Sigma_b- pdg=5112 slice=eta_ge_2 p=23 a=11 file=/data/alice/ipardoza/hadronization_production/HF_RUN3_V1/raw/MONASH/hf_MONASH_job965.root
SIGMAB_COUNTS tag=MONASH species=Sigma*_b+ pdg=5224 slice=all p=42 a=38 file=/data/alice/ipardoza/hadronization_production/HF_RUN3_V1/raw/MONASH/hf_MONASH_job965.root
SIGMAB_COUNTS tag=MONASH species=Sigma*_b+ pdg=5224 slice=eta_lt_1 p=6 a=7 file=/data/alice/ipardoza/hadronization_production/HF_RUN3_V1/raw/MONASH/hf_MONASH_job965.root
SIGMAB_COUNTS tag=MONASH species=Sigma*_b+ pdg=5224 slice=eta_1_2 p=10 a=9 file=/data/alice/ipardoza/hadronization_production/HF_RUN3_V1/raw/MONASH/hf_MONASH_job965.root
SIGMAB_COUNTS tag=MONASH species=Sigma*_b+ pdg=5224 slice=eta_ge_2 p=26 a=22 file=/data/alice/ipardoza/hadronization_production/HF_RUN3_V1/raw/MONASH/hf_MONASH_job965.root
SIGMAB_COUNTS tag=MONASH species=Sigma*_b0 pdg=5214 slice=all p=50 a=40 file=/data/alice/ipardoza/hadronization_production/HF_RUN3_V1/raw/MONASH/hf_MONASH_job965.root
SIGMAB_COUNTS tag=MONASH species=Sigma*_b0 pdg=5214 slice=eta_lt_1 p=9 a=10 file=/data/alice/ipardoza/hadronization_production/HF_RUN3_V1/raw/MONASH/hf_MONASH_job965.root
SIGMAB_COUNTS tag=MONASH species=Sigma*_b0 pdg=5214 slice=eta_1_2 p=6 a=14 file=/data/alice/ipardoza/hadronization_production/HF_RUN3_V1/raw/MONASH/hf_MONASH_job965.root
SIGMAB_COUNTS tag=MONASH species=Sigma*_b0 pdg=5214 slice=eta_ge_2 p=35 a=16 file=/data/alice/ipardoza/hadronization_production/HF_RUN3_V1/raw/MONASH/hf_MONASH_job965.root
SIGMAB_COUNTS tag=MONASH species=Sigma*_b- pdg=5114 slice=all p=50 a=45 file=/data/alice/ipardoza/hadronization_production/HF_RUN3_V1/raw/MONASH/hf_MONASH_job965.root
SIGMAB_COUNTS tag=MONASH species=Sigma*_b- pdg=5114 slice=eta_lt_1 p=12 a=9 file=/data/alice/ipardoza/hadronization_production/HF_RUN3_V1/raw/MONASH/hf_MONASH_job965.root
SIGMAB_COUNTS tag=MONASH species=Sigma*_b- pdg=5114 slice=eta_1_2 p=7 a=10 file=/data/alice/ipardoza/hadronization_production/HF_RUN3_V1/raw/MONASH/hf_MONASH_job965.root
SIGMAB_COUNTS tag=MONASH species=Sigma*_b- pdg=5114 slice=eta_ge_2 p=31 a=26 file=/data/alice/ipardoza/hadronization_production/HF_RUN3_V1/raw/MONASH/hf_MONASH_job965.root
SIGMAB_COUNTS tag=MONASH species=Lambda_b0 pdg=5122 slice=all p=293 a=329 file=/data/alice/ipardoza/hadronization_production/HF_RUN3_V1/raw/MONASH/hf_MONASH_job965.root
SIGMAB_COUNTS tag=MONASH species=Lambda_b0 pdg=5122 slice=eta_lt_1 p=39 a=55 file=/data/alice/ipardoza/hadronization_production/HF_RUN3_V1/raw/MONASH/hf_MONASH_job965.root
SIGMAB_COUNTS tag=MONASH species=Lambda_b0 pdg=5122 slice=eta_1_2 p=60 a=51 file=/data/alice/ipardoza/hadronization_production/HF_RUN3_V1/raw/MONASH/hf_MONASH_job965.root
SIGMAB_COUNTS tag=MONASH species=Lambda_b0 pdg=5122 slice=eta_ge_2 p=194 a=223 file=/data/alice/ipardoza/hadronization_production/HF_RUN3_V1/raw/MONASH/hf_MONASH_job965.root
SIGMAB_COUNTS tag=MONASH species=Xi_b0 pdg=5232 slice=all p=52 a=51 file=/data/alice/ipardoza/hadronization_production/HF_RUN3_V1/raw/MONASH/hf_MONASH_job965.root
SIGMAB_COUNTS tag=MONASH species=Xi_b0 pdg=5232 slice=eta_lt_1 p=9 a=14 file=/data/alice/ipardoza/hadronization_production/HF_RUN3_V1/raw/MONASH/hf_MONASH_job965.root
SIGMAB_COUNTS tag=MONASH species=Xi_b0 pdg=5232 slice=eta_1_2 p=13 a=9 file=/data/alice/ipardoza/hadronization_production/HF_RUN3_V1/raw/MONASH/hf_MONASH_job965.root
SIGMAB_COUNTS tag=MONASH species=Xi_b0 pdg=5232 slice=eta_ge_2 p=30 a=28 file=/data/alice/ipardoza/hadronization_production/HF_RUN3_V1/raw/MONASH/hf_MONASH_job965.root
SIGMAB_COUNTS tag=MONASH species=Xi_b- pdg=5132 slice=all p=62 a=53 file=/data/alice/ipardoza/hadronization_production/HF_RUN3_V1/raw/MONASH/hf_MONASH_job965.root
SIGMAB_COUNTS tag=MONASH species=Xi_b- pdg=5132 slice=eta_lt_1 p=12 a=10 file=/data/alice/ipardoza/hadronization_production/HF_RUN3_V1/raw/MONASH/hf_MONASH_job965.root
SIGMAB_COUNTS tag=MONASH species=Xi_b- pdg=5132 slice=eta_1_2 p=14 a=14 file=/data/alice/ipardoza/hadronization_production/HF_RUN3_V1/raw/MONASH/hf_MONASH_job965.root
SIGMAB_COUNTS tag=MONASH species=Xi_b- pdg=5132 slice=eta_ge_2 p=36 a=29 file=/data/alice/ipardoza/hadronization_production/HF_RUN3_V1/raw/MONASH/hf_MONASH_job965.root
SIGMAB_COUNTS tag=MONASH species=Sigma_b+ pdg=5222 slice=all p=35 a=20 file=/data/alice/ipardoza/hadronization_production/HF_RUN3_V1/raw/MONASH/hf_MONASH_job966.root
SIGMAB_COUNTS tag=MONASH species=Sigma_b+ pdg=5222 slice=eta_lt_1 p=3 a=5 file=/data/alice/ipardoza/hadronization_production/HF_RUN3_V1/raw/MONASH/hf_MONASH_job966.root
SIGMAB_COUNTS tag=MONASH species=Sigma_b+ pdg=5222 slice=eta_1_2 p=6 a=5 file=/data/alice/ipardoza/hadronization_production/HF_RUN3_V1/raw/MONASH/hf_MONASH_job966.root
SIGMAB_COUNTS tag=MONASH species=Sigma_b+ pdg=5222 slice=eta_ge_2 p=26 a=10 file=/data/alice/ipardoza/hadronization_production/HF_RUN3_V1/raw/MONASH/hf_MONASH_job966.root
SIGMAB_COUNTS tag=MONASH species=Sigma_b0 pdg=5212 slice=all p=40 a=23 file=/data/alice/ipardoza/hadronization_production/HF_RUN3_V1/raw/MONASH/hf_MONASH_job966.root
SIGMAB_COUNTS tag=MONASH species=Sigma_b0 pdg=5212 slice=eta_lt_1 p=7 a=5 file=/data/alice/ipardoza/hadronization_production/HF_RUN3_V1/raw/MONASH/hf_MONASH_job966.root
SIGMAB_COUNTS tag=MONASH species=Sigma_b0 pdg=5212 slice=eta_1_2 p=6 a=5 file=/data/alice/ipardoza/hadronization_production/HF_RUN3_V1/raw/MONASH/hf_MONASH_job966.root
SIGMAB_COUNTS tag=MONASH species=Sigma_b0 pdg=5212 slice=eta_ge_2 p=27 a=13 file=/data/alice/ipardoza/hadronization_production/HF_RUN3_V1/raw/MONASH/hf_MONASH_job966.root
SIGMAB_COUNTS tag=MONASH species=Sigma_b- pdg=5112 slice=all p=39 a=23 file=/data/alice/ipardoza/hadronization_production/HF_RUN3_V1/raw/MONASH/hf_MONASH_job966.root
SIGMAB_COUNTS tag=MONASH species=Sigma_b- pdg=5112 slice=eta_lt_1 p=9 a=2 file=/data/alice/ipardoza/hadronization_production/HF_RUN3_V1/raw/MONASH/hf_MONASH_job966.root
SIGMAB_COUNTS tag=MONASH species=Sigma_b- pdg=5112 slice=eta_1_2 p=7 a=9 file=/data/alice/ipardoza/hadronization_production/HF_RUN3_V1/raw/MONASH/hf_MONASH_job966.root
SIGMAB_COUNTS tag=MONASH species=Sigma_b- pdg=5112 slice=eta_ge_2 p=23 a=12 file=/data/alice/ipardoza/hadronization_production/HF_RUN3_V1/raw/MONASH/hf_MONASH_job966.root
SIGMAB_COUNTS tag=MONASH species=Sigma*_b+ pdg=5224 slice=all p=54 a=40 file=/data/alice/ipardoza/hadronization_production/HF_RUN3_V1/raw/MONASH/hf_MONASH_job966.root
SIGMAB_COUNTS tag=MONASH species=Sigma*_b+ pdg=5224 slice=eta_lt_1 p=6 a=10 file=/data/alice/ipardoza/hadronization_production/HF_RUN3_V1/raw/MONASH/hf_MONASH_job966.root
SIGMAB_COUNTS tag=MONASH species=Sigma*_b+ pdg=5224 slice=eta_1_2 p=13 a=10 file=/data/alice/ipardoza/hadronization_production/HF_RUN3_V1/raw/MONASH/hf_MONASH_job966.root
SIGMAB_COUNTS tag=MONASH species=Sigma*_b+ pdg=5224 slice=eta_ge_2 p=35 a=20 file=/data/alice/ipardoza/hadronization_production/HF_RUN3_V1/raw/MONASH/hf_MONASH_job966.root
SIGMAB_COUNTS tag=MONASH species=Sigma*_b0 pdg=5214 slice=all p=46 a=32 file=/data/alice/ipardoza/hadronization_production/HF_RUN3_V1/raw/MONASH/hf_MONASH_job966.root
SIGMAB_COUNTS tag=MONASH species=Sigma*_b0 pdg=5214 slice=eta_lt_1 p=9 a=5 file=/data/alice/ipardoza/hadronization_production/HF_RUN3_V1/raw/MONASH/hf_MONASH_job966.root
SIGMAB_COUNTS tag=MONASH species=Sigma*_b0 pdg=5214 slice=eta_1_2 p=11 a=10 file=/data/alice/ipardoza/hadronization_production/HF_RUN3_V1/raw/MONASH/hf_MONASH_job966.root
SIGMAB_COUNTS tag=MONASH species=Sigma*_b0 pdg=5214 slice=eta_ge_2 p=26 a=17 file=/data/alice/ipardoza/hadronization_production/HF_RUN3_V1/raw/MONASH/hf_MONASH_job966.root
SIGMAB_COUNTS tag=MONASH species=Sigma*_b- pdg=5114 slice=all p=50 a=41 file=/data/alice/ipardoza/hadronization_production/HF_RUN3_V1/raw/MONASH/hf_MONASH_job966.root
SIGMAB_COUNTS tag=MONASH species=Sigma*_b- pdg=5114 slice=eta_lt_1 p=11 a=8 file=/data/alice/ipardoza/hadronization_production/HF_RUN3_V1/raw/MONASH/hf_MONASH_job966.root
SIGMAB_COUNTS tag=MONASH species=Sigma*_b- pdg=5114 slice=eta_1_2 p=11 a=7 file=/data/alice/ipardoza/hadronization_production/HF_RUN3_V1/raw/MONASH/hf_MONASH_job966.root
SIGMAB_COUNTS tag=MONASH species=Sigma*_b- pdg=5114 slice=eta_ge_2 p=28 a=26 file=/data/alice/ipardoza/hadronization_production/HF_RUN3_V1/raw/MONASH/hf_MONASH_job966.root
SIGMAB_COUNTS tag=MONASH species=Lambda_b0 pdg=5122 slice=all p=343 a=315 file=/data/alice/ipardoza/hadronization_production/HF_RUN3_V1/raw/MONASH/hf_MONASH_job966.root
SIGMAB_COUNTS tag=MONASH species=Lambda_b0 pdg=5122 slice=eta_lt_1 p=66 a=50 file=/data/alice/ipardoza/hadronization_production/HF_RUN3_V1/raw/MONASH/hf_MONASH_job966.root
SIGMAB_COUNTS tag=MONASH species=Lambda_b0 pdg=5122 slice=eta_1_2 p=76 a=81 file=/data/alice/ipardoza/hadronization_production/HF_RUN3_V1/raw/MONASH/hf_MONASH_job966.root
SIGMAB_COUNTS tag=MONASH species=Lambda_b0 pdg=5122 slice=eta_ge_2 p=201 a=184 file=/data/alice/ipardoza/hadronization_production/HF_RUN3_V1/raw/MONASH/hf_MONASH_job966.root
SIGMAB_COUNTS tag=MONASH species=Xi_b0 pdg=5232 slice=all p=58 a=52 file=/data/alice/ipardoza/hadronization_production/HF_RUN3_V1/raw/MONASH/hf_MONASH_job966.root
SIGMAB_COUNTS tag=MONASH species=Xi_b0 pdg=5232 slice=eta_lt_1 p=8 a=6 file=/data/alice/ipardoza/hadronization_production/HF_RUN3_V1/raw/MONASH/hf_MONASH_job966.root
SIGMAB_COUNTS tag=MONASH species=Xi_b0 pdg=5232 slice=eta_1_2 p=13 a=13 file=/data/alice/ipardoza/hadronization_production/HF_RUN3_V1/raw/MONASH/hf_MONASH_job966.root
SIGMAB_COUNTS tag=MONASH species=Xi_b0 pdg=5232 slice=eta_ge_2 p=37 a=33 file=/data/alice/ipardoza/hadronization_production/HF_RUN3_V1/raw/MONASH/hf_MONASH_job966.root
SIGMAB_COUNTS tag=MONASH species=Xi_b- pdg=5132 slice=all p=48 a=52 file=/data/alice/ipardoza/hadronization_production/HF_RUN3_V1/raw/MONASH/hf_MONASH_job966.root
SIGMAB_COUNTS tag=MONASH species=Xi_b- pdg=5132 slice=eta_lt_1 p=11 a=10 file=/data/alice/ipardoza/hadronization_production/HF_RUN3_V1/raw/MONASH/hf_MONASH_job966.root
SIGMAB_COUNTS tag=MONASH species=Xi_b- pdg=5132 slice=eta_1_2 p=8 a=7 file=/data/alice/ipardoza/hadronization_production/HF_RUN3_V1/raw/MONASH/hf_MONASH_job966.root
SIGMAB_COUNTS tag=MONASH species=Xi_b- pdg=5132 slice=eta_ge_2 p=29 a=35 file=/data/alice/ipardoza/hadronization_production/HF_RUN3_V1/raw/MONASH/hf_MONASH_job966.root
SIGMAB_COUNTS tag=MONASH species=Sigma_b+ pdg=5222 slice=all p=39 a=23 file=/data/alice/ipardoza/hadronization_production/HF_RUN3_V1/raw/MONASH/hf_MONASH_job967.root
SIGMAB_COUNTS tag=MONASH species=Sigma_b+ pdg=5222 slice=eta_lt_1 p=7 a=6 file=/data/alice/ipardoza/hadronization_production/HF_RUN3_V1/raw/MONASH/hf_MONASH_job967.root
SIGMAB_COUNTS tag=MONASH species=Sigma_b+ pdg=5222 slice=eta_1_2 p=9 a=4 file=/data/alice/ipardoza/hadronization_production/HF_RUN3_V1/raw/MONASH/hf_MONASH_job967.root
SIGMAB_COUNTS tag=MONASH species=Sigma_b+ pdg=5222 slice=eta_ge_2 p=23 a=13 file=/data/alice/ipardoza/hadronization_production/HF_RUN3_V1/raw/MONASH/hf_MONASH_job967.root
SIGMAB_COUNTS tag=MONASH species=Sigma_b0 pdg=5212 slice=all p=34 a=21 file=/data/alice/ipardoza/hadronization_production/HF_RUN3_V1/raw/MONASH/hf_MONASH_job967.root
SIGMAB_COUNTS tag=MONASH species=Sigma_b0 pdg=5212 slice=eta_lt_1 p=6 a=3 file=/data/alice/ipardoza/hadronization_production/HF_RUN3_V1/raw/MONASH/hf_MONASH_job967.root
SIGMAB_COUNTS tag=MONASH species=Sigma_b0 pdg=5212 slice=eta_1_2 p=5 a=5 file=/data/alice/ipardoza/hadronization_production/HF_RUN3_V1/raw/MONASH/hf_MONASH_job967.root
SIGMAB_COUNTS tag=MONASH species=Sigma_b0 pdg=5212 slice=eta_ge_2 p=23 a=13 file=/data/alice/ipardoza/hadronization_production/HF_RUN3_V1/raw/MONASH/hf_MONASH_job967.root
SIGMAB_COUNTS tag=MONASH species=Sigma_b- pdg=5112 slice=all p=31 a=17 file=/data/alice/ipardoza/hadronization_production/HF_RUN3_V1/raw/MONASH/hf_MONASH_job967.root
SIGMAB_COUNTS tag=MONASH species=Sigma_b- pdg=5112 slice=eta_lt_1 p=6 a=4 file=/data/alice/ipardoza/hadronization_production/HF_RUN3_V1/raw/MONASH/hf_MONASH_job967.root
SIGMAB_COUNTS tag=MONASH species=Sigma_b- pdg=5112 slice=eta_1_2 p=4 a=3 file=/data/alice/ipardoza/hadronization_production/HF_RUN3_V1/raw/MONASH/hf_MONASH_job967.root
SIGMAB_COUNTS tag=MONASH species=Sigma_b- pdg=5112 slice=eta_ge_2 p=21 a=10 file=/data/alice/ipardoza/hadronization_production/HF_RUN3_V1/raw/MONASH/hf_MONASH_job967.root
SIGMAB_COUNTS tag=MONASH species=Sigma*_b+ pdg=5224 slice=all p=60 a=37 file=/data/alice/ipardoza/hadronization_production/HF_RUN3_V1/raw/MONASH/hf_MONASH_job967.root
SIGMAB_COUNTS tag=MONASH species=Sigma*_b+ pdg=5224 slice=eta_lt_1 p=12 a=10 file=/data/alice/ipardoza/hadronization_production/HF_RUN3_V1/raw/MONASH/hf_MONASH_job967.root
SIGMAB_COUNTS tag=MONASH species=Sigma*_b+ pdg=5224 slice=eta_1_2 p=8 a=8 file=/data/alice/ipardoza/hadronization_production/HF_RUN3_V1/raw/MONASH/hf_MONASH_job967.root
SIGMAB_COUNTS tag=MONASH species=Sigma*_b+ pdg=5224 slice=eta_ge_2 p=40 a=19 file=/data/alice/ipardoza/hadronization_production/HF_RUN3_V1/raw/MONASH/hf_MONASH_job967.root
SIGMAB_COUNTS tag=MONASH species=Sigma*_b0 pdg=5214 slice=all p=46 a=32 file=/data/alice/ipardoza/hadronization_production/HF_RUN3_V1/raw/MONASH/hf_MONASH_job967.root
SIGMAB_COUNTS tag=MONASH species=Sigma*_b0 pdg=5214 slice=eta_lt_1 p=9 a=3 file=/data/alice/ipardoza/hadronization_production/HF_RUN3_V1/raw/MONASH/hf_MONASH_job967.root
SIGMAB_COUNTS tag=MONASH species=Sigma*_b0 pdg=5214 slice=eta_1_2 p=6 a=5 file=/data/alice/ipardoza/hadronization_production/HF_RUN3_V1/raw/MONASH/hf_MONASH_job967.root
SIGMAB_COUNTS tag=MONASH species=Sigma*_b0 pdg=5214 slice=eta_ge_2 p=31 a=24 file=/data/alice/ipardoza/hadronization_production/HF_RUN3_V1/raw/MONASH/hf_MONASH_job967.root
SIGMAB_COUNTS tag=MONASH species=Sigma*_b- pdg=5114 slice=all p=44 a=42 file=/data/alice/ipardoza/hadronization_production/HF_RUN3_V1/raw/MONASH/hf_MONASH_job967.root
SIGMAB_COUNTS tag=MONASH species=Sigma*_b- pdg=5114 slice=eta_lt_1 p=8 a=13 file=/data/alice/ipardoza/hadronization_production/HF_RUN3_V1/raw/MONASH/hf_MONASH_job967.root
SIGMAB_COUNTS tag=MONASH species=Sigma*_b- pdg=5114 slice=eta_1_2 p=13 a=8 file=/data/alice/ipardoza/hadronization_production/HF_RUN3_V1/raw/MONASH/hf_MONASH_job967.root
SIGMAB_COUNTS tag=MONASH species=Sigma*_b- pdg=5114 slice=eta_ge_2 p=23 a=21 file=/data/alice/ipardoza/hadronization_production/HF_RUN3_V1/raw/MONASH/hf_MONASH_job967.root
SIGMAB_COUNTS tag=MONASH species=Lambda_b0 pdg=5122 slice=all p=308 a=304 file=/data/alice/ipardoza/hadronization_production/HF_RUN3_V1/raw/MONASH/hf_MONASH_job967.root
SIGMAB_COUNTS tag=MONASH species=Lambda_b0 pdg=5122 slice=eta_lt_1 p=45 a=55 file=/data/alice/ipardoza/hadronization_production/HF_RUN3_V1/raw/MONASH/hf_MONASH_job967.root
SIGMAB_COUNTS tag=MONASH species=Lambda_b0 pdg=5122 slice=eta_1_2 p=73 a=56 file=/data/alice/ipardoza/hadronization_production/HF_RUN3_V1/raw/MONASH/hf_MONASH_job967.root
SIGMAB_COUNTS tag=MONASH species=Lambda_b0 pdg=5122 slice=eta_ge_2 p=190 a=193 file=/data/alice/ipardoza/hadronization_production/HF_RUN3_V1/raw/MONASH/hf_MONASH_job967.root
SIGMAB_COUNTS tag=MONASH species=Xi_b0 pdg=5232 slice=all p=51 a=63 file=/data/alice/ipardoza/hadronization_production/HF_RUN3_V1/raw/MONASH/hf_MONASH_job967.root
SIGMAB_COUNTS tag=MONASH species=Xi_b0 pdg=5232 slice=eta_lt_1 p=10 a=10 file=/data/alice/ipardoza/hadronization_production/HF_RUN3_V1/raw/MONASH/hf_MONASH_job967.root
SIGMAB_COUNTS tag=MONASH species=Xi_b0 pdg=5232 slice=eta_1_2 p=12 a=18 file=/data/alice/ipardoza/hadronization_production/HF_RUN3_V1/raw/MONASH/hf_MONASH_job967.root
SIGMAB_COUNTS tag=MONASH species=Xi_b0 pdg=5232 slice=eta_ge_2 p=29 a=35 file=/data/alice/ipardoza/hadronization_production/HF_RUN3_V1/raw/MONASH/hf_MONASH_job967.root
SIGMAB_COUNTS tag=MONASH species=Xi_b- pdg=5132 slice=all p=44 a=56 file=/data/alice/ipardoza/hadronization_production/HF_RUN3_V1/raw/MONASH/hf_MONASH_job967.root
SIGMAB_COUNTS tag=MONASH species=Xi_b- pdg=5132 slice=eta_lt_1 p=7 a=6 file=/data/alice/ipardoza/hadronization_production/HF_RUN3_V1/raw/MONASH/hf_MONASH_job967.root
SIGMAB_COUNTS tag=MONASH species=Xi_b- pdg=5132 slice=eta_1_2 p=10 a=14 file=/data/alice/ipardoza/hadronization_production/HF_RUN3_V1/raw/MONASH/hf_MONASH_job967.root
SIGMAB_COUNTS tag=MONASH species=Xi_b- pdg=5132 slice=eta_ge_2 p=27 a=36 file=/data/alice/ipardoza/hadronization_production/HF_RUN3_V1/raw/MONASH/hf_MONASH_job967.root
SIGMAB_COUNTS tag=MONASH species=Sigma_b+ pdg=5222 slice=all p=27 a=21 file=/data/alice/ipardoza/hadronization_production/HF_RUN3_V1/raw/MONASH/hf_MONASH_job968.root
SIGMAB_COUNTS tag=MONASH species=Sigma_b+ pdg=5222 slice=eta_lt_1 p=3 a=7 file=/data/alice/ipardoza/hadronization_production/HF_RUN3_V1/raw/MONASH/hf_MONASH_job968.root
SIGMAB_COUNTS tag=MONASH species=Sigma_b+ pdg=5222 slice=eta_1_2 p=1 a=6 file=/data/alice/ipardoza/hadronization_production/HF_RUN3_V1/raw/MONASH/hf_MONASH_job968.root
SIGMAB_COUNTS tag=MONASH species=Sigma_b+ pdg=5222 slice=eta_ge_2 p=23 a=8 file=/data/alice/ipardoza/hadronization_production/HF_RUN3_V1/raw/MONASH/hf_MONASH_job968.root
SIGMAB_COUNTS tag=MONASH species=Sigma_b0 pdg=5212 slice=all p=27 a=13 file=/data/alice/ipardoza/hadronization_production/HF_RUN3_V1/raw/MONASH/hf_MONASH_job968.root
SIGMAB_COUNTS tag=MONASH species=Sigma_b0 pdg=5212 slice=eta_lt_1 p=8 a=2 file=/data/alice/ipardoza/hadronization_production/HF_RUN3_V1/raw/MONASH/hf_MONASH_job968.root
SIGMAB_COUNTS tag=MONASH species=Sigma_b0 pdg=5212 slice=eta_1_2 p=5 a=2 file=/data/alice/ipardoza/hadronization_production/HF_RUN3_V1/raw/MONASH/hf_MONASH_job968.root
SIGMAB_COUNTS tag=MONASH species=Sigma_b0 pdg=5212 slice=eta_ge_2 p=14 a=9 file=/data/alice/ipardoza/hadronization_production/HF_RUN3_V1/raw/MONASH/hf_MONASH_job968.root
SIGMAB_COUNTS tag=MONASH species=Sigma_b- pdg=5112 slice=all p=38 a=21 file=/data/alice/ipardoza/hadronization_production/HF_RUN3_V1/raw/MONASH/hf_MONASH_job968.root
SIGMAB_COUNTS tag=MONASH species=Sigma_b- pdg=5112 slice=eta_lt_1 p=6 a=1 file=/data/alice/ipardoza/hadronization_production/HF_RUN3_V1/raw/MONASH/hf_MONASH_job968.root
SIGMAB_COUNTS tag=MONASH species=Sigma_b- pdg=5112 slice=eta_1_2 p=10 a=3 file=/data/alice/ipardoza/hadronization_production/HF_RUN3_V1/raw/MONASH/hf_MONASH_job968.root
SIGMAB_COUNTS tag=MONASH species=Sigma_b- pdg=5112 slice=eta_ge_2 p=22 a=17 file=/data/alice/ipardoza/hadronization_production/HF_RUN3_V1/raw/MONASH/hf_MONASH_job968.root
SIGMAB_COUNTS tag=MONASH species=Sigma*_b+ pdg=5224 slice=all p=50 a=38 file=/data/alice/ipardoza/hadronization_production/HF_RUN3_V1/raw/MONASH/hf_MONASH_job968.root
SIGMAB_COUNTS tag=MONASH species=Sigma*_b+ pdg=5224 slice=eta_lt_1 p=7 a=7 file=/data/alice/ipardoza/hadronization_production/HF_RUN3_V1/raw/MONASH/hf_MONASH_job968.root
SIGMAB_COUNTS tag=MONASH species=Sigma*_b+ pdg=5224 slice=eta_1_2 p=3 a=10 file=/data/alice/ipardoza/hadronization_production/HF_RUN3_V1/raw/MONASH/hf_MONASH_job968.root
SIGMAB_COUNTS tag=MONASH species=Sigma*_b+ pdg=5224 slice=eta_ge_2 p=40 a=21 file=/data/alice/ipardoza/hadronization_production/HF_RUN3_V1/raw/MONASH/hf_MONASH_job968.root
SIGMAB_COUNTS tag=MONASH species=Sigma*_b0 pdg=5214 slice=all p=37 a=45 file=/data/alice/ipardoza/hadronization_production/HF_RUN3_V1/raw/MONASH/hf_MONASH_job968.root
SIGMAB_COUNTS tag=MONASH species=Sigma*_b0 pdg=5214 slice=eta_lt_1 p=6 a=4 file=/data/alice/ipardoza/hadronization_production/HF_RUN3_V1/raw/MONASH/hf_MONASH_job968.root
SIGMAB_COUNTS tag=MONASH species=Sigma*_b0 pdg=5214 slice=eta_1_2 p=10 a=13 file=/data/alice/ipardoza/hadronization_production/HF_RUN3_V1/raw/MONASH/hf_MONASH_job968.root
SIGMAB_COUNTS tag=MONASH species=Sigma*_b0 pdg=5214 slice=eta_ge_2 p=21 a=28 file=/data/alice/ipardoza/hadronization_production/HF_RUN3_V1/raw/MONASH/hf_MONASH_job968.root
SIGMAB_COUNTS tag=MONASH species=Sigma*_b- pdg=5114 slice=all p=41 a=38 file=/data/alice/ipardoza/hadronization_production/HF_RUN3_V1/raw/MONASH/hf_MONASH_job968.root
SIGMAB_COUNTS tag=MONASH species=Sigma*_b- pdg=5114 slice=eta_lt_1 p=8 a=4 file=/data/alice/ipardoza/hadronization_production/HF_RUN3_V1/raw/MONASH/hf_MONASH_job968.root
SIGMAB_COUNTS tag=MONASH species=Sigma*_b- pdg=5114 slice=eta_1_2 p=12 a=9 file=/data/alice/ipardoza/hadronization_production/HF_RUN3_V1/raw/MONASH/hf_MONASH_job968.root
SIGMAB_COUNTS tag=MONASH species=Sigma*_b- pdg=5114 slice=eta_ge_2 p=21 a=25 file=/data/alice/ipardoza/hadronization_production/HF_RUN3_V1/raw/MONASH/hf_MONASH_job968.root
SIGMAB_COUNTS tag=MONASH species=Lambda_b0 pdg=5122 slice=all p=313 a=348 file=/data/alice/ipardoza/hadronization_production/HF_RUN3_V1/raw/MONASH/hf_MONASH_job968.root
SIGMAB_COUNTS tag=MONASH species=Lambda_b0 pdg=5122 slice=eta_lt_1 p=62 a=50 file=/data/alice/ipardoza/hadronization_production/HF_RUN3_V1/raw/MONASH/hf_MONASH_job968.root
SIGMAB_COUNTS tag=MONASH species=Lambda_b0 pdg=5122 slice=eta_1_2 p=69 a=89 file=/data/alice/ipardoza/hadronization_production/HF_RUN3_V1/raw/MONASH/hf_MONASH_job968.root
SIGMAB_COUNTS tag=MONASH species=Lambda_b0 pdg=5122 slice=eta_ge_2 p=182 a=209 file=/data/alice/ipardoza/hadronization_production/HF_RUN3_V1/raw/MONASH/hf_MONASH_job968.root
SIGMAB_COUNTS tag=MONASH species=Xi_b0 pdg=5232 slice=all p=67 a=57 file=/data/alice/ipardoza/hadronization_production/HF_RUN3_V1/raw/MONASH/hf_MONASH_job968.root
SIGMAB_COUNTS tag=MONASH species=Xi_b0 pdg=5232 slice=eta_lt_1 p=13 a=14 file=/data/alice/ipardoza/hadronization_production/HF_RUN3_V1/raw/MONASH/hf_MONASH_job968.root
SIGMAB_COUNTS tag=MONASH species=Xi_b0 pdg=5232 slice=eta_1_2 p=10 a=9 file=/data/alice/ipardoza/hadronization_production/HF_RUN3_V1/raw/MONASH/hf_MONASH_job968.root
SIGMAB_COUNTS tag=MONASH species=Xi_b0 pdg=5232 slice=eta_ge_2 p=44 a=34 file=/data/alice/ipardoza/hadronization_production/HF_RUN3_V1/raw/MONASH/hf_MONASH_job968.root
SIGMAB_COUNTS tag=MONASH species=Xi_b- pdg=5132 slice=all p=54 a=56 file=/data/alice/ipardoza/hadronization_production/HF_RUN3_V1/raw/MONASH/hf_MONASH_job968.root
SIGMAB_COUNTS tag=MONASH species=Xi_b- pdg=5132 slice=eta_lt_1 p=13 a=12 file=/data/alice/ipardoza/hadronization_production/HF_RUN3_V1/raw/MONASH/hf_MONASH_job968.root
SIGMAB_COUNTS tag=MONASH species=Xi_b- pdg=5132 slice=eta_1_2 p=17 a=12 file=/data/alice/ipardoza/hadronization_production/HF_RUN3_V1/raw/MONASH/hf_MONASH_job968.root
SIGMAB_COUNTS tag=MONASH species=Xi_b- pdg=5132 slice=eta_ge_2 p=24 a=32 file=/data/alice/ipardoza/hadronization_production/HF_RUN3_V1/raw/MONASH/hf_MONASH_job968.root
SIGMAB_COUNTS tag=MONASH species=Sigma_b+ pdg=5222 slice=all p=40 a=25 file=/data/alice/ipardoza/hadronization_production/HF_RUN3_V1/raw/MONASH/hf_MONASH_job969.root
SIGMAB_COUNTS tag=MONASH species=Sigma_b+ pdg=5222 slice=eta_lt_1 p=10 a=4 file=/data/alice/ipardoza/hadronization_production/HF_RUN3_V1/raw/MONASH/hf_MONASH_job969.root
SIGMAB_COUNTS tag=MONASH species=Sigma_b+ pdg=5222 slice=eta_1_2 p=8 a=6 file=/data/alice/ipardoza/hadronization_production/HF_RUN3_V1/raw/MONASH/hf_MONASH_job969.root
SIGMAB_COUNTS tag=MONASH species=Sigma_b+ pdg=5222 slice=eta_ge_2 p=22 a=15 file=/data/alice/ipardoza/hadronization_production/HF_RUN3_V1/raw/MONASH/hf_MONASH_job969.root
SIGMAB_COUNTS tag=MONASH species=Sigma_b0 pdg=5212 slice=all p=46 a=21 file=/data/alice/ipardoza/hadronization_production/HF_RUN3_V1/raw/MONASH/hf_MONASH_job969.root
SIGMAB_COUNTS tag=MONASH species=Sigma_b0 pdg=5212 slice=eta_lt_1 p=6 a=3 file=/data/alice/ipardoza/hadronization_production/HF_RUN3_V1/raw/MONASH/hf_MONASH_job969.root
SIGMAB_COUNTS tag=MONASH species=Sigma_b0 pdg=5212 slice=eta_1_2 p=7 a=4 file=/data/alice/ipardoza/hadronization_production/HF_RUN3_V1/raw/MONASH/hf_MONASH_job969.root
SIGMAB_COUNTS tag=MONASH species=Sigma_b0 pdg=5212 slice=eta_ge_2 p=33 a=14 file=/data/alice/ipardoza/hadronization_production/HF_RUN3_V1/raw/MONASH/hf_MONASH_job969.root
SIGMAB_COUNTS tag=MONASH species=Sigma_b- pdg=5112 slice=all p=43 a=24 file=/data/alice/ipardoza/hadronization_production/HF_RUN3_V1/raw/MONASH/hf_MONASH_job969.root
SIGMAB_COUNTS tag=MONASH species=Sigma_b- pdg=5112 slice=eta_lt_1 p=7 a=4 file=/data/alice/ipardoza/hadronization_production/HF_RUN3_V1/raw/MONASH/hf_MONASH_job969.root
SIGMAB_COUNTS tag=MONASH species=Sigma_b- pdg=5112 slice=eta_1_2 p=12 a=6 file=/data/alice/ipardoza/hadronization_production/HF_RUN3_V1/raw/MONASH/hf_MONASH_job969.root
SIGMAB_COUNTS tag=MONASH species=Sigma_b- pdg=5112 slice=eta_ge_2 p=24 a=14 file=/data/alice/ipardoza/hadronization_production/HF_RUN3_V1/raw/MONASH/hf_MONASH_job969.root
SIGMAB_COUNTS tag=MONASH species=Sigma*_b+ pdg=5224 slice=all p=48 a=38 file=/data/alice/ipardoza/hadronization_production/HF_RUN3_V1/raw/MONASH/hf_MONASH_job969.root
SIGMAB_COUNTS tag=MONASH species=Sigma*_b+ pdg=5224 slice=eta_lt_1 p=8 a=10 file=/data/alice/ipardoza/hadronization_production/HF_RUN3_V1/raw/MONASH/hf_MONASH_job969.root
SIGMAB_COUNTS tag=MONASH species=Sigma*_b+ pdg=5224 slice=eta_1_2 p=10 a=7 file=/data/alice/ipardoza/hadronization_production/HF_RUN3_V1/raw/MONASH/hf_MONASH_job969.root
SIGMAB_COUNTS tag=MONASH species=Sigma*_b+ pdg=5224 slice=eta_ge_2 p=30 a=21 file=/data/alice/ipardoza/hadronization_production/HF_RUN3_V1/raw/MONASH/hf_MONASH_job969.root
SIGMAB_COUNTS tag=MONASH species=Sigma*_b0 pdg=5214 slice=all p=50 a=27 file=/data/alice/ipardoza/hadronization_production/HF_RUN3_V1/raw/MONASH/hf_MONASH_job969.root
SIGMAB_COUNTS tag=MONASH species=Sigma*_b0 pdg=5214 slice=eta_lt_1 p=10 a=5 file=/data/alice/ipardoza/hadronization_production/HF_RUN3_V1/raw/MONASH/hf_MONASH_job969.root
SIGMAB_COUNTS tag=MONASH species=Sigma*_b0 pdg=5214 slice=eta_1_2 p=12 a=11 file=/data/alice/ipardoza/hadronization_production/HF_RUN3_V1/raw/MONASH/hf_MONASH_job969.root
SIGMAB_COUNTS tag=MONASH species=Sigma*_b0 pdg=5214 slice=eta_ge_2 p=28 a=11 file=/data/alice/ipardoza/hadronization_production/HF_RUN3_V1/raw/MONASH/hf_MONASH_job969.root
SIGMAB_COUNTS tag=MONASH species=Sigma*_b- pdg=5114 slice=all p=50 a=33 file=/data/alice/ipardoza/hadronization_production/HF_RUN3_V1/raw/MONASH/hf_MONASH_job969.root
SIGMAB_COUNTS tag=MONASH species=Sigma*_b- pdg=5114 slice=eta_lt_1 p=9 a=10 file=/data/alice/ipardoza/hadronization_production/HF_RUN3_V1/raw/MONASH/hf_MONASH_job969.root
SIGMAB_COUNTS tag=MONASH species=Sigma*_b- pdg=5114 slice=eta_1_2 p=10 a=4 file=/data/alice/ipardoza/hadronization_production/HF_RUN3_V1/raw/MONASH/hf_MONASH_job969.root
SIGMAB_COUNTS tag=MONASH species=Sigma*_b- pdg=5114 slice=eta_ge_2 p=31 a=19 file=/data/alice/ipardoza/hadronization_production/HF_RUN3_V1/raw/MONASH/hf_MONASH_job969.root
SIGMAB_COUNTS tag=MONASH species=Lambda_b0 pdg=5122 slice=all p=337 a=317 file=/data/alice/ipardoza/hadronization_production/HF_RUN3_V1/raw/MONASH/hf_MONASH_job969.root
SIGMAB_COUNTS tag=MONASH species=Lambda_b0 pdg=5122 slice=eta_lt_1 p=56 a=53 file=/data/alice/ipardoza/hadronization_production/HF_RUN3_V1/raw/MONASH/hf_MONASH_job969.root
SIGMAB_COUNTS tag=MONASH species=Lambda_b0 pdg=5122 slice=eta_1_2 p=74 a=64 file=/data/alice/ipardoza/hadronization_production/HF_RUN3_V1/raw/MONASH/hf_MONASH_job969.root
SIGMAB_COUNTS tag=MONASH species=Lambda_b0 pdg=5122 slice=eta_ge_2 p=207 a=200 file=/data/alice/ipardoza/hadronization_production/HF_RUN3_V1/raw/MONASH/hf_MONASH_job969.root
SIGMAB_COUNTS tag=MONASH species=Xi_b0 pdg=5232 slice=all p=60 a=54 file=/data/alice/ipardoza/hadronization_production/HF_RUN3_V1/raw/MONASH/hf_MONASH_job969.root
SIGMAB_COUNTS tag=MONASH species=Xi_b0 pdg=5232 slice=eta_lt_1 p=8 a=13 file=/data/alice/ipardoza/hadronization_production/HF_RUN3_V1/raw/MONASH/hf_MONASH_job969.root
SIGMAB_COUNTS tag=MONASH species=Xi_b0 pdg=5232 slice=eta_1_2 p=15 a=21 file=/data/alice/ipardoza/hadronization_production/HF_RUN3_V1/raw/MONASH/hf_MONASH_job969.root
SIGMAB_COUNTS tag=MONASH species=Xi_b0 pdg=5232 slice=eta_ge_2 p=37 a=20 file=/data/alice/ipardoza/hadronization_production/HF_RUN3_V1/raw/MONASH/hf_MONASH_job969.root
SIGMAB_COUNTS tag=MONASH species=Xi_b- pdg=5132 slice=all p=54 a=56 file=/data/alice/ipardoza/hadronization_production/HF_RUN3_V1/raw/MONASH/hf_MONASH_job969.root
SIGMAB_COUNTS tag=MONASH species=Xi_b- pdg=5132 slice=eta_lt_1 p=16 a=10 file=/data/alice/ipardoza/hadronization_production/HF_RUN3_V1/raw/MONASH/hf_MONASH_job969.root
SIGMAB_COUNTS tag=MONASH species=Xi_b- pdg=5132 slice=eta_1_2 p=13 a=17 file=/data/alice/ipardoza/hadronization_production/HF_RUN3_V1/raw/MONASH/hf_MONASH_job969.root
SIGMAB_COUNTS tag=MONASH species=Xi_b- pdg=5132 slice=eta_ge_2 p=25 a=29 file=/data/alice/ipardoza/hadronization_production/HF_RUN3_V1/raw/MONASH/hf_MONASH_job969.root
SIGMAB_COUNTS tag=MONASH species=Sigma_b+ pdg=5222 slice=all p=37 a=19 file=/data/alice/ipardoza/hadronization_production/HF_RUN3_V1/raw/MONASH/hf_MONASH_job970.root
SIGMAB_COUNTS tag=MONASH species=Sigma_b+ pdg=5222 slice=eta_lt_1 p=7 a=5 file=/data/alice/ipardoza/hadronization_production/HF_RUN3_V1/raw/MONASH/hf_MONASH_job970.root
SIGMAB_COUNTS tag=MONASH species=Sigma_b+ pdg=5222 slice=eta_1_2 p=7 a=5 file=/data/alice/ipardoza/hadronization_production/HF_RUN3_V1/raw/MONASH/hf_MONASH_job970.root
SIGMAB_COUNTS tag=MONASH species=Sigma_b+ pdg=5222 slice=eta_ge_2 p=23 a=9 file=/data/alice/ipardoza/hadronization_production/HF_RUN3_V1/raw/MONASH/hf_MONASH_job970.root
SIGMAB_COUNTS tag=MONASH species=Sigma_b0 pdg=5212 slice=all p=37 a=21 file=/data/alice/ipardoza/hadronization_production/HF_RUN3_V1/raw/MONASH/hf_MONASH_job970.root
SIGMAB_COUNTS tag=MONASH species=Sigma_b0 pdg=5212 slice=eta_lt_1 p=4 a=5 file=/data/alice/ipardoza/hadronization_production/HF_RUN3_V1/raw/MONASH/hf_MONASH_job970.root
SIGMAB_COUNTS tag=MONASH species=Sigma_b0 pdg=5212 slice=eta_1_2 p=5 a=3 file=/data/alice/ipardoza/hadronization_production/HF_RUN3_V1/raw/MONASH/hf_MONASH_job970.root
SIGMAB_COUNTS tag=MONASH species=Sigma_b0 pdg=5212 slice=eta_ge_2 p=28 a=13 file=/data/alice/ipardoza/hadronization_production/HF_RUN3_V1/raw/MONASH/hf_MONASH_job970.root
SIGMAB_COUNTS tag=MONASH species=Sigma_b- pdg=5112 slice=all p=33 a=19 file=/data/alice/ipardoza/hadronization_production/HF_RUN3_V1/raw/MONASH/hf_MONASH_job970.root
SIGMAB_COUNTS tag=MONASH species=Sigma_b- pdg=5112 slice=eta_lt_1 p=4 a=4 file=/data/alice/ipardoza/hadronization_production/HF_RUN3_V1/raw/MONASH/hf_MONASH_job970.root
SIGMAB_COUNTS tag=MONASH species=Sigma_b- pdg=5112 slice=eta_1_2 p=6 a=5 file=/data/alice/ipardoza/hadronization_production/HF_RUN3_V1/raw/MONASH/hf_MONASH_job970.root
SIGMAB_COUNTS tag=MONASH species=Sigma_b- pdg=5112 slice=eta_ge_2 p=23 a=10 file=/data/alice/ipardoza/hadronization_production/HF_RUN3_V1/raw/MONASH/hf_MONASH_job970.root
SIGMAB_COUNTS tag=MONASH species=Sigma*_b+ pdg=5224 slice=all p=52 a=40 file=/data/alice/ipardoza/hadronization_production/HF_RUN3_V1/raw/MONASH/hf_MONASH_job970.root
SIGMAB_COUNTS tag=MONASH species=Sigma*_b+ pdg=5224 slice=eta_lt_1 p=11 a=9 file=/data/alice/ipardoza/hadronization_production/HF_RUN3_V1/raw/MONASH/hf_MONASH_job970.root
SIGMAB_COUNTS tag=MONASH species=Sigma*_b+ pdg=5224 slice=eta_1_2 p=13 a=11 file=/data/alice/ipardoza/hadronization_production/HF_RUN3_V1/raw/MONASH/hf_MONASH_job970.root
SIGMAB_COUNTS tag=MONASH species=Sigma*_b+ pdg=5224 slice=eta_ge_2 p=28 a=20 file=/data/alice/ipardoza/hadronization_production/HF_RUN3_V1/raw/MONASH/hf_MONASH_job970.root
SIGMAB_COUNTS tag=MONASH species=Sigma*_b0 pdg=5214 slice=all p=45 a=44 file=/data/alice/ipardoza/hadronization_production/HF_RUN3_V1/raw/MONASH/hf_MONASH_job970.root
SIGMAB_COUNTS tag=MONASH species=Sigma*_b0 pdg=5214 slice=eta_lt_1 p=6 a=5 file=/data/alice/ipardoza/hadronization_production/HF_RUN3_V1/raw/MONASH/hf_MONASH_job970.root
SIGMAB_COUNTS tag=MONASH species=Sigma*_b0 pdg=5214 slice=eta_1_2 p=13 a=13 file=/data/alice/ipardoza/hadronization_production/HF_RUN3_V1/raw/MONASH/hf_MONASH_job970.root
SIGMAB_COUNTS tag=MONASH species=Sigma*_b0 pdg=5214 slice=eta_ge_2 p=26 a=26 file=/data/alice/ipardoza/hadronization_production/HF_RUN3_V1/raw/MONASH/hf_MONASH_job970.root
SIGMAB_COUNTS tag=MONASH species=Sigma*_b- pdg=5114 slice=all p=54 a=40 file=/data/alice/ipardoza/hadronization_production/HF_RUN3_V1/raw/MONASH/hf_MONASH_job970.root
SIGMAB_COUNTS tag=MONASH species=Sigma*_b- pdg=5114 slice=eta_lt_1 p=14 a=8 file=/data/alice/ipardoza/hadronization_production/HF_RUN3_V1/raw/MONASH/hf_MONASH_job970.root
SIGMAB_COUNTS tag=MONASH species=Sigma*_b- pdg=5114 slice=eta_1_2 p=10 a=7 file=/data/alice/ipardoza/hadronization_production/HF_RUN3_V1/raw/MONASH/hf_MONASH_job970.root
SIGMAB_COUNTS tag=MONASH species=Sigma*_b- pdg=5114 slice=eta_ge_2 p=30 a=25 file=/data/alice/ipardoza/hadronization_production/HF_RUN3_V1/raw/MONASH/hf_MONASH_job970.root
SIGMAB_COUNTS tag=MONASH species=Lambda_b0 pdg=5122 slice=all p=278 a=290 file=/data/alice/ipardoza/hadronization_production/HF_RUN3_V1/raw/MONASH/hf_MONASH_job970.root
SIGMAB_COUNTS tag=MONASH species=Lambda_b0 pdg=5122 slice=eta_lt_1 p=46 a=62 file=/data/alice/ipardoza/hadronization_production/HF_RUN3_V1/raw/MONASH/hf_MONASH_job970.root
SIGMAB_COUNTS tag=MONASH species=Lambda_b0 pdg=5122 slice=eta_1_2 p=57 a=59 file=/data/alice/ipardoza/hadronization_production/HF_RUN3_V1/raw/MONASH/hf_MONASH_job970.root
SIGMAB_COUNTS tag=MONASH species=Lambda_b0 pdg=5122 slice=eta_ge_2 p=175 a=169 file=/data/alice/ipardoza/hadronization_production/HF_RUN3_V1/raw/MONASH/hf_MONASH_job970.root
SIGMAB_COUNTS tag=MONASH species=Xi_b0 pdg=5232 slice=all p=53 a=55 file=/data/alice/ipardoza/hadronization_production/HF_RUN3_V1/raw/MONASH/hf_MONASH_job970.root
SIGMAB_COUNTS tag=MONASH species=Xi_b0 pdg=5232 slice=eta_lt_1 p=12 a=11 file=/data/alice/ipardoza/hadronization_production/HF_RUN3_V1/raw/MONASH/hf_MONASH_job970.root
SIGMAB_COUNTS tag=MONASH species=Xi_b0 pdg=5232 slice=eta_1_2 p=14 a=17 file=/data/alice/ipardoza/hadronization_production/HF_RUN3_V1/raw/MONASH/hf_MONASH_job970.root
SIGMAB_COUNTS tag=MONASH species=Xi_b0 pdg=5232 slice=eta_ge_2 p=27 a=27 file=/data/alice/ipardoza/hadronization_production/HF_RUN3_V1/raw/MONASH/hf_MONASH_job970.root
SIGMAB_COUNTS tag=MONASH species=Xi_b- pdg=5132 slice=all p=55 a=64 file=/data/alice/ipardoza/hadronization_production/HF_RUN3_V1/raw/MONASH/hf_MONASH_job970.root
SIGMAB_COUNTS tag=MONASH species=Xi_b- pdg=5132 slice=eta_lt_1 p=7 a=10 file=/data/alice/ipardoza/hadronization_production/HF_RUN3_V1/raw/MONASH/hf_MONASH_job970.root
SIGMAB_COUNTS tag=MONASH species=Xi_b- pdg=5132 slice=eta_1_2 p=13 a=13 file=/data/alice/ipardoza/hadronization_production/HF_RUN3_V1/raw/MONASH/hf_MONASH_job970.root
SIGMAB_COUNTS tag=MONASH species=Xi_b- pdg=5132 slice=eta_ge_2 p=35 a=41 file=/data/alice/ipardoza/hadronization_production/HF_RUN3_V1/raw/MONASH/hf_MONASH_job970.root
SIGMAB_COUNTS tag=MONASH species=Sigma_b+ pdg=5222 slice=all p=38 a=26 file=/data/alice/ipardoza/hadronization_production/HF_RUN3_V1/raw/MONASH/hf_MONASH_job971.root
SIGMAB_COUNTS tag=MONASH species=Sigma_b+ pdg=5222 slice=eta_lt_1 p=4 a=3 file=/data/alice/ipardoza/hadronization_production/HF_RUN3_V1/raw/MONASH/hf_MONASH_job971.root
SIGMAB_COUNTS tag=MONASH species=Sigma_b+ pdg=5222 slice=eta_1_2 p=9 a=8 file=/data/alice/ipardoza/hadronization_production/HF_RUN3_V1/raw/MONASH/hf_MONASH_job971.root
SIGMAB_COUNTS tag=MONASH species=Sigma_b+ pdg=5222 slice=eta_ge_2 p=25 a=15 file=/data/alice/ipardoza/hadronization_production/HF_RUN3_V1/raw/MONASH/hf_MONASH_job971.root
SIGMAB_COUNTS tag=MONASH species=Sigma_b0 pdg=5212 slice=all p=35 a=9 file=/data/alice/ipardoza/hadronization_production/HF_RUN3_V1/raw/MONASH/hf_MONASH_job971.root
SIGMAB_COUNTS tag=MONASH species=Sigma_b0 pdg=5212 slice=eta_lt_1 p=2 a=1 file=/data/alice/ipardoza/hadronization_production/HF_RUN3_V1/raw/MONASH/hf_MONASH_job971.root
SIGMAB_COUNTS tag=MONASH species=Sigma_b0 pdg=5212 slice=eta_1_2 p=7 a=4 file=/data/alice/ipardoza/hadronization_production/HF_RUN3_V1/raw/MONASH/hf_MONASH_job971.root
SIGMAB_COUNTS tag=MONASH species=Sigma_b0 pdg=5212 slice=eta_ge_2 p=26 a=4 file=/data/alice/ipardoza/hadronization_production/HF_RUN3_V1/raw/MONASH/hf_MONASH_job971.root
SIGMAB_COUNTS tag=MONASH species=Sigma_b- pdg=5112 slice=all p=35 a=24 file=/data/alice/ipardoza/hadronization_production/HF_RUN3_V1/raw/MONASH/hf_MONASH_job971.root
SIGMAB_COUNTS tag=MONASH species=Sigma_b- pdg=5112 slice=eta_lt_1 p=4 a=5 file=/data/alice/ipardoza/hadronization_production/HF_RUN3_V1/raw/MONASH/hf_MONASH_job971.root
SIGMAB_COUNTS tag=MONASH species=Sigma_b- pdg=5112 slice=eta_1_2 p=5 a=7 file=/data/alice/ipardoza/hadronization_production/HF_RUN3_V1/raw/MONASH/hf_MONASH_job971.root
SIGMAB_COUNTS tag=MONASH species=Sigma_b- pdg=5112 slice=eta_ge_2 p=26 a=12 file=/data/alice/ipardoza/hadronization_production/HF_RUN3_V1/raw/MONASH/hf_MONASH_job971.root
SIGMAB_COUNTS tag=MONASH species=Sigma*_b+ pdg=5224 slice=all p=49 a=54 file=/data/alice/ipardoza/hadronization_production/HF_RUN3_V1/raw/MONASH/hf_MONASH_job971.root
SIGMAB_COUNTS tag=MONASH species=Sigma*_b+ pdg=5224 slice=eta_lt_1 p=7 a=8 file=/data/alice/ipardoza/hadronization_production/HF_RUN3_V1/raw/MONASH/hf_MONASH_job971.root
SIGMAB_COUNTS tag=MONASH species=Sigma*_b+ pdg=5224 slice=eta_1_2 p=3 a=10 file=/data/alice/ipardoza/hadronization_production/HF_RUN3_V1/raw/MONASH/hf_MONASH_job971.root
SIGMAB_COUNTS tag=MONASH species=Sigma*_b+ pdg=5224 slice=eta_ge_2 p=39 a=36 file=/data/alice/ipardoza/hadronization_production/HF_RUN3_V1/raw/MONASH/hf_MONASH_job971.root
SIGMAB_COUNTS tag=MONASH species=Sigma*_b0 pdg=5214 slice=all p=58 a=39 file=/data/alice/ipardoza/hadronization_production/HF_RUN3_V1/raw/MONASH/hf_MONASH_job971.root
SIGMAB_COUNTS tag=MONASH species=Sigma*_b0 pdg=5214 slice=eta_lt_1 p=13 a=6 file=/data/alice/ipardoza/hadronization_production/HF_RUN3_V1/raw/MONASH/hf_MONASH_job971.root
SIGMAB_COUNTS tag=MONASH species=Sigma*_b0 pdg=5214 slice=eta_1_2 p=12 a=6 file=/data/alice/ipardoza/hadronization_production/HF_RUN3_V1/raw/MONASH/hf_MONASH_job971.root
SIGMAB_COUNTS tag=MONASH species=Sigma*_b0 pdg=5214 slice=eta_ge_2 p=33 a=27 file=/data/alice/ipardoza/hadronization_production/HF_RUN3_V1/raw/MONASH/hf_MONASH_job971.root
SIGMAB_COUNTS tag=MONASH species=Sigma*_b- pdg=5114 slice=all p=35 a=34 file=/data/alice/ipardoza/hadronization_production/HF_RUN3_V1/raw/MONASH/hf_MONASH_job971.root
SIGMAB_COUNTS tag=MONASH species=Sigma*_b- pdg=5114 slice=eta_lt_1 p=6 a=9 file=/data/alice/ipardoza/hadronization_production/HF_RUN3_V1/raw/MONASH/hf_MONASH_job971.root
SIGMAB_COUNTS tag=MONASH species=Sigma*_b- pdg=5114 slice=eta_1_2 p=8 a=4 file=/data/alice/ipardoza/hadronization_production/HF_RUN3_V1/raw/MONASH/hf_MONASH_job971.root
SIGMAB_COUNTS tag=MONASH species=Sigma*_b- pdg=5114 slice=eta_ge_2 p=21 a=21 file=/data/alice/ipardoza/hadronization_production/HF_RUN3_V1/raw/MONASH/hf_MONASH_job971.root
SIGMAB_COUNTS tag=MONASH species=Lambda_b0 pdg=5122 slice=all p=300 a=303 file=/data/alice/ipardoza/hadronization_production/HF_RUN3_V1/raw/MONASH/hf_MONASH_job971.root
SIGMAB_COUNTS tag=MONASH species=Lambda_b0 pdg=5122 slice=eta_lt_1 p=41 a=56 file=/data/alice/ipardoza/hadronization_production/HF_RUN3_V1/raw/MONASH/hf_MONASH_job971.root
SIGMAB_COUNTS tag=MONASH species=Lambda_b0 pdg=5122 slice=eta_1_2 p=71 a=65 file=/data/alice/ipardoza/hadronization_production/HF_RUN3_V1/raw/MONASH/hf_MONASH_job971.root
SIGMAB_COUNTS tag=MONASH species=Lambda_b0 pdg=5122 slice=eta_ge_2 p=188 a=182 file=/data/alice/ipardoza/hadronization_production/HF_RUN3_V1/raw/MONASH/hf_MONASH_job971.root
SIGMAB_COUNTS tag=MONASH species=Xi_b0 pdg=5232 slice=all p=61 a=61 file=/data/alice/ipardoza/hadronization_production/HF_RUN3_V1/raw/MONASH/hf_MONASH_job971.root
SIGMAB_COUNTS tag=MONASH species=Xi_b0 pdg=5232 slice=eta_lt_1 p=17 a=7 file=/data/alice/ipardoza/hadronization_production/HF_RUN3_V1/raw/MONASH/hf_MONASH_job971.root
SIGMAB_COUNTS tag=MONASH species=Xi_b0 pdg=5232 slice=eta_1_2 p=8 a=16 file=/data/alice/ipardoza/hadronization_production/HF_RUN3_V1/raw/MONASH/hf_MONASH_job971.root
SIGMAB_COUNTS tag=MONASH species=Xi_b0 pdg=5232 slice=eta_ge_2 p=36 a=38 file=/data/alice/ipardoza/hadronization_production/HF_RUN3_V1/raw/MONASH/hf_MONASH_job971.root
SIGMAB_COUNTS tag=MONASH species=Xi_b- pdg=5132 slice=all p=52 a=44 file=/data/alice/ipardoza/hadronization_production/HF_RUN3_V1/raw/MONASH/hf_MONASH_job971.root
SIGMAB_COUNTS tag=MONASH species=Xi_b- pdg=5132 slice=eta_lt_1 p=5 a=11 file=/data/alice/ipardoza/hadronization_production/HF_RUN3_V1/raw/MONASH/hf_MONASH_job971.root
SIGMAB_COUNTS tag=MONASH species=Xi_b- pdg=5132 slice=eta_1_2 p=6 a=8 file=/data/alice/ipardoza/hadronization_production/HF_RUN3_V1/raw/MONASH/hf_MONASH_job971.root
SIGMAB_COUNTS tag=MONASH species=Xi_b- pdg=5132 slice=eta_ge_2 p=41 a=25 file=/data/alice/ipardoza/hadronization_production/HF_RUN3_V1/raw/MONASH/hf_MONASH_job971.root
SIGMAB_COUNTS tag=MONASH species=Sigma_b+ pdg=5222 slice=all p=40 a=25 file=/data/alice/ipardoza/hadronization_production/HF_RUN3_V1/raw/MONASH/hf_MONASH_job972.root
SIGMAB_COUNTS tag=MONASH species=Sigma_b+ pdg=5222 slice=eta_lt_1 p=5 a=4 file=/data/alice/ipardoza/hadronization_production/HF_RUN3_V1/raw/MONASH/hf_MONASH_job972.root
SIGMAB_COUNTS tag=MONASH species=Sigma_b+ pdg=5222 slice=eta_1_2 p=6 a=7 file=/data/alice/ipardoza/hadronization_production/HF_RUN3_V1/raw/MONASH/hf_MONASH_job972.root
SIGMAB_COUNTS tag=MONASH species=Sigma_b+ pdg=5222 slice=eta_ge_2 p=29 a=14 file=/data/alice/ipardoza/hadronization_production/HF_RUN3_V1/raw/MONASH/hf_MONASH_job972.root
SIGMAB_COUNTS tag=MONASH species=Sigma_b0 pdg=5212 slice=all p=37 a=12 file=/data/alice/ipardoza/hadronization_production/HF_RUN3_V1/raw/MONASH/hf_MONASH_job972.root
SIGMAB_COUNTS tag=MONASH species=Sigma_b0 pdg=5212 slice=eta_lt_1 p=5 a=2 file=/data/alice/ipardoza/hadronization_production/HF_RUN3_V1/raw/MONASH/hf_MONASH_job972.root
SIGMAB_COUNTS tag=MONASH species=Sigma_b0 pdg=5212 slice=eta_1_2 p=6 a=1 file=/data/alice/ipardoza/hadronization_production/HF_RUN3_V1/raw/MONASH/hf_MONASH_job972.root
SIGMAB_COUNTS tag=MONASH species=Sigma_b0 pdg=5212 slice=eta_ge_2 p=26 a=9 file=/data/alice/ipardoza/hadronization_production/HF_RUN3_V1/raw/MONASH/hf_MONASH_job972.root
SIGMAB_COUNTS tag=MONASH species=Sigma_b- pdg=5112 slice=all p=45 a=18 file=/data/alice/ipardoza/hadronization_production/HF_RUN3_V1/raw/MONASH/hf_MONASH_job972.root
SIGMAB_COUNTS tag=MONASH species=Sigma_b- pdg=5112 slice=eta_lt_1 p=10 a=5 file=/data/alice/ipardoza/hadronization_production/HF_RUN3_V1/raw/MONASH/hf_MONASH_job972.root
SIGMAB_COUNTS tag=MONASH species=Sigma_b- pdg=5112 slice=eta_1_2 p=10 a=0 file=/data/alice/ipardoza/hadronization_production/HF_RUN3_V1/raw/MONASH/hf_MONASH_job972.root
SIGMAB_COUNTS tag=MONASH species=Sigma_b- pdg=5112 slice=eta_ge_2 p=25 a=13 file=/data/alice/ipardoza/hadronization_production/HF_RUN3_V1/raw/MONASH/hf_MONASH_job972.root
SIGMAB_COUNTS tag=MONASH species=Sigma*_b+ pdg=5224 slice=all p=42 a=40 file=/data/alice/ipardoza/hadronization_production/HF_RUN3_V1/raw/MONASH/hf_MONASH_job972.root
SIGMAB_COUNTS tag=MONASH species=Sigma*_b+ pdg=5224 slice=eta_lt_1 p=10 a=7 file=/data/alice/ipardoza/hadronization_production/HF_RUN3_V1/raw/MONASH/hf_MONASH_job972.root
SIGMAB_COUNTS tag=MONASH species=Sigma*_b+ pdg=5224 slice=eta_1_2 p=11 a=6 file=/data/alice/ipardoza/hadronization_production/HF_RUN3_V1/raw/MONASH/hf_MONASH_job972.root
SIGMAB_COUNTS tag=MONASH species=Sigma*_b+ pdg=5224 slice=eta_ge_2 p=21 a=27 file=/data/alice/ipardoza/hadronization_production/HF_RUN3_V1/raw/MONASH/hf_MONASH_job972.root
SIGMAB_COUNTS tag=MONASH species=Sigma*_b0 pdg=5214 slice=all p=48 a=46 file=/data/alice/ipardoza/hadronization_production/HF_RUN3_V1/raw/MONASH/hf_MONASH_job972.root
SIGMAB_COUNTS tag=MONASH species=Sigma*_b0 pdg=5214 slice=eta_lt_1 p=10 a=13 file=/data/alice/ipardoza/hadronization_production/HF_RUN3_V1/raw/MONASH/hf_MONASH_job972.root
SIGMAB_COUNTS tag=MONASH species=Sigma*_b0 pdg=5214 slice=eta_1_2 p=9 a=7 file=/data/alice/ipardoza/hadronization_production/HF_RUN3_V1/raw/MONASH/hf_MONASH_job972.root
SIGMAB_COUNTS tag=MONASH species=Sigma*_b0 pdg=5214 slice=eta_ge_2 p=29 a=26 file=/data/alice/ipardoza/hadronization_production/HF_RUN3_V1/raw/MONASH/hf_MONASH_job972.root
SIGMAB_COUNTS tag=MONASH species=Sigma*_b- pdg=5114 slice=all p=59 a=45 file=/data/alice/ipardoza/hadronization_production/HF_RUN3_V1/raw/MONASH/hf_MONASH_job972.root
SIGMAB_COUNTS tag=MONASH species=Sigma*_b- pdg=5114 slice=eta_lt_1 p=10 a=5 file=/data/alice/ipardoza/hadronization_production/HF_RUN3_V1/raw/MONASH/hf_MONASH_job972.root
SIGMAB_COUNTS tag=MONASH species=Sigma*_b- pdg=5114 slice=eta_1_2 p=13 a=14 file=/data/alice/ipardoza/hadronization_production/HF_RUN3_V1/raw/MONASH/hf_MONASH_job972.root
SIGMAB_COUNTS tag=MONASH species=Sigma*_b- pdg=5114 slice=eta_ge_2 p=36 a=26 file=/data/alice/ipardoza/hadronization_production/HF_RUN3_V1/raw/MONASH/hf_MONASH_job972.root
SIGMAB_COUNTS tag=MONASH species=Lambda_b0 pdg=5122 slice=all p=295 a=308 file=/data/alice/ipardoza/hadronization_production/HF_RUN3_V1/raw/MONASH/hf_MONASH_job972.root
SIGMAB_COUNTS tag=MONASH species=Lambda_b0 pdg=5122 slice=eta_lt_1 p=63 a=63 file=/data/alice/ipardoza/hadronization_production/HF_RUN3_V1/raw/MONASH/hf_MONASH_job972.root
SIGMAB_COUNTS tag=MONASH species=Lambda_b0 pdg=5122 slice=eta_1_2 p=78 a=62 file=/data/alice/ipardoza/hadronization_production/HF_RUN3_V1/raw/MONASH/hf_MONASH_job972.root
SIGMAB_COUNTS tag=MONASH species=Lambda_b0 pdg=5122 slice=eta_ge_2 p=154 a=183 file=/data/alice/ipardoza/hadronization_production/HF_RUN3_V1/raw/MONASH/hf_MONASH_job972.root
SIGMAB_COUNTS tag=MONASH species=Xi_b0 pdg=5232 slice=all p=65 a=63 file=/data/alice/ipardoza/hadronization_production/HF_RUN3_V1/raw/MONASH/hf_MONASH_job972.root
SIGMAB_COUNTS tag=MONASH species=Xi_b0 pdg=5232 slice=eta_lt_1 p=14 a=9 file=/data/alice/ipardoza/hadronization_production/HF_RUN3_V1/raw/MONASH/hf_MONASH_job972.root
SIGMAB_COUNTS tag=MONASH species=Xi_b0 pdg=5232 slice=eta_1_2 p=12 a=12 file=/data/alice/ipardoza/hadronization_production/HF_RUN3_V1/raw/MONASH/hf_MONASH_job972.root
SIGMAB_COUNTS tag=MONASH species=Xi_b0 pdg=5232 slice=eta_ge_2 p=39 a=42 file=/data/alice/ipardoza/hadronization_production/HF_RUN3_V1/raw/MONASH/hf_MONASH_job972.root
SIGMAB_COUNTS tag=MONASH species=Xi_b- pdg=5132 slice=all p=51 a=49 file=/data/alice/ipardoza/hadronization_production/HF_RUN3_V1/raw/MONASH/hf_MONASH_job972.root
SIGMAB_COUNTS tag=MONASH species=Xi_b- pdg=5132 slice=eta_lt_1 p=11 a=9 file=/data/alice/ipardoza/hadronization_production/HF_RUN3_V1/raw/MONASH/hf_MONASH_job972.root
SIGMAB_COUNTS tag=MONASH species=Xi_b- pdg=5132 slice=eta_1_2 p=14 a=9 file=/data/alice/ipardoza/hadronization_production/HF_RUN3_V1/raw/MONASH/hf_MONASH_job972.root
SIGMAB_COUNTS tag=MONASH species=Xi_b- pdg=5132 slice=eta_ge_2 p=26 a=31 file=/data/alice/ipardoza/hadronization_production/HF_RUN3_V1/raw/MONASH/hf_MONASH_job972.root
SIGMAB_COUNTS tag=MONASH species=Sigma_b+ pdg=5222 slice=all p=35 a=17 file=/data/alice/ipardoza/hadronization_production/HF_RUN3_V1/raw/MONASH/hf_MONASH_job973.root
SIGMAB_COUNTS tag=MONASH species=Sigma_b+ pdg=5222 slice=eta_lt_1 p=4 a=0 file=/data/alice/ipardoza/hadronization_production/HF_RUN3_V1/raw/MONASH/hf_MONASH_job973.root
SIGMAB_COUNTS tag=MONASH species=Sigma_b+ pdg=5222 slice=eta_1_2 p=9 a=5 file=/data/alice/ipardoza/hadronization_production/HF_RUN3_V1/raw/MONASH/hf_MONASH_job973.root
SIGMAB_COUNTS tag=MONASH species=Sigma_b+ pdg=5222 slice=eta_ge_2 p=22 a=12 file=/data/alice/ipardoza/hadronization_production/HF_RUN3_V1/raw/MONASH/hf_MONASH_job973.root
SIGMAB_COUNTS tag=MONASH species=Sigma_b0 pdg=5212 slice=all p=33 a=10 file=/data/alice/ipardoza/hadronization_production/HF_RUN3_V1/raw/MONASH/hf_MONASH_job973.root
SIGMAB_COUNTS tag=MONASH species=Sigma_b0 pdg=5212 slice=eta_lt_1 p=5 a=3 file=/data/alice/ipardoza/hadronization_production/HF_RUN3_V1/raw/MONASH/hf_MONASH_job973.root
SIGMAB_COUNTS tag=MONASH species=Sigma_b0 pdg=5212 slice=eta_1_2 p=4 a=2 file=/data/alice/ipardoza/hadronization_production/HF_RUN3_V1/raw/MONASH/hf_MONASH_job973.root
SIGMAB_COUNTS tag=MONASH species=Sigma_b0 pdg=5212 slice=eta_ge_2 p=24 a=5 file=/data/alice/ipardoza/hadronization_production/HF_RUN3_V1/raw/MONASH/hf_MONASH_job973.root
SIGMAB_COUNTS tag=MONASH species=Sigma_b- pdg=5112 slice=all p=34 a=22 file=/data/alice/ipardoza/hadronization_production/HF_RUN3_V1/raw/MONASH/hf_MONASH_job973.root
SIGMAB_COUNTS tag=MONASH species=Sigma_b- pdg=5112 slice=eta_lt_1 p=8 a=4 file=/data/alice/ipardoza/hadronization_production/HF_RUN3_V1/raw/MONASH/hf_MONASH_job973.root
SIGMAB_COUNTS tag=MONASH species=Sigma_b- pdg=5112 slice=eta_1_2 p=4 a=5 file=/data/alice/ipardoza/hadronization_production/HF_RUN3_V1/raw/MONASH/hf_MONASH_job973.root
SIGMAB_COUNTS tag=MONASH species=Sigma_b- pdg=5112 slice=eta_ge_2 p=22 a=13 file=/data/alice/ipardoza/hadronization_production/HF_RUN3_V1/raw/MONASH/hf_MONASH_job973.root
SIGMAB_COUNTS tag=MONASH species=Sigma*_b+ pdg=5224 slice=all p=50 a=37 file=/data/alice/ipardoza/hadronization_production/HF_RUN3_V1/raw/MONASH/hf_MONASH_job973.root
SIGMAB_COUNTS tag=MONASH species=Sigma*_b+ pdg=5224 slice=eta_lt_1 p=9 a=6 file=/data/alice/ipardoza/hadronization_production/HF_RUN3_V1/raw/MONASH/hf_MONASH_job973.root
SIGMAB_COUNTS tag=MONASH species=Sigma*_b+ pdg=5224 slice=eta_1_2 p=8 a=10 file=/data/alice/ipardoza/hadronization_production/HF_RUN3_V1/raw/MONASH/hf_MONASH_job973.root
SIGMAB_COUNTS tag=MONASH species=Sigma*_b+ pdg=5224 slice=eta_ge_2 p=33 a=21 file=/data/alice/ipardoza/hadronization_production/HF_RUN3_V1/raw/MONASH/hf_MONASH_job973.root
SIGMAB_COUNTS tag=MONASH species=Sigma*_b0 pdg=5214 slice=all p=50 a=39 file=/data/alice/ipardoza/hadronization_production/HF_RUN3_V1/raw/MONASH/hf_MONASH_job973.root
SIGMAB_COUNTS tag=MONASH species=Sigma*_b0 pdg=5214 slice=eta_lt_1 p=13 a=12 file=/data/alice/ipardoza/hadronization_production/HF_RUN3_V1/raw/MONASH/hf_MONASH_job973.root
SIGMAB_COUNTS tag=MONASH species=Sigma*_b0 pdg=5214 slice=eta_1_2 p=8 a=8 file=/data/alice/ipardoza/hadronization_production/HF_RUN3_V1/raw/MONASH/hf_MONASH_job973.root
SIGMAB_COUNTS tag=MONASH species=Sigma*_b0 pdg=5214 slice=eta_ge_2 p=29 a=19 file=/data/alice/ipardoza/hadronization_production/HF_RUN3_V1/raw/MONASH/hf_MONASH_job973.root
SIGMAB_COUNTS tag=MONASH species=Sigma*_b- pdg=5114 slice=all p=39 a=38 file=/data/alice/ipardoza/hadronization_production/HF_RUN3_V1/raw/MONASH/hf_MONASH_job973.root
SIGMAB_COUNTS tag=MONASH species=Sigma*_b- pdg=5114 slice=eta_lt_1 p=8 a=8 file=/data/alice/ipardoza/hadronization_production/HF_RUN3_V1/raw/MONASH/hf_MONASH_job973.root
SIGMAB_COUNTS tag=MONASH species=Sigma*_b- pdg=5114 slice=eta_1_2 p=11 a=10 file=/data/alice/ipardoza/hadronization_production/HF_RUN3_V1/raw/MONASH/hf_MONASH_job973.root
SIGMAB_COUNTS tag=MONASH species=Sigma*_b- pdg=5114 slice=eta_ge_2 p=20 a=20 file=/data/alice/ipardoza/hadronization_production/HF_RUN3_V1/raw/MONASH/hf_MONASH_job973.root
SIGMAB_COUNTS tag=MONASH species=Lambda_b0 pdg=5122 slice=all p=317 a=326 file=/data/alice/ipardoza/hadronization_production/HF_RUN3_V1/raw/MONASH/hf_MONASH_job973.root
SIGMAB_COUNTS tag=MONASH species=Lambda_b0 pdg=5122 slice=eta_lt_1 p=64 a=57 file=/data/alice/ipardoza/hadronization_production/HF_RUN3_V1/raw/MONASH/hf_MONASH_job973.root
SIGMAB_COUNTS tag=MONASH species=Lambda_b0 pdg=5122 slice=eta_1_2 p=73 a=76 file=/data/alice/ipardoza/hadronization_production/HF_RUN3_V1/raw/MONASH/hf_MONASH_job973.root
SIGMAB_COUNTS tag=MONASH species=Lambda_b0 pdg=5122 slice=eta_ge_2 p=180 a=193 file=/data/alice/ipardoza/hadronization_production/HF_RUN3_V1/raw/MONASH/hf_MONASH_job973.root
SIGMAB_COUNTS tag=MONASH species=Xi_b0 pdg=5232 slice=all p=69 a=54 file=/data/alice/ipardoza/hadronization_production/HF_RUN3_V1/raw/MONASH/hf_MONASH_job973.root
SIGMAB_COUNTS tag=MONASH species=Xi_b0 pdg=5232 slice=eta_lt_1 p=6 a=4 file=/data/alice/ipardoza/hadronization_production/HF_RUN3_V1/raw/MONASH/hf_MONASH_job973.root
SIGMAB_COUNTS tag=MONASH species=Xi_b0 pdg=5232 slice=eta_1_2 p=17 a=19 file=/data/alice/ipardoza/hadronization_production/HF_RUN3_V1/raw/MONASH/hf_MONASH_job973.root
SIGMAB_COUNTS tag=MONASH species=Xi_b0 pdg=5232 slice=eta_ge_2 p=46 a=31 file=/data/alice/ipardoza/hadronization_production/HF_RUN3_V1/raw/MONASH/hf_MONASH_job973.root
SIGMAB_COUNTS tag=MONASH species=Xi_b- pdg=5132 slice=all p=72 a=50 file=/data/alice/ipardoza/hadronization_production/HF_RUN3_V1/raw/MONASH/hf_MONASH_job973.root
SIGMAB_COUNTS tag=MONASH species=Xi_b- pdg=5132 slice=eta_lt_1 p=10 a=8 file=/data/alice/ipardoza/hadronization_production/HF_RUN3_V1/raw/MONASH/hf_MONASH_job973.root
SIGMAB_COUNTS tag=MONASH species=Xi_b- pdg=5132 slice=eta_1_2 p=19 a=10 file=/data/alice/ipardoza/hadronization_production/HF_RUN3_V1/raw/MONASH/hf_MONASH_job973.root
SIGMAB_COUNTS tag=MONASH species=Xi_b- pdg=5132 slice=eta_ge_2 p=43 a=32 file=/data/alice/ipardoza/hadronization_production/HF_RUN3_V1/raw/MONASH/hf_MONASH_job973.root
SIGMAB_COUNTS tag=MONASH species=Sigma_b+ pdg=5222 slice=all p=41 a=14 file=/data/alice/ipardoza/hadronization_production/HF_RUN3_V1/raw/MONASH/hf_MONASH_job974.root
SIGMAB_COUNTS tag=MONASH species=Sigma_b+ pdg=5222 slice=eta_lt_1 p=5 a=4 file=/data/alice/ipardoza/hadronization_production/HF_RUN3_V1/raw/MONASH/hf_MONASH_job974.root
SIGMAB_COUNTS tag=MONASH species=Sigma_b+ pdg=5222 slice=eta_1_2 p=11 a=1 file=/data/alice/ipardoza/hadronization_production/HF_RUN3_V1/raw/MONASH/hf_MONASH_job974.root
SIGMAB_COUNTS tag=MONASH species=Sigma_b+ pdg=5222 slice=eta_ge_2 p=25 a=9 file=/data/alice/ipardoza/hadronization_production/HF_RUN3_V1/raw/MONASH/hf_MONASH_job974.root
SIGMAB_COUNTS tag=MONASH species=Sigma_b0 pdg=5212 slice=all p=32 a=18 file=/data/alice/ipardoza/hadronization_production/HF_RUN3_V1/raw/MONASH/hf_MONASH_job974.root
SIGMAB_COUNTS tag=MONASH species=Sigma_b0 pdg=5212 slice=eta_lt_1 p=8 a=2 file=/data/alice/ipardoza/hadronization_production/HF_RUN3_V1/raw/MONASH/hf_MONASH_job974.root
SIGMAB_COUNTS tag=MONASH species=Sigma_b0 pdg=5212 slice=eta_1_2 p=5 a=2 file=/data/alice/ipardoza/hadronization_production/HF_RUN3_V1/raw/MONASH/hf_MONASH_job974.root
SIGMAB_COUNTS tag=MONASH species=Sigma_b0 pdg=5212 slice=eta_ge_2 p=19 a=14 file=/data/alice/ipardoza/hadronization_production/HF_RUN3_V1/raw/MONASH/hf_MONASH_job974.root
SIGMAB_COUNTS tag=MONASH species=Sigma_b- pdg=5112 slice=all p=35 a=22 file=/data/alice/ipardoza/hadronization_production/HF_RUN3_V1/raw/MONASH/hf_MONASH_job974.root
SIGMAB_COUNTS tag=MONASH species=Sigma_b- pdg=5112 slice=eta_lt_1 p=7 a=2 file=/data/alice/ipardoza/hadronization_production/HF_RUN3_V1/raw/MONASH/hf_MONASH_job974.root
SIGMAB_COUNTS tag=MONASH species=Sigma_b- pdg=5112 slice=eta_1_2 p=9 a=2 file=/data/alice/ipardoza/hadronization_production/HF_RUN3_V1/raw/MONASH/hf_MONASH_job974.root
SIGMAB_COUNTS tag=MONASH species=Sigma_b- pdg=5112 slice=eta_ge_2 p=19 a=18 file=/data/alice/ipardoza/hadronization_production/HF_RUN3_V1/raw/MONASH/hf_MONASH_job974.root
SIGMAB_COUNTS tag=MONASH species=Sigma*_b+ pdg=5224 slice=all p=51 a=31 file=/data/alice/ipardoza/hadronization_production/HF_RUN3_V1/raw/MONASH/hf_MONASH_job974.root
SIGMAB_COUNTS tag=MONASH species=Sigma*_b+ pdg=5224 slice=eta_lt_1 p=8 a=6 file=/data/alice/ipardoza/hadronization_production/HF_RUN3_V1/raw/MONASH/hf_MONASH_job974.root
SIGMAB_COUNTS tag=MONASH species=Sigma*_b+ pdg=5224 slice=eta_1_2 p=8 a=11 file=/data/alice/ipardoza/hadronization_production/HF_RUN3_V1/raw/MONASH/hf_MONASH_job974.root
SIGMAB_COUNTS tag=MONASH species=Sigma*_b+ pdg=5224 slice=eta_ge_2 p=35 a=14 file=/data/alice/ipardoza/hadronization_production/HF_RUN3_V1/raw/MONASH/hf_MONASH_job974.root
SIGMAB_COUNTS tag=MONASH species=Sigma*_b0 pdg=5214 slice=all p=63 a=43 file=/data/alice/ipardoza/hadronization_production/HF_RUN3_V1/raw/MONASH/hf_MONASH_job974.root
SIGMAB_COUNTS tag=MONASH species=Sigma*_b0 pdg=5214 slice=eta_lt_1 p=12 a=13 file=/data/alice/ipardoza/hadronization_production/HF_RUN3_V1/raw/MONASH/hf_MONASH_job974.root
SIGMAB_COUNTS tag=MONASH species=Sigma*_b0 pdg=5214 slice=eta_1_2 p=17 a=10 file=/data/alice/ipardoza/hadronization_production/HF_RUN3_V1/raw/MONASH/hf_MONASH_job974.root
SIGMAB_COUNTS tag=MONASH species=Sigma*_b0 pdg=5214 slice=eta_ge_2 p=34 a=20 file=/data/alice/ipardoza/hadronization_production/HF_RUN3_V1/raw/MONASH/hf_MONASH_job974.root
SIGMAB_COUNTS tag=MONASH species=Sigma*_b- pdg=5114 slice=all p=55 a=38 file=/data/alice/ipardoza/hadronization_production/HF_RUN3_V1/raw/MONASH/hf_MONASH_job974.root
SIGMAB_COUNTS tag=MONASH species=Sigma*_b- pdg=5114 slice=eta_lt_1 p=8 a=5 file=/data/alice/ipardoza/hadronization_production/HF_RUN3_V1/raw/MONASH/hf_MONASH_job974.root
SIGMAB_COUNTS tag=MONASH species=Sigma*_b- pdg=5114 slice=eta_1_2 p=9 a=7 file=/data/alice/ipardoza/hadronization_production/HF_RUN3_V1/raw/MONASH/hf_MONASH_job974.root
SIGMAB_COUNTS tag=MONASH species=Sigma*_b- pdg=5114 slice=eta_ge_2 p=38 a=26 file=/data/alice/ipardoza/hadronization_production/HF_RUN3_V1/raw/MONASH/hf_MONASH_job974.root
SIGMAB_COUNTS tag=MONASH species=Lambda_b0 pdg=5122 slice=all p=308 a=329 file=/data/alice/ipardoza/hadronization_production/HF_RUN3_V1/raw/MONASH/hf_MONASH_job974.root
SIGMAB_COUNTS tag=MONASH species=Lambda_b0 pdg=5122 slice=eta_lt_1 p=66 a=62 file=/data/alice/ipardoza/hadronization_production/HF_RUN3_V1/raw/MONASH/hf_MONASH_job974.root
SIGMAB_COUNTS tag=MONASH species=Lambda_b0 pdg=5122 slice=eta_1_2 p=64 a=63 file=/data/alice/ipardoza/hadronization_production/HF_RUN3_V1/raw/MONASH/hf_MONASH_job974.root
SIGMAB_COUNTS tag=MONASH species=Lambda_b0 pdg=5122 slice=eta_ge_2 p=178 a=204 file=/data/alice/ipardoza/hadronization_production/HF_RUN3_V1/raw/MONASH/hf_MONASH_job974.root
SIGMAB_COUNTS tag=MONASH species=Xi_b0 pdg=5232 slice=all p=59 a=45 file=/data/alice/ipardoza/hadronization_production/HF_RUN3_V1/raw/MONASH/hf_MONASH_job974.root
SIGMAB_COUNTS tag=MONASH species=Xi_b0 pdg=5232 slice=eta_lt_1 p=4 a=7 file=/data/alice/ipardoza/hadronization_production/HF_RUN3_V1/raw/MONASH/hf_MONASH_job974.root
SIGMAB_COUNTS tag=MONASH species=Xi_b0 pdg=5232 slice=eta_1_2 p=16 a=9 file=/data/alice/ipardoza/hadronization_production/HF_RUN3_V1/raw/MONASH/hf_MONASH_job974.root
SIGMAB_COUNTS tag=MONASH species=Xi_b0 pdg=5232 slice=eta_ge_2 p=39 a=29 file=/data/alice/ipardoza/hadronization_production/HF_RUN3_V1/raw/MONASH/hf_MONASH_job974.root
SIGMAB_COUNTS tag=MONASH species=Xi_b- pdg=5132 slice=all p=59 a=57 file=/data/alice/ipardoza/hadronization_production/HF_RUN3_V1/raw/MONASH/hf_MONASH_job974.root
SIGMAB_COUNTS tag=MONASH species=Xi_b- pdg=5132 slice=eta_lt_1 p=13 a=11 file=/data/alice/ipardoza/hadronization_production/HF_RUN3_V1/raw/MONASH/hf_MONASH_job974.root
SIGMAB_COUNTS tag=MONASH species=Xi_b- pdg=5132 slice=eta_1_2 p=12 a=14 file=/data/alice/ipardoza/hadronization_production/HF_RUN3_V1/raw/MONASH/hf_MONASH_job974.root
SIGMAB_COUNTS tag=MONASH species=Xi_b- pdg=5132 slice=eta_ge_2 p=34 a=32 file=/data/alice/ipardoza/hadronization_production/HF_RUN3_V1/raw/MONASH/hf_MONASH_job974.root
SIGMAB_COUNTS tag=MONASH species=Sigma_b+ pdg=5222 slice=all p=35 a=23 file=/data/alice/ipardoza/hadronization_production/HF_RUN3_V1/raw/MONASH/hf_MONASH_job975.root
SIGMAB_COUNTS tag=MONASH species=Sigma_b+ pdg=5222 slice=eta_lt_1 p=6 a=3 file=/data/alice/ipardoza/hadronization_production/HF_RUN3_V1/raw/MONASH/hf_MONASH_job975.root
SIGMAB_COUNTS tag=MONASH species=Sigma_b+ pdg=5222 slice=eta_1_2 p=1 a=5 file=/data/alice/ipardoza/hadronization_production/HF_RUN3_V1/raw/MONASH/hf_MONASH_job975.root
SIGMAB_COUNTS tag=MONASH species=Sigma_b+ pdg=5222 slice=eta_ge_2 p=28 a=15 file=/data/alice/ipardoza/hadronization_production/HF_RUN3_V1/raw/MONASH/hf_MONASH_job975.root
SIGMAB_COUNTS tag=MONASH species=Sigma_b0 pdg=5212 slice=all p=22 a=21 file=/data/alice/ipardoza/hadronization_production/HF_RUN3_V1/raw/MONASH/hf_MONASH_job975.root
SIGMAB_COUNTS tag=MONASH species=Sigma_b0 pdg=5212 slice=eta_lt_1 p=4 a=5 file=/data/alice/ipardoza/hadronization_production/HF_RUN3_V1/raw/MONASH/hf_MONASH_job975.root
SIGMAB_COUNTS tag=MONASH species=Sigma_b0 pdg=5212 slice=eta_1_2 p=7 a=5 file=/data/alice/ipardoza/hadronization_production/HF_RUN3_V1/raw/MONASH/hf_MONASH_job975.root
SIGMAB_COUNTS tag=MONASH species=Sigma_b0 pdg=5212 slice=eta_ge_2 p=11 a=11 file=/data/alice/ipardoza/hadronization_production/HF_RUN3_V1/raw/MONASH/hf_MONASH_job975.root
SIGMAB_COUNTS tag=MONASH species=Sigma_b- pdg=5112 slice=all p=33 a=21 file=/data/alice/ipardoza/hadronization_production/HF_RUN3_V1/raw/MONASH/hf_MONASH_job975.root
SIGMAB_COUNTS tag=MONASH species=Sigma_b- pdg=5112 slice=eta_lt_1 p=9 a=2 file=/data/alice/ipardoza/hadronization_production/HF_RUN3_V1/raw/MONASH/hf_MONASH_job975.root
SIGMAB_COUNTS tag=MONASH species=Sigma_b- pdg=5112 slice=eta_1_2 p=6 a=4 file=/data/alice/ipardoza/hadronization_production/HF_RUN3_V1/raw/MONASH/hf_MONASH_job975.root
SIGMAB_COUNTS tag=MONASH species=Sigma_b- pdg=5112 slice=eta_ge_2 p=18 a=15 file=/data/alice/ipardoza/hadronization_production/HF_RUN3_V1/raw/MONASH/hf_MONASH_job975.root
SIGMAB_COUNTS tag=MONASH species=Sigma*_b+ pdg=5224 slice=all p=41 a=35 file=/data/alice/ipardoza/hadronization_production/HF_RUN3_V1/raw/MONASH/hf_MONASH_job975.root
SIGMAB_COUNTS tag=MONASH species=Sigma*_b+ pdg=5224 slice=eta_lt_1 p=13 a=4 file=/data/alice/ipardoza/hadronization_production/HF_RUN3_V1/raw/MONASH/hf_MONASH_job975.root
SIGMAB_COUNTS tag=MONASH species=Sigma*_b+ pdg=5224 slice=eta_1_2 p=2 a=9 file=/data/alice/ipardoza/hadronization_production/HF_RUN3_V1/raw/MONASH/hf_MONASH_job975.root
SIGMAB_COUNTS tag=MONASH species=Sigma*_b+ pdg=5224 slice=eta_ge_2 p=26 a=22 file=/data/alice/ipardoza/hadronization_production/HF_RUN3_V1/raw/MONASH/hf_MONASH_job975.root
SIGMAB_COUNTS tag=MONASH species=Sigma*_b0 pdg=5214 slice=all p=46 a=29 file=/data/alice/ipardoza/hadronization_production/HF_RUN3_V1/raw/MONASH/hf_MONASH_job975.root
SIGMAB_COUNTS tag=MONASH species=Sigma*_b0 pdg=5214 slice=eta_lt_1 p=9 a=2 file=/data/alice/ipardoza/hadronization_production/HF_RUN3_V1/raw/MONASH/hf_MONASH_job975.root
SIGMAB_COUNTS tag=MONASH species=Sigma*_b0 pdg=5214 slice=eta_1_2 p=10 a=7 file=/data/alice/ipardoza/hadronization_production/HF_RUN3_V1/raw/MONASH/hf_MONASH_job975.root
SIGMAB_COUNTS tag=MONASH species=Sigma*_b0 pdg=5214 slice=eta_ge_2 p=27 a=20 file=/data/alice/ipardoza/hadronization_production/HF_RUN3_V1/raw/MONASH/hf_MONASH_job975.root
SIGMAB_COUNTS tag=MONASH species=Sigma*_b- pdg=5114 slice=all p=52 a=50 file=/data/alice/ipardoza/hadronization_production/HF_RUN3_V1/raw/MONASH/hf_MONASH_job975.root
SIGMAB_COUNTS tag=MONASH species=Sigma*_b- pdg=5114 slice=eta_lt_1 p=9 a=16 file=/data/alice/ipardoza/hadronization_production/HF_RUN3_V1/raw/MONASH/hf_MONASH_job975.root
SIGMAB_COUNTS tag=MONASH species=Sigma*_b- pdg=5114 slice=eta_1_2 p=14 a=9 file=/data/alice/ipardoza/hadronization_production/HF_RUN3_V1/raw/MONASH/hf_MONASH_job975.root
SIGMAB_COUNTS tag=MONASH species=Sigma*_b- pdg=5114 slice=eta_ge_2 p=29 a=25 file=/data/alice/ipardoza/hadronization_production/HF_RUN3_V1/raw/MONASH/hf_MONASH_job975.root
SIGMAB_COUNTS tag=MONASH species=Lambda_b0 pdg=5122 slice=all p=312 a=309 file=/data/alice/ipardoza/hadronization_production/HF_RUN3_V1/raw/MONASH/hf_MONASH_job975.root
SIGMAB_COUNTS tag=MONASH species=Lambda_b0 pdg=5122 slice=eta_lt_1 p=65 a=63 file=/data/alice/ipardoza/hadronization_production/HF_RUN3_V1/raw/MONASH/hf_MONASH_job975.root
SIGMAB_COUNTS tag=MONASH species=Lambda_b0 pdg=5122 slice=eta_1_2 p=63 a=62 file=/data/alice/ipardoza/hadronization_production/HF_RUN3_V1/raw/MONASH/hf_MONASH_job975.root
SIGMAB_COUNTS tag=MONASH species=Lambda_b0 pdg=5122 slice=eta_ge_2 p=184 a=184 file=/data/alice/ipardoza/hadronization_production/HF_RUN3_V1/raw/MONASH/hf_MONASH_job975.root
SIGMAB_COUNTS tag=MONASH species=Xi_b0 pdg=5232 slice=all p=60 a=69 file=/data/alice/ipardoza/hadronization_production/HF_RUN3_V1/raw/MONASH/hf_MONASH_job975.root
SIGMAB_COUNTS tag=MONASH species=Xi_b0 pdg=5232 slice=eta_lt_1 p=9 a=10 file=/data/alice/ipardoza/hadronization_production/HF_RUN3_V1/raw/MONASH/hf_MONASH_job975.root
SIGMAB_COUNTS tag=MONASH species=Xi_b0 pdg=5232 slice=eta_1_2 p=16 a=9 file=/data/alice/ipardoza/hadronization_production/HF_RUN3_V1/raw/MONASH/hf_MONASH_job975.root
SIGMAB_COUNTS tag=MONASH species=Xi_b0 pdg=5232 slice=eta_ge_2 p=35 a=50 file=/data/alice/ipardoza/hadronization_production/HF_RUN3_V1/raw/MONASH/hf_MONASH_job975.root
SIGMAB_COUNTS tag=MONASH species=Xi_b- pdg=5132 slice=all p=53 a=62 file=/data/alice/ipardoza/hadronization_production/HF_RUN3_V1/raw/MONASH/hf_MONASH_job975.root
SIGMAB_COUNTS tag=MONASH species=Xi_b- pdg=5132 slice=eta_lt_1 p=14 a=11 file=/data/alice/ipardoza/hadronization_production/HF_RUN3_V1/raw/MONASH/hf_MONASH_job975.root
SIGMAB_COUNTS tag=MONASH species=Xi_b- pdg=5132 slice=eta_1_2 p=7 a=6 file=/data/alice/ipardoza/hadronization_production/HF_RUN3_V1/raw/MONASH/hf_MONASH_job975.root
SIGMAB_COUNTS tag=MONASH species=Xi_b- pdg=5132 slice=eta_ge_2 p=32 a=45 file=/data/alice/ipardoza/hadronization_production/HF_RUN3_V1/raw/MONASH/hf_MONASH_job975.root
SIGMAB_COUNTS tag=MONASH species=Sigma_b+ pdg=5222 slice=all p=32 a=24 file=/data/alice/ipardoza/hadronization_production/HF_RUN3_V1/raw/MONASH/hf_MONASH_job976.root
SIGMAB_COUNTS tag=MONASH species=Sigma_b+ pdg=5222 slice=eta_lt_1 p=6 a=7 file=/data/alice/ipardoza/hadronization_production/HF_RUN3_V1/raw/MONASH/hf_MONASH_job976.root
SIGMAB_COUNTS tag=MONASH species=Sigma_b+ pdg=5222 slice=eta_1_2 p=4 a=2 file=/data/alice/ipardoza/hadronization_production/HF_RUN3_V1/raw/MONASH/hf_MONASH_job976.root
SIGMAB_COUNTS tag=MONASH species=Sigma_b+ pdg=5222 slice=eta_ge_2 p=22 a=15 file=/data/alice/ipardoza/hadronization_production/HF_RUN3_V1/raw/MONASH/hf_MONASH_job976.root
SIGMAB_COUNTS tag=MONASH species=Sigma_b0 pdg=5212 slice=all p=43 a=15 file=/data/alice/ipardoza/hadronization_production/HF_RUN3_V1/raw/MONASH/hf_MONASH_job976.root
SIGMAB_COUNTS tag=MONASH species=Sigma_b0 pdg=5212 slice=eta_lt_1 p=3 a=2 file=/data/alice/ipardoza/hadronization_production/HF_RUN3_V1/raw/MONASH/hf_MONASH_job976.root
SIGMAB_COUNTS tag=MONASH species=Sigma_b0 pdg=5212 slice=eta_1_2 p=13 a=4 file=/data/alice/ipardoza/hadronization_production/HF_RUN3_V1/raw/MONASH/hf_MONASH_job976.root
SIGMAB_COUNTS tag=MONASH species=Sigma_b0 pdg=5212 slice=eta_ge_2 p=27 a=9 file=/data/alice/ipardoza/hadronization_production/HF_RUN3_V1/raw/MONASH/hf_MONASH_job976.root
SIGMAB_COUNTS tag=MONASH species=Sigma_b- pdg=5112 slice=all p=32 a=21 file=/data/alice/ipardoza/hadronization_production/HF_RUN3_V1/raw/MONASH/hf_MONASH_job976.root
SIGMAB_COUNTS tag=MONASH species=Sigma_b- pdg=5112 slice=eta_lt_1 p=5 a=3 file=/data/alice/ipardoza/hadronization_production/HF_RUN3_V1/raw/MONASH/hf_MONASH_job976.root
SIGMAB_COUNTS tag=MONASH species=Sigma_b- pdg=5112 slice=eta_1_2 p=8 a=7 file=/data/alice/ipardoza/hadronization_production/HF_RUN3_V1/raw/MONASH/hf_MONASH_job976.root
SIGMAB_COUNTS tag=MONASH species=Sigma_b- pdg=5112 slice=eta_ge_2 p=19 a=11 file=/data/alice/ipardoza/hadronization_production/HF_RUN3_V1/raw/MONASH/hf_MONASH_job976.root
SIGMAB_COUNTS tag=MONASH species=Sigma*_b+ pdg=5224 slice=all p=48 a=43 file=/data/alice/ipardoza/hadronization_production/HF_RUN3_V1/raw/MONASH/hf_MONASH_job976.root
SIGMAB_COUNTS tag=MONASH species=Sigma*_b+ pdg=5224 slice=eta_lt_1 p=10 a=4 file=/data/alice/ipardoza/hadronization_production/HF_RUN3_V1/raw/MONASH/hf_MONASH_job976.root
SIGMAB_COUNTS tag=MONASH species=Sigma*_b+ pdg=5224 slice=eta_1_2 p=10 a=8 file=/data/alice/ipardoza/hadronization_production/HF_RUN3_V1/raw/MONASH/hf_MONASH_job976.root
SIGMAB_COUNTS tag=MONASH species=Sigma*_b+ pdg=5224 slice=eta_ge_2 p=28 a=31 file=/data/alice/ipardoza/hadronization_production/HF_RUN3_V1/raw/MONASH/hf_MONASH_job976.root
SIGMAB_COUNTS tag=MONASH species=Sigma*_b0 pdg=5214 slice=all p=53 a=23 file=/data/alice/ipardoza/hadronization_production/HF_RUN3_V1/raw/MONASH/hf_MONASH_job976.root
SIGMAB_COUNTS tag=MONASH species=Sigma*_b0 pdg=5214 slice=eta_lt_1 p=7 a=4 file=/data/alice/ipardoza/hadronization_production/HF_RUN3_V1/raw/MONASH/hf_MONASH_job976.root
SIGMAB_COUNTS tag=MONASH species=Sigma*_b0 pdg=5214 slice=eta_1_2 p=10 a=11 file=/data/alice/ipardoza/hadronization_production/HF_RUN3_V1/raw/MONASH/hf_MONASH_job976.root
SIGMAB_COUNTS tag=MONASH species=Sigma*_b0 pdg=5214 slice=eta_ge_2 p=36 a=8 file=/data/alice/ipardoza/hadronization_production/HF_RUN3_V1/raw/MONASH/hf_MONASH_job976.root
SIGMAB_COUNTS tag=MONASH species=Sigma*_b- pdg=5114 slice=all p=49 a=52 file=/data/alice/ipardoza/hadronization_production/HF_RUN3_V1/raw/MONASH/hf_MONASH_job976.root
SIGMAB_COUNTS tag=MONASH species=Sigma*_b- pdg=5114 slice=eta_lt_1 p=7 a=7 file=/data/alice/ipardoza/hadronization_production/HF_RUN3_V1/raw/MONASH/hf_MONASH_job976.root
SIGMAB_COUNTS tag=MONASH species=Sigma*_b- pdg=5114 slice=eta_1_2 p=10 a=11 file=/data/alice/ipardoza/hadronization_production/HF_RUN3_V1/raw/MONASH/hf_MONASH_job976.root
SIGMAB_COUNTS tag=MONASH species=Sigma*_b- pdg=5114 slice=eta_ge_2 p=32 a=34 file=/data/alice/ipardoza/hadronization_production/HF_RUN3_V1/raw/MONASH/hf_MONASH_job976.root
SIGMAB_COUNTS tag=MONASH species=Lambda_b0 pdg=5122 slice=all p=295 a=326 file=/data/alice/ipardoza/hadronization_production/HF_RUN3_V1/raw/MONASH/hf_MONASH_job976.root
SIGMAB_COUNTS tag=MONASH species=Lambda_b0 pdg=5122 slice=eta_lt_1 p=59 a=59 file=/data/alice/ipardoza/hadronization_production/HF_RUN3_V1/raw/MONASH/hf_MONASH_job976.root
SIGMAB_COUNTS tag=MONASH species=Lambda_b0 pdg=5122 slice=eta_1_2 p=62 a=78 file=/data/alice/ipardoza/hadronization_production/HF_RUN3_V1/raw/MONASH/hf_MONASH_job976.root
SIGMAB_COUNTS tag=MONASH species=Lambda_b0 pdg=5122 slice=eta_ge_2 p=174 a=189 file=/data/alice/ipardoza/hadronization_production/HF_RUN3_V1/raw/MONASH/hf_MONASH_job976.root
SIGMAB_COUNTS tag=MONASH species=Xi_b0 pdg=5232 slice=all p=34 a=60 file=/data/alice/ipardoza/hadronization_production/HF_RUN3_V1/raw/MONASH/hf_MONASH_job976.root
SIGMAB_COUNTS tag=MONASH species=Xi_b0 pdg=5232 slice=eta_lt_1 p=4 a=10 file=/data/alice/ipardoza/hadronization_production/HF_RUN3_V1/raw/MONASH/hf_MONASH_job976.root
SIGMAB_COUNTS tag=MONASH species=Xi_b0 pdg=5232 slice=eta_1_2 p=6 a=12 file=/data/alice/ipardoza/hadronization_production/HF_RUN3_V1/raw/MONASH/hf_MONASH_job976.root
SIGMAB_COUNTS tag=MONASH species=Xi_b0 pdg=5232 slice=eta_ge_2 p=24 a=38 file=/data/alice/ipardoza/hadronization_production/HF_RUN3_V1/raw/MONASH/hf_MONASH_job976.root
SIGMAB_COUNTS tag=MONASH species=Xi_b- pdg=5132 slice=all p=53 a=59 file=/data/alice/ipardoza/hadronization_production/HF_RUN3_V1/raw/MONASH/hf_MONASH_job976.root
SIGMAB_COUNTS tag=MONASH species=Xi_b- pdg=5132 slice=eta_lt_1 p=8 a=10 file=/data/alice/ipardoza/hadronization_production/HF_RUN3_V1/raw/MONASH/hf_MONASH_job976.root
SIGMAB_COUNTS tag=MONASH species=Xi_b- pdg=5132 slice=eta_1_2 p=13 a=11 file=/data/alice/ipardoza/hadronization_production/HF_RUN3_V1/raw/MONASH/hf_MONASH_job976.root
SIGMAB_COUNTS tag=MONASH species=Xi_b- pdg=5132 slice=eta_ge_2 p=32 a=38 file=/data/alice/ipardoza/hadronization_production/HF_RUN3_V1/raw/MONASH/hf_MONASH_job976.root
SIGMAB_COUNTS tag=MONASH species=Sigma_b+ pdg=5222 slice=all p=39 a=23 file=/data/alice/ipardoza/hadronization_production/HF_RUN3_V1/raw/MONASH/hf_MONASH_job977.root
SIGMAB_COUNTS tag=MONASH species=Sigma_b+ pdg=5222 slice=eta_lt_1 p=6 a=2 file=/data/alice/ipardoza/hadronization_production/HF_RUN3_V1/raw/MONASH/hf_MONASH_job977.root
SIGMAB_COUNTS tag=MONASH species=Sigma_b+ pdg=5222 slice=eta_1_2 p=12 a=6 file=/data/alice/ipardoza/hadronization_production/HF_RUN3_V1/raw/MONASH/hf_MONASH_job977.root
SIGMAB_COUNTS tag=MONASH species=Sigma_b+ pdg=5222 slice=eta_ge_2 p=21 a=15 file=/data/alice/ipardoza/hadronization_production/HF_RUN3_V1/raw/MONASH/hf_MONASH_job977.root
SIGMAB_COUNTS tag=MONASH species=Sigma_b0 pdg=5212 slice=all p=23 a=16 file=/data/alice/ipardoza/hadronization_production/HF_RUN3_V1/raw/MONASH/hf_MONASH_job977.root
SIGMAB_COUNTS tag=MONASH species=Sigma_b0 pdg=5212 slice=eta_lt_1 p=4 a=3 file=/data/alice/ipardoza/hadronization_production/HF_RUN3_V1/raw/MONASH/hf_MONASH_job977.root
SIGMAB_COUNTS tag=MONASH species=Sigma_b0 pdg=5212 slice=eta_1_2 p=3 a=1 file=/data/alice/ipardoza/hadronization_production/HF_RUN3_V1/raw/MONASH/hf_MONASH_job977.root
SIGMAB_COUNTS tag=MONASH species=Sigma_b0 pdg=5212 slice=eta_ge_2 p=16 a=12 file=/data/alice/ipardoza/hadronization_production/HF_RUN3_V1/raw/MONASH/hf_MONASH_job977.root
SIGMAB_COUNTS tag=MONASH species=Sigma_b- pdg=5112 slice=all p=39 a=23 file=/data/alice/ipardoza/hadronization_production/HF_RUN3_V1/raw/MONASH/hf_MONASH_job977.root
SIGMAB_COUNTS tag=MONASH species=Sigma_b- pdg=5112 slice=eta_lt_1 p=1 a=3 file=/data/alice/ipardoza/hadronization_production/HF_RUN3_V1/raw/MONASH/hf_MONASH_job977.root
SIGMAB_COUNTS tag=MONASH species=Sigma_b- pdg=5112 slice=eta_1_2 p=10 a=4 file=/data/alice/ipardoza/hadronization_production/HF_RUN3_V1/raw/MONASH/hf_MONASH_job977.root
SIGMAB_COUNTS tag=MONASH species=Sigma_b- pdg=5112 slice=eta_ge_2 p=28 a=16 file=/data/alice/ipardoza/hadronization_production/HF_RUN3_V1/raw/MONASH/hf_MONASH_job977.root
SIGMAB_COUNTS tag=MONASH species=Sigma*_b+ pdg=5224 slice=all p=44 a=42 file=/data/alice/ipardoza/hadronization_production/HF_RUN3_V1/raw/MONASH/hf_MONASH_job977.root
SIGMAB_COUNTS tag=MONASH species=Sigma*_b+ pdg=5224 slice=eta_lt_1 p=10 a=11 file=/data/alice/ipardoza/hadronization_production/HF_RUN3_V1/raw/MONASH/hf_MONASH_job977.root
SIGMAB_COUNTS tag=MONASH species=Sigma*_b+ pdg=5224 slice=eta_1_2 p=10 a=7 file=/data/alice/ipardoza/hadronization_production/HF_RUN3_V1/raw/MONASH/hf_MONASH_job977.root
SIGMAB_COUNTS tag=MONASH species=Sigma*_b+ pdg=5224 slice=eta_ge_2 p=24 a=24 file=/data/alice/ipardoza/hadronization_production/HF_RUN3_V1/raw/MONASH/hf_MONASH_job977.root
SIGMAB_COUNTS tag=MONASH species=Sigma*_b0 pdg=5214 slice=all p=62 a=49 file=/data/alice/ipardoza/hadronization_production/HF_RUN3_V1/raw/MONASH/hf_MONASH_job977.root
SIGMAB_COUNTS tag=MONASH species=Sigma*_b0 pdg=5214 slice=eta_lt_1 p=14 a=16 file=/data/alice/ipardoza/hadronization_production/HF_RUN3_V1/raw/MONASH/hf_MONASH_job977.root
SIGMAB_COUNTS tag=MONASH species=Sigma*_b0 pdg=5214 slice=eta_1_2 p=15 a=4 file=/data/alice/ipardoza/hadronization_production/HF_RUN3_V1/raw/MONASH/hf_MONASH_job977.root
SIGMAB_COUNTS tag=MONASH species=Sigma*_b0 pdg=5214 slice=eta_ge_2 p=33 a=29 file=/data/alice/ipardoza/hadronization_production/HF_RUN3_V1/raw/MONASH/hf_MONASH_job977.root
SIGMAB_COUNTS tag=MONASH species=Sigma*_b- pdg=5114 slice=all p=48 a=44 file=/data/alice/ipardoza/hadronization_production/HF_RUN3_V1/raw/MONASH/hf_MONASH_job977.root
SIGMAB_COUNTS tag=MONASH species=Sigma*_b- pdg=5114 slice=eta_lt_1 p=7 a=12 file=/data/alice/ipardoza/hadronization_production/HF_RUN3_V1/raw/MONASH/hf_MONASH_job977.root
SIGMAB_COUNTS tag=MONASH species=Sigma*_b- pdg=5114 slice=eta_1_2 p=12 a=9 file=/data/alice/ipardoza/hadronization_production/HF_RUN3_V1/raw/MONASH/hf_MONASH_job977.root
SIGMAB_COUNTS tag=MONASH species=Sigma*_b- pdg=5114 slice=eta_ge_2 p=29 a=23 file=/data/alice/ipardoza/hadronization_production/HF_RUN3_V1/raw/MONASH/hf_MONASH_job977.root
SIGMAB_COUNTS tag=MONASH species=Lambda_b0 pdg=5122 slice=all p=319 a=321 file=/data/alice/ipardoza/hadronization_production/HF_RUN3_V1/raw/MONASH/hf_MONASH_job977.root
SIGMAB_COUNTS tag=MONASH species=Lambda_b0 pdg=5122 slice=eta_lt_1 p=81 a=54 file=/data/alice/ipardoza/hadronization_production/HF_RUN3_V1/raw/MONASH/hf_MONASH_job977.root
SIGMAB_COUNTS tag=MONASH species=Lambda_b0 pdg=5122 slice=eta_1_2 p=65 a=76 file=/data/alice/ipardoza/hadronization_production/HF_RUN3_V1/raw/MONASH/hf_MONASH_job977.root
SIGMAB_COUNTS tag=MONASH species=Lambda_b0 pdg=5122 slice=eta_ge_2 p=173 a=191 file=/data/alice/ipardoza/hadronization_production/HF_RUN3_V1/raw/MONASH/hf_MONASH_job977.root
SIGMAB_COUNTS tag=MONASH species=Xi_b0 pdg=5232 slice=all p=55 a=76 file=/data/alice/ipardoza/hadronization_production/HF_RUN3_V1/raw/MONASH/hf_MONASH_job977.root
SIGMAB_COUNTS tag=MONASH species=Xi_b0 pdg=5232 slice=eta_lt_1 p=9 a=9 file=/data/alice/ipardoza/hadronization_production/HF_RUN3_V1/raw/MONASH/hf_MONASH_job977.root
SIGMAB_COUNTS tag=MONASH species=Xi_b0 pdg=5232 slice=eta_1_2 p=13 a=18 file=/data/alice/ipardoza/hadronization_production/HF_RUN3_V1/raw/MONASH/hf_MONASH_job977.root
SIGMAB_COUNTS tag=MONASH species=Xi_b0 pdg=5232 slice=eta_ge_2 p=33 a=49 file=/data/alice/ipardoza/hadronization_production/HF_RUN3_V1/raw/MONASH/hf_MONASH_job977.root
SIGMAB_COUNTS tag=MONASH species=Xi_b- pdg=5132 slice=all p=53 a=51 file=/data/alice/ipardoza/hadronization_production/HF_RUN3_V1/raw/MONASH/hf_MONASH_job977.root
SIGMAB_COUNTS tag=MONASH species=Xi_b- pdg=5132 slice=eta_lt_1 p=9 a=13 file=/data/alice/ipardoza/hadronization_production/HF_RUN3_V1/raw/MONASH/hf_MONASH_job977.root
SIGMAB_COUNTS tag=MONASH species=Xi_b- pdg=5132 slice=eta_1_2 p=6 a=12 file=/data/alice/ipardoza/hadronization_production/HF_RUN3_V1/raw/MONASH/hf_MONASH_job977.root
SIGMAB_COUNTS tag=MONASH species=Xi_b- pdg=5132 slice=eta_ge_2 p=38 a=26 file=/data/alice/ipardoza/hadronization_production/HF_RUN3_V1/raw/MONASH/hf_MONASH_job977.root
SIGMAB_COUNTS tag=MONASH species=Sigma_b+ pdg=5222 slice=all p=39 a=24 file=/data/alice/ipardoza/hadronization_production/HF_RUN3_V1/raw/MONASH/hf_MONASH_job978.root
SIGMAB_COUNTS tag=MONASH species=Sigma_b+ pdg=5222 slice=eta_lt_1 p=4 a=9 file=/data/alice/ipardoza/hadronization_production/HF_RUN3_V1/raw/MONASH/hf_MONASH_job978.root
SIGMAB_COUNTS tag=MONASH species=Sigma_b+ pdg=5222 slice=eta_1_2 p=4 a=3 file=/data/alice/ipardoza/hadronization_production/HF_RUN3_V1/raw/MONASH/hf_MONASH_job978.root
SIGMAB_COUNTS tag=MONASH species=Sigma_b+ pdg=5222 slice=eta_ge_2 p=31 a=12 file=/data/alice/ipardoza/hadronization_production/HF_RUN3_V1/raw/MONASH/hf_MONASH_job978.root
SIGMAB_COUNTS tag=MONASH species=Sigma_b0 pdg=5212 slice=all p=34 a=23 file=/data/alice/ipardoza/hadronization_production/HF_RUN3_V1/raw/MONASH/hf_MONASH_job978.root
SIGMAB_COUNTS tag=MONASH species=Sigma_b0 pdg=5212 slice=eta_lt_1 p=7 a=5 file=/data/alice/ipardoza/hadronization_production/HF_RUN3_V1/raw/MONASH/hf_MONASH_job978.root
SIGMAB_COUNTS tag=MONASH species=Sigma_b0 pdg=5212 slice=eta_1_2 p=8 a=4 file=/data/alice/ipardoza/hadronization_production/HF_RUN3_V1/raw/MONASH/hf_MONASH_job978.root
SIGMAB_COUNTS tag=MONASH species=Sigma_b0 pdg=5212 slice=eta_ge_2 p=19 a=14 file=/data/alice/ipardoza/hadronization_production/HF_RUN3_V1/raw/MONASH/hf_MONASH_job978.root
SIGMAB_COUNTS tag=MONASH species=Sigma_b- pdg=5112 slice=all p=41 a=19 file=/data/alice/ipardoza/hadronization_production/HF_RUN3_V1/raw/MONASH/hf_MONASH_job978.root
SIGMAB_COUNTS tag=MONASH species=Sigma_b- pdg=5112 slice=eta_lt_1 p=9 a=1 file=/data/alice/ipardoza/hadronization_production/HF_RUN3_V1/raw/MONASH/hf_MONASH_job978.root
SIGMAB_COUNTS tag=MONASH species=Sigma_b- pdg=5112 slice=eta_1_2 p=7 a=4 file=/data/alice/ipardoza/hadronization_production/HF_RUN3_V1/raw/MONASH/hf_MONASH_job978.root
SIGMAB_COUNTS tag=MONASH species=Sigma_b- pdg=5112 slice=eta_ge_2 p=25 a=14 file=/data/alice/ipardoza/hadronization_production/HF_RUN3_V1/raw/MONASH/hf_MONASH_job978.root
SIGMAB_COUNTS tag=MONASH species=Sigma*_b+ pdg=5224 slice=all p=60 a=35 file=/data/alice/ipardoza/hadronization_production/HF_RUN3_V1/raw/MONASH/hf_MONASH_job978.root
SIGMAB_COUNTS tag=MONASH species=Sigma*_b+ pdg=5224 slice=eta_lt_1 p=8 a=7 file=/data/alice/ipardoza/hadronization_production/HF_RUN3_V1/raw/MONASH/hf_MONASH_job978.root
SIGMAB_COUNTS tag=MONASH species=Sigma*_b+ pdg=5224 slice=eta_1_2 p=5 a=9 file=/data/alice/ipardoza/hadronization_production/HF_RUN3_V1/raw/MONASH/hf_MONASH_job978.root
SIGMAB_COUNTS tag=MONASH species=Sigma*_b+ pdg=5224 slice=eta_ge_2 p=47 a=19 file=/data/alice/ipardoza/hadronization_production/HF_RUN3_V1/raw/MONASH/hf_MONASH_job978.root
SIGMAB_COUNTS tag=MONASH species=Sigma*_b0 pdg=5214 slice=all p=41 a=42 file=/data/alice/ipardoza/hadronization_production/HF_RUN3_V1/raw/MONASH/hf_MONASH_job978.root
SIGMAB_COUNTS tag=MONASH species=Sigma*_b0 pdg=5214 slice=eta_lt_1 p=8 a=10 file=/data/alice/ipardoza/hadronization_production/HF_RUN3_V1/raw/MONASH/hf_MONASH_job978.root
SIGMAB_COUNTS tag=MONASH species=Sigma*_b0 pdg=5214 slice=eta_1_2 p=10 a=6 file=/data/alice/ipardoza/hadronization_production/HF_RUN3_V1/raw/MONASH/hf_MONASH_job978.root
SIGMAB_COUNTS tag=MONASH species=Sigma*_b0 pdg=5214 slice=eta_ge_2 p=23 a=26 file=/data/alice/ipardoza/hadronization_production/HF_RUN3_V1/raw/MONASH/hf_MONASH_job978.root
SIGMAB_COUNTS tag=MONASH species=Sigma*_b- pdg=5114 slice=all p=62 a=39 file=/data/alice/ipardoza/hadronization_production/HF_RUN3_V1/raw/MONASH/hf_MONASH_job978.root
SIGMAB_COUNTS tag=MONASH species=Sigma*_b- pdg=5114 slice=eta_lt_1 p=9 a=4 file=/data/alice/ipardoza/hadronization_production/HF_RUN3_V1/raw/MONASH/hf_MONASH_job978.root
SIGMAB_COUNTS tag=MONASH species=Sigma*_b- pdg=5114 slice=eta_1_2 p=9 a=6 file=/data/alice/ipardoza/hadronization_production/HF_RUN3_V1/raw/MONASH/hf_MONASH_job978.root
SIGMAB_COUNTS tag=MONASH species=Sigma*_b- pdg=5114 slice=eta_ge_2 p=44 a=29 file=/data/alice/ipardoza/hadronization_production/HF_RUN3_V1/raw/MONASH/hf_MONASH_job978.root
SIGMAB_COUNTS tag=MONASH species=Lambda_b0 pdg=5122 slice=all p=294 a=304 file=/data/alice/ipardoza/hadronization_production/HF_RUN3_V1/raw/MONASH/hf_MONASH_job978.root
SIGMAB_COUNTS tag=MONASH species=Lambda_b0 pdg=5122 slice=eta_lt_1 p=51 a=55 file=/data/alice/ipardoza/hadronization_production/HF_RUN3_V1/raw/MONASH/hf_MONASH_job978.root
SIGMAB_COUNTS tag=MONASH species=Lambda_b0 pdg=5122 slice=eta_1_2 p=70 a=53 file=/data/alice/ipardoza/hadronization_production/HF_RUN3_V1/raw/MONASH/hf_MONASH_job978.root
SIGMAB_COUNTS tag=MONASH species=Lambda_b0 pdg=5122 slice=eta_ge_2 p=173 a=196 file=/data/alice/ipardoza/hadronization_production/HF_RUN3_V1/raw/MONASH/hf_MONASH_job978.root
SIGMAB_COUNTS tag=MONASH species=Xi_b0 pdg=5232 slice=all p=56 a=58 file=/data/alice/ipardoza/hadronization_production/HF_RUN3_V1/raw/MONASH/hf_MONASH_job978.root
SIGMAB_COUNTS tag=MONASH species=Xi_b0 pdg=5232 slice=eta_lt_1 p=8 a=15 file=/data/alice/ipardoza/hadronization_production/HF_RUN3_V1/raw/MONASH/hf_MONASH_job978.root
SIGMAB_COUNTS tag=MONASH species=Xi_b0 pdg=5232 slice=eta_1_2 p=11 a=12 file=/data/alice/ipardoza/hadronization_production/HF_RUN3_V1/raw/MONASH/hf_MONASH_job978.root
SIGMAB_COUNTS tag=MONASH species=Xi_b0 pdg=5232 slice=eta_ge_2 p=37 a=31 file=/data/alice/ipardoza/hadronization_production/HF_RUN3_V1/raw/MONASH/hf_MONASH_job978.root
SIGMAB_COUNTS tag=MONASH species=Xi_b- pdg=5132 slice=all p=56 a=62 file=/data/alice/ipardoza/hadronization_production/HF_RUN3_V1/raw/MONASH/hf_MONASH_job978.root
SIGMAB_COUNTS tag=MONASH species=Xi_b- pdg=5132 slice=eta_lt_1 p=10 a=9 file=/data/alice/ipardoza/hadronization_production/HF_RUN3_V1/raw/MONASH/hf_MONASH_job978.root
SIGMAB_COUNTS tag=MONASH species=Xi_b- pdg=5132 slice=eta_1_2 p=12 a=13 file=/data/alice/ipardoza/hadronization_production/HF_RUN3_V1/raw/MONASH/hf_MONASH_job978.root
SIGMAB_COUNTS tag=MONASH species=Xi_b- pdg=5132 slice=eta_ge_2 p=34 a=40 file=/data/alice/ipardoza/hadronization_production/HF_RUN3_V1/raw/MONASH/hf_MONASH_job978.root
SIGMAB_COUNTS tag=MONASH species=Sigma_b+ pdg=5222 slice=all p=37 a=28 file=/data/alice/ipardoza/hadronization_production/HF_RUN3_V1/raw/MONASH/hf_MONASH_job979.root
SIGMAB_COUNTS tag=MONASH species=Sigma_b+ pdg=5222 slice=eta_lt_1 p=8 a=2 file=/data/alice/ipardoza/hadronization_production/HF_RUN3_V1/raw/MONASH/hf_MONASH_job979.root
SIGMAB_COUNTS tag=MONASH species=Sigma_b+ pdg=5222 slice=eta_1_2 p=3 a=12 file=/data/alice/ipardoza/hadronization_production/HF_RUN3_V1/raw/MONASH/hf_MONASH_job979.root
SIGMAB_COUNTS tag=MONASH species=Sigma_b+ pdg=5222 slice=eta_ge_2 p=26 a=14 file=/data/alice/ipardoza/hadronization_production/HF_RUN3_V1/raw/MONASH/hf_MONASH_job979.root
SIGMAB_COUNTS tag=MONASH species=Sigma_b0 pdg=5212 slice=all p=21 a=32 file=/data/alice/ipardoza/hadronization_production/HF_RUN3_V1/raw/MONASH/hf_MONASH_job979.root
SIGMAB_COUNTS tag=MONASH species=Sigma_b0 pdg=5212 slice=eta_lt_1 p=3 a=5 file=/data/alice/ipardoza/hadronization_production/HF_RUN3_V1/raw/MONASH/hf_MONASH_job979.root
SIGMAB_COUNTS tag=MONASH species=Sigma_b0 pdg=5212 slice=eta_1_2 p=2 a=8 file=/data/alice/ipardoza/hadronization_production/HF_RUN3_V1/raw/MONASH/hf_MONASH_job979.root
SIGMAB_COUNTS tag=MONASH species=Sigma_b0 pdg=5212 slice=eta_ge_2 p=16 a=19 file=/data/alice/ipardoza/hadronization_production/HF_RUN3_V1/raw/MONASH/hf_MONASH_job979.root
SIGMAB_COUNTS tag=MONASH species=Sigma_b- pdg=5112 slice=all p=30 a=30 file=/data/alice/ipardoza/hadronization_production/HF_RUN3_V1/raw/MONASH/hf_MONASH_job979.root
SIGMAB_COUNTS tag=MONASH species=Sigma_b- pdg=5112 slice=eta_lt_1 p=5 a=7 file=/data/alice/ipardoza/hadronization_production/HF_RUN3_V1/raw/MONASH/hf_MONASH_job979.root
SIGMAB_COUNTS tag=MONASH species=Sigma_b- pdg=5112 slice=eta_1_2 p=6 a=5 file=/data/alice/ipardoza/hadronization_production/HF_RUN3_V1/raw/MONASH/hf_MONASH_job979.root
SIGMAB_COUNTS tag=MONASH species=Sigma_b- pdg=5112 slice=eta_ge_2 p=19 a=18 file=/data/alice/ipardoza/hadronization_production/HF_RUN3_V1/raw/MONASH/hf_MONASH_job979.root
SIGMAB_COUNTS tag=MONASH species=Sigma*_b+ pdg=5224 slice=all p=37 a=43 file=/data/alice/ipardoza/hadronization_production/HF_RUN3_V1/raw/MONASH/hf_MONASH_job979.root
SIGMAB_COUNTS tag=MONASH species=Sigma*_b+ pdg=5224 slice=eta_lt_1 p=7 a=8 file=/data/alice/ipardoza/hadronization_production/HF_RUN3_V1/raw/MONASH/hf_MONASH_job979.root
SIGMAB_COUNTS tag=MONASH species=Sigma*_b+ pdg=5224 slice=eta_1_2 p=5 a=7 file=/data/alice/ipardoza/hadronization_production/HF_RUN3_V1/raw/MONASH/hf_MONASH_job979.root
SIGMAB_COUNTS tag=MONASH species=Sigma*_b+ pdg=5224 slice=eta_ge_2 p=25 a=28 file=/data/alice/ipardoza/hadronization_production/HF_RUN3_V1/raw/MONASH/hf_MONASH_job979.root
SIGMAB_COUNTS tag=MONASH species=Sigma*_b0 pdg=5214 slice=all p=47 a=41 file=/data/alice/ipardoza/hadronization_production/HF_RUN3_V1/raw/MONASH/hf_MONASH_job979.root
SIGMAB_COUNTS tag=MONASH species=Sigma*_b0 pdg=5214 slice=eta_lt_1 p=7 a=11 file=/data/alice/ipardoza/hadronization_production/HF_RUN3_V1/raw/MONASH/hf_MONASH_job979.root
SIGMAB_COUNTS tag=MONASH species=Sigma*_b0 pdg=5214 slice=eta_1_2 p=10 a=7 file=/data/alice/ipardoza/hadronization_production/HF_RUN3_V1/raw/MONASH/hf_MONASH_job979.root
SIGMAB_COUNTS tag=MONASH species=Sigma*_b0 pdg=5214 slice=eta_ge_2 p=30 a=23 file=/data/alice/ipardoza/hadronization_production/HF_RUN3_V1/raw/MONASH/hf_MONASH_job979.root
SIGMAB_COUNTS tag=MONASH species=Sigma*_b- pdg=5114 slice=all p=50 a=40 file=/data/alice/ipardoza/hadronization_production/HF_RUN3_V1/raw/MONASH/hf_MONASH_job979.root
SIGMAB_COUNTS tag=MONASH species=Sigma*_b- pdg=5114 slice=eta_lt_1 p=5 a=10 file=/data/alice/ipardoza/hadronization_production/HF_RUN3_V1/raw/MONASH/hf_MONASH_job979.root
SIGMAB_COUNTS tag=MONASH species=Sigma*_b- pdg=5114 slice=eta_1_2 p=9 a=12 file=/data/alice/ipardoza/hadronization_production/HF_RUN3_V1/raw/MONASH/hf_MONASH_job979.root
SIGMAB_COUNTS tag=MONASH species=Sigma*_b- pdg=5114 slice=eta_ge_2 p=36 a=18 file=/data/alice/ipardoza/hadronization_production/HF_RUN3_V1/raw/MONASH/hf_MONASH_job979.root
SIGMAB_COUNTS tag=MONASH species=Lambda_b0 pdg=5122 slice=all p=324 a=302 file=/data/alice/ipardoza/hadronization_production/HF_RUN3_V1/raw/MONASH/hf_MONASH_job979.root
SIGMAB_COUNTS tag=MONASH species=Lambda_b0 pdg=5122 slice=eta_lt_1 p=51 a=70 file=/data/alice/ipardoza/hadronization_production/HF_RUN3_V1/raw/MONASH/hf_MONASH_job979.root
SIGMAB_COUNTS tag=MONASH species=Lambda_b0 pdg=5122 slice=eta_1_2 p=79 a=52 file=/data/alice/ipardoza/hadronization_production/HF_RUN3_V1/raw/MONASH/hf_MONASH_job979.root
SIGMAB_COUNTS tag=MONASH species=Lambda_b0 pdg=5122 slice=eta_ge_2 p=194 a=180 file=/data/alice/ipardoza/hadronization_production/HF_RUN3_V1/raw/MONASH/hf_MONASH_job979.root
SIGMAB_COUNTS tag=MONASH species=Xi_b0 pdg=5232 slice=all p=61 a=51 file=/data/alice/ipardoza/hadronization_production/HF_RUN3_V1/raw/MONASH/hf_MONASH_job979.root
SIGMAB_COUNTS tag=MONASH species=Xi_b0 pdg=5232 slice=eta_lt_1 p=10 a=11 file=/data/alice/ipardoza/hadronization_production/HF_RUN3_V1/raw/MONASH/hf_MONASH_job979.root
SIGMAB_COUNTS tag=MONASH species=Xi_b0 pdg=5232 slice=eta_1_2 p=18 a=12 file=/data/alice/ipardoza/hadronization_production/HF_RUN3_V1/raw/MONASH/hf_MONASH_job979.root
SIGMAB_COUNTS tag=MONASH species=Xi_b0 pdg=5232 slice=eta_ge_2 p=33 a=28 file=/data/alice/ipardoza/hadronization_production/HF_RUN3_V1/raw/MONASH/hf_MONASH_job979.root
SIGMAB_COUNTS tag=MONASH species=Xi_b- pdg=5132 slice=all p=62 a=68 file=/data/alice/ipardoza/hadronization_production/HF_RUN3_V1/raw/MONASH/hf_MONASH_job979.root
SIGMAB_COUNTS tag=MONASH species=Xi_b- pdg=5132 slice=eta_lt_1 p=11 a=15 file=/data/alice/ipardoza/hadronization_production/HF_RUN3_V1/raw/MONASH/hf_MONASH_job979.root
SIGMAB_COUNTS tag=MONASH species=Xi_b- pdg=5132 slice=eta_1_2 p=10 a=11 file=/data/alice/ipardoza/hadronization_production/HF_RUN3_V1/raw/MONASH/hf_MONASH_job979.root
SIGMAB_COUNTS tag=MONASH species=Xi_b- pdg=5132 slice=eta_ge_2 p=41 a=42 file=/data/alice/ipardoza/hadronization_production/HF_RUN3_V1/raw/MONASH/hf_MONASH_job979.root
SIGMAB_COUNTS tag=MONASH species=Sigma_b+ pdg=5222 slice=all p=38 a=18 file=/data/alice/ipardoza/hadronization_production/HF_RUN3_V1/raw/MONASH/hf_MONASH_job980.root
SIGMAB_COUNTS tag=MONASH species=Sigma_b+ pdg=5222 slice=eta_lt_1 p=7 a=2 file=/data/alice/ipardoza/hadronization_production/HF_RUN3_V1/raw/MONASH/hf_MONASH_job980.root
SIGMAB_COUNTS tag=MONASH species=Sigma_b+ pdg=5222 slice=eta_1_2 p=5 a=5 file=/data/alice/ipardoza/hadronization_production/HF_RUN3_V1/raw/MONASH/hf_MONASH_job980.root
SIGMAB_COUNTS tag=MONASH species=Sigma_b+ pdg=5222 slice=eta_ge_2 p=26 a=11 file=/data/alice/ipardoza/hadronization_production/HF_RUN3_V1/raw/MONASH/hf_MONASH_job980.root
SIGMAB_COUNTS tag=MONASH species=Sigma_b0 pdg=5212 slice=all p=38 a=16 file=/data/alice/ipardoza/hadronization_production/HF_RUN3_V1/raw/MONASH/hf_MONASH_job980.root
SIGMAB_COUNTS tag=MONASH species=Sigma_b0 pdg=5212 slice=eta_lt_1 p=4 a=5 file=/data/alice/ipardoza/hadronization_production/HF_RUN3_V1/raw/MONASH/hf_MONASH_job980.root
SIGMAB_COUNTS tag=MONASH species=Sigma_b0 pdg=5212 slice=eta_1_2 p=4 a=2 file=/data/alice/ipardoza/hadronization_production/HF_RUN3_V1/raw/MONASH/hf_MONASH_job980.root
SIGMAB_COUNTS tag=MONASH species=Sigma_b0 pdg=5212 slice=eta_ge_2 p=30 a=9 file=/data/alice/ipardoza/hadronization_production/HF_RUN3_V1/raw/MONASH/hf_MONASH_job980.root
SIGMAB_COUNTS tag=MONASH species=Sigma_b- pdg=5112 slice=all p=38 a=21 file=/data/alice/ipardoza/hadronization_production/HF_RUN3_V1/raw/MONASH/hf_MONASH_job980.root
SIGMAB_COUNTS tag=MONASH species=Sigma_b- pdg=5112 slice=eta_lt_1 p=4 a=7 file=/data/alice/ipardoza/hadronization_production/HF_RUN3_V1/raw/MONASH/hf_MONASH_job980.root
SIGMAB_COUNTS tag=MONASH species=Sigma_b- pdg=5112 slice=eta_1_2 p=4 a=3 file=/data/alice/ipardoza/hadronization_production/HF_RUN3_V1/raw/MONASH/hf_MONASH_job980.root
SIGMAB_COUNTS tag=MONASH species=Sigma_b- pdg=5112 slice=eta_ge_2 p=30 a=11 file=/data/alice/ipardoza/hadronization_production/HF_RUN3_V1/raw/MONASH/hf_MONASH_job980.root
SIGMAB_COUNTS tag=MONASH species=Sigma*_b+ pdg=5224 slice=all p=40 a=51 file=/data/alice/ipardoza/hadronization_production/HF_RUN3_V1/raw/MONASH/hf_MONASH_job980.root
SIGMAB_COUNTS tag=MONASH species=Sigma*_b+ pdg=5224 slice=eta_lt_1 p=4 a=7 file=/data/alice/ipardoza/hadronization_production/HF_RUN3_V1/raw/MONASH/hf_MONASH_job980.root
SIGMAB_COUNTS tag=MONASH species=Sigma*_b+ pdg=5224 slice=eta_1_2 p=12 a=10 file=/data/alice/ipardoza/hadronization_production/HF_RUN3_V1/raw/MONASH/hf_MONASH_job980.root
SIGMAB_COUNTS tag=MONASH species=Sigma*_b+ pdg=5224 slice=eta_ge_2 p=24 a=34 file=/data/alice/ipardoza/hadronization_production/HF_RUN3_V1/raw/MONASH/hf_MONASH_job980.root
SIGMAB_COUNTS tag=MONASH species=Sigma*_b0 pdg=5214 slice=all p=53 a=32 file=/data/alice/ipardoza/hadronization_production/HF_RUN3_V1/raw/MONASH/hf_MONASH_job980.root
SIGMAB_COUNTS tag=MONASH species=Sigma*_b0 pdg=5214 slice=eta_lt_1 p=10 a=11 file=/data/alice/ipardoza/hadronization_production/HF_RUN3_V1/raw/MONASH/hf_MONASH_job980.root
SIGMAB_COUNTS tag=MONASH species=Sigma*_b0 pdg=5214 slice=eta_1_2 p=12 a=8 file=/data/alice/ipardoza/hadronization_production/HF_RUN3_V1/raw/MONASH/hf_MONASH_job980.root
SIGMAB_COUNTS tag=MONASH species=Sigma*_b0 pdg=5214 slice=eta_ge_2 p=31 a=13 file=/data/alice/ipardoza/hadronization_production/HF_RUN3_V1/raw/MONASH/hf_MONASH_job980.root
SIGMAB_COUNTS tag=MONASH species=Sigma*_b- pdg=5114 slice=all p=53 a=39 file=/data/alice/ipardoza/hadronization_production/HF_RUN3_V1/raw/MONASH/hf_MONASH_job980.root
SIGMAB_COUNTS tag=MONASH species=Sigma*_b- pdg=5114 slice=eta_lt_1 p=7 a=6 file=/data/alice/ipardoza/hadronization_production/HF_RUN3_V1/raw/MONASH/hf_MONASH_job980.root
SIGMAB_COUNTS tag=MONASH species=Sigma*_b- pdg=5114 slice=eta_1_2 p=12 a=6 file=/data/alice/ipardoza/hadronization_production/HF_RUN3_V1/raw/MONASH/hf_MONASH_job980.root
SIGMAB_COUNTS tag=MONASH species=Sigma*_b- pdg=5114 slice=eta_ge_2 p=34 a=27 file=/data/alice/ipardoza/hadronization_production/HF_RUN3_V1/raw/MONASH/hf_MONASH_job980.root
SIGMAB_COUNTS tag=MONASH species=Lambda_b0 pdg=5122 slice=all p=311 a=328 file=/data/alice/ipardoza/hadronization_production/HF_RUN3_V1/raw/MONASH/hf_MONASH_job980.root
SIGMAB_COUNTS tag=MONASH species=Lambda_b0 pdg=5122 slice=eta_lt_1 p=56 a=56 file=/data/alice/ipardoza/hadronization_production/HF_RUN3_V1/raw/MONASH/hf_MONASH_job980.root
SIGMAB_COUNTS tag=MONASH species=Lambda_b0 pdg=5122 slice=eta_1_2 p=55 a=67 file=/data/alice/ipardoza/hadronization_production/HF_RUN3_V1/raw/MONASH/hf_MONASH_job980.root
SIGMAB_COUNTS tag=MONASH species=Lambda_b0 pdg=5122 slice=eta_ge_2 p=200 a=205 file=/data/alice/ipardoza/hadronization_production/HF_RUN3_V1/raw/MONASH/hf_MONASH_job980.root
SIGMAB_COUNTS tag=MONASH species=Xi_b0 pdg=5232 slice=all p=57 a=49 file=/data/alice/ipardoza/hadronization_production/HF_RUN3_V1/raw/MONASH/hf_MONASH_job980.root
SIGMAB_COUNTS tag=MONASH species=Xi_b0 pdg=5232 slice=eta_lt_1 p=12 a=6 file=/data/alice/ipardoza/hadronization_production/HF_RUN3_V1/raw/MONASH/hf_MONASH_job980.root
SIGMAB_COUNTS tag=MONASH species=Xi_b0 pdg=5232 slice=eta_1_2 p=12 a=13 file=/data/alice/ipardoza/hadronization_production/HF_RUN3_V1/raw/MONASH/hf_MONASH_job980.root
SIGMAB_COUNTS tag=MONASH species=Xi_b0 pdg=5232 slice=eta_ge_2 p=33 a=30 file=/data/alice/ipardoza/hadronization_production/HF_RUN3_V1/raw/MONASH/hf_MONASH_job980.root
SIGMAB_COUNTS tag=MONASH species=Xi_b- pdg=5132 slice=all p=52 a=46 file=/data/alice/ipardoza/hadronization_production/HF_RUN3_V1/raw/MONASH/hf_MONASH_job980.root
SIGMAB_COUNTS tag=MONASH species=Xi_b- pdg=5132 slice=eta_lt_1 p=13 a=6 file=/data/alice/ipardoza/hadronization_production/HF_RUN3_V1/raw/MONASH/hf_MONASH_job980.root
SIGMAB_COUNTS tag=MONASH species=Xi_b- pdg=5132 slice=eta_1_2 p=9 a=12 file=/data/alice/ipardoza/hadronization_production/HF_RUN3_V1/raw/MONASH/hf_MONASH_job980.root
SIGMAB_COUNTS tag=MONASH species=Xi_b- pdg=5132 slice=eta_ge_2 p=30 a=28 file=/data/alice/ipardoza/hadronization_production/HF_RUN3_V1/raw/MONASH/hf_MONASH_job980.root
SIGMAB_COUNTS tag=MONASH species=Sigma_b+ pdg=5222 slice=all p=30 a=20 file=/data/alice/ipardoza/hadronization_production/HF_RUN3_V1/raw/MONASH/hf_MONASH_job981.root
SIGMAB_COUNTS tag=MONASH species=Sigma_b+ pdg=5222 slice=eta_lt_1 p=7 a=6 file=/data/alice/ipardoza/hadronization_production/HF_RUN3_V1/raw/MONASH/hf_MONASH_job981.root
SIGMAB_COUNTS tag=MONASH species=Sigma_b+ pdg=5222 slice=eta_1_2 p=4 a=4 file=/data/alice/ipardoza/hadronization_production/HF_RUN3_V1/raw/MONASH/hf_MONASH_job981.root
SIGMAB_COUNTS tag=MONASH species=Sigma_b+ pdg=5222 slice=eta_ge_2 p=19 a=10 file=/data/alice/ipardoza/hadronization_production/HF_RUN3_V1/raw/MONASH/hf_MONASH_job981.root
SIGMAB_COUNTS tag=MONASH species=Sigma_b0 pdg=5212 slice=all p=51 a=21 file=/data/alice/ipardoza/hadronization_production/HF_RUN3_V1/raw/MONASH/hf_MONASH_job981.root
SIGMAB_COUNTS tag=MONASH species=Sigma_b0 pdg=5212 slice=eta_lt_1 p=6 a=7 file=/data/alice/ipardoza/hadronization_production/HF_RUN3_V1/raw/MONASH/hf_MONASH_job981.root
SIGMAB_COUNTS tag=MONASH species=Sigma_b0 pdg=5212 slice=eta_1_2 p=13 a=0 file=/data/alice/ipardoza/hadronization_production/HF_RUN3_V1/raw/MONASH/hf_MONASH_job981.root
SIGMAB_COUNTS tag=MONASH species=Sigma_b0 pdg=5212 slice=eta_ge_2 p=32 a=14 file=/data/alice/ipardoza/hadronization_production/HF_RUN3_V1/raw/MONASH/hf_MONASH_job981.root
SIGMAB_COUNTS tag=MONASH species=Sigma_b- pdg=5112 slice=all p=29 a=26 file=/data/alice/ipardoza/hadronization_production/HF_RUN3_V1/raw/MONASH/hf_MONASH_job981.root
SIGMAB_COUNTS tag=MONASH species=Sigma_b- pdg=5112 slice=eta_lt_1 p=7 a=7 file=/data/alice/ipardoza/hadronization_production/HF_RUN3_V1/raw/MONASH/hf_MONASH_job981.root
SIGMAB_COUNTS tag=MONASH species=Sigma_b- pdg=5112 slice=eta_1_2 p=6 a=3 file=/data/alice/ipardoza/hadronization_production/HF_RUN3_V1/raw/MONASH/hf_MONASH_job981.root
SIGMAB_COUNTS tag=MONASH species=Sigma_b- pdg=5112 slice=eta_ge_2 p=16 a=16 file=/data/alice/ipardoza/hadronization_production/HF_RUN3_V1/raw/MONASH/hf_MONASH_job981.root
SIGMAB_COUNTS tag=MONASH species=Sigma*_b+ pdg=5224 slice=all p=45 a=43 file=/data/alice/ipardoza/hadronization_production/HF_RUN3_V1/raw/MONASH/hf_MONASH_job981.root
SIGMAB_COUNTS tag=MONASH species=Sigma*_b+ pdg=5224 slice=eta_lt_1 p=7 a=6 file=/data/alice/ipardoza/hadronization_production/HF_RUN3_V1/raw/MONASH/hf_MONASH_job981.root
SIGMAB_COUNTS tag=MONASH species=Sigma*_b+ pdg=5224 slice=eta_1_2 p=12 a=13 file=/data/alice/ipardoza/hadronization_production/HF_RUN3_V1/raw/MONASH/hf_MONASH_job981.root
SIGMAB_COUNTS tag=MONASH species=Sigma*_b+ pdg=5224 slice=eta_ge_2 p=26 a=24 file=/data/alice/ipardoza/hadronization_production/HF_RUN3_V1/raw/MONASH/hf_MONASH_job981.root
SIGMAB_COUNTS tag=MONASH species=Sigma*_b0 pdg=5214 slice=all p=42 a=31 file=/data/alice/ipardoza/hadronization_production/HF_RUN3_V1/raw/MONASH/hf_MONASH_job981.root
SIGMAB_COUNTS tag=MONASH species=Sigma*_b0 pdg=5214 slice=eta_lt_1 p=14 a=2 file=/data/alice/ipardoza/hadronization_production/HF_RUN3_V1/raw/MONASH/hf_MONASH_job981.root
SIGMAB_COUNTS tag=MONASH species=Sigma*_b0 pdg=5214 slice=eta_1_2 p=7 a=7 file=/data/alice/ipardoza/hadronization_production/HF_RUN3_V1/raw/MONASH/hf_MONASH_job981.root
SIGMAB_COUNTS tag=MONASH species=Sigma*_b0 pdg=5214 slice=eta_ge_2 p=21 a=22 file=/data/alice/ipardoza/hadronization_production/HF_RUN3_V1/raw/MONASH/hf_MONASH_job981.root
SIGMAB_COUNTS tag=MONASH species=Sigma*_b- pdg=5114 slice=all p=48 a=48 file=/data/alice/ipardoza/hadronization_production/HF_RUN3_V1/raw/MONASH/hf_MONASH_job981.root
SIGMAB_COUNTS tag=MONASH species=Sigma*_b- pdg=5114 slice=eta_lt_1 p=10 a=3 file=/data/alice/ipardoza/hadronization_production/HF_RUN3_V1/raw/MONASH/hf_MONASH_job981.root
SIGMAB_COUNTS tag=MONASH species=Sigma*_b- pdg=5114 slice=eta_1_2 p=13 a=8 file=/data/alice/ipardoza/hadronization_production/HF_RUN3_V1/raw/MONASH/hf_MONASH_job981.root
SIGMAB_COUNTS tag=MONASH species=Sigma*_b- pdg=5114 slice=eta_ge_2 p=25 a=37 file=/data/alice/ipardoza/hadronization_production/HF_RUN3_V1/raw/MONASH/hf_MONASH_job981.root
SIGMAB_COUNTS tag=MONASH species=Lambda_b0 pdg=5122 slice=all p=342 a=316 file=/data/alice/ipardoza/hadronization_production/HF_RUN3_V1/raw/MONASH/hf_MONASH_job981.root
SIGMAB_COUNTS tag=MONASH species=Lambda_b0 pdg=5122 slice=eta_lt_1 p=62 a=58 file=/data/alice/ipardoza/hadronization_production/HF_RUN3_V1/raw/MONASH/hf_MONASH_job981.root
SIGMAB_COUNTS tag=MONASH species=Lambda_b0 pdg=5122 slice=eta_1_2 p=87 a=65 file=/data/alice/ipardoza/hadronization_production/HF_RUN3_V1/raw/MONASH/hf_MONASH_job981.root
SIGMAB_COUNTS tag=MONASH species=Lambda_b0 pdg=5122 slice=eta_ge_2 p=193 a=193 file=/data/alice/ipardoza/hadronization_production/HF_RUN3_V1/raw/MONASH/hf_MONASH_job981.root
SIGMAB_COUNTS tag=MONASH species=Xi_b0 pdg=5232 slice=all p=62 a=47 file=/data/alice/ipardoza/hadronization_production/HF_RUN3_V1/raw/MONASH/hf_MONASH_job981.root
SIGMAB_COUNTS tag=MONASH species=Xi_b0 pdg=5232 slice=eta_lt_1 p=11 a=9 file=/data/alice/ipardoza/hadronization_production/HF_RUN3_V1/raw/MONASH/hf_MONASH_job981.root
SIGMAB_COUNTS tag=MONASH species=Xi_b0 pdg=5232 slice=eta_1_2 p=20 a=12 file=/data/alice/ipardoza/hadronization_production/HF_RUN3_V1/raw/MONASH/hf_MONASH_job981.root
SIGMAB_COUNTS tag=MONASH species=Xi_b0 pdg=5232 slice=eta_ge_2 p=31 a=26 file=/data/alice/ipardoza/hadronization_production/HF_RUN3_V1/raw/MONASH/hf_MONASH_job981.root
SIGMAB_COUNTS tag=MONASH species=Xi_b- pdg=5132 slice=all p=51 a=56 file=/data/alice/ipardoza/hadronization_production/HF_RUN3_V1/raw/MONASH/hf_MONASH_job981.root
SIGMAB_COUNTS tag=MONASH species=Xi_b- pdg=5132 slice=eta_lt_1 p=11 a=15 file=/data/alice/ipardoza/hadronization_production/HF_RUN3_V1/raw/MONASH/hf_MONASH_job981.root
SIGMAB_COUNTS tag=MONASH species=Xi_b- pdg=5132 slice=eta_1_2 p=13 a=12 file=/data/alice/ipardoza/hadronization_production/HF_RUN3_V1/raw/MONASH/hf_MONASH_job981.root
SIGMAB_COUNTS tag=MONASH species=Xi_b- pdg=5132 slice=eta_ge_2 p=27 a=29 file=/data/alice/ipardoza/hadronization_production/HF_RUN3_V1/raw/MONASH/hf_MONASH_job981.root
SIGMAB_COUNTS tag=MONASH species=Sigma_b+ pdg=5222 slice=all p=32 a=20 file=/data/alice/ipardoza/hadronization_production/HF_RUN3_V1/raw/MONASH/hf_MONASH_job982.root
SIGMAB_COUNTS tag=MONASH species=Sigma_b+ pdg=5222 slice=eta_lt_1 p=6 a=2 file=/data/alice/ipardoza/hadronization_production/HF_RUN3_V1/raw/MONASH/hf_MONASH_job982.root
SIGMAB_COUNTS tag=MONASH species=Sigma_b+ pdg=5222 slice=eta_1_2 p=6 a=2 file=/data/alice/ipardoza/hadronization_production/HF_RUN3_V1/raw/MONASH/hf_MONASH_job982.root
SIGMAB_COUNTS tag=MONASH species=Sigma_b+ pdg=5222 slice=eta_ge_2 p=20 a=16 file=/data/alice/ipardoza/hadronization_production/HF_RUN3_V1/raw/MONASH/hf_MONASH_job982.root
SIGMAB_COUNTS tag=MONASH species=Sigma_b0 pdg=5212 slice=all p=27 a=16 file=/data/alice/ipardoza/hadronization_production/HF_RUN3_V1/raw/MONASH/hf_MONASH_job982.root
SIGMAB_COUNTS tag=MONASH species=Sigma_b0 pdg=5212 slice=eta_lt_1 p=4 a=1 file=/data/alice/ipardoza/hadronization_production/HF_RUN3_V1/raw/MONASH/hf_MONASH_job982.root
SIGMAB_COUNTS tag=MONASH species=Sigma_b0 pdg=5212 slice=eta_1_2 p=4 a=7 file=/data/alice/ipardoza/hadronization_production/HF_RUN3_V1/raw/MONASH/hf_MONASH_job982.root
SIGMAB_COUNTS tag=MONASH species=Sigma_b0 pdg=5212 slice=eta_ge_2 p=19 a=8 file=/data/alice/ipardoza/hadronization_production/HF_RUN3_V1/raw/MONASH/hf_MONASH_job982.root
SIGMAB_COUNTS tag=MONASH species=Sigma_b- pdg=5112 slice=all p=35 a=24 file=/data/alice/ipardoza/hadronization_production/HF_RUN3_V1/raw/MONASH/hf_MONASH_job982.root
SIGMAB_COUNTS tag=MONASH species=Sigma_b- pdg=5112 slice=eta_lt_1 p=9 a=4 file=/data/alice/ipardoza/hadronization_production/HF_RUN3_V1/raw/MONASH/hf_MONASH_job982.root
SIGMAB_COUNTS tag=MONASH species=Sigma_b- pdg=5112 slice=eta_1_2 p=5 a=5 file=/data/alice/ipardoza/hadronization_production/HF_RUN3_V1/raw/MONASH/hf_MONASH_job982.root
SIGMAB_COUNTS tag=MONASH species=Sigma_b- pdg=5112 slice=eta_ge_2 p=21 a=15 file=/data/alice/ipardoza/hadronization_production/HF_RUN3_V1/raw/MONASH/hf_MONASH_job982.root
SIGMAB_COUNTS tag=MONASH species=Sigma*_b+ pdg=5224 slice=all p=50 a=45 file=/data/alice/ipardoza/hadronization_production/HF_RUN3_V1/raw/MONASH/hf_MONASH_job982.root
SIGMAB_COUNTS tag=MONASH species=Sigma*_b+ pdg=5224 slice=eta_lt_1 p=11 a=10 file=/data/alice/ipardoza/hadronization_production/HF_RUN3_V1/raw/MONASH/hf_MONASH_job982.root
SIGMAB_COUNTS tag=MONASH species=Sigma*_b+ pdg=5224 slice=eta_1_2 p=8 a=13 file=/data/alice/ipardoza/hadronization_production/HF_RUN3_V1/raw/MONASH/hf_MONASH_job982.root
SIGMAB_COUNTS tag=MONASH species=Sigma*_b+ pdg=5224 slice=eta_ge_2 p=31 a=22 file=/data/alice/ipardoza/hadronization_production/HF_RUN3_V1/raw/MONASH/hf_MONASH_job982.root
SIGMAB_COUNTS tag=MONASH species=Sigma*_b0 pdg=5214 slice=all p=52 a=32 file=/data/alice/ipardoza/hadronization_production/HF_RUN3_V1/raw/MONASH/hf_MONASH_job982.root
SIGMAB_COUNTS tag=MONASH species=Sigma*_b0 pdg=5214 slice=eta_lt_1 p=8 a=4 file=/data/alice/ipardoza/hadronization_production/HF_RUN3_V1/raw/MONASH/hf_MONASH_job982.root
SIGMAB_COUNTS tag=MONASH species=Sigma*_b0 pdg=5214 slice=eta_1_2 p=12 a=4 file=/data/alice/ipardoza/hadronization_production/HF_RUN3_V1/raw/MONASH/hf_MONASH_job982.root
SIGMAB_COUNTS tag=MONASH species=Sigma*_b0 pdg=5214 slice=eta_ge_2 p=32 a=24 file=/data/alice/ipardoza/hadronization_production/HF_RUN3_V1/raw/MONASH/hf_MONASH_job982.root
SIGMAB_COUNTS tag=MONASH species=Sigma*_b- pdg=5114 slice=all p=48 a=34 file=/data/alice/ipardoza/hadronization_production/HF_RUN3_V1/raw/MONASH/hf_MONASH_job982.root
SIGMAB_COUNTS tag=MONASH species=Sigma*_b- pdg=5114 slice=eta_lt_1 p=6 a=6 file=/data/alice/ipardoza/hadronization_production/HF_RUN3_V1/raw/MONASH/hf_MONASH_job982.root
SIGMAB_COUNTS tag=MONASH species=Sigma*_b- pdg=5114 slice=eta_1_2 p=10 a=4 file=/data/alice/ipardoza/hadronization_production/HF_RUN3_V1/raw/MONASH/hf_MONASH_job982.root
SIGMAB_COUNTS tag=MONASH species=Sigma*_b- pdg=5114 slice=eta_ge_2 p=32 a=24 file=/data/alice/ipardoza/hadronization_production/HF_RUN3_V1/raw/MONASH/hf_MONASH_job982.root
SIGMAB_COUNTS tag=MONASH species=Lambda_b0 pdg=5122 slice=all p=303 a=323 file=/data/alice/ipardoza/hadronization_production/HF_RUN3_V1/raw/MONASH/hf_MONASH_job982.root
SIGMAB_COUNTS tag=MONASH species=Lambda_b0 pdg=5122 slice=eta_lt_1 p=58 a=59 file=/data/alice/ipardoza/hadronization_production/HF_RUN3_V1/raw/MONASH/hf_MONASH_job982.root
SIGMAB_COUNTS tag=MONASH species=Lambda_b0 pdg=5122 slice=eta_1_2 p=66 a=59 file=/data/alice/ipardoza/hadronization_production/HF_RUN3_V1/raw/MONASH/hf_MONASH_job982.root
SIGMAB_COUNTS tag=MONASH species=Lambda_b0 pdg=5122 slice=eta_ge_2 p=179 a=205 file=/data/alice/ipardoza/hadronization_production/HF_RUN3_V1/raw/MONASH/hf_MONASH_job982.root
SIGMAB_COUNTS tag=MONASH species=Xi_b0 pdg=5232 slice=all p=59 a=40 file=/data/alice/ipardoza/hadronization_production/HF_RUN3_V1/raw/MONASH/hf_MONASH_job982.root
SIGMAB_COUNTS tag=MONASH species=Xi_b0 pdg=5232 slice=eta_lt_1 p=11 a=14 file=/data/alice/ipardoza/hadronization_production/HF_RUN3_V1/raw/MONASH/hf_MONASH_job982.root
SIGMAB_COUNTS tag=MONASH species=Xi_b0 pdg=5232 slice=eta_1_2 p=13 a=5 file=/data/alice/ipardoza/hadronization_production/HF_RUN3_V1/raw/MONASH/hf_MONASH_job982.root
SIGMAB_COUNTS tag=MONASH species=Xi_b0 pdg=5232 slice=eta_ge_2 p=35 a=21 file=/data/alice/ipardoza/hadronization_production/HF_RUN3_V1/raw/MONASH/hf_MONASH_job982.root
SIGMAB_COUNTS tag=MONASH species=Xi_b- pdg=5132 slice=all p=60 a=66 file=/data/alice/ipardoza/hadronization_production/HF_RUN3_V1/raw/MONASH/hf_MONASH_job982.root
SIGMAB_COUNTS tag=MONASH species=Xi_b- pdg=5132 slice=eta_lt_1 p=9 a=9 file=/data/alice/ipardoza/hadronization_production/HF_RUN3_V1/raw/MONASH/hf_MONASH_job982.root
SIGMAB_COUNTS tag=MONASH species=Xi_b- pdg=5132 slice=eta_1_2 p=12 a=18 file=/data/alice/ipardoza/hadronization_production/HF_RUN3_V1/raw/MONASH/hf_MONASH_job982.root
SIGMAB_COUNTS tag=MONASH species=Xi_b- pdg=5132 slice=eta_ge_2 p=39 a=39 file=/data/alice/ipardoza/hadronization_production/HF_RUN3_V1/raw/MONASH/hf_MONASH_job982.root
SIGMAB_COUNTS tag=MONASH species=Sigma_b+ pdg=5222 slice=all p=47 a=26 file=/data/alice/ipardoza/hadronization_production/HF_RUN3_V1/raw/MONASH/hf_MONASH_job983.root
SIGMAB_COUNTS tag=MONASH species=Sigma_b+ pdg=5222 slice=eta_lt_1 p=13 a=5 file=/data/alice/ipardoza/hadronization_production/HF_RUN3_V1/raw/MONASH/hf_MONASH_job983.root
SIGMAB_COUNTS tag=MONASH species=Sigma_b+ pdg=5222 slice=eta_1_2 p=10 a=7 file=/data/alice/ipardoza/hadronization_production/HF_RUN3_V1/raw/MONASH/hf_MONASH_job983.root
SIGMAB_COUNTS tag=MONASH species=Sigma_b+ pdg=5222 slice=eta_ge_2 p=24 a=14 file=/data/alice/ipardoza/hadronization_production/HF_RUN3_V1/raw/MONASH/hf_MONASH_job983.root
SIGMAB_COUNTS tag=MONASH species=Sigma_b0 pdg=5212 slice=all p=32 a=24 file=/data/alice/ipardoza/hadronization_production/HF_RUN3_V1/raw/MONASH/hf_MONASH_job983.root
SIGMAB_COUNTS tag=MONASH species=Sigma_b0 pdg=5212 slice=eta_lt_1 p=2 a=7 file=/data/alice/ipardoza/hadronization_production/HF_RUN3_V1/raw/MONASH/hf_MONASH_job983.root
SIGMAB_COUNTS tag=MONASH species=Sigma_b0 pdg=5212 slice=eta_1_2 p=7 a=5 file=/data/alice/ipardoza/hadronization_production/HF_RUN3_V1/raw/MONASH/hf_MONASH_job983.root
SIGMAB_COUNTS tag=MONASH species=Sigma_b0 pdg=5212 slice=eta_ge_2 p=23 a=12 file=/data/alice/ipardoza/hadronization_production/HF_RUN3_V1/raw/MONASH/hf_MONASH_job983.root
SIGMAB_COUNTS tag=MONASH species=Sigma_b- pdg=5112 slice=all p=39 a=18 file=/data/alice/ipardoza/hadronization_production/HF_RUN3_V1/raw/MONASH/hf_MONASH_job983.root
SIGMAB_COUNTS tag=MONASH species=Sigma_b- pdg=5112 slice=eta_lt_1 p=8 a=3 file=/data/alice/ipardoza/hadronization_production/HF_RUN3_V1/raw/MONASH/hf_MONASH_job983.root
SIGMAB_COUNTS tag=MONASH species=Sigma_b- pdg=5112 slice=eta_1_2 p=6 a=6 file=/data/alice/ipardoza/hadronization_production/HF_RUN3_V1/raw/MONASH/hf_MONASH_job983.root
SIGMAB_COUNTS tag=MONASH species=Sigma_b- pdg=5112 slice=eta_ge_2 p=25 a=9 file=/data/alice/ipardoza/hadronization_production/HF_RUN3_V1/raw/MONASH/hf_MONASH_job983.root
SIGMAB_COUNTS tag=MONASH species=Sigma*_b+ pdg=5224 slice=all p=68 a=38 file=/data/alice/ipardoza/hadronization_production/HF_RUN3_V1/raw/MONASH/hf_MONASH_job983.root
SIGMAB_COUNTS tag=MONASH species=Sigma*_b+ pdg=5224 slice=eta_lt_1 p=16 a=8 file=/data/alice/ipardoza/hadronization_production/HF_RUN3_V1/raw/MONASH/hf_MONASH_job983.root
SIGMAB_COUNTS tag=MONASH species=Sigma*_b+ pdg=5224 slice=eta_1_2 p=16 a=7 file=/data/alice/ipardoza/hadronization_production/HF_RUN3_V1/raw/MONASH/hf_MONASH_job983.root
SIGMAB_COUNTS tag=MONASH species=Sigma*_b+ pdg=5224 slice=eta_ge_2 p=36 a=23 file=/data/alice/ipardoza/hadronization_production/HF_RUN3_V1/raw/MONASH/hf_MONASH_job983.root
SIGMAB_COUNTS tag=MONASH species=Sigma*_b0 pdg=5214 slice=all p=44 a=40 file=/data/alice/ipardoza/hadronization_production/HF_RUN3_V1/raw/MONASH/hf_MONASH_job983.root
SIGMAB_COUNTS tag=MONASH species=Sigma*_b0 pdg=5214 slice=eta_lt_1 p=4 a=8 file=/data/alice/ipardoza/hadronization_production/HF_RUN3_V1/raw/MONASH/hf_MONASH_job983.root
SIGMAB_COUNTS tag=MONASH species=Sigma*_b0 pdg=5214 slice=eta_1_2 p=12 a=6 file=/data/alice/ipardoza/hadronization_production/HF_RUN3_V1/raw/MONASH/hf_MONASH_job983.root
SIGMAB_COUNTS tag=MONASH species=Sigma*_b0 pdg=5214 slice=eta_ge_2 p=28 a=26 file=/data/alice/ipardoza/hadronization_production/HF_RUN3_V1/raw/MONASH/hf_MONASH_job983.root
SIGMAB_COUNTS tag=MONASH species=Sigma*_b- pdg=5114 slice=all p=44 a=41 file=/data/alice/ipardoza/hadronization_production/HF_RUN3_V1/raw/MONASH/hf_MONASH_job983.root
SIGMAB_COUNTS tag=MONASH species=Sigma*_b- pdg=5114 slice=eta_lt_1 p=7 a=11 file=/data/alice/ipardoza/hadronization_production/HF_RUN3_V1/raw/MONASH/hf_MONASH_job983.root
SIGMAB_COUNTS tag=MONASH species=Sigma*_b- pdg=5114 slice=eta_1_2 p=8 a=8 file=/data/alice/ipardoza/hadronization_production/HF_RUN3_V1/raw/MONASH/hf_MONASH_job983.root
SIGMAB_COUNTS tag=MONASH species=Sigma*_b- pdg=5114 slice=eta_ge_2 p=29 a=22 file=/data/alice/ipardoza/hadronization_production/HF_RUN3_V1/raw/MONASH/hf_MONASH_job983.root
SIGMAB_COUNTS tag=MONASH species=Lambda_b0 pdg=5122 slice=all p=305 a=340 file=/data/alice/ipardoza/hadronization_production/HF_RUN3_V1/raw/MONASH/hf_MONASH_job983.root
SIGMAB_COUNTS tag=MONASH species=Lambda_b0 pdg=5122 slice=eta_lt_1 p=55 a=60 file=/data/alice/ipardoza/hadronization_production/HF_RUN3_V1/raw/MONASH/hf_MONASH_job983.root
SIGMAB_COUNTS tag=MONASH species=Lambda_b0 pdg=5122 slice=eta_1_2 p=57 a=72 file=/data/alice/ipardoza/hadronization_production/HF_RUN3_V1/raw/MONASH/hf_MONASH_job983.root
SIGMAB_COUNTS tag=MONASH species=Lambda_b0 pdg=5122 slice=eta_ge_2 p=193 a=208 file=/data/alice/ipardoza/hadronization_production/HF_RUN3_V1/raw/MONASH/hf_MONASH_job983.root
SIGMAB_COUNTS tag=MONASH species=Xi_b0 pdg=5232 slice=all p=61 a=53 file=/data/alice/ipardoza/hadronization_production/HF_RUN3_V1/raw/MONASH/hf_MONASH_job983.root
SIGMAB_COUNTS tag=MONASH species=Xi_b0 pdg=5232 slice=eta_lt_1 p=7 a=6 file=/data/alice/ipardoza/hadronization_production/HF_RUN3_V1/raw/MONASH/hf_MONASH_job983.root
SIGMAB_COUNTS tag=MONASH species=Xi_b0 pdg=5232 slice=eta_1_2 p=12 a=11 file=/data/alice/ipardoza/hadronization_production/HF_RUN3_V1/raw/MONASH/hf_MONASH_job983.root
SIGMAB_COUNTS tag=MONASH species=Xi_b0 pdg=5232 slice=eta_ge_2 p=42 a=36 file=/data/alice/ipardoza/hadronization_production/HF_RUN3_V1/raw/MONASH/hf_MONASH_job983.root
SIGMAB_COUNTS tag=MONASH species=Xi_b- pdg=5132 slice=all p=59 a=55 file=/data/alice/ipardoza/hadronization_production/HF_RUN3_V1/raw/MONASH/hf_MONASH_job983.root
SIGMAB_COUNTS tag=MONASH species=Xi_b- pdg=5132 slice=eta_lt_1 p=9 a=9 file=/data/alice/ipardoza/hadronization_production/HF_RUN3_V1/raw/MONASH/hf_MONASH_job983.root
SIGMAB_COUNTS tag=MONASH species=Xi_b- pdg=5132 slice=eta_1_2 p=14 a=13 file=/data/alice/ipardoza/hadronization_production/HF_RUN3_V1/raw/MONASH/hf_MONASH_job983.root
SIGMAB_COUNTS tag=MONASH species=Xi_b- pdg=5132 slice=eta_ge_2 p=36 a=33 file=/data/alice/ipardoza/hadronization_production/HF_RUN3_V1/raw/MONASH/hf_MONASH_job983.root
SIGMAB_COUNTS tag=MONASH species=Sigma_b+ pdg=5222 slice=all p=35 a=20 file=/data/alice/ipardoza/hadronization_production/HF_RUN3_V1/raw/MONASH/hf_MONASH_job984.root
SIGMAB_COUNTS tag=MONASH species=Sigma_b+ pdg=5222 slice=eta_lt_1 p=3 a=3 file=/data/alice/ipardoza/hadronization_production/HF_RUN3_V1/raw/MONASH/hf_MONASH_job984.root
SIGMAB_COUNTS tag=MONASH species=Sigma_b+ pdg=5222 slice=eta_1_2 p=10 a=5 file=/data/alice/ipardoza/hadronization_production/HF_RUN3_V1/raw/MONASH/hf_MONASH_job984.root
SIGMAB_COUNTS tag=MONASH species=Sigma_b+ pdg=5222 slice=eta_ge_2 p=22 a=12 file=/data/alice/ipardoza/hadronization_production/HF_RUN3_V1/raw/MONASH/hf_MONASH_job984.root
SIGMAB_COUNTS tag=MONASH species=Sigma_b0 pdg=5212 slice=all p=33 a=17 file=/data/alice/ipardoza/hadronization_production/HF_RUN3_V1/raw/MONASH/hf_MONASH_job984.root
SIGMAB_COUNTS tag=MONASH species=Sigma_b0 pdg=5212 slice=eta_lt_1 p=4 a=2 file=/data/alice/ipardoza/hadronization_production/HF_RUN3_V1/raw/MONASH/hf_MONASH_job984.root
SIGMAB_COUNTS tag=MONASH species=Sigma_b0 pdg=5212 slice=eta_1_2 p=11 a=5 file=/data/alice/ipardoza/hadronization_production/HF_RUN3_V1/raw/MONASH/hf_MONASH_job984.root
SIGMAB_COUNTS tag=MONASH species=Sigma_b0 pdg=5212 slice=eta_ge_2 p=18 a=10 file=/data/alice/ipardoza/hadronization_production/HF_RUN3_V1/raw/MONASH/hf_MONASH_job984.root
SIGMAB_COUNTS tag=MONASH species=Sigma_b- pdg=5112 slice=all p=33 a=30 file=/data/alice/ipardoza/hadronization_production/HF_RUN3_V1/raw/MONASH/hf_MONASH_job984.root
SIGMAB_COUNTS tag=MONASH species=Sigma_b- pdg=5112 slice=eta_lt_1 p=4 a=8 file=/data/alice/ipardoza/hadronization_production/HF_RUN3_V1/raw/MONASH/hf_MONASH_job984.root
SIGMAB_COUNTS tag=MONASH species=Sigma_b- pdg=5112 slice=eta_1_2 p=8 a=8 file=/data/alice/ipardoza/hadronization_production/HF_RUN3_V1/raw/MONASH/hf_MONASH_job984.root
SIGMAB_COUNTS tag=MONASH species=Sigma_b- pdg=5112 slice=eta_ge_2 p=21 a=14 file=/data/alice/ipardoza/hadronization_production/HF_RUN3_V1/raw/MONASH/hf_MONASH_job984.root
SIGMAB_COUNTS tag=MONASH species=Sigma*_b+ pdg=5224 slice=all p=63 a=51 file=/data/alice/ipardoza/hadronization_production/HF_RUN3_V1/raw/MONASH/hf_MONASH_job984.root
SIGMAB_COUNTS tag=MONASH species=Sigma*_b+ pdg=5224 slice=eta_lt_1 p=10 a=10 file=/data/alice/ipardoza/hadronization_production/HF_RUN3_V1/raw/MONASH/hf_MONASH_job984.root
SIGMAB_COUNTS tag=MONASH species=Sigma*_b+ pdg=5224 slice=eta_1_2 p=12 a=11 file=/data/alice/ipardoza/hadronization_production/HF_RUN3_V1/raw/MONASH/hf_MONASH_job984.root
SIGMAB_COUNTS tag=MONASH species=Sigma*_b+ pdg=5224 slice=eta_ge_2 p=41 a=30 file=/data/alice/ipardoza/hadronization_production/HF_RUN3_V1/raw/MONASH/hf_MONASH_job984.root
SIGMAB_COUNTS tag=MONASH species=Sigma*_b0 pdg=5214 slice=all p=53 a=46 file=/data/alice/ipardoza/hadronization_production/HF_RUN3_V1/raw/MONASH/hf_MONASH_job984.root
SIGMAB_COUNTS tag=MONASH species=Sigma*_b0 pdg=5214 slice=eta_lt_1 p=8 a=9 file=/data/alice/ipardoza/hadronization_production/HF_RUN3_V1/raw/MONASH/hf_MONASH_job984.root
SIGMAB_COUNTS tag=MONASH species=Sigma*_b0 pdg=5214 slice=eta_1_2 p=12 a=9 file=/data/alice/ipardoza/hadronization_production/HF_RUN3_V1/raw/MONASH/hf_MONASH_job984.root
SIGMAB_COUNTS tag=MONASH species=Sigma*_b0 pdg=5214 slice=eta_ge_2 p=33 a=28 file=/data/alice/ipardoza/hadronization_production/HF_RUN3_V1/raw/MONASH/hf_MONASH_job984.root
SIGMAB_COUNTS tag=MONASH species=Sigma*_b- pdg=5114 slice=all p=40 a=41 file=/data/alice/ipardoza/hadronization_production/HF_RUN3_V1/raw/MONASH/hf_MONASH_job984.root
SIGMAB_COUNTS tag=MONASH species=Sigma*_b- pdg=5114 slice=eta_lt_1 p=10 a=8 file=/data/alice/ipardoza/hadronization_production/HF_RUN3_V1/raw/MONASH/hf_MONASH_job984.root
SIGMAB_COUNTS tag=MONASH species=Sigma*_b- pdg=5114 slice=eta_1_2 p=5 a=11 file=/data/alice/ipardoza/hadronization_production/HF_RUN3_V1/raw/MONASH/hf_MONASH_job984.root
SIGMAB_COUNTS tag=MONASH species=Sigma*_b- pdg=5114 slice=eta_ge_2 p=25 a=22 file=/data/alice/ipardoza/hadronization_production/HF_RUN3_V1/raw/MONASH/hf_MONASH_job984.root
SIGMAB_COUNTS tag=MONASH species=Lambda_b0 pdg=5122 slice=all p=307 a=305 file=/data/alice/ipardoza/hadronization_production/HF_RUN3_V1/raw/MONASH/hf_MONASH_job984.root
SIGMAB_COUNTS tag=MONASH species=Lambda_b0 pdg=5122 slice=eta_lt_1 p=61 a=65 file=/data/alice/ipardoza/hadronization_production/HF_RUN3_V1/raw/MONASH/hf_MONASH_job984.root
SIGMAB_COUNTS tag=MONASH species=Lambda_b0 pdg=5122 slice=eta_1_2 p=66 a=54 file=/data/alice/ipardoza/hadronization_production/HF_RUN3_V1/raw/MONASH/hf_MONASH_job984.root
SIGMAB_COUNTS tag=MONASH species=Lambda_b0 pdg=5122 slice=eta_ge_2 p=180 a=186 file=/data/alice/ipardoza/hadronization_production/HF_RUN3_V1/raw/MONASH/hf_MONASH_job984.root
SIGMAB_COUNTS tag=MONASH species=Xi_b0 pdg=5232 slice=all p=42 a=59 file=/data/alice/ipardoza/hadronization_production/HF_RUN3_V1/raw/MONASH/hf_MONASH_job984.root
SIGMAB_COUNTS tag=MONASH species=Xi_b0 pdg=5232 slice=eta_lt_1 p=8 a=12 file=/data/alice/ipardoza/hadronization_production/HF_RUN3_V1/raw/MONASH/hf_MONASH_job984.root
SIGMAB_COUNTS tag=MONASH species=Xi_b0 pdg=5232 slice=eta_1_2 p=8 a=12 file=/data/alice/ipardoza/hadronization_production/HF_RUN3_V1/raw/MONASH/hf_MONASH_job984.root
SIGMAB_COUNTS tag=MONASH species=Xi_b0 pdg=5232 slice=eta_ge_2 p=26 a=35 file=/data/alice/ipardoza/hadronization_production/HF_RUN3_V1/raw/MONASH/hf_MONASH_job984.root
SIGMAB_COUNTS tag=MONASH species=Xi_b- pdg=5132 slice=all p=61 a=57 file=/data/alice/ipardoza/hadronization_production/HF_RUN3_V1/raw/MONASH/hf_MONASH_job984.root
SIGMAB_COUNTS tag=MONASH species=Xi_b- pdg=5132 slice=eta_lt_1 p=10 a=9 file=/data/alice/ipardoza/hadronization_production/HF_RUN3_V1/raw/MONASH/hf_MONASH_job984.root
SIGMAB_COUNTS tag=MONASH species=Xi_b- pdg=5132 slice=eta_1_2 p=14 a=10 file=/data/alice/ipardoza/hadronization_production/HF_RUN3_V1/raw/MONASH/hf_MONASH_job984.root
SIGMAB_COUNTS tag=MONASH species=Xi_b- pdg=5132 slice=eta_ge_2 p=37 a=38 file=/data/alice/ipardoza/hadronization_production/HF_RUN3_V1/raw/MONASH/hf_MONASH_job984.root
SIGMAB_COUNTS tag=MONASH species=Sigma_b+ pdg=5222 slice=all p=37 a=16 file=/data/alice/ipardoza/hadronization_production/HF_RUN3_V1/raw/MONASH/hf_MONASH_job985.root
SIGMAB_COUNTS tag=MONASH species=Sigma_b+ pdg=5222 slice=eta_lt_1 p=5 a=5 file=/data/alice/ipardoza/hadronization_production/HF_RUN3_V1/raw/MONASH/hf_MONASH_job985.root
SIGMAB_COUNTS tag=MONASH species=Sigma_b+ pdg=5222 slice=eta_1_2 p=10 a=3 file=/data/alice/ipardoza/hadronization_production/HF_RUN3_V1/raw/MONASH/hf_MONASH_job985.root
SIGMAB_COUNTS tag=MONASH species=Sigma_b+ pdg=5222 slice=eta_ge_2 p=22 a=8 file=/data/alice/ipardoza/hadronization_production/HF_RUN3_V1/raw/MONASH/hf_MONASH_job985.root
SIGMAB_COUNTS tag=MONASH species=Sigma_b0 pdg=5212 slice=all p=40 a=24 file=/data/alice/ipardoza/hadronization_production/HF_RUN3_V1/raw/MONASH/hf_MONASH_job985.root
SIGMAB_COUNTS tag=MONASH species=Sigma_b0 pdg=5212 slice=eta_lt_1 p=8 a=3 file=/data/alice/ipardoza/hadronization_production/HF_RUN3_V1/raw/MONASH/hf_MONASH_job985.root
SIGMAB_COUNTS tag=MONASH species=Sigma_b0 pdg=5212 slice=eta_1_2 p=10 a=6 file=/data/alice/ipardoza/hadronization_production/HF_RUN3_V1/raw/MONASH/hf_MONASH_job985.root
SIGMAB_COUNTS tag=MONASH species=Sigma_b0 pdg=5212 slice=eta_ge_2 p=22 a=15 file=/data/alice/ipardoza/hadronization_production/HF_RUN3_V1/raw/MONASH/hf_MONASH_job985.root
SIGMAB_COUNTS tag=MONASH species=Sigma_b- pdg=5112 slice=all p=31 a=27 file=/data/alice/ipardoza/hadronization_production/HF_RUN3_V1/raw/MONASH/hf_MONASH_job985.root
SIGMAB_COUNTS tag=MONASH species=Sigma_b- pdg=5112 slice=eta_lt_1 p=8 a=3 file=/data/alice/ipardoza/hadronization_production/HF_RUN3_V1/raw/MONASH/hf_MONASH_job985.root
SIGMAB_COUNTS tag=MONASH species=Sigma_b- pdg=5112 slice=eta_1_2 p=8 a=10 file=/data/alice/ipardoza/hadronization_production/HF_RUN3_V1/raw/MONASH/hf_MONASH_job985.root
SIGMAB_COUNTS tag=MONASH species=Sigma_b- pdg=5112 slice=eta_ge_2 p=15 a=14 file=/data/alice/ipardoza/hadronization_production/HF_RUN3_V1/raw/MONASH/hf_MONASH_job985.root
SIGMAB_COUNTS tag=MONASH species=Sigma*_b+ pdg=5224 slice=all p=54 a=46 file=/data/alice/ipardoza/hadronization_production/HF_RUN3_V1/raw/MONASH/hf_MONASH_job985.root
SIGMAB_COUNTS tag=MONASH species=Sigma*_b+ pdg=5224 slice=eta_lt_1 p=10 a=9 file=/data/alice/ipardoza/hadronization_production/HF_RUN3_V1/raw/MONASH/hf_MONASH_job985.root
SIGMAB_COUNTS tag=MONASH species=Sigma*_b+ pdg=5224 slice=eta_1_2 p=11 a=8 file=/data/alice/ipardoza/hadronization_production/HF_RUN3_V1/raw/MONASH/hf_MONASH_job985.root
SIGMAB_COUNTS tag=MONASH species=Sigma*_b+ pdg=5224 slice=eta_ge_2 p=33 a=29 file=/data/alice/ipardoza/hadronization_production/HF_RUN3_V1/raw/MONASH/hf_MONASH_job985.root
SIGMAB_COUNTS tag=MONASH species=Sigma*_b0 pdg=5214 slice=all p=45 a=40 file=/data/alice/ipardoza/hadronization_production/HF_RUN3_V1/raw/MONASH/hf_MONASH_job985.root
SIGMAB_COUNTS tag=MONASH species=Sigma*_b0 pdg=5214 slice=eta_lt_1 p=9 a=6 file=/data/alice/ipardoza/hadronization_production/HF_RUN3_V1/raw/MONASH/hf_MONASH_job985.root
SIGMAB_COUNTS tag=MONASH species=Sigma*_b0 pdg=5214 slice=eta_1_2 p=12 a=12 file=/data/alice/ipardoza/hadronization_production/HF_RUN3_V1/raw/MONASH/hf_MONASH_job985.root
SIGMAB_COUNTS tag=MONASH species=Sigma*_b0 pdg=5214 slice=eta_ge_2 p=24 a=22 file=/data/alice/ipardoza/hadronization_production/HF_RUN3_V1/raw/MONASH/hf_MONASH_job985.root
SIGMAB_COUNTS tag=MONASH species=Sigma*_b- pdg=5114 slice=all p=56 a=46 file=/data/alice/ipardoza/hadronization_production/HF_RUN3_V1/raw/MONASH/hf_MONASH_job985.root
SIGMAB_COUNTS tag=MONASH species=Sigma*_b- pdg=5114 slice=eta_lt_1 p=13 a=10 file=/data/alice/ipardoza/hadronization_production/HF_RUN3_V1/raw/MONASH/hf_MONASH_job985.root
SIGMAB_COUNTS tag=MONASH species=Sigma*_b- pdg=5114 slice=eta_1_2 p=9 a=7 file=/data/alice/ipardoza/hadronization_production/HF_RUN3_V1/raw/MONASH/hf_MONASH_job985.root
SIGMAB_COUNTS tag=MONASH species=Sigma*_b- pdg=5114 slice=eta_ge_2 p=34 a=29 file=/data/alice/ipardoza/hadronization_production/HF_RUN3_V1/raw/MONASH/hf_MONASH_job985.root
SIGMAB_COUNTS tag=MONASH species=Lambda_b0 pdg=5122 slice=all p=324 a=308 file=/data/alice/ipardoza/hadronization_production/HF_RUN3_V1/raw/MONASH/hf_MONASH_job985.root
SIGMAB_COUNTS tag=MONASH species=Lambda_b0 pdg=5122 slice=eta_lt_1 p=61 a=54 file=/data/alice/ipardoza/hadronization_production/HF_RUN3_V1/raw/MONASH/hf_MONASH_job985.root
SIGMAB_COUNTS tag=MONASH species=Lambda_b0 pdg=5122 slice=eta_1_2 p=66 a=80 file=/data/alice/ipardoza/hadronization_production/HF_RUN3_V1/raw/MONASH/hf_MONASH_job985.root
SIGMAB_COUNTS tag=MONASH species=Lambda_b0 pdg=5122 slice=eta_ge_2 p=197 a=174 file=/data/alice/ipardoza/hadronization_production/HF_RUN3_V1/raw/MONASH/hf_MONASH_job985.root
SIGMAB_COUNTS tag=MONASH species=Xi_b0 pdg=5232 slice=all p=57 a=58 file=/data/alice/ipardoza/hadronization_production/HF_RUN3_V1/raw/MONASH/hf_MONASH_job985.root
SIGMAB_COUNTS tag=MONASH species=Xi_b0 pdg=5232 slice=eta_lt_1 p=14 a=14 file=/data/alice/ipardoza/hadronization_production/HF_RUN3_V1/raw/MONASH/hf_MONASH_job985.root
SIGMAB_COUNTS tag=MONASH species=Xi_b0 pdg=5232 slice=eta_1_2 p=16 a=15 file=/data/alice/ipardoza/hadronization_production/HF_RUN3_V1/raw/MONASH/hf_MONASH_job985.root
SIGMAB_COUNTS tag=MONASH species=Xi_b0 pdg=5232 slice=eta_ge_2 p=27 a=29 file=/data/alice/ipardoza/hadronization_production/HF_RUN3_V1/raw/MONASH/hf_MONASH_job985.root
SIGMAB_COUNTS tag=MONASH species=Xi_b- pdg=5132 slice=all p=65 a=45 file=/data/alice/ipardoza/hadronization_production/HF_RUN3_V1/raw/MONASH/hf_MONASH_job985.root
SIGMAB_COUNTS tag=MONASH species=Xi_b- pdg=5132 slice=eta_lt_1 p=13 a=8 file=/data/alice/ipardoza/hadronization_production/HF_RUN3_V1/raw/MONASH/hf_MONASH_job985.root
SIGMAB_COUNTS tag=MONASH species=Xi_b- pdg=5132 slice=eta_1_2 p=10 a=9 file=/data/alice/ipardoza/hadronization_production/HF_RUN3_V1/raw/MONASH/hf_MONASH_job985.root
SIGMAB_COUNTS tag=MONASH species=Xi_b- pdg=5132 slice=eta_ge_2 p=42 a=28 file=/data/alice/ipardoza/hadronization_production/HF_RUN3_V1/raw/MONASH/hf_MONASH_job985.root
SIGMAB_COUNTS tag=MONASH species=Sigma_b+ pdg=5222 slice=all p=25 a=23 file=/data/alice/ipardoza/hadronization_production/HF_RUN3_V1/raw/MONASH/hf_MONASH_job986.root
SIGMAB_COUNTS tag=MONASH species=Sigma_b+ pdg=5222 slice=eta_lt_1 p=4 a=5 file=/data/alice/ipardoza/hadronization_production/HF_RUN3_V1/raw/MONASH/hf_MONASH_job986.root
SIGMAB_COUNTS tag=MONASH species=Sigma_b+ pdg=5222 slice=eta_1_2 p=5 a=7 file=/data/alice/ipardoza/hadronization_production/HF_RUN3_V1/raw/MONASH/hf_MONASH_job986.root
SIGMAB_COUNTS tag=MONASH species=Sigma_b+ pdg=5222 slice=eta_ge_2 p=16 a=11 file=/data/alice/ipardoza/hadronization_production/HF_RUN3_V1/raw/MONASH/hf_MONASH_job986.root
SIGMAB_COUNTS tag=MONASH species=Sigma_b0 pdg=5212 slice=all p=38 a=15 file=/data/alice/ipardoza/hadronization_production/HF_RUN3_V1/raw/MONASH/hf_MONASH_job986.root
SIGMAB_COUNTS tag=MONASH species=Sigma_b0 pdg=5212 slice=eta_lt_1 p=8 a=3 file=/data/alice/ipardoza/hadronization_production/HF_RUN3_V1/raw/MONASH/hf_MONASH_job986.root
SIGMAB_COUNTS tag=MONASH species=Sigma_b0 pdg=5212 slice=eta_1_2 p=8 a=4 file=/data/alice/ipardoza/hadronization_production/HF_RUN3_V1/raw/MONASH/hf_MONASH_job986.root
SIGMAB_COUNTS tag=MONASH species=Sigma_b0 pdg=5212 slice=eta_ge_2 p=22 a=8 file=/data/alice/ipardoza/hadronization_production/HF_RUN3_V1/raw/MONASH/hf_MONASH_job986.root
SIGMAB_COUNTS tag=MONASH species=Sigma_b- pdg=5112 slice=all p=40 a=16 file=/data/alice/ipardoza/hadronization_production/HF_RUN3_V1/raw/MONASH/hf_MONASH_job986.root
SIGMAB_COUNTS tag=MONASH species=Sigma_b- pdg=5112 slice=eta_lt_1 p=10 a=2 file=/data/alice/ipardoza/hadronization_production/HF_RUN3_V1/raw/MONASH/hf_MONASH_job986.root
SIGMAB_COUNTS tag=MONASH species=Sigma_b- pdg=5112 slice=eta_1_2 p=6 a=2 file=/data/alice/ipardoza/hadronization_production/HF_RUN3_V1/raw/MONASH/hf_MONASH_job986.root
SIGMAB_COUNTS tag=MONASH species=Sigma_b- pdg=5112 slice=eta_ge_2 p=24 a=12 file=/data/alice/ipardoza/hadronization_production/HF_RUN3_V1/raw/MONASH/hf_MONASH_job986.root
SIGMAB_COUNTS tag=MONASH species=Sigma*_b+ pdg=5224 slice=all p=49 a=33 file=/data/alice/ipardoza/hadronization_production/HF_RUN3_V1/raw/MONASH/hf_MONASH_job986.root
SIGMAB_COUNTS tag=MONASH species=Sigma*_b+ pdg=5224 slice=eta_lt_1 p=7 a=6 file=/data/alice/ipardoza/hadronization_production/HF_RUN3_V1/raw/MONASH/hf_MONASH_job986.root
SIGMAB_COUNTS tag=MONASH species=Sigma*_b+ pdg=5224 slice=eta_1_2 p=9 a=7 file=/data/alice/ipardoza/hadronization_production/HF_RUN3_V1/raw/MONASH/hf_MONASH_job986.root
SIGMAB_COUNTS tag=MONASH species=Sigma*_b+ pdg=5224 slice=eta_ge_2 p=33 a=20 file=/data/alice/ipardoza/hadronization_production/HF_RUN3_V1/raw/MONASH/hf_MONASH_job986.root
SIGMAB_COUNTS tag=MONASH species=Sigma*_b0 pdg=5214 slice=all p=48 a=34 file=/data/alice/ipardoza/hadronization_production/HF_RUN3_V1/raw/MONASH/hf_MONASH_job986.root
SIGMAB_COUNTS tag=MONASH species=Sigma*_b0 pdg=5214 slice=eta_lt_1 p=6 a=8 file=/data/alice/ipardoza/hadronization_production/HF_RUN3_V1/raw/MONASH/hf_MONASH_job986.root
SIGMAB_COUNTS tag=MONASH species=Sigma*_b0 pdg=5214 slice=eta_1_2 p=10 a=3 file=/data/alice/ipardoza/hadronization_production/HF_RUN3_V1/raw/MONASH/hf_MONASH_job986.root
SIGMAB_COUNTS tag=MONASH species=Sigma*_b0 pdg=5214 slice=eta_ge_2 p=32 a=23 file=/data/alice/ipardoza/hadronization_production/HF_RUN3_V1/raw/MONASH/hf_MONASH_job986.root
SIGMAB_COUNTS tag=MONASH species=Sigma*_b- pdg=5114 slice=all p=35 a=39 file=/data/alice/ipardoza/hadronization_production/HF_RUN3_V1/raw/MONASH/hf_MONASH_job986.root
SIGMAB_COUNTS tag=MONASH species=Sigma*_b- pdg=5114 slice=eta_lt_1 p=3 a=10 file=/data/alice/ipardoza/hadronization_production/HF_RUN3_V1/raw/MONASH/hf_MONASH_job986.root
SIGMAB_COUNTS tag=MONASH species=Sigma*_b- pdg=5114 slice=eta_1_2 p=7 a=7 file=/data/alice/ipardoza/hadronization_production/HF_RUN3_V1/raw/MONASH/hf_MONASH_job986.root
SIGMAB_COUNTS tag=MONASH species=Sigma*_b- pdg=5114 slice=eta_ge_2 p=25 a=22 file=/data/alice/ipardoza/hadronization_production/HF_RUN3_V1/raw/MONASH/hf_MONASH_job986.root
SIGMAB_COUNTS tag=MONASH species=Lambda_b0 pdg=5122 slice=all p=296 a=302 file=/data/alice/ipardoza/hadronization_production/HF_RUN3_V1/raw/MONASH/hf_MONASH_job986.root
SIGMAB_COUNTS tag=MONASH species=Lambda_b0 pdg=5122 slice=eta_lt_1 p=51 a=62 file=/data/alice/ipardoza/hadronization_production/HF_RUN3_V1/raw/MONASH/hf_MONASH_job986.root
SIGMAB_COUNTS tag=MONASH species=Lambda_b0 pdg=5122 slice=eta_1_2 p=71 a=65 file=/data/alice/ipardoza/hadronization_production/HF_RUN3_V1/raw/MONASH/hf_MONASH_job986.root
SIGMAB_COUNTS tag=MONASH species=Lambda_b0 pdg=5122 slice=eta_ge_2 p=174 a=175 file=/data/alice/ipardoza/hadronization_production/HF_RUN3_V1/raw/MONASH/hf_MONASH_job986.root
SIGMAB_COUNTS tag=MONASH species=Xi_b0 pdg=5232 slice=all p=67 a=51 file=/data/alice/ipardoza/hadronization_production/HF_RUN3_V1/raw/MONASH/hf_MONASH_job986.root
SIGMAB_COUNTS tag=MONASH species=Xi_b0 pdg=5232 slice=eta_lt_1 p=16 a=9 file=/data/alice/ipardoza/hadronization_production/HF_RUN3_V1/raw/MONASH/hf_MONASH_job986.root
SIGMAB_COUNTS tag=MONASH species=Xi_b0 pdg=5232 slice=eta_1_2 p=13 a=10 file=/data/alice/ipardoza/hadronization_production/HF_RUN3_V1/raw/MONASH/hf_MONASH_job986.root
SIGMAB_COUNTS tag=MONASH species=Xi_b0 pdg=5232 slice=eta_ge_2 p=38 a=32 file=/data/alice/ipardoza/hadronization_production/HF_RUN3_V1/raw/MONASH/hf_MONASH_job986.root
SIGMAB_COUNTS tag=MONASH species=Xi_b- pdg=5132 slice=all p=63 a=64 file=/data/alice/ipardoza/hadronization_production/HF_RUN3_V1/raw/MONASH/hf_MONASH_job986.root
SIGMAB_COUNTS tag=MONASH species=Xi_b- pdg=5132 slice=eta_lt_1 p=12 a=9 file=/data/alice/ipardoza/hadronization_production/HF_RUN3_V1/raw/MONASH/hf_MONASH_job986.root
SIGMAB_COUNTS tag=MONASH species=Xi_b- pdg=5132 slice=eta_1_2 p=17 a=15 file=/data/alice/ipardoza/hadronization_production/HF_RUN3_V1/raw/MONASH/hf_MONASH_job986.root
SIGMAB_COUNTS tag=MONASH species=Xi_b- pdg=5132 slice=eta_ge_2 p=34 a=40 file=/data/alice/ipardoza/hadronization_production/HF_RUN3_V1/raw/MONASH/hf_MONASH_job986.root
SIGMAB_COUNTS tag=MONASH species=Sigma_b+ pdg=5222 slice=all p=37 a=18 file=/data/alice/ipardoza/hadronization_production/HF_RUN3_V1/raw/MONASH/hf_MONASH_job987.root
SIGMAB_COUNTS tag=MONASH species=Sigma_b+ pdg=5222 slice=eta_lt_1 p=3 a=2 file=/data/alice/ipardoza/hadronization_production/HF_RUN3_V1/raw/MONASH/hf_MONASH_job987.root
SIGMAB_COUNTS tag=MONASH species=Sigma_b+ pdg=5222 slice=eta_1_2 p=10 a=6 file=/data/alice/ipardoza/hadronization_production/HF_RUN3_V1/raw/MONASH/hf_MONASH_job987.root
SIGMAB_COUNTS tag=MONASH species=Sigma_b+ pdg=5222 slice=eta_ge_2 p=24 a=10 file=/data/alice/ipardoza/hadronization_production/HF_RUN3_V1/raw/MONASH/hf_MONASH_job987.root
SIGMAB_COUNTS tag=MONASH species=Sigma_b0 pdg=5212 slice=all p=36 a=22 file=/data/alice/ipardoza/hadronization_production/HF_RUN3_V1/raw/MONASH/hf_MONASH_job987.root
SIGMAB_COUNTS tag=MONASH species=Sigma_b0 pdg=5212 slice=eta_lt_1 p=7 a=5 file=/data/alice/ipardoza/hadronization_production/HF_RUN3_V1/raw/MONASH/hf_MONASH_job987.root
SIGMAB_COUNTS tag=MONASH species=Sigma_b0 pdg=5212 slice=eta_1_2 p=6 a=5 file=/data/alice/ipardoza/hadronization_production/HF_RUN3_V1/raw/MONASH/hf_MONASH_job987.root
SIGMAB_COUNTS tag=MONASH species=Sigma_b0 pdg=5212 slice=eta_ge_2 p=23 a=12 file=/data/alice/ipardoza/hadronization_production/HF_RUN3_V1/raw/MONASH/hf_MONASH_job987.root
SIGMAB_COUNTS tag=MONASH species=Sigma_b- pdg=5112 slice=all p=42 a=29 file=/data/alice/ipardoza/hadronization_production/HF_RUN3_V1/raw/MONASH/hf_MONASH_job987.root
SIGMAB_COUNTS tag=MONASH species=Sigma_b- pdg=5112 slice=eta_lt_1 p=4 a=9 file=/data/alice/ipardoza/hadronization_production/HF_RUN3_V1/raw/MONASH/hf_MONASH_job987.root
SIGMAB_COUNTS tag=MONASH species=Sigma_b- pdg=5112 slice=eta_1_2 p=10 a=6 file=/data/alice/ipardoza/hadronization_production/HF_RUN3_V1/raw/MONASH/hf_MONASH_job987.root
SIGMAB_COUNTS tag=MONASH species=Sigma_b- pdg=5112 slice=eta_ge_2 p=28 a=14 file=/data/alice/ipardoza/hadronization_production/HF_RUN3_V1/raw/MONASH/hf_MONASH_job987.root
SIGMAB_COUNTS tag=MONASH species=Sigma*_b+ pdg=5224 slice=all p=48 a=34 file=/data/alice/ipardoza/hadronization_production/HF_RUN3_V1/raw/MONASH/hf_MONASH_job987.root
SIGMAB_COUNTS tag=MONASH species=Sigma*_b+ pdg=5224 slice=eta_lt_1 p=6 a=6 file=/data/alice/ipardoza/hadronization_production/HF_RUN3_V1/raw/MONASH/hf_MONASH_job987.root
SIGMAB_COUNTS tag=MONASH species=Sigma*_b+ pdg=5224 slice=eta_1_2 p=11 a=9 file=/data/alice/ipardoza/hadronization_production/HF_RUN3_V1/raw/MONASH/hf_MONASH_job987.root
SIGMAB_COUNTS tag=MONASH species=Sigma*_b+ pdg=5224 slice=eta_ge_2 p=31 a=19 file=/data/alice/ipardoza/hadronization_production/HF_RUN3_V1/raw/MONASH/hf_MONASH_job987.root
SIGMAB_COUNTS tag=MONASH species=Sigma*_b0 pdg=5214 slice=all p=56 a=44 file=/data/alice/ipardoza/hadronization_production/HF_RUN3_V1/raw/MONASH/hf_MONASH_job987.root
SIGMAB_COUNTS tag=MONASH species=Sigma*_b0 pdg=5214 slice=eta_lt_1 p=11 a=9 file=/data/alice/ipardoza/hadronization_production/HF_RUN3_V1/raw/MONASH/hf_MONASH_job987.root
SIGMAB_COUNTS tag=MONASH species=Sigma*_b0 pdg=5214 slice=eta_1_2 p=7 a=14 file=/data/alice/ipardoza/hadronization_production/HF_RUN3_V1/raw/MONASH/hf_MONASH_job987.root
SIGMAB_COUNTS tag=MONASH species=Sigma*_b0 pdg=5214 slice=eta_ge_2 p=38 a=21 file=/data/alice/ipardoza/hadronization_production/HF_RUN3_V1/raw/MONASH/hf_MONASH_job987.root
SIGMAB_COUNTS tag=MONASH species=Sigma*_b- pdg=5114 slice=all p=44 a=46 file=/data/alice/ipardoza/hadronization_production/HF_RUN3_V1/raw/MONASH/hf_MONASH_job987.root
SIGMAB_COUNTS tag=MONASH species=Sigma*_b- pdg=5114 slice=eta_lt_1 p=5 a=8 file=/data/alice/ipardoza/hadronization_production/HF_RUN3_V1/raw/MONASH/hf_MONASH_job987.root
SIGMAB_COUNTS tag=MONASH species=Sigma*_b- pdg=5114 slice=eta_1_2 p=10 a=14 file=/data/alice/ipardoza/hadronization_production/HF_RUN3_V1/raw/MONASH/hf_MONASH_job987.root
SIGMAB_COUNTS tag=MONASH species=Sigma*_b- pdg=5114 slice=eta_ge_2 p=29 a=24 file=/data/alice/ipardoza/hadronization_production/HF_RUN3_V1/raw/MONASH/hf_MONASH_job987.root
SIGMAB_COUNTS tag=MONASH species=Lambda_b0 pdg=5122 slice=all p=330 a=318 file=/data/alice/ipardoza/hadronization_production/HF_RUN3_V1/raw/MONASH/hf_MONASH_job987.root
SIGMAB_COUNTS tag=MONASH species=Lambda_b0 pdg=5122 slice=eta_lt_1 p=66 a=53 file=/data/alice/ipardoza/hadronization_production/HF_RUN3_V1/raw/MONASH/hf_MONASH_job987.root
SIGMAB_COUNTS tag=MONASH species=Lambda_b0 pdg=5122 slice=eta_1_2 p=83 a=71 file=/data/alice/ipardoza/hadronization_production/HF_RUN3_V1/raw/MONASH/hf_MONASH_job987.root
SIGMAB_COUNTS tag=MONASH species=Lambda_b0 pdg=5122 slice=eta_ge_2 p=181 a=194 file=/data/alice/ipardoza/hadronization_production/HF_RUN3_V1/raw/MONASH/hf_MONASH_job987.root
SIGMAB_COUNTS tag=MONASH species=Xi_b0 pdg=5232 slice=all p=64 a=60 file=/data/alice/ipardoza/hadronization_production/HF_RUN3_V1/raw/MONASH/hf_MONASH_job987.root
SIGMAB_COUNTS tag=MONASH species=Xi_b0 pdg=5232 slice=eta_lt_1 p=14 a=9 file=/data/alice/ipardoza/hadronization_production/HF_RUN3_V1/raw/MONASH/hf_MONASH_job987.root
SIGMAB_COUNTS tag=MONASH species=Xi_b0 pdg=5232 slice=eta_1_2 p=12 a=14 file=/data/alice/ipardoza/hadronization_production/HF_RUN3_V1/raw/MONASH/hf_MONASH_job987.root
SIGMAB_COUNTS tag=MONASH species=Xi_b0 pdg=5232 slice=eta_ge_2 p=38 a=37 file=/data/alice/ipardoza/hadronization_production/HF_RUN3_V1/raw/MONASH/hf_MONASH_job987.root
SIGMAB_COUNTS tag=MONASH species=Xi_b- pdg=5132 slice=all p=66 a=48 file=/data/alice/ipardoza/hadronization_production/HF_RUN3_V1/raw/MONASH/hf_MONASH_job987.root
SIGMAB_COUNTS tag=MONASH species=Xi_b- pdg=5132 slice=eta_lt_1 p=10 a=8 file=/data/alice/ipardoza/hadronization_production/HF_RUN3_V1/raw/MONASH/hf_MONASH_job987.root
SIGMAB_COUNTS tag=MONASH species=Xi_b- pdg=5132 slice=eta_1_2 p=14 a=7 file=/data/alice/ipardoza/hadronization_production/HF_RUN3_V1/raw/MONASH/hf_MONASH_job987.root
SIGMAB_COUNTS tag=MONASH species=Xi_b- pdg=5132 slice=eta_ge_2 p=42 a=33 file=/data/alice/ipardoza/hadronization_production/HF_RUN3_V1/raw/MONASH/hf_MONASH_job987.root
SIGMAB_COUNTS tag=MONASH species=Sigma_b+ pdg=5222 slice=all p=44 a=13 file=/data/alice/ipardoza/hadronization_production/HF_RUN3_V1/raw/MONASH/hf_MONASH_job988.root
SIGMAB_COUNTS tag=MONASH species=Sigma_b+ pdg=5222 slice=eta_lt_1 p=5 a=4 file=/data/alice/ipardoza/hadronization_production/HF_RUN3_V1/raw/MONASH/hf_MONASH_job988.root
SIGMAB_COUNTS tag=MONASH species=Sigma_b+ pdg=5222 slice=eta_1_2 p=11 a=4 file=/data/alice/ipardoza/hadronization_production/HF_RUN3_V1/raw/MONASH/hf_MONASH_job988.root
SIGMAB_COUNTS tag=MONASH species=Sigma_b+ pdg=5222 slice=eta_ge_2 p=28 a=5 file=/data/alice/ipardoza/hadronization_production/HF_RUN3_V1/raw/MONASH/hf_MONASH_job988.root
SIGMAB_COUNTS tag=MONASH species=Sigma_b0 pdg=5212 slice=all p=39 a=20 file=/data/alice/ipardoza/hadronization_production/HF_RUN3_V1/raw/MONASH/hf_MONASH_job988.root
SIGMAB_COUNTS tag=MONASH species=Sigma_b0 pdg=5212 slice=eta_lt_1 p=7 a=5 file=/data/alice/ipardoza/hadronization_production/HF_RUN3_V1/raw/MONASH/hf_MONASH_job988.root
SIGMAB_COUNTS tag=MONASH species=Sigma_b0 pdg=5212 slice=eta_1_2 p=8 a=1 file=/data/alice/ipardoza/hadronization_production/HF_RUN3_V1/raw/MONASH/hf_MONASH_job988.root
SIGMAB_COUNTS tag=MONASH species=Sigma_b0 pdg=5212 slice=eta_ge_2 p=24 a=14 file=/data/alice/ipardoza/hadronization_production/HF_RUN3_V1/raw/MONASH/hf_MONASH_job988.root
SIGMAB_COUNTS tag=MONASH species=Sigma_b- pdg=5112 slice=all p=32 a=16 file=/data/alice/ipardoza/hadronization_production/HF_RUN3_V1/raw/MONASH/hf_MONASH_job988.root
SIGMAB_COUNTS tag=MONASH species=Sigma_b- pdg=5112 slice=eta_lt_1 p=9 a=2 file=/data/alice/ipardoza/hadronization_production/HF_RUN3_V1/raw/MONASH/hf_MONASH_job988.root
SIGMAB_COUNTS tag=MONASH species=Sigma_b- pdg=5112 slice=eta_1_2 p=5 a=3 file=/data/alice/ipardoza/hadronization_production/HF_RUN3_V1/raw/MONASH/hf_MONASH_job988.root
SIGMAB_COUNTS tag=MONASH species=Sigma_b- pdg=5112 slice=eta_ge_2 p=18 a=11 file=/data/alice/ipardoza/hadronization_production/HF_RUN3_V1/raw/MONASH/hf_MONASH_job988.root
SIGMAB_COUNTS tag=MONASH species=Sigma*_b+ pdg=5224 slice=all p=60 a=38 file=/data/alice/ipardoza/hadronization_production/HF_RUN3_V1/raw/MONASH/hf_MONASH_job988.root
SIGMAB_COUNTS tag=MONASH species=Sigma*_b+ pdg=5224 slice=eta_lt_1 p=16 a=9 file=/data/alice/ipardoza/hadronization_production/HF_RUN3_V1/raw/MONASH/hf_MONASH_job988.root
SIGMAB_COUNTS tag=MONASH species=Sigma*_b+ pdg=5224 slice=eta_1_2 p=10 a=6 file=/data/alice/ipardoza/hadronization_production/HF_RUN3_V1/raw/MONASH/hf_MONASH_job988.root
SIGMAB_COUNTS tag=MONASH species=Sigma*_b+ pdg=5224 slice=eta_ge_2 p=34 a=23 file=/data/alice/ipardoza/hadronization_production/HF_RUN3_V1/raw/MONASH/hf_MONASH_job988.root
SIGMAB_COUNTS tag=MONASH species=Sigma*_b0 pdg=5214 slice=all p=47 a=50 file=/data/alice/ipardoza/hadronization_production/HF_RUN3_V1/raw/MONASH/hf_MONASH_job988.root
SIGMAB_COUNTS tag=MONASH species=Sigma*_b0 pdg=5214 slice=eta_lt_1 p=7 a=10 file=/data/alice/ipardoza/hadronization_production/HF_RUN3_V1/raw/MONASH/hf_MONASH_job988.root
SIGMAB_COUNTS tag=MONASH species=Sigma*_b0 pdg=5214 slice=eta_1_2 p=9 a=15 file=/data/alice/ipardoza/hadronization_production/HF_RUN3_V1/raw/MONASH/hf_MONASH_job988.root
SIGMAB_COUNTS tag=MONASH species=Sigma*_b0 pdg=5214 slice=eta_ge_2 p=31 a=25 file=/data/alice/ipardoza/hadronization_production/HF_RUN3_V1/raw/MONASH/hf_MONASH_job988.root
SIGMAB_COUNTS tag=MONASH species=Sigma*_b- pdg=5114 slice=all p=59 a=45 file=/data/alice/ipardoza/hadronization_production/HF_RUN3_V1/raw/MONASH/hf_MONASH_job988.root
SIGMAB_COUNTS tag=MONASH species=Sigma*_b- pdg=5114 slice=eta_lt_1 p=5 a=5 file=/data/alice/ipardoza/hadronization_production/HF_RUN3_V1/raw/MONASH/hf_MONASH_job988.root
SIGMAB_COUNTS tag=MONASH species=Sigma*_b- pdg=5114 slice=eta_1_2 p=15 a=8 file=/data/alice/ipardoza/hadronization_production/HF_RUN3_V1/raw/MONASH/hf_MONASH_job988.root
SIGMAB_COUNTS tag=MONASH species=Sigma*_b- pdg=5114 slice=eta_ge_2 p=39 a=32 file=/data/alice/ipardoza/hadronization_production/HF_RUN3_V1/raw/MONASH/hf_MONASH_job988.root
SIGMAB_COUNTS tag=MONASH species=Lambda_b0 pdg=5122 slice=all p=331 a=321 file=/data/alice/ipardoza/hadronization_production/HF_RUN3_V1/raw/MONASH/hf_MONASH_job988.root
SIGMAB_COUNTS tag=MONASH species=Lambda_b0 pdg=5122 slice=eta_lt_1 p=62 a=63 file=/data/alice/ipardoza/hadronization_production/HF_RUN3_V1/raw/MONASH/hf_MONASH_job988.root
SIGMAB_COUNTS tag=MONASH species=Lambda_b0 pdg=5122 slice=eta_1_2 p=65 a=69 file=/data/alice/ipardoza/hadronization_production/HF_RUN3_V1/raw/MONASH/hf_MONASH_job988.root
SIGMAB_COUNTS tag=MONASH species=Lambda_b0 pdg=5122 slice=eta_ge_2 p=204 a=189 file=/data/alice/ipardoza/hadronization_production/HF_RUN3_V1/raw/MONASH/hf_MONASH_job988.root
SIGMAB_COUNTS tag=MONASH species=Xi_b0 pdg=5232 slice=all p=64 a=56 file=/data/alice/ipardoza/hadronization_production/HF_RUN3_V1/raw/MONASH/hf_MONASH_job988.root
SIGMAB_COUNTS tag=MONASH species=Xi_b0 pdg=5232 slice=eta_lt_1 p=16 a=10 file=/data/alice/ipardoza/hadronization_production/HF_RUN3_V1/raw/MONASH/hf_MONASH_job988.root
SIGMAB_COUNTS tag=MONASH species=Xi_b0 pdg=5232 slice=eta_1_2 p=7 a=14 file=/data/alice/ipardoza/hadronization_production/HF_RUN3_V1/raw/MONASH/hf_MONASH_job988.root
SIGMAB_COUNTS tag=MONASH species=Xi_b0 pdg=5232 slice=eta_ge_2 p=41 a=32 file=/data/alice/ipardoza/hadronization_production/HF_RUN3_V1/raw/MONASH/hf_MONASH_job988.root
SIGMAB_COUNTS tag=MONASH species=Xi_b- pdg=5132 slice=all p=56 a=63 file=/data/alice/ipardoza/hadronization_production/HF_RUN3_V1/raw/MONASH/hf_MONASH_job988.root
SIGMAB_COUNTS tag=MONASH species=Xi_b- pdg=5132 slice=eta_lt_1 p=7 a=15 file=/data/alice/ipardoza/hadronization_production/HF_RUN3_V1/raw/MONASH/hf_MONASH_job988.root
SIGMAB_COUNTS tag=MONASH species=Xi_b- pdg=5132 slice=eta_1_2 p=8 a=10 file=/data/alice/ipardoza/hadronization_production/HF_RUN3_V1/raw/MONASH/hf_MONASH_job988.root
SIGMAB_COUNTS tag=MONASH species=Xi_b- pdg=5132 slice=eta_ge_2 p=41 a=38 file=/data/alice/ipardoza/hadronization_production/HF_RUN3_V1/raw/MONASH/hf_MONASH_job988.root
SIGMAB_COUNTS tag=MONASH species=Sigma_b+ pdg=5222 slice=all p=42 a=17 file=/data/alice/ipardoza/hadronization_production/HF_RUN3_V1/raw/MONASH/hf_MONASH_job989.root
SIGMAB_COUNTS tag=MONASH species=Sigma_b+ pdg=5222 slice=eta_lt_1 p=14 a=0 file=/data/alice/ipardoza/hadronization_production/HF_RUN3_V1/raw/MONASH/hf_MONASH_job989.root
SIGMAB_COUNTS tag=MONASH species=Sigma_b+ pdg=5222 slice=eta_1_2 p=7 a=3 file=/data/alice/ipardoza/hadronization_production/HF_RUN3_V1/raw/MONASH/hf_MONASH_job989.root
SIGMAB_COUNTS tag=MONASH species=Sigma_b+ pdg=5222 slice=eta_ge_2 p=21 a=14 file=/data/alice/ipardoza/hadronization_production/HF_RUN3_V1/raw/MONASH/hf_MONASH_job989.root
SIGMAB_COUNTS tag=MONASH species=Sigma_b0 pdg=5212 slice=all p=45 a=15 file=/data/alice/ipardoza/hadronization_production/HF_RUN3_V1/raw/MONASH/hf_MONASH_job989.root
SIGMAB_COUNTS tag=MONASH species=Sigma_b0 pdg=5212 slice=eta_lt_1 p=8 a=4 file=/data/alice/ipardoza/hadronization_production/HF_RUN3_V1/raw/MONASH/hf_MONASH_job989.root
SIGMAB_COUNTS tag=MONASH species=Sigma_b0 pdg=5212 slice=eta_1_2 p=11 a=3 file=/data/alice/ipardoza/hadronization_production/HF_RUN3_V1/raw/MONASH/hf_MONASH_job989.root
SIGMAB_COUNTS tag=MONASH species=Sigma_b0 pdg=5212 slice=eta_ge_2 p=26 a=8 file=/data/alice/ipardoza/hadronization_production/HF_RUN3_V1/raw/MONASH/hf_MONASH_job989.root
SIGMAB_COUNTS tag=MONASH species=Sigma_b- pdg=5112 slice=all p=34 a=22 file=/data/alice/ipardoza/hadronization_production/HF_RUN3_V1/raw/MONASH/hf_MONASH_job989.root
SIGMAB_COUNTS tag=MONASH species=Sigma_b- pdg=5112 slice=eta_lt_1 p=1 a=6 file=/data/alice/ipardoza/hadronization_production/HF_RUN3_V1/raw/MONASH/hf_MONASH_job989.root
SIGMAB_COUNTS tag=MONASH species=Sigma_b- pdg=5112 slice=eta_1_2 p=13 a=3 file=/data/alice/ipardoza/hadronization_production/HF_RUN3_V1/raw/MONASH/hf_MONASH_job989.root
SIGMAB_COUNTS tag=MONASH species=Sigma_b- pdg=5112 slice=eta_ge_2 p=20 a=13 file=/data/alice/ipardoza/hadronization_production/HF_RUN3_V1/raw/MONASH/hf_MONASH_job989.root
SIGMAB_COUNTS tag=MONASH species=Sigma*_b+ pdg=5224 slice=all p=54 a=53 file=/data/alice/ipardoza/hadronization_production/HF_RUN3_V1/raw/MONASH/hf_MONASH_job989.root
SIGMAB_COUNTS tag=MONASH species=Sigma*_b+ pdg=5224 slice=eta_lt_1 p=9 a=12 file=/data/alice/ipardoza/hadronization_production/HF_RUN3_V1/raw/MONASH/hf_MONASH_job989.root
SIGMAB_COUNTS tag=MONASH species=Sigma*_b+ pdg=5224 slice=eta_1_2 p=18 a=9 file=/data/alice/ipardoza/hadronization_production/HF_RUN3_V1/raw/MONASH/hf_MONASH_job989.root
SIGMAB_COUNTS tag=MONASH species=Sigma*_b+ pdg=5224 slice=eta_ge_2 p=27 a=32 file=/data/alice/ipardoza/hadronization_production/HF_RUN3_V1/raw/MONASH/hf_MONASH_job989.root
SIGMAB_COUNTS tag=MONASH species=Sigma*_b0 pdg=5214 slice=all p=57 a=37 file=/data/alice/ipardoza/hadronization_production/HF_RUN3_V1/raw/MONASH/hf_MONASH_job989.root
SIGMAB_COUNTS tag=MONASH species=Sigma*_b0 pdg=5214 slice=eta_lt_1 p=10 a=3 file=/data/alice/ipardoza/hadronization_production/HF_RUN3_V1/raw/MONASH/hf_MONASH_job989.root
SIGMAB_COUNTS tag=MONASH species=Sigma*_b0 pdg=5214 slice=eta_1_2 p=14 a=9 file=/data/alice/ipardoza/hadronization_production/HF_RUN3_V1/raw/MONASH/hf_MONASH_job989.root
SIGMAB_COUNTS tag=MONASH species=Sigma*_b0 pdg=5214 slice=eta_ge_2 p=33 a=25 file=/data/alice/ipardoza/hadronization_production/HF_RUN3_V1/raw/MONASH/hf_MONASH_job989.root
SIGMAB_COUNTS tag=MONASH species=Sigma*_b- pdg=5114 slice=all p=59 a=46 file=/data/alice/ipardoza/hadronization_production/HF_RUN3_V1/raw/MONASH/hf_MONASH_job989.root
SIGMAB_COUNTS tag=MONASH species=Sigma*_b- pdg=5114 slice=eta_lt_1 p=9 a=7 file=/data/alice/ipardoza/hadronization_production/HF_RUN3_V1/raw/MONASH/hf_MONASH_job989.root
SIGMAB_COUNTS tag=MONASH species=Sigma*_b- pdg=5114 slice=eta_1_2 p=19 a=11 file=/data/alice/ipardoza/hadronization_production/HF_RUN3_V1/raw/MONASH/hf_MONASH_job989.root
SIGMAB_COUNTS tag=MONASH species=Sigma*_b- pdg=5114 slice=eta_ge_2 p=31 a=28 file=/data/alice/ipardoza/hadronization_production/HF_RUN3_V1/raw/MONASH/hf_MONASH_job989.root
SIGMAB_COUNTS tag=MONASH species=Lambda_b0 pdg=5122 slice=all p=333 a=316 file=/data/alice/ipardoza/hadronization_production/HF_RUN3_V1/raw/MONASH/hf_MONASH_job989.root
SIGMAB_COUNTS tag=MONASH species=Lambda_b0 pdg=5122 slice=eta_lt_1 p=70 a=68 file=/data/alice/ipardoza/hadronization_production/HF_RUN3_V1/raw/MONASH/hf_MONASH_job989.root
SIGMAB_COUNTS tag=MONASH species=Lambda_b0 pdg=5122 slice=eta_1_2 p=68 a=72 file=/data/alice/ipardoza/hadronization_production/HF_RUN3_V1/raw/MONASH/hf_MONASH_job989.root
SIGMAB_COUNTS tag=MONASH species=Lambda_b0 pdg=5122 slice=eta_ge_2 p=195 a=176 file=/data/alice/ipardoza/hadronization_production/HF_RUN3_V1/raw/MONASH/hf_MONASH_job989.root
SIGMAB_COUNTS tag=MONASH species=Xi_b0 pdg=5232 slice=all p=46 a=46 file=/data/alice/ipardoza/hadronization_production/HF_RUN3_V1/raw/MONASH/hf_MONASH_job989.root
SIGMAB_COUNTS tag=MONASH species=Xi_b0 pdg=5232 slice=eta_lt_1 p=5 a=12 file=/data/alice/ipardoza/hadronization_production/HF_RUN3_V1/raw/MONASH/hf_MONASH_job989.root
SIGMAB_COUNTS tag=MONASH species=Xi_b0 pdg=5232 slice=eta_1_2 p=9 a=9 file=/data/alice/ipardoza/hadronization_production/HF_RUN3_V1/raw/MONASH/hf_MONASH_job989.root
SIGMAB_COUNTS tag=MONASH species=Xi_b0 pdg=5232 slice=eta_ge_2 p=32 a=25 file=/data/alice/ipardoza/hadronization_production/HF_RUN3_V1/raw/MONASH/hf_MONASH_job989.root
SIGMAB_COUNTS tag=MONASH species=Xi_b- pdg=5132 slice=all p=40 a=51 file=/data/alice/ipardoza/hadronization_production/HF_RUN3_V1/raw/MONASH/hf_MONASH_job989.root
SIGMAB_COUNTS tag=MONASH species=Xi_b- pdg=5132 slice=eta_lt_1 p=3 a=11 file=/data/alice/ipardoza/hadronization_production/HF_RUN3_V1/raw/MONASH/hf_MONASH_job989.root
SIGMAB_COUNTS tag=MONASH species=Xi_b- pdg=5132 slice=eta_1_2 p=12 a=15 file=/data/alice/ipardoza/hadronization_production/HF_RUN3_V1/raw/MONASH/hf_MONASH_job989.root
SIGMAB_COUNTS tag=MONASH species=Xi_b- pdg=5132 slice=eta_ge_2 p=25 a=25 file=/data/alice/ipardoza/hadronization_production/HF_RUN3_V1/raw/MONASH/hf_MONASH_job989.root
SIGMAB_COUNTS tag=MONASH species=Sigma_b+ pdg=5222 slice=all p=45 a=19 file=/data/alice/ipardoza/hadronization_production/HF_RUN3_V1/raw/MONASH/hf_MONASH_job990.root
SIGMAB_COUNTS tag=MONASH species=Sigma_b+ pdg=5222 slice=eta_lt_1 p=4 a=4 file=/data/alice/ipardoza/hadronization_production/HF_RUN3_V1/raw/MONASH/hf_MONASH_job990.root
SIGMAB_COUNTS tag=MONASH species=Sigma_b+ pdg=5222 slice=eta_1_2 p=15 a=2 file=/data/alice/ipardoza/hadronization_production/HF_RUN3_V1/raw/MONASH/hf_MONASH_job990.root
SIGMAB_COUNTS tag=MONASH species=Sigma_b+ pdg=5222 slice=eta_ge_2 p=26 a=13 file=/data/alice/ipardoza/hadronization_production/HF_RUN3_V1/raw/MONASH/hf_MONASH_job990.root
SIGMAB_COUNTS tag=MONASH species=Sigma_b0 pdg=5212 slice=all p=40 a=22 file=/data/alice/ipardoza/hadronization_production/HF_RUN3_V1/raw/MONASH/hf_MONASH_job990.root
SIGMAB_COUNTS tag=MONASH species=Sigma_b0 pdg=5212 slice=eta_lt_1 p=7 a=3 file=/data/alice/ipardoza/hadronization_production/HF_RUN3_V1/raw/MONASH/hf_MONASH_job990.root
SIGMAB_COUNTS tag=MONASH species=Sigma_b0 pdg=5212 slice=eta_1_2 p=15 a=6 file=/data/alice/ipardoza/hadronization_production/HF_RUN3_V1/raw/MONASH/hf_MONASH_job990.root
SIGMAB_COUNTS tag=MONASH species=Sigma_b0 pdg=5212 slice=eta_ge_2 p=18 a=13 file=/data/alice/ipardoza/hadronization_production/HF_RUN3_V1/raw/MONASH/hf_MONASH_job990.root
SIGMAB_COUNTS tag=MONASH species=Sigma_b- pdg=5112 slice=all p=40 a=17 file=/data/alice/ipardoza/hadronization_production/HF_RUN3_V1/raw/MONASH/hf_MONASH_job990.root
SIGMAB_COUNTS tag=MONASH species=Sigma_b- pdg=5112 slice=eta_lt_1 p=10 a=2 file=/data/alice/ipardoza/hadronization_production/HF_RUN3_V1/raw/MONASH/hf_MONASH_job990.root
SIGMAB_COUNTS tag=MONASH species=Sigma_b- pdg=5112 slice=eta_1_2 p=7 a=0 file=/data/alice/ipardoza/hadronization_production/HF_RUN3_V1/raw/MONASH/hf_MONASH_job990.root
SIGMAB_COUNTS tag=MONASH species=Sigma_b- pdg=5112 slice=eta_ge_2 p=23 a=15 file=/data/alice/ipardoza/hadronization_production/HF_RUN3_V1/raw/MONASH/hf_MONASH_job990.root
SIGMAB_COUNTS tag=MONASH species=Sigma*_b+ pdg=5224 slice=all p=66 a=32 file=/data/alice/ipardoza/hadronization_production/HF_RUN3_V1/raw/MONASH/hf_MONASH_job990.root
SIGMAB_COUNTS tag=MONASH species=Sigma*_b+ pdg=5224 slice=eta_lt_1 p=14 a=5 file=/data/alice/ipardoza/hadronization_production/HF_RUN3_V1/raw/MONASH/hf_MONASH_job990.root
SIGMAB_COUNTS tag=MONASH species=Sigma*_b+ pdg=5224 slice=eta_1_2 p=12 a=7 file=/data/alice/ipardoza/hadronization_production/HF_RUN3_V1/raw/MONASH/hf_MONASH_job990.root
SIGMAB_COUNTS tag=MONASH species=Sigma*_b+ pdg=5224 slice=eta_ge_2 p=40 a=20 file=/data/alice/ipardoza/hadronization_production/HF_RUN3_V1/raw/MONASH/hf_MONASH_job990.root
SIGMAB_COUNTS tag=MONASH species=Sigma*_b0 pdg=5214 slice=all p=52 a=39 file=/data/alice/ipardoza/hadronization_production/HF_RUN3_V1/raw/MONASH/hf_MONASH_job990.root
SIGMAB_COUNTS tag=MONASH species=Sigma*_b0 pdg=5214 slice=eta_lt_1 p=7 a=3 file=/data/alice/ipardoza/hadronization_production/HF_RUN3_V1/raw/MONASH/hf_MONASH_job990.root
SIGMAB_COUNTS tag=MONASH species=Sigma*_b0 pdg=5214 slice=eta_1_2 p=11 a=10 file=/data/alice/ipardoza/hadronization_production/HF_RUN3_V1/raw/MONASH/hf_MONASH_job990.root
SIGMAB_COUNTS tag=MONASH species=Sigma*_b0 pdg=5214 slice=eta_ge_2 p=34 a=26 file=/data/alice/ipardoza/hadronization_production/HF_RUN3_V1/raw/MONASH/hf_MONASH_job990.root
SIGMAB_COUNTS tag=MONASH species=Sigma*_b- pdg=5114 slice=all p=52 a=47 file=/data/alice/ipardoza/hadronization_production/HF_RUN3_V1/raw/MONASH/hf_MONASH_job990.root
SIGMAB_COUNTS tag=MONASH species=Sigma*_b- pdg=5114 slice=eta_lt_1 p=9 a=6 file=/data/alice/ipardoza/hadronization_production/HF_RUN3_V1/raw/MONASH/hf_MONASH_job990.root
SIGMAB_COUNTS tag=MONASH species=Sigma*_b- pdg=5114 slice=eta_1_2 p=10 a=12 file=/data/alice/ipardoza/hadronization_production/HF_RUN3_V1/raw/MONASH/hf_MONASH_job990.root
SIGMAB_COUNTS tag=MONASH species=Sigma*_b- pdg=5114 slice=eta_ge_2 p=33 a=29 file=/data/alice/ipardoza/hadronization_production/HF_RUN3_V1/raw/MONASH/hf_MONASH_job990.root
SIGMAB_COUNTS tag=MONASH species=Lambda_b0 pdg=5122 slice=all p=336 a=333 file=/data/alice/ipardoza/hadronization_production/HF_RUN3_V1/raw/MONASH/hf_MONASH_job990.root
SIGMAB_COUNTS tag=MONASH species=Lambda_b0 pdg=5122 slice=eta_lt_1 p=61 a=67 file=/data/alice/ipardoza/hadronization_production/HF_RUN3_V1/raw/MONASH/hf_MONASH_job990.root
SIGMAB_COUNTS tag=MONASH species=Lambda_b0 pdg=5122 slice=eta_1_2 p=67 a=94 file=/data/alice/ipardoza/hadronization_production/HF_RUN3_V1/raw/MONASH/hf_MONASH_job990.root
SIGMAB_COUNTS tag=MONASH species=Lambda_b0 pdg=5122 slice=eta_ge_2 p=208 a=172 file=/data/alice/ipardoza/hadronization_production/HF_RUN3_V1/raw/MONASH/hf_MONASH_job990.root
SIGMAB_COUNTS tag=MONASH species=Xi_b0 pdg=5232 slice=all p=59 a=64 file=/data/alice/ipardoza/hadronization_production/HF_RUN3_V1/raw/MONASH/hf_MONASH_job990.root
SIGMAB_COUNTS tag=MONASH species=Xi_b0 pdg=5232 slice=eta_lt_1 p=4 a=11 file=/data/alice/ipardoza/hadronization_production/HF_RUN3_V1/raw/MONASH/hf_MONASH_job990.root
SIGMAB_COUNTS tag=MONASH species=Xi_b0 pdg=5232 slice=eta_1_2 p=18 a=12 file=/data/alice/ipardoza/hadronization_production/HF_RUN3_V1/raw/MONASH/hf_MONASH_job990.root
SIGMAB_COUNTS tag=MONASH species=Xi_b0 pdg=5232 slice=eta_ge_2 p=37 a=41 file=/data/alice/ipardoza/hadronization_production/HF_RUN3_V1/raw/MONASH/hf_MONASH_job990.root
SIGMAB_COUNTS tag=MONASH species=Xi_b- pdg=5132 slice=all p=64 a=69 file=/data/alice/ipardoza/hadronization_production/HF_RUN3_V1/raw/MONASH/hf_MONASH_job990.root
SIGMAB_COUNTS tag=MONASH species=Xi_b- pdg=5132 slice=eta_lt_1 p=9 a=15 file=/data/alice/ipardoza/hadronization_production/HF_RUN3_V1/raw/MONASH/hf_MONASH_job990.root
SIGMAB_COUNTS tag=MONASH species=Xi_b- pdg=5132 slice=eta_1_2 p=14 a=9 file=/data/alice/ipardoza/hadronization_production/HF_RUN3_V1/raw/MONASH/hf_MONASH_job990.root
SIGMAB_COUNTS tag=MONASH species=Xi_b- pdg=5132 slice=eta_ge_2 p=41 a=45 file=/data/alice/ipardoza/hadronization_production/HF_RUN3_V1/raw/MONASH/hf_MONASH_job990.root
SIGMAB_COUNTS tag=MONASH species=Sigma_b+ pdg=5222 slice=all p=48 a=15 file=/data/alice/ipardoza/hadronization_production/HF_RUN3_V1/raw/MONASH/hf_MONASH_job991.root
SIGMAB_COUNTS tag=MONASH species=Sigma_b+ pdg=5222 slice=eta_lt_1 p=14 a=2 file=/data/alice/ipardoza/hadronization_production/HF_RUN3_V1/raw/MONASH/hf_MONASH_job991.root
SIGMAB_COUNTS tag=MONASH species=Sigma_b+ pdg=5222 slice=eta_1_2 p=7 a=3 file=/data/alice/ipardoza/hadronization_production/HF_RUN3_V1/raw/MONASH/hf_MONASH_job991.root
SIGMAB_COUNTS tag=MONASH species=Sigma_b+ pdg=5222 slice=eta_ge_2 p=27 a=10 file=/data/alice/ipardoza/hadronization_production/HF_RUN3_V1/raw/MONASH/hf_MONASH_job991.root
SIGMAB_COUNTS tag=MONASH species=Sigma_b0 pdg=5212 slice=all p=42 a=26 file=/data/alice/ipardoza/hadronization_production/HF_RUN3_V1/raw/MONASH/hf_MONASH_job991.root
SIGMAB_COUNTS tag=MONASH species=Sigma_b0 pdg=5212 slice=eta_lt_1 p=7 a=3 file=/data/alice/ipardoza/hadronization_production/HF_RUN3_V1/raw/MONASH/hf_MONASH_job991.root
SIGMAB_COUNTS tag=MONASH species=Sigma_b0 pdg=5212 slice=eta_1_2 p=13 a=4 file=/data/alice/ipardoza/hadronization_production/HF_RUN3_V1/raw/MONASH/hf_MONASH_job991.root
SIGMAB_COUNTS tag=MONASH species=Sigma_b0 pdg=5212 slice=eta_ge_2 p=22 a=19 file=/data/alice/ipardoza/hadronization_production/HF_RUN3_V1/raw/MONASH/hf_MONASH_job991.root
SIGMAB_COUNTS tag=MONASH species=Sigma_b- pdg=5112 slice=all p=36 a=31 file=/data/alice/ipardoza/hadronization_production/HF_RUN3_V1/raw/MONASH/hf_MONASH_job991.root
SIGMAB_COUNTS tag=MONASH species=Sigma_b- pdg=5112 slice=eta_lt_1 p=5 a=7 file=/data/alice/ipardoza/hadronization_production/HF_RUN3_V1/raw/MONASH/hf_MONASH_job991.root
SIGMAB_COUNTS tag=MONASH species=Sigma_b- pdg=5112 slice=eta_1_2 p=5 a=7 file=/data/alice/ipardoza/hadronization_production/HF_RUN3_V1/raw/MONASH/hf_MONASH_job991.root
SIGMAB_COUNTS tag=MONASH species=Sigma_b- pdg=5112 slice=eta_ge_2 p=26 a=17 file=/data/alice/ipardoza/hadronization_production/HF_RUN3_V1/raw/MONASH/hf_MONASH_job991.root
SIGMAB_COUNTS tag=MONASH species=Sigma*_b+ pdg=5224 slice=all p=51 a=46 file=/data/alice/ipardoza/hadronization_production/HF_RUN3_V1/raw/MONASH/hf_MONASH_job991.root
SIGMAB_COUNTS tag=MONASH species=Sigma*_b+ pdg=5224 slice=eta_lt_1 p=12 a=14 file=/data/alice/ipardoza/hadronization_production/HF_RUN3_V1/raw/MONASH/hf_MONASH_job991.root
SIGMAB_COUNTS tag=MONASH species=Sigma*_b+ pdg=5224 slice=eta_1_2 p=9 a=11 file=/data/alice/ipardoza/hadronization_production/HF_RUN3_V1/raw/MONASH/hf_MONASH_job991.root
SIGMAB_COUNTS tag=MONASH species=Sigma*_b+ pdg=5224 slice=eta_ge_2 p=30 a=21 file=/data/alice/ipardoza/hadronization_production/HF_RUN3_V1/raw/MONASH/hf_MONASH_job991.root
SIGMAB_COUNTS tag=MONASH species=Sigma*_b0 pdg=5214 slice=all p=61 a=47 file=/data/alice/ipardoza/hadronization_production/HF_RUN3_V1/raw/MONASH/hf_MONASH_job991.root
SIGMAB_COUNTS tag=MONASH species=Sigma*_b0 pdg=5214 slice=eta_lt_1 p=9 a=7 file=/data/alice/ipardoza/hadronization_production/HF_RUN3_V1/raw/MONASH/hf_MONASH_job991.root
SIGMAB_COUNTS tag=MONASH species=Sigma*_b0 pdg=5214 slice=eta_1_2 p=13 a=9 file=/data/alice/ipardoza/hadronization_production/HF_RUN3_V1/raw/MONASH/hf_MONASH_job991.root
SIGMAB_COUNTS tag=MONASH species=Sigma*_b0 pdg=5214 slice=eta_ge_2 p=39 a=31 file=/data/alice/ipardoza/hadronization_production/HF_RUN3_V1/raw/MONASH/hf_MONASH_job991.root
SIGMAB_COUNTS tag=MONASH species=Sigma*_b- pdg=5114 slice=all p=45 a=40 file=/data/alice/ipardoza/hadronization_production/HF_RUN3_V1/raw/MONASH/hf_MONASH_job991.root
SIGMAB_COUNTS tag=MONASH species=Sigma*_b- pdg=5114 slice=eta_lt_1 p=7 a=6 file=/data/alice/ipardoza/hadronization_production/HF_RUN3_V1/raw/MONASH/hf_MONASH_job991.root
SIGMAB_COUNTS tag=MONASH species=Sigma*_b- pdg=5114 slice=eta_1_2 p=18 a=6 file=/data/alice/ipardoza/hadronization_production/HF_RUN3_V1/raw/MONASH/hf_MONASH_job991.root
SIGMAB_COUNTS tag=MONASH species=Sigma*_b- pdg=5114 slice=eta_ge_2 p=20 a=28 file=/data/alice/ipardoza/hadronization_production/HF_RUN3_V1/raw/MONASH/hf_MONASH_job991.root
SIGMAB_COUNTS tag=MONASH species=Lambda_b0 pdg=5122 slice=all p=339 a=306 file=/data/alice/ipardoza/hadronization_production/HF_RUN3_V1/raw/MONASH/hf_MONASH_job991.root
SIGMAB_COUNTS tag=MONASH species=Lambda_b0 pdg=5122 slice=eta_lt_1 p=61 a=59 file=/data/alice/ipardoza/hadronization_production/HF_RUN3_V1/raw/MONASH/hf_MONASH_job991.root
SIGMAB_COUNTS tag=MONASH species=Lambda_b0 pdg=5122 slice=eta_1_2 p=70 a=65 file=/data/alice/ipardoza/hadronization_production/HF_RUN3_V1/raw/MONASH/hf_MONASH_job991.root
SIGMAB_COUNTS tag=MONASH species=Lambda_b0 pdg=5122 slice=eta_ge_2 p=208 a=182 file=/data/alice/ipardoza/hadronization_production/HF_RUN3_V1/raw/MONASH/hf_MONASH_job991.root
SIGMAB_COUNTS tag=MONASH species=Xi_b0 pdg=5232 slice=all p=70 a=55 file=/data/alice/ipardoza/hadronization_production/HF_RUN3_V1/raw/MONASH/hf_MONASH_job991.root
SIGMAB_COUNTS tag=MONASH species=Xi_b0 pdg=5232 slice=eta_lt_1 p=16 a=9 file=/data/alice/ipardoza/hadronization_production/HF_RUN3_V1/raw/MONASH/hf_MONASH_job991.root
SIGMAB_COUNTS tag=MONASH species=Xi_b0 pdg=5232 slice=eta_1_2 p=19 a=12 file=/data/alice/ipardoza/hadronization_production/HF_RUN3_V1/raw/MONASH/hf_MONASH_job991.root
SIGMAB_COUNTS tag=MONASH species=Xi_b0 pdg=5232 slice=eta_ge_2 p=35 a=34 file=/data/alice/ipardoza/hadronization_production/HF_RUN3_V1/raw/MONASH/hf_MONASH_job991.root
SIGMAB_COUNTS tag=MONASH species=Xi_b- pdg=5132 slice=all p=57 a=67 file=/data/alice/ipardoza/hadronization_production/HF_RUN3_V1/raw/MONASH/hf_MONASH_job991.root
SIGMAB_COUNTS tag=MONASH species=Xi_b- pdg=5132 slice=eta_lt_1 p=12 a=9 file=/data/alice/ipardoza/hadronization_production/HF_RUN3_V1/raw/MONASH/hf_MONASH_job991.root
SIGMAB_COUNTS tag=MONASH species=Xi_b- pdg=5132 slice=eta_1_2 p=8 a=10 file=/data/alice/ipardoza/hadronization_production/HF_RUN3_V1/raw/MONASH/hf_MONASH_job991.root
SIGMAB_COUNTS tag=MONASH species=Xi_b- pdg=5132 slice=eta_ge_2 p=37 a=48 file=/data/alice/ipardoza/hadronization_production/HF_RUN3_V1/raw/MONASH/hf_MONASH_job991.root
SIGMAB_COUNTS tag=MONASH species=Sigma_b+ pdg=5222 slice=all p=37 a=24 file=/data/alice/ipardoza/hadronization_production/HF_RUN3_V1/raw/MONASH/hf_MONASH_job992.root
SIGMAB_COUNTS tag=MONASH species=Sigma_b+ pdg=5222 slice=eta_lt_1 p=8 a=5 file=/data/alice/ipardoza/hadronization_production/HF_RUN3_V1/raw/MONASH/hf_MONASH_job992.root
SIGMAB_COUNTS tag=MONASH species=Sigma_b+ pdg=5222 slice=eta_1_2 p=7 a=6 file=/data/alice/ipardoza/hadronization_production/HF_RUN3_V1/raw/MONASH/hf_MONASH_job992.root
SIGMAB_COUNTS tag=MONASH species=Sigma_b+ pdg=5222 slice=eta_ge_2 p=22 a=13 file=/data/alice/ipardoza/hadronization_production/HF_RUN3_V1/raw/MONASH/hf_MONASH_job992.root
SIGMAB_COUNTS tag=MONASH species=Sigma_b0 pdg=5212 slice=all p=45 a=21 file=/data/alice/ipardoza/hadronization_production/HF_RUN3_V1/raw/MONASH/hf_MONASH_job992.root
SIGMAB_COUNTS tag=MONASH species=Sigma_b0 pdg=5212 slice=eta_lt_1 p=7 a=8 file=/data/alice/ipardoza/hadronization_production/HF_RUN3_V1/raw/MONASH/hf_MONASH_job992.root
SIGMAB_COUNTS tag=MONASH species=Sigma_b0 pdg=5212 slice=eta_1_2 p=4 a=3 file=/data/alice/ipardoza/hadronization_production/HF_RUN3_V1/raw/MONASH/hf_MONASH_job992.root
SIGMAB_COUNTS tag=MONASH species=Sigma_b0 pdg=5212 slice=eta_ge_2 p=34 a=10 file=/data/alice/ipardoza/hadronization_production/HF_RUN3_V1/raw/MONASH/hf_MONASH_job992.root
SIGMAB_COUNTS tag=MONASH species=Sigma_b- pdg=5112 slice=all p=43 a=15 file=/data/alice/ipardoza/hadronization_production/HF_RUN3_V1/raw/MONASH/hf_MONASH_job992.root
SIGMAB_COUNTS tag=MONASH species=Sigma_b- pdg=5112 slice=eta_lt_1 p=8 a=3 file=/data/alice/ipardoza/hadronization_production/HF_RUN3_V1/raw/MONASH/hf_MONASH_job992.root
SIGMAB_COUNTS tag=MONASH species=Sigma_b- pdg=5112 slice=eta_1_2 p=7 a=2 file=/data/alice/ipardoza/hadronization_production/HF_RUN3_V1/raw/MONASH/hf_MONASH_job992.root
SIGMAB_COUNTS tag=MONASH species=Sigma_b- pdg=5112 slice=eta_ge_2 p=28 a=10 file=/data/alice/ipardoza/hadronization_production/HF_RUN3_V1/raw/MONASH/hf_MONASH_job992.root
SIGMAB_COUNTS tag=MONASH species=Sigma*_b+ pdg=5224 slice=all p=41 a=34 file=/data/alice/ipardoza/hadronization_production/HF_RUN3_V1/raw/MONASH/hf_MONASH_job992.root
SIGMAB_COUNTS tag=MONASH species=Sigma*_b+ pdg=5224 slice=eta_lt_1 p=5 a=3 file=/data/alice/ipardoza/hadronization_production/HF_RUN3_V1/raw/MONASH/hf_MONASH_job992.root
SIGMAB_COUNTS tag=MONASH species=Sigma*_b+ pdg=5224 slice=eta_1_2 p=9 a=6 file=/data/alice/ipardoza/hadronization_production/HF_RUN3_V1/raw/MONASH/hf_MONASH_job992.root
SIGMAB_COUNTS tag=MONASH species=Sigma*_b+ pdg=5224 slice=eta_ge_2 p=27 a=25 file=/data/alice/ipardoza/hadronization_production/HF_RUN3_V1/raw/MONASH/hf_MONASH_job992.root
SIGMAB_COUNTS tag=MONASH species=Sigma*_b0 pdg=5214 slice=all p=59 a=54 file=/data/alice/ipardoza/hadronization_production/HF_RUN3_V1/raw/MONASH/hf_MONASH_job992.root
SIGMAB_COUNTS tag=MONASH species=Sigma*_b0 pdg=5214 slice=eta_lt_1 p=15 a=6 file=/data/alice/ipardoza/hadronization_production/HF_RUN3_V1/raw/MONASH/hf_MONASH_job992.root
SIGMAB_COUNTS tag=MONASH species=Sigma*_b0 pdg=5214 slice=eta_1_2 p=15 a=15 file=/data/alice/ipardoza/hadronization_production/HF_RUN3_V1/raw/MONASH/hf_MONASH_job992.root
SIGMAB_COUNTS tag=MONASH species=Sigma*_b0 pdg=5214 slice=eta_ge_2 p=29 a=33 file=/data/alice/ipardoza/hadronization_production/HF_RUN3_V1/raw/MONASH/hf_MONASH_job992.root
SIGMAB_COUNTS tag=MONASH species=Sigma*_b- pdg=5114 slice=all p=61 a=46 file=/data/alice/ipardoza/hadronization_production/HF_RUN3_V1/raw/MONASH/hf_MONASH_job992.root
SIGMAB_COUNTS tag=MONASH species=Sigma*_b- pdg=5114 slice=eta_lt_1 p=14 a=9 file=/data/alice/ipardoza/hadronization_production/HF_RUN3_V1/raw/MONASH/hf_MONASH_job992.root
SIGMAB_COUNTS tag=MONASH species=Sigma*_b- pdg=5114 slice=eta_1_2 p=13 a=9 file=/data/alice/ipardoza/hadronization_production/HF_RUN3_V1/raw/MONASH/hf_MONASH_job992.root
SIGMAB_COUNTS tag=MONASH species=Sigma*_b- pdg=5114 slice=eta_ge_2 p=34 a=28 file=/data/alice/ipardoza/hadronization_production/HF_RUN3_V1/raw/MONASH/hf_MONASH_job992.root
SIGMAB_COUNTS tag=MONASH species=Lambda_b0 pdg=5122 slice=all p=315 a=303 file=/data/alice/ipardoza/hadronization_production/HF_RUN3_V1/raw/MONASH/hf_MONASH_job992.root
SIGMAB_COUNTS tag=MONASH species=Lambda_b0 pdg=5122 slice=eta_lt_1 p=66 a=54 file=/data/alice/ipardoza/hadronization_production/HF_RUN3_V1/raw/MONASH/hf_MONASH_job992.root
SIGMAB_COUNTS tag=MONASH species=Lambda_b0 pdg=5122 slice=eta_1_2 p=79 a=65 file=/data/alice/ipardoza/hadronization_production/HF_RUN3_V1/raw/MONASH/hf_MONASH_job992.root
SIGMAB_COUNTS tag=MONASH species=Lambda_b0 pdg=5122 slice=eta_ge_2 p=170 a=184 file=/data/alice/ipardoza/hadronization_production/HF_RUN3_V1/raw/MONASH/hf_MONASH_job992.root
SIGMAB_COUNTS tag=MONASH species=Xi_b0 pdg=5232 slice=all p=54 a=60 file=/data/alice/ipardoza/hadronization_production/HF_RUN3_V1/raw/MONASH/hf_MONASH_job992.root
SIGMAB_COUNTS tag=MONASH species=Xi_b0 pdg=5232 slice=eta_lt_1 p=7 a=9 file=/data/alice/ipardoza/hadronization_production/HF_RUN3_V1/raw/MONASH/hf_MONASH_job992.root
SIGMAB_COUNTS tag=MONASH species=Xi_b0 pdg=5232 slice=eta_1_2 p=11 a=24 file=/data/alice/ipardoza/hadronization_production/HF_RUN3_V1/raw/MONASH/hf_MONASH_job992.root
SIGMAB_COUNTS tag=MONASH species=Xi_b0 pdg=5232 slice=eta_ge_2 p=36 a=27 file=/data/alice/ipardoza/hadronization_production/HF_RUN3_V1/raw/MONASH/hf_MONASH_job992.root
SIGMAB_COUNTS tag=MONASH species=Xi_b- pdg=5132 slice=all p=49 a=51 file=/data/alice/ipardoza/hadronization_production/HF_RUN3_V1/raw/MONASH/hf_MONASH_job992.root
SIGMAB_COUNTS tag=MONASH species=Xi_b- pdg=5132 slice=eta_lt_1 p=7 a=12 file=/data/alice/ipardoza/hadronization_production/HF_RUN3_V1/raw/MONASH/hf_MONASH_job992.root
SIGMAB_COUNTS tag=MONASH species=Xi_b- pdg=5132 slice=eta_1_2 p=6 a=13 file=/data/alice/ipardoza/hadronization_production/HF_RUN3_V1/raw/MONASH/hf_MONASH_job992.root
SIGMAB_COUNTS tag=MONASH species=Xi_b- pdg=5132 slice=eta_ge_2 p=36 a=26 file=/data/alice/ipardoza/hadronization_production/HF_RUN3_V1/raw/MONASH/hf_MONASH_job992.root
SIGMAB_COUNTS tag=MONASH species=Sigma_b+ pdg=5222 slice=all p=52 a=14 file=/data/alice/ipardoza/hadronization_production/HF_RUN3_V1/raw/MONASH/hf_MONASH_job993.root
SIGMAB_COUNTS tag=MONASH species=Sigma_b+ pdg=5222 slice=eta_lt_1 p=6 a=2 file=/data/alice/ipardoza/hadronization_production/HF_RUN3_V1/raw/MONASH/hf_MONASH_job993.root
SIGMAB_COUNTS tag=MONASH species=Sigma_b+ pdg=5222 slice=eta_1_2 p=16 a=3 file=/data/alice/ipardoza/hadronization_production/HF_RUN3_V1/raw/MONASH/hf_MONASH_job993.root
SIGMAB_COUNTS tag=MONASH species=Sigma_b+ pdg=5222 slice=eta_ge_2 p=30 a=9 file=/data/alice/ipardoza/hadronization_production/HF_RUN3_V1/raw/MONASH/hf_MONASH_job993.root
SIGMAB_COUNTS tag=MONASH species=Sigma_b0 pdg=5212 slice=all p=32 a=29 file=/data/alice/ipardoza/hadronization_production/HF_RUN3_V1/raw/MONASH/hf_MONASH_job993.root
SIGMAB_COUNTS tag=MONASH species=Sigma_b0 pdg=5212 slice=eta_lt_1 p=4 a=7 file=/data/alice/ipardoza/hadronization_production/HF_RUN3_V1/raw/MONASH/hf_MONASH_job993.root
SIGMAB_COUNTS tag=MONASH species=Sigma_b0 pdg=5212 slice=eta_1_2 p=3 a=5 file=/data/alice/ipardoza/hadronization_production/HF_RUN3_V1/raw/MONASH/hf_MONASH_job993.root
SIGMAB_COUNTS tag=MONASH species=Sigma_b0 pdg=5212 slice=eta_ge_2 p=25 a=17 file=/data/alice/ipardoza/hadronization_production/HF_RUN3_V1/raw/MONASH/hf_MONASH_job993.root
SIGMAB_COUNTS tag=MONASH species=Sigma_b- pdg=5112 slice=all p=29 a=22 file=/data/alice/ipardoza/hadronization_production/HF_RUN3_V1/raw/MONASH/hf_MONASH_job993.root
SIGMAB_COUNTS tag=MONASH species=Sigma_b- pdg=5112 slice=eta_lt_1 p=4 a=3 file=/data/alice/ipardoza/hadronization_production/HF_RUN3_V1/raw/MONASH/hf_MONASH_job993.root
SIGMAB_COUNTS tag=MONASH species=Sigma_b- pdg=5112 slice=eta_1_2 p=9 a=3 file=/data/alice/ipardoza/hadronization_production/HF_RUN3_V1/raw/MONASH/hf_MONASH_job993.root
SIGMAB_COUNTS tag=MONASH species=Sigma_b- pdg=5112 slice=eta_ge_2 p=16 a=16 file=/data/alice/ipardoza/hadronization_production/HF_RUN3_V1/raw/MONASH/hf_MONASH_job993.root
SIGMAB_COUNTS tag=MONASH species=Sigma*_b+ pdg=5224 slice=all p=53 a=38 file=/data/alice/ipardoza/hadronization_production/HF_RUN3_V1/raw/MONASH/hf_MONASH_job993.root
SIGMAB_COUNTS tag=MONASH species=Sigma*_b+ pdg=5224 slice=eta_lt_1 p=9 a=9 file=/data/alice/ipardoza/hadronization_production/HF_RUN3_V1/raw/MONASH/hf_MONASH_job993.root
SIGMAB_COUNTS tag=MONASH species=Sigma*_b+ pdg=5224 slice=eta_1_2 p=16 a=10 file=/data/alice/ipardoza/hadronization_production/HF_RUN3_V1/raw/MONASH/hf_MONASH_job993.root
SIGMAB_COUNTS tag=MONASH species=Sigma*_b+ pdg=5224 slice=eta_ge_2 p=28 a=19 file=/data/alice/ipardoza/hadronization_production/HF_RUN3_V1/raw/MONASH/hf_MONASH_job993.root
SIGMAB_COUNTS tag=MONASH species=Sigma*_b0 pdg=5214 slice=all p=50 a=33 file=/data/alice/ipardoza/hadronization_production/HF_RUN3_V1/raw/MONASH/hf_MONASH_job993.root
SIGMAB_COUNTS tag=MONASH species=Sigma*_b0 pdg=5214 slice=eta_lt_1 p=12 a=4 file=/data/alice/ipardoza/hadronization_production/HF_RUN3_V1/raw/MONASH/hf_MONASH_job993.root
SIGMAB_COUNTS tag=MONASH species=Sigma*_b0 pdg=5214 slice=eta_1_2 p=10 a=6 file=/data/alice/ipardoza/hadronization_production/HF_RUN3_V1/raw/MONASH/hf_MONASH_job993.root
SIGMAB_COUNTS tag=MONASH species=Sigma*_b0 pdg=5214 slice=eta_ge_2 p=28 a=23 file=/data/alice/ipardoza/hadronization_production/HF_RUN3_V1/raw/MONASH/hf_MONASH_job993.root
SIGMAB_COUNTS tag=MONASH species=Sigma*_b- pdg=5114 slice=all p=33 a=44 file=/data/alice/ipardoza/hadronization_production/HF_RUN3_V1/raw/MONASH/hf_MONASH_job993.root
SIGMAB_COUNTS tag=MONASH species=Sigma*_b- pdg=5114 slice=eta_lt_1 p=4 a=7 file=/data/alice/ipardoza/hadronization_production/HF_RUN3_V1/raw/MONASH/hf_MONASH_job993.root
SIGMAB_COUNTS tag=MONASH species=Sigma*_b- pdg=5114 slice=eta_1_2 p=9 a=15 file=/data/alice/ipardoza/hadronization_production/HF_RUN3_V1/raw/MONASH/hf_MONASH_job993.root
SIGMAB_COUNTS tag=MONASH species=Sigma*_b- pdg=5114 slice=eta_ge_2 p=20 a=22 file=/data/alice/ipardoza/hadronization_production/HF_RUN3_V1/raw/MONASH/hf_MONASH_job993.root
SIGMAB_COUNTS tag=MONASH species=Lambda_b0 pdg=5122 slice=all p=305 a=317 file=/data/alice/ipardoza/hadronization_production/HF_RUN3_V1/raw/MONASH/hf_MONASH_job993.root
SIGMAB_COUNTS tag=MONASH species=Lambda_b0 pdg=5122 slice=eta_lt_1 p=56 a=57 file=/data/alice/ipardoza/hadronization_production/HF_RUN3_V1/raw/MONASH/hf_MONASH_job993.root
SIGMAB_COUNTS tag=MONASH species=Lambda_b0 pdg=5122 slice=eta_1_2 p=67 a=56 file=/data/alice/ipardoza/hadronization_production/HF_RUN3_V1/raw/MONASH/hf_MONASH_job993.root
SIGMAB_COUNTS tag=MONASH species=Lambda_b0 pdg=5122 slice=eta_ge_2 p=182 a=204 file=/data/alice/ipardoza/hadronization_production/HF_RUN3_V1/raw/MONASH/hf_MONASH_job993.root
SIGMAB_COUNTS tag=MONASH species=Xi_b0 pdg=5232 slice=all p=58 a=56 file=/data/alice/ipardoza/hadronization_production/HF_RUN3_V1/raw/MONASH/hf_MONASH_job993.root
SIGMAB_COUNTS tag=MONASH species=Xi_b0 pdg=5232 slice=eta_lt_1 p=17 a=15 file=/data/alice/ipardoza/hadronization_production/HF_RUN3_V1/raw/MONASH/hf_MONASH_job993.root
SIGMAB_COUNTS tag=MONASH species=Xi_b0 pdg=5232 slice=eta_1_2 p=11 a=15 file=/data/alice/ipardoza/hadronization_production/HF_RUN3_V1/raw/MONASH/hf_MONASH_job993.root
SIGMAB_COUNTS tag=MONASH species=Xi_b0 pdg=5232 slice=eta_ge_2 p=30 a=26 file=/data/alice/ipardoza/hadronization_production/HF_RUN3_V1/raw/MONASH/hf_MONASH_job993.root
SIGMAB_COUNTS tag=MONASH species=Xi_b- pdg=5132 slice=all p=55 a=53 file=/data/alice/ipardoza/hadronization_production/HF_RUN3_V1/raw/MONASH/hf_MONASH_job993.root
SIGMAB_COUNTS tag=MONASH species=Xi_b- pdg=5132 slice=eta_lt_1 p=9 a=9 file=/data/alice/ipardoza/hadronization_production/HF_RUN3_V1/raw/MONASH/hf_MONASH_job993.root
SIGMAB_COUNTS tag=MONASH species=Xi_b- pdg=5132 slice=eta_1_2 p=12 a=13 file=/data/alice/ipardoza/hadronization_production/HF_RUN3_V1/raw/MONASH/hf_MONASH_job993.root
SIGMAB_COUNTS tag=MONASH species=Xi_b- pdg=5132 slice=eta_ge_2 p=34 a=31 file=/data/alice/ipardoza/hadronization_production/HF_RUN3_V1/raw/MONASH/hf_MONASH_job993.root
SIGMAB_COUNTS tag=MONASH species=Sigma_b+ pdg=5222 slice=all p=39 a=17 file=/data/alice/ipardoza/hadronization_production/HF_RUN3_V1/raw/MONASH/hf_MONASH_job994.root
SIGMAB_COUNTS tag=MONASH species=Sigma_b+ pdg=5222 slice=eta_lt_1 p=7 a=1 file=/data/alice/ipardoza/hadronization_production/HF_RUN3_V1/raw/MONASH/hf_MONASH_job994.root
SIGMAB_COUNTS tag=MONASH species=Sigma_b+ pdg=5222 slice=eta_1_2 p=8 a=5 file=/data/alice/ipardoza/hadronization_production/HF_RUN3_V1/raw/MONASH/hf_MONASH_job994.root
SIGMAB_COUNTS tag=MONASH species=Sigma_b+ pdg=5222 slice=eta_ge_2 p=24 a=11 file=/data/alice/ipardoza/hadronization_production/HF_RUN3_V1/raw/MONASH/hf_MONASH_job994.root
SIGMAB_COUNTS tag=MONASH species=Sigma_b0 pdg=5212 slice=all p=32 a=13 file=/data/alice/ipardoza/hadronization_production/HF_RUN3_V1/raw/MONASH/hf_MONASH_job994.root
SIGMAB_COUNTS tag=MONASH species=Sigma_b0 pdg=5212 slice=eta_lt_1 p=4 a=1 file=/data/alice/ipardoza/hadronization_production/HF_RUN3_V1/raw/MONASH/hf_MONASH_job994.root
SIGMAB_COUNTS tag=MONASH species=Sigma_b0 pdg=5212 slice=eta_1_2 p=8 a=2 file=/data/alice/ipardoza/hadronization_production/HF_RUN3_V1/raw/MONASH/hf_MONASH_job994.root
SIGMAB_COUNTS tag=MONASH species=Sigma_b0 pdg=5212 slice=eta_ge_2 p=20 a=10 file=/data/alice/ipardoza/hadronization_production/HF_RUN3_V1/raw/MONASH/hf_MONASH_job994.root
SIGMAB_COUNTS tag=MONASH species=Sigma_b- pdg=5112 slice=all p=30 a=16 file=/data/alice/ipardoza/hadronization_production/HF_RUN3_V1/raw/MONASH/hf_MONASH_job994.root
SIGMAB_COUNTS tag=MONASH species=Sigma_b- pdg=5112 slice=eta_lt_1 p=3 a=1 file=/data/alice/ipardoza/hadronization_production/HF_RUN3_V1/raw/MONASH/hf_MONASH_job994.root
SIGMAB_COUNTS tag=MONASH species=Sigma_b- pdg=5112 slice=eta_1_2 p=4 a=3 file=/data/alice/ipardoza/hadronization_production/HF_RUN3_V1/raw/MONASH/hf_MONASH_job994.root
SIGMAB_COUNTS tag=MONASH species=Sigma_b- pdg=5112 slice=eta_ge_2 p=23 a=12 file=/data/alice/ipardoza/hadronization_production/HF_RUN3_V1/raw/MONASH/hf_MONASH_job994.root
SIGMAB_COUNTS tag=MONASH species=Sigma*_b+ pdg=5224 slice=all p=66 a=41 file=/data/alice/ipardoza/hadronization_production/HF_RUN3_V1/raw/MONASH/hf_MONASH_job994.root
SIGMAB_COUNTS tag=MONASH species=Sigma*_b+ pdg=5224 slice=eta_lt_1 p=9 a=6 file=/data/alice/ipardoza/hadronization_production/HF_RUN3_V1/raw/MONASH/hf_MONASH_job994.root
SIGMAB_COUNTS tag=MONASH species=Sigma*_b+ pdg=5224 slice=eta_1_2 p=13 a=10 file=/data/alice/ipardoza/hadronization_production/HF_RUN3_V1/raw/MONASH/hf_MONASH_job994.root
SIGMAB_COUNTS tag=MONASH species=Sigma*_b+ pdg=5224 slice=eta_ge_2 p=44 a=25 file=/data/alice/ipardoza/hadronization_production/HF_RUN3_V1/raw/MONASH/hf_MONASH_job994.root
SIGMAB_COUNTS tag=MONASH species=Sigma*_b0 pdg=5214 slice=all p=58 a=47 file=/data/alice/ipardoza/hadronization_production/HF_RUN3_V1/raw/MONASH/hf_MONASH_job994.root
SIGMAB_COUNTS tag=MONASH species=Sigma*_b0 pdg=5214 slice=eta_lt_1 p=13 a=6 file=/data/alice/ipardoza/hadronization_production/HF_RUN3_V1/raw/MONASH/hf_MONASH_job994.root
SIGMAB_COUNTS tag=MONASH species=Sigma*_b0 pdg=5214 slice=eta_1_2 p=10 a=10 file=/data/alice/ipardoza/hadronization_production/HF_RUN3_V1/raw/MONASH/hf_MONASH_job994.root
SIGMAB_COUNTS tag=MONASH species=Sigma*_b0 pdg=5214 slice=eta_ge_2 p=35 a=31 file=/data/alice/ipardoza/hadronization_production/HF_RUN3_V1/raw/MONASH/hf_MONASH_job994.root
SIGMAB_COUNTS tag=MONASH species=Sigma*_b- pdg=5114 slice=all p=50 a=40 file=/data/alice/ipardoza/hadronization_production/HF_RUN3_V1/raw/MONASH/hf_MONASH_job994.root
SIGMAB_COUNTS tag=MONASH species=Sigma*_b- pdg=5114 slice=eta_lt_1 p=7 a=4 file=/data/alice/ipardoza/hadronization_production/HF_RUN3_V1/raw/MONASH/hf_MONASH_job994.root
SIGMAB_COUNTS tag=MONASH species=Sigma*_b- pdg=5114 slice=eta_1_2 p=9 a=9 file=/data/alice/ipardoza/hadronization_production/HF_RUN3_V1/raw/MONASH/hf_MONASH_job994.root
SIGMAB_COUNTS tag=MONASH species=Sigma*_b- pdg=5114 slice=eta_ge_2 p=34 a=27 file=/data/alice/ipardoza/hadronization_production/HF_RUN3_V1/raw/MONASH/hf_MONASH_job994.root
SIGMAB_COUNTS tag=MONASH species=Lambda_b0 pdg=5122 slice=all p=285 a=321 file=/data/alice/ipardoza/hadronization_production/HF_RUN3_V1/raw/MONASH/hf_MONASH_job994.root
SIGMAB_COUNTS tag=MONASH species=Lambda_b0 pdg=5122 slice=eta_lt_1 p=62 a=49 file=/data/alice/ipardoza/hadronization_production/HF_RUN3_V1/raw/MONASH/hf_MONASH_job994.root
SIGMAB_COUNTS tag=MONASH species=Lambda_b0 pdg=5122 slice=eta_1_2 p=69 a=70 file=/data/alice/ipardoza/hadronization_production/HF_RUN3_V1/raw/MONASH/hf_MONASH_job994.root
SIGMAB_COUNTS tag=MONASH species=Lambda_b0 pdg=5122 slice=eta_ge_2 p=154 a=202 file=/data/alice/ipardoza/hadronization_production/HF_RUN3_V1/raw/MONASH/hf_MONASH_job994.root
SIGMAB_COUNTS tag=MONASH species=Xi_b0 pdg=5232 slice=all p=55 a=59 file=/data/alice/ipardoza/hadronization_production/HF_RUN3_V1/raw/MONASH/hf_MONASH_job994.root
SIGMAB_COUNTS tag=MONASH species=Xi_b0 pdg=5232 slice=eta_lt_1 p=12 a=12 file=/data/alice/ipardoza/hadronization_production/HF_RUN3_V1/raw/MONASH/hf_MONASH_job994.root
SIGMAB_COUNTS tag=MONASH species=Xi_b0 pdg=5232 slice=eta_1_2 p=13 a=7 file=/data/alice/ipardoza/hadronization_production/HF_RUN3_V1/raw/MONASH/hf_MONASH_job994.root
SIGMAB_COUNTS tag=MONASH species=Xi_b0 pdg=5232 slice=eta_ge_2 p=30 a=40 file=/data/alice/ipardoza/hadronization_production/HF_RUN3_V1/raw/MONASH/hf_MONASH_job994.root
SIGMAB_COUNTS tag=MONASH species=Xi_b- pdg=5132 slice=all p=62 a=53 file=/data/alice/ipardoza/hadronization_production/HF_RUN3_V1/raw/MONASH/hf_MONASH_job994.root
SIGMAB_COUNTS tag=MONASH species=Xi_b- pdg=5132 slice=eta_lt_1 p=10 a=11 file=/data/alice/ipardoza/hadronization_production/HF_RUN3_V1/raw/MONASH/hf_MONASH_job994.root
SIGMAB_COUNTS tag=MONASH species=Xi_b- pdg=5132 slice=eta_1_2 p=13 a=10 file=/data/alice/ipardoza/hadronization_production/HF_RUN3_V1/raw/MONASH/hf_MONASH_job994.root
SIGMAB_COUNTS tag=MONASH species=Xi_b- pdg=5132 slice=eta_ge_2 p=39 a=32 file=/data/alice/ipardoza/hadronization_production/HF_RUN3_V1/raw/MONASH/hf_MONASH_job994.root
SIGMAB_COUNTS tag=MONASH species=Sigma_b+ pdg=5222 slice=all p=30 a=24 file=/data/alice/ipardoza/hadronization_production/HF_RUN3_V1/raw/MONASH/hf_MONASH_job995.root
SIGMAB_COUNTS tag=MONASH species=Sigma_b+ pdg=5222 slice=eta_lt_1 p=6 a=2 file=/data/alice/ipardoza/hadronization_production/HF_RUN3_V1/raw/MONASH/hf_MONASH_job995.root
SIGMAB_COUNTS tag=MONASH species=Sigma_b+ pdg=5222 slice=eta_1_2 p=6 a=5 file=/data/alice/ipardoza/hadronization_production/HF_RUN3_V1/raw/MONASH/hf_MONASH_job995.root
SIGMAB_COUNTS tag=MONASH species=Sigma_b+ pdg=5222 slice=eta_ge_2 p=18 a=17 file=/data/alice/ipardoza/hadronization_production/HF_RUN3_V1/raw/MONASH/hf_MONASH_job995.root
SIGMAB_COUNTS tag=MONASH species=Sigma_b0 pdg=5212 slice=all p=39 a=14 file=/data/alice/ipardoza/hadronization_production/HF_RUN3_V1/raw/MONASH/hf_MONASH_job995.root
SIGMAB_COUNTS tag=MONASH species=Sigma_b0 pdg=5212 slice=eta_lt_1 p=8 a=3 file=/data/alice/ipardoza/hadronization_production/HF_RUN3_V1/raw/MONASH/hf_MONASH_job995.root
SIGMAB_COUNTS tag=MONASH species=Sigma_b0 pdg=5212 slice=eta_1_2 p=7 a=4 file=/data/alice/ipardoza/hadronization_production/HF_RUN3_V1/raw/MONASH/hf_MONASH_job995.root
SIGMAB_COUNTS tag=MONASH species=Sigma_b0 pdg=5212 slice=eta_ge_2 p=24 a=7 file=/data/alice/ipardoza/hadronization_production/HF_RUN3_V1/raw/MONASH/hf_MONASH_job995.root
SIGMAB_COUNTS tag=MONASH species=Sigma_b- pdg=5112 slice=all p=25 a=15 file=/data/alice/ipardoza/hadronization_production/HF_RUN3_V1/raw/MONASH/hf_MONASH_job995.root
SIGMAB_COUNTS tag=MONASH species=Sigma_b- pdg=5112 slice=eta_lt_1 p=6 a=3 file=/data/alice/ipardoza/hadronization_production/HF_RUN3_V1/raw/MONASH/hf_MONASH_job995.root
SIGMAB_COUNTS tag=MONASH species=Sigma_b- pdg=5112 slice=eta_1_2 p=2 a=1 file=/data/alice/ipardoza/hadronization_production/HF_RUN3_V1/raw/MONASH/hf_MONASH_job995.root
SIGMAB_COUNTS tag=MONASH species=Sigma_b- pdg=5112 slice=eta_ge_2 p=17 a=11 file=/data/alice/ipardoza/hadronization_production/HF_RUN3_V1/raw/MONASH/hf_MONASH_job995.root
SIGMAB_COUNTS tag=MONASH species=Sigma*_b+ pdg=5224 slice=all p=35 a=36 file=/data/alice/ipardoza/hadronization_production/HF_RUN3_V1/raw/MONASH/hf_MONASH_job995.root
SIGMAB_COUNTS tag=MONASH species=Sigma*_b+ pdg=5224 slice=eta_lt_1 p=9 a=5 file=/data/alice/ipardoza/hadronization_production/HF_RUN3_V1/raw/MONASH/hf_MONASH_job995.root
SIGMAB_COUNTS tag=MONASH species=Sigma*_b+ pdg=5224 slice=eta_1_2 p=4 a=5 file=/data/alice/ipardoza/hadronization_production/HF_RUN3_V1/raw/MONASH/hf_MONASH_job995.root
SIGMAB_COUNTS tag=MONASH species=Sigma*_b+ pdg=5224 slice=eta_ge_2 p=22 a=26 file=/data/alice/ipardoza/hadronization_production/HF_RUN3_V1/raw/MONASH/hf_MONASH_job995.root
SIGMAB_COUNTS tag=MONASH species=Sigma*_b0 pdg=5214 slice=all p=47 a=44 file=/data/alice/ipardoza/hadronization_production/HF_RUN3_V1/raw/MONASH/hf_MONASH_job995.root
SIGMAB_COUNTS tag=MONASH species=Sigma*_b0 pdg=5214 slice=eta_lt_1 p=13 a=9 file=/data/alice/ipardoza/hadronization_production/HF_RUN3_V1/raw/MONASH/hf_MONASH_job995.root
SIGMAB_COUNTS tag=MONASH species=Sigma*_b0 pdg=5214 slice=eta_1_2 p=10 a=10 file=/data/alice/ipardoza/hadronization_production/HF_RUN3_V1/raw/MONASH/hf_MONASH_job995.root
SIGMAB_COUNTS tag=MONASH species=Sigma*_b0 pdg=5214 slice=eta_ge_2 p=24 a=25 file=/data/alice/ipardoza/hadronization_production/HF_RUN3_V1/raw/MONASH/hf_MONASH_job995.root
SIGMAB_COUNTS tag=MONASH species=Sigma*_b- pdg=5114 slice=all p=65 a=43 file=/data/alice/ipardoza/hadronization_production/HF_RUN3_V1/raw/MONASH/hf_MONASH_job995.root
SIGMAB_COUNTS tag=MONASH species=Sigma*_b- pdg=5114 slice=eta_lt_1 p=12 a=13 file=/data/alice/ipardoza/hadronization_production/HF_RUN3_V1/raw/MONASH/hf_MONASH_job995.root
SIGMAB_COUNTS tag=MONASH species=Sigma*_b- pdg=5114 slice=eta_1_2 p=10 a=6 file=/data/alice/ipardoza/hadronization_production/HF_RUN3_V1/raw/MONASH/hf_MONASH_job995.root
SIGMAB_COUNTS tag=MONASH species=Sigma*_b- pdg=5114 slice=eta_ge_2 p=43 a=24 file=/data/alice/ipardoza/hadronization_production/HF_RUN3_V1/raw/MONASH/hf_MONASH_job995.root
SIGMAB_COUNTS tag=MONASH species=Lambda_b0 pdg=5122 slice=all p=371 a=322 file=/data/alice/ipardoza/hadronization_production/HF_RUN3_V1/raw/MONASH/hf_MONASH_job995.root
SIGMAB_COUNTS tag=MONASH species=Lambda_b0 pdg=5122 slice=eta_lt_1 p=74 a=66 file=/data/alice/ipardoza/hadronization_production/HF_RUN3_V1/raw/MONASH/hf_MONASH_job995.root
SIGMAB_COUNTS tag=MONASH species=Lambda_b0 pdg=5122 slice=eta_1_2 p=68 a=57 file=/data/alice/ipardoza/hadronization_production/HF_RUN3_V1/raw/MONASH/hf_MONASH_job995.root
SIGMAB_COUNTS tag=MONASH species=Lambda_b0 pdg=5122 slice=eta_ge_2 p=229 a=199 file=/data/alice/ipardoza/hadronization_production/HF_RUN3_V1/raw/MONASH/hf_MONASH_job995.root
SIGMAB_COUNTS tag=MONASH species=Xi_b0 pdg=5232 slice=all p=64 a=61 file=/data/alice/ipardoza/hadronization_production/HF_RUN3_V1/raw/MONASH/hf_MONASH_job995.root
SIGMAB_COUNTS tag=MONASH species=Xi_b0 pdg=5232 slice=eta_lt_1 p=9 a=6 file=/data/alice/ipardoza/hadronization_production/HF_RUN3_V1/raw/MONASH/hf_MONASH_job995.root
SIGMAB_COUNTS tag=MONASH species=Xi_b0 pdg=5232 slice=eta_1_2 p=16 a=15 file=/data/alice/ipardoza/hadronization_production/HF_RUN3_V1/raw/MONASH/hf_MONASH_job995.root
SIGMAB_COUNTS tag=MONASH species=Xi_b0 pdg=5232 slice=eta_ge_2 p=39 a=40 file=/data/alice/ipardoza/hadronization_production/HF_RUN3_V1/raw/MONASH/hf_MONASH_job995.root
SIGMAB_COUNTS tag=MONASH species=Xi_b- pdg=5132 slice=all p=68 a=54 file=/data/alice/ipardoza/hadronization_production/HF_RUN3_V1/raw/MONASH/hf_MONASH_job995.root
SIGMAB_COUNTS tag=MONASH species=Xi_b- pdg=5132 slice=eta_lt_1 p=12 a=7 file=/data/alice/ipardoza/hadronization_production/HF_RUN3_V1/raw/MONASH/hf_MONASH_job995.root
SIGMAB_COUNTS tag=MONASH species=Xi_b- pdg=5132 slice=eta_1_2 p=20 a=14 file=/data/alice/ipardoza/hadronization_production/HF_RUN3_V1/raw/MONASH/hf_MONASH_job995.root
SIGMAB_COUNTS tag=MONASH species=Xi_b- pdg=5132 slice=eta_ge_2 p=36 a=33 file=/data/alice/ipardoza/hadronization_production/HF_RUN3_V1/raw/MONASH/hf_MONASH_job995.root
SIGMAB_COUNTS tag=MONASH species=Sigma_b+ pdg=5222 slice=all p=29 a=16 file=/data/alice/ipardoza/hadronization_production/HF_RUN3_V1/raw/MONASH/hf_MONASH_job996.root
SIGMAB_COUNTS tag=MONASH species=Sigma_b+ pdg=5222 slice=eta_lt_1 p=2 a=2 file=/data/alice/ipardoza/hadronization_production/HF_RUN3_V1/raw/MONASH/hf_MONASH_job996.root
SIGMAB_COUNTS tag=MONASH species=Sigma_b+ pdg=5222 slice=eta_1_2 p=10 a=6 file=/data/alice/ipardoza/hadronization_production/HF_RUN3_V1/raw/MONASH/hf_MONASH_job996.root
SIGMAB_COUNTS tag=MONASH species=Sigma_b+ pdg=5222 slice=eta_ge_2 p=17 a=8 file=/data/alice/ipardoza/hadronization_production/HF_RUN3_V1/raw/MONASH/hf_MONASH_job996.root
SIGMAB_COUNTS tag=MONASH species=Sigma_b0 pdg=5212 slice=all p=31 a=15 file=/data/alice/ipardoza/hadronization_production/HF_RUN3_V1/raw/MONASH/hf_MONASH_job996.root
SIGMAB_COUNTS tag=MONASH species=Sigma_b0 pdg=5212 slice=eta_lt_1 p=7 a=1 file=/data/alice/ipardoza/hadronization_production/HF_RUN3_V1/raw/MONASH/hf_MONASH_job996.root
SIGMAB_COUNTS tag=MONASH species=Sigma_b0 pdg=5212 slice=eta_1_2 p=5 a=6 file=/data/alice/ipardoza/hadronization_production/HF_RUN3_V1/raw/MONASH/hf_MONASH_job996.root
SIGMAB_COUNTS tag=MONASH species=Sigma_b0 pdg=5212 slice=eta_ge_2 p=19 a=8 file=/data/alice/ipardoza/hadronization_production/HF_RUN3_V1/raw/MONASH/hf_MONASH_job996.root
SIGMAB_COUNTS tag=MONASH species=Sigma_b- pdg=5112 slice=all p=28 a=20 file=/data/alice/ipardoza/hadronization_production/HF_RUN3_V1/raw/MONASH/hf_MONASH_job996.root
SIGMAB_COUNTS tag=MONASH species=Sigma_b- pdg=5112 slice=eta_lt_1 p=9 a=5 file=/data/alice/ipardoza/hadronization_production/HF_RUN3_V1/raw/MONASH/hf_MONASH_job996.root
SIGMAB_COUNTS tag=MONASH species=Sigma_b- pdg=5112 slice=eta_1_2 p=5 a=5 file=/data/alice/ipardoza/hadronization_production/HF_RUN3_V1/raw/MONASH/hf_MONASH_job996.root
SIGMAB_COUNTS tag=MONASH species=Sigma_b- pdg=5112 slice=eta_ge_2 p=14 a=10 file=/data/alice/ipardoza/hadronization_production/HF_RUN3_V1/raw/MONASH/hf_MONASH_job996.root
SIGMAB_COUNTS tag=MONASH species=Sigma*_b+ pdg=5224 slice=all p=46 a=46 file=/data/alice/ipardoza/hadronization_production/HF_RUN3_V1/raw/MONASH/hf_MONASH_job996.root
SIGMAB_COUNTS tag=MONASH species=Sigma*_b+ pdg=5224 slice=eta_lt_1 p=8 a=2 file=/data/alice/ipardoza/hadronization_production/HF_RUN3_V1/raw/MONASH/hf_MONASH_job996.root
SIGMAB_COUNTS tag=MONASH species=Sigma*_b+ pdg=5224 slice=eta_1_2 p=11 a=21 file=/data/alice/ipardoza/hadronization_production/HF_RUN3_V1/raw/MONASH/hf_MONASH_job996.root
SIGMAB_COUNTS tag=MONASH species=Sigma*_b+ pdg=5224 slice=eta_ge_2 p=27 a=23 file=/data/alice/ipardoza/hadronization_production/HF_RUN3_V1/raw/MONASH/hf_MONASH_job996.root
SIGMAB_COUNTS tag=MONASH species=Sigma*_b0 pdg=5214 slice=all p=55 a=42 file=/data/alice/ipardoza/hadronization_production/HF_RUN3_V1/raw/MONASH/hf_MONASH_job996.root
SIGMAB_COUNTS tag=MONASH species=Sigma*_b0 pdg=5214 slice=eta_lt_1 p=12 a=5 file=/data/alice/ipardoza/hadronization_production/HF_RUN3_V1/raw/MONASH/hf_MONASH_job996.root
SIGMAB_COUNTS tag=MONASH species=Sigma*_b0 pdg=5214 slice=eta_1_2 p=12 a=8 file=/data/alice/ipardoza/hadronization_production/HF_RUN3_V1/raw/MONASH/hf_MONASH_job996.root
SIGMAB_COUNTS tag=MONASH species=Sigma*_b0 pdg=5214 slice=eta_ge_2 p=31 a=29 file=/data/alice/ipardoza/hadronization_production/HF_RUN3_V1/raw/MONASH/hf_MONASH_job996.root
SIGMAB_COUNTS tag=MONASH species=Sigma*_b- pdg=5114 slice=all p=49 a=33 file=/data/alice/ipardoza/hadronization_production/HF_RUN3_V1/raw/MONASH/hf_MONASH_job996.root
SIGMAB_COUNTS tag=MONASH species=Sigma*_b- pdg=5114 slice=eta_lt_1 p=13 a=8 file=/data/alice/ipardoza/hadronization_production/HF_RUN3_V1/raw/MONASH/hf_MONASH_job996.root
SIGMAB_COUNTS tag=MONASH species=Sigma*_b- pdg=5114 slice=eta_1_2 p=11 a=5 file=/data/alice/ipardoza/hadronization_production/HF_RUN3_V1/raw/MONASH/hf_MONASH_job996.root
SIGMAB_COUNTS tag=MONASH species=Sigma*_b- pdg=5114 slice=eta_ge_2 p=25 a=20 file=/data/alice/ipardoza/hadronization_production/HF_RUN3_V1/raw/MONASH/hf_MONASH_job996.root
SIGMAB_COUNTS tag=MONASH species=Lambda_b0 pdg=5122 slice=all p=288 a=342 file=/data/alice/ipardoza/hadronization_production/HF_RUN3_V1/raw/MONASH/hf_MONASH_job996.root
SIGMAB_COUNTS tag=MONASH species=Lambda_b0 pdg=5122 slice=eta_lt_1 p=46 a=61 file=/data/alice/ipardoza/hadronization_production/HF_RUN3_V1/raw/MONASH/hf_MONASH_job996.root
SIGMAB_COUNTS tag=MONASH species=Lambda_b0 pdg=5122 slice=eta_1_2 p=72 a=70 file=/data/alice/ipardoza/hadronization_production/HF_RUN3_V1/raw/MONASH/hf_MONASH_job996.root
SIGMAB_COUNTS tag=MONASH species=Lambda_b0 pdg=5122 slice=eta_ge_2 p=170 a=211 file=/data/alice/ipardoza/hadronization_production/HF_RUN3_V1/raw/MONASH/hf_MONASH_job996.root
SIGMAB_COUNTS tag=MONASH species=Xi_b0 pdg=5232 slice=all p=47 a=63 file=/data/alice/ipardoza/hadronization_production/HF_RUN3_V1/raw/MONASH/hf_MONASH_job996.root
SIGMAB_COUNTS tag=MONASH species=Xi_b0 pdg=5232 slice=eta_lt_1 p=7 a=14 file=/data/alice/ipardoza/hadronization_production/HF_RUN3_V1/raw/MONASH/hf_MONASH_job996.root
SIGMAB_COUNTS tag=MONASH species=Xi_b0 pdg=5232 slice=eta_1_2 p=11 a=12 file=/data/alice/ipardoza/hadronization_production/HF_RUN3_V1/raw/MONASH/hf_MONASH_job996.root
SIGMAB_COUNTS tag=MONASH species=Xi_b0 pdg=5232 slice=eta_ge_2 p=29 a=37 file=/data/alice/ipardoza/hadronization_production/HF_RUN3_V1/raw/MONASH/hf_MONASH_job996.root
SIGMAB_COUNTS tag=MONASH species=Xi_b- pdg=5132 slice=all p=51 a=57 file=/data/alice/ipardoza/hadronization_production/HF_RUN3_V1/raw/MONASH/hf_MONASH_job996.root
SIGMAB_COUNTS tag=MONASH species=Xi_b- pdg=5132 slice=eta_lt_1 p=12 a=9 file=/data/alice/ipardoza/hadronization_production/HF_RUN3_V1/raw/MONASH/hf_MONASH_job996.root
SIGMAB_COUNTS tag=MONASH species=Xi_b- pdg=5132 slice=eta_1_2 p=12 a=14 file=/data/alice/ipardoza/hadronization_production/HF_RUN3_V1/raw/MONASH/hf_MONASH_job996.root
SIGMAB_COUNTS tag=MONASH species=Xi_b- pdg=5132 slice=eta_ge_2 p=27 a=34 file=/data/alice/ipardoza/hadronization_production/HF_RUN3_V1/raw/MONASH/hf_MONASH_job996.root
SIGMAB_COUNTS tag=MONASH species=Sigma_b+ pdg=5222 slice=all p=33 a=25 file=/data/alice/ipardoza/hadronization_production/HF_RUN3_V1/raw/MONASH/hf_MONASH_job997.root
SIGMAB_COUNTS tag=MONASH species=Sigma_b+ pdg=5222 slice=eta_lt_1 p=4 a=7 file=/data/alice/ipardoza/hadronization_production/HF_RUN3_V1/raw/MONASH/hf_MONASH_job997.root
SIGMAB_COUNTS tag=MONASH species=Sigma_b+ pdg=5222 slice=eta_1_2 p=6 a=7 file=/data/alice/ipardoza/hadronization_production/HF_RUN3_V1/raw/MONASH/hf_MONASH_job997.root
SIGMAB_COUNTS tag=MONASH species=Sigma_b+ pdg=5222 slice=eta_ge_2 p=23 a=11 file=/data/alice/ipardoza/hadronization_production/HF_RUN3_V1/raw/MONASH/hf_MONASH_job997.root
SIGMAB_COUNTS tag=MONASH species=Sigma_b0 pdg=5212 slice=all p=27 a=19 file=/data/alice/ipardoza/hadronization_production/HF_RUN3_V1/raw/MONASH/hf_MONASH_job997.root
SIGMAB_COUNTS tag=MONASH species=Sigma_b0 pdg=5212 slice=eta_lt_1 p=4 a=4 file=/data/alice/ipardoza/hadronization_production/HF_RUN3_V1/raw/MONASH/hf_MONASH_job997.root
SIGMAB_COUNTS tag=MONASH species=Sigma_b0 pdg=5212 slice=eta_1_2 p=2 a=4 file=/data/alice/ipardoza/hadronization_production/HF_RUN3_V1/raw/MONASH/hf_MONASH_job997.root
SIGMAB_COUNTS tag=MONASH species=Sigma_b0 pdg=5212 slice=eta_ge_2 p=21 a=11 file=/data/alice/ipardoza/hadronization_production/HF_RUN3_V1/raw/MONASH/hf_MONASH_job997.root
SIGMAB_COUNTS tag=MONASH species=Sigma_b- pdg=5112 slice=all p=43 a=30 file=/data/alice/ipardoza/hadronization_production/HF_RUN3_V1/raw/MONASH/hf_MONASH_job997.root
SIGMAB_COUNTS tag=MONASH species=Sigma_b- pdg=5112 slice=eta_lt_1 p=10 a=4 file=/data/alice/ipardoza/hadronization_production/HF_RUN3_V1/raw/MONASH/hf_MONASH_job997.root
SIGMAB_COUNTS tag=MONASH species=Sigma_b- pdg=5112 slice=eta_1_2 p=9 a=7 file=/data/alice/ipardoza/hadronization_production/HF_RUN3_V1/raw/MONASH/hf_MONASH_job997.root
SIGMAB_COUNTS tag=MONASH species=Sigma_b- pdg=5112 slice=eta_ge_2 p=24 a=19 file=/data/alice/ipardoza/hadronization_production/HF_RUN3_V1/raw/MONASH/hf_MONASH_job997.root
SIGMAB_COUNTS tag=MONASH species=Sigma*_b+ pdg=5224 slice=all p=48 a=53 file=/data/alice/ipardoza/hadronization_production/HF_RUN3_V1/raw/MONASH/hf_MONASH_job997.root
SIGMAB_COUNTS tag=MONASH species=Sigma*_b+ pdg=5224 slice=eta_lt_1 p=7 a=13 file=/data/alice/ipardoza/hadronization_production/HF_RUN3_V1/raw/MONASH/hf_MONASH_job997.root
SIGMAB_COUNTS tag=MONASH species=Sigma*_b+ pdg=5224 slice=eta_1_2 p=13 a=14 file=/data/alice/ipardoza/hadronization_production/HF_RUN3_V1/raw/MONASH/hf_MONASH_job997.root
SIGMAB_COUNTS tag=MONASH species=Sigma*_b+ pdg=5224 slice=eta_ge_2 p=28 a=26 file=/data/alice/ipardoza/hadronization_production/HF_RUN3_V1/raw/MONASH/hf_MONASH_job997.root
SIGMAB_COUNTS tag=MONASH species=Sigma*_b0 pdg=5214 slice=all p=45 a=38 file=/data/alice/ipardoza/hadronization_production/HF_RUN3_V1/raw/MONASH/hf_MONASH_job997.root
SIGMAB_COUNTS tag=MONASH species=Sigma*_b0 pdg=5214 slice=eta_lt_1 p=12 a=6 file=/data/alice/ipardoza/hadronization_production/HF_RUN3_V1/raw/MONASH/hf_MONASH_job997.root
SIGMAB_COUNTS tag=MONASH species=Sigma*_b0 pdg=5214 slice=eta_1_2 p=7 a=11 file=/data/alice/ipardoza/hadronization_production/HF_RUN3_V1/raw/MONASH/hf_MONASH_job997.root
SIGMAB_COUNTS tag=MONASH species=Sigma*_b0 pdg=5214 slice=eta_ge_2 p=26 a=21 file=/data/alice/ipardoza/hadronization_production/HF_RUN3_V1/raw/MONASH/hf_MONASH_job997.root
SIGMAB_COUNTS tag=MONASH species=Sigma*_b- pdg=5114 slice=all p=42 a=38 file=/data/alice/ipardoza/hadronization_production/HF_RUN3_V1/raw/MONASH/hf_MONASH_job997.root
SIGMAB_COUNTS tag=MONASH species=Sigma*_b- pdg=5114 slice=eta_lt_1 p=8 a=6 file=/data/alice/ipardoza/hadronization_production/HF_RUN3_V1/raw/MONASH/hf_MONASH_job997.root
SIGMAB_COUNTS tag=MONASH species=Sigma*_b- pdg=5114 slice=eta_1_2 p=9 a=8 file=/data/alice/ipardoza/hadronization_production/HF_RUN3_V1/raw/MONASH/hf_MONASH_job997.root
SIGMAB_COUNTS tag=MONASH species=Sigma*_b- pdg=5114 slice=eta_ge_2 p=25 a=24 file=/data/alice/ipardoza/hadronization_production/HF_RUN3_V1/raw/MONASH/hf_MONASH_job997.root
SIGMAB_COUNTS tag=MONASH species=Lambda_b0 pdg=5122 slice=all p=306 a=313 file=/data/alice/ipardoza/hadronization_production/HF_RUN3_V1/raw/MONASH/hf_MONASH_job997.root
SIGMAB_COUNTS tag=MONASH species=Lambda_b0 pdg=5122 slice=eta_lt_1 p=71 a=65 file=/data/alice/ipardoza/hadronization_production/HF_RUN3_V1/raw/MONASH/hf_MONASH_job997.root
SIGMAB_COUNTS tag=MONASH species=Lambda_b0 pdg=5122 slice=eta_1_2 p=53 a=69 file=/data/alice/ipardoza/hadronization_production/HF_RUN3_V1/raw/MONASH/hf_MONASH_job997.root
SIGMAB_COUNTS tag=MONASH species=Lambda_b0 pdg=5122 slice=eta_ge_2 p=182 a=179 file=/data/alice/ipardoza/hadronization_production/HF_RUN3_V1/raw/MONASH/hf_MONASH_job997.root
SIGMAB_COUNTS tag=MONASH species=Xi_b0 pdg=5232 slice=all p=68 a=65 file=/data/alice/ipardoza/hadronization_production/HF_RUN3_V1/raw/MONASH/hf_MONASH_job997.root
SIGMAB_COUNTS tag=MONASH species=Xi_b0 pdg=5232 slice=eta_lt_1 p=12 a=7 file=/data/alice/ipardoza/hadronization_production/HF_RUN3_V1/raw/MONASH/hf_MONASH_job997.root
SIGMAB_COUNTS tag=MONASH species=Xi_b0 pdg=5232 slice=eta_1_2 p=13 a=12 file=/data/alice/ipardoza/hadronization_production/HF_RUN3_V1/raw/MONASH/hf_MONASH_job997.root
SIGMAB_COUNTS tag=MONASH species=Xi_b0 pdg=5232 slice=eta_ge_2 p=43 a=46 file=/data/alice/ipardoza/hadronization_production/HF_RUN3_V1/raw/MONASH/hf_MONASH_job997.root
SIGMAB_COUNTS tag=MONASH species=Xi_b- pdg=5132 slice=all p=47 a=60 file=/data/alice/ipardoza/hadronization_production/HF_RUN3_V1/raw/MONASH/hf_MONASH_job997.root
SIGMAB_COUNTS tag=MONASH species=Xi_b- pdg=5132 slice=eta_lt_1 p=6 a=9 file=/data/alice/ipardoza/hadronization_production/HF_RUN3_V1/raw/MONASH/hf_MONASH_job997.root
SIGMAB_COUNTS tag=MONASH species=Xi_b- pdg=5132 slice=eta_1_2 p=8 a=10 file=/data/alice/ipardoza/hadronization_production/HF_RUN3_V1/raw/MONASH/hf_MONASH_job997.root
SIGMAB_COUNTS tag=MONASH species=Xi_b- pdg=5132 slice=eta_ge_2 p=33 a=41 file=/data/alice/ipardoza/hadronization_production/HF_RUN3_V1/raw/MONASH/hf_MONASH_job997.root
SIGMAB_COUNTS tag=MONASH species=Sigma_b+ pdg=5222 slice=all p=33 a=32 file=/data/alice/ipardoza/hadronization_production/HF_RUN3_V1/raw/MONASH/hf_MONASH_job998.root
SIGMAB_COUNTS tag=MONASH species=Sigma_b+ pdg=5222 slice=eta_lt_1 p=3 a=8 file=/data/alice/ipardoza/hadronization_production/HF_RUN3_V1/raw/MONASH/hf_MONASH_job998.root
SIGMAB_COUNTS tag=MONASH species=Sigma_b+ pdg=5222 slice=eta_1_2 p=6 a=8 file=/data/alice/ipardoza/hadronization_production/HF_RUN3_V1/raw/MONASH/hf_MONASH_job998.root
SIGMAB_COUNTS tag=MONASH species=Sigma_b+ pdg=5222 slice=eta_ge_2 p=24 a=16 file=/data/alice/ipardoza/hadronization_production/HF_RUN3_V1/raw/MONASH/hf_MONASH_job998.root
SIGMAB_COUNTS tag=MONASH species=Sigma_b0 pdg=5212 slice=all p=33 a=16 file=/data/alice/ipardoza/hadronization_production/HF_RUN3_V1/raw/MONASH/hf_MONASH_job998.root
SIGMAB_COUNTS tag=MONASH species=Sigma_b0 pdg=5212 slice=eta_lt_1 p=9 a=3 file=/data/alice/ipardoza/hadronization_production/HF_RUN3_V1/raw/MONASH/hf_MONASH_job998.root
SIGMAB_COUNTS tag=MONASH species=Sigma_b0 pdg=5212 slice=eta_1_2 p=5 a=6 file=/data/alice/ipardoza/hadronization_production/HF_RUN3_V1/raw/MONASH/hf_MONASH_job998.root
SIGMAB_COUNTS tag=MONASH species=Sigma_b0 pdg=5212 slice=eta_ge_2 p=19 a=7 file=/data/alice/ipardoza/hadronization_production/HF_RUN3_V1/raw/MONASH/hf_MONASH_job998.root
SIGMAB_COUNTS tag=MONASH species=Sigma_b- pdg=5112 slice=all p=28 a=20 file=/data/alice/ipardoza/hadronization_production/HF_RUN3_V1/raw/MONASH/hf_MONASH_job998.root
SIGMAB_COUNTS tag=MONASH species=Sigma_b- pdg=5112 slice=eta_lt_1 p=4 a=3 file=/data/alice/ipardoza/hadronization_production/HF_RUN3_V1/raw/MONASH/hf_MONASH_job998.root
SIGMAB_COUNTS tag=MONASH species=Sigma_b- pdg=5112 slice=eta_1_2 p=5 a=5 file=/data/alice/ipardoza/hadronization_production/HF_RUN3_V1/raw/MONASH/hf_MONASH_job998.root
SIGMAB_COUNTS tag=MONASH species=Sigma_b- pdg=5112 slice=eta_ge_2 p=19 a=12 file=/data/alice/ipardoza/hadronization_production/HF_RUN3_V1/raw/MONASH/hf_MONASH_job998.root
SIGMAB_COUNTS tag=MONASH species=Sigma*_b+ pdg=5224 slice=all p=62 a=38 file=/data/alice/ipardoza/hadronization_production/HF_RUN3_V1/raw/MONASH/hf_MONASH_job998.root
SIGMAB_COUNTS tag=MONASH species=Sigma*_b+ pdg=5224 slice=eta_lt_1 p=14 a=8 file=/data/alice/ipardoza/hadronization_production/HF_RUN3_V1/raw/MONASH/hf_MONASH_job998.root
SIGMAB_COUNTS tag=MONASH species=Sigma*_b+ pdg=5224 slice=eta_1_2 p=11 a=8 file=/data/alice/ipardoza/hadronization_production/HF_RUN3_V1/raw/MONASH/hf_MONASH_job998.root
SIGMAB_COUNTS tag=MONASH species=Sigma*_b+ pdg=5224 slice=eta_ge_2 p=37 a=22 file=/data/alice/ipardoza/hadronization_production/HF_RUN3_V1/raw/MONASH/hf_MONASH_job998.root
SIGMAB_COUNTS tag=MONASH species=Sigma*_b0 pdg=5214 slice=all p=40 a=31 file=/data/alice/ipardoza/hadronization_production/HF_RUN3_V1/raw/MONASH/hf_MONASH_job998.root
SIGMAB_COUNTS tag=MONASH species=Sigma*_b0 pdg=5214 slice=eta_lt_1 p=7 a=7 file=/data/alice/ipardoza/hadronization_production/HF_RUN3_V1/raw/MONASH/hf_MONASH_job998.root
SIGMAB_COUNTS tag=MONASH species=Sigma*_b0 pdg=5214 slice=eta_1_2 p=6 a=4 file=/data/alice/ipardoza/hadronization_production/HF_RUN3_V1/raw/MONASH/hf_MONASH_job998.root
SIGMAB_COUNTS tag=MONASH species=Sigma*_b0 pdg=5214 slice=eta_ge_2 p=27 a=20 file=/data/alice/ipardoza/hadronization_production/HF_RUN3_V1/raw/MONASH/hf_MONASH_job998.root
SIGMAB_COUNTS tag=MONASH species=Sigma*_b- pdg=5114 slice=all p=49 a=31 file=/data/alice/ipardoza/hadronization_production/HF_RUN3_V1/raw/MONASH/hf_MONASH_job998.root
SIGMAB_COUNTS tag=MONASH species=Sigma*_b- pdg=5114 slice=eta_lt_1 p=13 a=4 file=/data/alice/ipardoza/hadronization_production/HF_RUN3_V1/raw/MONASH/hf_MONASH_job998.root
SIGMAB_COUNTS tag=MONASH species=Sigma*_b- pdg=5114 slice=eta_1_2 p=8 a=9 file=/data/alice/ipardoza/hadronization_production/HF_RUN3_V1/raw/MONASH/hf_MONASH_job998.root
SIGMAB_COUNTS tag=MONASH species=Sigma*_b- pdg=5114 slice=eta_ge_2 p=28 a=18 file=/data/alice/ipardoza/hadronization_production/HF_RUN3_V1/raw/MONASH/hf_MONASH_job998.root
SIGMAB_COUNTS tag=MONASH species=Lambda_b0 pdg=5122 slice=all p=319 a=282 file=/data/alice/ipardoza/hadronization_production/HF_RUN3_V1/raw/MONASH/hf_MONASH_job998.root
SIGMAB_COUNTS tag=MONASH species=Lambda_b0 pdg=5122 slice=eta_lt_1 p=67 a=52 file=/data/alice/ipardoza/hadronization_production/HF_RUN3_V1/raw/MONASH/hf_MONASH_job998.root
SIGMAB_COUNTS tag=MONASH species=Lambda_b0 pdg=5122 slice=eta_1_2 p=72 a=61 file=/data/alice/ipardoza/hadronization_production/HF_RUN3_V1/raw/MONASH/hf_MONASH_job998.root
SIGMAB_COUNTS tag=MONASH species=Lambda_b0 pdg=5122 slice=eta_ge_2 p=180 a=169 file=/data/alice/ipardoza/hadronization_production/HF_RUN3_V1/raw/MONASH/hf_MONASH_job998.root
SIGMAB_COUNTS tag=MONASH species=Xi_b0 pdg=5232 slice=all p=64 a=55 file=/data/alice/ipardoza/hadronization_production/HF_RUN3_V1/raw/MONASH/hf_MONASH_job998.root
SIGMAB_COUNTS tag=MONASH species=Xi_b0 pdg=5232 slice=eta_lt_1 p=14 a=13 file=/data/alice/ipardoza/hadronization_production/HF_RUN3_V1/raw/MONASH/hf_MONASH_job998.root
SIGMAB_COUNTS tag=MONASH species=Xi_b0 pdg=5232 slice=eta_1_2 p=18 a=8 file=/data/alice/ipardoza/hadronization_production/HF_RUN3_V1/raw/MONASH/hf_MONASH_job998.root
SIGMAB_COUNTS tag=MONASH species=Xi_b0 pdg=5232 slice=eta_ge_2 p=32 a=34 file=/data/alice/ipardoza/hadronization_production/HF_RUN3_V1/raw/MONASH/hf_MONASH_job998.root
SIGMAB_COUNTS tag=MONASH species=Xi_b- pdg=5132 slice=all p=43 a=60 file=/data/alice/ipardoza/hadronization_production/HF_RUN3_V1/raw/MONASH/hf_MONASH_job998.root
SIGMAB_COUNTS tag=MONASH species=Xi_b- pdg=5132 slice=eta_lt_1 p=8 a=13 file=/data/alice/ipardoza/hadronization_production/HF_RUN3_V1/raw/MONASH/hf_MONASH_job998.root
SIGMAB_COUNTS tag=MONASH species=Xi_b- pdg=5132 slice=eta_1_2 p=6 a=14 file=/data/alice/ipardoza/hadronization_production/HF_RUN3_V1/raw/MONASH/hf_MONASH_job998.root
SIGMAB_COUNTS tag=MONASH species=Xi_b- pdg=5132 slice=eta_ge_2 p=29 a=33 file=/data/alice/ipardoza/hadronization_production/HF_RUN3_V1/raw/MONASH/hf_MONASH_job998.root
SIGMAB_COUNTS tag=MONASH species=Sigma_b+ pdg=5222 slice=all p=37 a=15 file=/data/alice/ipardoza/hadronization_production/HF_RUN3_V1/raw/MONASH/hf_MONASH_job999.root
SIGMAB_COUNTS tag=MONASH species=Sigma_b+ pdg=5222 slice=eta_lt_1 p=5 a=0 file=/data/alice/ipardoza/hadronization_production/HF_RUN3_V1/raw/MONASH/hf_MONASH_job999.root
SIGMAB_COUNTS tag=MONASH species=Sigma_b+ pdg=5222 slice=eta_1_2 p=11 a=4 file=/data/alice/ipardoza/hadronization_production/HF_RUN3_V1/raw/MONASH/hf_MONASH_job999.root
SIGMAB_COUNTS tag=MONASH species=Sigma_b+ pdg=5222 slice=eta_ge_2 p=21 a=11 file=/data/alice/ipardoza/hadronization_production/HF_RUN3_V1/raw/MONASH/hf_MONASH_job999.root
SIGMAB_COUNTS tag=MONASH species=Sigma_b0 pdg=5212 slice=all p=39 a=19 file=/data/alice/ipardoza/hadronization_production/HF_RUN3_V1/raw/MONASH/hf_MONASH_job999.root
SIGMAB_COUNTS tag=MONASH species=Sigma_b0 pdg=5212 slice=eta_lt_1 p=7 a=2 file=/data/alice/ipardoza/hadronization_production/HF_RUN3_V1/raw/MONASH/hf_MONASH_job999.root
SIGMAB_COUNTS tag=MONASH species=Sigma_b0 pdg=5212 slice=eta_1_2 p=7 a=4 file=/data/alice/ipardoza/hadronization_production/HF_RUN3_V1/raw/MONASH/hf_MONASH_job999.root
SIGMAB_COUNTS tag=MONASH species=Sigma_b0 pdg=5212 slice=eta_ge_2 p=25 a=13 file=/data/alice/ipardoza/hadronization_production/HF_RUN3_V1/raw/MONASH/hf_MONASH_job999.root
SIGMAB_COUNTS tag=MONASH species=Sigma_b- pdg=5112 slice=all p=50 a=23 file=/data/alice/ipardoza/hadronization_production/HF_RUN3_V1/raw/MONASH/hf_MONASH_job999.root
SIGMAB_COUNTS tag=MONASH species=Sigma_b- pdg=5112 slice=eta_lt_1 p=11 a=4 file=/data/alice/ipardoza/hadronization_production/HF_RUN3_V1/raw/MONASH/hf_MONASH_job999.root
SIGMAB_COUNTS tag=MONASH species=Sigma_b- pdg=5112 slice=eta_1_2 p=11 a=6 file=/data/alice/ipardoza/hadronization_production/HF_RUN3_V1/raw/MONASH/hf_MONASH_job999.root
SIGMAB_COUNTS tag=MONASH species=Sigma_b- pdg=5112 slice=eta_ge_2 p=28 a=13 file=/data/alice/ipardoza/hadronization_production/HF_RUN3_V1/raw/MONASH/hf_MONASH_job999.root
SIGMAB_COUNTS tag=MONASH species=Sigma*_b+ pdg=5224 slice=all p=57 a=34 file=/data/alice/ipardoza/hadronization_production/HF_RUN3_V1/raw/MONASH/hf_MONASH_job999.root
SIGMAB_COUNTS tag=MONASH species=Sigma*_b+ pdg=5224 slice=eta_lt_1 p=12 a=9 file=/data/alice/ipardoza/hadronization_production/HF_RUN3_V1/raw/MONASH/hf_MONASH_job999.root
SIGMAB_COUNTS tag=MONASH species=Sigma*_b+ pdg=5224 slice=eta_1_2 p=10 a=4 file=/data/alice/ipardoza/hadronization_production/HF_RUN3_V1/raw/MONASH/hf_MONASH_job999.root
SIGMAB_COUNTS tag=MONASH species=Sigma*_b+ pdg=5224 slice=eta_ge_2 p=35 a=21 file=/data/alice/ipardoza/hadronization_production/HF_RUN3_V1/raw/MONASH/hf_MONASH_job999.root
SIGMAB_COUNTS tag=MONASH species=Sigma*_b0 pdg=5214 slice=all p=52 a=41 file=/data/alice/ipardoza/hadronization_production/HF_RUN3_V1/raw/MONASH/hf_MONASH_job999.root
SIGMAB_COUNTS tag=MONASH species=Sigma*_b0 pdg=5214 slice=eta_lt_1 p=10 a=8 file=/data/alice/ipardoza/hadronization_production/HF_RUN3_V1/raw/MONASH/hf_MONASH_job999.root
SIGMAB_COUNTS tag=MONASH species=Sigma*_b0 pdg=5214 slice=eta_1_2 p=9 a=8 file=/data/alice/ipardoza/hadronization_production/HF_RUN3_V1/raw/MONASH/hf_MONASH_job999.root
SIGMAB_COUNTS tag=MONASH species=Sigma*_b0 pdg=5214 slice=eta_ge_2 p=33 a=25 file=/data/alice/ipardoza/hadronization_production/HF_RUN3_V1/raw/MONASH/hf_MONASH_job999.root
SIGMAB_COUNTS tag=MONASH species=Sigma*_b- pdg=5114 slice=all p=41 a=51 file=/data/alice/ipardoza/hadronization_production/HF_RUN3_V1/raw/MONASH/hf_MONASH_job999.root
SIGMAB_COUNTS tag=MONASH species=Sigma*_b- pdg=5114 slice=eta_lt_1 p=6 a=10 file=/data/alice/ipardoza/hadronization_production/HF_RUN3_V1/raw/MONASH/hf_MONASH_job999.root
SIGMAB_COUNTS tag=MONASH species=Sigma*_b- pdg=5114 slice=eta_1_2 p=12 a=9 file=/data/alice/ipardoza/hadronization_production/HF_RUN3_V1/raw/MONASH/hf_MONASH_job999.root
SIGMAB_COUNTS tag=MONASH species=Sigma*_b- pdg=5114 slice=eta_ge_2 p=23 a=32 file=/data/alice/ipardoza/hadronization_production/HF_RUN3_V1/raw/MONASH/hf_MONASH_job999.root
SIGMAB_COUNTS tag=MONASH species=Lambda_b0 pdg=5122 slice=all p=320 a=324 file=/data/alice/ipardoza/hadronization_production/HF_RUN3_V1/raw/MONASH/hf_MONASH_job999.root
SIGMAB_COUNTS tag=MONASH species=Lambda_b0 pdg=5122 slice=eta_lt_1 p=50 a=62 file=/data/alice/ipardoza/hadronization_production/HF_RUN3_V1/raw/MONASH/hf_MONASH_job999.root
SIGMAB_COUNTS tag=MONASH species=Lambda_b0 pdg=5122 slice=eta_1_2 p=65 a=62 file=/data/alice/ipardoza/hadronization_production/HF_RUN3_V1/raw/MONASH/hf_MONASH_job999.root
SIGMAB_COUNTS tag=MONASH species=Lambda_b0 pdg=5122 slice=eta_ge_2 p=205 a=200 file=/data/alice/ipardoza/hadronization_production/HF_RUN3_V1/raw/MONASH/hf_MONASH_job999.root
SIGMAB_COUNTS tag=MONASH species=Xi_b0 pdg=5232 slice=all p=59 a=51 file=/data/alice/ipardoza/hadronization_production/HF_RUN3_V1/raw/MONASH/hf_MONASH_job999.root
SIGMAB_COUNTS tag=MONASH species=Xi_b0 pdg=5232 slice=eta_lt_1 p=13 a=12 file=/data/alice/ipardoza/hadronization_production/HF_RUN3_V1/raw/MONASH/hf_MONASH_job999.root
SIGMAB_COUNTS tag=MONASH species=Xi_b0 pdg=5232 slice=eta_1_2 p=13 a=11 file=/data/alice/ipardoza/hadronization_production/HF_RUN3_V1/raw/MONASH/hf_MONASH_job999.root
SIGMAB_COUNTS tag=MONASH species=Xi_b0 pdg=5232 slice=eta_ge_2 p=33 a=28 file=/data/alice/ipardoza/hadronization_production/HF_RUN3_V1/raw/MONASH/hf_MONASH_job999.root
SIGMAB_COUNTS tag=MONASH species=Xi_b- pdg=5132 slice=all p=44 a=56 file=/data/alice/ipardoza/hadronization_production/HF_RUN3_V1/raw/MONASH/hf_MONASH_job999.root
SIGMAB_COUNTS tag=MONASH species=Xi_b- pdg=5132 slice=eta_lt_1 p=9 a=10 file=/data/alice/ipardoza/hadronization_production/HF_RUN3_V1/raw/MONASH/hf_MONASH_job999.root
SIGMAB_COUNTS tag=MONASH species=Xi_b- pdg=5132 slice=eta_1_2 p=8 a=14 file=/data/alice/ipardoza/hadronization_production/HF_RUN3_V1/raw/MONASH/hf_MONASH_job999.root
SIGMAB_COUNTS tag=MONASH species=Xi_b- pdg=5132 slice=eta_ge_2 p=27 a=32 file=/data/alice/ipardoza/hadronization_production/HF_RUN3_V1/raw/MONASH/hf_MONASH_job999.root
# files_processed=100
# count_lines=3600
# finished=2026-08-11T19:58:20+02:00
# expected_count_lines=3600
