tune,flavour,trigger,associate,context,activity_id,bin_index,dphi_low,dphi_high,value,stat_error,status
MONASH,beauty,bplus,bminus,os,integrated_0_100,1,-1.570796,-1.50796415,0.00075922745276735953,2.3876525662162849e-05,available_central_sem_only
MONASH,beauty,bplus,bminus,os,integrated_0_100,2,-1.50796415,-1.4451323,0.00061621507939289843,2.209380134631775e-05,available_central_sem_only
MONASH,beauty,bplus,bminus,os,integrated_0_100,3,-1.4451323,-1.38230045,0.00054400785165971465,1.9224194442097285e-05,available_central_sem_only
MONASH,beauty,bplus,bminus,os,integrated_0_100,4,-1.38230045,-1.3194686,0.00052437870237302393,2.268123543264292e-05,available_central_sem_only
MONASH,beauty,bplus,bminus,os,integrated_0_100,5,-1.3194686,-1.2566367500000002,0.00042202670966385084,1.7821536610207462e-05,available_central_sem_only
MONASH,beauty,bplus,bminus,os,integrated_0_100,6,-1.2566367500000002,-1.1938049000000002,0.00042483087384766378,1.2677458659237715e-05,available_central_sem_only
MONASH,beauty,bplus,bminus,os,integrated_0_100,7,-1.1938049000000002,-1.1309730500000001,0.00034351011251708787,1.456320755851747e-05,available_central_sem_only
MONASH,beauty,bplus,bminus,os,integrated_0_100,8,-1.1309730500000001,-1.0681412000000001,0.00027410704896771708,1.6007754265373942e-05,available_central_sem_only
MONASH,beauty,bplus,bminus,os,integrated_0_100,9,-1.0681412000000001,-1.00530935,0.00025167373549721337,1.3407217920029585e-05,available_central_sem_only
MONASH,beauty,bplus,bminus,os,integrated_0_100,10,-1.00530935,-0.9424775000000001,0.00022363209365908375,1.1451032094683047e-05,available_central_sem_only
MONASH,beauty,bplus,bminus,os,integrated_0_100,11,-0.9424775000000001,-0.8796456500000002,0.00021872480633741107,1.0483700044988398e-05,available_central_sem_only
MONASH,beauty,bplus,bminus,os,integrated_0_100,12,-0.8796456500000002,-0.8168138000000001,0.00016053839952329208,1.1947203279156634e-05,available_central_sem_only
MONASH,beauty,bplus,bminus,os,integrated_0_100,13,-0.8168138000000001,-0.7539819500000001,0.00014932174278804025,1.1165274117030919e-05,available_central_sem_only
MONASH,beauty,bplus,bminus,os,integrated_0_100,14,-0.7539819500000001,-0.6911501000000002,0.00013459988082302219,6.9158016832465622e-06,available_central_sem_only
MONASH,beauty,bplus,bminus,os,integrated_0_100,15,-0.6911501000000002,-0.6283182500000002,0.00011216656735251849,5.3245685159592115e-06,available_central_sem_only
MONASH,beauty,bplus,bminus,os,integrated_0_100,16,-0.6283182500000002,-0.5654864000000002,9.8846787479406914e-05,9.6112239626641931e-06,available_central_sem_only
MONASH,beauty,bplus,bminus,os,integrated_0_100,17,-0.5654864000000002,-0.5026545500000001,8.4825966560342115e-05,7.8475394353208813e-06,available_central_sem_only
MONASH,beauty,bplus,bminus,os,integrated_0_100,18,-0.5026545500000001,-0.4398227000000001,8.1320761330575908e-05,5.5534840434687015e-06,available_central_sem_only
MONASH,beauty,bplus,bminus,os,integrated_0_100,19,-0.4398227000000001,-0.3769908500000001,8.1320761330575908e-05,4.3398625613119993e-06,available_central_sem_only
MONASH,beauty,bplus,bminus,os,integrated_0_100,20,-0.3769908500000001,-0.3141590000000001,5.6784324722212488e-05,6.731412319719557e-06,available_central_sem_only
MONASH,beauty,bplus,bminus,os,integrated_0_100,21,-0.3141590000000001,-0.2513271500000003,6.1691612043885167e-05,6.9809337244288505e-06,available_central_sem_only
MONASH,beauty,bplus,bminus,os,integrated_0_100,22,-0.2513271500000003,-0.18849530000000025,5.3279119492446282e-05,5.4446549002594581e-06,available_central_sem_only
MONASH,beauty,bplus,bminus,os,integrated_0_100,23,-0.18849530000000025,-0.12566345000000023,5.4681201584352767e-05,5.9042227370368594e-06,available_central_sem_only
MONASH,beauty,bplus,bminus,os,integrated_0_100,24,-0.12566345000000023,-0.06283160000000021,6.0289529951978688e-05,8.9281753140792293e-06,available_central_sem_only
MONASH,beauty,bplus,bminus,os,integrated_0_100,25,-0.06283160000000021,2.499999998128999e-07,6.5897858319604609e-05,7.4632451805513447e-06,available_central_sem_only
MONASH,beauty,bplus,bminus,os,integrated_0_100,26,2.499999998128999e-07,0.06283209999999984,5.4681201584352767e-05,7.2096222794779532e-06,available_central_sem_only
MONASH,beauty,bplus,bminus,os,integrated_0_100,27,0.06283209999999984,0.12566394999999986,6.0289529951978688e-05,8.1267366216657639e-06,available_central_sem_only
MONASH,beauty,bplus,bminus,os,integrated_0_100,28,0.12566394999999986,0.18849579999999966,4.9072873216726839e-05,9.2578517175176599e-06,available_central_sem_only
MONASH,beauty,bplus,bminus,os,integrated_0_100,29,0.18849579999999966,0.2513276499999997,6.5897858319604609e-05,8.4473420035697097e-06,available_central_sem_only
MONASH,beauty,bplus,bminus,os,integrated_0_100,30,0.2513276499999997,0.3141594999999997,7.2207227733183773e-05,6.8711797154377591e-06,available_central_sem_only
MONASH,beauty,bplus,bminus,os,integrated_0_100,31,0.3141594999999997,0.3769913499999997,7.2207227733183773e-05,7.4843499757223787e-06,available_central_sem_only
MONASH,beauty,bplus,bminus,os,integrated_0_100,32,0.3769913499999997,0.43982319999999975,7.6413474008903216e-05,6.5806523251889664e-06,available_central_sem_only
MONASH,beauty,bplus,bminus,os,integrated_0_100,33,0.43982319999999975,0.50265505,8.7630130744155072e-05,1.0729697250425674e-05,available_central_sem_only
MONASH,beauty,bplus,bminus,os,integrated_0_100,34,0.50265505,0.5654868999999998,9.9547828525360164e-05,8.4812267328723222e-06,available_central_sem_only
MONASH,beauty,bplus,bminus,os,integrated_0_100,35,0.5654868999999998,0.62831875,9.3939500157734236e-05,8.6640459387880642e-06,available_central_sem_only
MONASH,beauty,bplus,bminus,os,integrated_0_100,36,0.62831875,0.6911505999999998,0.00011076448526061201,1.310743695572643e-05,available_central_sem_only
MONASH,beauty,bplus,bminus,os,integrated_0_100,37,0.6911505999999998,0.7539824499999996,0.00011637281362823793,8.201227296587986e-06,available_central_sem_only
MONASH,beauty,bplus,bminus,os,integrated_0_100,38,0.7539824499999996,0.8168142999999999,0.00014721861965018052,9.3927023743953706e-06,available_central_sem_only
MONASH,beauty,bplus,bminus,os,integrated_0_100,39,0.8168142999999999,0.8796461499999997,0.00017175505625854394,1.0755552637536588e-05,available_central_sem_only
MONASH,beauty,bplus,bminus,os,integrated_0_100,40,0.8796461499999997,0.9424779999999999,0.00018928108240737494,1.3244287539020503e-05,available_central_sem_only
MONASH,beauty,bplus,bminus,os,integrated_0_100,41,0.9424779999999999,1.0053098499999993,0.00019068316449928144,9.8470850874435072e-06,available_central_sem_only
MONASH,beauty,bplus,bminus,os,integrated_0_100,42,1.0053098499999993,1.0681416999999995,0.00027270496687581056,1.5275977531439989e-05,available_central_sem_only
MONASH,beauty,bplus,bminus,os,integrated_0_100,43,1.0681416999999995,1.1309735499999998,0.00028532370570296891,1.3471097370311082e-05,available_central_sem_only
MONASH,beauty,bplus,bminus,os,integrated_0_100,44,1.1309735499999998,1.1938053999999996,0.00035192260506852676,1.4996843632075522e-05,available_central_sem_only
MONASH,beauty,bplus,bminus,os,integrated_0_100,45,1.1938053999999996,1.2566372499999998,0.00039118090364190824,1.5227954276822417e-05,available_central_sem_only
MONASH,beauty,bplus,bminus,os,integrated_0_100,46,1.2566372499999998,1.3194690999999996,0.00046549125451295174,2.0080227115280718e-05,available_central_sem_only
MONASH,beauty,bplus,bminus,os,integrated_0_100,47,1.3194690999999996,1.3823009499999999,0.00052437870237302393,1.6584402958545216e-05,available_central_sem_only
MONASH,beauty,bplus,bminus,os,integrated_0_100,48,1.3823009499999999,1.4451327999999997,0.00060640050474955313,1.9944829780187982e-05,available_central_sem_only
MONASH,beauty,bplus,bminus,os,integrated_0_100,49,1.4451327999999997,1.50796465,0.0006176171614848049,2.2735902305758659e-05,available_central_sem_only
MONASH,beauty,bplus,bminus,os,integrated_0_100,50,1.50796465,1.5707964999999997,0.0007353920572049494,1.483808125270532e-05,available_central_sem_only
MONASH,beauty,bplus,bminus,os,integrated_0_100,51,1.5707964999999997,1.63362835,0.00078306284832976966,1.8583033933488277e-05,available_central_sem_only
MONASH,beauty,bplus,bminus,os,integrated_0_100,52,1.63362835,1.6964601999999998,0.0008685898559360651,1.696417946732173e-05,available_central_sem_only
MONASH,beauty,bplus,bminus,os,integrated_0_100,53,1.6964601999999998,1.75929205,0.0010073959830348067,2.4081559396487823e-05,available_central_sem_only
MONASH,beauty,bplus,bminus,os,integrated_0_100,54,1.75929205,1.8221238999999998,0.0010957271548249149,3.4993652051596868e-05,available_central_sem_only
MONASH,beauty,bplus,bminus,os,integrated_0_100,55,1.8221238999999998,1.88495575,0.0012296259946019839,2.9859765715304039e-05,available_central_sem_only
MONASH,beauty,bplus,bminus,os,integrated_0_100,56,1.88495575,1.9477875999999994,0.0013018332223351677,4.0106165711364713e-05,available_central_sem_only
MONASH,beauty,bplus,bminus,os,integrated_0_100,57,1.9477875999999994,2.0106194499999996,0.0014006800098145746,3.4488441969744608e-05,available_central_sem_only
MONASH,beauty,bplus,bminus,os,integrated_0_100,58,2.0106194499999996,2.0734512999999994,0.001591363174313856,3.8467022058517383e-05,available_central_sem_only
MONASH,beauty,bplus,bminus,os,integrated_0_100,59,2.0734512999999994,2.1362831499999997,0.0016004767079112483,4.2125466435171127e-05,available_central_sem_only
MONASH,beauty,bplus,bminus,os,integrated_0_100,60,2.1362831499999997,2.1991149999999995,0.0017967682007781556,3.4452438445209881e-05,available_central_sem_only
MONASH,beauty,bplus,bminus,os,integrated_0_100,61,2.1991149999999995,2.2619468499999997,0.0018682743874653862,3.4528091463323716e-05,available_central_sem_only
MONASH,beauty,bplus,bminus,os,integrated_0_100,62,2.2619468499999997,2.3247786999999995,0.0020372252795401169,4.4106338953068677e-05,available_central_sem_only
MONASH,beauty,bplus,bminus,os,integrated_0_100,63,2.3247786999999995,2.3876105499999998,0.0021206491640085529,3.447410922856808e-05,available_central_sem_only
MONASH,beauty,bplus,bminus,os,integrated_0_100,64,2.3876105499999998,2.4504423999999996,0.0023190437800133198,4.2435006032498099e-05,available_central_sem_only
MONASH,beauty,bplus,bminus,os,integrated_0_100,65,2.4504423999999996,2.51327425,0.0023877458025167372,3.6612949832995142e-05,available_central_sem_only
MONASH,beauty,bplus,bminus,os,integrated_0_100,66,2.51327425,2.5761061,0.0025048196571909286,3.9336028519763249e-05,available_central_sem_only
MONASH,beauty,bplus,bminus,os,integrated_0_100,67,2.5761061,2.6389379499999994,0.0025854393774755514,4.3054192287200422e-05,available_central_sem_only
MONASH,beauty,bplus,bminus,os,integrated_0_100,68,2.6389379499999994,2.7017697999999997,0.0027333590381716849,4.0072418291172382e-05,available_central_sem_only
MONASH,beauty,bplus,bminus,os,integrated_0_100,69,2.7017697999999997,2.76460165,0.0027894423218479442,5.23715597887678e-05,available_central_sem_only
MONASH,beauty,bplus,bminus,os,integrated_0_100,70,2.76460165,2.8274335,0.0029689088296119739,3.0664199804591603e-05,available_central_sem_only
MONASH,beauty,bplus,bminus,os,integrated_0_100,71,2.8274335,2.8902653499999995,0.0029899400609905711,4.6337311854912357e-05,available_central_sem_only
MONASH,beauty,bplus,bminus,os,integrated_0_100,72,2.8902653499999995,2.9530971999999998,0.0031553857478355358,4.3256260570350169e-05,available_central_sem_only
MONASH,beauty,bplus,bminus,os,integrated_0_100,73,2.9530971999999998,3.015929049999999,0.0031890357180412911,2.9246679203876238e-05,available_central_sem_only
MONASH,beauty,bplus,bminus,os,integrated_0_100,74,3.015929049999999,3.0787608999999994,0.0032296960987065792,3.8622376256590789e-05,available_central_sem_only
MONASH,beauty,bplus,bminus,os,integrated_0_100,75,3.0787608999999994,3.1415927499999996,0.0031715096918924603,4.5493765064013504e-05,available_central_sem_only
MONASH,beauty,bplus,bminus,os,integrated_0_100,76,3.1415927499999996,3.2044246,0.0032640471099582881,5.6840621909039706e-05,available_central_sem_only
MONASH,beauty,bplus,bminus,os,integrated_0_100,77,3.2044246,3.267256449999999,0.0031806232254898525,4.458994685561208e-05,available_central_sem_only
MONASH,beauty,bplus,bminus,os,integrated_0_100,78,3.267256449999999,3.3300882999999994,0.0031834273896736653,5.0682650523341229e-05,available_central_sem_only
MONASH,beauty,bplus,bminus,os,integrated_0_100,79,3.3300882999999994,3.3929201499999997,0.0030214869080584668,2.7698231930454532e-05,available_central_sem_only
MONASH,beauty,bplus,bminus,os,integrated_0_100,80,3.3929201499999997,3.455752,0.0031217357776297801,7.163680481139433e-05,available_central_sem_only
MONASH,beauty,bplus,bminus,os,integrated_0_100,81,3.455752,3.5185838499999993,0.003003960881909636,2.4776075771011418e-05,available_central_sem_only
MONASH,beauty,bplus,bminus,os,integrated_0_100,82,3.5185838499999993,3.5814156999999986,0.0028083704300886818,4.7059006486581012e-05,available_central_sem_only
MONASH,beauty,bplus,bminus,os,integrated_0_100,83,3.5814156999999986,3.644247549999999,0.002636615373830138,5.3214281989319674e-05,available_central_sem_only
MONASH,beauty,bplus,bminus,os,integrated_0_100,84,3.644247549999999,3.707079399999999,0.0025903466647972241,4.716715124330458e-05,available_central_sem_only
MONASH,beauty,bplus,bminus,os,integrated_0_100,85,3.707079399999999,3.7699112499999994,0.0025896456237512705,3.7719540594618857e-05,available_central_sem_only
MONASH,beauty,bplus,bminus,os,integrated_0_100,86,3.7699112499999994,3.8327430999999996,0.0024101791159872412,3.0941347426424158e-05,available_central_sem_only
MONASH,beauty,bplus,bminus,os,integrated_0_100,87,3.8327430999999996,3.895574949999999,0.0023407760524378702,2.9877095578615954e-05,available_central_sem_only
MONASH,beauty,bplus,bminus,os,integrated_0_100,88,3.895574949999999,3.9584067999999992,0.0020912054400785167,3.4184500849885704e-05,available_central_sem_only
MONASH,beauty,bplus,bminus,os,integrated_0_100,89,3.9584067999999992,4.021238649999999,0.0020582565109187145,4.7710849698567843e-05,available_central_sem_only
MONASH,beauty,bplus,bminus,os,integrated_0_100,90,4.021238649999999,4.084070499999999,0.0019334712047390375,4.6014786604981147e-05,available_central_sem_only
MONASH,beauty,bplus,bminus,os,integrated_0_100,91,4.084070499999999,4.1469023499999995,0.0018584598128220408,4.0302191395094809e-05,available_central_sem_only
MONASH,beauty,bplus,bminus,os,integrated_0_100,92,4.1469023499999995,4.2097342,0.0016502506221739283,3.0860996481025068e-05,available_central_sem_only
MONASH,beauty,bplus,bminus,os,integrated_0_100,93,4.2097342,4.27256605,0.0015689298608433525,1.9063360570058613e-05,available_central_sem_only
MONASH,beauty,bplus,bminus,os,integrated_0_100,94,4.27256605,4.3353979,0.0014132987486417329,2.6811200206271268e-05,available_central_sem_only
MONASH,beauty,bplus,bminus,os,integrated_0_100,95,4.3353979,4.398229749999999,0.0013165550843001858,3.299895719525919e-05,available_central_sem_only
MONASH,beauty,bplus,bminus,os,integrated_0_100,96,4.398229749999999,4.461061599999999,0.0012135020505450594,3.3710224613794565e-05,available_central_sem_only
MONASH,beauty,bplus,bminus,os,integrated_0_100,97,4.461061599999999,4.523893449999999,0.0010459532405622349,2.5605269082606494e-05,available_central_sem_only
MONASH,beauty,bplus,bminus,os,integrated_0_100,98,4.523893449999999,4.5867252999999995,0.001002488695713134,3.2199925300694621e-05,available_central_sem_only
MONASH,beauty,bplus,bminus,os,integrated_0_100,99,4.5867252999999995,4.64955715,0.00090504399032563358,2.1378275741201578e-05,available_central_sem_only
MONASH,beauty,bplus,bminus,os,integrated_0_100,100,4.64955715,4.712389,0.0008068982438921799,1.7075411129569318e-05,available_central_sem_only
MONASH,beauty,bplus,bminus,os_minus_ss,integrated_0_100,1,-1.570796,-1.50796415,0.00074380454975638824,2.3982560743563072e-05,available_central_sem_only
MONASH,beauty,bplus,bminus,os_minus_ss,integrated_0_100,2,-1.50796415,-1.4451323,0.00060920466893336607,2.0582154545038703e-05,available_central_sem_only
MONASH,beauty,bplus,bminus,os_minus_ss,integrated_0_100,3,-1.4451323,-1.38230045,0.00052858494864874335,2.0892510072077744e-05,available_central_sem_only
MONASH,beauty,bplus,bminus,os_minus_ss,integrated_0_100,4,-1.38230045,-1.3194686,0.00051316204563777205,2.2829212934828703e-05,available_central_sem_only
MONASH,beauty,bplus,bminus,os_minus_ss,integrated_0_100,5,-1.3194686,-1.2566367500000002,0.00040660380665287954,1.8285131422229536e-05,available_central_sem_only
MONASH,beauty,bplus,bminus,os_minus_ss,integrated_0_100,6,-1.2566367500000002,-1.1938049000000002,0.00041081005292859895,1.3924005852349483e-05,available_central_sem_only
MONASH,beauty,bplus,bminus,os_minus_ss,integrated_0_100,7,-1.1938049000000002,-1.1309730500000001,0.0003266851274142101,1.5541415791503481e-05,available_central_sem_only
MONASH,beauty,bplus,bminus,os_minus_ss,integrated_0_100,8,-1.1309730500000001,-1.0681412000000001,0.00026289039223246526,1.6371303365843425e-05,available_central_sem_only
MONASH,beauty,bplus,bminus,os_minus_ss,integrated_0_100,9,-1.0681412000000001,-1.00530935,0.00023905499667005505,1.1853621131751422e-05,available_central_sem_only
MONASH,beauty,bplus,bminus,os_minus_ss,integrated_0_100,10,-1.00530935,-0.9424775000000001,0.00021241543692383189,1.3247049318214777e-05,available_central_sem_only
MONASH,beauty,bplus,bminus,os_minus_ss,integrated_0_100,11,-0.9424775000000001,-0.8796456500000002,0.0002054050264642995,1.0597433035162157e-05,available_central_sem_only
MONASH,beauty,bplus,bminus,os_minus_ss,integrated_0_100,12,-0.8796456500000002,-0.8168138000000001,0.00014441445546636755,1.2303929499616143e-05,available_central_sem_only
MONASH,beauty,bplus,bminus,os_minus_ss,integrated_0_100,13,-0.8168138000000001,-0.7539819500000001,0.00013600196291492869,1.035557717032407e-05,available_central_sem_only
MONASH,beauty,bplus,bminus,os_minus_ss,integrated_0_100,14,-0.7539819500000001,-0.6911501000000002,0.0001261873882715833,6.4507672497103034e-06,available_central_sem_only
MONASH,beauty,bplus,bminus,os_minus_ss,integrated_0_100,15,-0.6911501000000002,-0.6283182500000002,9.8846787479406914e-05,6.4814770801553395e-06,available_central_sem_only
MONASH,beauty,bplus,bminus,os_minus_ss,integrated_0_100,16,-0.6283182500000002,-0.5654864000000002,9.1135335973921265e-05,1.0761122060231555e-05,available_central_sem_only
MONASH,beauty,bplus,bminus,os_minus_ss,integrated_0_100,17,-0.5654864000000002,-0.5026545500000001,7.1506186687230551e-05,7.2198243265030557e-06,available_central_sem_only
MONASH,beauty,bplus,bminus,os_minus_ss,integrated_0_100,18,-0.5026545500000001,-0.4398227000000001,7.2908268779137023e-05,5.5670512901391884e-06,available_central_sem_only
MONASH,beauty,bplus,bminus,os_minus_ss,integrated_0_100,19,-0.4398227000000001,-0.3769908500000001,7.1506186687230537e-05,3.8690333026153123e-06,available_central_sem_only
MONASH,beauty,bplus,bminus,os_minus_ss,integrated_0_100,20,-0.3769908500000001,-0.3141590000000001,4.767079112482036e-05,7.0754521408039925e-06,available_central_sem_only
MONASH,beauty,bplus,bminus,os_minus_ss,integrated_0_100,21,-0.3141590000000001,-0.2513271500000003,5.3279119492446282e-05,6.9405213587095041e-06,available_central_sem_only
MONASH,beauty,bplus,bminus,os_minus_ss,integrated_0_100,22,-0.2513271500000003,-0.18849530000000025,4.4165585895054154e-05,7.0112264487129808e-06,available_central_sem_only
MONASH,beauty,bplus,bminus,os_minus_ss,integrated_0_100,23,-0.18849530000000025,-0.12566345000000023,4.2062462757194439e-05,7.9736776421787743e-06,available_central_sem_only
MONASH,beauty,bplus,bminus,os_minus_ss,integrated_0_100,24,-0.12566345000000023,-0.06283160000000021,4.3464544849100911e-05,9.5535311429828824e-06,available_central_sem_only
MONASH,beauty,bplus,bminus,os_minus_ss,integrated_0_100,25,-0.06283160000000021,2.499999998128999e-07,5.6784324722212482e-05,7.2591062378004997e-06,available_central_sem_only
MONASH,beauty,bplus,bminus,os_minus_ss,integrated_0_100,26,2.499999998128999e-07,0.06283209999999984,4.4866626941007397e-05,8.3059932152332037e-06,available_central_sem_only
MONASH,beauty,bplus,bminus,os_minus_ss,integrated_0_100,27,0.06283209999999984,0.12566394999999986,4.6969750078867118e-05,7.8425466138899821e-06,available_central_sem_only
MONASH,beauty,bplus,bminus,os_minus_ss,integrated_0_100,28,0.12566394999999986,0.18849579999999966,3.435101125170879e-05,8.8091594696157943e-06,available_central_sem_only
MONASH,beauty,bplus,bminus,os_minus_ss,integrated_0_100,29,0.18849579999999966,0.2513276499999997,5.117599635458656e-05,9.9773619084118281e-06,available_central_sem_only
MONASH,beauty,bplus,bminus,os_minus_ss,integrated_0_100,30,0.2513276499999997,0.3141594999999997,5.6784324722212482e-05,6.8994031732198245e-06,available_central_sem_only
MONASH,beauty,bplus,bminus,os_minus_ss,integrated_0_100,31,0.3141594999999997,0.3769913499999997,6.1691612043885167e-05,8.0334962624898023e-06,available_central_sem_only
MONASH,beauty,bplus,bminus,os_minus_ss,integrated_0_100,32,0.3769913499999997,0.43982319999999975,6.8000981457464331e-05,6.7867873974179327e-06,available_central_sem_only
MONASH,beauty,bplus,bminus,os_minus_ss,integrated_0_100,33,0.43982319999999975,0.50265505,7.1506186687230537e-05,1.236760385271695e-05,available_central_sem_only
MONASH,beauty,bplus,bminus,os_minus_ss,integrated_0_100,34,0.50265505,0.5654868999999998,8.9032212836061557e-05,9.7614901251875231e-06,available_central_sem_only
MONASH,beauty,bplus,bminus,os_minus_ss,integrated_0_100,35,0.5654868999999998,0.62831875,8.1320761330575908e-05,8.7953955163925523e-06,available_central_sem_only
MONASH,beauty,bplus,bminus,os_minus_ss,integrated_0_100,36,0.62831875,0.6911505999999998,9.6743664341547193e-05,1.2949393760549515e-05,available_central_sem_only
MONASH,beauty,bplus,bminus,os_minus_ss,integrated_0_100,37,0.6911505999999998,0.7539824499999996,0.00010585719793893933,7.7384068597213687e-06,available_central_sem_only
MONASH,beauty,bplus,bminus,os_minus_ss,integrated_0_100,38,0.7539824499999996,0.8168142999999999,0.00013740404500683516,7.6214574151160537e-06,available_central_sem_only
MONASH,beauty,bplus,bminus,os_minus_ss,integrated_0_100,39,0.8168142999999999,0.8796461499999997,0.00016053839952329208,1.1828554038925506e-05,available_central_sem_only
MONASH,beauty,bplus,bminus,os_minus_ss,integrated_0_100,40,0.8796461499999997,0.9424779999999999,0.00017596130253426338,1.2536587270289735e-05,available_central_sem_only
MONASH,beauty,bplus,bminus,os_minus_ss,integrated_0_100,41,0.9424779999999999,1.0053098499999993,0.00017876546671807635,1.0190091930172837e-05,available_central_sem_only
MONASH,beauty,bplus,bminus,os_minus_ss,integrated_0_100,42,1.0053098499999993,1.0681416999999995,0.00025658102281888602,1.5542382129131883e-05,available_central_sem_only
MONASH,beauty,bplus,bminus,os_minus_ss,integrated_0_100,43,1.0681416999999995,1.1309735499999998,0.00027410704896771708,1.5520806967160324e-05,available_central_sem_only
MONASH,beauty,bplus,bminus,os_minus_ss,integrated_0_100,44,1.1309735499999998,1.1938053999999996,0.00034070594833327493,1.4616436448693562e-05,available_central_sem_only
MONASH,beauty,bplus,bminus,os_minus_ss,integrated_0_100,45,1.1938053999999996,1.2566372499999998,0.00038346945213642259,1.4765868951423945e-05,available_central_sem_only
MONASH,beauty,bplus,bminus,os_minus_ss,integrated_0_100,46,1.2566372499999998,1.3194690999999996,0.00045637772091555961,1.9580607721147154e-05,available_central_sem_only
MONASH,beauty,bplus,bminus,os_minus_ss,integrated_0_100,47,1.3194690999999996,1.3823009499999999,0.00050965684040800592,1.6844503680372563e-05,available_central_sem_only
MONASH,beauty,bplus,bminus,os_minus_ss,integrated_0_100,48,1.3823009499999999,1.4451327999999997,0.00059448280696834806,2.0754882962334312e-05,available_central_sem_only
MONASH,beauty,bplus,bminus,os_minus_ss,integrated_0_100,49,1.4451327999999997,1.50796465,0.0005972869711521609,2.2785442833003278e-05,available_central_sem_only
MONASH,beauty,bplus,bminus,os_minus_ss,integrated_0_100,50,1.50796465,1.5707964999999997,0.0007206701952399314,1.4018667354765933e-05,available_central_sem_only
MONASH,beauty,bplus,bminus,os_minus_ss,integrated_0_100,51,1.5707964999999997,1.63362835,0.00077394931473237754,1.7627355265534441e-05,available_central_sem_only
MONASH,beauty,bplus,bminus,os_minus_ss,integrated_0_100,52,1.63362835,1.6964601999999998,0.00085527007606295356,1.7839934314264302e-05,available_central_sem_only
MONASH,beauty,bplus,bminus,os_minus_ss,integrated_0_100,53,1.6964601999999998,1.75929205,0.00099337516211574196,2.3286774896086273e-05,available_central_sem_only
MONASH,beauty,bplus,bminus,os_minus_ss,integrated_0_100,54,1.75929205,1.8221238999999998,0.0010796032107679905,3.4885489302060643e-05,available_central_sem_only
MONASH,beauty,bplus,bminus,os_minus_ss,integrated_0_100,55,1.8221238999999998,1.88495575,0.0012170072557748256,2.8284065883345816e-05,available_central_sem_only
MONASH,beauty,bplus,bminus,os_minus_ss,integrated_0_100,56,1.88495575,1.9477875999999994,0.0012899155245539625,4.0707966495065263e-05,available_central_sem_only
MONASH,beauty,bplus,bminus,os_minus_ss,integrated_0_100,57,1.9477875999999994,2.0106194499999996,0.0013880612709874162,3.5326828974121281e-05,available_central_sem_only
MONASH,beauty,bplus,bminus,os_minus_ss,integrated_0_100,58,2.0106194499999996,2.0734512999999994,0.0015752392302569316,3.6847325573019683e-05,available_central_sem_only
MONASH,beauty,bplus,bminus,os_minus_ss,integrated_0_100,59,2.0734512999999994,2.1362831499999997,0.0015878579690840899,4.0611557170674799e-05,available_central_sem_only
MONASH,beauty,bplus,bminus,os_minus_ss,integrated_0_100,60,2.1362831499999997,2.1991149999999995,0.0017869536261348102,3.5376762609869942e-05,available_central_sem_only
MONASH,beauty,bplus,bminus,os_minus_ss,integrated_0_100,61,2.1991149999999995,2.2619468499999997,0.0018493462792246488,3.5124022101792982e-05,available_central_sem_only
MONASH,beauty,bplus,bminus,os_minus_ss,integrated_0_100,62,2.2619468499999997,2.3247786999999995,0.0020260086228048651,4.3952754544475053e-05,available_central_sem_only
MONASH,beauty,bplus,bminus,os_minus_ss,integrated_0_100,63,2.3247786999999995,2.3876105499999998,0.0021115356304111607,3.4401172396304133e-05,available_central_sem_only
MONASH,beauty,bplus,bminus,os_minus_ss,integrated_0_100,64,2.3876105499999998,2.4504423999999996,0.0023113323285078344,4.2549802577796968e-05,available_central_sem_only
MONASH,beauty,bplus,bminus,os_minus_ss,integrated_0_100,65,2.4504423999999996,2.51327425,0.0023751270636895791,3.7342353360094429e-05,available_central_sem_only
MONASH,beauty,bplus,bminus,os_minus_ss,integrated_0_100,66,2.51327425,2.5761061,0.0024865925899961441,3.9358167669137321e-05,available_central_sem_only
MONASH,beauty,bplus,bminus,os_minus_ss,integrated_0_100,67,2.5761061,2.6389379499999994,0.0025742227207402996,4.3521642762441598e-05,available_central_sem_only
MONASH,beauty,bplus,bminus,os_minus_ss,integrated_0_100,68,2.6389379499999994,2.7017697999999997,0.0027228434224823863,4.0532718311206839e-05,available_central_sem_only
MONASH,beauty,bplus,bminus,os_minus_ss,integrated_0_100,69,2.7017697999999997,2.76460165,0.0027796277472045988,5.3399815185012024e-05,available_central_sem_only
MONASH,beauty,bplus,bminus,os_minus_ss,integrated_0_100,70,2.76460165,2.8274335,0.0029527848855550494,3.1573527573183224e-05,available_central_sem_only
MONASH,beauty,bplus,bminus,os_minus_ss,integrated_0_100,71,2.8274335,2.8902653499999995,0.0029759192400715061,4.6630313776712281e-05,available_central_sem_only
MONASH,beauty,bplus,bminus,os_minus_ss,integrated_0_100,72,2.8902653499999995,2.9530971999999998,0.0031420659679624241,4.4728380440679335e-05,available_central_sem_only
MONASH,beauty,bplus,bminus,os_minus_ss,integrated_0_100,73,2.9530971999999998,3.015929049999999,0.0031715096918924603,3.0103518765562089e-05,available_central_sem_only
MONASH,beauty,bplus,bminus,os_minus_ss,integrated_0_100,74,3.015929049999999,3.0787608999999994,0.0032191804830172806,3.7686354811758578e-05,available_central_sem_only
MONASH,beauty,bplus,bminus,os_minus_ss,integrated_0_100,75,3.0787608999999994,3.1415927499999996,0.0031595919941112553,4.5496483594334986e-05,available_central_sem_only
MONASH,beauty,bplus,bminus,os_minus_ss,integrated_0_100,76,3.1415927499999996,3.2044246,0.0032465210838094572,5.7258639685447834e-05,available_central_sem_only
MONASH,beauty,bplus,bminus,os_minus_ss,integrated_0_100,77,3.2044246,3.267256449999999,0.0031673034456167408,4.1416852351662115e-05,available_central_sem_only
MONASH,beauty,bplus,bminus,os_minus_ss,integrated_0_100,78,3.267256449999999,3.3300882999999994,0.0031687055277086471,5.2342870599710888e-05,available_central_sem_only
MONASH,beauty,bplus,bminus,os_minus_ss,integrated_0_100,79,3.3300882999999994,3.3929201499999997,0.0030046619229555892,2.6908242042724263e-05,available_central_sem_only
MONASH,beauty,bplus,bminus,os_minus_ss,integrated_0_100,80,3.3929201499999997,3.455752,0.0031098180798485751,7.232864396364123e-05,available_central_sem_only
MONASH,beauty,bplus,bminus,os_minus_ss,integrated_0_100,81,3.455752,3.5185838499999993,0.0029885379788986647,2.4080922018882216e-05,available_central_sem_only
MONASH,beauty,bplus,bminus,os_minus_ss,integrated_0_100,82,3.5185838499999993,3.5814156999999986,0.0027929475270777105,4.8305762068135151e-05,available_central_sem_only
MONASH,beauty,bplus,bminus,os_minus_ss,integrated_0_100,83,3.5814156999999986,3.644247549999999,0.0026282028812786989,5.3651243564115964e-05,available_central_sem_only
MONASH,beauty,bplus,bminus,os_minus_ss,integrated_0_100,84,3.644247549999999,3.707079399999999,0.0025805320901538787,4.6775318241656415e-05,available_central_sem_only
MONASH,beauty,bplus,bminus,os_minus_ss,integrated_0_100,85,3.707079399999999,3.7699112499999994,0.002581934172245785,3.6509120726394992e-05,available_central_sem_only
MONASH,beauty,bplus,bminus,os_minus_ss,integrated_0_100,86,3.7699112499999994,3.8327430999999996,0.0023975603771600831,3.1920354346491988e-05,available_central_sem_only
MONASH,beauty,bplus,bminus,os_minus_ss,integrated_0_100,87,3.8327430999999996,3.895574949999999,0.0023288583546566652,2.9741491955295428e-05,available_central_sem_only
MONASH,beauty,bplus,bminus,os_minus_ss,integrated_0_100,88,3.895574949999999,3.9584067999999992,0.0020806898243892181,3.4385392063693614e-05,available_central_sem_only
MONASH,beauty,bplus,bminus,os_minus_ss,integrated_0_100,89,3.9584067999999992,4.021238649999999,0.00204213256686179,4.6415379566670048e-05,available_central_sem_only
MONASH,beauty,bplus,bminus,os_minus_ss,integrated_0_100,90,4.021238649999999,4.084070499999999,0.0019250587121875987,4.4376191439648181e-05,available_central_sem_only
MONASH,beauty,bplus,bminus,os_minus_ss,integrated_0_100,91,4.084070499999999,4.1469023499999995,0.0018486452381786954,4.1192064054941189e-05,available_central_sem_only
MONASH,beauty,bplus,bminus,os_minus_ss,integrated_0_100,92,4.1469023499999995,4.2097342,0.0016376318833467699,2.9913203773883224e-05,available_central_sem_only
MONASH,beauty,bplus,bminus,os_minus_ss,integrated_0_100,93,4.2097342,4.27256605,0.001552805916786428,2.0763302196053623e-05,available_central_sem_only
MONASH,beauty,bplus,bminus,os_minus_ss,integrated_0_100,94,4.27256605,4.3353979,0.0014006800098145746,2.8378818203220215e-05,available_central_sem_only
MONASH,beauty,bplus,bminus,os_minus_ss,integrated_0_100,95,4.3353979,4.398229749999999,0.0013025342633811211,3.2136659038433057e-05,available_central_sem_only
MONASH,beauty,bplus,bminus,os_minus_ss,integrated_0_100,96,4.398229749999999,4.461061599999999,0.001203687475901714,3.1922700726105426e-05,available_central_sem_only
MONASH,beauty,bplus,bminus,os_minus_ss,integrated_0_100,97,4.461061599999999,4.523893449999999,0.0010312313785972168,2.4024157992717002e-05,available_central_sem_only
MONASH,beauty,bplus,bminus,os_minus_ss,integrated_0_100,98,4.523893449999999,4.5867252999999995,0.00098636475165620949,3.1986673815566848e-05,available_central_sem_only
MONASH,beauty,bplus,bminus,os_minus_ss,integrated_0_100,99,4.5867252999999995,4.64955715,0.00089522941568228817,2.087692625952699e-05,available_central_sem_only
MONASH,beauty,bplus,bminus,os_minus_ss,integrated_0_100,100,4.64955715,4.712389,0.0007914753408812086,1.5277213121119829e-05,available_central_sem_only
MONASH,beauty,bplus,bminus,ss,integrated_0_100,1,-1.570796,-1.50796415,1.5422903010971292e-05,2.5176597811417634e-06,available_central_sem_only
MONASH,beauty,bplus,bminus,ss,integrated_0_100,2,-1.50796415,-1.4451323,7.0104104595324057e-06,2.7616929326665103e-06,available_central_sem_only
MONASH,beauty,bplus,bminus,ss,integrated_0_100,3,-1.4451323,-1.38230045,1.5422903010971292e-05,3.7324900876930487e-06,available_central_sem_only
MONASH,beauty,bplus,bminus,ss,integrated_0_100,4,-1.38230045,-1.3194686,1.1216656735251849e-05,2.9857503722777898e-06,available_central_sem_only
MONASH,beauty,bplus,bminus,ss,integrated_0_100,5,-1.3194686,-1.2566367500000002,1.5422903010971292e-05,3.8855451157564756e-06,available_central_sem_only
MONASH,beauty,bplus,bminus,ss,integrated_0_100,6,-1.2566367500000002,-1.1938049000000002,1.4020820919064811e-05,2.9550688052523287e-06,available_central_sem_only
MONASH,beauty,bplus,bminus,ss,integrated_0_100,7,-1.1938049000000002,-1.1309730500000001,1.6824985102877774e-05,3.6511947286553666e-06,available_central_sem_only
MONASH,beauty,bplus,bminus,ss,integrated_0_100,8,-1.1309730500000001,-1.0681412000000001,1.1216656735251849e-05,2.9958996929325834e-06,available_central_sem_only
MONASH,beauty,bplus,bminus,ss,integrated_0_100,9,-1.0681412000000001,-1.00530935,1.2618738827158331e-05,3.0996984387296403e-06,available_central_sem_only
MONASH,beauty,bplus,bminus,ss,integrated_0_100,10,-1.00530935,-0.9424775000000001,1.1216656735251849e-05,3.1645769210129026e-06,available_central_sem_only
MONASH,beauty,bplus,bminus,ss,integrated_0_100,11,-0.9424775000000001,-0.8796456500000002,1.331977987311157e-05,3.9717654173454633e-06,available_central_sem_only
MONASH,beauty,bplus,bminus,ss,integrated_0_100,12,-0.8796456500000002,-0.8168138000000001,1.6123944056924534e-05,2.5685157901949226e-06,available_central_sem_only
MONASH,beauty,bplus,bminus,ss,integrated_0_100,13,-0.8168138000000001,-0.7539819500000001,1.331977987311157e-05,2.6521567872353903e-06,available_central_sem_only
MONASH,beauty,bplus,bminus,ss,integrated_0_100,14,-0.7539819500000001,-0.6911501000000002,8.4124925514388868e-06,3.0975557956736182e-06,available_central_sem_only
MONASH,beauty,bplus,bminus,ss,integrated_0_100,15,-0.6911501000000002,-0.6283182500000002,1.331977987311157e-05,2.8451420808670414e-06,available_central_sem_only
MONASH,beauty,bplus,bminus,ss,integrated_0_100,16,-0.6283182500000002,-0.5654864000000002,7.7114515054856459e-06,2.2076253211039315e-06,available_central_sem_only
MONASH,beauty,bplus,bminus,ss,integrated_0_100,17,-0.5654864000000002,-0.5026545500000001,1.331977987311157e-05,3.0329035315319566e-06,available_central_sem_only
MONASH,beauty,bplus,bminus,ss,integrated_0_100,18,-0.5026545500000001,-0.4398227000000001,8.4124925514388868e-06,3.0932313696929162e-06,available_central_sem_only
MONASH,beauty,bplus,bminus,ss,integrated_0_100,19,-0.4398227000000001,-0.3769908500000001,9.8145746433453671e-06,2.8099338796374069e-06,available_central_sem_only
MONASH,beauty,bplus,bminus,ss,integrated_0_100,20,-0.3769908500000001,-0.3141590000000001,9.1135335973921278e-06,1.8289284028828085e-06,available_central_sem_only
MONASH,beauty,bplus,bminus,ss,integrated_0_100,21,-0.3141590000000001,-0.2513271500000003,8.4124925514388868e-06,1.748906603929732e-06,available_central_sem_only
MONASH,beauty,bplus,bminus,ss,integrated_0_100,22,-0.2513271500000003,-0.18849530000000025,9.1135335973921278e-06,3.3134726713049291e-06,available_central_sem_only
MONASH,beauty,bplus,bminus,ss,integrated_0_100,23,-0.18849530000000025,-0.12566345000000023,1.2618738827158331e-05,3.8702613378762842e-06,available_central_sem_only
MONASH,beauty,bplus,bminus,ss,integrated_0_100,24,-0.12566345000000023,-0.06283160000000021,1.6824985102877774e-05,3.8073139343541232e-06,available_central_sem_only
MONASH,beauty,bplus,bminus,ss,integrated_0_100,25,-0.06283160000000021,2.499999998128999e-07,9.1135335973921278e-06,1.8278261899849245e-06,available_central_sem_only
MONASH,beauty,bplus,bminus,ss,integrated_0_100,26,2.499999998128999e-07,0.06283209999999984,9.8145746433453671e-06,2.6036626833249468e-06,available_central_sem_only
MONASH,beauty,bplus,bminus,ss,integrated_0_100,27,0.06283209999999984,0.12566394999999986,1.331977987311157e-05,2.435095421624536e-06,available_central_sem_only
MONASH,beauty,bplus,bminus,ss,integrated_0_100,28,0.12566394999999986,0.18849579999999966,1.4721861965018052e-05,2.2072354853831571e-06,available_central_sem_only
MONASH,beauty,bplus,bminus,ss,integrated_0_100,29,0.18849579999999966,0.2513276499999997,1.4721861965018052e-05,2.8492273401421959e-06,available_central_sem_only
MONASH,beauty,bplus,bminus,ss,integrated_0_100,30,0.2513276499999997,0.3141594999999997,1.5422903010971292e-05,3.4370546300744373e-06,available_central_sem_only
MONASH,beauty,bplus,bminus,ss,integrated_0_100,31,0.3141594999999997,0.3769913499999997,1.0515615689298608e-05,3.1709650086221693e-06,available_central_sem_only
MONASH,beauty,bplus,bminus,ss,integrated_0_100,32,0.3769913499999997,0.43982319999999975,8.4124925514388868e-06,1.4064464999660138e-06,available_central_sem_only
MONASH,beauty,bplus,bminus,ss,integrated_0_100,33,0.43982319999999975,0.50265505,1.6123944056924534e-05,4.1772138906553229e-06,available_central_sem_only
MONASH,beauty,bplus,bminus,ss,integrated_0_100,34,0.50265505,0.5654868999999998,1.0515615689298608e-05,2.8096173874192405e-06,available_central_sem_only
MONASH,beauty,bplus,bminus,ss,integrated_0_100,35,0.5654868999999998,0.62831875,1.2618738827158331e-05,2.5157113575229669e-06,available_central_sem_only
MONASH,beauty,bplus,bminus,ss,integrated_0_100,36,0.62831875,0.6911505999999998,1.4020820919064811e-05,1.4744850439376658e-06,available_central_sem_only
MONASH,beauty,bplus,bminus,ss,integrated_0_100,37,0.6911505999999998,0.7539824499999996,1.0515615689298608e-05,2.1523170984359273e-06,available_central_sem_only
MONASH,beauty,bplus,bminus,ss,integrated_0_100,38,0.7539824499999996,0.8168142999999999,9.8145746433453671e-06,2.8001945910281548e-06,available_central_sem_only
MONASH,beauty,bplus,bminus,ss,integrated_0_100,39,0.8168142999999999,0.8796461499999997,1.1216656735251849e-05,2.6009824822463781e-06,available_central_sem_only
MONASH,beauty,bplus,bminus,ss,integrated_0_100,40,0.8796461499999997,0.9424779999999999,1.331977987311157e-05,3.0369413915358313e-06,available_central_sem_only
MONASH,beauty,bplus,bminus,ss,integrated_0_100,41,0.9424779999999999,1.0053098499999993,1.191769778120509e-05,2.5760881688701922e-06,available_central_sem_only
MONASH,beauty,bplus,bminus,ss,integrated_0_100,42,1.0053098499999993,1.0681416999999995,1.6123944056924534e-05,2.966708171851305e-06,available_central_sem_only
MONASH,beauty,bplus,bminus,ss,integrated_0_100,43,1.0681416999999995,1.1309735499999998,1.1216656735251849e-05,2.8008106112362015e-06,available_central_sem_only
MONASH,beauty,bplus,bminus,ss,integrated_0_100,44,1.1309735499999998,1.1938053999999996,1.1216656735251849e-05,2.1389580012547106e-06,available_central_sem_only
MONASH,beauty,bplus,bminus,ss,integrated_0_100,45,1.1938053999999996,1.2566372499999998,7.7114515054856459e-06,2.8599930821966127e-06,available_central_sem_only
MONASH,beauty,bplus,bminus,ss,integrated_0_100,46,1.2566372499999998,1.3194690999999996,9.1135335973921278e-06,1.8195105774934543e-06,available_central_sem_only
MONASH,beauty,bplus,bminus,ss,integrated_0_100,47,1.3194690999999996,1.3823009499999999,1.4721861965018052e-05,3.6955074486516482e-06,available_central_sem_only
MONASH,beauty,bplus,bminus,ss,integrated_0_100,48,1.3823009499999999,1.4451327999999997,1.191769778120509e-05,2.9709301037347636e-06,available_central_sem_only
MONASH,beauty,bplus,bminus,ss,integrated_0_100,49,1.4451327999999997,1.50796465,2.0330190332643977e-05,3.2139700078065954e-06,available_central_sem_only
MONASH,beauty,bplus,bminus,ss,integrated_0_100,50,1.50796465,1.5707964999999997,1.4721861965018052e-05,1.9346629892140696e-06,available_central_sem_only
MONASH,beauty,bplus,bminus,ss,integrated_0_100,51,1.5707964999999997,1.63362835,9.1135335973921278e-06,2.3447171659252527e-06,available_central_sem_only
MONASH,beauty,bplus,bminus,ss,integrated_0_100,52,1.63362835,1.6964601999999998,1.331977987311157e-05,2.8478970126623269e-06,available_central_sem_only
MONASH,beauty,bplus,bminus,ss,integrated_0_100,53,1.6964601999999998,1.75929205,1.4020820919064811e-05,2.5566385000922903e-06,available_central_sem_only
MONASH,beauty,bplus,bminus,ss,integrated_0_100,54,1.75929205,1.8221238999999998,1.6123944056924534e-05,1.0673764105995483e-06,available_central_sem_only
MONASH,beauty,bplus,bminus,ss,integrated_0_100,55,1.8221238999999998,1.88495575,1.2618738827158331e-05,3.0961630475169666e-06,available_central_sem_only
MONASH,beauty,bplus,bminus,ss,integrated_0_100,56,1.88495575,1.9477875999999994,1.191769778120509e-05,4.4509888714196542e-06,available_central_sem_only
MONASH,beauty,bplus,bminus,ss,integrated_0_100,57,1.9477875999999994,2.0106194499999996,1.2618738827158331e-05,2.5102802741322148e-06,available_central_sem_only
MONASH,beauty,bplus,bminus,ss,integrated_0_100,58,2.0106194499999996,2.0734512999999994,1.6123944056924534e-05,2.7769031754224998e-06,available_central_sem_only
MONASH,beauty,bplus,bminus,ss,integrated_0_100,59,2.0734512999999994,2.1362831499999997,1.2618738827158331e-05,3.5843099221789627e-06,available_central_sem_only
MONASH,beauty,bplus,bminus,ss,integrated_0_100,60,2.1362831499999997,2.1991149999999995,9.8145746433453671e-06,2.9944286750291549e-06,available_central_sem_only
MONASH,beauty,bplus,bminus,ss,integrated_0_100,61,2.1991149999999995,2.2619468499999997,1.8928108240737495e-05,3.9207487300186287e-06,available_central_sem_only
MONASH,beauty,bplus,bminus,ss,integrated_0_100,62,2.2619468499999997,2.3247786999999995,1.1216656735251849e-05,1.5454450829019216e-06,available_central_sem_only
MONASH,beauty,bplus,bminus,ss,integrated_0_100,63,2.3247786999999995,2.3876105499999998,9.1135335973921278e-06,1.824335380035132e-06,available_central_sem_only
MONASH,beauty,bplus,bminus,ss,integrated_0_100,64,2.3876105499999998,2.4504423999999996,7.7114515054856459e-06,2.4360109063628334e-06,available_central_sem_only
MONASH,beauty,bplus,bminus,ss,integrated_0_100,65,2.4504423999999996,2.51327425,1.2618738827158331e-05,4.9761055003327693e-06,available_central_sem_only
MONASH,beauty,bplus,bminus,ss,integrated_0_100,66,2.51327425,2.5761061,1.8227067194784256e-05,3.4871422967266147e-06,available_central_sem_only
MONASH,beauty,bplus,bminus,ss,integrated_0_100,67,2.5761061,2.6389379499999994,1.1216656735251849e-05,2.134429419586663e-06,available_central_sem_only
MONASH,beauty,bplus,bminus,ss,integrated_0_100,68,2.6389379499999994,2.7017697999999997,1.0515615689298608e-05,2.1560294176532687e-06,available_central_sem_only
MONASH,beauty,bplus,bminus,ss,integrated_0_100,69,2.7017697999999997,2.76460165,9.8145746433453671e-06,3.3383616682391589e-06,available_central_sem_only
MONASH,beauty,bplus,bminus,ss,integrated_0_100,70,2.76460165,2.8274335,1.6123944056924534e-05,2.9676721340742826e-06,available_central_sem_only
MONASH,beauty,bplus,bminus,ss,integrated_0_100,71,2.8274335,2.8902653499999995,1.4020820919064811e-05,2.5662845121765831e-06,available_central_sem_only
MONASH,beauty,bplus,bminus,ss,integrated_0_100,72,2.8902653499999995,2.9530971999999998,1.331977987311157e-05,3.9735594144108431e-06,available_central_sem_only
MONASH,beauty,bplus,bminus,ss,integrated_0_100,73,2.9530971999999998,3.015929049999999,1.7526026148831013e-05,2.8201523805416993e-06,available_central_sem_only
MONASH,beauty,bplus,bminus,ss,integrated_0_100,74,3.015929049999999,3.0787608999999994,1.0515615689298608e-05,2.1565832609186115e-06,available_central_sem_only
MONASH,beauty,bplus,bminus,ss,integrated_0_100,75,3.0787608999999994,3.1415927499999996,1.191769778120509e-05,2.5717075232242149e-06,available_central_sem_only
MONASH,beauty,bplus,bminus,ss,integrated_0_100,76,3.1415927499999996,3.2044246,1.7526026148831013e-05,5.1409392499356544e-06,available_central_sem_only
MONASH,beauty,bplus,bminus,ss,integrated_0_100,77,3.2044246,3.267256449999999,1.331977987311157e-05,4.1126875875820408e-06,available_central_sem_only
MONASH,beauty,bplus,bminus,ss,integrated_0_100,78,3.267256449999999,3.3300882999999994,1.4721861965018052e-05,4.9494951007414539e-06,available_central_sem_only
MONASH,beauty,bplus,bminus,ss,integrated_0_100,79,3.3300882999999994,3.3929201499999997,1.6824985102877774e-05,2.3819490949998707e-06,available_central_sem_only
MONASH,beauty,bplus,bminus,ss,integrated_0_100,80,3.3929201499999997,3.455752,1.191769778120509e-05,3.1363556326253006e-06,available_central_sem_only
MONASH,beauty,bplus,bminus,ss,integrated_0_100,81,3.455752,3.5185838499999993,1.5422903010971292e-05,2.0433017843668259e-06,available_central_sem_only
MONASH,beauty,bplus,bminus,ss,integrated_0_100,82,3.5185838499999993,3.5814156999999986,1.5422903010971292e-05,3.2754007955551577e-06,available_central_sem_only
MONASH,beauty,bplus,bminus,ss,integrated_0_100,83,3.5814156999999986,3.644247549999999,8.4124925514388868e-06,2.5203790269541034e-06,available_central_sem_only
MONASH,beauty,bplus,bminus,ss,integrated_0_100,84,3.644247549999999,3.707079399999999,9.8145746433453671e-06,2.9979003112291225e-06,available_central_sem_only
MONASH,beauty,bplus,bminus,ss,integrated_0_100,85,3.707079399999999,3.7699112499999994,7.7114515054856459e-06,2.6551119872154934e-06,available_central_sem_only
MONASH,beauty,bplus,bminus,ss,integrated_0_100,86,3.7699112499999994,3.8327430999999996,1.2618738827158331e-05,3.277636519479384e-06,available_central_sem_only
MONASH,beauty,bplus,bminus,ss,integrated_0_100,87,3.8327430999999996,3.895574949999999,1.191769778120509e-05,2.1071829485035711e-06,available_central_sem_only
MONASH,beauty,bplus,bminus,ss,integrated_0_100,88,3.895574949999999,3.9584067999999992,1.0515615689298608e-05,2.1553064198668294e-06,available_central_sem_only
MONASH,beauty,bplus,bminus,ss,integrated_0_100,89,3.9584067999999992,4.021238649999999,1.6123944056924534e-05,3.1497718415291721e-06,available_central_sem_only
MONASH,beauty,bplus,bminus,ss,integrated_0_100,90,4.021238649999999,4.084070499999999,8.4124925514388868e-06,2.7309713289365118e-06,available_central_sem_only
MONASH,beauty,bplus,bminus,ss,integrated_0_100,91,4.084070499999999,4.1469023499999995,9.8145746433453671e-06,2.3828459897222084e-06,available_central_sem_only
MONASH,beauty,bplus,bminus,ss,integrated_0_100,92,4.1469023499999995,4.2097342,1.2618738827158331e-05,2.9224029721949518e-06,available_central_sem_only
MONASH,beauty,bplus,bminus,ss,integrated_0_100,93,4.2097342,4.27256605,1.6123944056924534e-05,2.3433240217161556e-06,available_central_sem_only
MONASH,beauty,bplus,bminus,ss,integrated_0_100,94,4.27256605,4.3353979,1.2618738827158331e-05,2.7224419529085636e-06,available_central_sem_only
MONASH,beauty,bplus,bminus,ss,integrated_0_100,95,4.3353979,4.398229749999999,1.4020820919064811e-05,3.1357157631290451e-06,available_central_sem_only
MONASH,beauty,bplus,bminus,ss,integrated_0_100,96,4.398229749999999,4.461061599999999,9.8145746433453671e-06,2.149111224699971e-06,available_central_sem_only
MONASH,beauty,bplus,bminus,ss,integrated_0_100,97,4.461061599999999,4.523893449999999,1.4721861965018052e-05,3.2189491204884658e-06,available_central_sem_only
MONASH,beauty,bplus,bminus,ss,integrated_0_100,98,4.523893449999999,4.5867252999999995,1.6123944056924534e-05,2.9711714167462717e-06,available_central_sem_only
MONASH,beauty,bplus,bminus,ss,integrated_0_100,99,4.5867252999999995,4.64955715,9.8145746433453671e-06,1.5436468859245306e-06,available_central_sem_only
MONASH,beauty,bplus,bminus,ss,integrated_0_100,100,4.64955715,4.712389,1.5422903010971292e-05,2.5202767361394514e-06,available_central_sem_only
MONASH,beauty,lambdabbar,bminus,os,integrated_0_100,1,-1.570796,-1.50796415,0.00065155890723062244,3.8478847105148044e-05,available_central_sem_only
MONASH,beauty,lambdabbar,bminus,os,integrated_0_100,2,-1.50796415,-1.4451323,0.00058430121358100983,3.3588243854774295e-05,available_central_sem_only
MONASH,beauty,lambdabbar,bminus,os,integrated_0_100,3,-1.4451323,-1.38230045,0.00051283991407829641,2.7893418152119723e-05,available_central_sem_only
MONASH,beauty,lambdabbar,bminus,os,integrated_0_100,4,-1.38230045,-1.3194686,0.00047500746140038925,4.2372523832007299e-05,available_central_sem_only
MONASH,beauty,lambdabbar,bminus,os,integrated_0_100,5,-1.3194686,-1.2566367500000002,0.00044558222042868375,3.6989541255685997e-05,available_central_sem_only
MONASH,beauty,lambdabbar,bminus,os,integrated_0_100,6,-1.2566367500000002,-1.1938049000000002,0.00043717500872248214,3.4980140059458708e-05,available_central_sem_only
MONASH,beauty,lambdabbar,bminus,os,integrated_0_100,7,-1.1938049000000002,-1.1309730500000001,0.00037832452677907108,5.0645652378765362e-05,available_central_sem_only
MONASH,beauty,lambdabbar,bminus,os,integrated_0_100,8,-1.1309730500000001,-1.0681412000000001,0.00034049207410116397,4.385535680279201e-05,available_central_sem_only
MONASH,beauty,lambdabbar,bminus,os,integrated_0_100,9,-1.0681412000000001,-1.00530935,0.00031947404483566002,1.8038140143186839e-05,available_central_sem_only
MONASH,beauty,lambdabbar,bminus,os,integrated_0_100,10,-1.00530935,-0.9424775000000001,0.00017655144583023319,2.1664277552652151e-05,available_central_sem_only
MONASH,beauty,lambdabbar,bminus,os,integrated_0_100,11,-0.9424775000000001,-0.8796456500000002,0.00018495865753643477,3.3329791459603814e-05,available_central_sem_only
MONASH,beauty,lambdabbar,bminus,os,integrated_0_100,12,-0.8796456500000002,-0.8168138000000001,0.00017655144583023319,2.1501736304675806e-05,available_central_sem_only
MONASH,beauty,lambdabbar,bminus,os,integrated_0_100,13,-0.8168138000000001,-0.7539819500000001,0.00010509014632751975,1.6870054820920579e-05,available_central_sem_only
MONASH,beauty,lambdabbar,bminus,os,integrated_0_100,14,-0.7539819500000001,-0.6911501000000002,0.00010088654047441896,2.0061544730354208e-05,available_central_sem_only
MONASH,beauty,lambdabbar,bminus,os,integrated_0_100,15,-0.6911501000000002,-0.6283182500000002,0.00012190456973992291,2.9449892245954955e-05,available_central_sem_only
MONASH,beauty,lambdabbar,bminus,os,integrated_0_100,16,-0.6283182500000002,-0.5654864000000002,6.3054087796511851e-05,1.2958970995747693e-05,available_central_sem_only
MONASH,beauty,lambdabbar,bminus,os,integrated_0_100,17,-0.5654864000000002,-0.5026545500000001,7.5664905355814216e-05,2.3262934164737002e-05,available_central_sem_only
MONASH,beauty,lambdabbar,bminus,os,integrated_0_100,18,-0.5026545500000001,-0.4398227000000001,0.00010088654047441896,2.1059460904205907e-05,available_central_sem_only
MONASH,beauty,lambdabbar,bminus,os,integrated_0_100,19,-0.4398227000000001,-0.3769908500000001,5.8850481943411063e-05,6.8190982259421034e-06,available_central_sem_only
MONASH,beauty,lambdabbar,bminus,os,integrated_0_100,20,-0.3769908500000001,-0.3141590000000001,5.044327023720948e-05,1.3633438634393882e-05,available_central_sem_only
MONASH,beauty,lambdabbar,bminus,os,integrated_0_100,21,-0.3141590000000001,-0.2513271500000003,4.2036058531007896e-05,1.2602843199967664e-05,available_central_sem_only
MONASH,beauty,lambdabbar,bminus,os,integrated_0_100,22,-0.2513271500000003,-0.18849530000000025,5.044327023720948e-05,1.0546954895204863e-05,available_central_sem_only
MONASH,beauty,lambdabbar,bminus,os,integrated_0_100,23,-0.18849530000000025,-0.12566345000000023,5.044327023720948e-05,1.0525744525366045e-05,available_central_sem_only
MONASH,beauty,lambdabbar,bminus,os,integrated_0_100,24,-0.12566345000000023,-0.06283160000000021,3.7832452677907108e-05,1.4635686273085067e-05,available_central_sem_only
MONASH,beauty,lambdabbar,bminus,os,integrated_0_100,25,-0.06283160000000021,2.499999998128999e-07,4.2036058531007896e-05,1.6601425398255995e-05,available_central_sem_only
MONASH,beauty,lambdabbar,bminus,os,integrated_0_100,26,2.499999998128999e-07,0.06283209999999984,5.4646876090310268e-05,1.4020304619047158e-05,available_central_sem_only
MONASH,beauty,lambdabbar,bminus,os,integrated_0_100,27,0.06283209999999984,0.12566394999999986,4.6239664384108691e-05,1.1647725826021145e-05,available_central_sem_only
MONASH,beauty,lambdabbar,bminus,os,integrated_0_100,28,0.12566394999999986,0.18849579999999966,5.8850481943411063e-05,1.2884314891169618e-05,available_central_sem_only
MONASH,beauty,lambdabbar,bminus,os,integrated_0_100,29,0.18849579999999966,0.2513276499999997,7.1461299502713428e-05,2.1913681259450401e-05,available_central_sem_only
MONASH,beauty,lambdabbar,bminus,os,integrated_0_100,30,0.2513276499999997,0.3141594999999997,5.4646876090310268e-05,1.255671673346565e-05,available_central_sem_only
MONASH,beauty,lambdabbar,bminus,os,integrated_0_100,31,0.3141594999999997,0.3769913499999997,5.4646876090310268e-05,1.0899270609122443e-05,available_central_sem_only
MONASH,beauty,lambdabbar,bminus,os,integrated_0_100,32,0.3769913499999997,0.43982319999999975,8.4072117062015792e-05,2.4420065658081385e-05,available_central_sem_only
MONASH,beauty,lambdabbar,bminus,os,integrated_0_100,33,0.43982319999999975,0.50265505,5.8850481943411063e-05,1.4278944497774209e-05,available_central_sem_only
MONASH,beauty,lambdabbar,bminus,os,integrated_0_100,34,0.50265505,0.5654868999999998,0.00011770096388682213,2.1346952762336814e-05,available_central_sem_only
MONASH,beauty,lambdabbar,bminus,os,integrated_0_100,35,0.5654868999999998,0.62831875,0.00014292259900542686,2.3789265723544624e-05,available_central_sem_only
MONASH,beauty,lambdabbar,bminus,os,integrated_0_100,36,0.62831875,0.6911505999999998,0.00011770096388682213,2.3116723839279365e-05,available_central_sem_only
MONASH,beauty,lambdabbar,bminus,os,integrated_0_100,37,0.6911505999999998,0.7539824499999996,0.00012190456973992291,2.7469656136872344e-05,available_central_sem_only
MONASH,beauty,lambdabbar,bminus,os,integrated_0_100,38,0.7539824499999996,0.8168142999999999,0.00018495865753643477,2.9732783827872653e-05,available_central_sem_only
MONASH,beauty,lambdabbar,bminus,os,integrated_0_100,39,0.8168142999999999,0.8796461499999997,0.00013451538729922528,1.3779494405945767e-05,available_central_sem_only
MONASH,beauty,lambdabbar,bminus,os,integrated_0_100,40,0.8796461499999997,0.9424779999999999,0.00017234783997713239,3.3767982704858247e-05,available_central_sem_only
MONASH,beauty,lambdabbar,bminus,os,integrated_0_100,41,0.9424779999999999,1.0053098499999993,0.00018916226338953554,1.5840589657748533e-05,available_central_sem_only
MONASH,beauty,lambdabbar,bminus,os,integrated_0_100,42,1.0053098499999993,1.0681416999999995,0.0002143838985081403,3.5419575641170636e-05,available_central_sem_only
MONASH,beauty,lambdabbar,bminus,os,integrated_0_100,43,1.0681416999999995,1.1309735499999998,0.00023960553362674503,2.952321981275778e-05,available_central_sem_only
MONASH,beauty,lambdabbar,bminus,os,integrated_0_100,44,1.1309735499999998,1.1938053999999996,0.00041195337360387744,6.1346782552570614e-05,available_central_sem_only
MONASH,beauty,lambdabbar,bminus,os,integrated_0_100,45,1.1938053999999996,1.2566372499999998,0.00031106683312945847,3.2003808308917363e-05,available_central_sem_only
MONASH,beauty,lambdabbar,bminus,os,integrated_0_100,46,1.2566372499999998,1.3194690999999996,0.0004581930379879861,2.6159466642901845e-05,available_central_sem_only
MONASH,beauty,lambdabbar,bminus,os,integrated_0_100,47,1.3194690999999996,1.3823009499999999,0.00048761827895969166,4.6877337992235489e-05,available_central_sem_only
MONASH,beauty,lambdabbar,bminus,os,integrated_0_100,48,1.3823009499999999,1.4451327999999997,0.00067678054234922714,4.3599629676557627e-05,available_central_sem_only
MONASH,beauty,lambdabbar,bminus,os,integrated_0_100,49,1.4451327999999997,1.50796465,0.00071040938917403356,4.7581471497364044e-05,available_central_sem_only
MONASH,beauty,lambdabbar,bminus,os,integrated_0_100,50,1.50796465,1.5707964999999997,0.00075664905355814216,7.7424503751362858e-05,available_central_sem_only
MONASH,beauty,lambdabbar,bminus,os,integrated_0_100,51,1.5707964999999997,1.63362835,0.00083231395891395638,5.6456078692310022e-05,available_central_sem_only
MONASH,beauty,lambdabbar,bminus,os,integrated_0_100,52,1.63362835,1.6964601999999998,0.0009458113169476777,6.9020810103475051e-05,available_central_sem_only
MONASH,beauty,lambdabbar,bminus,os,integrated_0_100,53,1.6964601999999998,1.75929205,0.00091218247012287139,4.1830119656692084e-05,available_central_sem_only
MONASH,beauty,lambdabbar,bminus,os,integrated_0_100,54,1.75929205,1.8221238999999998,0.0010929375218062054,7.7703440546234731e-05,available_central_sem_only
MONASH,beauty,lambdabbar,bminus,os,integrated_0_100,55,1.8221238999999998,1.88495575,0.0012863033910488417,8.3602814471385914e-05,available_central_sem_only
MONASH,beauty,lambdabbar,bminus,os,integrated_0_100,56,1.88495575,1.9477875999999994,0.0013577646905515552,8.3513609980150115e-05,available_central_sem_only
MONASH,beauty,lambdabbar,bminus,os,integrated_0_100,57,1.9477875999999994,2.0106194499999996,0.0013283394495798497,5.6519073958380895e-05,available_central_sem_only
MONASH,beauty,lambdabbar,bminus,os,integrated_0_100,58,2.0106194499999996,2.0734512999999994,0.0015259089246755868,8.3595350698295736e-05,available_central_sem_only
MONASH,beauty,lambdabbar,bminus,os,integrated_0_100,59,2.0734512999999994,2.1362831499999997,0.0015847594066189978,8.0749756974892378e-05,available_central_sem_only
MONASH,beauty,lambdabbar,bminus,os,integrated_0_100,60,2.1362831499999997,2.1991149999999995,0.0016141846475907033,6.7513249167532163e-05,available_central_sem_only
MONASH,beauty,lambdabbar,bminus,os,integrated_0_100,61,2.1991149999999995,2.2619468499999997,0.0019672875392511696,9.9062625814855295e-05,available_central_sem_only
MONASH,beauty,lambdabbar,bminus,os,integrated_0_100,62,2.2619468499999997,2.3247786999999995,0.0018916226338953554,5.7635276286742745e-05,available_central_sem_only
MONASH,beauty,lambdabbar,bminus,os,integrated_0_100,63,2.3247786999999995,2.3876105499999998,0.0021396353792283019,0.00012203863096672089,available_central_sem_only
MONASH,beauty,lambdabbar,bminus,os,integrated_0_100,64,2.3876105499999998,2.4504423999999996,0.0021732642260531084,7.6890900780488683e-05,available_central_sem_only
MONASH,beauty,lambdabbar,bminus,os,integrated_0_100,65,2.4504423999999996,2.51327425,0.002484331059182567,0.00010292684237068493,available_central_sem_only
MONASH,beauty,lambdabbar,bminus,os,integrated_0_100,66,2.51327425,2.5761061,0.0025221635118604742,9.906128654342128e-05,available_central_sem_only
MONASH,beauty,lambdabbar,bminus,os,integrated_0_100,67,2.5761061,2.6389379499999994,0.00276597265134032,7.0107960010776723e-05,available_central_sem_only
MONASH,beauty,lambdabbar,bminus,os,integrated_0_100,68,2.6389379499999994,2.7017697999999997,0.0026356608698941955,8.4113486741422557e-05,available_central_sem_only
MONASH,beauty,lambdabbar,bminus,os,integrated_0_100,69,2.7017697999999997,2.76460165,0.0027911942864589246,9.5215051574705487e-05,available_central_sem_only
MONASH,beauty,lambdabbar,bminus,os,integrated_0_100,70,2.76460165,2.8274335,0.0030770394844697783,0.0001370822180219309,available_central_sem_only
MONASH,beauty,lambdabbar,bminus,os,integrated_0_100,71,2.8274335,2.8902653499999995,0.0031148719371476854,0.00011239165741159972,available_central_sem_only
MONASH,beauty,lambdabbar,bminus,os,integrated_0_100,72,2.8902653499999995,2.9530971999999998,0.0031232791488538868,0.00011108565588366339,available_central_sem_only
MONASH,beauty,lambdabbar,bminus,os,integrated_0_100,73,2.9530971999999998,3.015929049999999,0.0032788125654186163,0.00011060708089196928,available_central_sem_only
MONASH,beauty,lambdabbar,bminus,os,integrated_0_100,74,3.015929049999999,3.0787608999999994,0.0032367765068876081,9.6045825215388704e-05,available_central_sem_only
MONASH,beauty,lambdabbar,bminus,os,integrated_0_100,75,3.0787608999999994,3.1415927499999996,0.0032199620834752053,0.00016286336669563603,available_central_sem_only
MONASH,beauty,lambdabbar,bminus,os,integrated_0_100,76,3.1415927499999996,3.2044246,0.0031316863605600886,0.00010762704127241193,available_central_sem_only
MONASH,beauty,lambdabbar,bminus,os,integrated_0_100,77,3.2044246,3.267256449999999,0.0032451837185938099,0.00010337052200346528,available_central_sem_only
MONASH,beauty,lambdabbar,bminus,os,integrated_0_100,78,3.267256449999999,3.3300882999999994,0.0032115548717690035,0.00011213637474193411,available_central_sem_only
MONASH,beauty,lambdabbar,bminus,os,integrated_0_100,79,3.3300882999999994,3.3929201499999997,0.0030434106376449718,0.00012736986978099588,available_central_sem_only
MONASH,beauty,lambdabbar,bminus,os,integrated_0_100,80,3.3929201499999997,3.455752,0.0029257096737581498,0.00012750601946737359,available_central_sem_only
MONASH,beauty,lambdabbar,bminus,os,integrated_0_100,81,3.455752,3.5185838499999993,0.0029551349147298555,7.8193529200386815e-05,available_central_sem_only
MONASH,beauty,lambdabbar,bminus,os,integrated_0_100,82,3.5185838499999993,3.5814156999999986,0.0026945113518376065,9.7731901609827464e-05,available_central_sem_only
MONASH,beauty,lambdabbar,bminus,os,integrated_0_100,83,3.5814156999999986,3.644247549999999,0.0027113257752500097,9.3315772751742827e-05,available_central_sem_only
MONASH,beauty,lambdabbar,bminus,os,integrated_0_100,84,3.644247549999999,3.707079399999999,0.0026734933225721026,9.5018373173166119e-05,available_central_sem_only
MONASH,beauty,lambdabbar,bminus,os,integrated_0_100,85,3.707079399999999,3.7699112499999994,0.0023750373070019464,0.00010212005737222815,available_central_sem_only
MONASH,beauty,lambdabbar,bminus,os,integrated_0_100,86,3.7699112499999994,3.8327430999999996,0.00234140846017714,6.5210020428380485e-05,available_central_sem_only
MONASH,beauty,lambdabbar,bminus,os,integrated_0_100,87,3.8327430999999996,3.895574949999999,0.0023960553362674503,0.00011889558890574247,available_central_sem_only
MONASH,beauty,lambdabbar,bminus,os,integrated_0_100,88,3.895574949999999,3.9584067999999992,0.0020681740797255889,0.00011518679570576041,available_central_sem_only
MONASH,beauty,lambdabbar,bminus,os,integrated_0_100,89,3.9584067999999992,4.021238649999999,0.0019588803275449682,8.4588244804047636e-05,available_central_sem_only
MONASH,beauty,lambdabbar,bminus,os,integrated_0_100,90,4.021238649999999,4.084070499999999,0.0020177308094883792,0.00011070768520921513,available_central_sem_only
MONASH,beauty,lambdabbar,bminus,os,integrated_0_100,91,4.084070499999999,4.1469023499999995,0.0017192747939182231,6.6341519530566104e-05,available_central_sem_only
MONASH,beauty,lambdabbar,bminus,os,integrated_0_100,92,4.1469023499999995,4.2097342,0.0016730351295341144,7.0850001752196154e-05,available_central_sem_only
MONASH,beauty,lambdabbar,bminus,os,integrated_0_100,93,4.2097342,4.27256605,0.0015931666183251994,8.3959202190517408e-05,available_central_sem_only
MONASH,beauty,lambdabbar,bminus,os,integrated_0_100,94,4.27256605,4.3353979,0.0013157286320205472,6.5371929029738577e-05,available_central_sem_only
MONASH,beauty,lambdabbar,bminus,os,integrated_0_100,95,4.3353979,4.398229749999999,0.0012148420915461284,7.1580597763081942e-05,available_central_sem_only
MONASH,beauty,lambdabbar,bminus,os,integrated_0_100,96,4.398229749999999,4.461061599999999,0.00122324930325233,6.2490333365744263e-05,available_central_sem_only
MONASH,beauty,lambdabbar,bminus,os,integrated_0_100,97,4.461061599999999,4.523893449999999,0.0011265663686310116,4.9406274507190221e-05,available_central_sem_only
MONASH,beauty,lambdabbar,bminus,os,integrated_0_100,98,4.523893449999999,4.5867252999999995,0.0010929375218062054,5.6682850149729515e-05,available_central_sem_only
MONASH,beauty,lambdabbar,bminus,os,integrated_0_100,99,4.5867252999999995,4.64955715,0.00091218247012287139,5.6411851085143319e-05,available_central_sem_only
MONASH,beauty,lambdabbar,bminus,os,integrated_0_100,100,4.64955715,4.712389,0.00078187068867674697,7.5275905682922512e-05,available_central_sem_only
MONASH,beauty,lambdabbar,bminus,os_minus_ss,integrated_0_100,1,-1.570796,-1.50796415,0.00063894808967132003,3.9187726563337519e-05,available_central_sem_only
MONASH,beauty,lambdabbar,bminus,os_minus_ss,integrated_0_100,2,-1.50796415,-1.4451323,0.00057589400187480822,3.464649407099607e-05,available_central_sem_only
MONASH,beauty,lambdabbar,bminus,os_minus_ss,integrated_0_100,3,-1.4451323,-1.38230045,0.00049602549066589321,2.85188174017352e-05,available_central_sem_only
MONASH,beauty,lambdabbar,bminus,os_minus_ss,integrated_0_100,4,-1.38230045,-1.3194686,0.0004539894321348853,4.3535386896054523e-05,available_central_sem_only
MONASH,beauty,lambdabbar,bminus,os_minus_ss,integrated_0_100,5,-1.3194686,-1.2566367500000002,0.00044137861457558294,3.5403521413533504e-05,available_central_sem_only
MONASH,beauty,lambdabbar,bminus,os_minus_ss,integrated_0_100,6,-1.2566367500000002,-1.1938049000000002,0.00041615697945697819,3.4160323733837628e-05,available_central_sem_only
MONASH,beauty,lambdabbar,bminus,os_minus_ss,integrated_0_100,7,-1.1938049000000002,-1.1309730500000001,0.00036571370921976873,4.94100872541648e-05,available_central_sem_only
MONASH,beauty,lambdabbar,bminus,os_minus_ss,integrated_0_100,8,-1.1309730500000001,-1.0681412000000001,0.00031947404483566002,4.5553331735166642e-05,available_central_sem_only
MONASH,beauty,lambdabbar,bminus,os_minus_ss,integrated_0_100,9,-1.0681412000000001,-1.00530935,0.00029004880386395446,2.3058835685706553e-05,available_central_sem_only
MONASH,beauty,lambdabbar,bminus,os_minus_ss,integrated_0_100,10,-1.00530935,-0.9424775000000001,0.00016814423412403161,2.2721481941268663e-05,available_central_sem_only
MONASH,beauty,lambdabbar,bminus,os_minus_ss,integrated_0_100,11,-0.9424775000000001,-0.8796456500000002,0.00017655144583023319,3.5916412170206527e-05,available_central_sem_only
MONASH,beauty,lambdabbar,bminus,os_minus_ss,integrated_0_100,12,-0.8796456500000002,-0.8168138000000001,0.00016394062827093081,1.9230303808522228e-05,available_central_sem_only
MONASH,beauty,lambdabbar,bminus,os_minus_ss,integrated_0_100,13,-0.8168138000000001,-0.7539819500000001,9.6682934621318171e-05,1.9850577535434357e-05,available_central_sem_only
MONASH,beauty,lambdabbar,bminus,os_minus_ss,integrated_0_100,14,-0.7539819500000001,-0.6911501000000002,9.6682934621318171e-05,2.1803008607227545e-05,available_central_sem_only
MONASH,beauty,lambdabbar,bminus,os_minus_ss,integrated_0_100,15,-0.6911501000000002,-0.6283182500000002,0.00011349735803372134,3.1749502648397829e-05,available_central_sem_only
MONASH,beauty,lambdabbar,bminus,os_minus_ss,integrated_0_100,16,-0.6283182500000002,-0.5654864000000002,4.6239664384108691e-05,1.7146935828010809e-05,available_central_sem_only
MONASH,beauty,lambdabbar,bminus,os_minus_ss,integrated_0_100,17,-0.5654864000000002,-0.5026545500000001,7.1461299502713428e-05,2.347809609436603e-05,available_central_sem_only
MONASH,beauty,lambdabbar,bminus,os_minus_ss,integrated_0_100,18,-0.5026545500000001,-0.4398227000000001,7.9868511208915018e-05,2.3933928164651602e-05,available_central_sem_only
MONASH,beauty,lambdabbar,bminus,os_minus_ss,integrated_0_100,19,-0.4398227000000001,-0.3769908500000001,5.4646876090310275e-05,6.3640554756370638e-06,available_central_sem_only
MONASH,beauty,lambdabbar,bminus,os_minus_ss,integrated_0_100,20,-0.3769908500000001,-0.3141590000000001,4.6239664384108691e-05,1.5842222073714264e-05,available_central_sem_only
MONASH,beauty,lambdabbar,bminus,os_minus_ss,integrated_0_100,21,-0.3141590000000001,-0.2513271500000003,4.2036058531007896e-05,1.2602843199967664e-05,available_central_sem_only
MONASH,beauty,lambdabbar,bminus,os_minus_ss,integrated_0_100,22,-0.2513271500000003,-0.18849530000000025,4.2036058531007896e-05,1.2587737520817921e-05,available_central_sem_only
MONASH,beauty,lambdabbar,bminus,os_minus_ss,integrated_0_100,23,-0.18849530000000025,-0.12566345000000023,3.362884682480632e-05,1.3716657376432946e-05,available_central_sem_only
MONASH,beauty,lambdabbar,bminus,os_minus_ss,integrated_0_100,24,-0.12566345000000023,-0.06283160000000021,2.9425240971705528e-05,1.406678843579451e-05,available_central_sem_only
MONASH,beauty,lambdabbar,bminus,os_minus_ss,integrated_0_100,25,-0.06283160000000021,2.499999998128999e-07,3.7832452677907108e-05,1.4610439251782341e-05,available_central_sem_only
MONASH,beauty,lambdabbar,bminus,os_minus_ss,integrated_0_100,26,2.499999998128999e-07,0.06283209999999984,3.362884682480632e-05,1.8564425261547365e-05,available_central_sem_only
MONASH,beauty,lambdabbar,bminus,os_minus_ss,integrated_0_100,27,0.06283209999999984,0.12566394999999986,2.5221635118604743e-05,1.4336758492062876e-05,available_central_sem_only
MONASH,beauty,lambdabbar,bminus,os_minus_ss,integrated_0_100,28,0.12566394999999986,0.18849579999999966,5.8850481943411063e-05,1.2884314891169618e-05,available_central_sem_only
MONASH,beauty,lambdabbar,bminus,os_minus_ss,integrated_0_100,29,0.18849579999999966,0.2513276499999997,7.1461299502713428e-05,2.1913681259450401e-05,available_central_sem_only
MONASH,beauty,lambdabbar,bminus,os_minus_ss,integrated_0_100,30,0.2513276499999997,0.3141594999999997,3.362884682480632e-05,1.5049728969682446e-05,available_central_sem_only
MONASH,beauty,lambdabbar,bminus,os_minus_ss,integrated_0_100,31,0.3141594999999997,0.3769913499999997,3.7832452677907108e-05,9.8012065529298519e-06,available_central_sem_only
MONASH,beauty,lambdabbar,bminus,os_minus_ss,integrated_0_100,32,0.3769913499999997,0.43982319999999975,6.7257693649612639e-05,3.0951635049810646e-05,available_central_sem_only
MONASH,beauty,lambdabbar,bminus,os_minus_ss,integrated_0_100,33,0.43982319999999975,0.50265505,4.2036058531007903e-05,1.8799216317018911e-05,available_central_sem_only
MONASH,beauty,lambdabbar,bminus,os_minus_ss,integrated_0_100,34,0.50265505,0.5654868999999998,9.2479328768217383e-05,2.1347865994071437e-05,available_central_sem_only
MONASH,beauty,lambdabbar,bminus,os_minus_ss,integrated_0_100,35,0.5654868999999998,0.62831875,0.0001219045697399229,2.3982790361807819e-05,available_central_sem_only
MONASH,beauty,lambdabbar,bminus,os_minus_ss,integrated_0_100,36,0.62831875,0.6911505999999998,0.00010509014632751976,2.2606322231842795e-05,available_central_sem_only
MONASH,beauty,lambdabbar,bminus,os_minus_ss,integrated_0_100,37,0.6911505999999998,0.7539824499999996,0.00011770096388682213,2.7726571962628771e-05,available_central_sem_only
MONASH,beauty,lambdabbar,bminus,os_minus_ss,integrated_0_100,38,0.7539824499999996,0.8168142999999999,0.00017655144583023319,3.0758063480295923e-05,available_central_sem_only
MONASH,beauty,lambdabbar,bminus,os_minus_ss,integrated_0_100,39,0.8168142999999999,0.8796461499999997,0.0001261081755930237,1.5355252610598744e-05,available_central_sem_only
MONASH,beauty,lambdabbar,bminus,os_minus_ss,integrated_0_100,40,0.8796461499999997,0.9424779999999999,0.00016394062827093081,3.5475379703297099e-05,available_central_sem_only
MONASH,beauty,lambdabbar,bminus,os_minus_ss,integrated_0_100,41,0.9424779999999999,1.0053098499999993,0.00016394062827093081,1.712264546087885e-05,available_central_sem_only
MONASH,beauty,lambdabbar,bminus,os_minus_ss,integrated_0_100,42,1.0053098499999993,1.0681416999999995,0.00020597668680193872,3.651708052334313e-05,available_central_sem_only
MONASH,beauty,lambdabbar,bminus,os_minus_ss,integrated_0_100,43,1.0681416999999995,1.1309735499999998,0.00023540192777364422,3.2175140487042717e-05,available_central_sem_only
MONASH,beauty,lambdabbar,bminus,os_minus_ss,integrated_0_100,44,1.1309735499999998,1.1938053999999996,0.00039513895019147429,5.9848924416495947e-05,available_central_sem_only
MONASH,beauty,lambdabbar,bminus,os_minus_ss,integrated_0_100,45,1.1938053999999996,1.2566372499999998,0.00030686322727635767,3.428234553942671e-05,available_central_sem_only
MONASH,beauty,lambdabbar,bminus,os_minus_ss,integrated_0_100,46,1.2566372499999998,1.3194690999999996,0.0004581930379879861,2.6159466642901845e-05,available_central_sem_only
MONASH,beauty,lambdabbar,bminus,os_minus_ss,integrated_0_100,47,1.3194690999999996,1.3823009499999999,0.00047921106725349005,4.7255646816504736e-05,available_central_sem_only
MONASH,beauty,lambdabbar,bminus,os_minus_ss,integrated_0_100,48,1.3823009499999999,1.4451327999999997,0.00067257693649612634,4.2472072763938899e-05,available_central_sem_only
MONASH,beauty,lambdabbar,bminus,os_minus_ss,integrated_0_100,49,1.4451327999999997,1.50796465,0.00069779857161473115,4.8712773258474704e-05,available_central_sem_only
MONASH,beauty,lambdabbar,bminus,os_minus_ss,integrated_0_100,50,1.50796465,1.5707964999999997,0.00074824184185194056,7.5327440586256991e-05,available_central_sem_only
MONASH,beauty,lambdabbar,bminus,os_minus_ss,integrated_0_100,51,1.5707964999999997,1.63362835,0.00081549953550155317,5.5597181814548656e-05,available_central_sem_only
MONASH,beauty,lambdabbar,bminus,os_minus_ss,integrated_0_100,52,1.63362835,1.6964601999999998,0.00093320049938837529,6.9844854674527945e-05,available_central_sem_only
MONASH,beauty,lambdabbar,bminus,os_minus_ss,integrated_0_100,53,1.6964601999999998,1.75929205,0.00089116444085736749,4.1834383232479299e-05,available_central_sem_only
MONASH,beauty,lambdabbar,bminus,os_minus_ss,integrated_0_100,54,1.75929205,1.8221238999999998,0.0010845303101000038,7.8946366524331731e-05,available_central_sem_only
MONASH,beauty,lambdabbar,bminus,os_minus_ss,integrated_0_100,55,1.8221238999999998,1.88495575,0.0012778961793426401,8.3843409290729513e-05,available_central_sem_only
MONASH,beauty,lambdabbar,bminus,os_minus_ss,integrated_0_100,56,1.88495575,1.9477875999999994,0.001340950267139152,8.0481161097152278e-05,available_central_sem_only
MONASH,beauty,lambdabbar,bminus,os_minus_ss,integrated_0_100,57,1.9477875999999994,2.0106194499999996,0.0012905069969019426,6.0332696552327811e-05,available_central_sem_only
MONASH,beauty,lambdabbar,bminus,os_minus_ss,integrated_0_100,58,2.0106194499999996,2.0734512999999994,0.0015132981071162845,8.6776550467635013e-05,available_central_sem_only
MONASH,beauty,lambdabbar,bminus,os_minus_ss,integrated_0_100,59,2.0734512999999994,2.1362831499999997,0.0015721485890596955,8.1215769865340912e-05,available_central_sem_only
MONASH,beauty,lambdabbar,bminus,os_minus_ss,integrated_0_100,60,2.1362831499999997,2.1991149999999995,0.001601573830031401,7.3249066440004719e-05,available_central_sem_only
MONASH,beauty,lambdabbar,bminus,os_minus_ss,integrated_0_100,61,2.1991149999999995,2.2619468499999997,0.0019462695099856657,0.00010141832723654298,available_central_sem_only
MONASH,beauty,lambdabbar,bminus,os_minus_ss,integrated_0_100,62,2.2619468499999997,2.3247786999999995,0.0018832154221891538,5.8129351461653101e-05,available_central_sem_only
MONASH,beauty,lambdabbar,bminus,os_minus_ss,integrated_0_100,63,2.3247786999999995,2.3876105499999998,0.0021354317733752013,0.00012269058700028053,available_central_sem_only
MONASH,beauty,lambdabbar,bminus,os_minus_ss,integrated_0_100,64,2.3876105499999998,2.4504423999999996,0.0021522461967876045,7.448151085723864e-05,available_central_sem_only
MONASH,beauty,lambdabbar,bminus,os_minus_ss,integrated_0_100,65,2.4504423999999996,2.51327425,0.0024633130299170631,0.00010457074997326956,available_central_sem_only
MONASH,beauty,lambdabbar,bminus,os_minus_ss,integrated_0_100,66,2.51327425,2.5761061,0.0025137563001542728,9.743052337900697e-05,available_central_sem_only
MONASH,beauty,lambdabbar,bminus,os_minus_ss,integrated_0_100,67,2.5761061,2.6389379499999994,0.0027533618337810175,6.8059313769142863e-05,available_central_sem_only
MONASH,beauty,lambdabbar,bminus,os_minus_ss,integrated_0_100,68,2.6389379499999994,2.7017697999999997,0.0026146428406286916,8.5445954338545288e-05,available_central_sem_only
MONASH,beauty,lambdabbar,bminus,os_minus_ss,integrated_0_100,69,2.7017697999999997,2.76460165,0.0027827870747527232,9.885345221190514e-05,available_central_sem_only
MONASH,beauty,lambdabbar,bminus,os_minus_ss,integrated_0_100,70,2.76460165,2.8274335,0.0030560214552042744,0.00013712144067503322,available_central_sem_only
MONASH,beauty,lambdabbar,bminus,os_minus_ss,integrated_0_100,71,2.8274335,2.8902653499999995,0.0031106683312945847,0.00011117176536853256,available_central_sem_only
MONASH,beauty,lambdabbar,bminus,os_minus_ss,integrated_0_100,72,2.8902653499999995,2.9530971999999998,0.0031148719371476854,0.00011484866371551249,available_central_sem_only
MONASH,beauty,lambdabbar,bminus,os_minus_ss,integrated_0_100,73,2.9530971999999998,3.015929049999999,0.0032535909303000117,0.00011363525244650461,available_central_sem_only
MONASH,beauty,lambdabbar,bminus,os_minus_ss,integrated_0_100,74,3.015929049999999,3.0787608999999994,0.0032241656893283056,9.5264740526473653e-05,available_central_sem_only
MONASH,beauty,lambdabbar,bminus,os_minus_ss,integrated_0_100,75,3.0787608999999994,3.1415927499999996,0.0032115548717690039,0.0001633997621128444,available_central_sem_only
MONASH,beauty,lambdabbar,bminus,os_minus_ss,integrated_0_100,76,3.1415927499999996,3.2044246,0.0031190755430007861,0.00010819947556134787,available_central_sem_only
MONASH,beauty,lambdabbar,bminus,os_minus_ss,integrated_0_100,77,3.2044246,3.267256449999999,0.0032451837185938099,0.00010337052200346528,available_central_sem_only
MONASH,beauty,lambdabbar,bminus,os_minus_ss,integrated_0_100,78,3.267256449999999,3.3300882999999994,0.003198944054209701,0.00011458967895333126,available_central_sem_only
MONASH,beauty,lambdabbar,bminus,os_minus_ss,integrated_0_100,79,3.3300882999999994,3.3929201499999997,0.0030434106376449718,0.00012736986978099588,available_central_sem_only
MONASH,beauty,lambdabbar,bminus,os_minus_ss,integrated_0_100,80,3.3929201499999997,3.455752,0.0029046916444926459,0.00012353067779914928,available_central_sem_only
MONASH,beauty,lambdabbar,bminus,os_minus_ss,integrated_0_100,81,3.455752,3.5185838499999993,0.0029509313088767549,7.8517896029955034e-05,available_central_sem_only
MONASH,beauty,lambdabbar,bminus,os_minus_ss,integrated_0_100,82,3.5185838499999993,3.5814156999999986,0.0026945113518376065,9.7731901609827464e-05,available_central_sem_only
MONASH,beauty,lambdabbar,bminus,os_minus_ss,integrated_0_100,83,3.5814156999999986,3.644247549999999,0.0026945113518376065,9.1576828416613064e-05,available_central_sem_only
MONASH,beauty,lambdabbar,bminus,os_minus_ss,integrated_0_100,84,3.644247549999999,3.707079399999999,0.0026692897167190019,9.4325463441509943e-05,available_central_sem_only
MONASH,beauty,lambdabbar,bminus,os_minus_ss,integrated_0_100,85,3.707079399999999,3.7699112499999994,0.002366630095295745,9.9182825572411147e-05,available_central_sem_only
MONASH,beauty,lambdabbar,bminus,os_minus_ss,integrated_0_100,86,3.7699112499999994,3.8327430999999996,0.0023287976426178375,6.7515223400741733e-05,available_central_sem_only
MONASH,beauty,lambdabbar,bminus,os_minus_ss,integrated_0_100,87,3.8327430999999996,3.895574949999999,0.0023834445187081478,0.00011728384533363822,available_central_sem_only
MONASH,beauty,lambdabbar,bminus,os_minus_ss,integrated_0_100,88,3.895574949999999,3.9584067999999992,0.0020513596563131857,0.00011203218584526589,available_central_sem_only
MONASH,beauty,lambdabbar,bminus,os_minus_ss,integrated_0_100,89,3.9584067999999992,4.021238649999999,0.0019462695099856659,8.4861442158343074e-05,available_central_sem_only
MONASH,beauty,lambdabbar,bminus,os_minus_ss,integrated_0_100,90,4.021238649999999,4.084070499999999,0.0020051199919290767,0.00011544241366118386,available_central_sem_only
MONASH,beauty,lambdabbar,bminus,os_minus_ss,integrated_0_100,91,4.084070499999999,4.1469023499999995,0.0017066639763589208,6.6572411395448319e-05,available_central_sem_only
MONASH,beauty,lambdabbar,bminus,os_minus_ss,integrated_0_100,92,4.1469023499999995,4.2097342,0.0016562207061217111,7.3953781762403132e-05,available_central_sem_only
MONASH,beauty,lambdabbar,bminus,os_minus_ss,integrated_0_100,93,4.2097342,4.27256605,0.0015679449832065946,8.5398585967278617e-05,available_central_sem_only
MONASH,beauty,lambdabbar,bminus,os_minus_ss,integrated_0_100,94,4.27256605,4.3353979,0.0013073214203143456,6.5171095144723768e-05,available_central_sem_only
MONASH,beauty,lambdabbar,bminus,os_minus_ss,integrated_0_100,95,4.3353979,4.398229749999999,0.0011854168505744229,7.4309665292368758e-05,available_central_sem_only
MONASH,beauty,lambdabbar,bminus,os_minus_ss,integrated_0_100,96,4.398229749999999,4.461061599999999,0.0012148420915461284,6.1381978011790545e-05,available_central_sem_only
MONASH,beauty,lambdabbar,bminus,os_minus_ss,integrated_0_100,97,4.461061599999999,4.523893449999999,0.0011055483393655077,5.2144106620203464e-05,available_central_sem_only
MONASH,beauty,lambdabbar,bminus,os_minus_ss,integrated_0_100,98,4.523893449999999,4.5867252999999995,0.0010845303101000038,5.2054666866552634e-05,available_central_sem_only
MONASH,beauty,lambdabbar,bminus,os_minus_ss,integrated_0_100,99,4.5867252999999995,4.64955715,0.00088275722915116589,5.5212087104166883e-05,available_central_sem_only
MONASH,beauty,lambdabbar,bminus,os_minus_ss,integrated_0_100,100,4.64955715,4.712389,0.00077346347697054537,7.7855341118613112e-05,available_central_sem_only
MONASH,beauty,lambdabbar,bminus,ss,integrated_0_100,1,-1.570796,-1.50796415,1.261081755930237e-05,8.991190128780259e-06,available_central_sem_only
MONASH,beauty,lambdabbar,bminus,ss,integrated_0_100,2,-1.50796415,-1.4451323,8.4072117062015799e-06,5.5507317719448053e-06,available_central_sem_only
MONASH,beauty,lambdabbar,bminus,ss,integrated_0_100,3,-1.4451323,-1.38230045,1.681442341240316e-05,6.8834130064972812e-06,available_central_sem_only
MONASH,beauty,lambdabbar,bminus,ss,integrated_0_100,4,-1.38230045,-1.3194686,2.1018029265503948e-05,7.0328360255457285e-06,available_central_sem_only
MONASH,beauty,lambdabbar,bminus,ss,integrated_0_100,5,-1.3194686,-1.2566367500000002,4.20360585310079e-06,4.198505332101771e-06,available_central_sem_only
MONASH,beauty,lambdabbar,bminus,ss,integrated_0_100,6,-1.2566367500000002,-1.1938049000000002,2.1018029265503948e-05,9.3395725199722298e-06,available_central_sem_only
MONASH,beauty,lambdabbar,bminus,ss,integrated_0_100,7,-1.1938049000000002,-1.1309730500000001,1.261081755930237e-05,6.4248303881706564e-06,available_central_sem_only
MONASH,beauty,lambdabbar,bminus,ss,integrated_0_100,8,-1.1309730500000001,-1.0681412000000001,2.1018029265503948e-05,6.9966289088013663e-06,available_central_sem_only
MONASH,beauty,lambdabbar,bminus,ss,integrated_0_100,9,-1.0681412000000001,-1.00530935,2.9425240971705531e-05,1.0971361098271004e-05,available_central_sem_only
MONASH,beauty,lambdabbar,bminus,ss,integrated_0_100,10,-1.00530935,-0.9424775000000001,8.4072117062015799e-06,5.604371921797934e-06,available_central_sem_only
MONASH,beauty,lambdabbar,bminus,ss,integrated_0_100,11,-0.9424775000000001,-0.8796456500000002,8.4072117062015799e-06,5.6080614751428901e-06,available_central_sem_only
MONASH,beauty,lambdabbar,bminus,ss,integrated_0_100,12,-0.8796456500000002,-0.8168138000000001,1.261081755930237e-05,9.0217806578228114e-06,available_central_sem_only
MONASH,beauty,lambdabbar,bminus,ss,integrated_0_100,13,-0.8168138000000001,-0.7539819500000001,8.4072117062015799e-06,5.6235609395764124e-06,available_central_sem_only
MONASH,beauty,lambdabbar,bminus,ss,integrated_0_100,14,-0.7539819500000001,-0.6911501000000002,4.20360585310079e-06,4.2279722645019451e-06,available_central_sem_only
MONASH,beauty,lambdabbar,bminus,ss,integrated_0_100,15,-0.6911501000000002,-0.6283182500000002,8.4072117062015799e-06,5.6176946660112642e-06,available_central_sem_only
MONASH,beauty,lambdabbar,bminus,ss,integrated_0_100,16,-0.6283182500000002,-0.5654864000000002,1.681442341240316e-05,9.3197617317387545e-06,available_central_sem_only
MONASH,beauty,lambdabbar,bminus,ss,integrated_0_100,17,-0.5654864000000002,-0.5026545500000001,4.20360585310079e-06,4.1710114702815434e-06,available_central_sem_only
MONASH,beauty,lambdabbar,bminus,ss,integrated_0_100,18,-0.5026545500000001,-0.4398227000000001,2.1018029265503948e-05,9.4408756677225636e-06,available_central_sem_only
MONASH,beauty,lambdabbar,bminus,ss,integrated_0_100,19,-0.4398227000000001,-0.3769908500000001,4.20360585310079e-06,4.2080457835381251e-06,available_central_sem_only
MONASH,beauty,lambdabbar,bminus,ss,integrated_0_100,20,-0.3769908500000001,-0.3141590000000001,4.20360585310079e-06,4.2236864335191754e-06,available_central_sem_only
MONASH,beauty,lambdabbar,bminus,ss,integrated_0_100,21,-0.3141590000000001,-0.2513271500000003,0,0,available_central_sem_only
MONASH,beauty,lambdabbar,bminus,ss,integrated_0_100,22,-0.2513271500000003,-0.18849530000000025,8.4072117062015799e-06,5.6038991527117077e-06,available_central_sem_only
MONASH,beauty,lambdabbar,bminus,ss,integrated_0_100,23,-0.18849530000000025,-0.12566345000000023,1.681442341240316e-05,9.2365250441757926e-06,available_central_sem_only
MONASH,beauty,lambdabbar,bminus,ss,integrated_0_100,24,-0.12566345000000023,-0.06283160000000021,8.4072117062015799e-06,5.5877100632302512e-06,available_central_sem_only
MONASH,beauty,lambdabbar,bminus,ss,integrated_0_100,25,-0.06283160000000021,2.499999998128999e-07,4.20360585310079e-06,4.2376472582422235e-06,available_central_sem_only
MONASH,beauty,lambdabbar,bminus,ss,integrated_0_100,26,2.499999998128999e-07,0.06283209999999984,2.1018029265503948e-05,9.4396310086117992e-06,available_central_sem_only
MONASH,beauty,lambdabbar,bminus,ss,integrated_0_100,27,0.06283209999999984,0.12566394999999986,2.1018029265503948e-05,1.123565530772749e-05,available_central_sem_only
MONASH,beauty,lambdabbar,bminus,ss,integrated_0_100,28,0.12566394999999986,0.18849579999999966,0,0,available_central_sem_only
MONASH,beauty,lambdabbar,bminus,ss,integrated_0_100,29,0.18849579999999966,0.2513276499999997,0,0,available_central_sem_only
MONASH,beauty,lambdabbar,bminus,ss,integrated_0_100,30,0.2513276499999997,0.3141594999999997,2.1018029265503948e-05,9.4396310086117992e-06,available_central_sem_only
MONASH,beauty,lambdabbar,bminus,ss,integrated_0_100,31,0.3141594999999997,0.3769913499999997,1.681442341240316e-05,9.3020248931394856e-06,available_central_sem_only
MONASH,beauty,lambdabbar,bminus,ss,integrated_0_100,32,0.3769913499999997,0.43982319999999975,1.681442341240316e-05,1.1172139682740971e-05,available_central_sem_only
MONASH,beauty,lambdabbar,bminus,ss,integrated_0_100,33,0.43982319999999975,0.50265505,1.681442341240316e-05,6.879672129633365e-06,available_central_sem_only
MONASH,beauty,lambdabbar,bminus,ss,integrated_0_100,34,0.50265505,0.5654868999999998,2.522163511860474e-05,1.2827657467645423e-05,available_central_sem_only
MONASH,beauty,lambdabbar,bminus,ss,integrated_0_100,35,0.5654868999999998,0.62831875,2.1018029265503948e-05,7.0024825474837301e-06,available_central_sem_only
MONASH,beauty,lambdabbar,bminus,ss,integrated_0_100,36,0.62831875,0.6911505999999998,1.261081755930237e-05,9.0339824084697407e-06,available_central_sem_only
MONASH,beauty,lambdabbar,bminus,ss,integrated_0_100,37,0.6911505999999998,0.7539824499999996,4.20360585310079e-06,4.1741453437408678e-06,available_central_sem_only
MONASH,beauty,lambdabbar,bminus,ss,integrated_0_100,38,0.7539824499999996,0.8168142999999999,8.4072117062015799e-06,5.6278728218996052e-06,available_central_sem_only
MONASH,beauty,lambdabbar,bminus,ss,integrated_0_100,39,0.8168142999999999,0.8796461499999997,8.4072117062015799e-06,5.6059925089368173e-06,available_central_sem_only
MONASH,beauty,lambdabbar,bminus,ss,integrated_0_100,40,0.8796461499999997,0.9424779999999999,8.4072117062015799e-06,5.6278728218996052e-06,available_central_sem_only
MONASH,beauty,lambdabbar,bminus,ss,integrated_0_100,41,0.9424779999999999,1.0053098499999993,2.522163511860474e-05,9.3431652472465607e-06,available_central_sem_only
MONASH,beauty,lambdabbar,bminus,ss,integrated_0_100,42,1.0053098499999993,1.0681416999999995,8.4072117062015799e-06,5.6235609395764124e-06,available_central_sem_only
MONASH,beauty,lambdabbar,bminus,ss,integrated_0_100,43,1.0681416999999995,1.1309735499999998,4.20360585310079e-06,4.2279722645019451e-06,available_central_sem_only
MONASH,beauty,lambdabbar,bminus,ss,integrated_0_100,44,1.1309735499999998,1.1938053999999996,1.681442341240316e-05,6.8713747813555267e-06,available_central_sem_only
MONASH,beauty,lambdabbar,bminus,ss,integrated_0_100,45,1.1938053999999996,1.2566372499999998,4.20360585310079e-06,4.198505332101771e-06,available_central_sem_only
MONASH,beauty,lambdabbar,bminus,ss,integrated_0_100,46,1.2566372499999998,1.3194690999999996,0,0,available_central_sem_only
MONASH,beauty,lambdabbar,bminus,ss,integrated_0_100,47,1.3194690999999996,1.3823009499999999,8.4072117062015799e-06,5.624177397255341e-06,available_central_sem_only
MONASH,beauty,lambdabbar,bminus,ss,integrated_0_100,48,1.3823009499999999,1.4451327999999997,4.20360585310079e-06,4.2080457835381251e-06,available_central_sem_only
MONASH,beauty,lambdabbar,bminus,ss,integrated_0_100,49,1.4451327999999997,1.50796465,1.261081755930237e-05,6.4242204870380019e-06,available_central_sem_only
MONASH,beauty,lambdabbar,bminus,ss,integrated_0_100,50,1.50796465,1.5707964999999997,8.4072117062015799e-06,5.6038184971767293e-06,available_central_sem_only
MONASH,beauty,lambdabbar,bminus,ss,integrated_0_100,51,1.5707964999999997,1.63362835,1.681442341240316e-05,6.8490079091525784e-06,available_central_sem_only
MONASH,beauty,lambdabbar,bminus,ss,integrated_0_100,52,1.63362835,1.6964601999999998,1.261081755930237e-05,6.3818280981940685e-06,available_central_sem_only
MONASH,beauty,lambdabbar,bminus,ss,integrated_0_100,53,1.6964601999999998,1.75929205,2.1018029265503948e-05,9.3912299671091935e-06,available_central_sem_only
MONASH,beauty,lambdabbar,bminus,ss,integrated_0_100,54,1.75929205,1.8221238999999998,8.4072117062015799e-06,5.5750726010417895e-06,available_central_sem_only
MONASH,beauty,lambdabbar,bminus,ss,integrated_0_100,55,1.8221238999999998,1.88495575,8.4072117062015799e-06,5.5994834461068462e-06,available_central_sem_only
MONASH,beauty,lambdabbar,bminus,ss,integrated_0_100,56,1.88495575,1.9477875999999994,1.681442341240316e-05,9.3010396627028667e-06,available_central_sem_only
MONASH,beauty,lambdabbar,bminus,ss,integrated_0_100,57,1.9477875999999994,2.0106194499999996,3.7832452677907108e-05,1.7221972855227028e-05,available_central_sem_only
MONASH,beauty,lambdabbar,bminus,ss,integrated_0_100,58,2.0106194499999996,2.0734512999999994,1.261081755930237e-05,6.424304286794429e-06,available_central_sem_only
MONASH,beauty,lambdabbar,bminus,ss,integrated_0_100,59,2.0734512999999994,2.1362831499999997,1.261081755930237e-05,6.3772901025421593e-06,available_central_sem_only
MONASH,beauty,lambdabbar,bminus,ss,integrated_0_100,60,2.1362831499999997,2.1991149999999995,1.261081755930237e-05,8.8988952421210952e-06,available_central_sem_only
MONASH,beauty,lambdabbar,bminus,ss,integrated_0_100,61,2.1991149999999995,2.2619468499999997,2.1018029265503948e-05,9.4097940121899336e-06,available_central_sem_only
MONASH,beauty,lambdabbar,bminus,ss,integrated_0_100,62,2.2619468499999997,2.3247786999999995,8.4072117062015799e-06,5.6240316435676192e-06,available_central_sem_only
MONASH,beauty,lambdabbar,bminus,ss,integrated_0_100,63,2.3247786999999995,2.3876105499999998,4.20360585310079e-06,4.2344173441734417e-06,available_central_sem_only
MONASH,beauty,lambdabbar,bminus,ss,integrated_0_100,64,2.3876105499999998,2.4504423999999996,2.1018029265503948e-05,9.4019021184451971e-06,available_central_sem_only
MONASH,beauty,lambdabbar,bminus,ss,integrated_0_100,65,2.4504423999999996,2.51327425,2.1018029265503948e-05,6.9871375243369257e-06,available_central_sem_only
MONASH,beauty,lambdabbar,bminus,ss,integrated_0_100,66,2.51327425,2.5761061,8.4072117062015799e-06,5.604371921797934e-06,available_central_sem_only
MONASH,beauty,lambdabbar,bminus,ss,integrated_0_100,67,2.5761061,2.6389379499999994,1.261081755930237e-05,6.4410043538141459e-06,available_central_sem_only
MONASH,beauty,lambdabbar,bminus,ss,integrated_0_100,68,2.6389379499999994,2.7017697999999997,2.1018029265503948e-05,7.0098129241161097e-06,available_central_sem_only
MONASH,beauty,lambdabbar,bminus,ss,integrated_0_100,69,2.7017697999999997,2.76460165,8.4072117062015799e-06,5.5861063715947578e-06,available_central_sem_only
MONASH,beauty,lambdabbar,bminus,ss,integrated_0_100,70,2.76460165,2.8274335,2.1018029265503948e-05,9.4224525046003597e-06,available_central_sem_only
MONASH,beauty,lambdabbar,bminus,ss,integrated_0_100,71,2.8274335,2.8902653499999995,4.20360585310079e-06,4.2279722645019451e-06,available_central_sem_only
MONASH,beauty,lambdabbar,bminus,ss,integrated_0_100,72,2.8902653499999995,2.9530971999999998,8.4072117062015799e-06,5.6415951177277727e-06,available_central_sem_only
MONASH,beauty,lambdabbar,bminus,ss,integrated_0_100,73,2.9530971999999998,3.015929049999999,2.522163511860474e-05,9.2891816886155892e-06,available_central_sem_only
MONASH,beauty,lambdabbar,bminus,ss,integrated_0_100,74,3.015929049999999,3.0787608999999994,1.261081755930237e-05,9.0133810879253984e-06,available_central_sem_only
MONASH,beauty,lambdabbar,bminus,ss,integrated_0_100,75,3.0787608999999994,3.1415927499999996,8.4072117062015799e-06,5.5750726010417895e-06,available_central_sem_only
MONASH,beauty,lambdabbar,bminus,ss,integrated_0_100,76,3.1415927499999996,3.2044246,1.261081755930237e-05,6.432823305955148e-06,available_central_sem_only
MONASH,beauty,lambdabbar,bminus,ss,integrated_0_100,77,3.2044246,3.267256449999999,0,0,available_central_sem_only
MONASH,beauty,lambdabbar,bminus,ss,integrated_0_100,78,3.267256449999999,3.3300882999999994,1.261081755930237e-05,6.4209090789114768e-06,available_central_sem_only
MONASH,beauty,lambdabbar,bminus,ss,integrated_0_100,79,3.3300882999999994,3.3929201499999997,0,0,available_central_sem_only
MONASH,beauty,lambdabbar,bminus,ss,integrated_0_100,80,3.3929201499999997,3.455752,2.1018029265503948e-05,9.3661229000587261e-06,available_central_sem_only
MONASH,beauty,lambdabbar,bminus,ss,integrated_0_100,81,3.455752,3.5185838499999993,4.20360585310079e-06,4.1710114702815434e-06,available_central_sem_only
MONASH,beauty,lambdabbar,bminus,ss,integrated_0_100,82,3.5185838499999993,3.5814156999999986,0,0,available_central_sem_only
MONASH,beauty,lambdabbar,bminus,ss,integrated_0_100,83,3.5814156999999986,3.644247549999999,1.681442341240316e-05,6.876232266697022e-06,available_central_sem_only
MONASH,beauty,lambdabbar,bminus,ss,integrated_0_100,84,3.644247549999999,3.707079399999999,4.20360585310079e-06,4.2279722645019451e-06,available_central_sem_only
MONASH,beauty,lambdabbar,bminus,ss,integrated_0_100,85,3.707079399999999,3.7699112499999994,8.4072117062015799e-06,8.397010664203542e-06,available_central_sem_only
MONASH,beauty,lambdabbar,bminus,ss,integrated_0_100,86,3.7699112499999994,3.8327430999999996,1.261081755930237e-05,6.3918413316188555e-06,available_central_sem_only
MONASH,beauty,lambdabbar,bminus,ss,integrated_0_100,87,3.8327430999999996,3.895574949999999,1.261081755930237e-05,6.4162961466329768e-06,available_central_sem_only
MONASH,beauty,lambdabbar,bminus,ss,integrated_0_100,88,3.895574949999999,3.9584067999999992,1.681442341240316e-05,6.8713747813555267e-06,available_central_sem_only
MONASH,beauty,lambdabbar,bminus,ss,integrated_0_100,89,3.9584067999999992,4.021238649999999,1.261081755930237e-05,6.4138472252347154e-06,available_central_sem_only
MONASH,beauty,lambdabbar,bminus,ss,integrated_0_100,90,4.021238649999999,4.084070499999999,1.261081755930237e-05,6.4209090789114768e-06,available_central_sem_only
MONASH,beauty,lambdabbar,bminus,ss,integrated_0_100,91,4.084070499999999,4.1469023499999995,1.261081755930237e-05,6.422682647229522e-06,available_central_sem_only
MONASH,beauty,lambdabbar,bminus,ss,integrated_0_100,92,4.1469023499999995,4.2097342,1.681442341240316e-05,6.9090906342490888e-06,available_central_sem_only
MONASH,beauty,lambdabbar,bminus,ss,integrated_0_100,93,4.2097342,4.27256605,2.522163511860474e-05,6.8799566871024938e-06,available_central_sem_only
MONASH,beauty,lambdabbar,bminus,ss,integrated_0_100,94,4.27256605,4.3353979,8.4072117062015799e-06,5.6058884663709719e-06,available_central_sem_only
MONASH,beauty,lambdabbar,bminus,ss,integrated_0_100,95,4.3353979,4.398229749999999,2.9425240971705531e-05,1.0923464838030399e-05,available_central_sem_only
MONASH,beauty,lambdabbar,bminus,ss,integrated_0_100,96,4.398229749999999,4.461061599999999,8.4072117062015799e-06,5.6480435813527744e-06,available_central_sem_only
MONASH,beauty,lambdabbar,bminus,ss,integrated_0_100,97,4.461061599999999,4.523893449999999,2.1018029265503948e-05,9.3394668750546162e-06,available_central_sem_only
MONASH,beauty,lambdabbar,bminus,ss,integrated_0_100,98,4.523893449999999,4.5867252999999995,8.4072117062015799e-06,5.5750726010417895e-06,available_central_sem_only
MONASH,beauty,lambdabbar,bminus,ss,integrated_0_100,99,4.5867252999999995,4.64955715,2.9425240971705531e-05,1.4131632852225096e-05,available_central_sem_only
MONASH,beauty,lambdabbar,bminus,ss,integrated_0_100,100,4.64955715,4.712389,8.4072117062015799e-06,5.5861063715947578e-06,available_central_sem_only
MONASH,charm,dplus,dminus,os,integrated_0_100,1,-1.570796,-1.50796415,0.00087884780577653868,6.7465096051581255e-06,available_central_sem_only
MONASH,charm,dplus,dminus,os,integrated_0_100,2,-1.50796415,-1.4451323,0.00075158255944762482,7.9353632519118361e-06,available_central_sem_only
MONASH,charm,dplus,dminus,os,integrated_0_100,3,-1.4451323,-1.38230045,0.00063888911059825865,6.1967208640510115e-06,available_central_sem_only
MONASH,charm,dplus,dminus,os,integrated_0_100,4,-1.38230045,-1.3194686,0.00053688652824142487,6.0511143089124673e-06,available_central_sem_only
MONASH,charm,dplus,dminus,os,integrated_0_100,5,-1.3194686,-1.2566367500000002,0.0004723019786084548,3.2182418983769476e-06,available_central_sem_only
MONASH,charm,dplus,dminus,os,integrated_0_100,6,-1.2566367500000002,-1.1938049000000002,0.0004162847671921032,4.4559593981246135e-06,available_central_sem_only
MONASH,charm,dplus,dminus,os,integrated_0_100,7,-1.1938049000000002,-1.1309730500000001,0.0003567527503535491,4.6378134490698064e-06,available_central_sem_only
MONASH,charm,dplus,dminus,os,integrated_0_100,8,-1.1309730500000001,-1.0681412000000001,0.00031918826740376041,2.0627082642170476e-06,available_central_sem_only
MONASH,charm,dplus,dminus,os,integrated_0_100,9,-1.0681412000000001,-1.00530935,0.00029150917470391606,4.7032195107833089e-06,available_central_sem_only
MONASH,charm,dplus,dminus,os,integrated_0_100,10,-1.00530935,-0.9424775000000001,0.00026134042816334499,4.816475501946907e-06,available_central_sem_only
MONASH,charm,dplus,dminus,os,integrated_0_100,11,-0.9424775000000001,-0.8796456500000002,0.00025277308994672653,2.7546103217239772e-06,available_central_sem_only
MONASH,charm,dplus,dminus,os,integrated_0_100,12,-0.8796456500000002,-0.8168138000000001,0.00023937289427457967,4.7436702077202914e-06,available_central_sem_only
MONASH,charm,dplus,dminus,os,integrated_0_100,13,-0.8168138000000001,-0.7539819500000001,0.00023043943049314841,3.536009142892104e-06,available_central_sem_only
MONASH,charm,dplus,dminus,os,integrated_0_100,14,-0.7539819500000001,-0.6911501000000002,0.00021469603120619993,3.5173557683627796e-06,available_central_sem_only
MONASH,charm,dplus,dminus,os,integrated_0_100,15,-0.6911501000000002,-0.6283182500000002,0.00021352442939879911,3.5382735603666123e-06,available_central_sem_only
MONASH,charm,dplus,dminus,os,integrated_0_100,16,-0.6283182500000002,-0.5654864000000002,0.00019880618169332634,2.0501202263799967e-06,available_central_sem_only
MONASH,charm,dplus,dminus,os,integrated_0_100,17,-0.5654864000000002,-0.5026545500000001,0.00019887940680628888,3.4733657185044196e-06,available_central_sem_only
MONASH,charm,dplus,dminus,os,integrated_0_100,18,-0.5026545500000001,-0.4398227000000001,0.00019602362740074939,3.3343374862730989e-06,available_central_sem_only
MONASH,charm,dplus,dminus,os,integrated_0_100,19,-0.4398227000000001,-0.3769908500000001,0.00019184979596188398,4.7066931790759612e-06,available_central_sem_only
MONASH,charm,dplus,dminus,os,integrated_0_100,20,-0.3769908500000001,-0.3141590000000001,0.00019294817265632223,3.6098148768392503e-06,available_central_sem_only
MONASH,charm,dplus,dminus,os,integrated_0_100,21,-0.3141590000000001,-0.2513271500000003,0.00018628468737673007,2.1596475369673253e-06,available_central_sem_only
MONASH,charm,dplus,dminus,os,integrated_0_100,22,-0.2513271500000003,-0.18849530000000025,0.0001936071986729852,4.702001512092106e-06,available_central_sem_only
MONASH,charm,dplus,dminus,os,integrated_0_100,23,-0.18849530000000025,-0.12566345000000023,0.00018906724166930703,3.9903653195299665e-06,available_central_sem_only
MONASH,charm,dplus,dminus,os,integrated_0_100,24,-0.12566345000000023,-0.06283160000000021,0.00019031206858967039,3.2314033397278991e-06,available_central_sem_only
MONASH,charm,dplus,dminus,os,integrated_0_100,25,-0.06283160000000021,2.499999998128999e-07,0.00019038529370263293,3.8302612669142817e-06,available_central_sem_only
MONASH,charm,dplus,dminus,os,integrated_0_100,26,2.499999998128999e-07,0.06283209999999984,0.00018709016361931815,2.6083156827904113e-06,available_central_sem_only
MONASH,charm,dplus,dminus,os,integrated_0_100,27,0.06283209999999984,0.12566394999999986,0.00019302139776928478,4.2360626744251655e-06,available_central_sem_only
MONASH,charm,dplus,dminus,os,integrated_0_100,28,0.12566394999999986,0.18849579999999966,0.00019411977446372305,4.0461910596741385e-06,available_central_sem_only
MONASH,charm,dplus,dminus,os,integrated_0_100,29,0.18849579999999966,0.2513276499999997,0.00019411977446372305,2.8170123015395282e-06,available_central_sem_only
MONASH,charm,dplus,dminus,os,integrated_0_100,30,0.2513276499999997,0.3141594999999997,0.00019441267491557325,5.5528210560601569e-06,available_central_sem_only
MONASH,charm,dplus,dminus,os,integrated_0_100,31,0.3141594999999997,0.3769913499999997,0.00019031206858967039,2.6032832242621027e-06,available_central_sem_only
MONASH,charm,dplus,dminus,os,integrated_0_100,32,0.3769913499999997,0.43982319999999975,0.00019844005612851357,2.4843927143666775e-06,available_central_sem_only
MONASH,charm,dplus,dminus,os,integrated_0_100,33,0.43982319999999975,0.50265505,0.00019280172243039715,2.0731744683151958e-06,available_central_sem_only
MONASH,charm,dplus,dminus,os,integrated_0_100,34,0.50265505,0.5654868999999998,0.00019704877898222509,2.6174215256760756e-06,available_central_sem_only
MONASH,charm,dplus,dminus,os,integrated_0_100,35,0.5654868999999998,0.62831875,0.00020400516471366745,4.0708991033744412e-06,available_central_sem_only
MONASH,charm,dplus,dminus,os,integrated_0_100,36,0.62831875,0.6911505999999998,0.00020385871448774237,3.8932502878801996e-06,available_central_sem_only
MONASH,charm,dplus,dminus,os,integrated_0_100,37,0.6911505999999998,0.7539824499999996,0.00021762503572470197,4.4128300844982601e-06,available_central_sem_only
MONASH,charm,dplus,dminus,os,integrated_0_100,38,0.7539824499999996,0.8168142999999999,0.00022084694069505421,2.4126210913139917e-06,available_central_sem_only
MONASH,charm,dplus,dminus,os,integrated_0_100,39,0.8168142999999999,0.8796461499999997,0.00023161103230054923,3.7433196648042789e-06,available_central_sem_only
MONASH,charm,dplus,dminus,os,integrated_0_100,40,0.8796461499999997,0.9424779999999999,0.00025738627206336724,5.3206354594349806e-06,available_central_sem_only
MONASH,charm,dplus,dminus,os,integrated_0_100,41,0.9424779999999999,1.0053098499999993,0.00025848464875780552,6.0011885588963578e-06,available_central_sem_only
MONASH,charm,dplus,dminus,os,integrated_0_100,42,1.0053098499999993,1.0681416999999995,0.00028623696657061238,3.5218564866489039e-06,available_central_sem_only
MONASH,charm,dplus,dminus,os,integrated_0_100,43,1.0681416999999995,1.1309735499999998,0.00031918826740376041,3.5708094024707837e-06,available_central_sem_only
MONASH,charm,dplus,dminus,os,integrated_0_100,44,1.1309735499999998,1.1938053999999996,0.00035770467682206229,4.7847800429606715e-06,available_central_sem_only
MONASH,charm,dplus,dminus,os,integrated_0_100,45,1.1938053999999996,1.2566372499999998,0.00040500809979587029,3.5151024010873496e-06,available_central_sem_only
MONASH,charm,dplus,dminus,os,integrated_0_100,46,1.2566372499999998,1.3194690999999996,0.00046688332024922603,5.747563590907612e-06,available_central_sem_only
MONASH,charm,dplus,dminus,os,integrated_0_100,47,1.3194690999999996,1.3823009499999999,0.00053403074883588545,7.6826225553062961e-06,available_central_sem_only
MONASH,charm,dplus,dminus,os,integrated_0_100,48,1.3823009499999999,1.4451327999999997,0.00064643129723340146,4.7493268640342401e-06,available_central_sem_only
MONASH,charm,dplus,dminus,os,integrated_0_100,49,1.4451327999999997,1.50796465,0.00073496045880512572,7.9698941658972811e-06,available_central_sem_only
MONASH,charm,dplus,dminus,os,integrated_0_100,50,1.50796465,1.5707964999999997,0.00088031230803578976,6.5825007429048273e-06,available_central_sem_only
MONASH,charm,dplus,dminus,os,integrated_0_100,51,1.5707964999999997,1.63362835,0.0010390643529386006,1.2707768978080169e-05,available_central_sem_only
MONASH,charm,dplus,dminus,os,integrated_0_100,52,1.63362835,1.6964601999999998,0.0012106307926098578,8.8532452322158273e-06,available_central_sem_only
MONASH,charm,dplus,dminus,os,integrated_0_100,53,1.6964601999999998,1.75929205,0.001397720956229176,5.98875000716386e-06,available_central_sem_only
MONASH,charm,dplus,dminus,os,integrated_0_100,54,1.75929205,1.8221238999999998,0.0016317484172574896,9.0857317001738784e-06,available_central_sem_only
MONASH,charm,dplus,dminus,os,integrated_0_100,55,1.8221238999999998,1.88495575,0.0018777847968116613,1.2390827157598044e-05,available_central_sem_only
MONASH,charm,dplus,dminus,os,integrated_0_100,56,1.88495575,1.9477875999999994,0.0021042700712048321,1.0220273568385854e-05,available_central_sem_only
MONASH,charm,dplus,dminus,os,integrated_0_100,57,1.9477875999999994,2.0106194499999996,0.0023888228601773058,1.0533210986394294e-05,available_central_sem_only
MONASH,charm,dplus,dminus,os,integrated_0_100,58,2.0106194499999996,2.0734512999999994,0.0026305389580666867,1.6662592880579514e-05,available_central_sem_only
MONASH,charm,dplus,dminus,os,integrated_0_100,59,2.0734512999999994,2.1362831499999997,0.0029022773522707143,1.1931848020241337e-05,available_central_sem_only
MONASH,charm,dplus,dminus,os,integrated_0_100,60,2.1362831499999997,2.1991149999999995,0.0031926881502801919,1.6270057109243843e-05,available_central_sem_only
MONASH,charm,dplus,dminus,os,integrated_0_100,61,2.1991149999999995,2.2619468499999997,0.0034923253125229512,1.7106481369752925e-05,available_central_sem_only
MONASH,charm,dplus,dminus,os,integrated_0_100,62,2.2619468499999997,2.3247786999999995,0.0037516886626363074,1.5540635024185309e-05,available_central_sem_only
MONASH,charm,dplus,dminus,os,integrated_0_100,63,2.3247786999999995,2.3876105499999998,0.00402101062811257,2.0526644295252363e-05,available_central_sem_only
MONASH,charm,dplus,dminus,os,integrated_0_100,64,2.3876105499999998,2.4504423999999996,0.0043128127032683369,1.3534518418591924e-05,available_central_sem_only
MONASH,charm,dplus,dminus,os,integrated_0_100,65,2.4504423999999996,2.51327425,0.0045557736280780817,1.4312691650582305e-05,available_central_sem_only
MONASH,charm,dplus,dminus,os,integrated_0_100,66,2.51327425,2.5761061,0.0048208485370025162,1.7187871284344596e-05,available_central_sem_only
MONASH,charm,dplus,dminus,os,integrated_0_100,67,2.5761061,2.6389379499999994,0.005032029762786514,2.0803549041287353e-05,available_central_sem_only
MONASH,charm,dplus,dminus,os,integrated_0_100,68,2.6389379499999994,2.7017697999999997,0.0052507531752056542,1.9720319955891945e-05,available_central_sem_only
MONASH,charm,dplus,dminus,os,integrated_0_100,69,2.7017697999999997,2.76460165,0.0054788494020840007,1.3967520802218426e-05,available_central_sem_only
MONASH,charm,dplus,dminus,os,integrated_0_100,70,2.76460165,2.8274335,0.005649830040851558,1.3745363559817549e-05,available_central_sem_only
MONASH,charm,dplus,dminus,os,integrated_0_100,71,2.8274335,2.8902653499999995,0.0057837587724600638,1.4515056353270191e-05,available_central_sem_only
MONASH,charm,dplus,dminus,os,integrated_0_100,72,2.8902653499999995,2.9530971999999998,0.0059526158829517071,2.944573695061971e-05,available_central_sem_only
MONASH,charm,dplus,dminus,os,integrated_0_100,73,2.9530971999999998,3.015929049999999,0.0060775379256658192,2.5263873767493829e-05,available_central_sem_only
MONASH,charm,dplus,dminus,os,integrated_0_100,74,3.015929049999999,3.0787608999999994,0.0061140772570341317,1.2944804080445234e-05,available_central_sem_only
MONASH,charm,dplus,dminus,os,integrated_0_100,75,3.0787608999999994,3.1415927499999996,0.0061894991233855598,1.8516646682564476e-05,available_central_sem_only
MONASH,charm,dplus,dminus,os,integrated_0_100,76,3.1415927499999996,3.2044246,0.0061661403123505062,2.3436082541606895e-05,available_central_sem_only
MONASH,charm,dplus,dminus,os,integrated_0_100,77,3.2044246,3.267256449999999,0.0061014093124916111,2.6437413947723211e-05,available_central_sem_only
MONASH,charm,dplus,dminus,os,integrated_0_100,78,3.267256449999999,3.3300882999999994,0.0060632590286381219,2.3924648400652401e-05,available_central_sem_only
MONASH,charm,dplus,dminus,os,integrated_0_100,79,3.3300882999999994,3.3929201499999997,0.0059507120300146803,1.8300842834911944e-05,available_central_sem_only
MONASH,charm,dplus,dminus,os,integrated_0_100,80,3.3929201499999997,3.455752,0.0058124630167413838,2.1099757803704637e-05,available_central_sem_only
MONASH,charm,dplus,dminus,os,integrated_0_100,81,3.455752,3.5185838499999993,0.0056468278112200929,2.5932991861061723e-05,available_central_sem_only
MONASH,charm,dplus,dminus,os,integrated_0_100,82,3.5185838499999993,3.5814156999999986,0.0054984005072450017,2.0671147267684154e-05,available_central_sem_only
MONASH,charm,dplus,dminus,os,integrated_0_100,83,3.5814156999999986,3.644247549999999,0.0052605653403426361,1.9127150647390899e-05,available_central_sem_only
MONASH,charm,dplus,dminus,os,integrated_0_100,84,3.644247549999999,3.707079399999999,0.0051086232309453423,1.4791585227952543e-05,available_central_sem_only
MONASH,charm,dplus,dminus,os,integrated_0_100,85,3.707079399999999,3.7699112499999994,0.0048312465030431991,8.0605405640827411e-06,available_central_sem_only
MONASH,charm,dplus,dminus,os,integrated_0_100,86,3.7699112499999994,3.8327430999999996,0.0045794253395649853,2.6163813477241457e-05,available_central_sem_only
MONASH,charm,dplus,dminus,os,integrated_0_100,87,3.8327430999999996,3.895574949999999,0.0043005108842906281,2.4284725198780127e-05,available_central_sem_only
MONASH,charm,dplus,dminus,os,integrated_0_100,88,3.895574949999999,3.9584067999999992,0.0040554264312049693,1.6161121824558945e-05,available_central_sem_only
MONASH,charm,dplus,dminus,os,integrated_0_100,89,3.9584067999999992,4.021238649999999,0.0037757797248009865,1.6693178286741823e-05,available_central_sem_only
MONASH,charm,dplus,dminus,os,integrated_0_100,90,4.021238649999999,4.084070499999999,0.0035146589719765291,1.1108038610157143e-05,available_central_sem_only
MONASH,charm,dplus,dminus,os,integrated_0_100,91,4.084070499999999,4.1469023499999995,0.0032071134975338146,1.5952855903547725e-05,available_central_sem_only
MONASH,charm,dplus,dminus,os,integrated_0_100,92,4.1469023499999995,4.2097342,0.0029180207515576628,1.4069227878171962e-05,available_central_sem_only
MONASH,charm,dplus,dminus,os,integrated_0_100,93,4.2097342,4.27256605,0.002636250516877766,1.449031222287455e-05,available_central_sem_only
MONASH,charm,dplus,dminus,os,integrated_0_100,94,4.27256605,4.3353979,0.0023793035954921739,1.4441580439071915e-05,available_central_sem_only
MONASH,charm,dplus,dminus,os,integrated_0_100,95,4.3353979,4.398229749999999,0.0021192812193621549,1.2794014699471634e-05,available_central_sem_only
MONASH,charm,dplus,dminus,os,integrated_0_100,96,4.398229749999999,4.461061599999999,0.0018689245581431926,1.0033454544033462e-05,available_central_sem_only
MONASH,charm,dplus,dminus,os,integrated_0_100,97,4.461061599999999,4.523893449999999,0.0016283800620612121,9.7381611066635126e-06,available_central_sem_only
MONASH,charm,dplus,dminus,os,integrated_0_100,98,4.523893449999999,4.5867252999999995,0.0014031396145884048,9.6129311995806158e-06,available_central_sem_only
MONASH,charm,dplus,dminus,os,integrated_0_100,99,4.5867252999999995,4.64955715,0.0012092395154635694,1.0827630449723109e-05,available_central_sem_only
MONASH,charm,dplus,dminus,os,integrated_0_100,100,4.64955715,4.712389,0.0010415540067793274,9.0875900031834837e-06,available_central_sem_only
MONASH,charm,dplus,dminus,os_minus_ss,integrated_0_100,1,-1.570796,-1.50796415,0.00070969779483304554,7.5921081566767912e-06,available_central_sem_only
MONASH,charm,dplus,dminus,os_minus_ss,integrated_0_100,2,-1.50796415,-1.4451323,0.00058140739692265602,1.0652314902522102e-05,available_central_sem_only
MONASH,charm,dplus,dminus,os_minus_ss,integrated_0_100,3,-1.4451323,-1.38230045,0.00047713483606398317,8.1669276752820741e-06,available_central_sem_only
MONASH,charm,dplus,dminus,os_minus_ss,integrated_0_100,4,-1.38230045,-1.3194686,0.00037608418017566258,7.1317004690262476e-06,available_central_sem_only
MONASH,charm,dplus,dminus,os_minus_ss,integrated_0_100,5,-1.3194686,-1.2566367500000002,0.00031179253099454269,5.2284690871970819e-06,available_central_sem_only
MONASH,charm,dplus,dminus,os_minus_ss,integrated_0_100,6,-1.2566367500000002,-1.1938049000000002,0.00025130858768747551,5.5122713834515259e-06,available_central_sem_only
MONASH,charm,dplus,dminus,os_minus_ss,integrated_0_100,7,-1.1938049000000002,-1.1309730500000001,0.00019001916813782017,3.9841501920358266e-06,available_central_sem_only
MONASH,charm,dplus,dminus,os_minus_ss,integrated_0_100,8,-1.1309730500000001,-1.0681412000000001,0.0001549443390287582,4.3792615094289211e-06,available_central_sem_only
MONASH,charm,dplus,dminus,os_minus_ss,integrated_0_100,9,-1.0681412000000001,-1.00530935,0.00013539323386775704,5.1389759074006841e-06,available_central_sem_only
MONASH,charm,dplus,dminus,os_minus_ss,integrated_0_100,10,-1.00530935,-0.9424775000000001,9.8194876482781063e-05,5.7178147064768367e-06,available_central_sem_only
MONASH,charm,dplus,dminus,os_minus_ss,integrated_0_100,11,-0.9424775000000001,-0.8796456500000002,9.328879391429015e-05,5.3676220588329479e-06,available_central_sem_only
MONASH,charm,dplus,dminus,os_minus_ss,integrated_0_100,12,-0.8796456500000002,-0.8168138000000001,8.0547624258806255e-05,8.9057697623776731e-06,available_central_sem_only
MONASH,charm,dplus,dminus,os_minus_ss,integrated_0_100,13,-0.8168138000000001,-0.7539819500000001,7.3371563188476214e-05,4.684761210213887e-06,available_central_sem_only
MONASH,charm,dplus,dminus,os_minus_ss,integrated_0_100,14,-0.7539819500000001,-0.6911501000000002,5.5504635625613777e-05,5.6373807593365988e-06,available_central_sem_only
MONASH,charm,dplus,dminus,os_minus_ss,integrated_0_100,15,-0.6911501000000002,-0.6283182500000002,5.8067514579303049e-05,6.6920962068777835e-06,available_central_sem_only
MONASH,charm,dplus,dminus,os_minus_ss,integrated_0_100,16,-0.6283182500000002,-0.5654864000000002,3.9980911677552929e-05,4.4832212926263354e-06,available_central_sem_only
MONASH,charm,dplus,dminus,os_minus_ss,integrated_0_100,17,-0.5654864000000002,-0.5026545500000001,3.9980911677552929e-05,5.1939533605214224e-06,available_central_sem_only
MONASH,charm,dplus,dminus,os_minus_ss,integrated_0_100,18,-0.5026545500000001,-0.4398227000000001,3.7491257836826174e-05,3.6160574652478242e-06,available_central_sem_only
MONASH,charm,dplus,dminus,os_minus_ss,integrated_0_100,19,-0.4398227000000001,-0.3769908500000001,3.6319656029425379e-05,4.9003154428033441e-06,available_central_sem_only
MONASH,charm,dplus,dminus,os_minus_ss,integrated_0_100,20,-0.3769908500000001,-0.3141590000000001,4.6058596053444664e-05,2.9054069262855603e-06,available_central_sem_only
MONASH,charm,dplus,dminus,os_minus_ss,integrated_0_100,21,-0.3141590000000001,-0.2513271500000003,3.0095521427608504e-05,4.6443684793512083e-06,available_central_sem_only
MONASH,charm,dplus,dminus,os_minus_ss,integrated_0_100,22,-0.2513271500000003,-0.18849530000000025,4.5179894697894041e-05,5.912135183046043e-06,available_central_sem_only
MONASH,charm,dplus,dminus,os_minus_ss,integrated_0_100,23,-0.18849530000000025,-0.12566345000000023,3.8589634531264452e-05,6.8211607180764888e-06,available_central_sem_only
MONASH,charm,dplus,dminus,os_minus_ss,integrated_0_100,24,-0.12566345000000023,-0.06283160000000021,4.3202816647905167e-05,4.3832206498470792e-06,available_central_sem_only
MONASH,charm,dplus,dminus,os_minus_ss,integrated_0_100,25,-0.06283160000000021,2.499999998128999e-07,4.3349266873830253e-05,4.1026644413297387e-06,available_central_sem_only
MONASH,charm,dplus,dminus,os_minus_ss,integrated_0_100,26,2.499999998128999e-07,0.06283209999999984,3.6759006707200664e-05,4.3894821694249963e-06,available_central_sem_only
MONASH,charm,dplus,dminus,os_minus_ss,integrated_0_100,27,0.06283209999999984,0.12566394999999986,3.4855153770174332e-05,5.3990210544421586e-06,available_central_sem_only
MONASH,charm,dplus,dminus,os_minus_ss,integrated_0_100,28,0.12566394999999986,0.18849579999999966,3.8003833627564028e-05,4.6553417689012981e-06,available_central_sem_only
MONASH,charm,dplus,dminus,os_minus_ss,integrated_0_100,29,0.18849579999999966,0.2513276499999997,3.9541560999777618e-05,3.833726019928475e-06,available_central_sem_only
MONASH,charm,dplus,dminus,os_minus_ss,integrated_0_100,30,0.2513276499999997,0.3141594999999997,3.8662859644226995e-05,7.7177070343574044e-06,available_central_sem_only
MONASH,charm,dplus,dminus,os_minus_ss,integrated_0_100,31,0.3141594999999997,0.3769913499999997,3.6978682046088319e-05,4.3084095215415804e-06,available_central_sem_only
MONASH,charm,dplus,dminus,os_minus_ss,integrated_0_100,32,0.3769913499999997,0.43982319999999975,4.3642167325680479e-05,2.5739292253812123e-06,available_central_sem_only
MONASH,charm,dplus,dminus,os_minus_ss,integrated_0_100,33,0.43982319999999975,0.50265505,4.3935067777530704e-05,3.1066436346237751e-06,available_central_sem_only
MONASH,charm,dplus,dminus,os_minus_ss,integrated_0_100,34,0.50265505,0.5654868999999998,4.701052252195783e-05,4.3149638574426813e-06,available_central_sem_only
MONASH,charm,dplus,dminus,os_minus_ss,integrated_0_100,35,0.5654868999999998,0.62831875,4.9719851701572214e-05,5.269818157924952e-06,available_central_sem_only
MONASH,charm,dplus,dminus,os_minus_ss,integrated_0_100,36,0.62831875,0.6911505999999998,4.8767925233059075e-05,4.054663341203117e-06,available_central_sem_only
MONASH,charm,dplus,dminus,os_minus_ss,integrated_0_100,37,0.6911505999999998,0.7539824499999996,5.9458791725591526e-05,4.4689428061879873e-06,available_central_sem_only
MONASH,charm,dplus,dminus,os_minus_ss,integrated_0_100,38,0.7539824499999996,0.8168142999999999,6.2753921808906307e-05,4.2655214798571539e-06,available_central_sem_only
MONASH,charm,dplus,dminus,os_minus_ss,integrated_0_100,39,0.8168142999999999,0.8796461499999997,7.2785762284775817e-05,5.1568312638042425e-06,available_central_sem_only
MONASH,charm,dplus,dminus,os_minus_ss,integrated_0_100,40,0.8796461499999997,0.9424779999999999,9.8048426256855978e-05,6.7804312300834831e-06,available_central_sem_only
MONASH,charm,dplus,dminus,os_minus_ss,integrated_0_100,41,0.9424779999999999,1.0053098499999993,0.00010346708461608477,7.8282280812926003e-06,available_central_sem_only
MONASH,charm,dplus,dminus,os_minus_ss,integrated_0_100,42,1.0053098499999993,1.0681416999999995,0.00013173197821962949,6.6252446041523407e-06,available_central_sem_only
MONASH,charm,dplus,dminus,os_minus_ss,integrated_0_100,43,1.0681416999999995,1.1309735499999998,0.00015538368970653352,4.0816920464336245e-06,available_central_sem_only
MONASH,charm,dplus,dminus,os_minus_ss,integrated_0_100,44,1.1309735499999998,1.1938053999999996,0.00019726845432111275,3.0643049336671024e-06,available_central_sem_only
MONASH,charm,dplus,dminus,os_minus_ss,integrated_0_100,45,1.1938053999999996,1.2566372499999998,0.00024164287277641871,4.2116065433156292e-06,available_central_sem_only
MONASH,charm,dplus,dminus,os_minus_ss,integrated_0_100,46,1.2566372499999998,1.3194690999999996,0.00030176069051867326,4.9774850972455479e-06,available_central_sem_only
MONASH,charm,dplus,dminus,os_minus_ss,integrated_0_100,47,1.3194690999999996,1.3823009499999999,0.00037725578198306349,8.2937265152097411e-06,available_central_sem_only
MONASH,charm,dplus,dminus,os_minus_ss,integrated_0_100,48,1.3823009499999999,1.4451327999999997,0.00048028351592137297,4.5581122172516232e-06,available_central_sem_only
MONASH,charm,dplus,dminus,os_minus_ss,integrated_0_100,49,1.4451327999999997,1.50796465,0.00056405304515053144,7.9872411005968355e-06,available_central_sem_only
MONASH,charm,dplus,dminus,os_minus_ss,integrated_0_100,50,1.50796465,1.5707964999999997,0.00071401807649783613,4.8290421712815872e-06,available_central_sem_only
MONASH,charm,dplus,dminus,os_minus_ss,integrated_0_100,51,1.5707964999999997,1.63362835,0.00086837661462289394,1.5530439904828654e-05,available_central_sem_only
MONASH,charm,dplus,dminus,os_minus_ss,integrated_0_100,52,1.63362835,1.6964601999999998,0.0010443365610719041,9.701899985203169e-06,available_central_sem_only
MONASH,charm,dplus,dminus,os_minus_ss,integrated_0_100,53,1.6964601999999998,1.75929205,0.0012294496466412335,7.5169047444677759e-06,available_central_sem_only
MONASH,charm,dplus,dminus,os_minus_ss,integrated_0_100,54,1.75929205,1.8221238999999998,0.0014678706144473001,9.5954132389337848e-06,available_central_sem_only
MONASH,charm,dplus,dminus,os_minus_ss,integrated_0_100,55,1.8221238999999998,1.88495575,0.0017094402621107563,1.3964002355079721e-05,available_central_sem_only
MONASH,charm,dplus,dminus,os_minus_ss,integrated_0_100,56,1.88495575,1.9477875999999994,0.0019329233068724624,1.0076975229510975e-05,available_central_sem_only
MONASH,charm,dplus,dminus,os_minus_ss,integrated_0_100,57,1.9477875999999994,2.0106194499999996,0.0022207712259282508,1.0805410367057351e-05,available_central_sem_only
MONASH,charm,dplus,dminus,os_minus_ss,integrated_0_100,58,2.0106194499999996,2.0734512999999994,0.0024520893577769497,1.4623965548530676e-05,available_central_sem_only
MONASH,charm,dplus,dminus,os_minus_ss,integrated_0_100,59,2.0734512999999994,2.1362831499999997,0.0027228026003995017,1.2462126166906731e-05,available_central_sem_only
MONASH,charm,dplus,dminus,os_minus_ss,integrated_0_100,60,2.1362831499999997,2.1991149999999995,0.0030219271868515227,1.6858158074930116e-05,available_central_sem_only
MONASH,charm,dplus,dminus,os_minus_ss,integrated_0_100,61,2.1991149999999995,2.2619468499999997,0.0033195872710442931,1.8749146686411789e-05,available_central_sem_only
MONASH,charm,dplus,dminus,os_minus_ss,integrated_0_100,62,2.2619468499999997,2.3247786999999995,0.0035767538677687729,1.6275224290557883e-05,available_central_sem_only
MONASH,charm,dplus,dminus,os_minus_ss,integrated_0_100,63,2.3247786999999995,2.3876105499999998,0.0038476867857302113,2.3584501124790088e-05,available_central_sem_only
MONASH,charm,dplus,dminus,os_minus_ss,integrated_0_100,64,2.3876105499999998,2.4504423999999996,0.0041384637093045025,1.3789038665221483e-05,available_central_sem_only
MONASH,charm,dplus,dminus,os_minus_ss,integrated_0_100,65,2.4504423999999996,2.51327425,0.0043825962359216484,1.5614726297381026e-05,available_central_sem_only
MONASH,charm,dplus,dminus,os_minus_ss,integrated_0_100,66,2.51327425,2.5761061,0.0046525040023016112,1.8706119442908624e-05,available_central_sem_only
MONASH,charm,dplus,dminus,os_minus_ss,integrated_0_100,67,2.5761061,2.6389379499999994,0.0048562162665634285,1.8813263778549622e-05,available_central_sem_only
MONASH,charm,dplus,dminus,os_minus_ss,integrated_0_100,68,2.6389379499999994,2.7017697999999997,0.0050802118871158724,2.2174742003004095e-05,available_central_sem_only
MONASH,charm,dplus,dminus,os_minus_ss,integrated_0_100,69,2.7017697999999997,2.76460165,0.005311603244077534,1.524826715741875e-05,available_central_sem_only
MONASH,charm,dplus,dminus,os_minus_ss,integrated_0_100,70,2.76460165,2.8274335,0.0054778974756154878,1.4630711378342344e-05,available_central_sem_only
MONASH,charm,dplus,dminus,os_minus_ss,integrated_0_100,71,2.8274335,2.8902653499999995,0.0056140229606128703,1.5712612879308249e-05,available_central_sem_only
MONASH,charm,dplus,dminus,os_minus_ss,integrated_0_100,72,2.8902653499999995,2.9530971999999998,0.0057817084692971124,3.0487433187498423e-05,available_central_sem_only
MONASH,charm,dplus,dminus,os_minus_ss,integrated_0_100,73,2.9530971999999998,3.015929049999999,0.0059042873083964232,2.6082894218575786e-05,available_central_sem_only
MONASH,charm,dplus,dminus,os_minus_ss,integrated_0_100,74,3.015929049999999,3.0787608999999994,0.005947783025496178,1.4787373018183652e-05,available_central_sem_only
MONASH,charm,dplus,dminus,os_minus_ss,integrated_0_100,75,3.0787608999999994,3.1415927499999996,0.0060226190909439059,1.8952555300056189e-05,available_central_sem_only
MONASH,charm,dplus,dminus,os_minus_ss,integrated_0_100,76,3.1415927499999996,3.2044246,0.0059925967946292602,2.2981621029015281e-05,available_central_sem_only
MONASH,charm,dplus,dminus,os_minus_ss,integrated_0_100,77,3.2044246,3.267256449999999,0.005927865794770365,2.6414354397056686e-05,available_central_sem_only
MONASH,charm,dplus,dminus,os_minus_ss,integrated_0_100,78,3.267256449999999,3.3300882999999994,0.0058906674373853888,2.3808118212460264e-05,available_central_sem_only
MONASH,charm,dplus,dminus,os_minus_ss,integrated_0_100,79,3.3300882999999994,3.3929201499999997,0.0057782668889878727,1.8378261657603088e-05,available_central_sem_only
MONASH,charm,dplus,dminus,os_minus_ss,integrated_0_100,80,3.3929201499999997,3.455752,0.005643752356475666,2.2884395800877102e-05,available_central_sem_only
MONASH,charm,dplus,dminus,os_minus_ss,integrated_0_100,81,3.455752,3.5185838499999993,0.0054786297267451134,2.8178935702593085e-05,available_central_sem_only
MONASH,charm,dplus,dminus,os_minus_ss,integrated_0_100,82,3.5185838499999993,3.5814156999999986,0.0053255160155404185,1.9194503370579593e-05,available_central_sem_only
MONASH,charm,dplus,dminus,os_minus_ss,integrated_0_100,83,3.5814156999999986,3.644247549999999,0.0050832873418602993,1.9823990989538974e-05,available_central_sem_only
MONASH,charm,dplus,dminus,os_minus_ss,integrated_0_100,84,3.644247549999999,3.707079399999999,0.0049317845831407811,1.4959654289366285e-05,available_central_sem_only
MONASH,charm,dplus,dminus,os_minus_ss,integrated_0_100,85,3.707079399999999,3.7699112499999994,0.0046700048042996618,8.7712714307936073e-06,available_central_sem_only
MONASH,charm,dplus,dminus,os_minus_ss,integrated_0_100,86,3.7699112499999994,3.8327430999999996,0.0044102021035085301,2.7592833488071346e-05,available_central_sem_only
MONASH,charm,dplus,dminus,os_minus_ss,integrated_0_100,87,3.8327430999999996,3.895574949999999,0.0041279925181508578,2.447024298158823e-05,available_central_sem_only
MONASH,charm,dplus,dminus,os_minus_ss,integrated_0_100,88,3.895574949999999,3.9584067999999992,0.0038791735843041087,1.7237184094869602e-05,available_central_sem_only
MONASH,charm,dplus,dminus,os_minus_ss,integrated_0_100,89,3.9584067999999992,4.021238649999999,0.0036059706878408303,1.7611613537011084e-05,available_central_sem_only
MONASH,charm,dplus,dminus,os_minus_ss,integrated_0_100,90,4.021238649999999,4.084070499999999,0.0033400170775608447,1.2264265405526767e-05,available_central_sem_only
MONASH,charm,dplus,dminus,os_minus_ss,integrated_0_100,91,4.084070499999999,4.1469023499999995,0.0030323983780051675,1.7540729834924586e-05,available_central_sem_only
MONASH,charm,dplus,dminus,os_minus_ss,integrated_0_100,92,4.1469023499999995,4.2097342,0.0027477723639197315,1.2763253812824131e-05,available_central_sem_only
MONASH,charm,dplus,dminus,os_minus_ss,integrated_0_100,93,4.2097342,4.27256605,0.002461022821558381,1.4944036936673302e-05,available_central_sem_only
MONASH,charm,dplus,dminus,os_minus_ss,integrated_0_100,94,4.27256605,4.3353979,0.0022100803594357183,1.6581171490388163e-05,available_central_sem_only
MONASH,charm,dplus,dminus,os_minus_ss,integrated_0_100,95,4.3353979,4.398229749999999,0.0019448590002853581,1.1091426651305934e-05,available_central_sem_only
MONASH,charm,dplus,dminus,os_minus_ss,integrated_0_100,96,4.398229749999999,4.461061599999999,0.0017047538548811529,1.2836787595217065e-05,available_central_sem_only
MONASH,charm,dplus,dminus,os_minus_ss,integrated_0_100,97,4.461061599999999,4.523893449999999,0.0014627448565399214,9.9913042949237463e-06,available_central_sem_only
MONASH,charm,dplus,dminus,os_minus_ss,integrated_0_100,98,4.523893449999999,4.5867252999999995,0.0012397011624559907,7.9017949239771116e-06,available_central_sem_only
MONASH,charm,dplus,dminus,os_minus_ss,integrated_0_100,99,4.5867252999999995,4.64955715,0.0010400895045200762,1.1435417687154859e-05,available_central_sem_only
MONASH,charm,dplus,dminus,os_minus_ss,integrated_0_100,100,4.64955715,4.712389,0.00086808371417104377,9.287872993453976e-06,available_central_sem_only
MONASH,charm,dplus,dminus,ss,integrated_0_100,1,-1.570796,-1.50796415,0.00016915001094349312,2.659373878878359e-06,available_central_sem_only
MONASH,charm,dplus,dminus,ss,integrated_0_100,2,-1.50796415,-1.4451323,0.00017017516252496883,4.9315926384760309e-06,available_central_sem_only
MONASH,charm,dplus,dminus,ss,integrated_0_100,3,-1.4451323,-1.38230045,0.00016175427453427545,2.9149253564599761e-06,available_central_sem_only
MONASH,charm,dplus,dminus,ss,integrated_0_100,4,-1.38230045,-1.3194686,0.00016080234806576228,2.6313524027586085e-06,available_central_sem_only
MONASH,charm,dplus,dminus,ss,integrated_0_100,5,-1.3194686,-1.2566367500000002,0.00016050944761391209,3.4922051415302508e-06,available_central_sem_only
MONASH,charm,dplus,dminus,ss,integrated_0_100,6,-1.2566367500000002,-1.1938049000000002,0.00016497617950462772,3.5284093436012317e-06,available_central_sem_only
MONASH,charm,dplus,dminus,ss,integrated_0_100,7,-1.1938049000000002,-1.1309730500000001,0.00016673358221572893,3.552899380399452e-06,available_central_sem_only
MONASH,charm,dplus,dminus,ss,integrated_0_100,8,-1.1309730500000001,-1.0681412000000001,0.00016424392837500221,2.719604611941312e-06,available_central_sem_only
MONASH,charm,dplus,dminus,ss,integrated_0_100,9,-1.0681412000000001,-1.00530935,0.00015611594083615903,4.7170114687267445e-06,available_central_sem_only
MONASH,charm,dplus,dminus,ss,integrated_0_100,10,-1.00530935,-0.9424775000000001,0.00016314555168056393,3.7861547893861175e-06,available_central_sem_only
MONASH,charm,dplus,dminus,ss,integrated_0_100,11,-0.9424775000000001,-0.8796456500000002,0.00015948429603243638,3.5833026134227322e-06,available_central_sem_only
MONASH,charm,dplus,dminus,ss,integrated_0_100,12,-0.8796456500000002,-0.8168138000000001,0.00015882527001577341,4.8282161243947371e-06,available_central_sem_only
MONASH,charm,dplus,dminus,ss,integrated_0_100,13,-0.8168138000000001,-0.7539819500000001,0.00015706786730467219,3.7468875490511575e-06,available_central_sem_only
MONASH,charm,dplus,dminus,ss,integrated_0_100,14,-0.7539819500000001,-0.6911501000000002,0.00015919139558058615,4.0361248791703378e-06,available_central_sem_only
MONASH,charm,dplus,dminus,ss,integrated_0_100,15,-0.6911501000000002,-0.6283182500000002,0.00015545691481949606,4.8322352611615876e-06,available_central_sem_only
MONASH,charm,dplus,dminus,ss,integrated_0_100,16,-0.6283182500000002,-0.5654864000000002,0.00015882527001577341,3.5081533034531193e-06,available_central_sem_only
MONASH,charm,dplus,dminus,ss,integrated_0_100,17,-0.5654864000000002,-0.5026545500000001,0.00015889849512873595,3.3966785716448999e-06,available_central_sem_only
MONASH,charm,dplus,dminus,ss,integrated_0_100,18,-0.5026545500000001,-0.4398227000000001,0.00015853236956392321,3.3379318805706616e-06,available_central_sem_only
MONASH,charm,dplus,dminus,ss,integrated_0_100,19,-0.4398227000000001,-0.3769908500000001,0.0001555301399324586,2.4596880737346005e-06,available_central_sem_only
MONASH,charm,dplus,dminus,ss,integrated_0_100,20,-0.3769908500000001,-0.3141590000000001,0.00014688957660287757,2.8619941605677927e-06,available_central_sem_only
MONASH,charm,dplus,dminus,ss,integrated_0_100,21,-0.3141590000000001,-0.2513271500000003,0.00015618916594912157,4.1446675375740687e-06,available_central_sem_only
MONASH,charm,dplus,dminus,ss,integrated_0_100,22,-0.2513271500000003,-0.18849530000000025,0.00014842730397509116,3.6115681270870144e-06,available_central_sem_only
MONASH,charm,dplus,dminus,ss,integrated_0_100,23,-0.18849530000000025,-0.12566345000000023,0.00015047760713804258,3.2991048672667712e-06,available_central_sem_only
MONASH,charm,dplus,dminus,ss,integrated_0_100,24,-0.12566345000000023,-0.06283160000000021,0.00014710925194176522,2.4344784561380976e-06,available_central_sem_only
MONASH,charm,dplus,dminus,ss,integrated_0_100,25,-0.06283160000000021,2.499999998128999e-07,0.00014703602682880268,3.9182451214535062e-06,available_central_sem_only
MONASH,charm,dplus,dminus,ss,integrated_0_100,26,2.499999998128999e-07,0.06283209999999984,0.00015033115691211749,2.7921983869644631e-06,available_central_sem_only
MONASH,charm,dplus,dminus,ss,integrated_0_100,27,0.06283209999999984,0.12566394999999986,0.00015816624399911044,3.0206521719797329e-06,available_central_sem_only
MONASH,charm,dplus,dminus,ss,integrated_0_100,28,0.12566394999999986,0.18849579999999966,0.00015611594083615903,2.8177778485632215e-06,available_central_sem_only
MONASH,charm,dplus,dminus,ss,integrated_0_100,29,0.18849579999999966,0.2513276499999997,0.00015457821346394544,2.6851134025791546e-06,available_central_sem_only
MONASH,charm,dplus,dminus,ss,integrated_0_100,30,0.2513276499999997,0.3141594999999997,0.00015574981527134626,3.6096223772682908e-06,available_central_sem_only
MONASH,charm,dplus,dminus,ss,integrated_0_100,31,0.3141594999999997,0.3769913499999997,0.00015333338654358207,4.0982491567014695e-06,available_central_sem_only
MONASH,charm,dplus,dminus,ss,integrated_0_100,32,0.3769913499999997,0.43982319999999975,0.00015479788880283309,2.2791501583917192e-06,available_central_sem_only
MONASH,charm,dplus,dminus,ss,integrated_0_100,33,0.43982319999999975,0.50265505,0.00014886665465286644,1.742884007552026e-06,available_central_sem_only
MONASH,charm,dplus,dminus,ss,integrated_0_100,34,0.50265505,0.5654868999999998,0.00015003825646026726,3.4437750800518971e-06,available_central_sem_only
MONASH,charm,dplus,dminus,ss,integrated_0_100,35,0.5654868999999998,0.62831875,0.00015428531301209524,2.6530635286205184e-06,available_central_sem_only
MONASH,charm,dplus,dminus,ss,integrated_0_100,36,0.62831875,0.6911505999999998,0.00015509078925468329,3.4196598371288633e-06,available_central_sem_only
MONASH,charm,dplus,dminus,ss,integrated_0_100,37,0.6911505999999998,0.7539824499999996,0.00015816624399911044,2.2899154337963938e-06,available_central_sem_only
MONASH,charm,dplus,dminus,ss,integrated_0_100,38,0.7539824499999996,0.8168142999999999,0.0001580930188861479,3.3193141178719222e-06,available_central_sem_only
MONASH,charm,dplus,dminus,ss,integrated_0_100,39,0.8168142999999999,0.8796461499999997,0.00015882527001577341,3.221045675729679e-06,available_central_sem_only
MONASH,charm,dplus,dminus,ss,integrated_0_100,40,0.8796461499999997,0.9424779999999999,0.00015933784580651126,4.4646566698593658e-06,available_central_sem_only
MONASH,charm,dplus,dminus,ss,integrated_0_100,41,0.9424779999999999,1.0053098499999993,0.00015501756414172075,4.1724031277610914e-06,available_central_sem_only
MONASH,charm,dplus,dminus,ss,integrated_0_100,42,1.0053098499999993,1.0681416999999995,0.00015450498835098289,4.1068930814176959e-06,available_central_sem_only
MONASH,charm,dplus,dminus,ss,integrated_0_100,43,1.0681416999999995,1.1309735499999998,0.00016380457769722689,2.4148128331658999e-06,available_central_sem_only
MONASH,charm,dplus,dminus,ss,integrated_0_100,44,1.1309735499999998,1.1938053999999996,0.00016043622250094954,3.391637882596256e-06,available_central_sem_only
MONASH,charm,dplus,dminus,ss,integrated_0_100,45,1.1938053999999996,1.2566372499999998,0.00016336522701945158,3.0582017426122129e-06,available_central_sem_only
MONASH,charm,dplus,dminus,ss,integrated_0_100,46,1.2566372499999998,1.3194690999999996,0.0001651226297305528,3.2855450340694895e-06,available_central_sem_only
MONASH,charm,dplus,dminus,ss,integrated_0_100,47,1.3194690999999996,1.3823009499999999,0.00015677496685282197,3.8434881475890784e-06,available_central_sem_only
MONASH,charm,dplus,dminus,ss,integrated_0_100,48,1.3823009499999999,1.4451327999999997,0.00016614778131202851,2.0150260566443429e-06,available_central_sem_only
MONASH,charm,dplus,dminus,ss,integrated_0_100,49,1.4451327999999997,1.50796465,0.00017090741365459434,3.7224608944460926e-06,available_central_sem_only
MONASH,charm,dplus,dminus,ss,integrated_0_100,50,1.50796465,1.5707964999999997,0.00016629423153795362,4.3436808288474352e-06,available_central_sem_only
MONASH,charm,dplus,dminus,ss,integrated_0_100,51,1.5707964999999997,1.63362835,0.00017068773831570668,4.6570654367096614e-06,available_central_sem_only
MONASH,charm,dplus,dminus,ss,integrated_0_100,52,1.63362835,1.6964601999999998,0.00016629423153795362,5.2000874580963216e-06,available_central_sem_only
MONASH,charm,dplus,dminus,ss,integrated_0_100,53,1.6964601999999998,1.75929205,0.0001682713095879425,3.6261668479597944e-06,available_central_sem_only
MONASH,charm,dplus,dminus,ss,integrated_0_100,54,1.75929205,1.8221238999999998,0.00016387780281018944,2.0029245230864681e-06,available_central_sem_only
MONASH,charm,dplus,dminus,ss,integrated_0_100,55,1.8221238999999998,1.88495575,0.00016834453470090507,4.2759169789877374e-06,available_central_sem_only
MONASH,charm,dplus,dminus,ss,integrated_0_100,56,1.88495575,1.9477875999999994,0.00017134676433236965,3.3197156964558426e-06,available_central_sem_only
MONASH,charm,dplus,dminus,ss,integrated_0_100,57,1.9477875999999994,2.0106194499999996,0.00016805163424905484,2.3377284525398356e-06,available_central_sem_only
MONASH,charm,dplus,dminus,ss,integrated_0_100,58,2.0106194499999996,2.0734512999999994,0.00017844960028973712,3.5870828286581076e-06,available_central_sem_only
MONASH,charm,dplus,dminus,ss,integrated_0_100,59,2.0734512999999994,2.1362831499999997,0.00017947475187121283,3.9958228597351754e-06,available_central_sem_only
MONASH,charm,dplus,dminus,ss,integrated_0_100,60,2.1362831499999997,2.1991149999999995,0.00017076096342866925,4.6968894273517336e-06,available_central_sem_only
MONASH,charm,dplus,dminus,ss,integrated_0_100,61,2.1991149999999995,2.2619468499999997,0.00017273804147865813,3.471159132983799e-06,available_central_sem_only
MONASH,charm,dplus,dminus,ss,integrated_0_100,62,2.2619468499999997,2.3247786999999995,0.00017493479486753466,3.3276299657965285e-06,available_central_sem_only
MONASH,charm,dplus,dminus,ss,integrated_0_100,63,2.3247786999999995,2.3876105499999998,0.00017332384238235852,3.7308395891451207e-06,available_central_sem_only
MONASH,charm,dplus,dminus,ss,integrated_0_100,64,2.3876105499999998,2.4504423999999996,0.00017434899396383426,3.8415347384055272e-06,available_central_sem_only
MONASH,charm,dplus,dminus,ss,integrated_0_100,65,2.4504423999999996,2.51327425,0.00017317739215643344,3.8286801222551263e-06,available_central_sem_only
MONASH,charm,dplus,dminus,ss,integrated_0_100,66,2.51327425,2.5761061,0.00016834453470090507,3.2427839675779366e-06,available_central_sem_only
MONASH,charm,dplus,dminus,ss,integrated_0_100,67,2.5761061,2.6389379499999994,0.00017581349622308528,3.8471278079434428e-06,available_central_sem_only
MONASH,charm,dplus,dminus,ss,integrated_0_100,68,2.6389379499999994,2.7017697999999997,0.0001705412880897816,5.6808469144908933e-06,available_central_sem_only
MONASH,charm,dplus,dminus,ss,integrated_0_100,69,2.7017697999999997,2.76460165,0.00016724615800646679,2.9828377629202412e-06,available_central_sem_only
MONASH,charm,dplus,dminus,ss,integrated_0_100,70,2.76460165,2.8274335,0.00017193256523607007,3.147919912488983e-06,available_central_sem_only
MONASH,charm,dplus,dminus,ss,integrated_0_100,71,2.8274335,2.8902653499999995,0.00016973581184719352,3.8405557785934876e-06,available_central_sem_only
MONASH,charm,dplus,dminus,ss,integrated_0_100,72,2.8902653499999995,2.9530971999999998,0.00017090741365459434,3.8189651230306168e-06,available_central_sem_only
MONASH,charm,dplus,dminus,ss,integrated_0_100,73,2.9530971999999998,3.015929049999999,0.00017325061726939598,2.7580056062890164e-06,available_central_sem_only
MONASH,charm,dplus,dminus,ss,integrated_0_100,74,3.015929049999999,3.0787608999999994,0.00016629423153795362,3.6144031460725965e-06,available_central_sem_only
MONASH,charm,dplus,dminus,ss,integrated_0_100,75,3.0787608999999994,3.1415927499999996,0.00016688003244165402,4.3808335622318457e-06,available_central_sem_only
MONASH,charm,dplus,dminus,ss,integrated_0_100,76,3.1415927499999996,3.2044246,0.00017354351772124618,3.2834333309879951e-06,available_central_sem_only
MONASH,charm,dplus,dminus,ss,integrated_0_100,77,3.2044246,3.267256449999999,0.00017354351772124618,3.3309022587874748e-06,available_central_sem_only
MONASH,charm,dplus,dminus,ss,integrated_0_100,78,3.267256449999999,3.3300882999999994,0.00017259159125273301,5.143268089290175e-06,available_central_sem_only
MONASH,charm,dplus,dminus,ss,integrated_0_100,79,3.3300882999999994,3.3929201499999997,0.00017244514102680793,1.68730233812366e-06,available_central_sem_only
MONASH,charm,dplus,dminus,ss,integrated_0_100,80,3.3929201499999997,3.455752,0.00016871066026571781,3.6054807015187588e-06,available_central_sem_only
MONASH,charm,dplus,dminus,ss,integrated_0_100,81,3.455752,3.5185838499999993,0.00016819808447497995,4.6046680213799528e-06,available_central_sem_only
MONASH,charm,dplus,dminus,ss,integrated_0_100,82,3.5185838499999993,3.5814156999999986,0.00017288449170458324,4.5034500224022377e-06,available_central_sem_only
MONASH,charm,dplus,dminus,ss,integrated_0_100,83,3.5814156999999986,3.644247549999999,0.0001772779984823363,3.7485011164299531e-06,available_central_sem_only
MONASH,charm,dplus,dminus,ss,integrated_0_100,84,3.644247549999999,3.707079399999999,0.00017683864780456099,4.3611680194683796e-06,available_central_sem_only
MONASH,charm,dplus,dminus,ss,integrated_0_100,85,3.707079399999999,3.7699112499999994,0.0001612416987435376,2.428554758831951e-06,available_central_sem_only
MONASH,charm,dplus,dminus,ss,integrated_0_100,86,3.7699112499999994,3.8327430999999996,0.00016922323605645566,2.3256821297477059e-06,available_central_sem_only
MONASH,charm,dplus,dminus,ss,integrated_0_100,87,3.8327430999999996,3.895574949999999,0.00017251836613977047,3.7405791243564017e-06,available_central_sem_only
MONASH,charm,dplus,dminus,ss,integrated_0_100,88,3.895574949999999,3.9584067999999992,0.00017625284690086059,3.4198399806195428e-06,available_central_sem_only
MONASH,charm,dplus,dminus,ss,integrated_0_100,89,3.9584067999999992,4.021238649999999,0.00016980903696015609,3.0514857769173816e-06,available_central_sem_only
MONASH,charm,dplus,dminus,ss,integrated_0_100,90,4.021238649999999,4.084070499999999,0.00017464189441568446,2.9832970037049399e-06,available_central_sem_only
MONASH,charm,dplus,dminus,ss,integrated_0_100,91,4.084070499999999,4.1469023499999995,0.000174715119528647,3.3387227965273398e-06,available_central_sem_only
MONASH,charm,dplus,dminus,ss,integrated_0_100,92,4.1469023499999995,4.2097342,0.0001702483876379314,1.6184317426025038e-06,available_central_sem_only
MONASH,charm,dplus,dminus,ss,integrated_0_100,93,4.2097342,4.27256605,0.00017522769531938485,2.4658242607398385e-06,available_central_sem_only
MONASH,charm,dplus,dminus,ss,integrated_0_100,94,4.27256605,4.3353979,0.00016922323605645566,3.3471442096330481e-06,available_central_sem_only
MONASH,charm,dplus,dminus,ss,integrated_0_100,95,4.3353979,4.398229749999999,0.0001744222190767968,4.2913127393187263e-06,available_central_sem_only
MONASH,charm,dplus,dminus,ss,integrated_0_100,96,4.398229749999999,4.461061599999999,0.00016417070326203964,4.1754403900295674e-06,available_central_sem_only
MONASH,charm,dplus,dminus,ss,integrated_0_100,97,4.461061599999999,4.523893449999999,0.00016563520552129066,3.2738046679521379e-06,available_central_sem_only
MONASH,charm,dplus,dminus,ss,integrated_0_100,98,4.523893449999999,4.5867252999999995,0.00016343845213241413,2.7788422774936071e-06,available_central_sem_only
MONASH,charm,dplus,dminus,ss,integrated_0_100,99,4.5867252999999995,4.64955715,0.00016915001094349312,3.2849145259648821e-06,available_central_sem_only
MONASH,charm,dplus,dminus,ss,integrated_0_100,100,4.64955715,4.712389,0.00017347029260828364,3.6864084709633877e-06,available_central_sem_only
MONASH,charm,lambdacplus,dminus,os,integrated_0_100,1,-1.570796,-1.50796415,0.00086480316948166691,2.8040642819546032e-05,available_central_sem_only
MONASH,charm,lambdacplus,dminus,os,integrated_0_100,2,-1.50796415,-1.4451323,0.00071847437599915128,2.801759322773575e-05,available_central_sem_only
MONASH,charm,lambdacplus,dminus,os,integrated_0_100,3,-1.4451323,-1.38230045,0.0006467732671927187,3.0703891837953294e-05,available_central_sem_only
MONASH,charm,lambdacplus,dminus,os,integrated_0_100,4,-1.38230045,-1.3194686,0.00054507475572237042,1.8329380082920639e-05,available_central_sem_only
MONASH,charm,lambdacplus,dminus,os,integrated_0_100,5,-1.3194686,-1.2566367500000002,0.00044483953218684726,1.7213422528807772e-05,available_central_sem_only
MONASH,charm,lambdacplus,dminus,os,integrated_0_100,6,-1.2566367500000002,-1.1938049000000002,0.00039655103033761711,1.473166017954654e-05,available_central_sem_only
MONASH,charm,lambdacplus,dminus,os,integrated_0_100,7,-1.1938049000000002,-1.1309730500000001,0.00034021444484684863,1.6480224757857404e-05,available_central_sem_only
MONASH,charm,lambdacplus,dminus,os,integrated_0_100,8,-1.1309730500000001,-1.0681412000000001,0.00029851073870433174,1.4682496732347623e-05,available_central_sem_only
MONASH,charm,lambdacplus,dminus,os,integrated_0_100,9,-1.0681412000000001,-1.00530935,0.00027802470761677955,1.0550985158243481e-05,available_central_sem_only
MONASH,charm,lambdacplus,dminus,os,integrated_0_100,10,-1.00530935,-0.9424775000000001,0.00023924757734391291,1.386156046925806e-05,available_central_sem_only
MONASH,charm,lambdacplus,dminus,os,integrated_0_100,11,-0.9424775000000001,-0.8796456500000002,0.00023119949370237458,8.9099367929973894e-06,available_central_sem_only
MONASH,charm,lambdacplus,dminus,os,integrated_0_100,12,-0.8796456500000002,-0.8168138000000001,0.00022534634196307393,9.3795871510367778e-06,available_central_sem_only
MONASH,charm,lambdacplus,dminus,os,integrated_0_100,13,-0.8168138000000001,-0.7539819500000001,0.00022095647815859848,1.481070403378071e-05,available_central_sem_only
MONASH,charm,lambdacplus,dminus,os,integrated_0_100,14,-0.7539819500000001,-0.6911501000000002,0.00020266537897328403,8.7966390629405702e-06,available_central_sem_only
MONASH,charm,lambdacplus,dminus,os,integrated_0_100,15,-0.6911501000000002,-0.6283182500000002,0.0002070552427777595,1.1320736479711157e-05,available_central_sem_only
MONASH,charm,lambdacplus,dminus,os,integrated_0_100,16,-0.6283182500000002,-0.5654864000000002,0.00021071346261482239,1.3600136489520377e-05,available_central_sem_only
MONASH,charm,lambdacplus,dminus,os,integrated_0_100,17,-0.5654864000000002,-0.5026545500000001,0.00019242236342950793,1.2965089805321623e-05,available_central_sem_only
MONASH,charm,lambdacplus,dminus,os,integrated_0_100,18,-0.5026545500000001,-0.4398227000000001,0.00019754387120139599,1.3035293158366116e-05,available_central_sem_only
MONASH,charm,lambdacplus,dminus,os,integrated_0_100,19,-0.4398227000000001,-0.3769908500000001,0.0001843742797879696,6.3786360850027712e-06,available_central_sem_only
MONASH,charm,lambdacplus,dminus,os,integrated_0_100,20,-0.3769908500000001,-0.3141590000000001,0.00017486290821160607,1.0685473579846983e-05,available_central_sem_only
MONASH,charm,lambdacplus,dminus,os,integrated_0_100,21,-0.3141590000000001,-0.2513271500000003,0.0001675464685374803,8.9488027800880102e-06,available_central_sem_only
MONASH,charm,lambdacplus,dminus,os,integrated_0_100,22,-0.2513271500000003,-0.18849530000000025,0.00017852112804866895,1.6783522065303895e-05,available_central_sem_only
MONASH,charm,lambdacplus,dminus,os,integrated_0_100,23,-0.18849530000000025,-0.12566345000000023,0.00017339962027678092,1.0117052879503546e-05,available_central_sem_only
MONASH,charm,lambdacplus,dminus,os,integrated_0_100,24,-0.12566345000000023,-0.06283160000000021,0.00016242496076559226,8.2710102503599473e-06,available_central_sem_only
MONASH,charm,lambdacplus,dminus,os,integrated_0_100,25,-0.06283160000000021,2.499999998128999e-07,0.00017486290821160607,1.3299460249832231e-05,available_central_sem_only
MONASH,charm,lambdacplus,dminus,os,integrated_0_100,26,2.499999998128999e-07,0.06283209999999984,0.00017852112804866895,9.6337656384723192e-06,available_central_sem_only
MONASH,charm,lambdacplus,dminus,os,integrated_0_100,27,0.06283209999999984,0.12566394999999986,0.00016096167283076711,1.2924657202562596e-05,available_central_sem_only
MONASH,charm,lambdacplus,dminus,os,integrated_0_100,28,0.12566394999999986,0.18849579999999966,0.00017339962027678092,1.1625301463750328e-05,available_central_sem_only
MONASH,charm,lambdacplus,dminus,os,integrated_0_100,29,0.18849579999999966,0.2513276499999997,0.00017486290821160607,1.1454839184973794e-05,available_central_sem_only
MONASH,charm,lambdacplus,dminus,os,integrated_0_100,30,0.2513276499999997,0.3141594999999997,0.00016974140043971803,1.3034172919806381e-05,available_central_sem_only
MONASH,charm,lambdacplus,dminus,os,integrated_0_100,31,0.3141594999999997,0.3769913499999997,0.00016242496076559226,1.0842848698311135e-05,available_central_sem_only
MONASH,charm,lambdacplus,dminus,os,integrated_0_100,32,0.3769913499999997,0.43982319999999975,0.00017266797630936836,1.4869125859862047e-05,available_central_sem_only
MONASH,charm,lambdacplus,dminus,os,integrated_0_100,33,0.43982319999999975,0.50265505,0.00018583756772279475,1.1727639385402164e-05,available_central_sem_only
MONASH,charm,lambdacplus,dminus,os,integrated_0_100,34,0.50265505,0.5654868999999998,0.00017413126424419351,1.0087178740894968e-05,available_central_sem_only
MONASH,charm,lambdacplus,dminus,os,integrated_0_100,35,0.5654868999999998,0.62831875,0.00019973880310363373,1.0347711088542366e-05,available_central_sem_only
MONASH,charm,lambdacplus,dminus,os,integrated_0_100,36,0.62831875,0.6911505999999998,0.00017852112804866895,1.3260056280544641e-05,available_central_sem_only
MONASH,charm,lambdacplus,dminus,os,integrated_0_100,37,0.6911505999999998,0.7539824499999996,0.00019095907549468278,1.3712898043181199e-05,available_central_sem_only
MONASH,charm,lambdacplus,dminus,os,integrated_0_100,38,0.7539824499999996,0.8168142999999999,0.00019388565136433311,1.2671943640975939e-05,available_central_sem_only
MONASH,charm,lambdacplus,dminus,os,integrated_0_100,39,0.8168142999999999,0.8796461499999997,0.00021437168245188527,1.0906336456297112e-05,available_central_sem_only
MONASH,charm,lambdacplus,dminus,os,integrated_0_100,40,0.8796461499999997,0.9424779999999999,0.00023778428940908776,9.6692188632037055e-06,available_central_sem_only
MONASH,charm,lambdacplus,dminus,os,integrated_0_100,41,0.9424779999999999,1.0053098499999993,0.00027290319984489152,1.1000166412794736e-05,available_central_sem_only
MONASH,charm,lambdacplus,dminus,os,integrated_0_100,42,1.0053098499999993,1.0681416999999995,0.00026192854033370283,1.0961358830131435e-05,available_central_sem_only
MONASH,charm,lambdacplus,dminus,os,integrated_0_100,43,1.0681416999999995,1.1309735499999998,0.00029338923093244365,1.1043390443170593e-05,available_central_sem_only
MONASH,charm,lambdacplus,dminus,os,integrated_0_100,44,1.1309735499999998,1.1938053999999996,0.0003387511569120235,1.6068054666372838e-05,available_central_sem_only
MONASH,charm,lambdacplus,dminus,os,integrated_0_100,45,1.1938053999999996,1.2566372499999998,0.00039216116653314169,1.4414092826083698e-05,available_central_sem_only
MONASH,charm,lambdacplus,dminus,os,integrated_0_100,46,1.2566372499999998,1.3194690999999996,0.00045874076756768624,1.8978378451835039e-05,available_central_sem_only
MONASH,charm,lambdacplus,dminus,os,integrated_0_100,47,1.3194690999999996,1.3823009499999999,0.00055165955142908363,2.4537471531972033e-05,available_central_sem_only
MONASH,charm,lambdacplus,dminus,os,integrated_0_100,48,1.3823009499999999,1.4451327999999997,0.00063506696371411751,2.2243586134727749e-05,available_central_sem_only
MONASH,charm,lambdacplus,dminus,os,integrated_0_100,49,1.4451327999999997,1.50796465,0.00068262382159593499,1.889373941922833e-05,available_central_sem_only
MONASH,charm,lambdacplus,dminus,os,integrated_0_100,50,1.50796465,1.5707964999999997,0.00088309426866698131,1.3437751357677861e-05,available_central_sem_only
MONASH,charm,lambdacplus,dminus,os,integrated_0_100,51,1.5707964999999997,1.63362835,0.0010323496380191472,2.1217025112195811e-05,available_central_sem_only
MONASH,charm,lambdacplus,dminus,os,integrated_0_100,52,1.63362835,1.6964601999999998,0.0011391696572613835,2.9480695406980605e-05,available_central_sem_only
MONASH,charm,lambdacplus,dminus,os,integrated_0_100,53,1.6964601999999998,1.75929205,0.0014098779252040372,3.2773326304913143e-05,available_central_sem_only
MONASH,charm,lambdacplus,dminus,os,integrated_0_100,54,1.75929205,1.8221238999999998,0.0016410774189064118,2.4740538215710982e-05,available_central_sem_only
MONASH,charm,lambdacplus,dminus,os,integrated_0_100,55,1.8221238999999998,1.88495575,0.0018744718445110242,3.3549617845102499e-05,available_central_sem_only
MONASH,charm,lambdacplus,dminus,os,integrated_0_100,56,1.88495575,1.9477875999999994,0.0020573828363641684,3.1017658656649232e-05,available_central_sem_only
MONASH,charm,lambdacplus,dminus,os,integrated_0_100,57,1.9477875999999994,2.0106194499999996,0.0023610150828403884,4.3753341069421457e-05,available_central_sem_only
MONASH,charm,lambdacplus,dminus,os,integrated_0_100,58,2.0106194499999996,2.0734512999999994,0.0025856297808360498,4.2235907250742744e-05,available_central_sem_only
MONASH,charm,lambdacplus,dminus,os,integrated_0_100,59,2.0734512999999994,2.1362831499999997,0.0029938871146522679,3.921156783416739e-05,available_central_sem_only
MONASH,charm,lambdacplus,dminus,os,integrated_0_100,60,2.1362831499999997,2.1991149999999995,0.0031658234469942237,6.3712435610034469e-05,available_central_sem_only
MONASH,charm,lambdacplus,dminus,os,integrated_0_100,61,2.1991149999999995,2.2619468499999997,0.0034533595261873667,3.4974594894688646e-05,available_central_sem_only
MONASH,charm,lambdacplus,dminus,os,integrated_0_100,62,2.2619468499999997,2.3247786999999995,0.0037299209458693211,4.8974795880723809e-05,available_central_sem_only
MONASH,charm,lambdacplus,dminus,os,integrated_0_100,63,2.3247786999999995,2.3876105499999998,0.004105254301151974,5.5180142879014708e-05,available_central_sem_only
MONASH,charm,lambdacplus,dminus,os,integrated_0_100,64,2.3876105499999998,2.4504423999999996,0.0042962133766466567,6.00930065978862e-05,available_central_sem_only
MONASH,charm,lambdacplus,dminus,os,integrated_0_100,65,2.4504423999999996,2.51327425,0.004623258230080079,5.2923802261520516e-05,available_central_sem_only
MONASH,charm,lambdacplus,dminus,os,integrated_0_100,66,2.51327425,2.5761061,0.0048705538910655301,2.4737481994257841e-05,available_central_sem_only
MONASH,charm,lambdacplus,dminus,os,integrated_0_100,67,2.5761061,2.6389379499999994,0.0052063784721079033,8.0853776259543535e-05,available_central_sem_only
MONASH,charm,lambdacplus,dminus,os,integrated_0_100,68,2.6389379499999994,2.7017697999999997,0.00527076314124021,6.719953427815353e-05,available_central_sem_only
MONASH,charm,lambdacplus,dminus,os,integrated_0_100,69,2.7017697999999997,2.76460165,0.0054229450864620261,3.951869593845254e-05,available_central_sem_only
MONASH,charm,lambdacplus,dminus,os,integrated_0_100,70,2.76460165,2.8274335,0.0055831751153253804,8.3261604959422957e-05,available_central_sem_only
MONASH,charm,lambdacplus,dminus,os,integrated_0_100,71,2.8274335,2.8902653499999995,0.0058165695409299932,7.1681206454172897e-05,available_central_sem_only
MONASH,charm,lambdacplus,dminus,os,integrated_0_100,72,2.8902653499999995,2.9530971999999998,0.0059555818947383829,5.226372799105627e-05,available_central_sem_only
MONASH,charm,lambdacplus,dminus,os,integrated_0_100,73,2.9530971999999998,3.015929049999999,0.0060528905424042552,7.0277610850962184e-05,available_central_sem_only
MONASH,charm,lambdacplus,dminus,os,integrated_0_100,74,3.015929049999999,3.0787608999999994,0.0062072674195283095,7.5662723759305548e-05,available_central_sem_only
MONASH,charm,lambdacplus,dminus,os,integrated_0_100,75,3.0787608999999994,3.1415927499999996,0.0060960575364815972,6.6997890703241898e-05,available_central_sem_only
MONASH,charm,lambdacplus,dminus,os,integrated_0_100,76,3.1415927499999996,3.2044246,0.0062006826238215958,4.7980387428800045e-05,available_central_sem_only
MONASH,charm,lambdacplus,dminus,os,integrated_0_100,77,3.2044246,3.267256449999999,0.0061809282367014566,6.9349954887981352e-05,available_central_sem_only
MONASH,charm,lambdacplus,dminus,os,integrated_0_100,78,3.267256449999999,3.3300882999999994,0.0060916676726771217,6.1482639907125639e-05,available_central_sem_only
MONASH,charm,lambdacplus,dminus,os,integrated_0_100,79,3.3300882999999994,3.3929201499999997,0.005863394754844398,5.0524573456240135e-05,available_central_sem_only
MONASH,charm,lambdacplus,dminus,os,integrated_0_100,80,3.3929201499999997,3.455752,0.0059263161360418792,6.1825620232383368e-05,available_central_sem_only
MONASH,charm,lambdacplus,dminus,os,integrated_0_100,81,3.455752,3.5185838499999993,0.0056497547163599253,8.6133174864003021e-05,available_central_sem_only
MONASH,charm,lambdacplus,dminus,os,integrated_0_100,82,3.5185838499999993,3.5814156999999986,0.0054463576934192289,6.7914837974538514e-05,available_central_sem_only
MONASH,charm,lambdacplus,dminus,os,integrated_0_100,83,3.5814156999999986,3.644247549999999,0.0051661380539002114,5.8248715323376984e-05,available_central_sem_only
MONASH,charm,lambdacplus,dminus,os,integrated_0_100,84,3.644247549999999,3.707079399999999,0.0049781055542751787,5.8487069671112511e-05,available_central_sem_only
MONASH,charm,lambdacplus,dminus,os,integrated_0_100,85,3.707079399999999,3.7699112499999994,0.0049261588325888858,4.9911911192596856e-05,available_central_sem_only
MONASH,charm,lambdacplus,dminus,os,integrated_0_100,86,3.7699112499999994,3.8327430999999996,0.0045888709636116871,8.0614341324279615e-05,available_central_sem_only
MONASH,charm,lambdacplus,dminus,os,integrated_0_100,87,3.8327430999999996,3.895574949999999,0.0042874336490377057,3.8431906271507355e-05,available_central_sem_only
MONASH,charm,lambdacplus,dminus,os,integrated_0_100,88,3.895574949999999,3.9584067999999992,0.0039450242722886188,4.509772457105978e-05,available_central_sem_only
MONASH,charm,lambdacplus,dminus,os,integrated_0_100,89,3.9584067999999992,4.021238649999999,0.0037013868311402305,4.8396211373720334e-05,available_central_sem_only
MONASH,charm,lambdacplus,dminus,os,integrated_0_100,90,4.021238649999999,4.084070499999999,0.0034628708977637304,5.069228464838125e-05,available_central_sem_only
MONASH,charm,lambdacplus,dminus,os,integrated_0_100,91,4.084070499999999,4.1469023499999995,0.0031702133107986991,3.1732480310779851e-05,available_central_sem_only
MONASH,charm,lambdacplus,dminus,os,integrated_0_100,92,4.1469023499999995,4.2097342,0.0028599962686157664,5.9377991304470738e-05,available_central_sem_only
MONASH,charm,lambdacplus,dminus,os,integrated_0_100,93,4.2097342,4.27256605,0.0026097740317606649,1.8823192524817553e-05,available_central_sem_only
MONASH,charm,lambdacplus,dminus,os,integrated_0_100,94,4.27256605,4.3353979,0.0023756479621886398,4.4479210253095999e-05,available_central_sem_only
MONASH,charm,lambdacplus,dminus,os,integrated_0_100,95,4.3353979,4.398229749999999,0.0020961599666370354,2.6872635640749159e-05,available_central_sem_only
MONASH,charm,lambdacplus,dminus,os,integrated_0_100,96,4.398229749999999,4.461061599999999,0.001869350336739136,4.3273829469615854e-05,available_central_sem_only
MONASH,charm,lambdacplus,dminus,os,integrated_0_100,97,4.461061599999999,4.523893449999999,0.001656441942222076,4.1051871367227881e-05,available_central_sem_only
MONASH,charm,lambdacplus,dminus,os,integrated_0_100,98,4.523893449999999,4.5867252999999995,0.0013908551820513103,2.7185915935089826e-05,available_central_sem_only
MONASH,charm,lambdacplus,dminus,os,integrated_0_100,99,4.5867252999999995,4.64955715,0.0012306251531879558,4.2043618841347792e-05,available_central_sem_only
MONASH,charm,lambdacplus,dminus,os,integrated_0_100,100,4.64955715,4.712389,0.0010447875854651611,3.2504964858330296e-05,available_central_sem_only
MONASH,charm,lambdacplus,dminus,os_minus_ss,integrated_0_100,1,-1.570796,-1.50796415,0.00070676807252055009,2.4730178126059393e-05,available_central_sem_only
MONASH,charm,lambdacplus,dminus,os_minus_ss,integrated_0_100,2,-1.50796415,-1.4451323,0.00056775571871216029,2.4365838079914699e-05,available_central_sem_only
MONASH,charm,lambdacplus,dminus,os_minus_ss,integrated_0_100,3,-1.4451323,-1.38230045,0.0004894698141990145,3.0876309686950394e-05,available_central_sem_only
MONASH,charm,lambdacplus,dminus,os_minus_ss,integrated_0_100,4,-1.38230045,-1.3194686,0.00038777130272866622,2.268149145650624e-05,available_central_sem_only
MONASH,charm,lambdacplus,dminus,os_minus_ss,integrated_0_100,5,-1.3194686,-1.2566367500000002,0.00029777909473691912,2.2960800893565304e-05,available_central_sem_only
MONASH,charm,lambdacplus,dminus,os_minus_ss,integrated_0_100,6,-1.2566367500000002,-1.1938049000000002,0.00023046784973496196,2.4569312364304403e-05,available_central_sem_only
MONASH,charm,lambdacplus,dminus,os_minus_ss,integrated_0_100,7,-1.1938049000000002,-1.1309730500000001,0.00016461989266782997,2.5323114007914628e-05,available_central_sem_only
MONASH,charm,lambdacplus,dminus,os_minus_ss,integrated_0_100,8,-1.1309730500000001,-1.0681412000000001,0.00012876933826461371,1.6101779716032896e-05,available_central_sem_only
MONASH,charm,lambdacplus,dminus,os_minus_ss,integrated_0_100,9,-1.0681412000000001,-1.00530935,0.00010974659511188667,1.4626675603623901e-05,available_central_sem_only
MONASH,charm,lambdacplus,dminus,os_minus_ss,integrated_0_100,10,-1.00530935,-0.9424775000000001,0.00010316179940517346,1.170388229107762e-05,available_central_sem_only
MONASH,charm,lambdacplus,dminus,os_minus_ss,integrated_0_100,11,-0.9424775000000001,-0.8796456500000002,6.4384669132306867e-05,1.6230723976582394e-05,available_central_sem_only
MONASH,charm,lambdacplus,dminus,os_minus_ss,integrated_0_100,12,-0.8796456500000002,-0.8168138000000001,7.2432752773845171e-05,1.1276382549538706e-05,available_central_sem_only
MONASH,charm,lambdacplus,dminus,os_minus_ss,integrated_0_100,13,-0.8168138000000001,-0.7539819500000001,8.7065632122096767e-05,1.698465517134352e-05,available_central_sem_only
MONASH,charm,lambdacplus,dminus,os_minus_ss,integrated_0_100,14,-0.7539819500000001,-0.6911501000000002,5.4141653588530745e-05,1.4441739251524839e-05,available_central_sem_only
MONASH,charm,lambdacplus,dminus,os_minus_ss,integrated_0_100,15,-0.6911501000000002,-0.6283182500000002,4.7556857881817562e-05,8.8110895618706804e-06,available_central_sem_only
MONASH,charm,lambdacplus,dminus,os_minus_ss,integrated_0_100,16,-0.6283182500000002,-0.5654864000000002,6.5847957067131989e-05,1.2474300456081965e-05,available_central_sem_only
MONASH,charm,lambdacplus,dminus,os_minus_ss,integrated_0_100,17,-0.5654864000000002,-0.5026545500000001,2.7070826794265373e-05,2.0799520706044931e-05,available_central_sem_only
MONASH,charm,lambdacplus,dminus,os_minus_ss,integrated_0_100,18,-0.5026545500000001,-0.4398227000000001,3.5118910435803731e-05,1.804274278591287e-05,available_central_sem_only
MONASH,charm,lambdacplus,dminus,os_minus_ss,integrated_0_100,19,-0.4398227000000001,-0.3769908500000001,3.7313842338041467e-05,1.6620053151867551e-05,available_central_sem_only
MONASH,charm,lambdacplus,dminus,os_minus_ss,integrated_0_100,20,-0.3769908500000001,-0.3141590000000001,3.0729046631328258e-05,1.4990139938777514e-05,available_central_sem_only
MONASH,charm,lambdacplus,dminus,os_minus_ss,integrated_0_100,21,-0.3141590000000001,-0.2513271500000003,2.6339182826852785e-05,1.621373563398495e-05,available_central_sem_only
MONASH,charm,lambdacplus,dminus,os_minus_ss,integrated_0_100,22,-0.2513271500000003,-0.18849530000000025,3.4387266468391143e-05,2.6134770780758969e-05,available_central_sem_only
MONASH,charm,lambdacplus,dminus,os_minus_ss,integrated_0_100,23,-0.18849530000000025,-0.12566345000000023,1.5364523315664129e-05,1.9919132151088029e-05,available_central_sem_only
MONASH,charm,lambdacplus,dminus,os_minus_ss,integrated_0_100,24,-0.12566345000000023,-0.06283160000000021,2.9265758696503245e-06,1.2018955766283113e-05,available_central_sem_only
MONASH,charm,lambdacplus,dminus,os_minus_ss,integrated_0_100,25,-0.06283160000000021,2.499999998128999e-07,2.7802470761677933e-05,1.2184917772088235e-05,available_central_sem_only
MONASH,charm,lambdacplus,dminus,os_minus_ss,integrated_0_100,26,2.499999998128999e-07,0.06283209999999984,2.1217675054964751e-05,1.0257681441341243e-05,available_central_sem_only
MONASH,charm,lambdacplus,dminus,os_minus_ss,integrated_0_100,27,0.06283209999999984,0.12566394999999986,1.5364523315664156e-05,2.2218255277424274e-05,available_central_sem_only
MONASH,charm,lambdacplus,dminus,os_minus_ss,integrated_0_100,28,0.12566394999999986,0.18849579999999966,1.9754387120139602e-05,1.5553559156091459e-05,available_central_sem_only
MONASH,charm,lambdacplus,dminus,os_minus_ss,integrated_0_100,29,0.18849579999999966,0.2513276499999997,3.1460690598740846e-05,1.2305957105362789e-05,available_central_sem_only
MONASH,charm,lambdacplus,dminus,os_minus_ss,integrated_0_100,30,0.2513276499999997,0.3141594999999997,1.390123538083898e-05,2.2323366669999755e-05,available_central_sem_only
MONASH,charm,lambdacplus,dminus,os_minus_ss,integrated_0_100,31,0.3141594999999997,0.3769913499999997,5.8531517393006218e-06,1.578024385393056e-05,available_central_sem_only
MONASH,charm,lambdacplus,dminus,os_minus_ss,integrated_0_100,32,0.3769913499999997,0.43982319999999975,1.9022743152727041e-05,1.7253599507022861e-05,available_central_sem_only
MONASH,charm,lambdacplus,dminus,os_minus_ss,integrated_0_100,33,0.43982319999999975,0.50265505,4.0240418207691792e-05,1.0759056326022129e-05,available_central_sem_only
MONASH,charm,lambdacplus,dminus,os_minus_ss,integrated_0_100,34,0.50265505,0.5654868999999998,1.8291099185314453e-05,1.6534860589119574e-05,available_central_sem_only
MONASH,charm,lambdacplus,dminus,os_minus_ss,integrated_0_100,35,0.5654868999999998,0.62831875,5.048343375146786e-05,1.1858816468526361e-05,available_central_sem_only
MONASH,charm,lambdacplus,dminus,os_minus_ss,integrated_0_100,36,0.62831875,0.6911505999999998,1.4632879348251541e-05,1.6568707343154675e-05,available_central_sem_only
MONASH,charm,lambdacplus,dminus,os_minus_ss,integrated_0_100,37,0.6911505999999998,0.7539824499999996,3.2923978533565994e-05,1.804691121962357e-05,available_central_sem_only
MONASH,charm,lambdacplus,dminus,os_minus_ss,integrated_0_100,38,0.7539824499999996,0.8168142999999999,3.0729046631328285e-05,2.284020379129469e-05,available_central_sem_only
MONASH,charm,lambdacplus,dminus,os_minus_ss,integrated_0_100,39,0.8168142999999999,0.8796461499999997,5.4873297555943333e-05,1.3858056115509012e-05,available_central_sem_only
MONASH,charm,lambdacplus,dminus,os_minus_ss,integrated_0_100,40,0.8796461499999997,0.9424779999999999,7.6090972610908084e-05,1.355494658046277e-05,available_central_sem_only
MONASH,charm,lambdacplus,dminus,os_minus_ss,integrated_0_100,41,0.9424779999999999,1.0053098499999993,0.00013608577793873948,1.9271591452563689e-05,available_central_sem_only
MONASH,charm,lambdacplus,dminus,os_minus_ss,integrated_0_100,42,1.0053098499999993,1.0681416999999995,8.487070021985903e-05,1.7689001059341867e-05,available_central_sem_only
MONASH,charm,lambdacplus,dminus,os_minus_ss,integrated_0_100,43,1.0681416999999995,1.1309735499999998,0.00013681742190615201,1.4972352083065488e-05,available_central_sem_only
MONASH,charm,lambdacplus,dminus,os_minus_ss,integrated_0_100,44,1.1309735499999998,1.1938053999999996,0.00016535153663524259,2.2985304419297246e-05,available_central_sem_only
MONASH,charm,lambdacplus,dminus,os_minus_ss,integrated_0_100,45,1.1938053999999996,1.2566372499999998,0.00020778688674517209,1.8643663550779926e-05,available_central_sem_only
MONASH,charm,lambdacplus,dminus,os_minus_ss,integrated_0_100,46,1.2566372499999998,1.3194690999999996,0.00029558416283468139,1.6349047515162295e-05,available_central_sem_only
MONASH,charm,lambdacplus,dminus,os_minus_ss,integrated_0_100,47,1.3194690999999996,1.3823009499999999,0.00038338143892419074,2.5529435420781068e-05,available_central_sem_only
MONASH,charm,lambdacplus,dminus,os_minus_ss,integrated_0_100,48,1.3823009499999999,1.4451327999999997,0.00047630022278558813,2.1902941135343307e-05,available_central_sem_only
MONASH,charm,lambdacplus,dminus,os_minus_ss,integrated_0_100,49,1.4451327999999997,1.50796465,0.00053410009621118173,2.0644558258076547e-05,available_central_sem_only
MONASH,charm,lambdacplus,dminus,os_minus_ss,integrated_0_100,50,1.50796465,1.5707964999999997,0.0007192060199665639,2.0219025700596616e-05,available_central_sem_only
MONASH,charm,lambdacplus,dminus,os_minus_ss,integrated_0_100,51,1.5707964999999997,1.63362835,0.00087211960915579262,2.2925386747903527e-05,available_central_sem_only
MONASH,charm,lambdacplus,dminus,os_minus_ss,integrated_0_100,52,1.63362835,1.6964601999999998,0.00097820798443061649,3.0147054242791016e-05,available_central_sem_only
MONASH,charm,lambdacplus,dminus,os_minus_ss,integrated_0_100,53,1.6964601999999998,1.75929205,0.0012430631006339695,3.6496340847995394e-05,available_central_sem_only
MONASH,charm,lambdacplus,dminus,os_minus_ss,integrated_0_100,54,1.75929205,1.8221238999999998,0.001486700541782358,2.3017447813836336e-05,available_central_sem_only
MONASH,charm,lambdacplus,dminus,os_minus_ss,integrated_0_100,55,1.8221238999999998,1.88495575,0.00169448742852753,3.3261044213655061e-05,available_central_sem_only
MONASH,charm,lambdacplus,dminus,os_minus_ss,integrated_0_100,56,1.88495575,1.9477875999999994,0.0018898363678266882,3.5206959684246711e-05,available_central_sem_only
MONASH,charm,lambdacplus,dminus,os_minus_ss,integrated_0_100,57,1.9477875999999994,2.0106194499999996,0.0022051749177815095,4.7419805555658441e-05,available_central_sem_only
MONASH,charm,lambdacplus,dminus,os_minus_ss,integrated_0_100,58,2.0106194499999996,2.0734512999999994,0.002412230160559269,3.9994899775154019e-05,available_central_sem_only
MONASH,charm,lambdacplus,dminus,os_minus_ss,integrated_0_100,59,2.0734512999999994,2.1362831499999997,0.0028307305099192631,4.3176689855347808e-05,available_central_sem_only
MONASH,charm,lambdacplus,dminus,os_minus_ss,integrated_0_100,60,2.1362831499999997,2.1991149999999995,0.0030004719103589811,6.2285987855764126e-05,available_central_sem_only
MONASH,charm,lambdacplus,dminus,os_minus_ss,integrated_0_100,61,2.1991149999999995,2.2619468499999997,0.0032880079895521242,3.6739572239997529e-05,available_central_sem_only
MONASH,charm,lambdacplus,dminus,os_minus_ss,integrated_0_100,62,2.2619468499999997,2.3247786999999995,0.0035733491368430295,4.9047670269765363e-05,available_central_sem_only
MONASH,charm,lambdacplus,dminus,os_minus_ss,integrated_0_100,63,2.3247786999999995,2.3876105499999998,0.0039399027645167315,5.5424043614892246e-05,available_central_sem_only
MONASH,charm,lambdacplus,dminus,os_minus_ss,integrated_0_100,64,2.3876105499999998,2.4504423999999996,0.0041308618400114142,5.9536669851902991e-05,available_central_sem_only
MONASH,charm,lambdacplus,dminus,os_minus_ss,integrated_0_100,65,2.4504423999999996,2.51327425,0.0044396155942595219,5.6522318613067643e-05,available_central_sem_only
MONASH,charm,lambdacplus,dminus,os_minus_ss,integrated_0_100,66,2.51327425,2.5761061,0.0047052023544302875,3.0961820565627054e-05,available_central_sem_only
MONASH,charm,lambdacplus,dminus,os_minus_ss,integrated_0_100,67,2.5761061,2.6389379499999994,0.0050329788518311226,8.3659782285123066e-05,available_central_sem_only
MONASH,charm,lambdacplus,dminus,os_minus_ss,integrated_0_100,68,2.6389379499999994,2.7017697999999997,0.005092242013191541,6.7707274999426572e-05,available_central_sem_only
MONASH,charm,lambdacplus,dminus,os_minus_ss,integrated_0_100,69,2.7017697999999997,2.76460165,0.0052773479369469228,4.190781301554479e-05,available_central_sem_only
MONASH,charm,lambdacplus,dminus,os_minus_ss,integrated_0_100,70,2.76460165,2.8274335,0.0054214817985272007,8.8255652783588185e-05,available_central_sem_only
MONASH,charm,lambdacplus,dminus,os_minus_ss,integrated_0_100,71,2.8274335,2.8902653499999995,0.0056665825276104144,6.8916040093026923e-05,available_central_sem_only
MONASH,charm,lambdacplus,dminus,os_minus_ss,integrated_0_100,72,2.8902653499999995,2.9530971999999998,0.005779987342559364,5.1805743376090884e-05,available_central_sem_only
MONASH,charm,lambdacplus,dminus,os_minus_ss,integrated_0_100,73,2.9530971999999998,3.015929049999999,0.0058970503773453763,7.4251323317633345e-05,available_central_sem_only
MONASH,charm,lambdacplus,dminus,os_minus_ss,integrated_0_100,74,3.015929049999999,3.0787608999999994,0.0060243564276751651,7.5725213942533676e-05,available_central_sem_only
MONASH,charm,lambdacplus,dminus,os_minus_ss,integrated_0_100,75,3.0787608999999994,3.1415927499999996,0.0059285110679441165,6.9052966245152712e-05,available_central_sem_only
MONASH,charm,lambdacplus,dminus,os_minus_ss,integrated_0_100,76,3.1415927499999996,3.2044246,0.0060338677992515279,4.6723482487869597e-05,available_central_sem_only
MONASH,charm,lambdacplus,dminus,os_minus_ss,integrated_0_100,77,3.2044246,3.267256449999999,0.0060199665638706896,7.1903514558121988e-05,available_central_sem_only
MONASH,charm,lambdacplus,dminus,os_minus_ss,integrated_0_100,78,3.267256449999999,3.3300882999999994,0.0059087566808239773,6.5936667065339218e-05,available_central_sem_only
MONASH,charm,lambdacplus,dminus,os_minus_ss,integrated_0_100,79,3.3300882999999994,3.3929201499999997,0.0056987748621765682,5.2885253348740139e-05,available_central_sem_only
MONASH,charm,lambdacplus,dminus,os_minus_ss,integrated_0_100,80,3.3929201499999997,3.455752,0.0057938885779402023,6.0470993764936222e-05,available_central_sem_only
MONASH,charm,lambdacplus,dminus,os_minus_ss,integrated_0_100,81,3.455752,3.5185838499999993,0.0054792816719527945,8.6908237786585048e-05,available_central_sem_only
MONASH,charm,lambdacplus,dminus,os_minus_ss,integrated_0_100,82,3.5185838499999993,3.5814156999999986,0.0052758846490120982,6.4345707630693931e-05,available_central_sem_only
MONASH,charm,lambdacplus,dminus,os_minus_ss,integrated_0_100,83,3.5814156999999986,3.644247549999999,0.0050081029569390943,6.0377628087855036e-05,available_central_sem_only
MONASH,charm,lambdacplus,dminus,os_minus_ss,integrated_0_100,84,3.644247549999999,3.707079399999999,0.0048339716926949008,6.2662946158483908e-05,available_central_sem_only
MONASH,charm,lambdacplus,dminus,os_minus_ss,integrated_0_100,85,3.707079399999999,3.7699112499999994,0.0047571490761165805,5.0458260242657939e-05,available_central_sem_only
MONASH,charm,lambdacplus,dminus,os_minus_ss,integrated_0_100,86,3.7699112499999994,3.8327430999999996,0.0044315675106179828,8.6934377544588073e-05,available_central_sem_only
MONASH,charm,lambdacplus,dminus,os_minus_ss,integrated_0_100,87,3.8327430999999996,3.895574949999999,0.0041067175890867995,3.9088904590858968e-05,available_central_sem_only
MONASH,charm,lambdacplus,dminus,os_minus_ss,integrated_0_100,88,3.895574949999999,3.9584067999999992,0.0037723562959792504,4.6969624365675362e-05,available_central_sem_only
MONASH,charm,lambdacplus,dminus,os_minus_ss,integrated_0_100,89,3.9584067999999992,4.021238649999999,0.0035309137867330998,4.9123155125173459e-05,available_central_sem_only
MONASH,charm,lambdacplus,dminus,os_minus_ss,integrated_0_100,90,4.021238649999999,4.084070499999999,0.0032719118222690477,5.2780546322829802e-05,available_central_sem_only
MONASH,charm,lambdacplus,dminus,os_minus_ss,integrated_0_100,91,4.084070499999999,4.1469023499999995,0.0029894972508477924,3.5177971933517798e-05,available_central_sem_only
MONASH,charm,lambdacplus,dminus,os_minus_ss,integrated_0_100,92,4.1469023499999995,4.2097342,0.0026917181561108734,6.173185624014859e-05,available_central_sem_only
MONASH,charm,lambdacplus,dminus,os_minus_ss,integrated_0_100,93,4.2097342,4.27256605,0.0024473490709950728,1.9275684219369186e-05,available_central_sem_only
MONASH,charm,lambdacplus,dminus,os_minus_ss,integrated_0_100,94,4.27256605,4.3353979,0.0022256609488690614,4.3775213444465411e-05,available_central_sem_only
MONASH,charm,lambdacplus,dminus,os_minus_ss,integrated_0_100,95,4.3353979,4.398229749999999,0.0019176388385883664,2.9308232334939649e-05,available_central_sem_only
MONASH,charm,lambdacplus,dminus,os_minus_ss,integrated_0_100,96,4.398229749999999,4.461061599999999,0.0016937557845601173,4.1550327822000401e-05,available_central_sem_only
MONASH,charm,lambdacplus,dminus,os_minus_ss,integrated_0_100,97,4.461061599999999,4.523893449999999,0.0014764575262385818,3.6785056865641652e-05,available_central_sem_only
MONASH,charm,lambdacplus,dminus,os_minus_ss,integrated_0_100,98,4.523893449999999,4.5867252999999995,0.0012298935092205433,2.5425230575703016e-05,available_central_sem_only
MONASH,charm,lambdacplus,dminus,os_minus_ss,integrated_0_100,99,4.5867252999999995,4.64955715,0.0010777115639987269,4.3740373853443345e-05,available_central_sem_only
MONASH,charm,lambdacplus,dminus,os_minus_ss,integrated_0_100,100,4.64955715,4.712389,0.00089333728421075748,3.2346585285715684e-05,available_central_sem_only
MONASH,charm,lambdacplus,dminus,ss,integrated_0_100,1,-1.570796,-1.50796415,0.00015803509696111679,1.3137779974570209e-05,available_central_sem_only
MONASH,charm,lambdacplus,dminus,ss,integrated_0_100,2,-1.50796415,-1.4451323,0.00015071865728699102,5.8656166661381116e-06,available_central_sem_only
MONASH,charm,lambdacplus,dminus,ss,integrated_0_100,3,-1.4451323,-1.38230045,0.0001573034529937042,1.0317370716777322e-05,available_central_sem_only
MONASH,charm,lambdacplus,dminus,ss,integrated_0_100,4,-1.38230045,-1.3194686,0.0001573034529937042,1.1043648495301266e-05,available_central_sem_only
MONASH,charm,lambdacplus,dminus,ss,integrated_0_100,5,-1.3194686,-1.2566367500000002,0.00014706043744992813,7.1153773089803279e-06,available_central_sem_only
MONASH,charm,lambdacplus,dminus,ss,integrated_0_100,6,-1.2566367500000002,-1.1938049000000002,0.00016608318060265515,1.5040038153147518e-05,available_central_sem_only
MONASH,charm,lambdacplus,dminus,ss,integrated_0_100,7,-1.1938049000000002,-1.1309730500000001,0.00017559455217901865,1.3017221724088443e-05,available_central_sem_only
MONASH,charm,lambdacplus,dminus,ss,integrated_0_100,8,-1.1309730500000001,-1.0681412000000001,0.00016974140043971803,1.0793554990515985e-05,available_central_sem_only
MONASH,charm,lambdacplus,dminus,ss,integrated_0_100,9,-1.0681412000000001,-1.00530935,0.00016827811250489288,1.1475070280292116e-05,available_central_sem_only
MONASH,charm,lambdacplus,dminus,ss,integrated_0_100,10,-1.00530935,-0.9424775000000001,0.00013608577793873945,8.8216056388471878e-06,available_central_sem_only
MONASH,charm,lambdacplus,dminus,ss,integrated_0_100,11,-0.9424775000000001,-0.8796456500000002,0.00016681482457006771,9.0720979845287165e-06,available_central_sem_only
MONASH,charm,lambdacplus,dminus,ss,integrated_0_100,12,-0.8796456500000002,-0.8168138000000001,0.00015291358918922876,8.7966975212948689e-06,available_central_sem_only
MONASH,charm,lambdacplus,dminus,ss,integrated_0_100,13,-0.8168138000000001,-0.7539819500000001,0.00013389084603650171,8.0395060811354814e-06,available_central_sem_only
MONASH,charm,lambdacplus,dminus,ss,integrated_0_100,14,-0.7539819500000001,-0.6911501000000002,0.00014852372538475328,9.3052816761451312e-06,available_central_sem_only
MONASH,charm,lambdacplus,dminus,ss,integrated_0_100,15,-0.6911501000000002,-0.6283182500000002,0.00015949838489594194,8.2874932109189871e-06,available_central_sem_only
MONASH,charm,lambdacplus,dminus,ss,integrated_0_100,16,-0.6283182500000002,-0.5654864000000002,0.0001448655055476904,8.608320241911683e-06,available_central_sem_only
MONASH,charm,lambdacplus,dminus,ss,integrated_0_100,17,-0.5654864000000002,-0.5026545500000001,0.00016535153663524256,1.2156606944669896e-05,available_central_sem_only
MONASH,charm,lambdacplus,dminus,ss,integrated_0_100,18,-0.5026545500000001,-0.4398227000000001,0.00016242496076559226,8.5287687438746439e-06,available_central_sem_only
MONASH,charm,lambdacplus,dminus,ss,integrated_0_100,19,-0.4398227000000001,-0.3769908500000001,0.00014706043744992813,1.4421419235255643e-05,available_central_sem_only
MONASH,charm,lambdacplus,dminus,ss,integrated_0_100,20,-0.3769908500000001,-0.3141590000000001,0.00014413386158027781,8.5430361909763101e-06,available_central_sem_only
MONASH,charm,lambdacplus,dminus,ss,integrated_0_100,21,-0.3141590000000001,-0.2513271500000003,0.00014120728571062751,1.1943315794523876e-05,available_central_sem_only
MONASH,charm,lambdacplus,dminus,ss,integrated_0_100,22,-0.2513271500000003,-0.18849530000000025,0.00014413386158027781,1.7370260962964608e-05,available_central_sem_only
MONASH,charm,lambdacplus,dminus,ss,integrated_0_100,23,-0.18849530000000025,-0.12566345000000023,0.00015803509696111679,1.1199538030299875e-05,available_central_sem_only
MONASH,charm,lambdacplus,dminus,ss,integrated_0_100,24,-0.12566345000000023,-0.06283160000000021,0.00015949838489594194,1.0558588272216411e-05,available_central_sem_only
MONASH,charm,lambdacplus,dminus,ss,integrated_0_100,25,-0.06283160000000021,2.499999998128999e-07,0.00014706043744992813,9.3008792672731931e-06,available_central_sem_only
MONASH,charm,lambdacplus,dminus,ss,integrated_0_100,26,2.499999998128999e-07,0.06283209999999984,0.0001573034529937042,5.8154625103790085e-06,available_central_sem_only
MONASH,charm,lambdacplus,dminus,ss,integrated_0_100,27,0.06283209999999984,0.12566394999999986,0.00014559714951510296,1.2312580978379583e-05,available_central_sem_only
MONASH,charm,lambdacplus,dminus,ss,integrated_0_100,28,0.12566394999999986,0.18849579999999966,0.00015364523315664132,1.224350203158308e-05,available_central_sem_only
MONASH,charm,lambdacplus,dminus,ss,integrated_0_100,29,0.18849579999999966,0.2513276499999997,0.00014340221761286522,8.2743684685426842e-06,available_central_sem_only
MONASH,charm,lambdacplus,dminus,ss,integrated_0_100,30,0.2513276499999997,0.3141594999999997,0.00015584016505887905,1.4197566685112118e-05,available_central_sem_only
MONASH,charm,lambdacplus,dminus,ss,integrated_0_100,31,0.3141594999999997,0.3769913499999997,0.00015657180902629164,8.6788759547619915e-06,available_central_sem_only
MONASH,charm,lambdacplus,dminus,ss,integrated_0_100,32,0.3769913499999997,0.43982319999999975,0.00015364523315664132,1.0818325603202573e-05,available_central_sem_only
MONASH,charm,lambdacplus,dminus,ss,integrated_0_100,33,0.43982319999999975,0.50265505,0.00014559714951510296,8.8922194507598413e-06,available_central_sem_only
MONASH,charm,lambdacplus,dminus,ss,integrated_0_100,34,0.50265505,0.5654868999999998,0.00015584016505887905,8.0564806101018333e-06,available_central_sem_only
MONASH,charm,lambdacplus,dminus,ss,integrated_0_100,35,0.5654868999999998,0.62831875,0.00014925536935216587,1.0039605236795956e-05,available_central_sem_only
MONASH,charm,lambdacplus,dminus,ss,integrated_0_100,36,0.62831875,0.6911505999999998,0.00016388824870041741,6.4387021466479317e-06,available_central_sem_only
MONASH,charm,lambdacplus,dminus,ss,integrated_0_100,37,0.6911505999999998,0.7539824499999996,0.00015803509696111679,1.5050596640690509e-05,available_central_sem_only
MONASH,charm,lambdacplus,dminus,ss,integrated_0_100,38,0.7539824499999996,0.8168142999999999,0.00016315660473300482,1.2832954724096964e-05,available_central_sem_only
MONASH,charm,lambdacplus,dminus,ss,integrated_0_100,39,0.8168142999999999,0.8796461499999997,0.00015949838489594194,1.203501682698224e-05,available_central_sem_only
MONASH,charm,lambdacplus,dminus,ss,integrated_0_100,40,0.8796461499999997,0.9424779999999999,0.00016169331679817967,1.1494593681839031e-05,available_central_sem_only
MONASH,charm,lambdacplus,dminus,ss,integrated_0_100,41,0.9424779999999999,1.0053098499999993,0.00013681742190615204,1.2443700986660929e-05,available_central_sem_only
MONASH,charm,lambdacplus,dminus,ss,integrated_0_100,42,1.0053098499999993,1.0681416999999995,0.0001770578401138438,1.0139667314998975e-05,available_central_sem_only
MONASH,charm,lambdacplus,dminus,ss,integrated_0_100,43,1.0681416999999995,1.1309735499999998,0.00015657180902629164,7.9421527271879584e-06,available_central_sem_only
MONASH,charm,lambdacplus,dminus,ss,integrated_0_100,44,1.1309735499999998,1.1938053999999996,0.00017339962027678092,1.0296426306542782e-05,available_central_sem_only
MONASH,charm,lambdacplus,dminus,ss,integrated_0_100,45,1.1938053999999996,1.2566372499999998,0.0001843742797879696,1.0231235639170502e-05,available_central_sem_only
MONASH,charm,lambdacplus,dminus,ss,integrated_0_100,46,1.2566372499999998,1.3194690999999996,0.00016315660473300482,1.013581650937931e-05,available_central_sem_only
MONASH,charm,lambdacplus,dminus,ss,integrated_0_100,47,1.3194690999999996,1.3823009499999999,0.00016827811250489288,1.0294279201060456e-05,available_central_sem_only
MONASH,charm,lambdacplus,dminus,ss,integrated_0_100,48,1.3823009499999999,1.4451327999999997,0.00015876674092852938,1.1748815350256621e-05,available_central_sem_only
MONASH,charm,lambdacplus,dminus,ss,integrated_0_100,49,1.4451327999999997,1.50796465,0.00014852372538475328,1.1433213284231355e-05,available_central_sem_only
MONASH,charm,lambdacplus,dminus,ss,integrated_0_100,50,1.50796465,1.5707964999999997,0.00016388824870041741,1.0010082388468026e-05,available_central_sem_only
MONASH,charm,lambdacplus,dminus,ss,integrated_0_100,51,1.5707964999999997,1.63362835,0.00016023002886335453,6.8400831562051906e-06,available_central_sem_only
MONASH,charm,lambdacplus,dminus,ss,integrated_0_100,52,1.63362835,1.6964601999999998,0.00016096167283076711,8.6908285876924396e-06,available_central_sem_only
MONASH,charm,lambdacplus,dminus,ss,integrated_0_100,53,1.6964601999999998,1.75929205,0.00016681482457006771,1.1708632638723381e-05,available_central_sem_only
MONASH,charm,lambdacplus,dminus,ss,integrated_0_100,54,1.75929205,1.8221238999999998,0.0001543768771240539,1.2404828857693985e-05,available_central_sem_only
MONASH,charm,lambdacplus,dminus,ss,integrated_0_100,55,1.8221238999999998,1.88495575,0.00017998441598349413,8.2706900882943955e-06,available_central_sem_only
MONASH,charm,lambdacplus,dminus,ss,integrated_0_100,56,1.88495575,1.9477875999999994,0.0001675464685374803,7.6211067874216343e-06,available_central_sem_only
MONASH,charm,lambdacplus,dminus,ss,integrated_0_100,57,1.9477875999999994,2.0106194499999996,0.00015584016505887905,9.257101087315508e-06,available_central_sem_only
MONASH,charm,lambdacplus,dminus,ss,integrated_0_100,58,2.0106194499999996,2.0734512999999994,0.00017339962027678092,8.316787208786143e-06,available_central_sem_only
MONASH,charm,lambdacplus,dminus,ss,integrated_0_100,59,2.0734512999999994,2.1362831499999997,0.00016315660473300482,1.510398439742303e-05,available_central_sem_only
MONASH,charm,lambdacplus,dminus,ss,integrated_0_100,60,2.1362831499999997,2.1991149999999995,0.00016535153663524256,9.6512335636607923e-06,available_central_sem_only
MONASH,charm,lambdacplus,dminus,ss,integrated_0_100,61,2.1991149999999995,2.2619468499999997,0.00016535153663524256,1.1360687380462874e-05,available_central_sem_only
MONASH,charm,lambdacplus,dminus,ss,integrated_0_100,62,2.2619468499999997,2.3247786999999995,0.00015657180902629164,1.0678463328169459e-05,available_central_sem_only
MONASH,charm,lambdacplus,dminus,ss,integrated_0_100,63,2.3247786999999995,2.3876105499999998,0.00016535153663524256,9.0632017747736568e-06,available_central_sem_only
MONASH,charm,lambdacplus,dminus,ss,integrated_0_100,64,2.3876105499999998,2.4504423999999996,0.00016535153663524256,6.9316768221148958e-06,available_central_sem_only
MONASH,charm,lambdacplus,dminus,ss,integrated_0_100,65,2.4504423999999996,2.51327425,0.00018364263582055701,1.223584110891287e-05,available_central_sem_only
MONASH,charm,lambdacplus,dminus,ss,integrated_0_100,66,2.51327425,2.5761061,0.00016535153663524256,1.3401263089223451e-05,available_central_sem_only
MONASH,charm,lambdacplus,dminus,ss,integrated_0_100,67,2.5761061,2.6389379499999994,0.00017339962027678092,1.0459378578436184e-05,available_central_sem_only
MONASH,charm,lambdacplus,dminus,ss,integrated_0_100,68,2.6389379499999994,2.7017697999999997,0.00017852112804866895,8.6118731654680751e-06,available_central_sem_only
MONASH,charm,lambdacplus,dminus,ss,integrated_0_100,69,2.7017697999999997,2.76460165,0.00014559714951510296,1.0012318983512232e-05,available_central_sem_only
MONASH,charm,lambdacplus,dminus,ss,integrated_0_100,70,2.76460165,2.8274335,0.00016169331679817967,1.1506540948356128e-05,available_central_sem_only
MONASH,charm,lambdacplus,dminus,ss,integrated_0_100,71,2.8274335,2.8902653499999995,0.00014998701331957843,1.3359589561497803e-05,available_central_sem_only
MONASH,charm,lambdacplus,dminus,ss,integrated_0_100,72,2.8902653499999995,2.9530971999999998,0.00017559455217901865,9.5124650977560979e-06,available_central_sem_only
MONASH,charm,lambdacplus,dminus,ss,integrated_0_100,73,2.9530971999999998,3.015929049999999,0.00015584016505887905,1.1321261537863319e-05,available_central_sem_only
MONASH,charm,lambdacplus,dminus,ss,integrated_0_100,74,3.015929049999999,3.0787608999999994,0.00018291099185314443,1.5702448552025021e-05,available_central_sem_only
MONASH,charm,lambdacplus,dminus,ss,integrated_0_100,75,3.0787608999999994,3.1415927499999996,0.0001675464685374803,1.1300554934319773e-05,available_central_sem_only
MONASH,charm,lambdacplus,dminus,ss,integrated_0_100,76,3.1415927499999996,3.2044246,0.00016681482457006771,1.5923981097996088e-05,available_central_sem_only
MONASH,charm,lambdacplus,dminus,ss,integrated_0_100,77,3.2044246,3.267256449999999,0.00016096167283076711,1.1227549132539561e-05,available_central_sem_only
MONASH,charm,lambdacplus,dminus,ss,integrated_0_100,78,3.267256449999999,3.3300882999999994,0.00018291099185314443,1.2992252921866734e-05,available_central_sem_only
MONASH,charm,lambdacplus,dminus,ss,integrated_0_100,79,3.3300882999999994,3.3929201499999997,0.00016461989266783,1.1994031289973112e-05,available_central_sem_only
MONASH,charm,lambdacplus,dminus,ss,integrated_0_100,80,3.3929201499999997,3.455752,0.00013242755810167657,8.0962729783229634e-06,available_central_sem_only
MONASH,charm,lambdacplus,dminus,ss,integrated_0_100,81,3.455752,3.5185838499999993,0.00017047304440713062,6.0290615918534328e-06,available_central_sem_only
MONASH,charm,lambdacplus,dminus,ss,integrated_0_100,82,3.5185838499999993,3.5814156999999986,0.00017047304440713062,7.6990522291978618e-06,available_central_sem_only
MONASH,charm,lambdacplus,dminus,ss,integrated_0_100,83,3.5814156999999986,3.644247549999999,0.00015803509696111679,6.5389435323212874e-06,available_central_sem_only
MONASH,charm,lambdacplus,dminus,ss,integrated_0_100,84,3.644247549999999,3.707079399999999,0.00014413386158027781,6.3046741280383623e-06,available_central_sem_only
MONASH,charm,lambdacplus,dminus,ss,integrated_0_100,85,3.707079399999999,3.7699112499999994,0.00016900975647230544,5.9887280109508721e-06,available_central_sem_only
MONASH,charm,lambdacplus,dminus,ss,integrated_0_100,86,3.7699112499999994,3.8327430999999996,0.0001573034529937042,1.015803422057415e-05,available_central_sem_only
MONASH,charm,lambdacplus,dminus,ss,integrated_0_100,87,3.8327430999999996,3.895574949999999,0.00018071605995090669,7.9573545566454401e-06,available_central_sem_only
MONASH,charm,lambdacplus,dminus,ss,integrated_0_100,88,3.895574949999999,3.9584067999999992,0.00017266797630936836,1.7547660104000622e-05,available_central_sem_only
MONASH,charm,lambdacplus,dminus,ss,integrated_0_100,89,3.9584067999999992,4.021238649999999,0.00017047304440713062,1.0009104457107105e-05,available_central_sem_only
MONASH,charm,lambdacplus,dminus,ss,integrated_0_100,90,4.021238649999999,4.084070499999999,0.00019095907549468278,8.2592174655873739e-06,available_central_sem_only
MONASH,charm,lambdacplus,dminus,ss,integrated_0_100,91,4.084070499999999,4.1469023499999995,0.00018071605995090669,9.6681468682428477e-06,available_central_sem_only
MONASH,charm,lambdacplus,dminus,ss,integrated_0_100,92,4.1469023499999995,4.2097342,0.00016827811250489288,1.5100731266044037e-05,available_central_sem_only
MONASH,charm,lambdacplus,dminus,ss,integrated_0_100,93,4.2097342,4.27256605,0.00016242496076559226,8.4365442984088044e-06,available_central_sem_only
MONASH,charm,lambdacplus,dminus,ss,integrated_0_100,94,4.27256605,4.3353979,0.00014998701331957843,9.6223540243950101e-06,available_central_sem_only
MONASH,charm,lambdacplus,dminus,ss,integrated_0_100,95,4.3353979,4.398229749999999,0.00017852112804866895,9.41634420761907e-06,available_central_sem_only
MONASH,charm,lambdacplus,dminus,ss,integrated_0_100,96,4.398229749999999,4.461061599999999,0.00017559455217901865,1.242448142172678e-05,available_central_sem_only
MONASH,charm,lambdacplus,dminus,ss,integrated_0_100,97,4.461061599999999,4.523893449999999,0.00017998441598349413,1.6492554588470176e-05,available_central_sem_only
MONASH,charm,lambdacplus,dminus,ss,integrated_0_100,98,4.523893449999999,4.5867252999999995,0.00016096167283076711,8.5773158012306463e-06,available_central_sem_only
MONASH,charm,lambdacplus,dminus,ss,integrated_0_100,99,4.5867252999999995,4.64955715,0.00015291358918922876,1.2057783407724822e-05,available_central_sem_only
MONASH,charm,lambdacplus,dminus,ss,integrated_0_100,100,4.64955715,4.712389,0.00015145030125440358,1.5962233333421223e-05,available_central_sem_only
