tune,bin_index,nch_low,nch_high,count_or_content,stat_error,normalized_value,normalized_error,status
MONASH,1,-0.5,0.5,,,0.01438719,1.190806e-05,available_normalized_only
MONASH,2,0.5,1.5,,,0.03923663,1.941575e-05,available_normalized_only
MONASH,3,1.5,2.5,,,0.06413818,2.449989e-05,available_normalized_only
MONASH,4,2.5,3.5,,,0.07800906,2.681858e-05,available_normalized_only
MONASH,5,3.5,4.5,,,0.07947087,2.704723e-05,available_normalized_only
MONASH,6,4.5,5.5,,,0.07335696,2.607215e-05,available_normalized_only
MONASH,7,5.5,6.5,,,0.06492607,2.463954e-05,available_normalized_only
MONASH,8,6.5,7.5,,,0.05729631,2.324079e-05,available_normalized_only
MONASH,9,7.5,8.5,,,0.0510699,2.201403e-05,available_normalized_only
MONASH,10,8.5,9.5,,,0.04592449,2.093214e-05,available_normalized_only
MONASH,11,9.5,10.5,,,0.04139514,1.992024e-05,available_normalized_only
MONASH,12,10.5,11.5,,,0.03721632,1.892915e-05,available_normalized_only
MONASH,13,11.5,12.5,,,0.03336425,1.795858e-05,available_normalized_only
MONASH,14,12.5,13.5,,,0.02993373,1.704045e-05,available_normalized_only
MONASH,15,13.5,14.5,,,0.02682981,1.615858e-05,available_normalized_only
MONASH,16,14.5,15.5,,,0.02410623,1.53379e-05,available_normalized_only
MONASH,17,15.5,16.5,,,0.02169211,1.456762e-05,available_normalized_only
MONASH,18,16.5,17.5,,,0.01960065,1.386235e-05,available_normalized_only
MONASH,19,17.5,18.5,,,0.0177784,1.321451e-05,available_normalized_only
MONASH,20,18.5,19.5,,,0.01616544,1.261115e-05,available_normalized_only
MONASH,21,19.5,20.5,,,0.01472338,1.204434e-05,available_normalized_only
MONASH,22,20.5,21.5,,,0.01344101,1.151536e-05,available_normalized_only
MONASH,23,21.5,22.5,,,0.0122967,1.102066e-05,available_normalized_only
MONASH,24,22.5,23.5,,,0.0112817,1.056145e-05,available_normalized_only
MONASH,25,23.5,24.5,,,0.01035082,1.012111e-05,available_normalized_only
MONASH,26,24.5,25.5,,,0.00949397,9.697337e-06,available_normalized_only
MONASH,27,25.5,26.5,,,0.00870753,9.290699e-06,available_normalized_only
MONASH,28,26.5,27.5,,,0.00800877,8.913265e-06,available_normalized_only
MONASH,29,27.5,28.5,,,0.00734598,8.539331e-06,available_normalized_only
MONASH,30,28.5,29.5,,,0.00674297,8.183827e-06,available_normalized_only
MONASH,31,29.5,30.5,,,0.00617589,7.834378e-06,available_normalized_only
MONASH,32,30.5,31.5,,,0.00566146,7.502938e-06,available_normalized_only
MONASH,33,31.5,32.5,,,0.00515064,7.15829e-06,available_normalized_only
MONASH,34,32.5,33.5,,,0.00470758,6.845012e-06,available_normalized_only
MONASH,35,33.5,34.5,,,0.00427954,6.527806e-06,available_normalized_only
MONASH,36,34.5,35.5,,,0.00389363,6.227736e-06,available_normalized_only
MONASH,37,35.5,36.5,,,0.00352059,5.923002e-06,available_normalized_only
MONASH,38,36.5,37.5,,,0.00317507,5.625823e-06,available_normalized_only
MONASH,39,37.5,38.5,,,0.00286498,5.344878e-06,available_normalized_only
MONASH,40,38.5,39.5,,,0.00258702,5.079692e-06,available_normalized_only
MONASH,41,39.5,40.5,,,0.00231989,4.810933e-06,available_normalized_only
MONASH,42,40.5,41.5,,,0.00207866,4.554491e-06,available_normalized_only
MONASH,43,41.5,42.5,,,0.0018625,4.311648e-06,available_normalized_only
MONASH,44,42.5,43.5,,,0.00165134,4.060312e-06,available_normalized_only
MONASH,45,43.5,44.5,,,0.00146786,3.828453e-06,available_normalized_only
MONASH,46,44.5,45.5,,,0.001301,3.604591e-06,available_normalized_only
MONASH,47,45.5,46.5,,,0.00115653,3.398812e-06,available_normalized_only
MONASH,48,46.5,47.5,,,0.00102057,3.193006e-06,available_normalized_only
MONASH,49,47.5,48.5,,,0.000905,3.00696e-06,available_normalized_only
MONASH,50,48.5,49.5,,,0.00078926,2.808268e-06,available_normalized_only
MONASH,51,49.5,50.5,,,0.00069096,2.627704e-06,available_normalized_only
MONASH,52,50.5,51.5,,,0.00060657,2.462117e-06,available_normalized_only
MONASH,53,51.5,52.5,,,0.00052869,2.298718e-06,available_normalized_only
MONASH,54,52.5,53.5,,,0.00045913,2.14224e-06,available_normalized_only
MONASH,55,53.5,54.5,,,0.00040049,2.000824e-06,available_normalized_only
MONASH,56,54.5,55.5,,,0.0003477,1.864347e-06,available_normalized_only
MONASH,57,55.5,56.5,,,0.00030107,1.734876e-06,available_normalized_only
MONASH,58,56.5,57.5,,,0.00026435,1.625669e-06,available_normalized_only
MONASH,59,57.5,58.5,,,0.00022454,1.498298e-06,available_normalized_only
MONASH,60,58.5,59.5,,,0.00019241,1.386986e-06,available_normalized_only
MONASH,61,59.5,60.5,,,0.0001661,1.288691e-06,available_normalized_only
MONASH,62,60.5,61.5,,,0.00014257,1.193942e-06,available_normalized_only
MONASH,63,61.5,62.5,,,0.00012287,1.108399e-06,available_normalized_only
MONASH,64,62.5,63.5,,,0.000105,1.024641e-06,available_normalized_only
MONASH,65,63.5,64.5,,,8.979e-05,9.475333e-07,available_normalized_only
MONASH,66,64.5,65.5,,,7.667e-05,8.755805e-07,available_normalized_only
MONASH,67,65.5,66.5,,,6.514e-05,8.070673e-07,available_normalized_only
MONASH,68,66.5,67.5,,,5.609e-05,7.489116e-07,available_normalized_only
MONASH,69,67.5,68.5,,,4.723e-05,6.872246e-07,available_normalized_only
MONASH,70,68.5,69.5,,,3.951e-05,6.285574e-07,available_normalized_only
MONASH,71,69.5,70.5,,,3.411e-05,5.840277e-07,available_normalized_only
MONASH,72,70.5,71.5,,,2.895e-05,5.380443e-07,available_normalized_only
MONASH,73,71.5,72.5,,,2.398e-05,4.896879e-07,available_normalized_only
MONASH,74,72.5,73.5,,,2.052e-05,4.529854e-07,available_normalized_only
MONASH,75,73.5,74.5,,,1.746e-05,4.17848e-07,available_normalized_only
MONASH,76,74.5,75.5,,,1.419e-05,3.766935e-07,available_normalized_only
MONASH,77,75.5,76.5,,,1.168e-05,3.417582e-07,available_normalized_only
MONASH,78,76.5,77.5,,,1.042e-05,3.227986e-07,available_normalized_only
MONASH,79,77.5,78.5,,,8.77e-06,2.961406e-07,available_normalized_only
MONASH,80,78.5,79.5,,,7.49e-06,2.736776e-07,available_normalized_only
MONASH,81,79.5,80.5,,,6.14e-06,2.477895e-07,available_normalized_only
MONASH,82,80.5,81.5,,,5.06e-06,2.249439e-07,available_normalized_only
MONASH,83,81.5,82.5,,,4.22e-06,2.05426e-07,available_normalized_only
MONASH,84,82.5,83.5,,,3.49e-06,1.868151e-07,available_normalized_only
MONASH,85,83.5,84.5,,,3.22e-06,1.794433e-07,available_normalized_only
MONASH,86,84.5,85.5,,,2.17e-06,1.47309e-07,available_normalized_only
MONASH,87,85.5,86.5,,,2.18e-06,1.476481e-07,available_normalized_only
MONASH,88,86.5,87.5,,,1.6e-06,1.26491e-07,available_normalized_only
MONASH,89,87.5,88.5,,,1.25e-06,1.118033e-07,available_normalized_only
MONASH,90,88.5,89.5,,,1.13e-06,1.063014e-07,available_normalized_only
MONASH,91,89.5,90.5,,,8.8e-07,9.380827e-08,available_normalized_only
MONASH,92,90.5,91.5,,,7.1e-07,8.426147e-08,available_normalized_only
MONASH,93,91.5,92.5,,,5.7e-07,7.549832e-08,available_normalized_only
MONASH,94,92.5,93.5,,,6.2e-07,7.874005e-08,available_normalized_only
MONASH,95,93.5,94.5,,,4e-07,6.324554e-08,available_normalized_only
MONASH,96,94.5,95.5,,,3.8e-07,6.164413e-08,available_normalized_only
MONASH,97,95.5,96.5,,,2.3e-07,4.795831e-08,available_normalized_only
MONASH,98,96.5,97.5,,,2e-07,4.472136e-08,available_normalized_only
MONASH,99,97.5,98.5,,,1.7e-07,4.123105e-08,available_normalized_only
MONASH,100,98.5,99.5,,,1.7e-07,4.123105e-08,available_normalized_only
MONASH,101,99.5,100.5,,,2e-07,4.472136e-08,available_normalized_only
MONASH,102,100.5,101.5,,,1.4e-07,3.741657e-08,available_normalized_only
MONASH,103,101.5,102.5,,,1e-07,3.162278e-08,available_normalized_only
MONASH,104,102.5,103.5,,,1e-07,3.162278e-08,available_normalized_only
MONASH,105,103.5,104.5,,,6e-08,2.44949e-08,available_normalized_only
MONASH,106,104.5,105.5,,,7e-08,2.645751e-08,available_normalized_only
MONASH,107,105.5,106.5,,,5e-08,2.236068e-08,available_normalized_only
MONASH,108,106.5,107.5,,,5e-08,2.236068e-08,available_normalized_only
MONASH,109,107.5,108.5,,,3e-08,1.732051e-08,available_normalized_only
MONASH,110,108.5,109.5,,,1e-08,1e-08,available_normalized_only
MONASH,111,109.5,110.5,,,1e-08,1e-08,available_normalized_only
MONASH,112,110.5,111.5,,,3e-08,1.732051e-08,available_normalized_only
MONASH,113,111.5,112.5,,,2e-08,1.414214e-08,available_normalized_only
MONASH,114,112.5,113.5,,,0.0,0.0,empty_bin
MONASH,115,113.5,114.5,,,6e-08,2.44949e-08,available_normalized_only
MONASH,116,114.5,115.5,,,2e-08,1.414214e-08,available_normalized_only
MONASH,117,115.5,116.5,,,1e-08,1e-08,available_normalized_only
MONASH,118,116.5,117.5,,,0.0,0.0,empty_bin
MONASH,119,117.5,118.5,,,0.0,0.0,empty_bin
MONASH,120,118.5,119.5,,,0.0,0.0,empty_bin
MONASH,121,119.5,120.5,,,1e-08,1e-08,available_normalized_only
MONASH,122,120.5,121.5,,,0.0,0.0,empty_bin
MONASH,123,121.5,122.5,,,1e-08,1e-08,available_normalized_only
MONASH,124,122.5,123.5,,,0.0,0.0,empty_bin
MONASH,125,123.5,124.5,,,0.0,0.0,empty_bin
MONASH,126,124.5,125.5,,,1e-08,1e-08,available_normalized_only
MONASH,127,125.5,126.5,,,0.0,0.0,empty_bin
MONASH,128,126.5,127.5,,,0.0,0.0,empty_bin
MONASH,129,127.5,128.5,,,0.0,0.0,empty_bin
MONASH,130,128.5,129.5,,,1e-08,1e-08,available_normalized_only
MONASH,131,129.5,130.5,,,0.0,0.0,empty_bin
MONASH,132,130.5,131.5,,,0.0,0.0,empty_bin
MONASH,133,131.5,132.5,,,0.0,0.0,empty_bin
MONASH,134,132.5,133.5,,,1e-08,1e-08,available_normalized_only
MONASH,135,133.5,134.5,,,0.0,0.0,empty_bin
MONASH,136,134.5,135.5,,,0.0,0.0,empty_bin
MONASH,137,135.5,136.5,,,0.0,0.0,empty_bin
MONASH,138,136.5,137.5,,,0.0,0.0,empty_bin
MONASH,139,137.5,138.5,,,0.0,0.0,empty_bin
MONASH,140,138.5,139.5,,,0.0,0.0,empty_bin
MONASH,141,139.5,140.5,,,2e-08,1.414214e-08,available_normalized_only
MONASH,142,140.5,141.5,,,0.0,0.0,empty_bin
MONASH,143,141.5,142.5,,,2e-08,1.414214e-08,available_normalized_only
MONASH,144,142.5,143.5,,,0.0,0.0,empty_bin
MONASH,145,143.5,144.5,,,1e-08,1e-08,available_normalized_only
MONASH,146,144.5,145.5,,,0.0,0.0,empty_bin
MONASH,147,145.5,146.5,,,0.0,0.0,empty_bin
MONASH,148,146.5,147.5,,,1e-08,1e-08,available_normalized_only
MONASH,149,147.5,148.5,,,0.0,0.0,empty_bin
MONASH,150,148.5,149.5,,,0.0,0.0,empty_bin
MONASH,151,149.5,150.5,,,0.0,0.0,empty_bin
MONASH,152,150.5,151.5,,,0.0,0.0,empty_bin
MONASH,153,151.5,152.5,,,0.0,0.0,empty_bin
MONASH,154,152.5,153.5,,,0.0,0.0,empty_bin
MONASH,155,153.5,154.5,,,0.0,0.0,empty_bin
MONASH,156,154.5,155.5,,,1e-08,1e-08,available_normalized_only
MONASH,157,155.5,156.5,,,1e-08,1e-08,available_normalized_only
MONASH,158,156.5,157.5,,,1e-08,1e-08,available_normalized_only
MONASH,159,157.5,158.5,,,1e-08,1e-08,available_normalized_only
MONASH,160,158.5,159.5,,,1e-08,1e-08,available_normalized_only
MONASH,161,159.5,160.5,,,0.0,0.0,empty_bin
MONASH,162,160.5,161.5,,,1e-08,1e-08,available_normalized_only
MONASH,163,161.5,162.5,,,0.0,0.0,empty_bin
MONASH,164,162.5,163.5,,,0.0,0.0,empty_bin
MONASH,165,163.5,164.5,,,0.0,0.0,empty_bin
MONASH,166,164.5,165.5,,,0.0,0.0,empty_bin
MONASH,167,165.5,166.5,,,0.0,0.0,empty_bin
MONASH,168,166.5,167.5,,,0.0,0.0,empty_bin
MONASH,169,167.5,168.5,,,0.0,0.0,empty_bin
MONASH,170,168.5,169.5,,,0.0,0.0,empty_bin
MONASH,171,169.5,170.5,,,0.0,0.0,empty_bin
MONASH,172,170.5,171.5,,,0.0,0.0,empty_bin
MONASH,173,171.5,172.5,,,0.0,0.0,empty_bin
MONASH,174,172.5,173.5,,,0.0,0.0,empty_bin
MONASH,175,173.5,174.5,,,1e-08,1e-08,available_normalized_only
MONASH,176,174.5,175.5,,,0.0,0.0,empty_bin
MONASH,177,175.5,176.5,,,0.0,0.0,empty_bin
MONASH,178,176.5,177.5,,,0.0,0.0,empty_bin
MONASH,179,177.5,178.5,,,0.0,0.0,empty_bin
MONASH,180,178.5,179.5,,,0.0,0.0,empty_bin
MONASH,181,179.5,180.5,,,0.0,0.0,empty_bin
MONASH,182,180.5,181.5,,,0.0,0.0,empty_bin
MONASH,183,181.5,182.5,,,0.0,0.0,empty_bin
MONASH,184,182.5,183.5,,,0.0,0.0,empty_bin
MONASH,185,183.5,184.5,,,0.0,0.0,empty_bin
MONASH,186,184.5,185.5,,,0.0,0.0,empty_bin
MONASH,187,185.5,186.5,,,0.0,0.0,empty_bin
MONASH,188,186.5,187.5,,,0.0,0.0,empty_bin
MONASH,189,187.5,188.5,,,0.0,0.0,empty_bin
MONASH,190,188.5,189.5,,,0.0,0.0,empty_bin
MONASH,191,189.5,190.5,,,0.0,0.0,empty_bin
MONASH,192,190.5,191.5,,,0.0,0.0,empty_bin
MONASH,193,191.5,192.5,,,0.0,0.0,empty_bin
MONASH,194,192.5,193.5,,,0.0,0.0,empty_bin
MONASH,195,193.5,194.5,,,0.0,0.0,empty_bin
MONASH,196,194.5,195.5,,,1e-08,1e-08,available_normalized_only
MONASH,197,195.5,196.5,,,0.0,0.0,empty_bin
MONASH,198,196.5,197.5,,,0.0,0.0,empty_bin
MONASH,199,197.5,198.5,,,0.0,0.0,empty_bin
MONASH,200,198.5,199.5,,,0.0,0.0,empty_bin
MONASH,201,199.5,200.5,,,1e-08,1e-08,available_normalized_only
MONASH,202,200.5,201.5,,,0.0,0.0,empty_bin
MONASH,203,201.5,202.5,,,0.0,0.0,empty_bin
MONASH,204,202.5,203.5,,,0.0,0.0,empty_bin
MONASH,205,203.5,204.5,,,1e-08,1e-08,available_normalized_only
MONASH,206,204.5,205.5,,,0.0,0.0,empty_bin
MONASH,207,205.5,206.5,,,0.0,0.0,empty_bin
MONASH,208,206.5,207.5,,,0.0,0.0,empty_bin
MONASH,209,207.5,208.5,,,0.0,0.0,empty_bin
MONASH,210,208.5,209.5,,,0.0,0.0,empty_bin
MONASH,211,209.5,210.5,,,0.0,0.0,empty_bin
MONASH,212,210.5,211.5,,,0.0,0.0,empty_bin
MONASH,213,211.5,212.5,,,0.0,0.0,empty_bin
MONASH,214,212.5,213.5,,,0.0,0.0,empty_bin
MONASH,215,213.5,214.5,,,0.0,0.0,empty_bin
MONASH,216,214.5,215.5,,,0.0,0.0,empty_bin
MONASH,217,215.5,216.5,,,0.0,0.0,empty_bin
MONASH,218,216.5,217.5,,,0.0,0.0,empty_bin
MONASH,219,217.5,218.5,,,0.0,0.0,empty_bin
MONASH,220,218.5,219.5,,,0.0,0.0,empty_bin
MONASH,221,219.5,220.5,,,0.0,0.0,empty_bin
MONASH,222,220.5,221.5,,,0.0,0.0,empty_bin
MONASH,223,221.5,222.5,,,0.0,0.0,empty_bin
MONASH,224,222.5,223.5,,,0.0,0.0,empty_bin
MONASH,225,223.5,224.5,,,0.0,0.0,empty_bin
MONASH,226,224.5,225.5,,,0.0,0.0,empty_bin
MONASH,227,225.5,226.5,,,0.0,0.0,empty_bin
MONASH,228,226.5,227.5,,,0.0,0.0,empty_bin
MONASH,229,227.5,228.5,,,0.0,0.0,empty_bin
MONASH,230,228.5,229.5,,,0.0,0.0,empty_bin
MONASH,231,229.5,230.5,,,0.0,0.0,empty_bin
MONASH,232,230.5,231.5,,,0.0,0.0,empty_bin
MONASH,233,231.5,232.5,,,0.0,0.0,empty_bin
MONASH,234,232.5,233.5,,,0.0,0.0,empty_bin
MONASH,235,233.5,234.5,,,0.0,0.0,empty_bin
MONASH,236,234.5,235.5,,,0.0,0.0,empty_bin
MONASH,237,235.5,236.5,,,0.0,0.0,empty_bin
MONASH,238,236.5,237.5,,,0.0,0.0,empty_bin
MONASH,239,237.5,238.5,,,0.0,0.0,empty_bin
MONASH,240,238.5,239.5,,,0.0,0.0,empty_bin
MONASH,241,239.5,240.5,,,0.0,0.0,empty_bin
MONASH,242,240.5,241.5,,,0.0,0.0,empty_bin
MONASH,243,241.5,242.5,,,0.0,0.0,empty_bin
MONASH,244,242.5,243.5,,,0.0,0.0,empty_bin
MONASH,245,243.5,244.5,,,0.0,0.0,empty_bin
MONASH,246,244.5,245.5,,,0.0,0.0,empty_bin
MONASH,247,245.5,246.5,,,0.0,0.0,empty_bin
MONASH,248,246.5,247.5,,,0.0,0.0,empty_bin
MONASH,249,247.5,248.5,,,0.0,0.0,empty_bin
MONASH,250,248.5,249.5,,,0.0,0.0,empty_bin
MONASH,251,249.5,250.5,,,0.0,0.0,empty_bin
MONASH,252,250.5,251.5,,,0.0,0.0,empty_bin
MONASH,253,251.5,252.5,,,0.0,0.0,empty_bin
MONASH,254,252.5,253.5,,,0.0,0.0,empty_bin
MONASH,255,253.5,254.5,,,0.0,0.0,empty_bin
MONASH,256,254.5,255.5,,,0.0,0.0,empty_bin
MONASH,257,255.5,256.5,,,0.0,0.0,empty_bin
MONASH,258,256.5,257.5,,,0.0,0.0,empty_bin
MONASH,259,257.5,258.5,,,0.0,0.0,empty_bin
MONASH,260,258.5,259.5,,,0.0,0.0,empty_bin
MONASH,261,259.5,260.5,,,0.0,0.0,empty_bin
MONASH,262,260.5,261.5,,,0.0,0.0,empty_bin
MONASH,263,261.5,262.5,,,0.0,0.0,empty_bin
MONASH,264,262.5,263.5,,,0.0,0.0,empty_bin
MONASH,265,263.5,264.5,,,0.0,0.0,empty_bin
MONASH,266,264.5,265.5,,,0.0,0.0,empty_bin
MONASH,267,265.5,266.5,,,0.0,0.0,empty_bin
MONASH,268,266.5,267.5,,,0.0,0.0,empty_bin
MONASH,269,267.5,268.5,,,0.0,0.0,empty_bin
MONASH,270,268.5,269.5,,,1e-08,1e-08,available_normalized_only
MONASH,271,269.5,270.5,,,0.0,0.0,empty_bin
MONASH,272,270.5,271.5,,,0.0,0.0,empty_bin
MONASH,273,271.5,272.5,,,0.0,0.0,empty_bin
MONASH,274,272.5,273.5,,,0.0,0.0,empty_bin
MONASH,275,273.5,274.5,,,0.0,0.0,empty_bin
MONASH,276,274.5,275.5,,,0.0,0.0,empty_bin
MONASH,277,275.5,276.5,,,0.0,0.0,empty_bin
MONASH,278,276.5,277.5,,,0.0,0.0,empty_bin
MONASH,279,277.5,278.5,,,0.0,0.0,empty_bin
MONASH,280,278.5,279.5,,,0.0,0.0,empty_bin
MONASH,281,279.5,280.5,,,0.0,0.0,empty_bin
MONASH,282,280.5,281.5,,,0.0,0.0,empty_bin
MONASH,283,281.5,282.5,,,0.0,0.0,empty_bin
MONASH,284,282.5,283.5,,,0.0,0.0,empty_bin
MONASH,285,283.5,284.5,,,0.0,0.0,empty_bin
MONASH,286,284.5,285.5,,,0.0,0.0,empty_bin
MONASH,287,285.5,286.5,,,0.0,0.0,empty_bin
MONASH,288,286.5,287.5,,,0.0,0.0,empty_bin
MONASH,289,287.5,288.5,,,0.0,0.0,empty_bin
MONASH,290,288.5,289.5,,,0.0,0.0,empty_bin
MONASH,291,289.5,290.5,,,0.0,0.0,empty_bin
MONASH,292,290.5,291.5,,,0.0,0.0,empty_bin
MONASH,293,291.5,292.5,,,0.0,0.0,empty_bin
MONASH,294,292.5,293.5,,,0.0,0.0,empty_bin
MONASH,295,293.5,294.5,,,0.0,0.0,empty_bin
MONASH,296,294.5,295.5,,,0.0,0.0,empty_bin
MONASH,297,295.5,296.5,,,0.0,0.0,empty_bin
MONASH,298,296.5,297.5,,,0.0,0.0,empty_bin
MONASH,299,297.5,298.5,,,0.0,0.0,empty_bin
MONASH,300,298.5,299.5,,,0.0,0.0,empty_bin
MONASH,301,299.5,300.5,,,0.0,0.0,empty_bin
MONASH,302,300.5,301.5,,,0.0,0.0,empty_bin
MONASH,303,301.5,302.5,,,0.0,0.0,empty_bin
MONASH,304,302.5,303.5,,,0.0,0.0,empty_bin
MONASH,305,303.5,304.5,,,0.0,0.0,empty_bin
MONASH,306,304.5,305.5,,,0.0,0.0,empty_bin
MONASH,307,305.5,306.5,,,0.0,0.0,empty_bin
MONASH,308,306.5,307.5,,,0.0,0.0,empty_bin
MONASH,309,307.5,308.5,,,0.0,0.0,empty_bin
MONASH,310,308.5,309.5,,,0.0,0.0,empty_bin
MONASH,311,309.5,310.5,,,0.0,0.0,empty_bin
MONASH,312,310.5,311.5,,,0.0,0.0,empty_bin
MONASH,313,311.5,312.5,,,0.0,0.0,empty_bin
MONASH,314,312.5,313.5,,,0.0,0.0,empty_bin
MONASH,315,313.5,314.5,,,0.0,0.0,empty_bin
MONASH,316,314.5,315.5,,,0.0,0.0,empty_bin
MONASH,317,315.5,316.5,,,0.0,0.0,empty_bin
MONASH,318,316.5,317.5,,,0.0,0.0,empty_bin
MONASH,319,317.5,318.5,,,0.0,0.0,empty_bin
MONASH,320,318.5,319.5,,,0.0,0.0,empty_bin
MONASH,321,319.5,320.5,,,0.0,0.0,empty_bin
MONASH,322,320.5,321.5,,,0.0,0.0,empty_bin
MONASH,323,321.5,322.5,,,0.0,0.0,empty_bin
MONASH,324,322.5,323.5,,,0.0,0.0,empty_bin
MONASH,325,323.5,324.5,,,0.0,0.0,empty_bin
MONASH,326,324.5,325.5,,,0.0,0.0,empty_bin
MONASH,327,325.5,326.5,,,0.0,0.0,empty_bin
MONASH,328,326.5,327.5,,,0.0,0.0,empty_bin
MONASH,329,327.5,328.5,,,0.0,0.0,empty_bin
MONASH,330,328.5,329.5,,,0.0,0.0,empty_bin
MONASH,331,329.5,330.5,,,0.0,0.0,empty_bin
MONASH,332,330.5,331.5,,,0.0,0.0,empty_bin
MONASH,333,331.5,332.5,,,0.0,0.0,empty_bin
MONASH,334,332.5,333.5,,,0.0,0.0,empty_bin
MONASH,335,333.5,334.5,,,0.0,0.0,empty_bin
MONASH,336,334.5,335.5,,,0.0,0.0,empty_bin
MONASH,337,335.5,336.5,,,0.0,0.0,empty_bin
MONASH,338,336.5,337.5,,,0.0,0.0,empty_bin
MONASH,339,337.5,338.5,,,0.0,0.0,empty_bin
MONASH,340,338.5,339.5,,,0.0,0.0,empty_bin
MONASH,341,339.5,340.5,,,0.0,0.0,empty_bin
MONASH,342,340.5,341.5,,,0.0,0.0,empty_bin
MONASH,343,341.5,342.5,,,0.0,0.0,empty_bin
MONASH,344,342.5,343.5,,,0.0,0.0,empty_bin
MONASH,345,343.5,344.5,,,0.0,0.0,empty_bin
MONASH,346,344.5,345.5,,,0.0,0.0,empty_bin
MONASH,347,345.5,346.5,,,0.0,0.0,empty_bin
MONASH,348,346.5,347.5,,,0.0,0.0,empty_bin
MONASH,349,347.5,348.5,,,0.0,0.0,empty_bin
MONASH,350,348.5,349.5,,,0.0,0.0,empty_bin
MONASH,351,349.5,350.5,,,0.0,0.0,empty_bin
MONASH,352,350.5,351.5,,,0.0,0.0,empty_bin
MONASH,353,351.5,352.5,,,0.0,0.0,empty_bin
MONASH,354,352.5,353.5,,,0.0,0.0,empty_bin
MONASH,355,353.5,354.5,,,0.0,0.0,empty_bin
MONASH,356,354.5,355.5,,,0.0,0.0,empty_bin
MONASH,357,355.5,356.5,,,0.0,0.0,empty_bin
MONASH,358,356.5,357.5,,,0.0,0.0,empty_bin
MONASH,359,357.5,358.5,,,0.0,0.0,empty_bin
MONASH,360,358.5,359.5,,,0.0,0.0,empty_bin
MONASH,361,359.5,360.5,,,0.0,0.0,empty_bin
MONASH,362,360.5,361.5,,,0.0,0.0,empty_bin
MONASH,363,361.5,362.5,,,0.0,0.0,empty_bin
MONASH,364,362.5,363.5,,,0.0,0.0,empty_bin
MONASH,365,363.5,364.5,,,0.0,0.0,empty_bin
MONASH,366,364.5,365.5,,,0.0,0.0,empty_bin
MONASH,367,365.5,366.5,,,0.0,0.0,empty_bin
MONASH,368,366.5,367.5,,,0.0,0.0,empty_bin
MONASH,369,367.5,368.5,,,0.0,0.0,empty_bin
MONASH,370,368.5,369.5,,,0.0,0.0,empty_bin
MONASH,371,369.5,370.5,,,0.0,0.0,empty_bin
MONASH,372,370.5,371.5,,,0.0,0.0,empty_bin
MONASH,373,371.5,372.5,,,0.0,0.0,empty_bin
MONASH,374,372.5,373.5,,,0.0,0.0,empty_bin
MONASH,375,373.5,374.5,,,0.0,0.0,empty_bin
MONASH,376,374.5,375.5,,,0.0,0.0,empty_bin
MONASH,377,375.5,376.5,,,0.0,0.0,empty_bin
MONASH,378,376.5,377.5,,,0.0,0.0,empty_bin
MONASH,379,377.5,378.5,,,0.0,0.0,empty_bin
MONASH,380,378.5,379.5,,,0.0,0.0,empty_bin
MONASH,381,379.5,380.5,,,0.0,0.0,empty_bin
MONASH,382,380.5,381.5,,,0.0,0.0,empty_bin
MONASH,383,381.5,382.5,,,0.0,0.0,empty_bin
MONASH,384,382.5,383.5,,,0.0,0.0,empty_bin
MONASH,385,383.5,384.5,,,0.0,0.0,empty_bin
MONASH,386,384.5,385.5,,,0.0,0.0,empty_bin
MONASH,387,385.5,386.5,,,0.0,0.0,empty_bin
MONASH,388,386.5,387.5,,,0.0,0.0,empty_bin
MONASH,389,387.5,388.5,,,0.0,0.0,empty_bin
MONASH,390,388.5,389.5,,,0.0,0.0,empty_bin
MONASH,391,389.5,390.5,,,0.0,0.0,empty_bin
MONASH,392,390.5,391.5,,,0.0,0.0,empty_bin
MONASH,393,391.5,392.5,,,0.0,0.0,empty_bin
MONASH,394,392.5,393.5,,,0.0,0.0,empty_bin
MONASH,395,393.5,394.5,,,0.0,0.0,empty_bin
MONASH,396,394.5,395.5,,,0.0,0.0,empty_bin
MONASH,397,395.5,396.5,,,0.0,0.0,empty_bin
MONASH,398,396.5,397.5,,,0.0,0.0,empty_bin
MONASH,399,397.5,398.5,,,0.0,0.0,empty_bin
MONASH,400,398.5,399.5,,,0.0,0.0,empty_bin
MONASH,401,399.5,400.5,,,0.0,0.0,empty_bin
MONASH,402,400.5,401.5,,,0.0,0.0,empty_bin
MONASH,403,401.5,402.5,,,0.0,0.0,empty_bin
MONASH,404,402.5,403.5,,,0.0,0.0,empty_bin
MONASH,405,403.5,404.5,,,0.0,0.0,empty_bin
MONASH,406,404.5,405.5,,,0.0,0.0,empty_bin
MONASH,407,405.5,406.5,,,0.0,0.0,empty_bin
MONASH,408,406.5,407.5,,,0.0,0.0,empty_bin
MONASH,409,407.5,408.5,,,0.0,0.0,empty_bin
MONASH,410,408.5,409.5,,,0.0,0.0,empty_bin
MONASH,411,409.5,410.5,,,0.0,0.0,empty_bin
MONASH,412,410.5,411.5,,,0.0,0.0,empty_bin
MONASH,413,411.5,412.5,,,0.0,0.0,empty_bin
MONASH,414,412.5,413.5,,,0.0,0.0,empty_bin
MONASH,415,413.5,414.5,,,0.0,0.0,empty_bin
MONASH,416,414.5,415.5,,,0.0,0.0,empty_bin
MONASH,417,415.5,416.5,,,0.0,0.0,empty_bin
MONASH,418,416.5,417.5,,,0.0,0.0,empty_bin
MONASH,419,417.5,418.5,,,0.0,0.0,empty_bin
MONASH,420,418.5,419.5,,,0.0,0.0,empty_bin
MONASH,421,419.5,420.5,,,0.0,0.0,empty_bin
MONASH,422,420.5,421.5,,,0.0,0.0,empty_bin
MONASH,423,421.5,422.5,,,0.0,0.0,empty_bin
MONASH,424,422.5,423.5,,,0.0,0.0,empty_bin
MONASH,425,423.5,424.5,,,0.0,0.0,empty_bin
MONASH,426,424.5,425.5,,,0.0,0.0,empty_bin
MONASH,427,425.5,426.5,,,0.0,0.0,empty_bin
MONASH,428,426.5,427.5,,,0.0,0.0,empty_bin
MONASH,429,427.5,428.5,,,0.0,0.0,empty_bin
MONASH,430,428.5,429.5,,,0.0,0.0,empty_bin
MONASH,431,429.5,430.5,,,0.0,0.0,empty_bin
MONASH,432,430.5,431.5,,,0.0,0.0,empty_bin
MONASH,433,431.5,432.5,,,0.0,0.0,empty_bin
MONASH,434,432.5,433.5,,,0.0,0.0,empty_bin
MONASH,435,433.5,434.5,,,0.0,0.0,empty_bin
MONASH,436,434.5,435.5,,,0.0,0.0,empty_bin
MONASH,437,435.5,436.5,,,0.0,0.0,empty_bin
MONASH,438,436.5,437.5,,,0.0,0.0,empty_bin
MONASH,439,437.5,438.5,,,0.0,0.0,empty_bin
MONASH,440,438.5,439.5,,,0.0,0.0,empty_bin
MONASH,441,439.5,440.5,,,0.0,0.0,empty_bin
MONASH,442,440.5,441.5,,,0.0,0.0,empty_bin
MONASH,443,441.5,442.5,,,0.0,0.0,empty_bin
MONASH,444,442.5,443.5,,,0.0,0.0,empty_bin
MONASH,445,443.5,444.5,,,0.0,0.0,empty_bin
MONASH,446,444.5,445.5,,,0.0,0.0,empty_bin
MONASH,447,445.5,446.5,,,0.0,0.0,empty_bin
MONASH,448,446.5,447.5,,,0.0,0.0,empty_bin
MONASH,449,447.5,448.5,,,0.0,0.0,empty_bin
MONASH,450,448.5,449.5,,,0.0,0.0,empty_bin
MONASH,451,449.5,450.5,,,0.0,0.0,empty_bin
MONASH,452,450.5,451.5,,,0.0,0.0,empty_bin
MONASH,453,451.5,452.5,,,0.0,0.0,empty_bin
MONASH,454,452.5,453.5,,,0.0,0.0,empty_bin
MONASH,455,453.5,454.5,,,0.0,0.0,empty_bin
MONASH,456,454.5,455.5,,,0.0,0.0,empty_bin
MONASH,457,455.5,456.5,,,0.0,0.0,empty_bin
MONASH,458,456.5,457.5,,,0.0,0.0,empty_bin
MONASH,459,457.5,458.5,,,0.0,0.0,empty_bin
MONASH,460,458.5,459.5,,,0.0,0.0,empty_bin
MONASH,461,459.5,460.5,,,0.0,0.0,empty_bin
MONASH,462,460.5,461.5,,,0.0,0.0,empty_bin
MONASH,463,461.5,462.5,,,0.0,0.0,empty_bin
MONASH,464,462.5,463.5,,,0.0,0.0,empty_bin
MONASH,465,463.5,464.5,,,0.0,0.0,empty_bin
MONASH,466,464.5,465.5,,,0.0,0.0,empty_bin
MONASH,467,465.5,466.5,,,0.0,0.0,empty_bin
MONASH,468,466.5,467.5,,,0.0,0.0,empty_bin
MONASH,469,467.5,468.5,,,0.0,0.0,empty_bin
MONASH,470,468.5,469.5,,,0.0,0.0,empty_bin
MONASH,471,469.5,470.5,,,0.0,0.0,empty_bin
MONASH,472,470.5,471.5,,,0.0,0.0,empty_bin
MONASH,473,471.5,472.5,,,0.0,0.0,empty_bin
MONASH,474,472.5,473.5,,,0.0,0.0,empty_bin
MONASH,475,473.5,474.5,,,0.0,0.0,empty_bin
MONASH,476,474.5,475.5,,,0.0,0.0,empty_bin
MONASH,477,475.5,476.5,,,0.0,0.0,empty_bin
MONASH,478,476.5,477.5,,,0.0,0.0,empty_bin
MONASH,479,477.5,478.5,,,0.0,0.0,empty_bin
MONASH,480,478.5,479.5,,,0.0,0.0,empty_bin
MONASH,481,479.5,480.5,,,0.0,0.0,empty_bin
MONASH,482,480.5,481.5,,,0.0,0.0,empty_bin
MONASH,483,481.5,482.5,,,0.0,0.0,empty_bin
MONASH,484,482.5,483.5,,,0.0,0.0,empty_bin
MONASH,485,483.5,484.5,,,0.0,0.0,empty_bin
MONASH,486,484.5,485.5,,,0.0,0.0,empty_bin
MONASH,487,485.5,486.5,,,0.0,0.0,empty_bin
MONASH,488,486.5,487.5,,,0.0,0.0,empty_bin
MONASH,489,487.5,488.5,,,0.0,0.0,empty_bin
MONASH,490,488.5,489.5,,,0.0,0.0,empty_bin
MONASH,491,489.5,490.5,,,0.0,0.0,empty_bin
MONASH,492,490.5,491.5,,,0.0,0.0,empty_bin
MONASH,493,491.5,492.5,,,0.0,0.0,empty_bin
MONASH,494,492.5,493.5,,,0.0,0.0,empty_bin
MONASH,495,493.5,494.5,,,0.0,0.0,empty_bin
MONASH,496,494.5,495.5,,,0.0,0.0,empty_bin
MONASH,497,495.5,496.5,,,0.0,0.0,empty_bin
MONASH,498,496.5,497.5,,,0.0,0.0,empty_bin
MONASH,499,497.5,498.5,,,0.0,0.0,empty_bin
MONASH,500,498.5,499.5,,,0.0,0.0,empty_bin
MONASH,501,499.5,500.5,,,0.0,0.0,empty_bin
MONASH,502,500.5,501.5,,,0.0,0.0,empty_bin
MONASH,503,501.5,502.5,,,0.0,0.0,empty_bin
MONASH,504,502.5,503.5,,,0.0,0.0,empty_bin
MONASH,505,503.5,504.5,,,0.0,0.0,empty_bin
MONASH,506,504.5,505.5,,,0.0,0.0,empty_bin
MONASH,507,505.5,506.5,,,0.0,0.0,empty_bin
MONASH,508,506.5,507.5,,,0.0,0.0,empty_bin
MONASH,509,507.5,508.5,,,0.0,0.0,empty_bin
MONASH,510,508.5,509.5,,,0.0,0.0,empty_bin
MONASH,511,509.5,510.5,,,0.0,0.0,empty_bin
MONASH,512,510.5,511.5,,,0.0,0.0,empty_bin
MONASH,513,511.5,512.5,,,0.0,0.0,empty_bin
MONASH,514,512.5,513.5,,,0.0,0.0,empty_bin
MONASH,515,513.5,514.5,,,0.0,0.0,empty_bin
MONASH,516,514.5,515.5,,,0.0,0.0,empty_bin
MONASH,517,515.5,516.5,,,0.0,0.0,empty_bin
MONASH,518,516.5,517.5,,,0.0,0.0,empty_bin
MONASH,519,517.5,518.5,,,0.0,0.0,empty_bin
MONASH,520,518.5,519.5,,,0.0,0.0,empty_bin
MONASH,521,519.5,520.5,,,0.0,0.0,empty_bin
MONASH,522,520.5,521.5,,,0.0,0.0,empty_bin
MONASH,523,521.5,522.5,,,0.0,0.0,empty_bin
MONASH,524,522.5,523.5,,,0.0,0.0,empty_bin
MONASH,525,523.5,524.5,,,0.0,0.0,empty_bin
MONASH,526,524.5,525.5,,,0.0,0.0,empty_bin
MONASH,527,525.5,526.5,,,0.0,0.0,empty_bin
MONASH,528,526.5,527.5,,,0.0,0.0,empty_bin
MONASH,529,527.5,528.5,,,0.0,0.0,empty_bin
MONASH,530,528.5,529.5,,,0.0,0.0,empty_bin
MONASH,531,529.5,530.5,,,0.0,0.0,empty_bin
MONASH,532,530.5,531.5,,,0.0,0.0,empty_bin
MONASH,533,531.5,532.5,,,0.0,0.0,empty_bin
MONASH,534,532.5,533.5,,,0.0,0.0,empty_bin
MONASH,535,533.5,534.5,,,0.0,0.0,empty_bin
MONASH,536,534.5,535.5,,,0.0,0.0,empty_bin
MONASH,537,535.5,536.5,,,0.0,0.0,empty_bin
MONASH,538,536.5,537.5,,,0.0,0.0,empty_bin
MONASH,539,537.5,538.5,,,0.0,0.0,empty_bin
MONASH,540,538.5,539.5,,,0.0,0.0,empty_bin
MONASH,541,539.5,540.5,,,0.0,0.0,empty_bin
MONASH,542,540.5,541.5,,,0.0,0.0,empty_bin
MONASH,543,541.5,542.5,,,0.0,0.0,empty_bin
MONASH,544,542.5,543.5,,,0.0,0.0,empty_bin
MONASH,545,543.5,544.5,,,0.0,0.0,empty_bin
MONASH,546,544.5,545.5,,,0.0,0.0,empty_bin
MONASH,547,545.5,546.5,,,0.0,0.0,empty_bin
MONASH,548,546.5,547.5,,,0.0,0.0,empty_bin
MONASH,549,547.5,548.5,,,0.0,0.0,empty_bin
MONASH,550,548.5,549.5,,,0.0,0.0,empty_bin
MONASH,551,549.5,550.5,,,0.0,0.0,empty_bin
MONASH,552,550.5,551.5,,,0.0,0.0,empty_bin
MONASH,553,551.5,552.5,,,0.0,0.0,empty_bin
MONASH,554,552.5,553.5,,,0.0,0.0,empty_bin
MONASH,555,553.5,554.5,,,0.0,0.0,empty_bin
MONASH,556,554.5,555.5,,,0.0,0.0,empty_bin
MONASH,557,555.5,556.5,,,0.0,0.0,empty_bin
MONASH,558,556.5,557.5,,,0.0,0.0,empty_bin
MONASH,559,557.5,558.5,,,0.0,0.0,empty_bin
MONASH,560,558.5,559.5,,,0.0,0.0,empty_bin
MONASH,561,559.5,560.5,,,0.0,0.0,empty_bin
MONASH,562,560.5,561.5,,,0.0,0.0,empty_bin
MONASH,563,561.5,562.5,,,0.0,0.0,empty_bin
MONASH,564,562.5,563.5,,,0.0,0.0,empty_bin
MONASH,565,563.5,564.5,,,0.0,0.0,empty_bin
MONASH,566,564.5,565.5,,,0.0,0.0,empty_bin
MONASH,567,565.5,566.5,,,0.0,0.0,empty_bin
MONASH,568,566.5,567.5,,,0.0,0.0,empty_bin
MONASH,569,567.5,568.5,,,0.0,0.0,empty_bin
MONASH,570,568.5,569.5,,,0.0,0.0,empty_bin
MONASH,571,569.5,570.5,,,0.0,0.0,empty_bin
MONASH,572,570.5,571.5,,,0.0,0.0,empty_bin
MONASH,573,571.5,572.5,,,0.0,0.0,empty_bin
MONASH,574,572.5,573.5,,,0.0,0.0,empty_bin
MONASH,575,573.5,574.5,,,0.0,0.0,empty_bin
MONASH,576,574.5,575.5,,,0.0,0.0,empty_bin
MONASH,577,575.5,576.5,,,0.0,0.0,empty_bin
MONASH,578,576.5,577.5,,,0.0,0.0,empty_bin
MONASH,579,577.5,578.5,,,0.0,0.0,empty_bin
MONASH,580,578.5,579.5,,,0.0,0.0,empty_bin
MONASH,581,579.5,580.5,,,0.0,0.0,empty_bin
MONASH,582,580.5,581.5,,,0.0,0.0,empty_bin
MONASH,583,581.5,582.5,,,0.0,0.0,empty_bin
MONASH,584,582.5,583.5,,,0.0,0.0,empty_bin
MONASH,585,583.5,584.5,,,0.0,0.0,empty_bin
MONASH,586,584.5,585.5,,,0.0,0.0,empty_bin
MONASH,587,585.5,586.5,,,0.0,0.0,empty_bin
MONASH,588,586.5,587.5,,,0.0,0.0,empty_bin
MONASH,589,587.5,588.5,,,0.0,0.0,empty_bin
MONASH,590,588.5,589.5,,,0.0,0.0,empty_bin
MONASH,591,589.5,590.5,,,0.0,0.0,empty_bin
MONASH,592,590.5,591.5,,,0.0,0.0,empty_bin
MONASH,593,591.5,592.5,,,0.0,0.0,empty_bin
MONASH,594,592.5,593.5,,,0.0,0.0,empty_bin
MONASH,595,593.5,594.5,,,0.0,0.0,empty_bin
MONASH,596,594.5,595.5,,,0.0,0.0,empty_bin
MONASH,597,595.5,596.5,,,0.0,0.0,empty_bin
MONASH,598,596.5,597.5,,,0.0,0.0,empty_bin
MONASH,599,597.5,598.5,,,0.0,0.0,empty_bin
MONASH,600,598.5,599.5,,,0.0,0.0,empty_bin
MONASH,601,599.5,600.5,,,0.0,0.0,empty_bin
MONASH,602,600.5,601.5,,,0.0,0.0,empty_bin
MONASH,603,601.5,602.5,,,0.0,0.0,empty_bin
MONASH,604,602.5,603.5,,,0.0,0.0,empty_bin
MONASH,605,603.5,604.5,,,0.0,0.0,empty_bin
MONASH,606,604.5,605.5,,,0.0,0.0,empty_bin
MONASH,607,605.5,606.5,,,0.0,0.0,empty_bin
MONASH,608,606.5,607.5,,,0.0,0.0,empty_bin
MONASH,609,607.5,608.5,,,0.0,0.0,empty_bin
MONASH,610,608.5,609.5,,,0.0,0.0,empty_bin
MONASH,611,609.5,610.5,,,0.0,0.0,empty_bin
MONASH,612,610.5,611.5,,,0.0,0.0,empty_bin
MONASH,613,611.5,612.5,,,0.0,0.0,empty_bin
MONASH,614,612.5,613.5,,,0.0,0.0,empty_bin
MONASH,615,613.5,614.5,,,0.0,0.0,empty_bin
MONASH,616,614.5,615.5,,,0.0,0.0,empty_bin
MONASH,617,615.5,616.5,,,0.0,0.0,empty_bin
MONASH,618,616.5,617.5,,,0.0,0.0,empty_bin
MONASH,619,617.5,618.5,,,0.0,0.0,empty_bin
MONASH,620,618.5,619.5,,,0.0,0.0,empty_bin
MONASH,621,619.5,620.5,,,0.0,0.0,empty_bin
MONASH,622,620.5,621.5,,,0.0,0.0,empty_bin
MONASH,623,621.5,622.5,,,0.0,0.0,empty_bin
MONASH,624,622.5,623.5,,,0.0,0.0,empty_bin
MONASH,625,623.5,624.5,,,0.0,0.0,empty_bin
MONASH,626,624.5,625.5,,,0.0,0.0,empty_bin
MONASH,627,625.5,626.5,,,0.0,0.0,empty_bin
MONASH,628,626.5,627.5,,,0.0,0.0,empty_bin
MONASH,629,627.5,628.5,,,0.0,0.0,empty_bin
MONASH,630,628.5,629.5,,,0.0,0.0,empty_bin
MONASH,631,629.5,630.5,,,0.0,0.0,empty_bin
MONASH,632,630.5,631.5,,,0.0,0.0,empty_bin
MONASH,633,631.5,632.5,,,0.0,0.0,empty_bin
MONASH,634,632.5,633.5,,,0.0,0.0,empty_bin
MONASH,635,633.5,634.5,,,0.0,0.0,empty_bin
MONASH,636,634.5,635.5,,,0.0,0.0,empty_bin
MONASH,637,635.5,636.5,,,0.0,0.0,empty_bin
MONASH,638,636.5,637.5,,,0.0,0.0,empty_bin
MONASH,639,637.5,638.5,,,0.0,0.0,empty_bin
MONASH,640,638.5,639.5,,,0.0,0.0,empty_bin
MONASH,641,639.5,640.5,,,0.0,0.0,empty_bin
MONASH,642,640.5,641.5,,,0.0,0.0,empty_bin
MONASH,643,641.5,642.5,,,0.0,0.0,empty_bin
MONASH,644,642.5,643.5,,,0.0,0.0,empty_bin
MONASH,645,643.5,644.5,,,0.0,0.0,empty_bin
MONASH,646,644.5,645.5,,,0.0,0.0,empty_bin
MONASH,647,645.5,646.5,,,0.0,0.0,empty_bin
MONASH,648,646.5,647.5,,,0.0,0.0,empty_bin
MONASH,649,647.5,648.5,,,0.0,0.0,empty_bin
MONASH,650,648.5,649.5,,,0.0,0.0,empty_bin
MONASH,651,649.5,650.5,,,0.0,0.0,empty_bin
MONASH,652,650.5,651.5,,,0.0,0.0,empty_bin
MONASH,653,651.5,652.5,,,0.0,0.0,empty_bin
MONASH,654,652.5,653.5,,,0.0,0.0,empty_bin
MONASH,655,653.5,654.5,,,0.0,0.0,empty_bin
MONASH,656,654.5,655.5,,,0.0,0.0,empty_bin
MONASH,657,655.5,656.5,,,0.0,0.0,empty_bin
MONASH,658,656.5,657.5,,,0.0,0.0,empty_bin
MONASH,659,657.5,658.5,,,0.0,0.0,empty_bin
MONASH,660,658.5,659.5,,,0.0,0.0,empty_bin
MONASH,661,659.5,660.5,,,0.0,0.0,empty_bin
MONASH,662,660.5,661.5,,,0.0,0.0,empty_bin
MONASH,663,661.5,662.5,,,0.0,0.0,empty_bin
MONASH,664,662.5,663.5,,,0.0,0.0,empty_bin
MONASH,665,663.5,664.5,,,0.0,0.0,empty_bin
MONASH,666,664.5,665.5,,,0.0,0.0,empty_bin
MONASH,667,665.5,666.5,,,0.0,0.0,empty_bin
MONASH,668,666.5,667.5,,,0.0,0.0,empty_bin
MONASH,669,667.5,668.5,,,0.0,0.0,empty_bin
MONASH,670,668.5,669.5,,,0.0,0.0,empty_bin
MONASH,671,669.5,670.5,,,0.0,0.0,empty_bin
MONASH,672,670.5,671.5,,,0.0,0.0,empty_bin
MONASH,673,671.5,672.5,,,0.0,0.0,empty_bin
MONASH,674,672.5,673.5,,,0.0,0.0,empty_bin
MONASH,675,673.5,674.5,,,0.0,0.0,empty_bin
MONASH,676,674.5,675.5,,,0.0,0.0,empty_bin
MONASH,677,675.5,676.5,,,0.0,0.0,empty_bin
MONASH,678,676.5,677.5,,,0.0,0.0,empty_bin
MONASH,679,677.5,678.5,,,0.0,0.0,empty_bin
MONASH,680,678.5,679.5,,,0.0,0.0,empty_bin
MONASH,681,679.5,680.5,,,0.0,0.0,empty_bin
MONASH,682,680.5,681.5,,,0.0,0.0,empty_bin
MONASH,683,681.5,682.5,,,0.0,0.0,empty_bin
MONASH,684,682.5,683.5,,,0.0,0.0,empty_bin
MONASH,685,683.5,684.5,,,0.0,0.0,empty_bin
MONASH,686,684.5,685.5,,,0.0,0.0,empty_bin
MONASH,687,685.5,686.5,,,0.0,0.0,empty_bin
MONASH,688,686.5,687.5,,,0.0,0.0,empty_bin
MONASH,689,687.5,688.5,,,0.0,0.0,empty_bin
MONASH,690,688.5,689.5,,,0.0,0.0,empty_bin
MONASH,691,689.5,690.5,,,0.0,0.0,empty_bin
MONASH,692,690.5,691.5,,,0.0,0.0,empty_bin
MONASH,693,691.5,692.5,,,0.0,0.0,empty_bin
MONASH,694,692.5,693.5,,,0.0,0.0,empty_bin
MONASH,695,693.5,694.5,,,0.0,0.0,empty_bin
MONASH,696,694.5,695.5,,,0.0,0.0,empty_bin
MONASH,697,695.5,696.5,,,0.0,0.0,empty_bin
MONASH,698,696.5,697.5,,,0.0,0.0,empty_bin
MONASH,699,697.5,698.5,,,0.0,0.0,empty_bin
MONASH,700,698.5,699.5,,,0.0,0.0,empty_bin
MONASH,701,699.5,700.5,,,0.0,0.0,empty_bin
MONASH,702,700.5,701.5,,,0.0,0.0,empty_bin
MONASH,703,701.5,702.5,,,0.0,0.0,empty_bin
MONASH,704,702.5,703.5,,,0.0,0.0,empty_bin
MONASH,705,703.5,704.5,,,0.0,0.0,empty_bin
MONASH,706,704.5,705.5,,,0.0,0.0,empty_bin
MONASH,707,705.5,706.5,,,0.0,0.0,empty_bin
MONASH,708,706.5,707.5,,,0.0,0.0,empty_bin
MONASH,709,707.5,708.5,,,0.0,0.0,empty_bin
MONASH,710,708.5,709.5,,,0.0,0.0,empty_bin
MONASH,711,709.5,710.5,,,0.0,0.0,empty_bin
MONASH,712,710.5,711.5,,,0.0,0.0,empty_bin
MONASH,713,711.5,712.5,,,0.0,0.0,empty_bin
MONASH,714,712.5,713.5,,,0.0,0.0,empty_bin
MONASH,715,713.5,714.5,,,0.0,0.0,empty_bin
MONASH,716,714.5,715.5,,,0.0,0.0,empty_bin
MONASH,717,715.5,716.5,,,0.0,0.0,empty_bin
MONASH,718,716.5,717.5,,,0.0,0.0,empty_bin
MONASH,719,717.5,718.5,,,0.0,0.0,empty_bin
MONASH,720,718.5,719.5,,,0.0,0.0,empty_bin
MONASH,721,719.5,720.5,,,0.0,0.0,empty_bin
MONASH,722,720.5,721.5,,,0.0,0.0,empty_bin
MONASH,723,721.5,722.5,,,0.0,0.0,empty_bin
MONASH,724,722.5,723.5,,,0.0,0.0,empty_bin
MONASH,725,723.5,724.5,,,0.0,0.0,empty_bin
MONASH,726,724.5,725.5,,,0.0,0.0,empty_bin
MONASH,727,725.5,726.5,,,0.0,0.0,empty_bin
MONASH,728,726.5,727.5,,,0.0,0.0,empty_bin
MONASH,729,727.5,728.5,,,0.0,0.0,empty_bin
MONASH,730,728.5,729.5,,,0.0,0.0,empty_bin
MONASH,731,729.5,730.5,,,0.0,0.0,empty_bin
MONASH,732,730.5,731.5,,,0.0,0.0,empty_bin
MONASH,733,731.5,732.5,,,0.0,0.0,empty_bin
MONASH,734,732.5,733.5,,,0.0,0.0,empty_bin
MONASH,735,733.5,734.5,,,0.0,0.0,empty_bin
MONASH,736,734.5,735.5,,,0.0,0.0,empty_bin
MONASH,737,735.5,736.5,,,0.0,0.0,empty_bin
MONASH,738,736.5,737.5,,,0.0,0.0,empty_bin
MONASH,739,737.5,738.5,,,0.0,0.0,empty_bin
MONASH,740,738.5,739.5,,,0.0,0.0,empty_bin
MONASH,741,739.5,740.5,,,0.0,0.0,empty_bin
MONASH,742,740.5,741.5,,,0.0,0.0,empty_bin
MONASH,743,741.5,742.5,,,0.0,0.0,empty_bin
MONASH,744,742.5,743.5,,,0.0,0.0,empty_bin
MONASH,745,743.5,744.5,,,0.0,0.0,empty_bin
MONASH,746,744.5,745.5,,,0.0,0.0,empty_bin
MONASH,747,745.5,746.5,,,0.0,0.0,empty_bin
MONASH,748,746.5,747.5,,,0.0,0.0,empty_bin
MONASH,749,747.5,748.5,,,0.0,0.0,empty_bin
MONASH,750,748.5,749.5,,,0.0,0.0,empty_bin
MONASH,751,749.5,750.5,,,0.0,0.0,empty_bin
MONASH,752,750.5,751.5,,,0.0,0.0,empty_bin
MONASH,753,751.5,752.5,,,0.0,0.0,empty_bin
MONASH,754,752.5,753.5,,,0.0,0.0,empty_bin
MONASH,755,753.5,754.5,,,0.0,0.0,empty_bin
MONASH,756,754.5,755.5,,,0.0,0.0,empty_bin
MONASH,757,755.5,756.5,,,0.0,0.0,empty_bin
MONASH,758,756.5,757.5,,,0.0,0.0,empty_bin
MONASH,759,757.5,758.5,,,0.0,0.0,empty_bin
MONASH,760,758.5,759.5,,,0.0,0.0,empty_bin
MONASH,761,759.5,760.5,,,0.0,0.0,empty_bin
MONASH,762,760.5,761.5,,,0.0,0.0,empty_bin
MONASH,763,761.5,762.5,,,0.0,0.0,empty_bin
MONASH,764,762.5,763.5,,,0.0,0.0,empty_bin
MONASH,765,763.5,764.5,,,0.0,0.0,empty_bin
MONASH,766,764.5,765.5,,,0.0,0.0,empty_bin
MONASH,767,765.5,766.5,,,0.0,0.0,empty_bin
MONASH,768,766.5,767.5,,,0.0,0.0,empty_bin
MONASH,769,767.5,768.5,,,0.0,0.0,empty_bin
MONASH,770,768.5,769.5,,,0.0,0.0,empty_bin
MONASH,771,769.5,770.5,,,0.0,0.0,empty_bin
MONASH,772,770.5,771.5,,,0.0,0.0,empty_bin
MONASH,773,771.5,772.5,,,0.0,0.0,empty_bin
MONASH,774,772.5,773.5,,,0.0,0.0,empty_bin
MONASH,775,773.5,774.5,,,0.0,0.0,empty_bin
MONASH,776,774.5,775.5,,,0.0,0.0,empty_bin
MONASH,777,775.5,776.5,,,0.0,0.0,empty_bin
MONASH,778,776.5,777.5,,,0.0,0.0,empty_bin
MONASH,779,777.5,778.5,,,0.0,0.0,empty_bin
MONASH,780,778.5,779.5,,,0.0,0.0,empty_bin
MONASH,781,779.5,780.5,,,0.0,0.0,empty_bin
MONASH,782,780.5,781.5,,,0.0,0.0,empty_bin
MONASH,783,781.5,782.5,,,0.0,0.0,empty_bin
MONASH,784,782.5,783.5,,,0.0,0.0,empty_bin
MONASH,785,783.5,784.5,,,0.0,0.0,empty_bin
MONASH,786,784.5,785.5,,,0.0,0.0,empty_bin
MONASH,787,785.5,786.5,,,0.0,0.0,empty_bin
MONASH,788,786.5,787.5,,,0.0,0.0,empty_bin
MONASH,789,787.5,788.5,,,0.0,0.0,empty_bin
MONASH,790,788.5,789.5,,,0.0,0.0,empty_bin
MONASH,791,789.5,790.5,,,0.0,0.0,empty_bin
MONASH,792,790.5,791.5,,,0.0,0.0,empty_bin
MONASH,793,791.5,792.5,,,0.0,0.0,empty_bin
MONASH,794,792.5,793.5,,,0.0,0.0,empty_bin
MONASH,795,793.5,794.5,,,0.0,0.0,empty_bin
MONASH,796,794.5,795.5,,,0.0,0.0,empty_bin
MONASH,797,795.5,796.5,,,0.0,0.0,empty_bin
MONASH,798,796.5,797.5,,,0.0,0.0,empty_bin
MONASH,799,797.5,798.5,,,0.0,0.0,empty_bin
MONASH,800,798.5,799.5,,,0.0,0.0,empty_bin
MONASH,801,799.5,800.5,,,0.0,0.0,empty_bin
MONASH,802,800.5,801.5,,,0.0,0.0,empty_bin
MONASH,803,801.5,802.5,,,0.0,0.0,empty_bin
MONASH,804,802.5,803.5,,,0.0,0.0,empty_bin
MONASH,805,803.5,804.5,,,0.0,0.0,empty_bin
MONASH,806,804.5,805.5,,,0.0,0.0,empty_bin
MONASH,807,805.5,806.5,,,0.0,0.0,empty_bin
MONASH,808,806.5,807.5,,,0.0,0.0,empty_bin
MONASH,809,807.5,808.5,,,0.0,0.0,empty_bin
MONASH,810,808.5,809.5,,,0.0,0.0,empty_bin
MONASH,811,809.5,810.5,,,0.0,0.0,empty_bin
MONASH,812,810.5,811.5,,,0.0,0.0,empty_bin
MONASH,813,811.5,812.5,,,0.0,0.0,empty_bin
MONASH,814,812.5,813.5,,,0.0,0.0,empty_bin
MONASH,815,813.5,814.5,,,0.0,0.0,empty_bin
MONASH,816,814.5,815.5,,,0.0,0.0,empty_bin
MONASH,817,815.5,816.5,,,0.0,0.0,empty_bin
MONASH,818,816.5,817.5,,,0.0,0.0,empty_bin
MONASH,819,817.5,818.5,,,0.0,0.0,empty_bin
MONASH,820,818.5,819.5,,,0.0,0.0,empty_bin
MONASH,821,819.5,820.5,,,0.0,0.0,empty_bin
MONASH,822,820.5,821.5,,,0.0,0.0,empty_bin
MONASH,823,821.5,822.5,,,0.0,0.0,empty_bin
MONASH,824,822.5,823.5,,,0.0,0.0,empty_bin
MONASH,825,823.5,824.5,,,0.0,0.0,empty_bin
MONASH,826,824.5,825.5,,,0.0,0.0,empty_bin
MONASH,827,825.5,826.5,,,0.0,0.0,empty_bin
MONASH,828,826.5,827.5,,,0.0,0.0,empty_bin
MONASH,829,827.5,828.5,,,0.0,0.0,empty_bin
MONASH,830,828.5,829.5,,,0.0,0.0,empty_bin
MONASH,831,829.5,830.5,,,0.0,0.0,empty_bin
MONASH,832,830.5,831.5,,,0.0,0.0,empty_bin
MONASH,833,831.5,832.5,,,0.0,0.0,empty_bin
MONASH,834,832.5,833.5,,,0.0,0.0,empty_bin
MONASH,835,833.5,834.5,,,0.0,0.0,empty_bin
MONASH,836,834.5,835.5,,,0.0,0.0,empty_bin
MONASH,837,835.5,836.5,,,0.0,0.0,empty_bin
MONASH,838,836.5,837.5,,,0.0,0.0,empty_bin
MONASH,839,837.5,838.5,,,0.0,0.0,empty_bin
MONASH,840,838.5,839.5,,,0.0,0.0,empty_bin
MONASH,841,839.5,840.5,,,0.0,0.0,empty_bin
MONASH,842,840.5,841.5,,,0.0,0.0,empty_bin
MONASH,843,841.5,842.5,,,0.0,0.0,empty_bin
MONASH,844,842.5,843.5,,,0.0,0.0,empty_bin
MONASH,845,843.5,844.5,,,0.0,0.0,empty_bin
MONASH,846,844.5,845.5,,,0.0,0.0,empty_bin
MONASH,847,845.5,846.5,,,0.0,0.0,empty_bin
MONASH,848,846.5,847.5,,,0.0,0.0,empty_bin
MONASH,849,847.5,848.5,,,0.0,0.0,empty_bin
MONASH,850,848.5,849.5,,,0.0,0.0,empty_bin
MONASH,851,849.5,850.5,,,0.0,0.0,empty_bin
MONASH,852,850.5,851.5,,,0.0,0.0,empty_bin
MONASH,853,851.5,852.5,,,0.0,0.0,empty_bin
MONASH,854,852.5,853.5,,,0.0,0.0,empty_bin
MONASH,855,853.5,854.5,,,0.0,0.0,empty_bin
MONASH,856,854.5,855.5,,,0.0,0.0,empty_bin
MONASH,857,855.5,856.5,,,0.0,0.0,empty_bin
MONASH,858,856.5,857.5,,,0.0,0.0,empty_bin
MONASH,859,857.5,858.5,,,0.0,0.0,empty_bin
MONASH,860,858.5,859.5,,,0.0,0.0,empty_bin
MONASH,861,859.5,860.5,,,0.0,0.0,empty_bin
MONASH,862,860.5,861.5,,,0.0,0.0,empty_bin
MONASH,863,861.5,862.5,,,0.0,0.0,empty_bin
MONASH,864,862.5,863.5,,,0.0,0.0,empty_bin
MONASH,865,863.5,864.5,,,0.0,0.0,empty_bin
MONASH,866,864.5,865.5,,,0.0,0.0,empty_bin
MONASH,867,865.5,866.5,,,0.0,0.0,empty_bin
MONASH,868,866.5,867.5,,,0.0,0.0,empty_bin
MONASH,869,867.5,868.5,,,0.0,0.0,empty_bin
MONASH,870,868.5,869.5,,,0.0,0.0,empty_bin
MONASH,871,869.5,870.5,,,0.0,0.0,empty_bin
MONASH,872,870.5,871.5,,,0.0,0.0,empty_bin
MONASH,873,871.5,872.5,,,0.0,0.0,empty_bin
MONASH,874,872.5,873.5,,,0.0,0.0,empty_bin
MONASH,875,873.5,874.5,,,0.0,0.0,empty_bin
MONASH,876,874.5,875.5,,,0.0,0.0,empty_bin
MONASH,877,875.5,876.5,,,0.0,0.0,empty_bin
MONASH,878,876.5,877.5,,,0.0,0.0,empty_bin
MONASH,879,877.5,878.5,,,0.0,0.0,empty_bin
MONASH,880,878.5,879.5,,,0.0,0.0,empty_bin
MONASH,881,879.5,880.5,,,0.0,0.0,empty_bin
MONASH,882,880.5,881.5,,,0.0,0.0,empty_bin
MONASH,883,881.5,882.5,,,0.0,0.0,empty_bin
MONASH,884,882.5,883.5,,,0.0,0.0,empty_bin
MONASH,885,883.5,884.5,,,0.0,0.0,empty_bin
MONASH,886,884.5,885.5,,,0.0,0.0,empty_bin
MONASH,887,885.5,886.5,,,0.0,0.0,empty_bin
MONASH,888,886.5,887.5,,,0.0,0.0,empty_bin
MONASH,889,887.5,888.5,,,0.0,0.0,empty_bin
MONASH,890,888.5,889.5,,,0.0,0.0,empty_bin
MONASH,891,889.5,890.5,,,0.0,0.0,empty_bin
MONASH,892,890.5,891.5,,,0.0,0.0,empty_bin
MONASH,893,891.5,892.5,,,0.0,0.0,empty_bin
MONASH,894,892.5,893.5,,,0.0,0.0,empty_bin
MONASH,895,893.5,894.5,,,0.0,0.0,empty_bin
MONASH,896,894.5,895.5,,,0.0,0.0,empty_bin
MONASH,897,895.5,896.5,,,0.0,0.0,empty_bin
MONASH,898,896.5,897.5,,,0.0,0.0,empty_bin
MONASH,899,897.5,898.5,,,0.0,0.0,empty_bin
MONASH,900,898.5,899.5,,,0.0,0.0,empty_bin
MONASH,901,899.5,900.5,,,0.0,0.0,empty_bin
MONASH,902,900.5,901.5,,,0.0,0.0,empty_bin
MONASH,903,901.5,902.5,,,0.0,0.0,empty_bin
MONASH,904,902.5,903.5,,,0.0,0.0,empty_bin
MONASH,905,903.5,904.5,,,0.0,0.0,empty_bin
MONASH,906,904.5,905.5,,,0.0,0.0,empty_bin
MONASH,907,905.5,906.5,,,0.0,0.0,empty_bin
MONASH,908,906.5,907.5,,,0.0,0.0,empty_bin
MONASH,909,907.5,908.5,,,0.0,0.0,empty_bin
MONASH,910,908.5,909.5,,,0.0,0.0,empty_bin
MONASH,911,909.5,910.5,,,0.0,0.0,empty_bin
MONASH,912,910.5,911.5,,,0.0,0.0,empty_bin
MONASH,913,911.5,912.5,,,0.0,0.0,empty_bin
MONASH,914,912.5,913.5,,,0.0,0.0,empty_bin
MONASH,915,913.5,914.5,,,0.0,0.0,empty_bin
MONASH,916,914.5,915.5,,,0.0,0.0,empty_bin
MONASH,917,915.5,916.5,,,0.0,0.0,empty_bin
MONASH,918,916.5,917.5,,,0.0,0.0,empty_bin
MONASH,919,917.5,918.5,,,0.0,0.0,empty_bin
MONASH,920,918.5,919.5,,,0.0,0.0,empty_bin
MONASH,921,919.5,920.5,,,0.0,0.0,empty_bin
MONASH,922,920.5,921.5,,,0.0,0.0,empty_bin
MONASH,923,921.5,922.5,,,0.0,0.0,empty_bin
MONASH,924,922.5,923.5,,,0.0,0.0,empty_bin
MONASH,925,923.5,924.5,,,0.0,0.0,empty_bin
MONASH,926,924.5,925.5,,,0.0,0.0,empty_bin
MONASH,927,925.5,926.5,,,0.0,0.0,empty_bin
MONASH,928,926.5,927.5,,,0.0,0.0,empty_bin
MONASH,929,927.5,928.5,,,0.0,0.0,empty_bin
MONASH,930,928.5,929.5,,,0.0,0.0,empty_bin
MONASH,931,929.5,930.5,,,0.0,0.0,empty_bin
MONASH,932,930.5,931.5,,,0.0,0.0,empty_bin
MONASH,933,931.5,932.5,,,0.0,0.0,empty_bin
MONASH,934,932.5,933.5,,,0.0,0.0,empty_bin
MONASH,935,933.5,934.5,,,0.0,0.0,empty_bin
MONASH,936,934.5,935.5,,,0.0,0.0,empty_bin
MONASH,937,935.5,936.5,,,0.0,0.0,empty_bin
MONASH,938,936.5,937.5,,,0.0,0.0,empty_bin
MONASH,939,937.5,938.5,,,0.0,0.0,empty_bin
MONASH,940,938.5,939.5,,,0.0,0.0,empty_bin
MONASH,941,939.5,940.5,,,0.0,0.0,empty_bin
MONASH,942,940.5,941.5,,,0.0,0.0,empty_bin
MONASH,943,941.5,942.5,,,0.0,0.0,empty_bin
MONASH,944,942.5,943.5,,,0.0,0.0,empty_bin
MONASH,945,943.5,944.5,,,0.0,0.0,empty_bin
MONASH,946,944.5,945.5,,,0.0,0.0,empty_bin
MONASH,947,945.5,946.5,,,0.0,0.0,empty_bin
MONASH,948,946.5,947.5,,,0.0,0.0,empty_bin
MONASH,949,947.5,948.5,,,0.0,0.0,empty_bin
MONASH,950,948.5,949.5,,,0.0,0.0,empty_bin
MONASH,951,949.5,950.5,,,0.0,0.0,empty_bin
MONASH,952,950.5,951.5,,,0.0,0.0,empty_bin
MONASH,953,951.5,952.5,,,0.0,0.0,empty_bin
MONASH,954,952.5,953.5,,,0.0,0.0,empty_bin
MONASH,955,953.5,954.5,,,0.0,0.0,empty_bin
MONASH,956,954.5,955.5,,,0.0,0.0,empty_bin
MONASH,957,955.5,956.5,,,0.0,0.0,empty_bin
MONASH,958,956.5,957.5,,,0.0,0.0,empty_bin
MONASH,959,957.5,958.5,,,0.0,0.0,empty_bin
MONASH,960,958.5,959.5,,,0.0,0.0,empty_bin
MONASH,961,959.5,960.5,,,0.0,0.0,empty_bin
MONASH,962,960.5,961.5,,,0.0,0.0,empty_bin
MONASH,963,961.5,962.5,,,0.0,0.0,empty_bin
MONASH,964,962.5,963.5,,,0.0,0.0,empty_bin
MONASH,965,963.5,964.5,,,0.0,0.0,empty_bin
MONASH,966,964.5,965.5,,,0.0,0.0,empty_bin
MONASH,967,965.5,966.5,,,0.0,0.0,empty_bin
MONASH,968,966.5,967.5,,,0.0,0.0,empty_bin
MONASH,969,967.5,968.5,,,0.0,0.0,empty_bin
MONASH,970,968.5,969.5,,,0.0,0.0,empty_bin
MONASH,971,969.5,970.5,,,0.0,0.0,empty_bin
MONASH,972,970.5,971.5,,,0.0,0.0,empty_bin
MONASH,973,971.5,972.5,,,0.0,0.0,empty_bin
MONASH,974,972.5,973.5,,,0.0,0.0,empty_bin
MONASH,975,973.5,974.5,,,0.0,0.0,empty_bin
MONASH,976,974.5,975.5,,,0.0,0.0,empty_bin
MONASH,977,975.5,976.5,,,0.0,0.0,empty_bin
MONASH,978,976.5,977.5,,,0.0,0.0,empty_bin
MONASH,979,977.5,978.5,,,0.0,0.0,empty_bin
MONASH,980,978.5,979.5,,,0.0,0.0,empty_bin
MONASH,981,979.5,980.5,,,0.0,0.0,empty_bin
MONASH,982,980.5,981.5,,,0.0,0.0,empty_bin
MONASH,983,981.5,982.5,,,0.0,0.0,empty_bin
MONASH,984,982.5,983.5,,,0.0,0.0,empty_bin
MONASH,985,983.5,984.5,,,0.0,0.0,empty_bin
MONASH,986,984.5,985.5,,,0.0,0.0,empty_bin
MONASH,987,985.5,986.5,,,0.0,0.0,empty_bin
MONASH,988,986.5,987.5,,,0.0,0.0,empty_bin
MONASH,989,987.5,988.5,,,0.0,0.0,empty_bin
MONASH,990,988.5,989.5,,,0.0,0.0,empty_bin
MONASH,991,989.5,990.5,,,0.0,0.0,empty_bin
MONASH,992,990.5,991.5,,,0.0,0.0,empty_bin
MONASH,993,991.5,992.5,,,0.0,0.0,empty_bin
MONASH,994,992.5,993.5,,,0.0,0.0,empty_bin
MONASH,995,993.5,994.5,,,0.0,0.0,empty_bin
MONASH,996,994.5,995.5,,,0.0,0.0,empty_bin
MONASH,997,995.5,996.5,,,0.0,0.0,empty_bin
MONASH,998,996.5,997.5,,,0.0,0.0,empty_bin
MONASH,999,997.5,998.5,,,0.0,0.0,empty_bin
MONASH,1000,998.5,999.5,,,0.0,0.0,empty_bin
MONASH,1001,999.5,1000.5,,,0.0,0.0,empty_bin
MONASH,1002,1000.5,1001.5,,,0.0,0.0,empty_bin
MONASH,1003,1001.5,1002.5,,,0.0,0.0,empty_bin
MONASH,1004,1002.5,1003.5,,,0.0,0.0,empty_bin
MONASH,1005,1003.5,1004.5,,,0.0,0.0,empty_bin
MONASH,1006,1004.5,1005.5,,,0.0,0.0,empty_bin
MONASH,1007,1005.5,1006.5,,,0.0,0.0,empty_bin
MONASH,1008,1006.5,1007.5,,,0.0,0.0,empty_bin
MONASH,1009,1007.5,1008.5,,,0.0,0.0,empty_bin
MONASH,1010,1008.5,1009.5,,,0.0,0.0,empty_bin
MONASH,1011,1009.5,1010.5,,,0.0,0.0,empty_bin
MONASH,1012,1010.5,1011.5,,,0.0,0.0,empty_bin
MONASH,1013,1011.5,1012.5,,,0.0,0.0,empty_bin
MONASH,1014,1012.5,1013.5,,,0.0,0.0,empty_bin
MONASH,1015,1013.5,1014.5,,,0.0,0.0,empty_bin
MONASH,1016,1014.5,1015.5,,,0.0,0.0,empty_bin
MONASH,1017,1015.5,1016.5,,,0.0,0.0,empty_bin
MONASH,1018,1016.5,1017.5,,,0.0,0.0,empty_bin
MONASH,1019,1017.5,1018.5,,,0.0,0.0,empty_bin
MONASH,1020,1018.5,1019.5,,,0.0,0.0,empty_bin
MONASH,1021,1019.5,1020.5,,,0.0,0.0,empty_bin
MONASH,1022,1020.5,1021.5,,,0.0,0.0,empty_bin
MONASH,1023,1021.5,1022.5,,,0.0,0.0,empty_bin
MONASH,1024,1022.5,1023.5,,,0.0,0.0,empty_bin
MONASH,1025,1023.5,1024.5,,,0.0,0.0,empty_bin
MONASH,1026,1024.5,1025.5,,,0.0,0.0,empty_bin
MONASH,1027,1025.5,1026.5,,,0.0,0.0,empty_bin
MONASH,1028,1026.5,1027.5,,,0.0,0.0,empty_bin
MONASH,1029,1027.5,1028.5,,,0.0,0.0,empty_bin
MONASH,1030,1028.5,1029.5,,,0.0,0.0,empty_bin
MONASH,1031,1029.5,1030.5,,,0.0,0.0,empty_bin
MONASH,1032,1030.5,1031.5,,,0.0,0.0,empty_bin
MONASH,1033,1031.5,1032.5,,,0.0,0.0,empty_bin
MONASH,1034,1032.5,1033.5,,,0.0,0.0,empty_bin
MONASH,1035,1033.5,1034.5,,,0.0,0.0,empty_bin
MONASH,1036,1034.5,1035.5,,,0.0,0.0,empty_bin
MONASH,1037,1035.5,1036.5,,,0.0,0.0,empty_bin
MONASH,1038,1036.5,1037.5,,,0.0,0.0,empty_bin
MONASH,1039,1037.5,1038.5,,,0.0,0.0,empty_bin
MONASH,1040,1038.5,1039.5,,,0.0,0.0,empty_bin
MONASH,1041,1039.5,1040.5,,,0.0,0.0,empty_bin
MONASH,1042,1040.5,1041.5,,,0.0,0.0,empty_bin
MONASH,1043,1041.5,1042.5,,,0.0,0.0,empty_bin
MONASH,1044,1042.5,1043.5,,,0.0,0.0,empty_bin
MONASH,1045,1043.5,1044.5,,,0.0,0.0,empty_bin
MONASH,1046,1044.5,1045.5,,,0.0,0.0,empty_bin
MONASH,1047,1045.5,1046.5,,,0.0,0.0,empty_bin
MONASH,1048,1046.5,1047.5,,,0.0,0.0,empty_bin
MONASH,1049,1047.5,1048.5,,,0.0,0.0,empty_bin
MONASH,1050,1048.5,1049.5,,,0.0,0.0,empty_bin
MONASH,1051,1049.5,1050.5,,,0.0,0.0,empty_bin
MONASH,1052,1050.5,1051.5,,,0.0,0.0,empty_bin
MONASH,1053,1051.5,1052.5,,,0.0,0.0,empty_bin
MONASH,1054,1052.5,1053.5,,,0.0,0.0,empty_bin
MONASH,1055,1053.5,1054.5,,,0.0,0.0,empty_bin
MONASH,1056,1054.5,1055.5,,,0.0,0.0,empty_bin
MONASH,1057,1055.5,1056.5,,,0.0,0.0,empty_bin
MONASH,1058,1056.5,1057.5,,,0.0,0.0,empty_bin
MONASH,1059,1057.5,1058.5,,,0.0,0.0,empty_bin
MONASH,1060,1058.5,1059.5,,,0.0,0.0,empty_bin
MONASH,1061,1059.5,1060.5,,,0.0,0.0,empty_bin
MONASH,1062,1060.5,1061.5,,,0.0,0.0,empty_bin
MONASH,1063,1061.5,1062.5,,,0.0,0.0,empty_bin
MONASH,1064,1062.5,1063.5,,,0.0,0.0,empty_bin
MONASH,1065,1063.5,1064.5,,,0.0,0.0,empty_bin
MONASH,1066,1064.5,1065.5,,,0.0,0.0,empty_bin
MONASH,1067,1065.5,1066.5,,,0.0,0.0,empty_bin
MONASH,1068,1066.5,1067.5,,,0.0,0.0,empty_bin
MONASH,1069,1067.5,1068.5,,,0.0,0.0,empty_bin
MONASH,1070,1068.5,1069.5,,,0.0,0.0,empty_bin
MONASH,1071,1069.5,1070.5,,,0.0,0.0,empty_bin
MONASH,1072,1070.5,1071.5,,,0.0,0.0,empty_bin
MONASH,1073,1071.5,1072.5,,,0.0,0.0,empty_bin
MONASH,1074,1072.5,1073.5,,,0.0,0.0,empty_bin
MONASH,1075,1073.5,1074.5,,,0.0,0.0,empty_bin
MONASH,1076,1074.5,1075.5,,,0.0,0.0,empty_bin
MONASH,1077,1075.5,1076.5,,,0.0,0.0,empty_bin
MONASH,1078,1076.5,1077.5,,,0.0,0.0,empty_bin
MONASH,1079,1077.5,1078.5,,,0.0,0.0,empty_bin
MONASH,1080,1078.5,1079.5,,,0.0,0.0,empty_bin
MONASH,1081,1079.5,1080.5,,,0.0,0.0,empty_bin
MONASH,1082,1080.5,1081.5,,,0.0,0.0,empty_bin
MONASH,1083,1081.5,1082.5,,,0.0,0.0,empty_bin
MONASH,1084,1082.5,1083.5,,,0.0,0.0,empty_bin
MONASH,1085,1083.5,1084.5,,,0.0,0.0,empty_bin
MONASH,1086,1084.5,1085.5,,,0.0,0.0,empty_bin
MONASH,1087,1085.5,1086.5,,,0.0,0.0,empty_bin
MONASH,1088,1086.5,1087.5,,,0.0,0.0,empty_bin
MONASH,1089,1087.5,1088.5,,,0.0,0.0,empty_bin
MONASH,1090,1088.5,1089.5,,,0.0,0.0,empty_bin
MONASH,1091,1089.5,1090.5,,,0.0,0.0,empty_bin
MONASH,1092,1090.5,1091.5,,,0.0,0.0,empty_bin
MONASH,1093,1091.5,1092.5,,,0.0,0.0,empty_bin
MONASH,1094,1092.5,1093.5,,,0.0,0.0,empty_bin
MONASH,1095,1093.5,1094.5,,,0.0,0.0,empty_bin
MONASH,1096,1094.5,1095.5,,,0.0,0.0,empty_bin
MONASH,1097,1095.5,1096.5,,,0.0,0.0,empty_bin
MONASH,1098,1096.5,1097.5,,,0.0,0.0,empty_bin
MONASH,1099,1097.5,1098.5,,,0.0,0.0,empty_bin
MONASH,1100,1098.5,1099.5,,,0.0,0.0,empty_bin
MONASH,1101,1099.5,1100.5,,,0.0,0.0,empty_bin
MONASH,1102,1100.5,1101.5,,,0.0,0.0,empty_bin
MONASH,1103,1101.5,1102.5,,,0.0,0.0,empty_bin
MONASH,1104,1102.5,1103.5,,,0.0,0.0,empty_bin
MONASH,1105,1103.5,1104.5,,,0.0,0.0,empty_bin
MONASH,1106,1104.5,1105.5,,,0.0,0.0,empty_bin
MONASH,1107,1105.5,1106.5,,,0.0,0.0,empty_bin
MONASH,1108,1106.5,1107.5,,,0.0,0.0,empty_bin
MONASH,1109,1107.5,1108.5,,,0.0,0.0,empty_bin
MONASH,1110,1108.5,1109.5,,,0.0,0.0,empty_bin
MONASH,1111,1109.5,1110.5,,,0.0,0.0,empty_bin
MONASH,1112,1110.5,1111.5,,,0.0,0.0,empty_bin
MONASH,1113,1111.5,1112.5,,,0.0,0.0,empty_bin
MONASH,1114,1112.5,1113.5,,,0.0,0.0,empty_bin
MONASH,1115,1113.5,1114.5,,,0.0,0.0,empty_bin
MONASH,1116,1114.5,1115.5,,,0.0,0.0,empty_bin
MONASH,1117,1115.5,1116.5,,,0.0,0.0,empty_bin
MONASH,1118,1116.5,1117.5,,,0.0,0.0,empty_bin
MONASH,1119,1117.5,1118.5,,,0.0,0.0,empty_bin
MONASH,1120,1118.5,1119.5,,,0.0,0.0,empty_bin
MONASH,1121,1119.5,1120.5,,,0.0,0.0,empty_bin
MONASH,1122,1120.5,1121.5,,,0.0,0.0,empty_bin
MONASH,1123,1121.5,1122.5,,,0.0,0.0,empty_bin
MONASH,1124,1122.5,1123.5,,,0.0,0.0,empty_bin
MONASH,1125,1123.5,1124.5,,,0.0,0.0,empty_bin
MONASH,1126,1124.5,1125.5,,,0.0,0.0,empty_bin
MONASH,1127,1125.5,1126.5,,,0.0,0.0,empty_bin
MONASH,1128,1126.5,1127.5,,,0.0,0.0,empty_bin
MONASH,1129,1127.5,1128.5,,,0.0,0.0,empty_bin
MONASH,1130,1128.5,1129.5,,,0.0,0.0,empty_bin
MONASH,1131,1129.5,1130.5,,,0.0,0.0,empty_bin
MONASH,1132,1130.5,1131.5,,,0.0,0.0,empty_bin
MONASH,1133,1131.5,1132.5,,,0.0,0.0,empty_bin
MONASH,1134,1132.5,1133.5,,,0.0,0.0,empty_bin
MONASH,1135,1133.5,1134.5,,,0.0,0.0,empty_bin
MONASH,1136,1134.5,1135.5,,,0.0,0.0,empty_bin
MONASH,1137,1135.5,1136.5,,,0.0,0.0,empty_bin
MONASH,1138,1136.5,1137.5,,,0.0,0.0,empty_bin
MONASH,1139,1137.5,1138.5,,,0.0,0.0,empty_bin
MONASH,1140,1138.5,1139.5,,,0.0,0.0,empty_bin
MONASH,1141,1139.5,1140.5,,,0.0,0.0,empty_bin
MONASH,1142,1140.5,1141.5,,,0.0,0.0,empty_bin
MONASH,1143,1141.5,1142.5,,,0.0,0.0,empty_bin
MONASH,1144,1142.5,1143.5,,,0.0,0.0,empty_bin
MONASH,1145,1143.5,1144.5,,,0.0,0.0,empty_bin
MONASH,1146,1144.5,1145.5,,,0.0,0.0,empty_bin
MONASH,1147,1145.5,1146.5,,,0.0,0.0,empty_bin
MONASH,1148,1146.5,1147.5,,,0.0,0.0,empty_bin
MONASH,1149,1147.5,1148.5,,,0.0,0.0,empty_bin
MONASH,1150,1148.5,1149.5,,,0.0,0.0,empty_bin
MONASH,1151,1149.5,1150.5,,,0.0,0.0,empty_bin
MONASH,1152,1150.5,1151.5,,,0.0,0.0,empty_bin
MONASH,1153,1151.5,1152.5,,,0.0,0.0,empty_bin
MONASH,1154,1152.5,1153.5,,,0.0,0.0,empty_bin
MONASH,1155,1153.5,1154.5,,,0.0,0.0,empty_bin
MONASH,1156,1154.5,1155.5,,,0.0,0.0,empty_bin
MONASH,1157,1155.5,1156.5,,,0.0,0.0,empty_bin
MONASH,1158,1156.5,1157.5,,,0.0,0.0,empty_bin
MONASH,1159,1157.5,1158.5,,,0.0,0.0,empty_bin
MONASH,1160,1158.5,1159.5,,,0.0,0.0,empty_bin
MONASH,1161,1159.5,1160.5,,,0.0,0.0,empty_bin
MONASH,1162,1160.5,1161.5,,,0.0,0.0,empty_bin
MONASH,1163,1161.5,1162.5,,,0.0,0.0,empty_bin
MONASH,1164,1162.5,1163.5,,,0.0,0.0,empty_bin
MONASH,1165,1163.5,1164.5,,,0.0,0.0,empty_bin
MONASH,1166,1164.5,1165.5,,,0.0,0.0,empty_bin
MONASH,1167,1165.5,1166.5,,,0.0,0.0,empty_bin
MONASH,1168,1166.5,1167.5,,,0.0,0.0,empty_bin
MONASH,1169,1167.5,1168.5,,,0.0,0.0,empty_bin
MONASH,1170,1168.5,1169.5,,,0.0,0.0,empty_bin
MONASH,1171,1169.5,1170.5,,,0.0,0.0,empty_bin
MONASH,1172,1170.5,1171.5,,,0.0,0.0,empty_bin
MONASH,1173,1171.5,1172.5,,,0.0,0.0,empty_bin
MONASH,1174,1172.5,1173.5,,,0.0,0.0,empty_bin
MONASH,1175,1173.5,1174.5,,,0.0,0.0,empty_bin
MONASH,1176,1174.5,1175.5,,,0.0,0.0,empty_bin
MONASH,1177,1175.5,1176.5,,,0.0,0.0,empty_bin
MONASH,1178,1176.5,1177.5,,,0.0,0.0,empty_bin
MONASH,1179,1177.5,1178.5,,,0.0,0.0,empty_bin
MONASH,1180,1178.5,1179.5,,,0.0,0.0,empty_bin
MONASH,1181,1179.5,1180.5,,,0.0,0.0,empty_bin
MONASH,1182,1180.5,1181.5,,,0.0,0.0,empty_bin
MONASH,1183,1181.5,1182.5,,,0.0,0.0,empty_bin
MONASH,1184,1182.5,1183.5,,,0.0,0.0,empty_bin
MONASH,1185,1183.5,1184.5,,,0.0,0.0,empty_bin
MONASH,1186,1184.5,1185.5,,,0.0,0.0,empty_bin
MONASH,1187,1185.5,1186.5,,,0.0,0.0,empty_bin
MONASH,1188,1186.5,1187.5,,,0.0,0.0,empty_bin
MONASH,1189,1187.5,1188.5,,,0.0,0.0,empty_bin
MONASH,1190,1188.5,1189.5,,,0.0,0.0,empty_bin
MONASH,1191,1189.5,1190.5,,,0.0,0.0,empty_bin
MONASH,1192,1190.5,1191.5,,,0.0,0.0,empty_bin
MONASH,1193,1191.5,1192.5,,,0.0,0.0,empty_bin
MONASH,1194,1192.5,1193.5,,,0.0,0.0,empty_bin
MONASH,1195,1193.5,1194.5,,,0.0,0.0,empty_bin
MONASH,1196,1194.5,1195.5,,,0.0,0.0,empty_bin
MONASH,1197,1195.5,1196.5,,,0.0,0.0,empty_bin
MONASH,1198,1196.5,1197.5,,,0.0,0.0,empty_bin
MONASH,1199,1197.5,1198.5,,,0.0,0.0,empty_bin
MONASH,1200,1198.5,1199.5,,,0.0,0.0,empty_bin
MONASH,1201,1199.5,1200.5,,,0.0,0.0,empty_bin
MONASH,1202,1200.5,1201.5,,,0.0,0.0,empty_bin
MONASH,1203,1201.5,1202.5,,,0.0,0.0,empty_bin
MONASH,1204,1202.5,1203.5,,,0.0,0.0,empty_bin
MONASH,1205,1203.5,1204.5,,,0.0,0.0,empty_bin
MONASH,1206,1204.5,1205.5,,,0.0,0.0,empty_bin
MONASH,1207,1205.5,1206.5,,,0.0,0.0,empty_bin
MONASH,1208,1206.5,1207.5,,,0.0,0.0,empty_bin
MONASH,1209,1207.5,1208.5,,,0.0,0.0,empty_bin
MONASH,1210,1208.5,1209.5,,,0.0,0.0,empty_bin
MONASH,1211,1209.5,1210.5,,,0.0,0.0,empty_bin
MONASH,1212,1210.5,1211.5,,,0.0,0.0,empty_bin
MONASH,1213,1211.5,1212.5,,,0.0,0.0,empty_bin
MONASH,1214,1212.5,1213.5,,,0.0,0.0,empty_bin
MONASH,1215,1213.5,1214.5,,,0.0,0.0,empty_bin
MONASH,1216,1214.5,1215.5,,,0.0,0.0,empty_bin
MONASH,1217,1215.5,1216.5,,,0.0,0.0,empty_bin
MONASH,1218,1216.5,1217.5,,,0.0,0.0,empty_bin
MONASH,1219,1217.5,1218.5,,,0.0,0.0,empty_bin
MONASH,1220,1218.5,1219.5,,,0.0,0.0,empty_bin
MONASH,1221,1219.5,1220.5,,,0.0,0.0,empty_bin
MONASH,1222,1220.5,1221.5,,,0.0,0.0,empty_bin
MONASH,1223,1221.5,1222.5,,,0.0,0.0,empty_bin
MONASH,1224,1222.5,1223.5,,,0.0,0.0,empty_bin
MONASH,1225,1223.5,1224.5,,,0.0,0.0,empty_bin
MONASH,1226,1224.5,1225.5,,,0.0,0.0,empty_bin
MONASH,1227,1225.5,1226.5,,,0.0,0.0,empty_bin
MONASH,1228,1226.5,1227.5,,,0.0,0.0,empty_bin
MONASH,1229,1227.5,1228.5,,,0.0,0.0,empty_bin
MONASH,1230,1228.5,1229.5,,,0.0,0.0,empty_bin
MONASH,1231,1229.5,1230.5,,,0.0,0.0,empty_bin
MONASH,1232,1230.5,1231.5,,,0.0,0.0,empty_bin
MONASH,1233,1231.5,1232.5,,,0.0,0.0,empty_bin
MONASH,1234,1232.5,1233.5,,,0.0,0.0,empty_bin
MONASH,1235,1233.5,1234.5,,,0.0,0.0,empty_bin
MONASH,1236,1234.5,1235.5,,,0.0,0.0,empty_bin
MONASH,1237,1235.5,1236.5,,,0.0,0.0,empty_bin
MONASH,1238,1236.5,1237.5,,,0.0,0.0,empty_bin
MONASH,1239,1237.5,1238.5,,,0.0,0.0,empty_bin
MONASH,1240,1238.5,1239.5,,,0.0,0.0,empty_bin
MONASH,1241,1239.5,1240.5,,,0.0,0.0,empty_bin
MONASH,1242,1240.5,1241.5,,,0.0,0.0,empty_bin
MONASH,1243,1241.5,1242.5,,,0.0,0.0,empty_bin
MONASH,1244,1242.5,1243.5,,,0.0,0.0,empty_bin
MONASH,1245,1243.5,1244.5,,,0.0,0.0,empty_bin
MONASH,1246,1244.5,1245.5,,,0.0,0.0,empty_bin
MONASH,1247,1245.5,1246.5,,,0.0,0.0,empty_bin
MONASH,1248,1246.5,1247.5,,,0.0,0.0,empty_bin
MONASH,1249,1247.5,1248.5,,,0.0,0.0,empty_bin
MONASH,1250,1248.5,1249.5,,,0.0,0.0,empty_bin
MONASH,1251,1249.5,1250.5,,,0.0,0.0,empty_bin
MONASH,1252,1250.5,1251.5,,,0.0,0.0,empty_bin
MONASH,1253,1251.5,1252.5,,,0.0,0.0,empty_bin
MONASH,1254,1252.5,1253.5,,,0.0,0.0,empty_bin
MONASH,1255,1253.5,1254.5,,,0.0,0.0,empty_bin
MONASH,1256,1254.5,1255.5,,,0.0,0.0,empty_bin
MONASH,1257,1255.5,1256.5,,,0.0,0.0,empty_bin
MONASH,1258,1256.5,1257.5,,,0.0,0.0,empty_bin
MONASH,1259,1257.5,1258.5,,,0.0,0.0,empty_bin
MONASH,1260,1258.5,1259.5,,,0.0,0.0,empty_bin
MONASH,1261,1259.5,1260.5,,,0.0,0.0,empty_bin
MONASH,1262,1260.5,1261.5,,,0.0,0.0,empty_bin
MONASH,1263,1261.5,1262.5,,,0.0,0.0,empty_bin
MONASH,1264,1262.5,1263.5,,,0.0,0.0,empty_bin
MONASH,1265,1263.5,1264.5,,,0.0,0.0,empty_bin
MONASH,1266,1264.5,1265.5,,,0.0,0.0,empty_bin
MONASH,1267,1265.5,1266.5,,,0.0,0.0,empty_bin
MONASH,1268,1266.5,1267.5,,,0.0,0.0,empty_bin
MONASH,1269,1267.5,1268.5,,,0.0,0.0,empty_bin
MONASH,1270,1268.5,1269.5,,,0.0,0.0,empty_bin
MONASH,1271,1269.5,1270.5,,,0.0,0.0,empty_bin
MONASH,1272,1270.5,1271.5,,,0.0,0.0,empty_bin
MONASH,1273,1271.5,1272.5,,,0.0,0.0,empty_bin
MONASH,1274,1272.5,1273.5,,,0.0,0.0,empty_bin
MONASH,1275,1273.5,1274.5,,,0.0,0.0,empty_bin
MONASH,1276,1274.5,1275.5,,,0.0,0.0,empty_bin
MONASH,1277,1275.5,1276.5,,,0.0,0.0,empty_bin
MONASH,1278,1276.5,1277.5,,,0.0,0.0,empty_bin
MONASH,1279,1277.5,1278.5,,,0.0,0.0,empty_bin
MONASH,1280,1278.5,1279.5,,,0.0,0.0,empty_bin
MONASH,1281,1279.5,1280.5,,,0.0,0.0,empty_bin
MONASH,1282,1280.5,1281.5,,,0.0,0.0,empty_bin
MONASH,1283,1281.5,1282.5,,,0.0,0.0,empty_bin
MONASH,1284,1282.5,1283.5,,,0.0,0.0,empty_bin
MONASH,1285,1283.5,1284.5,,,0.0,0.0,empty_bin
MONASH,1286,1284.5,1285.5,,,0.0,0.0,empty_bin
MONASH,1287,1285.5,1286.5,,,0.0,0.0,empty_bin
MONASH,1288,1286.5,1287.5,,,0.0,0.0,empty_bin
MONASH,1289,1287.5,1288.5,,,0.0,0.0,empty_bin
MONASH,1290,1288.5,1289.5,,,0.0,0.0,empty_bin
MONASH,1291,1289.5,1290.5,,,0.0,0.0,empty_bin
MONASH,1292,1290.5,1291.5,,,0.0,0.0,empty_bin
MONASH,1293,1291.5,1292.5,,,0.0,0.0,empty_bin
MONASH,1294,1292.5,1293.5,,,0.0,0.0,empty_bin
MONASH,1295,1293.5,1294.5,,,0.0,0.0,empty_bin
MONASH,1296,1294.5,1295.5,,,0.0,0.0,empty_bin
MONASH,1297,1295.5,1296.5,,,0.0,0.0,empty_bin
MONASH,1298,1296.5,1297.5,,,0.0,0.0,empty_bin
MONASH,1299,1297.5,1298.5,,,0.0,0.0,empty_bin
MONASH,1300,1298.5,1299.5,,,0.0,0.0,empty_bin
MONASH,1301,1299.5,1300.5,,,0.0,0.0,empty_bin
MONASH,1302,1300.5,1301.5,,,0.0,0.0,empty_bin
MONASH,1303,1301.5,1302.5,,,0.0,0.0,empty_bin
MONASH,1304,1302.5,1303.5,,,0.0,0.0,empty_bin
MONASH,1305,1303.5,1304.5,,,0.0,0.0,empty_bin
MONASH,1306,1304.5,1305.5,,,0.0,0.0,empty_bin
MONASH,1307,1305.5,1306.5,,,0.0,0.0,empty_bin
MONASH,1308,1306.5,1307.5,,,0.0,0.0,empty_bin
MONASH,1309,1307.5,1308.5,,,0.0,0.0,empty_bin
MONASH,1310,1308.5,1309.5,,,0.0,0.0,empty_bin
MONASH,1311,1309.5,1310.5,,,0.0,0.0,empty_bin
MONASH,1312,1310.5,1311.5,,,0.0,0.0,empty_bin
MONASH,1313,1311.5,1312.5,,,0.0,0.0,empty_bin
MONASH,1314,1312.5,1313.5,,,0.0,0.0,empty_bin
MONASH,1315,1313.5,1314.5,,,0.0,0.0,empty_bin
MONASH,1316,1314.5,1315.5,,,0.0,0.0,empty_bin
MONASH,1317,1315.5,1316.5,,,0.0,0.0,empty_bin
MONASH,1318,1316.5,1317.5,,,0.0,0.0,empty_bin
MONASH,1319,1317.5,1318.5,,,0.0,0.0,empty_bin
MONASH,1320,1318.5,1319.5,,,0.0,0.0,empty_bin
MONASH,1321,1319.5,1320.5,,,0.0,0.0,empty_bin
MONASH,1322,1320.5,1321.5,,,0.0,0.0,empty_bin
MONASH,1323,1321.5,1322.5,,,0.0,0.0,empty_bin
MONASH,1324,1322.5,1323.5,,,0.0,0.0,empty_bin
MONASH,1325,1323.5,1324.5,,,0.0,0.0,empty_bin
MONASH,1326,1324.5,1325.5,,,0.0,0.0,empty_bin
MONASH,1327,1325.5,1326.5,,,0.0,0.0,empty_bin
MONASH,1328,1326.5,1327.5,,,0.0,0.0,empty_bin
MONASH,1329,1327.5,1328.5,,,0.0,0.0,empty_bin
MONASH,1330,1328.5,1329.5,,,0.0,0.0,empty_bin
MONASH,1331,1329.5,1330.5,,,0.0,0.0,empty_bin
MONASH,1332,1330.5,1331.5,,,0.0,0.0,empty_bin
MONASH,1333,1331.5,1332.5,,,0.0,0.0,empty_bin
MONASH,1334,1332.5,1333.5,,,0.0,0.0,empty_bin
MONASH,1335,1333.5,1334.5,,,0.0,0.0,empty_bin
MONASH,1336,1334.5,1335.5,,,0.0,0.0,empty_bin
MONASH,1337,1335.5,1336.5,,,0.0,0.0,empty_bin
MONASH,1338,1336.5,1337.5,,,0.0,0.0,empty_bin
MONASH,1339,1337.5,1338.5,,,0.0,0.0,empty_bin
MONASH,1340,1338.5,1339.5,,,0.0,0.0,empty_bin
MONASH,1341,1339.5,1340.5,,,0.0,0.0,empty_bin
MONASH,1342,1340.5,1341.5,,,0.0,0.0,empty_bin
MONASH,1343,1341.5,1342.5,,,0.0,0.0,empty_bin
MONASH,1344,1342.5,1343.5,,,0.0,0.0,empty_bin
MONASH,1345,1343.5,1344.5,,,0.0,0.0,empty_bin
MONASH,1346,1344.5,1345.5,,,0.0,0.0,empty_bin
MONASH,1347,1345.5,1346.5,,,0.0,0.0,empty_bin
MONASH,1348,1346.5,1347.5,,,0.0,0.0,empty_bin
MONASH,1349,1347.5,1348.5,,,0.0,0.0,empty_bin
MONASH,1350,1348.5,1349.5,,,0.0,0.0,empty_bin
MONASH,1351,1349.5,1350.5,,,0.0,0.0,empty_bin
MONASH,1352,1350.5,1351.5,,,0.0,0.0,empty_bin
MONASH,1353,1351.5,1352.5,,,0.0,0.0,empty_bin
MONASH,1354,1352.5,1353.5,,,0.0,0.0,empty_bin
MONASH,1355,1353.5,1354.5,,,0.0,0.0,empty_bin
MONASH,1356,1354.5,1355.5,,,0.0,0.0,empty_bin
MONASH,1357,1355.5,1356.5,,,0.0,0.0,empty_bin
MONASH,1358,1356.5,1357.5,,,0.0,0.0,empty_bin
MONASH,1359,1357.5,1358.5,,,0.0,0.0,empty_bin
MONASH,1360,1358.5,1359.5,,,0.0,0.0,empty_bin
MONASH,1361,1359.5,1360.5,,,0.0,0.0,empty_bin
MONASH,1362,1360.5,1361.5,,,0.0,0.0,empty_bin
MONASH,1363,1361.5,1362.5,,,0.0,0.0,empty_bin
MONASH,1364,1362.5,1363.5,,,0.0,0.0,empty_bin
MONASH,1365,1363.5,1364.5,,,0.0,0.0,empty_bin
MONASH,1366,1364.5,1365.5,,,0.0,0.0,empty_bin
MONASH,1367,1365.5,1366.5,,,0.0,0.0,empty_bin
MONASH,1368,1366.5,1367.5,,,0.0,0.0,empty_bin
MONASH,1369,1367.5,1368.5,,,0.0,0.0,empty_bin
MONASH,1370,1368.5,1369.5,,,0.0,0.0,empty_bin
MONASH,1371,1369.5,1370.5,,,0.0,0.0,empty_bin
MONASH,1372,1370.5,1371.5,,,0.0,0.0,empty_bin
MONASH,1373,1371.5,1372.5,,,0.0,0.0,empty_bin
MONASH,1374,1372.5,1373.5,,,0.0,0.0,empty_bin
MONASH,1375,1373.5,1374.5,,,0.0,0.0,empty_bin
MONASH,1376,1374.5,1375.5,,,0.0,0.0,empty_bin
MONASH,1377,1375.5,1376.5,,,0.0,0.0,empty_bin
MONASH,1378,1376.5,1377.5,,,0.0,0.0,empty_bin
MONASH,1379,1377.5,1378.5,,,0.0,0.0,empty_bin
MONASH,1380,1378.5,1379.5,,,0.0,0.0,empty_bin
MONASH,1381,1379.5,1380.5,,,0.0,0.0,empty_bin
MONASH,1382,1380.5,1381.5,,,0.0,0.0,empty_bin
MONASH,1383,1381.5,1382.5,,,0.0,0.0,empty_bin
MONASH,1384,1382.5,1383.5,,,0.0,0.0,empty_bin
MONASH,1385,1383.5,1384.5,,,0.0,0.0,empty_bin
MONASH,1386,1384.5,1385.5,,,0.0,0.0,empty_bin
MONASH,1387,1385.5,1386.5,,,0.0,0.0,empty_bin
MONASH,1388,1386.5,1387.5,,,0.0,0.0,empty_bin
MONASH,1389,1387.5,1388.5,,,0.0,0.0,empty_bin
MONASH,1390,1388.5,1389.5,,,0.0,0.0,empty_bin
MONASH,1391,1389.5,1390.5,,,0.0,0.0,empty_bin
MONASH,1392,1390.5,1391.5,,,0.0,0.0,empty_bin
MONASH,1393,1391.5,1392.5,,,0.0,0.0,empty_bin
MONASH,1394,1392.5,1393.5,,,0.0,0.0,empty_bin
MONASH,1395,1393.5,1394.5,,,0.0,0.0,empty_bin
MONASH,1396,1394.5,1395.5,,,0.0,0.0,empty_bin
MONASH,1397,1395.5,1396.5,,,0.0,0.0,empty_bin
MONASH,1398,1396.5,1397.5,,,0.0,0.0,empty_bin
MONASH,1399,1397.5,1398.5,,,0.0,0.0,empty_bin
MONASH,1400,1398.5,1399.5,,,0.0,0.0,empty_bin
MONASH,1401,1399.5,1400.5,,,0.0,0.0,empty_bin
MONASH,1402,1400.5,1401.5,,,0.0,0.0,empty_bin
MONASH,1403,1401.5,1402.5,,,0.0,0.0,empty_bin
MONASH,1404,1402.5,1403.5,,,0.0,0.0,empty_bin
MONASH,1405,1403.5,1404.5,,,0.0,0.0,empty_bin
MONASH,1406,1404.5,1405.5,,,0.0,0.0,empty_bin
MONASH,1407,1405.5,1406.5,,,0.0,0.0,empty_bin
MONASH,1408,1406.5,1407.5,,,0.0,0.0,empty_bin
MONASH,1409,1407.5,1408.5,,,0.0,0.0,empty_bin
MONASH,1410,1408.5,1409.5,,,0.0,0.0,empty_bin
MONASH,1411,1409.5,1410.5,,,0.0,0.0,empty_bin
MONASH,1412,1410.5,1411.5,,,0.0,0.0,empty_bin
MONASH,1413,1411.5,1412.5,,,0.0,0.0,empty_bin
MONASH,1414,1412.5,1413.5,,,0.0,0.0,empty_bin
MONASH,1415,1413.5,1414.5,,,0.0,0.0,empty_bin
MONASH,1416,1414.5,1415.5,,,0.0,0.0,empty_bin
MONASH,1417,1415.5,1416.5,,,0.0,0.0,empty_bin
MONASH,1418,1416.5,1417.5,,,0.0,0.0,empty_bin
MONASH,1419,1417.5,1418.5,,,0.0,0.0,empty_bin
MONASH,1420,1418.5,1419.5,,,0.0,0.0,empty_bin
MONASH,1421,1419.5,1420.5,,,0.0,0.0,empty_bin
MONASH,1422,1420.5,1421.5,,,0.0,0.0,empty_bin
MONASH,1423,1421.5,1422.5,,,0.0,0.0,empty_bin
MONASH,1424,1422.5,1423.5,,,0.0,0.0,empty_bin
MONASH,1425,1423.5,1424.5,,,0.0,0.0,empty_bin
MONASH,1426,1424.5,1425.5,,,0.0,0.0,empty_bin
MONASH,1427,1425.5,1426.5,,,0.0,0.0,empty_bin
MONASH,1428,1426.5,1427.5,,,0.0,0.0,empty_bin
MONASH,1429,1427.5,1428.5,,,0.0,0.0,empty_bin
MONASH,1430,1428.5,1429.5,,,0.0,0.0,empty_bin
MONASH,1431,1429.5,1430.5,,,0.0,0.0,empty_bin
MONASH,1432,1430.5,1431.5,,,0.0,0.0,empty_bin
MONASH,1433,1431.5,1432.5,,,0.0,0.0,empty_bin
MONASH,1434,1432.5,1433.5,,,0.0,0.0,empty_bin
MONASH,1435,1433.5,1434.5,,,0.0,0.0,empty_bin
MONASH,1436,1434.5,1435.5,,,0.0,0.0,empty_bin
MONASH,1437,1435.5,1436.5,,,0.0,0.0,empty_bin
MONASH,1438,1436.5,1437.5,,,0.0,0.0,empty_bin
MONASH,1439,1437.5,1438.5,,,0.0,0.0,empty_bin
MONASH,1440,1438.5,1439.5,,,0.0,0.0,empty_bin
MONASH,1441,1439.5,1440.5,,,0.0,0.0,empty_bin
MONASH,1442,1440.5,1441.5,,,0.0,0.0,empty_bin
MONASH,1443,1441.5,1442.5,,,0.0,0.0,empty_bin
MONASH,1444,1442.5,1443.5,,,0.0,0.0,empty_bin
MONASH,1445,1443.5,1444.5,,,0.0,0.0,empty_bin
MONASH,1446,1444.5,1445.5,,,0.0,0.0,empty_bin
MONASH,1447,1445.5,1446.5,,,0.0,0.0,empty_bin
MONASH,1448,1446.5,1447.5,,,0.0,0.0,empty_bin
MONASH,1449,1447.5,1448.5,,,0.0,0.0,empty_bin
MONASH,1450,1448.5,1449.5,,,0.0,0.0,empty_bin
MONASH,1451,1449.5,1450.5,,,0.0,0.0,empty_bin
MONASH,1452,1450.5,1451.5,,,0.0,0.0,empty_bin
MONASH,1453,1451.5,1452.5,,,0.0,0.0,empty_bin
MONASH,1454,1452.5,1453.5,,,0.0,0.0,empty_bin
MONASH,1455,1453.5,1454.5,,,0.0,0.0,empty_bin
MONASH,1456,1454.5,1455.5,,,0.0,0.0,empty_bin
MONASH,1457,1455.5,1456.5,,,0.0,0.0,empty_bin
MONASH,1458,1456.5,1457.5,,,0.0,0.0,empty_bin
MONASH,1459,1457.5,1458.5,,,0.0,0.0,empty_bin
MONASH,1460,1458.5,1459.5,,,0.0,0.0,empty_bin
MONASH,1461,1459.5,1460.5,,,0.0,0.0,empty_bin
MONASH,1462,1460.5,1461.5,,,0.0,0.0,empty_bin
MONASH,1463,1461.5,1462.5,,,0.0,0.0,empty_bin
MONASH,1464,1462.5,1463.5,,,0.0,0.0,empty_bin
MONASH,1465,1463.5,1464.5,,,0.0,0.0,empty_bin
MONASH,1466,1464.5,1465.5,,,0.0,0.0,empty_bin
MONASH,1467,1465.5,1466.5,,,0.0,0.0,empty_bin
MONASH,1468,1466.5,1467.5,,,0.0,0.0,empty_bin
MONASH,1469,1467.5,1468.5,,,0.0,0.0,empty_bin
MONASH,1470,1468.5,1469.5,,,0.0,0.0,empty_bin
MONASH,1471,1469.5,1470.5,,,0.0,0.0,empty_bin
MONASH,1472,1470.5,1471.5,,,0.0,0.0,empty_bin
MONASH,1473,1471.5,1472.5,,,0.0,0.0,empty_bin
MONASH,1474,1472.5,1473.5,,,0.0,0.0,empty_bin
MONASH,1475,1473.5,1474.5,,,0.0,0.0,empty_bin
MONASH,1476,1474.5,1475.5,,,0.0,0.0,empty_bin
MONASH,1477,1475.5,1476.5,,,0.0,0.0,empty_bin
MONASH,1478,1476.5,1477.5,,,0.0,0.0,empty_bin
MONASH,1479,1477.5,1478.5,,,0.0,0.0,empty_bin
MONASH,1480,1478.5,1479.5,,,0.0,0.0,empty_bin
MONASH,1481,1479.5,1480.5,,,0.0,0.0,empty_bin
MONASH,1482,1480.5,1481.5,,,0.0,0.0,empty_bin
MONASH,1483,1481.5,1482.5,,,0.0,0.0,empty_bin
MONASH,1484,1482.5,1483.5,,,0.0,0.0,empty_bin
MONASH,1485,1483.5,1484.5,,,0.0,0.0,empty_bin
MONASH,1486,1484.5,1485.5,,,0.0,0.0,empty_bin
MONASH,1487,1485.5,1486.5,,,0.0,0.0,empty_bin
MONASH,1488,1486.5,1487.5,,,0.0,0.0,empty_bin
MONASH,1489,1487.5,1488.5,,,0.0,0.0,empty_bin
MONASH,1490,1488.5,1489.5,,,0.0,0.0,empty_bin
MONASH,1491,1489.5,1490.5,,,0.0,0.0,empty_bin
MONASH,1492,1490.5,1491.5,,,0.0,0.0,empty_bin
MONASH,1493,1491.5,1492.5,,,0.0,0.0,empty_bin
MONASH,1494,1492.5,1493.5,,,0.0,0.0,empty_bin
MONASH,1495,1493.5,1494.5,,,0.0,0.0,empty_bin
MONASH,1496,1494.5,1495.5,,,0.0,0.0,empty_bin
MONASH,1497,1495.5,1496.5,,,0.0,0.0,empty_bin
MONASH,1498,1496.5,1497.5,,,0.0,0.0,empty_bin
MONASH,1499,1497.5,1498.5,,,0.0,0.0,empty_bin
MONASH,1500,1498.5,1499.5,,,0.0,0.0,empty_bin
MONASH,1501,1499.5,1500.5,,,0.0,0.0,empty_bin
MONASH,1502,1500.5,1501.5,,,0.0,0.0,empty_bin
MONASH,1503,1501.5,1502.5,,,0.0,0.0,empty_bin
MONASH,1504,1502.5,1503.5,,,0.0,0.0,empty_bin
MONASH,1505,1503.5,1504.5,,,0.0,0.0,empty_bin
MONASH,1506,1504.5,1505.5,,,0.0,0.0,empty_bin
MONASH,1507,1505.5,1506.5,,,0.0,0.0,empty_bin
MONASH,1508,1506.5,1507.5,,,0.0,0.0,empty_bin
MONASH,1509,1507.5,1508.5,,,0.0,0.0,empty_bin
MONASH,1510,1508.5,1509.5,,,0.0,0.0,empty_bin
MONASH,1511,1509.5,1510.5,,,0.0,0.0,empty_bin
MONASH,1512,1510.5,1511.5,,,0.0,0.0,empty_bin
MONASH,1513,1511.5,1512.5,,,0.0,0.0,empty_bin
MONASH,1514,1512.5,1513.5,,,0.0,0.0,empty_bin
MONASH,1515,1513.5,1514.5,,,0.0,0.0,empty_bin
MONASH,1516,1514.5,1515.5,,,0.0,0.0,empty_bin
MONASH,1517,1515.5,1516.5,,,0.0,0.0,empty_bin
MONASH,1518,1516.5,1517.5,,,0.0,0.0,empty_bin
MONASH,1519,1517.5,1518.5,,,0.0,0.0,empty_bin
MONASH,1520,1518.5,1519.5,,,0.0,0.0,empty_bin
MONASH,1521,1519.5,1520.5,,,0.0,0.0,empty_bin
MONASH,1522,1520.5,1521.5,,,0.0,0.0,empty_bin
MONASH,1523,1521.5,1522.5,,,0.0,0.0,empty_bin
MONASH,1524,1522.5,1523.5,,,0.0,0.0,empty_bin
MONASH,1525,1523.5,1524.5,,,0.0,0.0,empty_bin
MONASH,1526,1524.5,1525.5,,,0.0,0.0,empty_bin
MONASH,1527,1525.5,1526.5,,,0.0,0.0,empty_bin
MONASH,1528,1526.5,1527.5,,,0.0,0.0,empty_bin
MONASH,1529,1527.5,1528.5,,,0.0,0.0,empty_bin
MONASH,1530,1528.5,1529.5,,,0.0,0.0,empty_bin
MONASH,1531,1529.5,1530.5,,,0.0,0.0,empty_bin
MONASH,1532,1530.5,1531.5,,,0.0,0.0,empty_bin
MONASH,1533,1531.5,1532.5,,,0.0,0.0,empty_bin
MONASH,1534,1532.5,1533.5,,,0.0,0.0,empty_bin
MONASH,1535,1533.5,1534.5,,,0.0,0.0,empty_bin
MONASH,1536,1534.5,1535.5,,,0.0,0.0,empty_bin
MONASH,1537,1535.5,1536.5,,,0.0,0.0,empty_bin
MONASH,1538,1536.5,1537.5,,,0.0,0.0,empty_bin
MONASH,1539,1537.5,1538.5,,,0.0,0.0,empty_bin
MONASH,1540,1538.5,1539.5,,,0.0,0.0,empty_bin
MONASH,1541,1539.5,1540.5,,,0.0,0.0,empty_bin
MONASH,1542,1540.5,1541.5,,,0.0,0.0,empty_bin
MONASH,1543,1541.5,1542.5,,,0.0,0.0,empty_bin
MONASH,1544,1542.5,1543.5,,,0.0,0.0,empty_bin
MONASH,1545,1543.5,1544.5,,,0.0,0.0,empty_bin
MONASH,1546,1544.5,1545.5,,,0.0,0.0,empty_bin
MONASH,1547,1545.5,1546.5,,,0.0,0.0,empty_bin
MONASH,1548,1546.5,1547.5,,,0.0,0.0,empty_bin
MONASH,1549,1547.5,1548.5,,,0.0,0.0,empty_bin
MONASH,1550,1548.5,1549.5,,,0.0,0.0,empty_bin
MONASH,1551,1549.5,1550.5,,,0.0,0.0,empty_bin
MONASH,1552,1550.5,1551.5,,,0.0,0.0,empty_bin
MONASH,1553,1551.5,1552.5,,,0.0,0.0,empty_bin
MONASH,1554,1552.5,1553.5,,,0.0,0.0,empty_bin
MONASH,1555,1553.5,1554.5,,,0.0,0.0,empty_bin
MONASH,1556,1554.5,1555.5,,,0.0,0.0,empty_bin
MONASH,1557,1555.5,1556.5,,,0.0,0.0,empty_bin
MONASH,1558,1556.5,1557.5,,,0.0,0.0,empty_bin
MONASH,1559,1557.5,1558.5,,,0.0,0.0,empty_bin
MONASH,1560,1558.5,1559.5,,,0.0,0.0,empty_bin
MONASH,1561,1559.5,1560.5,,,0.0,0.0,empty_bin
MONASH,1562,1560.5,1561.5,,,0.0,0.0,empty_bin
MONASH,1563,1561.5,1562.5,,,0.0,0.0,empty_bin
MONASH,1564,1562.5,1563.5,,,0.0,0.0,empty_bin
MONASH,1565,1563.5,1564.5,,,0.0,0.0,empty_bin
MONASH,1566,1564.5,1565.5,,,0.0,0.0,empty_bin
MONASH,1567,1565.5,1566.5,,,0.0,0.0,empty_bin
MONASH,1568,1566.5,1567.5,,,0.0,0.0,empty_bin
MONASH,1569,1567.5,1568.5,,,0.0,0.0,empty_bin
MONASH,1570,1568.5,1569.5,,,0.0,0.0,empty_bin
MONASH,1571,1569.5,1570.5,,,0.0,0.0,empty_bin
MONASH,1572,1570.5,1571.5,,,0.0,0.0,empty_bin
MONASH,1573,1571.5,1572.5,,,0.0,0.0,empty_bin
MONASH,1574,1572.5,1573.5,,,0.0,0.0,empty_bin
MONASH,1575,1573.5,1574.5,,,0.0,0.0,empty_bin
MONASH,1576,1574.5,1575.5,,,0.0,0.0,empty_bin
MONASH,1577,1575.5,1576.5,,,0.0,0.0,empty_bin
MONASH,1578,1576.5,1577.5,,,0.0,0.0,empty_bin
MONASH,1579,1577.5,1578.5,,,0.0,0.0,empty_bin
MONASH,1580,1578.5,1579.5,,,0.0,0.0,empty_bin
MONASH,1581,1579.5,1580.5,,,0.0,0.0,empty_bin
MONASH,1582,1580.5,1581.5,,,0.0,0.0,empty_bin
MONASH,1583,1581.5,1582.5,,,0.0,0.0,empty_bin
MONASH,1584,1582.5,1583.5,,,0.0,0.0,empty_bin
MONASH,1585,1583.5,1584.5,,,0.0,0.0,empty_bin
MONASH,1586,1584.5,1585.5,,,0.0,0.0,empty_bin
MONASH,1587,1585.5,1586.5,,,0.0,0.0,empty_bin
MONASH,1588,1586.5,1587.5,,,0.0,0.0,empty_bin
MONASH,1589,1587.5,1588.5,,,0.0,0.0,empty_bin
MONASH,1590,1588.5,1589.5,,,0.0,0.0,empty_bin
MONASH,1591,1589.5,1590.5,,,0.0,0.0,empty_bin
MONASH,1592,1590.5,1591.5,,,0.0,0.0,empty_bin
MONASH,1593,1591.5,1592.5,,,0.0,0.0,empty_bin
MONASH,1594,1592.5,1593.5,,,0.0,0.0,empty_bin
MONASH,1595,1593.5,1594.5,,,0.0,0.0,empty_bin
MONASH,1596,1594.5,1595.5,,,0.0,0.0,empty_bin
MONASH,1597,1595.5,1596.5,,,0.0,0.0,empty_bin
MONASH,1598,1596.5,1597.5,,,0.0,0.0,empty_bin
MONASH,1599,1597.5,1598.5,,,0.0,0.0,empty_bin
MONASH,1600,1598.5,1599.5,,,0.0,0.0,empty_bin
MONASH,1601,1599.5,1600.5,,,0.0,0.0,empty_bin
MONASH,1602,1600.5,1601.5,,,0.0,0.0,empty_bin
MONASH,1603,1601.5,1602.5,,,0.0,0.0,empty_bin
MONASH,1604,1602.5,1603.5,,,0.0,0.0,empty_bin
MONASH,1605,1603.5,1604.5,,,0.0,0.0,empty_bin
MONASH,1606,1604.5,1605.5,,,0.0,0.0,empty_bin
MONASH,1607,1605.5,1606.5,,,0.0,0.0,empty_bin
MONASH,1608,1606.5,1607.5,,,0.0,0.0,empty_bin
MONASH,1609,1607.5,1608.5,,,0.0,0.0,empty_bin
MONASH,1610,1608.5,1609.5,,,0.0,0.0,empty_bin
MONASH,1611,1609.5,1610.5,,,0.0,0.0,empty_bin
MONASH,1612,1610.5,1611.5,,,0.0,0.0,empty_bin
MONASH,1613,1611.5,1612.5,,,0.0,0.0,empty_bin
MONASH,1614,1612.5,1613.5,,,0.0,0.0,empty_bin
MONASH,1615,1613.5,1614.5,,,0.0,0.0,empty_bin
MONASH,1616,1614.5,1615.5,,,0.0,0.0,empty_bin
MONASH,1617,1615.5,1616.5,,,0.0,0.0,empty_bin
MONASH,1618,1616.5,1617.5,,,0.0,0.0,empty_bin
MONASH,1619,1617.5,1618.5,,,0.0,0.0,empty_bin
MONASH,1620,1618.5,1619.5,,,0.0,0.0,empty_bin
MONASH,1621,1619.5,1620.5,,,0.0,0.0,empty_bin
MONASH,1622,1620.5,1621.5,,,0.0,0.0,empty_bin
MONASH,1623,1621.5,1622.5,,,0.0,0.0,empty_bin
MONASH,1624,1622.5,1623.5,,,0.0,0.0,empty_bin
MONASH,1625,1623.5,1624.5,,,0.0,0.0,empty_bin
MONASH,1626,1624.5,1625.5,,,0.0,0.0,empty_bin
MONASH,1627,1625.5,1626.5,,,0.0,0.0,empty_bin
MONASH,1628,1626.5,1627.5,,,0.0,0.0,empty_bin
MONASH,1629,1627.5,1628.5,,,0.0,0.0,empty_bin
MONASH,1630,1628.5,1629.5,,,0.0,0.0,empty_bin
MONASH,1631,1629.5,1630.5,,,0.0,0.0,empty_bin
MONASH,1632,1630.5,1631.5,,,0.0,0.0,empty_bin
MONASH,1633,1631.5,1632.5,,,0.0,0.0,empty_bin
MONASH,1634,1632.5,1633.5,,,0.0,0.0,empty_bin
MONASH,1635,1633.5,1634.5,,,0.0,0.0,empty_bin
MONASH,1636,1634.5,1635.5,,,0.0,0.0,empty_bin
MONASH,1637,1635.5,1636.5,,,0.0,0.0,empty_bin
MONASH,1638,1636.5,1637.5,,,0.0,0.0,empty_bin
MONASH,1639,1637.5,1638.5,,,0.0,0.0,empty_bin
MONASH,1640,1638.5,1639.5,,,0.0,0.0,empty_bin
MONASH,1641,1639.5,1640.5,,,0.0,0.0,empty_bin
MONASH,1642,1640.5,1641.5,,,0.0,0.0,empty_bin
MONASH,1643,1641.5,1642.5,,,0.0,0.0,empty_bin
MONASH,1644,1642.5,1643.5,,,0.0,0.0,empty_bin
MONASH,1645,1643.5,1644.5,,,0.0,0.0,empty_bin
MONASH,1646,1644.5,1645.5,,,0.0,0.0,empty_bin
MONASH,1647,1645.5,1646.5,,,0.0,0.0,empty_bin
MONASH,1648,1646.5,1647.5,,,0.0,0.0,empty_bin
MONASH,1649,1647.5,1648.5,,,0.0,0.0,empty_bin
MONASH,1650,1648.5,1649.5,,,0.0,0.0,empty_bin
MONASH,1651,1649.5,1650.5,,,0.0,0.0,empty_bin
MONASH,1652,1650.5,1651.5,,,0.0,0.0,empty_bin
MONASH,1653,1651.5,1652.5,,,0.0,0.0,empty_bin
MONASH,1654,1652.5,1653.5,,,0.0,0.0,empty_bin
MONASH,1655,1653.5,1654.5,,,0.0,0.0,empty_bin
MONASH,1656,1654.5,1655.5,,,0.0,0.0,empty_bin
MONASH,1657,1655.5,1656.5,,,0.0,0.0,empty_bin
MONASH,1658,1656.5,1657.5,,,0.0,0.0,empty_bin
MONASH,1659,1657.5,1658.5,,,0.0,0.0,empty_bin
MONASH,1660,1658.5,1659.5,,,0.0,0.0,empty_bin
MONASH,1661,1659.5,1660.5,,,0.0,0.0,empty_bin
MONASH,1662,1660.5,1661.5,,,0.0,0.0,empty_bin
MONASH,1663,1661.5,1662.5,,,0.0,0.0,empty_bin
MONASH,1664,1662.5,1663.5,,,0.0,0.0,empty_bin
MONASH,1665,1663.5,1664.5,,,0.0,0.0,empty_bin
MONASH,1666,1664.5,1665.5,,,0.0,0.0,empty_bin
MONASH,1667,1665.5,1666.5,,,0.0,0.0,empty_bin
MONASH,1668,1666.5,1667.5,,,0.0,0.0,empty_bin
MONASH,1669,1667.5,1668.5,,,0.0,0.0,empty_bin
MONASH,1670,1668.5,1669.5,,,0.0,0.0,empty_bin
MONASH,1671,1669.5,1670.5,,,0.0,0.0,empty_bin
MONASH,1672,1670.5,1671.5,,,0.0,0.0,empty_bin
MONASH,1673,1671.5,1672.5,,,0.0,0.0,empty_bin
MONASH,1674,1672.5,1673.5,,,0.0,0.0,empty_bin
MONASH,1675,1673.5,1674.5,,,0.0,0.0,empty_bin
MONASH,1676,1674.5,1675.5,,,0.0,0.0,empty_bin
MONASH,1677,1675.5,1676.5,,,0.0,0.0,empty_bin
MONASH,1678,1676.5,1677.5,,,0.0,0.0,empty_bin
MONASH,1679,1677.5,1678.5,,,0.0,0.0,empty_bin
MONASH,1680,1678.5,1679.5,,,0.0,0.0,empty_bin
MONASH,1681,1679.5,1680.5,,,0.0,0.0,empty_bin
MONASH,1682,1680.5,1681.5,,,0.0,0.0,empty_bin
MONASH,1683,1681.5,1682.5,,,0.0,0.0,empty_bin
MONASH,1684,1682.5,1683.5,,,0.0,0.0,empty_bin
MONASH,1685,1683.5,1684.5,,,0.0,0.0,empty_bin
MONASH,1686,1684.5,1685.5,,,0.0,0.0,empty_bin
MONASH,1687,1685.5,1686.5,,,0.0,0.0,empty_bin
MONASH,1688,1686.5,1687.5,,,0.0,0.0,empty_bin
MONASH,1689,1687.5,1688.5,,,0.0,0.0,empty_bin
MONASH,1690,1688.5,1689.5,,,0.0,0.0,empty_bin
MONASH,1691,1689.5,1690.5,,,0.0,0.0,empty_bin
MONASH,1692,1690.5,1691.5,,,0.0,0.0,empty_bin
MONASH,1693,1691.5,1692.5,,,0.0,0.0,empty_bin
MONASH,1694,1692.5,1693.5,,,0.0,0.0,empty_bin
MONASH,1695,1693.5,1694.5,,,0.0,0.0,empty_bin
MONASH,1696,1694.5,1695.5,,,0.0,0.0,empty_bin
MONASH,1697,1695.5,1696.5,,,0.0,0.0,empty_bin
MONASH,1698,1696.5,1697.5,,,0.0,0.0,empty_bin
MONASH,1699,1697.5,1698.5,,,0.0,0.0,empty_bin
MONASH,1700,1698.5,1699.5,,,0.0,0.0,empty_bin
MONASH,1701,1699.5,1700.5,,,0.0,0.0,empty_bin
MONASH,1702,1700.5,1701.5,,,0.0,0.0,empty_bin
MONASH,1703,1701.5,1702.5,,,0.0,0.0,empty_bin
MONASH,1704,1702.5,1703.5,,,0.0,0.0,empty_bin
MONASH,1705,1703.5,1704.5,,,0.0,0.0,empty_bin
MONASH,1706,1704.5,1705.5,,,0.0,0.0,empty_bin
MONASH,1707,1705.5,1706.5,,,0.0,0.0,empty_bin
MONASH,1708,1706.5,1707.5,,,0.0,0.0,empty_bin
MONASH,1709,1707.5,1708.5,,,0.0,0.0,empty_bin
MONASH,1710,1708.5,1709.5,,,0.0,0.0,empty_bin
MONASH,1711,1709.5,1710.5,,,0.0,0.0,empty_bin
MONASH,1712,1710.5,1711.5,,,0.0,0.0,empty_bin
MONASH,1713,1711.5,1712.5,,,0.0,0.0,empty_bin
MONASH,1714,1712.5,1713.5,,,0.0,0.0,empty_bin
MONASH,1715,1713.5,1714.5,,,0.0,0.0,empty_bin
MONASH,1716,1714.5,1715.5,,,0.0,0.0,empty_bin
MONASH,1717,1715.5,1716.5,,,0.0,0.0,empty_bin
MONASH,1718,1716.5,1717.5,,,0.0,0.0,empty_bin
MONASH,1719,1717.5,1718.5,,,0.0,0.0,empty_bin
MONASH,1720,1718.5,1719.5,,,0.0,0.0,empty_bin
MONASH,1721,1719.5,1720.5,,,0.0,0.0,empty_bin
MONASH,1722,1720.5,1721.5,,,0.0,0.0,empty_bin
MONASH,1723,1721.5,1722.5,,,0.0,0.0,empty_bin
MONASH,1724,1722.5,1723.5,,,0.0,0.0,empty_bin
MONASH,1725,1723.5,1724.5,,,0.0,0.0,empty_bin
MONASH,1726,1724.5,1725.5,,,0.0,0.0,empty_bin
MONASH,1727,1725.5,1726.5,,,0.0,0.0,empty_bin
MONASH,1728,1726.5,1727.5,,,0.0,0.0,empty_bin
MONASH,1729,1727.5,1728.5,,,0.0,0.0,empty_bin
MONASH,1730,1728.5,1729.5,,,0.0,0.0,empty_bin
MONASH,1731,1729.5,1730.5,,,0.0,0.0,empty_bin
MONASH,1732,1730.5,1731.5,,,0.0,0.0,empty_bin
MONASH,1733,1731.5,1732.5,,,0.0,0.0,empty_bin
MONASH,1734,1732.5,1733.5,,,0.0,0.0,empty_bin
MONASH,1735,1733.5,1734.5,,,0.0,0.0,empty_bin
MONASH,1736,1734.5,1735.5,,,0.0,0.0,empty_bin
MONASH,1737,1735.5,1736.5,,,0.0,0.0,empty_bin
MONASH,1738,1736.5,1737.5,,,0.0,0.0,empty_bin
MONASH,1739,1737.5,1738.5,,,0.0,0.0,empty_bin
MONASH,1740,1738.5,1739.5,,,0.0,0.0,empty_bin
MONASH,1741,1739.5,1740.5,,,0.0,0.0,empty_bin
MONASH,1742,1740.5,1741.5,,,0.0,0.0,empty_bin
MONASH,1743,1741.5,1742.5,,,0.0,0.0,empty_bin
MONASH,1744,1742.5,1743.5,,,0.0,0.0,empty_bin
MONASH,1745,1743.5,1744.5,,,0.0,0.0,empty_bin
MONASH,1746,1744.5,1745.5,,,0.0,0.0,empty_bin
MONASH,1747,1745.5,1746.5,,,0.0,0.0,empty_bin
MONASH,1748,1746.5,1747.5,,,0.0,0.0,empty_bin
MONASH,1749,1747.5,1748.5,,,0.0,0.0,empty_bin
MONASH,1750,1748.5,1749.5,,,0.0,0.0,empty_bin
MONASH,1751,1749.5,1750.5,,,0.0,0.0,empty_bin
MONASH,1752,1750.5,1751.5,,,0.0,0.0,empty_bin
MONASH,1753,1751.5,1752.5,,,0.0,0.0,empty_bin
MONASH,1754,1752.5,1753.5,,,0.0,0.0,empty_bin
MONASH,1755,1753.5,1754.5,,,0.0,0.0,empty_bin
MONASH,1756,1754.5,1755.5,,,0.0,0.0,empty_bin
MONASH,1757,1755.5,1756.5,,,0.0,0.0,empty_bin
MONASH,1758,1756.5,1757.5,,,0.0,0.0,empty_bin
MONASH,1759,1757.5,1758.5,,,0.0,0.0,empty_bin
MONASH,1760,1758.5,1759.5,,,0.0,0.0,empty_bin
MONASH,1761,1759.5,1760.5,,,0.0,0.0,empty_bin
MONASH,1762,1760.5,1761.5,,,0.0,0.0,empty_bin
MONASH,1763,1761.5,1762.5,,,0.0,0.0,empty_bin
MONASH,1764,1762.5,1763.5,,,0.0,0.0,empty_bin
MONASH,1765,1763.5,1764.5,,,0.0,0.0,empty_bin
MONASH,1766,1764.5,1765.5,,,0.0,0.0,empty_bin
MONASH,1767,1765.5,1766.5,,,0.0,0.0,empty_bin
MONASH,1768,1766.5,1767.5,,,0.0,0.0,empty_bin
MONASH,1769,1767.5,1768.5,,,0.0,0.0,empty_bin
MONASH,1770,1768.5,1769.5,,,0.0,0.0,empty_bin
MONASH,1771,1769.5,1770.5,,,0.0,0.0,empty_bin
MONASH,1772,1770.5,1771.5,,,0.0,0.0,empty_bin
MONASH,1773,1771.5,1772.5,,,0.0,0.0,empty_bin
MONASH,1774,1772.5,1773.5,,,0.0,0.0,empty_bin
MONASH,1775,1773.5,1774.5,,,0.0,0.0,empty_bin
MONASH,1776,1774.5,1775.5,,,0.0,0.0,empty_bin
MONASH,1777,1775.5,1776.5,,,0.0,0.0,empty_bin
MONASH,1778,1776.5,1777.5,,,0.0,0.0,empty_bin
MONASH,1779,1777.5,1778.5,,,0.0,0.0,empty_bin
MONASH,1780,1778.5,1779.5,,,0.0,0.0,empty_bin
MONASH,1781,1779.5,1780.5,,,0.0,0.0,empty_bin
MONASH,1782,1780.5,1781.5,,,0.0,0.0,empty_bin
MONASH,1783,1781.5,1782.5,,,0.0,0.0,empty_bin
MONASH,1784,1782.5,1783.5,,,0.0,0.0,empty_bin
MONASH,1785,1783.5,1784.5,,,0.0,0.0,empty_bin
MONASH,1786,1784.5,1785.5,,,0.0,0.0,empty_bin
MONASH,1787,1785.5,1786.5,,,0.0,0.0,empty_bin
MONASH,1788,1786.5,1787.5,,,0.0,0.0,empty_bin
MONASH,1789,1787.5,1788.5,,,0.0,0.0,empty_bin
MONASH,1790,1788.5,1789.5,,,0.0,0.0,empty_bin
MONASH,1791,1789.5,1790.5,,,0.0,0.0,empty_bin
MONASH,1792,1790.5,1791.5,,,0.0,0.0,empty_bin
MONASH,1793,1791.5,1792.5,,,0.0,0.0,empty_bin
MONASH,1794,1792.5,1793.5,,,0.0,0.0,empty_bin
MONASH,1795,1793.5,1794.5,,,0.0,0.0,empty_bin
MONASH,1796,1794.5,1795.5,,,0.0,0.0,empty_bin
MONASH,1797,1795.5,1796.5,,,0.0,0.0,empty_bin
MONASH,1798,1796.5,1797.5,,,0.0,0.0,empty_bin
MONASH,1799,1797.5,1798.5,,,0.0,0.0,empty_bin
MONASH,1800,1798.5,1799.5,,,0.0,0.0,empty_bin
MONASH,1801,1799.5,1800.5,,,0.0,0.0,empty_bin
MONASH,1802,1800.5,1801.5,,,0.0,0.0,empty_bin
MONASH,1803,1801.5,1802.5,,,0.0,0.0,empty_bin
MONASH,1804,1802.5,1803.5,,,0.0,0.0,empty_bin
MONASH,1805,1803.5,1804.5,,,0.0,0.0,empty_bin
MONASH,1806,1804.5,1805.5,,,0.0,0.0,empty_bin
MONASH,1807,1805.5,1806.5,,,0.0,0.0,empty_bin
MONASH,1808,1806.5,1807.5,,,0.0,0.0,empty_bin
MONASH,1809,1807.5,1808.5,,,0.0,0.0,empty_bin
MONASH,1810,1808.5,1809.5,,,0.0,0.0,empty_bin
MONASH,1811,1809.5,1810.5,,,0.0,0.0,empty_bin
MONASH,1812,1810.5,1811.5,,,0.0,0.0,empty_bin
MONASH,1813,1811.5,1812.5,,,0.0,0.0,empty_bin
MONASH,1814,1812.5,1813.5,,,0.0,0.0,empty_bin
MONASH,1815,1813.5,1814.5,,,0.0,0.0,empty_bin
MONASH,1816,1814.5,1815.5,,,0.0,0.0,empty_bin
MONASH,1817,1815.5,1816.5,,,0.0,0.0,empty_bin
MONASH,1818,1816.5,1817.5,,,0.0,0.0,empty_bin
MONASH,1819,1817.5,1818.5,,,0.0,0.0,empty_bin
MONASH,1820,1818.5,1819.5,,,0.0,0.0,empty_bin
MONASH,1821,1819.5,1820.5,,,0.0,0.0,empty_bin
MONASH,1822,1820.5,1821.5,,,0.0,0.0,empty_bin
MONASH,1823,1821.5,1822.5,,,0.0,0.0,empty_bin
MONASH,1824,1822.5,1823.5,,,0.0,0.0,empty_bin
MONASH,1825,1823.5,1824.5,,,0.0,0.0,empty_bin
MONASH,1826,1824.5,1825.5,,,0.0,0.0,empty_bin
MONASH,1827,1825.5,1826.5,,,0.0,0.0,empty_bin
MONASH,1828,1826.5,1827.5,,,0.0,0.0,empty_bin
MONASH,1829,1827.5,1828.5,,,0.0,0.0,empty_bin
MONASH,1830,1828.5,1829.5,,,0.0,0.0,empty_bin
MONASH,1831,1829.5,1830.5,,,0.0,0.0,empty_bin
MONASH,1832,1830.5,1831.5,,,0.0,0.0,empty_bin
MONASH,1833,1831.5,1832.5,,,0.0,0.0,empty_bin
MONASH,1834,1832.5,1833.5,,,0.0,0.0,empty_bin
MONASH,1835,1833.5,1834.5,,,0.0,0.0,empty_bin
MONASH,1836,1834.5,1835.5,,,0.0,0.0,empty_bin
MONASH,1837,1835.5,1836.5,,,0.0,0.0,empty_bin
MONASH,1838,1836.5,1837.5,,,0.0,0.0,empty_bin
MONASH,1839,1837.5,1838.5,,,0.0,0.0,empty_bin
MONASH,1840,1838.5,1839.5,,,0.0,0.0,empty_bin
MONASH,1841,1839.5,1840.5,,,0.0,0.0,empty_bin
MONASH,1842,1840.5,1841.5,,,0.0,0.0,empty_bin
MONASH,1843,1841.5,1842.5,,,0.0,0.0,empty_bin
MONASH,1844,1842.5,1843.5,,,0.0,0.0,empty_bin
MONASH,1845,1843.5,1844.5,,,0.0,0.0,empty_bin
MONASH,1846,1844.5,1845.5,,,0.0,0.0,empty_bin
MONASH,1847,1845.5,1846.5,,,0.0,0.0,empty_bin
MONASH,1848,1846.5,1847.5,,,0.0,0.0,empty_bin
MONASH,1849,1847.5,1848.5,,,0.0,0.0,empty_bin
MONASH,1850,1848.5,1849.5,,,0.0,0.0,empty_bin
MONASH,1851,1849.5,1850.5,,,0.0,0.0,empty_bin
MONASH,1852,1850.5,1851.5,,,0.0,0.0,empty_bin
MONASH,1853,1851.5,1852.5,,,0.0,0.0,empty_bin
MONASH,1854,1852.5,1853.5,,,0.0,0.0,empty_bin
MONASH,1855,1853.5,1854.5,,,0.0,0.0,empty_bin
MONASH,1856,1854.5,1855.5,,,0.0,0.0,empty_bin
MONASH,1857,1855.5,1856.5,,,0.0,0.0,empty_bin
MONASH,1858,1856.5,1857.5,,,0.0,0.0,empty_bin
MONASH,1859,1857.5,1858.5,,,0.0,0.0,empty_bin
MONASH,1860,1858.5,1859.5,,,0.0,0.0,empty_bin
MONASH,1861,1859.5,1860.5,,,0.0,0.0,empty_bin
MONASH,1862,1860.5,1861.5,,,0.0,0.0,empty_bin
MONASH,1863,1861.5,1862.5,,,0.0,0.0,empty_bin
MONASH,1864,1862.5,1863.5,,,0.0,0.0,empty_bin
MONASH,1865,1863.5,1864.5,,,0.0,0.0,empty_bin
MONASH,1866,1864.5,1865.5,,,0.0,0.0,empty_bin
MONASH,1867,1865.5,1866.5,,,0.0,0.0,empty_bin
MONASH,1868,1866.5,1867.5,,,0.0,0.0,empty_bin
MONASH,1869,1867.5,1868.5,,,0.0,0.0,empty_bin
MONASH,1870,1868.5,1869.5,,,0.0,0.0,empty_bin
MONASH,1871,1869.5,1870.5,,,0.0,0.0,empty_bin
MONASH,1872,1870.5,1871.5,,,0.0,0.0,empty_bin
MONASH,1873,1871.5,1872.5,,,0.0,0.0,empty_bin
MONASH,1874,1872.5,1873.5,,,0.0,0.0,empty_bin
MONASH,1875,1873.5,1874.5,,,0.0,0.0,empty_bin
MONASH,1876,1874.5,1875.5,,,0.0,0.0,empty_bin
MONASH,1877,1875.5,1876.5,,,0.0,0.0,empty_bin
MONASH,1878,1876.5,1877.5,,,0.0,0.0,empty_bin
MONASH,1879,1877.5,1878.5,,,0.0,0.0,empty_bin
MONASH,1880,1878.5,1879.5,,,0.0,0.0,empty_bin
MONASH,1881,1879.5,1880.5,,,0.0,0.0,empty_bin
MONASH,1882,1880.5,1881.5,,,0.0,0.0,empty_bin
MONASH,1883,1881.5,1882.5,,,0.0,0.0,empty_bin
MONASH,1884,1882.5,1883.5,,,0.0,0.0,empty_bin
MONASH,1885,1883.5,1884.5,,,0.0,0.0,empty_bin
MONASH,1886,1884.5,1885.5,,,0.0,0.0,empty_bin
MONASH,1887,1885.5,1886.5,,,0.0,0.0,empty_bin
MONASH,1888,1886.5,1887.5,,,0.0,0.0,empty_bin
MONASH,1889,1887.5,1888.5,,,0.0,0.0,empty_bin
MONASH,1890,1888.5,1889.5,,,0.0,0.0,empty_bin
MONASH,1891,1889.5,1890.5,,,0.0,0.0,empty_bin
MONASH,1892,1890.5,1891.5,,,0.0,0.0,empty_bin
MONASH,1893,1891.5,1892.5,,,0.0,0.0,empty_bin
MONASH,1894,1892.5,1893.5,,,0.0,0.0,empty_bin
MONASH,1895,1893.5,1894.5,,,0.0,0.0,empty_bin
MONASH,1896,1894.5,1895.5,,,0.0,0.0,empty_bin
MONASH,1897,1895.5,1896.5,,,0.0,0.0,empty_bin
MONASH,1898,1896.5,1897.5,,,0.0,0.0,empty_bin
MONASH,1899,1897.5,1898.5,,,0.0,0.0,empty_bin
MONASH,1900,1898.5,1899.5,,,0.0,0.0,empty_bin
MONASH,1901,1899.5,1900.5,,,0.0,0.0,empty_bin
MONASH,1902,1900.5,1901.5,,,0.0,0.0,empty_bin
MONASH,1903,1901.5,1902.5,,,0.0,0.0,empty_bin
MONASH,1904,1902.5,1903.5,,,0.0,0.0,empty_bin
MONASH,1905,1903.5,1904.5,,,0.0,0.0,empty_bin
MONASH,1906,1904.5,1905.5,,,0.0,0.0,empty_bin
MONASH,1907,1905.5,1906.5,,,0.0,0.0,empty_bin
MONASH,1908,1906.5,1907.5,,,0.0,0.0,empty_bin
MONASH,1909,1907.5,1908.5,,,0.0,0.0,empty_bin
MONASH,1910,1908.5,1909.5,,,0.0,0.0,empty_bin
MONASH,1911,1909.5,1910.5,,,0.0,0.0,empty_bin
MONASH,1912,1910.5,1911.5,,,0.0,0.0,empty_bin
MONASH,1913,1911.5,1912.5,,,0.0,0.0,empty_bin
MONASH,1914,1912.5,1913.5,,,0.0,0.0,empty_bin
MONASH,1915,1913.5,1914.5,,,0.0,0.0,empty_bin
MONASH,1916,1914.5,1915.5,,,0.0,0.0,empty_bin
MONASH,1917,1915.5,1916.5,,,0.0,0.0,empty_bin
MONASH,1918,1916.5,1917.5,,,0.0,0.0,empty_bin
MONASH,1919,1917.5,1918.5,,,0.0,0.0,empty_bin
MONASH,1920,1918.5,1919.5,,,0.0,0.0,empty_bin
MONASH,1921,1919.5,1920.5,,,0.0,0.0,empty_bin
MONASH,1922,1920.5,1921.5,,,0.0,0.0,empty_bin
MONASH,1923,1921.5,1922.5,,,0.0,0.0,empty_bin
MONASH,1924,1922.5,1923.5,,,0.0,0.0,empty_bin
MONASH,1925,1923.5,1924.5,,,0.0,0.0,empty_bin
MONASH,1926,1924.5,1925.5,,,0.0,0.0,empty_bin
MONASH,1927,1925.5,1926.5,,,0.0,0.0,empty_bin
MONASH,1928,1926.5,1927.5,,,0.0,0.0,empty_bin
MONASH,1929,1927.5,1928.5,,,0.0,0.0,empty_bin
MONASH,1930,1928.5,1929.5,,,0.0,0.0,empty_bin
MONASH,1931,1929.5,1930.5,,,0.0,0.0,empty_bin
MONASH,1932,1930.5,1931.5,,,0.0,0.0,empty_bin
MONASH,1933,1931.5,1932.5,,,0.0,0.0,empty_bin
MONASH,1934,1932.5,1933.5,,,0.0,0.0,empty_bin
MONASH,1935,1933.5,1934.5,,,0.0,0.0,empty_bin
MONASH,1936,1934.5,1935.5,,,0.0,0.0,empty_bin
MONASH,1937,1935.5,1936.5,,,0.0,0.0,empty_bin
MONASH,1938,1936.5,1937.5,,,0.0,0.0,empty_bin
MONASH,1939,1937.5,1938.5,,,0.0,0.0,empty_bin
MONASH,1940,1938.5,1939.5,,,0.0,0.0,empty_bin
MONASH,1941,1939.5,1940.5,,,0.0,0.0,empty_bin
MONASH,1942,1940.5,1941.5,,,0.0,0.0,empty_bin
MONASH,1943,1941.5,1942.5,,,0.0,0.0,empty_bin
MONASH,1944,1942.5,1943.5,,,0.0,0.0,empty_bin
MONASH,1945,1943.5,1944.5,,,0.0,0.0,empty_bin
MONASH,1946,1944.5,1945.5,,,0.0,0.0,empty_bin
MONASH,1947,1945.5,1946.5,,,0.0,0.0,empty_bin
MONASH,1948,1946.5,1947.5,,,0.0,0.0,empty_bin
MONASH,1949,1947.5,1948.5,,,0.0,0.0,empty_bin
MONASH,1950,1948.5,1949.5,,,0.0,0.0,empty_bin
MONASH,1951,1949.5,1950.5,,,0.0,0.0,empty_bin
MONASH,1952,1950.5,1951.5,,,0.0,0.0,empty_bin
MONASH,1953,1951.5,1952.5,,,0.0,0.0,empty_bin
MONASH,1954,1952.5,1953.5,,,0.0,0.0,empty_bin
MONASH,1955,1953.5,1954.5,,,0.0,0.0,empty_bin
MONASH,1956,1954.5,1955.5,,,0.0,0.0,empty_bin
MONASH,1957,1955.5,1956.5,,,0.0,0.0,empty_bin
MONASH,1958,1956.5,1957.5,,,0.0,0.0,empty_bin
MONASH,1959,1957.5,1958.5,,,0.0,0.0,empty_bin
MONASH,1960,1958.5,1959.5,,,0.0,0.0,empty_bin
MONASH,1961,1959.5,1960.5,,,0.0,0.0,empty_bin
MONASH,1962,1960.5,1961.5,,,0.0,0.0,empty_bin
MONASH,1963,1961.5,1962.5,,,0.0,0.0,empty_bin
MONASH,1964,1962.5,1963.5,,,0.0,0.0,empty_bin
MONASH,1965,1963.5,1964.5,,,0.0,0.0,empty_bin
MONASH,1966,1964.5,1965.5,,,0.0,0.0,empty_bin
MONASH,1967,1965.5,1966.5,,,0.0,0.0,empty_bin
MONASH,1968,1966.5,1967.5,,,0.0,0.0,empty_bin
MONASH,1969,1967.5,1968.5,,,0.0,0.0,empty_bin
MONASH,1970,1968.5,1969.5,,,0.0,0.0,empty_bin
MONASH,1971,1969.5,1970.5,,,0.0,0.0,empty_bin
MONASH,1972,1970.5,1971.5,,,0.0,0.0,empty_bin
MONASH,1973,1971.5,1972.5,,,0.0,0.0,empty_bin
MONASH,1974,1972.5,1973.5,,,0.0,0.0,empty_bin
MONASH,1975,1973.5,1974.5,,,0.0,0.0,empty_bin
MONASH,1976,1974.5,1975.5,,,0.0,0.0,empty_bin
MONASH,1977,1975.5,1976.5,,,0.0,0.0,empty_bin
MONASH,1978,1976.5,1977.5,,,0.0,0.0,empty_bin
MONASH,1979,1977.5,1978.5,,,0.0,0.0,empty_bin
MONASH,1980,1978.5,1979.5,,,0.0,0.0,empty_bin
MONASH,1981,1979.5,1980.5,,,0.0,0.0,empty_bin
MONASH,1982,1980.5,1981.5,,,0.0,0.0,empty_bin
MONASH,1983,1981.5,1982.5,,,0.0,0.0,empty_bin
MONASH,1984,1982.5,1983.5,,,0.0,0.0,empty_bin
MONASH,1985,1983.5,1984.5,,,0.0,0.0,empty_bin
MONASH,1986,1984.5,1985.5,,,0.0,0.0,empty_bin
MONASH,1987,1985.5,1986.5,,,0.0,0.0,empty_bin
MONASH,1988,1986.5,1987.5,,,0.0,0.0,empty_bin
MONASH,1989,1987.5,1988.5,,,0.0,0.0,empty_bin
MONASH,1990,1988.5,1989.5,,,0.0,0.0,empty_bin
MONASH,1991,1989.5,1990.5,,,0.0,0.0,empty_bin
MONASH,1992,1990.5,1991.5,,,0.0,0.0,empty_bin
MONASH,1993,1991.5,1992.5,,,0.0,0.0,empty_bin
MONASH,1994,1992.5,1993.5,,,0.0,0.0,empty_bin
MONASH,1995,1993.5,1994.5,,,0.0,0.0,empty_bin
MONASH,1996,1994.5,1995.5,,,0.0,0.0,empty_bin
MONASH,1997,1995.5,1996.5,,,0.0,0.0,empty_bin
MONASH,1998,1996.5,1997.5,,,0.0,0.0,empty_bin
MONASH,1999,1997.5,1998.5,,,0.0,0.0,empty_bin
MONASH,2000,1998.5,1999.5,,,0.0,0.0,empty_bin
MONASH,2001,1999.5,2000.5,,,0.0,0.0,empty_bin
MONASH,2002,2000.5,2001.5,,,0.0,0.0,empty_bin
MONASH,2003,2001.5,2002.5,,,0.0,0.0,empty_bin
MONASH,2004,2002.5,2003.5,,,0.0,0.0,empty_bin
MONASH,2005,2003.5,2004.5,,,0.0,0.0,empty_bin
MONASH,2006,2004.5,2005.5,,,0.0,0.0,empty_bin
MONASH,2007,2005.5,2006.5,,,0.0,0.0,empty_bin
MONASH,2008,2006.5,2007.5,,,0.0,0.0,empty_bin
MONASH,2009,2007.5,2008.5,,,0.0,0.0,empty_bin
MONASH,2010,2008.5,2009.5,,,0.0,0.0,empty_bin
MONASH,2011,2009.5,2010.5,,,0.0,0.0,empty_bin
MONASH,2012,2010.5,2011.5,,,0.0,0.0,empty_bin
MONASH,2013,2011.5,2012.5,,,0.0,0.0,empty_bin
MONASH,2014,2012.5,2013.5,,,0.0,0.0,empty_bin
MONASH,2015,2013.5,2014.5,,,0.0,0.0,empty_bin
MONASH,2016,2014.5,2015.5,,,0.0,0.0,empty_bin
MONASH,2017,2015.5,2016.5,,,0.0,0.0,empty_bin
MONASH,2018,2016.5,2017.5,,,0.0,0.0,empty_bin
MONASH,2019,2017.5,2018.5,,,0.0,0.0,empty_bin
MONASH,2020,2018.5,2019.5,,,0.0,0.0,empty_bin
MONASH,2021,2019.5,2020.5,,,0.0,0.0,empty_bin
MONASH,2022,2020.5,2021.5,,,0.0,0.0,empty_bin
MONASH,2023,2021.5,2022.5,,,0.0,0.0,empty_bin
MONASH,2024,2022.5,2023.5,,,0.0,0.0,empty_bin
MONASH,2025,2023.5,2024.5,,,0.0,0.0,empty_bin
MONASH,2026,2024.5,2025.5,,,0.0,0.0,empty_bin
MONASH,2027,2025.5,2026.5,,,0.0,0.0,empty_bin
MONASH,2028,2026.5,2027.5,,,0.0,0.0,empty_bin
MONASH,2029,2027.5,2028.5,,,0.0,0.0,empty_bin
MONASH,2030,2028.5,2029.5,,,0.0,0.0,empty_bin
MONASH,2031,2029.5,2030.5,,,0.0,0.0,empty_bin
MONASH,2032,2030.5,2031.5,,,0.0,0.0,empty_bin
MONASH,2033,2031.5,2032.5,,,0.0,0.0,empty_bin
MONASH,2034,2032.5,2033.5,,,0.0,0.0,empty_bin
MONASH,2035,2033.5,2034.5,,,0.0,0.0,empty_bin
MONASH,2036,2034.5,2035.5,,,0.0,0.0,empty_bin
MONASH,2037,2035.5,2036.5,,,0.0,0.0,empty_bin
MONASH,2038,2036.5,2037.5,,,0.0,0.0,empty_bin
MONASH,2039,2037.5,2038.5,,,0.0,0.0,empty_bin
MONASH,2040,2038.5,2039.5,,,0.0,0.0,empty_bin
MONASH,2041,2039.5,2040.5,,,0.0,0.0,empty_bin
MONASH,2042,2040.5,2041.5,,,0.0,0.0,empty_bin
MONASH,2043,2041.5,2042.5,,,0.0,0.0,empty_bin
MONASH,2044,2042.5,2043.5,,,0.0,0.0,empty_bin
MONASH,2045,2043.5,2044.5,,,0.0,0.0,empty_bin
MONASH,2046,2044.5,2045.5,,,0.0,0.0,empty_bin
MONASH,2047,2045.5,2046.5,,,0.0,0.0,empty_bin
MONASH,2048,2046.5,2047.5,,,0.0,0.0,empty_bin
MONASH,2049,2047.5,2048.5,,,0.0,0.0,empty_bin
MONASH,2050,2048.5,2049.5,,,0.0,0.0,empty_bin
MONASH,2051,2049.5,2050.5,,,0.0,0.0,empty_bin
MONASH,2052,2050.5,2051.5,,,0.0,0.0,empty_bin
MONASH,2053,2051.5,2052.5,,,0.0,0.0,empty_bin
MONASH,2054,2052.5,2053.5,,,0.0,0.0,empty_bin
MONASH,2055,2053.5,2054.5,,,0.0,0.0,empty_bin
MONASH,2056,2054.5,2055.5,,,0.0,0.0,empty_bin
MONASH,2057,2055.5,2056.5,,,0.0,0.0,empty_bin
MONASH,2058,2056.5,2057.5,,,0.0,0.0,empty_bin
MONASH,2059,2057.5,2058.5,,,0.0,0.0,empty_bin
MONASH,2060,2058.5,2059.5,,,0.0,0.0,empty_bin
MONASH,2061,2059.5,2060.5,,,0.0,0.0,empty_bin
MONASH,2062,2060.5,2061.5,,,0.0,0.0,empty_bin
MONASH,2063,2061.5,2062.5,,,0.0,0.0,empty_bin
MONASH,2064,2062.5,2063.5,,,0.0,0.0,empty_bin
MONASH,2065,2063.5,2064.5,,,0.0,0.0,empty_bin
MONASH,2066,2064.5,2065.5,,,0.0,0.0,empty_bin
MONASH,2067,2065.5,2066.5,,,0.0,0.0,empty_bin
MONASH,2068,2066.5,2067.5,,,0.0,0.0,empty_bin
MONASH,2069,2067.5,2068.5,,,0.0,0.0,empty_bin
MONASH,2070,2068.5,2069.5,,,0.0,0.0,empty_bin
MONASH,2071,2069.5,2070.5,,,0.0,0.0,empty_bin
MONASH,2072,2070.5,2071.5,,,0.0,0.0,empty_bin
MONASH,2073,2071.5,2072.5,,,0.0,0.0,empty_bin
MONASH,2074,2072.5,2073.5,,,0.0,0.0,empty_bin
MONASH,2075,2073.5,2074.5,,,0.0,0.0,empty_bin
MONASH,2076,2074.5,2075.5,,,0.0,0.0,empty_bin
MONASH,2077,2075.5,2076.5,,,0.0,0.0,empty_bin
MONASH,2078,2076.5,2077.5,,,0.0,0.0,empty_bin
MONASH,2079,2077.5,2078.5,,,0.0,0.0,empty_bin
MONASH,2080,2078.5,2079.5,,,0.0,0.0,empty_bin
MONASH,2081,2079.5,2080.5,,,0.0,0.0,empty_bin
MONASH,2082,2080.5,2081.5,,,0.0,0.0,empty_bin
MONASH,2083,2081.5,2082.5,,,0.0,0.0,empty_bin
MONASH,2084,2082.5,2083.5,,,0.0,0.0,empty_bin
MONASH,2085,2083.5,2084.5,,,0.0,0.0,empty_bin
MONASH,2086,2084.5,2085.5,,,0.0,0.0,empty_bin
MONASH,2087,2085.5,2086.5,,,0.0,0.0,empty_bin
MONASH,2088,2086.5,2087.5,,,0.0,0.0,empty_bin
MONASH,2089,2087.5,2088.5,,,0.0,0.0,empty_bin
MONASH,2090,2088.5,2089.5,,,0.0,0.0,empty_bin
MONASH,2091,2089.5,2090.5,,,0.0,0.0,empty_bin
MONASH,2092,2090.5,2091.5,,,0.0,0.0,empty_bin
MONASH,2093,2091.5,2092.5,,,0.0,0.0,empty_bin
MONASH,2094,2092.5,2093.5,,,0.0,0.0,empty_bin
MONASH,2095,2093.5,2094.5,,,0.0,0.0,empty_bin
MONASH,2096,2094.5,2095.5,,,0.0,0.0,empty_bin
MONASH,2097,2095.5,2096.5,,,0.0,0.0,empty_bin
MONASH,2098,2096.5,2097.5,,,0.0,0.0,empty_bin
MONASH,2099,2097.5,2098.5,,,0.0,0.0,empty_bin
MONASH,2100,2098.5,2099.5,,,0.0,0.0,empty_bin
MONASH,2101,2099.5,2100.5,,,0.0,0.0,empty_bin
MONASH,2102,2100.5,2101.5,,,0.0,0.0,empty_bin
MONASH,2103,2101.5,2102.5,,,0.0,0.0,empty_bin
MONASH,2104,2102.5,2103.5,,,0.0,0.0,empty_bin
MONASH,2105,2103.5,2104.5,,,0.0,0.0,empty_bin
MONASH,2106,2104.5,2105.5,,,0.0,0.0,empty_bin
MONASH,2107,2105.5,2106.5,,,0.0,0.0,empty_bin
MONASH,2108,2106.5,2107.5,,,0.0,0.0,empty_bin
MONASH,2109,2107.5,2108.5,,,0.0,0.0,empty_bin
MONASH,2110,2108.5,2109.5,,,0.0,0.0,empty_bin
MONASH,2111,2109.5,2110.5,,,0.0,0.0,empty_bin
MONASH,2112,2110.5,2111.5,,,0.0,0.0,empty_bin
MONASH,2113,2111.5,2112.5,,,0.0,0.0,empty_bin
MONASH,2114,2112.5,2113.5,,,0.0,0.0,empty_bin
MONASH,2115,2113.5,2114.5,,,0.0,0.0,empty_bin
MONASH,2116,2114.5,2115.5,,,0.0,0.0,empty_bin
MONASH,2117,2115.5,2116.5,,,0.0,0.0,empty_bin
MONASH,2118,2116.5,2117.5,,,0.0,0.0,empty_bin
MONASH,2119,2117.5,2118.5,,,0.0,0.0,empty_bin
MONASH,2120,2118.5,2119.5,,,0.0,0.0,empty_bin
MONASH,2121,2119.5,2120.5,,,0.0,0.0,empty_bin
MONASH,2122,2120.5,2121.5,,,0.0,0.0,empty_bin
MONASH,2123,2121.5,2122.5,,,0.0,0.0,empty_bin
MONASH,2124,2122.5,2123.5,,,0.0,0.0,empty_bin
MONASH,2125,2123.5,2124.5,,,0.0,0.0,empty_bin
MONASH,2126,2124.5,2125.5,,,0.0,0.0,empty_bin
MONASH,2127,2125.5,2126.5,,,0.0,0.0,empty_bin
MONASH,2128,2126.5,2127.5,,,0.0,0.0,empty_bin
MONASH,2129,2127.5,2128.5,,,0.0,0.0,empty_bin
MONASH,2130,2128.5,2129.5,,,0.0,0.0,empty_bin
MONASH,2131,2129.5,2130.5,,,0.0,0.0,empty_bin
MONASH,2132,2130.5,2131.5,,,0.0,0.0,empty_bin
MONASH,2133,2131.5,2132.5,,,0.0,0.0,empty_bin
MONASH,2134,2132.5,2133.5,,,0.0,0.0,empty_bin
MONASH,2135,2133.5,2134.5,,,0.0,0.0,empty_bin
MONASH,2136,2134.5,2135.5,,,0.0,0.0,empty_bin
MONASH,2137,2135.5,2136.5,,,0.0,0.0,empty_bin
MONASH,2138,2136.5,2137.5,,,0.0,0.0,empty_bin
MONASH,2139,2137.5,2138.5,,,0.0,0.0,empty_bin
MONASH,2140,2138.5,2139.5,,,0.0,0.0,empty_bin
MONASH,2141,2139.5,2140.5,,,0.0,0.0,empty_bin
MONASH,2142,2140.5,2141.5,,,0.0,0.0,empty_bin
MONASH,2143,2141.5,2142.5,,,0.0,0.0,empty_bin
MONASH,2144,2142.5,2143.5,,,0.0,0.0,empty_bin
MONASH,2145,2143.5,2144.5,,,0.0,0.0,empty_bin
MONASH,2146,2144.5,2145.5,,,0.0,0.0,empty_bin
MONASH,2147,2145.5,2146.5,,,0.0,0.0,empty_bin
MONASH,2148,2146.5,2147.5,,,0.0,0.0,empty_bin
MONASH,2149,2147.5,2148.5,,,0.0,0.0,empty_bin
MONASH,2150,2148.5,2149.5,,,0.0,0.0,empty_bin
MONASH,2151,2149.5,2150.5,,,0.0,0.0,empty_bin
MONASH,2152,2150.5,2151.5,,,0.0,0.0,empty_bin
MONASH,2153,2151.5,2152.5,,,0.0,0.0,empty_bin
MONASH,2154,2152.5,2153.5,,,0.0,0.0,empty_bin
MONASH,2155,2153.5,2154.5,,,0.0,0.0,empty_bin
MONASH,2156,2154.5,2155.5,,,0.0,0.0,empty_bin
MONASH,2157,2155.5,2156.5,,,0.0,0.0,empty_bin
MONASH,2158,2156.5,2157.5,,,0.0,0.0,empty_bin
MONASH,2159,2157.5,2158.5,,,0.0,0.0,empty_bin
MONASH,2160,2158.5,2159.5,,,0.0,0.0,empty_bin
MONASH,2161,2159.5,2160.5,,,0.0,0.0,empty_bin
MONASH,2162,2160.5,2161.5,,,0.0,0.0,empty_bin
MONASH,2163,2161.5,2162.5,,,0.0,0.0,empty_bin
MONASH,2164,2162.5,2163.5,,,0.0,0.0,empty_bin
MONASH,2165,2163.5,2164.5,,,0.0,0.0,empty_bin
MONASH,2166,2164.5,2165.5,,,0.0,0.0,empty_bin
MONASH,2167,2165.5,2166.5,,,0.0,0.0,empty_bin
MONASH,2168,2166.5,2167.5,,,0.0,0.0,empty_bin
MONASH,2169,2167.5,2168.5,,,0.0,0.0,empty_bin
MONASH,2170,2168.5,2169.5,,,0.0,0.0,empty_bin
MONASH,2171,2169.5,2170.5,,,0.0,0.0,empty_bin
MONASH,2172,2170.5,2171.5,,,0.0,0.0,empty_bin
MONASH,2173,2171.5,2172.5,,,0.0,0.0,empty_bin
MONASH,2174,2172.5,2173.5,,,0.0,0.0,empty_bin
MONASH,2175,2173.5,2174.5,,,0.0,0.0,empty_bin
MONASH,2176,2174.5,2175.5,,,0.0,0.0,empty_bin
MONASH,2177,2175.5,2176.5,,,0.0,0.0,empty_bin
MONASH,2178,2176.5,2177.5,,,0.0,0.0,empty_bin
MONASH,2179,2177.5,2178.5,,,0.0,0.0,empty_bin
MONASH,2180,2178.5,2179.5,,,0.0,0.0,empty_bin
MONASH,2181,2179.5,2180.5,,,0.0,0.0,empty_bin
MONASH,2182,2180.5,2181.5,,,0.0,0.0,empty_bin
MONASH,2183,2181.5,2182.5,,,0.0,0.0,empty_bin
MONASH,2184,2182.5,2183.5,,,0.0,0.0,empty_bin
MONASH,2185,2183.5,2184.5,,,0.0,0.0,empty_bin
MONASH,2186,2184.5,2185.5,,,0.0,0.0,empty_bin
MONASH,2187,2185.5,2186.5,,,0.0,0.0,empty_bin
MONASH,2188,2186.5,2187.5,,,0.0,0.0,empty_bin
MONASH,2189,2187.5,2188.5,,,0.0,0.0,empty_bin
MONASH,2190,2188.5,2189.5,,,0.0,0.0,empty_bin
MONASH,2191,2189.5,2190.5,,,0.0,0.0,empty_bin
MONASH,2192,2190.5,2191.5,,,0.0,0.0,empty_bin
MONASH,2193,2191.5,2192.5,,,0.0,0.0,empty_bin
MONASH,2194,2192.5,2193.5,,,0.0,0.0,empty_bin
MONASH,2195,2193.5,2194.5,,,0.0,0.0,empty_bin
MONASH,2196,2194.5,2195.5,,,0.0,0.0,empty_bin
MONASH,2197,2195.5,2196.5,,,0.0,0.0,empty_bin
MONASH,2198,2196.5,2197.5,,,0.0,0.0,empty_bin
MONASH,2199,2197.5,2198.5,,,0.0,0.0,empty_bin
MONASH,2200,2198.5,2199.5,,,0.0,0.0,empty_bin
MONASH,2201,2199.5,2200.5,,,0.0,0.0,empty_bin
MONASH,2202,2200.5,2201.5,,,0.0,0.0,empty_bin
MONASH,2203,2201.5,2202.5,,,0.0,0.0,empty_bin
MONASH,2204,2202.5,2203.5,,,0.0,0.0,empty_bin
MONASH,2205,2203.5,2204.5,,,0.0,0.0,empty_bin
MONASH,2206,2204.5,2205.5,,,0.0,0.0,empty_bin
MONASH,2207,2205.5,2206.5,,,0.0,0.0,empty_bin
MONASH,2208,2206.5,2207.5,,,0.0,0.0,empty_bin
MONASH,2209,2207.5,2208.5,,,0.0,0.0,empty_bin
MONASH,2210,2208.5,2209.5,,,0.0,0.0,empty_bin
MONASH,2211,2209.5,2210.5,,,0.0,0.0,empty_bin
MONASH,2212,2210.5,2211.5,,,0.0,0.0,empty_bin
MONASH,2213,2211.5,2212.5,,,0.0,0.0,empty_bin
MONASH,2214,2212.5,2213.5,,,0.0,0.0,empty_bin
MONASH,2215,2213.5,2214.5,,,0.0,0.0,empty_bin
MONASH,2216,2214.5,2215.5,,,0.0,0.0,empty_bin
MONASH,2217,2215.5,2216.5,,,0.0,0.0,empty_bin
MONASH,2218,2216.5,2217.5,,,0.0,0.0,empty_bin
MONASH,2219,2217.5,2218.5,,,0.0,0.0,empty_bin
MONASH,2220,2218.5,2219.5,,,0.0,0.0,empty_bin
MONASH,2221,2219.5,2220.5,,,0.0,0.0,empty_bin
MONASH,2222,2220.5,2221.5,,,0.0,0.0,empty_bin
MONASH,2223,2221.5,2222.5,,,0.0,0.0,empty_bin
MONASH,2224,2222.5,2223.5,,,0.0,0.0,empty_bin
MONASH,2225,2223.5,2224.5,,,0.0,0.0,empty_bin
MONASH,2226,2224.5,2225.5,,,0.0,0.0,empty_bin
MONASH,2227,2225.5,2226.5,,,0.0,0.0,empty_bin
MONASH,2228,2226.5,2227.5,,,0.0,0.0,empty_bin
MONASH,2229,2227.5,2228.5,,,0.0,0.0,empty_bin
MONASH,2230,2228.5,2229.5,,,0.0,0.0,empty_bin
MONASH,2231,2229.5,2230.5,,,0.0,0.0,empty_bin
MONASH,2232,2230.5,2231.5,,,0.0,0.0,empty_bin
MONASH,2233,2231.5,2232.5,,,0.0,0.0,empty_bin
MONASH,2234,2232.5,2233.5,,,0.0,0.0,empty_bin
MONASH,2235,2233.5,2234.5,,,0.0,0.0,empty_bin
MONASH,2236,2234.5,2235.5,,,0.0,0.0,empty_bin
MONASH,2237,2235.5,2236.5,,,0.0,0.0,empty_bin
MONASH,2238,2236.5,2237.5,,,0.0,0.0,empty_bin
MONASH,2239,2237.5,2238.5,,,0.0,0.0,empty_bin
MONASH,2240,2238.5,2239.5,,,0.0,0.0,empty_bin
MONASH,2241,2239.5,2240.5,,,0.0,0.0,empty_bin
MONASH,2242,2240.5,2241.5,,,0.0,0.0,empty_bin
MONASH,2243,2241.5,2242.5,,,0.0,0.0,empty_bin
MONASH,2244,2242.5,2243.5,,,0.0,0.0,empty_bin
MONASH,2245,2243.5,2244.5,,,0.0,0.0,empty_bin
MONASH,2246,2244.5,2245.5,,,0.0,0.0,empty_bin
MONASH,2247,2245.5,2246.5,,,0.0,0.0,empty_bin
MONASH,2248,2246.5,2247.5,,,0.0,0.0,empty_bin
MONASH,2249,2247.5,2248.5,,,0.0,0.0,empty_bin
MONASH,2250,2248.5,2249.5,,,0.0,0.0,empty_bin
MONASH,2251,2249.5,2250.5,,,0.0,0.0,empty_bin
MONASH,2252,2250.5,2251.5,,,0.0,0.0,empty_bin
MONASH,2253,2251.5,2252.5,,,0.0,0.0,empty_bin
MONASH,2254,2252.5,2253.5,,,0.0,0.0,empty_bin
MONASH,2255,2253.5,2254.5,,,0.0,0.0,empty_bin
MONASH,2256,2254.5,2255.5,,,0.0,0.0,empty_bin
MONASH,2257,2255.5,2256.5,,,0.0,0.0,empty_bin
MONASH,2258,2256.5,2257.5,,,0.0,0.0,empty_bin
MONASH,2259,2257.5,2258.5,,,0.0,0.0,empty_bin
MONASH,2260,2258.5,2259.5,,,0.0,0.0,empty_bin
MONASH,2261,2259.5,2260.5,,,0.0,0.0,empty_bin
MONASH,2262,2260.5,2261.5,,,0.0,0.0,empty_bin
MONASH,2263,2261.5,2262.5,,,0.0,0.0,empty_bin
MONASH,2264,2262.5,2263.5,,,0.0,0.0,empty_bin
MONASH,2265,2263.5,2264.5,,,0.0,0.0,empty_bin
MONASH,2266,2264.5,2265.5,,,0.0,0.0,empty_bin
MONASH,2267,2265.5,2266.5,,,0.0,0.0,empty_bin
MONASH,2268,2266.5,2267.5,,,0.0,0.0,empty_bin
MONASH,2269,2267.5,2268.5,,,0.0,0.0,empty_bin
MONASH,2270,2268.5,2269.5,,,0.0,0.0,empty_bin
MONASH,2271,2269.5,2270.5,,,0.0,0.0,empty_bin
MONASH,2272,2270.5,2271.5,,,0.0,0.0,empty_bin
MONASH,2273,2271.5,2272.5,,,0.0,0.0,empty_bin
MONASH,2274,2272.5,2273.5,,,0.0,0.0,empty_bin
MONASH,2275,2273.5,2274.5,,,0.0,0.0,empty_bin
MONASH,2276,2274.5,2275.5,,,0.0,0.0,empty_bin
MONASH,2277,2275.5,2276.5,,,0.0,0.0,empty_bin
MONASH,2278,2276.5,2277.5,,,0.0,0.0,empty_bin
MONASH,2279,2277.5,2278.5,,,0.0,0.0,empty_bin
MONASH,2280,2278.5,2279.5,,,0.0,0.0,empty_bin
MONASH,2281,2279.5,2280.5,,,0.0,0.0,empty_bin
MONASH,2282,2280.5,2281.5,,,0.0,0.0,empty_bin
MONASH,2283,2281.5,2282.5,,,0.0,0.0,empty_bin
MONASH,2284,2282.5,2283.5,,,0.0,0.0,empty_bin
MONASH,2285,2283.5,2284.5,,,0.0,0.0,empty_bin
MONASH,2286,2284.5,2285.5,,,0.0,0.0,empty_bin
MONASH,2287,2285.5,2286.5,,,0.0,0.0,empty_bin
MONASH,2288,2286.5,2287.5,,,0.0,0.0,empty_bin
MONASH,2289,2287.5,2288.5,,,0.0,0.0,empty_bin
MONASH,2290,2288.5,2289.5,,,0.0,0.0,empty_bin
MONASH,2291,2289.5,2290.5,,,0.0,0.0,empty_bin
MONASH,2292,2290.5,2291.5,,,0.0,0.0,empty_bin
MONASH,2293,2291.5,2292.5,,,0.0,0.0,empty_bin
MONASH,2294,2292.5,2293.5,,,0.0,0.0,empty_bin
MONASH,2295,2293.5,2294.5,,,0.0,0.0,empty_bin
MONASH,2296,2294.5,2295.5,,,0.0,0.0,empty_bin
MONASH,2297,2295.5,2296.5,,,0.0,0.0,empty_bin
MONASH,2298,2296.5,2297.5,,,0.0,0.0,empty_bin
MONASH,2299,2297.5,2298.5,,,0.0,0.0,empty_bin
MONASH,2300,2298.5,2299.5,,,0.0,0.0,empty_bin
MONASH,2301,2299.5,2300.5,,,0.0,0.0,empty_bin
MONASH,2302,2300.5,2301.5,,,0.0,0.0,empty_bin
MONASH,2303,2301.5,2302.5,,,0.0,0.0,empty_bin
MONASH,2304,2302.5,2303.5,,,0.0,0.0,empty_bin
MONASH,2305,2303.5,2304.5,,,0.0,0.0,empty_bin
MONASH,2306,2304.5,2305.5,,,0.0,0.0,empty_bin
MONASH,2307,2305.5,2306.5,,,0.0,0.0,empty_bin
MONASH,2308,2306.5,2307.5,,,0.0,0.0,empty_bin
MONASH,2309,2307.5,2308.5,,,0.0,0.0,empty_bin
MONASH,2310,2308.5,2309.5,,,0.0,0.0,empty_bin
MONASH,2311,2309.5,2310.5,,,0.0,0.0,empty_bin
MONASH,2312,2310.5,2311.5,,,0.0,0.0,empty_bin
MONASH,2313,2311.5,2312.5,,,0.0,0.0,empty_bin
MONASH,2314,2312.5,2313.5,,,0.0,0.0,empty_bin
MONASH,2315,2313.5,2314.5,,,0.0,0.0,empty_bin
MONASH,2316,2314.5,2315.5,,,0.0,0.0,empty_bin
MONASH,2317,2315.5,2316.5,,,0.0,0.0,empty_bin
MONASH,2318,2316.5,2317.5,,,0.0,0.0,empty_bin
MONASH,2319,2317.5,2318.5,,,0.0,0.0,empty_bin
MONASH,2320,2318.5,2319.5,,,0.0,0.0,empty_bin
MONASH,2321,2319.5,2320.5,,,0.0,0.0,empty_bin
MONASH,2322,2320.5,2321.5,,,0.0,0.0,empty_bin
MONASH,2323,2321.5,2322.5,,,0.0,0.0,empty_bin
MONASH,2324,2322.5,2323.5,,,0.0,0.0,empty_bin
MONASH,2325,2323.5,2324.5,,,0.0,0.0,empty_bin
MONASH,2326,2324.5,2325.5,,,0.0,0.0,empty_bin
MONASH,2327,2325.5,2326.5,,,0.0,0.0,empty_bin
MONASH,2328,2326.5,2327.5,,,0.0,0.0,empty_bin
MONASH,2329,2327.5,2328.5,,,0.0,0.0,empty_bin
MONASH,2330,2328.5,2329.5,,,0.0,0.0,empty_bin
MONASH,2331,2329.5,2330.5,,,0.0,0.0,empty_bin
MONASH,2332,2330.5,2331.5,,,0.0,0.0,empty_bin
MONASH,2333,2331.5,2332.5,,,0.0,0.0,empty_bin
MONASH,2334,2332.5,2333.5,,,0.0,0.0,empty_bin
MONASH,2335,2333.5,2334.5,,,0.0,0.0,empty_bin
MONASH,2336,2334.5,2335.5,,,0.0,0.0,empty_bin
MONASH,2337,2335.5,2336.5,,,0.0,0.0,empty_bin
MONASH,2338,2336.5,2337.5,,,0.0,0.0,empty_bin
MONASH,2339,2337.5,2338.5,,,0.0,0.0,empty_bin
MONASH,2340,2338.5,2339.5,,,0.0,0.0,empty_bin
MONASH,2341,2339.5,2340.5,,,0.0,0.0,empty_bin
MONASH,2342,2340.5,2341.5,,,0.0,0.0,empty_bin
MONASH,2343,2341.5,2342.5,,,0.0,0.0,empty_bin
MONASH,2344,2342.5,2343.5,,,0.0,0.0,empty_bin
MONASH,2345,2343.5,2344.5,,,0.0,0.0,empty_bin
MONASH,2346,2344.5,2345.5,,,0.0,0.0,empty_bin
MONASH,2347,2345.5,2346.5,,,0.0,0.0,empty_bin
MONASH,2348,2346.5,2347.5,,,0.0,0.0,empty_bin
MONASH,2349,2347.5,2348.5,,,0.0,0.0,empty_bin
MONASH,2350,2348.5,2349.5,,,0.0,0.0,empty_bin
MONASH,2351,2349.5,2350.5,,,0.0,0.0,empty_bin
MONASH,2352,2350.5,2351.5,,,0.0,0.0,empty_bin
MONASH,2353,2351.5,2352.5,,,0.0,0.0,empty_bin
MONASH,2354,2352.5,2353.5,,,0.0,0.0,empty_bin
MONASH,2355,2353.5,2354.5,,,0.0,0.0,empty_bin
MONASH,2356,2354.5,2355.5,,,0.0,0.0,empty_bin
MONASH,2357,2355.5,2356.5,,,0.0,0.0,empty_bin
MONASH,2358,2356.5,2357.5,,,0.0,0.0,empty_bin
MONASH,2359,2357.5,2358.5,,,0.0,0.0,empty_bin
MONASH,2360,2358.5,2359.5,,,0.0,0.0,empty_bin
MONASH,2361,2359.5,2360.5,,,0.0,0.0,empty_bin
MONASH,2362,2360.5,2361.5,,,0.0,0.0,empty_bin
MONASH,2363,2361.5,2362.5,,,0.0,0.0,empty_bin
MONASH,2364,2362.5,2363.5,,,0.0,0.0,empty_bin
MONASH,2365,2363.5,2364.5,,,0.0,0.0,empty_bin
MONASH,2366,2364.5,2365.5,,,0.0,0.0,empty_bin
MONASH,2367,2365.5,2366.5,,,0.0,0.0,empty_bin
MONASH,2368,2366.5,2367.5,,,0.0,0.0,empty_bin
MONASH,2369,2367.5,2368.5,,,0.0,0.0,empty_bin
MONASH,2370,2368.5,2369.5,,,0.0,0.0,empty_bin
MONASH,2371,2369.5,2370.5,,,0.0,0.0,empty_bin
MONASH,2372,2370.5,2371.5,,,0.0,0.0,empty_bin
MONASH,2373,2371.5,2372.5,,,0.0,0.0,empty_bin
MONASH,2374,2372.5,2373.5,,,0.0,0.0,empty_bin
MONASH,2375,2373.5,2374.5,,,0.0,0.0,empty_bin
MONASH,2376,2374.5,2375.5,,,0.0,0.0,empty_bin
MONASH,2377,2375.5,2376.5,,,0.0,0.0,empty_bin
MONASH,2378,2376.5,2377.5,,,0.0,0.0,empty_bin
MONASH,2379,2377.5,2378.5,,,0.0,0.0,empty_bin
MONASH,2380,2378.5,2379.5,,,0.0,0.0,empty_bin
MONASH,2381,2379.5,2380.5,,,0.0,0.0,empty_bin
MONASH,2382,2380.5,2381.5,,,0.0,0.0,empty_bin
MONASH,2383,2381.5,2382.5,,,0.0,0.0,empty_bin
MONASH,2384,2382.5,2383.5,,,0.0,0.0,empty_bin
MONASH,2385,2383.5,2384.5,,,0.0,0.0,empty_bin
MONASH,2386,2384.5,2385.5,,,0.0,0.0,empty_bin
MONASH,2387,2385.5,2386.5,,,0.0,0.0,empty_bin
MONASH,2388,2386.5,2387.5,,,0.0,0.0,empty_bin
MONASH,2389,2387.5,2388.5,,,0.0,0.0,empty_bin
MONASH,2390,2388.5,2389.5,,,0.0,0.0,empty_bin
MONASH,2391,2389.5,2390.5,,,0.0,0.0,empty_bin
MONASH,2392,2390.5,2391.5,,,0.0,0.0,empty_bin
MONASH,2393,2391.5,2392.5,,,0.0,0.0,empty_bin
MONASH,2394,2392.5,2393.5,,,0.0,0.0,empty_bin
MONASH,2395,2393.5,2394.5,,,0.0,0.0,empty_bin
MONASH,2396,2394.5,2395.5,,,0.0,0.0,empty_bin
MONASH,2397,2395.5,2396.5,,,0.0,0.0,empty_bin
MONASH,2398,2396.5,2397.5,,,0.0,0.0,empty_bin
MONASH,2399,2397.5,2398.5,,,0.0,0.0,empty_bin
MONASH,2400,2398.5,2399.5,,,0.0,0.0,empty_bin
MONASH,2401,2399.5,2400.5,,,0.0,0.0,empty_bin
MONASH,2402,2400.5,2401.5,,,0.0,0.0,empty_bin
MONASH,2403,2401.5,2402.5,,,0.0,0.0,empty_bin
MONASH,2404,2402.5,2403.5,,,0.0,0.0,empty_bin
MONASH,2405,2403.5,2404.5,,,0.0,0.0,empty_bin
MONASH,2406,2404.5,2405.5,,,0.0,0.0,empty_bin
MONASH,2407,2405.5,2406.5,,,0.0,0.0,empty_bin
MONASH,2408,2406.5,2407.5,,,0.0,0.0,empty_bin
MONASH,2409,2407.5,2408.5,,,0.0,0.0,empty_bin
MONASH,2410,2408.5,2409.5,,,0.0,0.0,empty_bin
MONASH,2411,2409.5,2410.5,,,0.0,0.0,empty_bin
MONASH,2412,2410.5,2411.5,,,0.0,0.0,empty_bin
MONASH,2413,2411.5,2412.5,,,0.0,0.0,empty_bin
MONASH,2414,2412.5,2413.5,,,0.0,0.0,empty_bin
MONASH,2415,2413.5,2414.5,,,0.0,0.0,empty_bin
MONASH,2416,2414.5,2415.5,,,0.0,0.0,empty_bin
MONASH,2417,2415.5,2416.5,,,0.0,0.0,empty_bin
MONASH,2418,2416.5,2417.5,,,0.0,0.0,empty_bin
MONASH,2419,2417.5,2418.5,,,0.0,0.0,empty_bin
MONASH,2420,2418.5,2419.5,,,0.0,0.0,empty_bin
MONASH,2421,2419.5,2420.5,,,0.0,0.0,empty_bin
MONASH,2422,2420.5,2421.5,,,0.0,0.0,empty_bin
MONASH,2423,2421.5,2422.5,,,0.0,0.0,empty_bin
MONASH,2424,2422.5,2423.5,,,0.0,0.0,empty_bin
MONASH,2425,2423.5,2424.5,,,0.0,0.0,empty_bin
MONASH,2426,2424.5,2425.5,,,0.0,0.0,empty_bin
MONASH,2427,2425.5,2426.5,,,0.0,0.0,empty_bin
MONASH,2428,2426.5,2427.5,,,0.0,0.0,empty_bin
MONASH,2429,2427.5,2428.5,,,0.0,0.0,empty_bin
MONASH,2430,2428.5,2429.5,,,0.0,0.0,empty_bin
MONASH,2431,2429.5,2430.5,,,0.0,0.0,empty_bin
MONASH,2432,2430.5,2431.5,,,0.0,0.0,empty_bin
MONASH,2433,2431.5,2432.5,,,0.0,0.0,empty_bin
MONASH,2434,2432.5,2433.5,,,0.0,0.0,empty_bin
MONASH,2435,2433.5,2434.5,,,0.0,0.0,empty_bin
MONASH,2436,2434.5,2435.5,,,0.0,0.0,empty_bin
MONASH,2437,2435.5,2436.5,,,0.0,0.0,empty_bin
MONASH,2438,2436.5,2437.5,,,0.0,0.0,empty_bin
MONASH,2439,2437.5,2438.5,,,0.0,0.0,empty_bin
MONASH,2440,2438.5,2439.5,,,0.0,0.0,empty_bin
MONASH,2441,2439.5,2440.5,,,0.0,0.0,empty_bin
MONASH,2442,2440.5,2441.5,,,0.0,0.0,empty_bin
MONASH,2443,2441.5,2442.5,,,0.0,0.0,empty_bin
MONASH,2444,2442.5,2443.5,,,0.0,0.0,empty_bin
MONASH,2445,2443.5,2444.5,,,0.0,0.0,empty_bin
MONASH,2446,2444.5,2445.5,,,0.0,0.0,empty_bin
MONASH,2447,2445.5,2446.5,,,0.0,0.0,empty_bin
MONASH,2448,2446.5,2447.5,,,0.0,0.0,empty_bin
MONASH,2449,2447.5,2448.5,,,0.0,0.0,empty_bin
MONASH,2450,2448.5,2449.5,,,0.0,0.0,empty_bin
MONASH,2451,2449.5,2450.5,,,0.0,0.0,empty_bin
MONASH,2452,2450.5,2451.5,,,0.0,0.0,empty_bin
MONASH,2453,2451.5,2452.5,,,0.0,0.0,empty_bin
MONASH,2454,2452.5,2453.5,,,0.0,0.0,empty_bin
MONASH,2455,2453.5,2454.5,,,0.0,0.0,empty_bin
MONASH,2456,2454.5,2455.5,,,0.0,0.0,empty_bin
MONASH,2457,2455.5,2456.5,,,0.0,0.0,empty_bin
MONASH,2458,2456.5,2457.5,,,0.0,0.0,empty_bin
MONASH,2459,2457.5,2458.5,,,0.0,0.0,empty_bin
MONASH,2460,2458.5,2459.5,,,0.0,0.0,empty_bin
MONASH,2461,2459.5,2460.5,,,0.0,0.0,empty_bin
MONASH,2462,2460.5,2461.5,,,0.0,0.0,empty_bin
MONASH,2463,2461.5,2462.5,,,0.0,0.0,empty_bin
MONASH,2464,2462.5,2463.5,,,0.0,0.0,empty_bin
MONASH,2465,2463.5,2464.5,,,0.0,0.0,empty_bin
MONASH,2466,2464.5,2465.5,,,0.0,0.0,empty_bin
MONASH,2467,2465.5,2466.5,,,0.0,0.0,empty_bin
MONASH,2468,2466.5,2467.5,,,0.0,0.0,empty_bin
MONASH,2469,2467.5,2468.5,,,0.0,0.0,empty_bin
MONASH,2470,2468.5,2469.5,,,0.0,0.0,empty_bin
MONASH,2471,2469.5,2470.5,,,0.0,0.0,empty_bin
MONASH,2472,2470.5,2471.5,,,0.0,0.0,empty_bin
MONASH,2473,2471.5,2472.5,,,0.0,0.0,empty_bin
MONASH,2474,2472.5,2473.5,,,0.0,0.0,empty_bin
MONASH,2475,2473.5,2474.5,,,0.0,0.0,empty_bin
MONASH,2476,2474.5,2475.5,,,0.0,0.0,empty_bin
MONASH,2477,2475.5,2476.5,,,0.0,0.0,empty_bin
MONASH,2478,2476.5,2477.5,,,0.0,0.0,empty_bin
MONASH,2479,2477.5,2478.5,,,0.0,0.0,empty_bin
MONASH,2480,2478.5,2479.5,,,0.0,0.0,empty_bin
MONASH,2481,2479.5,2480.5,,,0.0,0.0,empty_bin
MONASH,2482,2480.5,2481.5,,,0.0,0.0,empty_bin
MONASH,2483,2481.5,2482.5,,,0.0,0.0,empty_bin
MONASH,2484,2482.5,2483.5,,,0.0,0.0,empty_bin
MONASH,2485,2483.5,2484.5,,,0.0,0.0,empty_bin
MONASH,2486,2484.5,2485.5,,,0.0,0.0,empty_bin
MONASH,2487,2485.5,2486.5,,,0.0,0.0,empty_bin
MONASH,2488,2486.5,2487.5,,,0.0,0.0,empty_bin
MONASH,2489,2487.5,2488.5,,,0.0,0.0,empty_bin
MONASH,2490,2488.5,2489.5,,,0.0,0.0,empty_bin
MONASH,2491,2489.5,2490.5,,,0.0,0.0,empty_bin
MONASH,2492,2490.5,2491.5,,,0.0,0.0,empty_bin
MONASH,2493,2491.5,2492.5,,,0.0,0.0,empty_bin
MONASH,2494,2492.5,2493.5,,,0.0,0.0,empty_bin
MONASH,2495,2493.5,2494.5,,,0.0,0.0,empty_bin
MONASH,2496,2494.5,2495.5,,,0.0,0.0,empty_bin
MONASH,2497,2495.5,2496.5,,,0.0,0.0,empty_bin
MONASH,2498,2496.5,2497.5,,,0.0,0.0,empty_bin
MONASH,2499,2497.5,2498.5,,,0.0,0.0,empty_bin
MONASH,2500,2498.5,2499.5,,,0.0,0.0,empty_bin
MONASH,2501,2499.5,2500.5,,,0.0,0.0,empty_bin
MONASH,2502,2500.5,2501.5,,,0.0,0.0,empty_bin
MONASH,2503,2501.5,2502.5,,,0.0,0.0,empty_bin
MONASH,2504,2502.5,2503.5,,,0.0,0.0,empty_bin
MONASH,2505,2503.5,2504.5,,,0.0,0.0,empty_bin
MONASH,2506,2504.5,2505.5,,,0.0,0.0,empty_bin
MONASH,2507,2505.5,2506.5,,,0.0,0.0,empty_bin
MONASH,2508,2506.5,2507.5,,,0.0,0.0,empty_bin
MONASH,2509,2507.5,2508.5,,,0.0,0.0,empty_bin
MONASH,2510,2508.5,2509.5,,,0.0,0.0,empty_bin
MONASH,2511,2509.5,2510.5,,,0.0,0.0,empty_bin
MONASH,2512,2510.5,2511.5,,,0.0,0.0,empty_bin
MONASH,2513,2511.5,2512.5,,,0.0,0.0,empty_bin
MONASH,2514,2512.5,2513.5,,,0.0,0.0,empty_bin
MONASH,2515,2513.5,2514.5,,,0.0,0.0,empty_bin
MONASH,2516,2514.5,2515.5,,,0.0,0.0,empty_bin
MONASH,2517,2515.5,2516.5,,,0.0,0.0,empty_bin
MONASH,2518,2516.5,2517.5,,,0.0,0.0,empty_bin
MONASH,2519,2517.5,2518.5,,,0.0,0.0,empty_bin
MONASH,2520,2518.5,2519.5,,,0.0,0.0,empty_bin
MONASH,2521,2519.5,2520.5,,,0.0,0.0,empty_bin
MONASH,2522,2520.5,2521.5,,,0.0,0.0,empty_bin
MONASH,2523,2521.5,2522.5,,,0.0,0.0,empty_bin
MONASH,2524,2522.5,2523.5,,,0.0,0.0,empty_bin
MONASH,2525,2523.5,2524.5,,,0.0,0.0,empty_bin
MONASH,2526,2524.5,2525.5,,,0.0,0.0,empty_bin
MONASH,2527,2525.5,2526.5,,,0.0,0.0,empty_bin
MONASH,2528,2526.5,2527.5,,,0.0,0.0,empty_bin
MONASH,2529,2527.5,2528.5,,,0.0,0.0,empty_bin
MONASH,2530,2528.5,2529.5,,,0.0,0.0,empty_bin
MONASH,2531,2529.5,2530.5,,,0.0,0.0,empty_bin
MONASH,2532,2530.5,2531.5,,,0.0,0.0,empty_bin
MONASH,2533,2531.5,2532.5,,,0.0,0.0,empty_bin
MONASH,2534,2532.5,2533.5,,,0.0,0.0,empty_bin
MONASH,2535,2533.5,2534.5,,,0.0,0.0,empty_bin
MONASH,2536,2534.5,2535.5,,,0.0,0.0,empty_bin
MONASH,2537,2535.5,2536.5,,,0.0,0.0,empty_bin
MONASH,2538,2536.5,2537.5,,,0.0,0.0,empty_bin
MONASH,2539,2537.5,2538.5,,,0.0,0.0,empty_bin
MONASH,2540,2538.5,2539.5,,,0.0,0.0,empty_bin
MONASH,2541,2539.5,2540.5,,,0.0,0.0,empty_bin
MONASH,2542,2540.5,2541.5,,,0.0,0.0,empty_bin
MONASH,2543,2541.5,2542.5,,,0.0,0.0,empty_bin
MONASH,2544,2542.5,2543.5,,,0.0,0.0,empty_bin
MONASH,2545,2543.5,2544.5,,,0.0,0.0,empty_bin
MONASH,2546,2544.5,2545.5,,,0.0,0.0,empty_bin
MONASH,2547,2545.5,2546.5,,,0.0,0.0,empty_bin
MONASH,2548,2546.5,2547.5,,,0.0,0.0,empty_bin
MONASH,2549,2547.5,2548.5,,,0.0,0.0,empty_bin
MONASH,2550,2548.5,2549.5,,,0.0,0.0,empty_bin
MONASH,2551,2549.5,2550.5,,,0.0,0.0,empty_bin
MONASH,2552,2550.5,2551.5,,,0.0,0.0,empty_bin
MONASH,2553,2551.5,2552.5,,,0.0,0.0,empty_bin
MONASH,2554,2552.5,2553.5,,,0.0,0.0,empty_bin
MONASH,2555,2553.5,2554.5,,,0.0,0.0,empty_bin
MONASH,2556,2554.5,2555.5,,,0.0,0.0,empty_bin
MONASH,2557,2555.5,2556.5,,,0.0,0.0,empty_bin
MONASH,2558,2556.5,2557.5,,,0.0,0.0,empty_bin
MONASH,2559,2557.5,2558.5,,,0.0,0.0,empty_bin
MONASH,2560,2558.5,2559.5,,,0.0,0.0,empty_bin
MONASH,2561,2559.5,2560.5,,,0.0,0.0,empty_bin
MONASH,2562,2560.5,2561.5,,,0.0,0.0,empty_bin
MONASH,2563,2561.5,2562.5,,,0.0,0.0,empty_bin
MONASH,2564,2562.5,2563.5,,,0.0,0.0,empty_bin
MONASH,2565,2563.5,2564.5,,,0.0,0.0,empty_bin
MONASH,2566,2564.5,2565.5,,,0.0,0.0,empty_bin
MONASH,2567,2565.5,2566.5,,,0.0,0.0,empty_bin
MONASH,2568,2566.5,2567.5,,,0.0,0.0,empty_bin
MONASH,2569,2567.5,2568.5,,,0.0,0.0,empty_bin
MONASH,2570,2568.5,2569.5,,,0.0,0.0,empty_bin
MONASH,2571,2569.5,2570.5,,,0.0,0.0,empty_bin
MONASH,2572,2570.5,2571.5,,,0.0,0.0,empty_bin
MONASH,2573,2571.5,2572.5,,,0.0,0.0,empty_bin
MONASH,2574,2572.5,2573.5,,,0.0,0.0,empty_bin
MONASH,2575,2573.5,2574.5,,,0.0,0.0,empty_bin
MONASH,2576,2574.5,2575.5,,,0.0,0.0,empty_bin
MONASH,2577,2575.5,2576.5,,,0.0,0.0,empty_bin
MONASH,2578,2576.5,2577.5,,,0.0,0.0,empty_bin
MONASH,2579,2577.5,2578.5,,,0.0,0.0,empty_bin
MONASH,2580,2578.5,2579.5,,,0.0,0.0,empty_bin
MONASH,2581,2579.5,2580.5,,,0.0,0.0,empty_bin
MONASH,2582,2580.5,2581.5,,,0.0,0.0,empty_bin
MONASH,2583,2581.5,2582.5,,,0.0,0.0,empty_bin
MONASH,2584,2582.5,2583.5,,,0.0,0.0,empty_bin
MONASH,2585,2583.5,2584.5,,,0.0,0.0,empty_bin
MONASH,2586,2584.5,2585.5,,,0.0,0.0,empty_bin
MONASH,2587,2585.5,2586.5,,,0.0,0.0,empty_bin
MONASH,2588,2586.5,2587.5,,,0.0,0.0,empty_bin
MONASH,2589,2587.5,2588.5,,,0.0,0.0,empty_bin
MONASH,2590,2588.5,2589.5,,,0.0,0.0,empty_bin
MONASH,2591,2589.5,2590.5,,,0.0,0.0,empty_bin
MONASH,2592,2590.5,2591.5,,,0.0,0.0,empty_bin
MONASH,2593,2591.5,2592.5,,,0.0,0.0,empty_bin
MONASH,2594,2592.5,2593.5,,,0.0,0.0,empty_bin
MONASH,2595,2593.5,2594.5,,,0.0,0.0,empty_bin
MONASH,2596,2594.5,2595.5,,,0.0,0.0,empty_bin
MONASH,2597,2595.5,2596.5,,,0.0,0.0,empty_bin
MONASH,2598,2596.5,2597.5,,,0.0,0.0,empty_bin
MONASH,2599,2597.5,2598.5,,,0.0,0.0,empty_bin
MONASH,2600,2598.5,2599.5,,,0.0,0.0,empty_bin
MONASH,2601,2599.5,2600.5,,,0.0,0.0,empty_bin
MONASH,2602,2600.5,2601.5,,,0.0,0.0,empty_bin
MONASH,2603,2601.5,2602.5,,,0.0,0.0,empty_bin
MONASH,2604,2602.5,2603.5,,,0.0,0.0,empty_bin
MONASH,2605,2603.5,2604.5,,,0.0,0.0,empty_bin
MONASH,2606,2604.5,2605.5,,,0.0,0.0,empty_bin
MONASH,2607,2605.5,2606.5,,,0.0,0.0,empty_bin
MONASH,2608,2606.5,2607.5,,,0.0,0.0,empty_bin
MONASH,2609,2607.5,2608.5,,,0.0,0.0,empty_bin
MONASH,2610,2608.5,2609.5,,,0.0,0.0,empty_bin
MONASH,2611,2609.5,2610.5,,,0.0,0.0,empty_bin
MONASH,2612,2610.5,2611.5,,,0.0,0.0,empty_bin
MONASH,2613,2611.5,2612.5,,,0.0,0.0,empty_bin
MONASH,2614,2612.5,2613.5,,,0.0,0.0,empty_bin
MONASH,2615,2613.5,2614.5,,,0.0,0.0,empty_bin
MONASH,2616,2614.5,2615.5,,,0.0,0.0,empty_bin
MONASH,2617,2615.5,2616.5,,,0.0,0.0,empty_bin
MONASH,2618,2616.5,2617.5,,,0.0,0.0,empty_bin
MONASH,2619,2617.5,2618.5,,,0.0,0.0,empty_bin
MONASH,2620,2618.5,2619.5,,,0.0,0.0,empty_bin
MONASH,2621,2619.5,2620.5,,,0.0,0.0,empty_bin
MONASH,2622,2620.5,2621.5,,,0.0,0.0,empty_bin
MONASH,2623,2621.5,2622.5,,,0.0,0.0,empty_bin
MONASH,2624,2622.5,2623.5,,,0.0,0.0,empty_bin
MONASH,2625,2623.5,2624.5,,,0.0,0.0,empty_bin
MONASH,2626,2624.5,2625.5,,,0.0,0.0,empty_bin
MONASH,2627,2625.5,2626.5,,,0.0,0.0,empty_bin
MONASH,2628,2626.5,2627.5,,,0.0,0.0,empty_bin
MONASH,2629,2627.5,2628.5,,,0.0,0.0,empty_bin
MONASH,2630,2628.5,2629.5,,,0.0,0.0,empty_bin
MONASH,2631,2629.5,2630.5,,,0.0,0.0,empty_bin
MONASH,2632,2630.5,2631.5,,,0.0,0.0,empty_bin
MONASH,2633,2631.5,2632.5,,,0.0,0.0,empty_bin
MONASH,2634,2632.5,2633.5,,,0.0,0.0,empty_bin
MONASH,2635,2633.5,2634.5,,,0.0,0.0,empty_bin
MONASH,2636,2634.5,2635.5,,,0.0,0.0,empty_bin
MONASH,2637,2635.5,2636.5,,,0.0,0.0,empty_bin
MONASH,2638,2636.5,2637.5,,,0.0,0.0,empty_bin
MONASH,2639,2637.5,2638.5,,,0.0,0.0,empty_bin
MONASH,2640,2638.5,2639.5,,,0.0,0.0,empty_bin
MONASH,2641,2639.5,2640.5,,,0.0,0.0,empty_bin
MONASH,2642,2640.5,2641.5,,,0.0,0.0,empty_bin
MONASH,2643,2641.5,2642.5,,,0.0,0.0,empty_bin
MONASH,2644,2642.5,2643.5,,,0.0,0.0,empty_bin
MONASH,2645,2643.5,2644.5,,,0.0,0.0,empty_bin
MONASH,2646,2644.5,2645.5,,,0.0,0.0,empty_bin
MONASH,2647,2645.5,2646.5,,,0.0,0.0,empty_bin
MONASH,2648,2646.5,2647.5,,,0.0,0.0,empty_bin
MONASH,2649,2647.5,2648.5,,,0.0,0.0,empty_bin
MONASH,2650,2648.5,2649.5,,,0.0,0.0,empty_bin
MONASH,2651,2649.5,2650.5,,,0.0,0.0,empty_bin
MONASH,2652,2650.5,2651.5,,,0.0,0.0,empty_bin
MONASH,2653,2651.5,2652.5,,,0.0,0.0,empty_bin
MONASH,2654,2652.5,2653.5,,,0.0,0.0,empty_bin
MONASH,2655,2653.5,2654.5,,,0.0,0.0,empty_bin
MONASH,2656,2654.5,2655.5,,,0.0,0.0,empty_bin
MONASH,2657,2655.5,2656.5,,,0.0,0.0,empty_bin
MONASH,2658,2656.5,2657.5,,,0.0,0.0,empty_bin
MONASH,2659,2657.5,2658.5,,,0.0,0.0,empty_bin
MONASH,2660,2658.5,2659.5,,,0.0,0.0,empty_bin
MONASH,2661,2659.5,2660.5,,,0.0,0.0,empty_bin
MONASH,2662,2660.5,2661.5,,,0.0,0.0,empty_bin
MONASH,2663,2661.5,2662.5,,,0.0,0.0,empty_bin
MONASH,2664,2662.5,2663.5,,,0.0,0.0,empty_bin
MONASH,2665,2663.5,2664.5,,,0.0,0.0,empty_bin
MONASH,2666,2664.5,2665.5,,,0.0,0.0,empty_bin
MONASH,2667,2665.5,2666.5,,,0.0,0.0,empty_bin
MONASH,2668,2666.5,2667.5,,,0.0,0.0,empty_bin
MONASH,2669,2667.5,2668.5,,,0.0,0.0,empty_bin
MONASH,2670,2668.5,2669.5,,,0.0,0.0,empty_bin
MONASH,2671,2669.5,2670.5,,,0.0,0.0,empty_bin
MONASH,2672,2670.5,2671.5,,,0.0,0.0,empty_bin
MONASH,2673,2671.5,2672.5,,,0.0,0.0,empty_bin
MONASH,2674,2672.5,2673.5,,,0.0,0.0,empty_bin
MONASH,2675,2673.5,2674.5,,,0.0,0.0,empty_bin
MONASH,2676,2674.5,2675.5,,,0.0,0.0,empty_bin
MONASH,2677,2675.5,2676.5,,,0.0,0.0,empty_bin
MONASH,2678,2676.5,2677.5,,,0.0,0.0,empty_bin
MONASH,2679,2677.5,2678.5,,,0.0,0.0,empty_bin
MONASH,2680,2678.5,2679.5,,,0.0,0.0,empty_bin
MONASH,2681,2679.5,2680.5,,,0.0,0.0,empty_bin
MONASH,2682,2680.5,2681.5,,,0.0,0.0,empty_bin
MONASH,2683,2681.5,2682.5,,,0.0,0.0,empty_bin
MONASH,2684,2682.5,2683.5,,,0.0,0.0,empty_bin
MONASH,2685,2683.5,2684.5,,,0.0,0.0,empty_bin
MONASH,2686,2684.5,2685.5,,,0.0,0.0,empty_bin
MONASH,2687,2685.5,2686.5,,,0.0,0.0,empty_bin
MONASH,2688,2686.5,2687.5,,,0.0,0.0,empty_bin
MONASH,2689,2687.5,2688.5,,,0.0,0.0,empty_bin
MONASH,2690,2688.5,2689.5,,,0.0,0.0,empty_bin
MONASH,2691,2689.5,2690.5,,,0.0,0.0,empty_bin
MONASH,2692,2690.5,2691.5,,,0.0,0.0,empty_bin
MONASH,2693,2691.5,2692.5,,,0.0,0.0,empty_bin
MONASH,2694,2692.5,2693.5,,,0.0,0.0,empty_bin
MONASH,2695,2693.5,2694.5,,,0.0,0.0,empty_bin
MONASH,2696,2694.5,2695.5,,,0.0,0.0,empty_bin
MONASH,2697,2695.5,2696.5,,,0.0,0.0,empty_bin
MONASH,2698,2696.5,2697.5,,,0.0,0.0,empty_bin
MONASH,2699,2697.5,2698.5,,,0.0,0.0,empty_bin
MONASH,2700,2698.5,2699.5,,,0.0,0.0,empty_bin
MONASH,2701,2699.5,2700.5,,,0.0,0.0,empty_bin
MONASH,2702,2700.5,2701.5,,,0.0,0.0,empty_bin
MONASH,2703,2701.5,2702.5,,,0.0,0.0,empty_bin
MONASH,2704,2702.5,2703.5,,,0.0,0.0,empty_bin
MONASH,2705,2703.5,2704.5,,,0.0,0.0,empty_bin
MONASH,2706,2704.5,2705.5,,,0.0,0.0,empty_bin
MONASH,2707,2705.5,2706.5,,,0.0,0.0,empty_bin
MONASH,2708,2706.5,2707.5,,,0.0,0.0,empty_bin
MONASH,2709,2707.5,2708.5,,,0.0,0.0,empty_bin
MONASH,2710,2708.5,2709.5,,,0.0,0.0,empty_bin
MONASH,2711,2709.5,2710.5,,,0.0,0.0,empty_bin
MONASH,2712,2710.5,2711.5,,,0.0,0.0,empty_bin
MONASH,2713,2711.5,2712.5,,,0.0,0.0,empty_bin
MONASH,2714,2712.5,2713.5,,,0.0,0.0,empty_bin
MONASH,2715,2713.5,2714.5,,,0.0,0.0,empty_bin
MONASH,2716,2714.5,2715.5,,,0.0,0.0,empty_bin
MONASH,2717,2715.5,2716.5,,,0.0,0.0,empty_bin
MONASH,2718,2716.5,2717.5,,,0.0,0.0,empty_bin
MONASH,2719,2717.5,2718.5,,,0.0,0.0,empty_bin
MONASH,2720,2718.5,2719.5,,,0.0,0.0,empty_bin
MONASH,2721,2719.5,2720.5,,,0.0,0.0,empty_bin
MONASH,2722,2720.5,2721.5,,,0.0,0.0,empty_bin
MONASH,2723,2721.5,2722.5,,,0.0,0.0,empty_bin
MONASH,2724,2722.5,2723.5,,,0.0,0.0,empty_bin
MONASH,2725,2723.5,2724.5,,,0.0,0.0,empty_bin
MONASH,2726,2724.5,2725.5,,,0.0,0.0,empty_bin
MONASH,2727,2725.5,2726.5,,,0.0,0.0,empty_bin
MONASH,2728,2726.5,2727.5,,,0.0,0.0,empty_bin
MONASH,2729,2727.5,2728.5,,,0.0,0.0,empty_bin
MONASH,2730,2728.5,2729.5,,,0.0,0.0,empty_bin
MONASH,2731,2729.5,2730.5,,,0.0,0.0,empty_bin
MONASH,2732,2730.5,2731.5,,,0.0,0.0,empty_bin
MONASH,2733,2731.5,2732.5,,,0.0,0.0,empty_bin
MONASH,2734,2732.5,2733.5,,,0.0,0.0,empty_bin
MONASH,2735,2733.5,2734.5,,,0.0,0.0,empty_bin
MONASH,2736,2734.5,2735.5,,,0.0,0.0,empty_bin
MONASH,2737,2735.5,2736.5,,,0.0,0.0,empty_bin
MONASH,2738,2736.5,2737.5,,,0.0,0.0,empty_bin
MONASH,2739,2737.5,2738.5,,,0.0,0.0,empty_bin
MONASH,2740,2738.5,2739.5,,,0.0,0.0,empty_bin
MONASH,2741,2739.5,2740.5,,,0.0,0.0,empty_bin
MONASH,2742,2740.5,2741.5,,,0.0,0.0,empty_bin
MONASH,2743,2741.5,2742.5,,,0.0,0.0,empty_bin
MONASH,2744,2742.5,2743.5,,,0.0,0.0,empty_bin
MONASH,2745,2743.5,2744.5,,,0.0,0.0,empty_bin
MONASH,2746,2744.5,2745.5,,,0.0,0.0,empty_bin
MONASH,2747,2745.5,2746.5,,,0.0,0.0,empty_bin
MONASH,2748,2746.5,2747.5,,,0.0,0.0,empty_bin
MONASH,2749,2747.5,2748.5,,,0.0,0.0,empty_bin
MONASH,2750,2748.5,2749.5,,,0.0,0.0,empty_bin
MONASH,2751,2749.5,2750.5,,,0.0,0.0,empty_bin
MONASH,2752,2750.5,2751.5,,,0.0,0.0,empty_bin
MONASH,2753,2751.5,2752.5,,,0.0,0.0,empty_bin
MONASH,2754,2752.5,2753.5,,,0.0,0.0,empty_bin
MONASH,2755,2753.5,2754.5,,,0.0,0.0,empty_bin
MONASH,2756,2754.5,2755.5,,,0.0,0.0,empty_bin
MONASH,2757,2755.5,2756.5,,,0.0,0.0,empty_bin
MONASH,2758,2756.5,2757.5,,,0.0,0.0,empty_bin
MONASH,2759,2757.5,2758.5,,,0.0,0.0,empty_bin
MONASH,2760,2758.5,2759.5,,,0.0,0.0,empty_bin
MONASH,2761,2759.5,2760.5,,,0.0,0.0,empty_bin
MONASH,2762,2760.5,2761.5,,,0.0,0.0,empty_bin
MONASH,2763,2761.5,2762.5,,,0.0,0.0,empty_bin
MONASH,2764,2762.5,2763.5,,,0.0,0.0,empty_bin
MONASH,2765,2763.5,2764.5,,,0.0,0.0,empty_bin
MONASH,2766,2764.5,2765.5,,,0.0,0.0,empty_bin
MONASH,2767,2765.5,2766.5,,,0.0,0.0,empty_bin
MONASH,2768,2766.5,2767.5,,,0.0,0.0,empty_bin
MONASH,2769,2767.5,2768.5,,,0.0,0.0,empty_bin
MONASH,2770,2768.5,2769.5,,,0.0,0.0,empty_bin
MONASH,2771,2769.5,2770.5,,,0.0,0.0,empty_bin
MONASH,2772,2770.5,2771.5,,,0.0,0.0,empty_bin
MONASH,2773,2771.5,2772.5,,,0.0,0.0,empty_bin
MONASH,2774,2772.5,2773.5,,,0.0,0.0,empty_bin
MONASH,2775,2773.5,2774.5,,,0.0,0.0,empty_bin
MONASH,2776,2774.5,2775.5,,,0.0,0.0,empty_bin
MONASH,2777,2775.5,2776.5,,,0.0,0.0,empty_bin
MONASH,2778,2776.5,2777.5,,,0.0,0.0,empty_bin
MONASH,2779,2777.5,2778.5,,,0.0,0.0,empty_bin
MONASH,2780,2778.5,2779.5,,,0.0,0.0,empty_bin
MONASH,2781,2779.5,2780.5,,,0.0,0.0,empty_bin
MONASH,2782,2780.5,2781.5,,,0.0,0.0,empty_bin
MONASH,2783,2781.5,2782.5,,,0.0,0.0,empty_bin
MONASH,2784,2782.5,2783.5,,,0.0,0.0,empty_bin
MONASH,2785,2783.5,2784.5,,,0.0,0.0,empty_bin
MONASH,2786,2784.5,2785.5,,,0.0,0.0,empty_bin
MONASH,2787,2785.5,2786.5,,,0.0,0.0,empty_bin
MONASH,2788,2786.5,2787.5,,,0.0,0.0,empty_bin
MONASH,2789,2787.5,2788.5,,,0.0,0.0,empty_bin
MONASH,2790,2788.5,2789.5,,,0.0,0.0,empty_bin
MONASH,2791,2789.5,2790.5,,,0.0,0.0,empty_bin
MONASH,2792,2790.5,2791.5,,,0.0,0.0,empty_bin
MONASH,2793,2791.5,2792.5,,,0.0,0.0,empty_bin
MONASH,2794,2792.5,2793.5,,,0.0,0.0,empty_bin
MONASH,2795,2793.5,2794.5,,,0.0,0.0,empty_bin
MONASH,2796,2794.5,2795.5,,,0.0,0.0,empty_bin
MONASH,2797,2795.5,2796.5,,,0.0,0.0,empty_bin
MONASH,2798,2796.5,2797.5,,,0.0,0.0,empty_bin
MONASH,2799,2797.5,2798.5,,,0.0,0.0,empty_bin
MONASH,2800,2798.5,2799.5,,,0.0,0.0,empty_bin
MONASH,2801,2799.5,2800.5,,,0.0,0.0,empty_bin
MONASH,2802,2800.5,2801.5,,,0.0,0.0,empty_bin
MONASH,2803,2801.5,2802.5,,,0.0,0.0,empty_bin
MONASH,2804,2802.5,2803.5,,,0.0,0.0,empty_bin
MONASH,2805,2803.5,2804.5,,,0.0,0.0,empty_bin
MONASH,2806,2804.5,2805.5,,,0.0,0.0,empty_bin
MONASH,2807,2805.5,2806.5,,,0.0,0.0,empty_bin
MONASH,2808,2806.5,2807.5,,,0.0,0.0,empty_bin
MONASH,2809,2807.5,2808.5,,,0.0,0.0,empty_bin
MONASH,2810,2808.5,2809.5,,,0.0,0.0,empty_bin
MONASH,2811,2809.5,2810.5,,,0.0,0.0,empty_bin
MONASH,2812,2810.5,2811.5,,,0.0,0.0,empty_bin
MONASH,2813,2811.5,2812.5,,,0.0,0.0,empty_bin
MONASH,2814,2812.5,2813.5,,,0.0,0.0,empty_bin
MONASH,2815,2813.5,2814.5,,,0.0,0.0,empty_bin
MONASH,2816,2814.5,2815.5,,,0.0,0.0,empty_bin
MONASH,2817,2815.5,2816.5,,,0.0,0.0,empty_bin
MONASH,2818,2816.5,2817.5,,,0.0,0.0,empty_bin
MONASH,2819,2817.5,2818.5,,,0.0,0.0,empty_bin
MONASH,2820,2818.5,2819.5,,,0.0,0.0,empty_bin
MONASH,2821,2819.5,2820.5,,,0.0,0.0,empty_bin
MONASH,2822,2820.5,2821.5,,,0.0,0.0,empty_bin
MONASH,2823,2821.5,2822.5,,,0.0,0.0,empty_bin
MONASH,2824,2822.5,2823.5,,,0.0,0.0,empty_bin
MONASH,2825,2823.5,2824.5,,,0.0,0.0,empty_bin
MONASH,2826,2824.5,2825.5,,,0.0,0.0,empty_bin
MONASH,2827,2825.5,2826.5,,,0.0,0.0,empty_bin
MONASH,2828,2826.5,2827.5,,,0.0,0.0,empty_bin
MONASH,2829,2827.5,2828.5,,,0.0,0.0,empty_bin
MONASH,2830,2828.5,2829.5,,,0.0,0.0,empty_bin
MONASH,2831,2829.5,2830.5,,,0.0,0.0,empty_bin
MONASH,2832,2830.5,2831.5,,,0.0,0.0,empty_bin
MONASH,2833,2831.5,2832.5,,,0.0,0.0,empty_bin
MONASH,2834,2832.5,2833.5,,,0.0,0.0,empty_bin
MONASH,2835,2833.5,2834.5,,,0.0,0.0,empty_bin
MONASH,2836,2834.5,2835.5,,,0.0,0.0,empty_bin
MONASH,2837,2835.5,2836.5,,,0.0,0.0,empty_bin
MONASH,2838,2836.5,2837.5,,,0.0,0.0,empty_bin
MONASH,2839,2837.5,2838.5,,,0.0,0.0,empty_bin
MONASH,2840,2838.5,2839.5,,,0.0,0.0,empty_bin
MONASH,2841,2839.5,2840.5,,,0.0,0.0,empty_bin
MONASH,2842,2840.5,2841.5,,,0.0,0.0,empty_bin
MONASH,2843,2841.5,2842.5,,,0.0,0.0,empty_bin
MONASH,2844,2842.5,2843.5,,,0.0,0.0,empty_bin
MONASH,2845,2843.5,2844.5,,,0.0,0.0,empty_bin
MONASH,2846,2844.5,2845.5,,,0.0,0.0,empty_bin
MONASH,2847,2845.5,2846.5,,,0.0,0.0,empty_bin
MONASH,2848,2846.5,2847.5,,,0.0,0.0,empty_bin
MONASH,2849,2847.5,2848.5,,,0.0,0.0,empty_bin
MONASH,2850,2848.5,2849.5,,,0.0,0.0,empty_bin
MONASH,2851,2849.5,2850.5,,,0.0,0.0,empty_bin
MONASH,2852,2850.5,2851.5,,,0.0,0.0,empty_bin
MONASH,2853,2851.5,2852.5,,,0.0,0.0,empty_bin
MONASH,2854,2852.5,2853.5,,,0.0,0.0,empty_bin
MONASH,2855,2853.5,2854.5,,,0.0,0.0,empty_bin
MONASH,2856,2854.5,2855.5,,,0.0,0.0,empty_bin
MONASH,2857,2855.5,2856.5,,,0.0,0.0,empty_bin
MONASH,2858,2856.5,2857.5,,,0.0,0.0,empty_bin
MONASH,2859,2857.5,2858.5,,,0.0,0.0,empty_bin
MONASH,2860,2858.5,2859.5,,,0.0,0.0,empty_bin
MONASH,2861,2859.5,2860.5,,,0.0,0.0,empty_bin
MONASH,2862,2860.5,2861.5,,,0.0,0.0,empty_bin
MONASH,2863,2861.5,2862.5,,,0.0,0.0,empty_bin
MONASH,2864,2862.5,2863.5,,,0.0,0.0,empty_bin
MONASH,2865,2863.5,2864.5,,,0.0,0.0,empty_bin
MONASH,2866,2864.5,2865.5,,,0.0,0.0,empty_bin
MONASH,2867,2865.5,2866.5,,,0.0,0.0,empty_bin
MONASH,2868,2866.5,2867.5,,,0.0,0.0,empty_bin
MONASH,2869,2867.5,2868.5,,,0.0,0.0,empty_bin
MONASH,2870,2868.5,2869.5,,,0.0,0.0,empty_bin
MONASH,2871,2869.5,2870.5,,,0.0,0.0,empty_bin
MONASH,2872,2870.5,2871.5,,,0.0,0.0,empty_bin
MONASH,2873,2871.5,2872.5,,,0.0,0.0,empty_bin
MONASH,2874,2872.5,2873.5,,,0.0,0.0,empty_bin
MONASH,2875,2873.5,2874.5,,,0.0,0.0,empty_bin
MONASH,2876,2874.5,2875.5,,,0.0,0.0,empty_bin
MONASH,2877,2875.5,2876.5,,,0.0,0.0,empty_bin
MONASH,2878,2876.5,2877.5,,,0.0,0.0,empty_bin
MONASH,2879,2877.5,2878.5,,,0.0,0.0,empty_bin
MONASH,2880,2878.5,2879.5,,,0.0,0.0,empty_bin
MONASH,2881,2879.5,2880.5,,,0.0,0.0,empty_bin
MONASH,2882,2880.5,2881.5,,,0.0,0.0,empty_bin
MONASH,2883,2881.5,2882.5,,,0.0,0.0,empty_bin
MONASH,2884,2882.5,2883.5,,,0.0,0.0,empty_bin
MONASH,2885,2883.5,2884.5,,,0.0,0.0,empty_bin
MONASH,2886,2884.5,2885.5,,,0.0,0.0,empty_bin
MONASH,2887,2885.5,2886.5,,,0.0,0.0,empty_bin
MONASH,2888,2886.5,2887.5,,,0.0,0.0,empty_bin
MONASH,2889,2887.5,2888.5,,,0.0,0.0,empty_bin
MONASH,2890,2888.5,2889.5,,,0.0,0.0,empty_bin
MONASH,2891,2889.5,2890.5,,,0.0,0.0,empty_bin
MONASH,2892,2890.5,2891.5,,,0.0,0.0,empty_bin
MONASH,2893,2891.5,2892.5,,,0.0,0.0,empty_bin
MONASH,2894,2892.5,2893.5,,,0.0,0.0,empty_bin
MONASH,2895,2893.5,2894.5,,,0.0,0.0,empty_bin
MONASH,2896,2894.5,2895.5,,,0.0,0.0,empty_bin
MONASH,2897,2895.5,2896.5,,,0.0,0.0,empty_bin
MONASH,2898,2896.5,2897.5,,,0.0,0.0,empty_bin
MONASH,2899,2897.5,2898.5,,,0.0,0.0,empty_bin
MONASH,2900,2898.5,2899.5,,,0.0,0.0,empty_bin
MONASH,2901,2899.5,2900.5,,,0.0,0.0,empty_bin
MONASH,2902,2900.5,2901.5,,,0.0,0.0,empty_bin
MONASH,2903,2901.5,2902.5,,,0.0,0.0,empty_bin
MONASH,2904,2902.5,2903.5,,,0.0,0.0,empty_bin
MONASH,2905,2903.5,2904.5,,,0.0,0.0,empty_bin
MONASH,2906,2904.5,2905.5,,,0.0,0.0,empty_bin
MONASH,2907,2905.5,2906.5,,,0.0,0.0,empty_bin
MONASH,2908,2906.5,2907.5,,,0.0,0.0,empty_bin
MONASH,2909,2907.5,2908.5,,,0.0,0.0,empty_bin
MONASH,2910,2908.5,2909.5,,,0.0,0.0,empty_bin
MONASH,2911,2909.5,2910.5,,,0.0,0.0,empty_bin
MONASH,2912,2910.5,2911.5,,,0.0,0.0,empty_bin
MONASH,2913,2911.5,2912.5,,,0.0,0.0,empty_bin
MONASH,2914,2912.5,2913.5,,,0.0,0.0,empty_bin
MONASH,2915,2913.5,2914.5,,,0.0,0.0,empty_bin
MONASH,2916,2914.5,2915.5,,,0.0,0.0,empty_bin
MONASH,2917,2915.5,2916.5,,,0.0,0.0,empty_bin
MONASH,2918,2916.5,2917.5,,,0.0,0.0,empty_bin
MONASH,2919,2917.5,2918.5,,,0.0,0.0,empty_bin
MONASH,2920,2918.5,2919.5,,,0.0,0.0,empty_bin
MONASH,2921,2919.5,2920.5,,,0.0,0.0,empty_bin
MONASH,2922,2920.5,2921.5,,,0.0,0.0,empty_bin
MONASH,2923,2921.5,2922.5,,,0.0,0.0,empty_bin
MONASH,2924,2922.5,2923.5,,,0.0,0.0,empty_bin
MONASH,2925,2923.5,2924.5,,,0.0,0.0,empty_bin
MONASH,2926,2924.5,2925.5,,,0.0,0.0,empty_bin
MONASH,2927,2925.5,2926.5,,,0.0,0.0,empty_bin
MONASH,2928,2926.5,2927.5,,,0.0,0.0,empty_bin
MONASH,2929,2927.5,2928.5,,,0.0,0.0,empty_bin
MONASH,2930,2928.5,2929.5,,,0.0,0.0,empty_bin
MONASH,2931,2929.5,2930.5,,,0.0,0.0,empty_bin
MONASH,2932,2930.5,2931.5,,,0.0,0.0,empty_bin
MONASH,2933,2931.5,2932.5,,,0.0,0.0,empty_bin
MONASH,2934,2932.5,2933.5,,,0.0,0.0,empty_bin
MONASH,2935,2933.5,2934.5,,,0.0,0.0,empty_bin
MONASH,2936,2934.5,2935.5,,,0.0,0.0,empty_bin
MONASH,2937,2935.5,2936.5,,,0.0,0.0,empty_bin
MONASH,2938,2936.5,2937.5,,,0.0,0.0,empty_bin
MONASH,2939,2937.5,2938.5,,,0.0,0.0,empty_bin
MONASH,2940,2938.5,2939.5,,,0.0,0.0,empty_bin
MONASH,2941,2939.5,2940.5,,,0.0,0.0,empty_bin
MONASH,2942,2940.5,2941.5,,,0.0,0.0,empty_bin
MONASH,2943,2941.5,2942.5,,,0.0,0.0,empty_bin
MONASH,2944,2942.5,2943.5,,,0.0,0.0,empty_bin
MONASH,2945,2943.5,2944.5,,,0.0,0.0,empty_bin
MONASH,2946,2944.5,2945.5,,,0.0,0.0,empty_bin
MONASH,2947,2945.5,2946.5,,,0.0,0.0,empty_bin
MONASH,2948,2946.5,2947.5,,,0.0,0.0,empty_bin
MONASH,2949,2947.5,2948.5,,,0.0,0.0,empty_bin
MONASH,2950,2948.5,2949.5,,,0.0,0.0,empty_bin
MONASH,2951,2949.5,2950.5,,,0.0,0.0,empty_bin
MONASH,2952,2950.5,2951.5,,,0.0,0.0,empty_bin
MONASH,2953,2951.5,2952.5,,,0.0,0.0,empty_bin
MONASH,2954,2952.5,2953.5,,,0.0,0.0,empty_bin
MONASH,2955,2953.5,2954.5,,,0.0,0.0,empty_bin
MONASH,2956,2954.5,2955.5,,,0.0,0.0,empty_bin
MONASH,2957,2955.5,2956.5,,,0.0,0.0,empty_bin
MONASH,2958,2956.5,2957.5,,,0.0,0.0,empty_bin
MONASH,2959,2957.5,2958.5,,,0.0,0.0,empty_bin
MONASH,2960,2958.5,2959.5,,,0.0,0.0,empty_bin
MONASH,2961,2959.5,2960.5,,,0.0,0.0,empty_bin
MONASH,2962,2960.5,2961.5,,,0.0,0.0,empty_bin
MONASH,2963,2961.5,2962.5,,,0.0,0.0,empty_bin
MONASH,2964,2962.5,2963.5,,,0.0,0.0,empty_bin
MONASH,2965,2963.5,2964.5,,,0.0,0.0,empty_bin
MONASH,2966,2964.5,2965.5,,,0.0,0.0,empty_bin
MONASH,2967,2965.5,2966.5,,,0.0,0.0,empty_bin
MONASH,2968,2966.5,2967.5,,,0.0,0.0,empty_bin
MONASH,2969,2967.5,2968.5,,,0.0,0.0,empty_bin
MONASH,2970,2968.5,2969.5,,,0.0,0.0,empty_bin
MONASH,2971,2969.5,2970.5,,,0.0,0.0,empty_bin
MONASH,2972,2970.5,2971.5,,,0.0,0.0,empty_bin
MONASH,2973,2971.5,2972.5,,,0.0,0.0,empty_bin
MONASH,2974,2972.5,2973.5,,,0.0,0.0,empty_bin
MONASH,2975,2973.5,2974.5,,,0.0,0.0,empty_bin
MONASH,2976,2974.5,2975.5,,,0.0,0.0,empty_bin
MONASH,2977,2975.5,2976.5,,,0.0,0.0,empty_bin
MONASH,2978,2976.5,2977.5,,,0.0,0.0,empty_bin
MONASH,2979,2977.5,2978.5,,,0.0,0.0,empty_bin
MONASH,2980,2978.5,2979.5,,,0.0,0.0,empty_bin
MONASH,2981,2979.5,2980.5,,,0.0,0.0,empty_bin
MONASH,2982,2980.5,2981.5,,,0.0,0.0,empty_bin
MONASH,2983,2981.5,2982.5,,,0.0,0.0,empty_bin
MONASH,2984,2982.5,2983.5,,,0.0,0.0,empty_bin
MONASH,2985,2983.5,2984.5,,,0.0,0.0,empty_bin
MONASH,2986,2984.5,2985.5,,,0.0,0.0,empty_bin
MONASH,2987,2985.5,2986.5,,,0.0,0.0,empty_bin
MONASH,2988,2986.5,2987.5,,,0.0,0.0,empty_bin
MONASH,2989,2987.5,2988.5,,,0.0,0.0,empty_bin
MONASH,2990,2988.5,2989.5,,,0.0,0.0,empty_bin
MONASH,2991,2989.5,2990.5,,,0.0,0.0,empty_bin
MONASH,2992,2990.5,2991.5,,,0.0,0.0,empty_bin
MONASH,2993,2991.5,2992.5,,,0.0,0.0,empty_bin
MONASH,2994,2992.5,2993.5,,,0.0,0.0,empty_bin
MONASH,2995,2993.5,2994.5,,,0.0,0.0,empty_bin
MONASH,2996,2994.5,2995.5,,,0.0,0.0,empty_bin
MONASH,2997,2995.5,2996.5,,,0.0,0.0,empty_bin
MONASH,2998,2996.5,2997.5,,,0.0,0.0,empty_bin
MONASH,2999,2997.5,2998.5,,,0.0,0.0,empty_bin
MONASH,3000,2998.5,2999.5,,,0.0,0.0,empty_bin
MONASH,3001,2999.5,3000.5,,,0.0,0.0,empty_bin
MONASH,3002,3000.5,3001.5,,,0.0,0.0,empty_bin
MONASH,3003,3001.5,3002.5,,,0.0,0.0,empty_bin
MONASH,3004,3002.5,3003.5,,,0.0,0.0,empty_bin
MONASH,3005,3003.5,3004.5,,,0.0,0.0,empty_bin
MONASH,3006,3004.5,3005.5,,,0.0,0.0,empty_bin
MONASH,3007,3005.5,3006.5,,,0.0,0.0,empty_bin
MONASH,3008,3006.5,3007.5,,,0.0,0.0,empty_bin
MONASH,3009,3007.5,3008.5,,,0.0,0.0,empty_bin
MONASH,3010,3008.5,3009.5,,,0.0,0.0,empty_bin
MONASH,3011,3009.5,3010.5,,,0.0,0.0,empty_bin
MONASH,3012,3010.5,3011.5,,,0.0,0.0,empty_bin
MONASH,3013,3011.5,3012.5,,,0.0,0.0,empty_bin
MONASH,3014,3012.5,3013.5,,,0.0,0.0,empty_bin
MONASH,3015,3013.5,3014.5,,,0.0,0.0,empty_bin
MONASH,3016,3014.5,3015.5,,,0.0,0.0,empty_bin
MONASH,3017,3015.5,3016.5,,,0.0,0.0,empty_bin
MONASH,3018,3016.5,3017.5,,,0.0,0.0,empty_bin
MONASH,3019,3017.5,3018.5,,,0.0,0.0,empty_bin
MONASH,3020,3018.5,3019.5,,,0.0,0.0,empty_bin
MONASH,3021,3019.5,3020.5,,,0.0,0.0,empty_bin
MONASH,3022,3020.5,3021.5,,,0.0,0.0,empty_bin
MONASH,3023,3021.5,3022.5,,,0.0,0.0,empty_bin
MONASH,3024,3022.5,3023.5,,,0.0,0.0,empty_bin
MONASH,3025,3023.5,3024.5,,,0.0,0.0,empty_bin
MONASH,3026,3024.5,3025.5,,,0.0,0.0,empty_bin
MONASH,3027,3025.5,3026.5,,,0.0,0.0,empty_bin
MONASH,3028,3026.5,3027.5,,,0.0,0.0,empty_bin
MONASH,3029,3027.5,3028.5,,,0.0,0.0,empty_bin
MONASH,3030,3028.5,3029.5,,,0.0,0.0,empty_bin
MONASH,3031,3029.5,3030.5,,,0.0,0.0,empty_bin
MONASH,3032,3030.5,3031.5,,,0.0,0.0,empty_bin
MONASH,3033,3031.5,3032.5,,,0.0,0.0,empty_bin
MONASH,3034,3032.5,3033.5,,,0.0,0.0,empty_bin
MONASH,3035,3033.5,3034.5,,,0.0,0.0,empty_bin
MONASH,3036,3034.5,3035.5,,,0.0,0.0,empty_bin
MONASH,3037,3035.5,3036.5,,,0.0,0.0,empty_bin
MONASH,3038,3036.5,3037.5,,,0.0,0.0,empty_bin
MONASH,3039,3037.5,3038.5,,,0.0,0.0,empty_bin
MONASH,3040,3038.5,3039.5,,,0.0,0.0,empty_bin
MONASH,3041,3039.5,3040.5,,,0.0,0.0,empty_bin
MONASH,3042,3040.5,3041.5,,,0.0,0.0,empty_bin
MONASH,3043,3041.5,3042.5,,,0.0,0.0,empty_bin
MONASH,3044,3042.5,3043.5,,,0.0,0.0,empty_bin
MONASH,3045,3043.5,3044.5,,,0.0,0.0,empty_bin
MONASH,3046,3044.5,3045.5,,,0.0,0.0,empty_bin
MONASH,3047,3045.5,3046.5,,,0.0,0.0,empty_bin
MONASH,3048,3046.5,3047.5,,,0.0,0.0,empty_bin
MONASH,3049,3047.5,3048.5,,,0.0,0.0,empty_bin
MONASH,3050,3048.5,3049.5,,,0.0,0.0,empty_bin
MONASH,3051,3049.5,3050.5,,,0.0,0.0,empty_bin
MONASH,3052,3050.5,3051.5,,,0.0,0.0,empty_bin
MONASH,3053,3051.5,3052.5,,,0.0,0.0,empty_bin
MONASH,3054,3052.5,3053.5,,,0.0,0.0,empty_bin
MONASH,3055,3053.5,3054.5,,,0.0,0.0,empty_bin
MONASH,3056,3054.5,3055.5,,,0.0,0.0,empty_bin
MONASH,3057,3055.5,3056.5,,,0.0,0.0,empty_bin
MONASH,3058,3056.5,3057.5,,,0.0,0.0,empty_bin
MONASH,3059,3057.5,3058.5,,,0.0,0.0,empty_bin
MONASH,3060,3058.5,3059.5,,,0.0,0.0,empty_bin
MONASH,3061,3059.5,3060.5,,,0.0,0.0,empty_bin
MONASH,3062,3060.5,3061.5,,,0.0,0.0,empty_bin
MONASH,3063,3061.5,3062.5,,,0.0,0.0,empty_bin
MONASH,3064,3062.5,3063.5,,,0.0,0.0,empty_bin
MONASH,3065,3063.5,3064.5,,,0.0,0.0,empty_bin
MONASH,3066,3064.5,3065.5,,,0.0,0.0,empty_bin
MONASH,3067,3065.5,3066.5,,,0.0,0.0,empty_bin
MONASH,3068,3066.5,3067.5,,,0.0,0.0,empty_bin
MONASH,3069,3067.5,3068.5,,,0.0,0.0,empty_bin
MONASH,3070,3068.5,3069.5,,,0.0,0.0,empty_bin
MONASH,3071,3069.5,3070.5,,,0.0,0.0,empty_bin
MONASH,3072,3070.5,3071.5,,,0.0,0.0,empty_bin
MONASH,3073,3071.5,3072.5,,,0.0,0.0,empty_bin
MONASH,3074,3072.5,3073.5,,,0.0,0.0,empty_bin
MONASH,3075,3073.5,3074.5,,,0.0,0.0,empty_bin
MONASH,3076,3074.5,3075.5,,,0.0,0.0,empty_bin
MONASH,3077,3075.5,3076.5,,,0.0,0.0,empty_bin
MONASH,3078,3076.5,3077.5,,,0.0,0.0,empty_bin
MONASH,3079,3077.5,3078.5,,,0.0,0.0,empty_bin
MONASH,3080,3078.5,3079.5,,,0.0,0.0,empty_bin
MONASH,3081,3079.5,3080.5,,,0.0,0.0,empty_bin
MONASH,3082,3080.5,3081.5,,,0.0,0.0,empty_bin
MONASH,3083,3081.5,3082.5,,,0.0,0.0,empty_bin
MONASH,3084,3082.5,3083.5,,,0.0,0.0,empty_bin
MONASH,3085,3083.5,3084.5,,,0.0,0.0,empty_bin
MONASH,3086,3084.5,3085.5,,,0.0,0.0,empty_bin
MONASH,3087,3085.5,3086.5,,,0.0,0.0,empty_bin
MONASH,3088,3086.5,3087.5,,,0.0,0.0,empty_bin
MONASH,3089,3087.5,3088.5,,,0.0,0.0,empty_bin
MONASH,3090,3088.5,3089.5,,,0.0,0.0,empty_bin
MONASH,3091,3089.5,3090.5,,,0.0,0.0,empty_bin
MONASH,3092,3090.5,3091.5,,,0.0,0.0,empty_bin
MONASH,3093,3091.5,3092.5,,,0.0,0.0,empty_bin
MONASH,3094,3092.5,3093.5,,,0.0,0.0,empty_bin
MONASH,3095,3093.5,3094.5,,,0.0,0.0,empty_bin
MONASH,3096,3094.5,3095.5,,,0.0,0.0,empty_bin
MONASH,3097,3095.5,3096.5,,,0.0,0.0,empty_bin
MONASH,3098,3096.5,3097.5,,,0.0,0.0,empty_bin
MONASH,3099,3097.5,3098.5,,,0.0,0.0,empty_bin
MONASH,3100,3098.5,3099.5,,,0.0,0.0,empty_bin
MONASH,3101,3099.5,3100.5,,,0.0,0.0,empty_bin
MONASH,3102,3100.5,3101.5,,,0.0,0.0,empty_bin
MONASH,3103,3101.5,3102.5,,,0.0,0.0,empty_bin
MONASH,3104,3102.5,3103.5,,,0.0,0.0,empty_bin
MONASH,3105,3103.5,3104.5,,,0.0,0.0,empty_bin
MONASH,3106,3104.5,3105.5,,,0.0,0.0,empty_bin
MONASH,3107,3105.5,3106.5,,,0.0,0.0,empty_bin
MONASH,3108,3106.5,3107.5,,,0.0,0.0,empty_bin
MONASH,3109,3107.5,3108.5,,,0.0,0.0,empty_bin
MONASH,3110,3108.5,3109.5,,,0.0,0.0,empty_bin
MONASH,3111,3109.5,3110.5,,,0.0,0.0,empty_bin
MONASH,3112,3110.5,3111.5,,,0.0,0.0,empty_bin
MONASH,3113,3111.5,3112.5,,,0.0,0.0,empty_bin
MONASH,3114,3112.5,3113.5,,,0.0,0.0,empty_bin
MONASH,3115,3113.5,3114.5,,,0.0,0.0,empty_bin
MONASH,3116,3114.5,3115.5,,,0.0,0.0,empty_bin
MONASH,3117,3115.5,3116.5,,,0.0,0.0,empty_bin
MONASH,3118,3116.5,3117.5,,,0.0,0.0,empty_bin
MONASH,3119,3117.5,3118.5,,,0.0,0.0,empty_bin
MONASH,3120,3118.5,3119.5,,,0.0,0.0,empty_bin
MONASH,3121,3119.5,3120.5,,,0.0,0.0,empty_bin
MONASH,3122,3120.5,3121.5,,,0.0,0.0,empty_bin
MONASH,3123,3121.5,3122.5,,,0.0,0.0,empty_bin
MONASH,3124,3122.5,3123.5,,,0.0,0.0,empty_bin
MONASH,3125,3123.5,3124.5,,,0.0,0.0,empty_bin
MONASH,3126,3124.5,3125.5,,,0.0,0.0,empty_bin
MONASH,3127,3125.5,3126.5,,,0.0,0.0,empty_bin
MONASH,3128,3126.5,3127.5,,,0.0,0.0,empty_bin
MONASH,3129,3127.5,3128.5,,,0.0,0.0,empty_bin
MONASH,3130,3128.5,3129.5,,,0.0,0.0,empty_bin
MONASH,3131,3129.5,3130.5,,,0.0,0.0,empty_bin
MONASH,3132,3130.5,3131.5,,,0.0,0.0,empty_bin
MONASH,3133,3131.5,3132.5,,,0.0,0.0,empty_bin
MONASH,3134,3132.5,3133.5,,,0.0,0.0,empty_bin
MONASH,3135,3133.5,3134.5,,,0.0,0.0,empty_bin
MONASH,3136,3134.5,3135.5,,,0.0,0.0,empty_bin
MONASH,3137,3135.5,3136.5,,,0.0,0.0,empty_bin
MONASH,3138,3136.5,3137.5,,,0.0,0.0,empty_bin
MONASH,3139,3137.5,3138.5,,,0.0,0.0,empty_bin
MONASH,3140,3138.5,3139.5,,,0.0,0.0,empty_bin
MONASH,3141,3139.5,3140.5,,,0.0,0.0,empty_bin
MONASH,3142,3140.5,3141.5,,,0.0,0.0,empty_bin
MONASH,3143,3141.5,3142.5,,,0.0,0.0,empty_bin
MONASH,3144,3142.5,3143.5,,,0.0,0.0,empty_bin
MONASH,3145,3143.5,3144.5,,,0.0,0.0,empty_bin
MONASH,3146,3144.5,3145.5,,,0.0,0.0,empty_bin
MONASH,3147,3145.5,3146.5,,,0.0,0.0,empty_bin
MONASH,3148,3146.5,3147.5,,,0.0,0.0,empty_bin
MONASH,3149,3147.5,3148.5,,,0.0,0.0,empty_bin
MONASH,3150,3148.5,3149.5,,,0.0,0.0,empty_bin
MONASH,3151,3149.5,3150.5,,,0.0,0.0,empty_bin
MONASH,3152,3150.5,3151.5,,,0.0,0.0,empty_bin
MONASH,3153,3151.5,3152.5,,,0.0,0.0,empty_bin
MONASH,3154,3152.5,3153.5,,,0.0,0.0,empty_bin
MONASH,3155,3153.5,3154.5,,,0.0,0.0,empty_bin
MONASH,3156,3154.5,3155.5,,,0.0,0.0,empty_bin
MONASH,3157,3155.5,3156.5,,,0.0,0.0,empty_bin
MONASH,3158,3156.5,3157.5,,,0.0,0.0,empty_bin
MONASH,3159,3157.5,3158.5,,,0.0,0.0,empty_bin
MONASH,3160,3158.5,3159.5,,,0.0,0.0,empty_bin
MONASH,3161,3159.5,3160.5,,,0.0,0.0,empty_bin
MONASH,3162,3160.5,3161.5,,,0.0,0.0,empty_bin
MONASH,3163,3161.5,3162.5,,,0.0,0.0,empty_bin
MONASH,3164,3162.5,3163.5,,,0.0,0.0,empty_bin
MONASH,3165,3163.5,3164.5,,,0.0,0.0,empty_bin
MONASH,3166,3164.5,3165.5,,,0.0,0.0,empty_bin
MONASH,3167,3165.5,3166.5,,,0.0,0.0,empty_bin
MONASH,3168,3166.5,3167.5,,,0.0,0.0,empty_bin
MONASH,3169,3167.5,3168.5,,,0.0,0.0,empty_bin
MONASH,3170,3168.5,3169.5,,,0.0,0.0,empty_bin
MONASH,3171,3169.5,3170.5,,,0.0,0.0,empty_bin
MONASH,3172,3170.5,3171.5,,,0.0,0.0,empty_bin
MONASH,3173,3171.5,3172.5,,,0.0,0.0,empty_bin
MONASH,3174,3172.5,3173.5,,,0.0,0.0,empty_bin
MONASH,3175,3173.5,3174.5,,,0.0,0.0,empty_bin
MONASH,3176,3174.5,3175.5,,,0.0,0.0,empty_bin
MONASH,3177,3175.5,3176.5,,,0.0,0.0,empty_bin
MONASH,3178,3176.5,3177.5,,,0.0,0.0,empty_bin
MONASH,3179,3177.5,3178.5,,,0.0,0.0,empty_bin
MONASH,3180,3178.5,3179.5,,,0.0,0.0,empty_bin
MONASH,3181,3179.5,3180.5,,,0.0,0.0,empty_bin
MONASH,3182,3180.5,3181.5,,,0.0,0.0,empty_bin
MONASH,3183,3181.5,3182.5,,,0.0,0.0,empty_bin
MONASH,3184,3182.5,3183.5,,,0.0,0.0,empty_bin
MONASH,3185,3183.5,3184.5,,,0.0,0.0,empty_bin
MONASH,3186,3184.5,3185.5,,,0.0,0.0,empty_bin
MONASH,3187,3185.5,3186.5,,,0.0,0.0,empty_bin
MONASH,3188,3186.5,3187.5,,,0.0,0.0,empty_bin
MONASH,3189,3187.5,3188.5,,,0.0,0.0,empty_bin
MONASH,3190,3188.5,3189.5,,,0.0,0.0,empty_bin
MONASH,3191,3189.5,3190.5,,,0.0,0.0,empty_bin
MONASH,3192,3190.5,3191.5,,,0.0,0.0,empty_bin
MONASH,3193,3191.5,3192.5,,,0.0,0.0,empty_bin
MONASH,3194,3192.5,3193.5,,,0.0,0.0,empty_bin
MONASH,3195,3193.5,3194.5,,,0.0,0.0,empty_bin
MONASH,3196,3194.5,3195.5,,,0.0,0.0,empty_bin
MONASH,3197,3195.5,3196.5,,,0.0,0.0,empty_bin
MONASH,3198,3196.5,3197.5,,,0.0,0.0,empty_bin
MONASH,3199,3197.5,3198.5,,,0.0,0.0,empty_bin
MONASH,3200,3198.5,3199.5,,,0.0,0.0,empty_bin
MONASH,3201,3199.5,3200.5,,,0.0,0.0,empty_bin
MONASH,3202,3200.5,3201.5,,,0.0,0.0,empty_bin
MONASH,3203,3201.5,3202.5,,,0.0,0.0,empty_bin
MONASH,3204,3202.5,3203.5,,,0.0,0.0,empty_bin
MONASH,3205,3203.5,3204.5,,,0.0,0.0,empty_bin
MONASH,3206,3204.5,3205.5,,,0.0,0.0,empty_bin
MONASH,3207,3205.5,3206.5,,,0.0,0.0,empty_bin
MONASH,3208,3206.5,3207.5,,,0.0,0.0,empty_bin
MONASH,3209,3207.5,3208.5,,,0.0,0.0,empty_bin
MONASH,3210,3208.5,3209.5,,,0.0,0.0,empty_bin
MONASH,3211,3209.5,3210.5,,,0.0,0.0,empty_bin
MONASH,3212,3210.5,3211.5,,,0.0,0.0,empty_bin
MONASH,3213,3211.5,3212.5,,,0.0,0.0,empty_bin
MONASH,3214,3212.5,3213.5,,,0.0,0.0,empty_bin
MONASH,3215,3213.5,3214.5,,,0.0,0.0,empty_bin
MONASH,3216,3214.5,3215.5,,,0.0,0.0,empty_bin
MONASH,3217,3215.5,3216.5,,,0.0,0.0,empty_bin
MONASH,3218,3216.5,3217.5,,,0.0,0.0,empty_bin
MONASH,3219,3217.5,3218.5,,,0.0,0.0,empty_bin
MONASH,3220,3218.5,3219.5,,,0.0,0.0,empty_bin
MONASH,3221,3219.5,3220.5,,,0.0,0.0,empty_bin
MONASH,3222,3220.5,3221.5,,,0.0,0.0,empty_bin
MONASH,3223,3221.5,3222.5,,,0.0,0.0,empty_bin
MONASH,3224,3222.5,3223.5,,,0.0,0.0,empty_bin
MONASH,3225,3223.5,3224.5,,,0.0,0.0,empty_bin
MONASH,3226,3224.5,3225.5,,,0.0,0.0,empty_bin
MONASH,3227,3225.5,3226.5,,,0.0,0.0,empty_bin
MONASH,3228,3226.5,3227.5,,,0.0,0.0,empty_bin
MONASH,3229,3227.5,3228.5,,,0.0,0.0,empty_bin
MONASH,3230,3228.5,3229.5,,,0.0,0.0,empty_bin
MONASH,3231,3229.5,3230.5,,,0.0,0.0,empty_bin
MONASH,3232,3230.5,3231.5,,,0.0,0.0,empty_bin
MONASH,3233,3231.5,3232.5,,,0.0,0.0,empty_bin
MONASH,3234,3232.5,3233.5,,,0.0,0.0,empty_bin
MONASH,3235,3233.5,3234.5,,,0.0,0.0,empty_bin
MONASH,3236,3234.5,3235.5,,,0.0,0.0,empty_bin
MONASH,3237,3235.5,3236.5,,,0.0,0.0,empty_bin
MONASH,3238,3236.5,3237.5,,,0.0,0.0,empty_bin
MONASH,3239,3237.5,3238.5,,,0.0,0.0,empty_bin
MONASH,3240,3238.5,3239.5,,,0.0,0.0,empty_bin
MONASH,3241,3239.5,3240.5,,,0.0,0.0,empty_bin
MONASH,3242,3240.5,3241.5,,,0.0,0.0,empty_bin
MONASH,3243,3241.5,3242.5,,,0.0,0.0,empty_bin
MONASH,3244,3242.5,3243.5,,,0.0,0.0,empty_bin
MONASH,3245,3243.5,3244.5,,,0.0,0.0,empty_bin
MONASH,3246,3244.5,3245.5,,,0.0,0.0,empty_bin
MONASH,3247,3245.5,3246.5,,,0.0,0.0,empty_bin
MONASH,3248,3246.5,3247.5,,,0.0,0.0,empty_bin
MONASH,3249,3247.5,3248.5,,,0.0,0.0,empty_bin
MONASH,3250,3248.5,3249.5,,,0.0,0.0,empty_bin
MONASH,3251,3249.5,3250.5,,,0.0,0.0,empty_bin
MONASH,3252,3250.5,3251.5,,,0.0,0.0,empty_bin
MONASH,3253,3251.5,3252.5,,,0.0,0.0,empty_bin
MONASH,3254,3252.5,3253.5,,,0.0,0.0,empty_bin
MONASH,3255,3253.5,3254.5,,,0.0,0.0,empty_bin
MONASH,3256,3254.5,3255.5,,,0.0,0.0,empty_bin
MONASH,3257,3255.5,3256.5,,,0.0,0.0,empty_bin
MONASH,3258,3256.5,3257.5,,,0.0,0.0,empty_bin
MONASH,3259,3257.5,3258.5,,,0.0,0.0,empty_bin
MONASH,3260,3258.5,3259.5,,,0.0,0.0,empty_bin
MONASH,3261,3259.5,3260.5,,,0.0,0.0,empty_bin
MONASH,3262,3260.5,3261.5,,,0.0,0.0,empty_bin
MONASH,3263,3261.5,3262.5,,,0.0,0.0,empty_bin
MONASH,3264,3262.5,3263.5,,,0.0,0.0,empty_bin
MONASH,3265,3263.5,3264.5,,,0.0,0.0,empty_bin
MONASH,3266,3264.5,3265.5,,,0.0,0.0,empty_bin
MONASH,3267,3265.5,3266.5,,,0.0,0.0,empty_bin
MONASH,3268,3266.5,3267.5,,,0.0,0.0,empty_bin
MONASH,3269,3267.5,3268.5,,,0.0,0.0,empty_bin
MONASH,3270,3268.5,3269.5,,,0.0,0.0,empty_bin
MONASH,3271,3269.5,3270.5,,,0.0,0.0,empty_bin
MONASH,3272,3270.5,3271.5,,,0.0,0.0,empty_bin
MONASH,3273,3271.5,3272.5,,,0.0,0.0,empty_bin
MONASH,3274,3272.5,3273.5,,,0.0,0.0,empty_bin
MONASH,3275,3273.5,3274.5,,,0.0,0.0,empty_bin
MONASH,3276,3274.5,3275.5,,,0.0,0.0,empty_bin
MONASH,3277,3275.5,3276.5,,,0.0,0.0,empty_bin
MONASH,3278,3276.5,3277.5,,,0.0,0.0,empty_bin
MONASH,3279,3277.5,3278.5,,,0.0,0.0,empty_bin
MONASH,3280,3278.5,3279.5,,,0.0,0.0,empty_bin
MONASH,3281,3279.5,3280.5,,,0.0,0.0,empty_bin
MONASH,3282,3280.5,3281.5,,,0.0,0.0,empty_bin
MONASH,3283,3281.5,3282.5,,,0.0,0.0,empty_bin
MONASH,3284,3282.5,3283.5,,,0.0,0.0,empty_bin
MONASH,3285,3283.5,3284.5,,,0.0,0.0,empty_bin
MONASH,3286,3284.5,3285.5,,,0.0,0.0,empty_bin
MONASH,3287,3285.5,3286.5,,,0.0,0.0,empty_bin
MONASH,3288,3286.5,3287.5,,,0.0,0.0,empty_bin
MONASH,3289,3287.5,3288.5,,,0.0,0.0,empty_bin
MONASH,3290,3288.5,3289.5,,,0.0,0.0,empty_bin
MONASH,3291,3289.5,3290.5,,,0.0,0.0,empty_bin
MONASH,3292,3290.5,3291.5,,,0.0,0.0,empty_bin
MONASH,3293,3291.5,3292.5,,,0.0,0.0,empty_bin
MONASH,3294,3292.5,3293.5,,,0.0,0.0,empty_bin
MONASH,3295,3293.5,3294.5,,,0.0,0.0,empty_bin
MONASH,3296,3294.5,3295.5,,,0.0,0.0,empty_bin
MONASH,3297,3295.5,3296.5,,,0.0,0.0,empty_bin
MONASH,3298,3296.5,3297.5,,,0.0,0.0,empty_bin
MONASH,3299,3297.5,3298.5,,,0.0,0.0,empty_bin
MONASH,3300,3298.5,3299.5,,,0.0,0.0,empty_bin
MONASH,3301,3299.5,3300.5,,,0.0,0.0,empty_bin
MONASH,3302,3300.5,3301.5,,,0.0,0.0,empty_bin
MONASH,3303,3301.5,3302.5,,,0.0,0.0,empty_bin
MONASH,3304,3302.5,3303.5,,,0.0,0.0,empty_bin
MONASH,3305,3303.5,3304.5,,,0.0,0.0,empty_bin
MONASH,3306,3304.5,3305.5,,,0.0,0.0,empty_bin
MONASH,3307,3305.5,3306.5,,,0.0,0.0,empty_bin
MONASH,3308,3306.5,3307.5,,,0.0,0.0,empty_bin
MONASH,3309,3307.5,3308.5,,,0.0,0.0,empty_bin
MONASH,3310,3308.5,3309.5,,,0.0,0.0,empty_bin
MONASH,3311,3309.5,3310.5,,,0.0,0.0,empty_bin
MONASH,3312,3310.5,3311.5,,,0.0,0.0,empty_bin
MONASH,3313,3311.5,3312.5,,,0.0,0.0,empty_bin
MONASH,3314,3312.5,3313.5,,,0.0,0.0,empty_bin
MONASH,3315,3313.5,3314.5,,,0.0,0.0,empty_bin
MONASH,3316,3314.5,3315.5,,,0.0,0.0,empty_bin
MONASH,3317,3315.5,3316.5,,,0.0,0.0,empty_bin
MONASH,3318,3316.5,3317.5,,,0.0,0.0,empty_bin
MONASH,3319,3317.5,3318.5,,,0.0,0.0,empty_bin
MONASH,3320,3318.5,3319.5,,,0.0,0.0,empty_bin
MONASH,3321,3319.5,3320.5,,,0.0,0.0,empty_bin
MONASH,3322,3320.5,3321.5,,,0.0,0.0,empty_bin
MONASH,3323,3321.5,3322.5,,,0.0,0.0,empty_bin
MONASH,3324,3322.5,3323.5,,,0.0,0.0,empty_bin
MONASH,3325,3323.5,3324.5,,,0.0,0.0,empty_bin
MONASH,3326,3324.5,3325.5,,,0.0,0.0,empty_bin
MONASH,3327,3325.5,3326.5,,,0.0,0.0,empty_bin
MONASH,3328,3326.5,3327.5,,,0.0,0.0,empty_bin
MONASH,3329,3327.5,3328.5,,,0.0,0.0,empty_bin
MONASH,3330,3328.5,3329.5,,,0.0,0.0,empty_bin
MONASH,3331,3329.5,3330.5,,,0.0,0.0,empty_bin
MONASH,3332,3330.5,3331.5,,,0.0,0.0,empty_bin
MONASH,3333,3331.5,3332.5,,,0.0,0.0,empty_bin
MONASH,3334,3332.5,3333.5,,,0.0,0.0,empty_bin
MONASH,3335,3333.5,3334.5,,,0.0,0.0,empty_bin
MONASH,3336,3334.5,3335.5,,,0.0,0.0,empty_bin
MONASH,3337,3335.5,3336.5,,,0.0,0.0,empty_bin
MONASH,3338,3336.5,3337.5,,,0.0,0.0,empty_bin
MONASH,3339,3337.5,3338.5,,,0.0,0.0,empty_bin
MONASH,3340,3338.5,3339.5,,,0.0,0.0,empty_bin
MONASH,3341,3339.5,3340.5,,,0.0,0.0,empty_bin
MONASH,3342,3340.5,3341.5,,,0.0,0.0,empty_bin
MONASH,3343,3341.5,3342.5,,,0.0,0.0,empty_bin
MONASH,3344,3342.5,3343.5,,,0.0,0.0,empty_bin
MONASH,3345,3343.5,3344.5,,,0.0,0.0,empty_bin
MONASH,3346,3344.5,3345.5,,,0.0,0.0,empty_bin
MONASH,3347,3345.5,3346.5,,,0.0,0.0,empty_bin
MONASH,3348,3346.5,3347.5,,,0.0,0.0,empty_bin
MONASH,3349,3347.5,3348.5,,,0.0,0.0,empty_bin
MONASH,3350,3348.5,3349.5,,,0.0,0.0,empty_bin
MONASH,3351,3349.5,3350.5,,,0.0,0.0,empty_bin
MONASH,3352,3350.5,3351.5,,,0.0,0.0,empty_bin
MONASH,3353,3351.5,3352.5,,,0.0,0.0,empty_bin
MONASH,3354,3352.5,3353.5,,,0.0,0.0,empty_bin
MONASH,3355,3353.5,3354.5,,,0.0,0.0,empty_bin
MONASH,3356,3354.5,3355.5,,,0.0,0.0,empty_bin
MONASH,3357,3355.5,3356.5,,,0.0,0.0,empty_bin
MONASH,3358,3356.5,3357.5,,,0.0,0.0,empty_bin
MONASH,3359,3357.5,3358.5,,,0.0,0.0,empty_bin
MONASH,3360,3358.5,3359.5,,,0.0,0.0,empty_bin
MONASH,3361,3359.5,3360.5,,,0.0,0.0,empty_bin
MONASH,3362,3360.5,3361.5,,,0.0,0.0,empty_bin
MONASH,3363,3361.5,3362.5,,,0.0,0.0,empty_bin
MONASH,3364,3362.5,3363.5,,,0.0,0.0,empty_bin
MONASH,3365,3363.5,3364.5,,,0.0,0.0,empty_bin
MONASH,3366,3364.5,3365.5,,,0.0,0.0,empty_bin
MONASH,3367,3365.5,3366.5,,,0.0,0.0,empty_bin
MONASH,3368,3366.5,3367.5,,,0.0,0.0,empty_bin
MONASH,3369,3367.5,3368.5,,,0.0,0.0,empty_bin
MONASH,3370,3368.5,3369.5,,,0.0,0.0,empty_bin
MONASH,3371,3369.5,3370.5,,,0.0,0.0,empty_bin
MONASH,3372,3370.5,3371.5,,,0.0,0.0,empty_bin
MONASH,3373,3371.5,3372.5,,,0.0,0.0,empty_bin
MONASH,3374,3372.5,3373.5,,,0.0,0.0,empty_bin
MONASH,3375,3373.5,3374.5,,,0.0,0.0,empty_bin
MONASH,3376,3374.5,3375.5,,,0.0,0.0,empty_bin
MONASH,3377,3375.5,3376.5,,,0.0,0.0,empty_bin
MONASH,3378,3376.5,3377.5,,,0.0,0.0,empty_bin
MONASH,3379,3377.5,3378.5,,,0.0,0.0,empty_bin
MONASH,3380,3378.5,3379.5,,,0.0,0.0,empty_bin
MONASH,3381,3379.5,3380.5,,,0.0,0.0,empty_bin
MONASH,3382,3380.5,3381.5,,,0.0,0.0,empty_bin
MONASH,3383,3381.5,3382.5,,,0.0,0.0,empty_bin
MONASH,3384,3382.5,3383.5,,,0.0,0.0,empty_bin
MONASH,3385,3383.5,3384.5,,,0.0,0.0,empty_bin
MONASH,3386,3384.5,3385.5,,,0.0,0.0,empty_bin
MONASH,3387,3385.5,3386.5,,,0.0,0.0,empty_bin
MONASH,3388,3386.5,3387.5,,,0.0,0.0,empty_bin
MONASH,3389,3387.5,3388.5,,,0.0,0.0,empty_bin
MONASH,3390,3388.5,3389.5,,,0.0,0.0,empty_bin
MONASH,3391,3389.5,3390.5,,,0.0,0.0,empty_bin
MONASH,3392,3390.5,3391.5,,,0.0,0.0,empty_bin
MONASH,3393,3391.5,3392.5,,,0.0,0.0,empty_bin
MONASH,3394,3392.5,3393.5,,,0.0,0.0,empty_bin
MONASH,3395,3393.5,3394.5,,,0.0,0.0,empty_bin
MONASH,3396,3394.5,3395.5,,,0.0,0.0,empty_bin
MONASH,3397,3395.5,3396.5,,,0.0,0.0,empty_bin
MONASH,3398,3396.5,3397.5,,,0.0,0.0,empty_bin
MONASH,3399,3397.5,3398.5,,,0.0,0.0,empty_bin
MONASH,3400,3398.5,3399.5,,,0.0,0.0,empty_bin
MONASH,3401,3399.5,3400.5,,,0.0,0.0,empty_bin
MONASH,3402,3400.5,3401.5,,,0.0,0.0,empty_bin
MONASH,3403,3401.5,3402.5,,,0.0,0.0,empty_bin
MONASH,3404,3402.5,3403.5,,,0.0,0.0,empty_bin
MONASH,3405,3403.5,3404.5,,,0.0,0.0,empty_bin
MONASH,3406,3404.5,3405.5,,,0.0,0.0,empty_bin
MONASH,3407,3405.5,3406.5,,,0.0,0.0,empty_bin
MONASH,3408,3406.5,3407.5,,,0.0,0.0,empty_bin
MONASH,3409,3407.5,3408.5,,,0.0,0.0,empty_bin
MONASH,3410,3408.5,3409.5,,,0.0,0.0,empty_bin
MONASH,3411,3409.5,3410.5,,,0.0,0.0,empty_bin
MONASH,3412,3410.5,3411.5,,,0.0,0.0,empty_bin
MONASH,3413,3411.5,3412.5,,,0.0,0.0,empty_bin
MONASH,3414,3412.5,3413.5,,,0.0,0.0,empty_bin
MONASH,3415,3413.5,3414.5,,,0.0,0.0,empty_bin
MONASH,3416,3414.5,3415.5,,,0.0,0.0,empty_bin
MONASH,3417,3415.5,3416.5,,,0.0,0.0,empty_bin
MONASH,3418,3416.5,3417.5,,,0.0,0.0,empty_bin
MONASH,3419,3417.5,3418.5,,,0.0,0.0,empty_bin
MONASH,3420,3418.5,3419.5,,,0.0,0.0,empty_bin
MONASH,3421,3419.5,3420.5,,,0.0,0.0,empty_bin
MONASH,3422,3420.5,3421.5,,,0.0,0.0,empty_bin
MONASH,3423,3421.5,3422.5,,,0.0,0.0,empty_bin
MONASH,3424,3422.5,3423.5,,,0.0,0.0,empty_bin
MONASH,3425,3423.5,3424.5,,,0.0,0.0,empty_bin
MONASH,3426,3424.5,3425.5,,,0.0,0.0,empty_bin
MONASH,3427,3425.5,3426.5,,,0.0,0.0,empty_bin
MONASH,3428,3426.5,3427.5,,,0.0,0.0,empty_bin
MONASH,3429,3427.5,3428.5,,,0.0,0.0,empty_bin
MONASH,3430,3428.5,3429.5,,,0.0,0.0,empty_bin
MONASH,3431,3429.5,3430.5,,,0.0,0.0,empty_bin
MONASH,3432,3430.5,3431.5,,,0.0,0.0,empty_bin
MONASH,3433,3431.5,3432.5,,,0.0,0.0,empty_bin
MONASH,3434,3432.5,3433.5,,,0.0,0.0,empty_bin
MONASH,3435,3433.5,3434.5,,,0.0,0.0,empty_bin
MONASH,3436,3434.5,3435.5,,,0.0,0.0,empty_bin
MONASH,3437,3435.5,3436.5,,,0.0,0.0,empty_bin
MONASH,3438,3436.5,3437.5,,,0.0,0.0,empty_bin
MONASH,3439,3437.5,3438.5,,,0.0,0.0,empty_bin
MONASH,3440,3438.5,3439.5,,,0.0,0.0,empty_bin
MONASH,3441,3439.5,3440.5,,,0.0,0.0,empty_bin
MONASH,3442,3440.5,3441.5,,,0.0,0.0,empty_bin
MONASH,3443,3441.5,3442.5,,,0.0,0.0,empty_bin
MONASH,3444,3442.5,3443.5,,,0.0,0.0,empty_bin
MONASH,3445,3443.5,3444.5,,,0.0,0.0,empty_bin
MONASH,3446,3444.5,3445.5,,,0.0,0.0,empty_bin
MONASH,3447,3445.5,3446.5,,,0.0,0.0,empty_bin
MONASH,3448,3446.5,3447.5,,,0.0,0.0,empty_bin
MONASH,3449,3447.5,3448.5,,,0.0,0.0,empty_bin
MONASH,3450,3448.5,3449.5,,,0.0,0.0,empty_bin
MONASH,3451,3449.5,3450.5,,,0.0,0.0,empty_bin
MONASH,3452,3450.5,3451.5,,,0.0,0.0,empty_bin
MONASH,3453,3451.5,3452.5,,,0.0,0.0,empty_bin
MONASH,3454,3452.5,3453.5,,,0.0,0.0,empty_bin
MONASH,3455,3453.5,3454.5,,,0.0,0.0,empty_bin
MONASH,3456,3454.5,3455.5,,,0.0,0.0,empty_bin
MONASH,3457,3455.5,3456.5,,,0.0,0.0,empty_bin
MONASH,3458,3456.5,3457.5,,,0.0,0.0,empty_bin
MONASH,3459,3457.5,3458.5,,,0.0,0.0,empty_bin
MONASH,3460,3458.5,3459.5,,,0.0,0.0,empty_bin
MONASH,3461,3459.5,3460.5,,,0.0,0.0,empty_bin
MONASH,3462,3460.5,3461.5,,,0.0,0.0,empty_bin
MONASH,3463,3461.5,3462.5,,,0.0,0.0,empty_bin
MONASH,3464,3462.5,3463.5,,,0.0,0.0,empty_bin
MONASH,3465,3463.5,3464.5,,,0.0,0.0,empty_bin
MONASH,3466,3464.5,3465.5,,,0.0,0.0,empty_bin
MONASH,3467,3465.5,3466.5,,,0.0,0.0,empty_bin
MONASH,3468,3466.5,3467.5,,,0.0,0.0,empty_bin
MONASH,3469,3467.5,3468.5,,,0.0,0.0,empty_bin
MONASH,3470,3468.5,3469.5,,,0.0,0.0,empty_bin
MONASH,3471,3469.5,3470.5,,,0.0,0.0,empty_bin
MONASH,3472,3470.5,3471.5,,,0.0,0.0,empty_bin
MONASH,3473,3471.5,3472.5,,,0.0,0.0,empty_bin
MONASH,3474,3472.5,3473.5,,,0.0,0.0,empty_bin
MONASH,3475,3473.5,3474.5,,,0.0,0.0,empty_bin
MONASH,3476,3474.5,3475.5,,,0.0,0.0,empty_bin
MONASH,3477,3475.5,3476.5,,,0.0,0.0,empty_bin
MONASH,3478,3476.5,3477.5,,,0.0,0.0,empty_bin
MONASH,3479,3477.5,3478.5,,,0.0,0.0,empty_bin
MONASH,3480,3478.5,3479.5,,,0.0,0.0,empty_bin
MONASH,3481,3479.5,3480.5,,,0.0,0.0,empty_bin
MONASH,3482,3480.5,3481.5,,,0.0,0.0,empty_bin
MONASH,3483,3481.5,3482.5,,,0.0,0.0,empty_bin
MONASH,3484,3482.5,3483.5,,,0.0,0.0,empty_bin
MONASH,3485,3483.5,3484.5,,,0.0,0.0,empty_bin
MONASH,3486,3484.5,3485.5,,,0.0,0.0,empty_bin
MONASH,3487,3485.5,3486.5,,,0.0,0.0,empty_bin
MONASH,3488,3486.5,3487.5,,,0.0,0.0,empty_bin
MONASH,3489,3487.5,3488.5,,,0.0,0.0,empty_bin
MONASH,3490,3488.5,3489.5,,,0.0,0.0,empty_bin
MONASH,3491,3489.5,3490.5,,,0.0,0.0,empty_bin
MONASH,3492,3490.5,3491.5,,,0.0,0.0,empty_bin
MONASH,3493,3491.5,3492.5,,,0.0,0.0,empty_bin
MONASH,3494,3492.5,3493.5,,,0.0,0.0,empty_bin
MONASH,3495,3493.5,3494.5,,,0.0,0.0,empty_bin
MONASH,3496,3494.5,3495.5,,,0.0,0.0,empty_bin
MONASH,3497,3495.5,3496.5,,,0.0,0.0,empty_bin
MONASH,3498,3496.5,3497.5,,,0.0,0.0,empty_bin
MONASH,3499,3497.5,3498.5,,,0.0,0.0,empty_bin
MONASH,3500,3498.5,3499.5,,,0.0,0.0,empty_bin
MONASH,3501,3499.5,3500.5,,,0.0,0.0,empty_bin
MONASH,3502,3500.5,3501.5,,,0.0,0.0,empty_bin
MONASH,3503,3501.5,3502.5,,,0.0,0.0,empty_bin
MONASH,3504,3502.5,3503.5,,,0.0,0.0,empty_bin
MONASH,3505,3503.5,3504.5,,,0.0,0.0,empty_bin
MONASH,3506,3504.5,3505.5,,,0.0,0.0,empty_bin
MONASH,3507,3505.5,3506.5,,,0.0,0.0,empty_bin
MONASH,3508,3506.5,3507.5,,,0.0,0.0,empty_bin
MONASH,3509,3507.5,3508.5,,,0.0,0.0,empty_bin
MONASH,3510,3508.5,3509.5,,,0.0,0.0,empty_bin
MONASH,3511,3509.5,3510.5,,,0.0,0.0,empty_bin
MONASH,3512,3510.5,3511.5,,,0.0,0.0,empty_bin
MONASH,3513,3511.5,3512.5,,,0.0,0.0,empty_bin
MONASH,3514,3512.5,3513.5,,,0.0,0.0,empty_bin
MONASH,3515,3513.5,3514.5,,,0.0,0.0,empty_bin
MONASH,3516,3514.5,3515.5,,,0.0,0.0,empty_bin
MONASH,3517,3515.5,3516.5,,,0.0,0.0,empty_bin
MONASH,3518,3516.5,3517.5,,,0.0,0.0,empty_bin
MONASH,3519,3517.5,3518.5,,,0.0,0.0,empty_bin
MONASH,3520,3518.5,3519.5,,,0.0,0.0,empty_bin
MONASH,3521,3519.5,3520.5,,,0.0,0.0,empty_bin
MONASH,3522,3520.5,3521.5,,,0.0,0.0,empty_bin
MONASH,3523,3521.5,3522.5,,,0.0,0.0,empty_bin
MONASH,3524,3522.5,3523.5,,,0.0,0.0,empty_bin
MONASH,3525,3523.5,3524.5,,,0.0,0.0,empty_bin
MONASH,3526,3524.5,3525.5,,,0.0,0.0,empty_bin
MONASH,3527,3525.5,3526.5,,,0.0,0.0,empty_bin
MONASH,3528,3526.5,3527.5,,,0.0,0.0,empty_bin
MONASH,3529,3527.5,3528.5,,,0.0,0.0,empty_bin
MONASH,3530,3528.5,3529.5,,,0.0,0.0,empty_bin
MONASH,3531,3529.5,3530.5,,,0.0,0.0,empty_bin
MONASH,3532,3530.5,3531.5,,,0.0,0.0,empty_bin
MONASH,3533,3531.5,3532.5,,,0.0,0.0,empty_bin
MONASH,3534,3532.5,3533.5,,,0.0,0.0,empty_bin
MONASH,3535,3533.5,3534.5,,,0.0,0.0,empty_bin
MONASH,3536,3534.5,3535.5,,,0.0,0.0,empty_bin
MONASH,3537,3535.5,3536.5,,,0.0,0.0,empty_bin
MONASH,3538,3536.5,3537.5,,,0.0,0.0,empty_bin
MONASH,3539,3537.5,3538.5,,,0.0,0.0,empty_bin
MONASH,3540,3538.5,3539.5,,,0.0,0.0,empty_bin
MONASH,3541,3539.5,3540.5,,,0.0,0.0,empty_bin
MONASH,3542,3540.5,3541.5,,,0.0,0.0,empty_bin
MONASH,3543,3541.5,3542.5,,,0.0,0.0,empty_bin
MONASH,3544,3542.5,3543.5,,,0.0,0.0,empty_bin
MONASH,3545,3543.5,3544.5,,,0.0,0.0,empty_bin
MONASH,3546,3544.5,3545.5,,,0.0,0.0,empty_bin
MONASH,3547,3545.5,3546.5,,,0.0,0.0,empty_bin
MONASH,3548,3546.5,3547.5,,,0.0,0.0,empty_bin
MONASH,3549,3547.5,3548.5,,,0.0,0.0,empty_bin
MONASH,3550,3548.5,3549.5,,,0.0,0.0,empty_bin
MONASH,3551,3549.5,3550.5,,,0.0,0.0,empty_bin
MONASH,3552,3550.5,3551.5,,,0.0,0.0,empty_bin
MONASH,3553,3551.5,3552.5,,,0.0,0.0,empty_bin
MONASH,3554,3552.5,3553.5,,,0.0,0.0,empty_bin
MONASH,3555,3553.5,3554.5,,,0.0,0.0,empty_bin
MONASH,3556,3554.5,3555.5,,,0.0,0.0,empty_bin
MONASH,3557,3555.5,3556.5,,,0.0,0.0,empty_bin
MONASH,3558,3556.5,3557.5,,,0.0,0.0,empty_bin
MONASH,3559,3557.5,3558.5,,,0.0,0.0,empty_bin
MONASH,3560,3558.5,3559.5,,,0.0,0.0,empty_bin
MONASH,3561,3559.5,3560.5,,,0.0,0.0,empty_bin
MONASH,3562,3560.5,3561.5,,,0.0,0.0,empty_bin
MONASH,3563,3561.5,3562.5,,,0.0,0.0,empty_bin
MONASH,3564,3562.5,3563.5,,,0.0,0.0,empty_bin
MONASH,3565,3563.5,3564.5,,,0.0,0.0,empty_bin
MONASH,3566,3564.5,3565.5,,,0.0,0.0,empty_bin
MONASH,3567,3565.5,3566.5,,,0.0,0.0,empty_bin
MONASH,3568,3566.5,3567.5,,,0.0,0.0,empty_bin
MONASH,3569,3567.5,3568.5,,,0.0,0.0,empty_bin
MONASH,3570,3568.5,3569.5,,,0.0,0.0,empty_bin
MONASH,3571,3569.5,3570.5,,,0.0,0.0,empty_bin
MONASH,3572,3570.5,3571.5,,,0.0,0.0,empty_bin
MONASH,3573,3571.5,3572.5,,,0.0,0.0,empty_bin
MONASH,3574,3572.5,3573.5,,,0.0,0.0,empty_bin
MONASH,3575,3573.5,3574.5,,,0.0,0.0,empty_bin
MONASH,3576,3574.5,3575.5,,,0.0,0.0,empty_bin
MONASH,3577,3575.5,3576.5,,,0.0,0.0,empty_bin
MONASH,3578,3576.5,3577.5,,,0.0,0.0,empty_bin
MONASH,3579,3577.5,3578.5,,,0.0,0.0,empty_bin
MONASH,3580,3578.5,3579.5,,,0.0,0.0,empty_bin
MONASH,3581,3579.5,3580.5,,,0.0,0.0,empty_bin
MONASH,3582,3580.5,3581.5,,,0.0,0.0,empty_bin
MONASH,3583,3581.5,3582.5,,,0.0,0.0,empty_bin
MONASH,3584,3582.5,3583.5,,,0.0,0.0,empty_bin
MONASH,3585,3583.5,3584.5,,,0.0,0.0,empty_bin
MONASH,3586,3584.5,3585.5,,,0.0,0.0,empty_bin
MONASH,3587,3585.5,3586.5,,,0.0,0.0,empty_bin
MONASH,3588,3586.5,3587.5,,,0.0,0.0,empty_bin
MONASH,3589,3587.5,3588.5,,,0.0,0.0,empty_bin
MONASH,3590,3588.5,3589.5,,,0.0,0.0,empty_bin
MONASH,3591,3589.5,3590.5,,,0.0,0.0,empty_bin
MONASH,3592,3590.5,3591.5,,,0.0,0.0,empty_bin
MONASH,3593,3591.5,3592.5,,,0.0,0.0,empty_bin
MONASH,3594,3592.5,3593.5,,,0.0,0.0,empty_bin
MONASH,3595,3593.5,3594.5,,,0.0,0.0,empty_bin
MONASH,3596,3594.5,3595.5,,,0.0,0.0,empty_bin
MONASH,3597,3595.5,3596.5,,,0.0,0.0,empty_bin
MONASH,3598,3596.5,3597.5,,,0.0,0.0,empty_bin
MONASH,3599,3597.5,3598.5,,,0.0,0.0,empty_bin
MONASH,3600,3598.5,3599.5,,,0.0,0.0,empty_bin
MONASH,3601,3599.5,3600.5,,,0.0,0.0,empty_bin
MONASH,3602,3600.5,3601.5,,,0.0,0.0,empty_bin
MONASH,3603,3601.5,3602.5,,,0.0,0.0,empty_bin
MONASH,3604,3602.5,3603.5,,,0.0,0.0,empty_bin
MONASH,3605,3603.5,3604.5,,,0.0,0.0,empty_bin
MONASH,3606,3604.5,3605.5,,,0.0,0.0,empty_bin
MONASH,3607,3605.5,3606.5,,,0.0,0.0,empty_bin
MONASH,3608,3606.5,3607.5,,,0.0,0.0,empty_bin
MONASH,3609,3607.5,3608.5,,,0.0,0.0,empty_bin
MONASH,3610,3608.5,3609.5,,,0.0,0.0,empty_bin
MONASH,3611,3609.5,3610.5,,,0.0,0.0,empty_bin
MONASH,3612,3610.5,3611.5,,,0.0,0.0,empty_bin
MONASH,3613,3611.5,3612.5,,,0.0,0.0,empty_bin
MONASH,3614,3612.5,3613.5,,,0.0,0.0,empty_bin
MONASH,3615,3613.5,3614.5,,,0.0,0.0,empty_bin
MONASH,3616,3614.5,3615.5,,,0.0,0.0,empty_bin
MONASH,3617,3615.5,3616.5,,,0.0,0.0,empty_bin
MONASH,3618,3616.5,3617.5,,,0.0,0.0,empty_bin
MONASH,3619,3617.5,3618.5,,,0.0,0.0,empty_bin
MONASH,3620,3618.5,3619.5,,,0.0,0.0,empty_bin
MONASH,3621,3619.5,3620.5,,,0.0,0.0,empty_bin
MONASH,3622,3620.5,3621.5,,,0.0,0.0,empty_bin
MONASH,3623,3621.5,3622.5,,,0.0,0.0,empty_bin
MONASH,3624,3622.5,3623.5,,,0.0,0.0,empty_bin
MONASH,3625,3623.5,3624.5,,,0.0,0.0,empty_bin
MONASH,3626,3624.5,3625.5,,,0.0,0.0,empty_bin
MONASH,3627,3625.5,3626.5,,,0.0,0.0,empty_bin
MONASH,3628,3626.5,3627.5,,,0.0,0.0,empty_bin
MONASH,3629,3627.5,3628.5,,,0.0,0.0,empty_bin
MONASH,3630,3628.5,3629.5,,,0.0,0.0,empty_bin
MONASH,3631,3629.5,3630.5,,,0.0,0.0,empty_bin
MONASH,3632,3630.5,3631.5,,,0.0,0.0,empty_bin
MONASH,3633,3631.5,3632.5,,,0.0,0.0,empty_bin
MONASH,3634,3632.5,3633.5,,,0.0,0.0,empty_bin
MONASH,3635,3633.5,3634.5,,,0.0,0.0,empty_bin
MONASH,3636,3634.5,3635.5,,,0.0,0.0,empty_bin
MONASH,3637,3635.5,3636.5,,,0.0,0.0,empty_bin
MONASH,3638,3636.5,3637.5,,,0.0,0.0,empty_bin
MONASH,3639,3637.5,3638.5,,,0.0,0.0,empty_bin
MONASH,3640,3638.5,3639.5,,,0.0,0.0,empty_bin
MONASH,3641,3639.5,3640.5,,,0.0,0.0,empty_bin
MONASH,3642,3640.5,3641.5,,,0.0,0.0,empty_bin
MONASH,3643,3641.5,3642.5,,,0.0,0.0,empty_bin
MONASH,3644,3642.5,3643.5,,,0.0,0.0,empty_bin
MONASH,3645,3643.5,3644.5,,,0.0,0.0,empty_bin
MONASH,3646,3644.5,3645.5,,,0.0,0.0,empty_bin
MONASH,3647,3645.5,3646.5,,,0.0,0.0,empty_bin
MONASH,3648,3646.5,3647.5,,,0.0,0.0,empty_bin
MONASH,3649,3647.5,3648.5,,,0.0,0.0,empty_bin
MONASH,3650,3648.5,3649.5,,,0.0,0.0,empty_bin
MONASH,3651,3649.5,3650.5,,,0.0,0.0,empty_bin
MONASH,3652,3650.5,3651.5,,,0.0,0.0,empty_bin
MONASH,3653,3651.5,3652.5,,,0.0,0.0,empty_bin
MONASH,3654,3652.5,3653.5,,,0.0,0.0,empty_bin
MONASH,3655,3653.5,3654.5,,,0.0,0.0,empty_bin
MONASH,3656,3654.5,3655.5,,,0.0,0.0,empty_bin
MONASH,3657,3655.5,3656.5,,,0.0,0.0,empty_bin
MONASH,3658,3656.5,3657.5,,,0.0,0.0,empty_bin
MONASH,3659,3657.5,3658.5,,,0.0,0.0,empty_bin
MONASH,3660,3658.5,3659.5,,,0.0,0.0,empty_bin
MONASH,3661,3659.5,3660.5,,,0.0,0.0,empty_bin
MONASH,3662,3660.5,3661.5,,,0.0,0.0,empty_bin
MONASH,3663,3661.5,3662.5,,,0.0,0.0,empty_bin
MONASH,3664,3662.5,3663.5,,,0.0,0.0,empty_bin
MONASH,3665,3663.5,3664.5,,,0.0,0.0,empty_bin
MONASH,3666,3664.5,3665.5,,,0.0,0.0,empty_bin
MONASH,3667,3665.5,3666.5,,,0.0,0.0,empty_bin
MONASH,3668,3666.5,3667.5,,,0.0,0.0,empty_bin
MONASH,3669,3667.5,3668.5,,,0.0,0.0,empty_bin
MONASH,3670,3668.5,3669.5,,,0.0,0.0,empty_bin
MONASH,3671,3669.5,3670.5,,,0.0,0.0,empty_bin
MONASH,3672,3670.5,3671.5,,,0.0,0.0,empty_bin
MONASH,3673,3671.5,3672.5,,,0.0,0.0,empty_bin
MONASH,3674,3672.5,3673.5,,,0.0,0.0,empty_bin
MONASH,3675,3673.5,3674.5,,,0.0,0.0,empty_bin
MONASH,3676,3674.5,3675.5,,,0.0,0.0,empty_bin
MONASH,3677,3675.5,3676.5,,,0.0,0.0,empty_bin
MONASH,3678,3676.5,3677.5,,,0.0,0.0,empty_bin
MONASH,3679,3677.5,3678.5,,,0.0,0.0,empty_bin
MONASH,3680,3678.5,3679.5,,,0.0,0.0,empty_bin
MONASH,3681,3679.5,3680.5,,,0.0,0.0,empty_bin
MONASH,3682,3680.5,3681.5,,,0.0,0.0,empty_bin
MONASH,3683,3681.5,3682.5,,,0.0,0.0,empty_bin
MONASH,3684,3682.5,3683.5,,,0.0,0.0,empty_bin
MONASH,3685,3683.5,3684.5,,,0.0,0.0,empty_bin
MONASH,3686,3684.5,3685.5,,,0.0,0.0,empty_bin
MONASH,3687,3685.5,3686.5,,,0.0,0.0,empty_bin
MONASH,3688,3686.5,3687.5,,,0.0,0.0,empty_bin
MONASH,3689,3687.5,3688.5,,,0.0,0.0,empty_bin
MONASH,3690,3688.5,3689.5,,,0.0,0.0,empty_bin
MONASH,3691,3689.5,3690.5,,,0.0,0.0,empty_bin
MONASH,3692,3690.5,3691.5,,,0.0,0.0,empty_bin
MONASH,3693,3691.5,3692.5,,,0.0,0.0,empty_bin
MONASH,3694,3692.5,3693.5,,,0.0,0.0,empty_bin
MONASH,3695,3693.5,3694.5,,,0.0,0.0,empty_bin
MONASH,3696,3694.5,3695.5,,,0.0,0.0,empty_bin
MONASH,3697,3695.5,3696.5,,,0.0,0.0,empty_bin
MONASH,3698,3696.5,3697.5,,,0.0,0.0,empty_bin
MONASH,3699,3697.5,3698.5,,,0.0,0.0,empty_bin
MONASH,3700,3698.5,3699.5,,,0.0,0.0,empty_bin
MONASH,3701,3699.5,3700.5,,,0.0,0.0,empty_bin
MONASH,3702,3700.5,3701.5,,,0.0,0.0,empty_bin
MONASH,3703,3701.5,3702.5,,,0.0,0.0,empty_bin
MONASH,3704,3702.5,3703.5,,,0.0,0.0,empty_bin
MONASH,3705,3703.5,3704.5,,,0.0,0.0,empty_bin
MONASH,3706,3704.5,3705.5,,,0.0,0.0,empty_bin
MONASH,3707,3705.5,3706.5,,,0.0,0.0,empty_bin
MONASH,3708,3706.5,3707.5,,,0.0,0.0,empty_bin
MONASH,3709,3707.5,3708.5,,,0.0,0.0,empty_bin
MONASH,3710,3708.5,3709.5,,,0.0,0.0,empty_bin
MONASH,3711,3709.5,3710.5,,,0.0,0.0,empty_bin
MONASH,3712,3710.5,3711.5,,,0.0,0.0,empty_bin
MONASH,3713,3711.5,3712.5,,,0.0,0.0,empty_bin
MONASH,3714,3712.5,3713.5,,,0.0,0.0,empty_bin
MONASH,3715,3713.5,3714.5,,,0.0,0.0,empty_bin
MONASH,3716,3714.5,3715.5,,,0.0,0.0,empty_bin
MONASH,3717,3715.5,3716.5,,,0.0,0.0,empty_bin
MONASH,3718,3716.5,3717.5,,,0.0,0.0,empty_bin
MONASH,3719,3717.5,3718.5,,,0.0,0.0,empty_bin
MONASH,3720,3718.5,3719.5,,,0.0,0.0,empty_bin
MONASH,3721,3719.5,3720.5,,,0.0,0.0,empty_bin
MONASH,3722,3720.5,3721.5,,,0.0,0.0,empty_bin
MONASH,3723,3721.5,3722.5,,,0.0,0.0,empty_bin
MONASH,3724,3722.5,3723.5,,,0.0,0.0,empty_bin
MONASH,3725,3723.5,3724.5,,,0.0,0.0,empty_bin
MONASH,3726,3724.5,3725.5,,,0.0,0.0,empty_bin
MONASH,3727,3725.5,3726.5,,,0.0,0.0,empty_bin
MONASH,3728,3726.5,3727.5,,,0.0,0.0,empty_bin
MONASH,3729,3727.5,3728.5,,,0.0,0.0,empty_bin
MONASH,3730,3728.5,3729.5,,,0.0,0.0,empty_bin
MONASH,3731,3729.5,3730.5,,,0.0,0.0,empty_bin
MONASH,3732,3730.5,3731.5,,,0.0,0.0,empty_bin
MONASH,3733,3731.5,3732.5,,,0.0,0.0,empty_bin
MONASH,3734,3732.5,3733.5,,,0.0,0.0,empty_bin
MONASH,3735,3733.5,3734.5,,,0.0,0.0,empty_bin
MONASH,3736,3734.5,3735.5,,,0.0,0.0,empty_bin
MONASH,3737,3735.5,3736.5,,,0.0,0.0,empty_bin
MONASH,3738,3736.5,3737.5,,,0.0,0.0,empty_bin
MONASH,3739,3737.5,3738.5,,,0.0,0.0,empty_bin
MONASH,3740,3738.5,3739.5,,,0.0,0.0,empty_bin
MONASH,3741,3739.5,3740.5,,,0.0,0.0,empty_bin
MONASH,3742,3740.5,3741.5,,,0.0,0.0,empty_bin
MONASH,3743,3741.5,3742.5,,,0.0,0.0,empty_bin
MONASH,3744,3742.5,3743.5,,,0.0,0.0,empty_bin
MONASH,3745,3743.5,3744.5,,,0.0,0.0,empty_bin
MONASH,3746,3744.5,3745.5,,,0.0,0.0,empty_bin
MONASH,3747,3745.5,3746.5,,,0.0,0.0,empty_bin
MONASH,3748,3746.5,3747.5,,,0.0,0.0,empty_bin
MONASH,3749,3747.5,3748.5,,,0.0,0.0,empty_bin
MONASH,3750,3748.5,3749.5,,,0.0,0.0,empty_bin
MONASH,3751,3749.5,3750.5,,,0.0,0.0,empty_bin
MONASH,3752,3750.5,3751.5,,,0.0,0.0,empty_bin
MONASH,3753,3751.5,3752.5,,,0.0,0.0,empty_bin
MONASH,3754,3752.5,3753.5,,,0.0,0.0,empty_bin
MONASH,3755,3753.5,3754.5,,,0.0,0.0,empty_bin
MONASH,3756,3754.5,3755.5,,,0.0,0.0,empty_bin
MONASH,3757,3755.5,3756.5,,,0.0,0.0,empty_bin
MONASH,3758,3756.5,3757.5,,,0.0,0.0,empty_bin
MONASH,3759,3757.5,3758.5,,,0.0,0.0,empty_bin
MONASH,3760,3758.5,3759.5,,,0.0,0.0,empty_bin
MONASH,3761,3759.5,3760.5,,,0.0,0.0,empty_bin
MONASH,3762,3760.5,3761.5,,,0.0,0.0,empty_bin
MONASH,3763,3761.5,3762.5,,,0.0,0.0,empty_bin
MONASH,3764,3762.5,3763.5,,,0.0,0.0,empty_bin
MONASH,3765,3763.5,3764.5,,,0.0,0.0,empty_bin
MONASH,3766,3764.5,3765.5,,,0.0,0.0,empty_bin
MONASH,3767,3765.5,3766.5,,,0.0,0.0,empty_bin
MONASH,3768,3766.5,3767.5,,,0.0,0.0,empty_bin
MONASH,3769,3767.5,3768.5,,,0.0,0.0,empty_bin
MONASH,3770,3768.5,3769.5,,,0.0,0.0,empty_bin
MONASH,3771,3769.5,3770.5,,,0.0,0.0,empty_bin
MONASH,3772,3770.5,3771.5,,,0.0,0.0,empty_bin
MONASH,3773,3771.5,3772.5,,,0.0,0.0,empty_bin
MONASH,3774,3772.5,3773.5,,,0.0,0.0,empty_bin
MONASH,3775,3773.5,3774.5,,,0.0,0.0,empty_bin
MONASH,3776,3774.5,3775.5,,,0.0,0.0,empty_bin
MONASH,3777,3775.5,3776.5,,,0.0,0.0,empty_bin
MONASH,3778,3776.5,3777.5,,,0.0,0.0,empty_bin
MONASH,3779,3777.5,3778.5,,,0.0,0.0,empty_bin
MONASH,3780,3778.5,3779.5,,,0.0,0.0,empty_bin
MONASH,3781,3779.5,3780.5,,,0.0,0.0,empty_bin
MONASH,3782,3780.5,3781.5,,,0.0,0.0,empty_bin
MONASH,3783,3781.5,3782.5,,,0.0,0.0,empty_bin
MONASH,3784,3782.5,3783.5,,,0.0,0.0,empty_bin
MONASH,3785,3783.5,3784.5,,,0.0,0.0,empty_bin
MONASH,3786,3784.5,3785.5,,,0.0,0.0,empty_bin
MONASH,3787,3785.5,3786.5,,,0.0,0.0,empty_bin
MONASH,3788,3786.5,3787.5,,,0.0,0.0,empty_bin
MONASH,3789,3787.5,3788.5,,,0.0,0.0,empty_bin
MONASH,3790,3788.5,3789.5,,,0.0,0.0,empty_bin
MONASH,3791,3789.5,3790.5,,,0.0,0.0,empty_bin
MONASH,3792,3790.5,3791.5,,,0.0,0.0,empty_bin
MONASH,3793,3791.5,3792.5,,,0.0,0.0,empty_bin
MONASH,3794,3792.5,3793.5,,,0.0,0.0,empty_bin
MONASH,3795,3793.5,3794.5,,,0.0,0.0,empty_bin
MONASH,3796,3794.5,3795.5,,,0.0,0.0,empty_bin
MONASH,3797,3795.5,3796.5,,,0.0,0.0,empty_bin
MONASH,3798,3796.5,3797.5,,,0.0,0.0,empty_bin
MONASH,3799,3797.5,3798.5,,,0.0,0.0,empty_bin
MONASH,3800,3798.5,3799.5,,,0.0,0.0,empty_bin
MONASH,3801,3799.5,3800.5,,,0.0,0.0,empty_bin
MONASH,3802,3800.5,3801.5,,,0.0,0.0,empty_bin
MONASH,3803,3801.5,3802.5,,,0.0,0.0,empty_bin
MONASH,3804,3802.5,3803.5,,,0.0,0.0,empty_bin
MONASH,3805,3803.5,3804.5,,,0.0,0.0,empty_bin
MONASH,3806,3804.5,3805.5,,,0.0,0.0,empty_bin
MONASH,3807,3805.5,3806.5,,,0.0,0.0,empty_bin
MONASH,3808,3806.5,3807.5,,,0.0,0.0,empty_bin
MONASH,3809,3807.5,3808.5,,,0.0,0.0,empty_bin
MONASH,3810,3808.5,3809.5,,,0.0,0.0,empty_bin
MONASH,3811,3809.5,3810.5,,,0.0,0.0,empty_bin
MONASH,3812,3810.5,3811.5,,,0.0,0.0,empty_bin
MONASH,3813,3811.5,3812.5,,,0.0,0.0,empty_bin
MONASH,3814,3812.5,3813.5,,,0.0,0.0,empty_bin
MONASH,3815,3813.5,3814.5,,,0.0,0.0,empty_bin
MONASH,3816,3814.5,3815.5,,,0.0,0.0,empty_bin
MONASH,3817,3815.5,3816.5,,,0.0,0.0,empty_bin
MONASH,3818,3816.5,3817.5,,,0.0,0.0,empty_bin
MONASH,3819,3817.5,3818.5,,,0.0,0.0,empty_bin
MONASH,3820,3818.5,3819.5,,,0.0,0.0,empty_bin
MONASH,3821,3819.5,3820.5,,,0.0,0.0,empty_bin
MONASH,3822,3820.5,3821.5,,,0.0,0.0,empty_bin
MONASH,3823,3821.5,3822.5,,,0.0,0.0,empty_bin
MONASH,3824,3822.5,3823.5,,,0.0,0.0,empty_bin
MONASH,3825,3823.5,3824.5,,,0.0,0.0,empty_bin
MONASH,3826,3824.5,3825.5,,,0.0,0.0,empty_bin
MONASH,3827,3825.5,3826.5,,,0.0,0.0,empty_bin
MONASH,3828,3826.5,3827.5,,,0.0,0.0,empty_bin
MONASH,3829,3827.5,3828.5,,,0.0,0.0,empty_bin
MONASH,3830,3828.5,3829.5,,,0.0,0.0,empty_bin
MONASH,3831,3829.5,3830.5,,,0.0,0.0,empty_bin
MONASH,3832,3830.5,3831.5,,,0.0,0.0,empty_bin
MONASH,3833,3831.5,3832.5,,,0.0,0.0,empty_bin
MONASH,3834,3832.5,3833.5,,,0.0,0.0,empty_bin
MONASH,3835,3833.5,3834.5,,,0.0,0.0,empty_bin
MONASH,3836,3834.5,3835.5,,,0.0,0.0,empty_bin
MONASH,3837,3835.5,3836.5,,,0.0,0.0,empty_bin
MONASH,3838,3836.5,3837.5,,,0.0,0.0,empty_bin
MONASH,3839,3837.5,3838.5,,,0.0,0.0,empty_bin
MONASH,3840,3838.5,3839.5,,,0.0,0.0,empty_bin
MONASH,3841,3839.5,3840.5,,,0.0,0.0,empty_bin
MONASH,3842,3840.5,3841.5,,,0.0,0.0,empty_bin
MONASH,3843,3841.5,3842.5,,,0.0,0.0,empty_bin
MONASH,3844,3842.5,3843.5,,,0.0,0.0,empty_bin
MONASH,3845,3843.5,3844.5,,,0.0,0.0,empty_bin
MONASH,3846,3844.5,3845.5,,,0.0,0.0,empty_bin
MONASH,3847,3845.5,3846.5,,,0.0,0.0,empty_bin
MONASH,3848,3846.5,3847.5,,,0.0,0.0,empty_bin
MONASH,3849,3847.5,3848.5,,,0.0,0.0,empty_bin
MONASH,3850,3848.5,3849.5,,,0.0,0.0,empty_bin
MONASH,3851,3849.5,3850.5,,,0.0,0.0,empty_bin
MONASH,3852,3850.5,3851.5,,,0.0,0.0,empty_bin
MONASH,3853,3851.5,3852.5,,,0.0,0.0,empty_bin
MONASH,3854,3852.5,3853.5,,,0.0,0.0,empty_bin
MONASH,3855,3853.5,3854.5,,,0.0,0.0,empty_bin
MONASH,3856,3854.5,3855.5,,,0.0,0.0,empty_bin
MONASH,3857,3855.5,3856.5,,,0.0,0.0,empty_bin
MONASH,3858,3856.5,3857.5,,,0.0,0.0,empty_bin
MONASH,3859,3857.5,3858.5,,,0.0,0.0,empty_bin
MONASH,3860,3858.5,3859.5,,,0.0,0.0,empty_bin
MONASH,3861,3859.5,3860.5,,,0.0,0.0,empty_bin
MONASH,3862,3860.5,3861.5,,,0.0,0.0,empty_bin
MONASH,3863,3861.5,3862.5,,,0.0,0.0,empty_bin
MONASH,3864,3862.5,3863.5,,,0.0,0.0,empty_bin
MONASH,3865,3863.5,3864.5,,,0.0,0.0,empty_bin
MONASH,3866,3864.5,3865.5,,,0.0,0.0,empty_bin
MONASH,3867,3865.5,3866.5,,,0.0,0.0,empty_bin
MONASH,3868,3866.5,3867.5,,,0.0,0.0,empty_bin
MONASH,3869,3867.5,3868.5,,,0.0,0.0,empty_bin
MONASH,3870,3868.5,3869.5,,,0.0,0.0,empty_bin
MONASH,3871,3869.5,3870.5,,,0.0,0.0,empty_bin
MONASH,3872,3870.5,3871.5,,,0.0,0.0,empty_bin
MONASH,3873,3871.5,3872.5,,,0.0,0.0,empty_bin
MONASH,3874,3872.5,3873.5,,,0.0,0.0,empty_bin
MONASH,3875,3873.5,3874.5,,,0.0,0.0,empty_bin
MONASH,3876,3874.5,3875.5,,,0.0,0.0,empty_bin
MONASH,3877,3875.5,3876.5,,,0.0,0.0,empty_bin
MONASH,3878,3876.5,3877.5,,,0.0,0.0,empty_bin
MONASH,3879,3877.5,3878.5,,,0.0,0.0,empty_bin
MONASH,3880,3878.5,3879.5,,,0.0,0.0,empty_bin
MONASH,3881,3879.5,3880.5,,,0.0,0.0,empty_bin
MONASH,3882,3880.5,3881.5,,,0.0,0.0,empty_bin
MONASH,3883,3881.5,3882.5,,,0.0,0.0,empty_bin
MONASH,3884,3882.5,3883.5,,,0.0,0.0,empty_bin
MONASH,3885,3883.5,3884.5,,,0.0,0.0,empty_bin
MONASH,3886,3884.5,3885.5,,,0.0,0.0,empty_bin
MONASH,3887,3885.5,3886.5,,,0.0,0.0,empty_bin
MONASH,3888,3886.5,3887.5,,,0.0,0.0,empty_bin
MONASH,3889,3887.5,3888.5,,,0.0,0.0,empty_bin
MONASH,3890,3888.5,3889.5,,,0.0,0.0,empty_bin
MONASH,3891,3889.5,3890.5,,,0.0,0.0,empty_bin
MONASH,3892,3890.5,3891.5,,,0.0,0.0,empty_bin
MONASH,3893,3891.5,3892.5,,,0.0,0.0,empty_bin
MONASH,3894,3892.5,3893.5,,,0.0,0.0,empty_bin
MONASH,3895,3893.5,3894.5,,,0.0,0.0,empty_bin
MONASH,3896,3894.5,3895.5,,,0.0,0.0,empty_bin
MONASH,3897,3895.5,3896.5,,,0.0,0.0,empty_bin
MONASH,3898,3896.5,3897.5,,,0.0,0.0,empty_bin
MONASH,3899,3897.5,3898.5,,,0.0,0.0,empty_bin
MONASH,3900,3898.5,3899.5,,,0.0,0.0,empty_bin
MONASH,3901,3899.5,3900.5,,,0.0,0.0,empty_bin
MONASH,3902,3900.5,3901.5,,,0.0,0.0,empty_bin
MONASH,3903,3901.5,3902.5,,,0.0,0.0,empty_bin
MONASH,3904,3902.5,3903.5,,,0.0,0.0,empty_bin
MONASH,3905,3903.5,3904.5,,,0.0,0.0,empty_bin
MONASH,3906,3904.5,3905.5,,,0.0,0.0,empty_bin
MONASH,3907,3905.5,3906.5,,,0.0,0.0,empty_bin
MONASH,3908,3906.5,3907.5,,,0.0,0.0,empty_bin
MONASH,3909,3907.5,3908.5,,,0.0,0.0,empty_bin
MONASH,3910,3908.5,3909.5,,,0.0,0.0,empty_bin
MONASH,3911,3909.5,3910.5,,,0.0,0.0,empty_bin
MONASH,3912,3910.5,3911.5,,,0.0,0.0,empty_bin
MONASH,3913,3911.5,3912.5,,,0.0,0.0,empty_bin
MONASH,3914,3912.5,3913.5,,,0.0,0.0,empty_bin
MONASH,3915,3913.5,3914.5,,,0.0,0.0,empty_bin
MONASH,3916,3914.5,3915.5,,,0.0,0.0,empty_bin
MONASH,3917,3915.5,3916.5,,,0.0,0.0,empty_bin
MONASH,3918,3916.5,3917.5,,,0.0,0.0,empty_bin
MONASH,3919,3917.5,3918.5,,,0.0,0.0,empty_bin
MONASH,3920,3918.5,3919.5,,,0.0,0.0,empty_bin
MONASH,3921,3919.5,3920.5,,,0.0,0.0,empty_bin
MONASH,3922,3920.5,3921.5,,,0.0,0.0,empty_bin
MONASH,3923,3921.5,3922.5,,,0.0,0.0,empty_bin
MONASH,3924,3922.5,3923.5,,,0.0,0.0,empty_bin
MONASH,3925,3923.5,3924.5,,,0.0,0.0,empty_bin
MONASH,3926,3924.5,3925.5,,,0.0,0.0,empty_bin
MONASH,3927,3925.5,3926.5,,,0.0,0.0,empty_bin
MONASH,3928,3926.5,3927.5,,,0.0,0.0,empty_bin
MONASH,3929,3927.5,3928.5,,,0.0,0.0,empty_bin
MONASH,3930,3928.5,3929.5,,,0.0,0.0,empty_bin
MONASH,3931,3929.5,3930.5,,,0.0,0.0,empty_bin
MONASH,3932,3930.5,3931.5,,,0.0,0.0,empty_bin
MONASH,3933,3931.5,3932.5,,,0.0,0.0,empty_bin
MONASH,3934,3932.5,3933.5,,,0.0,0.0,empty_bin
MONASH,3935,3933.5,3934.5,,,0.0,0.0,empty_bin
MONASH,3936,3934.5,3935.5,,,0.0,0.0,empty_bin
MONASH,3937,3935.5,3936.5,,,0.0,0.0,empty_bin
MONASH,3938,3936.5,3937.5,,,0.0,0.0,empty_bin
MONASH,3939,3937.5,3938.5,,,0.0,0.0,empty_bin
MONASH,3940,3938.5,3939.5,,,0.0,0.0,empty_bin
MONASH,3941,3939.5,3940.5,,,0.0,0.0,empty_bin
MONASH,3942,3940.5,3941.5,,,0.0,0.0,empty_bin
MONASH,3943,3941.5,3942.5,,,0.0,0.0,empty_bin
MONASH,3944,3942.5,3943.5,,,0.0,0.0,empty_bin
MONASH,3945,3943.5,3944.5,,,0.0,0.0,empty_bin
MONASH,3946,3944.5,3945.5,,,0.0,0.0,empty_bin
MONASH,3947,3945.5,3946.5,,,0.0,0.0,empty_bin
MONASH,3948,3946.5,3947.5,,,0.0,0.0,empty_bin
MONASH,3949,3947.5,3948.5,,,0.0,0.0,empty_bin
MONASH,3950,3948.5,3949.5,,,0.0,0.0,empty_bin
MONASH,3951,3949.5,3950.5,,,0.0,0.0,empty_bin
MONASH,3952,3950.5,3951.5,,,0.0,0.0,empty_bin
MONASH,3953,3951.5,3952.5,,,0.0,0.0,empty_bin
MONASH,3954,3952.5,3953.5,,,0.0,0.0,empty_bin
MONASH,3955,3953.5,3954.5,,,0.0,0.0,empty_bin
MONASH,3956,3954.5,3955.5,,,0.0,0.0,empty_bin
MONASH,3957,3955.5,3956.5,,,0.0,0.0,empty_bin
MONASH,3958,3956.5,3957.5,,,0.0,0.0,empty_bin
MONASH,3959,3957.5,3958.5,,,0.0,0.0,empty_bin
MONASH,3960,3958.5,3959.5,,,0.0,0.0,empty_bin
MONASH,3961,3959.5,3960.5,,,0.0,0.0,empty_bin
MONASH,3962,3960.5,3961.5,,,0.0,0.0,empty_bin
MONASH,3963,3961.5,3962.5,,,0.0,0.0,empty_bin
MONASH,3964,3962.5,3963.5,,,0.0,0.0,empty_bin
MONASH,3965,3963.5,3964.5,,,0.0,0.0,empty_bin
MONASH,3966,3964.5,3965.5,,,0.0,0.0,empty_bin
MONASH,3967,3965.5,3966.5,,,0.0,0.0,empty_bin
MONASH,3968,3966.5,3967.5,,,0.0,0.0,empty_bin
MONASH,3969,3967.5,3968.5,,,0.0,0.0,empty_bin
MONASH,3970,3968.5,3969.5,,,0.0,0.0,empty_bin
MONASH,3971,3969.5,3970.5,,,0.0,0.0,empty_bin
MONASH,3972,3970.5,3971.5,,,0.0,0.0,empty_bin
MONASH,3973,3971.5,3972.5,,,0.0,0.0,empty_bin
MONASH,3974,3972.5,3973.5,,,0.0,0.0,empty_bin
MONASH,3975,3973.5,3974.5,,,0.0,0.0,empty_bin
MONASH,3976,3974.5,3975.5,,,0.0,0.0,empty_bin
MONASH,3977,3975.5,3976.5,,,0.0,0.0,empty_bin
MONASH,3978,3976.5,3977.5,,,0.0,0.0,empty_bin
MONASH,3979,3977.5,3978.5,,,0.0,0.0,empty_bin
MONASH,3980,3978.5,3979.5,,,0.0,0.0,empty_bin
MONASH,3981,3979.5,3980.5,,,0.0,0.0,empty_bin
MONASH,3982,3980.5,3981.5,,,0.0,0.0,empty_bin
MONASH,3983,3981.5,3982.5,,,0.0,0.0,empty_bin
MONASH,3984,3982.5,3983.5,,,0.0,0.0,empty_bin
MONASH,3985,3983.5,3984.5,,,0.0,0.0,empty_bin
MONASH,3986,3984.5,3985.5,,,0.0,0.0,empty_bin
MONASH,3987,3985.5,3986.5,,,0.0,0.0,empty_bin
MONASH,3988,3986.5,3987.5,,,0.0,0.0,empty_bin
MONASH,3989,3987.5,3988.5,,,0.0,0.0,empty_bin
MONASH,3990,3988.5,3989.5,,,0.0,0.0,empty_bin
MONASH,3991,3989.5,3990.5,,,0.0,0.0,empty_bin
MONASH,3992,3990.5,3991.5,,,0.0,0.0,empty_bin
MONASH,3993,3991.5,3992.5,,,0.0,0.0,empty_bin
MONASH,3994,3992.5,3993.5,,,0.0,0.0,empty_bin
MONASH,3995,3993.5,3994.5,,,0.0,0.0,empty_bin
MONASH,3996,3994.5,3995.5,,,0.0,0.0,empty_bin
MONASH,3997,3995.5,3996.5,,,0.0,0.0,empty_bin
MONASH,3998,3996.5,3997.5,,,0.0,0.0,empty_bin
MONASH,3999,3997.5,3998.5,,,0.0,0.0,empty_bin
MONASH,4000,3998.5,3999.5,,,0.0,0.0,empty_bin
MONASH,4001,3999.5,4000.5,,,0.0,0.0,empty_bin
MONASH,4002,4000.5,4001.5,,,0.0,0.0,empty_bin
MONASH,4003,4001.5,4002.5,,,0.0,0.0,empty_bin
MONASH,4004,4002.5,4003.5,,,0.0,0.0,empty_bin
MONASH,4005,4003.5,4004.5,,,0.0,0.0,empty_bin
MONASH,4006,4004.5,4005.5,,,0.0,0.0,empty_bin
MONASH,4007,4005.5,4006.5,,,0.0,0.0,empty_bin
MONASH,4008,4006.5,4007.5,,,0.0,0.0,empty_bin
MONASH,4009,4007.5,4008.5,,,0.0,0.0,empty_bin
MONASH,4010,4008.5,4009.5,,,0.0,0.0,empty_bin
MONASH,4011,4009.5,4010.5,,,0.0,0.0,empty_bin
MONASH,4012,4010.5,4011.5,,,0.0,0.0,empty_bin
MONASH,4013,4011.5,4012.5,,,0.0,0.0,empty_bin
MONASH,4014,4012.5,4013.5,,,0.0,0.0,empty_bin
MONASH,4015,4013.5,4014.5,,,0.0,0.0,empty_bin
MONASH,4016,4014.5,4015.5,,,0.0,0.0,empty_bin
MONASH,4017,4015.5,4016.5,,,0.0,0.0,empty_bin
MONASH,4018,4016.5,4017.5,,,0.0,0.0,empty_bin
MONASH,4019,4017.5,4018.5,,,0.0,0.0,empty_bin
MONASH,4020,4018.5,4019.5,,,0.0,0.0,empty_bin
MONASH,4021,4019.5,4020.5,,,0.0,0.0,empty_bin
MONASH,4022,4020.5,4021.5,,,0.0,0.0,empty_bin
MONASH,4023,4021.5,4022.5,,,0.0,0.0,empty_bin
MONASH,4024,4022.5,4023.5,,,0.0,0.0,empty_bin
MONASH,4025,4023.5,4024.5,,,0.0,0.0,empty_bin
MONASH,4026,4024.5,4025.5,,,0.0,0.0,empty_bin
MONASH,4027,4025.5,4026.5,,,0.0,0.0,empty_bin
MONASH,4028,4026.5,4027.5,,,0.0,0.0,empty_bin
MONASH,4029,4027.5,4028.5,,,0.0,0.0,empty_bin
MONASH,4030,4028.5,4029.5,,,0.0,0.0,empty_bin
MONASH,4031,4029.5,4030.5,,,0.0,0.0,empty_bin
MONASH,4032,4030.5,4031.5,,,0.0,0.0,empty_bin
MONASH,4033,4031.5,4032.5,,,0.0,0.0,empty_bin
MONASH,4034,4032.5,4033.5,,,0.0,0.0,empty_bin
MONASH,4035,4033.5,4034.5,,,0.0,0.0,empty_bin
MONASH,4036,4034.5,4035.5,,,0.0,0.0,empty_bin
MONASH,4037,4035.5,4036.5,,,0.0,0.0,empty_bin
MONASH,4038,4036.5,4037.5,,,0.0,0.0,empty_bin
MONASH,4039,4037.5,4038.5,,,0.0,0.0,empty_bin
MONASH,4040,4038.5,4039.5,,,0.0,0.0,empty_bin
MONASH,4041,4039.5,4040.5,,,0.0,0.0,empty_bin
MONASH,4042,4040.5,4041.5,,,0.0,0.0,empty_bin
MONASH,4043,4041.5,4042.5,,,0.0,0.0,empty_bin
MONASH,4044,4042.5,4043.5,,,0.0,0.0,empty_bin
MONASH,4045,4043.5,4044.5,,,0.0,0.0,empty_bin
MONASH,4046,4044.5,4045.5,,,0.0,0.0,empty_bin
MONASH,4047,4045.5,4046.5,,,0.0,0.0,empty_bin
MONASH,4048,4046.5,4047.5,,,0.0,0.0,empty_bin
MONASH,4049,4047.5,4048.5,,,0.0,0.0,empty_bin
MONASH,4050,4048.5,4049.5,,,0.0,0.0,empty_bin
MONASH,4051,4049.5,4050.5,,,0.0,0.0,empty_bin
MONASH,4052,4050.5,4051.5,,,0.0,0.0,empty_bin
MONASH,4053,4051.5,4052.5,,,0.0,0.0,empty_bin
MONASH,4054,4052.5,4053.5,,,0.0,0.0,empty_bin
MONASH,4055,4053.5,4054.5,,,0.0,0.0,empty_bin
MONASH,4056,4054.5,4055.5,,,0.0,0.0,empty_bin
MONASH,4057,4055.5,4056.5,,,0.0,0.0,empty_bin
MONASH,4058,4056.5,4057.5,,,0.0,0.0,empty_bin
MONASH,4059,4057.5,4058.5,,,0.0,0.0,empty_bin
MONASH,4060,4058.5,4059.5,,,0.0,0.0,empty_bin
MONASH,4061,4059.5,4060.5,,,0.0,0.0,empty_bin
MONASH,4062,4060.5,4061.5,,,0.0,0.0,empty_bin
MONASH,4063,4061.5,4062.5,,,0.0,0.0,empty_bin
MONASH,4064,4062.5,4063.5,,,0.0,0.0,empty_bin
MONASH,4065,4063.5,4064.5,,,0.0,0.0,empty_bin
MONASH,4066,4064.5,4065.5,,,0.0,0.0,empty_bin
MONASH,4067,4065.5,4066.5,,,0.0,0.0,empty_bin
MONASH,4068,4066.5,4067.5,,,0.0,0.0,empty_bin
MONASH,4069,4067.5,4068.5,,,0.0,0.0,empty_bin
MONASH,4070,4068.5,4069.5,,,0.0,0.0,empty_bin
MONASH,4071,4069.5,4070.5,,,0.0,0.0,empty_bin
MONASH,4072,4070.5,4071.5,,,0.0,0.0,empty_bin
MONASH,4073,4071.5,4072.5,,,0.0,0.0,empty_bin
MONASH,4074,4072.5,4073.5,,,0.0,0.0,empty_bin
MONASH,4075,4073.5,4074.5,,,0.0,0.0,empty_bin
MONASH,4076,4074.5,4075.5,,,0.0,0.0,empty_bin
MONASH,4077,4075.5,4076.5,,,0.0,0.0,empty_bin
MONASH,4078,4076.5,4077.5,,,0.0,0.0,empty_bin
MONASH,4079,4077.5,4078.5,,,0.0,0.0,empty_bin
MONASH,4080,4078.5,4079.5,,,0.0,0.0,empty_bin
MONASH,4081,4079.5,4080.5,,,0.0,0.0,empty_bin
MONASH,4082,4080.5,4081.5,,,0.0,0.0,empty_bin
MONASH,4083,4081.5,4082.5,,,0.0,0.0,empty_bin
MONASH,4084,4082.5,4083.5,,,0.0,0.0,empty_bin
MONASH,4085,4083.5,4084.5,,,0.0,0.0,empty_bin
MONASH,4086,4084.5,4085.5,,,0.0,0.0,empty_bin
MONASH,4087,4085.5,4086.5,,,0.0,0.0,empty_bin
MONASH,4088,4086.5,4087.5,,,0.0,0.0,empty_bin
MONASH,4089,4087.5,4088.5,,,0.0,0.0,empty_bin
MONASH,4090,4088.5,4089.5,,,0.0,0.0,empty_bin
MONASH,4091,4089.5,4090.5,,,0.0,0.0,empty_bin
MONASH,4092,4090.5,4091.5,,,0.0,0.0,empty_bin
MONASH,4093,4091.5,4092.5,,,0.0,0.0,empty_bin
MONASH,4094,4092.5,4093.5,,,0.0,0.0,empty_bin
MONASH,4095,4093.5,4094.5,,,0.0,0.0,empty_bin
MONASH,4096,4094.5,4095.5,,,0.0,0.0,empty_bin
JUNCTIONS,1,-0.5,0.5,,,0.02067943,1.423088e-05,available_normalized_only
JUNCTIONS,2,0.5,1.5,,,0.03281415,1.781499e-05,available_normalized_only
JUNCTIONS,3,1.5,2.5,,,0.05129307,2.205949e-05,available_normalized_only
JUNCTIONS,4,2.5,3.5,,,0.06344851,2.437679e-05,available_normalized_only
JUNCTIONS,5,3.5,4.5,,,0.06750802,2.508998e-05,available_normalized_only
JUNCTIONS,6,4.5,5.5,,,0.06548461,2.47379e-05,available_normalized_only
JUNCTIONS,7,5.5,6.5,,,0.06096183,2.392603e-05,available_normalized_only
JUNCTIONS,8,6.5,7.5,,,0.05582072,2.295752e-05,available_normalized_only
JUNCTIONS,9,7.5,8.5,,,0.05118203,2.203688e-05,available_normalized_only
JUNCTIONS,10,8.5,9.5,,,0.04699589,2.1163e-05,available_normalized_only
JUNCTIONS,11,9.5,10.5,,,0.04311531,2.031167e-05,available_normalized_only
JUNCTIONS,12,10.5,11.5,,,0.0394921,1.947626e-05,available_normalized_only
JUNCTIONS,13,11.5,12.5,,,0.03599305,1.862728e-05,available_normalized_only
JUNCTIONS,14,12.5,13.5,,,0.03273599,1.779448e-05,available_normalized_only
JUNCTIONS,15,13.5,14.5,,,0.02966541,1.696625e-05,available_normalized_only
JUNCTIONS,16,14.5,15.5,,,0.02692223,1.618562e-05,available_normalized_only
JUNCTIONS,17,15.5,16.5,,,0.02439788,1.54281e-05,available_normalized_only
JUNCTIONS,18,16.5,17.5,,,0.02212388,1.470864e-05,available_normalized_only
JUNCTIONS,19,17.5,18.5,,,0.02007338,1.402513e-05,available_normalized_only
JUNCTIONS,20,18.5,19.5,,,0.01828304,1.33973e-05,available_normalized_only
JUNCTIONS,21,19.5,20.5,,,0.01665516,1.279756e-05,available_normalized_only
JUNCTIONS,22,20.5,21.5,,,0.01521872,1.224219e-05,available_normalized_only
JUNCTIONS,23,21.5,22.5,,,0.0138783,1.169859e-05,available_normalized_only
JUNCTIONS,24,22.5,23.5,,,0.01272384,1.120801e-05,available_normalized_only
JUNCTIONS,25,23.5,24.5,,,0.01164991,1.073042e-05,available_normalized_only
JUNCTIONS,26,24.5,25.5,,,0.01070845,1.029261e-05,available_normalized_only
JUNCTIONS,27,25.5,26.5,,,0.00983841,9.869962e-06,available_normalized_only
JUNCTIONS,28,26.5,27.5,,,0.00905455,9.472362e-06,available_normalized_only
JUNCTIONS,29,27.5,28.5,,,0.00831401,9.080136e-06,available_normalized_only
JUNCTIONS,30,28.5,29.5,,,0.00762981,8.701492e-06,available_normalized_only
JUNCTIONS,31,29.5,30.5,,,0.00705228,8.368121e-06,available_normalized_only
JUNCTIONS,32,30.5,31.5,,,0.00645456,8.008058e-06,available_normalized_only
JUNCTIONS,33,31.5,32.5,,,0.00594709,7.688772e-06,available_normalized_only
JUNCTIONS,34,32.5,33.5,,,0.00544665,7.360016e-06,available_normalized_only
JUNCTIONS,35,33.5,34.5,,,0.00500027,7.053557e-06,available_normalized_only
JUNCTIONS,36,34.5,35.5,,,0.00456292,6.73951e-06,available_normalized_only
JUNCTIONS,37,35.5,36.5,,,0.0041793,6.451227e-06,available_normalized_only
JUNCTIONS,38,36.5,37.5,,,0.00381247,6.162739e-06,available_normalized_only
JUNCTIONS,39,37.5,38.5,,,0.00346717,5.878051e-06,available_normalized_only
JUNCTIONS,40,38.5,39.5,,,0.00314996,5.603604e-06,available_normalized_only
JUNCTIONS,41,39.5,40.5,,,0.00285323,5.333938e-06,available_normalized_only
JUNCTIONS,42,40.5,41.5,,,0.00258659,5.079271e-06,available_normalized_only
JUNCTIONS,43,41.5,42.5,,,0.00233733,4.828941e-06,available_normalized_only
JUNCTIONS,44,42.5,43.5,,,0.00210673,4.585075e-06,available_normalized_only
JUNCTIONS,45,43.5,44.5,,,0.00189921,4.353852e-06,available_normalized_only
JUNCTIONS,46,44.5,45.5,,,0.0017031,4.123347e-06,available_normalized_only
JUNCTIONS,47,45.5,46.5,,,0.00152757,3.905428e-06,available_normalized_only
JUNCTIONS,48,46.5,47.5,,,0.00136662,3.694255e-06,available_normalized_only
JUNCTIONS,49,47.5,48.5,,,0.00121641,3.485585e-06,available_normalized_only
JUNCTIONS,50,48.5,49.5,,,0.00108168,3.287111e-06,available_normalized_only
JUNCTIONS,51,49.5,50.5,,,0.00095486,3.088605e-06,available_normalized_only
JUNCTIONS,52,50.5,51.5,,,0.00084177,2.900106e-06,available_normalized_only
JUNCTIONS,53,51.5,52.5,,,0.00075333,2.743652e-06,available_normalized_only
JUNCTIONS,54,52.5,53.5,,,0.00065957,2.567362e-06,available_normalized_only
JUNCTIONS,55,53.5,54.5,,,0.00057991,2.407434e-06,available_normalized_only
JUNCTIONS,56,54.5,55.5,,,0.0005111,2.260174e-06,available_normalized_only
JUNCTIONS,57,55.5,56.5,,,0.0004467,2.113056e-06,available_normalized_only
JUNCTIONS,58,56.5,57.5,,,0.00038753,1.968197e-06,available_normalized_only
JUNCTIONS,59,57.5,58.5,,,0.00034101,1.846331e-06,available_normalized_only
JUNCTIONS,60,58.5,59.5,,,0.0002979,1.725721e-06,available_normalized_only
JUNCTIONS,61,59.5,60.5,,,0.00025601,1.599826e-06,available_normalized_only
JUNCTIONS,62,60.5,61.5,,,0.00022227,1.490707e-06,available_normalized_only
JUNCTIONS,63,61.5,62.5,,,0.00019296,1.388966e-06,available_normalized_only
JUNCTIONS,64,62.5,63.5,,,0.00016696,1.292022e-06,available_normalized_only
JUNCTIONS,65,63.5,64.5,,,0.00014397,1.199789e-06,available_normalized_only
JUNCTIONS,66,64.5,65.5,,,0.00012343,1.110922e-06,available_normalized_only
JUNCTIONS,67,65.5,66.5,,,0.00010379,1.018721e-06,available_normalized_only
JUNCTIONS,68,66.5,67.5,,,9.192e-05,9.587051e-07,available_normalized_only
JUNCTIONS,69,67.5,68.5,,,7.673e-05,8.75923e-07,available_normalized_only
JUNCTIONS,70,68.5,69.5,,,6.711e-05,8.191794e-07,available_normalized_only
JUNCTIONS,71,69.5,70.5,,,5.754e-05,7.585294e-07,available_normalized_only
JUNCTIONS,72,70.5,71.5,,,4.752e-05,6.893311e-07,available_normalized_only
JUNCTIONS,73,71.5,72.5,,,4.214e-05,6.491396e-07,available_normalized_only
JUNCTIONS,74,72.5,73.5,,,3.543e-05,5.952205e-07,available_normalized_only
JUNCTIONS,75,73.5,74.5,,,3.003e-05,5.479881e-07,available_normalized_only
JUNCTIONS,76,74.5,75.5,,,2.498e-05,4.997937e-07,available_normalized_only
JUNCTIONS,77,75.5,76.5,,,2.052e-05,4.529854e-07,available_normalized_only
JUNCTIONS,78,76.5,77.5,,,1.761e-05,4.19639e-07,available_normalized_only
JUNCTIONS,79,77.5,78.5,,,1.439e-05,3.793388e-07,available_normalized_only
JUNCTIONS,80,78.5,79.5,,,1.332e-05,3.649633e-07,available_normalized_only
JUNCTIONS,81,79.5,80.5,,,1.095e-05,3.30906e-07,available_normalized_only
JUNCTIONS,82,80.5,81.5,,,8.76e-06,2.959717e-07,available_normalized_only
JUNCTIONS,83,81.5,82.5,,,7.49e-06,2.736776e-07,available_normalized_only
JUNCTIONS,84,82.5,83.5,,,5.75e-06,2.397909e-07,available_normalized_only
JUNCTIONS,85,83.5,84.5,,,5.59e-06,2.364311e-07,available_normalized_only
JUNCTIONS,86,84.5,85.5,,,4.23e-06,2.056692e-07,available_normalized_only
JUNCTIONS,87,85.5,86.5,,,3.57e-06,1.889441e-07,available_normalized_only
JUNCTIONS,88,86.5,87.5,,,3.03e-06,1.740687e-07,available_normalized_only
JUNCTIONS,89,87.5,88.5,,,2.6e-06,1.612449e-07,available_normalized_only
JUNCTIONS,90,88.5,89.5,,,2.13e-06,1.45945e-07,available_normalized_only
JUNCTIONS,91,89.5,90.5,,,1.67e-06,1.292284e-07,available_normalized_only
JUNCTIONS,92,90.5,91.5,,,1.48e-06,1.216552e-07,available_normalized_only
JUNCTIONS,93,91.5,92.5,,,1.19e-06,1.090871e-07,available_normalized_only
JUNCTIONS,94,92.5,93.5,,,1.24e-06,1.113552e-07,available_normalized_only
JUNCTIONS,95,93.5,94.5,,,7.4e-07,8.602322e-08,available_normalized_only
JUNCTIONS,96,94.5,95.5,,,6e-07,7.745964e-08,available_normalized_only
JUNCTIONS,97,95.5,96.5,,,5.5e-07,7.416196e-08,available_normalized_only
JUNCTIONS,98,96.5,97.5,,,5e-07,7.071066e-08,available_normalized_only
JUNCTIONS,99,97.5,98.5,,,3.9e-07,6.244997e-08,available_normalized_only
JUNCTIONS,100,98.5,99.5,,,2.2e-07,4.690415e-08,available_normalized_only
JUNCTIONS,101,99.5,100.5,,,2.7e-07,5.196152e-08,available_normalized_only
JUNCTIONS,102,100.5,101.5,,,2e-07,4.472136e-08,available_normalized_only
JUNCTIONS,103,101.5,102.5,,,2.1e-07,4.582575e-08,available_normalized_only
JUNCTIONS,104,102.5,103.5,,,8e-08,2.828427e-08,available_normalized_only
JUNCTIONS,105,103.5,104.5,,,8e-08,2.828427e-08,available_normalized_only
JUNCTIONS,106,104.5,105.5,,,1.1e-07,3.316625e-08,available_normalized_only
JUNCTIONS,107,105.5,106.5,,,1.2e-07,3.464101e-08,available_normalized_only
JUNCTIONS,108,106.5,107.5,,,2e-08,1.414214e-08,available_normalized_only
JUNCTIONS,109,107.5,108.5,,,7e-08,2.645751e-08,available_normalized_only
JUNCTIONS,110,108.5,109.5,,,4e-08,2e-08,available_normalized_only
JUNCTIONS,111,109.5,110.5,,,7e-08,2.645751e-08,available_normalized_only
JUNCTIONS,112,110.5,111.5,,,1e-08,1e-08,available_normalized_only
JUNCTIONS,113,111.5,112.5,,,1e-08,1e-08,available_normalized_only
JUNCTIONS,114,112.5,113.5,,,2e-08,1.414214e-08,available_normalized_only
JUNCTIONS,115,113.5,114.5,,,2e-08,1.414214e-08,available_normalized_only
JUNCTIONS,116,114.5,115.5,,,2e-08,1.414214e-08,available_normalized_only
JUNCTIONS,117,115.5,116.5,,,0.0,0.0,empty_bin
JUNCTIONS,118,116.5,117.5,,,4e-08,2e-08,available_normalized_only
JUNCTIONS,119,117.5,118.5,,,1e-08,1e-08,available_normalized_only
JUNCTIONS,120,118.5,119.5,,,0.0,0.0,empty_bin
JUNCTIONS,121,119.5,120.5,,,0.0,0.0,empty_bin
JUNCTIONS,122,120.5,121.5,,,0.0,0.0,empty_bin
JUNCTIONS,123,121.5,122.5,,,2e-08,1.414214e-08,available_normalized_only
JUNCTIONS,124,122.5,123.5,,,2e-08,1.414214e-08,available_normalized_only
JUNCTIONS,125,123.5,124.5,,,2e-08,1.414214e-08,available_normalized_only
JUNCTIONS,126,124.5,125.5,,,0.0,0.0,empty_bin
JUNCTIONS,127,125.5,126.5,,,1e-08,1e-08,available_normalized_only
JUNCTIONS,128,126.5,127.5,,,0.0,0.0,empty_bin
JUNCTIONS,129,127.5,128.5,,,0.0,0.0,empty_bin
JUNCTIONS,130,128.5,129.5,,,0.0,0.0,empty_bin
JUNCTIONS,131,129.5,130.5,,,0.0,0.0,empty_bin
JUNCTIONS,132,130.5,131.5,,,1e-08,1e-08,available_normalized_only
JUNCTIONS,133,131.5,132.5,,,1e-08,1e-08,available_normalized_only
JUNCTIONS,134,132.5,133.5,,,0.0,0.0,empty_bin
JUNCTIONS,135,133.5,134.5,,,1e-08,1e-08,available_normalized_only
JUNCTIONS,136,134.5,135.5,,,1e-08,1e-08,available_normalized_only
JUNCTIONS,137,135.5,136.5,,,1e-08,1e-08,available_normalized_only
JUNCTIONS,138,136.5,137.5,,,1e-08,1e-08,available_normalized_only
JUNCTIONS,139,137.5,138.5,,,0.0,0.0,empty_bin
JUNCTIONS,140,138.5,139.5,,,1e-08,1e-08,available_normalized_only
JUNCTIONS,141,139.5,140.5,,,0.0,0.0,empty_bin
JUNCTIONS,142,140.5,141.5,,,2e-08,1.414214e-08,available_normalized_only
JUNCTIONS,143,141.5,142.5,,,0.0,0.0,empty_bin
JUNCTIONS,144,142.5,143.5,,,0.0,0.0,empty_bin
JUNCTIONS,145,143.5,144.5,,,0.0,0.0,empty_bin
JUNCTIONS,146,144.5,145.5,,,0.0,0.0,empty_bin
JUNCTIONS,147,145.5,146.5,,,0.0,0.0,empty_bin
JUNCTIONS,148,146.5,147.5,,,1e-08,1e-08,available_normalized_only
JUNCTIONS,149,147.5,148.5,,,1e-08,1e-08,available_normalized_only
JUNCTIONS,150,148.5,149.5,,,1e-08,1e-08,available_normalized_only
JUNCTIONS,151,149.5,150.5,,,1e-08,1e-08,available_normalized_only
JUNCTIONS,152,150.5,151.5,,,1e-08,1e-08,available_normalized_only
JUNCTIONS,153,151.5,152.5,,,0.0,0.0,empty_bin
JUNCTIONS,154,152.5,153.5,,,1e-08,1e-08,available_normalized_only
JUNCTIONS,155,153.5,154.5,,,0.0,0.0,empty_bin
JUNCTIONS,156,154.5,155.5,,,0.0,0.0,empty_bin
JUNCTIONS,157,155.5,156.5,,,0.0,0.0,empty_bin
JUNCTIONS,158,156.5,157.5,,,0.0,0.0,empty_bin
JUNCTIONS,159,157.5,158.5,,,0.0,0.0,empty_bin
JUNCTIONS,160,158.5,159.5,,,0.0,0.0,empty_bin
JUNCTIONS,161,159.5,160.5,,,0.0,0.0,empty_bin
JUNCTIONS,162,160.5,161.5,,,1e-08,1e-08,available_normalized_only
JUNCTIONS,163,161.5,162.5,,,2e-08,1.414214e-08,available_normalized_only
JUNCTIONS,164,162.5,163.5,,,1e-08,1e-08,available_normalized_only
JUNCTIONS,165,163.5,164.5,,,0.0,0.0,empty_bin
JUNCTIONS,166,164.5,165.5,,,1e-08,1e-08,available_normalized_only
JUNCTIONS,167,165.5,166.5,,,0.0,0.0,empty_bin
JUNCTIONS,168,166.5,167.5,,,0.0,0.0,empty_bin
JUNCTIONS,169,167.5,168.5,,,0.0,0.0,empty_bin
JUNCTIONS,170,168.5,169.5,,,0.0,0.0,empty_bin
JUNCTIONS,171,169.5,170.5,,,1e-08,1e-08,available_normalized_only
JUNCTIONS,172,170.5,171.5,,,0.0,0.0,empty_bin
JUNCTIONS,173,171.5,172.5,,,0.0,0.0,empty_bin
JUNCTIONS,174,172.5,173.5,,,0.0,0.0,empty_bin
JUNCTIONS,175,173.5,174.5,,,0.0,0.0,empty_bin
JUNCTIONS,176,174.5,175.5,,,2e-08,1.414214e-08,available_normalized_only
JUNCTIONS,177,175.5,176.5,,,0.0,0.0,empty_bin
JUNCTIONS,178,176.5,177.5,,,1e-08,1e-08,available_normalized_only
JUNCTIONS,179,177.5,178.5,,,0.0,0.0,empty_bin
JUNCTIONS,180,178.5,179.5,,,1e-08,1e-08,available_normalized_only
JUNCTIONS,181,179.5,180.5,,,0.0,0.0,empty_bin
JUNCTIONS,182,180.5,181.5,,,0.0,0.0,empty_bin
JUNCTIONS,183,181.5,182.5,,,0.0,0.0,empty_bin
JUNCTIONS,184,182.5,183.5,,,2e-08,1.414214e-08,available_normalized_only
JUNCTIONS,185,183.5,184.5,,,0.0,0.0,empty_bin
JUNCTIONS,186,184.5,185.5,,,0.0,0.0,empty_bin
JUNCTIONS,187,185.5,186.5,,,0.0,0.0,empty_bin
JUNCTIONS,188,186.5,187.5,,,0.0,0.0,empty_bin
JUNCTIONS,189,187.5,188.5,,,0.0,0.0,empty_bin
JUNCTIONS,190,188.5,189.5,,,1e-08,1e-08,available_normalized_only
JUNCTIONS,191,189.5,190.5,,,0.0,0.0,empty_bin
JUNCTIONS,192,190.5,191.5,,,1e-08,1e-08,available_normalized_only
JUNCTIONS,193,191.5,192.5,,,0.0,0.0,empty_bin
JUNCTIONS,194,192.5,193.5,,,0.0,0.0,empty_bin
JUNCTIONS,195,193.5,194.5,,,0.0,0.0,empty_bin
JUNCTIONS,196,194.5,195.5,,,0.0,0.0,empty_bin
JUNCTIONS,197,195.5,196.5,,,1e-08,1e-08,available_normalized_only
JUNCTIONS,198,196.5,197.5,,,0.0,0.0,empty_bin
JUNCTIONS,199,197.5,198.5,,,2e-08,1.414214e-08,available_normalized_only
JUNCTIONS,200,198.5,199.5,,,1e-08,1e-08,available_normalized_only
JUNCTIONS,201,199.5,200.5,,,0.0,0.0,empty_bin
JUNCTIONS,202,200.5,201.5,,,1e-08,1e-08,available_normalized_only
JUNCTIONS,203,201.5,202.5,,,0.0,0.0,empty_bin
JUNCTIONS,204,202.5,203.5,,,0.0,0.0,empty_bin
JUNCTIONS,205,203.5,204.5,,,0.0,0.0,empty_bin
JUNCTIONS,206,204.5,205.5,,,0.0,0.0,empty_bin
JUNCTIONS,207,205.5,206.5,,,0.0,0.0,empty_bin
JUNCTIONS,208,206.5,207.5,,,1e-08,1e-08,available_normalized_only
JUNCTIONS,209,207.5,208.5,,,0.0,0.0,empty_bin
JUNCTIONS,210,208.5,209.5,,,0.0,0.0,empty_bin
JUNCTIONS,211,209.5,210.5,,,1e-08,1e-08,available_normalized_only
JUNCTIONS,212,210.5,211.5,,,0.0,0.0,empty_bin
JUNCTIONS,213,211.5,212.5,,,0.0,0.0,empty_bin
JUNCTIONS,214,212.5,213.5,,,0.0,0.0,empty_bin
JUNCTIONS,215,213.5,214.5,,,1e-08,1e-08,available_normalized_only
JUNCTIONS,216,214.5,215.5,,,0.0,0.0,empty_bin
JUNCTIONS,217,215.5,216.5,,,0.0,0.0,empty_bin
JUNCTIONS,218,216.5,217.5,,,0.0,0.0,empty_bin
JUNCTIONS,219,217.5,218.5,,,0.0,0.0,empty_bin
JUNCTIONS,220,218.5,219.5,,,0.0,0.0,empty_bin
JUNCTIONS,221,219.5,220.5,,,0.0,0.0,empty_bin
JUNCTIONS,222,220.5,221.5,,,0.0,0.0,empty_bin
JUNCTIONS,223,221.5,222.5,,,0.0,0.0,empty_bin
JUNCTIONS,224,222.5,223.5,,,0.0,0.0,empty_bin
JUNCTIONS,225,223.5,224.5,,,0.0,0.0,empty_bin
JUNCTIONS,226,224.5,225.5,,,0.0,0.0,empty_bin
JUNCTIONS,227,225.5,226.5,,,1e-08,1e-08,available_normalized_only
JUNCTIONS,228,226.5,227.5,,,0.0,0.0,empty_bin
JUNCTIONS,229,227.5,228.5,,,0.0,0.0,empty_bin
JUNCTIONS,230,228.5,229.5,,,0.0,0.0,empty_bin
JUNCTIONS,231,229.5,230.5,,,0.0,0.0,empty_bin
JUNCTIONS,232,230.5,231.5,,,0.0,0.0,empty_bin
JUNCTIONS,233,231.5,232.5,,,0.0,0.0,empty_bin
JUNCTIONS,234,232.5,233.5,,,1e-08,1e-08,available_normalized_only
JUNCTIONS,235,233.5,234.5,,,0.0,0.0,empty_bin
JUNCTIONS,236,234.5,235.5,,,0.0,0.0,empty_bin
JUNCTIONS,237,235.5,236.5,,,0.0,0.0,empty_bin
JUNCTIONS,238,236.5,237.5,,,0.0,0.0,empty_bin
JUNCTIONS,239,237.5,238.5,,,0.0,0.0,empty_bin
JUNCTIONS,240,238.5,239.5,,,0.0,0.0,empty_bin
JUNCTIONS,241,239.5,240.5,,,0.0,0.0,empty_bin
JUNCTIONS,242,240.5,241.5,,,2e-08,1.414214e-08,available_normalized_only
JUNCTIONS,243,241.5,242.5,,,0.0,0.0,empty_bin
JUNCTIONS,244,242.5,243.5,,,0.0,0.0,empty_bin
JUNCTIONS,245,243.5,244.5,,,1e-08,1e-08,available_normalized_only
JUNCTIONS,246,244.5,245.5,,,0.0,0.0,empty_bin
JUNCTIONS,247,245.5,246.5,,,0.0,0.0,empty_bin
JUNCTIONS,248,246.5,247.5,,,0.0,0.0,empty_bin
JUNCTIONS,249,247.5,248.5,,,0.0,0.0,empty_bin
JUNCTIONS,250,248.5,249.5,,,0.0,0.0,empty_bin
JUNCTIONS,251,249.5,250.5,,,1e-08,1e-08,available_normalized_only
JUNCTIONS,252,250.5,251.5,,,0.0,0.0,empty_bin
JUNCTIONS,253,251.5,252.5,,,0.0,0.0,empty_bin
JUNCTIONS,254,252.5,253.5,,,0.0,0.0,empty_bin
JUNCTIONS,255,253.5,254.5,,,2e-08,1.414214e-08,available_normalized_only
JUNCTIONS,256,254.5,255.5,,,0.0,0.0,empty_bin
JUNCTIONS,257,255.5,256.5,,,0.0,0.0,empty_bin
JUNCTIONS,258,256.5,257.5,,,1e-08,1e-08,available_normalized_only
JUNCTIONS,259,257.5,258.5,,,0.0,0.0,empty_bin
JUNCTIONS,260,258.5,259.5,,,0.0,0.0,empty_bin
JUNCTIONS,261,259.5,260.5,,,0.0,0.0,empty_bin
JUNCTIONS,262,260.5,261.5,,,1e-08,1e-08,available_normalized_only
JUNCTIONS,263,261.5,262.5,,,0.0,0.0,empty_bin
JUNCTIONS,264,262.5,263.5,,,0.0,0.0,empty_bin
JUNCTIONS,265,263.5,264.5,,,0.0,0.0,empty_bin
JUNCTIONS,266,264.5,265.5,,,0.0,0.0,empty_bin
JUNCTIONS,267,265.5,266.5,,,0.0,0.0,empty_bin
JUNCTIONS,268,266.5,267.5,,,0.0,0.0,empty_bin
JUNCTIONS,269,267.5,268.5,,,2e-08,1.414214e-08,available_normalized_only
JUNCTIONS,270,268.5,269.5,,,1e-08,1e-08,available_normalized_only
JUNCTIONS,271,269.5,270.5,,,0.0,0.0,empty_bin
JUNCTIONS,272,270.5,271.5,,,0.0,0.0,empty_bin
JUNCTIONS,273,271.5,272.5,,,1e-08,1e-08,available_normalized_only
JUNCTIONS,274,272.5,273.5,,,1e-08,1e-08,available_normalized_only
JUNCTIONS,275,273.5,274.5,,,0.0,0.0,empty_bin
JUNCTIONS,276,274.5,275.5,,,0.0,0.0,empty_bin
JUNCTIONS,277,275.5,276.5,,,0.0,0.0,empty_bin
JUNCTIONS,278,276.5,277.5,,,0.0,0.0,empty_bin
JUNCTIONS,279,277.5,278.5,,,0.0,0.0,empty_bin
JUNCTIONS,280,278.5,279.5,,,0.0,0.0,empty_bin
JUNCTIONS,281,279.5,280.5,,,0.0,0.0,empty_bin
JUNCTIONS,282,280.5,281.5,,,0.0,0.0,empty_bin
JUNCTIONS,283,281.5,282.5,,,0.0,0.0,empty_bin
JUNCTIONS,284,282.5,283.5,,,0.0,0.0,empty_bin
JUNCTIONS,285,283.5,284.5,,,0.0,0.0,empty_bin
JUNCTIONS,286,284.5,285.5,,,1e-08,1e-08,available_normalized_only
JUNCTIONS,287,285.5,286.5,,,0.0,0.0,empty_bin
JUNCTIONS,288,286.5,287.5,,,0.0,0.0,empty_bin
JUNCTIONS,289,287.5,288.5,,,0.0,0.0,empty_bin
JUNCTIONS,290,288.5,289.5,,,0.0,0.0,empty_bin
JUNCTIONS,291,289.5,290.5,,,0.0,0.0,empty_bin
JUNCTIONS,292,290.5,291.5,,,0.0,0.0,empty_bin
JUNCTIONS,293,291.5,292.5,,,0.0,0.0,empty_bin
JUNCTIONS,294,292.5,293.5,,,0.0,0.0,empty_bin
JUNCTIONS,295,293.5,294.5,,,0.0,0.0,empty_bin
JUNCTIONS,296,294.5,295.5,,,1e-08,1e-08,available_normalized_only
JUNCTIONS,297,295.5,296.5,,,0.0,0.0,empty_bin
JUNCTIONS,298,296.5,297.5,,,0.0,0.0,empty_bin
JUNCTIONS,299,297.5,298.5,,,0.0,0.0,empty_bin
JUNCTIONS,300,298.5,299.5,,,0.0,0.0,empty_bin
JUNCTIONS,301,299.5,300.5,,,1e-08,1e-08,available_normalized_only
JUNCTIONS,302,300.5,301.5,,,0.0,0.0,empty_bin
JUNCTIONS,303,301.5,302.5,,,0.0,0.0,empty_bin
JUNCTIONS,304,302.5,303.5,,,0.0,0.0,empty_bin
JUNCTIONS,305,303.5,304.5,,,0.0,0.0,empty_bin
JUNCTIONS,306,304.5,305.5,,,0.0,0.0,empty_bin
JUNCTIONS,307,305.5,306.5,,,0.0,0.0,empty_bin
JUNCTIONS,308,306.5,307.5,,,0.0,0.0,empty_bin
JUNCTIONS,309,307.5,308.5,,,1e-08,1e-08,available_normalized_only
JUNCTIONS,310,308.5,309.5,,,0.0,0.0,empty_bin
JUNCTIONS,311,309.5,310.5,,,1e-08,1e-08,available_normalized_only
JUNCTIONS,312,310.5,311.5,,,0.0,0.0,empty_bin
JUNCTIONS,313,311.5,312.5,,,0.0,0.0,empty_bin
JUNCTIONS,314,312.5,313.5,,,0.0,0.0,empty_bin
JUNCTIONS,315,313.5,314.5,,,0.0,0.0,empty_bin
JUNCTIONS,316,314.5,315.5,,,0.0,0.0,empty_bin
JUNCTIONS,317,315.5,316.5,,,0.0,0.0,empty_bin
JUNCTIONS,318,316.5,317.5,,,0.0,0.0,empty_bin
JUNCTIONS,319,317.5,318.5,,,0.0,0.0,empty_bin
JUNCTIONS,320,318.5,319.5,,,0.0,0.0,empty_bin
JUNCTIONS,321,319.5,320.5,,,0.0,0.0,empty_bin
JUNCTIONS,322,320.5,321.5,,,1e-08,1e-08,available_normalized_only
JUNCTIONS,323,321.5,322.5,,,0.0,0.0,empty_bin
JUNCTIONS,324,322.5,323.5,,,0.0,0.0,empty_bin
JUNCTIONS,325,323.5,324.5,,,0.0,0.0,empty_bin
JUNCTIONS,326,324.5,325.5,,,0.0,0.0,empty_bin
JUNCTIONS,327,325.5,326.5,,,0.0,0.0,empty_bin
JUNCTIONS,328,326.5,327.5,,,0.0,0.0,empty_bin
JUNCTIONS,329,327.5,328.5,,,0.0,0.0,empty_bin
JUNCTIONS,330,328.5,329.5,,,0.0,0.0,empty_bin
JUNCTIONS,331,329.5,330.5,,,0.0,0.0,empty_bin
JUNCTIONS,332,330.5,331.5,,,0.0,0.0,empty_bin
JUNCTIONS,333,331.5,332.5,,,0.0,0.0,empty_bin
JUNCTIONS,334,332.5,333.5,,,0.0,0.0,empty_bin
JUNCTIONS,335,333.5,334.5,,,0.0,0.0,empty_bin
JUNCTIONS,336,334.5,335.5,,,0.0,0.0,empty_bin
JUNCTIONS,337,335.5,336.5,,,0.0,0.0,empty_bin
JUNCTIONS,338,336.5,337.5,,,0.0,0.0,empty_bin
JUNCTIONS,339,337.5,338.5,,,0.0,0.0,empty_bin
JUNCTIONS,340,338.5,339.5,,,1e-08,1e-08,available_normalized_only
JUNCTIONS,341,339.5,340.5,,,0.0,0.0,empty_bin
JUNCTIONS,342,340.5,341.5,,,0.0,0.0,empty_bin
JUNCTIONS,343,341.5,342.5,,,0.0,0.0,empty_bin
JUNCTIONS,344,342.5,343.5,,,0.0,0.0,empty_bin
JUNCTIONS,345,343.5,344.5,,,0.0,0.0,empty_bin
JUNCTIONS,346,344.5,345.5,,,0.0,0.0,empty_bin
JUNCTIONS,347,345.5,346.5,,,0.0,0.0,empty_bin
JUNCTIONS,348,346.5,347.5,,,0.0,0.0,empty_bin
JUNCTIONS,349,347.5,348.5,,,0.0,0.0,empty_bin
JUNCTIONS,350,348.5,349.5,,,1e-08,1e-08,available_normalized_only
JUNCTIONS,351,349.5,350.5,,,0.0,0.0,empty_bin
JUNCTIONS,352,350.5,351.5,,,0.0,0.0,empty_bin
JUNCTIONS,353,351.5,352.5,,,0.0,0.0,empty_bin
JUNCTIONS,354,352.5,353.5,,,0.0,0.0,empty_bin
JUNCTIONS,355,353.5,354.5,,,0.0,0.0,empty_bin
JUNCTIONS,356,354.5,355.5,,,0.0,0.0,empty_bin
JUNCTIONS,357,355.5,356.5,,,1e-08,1e-08,available_normalized_only
JUNCTIONS,358,356.5,357.5,,,0.0,0.0,empty_bin
JUNCTIONS,359,357.5,358.5,,,0.0,0.0,empty_bin
JUNCTIONS,360,358.5,359.5,,,0.0,0.0,empty_bin
JUNCTIONS,361,359.5,360.5,,,0.0,0.0,empty_bin
JUNCTIONS,362,360.5,361.5,,,0.0,0.0,empty_bin
JUNCTIONS,363,361.5,362.5,,,0.0,0.0,empty_bin
JUNCTIONS,364,362.5,363.5,,,0.0,0.0,empty_bin
JUNCTIONS,365,363.5,364.5,,,0.0,0.0,empty_bin
JUNCTIONS,366,364.5,365.5,,,1e-08,1e-08,available_normalized_only
JUNCTIONS,367,365.5,366.5,,,0.0,0.0,empty_bin
JUNCTIONS,368,366.5,367.5,,,0.0,0.0,empty_bin
JUNCTIONS,369,367.5,368.5,,,0.0,0.0,empty_bin
JUNCTIONS,370,368.5,369.5,,,0.0,0.0,empty_bin
JUNCTIONS,371,369.5,370.5,,,0.0,0.0,empty_bin
JUNCTIONS,372,370.5,371.5,,,0.0,0.0,empty_bin
JUNCTIONS,373,371.5,372.5,,,0.0,0.0,empty_bin
JUNCTIONS,374,372.5,373.5,,,0.0,0.0,empty_bin
JUNCTIONS,375,373.5,374.5,,,0.0,0.0,empty_bin
JUNCTIONS,376,374.5,375.5,,,0.0,0.0,empty_bin
JUNCTIONS,377,375.5,376.5,,,0.0,0.0,empty_bin
JUNCTIONS,378,376.5,377.5,,,0.0,0.0,empty_bin
JUNCTIONS,379,377.5,378.5,,,0.0,0.0,empty_bin
JUNCTIONS,380,378.5,379.5,,,0.0,0.0,empty_bin
JUNCTIONS,381,379.5,380.5,,,0.0,0.0,empty_bin
JUNCTIONS,382,380.5,381.5,,,0.0,0.0,empty_bin
JUNCTIONS,383,381.5,382.5,,,0.0,0.0,empty_bin
JUNCTIONS,384,382.5,383.5,,,0.0,0.0,empty_bin
JUNCTIONS,385,383.5,384.5,,,0.0,0.0,empty_bin
JUNCTIONS,386,384.5,385.5,,,0.0,0.0,empty_bin
JUNCTIONS,387,385.5,386.5,,,0.0,0.0,empty_bin
JUNCTIONS,388,386.5,387.5,,,0.0,0.0,empty_bin
JUNCTIONS,389,387.5,388.5,,,0.0,0.0,empty_bin
JUNCTIONS,390,388.5,389.5,,,0.0,0.0,empty_bin
JUNCTIONS,391,389.5,390.5,,,0.0,0.0,empty_bin
JUNCTIONS,392,390.5,391.5,,,0.0,0.0,empty_bin
JUNCTIONS,393,391.5,392.5,,,0.0,0.0,empty_bin
JUNCTIONS,394,392.5,393.5,,,0.0,0.0,empty_bin
JUNCTIONS,395,393.5,394.5,,,1e-08,1e-08,available_normalized_only
JUNCTIONS,396,394.5,395.5,,,0.0,0.0,empty_bin
JUNCTIONS,397,395.5,396.5,,,0.0,0.0,empty_bin
JUNCTIONS,398,396.5,397.5,,,0.0,0.0,empty_bin
JUNCTIONS,399,397.5,398.5,,,0.0,0.0,empty_bin
JUNCTIONS,400,398.5,399.5,,,0.0,0.0,empty_bin
JUNCTIONS,401,399.5,400.5,,,0.0,0.0,empty_bin
JUNCTIONS,402,400.5,401.5,,,0.0,0.0,empty_bin
JUNCTIONS,403,401.5,402.5,,,0.0,0.0,empty_bin
JUNCTIONS,404,402.5,403.5,,,0.0,0.0,empty_bin
JUNCTIONS,405,403.5,404.5,,,0.0,0.0,empty_bin
JUNCTIONS,406,404.5,405.5,,,0.0,0.0,empty_bin
JUNCTIONS,407,405.5,406.5,,,0.0,0.0,empty_bin
JUNCTIONS,408,406.5,407.5,,,0.0,0.0,empty_bin
JUNCTIONS,409,407.5,408.5,,,0.0,0.0,empty_bin
JUNCTIONS,410,408.5,409.5,,,0.0,0.0,empty_bin
JUNCTIONS,411,409.5,410.5,,,0.0,0.0,empty_bin
JUNCTIONS,412,410.5,411.5,,,0.0,0.0,empty_bin
JUNCTIONS,413,411.5,412.5,,,0.0,0.0,empty_bin
JUNCTIONS,414,412.5,413.5,,,0.0,0.0,empty_bin
JUNCTIONS,415,413.5,414.5,,,0.0,0.0,empty_bin
JUNCTIONS,416,414.5,415.5,,,0.0,0.0,empty_bin
JUNCTIONS,417,415.5,416.5,,,1e-08,1e-08,available_normalized_only
JUNCTIONS,418,416.5,417.5,,,0.0,0.0,empty_bin
JUNCTIONS,419,417.5,418.5,,,0.0,0.0,empty_bin
JUNCTIONS,420,418.5,419.5,,,0.0,0.0,empty_bin
JUNCTIONS,421,419.5,420.5,,,0.0,0.0,empty_bin
JUNCTIONS,422,420.5,421.5,,,0.0,0.0,empty_bin
JUNCTIONS,423,421.5,422.5,,,0.0,0.0,empty_bin
JUNCTIONS,424,422.5,423.5,,,0.0,0.0,empty_bin
JUNCTIONS,425,423.5,424.5,,,0.0,0.0,empty_bin
JUNCTIONS,426,424.5,425.5,,,0.0,0.0,empty_bin
JUNCTIONS,427,425.5,426.5,,,1e-08,1e-08,available_normalized_only
JUNCTIONS,428,426.5,427.5,,,0.0,0.0,empty_bin
JUNCTIONS,429,427.5,428.5,,,0.0,0.0,empty_bin
JUNCTIONS,430,428.5,429.5,,,0.0,0.0,empty_bin
JUNCTIONS,431,429.5,430.5,,,0.0,0.0,empty_bin
JUNCTIONS,432,430.5,431.5,,,0.0,0.0,empty_bin
JUNCTIONS,433,431.5,432.5,,,0.0,0.0,empty_bin
JUNCTIONS,434,432.5,433.5,,,0.0,0.0,empty_bin
JUNCTIONS,435,433.5,434.5,,,0.0,0.0,empty_bin
JUNCTIONS,436,434.5,435.5,,,0.0,0.0,empty_bin
JUNCTIONS,437,435.5,436.5,,,0.0,0.0,empty_bin
JUNCTIONS,438,436.5,437.5,,,0.0,0.0,empty_bin
JUNCTIONS,439,437.5,438.5,,,0.0,0.0,empty_bin
JUNCTIONS,440,438.5,439.5,,,0.0,0.0,empty_bin
JUNCTIONS,441,439.5,440.5,,,0.0,0.0,empty_bin
JUNCTIONS,442,440.5,441.5,,,0.0,0.0,empty_bin
JUNCTIONS,443,441.5,442.5,,,0.0,0.0,empty_bin
JUNCTIONS,444,442.5,443.5,,,0.0,0.0,empty_bin
JUNCTIONS,445,443.5,444.5,,,0.0,0.0,empty_bin
JUNCTIONS,446,444.5,445.5,,,0.0,0.0,empty_bin
JUNCTIONS,447,445.5,446.5,,,0.0,0.0,empty_bin
JUNCTIONS,448,446.5,447.5,,,0.0,0.0,empty_bin
JUNCTIONS,449,447.5,448.5,,,0.0,0.0,empty_bin
JUNCTIONS,450,448.5,449.5,,,0.0,0.0,empty_bin
JUNCTIONS,451,449.5,450.5,,,2e-08,1.414214e-08,available_normalized_only
JUNCTIONS,452,450.5,451.5,,,0.0,0.0,empty_bin
JUNCTIONS,453,451.5,452.5,,,0.0,0.0,empty_bin
JUNCTIONS,454,452.5,453.5,,,0.0,0.0,empty_bin
JUNCTIONS,455,453.5,454.5,,,0.0,0.0,empty_bin
JUNCTIONS,456,454.5,455.5,,,0.0,0.0,empty_bin
JUNCTIONS,457,455.5,456.5,,,0.0,0.0,empty_bin
JUNCTIONS,458,456.5,457.5,,,0.0,0.0,empty_bin
JUNCTIONS,459,457.5,458.5,,,0.0,0.0,empty_bin
JUNCTIONS,460,458.5,459.5,,,0.0,0.0,empty_bin
JUNCTIONS,461,459.5,460.5,,,0.0,0.0,empty_bin
JUNCTIONS,462,460.5,461.5,,,0.0,0.0,empty_bin
JUNCTIONS,463,461.5,462.5,,,0.0,0.0,empty_bin
JUNCTIONS,464,462.5,463.5,,,0.0,0.0,empty_bin
JUNCTIONS,465,463.5,464.5,,,0.0,0.0,empty_bin
JUNCTIONS,466,464.5,465.5,,,0.0,0.0,empty_bin
JUNCTIONS,467,465.5,466.5,,,0.0,0.0,empty_bin
JUNCTIONS,468,466.5,467.5,,,0.0,0.0,empty_bin
JUNCTIONS,469,467.5,468.5,,,0.0,0.0,empty_bin
JUNCTIONS,470,468.5,469.5,,,0.0,0.0,empty_bin
JUNCTIONS,471,469.5,470.5,,,0.0,0.0,empty_bin
JUNCTIONS,472,470.5,471.5,,,0.0,0.0,empty_bin
JUNCTIONS,473,471.5,472.5,,,0.0,0.0,empty_bin
JUNCTIONS,474,472.5,473.5,,,0.0,0.0,empty_bin
JUNCTIONS,475,473.5,474.5,,,0.0,0.0,empty_bin
JUNCTIONS,476,474.5,475.5,,,0.0,0.0,empty_bin
JUNCTIONS,477,475.5,476.5,,,0.0,0.0,empty_bin
JUNCTIONS,478,476.5,477.5,,,0.0,0.0,empty_bin
JUNCTIONS,479,477.5,478.5,,,0.0,0.0,empty_bin
JUNCTIONS,480,478.5,479.5,,,0.0,0.0,empty_bin
JUNCTIONS,481,479.5,480.5,,,0.0,0.0,empty_bin
JUNCTIONS,482,480.5,481.5,,,0.0,0.0,empty_bin
JUNCTIONS,483,481.5,482.5,,,0.0,0.0,empty_bin
JUNCTIONS,484,482.5,483.5,,,0.0,0.0,empty_bin
JUNCTIONS,485,483.5,484.5,,,0.0,0.0,empty_bin
JUNCTIONS,486,484.5,485.5,,,0.0,0.0,empty_bin
JUNCTIONS,487,485.5,486.5,,,0.0,0.0,empty_bin
JUNCTIONS,488,486.5,487.5,,,0.0,0.0,empty_bin
JUNCTIONS,489,487.5,488.5,,,0.0,0.0,empty_bin
JUNCTIONS,490,488.5,489.5,,,0.0,0.0,empty_bin
JUNCTIONS,491,489.5,490.5,,,0.0,0.0,empty_bin
JUNCTIONS,492,490.5,491.5,,,0.0,0.0,empty_bin
JUNCTIONS,493,491.5,492.5,,,0.0,0.0,empty_bin
JUNCTIONS,494,492.5,493.5,,,0.0,0.0,empty_bin
JUNCTIONS,495,493.5,494.5,,,0.0,0.0,empty_bin
JUNCTIONS,496,494.5,495.5,,,0.0,0.0,empty_bin
JUNCTIONS,497,495.5,496.5,,,0.0,0.0,empty_bin
JUNCTIONS,498,496.5,497.5,,,0.0,0.0,empty_bin
JUNCTIONS,499,497.5,498.5,,,0.0,0.0,empty_bin
JUNCTIONS,500,498.5,499.5,,,0.0,0.0,empty_bin
JUNCTIONS,501,499.5,500.5,,,0.0,0.0,empty_bin
JUNCTIONS,502,500.5,501.5,,,0.0,0.0,empty_bin
JUNCTIONS,503,501.5,502.5,,,0.0,0.0,empty_bin
JUNCTIONS,504,502.5,503.5,,,0.0,0.0,empty_bin
JUNCTIONS,505,503.5,504.5,,,0.0,0.0,empty_bin
JUNCTIONS,506,504.5,505.5,,,0.0,0.0,empty_bin
JUNCTIONS,507,505.5,506.5,,,0.0,0.0,empty_bin
JUNCTIONS,508,506.5,507.5,,,0.0,0.0,empty_bin
JUNCTIONS,509,507.5,508.5,,,0.0,0.0,empty_bin
JUNCTIONS,510,508.5,509.5,,,0.0,0.0,empty_bin
JUNCTIONS,511,509.5,510.5,,,0.0,0.0,empty_bin
JUNCTIONS,512,510.5,511.5,,,0.0,0.0,empty_bin
JUNCTIONS,513,511.5,512.5,,,0.0,0.0,empty_bin
JUNCTIONS,514,512.5,513.5,,,1e-08,1e-08,available_normalized_only
JUNCTIONS,515,513.5,514.5,,,0.0,0.0,empty_bin
JUNCTIONS,516,514.5,515.5,,,0.0,0.0,empty_bin
JUNCTIONS,517,515.5,516.5,,,0.0,0.0,empty_bin
JUNCTIONS,518,516.5,517.5,,,0.0,0.0,empty_bin
JUNCTIONS,519,517.5,518.5,,,0.0,0.0,empty_bin
JUNCTIONS,520,518.5,519.5,,,0.0,0.0,empty_bin
JUNCTIONS,521,519.5,520.5,,,0.0,0.0,empty_bin
JUNCTIONS,522,520.5,521.5,,,0.0,0.0,empty_bin
JUNCTIONS,523,521.5,522.5,,,0.0,0.0,empty_bin
JUNCTIONS,524,522.5,523.5,,,0.0,0.0,empty_bin
JUNCTIONS,525,523.5,524.5,,,0.0,0.0,empty_bin
JUNCTIONS,526,524.5,525.5,,,0.0,0.0,empty_bin
JUNCTIONS,527,525.5,526.5,,,0.0,0.0,empty_bin
JUNCTIONS,528,526.5,527.5,,,0.0,0.0,empty_bin
JUNCTIONS,529,527.5,528.5,,,0.0,0.0,empty_bin
JUNCTIONS,530,528.5,529.5,,,0.0,0.0,empty_bin
JUNCTIONS,531,529.5,530.5,,,0.0,0.0,empty_bin
JUNCTIONS,532,530.5,531.5,,,0.0,0.0,empty_bin
JUNCTIONS,533,531.5,532.5,,,0.0,0.0,empty_bin
JUNCTIONS,534,532.5,533.5,,,0.0,0.0,empty_bin
JUNCTIONS,535,533.5,534.5,,,0.0,0.0,empty_bin
JUNCTIONS,536,534.5,535.5,,,0.0,0.0,empty_bin
JUNCTIONS,537,535.5,536.5,,,0.0,0.0,empty_bin
JUNCTIONS,538,536.5,537.5,,,0.0,0.0,empty_bin
JUNCTIONS,539,537.5,538.5,,,0.0,0.0,empty_bin
JUNCTIONS,540,538.5,539.5,,,0.0,0.0,empty_bin
JUNCTIONS,541,539.5,540.5,,,0.0,0.0,empty_bin
JUNCTIONS,542,540.5,541.5,,,0.0,0.0,empty_bin
JUNCTIONS,543,541.5,542.5,,,0.0,0.0,empty_bin
JUNCTIONS,544,542.5,543.5,,,0.0,0.0,empty_bin
JUNCTIONS,545,543.5,544.5,,,0.0,0.0,empty_bin
JUNCTIONS,546,544.5,545.5,,,0.0,0.0,empty_bin
JUNCTIONS,547,545.5,546.5,,,0.0,0.0,empty_bin
JUNCTIONS,548,546.5,547.5,,,0.0,0.0,empty_bin
JUNCTIONS,549,547.5,548.5,,,0.0,0.0,empty_bin
JUNCTIONS,550,548.5,549.5,,,0.0,0.0,empty_bin
JUNCTIONS,551,549.5,550.5,,,0.0,0.0,empty_bin
JUNCTIONS,552,550.5,551.5,,,0.0,0.0,empty_bin
JUNCTIONS,553,551.5,552.5,,,0.0,0.0,empty_bin
JUNCTIONS,554,552.5,553.5,,,0.0,0.0,empty_bin
JUNCTIONS,555,553.5,554.5,,,0.0,0.0,empty_bin
JUNCTIONS,556,554.5,555.5,,,0.0,0.0,empty_bin
JUNCTIONS,557,555.5,556.5,,,0.0,0.0,empty_bin
JUNCTIONS,558,556.5,557.5,,,0.0,0.0,empty_bin
JUNCTIONS,559,557.5,558.5,,,0.0,0.0,empty_bin
JUNCTIONS,560,558.5,559.5,,,0.0,0.0,empty_bin
JUNCTIONS,561,559.5,560.5,,,0.0,0.0,empty_bin
JUNCTIONS,562,560.5,561.5,,,0.0,0.0,empty_bin
JUNCTIONS,563,561.5,562.5,,,0.0,0.0,empty_bin
JUNCTIONS,564,562.5,563.5,,,0.0,0.0,empty_bin
JUNCTIONS,565,563.5,564.5,,,0.0,0.0,empty_bin
JUNCTIONS,566,564.5,565.5,,,0.0,0.0,empty_bin
JUNCTIONS,567,565.5,566.5,,,0.0,0.0,empty_bin
JUNCTIONS,568,566.5,567.5,,,0.0,0.0,empty_bin
JUNCTIONS,569,567.5,568.5,,,0.0,0.0,empty_bin
JUNCTIONS,570,568.5,569.5,,,0.0,0.0,empty_bin
JUNCTIONS,571,569.5,570.5,,,0.0,0.0,empty_bin
JUNCTIONS,572,570.5,571.5,,,0.0,0.0,empty_bin
JUNCTIONS,573,571.5,572.5,,,0.0,0.0,empty_bin
JUNCTIONS,574,572.5,573.5,,,0.0,0.0,empty_bin
JUNCTIONS,575,573.5,574.5,,,0.0,0.0,empty_bin
JUNCTIONS,576,574.5,575.5,,,0.0,0.0,empty_bin
JUNCTIONS,577,575.5,576.5,,,0.0,0.0,empty_bin
JUNCTIONS,578,576.5,577.5,,,0.0,0.0,empty_bin
JUNCTIONS,579,577.5,578.5,,,0.0,0.0,empty_bin
JUNCTIONS,580,578.5,579.5,,,0.0,0.0,empty_bin
JUNCTIONS,581,579.5,580.5,,,0.0,0.0,empty_bin
JUNCTIONS,582,580.5,581.5,,,0.0,0.0,empty_bin
JUNCTIONS,583,581.5,582.5,,,0.0,0.0,empty_bin
JUNCTIONS,584,582.5,583.5,,,0.0,0.0,empty_bin
JUNCTIONS,585,583.5,584.5,,,0.0,0.0,empty_bin
JUNCTIONS,586,584.5,585.5,,,0.0,0.0,empty_bin
JUNCTIONS,587,585.5,586.5,,,0.0,0.0,empty_bin
JUNCTIONS,588,586.5,587.5,,,0.0,0.0,empty_bin
JUNCTIONS,589,587.5,588.5,,,0.0,0.0,empty_bin
JUNCTIONS,590,588.5,589.5,,,0.0,0.0,empty_bin
JUNCTIONS,591,589.5,590.5,,,0.0,0.0,empty_bin
JUNCTIONS,592,590.5,591.5,,,0.0,0.0,empty_bin
JUNCTIONS,593,591.5,592.5,,,0.0,0.0,empty_bin
JUNCTIONS,594,592.5,593.5,,,0.0,0.0,empty_bin
JUNCTIONS,595,593.5,594.5,,,0.0,0.0,empty_bin
JUNCTIONS,596,594.5,595.5,,,0.0,0.0,empty_bin
JUNCTIONS,597,595.5,596.5,,,0.0,0.0,empty_bin
JUNCTIONS,598,596.5,597.5,,,0.0,0.0,empty_bin
JUNCTIONS,599,597.5,598.5,,,0.0,0.0,empty_bin
JUNCTIONS,600,598.5,599.5,,,0.0,0.0,empty_bin
JUNCTIONS,601,599.5,600.5,,,0.0,0.0,empty_bin
JUNCTIONS,602,600.5,601.5,,,0.0,0.0,empty_bin
JUNCTIONS,603,601.5,602.5,,,0.0,0.0,empty_bin
JUNCTIONS,604,602.5,603.5,,,0.0,0.0,empty_bin
JUNCTIONS,605,603.5,604.5,,,0.0,0.0,empty_bin
JUNCTIONS,606,604.5,605.5,,,0.0,0.0,empty_bin
JUNCTIONS,607,605.5,606.5,,,0.0,0.0,empty_bin
JUNCTIONS,608,606.5,607.5,,,0.0,0.0,empty_bin
JUNCTIONS,609,607.5,608.5,,,0.0,0.0,empty_bin
JUNCTIONS,610,608.5,609.5,,,0.0,0.0,empty_bin
JUNCTIONS,611,609.5,610.5,,,0.0,0.0,empty_bin
JUNCTIONS,612,610.5,611.5,,,0.0,0.0,empty_bin
JUNCTIONS,613,611.5,612.5,,,0.0,0.0,empty_bin
JUNCTIONS,614,612.5,613.5,,,0.0,0.0,empty_bin
JUNCTIONS,615,613.5,614.5,,,0.0,0.0,empty_bin
JUNCTIONS,616,614.5,615.5,,,0.0,0.0,empty_bin
JUNCTIONS,617,615.5,616.5,,,0.0,0.0,empty_bin
JUNCTIONS,618,616.5,617.5,,,1e-08,1e-08,available_normalized_only
JUNCTIONS,619,617.5,618.5,,,0.0,0.0,empty_bin
JUNCTIONS,620,618.5,619.5,,,0.0,0.0,empty_bin
JUNCTIONS,621,619.5,620.5,,,0.0,0.0,empty_bin
JUNCTIONS,622,620.5,621.5,,,0.0,0.0,empty_bin
JUNCTIONS,623,621.5,622.5,,,0.0,0.0,empty_bin
JUNCTIONS,624,622.5,623.5,,,1e-08,1e-08,available_normalized_only
JUNCTIONS,625,623.5,624.5,,,0.0,0.0,empty_bin
JUNCTIONS,626,624.5,625.5,,,0.0,0.0,empty_bin
JUNCTIONS,627,625.5,626.5,,,0.0,0.0,empty_bin
JUNCTIONS,628,626.5,627.5,,,0.0,0.0,empty_bin
JUNCTIONS,629,627.5,628.5,,,0.0,0.0,empty_bin
JUNCTIONS,630,628.5,629.5,,,0.0,0.0,empty_bin
JUNCTIONS,631,629.5,630.5,,,0.0,0.0,empty_bin
JUNCTIONS,632,630.5,631.5,,,0.0,0.0,empty_bin
JUNCTIONS,633,631.5,632.5,,,0.0,0.0,empty_bin
JUNCTIONS,634,632.5,633.5,,,0.0,0.0,empty_bin
JUNCTIONS,635,633.5,634.5,,,0.0,0.0,empty_bin
JUNCTIONS,636,634.5,635.5,,,0.0,0.0,empty_bin
JUNCTIONS,637,635.5,636.5,,,0.0,0.0,empty_bin
JUNCTIONS,638,636.5,637.5,,,0.0,0.0,empty_bin
JUNCTIONS,639,637.5,638.5,,,0.0,0.0,empty_bin
JUNCTIONS,640,638.5,639.5,,,0.0,0.0,empty_bin
JUNCTIONS,641,639.5,640.5,,,0.0,0.0,empty_bin
JUNCTIONS,642,640.5,641.5,,,0.0,0.0,empty_bin
JUNCTIONS,643,641.5,642.5,,,0.0,0.0,empty_bin
JUNCTIONS,644,642.5,643.5,,,0.0,0.0,empty_bin
JUNCTIONS,645,643.5,644.5,,,0.0,0.0,empty_bin
JUNCTIONS,646,644.5,645.5,,,0.0,0.0,empty_bin
JUNCTIONS,647,645.5,646.5,,,0.0,0.0,empty_bin
JUNCTIONS,648,646.5,647.5,,,0.0,0.0,empty_bin
JUNCTIONS,649,647.5,648.5,,,0.0,0.0,empty_bin
JUNCTIONS,650,648.5,649.5,,,0.0,0.0,empty_bin
JUNCTIONS,651,649.5,650.5,,,0.0,0.0,empty_bin
JUNCTIONS,652,650.5,651.5,,,0.0,0.0,empty_bin
JUNCTIONS,653,651.5,652.5,,,0.0,0.0,empty_bin
JUNCTIONS,654,652.5,653.5,,,0.0,0.0,empty_bin
JUNCTIONS,655,653.5,654.5,,,0.0,0.0,empty_bin
JUNCTIONS,656,654.5,655.5,,,0.0,0.0,empty_bin
JUNCTIONS,657,655.5,656.5,,,0.0,0.0,empty_bin
JUNCTIONS,658,656.5,657.5,,,0.0,0.0,empty_bin
JUNCTIONS,659,657.5,658.5,,,0.0,0.0,empty_bin
JUNCTIONS,660,658.5,659.5,,,0.0,0.0,empty_bin
JUNCTIONS,661,659.5,660.5,,,0.0,0.0,empty_bin
JUNCTIONS,662,660.5,661.5,,,0.0,0.0,empty_bin
JUNCTIONS,663,661.5,662.5,,,0.0,0.0,empty_bin
JUNCTIONS,664,662.5,663.5,,,0.0,0.0,empty_bin
JUNCTIONS,665,663.5,664.5,,,0.0,0.0,empty_bin
JUNCTIONS,666,664.5,665.5,,,0.0,0.0,empty_bin
JUNCTIONS,667,665.5,666.5,,,0.0,0.0,empty_bin
JUNCTIONS,668,666.5,667.5,,,0.0,0.0,empty_bin
JUNCTIONS,669,667.5,668.5,,,0.0,0.0,empty_bin
JUNCTIONS,670,668.5,669.5,,,0.0,0.0,empty_bin
JUNCTIONS,671,669.5,670.5,,,0.0,0.0,empty_bin
JUNCTIONS,672,670.5,671.5,,,0.0,0.0,empty_bin
JUNCTIONS,673,671.5,672.5,,,0.0,0.0,empty_bin
JUNCTIONS,674,672.5,673.5,,,0.0,0.0,empty_bin
JUNCTIONS,675,673.5,674.5,,,0.0,0.0,empty_bin
JUNCTIONS,676,674.5,675.5,,,0.0,0.0,empty_bin
JUNCTIONS,677,675.5,676.5,,,0.0,0.0,empty_bin
JUNCTIONS,678,676.5,677.5,,,0.0,0.0,empty_bin
JUNCTIONS,679,677.5,678.5,,,0.0,0.0,empty_bin
JUNCTIONS,680,678.5,679.5,,,0.0,0.0,empty_bin
JUNCTIONS,681,679.5,680.5,,,0.0,0.0,empty_bin
JUNCTIONS,682,680.5,681.5,,,0.0,0.0,empty_bin
JUNCTIONS,683,681.5,682.5,,,0.0,0.0,empty_bin
JUNCTIONS,684,682.5,683.5,,,0.0,0.0,empty_bin
JUNCTIONS,685,683.5,684.5,,,0.0,0.0,empty_bin
JUNCTIONS,686,684.5,685.5,,,0.0,0.0,empty_bin
JUNCTIONS,687,685.5,686.5,,,0.0,0.0,empty_bin
JUNCTIONS,688,686.5,687.5,,,0.0,0.0,empty_bin
JUNCTIONS,689,687.5,688.5,,,0.0,0.0,empty_bin
JUNCTIONS,690,688.5,689.5,,,0.0,0.0,empty_bin
JUNCTIONS,691,689.5,690.5,,,0.0,0.0,empty_bin
JUNCTIONS,692,690.5,691.5,,,0.0,0.0,empty_bin
JUNCTIONS,693,691.5,692.5,,,0.0,0.0,empty_bin
JUNCTIONS,694,692.5,693.5,,,0.0,0.0,empty_bin
JUNCTIONS,695,693.5,694.5,,,0.0,0.0,empty_bin
JUNCTIONS,696,694.5,695.5,,,0.0,0.0,empty_bin
JUNCTIONS,697,695.5,696.5,,,0.0,0.0,empty_bin
JUNCTIONS,698,696.5,697.5,,,0.0,0.0,empty_bin
JUNCTIONS,699,697.5,698.5,,,0.0,0.0,empty_bin
JUNCTIONS,700,698.5,699.5,,,0.0,0.0,empty_bin
JUNCTIONS,701,699.5,700.5,,,0.0,0.0,empty_bin
JUNCTIONS,702,700.5,701.5,,,0.0,0.0,empty_bin
JUNCTIONS,703,701.5,702.5,,,0.0,0.0,empty_bin
JUNCTIONS,704,702.5,703.5,,,0.0,0.0,empty_bin
JUNCTIONS,705,703.5,704.5,,,0.0,0.0,empty_bin
JUNCTIONS,706,704.5,705.5,,,0.0,0.0,empty_bin
JUNCTIONS,707,705.5,706.5,,,0.0,0.0,empty_bin
JUNCTIONS,708,706.5,707.5,,,0.0,0.0,empty_bin
JUNCTIONS,709,707.5,708.5,,,0.0,0.0,empty_bin
JUNCTIONS,710,708.5,709.5,,,0.0,0.0,empty_bin
JUNCTIONS,711,709.5,710.5,,,0.0,0.0,empty_bin
JUNCTIONS,712,710.5,711.5,,,0.0,0.0,empty_bin
JUNCTIONS,713,711.5,712.5,,,0.0,0.0,empty_bin
JUNCTIONS,714,712.5,713.5,,,0.0,0.0,empty_bin
JUNCTIONS,715,713.5,714.5,,,0.0,0.0,empty_bin
JUNCTIONS,716,714.5,715.5,,,0.0,0.0,empty_bin
JUNCTIONS,717,715.5,716.5,,,0.0,0.0,empty_bin
JUNCTIONS,718,716.5,717.5,,,0.0,0.0,empty_bin
JUNCTIONS,719,717.5,718.5,,,0.0,0.0,empty_bin
JUNCTIONS,720,718.5,719.5,,,0.0,0.0,empty_bin
JUNCTIONS,721,719.5,720.5,,,0.0,0.0,empty_bin
JUNCTIONS,722,720.5,721.5,,,0.0,0.0,empty_bin
JUNCTIONS,723,721.5,722.5,,,0.0,0.0,empty_bin
JUNCTIONS,724,722.5,723.5,,,0.0,0.0,empty_bin
JUNCTIONS,725,723.5,724.5,,,0.0,0.0,empty_bin
JUNCTIONS,726,724.5,725.5,,,0.0,0.0,empty_bin
JUNCTIONS,727,725.5,726.5,,,0.0,0.0,empty_bin
JUNCTIONS,728,726.5,727.5,,,0.0,0.0,empty_bin
JUNCTIONS,729,727.5,728.5,,,0.0,0.0,empty_bin
JUNCTIONS,730,728.5,729.5,,,0.0,0.0,empty_bin
JUNCTIONS,731,729.5,730.5,,,0.0,0.0,empty_bin
JUNCTIONS,732,730.5,731.5,,,0.0,0.0,empty_bin
JUNCTIONS,733,731.5,732.5,,,0.0,0.0,empty_bin
JUNCTIONS,734,732.5,733.5,,,0.0,0.0,empty_bin
JUNCTIONS,735,733.5,734.5,,,0.0,0.0,empty_bin
JUNCTIONS,736,734.5,735.5,,,0.0,0.0,empty_bin
JUNCTIONS,737,735.5,736.5,,,0.0,0.0,empty_bin
JUNCTIONS,738,736.5,737.5,,,0.0,0.0,empty_bin
JUNCTIONS,739,737.5,738.5,,,0.0,0.0,empty_bin
JUNCTIONS,740,738.5,739.5,,,0.0,0.0,empty_bin
JUNCTIONS,741,739.5,740.5,,,0.0,0.0,empty_bin
JUNCTIONS,742,740.5,741.5,,,0.0,0.0,empty_bin
JUNCTIONS,743,741.5,742.5,,,0.0,0.0,empty_bin
JUNCTIONS,744,742.5,743.5,,,0.0,0.0,empty_bin
JUNCTIONS,745,743.5,744.5,,,0.0,0.0,empty_bin
JUNCTIONS,746,744.5,745.5,,,0.0,0.0,empty_bin
JUNCTIONS,747,745.5,746.5,,,0.0,0.0,empty_bin
JUNCTIONS,748,746.5,747.5,,,0.0,0.0,empty_bin
JUNCTIONS,749,747.5,748.5,,,0.0,0.0,empty_bin
JUNCTIONS,750,748.5,749.5,,,0.0,0.0,empty_bin
JUNCTIONS,751,749.5,750.5,,,0.0,0.0,empty_bin
JUNCTIONS,752,750.5,751.5,,,0.0,0.0,empty_bin
JUNCTIONS,753,751.5,752.5,,,0.0,0.0,empty_bin
JUNCTIONS,754,752.5,753.5,,,0.0,0.0,empty_bin
JUNCTIONS,755,753.5,754.5,,,0.0,0.0,empty_bin
JUNCTIONS,756,754.5,755.5,,,0.0,0.0,empty_bin
JUNCTIONS,757,755.5,756.5,,,0.0,0.0,empty_bin
JUNCTIONS,758,756.5,757.5,,,0.0,0.0,empty_bin
JUNCTIONS,759,757.5,758.5,,,0.0,0.0,empty_bin
JUNCTIONS,760,758.5,759.5,,,0.0,0.0,empty_bin
JUNCTIONS,761,759.5,760.5,,,0.0,0.0,empty_bin
JUNCTIONS,762,760.5,761.5,,,0.0,0.0,empty_bin
JUNCTIONS,763,761.5,762.5,,,0.0,0.0,empty_bin
JUNCTIONS,764,762.5,763.5,,,0.0,0.0,empty_bin
JUNCTIONS,765,763.5,764.5,,,0.0,0.0,empty_bin
JUNCTIONS,766,764.5,765.5,,,0.0,0.0,empty_bin
JUNCTIONS,767,765.5,766.5,,,0.0,0.0,empty_bin
JUNCTIONS,768,766.5,767.5,,,0.0,0.0,empty_bin
JUNCTIONS,769,767.5,768.5,,,0.0,0.0,empty_bin
JUNCTIONS,770,768.5,769.5,,,0.0,0.0,empty_bin
JUNCTIONS,771,769.5,770.5,,,0.0,0.0,empty_bin
JUNCTIONS,772,770.5,771.5,,,0.0,0.0,empty_bin
JUNCTIONS,773,771.5,772.5,,,0.0,0.0,empty_bin
JUNCTIONS,774,772.5,773.5,,,0.0,0.0,empty_bin
JUNCTIONS,775,773.5,774.5,,,0.0,0.0,empty_bin
JUNCTIONS,776,774.5,775.5,,,0.0,0.0,empty_bin
JUNCTIONS,777,775.5,776.5,,,0.0,0.0,empty_bin
JUNCTIONS,778,776.5,777.5,,,0.0,0.0,empty_bin
JUNCTIONS,779,777.5,778.5,,,0.0,0.0,empty_bin
JUNCTIONS,780,778.5,779.5,,,0.0,0.0,empty_bin
JUNCTIONS,781,779.5,780.5,,,0.0,0.0,empty_bin
JUNCTIONS,782,780.5,781.5,,,1e-08,1e-08,available_normalized_only
JUNCTIONS,783,781.5,782.5,,,0.0,0.0,empty_bin
JUNCTIONS,784,782.5,783.5,,,0.0,0.0,empty_bin
JUNCTIONS,785,783.5,784.5,,,0.0,0.0,empty_bin
JUNCTIONS,786,784.5,785.5,,,0.0,0.0,empty_bin
JUNCTIONS,787,785.5,786.5,,,0.0,0.0,empty_bin
JUNCTIONS,788,786.5,787.5,,,0.0,0.0,empty_bin
JUNCTIONS,789,787.5,788.5,,,0.0,0.0,empty_bin
JUNCTIONS,790,788.5,789.5,,,0.0,0.0,empty_bin
JUNCTIONS,791,789.5,790.5,,,0.0,0.0,empty_bin
JUNCTIONS,792,790.5,791.5,,,0.0,0.0,empty_bin
JUNCTIONS,793,791.5,792.5,,,0.0,0.0,empty_bin
JUNCTIONS,794,792.5,793.5,,,0.0,0.0,empty_bin
JUNCTIONS,795,793.5,794.5,,,0.0,0.0,empty_bin
JUNCTIONS,796,794.5,795.5,,,0.0,0.0,empty_bin
JUNCTIONS,797,795.5,796.5,,,0.0,0.0,empty_bin
JUNCTIONS,798,796.5,797.5,,,0.0,0.0,empty_bin
JUNCTIONS,799,797.5,798.5,,,0.0,0.0,empty_bin
JUNCTIONS,800,798.5,799.5,,,0.0,0.0,empty_bin
JUNCTIONS,801,799.5,800.5,,,0.0,0.0,empty_bin
JUNCTIONS,802,800.5,801.5,,,0.0,0.0,empty_bin
JUNCTIONS,803,801.5,802.5,,,0.0,0.0,empty_bin
JUNCTIONS,804,802.5,803.5,,,0.0,0.0,empty_bin
JUNCTIONS,805,803.5,804.5,,,0.0,0.0,empty_bin
JUNCTIONS,806,804.5,805.5,,,0.0,0.0,empty_bin
JUNCTIONS,807,805.5,806.5,,,0.0,0.0,empty_bin
JUNCTIONS,808,806.5,807.5,,,0.0,0.0,empty_bin
JUNCTIONS,809,807.5,808.5,,,0.0,0.0,empty_bin
JUNCTIONS,810,808.5,809.5,,,0.0,0.0,empty_bin
JUNCTIONS,811,809.5,810.5,,,0.0,0.0,empty_bin
JUNCTIONS,812,810.5,811.5,,,0.0,0.0,empty_bin
JUNCTIONS,813,811.5,812.5,,,0.0,0.0,empty_bin
JUNCTIONS,814,812.5,813.5,,,0.0,0.0,empty_bin
JUNCTIONS,815,813.5,814.5,,,0.0,0.0,empty_bin
JUNCTIONS,816,814.5,815.5,,,0.0,0.0,empty_bin
JUNCTIONS,817,815.5,816.5,,,0.0,0.0,empty_bin
JUNCTIONS,818,816.5,817.5,,,0.0,0.0,empty_bin
JUNCTIONS,819,817.5,818.5,,,0.0,0.0,empty_bin
JUNCTIONS,820,818.5,819.5,,,0.0,0.0,empty_bin
JUNCTIONS,821,819.5,820.5,,,0.0,0.0,empty_bin
JUNCTIONS,822,820.5,821.5,,,0.0,0.0,empty_bin
JUNCTIONS,823,821.5,822.5,,,0.0,0.0,empty_bin
JUNCTIONS,824,822.5,823.5,,,0.0,0.0,empty_bin
JUNCTIONS,825,823.5,824.5,,,0.0,0.0,empty_bin
JUNCTIONS,826,824.5,825.5,,,0.0,0.0,empty_bin
JUNCTIONS,827,825.5,826.5,,,0.0,0.0,empty_bin
JUNCTIONS,828,826.5,827.5,,,0.0,0.0,empty_bin
JUNCTIONS,829,827.5,828.5,,,0.0,0.0,empty_bin
JUNCTIONS,830,828.5,829.5,,,0.0,0.0,empty_bin
JUNCTIONS,831,829.5,830.5,,,0.0,0.0,empty_bin
JUNCTIONS,832,830.5,831.5,,,0.0,0.0,empty_bin
JUNCTIONS,833,831.5,832.5,,,0.0,0.0,empty_bin
JUNCTIONS,834,832.5,833.5,,,0.0,0.0,empty_bin
JUNCTIONS,835,833.5,834.5,,,0.0,0.0,empty_bin
JUNCTIONS,836,834.5,835.5,,,0.0,0.0,empty_bin
JUNCTIONS,837,835.5,836.5,,,0.0,0.0,empty_bin
JUNCTIONS,838,836.5,837.5,,,0.0,0.0,empty_bin
JUNCTIONS,839,837.5,838.5,,,0.0,0.0,empty_bin
JUNCTIONS,840,838.5,839.5,,,0.0,0.0,empty_bin
JUNCTIONS,841,839.5,840.5,,,0.0,0.0,empty_bin
JUNCTIONS,842,840.5,841.5,,,0.0,0.0,empty_bin
JUNCTIONS,843,841.5,842.5,,,0.0,0.0,empty_bin
JUNCTIONS,844,842.5,843.5,,,0.0,0.0,empty_bin
JUNCTIONS,845,843.5,844.5,,,0.0,0.0,empty_bin
JUNCTIONS,846,844.5,845.5,,,0.0,0.0,empty_bin
JUNCTIONS,847,845.5,846.5,,,0.0,0.0,empty_bin
JUNCTIONS,848,846.5,847.5,,,0.0,0.0,empty_bin
JUNCTIONS,849,847.5,848.5,,,0.0,0.0,empty_bin
JUNCTIONS,850,848.5,849.5,,,0.0,0.0,empty_bin
JUNCTIONS,851,849.5,850.5,,,0.0,0.0,empty_bin
JUNCTIONS,852,850.5,851.5,,,0.0,0.0,empty_bin
JUNCTIONS,853,851.5,852.5,,,0.0,0.0,empty_bin
JUNCTIONS,854,852.5,853.5,,,0.0,0.0,empty_bin
JUNCTIONS,855,853.5,854.5,,,0.0,0.0,empty_bin
JUNCTIONS,856,854.5,855.5,,,0.0,0.0,empty_bin
JUNCTIONS,857,855.5,856.5,,,0.0,0.0,empty_bin
JUNCTIONS,858,856.5,857.5,,,0.0,0.0,empty_bin
JUNCTIONS,859,857.5,858.5,,,0.0,0.0,empty_bin
JUNCTIONS,860,858.5,859.5,,,0.0,0.0,empty_bin
JUNCTIONS,861,859.5,860.5,,,0.0,0.0,empty_bin
JUNCTIONS,862,860.5,861.5,,,0.0,0.0,empty_bin
JUNCTIONS,863,861.5,862.5,,,0.0,0.0,empty_bin
JUNCTIONS,864,862.5,863.5,,,0.0,0.0,empty_bin
JUNCTIONS,865,863.5,864.5,,,0.0,0.0,empty_bin
JUNCTIONS,866,864.5,865.5,,,0.0,0.0,empty_bin
JUNCTIONS,867,865.5,866.5,,,0.0,0.0,empty_bin
JUNCTIONS,868,866.5,867.5,,,0.0,0.0,empty_bin
JUNCTIONS,869,867.5,868.5,,,0.0,0.0,empty_bin
JUNCTIONS,870,868.5,869.5,,,0.0,0.0,empty_bin
JUNCTIONS,871,869.5,870.5,,,0.0,0.0,empty_bin
JUNCTIONS,872,870.5,871.5,,,0.0,0.0,empty_bin
JUNCTIONS,873,871.5,872.5,,,0.0,0.0,empty_bin
JUNCTIONS,874,872.5,873.5,,,0.0,0.0,empty_bin
JUNCTIONS,875,873.5,874.5,,,0.0,0.0,empty_bin
JUNCTIONS,876,874.5,875.5,,,0.0,0.0,empty_bin
JUNCTIONS,877,875.5,876.5,,,0.0,0.0,empty_bin
JUNCTIONS,878,876.5,877.5,,,0.0,0.0,empty_bin
JUNCTIONS,879,877.5,878.5,,,0.0,0.0,empty_bin
JUNCTIONS,880,878.5,879.5,,,0.0,0.0,empty_bin
JUNCTIONS,881,879.5,880.5,,,0.0,0.0,empty_bin
JUNCTIONS,882,880.5,881.5,,,0.0,0.0,empty_bin
JUNCTIONS,883,881.5,882.5,,,0.0,0.0,empty_bin
JUNCTIONS,884,882.5,883.5,,,0.0,0.0,empty_bin
JUNCTIONS,885,883.5,884.5,,,0.0,0.0,empty_bin
JUNCTIONS,886,884.5,885.5,,,0.0,0.0,empty_bin
JUNCTIONS,887,885.5,886.5,,,0.0,0.0,empty_bin
JUNCTIONS,888,886.5,887.5,,,0.0,0.0,empty_bin
JUNCTIONS,889,887.5,888.5,,,0.0,0.0,empty_bin
JUNCTIONS,890,888.5,889.5,,,0.0,0.0,empty_bin
JUNCTIONS,891,889.5,890.5,,,0.0,0.0,empty_bin
JUNCTIONS,892,890.5,891.5,,,0.0,0.0,empty_bin
JUNCTIONS,893,891.5,892.5,,,0.0,0.0,empty_bin
JUNCTIONS,894,892.5,893.5,,,0.0,0.0,empty_bin
JUNCTIONS,895,893.5,894.5,,,0.0,0.0,empty_bin
JUNCTIONS,896,894.5,895.5,,,0.0,0.0,empty_bin
JUNCTIONS,897,895.5,896.5,,,0.0,0.0,empty_bin
JUNCTIONS,898,896.5,897.5,,,0.0,0.0,empty_bin
JUNCTIONS,899,897.5,898.5,,,0.0,0.0,empty_bin
JUNCTIONS,900,898.5,899.5,,,0.0,0.0,empty_bin
JUNCTIONS,901,899.5,900.5,,,0.0,0.0,empty_bin
JUNCTIONS,902,900.5,901.5,,,0.0,0.0,empty_bin
JUNCTIONS,903,901.5,902.5,,,0.0,0.0,empty_bin
JUNCTIONS,904,902.5,903.5,,,0.0,0.0,empty_bin
JUNCTIONS,905,903.5,904.5,,,0.0,0.0,empty_bin
JUNCTIONS,906,904.5,905.5,,,0.0,0.0,empty_bin
JUNCTIONS,907,905.5,906.5,,,0.0,0.0,empty_bin
JUNCTIONS,908,906.5,907.5,,,0.0,0.0,empty_bin
JUNCTIONS,909,907.5,908.5,,,0.0,0.0,empty_bin
JUNCTIONS,910,908.5,909.5,,,0.0,0.0,empty_bin
JUNCTIONS,911,909.5,910.5,,,0.0,0.0,empty_bin
JUNCTIONS,912,910.5,911.5,,,0.0,0.0,empty_bin
JUNCTIONS,913,911.5,912.5,,,0.0,0.0,empty_bin
JUNCTIONS,914,912.5,913.5,,,0.0,0.0,empty_bin
JUNCTIONS,915,913.5,914.5,,,0.0,0.0,empty_bin
JUNCTIONS,916,914.5,915.5,,,0.0,0.0,empty_bin
JUNCTIONS,917,915.5,916.5,,,0.0,0.0,empty_bin
JUNCTIONS,918,916.5,917.5,,,0.0,0.0,empty_bin
JUNCTIONS,919,917.5,918.5,,,0.0,0.0,empty_bin
JUNCTIONS,920,918.5,919.5,,,0.0,0.0,empty_bin
JUNCTIONS,921,919.5,920.5,,,0.0,0.0,empty_bin
JUNCTIONS,922,920.5,921.5,,,0.0,0.0,empty_bin
JUNCTIONS,923,921.5,922.5,,,0.0,0.0,empty_bin
JUNCTIONS,924,922.5,923.5,,,0.0,0.0,empty_bin
JUNCTIONS,925,923.5,924.5,,,0.0,0.0,empty_bin
JUNCTIONS,926,924.5,925.5,,,0.0,0.0,empty_bin
JUNCTIONS,927,925.5,926.5,,,0.0,0.0,empty_bin
JUNCTIONS,928,926.5,927.5,,,0.0,0.0,empty_bin
JUNCTIONS,929,927.5,928.5,,,0.0,0.0,empty_bin
JUNCTIONS,930,928.5,929.5,,,0.0,0.0,empty_bin
JUNCTIONS,931,929.5,930.5,,,0.0,0.0,empty_bin
JUNCTIONS,932,930.5,931.5,,,0.0,0.0,empty_bin
JUNCTIONS,933,931.5,932.5,,,0.0,0.0,empty_bin
JUNCTIONS,934,932.5,933.5,,,0.0,0.0,empty_bin
JUNCTIONS,935,933.5,934.5,,,0.0,0.0,empty_bin
JUNCTIONS,936,934.5,935.5,,,0.0,0.0,empty_bin
JUNCTIONS,937,935.5,936.5,,,0.0,0.0,empty_bin
JUNCTIONS,938,936.5,937.5,,,0.0,0.0,empty_bin
JUNCTIONS,939,937.5,938.5,,,0.0,0.0,empty_bin
JUNCTIONS,940,938.5,939.5,,,0.0,0.0,empty_bin
JUNCTIONS,941,939.5,940.5,,,0.0,0.0,empty_bin
JUNCTIONS,942,940.5,941.5,,,0.0,0.0,empty_bin
JUNCTIONS,943,941.5,942.5,,,0.0,0.0,empty_bin
JUNCTIONS,944,942.5,943.5,,,0.0,0.0,empty_bin
JUNCTIONS,945,943.5,944.5,,,0.0,0.0,empty_bin
JUNCTIONS,946,944.5,945.5,,,0.0,0.0,empty_bin
JUNCTIONS,947,945.5,946.5,,,0.0,0.0,empty_bin
JUNCTIONS,948,946.5,947.5,,,0.0,0.0,empty_bin
JUNCTIONS,949,947.5,948.5,,,0.0,0.0,empty_bin
JUNCTIONS,950,948.5,949.5,,,0.0,0.0,empty_bin
JUNCTIONS,951,949.5,950.5,,,0.0,0.0,empty_bin
JUNCTIONS,952,950.5,951.5,,,0.0,0.0,empty_bin
JUNCTIONS,953,951.5,952.5,,,0.0,0.0,empty_bin
JUNCTIONS,954,952.5,953.5,,,0.0,0.0,empty_bin
JUNCTIONS,955,953.5,954.5,,,0.0,0.0,empty_bin
JUNCTIONS,956,954.5,955.5,,,0.0,0.0,empty_bin
JUNCTIONS,957,955.5,956.5,,,0.0,0.0,empty_bin
JUNCTIONS,958,956.5,957.5,,,0.0,0.0,empty_bin
JUNCTIONS,959,957.5,958.5,,,0.0,0.0,empty_bin
JUNCTIONS,960,958.5,959.5,,,0.0,0.0,empty_bin
JUNCTIONS,961,959.5,960.5,,,0.0,0.0,empty_bin
JUNCTIONS,962,960.5,961.5,,,0.0,0.0,empty_bin
JUNCTIONS,963,961.5,962.5,,,0.0,0.0,empty_bin
JUNCTIONS,964,962.5,963.5,,,0.0,0.0,empty_bin
JUNCTIONS,965,963.5,964.5,,,0.0,0.0,empty_bin
JUNCTIONS,966,964.5,965.5,,,0.0,0.0,empty_bin
JUNCTIONS,967,965.5,966.5,,,0.0,0.0,empty_bin
JUNCTIONS,968,966.5,967.5,,,0.0,0.0,empty_bin
JUNCTIONS,969,967.5,968.5,,,0.0,0.0,empty_bin
JUNCTIONS,970,968.5,969.5,,,0.0,0.0,empty_bin
JUNCTIONS,971,969.5,970.5,,,0.0,0.0,empty_bin
JUNCTIONS,972,970.5,971.5,,,0.0,0.0,empty_bin
JUNCTIONS,973,971.5,972.5,,,0.0,0.0,empty_bin
JUNCTIONS,974,972.5,973.5,,,0.0,0.0,empty_bin
JUNCTIONS,975,973.5,974.5,,,0.0,0.0,empty_bin
JUNCTIONS,976,974.5,975.5,,,0.0,0.0,empty_bin
JUNCTIONS,977,975.5,976.5,,,0.0,0.0,empty_bin
JUNCTIONS,978,976.5,977.5,,,0.0,0.0,empty_bin
JUNCTIONS,979,977.5,978.5,,,0.0,0.0,empty_bin
JUNCTIONS,980,978.5,979.5,,,0.0,0.0,empty_bin
JUNCTIONS,981,979.5,980.5,,,0.0,0.0,empty_bin
JUNCTIONS,982,980.5,981.5,,,0.0,0.0,empty_bin
JUNCTIONS,983,981.5,982.5,,,0.0,0.0,empty_bin
JUNCTIONS,984,982.5,983.5,,,0.0,0.0,empty_bin
JUNCTIONS,985,983.5,984.5,,,0.0,0.0,empty_bin
JUNCTIONS,986,984.5,985.5,,,0.0,0.0,empty_bin
JUNCTIONS,987,985.5,986.5,,,0.0,0.0,empty_bin
JUNCTIONS,988,986.5,987.5,,,0.0,0.0,empty_bin
JUNCTIONS,989,987.5,988.5,,,0.0,0.0,empty_bin
JUNCTIONS,990,988.5,989.5,,,0.0,0.0,empty_bin
JUNCTIONS,991,989.5,990.5,,,0.0,0.0,empty_bin
JUNCTIONS,992,990.5,991.5,,,0.0,0.0,empty_bin
JUNCTIONS,993,991.5,992.5,,,0.0,0.0,empty_bin
JUNCTIONS,994,992.5,993.5,,,0.0,0.0,empty_bin
JUNCTIONS,995,993.5,994.5,,,0.0,0.0,empty_bin
JUNCTIONS,996,994.5,995.5,,,0.0,0.0,empty_bin
JUNCTIONS,997,995.5,996.5,,,0.0,0.0,empty_bin
JUNCTIONS,998,996.5,997.5,,,0.0,0.0,empty_bin
JUNCTIONS,999,997.5,998.5,,,0.0,0.0,empty_bin
JUNCTIONS,1000,998.5,999.5,,,0.0,0.0,empty_bin
JUNCTIONS,1001,999.5,1000.5,,,0.0,0.0,empty_bin
JUNCTIONS,1002,1000.5,1001.5,,,0.0,0.0,empty_bin
JUNCTIONS,1003,1001.5,1002.5,,,0.0,0.0,empty_bin
JUNCTIONS,1004,1002.5,1003.5,,,0.0,0.0,empty_bin
JUNCTIONS,1005,1003.5,1004.5,,,0.0,0.0,empty_bin
JUNCTIONS,1006,1004.5,1005.5,,,0.0,0.0,empty_bin
JUNCTIONS,1007,1005.5,1006.5,,,0.0,0.0,empty_bin
JUNCTIONS,1008,1006.5,1007.5,,,0.0,0.0,empty_bin
JUNCTIONS,1009,1007.5,1008.5,,,0.0,0.0,empty_bin
JUNCTIONS,1010,1008.5,1009.5,,,0.0,0.0,empty_bin
JUNCTIONS,1011,1009.5,1010.5,,,0.0,0.0,empty_bin
JUNCTIONS,1012,1010.5,1011.5,,,0.0,0.0,empty_bin
JUNCTIONS,1013,1011.5,1012.5,,,0.0,0.0,empty_bin
JUNCTIONS,1014,1012.5,1013.5,,,0.0,0.0,empty_bin
JUNCTIONS,1015,1013.5,1014.5,,,0.0,0.0,empty_bin
JUNCTIONS,1016,1014.5,1015.5,,,0.0,0.0,empty_bin
JUNCTIONS,1017,1015.5,1016.5,,,0.0,0.0,empty_bin
JUNCTIONS,1018,1016.5,1017.5,,,0.0,0.0,empty_bin
JUNCTIONS,1019,1017.5,1018.5,,,0.0,0.0,empty_bin
JUNCTIONS,1020,1018.5,1019.5,,,0.0,0.0,empty_bin
JUNCTIONS,1021,1019.5,1020.5,,,0.0,0.0,empty_bin
JUNCTIONS,1022,1020.5,1021.5,,,0.0,0.0,empty_bin
JUNCTIONS,1023,1021.5,1022.5,,,0.0,0.0,empty_bin
JUNCTIONS,1024,1022.5,1023.5,,,0.0,0.0,empty_bin
JUNCTIONS,1025,1023.5,1024.5,,,0.0,0.0,empty_bin
JUNCTIONS,1026,1024.5,1025.5,,,0.0,0.0,empty_bin
JUNCTIONS,1027,1025.5,1026.5,,,0.0,0.0,empty_bin
JUNCTIONS,1028,1026.5,1027.5,,,0.0,0.0,empty_bin
JUNCTIONS,1029,1027.5,1028.5,,,0.0,0.0,empty_bin
JUNCTIONS,1030,1028.5,1029.5,,,0.0,0.0,empty_bin
JUNCTIONS,1031,1029.5,1030.5,,,0.0,0.0,empty_bin
JUNCTIONS,1032,1030.5,1031.5,,,0.0,0.0,empty_bin
JUNCTIONS,1033,1031.5,1032.5,,,0.0,0.0,empty_bin
JUNCTIONS,1034,1032.5,1033.5,,,0.0,0.0,empty_bin
JUNCTIONS,1035,1033.5,1034.5,,,0.0,0.0,empty_bin
JUNCTIONS,1036,1034.5,1035.5,,,0.0,0.0,empty_bin
JUNCTIONS,1037,1035.5,1036.5,,,0.0,0.0,empty_bin
JUNCTIONS,1038,1036.5,1037.5,,,0.0,0.0,empty_bin
JUNCTIONS,1039,1037.5,1038.5,,,0.0,0.0,empty_bin
JUNCTIONS,1040,1038.5,1039.5,,,0.0,0.0,empty_bin
JUNCTIONS,1041,1039.5,1040.5,,,0.0,0.0,empty_bin
JUNCTIONS,1042,1040.5,1041.5,,,0.0,0.0,empty_bin
JUNCTIONS,1043,1041.5,1042.5,,,0.0,0.0,empty_bin
JUNCTIONS,1044,1042.5,1043.5,,,0.0,0.0,empty_bin
JUNCTIONS,1045,1043.5,1044.5,,,0.0,0.0,empty_bin
JUNCTIONS,1046,1044.5,1045.5,,,0.0,0.0,empty_bin
JUNCTIONS,1047,1045.5,1046.5,,,0.0,0.0,empty_bin
JUNCTIONS,1048,1046.5,1047.5,,,0.0,0.0,empty_bin
JUNCTIONS,1049,1047.5,1048.5,,,0.0,0.0,empty_bin
JUNCTIONS,1050,1048.5,1049.5,,,0.0,0.0,empty_bin
JUNCTIONS,1051,1049.5,1050.5,,,0.0,0.0,empty_bin
JUNCTIONS,1052,1050.5,1051.5,,,0.0,0.0,empty_bin
JUNCTIONS,1053,1051.5,1052.5,,,0.0,0.0,empty_bin
JUNCTIONS,1054,1052.5,1053.5,,,0.0,0.0,empty_bin
JUNCTIONS,1055,1053.5,1054.5,,,0.0,0.0,empty_bin
JUNCTIONS,1056,1054.5,1055.5,,,0.0,0.0,empty_bin
JUNCTIONS,1057,1055.5,1056.5,,,0.0,0.0,empty_bin
JUNCTIONS,1058,1056.5,1057.5,,,0.0,0.0,empty_bin
JUNCTIONS,1059,1057.5,1058.5,,,0.0,0.0,empty_bin
JUNCTIONS,1060,1058.5,1059.5,,,0.0,0.0,empty_bin
JUNCTIONS,1061,1059.5,1060.5,,,0.0,0.0,empty_bin
JUNCTIONS,1062,1060.5,1061.5,,,0.0,0.0,empty_bin
JUNCTIONS,1063,1061.5,1062.5,,,0.0,0.0,empty_bin
JUNCTIONS,1064,1062.5,1063.5,,,0.0,0.0,empty_bin
JUNCTIONS,1065,1063.5,1064.5,,,0.0,0.0,empty_bin
JUNCTIONS,1066,1064.5,1065.5,,,0.0,0.0,empty_bin
JUNCTIONS,1067,1065.5,1066.5,,,0.0,0.0,empty_bin
JUNCTIONS,1068,1066.5,1067.5,,,0.0,0.0,empty_bin
JUNCTIONS,1069,1067.5,1068.5,,,0.0,0.0,empty_bin
JUNCTIONS,1070,1068.5,1069.5,,,0.0,0.0,empty_bin
JUNCTIONS,1071,1069.5,1070.5,,,0.0,0.0,empty_bin
JUNCTIONS,1072,1070.5,1071.5,,,0.0,0.0,empty_bin
JUNCTIONS,1073,1071.5,1072.5,,,0.0,0.0,empty_bin
JUNCTIONS,1074,1072.5,1073.5,,,0.0,0.0,empty_bin
JUNCTIONS,1075,1073.5,1074.5,,,0.0,0.0,empty_bin
JUNCTIONS,1076,1074.5,1075.5,,,0.0,0.0,empty_bin
JUNCTIONS,1077,1075.5,1076.5,,,0.0,0.0,empty_bin
JUNCTIONS,1078,1076.5,1077.5,,,0.0,0.0,empty_bin
JUNCTIONS,1079,1077.5,1078.5,,,0.0,0.0,empty_bin
JUNCTIONS,1080,1078.5,1079.5,,,0.0,0.0,empty_bin
JUNCTIONS,1081,1079.5,1080.5,,,0.0,0.0,empty_bin
JUNCTIONS,1082,1080.5,1081.5,,,0.0,0.0,empty_bin
JUNCTIONS,1083,1081.5,1082.5,,,0.0,0.0,empty_bin
JUNCTIONS,1084,1082.5,1083.5,,,0.0,0.0,empty_bin
JUNCTIONS,1085,1083.5,1084.5,,,0.0,0.0,empty_bin
JUNCTIONS,1086,1084.5,1085.5,,,0.0,0.0,empty_bin
JUNCTIONS,1087,1085.5,1086.5,,,0.0,0.0,empty_bin
JUNCTIONS,1088,1086.5,1087.5,,,0.0,0.0,empty_bin
JUNCTIONS,1089,1087.5,1088.5,,,0.0,0.0,empty_bin
JUNCTIONS,1090,1088.5,1089.5,,,0.0,0.0,empty_bin
JUNCTIONS,1091,1089.5,1090.5,,,0.0,0.0,empty_bin
JUNCTIONS,1092,1090.5,1091.5,,,0.0,0.0,empty_bin
JUNCTIONS,1093,1091.5,1092.5,,,0.0,0.0,empty_bin
JUNCTIONS,1094,1092.5,1093.5,,,0.0,0.0,empty_bin
JUNCTIONS,1095,1093.5,1094.5,,,0.0,0.0,empty_bin
JUNCTIONS,1096,1094.5,1095.5,,,0.0,0.0,empty_bin
JUNCTIONS,1097,1095.5,1096.5,,,0.0,0.0,empty_bin
JUNCTIONS,1098,1096.5,1097.5,,,0.0,0.0,empty_bin
JUNCTIONS,1099,1097.5,1098.5,,,0.0,0.0,empty_bin
JUNCTIONS,1100,1098.5,1099.5,,,0.0,0.0,empty_bin
JUNCTIONS,1101,1099.5,1100.5,,,0.0,0.0,empty_bin
JUNCTIONS,1102,1100.5,1101.5,,,0.0,0.0,empty_bin
JUNCTIONS,1103,1101.5,1102.5,,,0.0,0.0,empty_bin
JUNCTIONS,1104,1102.5,1103.5,,,0.0,0.0,empty_bin
JUNCTIONS,1105,1103.5,1104.5,,,0.0,0.0,empty_bin
JUNCTIONS,1106,1104.5,1105.5,,,0.0,0.0,empty_bin
JUNCTIONS,1107,1105.5,1106.5,,,0.0,0.0,empty_bin
JUNCTIONS,1108,1106.5,1107.5,,,0.0,0.0,empty_bin
JUNCTIONS,1109,1107.5,1108.5,,,0.0,0.0,empty_bin
JUNCTIONS,1110,1108.5,1109.5,,,0.0,0.0,empty_bin
JUNCTIONS,1111,1109.5,1110.5,,,0.0,0.0,empty_bin
JUNCTIONS,1112,1110.5,1111.5,,,0.0,0.0,empty_bin
JUNCTIONS,1113,1111.5,1112.5,,,0.0,0.0,empty_bin
JUNCTIONS,1114,1112.5,1113.5,,,0.0,0.0,empty_bin
JUNCTIONS,1115,1113.5,1114.5,,,0.0,0.0,empty_bin
JUNCTIONS,1116,1114.5,1115.5,,,0.0,0.0,empty_bin
JUNCTIONS,1117,1115.5,1116.5,,,0.0,0.0,empty_bin
JUNCTIONS,1118,1116.5,1117.5,,,0.0,0.0,empty_bin
JUNCTIONS,1119,1117.5,1118.5,,,0.0,0.0,empty_bin
JUNCTIONS,1120,1118.5,1119.5,,,0.0,0.0,empty_bin
JUNCTIONS,1121,1119.5,1120.5,,,0.0,0.0,empty_bin
JUNCTIONS,1122,1120.5,1121.5,,,0.0,0.0,empty_bin
JUNCTIONS,1123,1121.5,1122.5,,,0.0,0.0,empty_bin
JUNCTIONS,1124,1122.5,1123.5,,,0.0,0.0,empty_bin
JUNCTIONS,1125,1123.5,1124.5,,,0.0,0.0,empty_bin
JUNCTIONS,1126,1124.5,1125.5,,,0.0,0.0,empty_bin
JUNCTIONS,1127,1125.5,1126.5,,,0.0,0.0,empty_bin
JUNCTIONS,1128,1126.5,1127.5,,,0.0,0.0,empty_bin
JUNCTIONS,1129,1127.5,1128.5,,,0.0,0.0,empty_bin
JUNCTIONS,1130,1128.5,1129.5,,,0.0,0.0,empty_bin
JUNCTIONS,1131,1129.5,1130.5,,,0.0,0.0,empty_bin
JUNCTIONS,1132,1130.5,1131.5,,,0.0,0.0,empty_bin
JUNCTIONS,1133,1131.5,1132.5,,,0.0,0.0,empty_bin
JUNCTIONS,1134,1132.5,1133.5,,,0.0,0.0,empty_bin
JUNCTIONS,1135,1133.5,1134.5,,,0.0,0.0,empty_bin
JUNCTIONS,1136,1134.5,1135.5,,,0.0,0.0,empty_bin
JUNCTIONS,1137,1135.5,1136.5,,,0.0,0.0,empty_bin
JUNCTIONS,1138,1136.5,1137.5,,,0.0,0.0,empty_bin
JUNCTIONS,1139,1137.5,1138.5,,,0.0,0.0,empty_bin
JUNCTIONS,1140,1138.5,1139.5,,,0.0,0.0,empty_bin
JUNCTIONS,1141,1139.5,1140.5,,,0.0,0.0,empty_bin
JUNCTIONS,1142,1140.5,1141.5,,,0.0,0.0,empty_bin
JUNCTIONS,1143,1141.5,1142.5,,,0.0,0.0,empty_bin
JUNCTIONS,1144,1142.5,1143.5,,,0.0,0.0,empty_bin
JUNCTIONS,1145,1143.5,1144.5,,,0.0,0.0,empty_bin
JUNCTIONS,1146,1144.5,1145.5,,,0.0,0.0,empty_bin
JUNCTIONS,1147,1145.5,1146.5,,,0.0,0.0,empty_bin
JUNCTIONS,1148,1146.5,1147.5,,,0.0,0.0,empty_bin
JUNCTIONS,1149,1147.5,1148.5,,,0.0,0.0,empty_bin
JUNCTIONS,1150,1148.5,1149.5,,,0.0,0.0,empty_bin
JUNCTIONS,1151,1149.5,1150.5,,,0.0,0.0,empty_bin
JUNCTIONS,1152,1150.5,1151.5,,,0.0,0.0,empty_bin
JUNCTIONS,1153,1151.5,1152.5,,,0.0,0.0,empty_bin
JUNCTIONS,1154,1152.5,1153.5,,,0.0,0.0,empty_bin
JUNCTIONS,1155,1153.5,1154.5,,,0.0,0.0,empty_bin
JUNCTIONS,1156,1154.5,1155.5,,,0.0,0.0,empty_bin
JUNCTIONS,1157,1155.5,1156.5,,,0.0,0.0,empty_bin
JUNCTIONS,1158,1156.5,1157.5,,,0.0,0.0,empty_bin
JUNCTIONS,1159,1157.5,1158.5,,,0.0,0.0,empty_bin
JUNCTIONS,1160,1158.5,1159.5,,,0.0,0.0,empty_bin
JUNCTIONS,1161,1159.5,1160.5,,,0.0,0.0,empty_bin
JUNCTIONS,1162,1160.5,1161.5,,,0.0,0.0,empty_bin
JUNCTIONS,1163,1161.5,1162.5,,,0.0,0.0,empty_bin
JUNCTIONS,1164,1162.5,1163.5,,,0.0,0.0,empty_bin
JUNCTIONS,1165,1163.5,1164.5,,,0.0,0.0,empty_bin
JUNCTIONS,1166,1164.5,1165.5,,,0.0,0.0,empty_bin
JUNCTIONS,1167,1165.5,1166.5,,,0.0,0.0,empty_bin
JUNCTIONS,1168,1166.5,1167.5,,,0.0,0.0,empty_bin
JUNCTIONS,1169,1167.5,1168.5,,,0.0,0.0,empty_bin
JUNCTIONS,1170,1168.5,1169.5,,,0.0,0.0,empty_bin
JUNCTIONS,1171,1169.5,1170.5,,,0.0,0.0,empty_bin
JUNCTIONS,1172,1170.5,1171.5,,,0.0,0.0,empty_bin
JUNCTIONS,1173,1171.5,1172.5,,,0.0,0.0,empty_bin
JUNCTIONS,1174,1172.5,1173.5,,,0.0,0.0,empty_bin
JUNCTIONS,1175,1173.5,1174.5,,,0.0,0.0,empty_bin
JUNCTIONS,1176,1174.5,1175.5,,,0.0,0.0,empty_bin
JUNCTIONS,1177,1175.5,1176.5,,,0.0,0.0,empty_bin
JUNCTIONS,1178,1176.5,1177.5,,,0.0,0.0,empty_bin
JUNCTIONS,1179,1177.5,1178.5,,,0.0,0.0,empty_bin
JUNCTIONS,1180,1178.5,1179.5,,,0.0,0.0,empty_bin
JUNCTIONS,1181,1179.5,1180.5,,,0.0,0.0,empty_bin
JUNCTIONS,1182,1180.5,1181.5,,,0.0,0.0,empty_bin
JUNCTIONS,1183,1181.5,1182.5,,,0.0,0.0,empty_bin
JUNCTIONS,1184,1182.5,1183.5,,,0.0,0.0,empty_bin
JUNCTIONS,1185,1183.5,1184.5,,,0.0,0.0,empty_bin
JUNCTIONS,1186,1184.5,1185.5,,,0.0,0.0,empty_bin
JUNCTIONS,1187,1185.5,1186.5,,,0.0,0.0,empty_bin
JUNCTIONS,1188,1186.5,1187.5,,,0.0,0.0,empty_bin
JUNCTIONS,1189,1187.5,1188.5,,,0.0,0.0,empty_bin
JUNCTIONS,1190,1188.5,1189.5,,,0.0,0.0,empty_bin
JUNCTIONS,1191,1189.5,1190.5,,,0.0,0.0,empty_bin
JUNCTIONS,1192,1190.5,1191.5,,,0.0,0.0,empty_bin
JUNCTIONS,1193,1191.5,1192.5,,,0.0,0.0,empty_bin
JUNCTIONS,1194,1192.5,1193.5,,,0.0,0.0,empty_bin
JUNCTIONS,1195,1193.5,1194.5,,,0.0,0.0,empty_bin
JUNCTIONS,1196,1194.5,1195.5,,,0.0,0.0,empty_bin
JUNCTIONS,1197,1195.5,1196.5,,,0.0,0.0,empty_bin
JUNCTIONS,1198,1196.5,1197.5,,,0.0,0.0,empty_bin
JUNCTIONS,1199,1197.5,1198.5,,,0.0,0.0,empty_bin
JUNCTIONS,1200,1198.5,1199.5,,,0.0,0.0,empty_bin
JUNCTIONS,1201,1199.5,1200.5,,,0.0,0.0,empty_bin
JUNCTIONS,1202,1200.5,1201.5,,,0.0,0.0,empty_bin
JUNCTIONS,1203,1201.5,1202.5,,,0.0,0.0,empty_bin
JUNCTIONS,1204,1202.5,1203.5,,,0.0,0.0,empty_bin
JUNCTIONS,1205,1203.5,1204.5,,,0.0,0.0,empty_bin
JUNCTIONS,1206,1204.5,1205.5,,,0.0,0.0,empty_bin
JUNCTIONS,1207,1205.5,1206.5,,,0.0,0.0,empty_bin
JUNCTIONS,1208,1206.5,1207.5,,,0.0,0.0,empty_bin
JUNCTIONS,1209,1207.5,1208.5,,,0.0,0.0,empty_bin
JUNCTIONS,1210,1208.5,1209.5,,,0.0,0.0,empty_bin
JUNCTIONS,1211,1209.5,1210.5,,,0.0,0.0,empty_bin
JUNCTIONS,1212,1210.5,1211.5,,,0.0,0.0,empty_bin
JUNCTIONS,1213,1211.5,1212.5,,,0.0,0.0,empty_bin
JUNCTIONS,1214,1212.5,1213.5,,,0.0,0.0,empty_bin
JUNCTIONS,1215,1213.5,1214.5,,,0.0,0.0,empty_bin
JUNCTIONS,1216,1214.5,1215.5,,,0.0,0.0,empty_bin
JUNCTIONS,1217,1215.5,1216.5,,,0.0,0.0,empty_bin
JUNCTIONS,1218,1216.5,1217.5,,,0.0,0.0,empty_bin
JUNCTIONS,1219,1217.5,1218.5,,,0.0,0.0,empty_bin
JUNCTIONS,1220,1218.5,1219.5,,,0.0,0.0,empty_bin
JUNCTIONS,1221,1219.5,1220.5,,,0.0,0.0,empty_bin
JUNCTIONS,1222,1220.5,1221.5,,,0.0,0.0,empty_bin
JUNCTIONS,1223,1221.5,1222.5,,,0.0,0.0,empty_bin
JUNCTIONS,1224,1222.5,1223.5,,,0.0,0.0,empty_bin
JUNCTIONS,1225,1223.5,1224.5,,,0.0,0.0,empty_bin
JUNCTIONS,1226,1224.5,1225.5,,,0.0,0.0,empty_bin
JUNCTIONS,1227,1225.5,1226.5,,,0.0,0.0,empty_bin
JUNCTIONS,1228,1226.5,1227.5,,,0.0,0.0,empty_bin
JUNCTIONS,1229,1227.5,1228.5,,,0.0,0.0,empty_bin
JUNCTIONS,1230,1228.5,1229.5,,,0.0,0.0,empty_bin
JUNCTIONS,1231,1229.5,1230.5,,,0.0,0.0,empty_bin
JUNCTIONS,1232,1230.5,1231.5,,,0.0,0.0,empty_bin
JUNCTIONS,1233,1231.5,1232.5,,,0.0,0.0,empty_bin
JUNCTIONS,1234,1232.5,1233.5,,,0.0,0.0,empty_bin
JUNCTIONS,1235,1233.5,1234.5,,,0.0,0.0,empty_bin
JUNCTIONS,1236,1234.5,1235.5,,,0.0,0.0,empty_bin
JUNCTIONS,1237,1235.5,1236.5,,,0.0,0.0,empty_bin
JUNCTIONS,1238,1236.5,1237.5,,,0.0,0.0,empty_bin
JUNCTIONS,1239,1237.5,1238.5,,,0.0,0.0,empty_bin
JUNCTIONS,1240,1238.5,1239.5,,,0.0,0.0,empty_bin
JUNCTIONS,1241,1239.5,1240.5,,,0.0,0.0,empty_bin
JUNCTIONS,1242,1240.5,1241.5,,,0.0,0.0,empty_bin
JUNCTIONS,1243,1241.5,1242.5,,,0.0,0.0,empty_bin
JUNCTIONS,1244,1242.5,1243.5,,,0.0,0.0,empty_bin
JUNCTIONS,1245,1243.5,1244.5,,,0.0,0.0,empty_bin
JUNCTIONS,1246,1244.5,1245.5,,,0.0,0.0,empty_bin
JUNCTIONS,1247,1245.5,1246.5,,,0.0,0.0,empty_bin
JUNCTIONS,1248,1246.5,1247.5,,,0.0,0.0,empty_bin
JUNCTIONS,1249,1247.5,1248.5,,,0.0,0.0,empty_bin
JUNCTIONS,1250,1248.5,1249.5,,,0.0,0.0,empty_bin
JUNCTIONS,1251,1249.5,1250.5,,,0.0,0.0,empty_bin
JUNCTIONS,1252,1250.5,1251.5,,,0.0,0.0,empty_bin
JUNCTIONS,1253,1251.5,1252.5,,,0.0,0.0,empty_bin
JUNCTIONS,1254,1252.5,1253.5,,,0.0,0.0,empty_bin
JUNCTIONS,1255,1253.5,1254.5,,,0.0,0.0,empty_bin
JUNCTIONS,1256,1254.5,1255.5,,,0.0,0.0,empty_bin
JUNCTIONS,1257,1255.5,1256.5,,,0.0,0.0,empty_bin
JUNCTIONS,1258,1256.5,1257.5,,,0.0,0.0,empty_bin
JUNCTIONS,1259,1257.5,1258.5,,,0.0,0.0,empty_bin
JUNCTIONS,1260,1258.5,1259.5,,,0.0,0.0,empty_bin
JUNCTIONS,1261,1259.5,1260.5,,,0.0,0.0,empty_bin
JUNCTIONS,1262,1260.5,1261.5,,,0.0,0.0,empty_bin
JUNCTIONS,1263,1261.5,1262.5,,,0.0,0.0,empty_bin
JUNCTIONS,1264,1262.5,1263.5,,,0.0,0.0,empty_bin
JUNCTIONS,1265,1263.5,1264.5,,,0.0,0.0,empty_bin
JUNCTIONS,1266,1264.5,1265.5,,,0.0,0.0,empty_bin
JUNCTIONS,1267,1265.5,1266.5,,,0.0,0.0,empty_bin
JUNCTIONS,1268,1266.5,1267.5,,,0.0,0.0,empty_bin
JUNCTIONS,1269,1267.5,1268.5,,,0.0,0.0,empty_bin
JUNCTIONS,1270,1268.5,1269.5,,,0.0,0.0,empty_bin
JUNCTIONS,1271,1269.5,1270.5,,,0.0,0.0,empty_bin
JUNCTIONS,1272,1270.5,1271.5,,,0.0,0.0,empty_bin
JUNCTIONS,1273,1271.5,1272.5,,,0.0,0.0,empty_bin
JUNCTIONS,1274,1272.5,1273.5,,,0.0,0.0,empty_bin
JUNCTIONS,1275,1273.5,1274.5,,,0.0,0.0,empty_bin
JUNCTIONS,1276,1274.5,1275.5,,,0.0,0.0,empty_bin
JUNCTIONS,1277,1275.5,1276.5,,,0.0,0.0,empty_bin
JUNCTIONS,1278,1276.5,1277.5,,,0.0,0.0,empty_bin
JUNCTIONS,1279,1277.5,1278.5,,,0.0,0.0,empty_bin
JUNCTIONS,1280,1278.5,1279.5,,,0.0,0.0,empty_bin
JUNCTIONS,1281,1279.5,1280.5,,,0.0,0.0,empty_bin
JUNCTIONS,1282,1280.5,1281.5,,,0.0,0.0,empty_bin
JUNCTIONS,1283,1281.5,1282.5,,,0.0,0.0,empty_bin
JUNCTIONS,1284,1282.5,1283.5,,,0.0,0.0,empty_bin
JUNCTIONS,1285,1283.5,1284.5,,,0.0,0.0,empty_bin
JUNCTIONS,1286,1284.5,1285.5,,,0.0,0.0,empty_bin
JUNCTIONS,1287,1285.5,1286.5,,,0.0,0.0,empty_bin
JUNCTIONS,1288,1286.5,1287.5,,,0.0,0.0,empty_bin
JUNCTIONS,1289,1287.5,1288.5,,,0.0,0.0,empty_bin
JUNCTIONS,1290,1288.5,1289.5,,,0.0,0.0,empty_bin
JUNCTIONS,1291,1289.5,1290.5,,,0.0,0.0,empty_bin
JUNCTIONS,1292,1290.5,1291.5,,,0.0,0.0,empty_bin
JUNCTIONS,1293,1291.5,1292.5,,,0.0,0.0,empty_bin
JUNCTIONS,1294,1292.5,1293.5,,,0.0,0.0,empty_bin
JUNCTIONS,1295,1293.5,1294.5,,,0.0,0.0,empty_bin
JUNCTIONS,1296,1294.5,1295.5,,,0.0,0.0,empty_bin
JUNCTIONS,1297,1295.5,1296.5,,,0.0,0.0,empty_bin
JUNCTIONS,1298,1296.5,1297.5,,,0.0,0.0,empty_bin
JUNCTIONS,1299,1297.5,1298.5,,,0.0,0.0,empty_bin
JUNCTIONS,1300,1298.5,1299.5,,,0.0,0.0,empty_bin
JUNCTIONS,1301,1299.5,1300.5,,,0.0,0.0,empty_bin
JUNCTIONS,1302,1300.5,1301.5,,,0.0,0.0,empty_bin
JUNCTIONS,1303,1301.5,1302.5,,,0.0,0.0,empty_bin
JUNCTIONS,1304,1302.5,1303.5,,,0.0,0.0,empty_bin
JUNCTIONS,1305,1303.5,1304.5,,,0.0,0.0,empty_bin
JUNCTIONS,1306,1304.5,1305.5,,,0.0,0.0,empty_bin
JUNCTIONS,1307,1305.5,1306.5,,,0.0,0.0,empty_bin
JUNCTIONS,1308,1306.5,1307.5,,,0.0,0.0,empty_bin
JUNCTIONS,1309,1307.5,1308.5,,,0.0,0.0,empty_bin
JUNCTIONS,1310,1308.5,1309.5,,,0.0,0.0,empty_bin
JUNCTIONS,1311,1309.5,1310.5,,,0.0,0.0,empty_bin
JUNCTIONS,1312,1310.5,1311.5,,,0.0,0.0,empty_bin
JUNCTIONS,1313,1311.5,1312.5,,,0.0,0.0,empty_bin
JUNCTIONS,1314,1312.5,1313.5,,,0.0,0.0,empty_bin
JUNCTIONS,1315,1313.5,1314.5,,,0.0,0.0,empty_bin
JUNCTIONS,1316,1314.5,1315.5,,,0.0,0.0,empty_bin
JUNCTIONS,1317,1315.5,1316.5,,,0.0,0.0,empty_bin
JUNCTIONS,1318,1316.5,1317.5,,,0.0,0.0,empty_bin
JUNCTIONS,1319,1317.5,1318.5,,,0.0,0.0,empty_bin
JUNCTIONS,1320,1318.5,1319.5,,,0.0,0.0,empty_bin
JUNCTIONS,1321,1319.5,1320.5,,,0.0,0.0,empty_bin
JUNCTIONS,1322,1320.5,1321.5,,,0.0,0.0,empty_bin
JUNCTIONS,1323,1321.5,1322.5,,,0.0,0.0,empty_bin
JUNCTIONS,1324,1322.5,1323.5,,,0.0,0.0,empty_bin
JUNCTIONS,1325,1323.5,1324.5,,,0.0,0.0,empty_bin
JUNCTIONS,1326,1324.5,1325.5,,,0.0,0.0,empty_bin
JUNCTIONS,1327,1325.5,1326.5,,,0.0,0.0,empty_bin
JUNCTIONS,1328,1326.5,1327.5,,,0.0,0.0,empty_bin
JUNCTIONS,1329,1327.5,1328.5,,,0.0,0.0,empty_bin
JUNCTIONS,1330,1328.5,1329.5,,,0.0,0.0,empty_bin
JUNCTIONS,1331,1329.5,1330.5,,,0.0,0.0,empty_bin
JUNCTIONS,1332,1330.5,1331.5,,,0.0,0.0,empty_bin
JUNCTIONS,1333,1331.5,1332.5,,,0.0,0.0,empty_bin
JUNCTIONS,1334,1332.5,1333.5,,,0.0,0.0,empty_bin
JUNCTIONS,1335,1333.5,1334.5,,,0.0,0.0,empty_bin
JUNCTIONS,1336,1334.5,1335.5,,,0.0,0.0,empty_bin
JUNCTIONS,1337,1335.5,1336.5,,,0.0,0.0,empty_bin
JUNCTIONS,1338,1336.5,1337.5,,,0.0,0.0,empty_bin
JUNCTIONS,1339,1337.5,1338.5,,,0.0,0.0,empty_bin
JUNCTIONS,1340,1338.5,1339.5,,,0.0,0.0,empty_bin
JUNCTIONS,1341,1339.5,1340.5,,,0.0,0.0,empty_bin
JUNCTIONS,1342,1340.5,1341.5,,,0.0,0.0,empty_bin
JUNCTIONS,1343,1341.5,1342.5,,,0.0,0.0,empty_bin
JUNCTIONS,1344,1342.5,1343.5,,,0.0,0.0,empty_bin
JUNCTIONS,1345,1343.5,1344.5,,,0.0,0.0,empty_bin
JUNCTIONS,1346,1344.5,1345.5,,,0.0,0.0,empty_bin
JUNCTIONS,1347,1345.5,1346.5,,,0.0,0.0,empty_bin
JUNCTIONS,1348,1346.5,1347.5,,,0.0,0.0,empty_bin
JUNCTIONS,1349,1347.5,1348.5,,,0.0,0.0,empty_bin
JUNCTIONS,1350,1348.5,1349.5,,,0.0,0.0,empty_bin
JUNCTIONS,1351,1349.5,1350.5,,,0.0,0.0,empty_bin
JUNCTIONS,1352,1350.5,1351.5,,,0.0,0.0,empty_bin
JUNCTIONS,1353,1351.5,1352.5,,,0.0,0.0,empty_bin
JUNCTIONS,1354,1352.5,1353.5,,,0.0,0.0,empty_bin
JUNCTIONS,1355,1353.5,1354.5,,,0.0,0.0,empty_bin
JUNCTIONS,1356,1354.5,1355.5,,,0.0,0.0,empty_bin
JUNCTIONS,1357,1355.5,1356.5,,,0.0,0.0,empty_bin
JUNCTIONS,1358,1356.5,1357.5,,,0.0,0.0,empty_bin
JUNCTIONS,1359,1357.5,1358.5,,,0.0,0.0,empty_bin
JUNCTIONS,1360,1358.5,1359.5,,,0.0,0.0,empty_bin
JUNCTIONS,1361,1359.5,1360.5,,,0.0,0.0,empty_bin
JUNCTIONS,1362,1360.5,1361.5,,,0.0,0.0,empty_bin
JUNCTIONS,1363,1361.5,1362.5,,,0.0,0.0,empty_bin
JUNCTIONS,1364,1362.5,1363.5,,,0.0,0.0,empty_bin
JUNCTIONS,1365,1363.5,1364.5,,,0.0,0.0,empty_bin
JUNCTIONS,1366,1364.5,1365.5,,,0.0,0.0,empty_bin
JUNCTIONS,1367,1365.5,1366.5,,,0.0,0.0,empty_bin
JUNCTIONS,1368,1366.5,1367.5,,,0.0,0.0,empty_bin
JUNCTIONS,1369,1367.5,1368.5,,,0.0,0.0,empty_bin
JUNCTIONS,1370,1368.5,1369.5,,,0.0,0.0,empty_bin
JUNCTIONS,1371,1369.5,1370.5,,,0.0,0.0,empty_bin
JUNCTIONS,1372,1370.5,1371.5,,,0.0,0.0,empty_bin
JUNCTIONS,1373,1371.5,1372.5,,,0.0,0.0,empty_bin
JUNCTIONS,1374,1372.5,1373.5,,,0.0,0.0,empty_bin
JUNCTIONS,1375,1373.5,1374.5,,,0.0,0.0,empty_bin
JUNCTIONS,1376,1374.5,1375.5,,,0.0,0.0,empty_bin
JUNCTIONS,1377,1375.5,1376.5,,,0.0,0.0,empty_bin
JUNCTIONS,1378,1376.5,1377.5,,,0.0,0.0,empty_bin
JUNCTIONS,1379,1377.5,1378.5,,,0.0,0.0,empty_bin
JUNCTIONS,1380,1378.5,1379.5,,,0.0,0.0,empty_bin
JUNCTIONS,1381,1379.5,1380.5,,,0.0,0.0,empty_bin
JUNCTIONS,1382,1380.5,1381.5,,,0.0,0.0,empty_bin
JUNCTIONS,1383,1381.5,1382.5,,,0.0,0.0,empty_bin
JUNCTIONS,1384,1382.5,1383.5,,,0.0,0.0,empty_bin
JUNCTIONS,1385,1383.5,1384.5,,,0.0,0.0,empty_bin
JUNCTIONS,1386,1384.5,1385.5,,,0.0,0.0,empty_bin
JUNCTIONS,1387,1385.5,1386.5,,,0.0,0.0,empty_bin
JUNCTIONS,1388,1386.5,1387.5,,,0.0,0.0,empty_bin
JUNCTIONS,1389,1387.5,1388.5,,,0.0,0.0,empty_bin
JUNCTIONS,1390,1388.5,1389.5,,,0.0,0.0,empty_bin
JUNCTIONS,1391,1389.5,1390.5,,,0.0,0.0,empty_bin
JUNCTIONS,1392,1390.5,1391.5,,,0.0,0.0,empty_bin
JUNCTIONS,1393,1391.5,1392.5,,,0.0,0.0,empty_bin
JUNCTIONS,1394,1392.5,1393.5,,,0.0,0.0,empty_bin
JUNCTIONS,1395,1393.5,1394.5,,,0.0,0.0,empty_bin
JUNCTIONS,1396,1394.5,1395.5,,,0.0,0.0,empty_bin
JUNCTIONS,1397,1395.5,1396.5,,,0.0,0.0,empty_bin
JUNCTIONS,1398,1396.5,1397.5,,,0.0,0.0,empty_bin
JUNCTIONS,1399,1397.5,1398.5,,,0.0,0.0,empty_bin
JUNCTIONS,1400,1398.5,1399.5,,,0.0,0.0,empty_bin
JUNCTIONS,1401,1399.5,1400.5,,,0.0,0.0,empty_bin
JUNCTIONS,1402,1400.5,1401.5,,,0.0,0.0,empty_bin
JUNCTIONS,1403,1401.5,1402.5,,,0.0,0.0,empty_bin
JUNCTIONS,1404,1402.5,1403.5,,,0.0,0.0,empty_bin
JUNCTIONS,1405,1403.5,1404.5,,,0.0,0.0,empty_bin
JUNCTIONS,1406,1404.5,1405.5,,,0.0,0.0,empty_bin
JUNCTIONS,1407,1405.5,1406.5,,,0.0,0.0,empty_bin
JUNCTIONS,1408,1406.5,1407.5,,,0.0,0.0,empty_bin
JUNCTIONS,1409,1407.5,1408.5,,,0.0,0.0,empty_bin
JUNCTIONS,1410,1408.5,1409.5,,,0.0,0.0,empty_bin
JUNCTIONS,1411,1409.5,1410.5,,,0.0,0.0,empty_bin
JUNCTIONS,1412,1410.5,1411.5,,,0.0,0.0,empty_bin
JUNCTIONS,1413,1411.5,1412.5,,,0.0,0.0,empty_bin
JUNCTIONS,1414,1412.5,1413.5,,,0.0,0.0,empty_bin
JUNCTIONS,1415,1413.5,1414.5,,,0.0,0.0,empty_bin
JUNCTIONS,1416,1414.5,1415.5,,,0.0,0.0,empty_bin
JUNCTIONS,1417,1415.5,1416.5,,,0.0,0.0,empty_bin
JUNCTIONS,1418,1416.5,1417.5,,,0.0,0.0,empty_bin
JUNCTIONS,1419,1417.5,1418.5,,,0.0,0.0,empty_bin
JUNCTIONS,1420,1418.5,1419.5,,,0.0,0.0,empty_bin
JUNCTIONS,1421,1419.5,1420.5,,,0.0,0.0,empty_bin
JUNCTIONS,1422,1420.5,1421.5,,,0.0,0.0,empty_bin
JUNCTIONS,1423,1421.5,1422.5,,,0.0,0.0,empty_bin
JUNCTIONS,1424,1422.5,1423.5,,,0.0,0.0,empty_bin
JUNCTIONS,1425,1423.5,1424.5,,,0.0,0.0,empty_bin
JUNCTIONS,1426,1424.5,1425.5,,,0.0,0.0,empty_bin
JUNCTIONS,1427,1425.5,1426.5,,,0.0,0.0,empty_bin
JUNCTIONS,1428,1426.5,1427.5,,,0.0,0.0,empty_bin
JUNCTIONS,1429,1427.5,1428.5,,,0.0,0.0,empty_bin
JUNCTIONS,1430,1428.5,1429.5,,,0.0,0.0,empty_bin
JUNCTIONS,1431,1429.5,1430.5,,,0.0,0.0,empty_bin
JUNCTIONS,1432,1430.5,1431.5,,,0.0,0.0,empty_bin
JUNCTIONS,1433,1431.5,1432.5,,,0.0,0.0,empty_bin
JUNCTIONS,1434,1432.5,1433.5,,,0.0,0.0,empty_bin
JUNCTIONS,1435,1433.5,1434.5,,,0.0,0.0,empty_bin
JUNCTIONS,1436,1434.5,1435.5,,,0.0,0.0,empty_bin
JUNCTIONS,1437,1435.5,1436.5,,,0.0,0.0,empty_bin
JUNCTIONS,1438,1436.5,1437.5,,,0.0,0.0,empty_bin
JUNCTIONS,1439,1437.5,1438.5,,,0.0,0.0,empty_bin
JUNCTIONS,1440,1438.5,1439.5,,,0.0,0.0,empty_bin
JUNCTIONS,1441,1439.5,1440.5,,,0.0,0.0,empty_bin
JUNCTIONS,1442,1440.5,1441.5,,,0.0,0.0,empty_bin
JUNCTIONS,1443,1441.5,1442.5,,,0.0,0.0,empty_bin
JUNCTIONS,1444,1442.5,1443.5,,,0.0,0.0,empty_bin
JUNCTIONS,1445,1443.5,1444.5,,,0.0,0.0,empty_bin
JUNCTIONS,1446,1444.5,1445.5,,,0.0,0.0,empty_bin
JUNCTIONS,1447,1445.5,1446.5,,,0.0,0.0,empty_bin
JUNCTIONS,1448,1446.5,1447.5,,,0.0,0.0,empty_bin
JUNCTIONS,1449,1447.5,1448.5,,,0.0,0.0,empty_bin
JUNCTIONS,1450,1448.5,1449.5,,,0.0,0.0,empty_bin
JUNCTIONS,1451,1449.5,1450.5,,,0.0,0.0,empty_bin
JUNCTIONS,1452,1450.5,1451.5,,,0.0,0.0,empty_bin
JUNCTIONS,1453,1451.5,1452.5,,,0.0,0.0,empty_bin
JUNCTIONS,1454,1452.5,1453.5,,,0.0,0.0,empty_bin
JUNCTIONS,1455,1453.5,1454.5,,,0.0,0.0,empty_bin
JUNCTIONS,1456,1454.5,1455.5,,,0.0,0.0,empty_bin
JUNCTIONS,1457,1455.5,1456.5,,,0.0,0.0,empty_bin
JUNCTIONS,1458,1456.5,1457.5,,,0.0,0.0,empty_bin
JUNCTIONS,1459,1457.5,1458.5,,,0.0,0.0,empty_bin
JUNCTIONS,1460,1458.5,1459.5,,,0.0,0.0,empty_bin
JUNCTIONS,1461,1459.5,1460.5,,,0.0,0.0,empty_bin
JUNCTIONS,1462,1460.5,1461.5,,,0.0,0.0,empty_bin
JUNCTIONS,1463,1461.5,1462.5,,,0.0,0.0,empty_bin
JUNCTIONS,1464,1462.5,1463.5,,,0.0,0.0,empty_bin
JUNCTIONS,1465,1463.5,1464.5,,,0.0,0.0,empty_bin
JUNCTIONS,1466,1464.5,1465.5,,,0.0,0.0,empty_bin
JUNCTIONS,1467,1465.5,1466.5,,,0.0,0.0,empty_bin
JUNCTIONS,1468,1466.5,1467.5,,,0.0,0.0,empty_bin
JUNCTIONS,1469,1467.5,1468.5,,,0.0,0.0,empty_bin
JUNCTIONS,1470,1468.5,1469.5,,,0.0,0.0,empty_bin
JUNCTIONS,1471,1469.5,1470.5,,,0.0,0.0,empty_bin
JUNCTIONS,1472,1470.5,1471.5,,,0.0,0.0,empty_bin
JUNCTIONS,1473,1471.5,1472.5,,,0.0,0.0,empty_bin
JUNCTIONS,1474,1472.5,1473.5,,,0.0,0.0,empty_bin
JUNCTIONS,1475,1473.5,1474.5,,,0.0,0.0,empty_bin
JUNCTIONS,1476,1474.5,1475.5,,,0.0,0.0,empty_bin
JUNCTIONS,1477,1475.5,1476.5,,,0.0,0.0,empty_bin
JUNCTIONS,1478,1476.5,1477.5,,,0.0,0.0,empty_bin
JUNCTIONS,1479,1477.5,1478.5,,,0.0,0.0,empty_bin
JUNCTIONS,1480,1478.5,1479.5,,,0.0,0.0,empty_bin
JUNCTIONS,1481,1479.5,1480.5,,,0.0,0.0,empty_bin
JUNCTIONS,1482,1480.5,1481.5,,,0.0,0.0,empty_bin
JUNCTIONS,1483,1481.5,1482.5,,,0.0,0.0,empty_bin
JUNCTIONS,1484,1482.5,1483.5,,,0.0,0.0,empty_bin
JUNCTIONS,1485,1483.5,1484.5,,,0.0,0.0,empty_bin
JUNCTIONS,1486,1484.5,1485.5,,,0.0,0.0,empty_bin
JUNCTIONS,1487,1485.5,1486.5,,,0.0,0.0,empty_bin
JUNCTIONS,1488,1486.5,1487.5,,,0.0,0.0,empty_bin
JUNCTIONS,1489,1487.5,1488.5,,,0.0,0.0,empty_bin
JUNCTIONS,1490,1488.5,1489.5,,,0.0,0.0,empty_bin
JUNCTIONS,1491,1489.5,1490.5,,,0.0,0.0,empty_bin
JUNCTIONS,1492,1490.5,1491.5,,,0.0,0.0,empty_bin
JUNCTIONS,1493,1491.5,1492.5,,,0.0,0.0,empty_bin
JUNCTIONS,1494,1492.5,1493.5,,,0.0,0.0,empty_bin
JUNCTIONS,1495,1493.5,1494.5,,,0.0,0.0,empty_bin
JUNCTIONS,1496,1494.5,1495.5,,,0.0,0.0,empty_bin
JUNCTIONS,1497,1495.5,1496.5,,,0.0,0.0,empty_bin
JUNCTIONS,1498,1496.5,1497.5,,,0.0,0.0,empty_bin
JUNCTIONS,1499,1497.5,1498.5,,,0.0,0.0,empty_bin
JUNCTIONS,1500,1498.5,1499.5,,,0.0,0.0,empty_bin
JUNCTIONS,1501,1499.5,1500.5,,,0.0,0.0,empty_bin
JUNCTIONS,1502,1500.5,1501.5,,,0.0,0.0,empty_bin
JUNCTIONS,1503,1501.5,1502.5,,,0.0,0.0,empty_bin
JUNCTIONS,1504,1502.5,1503.5,,,0.0,0.0,empty_bin
JUNCTIONS,1505,1503.5,1504.5,,,0.0,0.0,empty_bin
JUNCTIONS,1506,1504.5,1505.5,,,0.0,0.0,empty_bin
JUNCTIONS,1507,1505.5,1506.5,,,0.0,0.0,empty_bin
JUNCTIONS,1508,1506.5,1507.5,,,0.0,0.0,empty_bin
JUNCTIONS,1509,1507.5,1508.5,,,0.0,0.0,empty_bin
JUNCTIONS,1510,1508.5,1509.5,,,0.0,0.0,empty_bin
JUNCTIONS,1511,1509.5,1510.5,,,0.0,0.0,empty_bin
JUNCTIONS,1512,1510.5,1511.5,,,0.0,0.0,empty_bin
JUNCTIONS,1513,1511.5,1512.5,,,0.0,0.0,empty_bin
JUNCTIONS,1514,1512.5,1513.5,,,0.0,0.0,empty_bin
JUNCTIONS,1515,1513.5,1514.5,,,0.0,0.0,empty_bin
JUNCTIONS,1516,1514.5,1515.5,,,0.0,0.0,empty_bin
JUNCTIONS,1517,1515.5,1516.5,,,0.0,0.0,empty_bin
JUNCTIONS,1518,1516.5,1517.5,,,0.0,0.0,empty_bin
JUNCTIONS,1519,1517.5,1518.5,,,0.0,0.0,empty_bin
JUNCTIONS,1520,1518.5,1519.5,,,0.0,0.0,empty_bin
JUNCTIONS,1521,1519.5,1520.5,,,0.0,0.0,empty_bin
JUNCTIONS,1522,1520.5,1521.5,,,0.0,0.0,empty_bin
JUNCTIONS,1523,1521.5,1522.5,,,0.0,0.0,empty_bin
JUNCTIONS,1524,1522.5,1523.5,,,0.0,0.0,empty_bin
JUNCTIONS,1525,1523.5,1524.5,,,0.0,0.0,empty_bin
JUNCTIONS,1526,1524.5,1525.5,,,0.0,0.0,empty_bin
JUNCTIONS,1527,1525.5,1526.5,,,0.0,0.0,empty_bin
JUNCTIONS,1528,1526.5,1527.5,,,0.0,0.0,empty_bin
JUNCTIONS,1529,1527.5,1528.5,,,0.0,0.0,empty_bin
JUNCTIONS,1530,1528.5,1529.5,,,0.0,0.0,empty_bin
JUNCTIONS,1531,1529.5,1530.5,,,0.0,0.0,empty_bin
JUNCTIONS,1532,1530.5,1531.5,,,0.0,0.0,empty_bin
JUNCTIONS,1533,1531.5,1532.5,,,0.0,0.0,empty_bin
JUNCTIONS,1534,1532.5,1533.5,,,0.0,0.0,empty_bin
JUNCTIONS,1535,1533.5,1534.5,,,0.0,0.0,empty_bin
JUNCTIONS,1536,1534.5,1535.5,,,0.0,0.0,empty_bin
JUNCTIONS,1537,1535.5,1536.5,,,0.0,0.0,empty_bin
JUNCTIONS,1538,1536.5,1537.5,,,0.0,0.0,empty_bin
JUNCTIONS,1539,1537.5,1538.5,,,0.0,0.0,empty_bin
JUNCTIONS,1540,1538.5,1539.5,,,0.0,0.0,empty_bin
JUNCTIONS,1541,1539.5,1540.5,,,0.0,0.0,empty_bin
JUNCTIONS,1542,1540.5,1541.5,,,0.0,0.0,empty_bin
JUNCTIONS,1543,1541.5,1542.5,,,0.0,0.0,empty_bin
JUNCTIONS,1544,1542.5,1543.5,,,0.0,0.0,empty_bin
JUNCTIONS,1545,1543.5,1544.5,,,0.0,0.0,empty_bin
JUNCTIONS,1546,1544.5,1545.5,,,0.0,0.0,empty_bin
JUNCTIONS,1547,1545.5,1546.5,,,0.0,0.0,empty_bin
JUNCTIONS,1548,1546.5,1547.5,,,0.0,0.0,empty_bin
JUNCTIONS,1549,1547.5,1548.5,,,0.0,0.0,empty_bin
JUNCTIONS,1550,1548.5,1549.5,,,0.0,0.0,empty_bin
JUNCTIONS,1551,1549.5,1550.5,,,0.0,0.0,empty_bin
JUNCTIONS,1552,1550.5,1551.5,,,0.0,0.0,empty_bin
JUNCTIONS,1553,1551.5,1552.5,,,0.0,0.0,empty_bin
JUNCTIONS,1554,1552.5,1553.5,,,0.0,0.0,empty_bin
JUNCTIONS,1555,1553.5,1554.5,,,0.0,0.0,empty_bin
JUNCTIONS,1556,1554.5,1555.5,,,0.0,0.0,empty_bin
JUNCTIONS,1557,1555.5,1556.5,,,0.0,0.0,empty_bin
JUNCTIONS,1558,1556.5,1557.5,,,0.0,0.0,empty_bin
JUNCTIONS,1559,1557.5,1558.5,,,0.0,0.0,empty_bin
JUNCTIONS,1560,1558.5,1559.5,,,0.0,0.0,empty_bin
JUNCTIONS,1561,1559.5,1560.5,,,0.0,0.0,empty_bin
JUNCTIONS,1562,1560.5,1561.5,,,0.0,0.0,empty_bin
JUNCTIONS,1563,1561.5,1562.5,,,0.0,0.0,empty_bin
JUNCTIONS,1564,1562.5,1563.5,,,0.0,0.0,empty_bin
JUNCTIONS,1565,1563.5,1564.5,,,0.0,0.0,empty_bin
JUNCTIONS,1566,1564.5,1565.5,,,0.0,0.0,empty_bin
JUNCTIONS,1567,1565.5,1566.5,,,0.0,0.0,empty_bin
JUNCTIONS,1568,1566.5,1567.5,,,0.0,0.0,empty_bin
JUNCTIONS,1569,1567.5,1568.5,,,0.0,0.0,empty_bin
JUNCTIONS,1570,1568.5,1569.5,,,0.0,0.0,empty_bin
JUNCTIONS,1571,1569.5,1570.5,,,0.0,0.0,empty_bin
JUNCTIONS,1572,1570.5,1571.5,,,0.0,0.0,empty_bin
JUNCTIONS,1573,1571.5,1572.5,,,0.0,0.0,empty_bin
JUNCTIONS,1574,1572.5,1573.5,,,0.0,0.0,empty_bin
JUNCTIONS,1575,1573.5,1574.5,,,0.0,0.0,empty_bin
JUNCTIONS,1576,1574.5,1575.5,,,0.0,0.0,empty_bin
JUNCTIONS,1577,1575.5,1576.5,,,0.0,0.0,empty_bin
JUNCTIONS,1578,1576.5,1577.5,,,0.0,0.0,empty_bin
JUNCTIONS,1579,1577.5,1578.5,,,0.0,0.0,empty_bin
JUNCTIONS,1580,1578.5,1579.5,,,0.0,0.0,empty_bin
JUNCTIONS,1581,1579.5,1580.5,,,0.0,0.0,empty_bin
JUNCTIONS,1582,1580.5,1581.5,,,0.0,0.0,empty_bin
JUNCTIONS,1583,1581.5,1582.5,,,0.0,0.0,empty_bin
JUNCTIONS,1584,1582.5,1583.5,,,0.0,0.0,empty_bin
JUNCTIONS,1585,1583.5,1584.5,,,0.0,0.0,empty_bin
JUNCTIONS,1586,1584.5,1585.5,,,0.0,0.0,empty_bin
JUNCTIONS,1587,1585.5,1586.5,,,0.0,0.0,empty_bin
JUNCTIONS,1588,1586.5,1587.5,,,0.0,0.0,empty_bin
JUNCTIONS,1589,1587.5,1588.5,,,0.0,0.0,empty_bin
JUNCTIONS,1590,1588.5,1589.5,,,0.0,0.0,empty_bin
JUNCTIONS,1591,1589.5,1590.5,,,0.0,0.0,empty_bin
JUNCTIONS,1592,1590.5,1591.5,,,0.0,0.0,empty_bin
JUNCTIONS,1593,1591.5,1592.5,,,0.0,0.0,empty_bin
JUNCTIONS,1594,1592.5,1593.5,,,0.0,0.0,empty_bin
JUNCTIONS,1595,1593.5,1594.5,,,0.0,0.0,empty_bin
JUNCTIONS,1596,1594.5,1595.5,,,0.0,0.0,empty_bin
JUNCTIONS,1597,1595.5,1596.5,,,0.0,0.0,empty_bin
JUNCTIONS,1598,1596.5,1597.5,,,0.0,0.0,empty_bin
JUNCTIONS,1599,1597.5,1598.5,,,0.0,0.0,empty_bin
JUNCTIONS,1600,1598.5,1599.5,,,0.0,0.0,empty_bin
JUNCTIONS,1601,1599.5,1600.5,,,0.0,0.0,empty_bin
JUNCTIONS,1602,1600.5,1601.5,,,0.0,0.0,empty_bin
JUNCTIONS,1603,1601.5,1602.5,,,0.0,0.0,empty_bin
JUNCTIONS,1604,1602.5,1603.5,,,0.0,0.0,empty_bin
JUNCTIONS,1605,1603.5,1604.5,,,0.0,0.0,empty_bin
JUNCTIONS,1606,1604.5,1605.5,,,0.0,0.0,empty_bin
JUNCTIONS,1607,1605.5,1606.5,,,0.0,0.0,empty_bin
JUNCTIONS,1608,1606.5,1607.5,,,0.0,0.0,empty_bin
JUNCTIONS,1609,1607.5,1608.5,,,0.0,0.0,empty_bin
JUNCTIONS,1610,1608.5,1609.5,,,0.0,0.0,empty_bin
JUNCTIONS,1611,1609.5,1610.5,,,0.0,0.0,empty_bin
JUNCTIONS,1612,1610.5,1611.5,,,0.0,0.0,empty_bin
JUNCTIONS,1613,1611.5,1612.5,,,0.0,0.0,empty_bin
JUNCTIONS,1614,1612.5,1613.5,,,0.0,0.0,empty_bin
JUNCTIONS,1615,1613.5,1614.5,,,0.0,0.0,empty_bin
JUNCTIONS,1616,1614.5,1615.5,,,0.0,0.0,empty_bin
JUNCTIONS,1617,1615.5,1616.5,,,0.0,0.0,empty_bin
JUNCTIONS,1618,1616.5,1617.5,,,0.0,0.0,empty_bin
JUNCTIONS,1619,1617.5,1618.5,,,0.0,0.0,empty_bin
JUNCTIONS,1620,1618.5,1619.5,,,0.0,0.0,empty_bin
JUNCTIONS,1621,1619.5,1620.5,,,0.0,0.0,empty_bin
JUNCTIONS,1622,1620.5,1621.5,,,0.0,0.0,empty_bin
JUNCTIONS,1623,1621.5,1622.5,,,0.0,0.0,empty_bin
JUNCTIONS,1624,1622.5,1623.5,,,0.0,0.0,empty_bin
JUNCTIONS,1625,1623.5,1624.5,,,0.0,0.0,empty_bin
JUNCTIONS,1626,1624.5,1625.5,,,0.0,0.0,empty_bin
JUNCTIONS,1627,1625.5,1626.5,,,0.0,0.0,empty_bin
JUNCTIONS,1628,1626.5,1627.5,,,0.0,0.0,empty_bin
JUNCTIONS,1629,1627.5,1628.5,,,0.0,0.0,empty_bin
JUNCTIONS,1630,1628.5,1629.5,,,0.0,0.0,empty_bin
JUNCTIONS,1631,1629.5,1630.5,,,0.0,0.0,empty_bin
JUNCTIONS,1632,1630.5,1631.5,,,0.0,0.0,empty_bin
JUNCTIONS,1633,1631.5,1632.5,,,0.0,0.0,empty_bin
JUNCTIONS,1634,1632.5,1633.5,,,0.0,0.0,empty_bin
JUNCTIONS,1635,1633.5,1634.5,,,0.0,0.0,empty_bin
JUNCTIONS,1636,1634.5,1635.5,,,0.0,0.0,empty_bin
JUNCTIONS,1637,1635.5,1636.5,,,0.0,0.0,empty_bin
JUNCTIONS,1638,1636.5,1637.5,,,0.0,0.0,empty_bin
JUNCTIONS,1639,1637.5,1638.5,,,0.0,0.0,empty_bin
JUNCTIONS,1640,1638.5,1639.5,,,0.0,0.0,empty_bin
JUNCTIONS,1641,1639.5,1640.5,,,0.0,0.0,empty_bin
JUNCTIONS,1642,1640.5,1641.5,,,0.0,0.0,empty_bin
JUNCTIONS,1643,1641.5,1642.5,,,0.0,0.0,empty_bin
JUNCTIONS,1644,1642.5,1643.5,,,0.0,0.0,empty_bin
JUNCTIONS,1645,1643.5,1644.5,,,0.0,0.0,empty_bin
JUNCTIONS,1646,1644.5,1645.5,,,0.0,0.0,empty_bin
JUNCTIONS,1647,1645.5,1646.5,,,0.0,0.0,empty_bin
JUNCTIONS,1648,1646.5,1647.5,,,0.0,0.0,empty_bin
JUNCTIONS,1649,1647.5,1648.5,,,0.0,0.0,empty_bin
JUNCTIONS,1650,1648.5,1649.5,,,0.0,0.0,empty_bin
JUNCTIONS,1651,1649.5,1650.5,,,0.0,0.0,empty_bin
JUNCTIONS,1652,1650.5,1651.5,,,0.0,0.0,empty_bin
JUNCTIONS,1653,1651.5,1652.5,,,0.0,0.0,empty_bin
JUNCTIONS,1654,1652.5,1653.5,,,0.0,0.0,empty_bin
JUNCTIONS,1655,1653.5,1654.5,,,0.0,0.0,empty_bin
JUNCTIONS,1656,1654.5,1655.5,,,0.0,0.0,empty_bin
JUNCTIONS,1657,1655.5,1656.5,,,0.0,0.0,empty_bin
JUNCTIONS,1658,1656.5,1657.5,,,0.0,0.0,empty_bin
JUNCTIONS,1659,1657.5,1658.5,,,0.0,0.0,empty_bin
JUNCTIONS,1660,1658.5,1659.5,,,0.0,0.0,empty_bin
JUNCTIONS,1661,1659.5,1660.5,,,0.0,0.0,empty_bin
JUNCTIONS,1662,1660.5,1661.5,,,0.0,0.0,empty_bin
JUNCTIONS,1663,1661.5,1662.5,,,0.0,0.0,empty_bin
JUNCTIONS,1664,1662.5,1663.5,,,0.0,0.0,empty_bin
JUNCTIONS,1665,1663.5,1664.5,,,0.0,0.0,empty_bin
JUNCTIONS,1666,1664.5,1665.5,,,0.0,0.0,empty_bin
JUNCTIONS,1667,1665.5,1666.5,,,0.0,0.0,empty_bin
JUNCTIONS,1668,1666.5,1667.5,,,0.0,0.0,empty_bin
JUNCTIONS,1669,1667.5,1668.5,,,0.0,0.0,empty_bin
JUNCTIONS,1670,1668.5,1669.5,,,0.0,0.0,empty_bin
JUNCTIONS,1671,1669.5,1670.5,,,0.0,0.0,empty_bin
JUNCTIONS,1672,1670.5,1671.5,,,0.0,0.0,empty_bin
JUNCTIONS,1673,1671.5,1672.5,,,0.0,0.0,empty_bin
JUNCTIONS,1674,1672.5,1673.5,,,0.0,0.0,empty_bin
JUNCTIONS,1675,1673.5,1674.5,,,0.0,0.0,empty_bin
JUNCTIONS,1676,1674.5,1675.5,,,0.0,0.0,empty_bin
JUNCTIONS,1677,1675.5,1676.5,,,0.0,0.0,empty_bin
JUNCTIONS,1678,1676.5,1677.5,,,0.0,0.0,empty_bin
JUNCTIONS,1679,1677.5,1678.5,,,0.0,0.0,empty_bin
JUNCTIONS,1680,1678.5,1679.5,,,0.0,0.0,empty_bin
JUNCTIONS,1681,1679.5,1680.5,,,0.0,0.0,empty_bin
JUNCTIONS,1682,1680.5,1681.5,,,0.0,0.0,empty_bin
JUNCTIONS,1683,1681.5,1682.5,,,0.0,0.0,empty_bin
JUNCTIONS,1684,1682.5,1683.5,,,0.0,0.0,empty_bin
JUNCTIONS,1685,1683.5,1684.5,,,0.0,0.0,empty_bin
JUNCTIONS,1686,1684.5,1685.5,,,0.0,0.0,empty_bin
JUNCTIONS,1687,1685.5,1686.5,,,0.0,0.0,empty_bin
JUNCTIONS,1688,1686.5,1687.5,,,0.0,0.0,empty_bin
JUNCTIONS,1689,1687.5,1688.5,,,0.0,0.0,empty_bin
JUNCTIONS,1690,1688.5,1689.5,,,0.0,0.0,empty_bin
JUNCTIONS,1691,1689.5,1690.5,,,0.0,0.0,empty_bin
JUNCTIONS,1692,1690.5,1691.5,,,0.0,0.0,empty_bin
JUNCTIONS,1693,1691.5,1692.5,,,0.0,0.0,empty_bin
JUNCTIONS,1694,1692.5,1693.5,,,0.0,0.0,empty_bin
JUNCTIONS,1695,1693.5,1694.5,,,0.0,0.0,empty_bin
JUNCTIONS,1696,1694.5,1695.5,,,0.0,0.0,empty_bin
JUNCTIONS,1697,1695.5,1696.5,,,0.0,0.0,empty_bin
JUNCTIONS,1698,1696.5,1697.5,,,0.0,0.0,empty_bin
JUNCTIONS,1699,1697.5,1698.5,,,0.0,0.0,empty_bin
JUNCTIONS,1700,1698.5,1699.5,,,0.0,0.0,empty_bin
JUNCTIONS,1701,1699.5,1700.5,,,0.0,0.0,empty_bin
JUNCTIONS,1702,1700.5,1701.5,,,0.0,0.0,empty_bin
JUNCTIONS,1703,1701.5,1702.5,,,0.0,0.0,empty_bin
JUNCTIONS,1704,1702.5,1703.5,,,0.0,0.0,empty_bin
JUNCTIONS,1705,1703.5,1704.5,,,0.0,0.0,empty_bin
JUNCTIONS,1706,1704.5,1705.5,,,0.0,0.0,empty_bin
JUNCTIONS,1707,1705.5,1706.5,,,0.0,0.0,empty_bin
JUNCTIONS,1708,1706.5,1707.5,,,0.0,0.0,empty_bin
JUNCTIONS,1709,1707.5,1708.5,,,0.0,0.0,empty_bin
JUNCTIONS,1710,1708.5,1709.5,,,0.0,0.0,empty_bin
JUNCTIONS,1711,1709.5,1710.5,,,0.0,0.0,empty_bin
JUNCTIONS,1712,1710.5,1711.5,,,0.0,0.0,empty_bin
JUNCTIONS,1713,1711.5,1712.5,,,0.0,0.0,empty_bin
JUNCTIONS,1714,1712.5,1713.5,,,0.0,0.0,empty_bin
JUNCTIONS,1715,1713.5,1714.5,,,0.0,0.0,empty_bin
JUNCTIONS,1716,1714.5,1715.5,,,0.0,0.0,empty_bin
JUNCTIONS,1717,1715.5,1716.5,,,0.0,0.0,empty_bin
JUNCTIONS,1718,1716.5,1717.5,,,0.0,0.0,empty_bin
JUNCTIONS,1719,1717.5,1718.5,,,0.0,0.0,empty_bin
JUNCTIONS,1720,1718.5,1719.5,,,0.0,0.0,empty_bin
JUNCTIONS,1721,1719.5,1720.5,,,0.0,0.0,empty_bin
JUNCTIONS,1722,1720.5,1721.5,,,0.0,0.0,empty_bin
JUNCTIONS,1723,1721.5,1722.5,,,0.0,0.0,empty_bin
JUNCTIONS,1724,1722.5,1723.5,,,0.0,0.0,empty_bin
JUNCTIONS,1725,1723.5,1724.5,,,0.0,0.0,empty_bin
JUNCTIONS,1726,1724.5,1725.5,,,0.0,0.0,empty_bin
JUNCTIONS,1727,1725.5,1726.5,,,0.0,0.0,empty_bin
JUNCTIONS,1728,1726.5,1727.5,,,0.0,0.0,empty_bin
JUNCTIONS,1729,1727.5,1728.5,,,0.0,0.0,empty_bin
JUNCTIONS,1730,1728.5,1729.5,,,0.0,0.0,empty_bin
JUNCTIONS,1731,1729.5,1730.5,,,0.0,0.0,empty_bin
JUNCTIONS,1732,1730.5,1731.5,,,0.0,0.0,empty_bin
JUNCTIONS,1733,1731.5,1732.5,,,0.0,0.0,empty_bin
JUNCTIONS,1734,1732.5,1733.5,,,0.0,0.0,empty_bin
JUNCTIONS,1735,1733.5,1734.5,,,0.0,0.0,empty_bin
JUNCTIONS,1736,1734.5,1735.5,,,0.0,0.0,empty_bin
JUNCTIONS,1737,1735.5,1736.5,,,0.0,0.0,empty_bin
JUNCTIONS,1738,1736.5,1737.5,,,0.0,0.0,empty_bin
JUNCTIONS,1739,1737.5,1738.5,,,0.0,0.0,empty_bin
JUNCTIONS,1740,1738.5,1739.5,,,0.0,0.0,empty_bin
JUNCTIONS,1741,1739.5,1740.5,,,0.0,0.0,empty_bin
JUNCTIONS,1742,1740.5,1741.5,,,0.0,0.0,empty_bin
JUNCTIONS,1743,1741.5,1742.5,,,0.0,0.0,empty_bin
JUNCTIONS,1744,1742.5,1743.5,,,0.0,0.0,empty_bin
JUNCTIONS,1745,1743.5,1744.5,,,0.0,0.0,empty_bin
JUNCTIONS,1746,1744.5,1745.5,,,0.0,0.0,empty_bin
JUNCTIONS,1747,1745.5,1746.5,,,0.0,0.0,empty_bin
JUNCTIONS,1748,1746.5,1747.5,,,0.0,0.0,empty_bin
JUNCTIONS,1749,1747.5,1748.5,,,0.0,0.0,empty_bin
JUNCTIONS,1750,1748.5,1749.5,,,0.0,0.0,empty_bin
JUNCTIONS,1751,1749.5,1750.5,,,0.0,0.0,empty_bin
JUNCTIONS,1752,1750.5,1751.5,,,0.0,0.0,empty_bin
JUNCTIONS,1753,1751.5,1752.5,,,0.0,0.0,empty_bin
JUNCTIONS,1754,1752.5,1753.5,,,0.0,0.0,empty_bin
JUNCTIONS,1755,1753.5,1754.5,,,0.0,0.0,empty_bin
JUNCTIONS,1756,1754.5,1755.5,,,0.0,0.0,empty_bin
JUNCTIONS,1757,1755.5,1756.5,,,0.0,0.0,empty_bin
JUNCTIONS,1758,1756.5,1757.5,,,0.0,0.0,empty_bin
JUNCTIONS,1759,1757.5,1758.5,,,0.0,0.0,empty_bin
JUNCTIONS,1760,1758.5,1759.5,,,0.0,0.0,empty_bin
JUNCTIONS,1761,1759.5,1760.5,,,0.0,0.0,empty_bin
JUNCTIONS,1762,1760.5,1761.5,,,0.0,0.0,empty_bin
JUNCTIONS,1763,1761.5,1762.5,,,0.0,0.0,empty_bin
JUNCTIONS,1764,1762.5,1763.5,,,0.0,0.0,empty_bin
JUNCTIONS,1765,1763.5,1764.5,,,0.0,0.0,empty_bin
JUNCTIONS,1766,1764.5,1765.5,,,0.0,0.0,empty_bin
JUNCTIONS,1767,1765.5,1766.5,,,0.0,0.0,empty_bin
JUNCTIONS,1768,1766.5,1767.5,,,0.0,0.0,empty_bin
JUNCTIONS,1769,1767.5,1768.5,,,0.0,0.0,empty_bin
JUNCTIONS,1770,1768.5,1769.5,,,0.0,0.0,empty_bin
JUNCTIONS,1771,1769.5,1770.5,,,0.0,0.0,empty_bin
JUNCTIONS,1772,1770.5,1771.5,,,0.0,0.0,empty_bin
JUNCTIONS,1773,1771.5,1772.5,,,0.0,0.0,empty_bin
JUNCTIONS,1774,1772.5,1773.5,,,0.0,0.0,empty_bin
JUNCTIONS,1775,1773.5,1774.5,,,0.0,0.0,empty_bin
JUNCTIONS,1776,1774.5,1775.5,,,0.0,0.0,empty_bin
JUNCTIONS,1777,1775.5,1776.5,,,0.0,0.0,empty_bin
JUNCTIONS,1778,1776.5,1777.5,,,0.0,0.0,empty_bin
JUNCTIONS,1779,1777.5,1778.5,,,0.0,0.0,empty_bin
JUNCTIONS,1780,1778.5,1779.5,,,0.0,0.0,empty_bin
JUNCTIONS,1781,1779.5,1780.5,,,0.0,0.0,empty_bin
JUNCTIONS,1782,1780.5,1781.5,,,0.0,0.0,empty_bin
JUNCTIONS,1783,1781.5,1782.5,,,0.0,0.0,empty_bin
JUNCTIONS,1784,1782.5,1783.5,,,0.0,0.0,empty_bin
JUNCTIONS,1785,1783.5,1784.5,,,0.0,0.0,empty_bin
JUNCTIONS,1786,1784.5,1785.5,,,0.0,0.0,empty_bin
JUNCTIONS,1787,1785.5,1786.5,,,0.0,0.0,empty_bin
JUNCTIONS,1788,1786.5,1787.5,,,0.0,0.0,empty_bin
JUNCTIONS,1789,1787.5,1788.5,,,0.0,0.0,empty_bin
JUNCTIONS,1790,1788.5,1789.5,,,0.0,0.0,empty_bin
JUNCTIONS,1791,1789.5,1790.5,,,0.0,0.0,empty_bin
JUNCTIONS,1792,1790.5,1791.5,,,0.0,0.0,empty_bin
JUNCTIONS,1793,1791.5,1792.5,,,0.0,0.0,empty_bin
JUNCTIONS,1794,1792.5,1793.5,,,0.0,0.0,empty_bin
JUNCTIONS,1795,1793.5,1794.5,,,0.0,0.0,empty_bin
JUNCTIONS,1796,1794.5,1795.5,,,0.0,0.0,empty_bin
JUNCTIONS,1797,1795.5,1796.5,,,0.0,0.0,empty_bin
JUNCTIONS,1798,1796.5,1797.5,,,0.0,0.0,empty_bin
JUNCTIONS,1799,1797.5,1798.5,,,0.0,0.0,empty_bin
JUNCTIONS,1800,1798.5,1799.5,,,0.0,0.0,empty_bin
JUNCTIONS,1801,1799.5,1800.5,,,0.0,0.0,empty_bin
JUNCTIONS,1802,1800.5,1801.5,,,0.0,0.0,empty_bin
JUNCTIONS,1803,1801.5,1802.5,,,0.0,0.0,empty_bin
JUNCTIONS,1804,1802.5,1803.5,,,0.0,0.0,empty_bin
JUNCTIONS,1805,1803.5,1804.5,,,0.0,0.0,empty_bin
JUNCTIONS,1806,1804.5,1805.5,,,0.0,0.0,empty_bin
JUNCTIONS,1807,1805.5,1806.5,,,0.0,0.0,empty_bin
JUNCTIONS,1808,1806.5,1807.5,,,0.0,0.0,empty_bin
JUNCTIONS,1809,1807.5,1808.5,,,0.0,0.0,empty_bin
JUNCTIONS,1810,1808.5,1809.5,,,0.0,0.0,empty_bin
JUNCTIONS,1811,1809.5,1810.5,,,0.0,0.0,empty_bin
JUNCTIONS,1812,1810.5,1811.5,,,0.0,0.0,empty_bin
JUNCTIONS,1813,1811.5,1812.5,,,0.0,0.0,empty_bin
JUNCTIONS,1814,1812.5,1813.5,,,0.0,0.0,empty_bin
JUNCTIONS,1815,1813.5,1814.5,,,0.0,0.0,empty_bin
JUNCTIONS,1816,1814.5,1815.5,,,0.0,0.0,empty_bin
JUNCTIONS,1817,1815.5,1816.5,,,0.0,0.0,empty_bin
JUNCTIONS,1818,1816.5,1817.5,,,0.0,0.0,empty_bin
JUNCTIONS,1819,1817.5,1818.5,,,0.0,0.0,empty_bin
JUNCTIONS,1820,1818.5,1819.5,,,0.0,0.0,empty_bin
JUNCTIONS,1821,1819.5,1820.5,,,0.0,0.0,empty_bin
JUNCTIONS,1822,1820.5,1821.5,,,0.0,0.0,empty_bin
JUNCTIONS,1823,1821.5,1822.5,,,0.0,0.0,empty_bin
JUNCTIONS,1824,1822.5,1823.5,,,0.0,0.0,empty_bin
JUNCTIONS,1825,1823.5,1824.5,,,0.0,0.0,empty_bin
JUNCTIONS,1826,1824.5,1825.5,,,0.0,0.0,empty_bin
JUNCTIONS,1827,1825.5,1826.5,,,0.0,0.0,empty_bin
JUNCTIONS,1828,1826.5,1827.5,,,0.0,0.0,empty_bin
JUNCTIONS,1829,1827.5,1828.5,,,0.0,0.0,empty_bin
JUNCTIONS,1830,1828.5,1829.5,,,0.0,0.0,empty_bin
JUNCTIONS,1831,1829.5,1830.5,,,0.0,0.0,empty_bin
JUNCTIONS,1832,1830.5,1831.5,,,0.0,0.0,empty_bin
JUNCTIONS,1833,1831.5,1832.5,,,0.0,0.0,empty_bin
JUNCTIONS,1834,1832.5,1833.5,,,0.0,0.0,empty_bin
JUNCTIONS,1835,1833.5,1834.5,,,0.0,0.0,empty_bin
JUNCTIONS,1836,1834.5,1835.5,,,0.0,0.0,empty_bin
JUNCTIONS,1837,1835.5,1836.5,,,0.0,0.0,empty_bin
JUNCTIONS,1838,1836.5,1837.5,,,0.0,0.0,empty_bin
JUNCTIONS,1839,1837.5,1838.5,,,0.0,0.0,empty_bin
JUNCTIONS,1840,1838.5,1839.5,,,0.0,0.0,empty_bin
JUNCTIONS,1841,1839.5,1840.5,,,0.0,0.0,empty_bin
JUNCTIONS,1842,1840.5,1841.5,,,0.0,0.0,empty_bin
JUNCTIONS,1843,1841.5,1842.5,,,0.0,0.0,empty_bin
JUNCTIONS,1844,1842.5,1843.5,,,0.0,0.0,empty_bin
JUNCTIONS,1845,1843.5,1844.5,,,0.0,0.0,empty_bin
JUNCTIONS,1846,1844.5,1845.5,,,0.0,0.0,empty_bin
JUNCTIONS,1847,1845.5,1846.5,,,0.0,0.0,empty_bin
JUNCTIONS,1848,1846.5,1847.5,,,0.0,0.0,empty_bin
JUNCTIONS,1849,1847.5,1848.5,,,0.0,0.0,empty_bin
JUNCTIONS,1850,1848.5,1849.5,,,0.0,0.0,empty_bin
JUNCTIONS,1851,1849.5,1850.5,,,0.0,0.0,empty_bin
JUNCTIONS,1852,1850.5,1851.5,,,0.0,0.0,empty_bin
JUNCTIONS,1853,1851.5,1852.5,,,0.0,0.0,empty_bin
JUNCTIONS,1854,1852.5,1853.5,,,0.0,0.0,empty_bin
JUNCTIONS,1855,1853.5,1854.5,,,0.0,0.0,empty_bin
JUNCTIONS,1856,1854.5,1855.5,,,0.0,0.0,empty_bin
JUNCTIONS,1857,1855.5,1856.5,,,0.0,0.0,empty_bin
JUNCTIONS,1858,1856.5,1857.5,,,0.0,0.0,empty_bin
JUNCTIONS,1859,1857.5,1858.5,,,0.0,0.0,empty_bin
JUNCTIONS,1860,1858.5,1859.5,,,0.0,0.0,empty_bin
JUNCTIONS,1861,1859.5,1860.5,,,0.0,0.0,empty_bin
JUNCTIONS,1862,1860.5,1861.5,,,0.0,0.0,empty_bin
JUNCTIONS,1863,1861.5,1862.5,,,0.0,0.0,empty_bin
JUNCTIONS,1864,1862.5,1863.5,,,0.0,0.0,empty_bin
JUNCTIONS,1865,1863.5,1864.5,,,0.0,0.0,empty_bin
JUNCTIONS,1866,1864.5,1865.5,,,0.0,0.0,empty_bin
JUNCTIONS,1867,1865.5,1866.5,,,0.0,0.0,empty_bin
JUNCTIONS,1868,1866.5,1867.5,,,0.0,0.0,empty_bin
JUNCTIONS,1869,1867.5,1868.5,,,0.0,0.0,empty_bin
JUNCTIONS,1870,1868.5,1869.5,,,0.0,0.0,empty_bin
JUNCTIONS,1871,1869.5,1870.5,,,0.0,0.0,empty_bin
JUNCTIONS,1872,1870.5,1871.5,,,0.0,0.0,empty_bin
JUNCTIONS,1873,1871.5,1872.5,,,0.0,0.0,empty_bin
JUNCTIONS,1874,1872.5,1873.5,,,0.0,0.0,empty_bin
JUNCTIONS,1875,1873.5,1874.5,,,0.0,0.0,empty_bin
JUNCTIONS,1876,1874.5,1875.5,,,0.0,0.0,empty_bin
JUNCTIONS,1877,1875.5,1876.5,,,0.0,0.0,empty_bin
JUNCTIONS,1878,1876.5,1877.5,,,0.0,0.0,empty_bin
JUNCTIONS,1879,1877.5,1878.5,,,0.0,0.0,empty_bin
JUNCTIONS,1880,1878.5,1879.5,,,0.0,0.0,empty_bin
JUNCTIONS,1881,1879.5,1880.5,,,0.0,0.0,empty_bin
JUNCTIONS,1882,1880.5,1881.5,,,0.0,0.0,empty_bin
JUNCTIONS,1883,1881.5,1882.5,,,0.0,0.0,empty_bin
JUNCTIONS,1884,1882.5,1883.5,,,0.0,0.0,empty_bin
JUNCTIONS,1885,1883.5,1884.5,,,0.0,0.0,empty_bin
JUNCTIONS,1886,1884.5,1885.5,,,0.0,0.0,empty_bin
JUNCTIONS,1887,1885.5,1886.5,,,0.0,0.0,empty_bin
JUNCTIONS,1888,1886.5,1887.5,,,0.0,0.0,empty_bin
JUNCTIONS,1889,1887.5,1888.5,,,0.0,0.0,empty_bin
JUNCTIONS,1890,1888.5,1889.5,,,0.0,0.0,empty_bin
JUNCTIONS,1891,1889.5,1890.5,,,0.0,0.0,empty_bin
JUNCTIONS,1892,1890.5,1891.5,,,0.0,0.0,empty_bin
JUNCTIONS,1893,1891.5,1892.5,,,0.0,0.0,empty_bin
JUNCTIONS,1894,1892.5,1893.5,,,0.0,0.0,empty_bin
JUNCTIONS,1895,1893.5,1894.5,,,0.0,0.0,empty_bin
JUNCTIONS,1896,1894.5,1895.5,,,0.0,0.0,empty_bin
JUNCTIONS,1897,1895.5,1896.5,,,0.0,0.0,empty_bin
JUNCTIONS,1898,1896.5,1897.5,,,0.0,0.0,empty_bin
JUNCTIONS,1899,1897.5,1898.5,,,0.0,0.0,empty_bin
JUNCTIONS,1900,1898.5,1899.5,,,0.0,0.0,empty_bin
JUNCTIONS,1901,1899.5,1900.5,,,0.0,0.0,empty_bin
JUNCTIONS,1902,1900.5,1901.5,,,0.0,0.0,empty_bin
JUNCTIONS,1903,1901.5,1902.5,,,0.0,0.0,empty_bin
JUNCTIONS,1904,1902.5,1903.5,,,0.0,0.0,empty_bin
JUNCTIONS,1905,1903.5,1904.5,,,0.0,0.0,empty_bin
JUNCTIONS,1906,1904.5,1905.5,,,0.0,0.0,empty_bin
JUNCTIONS,1907,1905.5,1906.5,,,0.0,0.0,empty_bin
JUNCTIONS,1908,1906.5,1907.5,,,0.0,0.0,empty_bin
JUNCTIONS,1909,1907.5,1908.5,,,0.0,0.0,empty_bin
JUNCTIONS,1910,1908.5,1909.5,,,0.0,0.0,empty_bin
JUNCTIONS,1911,1909.5,1910.5,,,0.0,0.0,empty_bin
JUNCTIONS,1912,1910.5,1911.5,,,0.0,0.0,empty_bin
JUNCTIONS,1913,1911.5,1912.5,,,0.0,0.0,empty_bin
JUNCTIONS,1914,1912.5,1913.5,,,0.0,0.0,empty_bin
JUNCTIONS,1915,1913.5,1914.5,,,0.0,0.0,empty_bin
JUNCTIONS,1916,1914.5,1915.5,,,0.0,0.0,empty_bin
JUNCTIONS,1917,1915.5,1916.5,,,0.0,0.0,empty_bin
JUNCTIONS,1918,1916.5,1917.5,,,0.0,0.0,empty_bin
JUNCTIONS,1919,1917.5,1918.5,,,0.0,0.0,empty_bin
JUNCTIONS,1920,1918.5,1919.5,,,0.0,0.0,empty_bin
JUNCTIONS,1921,1919.5,1920.5,,,0.0,0.0,empty_bin
JUNCTIONS,1922,1920.5,1921.5,,,0.0,0.0,empty_bin
JUNCTIONS,1923,1921.5,1922.5,,,0.0,0.0,empty_bin
JUNCTIONS,1924,1922.5,1923.5,,,0.0,0.0,empty_bin
JUNCTIONS,1925,1923.5,1924.5,,,0.0,0.0,empty_bin
JUNCTIONS,1926,1924.5,1925.5,,,0.0,0.0,empty_bin
JUNCTIONS,1927,1925.5,1926.5,,,0.0,0.0,empty_bin
JUNCTIONS,1928,1926.5,1927.5,,,0.0,0.0,empty_bin
JUNCTIONS,1929,1927.5,1928.5,,,0.0,0.0,empty_bin
JUNCTIONS,1930,1928.5,1929.5,,,0.0,0.0,empty_bin
JUNCTIONS,1931,1929.5,1930.5,,,0.0,0.0,empty_bin
JUNCTIONS,1932,1930.5,1931.5,,,0.0,0.0,empty_bin
JUNCTIONS,1933,1931.5,1932.5,,,0.0,0.0,empty_bin
JUNCTIONS,1934,1932.5,1933.5,,,0.0,0.0,empty_bin
JUNCTIONS,1935,1933.5,1934.5,,,0.0,0.0,empty_bin
JUNCTIONS,1936,1934.5,1935.5,,,0.0,0.0,empty_bin
JUNCTIONS,1937,1935.5,1936.5,,,0.0,0.0,empty_bin
JUNCTIONS,1938,1936.5,1937.5,,,0.0,0.0,empty_bin
JUNCTIONS,1939,1937.5,1938.5,,,0.0,0.0,empty_bin
JUNCTIONS,1940,1938.5,1939.5,,,0.0,0.0,empty_bin
JUNCTIONS,1941,1939.5,1940.5,,,0.0,0.0,empty_bin
JUNCTIONS,1942,1940.5,1941.5,,,0.0,0.0,empty_bin
JUNCTIONS,1943,1941.5,1942.5,,,0.0,0.0,empty_bin
JUNCTIONS,1944,1942.5,1943.5,,,0.0,0.0,empty_bin
JUNCTIONS,1945,1943.5,1944.5,,,0.0,0.0,empty_bin
JUNCTIONS,1946,1944.5,1945.5,,,0.0,0.0,empty_bin
JUNCTIONS,1947,1945.5,1946.5,,,0.0,0.0,empty_bin
JUNCTIONS,1948,1946.5,1947.5,,,0.0,0.0,empty_bin
JUNCTIONS,1949,1947.5,1948.5,,,0.0,0.0,empty_bin
JUNCTIONS,1950,1948.5,1949.5,,,0.0,0.0,empty_bin
JUNCTIONS,1951,1949.5,1950.5,,,0.0,0.0,empty_bin
JUNCTIONS,1952,1950.5,1951.5,,,0.0,0.0,empty_bin
JUNCTIONS,1953,1951.5,1952.5,,,0.0,0.0,empty_bin
JUNCTIONS,1954,1952.5,1953.5,,,0.0,0.0,empty_bin
JUNCTIONS,1955,1953.5,1954.5,,,0.0,0.0,empty_bin
JUNCTIONS,1956,1954.5,1955.5,,,0.0,0.0,empty_bin
JUNCTIONS,1957,1955.5,1956.5,,,0.0,0.0,empty_bin
JUNCTIONS,1958,1956.5,1957.5,,,0.0,0.0,empty_bin
JUNCTIONS,1959,1957.5,1958.5,,,0.0,0.0,empty_bin
JUNCTIONS,1960,1958.5,1959.5,,,0.0,0.0,empty_bin
JUNCTIONS,1961,1959.5,1960.5,,,0.0,0.0,empty_bin
JUNCTIONS,1962,1960.5,1961.5,,,0.0,0.0,empty_bin
JUNCTIONS,1963,1961.5,1962.5,,,0.0,0.0,empty_bin
JUNCTIONS,1964,1962.5,1963.5,,,0.0,0.0,empty_bin
JUNCTIONS,1965,1963.5,1964.5,,,0.0,0.0,empty_bin
JUNCTIONS,1966,1964.5,1965.5,,,0.0,0.0,empty_bin
JUNCTIONS,1967,1965.5,1966.5,,,0.0,0.0,empty_bin
JUNCTIONS,1968,1966.5,1967.5,,,0.0,0.0,empty_bin
JUNCTIONS,1969,1967.5,1968.5,,,0.0,0.0,empty_bin
JUNCTIONS,1970,1968.5,1969.5,,,0.0,0.0,empty_bin
JUNCTIONS,1971,1969.5,1970.5,,,0.0,0.0,empty_bin
JUNCTIONS,1972,1970.5,1971.5,,,0.0,0.0,empty_bin
JUNCTIONS,1973,1971.5,1972.5,,,0.0,0.0,empty_bin
JUNCTIONS,1974,1972.5,1973.5,,,0.0,0.0,empty_bin
JUNCTIONS,1975,1973.5,1974.5,,,0.0,0.0,empty_bin
JUNCTIONS,1976,1974.5,1975.5,,,0.0,0.0,empty_bin
JUNCTIONS,1977,1975.5,1976.5,,,0.0,0.0,empty_bin
JUNCTIONS,1978,1976.5,1977.5,,,0.0,0.0,empty_bin
JUNCTIONS,1979,1977.5,1978.5,,,0.0,0.0,empty_bin
JUNCTIONS,1980,1978.5,1979.5,,,0.0,0.0,empty_bin
JUNCTIONS,1981,1979.5,1980.5,,,0.0,0.0,empty_bin
JUNCTIONS,1982,1980.5,1981.5,,,0.0,0.0,empty_bin
JUNCTIONS,1983,1981.5,1982.5,,,0.0,0.0,empty_bin
JUNCTIONS,1984,1982.5,1983.5,,,0.0,0.0,empty_bin
JUNCTIONS,1985,1983.5,1984.5,,,0.0,0.0,empty_bin
JUNCTIONS,1986,1984.5,1985.5,,,0.0,0.0,empty_bin
JUNCTIONS,1987,1985.5,1986.5,,,0.0,0.0,empty_bin
JUNCTIONS,1988,1986.5,1987.5,,,0.0,0.0,empty_bin
JUNCTIONS,1989,1987.5,1988.5,,,0.0,0.0,empty_bin
JUNCTIONS,1990,1988.5,1989.5,,,0.0,0.0,empty_bin
JUNCTIONS,1991,1989.5,1990.5,,,0.0,0.0,empty_bin
JUNCTIONS,1992,1990.5,1991.5,,,0.0,0.0,empty_bin
JUNCTIONS,1993,1991.5,1992.5,,,0.0,0.0,empty_bin
JUNCTIONS,1994,1992.5,1993.5,,,0.0,0.0,empty_bin
JUNCTIONS,1995,1993.5,1994.5,,,0.0,0.0,empty_bin
JUNCTIONS,1996,1994.5,1995.5,,,0.0,0.0,empty_bin
JUNCTIONS,1997,1995.5,1996.5,,,0.0,0.0,empty_bin
JUNCTIONS,1998,1996.5,1997.5,,,0.0,0.0,empty_bin
JUNCTIONS,1999,1997.5,1998.5,,,0.0,0.0,empty_bin
JUNCTIONS,2000,1998.5,1999.5,,,0.0,0.0,empty_bin
JUNCTIONS,2001,1999.5,2000.5,,,0.0,0.0,empty_bin
JUNCTIONS,2002,2000.5,2001.5,,,0.0,0.0,empty_bin
JUNCTIONS,2003,2001.5,2002.5,,,0.0,0.0,empty_bin
JUNCTIONS,2004,2002.5,2003.5,,,0.0,0.0,empty_bin
JUNCTIONS,2005,2003.5,2004.5,,,0.0,0.0,empty_bin
JUNCTIONS,2006,2004.5,2005.5,,,0.0,0.0,empty_bin
JUNCTIONS,2007,2005.5,2006.5,,,0.0,0.0,empty_bin
JUNCTIONS,2008,2006.5,2007.5,,,0.0,0.0,empty_bin
JUNCTIONS,2009,2007.5,2008.5,,,0.0,0.0,empty_bin
JUNCTIONS,2010,2008.5,2009.5,,,0.0,0.0,empty_bin
JUNCTIONS,2011,2009.5,2010.5,,,0.0,0.0,empty_bin
JUNCTIONS,2012,2010.5,2011.5,,,0.0,0.0,empty_bin
JUNCTIONS,2013,2011.5,2012.5,,,0.0,0.0,empty_bin
JUNCTIONS,2014,2012.5,2013.5,,,0.0,0.0,empty_bin
JUNCTIONS,2015,2013.5,2014.5,,,0.0,0.0,empty_bin
JUNCTIONS,2016,2014.5,2015.5,,,0.0,0.0,empty_bin
JUNCTIONS,2017,2015.5,2016.5,,,0.0,0.0,empty_bin
JUNCTIONS,2018,2016.5,2017.5,,,0.0,0.0,empty_bin
JUNCTIONS,2019,2017.5,2018.5,,,0.0,0.0,empty_bin
JUNCTIONS,2020,2018.5,2019.5,,,0.0,0.0,empty_bin
JUNCTIONS,2021,2019.5,2020.5,,,0.0,0.0,empty_bin
JUNCTIONS,2022,2020.5,2021.5,,,0.0,0.0,empty_bin
JUNCTIONS,2023,2021.5,2022.5,,,0.0,0.0,empty_bin
JUNCTIONS,2024,2022.5,2023.5,,,0.0,0.0,empty_bin
JUNCTIONS,2025,2023.5,2024.5,,,0.0,0.0,empty_bin
JUNCTIONS,2026,2024.5,2025.5,,,0.0,0.0,empty_bin
JUNCTIONS,2027,2025.5,2026.5,,,0.0,0.0,empty_bin
JUNCTIONS,2028,2026.5,2027.5,,,0.0,0.0,empty_bin
JUNCTIONS,2029,2027.5,2028.5,,,0.0,0.0,empty_bin
JUNCTIONS,2030,2028.5,2029.5,,,0.0,0.0,empty_bin
JUNCTIONS,2031,2029.5,2030.5,,,0.0,0.0,empty_bin
JUNCTIONS,2032,2030.5,2031.5,,,0.0,0.0,empty_bin
JUNCTIONS,2033,2031.5,2032.5,,,0.0,0.0,empty_bin
JUNCTIONS,2034,2032.5,2033.5,,,0.0,0.0,empty_bin
JUNCTIONS,2035,2033.5,2034.5,,,0.0,0.0,empty_bin
JUNCTIONS,2036,2034.5,2035.5,,,0.0,0.0,empty_bin
JUNCTIONS,2037,2035.5,2036.5,,,0.0,0.0,empty_bin
JUNCTIONS,2038,2036.5,2037.5,,,0.0,0.0,empty_bin
JUNCTIONS,2039,2037.5,2038.5,,,0.0,0.0,empty_bin
JUNCTIONS,2040,2038.5,2039.5,,,0.0,0.0,empty_bin
JUNCTIONS,2041,2039.5,2040.5,,,0.0,0.0,empty_bin
JUNCTIONS,2042,2040.5,2041.5,,,0.0,0.0,empty_bin
JUNCTIONS,2043,2041.5,2042.5,,,0.0,0.0,empty_bin
JUNCTIONS,2044,2042.5,2043.5,,,0.0,0.0,empty_bin
JUNCTIONS,2045,2043.5,2044.5,,,0.0,0.0,empty_bin
JUNCTIONS,2046,2044.5,2045.5,,,0.0,0.0,empty_bin
JUNCTIONS,2047,2045.5,2046.5,,,0.0,0.0,empty_bin
JUNCTIONS,2048,2046.5,2047.5,,,0.0,0.0,empty_bin
JUNCTIONS,2049,2047.5,2048.5,,,0.0,0.0,empty_bin
JUNCTIONS,2050,2048.5,2049.5,,,0.0,0.0,empty_bin
JUNCTIONS,2051,2049.5,2050.5,,,0.0,0.0,empty_bin
JUNCTIONS,2052,2050.5,2051.5,,,0.0,0.0,empty_bin
JUNCTIONS,2053,2051.5,2052.5,,,0.0,0.0,empty_bin
JUNCTIONS,2054,2052.5,2053.5,,,0.0,0.0,empty_bin
JUNCTIONS,2055,2053.5,2054.5,,,0.0,0.0,empty_bin
JUNCTIONS,2056,2054.5,2055.5,,,0.0,0.0,empty_bin
JUNCTIONS,2057,2055.5,2056.5,,,0.0,0.0,empty_bin
JUNCTIONS,2058,2056.5,2057.5,,,0.0,0.0,empty_bin
JUNCTIONS,2059,2057.5,2058.5,,,0.0,0.0,empty_bin
JUNCTIONS,2060,2058.5,2059.5,,,0.0,0.0,empty_bin
JUNCTIONS,2061,2059.5,2060.5,,,0.0,0.0,empty_bin
JUNCTIONS,2062,2060.5,2061.5,,,0.0,0.0,empty_bin
JUNCTIONS,2063,2061.5,2062.5,,,0.0,0.0,empty_bin
JUNCTIONS,2064,2062.5,2063.5,,,0.0,0.0,empty_bin
JUNCTIONS,2065,2063.5,2064.5,,,0.0,0.0,empty_bin
JUNCTIONS,2066,2064.5,2065.5,,,0.0,0.0,empty_bin
JUNCTIONS,2067,2065.5,2066.5,,,0.0,0.0,empty_bin
JUNCTIONS,2068,2066.5,2067.5,,,0.0,0.0,empty_bin
JUNCTIONS,2069,2067.5,2068.5,,,0.0,0.0,empty_bin
JUNCTIONS,2070,2068.5,2069.5,,,0.0,0.0,empty_bin
JUNCTIONS,2071,2069.5,2070.5,,,0.0,0.0,empty_bin
JUNCTIONS,2072,2070.5,2071.5,,,0.0,0.0,empty_bin
JUNCTIONS,2073,2071.5,2072.5,,,0.0,0.0,empty_bin
JUNCTIONS,2074,2072.5,2073.5,,,0.0,0.0,empty_bin
JUNCTIONS,2075,2073.5,2074.5,,,0.0,0.0,empty_bin
JUNCTIONS,2076,2074.5,2075.5,,,0.0,0.0,empty_bin
JUNCTIONS,2077,2075.5,2076.5,,,0.0,0.0,empty_bin
JUNCTIONS,2078,2076.5,2077.5,,,0.0,0.0,empty_bin
JUNCTIONS,2079,2077.5,2078.5,,,0.0,0.0,empty_bin
JUNCTIONS,2080,2078.5,2079.5,,,0.0,0.0,empty_bin
JUNCTIONS,2081,2079.5,2080.5,,,0.0,0.0,empty_bin
JUNCTIONS,2082,2080.5,2081.5,,,0.0,0.0,empty_bin
JUNCTIONS,2083,2081.5,2082.5,,,0.0,0.0,empty_bin
JUNCTIONS,2084,2082.5,2083.5,,,0.0,0.0,empty_bin
JUNCTIONS,2085,2083.5,2084.5,,,0.0,0.0,empty_bin
JUNCTIONS,2086,2084.5,2085.5,,,0.0,0.0,empty_bin
JUNCTIONS,2087,2085.5,2086.5,,,0.0,0.0,empty_bin
JUNCTIONS,2088,2086.5,2087.5,,,0.0,0.0,empty_bin
JUNCTIONS,2089,2087.5,2088.5,,,0.0,0.0,empty_bin
JUNCTIONS,2090,2088.5,2089.5,,,0.0,0.0,empty_bin
JUNCTIONS,2091,2089.5,2090.5,,,0.0,0.0,empty_bin
JUNCTIONS,2092,2090.5,2091.5,,,0.0,0.0,empty_bin
JUNCTIONS,2093,2091.5,2092.5,,,0.0,0.0,empty_bin
JUNCTIONS,2094,2092.5,2093.5,,,0.0,0.0,empty_bin
JUNCTIONS,2095,2093.5,2094.5,,,0.0,0.0,empty_bin
JUNCTIONS,2096,2094.5,2095.5,,,0.0,0.0,empty_bin
JUNCTIONS,2097,2095.5,2096.5,,,0.0,0.0,empty_bin
JUNCTIONS,2098,2096.5,2097.5,,,0.0,0.0,empty_bin
JUNCTIONS,2099,2097.5,2098.5,,,0.0,0.0,empty_bin
JUNCTIONS,2100,2098.5,2099.5,,,0.0,0.0,empty_bin
JUNCTIONS,2101,2099.5,2100.5,,,0.0,0.0,empty_bin
JUNCTIONS,2102,2100.5,2101.5,,,0.0,0.0,empty_bin
JUNCTIONS,2103,2101.5,2102.5,,,0.0,0.0,empty_bin
JUNCTIONS,2104,2102.5,2103.5,,,0.0,0.0,empty_bin
JUNCTIONS,2105,2103.5,2104.5,,,0.0,0.0,empty_bin
JUNCTIONS,2106,2104.5,2105.5,,,0.0,0.0,empty_bin
JUNCTIONS,2107,2105.5,2106.5,,,0.0,0.0,empty_bin
JUNCTIONS,2108,2106.5,2107.5,,,0.0,0.0,empty_bin
JUNCTIONS,2109,2107.5,2108.5,,,0.0,0.0,empty_bin
JUNCTIONS,2110,2108.5,2109.5,,,0.0,0.0,empty_bin
JUNCTIONS,2111,2109.5,2110.5,,,0.0,0.0,empty_bin
JUNCTIONS,2112,2110.5,2111.5,,,0.0,0.0,empty_bin
JUNCTIONS,2113,2111.5,2112.5,,,0.0,0.0,empty_bin
JUNCTIONS,2114,2112.5,2113.5,,,0.0,0.0,empty_bin
JUNCTIONS,2115,2113.5,2114.5,,,0.0,0.0,empty_bin
JUNCTIONS,2116,2114.5,2115.5,,,0.0,0.0,empty_bin
JUNCTIONS,2117,2115.5,2116.5,,,0.0,0.0,empty_bin
JUNCTIONS,2118,2116.5,2117.5,,,0.0,0.0,empty_bin
JUNCTIONS,2119,2117.5,2118.5,,,0.0,0.0,empty_bin
JUNCTIONS,2120,2118.5,2119.5,,,0.0,0.0,empty_bin
JUNCTIONS,2121,2119.5,2120.5,,,0.0,0.0,empty_bin
JUNCTIONS,2122,2120.5,2121.5,,,0.0,0.0,empty_bin
JUNCTIONS,2123,2121.5,2122.5,,,0.0,0.0,empty_bin
JUNCTIONS,2124,2122.5,2123.5,,,0.0,0.0,empty_bin
JUNCTIONS,2125,2123.5,2124.5,,,0.0,0.0,empty_bin
JUNCTIONS,2126,2124.5,2125.5,,,0.0,0.0,empty_bin
JUNCTIONS,2127,2125.5,2126.5,,,0.0,0.0,empty_bin
JUNCTIONS,2128,2126.5,2127.5,,,0.0,0.0,empty_bin
JUNCTIONS,2129,2127.5,2128.5,,,0.0,0.0,empty_bin
JUNCTIONS,2130,2128.5,2129.5,,,0.0,0.0,empty_bin
JUNCTIONS,2131,2129.5,2130.5,,,0.0,0.0,empty_bin
JUNCTIONS,2132,2130.5,2131.5,,,0.0,0.0,empty_bin
JUNCTIONS,2133,2131.5,2132.5,,,0.0,0.0,empty_bin
JUNCTIONS,2134,2132.5,2133.5,,,0.0,0.0,empty_bin
JUNCTIONS,2135,2133.5,2134.5,,,0.0,0.0,empty_bin
JUNCTIONS,2136,2134.5,2135.5,,,0.0,0.0,empty_bin
JUNCTIONS,2137,2135.5,2136.5,,,0.0,0.0,empty_bin
JUNCTIONS,2138,2136.5,2137.5,,,0.0,0.0,empty_bin
JUNCTIONS,2139,2137.5,2138.5,,,0.0,0.0,empty_bin
JUNCTIONS,2140,2138.5,2139.5,,,0.0,0.0,empty_bin
JUNCTIONS,2141,2139.5,2140.5,,,0.0,0.0,empty_bin
JUNCTIONS,2142,2140.5,2141.5,,,0.0,0.0,empty_bin
JUNCTIONS,2143,2141.5,2142.5,,,0.0,0.0,empty_bin
JUNCTIONS,2144,2142.5,2143.5,,,0.0,0.0,empty_bin
JUNCTIONS,2145,2143.5,2144.5,,,0.0,0.0,empty_bin
JUNCTIONS,2146,2144.5,2145.5,,,0.0,0.0,empty_bin
JUNCTIONS,2147,2145.5,2146.5,,,0.0,0.0,empty_bin
JUNCTIONS,2148,2146.5,2147.5,,,0.0,0.0,empty_bin
JUNCTIONS,2149,2147.5,2148.5,,,0.0,0.0,empty_bin
JUNCTIONS,2150,2148.5,2149.5,,,0.0,0.0,empty_bin
JUNCTIONS,2151,2149.5,2150.5,,,0.0,0.0,empty_bin
JUNCTIONS,2152,2150.5,2151.5,,,0.0,0.0,empty_bin
JUNCTIONS,2153,2151.5,2152.5,,,0.0,0.0,empty_bin
JUNCTIONS,2154,2152.5,2153.5,,,0.0,0.0,empty_bin
JUNCTIONS,2155,2153.5,2154.5,,,0.0,0.0,empty_bin
JUNCTIONS,2156,2154.5,2155.5,,,0.0,0.0,empty_bin
JUNCTIONS,2157,2155.5,2156.5,,,0.0,0.0,empty_bin
JUNCTIONS,2158,2156.5,2157.5,,,0.0,0.0,empty_bin
JUNCTIONS,2159,2157.5,2158.5,,,0.0,0.0,empty_bin
JUNCTIONS,2160,2158.5,2159.5,,,0.0,0.0,empty_bin
JUNCTIONS,2161,2159.5,2160.5,,,0.0,0.0,empty_bin
JUNCTIONS,2162,2160.5,2161.5,,,0.0,0.0,empty_bin
JUNCTIONS,2163,2161.5,2162.5,,,0.0,0.0,empty_bin
JUNCTIONS,2164,2162.5,2163.5,,,0.0,0.0,empty_bin
JUNCTIONS,2165,2163.5,2164.5,,,0.0,0.0,empty_bin
JUNCTIONS,2166,2164.5,2165.5,,,0.0,0.0,empty_bin
JUNCTIONS,2167,2165.5,2166.5,,,0.0,0.0,empty_bin
JUNCTIONS,2168,2166.5,2167.5,,,0.0,0.0,empty_bin
JUNCTIONS,2169,2167.5,2168.5,,,0.0,0.0,empty_bin
JUNCTIONS,2170,2168.5,2169.5,,,0.0,0.0,empty_bin
JUNCTIONS,2171,2169.5,2170.5,,,0.0,0.0,empty_bin
JUNCTIONS,2172,2170.5,2171.5,,,0.0,0.0,empty_bin
JUNCTIONS,2173,2171.5,2172.5,,,0.0,0.0,empty_bin
JUNCTIONS,2174,2172.5,2173.5,,,0.0,0.0,empty_bin
JUNCTIONS,2175,2173.5,2174.5,,,0.0,0.0,empty_bin
JUNCTIONS,2176,2174.5,2175.5,,,0.0,0.0,empty_bin
JUNCTIONS,2177,2175.5,2176.5,,,0.0,0.0,empty_bin
JUNCTIONS,2178,2176.5,2177.5,,,0.0,0.0,empty_bin
JUNCTIONS,2179,2177.5,2178.5,,,0.0,0.0,empty_bin
JUNCTIONS,2180,2178.5,2179.5,,,0.0,0.0,empty_bin
JUNCTIONS,2181,2179.5,2180.5,,,0.0,0.0,empty_bin
JUNCTIONS,2182,2180.5,2181.5,,,0.0,0.0,empty_bin
JUNCTIONS,2183,2181.5,2182.5,,,0.0,0.0,empty_bin
JUNCTIONS,2184,2182.5,2183.5,,,0.0,0.0,empty_bin
JUNCTIONS,2185,2183.5,2184.5,,,0.0,0.0,empty_bin
JUNCTIONS,2186,2184.5,2185.5,,,0.0,0.0,empty_bin
JUNCTIONS,2187,2185.5,2186.5,,,0.0,0.0,empty_bin
JUNCTIONS,2188,2186.5,2187.5,,,0.0,0.0,empty_bin
JUNCTIONS,2189,2187.5,2188.5,,,0.0,0.0,empty_bin
JUNCTIONS,2190,2188.5,2189.5,,,0.0,0.0,empty_bin
JUNCTIONS,2191,2189.5,2190.5,,,0.0,0.0,empty_bin
JUNCTIONS,2192,2190.5,2191.5,,,0.0,0.0,empty_bin
JUNCTIONS,2193,2191.5,2192.5,,,0.0,0.0,empty_bin
JUNCTIONS,2194,2192.5,2193.5,,,0.0,0.0,empty_bin
JUNCTIONS,2195,2193.5,2194.5,,,0.0,0.0,empty_bin
JUNCTIONS,2196,2194.5,2195.5,,,0.0,0.0,empty_bin
JUNCTIONS,2197,2195.5,2196.5,,,0.0,0.0,empty_bin
JUNCTIONS,2198,2196.5,2197.5,,,0.0,0.0,empty_bin
JUNCTIONS,2199,2197.5,2198.5,,,0.0,0.0,empty_bin
JUNCTIONS,2200,2198.5,2199.5,,,0.0,0.0,empty_bin
JUNCTIONS,2201,2199.5,2200.5,,,0.0,0.0,empty_bin
JUNCTIONS,2202,2200.5,2201.5,,,0.0,0.0,empty_bin
JUNCTIONS,2203,2201.5,2202.5,,,0.0,0.0,empty_bin
JUNCTIONS,2204,2202.5,2203.5,,,0.0,0.0,empty_bin
JUNCTIONS,2205,2203.5,2204.5,,,0.0,0.0,empty_bin
JUNCTIONS,2206,2204.5,2205.5,,,0.0,0.0,empty_bin
JUNCTIONS,2207,2205.5,2206.5,,,0.0,0.0,empty_bin
JUNCTIONS,2208,2206.5,2207.5,,,0.0,0.0,empty_bin
JUNCTIONS,2209,2207.5,2208.5,,,0.0,0.0,empty_bin
JUNCTIONS,2210,2208.5,2209.5,,,0.0,0.0,empty_bin
JUNCTIONS,2211,2209.5,2210.5,,,0.0,0.0,empty_bin
JUNCTIONS,2212,2210.5,2211.5,,,0.0,0.0,empty_bin
JUNCTIONS,2213,2211.5,2212.5,,,0.0,0.0,empty_bin
JUNCTIONS,2214,2212.5,2213.5,,,0.0,0.0,empty_bin
JUNCTIONS,2215,2213.5,2214.5,,,0.0,0.0,empty_bin
JUNCTIONS,2216,2214.5,2215.5,,,0.0,0.0,empty_bin
JUNCTIONS,2217,2215.5,2216.5,,,0.0,0.0,empty_bin
JUNCTIONS,2218,2216.5,2217.5,,,0.0,0.0,empty_bin
JUNCTIONS,2219,2217.5,2218.5,,,0.0,0.0,empty_bin
JUNCTIONS,2220,2218.5,2219.5,,,0.0,0.0,empty_bin
JUNCTIONS,2221,2219.5,2220.5,,,0.0,0.0,empty_bin
JUNCTIONS,2222,2220.5,2221.5,,,0.0,0.0,empty_bin
JUNCTIONS,2223,2221.5,2222.5,,,0.0,0.0,empty_bin
JUNCTIONS,2224,2222.5,2223.5,,,0.0,0.0,empty_bin
JUNCTIONS,2225,2223.5,2224.5,,,0.0,0.0,empty_bin
JUNCTIONS,2226,2224.5,2225.5,,,0.0,0.0,empty_bin
JUNCTIONS,2227,2225.5,2226.5,,,0.0,0.0,empty_bin
JUNCTIONS,2228,2226.5,2227.5,,,0.0,0.0,empty_bin
JUNCTIONS,2229,2227.5,2228.5,,,0.0,0.0,empty_bin
JUNCTIONS,2230,2228.5,2229.5,,,0.0,0.0,empty_bin
JUNCTIONS,2231,2229.5,2230.5,,,0.0,0.0,empty_bin
JUNCTIONS,2232,2230.5,2231.5,,,0.0,0.0,empty_bin
JUNCTIONS,2233,2231.5,2232.5,,,0.0,0.0,empty_bin
JUNCTIONS,2234,2232.5,2233.5,,,0.0,0.0,empty_bin
JUNCTIONS,2235,2233.5,2234.5,,,0.0,0.0,empty_bin
JUNCTIONS,2236,2234.5,2235.5,,,0.0,0.0,empty_bin
JUNCTIONS,2237,2235.5,2236.5,,,0.0,0.0,empty_bin
JUNCTIONS,2238,2236.5,2237.5,,,0.0,0.0,empty_bin
JUNCTIONS,2239,2237.5,2238.5,,,0.0,0.0,empty_bin
JUNCTIONS,2240,2238.5,2239.5,,,0.0,0.0,empty_bin
JUNCTIONS,2241,2239.5,2240.5,,,0.0,0.0,empty_bin
JUNCTIONS,2242,2240.5,2241.5,,,0.0,0.0,empty_bin
JUNCTIONS,2243,2241.5,2242.5,,,0.0,0.0,empty_bin
JUNCTIONS,2244,2242.5,2243.5,,,0.0,0.0,empty_bin
JUNCTIONS,2245,2243.5,2244.5,,,0.0,0.0,empty_bin
JUNCTIONS,2246,2244.5,2245.5,,,0.0,0.0,empty_bin
JUNCTIONS,2247,2245.5,2246.5,,,0.0,0.0,empty_bin
JUNCTIONS,2248,2246.5,2247.5,,,0.0,0.0,empty_bin
JUNCTIONS,2249,2247.5,2248.5,,,0.0,0.0,empty_bin
JUNCTIONS,2250,2248.5,2249.5,,,0.0,0.0,empty_bin
JUNCTIONS,2251,2249.5,2250.5,,,0.0,0.0,empty_bin
JUNCTIONS,2252,2250.5,2251.5,,,0.0,0.0,empty_bin
JUNCTIONS,2253,2251.5,2252.5,,,0.0,0.0,empty_bin
JUNCTIONS,2254,2252.5,2253.5,,,0.0,0.0,empty_bin
JUNCTIONS,2255,2253.5,2254.5,,,0.0,0.0,empty_bin
JUNCTIONS,2256,2254.5,2255.5,,,0.0,0.0,empty_bin
JUNCTIONS,2257,2255.5,2256.5,,,0.0,0.0,empty_bin
JUNCTIONS,2258,2256.5,2257.5,,,0.0,0.0,empty_bin
JUNCTIONS,2259,2257.5,2258.5,,,0.0,0.0,empty_bin
JUNCTIONS,2260,2258.5,2259.5,,,0.0,0.0,empty_bin
JUNCTIONS,2261,2259.5,2260.5,,,0.0,0.0,empty_bin
JUNCTIONS,2262,2260.5,2261.5,,,0.0,0.0,empty_bin
JUNCTIONS,2263,2261.5,2262.5,,,0.0,0.0,empty_bin
JUNCTIONS,2264,2262.5,2263.5,,,0.0,0.0,empty_bin
JUNCTIONS,2265,2263.5,2264.5,,,0.0,0.0,empty_bin
JUNCTIONS,2266,2264.5,2265.5,,,0.0,0.0,empty_bin
JUNCTIONS,2267,2265.5,2266.5,,,0.0,0.0,empty_bin
JUNCTIONS,2268,2266.5,2267.5,,,0.0,0.0,empty_bin
JUNCTIONS,2269,2267.5,2268.5,,,0.0,0.0,empty_bin
JUNCTIONS,2270,2268.5,2269.5,,,0.0,0.0,empty_bin
JUNCTIONS,2271,2269.5,2270.5,,,0.0,0.0,empty_bin
JUNCTIONS,2272,2270.5,2271.5,,,0.0,0.0,empty_bin
JUNCTIONS,2273,2271.5,2272.5,,,0.0,0.0,empty_bin
JUNCTIONS,2274,2272.5,2273.5,,,0.0,0.0,empty_bin
JUNCTIONS,2275,2273.5,2274.5,,,0.0,0.0,empty_bin
JUNCTIONS,2276,2274.5,2275.5,,,0.0,0.0,empty_bin
JUNCTIONS,2277,2275.5,2276.5,,,0.0,0.0,empty_bin
JUNCTIONS,2278,2276.5,2277.5,,,0.0,0.0,empty_bin
JUNCTIONS,2279,2277.5,2278.5,,,0.0,0.0,empty_bin
JUNCTIONS,2280,2278.5,2279.5,,,0.0,0.0,empty_bin
JUNCTIONS,2281,2279.5,2280.5,,,0.0,0.0,empty_bin
JUNCTIONS,2282,2280.5,2281.5,,,0.0,0.0,empty_bin
JUNCTIONS,2283,2281.5,2282.5,,,0.0,0.0,empty_bin
JUNCTIONS,2284,2282.5,2283.5,,,0.0,0.0,empty_bin
JUNCTIONS,2285,2283.5,2284.5,,,0.0,0.0,empty_bin
JUNCTIONS,2286,2284.5,2285.5,,,0.0,0.0,empty_bin
JUNCTIONS,2287,2285.5,2286.5,,,0.0,0.0,empty_bin
JUNCTIONS,2288,2286.5,2287.5,,,0.0,0.0,empty_bin
JUNCTIONS,2289,2287.5,2288.5,,,0.0,0.0,empty_bin
JUNCTIONS,2290,2288.5,2289.5,,,0.0,0.0,empty_bin
JUNCTIONS,2291,2289.5,2290.5,,,0.0,0.0,empty_bin
JUNCTIONS,2292,2290.5,2291.5,,,0.0,0.0,empty_bin
JUNCTIONS,2293,2291.5,2292.5,,,0.0,0.0,empty_bin
JUNCTIONS,2294,2292.5,2293.5,,,0.0,0.0,empty_bin
JUNCTIONS,2295,2293.5,2294.5,,,0.0,0.0,empty_bin
JUNCTIONS,2296,2294.5,2295.5,,,0.0,0.0,empty_bin
JUNCTIONS,2297,2295.5,2296.5,,,0.0,0.0,empty_bin
JUNCTIONS,2298,2296.5,2297.5,,,0.0,0.0,empty_bin
JUNCTIONS,2299,2297.5,2298.5,,,0.0,0.0,empty_bin
JUNCTIONS,2300,2298.5,2299.5,,,0.0,0.0,empty_bin
JUNCTIONS,2301,2299.5,2300.5,,,0.0,0.0,empty_bin
JUNCTIONS,2302,2300.5,2301.5,,,0.0,0.0,empty_bin
JUNCTIONS,2303,2301.5,2302.5,,,0.0,0.0,empty_bin
JUNCTIONS,2304,2302.5,2303.5,,,0.0,0.0,empty_bin
JUNCTIONS,2305,2303.5,2304.5,,,0.0,0.0,empty_bin
JUNCTIONS,2306,2304.5,2305.5,,,0.0,0.0,empty_bin
JUNCTIONS,2307,2305.5,2306.5,,,0.0,0.0,empty_bin
JUNCTIONS,2308,2306.5,2307.5,,,0.0,0.0,empty_bin
JUNCTIONS,2309,2307.5,2308.5,,,0.0,0.0,empty_bin
JUNCTIONS,2310,2308.5,2309.5,,,0.0,0.0,empty_bin
JUNCTIONS,2311,2309.5,2310.5,,,0.0,0.0,empty_bin
JUNCTIONS,2312,2310.5,2311.5,,,0.0,0.0,empty_bin
JUNCTIONS,2313,2311.5,2312.5,,,0.0,0.0,empty_bin
JUNCTIONS,2314,2312.5,2313.5,,,0.0,0.0,empty_bin
JUNCTIONS,2315,2313.5,2314.5,,,0.0,0.0,empty_bin
JUNCTIONS,2316,2314.5,2315.5,,,0.0,0.0,empty_bin
JUNCTIONS,2317,2315.5,2316.5,,,0.0,0.0,empty_bin
JUNCTIONS,2318,2316.5,2317.5,,,0.0,0.0,empty_bin
JUNCTIONS,2319,2317.5,2318.5,,,0.0,0.0,empty_bin
JUNCTIONS,2320,2318.5,2319.5,,,0.0,0.0,empty_bin
JUNCTIONS,2321,2319.5,2320.5,,,0.0,0.0,empty_bin
JUNCTIONS,2322,2320.5,2321.5,,,0.0,0.0,empty_bin
JUNCTIONS,2323,2321.5,2322.5,,,0.0,0.0,empty_bin
JUNCTIONS,2324,2322.5,2323.5,,,0.0,0.0,empty_bin
JUNCTIONS,2325,2323.5,2324.5,,,0.0,0.0,empty_bin
JUNCTIONS,2326,2324.5,2325.5,,,0.0,0.0,empty_bin
JUNCTIONS,2327,2325.5,2326.5,,,0.0,0.0,empty_bin
JUNCTIONS,2328,2326.5,2327.5,,,0.0,0.0,empty_bin
JUNCTIONS,2329,2327.5,2328.5,,,0.0,0.0,empty_bin
JUNCTIONS,2330,2328.5,2329.5,,,0.0,0.0,empty_bin
JUNCTIONS,2331,2329.5,2330.5,,,0.0,0.0,empty_bin
JUNCTIONS,2332,2330.5,2331.5,,,0.0,0.0,empty_bin
JUNCTIONS,2333,2331.5,2332.5,,,0.0,0.0,empty_bin
JUNCTIONS,2334,2332.5,2333.5,,,0.0,0.0,empty_bin
JUNCTIONS,2335,2333.5,2334.5,,,0.0,0.0,empty_bin
JUNCTIONS,2336,2334.5,2335.5,,,0.0,0.0,empty_bin
JUNCTIONS,2337,2335.5,2336.5,,,0.0,0.0,empty_bin
JUNCTIONS,2338,2336.5,2337.5,,,0.0,0.0,empty_bin
JUNCTIONS,2339,2337.5,2338.5,,,0.0,0.0,empty_bin
JUNCTIONS,2340,2338.5,2339.5,,,0.0,0.0,empty_bin
JUNCTIONS,2341,2339.5,2340.5,,,0.0,0.0,empty_bin
JUNCTIONS,2342,2340.5,2341.5,,,0.0,0.0,empty_bin
JUNCTIONS,2343,2341.5,2342.5,,,0.0,0.0,empty_bin
JUNCTIONS,2344,2342.5,2343.5,,,0.0,0.0,empty_bin
JUNCTIONS,2345,2343.5,2344.5,,,0.0,0.0,empty_bin
JUNCTIONS,2346,2344.5,2345.5,,,0.0,0.0,empty_bin
JUNCTIONS,2347,2345.5,2346.5,,,0.0,0.0,empty_bin
JUNCTIONS,2348,2346.5,2347.5,,,0.0,0.0,empty_bin
JUNCTIONS,2349,2347.5,2348.5,,,0.0,0.0,empty_bin
JUNCTIONS,2350,2348.5,2349.5,,,0.0,0.0,empty_bin
JUNCTIONS,2351,2349.5,2350.5,,,0.0,0.0,empty_bin
JUNCTIONS,2352,2350.5,2351.5,,,0.0,0.0,empty_bin
JUNCTIONS,2353,2351.5,2352.5,,,0.0,0.0,empty_bin
JUNCTIONS,2354,2352.5,2353.5,,,0.0,0.0,empty_bin
JUNCTIONS,2355,2353.5,2354.5,,,0.0,0.0,empty_bin
JUNCTIONS,2356,2354.5,2355.5,,,0.0,0.0,empty_bin
JUNCTIONS,2357,2355.5,2356.5,,,0.0,0.0,empty_bin
JUNCTIONS,2358,2356.5,2357.5,,,0.0,0.0,empty_bin
JUNCTIONS,2359,2357.5,2358.5,,,0.0,0.0,empty_bin
JUNCTIONS,2360,2358.5,2359.5,,,0.0,0.0,empty_bin
JUNCTIONS,2361,2359.5,2360.5,,,0.0,0.0,empty_bin
JUNCTIONS,2362,2360.5,2361.5,,,0.0,0.0,empty_bin
JUNCTIONS,2363,2361.5,2362.5,,,0.0,0.0,empty_bin
JUNCTIONS,2364,2362.5,2363.5,,,0.0,0.0,empty_bin
JUNCTIONS,2365,2363.5,2364.5,,,0.0,0.0,empty_bin
JUNCTIONS,2366,2364.5,2365.5,,,0.0,0.0,empty_bin
JUNCTIONS,2367,2365.5,2366.5,,,0.0,0.0,empty_bin
JUNCTIONS,2368,2366.5,2367.5,,,0.0,0.0,empty_bin
JUNCTIONS,2369,2367.5,2368.5,,,0.0,0.0,empty_bin
JUNCTIONS,2370,2368.5,2369.5,,,0.0,0.0,empty_bin
JUNCTIONS,2371,2369.5,2370.5,,,0.0,0.0,empty_bin
JUNCTIONS,2372,2370.5,2371.5,,,0.0,0.0,empty_bin
JUNCTIONS,2373,2371.5,2372.5,,,0.0,0.0,empty_bin
JUNCTIONS,2374,2372.5,2373.5,,,0.0,0.0,empty_bin
JUNCTIONS,2375,2373.5,2374.5,,,0.0,0.0,empty_bin
JUNCTIONS,2376,2374.5,2375.5,,,0.0,0.0,empty_bin
JUNCTIONS,2377,2375.5,2376.5,,,0.0,0.0,empty_bin
JUNCTIONS,2378,2376.5,2377.5,,,0.0,0.0,empty_bin
JUNCTIONS,2379,2377.5,2378.5,,,0.0,0.0,empty_bin
JUNCTIONS,2380,2378.5,2379.5,,,0.0,0.0,empty_bin
JUNCTIONS,2381,2379.5,2380.5,,,0.0,0.0,empty_bin
JUNCTIONS,2382,2380.5,2381.5,,,0.0,0.0,empty_bin
JUNCTIONS,2383,2381.5,2382.5,,,0.0,0.0,empty_bin
JUNCTIONS,2384,2382.5,2383.5,,,0.0,0.0,empty_bin
JUNCTIONS,2385,2383.5,2384.5,,,0.0,0.0,empty_bin
JUNCTIONS,2386,2384.5,2385.5,,,0.0,0.0,empty_bin
JUNCTIONS,2387,2385.5,2386.5,,,0.0,0.0,empty_bin
JUNCTIONS,2388,2386.5,2387.5,,,0.0,0.0,empty_bin
JUNCTIONS,2389,2387.5,2388.5,,,0.0,0.0,empty_bin
JUNCTIONS,2390,2388.5,2389.5,,,0.0,0.0,empty_bin
JUNCTIONS,2391,2389.5,2390.5,,,0.0,0.0,empty_bin
JUNCTIONS,2392,2390.5,2391.5,,,0.0,0.0,empty_bin
JUNCTIONS,2393,2391.5,2392.5,,,0.0,0.0,empty_bin
JUNCTIONS,2394,2392.5,2393.5,,,0.0,0.0,empty_bin
JUNCTIONS,2395,2393.5,2394.5,,,0.0,0.0,empty_bin
JUNCTIONS,2396,2394.5,2395.5,,,0.0,0.0,empty_bin
JUNCTIONS,2397,2395.5,2396.5,,,0.0,0.0,empty_bin
JUNCTIONS,2398,2396.5,2397.5,,,0.0,0.0,empty_bin
JUNCTIONS,2399,2397.5,2398.5,,,0.0,0.0,empty_bin
JUNCTIONS,2400,2398.5,2399.5,,,0.0,0.0,empty_bin
JUNCTIONS,2401,2399.5,2400.5,,,0.0,0.0,empty_bin
JUNCTIONS,2402,2400.5,2401.5,,,0.0,0.0,empty_bin
JUNCTIONS,2403,2401.5,2402.5,,,0.0,0.0,empty_bin
JUNCTIONS,2404,2402.5,2403.5,,,0.0,0.0,empty_bin
JUNCTIONS,2405,2403.5,2404.5,,,0.0,0.0,empty_bin
JUNCTIONS,2406,2404.5,2405.5,,,0.0,0.0,empty_bin
JUNCTIONS,2407,2405.5,2406.5,,,0.0,0.0,empty_bin
JUNCTIONS,2408,2406.5,2407.5,,,0.0,0.0,empty_bin
JUNCTIONS,2409,2407.5,2408.5,,,0.0,0.0,empty_bin
JUNCTIONS,2410,2408.5,2409.5,,,0.0,0.0,empty_bin
JUNCTIONS,2411,2409.5,2410.5,,,0.0,0.0,empty_bin
JUNCTIONS,2412,2410.5,2411.5,,,0.0,0.0,empty_bin
JUNCTIONS,2413,2411.5,2412.5,,,0.0,0.0,empty_bin
JUNCTIONS,2414,2412.5,2413.5,,,0.0,0.0,empty_bin
JUNCTIONS,2415,2413.5,2414.5,,,0.0,0.0,empty_bin
JUNCTIONS,2416,2414.5,2415.5,,,0.0,0.0,empty_bin
JUNCTIONS,2417,2415.5,2416.5,,,0.0,0.0,empty_bin
JUNCTIONS,2418,2416.5,2417.5,,,0.0,0.0,empty_bin
JUNCTIONS,2419,2417.5,2418.5,,,0.0,0.0,empty_bin
JUNCTIONS,2420,2418.5,2419.5,,,0.0,0.0,empty_bin
JUNCTIONS,2421,2419.5,2420.5,,,0.0,0.0,empty_bin
JUNCTIONS,2422,2420.5,2421.5,,,0.0,0.0,empty_bin
JUNCTIONS,2423,2421.5,2422.5,,,0.0,0.0,empty_bin
JUNCTIONS,2424,2422.5,2423.5,,,0.0,0.0,empty_bin
JUNCTIONS,2425,2423.5,2424.5,,,0.0,0.0,empty_bin
JUNCTIONS,2426,2424.5,2425.5,,,0.0,0.0,empty_bin
JUNCTIONS,2427,2425.5,2426.5,,,0.0,0.0,empty_bin
JUNCTIONS,2428,2426.5,2427.5,,,0.0,0.0,empty_bin
JUNCTIONS,2429,2427.5,2428.5,,,0.0,0.0,empty_bin
JUNCTIONS,2430,2428.5,2429.5,,,0.0,0.0,empty_bin
JUNCTIONS,2431,2429.5,2430.5,,,0.0,0.0,empty_bin
JUNCTIONS,2432,2430.5,2431.5,,,0.0,0.0,empty_bin
JUNCTIONS,2433,2431.5,2432.5,,,0.0,0.0,empty_bin
JUNCTIONS,2434,2432.5,2433.5,,,0.0,0.0,empty_bin
JUNCTIONS,2435,2433.5,2434.5,,,0.0,0.0,empty_bin
JUNCTIONS,2436,2434.5,2435.5,,,0.0,0.0,empty_bin
JUNCTIONS,2437,2435.5,2436.5,,,0.0,0.0,empty_bin
JUNCTIONS,2438,2436.5,2437.5,,,0.0,0.0,empty_bin
JUNCTIONS,2439,2437.5,2438.5,,,0.0,0.0,empty_bin
JUNCTIONS,2440,2438.5,2439.5,,,0.0,0.0,empty_bin
JUNCTIONS,2441,2439.5,2440.5,,,0.0,0.0,empty_bin
JUNCTIONS,2442,2440.5,2441.5,,,0.0,0.0,empty_bin
JUNCTIONS,2443,2441.5,2442.5,,,0.0,0.0,empty_bin
JUNCTIONS,2444,2442.5,2443.5,,,0.0,0.0,empty_bin
JUNCTIONS,2445,2443.5,2444.5,,,0.0,0.0,empty_bin
JUNCTIONS,2446,2444.5,2445.5,,,0.0,0.0,empty_bin
JUNCTIONS,2447,2445.5,2446.5,,,0.0,0.0,empty_bin
JUNCTIONS,2448,2446.5,2447.5,,,0.0,0.0,empty_bin
JUNCTIONS,2449,2447.5,2448.5,,,0.0,0.0,empty_bin
JUNCTIONS,2450,2448.5,2449.5,,,0.0,0.0,empty_bin
JUNCTIONS,2451,2449.5,2450.5,,,0.0,0.0,empty_bin
JUNCTIONS,2452,2450.5,2451.5,,,0.0,0.0,empty_bin
JUNCTIONS,2453,2451.5,2452.5,,,0.0,0.0,empty_bin
JUNCTIONS,2454,2452.5,2453.5,,,0.0,0.0,empty_bin
JUNCTIONS,2455,2453.5,2454.5,,,0.0,0.0,empty_bin
JUNCTIONS,2456,2454.5,2455.5,,,0.0,0.0,empty_bin
JUNCTIONS,2457,2455.5,2456.5,,,0.0,0.0,empty_bin
JUNCTIONS,2458,2456.5,2457.5,,,0.0,0.0,empty_bin
JUNCTIONS,2459,2457.5,2458.5,,,0.0,0.0,empty_bin
JUNCTIONS,2460,2458.5,2459.5,,,0.0,0.0,empty_bin
JUNCTIONS,2461,2459.5,2460.5,,,0.0,0.0,empty_bin
JUNCTIONS,2462,2460.5,2461.5,,,0.0,0.0,empty_bin
JUNCTIONS,2463,2461.5,2462.5,,,0.0,0.0,empty_bin
JUNCTIONS,2464,2462.5,2463.5,,,0.0,0.0,empty_bin
JUNCTIONS,2465,2463.5,2464.5,,,0.0,0.0,empty_bin
JUNCTIONS,2466,2464.5,2465.5,,,0.0,0.0,empty_bin
JUNCTIONS,2467,2465.5,2466.5,,,0.0,0.0,empty_bin
JUNCTIONS,2468,2466.5,2467.5,,,0.0,0.0,empty_bin
JUNCTIONS,2469,2467.5,2468.5,,,0.0,0.0,empty_bin
JUNCTIONS,2470,2468.5,2469.5,,,0.0,0.0,empty_bin
JUNCTIONS,2471,2469.5,2470.5,,,0.0,0.0,empty_bin
JUNCTIONS,2472,2470.5,2471.5,,,0.0,0.0,empty_bin
JUNCTIONS,2473,2471.5,2472.5,,,0.0,0.0,empty_bin
JUNCTIONS,2474,2472.5,2473.5,,,0.0,0.0,empty_bin
JUNCTIONS,2475,2473.5,2474.5,,,0.0,0.0,empty_bin
JUNCTIONS,2476,2474.5,2475.5,,,0.0,0.0,empty_bin
JUNCTIONS,2477,2475.5,2476.5,,,0.0,0.0,empty_bin
JUNCTIONS,2478,2476.5,2477.5,,,0.0,0.0,empty_bin
JUNCTIONS,2479,2477.5,2478.5,,,0.0,0.0,empty_bin
JUNCTIONS,2480,2478.5,2479.5,,,0.0,0.0,empty_bin
JUNCTIONS,2481,2479.5,2480.5,,,0.0,0.0,empty_bin
JUNCTIONS,2482,2480.5,2481.5,,,0.0,0.0,empty_bin
JUNCTIONS,2483,2481.5,2482.5,,,0.0,0.0,empty_bin
JUNCTIONS,2484,2482.5,2483.5,,,0.0,0.0,empty_bin
JUNCTIONS,2485,2483.5,2484.5,,,0.0,0.0,empty_bin
JUNCTIONS,2486,2484.5,2485.5,,,0.0,0.0,empty_bin
JUNCTIONS,2487,2485.5,2486.5,,,0.0,0.0,empty_bin
JUNCTIONS,2488,2486.5,2487.5,,,0.0,0.0,empty_bin
JUNCTIONS,2489,2487.5,2488.5,,,0.0,0.0,empty_bin
JUNCTIONS,2490,2488.5,2489.5,,,0.0,0.0,empty_bin
JUNCTIONS,2491,2489.5,2490.5,,,0.0,0.0,empty_bin
JUNCTIONS,2492,2490.5,2491.5,,,0.0,0.0,empty_bin
JUNCTIONS,2493,2491.5,2492.5,,,0.0,0.0,empty_bin
JUNCTIONS,2494,2492.5,2493.5,,,0.0,0.0,empty_bin
JUNCTIONS,2495,2493.5,2494.5,,,0.0,0.0,empty_bin
JUNCTIONS,2496,2494.5,2495.5,,,0.0,0.0,empty_bin
JUNCTIONS,2497,2495.5,2496.5,,,0.0,0.0,empty_bin
JUNCTIONS,2498,2496.5,2497.5,,,0.0,0.0,empty_bin
JUNCTIONS,2499,2497.5,2498.5,,,0.0,0.0,empty_bin
JUNCTIONS,2500,2498.5,2499.5,,,0.0,0.0,empty_bin
JUNCTIONS,2501,2499.5,2500.5,,,0.0,0.0,empty_bin
JUNCTIONS,2502,2500.5,2501.5,,,0.0,0.0,empty_bin
JUNCTIONS,2503,2501.5,2502.5,,,0.0,0.0,empty_bin
JUNCTIONS,2504,2502.5,2503.5,,,0.0,0.0,empty_bin
JUNCTIONS,2505,2503.5,2504.5,,,0.0,0.0,empty_bin
JUNCTIONS,2506,2504.5,2505.5,,,0.0,0.0,empty_bin
JUNCTIONS,2507,2505.5,2506.5,,,0.0,0.0,empty_bin
JUNCTIONS,2508,2506.5,2507.5,,,0.0,0.0,empty_bin
JUNCTIONS,2509,2507.5,2508.5,,,0.0,0.0,empty_bin
JUNCTIONS,2510,2508.5,2509.5,,,0.0,0.0,empty_bin
JUNCTIONS,2511,2509.5,2510.5,,,0.0,0.0,empty_bin
JUNCTIONS,2512,2510.5,2511.5,,,0.0,0.0,empty_bin
JUNCTIONS,2513,2511.5,2512.5,,,0.0,0.0,empty_bin
JUNCTIONS,2514,2512.5,2513.5,,,0.0,0.0,empty_bin
JUNCTIONS,2515,2513.5,2514.5,,,0.0,0.0,empty_bin
JUNCTIONS,2516,2514.5,2515.5,,,0.0,0.0,empty_bin
JUNCTIONS,2517,2515.5,2516.5,,,0.0,0.0,empty_bin
JUNCTIONS,2518,2516.5,2517.5,,,0.0,0.0,empty_bin
JUNCTIONS,2519,2517.5,2518.5,,,0.0,0.0,empty_bin
JUNCTIONS,2520,2518.5,2519.5,,,0.0,0.0,empty_bin
JUNCTIONS,2521,2519.5,2520.5,,,0.0,0.0,empty_bin
JUNCTIONS,2522,2520.5,2521.5,,,0.0,0.0,empty_bin
JUNCTIONS,2523,2521.5,2522.5,,,0.0,0.0,empty_bin
JUNCTIONS,2524,2522.5,2523.5,,,0.0,0.0,empty_bin
JUNCTIONS,2525,2523.5,2524.5,,,0.0,0.0,empty_bin
JUNCTIONS,2526,2524.5,2525.5,,,0.0,0.0,empty_bin
JUNCTIONS,2527,2525.5,2526.5,,,0.0,0.0,empty_bin
JUNCTIONS,2528,2526.5,2527.5,,,0.0,0.0,empty_bin
JUNCTIONS,2529,2527.5,2528.5,,,0.0,0.0,empty_bin
JUNCTIONS,2530,2528.5,2529.5,,,0.0,0.0,empty_bin
JUNCTIONS,2531,2529.5,2530.5,,,0.0,0.0,empty_bin
JUNCTIONS,2532,2530.5,2531.5,,,0.0,0.0,empty_bin
JUNCTIONS,2533,2531.5,2532.5,,,0.0,0.0,empty_bin
JUNCTIONS,2534,2532.5,2533.5,,,0.0,0.0,empty_bin
JUNCTIONS,2535,2533.5,2534.5,,,0.0,0.0,empty_bin
JUNCTIONS,2536,2534.5,2535.5,,,0.0,0.0,empty_bin
JUNCTIONS,2537,2535.5,2536.5,,,0.0,0.0,empty_bin
JUNCTIONS,2538,2536.5,2537.5,,,0.0,0.0,empty_bin
JUNCTIONS,2539,2537.5,2538.5,,,0.0,0.0,empty_bin
JUNCTIONS,2540,2538.5,2539.5,,,0.0,0.0,empty_bin
JUNCTIONS,2541,2539.5,2540.5,,,0.0,0.0,empty_bin
JUNCTIONS,2542,2540.5,2541.5,,,0.0,0.0,empty_bin
JUNCTIONS,2543,2541.5,2542.5,,,0.0,0.0,empty_bin
JUNCTIONS,2544,2542.5,2543.5,,,0.0,0.0,empty_bin
JUNCTIONS,2545,2543.5,2544.5,,,0.0,0.0,empty_bin
JUNCTIONS,2546,2544.5,2545.5,,,0.0,0.0,empty_bin
JUNCTIONS,2547,2545.5,2546.5,,,0.0,0.0,empty_bin
JUNCTIONS,2548,2546.5,2547.5,,,0.0,0.0,empty_bin
JUNCTIONS,2549,2547.5,2548.5,,,0.0,0.0,empty_bin
JUNCTIONS,2550,2548.5,2549.5,,,0.0,0.0,empty_bin
JUNCTIONS,2551,2549.5,2550.5,,,0.0,0.0,empty_bin
JUNCTIONS,2552,2550.5,2551.5,,,0.0,0.0,empty_bin
JUNCTIONS,2553,2551.5,2552.5,,,0.0,0.0,empty_bin
JUNCTIONS,2554,2552.5,2553.5,,,0.0,0.0,empty_bin
JUNCTIONS,2555,2553.5,2554.5,,,0.0,0.0,empty_bin
JUNCTIONS,2556,2554.5,2555.5,,,0.0,0.0,empty_bin
JUNCTIONS,2557,2555.5,2556.5,,,0.0,0.0,empty_bin
JUNCTIONS,2558,2556.5,2557.5,,,0.0,0.0,empty_bin
JUNCTIONS,2559,2557.5,2558.5,,,0.0,0.0,empty_bin
JUNCTIONS,2560,2558.5,2559.5,,,0.0,0.0,empty_bin
JUNCTIONS,2561,2559.5,2560.5,,,0.0,0.0,empty_bin
JUNCTIONS,2562,2560.5,2561.5,,,0.0,0.0,empty_bin
JUNCTIONS,2563,2561.5,2562.5,,,0.0,0.0,empty_bin
JUNCTIONS,2564,2562.5,2563.5,,,0.0,0.0,empty_bin
JUNCTIONS,2565,2563.5,2564.5,,,0.0,0.0,empty_bin
JUNCTIONS,2566,2564.5,2565.5,,,0.0,0.0,empty_bin
JUNCTIONS,2567,2565.5,2566.5,,,0.0,0.0,empty_bin
JUNCTIONS,2568,2566.5,2567.5,,,0.0,0.0,empty_bin
JUNCTIONS,2569,2567.5,2568.5,,,0.0,0.0,empty_bin
JUNCTIONS,2570,2568.5,2569.5,,,0.0,0.0,empty_bin
JUNCTIONS,2571,2569.5,2570.5,,,0.0,0.0,empty_bin
JUNCTIONS,2572,2570.5,2571.5,,,0.0,0.0,empty_bin
JUNCTIONS,2573,2571.5,2572.5,,,0.0,0.0,empty_bin
JUNCTIONS,2574,2572.5,2573.5,,,0.0,0.0,empty_bin
JUNCTIONS,2575,2573.5,2574.5,,,0.0,0.0,empty_bin
JUNCTIONS,2576,2574.5,2575.5,,,0.0,0.0,empty_bin
JUNCTIONS,2577,2575.5,2576.5,,,0.0,0.0,empty_bin
JUNCTIONS,2578,2576.5,2577.5,,,0.0,0.0,empty_bin
JUNCTIONS,2579,2577.5,2578.5,,,0.0,0.0,empty_bin
JUNCTIONS,2580,2578.5,2579.5,,,0.0,0.0,empty_bin
JUNCTIONS,2581,2579.5,2580.5,,,0.0,0.0,empty_bin
JUNCTIONS,2582,2580.5,2581.5,,,0.0,0.0,empty_bin
JUNCTIONS,2583,2581.5,2582.5,,,0.0,0.0,empty_bin
JUNCTIONS,2584,2582.5,2583.5,,,0.0,0.0,empty_bin
JUNCTIONS,2585,2583.5,2584.5,,,0.0,0.0,empty_bin
JUNCTIONS,2586,2584.5,2585.5,,,0.0,0.0,empty_bin
JUNCTIONS,2587,2585.5,2586.5,,,0.0,0.0,empty_bin
JUNCTIONS,2588,2586.5,2587.5,,,0.0,0.0,empty_bin
JUNCTIONS,2589,2587.5,2588.5,,,0.0,0.0,empty_bin
JUNCTIONS,2590,2588.5,2589.5,,,0.0,0.0,empty_bin
JUNCTIONS,2591,2589.5,2590.5,,,0.0,0.0,empty_bin
JUNCTIONS,2592,2590.5,2591.5,,,0.0,0.0,empty_bin
JUNCTIONS,2593,2591.5,2592.5,,,0.0,0.0,empty_bin
JUNCTIONS,2594,2592.5,2593.5,,,0.0,0.0,empty_bin
JUNCTIONS,2595,2593.5,2594.5,,,0.0,0.0,empty_bin
JUNCTIONS,2596,2594.5,2595.5,,,0.0,0.0,empty_bin
JUNCTIONS,2597,2595.5,2596.5,,,0.0,0.0,empty_bin
JUNCTIONS,2598,2596.5,2597.5,,,0.0,0.0,empty_bin
JUNCTIONS,2599,2597.5,2598.5,,,0.0,0.0,empty_bin
JUNCTIONS,2600,2598.5,2599.5,,,0.0,0.0,empty_bin
JUNCTIONS,2601,2599.5,2600.5,,,0.0,0.0,empty_bin
JUNCTIONS,2602,2600.5,2601.5,,,0.0,0.0,empty_bin
JUNCTIONS,2603,2601.5,2602.5,,,0.0,0.0,empty_bin
JUNCTIONS,2604,2602.5,2603.5,,,0.0,0.0,empty_bin
JUNCTIONS,2605,2603.5,2604.5,,,0.0,0.0,empty_bin
JUNCTIONS,2606,2604.5,2605.5,,,0.0,0.0,empty_bin
JUNCTIONS,2607,2605.5,2606.5,,,0.0,0.0,empty_bin
JUNCTIONS,2608,2606.5,2607.5,,,0.0,0.0,empty_bin
JUNCTIONS,2609,2607.5,2608.5,,,0.0,0.0,empty_bin
JUNCTIONS,2610,2608.5,2609.5,,,0.0,0.0,empty_bin
JUNCTIONS,2611,2609.5,2610.5,,,0.0,0.0,empty_bin
JUNCTIONS,2612,2610.5,2611.5,,,0.0,0.0,empty_bin
JUNCTIONS,2613,2611.5,2612.5,,,0.0,0.0,empty_bin
JUNCTIONS,2614,2612.5,2613.5,,,0.0,0.0,empty_bin
JUNCTIONS,2615,2613.5,2614.5,,,0.0,0.0,empty_bin
JUNCTIONS,2616,2614.5,2615.5,,,0.0,0.0,empty_bin
JUNCTIONS,2617,2615.5,2616.5,,,0.0,0.0,empty_bin
JUNCTIONS,2618,2616.5,2617.5,,,0.0,0.0,empty_bin
JUNCTIONS,2619,2617.5,2618.5,,,0.0,0.0,empty_bin
JUNCTIONS,2620,2618.5,2619.5,,,0.0,0.0,empty_bin
JUNCTIONS,2621,2619.5,2620.5,,,0.0,0.0,empty_bin
JUNCTIONS,2622,2620.5,2621.5,,,0.0,0.0,empty_bin
JUNCTIONS,2623,2621.5,2622.5,,,0.0,0.0,empty_bin
JUNCTIONS,2624,2622.5,2623.5,,,0.0,0.0,empty_bin
JUNCTIONS,2625,2623.5,2624.5,,,0.0,0.0,empty_bin
JUNCTIONS,2626,2624.5,2625.5,,,0.0,0.0,empty_bin
JUNCTIONS,2627,2625.5,2626.5,,,0.0,0.0,empty_bin
JUNCTIONS,2628,2626.5,2627.5,,,0.0,0.0,empty_bin
JUNCTIONS,2629,2627.5,2628.5,,,0.0,0.0,empty_bin
JUNCTIONS,2630,2628.5,2629.5,,,0.0,0.0,empty_bin
JUNCTIONS,2631,2629.5,2630.5,,,0.0,0.0,empty_bin
JUNCTIONS,2632,2630.5,2631.5,,,0.0,0.0,empty_bin
JUNCTIONS,2633,2631.5,2632.5,,,0.0,0.0,empty_bin
JUNCTIONS,2634,2632.5,2633.5,,,0.0,0.0,empty_bin
JUNCTIONS,2635,2633.5,2634.5,,,0.0,0.0,empty_bin
JUNCTIONS,2636,2634.5,2635.5,,,0.0,0.0,empty_bin
JUNCTIONS,2637,2635.5,2636.5,,,0.0,0.0,empty_bin
JUNCTIONS,2638,2636.5,2637.5,,,0.0,0.0,empty_bin
JUNCTIONS,2639,2637.5,2638.5,,,0.0,0.0,empty_bin
JUNCTIONS,2640,2638.5,2639.5,,,0.0,0.0,empty_bin
JUNCTIONS,2641,2639.5,2640.5,,,0.0,0.0,empty_bin
JUNCTIONS,2642,2640.5,2641.5,,,0.0,0.0,empty_bin
JUNCTIONS,2643,2641.5,2642.5,,,0.0,0.0,empty_bin
JUNCTIONS,2644,2642.5,2643.5,,,0.0,0.0,empty_bin
JUNCTIONS,2645,2643.5,2644.5,,,0.0,0.0,empty_bin
JUNCTIONS,2646,2644.5,2645.5,,,0.0,0.0,empty_bin
JUNCTIONS,2647,2645.5,2646.5,,,0.0,0.0,empty_bin
JUNCTIONS,2648,2646.5,2647.5,,,0.0,0.0,empty_bin
JUNCTIONS,2649,2647.5,2648.5,,,0.0,0.0,empty_bin
JUNCTIONS,2650,2648.5,2649.5,,,0.0,0.0,empty_bin
JUNCTIONS,2651,2649.5,2650.5,,,0.0,0.0,empty_bin
JUNCTIONS,2652,2650.5,2651.5,,,0.0,0.0,empty_bin
JUNCTIONS,2653,2651.5,2652.5,,,0.0,0.0,empty_bin
JUNCTIONS,2654,2652.5,2653.5,,,0.0,0.0,empty_bin
JUNCTIONS,2655,2653.5,2654.5,,,0.0,0.0,empty_bin
JUNCTIONS,2656,2654.5,2655.5,,,0.0,0.0,empty_bin
JUNCTIONS,2657,2655.5,2656.5,,,0.0,0.0,empty_bin
JUNCTIONS,2658,2656.5,2657.5,,,0.0,0.0,empty_bin
JUNCTIONS,2659,2657.5,2658.5,,,0.0,0.0,empty_bin
JUNCTIONS,2660,2658.5,2659.5,,,0.0,0.0,empty_bin
JUNCTIONS,2661,2659.5,2660.5,,,0.0,0.0,empty_bin
JUNCTIONS,2662,2660.5,2661.5,,,0.0,0.0,empty_bin
JUNCTIONS,2663,2661.5,2662.5,,,0.0,0.0,empty_bin
JUNCTIONS,2664,2662.5,2663.5,,,0.0,0.0,empty_bin
JUNCTIONS,2665,2663.5,2664.5,,,0.0,0.0,empty_bin
JUNCTIONS,2666,2664.5,2665.5,,,0.0,0.0,empty_bin
JUNCTIONS,2667,2665.5,2666.5,,,0.0,0.0,empty_bin
JUNCTIONS,2668,2666.5,2667.5,,,0.0,0.0,empty_bin
JUNCTIONS,2669,2667.5,2668.5,,,0.0,0.0,empty_bin
JUNCTIONS,2670,2668.5,2669.5,,,0.0,0.0,empty_bin
JUNCTIONS,2671,2669.5,2670.5,,,0.0,0.0,empty_bin
JUNCTIONS,2672,2670.5,2671.5,,,0.0,0.0,empty_bin
JUNCTIONS,2673,2671.5,2672.5,,,0.0,0.0,empty_bin
JUNCTIONS,2674,2672.5,2673.5,,,0.0,0.0,empty_bin
JUNCTIONS,2675,2673.5,2674.5,,,0.0,0.0,empty_bin
JUNCTIONS,2676,2674.5,2675.5,,,0.0,0.0,empty_bin
JUNCTIONS,2677,2675.5,2676.5,,,0.0,0.0,empty_bin
JUNCTIONS,2678,2676.5,2677.5,,,0.0,0.0,empty_bin
JUNCTIONS,2679,2677.5,2678.5,,,0.0,0.0,empty_bin
JUNCTIONS,2680,2678.5,2679.5,,,0.0,0.0,empty_bin
JUNCTIONS,2681,2679.5,2680.5,,,0.0,0.0,empty_bin
JUNCTIONS,2682,2680.5,2681.5,,,0.0,0.0,empty_bin
JUNCTIONS,2683,2681.5,2682.5,,,0.0,0.0,empty_bin
JUNCTIONS,2684,2682.5,2683.5,,,0.0,0.0,empty_bin
JUNCTIONS,2685,2683.5,2684.5,,,0.0,0.0,empty_bin
JUNCTIONS,2686,2684.5,2685.5,,,0.0,0.0,empty_bin
JUNCTIONS,2687,2685.5,2686.5,,,0.0,0.0,empty_bin
JUNCTIONS,2688,2686.5,2687.5,,,0.0,0.0,empty_bin
JUNCTIONS,2689,2687.5,2688.5,,,0.0,0.0,empty_bin
JUNCTIONS,2690,2688.5,2689.5,,,0.0,0.0,empty_bin
JUNCTIONS,2691,2689.5,2690.5,,,0.0,0.0,empty_bin
JUNCTIONS,2692,2690.5,2691.5,,,0.0,0.0,empty_bin
JUNCTIONS,2693,2691.5,2692.5,,,0.0,0.0,empty_bin
JUNCTIONS,2694,2692.5,2693.5,,,0.0,0.0,empty_bin
JUNCTIONS,2695,2693.5,2694.5,,,0.0,0.0,empty_bin
JUNCTIONS,2696,2694.5,2695.5,,,0.0,0.0,empty_bin
JUNCTIONS,2697,2695.5,2696.5,,,0.0,0.0,empty_bin
JUNCTIONS,2698,2696.5,2697.5,,,0.0,0.0,empty_bin
JUNCTIONS,2699,2697.5,2698.5,,,0.0,0.0,empty_bin
JUNCTIONS,2700,2698.5,2699.5,,,0.0,0.0,empty_bin
JUNCTIONS,2701,2699.5,2700.5,,,0.0,0.0,empty_bin
JUNCTIONS,2702,2700.5,2701.5,,,0.0,0.0,empty_bin
JUNCTIONS,2703,2701.5,2702.5,,,0.0,0.0,empty_bin
JUNCTIONS,2704,2702.5,2703.5,,,0.0,0.0,empty_bin
JUNCTIONS,2705,2703.5,2704.5,,,0.0,0.0,empty_bin
JUNCTIONS,2706,2704.5,2705.5,,,0.0,0.0,empty_bin
JUNCTIONS,2707,2705.5,2706.5,,,0.0,0.0,empty_bin
JUNCTIONS,2708,2706.5,2707.5,,,0.0,0.0,empty_bin
JUNCTIONS,2709,2707.5,2708.5,,,0.0,0.0,empty_bin
JUNCTIONS,2710,2708.5,2709.5,,,0.0,0.0,empty_bin
JUNCTIONS,2711,2709.5,2710.5,,,0.0,0.0,empty_bin
JUNCTIONS,2712,2710.5,2711.5,,,0.0,0.0,empty_bin
JUNCTIONS,2713,2711.5,2712.5,,,0.0,0.0,empty_bin
JUNCTIONS,2714,2712.5,2713.5,,,0.0,0.0,empty_bin
JUNCTIONS,2715,2713.5,2714.5,,,0.0,0.0,empty_bin
JUNCTIONS,2716,2714.5,2715.5,,,0.0,0.0,empty_bin
JUNCTIONS,2717,2715.5,2716.5,,,0.0,0.0,empty_bin
JUNCTIONS,2718,2716.5,2717.5,,,0.0,0.0,empty_bin
JUNCTIONS,2719,2717.5,2718.5,,,0.0,0.0,empty_bin
JUNCTIONS,2720,2718.5,2719.5,,,0.0,0.0,empty_bin
JUNCTIONS,2721,2719.5,2720.5,,,0.0,0.0,empty_bin
JUNCTIONS,2722,2720.5,2721.5,,,0.0,0.0,empty_bin
JUNCTIONS,2723,2721.5,2722.5,,,0.0,0.0,empty_bin
JUNCTIONS,2724,2722.5,2723.5,,,0.0,0.0,empty_bin
JUNCTIONS,2725,2723.5,2724.5,,,0.0,0.0,empty_bin
JUNCTIONS,2726,2724.5,2725.5,,,0.0,0.0,empty_bin
JUNCTIONS,2727,2725.5,2726.5,,,0.0,0.0,empty_bin
JUNCTIONS,2728,2726.5,2727.5,,,0.0,0.0,empty_bin
JUNCTIONS,2729,2727.5,2728.5,,,0.0,0.0,empty_bin
JUNCTIONS,2730,2728.5,2729.5,,,0.0,0.0,empty_bin
JUNCTIONS,2731,2729.5,2730.5,,,0.0,0.0,empty_bin
JUNCTIONS,2732,2730.5,2731.5,,,0.0,0.0,empty_bin
JUNCTIONS,2733,2731.5,2732.5,,,0.0,0.0,empty_bin
JUNCTIONS,2734,2732.5,2733.5,,,0.0,0.0,empty_bin
JUNCTIONS,2735,2733.5,2734.5,,,0.0,0.0,empty_bin
JUNCTIONS,2736,2734.5,2735.5,,,0.0,0.0,empty_bin
JUNCTIONS,2737,2735.5,2736.5,,,0.0,0.0,empty_bin
JUNCTIONS,2738,2736.5,2737.5,,,0.0,0.0,empty_bin
JUNCTIONS,2739,2737.5,2738.5,,,0.0,0.0,empty_bin
JUNCTIONS,2740,2738.5,2739.5,,,0.0,0.0,empty_bin
JUNCTIONS,2741,2739.5,2740.5,,,0.0,0.0,empty_bin
JUNCTIONS,2742,2740.5,2741.5,,,0.0,0.0,empty_bin
JUNCTIONS,2743,2741.5,2742.5,,,0.0,0.0,empty_bin
JUNCTIONS,2744,2742.5,2743.5,,,0.0,0.0,empty_bin
JUNCTIONS,2745,2743.5,2744.5,,,0.0,0.0,empty_bin
JUNCTIONS,2746,2744.5,2745.5,,,0.0,0.0,empty_bin
JUNCTIONS,2747,2745.5,2746.5,,,0.0,0.0,empty_bin
JUNCTIONS,2748,2746.5,2747.5,,,0.0,0.0,empty_bin
JUNCTIONS,2749,2747.5,2748.5,,,0.0,0.0,empty_bin
JUNCTIONS,2750,2748.5,2749.5,,,0.0,0.0,empty_bin
JUNCTIONS,2751,2749.5,2750.5,,,0.0,0.0,empty_bin
JUNCTIONS,2752,2750.5,2751.5,,,0.0,0.0,empty_bin
JUNCTIONS,2753,2751.5,2752.5,,,0.0,0.0,empty_bin
JUNCTIONS,2754,2752.5,2753.5,,,0.0,0.0,empty_bin
JUNCTIONS,2755,2753.5,2754.5,,,0.0,0.0,empty_bin
JUNCTIONS,2756,2754.5,2755.5,,,0.0,0.0,empty_bin
JUNCTIONS,2757,2755.5,2756.5,,,0.0,0.0,empty_bin
JUNCTIONS,2758,2756.5,2757.5,,,0.0,0.0,empty_bin
JUNCTIONS,2759,2757.5,2758.5,,,0.0,0.0,empty_bin
JUNCTIONS,2760,2758.5,2759.5,,,0.0,0.0,empty_bin
JUNCTIONS,2761,2759.5,2760.5,,,0.0,0.0,empty_bin
JUNCTIONS,2762,2760.5,2761.5,,,0.0,0.0,empty_bin
JUNCTIONS,2763,2761.5,2762.5,,,0.0,0.0,empty_bin
JUNCTIONS,2764,2762.5,2763.5,,,0.0,0.0,empty_bin
JUNCTIONS,2765,2763.5,2764.5,,,0.0,0.0,empty_bin
JUNCTIONS,2766,2764.5,2765.5,,,0.0,0.0,empty_bin
JUNCTIONS,2767,2765.5,2766.5,,,0.0,0.0,empty_bin
JUNCTIONS,2768,2766.5,2767.5,,,0.0,0.0,empty_bin
JUNCTIONS,2769,2767.5,2768.5,,,0.0,0.0,empty_bin
JUNCTIONS,2770,2768.5,2769.5,,,0.0,0.0,empty_bin
JUNCTIONS,2771,2769.5,2770.5,,,0.0,0.0,empty_bin
JUNCTIONS,2772,2770.5,2771.5,,,0.0,0.0,empty_bin
JUNCTIONS,2773,2771.5,2772.5,,,0.0,0.0,empty_bin
JUNCTIONS,2774,2772.5,2773.5,,,0.0,0.0,empty_bin
JUNCTIONS,2775,2773.5,2774.5,,,0.0,0.0,empty_bin
JUNCTIONS,2776,2774.5,2775.5,,,0.0,0.0,empty_bin
JUNCTIONS,2777,2775.5,2776.5,,,0.0,0.0,empty_bin
JUNCTIONS,2778,2776.5,2777.5,,,0.0,0.0,empty_bin
JUNCTIONS,2779,2777.5,2778.5,,,0.0,0.0,empty_bin
JUNCTIONS,2780,2778.5,2779.5,,,0.0,0.0,empty_bin
JUNCTIONS,2781,2779.5,2780.5,,,0.0,0.0,empty_bin
JUNCTIONS,2782,2780.5,2781.5,,,0.0,0.0,empty_bin
JUNCTIONS,2783,2781.5,2782.5,,,0.0,0.0,empty_bin
JUNCTIONS,2784,2782.5,2783.5,,,0.0,0.0,empty_bin
JUNCTIONS,2785,2783.5,2784.5,,,0.0,0.0,empty_bin
JUNCTIONS,2786,2784.5,2785.5,,,0.0,0.0,empty_bin
JUNCTIONS,2787,2785.5,2786.5,,,0.0,0.0,empty_bin
JUNCTIONS,2788,2786.5,2787.5,,,0.0,0.0,empty_bin
JUNCTIONS,2789,2787.5,2788.5,,,0.0,0.0,empty_bin
JUNCTIONS,2790,2788.5,2789.5,,,0.0,0.0,empty_bin
JUNCTIONS,2791,2789.5,2790.5,,,0.0,0.0,empty_bin
JUNCTIONS,2792,2790.5,2791.5,,,0.0,0.0,empty_bin
JUNCTIONS,2793,2791.5,2792.5,,,0.0,0.0,empty_bin
JUNCTIONS,2794,2792.5,2793.5,,,0.0,0.0,empty_bin
JUNCTIONS,2795,2793.5,2794.5,,,0.0,0.0,empty_bin
JUNCTIONS,2796,2794.5,2795.5,,,0.0,0.0,empty_bin
JUNCTIONS,2797,2795.5,2796.5,,,0.0,0.0,empty_bin
JUNCTIONS,2798,2796.5,2797.5,,,0.0,0.0,empty_bin
JUNCTIONS,2799,2797.5,2798.5,,,0.0,0.0,empty_bin
JUNCTIONS,2800,2798.5,2799.5,,,0.0,0.0,empty_bin
JUNCTIONS,2801,2799.5,2800.5,,,0.0,0.0,empty_bin
JUNCTIONS,2802,2800.5,2801.5,,,0.0,0.0,empty_bin
JUNCTIONS,2803,2801.5,2802.5,,,0.0,0.0,empty_bin
JUNCTIONS,2804,2802.5,2803.5,,,0.0,0.0,empty_bin
JUNCTIONS,2805,2803.5,2804.5,,,0.0,0.0,empty_bin
JUNCTIONS,2806,2804.5,2805.5,,,0.0,0.0,empty_bin
JUNCTIONS,2807,2805.5,2806.5,,,0.0,0.0,empty_bin
JUNCTIONS,2808,2806.5,2807.5,,,0.0,0.0,empty_bin
JUNCTIONS,2809,2807.5,2808.5,,,0.0,0.0,empty_bin
JUNCTIONS,2810,2808.5,2809.5,,,0.0,0.0,empty_bin
JUNCTIONS,2811,2809.5,2810.5,,,0.0,0.0,empty_bin
JUNCTIONS,2812,2810.5,2811.5,,,0.0,0.0,empty_bin
JUNCTIONS,2813,2811.5,2812.5,,,0.0,0.0,empty_bin
JUNCTIONS,2814,2812.5,2813.5,,,0.0,0.0,empty_bin
JUNCTIONS,2815,2813.5,2814.5,,,0.0,0.0,empty_bin
JUNCTIONS,2816,2814.5,2815.5,,,0.0,0.0,empty_bin
JUNCTIONS,2817,2815.5,2816.5,,,0.0,0.0,empty_bin
JUNCTIONS,2818,2816.5,2817.5,,,0.0,0.0,empty_bin
JUNCTIONS,2819,2817.5,2818.5,,,0.0,0.0,empty_bin
JUNCTIONS,2820,2818.5,2819.5,,,0.0,0.0,empty_bin
JUNCTIONS,2821,2819.5,2820.5,,,0.0,0.0,empty_bin
JUNCTIONS,2822,2820.5,2821.5,,,0.0,0.0,empty_bin
JUNCTIONS,2823,2821.5,2822.5,,,0.0,0.0,empty_bin
JUNCTIONS,2824,2822.5,2823.5,,,0.0,0.0,empty_bin
JUNCTIONS,2825,2823.5,2824.5,,,0.0,0.0,empty_bin
JUNCTIONS,2826,2824.5,2825.5,,,0.0,0.0,empty_bin
JUNCTIONS,2827,2825.5,2826.5,,,0.0,0.0,empty_bin
JUNCTIONS,2828,2826.5,2827.5,,,0.0,0.0,empty_bin
JUNCTIONS,2829,2827.5,2828.5,,,0.0,0.0,empty_bin
JUNCTIONS,2830,2828.5,2829.5,,,0.0,0.0,empty_bin
JUNCTIONS,2831,2829.5,2830.5,,,0.0,0.0,empty_bin
JUNCTIONS,2832,2830.5,2831.5,,,0.0,0.0,empty_bin
JUNCTIONS,2833,2831.5,2832.5,,,0.0,0.0,empty_bin
JUNCTIONS,2834,2832.5,2833.5,,,0.0,0.0,empty_bin
JUNCTIONS,2835,2833.5,2834.5,,,0.0,0.0,empty_bin
JUNCTIONS,2836,2834.5,2835.5,,,0.0,0.0,empty_bin
JUNCTIONS,2837,2835.5,2836.5,,,0.0,0.0,empty_bin
JUNCTIONS,2838,2836.5,2837.5,,,0.0,0.0,empty_bin
JUNCTIONS,2839,2837.5,2838.5,,,0.0,0.0,empty_bin
JUNCTIONS,2840,2838.5,2839.5,,,0.0,0.0,empty_bin
JUNCTIONS,2841,2839.5,2840.5,,,0.0,0.0,empty_bin
JUNCTIONS,2842,2840.5,2841.5,,,0.0,0.0,empty_bin
JUNCTIONS,2843,2841.5,2842.5,,,0.0,0.0,empty_bin
JUNCTIONS,2844,2842.5,2843.5,,,0.0,0.0,empty_bin
JUNCTIONS,2845,2843.5,2844.5,,,0.0,0.0,empty_bin
JUNCTIONS,2846,2844.5,2845.5,,,0.0,0.0,empty_bin
JUNCTIONS,2847,2845.5,2846.5,,,0.0,0.0,empty_bin
JUNCTIONS,2848,2846.5,2847.5,,,0.0,0.0,empty_bin
JUNCTIONS,2849,2847.5,2848.5,,,0.0,0.0,empty_bin
JUNCTIONS,2850,2848.5,2849.5,,,0.0,0.0,empty_bin
JUNCTIONS,2851,2849.5,2850.5,,,0.0,0.0,empty_bin
JUNCTIONS,2852,2850.5,2851.5,,,0.0,0.0,empty_bin
JUNCTIONS,2853,2851.5,2852.5,,,0.0,0.0,empty_bin
JUNCTIONS,2854,2852.5,2853.5,,,0.0,0.0,empty_bin
JUNCTIONS,2855,2853.5,2854.5,,,0.0,0.0,empty_bin
JUNCTIONS,2856,2854.5,2855.5,,,0.0,0.0,empty_bin
JUNCTIONS,2857,2855.5,2856.5,,,0.0,0.0,empty_bin
JUNCTIONS,2858,2856.5,2857.5,,,0.0,0.0,empty_bin
JUNCTIONS,2859,2857.5,2858.5,,,0.0,0.0,empty_bin
JUNCTIONS,2860,2858.5,2859.5,,,0.0,0.0,empty_bin
JUNCTIONS,2861,2859.5,2860.5,,,0.0,0.0,empty_bin
JUNCTIONS,2862,2860.5,2861.5,,,0.0,0.0,empty_bin
JUNCTIONS,2863,2861.5,2862.5,,,0.0,0.0,empty_bin
JUNCTIONS,2864,2862.5,2863.5,,,0.0,0.0,empty_bin
JUNCTIONS,2865,2863.5,2864.5,,,0.0,0.0,empty_bin
JUNCTIONS,2866,2864.5,2865.5,,,0.0,0.0,empty_bin
JUNCTIONS,2867,2865.5,2866.5,,,0.0,0.0,empty_bin
JUNCTIONS,2868,2866.5,2867.5,,,0.0,0.0,empty_bin
JUNCTIONS,2869,2867.5,2868.5,,,0.0,0.0,empty_bin
JUNCTIONS,2870,2868.5,2869.5,,,0.0,0.0,empty_bin
JUNCTIONS,2871,2869.5,2870.5,,,0.0,0.0,empty_bin
JUNCTIONS,2872,2870.5,2871.5,,,0.0,0.0,empty_bin
JUNCTIONS,2873,2871.5,2872.5,,,0.0,0.0,empty_bin
JUNCTIONS,2874,2872.5,2873.5,,,0.0,0.0,empty_bin
JUNCTIONS,2875,2873.5,2874.5,,,0.0,0.0,empty_bin
JUNCTIONS,2876,2874.5,2875.5,,,0.0,0.0,empty_bin
JUNCTIONS,2877,2875.5,2876.5,,,0.0,0.0,empty_bin
JUNCTIONS,2878,2876.5,2877.5,,,0.0,0.0,empty_bin
JUNCTIONS,2879,2877.5,2878.5,,,0.0,0.0,empty_bin
JUNCTIONS,2880,2878.5,2879.5,,,0.0,0.0,empty_bin
JUNCTIONS,2881,2879.5,2880.5,,,0.0,0.0,empty_bin
JUNCTIONS,2882,2880.5,2881.5,,,0.0,0.0,empty_bin
JUNCTIONS,2883,2881.5,2882.5,,,0.0,0.0,empty_bin
JUNCTIONS,2884,2882.5,2883.5,,,0.0,0.0,empty_bin
JUNCTIONS,2885,2883.5,2884.5,,,0.0,0.0,empty_bin
JUNCTIONS,2886,2884.5,2885.5,,,0.0,0.0,empty_bin
JUNCTIONS,2887,2885.5,2886.5,,,0.0,0.0,empty_bin
JUNCTIONS,2888,2886.5,2887.5,,,0.0,0.0,empty_bin
JUNCTIONS,2889,2887.5,2888.5,,,0.0,0.0,empty_bin
JUNCTIONS,2890,2888.5,2889.5,,,0.0,0.0,empty_bin
JUNCTIONS,2891,2889.5,2890.5,,,0.0,0.0,empty_bin
JUNCTIONS,2892,2890.5,2891.5,,,0.0,0.0,empty_bin
JUNCTIONS,2893,2891.5,2892.5,,,0.0,0.0,empty_bin
JUNCTIONS,2894,2892.5,2893.5,,,0.0,0.0,empty_bin
JUNCTIONS,2895,2893.5,2894.5,,,0.0,0.0,empty_bin
JUNCTIONS,2896,2894.5,2895.5,,,0.0,0.0,empty_bin
JUNCTIONS,2897,2895.5,2896.5,,,0.0,0.0,empty_bin
JUNCTIONS,2898,2896.5,2897.5,,,0.0,0.0,empty_bin
JUNCTIONS,2899,2897.5,2898.5,,,0.0,0.0,empty_bin
JUNCTIONS,2900,2898.5,2899.5,,,0.0,0.0,empty_bin
JUNCTIONS,2901,2899.5,2900.5,,,0.0,0.0,empty_bin
JUNCTIONS,2902,2900.5,2901.5,,,0.0,0.0,empty_bin
JUNCTIONS,2903,2901.5,2902.5,,,0.0,0.0,empty_bin
JUNCTIONS,2904,2902.5,2903.5,,,0.0,0.0,empty_bin
JUNCTIONS,2905,2903.5,2904.5,,,0.0,0.0,empty_bin
JUNCTIONS,2906,2904.5,2905.5,,,0.0,0.0,empty_bin
JUNCTIONS,2907,2905.5,2906.5,,,0.0,0.0,empty_bin
JUNCTIONS,2908,2906.5,2907.5,,,0.0,0.0,empty_bin
JUNCTIONS,2909,2907.5,2908.5,,,0.0,0.0,empty_bin
JUNCTIONS,2910,2908.5,2909.5,,,0.0,0.0,empty_bin
JUNCTIONS,2911,2909.5,2910.5,,,0.0,0.0,empty_bin
JUNCTIONS,2912,2910.5,2911.5,,,0.0,0.0,empty_bin
JUNCTIONS,2913,2911.5,2912.5,,,0.0,0.0,empty_bin
JUNCTIONS,2914,2912.5,2913.5,,,0.0,0.0,empty_bin
JUNCTIONS,2915,2913.5,2914.5,,,0.0,0.0,empty_bin
JUNCTIONS,2916,2914.5,2915.5,,,0.0,0.0,empty_bin
JUNCTIONS,2917,2915.5,2916.5,,,0.0,0.0,empty_bin
JUNCTIONS,2918,2916.5,2917.5,,,0.0,0.0,empty_bin
JUNCTIONS,2919,2917.5,2918.5,,,0.0,0.0,empty_bin
JUNCTIONS,2920,2918.5,2919.5,,,0.0,0.0,empty_bin
JUNCTIONS,2921,2919.5,2920.5,,,0.0,0.0,empty_bin
JUNCTIONS,2922,2920.5,2921.5,,,0.0,0.0,empty_bin
JUNCTIONS,2923,2921.5,2922.5,,,0.0,0.0,empty_bin
JUNCTIONS,2924,2922.5,2923.5,,,0.0,0.0,empty_bin
JUNCTIONS,2925,2923.5,2924.5,,,0.0,0.0,empty_bin
JUNCTIONS,2926,2924.5,2925.5,,,0.0,0.0,empty_bin
JUNCTIONS,2927,2925.5,2926.5,,,0.0,0.0,empty_bin
JUNCTIONS,2928,2926.5,2927.5,,,0.0,0.0,empty_bin
JUNCTIONS,2929,2927.5,2928.5,,,0.0,0.0,empty_bin
JUNCTIONS,2930,2928.5,2929.5,,,0.0,0.0,empty_bin
JUNCTIONS,2931,2929.5,2930.5,,,0.0,0.0,empty_bin
JUNCTIONS,2932,2930.5,2931.5,,,0.0,0.0,empty_bin
JUNCTIONS,2933,2931.5,2932.5,,,0.0,0.0,empty_bin
JUNCTIONS,2934,2932.5,2933.5,,,0.0,0.0,empty_bin
JUNCTIONS,2935,2933.5,2934.5,,,0.0,0.0,empty_bin
JUNCTIONS,2936,2934.5,2935.5,,,0.0,0.0,empty_bin
JUNCTIONS,2937,2935.5,2936.5,,,0.0,0.0,empty_bin
JUNCTIONS,2938,2936.5,2937.5,,,0.0,0.0,empty_bin
JUNCTIONS,2939,2937.5,2938.5,,,0.0,0.0,empty_bin
JUNCTIONS,2940,2938.5,2939.5,,,0.0,0.0,empty_bin
JUNCTIONS,2941,2939.5,2940.5,,,0.0,0.0,empty_bin
JUNCTIONS,2942,2940.5,2941.5,,,0.0,0.0,empty_bin
JUNCTIONS,2943,2941.5,2942.5,,,0.0,0.0,empty_bin
JUNCTIONS,2944,2942.5,2943.5,,,0.0,0.0,empty_bin
JUNCTIONS,2945,2943.5,2944.5,,,0.0,0.0,empty_bin
JUNCTIONS,2946,2944.5,2945.5,,,0.0,0.0,empty_bin
JUNCTIONS,2947,2945.5,2946.5,,,0.0,0.0,empty_bin
JUNCTIONS,2948,2946.5,2947.5,,,0.0,0.0,empty_bin
JUNCTIONS,2949,2947.5,2948.5,,,0.0,0.0,empty_bin
JUNCTIONS,2950,2948.5,2949.5,,,0.0,0.0,empty_bin
JUNCTIONS,2951,2949.5,2950.5,,,0.0,0.0,empty_bin
JUNCTIONS,2952,2950.5,2951.5,,,0.0,0.0,empty_bin
JUNCTIONS,2953,2951.5,2952.5,,,0.0,0.0,empty_bin
JUNCTIONS,2954,2952.5,2953.5,,,0.0,0.0,empty_bin
JUNCTIONS,2955,2953.5,2954.5,,,0.0,0.0,empty_bin
JUNCTIONS,2956,2954.5,2955.5,,,0.0,0.0,empty_bin
JUNCTIONS,2957,2955.5,2956.5,,,0.0,0.0,empty_bin
JUNCTIONS,2958,2956.5,2957.5,,,0.0,0.0,empty_bin
JUNCTIONS,2959,2957.5,2958.5,,,0.0,0.0,empty_bin
JUNCTIONS,2960,2958.5,2959.5,,,0.0,0.0,empty_bin
JUNCTIONS,2961,2959.5,2960.5,,,0.0,0.0,empty_bin
JUNCTIONS,2962,2960.5,2961.5,,,0.0,0.0,empty_bin
JUNCTIONS,2963,2961.5,2962.5,,,0.0,0.0,empty_bin
JUNCTIONS,2964,2962.5,2963.5,,,0.0,0.0,empty_bin
JUNCTIONS,2965,2963.5,2964.5,,,0.0,0.0,empty_bin
JUNCTIONS,2966,2964.5,2965.5,,,0.0,0.0,empty_bin
JUNCTIONS,2967,2965.5,2966.5,,,0.0,0.0,empty_bin
JUNCTIONS,2968,2966.5,2967.5,,,0.0,0.0,empty_bin
JUNCTIONS,2969,2967.5,2968.5,,,0.0,0.0,empty_bin
JUNCTIONS,2970,2968.5,2969.5,,,0.0,0.0,empty_bin
JUNCTIONS,2971,2969.5,2970.5,,,0.0,0.0,empty_bin
JUNCTIONS,2972,2970.5,2971.5,,,0.0,0.0,empty_bin
JUNCTIONS,2973,2971.5,2972.5,,,0.0,0.0,empty_bin
JUNCTIONS,2974,2972.5,2973.5,,,0.0,0.0,empty_bin
JUNCTIONS,2975,2973.5,2974.5,,,0.0,0.0,empty_bin
JUNCTIONS,2976,2974.5,2975.5,,,0.0,0.0,empty_bin
JUNCTIONS,2977,2975.5,2976.5,,,0.0,0.0,empty_bin
JUNCTIONS,2978,2976.5,2977.5,,,0.0,0.0,empty_bin
JUNCTIONS,2979,2977.5,2978.5,,,0.0,0.0,empty_bin
JUNCTIONS,2980,2978.5,2979.5,,,0.0,0.0,empty_bin
JUNCTIONS,2981,2979.5,2980.5,,,0.0,0.0,empty_bin
JUNCTIONS,2982,2980.5,2981.5,,,0.0,0.0,empty_bin
JUNCTIONS,2983,2981.5,2982.5,,,0.0,0.0,empty_bin
JUNCTIONS,2984,2982.5,2983.5,,,0.0,0.0,empty_bin
JUNCTIONS,2985,2983.5,2984.5,,,0.0,0.0,empty_bin
JUNCTIONS,2986,2984.5,2985.5,,,0.0,0.0,empty_bin
JUNCTIONS,2987,2985.5,2986.5,,,0.0,0.0,empty_bin
JUNCTIONS,2988,2986.5,2987.5,,,0.0,0.0,empty_bin
JUNCTIONS,2989,2987.5,2988.5,,,0.0,0.0,empty_bin
JUNCTIONS,2990,2988.5,2989.5,,,0.0,0.0,empty_bin
JUNCTIONS,2991,2989.5,2990.5,,,0.0,0.0,empty_bin
JUNCTIONS,2992,2990.5,2991.5,,,0.0,0.0,empty_bin
JUNCTIONS,2993,2991.5,2992.5,,,0.0,0.0,empty_bin
JUNCTIONS,2994,2992.5,2993.5,,,0.0,0.0,empty_bin
JUNCTIONS,2995,2993.5,2994.5,,,0.0,0.0,empty_bin
JUNCTIONS,2996,2994.5,2995.5,,,0.0,0.0,empty_bin
JUNCTIONS,2997,2995.5,2996.5,,,0.0,0.0,empty_bin
JUNCTIONS,2998,2996.5,2997.5,,,0.0,0.0,empty_bin
JUNCTIONS,2999,2997.5,2998.5,,,0.0,0.0,empty_bin
JUNCTIONS,3000,2998.5,2999.5,,,0.0,0.0,empty_bin
JUNCTIONS,3001,2999.5,3000.5,,,0.0,0.0,empty_bin
JUNCTIONS,3002,3000.5,3001.5,,,0.0,0.0,empty_bin
JUNCTIONS,3003,3001.5,3002.5,,,0.0,0.0,empty_bin
JUNCTIONS,3004,3002.5,3003.5,,,0.0,0.0,empty_bin
JUNCTIONS,3005,3003.5,3004.5,,,0.0,0.0,empty_bin
JUNCTIONS,3006,3004.5,3005.5,,,0.0,0.0,empty_bin
JUNCTIONS,3007,3005.5,3006.5,,,0.0,0.0,empty_bin
JUNCTIONS,3008,3006.5,3007.5,,,0.0,0.0,empty_bin
JUNCTIONS,3009,3007.5,3008.5,,,0.0,0.0,empty_bin
JUNCTIONS,3010,3008.5,3009.5,,,0.0,0.0,empty_bin
JUNCTIONS,3011,3009.5,3010.5,,,0.0,0.0,empty_bin
JUNCTIONS,3012,3010.5,3011.5,,,0.0,0.0,empty_bin
JUNCTIONS,3013,3011.5,3012.5,,,0.0,0.0,empty_bin
JUNCTIONS,3014,3012.5,3013.5,,,0.0,0.0,empty_bin
JUNCTIONS,3015,3013.5,3014.5,,,0.0,0.0,empty_bin
JUNCTIONS,3016,3014.5,3015.5,,,0.0,0.0,empty_bin
JUNCTIONS,3017,3015.5,3016.5,,,0.0,0.0,empty_bin
JUNCTIONS,3018,3016.5,3017.5,,,0.0,0.0,empty_bin
JUNCTIONS,3019,3017.5,3018.5,,,0.0,0.0,empty_bin
JUNCTIONS,3020,3018.5,3019.5,,,0.0,0.0,empty_bin
JUNCTIONS,3021,3019.5,3020.5,,,0.0,0.0,empty_bin
JUNCTIONS,3022,3020.5,3021.5,,,0.0,0.0,empty_bin
JUNCTIONS,3023,3021.5,3022.5,,,0.0,0.0,empty_bin
JUNCTIONS,3024,3022.5,3023.5,,,0.0,0.0,empty_bin
JUNCTIONS,3025,3023.5,3024.5,,,0.0,0.0,empty_bin
JUNCTIONS,3026,3024.5,3025.5,,,0.0,0.0,empty_bin
JUNCTIONS,3027,3025.5,3026.5,,,0.0,0.0,empty_bin
JUNCTIONS,3028,3026.5,3027.5,,,0.0,0.0,empty_bin
JUNCTIONS,3029,3027.5,3028.5,,,0.0,0.0,empty_bin
JUNCTIONS,3030,3028.5,3029.5,,,0.0,0.0,empty_bin
JUNCTIONS,3031,3029.5,3030.5,,,0.0,0.0,empty_bin
JUNCTIONS,3032,3030.5,3031.5,,,0.0,0.0,empty_bin
JUNCTIONS,3033,3031.5,3032.5,,,0.0,0.0,empty_bin
JUNCTIONS,3034,3032.5,3033.5,,,0.0,0.0,empty_bin
JUNCTIONS,3035,3033.5,3034.5,,,0.0,0.0,empty_bin
JUNCTIONS,3036,3034.5,3035.5,,,0.0,0.0,empty_bin
JUNCTIONS,3037,3035.5,3036.5,,,0.0,0.0,empty_bin
JUNCTIONS,3038,3036.5,3037.5,,,0.0,0.0,empty_bin
JUNCTIONS,3039,3037.5,3038.5,,,0.0,0.0,empty_bin
JUNCTIONS,3040,3038.5,3039.5,,,0.0,0.0,empty_bin
JUNCTIONS,3041,3039.5,3040.5,,,0.0,0.0,empty_bin
JUNCTIONS,3042,3040.5,3041.5,,,0.0,0.0,empty_bin
JUNCTIONS,3043,3041.5,3042.5,,,0.0,0.0,empty_bin
JUNCTIONS,3044,3042.5,3043.5,,,0.0,0.0,empty_bin
JUNCTIONS,3045,3043.5,3044.5,,,0.0,0.0,empty_bin
JUNCTIONS,3046,3044.5,3045.5,,,0.0,0.0,empty_bin
JUNCTIONS,3047,3045.5,3046.5,,,0.0,0.0,empty_bin
JUNCTIONS,3048,3046.5,3047.5,,,0.0,0.0,empty_bin
JUNCTIONS,3049,3047.5,3048.5,,,0.0,0.0,empty_bin
JUNCTIONS,3050,3048.5,3049.5,,,0.0,0.0,empty_bin
JUNCTIONS,3051,3049.5,3050.5,,,0.0,0.0,empty_bin
JUNCTIONS,3052,3050.5,3051.5,,,0.0,0.0,empty_bin
JUNCTIONS,3053,3051.5,3052.5,,,0.0,0.0,empty_bin
JUNCTIONS,3054,3052.5,3053.5,,,0.0,0.0,empty_bin
JUNCTIONS,3055,3053.5,3054.5,,,0.0,0.0,empty_bin
JUNCTIONS,3056,3054.5,3055.5,,,0.0,0.0,empty_bin
JUNCTIONS,3057,3055.5,3056.5,,,0.0,0.0,empty_bin
JUNCTIONS,3058,3056.5,3057.5,,,0.0,0.0,empty_bin
JUNCTIONS,3059,3057.5,3058.5,,,0.0,0.0,empty_bin
JUNCTIONS,3060,3058.5,3059.5,,,0.0,0.0,empty_bin
JUNCTIONS,3061,3059.5,3060.5,,,0.0,0.0,empty_bin
JUNCTIONS,3062,3060.5,3061.5,,,0.0,0.0,empty_bin
JUNCTIONS,3063,3061.5,3062.5,,,0.0,0.0,empty_bin
JUNCTIONS,3064,3062.5,3063.5,,,0.0,0.0,empty_bin
JUNCTIONS,3065,3063.5,3064.5,,,0.0,0.0,empty_bin
JUNCTIONS,3066,3064.5,3065.5,,,0.0,0.0,empty_bin
JUNCTIONS,3067,3065.5,3066.5,,,0.0,0.0,empty_bin
JUNCTIONS,3068,3066.5,3067.5,,,0.0,0.0,empty_bin
JUNCTIONS,3069,3067.5,3068.5,,,0.0,0.0,empty_bin
JUNCTIONS,3070,3068.5,3069.5,,,0.0,0.0,empty_bin
JUNCTIONS,3071,3069.5,3070.5,,,0.0,0.0,empty_bin
JUNCTIONS,3072,3070.5,3071.5,,,0.0,0.0,empty_bin
JUNCTIONS,3073,3071.5,3072.5,,,0.0,0.0,empty_bin
JUNCTIONS,3074,3072.5,3073.5,,,0.0,0.0,empty_bin
JUNCTIONS,3075,3073.5,3074.5,,,0.0,0.0,empty_bin
JUNCTIONS,3076,3074.5,3075.5,,,0.0,0.0,empty_bin
JUNCTIONS,3077,3075.5,3076.5,,,0.0,0.0,empty_bin
JUNCTIONS,3078,3076.5,3077.5,,,0.0,0.0,empty_bin
JUNCTIONS,3079,3077.5,3078.5,,,0.0,0.0,empty_bin
JUNCTIONS,3080,3078.5,3079.5,,,0.0,0.0,empty_bin
JUNCTIONS,3081,3079.5,3080.5,,,0.0,0.0,empty_bin
JUNCTIONS,3082,3080.5,3081.5,,,0.0,0.0,empty_bin
JUNCTIONS,3083,3081.5,3082.5,,,0.0,0.0,empty_bin
JUNCTIONS,3084,3082.5,3083.5,,,0.0,0.0,empty_bin
JUNCTIONS,3085,3083.5,3084.5,,,0.0,0.0,empty_bin
JUNCTIONS,3086,3084.5,3085.5,,,0.0,0.0,empty_bin
JUNCTIONS,3087,3085.5,3086.5,,,0.0,0.0,empty_bin
JUNCTIONS,3088,3086.5,3087.5,,,0.0,0.0,empty_bin
JUNCTIONS,3089,3087.5,3088.5,,,0.0,0.0,empty_bin
JUNCTIONS,3090,3088.5,3089.5,,,0.0,0.0,empty_bin
JUNCTIONS,3091,3089.5,3090.5,,,0.0,0.0,empty_bin
JUNCTIONS,3092,3090.5,3091.5,,,0.0,0.0,empty_bin
JUNCTIONS,3093,3091.5,3092.5,,,0.0,0.0,empty_bin
JUNCTIONS,3094,3092.5,3093.5,,,0.0,0.0,empty_bin
JUNCTIONS,3095,3093.5,3094.5,,,0.0,0.0,empty_bin
JUNCTIONS,3096,3094.5,3095.5,,,0.0,0.0,empty_bin
JUNCTIONS,3097,3095.5,3096.5,,,0.0,0.0,empty_bin
JUNCTIONS,3098,3096.5,3097.5,,,0.0,0.0,empty_bin
JUNCTIONS,3099,3097.5,3098.5,,,0.0,0.0,empty_bin
JUNCTIONS,3100,3098.5,3099.5,,,0.0,0.0,empty_bin
JUNCTIONS,3101,3099.5,3100.5,,,0.0,0.0,empty_bin
JUNCTIONS,3102,3100.5,3101.5,,,0.0,0.0,empty_bin
JUNCTIONS,3103,3101.5,3102.5,,,0.0,0.0,empty_bin
JUNCTIONS,3104,3102.5,3103.5,,,0.0,0.0,empty_bin
JUNCTIONS,3105,3103.5,3104.5,,,0.0,0.0,empty_bin
JUNCTIONS,3106,3104.5,3105.5,,,0.0,0.0,empty_bin
JUNCTIONS,3107,3105.5,3106.5,,,0.0,0.0,empty_bin
JUNCTIONS,3108,3106.5,3107.5,,,0.0,0.0,empty_bin
JUNCTIONS,3109,3107.5,3108.5,,,0.0,0.0,empty_bin
JUNCTIONS,3110,3108.5,3109.5,,,0.0,0.0,empty_bin
JUNCTIONS,3111,3109.5,3110.5,,,0.0,0.0,empty_bin
JUNCTIONS,3112,3110.5,3111.5,,,0.0,0.0,empty_bin
JUNCTIONS,3113,3111.5,3112.5,,,0.0,0.0,empty_bin
JUNCTIONS,3114,3112.5,3113.5,,,0.0,0.0,empty_bin
JUNCTIONS,3115,3113.5,3114.5,,,0.0,0.0,empty_bin
JUNCTIONS,3116,3114.5,3115.5,,,0.0,0.0,empty_bin
JUNCTIONS,3117,3115.5,3116.5,,,0.0,0.0,empty_bin
JUNCTIONS,3118,3116.5,3117.5,,,0.0,0.0,empty_bin
JUNCTIONS,3119,3117.5,3118.5,,,0.0,0.0,empty_bin
JUNCTIONS,3120,3118.5,3119.5,,,0.0,0.0,empty_bin
JUNCTIONS,3121,3119.5,3120.5,,,0.0,0.0,empty_bin
JUNCTIONS,3122,3120.5,3121.5,,,0.0,0.0,empty_bin
JUNCTIONS,3123,3121.5,3122.5,,,0.0,0.0,empty_bin
JUNCTIONS,3124,3122.5,3123.5,,,0.0,0.0,empty_bin
JUNCTIONS,3125,3123.5,3124.5,,,0.0,0.0,empty_bin
JUNCTIONS,3126,3124.5,3125.5,,,0.0,0.0,empty_bin
JUNCTIONS,3127,3125.5,3126.5,,,0.0,0.0,empty_bin
JUNCTIONS,3128,3126.5,3127.5,,,0.0,0.0,empty_bin
JUNCTIONS,3129,3127.5,3128.5,,,0.0,0.0,empty_bin
JUNCTIONS,3130,3128.5,3129.5,,,0.0,0.0,empty_bin
JUNCTIONS,3131,3129.5,3130.5,,,0.0,0.0,empty_bin
JUNCTIONS,3132,3130.5,3131.5,,,0.0,0.0,empty_bin
JUNCTIONS,3133,3131.5,3132.5,,,0.0,0.0,empty_bin
JUNCTIONS,3134,3132.5,3133.5,,,0.0,0.0,empty_bin
JUNCTIONS,3135,3133.5,3134.5,,,0.0,0.0,empty_bin
JUNCTIONS,3136,3134.5,3135.5,,,0.0,0.0,empty_bin
JUNCTIONS,3137,3135.5,3136.5,,,0.0,0.0,empty_bin
JUNCTIONS,3138,3136.5,3137.5,,,0.0,0.0,empty_bin
JUNCTIONS,3139,3137.5,3138.5,,,0.0,0.0,empty_bin
JUNCTIONS,3140,3138.5,3139.5,,,0.0,0.0,empty_bin
JUNCTIONS,3141,3139.5,3140.5,,,0.0,0.0,empty_bin
JUNCTIONS,3142,3140.5,3141.5,,,0.0,0.0,empty_bin
JUNCTIONS,3143,3141.5,3142.5,,,0.0,0.0,empty_bin
JUNCTIONS,3144,3142.5,3143.5,,,0.0,0.0,empty_bin
JUNCTIONS,3145,3143.5,3144.5,,,0.0,0.0,empty_bin
JUNCTIONS,3146,3144.5,3145.5,,,0.0,0.0,empty_bin
JUNCTIONS,3147,3145.5,3146.5,,,0.0,0.0,empty_bin
JUNCTIONS,3148,3146.5,3147.5,,,0.0,0.0,empty_bin
JUNCTIONS,3149,3147.5,3148.5,,,0.0,0.0,empty_bin
JUNCTIONS,3150,3148.5,3149.5,,,0.0,0.0,empty_bin
JUNCTIONS,3151,3149.5,3150.5,,,0.0,0.0,empty_bin
JUNCTIONS,3152,3150.5,3151.5,,,0.0,0.0,empty_bin
JUNCTIONS,3153,3151.5,3152.5,,,0.0,0.0,empty_bin
JUNCTIONS,3154,3152.5,3153.5,,,0.0,0.0,empty_bin
JUNCTIONS,3155,3153.5,3154.5,,,0.0,0.0,empty_bin
JUNCTIONS,3156,3154.5,3155.5,,,0.0,0.0,empty_bin
JUNCTIONS,3157,3155.5,3156.5,,,0.0,0.0,empty_bin
JUNCTIONS,3158,3156.5,3157.5,,,0.0,0.0,empty_bin
JUNCTIONS,3159,3157.5,3158.5,,,0.0,0.0,empty_bin
JUNCTIONS,3160,3158.5,3159.5,,,0.0,0.0,empty_bin
JUNCTIONS,3161,3159.5,3160.5,,,0.0,0.0,empty_bin
JUNCTIONS,3162,3160.5,3161.5,,,0.0,0.0,empty_bin
JUNCTIONS,3163,3161.5,3162.5,,,0.0,0.0,empty_bin
JUNCTIONS,3164,3162.5,3163.5,,,0.0,0.0,empty_bin
JUNCTIONS,3165,3163.5,3164.5,,,0.0,0.0,empty_bin
JUNCTIONS,3166,3164.5,3165.5,,,0.0,0.0,empty_bin
JUNCTIONS,3167,3165.5,3166.5,,,0.0,0.0,empty_bin
JUNCTIONS,3168,3166.5,3167.5,,,0.0,0.0,empty_bin
JUNCTIONS,3169,3167.5,3168.5,,,0.0,0.0,empty_bin
JUNCTIONS,3170,3168.5,3169.5,,,0.0,0.0,empty_bin
JUNCTIONS,3171,3169.5,3170.5,,,0.0,0.0,empty_bin
JUNCTIONS,3172,3170.5,3171.5,,,0.0,0.0,empty_bin
JUNCTIONS,3173,3171.5,3172.5,,,0.0,0.0,empty_bin
JUNCTIONS,3174,3172.5,3173.5,,,0.0,0.0,empty_bin
JUNCTIONS,3175,3173.5,3174.5,,,0.0,0.0,empty_bin
JUNCTIONS,3176,3174.5,3175.5,,,0.0,0.0,empty_bin
JUNCTIONS,3177,3175.5,3176.5,,,0.0,0.0,empty_bin
JUNCTIONS,3178,3176.5,3177.5,,,0.0,0.0,empty_bin
JUNCTIONS,3179,3177.5,3178.5,,,0.0,0.0,empty_bin
JUNCTIONS,3180,3178.5,3179.5,,,0.0,0.0,empty_bin
JUNCTIONS,3181,3179.5,3180.5,,,0.0,0.0,empty_bin
JUNCTIONS,3182,3180.5,3181.5,,,0.0,0.0,empty_bin
JUNCTIONS,3183,3181.5,3182.5,,,0.0,0.0,empty_bin
JUNCTIONS,3184,3182.5,3183.5,,,0.0,0.0,empty_bin
JUNCTIONS,3185,3183.5,3184.5,,,0.0,0.0,empty_bin
JUNCTIONS,3186,3184.5,3185.5,,,0.0,0.0,empty_bin
JUNCTIONS,3187,3185.5,3186.5,,,0.0,0.0,empty_bin
JUNCTIONS,3188,3186.5,3187.5,,,0.0,0.0,empty_bin
JUNCTIONS,3189,3187.5,3188.5,,,0.0,0.0,empty_bin
JUNCTIONS,3190,3188.5,3189.5,,,0.0,0.0,empty_bin
JUNCTIONS,3191,3189.5,3190.5,,,0.0,0.0,empty_bin
JUNCTIONS,3192,3190.5,3191.5,,,0.0,0.0,empty_bin
JUNCTIONS,3193,3191.5,3192.5,,,0.0,0.0,empty_bin
JUNCTIONS,3194,3192.5,3193.5,,,0.0,0.0,empty_bin
JUNCTIONS,3195,3193.5,3194.5,,,0.0,0.0,empty_bin
JUNCTIONS,3196,3194.5,3195.5,,,0.0,0.0,empty_bin
JUNCTIONS,3197,3195.5,3196.5,,,0.0,0.0,empty_bin
JUNCTIONS,3198,3196.5,3197.5,,,0.0,0.0,empty_bin
JUNCTIONS,3199,3197.5,3198.5,,,0.0,0.0,empty_bin
JUNCTIONS,3200,3198.5,3199.5,,,0.0,0.0,empty_bin
JUNCTIONS,3201,3199.5,3200.5,,,0.0,0.0,empty_bin
JUNCTIONS,3202,3200.5,3201.5,,,0.0,0.0,empty_bin
JUNCTIONS,3203,3201.5,3202.5,,,0.0,0.0,empty_bin
JUNCTIONS,3204,3202.5,3203.5,,,0.0,0.0,empty_bin
JUNCTIONS,3205,3203.5,3204.5,,,0.0,0.0,empty_bin
JUNCTIONS,3206,3204.5,3205.5,,,0.0,0.0,empty_bin
JUNCTIONS,3207,3205.5,3206.5,,,0.0,0.0,empty_bin
JUNCTIONS,3208,3206.5,3207.5,,,0.0,0.0,empty_bin
JUNCTIONS,3209,3207.5,3208.5,,,0.0,0.0,empty_bin
JUNCTIONS,3210,3208.5,3209.5,,,0.0,0.0,empty_bin
JUNCTIONS,3211,3209.5,3210.5,,,0.0,0.0,empty_bin
JUNCTIONS,3212,3210.5,3211.5,,,0.0,0.0,empty_bin
JUNCTIONS,3213,3211.5,3212.5,,,0.0,0.0,empty_bin
JUNCTIONS,3214,3212.5,3213.5,,,0.0,0.0,empty_bin
JUNCTIONS,3215,3213.5,3214.5,,,0.0,0.0,empty_bin
JUNCTIONS,3216,3214.5,3215.5,,,0.0,0.0,empty_bin
JUNCTIONS,3217,3215.5,3216.5,,,0.0,0.0,empty_bin
JUNCTIONS,3218,3216.5,3217.5,,,0.0,0.0,empty_bin
JUNCTIONS,3219,3217.5,3218.5,,,0.0,0.0,empty_bin
JUNCTIONS,3220,3218.5,3219.5,,,0.0,0.0,empty_bin
JUNCTIONS,3221,3219.5,3220.5,,,0.0,0.0,empty_bin
JUNCTIONS,3222,3220.5,3221.5,,,0.0,0.0,empty_bin
JUNCTIONS,3223,3221.5,3222.5,,,0.0,0.0,empty_bin
JUNCTIONS,3224,3222.5,3223.5,,,0.0,0.0,empty_bin
JUNCTIONS,3225,3223.5,3224.5,,,0.0,0.0,empty_bin
JUNCTIONS,3226,3224.5,3225.5,,,0.0,0.0,empty_bin
JUNCTIONS,3227,3225.5,3226.5,,,0.0,0.0,empty_bin
JUNCTIONS,3228,3226.5,3227.5,,,0.0,0.0,empty_bin
JUNCTIONS,3229,3227.5,3228.5,,,0.0,0.0,empty_bin
JUNCTIONS,3230,3228.5,3229.5,,,0.0,0.0,empty_bin
JUNCTIONS,3231,3229.5,3230.5,,,0.0,0.0,empty_bin
JUNCTIONS,3232,3230.5,3231.5,,,0.0,0.0,empty_bin
JUNCTIONS,3233,3231.5,3232.5,,,0.0,0.0,empty_bin
JUNCTIONS,3234,3232.5,3233.5,,,0.0,0.0,empty_bin
JUNCTIONS,3235,3233.5,3234.5,,,0.0,0.0,empty_bin
JUNCTIONS,3236,3234.5,3235.5,,,0.0,0.0,empty_bin
JUNCTIONS,3237,3235.5,3236.5,,,0.0,0.0,empty_bin
JUNCTIONS,3238,3236.5,3237.5,,,0.0,0.0,empty_bin
JUNCTIONS,3239,3237.5,3238.5,,,0.0,0.0,empty_bin
JUNCTIONS,3240,3238.5,3239.5,,,0.0,0.0,empty_bin
JUNCTIONS,3241,3239.5,3240.5,,,0.0,0.0,empty_bin
JUNCTIONS,3242,3240.5,3241.5,,,0.0,0.0,empty_bin
JUNCTIONS,3243,3241.5,3242.5,,,0.0,0.0,empty_bin
JUNCTIONS,3244,3242.5,3243.5,,,0.0,0.0,empty_bin
JUNCTIONS,3245,3243.5,3244.5,,,0.0,0.0,empty_bin
JUNCTIONS,3246,3244.5,3245.5,,,0.0,0.0,empty_bin
JUNCTIONS,3247,3245.5,3246.5,,,0.0,0.0,empty_bin
JUNCTIONS,3248,3246.5,3247.5,,,0.0,0.0,empty_bin
JUNCTIONS,3249,3247.5,3248.5,,,0.0,0.0,empty_bin
JUNCTIONS,3250,3248.5,3249.5,,,0.0,0.0,empty_bin
JUNCTIONS,3251,3249.5,3250.5,,,0.0,0.0,empty_bin
JUNCTIONS,3252,3250.5,3251.5,,,0.0,0.0,empty_bin
JUNCTIONS,3253,3251.5,3252.5,,,0.0,0.0,empty_bin
JUNCTIONS,3254,3252.5,3253.5,,,0.0,0.0,empty_bin
JUNCTIONS,3255,3253.5,3254.5,,,0.0,0.0,empty_bin
JUNCTIONS,3256,3254.5,3255.5,,,0.0,0.0,empty_bin
JUNCTIONS,3257,3255.5,3256.5,,,0.0,0.0,empty_bin
JUNCTIONS,3258,3256.5,3257.5,,,0.0,0.0,empty_bin
JUNCTIONS,3259,3257.5,3258.5,,,0.0,0.0,empty_bin
JUNCTIONS,3260,3258.5,3259.5,,,0.0,0.0,empty_bin
JUNCTIONS,3261,3259.5,3260.5,,,0.0,0.0,empty_bin
JUNCTIONS,3262,3260.5,3261.5,,,0.0,0.0,empty_bin
JUNCTIONS,3263,3261.5,3262.5,,,0.0,0.0,empty_bin
JUNCTIONS,3264,3262.5,3263.5,,,0.0,0.0,empty_bin
JUNCTIONS,3265,3263.5,3264.5,,,0.0,0.0,empty_bin
JUNCTIONS,3266,3264.5,3265.5,,,0.0,0.0,empty_bin
JUNCTIONS,3267,3265.5,3266.5,,,0.0,0.0,empty_bin
JUNCTIONS,3268,3266.5,3267.5,,,0.0,0.0,empty_bin
JUNCTIONS,3269,3267.5,3268.5,,,0.0,0.0,empty_bin
JUNCTIONS,3270,3268.5,3269.5,,,0.0,0.0,empty_bin
JUNCTIONS,3271,3269.5,3270.5,,,0.0,0.0,empty_bin
JUNCTIONS,3272,3270.5,3271.5,,,0.0,0.0,empty_bin
JUNCTIONS,3273,3271.5,3272.5,,,0.0,0.0,empty_bin
JUNCTIONS,3274,3272.5,3273.5,,,0.0,0.0,empty_bin
JUNCTIONS,3275,3273.5,3274.5,,,0.0,0.0,empty_bin
JUNCTIONS,3276,3274.5,3275.5,,,0.0,0.0,empty_bin
JUNCTIONS,3277,3275.5,3276.5,,,0.0,0.0,empty_bin
JUNCTIONS,3278,3276.5,3277.5,,,0.0,0.0,empty_bin
JUNCTIONS,3279,3277.5,3278.5,,,0.0,0.0,empty_bin
JUNCTIONS,3280,3278.5,3279.5,,,0.0,0.0,empty_bin
JUNCTIONS,3281,3279.5,3280.5,,,0.0,0.0,empty_bin
JUNCTIONS,3282,3280.5,3281.5,,,0.0,0.0,empty_bin
JUNCTIONS,3283,3281.5,3282.5,,,0.0,0.0,empty_bin
JUNCTIONS,3284,3282.5,3283.5,,,0.0,0.0,empty_bin
JUNCTIONS,3285,3283.5,3284.5,,,0.0,0.0,empty_bin
JUNCTIONS,3286,3284.5,3285.5,,,0.0,0.0,empty_bin
JUNCTIONS,3287,3285.5,3286.5,,,0.0,0.0,empty_bin
JUNCTIONS,3288,3286.5,3287.5,,,0.0,0.0,empty_bin
JUNCTIONS,3289,3287.5,3288.5,,,0.0,0.0,empty_bin
JUNCTIONS,3290,3288.5,3289.5,,,0.0,0.0,empty_bin
JUNCTIONS,3291,3289.5,3290.5,,,0.0,0.0,empty_bin
JUNCTIONS,3292,3290.5,3291.5,,,0.0,0.0,empty_bin
JUNCTIONS,3293,3291.5,3292.5,,,0.0,0.0,empty_bin
JUNCTIONS,3294,3292.5,3293.5,,,0.0,0.0,empty_bin
JUNCTIONS,3295,3293.5,3294.5,,,0.0,0.0,empty_bin
JUNCTIONS,3296,3294.5,3295.5,,,0.0,0.0,empty_bin
JUNCTIONS,3297,3295.5,3296.5,,,0.0,0.0,empty_bin
JUNCTIONS,3298,3296.5,3297.5,,,0.0,0.0,empty_bin
JUNCTIONS,3299,3297.5,3298.5,,,0.0,0.0,empty_bin
JUNCTIONS,3300,3298.5,3299.5,,,0.0,0.0,empty_bin
JUNCTIONS,3301,3299.5,3300.5,,,0.0,0.0,empty_bin
JUNCTIONS,3302,3300.5,3301.5,,,0.0,0.0,empty_bin
JUNCTIONS,3303,3301.5,3302.5,,,0.0,0.0,empty_bin
JUNCTIONS,3304,3302.5,3303.5,,,0.0,0.0,empty_bin
JUNCTIONS,3305,3303.5,3304.5,,,0.0,0.0,empty_bin
JUNCTIONS,3306,3304.5,3305.5,,,0.0,0.0,empty_bin
JUNCTIONS,3307,3305.5,3306.5,,,0.0,0.0,empty_bin
JUNCTIONS,3308,3306.5,3307.5,,,0.0,0.0,empty_bin
JUNCTIONS,3309,3307.5,3308.5,,,0.0,0.0,empty_bin
JUNCTIONS,3310,3308.5,3309.5,,,0.0,0.0,empty_bin
JUNCTIONS,3311,3309.5,3310.5,,,0.0,0.0,empty_bin
JUNCTIONS,3312,3310.5,3311.5,,,0.0,0.0,empty_bin
JUNCTIONS,3313,3311.5,3312.5,,,0.0,0.0,empty_bin
JUNCTIONS,3314,3312.5,3313.5,,,0.0,0.0,empty_bin
JUNCTIONS,3315,3313.5,3314.5,,,0.0,0.0,empty_bin
JUNCTIONS,3316,3314.5,3315.5,,,0.0,0.0,empty_bin
JUNCTIONS,3317,3315.5,3316.5,,,0.0,0.0,empty_bin
JUNCTIONS,3318,3316.5,3317.5,,,0.0,0.0,empty_bin
JUNCTIONS,3319,3317.5,3318.5,,,0.0,0.0,empty_bin
JUNCTIONS,3320,3318.5,3319.5,,,0.0,0.0,empty_bin
JUNCTIONS,3321,3319.5,3320.5,,,0.0,0.0,empty_bin
JUNCTIONS,3322,3320.5,3321.5,,,0.0,0.0,empty_bin
JUNCTIONS,3323,3321.5,3322.5,,,0.0,0.0,empty_bin
JUNCTIONS,3324,3322.5,3323.5,,,0.0,0.0,empty_bin
JUNCTIONS,3325,3323.5,3324.5,,,0.0,0.0,empty_bin
JUNCTIONS,3326,3324.5,3325.5,,,0.0,0.0,empty_bin
JUNCTIONS,3327,3325.5,3326.5,,,0.0,0.0,empty_bin
JUNCTIONS,3328,3326.5,3327.5,,,0.0,0.0,empty_bin
JUNCTIONS,3329,3327.5,3328.5,,,0.0,0.0,empty_bin
JUNCTIONS,3330,3328.5,3329.5,,,0.0,0.0,empty_bin
JUNCTIONS,3331,3329.5,3330.5,,,0.0,0.0,empty_bin
JUNCTIONS,3332,3330.5,3331.5,,,0.0,0.0,empty_bin
JUNCTIONS,3333,3331.5,3332.5,,,0.0,0.0,empty_bin
JUNCTIONS,3334,3332.5,3333.5,,,0.0,0.0,empty_bin
JUNCTIONS,3335,3333.5,3334.5,,,0.0,0.0,empty_bin
JUNCTIONS,3336,3334.5,3335.5,,,0.0,0.0,empty_bin
JUNCTIONS,3337,3335.5,3336.5,,,0.0,0.0,empty_bin
JUNCTIONS,3338,3336.5,3337.5,,,0.0,0.0,empty_bin
JUNCTIONS,3339,3337.5,3338.5,,,0.0,0.0,empty_bin
JUNCTIONS,3340,3338.5,3339.5,,,0.0,0.0,empty_bin
JUNCTIONS,3341,3339.5,3340.5,,,0.0,0.0,empty_bin
JUNCTIONS,3342,3340.5,3341.5,,,0.0,0.0,empty_bin
JUNCTIONS,3343,3341.5,3342.5,,,0.0,0.0,empty_bin
JUNCTIONS,3344,3342.5,3343.5,,,0.0,0.0,empty_bin
JUNCTIONS,3345,3343.5,3344.5,,,0.0,0.0,empty_bin
JUNCTIONS,3346,3344.5,3345.5,,,0.0,0.0,empty_bin
JUNCTIONS,3347,3345.5,3346.5,,,0.0,0.0,empty_bin
JUNCTIONS,3348,3346.5,3347.5,,,0.0,0.0,empty_bin
JUNCTIONS,3349,3347.5,3348.5,,,0.0,0.0,empty_bin
JUNCTIONS,3350,3348.5,3349.5,,,0.0,0.0,empty_bin
JUNCTIONS,3351,3349.5,3350.5,,,0.0,0.0,empty_bin
JUNCTIONS,3352,3350.5,3351.5,,,0.0,0.0,empty_bin
JUNCTIONS,3353,3351.5,3352.5,,,0.0,0.0,empty_bin
JUNCTIONS,3354,3352.5,3353.5,,,0.0,0.0,empty_bin
JUNCTIONS,3355,3353.5,3354.5,,,0.0,0.0,empty_bin
JUNCTIONS,3356,3354.5,3355.5,,,0.0,0.0,empty_bin
JUNCTIONS,3357,3355.5,3356.5,,,0.0,0.0,empty_bin
JUNCTIONS,3358,3356.5,3357.5,,,0.0,0.0,empty_bin
JUNCTIONS,3359,3357.5,3358.5,,,0.0,0.0,empty_bin
JUNCTIONS,3360,3358.5,3359.5,,,0.0,0.0,empty_bin
JUNCTIONS,3361,3359.5,3360.5,,,0.0,0.0,empty_bin
JUNCTIONS,3362,3360.5,3361.5,,,0.0,0.0,empty_bin
JUNCTIONS,3363,3361.5,3362.5,,,0.0,0.0,empty_bin
JUNCTIONS,3364,3362.5,3363.5,,,0.0,0.0,empty_bin
JUNCTIONS,3365,3363.5,3364.5,,,0.0,0.0,empty_bin
JUNCTIONS,3366,3364.5,3365.5,,,0.0,0.0,empty_bin
JUNCTIONS,3367,3365.5,3366.5,,,0.0,0.0,empty_bin
JUNCTIONS,3368,3366.5,3367.5,,,0.0,0.0,empty_bin
JUNCTIONS,3369,3367.5,3368.5,,,0.0,0.0,empty_bin
JUNCTIONS,3370,3368.5,3369.5,,,0.0,0.0,empty_bin
JUNCTIONS,3371,3369.5,3370.5,,,0.0,0.0,empty_bin
JUNCTIONS,3372,3370.5,3371.5,,,0.0,0.0,empty_bin
JUNCTIONS,3373,3371.5,3372.5,,,0.0,0.0,empty_bin
JUNCTIONS,3374,3372.5,3373.5,,,0.0,0.0,empty_bin
JUNCTIONS,3375,3373.5,3374.5,,,0.0,0.0,empty_bin
JUNCTIONS,3376,3374.5,3375.5,,,0.0,0.0,empty_bin
JUNCTIONS,3377,3375.5,3376.5,,,0.0,0.0,empty_bin
JUNCTIONS,3378,3376.5,3377.5,,,0.0,0.0,empty_bin
JUNCTIONS,3379,3377.5,3378.5,,,0.0,0.0,empty_bin
JUNCTIONS,3380,3378.5,3379.5,,,0.0,0.0,empty_bin
JUNCTIONS,3381,3379.5,3380.5,,,0.0,0.0,empty_bin
JUNCTIONS,3382,3380.5,3381.5,,,0.0,0.0,empty_bin
JUNCTIONS,3383,3381.5,3382.5,,,0.0,0.0,empty_bin
JUNCTIONS,3384,3382.5,3383.5,,,0.0,0.0,empty_bin
JUNCTIONS,3385,3383.5,3384.5,,,0.0,0.0,empty_bin
JUNCTIONS,3386,3384.5,3385.5,,,0.0,0.0,empty_bin
JUNCTIONS,3387,3385.5,3386.5,,,0.0,0.0,empty_bin
JUNCTIONS,3388,3386.5,3387.5,,,0.0,0.0,empty_bin
JUNCTIONS,3389,3387.5,3388.5,,,0.0,0.0,empty_bin
JUNCTIONS,3390,3388.5,3389.5,,,0.0,0.0,empty_bin
JUNCTIONS,3391,3389.5,3390.5,,,0.0,0.0,empty_bin
JUNCTIONS,3392,3390.5,3391.5,,,0.0,0.0,empty_bin
JUNCTIONS,3393,3391.5,3392.5,,,0.0,0.0,empty_bin
JUNCTIONS,3394,3392.5,3393.5,,,0.0,0.0,empty_bin
JUNCTIONS,3395,3393.5,3394.5,,,0.0,0.0,empty_bin
JUNCTIONS,3396,3394.5,3395.5,,,0.0,0.0,empty_bin
JUNCTIONS,3397,3395.5,3396.5,,,0.0,0.0,empty_bin
JUNCTIONS,3398,3396.5,3397.5,,,0.0,0.0,empty_bin
JUNCTIONS,3399,3397.5,3398.5,,,0.0,0.0,empty_bin
JUNCTIONS,3400,3398.5,3399.5,,,0.0,0.0,empty_bin
JUNCTIONS,3401,3399.5,3400.5,,,0.0,0.0,empty_bin
JUNCTIONS,3402,3400.5,3401.5,,,0.0,0.0,empty_bin
JUNCTIONS,3403,3401.5,3402.5,,,0.0,0.0,empty_bin
JUNCTIONS,3404,3402.5,3403.5,,,0.0,0.0,empty_bin
JUNCTIONS,3405,3403.5,3404.5,,,0.0,0.0,empty_bin
JUNCTIONS,3406,3404.5,3405.5,,,0.0,0.0,empty_bin
JUNCTIONS,3407,3405.5,3406.5,,,0.0,0.0,empty_bin
JUNCTIONS,3408,3406.5,3407.5,,,0.0,0.0,empty_bin
JUNCTIONS,3409,3407.5,3408.5,,,0.0,0.0,empty_bin
JUNCTIONS,3410,3408.5,3409.5,,,0.0,0.0,empty_bin
JUNCTIONS,3411,3409.5,3410.5,,,0.0,0.0,empty_bin
JUNCTIONS,3412,3410.5,3411.5,,,0.0,0.0,empty_bin
JUNCTIONS,3413,3411.5,3412.5,,,0.0,0.0,empty_bin
JUNCTIONS,3414,3412.5,3413.5,,,0.0,0.0,empty_bin
JUNCTIONS,3415,3413.5,3414.5,,,0.0,0.0,empty_bin
JUNCTIONS,3416,3414.5,3415.5,,,0.0,0.0,empty_bin
JUNCTIONS,3417,3415.5,3416.5,,,0.0,0.0,empty_bin
JUNCTIONS,3418,3416.5,3417.5,,,0.0,0.0,empty_bin
JUNCTIONS,3419,3417.5,3418.5,,,0.0,0.0,empty_bin
JUNCTIONS,3420,3418.5,3419.5,,,0.0,0.0,empty_bin
JUNCTIONS,3421,3419.5,3420.5,,,0.0,0.0,empty_bin
JUNCTIONS,3422,3420.5,3421.5,,,0.0,0.0,empty_bin
JUNCTIONS,3423,3421.5,3422.5,,,0.0,0.0,empty_bin
JUNCTIONS,3424,3422.5,3423.5,,,0.0,0.0,empty_bin
JUNCTIONS,3425,3423.5,3424.5,,,0.0,0.0,empty_bin
JUNCTIONS,3426,3424.5,3425.5,,,0.0,0.0,empty_bin
JUNCTIONS,3427,3425.5,3426.5,,,0.0,0.0,empty_bin
JUNCTIONS,3428,3426.5,3427.5,,,0.0,0.0,empty_bin
JUNCTIONS,3429,3427.5,3428.5,,,0.0,0.0,empty_bin
JUNCTIONS,3430,3428.5,3429.5,,,0.0,0.0,empty_bin
JUNCTIONS,3431,3429.5,3430.5,,,0.0,0.0,empty_bin
JUNCTIONS,3432,3430.5,3431.5,,,0.0,0.0,empty_bin
JUNCTIONS,3433,3431.5,3432.5,,,0.0,0.0,empty_bin
JUNCTIONS,3434,3432.5,3433.5,,,0.0,0.0,empty_bin
JUNCTIONS,3435,3433.5,3434.5,,,0.0,0.0,empty_bin
JUNCTIONS,3436,3434.5,3435.5,,,0.0,0.0,empty_bin
JUNCTIONS,3437,3435.5,3436.5,,,0.0,0.0,empty_bin
JUNCTIONS,3438,3436.5,3437.5,,,0.0,0.0,empty_bin
JUNCTIONS,3439,3437.5,3438.5,,,0.0,0.0,empty_bin
JUNCTIONS,3440,3438.5,3439.5,,,0.0,0.0,empty_bin
JUNCTIONS,3441,3439.5,3440.5,,,0.0,0.0,empty_bin
JUNCTIONS,3442,3440.5,3441.5,,,0.0,0.0,empty_bin
JUNCTIONS,3443,3441.5,3442.5,,,0.0,0.0,empty_bin
JUNCTIONS,3444,3442.5,3443.5,,,0.0,0.0,empty_bin
JUNCTIONS,3445,3443.5,3444.5,,,0.0,0.0,empty_bin
JUNCTIONS,3446,3444.5,3445.5,,,0.0,0.0,empty_bin
JUNCTIONS,3447,3445.5,3446.5,,,0.0,0.0,empty_bin
JUNCTIONS,3448,3446.5,3447.5,,,0.0,0.0,empty_bin
JUNCTIONS,3449,3447.5,3448.5,,,0.0,0.0,empty_bin
JUNCTIONS,3450,3448.5,3449.5,,,0.0,0.0,empty_bin
JUNCTIONS,3451,3449.5,3450.5,,,0.0,0.0,empty_bin
JUNCTIONS,3452,3450.5,3451.5,,,0.0,0.0,empty_bin
JUNCTIONS,3453,3451.5,3452.5,,,0.0,0.0,empty_bin
JUNCTIONS,3454,3452.5,3453.5,,,0.0,0.0,empty_bin
JUNCTIONS,3455,3453.5,3454.5,,,0.0,0.0,empty_bin
JUNCTIONS,3456,3454.5,3455.5,,,0.0,0.0,empty_bin
JUNCTIONS,3457,3455.5,3456.5,,,0.0,0.0,empty_bin
JUNCTIONS,3458,3456.5,3457.5,,,0.0,0.0,empty_bin
JUNCTIONS,3459,3457.5,3458.5,,,0.0,0.0,empty_bin
JUNCTIONS,3460,3458.5,3459.5,,,0.0,0.0,empty_bin
JUNCTIONS,3461,3459.5,3460.5,,,0.0,0.0,empty_bin
JUNCTIONS,3462,3460.5,3461.5,,,0.0,0.0,empty_bin
JUNCTIONS,3463,3461.5,3462.5,,,0.0,0.0,empty_bin
JUNCTIONS,3464,3462.5,3463.5,,,0.0,0.0,empty_bin
JUNCTIONS,3465,3463.5,3464.5,,,0.0,0.0,empty_bin
JUNCTIONS,3466,3464.5,3465.5,,,0.0,0.0,empty_bin
JUNCTIONS,3467,3465.5,3466.5,,,0.0,0.0,empty_bin
JUNCTIONS,3468,3466.5,3467.5,,,0.0,0.0,empty_bin
JUNCTIONS,3469,3467.5,3468.5,,,0.0,0.0,empty_bin
JUNCTIONS,3470,3468.5,3469.5,,,0.0,0.0,empty_bin
JUNCTIONS,3471,3469.5,3470.5,,,0.0,0.0,empty_bin
JUNCTIONS,3472,3470.5,3471.5,,,0.0,0.0,empty_bin
JUNCTIONS,3473,3471.5,3472.5,,,0.0,0.0,empty_bin
JUNCTIONS,3474,3472.5,3473.5,,,0.0,0.0,empty_bin
JUNCTIONS,3475,3473.5,3474.5,,,0.0,0.0,empty_bin
JUNCTIONS,3476,3474.5,3475.5,,,0.0,0.0,empty_bin
JUNCTIONS,3477,3475.5,3476.5,,,0.0,0.0,empty_bin
JUNCTIONS,3478,3476.5,3477.5,,,0.0,0.0,empty_bin
JUNCTIONS,3479,3477.5,3478.5,,,0.0,0.0,empty_bin
JUNCTIONS,3480,3478.5,3479.5,,,0.0,0.0,empty_bin
JUNCTIONS,3481,3479.5,3480.5,,,0.0,0.0,empty_bin
JUNCTIONS,3482,3480.5,3481.5,,,0.0,0.0,empty_bin
JUNCTIONS,3483,3481.5,3482.5,,,0.0,0.0,empty_bin
JUNCTIONS,3484,3482.5,3483.5,,,0.0,0.0,empty_bin
JUNCTIONS,3485,3483.5,3484.5,,,0.0,0.0,empty_bin
JUNCTIONS,3486,3484.5,3485.5,,,0.0,0.0,empty_bin
JUNCTIONS,3487,3485.5,3486.5,,,0.0,0.0,empty_bin
JUNCTIONS,3488,3486.5,3487.5,,,0.0,0.0,empty_bin
JUNCTIONS,3489,3487.5,3488.5,,,0.0,0.0,empty_bin
JUNCTIONS,3490,3488.5,3489.5,,,0.0,0.0,empty_bin
JUNCTIONS,3491,3489.5,3490.5,,,0.0,0.0,empty_bin
JUNCTIONS,3492,3490.5,3491.5,,,0.0,0.0,empty_bin
JUNCTIONS,3493,3491.5,3492.5,,,0.0,0.0,empty_bin
JUNCTIONS,3494,3492.5,3493.5,,,0.0,0.0,empty_bin
JUNCTIONS,3495,3493.5,3494.5,,,0.0,0.0,empty_bin
JUNCTIONS,3496,3494.5,3495.5,,,0.0,0.0,empty_bin
JUNCTIONS,3497,3495.5,3496.5,,,0.0,0.0,empty_bin
JUNCTIONS,3498,3496.5,3497.5,,,0.0,0.0,empty_bin
JUNCTIONS,3499,3497.5,3498.5,,,0.0,0.0,empty_bin
JUNCTIONS,3500,3498.5,3499.5,,,0.0,0.0,empty_bin
JUNCTIONS,3501,3499.5,3500.5,,,0.0,0.0,empty_bin
JUNCTIONS,3502,3500.5,3501.5,,,0.0,0.0,empty_bin
JUNCTIONS,3503,3501.5,3502.5,,,0.0,0.0,empty_bin
JUNCTIONS,3504,3502.5,3503.5,,,0.0,0.0,empty_bin
JUNCTIONS,3505,3503.5,3504.5,,,0.0,0.0,empty_bin
JUNCTIONS,3506,3504.5,3505.5,,,0.0,0.0,empty_bin
JUNCTIONS,3507,3505.5,3506.5,,,0.0,0.0,empty_bin
JUNCTIONS,3508,3506.5,3507.5,,,0.0,0.0,empty_bin
JUNCTIONS,3509,3507.5,3508.5,,,0.0,0.0,empty_bin
JUNCTIONS,3510,3508.5,3509.5,,,0.0,0.0,empty_bin
JUNCTIONS,3511,3509.5,3510.5,,,0.0,0.0,empty_bin
JUNCTIONS,3512,3510.5,3511.5,,,0.0,0.0,empty_bin
JUNCTIONS,3513,3511.5,3512.5,,,0.0,0.0,empty_bin
JUNCTIONS,3514,3512.5,3513.5,,,0.0,0.0,empty_bin
JUNCTIONS,3515,3513.5,3514.5,,,0.0,0.0,empty_bin
JUNCTIONS,3516,3514.5,3515.5,,,0.0,0.0,empty_bin
JUNCTIONS,3517,3515.5,3516.5,,,0.0,0.0,empty_bin
JUNCTIONS,3518,3516.5,3517.5,,,0.0,0.0,empty_bin
JUNCTIONS,3519,3517.5,3518.5,,,0.0,0.0,empty_bin
JUNCTIONS,3520,3518.5,3519.5,,,0.0,0.0,empty_bin
JUNCTIONS,3521,3519.5,3520.5,,,0.0,0.0,empty_bin
JUNCTIONS,3522,3520.5,3521.5,,,0.0,0.0,empty_bin
JUNCTIONS,3523,3521.5,3522.5,,,0.0,0.0,empty_bin
JUNCTIONS,3524,3522.5,3523.5,,,0.0,0.0,empty_bin
JUNCTIONS,3525,3523.5,3524.5,,,0.0,0.0,empty_bin
JUNCTIONS,3526,3524.5,3525.5,,,0.0,0.0,empty_bin
JUNCTIONS,3527,3525.5,3526.5,,,0.0,0.0,empty_bin
JUNCTIONS,3528,3526.5,3527.5,,,0.0,0.0,empty_bin
JUNCTIONS,3529,3527.5,3528.5,,,0.0,0.0,empty_bin
JUNCTIONS,3530,3528.5,3529.5,,,0.0,0.0,empty_bin
JUNCTIONS,3531,3529.5,3530.5,,,0.0,0.0,empty_bin
JUNCTIONS,3532,3530.5,3531.5,,,0.0,0.0,empty_bin
JUNCTIONS,3533,3531.5,3532.5,,,0.0,0.0,empty_bin
JUNCTIONS,3534,3532.5,3533.5,,,0.0,0.0,empty_bin
JUNCTIONS,3535,3533.5,3534.5,,,0.0,0.0,empty_bin
JUNCTIONS,3536,3534.5,3535.5,,,0.0,0.0,empty_bin
JUNCTIONS,3537,3535.5,3536.5,,,0.0,0.0,empty_bin
JUNCTIONS,3538,3536.5,3537.5,,,0.0,0.0,empty_bin
JUNCTIONS,3539,3537.5,3538.5,,,0.0,0.0,empty_bin
JUNCTIONS,3540,3538.5,3539.5,,,0.0,0.0,empty_bin
JUNCTIONS,3541,3539.5,3540.5,,,0.0,0.0,empty_bin
JUNCTIONS,3542,3540.5,3541.5,,,0.0,0.0,empty_bin
JUNCTIONS,3543,3541.5,3542.5,,,0.0,0.0,empty_bin
JUNCTIONS,3544,3542.5,3543.5,,,0.0,0.0,empty_bin
JUNCTIONS,3545,3543.5,3544.5,,,0.0,0.0,empty_bin
JUNCTIONS,3546,3544.5,3545.5,,,0.0,0.0,empty_bin
JUNCTIONS,3547,3545.5,3546.5,,,0.0,0.0,empty_bin
JUNCTIONS,3548,3546.5,3547.5,,,0.0,0.0,empty_bin
JUNCTIONS,3549,3547.5,3548.5,,,0.0,0.0,empty_bin
JUNCTIONS,3550,3548.5,3549.5,,,0.0,0.0,empty_bin
JUNCTIONS,3551,3549.5,3550.5,,,0.0,0.0,empty_bin
JUNCTIONS,3552,3550.5,3551.5,,,0.0,0.0,empty_bin
JUNCTIONS,3553,3551.5,3552.5,,,0.0,0.0,empty_bin
JUNCTIONS,3554,3552.5,3553.5,,,0.0,0.0,empty_bin
JUNCTIONS,3555,3553.5,3554.5,,,0.0,0.0,empty_bin
JUNCTIONS,3556,3554.5,3555.5,,,0.0,0.0,empty_bin
JUNCTIONS,3557,3555.5,3556.5,,,0.0,0.0,empty_bin
JUNCTIONS,3558,3556.5,3557.5,,,0.0,0.0,empty_bin
JUNCTIONS,3559,3557.5,3558.5,,,0.0,0.0,empty_bin
JUNCTIONS,3560,3558.5,3559.5,,,0.0,0.0,empty_bin
JUNCTIONS,3561,3559.5,3560.5,,,0.0,0.0,empty_bin
JUNCTIONS,3562,3560.5,3561.5,,,0.0,0.0,empty_bin
JUNCTIONS,3563,3561.5,3562.5,,,0.0,0.0,empty_bin
JUNCTIONS,3564,3562.5,3563.5,,,0.0,0.0,empty_bin
JUNCTIONS,3565,3563.5,3564.5,,,0.0,0.0,empty_bin
JUNCTIONS,3566,3564.5,3565.5,,,0.0,0.0,empty_bin
JUNCTIONS,3567,3565.5,3566.5,,,0.0,0.0,empty_bin
JUNCTIONS,3568,3566.5,3567.5,,,0.0,0.0,empty_bin
JUNCTIONS,3569,3567.5,3568.5,,,0.0,0.0,empty_bin
JUNCTIONS,3570,3568.5,3569.5,,,0.0,0.0,empty_bin
JUNCTIONS,3571,3569.5,3570.5,,,0.0,0.0,empty_bin
JUNCTIONS,3572,3570.5,3571.5,,,0.0,0.0,empty_bin
JUNCTIONS,3573,3571.5,3572.5,,,0.0,0.0,empty_bin
JUNCTIONS,3574,3572.5,3573.5,,,0.0,0.0,empty_bin
JUNCTIONS,3575,3573.5,3574.5,,,0.0,0.0,empty_bin
JUNCTIONS,3576,3574.5,3575.5,,,0.0,0.0,empty_bin
JUNCTIONS,3577,3575.5,3576.5,,,0.0,0.0,empty_bin
JUNCTIONS,3578,3576.5,3577.5,,,0.0,0.0,empty_bin
JUNCTIONS,3579,3577.5,3578.5,,,0.0,0.0,empty_bin
JUNCTIONS,3580,3578.5,3579.5,,,0.0,0.0,empty_bin
JUNCTIONS,3581,3579.5,3580.5,,,0.0,0.0,empty_bin
JUNCTIONS,3582,3580.5,3581.5,,,0.0,0.0,empty_bin
JUNCTIONS,3583,3581.5,3582.5,,,0.0,0.0,empty_bin
JUNCTIONS,3584,3582.5,3583.5,,,0.0,0.0,empty_bin
JUNCTIONS,3585,3583.5,3584.5,,,0.0,0.0,empty_bin
JUNCTIONS,3586,3584.5,3585.5,,,0.0,0.0,empty_bin
JUNCTIONS,3587,3585.5,3586.5,,,0.0,0.0,empty_bin
JUNCTIONS,3588,3586.5,3587.5,,,0.0,0.0,empty_bin
JUNCTIONS,3589,3587.5,3588.5,,,0.0,0.0,empty_bin
JUNCTIONS,3590,3588.5,3589.5,,,0.0,0.0,empty_bin
JUNCTIONS,3591,3589.5,3590.5,,,0.0,0.0,empty_bin
JUNCTIONS,3592,3590.5,3591.5,,,0.0,0.0,empty_bin
JUNCTIONS,3593,3591.5,3592.5,,,0.0,0.0,empty_bin
JUNCTIONS,3594,3592.5,3593.5,,,0.0,0.0,empty_bin
JUNCTIONS,3595,3593.5,3594.5,,,0.0,0.0,empty_bin
JUNCTIONS,3596,3594.5,3595.5,,,0.0,0.0,empty_bin
JUNCTIONS,3597,3595.5,3596.5,,,0.0,0.0,empty_bin
JUNCTIONS,3598,3596.5,3597.5,,,0.0,0.0,empty_bin
JUNCTIONS,3599,3597.5,3598.5,,,0.0,0.0,empty_bin
JUNCTIONS,3600,3598.5,3599.5,,,0.0,0.0,empty_bin
JUNCTIONS,3601,3599.5,3600.5,,,0.0,0.0,empty_bin
JUNCTIONS,3602,3600.5,3601.5,,,0.0,0.0,empty_bin
JUNCTIONS,3603,3601.5,3602.5,,,0.0,0.0,empty_bin
JUNCTIONS,3604,3602.5,3603.5,,,0.0,0.0,empty_bin
JUNCTIONS,3605,3603.5,3604.5,,,0.0,0.0,empty_bin
JUNCTIONS,3606,3604.5,3605.5,,,0.0,0.0,empty_bin
JUNCTIONS,3607,3605.5,3606.5,,,0.0,0.0,empty_bin
JUNCTIONS,3608,3606.5,3607.5,,,0.0,0.0,empty_bin
JUNCTIONS,3609,3607.5,3608.5,,,0.0,0.0,empty_bin
JUNCTIONS,3610,3608.5,3609.5,,,0.0,0.0,empty_bin
JUNCTIONS,3611,3609.5,3610.5,,,0.0,0.0,empty_bin
JUNCTIONS,3612,3610.5,3611.5,,,0.0,0.0,empty_bin
JUNCTIONS,3613,3611.5,3612.5,,,0.0,0.0,empty_bin
JUNCTIONS,3614,3612.5,3613.5,,,0.0,0.0,empty_bin
JUNCTIONS,3615,3613.5,3614.5,,,0.0,0.0,empty_bin
JUNCTIONS,3616,3614.5,3615.5,,,0.0,0.0,empty_bin
JUNCTIONS,3617,3615.5,3616.5,,,0.0,0.0,empty_bin
JUNCTIONS,3618,3616.5,3617.5,,,0.0,0.0,empty_bin
JUNCTIONS,3619,3617.5,3618.5,,,0.0,0.0,empty_bin
JUNCTIONS,3620,3618.5,3619.5,,,0.0,0.0,empty_bin
JUNCTIONS,3621,3619.5,3620.5,,,0.0,0.0,empty_bin
JUNCTIONS,3622,3620.5,3621.5,,,0.0,0.0,empty_bin
JUNCTIONS,3623,3621.5,3622.5,,,0.0,0.0,empty_bin
JUNCTIONS,3624,3622.5,3623.5,,,0.0,0.0,empty_bin
JUNCTIONS,3625,3623.5,3624.5,,,0.0,0.0,empty_bin
JUNCTIONS,3626,3624.5,3625.5,,,0.0,0.0,empty_bin
JUNCTIONS,3627,3625.5,3626.5,,,0.0,0.0,empty_bin
JUNCTIONS,3628,3626.5,3627.5,,,0.0,0.0,empty_bin
JUNCTIONS,3629,3627.5,3628.5,,,0.0,0.0,empty_bin
JUNCTIONS,3630,3628.5,3629.5,,,0.0,0.0,empty_bin
JUNCTIONS,3631,3629.5,3630.5,,,0.0,0.0,empty_bin
JUNCTIONS,3632,3630.5,3631.5,,,0.0,0.0,empty_bin
JUNCTIONS,3633,3631.5,3632.5,,,0.0,0.0,empty_bin
JUNCTIONS,3634,3632.5,3633.5,,,0.0,0.0,empty_bin
JUNCTIONS,3635,3633.5,3634.5,,,0.0,0.0,empty_bin
JUNCTIONS,3636,3634.5,3635.5,,,0.0,0.0,empty_bin
JUNCTIONS,3637,3635.5,3636.5,,,0.0,0.0,empty_bin
JUNCTIONS,3638,3636.5,3637.5,,,0.0,0.0,empty_bin
JUNCTIONS,3639,3637.5,3638.5,,,0.0,0.0,empty_bin
JUNCTIONS,3640,3638.5,3639.5,,,0.0,0.0,empty_bin
JUNCTIONS,3641,3639.5,3640.5,,,0.0,0.0,empty_bin
JUNCTIONS,3642,3640.5,3641.5,,,0.0,0.0,empty_bin
JUNCTIONS,3643,3641.5,3642.5,,,0.0,0.0,empty_bin
JUNCTIONS,3644,3642.5,3643.5,,,0.0,0.0,empty_bin
JUNCTIONS,3645,3643.5,3644.5,,,0.0,0.0,empty_bin
JUNCTIONS,3646,3644.5,3645.5,,,0.0,0.0,empty_bin
JUNCTIONS,3647,3645.5,3646.5,,,0.0,0.0,empty_bin
JUNCTIONS,3648,3646.5,3647.5,,,0.0,0.0,empty_bin
JUNCTIONS,3649,3647.5,3648.5,,,0.0,0.0,empty_bin
JUNCTIONS,3650,3648.5,3649.5,,,0.0,0.0,empty_bin
JUNCTIONS,3651,3649.5,3650.5,,,0.0,0.0,empty_bin
JUNCTIONS,3652,3650.5,3651.5,,,0.0,0.0,empty_bin
JUNCTIONS,3653,3651.5,3652.5,,,0.0,0.0,empty_bin
JUNCTIONS,3654,3652.5,3653.5,,,0.0,0.0,empty_bin
JUNCTIONS,3655,3653.5,3654.5,,,0.0,0.0,empty_bin
JUNCTIONS,3656,3654.5,3655.5,,,0.0,0.0,empty_bin
JUNCTIONS,3657,3655.5,3656.5,,,0.0,0.0,empty_bin
JUNCTIONS,3658,3656.5,3657.5,,,0.0,0.0,empty_bin
JUNCTIONS,3659,3657.5,3658.5,,,0.0,0.0,empty_bin
JUNCTIONS,3660,3658.5,3659.5,,,0.0,0.0,empty_bin
JUNCTIONS,3661,3659.5,3660.5,,,0.0,0.0,empty_bin
JUNCTIONS,3662,3660.5,3661.5,,,0.0,0.0,empty_bin
JUNCTIONS,3663,3661.5,3662.5,,,0.0,0.0,empty_bin
JUNCTIONS,3664,3662.5,3663.5,,,0.0,0.0,empty_bin
JUNCTIONS,3665,3663.5,3664.5,,,0.0,0.0,empty_bin
JUNCTIONS,3666,3664.5,3665.5,,,0.0,0.0,empty_bin
JUNCTIONS,3667,3665.5,3666.5,,,0.0,0.0,empty_bin
JUNCTIONS,3668,3666.5,3667.5,,,0.0,0.0,empty_bin
JUNCTIONS,3669,3667.5,3668.5,,,0.0,0.0,empty_bin
JUNCTIONS,3670,3668.5,3669.5,,,0.0,0.0,empty_bin
JUNCTIONS,3671,3669.5,3670.5,,,0.0,0.0,empty_bin
JUNCTIONS,3672,3670.5,3671.5,,,0.0,0.0,empty_bin
JUNCTIONS,3673,3671.5,3672.5,,,0.0,0.0,empty_bin
JUNCTIONS,3674,3672.5,3673.5,,,0.0,0.0,empty_bin
JUNCTIONS,3675,3673.5,3674.5,,,0.0,0.0,empty_bin
JUNCTIONS,3676,3674.5,3675.5,,,0.0,0.0,empty_bin
JUNCTIONS,3677,3675.5,3676.5,,,0.0,0.0,empty_bin
JUNCTIONS,3678,3676.5,3677.5,,,0.0,0.0,empty_bin
JUNCTIONS,3679,3677.5,3678.5,,,0.0,0.0,empty_bin
JUNCTIONS,3680,3678.5,3679.5,,,0.0,0.0,empty_bin
JUNCTIONS,3681,3679.5,3680.5,,,0.0,0.0,empty_bin
JUNCTIONS,3682,3680.5,3681.5,,,0.0,0.0,empty_bin
JUNCTIONS,3683,3681.5,3682.5,,,0.0,0.0,empty_bin
JUNCTIONS,3684,3682.5,3683.5,,,0.0,0.0,empty_bin
JUNCTIONS,3685,3683.5,3684.5,,,0.0,0.0,empty_bin
JUNCTIONS,3686,3684.5,3685.5,,,0.0,0.0,empty_bin
JUNCTIONS,3687,3685.5,3686.5,,,0.0,0.0,empty_bin
JUNCTIONS,3688,3686.5,3687.5,,,0.0,0.0,empty_bin
JUNCTIONS,3689,3687.5,3688.5,,,0.0,0.0,empty_bin
JUNCTIONS,3690,3688.5,3689.5,,,0.0,0.0,empty_bin
JUNCTIONS,3691,3689.5,3690.5,,,0.0,0.0,empty_bin
JUNCTIONS,3692,3690.5,3691.5,,,0.0,0.0,empty_bin
JUNCTIONS,3693,3691.5,3692.5,,,0.0,0.0,empty_bin
JUNCTIONS,3694,3692.5,3693.5,,,0.0,0.0,empty_bin
JUNCTIONS,3695,3693.5,3694.5,,,0.0,0.0,empty_bin
JUNCTIONS,3696,3694.5,3695.5,,,0.0,0.0,empty_bin
JUNCTIONS,3697,3695.5,3696.5,,,0.0,0.0,empty_bin
JUNCTIONS,3698,3696.5,3697.5,,,0.0,0.0,empty_bin
JUNCTIONS,3699,3697.5,3698.5,,,0.0,0.0,empty_bin
JUNCTIONS,3700,3698.5,3699.5,,,0.0,0.0,empty_bin
JUNCTIONS,3701,3699.5,3700.5,,,0.0,0.0,empty_bin
JUNCTIONS,3702,3700.5,3701.5,,,0.0,0.0,empty_bin
JUNCTIONS,3703,3701.5,3702.5,,,0.0,0.0,empty_bin
JUNCTIONS,3704,3702.5,3703.5,,,0.0,0.0,empty_bin
JUNCTIONS,3705,3703.5,3704.5,,,0.0,0.0,empty_bin
JUNCTIONS,3706,3704.5,3705.5,,,0.0,0.0,empty_bin
JUNCTIONS,3707,3705.5,3706.5,,,0.0,0.0,empty_bin
JUNCTIONS,3708,3706.5,3707.5,,,0.0,0.0,empty_bin
JUNCTIONS,3709,3707.5,3708.5,,,0.0,0.0,empty_bin
JUNCTIONS,3710,3708.5,3709.5,,,0.0,0.0,empty_bin
JUNCTIONS,3711,3709.5,3710.5,,,0.0,0.0,empty_bin
JUNCTIONS,3712,3710.5,3711.5,,,0.0,0.0,empty_bin
JUNCTIONS,3713,3711.5,3712.5,,,0.0,0.0,empty_bin
JUNCTIONS,3714,3712.5,3713.5,,,0.0,0.0,empty_bin
JUNCTIONS,3715,3713.5,3714.5,,,0.0,0.0,empty_bin
JUNCTIONS,3716,3714.5,3715.5,,,0.0,0.0,empty_bin
JUNCTIONS,3717,3715.5,3716.5,,,0.0,0.0,empty_bin
JUNCTIONS,3718,3716.5,3717.5,,,0.0,0.0,empty_bin
JUNCTIONS,3719,3717.5,3718.5,,,0.0,0.0,empty_bin
JUNCTIONS,3720,3718.5,3719.5,,,0.0,0.0,empty_bin
JUNCTIONS,3721,3719.5,3720.5,,,0.0,0.0,empty_bin
JUNCTIONS,3722,3720.5,3721.5,,,0.0,0.0,empty_bin
JUNCTIONS,3723,3721.5,3722.5,,,0.0,0.0,empty_bin
JUNCTIONS,3724,3722.5,3723.5,,,0.0,0.0,empty_bin
JUNCTIONS,3725,3723.5,3724.5,,,0.0,0.0,empty_bin
JUNCTIONS,3726,3724.5,3725.5,,,0.0,0.0,empty_bin
JUNCTIONS,3727,3725.5,3726.5,,,0.0,0.0,empty_bin
JUNCTIONS,3728,3726.5,3727.5,,,0.0,0.0,empty_bin
JUNCTIONS,3729,3727.5,3728.5,,,0.0,0.0,empty_bin
JUNCTIONS,3730,3728.5,3729.5,,,0.0,0.0,empty_bin
JUNCTIONS,3731,3729.5,3730.5,,,0.0,0.0,empty_bin
JUNCTIONS,3732,3730.5,3731.5,,,0.0,0.0,empty_bin
JUNCTIONS,3733,3731.5,3732.5,,,0.0,0.0,empty_bin
JUNCTIONS,3734,3732.5,3733.5,,,0.0,0.0,empty_bin
JUNCTIONS,3735,3733.5,3734.5,,,0.0,0.0,empty_bin
JUNCTIONS,3736,3734.5,3735.5,,,0.0,0.0,empty_bin
JUNCTIONS,3737,3735.5,3736.5,,,0.0,0.0,empty_bin
JUNCTIONS,3738,3736.5,3737.5,,,0.0,0.0,empty_bin
JUNCTIONS,3739,3737.5,3738.5,,,0.0,0.0,empty_bin
JUNCTIONS,3740,3738.5,3739.5,,,0.0,0.0,empty_bin
JUNCTIONS,3741,3739.5,3740.5,,,0.0,0.0,empty_bin
JUNCTIONS,3742,3740.5,3741.5,,,0.0,0.0,empty_bin
JUNCTIONS,3743,3741.5,3742.5,,,0.0,0.0,empty_bin
JUNCTIONS,3744,3742.5,3743.5,,,0.0,0.0,empty_bin
JUNCTIONS,3745,3743.5,3744.5,,,0.0,0.0,empty_bin
JUNCTIONS,3746,3744.5,3745.5,,,0.0,0.0,empty_bin
JUNCTIONS,3747,3745.5,3746.5,,,0.0,0.0,empty_bin
JUNCTIONS,3748,3746.5,3747.5,,,0.0,0.0,empty_bin
JUNCTIONS,3749,3747.5,3748.5,,,0.0,0.0,empty_bin
JUNCTIONS,3750,3748.5,3749.5,,,0.0,0.0,empty_bin
JUNCTIONS,3751,3749.5,3750.5,,,0.0,0.0,empty_bin
JUNCTIONS,3752,3750.5,3751.5,,,0.0,0.0,empty_bin
JUNCTIONS,3753,3751.5,3752.5,,,0.0,0.0,empty_bin
JUNCTIONS,3754,3752.5,3753.5,,,0.0,0.0,empty_bin
JUNCTIONS,3755,3753.5,3754.5,,,0.0,0.0,empty_bin
JUNCTIONS,3756,3754.5,3755.5,,,0.0,0.0,empty_bin
JUNCTIONS,3757,3755.5,3756.5,,,0.0,0.0,empty_bin
JUNCTIONS,3758,3756.5,3757.5,,,0.0,0.0,empty_bin
JUNCTIONS,3759,3757.5,3758.5,,,0.0,0.0,empty_bin
JUNCTIONS,3760,3758.5,3759.5,,,0.0,0.0,empty_bin
JUNCTIONS,3761,3759.5,3760.5,,,0.0,0.0,empty_bin
JUNCTIONS,3762,3760.5,3761.5,,,0.0,0.0,empty_bin
JUNCTIONS,3763,3761.5,3762.5,,,0.0,0.0,empty_bin
JUNCTIONS,3764,3762.5,3763.5,,,0.0,0.0,empty_bin
JUNCTIONS,3765,3763.5,3764.5,,,0.0,0.0,empty_bin
JUNCTIONS,3766,3764.5,3765.5,,,0.0,0.0,empty_bin
JUNCTIONS,3767,3765.5,3766.5,,,0.0,0.0,empty_bin
JUNCTIONS,3768,3766.5,3767.5,,,0.0,0.0,empty_bin
JUNCTIONS,3769,3767.5,3768.5,,,0.0,0.0,empty_bin
JUNCTIONS,3770,3768.5,3769.5,,,0.0,0.0,empty_bin
JUNCTIONS,3771,3769.5,3770.5,,,0.0,0.0,empty_bin
JUNCTIONS,3772,3770.5,3771.5,,,0.0,0.0,empty_bin
JUNCTIONS,3773,3771.5,3772.5,,,0.0,0.0,empty_bin
JUNCTIONS,3774,3772.5,3773.5,,,0.0,0.0,empty_bin
JUNCTIONS,3775,3773.5,3774.5,,,0.0,0.0,empty_bin
JUNCTIONS,3776,3774.5,3775.5,,,0.0,0.0,empty_bin
JUNCTIONS,3777,3775.5,3776.5,,,0.0,0.0,empty_bin
JUNCTIONS,3778,3776.5,3777.5,,,0.0,0.0,empty_bin
JUNCTIONS,3779,3777.5,3778.5,,,0.0,0.0,empty_bin
JUNCTIONS,3780,3778.5,3779.5,,,0.0,0.0,empty_bin
JUNCTIONS,3781,3779.5,3780.5,,,0.0,0.0,empty_bin
JUNCTIONS,3782,3780.5,3781.5,,,0.0,0.0,empty_bin
JUNCTIONS,3783,3781.5,3782.5,,,0.0,0.0,empty_bin
JUNCTIONS,3784,3782.5,3783.5,,,0.0,0.0,empty_bin
JUNCTIONS,3785,3783.5,3784.5,,,0.0,0.0,empty_bin
JUNCTIONS,3786,3784.5,3785.5,,,0.0,0.0,empty_bin
JUNCTIONS,3787,3785.5,3786.5,,,0.0,0.0,empty_bin
JUNCTIONS,3788,3786.5,3787.5,,,0.0,0.0,empty_bin
JUNCTIONS,3789,3787.5,3788.5,,,0.0,0.0,empty_bin
JUNCTIONS,3790,3788.5,3789.5,,,0.0,0.0,empty_bin
JUNCTIONS,3791,3789.5,3790.5,,,0.0,0.0,empty_bin
JUNCTIONS,3792,3790.5,3791.5,,,0.0,0.0,empty_bin
JUNCTIONS,3793,3791.5,3792.5,,,0.0,0.0,empty_bin
JUNCTIONS,3794,3792.5,3793.5,,,0.0,0.0,empty_bin
JUNCTIONS,3795,3793.5,3794.5,,,0.0,0.0,empty_bin
JUNCTIONS,3796,3794.5,3795.5,,,0.0,0.0,empty_bin
JUNCTIONS,3797,3795.5,3796.5,,,0.0,0.0,empty_bin
JUNCTIONS,3798,3796.5,3797.5,,,0.0,0.0,empty_bin
JUNCTIONS,3799,3797.5,3798.5,,,0.0,0.0,empty_bin
JUNCTIONS,3800,3798.5,3799.5,,,0.0,0.0,empty_bin
JUNCTIONS,3801,3799.5,3800.5,,,0.0,0.0,empty_bin
JUNCTIONS,3802,3800.5,3801.5,,,0.0,0.0,empty_bin
JUNCTIONS,3803,3801.5,3802.5,,,0.0,0.0,empty_bin
JUNCTIONS,3804,3802.5,3803.5,,,0.0,0.0,empty_bin
JUNCTIONS,3805,3803.5,3804.5,,,0.0,0.0,empty_bin
JUNCTIONS,3806,3804.5,3805.5,,,0.0,0.0,empty_bin
JUNCTIONS,3807,3805.5,3806.5,,,0.0,0.0,empty_bin
JUNCTIONS,3808,3806.5,3807.5,,,0.0,0.0,empty_bin
JUNCTIONS,3809,3807.5,3808.5,,,0.0,0.0,empty_bin
JUNCTIONS,3810,3808.5,3809.5,,,0.0,0.0,empty_bin
JUNCTIONS,3811,3809.5,3810.5,,,0.0,0.0,empty_bin
JUNCTIONS,3812,3810.5,3811.5,,,0.0,0.0,empty_bin
JUNCTIONS,3813,3811.5,3812.5,,,0.0,0.0,empty_bin
JUNCTIONS,3814,3812.5,3813.5,,,0.0,0.0,empty_bin
JUNCTIONS,3815,3813.5,3814.5,,,0.0,0.0,empty_bin
JUNCTIONS,3816,3814.5,3815.5,,,0.0,0.0,empty_bin
JUNCTIONS,3817,3815.5,3816.5,,,0.0,0.0,empty_bin
JUNCTIONS,3818,3816.5,3817.5,,,0.0,0.0,empty_bin
JUNCTIONS,3819,3817.5,3818.5,,,0.0,0.0,empty_bin
JUNCTIONS,3820,3818.5,3819.5,,,0.0,0.0,empty_bin
JUNCTIONS,3821,3819.5,3820.5,,,0.0,0.0,empty_bin
JUNCTIONS,3822,3820.5,3821.5,,,0.0,0.0,empty_bin
JUNCTIONS,3823,3821.5,3822.5,,,0.0,0.0,empty_bin
JUNCTIONS,3824,3822.5,3823.5,,,0.0,0.0,empty_bin
JUNCTIONS,3825,3823.5,3824.5,,,0.0,0.0,empty_bin
JUNCTIONS,3826,3824.5,3825.5,,,0.0,0.0,empty_bin
JUNCTIONS,3827,3825.5,3826.5,,,0.0,0.0,empty_bin
JUNCTIONS,3828,3826.5,3827.5,,,0.0,0.0,empty_bin
JUNCTIONS,3829,3827.5,3828.5,,,0.0,0.0,empty_bin
JUNCTIONS,3830,3828.5,3829.5,,,0.0,0.0,empty_bin
JUNCTIONS,3831,3829.5,3830.5,,,0.0,0.0,empty_bin
JUNCTIONS,3832,3830.5,3831.5,,,0.0,0.0,empty_bin
JUNCTIONS,3833,3831.5,3832.5,,,0.0,0.0,empty_bin
JUNCTIONS,3834,3832.5,3833.5,,,0.0,0.0,empty_bin
JUNCTIONS,3835,3833.5,3834.5,,,0.0,0.0,empty_bin
JUNCTIONS,3836,3834.5,3835.5,,,0.0,0.0,empty_bin
JUNCTIONS,3837,3835.5,3836.5,,,0.0,0.0,empty_bin
JUNCTIONS,3838,3836.5,3837.5,,,0.0,0.0,empty_bin
JUNCTIONS,3839,3837.5,3838.5,,,0.0,0.0,empty_bin
JUNCTIONS,3840,3838.5,3839.5,,,0.0,0.0,empty_bin
JUNCTIONS,3841,3839.5,3840.5,,,0.0,0.0,empty_bin
JUNCTIONS,3842,3840.5,3841.5,,,0.0,0.0,empty_bin
JUNCTIONS,3843,3841.5,3842.5,,,0.0,0.0,empty_bin
JUNCTIONS,3844,3842.5,3843.5,,,0.0,0.0,empty_bin
JUNCTIONS,3845,3843.5,3844.5,,,0.0,0.0,empty_bin
JUNCTIONS,3846,3844.5,3845.5,,,0.0,0.0,empty_bin
JUNCTIONS,3847,3845.5,3846.5,,,0.0,0.0,empty_bin
JUNCTIONS,3848,3846.5,3847.5,,,0.0,0.0,empty_bin
JUNCTIONS,3849,3847.5,3848.5,,,0.0,0.0,empty_bin
JUNCTIONS,3850,3848.5,3849.5,,,0.0,0.0,empty_bin
JUNCTIONS,3851,3849.5,3850.5,,,0.0,0.0,empty_bin
JUNCTIONS,3852,3850.5,3851.5,,,0.0,0.0,empty_bin
JUNCTIONS,3853,3851.5,3852.5,,,0.0,0.0,empty_bin
JUNCTIONS,3854,3852.5,3853.5,,,0.0,0.0,empty_bin
JUNCTIONS,3855,3853.5,3854.5,,,0.0,0.0,empty_bin
JUNCTIONS,3856,3854.5,3855.5,,,0.0,0.0,empty_bin
JUNCTIONS,3857,3855.5,3856.5,,,0.0,0.0,empty_bin
JUNCTIONS,3858,3856.5,3857.5,,,0.0,0.0,empty_bin
JUNCTIONS,3859,3857.5,3858.5,,,0.0,0.0,empty_bin
JUNCTIONS,3860,3858.5,3859.5,,,0.0,0.0,empty_bin
JUNCTIONS,3861,3859.5,3860.5,,,0.0,0.0,empty_bin
JUNCTIONS,3862,3860.5,3861.5,,,0.0,0.0,empty_bin
JUNCTIONS,3863,3861.5,3862.5,,,0.0,0.0,empty_bin
JUNCTIONS,3864,3862.5,3863.5,,,0.0,0.0,empty_bin
JUNCTIONS,3865,3863.5,3864.5,,,0.0,0.0,empty_bin
JUNCTIONS,3866,3864.5,3865.5,,,0.0,0.0,empty_bin
JUNCTIONS,3867,3865.5,3866.5,,,0.0,0.0,empty_bin
JUNCTIONS,3868,3866.5,3867.5,,,0.0,0.0,empty_bin
JUNCTIONS,3869,3867.5,3868.5,,,0.0,0.0,empty_bin
JUNCTIONS,3870,3868.5,3869.5,,,0.0,0.0,empty_bin
JUNCTIONS,3871,3869.5,3870.5,,,0.0,0.0,empty_bin
JUNCTIONS,3872,3870.5,3871.5,,,0.0,0.0,empty_bin
JUNCTIONS,3873,3871.5,3872.5,,,0.0,0.0,empty_bin
JUNCTIONS,3874,3872.5,3873.5,,,0.0,0.0,empty_bin
JUNCTIONS,3875,3873.5,3874.5,,,0.0,0.0,empty_bin
JUNCTIONS,3876,3874.5,3875.5,,,0.0,0.0,empty_bin
JUNCTIONS,3877,3875.5,3876.5,,,0.0,0.0,empty_bin
JUNCTIONS,3878,3876.5,3877.5,,,0.0,0.0,empty_bin
JUNCTIONS,3879,3877.5,3878.5,,,0.0,0.0,empty_bin
JUNCTIONS,3880,3878.5,3879.5,,,0.0,0.0,empty_bin
JUNCTIONS,3881,3879.5,3880.5,,,0.0,0.0,empty_bin
JUNCTIONS,3882,3880.5,3881.5,,,0.0,0.0,empty_bin
JUNCTIONS,3883,3881.5,3882.5,,,0.0,0.0,empty_bin
JUNCTIONS,3884,3882.5,3883.5,,,0.0,0.0,empty_bin
JUNCTIONS,3885,3883.5,3884.5,,,0.0,0.0,empty_bin
JUNCTIONS,3886,3884.5,3885.5,,,0.0,0.0,empty_bin
JUNCTIONS,3887,3885.5,3886.5,,,0.0,0.0,empty_bin
JUNCTIONS,3888,3886.5,3887.5,,,0.0,0.0,empty_bin
JUNCTIONS,3889,3887.5,3888.5,,,0.0,0.0,empty_bin
JUNCTIONS,3890,3888.5,3889.5,,,0.0,0.0,empty_bin
JUNCTIONS,3891,3889.5,3890.5,,,0.0,0.0,empty_bin
JUNCTIONS,3892,3890.5,3891.5,,,0.0,0.0,empty_bin
JUNCTIONS,3893,3891.5,3892.5,,,0.0,0.0,empty_bin
JUNCTIONS,3894,3892.5,3893.5,,,0.0,0.0,empty_bin
JUNCTIONS,3895,3893.5,3894.5,,,0.0,0.0,empty_bin
JUNCTIONS,3896,3894.5,3895.5,,,0.0,0.0,empty_bin
JUNCTIONS,3897,3895.5,3896.5,,,0.0,0.0,empty_bin
JUNCTIONS,3898,3896.5,3897.5,,,0.0,0.0,empty_bin
JUNCTIONS,3899,3897.5,3898.5,,,0.0,0.0,empty_bin
JUNCTIONS,3900,3898.5,3899.5,,,0.0,0.0,empty_bin
JUNCTIONS,3901,3899.5,3900.5,,,0.0,0.0,empty_bin
JUNCTIONS,3902,3900.5,3901.5,,,0.0,0.0,empty_bin
JUNCTIONS,3903,3901.5,3902.5,,,0.0,0.0,empty_bin
JUNCTIONS,3904,3902.5,3903.5,,,0.0,0.0,empty_bin
JUNCTIONS,3905,3903.5,3904.5,,,0.0,0.0,empty_bin
JUNCTIONS,3906,3904.5,3905.5,,,0.0,0.0,empty_bin
JUNCTIONS,3907,3905.5,3906.5,,,0.0,0.0,empty_bin
JUNCTIONS,3908,3906.5,3907.5,,,0.0,0.0,empty_bin
JUNCTIONS,3909,3907.5,3908.5,,,0.0,0.0,empty_bin
JUNCTIONS,3910,3908.5,3909.5,,,0.0,0.0,empty_bin
JUNCTIONS,3911,3909.5,3910.5,,,0.0,0.0,empty_bin
JUNCTIONS,3912,3910.5,3911.5,,,0.0,0.0,empty_bin
JUNCTIONS,3913,3911.5,3912.5,,,0.0,0.0,empty_bin
JUNCTIONS,3914,3912.5,3913.5,,,0.0,0.0,empty_bin
JUNCTIONS,3915,3913.5,3914.5,,,0.0,0.0,empty_bin
JUNCTIONS,3916,3914.5,3915.5,,,0.0,0.0,empty_bin
JUNCTIONS,3917,3915.5,3916.5,,,0.0,0.0,empty_bin
JUNCTIONS,3918,3916.5,3917.5,,,0.0,0.0,empty_bin
JUNCTIONS,3919,3917.5,3918.5,,,0.0,0.0,empty_bin
JUNCTIONS,3920,3918.5,3919.5,,,0.0,0.0,empty_bin
JUNCTIONS,3921,3919.5,3920.5,,,0.0,0.0,empty_bin
JUNCTIONS,3922,3920.5,3921.5,,,0.0,0.0,empty_bin
JUNCTIONS,3923,3921.5,3922.5,,,0.0,0.0,empty_bin
JUNCTIONS,3924,3922.5,3923.5,,,0.0,0.0,empty_bin
JUNCTIONS,3925,3923.5,3924.5,,,0.0,0.0,empty_bin
JUNCTIONS,3926,3924.5,3925.5,,,0.0,0.0,empty_bin
JUNCTIONS,3927,3925.5,3926.5,,,0.0,0.0,empty_bin
JUNCTIONS,3928,3926.5,3927.5,,,0.0,0.0,empty_bin
JUNCTIONS,3929,3927.5,3928.5,,,0.0,0.0,empty_bin
JUNCTIONS,3930,3928.5,3929.5,,,0.0,0.0,empty_bin
JUNCTIONS,3931,3929.5,3930.5,,,0.0,0.0,empty_bin
JUNCTIONS,3932,3930.5,3931.5,,,0.0,0.0,empty_bin
JUNCTIONS,3933,3931.5,3932.5,,,0.0,0.0,empty_bin
JUNCTIONS,3934,3932.5,3933.5,,,0.0,0.0,empty_bin
JUNCTIONS,3935,3933.5,3934.5,,,0.0,0.0,empty_bin
JUNCTIONS,3936,3934.5,3935.5,,,0.0,0.0,empty_bin
JUNCTIONS,3937,3935.5,3936.5,,,0.0,0.0,empty_bin
JUNCTIONS,3938,3936.5,3937.5,,,0.0,0.0,empty_bin
JUNCTIONS,3939,3937.5,3938.5,,,0.0,0.0,empty_bin
JUNCTIONS,3940,3938.5,3939.5,,,0.0,0.0,empty_bin
JUNCTIONS,3941,3939.5,3940.5,,,0.0,0.0,empty_bin
JUNCTIONS,3942,3940.5,3941.5,,,0.0,0.0,empty_bin
JUNCTIONS,3943,3941.5,3942.5,,,0.0,0.0,empty_bin
JUNCTIONS,3944,3942.5,3943.5,,,0.0,0.0,empty_bin
JUNCTIONS,3945,3943.5,3944.5,,,0.0,0.0,empty_bin
JUNCTIONS,3946,3944.5,3945.5,,,0.0,0.0,empty_bin
JUNCTIONS,3947,3945.5,3946.5,,,0.0,0.0,empty_bin
JUNCTIONS,3948,3946.5,3947.5,,,0.0,0.0,empty_bin
JUNCTIONS,3949,3947.5,3948.5,,,0.0,0.0,empty_bin
JUNCTIONS,3950,3948.5,3949.5,,,0.0,0.0,empty_bin
JUNCTIONS,3951,3949.5,3950.5,,,0.0,0.0,empty_bin
JUNCTIONS,3952,3950.5,3951.5,,,0.0,0.0,empty_bin
JUNCTIONS,3953,3951.5,3952.5,,,0.0,0.0,empty_bin
JUNCTIONS,3954,3952.5,3953.5,,,0.0,0.0,empty_bin
JUNCTIONS,3955,3953.5,3954.5,,,0.0,0.0,empty_bin
JUNCTIONS,3956,3954.5,3955.5,,,0.0,0.0,empty_bin
JUNCTIONS,3957,3955.5,3956.5,,,0.0,0.0,empty_bin
JUNCTIONS,3958,3956.5,3957.5,,,0.0,0.0,empty_bin
JUNCTIONS,3959,3957.5,3958.5,,,0.0,0.0,empty_bin
JUNCTIONS,3960,3958.5,3959.5,,,0.0,0.0,empty_bin
JUNCTIONS,3961,3959.5,3960.5,,,0.0,0.0,empty_bin
JUNCTIONS,3962,3960.5,3961.5,,,0.0,0.0,empty_bin
JUNCTIONS,3963,3961.5,3962.5,,,0.0,0.0,empty_bin
JUNCTIONS,3964,3962.5,3963.5,,,0.0,0.0,empty_bin
JUNCTIONS,3965,3963.5,3964.5,,,0.0,0.0,empty_bin
JUNCTIONS,3966,3964.5,3965.5,,,0.0,0.0,empty_bin
JUNCTIONS,3967,3965.5,3966.5,,,0.0,0.0,empty_bin
JUNCTIONS,3968,3966.5,3967.5,,,0.0,0.0,empty_bin
JUNCTIONS,3969,3967.5,3968.5,,,0.0,0.0,empty_bin
JUNCTIONS,3970,3968.5,3969.5,,,0.0,0.0,empty_bin
JUNCTIONS,3971,3969.5,3970.5,,,0.0,0.0,empty_bin
JUNCTIONS,3972,3970.5,3971.5,,,0.0,0.0,empty_bin
JUNCTIONS,3973,3971.5,3972.5,,,0.0,0.0,empty_bin
JUNCTIONS,3974,3972.5,3973.5,,,0.0,0.0,empty_bin
JUNCTIONS,3975,3973.5,3974.5,,,0.0,0.0,empty_bin
JUNCTIONS,3976,3974.5,3975.5,,,0.0,0.0,empty_bin
JUNCTIONS,3977,3975.5,3976.5,,,0.0,0.0,empty_bin
JUNCTIONS,3978,3976.5,3977.5,,,0.0,0.0,empty_bin
JUNCTIONS,3979,3977.5,3978.5,,,0.0,0.0,empty_bin
JUNCTIONS,3980,3978.5,3979.5,,,0.0,0.0,empty_bin
JUNCTIONS,3981,3979.5,3980.5,,,0.0,0.0,empty_bin
JUNCTIONS,3982,3980.5,3981.5,,,0.0,0.0,empty_bin
JUNCTIONS,3983,3981.5,3982.5,,,0.0,0.0,empty_bin
JUNCTIONS,3984,3982.5,3983.5,,,0.0,0.0,empty_bin
JUNCTIONS,3985,3983.5,3984.5,,,0.0,0.0,empty_bin
JUNCTIONS,3986,3984.5,3985.5,,,0.0,0.0,empty_bin
JUNCTIONS,3987,3985.5,3986.5,,,0.0,0.0,empty_bin
JUNCTIONS,3988,3986.5,3987.5,,,0.0,0.0,empty_bin
JUNCTIONS,3989,3987.5,3988.5,,,0.0,0.0,empty_bin
JUNCTIONS,3990,3988.5,3989.5,,,0.0,0.0,empty_bin
JUNCTIONS,3991,3989.5,3990.5,,,0.0,0.0,empty_bin
JUNCTIONS,3992,3990.5,3991.5,,,0.0,0.0,empty_bin
JUNCTIONS,3993,3991.5,3992.5,,,0.0,0.0,empty_bin
JUNCTIONS,3994,3992.5,3993.5,,,0.0,0.0,empty_bin
JUNCTIONS,3995,3993.5,3994.5,,,0.0,0.0,empty_bin
JUNCTIONS,3996,3994.5,3995.5,,,0.0,0.0,empty_bin
JUNCTIONS,3997,3995.5,3996.5,,,0.0,0.0,empty_bin
JUNCTIONS,3998,3996.5,3997.5,,,0.0,0.0,empty_bin
JUNCTIONS,3999,3997.5,3998.5,,,0.0,0.0,empty_bin
JUNCTIONS,4000,3998.5,3999.5,,,0.0,0.0,empty_bin
JUNCTIONS,4001,3999.5,4000.5,,,0.0,0.0,empty_bin
JUNCTIONS,4002,4000.5,4001.5,,,0.0,0.0,empty_bin
JUNCTIONS,4003,4001.5,4002.5,,,0.0,0.0,empty_bin
JUNCTIONS,4004,4002.5,4003.5,,,0.0,0.0,empty_bin
JUNCTIONS,4005,4003.5,4004.5,,,0.0,0.0,empty_bin
JUNCTIONS,4006,4004.5,4005.5,,,0.0,0.0,empty_bin
JUNCTIONS,4007,4005.5,4006.5,,,0.0,0.0,empty_bin
JUNCTIONS,4008,4006.5,4007.5,,,0.0,0.0,empty_bin
JUNCTIONS,4009,4007.5,4008.5,,,0.0,0.0,empty_bin
JUNCTIONS,4010,4008.5,4009.5,,,0.0,0.0,empty_bin
JUNCTIONS,4011,4009.5,4010.5,,,0.0,0.0,empty_bin
JUNCTIONS,4012,4010.5,4011.5,,,0.0,0.0,empty_bin
JUNCTIONS,4013,4011.5,4012.5,,,0.0,0.0,empty_bin
JUNCTIONS,4014,4012.5,4013.5,,,0.0,0.0,empty_bin
JUNCTIONS,4015,4013.5,4014.5,,,0.0,0.0,empty_bin
JUNCTIONS,4016,4014.5,4015.5,,,0.0,0.0,empty_bin
JUNCTIONS,4017,4015.5,4016.5,,,0.0,0.0,empty_bin
JUNCTIONS,4018,4016.5,4017.5,,,0.0,0.0,empty_bin
JUNCTIONS,4019,4017.5,4018.5,,,0.0,0.0,empty_bin
JUNCTIONS,4020,4018.5,4019.5,,,0.0,0.0,empty_bin
JUNCTIONS,4021,4019.5,4020.5,,,0.0,0.0,empty_bin
JUNCTIONS,4022,4020.5,4021.5,,,0.0,0.0,empty_bin
JUNCTIONS,4023,4021.5,4022.5,,,0.0,0.0,empty_bin
JUNCTIONS,4024,4022.5,4023.5,,,0.0,0.0,empty_bin
JUNCTIONS,4025,4023.5,4024.5,,,0.0,0.0,empty_bin
JUNCTIONS,4026,4024.5,4025.5,,,0.0,0.0,empty_bin
JUNCTIONS,4027,4025.5,4026.5,,,0.0,0.0,empty_bin
JUNCTIONS,4028,4026.5,4027.5,,,0.0,0.0,empty_bin
JUNCTIONS,4029,4027.5,4028.5,,,0.0,0.0,empty_bin
JUNCTIONS,4030,4028.5,4029.5,,,0.0,0.0,empty_bin
JUNCTIONS,4031,4029.5,4030.5,,,0.0,0.0,empty_bin
JUNCTIONS,4032,4030.5,4031.5,,,0.0,0.0,empty_bin
JUNCTIONS,4033,4031.5,4032.5,,,0.0,0.0,empty_bin
JUNCTIONS,4034,4032.5,4033.5,,,0.0,0.0,empty_bin
JUNCTIONS,4035,4033.5,4034.5,,,0.0,0.0,empty_bin
JUNCTIONS,4036,4034.5,4035.5,,,0.0,0.0,empty_bin
JUNCTIONS,4037,4035.5,4036.5,,,0.0,0.0,empty_bin
JUNCTIONS,4038,4036.5,4037.5,,,0.0,0.0,empty_bin
JUNCTIONS,4039,4037.5,4038.5,,,0.0,0.0,empty_bin
JUNCTIONS,4040,4038.5,4039.5,,,0.0,0.0,empty_bin
JUNCTIONS,4041,4039.5,4040.5,,,0.0,0.0,empty_bin
JUNCTIONS,4042,4040.5,4041.5,,,0.0,0.0,empty_bin
JUNCTIONS,4043,4041.5,4042.5,,,0.0,0.0,empty_bin
JUNCTIONS,4044,4042.5,4043.5,,,0.0,0.0,empty_bin
JUNCTIONS,4045,4043.5,4044.5,,,0.0,0.0,empty_bin
JUNCTIONS,4046,4044.5,4045.5,,,0.0,0.0,empty_bin
JUNCTIONS,4047,4045.5,4046.5,,,0.0,0.0,empty_bin
JUNCTIONS,4048,4046.5,4047.5,,,0.0,0.0,empty_bin
JUNCTIONS,4049,4047.5,4048.5,,,0.0,0.0,empty_bin
JUNCTIONS,4050,4048.5,4049.5,,,0.0,0.0,empty_bin
JUNCTIONS,4051,4049.5,4050.5,,,0.0,0.0,empty_bin
JUNCTIONS,4052,4050.5,4051.5,,,0.0,0.0,empty_bin
JUNCTIONS,4053,4051.5,4052.5,,,0.0,0.0,empty_bin
JUNCTIONS,4054,4052.5,4053.5,,,0.0,0.0,empty_bin
JUNCTIONS,4055,4053.5,4054.5,,,0.0,0.0,empty_bin
JUNCTIONS,4056,4054.5,4055.5,,,0.0,0.0,empty_bin
JUNCTIONS,4057,4055.5,4056.5,,,0.0,0.0,empty_bin
JUNCTIONS,4058,4056.5,4057.5,,,0.0,0.0,empty_bin
JUNCTIONS,4059,4057.5,4058.5,,,0.0,0.0,empty_bin
JUNCTIONS,4060,4058.5,4059.5,,,0.0,0.0,empty_bin
JUNCTIONS,4061,4059.5,4060.5,,,0.0,0.0,empty_bin
JUNCTIONS,4062,4060.5,4061.5,,,0.0,0.0,empty_bin
JUNCTIONS,4063,4061.5,4062.5,,,0.0,0.0,empty_bin
JUNCTIONS,4064,4062.5,4063.5,,,0.0,0.0,empty_bin
JUNCTIONS,4065,4063.5,4064.5,,,0.0,0.0,empty_bin
JUNCTIONS,4066,4064.5,4065.5,,,0.0,0.0,empty_bin
JUNCTIONS,4067,4065.5,4066.5,,,0.0,0.0,empty_bin
JUNCTIONS,4068,4066.5,4067.5,,,0.0,0.0,empty_bin
JUNCTIONS,4069,4067.5,4068.5,,,0.0,0.0,empty_bin
JUNCTIONS,4070,4068.5,4069.5,,,0.0,0.0,empty_bin
JUNCTIONS,4071,4069.5,4070.5,,,0.0,0.0,empty_bin
JUNCTIONS,4072,4070.5,4071.5,,,0.0,0.0,empty_bin
JUNCTIONS,4073,4071.5,4072.5,,,0.0,0.0,empty_bin
JUNCTIONS,4074,4072.5,4073.5,,,0.0,0.0,empty_bin
JUNCTIONS,4075,4073.5,4074.5,,,0.0,0.0,empty_bin
JUNCTIONS,4076,4074.5,4075.5,,,0.0,0.0,empty_bin
JUNCTIONS,4077,4075.5,4076.5,,,0.0,0.0,empty_bin
JUNCTIONS,4078,4076.5,4077.5,,,0.0,0.0,empty_bin
JUNCTIONS,4079,4077.5,4078.5,,,0.0,0.0,empty_bin
JUNCTIONS,4080,4078.5,4079.5,,,0.0,0.0,empty_bin
JUNCTIONS,4081,4079.5,4080.5,,,0.0,0.0,empty_bin
JUNCTIONS,4082,4080.5,4081.5,,,0.0,0.0,empty_bin
JUNCTIONS,4083,4081.5,4082.5,,,0.0,0.0,empty_bin
JUNCTIONS,4084,4082.5,4083.5,,,0.0,0.0,empty_bin
JUNCTIONS,4085,4083.5,4084.5,,,0.0,0.0,empty_bin
JUNCTIONS,4086,4084.5,4085.5,,,0.0,0.0,empty_bin
JUNCTIONS,4087,4085.5,4086.5,,,0.0,0.0,empty_bin
JUNCTIONS,4088,4086.5,4087.5,,,0.0,0.0,empty_bin
JUNCTIONS,4089,4087.5,4088.5,,,0.0,0.0,empty_bin
JUNCTIONS,4090,4088.5,4089.5,,,0.0,0.0,empty_bin
JUNCTIONS,4091,4089.5,4090.5,,,0.0,0.0,empty_bin
JUNCTIONS,4092,4090.5,4091.5,,,0.0,0.0,empty_bin
JUNCTIONS,4093,4091.5,4092.5,,,0.0,0.0,empty_bin
JUNCTIONS,4094,4092.5,4093.5,,,0.0,0.0,empty_bin
JUNCTIONS,4095,4093.5,4094.5,,,0.0,0.0,empty_bin
JUNCTIONS,4096,4094.5,4095.5,,,0.0,0.0,empty_bin
CLOSEPACKING,1,-0.5,0.5,,,0.02197596,1.46605e-05,available_normalized_only
CLOSEPACKING,2,0.5,1.5,,,0.03617611,1.867281e-05,available_normalized_only
CLOSEPACKING,3,1.5,2.5,,,0.05672396,2.313144e-05,available_normalized_only
CLOSEPACKING,4,2.5,3.5,,,0.06927696,2.539245e-05,available_normalized_only
CLOSEPACKING,5,3.5,4.5,,,0.07218906,2.588007e-05,available_normalized_only
CLOSEPACKING,6,4.5,5.5,,,0.06866583,2.52885e-05,available_normalized_only
CLOSEPACKING,7,5.5,6.5,,,0.06282477,2.426475e-05,available_normalized_only
CLOSEPACKING,8,6.5,7.5,,,0.05700146,2.318454e-05,available_normalized_only
CLOSEPACKING,9,7.5,8.5,,,0.05185465,2.217335e-05,available_normalized_only
CLOSEPACKING,10,8.5,9.5,,,0.04730691,2.122945e-05,available_normalized_only
CLOSEPACKING,11,9.5,10.5,,,0.04311795,2.031226e-05,available_normalized_only
CLOSEPACKING,12,10.5,11.5,,,0.03918426,1.940331e-05,available_normalized_only
CLOSEPACKING,13,11.5,12.5,,,0.03542979,1.848635e-05,available_normalized_only
CLOSEPACKING,14,12.5,13.5,,,0.03202806,1.760746e-05,available_normalized_only
CLOSEPACKING,15,13.5,14.5,,,0.02889081,1.674996e-05,available_normalized_only
CLOSEPACKING,16,14.5,15.5,,,0.02602724,1.592163e-05,available_normalized_only
CLOSEPACKING,17,15.5,16.5,,,0.02348826,1.514482e-05,available_normalized_only
CLOSEPACKING,18,16.5,17.5,,,0.02117518,1.43968e-05,available_normalized_only
CLOSEPACKING,19,17.5,18.5,,,0.0191961,1.372137e-05,available_normalized_only
CLOSEPACKING,20,18.5,19.5,,,0.01738758,1.307106e-05,available_normalized_only
CLOSEPACKING,21,19.5,20.5,,,0.01576738,1.245744e-05,available_normalized_only
CLOSEPACKING,22,20.5,21.5,,,0.01432606,1.188311e-05,available_normalized_only
CLOSEPACKING,23,21.5,22.5,,,0.01308842,1.136535e-05,available_normalized_only
CLOSEPACKING,24,22.5,23.5,,,0.01192039,1.085279e-05,available_normalized_only
CLOSEPACKING,25,23.5,24.5,,,0.01089402,1.038043e-05,available_normalized_only
CLOSEPACKING,26,24.5,25.5,,,0.00994317,9.921846e-06,available_normalized_only
CLOSEPACKING,27,25.5,26.5,,,0.00908888,9.490138e-06,available_normalized_only
CLOSEPACKING,28,26.5,27.5,,,0.00830693,9.076302e-06,available_normalized_only
CLOSEPACKING,29,27.5,28.5,,,0.00760163,8.685531e-06,available_normalized_only
CLOSEPACKING,30,28.5,29.5,,,0.00694069,8.302118e-06,available_normalized_only
CLOSEPACKING,31,29.5,30.5,,,0.00633377,7.933255e-06,available_normalized_only
CLOSEPACKING,32,30.5,31.5,,,0.00577727,7.578848e-06,available_normalized_only
CLOSEPACKING,33,31.5,32.5,,,0.00526406,7.236263e-06,available_normalized_only
CLOSEPACKING,34,32.5,33.5,,,0.00479202,6.905836e-06,available_normalized_only
CLOSEPACKING,35,33.5,34.5,,,0.00435788,6.587024e-06,available_normalized_only
CLOSEPACKING,36,34.5,35.5,,,0.00394147,6.265728e-06,available_normalized_only
CLOSEPACKING,37,35.5,36.5,,,0.00356786,5.962491e-06,available_normalized_only
CLOSEPACKING,38,36.5,37.5,,,0.00321956,5.664975e-06,available_normalized_only
CLOSEPACKING,39,37.5,38.5,,,0.00289911,5.376528e-06,available_normalized_only
CLOSEPACKING,40,38.5,39.5,,,0.00260034,5.092719e-06,available_normalized_only
CLOSEPACKING,41,39.5,40.5,,,0.00232416,4.815349e-06,available_normalized_only
CLOSEPACKING,42,40.5,41.5,,,0.00208229,4.558458e-06,available_normalized_only
CLOSEPACKING,43,41.5,42.5,,,0.00185955,4.308239e-06,available_normalized_only
CLOSEPACKING,44,42.5,43.5,,,0.00165184,4.060925e-06,available_normalized_only
CLOSEPACKING,45,43.5,44.5,,,0.00145911,3.817042e-06,available_normalized_only
CLOSEPACKING,46,44.5,45.5,,,0.00130412,3.608905e-06,available_normalized_only
CLOSEPACKING,47,45.5,46.5,,,0.00114779,3.38596e-06,available_normalized_only
CLOSEPACKING,48,46.5,47.5,,,0.00101419,3.18302e-06,available_normalized_only
CLOSEPACKING,49,47.5,48.5,,,0.0008971,2.993819e-06,available_normalized_only
CLOSEPACKING,50,48.5,49.5,,,0.00078245,2.796136e-06,available_normalized_only
CLOSEPACKING,51,49.5,50.5,,,0.00067934,2.60553e-06,available_normalized_only
CLOSEPACKING,52,50.5,51.5,,,0.00059433,2.437164e-06,available_normalized_only
CLOSEPACKING,53,51.5,52.5,,,0.0005187,2.276908e-06,available_normalized_only
CLOSEPACKING,54,52.5,53.5,,,0.00045248,2.126676e-06,available_normalized_only
CLOSEPACKING,55,53.5,54.5,,,0.00039281,1.981554e-06,available_normalized_only
CLOSEPACKING,56,54.5,55.5,,,0.00033606,1.832886e-06,available_normalized_only
CLOSEPACKING,57,55.5,56.5,,,0.00028882,1.699225e-06,available_normalized_only
CLOSEPACKING,58,56.5,57.5,,,0.00025148,1.585613e-06,available_normalized_only
CLOSEPACKING,59,57.5,58.5,,,0.00021581,1.468889e-06,available_normalized_only
CLOSEPACKING,60,58.5,59.5,,,0.00018371,1.355272e-06,available_normalized_only
CLOSEPACKING,61,59.5,60.5,,,0.00015742,1.254573e-06,available_normalized_only
CLOSEPACKING,62,60.5,61.5,,,0.00013231,1.150185e-06,available_normalized_only
CLOSEPACKING,63,61.5,62.5,,,0.00011285,1.062249e-06,available_normalized_only
CLOSEPACKING,64,62.5,63.5,,,9.811e-05,9.904563e-07,available_normalized_only
CLOSEPACKING,65,63.5,64.5,,,8.358e-05,9.141828e-07,available_normalized_only
CLOSEPACKING,66,64.5,65.5,,,7.051e-05,8.396727e-07,available_normalized_only
CLOSEPACKING,67,65.5,66.5,,,5.959e-05,7.719226e-07,available_normalized_only
CLOSEPACKING,68,66.5,67.5,,,4.958e-05,7.041132e-07,available_normalized_only
CLOSEPACKING,69,67.5,68.5,,,4.194e-05,6.475974e-07,available_normalized_only
CLOSEPACKING,70,68.5,69.5,,,3.462e-05,5.883774e-07,available_normalized_only
CLOSEPACKING,71,69.5,70.5,,,2.951e-05,5.432231e-07,available_normalized_only
CLOSEPACKING,72,70.5,71.5,,,2.425e-05,4.924369e-07,available_normalized_only
CLOSEPACKING,73,71.5,72.5,,,1.934e-05,4.397684e-07,available_normalized_only
CLOSEPACKING,74,72.5,73.5,,,1.696e-05,4.118217e-07,available_normalized_only
CLOSEPACKING,75,73.5,74.5,,,1.395e-05,3.734944e-07,available_normalized_only
CLOSEPACKING,76,74.5,75.5,,,1.152e-05,3.394093e-07,available_normalized_only
CLOSEPACKING,77,75.5,76.5,,,9.67e-06,3.109647e-07,available_normalized_only
CLOSEPACKING,78,76.5,77.5,,,8.06e-06,2.839002e-07,available_normalized_only
CLOSEPACKING,79,77.5,78.5,,,6.82e-06,2.611504e-07,available_normalized_only
CLOSEPACKING,80,78.5,79.5,,,5.58e-06,2.362196e-07,available_normalized_only
CLOSEPACKING,81,79.5,80.5,,,4.48e-06,2.116596e-07,available_normalized_only
CLOSEPACKING,82,80.5,81.5,,,3.87e-06,1.967228e-07,available_normalized_only
CLOSEPACKING,83,81.5,82.5,,,2.94e-06,1.71464e-07,available_normalized_only
CLOSEPACKING,84,82.5,83.5,,,2.65e-06,1.62788e-07,available_normalized_only
CLOSEPACKING,85,83.5,84.5,,,1.5e-06,1.224744e-07,available_normalized_only
CLOSEPACKING,86,84.5,85.5,,,1.96e-06,1.399999e-07,available_normalized_only
CLOSEPACKING,87,85.5,86.5,,,1.41e-06,1.187433e-07,available_normalized_only
CLOSEPACKING,88,86.5,87.5,,,1.02e-06,1.00995e-07,available_normalized_only
CLOSEPACKING,89,87.5,88.5,,,8.8e-07,9.380827e-08,available_normalized_only
CLOSEPACKING,90,88.5,89.5,,,7e-07,8.366597e-08,available_normalized_only
CLOSEPACKING,91,89.5,90.5,,,4.9e-07,6.999998e-08,available_normalized_only
CLOSEPACKING,92,90.5,91.5,,,5.4e-07,7.348467e-08,available_normalized_only
CLOSEPACKING,93,91.5,92.5,,,4.2e-07,6.480739e-08,available_normalized_only
CLOSEPACKING,94,92.5,93.5,,,4e-07,6.324554e-08,available_normalized_only
CLOSEPACKING,95,93.5,94.5,,,2.3e-07,4.795831e-08,available_normalized_only
CLOSEPACKING,96,94.5,95.5,,,2.7e-07,5.196152e-08,available_normalized_only
CLOSEPACKING,97,95.5,96.5,,,1.5e-07,3.872983e-08,available_normalized_only
CLOSEPACKING,98,96.5,97.5,,,1.1e-07,3.316625e-08,available_normalized_only
CLOSEPACKING,99,97.5,98.5,,,1.2e-07,3.464101e-08,available_normalized_only
CLOSEPACKING,100,98.5,99.5,,,1.1e-07,3.316625e-08,available_normalized_only
CLOSEPACKING,101,99.5,100.5,,,8e-08,2.828427e-08,available_normalized_only
CLOSEPACKING,102,100.5,101.5,,,1e-07,3.162278e-08,available_normalized_only
CLOSEPACKING,103,101.5,102.5,,,8e-08,2.828427e-08,available_normalized_only
CLOSEPACKING,104,102.5,103.5,,,5e-08,2.236068e-08,available_normalized_only
CLOSEPACKING,105,103.5,104.5,,,8e-08,2.828427e-08,available_normalized_only
CLOSEPACKING,106,104.5,105.5,,,1e-08,1e-08,available_normalized_only
CLOSEPACKING,107,105.5,106.5,,,2e-08,1.414214e-08,available_normalized_only
CLOSEPACKING,108,106.5,107.5,,,3e-08,1.732051e-08,available_normalized_only
CLOSEPACKING,109,107.5,108.5,,,5e-08,2.236068e-08,available_normalized_only
CLOSEPACKING,110,108.5,109.5,,,2e-08,1.414214e-08,available_normalized_only
CLOSEPACKING,111,109.5,110.5,,,2e-08,1.414214e-08,available_normalized_only
CLOSEPACKING,112,110.5,111.5,,,1e-08,1e-08,available_normalized_only
CLOSEPACKING,113,111.5,112.5,,,0.0,0.0,empty_bin
CLOSEPACKING,114,112.5,113.5,,,0.0,0.0,empty_bin
CLOSEPACKING,115,113.5,114.5,,,5e-08,2.236068e-08,available_normalized_only
CLOSEPACKING,116,114.5,115.5,,,2e-08,1.414214e-08,available_normalized_only
CLOSEPACKING,117,115.5,116.5,,,1e-08,1e-08,available_normalized_only
CLOSEPACKING,118,116.5,117.5,,,1e-08,1e-08,available_normalized_only
CLOSEPACKING,119,117.5,118.5,,,2e-08,1.414214e-08,available_normalized_only
CLOSEPACKING,120,118.5,119.5,,,4e-08,2e-08,available_normalized_only
CLOSEPACKING,121,119.5,120.5,,,0.0,0.0,empty_bin
CLOSEPACKING,122,120.5,121.5,,,1e-08,1e-08,available_normalized_only
CLOSEPACKING,123,121.5,122.5,,,2e-08,1.414214e-08,available_normalized_only
CLOSEPACKING,124,122.5,123.5,,,1e-08,1e-08,available_normalized_only
CLOSEPACKING,125,123.5,124.5,,,1e-08,1e-08,available_normalized_only
CLOSEPACKING,126,124.5,125.5,,,2e-08,1.414214e-08,available_normalized_only
CLOSEPACKING,127,125.5,126.5,,,2e-08,1.414214e-08,available_normalized_only
CLOSEPACKING,128,126.5,127.5,,,1e-08,1e-08,available_normalized_only
CLOSEPACKING,129,127.5,128.5,,,2e-08,1.414214e-08,available_normalized_only
CLOSEPACKING,130,128.5,129.5,,,2e-08,1.414214e-08,available_normalized_only
CLOSEPACKING,131,129.5,130.5,,,4e-08,2e-08,available_normalized_only
CLOSEPACKING,132,130.5,131.5,,,0.0,0.0,empty_bin
CLOSEPACKING,133,131.5,132.5,,,4e-08,2e-08,available_normalized_only
CLOSEPACKING,134,132.5,133.5,,,0.0,0.0,empty_bin
CLOSEPACKING,135,133.5,134.5,,,0.0,0.0,empty_bin
CLOSEPACKING,136,134.5,135.5,,,1e-08,1e-08,available_normalized_only
CLOSEPACKING,137,135.5,136.5,,,0.0,0.0,empty_bin
CLOSEPACKING,138,136.5,137.5,,,0.0,0.0,empty_bin
CLOSEPACKING,139,137.5,138.5,,,1e-08,1e-08,available_normalized_only
CLOSEPACKING,140,138.5,139.5,,,1e-08,1e-08,available_normalized_only
CLOSEPACKING,141,139.5,140.5,,,0.0,0.0,empty_bin
CLOSEPACKING,142,140.5,141.5,,,0.0,0.0,empty_bin
CLOSEPACKING,143,141.5,142.5,,,2e-08,1.414214e-08,available_normalized_only
CLOSEPACKING,144,142.5,143.5,,,0.0,0.0,empty_bin
CLOSEPACKING,145,143.5,144.5,,,0.0,0.0,empty_bin
CLOSEPACKING,146,144.5,145.5,,,0.0,0.0,empty_bin
CLOSEPACKING,147,145.5,146.5,,,0.0,0.0,empty_bin
CLOSEPACKING,148,146.5,147.5,,,0.0,0.0,empty_bin
CLOSEPACKING,149,147.5,148.5,,,1e-08,1e-08,available_normalized_only
CLOSEPACKING,150,148.5,149.5,,,1e-08,1e-08,available_normalized_only
CLOSEPACKING,151,149.5,150.5,,,0.0,0.0,empty_bin
CLOSEPACKING,152,150.5,151.5,,,1e-08,1e-08,available_normalized_only
CLOSEPACKING,153,151.5,152.5,,,1e-08,1e-08,available_normalized_only
CLOSEPACKING,154,152.5,153.5,,,1e-08,1e-08,available_normalized_only
CLOSEPACKING,155,153.5,154.5,,,0.0,0.0,empty_bin
CLOSEPACKING,156,154.5,155.5,,,0.0,0.0,empty_bin
CLOSEPACKING,157,155.5,156.5,,,0.0,0.0,empty_bin
CLOSEPACKING,158,156.5,157.5,,,0.0,0.0,empty_bin
CLOSEPACKING,159,157.5,158.5,,,0.0,0.0,empty_bin
CLOSEPACKING,160,158.5,159.5,,,0.0,0.0,empty_bin
CLOSEPACKING,161,159.5,160.5,,,0.0,0.0,empty_bin
CLOSEPACKING,162,160.5,161.5,,,1e-08,1e-08,available_normalized_only
CLOSEPACKING,163,161.5,162.5,,,2e-08,1.414214e-08,available_normalized_only
CLOSEPACKING,164,162.5,163.5,,,0.0,0.0,empty_bin
CLOSEPACKING,165,163.5,164.5,,,1e-08,1e-08,available_normalized_only
CLOSEPACKING,166,164.5,165.5,,,0.0,0.0,empty_bin
CLOSEPACKING,167,165.5,166.5,,,0.0,0.0,empty_bin
CLOSEPACKING,168,166.5,167.5,,,1e-08,1e-08,available_normalized_only
CLOSEPACKING,169,167.5,168.5,,,0.0,0.0,empty_bin
CLOSEPACKING,170,168.5,169.5,,,2e-08,1.414214e-08,available_normalized_only
CLOSEPACKING,171,169.5,170.5,,,0.0,0.0,empty_bin
CLOSEPACKING,172,170.5,171.5,,,0.0,0.0,empty_bin
CLOSEPACKING,173,171.5,172.5,,,0.0,0.0,empty_bin
CLOSEPACKING,174,172.5,173.5,,,1e-08,1e-08,available_normalized_only
CLOSEPACKING,175,173.5,174.5,,,0.0,0.0,empty_bin
CLOSEPACKING,176,174.5,175.5,,,0.0,0.0,empty_bin
CLOSEPACKING,177,175.5,176.5,,,0.0,0.0,empty_bin
CLOSEPACKING,178,176.5,177.5,,,0.0,0.0,empty_bin
CLOSEPACKING,179,177.5,178.5,,,0.0,0.0,empty_bin
CLOSEPACKING,180,178.5,179.5,,,1e-08,1e-08,available_normalized_only
CLOSEPACKING,181,179.5,180.5,,,0.0,0.0,empty_bin
CLOSEPACKING,182,180.5,181.5,,,1e-08,1e-08,available_normalized_only
CLOSEPACKING,183,181.5,182.5,,,0.0,0.0,empty_bin
CLOSEPACKING,184,182.5,183.5,,,0.0,0.0,empty_bin
CLOSEPACKING,185,183.5,184.5,,,1e-08,1e-08,available_normalized_only
CLOSEPACKING,186,184.5,185.5,,,0.0,0.0,empty_bin
CLOSEPACKING,187,185.5,186.5,,,1e-08,1e-08,available_normalized_only
CLOSEPACKING,188,186.5,187.5,,,1e-08,1e-08,available_normalized_only
CLOSEPACKING,189,187.5,188.5,,,0.0,0.0,empty_bin
CLOSEPACKING,190,188.5,189.5,,,0.0,0.0,empty_bin
CLOSEPACKING,191,189.5,190.5,,,0.0,0.0,empty_bin
CLOSEPACKING,192,190.5,191.5,,,0.0,0.0,empty_bin
CLOSEPACKING,193,191.5,192.5,,,1e-08,1e-08,available_normalized_only
CLOSEPACKING,194,192.5,193.5,,,2e-08,1.414214e-08,available_normalized_only
CLOSEPACKING,195,193.5,194.5,,,1e-08,1e-08,available_normalized_only
CLOSEPACKING,196,194.5,195.5,,,2e-08,1.414214e-08,available_normalized_only
CLOSEPACKING,197,195.5,196.5,,,0.0,0.0,empty_bin
CLOSEPACKING,198,196.5,197.5,,,0.0,0.0,empty_bin
CLOSEPACKING,199,197.5,198.5,,,0.0,0.0,empty_bin
CLOSEPACKING,200,198.5,199.5,,,0.0,0.0,empty_bin
CLOSEPACKING,201,199.5,200.5,,,0.0,0.0,empty_bin
CLOSEPACKING,202,200.5,201.5,,,0.0,0.0,empty_bin
CLOSEPACKING,203,201.5,202.5,,,0.0,0.0,empty_bin
CLOSEPACKING,204,202.5,203.5,,,0.0,0.0,empty_bin
CLOSEPACKING,205,203.5,204.5,,,0.0,0.0,empty_bin
CLOSEPACKING,206,204.5,205.5,,,0.0,0.0,empty_bin
CLOSEPACKING,207,205.5,206.5,,,0.0,0.0,empty_bin
CLOSEPACKING,208,206.5,207.5,,,1e-08,1e-08,available_normalized_only
CLOSEPACKING,209,207.5,208.5,,,0.0,0.0,empty_bin
CLOSEPACKING,210,208.5,209.5,,,0.0,0.0,empty_bin
CLOSEPACKING,211,209.5,210.5,,,0.0,0.0,empty_bin
CLOSEPACKING,212,210.5,211.5,,,0.0,0.0,empty_bin
CLOSEPACKING,213,211.5,212.5,,,0.0,0.0,empty_bin
CLOSEPACKING,214,212.5,213.5,,,0.0,0.0,empty_bin
CLOSEPACKING,215,213.5,214.5,,,0.0,0.0,empty_bin
CLOSEPACKING,216,214.5,215.5,,,0.0,0.0,empty_bin
CLOSEPACKING,217,215.5,216.5,,,0.0,0.0,empty_bin
CLOSEPACKING,218,216.5,217.5,,,2e-08,1.414214e-08,available_normalized_only
CLOSEPACKING,219,217.5,218.5,,,0.0,0.0,empty_bin
CLOSEPACKING,220,218.5,219.5,,,2e-08,1.414214e-08,available_normalized_only
CLOSEPACKING,221,219.5,220.5,,,0.0,0.0,empty_bin
CLOSEPACKING,222,220.5,221.5,,,1e-08,1e-08,available_normalized_only
CLOSEPACKING,223,221.5,222.5,,,1e-08,1e-08,available_normalized_only
CLOSEPACKING,224,222.5,223.5,,,0.0,0.0,empty_bin
CLOSEPACKING,225,223.5,224.5,,,0.0,0.0,empty_bin
CLOSEPACKING,226,224.5,225.5,,,1e-08,1e-08,available_normalized_only
CLOSEPACKING,227,225.5,226.5,,,0.0,0.0,empty_bin
CLOSEPACKING,228,226.5,227.5,,,0.0,0.0,empty_bin
CLOSEPACKING,229,227.5,228.5,,,1e-08,1e-08,available_normalized_only
CLOSEPACKING,230,228.5,229.5,,,0.0,0.0,empty_bin
CLOSEPACKING,231,229.5,230.5,,,0.0,0.0,empty_bin
CLOSEPACKING,232,230.5,231.5,,,0.0,0.0,empty_bin
CLOSEPACKING,233,231.5,232.5,,,0.0,0.0,empty_bin
CLOSEPACKING,234,232.5,233.5,,,0.0,0.0,empty_bin
CLOSEPACKING,235,233.5,234.5,,,0.0,0.0,empty_bin
CLOSEPACKING,236,234.5,235.5,,,0.0,0.0,empty_bin
CLOSEPACKING,237,235.5,236.5,,,0.0,0.0,empty_bin
CLOSEPACKING,238,236.5,237.5,,,0.0,0.0,empty_bin
CLOSEPACKING,239,237.5,238.5,,,1e-08,1e-08,available_normalized_only
CLOSEPACKING,240,238.5,239.5,,,0.0,0.0,empty_bin
CLOSEPACKING,241,239.5,240.5,,,0.0,0.0,empty_bin
CLOSEPACKING,242,240.5,241.5,,,0.0,0.0,empty_bin
CLOSEPACKING,243,241.5,242.5,,,0.0,0.0,empty_bin
CLOSEPACKING,244,242.5,243.5,,,0.0,0.0,empty_bin
CLOSEPACKING,245,243.5,244.5,,,1e-08,1e-08,available_normalized_only
CLOSEPACKING,246,244.5,245.5,,,0.0,0.0,empty_bin
CLOSEPACKING,247,245.5,246.5,,,1e-08,1e-08,available_normalized_only
CLOSEPACKING,248,246.5,247.5,,,1e-08,1e-08,available_normalized_only
CLOSEPACKING,249,247.5,248.5,,,0.0,0.0,empty_bin
CLOSEPACKING,250,248.5,249.5,,,0.0,0.0,empty_bin
CLOSEPACKING,251,249.5,250.5,,,1e-08,1e-08,available_normalized_only
CLOSEPACKING,252,250.5,251.5,,,0.0,0.0,empty_bin
CLOSEPACKING,253,251.5,252.5,,,0.0,0.0,empty_bin
CLOSEPACKING,254,252.5,253.5,,,0.0,0.0,empty_bin
CLOSEPACKING,255,253.5,254.5,,,0.0,0.0,empty_bin
CLOSEPACKING,256,254.5,255.5,,,0.0,0.0,empty_bin
CLOSEPACKING,257,255.5,256.5,,,0.0,0.0,empty_bin
CLOSEPACKING,258,256.5,257.5,,,0.0,0.0,empty_bin
CLOSEPACKING,259,257.5,258.5,,,0.0,0.0,empty_bin
CLOSEPACKING,260,258.5,259.5,,,0.0,0.0,empty_bin
CLOSEPACKING,261,259.5,260.5,,,1e-08,1e-08,available_normalized_only
CLOSEPACKING,262,260.5,261.5,,,0.0,0.0,empty_bin
CLOSEPACKING,263,261.5,262.5,,,0.0,0.0,empty_bin
CLOSEPACKING,264,262.5,263.5,,,0.0,0.0,empty_bin
CLOSEPACKING,265,263.5,264.5,,,1e-08,1e-08,available_normalized_only
CLOSEPACKING,266,264.5,265.5,,,0.0,0.0,empty_bin
CLOSEPACKING,267,265.5,266.5,,,0.0,0.0,empty_bin
CLOSEPACKING,268,266.5,267.5,,,0.0,0.0,empty_bin
CLOSEPACKING,269,267.5,268.5,,,0.0,0.0,empty_bin
CLOSEPACKING,270,268.5,269.5,,,0.0,0.0,empty_bin
CLOSEPACKING,271,269.5,270.5,,,0.0,0.0,empty_bin
CLOSEPACKING,272,270.5,271.5,,,0.0,0.0,empty_bin
CLOSEPACKING,273,271.5,272.5,,,1e-08,1e-08,available_normalized_only
CLOSEPACKING,274,272.5,273.5,,,0.0,0.0,empty_bin
CLOSEPACKING,275,273.5,274.5,,,0.0,0.0,empty_bin
CLOSEPACKING,276,274.5,275.5,,,1e-08,1e-08,available_normalized_only
CLOSEPACKING,277,275.5,276.5,,,0.0,0.0,empty_bin
CLOSEPACKING,278,276.5,277.5,,,0.0,0.0,empty_bin
CLOSEPACKING,279,277.5,278.5,,,2e-08,1.414214e-08,available_normalized_only
CLOSEPACKING,280,278.5,279.5,,,0.0,0.0,empty_bin
CLOSEPACKING,281,279.5,280.5,,,0.0,0.0,empty_bin
CLOSEPACKING,282,280.5,281.5,,,0.0,0.0,empty_bin
CLOSEPACKING,283,281.5,282.5,,,0.0,0.0,empty_bin
CLOSEPACKING,284,282.5,283.5,,,0.0,0.0,empty_bin
CLOSEPACKING,285,283.5,284.5,,,0.0,0.0,empty_bin
CLOSEPACKING,286,284.5,285.5,,,0.0,0.0,empty_bin
CLOSEPACKING,287,285.5,286.5,,,0.0,0.0,empty_bin
CLOSEPACKING,288,286.5,287.5,,,0.0,0.0,empty_bin
CLOSEPACKING,289,287.5,288.5,,,0.0,0.0,empty_bin
CLOSEPACKING,290,288.5,289.5,,,0.0,0.0,empty_bin
CLOSEPACKING,291,289.5,290.5,,,0.0,0.0,empty_bin
CLOSEPACKING,292,290.5,291.5,,,1e-08,1e-08,available_normalized_only
CLOSEPACKING,293,291.5,292.5,,,0.0,0.0,empty_bin
CLOSEPACKING,294,292.5,293.5,,,0.0,0.0,empty_bin
CLOSEPACKING,295,293.5,294.5,,,0.0,0.0,empty_bin
CLOSEPACKING,296,294.5,295.5,,,2e-08,1.414214e-08,available_normalized_only
CLOSEPACKING,297,295.5,296.5,,,0.0,0.0,empty_bin
CLOSEPACKING,298,296.5,297.5,,,0.0,0.0,empty_bin
CLOSEPACKING,299,297.5,298.5,,,0.0,0.0,empty_bin
CLOSEPACKING,300,298.5,299.5,,,0.0,0.0,empty_bin
CLOSEPACKING,301,299.5,300.5,,,0.0,0.0,empty_bin
CLOSEPACKING,302,300.5,301.5,,,0.0,0.0,empty_bin
CLOSEPACKING,303,301.5,302.5,,,0.0,0.0,empty_bin
CLOSEPACKING,304,302.5,303.5,,,0.0,0.0,empty_bin
CLOSEPACKING,305,303.5,304.5,,,0.0,0.0,empty_bin
CLOSEPACKING,306,304.5,305.5,,,0.0,0.0,empty_bin
CLOSEPACKING,307,305.5,306.5,,,0.0,0.0,empty_bin
CLOSEPACKING,308,306.5,307.5,,,1e-08,1e-08,available_normalized_only
CLOSEPACKING,309,307.5,308.5,,,1e-08,1e-08,available_normalized_only
CLOSEPACKING,310,308.5,309.5,,,0.0,0.0,empty_bin
CLOSEPACKING,311,309.5,310.5,,,0.0,0.0,empty_bin
CLOSEPACKING,312,310.5,311.5,,,0.0,0.0,empty_bin
CLOSEPACKING,313,311.5,312.5,,,0.0,0.0,empty_bin
CLOSEPACKING,314,312.5,313.5,,,0.0,0.0,empty_bin
CLOSEPACKING,315,313.5,314.5,,,1e-08,1e-08,available_normalized_only
CLOSEPACKING,316,314.5,315.5,,,0.0,0.0,empty_bin
CLOSEPACKING,317,315.5,316.5,,,0.0,0.0,empty_bin
CLOSEPACKING,318,316.5,317.5,,,0.0,0.0,empty_bin
CLOSEPACKING,319,317.5,318.5,,,0.0,0.0,empty_bin
CLOSEPACKING,320,318.5,319.5,,,0.0,0.0,empty_bin
CLOSEPACKING,321,319.5,320.5,,,0.0,0.0,empty_bin
CLOSEPACKING,322,320.5,321.5,,,0.0,0.0,empty_bin
CLOSEPACKING,323,321.5,322.5,,,0.0,0.0,empty_bin
CLOSEPACKING,324,322.5,323.5,,,0.0,0.0,empty_bin
CLOSEPACKING,325,323.5,324.5,,,0.0,0.0,empty_bin
CLOSEPACKING,326,324.5,325.5,,,1e-08,1e-08,available_normalized_only
CLOSEPACKING,327,325.5,326.5,,,0.0,0.0,empty_bin
CLOSEPACKING,328,326.5,327.5,,,0.0,0.0,empty_bin
CLOSEPACKING,329,327.5,328.5,,,0.0,0.0,empty_bin
CLOSEPACKING,330,328.5,329.5,,,0.0,0.0,empty_bin
CLOSEPACKING,331,329.5,330.5,,,0.0,0.0,empty_bin
CLOSEPACKING,332,330.5,331.5,,,0.0,0.0,empty_bin
CLOSEPACKING,333,331.5,332.5,,,0.0,0.0,empty_bin
CLOSEPACKING,334,332.5,333.5,,,0.0,0.0,empty_bin
CLOSEPACKING,335,333.5,334.5,,,0.0,0.0,empty_bin
CLOSEPACKING,336,334.5,335.5,,,0.0,0.0,empty_bin
CLOSEPACKING,337,335.5,336.5,,,0.0,0.0,empty_bin
CLOSEPACKING,338,336.5,337.5,,,0.0,0.0,empty_bin
CLOSEPACKING,339,337.5,338.5,,,0.0,0.0,empty_bin
CLOSEPACKING,340,338.5,339.5,,,1e-08,1e-08,available_normalized_only
CLOSEPACKING,341,339.5,340.5,,,0.0,0.0,empty_bin
CLOSEPACKING,342,340.5,341.5,,,0.0,0.0,empty_bin
CLOSEPACKING,343,341.5,342.5,,,0.0,0.0,empty_bin
CLOSEPACKING,344,342.5,343.5,,,0.0,0.0,empty_bin
CLOSEPACKING,345,343.5,344.5,,,0.0,0.0,empty_bin
CLOSEPACKING,346,344.5,345.5,,,2e-08,1.414214e-08,available_normalized_only
CLOSEPACKING,347,345.5,346.5,,,0.0,0.0,empty_bin
CLOSEPACKING,348,346.5,347.5,,,0.0,0.0,empty_bin
CLOSEPACKING,349,347.5,348.5,,,1e-08,1e-08,available_normalized_only
CLOSEPACKING,350,348.5,349.5,,,0.0,0.0,empty_bin
CLOSEPACKING,351,349.5,350.5,,,0.0,0.0,empty_bin
CLOSEPACKING,352,350.5,351.5,,,0.0,0.0,empty_bin
CLOSEPACKING,353,351.5,352.5,,,0.0,0.0,empty_bin
CLOSEPACKING,354,352.5,353.5,,,0.0,0.0,empty_bin
CLOSEPACKING,355,353.5,354.5,,,0.0,0.0,empty_bin
CLOSEPACKING,356,354.5,355.5,,,0.0,0.0,empty_bin
CLOSEPACKING,357,355.5,356.5,,,0.0,0.0,empty_bin
CLOSEPACKING,358,356.5,357.5,,,0.0,0.0,empty_bin
CLOSEPACKING,359,357.5,358.5,,,0.0,0.0,empty_bin
CLOSEPACKING,360,358.5,359.5,,,0.0,0.0,empty_bin
CLOSEPACKING,361,359.5,360.5,,,0.0,0.0,empty_bin
CLOSEPACKING,362,360.5,361.5,,,0.0,0.0,empty_bin
CLOSEPACKING,363,361.5,362.5,,,0.0,0.0,empty_bin
CLOSEPACKING,364,362.5,363.5,,,0.0,0.0,empty_bin
CLOSEPACKING,365,363.5,364.5,,,0.0,0.0,empty_bin
CLOSEPACKING,366,364.5,365.5,,,0.0,0.0,empty_bin
CLOSEPACKING,367,365.5,366.5,,,0.0,0.0,empty_bin
CLOSEPACKING,368,366.5,367.5,,,1e-08,1e-08,available_normalized_only
CLOSEPACKING,369,367.5,368.5,,,0.0,0.0,empty_bin
CLOSEPACKING,370,368.5,369.5,,,0.0,0.0,empty_bin
CLOSEPACKING,371,369.5,370.5,,,0.0,0.0,empty_bin
CLOSEPACKING,372,370.5,371.5,,,0.0,0.0,empty_bin
CLOSEPACKING,373,371.5,372.5,,,0.0,0.0,empty_bin
CLOSEPACKING,374,372.5,373.5,,,0.0,0.0,empty_bin
CLOSEPACKING,375,373.5,374.5,,,0.0,0.0,empty_bin
CLOSEPACKING,376,374.5,375.5,,,0.0,0.0,empty_bin
CLOSEPACKING,377,375.5,376.5,,,0.0,0.0,empty_bin
CLOSEPACKING,378,376.5,377.5,,,0.0,0.0,empty_bin
CLOSEPACKING,379,377.5,378.5,,,0.0,0.0,empty_bin
CLOSEPACKING,380,378.5,379.5,,,0.0,0.0,empty_bin
CLOSEPACKING,381,379.5,380.5,,,0.0,0.0,empty_bin
CLOSEPACKING,382,380.5,381.5,,,0.0,0.0,empty_bin
CLOSEPACKING,383,381.5,382.5,,,0.0,0.0,empty_bin
CLOSEPACKING,384,382.5,383.5,,,0.0,0.0,empty_bin
CLOSEPACKING,385,383.5,384.5,,,0.0,0.0,empty_bin
CLOSEPACKING,386,384.5,385.5,,,0.0,0.0,empty_bin
CLOSEPACKING,387,385.5,386.5,,,0.0,0.0,empty_bin
CLOSEPACKING,388,386.5,387.5,,,0.0,0.0,empty_bin
CLOSEPACKING,389,387.5,388.5,,,0.0,0.0,empty_bin
CLOSEPACKING,390,388.5,389.5,,,0.0,0.0,empty_bin
CLOSEPACKING,391,389.5,390.5,,,0.0,0.0,empty_bin
CLOSEPACKING,392,390.5,391.5,,,0.0,0.0,empty_bin
CLOSEPACKING,393,391.5,392.5,,,0.0,0.0,empty_bin
CLOSEPACKING,394,392.5,393.5,,,0.0,0.0,empty_bin
CLOSEPACKING,395,393.5,394.5,,,0.0,0.0,empty_bin
CLOSEPACKING,396,394.5,395.5,,,0.0,0.0,empty_bin
CLOSEPACKING,397,395.5,396.5,,,0.0,0.0,empty_bin
CLOSEPACKING,398,396.5,397.5,,,0.0,0.0,empty_bin
CLOSEPACKING,399,397.5,398.5,,,0.0,0.0,empty_bin
CLOSEPACKING,400,398.5,399.5,,,0.0,0.0,empty_bin
CLOSEPACKING,401,399.5,400.5,,,0.0,0.0,empty_bin
CLOSEPACKING,402,400.5,401.5,,,0.0,0.0,empty_bin
CLOSEPACKING,403,401.5,402.5,,,0.0,0.0,empty_bin
CLOSEPACKING,404,402.5,403.5,,,0.0,0.0,empty_bin
CLOSEPACKING,405,403.5,404.5,,,0.0,0.0,empty_bin
CLOSEPACKING,406,404.5,405.5,,,0.0,0.0,empty_bin
CLOSEPACKING,407,405.5,406.5,,,0.0,0.0,empty_bin
CLOSEPACKING,408,406.5,407.5,,,0.0,0.0,empty_bin
CLOSEPACKING,409,407.5,408.5,,,0.0,0.0,empty_bin
CLOSEPACKING,410,408.5,409.5,,,0.0,0.0,empty_bin
CLOSEPACKING,411,409.5,410.5,,,0.0,0.0,empty_bin
CLOSEPACKING,412,410.5,411.5,,,0.0,0.0,empty_bin
CLOSEPACKING,413,411.5,412.5,,,0.0,0.0,empty_bin
CLOSEPACKING,414,412.5,413.5,,,0.0,0.0,empty_bin
CLOSEPACKING,415,413.5,414.5,,,0.0,0.0,empty_bin
CLOSEPACKING,416,414.5,415.5,,,0.0,0.0,empty_bin
CLOSEPACKING,417,415.5,416.5,,,0.0,0.0,empty_bin
CLOSEPACKING,418,416.5,417.5,,,0.0,0.0,empty_bin
CLOSEPACKING,419,417.5,418.5,,,0.0,0.0,empty_bin
CLOSEPACKING,420,418.5,419.5,,,0.0,0.0,empty_bin
CLOSEPACKING,421,419.5,420.5,,,0.0,0.0,empty_bin
CLOSEPACKING,422,420.5,421.5,,,0.0,0.0,empty_bin
CLOSEPACKING,423,421.5,422.5,,,1e-08,1e-08,available_normalized_only
CLOSEPACKING,424,422.5,423.5,,,0.0,0.0,empty_bin
CLOSEPACKING,425,423.5,424.5,,,0.0,0.0,empty_bin
CLOSEPACKING,426,424.5,425.5,,,0.0,0.0,empty_bin
CLOSEPACKING,427,425.5,426.5,,,0.0,0.0,empty_bin
CLOSEPACKING,428,426.5,427.5,,,0.0,0.0,empty_bin
CLOSEPACKING,429,427.5,428.5,,,1e-08,1e-08,available_normalized_only
CLOSEPACKING,430,428.5,429.5,,,0.0,0.0,empty_bin
CLOSEPACKING,431,429.5,430.5,,,0.0,0.0,empty_bin
CLOSEPACKING,432,430.5,431.5,,,0.0,0.0,empty_bin
CLOSEPACKING,433,431.5,432.5,,,0.0,0.0,empty_bin
CLOSEPACKING,434,432.5,433.5,,,0.0,0.0,empty_bin
CLOSEPACKING,435,433.5,434.5,,,0.0,0.0,empty_bin
CLOSEPACKING,436,434.5,435.5,,,0.0,0.0,empty_bin
CLOSEPACKING,437,435.5,436.5,,,0.0,0.0,empty_bin
CLOSEPACKING,438,436.5,437.5,,,0.0,0.0,empty_bin
CLOSEPACKING,439,437.5,438.5,,,0.0,0.0,empty_bin
CLOSEPACKING,440,438.5,439.5,,,0.0,0.0,empty_bin
CLOSEPACKING,441,439.5,440.5,,,0.0,0.0,empty_bin
CLOSEPACKING,442,440.5,441.5,,,0.0,0.0,empty_bin
CLOSEPACKING,443,441.5,442.5,,,0.0,0.0,empty_bin
CLOSEPACKING,444,442.5,443.5,,,0.0,0.0,empty_bin
CLOSEPACKING,445,443.5,444.5,,,0.0,0.0,empty_bin
CLOSEPACKING,446,444.5,445.5,,,0.0,0.0,empty_bin
CLOSEPACKING,447,445.5,446.5,,,0.0,0.0,empty_bin
CLOSEPACKING,448,446.5,447.5,,,0.0,0.0,empty_bin
CLOSEPACKING,449,447.5,448.5,,,0.0,0.0,empty_bin
CLOSEPACKING,450,448.5,449.5,,,0.0,0.0,empty_bin
CLOSEPACKING,451,449.5,450.5,,,0.0,0.0,empty_bin
CLOSEPACKING,452,450.5,451.5,,,0.0,0.0,empty_bin
CLOSEPACKING,453,451.5,452.5,,,0.0,0.0,empty_bin
CLOSEPACKING,454,452.5,453.5,,,0.0,0.0,empty_bin
CLOSEPACKING,455,453.5,454.5,,,0.0,0.0,empty_bin
CLOSEPACKING,456,454.5,455.5,,,0.0,0.0,empty_bin
CLOSEPACKING,457,455.5,456.5,,,0.0,0.0,empty_bin
CLOSEPACKING,458,456.5,457.5,,,0.0,0.0,empty_bin
CLOSEPACKING,459,457.5,458.5,,,0.0,0.0,empty_bin
CLOSEPACKING,460,458.5,459.5,,,0.0,0.0,empty_bin
CLOSEPACKING,461,459.5,460.5,,,0.0,0.0,empty_bin
CLOSEPACKING,462,460.5,461.5,,,0.0,0.0,empty_bin
CLOSEPACKING,463,461.5,462.5,,,0.0,0.0,empty_bin
CLOSEPACKING,464,462.5,463.5,,,0.0,0.0,empty_bin
CLOSEPACKING,465,463.5,464.5,,,0.0,0.0,empty_bin
CLOSEPACKING,466,464.5,465.5,,,0.0,0.0,empty_bin
CLOSEPACKING,467,465.5,466.5,,,0.0,0.0,empty_bin
CLOSEPACKING,468,466.5,467.5,,,0.0,0.0,empty_bin
CLOSEPACKING,469,467.5,468.5,,,0.0,0.0,empty_bin
CLOSEPACKING,470,468.5,469.5,,,0.0,0.0,empty_bin
CLOSEPACKING,471,469.5,470.5,,,0.0,0.0,empty_bin
CLOSEPACKING,472,470.5,471.5,,,0.0,0.0,empty_bin
CLOSEPACKING,473,471.5,472.5,,,0.0,0.0,empty_bin
CLOSEPACKING,474,472.5,473.5,,,0.0,0.0,empty_bin
CLOSEPACKING,475,473.5,474.5,,,0.0,0.0,empty_bin
CLOSEPACKING,476,474.5,475.5,,,0.0,0.0,empty_bin
CLOSEPACKING,477,475.5,476.5,,,0.0,0.0,empty_bin
CLOSEPACKING,478,476.5,477.5,,,0.0,0.0,empty_bin
CLOSEPACKING,479,477.5,478.5,,,0.0,0.0,empty_bin
CLOSEPACKING,480,478.5,479.5,,,0.0,0.0,empty_bin
CLOSEPACKING,481,479.5,480.5,,,0.0,0.0,empty_bin
CLOSEPACKING,482,480.5,481.5,,,0.0,0.0,empty_bin
CLOSEPACKING,483,481.5,482.5,,,0.0,0.0,empty_bin
CLOSEPACKING,484,482.5,483.5,,,0.0,0.0,empty_bin
CLOSEPACKING,485,483.5,484.5,,,0.0,0.0,empty_bin
CLOSEPACKING,486,484.5,485.5,,,0.0,0.0,empty_bin
CLOSEPACKING,487,485.5,486.5,,,0.0,0.0,empty_bin
CLOSEPACKING,488,486.5,487.5,,,0.0,0.0,empty_bin
CLOSEPACKING,489,487.5,488.5,,,0.0,0.0,empty_bin
CLOSEPACKING,490,488.5,489.5,,,0.0,0.0,empty_bin
CLOSEPACKING,491,489.5,490.5,,,0.0,0.0,empty_bin
CLOSEPACKING,492,490.5,491.5,,,0.0,0.0,empty_bin
CLOSEPACKING,493,491.5,492.5,,,0.0,0.0,empty_bin
CLOSEPACKING,494,492.5,493.5,,,0.0,0.0,empty_bin
CLOSEPACKING,495,493.5,494.5,,,1e-08,1e-08,available_normalized_only
CLOSEPACKING,496,494.5,495.5,,,0.0,0.0,empty_bin
CLOSEPACKING,497,495.5,496.5,,,0.0,0.0,empty_bin
CLOSEPACKING,498,496.5,497.5,,,0.0,0.0,empty_bin
CLOSEPACKING,499,497.5,498.5,,,0.0,0.0,empty_bin
CLOSEPACKING,500,498.5,499.5,,,0.0,0.0,empty_bin
CLOSEPACKING,501,499.5,500.5,,,0.0,0.0,empty_bin
CLOSEPACKING,502,500.5,501.5,,,0.0,0.0,empty_bin
CLOSEPACKING,503,501.5,502.5,,,0.0,0.0,empty_bin
CLOSEPACKING,504,502.5,503.5,,,0.0,0.0,empty_bin
CLOSEPACKING,505,503.5,504.5,,,0.0,0.0,empty_bin
CLOSEPACKING,506,504.5,505.5,,,0.0,0.0,empty_bin
CLOSEPACKING,507,505.5,506.5,,,0.0,0.0,empty_bin
CLOSEPACKING,508,506.5,507.5,,,0.0,0.0,empty_bin
CLOSEPACKING,509,507.5,508.5,,,0.0,0.0,empty_bin
CLOSEPACKING,510,508.5,509.5,,,0.0,0.0,empty_bin
CLOSEPACKING,511,509.5,510.5,,,0.0,0.0,empty_bin
CLOSEPACKING,512,510.5,511.5,,,0.0,0.0,empty_bin
CLOSEPACKING,513,511.5,512.5,,,0.0,0.0,empty_bin
CLOSEPACKING,514,512.5,513.5,,,0.0,0.0,empty_bin
CLOSEPACKING,515,513.5,514.5,,,0.0,0.0,empty_bin
CLOSEPACKING,516,514.5,515.5,,,0.0,0.0,empty_bin
CLOSEPACKING,517,515.5,516.5,,,0.0,0.0,empty_bin
CLOSEPACKING,518,516.5,517.5,,,0.0,0.0,empty_bin
CLOSEPACKING,519,517.5,518.5,,,1e-08,1e-08,available_normalized_only
CLOSEPACKING,520,518.5,519.5,,,0.0,0.0,empty_bin
CLOSEPACKING,521,519.5,520.5,,,0.0,0.0,empty_bin
CLOSEPACKING,522,520.5,521.5,,,0.0,0.0,empty_bin
CLOSEPACKING,523,521.5,522.5,,,0.0,0.0,empty_bin
CLOSEPACKING,524,522.5,523.5,,,0.0,0.0,empty_bin
CLOSEPACKING,525,523.5,524.5,,,0.0,0.0,empty_bin
CLOSEPACKING,526,524.5,525.5,,,0.0,0.0,empty_bin
CLOSEPACKING,527,525.5,526.5,,,0.0,0.0,empty_bin
CLOSEPACKING,528,526.5,527.5,,,0.0,0.0,empty_bin
CLOSEPACKING,529,527.5,528.5,,,0.0,0.0,empty_bin
CLOSEPACKING,530,528.5,529.5,,,0.0,0.0,empty_bin
CLOSEPACKING,531,529.5,530.5,,,0.0,0.0,empty_bin
CLOSEPACKING,532,530.5,531.5,,,0.0,0.0,empty_bin
CLOSEPACKING,533,531.5,532.5,,,0.0,0.0,empty_bin
CLOSEPACKING,534,532.5,533.5,,,0.0,0.0,empty_bin
CLOSEPACKING,535,533.5,534.5,,,0.0,0.0,empty_bin
CLOSEPACKING,536,534.5,535.5,,,0.0,0.0,empty_bin
CLOSEPACKING,537,535.5,536.5,,,0.0,0.0,empty_bin
CLOSEPACKING,538,536.5,537.5,,,0.0,0.0,empty_bin
CLOSEPACKING,539,537.5,538.5,,,0.0,0.0,empty_bin
CLOSEPACKING,540,538.5,539.5,,,0.0,0.0,empty_bin
CLOSEPACKING,541,539.5,540.5,,,0.0,0.0,empty_bin
CLOSEPACKING,542,540.5,541.5,,,0.0,0.0,empty_bin
CLOSEPACKING,543,541.5,542.5,,,0.0,0.0,empty_bin
CLOSEPACKING,544,542.5,543.5,,,0.0,0.0,empty_bin
CLOSEPACKING,545,543.5,544.5,,,0.0,0.0,empty_bin
CLOSEPACKING,546,544.5,545.5,,,0.0,0.0,empty_bin
CLOSEPACKING,547,545.5,546.5,,,0.0,0.0,empty_bin
CLOSEPACKING,548,546.5,547.5,,,0.0,0.0,empty_bin
CLOSEPACKING,549,547.5,548.5,,,0.0,0.0,empty_bin
CLOSEPACKING,550,548.5,549.5,,,0.0,0.0,empty_bin
CLOSEPACKING,551,549.5,550.5,,,0.0,0.0,empty_bin
CLOSEPACKING,552,550.5,551.5,,,0.0,0.0,empty_bin
CLOSEPACKING,553,551.5,552.5,,,0.0,0.0,empty_bin
CLOSEPACKING,554,552.5,553.5,,,0.0,0.0,empty_bin
CLOSEPACKING,555,553.5,554.5,,,0.0,0.0,empty_bin
CLOSEPACKING,556,554.5,555.5,,,0.0,0.0,empty_bin
CLOSEPACKING,557,555.5,556.5,,,0.0,0.0,empty_bin
CLOSEPACKING,558,556.5,557.5,,,0.0,0.0,empty_bin
CLOSEPACKING,559,557.5,558.5,,,0.0,0.0,empty_bin
CLOSEPACKING,560,558.5,559.5,,,0.0,0.0,empty_bin
CLOSEPACKING,561,559.5,560.5,,,0.0,0.0,empty_bin
CLOSEPACKING,562,560.5,561.5,,,0.0,0.0,empty_bin
CLOSEPACKING,563,561.5,562.5,,,0.0,0.0,empty_bin
CLOSEPACKING,564,562.5,563.5,,,0.0,0.0,empty_bin
CLOSEPACKING,565,563.5,564.5,,,0.0,0.0,empty_bin
CLOSEPACKING,566,564.5,565.5,,,0.0,0.0,empty_bin
CLOSEPACKING,567,565.5,566.5,,,0.0,0.0,empty_bin
CLOSEPACKING,568,566.5,567.5,,,0.0,0.0,empty_bin
CLOSEPACKING,569,567.5,568.5,,,0.0,0.0,empty_bin
CLOSEPACKING,570,568.5,569.5,,,0.0,0.0,empty_bin
CLOSEPACKING,571,569.5,570.5,,,0.0,0.0,empty_bin
CLOSEPACKING,572,570.5,571.5,,,1e-08,1e-08,available_normalized_only
CLOSEPACKING,573,571.5,572.5,,,0.0,0.0,empty_bin
CLOSEPACKING,574,572.5,573.5,,,0.0,0.0,empty_bin
CLOSEPACKING,575,573.5,574.5,,,0.0,0.0,empty_bin
CLOSEPACKING,576,574.5,575.5,,,0.0,0.0,empty_bin
CLOSEPACKING,577,575.5,576.5,,,0.0,0.0,empty_bin
CLOSEPACKING,578,576.5,577.5,,,0.0,0.0,empty_bin
CLOSEPACKING,579,577.5,578.5,,,0.0,0.0,empty_bin
CLOSEPACKING,580,578.5,579.5,,,0.0,0.0,empty_bin
CLOSEPACKING,581,579.5,580.5,,,0.0,0.0,empty_bin
CLOSEPACKING,582,580.5,581.5,,,0.0,0.0,empty_bin
CLOSEPACKING,583,581.5,582.5,,,0.0,0.0,empty_bin
CLOSEPACKING,584,582.5,583.5,,,0.0,0.0,empty_bin
CLOSEPACKING,585,583.5,584.5,,,0.0,0.0,empty_bin
CLOSEPACKING,586,584.5,585.5,,,0.0,0.0,empty_bin
CLOSEPACKING,587,585.5,586.5,,,0.0,0.0,empty_bin
CLOSEPACKING,588,586.5,587.5,,,0.0,0.0,empty_bin
CLOSEPACKING,589,587.5,588.5,,,0.0,0.0,empty_bin
CLOSEPACKING,590,588.5,589.5,,,0.0,0.0,empty_bin
CLOSEPACKING,591,589.5,590.5,,,0.0,0.0,empty_bin
CLOSEPACKING,592,590.5,591.5,,,0.0,0.0,empty_bin
CLOSEPACKING,593,591.5,592.5,,,0.0,0.0,empty_bin
CLOSEPACKING,594,592.5,593.5,,,0.0,0.0,empty_bin
CLOSEPACKING,595,593.5,594.5,,,0.0,0.0,empty_bin
CLOSEPACKING,596,594.5,595.5,,,0.0,0.0,empty_bin
CLOSEPACKING,597,595.5,596.5,,,0.0,0.0,empty_bin
CLOSEPACKING,598,596.5,597.5,,,0.0,0.0,empty_bin
CLOSEPACKING,599,597.5,598.5,,,0.0,0.0,empty_bin
CLOSEPACKING,600,598.5,599.5,,,0.0,0.0,empty_bin
CLOSEPACKING,601,599.5,600.5,,,0.0,0.0,empty_bin
CLOSEPACKING,602,600.5,601.5,,,0.0,0.0,empty_bin
CLOSEPACKING,603,601.5,602.5,,,0.0,0.0,empty_bin
CLOSEPACKING,604,602.5,603.5,,,0.0,0.0,empty_bin
CLOSEPACKING,605,603.5,604.5,,,0.0,0.0,empty_bin
CLOSEPACKING,606,604.5,605.5,,,0.0,0.0,empty_bin
CLOSEPACKING,607,605.5,606.5,,,0.0,0.0,empty_bin
CLOSEPACKING,608,606.5,607.5,,,0.0,0.0,empty_bin
CLOSEPACKING,609,607.5,608.5,,,0.0,0.0,empty_bin
CLOSEPACKING,610,608.5,609.5,,,0.0,0.0,empty_bin
CLOSEPACKING,611,609.5,610.5,,,0.0,0.0,empty_bin
CLOSEPACKING,612,610.5,611.5,,,0.0,0.0,empty_bin
CLOSEPACKING,613,611.5,612.5,,,0.0,0.0,empty_bin
CLOSEPACKING,614,612.5,613.5,,,0.0,0.0,empty_bin
CLOSEPACKING,615,613.5,614.5,,,0.0,0.0,empty_bin
CLOSEPACKING,616,614.5,615.5,,,0.0,0.0,empty_bin
CLOSEPACKING,617,615.5,616.5,,,0.0,0.0,empty_bin
CLOSEPACKING,618,616.5,617.5,,,0.0,0.0,empty_bin
CLOSEPACKING,619,617.5,618.5,,,0.0,0.0,empty_bin
CLOSEPACKING,620,618.5,619.5,,,0.0,0.0,empty_bin
CLOSEPACKING,621,619.5,620.5,,,0.0,0.0,empty_bin
CLOSEPACKING,622,620.5,621.5,,,0.0,0.0,empty_bin
CLOSEPACKING,623,621.5,622.5,,,0.0,0.0,empty_bin
CLOSEPACKING,624,622.5,623.5,,,0.0,0.0,empty_bin
CLOSEPACKING,625,623.5,624.5,,,0.0,0.0,empty_bin
CLOSEPACKING,626,624.5,625.5,,,0.0,0.0,empty_bin
CLOSEPACKING,627,625.5,626.5,,,0.0,0.0,empty_bin
CLOSEPACKING,628,626.5,627.5,,,0.0,0.0,empty_bin
CLOSEPACKING,629,627.5,628.5,,,0.0,0.0,empty_bin
CLOSEPACKING,630,628.5,629.5,,,0.0,0.0,empty_bin
CLOSEPACKING,631,629.5,630.5,,,0.0,0.0,empty_bin
CLOSEPACKING,632,630.5,631.5,,,0.0,0.0,empty_bin
CLOSEPACKING,633,631.5,632.5,,,0.0,0.0,empty_bin
CLOSEPACKING,634,632.5,633.5,,,0.0,0.0,empty_bin
CLOSEPACKING,635,633.5,634.5,,,0.0,0.0,empty_bin
CLOSEPACKING,636,634.5,635.5,,,0.0,0.0,empty_bin
CLOSEPACKING,637,635.5,636.5,,,0.0,0.0,empty_bin
CLOSEPACKING,638,636.5,637.5,,,0.0,0.0,empty_bin
CLOSEPACKING,639,637.5,638.5,,,0.0,0.0,empty_bin
CLOSEPACKING,640,638.5,639.5,,,0.0,0.0,empty_bin
CLOSEPACKING,641,639.5,640.5,,,0.0,0.0,empty_bin
CLOSEPACKING,642,640.5,641.5,,,0.0,0.0,empty_bin
CLOSEPACKING,643,641.5,642.5,,,0.0,0.0,empty_bin
CLOSEPACKING,644,642.5,643.5,,,0.0,0.0,empty_bin
CLOSEPACKING,645,643.5,644.5,,,0.0,0.0,empty_bin
CLOSEPACKING,646,644.5,645.5,,,0.0,0.0,empty_bin
CLOSEPACKING,647,645.5,646.5,,,0.0,0.0,empty_bin
CLOSEPACKING,648,646.5,647.5,,,0.0,0.0,empty_bin
CLOSEPACKING,649,647.5,648.5,,,0.0,0.0,empty_bin
CLOSEPACKING,650,648.5,649.5,,,0.0,0.0,empty_bin
CLOSEPACKING,651,649.5,650.5,,,0.0,0.0,empty_bin
CLOSEPACKING,652,650.5,651.5,,,0.0,0.0,empty_bin
CLOSEPACKING,653,651.5,652.5,,,0.0,0.0,empty_bin
CLOSEPACKING,654,652.5,653.5,,,0.0,0.0,empty_bin
CLOSEPACKING,655,653.5,654.5,,,0.0,0.0,empty_bin
CLOSEPACKING,656,654.5,655.5,,,0.0,0.0,empty_bin
CLOSEPACKING,657,655.5,656.5,,,0.0,0.0,empty_bin
CLOSEPACKING,658,656.5,657.5,,,0.0,0.0,empty_bin
CLOSEPACKING,659,657.5,658.5,,,0.0,0.0,empty_bin
CLOSEPACKING,660,658.5,659.5,,,0.0,0.0,empty_bin
CLOSEPACKING,661,659.5,660.5,,,0.0,0.0,empty_bin
CLOSEPACKING,662,660.5,661.5,,,0.0,0.0,empty_bin
CLOSEPACKING,663,661.5,662.5,,,0.0,0.0,empty_bin
CLOSEPACKING,664,662.5,663.5,,,0.0,0.0,empty_bin
CLOSEPACKING,665,663.5,664.5,,,0.0,0.0,empty_bin
CLOSEPACKING,666,664.5,665.5,,,0.0,0.0,empty_bin
CLOSEPACKING,667,665.5,666.5,,,0.0,0.0,empty_bin
CLOSEPACKING,668,666.5,667.5,,,0.0,0.0,empty_bin
CLOSEPACKING,669,667.5,668.5,,,0.0,0.0,empty_bin
CLOSEPACKING,670,668.5,669.5,,,0.0,0.0,empty_bin
CLOSEPACKING,671,669.5,670.5,,,0.0,0.0,empty_bin
CLOSEPACKING,672,670.5,671.5,,,0.0,0.0,empty_bin
CLOSEPACKING,673,671.5,672.5,,,0.0,0.0,empty_bin
CLOSEPACKING,674,672.5,673.5,,,0.0,0.0,empty_bin
CLOSEPACKING,675,673.5,674.5,,,0.0,0.0,empty_bin
CLOSEPACKING,676,674.5,675.5,,,0.0,0.0,empty_bin
CLOSEPACKING,677,675.5,676.5,,,0.0,0.0,empty_bin
CLOSEPACKING,678,676.5,677.5,,,0.0,0.0,empty_bin
CLOSEPACKING,679,677.5,678.5,,,0.0,0.0,empty_bin
CLOSEPACKING,680,678.5,679.5,,,0.0,0.0,empty_bin
CLOSEPACKING,681,679.5,680.5,,,0.0,0.0,empty_bin
CLOSEPACKING,682,680.5,681.5,,,0.0,0.0,empty_bin
CLOSEPACKING,683,681.5,682.5,,,0.0,0.0,empty_bin
CLOSEPACKING,684,682.5,683.5,,,0.0,0.0,empty_bin
CLOSEPACKING,685,683.5,684.5,,,0.0,0.0,empty_bin
CLOSEPACKING,686,684.5,685.5,,,0.0,0.0,empty_bin
CLOSEPACKING,687,685.5,686.5,,,0.0,0.0,empty_bin
CLOSEPACKING,688,686.5,687.5,,,0.0,0.0,empty_bin
CLOSEPACKING,689,687.5,688.5,,,0.0,0.0,empty_bin
CLOSEPACKING,690,688.5,689.5,,,0.0,0.0,empty_bin
CLOSEPACKING,691,689.5,690.5,,,0.0,0.0,empty_bin
CLOSEPACKING,692,690.5,691.5,,,0.0,0.0,empty_bin
CLOSEPACKING,693,691.5,692.5,,,0.0,0.0,empty_bin
CLOSEPACKING,694,692.5,693.5,,,0.0,0.0,empty_bin
CLOSEPACKING,695,693.5,694.5,,,0.0,0.0,empty_bin
CLOSEPACKING,696,694.5,695.5,,,0.0,0.0,empty_bin
CLOSEPACKING,697,695.5,696.5,,,0.0,0.0,empty_bin
CLOSEPACKING,698,696.5,697.5,,,0.0,0.0,empty_bin
CLOSEPACKING,699,697.5,698.5,,,0.0,0.0,empty_bin
CLOSEPACKING,700,698.5,699.5,,,0.0,0.0,empty_bin
CLOSEPACKING,701,699.5,700.5,,,0.0,0.0,empty_bin
CLOSEPACKING,702,700.5,701.5,,,0.0,0.0,empty_bin
CLOSEPACKING,703,701.5,702.5,,,0.0,0.0,empty_bin
CLOSEPACKING,704,702.5,703.5,,,0.0,0.0,empty_bin
CLOSEPACKING,705,703.5,704.5,,,0.0,0.0,empty_bin
CLOSEPACKING,706,704.5,705.5,,,0.0,0.0,empty_bin
CLOSEPACKING,707,705.5,706.5,,,1e-08,1e-08,available_normalized_only
CLOSEPACKING,708,706.5,707.5,,,0.0,0.0,empty_bin
CLOSEPACKING,709,707.5,708.5,,,0.0,0.0,empty_bin
CLOSEPACKING,710,708.5,709.5,,,0.0,0.0,empty_bin
CLOSEPACKING,711,709.5,710.5,,,0.0,0.0,empty_bin
CLOSEPACKING,712,710.5,711.5,,,0.0,0.0,empty_bin
CLOSEPACKING,713,711.5,712.5,,,0.0,0.0,empty_bin
CLOSEPACKING,714,712.5,713.5,,,0.0,0.0,empty_bin
CLOSEPACKING,715,713.5,714.5,,,0.0,0.0,empty_bin
CLOSEPACKING,716,714.5,715.5,,,0.0,0.0,empty_bin
CLOSEPACKING,717,715.5,716.5,,,0.0,0.0,empty_bin
CLOSEPACKING,718,716.5,717.5,,,0.0,0.0,empty_bin
CLOSEPACKING,719,717.5,718.5,,,0.0,0.0,empty_bin
CLOSEPACKING,720,718.5,719.5,,,0.0,0.0,empty_bin
CLOSEPACKING,721,719.5,720.5,,,0.0,0.0,empty_bin
CLOSEPACKING,722,720.5,721.5,,,0.0,0.0,empty_bin
CLOSEPACKING,723,721.5,722.5,,,0.0,0.0,empty_bin
CLOSEPACKING,724,722.5,723.5,,,0.0,0.0,empty_bin
CLOSEPACKING,725,723.5,724.5,,,0.0,0.0,empty_bin
CLOSEPACKING,726,724.5,725.5,,,0.0,0.0,empty_bin
CLOSEPACKING,727,725.5,726.5,,,0.0,0.0,empty_bin
CLOSEPACKING,728,726.5,727.5,,,0.0,0.0,empty_bin
CLOSEPACKING,729,727.5,728.5,,,0.0,0.0,empty_bin
CLOSEPACKING,730,728.5,729.5,,,0.0,0.0,empty_bin
CLOSEPACKING,731,729.5,730.5,,,0.0,0.0,empty_bin
CLOSEPACKING,732,730.5,731.5,,,0.0,0.0,empty_bin
CLOSEPACKING,733,731.5,732.5,,,0.0,0.0,empty_bin
CLOSEPACKING,734,732.5,733.5,,,0.0,0.0,empty_bin
CLOSEPACKING,735,733.5,734.5,,,0.0,0.0,empty_bin
CLOSEPACKING,736,734.5,735.5,,,0.0,0.0,empty_bin
CLOSEPACKING,737,735.5,736.5,,,0.0,0.0,empty_bin
CLOSEPACKING,738,736.5,737.5,,,0.0,0.0,empty_bin
CLOSEPACKING,739,737.5,738.5,,,0.0,0.0,empty_bin
CLOSEPACKING,740,738.5,739.5,,,0.0,0.0,empty_bin
CLOSEPACKING,741,739.5,740.5,,,0.0,0.0,empty_bin
CLOSEPACKING,742,740.5,741.5,,,0.0,0.0,empty_bin
CLOSEPACKING,743,741.5,742.5,,,0.0,0.0,empty_bin
CLOSEPACKING,744,742.5,743.5,,,0.0,0.0,empty_bin
CLOSEPACKING,745,743.5,744.5,,,0.0,0.0,empty_bin
CLOSEPACKING,746,744.5,745.5,,,0.0,0.0,empty_bin
CLOSEPACKING,747,745.5,746.5,,,0.0,0.0,empty_bin
CLOSEPACKING,748,746.5,747.5,,,0.0,0.0,empty_bin
CLOSEPACKING,749,747.5,748.5,,,0.0,0.0,empty_bin
CLOSEPACKING,750,748.5,749.5,,,0.0,0.0,empty_bin
CLOSEPACKING,751,749.5,750.5,,,0.0,0.0,empty_bin
CLOSEPACKING,752,750.5,751.5,,,0.0,0.0,empty_bin
CLOSEPACKING,753,751.5,752.5,,,0.0,0.0,empty_bin
CLOSEPACKING,754,752.5,753.5,,,0.0,0.0,empty_bin
CLOSEPACKING,755,753.5,754.5,,,0.0,0.0,empty_bin
CLOSEPACKING,756,754.5,755.5,,,0.0,0.0,empty_bin
CLOSEPACKING,757,755.5,756.5,,,0.0,0.0,empty_bin
CLOSEPACKING,758,756.5,757.5,,,0.0,0.0,empty_bin
CLOSEPACKING,759,757.5,758.5,,,0.0,0.0,empty_bin
CLOSEPACKING,760,758.5,759.5,,,0.0,0.0,empty_bin
CLOSEPACKING,761,759.5,760.5,,,0.0,0.0,empty_bin
CLOSEPACKING,762,760.5,761.5,,,0.0,0.0,empty_bin
CLOSEPACKING,763,761.5,762.5,,,0.0,0.0,empty_bin
CLOSEPACKING,764,762.5,763.5,,,0.0,0.0,empty_bin
CLOSEPACKING,765,763.5,764.5,,,0.0,0.0,empty_bin
CLOSEPACKING,766,764.5,765.5,,,0.0,0.0,empty_bin
CLOSEPACKING,767,765.5,766.5,,,0.0,0.0,empty_bin
CLOSEPACKING,768,766.5,767.5,,,0.0,0.0,empty_bin
CLOSEPACKING,769,767.5,768.5,,,0.0,0.0,empty_bin
CLOSEPACKING,770,768.5,769.5,,,0.0,0.0,empty_bin
CLOSEPACKING,771,769.5,770.5,,,0.0,0.0,empty_bin
CLOSEPACKING,772,770.5,771.5,,,0.0,0.0,empty_bin
CLOSEPACKING,773,771.5,772.5,,,0.0,0.0,empty_bin
CLOSEPACKING,774,772.5,773.5,,,0.0,0.0,empty_bin
CLOSEPACKING,775,773.5,774.5,,,0.0,0.0,empty_bin
CLOSEPACKING,776,774.5,775.5,,,0.0,0.0,empty_bin
CLOSEPACKING,777,775.5,776.5,,,0.0,0.0,empty_bin
CLOSEPACKING,778,776.5,777.5,,,0.0,0.0,empty_bin
CLOSEPACKING,779,777.5,778.5,,,0.0,0.0,empty_bin
CLOSEPACKING,780,778.5,779.5,,,0.0,0.0,empty_bin
CLOSEPACKING,781,779.5,780.5,,,0.0,0.0,empty_bin
CLOSEPACKING,782,780.5,781.5,,,0.0,0.0,empty_bin
CLOSEPACKING,783,781.5,782.5,,,0.0,0.0,empty_bin
CLOSEPACKING,784,782.5,783.5,,,0.0,0.0,empty_bin
CLOSEPACKING,785,783.5,784.5,,,0.0,0.0,empty_bin
CLOSEPACKING,786,784.5,785.5,,,0.0,0.0,empty_bin
CLOSEPACKING,787,785.5,786.5,,,1e-08,1e-08,available_normalized_only
CLOSEPACKING,788,786.5,787.5,,,0.0,0.0,empty_bin
CLOSEPACKING,789,787.5,788.5,,,0.0,0.0,empty_bin
CLOSEPACKING,790,788.5,789.5,,,0.0,0.0,empty_bin
CLOSEPACKING,791,789.5,790.5,,,0.0,0.0,empty_bin
CLOSEPACKING,792,790.5,791.5,,,0.0,0.0,empty_bin
CLOSEPACKING,793,791.5,792.5,,,0.0,0.0,empty_bin
CLOSEPACKING,794,792.5,793.5,,,0.0,0.0,empty_bin
CLOSEPACKING,795,793.5,794.5,,,0.0,0.0,empty_bin
CLOSEPACKING,796,794.5,795.5,,,0.0,0.0,empty_bin
CLOSEPACKING,797,795.5,796.5,,,0.0,0.0,empty_bin
CLOSEPACKING,798,796.5,797.5,,,0.0,0.0,empty_bin
CLOSEPACKING,799,797.5,798.5,,,0.0,0.0,empty_bin
CLOSEPACKING,800,798.5,799.5,,,0.0,0.0,empty_bin
CLOSEPACKING,801,799.5,800.5,,,0.0,0.0,empty_bin
CLOSEPACKING,802,800.5,801.5,,,0.0,0.0,empty_bin
CLOSEPACKING,803,801.5,802.5,,,0.0,0.0,empty_bin
CLOSEPACKING,804,802.5,803.5,,,0.0,0.0,empty_bin
CLOSEPACKING,805,803.5,804.5,,,0.0,0.0,empty_bin
CLOSEPACKING,806,804.5,805.5,,,0.0,0.0,empty_bin
CLOSEPACKING,807,805.5,806.5,,,0.0,0.0,empty_bin
CLOSEPACKING,808,806.5,807.5,,,0.0,0.0,empty_bin
CLOSEPACKING,809,807.5,808.5,,,0.0,0.0,empty_bin
CLOSEPACKING,810,808.5,809.5,,,0.0,0.0,empty_bin
CLOSEPACKING,811,809.5,810.5,,,0.0,0.0,empty_bin
CLOSEPACKING,812,810.5,811.5,,,0.0,0.0,empty_bin
CLOSEPACKING,813,811.5,812.5,,,0.0,0.0,empty_bin
CLOSEPACKING,814,812.5,813.5,,,0.0,0.0,empty_bin
CLOSEPACKING,815,813.5,814.5,,,0.0,0.0,empty_bin
CLOSEPACKING,816,814.5,815.5,,,0.0,0.0,empty_bin
CLOSEPACKING,817,815.5,816.5,,,0.0,0.0,empty_bin
CLOSEPACKING,818,816.5,817.5,,,0.0,0.0,empty_bin
CLOSEPACKING,819,817.5,818.5,,,0.0,0.0,empty_bin
CLOSEPACKING,820,818.5,819.5,,,0.0,0.0,empty_bin
CLOSEPACKING,821,819.5,820.5,,,0.0,0.0,empty_bin
CLOSEPACKING,822,820.5,821.5,,,0.0,0.0,empty_bin
CLOSEPACKING,823,821.5,822.5,,,0.0,0.0,empty_bin
CLOSEPACKING,824,822.5,823.5,,,0.0,0.0,empty_bin
CLOSEPACKING,825,823.5,824.5,,,0.0,0.0,empty_bin
CLOSEPACKING,826,824.5,825.5,,,0.0,0.0,empty_bin
CLOSEPACKING,827,825.5,826.5,,,0.0,0.0,empty_bin
CLOSEPACKING,828,826.5,827.5,,,0.0,0.0,empty_bin
CLOSEPACKING,829,827.5,828.5,,,0.0,0.0,empty_bin
CLOSEPACKING,830,828.5,829.5,,,0.0,0.0,empty_bin
CLOSEPACKING,831,829.5,830.5,,,0.0,0.0,empty_bin
CLOSEPACKING,832,830.5,831.5,,,0.0,0.0,empty_bin
CLOSEPACKING,833,831.5,832.5,,,0.0,0.0,empty_bin
CLOSEPACKING,834,832.5,833.5,,,0.0,0.0,empty_bin
CLOSEPACKING,835,833.5,834.5,,,0.0,0.0,empty_bin
CLOSEPACKING,836,834.5,835.5,,,0.0,0.0,empty_bin
CLOSEPACKING,837,835.5,836.5,,,0.0,0.0,empty_bin
CLOSEPACKING,838,836.5,837.5,,,0.0,0.0,empty_bin
CLOSEPACKING,839,837.5,838.5,,,0.0,0.0,empty_bin
CLOSEPACKING,840,838.5,839.5,,,0.0,0.0,empty_bin
CLOSEPACKING,841,839.5,840.5,,,0.0,0.0,empty_bin
CLOSEPACKING,842,840.5,841.5,,,0.0,0.0,empty_bin
CLOSEPACKING,843,841.5,842.5,,,0.0,0.0,empty_bin
CLOSEPACKING,844,842.5,843.5,,,0.0,0.0,empty_bin
CLOSEPACKING,845,843.5,844.5,,,0.0,0.0,empty_bin
CLOSEPACKING,846,844.5,845.5,,,0.0,0.0,empty_bin
CLOSEPACKING,847,845.5,846.5,,,0.0,0.0,empty_bin
CLOSEPACKING,848,846.5,847.5,,,0.0,0.0,empty_bin
CLOSEPACKING,849,847.5,848.5,,,0.0,0.0,empty_bin
CLOSEPACKING,850,848.5,849.5,,,0.0,0.0,empty_bin
CLOSEPACKING,851,849.5,850.5,,,0.0,0.0,empty_bin
CLOSEPACKING,852,850.5,851.5,,,0.0,0.0,empty_bin
CLOSEPACKING,853,851.5,852.5,,,0.0,0.0,empty_bin
CLOSEPACKING,854,852.5,853.5,,,0.0,0.0,empty_bin
CLOSEPACKING,855,853.5,854.5,,,0.0,0.0,empty_bin
CLOSEPACKING,856,854.5,855.5,,,0.0,0.0,empty_bin
CLOSEPACKING,857,855.5,856.5,,,0.0,0.0,empty_bin
CLOSEPACKING,858,856.5,857.5,,,0.0,0.0,empty_bin
CLOSEPACKING,859,857.5,858.5,,,0.0,0.0,empty_bin
CLOSEPACKING,860,858.5,859.5,,,0.0,0.0,empty_bin
CLOSEPACKING,861,859.5,860.5,,,0.0,0.0,empty_bin
CLOSEPACKING,862,860.5,861.5,,,0.0,0.0,empty_bin
CLOSEPACKING,863,861.5,862.5,,,0.0,0.0,empty_bin
CLOSEPACKING,864,862.5,863.5,,,0.0,0.0,empty_bin
CLOSEPACKING,865,863.5,864.5,,,0.0,0.0,empty_bin
CLOSEPACKING,866,864.5,865.5,,,0.0,0.0,empty_bin
CLOSEPACKING,867,865.5,866.5,,,0.0,0.0,empty_bin
CLOSEPACKING,868,866.5,867.5,,,0.0,0.0,empty_bin
CLOSEPACKING,869,867.5,868.5,,,0.0,0.0,empty_bin
CLOSEPACKING,870,868.5,869.5,,,0.0,0.0,empty_bin
CLOSEPACKING,871,869.5,870.5,,,0.0,0.0,empty_bin
CLOSEPACKING,872,870.5,871.5,,,0.0,0.0,empty_bin
CLOSEPACKING,873,871.5,872.5,,,0.0,0.0,empty_bin
CLOSEPACKING,874,872.5,873.5,,,0.0,0.0,empty_bin
CLOSEPACKING,875,873.5,874.5,,,0.0,0.0,empty_bin
CLOSEPACKING,876,874.5,875.5,,,0.0,0.0,empty_bin
CLOSEPACKING,877,875.5,876.5,,,0.0,0.0,empty_bin
CLOSEPACKING,878,876.5,877.5,,,0.0,0.0,empty_bin
CLOSEPACKING,879,877.5,878.5,,,0.0,0.0,empty_bin
CLOSEPACKING,880,878.5,879.5,,,0.0,0.0,empty_bin
CLOSEPACKING,881,879.5,880.5,,,0.0,0.0,empty_bin
CLOSEPACKING,882,880.5,881.5,,,0.0,0.0,empty_bin
CLOSEPACKING,883,881.5,882.5,,,0.0,0.0,empty_bin
CLOSEPACKING,884,882.5,883.5,,,0.0,0.0,empty_bin
CLOSEPACKING,885,883.5,884.5,,,0.0,0.0,empty_bin
CLOSEPACKING,886,884.5,885.5,,,0.0,0.0,empty_bin
CLOSEPACKING,887,885.5,886.5,,,0.0,0.0,empty_bin
CLOSEPACKING,888,886.5,887.5,,,0.0,0.0,empty_bin
CLOSEPACKING,889,887.5,888.5,,,0.0,0.0,empty_bin
CLOSEPACKING,890,888.5,889.5,,,0.0,0.0,empty_bin
CLOSEPACKING,891,889.5,890.5,,,0.0,0.0,empty_bin
CLOSEPACKING,892,890.5,891.5,,,0.0,0.0,empty_bin
CLOSEPACKING,893,891.5,892.5,,,0.0,0.0,empty_bin
CLOSEPACKING,894,892.5,893.5,,,0.0,0.0,empty_bin
CLOSEPACKING,895,893.5,894.5,,,0.0,0.0,empty_bin
CLOSEPACKING,896,894.5,895.5,,,0.0,0.0,empty_bin
CLOSEPACKING,897,895.5,896.5,,,0.0,0.0,empty_bin
CLOSEPACKING,898,896.5,897.5,,,0.0,0.0,empty_bin
CLOSEPACKING,899,897.5,898.5,,,0.0,0.0,empty_bin
CLOSEPACKING,900,898.5,899.5,,,0.0,0.0,empty_bin
CLOSEPACKING,901,899.5,900.5,,,0.0,0.0,empty_bin
CLOSEPACKING,902,900.5,901.5,,,0.0,0.0,empty_bin
CLOSEPACKING,903,901.5,902.5,,,0.0,0.0,empty_bin
CLOSEPACKING,904,902.5,903.5,,,0.0,0.0,empty_bin
CLOSEPACKING,905,903.5,904.5,,,0.0,0.0,empty_bin
CLOSEPACKING,906,904.5,905.5,,,0.0,0.0,empty_bin
CLOSEPACKING,907,905.5,906.5,,,0.0,0.0,empty_bin
CLOSEPACKING,908,906.5,907.5,,,0.0,0.0,empty_bin
CLOSEPACKING,909,907.5,908.5,,,0.0,0.0,empty_bin
CLOSEPACKING,910,908.5,909.5,,,0.0,0.0,empty_bin
CLOSEPACKING,911,909.5,910.5,,,0.0,0.0,empty_bin
CLOSEPACKING,912,910.5,911.5,,,0.0,0.0,empty_bin
CLOSEPACKING,913,911.5,912.5,,,0.0,0.0,empty_bin
CLOSEPACKING,914,912.5,913.5,,,0.0,0.0,empty_bin
CLOSEPACKING,915,913.5,914.5,,,1e-08,1e-08,available_normalized_only
CLOSEPACKING,916,914.5,915.5,,,0.0,0.0,empty_bin
CLOSEPACKING,917,915.5,916.5,,,0.0,0.0,empty_bin
CLOSEPACKING,918,916.5,917.5,,,0.0,0.0,empty_bin
CLOSEPACKING,919,917.5,918.5,,,0.0,0.0,empty_bin
CLOSEPACKING,920,918.5,919.5,,,0.0,0.0,empty_bin
CLOSEPACKING,921,919.5,920.5,,,0.0,0.0,empty_bin
CLOSEPACKING,922,920.5,921.5,,,0.0,0.0,empty_bin
CLOSEPACKING,923,921.5,922.5,,,0.0,0.0,empty_bin
CLOSEPACKING,924,922.5,923.5,,,0.0,0.0,empty_bin
CLOSEPACKING,925,923.5,924.5,,,0.0,0.0,empty_bin
CLOSEPACKING,926,924.5,925.5,,,0.0,0.0,empty_bin
CLOSEPACKING,927,925.5,926.5,,,0.0,0.0,empty_bin
CLOSEPACKING,928,926.5,927.5,,,0.0,0.0,empty_bin
CLOSEPACKING,929,927.5,928.5,,,0.0,0.0,empty_bin
CLOSEPACKING,930,928.5,929.5,,,0.0,0.0,empty_bin
CLOSEPACKING,931,929.5,930.5,,,0.0,0.0,empty_bin
CLOSEPACKING,932,930.5,931.5,,,0.0,0.0,empty_bin
CLOSEPACKING,933,931.5,932.5,,,0.0,0.0,empty_bin
CLOSEPACKING,934,932.5,933.5,,,0.0,0.0,empty_bin
CLOSEPACKING,935,933.5,934.5,,,0.0,0.0,empty_bin
CLOSEPACKING,936,934.5,935.5,,,0.0,0.0,empty_bin
CLOSEPACKING,937,935.5,936.5,,,0.0,0.0,empty_bin
CLOSEPACKING,938,936.5,937.5,,,0.0,0.0,empty_bin
CLOSEPACKING,939,937.5,938.5,,,0.0,0.0,empty_bin
CLOSEPACKING,940,938.5,939.5,,,0.0,0.0,empty_bin
CLOSEPACKING,941,939.5,940.5,,,0.0,0.0,empty_bin
CLOSEPACKING,942,940.5,941.5,,,0.0,0.0,empty_bin
CLOSEPACKING,943,941.5,942.5,,,0.0,0.0,empty_bin
CLOSEPACKING,944,942.5,943.5,,,1e-08,1e-08,available_normalized_only
CLOSEPACKING,945,943.5,944.5,,,0.0,0.0,empty_bin
CLOSEPACKING,946,944.5,945.5,,,0.0,0.0,empty_bin
CLOSEPACKING,947,945.5,946.5,,,0.0,0.0,empty_bin
CLOSEPACKING,948,946.5,947.5,,,0.0,0.0,empty_bin
CLOSEPACKING,949,947.5,948.5,,,0.0,0.0,empty_bin
CLOSEPACKING,950,948.5,949.5,,,0.0,0.0,empty_bin
CLOSEPACKING,951,949.5,950.5,,,0.0,0.0,empty_bin
CLOSEPACKING,952,950.5,951.5,,,0.0,0.0,empty_bin
CLOSEPACKING,953,951.5,952.5,,,0.0,0.0,empty_bin
CLOSEPACKING,954,952.5,953.5,,,0.0,0.0,empty_bin
CLOSEPACKING,955,953.5,954.5,,,0.0,0.0,empty_bin
CLOSEPACKING,956,954.5,955.5,,,0.0,0.0,empty_bin
CLOSEPACKING,957,955.5,956.5,,,0.0,0.0,empty_bin
CLOSEPACKING,958,956.5,957.5,,,0.0,0.0,empty_bin
CLOSEPACKING,959,957.5,958.5,,,0.0,0.0,empty_bin
CLOSEPACKING,960,958.5,959.5,,,0.0,0.0,empty_bin
CLOSEPACKING,961,959.5,960.5,,,0.0,0.0,empty_bin
CLOSEPACKING,962,960.5,961.5,,,0.0,0.0,empty_bin
CLOSEPACKING,963,961.5,962.5,,,0.0,0.0,empty_bin
CLOSEPACKING,964,962.5,963.5,,,0.0,0.0,empty_bin
CLOSEPACKING,965,963.5,964.5,,,0.0,0.0,empty_bin
CLOSEPACKING,966,964.5,965.5,,,0.0,0.0,empty_bin
CLOSEPACKING,967,965.5,966.5,,,0.0,0.0,empty_bin
CLOSEPACKING,968,966.5,967.5,,,0.0,0.0,empty_bin
CLOSEPACKING,969,967.5,968.5,,,0.0,0.0,empty_bin
CLOSEPACKING,970,968.5,969.5,,,0.0,0.0,empty_bin
CLOSEPACKING,971,969.5,970.5,,,0.0,0.0,empty_bin
CLOSEPACKING,972,970.5,971.5,,,0.0,0.0,empty_bin
CLOSEPACKING,973,971.5,972.5,,,0.0,0.0,empty_bin
CLOSEPACKING,974,972.5,973.5,,,0.0,0.0,empty_bin
CLOSEPACKING,975,973.5,974.5,,,0.0,0.0,empty_bin
CLOSEPACKING,976,974.5,975.5,,,0.0,0.0,empty_bin
CLOSEPACKING,977,975.5,976.5,,,0.0,0.0,empty_bin
CLOSEPACKING,978,976.5,977.5,,,0.0,0.0,empty_bin
CLOSEPACKING,979,977.5,978.5,,,0.0,0.0,empty_bin
CLOSEPACKING,980,978.5,979.5,,,0.0,0.0,empty_bin
CLOSEPACKING,981,979.5,980.5,,,0.0,0.0,empty_bin
CLOSEPACKING,982,980.5,981.5,,,0.0,0.0,empty_bin
CLOSEPACKING,983,981.5,982.5,,,0.0,0.0,empty_bin
CLOSEPACKING,984,982.5,983.5,,,0.0,0.0,empty_bin
CLOSEPACKING,985,983.5,984.5,,,0.0,0.0,empty_bin
CLOSEPACKING,986,984.5,985.5,,,0.0,0.0,empty_bin
CLOSEPACKING,987,985.5,986.5,,,0.0,0.0,empty_bin
CLOSEPACKING,988,986.5,987.5,,,0.0,0.0,empty_bin
CLOSEPACKING,989,987.5,988.5,,,0.0,0.0,empty_bin
CLOSEPACKING,990,988.5,989.5,,,0.0,0.0,empty_bin
CLOSEPACKING,991,989.5,990.5,,,0.0,0.0,empty_bin
CLOSEPACKING,992,990.5,991.5,,,0.0,0.0,empty_bin
CLOSEPACKING,993,991.5,992.5,,,0.0,0.0,empty_bin
CLOSEPACKING,994,992.5,993.5,,,0.0,0.0,empty_bin
CLOSEPACKING,995,993.5,994.5,,,0.0,0.0,empty_bin
CLOSEPACKING,996,994.5,995.5,,,0.0,0.0,empty_bin
CLOSEPACKING,997,995.5,996.5,,,0.0,0.0,empty_bin
CLOSEPACKING,998,996.5,997.5,,,0.0,0.0,empty_bin
CLOSEPACKING,999,997.5,998.5,,,0.0,0.0,empty_bin
CLOSEPACKING,1000,998.5,999.5,,,0.0,0.0,empty_bin
CLOSEPACKING,1001,999.5,1000.5,,,0.0,0.0,empty_bin
CLOSEPACKING,1002,1000.5,1001.5,,,0.0,0.0,empty_bin
CLOSEPACKING,1003,1001.5,1002.5,,,0.0,0.0,empty_bin
CLOSEPACKING,1004,1002.5,1003.5,,,0.0,0.0,empty_bin
CLOSEPACKING,1005,1003.5,1004.5,,,0.0,0.0,empty_bin
CLOSEPACKING,1006,1004.5,1005.5,,,0.0,0.0,empty_bin
CLOSEPACKING,1007,1005.5,1006.5,,,0.0,0.0,empty_bin
CLOSEPACKING,1008,1006.5,1007.5,,,0.0,0.0,empty_bin
CLOSEPACKING,1009,1007.5,1008.5,,,0.0,0.0,empty_bin
CLOSEPACKING,1010,1008.5,1009.5,,,0.0,0.0,empty_bin
CLOSEPACKING,1011,1009.5,1010.5,,,0.0,0.0,empty_bin
CLOSEPACKING,1012,1010.5,1011.5,,,0.0,0.0,empty_bin
CLOSEPACKING,1013,1011.5,1012.5,,,0.0,0.0,empty_bin
CLOSEPACKING,1014,1012.5,1013.5,,,0.0,0.0,empty_bin
CLOSEPACKING,1015,1013.5,1014.5,,,0.0,0.0,empty_bin
CLOSEPACKING,1016,1014.5,1015.5,,,0.0,0.0,empty_bin
CLOSEPACKING,1017,1015.5,1016.5,,,0.0,0.0,empty_bin
CLOSEPACKING,1018,1016.5,1017.5,,,0.0,0.0,empty_bin
CLOSEPACKING,1019,1017.5,1018.5,,,0.0,0.0,empty_bin
CLOSEPACKING,1020,1018.5,1019.5,,,0.0,0.0,empty_bin
CLOSEPACKING,1021,1019.5,1020.5,,,0.0,0.0,empty_bin
CLOSEPACKING,1022,1020.5,1021.5,,,0.0,0.0,empty_bin
CLOSEPACKING,1023,1021.5,1022.5,,,0.0,0.0,empty_bin
CLOSEPACKING,1024,1022.5,1023.5,,,0.0,0.0,empty_bin
CLOSEPACKING,1025,1023.5,1024.5,,,0.0,0.0,empty_bin
CLOSEPACKING,1026,1024.5,1025.5,,,0.0,0.0,empty_bin
CLOSEPACKING,1027,1025.5,1026.5,,,0.0,0.0,empty_bin
CLOSEPACKING,1028,1026.5,1027.5,,,0.0,0.0,empty_bin
CLOSEPACKING,1029,1027.5,1028.5,,,0.0,0.0,empty_bin
CLOSEPACKING,1030,1028.5,1029.5,,,0.0,0.0,empty_bin
CLOSEPACKING,1031,1029.5,1030.5,,,0.0,0.0,empty_bin
CLOSEPACKING,1032,1030.5,1031.5,,,0.0,0.0,empty_bin
CLOSEPACKING,1033,1031.5,1032.5,,,0.0,0.0,empty_bin
CLOSEPACKING,1034,1032.5,1033.5,,,0.0,0.0,empty_bin
CLOSEPACKING,1035,1033.5,1034.5,,,0.0,0.0,empty_bin
CLOSEPACKING,1036,1034.5,1035.5,,,0.0,0.0,empty_bin
CLOSEPACKING,1037,1035.5,1036.5,,,0.0,0.0,empty_bin
CLOSEPACKING,1038,1036.5,1037.5,,,0.0,0.0,empty_bin
CLOSEPACKING,1039,1037.5,1038.5,,,0.0,0.0,empty_bin
CLOSEPACKING,1040,1038.5,1039.5,,,0.0,0.0,empty_bin
CLOSEPACKING,1041,1039.5,1040.5,,,0.0,0.0,empty_bin
CLOSEPACKING,1042,1040.5,1041.5,,,0.0,0.0,empty_bin
CLOSEPACKING,1043,1041.5,1042.5,,,0.0,0.0,empty_bin
CLOSEPACKING,1044,1042.5,1043.5,,,0.0,0.0,empty_bin
CLOSEPACKING,1045,1043.5,1044.5,,,0.0,0.0,empty_bin
CLOSEPACKING,1046,1044.5,1045.5,,,0.0,0.0,empty_bin
CLOSEPACKING,1047,1045.5,1046.5,,,0.0,0.0,empty_bin
CLOSEPACKING,1048,1046.5,1047.5,,,0.0,0.0,empty_bin
CLOSEPACKING,1049,1047.5,1048.5,,,0.0,0.0,empty_bin
CLOSEPACKING,1050,1048.5,1049.5,,,0.0,0.0,empty_bin
CLOSEPACKING,1051,1049.5,1050.5,,,0.0,0.0,empty_bin
CLOSEPACKING,1052,1050.5,1051.5,,,0.0,0.0,empty_bin
CLOSEPACKING,1053,1051.5,1052.5,,,0.0,0.0,empty_bin
CLOSEPACKING,1054,1052.5,1053.5,,,0.0,0.0,empty_bin
CLOSEPACKING,1055,1053.5,1054.5,,,0.0,0.0,empty_bin
CLOSEPACKING,1056,1054.5,1055.5,,,0.0,0.0,empty_bin
CLOSEPACKING,1057,1055.5,1056.5,,,0.0,0.0,empty_bin
CLOSEPACKING,1058,1056.5,1057.5,,,0.0,0.0,empty_bin
CLOSEPACKING,1059,1057.5,1058.5,,,0.0,0.0,empty_bin
CLOSEPACKING,1060,1058.5,1059.5,,,0.0,0.0,empty_bin
CLOSEPACKING,1061,1059.5,1060.5,,,0.0,0.0,empty_bin
CLOSEPACKING,1062,1060.5,1061.5,,,0.0,0.0,empty_bin
CLOSEPACKING,1063,1061.5,1062.5,,,0.0,0.0,empty_bin
CLOSEPACKING,1064,1062.5,1063.5,,,0.0,0.0,empty_bin
CLOSEPACKING,1065,1063.5,1064.5,,,0.0,0.0,empty_bin
CLOSEPACKING,1066,1064.5,1065.5,,,0.0,0.0,empty_bin
CLOSEPACKING,1067,1065.5,1066.5,,,0.0,0.0,empty_bin
CLOSEPACKING,1068,1066.5,1067.5,,,0.0,0.0,empty_bin
CLOSEPACKING,1069,1067.5,1068.5,,,0.0,0.0,empty_bin
CLOSEPACKING,1070,1068.5,1069.5,,,0.0,0.0,empty_bin
CLOSEPACKING,1071,1069.5,1070.5,,,0.0,0.0,empty_bin
CLOSEPACKING,1072,1070.5,1071.5,,,0.0,0.0,empty_bin
CLOSEPACKING,1073,1071.5,1072.5,,,0.0,0.0,empty_bin
CLOSEPACKING,1074,1072.5,1073.5,,,0.0,0.0,empty_bin
CLOSEPACKING,1075,1073.5,1074.5,,,0.0,0.0,empty_bin
CLOSEPACKING,1076,1074.5,1075.5,,,0.0,0.0,empty_bin
CLOSEPACKING,1077,1075.5,1076.5,,,0.0,0.0,empty_bin
CLOSEPACKING,1078,1076.5,1077.5,,,0.0,0.0,empty_bin
CLOSEPACKING,1079,1077.5,1078.5,,,0.0,0.0,empty_bin
CLOSEPACKING,1080,1078.5,1079.5,,,0.0,0.0,empty_bin
CLOSEPACKING,1081,1079.5,1080.5,,,0.0,0.0,empty_bin
CLOSEPACKING,1082,1080.5,1081.5,,,0.0,0.0,empty_bin
CLOSEPACKING,1083,1081.5,1082.5,,,0.0,0.0,empty_bin
CLOSEPACKING,1084,1082.5,1083.5,,,0.0,0.0,empty_bin
CLOSEPACKING,1085,1083.5,1084.5,,,0.0,0.0,empty_bin
CLOSEPACKING,1086,1084.5,1085.5,,,0.0,0.0,empty_bin
CLOSEPACKING,1087,1085.5,1086.5,,,0.0,0.0,empty_bin
CLOSEPACKING,1088,1086.5,1087.5,,,0.0,0.0,empty_bin
CLOSEPACKING,1089,1087.5,1088.5,,,0.0,0.0,empty_bin
CLOSEPACKING,1090,1088.5,1089.5,,,0.0,0.0,empty_bin
CLOSEPACKING,1091,1089.5,1090.5,,,0.0,0.0,empty_bin
CLOSEPACKING,1092,1090.5,1091.5,,,0.0,0.0,empty_bin
CLOSEPACKING,1093,1091.5,1092.5,,,0.0,0.0,empty_bin
CLOSEPACKING,1094,1092.5,1093.5,,,0.0,0.0,empty_bin
CLOSEPACKING,1095,1093.5,1094.5,,,0.0,0.0,empty_bin
CLOSEPACKING,1096,1094.5,1095.5,,,0.0,0.0,empty_bin
CLOSEPACKING,1097,1095.5,1096.5,,,0.0,0.0,empty_bin
CLOSEPACKING,1098,1096.5,1097.5,,,0.0,0.0,empty_bin
CLOSEPACKING,1099,1097.5,1098.5,,,0.0,0.0,empty_bin
CLOSEPACKING,1100,1098.5,1099.5,,,0.0,0.0,empty_bin
CLOSEPACKING,1101,1099.5,1100.5,,,0.0,0.0,empty_bin
CLOSEPACKING,1102,1100.5,1101.5,,,0.0,0.0,empty_bin
CLOSEPACKING,1103,1101.5,1102.5,,,0.0,0.0,empty_bin
CLOSEPACKING,1104,1102.5,1103.5,,,0.0,0.0,empty_bin
CLOSEPACKING,1105,1103.5,1104.5,,,0.0,0.0,empty_bin
CLOSEPACKING,1106,1104.5,1105.5,,,0.0,0.0,empty_bin
CLOSEPACKING,1107,1105.5,1106.5,,,0.0,0.0,empty_bin
CLOSEPACKING,1108,1106.5,1107.5,,,0.0,0.0,empty_bin
CLOSEPACKING,1109,1107.5,1108.5,,,0.0,0.0,empty_bin
CLOSEPACKING,1110,1108.5,1109.5,,,0.0,0.0,empty_bin
CLOSEPACKING,1111,1109.5,1110.5,,,0.0,0.0,empty_bin
CLOSEPACKING,1112,1110.5,1111.5,,,0.0,0.0,empty_bin
CLOSEPACKING,1113,1111.5,1112.5,,,0.0,0.0,empty_bin
CLOSEPACKING,1114,1112.5,1113.5,,,0.0,0.0,empty_bin
CLOSEPACKING,1115,1113.5,1114.5,,,0.0,0.0,empty_bin
CLOSEPACKING,1116,1114.5,1115.5,,,0.0,0.0,empty_bin
CLOSEPACKING,1117,1115.5,1116.5,,,0.0,0.0,empty_bin
CLOSEPACKING,1118,1116.5,1117.5,,,0.0,0.0,empty_bin
CLOSEPACKING,1119,1117.5,1118.5,,,0.0,0.0,empty_bin
CLOSEPACKING,1120,1118.5,1119.5,,,0.0,0.0,empty_bin
CLOSEPACKING,1121,1119.5,1120.5,,,0.0,0.0,empty_bin
CLOSEPACKING,1122,1120.5,1121.5,,,0.0,0.0,empty_bin
CLOSEPACKING,1123,1121.5,1122.5,,,0.0,0.0,empty_bin
CLOSEPACKING,1124,1122.5,1123.5,,,0.0,0.0,empty_bin
CLOSEPACKING,1125,1123.5,1124.5,,,0.0,0.0,empty_bin
CLOSEPACKING,1126,1124.5,1125.5,,,0.0,0.0,empty_bin
CLOSEPACKING,1127,1125.5,1126.5,,,0.0,0.0,empty_bin
CLOSEPACKING,1128,1126.5,1127.5,,,0.0,0.0,empty_bin
CLOSEPACKING,1129,1127.5,1128.5,,,0.0,0.0,empty_bin
CLOSEPACKING,1130,1128.5,1129.5,,,0.0,0.0,empty_bin
CLOSEPACKING,1131,1129.5,1130.5,,,0.0,0.0,empty_bin
CLOSEPACKING,1132,1130.5,1131.5,,,0.0,0.0,empty_bin
CLOSEPACKING,1133,1131.5,1132.5,,,0.0,0.0,empty_bin
CLOSEPACKING,1134,1132.5,1133.5,,,0.0,0.0,empty_bin
CLOSEPACKING,1135,1133.5,1134.5,,,0.0,0.0,empty_bin
CLOSEPACKING,1136,1134.5,1135.5,,,0.0,0.0,empty_bin
CLOSEPACKING,1137,1135.5,1136.5,,,0.0,0.0,empty_bin
CLOSEPACKING,1138,1136.5,1137.5,,,0.0,0.0,empty_bin
CLOSEPACKING,1139,1137.5,1138.5,,,0.0,0.0,empty_bin
CLOSEPACKING,1140,1138.5,1139.5,,,0.0,0.0,empty_bin
CLOSEPACKING,1141,1139.5,1140.5,,,0.0,0.0,empty_bin
CLOSEPACKING,1142,1140.5,1141.5,,,0.0,0.0,empty_bin
CLOSEPACKING,1143,1141.5,1142.5,,,0.0,0.0,empty_bin
CLOSEPACKING,1144,1142.5,1143.5,,,0.0,0.0,empty_bin
CLOSEPACKING,1145,1143.5,1144.5,,,0.0,0.0,empty_bin
CLOSEPACKING,1146,1144.5,1145.5,,,0.0,0.0,empty_bin
CLOSEPACKING,1147,1145.5,1146.5,,,0.0,0.0,empty_bin
CLOSEPACKING,1148,1146.5,1147.5,,,0.0,0.0,empty_bin
CLOSEPACKING,1149,1147.5,1148.5,,,0.0,0.0,empty_bin
CLOSEPACKING,1150,1148.5,1149.5,,,0.0,0.0,empty_bin
CLOSEPACKING,1151,1149.5,1150.5,,,0.0,0.0,empty_bin
CLOSEPACKING,1152,1150.5,1151.5,,,0.0,0.0,empty_bin
CLOSEPACKING,1153,1151.5,1152.5,,,0.0,0.0,empty_bin
CLOSEPACKING,1154,1152.5,1153.5,,,0.0,0.0,empty_bin
CLOSEPACKING,1155,1153.5,1154.5,,,0.0,0.0,empty_bin
CLOSEPACKING,1156,1154.5,1155.5,,,0.0,0.0,empty_bin
CLOSEPACKING,1157,1155.5,1156.5,,,0.0,0.0,empty_bin
CLOSEPACKING,1158,1156.5,1157.5,,,0.0,0.0,empty_bin
CLOSEPACKING,1159,1157.5,1158.5,,,0.0,0.0,empty_bin
CLOSEPACKING,1160,1158.5,1159.5,,,0.0,0.0,empty_bin
CLOSEPACKING,1161,1159.5,1160.5,,,0.0,0.0,empty_bin
CLOSEPACKING,1162,1160.5,1161.5,,,0.0,0.0,empty_bin
CLOSEPACKING,1163,1161.5,1162.5,,,0.0,0.0,empty_bin
CLOSEPACKING,1164,1162.5,1163.5,,,0.0,0.0,empty_bin
CLOSEPACKING,1165,1163.5,1164.5,,,0.0,0.0,empty_bin
CLOSEPACKING,1166,1164.5,1165.5,,,0.0,0.0,empty_bin
CLOSEPACKING,1167,1165.5,1166.5,,,0.0,0.0,empty_bin
CLOSEPACKING,1168,1166.5,1167.5,,,0.0,0.0,empty_bin
CLOSEPACKING,1169,1167.5,1168.5,,,0.0,0.0,empty_bin
CLOSEPACKING,1170,1168.5,1169.5,,,0.0,0.0,empty_bin
CLOSEPACKING,1171,1169.5,1170.5,,,0.0,0.0,empty_bin
CLOSEPACKING,1172,1170.5,1171.5,,,0.0,0.0,empty_bin
CLOSEPACKING,1173,1171.5,1172.5,,,0.0,0.0,empty_bin
CLOSEPACKING,1174,1172.5,1173.5,,,0.0,0.0,empty_bin
CLOSEPACKING,1175,1173.5,1174.5,,,0.0,0.0,empty_bin
CLOSEPACKING,1176,1174.5,1175.5,,,0.0,0.0,empty_bin
CLOSEPACKING,1177,1175.5,1176.5,,,0.0,0.0,empty_bin
CLOSEPACKING,1178,1176.5,1177.5,,,0.0,0.0,empty_bin
CLOSEPACKING,1179,1177.5,1178.5,,,0.0,0.0,empty_bin
CLOSEPACKING,1180,1178.5,1179.5,,,0.0,0.0,empty_bin
CLOSEPACKING,1181,1179.5,1180.5,,,0.0,0.0,empty_bin
CLOSEPACKING,1182,1180.5,1181.5,,,0.0,0.0,empty_bin
CLOSEPACKING,1183,1181.5,1182.5,,,0.0,0.0,empty_bin
CLOSEPACKING,1184,1182.5,1183.5,,,0.0,0.0,empty_bin
CLOSEPACKING,1185,1183.5,1184.5,,,0.0,0.0,empty_bin
CLOSEPACKING,1186,1184.5,1185.5,,,0.0,0.0,empty_bin
CLOSEPACKING,1187,1185.5,1186.5,,,0.0,0.0,empty_bin
CLOSEPACKING,1188,1186.5,1187.5,,,0.0,0.0,empty_bin
CLOSEPACKING,1189,1187.5,1188.5,,,0.0,0.0,empty_bin
CLOSEPACKING,1190,1188.5,1189.5,,,0.0,0.0,empty_bin
CLOSEPACKING,1191,1189.5,1190.5,,,0.0,0.0,empty_bin
CLOSEPACKING,1192,1190.5,1191.5,,,0.0,0.0,empty_bin
CLOSEPACKING,1193,1191.5,1192.5,,,0.0,0.0,empty_bin
CLOSEPACKING,1194,1192.5,1193.5,,,0.0,0.0,empty_bin
CLOSEPACKING,1195,1193.5,1194.5,,,0.0,0.0,empty_bin
CLOSEPACKING,1196,1194.5,1195.5,,,0.0,0.0,empty_bin
CLOSEPACKING,1197,1195.5,1196.5,,,0.0,0.0,empty_bin
CLOSEPACKING,1198,1196.5,1197.5,,,0.0,0.0,empty_bin
CLOSEPACKING,1199,1197.5,1198.5,,,0.0,0.0,empty_bin
CLOSEPACKING,1200,1198.5,1199.5,,,0.0,0.0,empty_bin
CLOSEPACKING,1201,1199.5,1200.5,,,0.0,0.0,empty_bin
CLOSEPACKING,1202,1200.5,1201.5,,,0.0,0.0,empty_bin
CLOSEPACKING,1203,1201.5,1202.5,,,0.0,0.0,empty_bin
CLOSEPACKING,1204,1202.5,1203.5,,,0.0,0.0,empty_bin
CLOSEPACKING,1205,1203.5,1204.5,,,0.0,0.0,empty_bin
CLOSEPACKING,1206,1204.5,1205.5,,,0.0,0.0,empty_bin
CLOSEPACKING,1207,1205.5,1206.5,,,0.0,0.0,empty_bin
CLOSEPACKING,1208,1206.5,1207.5,,,0.0,0.0,empty_bin
CLOSEPACKING,1209,1207.5,1208.5,,,0.0,0.0,empty_bin
CLOSEPACKING,1210,1208.5,1209.5,,,0.0,0.0,empty_bin
CLOSEPACKING,1211,1209.5,1210.5,,,0.0,0.0,empty_bin
CLOSEPACKING,1212,1210.5,1211.5,,,0.0,0.0,empty_bin
CLOSEPACKING,1213,1211.5,1212.5,,,0.0,0.0,empty_bin
CLOSEPACKING,1214,1212.5,1213.5,,,0.0,0.0,empty_bin
CLOSEPACKING,1215,1213.5,1214.5,,,0.0,0.0,empty_bin
CLOSEPACKING,1216,1214.5,1215.5,,,0.0,0.0,empty_bin
CLOSEPACKING,1217,1215.5,1216.5,,,0.0,0.0,empty_bin
CLOSEPACKING,1218,1216.5,1217.5,,,0.0,0.0,empty_bin
CLOSEPACKING,1219,1217.5,1218.5,,,0.0,0.0,empty_bin
CLOSEPACKING,1220,1218.5,1219.5,,,0.0,0.0,empty_bin
CLOSEPACKING,1221,1219.5,1220.5,,,0.0,0.0,empty_bin
CLOSEPACKING,1222,1220.5,1221.5,,,0.0,0.0,empty_bin
CLOSEPACKING,1223,1221.5,1222.5,,,0.0,0.0,empty_bin
CLOSEPACKING,1224,1222.5,1223.5,,,0.0,0.0,empty_bin
CLOSEPACKING,1225,1223.5,1224.5,,,0.0,0.0,empty_bin
CLOSEPACKING,1226,1224.5,1225.5,,,0.0,0.0,empty_bin
CLOSEPACKING,1227,1225.5,1226.5,,,0.0,0.0,empty_bin
CLOSEPACKING,1228,1226.5,1227.5,,,0.0,0.0,empty_bin
CLOSEPACKING,1229,1227.5,1228.5,,,0.0,0.0,empty_bin
CLOSEPACKING,1230,1228.5,1229.5,,,0.0,0.0,empty_bin
CLOSEPACKING,1231,1229.5,1230.5,,,0.0,0.0,empty_bin
CLOSEPACKING,1232,1230.5,1231.5,,,0.0,0.0,empty_bin
CLOSEPACKING,1233,1231.5,1232.5,,,0.0,0.0,empty_bin
CLOSEPACKING,1234,1232.5,1233.5,,,0.0,0.0,empty_bin
CLOSEPACKING,1235,1233.5,1234.5,,,0.0,0.0,empty_bin
CLOSEPACKING,1236,1234.5,1235.5,,,0.0,0.0,empty_bin
CLOSEPACKING,1237,1235.5,1236.5,,,0.0,0.0,empty_bin
CLOSEPACKING,1238,1236.5,1237.5,,,0.0,0.0,empty_bin
CLOSEPACKING,1239,1237.5,1238.5,,,0.0,0.0,empty_bin
CLOSEPACKING,1240,1238.5,1239.5,,,0.0,0.0,empty_bin
CLOSEPACKING,1241,1239.5,1240.5,,,0.0,0.0,empty_bin
CLOSEPACKING,1242,1240.5,1241.5,,,0.0,0.0,empty_bin
CLOSEPACKING,1243,1241.5,1242.5,,,0.0,0.0,empty_bin
CLOSEPACKING,1244,1242.5,1243.5,,,0.0,0.0,empty_bin
CLOSEPACKING,1245,1243.5,1244.5,,,0.0,0.0,empty_bin
CLOSEPACKING,1246,1244.5,1245.5,,,0.0,0.0,empty_bin
CLOSEPACKING,1247,1245.5,1246.5,,,0.0,0.0,empty_bin
CLOSEPACKING,1248,1246.5,1247.5,,,0.0,0.0,empty_bin
CLOSEPACKING,1249,1247.5,1248.5,,,0.0,0.0,empty_bin
CLOSEPACKING,1250,1248.5,1249.5,,,0.0,0.0,empty_bin
CLOSEPACKING,1251,1249.5,1250.5,,,0.0,0.0,empty_bin
CLOSEPACKING,1252,1250.5,1251.5,,,0.0,0.0,empty_bin
CLOSEPACKING,1253,1251.5,1252.5,,,0.0,0.0,empty_bin
CLOSEPACKING,1254,1252.5,1253.5,,,0.0,0.0,empty_bin
CLOSEPACKING,1255,1253.5,1254.5,,,0.0,0.0,empty_bin
CLOSEPACKING,1256,1254.5,1255.5,,,0.0,0.0,empty_bin
CLOSEPACKING,1257,1255.5,1256.5,,,0.0,0.0,empty_bin
CLOSEPACKING,1258,1256.5,1257.5,,,0.0,0.0,empty_bin
CLOSEPACKING,1259,1257.5,1258.5,,,0.0,0.0,empty_bin
CLOSEPACKING,1260,1258.5,1259.5,,,0.0,0.0,empty_bin
CLOSEPACKING,1261,1259.5,1260.5,,,0.0,0.0,empty_bin
CLOSEPACKING,1262,1260.5,1261.5,,,0.0,0.0,empty_bin
CLOSEPACKING,1263,1261.5,1262.5,,,0.0,0.0,empty_bin
CLOSEPACKING,1264,1262.5,1263.5,,,0.0,0.0,empty_bin
CLOSEPACKING,1265,1263.5,1264.5,,,0.0,0.0,empty_bin
CLOSEPACKING,1266,1264.5,1265.5,,,0.0,0.0,empty_bin
CLOSEPACKING,1267,1265.5,1266.5,,,0.0,0.0,empty_bin
CLOSEPACKING,1268,1266.5,1267.5,,,0.0,0.0,empty_bin
CLOSEPACKING,1269,1267.5,1268.5,,,0.0,0.0,empty_bin
CLOSEPACKING,1270,1268.5,1269.5,,,0.0,0.0,empty_bin
CLOSEPACKING,1271,1269.5,1270.5,,,0.0,0.0,empty_bin
CLOSEPACKING,1272,1270.5,1271.5,,,0.0,0.0,empty_bin
CLOSEPACKING,1273,1271.5,1272.5,,,0.0,0.0,empty_bin
CLOSEPACKING,1274,1272.5,1273.5,,,0.0,0.0,empty_bin
CLOSEPACKING,1275,1273.5,1274.5,,,0.0,0.0,empty_bin
CLOSEPACKING,1276,1274.5,1275.5,,,0.0,0.0,empty_bin
CLOSEPACKING,1277,1275.5,1276.5,,,0.0,0.0,empty_bin
CLOSEPACKING,1278,1276.5,1277.5,,,0.0,0.0,empty_bin
CLOSEPACKING,1279,1277.5,1278.5,,,0.0,0.0,empty_bin
CLOSEPACKING,1280,1278.5,1279.5,,,0.0,0.0,empty_bin
CLOSEPACKING,1281,1279.5,1280.5,,,0.0,0.0,empty_bin
CLOSEPACKING,1282,1280.5,1281.5,,,0.0,0.0,empty_bin
CLOSEPACKING,1283,1281.5,1282.5,,,0.0,0.0,empty_bin
CLOSEPACKING,1284,1282.5,1283.5,,,0.0,0.0,empty_bin
CLOSEPACKING,1285,1283.5,1284.5,,,0.0,0.0,empty_bin
CLOSEPACKING,1286,1284.5,1285.5,,,0.0,0.0,empty_bin
CLOSEPACKING,1287,1285.5,1286.5,,,0.0,0.0,empty_bin
CLOSEPACKING,1288,1286.5,1287.5,,,0.0,0.0,empty_bin
CLOSEPACKING,1289,1287.5,1288.5,,,0.0,0.0,empty_bin
CLOSEPACKING,1290,1288.5,1289.5,,,0.0,0.0,empty_bin
CLOSEPACKING,1291,1289.5,1290.5,,,0.0,0.0,empty_bin
CLOSEPACKING,1292,1290.5,1291.5,,,0.0,0.0,empty_bin
CLOSEPACKING,1293,1291.5,1292.5,,,0.0,0.0,empty_bin
CLOSEPACKING,1294,1292.5,1293.5,,,0.0,0.0,empty_bin
CLOSEPACKING,1295,1293.5,1294.5,,,0.0,0.0,empty_bin
CLOSEPACKING,1296,1294.5,1295.5,,,0.0,0.0,empty_bin
CLOSEPACKING,1297,1295.5,1296.5,,,0.0,0.0,empty_bin
CLOSEPACKING,1298,1296.5,1297.5,,,0.0,0.0,empty_bin
CLOSEPACKING,1299,1297.5,1298.5,,,0.0,0.0,empty_bin
CLOSEPACKING,1300,1298.5,1299.5,,,0.0,0.0,empty_bin
CLOSEPACKING,1301,1299.5,1300.5,,,0.0,0.0,empty_bin
CLOSEPACKING,1302,1300.5,1301.5,,,0.0,0.0,empty_bin
CLOSEPACKING,1303,1301.5,1302.5,,,0.0,0.0,empty_bin
CLOSEPACKING,1304,1302.5,1303.5,,,0.0,0.0,empty_bin
CLOSEPACKING,1305,1303.5,1304.5,,,0.0,0.0,empty_bin
CLOSEPACKING,1306,1304.5,1305.5,,,0.0,0.0,empty_bin
CLOSEPACKING,1307,1305.5,1306.5,,,0.0,0.0,empty_bin
CLOSEPACKING,1308,1306.5,1307.5,,,0.0,0.0,empty_bin
CLOSEPACKING,1309,1307.5,1308.5,,,0.0,0.0,empty_bin
CLOSEPACKING,1310,1308.5,1309.5,,,0.0,0.0,empty_bin
CLOSEPACKING,1311,1309.5,1310.5,,,0.0,0.0,empty_bin
CLOSEPACKING,1312,1310.5,1311.5,,,0.0,0.0,empty_bin
CLOSEPACKING,1313,1311.5,1312.5,,,0.0,0.0,empty_bin
CLOSEPACKING,1314,1312.5,1313.5,,,0.0,0.0,empty_bin
CLOSEPACKING,1315,1313.5,1314.5,,,0.0,0.0,empty_bin
CLOSEPACKING,1316,1314.5,1315.5,,,0.0,0.0,empty_bin
CLOSEPACKING,1317,1315.5,1316.5,,,0.0,0.0,empty_bin
CLOSEPACKING,1318,1316.5,1317.5,,,0.0,0.0,empty_bin
CLOSEPACKING,1319,1317.5,1318.5,,,0.0,0.0,empty_bin
CLOSEPACKING,1320,1318.5,1319.5,,,0.0,0.0,empty_bin
CLOSEPACKING,1321,1319.5,1320.5,,,0.0,0.0,empty_bin
CLOSEPACKING,1322,1320.5,1321.5,,,0.0,0.0,empty_bin
CLOSEPACKING,1323,1321.5,1322.5,,,0.0,0.0,empty_bin
CLOSEPACKING,1324,1322.5,1323.5,,,0.0,0.0,empty_bin
CLOSEPACKING,1325,1323.5,1324.5,,,0.0,0.0,empty_bin
CLOSEPACKING,1326,1324.5,1325.5,,,0.0,0.0,empty_bin
CLOSEPACKING,1327,1325.5,1326.5,,,0.0,0.0,empty_bin
CLOSEPACKING,1328,1326.5,1327.5,,,0.0,0.0,empty_bin
CLOSEPACKING,1329,1327.5,1328.5,,,0.0,0.0,empty_bin
CLOSEPACKING,1330,1328.5,1329.5,,,0.0,0.0,empty_bin
CLOSEPACKING,1331,1329.5,1330.5,,,0.0,0.0,empty_bin
CLOSEPACKING,1332,1330.5,1331.5,,,0.0,0.0,empty_bin
CLOSEPACKING,1333,1331.5,1332.5,,,0.0,0.0,empty_bin
CLOSEPACKING,1334,1332.5,1333.5,,,0.0,0.0,empty_bin
CLOSEPACKING,1335,1333.5,1334.5,,,0.0,0.0,empty_bin
CLOSEPACKING,1336,1334.5,1335.5,,,0.0,0.0,empty_bin
CLOSEPACKING,1337,1335.5,1336.5,,,0.0,0.0,empty_bin
CLOSEPACKING,1338,1336.5,1337.5,,,0.0,0.0,empty_bin
CLOSEPACKING,1339,1337.5,1338.5,,,0.0,0.0,empty_bin
CLOSEPACKING,1340,1338.5,1339.5,,,0.0,0.0,empty_bin
CLOSEPACKING,1341,1339.5,1340.5,,,0.0,0.0,empty_bin
CLOSEPACKING,1342,1340.5,1341.5,,,0.0,0.0,empty_bin
CLOSEPACKING,1343,1341.5,1342.5,,,0.0,0.0,empty_bin
CLOSEPACKING,1344,1342.5,1343.5,,,0.0,0.0,empty_bin
CLOSEPACKING,1345,1343.5,1344.5,,,0.0,0.0,empty_bin
CLOSEPACKING,1346,1344.5,1345.5,,,0.0,0.0,empty_bin
CLOSEPACKING,1347,1345.5,1346.5,,,0.0,0.0,empty_bin
CLOSEPACKING,1348,1346.5,1347.5,,,0.0,0.0,empty_bin
CLOSEPACKING,1349,1347.5,1348.5,,,0.0,0.0,empty_bin
CLOSEPACKING,1350,1348.5,1349.5,,,0.0,0.0,empty_bin
CLOSEPACKING,1351,1349.5,1350.5,,,0.0,0.0,empty_bin
CLOSEPACKING,1352,1350.5,1351.5,,,0.0,0.0,empty_bin
CLOSEPACKING,1353,1351.5,1352.5,,,0.0,0.0,empty_bin
CLOSEPACKING,1354,1352.5,1353.5,,,0.0,0.0,empty_bin
CLOSEPACKING,1355,1353.5,1354.5,,,0.0,0.0,empty_bin
CLOSEPACKING,1356,1354.5,1355.5,,,0.0,0.0,empty_bin
CLOSEPACKING,1357,1355.5,1356.5,,,0.0,0.0,empty_bin
CLOSEPACKING,1358,1356.5,1357.5,,,0.0,0.0,empty_bin
CLOSEPACKING,1359,1357.5,1358.5,,,0.0,0.0,empty_bin
CLOSEPACKING,1360,1358.5,1359.5,,,0.0,0.0,empty_bin
CLOSEPACKING,1361,1359.5,1360.5,,,0.0,0.0,empty_bin
CLOSEPACKING,1362,1360.5,1361.5,,,0.0,0.0,empty_bin
CLOSEPACKING,1363,1361.5,1362.5,,,0.0,0.0,empty_bin
CLOSEPACKING,1364,1362.5,1363.5,,,0.0,0.0,empty_bin
CLOSEPACKING,1365,1363.5,1364.5,,,0.0,0.0,empty_bin
CLOSEPACKING,1366,1364.5,1365.5,,,0.0,0.0,empty_bin
CLOSEPACKING,1367,1365.5,1366.5,,,0.0,0.0,empty_bin
CLOSEPACKING,1368,1366.5,1367.5,,,0.0,0.0,empty_bin
CLOSEPACKING,1369,1367.5,1368.5,,,0.0,0.0,empty_bin
CLOSEPACKING,1370,1368.5,1369.5,,,0.0,0.0,empty_bin
CLOSEPACKING,1371,1369.5,1370.5,,,0.0,0.0,empty_bin
CLOSEPACKING,1372,1370.5,1371.5,,,0.0,0.0,empty_bin
CLOSEPACKING,1373,1371.5,1372.5,,,0.0,0.0,empty_bin
CLOSEPACKING,1374,1372.5,1373.5,,,0.0,0.0,empty_bin
CLOSEPACKING,1375,1373.5,1374.5,,,0.0,0.0,empty_bin
CLOSEPACKING,1376,1374.5,1375.5,,,0.0,0.0,empty_bin
CLOSEPACKING,1377,1375.5,1376.5,,,0.0,0.0,empty_bin
CLOSEPACKING,1378,1376.5,1377.5,,,0.0,0.0,empty_bin
CLOSEPACKING,1379,1377.5,1378.5,,,0.0,0.0,empty_bin
CLOSEPACKING,1380,1378.5,1379.5,,,0.0,0.0,empty_bin
CLOSEPACKING,1381,1379.5,1380.5,,,0.0,0.0,empty_bin
CLOSEPACKING,1382,1380.5,1381.5,,,0.0,0.0,empty_bin
CLOSEPACKING,1383,1381.5,1382.5,,,0.0,0.0,empty_bin
CLOSEPACKING,1384,1382.5,1383.5,,,0.0,0.0,empty_bin
CLOSEPACKING,1385,1383.5,1384.5,,,0.0,0.0,empty_bin
CLOSEPACKING,1386,1384.5,1385.5,,,0.0,0.0,empty_bin
CLOSEPACKING,1387,1385.5,1386.5,,,0.0,0.0,empty_bin
CLOSEPACKING,1388,1386.5,1387.5,,,0.0,0.0,empty_bin
CLOSEPACKING,1389,1387.5,1388.5,,,0.0,0.0,empty_bin
CLOSEPACKING,1390,1388.5,1389.5,,,0.0,0.0,empty_bin
CLOSEPACKING,1391,1389.5,1390.5,,,0.0,0.0,empty_bin
CLOSEPACKING,1392,1390.5,1391.5,,,0.0,0.0,empty_bin
CLOSEPACKING,1393,1391.5,1392.5,,,0.0,0.0,empty_bin
CLOSEPACKING,1394,1392.5,1393.5,,,0.0,0.0,empty_bin
CLOSEPACKING,1395,1393.5,1394.5,,,0.0,0.0,empty_bin
CLOSEPACKING,1396,1394.5,1395.5,,,0.0,0.0,empty_bin
CLOSEPACKING,1397,1395.5,1396.5,,,0.0,0.0,empty_bin
CLOSEPACKING,1398,1396.5,1397.5,,,0.0,0.0,empty_bin
CLOSEPACKING,1399,1397.5,1398.5,,,0.0,0.0,empty_bin
CLOSEPACKING,1400,1398.5,1399.5,,,0.0,0.0,empty_bin
CLOSEPACKING,1401,1399.5,1400.5,,,0.0,0.0,empty_bin
CLOSEPACKING,1402,1400.5,1401.5,,,0.0,0.0,empty_bin
CLOSEPACKING,1403,1401.5,1402.5,,,0.0,0.0,empty_bin
CLOSEPACKING,1404,1402.5,1403.5,,,0.0,0.0,empty_bin
CLOSEPACKING,1405,1403.5,1404.5,,,0.0,0.0,empty_bin
CLOSEPACKING,1406,1404.5,1405.5,,,0.0,0.0,empty_bin
CLOSEPACKING,1407,1405.5,1406.5,,,0.0,0.0,empty_bin
CLOSEPACKING,1408,1406.5,1407.5,,,0.0,0.0,empty_bin
CLOSEPACKING,1409,1407.5,1408.5,,,0.0,0.0,empty_bin
CLOSEPACKING,1410,1408.5,1409.5,,,0.0,0.0,empty_bin
CLOSEPACKING,1411,1409.5,1410.5,,,0.0,0.0,empty_bin
CLOSEPACKING,1412,1410.5,1411.5,,,0.0,0.0,empty_bin
CLOSEPACKING,1413,1411.5,1412.5,,,0.0,0.0,empty_bin
CLOSEPACKING,1414,1412.5,1413.5,,,0.0,0.0,empty_bin
CLOSEPACKING,1415,1413.5,1414.5,,,0.0,0.0,empty_bin
CLOSEPACKING,1416,1414.5,1415.5,,,0.0,0.0,empty_bin
CLOSEPACKING,1417,1415.5,1416.5,,,0.0,0.0,empty_bin
CLOSEPACKING,1418,1416.5,1417.5,,,0.0,0.0,empty_bin
CLOSEPACKING,1419,1417.5,1418.5,,,0.0,0.0,empty_bin
CLOSEPACKING,1420,1418.5,1419.5,,,0.0,0.0,empty_bin
CLOSEPACKING,1421,1419.5,1420.5,,,0.0,0.0,empty_bin
CLOSEPACKING,1422,1420.5,1421.5,,,0.0,0.0,empty_bin
CLOSEPACKING,1423,1421.5,1422.5,,,0.0,0.0,empty_bin
CLOSEPACKING,1424,1422.5,1423.5,,,0.0,0.0,empty_bin
CLOSEPACKING,1425,1423.5,1424.5,,,0.0,0.0,empty_bin
CLOSEPACKING,1426,1424.5,1425.5,,,0.0,0.0,empty_bin
CLOSEPACKING,1427,1425.5,1426.5,,,0.0,0.0,empty_bin
CLOSEPACKING,1428,1426.5,1427.5,,,0.0,0.0,empty_bin
CLOSEPACKING,1429,1427.5,1428.5,,,0.0,0.0,empty_bin
CLOSEPACKING,1430,1428.5,1429.5,,,0.0,0.0,empty_bin
CLOSEPACKING,1431,1429.5,1430.5,,,0.0,0.0,empty_bin
CLOSEPACKING,1432,1430.5,1431.5,,,0.0,0.0,empty_bin
CLOSEPACKING,1433,1431.5,1432.5,,,0.0,0.0,empty_bin
CLOSEPACKING,1434,1432.5,1433.5,,,0.0,0.0,empty_bin
CLOSEPACKING,1435,1433.5,1434.5,,,0.0,0.0,empty_bin
CLOSEPACKING,1436,1434.5,1435.5,,,0.0,0.0,empty_bin
CLOSEPACKING,1437,1435.5,1436.5,,,0.0,0.0,empty_bin
CLOSEPACKING,1438,1436.5,1437.5,,,0.0,0.0,empty_bin
CLOSEPACKING,1439,1437.5,1438.5,,,0.0,0.0,empty_bin
CLOSEPACKING,1440,1438.5,1439.5,,,0.0,0.0,empty_bin
CLOSEPACKING,1441,1439.5,1440.5,,,0.0,0.0,empty_bin
CLOSEPACKING,1442,1440.5,1441.5,,,0.0,0.0,empty_bin
CLOSEPACKING,1443,1441.5,1442.5,,,0.0,0.0,empty_bin
CLOSEPACKING,1444,1442.5,1443.5,,,0.0,0.0,empty_bin
CLOSEPACKING,1445,1443.5,1444.5,,,0.0,0.0,empty_bin
CLOSEPACKING,1446,1444.5,1445.5,,,0.0,0.0,empty_bin
CLOSEPACKING,1447,1445.5,1446.5,,,0.0,0.0,empty_bin
CLOSEPACKING,1448,1446.5,1447.5,,,0.0,0.0,empty_bin
CLOSEPACKING,1449,1447.5,1448.5,,,0.0,0.0,empty_bin
CLOSEPACKING,1450,1448.5,1449.5,,,0.0,0.0,empty_bin
CLOSEPACKING,1451,1449.5,1450.5,,,0.0,0.0,empty_bin
CLOSEPACKING,1452,1450.5,1451.5,,,0.0,0.0,empty_bin
CLOSEPACKING,1453,1451.5,1452.5,,,0.0,0.0,empty_bin
CLOSEPACKING,1454,1452.5,1453.5,,,0.0,0.0,empty_bin
CLOSEPACKING,1455,1453.5,1454.5,,,0.0,0.0,empty_bin
CLOSEPACKING,1456,1454.5,1455.5,,,0.0,0.0,empty_bin
CLOSEPACKING,1457,1455.5,1456.5,,,0.0,0.0,empty_bin
CLOSEPACKING,1458,1456.5,1457.5,,,0.0,0.0,empty_bin
CLOSEPACKING,1459,1457.5,1458.5,,,0.0,0.0,empty_bin
CLOSEPACKING,1460,1458.5,1459.5,,,0.0,0.0,empty_bin
CLOSEPACKING,1461,1459.5,1460.5,,,0.0,0.0,empty_bin
CLOSEPACKING,1462,1460.5,1461.5,,,0.0,0.0,empty_bin
CLOSEPACKING,1463,1461.5,1462.5,,,0.0,0.0,empty_bin
CLOSEPACKING,1464,1462.5,1463.5,,,0.0,0.0,empty_bin
CLOSEPACKING,1465,1463.5,1464.5,,,0.0,0.0,empty_bin
CLOSEPACKING,1466,1464.5,1465.5,,,0.0,0.0,empty_bin
CLOSEPACKING,1467,1465.5,1466.5,,,0.0,0.0,empty_bin
CLOSEPACKING,1468,1466.5,1467.5,,,0.0,0.0,empty_bin
CLOSEPACKING,1469,1467.5,1468.5,,,0.0,0.0,empty_bin
CLOSEPACKING,1470,1468.5,1469.5,,,0.0,0.0,empty_bin
CLOSEPACKING,1471,1469.5,1470.5,,,0.0,0.0,empty_bin
CLOSEPACKING,1472,1470.5,1471.5,,,0.0,0.0,empty_bin
CLOSEPACKING,1473,1471.5,1472.5,,,0.0,0.0,empty_bin
CLOSEPACKING,1474,1472.5,1473.5,,,0.0,0.0,empty_bin
CLOSEPACKING,1475,1473.5,1474.5,,,0.0,0.0,empty_bin
CLOSEPACKING,1476,1474.5,1475.5,,,0.0,0.0,empty_bin
CLOSEPACKING,1477,1475.5,1476.5,,,0.0,0.0,empty_bin
CLOSEPACKING,1478,1476.5,1477.5,,,0.0,0.0,empty_bin
CLOSEPACKING,1479,1477.5,1478.5,,,0.0,0.0,empty_bin
CLOSEPACKING,1480,1478.5,1479.5,,,0.0,0.0,empty_bin
CLOSEPACKING,1481,1479.5,1480.5,,,0.0,0.0,empty_bin
CLOSEPACKING,1482,1480.5,1481.5,,,0.0,0.0,empty_bin
CLOSEPACKING,1483,1481.5,1482.5,,,0.0,0.0,empty_bin
CLOSEPACKING,1484,1482.5,1483.5,,,0.0,0.0,empty_bin
CLOSEPACKING,1485,1483.5,1484.5,,,0.0,0.0,empty_bin
CLOSEPACKING,1486,1484.5,1485.5,,,0.0,0.0,empty_bin
CLOSEPACKING,1487,1485.5,1486.5,,,0.0,0.0,empty_bin
CLOSEPACKING,1488,1486.5,1487.5,,,0.0,0.0,empty_bin
CLOSEPACKING,1489,1487.5,1488.5,,,0.0,0.0,empty_bin
CLOSEPACKING,1490,1488.5,1489.5,,,0.0,0.0,empty_bin
CLOSEPACKING,1491,1489.5,1490.5,,,0.0,0.0,empty_bin
CLOSEPACKING,1492,1490.5,1491.5,,,0.0,0.0,empty_bin
CLOSEPACKING,1493,1491.5,1492.5,,,0.0,0.0,empty_bin
CLOSEPACKING,1494,1492.5,1493.5,,,0.0,0.0,empty_bin
CLOSEPACKING,1495,1493.5,1494.5,,,0.0,0.0,empty_bin
CLOSEPACKING,1496,1494.5,1495.5,,,0.0,0.0,empty_bin
CLOSEPACKING,1497,1495.5,1496.5,,,0.0,0.0,empty_bin
CLOSEPACKING,1498,1496.5,1497.5,,,0.0,0.0,empty_bin
CLOSEPACKING,1499,1497.5,1498.5,,,0.0,0.0,empty_bin
CLOSEPACKING,1500,1498.5,1499.5,,,0.0,0.0,empty_bin
CLOSEPACKING,1501,1499.5,1500.5,,,0.0,0.0,empty_bin
CLOSEPACKING,1502,1500.5,1501.5,,,0.0,0.0,empty_bin
CLOSEPACKING,1503,1501.5,1502.5,,,0.0,0.0,empty_bin
CLOSEPACKING,1504,1502.5,1503.5,,,0.0,0.0,empty_bin
CLOSEPACKING,1505,1503.5,1504.5,,,0.0,0.0,empty_bin
CLOSEPACKING,1506,1504.5,1505.5,,,0.0,0.0,empty_bin
CLOSEPACKING,1507,1505.5,1506.5,,,0.0,0.0,empty_bin
CLOSEPACKING,1508,1506.5,1507.5,,,0.0,0.0,empty_bin
CLOSEPACKING,1509,1507.5,1508.5,,,0.0,0.0,empty_bin
CLOSEPACKING,1510,1508.5,1509.5,,,0.0,0.0,empty_bin
CLOSEPACKING,1511,1509.5,1510.5,,,0.0,0.0,empty_bin
CLOSEPACKING,1512,1510.5,1511.5,,,0.0,0.0,empty_bin
CLOSEPACKING,1513,1511.5,1512.5,,,0.0,0.0,empty_bin
CLOSEPACKING,1514,1512.5,1513.5,,,0.0,0.0,empty_bin
CLOSEPACKING,1515,1513.5,1514.5,,,0.0,0.0,empty_bin
CLOSEPACKING,1516,1514.5,1515.5,,,0.0,0.0,empty_bin
CLOSEPACKING,1517,1515.5,1516.5,,,0.0,0.0,empty_bin
CLOSEPACKING,1518,1516.5,1517.5,,,0.0,0.0,empty_bin
CLOSEPACKING,1519,1517.5,1518.5,,,0.0,0.0,empty_bin
CLOSEPACKING,1520,1518.5,1519.5,,,0.0,0.0,empty_bin
CLOSEPACKING,1521,1519.5,1520.5,,,0.0,0.0,empty_bin
CLOSEPACKING,1522,1520.5,1521.5,,,0.0,0.0,empty_bin
CLOSEPACKING,1523,1521.5,1522.5,,,0.0,0.0,empty_bin
CLOSEPACKING,1524,1522.5,1523.5,,,0.0,0.0,empty_bin
CLOSEPACKING,1525,1523.5,1524.5,,,0.0,0.0,empty_bin
CLOSEPACKING,1526,1524.5,1525.5,,,0.0,0.0,empty_bin
CLOSEPACKING,1527,1525.5,1526.5,,,0.0,0.0,empty_bin
CLOSEPACKING,1528,1526.5,1527.5,,,0.0,0.0,empty_bin
CLOSEPACKING,1529,1527.5,1528.5,,,0.0,0.0,empty_bin
CLOSEPACKING,1530,1528.5,1529.5,,,0.0,0.0,empty_bin
CLOSEPACKING,1531,1529.5,1530.5,,,0.0,0.0,empty_bin
CLOSEPACKING,1532,1530.5,1531.5,,,0.0,0.0,empty_bin
CLOSEPACKING,1533,1531.5,1532.5,,,0.0,0.0,empty_bin
CLOSEPACKING,1534,1532.5,1533.5,,,0.0,0.0,empty_bin
CLOSEPACKING,1535,1533.5,1534.5,,,0.0,0.0,empty_bin
CLOSEPACKING,1536,1534.5,1535.5,,,0.0,0.0,empty_bin
CLOSEPACKING,1537,1535.5,1536.5,,,0.0,0.0,empty_bin
CLOSEPACKING,1538,1536.5,1537.5,,,0.0,0.0,empty_bin
CLOSEPACKING,1539,1537.5,1538.5,,,0.0,0.0,empty_bin
CLOSEPACKING,1540,1538.5,1539.5,,,0.0,0.0,empty_bin
CLOSEPACKING,1541,1539.5,1540.5,,,0.0,0.0,empty_bin
CLOSEPACKING,1542,1540.5,1541.5,,,0.0,0.0,empty_bin
CLOSEPACKING,1543,1541.5,1542.5,,,0.0,0.0,empty_bin
CLOSEPACKING,1544,1542.5,1543.5,,,0.0,0.0,empty_bin
CLOSEPACKING,1545,1543.5,1544.5,,,0.0,0.0,empty_bin
CLOSEPACKING,1546,1544.5,1545.5,,,0.0,0.0,empty_bin
CLOSEPACKING,1547,1545.5,1546.5,,,0.0,0.0,empty_bin
CLOSEPACKING,1548,1546.5,1547.5,,,0.0,0.0,empty_bin
CLOSEPACKING,1549,1547.5,1548.5,,,0.0,0.0,empty_bin
CLOSEPACKING,1550,1548.5,1549.5,,,0.0,0.0,empty_bin
CLOSEPACKING,1551,1549.5,1550.5,,,0.0,0.0,empty_bin
CLOSEPACKING,1552,1550.5,1551.5,,,0.0,0.0,empty_bin
CLOSEPACKING,1553,1551.5,1552.5,,,0.0,0.0,empty_bin
CLOSEPACKING,1554,1552.5,1553.5,,,0.0,0.0,empty_bin
CLOSEPACKING,1555,1553.5,1554.5,,,0.0,0.0,empty_bin
CLOSEPACKING,1556,1554.5,1555.5,,,0.0,0.0,empty_bin
CLOSEPACKING,1557,1555.5,1556.5,,,0.0,0.0,empty_bin
CLOSEPACKING,1558,1556.5,1557.5,,,0.0,0.0,empty_bin
CLOSEPACKING,1559,1557.5,1558.5,,,0.0,0.0,empty_bin
CLOSEPACKING,1560,1558.5,1559.5,,,0.0,0.0,empty_bin
CLOSEPACKING,1561,1559.5,1560.5,,,0.0,0.0,empty_bin
CLOSEPACKING,1562,1560.5,1561.5,,,0.0,0.0,empty_bin
CLOSEPACKING,1563,1561.5,1562.5,,,0.0,0.0,empty_bin
CLOSEPACKING,1564,1562.5,1563.5,,,0.0,0.0,empty_bin
CLOSEPACKING,1565,1563.5,1564.5,,,0.0,0.0,empty_bin
CLOSEPACKING,1566,1564.5,1565.5,,,0.0,0.0,empty_bin
CLOSEPACKING,1567,1565.5,1566.5,,,0.0,0.0,empty_bin
CLOSEPACKING,1568,1566.5,1567.5,,,0.0,0.0,empty_bin
CLOSEPACKING,1569,1567.5,1568.5,,,0.0,0.0,empty_bin
CLOSEPACKING,1570,1568.5,1569.5,,,0.0,0.0,empty_bin
CLOSEPACKING,1571,1569.5,1570.5,,,0.0,0.0,empty_bin
CLOSEPACKING,1572,1570.5,1571.5,,,0.0,0.0,empty_bin
CLOSEPACKING,1573,1571.5,1572.5,,,1e-08,1e-08,available_normalized_only
CLOSEPACKING,1574,1572.5,1573.5,,,0.0,0.0,empty_bin
CLOSEPACKING,1575,1573.5,1574.5,,,0.0,0.0,empty_bin
CLOSEPACKING,1576,1574.5,1575.5,,,0.0,0.0,empty_bin
CLOSEPACKING,1577,1575.5,1576.5,,,0.0,0.0,empty_bin
CLOSEPACKING,1578,1576.5,1577.5,,,0.0,0.0,empty_bin
CLOSEPACKING,1579,1577.5,1578.5,,,0.0,0.0,empty_bin
CLOSEPACKING,1580,1578.5,1579.5,,,0.0,0.0,empty_bin
CLOSEPACKING,1581,1579.5,1580.5,,,0.0,0.0,empty_bin
CLOSEPACKING,1582,1580.5,1581.5,,,0.0,0.0,empty_bin
CLOSEPACKING,1583,1581.5,1582.5,,,0.0,0.0,empty_bin
CLOSEPACKING,1584,1582.5,1583.5,,,0.0,0.0,empty_bin
CLOSEPACKING,1585,1583.5,1584.5,,,0.0,0.0,empty_bin
CLOSEPACKING,1586,1584.5,1585.5,,,0.0,0.0,empty_bin
CLOSEPACKING,1587,1585.5,1586.5,,,0.0,0.0,empty_bin
CLOSEPACKING,1588,1586.5,1587.5,,,0.0,0.0,empty_bin
CLOSEPACKING,1589,1587.5,1588.5,,,0.0,0.0,empty_bin
CLOSEPACKING,1590,1588.5,1589.5,,,0.0,0.0,empty_bin
CLOSEPACKING,1591,1589.5,1590.5,,,0.0,0.0,empty_bin
CLOSEPACKING,1592,1590.5,1591.5,,,0.0,0.0,empty_bin
CLOSEPACKING,1593,1591.5,1592.5,,,0.0,0.0,empty_bin
CLOSEPACKING,1594,1592.5,1593.5,,,0.0,0.0,empty_bin
CLOSEPACKING,1595,1593.5,1594.5,,,0.0,0.0,empty_bin
CLOSEPACKING,1596,1594.5,1595.5,,,0.0,0.0,empty_bin
CLOSEPACKING,1597,1595.5,1596.5,,,0.0,0.0,empty_bin
CLOSEPACKING,1598,1596.5,1597.5,,,0.0,0.0,empty_bin
CLOSEPACKING,1599,1597.5,1598.5,,,0.0,0.0,empty_bin
CLOSEPACKING,1600,1598.5,1599.5,,,0.0,0.0,empty_bin
CLOSEPACKING,1601,1599.5,1600.5,,,0.0,0.0,empty_bin
CLOSEPACKING,1602,1600.5,1601.5,,,0.0,0.0,empty_bin
CLOSEPACKING,1603,1601.5,1602.5,,,0.0,0.0,empty_bin
CLOSEPACKING,1604,1602.5,1603.5,,,0.0,0.0,empty_bin
CLOSEPACKING,1605,1603.5,1604.5,,,0.0,0.0,empty_bin
CLOSEPACKING,1606,1604.5,1605.5,,,0.0,0.0,empty_bin
CLOSEPACKING,1607,1605.5,1606.5,,,0.0,0.0,empty_bin
CLOSEPACKING,1608,1606.5,1607.5,,,0.0,0.0,empty_bin
CLOSEPACKING,1609,1607.5,1608.5,,,0.0,0.0,empty_bin
CLOSEPACKING,1610,1608.5,1609.5,,,0.0,0.0,empty_bin
CLOSEPACKING,1611,1609.5,1610.5,,,0.0,0.0,empty_bin
CLOSEPACKING,1612,1610.5,1611.5,,,0.0,0.0,empty_bin
CLOSEPACKING,1613,1611.5,1612.5,,,0.0,0.0,empty_bin
CLOSEPACKING,1614,1612.5,1613.5,,,0.0,0.0,empty_bin
CLOSEPACKING,1615,1613.5,1614.5,,,0.0,0.0,empty_bin
CLOSEPACKING,1616,1614.5,1615.5,,,0.0,0.0,empty_bin
CLOSEPACKING,1617,1615.5,1616.5,,,0.0,0.0,empty_bin
CLOSEPACKING,1618,1616.5,1617.5,,,0.0,0.0,empty_bin
CLOSEPACKING,1619,1617.5,1618.5,,,0.0,0.0,empty_bin
CLOSEPACKING,1620,1618.5,1619.5,,,0.0,0.0,empty_bin
CLOSEPACKING,1621,1619.5,1620.5,,,0.0,0.0,empty_bin
CLOSEPACKING,1622,1620.5,1621.5,,,0.0,0.0,empty_bin
CLOSEPACKING,1623,1621.5,1622.5,,,0.0,0.0,empty_bin
CLOSEPACKING,1624,1622.5,1623.5,,,0.0,0.0,empty_bin
CLOSEPACKING,1625,1623.5,1624.5,,,0.0,0.0,empty_bin
CLOSEPACKING,1626,1624.5,1625.5,,,0.0,0.0,empty_bin
CLOSEPACKING,1627,1625.5,1626.5,,,0.0,0.0,empty_bin
CLOSEPACKING,1628,1626.5,1627.5,,,0.0,0.0,empty_bin
CLOSEPACKING,1629,1627.5,1628.5,,,0.0,0.0,empty_bin
CLOSEPACKING,1630,1628.5,1629.5,,,0.0,0.0,empty_bin
CLOSEPACKING,1631,1629.5,1630.5,,,0.0,0.0,empty_bin
CLOSEPACKING,1632,1630.5,1631.5,,,0.0,0.0,empty_bin
CLOSEPACKING,1633,1631.5,1632.5,,,0.0,0.0,empty_bin
CLOSEPACKING,1634,1632.5,1633.5,,,0.0,0.0,empty_bin
CLOSEPACKING,1635,1633.5,1634.5,,,0.0,0.0,empty_bin
CLOSEPACKING,1636,1634.5,1635.5,,,0.0,0.0,empty_bin
CLOSEPACKING,1637,1635.5,1636.5,,,0.0,0.0,empty_bin
CLOSEPACKING,1638,1636.5,1637.5,,,0.0,0.0,empty_bin
CLOSEPACKING,1639,1637.5,1638.5,,,0.0,0.0,empty_bin
CLOSEPACKING,1640,1638.5,1639.5,,,0.0,0.0,empty_bin
CLOSEPACKING,1641,1639.5,1640.5,,,0.0,0.0,empty_bin
CLOSEPACKING,1642,1640.5,1641.5,,,0.0,0.0,empty_bin
CLOSEPACKING,1643,1641.5,1642.5,,,0.0,0.0,empty_bin
CLOSEPACKING,1644,1642.5,1643.5,,,0.0,0.0,empty_bin
CLOSEPACKING,1645,1643.5,1644.5,,,0.0,0.0,empty_bin
CLOSEPACKING,1646,1644.5,1645.5,,,0.0,0.0,empty_bin
CLOSEPACKING,1647,1645.5,1646.5,,,0.0,0.0,empty_bin
CLOSEPACKING,1648,1646.5,1647.5,,,0.0,0.0,empty_bin
CLOSEPACKING,1649,1647.5,1648.5,,,0.0,0.0,empty_bin
CLOSEPACKING,1650,1648.5,1649.5,,,0.0,0.0,empty_bin
CLOSEPACKING,1651,1649.5,1650.5,,,0.0,0.0,empty_bin
CLOSEPACKING,1652,1650.5,1651.5,,,0.0,0.0,empty_bin
CLOSEPACKING,1653,1651.5,1652.5,,,0.0,0.0,empty_bin
CLOSEPACKING,1654,1652.5,1653.5,,,0.0,0.0,empty_bin
CLOSEPACKING,1655,1653.5,1654.5,,,0.0,0.0,empty_bin
CLOSEPACKING,1656,1654.5,1655.5,,,0.0,0.0,empty_bin
CLOSEPACKING,1657,1655.5,1656.5,,,0.0,0.0,empty_bin
CLOSEPACKING,1658,1656.5,1657.5,,,0.0,0.0,empty_bin
CLOSEPACKING,1659,1657.5,1658.5,,,0.0,0.0,empty_bin
CLOSEPACKING,1660,1658.5,1659.5,,,0.0,0.0,empty_bin
CLOSEPACKING,1661,1659.5,1660.5,,,0.0,0.0,empty_bin
CLOSEPACKING,1662,1660.5,1661.5,,,0.0,0.0,empty_bin
CLOSEPACKING,1663,1661.5,1662.5,,,0.0,0.0,empty_bin
CLOSEPACKING,1664,1662.5,1663.5,,,0.0,0.0,empty_bin
CLOSEPACKING,1665,1663.5,1664.5,,,0.0,0.0,empty_bin
CLOSEPACKING,1666,1664.5,1665.5,,,0.0,0.0,empty_bin
CLOSEPACKING,1667,1665.5,1666.5,,,0.0,0.0,empty_bin
CLOSEPACKING,1668,1666.5,1667.5,,,0.0,0.0,empty_bin
CLOSEPACKING,1669,1667.5,1668.5,,,0.0,0.0,empty_bin
CLOSEPACKING,1670,1668.5,1669.5,,,0.0,0.0,empty_bin
CLOSEPACKING,1671,1669.5,1670.5,,,0.0,0.0,empty_bin
CLOSEPACKING,1672,1670.5,1671.5,,,0.0,0.0,empty_bin
CLOSEPACKING,1673,1671.5,1672.5,,,0.0,0.0,empty_bin
CLOSEPACKING,1674,1672.5,1673.5,,,0.0,0.0,empty_bin
CLOSEPACKING,1675,1673.5,1674.5,,,0.0,0.0,empty_bin
CLOSEPACKING,1676,1674.5,1675.5,,,0.0,0.0,empty_bin
CLOSEPACKING,1677,1675.5,1676.5,,,0.0,0.0,empty_bin
CLOSEPACKING,1678,1676.5,1677.5,,,0.0,0.0,empty_bin
CLOSEPACKING,1679,1677.5,1678.5,,,0.0,0.0,empty_bin
CLOSEPACKING,1680,1678.5,1679.5,,,0.0,0.0,empty_bin
CLOSEPACKING,1681,1679.5,1680.5,,,0.0,0.0,empty_bin
CLOSEPACKING,1682,1680.5,1681.5,,,0.0,0.0,empty_bin
CLOSEPACKING,1683,1681.5,1682.5,,,0.0,0.0,empty_bin
CLOSEPACKING,1684,1682.5,1683.5,,,0.0,0.0,empty_bin
CLOSEPACKING,1685,1683.5,1684.5,,,0.0,0.0,empty_bin
CLOSEPACKING,1686,1684.5,1685.5,,,0.0,0.0,empty_bin
CLOSEPACKING,1687,1685.5,1686.5,,,0.0,0.0,empty_bin
CLOSEPACKING,1688,1686.5,1687.5,,,0.0,0.0,empty_bin
CLOSEPACKING,1689,1687.5,1688.5,,,0.0,0.0,empty_bin
CLOSEPACKING,1690,1688.5,1689.5,,,0.0,0.0,empty_bin
CLOSEPACKING,1691,1689.5,1690.5,,,0.0,0.0,empty_bin
CLOSEPACKING,1692,1690.5,1691.5,,,0.0,0.0,empty_bin
CLOSEPACKING,1693,1691.5,1692.5,,,0.0,0.0,empty_bin
CLOSEPACKING,1694,1692.5,1693.5,,,0.0,0.0,empty_bin
CLOSEPACKING,1695,1693.5,1694.5,,,0.0,0.0,empty_bin
CLOSEPACKING,1696,1694.5,1695.5,,,0.0,0.0,empty_bin
CLOSEPACKING,1697,1695.5,1696.5,,,0.0,0.0,empty_bin
CLOSEPACKING,1698,1696.5,1697.5,,,0.0,0.0,empty_bin
CLOSEPACKING,1699,1697.5,1698.5,,,0.0,0.0,empty_bin
CLOSEPACKING,1700,1698.5,1699.5,,,0.0,0.0,empty_bin
CLOSEPACKING,1701,1699.5,1700.5,,,0.0,0.0,empty_bin
CLOSEPACKING,1702,1700.5,1701.5,,,0.0,0.0,empty_bin
CLOSEPACKING,1703,1701.5,1702.5,,,0.0,0.0,empty_bin
CLOSEPACKING,1704,1702.5,1703.5,,,0.0,0.0,empty_bin
CLOSEPACKING,1705,1703.5,1704.5,,,0.0,0.0,empty_bin
CLOSEPACKING,1706,1704.5,1705.5,,,0.0,0.0,empty_bin
CLOSEPACKING,1707,1705.5,1706.5,,,0.0,0.0,empty_bin
CLOSEPACKING,1708,1706.5,1707.5,,,0.0,0.0,empty_bin
CLOSEPACKING,1709,1707.5,1708.5,,,0.0,0.0,empty_bin
CLOSEPACKING,1710,1708.5,1709.5,,,0.0,0.0,empty_bin
CLOSEPACKING,1711,1709.5,1710.5,,,0.0,0.0,empty_bin
CLOSEPACKING,1712,1710.5,1711.5,,,0.0,0.0,empty_bin
CLOSEPACKING,1713,1711.5,1712.5,,,0.0,0.0,empty_bin
CLOSEPACKING,1714,1712.5,1713.5,,,0.0,0.0,empty_bin
CLOSEPACKING,1715,1713.5,1714.5,,,0.0,0.0,empty_bin
CLOSEPACKING,1716,1714.5,1715.5,,,0.0,0.0,empty_bin
CLOSEPACKING,1717,1715.5,1716.5,,,0.0,0.0,empty_bin
CLOSEPACKING,1718,1716.5,1717.5,,,0.0,0.0,empty_bin
CLOSEPACKING,1719,1717.5,1718.5,,,0.0,0.0,empty_bin
CLOSEPACKING,1720,1718.5,1719.5,,,0.0,0.0,empty_bin
CLOSEPACKING,1721,1719.5,1720.5,,,0.0,0.0,empty_bin
CLOSEPACKING,1722,1720.5,1721.5,,,0.0,0.0,empty_bin
CLOSEPACKING,1723,1721.5,1722.5,,,0.0,0.0,empty_bin
CLOSEPACKING,1724,1722.5,1723.5,,,0.0,0.0,empty_bin
CLOSEPACKING,1725,1723.5,1724.5,,,0.0,0.0,empty_bin
CLOSEPACKING,1726,1724.5,1725.5,,,0.0,0.0,empty_bin
CLOSEPACKING,1727,1725.5,1726.5,,,0.0,0.0,empty_bin
CLOSEPACKING,1728,1726.5,1727.5,,,0.0,0.0,empty_bin
CLOSEPACKING,1729,1727.5,1728.5,,,0.0,0.0,empty_bin
CLOSEPACKING,1730,1728.5,1729.5,,,0.0,0.0,empty_bin
CLOSEPACKING,1731,1729.5,1730.5,,,0.0,0.0,empty_bin
CLOSEPACKING,1732,1730.5,1731.5,,,0.0,0.0,empty_bin
CLOSEPACKING,1733,1731.5,1732.5,,,0.0,0.0,empty_bin
CLOSEPACKING,1734,1732.5,1733.5,,,0.0,0.0,empty_bin
CLOSEPACKING,1735,1733.5,1734.5,,,0.0,0.0,empty_bin
CLOSEPACKING,1736,1734.5,1735.5,,,0.0,0.0,empty_bin
CLOSEPACKING,1737,1735.5,1736.5,,,0.0,0.0,empty_bin
CLOSEPACKING,1738,1736.5,1737.5,,,0.0,0.0,empty_bin
CLOSEPACKING,1739,1737.5,1738.5,,,0.0,0.0,empty_bin
CLOSEPACKING,1740,1738.5,1739.5,,,0.0,0.0,empty_bin
CLOSEPACKING,1741,1739.5,1740.5,,,0.0,0.0,empty_bin
CLOSEPACKING,1742,1740.5,1741.5,,,0.0,0.0,empty_bin
CLOSEPACKING,1743,1741.5,1742.5,,,0.0,0.0,empty_bin
CLOSEPACKING,1744,1742.5,1743.5,,,0.0,0.0,empty_bin
CLOSEPACKING,1745,1743.5,1744.5,,,0.0,0.0,empty_bin
CLOSEPACKING,1746,1744.5,1745.5,,,0.0,0.0,empty_bin
CLOSEPACKING,1747,1745.5,1746.5,,,0.0,0.0,empty_bin
CLOSEPACKING,1748,1746.5,1747.5,,,0.0,0.0,empty_bin
CLOSEPACKING,1749,1747.5,1748.5,,,0.0,0.0,empty_bin
CLOSEPACKING,1750,1748.5,1749.5,,,0.0,0.0,empty_bin
CLOSEPACKING,1751,1749.5,1750.5,,,0.0,0.0,empty_bin
CLOSEPACKING,1752,1750.5,1751.5,,,0.0,0.0,empty_bin
CLOSEPACKING,1753,1751.5,1752.5,,,0.0,0.0,empty_bin
CLOSEPACKING,1754,1752.5,1753.5,,,0.0,0.0,empty_bin
CLOSEPACKING,1755,1753.5,1754.5,,,0.0,0.0,empty_bin
CLOSEPACKING,1756,1754.5,1755.5,,,0.0,0.0,empty_bin
CLOSEPACKING,1757,1755.5,1756.5,,,0.0,0.0,empty_bin
CLOSEPACKING,1758,1756.5,1757.5,,,0.0,0.0,empty_bin
CLOSEPACKING,1759,1757.5,1758.5,,,0.0,0.0,empty_bin
CLOSEPACKING,1760,1758.5,1759.5,,,0.0,0.0,empty_bin
CLOSEPACKING,1761,1759.5,1760.5,,,0.0,0.0,empty_bin
CLOSEPACKING,1762,1760.5,1761.5,,,0.0,0.0,empty_bin
CLOSEPACKING,1763,1761.5,1762.5,,,0.0,0.0,empty_bin
CLOSEPACKING,1764,1762.5,1763.5,,,0.0,0.0,empty_bin
CLOSEPACKING,1765,1763.5,1764.5,,,0.0,0.0,empty_bin
CLOSEPACKING,1766,1764.5,1765.5,,,0.0,0.0,empty_bin
CLOSEPACKING,1767,1765.5,1766.5,,,0.0,0.0,empty_bin
CLOSEPACKING,1768,1766.5,1767.5,,,0.0,0.0,empty_bin
CLOSEPACKING,1769,1767.5,1768.5,,,0.0,0.0,empty_bin
CLOSEPACKING,1770,1768.5,1769.5,,,0.0,0.0,empty_bin
CLOSEPACKING,1771,1769.5,1770.5,,,0.0,0.0,empty_bin
CLOSEPACKING,1772,1770.5,1771.5,,,0.0,0.0,empty_bin
CLOSEPACKING,1773,1771.5,1772.5,,,0.0,0.0,empty_bin
CLOSEPACKING,1774,1772.5,1773.5,,,0.0,0.0,empty_bin
CLOSEPACKING,1775,1773.5,1774.5,,,0.0,0.0,empty_bin
CLOSEPACKING,1776,1774.5,1775.5,,,0.0,0.0,empty_bin
CLOSEPACKING,1777,1775.5,1776.5,,,0.0,0.0,empty_bin
CLOSEPACKING,1778,1776.5,1777.5,,,0.0,0.0,empty_bin
CLOSEPACKING,1779,1777.5,1778.5,,,0.0,0.0,empty_bin
CLOSEPACKING,1780,1778.5,1779.5,,,0.0,0.0,empty_bin
CLOSEPACKING,1781,1779.5,1780.5,,,0.0,0.0,empty_bin
CLOSEPACKING,1782,1780.5,1781.5,,,0.0,0.0,empty_bin
CLOSEPACKING,1783,1781.5,1782.5,,,0.0,0.0,empty_bin
CLOSEPACKING,1784,1782.5,1783.5,,,0.0,0.0,empty_bin
CLOSEPACKING,1785,1783.5,1784.5,,,0.0,0.0,empty_bin
CLOSEPACKING,1786,1784.5,1785.5,,,0.0,0.0,empty_bin
CLOSEPACKING,1787,1785.5,1786.5,,,0.0,0.0,empty_bin
CLOSEPACKING,1788,1786.5,1787.5,,,0.0,0.0,empty_bin
CLOSEPACKING,1789,1787.5,1788.5,,,0.0,0.0,empty_bin
CLOSEPACKING,1790,1788.5,1789.5,,,0.0,0.0,empty_bin
CLOSEPACKING,1791,1789.5,1790.5,,,0.0,0.0,empty_bin
CLOSEPACKING,1792,1790.5,1791.5,,,0.0,0.0,empty_bin
CLOSEPACKING,1793,1791.5,1792.5,,,0.0,0.0,empty_bin
CLOSEPACKING,1794,1792.5,1793.5,,,0.0,0.0,empty_bin
CLOSEPACKING,1795,1793.5,1794.5,,,0.0,0.0,empty_bin
CLOSEPACKING,1796,1794.5,1795.5,,,0.0,0.0,empty_bin
CLOSEPACKING,1797,1795.5,1796.5,,,0.0,0.0,empty_bin
CLOSEPACKING,1798,1796.5,1797.5,,,0.0,0.0,empty_bin
CLOSEPACKING,1799,1797.5,1798.5,,,0.0,0.0,empty_bin
CLOSEPACKING,1800,1798.5,1799.5,,,0.0,0.0,empty_bin
CLOSEPACKING,1801,1799.5,1800.5,,,0.0,0.0,empty_bin
CLOSEPACKING,1802,1800.5,1801.5,,,0.0,0.0,empty_bin
CLOSEPACKING,1803,1801.5,1802.5,,,0.0,0.0,empty_bin
CLOSEPACKING,1804,1802.5,1803.5,,,0.0,0.0,empty_bin
CLOSEPACKING,1805,1803.5,1804.5,,,0.0,0.0,empty_bin
CLOSEPACKING,1806,1804.5,1805.5,,,0.0,0.0,empty_bin
CLOSEPACKING,1807,1805.5,1806.5,,,0.0,0.0,empty_bin
CLOSEPACKING,1808,1806.5,1807.5,,,0.0,0.0,empty_bin
CLOSEPACKING,1809,1807.5,1808.5,,,0.0,0.0,empty_bin
CLOSEPACKING,1810,1808.5,1809.5,,,0.0,0.0,empty_bin
CLOSEPACKING,1811,1809.5,1810.5,,,0.0,0.0,empty_bin
CLOSEPACKING,1812,1810.5,1811.5,,,0.0,0.0,empty_bin
CLOSEPACKING,1813,1811.5,1812.5,,,0.0,0.0,empty_bin
CLOSEPACKING,1814,1812.5,1813.5,,,0.0,0.0,empty_bin
CLOSEPACKING,1815,1813.5,1814.5,,,0.0,0.0,empty_bin
CLOSEPACKING,1816,1814.5,1815.5,,,0.0,0.0,empty_bin
CLOSEPACKING,1817,1815.5,1816.5,,,0.0,0.0,empty_bin
CLOSEPACKING,1818,1816.5,1817.5,,,0.0,0.0,empty_bin
CLOSEPACKING,1819,1817.5,1818.5,,,0.0,0.0,empty_bin
CLOSEPACKING,1820,1818.5,1819.5,,,0.0,0.0,empty_bin
CLOSEPACKING,1821,1819.5,1820.5,,,0.0,0.0,empty_bin
CLOSEPACKING,1822,1820.5,1821.5,,,0.0,0.0,empty_bin
CLOSEPACKING,1823,1821.5,1822.5,,,0.0,0.0,empty_bin
CLOSEPACKING,1824,1822.5,1823.5,,,0.0,0.0,empty_bin
CLOSEPACKING,1825,1823.5,1824.5,,,0.0,0.0,empty_bin
CLOSEPACKING,1826,1824.5,1825.5,,,0.0,0.0,empty_bin
CLOSEPACKING,1827,1825.5,1826.5,,,0.0,0.0,empty_bin
CLOSEPACKING,1828,1826.5,1827.5,,,0.0,0.0,empty_bin
CLOSEPACKING,1829,1827.5,1828.5,,,0.0,0.0,empty_bin
CLOSEPACKING,1830,1828.5,1829.5,,,0.0,0.0,empty_bin
CLOSEPACKING,1831,1829.5,1830.5,,,0.0,0.0,empty_bin
CLOSEPACKING,1832,1830.5,1831.5,,,0.0,0.0,empty_bin
CLOSEPACKING,1833,1831.5,1832.5,,,0.0,0.0,empty_bin
CLOSEPACKING,1834,1832.5,1833.5,,,0.0,0.0,empty_bin
CLOSEPACKING,1835,1833.5,1834.5,,,0.0,0.0,empty_bin
CLOSEPACKING,1836,1834.5,1835.5,,,0.0,0.0,empty_bin
CLOSEPACKING,1837,1835.5,1836.5,,,0.0,0.0,empty_bin
CLOSEPACKING,1838,1836.5,1837.5,,,0.0,0.0,empty_bin
CLOSEPACKING,1839,1837.5,1838.5,,,0.0,0.0,empty_bin
CLOSEPACKING,1840,1838.5,1839.5,,,0.0,0.0,empty_bin
CLOSEPACKING,1841,1839.5,1840.5,,,0.0,0.0,empty_bin
CLOSEPACKING,1842,1840.5,1841.5,,,0.0,0.0,empty_bin
CLOSEPACKING,1843,1841.5,1842.5,,,0.0,0.0,empty_bin
CLOSEPACKING,1844,1842.5,1843.5,,,0.0,0.0,empty_bin
CLOSEPACKING,1845,1843.5,1844.5,,,0.0,0.0,empty_bin
CLOSEPACKING,1846,1844.5,1845.5,,,0.0,0.0,empty_bin
CLOSEPACKING,1847,1845.5,1846.5,,,0.0,0.0,empty_bin
CLOSEPACKING,1848,1846.5,1847.5,,,0.0,0.0,empty_bin
CLOSEPACKING,1849,1847.5,1848.5,,,0.0,0.0,empty_bin
CLOSEPACKING,1850,1848.5,1849.5,,,0.0,0.0,empty_bin
CLOSEPACKING,1851,1849.5,1850.5,,,0.0,0.0,empty_bin
CLOSEPACKING,1852,1850.5,1851.5,,,0.0,0.0,empty_bin
CLOSEPACKING,1853,1851.5,1852.5,,,0.0,0.0,empty_bin
CLOSEPACKING,1854,1852.5,1853.5,,,0.0,0.0,empty_bin
CLOSEPACKING,1855,1853.5,1854.5,,,0.0,0.0,empty_bin
CLOSEPACKING,1856,1854.5,1855.5,,,0.0,0.0,empty_bin
CLOSEPACKING,1857,1855.5,1856.5,,,0.0,0.0,empty_bin
CLOSEPACKING,1858,1856.5,1857.5,,,0.0,0.0,empty_bin
CLOSEPACKING,1859,1857.5,1858.5,,,0.0,0.0,empty_bin
CLOSEPACKING,1860,1858.5,1859.5,,,0.0,0.0,empty_bin
CLOSEPACKING,1861,1859.5,1860.5,,,0.0,0.0,empty_bin
CLOSEPACKING,1862,1860.5,1861.5,,,0.0,0.0,empty_bin
CLOSEPACKING,1863,1861.5,1862.5,,,0.0,0.0,empty_bin
CLOSEPACKING,1864,1862.5,1863.5,,,0.0,0.0,empty_bin
CLOSEPACKING,1865,1863.5,1864.5,,,0.0,0.0,empty_bin
CLOSEPACKING,1866,1864.5,1865.5,,,0.0,0.0,empty_bin
CLOSEPACKING,1867,1865.5,1866.5,,,0.0,0.0,empty_bin
CLOSEPACKING,1868,1866.5,1867.5,,,0.0,0.0,empty_bin
CLOSEPACKING,1869,1867.5,1868.5,,,0.0,0.0,empty_bin
CLOSEPACKING,1870,1868.5,1869.5,,,0.0,0.0,empty_bin
CLOSEPACKING,1871,1869.5,1870.5,,,0.0,0.0,empty_bin
CLOSEPACKING,1872,1870.5,1871.5,,,0.0,0.0,empty_bin
CLOSEPACKING,1873,1871.5,1872.5,,,0.0,0.0,empty_bin
CLOSEPACKING,1874,1872.5,1873.5,,,0.0,0.0,empty_bin
CLOSEPACKING,1875,1873.5,1874.5,,,0.0,0.0,empty_bin
CLOSEPACKING,1876,1874.5,1875.5,,,0.0,0.0,empty_bin
CLOSEPACKING,1877,1875.5,1876.5,,,0.0,0.0,empty_bin
CLOSEPACKING,1878,1876.5,1877.5,,,0.0,0.0,empty_bin
CLOSEPACKING,1879,1877.5,1878.5,,,0.0,0.0,empty_bin
CLOSEPACKING,1880,1878.5,1879.5,,,0.0,0.0,empty_bin
CLOSEPACKING,1881,1879.5,1880.5,,,0.0,0.0,empty_bin
CLOSEPACKING,1882,1880.5,1881.5,,,0.0,0.0,empty_bin
CLOSEPACKING,1883,1881.5,1882.5,,,0.0,0.0,empty_bin
CLOSEPACKING,1884,1882.5,1883.5,,,0.0,0.0,empty_bin
CLOSEPACKING,1885,1883.5,1884.5,,,0.0,0.0,empty_bin
CLOSEPACKING,1886,1884.5,1885.5,,,0.0,0.0,empty_bin
CLOSEPACKING,1887,1885.5,1886.5,,,0.0,0.0,empty_bin
CLOSEPACKING,1888,1886.5,1887.5,,,0.0,0.0,empty_bin
CLOSEPACKING,1889,1887.5,1888.5,,,0.0,0.0,empty_bin
CLOSEPACKING,1890,1888.5,1889.5,,,0.0,0.0,empty_bin
CLOSEPACKING,1891,1889.5,1890.5,,,0.0,0.0,empty_bin
CLOSEPACKING,1892,1890.5,1891.5,,,0.0,0.0,empty_bin
CLOSEPACKING,1893,1891.5,1892.5,,,0.0,0.0,empty_bin
CLOSEPACKING,1894,1892.5,1893.5,,,0.0,0.0,empty_bin
CLOSEPACKING,1895,1893.5,1894.5,,,0.0,0.0,empty_bin
CLOSEPACKING,1896,1894.5,1895.5,,,0.0,0.0,empty_bin
CLOSEPACKING,1897,1895.5,1896.5,,,0.0,0.0,empty_bin
CLOSEPACKING,1898,1896.5,1897.5,,,0.0,0.0,empty_bin
CLOSEPACKING,1899,1897.5,1898.5,,,0.0,0.0,empty_bin
CLOSEPACKING,1900,1898.5,1899.5,,,0.0,0.0,empty_bin
CLOSEPACKING,1901,1899.5,1900.5,,,0.0,0.0,empty_bin
CLOSEPACKING,1902,1900.5,1901.5,,,0.0,0.0,empty_bin
CLOSEPACKING,1903,1901.5,1902.5,,,0.0,0.0,empty_bin
CLOSEPACKING,1904,1902.5,1903.5,,,0.0,0.0,empty_bin
CLOSEPACKING,1905,1903.5,1904.5,,,0.0,0.0,empty_bin
CLOSEPACKING,1906,1904.5,1905.5,,,0.0,0.0,empty_bin
CLOSEPACKING,1907,1905.5,1906.5,,,0.0,0.0,empty_bin
CLOSEPACKING,1908,1906.5,1907.5,,,0.0,0.0,empty_bin
CLOSEPACKING,1909,1907.5,1908.5,,,0.0,0.0,empty_bin
CLOSEPACKING,1910,1908.5,1909.5,,,0.0,0.0,empty_bin
CLOSEPACKING,1911,1909.5,1910.5,,,0.0,0.0,empty_bin
CLOSEPACKING,1912,1910.5,1911.5,,,0.0,0.0,empty_bin
CLOSEPACKING,1913,1911.5,1912.5,,,0.0,0.0,empty_bin
CLOSEPACKING,1914,1912.5,1913.5,,,0.0,0.0,empty_bin
CLOSEPACKING,1915,1913.5,1914.5,,,0.0,0.0,empty_bin
CLOSEPACKING,1916,1914.5,1915.5,,,0.0,0.0,empty_bin
CLOSEPACKING,1917,1915.5,1916.5,,,0.0,0.0,empty_bin
CLOSEPACKING,1918,1916.5,1917.5,,,0.0,0.0,empty_bin
CLOSEPACKING,1919,1917.5,1918.5,,,0.0,0.0,empty_bin
CLOSEPACKING,1920,1918.5,1919.5,,,0.0,0.0,empty_bin
CLOSEPACKING,1921,1919.5,1920.5,,,0.0,0.0,empty_bin
CLOSEPACKING,1922,1920.5,1921.5,,,0.0,0.0,empty_bin
CLOSEPACKING,1923,1921.5,1922.5,,,0.0,0.0,empty_bin
CLOSEPACKING,1924,1922.5,1923.5,,,0.0,0.0,empty_bin
CLOSEPACKING,1925,1923.5,1924.5,,,0.0,0.0,empty_bin
CLOSEPACKING,1926,1924.5,1925.5,,,0.0,0.0,empty_bin
CLOSEPACKING,1927,1925.5,1926.5,,,0.0,0.0,empty_bin
CLOSEPACKING,1928,1926.5,1927.5,,,0.0,0.0,empty_bin
CLOSEPACKING,1929,1927.5,1928.5,,,0.0,0.0,empty_bin
CLOSEPACKING,1930,1928.5,1929.5,,,0.0,0.0,empty_bin
CLOSEPACKING,1931,1929.5,1930.5,,,0.0,0.0,empty_bin
CLOSEPACKING,1932,1930.5,1931.5,,,0.0,0.0,empty_bin
CLOSEPACKING,1933,1931.5,1932.5,,,0.0,0.0,empty_bin
CLOSEPACKING,1934,1932.5,1933.5,,,0.0,0.0,empty_bin
CLOSEPACKING,1935,1933.5,1934.5,,,0.0,0.0,empty_bin
CLOSEPACKING,1936,1934.5,1935.5,,,0.0,0.0,empty_bin
CLOSEPACKING,1937,1935.5,1936.5,,,0.0,0.0,empty_bin
CLOSEPACKING,1938,1936.5,1937.5,,,0.0,0.0,empty_bin
CLOSEPACKING,1939,1937.5,1938.5,,,0.0,0.0,empty_bin
CLOSEPACKING,1940,1938.5,1939.5,,,0.0,0.0,empty_bin
CLOSEPACKING,1941,1939.5,1940.5,,,0.0,0.0,empty_bin
CLOSEPACKING,1942,1940.5,1941.5,,,0.0,0.0,empty_bin
CLOSEPACKING,1943,1941.5,1942.5,,,0.0,0.0,empty_bin
CLOSEPACKING,1944,1942.5,1943.5,,,0.0,0.0,empty_bin
CLOSEPACKING,1945,1943.5,1944.5,,,0.0,0.0,empty_bin
CLOSEPACKING,1946,1944.5,1945.5,,,0.0,0.0,empty_bin
CLOSEPACKING,1947,1945.5,1946.5,,,0.0,0.0,empty_bin
CLOSEPACKING,1948,1946.5,1947.5,,,0.0,0.0,empty_bin
CLOSEPACKING,1949,1947.5,1948.5,,,0.0,0.0,empty_bin
CLOSEPACKING,1950,1948.5,1949.5,,,0.0,0.0,empty_bin
CLOSEPACKING,1951,1949.5,1950.5,,,0.0,0.0,empty_bin
CLOSEPACKING,1952,1950.5,1951.5,,,0.0,0.0,empty_bin
CLOSEPACKING,1953,1951.5,1952.5,,,0.0,0.0,empty_bin
CLOSEPACKING,1954,1952.5,1953.5,,,0.0,0.0,empty_bin
CLOSEPACKING,1955,1953.5,1954.5,,,0.0,0.0,empty_bin
CLOSEPACKING,1956,1954.5,1955.5,,,0.0,0.0,empty_bin
CLOSEPACKING,1957,1955.5,1956.5,,,0.0,0.0,empty_bin
CLOSEPACKING,1958,1956.5,1957.5,,,0.0,0.0,empty_bin
CLOSEPACKING,1959,1957.5,1958.5,,,0.0,0.0,empty_bin
CLOSEPACKING,1960,1958.5,1959.5,,,0.0,0.0,empty_bin
CLOSEPACKING,1961,1959.5,1960.5,,,0.0,0.0,empty_bin
CLOSEPACKING,1962,1960.5,1961.5,,,0.0,0.0,empty_bin
CLOSEPACKING,1963,1961.5,1962.5,,,0.0,0.0,empty_bin
CLOSEPACKING,1964,1962.5,1963.5,,,0.0,0.0,empty_bin
CLOSEPACKING,1965,1963.5,1964.5,,,0.0,0.0,empty_bin
CLOSEPACKING,1966,1964.5,1965.5,,,0.0,0.0,empty_bin
CLOSEPACKING,1967,1965.5,1966.5,,,0.0,0.0,empty_bin
CLOSEPACKING,1968,1966.5,1967.5,,,0.0,0.0,empty_bin
CLOSEPACKING,1969,1967.5,1968.5,,,0.0,0.0,empty_bin
CLOSEPACKING,1970,1968.5,1969.5,,,0.0,0.0,empty_bin
CLOSEPACKING,1971,1969.5,1970.5,,,0.0,0.0,empty_bin
CLOSEPACKING,1972,1970.5,1971.5,,,0.0,0.0,empty_bin
CLOSEPACKING,1973,1971.5,1972.5,,,0.0,0.0,empty_bin
CLOSEPACKING,1974,1972.5,1973.5,,,0.0,0.0,empty_bin
CLOSEPACKING,1975,1973.5,1974.5,,,0.0,0.0,empty_bin
CLOSEPACKING,1976,1974.5,1975.5,,,0.0,0.0,empty_bin
CLOSEPACKING,1977,1975.5,1976.5,,,0.0,0.0,empty_bin
CLOSEPACKING,1978,1976.5,1977.5,,,0.0,0.0,empty_bin
CLOSEPACKING,1979,1977.5,1978.5,,,0.0,0.0,empty_bin
CLOSEPACKING,1980,1978.5,1979.5,,,0.0,0.0,empty_bin
CLOSEPACKING,1981,1979.5,1980.5,,,0.0,0.0,empty_bin
CLOSEPACKING,1982,1980.5,1981.5,,,0.0,0.0,empty_bin
CLOSEPACKING,1983,1981.5,1982.5,,,0.0,0.0,empty_bin
CLOSEPACKING,1984,1982.5,1983.5,,,0.0,0.0,empty_bin
CLOSEPACKING,1985,1983.5,1984.5,,,0.0,0.0,empty_bin
CLOSEPACKING,1986,1984.5,1985.5,,,0.0,0.0,empty_bin
CLOSEPACKING,1987,1985.5,1986.5,,,0.0,0.0,empty_bin
CLOSEPACKING,1988,1986.5,1987.5,,,0.0,0.0,empty_bin
CLOSEPACKING,1989,1987.5,1988.5,,,0.0,0.0,empty_bin
CLOSEPACKING,1990,1988.5,1989.5,,,0.0,0.0,empty_bin
CLOSEPACKING,1991,1989.5,1990.5,,,0.0,0.0,empty_bin
CLOSEPACKING,1992,1990.5,1991.5,,,0.0,0.0,empty_bin
CLOSEPACKING,1993,1991.5,1992.5,,,0.0,0.0,empty_bin
CLOSEPACKING,1994,1992.5,1993.5,,,0.0,0.0,empty_bin
CLOSEPACKING,1995,1993.5,1994.5,,,0.0,0.0,empty_bin
CLOSEPACKING,1996,1994.5,1995.5,,,0.0,0.0,empty_bin
CLOSEPACKING,1997,1995.5,1996.5,,,0.0,0.0,empty_bin
CLOSEPACKING,1998,1996.5,1997.5,,,0.0,0.0,empty_bin
CLOSEPACKING,1999,1997.5,1998.5,,,0.0,0.0,empty_bin
CLOSEPACKING,2000,1998.5,1999.5,,,0.0,0.0,empty_bin
CLOSEPACKING,2001,1999.5,2000.5,,,0.0,0.0,empty_bin
CLOSEPACKING,2002,2000.5,2001.5,,,0.0,0.0,empty_bin
CLOSEPACKING,2003,2001.5,2002.5,,,0.0,0.0,empty_bin
CLOSEPACKING,2004,2002.5,2003.5,,,0.0,0.0,empty_bin
CLOSEPACKING,2005,2003.5,2004.5,,,0.0,0.0,empty_bin
CLOSEPACKING,2006,2004.5,2005.5,,,0.0,0.0,empty_bin
CLOSEPACKING,2007,2005.5,2006.5,,,0.0,0.0,empty_bin
CLOSEPACKING,2008,2006.5,2007.5,,,0.0,0.0,empty_bin
CLOSEPACKING,2009,2007.5,2008.5,,,0.0,0.0,empty_bin
CLOSEPACKING,2010,2008.5,2009.5,,,0.0,0.0,empty_bin
CLOSEPACKING,2011,2009.5,2010.5,,,0.0,0.0,empty_bin
CLOSEPACKING,2012,2010.5,2011.5,,,0.0,0.0,empty_bin
CLOSEPACKING,2013,2011.5,2012.5,,,0.0,0.0,empty_bin
CLOSEPACKING,2014,2012.5,2013.5,,,0.0,0.0,empty_bin
CLOSEPACKING,2015,2013.5,2014.5,,,0.0,0.0,empty_bin
CLOSEPACKING,2016,2014.5,2015.5,,,0.0,0.0,empty_bin
CLOSEPACKING,2017,2015.5,2016.5,,,0.0,0.0,empty_bin
CLOSEPACKING,2018,2016.5,2017.5,,,0.0,0.0,empty_bin
CLOSEPACKING,2019,2017.5,2018.5,,,0.0,0.0,empty_bin
CLOSEPACKING,2020,2018.5,2019.5,,,0.0,0.0,empty_bin
CLOSEPACKING,2021,2019.5,2020.5,,,0.0,0.0,empty_bin
CLOSEPACKING,2022,2020.5,2021.5,,,0.0,0.0,empty_bin
CLOSEPACKING,2023,2021.5,2022.5,,,0.0,0.0,empty_bin
CLOSEPACKING,2024,2022.5,2023.5,,,0.0,0.0,empty_bin
CLOSEPACKING,2025,2023.5,2024.5,,,0.0,0.0,empty_bin
CLOSEPACKING,2026,2024.5,2025.5,,,0.0,0.0,empty_bin
CLOSEPACKING,2027,2025.5,2026.5,,,0.0,0.0,empty_bin
CLOSEPACKING,2028,2026.5,2027.5,,,0.0,0.0,empty_bin
CLOSEPACKING,2029,2027.5,2028.5,,,0.0,0.0,empty_bin
CLOSEPACKING,2030,2028.5,2029.5,,,0.0,0.0,empty_bin
CLOSEPACKING,2031,2029.5,2030.5,,,0.0,0.0,empty_bin
CLOSEPACKING,2032,2030.5,2031.5,,,0.0,0.0,empty_bin
CLOSEPACKING,2033,2031.5,2032.5,,,0.0,0.0,empty_bin
CLOSEPACKING,2034,2032.5,2033.5,,,0.0,0.0,empty_bin
CLOSEPACKING,2035,2033.5,2034.5,,,0.0,0.0,empty_bin
CLOSEPACKING,2036,2034.5,2035.5,,,0.0,0.0,empty_bin
CLOSEPACKING,2037,2035.5,2036.5,,,0.0,0.0,empty_bin
CLOSEPACKING,2038,2036.5,2037.5,,,0.0,0.0,empty_bin
CLOSEPACKING,2039,2037.5,2038.5,,,0.0,0.0,empty_bin
CLOSEPACKING,2040,2038.5,2039.5,,,0.0,0.0,empty_bin
CLOSEPACKING,2041,2039.5,2040.5,,,0.0,0.0,empty_bin
CLOSEPACKING,2042,2040.5,2041.5,,,0.0,0.0,empty_bin
CLOSEPACKING,2043,2041.5,2042.5,,,0.0,0.0,empty_bin
CLOSEPACKING,2044,2042.5,2043.5,,,0.0,0.0,empty_bin
CLOSEPACKING,2045,2043.5,2044.5,,,0.0,0.0,empty_bin
CLOSEPACKING,2046,2044.5,2045.5,,,0.0,0.0,empty_bin
CLOSEPACKING,2047,2045.5,2046.5,,,0.0,0.0,empty_bin
CLOSEPACKING,2048,2046.5,2047.5,,,0.0,0.0,empty_bin
CLOSEPACKING,2049,2047.5,2048.5,,,0.0,0.0,empty_bin
CLOSEPACKING,2050,2048.5,2049.5,,,0.0,0.0,empty_bin
CLOSEPACKING,2051,2049.5,2050.5,,,0.0,0.0,empty_bin
CLOSEPACKING,2052,2050.5,2051.5,,,0.0,0.0,empty_bin
CLOSEPACKING,2053,2051.5,2052.5,,,0.0,0.0,empty_bin
CLOSEPACKING,2054,2052.5,2053.5,,,0.0,0.0,empty_bin
CLOSEPACKING,2055,2053.5,2054.5,,,0.0,0.0,empty_bin
CLOSEPACKING,2056,2054.5,2055.5,,,0.0,0.0,empty_bin
CLOSEPACKING,2057,2055.5,2056.5,,,0.0,0.0,empty_bin
CLOSEPACKING,2058,2056.5,2057.5,,,0.0,0.0,empty_bin
CLOSEPACKING,2059,2057.5,2058.5,,,0.0,0.0,empty_bin
CLOSEPACKING,2060,2058.5,2059.5,,,0.0,0.0,empty_bin
CLOSEPACKING,2061,2059.5,2060.5,,,0.0,0.0,empty_bin
CLOSEPACKING,2062,2060.5,2061.5,,,0.0,0.0,empty_bin
CLOSEPACKING,2063,2061.5,2062.5,,,0.0,0.0,empty_bin
CLOSEPACKING,2064,2062.5,2063.5,,,0.0,0.0,empty_bin
CLOSEPACKING,2065,2063.5,2064.5,,,0.0,0.0,empty_bin
CLOSEPACKING,2066,2064.5,2065.5,,,0.0,0.0,empty_bin
CLOSEPACKING,2067,2065.5,2066.5,,,0.0,0.0,empty_bin
CLOSEPACKING,2068,2066.5,2067.5,,,0.0,0.0,empty_bin
CLOSEPACKING,2069,2067.5,2068.5,,,0.0,0.0,empty_bin
CLOSEPACKING,2070,2068.5,2069.5,,,0.0,0.0,empty_bin
CLOSEPACKING,2071,2069.5,2070.5,,,0.0,0.0,empty_bin
CLOSEPACKING,2072,2070.5,2071.5,,,0.0,0.0,empty_bin
CLOSEPACKING,2073,2071.5,2072.5,,,0.0,0.0,empty_bin
CLOSEPACKING,2074,2072.5,2073.5,,,0.0,0.0,empty_bin
CLOSEPACKING,2075,2073.5,2074.5,,,0.0,0.0,empty_bin
CLOSEPACKING,2076,2074.5,2075.5,,,0.0,0.0,empty_bin
CLOSEPACKING,2077,2075.5,2076.5,,,0.0,0.0,empty_bin
CLOSEPACKING,2078,2076.5,2077.5,,,0.0,0.0,empty_bin
CLOSEPACKING,2079,2077.5,2078.5,,,0.0,0.0,empty_bin
CLOSEPACKING,2080,2078.5,2079.5,,,0.0,0.0,empty_bin
CLOSEPACKING,2081,2079.5,2080.5,,,0.0,0.0,empty_bin
CLOSEPACKING,2082,2080.5,2081.5,,,0.0,0.0,empty_bin
CLOSEPACKING,2083,2081.5,2082.5,,,0.0,0.0,empty_bin
CLOSEPACKING,2084,2082.5,2083.5,,,0.0,0.0,empty_bin
CLOSEPACKING,2085,2083.5,2084.5,,,0.0,0.0,empty_bin
CLOSEPACKING,2086,2084.5,2085.5,,,0.0,0.0,empty_bin
CLOSEPACKING,2087,2085.5,2086.5,,,0.0,0.0,empty_bin
CLOSEPACKING,2088,2086.5,2087.5,,,0.0,0.0,empty_bin
CLOSEPACKING,2089,2087.5,2088.5,,,0.0,0.0,empty_bin
CLOSEPACKING,2090,2088.5,2089.5,,,0.0,0.0,empty_bin
CLOSEPACKING,2091,2089.5,2090.5,,,0.0,0.0,empty_bin
CLOSEPACKING,2092,2090.5,2091.5,,,0.0,0.0,empty_bin
CLOSEPACKING,2093,2091.5,2092.5,,,0.0,0.0,empty_bin
CLOSEPACKING,2094,2092.5,2093.5,,,0.0,0.0,empty_bin
CLOSEPACKING,2095,2093.5,2094.5,,,0.0,0.0,empty_bin
CLOSEPACKING,2096,2094.5,2095.5,,,0.0,0.0,empty_bin
CLOSEPACKING,2097,2095.5,2096.5,,,0.0,0.0,empty_bin
CLOSEPACKING,2098,2096.5,2097.5,,,0.0,0.0,empty_bin
CLOSEPACKING,2099,2097.5,2098.5,,,0.0,0.0,empty_bin
CLOSEPACKING,2100,2098.5,2099.5,,,0.0,0.0,empty_bin
CLOSEPACKING,2101,2099.5,2100.5,,,0.0,0.0,empty_bin
CLOSEPACKING,2102,2100.5,2101.5,,,0.0,0.0,empty_bin
CLOSEPACKING,2103,2101.5,2102.5,,,0.0,0.0,empty_bin
CLOSEPACKING,2104,2102.5,2103.5,,,0.0,0.0,empty_bin
CLOSEPACKING,2105,2103.5,2104.5,,,0.0,0.0,empty_bin
CLOSEPACKING,2106,2104.5,2105.5,,,0.0,0.0,empty_bin
CLOSEPACKING,2107,2105.5,2106.5,,,0.0,0.0,empty_bin
CLOSEPACKING,2108,2106.5,2107.5,,,0.0,0.0,empty_bin
CLOSEPACKING,2109,2107.5,2108.5,,,0.0,0.0,empty_bin
CLOSEPACKING,2110,2108.5,2109.5,,,0.0,0.0,empty_bin
CLOSEPACKING,2111,2109.5,2110.5,,,0.0,0.0,empty_bin
CLOSEPACKING,2112,2110.5,2111.5,,,0.0,0.0,empty_bin
CLOSEPACKING,2113,2111.5,2112.5,,,0.0,0.0,empty_bin
CLOSEPACKING,2114,2112.5,2113.5,,,0.0,0.0,empty_bin
CLOSEPACKING,2115,2113.5,2114.5,,,0.0,0.0,empty_bin
CLOSEPACKING,2116,2114.5,2115.5,,,0.0,0.0,empty_bin
CLOSEPACKING,2117,2115.5,2116.5,,,0.0,0.0,empty_bin
CLOSEPACKING,2118,2116.5,2117.5,,,0.0,0.0,empty_bin
CLOSEPACKING,2119,2117.5,2118.5,,,0.0,0.0,empty_bin
CLOSEPACKING,2120,2118.5,2119.5,,,0.0,0.0,empty_bin
CLOSEPACKING,2121,2119.5,2120.5,,,0.0,0.0,empty_bin
CLOSEPACKING,2122,2120.5,2121.5,,,0.0,0.0,empty_bin
CLOSEPACKING,2123,2121.5,2122.5,,,0.0,0.0,empty_bin
CLOSEPACKING,2124,2122.5,2123.5,,,0.0,0.0,empty_bin
CLOSEPACKING,2125,2123.5,2124.5,,,0.0,0.0,empty_bin
CLOSEPACKING,2126,2124.5,2125.5,,,0.0,0.0,empty_bin
CLOSEPACKING,2127,2125.5,2126.5,,,0.0,0.0,empty_bin
CLOSEPACKING,2128,2126.5,2127.5,,,0.0,0.0,empty_bin
CLOSEPACKING,2129,2127.5,2128.5,,,0.0,0.0,empty_bin
CLOSEPACKING,2130,2128.5,2129.5,,,0.0,0.0,empty_bin
CLOSEPACKING,2131,2129.5,2130.5,,,0.0,0.0,empty_bin
CLOSEPACKING,2132,2130.5,2131.5,,,0.0,0.0,empty_bin
CLOSEPACKING,2133,2131.5,2132.5,,,0.0,0.0,empty_bin
CLOSEPACKING,2134,2132.5,2133.5,,,0.0,0.0,empty_bin
CLOSEPACKING,2135,2133.5,2134.5,,,0.0,0.0,empty_bin
CLOSEPACKING,2136,2134.5,2135.5,,,0.0,0.0,empty_bin
CLOSEPACKING,2137,2135.5,2136.5,,,0.0,0.0,empty_bin
CLOSEPACKING,2138,2136.5,2137.5,,,0.0,0.0,empty_bin
CLOSEPACKING,2139,2137.5,2138.5,,,0.0,0.0,empty_bin
CLOSEPACKING,2140,2138.5,2139.5,,,0.0,0.0,empty_bin
CLOSEPACKING,2141,2139.5,2140.5,,,0.0,0.0,empty_bin
CLOSEPACKING,2142,2140.5,2141.5,,,0.0,0.0,empty_bin
CLOSEPACKING,2143,2141.5,2142.5,,,0.0,0.0,empty_bin
CLOSEPACKING,2144,2142.5,2143.5,,,0.0,0.0,empty_bin
CLOSEPACKING,2145,2143.5,2144.5,,,0.0,0.0,empty_bin
CLOSEPACKING,2146,2144.5,2145.5,,,0.0,0.0,empty_bin
CLOSEPACKING,2147,2145.5,2146.5,,,0.0,0.0,empty_bin
CLOSEPACKING,2148,2146.5,2147.5,,,0.0,0.0,empty_bin
CLOSEPACKING,2149,2147.5,2148.5,,,0.0,0.0,empty_bin
CLOSEPACKING,2150,2148.5,2149.5,,,0.0,0.0,empty_bin
CLOSEPACKING,2151,2149.5,2150.5,,,0.0,0.0,empty_bin
CLOSEPACKING,2152,2150.5,2151.5,,,0.0,0.0,empty_bin
CLOSEPACKING,2153,2151.5,2152.5,,,0.0,0.0,empty_bin
CLOSEPACKING,2154,2152.5,2153.5,,,0.0,0.0,empty_bin
CLOSEPACKING,2155,2153.5,2154.5,,,0.0,0.0,empty_bin
CLOSEPACKING,2156,2154.5,2155.5,,,0.0,0.0,empty_bin
CLOSEPACKING,2157,2155.5,2156.5,,,0.0,0.0,empty_bin
CLOSEPACKING,2158,2156.5,2157.5,,,0.0,0.0,empty_bin
CLOSEPACKING,2159,2157.5,2158.5,,,0.0,0.0,empty_bin
CLOSEPACKING,2160,2158.5,2159.5,,,0.0,0.0,empty_bin
CLOSEPACKING,2161,2159.5,2160.5,,,0.0,0.0,empty_bin
CLOSEPACKING,2162,2160.5,2161.5,,,0.0,0.0,empty_bin
CLOSEPACKING,2163,2161.5,2162.5,,,0.0,0.0,empty_bin
CLOSEPACKING,2164,2162.5,2163.5,,,0.0,0.0,empty_bin
CLOSEPACKING,2165,2163.5,2164.5,,,0.0,0.0,empty_bin
CLOSEPACKING,2166,2164.5,2165.5,,,0.0,0.0,empty_bin
CLOSEPACKING,2167,2165.5,2166.5,,,0.0,0.0,empty_bin
CLOSEPACKING,2168,2166.5,2167.5,,,0.0,0.0,empty_bin
CLOSEPACKING,2169,2167.5,2168.5,,,0.0,0.0,empty_bin
CLOSEPACKING,2170,2168.5,2169.5,,,0.0,0.0,empty_bin
CLOSEPACKING,2171,2169.5,2170.5,,,0.0,0.0,empty_bin
CLOSEPACKING,2172,2170.5,2171.5,,,0.0,0.0,empty_bin
CLOSEPACKING,2173,2171.5,2172.5,,,0.0,0.0,empty_bin
CLOSEPACKING,2174,2172.5,2173.5,,,0.0,0.0,empty_bin
CLOSEPACKING,2175,2173.5,2174.5,,,0.0,0.0,empty_bin
CLOSEPACKING,2176,2174.5,2175.5,,,0.0,0.0,empty_bin
CLOSEPACKING,2177,2175.5,2176.5,,,0.0,0.0,empty_bin
CLOSEPACKING,2178,2176.5,2177.5,,,0.0,0.0,empty_bin
CLOSEPACKING,2179,2177.5,2178.5,,,0.0,0.0,empty_bin
CLOSEPACKING,2180,2178.5,2179.5,,,0.0,0.0,empty_bin
CLOSEPACKING,2181,2179.5,2180.5,,,0.0,0.0,empty_bin
CLOSEPACKING,2182,2180.5,2181.5,,,0.0,0.0,empty_bin
CLOSEPACKING,2183,2181.5,2182.5,,,0.0,0.0,empty_bin
CLOSEPACKING,2184,2182.5,2183.5,,,0.0,0.0,empty_bin
CLOSEPACKING,2185,2183.5,2184.5,,,0.0,0.0,empty_bin
CLOSEPACKING,2186,2184.5,2185.5,,,0.0,0.0,empty_bin
CLOSEPACKING,2187,2185.5,2186.5,,,0.0,0.0,empty_bin
CLOSEPACKING,2188,2186.5,2187.5,,,0.0,0.0,empty_bin
CLOSEPACKING,2189,2187.5,2188.5,,,0.0,0.0,empty_bin
CLOSEPACKING,2190,2188.5,2189.5,,,0.0,0.0,empty_bin
CLOSEPACKING,2191,2189.5,2190.5,,,0.0,0.0,empty_bin
CLOSEPACKING,2192,2190.5,2191.5,,,0.0,0.0,empty_bin
CLOSEPACKING,2193,2191.5,2192.5,,,0.0,0.0,empty_bin
CLOSEPACKING,2194,2192.5,2193.5,,,0.0,0.0,empty_bin
CLOSEPACKING,2195,2193.5,2194.5,,,0.0,0.0,empty_bin
CLOSEPACKING,2196,2194.5,2195.5,,,0.0,0.0,empty_bin
CLOSEPACKING,2197,2195.5,2196.5,,,0.0,0.0,empty_bin
CLOSEPACKING,2198,2196.5,2197.5,,,0.0,0.0,empty_bin
CLOSEPACKING,2199,2197.5,2198.5,,,0.0,0.0,empty_bin
CLOSEPACKING,2200,2198.5,2199.5,,,0.0,0.0,empty_bin
CLOSEPACKING,2201,2199.5,2200.5,,,0.0,0.0,empty_bin
CLOSEPACKING,2202,2200.5,2201.5,,,0.0,0.0,empty_bin
CLOSEPACKING,2203,2201.5,2202.5,,,0.0,0.0,empty_bin
CLOSEPACKING,2204,2202.5,2203.5,,,0.0,0.0,empty_bin
CLOSEPACKING,2205,2203.5,2204.5,,,0.0,0.0,empty_bin
CLOSEPACKING,2206,2204.5,2205.5,,,0.0,0.0,empty_bin
CLOSEPACKING,2207,2205.5,2206.5,,,0.0,0.0,empty_bin
CLOSEPACKING,2208,2206.5,2207.5,,,0.0,0.0,empty_bin
CLOSEPACKING,2209,2207.5,2208.5,,,0.0,0.0,empty_bin
CLOSEPACKING,2210,2208.5,2209.5,,,0.0,0.0,empty_bin
CLOSEPACKING,2211,2209.5,2210.5,,,0.0,0.0,empty_bin
CLOSEPACKING,2212,2210.5,2211.5,,,0.0,0.0,empty_bin
CLOSEPACKING,2213,2211.5,2212.5,,,0.0,0.0,empty_bin
CLOSEPACKING,2214,2212.5,2213.5,,,0.0,0.0,empty_bin
CLOSEPACKING,2215,2213.5,2214.5,,,0.0,0.0,empty_bin
CLOSEPACKING,2216,2214.5,2215.5,,,0.0,0.0,empty_bin
CLOSEPACKING,2217,2215.5,2216.5,,,0.0,0.0,empty_bin
CLOSEPACKING,2218,2216.5,2217.5,,,0.0,0.0,empty_bin
CLOSEPACKING,2219,2217.5,2218.5,,,0.0,0.0,empty_bin
CLOSEPACKING,2220,2218.5,2219.5,,,0.0,0.0,empty_bin
CLOSEPACKING,2221,2219.5,2220.5,,,0.0,0.0,empty_bin
CLOSEPACKING,2222,2220.5,2221.5,,,0.0,0.0,empty_bin
CLOSEPACKING,2223,2221.5,2222.5,,,0.0,0.0,empty_bin
CLOSEPACKING,2224,2222.5,2223.5,,,0.0,0.0,empty_bin
CLOSEPACKING,2225,2223.5,2224.5,,,0.0,0.0,empty_bin
CLOSEPACKING,2226,2224.5,2225.5,,,0.0,0.0,empty_bin
CLOSEPACKING,2227,2225.5,2226.5,,,0.0,0.0,empty_bin
CLOSEPACKING,2228,2226.5,2227.5,,,0.0,0.0,empty_bin
CLOSEPACKING,2229,2227.5,2228.5,,,0.0,0.0,empty_bin
CLOSEPACKING,2230,2228.5,2229.5,,,0.0,0.0,empty_bin
CLOSEPACKING,2231,2229.5,2230.5,,,0.0,0.0,empty_bin
CLOSEPACKING,2232,2230.5,2231.5,,,0.0,0.0,empty_bin
CLOSEPACKING,2233,2231.5,2232.5,,,0.0,0.0,empty_bin
CLOSEPACKING,2234,2232.5,2233.5,,,0.0,0.0,empty_bin
CLOSEPACKING,2235,2233.5,2234.5,,,0.0,0.0,empty_bin
CLOSEPACKING,2236,2234.5,2235.5,,,0.0,0.0,empty_bin
CLOSEPACKING,2237,2235.5,2236.5,,,0.0,0.0,empty_bin
CLOSEPACKING,2238,2236.5,2237.5,,,0.0,0.0,empty_bin
CLOSEPACKING,2239,2237.5,2238.5,,,0.0,0.0,empty_bin
CLOSEPACKING,2240,2238.5,2239.5,,,0.0,0.0,empty_bin
CLOSEPACKING,2241,2239.5,2240.5,,,0.0,0.0,empty_bin
CLOSEPACKING,2242,2240.5,2241.5,,,0.0,0.0,empty_bin
CLOSEPACKING,2243,2241.5,2242.5,,,0.0,0.0,empty_bin
CLOSEPACKING,2244,2242.5,2243.5,,,0.0,0.0,empty_bin
CLOSEPACKING,2245,2243.5,2244.5,,,0.0,0.0,empty_bin
CLOSEPACKING,2246,2244.5,2245.5,,,0.0,0.0,empty_bin
CLOSEPACKING,2247,2245.5,2246.5,,,0.0,0.0,empty_bin
CLOSEPACKING,2248,2246.5,2247.5,,,0.0,0.0,empty_bin
CLOSEPACKING,2249,2247.5,2248.5,,,0.0,0.0,empty_bin
CLOSEPACKING,2250,2248.5,2249.5,,,0.0,0.0,empty_bin
CLOSEPACKING,2251,2249.5,2250.5,,,0.0,0.0,empty_bin
CLOSEPACKING,2252,2250.5,2251.5,,,0.0,0.0,empty_bin
CLOSEPACKING,2253,2251.5,2252.5,,,0.0,0.0,empty_bin
CLOSEPACKING,2254,2252.5,2253.5,,,0.0,0.0,empty_bin
CLOSEPACKING,2255,2253.5,2254.5,,,0.0,0.0,empty_bin
CLOSEPACKING,2256,2254.5,2255.5,,,0.0,0.0,empty_bin
CLOSEPACKING,2257,2255.5,2256.5,,,0.0,0.0,empty_bin
CLOSEPACKING,2258,2256.5,2257.5,,,0.0,0.0,empty_bin
CLOSEPACKING,2259,2257.5,2258.5,,,0.0,0.0,empty_bin
CLOSEPACKING,2260,2258.5,2259.5,,,0.0,0.0,empty_bin
CLOSEPACKING,2261,2259.5,2260.5,,,0.0,0.0,empty_bin
CLOSEPACKING,2262,2260.5,2261.5,,,0.0,0.0,empty_bin
CLOSEPACKING,2263,2261.5,2262.5,,,0.0,0.0,empty_bin
CLOSEPACKING,2264,2262.5,2263.5,,,0.0,0.0,empty_bin
CLOSEPACKING,2265,2263.5,2264.5,,,0.0,0.0,empty_bin
CLOSEPACKING,2266,2264.5,2265.5,,,0.0,0.0,empty_bin
CLOSEPACKING,2267,2265.5,2266.5,,,0.0,0.0,empty_bin
CLOSEPACKING,2268,2266.5,2267.5,,,0.0,0.0,empty_bin
CLOSEPACKING,2269,2267.5,2268.5,,,0.0,0.0,empty_bin
CLOSEPACKING,2270,2268.5,2269.5,,,0.0,0.0,empty_bin
CLOSEPACKING,2271,2269.5,2270.5,,,0.0,0.0,empty_bin
CLOSEPACKING,2272,2270.5,2271.5,,,0.0,0.0,empty_bin
CLOSEPACKING,2273,2271.5,2272.5,,,0.0,0.0,empty_bin
CLOSEPACKING,2274,2272.5,2273.5,,,0.0,0.0,empty_bin
CLOSEPACKING,2275,2273.5,2274.5,,,0.0,0.0,empty_bin
CLOSEPACKING,2276,2274.5,2275.5,,,0.0,0.0,empty_bin
CLOSEPACKING,2277,2275.5,2276.5,,,0.0,0.0,empty_bin
CLOSEPACKING,2278,2276.5,2277.5,,,0.0,0.0,empty_bin
CLOSEPACKING,2279,2277.5,2278.5,,,0.0,0.0,empty_bin
CLOSEPACKING,2280,2278.5,2279.5,,,0.0,0.0,empty_bin
CLOSEPACKING,2281,2279.5,2280.5,,,0.0,0.0,empty_bin
CLOSEPACKING,2282,2280.5,2281.5,,,0.0,0.0,empty_bin
CLOSEPACKING,2283,2281.5,2282.5,,,0.0,0.0,empty_bin
CLOSEPACKING,2284,2282.5,2283.5,,,0.0,0.0,empty_bin
CLOSEPACKING,2285,2283.5,2284.5,,,0.0,0.0,empty_bin
CLOSEPACKING,2286,2284.5,2285.5,,,0.0,0.0,empty_bin
CLOSEPACKING,2287,2285.5,2286.5,,,0.0,0.0,empty_bin
CLOSEPACKING,2288,2286.5,2287.5,,,0.0,0.0,empty_bin
CLOSEPACKING,2289,2287.5,2288.5,,,0.0,0.0,empty_bin
CLOSEPACKING,2290,2288.5,2289.5,,,0.0,0.0,empty_bin
CLOSEPACKING,2291,2289.5,2290.5,,,0.0,0.0,empty_bin
CLOSEPACKING,2292,2290.5,2291.5,,,0.0,0.0,empty_bin
CLOSEPACKING,2293,2291.5,2292.5,,,0.0,0.0,empty_bin
CLOSEPACKING,2294,2292.5,2293.5,,,0.0,0.0,empty_bin
CLOSEPACKING,2295,2293.5,2294.5,,,0.0,0.0,empty_bin
CLOSEPACKING,2296,2294.5,2295.5,,,0.0,0.0,empty_bin
CLOSEPACKING,2297,2295.5,2296.5,,,0.0,0.0,empty_bin
CLOSEPACKING,2298,2296.5,2297.5,,,0.0,0.0,empty_bin
CLOSEPACKING,2299,2297.5,2298.5,,,0.0,0.0,empty_bin
CLOSEPACKING,2300,2298.5,2299.5,,,0.0,0.0,empty_bin
CLOSEPACKING,2301,2299.5,2300.5,,,0.0,0.0,empty_bin
CLOSEPACKING,2302,2300.5,2301.5,,,0.0,0.0,empty_bin
CLOSEPACKING,2303,2301.5,2302.5,,,0.0,0.0,empty_bin
CLOSEPACKING,2304,2302.5,2303.5,,,0.0,0.0,empty_bin
CLOSEPACKING,2305,2303.5,2304.5,,,0.0,0.0,empty_bin
CLOSEPACKING,2306,2304.5,2305.5,,,0.0,0.0,empty_bin
CLOSEPACKING,2307,2305.5,2306.5,,,0.0,0.0,empty_bin
CLOSEPACKING,2308,2306.5,2307.5,,,0.0,0.0,empty_bin
CLOSEPACKING,2309,2307.5,2308.5,,,0.0,0.0,empty_bin
CLOSEPACKING,2310,2308.5,2309.5,,,0.0,0.0,empty_bin
CLOSEPACKING,2311,2309.5,2310.5,,,0.0,0.0,empty_bin
CLOSEPACKING,2312,2310.5,2311.5,,,0.0,0.0,empty_bin
CLOSEPACKING,2313,2311.5,2312.5,,,0.0,0.0,empty_bin
CLOSEPACKING,2314,2312.5,2313.5,,,0.0,0.0,empty_bin
CLOSEPACKING,2315,2313.5,2314.5,,,0.0,0.0,empty_bin
CLOSEPACKING,2316,2314.5,2315.5,,,0.0,0.0,empty_bin
CLOSEPACKING,2317,2315.5,2316.5,,,0.0,0.0,empty_bin
CLOSEPACKING,2318,2316.5,2317.5,,,0.0,0.0,empty_bin
CLOSEPACKING,2319,2317.5,2318.5,,,0.0,0.0,empty_bin
CLOSEPACKING,2320,2318.5,2319.5,,,0.0,0.0,empty_bin
CLOSEPACKING,2321,2319.5,2320.5,,,0.0,0.0,empty_bin
CLOSEPACKING,2322,2320.5,2321.5,,,0.0,0.0,empty_bin
CLOSEPACKING,2323,2321.5,2322.5,,,0.0,0.0,empty_bin
CLOSEPACKING,2324,2322.5,2323.5,,,0.0,0.0,empty_bin
CLOSEPACKING,2325,2323.5,2324.5,,,0.0,0.0,empty_bin
CLOSEPACKING,2326,2324.5,2325.5,,,0.0,0.0,empty_bin
CLOSEPACKING,2327,2325.5,2326.5,,,0.0,0.0,empty_bin
CLOSEPACKING,2328,2326.5,2327.5,,,0.0,0.0,empty_bin
CLOSEPACKING,2329,2327.5,2328.5,,,0.0,0.0,empty_bin
CLOSEPACKING,2330,2328.5,2329.5,,,0.0,0.0,empty_bin
CLOSEPACKING,2331,2329.5,2330.5,,,0.0,0.0,empty_bin
CLOSEPACKING,2332,2330.5,2331.5,,,0.0,0.0,empty_bin
CLOSEPACKING,2333,2331.5,2332.5,,,0.0,0.0,empty_bin
CLOSEPACKING,2334,2332.5,2333.5,,,0.0,0.0,empty_bin
CLOSEPACKING,2335,2333.5,2334.5,,,0.0,0.0,empty_bin
CLOSEPACKING,2336,2334.5,2335.5,,,0.0,0.0,empty_bin
CLOSEPACKING,2337,2335.5,2336.5,,,0.0,0.0,empty_bin
CLOSEPACKING,2338,2336.5,2337.5,,,0.0,0.0,empty_bin
CLOSEPACKING,2339,2337.5,2338.5,,,0.0,0.0,empty_bin
CLOSEPACKING,2340,2338.5,2339.5,,,0.0,0.0,empty_bin
CLOSEPACKING,2341,2339.5,2340.5,,,0.0,0.0,empty_bin
CLOSEPACKING,2342,2340.5,2341.5,,,0.0,0.0,empty_bin
CLOSEPACKING,2343,2341.5,2342.5,,,0.0,0.0,empty_bin
CLOSEPACKING,2344,2342.5,2343.5,,,0.0,0.0,empty_bin
CLOSEPACKING,2345,2343.5,2344.5,,,0.0,0.0,empty_bin
CLOSEPACKING,2346,2344.5,2345.5,,,0.0,0.0,empty_bin
CLOSEPACKING,2347,2345.5,2346.5,,,0.0,0.0,empty_bin
CLOSEPACKING,2348,2346.5,2347.5,,,0.0,0.0,empty_bin
CLOSEPACKING,2349,2347.5,2348.5,,,0.0,0.0,empty_bin
CLOSEPACKING,2350,2348.5,2349.5,,,0.0,0.0,empty_bin
CLOSEPACKING,2351,2349.5,2350.5,,,0.0,0.0,empty_bin
CLOSEPACKING,2352,2350.5,2351.5,,,0.0,0.0,empty_bin
CLOSEPACKING,2353,2351.5,2352.5,,,0.0,0.0,empty_bin
CLOSEPACKING,2354,2352.5,2353.5,,,0.0,0.0,empty_bin
CLOSEPACKING,2355,2353.5,2354.5,,,0.0,0.0,empty_bin
CLOSEPACKING,2356,2354.5,2355.5,,,0.0,0.0,empty_bin
CLOSEPACKING,2357,2355.5,2356.5,,,0.0,0.0,empty_bin
CLOSEPACKING,2358,2356.5,2357.5,,,0.0,0.0,empty_bin
CLOSEPACKING,2359,2357.5,2358.5,,,0.0,0.0,empty_bin
CLOSEPACKING,2360,2358.5,2359.5,,,0.0,0.0,empty_bin
CLOSEPACKING,2361,2359.5,2360.5,,,0.0,0.0,empty_bin
CLOSEPACKING,2362,2360.5,2361.5,,,0.0,0.0,empty_bin
CLOSEPACKING,2363,2361.5,2362.5,,,0.0,0.0,empty_bin
CLOSEPACKING,2364,2362.5,2363.5,,,0.0,0.0,empty_bin
CLOSEPACKING,2365,2363.5,2364.5,,,0.0,0.0,empty_bin
CLOSEPACKING,2366,2364.5,2365.5,,,0.0,0.0,empty_bin
CLOSEPACKING,2367,2365.5,2366.5,,,0.0,0.0,empty_bin
CLOSEPACKING,2368,2366.5,2367.5,,,0.0,0.0,empty_bin
CLOSEPACKING,2369,2367.5,2368.5,,,0.0,0.0,empty_bin
CLOSEPACKING,2370,2368.5,2369.5,,,0.0,0.0,empty_bin
CLOSEPACKING,2371,2369.5,2370.5,,,0.0,0.0,empty_bin
CLOSEPACKING,2372,2370.5,2371.5,,,0.0,0.0,empty_bin
CLOSEPACKING,2373,2371.5,2372.5,,,0.0,0.0,empty_bin
CLOSEPACKING,2374,2372.5,2373.5,,,0.0,0.0,empty_bin
CLOSEPACKING,2375,2373.5,2374.5,,,0.0,0.0,empty_bin
CLOSEPACKING,2376,2374.5,2375.5,,,0.0,0.0,empty_bin
CLOSEPACKING,2377,2375.5,2376.5,,,0.0,0.0,empty_bin
CLOSEPACKING,2378,2376.5,2377.5,,,0.0,0.0,empty_bin
CLOSEPACKING,2379,2377.5,2378.5,,,0.0,0.0,empty_bin
CLOSEPACKING,2380,2378.5,2379.5,,,0.0,0.0,empty_bin
CLOSEPACKING,2381,2379.5,2380.5,,,0.0,0.0,empty_bin
CLOSEPACKING,2382,2380.5,2381.5,,,0.0,0.0,empty_bin
CLOSEPACKING,2383,2381.5,2382.5,,,0.0,0.0,empty_bin
CLOSEPACKING,2384,2382.5,2383.5,,,0.0,0.0,empty_bin
CLOSEPACKING,2385,2383.5,2384.5,,,0.0,0.0,empty_bin
CLOSEPACKING,2386,2384.5,2385.5,,,0.0,0.0,empty_bin
CLOSEPACKING,2387,2385.5,2386.5,,,0.0,0.0,empty_bin
CLOSEPACKING,2388,2386.5,2387.5,,,0.0,0.0,empty_bin
CLOSEPACKING,2389,2387.5,2388.5,,,0.0,0.0,empty_bin
CLOSEPACKING,2390,2388.5,2389.5,,,0.0,0.0,empty_bin
CLOSEPACKING,2391,2389.5,2390.5,,,0.0,0.0,empty_bin
CLOSEPACKING,2392,2390.5,2391.5,,,0.0,0.0,empty_bin
CLOSEPACKING,2393,2391.5,2392.5,,,0.0,0.0,empty_bin
CLOSEPACKING,2394,2392.5,2393.5,,,0.0,0.0,empty_bin
CLOSEPACKING,2395,2393.5,2394.5,,,0.0,0.0,empty_bin
CLOSEPACKING,2396,2394.5,2395.5,,,0.0,0.0,empty_bin
CLOSEPACKING,2397,2395.5,2396.5,,,0.0,0.0,empty_bin
CLOSEPACKING,2398,2396.5,2397.5,,,0.0,0.0,empty_bin
CLOSEPACKING,2399,2397.5,2398.5,,,0.0,0.0,empty_bin
CLOSEPACKING,2400,2398.5,2399.5,,,0.0,0.0,empty_bin
CLOSEPACKING,2401,2399.5,2400.5,,,0.0,0.0,empty_bin
CLOSEPACKING,2402,2400.5,2401.5,,,0.0,0.0,empty_bin
CLOSEPACKING,2403,2401.5,2402.5,,,0.0,0.0,empty_bin
CLOSEPACKING,2404,2402.5,2403.5,,,0.0,0.0,empty_bin
CLOSEPACKING,2405,2403.5,2404.5,,,0.0,0.0,empty_bin
CLOSEPACKING,2406,2404.5,2405.5,,,0.0,0.0,empty_bin
CLOSEPACKING,2407,2405.5,2406.5,,,0.0,0.0,empty_bin
CLOSEPACKING,2408,2406.5,2407.5,,,0.0,0.0,empty_bin
CLOSEPACKING,2409,2407.5,2408.5,,,0.0,0.0,empty_bin
CLOSEPACKING,2410,2408.5,2409.5,,,0.0,0.0,empty_bin
CLOSEPACKING,2411,2409.5,2410.5,,,0.0,0.0,empty_bin
CLOSEPACKING,2412,2410.5,2411.5,,,0.0,0.0,empty_bin
CLOSEPACKING,2413,2411.5,2412.5,,,0.0,0.0,empty_bin
CLOSEPACKING,2414,2412.5,2413.5,,,0.0,0.0,empty_bin
CLOSEPACKING,2415,2413.5,2414.5,,,0.0,0.0,empty_bin
CLOSEPACKING,2416,2414.5,2415.5,,,0.0,0.0,empty_bin
CLOSEPACKING,2417,2415.5,2416.5,,,0.0,0.0,empty_bin
CLOSEPACKING,2418,2416.5,2417.5,,,0.0,0.0,empty_bin
CLOSEPACKING,2419,2417.5,2418.5,,,0.0,0.0,empty_bin
CLOSEPACKING,2420,2418.5,2419.5,,,0.0,0.0,empty_bin
CLOSEPACKING,2421,2419.5,2420.5,,,0.0,0.0,empty_bin
CLOSEPACKING,2422,2420.5,2421.5,,,0.0,0.0,empty_bin
CLOSEPACKING,2423,2421.5,2422.5,,,0.0,0.0,empty_bin
CLOSEPACKING,2424,2422.5,2423.5,,,0.0,0.0,empty_bin
CLOSEPACKING,2425,2423.5,2424.5,,,0.0,0.0,empty_bin
CLOSEPACKING,2426,2424.5,2425.5,,,0.0,0.0,empty_bin
CLOSEPACKING,2427,2425.5,2426.5,,,0.0,0.0,empty_bin
CLOSEPACKING,2428,2426.5,2427.5,,,0.0,0.0,empty_bin
CLOSEPACKING,2429,2427.5,2428.5,,,0.0,0.0,empty_bin
CLOSEPACKING,2430,2428.5,2429.5,,,0.0,0.0,empty_bin
CLOSEPACKING,2431,2429.5,2430.5,,,0.0,0.0,empty_bin
CLOSEPACKING,2432,2430.5,2431.5,,,0.0,0.0,empty_bin
CLOSEPACKING,2433,2431.5,2432.5,,,0.0,0.0,empty_bin
CLOSEPACKING,2434,2432.5,2433.5,,,0.0,0.0,empty_bin
CLOSEPACKING,2435,2433.5,2434.5,,,0.0,0.0,empty_bin
CLOSEPACKING,2436,2434.5,2435.5,,,0.0,0.0,empty_bin
CLOSEPACKING,2437,2435.5,2436.5,,,0.0,0.0,empty_bin
CLOSEPACKING,2438,2436.5,2437.5,,,0.0,0.0,empty_bin
CLOSEPACKING,2439,2437.5,2438.5,,,0.0,0.0,empty_bin
CLOSEPACKING,2440,2438.5,2439.5,,,0.0,0.0,empty_bin
CLOSEPACKING,2441,2439.5,2440.5,,,0.0,0.0,empty_bin
CLOSEPACKING,2442,2440.5,2441.5,,,0.0,0.0,empty_bin
CLOSEPACKING,2443,2441.5,2442.5,,,0.0,0.0,empty_bin
CLOSEPACKING,2444,2442.5,2443.5,,,0.0,0.0,empty_bin
CLOSEPACKING,2445,2443.5,2444.5,,,0.0,0.0,empty_bin
CLOSEPACKING,2446,2444.5,2445.5,,,0.0,0.0,empty_bin
CLOSEPACKING,2447,2445.5,2446.5,,,0.0,0.0,empty_bin
CLOSEPACKING,2448,2446.5,2447.5,,,0.0,0.0,empty_bin
CLOSEPACKING,2449,2447.5,2448.5,,,0.0,0.0,empty_bin
CLOSEPACKING,2450,2448.5,2449.5,,,0.0,0.0,empty_bin
CLOSEPACKING,2451,2449.5,2450.5,,,0.0,0.0,empty_bin
CLOSEPACKING,2452,2450.5,2451.5,,,0.0,0.0,empty_bin
CLOSEPACKING,2453,2451.5,2452.5,,,0.0,0.0,empty_bin
CLOSEPACKING,2454,2452.5,2453.5,,,0.0,0.0,empty_bin
CLOSEPACKING,2455,2453.5,2454.5,,,0.0,0.0,empty_bin
CLOSEPACKING,2456,2454.5,2455.5,,,0.0,0.0,empty_bin
CLOSEPACKING,2457,2455.5,2456.5,,,0.0,0.0,empty_bin
CLOSEPACKING,2458,2456.5,2457.5,,,0.0,0.0,empty_bin
CLOSEPACKING,2459,2457.5,2458.5,,,0.0,0.0,empty_bin
CLOSEPACKING,2460,2458.5,2459.5,,,0.0,0.0,empty_bin
CLOSEPACKING,2461,2459.5,2460.5,,,0.0,0.0,empty_bin
CLOSEPACKING,2462,2460.5,2461.5,,,0.0,0.0,empty_bin
CLOSEPACKING,2463,2461.5,2462.5,,,0.0,0.0,empty_bin
CLOSEPACKING,2464,2462.5,2463.5,,,0.0,0.0,empty_bin
CLOSEPACKING,2465,2463.5,2464.5,,,0.0,0.0,empty_bin
CLOSEPACKING,2466,2464.5,2465.5,,,0.0,0.0,empty_bin
CLOSEPACKING,2467,2465.5,2466.5,,,0.0,0.0,empty_bin
CLOSEPACKING,2468,2466.5,2467.5,,,0.0,0.0,empty_bin
CLOSEPACKING,2469,2467.5,2468.5,,,0.0,0.0,empty_bin
CLOSEPACKING,2470,2468.5,2469.5,,,0.0,0.0,empty_bin
CLOSEPACKING,2471,2469.5,2470.5,,,0.0,0.0,empty_bin
CLOSEPACKING,2472,2470.5,2471.5,,,0.0,0.0,empty_bin
CLOSEPACKING,2473,2471.5,2472.5,,,0.0,0.0,empty_bin
CLOSEPACKING,2474,2472.5,2473.5,,,0.0,0.0,empty_bin
CLOSEPACKING,2475,2473.5,2474.5,,,0.0,0.0,empty_bin
CLOSEPACKING,2476,2474.5,2475.5,,,0.0,0.0,empty_bin
CLOSEPACKING,2477,2475.5,2476.5,,,0.0,0.0,empty_bin
CLOSEPACKING,2478,2476.5,2477.5,,,0.0,0.0,empty_bin
CLOSEPACKING,2479,2477.5,2478.5,,,0.0,0.0,empty_bin
CLOSEPACKING,2480,2478.5,2479.5,,,0.0,0.0,empty_bin
CLOSEPACKING,2481,2479.5,2480.5,,,0.0,0.0,empty_bin
CLOSEPACKING,2482,2480.5,2481.5,,,0.0,0.0,empty_bin
CLOSEPACKING,2483,2481.5,2482.5,,,0.0,0.0,empty_bin
CLOSEPACKING,2484,2482.5,2483.5,,,0.0,0.0,empty_bin
CLOSEPACKING,2485,2483.5,2484.5,,,0.0,0.0,empty_bin
CLOSEPACKING,2486,2484.5,2485.5,,,0.0,0.0,empty_bin
CLOSEPACKING,2487,2485.5,2486.5,,,0.0,0.0,empty_bin
CLOSEPACKING,2488,2486.5,2487.5,,,0.0,0.0,empty_bin
CLOSEPACKING,2489,2487.5,2488.5,,,0.0,0.0,empty_bin
CLOSEPACKING,2490,2488.5,2489.5,,,0.0,0.0,empty_bin
CLOSEPACKING,2491,2489.5,2490.5,,,0.0,0.0,empty_bin
CLOSEPACKING,2492,2490.5,2491.5,,,0.0,0.0,empty_bin
CLOSEPACKING,2493,2491.5,2492.5,,,0.0,0.0,empty_bin
CLOSEPACKING,2494,2492.5,2493.5,,,0.0,0.0,empty_bin
CLOSEPACKING,2495,2493.5,2494.5,,,0.0,0.0,empty_bin
CLOSEPACKING,2496,2494.5,2495.5,,,0.0,0.0,empty_bin
CLOSEPACKING,2497,2495.5,2496.5,,,0.0,0.0,empty_bin
CLOSEPACKING,2498,2496.5,2497.5,,,0.0,0.0,empty_bin
CLOSEPACKING,2499,2497.5,2498.5,,,0.0,0.0,empty_bin
CLOSEPACKING,2500,2498.5,2499.5,,,0.0,0.0,empty_bin
CLOSEPACKING,2501,2499.5,2500.5,,,0.0,0.0,empty_bin
CLOSEPACKING,2502,2500.5,2501.5,,,0.0,0.0,empty_bin
CLOSEPACKING,2503,2501.5,2502.5,,,0.0,0.0,empty_bin
CLOSEPACKING,2504,2502.5,2503.5,,,0.0,0.0,empty_bin
CLOSEPACKING,2505,2503.5,2504.5,,,0.0,0.0,empty_bin
CLOSEPACKING,2506,2504.5,2505.5,,,0.0,0.0,empty_bin
CLOSEPACKING,2507,2505.5,2506.5,,,0.0,0.0,empty_bin
CLOSEPACKING,2508,2506.5,2507.5,,,0.0,0.0,empty_bin
CLOSEPACKING,2509,2507.5,2508.5,,,0.0,0.0,empty_bin
CLOSEPACKING,2510,2508.5,2509.5,,,0.0,0.0,empty_bin
CLOSEPACKING,2511,2509.5,2510.5,,,0.0,0.0,empty_bin
CLOSEPACKING,2512,2510.5,2511.5,,,0.0,0.0,empty_bin
CLOSEPACKING,2513,2511.5,2512.5,,,0.0,0.0,empty_bin
CLOSEPACKING,2514,2512.5,2513.5,,,0.0,0.0,empty_bin
CLOSEPACKING,2515,2513.5,2514.5,,,0.0,0.0,empty_bin
CLOSEPACKING,2516,2514.5,2515.5,,,0.0,0.0,empty_bin
CLOSEPACKING,2517,2515.5,2516.5,,,0.0,0.0,empty_bin
CLOSEPACKING,2518,2516.5,2517.5,,,0.0,0.0,empty_bin
CLOSEPACKING,2519,2517.5,2518.5,,,0.0,0.0,empty_bin
CLOSEPACKING,2520,2518.5,2519.5,,,0.0,0.0,empty_bin
CLOSEPACKING,2521,2519.5,2520.5,,,0.0,0.0,empty_bin
CLOSEPACKING,2522,2520.5,2521.5,,,0.0,0.0,empty_bin
CLOSEPACKING,2523,2521.5,2522.5,,,0.0,0.0,empty_bin
CLOSEPACKING,2524,2522.5,2523.5,,,0.0,0.0,empty_bin
CLOSEPACKING,2525,2523.5,2524.5,,,0.0,0.0,empty_bin
CLOSEPACKING,2526,2524.5,2525.5,,,0.0,0.0,empty_bin
CLOSEPACKING,2527,2525.5,2526.5,,,0.0,0.0,empty_bin
CLOSEPACKING,2528,2526.5,2527.5,,,0.0,0.0,empty_bin
CLOSEPACKING,2529,2527.5,2528.5,,,0.0,0.0,empty_bin
CLOSEPACKING,2530,2528.5,2529.5,,,0.0,0.0,empty_bin
CLOSEPACKING,2531,2529.5,2530.5,,,0.0,0.0,empty_bin
CLOSEPACKING,2532,2530.5,2531.5,,,0.0,0.0,empty_bin
CLOSEPACKING,2533,2531.5,2532.5,,,0.0,0.0,empty_bin
CLOSEPACKING,2534,2532.5,2533.5,,,0.0,0.0,empty_bin
CLOSEPACKING,2535,2533.5,2534.5,,,0.0,0.0,empty_bin
CLOSEPACKING,2536,2534.5,2535.5,,,0.0,0.0,empty_bin
CLOSEPACKING,2537,2535.5,2536.5,,,0.0,0.0,empty_bin
CLOSEPACKING,2538,2536.5,2537.5,,,0.0,0.0,empty_bin
CLOSEPACKING,2539,2537.5,2538.5,,,0.0,0.0,empty_bin
CLOSEPACKING,2540,2538.5,2539.5,,,0.0,0.0,empty_bin
CLOSEPACKING,2541,2539.5,2540.5,,,0.0,0.0,empty_bin
CLOSEPACKING,2542,2540.5,2541.5,,,0.0,0.0,empty_bin
CLOSEPACKING,2543,2541.5,2542.5,,,0.0,0.0,empty_bin
CLOSEPACKING,2544,2542.5,2543.5,,,0.0,0.0,empty_bin
CLOSEPACKING,2545,2543.5,2544.5,,,0.0,0.0,empty_bin
CLOSEPACKING,2546,2544.5,2545.5,,,0.0,0.0,empty_bin
CLOSEPACKING,2547,2545.5,2546.5,,,0.0,0.0,empty_bin
CLOSEPACKING,2548,2546.5,2547.5,,,0.0,0.0,empty_bin
CLOSEPACKING,2549,2547.5,2548.5,,,0.0,0.0,empty_bin
CLOSEPACKING,2550,2548.5,2549.5,,,0.0,0.0,empty_bin
CLOSEPACKING,2551,2549.5,2550.5,,,0.0,0.0,empty_bin
CLOSEPACKING,2552,2550.5,2551.5,,,0.0,0.0,empty_bin
CLOSEPACKING,2553,2551.5,2552.5,,,0.0,0.0,empty_bin
CLOSEPACKING,2554,2552.5,2553.5,,,0.0,0.0,empty_bin
CLOSEPACKING,2555,2553.5,2554.5,,,0.0,0.0,empty_bin
CLOSEPACKING,2556,2554.5,2555.5,,,0.0,0.0,empty_bin
CLOSEPACKING,2557,2555.5,2556.5,,,0.0,0.0,empty_bin
CLOSEPACKING,2558,2556.5,2557.5,,,0.0,0.0,empty_bin
CLOSEPACKING,2559,2557.5,2558.5,,,0.0,0.0,empty_bin
CLOSEPACKING,2560,2558.5,2559.5,,,0.0,0.0,empty_bin
CLOSEPACKING,2561,2559.5,2560.5,,,0.0,0.0,empty_bin
CLOSEPACKING,2562,2560.5,2561.5,,,0.0,0.0,empty_bin
CLOSEPACKING,2563,2561.5,2562.5,,,0.0,0.0,empty_bin
CLOSEPACKING,2564,2562.5,2563.5,,,0.0,0.0,empty_bin
CLOSEPACKING,2565,2563.5,2564.5,,,0.0,0.0,empty_bin
CLOSEPACKING,2566,2564.5,2565.5,,,0.0,0.0,empty_bin
CLOSEPACKING,2567,2565.5,2566.5,,,0.0,0.0,empty_bin
CLOSEPACKING,2568,2566.5,2567.5,,,0.0,0.0,empty_bin
CLOSEPACKING,2569,2567.5,2568.5,,,0.0,0.0,empty_bin
CLOSEPACKING,2570,2568.5,2569.5,,,0.0,0.0,empty_bin
CLOSEPACKING,2571,2569.5,2570.5,,,0.0,0.0,empty_bin
CLOSEPACKING,2572,2570.5,2571.5,,,0.0,0.0,empty_bin
CLOSEPACKING,2573,2571.5,2572.5,,,0.0,0.0,empty_bin
CLOSEPACKING,2574,2572.5,2573.5,,,0.0,0.0,empty_bin
CLOSEPACKING,2575,2573.5,2574.5,,,0.0,0.0,empty_bin
CLOSEPACKING,2576,2574.5,2575.5,,,0.0,0.0,empty_bin
CLOSEPACKING,2577,2575.5,2576.5,,,0.0,0.0,empty_bin
CLOSEPACKING,2578,2576.5,2577.5,,,0.0,0.0,empty_bin
CLOSEPACKING,2579,2577.5,2578.5,,,0.0,0.0,empty_bin
CLOSEPACKING,2580,2578.5,2579.5,,,0.0,0.0,empty_bin
CLOSEPACKING,2581,2579.5,2580.5,,,0.0,0.0,empty_bin
CLOSEPACKING,2582,2580.5,2581.5,,,0.0,0.0,empty_bin
CLOSEPACKING,2583,2581.5,2582.5,,,0.0,0.0,empty_bin
CLOSEPACKING,2584,2582.5,2583.5,,,0.0,0.0,empty_bin
CLOSEPACKING,2585,2583.5,2584.5,,,0.0,0.0,empty_bin
CLOSEPACKING,2586,2584.5,2585.5,,,0.0,0.0,empty_bin
CLOSEPACKING,2587,2585.5,2586.5,,,0.0,0.0,empty_bin
CLOSEPACKING,2588,2586.5,2587.5,,,0.0,0.0,empty_bin
CLOSEPACKING,2589,2587.5,2588.5,,,0.0,0.0,empty_bin
CLOSEPACKING,2590,2588.5,2589.5,,,0.0,0.0,empty_bin
CLOSEPACKING,2591,2589.5,2590.5,,,0.0,0.0,empty_bin
CLOSEPACKING,2592,2590.5,2591.5,,,0.0,0.0,empty_bin
CLOSEPACKING,2593,2591.5,2592.5,,,0.0,0.0,empty_bin
CLOSEPACKING,2594,2592.5,2593.5,,,0.0,0.0,empty_bin
CLOSEPACKING,2595,2593.5,2594.5,,,0.0,0.0,empty_bin
CLOSEPACKING,2596,2594.5,2595.5,,,0.0,0.0,empty_bin
CLOSEPACKING,2597,2595.5,2596.5,,,0.0,0.0,empty_bin
CLOSEPACKING,2598,2596.5,2597.5,,,0.0,0.0,empty_bin
CLOSEPACKING,2599,2597.5,2598.5,,,0.0,0.0,empty_bin
CLOSEPACKING,2600,2598.5,2599.5,,,0.0,0.0,empty_bin
CLOSEPACKING,2601,2599.5,2600.5,,,0.0,0.0,empty_bin
CLOSEPACKING,2602,2600.5,2601.5,,,0.0,0.0,empty_bin
CLOSEPACKING,2603,2601.5,2602.5,,,0.0,0.0,empty_bin
CLOSEPACKING,2604,2602.5,2603.5,,,0.0,0.0,empty_bin
CLOSEPACKING,2605,2603.5,2604.5,,,0.0,0.0,empty_bin
CLOSEPACKING,2606,2604.5,2605.5,,,0.0,0.0,empty_bin
CLOSEPACKING,2607,2605.5,2606.5,,,0.0,0.0,empty_bin
CLOSEPACKING,2608,2606.5,2607.5,,,0.0,0.0,empty_bin
CLOSEPACKING,2609,2607.5,2608.5,,,0.0,0.0,empty_bin
CLOSEPACKING,2610,2608.5,2609.5,,,0.0,0.0,empty_bin
CLOSEPACKING,2611,2609.5,2610.5,,,0.0,0.0,empty_bin
CLOSEPACKING,2612,2610.5,2611.5,,,0.0,0.0,empty_bin
CLOSEPACKING,2613,2611.5,2612.5,,,0.0,0.0,empty_bin
CLOSEPACKING,2614,2612.5,2613.5,,,0.0,0.0,empty_bin
CLOSEPACKING,2615,2613.5,2614.5,,,0.0,0.0,empty_bin
CLOSEPACKING,2616,2614.5,2615.5,,,0.0,0.0,empty_bin
CLOSEPACKING,2617,2615.5,2616.5,,,0.0,0.0,empty_bin
CLOSEPACKING,2618,2616.5,2617.5,,,0.0,0.0,empty_bin
CLOSEPACKING,2619,2617.5,2618.5,,,0.0,0.0,empty_bin
CLOSEPACKING,2620,2618.5,2619.5,,,0.0,0.0,empty_bin
CLOSEPACKING,2621,2619.5,2620.5,,,0.0,0.0,empty_bin
CLOSEPACKING,2622,2620.5,2621.5,,,0.0,0.0,empty_bin
CLOSEPACKING,2623,2621.5,2622.5,,,0.0,0.0,empty_bin
CLOSEPACKING,2624,2622.5,2623.5,,,0.0,0.0,empty_bin
CLOSEPACKING,2625,2623.5,2624.5,,,0.0,0.0,empty_bin
CLOSEPACKING,2626,2624.5,2625.5,,,0.0,0.0,empty_bin
CLOSEPACKING,2627,2625.5,2626.5,,,0.0,0.0,empty_bin
CLOSEPACKING,2628,2626.5,2627.5,,,0.0,0.0,empty_bin
CLOSEPACKING,2629,2627.5,2628.5,,,0.0,0.0,empty_bin
CLOSEPACKING,2630,2628.5,2629.5,,,0.0,0.0,empty_bin
CLOSEPACKING,2631,2629.5,2630.5,,,0.0,0.0,empty_bin
CLOSEPACKING,2632,2630.5,2631.5,,,0.0,0.0,empty_bin
CLOSEPACKING,2633,2631.5,2632.5,,,0.0,0.0,empty_bin
CLOSEPACKING,2634,2632.5,2633.5,,,0.0,0.0,empty_bin
CLOSEPACKING,2635,2633.5,2634.5,,,0.0,0.0,empty_bin
CLOSEPACKING,2636,2634.5,2635.5,,,0.0,0.0,empty_bin
CLOSEPACKING,2637,2635.5,2636.5,,,0.0,0.0,empty_bin
CLOSEPACKING,2638,2636.5,2637.5,,,0.0,0.0,empty_bin
CLOSEPACKING,2639,2637.5,2638.5,,,0.0,0.0,empty_bin
CLOSEPACKING,2640,2638.5,2639.5,,,0.0,0.0,empty_bin
CLOSEPACKING,2641,2639.5,2640.5,,,0.0,0.0,empty_bin
CLOSEPACKING,2642,2640.5,2641.5,,,0.0,0.0,empty_bin
CLOSEPACKING,2643,2641.5,2642.5,,,0.0,0.0,empty_bin
CLOSEPACKING,2644,2642.5,2643.5,,,0.0,0.0,empty_bin
CLOSEPACKING,2645,2643.5,2644.5,,,0.0,0.0,empty_bin
CLOSEPACKING,2646,2644.5,2645.5,,,0.0,0.0,empty_bin
CLOSEPACKING,2647,2645.5,2646.5,,,0.0,0.0,empty_bin
CLOSEPACKING,2648,2646.5,2647.5,,,0.0,0.0,empty_bin
CLOSEPACKING,2649,2647.5,2648.5,,,0.0,0.0,empty_bin
CLOSEPACKING,2650,2648.5,2649.5,,,0.0,0.0,empty_bin
CLOSEPACKING,2651,2649.5,2650.5,,,0.0,0.0,empty_bin
CLOSEPACKING,2652,2650.5,2651.5,,,0.0,0.0,empty_bin
CLOSEPACKING,2653,2651.5,2652.5,,,0.0,0.0,empty_bin
CLOSEPACKING,2654,2652.5,2653.5,,,0.0,0.0,empty_bin
CLOSEPACKING,2655,2653.5,2654.5,,,0.0,0.0,empty_bin
CLOSEPACKING,2656,2654.5,2655.5,,,0.0,0.0,empty_bin
CLOSEPACKING,2657,2655.5,2656.5,,,0.0,0.0,empty_bin
CLOSEPACKING,2658,2656.5,2657.5,,,0.0,0.0,empty_bin
CLOSEPACKING,2659,2657.5,2658.5,,,0.0,0.0,empty_bin
CLOSEPACKING,2660,2658.5,2659.5,,,0.0,0.0,empty_bin
CLOSEPACKING,2661,2659.5,2660.5,,,0.0,0.0,empty_bin
CLOSEPACKING,2662,2660.5,2661.5,,,0.0,0.0,empty_bin
CLOSEPACKING,2663,2661.5,2662.5,,,0.0,0.0,empty_bin
CLOSEPACKING,2664,2662.5,2663.5,,,0.0,0.0,empty_bin
CLOSEPACKING,2665,2663.5,2664.5,,,0.0,0.0,empty_bin
CLOSEPACKING,2666,2664.5,2665.5,,,0.0,0.0,empty_bin
CLOSEPACKING,2667,2665.5,2666.5,,,0.0,0.0,empty_bin
CLOSEPACKING,2668,2666.5,2667.5,,,0.0,0.0,empty_bin
CLOSEPACKING,2669,2667.5,2668.5,,,0.0,0.0,empty_bin
CLOSEPACKING,2670,2668.5,2669.5,,,0.0,0.0,empty_bin
CLOSEPACKING,2671,2669.5,2670.5,,,0.0,0.0,empty_bin
CLOSEPACKING,2672,2670.5,2671.5,,,0.0,0.0,empty_bin
CLOSEPACKING,2673,2671.5,2672.5,,,0.0,0.0,empty_bin
CLOSEPACKING,2674,2672.5,2673.5,,,0.0,0.0,empty_bin
CLOSEPACKING,2675,2673.5,2674.5,,,0.0,0.0,empty_bin
CLOSEPACKING,2676,2674.5,2675.5,,,0.0,0.0,empty_bin
CLOSEPACKING,2677,2675.5,2676.5,,,0.0,0.0,empty_bin
CLOSEPACKING,2678,2676.5,2677.5,,,0.0,0.0,empty_bin
CLOSEPACKING,2679,2677.5,2678.5,,,0.0,0.0,empty_bin
CLOSEPACKING,2680,2678.5,2679.5,,,0.0,0.0,empty_bin
CLOSEPACKING,2681,2679.5,2680.5,,,0.0,0.0,empty_bin
CLOSEPACKING,2682,2680.5,2681.5,,,0.0,0.0,empty_bin
CLOSEPACKING,2683,2681.5,2682.5,,,0.0,0.0,empty_bin
CLOSEPACKING,2684,2682.5,2683.5,,,0.0,0.0,empty_bin
CLOSEPACKING,2685,2683.5,2684.5,,,0.0,0.0,empty_bin
CLOSEPACKING,2686,2684.5,2685.5,,,0.0,0.0,empty_bin
CLOSEPACKING,2687,2685.5,2686.5,,,0.0,0.0,empty_bin
CLOSEPACKING,2688,2686.5,2687.5,,,0.0,0.0,empty_bin
CLOSEPACKING,2689,2687.5,2688.5,,,0.0,0.0,empty_bin
CLOSEPACKING,2690,2688.5,2689.5,,,0.0,0.0,empty_bin
CLOSEPACKING,2691,2689.5,2690.5,,,0.0,0.0,empty_bin
CLOSEPACKING,2692,2690.5,2691.5,,,0.0,0.0,empty_bin
CLOSEPACKING,2693,2691.5,2692.5,,,0.0,0.0,empty_bin
CLOSEPACKING,2694,2692.5,2693.5,,,0.0,0.0,empty_bin
CLOSEPACKING,2695,2693.5,2694.5,,,0.0,0.0,empty_bin
CLOSEPACKING,2696,2694.5,2695.5,,,0.0,0.0,empty_bin
CLOSEPACKING,2697,2695.5,2696.5,,,0.0,0.0,empty_bin
CLOSEPACKING,2698,2696.5,2697.5,,,0.0,0.0,empty_bin
CLOSEPACKING,2699,2697.5,2698.5,,,0.0,0.0,empty_bin
CLOSEPACKING,2700,2698.5,2699.5,,,0.0,0.0,empty_bin
CLOSEPACKING,2701,2699.5,2700.5,,,0.0,0.0,empty_bin
CLOSEPACKING,2702,2700.5,2701.5,,,0.0,0.0,empty_bin
CLOSEPACKING,2703,2701.5,2702.5,,,0.0,0.0,empty_bin
CLOSEPACKING,2704,2702.5,2703.5,,,0.0,0.0,empty_bin
CLOSEPACKING,2705,2703.5,2704.5,,,0.0,0.0,empty_bin
CLOSEPACKING,2706,2704.5,2705.5,,,0.0,0.0,empty_bin
CLOSEPACKING,2707,2705.5,2706.5,,,0.0,0.0,empty_bin
CLOSEPACKING,2708,2706.5,2707.5,,,0.0,0.0,empty_bin
CLOSEPACKING,2709,2707.5,2708.5,,,0.0,0.0,empty_bin
CLOSEPACKING,2710,2708.5,2709.5,,,0.0,0.0,empty_bin
CLOSEPACKING,2711,2709.5,2710.5,,,0.0,0.0,empty_bin
CLOSEPACKING,2712,2710.5,2711.5,,,0.0,0.0,empty_bin
CLOSEPACKING,2713,2711.5,2712.5,,,0.0,0.0,empty_bin
CLOSEPACKING,2714,2712.5,2713.5,,,0.0,0.0,empty_bin
CLOSEPACKING,2715,2713.5,2714.5,,,0.0,0.0,empty_bin
CLOSEPACKING,2716,2714.5,2715.5,,,0.0,0.0,empty_bin
CLOSEPACKING,2717,2715.5,2716.5,,,0.0,0.0,empty_bin
CLOSEPACKING,2718,2716.5,2717.5,,,0.0,0.0,empty_bin
CLOSEPACKING,2719,2717.5,2718.5,,,0.0,0.0,empty_bin
CLOSEPACKING,2720,2718.5,2719.5,,,0.0,0.0,empty_bin
CLOSEPACKING,2721,2719.5,2720.5,,,0.0,0.0,empty_bin
CLOSEPACKING,2722,2720.5,2721.5,,,0.0,0.0,empty_bin
CLOSEPACKING,2723,2721.5,2722.5,,,0.0,0.0,empty_bin
CLOSEPACKING,2724,2722.5,2723.5,,,0.0,0.0,empty_bin
CLOSEPACKING,2725,2723.5,2724.5,,,0.0,0.0,empty_bin
CLOSEPACKING,2726,2724.5,2725.5,,,0.0,0.0,empty_bin
CLOSEPACKING,2727,2725.5,2726.5,,,0.0,0.0,empty_bin
CLOSEPACKING,2728,2726.5,2727.5,,,0.0,0.0,empty_bin
CLOSEPACKING,2729,2727.5,2728.5,,,0.0,0.0,empty_bin
CLOSEPACKING,2730,2728.5,2729.5,,,0.0,0.0,empty_bin
CLOSEPACKING,2731,2729.5,2730.5,,,0.0,0.0,empty_bin
CLOSEPACKING,2732,2730.5,2731.5,,,0.0,0.0,empty_bin
CLOSEPACKING,2733,2731.5,2732.5,,,0.0,0.0,empty_bin
CLOSEPACKING,2734,2732.5,2733.5,,,0.0,0.0,empty_bin
CLOSEPACKING,2735,2733.5,2734.5,,,0.0,0.0,empty_bin
CLOSEPACKING,2736,2734.5,2735.5,,,0.0,0.0,empty_bin
CLOSEPACKING,2737,2735.5,2736.5,,,0.0,0.0,empty_bin
CLOSEPACKING,2738,2736.5,2737.5,,,0.0,0.0,empty_bin
CLOSEPACKING,2739,2737.5,2738.5,,,0.0,0.0,empty_bin
CLOSEPACKING,2740,2738.5,2739.5,,,0.0,0.0,empty_bin
CLOSEPACKING,2741,2739.5,2740.5,,,0.0,0.0,empty_bin
CLOSEPACKING,2742,2740.5,2741.5,,,0.0,0.0,empty_bin
CLOSEPACKING,2743,2741.5,2742.5,,,0.0,0.0,empty_bin
CLOSEPACKING,2744,2742.5,2743.5,,,0.0,0.0,empty_bin
CLOSEPACKING,2745,2743.5,2744.5,,,0.0,0.0,empty_bin
CLOSEPACKING,2746,2744.5,2745.5,,,0.0,0.0,empty_bin
CLOSEPACKING,2747,2745.5,2746.5,,,0.0,0.0,empty_bin
CLOSEPACKING,2748,2746.5,2747.5,,,0.0,0.0,empty_bin
CLOSEPACKING,2749,2747.5,2748.5,,,0.0,0.0,empty_bin
CLOSEPACKING,2750,2748.5,2749.5,,,0.0,0.0,empty_bin
CLOSEPACKING,2751,2749.5,2750.5,,,0.0,0.0,empty_bin
CLOSEPACKING,2752,2750.5,2751.5,,,0.0,0.0,empty_bin
CLOSEPACKING,2753,2751.5,2752.5,,,0.0,0.0,empty_bin
CLOSEPACKING,2754,2752.5,2753.5,,,0.0,0.0,empty_bin
CLOSEPACKING,2755,2753.5,2754.5,,,0.0,0.0,empty_bin
CLOSEPACKING,2756,2754.5,2755.5,,,0.0,0.0,empty_bin
CLOSEPACKING,2757,2755.5,2756.5,,,0.0,0.0,empty_bin
CLOSEPACKING,2758,2756.5,2757.5,,,0.0,0.0,empty_bin
CLOSEPACKING,2759,2757.5,2758.5,,,0.0,0.0,empty_bin
CLOSEPACKING,2760,2758.5,2759.5,,,0.0,0.0,empty_bin
CLOSEPACKING,2761,2759.5,2760.5,,,0.0,0.0,empty_bin
CLOSEPACKING,2762,2760.5,2761.5,,,0.0,0.0,empty_bin
CLOSEPACKING,2763,2761.5,2762.5,,,0.0,0.0,empty_bin
CLOSEPACKING,2764,2762.5,2763.5,,,0.0,0.0,empty_bin
CLOSEPACKING,2765,2763.5,2764.5,,,0.0,0.0,empty_bin
CLOSEPACKING,2766,2764.5,2765.5,,,0.0,0.0,empty_bin
CLOSEPACKING,2767,2765.5,2766.5,,,0.0,0.0,empty_bin
CLOSEPACKING,2768,2766.5,2767.5,,,0.0,0.0,empty_bin
CLOSEPACKING,2769,2767.5,2768.5,,,0.0,0.0,empty_bin
CLOSEPACKING,2770,2768.5,2769.5,,,0.0,0.0,empty_bin
CLOSEPACKING,2771,2769.5,2770.5,,,0.0,0.0,empty_bin
CLOSEPACKING,2772,2770.5,2771.5,,,0.0,0.0,empty_bin
CLOSEPACKING,2773,2771.5,2772.5,,,0.0,0.0,empty_bin
CLOSEPACKING,2774,2772.5,2773.5,,,0.0,0.0,empty_bin
CLOSEPACKING,2775,2773.5,2774.5,,,0.0,0.0,empty_bin
CLOSEPACKING,2776,2774.5,2775.5,,,0.0,0.0,empty_bin
CLOSEPACKING,2777,2775.5,2776.5,,,0.0,0.0,empty_bin
CLOSEPACKING,2778,2776.5,2777.5,,,0.0,0.0,empty_bin
CLOSEPACKING,2779,2777.5,2778.5,,,0.0,0.0,empty_bin
CLOSEPACKING,2780,2778.5,2779.5,,,0.0,0.0,empty_bin
CLOSEPACKING,2781,2779.5,2780.5,,,0.0,0.0,empty_bin
CLOSEPACKING,2782,2780.5,2781.5,,,0.0,0.0,empty_bin
CLOSEPACKING,2783,2781.5,2782.5,,,0.0,0.0,empty_bin
CLOSEPACKING,2784,2782.5,2783.5,,,0.0,0.0,empty_bin
CLOSEPACKING,2785,2783.5,2784.5,,,0.0,0.0,empty_bin
CLOSEPACKING,2786,2784.5,2785.5,,,0.0,0.0,empty_bin
CLOSEPACKING,2787,2785.5,2786.5,,,0.0,0.0,empty_bin
CLOSEPACKING,2788,2786.5,2787.5,,,0.0,0.0,empty_bin
CLOSEPACKING,2789,2787.5,2788.5,,,0.0,0.0,empty_bin
CLOSEPACKING,2790,2788.5,2789.5,,,0.0,0.0,empty_bin
CLOSEPACKING,2791,2789.5,2790.5,,,0.0,0.0,empty_bin
CLOSEPACKING,2792,2790.5,2791.5,,,0.0,0.0,empty_bin
CLOSEPACKING,2793,2791.5,2792.5,,,0.0,0.0,empty_bin
CLOSEPACKING,2794,2792.5,2793.5,,,0.0,0.0,empty_bin
CLOSEPACKING,2795,2793.5,2794.5,,,0.0,0.0,empty_bin
CLOSEPACKING,2796,2794.5,2795.5,,,0.0,0.0,empty_bin
CLOSEPACKING,2797,2795.5,2796.5,,,0.0,0.0,empty_bin
CLOSEPACKING,2798,2796.5,2797.5,,,0.0,0.0,empty_bin
CLOSEPACKING,2799,2797.5,2798.5,,,0.0,0.0,empty_bin
CLOSEPACKING,2800,2798.5,2799.5,,,0.0,0.0,empty_bin
CLOSEPACKING,2801,2799.5,2800.5,,,0.0,0.0,empty_bin
CLOSEPACKING,2802,2800.5,2801.5,,,0.0,0.0,empty_bin
CLOSEPACKING,2803,2801.5,2802.5,,,0.0,0.0,empty_bin
CLOSEPACKING,2804,2802.5,2803.5,,,0.0,0.0,empty_bin
CLOSEPACKING,2805,2803.5,2804.5,,,0.0,0.0,empty_bin
CLOSEPACKING,2806,2804.5,2805.5,,,0.0,0.0,empty_bin
CLOSEPACKING,2807,2805.5,2806.5,,,0.0,0.0,empty_bin
CLOSEPACKING,2808,2806.5,2807.5,,,0.0,0.0,empty_bin
CLOSEPACKING,2809,2807.5,2808.5,,,0.0,0.0,empty_bin
CLOSEPACKING,2810,2808.5,2809.5,,,0.0,0.0,empty_bin
CLOSEPACKING,2811,2809.5,2810.5,,,0.0,0.0,empty_bin
CLOSEPACKING,2812,2810.5,2811.5,,,0.0,0.0,empty_bin
CLOSEPACKING,2813,2811.5,2812.5,,,0.0,0.0,empty_bin
CLOSEPACKING,2814,2812.5,2813.5,,,0.0,0.0,empty_bin
CLOSEPACKING,2815,2813.5,2814.5,,,0.0,0.0,empty_bin
CLOSEPACKING,2816,2814.5,2815.5,,,0.0,0.0,empty_bin
CLOSEPACKING,2817,2815.5,2816.5,,,0.0,0.0,empty_bin
CLOSEPACKING,2818,2816.5,2817.5,,,0.0,0.0,empty_bin
CLOSEPACKING,2819,2817.5,2818.5,,,0.0,0.0,empty_bin
CLOSEPACKING,2820,2818.5,2819.5,,,0.0,0.0,empty_bin
CLOSEPACKING,2821,2819.5,2820.5,,,0.0,0.0,empty_bin
CLOSEPACKING,2822,2820.5,2821.5,,,0.0,0.0,empty_bin
CLOSEPACKING,2823,2821.5,2822.5,,,0.0,0.0,empty_bin
CLOSEPACKING,2824,2822.5,2823.5,,,0.0,0.0,empty_bin
CLOSEPACKING,2825,2823.5,2824.5,,,0.0,0.0,empty_bin
CLOSEPACKING,2826,2824.5,2825.5,,,0.0,0.0,empty_bin
CLOSEPACKING,2827,2825.5,2826.5,,,0.0,0.0,empty_bin
CLOSEPACKING,2828,2826.5,2827.5,,,0.0,0.0,empty_bin
CLOSEPACKING,2829,2827.5,2828.5,,,0.0,0.0,empty_bin
CLOSEPACKING,2830,2828.5,2829.5,,,0.0,0.0,empty_bin
CLOSEPACKING,2831,2829.5,2830.5,,,0.0,0.0,empty_bin
CLOSEPACKING,2832,2830.5,2831.5,,,0.0,0.0,empty_bin
CLOSEPACKING,2833,2831.5,2832.5,,,0.0,0.0,empty_bin
CLOSEPACKING,2834,2832.5,2833.5,,,0.0,0.0,empty_bin
CLOSEPACKING,2835,2833.5,2834.5,,,0.0,0.0,empty_bin
CLOSEPACKING,2836,2834.5,2835.5,,,0.0,0.0,empty_bin
CLOSEPACKING,2837,2835.5,2836.5,,,0.0,0.0,empty_bin
CLOSEPACKING,2838,2836.5,2837.5,,,0.0,0.0,empty_bin
CLOSEPACKING,2839,2837.5,2838.5,,,0.0,0.0,empty_bin
CLOSEPACKING,2840,2838.5,2839.5,,,0.0,0.0,empty_bin
CLOSEPACKING,2841,2839.5,2840.5,,,0.0,0.0,empty_bin
CLOSEPACKING,2842,2840.5,2841.5,,,0.0,0.0,empty_bin
CLOSEPACKING,2843,2841.5,2842.5,,,0.0,0.0,empty_bin
CLOSEPACKING,2844,2842.5,2843.5,,,0.0,0.0,empty_bin
CLOSEPACKING,2845,2843.5,2844.5,,,0.0,0.0,empty_bin
CLOSEPACKING,2846,2844.5,2845.5,,,0.0,0.0,empty_bin
CLOSEPACKING,2847,2845.5,2846.5,,,0.0,0.0,empty_bin
CLOSEPACKING,2848,2846.5,2847.5,,,0.0,0.0,empty_bin
CLOSEPACKING,2849,2847.5,2848.5,,,0.0,0.0,empty_bin
CLOSEPACKING,2850,2848.5,2849.5,,,0.0,0.0,empty_bin
CLOSEPACKING,2851,2849.5,2850.5,,,0.0,0.0,empty_bin
CLOSEPACKING,2852,2850.5,2851.5,,,0.0,0.0,empty_bin
CLOSEPACKING,2853,2851.5,2852.5,,,0.0,0.0,empty_bin
CLOSEPACKING,2854,2852.5,2853.5,,,0.0,0.0,empty_bin
CLOSEPACKING,2855,2853.5,2854.5,,,0.0,0.0,empty_bin
CLOSEPACKING,2856,2854.5,2855.5,,,0.0,0.0,empty_bin
CLOSEPACKING,2857,2855.5,2856.5,,,0.0,0.0,empty_bin
CLOSEPACKING,2858,2856.5,2857.5,,,0.0,0.0,empty_bin
CLOSEPACKING,2859,2857.5,2858.5,,,0.0,0.0,empty_bin
CLOSEPACKING,2860,2858.5,2859.5,,,0.0,0.0,empty_bin
CLOSEPACKING,2861,2859.5,2860.5,,,0.0,0.0,empty_bin
CLOSEPACKING,2862,2860.5,2861.5,,,0.0,0.0,empty_bin
CLOSEPACKING,2863,2861.5,2862.5,,,0.0,0.0,empty_bin
CLOSEPACKING,2864,2862.5,2863.5,,,0.0,0.0,empty_bin
CLOSEPACKING,2865,2863.5,2864.5,,,0.0,0.0,empty_bin
CLOSEPACKING,2866,2864.5,2865.5,,,0.0,0.0,empty_bin
CLOSEPACKING,2867,2865.5,2866.5,,,0.0,0.0,empty_bin
CLOSEPACKING,2868,2866.5,2867.5,,,0.0,0.0,empty_bin
CLOSEPACKING,2869,2867.5,2868.5,,,0.0,0.0,empty_bin
CLOSEPACKING,2870,2868.5,2869.5,,,0.0,0.0,empty_bin
CLOSEPACKING,2871,2869.5,2870.5,,,0.0,0.0,empty_bin
CLOSEPACKING,2872,2870.5,2871.5,,,0.0,0.0,empty_bin
CLOSEPACKING,2873,2871.5,2872.5,,,0.0,0.0,empty_bin
CLOSEPACKING,2874,2872.5,2873.5,,,0.0,0.0,empty_bin
CLOSEPACKING,2875,2873.5,2874.5,,,0.0,0.0,empty_bin
CLOSEPACKING,2876,2874.5,2875.5,,,0.0,0.0,empty_bin
CLOSEPACKING,2877,2875.5,2876.5,,,0.0,0.0,empty_bin
CLOSEPACKING,2878,2876.5,2877.5,,,0.0,0.0,empty_bin
CLOSEPACKING,2879,2877.5,2878.5,,,0.0,0.0,empty_bin
CLOSEPACKING,2880,2878.5,2879.5,,,0.0,0.0,empty_bin
CLOSEPACKING,2881,2879.5,2880.5,,,0.0,0.0,empty_bin
CLOSEPACKING,2882,2880.5,2881.5,,,0.0,0.0,empty_bin
CLOSEPACKING,2883,2881.5,2882.5,,,0.0,0.0,empty_bin
CLOSEPACKING,2884,2882.5,2883.5,,,0.0,0.0,empty_bin
CLOSEPACKING,2885,2883.5,2884.5,,,0.0,0.0,empty_bin
CLOSEPACKING,2886,2884.5,2885.5,,,0.0,0.0,empty_bin
CLOSEPACKING,2887,2885.5,2886.5,,,0.0,0.0,empty_bin
CLOSEPACKING,2888,2886.5,2887.5,,,0.0,0.0,empty_bin
CLOSEPACKING,2889,2887.5,2888.5,,,0.0,0.0,empty_bin
CLOSEPACKING,2890,2888.5,2889.5,,,0.0,0.0,empty_bin
CLOSEPACKING,2891,2889.5,2890.5,,,0.0,0.0,empty_bin
CLOSEPACKING,2892,2890.5,2891.5,,,0.0,0.0,empty_bin
CLOSEPACKING,2893,2891.5,2892.5,,,0.0,0.0,empty_bin
CLOSEPACKING,2894,2892.5,2893.5,,,0.0,0.0,empty_bin
CLOSEPACKING,2895,2893.5,2894.5,,,0.0,0.0,empty_bin
CLOSEPACKING,2896,2894.5,2895.5,,,0.0,0.0,empty_bin
CLOSEPACKING,2897,2895.5,2896.5,,,0.0,0.0,empty_bin
CLOSEPACKING,2898,2896.5,2897.5,,,0.0,0.0,empty_bin
CLOSEPACKING,2899,2897.5,2898.5,,,0.0,0.0,empty_bin
CLOSEPACKING,2900,2898.5,2899.5,,,0.0,0.0,empty_bin
CLOSEPACKING,2901,2899.5,2900.5,,,0.0,0.0,empty_bin
CLOSEPACKING,2902,2900.5,2901.5,,,0.0,0.0,empty_bin
CLOSEPACKING,2903,2901.5,2902.5,,,0.0,0.0,empty_bin
CLOSEPACKING,2904,2902.5,2903.5,,,0.0,0.0,empty_bin
CLOSEPACKING,2905,2903.5,2904.5,,,0.0,0.0,empty_bin
CLOSEPACKING,2906,2904.5,2905.5,,,0.0,0.0,empty_bin
CLOSEPACKING,2907,2905.5,2906.5,,,0.0,0.0,empty_bin
CLOSEPACKING,2908,2906.5,2907.5,,,0.0,0.0,empty_bin
CLOSEPACKING,2909,2907.5,2908.5,,,0.0,0.0,empty_bin
CLOSEPACKING,2910,2908.5,2909.5,,,0.0,0.0,empty_bin
CLOSEPACKING,2911,2909.5,2910.5,,,0.0,0.0,empty_bin
CLOSEPACKING,2912,2910.5,2911.5,,,0.0,0.0,empty_bin
CLOSEPACKING,2913,2911.5,2912.5,,,0.0,0.0,empty_bin
CLOSEPACKING,2914,2912.5,2913.5,,,0.0,0.0,empty_bin
CLOSEPACKING,2915,2913.5,2914.5,,,0.0,0.0,empty_bin
CLOSEPACKING,2916,2914.5,2915.5,,,0.0,0.0,empty_bin
CLOSEPACKING,2917,2915.5,2916.5,,,0.0,0.0,empty_bin
CLOSEPACKING,2918,2916.5,2917.5,,,0.0,0.0,empty_bin
CLOSEPACKING,2919,2917.5,2918.5,,,0.0,0.0,empty_bin
CLOSEPACKING,2920,2918.5,2919.5,,,0.0,0.0,empty_bin
CLOSEPACKING,2921,2919.5,2920.5,,,0.0,0.0,empty_bin
CLOSEPACKING,2922,2920.5,2921.5,,,0.0,0.0,empty_bin
CLOSEPACKING,2923,2921.5,2922.5,,,0.0,0.0,empty_bin
CLOSEPACKING,2924,2922.5,2923.5,,,0.0,0.0,empty_bin
CLOSEPACKING,2925,2923.5,2924.5,,,0.0,0.0,empty_bin
CLOSEPACKING,2926,2924.5,2925.5,,,0.0,0.0,empty_bin
CLOSEPACKING,2927,2925.5,2926.5,,,0.0,0.0,empty_bin
CLOSEPACKING,2928,2926.5,2927.5,,,0.0,0.0,empty_bin
CLOSEPACKING,2929,2927.5,2928.5,,,0.0,0.0,empty_bin
CLOSEPACKING,2930,2928.5,2929.5,,,0.0,0.0,empty_bin
CLOSEPACKING,2931,2929.5,2930.5,,,0.0,0.0,empty_bin
CLOSEPACKING,2932,2930.5,2931.5,,,0.0,0.0,empty_bin
CLOSEPACKING,2933,2931.5,2932.5,,,0.0,0.0,empty_bin
CLOSEPACKING,2934,2932.5,2933.5,,,0.0,0.0,empty_bin
CLOSEPACKING,2935,2933.5,2934.5,,,0.0,0.0,empty_bin
CLOSEPACKING,2936,2934.5,2935.5,,,0.0,0.0,empty_bin
CLOSEPACKING,2937,2935.5,2936.5,,,0.0,0.0,empty_bin
CLOSEPACKING,2938,2936.5,2937.5,,,0.0,0.0,empty_bin
CLOSEPACKING,2939,2937.5,2938.5,,,0.0,0.0,empty_bin
CLOSEPACKING,2940,2938.5,2939.5,,,0.0,0.0,empty_bin
CLOSEPACKING,2941,2939.5,2940.5,,,0.0,0.0,empty_bin
CLOSEPACKING,2942,2940.5,2941.5,,,0.0,0.0,empty_bin
CLOSEPACKING,2943,2941.5,2942.5,,,0.0,0.0,empty_bin
CLOSEPACKING,2944,2942.5,2943.5,,,0.0,0.0,empty_bin
CLOSEPACKING,2945,2943.5,2944.5,,,0.0,0.0,empty_bin
CLOSEPACKING,2946,2944.5,2945.5,,,0.0,0.0,empty_bin
CLOSEPACKING,2947,2945.5,2946.5,,,0.0,0.0,empty_bin
CLOSEPACKING,2948,2946.5,2947.5,,,0.0,0.0,empty_bin
CLOSEPACKING,2949,2947.5,2948.5,,,0.0,0.0,empty_bin
CLOSEPACKING,2950,2948.5,2949.5,,,0.0,0.0,empty_bin
CLOSEPACKING,2951,2949.5,2950.5,,,0.0,0.0,empty_bin
CLOSEPACKING,2952,2950.5,2951.5,,,0.0,0.0,empty_bin
CLOSEPACKING,2953,2951.5,2952.5,,,0.0,0.0,empty_bin
CLOSEPACKING,2954,2952.5,2953.5,,,0.0,0.0,empty_bin
CLOSEPACKING,2955,2953.5,2954.5,,,0.0,0.0,empty_bin
CLOSEPACKING,2956,2954.5,2955.5,,,0.0,0.0,empty_bin
CLOSEPACKING,2957,2955.5,2956.5,,,0.0,0.0,empty_bin
CLOSEPACKING,2958,2956.5,2957.5,,,0.0,0.0,empty_bin
CLOSEPACKING,2959,2957.5,2958.5,,,0.0,0.0,empty_bin
CLOSEPACKING,2960,2958.5,2959.5,,,0.0,0.0,empty_bin
CLOSEPACKING,2961,2959.5,2960.5,,,0.0,0.0,empty_bin
CLOSEPACKING,2962,2960.5,2961.5,,,0.0,0.0,empty_bin
CLOSEPACKING,2963,2961.5,2962.5,,,0.0,0.0,empty_bin
CLOSEPACKING,2964,2962.5,2963.5,,,0.0,0.0,empty_bin
CLOSEPACKING,2965,2963.5,2964.5,,,0.0,0.0,empty_bin
CLOSEPACKING,2966,2964.5,2965.5,,,0.0,0.0,empty_bin
CLOSEPACKING,2967,2965.5,2966.5,,,0.0,0.0,empty_bin
CLOSEPACKING,2968,2966.5,2967.5,,,0.0,0.0,empty_bin
CLOSEPACKING,2969,2967.5,2968.5,,,0.0,0.0,empty_bin
CLOSEPACKING,2970,2968.5,2969.5,,,0.0,0.0,empty_bin
CLOSEPACKING,2971,2969.5,2970.5,,,0.0,0.0,empty_bin
CLOSEPACKING,2972,2970.5,2971.5,,,0.0,0.0,empty_bin
CLOSEPACKING,2973,2971.5,2972.5,,,0.0,0.0,empty_bin
CLOSEPACKING,2974,2972.5,2973.5,,,0.0,0.0,empty_bin
CLOSEPACKING,2975,2973.5,2974.5,,,0.0,0.0,empty_bin
CLOSEPACKING,2976,2974.5,2975.5,,,0.0,0.0,empty_bin
CLOSEPACKING,2977,2975.5,2976.5,,,0.0,0.0,empty_bin
CLOSEPACKING,2978,2976.5,2977.5,,,0.0,0.0,empty_bin
CLOSEPACKING,2979,2977.5,2978.5,,,0.0,0.0,empty_bin
CLOSEPACKING,2980,2978.5,2979.5,,,0.0,0.0,empty_bin
CLOSEPACKING,2981,2979.5,2980.5,,,0.0,0.0,empty_bin
CLOSEPACKING,2982,2980.5,2981.5,,,0.0,0.0,empty_bin
CLOSEPACKING,2983,2981.5,2982.5,,,0.0,0.0,empty_bin
CLOSEPACKING,2984,2982.5,2983.5,,,0.0,0.0,empty_bin
CLOSEPACKING,2985,2983.5,2984.5,,,0.0,0.0,empty_bin
CLOSEPACKING,2986,2984.5,2985.5,,,0.0,0.0,empty_bin
CLOSEPACKING,2987,2985.5,2986.5,,,0.0,0.0,empty_bin
CLOSEPACKING,2988,2986.5,2987.5,,,0.0,0.0,empty_bin
CLOSEPACKING,2989,2987.5,2988.5,,,0.0,0.0,empty_bin
CLOSEPACKING,2990,2988.5,2989.5,,,0.0,0.0,empty_bin
CLOSEPACKING,2991,2989.5,2990.5,,,0.0,0.0,empty_bin
CLOSEPACKING,2992,2990.5,2991.5,,,0.0,0.0,empty_bin
CLOSEPACKING,2993,2991.5,2992.5,,,0.0,0.0,empty_bin
CLOSEPACKING,2994,2992.5,2993.5,,,0.0,0.0,empty_bin
CLOSEPACKING,2995,2993.5,2994.5,,,0.0,0.0,empty_bin
CLOSEPACKING,2996,2994.5,2995.5,,,0.0,0.0,empty_bin
CLOSEPACKING,2997,2995.5,2996.5,,,0.0,0.0,empty_bin
CLOSEPACKING,2998,2996.5,2997.5,,,0.0,0.0,empty_bin
CLOSEPACKING,2999,2997.5,2998.5,,,0.0,0.0,empty_bin
CLOSEPACKING,3000,2998.5,2999.5,,,0.0,0.0,empty_bin
CLOSEPACKING,3001,2999.5,3000.5,,,0.0,0.0,empty_bin
CLOSEPACKING,3002,3000.5,3001.5,,,0.0,0.0,empty_bin
CLOSEPACKING,3003,3001.5,3002.5,,,0.0,0.0,empty_bin
CLOSEPACKING,3004,3002.5,3003.5,,,0.0,0.0,empty_bin
CLOSEPACKING,3005,3003.5,3004.5,,,0.0,0.0,empty_bin
CLOSEPACKING,3006,3004.5,3005.5,,,0.0,0.0,empty_bin
CLOSEPACKING,3007,3005.5,3006.5,,,0.0,0.0,empty_bin
CLOSEPACKING,3008,3006.5,3007.5,,,0.0,0.0,empty_bin
CLOSEPACKING,3009,3007.5,3008.5,,,0.0,0.0,empty_bin
CLOSEPACKING,3010,3008.5,3009.5,,,0.0,0.0,empty_bin
CLOSEPACKING,3011,3009.5,3010.5,,,0.0,0.0,empty_bin
CLOSEPACKING,3012,3010.5,3011.5,,,0.0,0.0,empty_bin
CLOSEPACKING,3013,3011.5,3012.5,,,0.0,0.0,empty_bin
CLOSEPACKING,3014,3012.5,3013.5,,,0.0,0.0,empty_bin
CLOSEPACKING,3015,3013.5,3014.5,,,0.0,0.0,empty_bin
CLOSEPACKING,3016,3014.5,3015.5,,,0.0,0.0,empty_bin
CLOSEPACKING,3017,3015.5,3016.5,,,0.0,0.0,empty_bin
CLOSEPACKING,3018,3016.5,3017.5,,,0.0,0.0,empty_bin
CLOSEPACKING,3019,3017.5,3018.5,,,0.0,0.0,empty_bin
CLOSEPACKING,3020,3018.5,3019.5,,,0.0,0.0,empty_bin
CLOSEPACKING,3021,3019.5,3020.5,,,0.0,0.0,empty_bin
CLOSEPACKING,3022,3020.5,3021.5,,,0.0,0.0,empty_bin
CLOSEPACKING,3023,3021.5,3022.5,,,0.0,0.0,empty_bin
CLOSEPACKING,3024,3022.5,3023.5,,,0.0,0.0,empty_bin
CLOSEPACKING,3025,3023.5,3024.5,,,0.0,0.0,empty_bin
CLOSEPACKING,3026,3024.5,3025.5,,,0.0,0.0,empty_bin
CLOSEPACKING,3027,3025.5,3026.5,,,0.0,0.0,empty_bin
CLOSEPACKING,3028,3026.5,3027.5,,,0.0,0.0,empty_bin
CLOSEPACKING,3029,3027.5,3028.5,,,0.0,0.0,empty_bin
CLOSEPACKING,3030,3028.5,3029.5,,,0.0,0.0,empty_bin
CLOSEPACKING,3031,3029.5,3030.5,,,0.0,0.0,empty_bin
CLOSEPACKING,3032,3030.5,3031.5,,,0.0,0.0,empty_bin
CLOSEPACKING,3033,3031.5,3032.5,,,0.0,0.0,empty_bin
CLOSEPACKING,3034,3032.5,3033.5,,,0.0,0.0,empty_bin
CLOSEPACKING,3035,3033.5,3034.5,,,0.0,0.0,empty_bin
CLOSEPACKING,3036,3034.5,3035.5,,,0.0,0.0,empty_bin
CLOSEPACKING,3037,3035.5,3036.5,,,0.0,0.0,empty_bin
CLOSEPACKING,3038,3036.5,3037.5,,,0.0,0.0,empty_bin
CLOSEPACKING,3039,3037.5,3038.5,,,0.0,0.0,empty_bin
CLOSEPACKING,3040,3038.5,3039.5,,,0.0,0.0,empty_bin
CLOSEPACKING,3041,3039.5,3040.5,,,0.0,0.0,empty_bin
CLOSEPACKING,3042,3040.5,3041.5,,,0.0,0.0,empty_bin
CLOSEPACKING,3043,3041.5,3042.5,,,0.0,0.0,empty_bin
CLOSEPACKING,3044,3042.5,3043.5,,,0.0,0.0,empty_bin
CLOSEPACKING,3045,3043.5,3044.5,,,0.0,0.0,empty_bin
CLOSEPACKING,3046,3044.5,3045.5,,,0.0,0.0,empty_bin
CLOSEPACKING,3047,3045.5,3046.5,,,0.0,0.0,empty_bin
CLOSEPACKING,3048,3046.5,3047.5,,,0.0,0.0,empty_bin
CLOSEPACKING,3049,3047.5,3048.5,,,0.0,0.0,empty_bin
CLOSEPACKING,3050,3048.5,3049.5,,,0.0,0.0,empty_bin
CLOSEPACKING,3051,3049.5,3050.5,,,0.0,0.0,empty_bin
CLOSEPACKING,3052,3050.5,3051.5,,,0.0,0.0,empty_bin
CLOSEPACKING,3053,3051.5,3052.5,,,0.0,0.0,empty_bin
CLOSEPACKING,3054,3052.5,3053.5,,,0.0,0.0,empty_bin
CLOSEPACKING,3055,3053.5,3054.5,,,0.0,0.0,empty_bin
CLOSEPACKING,3056,3054.5,3055.5,,,0.0,0.0,empty_bin
CLOSEPACKING,3057,3055.5,3056.5,,,0.0,0.0,empty_bin
CLOSEPACKING,3058,3056.5,3057.5,,,0.0,0.0,empty_bin
CLOSEPACKING,3059,3057.5,3058.5,,,0.0,0.0,empty_bin
CLOSEPACKING,3060,3058.5,3059.5,,,0.0,0.0,empty_bin
CLOSEPACKING,3061,3059.5,3060.5,,,0.0,0.0,empty_bin
CLOSEPACKING,3062,3060.5,3061.5,,,0.0,0.0,empty_bin
CLOSEPACKING,3063,3061.5,3062.5,,,0.0,0.0,empty_bin
CLOSEPACKING,3064,3062.5,3063.5,,,0.0,0.0,empty_bin
CLOSEPACKING,3065,3063.5,3064.5,,,0.0,0.0,empty_bin
CLOSEPACKING,3066,3064.5,3065.5,,,0.0,0.0,empty_bin
CLOSEPACKING,3067,3065.5,3066.5,,,0.0,0.0,empty_bin
CLOSEPACKING,3068,3066.5,3067.5,,,0.0,0.0,empty_bin
CLOSEPACKING,3069,3067.5,3068.5,,,0.0,0.0,empty_bin
CLOSEPACKING,3070,3068.5,3069.5,,,0.0,0.0,empty_bin
CLOSEPACKING,3071,3069.5,3070.5,,,0.0,0.0,empty_bin
CLOSEPACKING,3072,3070.5,3071.5,,,0.0,0.0,empty_bin
CLOSEPACKING,3073,3071.5,3072.5,,,0.0,0.0,empty_bin
CLOSEPACKING,3074,3072.5,3073.5,,,0.0,0.0,empty_bin
CLOSEPACKING,3075,3073.5,3074.5,,,0.0,0.0,empty_bin
CLOSEPACKING,3076,3074.5,3075.5,,,0.0,0.0,empty_bin
CLOSEPACKING,3077,3075.5,3076.5,,,0.0,0.0,empty_bin
CLOSEPACKING,3078,3076.5,3077.5,,,0.0,0.0,empty_bin
CLOSEPACKING,3079,3077.5,3078.5,,,0.0,0.0,empty_bin
CLOSEPACKING,3080,3078.5,3079.5,,,0.0,0.0,empty_bin
CLOSEPACKING,3081,3079.5,3080.5,,,0.0,0.0,empty_bin
CLOSEPACKING,3082,3080.5,3081.5,,,0.0,0.0,empty_bin
CLOSEPACKING,3083,3081.5,3082.5,,,0.0,0.0,empty_bin
CLOSEPACKING,3084,3082.5,3083.5,,,0.0,0.0,empty_bin
CLOSEPACKING,3085,3083.5,3084.5,,,0.0,0.0,empty_bin
CLOSEPACKING,3086,3084.5,3085.5,,,0.0,0.0,empty_bin
CLOSEPACKING,3087,3085.5,3086.5,,,0.0,0.0,empty_bin
CLOSEPACKING,3088,3086.5,3087.5,,,0.0,0.0,empty_bin
CLOSEPACKING,3089,3087.5,3088.5,,,0.0,0.0,empty_bin
CLOSEPACKING,3090,3088.5,3089.5,,,0.0,0.0,empty_bin
CLOSEPACKING,3091,3089.5,3090.5,,,0.0,0.0,empty_bin
CLOSEPACKING,3092,3090.5,3091.5,,,0.0,0.0,empty_bin
CLOSEPACKING,3093,3091.5,3092.5,,,0.0,0.0,empty_bin
CLOSEPACKING,3094,3092.5,3093.5,,,0.0,0.0,empty_bin
CLOSEPACKING,3095,3093.5,3094.5,,,0.0,0.0,empty_bin
CLOSEPACKING,3096,3094.5,3095.5,,,0.0,0.0,empty_bin
CLOSEPACKING,3097,3095.5,3096.5,,,0.0,0.0,empty_bin
CLOSEPACKING,3098,3096.5,3097.5,,,0.0,0.0,empty_bin
CLOSEPACKING,3099,3097.5,3098.5,,,0.0,0.0,empty_bin
CLOSEPACKING,3100,3098.5,3099.5,,,0.0,0.0,empty_bin
CLOSEPACKING,3101,3099.5,3100.5,,,0.0,0.0,empty_bin
CLOSEPACKING,3102,3100.5,3101.5,,,0.0,0.0,empty_bin
CLOSEPACKING,3103,3101.5,3102.5,,,0.0,0.0,empty_bin
CLOSEPACKING,3104,3102.5,3103.5,,,0.0,0.0,empty_bin
CLOSEPACKING,3105,3103.5,3104.5,,,0.0,0.0,empty_bin
CLOSEPACKING,3106,3104.5,3105.5,,,0.0,0.0,empty_bin
CLOSEPACKING,3107,3105.5,3106.5,,,0.0,0.0,empty_bin
CLOSEPACKING,3108,3106.5,3107.5,,,0.0,0.0,empty_bin
CLOSEPACKING,3109,3107.5,3108.5,,,0.0,0.0,empty_bin
CLOSEPACKING,3110,3108.5,3109.5,,,0.0,0.0,empty_bin
CLOSEPACKING,3111,3109.5,3110.5,,,0.0,0.0,empty_bin
CLOSEPACKING,3112,3110.5,3111.5,,,0.0,0.0,empty_bin
CLOSEPACKING,3113,3111.5,3112.5,,,0.0,0.0,empty_bin
CLOSEPACKING,3114,3112.5,3113.5,,,0.0,0.0,empty_bin
CLOSEPACKING,3115,3113.5,3114.5,,,0.0,0.0,empty_bin
CLOSEPACKING,3116,3114.5,3115.5,,,0.0,0.0,empty_bin
CLOSEPACKING,3117,3115.5,3116.5,,,0.0,0.0,empty_bin
CLOSEPACKING,3118,3116.5,3117.5,,,0.0,0.0,empty_bin
CLOSEPACKING,3119,3117.5,3118.5,,,0.0,0.0,empty_bin
CLOSEPACKING,3120,3118.5,3119.5,,,0.0,0.0,empty_bin
CLOSEPACKING,3121,3119.5,3120.5,,,0.0,0.0,empty_bin
CLOSEPACKING,3122,3120.5,3121.5,,,0.0,0.0,empty_bin
CLOSEPACKING,3123,3121.5,3122.5,,,0.0,0.0,empty_bin
CLOSEPACKING,3124,3122.5,3123.5,,,0.0,0.0,empty_bin
CLOSEPACKING,3125,3123.5,3124.5,,,0.0,0.0,empty_bin
CLOSEPACKING,3126,3124.5,3125.5,,,0.0,0.0,empty_bin
CLOSEPACKING,3127,3125.5,3126.5,,,0.0,0.0,empty_bin
CLOSEPACKING,3128,3126.5,3127.5,,,0.0,0.0,empty_bin
CLOSEPACKING,3129,3127.5,3128.5,,,0.0,0.0,empty_bin
CLOSEPACKING,3130,3128.5,3129.5,,,0.0,0.0,empty_bin
CLOSEPACKING,3131,3129.5,3130.5,,,0.0,0.0,empty_bin
CLOSEPACKING,3132,3130.5,3131.5,,,0.0,0.0,empty_bin
CLOSEPACKING,3133,3131.5,3132.5,,,0.0,0.0,empty_bin
CLOSEPACKING,3134,3132.5,3133.5,,,0.0,0.0,empty_bin
CLOSEPACKING,3135,3133.5,3134.5,,,0.0,0.0,empty_bin
CLOSEPACKING,3136,3134.5,3135.5,,,0.0,0.0,empty_bin
CLOSEPACKING,3137,3135.5,3136.5,,,0.0,0.0,empty_bin
CLOSEPACKING,3138,3136.5,3137.5,,,0.0,0.0,empty_bin
CLOSEPACKING,3139,3137.5,3138.5,,,0.0,0.0,empty_bin
CLOSEPACKING,3140,3138.5,3139.5,,,0.0,0.0,empty_bin
CLOSEPACKING,3141,3139.5,3140.5,,,0.0,0.0,empty_bin
CLOSEPACKING,3142,3140.5,3141.5,,,0.0,0.0,empty_bin
CLOSEPACKING,3143,3141.5,3142.5,,,0.0,0.0,empty_bin
CLOSEPACKING,3144,3142.5,3143.5,,,0.0,0.0,empty_bin
CLOSEPACKING,3145,3143.5,3144.5,,,0.0,0.0,empty_bin
CLOSEPACKING,3146,3144.5,3145.5,,,0.0,0.0,empty_bin
CLOSEPACKING,3147,3145.5,3146.5,,,0.0,0.0,empty_bin
CLOSEPACKING,3148,3146.5,3147.5,,,0.0,0.0,empty_bin
CLOSEPACKING,3149,3147.5,3148.5,,,0.0,0.0,empty_bin
CLOSEPACKING,3150,3148.5,3149.5,,,0.0,0.0,empty_bin
CLOSEPACKING,3151,3149.5,3150.5,,,0.0,0.0,empty_bin
CLOSEPACKING,3152,3150.5,3151.5,,,0.0,0.0,empty_bin
CLOSEPACKING,3153,3151.5,3152.5,,,0.0,0.0,empty_bin
CLOSEPACKING,3154,3152.5,3153.5,,,0.0,0.0,empty_bin
CLOSEPACKING,3155,3153.5,3154.5,,,0.0,0.0,empty_bin
CLOSEPACKING,3156,3154.5,3155.5,,,0.0,0.0,empty_bin
CLOSEPACKING,3157,3155.5,3156.5,,,0.0,0.0,empty_bin
CLOSEPACKING,3158,3156.5,3157.5,,,0.0,0.0,empty_bin
CLOSEPACKING,3159,3157.5,3158.5,,,0.0,0.0,empty_bin
CLOSEPACKING,3160,3158.5,3159.5,,,0.0,0.0,empty_bin
CLOSEPACKING,3161,3159.5,3160.5,,,0.0,0.0,empty_bin
CLOSEPACKING,3162,3160.5,3161.5,,,0.0,0.0,empty_bin
CLOSEPACKING,3163,3161.5,3162.5,,,0.0,0.0,empty_bin
CLOSEPACKING,3164,3162.5,3163.5,,,0.0,0.0,empty_bin
CLOSEPACKING,3165,3163.5,3164.5,,,0.0,0.0,empty_bin
CLOSEPACKING,3166,3164.5,3165.5,,,0.0,0.0,empty_bin
CLOSEPACKING,3167,3165.5,3166.5,,,0.0,0.0,empty_bin
CLOSEPACKING,3168,3166.5,3167.5,,,0.0,0.0,empty_bin
CLOSEPACKING,3169,3167.5,3168.5,,,0.0,0.0,empty_bin
CLOSEPACKING,3170,3168.5,3169.5,,,0.0,0.0,empty_bin
CLOSEPACKING,3171,3169.5,3170.5,,,0.0,0.0,empty_bin
CLOSEPACKING,3172,3170.5,3171.5,,,0.0,0.0,empty_bin
CLOSEPACKING,3173,3171.5,3172.5,,,0.0,0.0,empty_bin
CLOSEPACKING,3174,3172.5,3173.5,,,0.0,0.0,empty_bin
CLOSEPACKING,3175,3173.5,3174.5,,,0.0,0.0,empty_bin
CLOSEPACKING,3176,3174.5,3175.5,,,0.0,0.0,empty_bin
CLOSEPACKING,3177,3175.5,3176.5,,,0.0,0.0,empty_bin
CLOSEPACKING,3178,3176.5,3177.5,,,0.0,0.0,empty_bin
CLOSEPACKING,3179,3177.5,3178.5,,,0.0,0.0,empty_bin
CLOSEPACKING,3180,3178.5,3179.5,,,0.0,0.0,empty_bin
CLOSEPACKING,3181,3179.5,3180.5,,,0.0,0.0,empty_bin
CLOSEPACKING,3182,3180.5,3181.5,,,0.0,0.0,empty_bin
CLOSEPACKING,3183,3181.5,3182.5,,,0.0,0.0,empty_bin
CLOSEPACKING,3184,3182.5,3183.5,,,0.0,0.0,empty_bin
CLOSEPACKING,3185,3183.5,3184.5,,,0.0,0.0,empty_bin
CLOSEPACKING,3186,3184.5,3185.5,,,0.0,0.0,empty_bin
CLOSEPACKING,3187,3185.5,3186.5,,,0.0,0.0,empty_bin
CLOSEPACKING,3188,3186.5,3187.5,,,0.0,0.0,empty_bin
CLOSEPACKING,3189,3187.5,3188.5,,,0.0,0.0,empty_bin
CLOSEPACKING,3190,3188.5,3189.5,,,0.0,0.0,empty_bin
CLOSEPACKING,3191,3189.5,3190.5,,,0.0,0.0,empty_bin
CLOSEPACKING,3192,3190.5,3191.5,,,0.0,0.0,empty_bin
CLOSEPACKING,3193,3191.5,3192.5,,,0.0,0.0,empty_bin
CLOSEPACKING,3194,3192.5,3193.5,,,0.0,0.0,empty_bin
CLOSEPACKING,3195,3193.5,3194.5,,,0.0,0.0,empty_bin
CLOSEPACKING,3196,3194.5,3195.5,,,0.0,0.0,empty_bin
CLOSEPACKING,3197,3195.5,3196.5,,,0.0,0.0,empty_bin
CLOSEPACKING,3198,3196.5,3197.5,,,0.0,0.0,empty_bin
CLOSEPACKING,3199,3197.5,3198.5,,,0.0,0.0,empty_bin
CLOSEPACKING,3200,3198.5,3199.5,,,0.0,0.0,empty_bin
CLOSEPACKING,3201,3199.5,3200.5,,,0.0,0.0,empty_bin
CLOSEPACKING,3202,3200.5,3201.5,,,0.0,0.0,empty_bin
CLOSEPACKING,3203,3201.5,3202.5,,,0.0,0.0,empty_bin
CLOSEPACKING,3204,3202.5,3203.5,,,0.0,0.0,empty_bin
CLOSEPACKING,3205,3203.5,3204.5,,,0.0,0.0,empty_bin
CLOSEPACKING,3206,3204.5,3205.5,,,0.0,0.0,empty_bin
CLOSEPACKING,3207,3205.5,3206.5,,,0.0,0.0,empty_bin
CLOSEPACKING,3208,3206.5,3207.5,,,0.0,0.0,empty_bin
CLOSEPACKING,3209,3207.5,3208.5,,,0.0,0.0,empty_bin
CLOSEPACKING,3210,3208.5,3209.5,,,0.0,0.0,empty_bin
CLOSEPACKING,3211,3209.5,3210.5,,,0.0,0.0,empty_bin
CLOSEPACKING,3212,3210.5,3211.5,,,0.0,0.0,empty_bin
CLOSEPACKING,3213,3211.5,3212.5,,,0.0,0.0,empty_bin
CLOSEPACKING,3214,3212.5,3213.5,,,0.0,0.0,empty_bin
CLOSEPACKING,3215,3213.5,3214.5,,,0.0,0.0,empty_bin
CLOSEPACKING,3216,3214.5,3215.5,,,0.0,0.0,empty_bin
CLOSEPACKING,3217,3215.5,3216.5,,,0.0,0.0,empty_bin
CLOSEPACKING,3218,3216.5,3217.5,,,0.0,0.0,empty_bin
CLOSEPACKING,3219,3217.5,3218.5,,,0.0,0.0,empty_bin
CLOSEPACKING,3220,3218.5,3219.5,,,0.0,0.0,empty_bin
CLOSEPACKING,3221,3219.5,3220.5,,,0.0,0.0,empty_bin
CLOSEPACKING,3222,3220.5,3221.5,,,0.0,0.0,empty_bin
CLOSEPACKING,3223,3221.5,3222.5,,,0.0,0.0,empty_bin
CLOSEPACKING,3224,3222.5,3223.5,,,0.0,0.0,empty_bin
CLOSEPACKING,3225,3223.5,3224.5,,,0.0,0.0,empty_bin
CLOSEPACKING,3226,3224.5,3225.5,,,0.0,0.0,empty_bin
CLOSEPACKING,3227,3225.5,3226.5,,,0.0,0.0,empty_bin
CLOSEPACKING,3228,3226.5,3227.5,,,0.0,0.0,empty_bin
CLOSEPACKING,3229,3227.5,3228.5,,,0.0,0.0,empty_bin
CLOSEPACKING,3230,3228.5,3229.5,,,0.0,0.0,empty_bin
CLOSEPACKING,3231,3229.5,3230.5,,,0.0,0.0,empty_bin
CLOSEPACKING,3232,3230.5,3231.5,,,0.0,0.0,empty_bin
CLOSEPACKING,3233,3231.5,3232.5,,,0.0,0.0,empty_bin
CLOSEPACKING,3234,3232.5,3233.5,,,0.0,0.0,empty_bin
CLOSEPACKING,3235,3233.5,3234.5,,,0.0,0.0,empty_bin
CLOSEPACKING,3236,3234.5,3235.5,,,0.0,0.0,empty_bin
CLOSEPACKING,3237,3235.5,3236.5,,,0.0,0.0,empty_bin
CLOSEPACKING,3238,3236.5,3237.5,,,0.0,0.0,empty_bin
CLOSEPACKING,3239,3237.5,3238.5,,,0.0,0.0,empty_bin
CLOSEPACKING,3240,3238.5,3239.5,,,0.0,0.0,empty_bin
CLOSEPACKING,3241,3239.5,3240.5,,,0.0,0.0,empty_bin
CLOSEPACKING,3242,3240.5,3241.5,,,0.0,0.0,empty_bin
CLOSEPACKING,3243,3241.5,3242.5,,,0.0,0.0,empty_bin
CLOSEPACKING,3244,3242.5,3243.5,,,0.0,0.0,empty_bin
CLOSEPACKING,3245,3243.5,3244.5,,,0.0,0.0,empty_bin
CLOSEPACKING,3246,3244.5,3245.5,,,0.0,0.0,empty_bin
CLOSEPACKING,3247,3245.5,3246.5,,,0.0,0.0,empty_bin
CLOSEPACKING,3248,3246.5,3247.5,,,0.0,0.0,empty_bin
CLOSEPACKING,3249,3247.5,3248.5,,,0.0,0.0,empty_bin
CLOSEPACKING,3250,3248.5,3249.5,,,0.0,0.0,empty_bin
CLOSEPACKING,3251,3249.5,3250.5,,,0.0,0.0,empty_bin
CLOSEPACKING,3252,3250.5,3251.5,,,0.0,0.0,empty_bin
CLOSEPACKING,3253,3251.5,3252.5,,,0.0,0.0,empty_bin
CLOSEPACKING,3254,3252.5,3253.5,,,0.0,0.0,empty_bin
CLOSEPACKING,3255,3253.5,3254.5,,,0.0,0.0,empty_bin
CLOSEPACKING,3256,3254.5,3255.5,,,0.0,0.0,empty_bin
CLOSEPACKING,3257,3255.5,3256.5,,,0.0,0.0,empty_bin
CLOSEPACKING,3258,3256.5,3257.5,,,0.0,0.0,empty_bin
CLOSEPACKING,3259,3257.5,3258.5,,,0.0,0.0,empty_bin
CLOSEPACKING,3260,3258.5,3259.5,,,0.0,0.0,empty_bin
CLOSEPACKING,3261,3259.5,3260.5,,,0.0,0.0,empty_bin
CLOSEPACKING,3262,3260.5,3261.5,,,0.0,0.0,empty_bin
CLOSEPACKING,3263,3261.5,3262.5,,,0.0,0.0,empty_bin
CLOSEPACKING,3264,3262.5,3263.5,,,0.0,0.0,empty_bin
CLOSEPACKING,3265,3263.5,3264.5,,,0.0,0.0,empty_bin
CLOSEPACKING,3266,3264.5,3265.5,,,0.0,0.0,empty_bin
CLOSEPACKING,3267,3265.5,3266.5,,,0.0,0.0,empty_bin
CLOSEPACKING,3268,3266.5,3267.5,,,0.0,0.0,empty_bin
CLOSEPACKING,3269,3267.5,3268.5,,,0.0,0.0,empty_bin
CLOSEPACKING,3270,3268.5,3269.5,,,0.0,0.0,empty_bin
CLOSEPACKING,3271,3269.5,3270.5,,,0.0,0.0,empty_bin
CLOSEPACKING,3272,3270.5,3271.5,,,0.0,0.0,empty_bin
CLOSEPACKING,3273,3271.5,3272.5,,,0.0,0.0,empty_bin
CLOSEPACKING,3274,3272.5,3273.5,,,0.0,0.0,empty_bin
CLOSEPACKING,3275,3273.5,3274.5,,,0.0,0.0,empty_bin
CLOSEPACKING,3276,3274.5,3275.5,,,0.0,0.0,empty_bin
CLOSEPACKING,3277,3275.5,3276.5,,,0.0,0.0,empty_bin
CLOSEPACKING,3278,3276.5,3277.5,,,0.0,0.0,empty_bin
CLOSEPACKING,3279,3277.5,3278.5,,,0.0,0.0,empty_bin
CLOSEPACKING,3280,3278.5,3279.5,,,0.0,0.0,empty_bin
CLOSEPACKING,3281,3279.5,3280.5,,,0.0,0.0,empty_bin
CLOSEPACKING,3282,3280.5,3281.5,,,0.0,0.0,empty_bin
CLOSEPACKING,3283,3281.5,3282.5,,,0.0,0.0,empty_bin
CLOSEPACKING,3284,3282.5,3283.5,,,0.0,0.0,empty_bin
CLOSEPACKING,3285,3283.5,3284.5,,,0.0,0.0,empty_bin
CLOSEPACKING,3286,3284.5,3285.5,,,0.0,0.0,empty_bin
CLOSEPACKING,3287,3285.5,3286.5,,,0.0,0.0,empty_bin
CLOSEPACKING,3288,3286.5,3287.5,,,0.0,0.0,empty_bin
CLOSEPACKING,3289,3287.5,3288.5,,,0.0,0.0,empty_bin
CLOSEPACKING,3290,3288.5,3289.5,,,0.0,0.0,empty_bin
CLOSEPACKING,3291,3289.5,3290.5,,,0.0,0.0,empty_bin
CLOSEPACKING,3292,3290.5,3291.5,,,0.0,0.0,empty_bin
CLOSEPACKING,3293,3291.5,3292.5,,,0.0,0.0,empty_bin
CLOSEPACKING,3294,3292.5,3293.5,,,0.0,0.0,empty_bin
CLOSEPACKING,3295,3293.5,3294.5,,,0.0,0.0,empty_bin
CLOSEPACKING,3296,3294.5,3295.5,,,0.0,0.0,empty_bin
CLOSEPACKING,3297,3295.5,3296.5,,,0.0,0.0,empty_bin
CLOSEPACKING,3298,3296.5,3297.5,,,0.0,0.0,empty_bin
CLOSEPACKING,3299,3297.5,3298.5,,,0.0,0.0,empty_bin
CLOSEPACKING,3300,3298.5,3299.5,,,0.0,0.0,empty_bin
CLOSEPACKING,3301,3299.5,3300.5,,,0.0,0.0,empty_bin
CLOSEPACKING,3302,3300.5,3301.5,,,0.0,0.0,empty_bin
CLOSEPACKING,3303,3301.5,3302.5,,,0.0,0.0,empty_bin
CLOSEPACKING,3304,3302.5,3303.5,,,0.0,0.0,empty_bin
CLOSEPACKING,3305,3303.5,3304.5,,,0.0,0.0,empty_bin
CLOSEPACKING,3306,3304.5,3305.5,,,0.0,0.0,empty_bin
CLOSEPACKING,3307,3305.5,3306.5,,,0.0,0.0,empty_bin
CLOSEPACKING,3308,3306.5,3307.5,,,0.0,0.0,empty_bin
CLOSEPACKING,3309,3307.5,3308.5,,,0.0,0.0,empty_bin
CLOSEPACKING,3310,3308.5,3309.5,,,0.0,0.0,empty_bin
CLOSEPACKING,3311,3309.5,3310.5,,,0.0,0.0,empty_bin
CLOSEPACKING,3312,3310.5,3311.5,,,0.0,0.0,empty_bin
CLOSEPACKING,3313,3311.5,3312.5,,,0.0,0.0,empty_bin
CLOSEPACKING,3314,3312.5,3313.5,,,0.0,0.0,empty_bin
CLOSEPACKING,3315,3313.5,3314.5,,,0.0,0.0,empty_bin
CLOSEPACKING,3316,3314.5,3315.5,,,0.0,0.0,empty_bin
CLOSEPACKING,3317,3315.5,3316.5,,,0.0,0.0,empty_bin
CLOSEPACKING,3318,3316.5,3317.5,,,0.0,0.0,empty_bin
CLOSEPACKING,3319,3317.5,3318.5,,,0.0,0.0,empty_bin
CLOSEPACKING,3320,3318.5,3319.5,,,0.0,0.0,empty_bin
CLOSEPACKING,3321,3319.5,3320.5,,,0.0,0.0,empty_bin
CLOSEPACKING,3322,3320.5,3321.5,,,0.0,0.0,empty_bin
CLOSEPACKING,3323,3321.5,3322.5,,,0.0,0.0,empty_bin
CLOSEPACKING,3324,3322.5,3323.5,,,0.0,0.0,empty_bin
CLOSEPACKING,3325,3323.5,3324.5,,,0.0,0.0,empty_bin
CLOSEPACKING,3326,3324.5,3325.5,,,0.0,0.0,empty_bin
CLOSEPACKING,3327,3325.5,3326.5,,,0.0,0.0,empty_bin
CLOSEPACKING,3328,3326.5,3327.5,,,0.0,0.0,empty_bin
CLOSEPACKING,3329,3327.5,3328.5,,,0.0,0.0,empty_bin
CLOSEPACKING,3330,3328.5,3329.5,,,0.0,0.0,empty_bin
CLOSEPACKING,3331,3329.5,3330.5,,,0.0,0.0,empty_bin
CLOSEPACKING,3332,3330.5,3331.5,,,0.0,0.0,empty_bin
CLOSEPACKING,3333,3331.5,3332.5,,,0.0,0.0,empty_bin
CLOSEPACKING,3334,3332.5,3333.5,,,0.0,0.0,empty_bin
CLOSEPACKING,3335,3333.5,3334.5,,,0.0,0.0,empty_bin
CLOSEPACKING,3336,3334.5,3335.5,,,0.0,0.0,empty_bin
CLOSEPACKING,3337,3335.5,3336.5,,,0.0,0.0,empty_bin
CLOSEPACKING,3338,3336.5,3337.5,,,0.0,0.0,empty_bin
CLOSEPACKING,3339,3337.5,3338.5,,,0.0,0.0,empty_bin
CLOSEPACKING,3340,3338.5,3339.5,,,0.0,0.0,empty_bin
CLOSEPACKING,3341,3339.5,3340.5,,,0.0,0.0,empty_bin
CLOSEPACKING,3342,3340.5,3341.5,,,0.0,0.0,empty_bin
CLOSEPACKING,3343,3341.5,3342.5,,,0.0,0.0,empty_bin
CLOSEPACKING,3344,3342.5,3343.5,,,0.0,0.0,empty_bin
CLOSEPACKING,3345,3343.5,3344.5,,,0.0,0.0,empty_bin
CLOSEPACKING,3346,3344.5,3345.5,,,0.0,0.0,empty_bin
CLOSEPACKING,3347,3345.5,3346.5,,,0.0,0.0,empty_bin
CLOSEPACKING,3348,3346.5,3347.5,,,0.0,0.0,empty_bin
CLOSEPACKING,3349,3347.5,3348.5,,,0.0,0.0,empty_bin
CLOSEPACKING,3350,3348.5,3349.5,,,0.0,0.0,empty_bin
CLOSEPACKING,3351,3349.5,3350.5,,,0.0,0.0,empty_bin
CLOSEPACKING,3352,3350.5,3351.5,,,0.0,0.0,empty_bin
CLOSEPACKING,3353,3351.5,3352.5,,,0.0,0.0,empty_bin
CLOSEPACKING,3354,3352.5,3353.5,,,0.0,0.0,empty_bin
CLOSEPACKING,3355,3353.5,3354.5,,,0.0,0.0,empty_bin
CLOSEPACKING,3356,3354.5,3355.5,,,0.0,0.0,empty_bin
CLOSEPACKING,3357,3355.5,3356.5,,,0.0,0.0,empty_bin
CLOSEPACKING,3358,3356.5,3357.5,,,0.0,0.0,empty_bin
CLOSEPACKING,3359,3357.5,3358.5,,,0.0,0.0,empty_bin
CLOSEPACKING,3360,3358.5,3359.5,,,0.0,0.0,empty_bin
CLOSEPACKING,3361,3359.5,3360.5,,,0.0,0.0,empty_bin
CLOSEPACKING,3362,3360.5,3361.5,,,0.0,0.0,empty_bin
CLOSEPACKING,3363,3361.5,3362.5,,,0.0,0.0,empty_bin
CLOSEPACKING,3364,3362.5,3363.5,,,0.0,0.0,empty_bin
CLOSEPACKING,3365,3363.5,3364.5,,,0.0,0.0,empty_bin
CLOSEPACKING,3366,3364.5,3365.5,,,0.0,0.0,empty_bin
CLOSEPACKING,3367,3365.5,3366.5,,,0.0,0.0,empty_bin
CLOSEPACKING,3368,3366.5,3367.5,,,0.0,0.0,empty_bin
CLOSEPACKING,3369,3367.5,3368.5,,,0.0,0.0,empty_bin
CLOSEPACKING,3370,3368.5,3369.5,,,0.0,0.0,empty_bin
CLOSEPACKING,3371,3369.5,3370.5,,,0.0,0.0,empty_bin
CLOSEPACKING,3372,3370.5,3371.5,,,0.0,0.0,empty_bin
CLOSEPACKING,3373,3371.5,3372.5,,,0.0,0.0,empty_bin
CLOSEPACKING,3374,3372.5,3373.5,,,0.0,0.0,empty_bin
CLOSEPACKING,3375,3373.5,3374.5,,,0.0,0.0,empty_bin
CLOSEPACKING,3376,3374.5,3375.5,,,0.0,0.0,empty_bin
CLOSEPACKING,3377,3375.5,3376.5,,,0.0,0.0,empty_bin
CLOSEPACKING,3378,3376.5,3377.5,,,0.0,0.0,empty_bin
CLOSEPACKING,3379,3377.5,3378.5,,,0.0,0.0,empty_bin
CLOSEPACKING,3380,3378.5,3379.5,,,0.0,0.0,empty_bin
CLOSEPACKING,3381,3379.5,3380.5,,,0.0,0.0,empty_bin
CLOSEPACKING,3382,3380.5,3381.5,,,0.0,0.0,empty_bin
CLOSEPACKING,3383,3381.5,3382.5,,,0.0,0.0,empty_bin
CLOSEPACKING,3384,3382.5,3383.5,,,0.0,0.0,empty_bin
CLOSEPACKING,3385,3383.5,3384.5,,,0.0,0.0,empty_bin
CLOSEPACKING,3386,3384.5,3385.5,,,0.0,0.0,empty_bin
CLOSEPACKING,3387,3385.5,3386.5,,,0.0,0.0,empty_bin
CLOSEPACKING,3388,3386.5,3387.5,,,0.0,0.0,empty_bin
CLOSEPACKING,3389,3387.5,3388.5,,,0.0,0.0,empty_bin
CLOSEPACKING,3390,3388.5,3389.5,,,0.0,0.0,empty_bin
CLOSEPACKING,3391,3389.5,3390.5,,,0.0,0.0,empty_bin
CLOSEPACKING,3392,3390.5,3391.5,,,0.0,0.0,empty_bin
CLOSEPACKING,3393,3391.5,3392.5,,,0.0,0.0,empty_bin
CLOSEPACKING,3394,3392.5,3393.5,,,0.0,0.0,empty_bin
CLOSEPACKING,3395,3393.5,3394.5,,,0.0,0.0,empty_bin
CLOSEPACKING,3396,3394.5,3395.5,,,0.0,0.0,empty_bin
CLOSEPACKING,3397,3395.5,3396.5,,,0.0,0.0,empty_bin
CLOSEPACKING,3398,3396.5,3397.5,,,0.0,0.0,empty_bin
CLOSEPACKING,3399,3397.5,3398.5,,,0.0,0.0,empty_bin
CLOSEPACKING,3400,3398.5,3399.5,,,0.0,0.0,empty_bin
CLOSEPACKING,3401,3399.5,3400.5,,,0.0,0.0,empty_bin
CLOSEPACKING,3402,3400.5,3401.5,,,0.0,0.0,empty_bin
CLOSEPACKING,3403,3401.5,3402.5,,,0.0,0.0,empty_bin
CLOSEPACKING,3404,3402.5,3403.5,,,0.0,0.0,empty_bin
CLOSEPACKING,3405,3403.5,3404.5,,,0.0,0.0,empty_bin
CLOSEPACKING,3406,3404.5,3405.5,,,0.0,0.0,empty_bin
CLOSEPACKING,3407,3405.5,3406.5,,,0.0,0.0,empty_bin
CLOSEPACKING,3408,3406.5,3407.5,,,0.0,0.0,empty_bin
CLOSEPACKING,3409,3407.5,3408.5,,,0.0,0.0,empty_bin
CLOSEPACKING,3410,3408.5,3409.5,,,0.0,0.0,empty_bin
CLOSEPACKING,3411,3409.5,3410.5,,,0.0,0.0,empty_bin
CLOSEPACKING,3412,3410.5,3411.5,,,0.0,0.0,empty_bin
CLOSEPACKING,3413,3411.5,3412.5,,,0.0,0.0,empty_bin
CLOSEPACKING,3414,3412.5,3413.5,,,0.0,0.0,empty_bin
CLOSEPACKING,3415,3413.5,3414.5,,,0.0,0.0,empty_bin
CLOSEPACKING,3416,3414.5,3415.5,,,0.0,0.0,empty_bin
CLOSEPACKING,3417,3415.5,3416.5,,,0.0,0.0,empty_bin
CLOSEPACKING,3418,3416.5,3417.5,,,0.0,0.0,empty_bin
CLOSEPACKING,3419,3417.5,3418.5,,,0.0,0.0,empty_bin
CLOSEPACKING,3420,3418.5,3419.5,,,0.0,0.0,empty_bin
CLOSEPACKING,3421,3419.5,3420.5,,,0.0,0.0,empty_bin
CLOSEPACKING,3422,3420.5,3421.5,,,0.0,0.0,empty_bin
CLOSEPACKING,3423,3421.5,3422.5,,,0.0,0.0,empty_bin
CLOSEPACKING,3424,3422.5,3423.5,,,0.0,0.0,empty_bin
CLOSEPACKING,3425,3423.5,3424.5,,,0.0,0.0,empty_bin
CLOSEPACKING,3426,3424.5,3425.5,,,0.0,0.0,empty_bin
CLOSEPACKING,3427,3425.5,3426.5,,,0.0,0.0,empty_bin
CLOSEPACKING,3428,3426.5,3427.5,,,0.0,0.0,empty_bin
CLOSEPACKING,3429,3427.5,3428.5,,,0.0,0.0,empty_bin
CLOSEPACKING,3430,3428.5,3429.5,,,0.0,0.0,empty_bin
CLOSEPACKING,3431,3429.5,3430.5,,,0.0,0.0,empty_bin
CLOSEPACKING,3432,3430.5,3431.5,,,0.0,0.0,empty_bin
CLOSEPACKING,3433,3431.5,3432.5,,,0.0,0.0,empty_bin
CLOSEPACKING,3434,3432.5,3433.5,,,0.0,0.0,empty_bin
CLOSEPACKING,3435,3433.5,3434.5,,,0.0,0.0,empty_bin
CLOSEPACKING,3436,3434.5,3435.5,,,0.0,0.0,empty_bin
CLOSEPACKING,3437,3435.5,3436.5,,,0.0,0.0,empty_bin
CLOSEPACKING,3438,3436.5,3437.5,,,0.0,0.0,empty_bin
CLOSEPACKING,3439,3437.5,3438.5,,,0.0,0.0,empty_bin
CLOSEPACKING,3440,3438.5,3439.5,,,0.0,0.0,empty_bin
CLOSEPACKING,3441,3439.5,3440.5,,,0.0,0.0,empty_bin
CLOSEPACKING,3442,3440.5,3441.5,,,0.0,0.0,empty_bin
CLOSEPACKING,3443,3441.5,3442.5,,,0.0,0.0,empty_bin
CLOSEPACKING,3444,3442.5,3443.5,,,0.0,0.0,empty_bin
CLOSEPACKING,3445,3443.5,3444.5,,,0.0,0.0,empty_bin
CLOSEPACKING,3446,3444.5,3445.5,,,0.0,0.0,empty_bin
CLOSEPACKING,3447,3445.5,3446.5,,,0.0,0.0,empty_bin
CLOSEPACKING,3448,3446.5,3447.5,,,0.0,0.0,empty_bin
CLOSEPACKING,3449,3447.5,3448.5,,,0.0,0.0,empty_bin
CLOSEPACKING,3450,3448.5,3449.5,,,0.0,0.0,empty_bin
CLOSEPACKING,3451,3449.5,3450.5,,,0.0,0.0,empty_bin
CLOSEPACKING,3452,3450.5,3451.5,,,0.0,0.0,empty_bin
CLOSEPACKING,3453,3451.5,3452.5,,,0.0,0.0,empty_bin
CLOSEPACKING,3454,3452.5,3453.5,,,0.0,0.0,empty_bin
CLOSEPACKING,3455,3453.5,3454.5,,,0.0,0.0,empty_bin
CLOSEPACKING,3456,3454.5,3455.5,,,0.0,0.0,empty_bin
CLOSEPACKING,3457,3455.5,3456.5,,,0.0,0.0,empty_bin
CLOSEPACKING,3458,3456.5,3457.5,,,0.0,0.0,empty_bin
CLOSEPACKING,3459,3457.5,3458.5,,,0.0,0.0,empty_bin
CLOSEPACKING,3460,3458.5,3459.5,,,0.0,0.0,empty_bin
CLOSEPACKING,3461,3459.5,3460.5,,,0.0,0.0,empty_bin
CLOSEPACKING,3462,3460.5,3461.5,,,0.0,0.0,empty_bin
CLOSEPACKING,3463,3461.5,3462.5,,,0.0,0.0,empty_bin
CLOSEPACKING,3464,3462.5,3463.5,,,0.0,0.0,empty_bin
CLOSEPACKING,3465,3463.5,3464.5,,,0.0,0.0,empty_bin
CLOSEPACKING,3466,3464.5,3465.5,,,0.0,0.0,empty_bin
CLOSEPACKING,3467,3465.5,3466.5,,,0.0,0.0,empty_bin
CLOSEPACKING,3468,3466.5,3467.5,,,0.0,0.0,empty_bin
CLOSEPACKING,3469,3467.5,3468.5,,,0.0,0.0,empty_bin
CLOSEPACKING,3470,3468.5,3469.5,,,0.0,0.0,empty_bin
CLOSEPACKING,3471,3469.5,3470.5,,,0.0,0.0,empty_bin
CLOSEPACKING,3472,3470.5,3471.5,,,0.0,0.0,empty_bin
CLOSEPACKING,3473,3471.5,3472.5,,,0.0,0.0,empty_bin
CLOSEPACKING,3474,3472.5,3473.5,,,0.0,0.0,empty_bin
CLOSEPACKING,3475,3473.5,3474.5,,,0.0,0.0,empty_bin
CLOSEPACKING,3476,3474.5,3475.5,,,0.0,0.0,empty_bin
CLOSEPACKING,3477,3475.5,3476.5,,,0.0,0.0,empty_bin
CLOSEPACKING,3478,3476.5,3477.5,,,0.0,0.0,empty_bin
CLOSEPACKING,3479,3477.5,3478.5,,,0.0,0.0,empty_bin
CLOSEPACKING,3480,3478.5,3479.5,,,0.0,0.0,empty_bin
CLOSEPACKING,3481,3479.5,3480.5,,,0.0,0.0,empty_bin
CLOSEPACKING,3482,3480.5,3481.5,,,0.0,0.0,empty_bin
CLOSEPACKING,3483,3481.5,3482.5,,,0.0,0.0,empty_bin
CLOSEPACKING,3484,3482.5,3483.5,,,0.0,0.0,empty_bin
CLOSEPACKING,3485,3483.5,3484.5,,,0.0,0.0,empty_bin
CLOSEPACKING,3486,3484.5,3485.5,,,0.0,0.0,empty_bin
CLOSEPACKING,3487,3485.5,3486.5,,,0.0,0.0,empty_bin
CLOSEPACKING,3488,3486.5,3487.5,,,0.0,0.0,empty_bin
CLOSEPACKING,3489,3487.5,3488.5,,,0.0,0.0,empty_bin
CLOSEPACKING,3490,3488.5,3489.5,,,0.0,0.0,empty_bin
CLOSEPACKING,3491,3489.5,3490.5,,,0.0,0.0,empty_bin
CLOSEPACKING,3492,3490.5,3491.5,,,0.0,0.0,empty_bin
CLOSEPACKING,3493,3491.5,3492.5,,,0.0,0.0,empty_bin
CLOSEPACKING,3494,3492.5,3493.5,,,0.0,0.0,empty_bin
CLOSEPACKING,3495,3493.5,3494.5,,,0.0,0.0,empty_bin
CLOSEPACKING,3496,3494.5,3495.5,,,0.0,0.0,empty_bin
CLOSEPACKING,3497,3495.5,3496.5,,,0.0,0.0,empty_bin
CLOSEPACKING,3498,3496.5,3497.5,,,0.0,0.0,empty_bin
CLOSEPACKING,3499,3497.5,3498.5,,,0.0,0.0,empty_bin
CLOSEPACKING,3500,3498.5,3499.5,,,0.0,0.0,empty_bin
CLOSEPACKING,3501,3499.5,3500.5,,,0.0,0.0,empty_bin
CLOSEPACKING,3502,3500.5,3501.5,,,0.0,0.0,empty_bin
CLOSEPACKING,3503,3501.5,3502.5,,,0.0,0.0,empty_bin
CLOSEPACKING,3504,3502.5,3503.5,,,0.0,0.0,empty_bin
CLOSEPACKING,3505,3503.5,3504.5,,,0.0,0.0,empty_bin
CLOSEPACKING,3506,3504.5,3505.5,,,0.0,0.0,empty_bin
CLOSEPACKING,3507,3505.5,3506.5,,,0.0,0.0,empty_bin
CLOSEPACKING,3508,3506.5,3507.5,,,0.0,0.0,empty_bin
CLOSEPACKING,3509,3507.5,3508.5,,,0.0,0.0,empty_bin
CLOSEPACKING,3510,3508.5,3509.5,,,0.0,0.0,empty_bin
CLOSEPACKING,3511,3509.5,3510.5,,,0.0,0.0,empty_bin
CLOSEPACKING,3512,3510.5,3511.5,,,0.0,0.0,empty_bin
CLOSEPACKING,3513,3511.5,3512.5,,,0.0,0.0,empty_bin
CLOSEPACKING,3514,3512.5,3513.5,,,0.0,0.0,empty_bin
CLOSEPACKING,3515,3513.5,3514.5,,,0.0,0.0,empty_bin
CLOSEPACKING,3516,3514.5,3515.5,,,0.0,0.0,empty_bin
CLOSEPACKING,3517,3515.5,3516.5,,,0.0,0.0,empty_bin
CLOSEPACKING,3518,3516.5,3517.5,,,0.0,0.0,empty_bin
CLOSEPACKING,3519,3517.5,3518.5,,,0.0,0.0,empty_bin
CLOSEPACKING,3520,3518.5,3519.5,,,0.0,0.0,empty_bin
CLOSEPACKING,3521,3519.5,3520.5,,,0.0,0.0,empty_bin
CLOSEPACKING,3522,3520.5,3521.5,,,0.0,0.0,empty_bin
CLOSEPACKING,3523,3521.5,3522.5,,,0.0,0.0,empty_bin
CLOSEPACKING,3524,3522.5,3523.5,,,0.0,0.0,empty_bin
CLOSEPACKING,3525,3523.5,3524.5,,,0.0,0.0,empty_bin
CLOSEPACKING,3526,3524.5,3525.5,,,0.0,0.0,empty_bin
CLOSEPACKING,3527,3525.5,3526.5,,,0.0,0.0,empty_bin
CLOSEPACKING,3528,3526.5,3527.5,,,0.0,0.0,empty_bin
CLOSEPACKING,3529,3527.5,3528.5,,,0.0,0.0,empty_bin
CLOSEPACKING,3530,3528.5,3529.5,,,0.0,0.0,empty_bin
CLOSEPACKING,3531,3529.5,3530.5,,,0.0,0.0,empty_bin
CLOSEPACKING,3532,3530.5,3531.5,,,0.0,0.0,empty_bin
CLOSEPACKING,3533,3531.5,3532.5,,,0.0,0.0,empty_bin
CLOSEPACKING,3534,3532.5,3533.5,,,0.0,0.0,empty_bin
CLOSEPACKING,3535,3533.5,3534.5,,,0.0,0.0,empty_bin
CLOSEPACKING,3536,3534.5,3535.5,,,0.0,0.0,empty_bin
CLOSEPACKING,3537,3535.5,3536.5,,,0.0,0.0,empty_bin
CLOSEPACKING,3538,3536.5,3537.5,,,0.0,0.0,empty_bin
CLOSEPACKING,3539,3537.5,3538.5,,,0.0,0.0,empty_bin
CLOSEPACKING,3540,3538.5,3539.5,,,0.0,0.0,empty_bin
CLOSEPACKING,3541,3539.5,3540.5,,,0.0,0.0,empty_bin
CLOSEPACKING,3542,3540.5,3541.5,,,0.0,0.0,empty_bin
CLOSEPACKING,3543,3541.5,3542.5,,,0.0,0.0,empty_bin
CLOSEPACKING,3544,3542.5,3543.5,,,0.0,0.0,empty_bin
CLOSEPACKING,3545,3543.5,3544.5,,,0.0,0.0,empty_bin
CLOSEPACKING,3546,3544.5,3545.5,,,0.0,0.0,empty_bin
CLOSEPACKING,3547,3545.5,3546.5,,,0.0,0.0,empty_bin
CLOSEPACKING,3548,3546.5,3547.5,,,0.0,0.0,empty_bin
CLOSEPACKING,3549,3547.5,3548.5,,,0.0,0.0,empty_bin
CLOSEPACKING,3550,3548.5,3549.5,,,0.0,0.0,empty_bin
CLOSEPACKING,3551,3549.5,3550.5,,,0.0,0.0,empty_bin
CLOSEPACKING,3552,3550.5,3551.5,,,0.0,0.0,empty_bin
CLOSEPACKING,3553,3551.5,3552.5,,,0.0,0.0,empty_bin
CLOSEPACKING,3554,3552.5,3553.5,,,0.0,0.0,empty_bin
CLOSEPACKING,3555,3553.5,3554.5,,,0.0,0.0,empty_bin
CLOSEPACKING,3556,3554.5,3555.5,,,0.0,0.0,empty_bin
CLOSEPACKING,3557,3555.5,3556.5,,,0.0,0.0,empty_bin
CLOSEPACKING,3558,3556.5,3557.5,,,0.0,0.0,empty_bin
CLOSEPACKING,3559,3557.5,3558.5,,,0.0,0.0,empty_bin
CLOSEPACKING,3560,3558.5,3559.5,,,0.0,0.0,empty_bin
CLOSEPACKING,3561,3559.5,3560.5,,,0.0,0.0,empty_bin
CLOSEPACKING,3562,3560.5,3561.5,,,0.0,0.0,empty_bin
CLOSEPACKING,3563,3561.5,3562.5,,,0.0,0.0,empty_bin
CLOSEPACKING,3564,3562.5,3563.5,,,0.0,0.0,empty_bin
CLOSEPACKING,3565,3563.5,3564.5,,,0.0,0.0,empty_bin
CLOSEPACKING,3566,3564.5,3565.5,,,0.0,0.0,empty_bin
CLOSEPACKING,3567,3565.5,3566.5,,,0.0,0.0,empty_bin
CLOSEPACKING,3568,3566.5,3567.5,,,0.0,0.0,empty_bin
CLOSEPACKING,3569,3567.5,3568.5,,,0.0,0.0,empty_bin
CLOSEPACKING,3570,3568.5,3569.5,,,0.0,0.0,empty_bin
CLOSEPACKING,3571,3569.5,3570.5,,,0.0,0.0,empty_bin
CLOSEPACKING,3572,3570.5,3571.5,,,0.0,0.0,empty_bin
CLOSEPACKING,3573,3571.5,3572.5,,,0.0,0.0,empty_bin
CLOSEPACKING,3574,3572.5,3573.5,,,0.0,0.0,empty_bin
CLOSEPACKING,3575,3573.5,3574.5,,,0.0,0.0,empty_bin
CLOSEPACKING,3576,3574.5,3575.5,,,0.0,0.0,empty_bin
CLOSEPACKING,3577,3575.5,3576.5,,,0.0,0.0,empty_bin
CLOSEPACKING,3578,3576.5,3577.5,,,0.0,0.0,empty_bin
CLOSEPACKING,3579,3577.5,3578.5,,,0.0,0.0,empty_bin
CLOSEPACKING,3580,3578.5,3579.5,,,0.0,0.0,empty_bin
CLOSEPACKING,3581,3579.5,3580.5,,,0.0,0.0,empty_bin
CLOSEPACKING,3582,3580.5,3581.5,,,0.0,0.0,empty_bin
CLOSEPACKING,3583,3581.5,3582.5,,,0.0,0.0,empty_bin
CLOSEPACKING,3584,3582.5,3583.5,,,0.0,0.0,empty_bin
CLOSEPACKING,3585,3583.5,3584.5,,,0.0,0.0,empty_bin
CLOSEPACKING,3586,3584.5,3585.5,,,0.0,0.0,empty_bin
CLOSEPACKING,3587,3585.5,3586.5,,,0.0,0.0,empty_bin
CLOSEPACKING,3588,3586.5,3587.5,,,0.0,0.0,empty_bin
CLOSEPACKING,3589,3587.5,3588.5,,,0.0,0.0,empty_bin
CLOSEPACKING,3590,3588.5,3589.5,,,0.0,0.0,empty_bin
CLOSEPACKING,3591,3589.5,3590.5,,,0.0,0.0,empty_bin
CLOSEPACKING,3592,3590.5,3591.5,,,0.0,0.0,empty_bin
CLOSEPACKING,3593,3591.5,3592.5,,,0.0,0.0,empty_bin
CLOSEPACKING,3594,3592.5,3593.5,,,0.0,0.0,empty_bin
CLOSEPACKING,3595,3593.5,3594.5,,,0.0,0.0,empty_bin
CLOSEPACKING,3596,3594.5,3595.5,,,0.0,0.0,empty_bin
CLOSEPACKING,3597,3595.5,3596.5,,,0.0,0.0,empty_bin
CLOSEPACKING,3598,3596.5,3597.5,,,0.0,0.0,empty_bin
CLOSEPACKING,3599,3597.5,3598.5,,,0.0,0.0,empty_bin
CLOSEPACKING,3600,3598.5,3599.5,,,0.0,0.0,empty_bin
CLOSEPACKING,3601,3599.5,3600.5,,,0.0,0.0,empty_bin
CLOSEPACKING,3602,3600.5,3601.5,,,0.0,0.0,empty_bin
CLOSEPACKING,3603,3601.5,3602.5,,,0.0,0.0,empty_bin
CLOSEPACKING,3604,3602.5,3603.5,,,0.0,0.0,empty_bin
CLOSEPACKING,3605,3603.5,3604.5,,,0.0,0.0,empty_bin
CLOSEPACKING,3606,3604.5,3605.5,,,0.0,0.0,empty_bin
CLOSEPACKING,3607,3605.5,3606.5,,,0.0,0.0,empty_bin
CLOSEPACKING,3608,3606.5,3607.5,,,0.0,0.0,empty_bin
CLOSEPACKING,3609,3607.5,3608.5,,,0.0,0.0,empty_bin
CLOSEPACKING,3610,3608.5,3609.5,,,0.0,0.0,empty_bin
CLOSEPACKING,3611,3609.5,3610.5,,,0.0,0.0,empty_bin
CLOSEPACKING,3612,3610.5,3611.5,,,0.0,0.0,empty_bin
CLOSEPACKING,3613,3611.5,3612.5,,,0.0,0.0,empty_bin
CLOSEPACKING,3614,3612.5,3613.5,,,0.0,0.0,empty_bin
CLOSEPACKING,3615,3613.5,3614.5,,,0.0,0.0,empty_bin
CLOSEPACKING,3616,3614.5,3615.5,,,0.0,0.0,empty_bin
CLOSEPACKING,3617,3615.5,3616.5,,,0.0,0.0,empty_bin
CLOSEPACKING,3618,3616.5,3617.5,,,0.0,0.0,empty_bin
CLOSEPACKING,3619,3617.5,3618.5,,,0.0,0.0,empty_bin
CLOSEPACKING,3620,3618.5,3619.5,,,0.0,0.0,empty_bin
CLOSEPACKING,3621,3619.5,3620.5,,,0.0,0.0,empty_bin
CLOSEPACKING,3622,3620.5,3621.5,,,0.0,0.0,empty_bin
CLOSEPACKING,3623,3621.5,3622.5,,,0.0,0.0,empty_bin
CLOSEPACKING,3624,3622.5,3623.5,,,0.0,0.0,empty_bin
CLOSEPACKING,3625,3623.5,3624.5,,,0.0,0.0,empty_bin
CLOSEPACKING,3626,3624.5,3625.5,,,0.0,0.0,empty_bin
CLOSEPACKING,3627,3625.5,3626.5,,,0.0,0.0,empty_bin
CLOSEPACKING,3628,3626.5,3627.5,,,0.0,0.0,empty_bin
CLOSEPACKING,3629,3627.5,3628.5,,,0.0,0.0,empty_bin
CLOSEPACKING,3630,3628.5,3629.5,,,0.0,0.0,empty_bin
CLOSEPACKING,3631,3629.5,3630.5,,,0.0,0.0,empty_bin
CLOSEPACKING,3632,3630.5,3631.5,,,0.0,0.0,empty_bin
CLOSEPACKING,3633,3631.5,3632.5,,,0.0,0.0,empty_bin
CLOSEPACKING,3634,3632.5,3633.5,,,0.0,0.0,empty_bin
CLOSEPACKING,3635,3633.5,3634.5,,,0.0,0.0,empty_bin
CLOSEPACKING,3636,3634.5,3635.5,,,0.0,0.0,empty_bin
CLOSEPACKING,3637,3635.5,3636.5,,,0.0,0.0,empty_bin
CLOSEPACKING,3638,3636.5,3637.5,,,0.0,0.0,empty_bin
CLOSEPACKING,3639,3637.5,3638.5,,,0.0,0.0,empty_bin
CLOSEPACKING,3640,3638.5,3639.5,,,0.0,0.0,empty_bin
CLOSEPACKING,3641,3639.5,3640.5,,,0.0,0.0,empty_bin
CLOSEPACKING,3642,3640.5,3641.5,,,0.0,0.0,empty_bin
CLOSEPACKING,3643,3641.5,3642.5,,,0.0,0.0,empty_bin
CLOSEPACKING,3644,3642.5,3643.5,,,0.0,0.0,empty_bin
CLOSEPACKING,3645,3643.5,3644.5,,,0.0,0.0,empty_bin
CLOSEPACKING,3646,3644.5,3645.5,,,0.0,0.0,empty_bin
CLOSEPACKING,3647,3645.5,3646.5,,,0.0,0.0,empty_bin
CLOSEPACKING,3648,3646.5,3647.5,,,0.0,0.0,empty_bin
CLOSEPACKING,3649,3647.5,3648.5,,,0.0,0.0,empty_bin
CLOSEPACKING,3650,3648.5,3649.5,,,0.0,0.0,empty_bin
CLOSEPACKING,3651,3649.5,3650.5,,,0.0,0.0,empty_bin
CLOSEPACKING,3652,3650.5,3651.5,,,0.0,0.0,empty_bin
CLOSEPACKING,3653,3651.5,3652.5,,,0.0,0.0,empty_bin
CLOSEPACKING,3654,3652.5,3653.5,,,0.0,0.0,empty_bin
CLOSEPACKING,3655,3653.5,3654.5,,,0.0,0.0,empty_bin
CLOSEPACKING,3656,3654.5,3655.5,,,0.0,0.0,empty_bin
CLOSEPACKING,3657,3655.5,3656.5,,,0.0,0.0,empty_bin
CLOSEPACKING,3658,3656.5,3657.5,,,0.0,0.0,empty_bin
CLOSEPACKING,3659,3657.5,3658.5,,,0.0,0.0,empty_bin
CLOSEPACKING,3660,3658.5,3659.5,,,0.0,0.0,empty_bin
CLOSEPACKING,3661,3659.5,3660.5,,,0.0,0.0,empty_bin
CLOSEPACKING,3662,3660.5,3661.5,,,0.0,0.0,empty_bin
CLOSEPACKING,3663,3661.5,3662.5,,,0.0,0.0,empty_bin
CLOSEPACKING,3664,3662.5,3663.5,,,0.0,0.0,empty_bin
CLOSEPACKING,3665,3663.5,3664.5,,,0.0,0.0,empty_bin
CLOSEPACKING,3666,3664.5,3665.5,,,0.0,0.0,empty_bin
CLOSEPACKING,3667,3665.5,3666.5,,,0.0,0.0,empty_bin
CLOSEPACKING,3668,3666.5,3667.5,,,0.0,0.0,empty_bin
CLOSEPACKING,3669,3667.5,3668.5,,,0.0,0.0,empty_bin
CLOSEPACKING,3670,3668.5,3669.5,,,0.0,0.0,empty_bin
CLOSEPACKING,3671,3669.5,3670.5,,,0.0,0.0,empty_bin
CLOSEPACKING,3672,3670.5,3671.5,,,0.0,0.0,empty_bin
CLOSEPACKING,3673,3671.5,3672.5,,,0.0,0.0,empty_bin
CLOSEPACKING,3674,3672.5,3673.5,,,0.0,0.0,empty_bin
CLOSEPACKING,3675,3673.5,3674.5,,,0.0,0.0,empty_bin
CLOSEPACKING,3676,3674.5,3675.5,,,0.0,0.0,empty_bin
CLOSEPACKING,3677,3675.5,3676.5,,,0.0,0.0,empty_bin
CLOSEPACKING,3678,3676.5,3677.5,,,0.0,0.0,empty_bin
CLOSEPACKING,3679,3677.5,3678.5,,,0.0,0.0,empty_bin
CLOSEPACKING,3680,3678.5,3679.5,,,0.0,0.0,empty_bin
CLOSEPACKING,3681,3679.5,3680.5,,,0.0,0.0,empty_bin
CLOSEPACKING,3682,3680.5,3681.5,,,0.0,0.0,empty_bin
CLOSEPACKING,3683,3681.5,3682.5,,,0.0,0.0,empty_bin
CLOSEPACKING,3684,3682.5,3683.5,,,0.0,0.0,empty_bin
CLOSEPACKING,3685,3683.5,3684.5,,,0.0,0.0,empty_bin
CLOSEPACKING,3686,3684.5,3685.5,,,0.0,0.0,empty_bin
CLOSEPACKING,3687,3685.5,3686.5,,,0.0,0.0,empty_bin
CLOSEPACKING,3688,3686.5,3687.5,,,0.0,0.0,empty_bin
CLOSEPACKING,3689,3687.5,3688.5,,,0.0,0.0,empty_bin
CLOSEPACKING,3690,3688.5,3689.5,,,0.0,0.0,empty_bin
CLOSEPACKING,3691,3689.5,3690.5,,,0.0,0.0,empty_bin
CLOSEPACKING,3692,3690.5,3691.5,,,0.0,0.0,empty_bin
CLOSEPACKING,3693,3691.5,3692.5,,,0.0,0.0,empty_bin
CLOSEPACKING,3694,3692.5,3693.5,,,0.0,0.0,empty_bin
CLOSEPACKING,3695,3693.5,3694.5,,,0.0,0.0,empty_bin
CLOSEPACKING,3696,3694.5,3695.5,,,0.0,0.0,empty_bin
CLOSEPACKING,3697,3695.5,3696.5,,,0.0,0.0,empty_bin
CLOSEPACKING,3698,3696.5,3697.5,,,0.0,0.0,empty_bin
CLOSEPACKING,3699,3697.5,3698.5,,,0.0,0.0,empty_bin
CLOSEPACKING,3700,3698.5,3699.5,,,0.0,0.0,empty_bin
CLOSEPACKING,3701,3699.5,3700.5,,,0.0,0.0,empty_bin
CLOSEPACKING,3702,3700.5,3701.5,,,0.0,0.0,empty_bin
CLOSEPACKING,3703,3701.5,3702.5,,,0.0,0.0,empty_bin
CLOSEPACKING,3704,3702.5,3703.5,,,0.0,0.0,empty_bin
CLOSEPACKING,3705,3703.5,3704.5,,,0.0,0.0,empty_bin
CLOSEPACKING,3706,3704.5,3705.5,,,0.0,0.0,empty_bin
CLOSEPACKING,3707,3705.5,3706.5,,,0.0,0.0,empty_bin
CLOSEPACKING,3708,3706.5,3707.5,,,0.0,0.0,empty_bin
CLOSEPACKING,3709,3707.5,3708.5,,,0.0,0.0,empty_bin
CLOSEPACKING,3710,3708.5,3709.5,,,0.0,0.0,empty_bin
CLOSEPACKING,3711,3709.5,3710.5,,,0.0,0.0,empty_bin
CLOSEPACKING,3712,3710.5,3711.5,,,0.0,0.0,empty_bin
CLOSEPACKING,3713,3711.5,3712.5,,,0.0,0.0,empty_bin
CLOSEPACKING,3714,3712.5,3713.5,,,0.0,0.0,empty_bin
CLOSEPACKING,3715,3713.5,3714.5,,,0.0,0.0,empty_bin
CLOSEPACKING,3716,3714.5,3715.5,,,0.0,0.0,empty_bin
CLOSEPACKING,3717,3715.5,3716.5,,,0.0,0.0,empty_bin
CLOSEPACKING,3718,3716.5,3717.5,,,0.0,0.0,empty_bin
CLOSEPACKING,3719,3717.5,3718.5,,,0.0,0.0,empty_bin
CLOSEPACKING,3720,3718.5,3719.5,,,0.0,0.0,empty_bin
CLOSEPACKING,3721,3719.5,3720.5,,,0.0,0.0,empty_bin
CLOSEPACKING,3722,3720.5,3721.5,,,0.0,0.0,empty_bin
CLOSEPACKING,3723,3721.5,3722.5,,,0.0,0.0,empty_bin
CLOSEPACKING,3724,3722.5,3723.5,,,0.0,0.0,empty_bin
CLOSEPACKING,3725,3723.5,3724.5,,,0.0,0.0,empty_bin
CLOSEPACKING,3726,3724.5,3725.5,,,0.0,0.0,empty_bin
CLOSEPACKING,3727,3725.5,3726.5,,,0.0,0.0,empty_bin
CLOSEPACKING,3728,3726.5,3727.5,,,0.0,0.0,empty_bin
CLOSEPACKING,3729,3727.5,3728.5,,,0.0,0.0,empty_bin
CLOSEPACKING,3730,3728.5,3729.5,,,0.0,0.0,empty_bin
CLOSEPACKING,3731,3729.5,3730.5,,,0.0,0.0,empty_bin
CLOSEPACKING,3732,3730.5,3731.5,,,0.0,0.0,empty_bin
CLOSEPACKING,3733,3731.5,3732.5,,,0.0,0.0,empty_bin
CLOSEPACKING,3734,3732.5,3733.5,,,0.0,0.0,empty_bin
CLOSEPACKING,3735,3733.5,3734.5,,,0.0,0.0,empty_bin
CLOSEPACKING,3736,3734.5,3735.5,,,0.0,0.0,empty_bin
CLOSEPACKING,3737,3735.5,3736.5,,,0.0,0.0,empty_bin
CLOSEPACKING,3738,3736.5,3737.5,,,0.0,0.0,empty_bin
CLOSEPACKING,3739,3737.5,3738.5,,,0.0,0.0,empty_bin
CLOSEPACKING,3740,3738.5,3739.5,,,0.0,0.0,empty_bin
CLOSEPACKING,3741,3739.5,3740.5,,,0.0,0.0,empty_bin
CLOSEPACKING,3742,3740.5,3741.5,,,0.0,0.0,empty_bin
CLOSEPACKING,3743,3741.5,3742.5,,,0.0,0.0,empty_bin
CLOSEPACKING,3744,3742.5,3743.5,,,0.0,0.0,empty_bin
CLOSEPACKING,3745,3743.5,3744.5,,,0.0,0.0,empty_bin
CLOSEPACKING,3746,3744.5,3745.5,,,0.0,0.0,empty_bin
CLOSEPACKING,3747,3745.5,3746.5,,,0.0,0.0,empty_bin
CLOSEPACKING,3748,3746.5,3747.5,,,0.0,0.0,empty_bin
CLOSEPACKING,3749,3747.5,3748.5,,,0.0,0.0,empty_bin
CLOSEPACKING,3750,3748.5,3749.5,,,0.0,0.0,empty_bin
CLOSEPACKING,3751,3749.5,3750.5,,,0.0,0.0,empty_bin
CLOSEPACKING,3752,3750.5,3751.5,,,0.0,0.0,empty_bin
CLOSEPACKING,3753,3751.5,3752.5,,,0.0,0.0,empty_bin
CLOSEPACKING,3754,3752.5,3753.5,,,0.0,0.0,empty_bin
CLOSEPACKING,3755,3753.5,3754.5,,,0.0,0.0,empty_bin
CLOSEPACKING,3756,3754.5,3755.5,,,0.0,0.0,empty_bin
CLOSEPACKING,3757,3755.5,3756.5,,,0.0,0.0,empty_bin
CLOSEPACKING,3758,3756.5,3757.5,,,0.0,0.0,empty_bin
CLOSEPACKING,3759,3757.5,3758.5,,,0.0,0.0,empty_bin
CLOSEPACKING,3760,3758.5,3759.5,,,0.0,0.0,empty_bin
CLOSEPACKING,3761,3759.5,3760.5,,,0.0,0.0,empty_bin
CLOSEPACKING,3762,3760.5,3761.5,,,0.0,0.0,empty_bin
CLOSEPACKING,3763,3761.5,3762.5,,,0.0,0.0,empty_bin
CLOSEPACKING,3764,3762.5,3763.5,,,0.0,0.0,empty_bin
CLOSEPACKING,3765,3763.5,3764.5,,,0.0,0.0,empty_bin
CLOSEPACKING,3766,3764.5,3765.5,,,0.0,0.0,empty_bin
CLOSEPACKING,3767,3765.5,3766.5,,,0.0,0.0,empty_bin
CLOSEPACKING,3768,3766.5,3767.5,,,0.0,0.0,empty_bin
CLOSEPACKING,3769,3767.5,3768.5,,,0.0,0.0,empty_bin
CLOSEPACKING,3770,3768.5,3769.5,,,0.0,0.0,empty_bin
CLOSEPACKING,3771,3769.5,3770.5,,,0.0,0.0,empty_bin
CLOSEPACKING,3772,3770.5,3771.5,,,0.0,0.0,empty_bin
CLOSEPACKING,3773,3771.5,3772.5,,,0.0,0.0,empty_bin
CLOSEPACKING,3774,3772.5,3773.5,,,0.0,0.0,empty_bin
CLOSEPACKING,3775,3773.5,3774.5,,,0.0,0.0,empty_bin
CLOSEPACKING,3776,3774.5,3775.5,,,0.0,0.0,empty_bin
CLOSEPACKING,3777,3775.5,3776.5,,,0.0,0.0,empty_bin
CLOSEPACKING,3778,3776.5,3777.5,,,0.0,0.0,empty_bin
CLOSEPACKING,3779,3777.5,3778.5,,,0.0,0.0,empty_bin
CLOSEPACKING,3780,3778.5,3779.5,,,0.0,0.0,empty_bin
CLOSEPACKING,3781,3779.5,3780.5,,,0.0,0.0,empty_bin
CLOSEPACKING,3782,3780.5,3781.5,,,0.0,0.0,empty_bin
CLOSEPACKING,3783,3781.5,3782.5,,,0.0,0.0,empty_bin
CLOSEPACKING,3784,3782.5,3783.5,,,0.0,0.0,empty_bin
CLOSEPACKING,3785,3783.5,3784.5,,,0.0,0.0,empty_bin
CLOSEPACKING,3786,3784.5,3785.5,,,0.0,0.0,empty_bin
CLOSEPACKING,3787,3785.5,3786.5,,,0.0,0.0,empty_bin
CLOSEPACKING,3788,3786.5,3787.5,,,0.0,0.0,empty_bin
CLOSEPACKING,3789,3787.5,3788.5,,,0.0,0.0,empty_bin
CLOSEPACKING,3790,3788.5,3789.5,,,0.0,0.0,empty_bin
CLOSEPACKING,3791,3789.5,3790.5,,,0.0,0.0,empty_bin
CLOSEPACKING,3792,3790.5,3791.5,,,0.0,0.0,empty_bin
CLOSEPACKING,3793,3791.5,3792.5,,,0.0,0.0,empty_bin
CLOSEPACKING,3794,3792.5,3793.5,,,0.0,0.0,empty_bin
CLOSEPACKING,3795,3793.5,3794.5,,,0.0,0.0,empty_bin
CLOSEPACKING,3796,3794.5,3795.5,,,0.0,0.0,empty_bin
CLOSEPACKING,3797,3795.5,3796.5,,,0.0,0.0,empty_bin
CLOSEPACKING,3798,3796.5,3797.5,,,0.0,0.0,empty_bin
CLOSEPACKING,3799,3797.5,3798.5,,,0.0,0.0,empty_bin
CLOSEPACKING,3800,3798.5,3799.5,,,0.0,0.0,empty_bin
CLOSEPACKING,3801,3799.5,3800.5,,,0.0,0.0,empty_bin
CLOSEPACKING,3802,3800.5,3801.5,,,0.0,0.0,empty_bin
CLOSEPACKING,3803,3801.5,3802.5,,,0.0,0.0,empty_bin
CLOSEPACKING,3804,3802.5,3803.5,,,0.0,0.0,empty_bin
CLOSEPACKING,3805,3803.5,3804.5,,,0.0,0.0,empty_bin
CLOSEPACKING,3806,3804.5,3805.5,,,0.0,0.0,empty_bin
CLOSEPACKING,3807,3805.5,3806.5,,,0.0,0.0,empty_bin
CLOSEPACKING,3808,3806.5,3807.5,,,0.0,0.0,empty_bin
CLOSEPACKING,3809,3807.5,3808.5,,,0.0,0.0,empty_bin
CLOSEPACKING,3810,3808.5,3809.5,,,0.0,0.0,empty_bin
CLOSEPACKING,3811,3809.5,3810.5,,,0.0,0.0,empty_bin
CLOSEPACKING,3812,3810.5,3811.5,,,0.0,0.0,empty_bin
CLOSEPACKING,3813,3811.5,3812.5,,,0.0,0.0,empty_bin
CLOSEPACKING,3814,3812.5,3813.5,,,0.0,0.0,empty_bin
CLOSEPACKING,3815,3813.5,3814.5,,,0.0,0.0,empty_bin
CLOSEPACKING,3816,3814.5,3815.5,,,0.0,0.0,empty_bin
CLOSEPACKING,3817,3815.5,3816.5,,,0.0,0.0,empty_bin
CLOSEPACKING,3818,3816.5,3817.5,,,0.0,0.0,empty_bin
CLOSEPACKING,3819,3817.5,3818.5,,,0.0,0.0,empty_bin
CLOSEPACKING,3820,3818.5,3819.5,,,0.0,0.0,empty_bin
CLOSEPACKING,3821,3819.5,3820.5,,,0.0,0.0,empty_bin
CLOSEPACKING,3822,3820.5,3821.5,,,0.0,0.0,empty_bin
CLOSEPACKING,3823,3821.5,3822.5,,,0.0,0.0,empty_bin
CLOSEPACKING,3824,3822.5,3823.5,,,0.0,0.0,empty_bin
CLOSEPACKING,3825,3823.5,3824.5,,,0.0,0.0,empty_bin
CLOSEPACKING,3826,3824.5,3825.5,,,0.0,0.0,empty_bin
CLOSEPACKING,3827,3825.5,3826.5,,,0.0,0.0,empty_bin
CLOSEPACKING,3828,3826.5,3827.5,,,0.0,0.0,empty_bin
CLOSEPACKING,3829,3827.5,3828.5,,,0.0,0.0,empty_bin
CLOSEPACKING,3830,3828.5,3829.5,,,0.0,0.0,empty_bin
CLOSEPACKING,3831,3829.5,3830.5,,,0.0,0.0,empty_bin
CLOSEPACKING,3832,3830.5,3831.5,,,0.0,0.0,empty_bin
CLOSEPACKING,3833,3831.5,3832.5,,,0.0,0.0,empty_bin
CLOSEPACKING,3834,3832.5,3833.5,,,0.0,0.0,empty_bin
CLOSEPACKING,3835,3833.5,3834.5,,,0.0,0.0,empty_bin
CLOSEPACKING,3836,3834.5,3835.5,,,0.0,0.0,empty_bin
CLOSEPACKING,3837,3835.5,3836.5,,,0.0,0.0,empty_bin
CLOSEPACKING,3838,3836.5,3837.5,,,0.0,0.0,empty_bin
CLOSEPACKING,3839,3837.5,3838.5,,,0.0,0.0,empty_bin
CLOSEPACKING,3840,3838.5,3839.5,,,0.0,0.0,empty_bin
CLOSEPACKING,3841,3839.5,3840.5,,,0.0,0.0,empty_bin
CLOSEPACKING,3842,3840.5,3841.5,,,0.0,0.0,empty_bin
CLOSEPACKING,3843,3841.5,3842.5,,,0.0,0.0,empty_bin
CLOSEPACKING,3844,3842.5,3843.5,,,0.0,0.0,empty_bin
CLOSEPACKING,3845,3843.5,3844.5,,,0.0,0.0,empty_bin
CLOSEPACKING,3846,3844.5,3845.5,,,0.0,0.0,empty_bin
CLOSEPACKING,3847,3845.5,3846.5,,,0.0,0.0,empty_bin
CLOSEPACKING,3848,3846.5,3847.5,,,0.0,0.0,empty_bin
CLOSEPACKING,3849,3847.5,3848.5,,,0.0,0.0,empty_bin
CLOSEPACKING,3850,3848.5,3849.5,,,0.0,0.0,empty_bin
CLOSEPACKING,3851,3849.5,3850.5,,,0.0,0.0,empty_bin
CLOSEPACKING,3852,3850.5,3851.5,,,0.0,0.0,empty_bin
CLOSEPACKING,3853,3851.5,3852.5,,,0.0,0.0,empty_bin
CLOSEPACKING,3854,3852.5,3853.5,,,0.0,0.0,empty_bin
CLOSEPACKING,3855,3853.5,3854.5,,,0.0,0.0,empty_bin
CLOSEPACKING,3856,3854.5,3855.5,,,0.0,0.0,empty_bin
CLOSEPACKING,3857,3855.5,3856.5,,,0.0,0.0,empty_bin
CLOSEPACKING,3858,3856.5,3857.5,,,0.0,0.0,empty_bin
CLOSEPACKING,3859,3857.5,3858.5,,,0.0,0.0,empty_bin
CLOSEPACKING,3860,3858.5,3859.5,,,0.0,0.0,empty_bin
CLOSEPACKING,3861,3859.5,3860.5,,,0.0,0.0,empty_bin
CLOSEPACKING,3862,3860.5,3861.5,,,0.0,0.0,empty_bin
CLOSEPACKING,3863,3861.5,3862.5,,,0.0,0.0,empty_bin
CLOSEPACKING,3864,3862.5,3863.5,,,0.0,0.0,empty_bin
CLOSEPACKING,3865,3863.5,3864.5,,,0.0,0.0,empty_bin
CLOSEPACKING,3866,3864.5,3865.5,,,0.0,0.0,empty_bin
CLOSEPACKING,3867,3865.5,3866.5,,,0.0,0.0,empty_bin
CLOSEPACKING,3868,3866.5,3867.5,,,0.0,0.0,empty_bin
CLOSEPACKING,3869,3867.5,3868.5,,,0.0,0.0,empty_bin
CLOSEPACKING,3870,3868.5,3869.5,,,0.0,0.0,empty_bin
CLOSEPACKING,3871,3869.5,3870.5,,,0.0,0.0,empty_bin
CLOSEPACKING,3872,3870.5,3871.5,,,0.0,0.0,empty_bin
CLOSEPACKING,3873,3871.5,3872.5,,,0.0,0.0,empty_bin
CLOSEPACKING,3874,3872.5,3873.5,,,0.0,0.0,empty_bin
CLOSEPACKING,3875,3873.5,3874.5,,,0.0,0.0,empty_bin
CLOSEPACKING,3876,3874.5,3875.5,,,0.0,0.0,empty_bin
CLOSEPACKING,3877,3875.5,3876.5,,,0.0,0.0,empty_bin
CLOSEPACKING,3878,3876.5,3877.5,,,0.0,0.0,empty_bin
CLOSEPACKING,3879,3877.5,3878.5,,,0.0,0.0,empty_bin
CLOSEPACKING,3880,3878.5,3879.5,,,0.0,0.0,empty_bin
CLOSEPACKING,3881,3879.5,3880.5,,,0.0,0.0,empty_bin
CLOSEPACKING,3882,3880.5,3881.5,,,0.0,0.0,empty_bin
CLOSEPACKING,3883,3881.5,3882.5,,,0.0,0.0,empty_bin
CLOSEPACKING,3884,3882.5,3883.5,,,0.0,0.0,empty_bin
CLOSEPACKING,3885,3883.5,3884.5,,,0.0,0.0,empty_bin
CLOSEPACKING,3886,3884.5,3885.5,,,0.0,0.0,empty_bin
CLOSEPACKING,3887,3885.5,3886.5,,,0.0,0.0,empty_bin
CLOSEPACKING,3888,3886.5,3887.5,,,0.0,0.0,empty_bin
CLOSEPACKING,3889,3887.5,3888.5,,,0.0,0.0,empty_bin
CLOSEPACKING,3890,3888.5,3889.5,,,0.0,0.0,empty_bin
CLOSEPACKING,3891,3889.5,3890.5,,,0.0,0.0,empty_bin
CLOSEPACKING,3892,3890.5,3891.5,,,0.0,0.0,empty_bin
CLOSEPACKING,3893,3891.5,3892.5,,,0.0,0.0,empty_bin
CLOSEPACKING,3894,3892.5,3893.5,,,0.0,0.0,empty_bin
CLOSEPACKING,3895,3893.5,3894.5,,,0.0,0.0,empty_bin
CLOSEPACKING,3896,3894.5,3895.5,,,0.0,0.0,empty_bin
CLOSEPACKING,3897,3895.5,3896.5,,,0.0,0.0,empty_bin
CLOSEPACKING,3898,3896.5,3897.5,,,0.0,0.0,empty_bin
CLOSEPACKING,3899,3897.5,3898.5,,,0.0,0.0,empty_bin
CLOSEPACKING,3900,3898.5,3899.5,,,0.0,0.0,empty_bin
CLOSEPACKING,3901,3899.5,3900.5,,,0.0,0.0,empty_bin
CLOSEPACKING,3902,3900.5,3901.5,,,0.0,0.0,empty_bin
CLOSEPACKING,3903,3901.5,3902.5,,,0.0,0.0,empty_bin
CLOSEPACKING,3904,3902.5,3903.5,,,0.0,0.0,empty_bin
CLOSEPACKING,3905,3903.5,3904.5,,,0.0,0.0,empty_bin
CLOSEPACKING,3906,3904.5,3905.5,,,0.0,0.0,empty_bin
CLOSEPACKING,3907,3905.5,3906.5,,,0.0,0.0,empty_bin
CLOSEPACKING,3908,3906.5,3907.5,,,0.0,0.0,empty_bin
CLOSEPACKING,3909,3907.5,3908.5,,,0.0,0.0,empty_bin
CLOSEPACKING,3910,3908.5,3909.5,,,0.0,0.0,empty_bin
CLOSEPACKING,3911,3909.5,3910.5,,,0.0,0.0,empty_bin
CLOSEPACKING,3912,3910.5,3911.5,,,0.0,0.0,empty_bin
CLOSEPACKING,3913,3911.5,3912.5,,,0.0,0.0,empty_bin
CLOSEPACKING,3914,3912.5,3913.5,,,0.0,0.0,empty_bin
CLOSEPACKING,3915,3913.5,3914.5,,,0.0,0.0,empty_bin
CLOSEPACKING,3916,3914.5,3915.5,,,0.0,0.0,empty_bin
CLOSEPACKING,3917,3915.5,3916.5,,,0.0,0.0,empty_bin
CLOSEPACKING,3918,3916.5,3917.5,,,0.0,0.0,empty_bin
CLOSEPACKING,3919,3917.5,3918.5,,,0.0,0.0,empty_bin
CLOSEPACKING,3920,3918.5,3919.5,,,0.0,0.0,empty_bin
CLOSEPACKING,3921,3919.5,3920.5,,,0.0,0.0,empty_bin
CLOSEPACKING,3922,3920.5,3921.5,,,0.0,0.0,empty_bin
CLOSEPACKING,3923,3921.5,3922.5,,,0.0,0.0,empty_bin
CLOSEPACKING,3924,3922.5,3923.5,,,0.0,0.0,empty_bin
CLOSEPACKING,3925,3923.5,3924.5,,,0.0,0.0,empty_bin
CLOSEPACKING,3926,3924.5,3925.5,,,0.0,0.0,empty_bin
CLOSEPACKING,3927,3925.5,3926.5,,,0.0,0.0,empty_bin
CLOSEPACKING,3928,3926.5,3927.5,,,0.0,0.0,empty_bin
CLOSEPACKING,3929,3927.5,3928.5,,,0.0,0.0,empty_bin
CLOSEPACKING,3930,3928.5,3929.5,,,0.0,0.0,empty_bin
CLOSEPACKING,3931,3929.5,3930.5,,,0.0,0.0,empty_bin
CLOSEPACKING,3932,3930.5,3931.5,,,0.0,0.0,empty_bin
CLOSEPACKING,3933,3931.5,3932.5,,,0.0,0.0,empty_bin
CLOSEPACKING,3934,3932.5,3933.5,,,0.0,0.0,empty_bin
CLOSEPACKING,3935,3933.5,3934.5,,,0.0,0.0,empty_bin
CLOSEPACKING,3936,3934.5,3935.5,,,0.0,0.0,empty_bin
CLOSEPACKING,3937,3935.5,3936.5,,,0.0,0.0,empty_bin
CLOSEPACKING,3938,3936.5,3937.5,,,0.0,0.0,empty_bin
CLOSEPACKING,3939,3937.5,3938.5,,,0.0,0.0,empty_bin
CLOSEPACKING,3940,3938.5,3939.5,,,0.0,0.0,empty_bin
CLOSEPACKING,3941,3939.5,3940.5,,,0.0,0.0,empty_bin
CLOSEPACKING,3942,3940.5,3941.5,,,0.0,0.0,empty_bin
CLOSEPACKING,3943,3941.5,3942.5,,,0.0,0.0,empty_bin
CLOSEPACKING,3944,3942.5,3943.5,,,0.0,0.0,empty_bin
CLOSEPACKING,3945,3943.5,3944.5,,,0.0,0.0,empty_bin
CLOSEPACKING,3946,3944.5,3945.5,,,0.0,0.0,empty_bin
CLOSEPACKING,3947,3945.5,3946.5,,,0.0,0.0,empty_bin
CLOSEPACKING,3948,3946.5,3947.5,,,0.0,0.0,empty_bin
CLOSEPACKING,3949,3947.5,3948.5,,,0.0,0.0,empty_bin
CLOSEPACKING,3950,3948.5,3949.5,,,0.0,0.0,empty_bin
CLOSEPACKING,3951,3949.5,3950.5,,,0.0,0.0,empty_bin
CLOSEPACKING,3952,3950.5,3951.5,,,0.0,0.0,empty_bin
CLOSEPACKING,3953,3951.5,3952.5,,,0.0,0.0,empty_bin
CLOSEPACKING,3954,3952.5,3953.5,,,0.0,0.0,empty_bin
CLOSEPACKING,3955,3953.5,3954.5,,,0.0,0.0,empty_bin
CLOSEPACKING,3956,3954.5,3955.5,,,0.0,0.0,empty_bin
CLOSEPACKING,3957,3955.5,3956.5,,,0.0,0.0,empty_bin
CLOSEPACKING,3958,3956.5,3957.5,,,0.0,0.0,empty_bin
CLOSEPACKING,3959,3957.5,3958.5,,,0.0,0.0,empty_bin
CLOSEPACKING,3960,3958.5,3959.5,,,0.0,0.0,empty_bin
CLOSEPACKING,3961,3959.5,3960.5,,,0.0,0.0,empty_bin
CLOSEPACKING,3962,3960.5,3961.5,,,0.0,0.0,empty_bin
CLOSEPACKING,3963,3961.5,3962.5,,,0.0,0.0,empty_bin
CLOSEPACKING,3964,3962.5,3963.5,,,0.0,0.0,empty_bin
CLOSEPACKING,3965,3963.5,3964.5,,,0.0,0.0,empty_bin
CLOSEPACKING,3966,3964.5,3965.5,,,0.0,0.0,empty_bin
CLOSEPACKING,3967,3965.5,3966.5,,,0.0,0.0,empty_bin
CLOSEPACKING,3968,3966.5,3967.5,,,0.0,0.0,empty_bin
CLOSEPACKING,3969,3967.5,3968.5,,,0.0,0.0,empty_bin
CLOSEPACKING,3970,3968.5,3969.5,,,0.0,0.0,empty_bin
CLOSEPACKING,3971,3969.5,3970.5,,,0.0,0.0,empty_bin
CLOSEPACKING,3972,3970.5,3971.5,,,0.0,0.0,empty_bin
CLOSEPACKING,3973,3971.5,3972.5,,,0.0,0.0,empty_bin
CLOSEPACKING,3974,3972.5,3973.5,,,0.0,0.0,empty_bin
CLOSEPACKING,3975,3973.5,3974.5,,,0.0,0.0,empty_bin
CLOSEPACKING,3976,3974.5,3975.5,,,0.0,0.0,empty_bin
CLOSEPACKING,3977,3975.5,3976.5,,,0.0,0.0,empty_bin
CLOSEPACKING,3978,3976.5,3977.5,,,0.0,0.0,empty_bin
CLOSEPACKING,3979,3977.5,3978.5,,,0.0,0.0,empty_bin
CLOSEPACKING,3980,3978.5,3979.5,,,0.0,0.0,empty_bin
CLOSEPACKING,3981,3979.5,3980.5,,,0.0,0.0,empty_bin
CLOSEPACKING,3982,3980.5,3981.5,,,0.0,0.0,empty_bin
CLOSEPACKING,3983,3981.5,3982.5,,,0.0,0.0,empty_bin
CLOSEPACKING,3984,3982.5,3983.5,,,0.0,0.0,empty_bin
CLOSEPACKING,3985,3983.5,3984.5,,,0.0,0.0,empty_bin
CLOSEPACKING,3986,3984.5,3985.5,,,0.0,0.0,empty_bin
CLOSEPACKING,3987,3985.5,3986.5,,,0.0,0.0,empty_bin
CLOSEPACKING,3988,3986.5,3987.5,,,0.0,0.0,empty_bin
CLOSEPACKING,3989,3987.5,3988.5,,,0.0,0.0,empty_bin
CLOSEPACKING,3990,3988.5,3989.5,,,0.0,0.0,empty_bin
CLOSEPACKING,3991,3989.5,3990.5,,,0.0,0.0,empty_bin
CLOSEPACKING,3992,3990.5,3991.5,,,0.0,0.0,empty_bin
CLOSEPACKING,3993,3991.5,3992.5,,,0.0,0.0,empty_bin
CLOSEPACKING,3994,3992.5,3993.5,,,0.0,0.0,empty_bin
CLOSEPACKING,3995,3993.5,3994.5,,,0.0,0.0,empty_bin
CLOSEPACKING,3996,3994.5,3995.5,,,0.0,0.0,empty_bin
CLOSEPACKING,3997,3995.5,3996.5,,,0.0,0.0,empty_bin
CLOSEPACKING,3998,3996.5,3997.5,,,0.0,0.0,empty_bin
CLOSEPACKING,3999,3997.5,3998.5,,,0.0,0.0,empty_bin
CLOSEPACKING,4000,3998.5,3999.5,,,0.0,0.0,empty_bin
CLOSEPACKING,4001,3999.5,4000.5,,,0.0,0.0,empty_bin
CLOSEPACKING,4002,4000.5,4001.5,,,0.0,0.0,empty_bin
CLOSEPACKING,4003,4001.5,4002.5,,,0.0,0.0,empty_bin
CLOSEPACKING,4004,4002.5,4003.5,,,0.0,0.0,empty_bin
CLOSEPACKING,4005,4003.5,4004.5,,,0.0,0.0,empty_bin
CLOSEPACKING,4006,4004.5,4005.5,,,0.0,0.0,empty_bin
CLOSEPACKING,4007,4005.5,4006.5,,,0.0,0.0,empty_bin
CLOSEPACKING,4008,4006.5,4007.5,,,0.0,0.0,empty_bin
CLOSEPACKING,4009,4007.5,4008.5,,,0.0,0.0,empty_bin
CLOSEPACKING,4010,4008.5,4009.5,,,0.0,0.0,empty_bin
CLOSEPACKING,4011,4009.5,4010.5,,,0.0,0.0,empty_bin
CLOSEPACKING,4012,4010.5,4011.5,,,0.0,0.0,empty_bin
CLOSEPACKING,4013,4011.5,4012.5,,,0.0,0.0,empty_bin
CLOSEPACKING,4014,4012.5,4013.5,,,0.0,0.0,empty_bin
CLOSEPACKING,4015,4013.5,4014.5,,,0.0,0.0,empty_bin
CLOSEPACKING,4016,4014.5,4015.5,,,0.0,0.0,empty_bin
CLOSEPACKING,4017,4015.5,4016.5,,,0.0,0.0,empty_bin
CLOSEPACKING,4018,4016.5,4017.5,,,0.0,0.0,empty_bin
CLOSEPACKING,4019,4017.5,4018.5,,,0.0,0.0,empty_bin
CLOSEPACKING,4020,4018.5,4019.5,,,0.0,0.0,empty_bin
CLOSEPACKING,4021,4019.5,4020.5,,,0.0,0.0,empty_bin
CLOSEPACKING,4022,4020.5,4021.5,,,0.0,0.0,empty_bin
CLOSEPACKING,4023,4021.5,4022.5,,,0.0,0.0,empty_bin
CLOSEPACKING,4024,4022.5,4023.5,,,0.0,0.0,empty_bin
CLOSEPACKING,4025,4023.5,4024.5,,,0.0,0.0,empty_bin
CLOSEPACKING,4026,4024.5,4025.5,,,0.0,0.0,empty_bin
CLOSEPACKING,4027,4025.5,4026.5,,,0.0,0.0,empty_bin
CLOSEPACKING,4028,4026.5,4027.5,,,0.0,0.0,empty_bin
CLOSEPACKING,4029,4027.5,4028.5,,,0.0,0.0,empty_bin
CLOSEPACKING,4030,4028.5,4029.5,,,0.0,0.0,empty_bin
CLOSEPACKING,4031,4029.5,4030.5,,,0.0,0.0,empty_bin
CLOSEPACKING,4032,4030.5,4031.5,,,0.0,0.0,empty_bin
CLOSEPACKING,4033,4031.5,4032.5,,,0.0,0.0,empty_bin
CLOSEPACKING,4034,4032.5,4033.5,,,0.0,0.0,empty_bin
CLOSEPACKING,4035,4033.5,4034.5,,,0.0,0.0,empty_bin
CLOSEPACKING,4036,4034.5,4035.5,,,0.0,0.0,empty_bin
CLOSEPACKING,4037,4035.5,4036.5,,,0.0,0.0,empty_bin
CLOSEPACKING,4038,4036.5,4037.5,,,0.0,0.0,empty_bin
CLOSEPACKING,4039,4037.5,4038.5,,,0.0,0.0,empty_bin
CLOSEPACKING,4040,4038.5,4039.5,,,0.0,0.0,empty_bin
CLOSEPACKING,4041,4039.5,4040.5,,,0.0,0.0,empty_bin
CLOSEPACKING,4042,4040.5,4041.5,,,0.0,0.0,empty_bin
CLOSEPACKING,4043,4041.5,4042.5,,,0.0,0.0,empty_bin
CLOSEPACKING,4044,4042.5,4043.5,,,0.0,0.0,empty_bin
CLOSEPACKING,4045,4043.5,4044.5,,,0.0,0.0,empty_bin
CLOSEPACKING,4046,4044.5,4045.5,,,0.0,0.0,empty_bin
CLOSEPACKING,4047,4045.5,4046.5,,,0.0,0.0,empty_bin
CLOSEPACKING,4048,4046.5,4047.5,,,0.0,0.0,empty_bin
CLOSEPACKING,4049,4047.5,4048.5,,,0.0,0.0,empty_bin
CLOSEPACKING,4050,4048.5,4049.5,,,0.0,0.0,empty_bin
CLOSEPACKING,4051,4049.5,4050.5,,,0.0,0.0,empty_bin
CLOSEPACKING,4052,4050.5,4051.5,,,0.0,0.0,empty_bin
CLOSEPACKING,4053,4051.5,4052.5,,,0.0,0.0,empty_bin
CLOSEPACKING,4054,4052.5,4053.5,,,0.0,0.0,empty_bin
CLOSEPACKING,4055,4053.5,4054.5,,,0.0,0.0,empty_bin
CLOSEPACKING,4056,4054.5,4055.5,,,0.0,0.0,empty_bin
CLOSEPACKING,4057,4055.5,4056.5,,,0.0,0.0,empty_bin
CLOSEPACKING,4058,4056.5,4057.5,,,0.0,0.0,empty_bin
CLOSEPACKING,4059,4057.5,4058.5,,,0.0,0.0,empty_bin
CLOSEPACKING,4060,4058.5,4059.5,,,0.0,0.0,empty_bin
CLOSEPACKING,4061,4059.5,4060.5,,,0.0,0.0,empty_bin
CLOSEPACKING,4062,4060.5,4061.5,,,0.0,0.0,empty_bin
CLOSEPACKING,4063,4061.5,4062.5,,,0.0,0.0,empty_bin
CLOSEPACKING,4064,4062.5,4063.5,,,0.0,0.0,empty_bin
CLOSEPACKING,4065,4063.5,4064.5,,,0.0,0.0,empty_bin
CLOSEPACKING,4066,4064.5,4065.5,,,0.0,0.0,empty_bin
CLOSEPACKING,4067,4065.5,4066.5,,,0.0,0.0,empty_bin
CLOSEPACKING,4068,4066.5,4067.5,,,0.0,0.0,empty_bin
CLOSEPACKING,4069,4067.5,4068.5,,,0.0,0.0,empty_bin
CLOSEPACKING,4070,4068.5,4069.5,,,0.0,0.0,empty_bin
CLOSEPACKING,4071,4069.5,4070.5,,,0.0,0.0,empty_bin
CLOSEPACKING,4072,4070.5,4071.5,,,0.0,0.0,empty_bin
CLOSEPACKING,4073,4071.5,4072.5,,,0.0,0.0,empty_bin
CLOSEPACKING,4074,4072.5,4073.5,,,0.0,0.0,empty_bin
CLOSEPACKING,4075,4073.5,4074.5,,,0.0,0.0,empty_bin
CLOSEPACKING,4076,4074.5,4075.5,,,0.0,0.0,empty_bin
CLOSEPACKING,4077,4075.5,4076.5,,,0.0,0.0,empty_bin
CLOSEPACKING,4078,4076.5,4077.5,,,0.0,0.0,empty_bin
CLOSEPACKING,4079,4077.5,4078.5,,,0.0,0.0,empty_bin
CLOSEPACKING,4080,4078.5,4079.5,,,0.0,0.0,empty_bin
CLOSEPACKING,4081,4079.5,4080.5,,,0.0,0.0,empty_bin
CLOSEPACKING,4082,4080.5,4081.5,,,0.0,0.0,empty_bin
CLOSEPACKING,4083,4081.5,4082.5,,,0.0,0.0,empty_bin
CLOSEPACKING,4084,4082.5,4083.5,,,0.0,0.0,empty_bin
CLOSEPACKING,4085,4083.5,4084.5,,,0.0,0.0,empty_bin
CLOSEPACKING,4086,4084.5,4085.5,,,0.0,0.0,empty_bin
CLOSEPACKING,4087,4085.5,4086.5,,,0.0,0.0,empty_bin
CLOSEPACKING,4088,4086.5,4087.5,,,0.0,0.0,empty_bin
CLOSEPACKING,4089,4087.5,4088.5,,,0.0,0.0,empty_bin
CLOSEPACKING,4090,4088.5,4089.5,,,0.0,0.0,empty_bin
CLOSEPACKING,4091,4089.5,4090.5,,,0.0,0.0,empty_bin
CLOSEPACKING,4092,4090.5,4091.5,,,0.0,0.0,empty_bin
CLOSEPACKING,4093,4091.5,4092.5,,,0.0,0.0,empty_bin
CLOSEPACKING,4094,4092.5,4093.5,,,0.0,0.0,empty_bin
CLOSEPACKING,4095,4093.5,4094.5,,,0.0,0.0,empty_bin
CLOSEPACKING,4096,4094.5,4095.5,,,0.0,0.0,empty_bin
