F4_PYTHIA_VERSION 8.317
F4_SPECIES_REQUESTED n=202
F4_GATE_SAMPLE pdg=-20543 channels_before=2 channels_after=2
F4_GATE_SAMPLE pdg=-20533 channels_before=2 channels_after=2
F4_GATE_SAMPLE pdg=-20523 channels_before=2 channels_after=2
F4_GATE_SAMPLE pdg=-20513 channels_before=2 channels_after=2
F4_GATE_SAMPLE pdg=-20433 channels_before=2 channels_after=2
F4_GATE with_channels=202 probed=202 survived=202 verdict=READABLE_AFTER_DISABLE
F4_SPECIES pdg=-20543 name=B*_1c- channels=2 dominant_br=0.5 dominant_products=513:411 status=OK
F4_CHANNEL pdg=-20543 idx=0 br=0.5 products=513:411
F4_CHANNEL pdg=-20543 idx=1 br=0.5 products=523:421
F4_SPECIES pdg=-20533 name=B*_1sbar0 channels=2 dominant_br=0.5 dominant_products=523:-321 status=OK
F4_CHANNEL pdg=-20533 idx=0 br=0.5 products=523:-321
F4_CHANNEL pdg=-20533 idx=1 br=0.5 products=513:-311
F4_SPECIES pdg=-20523 name=B*_1- channels=2 dominant_br=0.667 dominant_products=513:211 status=OK
F4_CHANNEL pdg=-20523 idx=0 br=0.667 products=513:211
F4_CHANNEL pdg=-20523 idx=1 br=0.333 products=523:111
F4_SPECIES pdg=-20513 name=B*_1bar0 channels=2 dominant_br=0.667 dominant_products=523:-211 status=OK
F4_CHANNEL pdg=-20513 idx=0 br=0.667 products=523:-211
F4_CHANNEL pdg=-20513 idx=1 br=0.333 products=513:111
F4_SPECIES pdg=-20433 name=D*_1s- channels=2 dominant_br=0.76 dominant_products=433:111 status=OK
F4_CHANNEL pdg=-20433 idx=0 br=0.76 products=433:111
F4_CHANNEL pdg=-20433 idx=1 br=0.24 products=433:22
F4_SPECIES pdg=-20423 name=D*_1bar0 channels=2 dominant_br=0.667 dominant_products=413:-211 status=OK
F4_CHANNEL pdg=-20423 idx=0 br=0.667 products=413:-211
F4_CHANNEL pdg=-20423 idx=1 br=0.333 products=423:111
F4_SPECIES pdg=-20413 name=D*_1- channels=2 dominant_br=0.667 dominant_products=423:211 status=OK
F4_CHANNEL pdg=-20413 idx=0 br=0.667 products=423:211
F4_CHANNEL pdg=-20413 idx=1 br=0.333 products=413:111
F4_SPECIES pdg=-14122 name=Lambda_c(2593)bar- channels=6 dominant_br=0.24 dominant_products=4222:-211 status=OK
F4_CHANNEL pdg=-14122 idx=0 br=0.24 products=4222:-211
F4_CHANNEL pdg=-14122 idx=1 br=0.24 products=4112:211
F4_CHANNEL pdg=-14122 idx=2 br=0.18 products=4122:211:-211
F4_CHANNEL pdg=-14122 idx=3 br=0.24 products=4212:111
F4_CHANNEL pdg=-14122 idx=4 br=0.09 products=4122:111:111
F4_CHANNEL pdg=-14122 idx=5 br=0.01 products=4122:22
F4_SPECIES pdg=-10543 name=B_1c- channels=2 dominant_br=0.5 dominant_products=513:411 status=OK
F4_CHANNEL pdg=-10543 idx=0 br=0.5 products=513:411
F4_CHANNEL pdg=-10543 idx=1 br=0.5 products=523:421
F4_SPECIES pdg=-10541 name=B*_0c- channels=2 dominant_br=0.5 dominant_products=511:411 status=OK
F4_CHANNEL pdg=-10541 idx=0 br=0.5 products=511:411
F4_CHANNEL pdg=-10541 idx=1 br=0.5 products=521:421
F4_SPECIES pdg=-10533 name=B_1sbar0 channels=2 dominant_br=0.5 dominant_products=523:-321 status=OK
F4_CHANNEL pdg=-10533 idx=0 br=0.5 products=523:-321
F4_CHANNEL pdg=-10533 idx=1 br=0.5 products=513:-311
F4_SPECIES pdg=-10531 name=B*_0sbar0 channels=2 dominant_br=0.5 dominant_products=521:-321 status=OK
F4_CHANNEL pdg=-10531 idx=0 br=0.5 products=521:-321
F4_CHANNEL pdg=-10531 idx=1 br=0.5 products=511:-311
F4_SPECIES pdg=-10523 name=B_1- channels=2 dominant_br=0.667 dominant_products=513:211 status=OK
F4_CHANNEL pdg=-10523 idx=0 br=0.667 products=513:211
F4_CHANNEL pdg=-10523 idx=1 br=0.333 products=523:111
F4_SPECIES pdg=-10521 name=B*_0- channels=2 dominant_br=0.667 dominant_products=511:211 status=OK
F4_CHANNEL pdg=-10521 idx=0 br=0.667 products=511:211
F4_CHANNEL pdg=-10521 idx=1 br=0.333 products=521:111
F4_SPECIES pdg=-10513 name=B_1bar0 channels=2 dominant_br=0.667 dominant_products=523:-211 status=OK
F4_CHANNEL pdg=-10513 idx=0 br=0.667 products=523:-211
F4_CHANNEL pdg=-10513 idx=1 br=0.333 products=513:111
F4_SPECIES pdg=-10511 name=B*_0bar0 channels=2 dominant_br=0.667 dominant_products=521:-211 status=OK
F4_CHANNEL pdg=-10511 idx=0 br=0.667 products=521:-211
F4_CHANNEL pdg=-10511 idx=1 br=0.333 products=511:111
F4_SPECIES pdg=-10433 name=D_1s- channels=2 dominant_br=0.5 dominant_products=423:321 status=OK
F4_CHANNEL pdg=-10433 idx=0 br=0.5 products=423:321
F4_CHANNEL pdg=-10433 idx=1 br=0.5 products=413:311
F4_SPECIES pdg=-10431 name=D*_0s- channels=1 dominant_br=1 dominant_products=431:111 status=OK
F4_CHANNEL pdg=-10431 idx=0 br=1 products=431:111
F4_SPECIES pdg=-10423 name=D_1bar0 channels=2 dominant_br=0.667 dominant_products=413:-211 status=OK
F4_CHANNEL pdg=-10423 idx=0 br=0.667 products=413:-211
F4_CHANNEL pdg=-10423 idx=1 br=0.333 products=423:111
F4_SPECIES pdg=-10421 name=D*_0bar0 channels=2 dominant_br=0.667 dominant_products=411:-211 status=OK
F4_CHANNEL pdg=-10421 idx=0 br=0.667 products=411:-211
F4_CHANNEL pdg=-10421 idx=1 br=0.333 products=421:111
F4_SPECIES pdg=-10413 name=D_1- channels=2 dominant_br=0.667 dominant_products=423:211 status=OK
F4_CHANNEL pdg=-10413 idx=0 br=0.667 products=423:211
F4_CHANNEL pdg=-10413 idx=1 br=0.333 products=413:111
F4_SPECIES pdg=-10411 name=D*_0- channels=2 dominant_br=0.667 dominant_products=421:211 status=OK
F4_CHANNEL pdg=-10411 idx=0 br=0.667 products=421:211
F4_CHANNEL pdg=-10411 idx=1 br=0.333 products=411:111
F4_SPECIES pdg=-5554 name=Omega*_bbbbar+ channels=9 dominant_br=0.5 dominant_products=-2:1:4:81 status=OK
F4_CHANNEL pdg=-5554 idx=0 br=0.105 products=-12:11:4:81
F4_CHANNEL pdg=-5554 idx=1 br=0.105 products=-14:13:4:81
F4_CHANNEL pdg=-5554 idx=2 br=0.04 products=-16:15:4:81
F4_CHANNEL pdg=-5554 idx=3 br=0.5 products=-2:1:4:81
F4_CHANNEL pdg=-5554 idx=4 br=0.08 products=-2:4:1:81
F4_CHANNEL pdg=-5554 idx=5 br=0.14 products=-4:3:4:81
F4_CHANNEL pdg=-5554 idx=6 br=0.01 products=-4:4:3:81
F4_CHANNEL pdg=-5554 idx=7 br=0.015 products=-2:1:2:81
F4_CHANNEL pdg=-5554 idx=8 br=0.005 products=-4:3:2:81
F4_SPECIES pdg=-5544 name=Omega*_bbcbar0 channels=9 dominant_br=0.5 dominant_products=-2:1:4:81 status=OK
F4_CHANNEL pdg=-5544 idx=0 br=0.105 products=-12:11:4:81
F4_CHANNEL pdg=-5544 idx=1 br=0.105 products=-14:13:4:81
F4_CHANNEL pdg=-5544 idx=2 br=0.04 products=-16:15:4:81
F4_CHANNEL pdg=-5544 idx=3 br=0.5 products=-2:1:4:81
F4_CHANNEL pdg=-5544 idx=4 br=0.08 products=-2:4:1:81
F4_CHANNEL pdg=-5544 idx=5 br=0.14 products=-4:3:4:81
F4_CHANNEL pdg=-5544 idx=6 br=0.01 products=-4:4:3:81
F4_CHANNEL pdg=-5544 idx=7 br=0.015 products=-2:1:2:81
F4_CHANNEL pdg=-5544 idx=8 br=0.005 products=-4:3:2:81
F4_SPECIES pdg=-5542 name=Omega_bbcbar0 channels=9 dominant_br=0.5 dominant_products=-2:1:4:81 status=OK
F4_CHANNEL pdg=-5542 idx=0 br=0.105 products=-12:11:4:81
F4_CHANNEL pdg=-5542 idx=1 br=0.105 products=-14:13:4:81
F4_CHANNEL pdg=-5542 idx=2 br=0.04 products=-16:15:4:81
F4_CHANNEL pdg=-5542 idx=3 br=0.5 products=-2:1:4:81
F4_CHANNEL pdg=-5542 idx=4 br=0.08 products=-2:4:1:81
F4_CHANNEL pdg=-5542 idx=5 br=0.14 products=-4:3:4:81
F4_CHANNEL pdg=-5542 idx=6 br=0.01 products=-4:4:3:81
F4_CHANNEL pdg=-5542 idx=7 br=0.015 products=-2:1:2:81
F4_CHANNEL pdg=-5542 idx=8 br=0.005 products=-4:3:2:81
F4_SPECIES pdg=-5534 name=Omega*_bbbar+ channels=9 dominant_br=0.5 dominant_products=-2:1:4:81 status=OK
F4_CHANNEL pdg=-5534 idx=0 br=0.105 products=-12:11:4:81
F4_CHANNEL pdg=-5534 idx=1 br=0.105 products=-14:13:4:81
F4_CHANNEL pdg=-5534 idx=2 br=0.04 products=-16:15:4:81
F4_CHANNEL pdg=-5534 idx=3 br=0.5 products=-2:1:4:81
F4_CHANNEL pdg=-5534 idx=4 br=0.08 products=-2:4:1:81
F4_CHANNEL pdg=-5534 idx=5 br=0.14 products=-4:3:4:81
F4_CHANNEL pdg=-5534 idx=6 br=0.01 products=-4:4:3:81
F4_CHANNEL pdg=-5534 idx=7 br=0.015 products=-2:1:2:81
F4_CHANNEL pdg=-5534 idx=8 br=0.005 products=-4:3:2:81
F4_SPECIES pdg=-5532 name=Omega_bbbar+ channels=9 dominant_br=0.5 dominant_products=-2:1:4:81 status=OK
F4_CHANNEL pdg=-5532 idx=0 br=0.105 products=-12:11:4:81
F4_CHANNEL pdg=-5532 idx=1 br=0.105 products=-14:13:4:81
F4_CHANNEL pdg=-5532 idx=2 br=0.04 products=-16:15:4:81
F4_CHANNEL pdg=-5532 idx=3 br=0.5 products=-2:1:4:81
F4_CHANNEL pdg=-5532 idx=4 br=0.08 products=-2:4:1:81
F4_CHANNEL pdg=-5532 idx=5 br=0.14 products=-4:3:4:81
F4_CHANNEL pdg=-5532 idx=6 br=0.01 products=-4:4:3:81
F4_CHANNEL pdg=-5532 idx=7 br=0.015 products=-2:1:2:81
F4_CHANNEL pdg=-5532 idx=8 br=0.005 products=-4:3:2:81
F4_SPECIES pdg=-5524 name=Xi*_bbbar0 channels=9 dominant_br=0.5 dominant_products=-2:1:4:81 status=OK
F4_CHANNEL pdg=-5524 idx=0 br=0.105 products=-12:11:4:81
F4_CHANNEL pdg=-5524 idx=1 br=0.105 products=-14:13:4:81
F4_CHANNEL pdg=-5524 idx=2 br=0.04 products=-16:15:4:81
F4_CHANNEL pdg=-5524 idx=3 br=0.5 products=-2:1:4:81
F4_CHANNEL pdg=-5524 idx=4 br=0.08 products=-2:4:1:81
F4_CHANNEL pdg=-5524 idx=5 br=0.14 products=-4:3:4:81
F4_CHANNEL pdg=-5524 idx=6 br=0.01 products=-4:4:3:81
F4_CHANNEL pdg=-5524 idx=7 br=0.015 products=-2:1:2:81
F4_CHANNEL pdg=-5524 idx=8 br=0.005 products=-4:3:2:81
F4_SPECIES pdg=-5522 name=Xi_bbbar0 channels=9 dominant_br=0.5 dominant_products=-2:1:4:81 status=OK
F4_CHANNEL pdg=-5522 idx=0 br=0.105 products=-12:11:4:81
F4_CHANNEL pdg=-5522 idx=1 br=0.105 products=-14:13:4:81
F4_CHANNEL pdg=-5522 idx=2 br=0.04 products=-16:15:4:81
F4_CHANNEL pdg=-5522 idx=3 br=0.5 products=-2:1:4:81
F4_CHANNEL pdg=-5522 idx=4 br=0.08 products=-2:4:1:81
F4_CHANNEL pdg=-5522 idx=5 br=0.14 products=-4:3:4:81
F4_CHANNEL pdg=-5522 idx=6 br=0.01 products=-4:4:3:81
F4_CHANNEL pdg=-5522 idx=7 br=0.015 products=-2:1:2:81
F4_CHANNEL pdg=-5522 idx=8 br=0.005 products=-4:3:2:81
F4_SPECIES pdg=-5514 name=Xi*_bbbar+ channels=9 dominant_br=0.5 dominant_products=-2:1:4:81 status=OK
F4_CHANNEL pdg=-5514 idx=0 br=0.105 products=-12:11:4:81
F4_CHANNEL pdg=-5514 idx=1 br=0.105 products=-14:13:4:81
F4_CHANNEL pdg=-5514 idx=2 br=0.04 products=-16:15:4:81
F4_CHANNEL pdg=-5514 idx=3 br=0.5 products=-2:1:4:81
F4_CHANNEL pdg=-5514 idx=4 br=0.08 products=-2:4:1:81
F4_CHANNEL pdg=-5514 idx=5 br=0.14 products=-4:3:4:81
F4_CHANNEL pdg=-5514 idx=6 br=0.01 products=-4:4:3:81
F4_CHANNEL pdg=-5514 idx=7 br=0.015 products=-2:1:2:81
F4_CHANNEL pdg=-5514 idx=8 br=0.005 products=-4:3:2:81
F4_SPECIES pdg=-5512 name=Xi_bbbar+ channels=9 dominant_br=0.5 dominant_products=-2:1:4:81 status=OK
F4_CHANNEL pdg=-5512 idx=0 br=0.105 products=-12:11:4:81
F4_CHANNEL pdg=-5512 idx=1 br=0.105 products=-14:13:4:81
F4_CHANNEL pdg=-5512 idx=2 br=0.04 products=-16:15:4:81
F4_CHANNEL pdg=-5512 idx=3 br=0.5 products=-2:1:4:81
F4_CHANNEL pdg=-5512 idx=4 br=0.08 products=-2:4:1:81
F4_CHANNEL pdg=-5512 idx=5 br=0.14 products=-4:3:4:81
F4_CHANNEL pdg=-5512 idx=6 br=0.01 products=-4:4:3:81
F4_CHANNEL pdg=-5512 idx=7 br=0.015 products=-2:1:2:81
F4_CHANNEL pdg=-5512 idx=8 br=0.005 products=-4:3:2:81
F4_SPECIES pdg=-5444 name=Omega*_bccbar- channels=9 dominant_br=0.5 dominant_products=-2:1:4:81 status=OK
F4_CHANNEL pdg=-5444 idx=0 br=0.105 products=-12:11:4:81
F4_CHANNEL pdg=-5444 idx=1 br=0.105 products=-14:13:4:81
F4_CHANNEL pdg=-5444 idx=2 br=0.04 products=-16:15:4:81
F4_CHANNEL pdg=-5444 idx=3 br=0.5 products=-2:1:4:81
F4_CHANNEL pdg=-5444 idx=4 br=0.08 products=-2:4:1:81
F4_CHANNEL pdg=-5444 idx=5 br=0.14 products=-4:3:4:81
F4_CHANNEL pdg=-5444 idx=6 br=0.01 products=-4:4:3:81
F4_CHANNEL pdg=-5444 idx=7 br=0.015 products=-2:1:2:81
F4_CHANNEL pdg=-5444 idx=8 br=0.005 products=-4:3:2:81
F4_SPECIES pdg=-5442 name=Omega_bccbar- channels=9 dominant_br=0.5 dominant_products=-2:1:4:81 status=OK
F4_CHANNEL pdg=-5442 idx=0 br=0.105 products=-12:11:4:81
F4_CHANNEL pdg=-5442 idx=1 br=0.105 products=-14:13:4:81
F4_CHANNEL pdg=-5442 idx=2 br=0.04 products=-16:15:4:81
F4_CHANNEL pdg=-5442 idx=3 br=0.5 products=-2:1:4:81
F4_CHANNEL pdg=-5442 idx=4 br=0.08 products=-2:4:1:81
F4_CHANNEL pdg=-5442 idx=5 br=0.14 products=-4:3:4:81
F4_CHANNEL pdg=-5442 idx=6 br=0.01 products=-4:4:3:81
F4_CHANNEL pdg=-5442 idx=7 br=0.015 products=-2:1:2:81
F4_CHANNEL pdg=-5442 idx=8 br=0.005 products=-4:3:2:81
F4_SPECIES pdg=-5434 name=Omega*_bcbar0 channels=9 dominant_br=0.5 dominant_products=-2:1:4:81 status=OK
F4_CHANNEL pdg=-5434 idx=0 br=0.105 products=-12:11:4:81
F4_CHANNEL pdg=-5434 idx=1 br=0.105 products=-14:13:4:81
F4_CHANNEL pdg=-5434 idx=2 br=0.04 products=-16:15:4:81
F4_CHANNEL pdg=-5434 idx=3 br=0.5 products=-2:1:4:81
F4_CHANNEL pdg=-5434 idx=4 br=0.08 products=-2:4:1:81
F4_CHANNEL pdg=-5434 idx=5 br=0.14 products=-4:3:4:81
F4_CHANNEL pdg=-5434 idx=6 br=0.01 products=-4:4:3:81
F4_CHANNEL pdg=-5434 idx=7 br=0.015 products=-2:1:2:81
F4_CHANNEL pdg=-5434 idx=8 br=0.005 products=-4:3:2:81
F4_SPECIES pdg=-5432 name=Omega'_bcbar0 channels=9 dominant_br=0.5 dominant_products=-2:1:4:81 status=OK
F4_CHANNEL pdg=-5432 idx=0 br=0.105 products=-12:11:4:81
F4_CHANNEL pdg=-5432 idx=1 br=0.105 products=-14:13:4:81
F4_CHANNEL pdg=-5432 idx=2 br=0.04 products=-16:15:4:81
F4_CHANNEL pdg=-5432 idx=3 br=0.5 products=-2:1:4:81
F4_CHANNEL pdg=-5432 idx=4 br=0.08 products=-2:4:1:81
F4_CHANNEL pdg=-5432 idx=5 br=0.14 products=-4:3:4:81
F4_CHANNEL pdg=-5432 idx=6 br=0.01 products=-4:4:3:81
F4_CHANNEL pdg=-5432 idx=7 br=0.015 products=-2:1:2:81
F4_CHANNEL pdg=-5432 idx=8 br=0.005 products=-4:3:2:81
F4_SPECIES pdg=-5424 name=Xi*_bcbar- channels=9 dominant_br=0.5 dominant_products=-2:1:4:81 status=OK
F4_CHANNEL pdg=-5424 idx=0 br=0.105 products=-12:11:4:81
F4_CHANNEL pdg=-5424 idx=1 br=0.105 products=-14:13:4:81
F4_CHANNEL pdg=-5424 idx=2 br=0.04 products=-16:15:4:81
F4_CHANNEL pdg=-5424 idx=3 br=0.5 products=-2:1:4:81
F4_CHANNEL pdg=-5424 idx=4 br=0.08 products=-2:4:1:81
F4_CHANNEL pdg=-5424 idx=5 br=0.14 products=-4:3:4:81
F4_CHANNEL pdg=-5424 idx=6 br=0.01 products=-4:4:3:81
F4_CHANNEL pdg=-5424 idx=7 br=0.015 products=-2:1:2:81
F4_CHANNEL pdg=-5424 idx=8 br=0.005 products=-4:3:2:81
F4_SPECIES pdg=-5422 name=Xi'_bcbar- channels=9 dominant_br=0.5 dominant_products=-2:1:4:81 status=OK
F4_CHANNEL pdg=-5422 idx=0 br=0.105 products=-12:11:4:81
F4_CHANNEL pdg=-5422 idx=1 br=0.105 products=-14:13:4:81
F4_CHANNEL pdg=-5422 idx=2 br=0.04 products=-16:15:4:81
F4_CHANNEL pdg=-5422 idx=3 br=0.5 products=-2:1:4:81
F4_CHANNEL pdg=-5422 idx=4 br=0.08 products=-2:4:1:81
F4_CHANNEL pdg=-5422 idx=5 br=0.14 products=-4:3:4:81
F4_CHANNEL pdg=-5422 idx=6 br=0.01 products=-4:4:3:81
F4_CHANNEL pdg=-5422 idx=7 br=0.015 products=-2:1:2:81
F4_CHANNEL pdg=-5422 idx=8 br=0.005 products=-4:3:2:81
F4_SPECIES pdg=-5414 name=Xi*_bcbar0 channels=9 dominant_br=0.5 dominant_products=-2:1:4:81 status=OK
F4_CHANNEL pdg=-5414 idx=0 br=0.105 products=-12:11:4:81
F4_CHANNEL pdg=-5414 idx=1 br=0.105 products=-14:13:4:81
F4_CHANNEL pdg=-5414 idx=2 br=0.04 products=-16:15:4:81
F4_CHANNEL pdg=-5414 idx=3 br=0.5 products=-2:1:4:81
F4_CHANNEL pdg=-5414 idx=4 br=0.08 products=-2:4:1:81
F4_CHANNEL pdg=-5414 idx=5 br=0.14 products=-4:3:4:81
F4_CHANNEL pdg=-5414 idx=6 br=0.01 products=-4:4:3:81
F4_CHANNEL pdg=-5414 idx=7 br=0.015 products=-2:1:2:81
F4_CHANNEL pdg=-5414 idx=8 br=0.005 products=-4:3:2:81
F4_SPECIES pdg=-5412 name=Xi'_bcbar0 channels=9 dominant_br=0.5 dominant_products=-2:1:4:81 status=OK
F4_CHANNEL pdg=-5412 idx=0 br=0.105 products=-12:11:4:81
F4_CHANNEL pdg=-5412 idx=1 br=0.105 products=-14:13:4:81
F4_CHANNEL pdg=-5412 idx=2 br=0.04 products=-16:15:4:81
F4_CHANNEL pdg=-5412 idx=3 br=0.5 products=-2:1:4:81
F4_CHANNEL pdg=-5412 idx=4 br=0.08 products=-2:4:1:81
F4_CHANNEL pdg=-5412 idx=5 br=0.14 products=-4:3:4:81
F4_CHANNEL pdg=-5412 idx=6 br=0.01 products=-4:4:3:81
F4_CHANNEL pdg=-5412 idx=7 br=0.015 products=-2:1:2:81
F4_CHANNEL pdg=-5412 idx=8 br=0.005 products=-4:3:2:81
F4_SPECIES pdg=-5342 name=Omega_bcbar0 channels=9 dominant_br=0.5 dominant_products=-2:1:4:81 status=OK
F4_CHANNEL pdg=-5342 idx=0 br=0.105 products=-12:11:4:81
F4_CHANNEL pdg=-5342 idx=1 br=0.105 products=-14:13:4:81
F4_CHANNEL pdg=-5342 idx=2 br=0.04 products=-16:15:4:81
F4_CHANNEL pdg=-5342 idx=3 br=0.5 products=-2:1:4:81
F4_CHANNEL pdg=-5342 idx=4 br=0.08 products=-2:4:1:81
F4_CHANNEL pdg=-5342 idx=5 br=0.14 products=-4:3:4:81
F4_CHANNEL pdg=-5342 idx=6 br=0.01 products=-4:4:3:81
F4_CHANNEL pdg=-5342 idx=7 br=0.015 products=-2:1:2:81
F4_CHANNEL pdg=-5342 idx=8 br=0.005 products=-4:3:2:81
F4_SPECIES pdg=-5334 name=Omega*_bbar+ channels=1 dominant_br=1 dominant_products=5332:22 status=OK
F4_CHANNEL pdg=-5334 idx=0 br=1 products=5332:22
F4_SPECIES pdg=-5332 name=Omega_bbar+ channels=47 dominant_br=0.263225 dominant_products=-2:4:1:3303 status=OK
F4_CHANNEL pdg=-5332 idx=0 br=0.108001 products=-12:11:4:3303
F4_CHANNEL pdg=-5332 idx=1 br=0.002 products=-12:11:2:3303
F4_CHANNEL pdg=-5332 idx=2 br=0.108 products=-14:13:4:3303
F4_CHANNEL pdg=-5332 idx=3 br=0.002 products=-14:13:2:3303
F4_CHANNEL pdg=-5332 idx=4 br=0.025 products=-16:15:4:3303
F4_CHANNEL pdg=-5332 idx=5 br=0.001 products=-16:15:4:3303
F4_CHANNEL pdg=-5332 idx=6 br=0.0025 products=443:3334
F4_CHANNEL pdg=-5332 idx=7 br=0.001093 products=100443:3334
F4_CHANNEL pdg=-5332 idx=8 br=0.001177 products=20443:3334
F4_CHANNEL pdg=-5332 idx=9 br=0.000225 products=445:3334
F4_CHANNEL pdg=-5332 idx=10 br=0.001225 products=441:3334
F4_CHANNEL pdg=-5332 idx=11 br=0.0012 products=443:-321:3322
F4_CHANNEL pdg=-5332 idx=12 br=0.000524 products=100443:-321:3322
F4_CHANNEL pdg=-5332 idx=13 br=0.000565 products=20443:-321:3322
F4_CHANNEL pdg=-5332 idx=14 br=0.000108 products=445:-321:3322
F4_CHANNEL pdg=-5332 idx=15 br=0.000588 products=441:-321:3322
F4_CHANNEL pdg=-5332 idx=16 br=0.0006 products=443:-311:3312
F4_CHANNEL pdg=-5332 idx=17 br=0.000262 products=100443:-311:3312
F4_CHANNEL pdg=-5332 idx=18 br=0.000283 products=20443:-311:3312
F4_CHANNEL pdg=-5332 idx=19 br=5.4e-05 products=445:-311:3312
F4_CHANNEL pdg=-5332 idx=20 br=0.000294 products=441:-311:3312
F4_CHANNEL pdg=-5332 idx=21 br=0.00382 products=443:3:3303
F4_CHANNEL pdg=-5332 idx=22 br=0.001669 products=100443:3:3303
F4_CHANNEL pdg=-5332 idx=23 br=0.001799 products=20443:3:3303
F4_CHANNEL pdg=-5332 idx=24 br=0.000344 products=445:3:3303
F4_CHANNEL pdg=-5332 idx=25 br=0.001872 products=441:3:3303
F4_CHANNEL pdg=-5332 idx=26 br=0.109677 products=-2:1:4:3303
F4_CHANNEL pdg=-5332 idx=27 br=0.263225 products=-2:4:1:3303
F4_CHANNEL pdg=-5332 idx=28 br=0.065806 products=-2:1:4:3303
F4_CHANNEL pdg=-5332 idx=29 br=0 products=-2:4:1:3303
F4_CHANNEL pdg=-5332 idx=30 br=0.005772 products=-2:3:4:3303
F4_CHANNEL pdg=-5332 idx=31 br=0.013854 products=-2:4:3:3303
F4_CHANNEL pdg=-5332 idx=32 br=0.003463 products=-2:3:4:3303
F4_CHANNEL pdg=-5332 idx=33 br=0 products=-2:4:3:3303
F4_CHANNEL pdg=-5332 idx=34 br=0.009 products=-2:1:2:3303
F4_CHANNEL pdg=-5332 idx=35 br=0.006 products=-2:2:1:3303
F4_CHANNEL pdg=-5332 idx=36 br=0.023 products=-431:4:3303
F4_CHANNEL pdg=-5332 idx=37 br=0.023 products=-433:4:3303
F4_CHANNEL pdg=-5332 idx=38 br=0.013 products=-431:4332
F4_CHANNEL pdg=-5332 idx=39 br=0.009 products=-431:4334
F4_CHANNEL pdg=-5332 idx=40 br=0.009 products=-433:4332
F4_CHANNEL pdg=-5332 idx=41 br=0.023 products=-433:4334
F4_CHANNEL pdg=-5332 idx=42 br=0.008 products=-421:-321:4:3303
F4_CHANNEL pdg=-5332 idx=43 br=0.008 products=-411:-311:4:3303
F4_CHANNEL pdg=-5332 idx=44 br=0.032 products=-423:-321:4:3303
F4_CHANNEL pdg=-5332 idx=45 br=0.032 products=-413:-311:4:3303
F4_CHANNEL pdg=-5332 idx=46 br=0.077 products=4122:-2203:3303
F4_SPECIES pdg=-5324 name=Xi*_bbar0 channels=1 dominant_br=1 dominant_products=5232:22 status=OK
F4_CHANNEL pdg=-5324 idx=0 br=1 products=5232:22
F4_SPECIES pdg=-5322 name=Xi'_bbar0 channels=1 dominant_br=1 dominant_products=5232:22 status=OK
F4_CHANNEL pdg=-5322 idx=0 br=1 products=5232:22
F4_SPECIES pdg=-5314 name=Xi*_bbar+ channels=1 dominant_br=1 dominant_products=5132:22 status=OK
F4_CHANNEL pdg=-5314 idx=0 br=1 products=5132:22
F4_SPECIES pdg=-5312 name=Xi'_bbar+ channels=1 dominant_br=1 dominant_products=5132:22 status=OK
F4_CHANNEL pdg=-5312 idx=0 br=1 products=5132:22
F4_SPECIES pdg=-5242 name=Xi_bcbar- channels=9 dominant_br=0.5 dominant_products=-2:1:4:81 status=OK
F4_CHANNEL pdg=-5242 idx=0 br=0.105 products=-12:11:4:81
F4_CHANNEL pdg=-5242 idx=1 br=0.105 products=-14:13:4:81
F4_CHANNEL pdg=-5242 idx=2 br=0.04 products=-16:15:4:81
F4_CHANNEL pdg=-5242 idx=3 br=0.5 products=-2:1:4:81
F4_CHANNEL pdg=-5242 idx=4 br=0.08 products=-2:4:1:81
F4_CHANNEL pdg=-5242 idx=5 br=0.14 products=-4:3:4:81
F4_CHANNEL pdg=-5242 idx=6 br=0.01 products=-4:4:3:81
F4_CHANNEL pdg=-5242 idx=7 br=0.015 products=-2:1:2:81
F4_CHANNEL pdg=-5242 idx=8 br=0.005 products=-4:3:2:81
F4_SPECIES pdg=-5232 name=Xi_bbar0 channels=52 dominant_br=0.263225 dominant_products=-2:4:1:3201 status=OK
F4_CHANNEL pdg=-5232 idx=0 br=0.108001 products=-12:11:4:3201
F4_CHANNEL pdg=-5232 idx=1 br=0.002 products=-12:11:2:3201
F4_CHANNEL pdg=-5232 idx=2 br=0.108 products=-14:13:4:3201
F4_CHANNEL pdg=-5232 idx=3 br=0.002 products=-14:13:2:3201
F4_CHANNEL pdg=-5232 idx=4 br=0.025 products=-16:15:4:3201
F4_CHANNEL pdg=-5232 idx=5 br=0.001 products=-16:15:4:3201
F4_CHANNEL pdg=-5232 idx=6 br=0.001 products=443:3322
F4_CHANNEL pdg=-5232 idx=7 br=0.000437 products=100443:3322
F4_CHANNEL pdg=-5232 idx=8 br=0.000471 products=20443:3322
F4_CHANNEL pdg=-5232 idx=9 br=9e-05 products=445:3322
F4_CHANNEL pdg=-5232 idx=10 br=0.00049 products=441:3322
F4_CHANNEL pdg=-5232 idx=11 br=0.0015 products=443:3324
F4_CHANNEL pdg=-5232 idx=12 br=0.000656 products=100443:3324
F4_CHANNEL pdg=-5232 idx=13 br=0.000706 products=20443:3324
F4_CHANNEL pdg=-5232 idx=14 br=0.000135 products=445:3324
F4_CHANNEL pdg=-5232 idx=15 br=0.000735 products=441:3324
F4_CHANNEL pdg=-5232 idx=16 br=0.0012 products=443:-321:3222
F4_CHANNEL pdg=-5232 idx=17 br=0.000524 products=100443:-321:3222
F4_CHANNEL pdg=-5232 idx=18 br=0.000565 products=20443:-321:3222
F4_CHANNEL pdg=-5232 idx=19 br=0.000108 products=445:-321:3222
F4_CHANNEL pdg=-5232 idx=20 br=0.000588 products=441:-321:3222
F4_CHANNEL pdg=-5232 idx=21 br=0.0006 products=443:-311:3212
F4_CHANNEL pdg=-5232 idx=22 br=0.000262 products=100443:-311:3212
F4_CHANNEL pdg=-5232 idx=23 br=0.000283 products=20443:-311:3212
F4_CHANNEL pdg=-5232 idx=24 br=5.4e-05 products=445:-311:3212
F4_CHANNEL pdg=-5232 idx=25 br=0.000294 products=441:-311:3212
F4_CHANNEL pdg=-5232 idx=26 br=0.00382 products=443:3:3201
F4_CHANNEL pdg=-5232 idx=27 br=0.001669 products=100443:3:3201
F4_CHANNEL pdg=-5232 idx=28 br=0.001799 products=20443:3:3201
F4_CHANNEL pdg=-5232 idx=29 br=0.000344 products=445:3:3201
F4_CHANNEL pdg=-5232 idx=30 br=0.001872 products=441:3:3201
F4_CHANNEL pdg=-5232 idx=31 br=0.109677 products=-2:1:4:3201
F4_CHANNEL pdg=-5232 idx=32 br=0.263225 products=-2:4:1:3201
F4_CHANNEL pdg=-5232 idx=33 br=0.065806 products=-2:1:4:3201
F4_CHANNEL pdg=-5232 idx=34 br=0 products=-2:4:1:3201
F4_CHANNEL pdg=-5232 idx=35 br=0.005772 products=-2:3:4:3201
F4_CHANNEL pdg=-5232 idx=36 br=0.013854 products=-2:4:3:3201
F4_CHANNEL pdg=-5232 idx=37 br=0.003463 products=-2:3:4:3201
F4_CHANNEL pdg=-5232 idx=38 br=0 products=-2:4:3:3201
F4_CHANNEL pdg=-5232 idx=39 br=0.009 products=-2:1:2:3201
F4_CHANNEL pdg=-5232 idx=40 br=0.006 products=-2:2:1:3201
F4_CHANNEL pdg=-5232 idx=41 br=0.023 products=-431:4:3201
F4_CHANNEL pdg=-5232 idx=42 br=0.023 products=-433:4:3201
F4_CHANNEL pdg=-5232 idx=43 br=0.013 products=-431:4232
F4_CHANNEL pdg=-5232 idx=44 br=0.009 products=-431:4324
F4_CHANNEL pdg=-5232 idx=45 br=0.009 products=-433:4232
F4_CHANNEL pdg=-5232 idx=46 br=0.023 products=-433:4324
F4_CHANNEL pdg=-5232 idx=47 br=0.008 products=-421:-321:4:3201
F4_CHANNEL pdg=-5232 idx=48 br=0.008 products=-411:-311:4:3201
F4_CHANNEL pdg=-5232 idx=49 br=0.032 products=-423:-321:4:3201
F4_CHANNEL pdg=-5232 idx=50 br=0.032 products=-413:-311:4:3201
F4_CHANNEL pdg=-5232 idx=51 br=0.077 products=4122:-2203:3201
F4_SPECIES pdg=-5224 name=Sigma*_bbar- channels=1 dominant_br=1 dominant_products=5122:211 status=OK
F4_CHANNEL pdg=-5224 idx=0 br=1 products=5122:211
F4_SPECIES pdg=-5222 name=Sigma_bbar- channels=1 dominant_br=1 dominant_products=5122:211 status=OK
F4_CHANNEL pdg=-5222 idx=0 br=1 products=5122:211
F4_SPECIES pdg=-5214 name=Sigma*_bbar0 channels=1 dominant_br=1 dominant_products=5122:111 status=OK
F4_CHANNEL pdg=-5214 idx=0 br=1 products=5122:111
F4_SPECIES pdg=-5212 name=Sigma_bbar0 channels=1 dominant_br=1 dominant_products=5122:111 status=OK
F4_CHANNEL pdg=-5212 idx=0 br=1 products=5122:111
F4_SPECIES pdg=-5142 name=Xi_bcbar0 channels=9 dominant_br=0.5 dominant_products=-2:1:4:81 status=OK
F4_CHANNEL pdg=-5142 idx=0 br=0.105 products=-12:11:4:81
F4_CHANNEL pdg=-5142 idx=1 br=0.105 products=-14:13:4:81
F4_CHANNEL pdg=-5142 idx=2 br=0.04 products=-16:15:4:81
F4_CHANNEL pdg=-5142 idx=3 br=0.5 products=-2:1:4:81
F4_CHANNEL pdg=-5142 idx=4 br=0.08 products=-2:4:1:81
F4_CHANNEL pdg=-5142 idx=5 br=0.14 products=-4:3:4:81
F4_CHANNEL pdg=-5142 idx=6 br=0.01 products=-4:4:3:81
F4_CHANNEL pdg=-5142 idx=7 br=0.015 products=-2:1:2:81
F4_CHANNEL pdg=-5142 idx=8 br=0.005 products=-4:3:2:81
F4_SPECIES pdg=-5132 name=Xi_bbar+ channels=52 dominant_br=0.263225 dominant_products=-2:4:1:3101 status=OK
F4_CHANNEL pdg=-5132 idx=0 br=0.108001 products=-12:11:4:3101
F4_CHANNEL pdg=-5132 idx=1 br=0.002 products=-12:11:2:3101
F4_CHANNEL pdg=-5132 idx=2 br=0.108 products=-14:13:4:3101
F4_CHANNEL pdg=-5132 idx=3 br=0.002 products=-14:13:2:3101
F4_CHANNEL pdg=-5132 idx=4 br=0.025 products=-16:15:4:3101
F4_CHANNEL pdg=-5132 idx=5 br=0.001 products=-16:15:4:3101
F4_CHANNEL pdg=-5132 idx=6 br=0.001 products=443:3312
F4_CHANNEL pdg=-5132 idx=7 br=0.000437 products=100443:3312
F4_CHANNEL pdg=-5132 idx=8 br=0.000471 products=20443:3312
F4_CHANNEL pdg=-5132 idx=9 br=9e-05 products=445:3312
F4_CHANNEL pdg=-5132 idx=10 br=0.00049 products=441:3312
F4_CHANNEL pdg=-5132 idx=11 br=0.0015 products=443:3314
F4_CHANNEL pdg=-5132 idx=12 br=0.000656 products=100443:3314
F4_CHANNEL pdg=-5132 idx=13 br=0.000706 products=20443:3314
F4_CHANNEL pdg=-5132 idx=14 br=0.000135 products=445:3314
F4_CHANNEL pdg=-5132 idx=15 br=0.000735 products=441:3314
F4_CHANNEL pdg=-5132 idx=16 br=0.0012 products=443:-321:3122
F4_CHANNEL pdg=-5132 idx=17 br=0.000524 products=100443:-321:3122
F4_CHANNEL pdg=-5132 idx=18 br=0.000565 products=20443:-321:3122
F4_CHANNEL pdg=-5132 idx=19 br=0.000108 products=445:-321:3122
F4_CHANNEL pdg=-5132 idx=20 br=0.000588 products=441:-321:3122
F4_CHANNEL pdg=-5132 idx=21 br=0.0006 products=443:-311:3112
F4_CHANNEL pdg=-5132 idx=22 br=0.000262 products=100443:-311:3112
F4_CHANNEL pdg=-5132 idx=23 br=0.000283 products=20443:-311:3112
F4_CHANNEL pdg=-5132 idx=24 br=5.4e-05 products=445:-311:3112
F4_CHANNEL pdg=-5132 idx=25 br=0.000294 products=441:-311:3112
F4_CHANNEL pdg=-5132 idx=26 br=0.00382 products=443:3:3101
F4_CHANNEL pdg=-5132 idx=27 br=0.001669 products=100443:3:3101
F4_CHANNEL pdg=-5132 idx=28 br=0.001799 products=20443:3:3101
F4_CHANNEL pdg=-5132 idx=29 br=0.000344 products=445:3:3101
F4_CHANNEL pdg=-5132 idx=30 br=0.001872 products=441:3:3101
F4_CHANNEL pdg=-5132 idx=31 br=0.109677 products=-2:1:4:3101
F4_CHANNEL pdg=-5132 idx=32 br=0.263225 products=-2:4:1:3101
F4_CHANNEL pdg=-5132 idx=33 br=0.065806 products=-2:1:4:3101
F4_CHANNEL pdg=-5132 idx=34 br=0 products=-2:4:1:3101
F4_CHANNEL pdg=-5132 idx=35 br=0.005772 products=-2:3:4:3101
F4_CHANNEL pdg=-5132 idx=36 br=0.013854 products=-2:4:3:3101
F4_CHANNEL pdg=-5132 idx=37 br=0.003463 products=-2:3:4:3101
F4_CHANNEL pdg=-5132 idx=38 br=0 products=-2:4:3:3101
F4_CHANNEL pdg=-5132 idx=39 br=0.009 products=-2:1:2:3101
F4_CHANNEL pdg=-5132 idx=40 br=0.006 products=-2:2:1:3101
F4_CHANNEL pdg=-5132 idx=41 br=0.023 products=-431:4:3101
F4_CHANNEL pdg=-5132 idx=42 br=0.023 products=-433:4:3101
F4_CHANNEL pdg=-5132 idx=43 br=0.013 products=-431:4132
F4_CHANNEL pdg=-5132 idx=44 br=0.009 products=-431:4314
F4_CHANNEL pdg=-5132 idx=45 br=0.009 products=-433:4132
F4_CHANNEL pdg=-5132 idx=46 br=0.023 products=-433:4314
F4_CHANNEL pdg=-5132 idx=47 br=0.008 products=-421:-321:4:3101
F4_CHANNEL pdg=-5132 idx=48 br=0.008 products=-411:-311:4:3101
F4_CHANNEL pdg=-5132 idx=49 br=0.032 products=-423:-321:4:3101
F4_CHANNEL pdg=-5132 idx=50 br=0.032 products=-413:-311:4:3101
F4_CHANNEL pdg=-5132 idx=51 br=0.077 products=4122:-2203:3101
F4_SPECIES pdg=-5122 name=Lambda_bbar0 channels=41 dominant_br=0.4411147 dominant_products=-2:1:4:2101 status=OK
F4_CHANNEL pdg=-5122 idx=0 br=0.0546 products=-12:11:4122
F4_CHANNEL pdg=-5122 idx=1 br=0.0096 products=-12:11:4124
F4_CHANNEL pdg=-5122 idx=2 br=0.0128 products=-12:11:14122
F4_CHANNEL pdg=-5122 idx=3 br=0.0546 products=-14:13:4122
F4_CHANNEL pdg=-5122 idx=4 br=0.0096 products=-14:13:4124
F4_CHANNEL pdg=-5122 idx=5 br=0.0128 products=-14:13:14122
F4_CHANNEL pdg=-5122 idx=6 br=0.0172 products=-16:15:4122
F4_CHANNEL pdg=-5122 idx=7 br=0.0032 products=-16:15:4124
F4_CHANNEL pdg=-5122 idx=8 br=0.0043 products=-16:15:14122
F4_CHANNEL pdg=-5122 idx=9 br=0.0008 products=2112:421
F4_CHANNEL pdg=-5122 idx=10 br=4.8e-06 products=2212:-211
F4_CHANNEL pdg=-5122 idx=11 br=1.85e-05 products=2212:-321
F4_CHANNEL pdg=-5122 idx=12 br=6.5e-05 products=3122:22
F4_CHANNEL pdg=-5122 idx=13 br=5e-06 products=3122:113
F4_CHANNEL pdg=-5122 idx=14 br=2e-05 products=3122:333
F4_CHANNEL pdg=-5122 idx=15 br=0.0008 products=3122:-421
F4_CHANNEL pdg=-5122 idx=16 br=0.001 products=3122:441
F4_CHANNEL pdg=-5122 idx=17 br=0.00047 products=3122:443
F4_CHANNEL pdg=-5122 idx=18 br=5.9e-05 products=102134:22
F4_CHANNEL pdg=-5122 idx=19 br=0.0006 products=4112:111
F4_CHANNEL pdg=-5122 idx=20 br=0.0004 products=4112:221
F4_CHANNEL pdg=-5122 idx=21 br=0.0005 products=4112:331
F4_CHANNEL pdg=-5122 idx=22 br=0.04 products=4122:-211
F4_CHANNEL pdg=-5122 idx=23 br=0.01 products=4122:-213
F4_CHANNEL pdg=-5122 idx=24 br=0.00055 products=4122:-321
F4_CHANNEL pdg=-5122 idx=25 br=0.022 products=4122:-431
F4_CHANNEL pdg=-5122 idx=26 br=0.044 products=4122:-433
F4_CHANNEL pdg=-5122 idx=27 br=0.0003 products=4132:311
F4_CHANNEL pdg=-5122 idx=28 br=0.0006 products=4212:-211
F4_CHANNEL pdg=-5122 idx=29 br=0.0005 products=4312:311
F4_CHANNEL pdg=-5122 idx=30 br=0.02 products=-20213:4122
F4_CHANNEL pdg=-5122 idx=31 br=5.7e-05 products=203122:22
F4_CHANNEL pdg=-5122 idx=32 br=5.6e-05 products=103122:22
F4_CHANNEL pdg=-5122 idx=33 br=0.00038 products=100443:3122
F4_CHANNEL pdg=-5122 idx=34 br=0.022 products=4122:211:-211:-211
F4_CHANNEL pdg=-5122 idx=35 br=0.02 products=3122:311:211:211:-211:-211
F4_CHANNEL pdg=-5122 idx=36 br=0.012 products=-2:1:2:2101
F4_CHANNEL pdg=-5122 idx=37 br=0.4411147 products=-2:1:4:2101
F4_CHANNEL pdg=-5122 idx=38 br=0.091 products=-2:4:1:2101
F4_CHANNEL pdg=-5122 idx=39 br=0.012 products=-4:3:2:2101
F4_CHANNEL pdg=-5122 idx=40 br=0.08 products=-4:3:4:2101
F4_SPECIES pdg=-5114 name=Sigma*_bbar+ channels=1 dominant_br=1 dominant_products=5122:-211 status=OK
F4_CHANNEL pdg=-5114 idx=0 br=1 products=5122:-211
F4_SPECIES pdg=-5112 name=Sigma_bbar+ channels=1 dominant_br=1 dominant_products=5122:-211 status=OK
F4_CHANNEL pdg=-5112 idx=0 br=1 products=5122:-211
F4_SPECIES pdg=-4444 name=Omega*_cccbar-- channels=4 dominant_br=0.76 dominant_products=2:-1:3:81 status=OK
F4_CHANNEL pdg=-4444 idx=0 br=0.08 products=-11:12:3:81
F4_CHANNEL pdg=-4444 idx=1 br=0.08 products=-13:14:3:81
F4_CHANNEL pdg=-4444 idx=2 br=0.76 products=2:-1:3:81
F4_CHANNEL pdg=-4444 idx=3 br=0.08 products=2:-3:3:81
F4_SPECIES pdg=-4434 name=Omega*_ccbar- channels=4 dominant_br=0.76 dominant_products=2:-1:3:81 status=OK
F4_CHANNEL pdg=-4434 idx=0 br=0.08 products=-11:12:3:81
F4_CHANNEL pdg=-4434 idx=1 br=0.08 products=-13:14:3:81
F4_CHANNEL pdg=-4434 idx=2 br=0.76 products=2:-1:3:81
F4_CHANNEL pdg=-4434 idx=3 br=0.08 products=2:-3:3:81
F4_SPECIES pdg=-4432 name=Omega_ccbar- channels=4 dominant_br=0.76 dominant_products=2:-1:3:81 status=OK
F4_CHANNEL pdg=-4432 idx=0 br=0.08 products=-11:12:3:81
F4_CHANNEL pdg=-4432 idx=1 br=0.08 products=-13:14:3:81
F4_CHANNEL pdg=-4432 idx=2 br=0.76 products=2:-1:3:81
F4_CHANNEL pdg=-4432 idx=3 br=0.08 products=2:-3:3:81
F4_SPECIES pdg=-4424 name=Xi*_ccbar-- channels=4 dominant_br=0.76 dominant_products=2:-1:3:81 status=OK
F4_CHANNEL pdg=-4424 idx=0 br=0.08 products=-11:12:3:81
F4_CHANNEL pdg=-4424 idx=1 br=0.08 products=-13:14:3:81
F4_CHANNEL pdg=-4424 idx=2 br=0.76 products=2:-1:3:81
F4_CHANNEL pdg=-4424 idx=3 br=0.08 products=2:-3:3:81
F4_SPECIES pdg=-4422 name=Xi_ccbar-- channels=4 dominant_br=0.76 dominant_products=2:-1:3:81 status=OK
F4_CHANNEL pdg=-4422 idx=0 br=0.08 products=-11:12:3:81
F4_CHANNEL pdg=-4422 idx=1 br=0.08 products=-13:14:3:81
F4_CHANNEL pdg=-4422 idx=2 br=0.76 products=2:-1:3:81
F4_CHANNEL pdg=-4422 idx=3 br=0.08 products=2:-3:3:81
F4_SPECIES pdg=-4414 name=Xi*_ccbar- channels=4 dominant_br=0.76 dominant_products=2:-1:3:81 status=OK
F4_CHANNEL pdg=-4414 idx=0 br=0.08 products=-11:12:3:81
F4_CHANNEL pdg=-4414 idx=1 br=0.08 products=-13:14:3:81
F4_CHANNEL pdg=-4414 idx=2 br=0.76 products=2:-1:3:81
F4_CHANNEL pdg=-4414 idx=3 br=0.08 products=2:-3:3:81
F4_SPECIES pdg=-4412 name=Xi_ccbar- channels=4 dominant_br=0.76 dominant_products=2:-1:3:81 status=OK
F4_CHANNEL pdg=-4412 idx=0 br=0.08 products=-11:12:3:81
F4_CHANNEL pdg=-4412 idx=1 br=0.08 products=-13:14:3:81
F4_CHANNEL pdg=-4412 idx=2 br=0.76 products=2:-1:3:81
F4_CHANNEL pdg=-4412 idx=3 br=0.08 products=2:-3:3:81
F4_SPECIES pdg=-4334 name=Omega*_cbar0 channels=1 dominant_br=1 dominant_products=4332:22 status=OK
F4_CHANNEL pdg=-4334 idx=0 br=1 products=4332:22
F4_SPECIES pdg=-4332 name=Omega_cbar0 channels=3 dominant_br=0.964 dominant_products=2:-1:3:3303 status=OK
F4_CHANNEL pdg=-4332 idx=0 br=0.018 products=-11:12:3:3303
F4_CHANNEL pdg=-4332 idx=1 br=0.018 products=-13:14:3:3303
F4_CHANNEL pdg=-4332 idx=2 br=0.964 products=2:-1:3:3303
F4_SPECIES pdg=-4324 name=Xi*_cbar- channels=2 dominant_br=0.5 dominant_products=4232:111 status=OK
F4_CHANNEL pdg=-4324 idx=0 br=0.5 products=4232:111
F4_CHANNEL pdg=-4324 idx=1 br=0.5 products=4232:22
F4_SPECIES pdg=-4322 name=Xi'_cbar- channels=1 dominant_br=1 dominant_products=4232:22 status=OK
F4_CHANNEL pdg=-4322 idx=0 br=1 products=4232:22
F4_SPECIES pdg=-4314 name=Xi*_cbar0 channels=2 dominant_br=0.5 dominant_products=4132:111 status=OK
F4_CHANNEL pdg=-4314 idx=0 br=0.5 products=4132:111
F4_CHANNEL pdg=-4314 idx=1 br=0.5 products=4132:22
F4_SPECIES pdg=-4312 name=Xi'_cbar0 channels=1 dominant_br=1 dominant_products=4132:22 status=OK
F4_CHANNEL pdg=-4312 idx=0 br=1 products=4132:22
F4_SPECIES pdg=-4232 name=Xi_cbar- channels=5 dominant_br=0.93 dominant_products=2:-1:3:3201 status=OK
F4_CHANNEL pdg=-4232 idx=0 br=0.028 products=-11:12:3:3201
F4_CHANNEL pdg=-4232 idx=1 br=0.007 products=-11:12:3:3203
F4_CHANNEL pdg=-4232 idx=2 br=0.028 products=-13:14:3:3201
F4_CHANNEL pdg=-4232 idx=3 br=0.007 products=-13:14:3:3203
F4_CHANNEL pdg=-4232 idx=4 br=0.93 products=2:-1:3:3201
F4_SPECIES pdg=-4224 name=Sigma*_cbar-- channels=1 dominant_br=1 dominant_products=4122:211 status=OK
F4_CHANNEL pdg=-4224 idx=0 br=1 products=4122:211
F4_SPECIES pdg=-4222 name=Sigma_cbar-- channels=1 dominant_br=1 dominant_products=4122:211 status=OK
F4_CHANNEL pdg=-4222 idx=0 br=1 products=4122:211
F4_SPECIES pdg=-4214 name=Sigma*_cbar- channels=1 dominant_br=1 dominant_products=4122:111 status=OK
F4_CHANNEL pdg=-4214 idx=0 br=1 products=4122:111
F4_SPECIES pdg=-4212 name=Sigma_cbar- channels=1 dominant_br=1 dominant_products=4122:111 status=OK
F4_CHANNEL pdg=-4212 idx=0 br=1 products=4122:111
F4_SPECIES pdg=-4132 name=Xi_cbar0 channels=8 dominant_br=0.54 dominant_products=2:-1:3:3101 status=OK
F4_CHANNEL pdg=-4132 idx=0 br=0.02 products=-11:12:3:3101
F4_CHANNEL pdg=-4132 idx=1 br=0.005 products=-11:12:3:3103
F4_CHANNEL pdg=-4132 idx=2 br=0.02 products=-13:14:3:3101
F4_CHANNEL pdg=-4132 idx=3 br=0.005 products=-13:14:3:3103
F4_CHANNEL pdg=-4132 idx=4 br=0.54 products=2:-1:3:3101
F4_CHANNEL pdg=-4132 idx=5 br=0.21 products=3:3201
F4_CHANNEL pdg=-4132 idx=6 br=0.1 products=3:3203
F4_CHANNEL pdg=-4132 idx=7 br=0.1 products=2:3303
F4_SPECIES pdg=-4124 name=Lambda_c(2625)bar- channels=3 dominant_br=0.66 dominant_products=4122:211:-211 status=OK
F4_CHANNEL pdg=-4124 idx=0 br=0.66 products=4122:211:-211
F4_CHANNEL pdg=-4124 idx=1 br=0.33 products=4122:111
F4_CHANNEL pdg=-4124 idx=2 br=0.01 products=4122:22
F4_SPECIES pdg=-4122 name=Lambda_cbar- channels=76 dominant_br=0.14 dominant_products=2:3201 status=OK
F4_CHANNEL pdg=-4122 idx=0 br=0.003 products=-11:12:2112
F4_CHANNEL pdg=-4122 idx=1 br=0.002 products=-11:12:2114
F4_CHANNEL pdg=-4122 idx=2 br=0.018 products=-11:12:3122
F4_CHANNEL pdg=-4122 idx=3 br=0.005 products=-11:12:3212
F4_CHANNEL pdg=-4122 idx=4 br=0.005 products=-11:12:3214
F4_CHANNEL pdg=-4122 idx=5 br=0.003 products=-13:14:2112
F4_CHANNEL pdg=-4122 idx=6 br=0.002 products=-13:14:2114
F4_CHANNEL pdg=-4122 idx=7 br=0.018 products=-13:14:3122
F4_CHANNEL pdg=-4122 idx=8 br=0.005 products=-13:14:3212
F4_CHANNEL pdg=-4122 idx=9 br=0.005 products=-13:14:3214
F4_CHANNEL pdg=-4122 idx=10 br=0.006 products=-11:12:2112:111
F4_CHANNEL pdg=-4122 idx=11 br=0.006 products=-11:12:2212:-211
F4_CHANNEL pdg=-4122 idx=12 br=0.006 products=-13:14:2112:111
F4_CHANNEL pdg=-4122 idx=13 br=0.006 products=-13:14:2212:-211
F4_CHANNEL pdg=-4122 idx=14 br=0.003 products=2112:211
F4_CHANNEL pdg=-4122 idx=15 br=0.003 products=2112:213
F4_CHANNEL pdg=-4122 idx=16 br=0.003 products=2114:211
F4_CHANNEL pdg=-4122 idx=17 br=0.003 products=2114:213
F4_CHANNEL pdg=-4122 idx=18 br=0.002 products=2212:111
F4_CHANNEL pdg=-4122 idx=19 br=0.002 products=2212:113
F4_CHANNEL pdg=-4122 idx=20 br=0.001 products=2212:221
F4_CHANNEL pdg=-4122 idx=21 br=0.002 products=2212:223
F4_CHANNEL pdg=-4122 idx=22 br=0.023 products=2212:311
F4_CHANNEL pdg=-4122 idx=23 br=0.04 products=2212:-313
F4_CHANNEL pdg=-4122 idx=24 br=0.001 products=2212:331
F4_CHANNEL pdg=-4122 idx=25 br=0.0013 products=2212:333
F4_CHANNEL pdg=-4122 idx=26 br=0.001 products=2214:111
F4_CHANNEL pdg=-4122 idx=27 br=0.001 products=2214:113
F4_CHANNEL pdg=-4122 idx=28 br=0.001 products=2214:221
F4_CHANNEL pdg=-4122 idx=29 br=0.001 products=2214:223
F4_CHANNEL pdg=-4122 idx=30 br=0.005 products=2214:311
F4_CHANNEL pdg=-4122 idx=31 br=0.005 products=2214:-313
F4_CHANNEL pdg=-4122 idx=32 br=0.001 products=2214:331
F4_CHANNEL pdg=-4122 idx=33 br=0.001 products=2224:-211
F4_CHANNEL pdg=-4122 idx=34 br=0.001 products=2224:-213
F4_CHANNEL pdg=-4122 idx=35 br=0.0066 products=2224:-321
F4_CHANNEL pdg=-4122 idx=36 br=0.025 products=2224:-323
F4_CHANNEL pdg=-4122 idx=37 br=0.0058 products=3122:211
F4_CHANNEL pdg=-4122 idx=38 br=0.005 products=3122:213
F4_CHANNEL pdg=-4122 idx=39 br=0.005 products=3122:321
F4_CHANNEL pdg=-4122 idx=40 br=0.005 products=3122:323
F4_CHANNEL pdg=-4122 idx=41 br=0.0055 products=3212:211
F4_CHANNEL pdg=-4122 idx=42 br=0.004 products=3212:213
F4_CHANNEL pdg=-4122 idx=43 br=0.002 products=3212:321
F4_CHANNEL pdg=-4122 idx=44 br=0.002 products=3212:323
F4_CHANNEL pdg=-4122 idx=45 br=0.004 products=3214:211
F4_CHANNEL pdg=-4122 idx=46 br=0.004 products=3214:213
F4_CHANNEL pdg=-4122 idx=47 br=0.001 products=3214:321
F4_CHANNEL pdg=-4122 idx=48 br=0.001 products=3214:323
F4_CHANNEL pdg=-4122 idx=49 br=0.004 products=3222:111
F4_CHANNEL pdg=-4122 idx=50 br=0.004 products=3222:113
F4_CHANNEL pdg=-4122 idx=51 br=0.002 products=3222:221
F4_CHANNEL pdg=-4122 idx=52 br=0.004 products=3222:223
F4_CHANNEL pdg=-4122 idx=53 br=0.002 products=3222:311
F4_CHANNEL pdg=-4122 idx=54 br=0.002 products=3222:313
F4_CHANNEL pdg=-4122 idx=55 br=0.002 products=3222:331
F4_CHANNEL pdg=-4122 idx=56 br=0.003 products=3224:111
F4_CHANNEL pdg=-4122 idx=57 br=0.003 products=3224:113
F4_CHANNEL pdg=-4122 idx=58 br=0.002 products=3224:221
F4_CHANNEL pdg=-4122 idx=59 br=0.003 products=3224:223
F4_CHANNEL pdg=-4122 idx=60 br=0.001 products=3224:311
F4_CHANNEL pdg=-4122 idx=61 br=0.001 products=3224:313
F4_CHANNEL pdg=-4122 idx=62 br=0.002 products=3322:321
F4_CHANNEL pdg=-4122 idx=63 br=0.002 products=3322:323
F4_CHANNEL pdg=-4122 idx=64 br=0.002 products=3324:321
F4_CHANNEL pdg=-4122 idx=65 br=0.0018 products=9010221:2212
F4_CHANNEL pdg=-4122 idx=66 br=0.03 products=1:2203
F4_CHANNEL pdg=-4122 idx=67 br=0.015 products=2:2101
F4_CHANNEL pdg=-4122 idx=68 br=0.015 products=2:2103
F4_CHANNEL pdg=-4122 idx=69 br=0.14 products=2:3201
F4_CHANNEL pdg=-4122 idx=70 br=0.14 products=2:3203
F4_CHANNEL pdg=-4122 idx=71 br=0.095 products=3:2203
F4_CHANNEL pdg=-4122 idx=72 br=0.035 products=2:-1:1:2101
F4_CHANNEL pdg=-4122 idx=73 br=0.13 products=2:-1:1:3201
F4_CHANNEL pdg=-4122 idx=74 br=0.057 products=2:-1:1:3203
F4_CHANNEL pdg=-4122 idx=75 br=0.035 products=2:-3:1:3201
F4_SPECIES pdg=-4114 name=Sigma*_cbar0 channels=1 dominant_br=1 dominant_products=4122:-211 status=OK
F4_CHANNEL pdg=-4114 idx=0 br=1 products=4122:-211
F4_SPECIES pdg=-4112 name=Sigma_cbar0 channels=1 dominant_br=1 dominant_products=4122:-211 status=OK
F4_CHANNEL pdg=-4112 idx=0 br=1 products=4122:-211
F4_SPECIES pdg=-545 name=B*_2c- channels=4 dominant_br=0.3 dominant_products=511:411 status=OK
F4_CHANNEL pdg=-545 idx=0 br=0.3 products=511:411
F4_CHANNEL pdg=-545 idx=1 br=0.3 products=521:421
F4_CHANNEL pdg=-545 idx=2 br=0.2 products=513:411
F4_CHANNEL pdg=-545 idx=3 br=0.2 products=523:421
F4_SPECIES pdg=-543 name=B*_c- channels=1 dominant_br=1 dominant_products=541:22 status=OK
F4_CHANNEL pdg=-543 idx=0 br=1 products=541:22
F4_SPECIES pdg=-541 name=B_c- channels=85 dominant_br=0.202 dominant_products=533:213 status=OK
F4_CHANNEL pdg=-541 idx=0 br=0.016 products=16:-15
F4_CHANNEL pdg=-541 idx=1 br=0.0034 products=-11:12:511
F4_CHANNEL pdg=-541 idx=2 br=0.0058 products=-11:12:513
F4_CHANNEL pdg=-541 idx=3 br=0.0403 products=-11:12:531
F4_CHANNEL pdg=-541 idx=4 br=0.0506 products=-11:12:533
F4_CHANNEL pdg=-541 idx=5 br=4e-05 products=12:-11:421
F4_CHANNEL pdg=-541 idx=6 br=0.00018 products=12:-11:423
F4_CHANNEL pdg=-541 idx=7 br=0.0075 products=12:-11:441
F4_CHANNEL pdg=-541 idx=8 br=0.019 products=12:-11:443
F4_CHANNEL pdg=-541 idx=9 br=0.0002 products=12:-11:100441
F4_CHANNEL pdg=-541 idx=10 br=0.00094 products=12:-11:100443
F4_CHANNEL pdg=-541 idx=11 br=0.0034 products=-13:14:511
F4_CHANNEL pdg=-541 idx=12 br=0.0058 products=-13:14:513
F4_CHANNEL pdg=-541 idx=13 br=0.0403 products=-13:14:531
F4_CHANNEL pdg=-541 idx=14 br=0.0506 products=-13:14:533
F4_CHANNEL pdg=-541 idx=15 br=4e-05 products=14:-13:421
F4_CHANNEL pdg=-541 idx=16 br=0.00018 products=14:-13:423
F4_CHANNEL pdg=-541 idx=17 br=0.0075 products=14:-13:441
F4_CHANNEL pdg=-541 idx=18 br=0.019 products=14:-13:443
F4_CHANNEL pdg=-541 idx=19 br=0.0002 products=14:-13:100441
F4_CHANNEL pdg=-541 idx=20 br=0.00094 products=14:-13:100443
F4_CHANNEL pdg=-541 idx=21 br=2e-05 products=16:-15:421
F4_CHANNEL pdg=-541 idx=22 br=8e-05 products=16:-15:423
F4_CHANNEL pdg=-541 idx=23 br=0.0023 products=16:-15:441
F4_CHANNEL pdg=-541 idx=24 br=0.0048 products=16:-15:443
F4_CHANNEL pdg=-541 idx=25 br=1.6e-05 products=16:-15:100441
F4_CHANNEL pdg=-541 idx=26 br=8e-05 products=16:-15:100443
F4_CHANNEL pdg=-541 idx=27 br=2e-05 products=211:113
F4_CHANNEL pdg=-541 idx=28 br=3e-07 products=421:411
F4_CHANNEL pdg=-541 idx=29 br=4e-07 products=421:413
F4_CHANNEL pdg=-541 idx=30 br=5.3e-05 products=-421:411
F4_CHANNEL pdg=-541 idx=31 br=4.9e-05 products=-421:413
F4_CHANNEL pdg=-541 idx=32 br=3e-07 products=423:411
F4_CHANNEL pdg=-541 idx=33 br=1.6e-06 products=423:413
F4_CHANNEL pdg=-541 idx=34 br=7.5e-05 products=-423:411
F4_CHANNEL pdg=-541 idx=35 br=0.00033 products=-423:413
F4_CHANNEL pdg=-541 idx=36 br=6.6e-06 products=431:421
F4_CHANNEL pdg=-541 idx=37 br=4.8e-06 products=431:-421
F4_CHANNEL pdg=-541 idx=38 br=6.3e-06 products=431:423
F4_CHANNEL pdg=-541 idx=39 br=7.1e-06 products=431:-423
F4_CHANNEL pdg=-541 idx=40 br=8.5e-06 products=433:421
F4_CHANNEL pdg=-541 idx=41 br=4.5e-06 products=433:-421
F4_CHANNEL pdg=-541 idx=42 br=4.04e-05 products=433:423
F4_CHANNEL pdg=-541 idx=43 br=2.6e-05 products=433:-423
F4_CHANNEL pdg=-541 idx=44 br=0.002 products=441:211
F4_CHANNEL pdg=-541 idx=45 br=0.0042 products=441:213
F4_CHANNEL pdg=-541 idx=46 br=0.00013 products=441:321
F4_CHANNEL pdg=-541 idx=47 br=0.0002 products=441:323
F4_CHANNEL pdg=-541 idx=48 br=0.00015 products=441:411
F4_CHANNEL pdg=-541 idx=49 br=0.0001 products=441:413
F4_CHANNEL pdg=-541 idx=50 br=0.0028 products=441:431
F4_CHANNEL pdg=-541 idx=51 br=0.0027 products=441:433
F4_CHANNEL pdg=-541 idx=52 br=0.0013 products=443:211
F4_CHANNEL pdg=-541 idx=53 br=0.004 products=443:213
F4_CHANNEL pdg=-541 idx=54 br=0.00011 products=443:321
F4_CHANNEL pdg=-541 idx=55 br=0.00022 products=443:323
F4_CHANNEL pdg=-541 idx=56 br=9e-05 products=443:411
F4_CHANNEL pdg=-541 idx=57 br=0.00028 products=443:413
F4_CHANNEL pdg=-541 idx=58 br=0.0017 products=443:431
F4_CHANNEL pdg=-541 idx=59 br=0.0067 products=443:433
F4_CHANNEL pdg=-541 idx=60 br=0.0106 products=511:211
F4_CHANNEL pdg=-541 idx=61 br=0.0096 products=511:213
F4_CHANNEL pdg=-541 idx=62 br=0.0007 products=511:321
F4_CHANNEL pdg=-541 idx=63 br=0.00015 products=511:323
F4_CHANNEL pdg=-541 idx=64 br=0.0095 products=513:211
F4_CHANNEL pdg=-541 idx=65 br=0.0257 products=513:213
F4_CHANNEL pdg=-541 idx=66 br=0.00055 products=513:321
F4_CHANNEL pdg=-541 idx=67 br=0.00058 products=513:323
F4_CHANNEL pdg=-541 idx=68 br=0.00037 products=521:111
F4_CHANNEL pdg=-541 idx=69 br=0.00034 products=521:113
F4_CHANNEL pdg=-541 idx=70 br=0.0198 products=521:311
F4_CHANNEL pdg=-541 idx=71 br=0.00033 products=523:111
F4_CHANNEL pdg=-541 idx=72 br=0.0009 products=523:113
F4_CHANNEL pdg=-541 idx=73 br=0.016 products=523:311
F4_CHANNEL pdg=-541 idx=74 br=0.164 products=531:211
F4_CHANNEL pdg=-541 idx=75 br=0.072 products=531:213
F4_CHANNEL pdg=-541 idx=76 br=0.0106 products=531:321
F4_CHANNEL pdg=-541 idx=77 br=0.065 products=533:211
F4_CHANNEL pdg=-541 idx=78 br=0.202 products=533:213
F4_CHANNEL pdg=-541 idx=79 br=0.0037 products=533:321
F4_CHANNEL pdg=-541 idx=80 br=0.0600502 products=4:-3
F4_CHANNEL pdg=-541 idx=81 br=0.0043 products=521:313
F4_CHANNEL pdg=-541 idx=82 br=0.0167 products=523:313
F4_CHANNEL pdg=-541 idx=83 br=0.0043 products=521:-313
F4_CHANNEL pdg=-541 idx=84 br=0.0167 products=523:-313
F4_SPECIES pdg=-535 name=B*_2sbar0 channels=4 dominant_br=0.33 dominant_products=511:311 status=OK
F4_CHANNEL pdg=-535 idx=0 br=0.17 products=513:311
F4_CHANNEL pdg=-535 idx=1 br=0.17 products=523:-321
F4_CHANNEL pdg=-535 idx=2 br=0.33 products=511:311
F4_CHANNEL pdg=-535 idx=3 br=0.33 products=521:-321
F4_SPECIES pdg=-533 name=B*_sbar0 channels=1 dominant_br=1 dominant_products=531:22 status=OK
F4_CHANNEL pdg=-533 idx=0 br=1 products=531:22
F4_SPECIES pdg=-531 name=B_sbar0 channels=246 dominant_br=0.3574344 dominant_products=2:-1:-4:3 status=OK
F4_CHANNEL pdg=-531 idx=0 br=0.0002 products=12:-11:-321
F4_CHANNEL pdg=-531 idx=1 br=0.0003 products=12:-11:-323
F4_CHANNEL pdg=-531 idx=2 br=0.021 products=12:-11:-431
F4_CHANNEL pdg=-531 idx=3 br=0.049 products=12:-11:-433
F4_CHANNEL pdg=-531 idx=4 br=0.007 products=12:-11:-435
F4_CHANNEL pdg=-531 idx=5 br=0.0003 products=12:-11:-10323
F4_CHANNEL pdg=-531 idx=6 br=0.004 products=12:-11:-10431
F4_CHANNEL pdg=-531 idx=7 br=0.007 products=12:-11:-10433
F4_CHANNEL pdg=-531 idx=8 br=0.0002 products=12:-11:-20323
F4_CHANNEL pdg=-531 idx=9 br=0.004 products=12:-11:-20433
F4_CHANNEL pdg=-531 idx=10 br=0.0002 products=14:-13:-321
F4_CHANNEL pdg=-531 idx=11 br=0.0003 products=14:-13:-323
F4_CHANNEL pdg=-531 idx=12 br=0.021 products=14:-13:-431
F4_CHANNEL pdg=-531 idx=13 br=0.049 products=14:-13:-433
F4_CHANNEL pdg=-531 idx=14 br=0.007 products=14:-13:-435
F4_CHANNEL pdg=-531 idx=15 br=0.0003 products=14:-13:-10323
F4_CHANNEL pdg=-531 idx=16 br=0.004 products=14:-13:-10431
F4_CHANNEL pdg=-531 idx=17 br=0.007 products=14:-13:-10433
F4_CHANNEL pdg=-531 idx=18 br=0.0002 products=14:-13:-20323
F4_CHANNEL pdg=-531 idx=19 br=0.004 products=14:-13:-20433
F4_CHANNEL pdg=-531 idx=20 br=0.008 products=16:-15:-431
F4_CHANNEL pdg=-531 idx=21 br=0.016 products=16:-15:-433
F4_CHANNEL pdg=-531 idx=22 br=0.0028 products=16:-15:-435
F4_CHANNEL pdg=-531 idx=23 br=0.0018 products=16:-15:-10431
F4_CHANNEL pdg=-531 idx=24 br=0.0028 products=16:-15:-10433
F4_CHANNEL pdg=-531 idx=25 br=0.0018 products=16:-15:-20433
F4_CHANNEL pdg=-531 idx=26 br=5e-07 products=22:22
F4_CHANNEL pdg=-531 idx=27 br=1e-05 products=130:130
F4_CHANNEL pdg=-531 idx=28 br=0 products=211:-211
F4_CHANNEL pdg=-531 idx=29 br=4e-06 products=221:221
F4_CHANNEL pdg=-531 idx=30 br=1.2e-06 products=223:221
F4_CHANNEL pdg=-531 idx=31 br=1e-05 products=310:310
F4_CHANNEL pdg=-531 idx=32 br=2e-07 products=311:111
F4_CHANNEL pdg=-531 idx=33 br=0 products=311:113
F4_CHANNEL pdg=-531 idx=34 br=2e-07 products=311:221
F4_CHANNEL pdg=-531 idx=35 br=1e-07 products=311:223
F4_CHANNEL pdg=-531 idx=36 br=2e-06 products=313:130
F4_CHANNEL pdg=-531 idx=37 br=2e-06 products=313:310
F4_CHANNEL pdg=-531 idx=38 br=4e-06 products=313:-313
F4_CHANNEL pdg=-531 idx=39 br=0 products=-313:111
F4_CHANNEL pdg=-531 idx=40 br=8e-07 products=-313:113
F4_CHANNEL pdg=-531 idx=41 br=2e-06 products=-313:130
F4_CHANNEL pdg=-531 idx=42 br=1e-07 products=-313:221
F4_CHANNEL pdg=-531 idx=43 br=2e-06 products=-313:310
F4_CHANNEL pdg=-531 idx=44 br=1.85e-05 products=321:-321
F4_CHANNEL pdg=-531 idx=45 br=4.8e-06 products=-321:211
F4_CHANNEL pdg=-531 idx=46 br=1.2e-05 products=-321:213
F4_CHANNEL pdg=-531 idx=47 br=4.6e-06 products=323:-321
F4_CHANNEL pdg=-531 idx=48 br=6e-06 products=323:-323
F4_CHANNEL pdg=-531 idx=49 br=2.5e-05 products=-323:211
F4_CHANNEL pdg=-531 idx=50 br=2e-05 products=-323:213
F4_CHANNEL pdg=-531 idx=51 br=8.2e-06 products=-323:321
F4_CHANNEL pdg=-531 idx=52 br=2.5e-05 products=331:221
F4_CHANNEL pdg=-531 idx=53 br=2.5e-06 products=331:223
F4_CHANNEL pdg=-531 idx=54 br=1e-07 products=331:311
F4_CHANNEL pdg=-531 idx=55 br=0 products=331:-313
F4_CHANNEL pdg=-531 idx=56 br=5.8e-05 products=331:331
F4_CHANNEL pdg=-531 idx=57 br=4.5e-05 products=333:22
F4_CHANNEL pdg=-531 idx=58 br=2.13e-05 products=333:221
F4_CHANNEL pdg=-531 idx=59 br=4e-07 products=333:-313
F4_CHANNEL pdg=-531 idx=60 br=1.25e-05 products=333:331
F4_CHANNEL pdg=-531 idx=61 br=8e-06 products=333:333
F4_CHANNEL pdg=-531 idx=62 br=0.0002 products=-421:311
F4_CHANNEL pdg=-531 idx=63 br=0.0002 products=-421:-313
F4_CHANNEL pdg=-531 idx=64 br=0.0002 products=-423:311
F4_CHANNEL pdg=-531 idx=65 br=0.0002 products=-423:-313
F4_CHANNEL pdg=-531 idx=66 br=0.0017 products=431:-411
F4_CHANNEL pdg=-531 idx=67 br=0.0017 products=431:-413
F4_CHANNEL pdg=-531 idx=68 br=0.0086 products=431:-431
F4_CHANNEL pdg=-531 idx=69 br=0.0026 products=-431:211
F4_CHANNEL pdg=-531 idx=70 br=0.0073 products=-431:213
F4_CHANNEL pdg=-531 idx=71 br=0.00015 products=-431:321
F4_CHANNEL pdg=-531 idx=72 br=0.0003 products=-431:323
F4_CHANNEL pdg=-531 idx=73 br=0.0017 products=433:-411
F4_CHANNEL pdg=-531 idx=74 br=0.0017 products=433:-413
F4_CHANNEL pdg=-531 idx=75 br=0.0197 products=433:-433
F4_CHANNEL pdg=-531 idx=76 br=0.0027 products=-433:211
F4_CHANNEL pdg=-531 idx=77 br=0.007 products=-433:213
F4_CHANNEL pdg=-531 idx=78 br=0.00015 products=-433:321
F4_CHANNEL pdg=-531 idx=79 br=0.0003 products=-433:323
F4_CHANNEL pdg=-531 idx=80 br=0.0013 products=-435:211
F4_CHANNEL pdg=-531 idx=81 br=0.0004 products=441:221
F4_CHANNEL pdg=-531 idx=82 br=0.0008 products=441:331
F4_CHANNEL pdg=-531 idx=83 br=0.0015 products=441:333
F4_CHANNEL pdg=-531 idx=84 br=0.00032 products=443:221
F4_CHANNEL pdg=-531 idx=85 br=8e-05 products=443:311
F4_CHANNEL pdg=-531 idx=86 br=0.00064 products=443:331
F4_CHANNEL pdg=-531 idx=87 br=0.00135 products=443:333
F4_CHANNEL pdg=-531 idx=88 br=0.000235 products=445:221
F4_CHANNEL pdg=-531 idx=89 br=0.000465 products=445:331
F4_CHANNEL pdg=-531 idx=90 br=5e-05 products=10441:221
F4_CHANNEL pdg=-531 idx=91 br=0.0001 products=10441:331
F4_CHANNEL pdg=-531 idx=92 br=0.0002 products=10441:333
F4_CHANNEL pdg=-531 idx=93 br=0.000235 products=10443:221
F4_CHANNEL pdg=-531 idx=94 br=0.000465 products=10443:331
F4_CHANNEL pdg=-531 idx=95 br=0.001 products=10443:333
F4_CHANNEL pdg=-531 idx=96 br=0.0085 products=20213:-431
F4_CHANNEL pdg=-531 idx=97 br=0.0122 products=20213:-433
F4_CHANNEL pdg=-531 idx=98 br=0.0008 products=-20433:211
F4_CHANNEL pdg=-531 idx=99 br=0.0021 products=-20433:213
F4_CHANNEL pdg=-531 idx=100 br=0.0003 products=20443:221
F4_CHANNEL pdg=-531 idx=101 br=0.0007 products=20443:331
F4_CHANNEL pdg=-531 idx=102 br=0.0014 products=20443:333
F4_CHANNEL pdg=-531 idx=103 br=0.0002 products=100441:221
F4_CHANNEL pdg=-531 idx=104 br=0.0004 products=100441:331
F4_CHANNEL pdg=-531 idx=105 br=0.0006 products=100441:333
F4_CHANNEL pdg=-531 idx=106 br=0.000235 products=100443:221
F4_CHANNEL pdg=-531 idx=107 br=0.000465 products=100443:331
F4_CHANNEL pdg=-531 idx=108 br=0.0012 products=100443:333
F4_CHANNEL pdg=-531 idx=109 br=2.3e-06 products=333:11:-11
F4_CHANNEL pdg=-531 idx=110 br=2.3e-06 products=333:13:-13
F4_CHANNEL pdg=-531 idx=111 br=0.0007 products=411:-411:311
F4_CHANNEL pdg=-531 idx=112 br=0.0007 products=413:-411:311
F4_CHANNEL pdg=-531 idx=113 br=0.0007 products=421:411:-321
F4_CHANNEL pdg=-531 idx=114 br=0.0007 products=-421:413:-321
F4_CHANNEL pdg=-531 idx=115 br=0.0096 products=431:-411:311
F4_CHANNEL pdg=-531 idx=116 br=0.0096 products=431:421:-321
F4_CHANNEL pdg=-531 idx=117 br=0.0009 products=-431:211:113
F4_CHANNEL pdg=-531 idx=118 br=0.0009 products=-431:213:111
F4_CHANNEL pdg=-531 idx=119 br=0.002 products=-431:411:311
F4_CHANNEL pdg=-531 idx=120 br=0.0025 products=-431:411:313
F4_CHANNEL pdg=-531 idx=121 br=0.005 products=-431:413:311
F4_CHANNEL pdg=-531 idx=122 br=0.0025 products=-431:413:313
F4_CHANNEL pdg=-531 idx=123 br=0.002 products=-431:421:321
F4_CHANNEL pdg=-531 idx=124 br=0.0025 products=-431:421:323
F4_CHANNEL pdg=-531 idx=125 br=0.005 products=-431:423:321
F4_CHANNEL pdg=-531 idx=126 br=0.0025 products=-431:423:323
F4_CHANNEL pdg=-531 idx=127 br=0.0096 products=433:-411:311
F4_CHANNEL pdg=-531 idx=128 br=0.0096 products=433:-421:-321
F4_CHANNEL pdg=-531 idx=129 br=0.001 products=-433:211:113
F4_CHANNEL pdg=-531 idx=130 br=0.001 products=-433:213:111
F4_CHANNEL pdg=-531 idx=131 br=0.005 products=-433:411:311
F4_CHANNEL pdg=-531 idx=132 br=0.005 products=-433:411:313
F4_CHANNEL pdg=-531 idx=133 br=0.015 products=-433:413:311
F4_CHANNEL pdg=-531 idx=134 br=0.003 products=-433:413:313
F4_CHANNEL pdg=-531 idx=135 br=0.005 products=-433:421:321
F4_CHANNEL pdg=-531 idx=136 br=0.005 products=-433:421:323
F4_CHANNEL pdg=-531 idx=137 br=0.015 products=-433:423:321
F4_CHANNEL pdg=-531 idx=138 br=0.003 products=-433:423:323
F4_CHANNEL pdg=-531 idx=139 br=0.00028 products=441:311:311
F4_CHANNEL pdg=-531 idx=140 br=0.00028 products=441:321:-321
F4_CHANNEL pdg=-531 idx=141 br=0.0002 products=443:111:111
F4_CHANNEL pdg=-531 idx=142 br=0.0002 products=443:211:-211
F4_CHANNEL pdg=-531 idx=143 br=0.0007 products=443:311:311
F4_CHANNEL pdg=-531 idx=144 br=0.0007 products=443:321:-321
F4_CHANNEL pdg=-531 idx=145 br=0.00016 products=445:311:311
F4_CHANNEL pdg=-531 idx=146 br=0.00016 products=445:321:-321
F4_CHANNEL pdg=-531 idx=147 br=3e-05 products=10441:311:311
F4_CHANNEL pdg=-531 idx=148 br=3e-05 products=10441:321:-321
F4_CHANNEL pdg=-531 idx=149 br=0.00016 products=10443:311:311
F4_CHANNEL pdg=-531 idx=150 br=0.00016 products=10443:321:-321
F4_CHANNEL pdg=-531 idx=151 br=0.00026 products=20443:311:311
F4_CHANNEL pdg=-531 idx=152 br=0.00026 products=20443:321:-321
F4_CHANNEL pdg=-531 idx=153 br=0.00012 products=100441:311:311
F4_CHANNEL pdg=-531 idx=154 br=0.00012 products=100441:321:-321
F4_CHANNEL pdg=-531 idx=155 br=0.0002 products=100443:111:111
F4_CHANNEL pdg=-531 idx=156 br=0.0002 products=100443:211:-211
F4_CHANNEL pdg=-531 idx=157 br=0.0003 products=100443:311:311
F4_CHANNEL pdg=-531 idx=158 br=0.0003 products=100443:321:-321
F4_CHANNEL pdg=-531 idx=159 br=0.0003 products=411:-411:311:111
F4_CHANNEL pdg=-531 idx=160 br=0.0003 products=411:-411:-321:211
F4_CHANNEL pdg=-531 idx=161 br=0.0003 products=413:-411:311:111
F4_CHANNEL pdg=-531 idx=162 br=0.0003 products=413:-411:-321:211
F4_CHANNEL pdg=-531 idx=163 br=0.0007 products=-421:411:311:-211
F4_CHANNEL pdg=-531 idx=164 br=0.0007 products=-421:411:-321:111
F4_CHANNEL pdg=-531 idx=165 br=0.0007 products=-421:413:311:-211
F4_CHANNEL pdg=-531 idx=166 br=0.0007 products=-421:413:-321:111
F4_CHANNEL pdg=-531 idx=167 br=0.0024 products=431:-411:311:111
F4_CHANNEL pdg=-531 idx=168 br=0.0048 products=431:-411:-321:211
F4_CHANNEL pdg=-531 idx=169 br=0.0048 products=431:-421:311:-211
F4_CHANNEL pdg=-531 idx=170 br=0.0024 products=431:-421:-321:111
F4_CHANNEL pdg=-531 idx=171 br=0.0009 products=-431:211:111:111
F4_CHANNEL pdg=-531 idx=172 br=0.0009 products=-431:211:211:-211
F4_CHANNEL pdg=-531 idx=173 br=0.0024 products=433:-411:311:111
F4_CHANNEL pdg=-531 idx=174 br=0.0048 products=433:-411:-321:211
F4_CHANNEL pdg=-531 idx=175 br=0.0048 products=433:-421:311:-211
F4_CHANNEL pdg=-531 idx=176 br=0.0024 products=433:-421:-321:111
F4_CHANNEL pdg=-531 idx=177 br=0.001 products=-433:211:111:111
F4_CHANNEL pdg=-531 idx=178 br=0.0077 products=-433:211:211:-211
F4_CHANNEL pdg=-531 idx=179 br=0.0001 products=441:221:111:111
F4_CHANNEL pdg=-531 idx=180 br=0.0001 products=441:221:211:-211
F4_CHANNEL pdg=-531 idx=181 br=0.00028 products=441:311:311:111
F4_CHANNEL pdg=-531 idx=182 br=0.00028 products=441:321:-321:111
F4_CHANNEL pdg=-531 idx=183 br=0.00028 products=441:-321:311:211
F4_CHANNEL pdg=-531 idx=184 br=0.0002 products=441:331:111:111
F4_CHANNEL pdg=-531 idx=185 br=0.0002 products=441:331:211:-211
F4_CHANNEL pdg=-531 idx=186 br=0.0004 products=441:333:111:111
F4_CHANNEL pdg=-531 idx=187 br=0.0004 products=441:333:211:-211
F4_CHANNEL pdg=-531 idx=188 br=0.0002 products=443:221:111:111
F4_CHANNEL pdg=-531 idx=189 br=0.0002 products=443:221:211:-211
F4_CHANNEL pdg=-531 idx=190 br=0.0007 products=443:311:311:111
F4_CHANNEL pdg=-531 idx=191 br=0.0007 products=443:321:-321:111
F4_CHANNEL pdg=-531 idx=192 br=0.0007 products=443:-321:311:211
F4_CHANNEL pdg=-531 idx=193 br=0.0004 products=443:331:111:111
F4_CHANNEL pdg=-531 idx=194 br=0.0004 products=443:331:211:-211
F4_CHANNEL pdg=-531 idx=195 br=0.00039 products=443:333:111:111
F4_CHANNEL pdg=-531 idx=196 br=0.00039 products=443:333:211:-211
F4_CHANNEL pdg=-531 idx=197 br=0.00016 products=445:311:311:111
F4_CHANNEL pdg=-531 idx=198 br=0.00016 products=445:321:-321:111
F4_CHANNEL pdg=-531 idx=199 br=0.00016 products=445:-321:311:211
F4_CHANNEL pdg=-531 idx=200 br=3e-05 products=10441:311:311:111
F4_CHANNEL pdg=-531 idx=201 br=3e-05 products=10441:321:-321:111
F4_CHANNEL pdg=-531 idx=202 br=3e-05 products=10441:-321:311:211
F4_CHANNEL pdg=-531 idx=203 br=0.00016 products=10443:311:311:111
F4_CHANNEL pdg=-531 idx=204 br=0.00016 products=10443:321:-321:111
F4_CHANNEL pdg=-531 idx=205 br=0.00016 products=10443:-321:311:211
F4_CHANNEL pdg=-531 idx=206 br=0.0001 products=20443:221:111:111
F4_CHANNEL pdg=-531 idx=207 br=0.0001 products=20443:221:211:-211
F4_CHANNEL pdg=-531 idx=208 br=0.00026 products=20443:311:311:111
F4_CHANNEL pdg=-531 idx=209 br=0.00026 products=20443:321:-321:111
F4_CHANNEL pdg=-531 idx=210 br=0.00026 products=20443:-321:311:211
F4_CHANNEL pdg=-531 idx=211 br=0.0002 products=20443:331:111:111
F4_CHANNEL pdg=-531 idx=212 br=0.0002 products=20443:331:211:-211
F4_CHANNEL pdg=-531 idx=213 br=0.0004 products=20443:333:111:111
F4_CHANNEL pdg=-531 idx=214 br=0.0004 products=20443:333:211:-211
F4_CHANNEL pdg=-531 idx=215 br=0.00012 products=100441:311:311:111
F4_CHANNEL pdg=-531 idx=216 br=0.00012 products=100441:321:-321:111
F4_CHANNEL pdg=-531 idx=217 br=0.00012 products=100441:-321:311:211
F4_CHANNEL pdg=-531 idx=218 br=0.0002 products=100443:221:111:111
F4_CHANNEL pdg=-531 idx=219 br=0.0002 products=100443:221:211:-211
F4_CHANNEL pdg=-531 idx=220 br=0.0003 products=100443:311:311:111
F4_CHANNEL pdg=-531 idx=221 br=0.0003 products=100443:321:-321:111
F4_CHANNEL pdg=-531 idx=222 br=0.0003 products=100443:-321:311:211
F4_CHANNEL pdg=-531 idx=223 br=0.0004 products=100443:331:111:111
F4_CHANNEL pdg=-531 idx=224 br=0.0004 products=100443:331:211:-211
F4_CHANNEL pdg=-531 idx=225 br=0.00034 products=100443:333:111:111
F4_CHANNEL pdg=-531 idx=226 br=0.00034 products=100443:333:211:-211
F4_CHANNEL pdg=-531 idx=227 br=0.005 products=-3:3
F4_CHANNEL pdg=-531 idx=228 br=0.02 products=-4301:2101
F4_CHANNEL pdg=-531 idx=229 br=0.04 products=-4303:2103
F4_CHANNEL pdg=-531 idx=230 br=0.0007 products=1:-1:-1:3
F4_CHANNEL pdg=-531 idx=231 br=0.0016 products=1:-1:-3:3
F4_CHANNEL pdg=-531 idx=232 br=0.3574344 products=2:-1:-4:3
F4_CHANNEL pdg=-531 idx=233 br=0.0036 products=2:-2:-1:3
F4_CHANNEL pdg=-531 idx=234 br=0.002 products=2:-2:-3:3
F4_CHANNEL pdg=-531 idx=235 br=0.0172 products=2:-3:-4:3
F4_CHANNEL pdg=-531 idx=236 br=0.0195 products=2:-4:-1:3
F4_CHANNEL pdg=-531 idx=237 br=0.0009 products=2:-4:-3:3
F4_CHANNEL pdg=-531 idx=238 br=0.0009 products=3:-3:-1:3
F4_CHANNEL pdg=-531 idx=239 br=0.0013 products=3:-3:-3:3
F4_CHANNEL pdg=-531 idx=240 br=0.007 products=4:-1:-4:3
F4_CHANNEL pdg=-531 idx=241 br=0.004 products=4:-3:-2:3
F4_CHANNEL pdg=-531 idx=242 br=0.009 products=433:-431
F4_CHANNEL pdg=-531 idx=243 br=0.0099 products=-433:431
F4_CHANNEL pdg=-531 idx=244 br=0.0099 products=433:-431
F4_CHANNEL pdg=-531 idx=245 br=0.009 products=-433:431
F4_SPECIES pdg=-525 name=B*_2- channels=6 dominant_br=0.31 dominant_products=513:211 status=OK
F4_CHANNEL pdg=-525 idx=0 br=0.31 products=513:211
F4_CHANNEL pdg=-525 idx=1 br=0.15 products=523:111
F4_CHANNEL pdg=-525 idx=2 br=0.31 products=511:211
F4_CHANNEL pdg=-525 idx=3 br=0.15 products=521:111
F4_CHANNEL pdg=-525 idx=4 br=0.05 products=513:211:111
F4_CHANNEL pdg=-525 idx=5 br=0.03 products=523:211:-211
F4_SPECIES pdg=-523 name=B*- channels=1 dominant_br=1 dominant_products=521:22 status=OK
F4_CHANNEL pdg=-523 idx=0 br=1 products=521:22
F4_SPECIES pdg=-521 name=B- channels=735 dominant_br=0.268336 dominant_products=2:-1:-4:2 status=OK
F4_CHANNEL pdg=-521 idx=0 br=9.3e-05 products=16:-15
F4_CHANNEL pdg=-521 idx=1 br=7.2e-05 products=12:-11:111
F4_CHANNEL pdg=-521 idx=2 br=0.000145 products=12:-11:113
F4_CHANNEL pdg=-521 idx=3 br=8.4e-05 products=12:-11:221
F4_CHANNEL pdg=-521 idx=4 br=0.000145 products=12:-11:223
F4_CHANNEL pdg=-521 idx=5 br=8.4e-05 products=12:-11:331
F4_CHANNEL pdg=-521 idx=6 br=0.0224 products=12:-11:-421
F4_CHANNEL pdg=-521 idx=7 br=0.0617 products=12:-11:-423
F4_CHANNEL pdg=-521 idx=8 br=0.003 products=12:-11:-425
F4_CHANNEL pdg=-521 idx=9 br=0.0049 products=12:-11:-10421
F4_CHANNEL pdg=-521 idx=10 br=0.0056 products=12:-11:-10423
F4_CHANNEL pdg=-521 idx=11 br=0.009 products=12:-11:-20423
F4_CHANNEL pdg=-521 idx=12 br=7.2e-05 products=14:-13:111
F4_CHANNEL pdg=-521 idx=13 br=0.000145 products=14:-13:113
F4_CHANNEL pdg=-521 idx=14 br=8.4e-05 products=14:-13:221
F4_CHANNEL pdg=-521 idx=15 br=0.000145 products=14:-13:223
F4_CHANNEL pdg=-521 idx=16 br=8.4e-05 products=14:-13:331
F4_CHANNEL pdg=-521 idx=17 br=0.0224 products=14:-13:-421
F4_CHANNEL pdg=-521 idx=18 br=0.0617 products=14:-13:-423
F4_CHANNEL pdg=-521 idx=19 br=0.003 products=14:-13:-425
F4_CHANNEL pdg=-521 idx=20 br=0.0049 products=14:-13:-10421
F4_CHANNEL pdg=-521 idx=21 br=0.0056 products=14:-13:-10423
F4_CHANNEL pdg=-521 idx=22 br=0.009 products=14:-13:-20423
F4_CHANNEL pdg=-521 idx=23 br=3e-05 products=16:-15:111
F4_CHANNEL pdg=-521 idx=24 br=4.2e-05 products=16:-15:113
F4_CHANNEL pdg=-521 idx=25 br=1.2e-05 products=16:-15:221
F4_CHANNEL pdg=-521 idx=26 br=4.2e-05 products=16:-15:223
F4_CHANNEL pdg=-521 idx=27 br=2e-05 products=16:-15:225
F4_CHANNEL pdg=-521 idx=28 br=1.8e-05 products=16:-15:331
F4_CHANNEL pdg=-521 idx=29 br=2e-05 products=16:-15:335
F4_CHANNEL pdg=-521 idx=30 br=0.007 products=16:-15:-421
F4_CHANNEL pdg=-521 idx=31 br=0.016 products=16:-15:-423
F4_CHANNEL pdg=-521 idx=32 br=0.002 products=16:-15:-425
F4_CHANNEL pdg=-521 idx=33 br=2.7e-05 products=16:-15:10113
F4_CHANNEL pdg=-521 idx=34 br=2e-06 products=16:-15:10221
F4_CHANNEL pdg=-521 idx=35 br=1.3e-05 products=16:-15:10223
F4_CHANNEL pdg=-521 idx=36 br=1.3e-05 products=16:-15:10333
F4_CHANNEL pdg=-521 idx=37 br=0.0013 products=16:-15:-10421
F4_CHANNEL pdg=-521 idx=38 br=0.0013 products=16:-15:-10423
F4_CHANNEL pdg=-521 idx=39 br=4.6e-05 products=16:-15:20113
F4_CHANNEL pdg=-521 idx=40 br=2.3e-05 products=16:-15:20223
F4_CHANNEL pdg=-521 idx=41 br=2.3e-05 products=16:-15:20333
F4_CHANNEL pdg=-521 idx=42 br=0.002 products=16:-15:-20423
F4_CHANNEL pdg=-521 idx=43 br=4e-06 products=16:-15:9000111
F4_CHANNEL pdg=-521 idx=44 br=2e-06 products=16:-15:9010221
F4_CHANNEL pdg=-521 idx=45 br=0.0019 products=12:-11:-411:211
F4_CHANNEL pdg=-521 idx=46 br=0.0006 products=12:-11:-413:211
F4_CHANNEL pdg=-521 idx=47 br=0.001 products=12:-11:-421:111
F4_CHANNEL pdg=-521 idx=48 br=0.0003 products=12:-11:-423:111
F4_CHANNEL pdg=-521 idx=49 br=0.0019 products=14:-13:-411:211
F4_CHANNEL pdg=-521 idx=50 br=0.0006 products=14:-13:-413:211
F4_CHANNEL pdg=-521 idx=51 br=0.001 products=14:-13:-421:111
F4_CHANNEL pdg=-521 idx=52 br=0.0003 products=14:-13:-423:111
F4_CHANNEL pdg=-521 idx=53 br=5.5e-06 products=211:111
F4_CHANNEL pdg=-521 idx=54 br=9.1e-06 products=211:113
F4_CHANNEL pdg=-521 idx=55 br=1.2e-05 products=211:130
F4_CHANNEL pdg=-521 idx=56 br=1.2e-05 products=213:111
F4_CHANNEL pdg=-521 idx=57 br=1.5e-05 products=213:113
F4_CHANNEL pdg=-521 idx=58 br=4.8e-06 products=221:211
F4_CHANNEL pdg=-521 idx=59 br=8.6e-06 products=221:213
F4_CHANNEL pdg=-521 idx=60 br=5.9e-06 products=223:211
F4_CHANNEL pdg=-521 idx=61 br=1.3e-05 products=223:213
F4_CHANNEL pdg=-521 idx=62 br=2.3e-06 products=225:211
F4_CHANNEL pdg=-521 idx=63 br=1.2e-05 products=310:211
F4_CHANNEL pdg=-521 idx=64 br=1e-06 products=311:213
F4_CHANNEL pdg=-521 idx=65 br=1e-05 products=313:213
F4_CHANNEL pdg=-521 idx=66 br=1.2e-05 products=321:111
F4_CHANNEL pdg=-521 idx=67 br=5.2e-06 products=321:113
F4_CHANNEL pdg=-521 idx=68 br=2.6e-06 products=321:221
F4_CHANNEL pdg=-521 idx=69 br=5.1e-06 products=321:223
F4_CHANNEL pdg=-521 idx=70 br=1e-06 products=321:311
F4_CHANNEL pdg=-521 idx=71 br=4.03e-05 products=323:22
F4_CHANNEL pdg=-521 idx=72 br=2e-06 products=323:111
F4_CHANNEL pdg=-521 idx=73 br=1e-05 products=323:113
F4_CHANNEL pdg=-521 idx=74 br=2.4e-05 products=323:221
F4_CHANNEL pdg=-521 idx=75 br=1e-06 products=323:223
F4_CHANNEL pdg=-521 idx=76 br=3e-06 products=323:311
F4_CHANNEL pdg=-521 idx=77 br=1e-06 products=323:-313
F4_CHANNEL pdg=-521 idx=78 br=4.2e-06 products=331:211
F4_CHANNEL pdg=-521 idx=79 br=1e-06 products=331:213
F4_CHANNEL pdg=-521 idx=80 br=7.8e-05 products=331:321
F4_CHANNEL pdg=-521 idx=81 br=1e-06 products=331:323
F4_CHANNEL pdg=-521 idx=82 br=1e-06 products=333:211
F4_CHANNEL pdg=-521 idx=83 br=1e-06 products=333:213
F4_CHANNEL pdg=-521 idx=84 br=9e-06 products=333:321
F4_CHANNEL pdg=-521 idx=85 br=1.1e-05 products=333:323
F4_CHANNEL pdg=-521 idx=86 br=5e-07 products=411:111
F4_CHANNEL pdg=-521 idx=87 br=1.1e-05 products=411:311
F4_CHANNEL pdg=-521 idx=88 br=5e-07 products=413:111
F4_CHANNEL pdg=-521 idx=89 br=6e-06 products=413:311
F4_CHANNEL pdg=-521 idx=90 br=0.005 products=-421:211
F4_CHANNEL pdg=-521 idx=91 br=0.0134 products=-421:213
F4_CHANNEL pdg=-521 idx=92 br=0.00041 products=-421:321
F4_CHANNEL pdg=-521 idx=93 br=0.00061 products=-421:323
F4_CHANNEL pdg=-521 idx=94 br=0.00027 products=-421:411
F4_CHANNEL pdg=-521 idx=95 br=0.000335 products=-421:413
F4_CHANNEL pdg=-521 idx=96 br=0.0046 products=-423:211
F4_CHANNEL pdg=-521 idx=97 br=0.0098 products=-423:213
F4_CHANNEL pdg=-521 idx=98 br=0.00036 products=-423:321
F4_CHANNEL pdg=-521 idx=99 br=0.00077 products=-423:323
F4_CHANNEL pdg=-521 idx=100 br=0.000335 products=-423:411
F4_CHANNEL pdg=-521 idx=101 br=0.00104 products=-423:413
F4_CHANNEL pdg=-521 idx=102 br=0.0008 products=-425:211
F4_CHANNEL pdg=-521 idx=103 br=0.0038 products=-425:213
F4_CHANNEL pdg=-521 idx=104 br=2e-05 products=431:111
F4_CHANNEL pdg=-521 idx=105 br=2.8e-05 products=431:113
F4_CHANNEL pdg=-521 idx=106 br=0.0129 products=431:-421
F4_CHANNEL pdg=-521 idx=107 br=0.0124 products=431:-423
F4_CHANNEL pdg=-521 idx=108 br=0.0042 products=431:-425
F4_CHANNEL pdg=-521 idx=109 br=2e-05 products=433:111
F4_CHANNEL pdg=-521 idx=110 br=2.8e-05 products=433:113
F4_CHANNEL pdg=-521 idx=111 br=0.0111 products=433:-421
F4_CHANNEL pdg=-521 idx=112 br=0.0278 products=433:-423
F4_CHANNEL pdg=-521 idx=113 br=0.004 products=433:-425
F4_CHANNEL pdg=-521 idx=114 br=0.0009 products=441:321
F4_CHANNEL pdg=-521 idx=115 br=0.0012 products=441:323
F4_CHANNEL pdg=-521 idx=116 br=4e-05 products=443:211
F4_CHANNEL pdg=-521 idx=117 br=6e-05 products=443:213
F4_CHANNEL pdg=-521 idx=118 br=0.00106 products=443:321
F4_CHANNEL pdg=-521 idx=119 br=0.00143 products=443:323
F4_CHANNEL pdg=-521 idx=120 br=0.0005 products=443:325
F4_CHANNEL pdg=-521 idx=121 br=2e-05 products=445:321
F4_CHANNEL pdg=-521 idx=122 br=1e-05 products=10113:211
F4_CHANNEL pdg=-521 idx=123 br=1e-05 products=10113:321
F4_CHANNEL pdg=-521 idx=124 br=1e-05 products=10213:111
F4_CHANNEL pdg=-521 idx=125 br=1e-05 products=10213:311
F4_CHANNEL pdg=-521 idx=126 br=7e-05 products=10311:211
F4_CHANNEL pdg=-521 idx=127 br=1e-05 products=10311:213
F4_CHANNEL pdg=-521 idx=128 br=2e-06 products=-10311:321
F4_CHANNEL pdg=-521 idx=129 br=2e-06 products=10321:111
F4_CHANNEL pdg=-521 idx=130 br=1e-05 products=10321:113
F4_CHANNEL pdg=-521 idx=131 br=2e-06 products=10321:311
F4_CHANNEL pdg=-521 idx=132 br=1e-05 products=10321:333
F4_CHANNEL pdg=-521 idx=133 br=0.0018 products=10323:443
F4_CHANNEL pdg=-521 idx=134 br=0.00091 products=-10421:211
F4_CHANNEL pdg=-521 idx=135 br=0.001 products=-10423:211
F4_CHANNEL pdg=-521 idx=136 br=0.0007 products=-10423:213
F4_CHANNEL pdg=-521 idx=137 br=0.0012 products=-10423:431
F4_CHANNEL pdg=-521 idx=138 br=0.0024 products=-10423:433
F4_CHANNEL pdg=-521 idx=139 br=0.0016 products=10431:-421
F4_CHANNEL pdg=-521 idx=140 br=0.0016 products=10431:-423
F4_CHANNEL pdg=-521 idx=141 br=0.0003 products=10441:321
F4_CHANNEL pdg=-521 idx=142 br=0.0004 products=10441:323
F4_CHANNEL pdg=-521 idx=143 br=4e-05 products=20113:211
F4_CHANNEL pdg=-521 idx=144 br=1e-05 products=20113:321
F4_CHANNEL pdg=-521 idx=145 br=2e-05 products=20113:323
F4_CHANNEL pdg=-521 idx=146 br=4e-05 products=20213:111
F4_CHANNEL pdg=-521 idx=147 br=1e-05 products=20213:113
F4_CHANNEL pdg=-521 idx=148 br=1e-05 products=20213:223
F4_CHANNEL pdg=-521 idx=149 br=1e-05 products=20213:311
F4_CHANNEL pdg=-521 idx=150 br=2e-05 products=20213:313
F4_CHANNEL pdg=-521 idx=151 br=0.00887 products=20213:-421
F4_CHANNEL pdg=-521 idx=152 br=0.01597 products=20213:-423
F4_CHANNEL pdg=-521 idx=153 br=5e-05 products=20213:20113
F4_CHANNEL pdg=-521 idx=154 br=2e-06 products=20323:333
F4_CHANNEL pdg=-521 idx=155 br=0.0001 products=20323:443
F4_CHANNEL pdg=-521 idx=156 br=0.00075 products=-20423:211
F4_CHANNEL pdg=-521 idx=157 br=0.0022 products=-20423:213
F4_CHANNEL pdg=-521 idx=158 br=0.0006 products=-20423:431
F4_CHANNEL pdg=-521 idx=159 br=0.0012 products=-20423:433
F4_CHANNEL pdg=-521 idx=160 br=0.0041 products=20433:-421
F4_CHANNEL pdg=-521 idx=161 br=0.0098 products=20433:-423
F4_CHANNEL pdg=-521 idx=162 br=0.00057 products=20443:321
F4_CHANNEL pdg=-521 idx=163 br=0.00029 products=20443:323
F4_CHANNEL pdg=-521 idx=164 br=0.00048 products=30443:321
F4_CHANNEL pdg=-521 idx=165 br=0.0005 products=30443:323
F4_CHANNEL pdg=-521 idx=166 br=0.0003 products=30443:10323
F4_CHANNEL pdg=-521 idx=167 br=2.2e-06 products=100113:211
F4_CHANNEL pdg=-521 idx=168 br=1e-06 products=100113:321
F4_CHANNEL pdg=-521 idx=169 br=0.00036 products=100441:321
F4_CHANNEL pdg=-521 idx=170 br=0.00048 products=100441:323
F4_CHANNEL pdg=-521 idx=171 br=0.00063 products=100443:321
F4_CHANNEL pdg=-521 idx=172 br=0.0006 products=100443:323
F4_CHANNEL pdg=-521 idx=173 br=0.0004 products=100443:10323
F4_CHANNEL pdg=-521 idx=174 br=1e-06 products=9000111:211
F4_CHANNEL pdg=-521 idx=175 br=1e-05 products=9000111:213
F4_CHANNEL pdg=-521 idx=176 br=1e-06 products=9000111:321
F4_CHANNEL pdg=-521 idx=177 br=5e-06 products=9000111:323
F4_CHANNEL pdg=-521 idx=178 br=1e-06 products=9000211:111
F4_CHANNEL pdg=-521 idx=179 br=2e-06 products=9000211:113
F4_CHANNEL pdg=-521 idx=180 br=1e-06 products=9000211:311
F4_CHANNEL pdg=-521 idx=181 br=5e-06 products=9000211:313
F4_CHANNEL pdg=-521 idx=182 br=1e-06 products=9010221:211
F4_CHANNEL pdg=-521 idx=183 br=1e-05 products=9010221:213
F4_CHANNEL pdg=-521 idx=184 br=8.5e-06 products=9010221:321
F4_CHANNEL pdg=-521 idx=185 br=1e-05 products=9010221:323
F4_CHANNEL pdg=-521 idx=186 br=1e-05 products=9010221:20213
F4_CHANNEL pdg=-521 idx=187 br=2.6e-05 products=211:111:111
F4_CHANNEL pdg=-521 idx=188 br=1e-05 products=211:113:111
F4_CHANNEL pdg=-521 idx=189 br=1e-05 products=211:113:113
F4_CHANNEL pdg=-521 idx=190 br=1.6e-05 products=211:211:-211
F4_CHANNEL pdg=-521 idx=191 br=1e-05 products=213:111:111
F4_CHANNEL pdg=-521 idx=192 br=1e-05 products=213:113:111
F4_CHANNEL pdg=-521 idx=193 br=1e-05 products=213:211:-211
F4_CHANNEL pdg=-521 idx=194 br=1e-05 products=213:-213:211
F4_CHANNEL pdg=-521 idx=195 br=1e-05 products=-213:211:211
F4_CHANNEL pdg=-521 idx=196 br=1e-06 products=221:211:111
F4_CHANNEL pdg=-521 idx=197 br=5e-06 products=221:211:113
F4_CHANNEL pdg=-521 idx=198 br=5e-06 products=221:213:111
F4_CHANNEL pdg=-521 idx=199 br=5e-06 products=221:213:113
F4_CHANNEL pdg=-521 idx=200 br=1e-06 products=221:221:211
F4_CHANNEL pdg=-521 idx=201 br=2e-06 products=221:221:213
F4_CHANNEL pdg=-521 idx=202 br=1e-05 products=223:211:111
F4_CHANNEL pdg=-521 idx=203 br=1e-05 products=223:211:113
F4_CHANNEL pdg=-521 idx=204 br=1e-05 products=223:213:111
F4_CHANNEL pdg=-521 idx=205 br=5e-06 products=223:221:211
F4_CHANNEL pdg=-521 idx=206 br=5e-06 products=223:221:213
F4_CHANNEL pdg=-521 idx=207 br=1e-06 products=311:211:111
F4_CHANNEL pdg=-521 idx=208 br=5e-06 products=311:211:113
F4_CHANNEL pdg=-521 idx=209 br=1e-05 products=311:213:111
F4_CHANNEL pdg=-521 idx=210 br=1e-06 products=311:221:211
F4_CHANNEL pdg=-521 idx=211 br=5e-06 products=311:221:213
F4_CHANNEL pdg=-521 idx=212 br=5e-06 products=311:223:211
F4_CHANNEL pdg=-521 idx=213 br=1e-06 products=311:311:211
F4_CHANNEL pdg=-521 idx=214 br=1e-06 products=311:311:213
F4_CHANNEL pdg=-521 idx=215 br=1e-05 products=313:211:111
F4_CHANNEL pdg=-521 idx=216 br=1e-05 products=313:211:113
F4_CHANNEL pdg=-521 idx=217 br=1e-05 products=313:213:111
F4_CHANNEL pdg=-521 idx=218 br=5e-06 products=313:221:211
F4_CHANNEL pdg=-521 idx=219 br=5e-06 products=313:221:213
F4_CHANNEL pdg=-521 idx=220 br=1e-05 products=313:223:211
F4_CHANNEL pdg=-521 idx=221 br=1e-06 products=313:311:211
F4_CHANNEL pdg=-521 idx=222 br=1e-06 products=313:-313:211
F4_CHANNEL pdg=-521 idx=223 br=1e-06 products=-313:311:211
F4_CHANNEL pdg=-521 idx=224 br=6e-07 products=321:11:-11
F4_CHANNEL pdg=-521 idx=225 br=6e-07 products=321:13:-13
F4_CHANNEL pdg=-521 idx=226 br=1e-07 products=321:15:-15
F4_CHANNEL pdg=-521 idx=227 br=1e-06 products=321:111:111
F4_CHANNEL pdg=-521 idx=228 br=5e-06 products=321:113:111
F4_CHANNEL pdg=-521 idx=229 br=4.9e-06 products=321:211:-211
F4_CHANNEL pdg=-521 idx=230 br=1e-05 products=321:213:-211
F4_CHANNEL pdg=-521 idx=231 br=1e-05 products=321:-213:211
F4_CHANNEL pdg=-521 idx=232 br=1e-06 products=321:221:111
F4_CHANNEL pdg=-521 idx=233 br=2e-06 products=321:221:113
F4_CHANNEL pdg=-521 idx=234 br=1e-06 products=321:221:221
F4_CHANNEL pdg=-521 idx=235 br=5e-06 products=321:223:111
F4_CHANNEL pdg=-521 idx=236 br=2e-06 products=321:223:221
F4_CHANNEL pdg=-521 idx=237 br=1e-06 products=321:311:111
F4_CHANNEL pdg=-521 idx=238 br=1e-06 products=321:311:113
F4_CHANNEL pdg=-521 idx=239 br=1e-06 products=321:311:221
F4_CHANNEL pdg=-521 idx=240 br=1e-06 products=321:311:223
F4_CHANNEL pdg=-521 idx=241 br=4.8e-05 products=321:311:311
F4_CHANNEL pdg=-521 idx=242 br=1e-05 products=321:313:311
F4_CHANNEL pdg=-521 idx=243 br=1e-06 products=321:-313:111
F4_CHANNEL pdg=-521 idx=244 br=5e-07 products=321:-313:221
F4_CHANNEL pdg=-521 idx=245 br=1e-05 products=321:-313:311
F4_CHANNEL pdg=-521 idx=246 br=1e-07 products=321:321:-211
F4_CHANNEL pdg=-521 idx=247 br=2.6e-05 products=321:321:-321
F4_CHANNEL pdg=-521 idx=248 br=1e-06 products=321:-321:211
F4_CHANNEL pdg=-521 idx=249 br=1e-06 products=321:-321:213
F4_CHANNEL pdg=-521 idx=250 br=1e-07 products=-321:211:211
F4_CHANNEL pdg=-521 idx=251 br=1.8e-06 products=323:11:-11
F4_CHANNEL pdg=-521 idx=252 br=1.4e-06 products=323:13:-13
F4_CHANNEL pdg=-521 idx=253 br=2e-07 products=323:15:-15
F4_CHANNEL pdg=-521 idx=254 br=1e-05 products=323:111:111
F4_CHANNEL pdg=-521 idx=255 br=1e-05 products=323:113:111
F4_CHANNEL pdg=-521 idx=256 br=1e-05 products=323:211:-211
F4_CHANNEL pdg=-521 idx=257 br=1e-05 products=323:213:-211
F4_CHANNEL pdg=-521 idx=258 br=1e-05 products=323:-213:211
F4_CHANNEL pdg=-521 idx=259 br=5e-06 products=323:221:111
F4_CHANNEL pdg=-521 idx=260 br=5e-06 products=323:221:113
F4_CHANNEL pdg=-521 idx=261 br=2e-06 products=323:221:221
F4_CHANNEL pdg=-521 idx=262 br=1e-05 products=323:223:111
F4_CHANNEL pdg=-521 idx=263 br=5e-06 products=323:223:221
F4_CHANNEL pdg=-521 idx=264 br=1e-06 products=323:311:111
F4_CHANNEL pdg=-521 idx=265 br=5e-07 products=323:311:221
F4_CHANNEL pdg=-521 idx=266 br=1e-05 products=323:311:311
F4_CHANNEL pdg=-521 idx=267 br=1e-06 products=323:-313:111
F4_CHANNEL pdg=-521 idx=268 br=5e-07 products=323:-313:221
F4_CHANNEL pdg=-521 idx=269 br=1e-05 products=323:321:-321
F4_CHANNEL pdg=-521 idx=270 br=1e-06 products=323:-321:211
F4_CHANNEL pdg=-521 idx=271 br=1e-06 products=-323:321:211
F4_CHANNEL pdg=-521 idx=272 br=1e-05 products=-323:321:321
F4_CHANNEL pdg=-521 idx=273 br=1e-06 products=331:211:111
F4_CHANNEL pdg=-521 idx=274 br=2e-06 products=331:211:113
F4_CHANNEL pdg=-521 idx=275 br=2e-06 products=331:213:111
F4_CHANNEL pdg=-521 idx=276 br=2e-06 products=331:213:113
F4_CHANNEL pdg=-521 idx=277 br=1e-06 products=331:221:211
F4_CHANNEL pdg=-521 idx=278 br=2e-06 products=331:223:211
F4_CHANNEL pdg=-521 idx=279 br=2e-06 products=331:223:213
F4_CHANNEL pdg=-521 idx=280 br=1e-06 products=331:311:211
F4_CHANNEL pdg=-521 idx=281 br=2e-06 products=331:311:213
F4_CHANNEL pdg=-521 idx=282 br=2e-06 products=331:313:213
F4_CHANNEL pdg=-521 idx=283 br=1e-06 products=331:321:111
F4_CHANNEL pdg=-521 idx=284 br=1e-06 products=331:321:113
F4_CHANNEL pdg=-521 idx=285 br=1e-06 products=331:321:221
F4_CHANNEL pdg=-521 idx=286 br=1e-06 products=331:321:223
F4_CHANNEL pdg=-521 idx=287 br=1e-06 products=331:321:311
F4_CHANNEL pdg=-521 idx=288 br=2e-07 products=331:321:-313
F4_CHANNEL pdg=-521 idx=289 br=2e-06 products=331:323:111
F4_CHANNEL pdg=-521 idx=290 br=2e-06 products=331:323:113
F4_CHANNEL pdg=-521 idx=291 br=1e-06 products=331:323:221
F4_CHANNEL pdg=-521 idx=292 br=2e-06 products=331:323:223
F4_CHANNEL pdg=-521 idx=293 br=2e-07 products=331:323:311
F4_CHANNEL pdg=-521 idx=294 br=2e-07 products=331:323:-313
F4_CHANNEL pdg=-521 idx=295 br=1e-06 products=331:331:321
F4_CHANNEL pdg=-521 idx=296 br=1e-06 products=333:211:111
F4_CHANNEL pdg=-521 idx=297 br=1e-06 products=333:211:113
F4_CHANNEL pdg=-521 idx=298 br=1e-06 products=333:213:111
F4_CHANNEL pdg=-521 idx=299 br=5e-07 products=333:221:211
F4_CHANNEL pdg=-521 idx=300 br=5e-07 products=333:221:213
F4_CHANNEL pdg=-521 idx=301 br=1e-06 products=333:223:211
F4_CHANNEL pdg=-521 idx=302 br=1e-05 products=333:311:211
F4_CHANNEL pdg=-521 idx=303 br=1e-05 products=333:311:213
F4_CHANNEL pdg=-521 idx=304 br=1e-05 products=333:321:111
F4_CHANNEL pdg=-521 idx=305 br=1e-05 products=333:321:113
F4_CHANNEL pdg=-521 idx=306 br=5e-06 products=333:321:221
F4_CHANNEL pdg=-521 idx=307 br=1e-05 products=333:321:223
F4_CHANNEL pdg=-521 idx=308 br=1e-06 products=333:321:311
F4_CHANNEL pdg=-521 idx=309 br=1e-05 products=333:323:111
F4_CHANNEL pdg=-521 idx=310 br=2e-07 products=333:331:211
F4_CHANNEL pdg=-521 idx=311 br=2e-07 products=333:331:213
F4_CHANNEL pdg=-521 idx=312 br=2e-06 products=333:331:321
F4_CHANNEL pdg=-521 idx=313 br=1e-06 products=333:333:211
F4_CHANNEL pdg=-521 idx=314 br=3e-06 products=333:333:321
F4_CHANNEL pdg=-521 idx=315 br=3e-06 products=333:333:323
F4_CHANNEL pdg=-521 idx=316 br=0.0005 products=411:-411:321
F4_CHANNEL pdg=-521 idx=317 br=0.0005 products=411:-411:323
F4_CHANNEL pdg=-521 idx=318 br=0.00102 products=-411:211:211
F4_CHANNEL pdg=-521 idx=319 br=0.002 products=-411:213:211
F4_CHANNEL pdg=-521 idx=320 br=0.0005 products=413:-411:321
F4_CHANNEL pdg=-521 idx=321 br=0.0005 products=413:-411:323
F4_CHANNEL pdg=-521 idx=322 br=0.0015 products=413:-413:321
F4_CHANNEL pdg=-521 idx=323 br=0.001 products=413:-413:323
F4_CHANNEL pdg=-521 idx=324 br=0.00125 products=-413:211:211
F4_CHANNEL pdg=-521 idx=325 br=0.002 products=-413:213:211
F4_CHANNEL pdg=-521 idx=326 br=0.0015 products=-413:411:321
F4_CHANNEL pdg=-521 idx=327 br=0.0005 products=-413:411:323
F4_CHANNEL pdg=-521 idx=328 br=0.0015 products=421:-421:321
F4_CHANNEL pdg=-521 idx=329 br=0.0025 products=421:-421:323
F4_CHANNEL pdg=-521 idx=330 br=0.0005 products=-421:211:111
F4_CHANNEL pdg=-521 idx=331 br=0.0021 products=-421:211:113
F4_CHANNEL pdg=-521 idx=332 br=0.0017 products=-421:411:311
F4_CHANNEL pdg=-521 idx=333 br=0.0025 products=-421:411:313
F4_CHANNEL pdg=-521 idx=334 br=0.0049 products=-421:413:311
F4_CHANNEL pdg=-521 idx=335 br=0.0025 products=-421:413:313
F4_CHANNEL pdg=-521 idx=336 br=0.0047 products=423:-421:321
F4_CHANNEL pdg=-521 idx=337 br=0.0025 products=423:-421:323
F4_CHANNEL pdg=-521 idx=338 br=0.007 products=423:-423:321
F4_CHANNEL pdg=-521 idx=339 br=0.005 products=423:-423:323
F4_CHANNEL pdg=-521 idx=340 br=0.0005 products=-423:211:111
F4_CHANNEL pdg=-521 idx=341 br=0.0005 products=-423:211:113
F4_CHANNEL pdg=-521 idx=342 br=0.0005 products=-423:213:111
F4_CHANNEL pdg=-521 idx=343 br=0.0031 products=-423:411:311
F4_CHANNEL pdg=-521 idx=344 br=0.0025 products=-423:411:313
F4_CHANNEL pdg=-521 idx=345 br=0.01 products=-423:413:311
F4_CHANNEL pdg=-521 idx=346 br=0.005 products=-423:413:313
F4_CHANNEL pdg=-521 idx=347 br=0.0018 products=-423:421:321
F4_CHANNEL pdg=-521 idx=348 br=0.0025 products=-423:421:323
F4_CHANNEL pdg=-521 idx=349 br=0.0036 products=431:-411:211
F4_CHANNEL pdg=-521 idx=350 br=0.0018 products=431:-421:111
F4_CHANNEL pdg=-521 idx=351 br=0.0037 products=433:-411:211
F4_CHANNEL pdg=-521 idx=352 br=0.0018 products=433:-421:111
F4_CHANNEL pdg=-521 idx=353 br=0.0002 products=441:311:211
F4_CHANNEL pdg=-521 idx=354 br=0.0001 products=441:321:111
F4_CHANNEL pdg=-521 idx=355 br=0.0002 products=443:311:211
F4_CHANNEL pdg=-521 idx=356 br=0.0001 products=443:321:111
F4_CHANNEL pdg=-521 idx=357 br=9e-05 products=443:333:321
F4_CHANNEL pdg=-521 idx=358 br=0.0002 products=445:311:211
F4_CHANNEL pdg=-521 idx=359 br=0.0001 products=445:321:111
F4_CHANNEL pdg=-521 idx=360 br=1e-05 products=10311:211:111
F4_CHANNEL pdg=-521 idx=361 br=1e-05 products=10311:211:113
F4_CHANNEL pdg=-521 idx=362 br=1e-05 products=10311:213:111
F4_CHANNEL pdg=-521 idx=363 br=5e-06 products=10311:221:213
F4_CHANNEL pdg=-521 idx=364 br=1e-05 products=10311:321:311
F4_CHANNEL pdg=-521 idx=365 br=2e-06 products=10311:331:213
F4_CHANNEL pdg=-521 idx=366 br=1e-05 products=10311:333:211
F4_CHANNEL pdg=-521 idx=367 br=1e-05 products=-10311:321:311
F4_CHANNEL pdg=-521 idx=368 br=1e-05 products=10321:111:111
F4_CHANNEL pdg=-521 idx=369 br=1e-05 products=10321:113:111
F4_CHANNEL pdg=-521 idx=370 br=1e-05 products=10321:213:-211
F4_CHANNEL pdg=-521 idx=371 br=5e-06 products=10321:221:113
F4_CHANNEL pdg=-521 idx=372 br=1e-05 products=10321:321:-321
F4_CHANNEL pdg=-521 idx=373 br=2e-06 products=10321:331:113
F4_CHANNEL pdg=-521 idx=374 br=1e-05 products=10321:333:111
F4_CHANNEL pdg=-521 idx=375 br=5e-06 products=10321:333:221
F4_CHANNEL pdg=-521 idx=376 br=2e-06 products=10321:333:331
F4_CHANNEL pdg=-521 idx=377 br=1e-05 products=-10321:321:321
F4_CHANNEL pdg=-521 idx=378 br=0.0002 products=10441:311:211
F4_CHANNEL pdg=-521 idx=379 br=0.0001 products=10441:321:111
F4_CHANNEL pdg=-521 idx=380 br=1e-05 products=20113:211:111
F4_CHANNEL pdg=-521 idx=381 br=5e-06 products=20113:221:211
F4_CHANNEL pdg=-521 idx=382 br=1e-05 products=20113:311:211
F4_CHANNEL pdg=-521 idx=383 br=1e-05 products=20113:321:111
F4_CHANNEL pdg=-521 idx=384 br=2e-06 products=20113:331:211
F4_CHANNEL pdg=-521 idx=385 br=1e-05 products=20213:111:111
F4_CHANNEL pdg=-521 idx=386 br=1e-05 products=20213:211:-211
F4_CHANNEL pdg=-521 idx=387 br=5e-06 products=20213:221:111
F4_CHANNEL pdg=-521 idx=388 br=1e-05 products=20213:311:111
F4_CHANNEL pdg=-521 idx=389 br=1e-05 products=20213:321:-211
F4_CHANNEL pdg=-521 idx=390 br=2e-06 products=20213:331:111
F4_CHANNEL pdg=-521 idx=391 br=1e-05 products=-20213:211:211
F4_CHANNEL pdg=-521 idx=392 br=2e-06 products=20313:333:211
F4_CHANNEL pdg=-521 idx=393 br=2e-06 products=20323:321:-321
F4_CHANNEL pdg=-521 idx=394 br=2e-06 products=20323:333:111
F4_CHANNEL pdg=-521 idx=395 br=1e-06 products=20323:333:221
F4_CHANNEL pdg=-521 idx=396 br=1e-06 products=20323:333:331
F4_CHANNEL pdg=-521 idx=397 br=0.0004 products=20443:311:211
F4_CHANNEL pdg=-521 idx=398 br=0.0002 products=20443:321:111
F4_CHANNEL pdg=-521 idx=399 br=0.0003 products=30443:311:211
F4_CHANNEL pdg=-521 idx=400 br=0.0002 products=30443:321:111
F4_CHANNEL pdg=-521 idx=401 br=8e-05 products=100441:311:211
F4_CHANNEL pdg=-521 idx=402 br=5e-05 products=100441:321:111
F4_CHANNEL pdg=-521 idx=403 br=0.0004 products=100443:311:211
F4_CHANNEL pdg=-521 idx=404 br=0.0002 products=100443:321:111
F4_CHANNEL pdg=-521 idx=405 br=1e-06 products=9000111:211:111
F4_CHANNEL pdg=-521 idx=406 br=1e-05 products=9000111:213:111
F4_CHANNEL pdg=-521 idx=407 br=5e-06 products=9000111:221:213
F4_CHANNEL pdg=-521 idx=408 br=5e-06 products=9000111:323:111
F4_CHANNEL pdg=-521 idx=409 br=2e-06 products=9000111:331:213
F4_CHANNEL pdg=-521 idx=410 br=1e-06 products=9000211:111:111
F4_CHANNEL pdg=-521 idx=411 br=1e-05 products=9000211:113:111
F4_CHANNEL pdg=-521 idx=412 br=1e-05 products=9000211:-213:211
F4_CHANNEL pdg=-521 idx=413 br=5e-06 products=9000211:221:113
F4_CHANNEL pdg=-521 idx=414 br=5e-06 products=9000211:313:111
F4_CHANNEL pdg=-521 idx=415 br=2e-06 products=9000211:331:113
F4_CHANNEL pdg=-521 idx=416 br=1e-06 products=-9000211:211:211
F4_CHANNEL pdg=-521 idx=417 br=1e-05 products=9010221:211:111
F4_CHANNEL pdg=-521 idx=418 br=1e-05 products=9010221:211:113
F4_CHANNEL pdg=-521 idx=419 br=1e-05 products=9010221:213:111
F4_CHANNEL pdg=-521 idx=420 br=5e-06 products=9010221:221:213
F4_CHANNEL pdg=-521 idx=421 br=1e-05 products=9010221:223:211
F4_CHANNEL pdg=-521 idx=422 br=1e-05 products=9010221:313:211
F4_CHANNEL pdg=-521 idx=423 br=1e-05 products=9010221:323:111
F4_CHANNEL pdg=-521 idx=424 br=5e-06 products=9010221:323:221
F4_CHANNEL pdg=-521 idx=425 br=2e-06 products=9010221:331:213
F4_CHANNEL pdg=-521 idx=426 br=2e-06 products=9010221:331:323
F4_CHANNEL pdg=-521 idx=427 br=1e-06 products=9010221:333:211
F4_CHANNEL pdg=-521 idx=428 br=1e-05 products=9010221:333:321
F4_CHANNEL pdg=-521 idx=429 br=1e-05 products=211:111:111:111
F4_CHANNEL pdg=-521 idx=430 br=2e-06 products=211:113:111:111
F4_CHANNEL pdg=-521 idx=431 br=1e-05 products=211:211:-211:111
F4_CHANNEL pdg=-521 idx=432 br=2e-06 products=211:211:-211:113
F4_CHANNEL pdg=-521 idx=433 br=2e-06 products=213:111:111:111
F4_CHANNEL pdg=-521 idx=434 br=2e-06 products=213:211:-211:111
F4_CHANNEL pdg=-521 idx=435 br=2e-06 products=-213:211:211:111
F4_CHANNEL pdg=-521 idx=436 br=5e-06 products=221:211:111:111
F4_CHANNEL pdg=-521 idx=437 br=1e-06 products=221:211:113:111
F4_CHANNEL pdg=-521 idx=438 br=5e-06 products=221:211:211:-211
F4_CHANNEL pdg=-521 idx=439 br=1e-06 products=221:213:111:111
F4_CHANNEL pdg=-521 idx=440 br=1e-06 products=221:213:211:-211
F4_CHANNEL pdg=-521 idx=441 br=1e-06 products=221:-213:211:211
F4_CHANNEL pdg=-521 idx=442 br=2e-06 products=221:221:211:111
F4_CHANNEL pdg=-521 idx=443 br=1e-06 products=221:221:213:111
F4_CHANNEL pdg=-521 idx=444 br=2e-06 products=223:211:111:111
F4_CHANNEL pdg=-521 idx=445 br=1e-06 products=223:221:211:111
F4_CHANNEL pdg=-521 idx=446 br=1e-05 products=311:211:111:111
F4_CHANNEL pdg=-521 idx=447 br=1e-05 products=311:211:113:111
F4_CHANNEL pdg=-521 idx=448 br=1e-05 products=311:211:211:-211
F4_CHANNEL pdg=-521 idx=449 br=1e-05 products=311:213:111:111
F4_CHANNEL pdg=-521 idx=450 br=1e-05 products=311:213:211:-211
F4_CHANNEL pdg=-521 idx=451 br=1e-05 products=311:-213:211:211
F4_CHANNEL pdg=-521 idx=452 br=5e-06 products=311:221:211:111
F4_CHANNEL pdg=-521 idx=453 br=5e-06 products=311:221:213:111
F4_CHANNEL pdg=-521 idx=454 br=2e-06 products=311:221:221:211
F4_CHANNEL pdg=-521 idx=455 br=1e-05 products=311:223:211:111
F4_CHANNEL pdg=-521 idx=456 br=1e-06 products=311:311:211:111
F4_CHANNEL pdg=-521 idx=457 br=1e-06 products=311:311:211:113
F4_CHANNEL pdg=-521 idx=458 br=1e-06 products=311:311:213:111
F4_CHANNEL pdg=-521 idx=459 br=5e-07 products=311:311:221:211
F4_CHANNEL pdg=-521 idx=460 br=5e-07 products=311:311:221:213
F4_CHANNEL pdg=-521 idx=461 br=1e-06 products=311:311:223:211
F4_CHANNEL pdg=-521 idx=462 br=1e-05 products=311:311:311:211
F4_CHANNEL pdg=-521 idx=463 br=1e-05 products=313:211:111:111
F4_CHANNEL pdg=-521 idx=464 br=1e-05 products=313:211:211:-211
F4_CHANNEL pdg=-521 idx=465 br=5e-06 products=313:221:211:111
F4_CHANNEL pdg=-521 idx=466 br=1e-06 products=313:311:211:111
F4_CHANNEL pdg=-521 idx=467 br=1e-06 products=-313:311:211:111
F4_CHANNEL pdg=-521 idx=468 br=1e-05 products=321:111:111:111
F4_CHANNEL pdg=-521 idx=469 br=1e-05 products=321:113:111:111
F4_CHANNEL pdg=-521 idx=470 br=1e-05 products=321:211:-211:111
F4_CHANNEL pdg=-521 idx=471 br=1e-05 products=321:213:-211:111
F4_CHANNEL pdg=-521 idx=472 br=1e-05 products=321:-213:211:111
F4_CHANNEL pdg=-521 idx=473 br=5e-06 products=321:221:111:111
F4_CHANNEL pdg=-521 idx=474 br=5e-06 products=321:221:113:111
F4_CHANNEL pdg=-521 idx=475 br=5e-06 products=321:221:211:-211
F4_CHANNEL pdg=-521 idx=476 br=2e-06 products=321:221:221:111
F4_CHANNEL pdg=-521 idx=477 br=1e-05 products=321:223:111:111
F4_CHANNEL pdg=-521 idx=478 br=5e-06 products=321:223:221:111
F4_CHANNEL pdg=-521 idx=479 br=1e-06 products=321:311:111:111
F4_CHANNEL pdg=-521 idx=480 br=1e-06 products=321:311:113:111
F4_CHANNEL pdg=-521 idx=481 br=1e-06 products=321:311:211:-211
F4_CHANNEL pdg=-521 idx=482 br=1e-06 products=321:311:213:-211
F4_CHANNEL pdg=-521 idx=483 br=1e-06 products=321:311:-213:211
F4_CHANNEL pdg=-521 idx=484 br=5e-07 products=321:311:221:111
F4_CHANNEL pdg=-521 idx=485 br=5e-07 products=321:311:221:113
F4_CHANNEL pdg=-521 idx=486 br=2e-07 products=321:311:221:221
F4_CHANNEL pdg=-521 idx=487 br=1e-06 products=321:311:223:111
F4_CHANNEL pdg=-521 idx=488 br=1e-05 products=321:311:311:111
F4_CHANNEL pdg=-521 idx=489 br=5e-06 products=321:311:311:221
F4_CHANNEL pdg=-521 idx=490 br=1e-06 products=321:311:311:311
F4_CHANNEL pdg=-521 idx=491 br=1e-05 products=321:313:311:111
F4_CHANNEL pdg=-521 idx=492 br=1e-06 products=321:-313:111:111
F4_CHANNEL pdg=-521 idx=493 br=5e-07 products=321:-313:221:111
F4_CHANNEL pdg=-521 idx=494 br=1e-05 products=321:-313:311:111
F4_CHANNEL pdg=-521 idx=495 br=1e-05 products=321:321:-321:111
F4_CHANNEL pdg=-521 idx=496 br=1e-05 products=321:321:-321:113
F4_CHANNEL pdg=-521 idx=497 br=5e-06 products=321:321:-321:221
F4_CHANNEL pdg=-521 idx=498 br=1e-05 products=321:321:-321:223
F4_CHANNEL pdg=-521 idx=499 br=1e-06 products=321:321:-321:311
F4_CHANNEL pdg=-521 idx=500 br=1e-06 products=321:-321:211:111
F4_CHANNEL pdg=-521 idx=501 br=1e-06 products=321:-321:211:113
F4_CHANNEL pdg=-521 idx=502 br=1e-06 products=321:-321:213:111
F4_CHANNEL pdg=-521 idx=503 br=5e-07 products=321:-321:221:211
F4_CHANNEL pdg=-521 idx=504 br=5e-07 products=321:-321:221:213
F4_CHANNEL pdg=-521 idx=505 br=1e-06 products=321:-321:223:211
F4_CHANNEL pdg=-521 idx=506 br=1e-05 products=321:-321:311:211
F4_CHANNEL pdg=-521 idx=507 br=1e-05 products=321:-321:311:213
F4_CHANNEL pdg=-521 idx=508 br=1e-06 products=-321:311:213:211
F4_CHANNEL pdg=-521 idx=509 br=1e-06 products=-321:313:211:211
F4_CHANNEL pdg=-521 idx=510 br=1e-05 products=323:111:111:111
F4_CHANNEL pdg=-521 idx=511 br=1e-05 products=323:211:-211:111
F4_CHANNEL pdg=-521 idx=512 br=5e-06 products=323:221:111:111
F4_CHANNEL pdg=-521 idx=513 br=5e-06 products=323:221:211:-211
F4_CHANNEL pdg=-521 idx=514 br=2e-06 products=323:221:221:111
F4_CHANNEL pdg=-521 idx=515 br=1e-06 products=323:311:111:111
F4_CHANNEL pdg=-521 idx=516 br=5e-07 products=323:311:221:111
F4_CHANNEL pdg=-521 idx=517 br=1e-05 products=323:311:311:111
F4_CHANNEL pdg=-521 idx=518 br=1e-05 products=323:321:-321:111
F4_CHANNEL pdg=-521 idx=519 br=1e-06 products=323:-321:211:111
F4_CHANNEL pdg=-521 idx=520 br=1e-06 products=-323:311:211:211
F4_CHANNEL pdg=-521 idx=521 br=1e-06 products=-323:321:211:111
F4_CHANNEL pdg=-521 idx=522 br=1e-05 products=-323:321:321:111
F4_CHANNEL pdg=-521 idx=523 br=2e-06 products=331:211:111:111
F4_CHANNEL pdg=-521 idx=524 br=1e-06 products=331:211:113:111
F4_CHANNEL pdg=-521 idx=525 br=2e-06 products=331:211:211:-211
F4_CHANNEL pdg=-521 idx=526 br=1e-06 products=331:213:111:111
F4_CHANNEL pdg=-521 idx=527 br=1e-06 products=331:213:211:-211
F4_CHANNEL pdg=-521 idx=528 br=1e-06 products=331:-213:211:211
F4_CHANNEL pdg=-521 idx=529 br=1e-06 products=331:221:211:111
F4_CHANNEL pdg=-521 idx=530 br=1e-06 products=331:223:211:111
F4_CHANNEL pdg=-521 idx=531 br=2e-06 products=331:311:213:111
F4_CHANNEL pdg=-521 idx=532 br=2e-07 products=331:311:311:211
F4_CHANNEL pdg=-521 idx=533 br=2e-07 products=331:311:311:213
F4_CHANNEL pdg=-521 idx=534 br=2e-06 products=331:313:211:111
F4_CHANNEL pdg=-521 idx=535 br=2e-06 products=331:321:111:111
F4_CHANNEL pdg=-521 idx=536 br=2e-06 products=331:321:113:111
F4_CHANNEL pdg=-521 idx=537 br=1e-06 products=331:321:221:111
F4_CHANNEL pdg=-521 idx=538 br=2e-06 products=331:321:223:111
F4_CHANNEL pdg=-521 idx=539 br=2e-07 products=331:321:311:111
F4_CHANNEL pdg=-521 idx=540 br=2e-07 products=331:321:311:113
F4_CHANNEL pdg=-521 idx=541 br=1e-07 products=331:321:311:221
F4_CHANNEL pdg=-521 idx=542 br=2e-06 products=331:321:311:311
F4_CHANNEL pdg=-521 idx=543 br=2e-07 products=331:321:-313:111
F4_CHANNEL pdg=-521 idx=544 br=2e-06 products=331:321:321:-321
F4_CHANNEL pdg=-521 idx=545 br=2e-07 products=331:321:-321:211
F4_CHANNEL pdg=-521 idx=546 br=2e-07 products=331:321:-321:213
F4_CHANNEL pdg=-521 idx=547 br=2e-06 products=331:323:111:111
F4_CHANNEL pdg=-521 idx=548 br=2e-06 products=331:323:211:-211
F4_CHANNEL pdg=-521 idx=549 br=1e-06 products=331:323:221:111
F4_CHANNEL pdg=-521 idx=550 br=2e-07 products=331:323:311:111
F4_CHANNEL pdg=-521 idx=551 br=1e-06 products=333:211:111:111
F4_CHANNEL pdg=-521 idx=552 br=1e-06 products=333:211:211:-211
F4_CHANNEL pdg=-521 idx=553 br=5e-07 products=333:221:211:111
F4_CHANNEL pdg=-521 idx=554 br=1e-05 products=333:311:211:111
F4_CHANNEL pdg=-521 idx=555 br=1e-06 products=333:311:311:211
F4_CHANNEL pdg=-521 idx=556 br=1e-05 products=333:321:111:111
F4_CHANNEL pdg=-521 idx=557 br=1e-05 products=333:321:211:-211
F4_CHANNEL pdg=-521 idx=558 br=5e-06 products=333:321:221:111
F4_CHANNEL pdg=-521 idx=559 br=1e-06 products=333:321:311:111
F4_CHANNEL pdg=-521 idx=560 br=1e-06 products=333:321:311:311
F4_CHANNEL pdg=-521 idx=561 br=1e-06 products=333:321:321:-321
F4_CHANNEL pdg=-521 idx=562 br=1e-06 products=333:323:311:311
F4_CHANNEL pdg=-521 idx=563 br=1e-06 products=333:323:321:-321
F4_CHANNEL pdg=-521 idx=564 br=2e-07 products=333:331:211:111
F4_CHANNEL pdg=-521 idx=565 br=2e-06 products=333:331:321:111
F4_CHANNEL pdg=-521 idx=566 br=0.002 products=-411:211:211:111
F4_CHANNEL pdg=-521 idx=567 br=0.015 products=-413:211:211:111
F4_CHANNEL pdg=-521 idx=568 br=0.005 products=-421:211:211:-211
F4_CHANNEL pdg=-521 idx=569 br=0.0005 products=-423:211:111:111
F4_CHANNEL pdg=-521 idx=570 br=0.0005 products=-423:211:211:-211
F4_CHANNEL pdg=-521 idx=571 br=0.0033 products=431:-411:211:111
F4_CHANNEL pdg=-521 idx=572 br=0.0008 products=431:-421:111:111
F4_CHANNEL pdg=-521 idx=573 br=0.0033 products=431:-421:211:-211
F4_CHANNEL pdg=-521 idx=574 br=0.0033 products=433:-411:211:111
F4_CHANNEL pdg=-521 idx=575 br=0.0008 products=433:-421:111:111
F4_CHANNEL pdg=-521 idx=576 br=0.0033 products=433:-421:211:-211
F4_CHANNEL pdg=-521 idx=577 br=0.0001 products=441:311:211:111
F4_CHANNEL pdg=-521 idx=578 br=0.0001 products=441:321:111:111
F4_CHANNEL pdg=-521 idx=579 br=0.0002 products=441:321:211:-211
F4_CHANNEL pdg=-521 idx=580 br=0.0001 products=445:311:211:111
F4_CHANNEL pdg=-521 idx=581 br=0.0001 products=445:321:111:111
F4_CHANNEL pdg=-521 idx=582 br=0.0002 products=445:321:211:-211
F4_CHANNEL pdg=-521 idx=583 br=1e-05 products=10311:211:111:111
F4_CHANNEL pdg=-521 idx=584 br=1e-05 products=10311:211:211:-211
F4_CHANNEL pdg=-521 idx=585 br=5e-06 products=10311:221:211:111
F4_CHANNEL pdg=-521 idx=586 br=1e-05 products=10311:321:311:111
F4_CHANNEL pdg=-521 idx=587 br=5e-06 products=10311:321:311:221
F4_CHANNEL pdg=-521 idx=588 br=1e-05 products=10311:321:-321:211
F4_CHANNEL pdg=-521 idx=589 br=2e-06 products=10311:331:211:111
F4_CHANNEL pdg=-521 idx=590 br=2e-06 products=10311:331:321:311
F4_CHANNEL pdg=-521 idx=591 br=1e-05 products=-10311:311:311:211
F4_CHANNEL pdg=-521 idx=592 br=1e-05 products=-10311:321:311:111
F4_CHANNEL pdg=-521 idx=593 br=5e-06 products=-10311:321:311:221
F4_CHANNEL pdg=-521 idx=594 br=1e-05 products=-10311:321:321:-211
F4_CHANNEL pdg=-521 idx=595 br=2e-06 products=-10311:331:321:311
F4_CHANNEL pdg=-521 idx=596 br=1e-05 products=10321:111:111:111
F4_CHANNEL pdg=-521 idx=597 br=5e-06 products=10321:221:111:111
F4_CHANNEL pdg=-521 idx=598 br=1e-05 products=10321:321:-321:111
F4_CHANNEL pdg=-521 idx=599 br=5e-06 products=10321:321:-321:221
F4_CHANNEL pdg=-521 idx=600 br=2e-06 products=10321:331:111:111
F4_CHANNEL pdg=-521 idx=601 br=2e-06 products=10321:331:321:-321
F4_CHANNEL pdg=-521 idx=602 br=1e-05 products=-10321:321:321:111
F4_CHANNEL pdg=-521 idx=603 br=5e-06 products=-10321:321:321:221
F4_CHANNEL pdg=-521 idx=604 br=2e-06 products=-10321:331:321:321
F4_CHANNEL pdg=-521 idx=605 br=0.0001 products=10441:311:211:111
F4_CHANNEL pdg=-521 idx=606 br=0.0001 products=10441:321:111:111
F4_CHANNEL pdg=-521 idx=607 br=0.0002 products=10441:321:211:-211
F4_CHANNEL pdg=-521 idx=608 br=2e-06 products=20313:311:311:211
F4_CHANNEL pdg=-521 idx=609 br=1e-05 products=20313:321:311:111
F4_CHANNEL pdg=-521 idx=610 br=5e-06 products=20313:321:311:221
F4_CHANNEL pdg=-521 idx=611 br=2e-06 products=20313:321:-321:211
F4_CHANNEL pdg=-521 idx=612 br=2e-06 products=20313:331:321:311
F4_CHANNEL pdg=-521 idx=613 br=2e-06 products=-20313:311:311:211
F4_CHANNEL pdg=-521 idx=614 br=1e-05 products=-20313:321:311:111
F4_CHANNEL pdg=-521 idx=615 br=5e-06 products=-20313:321:311:221
F4_CHANNEL pdg=-521 idx=616 br=2e-06 products=-20313:331:321:311
F4_CHANNEL pdg=-521 idx=617 br=4e-06 products=20323:311:311:111
F4_CHANNEL pdg=-521 idx=618 br=2e-06 products=20323:311:311:221
F4_CHANNEL pdg=-521 idx=619 br=2e-06 products=20323:321:-321:111
F4_CHANNEL pdg=-521 idx=620 br=1e-06 products=20323:321:-321:221
F4_CHANNEL pdg=-521 idx=621 br=2e-06 products=20323:331:311:311
F4_CHANNEL pdg=-521 idx=622 br=1e-06 products=20323:331:321:-321
F4_CHANNEL pdg=-521 idx=623 br=2e-06 products=-20323:321:321:111
F4_CHANNEL pdg=-521 idx=624 br=0.0002 products=20443:311:211:111
F4_CHANNEL pdg=-521 idx=625 br=0.0002 products=20443:321:111:111
F4_CHANNEL pdg=-521 idx=626 br=0.0004 products=20443:321:211:-211
F4_CHANNEL pdg=-521 idx=627 br=0.0001 products=30443:311:211:111
F4_CHANNEL pdg=-521 idx=628 br=0.0001 products=30443:321:111:111
F4_CHANNEL pdg=-521 idx=629 br=0.0002 products=30443:321:211:-211
F4_CHANNEL pdg=-521 idx=630 br=5e-05 products=100441:311:211:111
F4_CHANNEL pdg=-521 idx=631 br=5e-05 products=100441:321:111:111
F4_CHANNEL pdg=-521 idx=632 br=8e-05 products=100441:321:211:-211
F4_CHANNEL pdg=-521 idx=633 br=0.0001 products=100443:311:211:111
F4_CHANNEL pdg=-521 idx=634 br=0.0001 products=100443:321:111:111
F4_CHANNEL pdg=-521 idx=635 br=0.0002 products=100443:321:211:-211
F4_CHANNEL pdg=-521 idx=636 br=1e-06 products=9000111:211:111:111
F4_CHANNEL pdg=-521 idx=637 br=1e-06 products=9000211:111:111:111
F4_CHANNEL pdg=-521 idx=638 br=1e-06 products=-9000211:211:211:111
F4_CHANNEL pdg=-521 idx=639 br=2e-06 products=9010221:211:111:111
F4_CHANNEL pdg=-521 idx=640 br=2e-06 products=9010221:211:211:-211
F4_CHANNEL pdg=-521 idx=641 br=1e-06 products=9010221:221:211:111
F4_CHANNEL pdg=-521 idx=642 br=1e-06 products=9010221:311:311:211
F4_CHANNEL pdg=-521 idx=643 br=1e-06 products=9010221:321:311:111
F4_CHANNEL pdg=-521 idx=644 br=1e-05 products=9010221:321:321:-321
F4_CHANNEL pdg=-521 idx=645 br=1e-06 products=9010221:331:211:111
F4_CHANNEL pdg=-521 idx=646 br=1e-06 products=211:111:111:111:111
F4_CHANNEL pdg=-521 idx=647 br=1e-06 products=211:211:-211:111:111
F4_CHANNEL pdg=-521 idx=648 br=1e-06 products=221:211:111:111:111
F4_CHANNEL pdg=-521 idx=649 br=1e-06 products=221:211:211:-211:111
F4_CHANNEL pdg=-521 idx=650 br=2e-06 products=311:211:111:111:111
F4_CHANNEL pdg=-521 idx=651 br=2e-06 products=311:211:211:-211:111
F4_CHANNEL pdg=-521 idx=652 br=1e-06 products=311:221:211:111:111
F4_CHANNEL pdg=-521 idx=653 br=1e-06 products=311:221:211:211:-211
F4_CHANNEL pdg=-521 idx=654 br=1e-06 products=311:221:221:211:111
F4_CHANNEL pdg=-521 idx=655 br=2e-07 products=311:311:211:111:111
F4_CHANNEL pdg=-521 idx=656 br=2e-07 products=311:311:211:211:-211
F4_CHANNEL pdg=-521 idx=657 br=1e-07 products=311:311:221:211:111
F4_CHANNEL pdg=-521 idx=658 br=1e-05 products=311:311:311:211:111
F4_CHANNEL pdg=-521 idx=659 br=2e-06 products=321:111:111:111:111
F4_CHANNEL pdg=-521 idx=660 br=2e-06 products=321:211:211:-211:-211
F4_CHANNEL pdg=-521 idx=661 br=2e-06 products=321:211:-211:111:111
F4_CHANNEL pdg=-521 idx=662 br=1e-06 products=321:221:111:111:111
F4_CHANNEL pdg=-521 idx=663 br=1e-06 products=321:221:211:-211:111
F4_CHANNEL pdg=-521 idx=664 br=1e-06 products=321:221:221:111:111
F4_CHANNEL pdg=-521 idx=665 br=2e-07 products=321:311:111:111:111
F4_CHANNEL pdg=-521 idx=666 br=2e-07 products=321:311:211:-211:111
F4_CHANNEL pdg=-521 idx=667 br=1e-07 products=321:311:221:111:111
F4_CHANNEL pdg=-521 idx=668 br=1e-07 products=321:311:221:211:-211
F4_CHANNEL pdg=-521 idx=669 br=1e-05 products=321:311:311:111:111
F4_CHANNEL pdg=-521 idx=670 br=5e-06 products=321:311:311:221:111
F4_CHANNEL pdg=-521 idx=671 br=1e-06 products=321:311:311:311:111
F4_CHANNEL pdg=-521 idx=672 br=1e-05 products=321:321:-321:111:111
F4_CHANNEL pdg=-521 idx=673 br=5e-06 products=321:321:-321:221:111
F4_CHANNEL pdg=-521 idx=674 br=1e-06 products=321:321:-321:311:111
F4_CHANNEL pdg=-521 idx=675 br=1e-06 products=321:321:-321:-321:211
F4_CHANNEL pdg=-521 idx=676 br=2e-07 products=321:-321:211:111:111
F4_CHANNEL pdg=-521 idx=677 br=2e-07 products=321:-321:211:211:-211
F4_CHANNEL pdg=-521 idx=678 br=1e-07 products=321:-321:221:211:111
F4_CHANNEL pdg=-521 idx=679 br=1e-05 products=321:-321:311:211:111
F4_CHANNEL pdg=-521 idx=680 br=1e-06 products=321:-321:311:311:211
F4_CHANNEL pdg=-521 idx=681 br=2e-07 products=-321:311:211:211:111
F4_CHANNEL pdg=-521 idx=682 br=1e-07 products=-321:311:221:211:211
F4_CHANNEL pdg=-521 idx=683 br=1e-06 products=331:211:111:111:111
F4_CHANNEL pdg=-521 idx=684 br=1e-06 products=331:211:211:-211:111
F4_CHANNEL pdg=-521 idx=685 br=1e-06 products=331:311:211:211:-211
F4_CHANNEL pdg=-521 idx=686 br=1e-07 products=331:311:311:211:111
F4_CHANNEL pdg=-521 idx=687 br=1e-06 products=331:321:111:111:111
F4_CHANNEL pdg=-521 idx=688 br=1e-06 products=331:321:211:-211:111
F4_CHANNEL pdg=-521 idx=689 br=1e-06 products=331:321:221:111:111
F4_CHANNEL pdg=-521 idx=690 br=1e-07 products=331:321:311:111:111
F4_CHANNEL pdg=-521 idx=691 br=1e-07 products=331:321:311:211:-211
F4_CHANNEL pdg=-521 idx=692 br=2e-06 products=331:321:311:311:111
F4_CHANNEL pdg=-521 idx=693 br=2e-06 products=331:321:321:-321:111
F4_CHANNEL pdg=-521 idx=694 br=1e-07 products=331:321:-321:211:111
F4_CHANNEL pdg=-521 idx=695 br=1e-07 products=331:-321:311:211:211
F4_CHANNEL pdg=-521 idx=696 br=1e-06 products=333:311:311:311:211
F4_CHANNEL pdg=-521 idx=697 br=1e-06 products=333:321:311:311:111
F4_CHANNEL pdg=-521 idx=698 br=1e-06 products=333:321:321:311:-211
F4_CHANNEL pdg=-521 idx=699 br=1e-06 products=333:321:321:-321:111
F4_CHANNEL pdg=-521 idx=700 br=1e-06 products=333:321:-321:311:211
F4_CHANNEL pdg=-521 idx=701 br=0.005 products=-3:2
F4_CHANNEL pdg=-521 idx=702 br=0.033 products=-4103:2203
F4_CHANNEL pdg=-521 idx=703 br=0.009 products=-4303:2203
F4_CHANNEL pdg=-521 idx=704 br=7e-05 products=1:-1:-1:2
F4_CHANNEL pdg=-521 idx=705 br=0.0018 products=1:-1:-3:2
F4_CHANNEL pdg=-521 idx=706 br=0.003 products=2:-1:-2:2
F4_CHANNEL pdg=-521 idx=707 br=0.00205 products=2:-2:-1:2
F4_CHANNEL pdg=-521 idx=708 br=0.0022 products=2:-2:-3:2
F4_CHANNEL pdg=-521 idx=709 br=0.0225 products=2:-3:-4:2
F4_CHANNEL pdg=-521 idx=710 br=9e-05 products=3:-3:-1:2
F4_CHANNEL pdg=-521 idx=711 br=0.0015 products=3:-3:-3:2
F4_CHANNEL pdg=-521 idx=712 br=0.004 products=4:-1:-4:2
F4_CHANNEL pdg=-521 idx=713 br=0.004 products=4:-3:-2:2
F4_CHANNEL pdg=-521 idx=714 br=0.074 products=4:-3:-4:2
F4_CHANNEL pdg=-521 idx=715 br=0.001948 products=12:-11:2:-2
F4_CHANNEL pdg=-521 idx=716 br=0.001948 products=14:-13:2:-2
F4_CHANNEL pdg=-521 idx=717 br=2e-05 products=445:323
F4_CHANNEL pdg=-521 idx=718 br=1e-06 products=333:321:313:311
F4_CHANNEL pdg=-521 idx=719 br=2e-06 products=-20313:321:321:-211
F4_CHANNEL pdg=-521 idx=720 br=0.0003118 products=2:-3:22
F4_CHANNEL pdg=-521 idx=721 br=0.268266 products=2:-1:-4:2
F4_CHANNEL pdg=-521 idx=722 br=5e-06 products=2:-3:11:-11
F4_CHANNEL pdg=-521 idx=723 br=2.5e-06 products=2:-3:13:-13
F4_CHANNEL pdg=-521 idx=724 br=2e-07 products=2:-3:15:-15
F4_CHANNEL pdg=-521 idx=725 br=0.001948 products=12:-11:-2:2
F4_CHANNEL pdg=-521 idx=726 br=0.001948 products=14:-13:-2:2
F4_CHANNEL pdg=-521 idx=727 br=4e-05 products=445:323
F4_CHANNEL pdg=-521 idx=728 br=1e-06 products=333:321:-313:311
F4_CHANNEL pdg=-521 idx=729 br=2e-06 products=20313:321:321:-211
F4_CHANNEL pdg=-521 idx=730 br=0.0003118 products=-3:2:22
F4_CHANNEL pdg=-521 idx=731 br=0.268336 products=2:-1:-4:2
F4_CHANNEL pdg=-521 idx=732 br=5e-06 products=-3:2:11:-11
F4_CHANNEL pdg=-521 idx=733 br=2.5e-06 products=-3:2:13:-13
F4_CHANNEL pdg=-521 idx=734 br=2e-07 products=-3:2:15:-15
F4_SPECIES pdg=-515 name=B*_2bar0 channels=6 dominant_br=0.31 dominant_products=523:-211 status=OK
F4_CHANNEL pdg=-515 idx=0 br=0.31 products=523:-211
F4_CHANNEL pdg=-515 idx=1 br=0.15 products=513:111
F4_CHANNEL pdg=-515 idx=2 br=0.31 products=521:-211
F4_CHANNEL pdg=-515 idx=3 br=0.15 products=511:111
F4_CHANNEL pdg=-515 idx=4 br=0.05 products=523:-211:111
F4_CHANNEL pdg=-515 idx=5 br=0.03 products=513:211:-211
F4_SPECIES pdg=-513 name=B*bar0 channels=1 dominant_br=1 dominant_products=511:22 status=OK
F4_CHANNEL pdg=-513 idx=0 br=1 products=511:22
F4_SPECIES pdg=-511 name=Bbar0 channels=890 dominant_br=0.316 dominant_products=2:-1:-4:1 status=OK
F4_CHANNEL pdg=-511 idx=0 br=0.000133 products=12:-11:-211
F4_CHANNEL pdg=-511 idx=1 br=0.000269 products=12:-11:-213
F4_CHANNEL pdg=-511 idx=2 br=0.0207 products=12:-11:-411
F4_CHANNEL pdg=-511 idx=3 br=0.057 products=12:-11:-413
F4_CHANNEL pdg=-511 idx=4 br=0.0023 products=12:-11:-415
F4_CHANNEL pdg=-511 idx=5 br=0.0045 products=12:-11:-10411
F4_CHANNEL pdg=-511 idx=6 br=0.0052 products=12:-11:-10413
F4_CHANNEL pdg=-511 idx=7 br=0.0083 products=12:-11:-20413
F4_CHANNEL pdg=-511 idx=8 br=0.000133 products=14:-13:-211
F4_CHANNEL pdg=-511 idx=9 br=0.000269 products=14:-13:-213
F4_CHANNEL pdg=-511 idx=10 br=0.0207 products=14:-13:-411
F4_CHANNEL pdg=-511 idx=11 br=0.057 products=14:-13:-413
F4_CHANNEL pdg=-511 idx=12 br=0.0023 products=14:-13:-415
F4_CHANNEL pdg=-511 idx=13 br=0.0045 products=14:-13:-10411
F4_CHANNEL pdg=-511 idx=14 br=0.0052 products=14:-13:-10413
F4_CHANNEL pdg=-511 idx=15 br=0.0083 products=14:-13:-20413
F4_CHANNEL pdg=-511 idx=16 br=6e-05 products=16:-15:-211
F4_CHANNEL pdg=-511 idx=17 br=8.3e-05 products=16:-15:-213
F4_CHANNEL pdg=-511 idx=18 br=8e-06 products=16:-15:-215
F4_CHANNEL pdg=-511 idx=19 br=0.007 products=16:-15:-411
F4_CHANNEL pdg=-511 idx=20 br=0.016 products=16:-15:-413
F4_CHANNEL pdg=-511 idx=21 br=0.002 products=16:-15:-415
F4_CHANNEL pdg=-511 idx=22 br=8e-06 products=16:-15:-10213
F4_CHANNEL pdg=-511 idx=23 br=0.0013 products=16:-15:-10411
F4_CHANNEL pdg=-511 idx=24 br=0.0013 products=16:-15:-10413
F4_CHANNEL pdg=-511 idx=25 br=9e-05 products=16:-15:-20213
F4_CHANNEL pdg=-511 idx=26 br=0.002 products=16:-15:-20413
F4_CHANNEL pdg=-511 idx=27 br=8e-06 products=16:-15:-9000211
F4_CHANNEL pdg=-511 idx=28 br=0.001 products=12:-11:-411:111
F4_CHANNEL pdg=-511 idx=29 br=0.0003 products=12:-11:-413:111
F4_CHANNEL pdg=-511 idx=30 br=0.002 products=12:-11:-421:-211
F4_CHANNEL pdg=-511 idx=31 br=0.0007 products=12:-11:-423:-211
F4_CHANNEL pdg=-511 idx=32 br=0.001 products=14:-13:-411:111
F4_CHANNEL pdg=-511 idx=33 br=0.0003 products=14:-13:-413:111
F4_CHANNEL pdg=-511 idx=34 br=0.002 products=14:-13:-421:-211
F4_CHANNEL pdg=-511 idx=35 br=0.0007 products=14:-13:-423:-211
F4_CHANNEL pdg=-511 idx=36 br=1.5e-06 products=111:111
F4_CHANNEL pdg=-511 idx=37 br=2e-06 products=113:113
F4_CHANNEL pdg=-511 idx=38 br=6e-06 products=130:111
F4_CHANNEL pdg=-511 idx=39 br=2.6e-06 products=130:113
F4_CHANNEL pdg=-511 idx=40 br=6e-07 products=130:130
F4_CHANNEL pdg=-511 idx=41 br=4.6e-06 products=211:-211
F4_CHANNEL pdg=-511 idx=42 br=3e-05 products=213:-213
F4_CHANNEL pdg=-511 idx=43 br=1e-06 products=221:111
F4_CHANNEL pdg=-511 idx=44 br=1e-06 products=221:113
F4_CHANNEL pdg=-511 idx=45 br=1e-06 products=221:130
F4_CHANNEL pdg=-511 idx=46 br=1e-06 products=221:221
F4_CHANNEL pdg=-511 idx=47 br=5e-07 products=223:22
F4_CHANNEL pdg=-511 idx=48 br=1e-06 products=223:111
F4_CHANNEL pdg=-511 idx=49 br=1e-06 products=223:113
F4_CHANNEL pdg=-511 idx=50 br=2.3e-06 products=223:130
F4_CHANNEL pdg=-511 idx=51 br=1e-06 products=223:221
F4_CHANNEL pdg=-511 idx=52 br=1e-06 products=223:223
F4_CHANNEL pdg=-511 idx=53 br=6e-06 products=310:111
F4_CHANNEL pdg=-511 idx=54 br=2.6e-06 products=310:113
F4_CHANNEL pdg=-511 idx=55 br=1e-06 products=310:221
F4_CHANNEL pdg=-511 idx=56 br=2.3e-06 products=310:223
F4_CHANNEL pdg=-511 idx=57 br=6e-07 products=310:310
F4_CHANNEL pdg=-511 idx=58 br=4.01e-05 products=313:22
F4_CHANNEL pdg=-511 idx=59 br=1.7e-06 products=313:111
F4_CHANNEL pdg=-511 idx=60 br=1e-05 products=313:113
F4_CHANNEL pdg=-511 idx=61 br=1.9e-05 products=313:221
F4_CHANNEL pdg=-511 idx=62 br=1e-06 products=313:223
F4_CHANNEL pdg=-511 idx=63 br=3e-06 products=313:311
F4_CHANNEL pdg=-511 idx=64 br=1e-06 products=313:-313
F4_CHANNEL pdg=-511 idx=65 br=1.8e-05 products=321:-211
F4_CHANNEL pdg=-511 idx=66 br=9.9e-06 products=321:-213
F4_CHANNEL pdg=-511 idx=67 br=1e-06 products=321:-321
F4_CHANNEL pdg=-511 idx=68 br=1.3e-05 products=323:-211
F4_CHANNEL pdg=-511 idx=69 br=2e-05 products=323:-213
F4_CHANNEL pdg=-511 idx=70 br=2e-06 products=323:-321
F4_CHANNEL pdg=-511 idx=71 br=1e-06 products=323:-323
F4_CHANNEL pdg=-511 idx=72 br=1e-06 products=331:111
F4_CHANNEL pdg=-511 idx=73 br=1e-06 products=331:113
F4_CHANNEL pdg=-511 idx=74 br=3.2e-05 products=331:130
F4_CHANNEL pdg=-511 idx=75 br=1e-06 products=331:221
F4_CHANNEL pdg=-511 idx=76 br=1e-06 products=331:223
F4_CHANNEL pdg=-511 idx=77 br=3.2e-05 products=331:310
F4_CHANNEL pdg=-511 idx=78 br=1e-06 products=331:313
F4_CHANNEL pdg=-511 idx=79 br=1e-06 products=331:331
F4_CHANNEL pdg=-511 idx=80 br=1e-06 products=333:111
F4_CHANNEL pdg=-511 idx=81 br=1e-07 products=333:113
F4_CHANNEL pdg=-511 idx=82 br=4.2e-06 products=333:130
F4_CHANNEL pdg=-511 idx=83 br=1e-06 products=333:221
F4_CHANNEL pdg=-511 idx=84 br=1e-06 products=333:223
F4_CHANNEL pdg=-511 idx=85 br=4.2e-06 products=333:310
F4_CHANNEL pdg=-511 idx=86 br=1.1e-05 products=333:313
F4_CHANNEL pdg=-511 idx=87 br=1e-06 products=333:331
F4_CHANNEL pdg=-511 idx=88 br=1e-07 products=333:333
F4_CHANNEL pdg=-511 idx=89 br=0.00027 products=411:-411
F4_CHANNEL pdg=-511 idx=90 br=0.0028 products=-411:211
F4_CHANNEL pdg=-511 idx=91 br=0.0077 products=-411:213
F4_CHANNEL pdg=-511 idx=92 br=0.0002 products=-411:321
F4_CHANNEL pdg=-511 idx=93 br=0.00037 products=-411:323
F4_CHANNEL pdg=-511 idx=94 br=0.000335 products=413:-411
F4_CHANNEL pdg=-511 idx=95 br=0.00083 products=413:-413
F4_CHANNEL pdg=-511 idx=96 br=0.0028 products=-413:211
F4_CHANNEL pdg=-511 idx=97 br=0.0068 products=-413:213
F4_CHANNEL pdg=-511 idx=98 br=0.00017 products=-413:321
F4_CHANNEL pdg=-511 idx=99 br=0.00038 products=-413:323
F4_CHANNEL pdg=-511 idx=100 br=0.000335 products=-413:411
F4_CHANNEL pdg=-511 idx=101 br=0.0009 products=-415:211
F4_CHANNEL pdg=-511 idx=102 br=0.0022 products=-415:213
F4_CHANNEL pdg=-511 idx=103 br=1e-05 products=421:313
F4_CHANNEL pdg=-511 idx=104 br=0.00029 products=-421:111
F4_CHANNEL pdg=-511 idx=105 br=0.00029 products=-421:113
F4_CHANNEL pdg=-511 idx=106 br=0.00022 products=-421:221
F4_CHANNEL pdg=-511 idx=107 br=0.00025 products=-421:223
F4_CHANNEL pdg=-511 idx=108 br=4e-05 products=-421:311
F4_CHANNEL pdg=-511 idx=109 br=4e-05 products=-421:313
F4_CHANNEL pdg=-511 idx=110 br=0.00017 products=-421:331
F4_CHANNEL pdg=-511 idx=111 br=1e-05 products=423:313
F4_CHANNEL pdg=-511 idx=112 br=0.00027 products=-423:111
F4_CHANNEL pdg=-511 idx=113 br=0.00029 products=-423:113
F4_CHANNEL pdg=-511 idx=114 br=0.00026 products=-423:221
F4_CHANNEL pdg=-511 idx=115 br=0.00042 products=-423:223
F4_CHANNEL pdg=-511 idx=116 br=4e-05 products=-423:311
F4_CHANNEL pdg=-511 idx=117 br=4e-05 products=-423:313
F4_CHANNEL pdg=-511 idx=118 br=0.00017 products=-423:331
F4_CHANNEL pdg=-511 idx=119 br=3.9e-05 products=431:-211
F4_CHANNEL pdg=-511 idx=120 br=1.6e-05 products=431:-213
F4_CHANNEL pdg=-511 idx=121 br=0.009 products=431:-411
F4_CHANNEL pdg=-511 idx=122 br=0.0126 products=431:-413
F4_CHANNEL pdg=-511 idx=123 br=0.0042 products=431:-415
F4_CHANNEL pdg=-511 idx=124 br=4.6e-05 products=-431:321
F4_CHANNEL pdg=-511 idx=125 br=1.6e-05 products=-431:323
F4_CHANNEL pdg=-511 idx=126 br=2.6e-05 products=433:-211
F4_CHANNEL pdg=-511 idx=127 br=1.6e-05 products=433:-213
F4_CHANNEL pdg=-511 idx=128 br=0.009 products=433:-411
F4_CHANNEL pdg=-511 idx=129 br=0.024 products=433:-413
F4_CHANNEL pdg=-511 idx=130 br=0.004 products=433:-415
F4_CHANNEL pdg=-511 idx=131 br=1.6e-05 products=-433:321
F4_CHANNEL pdg=-511 idx=132 br=1.6e-05 products=-433:323
F4_CHANNEL pdg=-511 idx=133 br=0.0006 products=441:130
F4_CHANNEL pdg=-511 idx=134 br=0.0006 products=441:310
F4_CHANNEL pdg=-511 idx=135 br=0.00162 products=441:313
F4_CHANNEL pdg=-511 idx=136 br=2.2e-05 products=443:111
F4_CHANNEL pdg=-511 idx=137 br=1.6e-05 products=443:113
F4_CHANNEL pdg=-511 idx=138 br=0.00044 products=443:130
F4_CHANNEL pdg=-511 idx=139 br=3e-05 products=443:223
F4_CHANNEL pdg=-511 idx=140 br=0.00044 products=443:310
F4_CHANNEL pdg=-511 idx=141 br=0.0005 products=443:315
F4_CHANNEL pdg=-511 idx=142 br=3e-05 products=445:313
F4_CHANNEL pdg=-511 idx=143 br=1e-07 products=2212:-2212
F4_CHANNEL pdg=-511 idx=144 br=1e-06 products=10113:111
F4_CHANNEL pdg=-511 idx=145 br=1e-06 products=10113:221
F4_CHANNEL pdg=-511 idx=146 br=1e-05 products=10113:311
F4_CHANNEL pdg=-511 idx=147 br=1e-06 products=10113:331
F4_CHANNEL pdg=-511 idx=148 br=1e-05 products=10213:-211
F4_CHANNEL pdg=-511 idx=149 br=1e-05 products=-10213:211
F4_CHANNEL pdg=-511 idx=150 br=1e-05 products=-10213:321
F4_CHANNEL pdg=-511 idx=151 br=1e-06 products=10311:111
F4_CHANNEL pdg=-511 idx=152 br=1e-05 products=10311:113
F4_CHANNEL pdg=-511 idx=153 br=3e-06 products=10311:311
F4_CHANNEL pdg=-511 idx=154 br=1e-05 products=10311:333
F4_CHANNEL pdg=-511 idx=155 br=0.0015 products=10313:443
F4_CHANNEL pdg=-511 idx=156 br=1e-06 products=10321:-211
F4_CHANNEL pdg=-511 idx=157 br=2e-05 products=10321:-213
F4_CHANNEL pdg=-511 idx=158 br=2e-06 products=10321:-321
F4_CHANNEL pdg=-511 idx=159 br=0.0002 products=-10411:211
F4_CHANNEL pdg=-511 idx=160 br=0.0006 products=-10413:211
F4_CHANNEL pdg=-511 idx=161 br=0.0004 products=-10413:213
F4_CHANNEL pdg=-511 idx=162 br=0.0012 products=-10413:431
F4_CHANNEL pdg=-511 idx=163 br=0.0024 products=-10413:433
F4_CHANNEL pdg=-511 idx=164 br=0.0016 products=10431:-411
F4_CHANNEL pdg=-511 idx=165 br=0.0016 products=10431:-413
F4_CHANNEL pdg=-511 idx=166 br=0.00015 products=10441:130
F4_CHANNEL pdg=-511 idx=167 br=0.00015 products=10441:310
F4_CHANNEL pdg=-511 idx=168 br=0.0003 products=10441:313
F4_CHANNEL pdg=-511 idx=169 br=1e-06 products=20113:111
F4_CHANNEL pdg=-511 idx=170 br=1e-05 products=20113:113
F4_CHANNEL pdg=-511 idx=171 br=1e-06 products=20113:221
F4_CHANNEL pdg=-511 idx=172 br=1e-05 products=20113:223
F4_CHANNEL pdg=-511 idx=173 br=1e-05 products=20113:311
F4_CHANNEL pdg=-511 idx=174 br=2e-05 products=20113:313
F4_CHANNEL pdg=-511 idx=175 br=1e-06 products=20113:331
F4_CHANNEL pdg=-511 idx=176 br=5e-05 products=20113:20113
F4_CHANNEL pdg=-511 idx=177 br=4e-05 products=20213:-211
F4_CHANNEL pdg=-511 idx=178 br=1e-05 products=20213:-213
F4_CHANNEL pdg=-511 idx=179 br=0.00834 products=20213:-411
F4_CHANNEL pdg=-511 idx=180 br=0.012 products=20213:-413
F4_CHANNEL pdg=-511 idx=181 br=5e-05 products=20213:-20213
F4_CHANNEL pdg=-511 idx=182 br=4e-05 products=-20213:211
F4_CHANNEL pdg=-511 idx=183 br=1e-05 products=-20213:213
F4_CHANNEL pdg=-511 idx=184 br=1e-05 products=-20213:321
F4_CHANNEL pdg=-511 idx=185 br=2e-05 products=-20213:323
F4_CHANNEL pdg=-511 idx=186 br=2e-06 products=20313:333
F4_CHANNEL pdg=-511 idx=187 br=0.0001 products=20313:443
F4_CHANNEL pdg=-511 idx=188 br=0.0001 products=-20413:211
F4_CHANNEL pdg=-511 idx=189 br=0.0013 products=-20413:213
F4_CHANNEL pdg=-511 idx=190 br=0.0006 products=-20413:431
F4_CHANNEL pdg=-511 idx=191 br=0.0012 products=-20413:433
F4_CHANNEL pdg=-511 idx=192 br=0.0041 products=20433:-411
F4_CHANNEL pdg=-511 idx=193 br=0.0098 products=20433:-413
F4_CHANNEL pdg=-511 idx=194 br=0.00023 products=20443:130
F4_CHANNEL pdg=-511 idx=195 br=0.00023 products=20443:310
F4_CHANNEL pdg=-511 idx=196 br=0.0003 products=20443:313
F4_CHANNEL pdg=-511 idx=197 br=1e-06 products=30313:111
F4_CHANNEL pdg=-511 idx=198 br=1e-06 products=30313:311
F4_CHANNEL pdg=-511 idx=199 br=1e-06 products=30323:-211
F4_CHANNEL pdg=-511 idx=200 br=1e-06 products=30323:-321
F4_CHANNEL pdg=-511 idx=201 br=0.00024 products=30443:130
F4_CHANNEL pdg=-511 idx=202 br=0.00024 products=30443:310
F4_CHANNEL pdg=-511 idx=203 br=0.00048 products=30443:313
F4_CHANNEL pdg=-511 idx=204 br=0.00029 products=30443:10313
F4_CHANNEL pdg=-511 idx=205 br=5e-07 products=100113:130
F4_CHANNEL pdg=-511 idx=206 br=5e-07 products=100113:310
F4_CHANNEL pdg=-511 idx=207 br=0.00024 products=100441:130
F4_CHANNEL pdg=-511 idx=208 br=0.00024 products=100441:310
F4_CHANNEL pdg=-511 idx=209 br=0.00066 products=100441:313
F4_CHANNEL pdg=-511 idx=210 br=0.00033 products=100443:130
F4_CHANNEL pdg=-511 idx=211 br=0.00033 products=100443:310
F4_CHANNEL pdg=-511 idx=212 br=0.00066 products=100443:313
F4_CHANNEL pdg=-511 idx=213 br=0.0004 products=100443:10313
F4_CHANNEL pdg=-511 idx=214 br=1e-06 products=9000111:111
F4_CHANNEL pdg=-511 idx=215 br=1e-06 products=9000111:113
F4_CHANNEL pdg=-511 idx=216 br=1e-06 products=9000111:221
F4_CHANNEL pdg=-511 idx=217 br=1e-06 products=9000111:223
F4_CHANNEL pdg=-511 idx=218 br=1e-06 products=9000111:311
F4_CHANNEL pdg=-511 idx=219 br=5e-06 products=9000111:313
F4_CHANNEL pdg=-511 idx=220 br=1e-06 products=9000111:331
F4_CHANNEL pdg=-511 idx=221 br=1e-06 products=9000111:10113
F4_CHANNEL pdg=-511 idx=222 br=1e-06 products=9000111:20113
F4_CHANNEL pdg=-511 idx=223 br=1e-06 products=9000111:9000111
F4_CHANNEL pdg=-511 idx=224 br=1e-06 products=9000211:-211
F4_CHANNEL pdg=-511 idx=225 br=2e-06 products=9000211:-213
F4_CHANNEL pdg=-511 idx=226 br=3e-06 products=-9000211:211
F4_CHANNEL pdg=-511 idx=227 br=1e-05 products=-9000211:213
F4_CHANNEL pdg=-511 idx=228 br=1e-06 products=-9000211:321
F4_CHANNEL pdg=-511 idx=229 br=5e-06 products=-9000211:323
F4_CHANNEL pdg=-511 idx=230 br=1e-06 products=9010221:111
F4_CHANNEL pdg=-511 idx=231 br=1e-06 products=9010221:113
F4_CHANNEL pdg=-511 idx=232 br=1e-06 products=9010221:221
F4_CHANNEL pdg=-511 idx=233 br=1e-06 products=9010221:223
F4_CHANNEL pdg=-511 idx=234 br=6e-06 products=9010221:311
F4_CHANNEL pdg=-511 idx=235 br=5e-06 products=9010221:313
F4_CHANNEL pdg=-511 idx=236 br=1e-06 products=9010221:331
F4_CHANNEL pdg=-511 idx=237 br=1e-06 products=9010221:10113
F4_CHANNEL pdg=-511 idx=238 br=1e-06 products=9010221:20113
F4_CHANNEL pdg=-511 idx=239 br=1e-06 products=9010221:9000111
F4_CHANNEL pdg=-511 idx=240 br=1e-06 products=9010221:9010221
F4_CHANNEL pdg=-511 idx=241 br=1e-06 products=111:111:111
F4_CHANNEL pdg=-511 idx=242 br=1e-06 products=113:111:111
F4_CHANNEL pdg=-511 idx=243 br=1e-05 products=113:113:111
F4_CHANNEL pdg=-511 idx=244 br=2.4e-05 products=211:-211:111
F4_CHANNEL pdg=-511 idx=245 br=3e-06 products=211:-211:113
F4_CHANNEL pdg=-511 idx=246 br=1e-05 products=213:-211:111
F4_CHANNEL pdg=-511 idx=247 br=1e-05 products=213:-213:111
F4_CHANNEL pdg=-511 idx=248 br=1e-05 products=-213:211:111
F4_CHANNEL pdg=-511 idx=249 br=1e-06 products=221:111:111
F4_CHANNEL pdg=-511 idx=250 br=5e-07 products=221:113:111
F4_CHANNEL pdg=-511 idx=251 br=5e-06 products=221:113:113
F4_CHANNEL pdg=-511 idx=252 br=1.7e-05 products=221:211:-211
F4_CHANNEL pdg=-511 idx=253 br=5e-06 products=221:213:-211
F4_CHANNEL pdg=-511 idx=254 br=5e-06 products=221:213:-213
F4_CHANNEL pdg=-511 idx=255 br=5e-06 products=221:-213:211
F4_CHANNEL pdg=-511 idx=256 br=1e-06 products=221:221:111
F4_CHANNEL pdg=-511 idx=257 br=2e-07 products=221:221:113
F4_CHANNEL pdg=-511 idx=258 br=1e-06 products=223:111:111
F4_CHANNEL pdg=-511 idx=259 br=1e-05 products=223:113:111
F4_CHANNEL pdg=-511 idx=260 br=3e-06 products=223:211:-211
F4_CHANNEL pdg=-511 idx=261 br=5e-07 products=223:221:111
F4_CHANNEL pdg=-511 idx=262 br=5e-06 products=223:221:113
F4_CHANNEL pdg=-511 idx=263 br=2e-07 products=223:221:221
F4_CHANNEL pdg=-511 idx=264 br=6e-07 products=311:11:-11
F4_CHANNEL pdg=-511 idx=265 br=6e-07 products=311:13:-13
F4_CHANNEL pdg=-511 idx=266 br=1e-07 products=311:15:-15
F4_CHANNEL pdg=-511 idx=267 br=2e-06 products=311:111:111
F4_CHANNEL pdg=-511 idx=268 br=5e-06 products=311:113:111
F4_CHANNEL pdg=-511 idx=269 br=2.6e-05 products=311:211:-211
F4_CHANNEL pdg=-511 idx=270 br=1e-05 products=311:213:-211
F4_CHANNEL pdg=-511 idx=271 br=1e-05 products=311:-213:211
F4_CHANNEL pdg=-511 idx=272 br=1e-06 products=311:221:111
F4_CHANNEL pdg=-511 idx=273 br=2e-06 products=311:221:113
F4_CHANNEL pdg=-511 idx=274 br=1e-06 products=311:221:221
F4_CHANNEL pdg=-511 idx=275 br=5e-06 products=311:223:111
F4_CHANNEL pdg=-511 idx=276 br=2e-06 products=311:223:221
F4_CHANNEL pdg=-511 idx=277 br=2e-06 products=311:311:111
F4_CHANNEL pdg=-511 idx=278 br=1e-06 products=311:311:113
F4_CHANNEL pdg=-511 idx=279 br=1e-06 products=311:311:221
F4_CHANNEL pdg=-511 idx=280 br=1e-06 products=311:311:223
F4_CHANNEL pdg=-511 idx=281 br=4.8e-05 products=311:311:311
F4_CHANNEL pdg=-511 idx=282 br=1.8e-06 products=313:11:-11
F4_CHANNEL pdg=-511 idx=283 br=1.4e-06 products=313:13:-13
F4_CHANNEL pdg=-511 idx=284 br=2e-07 products=313:15:-15
F4_CHANNEL pdg=-511 idx=285 br=1e-05 products=313:113:111
F4_CHANNEL pdg=-511 idx=286 br=1e-05 products=313:211:-211
F4_CHANNEL pdg=-511 idx=287 br=1e-05 products=313:213:-211
F4_CHANNEL pdg=-511 idx=288 br=1e-05 products=313:-213:211
F4_CHANNEL pdg=-511 idx=289 br=5e-06 products=313:221:113
F4_CHANNEL pdg=-511 idx=290 br=1e-05 products=313:223:111
F4_CHANNEL pdg=-511 idx=291 br=5e-06 products=313:223:221
F4_CHANNEL pdg=-511 idx=292 br=1e-06 products=313:311:111
F4_CHANNEL pdg=-511 idx=293 br=1e-06 products=313:-313:111
F4_CHANNEL pdg=-511 idx=294 br=5e-07 products=313:-313:221
F4_CHANNEL pdg=-511 idx=295 br=1e-06 products=-313:311:111
F4_CHANNEL pdg=-511 idx=296 br=2e-06 products=321:-211:111
F4_CHANNEL pdg=-511 idx=297 br=1e-05 products=321:-213:111
F4_CHANNEL pdg=-511 idx=298 br=2e-05 products=321:221:-211
F4_CHANNEL pdg=-511 idx=299 br=5e-06 products=321:221:-213
F4_CHANNEL pdg=-511 idx=300 br=5e-06 products=321:223:-211
F4_CHANNEL pdg=-511 idx=301 br=5e-07 products=321:311:-211
F4_CHANNEL pdg=-511 idx=302 br=1e-06 products=321:311:-213
F4_CHANNEL pdg=-511 idx=303 br=1e-06 products=321:-313:-211
F4_CHANNEL pdg=-511 idx=304 br=1e-06 products=321:-321:111
F4_CHANNEL pdg=-511 idx=305 br=1e-06 products=321:-321:113
F4_CHANNEL pdg=-511 idx=306 br=1e-06 products=321:-321:221
F4_CHANNEL pdg=-511 idx=307 br=1e-06 products=321:-321:223
F4_CHANNEL pdg=-511 idx=308 br=1e-05 products=321:-321:313
F4_CHANNEL pdg=-511 idx=309 br=5e-07 products=-321:311:211
F4_CHANNEL pdg=-511 idx=310 br=1e-06 products=-321:311:213
F4_CHANNEL pdg=-511 idx=311 br=1e-06 products=-321:313:211
F4_CHANNEL pdg=-511 idx=312 br=1e-05 products=323:-211:111
F4_CHANNEL pdg=-511 idx=313 br=1e-05 products=323:-211:113
F4_CHANNEL pdg=-511 idx=314 br=1e-05 products=323:-213:111
F4_CHANNEL pdg=-511 idx=315 br=5e-06 products=323:221:-211
F4_CHANNEL pdg=-511 idx=316 br=5e-06 products=323:221:-213
F4_CHANNEL pdg=-511 idx=317 br=1e-05 products=323:223:-211
F4_CHANNEL pdg=-511 idx=318 br=1e-06 products=323:311:-211
F4_CHANNEL pdg=-511 idx=319 br=1e-06 products=323:-313:-211
F4_CHANNEL pdg=-511 idx=320 br=1e-06 products=323:-321:111
F4_CHANNEL pdg=-511 idx=321 br=1e-05 products=323:-321:311
F4_CHANNEL pdg=-511 idx=322 br=1e-06 products=323:-323:111
F4_CHANNEL pdg=-511 idx=323 br=5e-07 products=323:-323:221
F4_CHANNEL pdg=-511 idx=324 br=1e-06 products=-323:311:211
F4_CHANNEL pdg=-511 idx=325 br=1e-06 products=-323:313:211
F4_CHANNEL pdg=-511 idx=326 br=1e-06 products=-323:321:111
F4_CHANNEL pdg=-511 idx=327 br=1e-05 products=-323:321:311
F4_CHANNEL pdg=-511 idx=328 br=1e-06 products=331:111:111
F4_CHANNEL pdg=-511 idx=329 br=2e-07 products=331:113:111
F4_CHANNEL pdg=-511 idx=330 br=2e-06 products=331:113:113
F4_CHANNEL pdg=-511 idx=331 br=1e-06 products=331:211:-211
F4_CHANNEL pdg=-511 idx=332 br=2e-06 products=331:213:-213
F4_CHANNEL pdg=-511 idx=333 br=1e-06 products=331:221:111
F4_CHANNEL pdg=-511 idx=334 br=1e-07 products=331:221:113
F4_CHANNEL pdg=-511 idx=335 br=2e-07 products=331:223:111
F4_CHANNEL pdg=-511 idx=336 br=2e-06 products=331:223:113
F4_CHANNEL pdg=-511 idx=337 br=1e-07 products=331:223:221
F4_CHANNEL pdg=-511 idx=338 br=1e-06 products=331:311:111
F4_CHANNEL pdg=-511 idx=339 br=1e-06 products=331:311:113
F4_CHANNEL pdg=-511 idx=340 br=1e-06 products=331:311:221
F4_CHANNEL pdg=-511 idx=341 br=1e-06 products=331:311:223
F4_CHANNEL pdg=-511 idx=342 br=1e-06 products=331:311:311
F4_CHANNEL pdg=-511 idx=343 br=2e-06 products=331:313:113
F4_CHANNEL pdg=-511 idx=344 br=2e-06 products=331:313:223
F4_CHANNEL pdg=-511 idx=345 br=2e-07 products=331:313:-313
F4_CHANNEL pdg=-511 idx=346 br=1e-06 products=331:321:-211
F4_CHANNEL pdg=-511 idx=347 br=2e-06 products=331:321:-213
F4_CHANNEL pdg=-511 idx=348 br=1e-06 products=331:321:-321
F4_CHANNEL pdg=-511 idx=349 br=2e-06 products=331:323:-211
F4_CHANNEL pdg=-511 idx=350 br=2e-06 products=331:323:-213
F4_CHANNEL pdg=-511 idx=351 br=2e-07 products=331:323:-323
F4_CHANNEL pdg=-511 idx=352 br=1e-06 products=331:331:311
F4_CHANNEL pdg=-511 idx=353 br=1e-06 products=333:113:111
F4_CHANNEL pdg=-511 idx=354 br=1e-07 products=333:211:-211
F4_CHANNEL pdg=-511 idx=355 br=1e-06 products=333:213:-211
F4_CHANNEL pdg=-511 idx=356 br=1e-06 products=333:-213:211
F4_CHANNEL pdg=-511 idx=357 br=5e-07 products=333:221:113
F4_CHANNEL pdg=-511 idx=358 br=1e-06 products=333:223:111
F4_CHANNEL pdg=-511 idx=359 br=1e-05 products=333:311:111
F4_CHANNEL pdg=-511 idx=360 br=1e-05 products=333:311:113
F4_CHANNEL pdg=-511 idx=361 br=1e-05 products=333:311:223
F4_CHANNEL pdg=-511 idx=362 br=1e-07 products=333:311:311
F4_CHANNEL pdg=-511 idx=363 br=1e-05 products=333:313:111
F4_CHANNEL pdg=-511 idx=364 br=5e-06 products=333:313:221
F4_CHANNEL pdg=-511 idx=365 br=1e-05 products=333:321:-211
F4_CHANNEL pdg=-511 idx=366 br=1e-05 products=333:321:-213
F4_CHANNEL pdg=-511 idx=367 br=1e-07 products=333:321:-321
F4_CHANNEL pdg=-511 idx=368 br=1e-05 products=333:323:-211
F4_CHANNEL pdg=-511 idx=369 br=2e-07 products=333:331:113
F4_CHANNEL pdg=-511 idx=370 br=2e-06 products=333:331:313
F4_CHANNEL pdg=-511 idx=371 br=1e-07 products=333:333:111
F4_CHANNEL pdg=-511 idx=372 br=3e-06 products=333:333:311
F4_CHANNEL pdg=-511 idx=373 br=3e-06 products=333:333:313
F4_CHANNEL pdg=-511 idx=374 br=0.0015 products=411:-411:311
F4_CHANNEL pdg=-511 idx=375 br=0.0025 products=411:-411:313
F4_CHANNEL pdg=-511 idx=376 br=0.0005 products=-411:211:111
F4_CHANNEL pdg=-511 idx=377 br=0.0011 products=-411:211:113
F4_CHANNEL pdg=-511 idx=378 br=0.0011 products=-411:213:111
F4_CHANNEL pdg=-511 idx=379 br=0.0047 products=413:-411:311
F4_CHANNEL pdg=-511 idx=380 br=0.0025 products=413:-411:313
F4_CHANNEL pdg=-511 idx=381 br=0.007 products=413:-413:311
F4_CHANNEL pdg=-511 idx=382 br=0.005 products=413:-413:313
F4_CHANNEL pdg=-511 idx=383 br=0.0008 products=-413:211:111
F4_CHANNEL pdg=-511 idx=384 br=0.001 products=-413:211:113
F4_CHANNEL pdg=-511 idx=385 br=0.001 products=-413:213:111
F4_CHANNEL pdg=-511 idx=386 br=0.0018 products=-413:411:311
F4_CHANNEL pdg=-511 idx=387 br=0.0025 products=-413:411:313
F4_CHANNEL pdg=-511 idx=388 br=0.0017 products=421:-411:321
F4_CHANNEL pdg=-511 idx=389 br=0.0025 products=421:-411:323
F4_CHANNEL pdg=-511 idx=390 br=0.0031 products=421:-413:321
F4_CHANNEL pdg=-511 idx=391 br=0.0025 products=421:-413:323
F4_CHANNEL pdg=-511 idx=392 br=0.0005 products=421:-421:311
F4_CHANNEL pdg=-511 idx=393 br=0.0005 products=421:-421:313
F4_CHANNEL pdg=-511 idx=394 br=0.0005 products=-421:211:-211
F4_CHANNEL pdg=-511 idx=395 br=0.0049 products=423:-411:321
F4_CHANNEL pdg=-511 idx=396 br=0.0025 products=423:-411:323
F4_CHANNEL pdg=-511 idx=397 br=0.01 products=423:-413:321
F4_CHANNEL pdg=-511 idx=398 br=0.005 products=423:-413:323
F4_CHANNEL pdg=-511 idx=399 br=0.0005 products=423:-421:313
F4_CHANNEL pdg=-511 idx=400 br=0.0015 products=423:-423:311
F4_CHANNEL pdg=-511 idx=401 br=0.001 products=423:-423:313
F4_CHANNEL pdg=-511 idx=402 br=0.0005 products=-423:111:111
F4_CHANNEL pdg=-511 idx=403 br=0.0003 products=-423:211:-211
F4_CHANNEL pdg=-511 idx=404 br=0.0005 products=-423:421:313
F4_CHANNEL pdg=-511 idx=405 br=0.0018 products=431:-411:111
F4_CHANNEL pdg=-511 idx=406 br=0.0037 products=431:-421:-211
F4_CHANNEL pdg=-511 idx=407 br=0.0018 products=433:-411:111
F4_CHANNEL pdg=-511 idx=408 br=0.0037 products=433:-421:-211
F4_CHANNEL pdg=-511 idx=409 br=0.0001 products=441:311:111
F4_CHANNEL pdg=-511 idx=410 br=0.0002 products=441:321:-211
F4_CHANNEL pdg=-511 idx=411 br=0.0001 products=443:311:111
F4_CHANNEL pdg=-511 idx=412 br=0.0002 products=443:321:-211
F4_CHANNEL pdg=-511 idx=413 br=9e-05 products=443:333:311
F4_CHANNEL pdg=-511 idx=414 br=0.0001 products=445:311:111
F4_CHANNEL pdg=-511 idx=415 br=0.0002 products=445:321:-211
F4_CHANNEL pdg=-511 idx=416 br=1e-05 products=10311:111:111
F4_CHANNEL pdg=-511 idx=417 br=1e-05 products=10311:113:111
F4_CHANNEL pdg=-511 idx=418 br=1e-05 products=10311:211:-211
F4_CHANNEL pdg=-511 idx=419 br=1e-05 products=10311:213:-211
F4_CHANNEL pdg=-511 idx=420 br=1e-05 products=10311:-213:211
F4_CHANNEL pdg=-511 idx=421 br=5e-06 products=10311:221:113
F4_CHANNEL pdg=-511 idx=422 br=1e-05 products=10311:321:-321
F4_CHANNEL pdg=-511 idx=423 br=2e-06 products=10311:331:113
F4_CHANNEL pdg=-511 idx=424 br=1e-05 products=10311:333:111
F4_CHANNEL pdg=-511 idx=425 br=1e-05 products=10321:-211:111
F4_CHANNEL pdg=-511 idx=426 br=1e-05 products=10321:-211:113
F4_CHANNEL pdg=-511 idx=427 br=1e-05 products=10321:-213:111
F4_CHANNEL pdg=-511 idx=428 br=5e-06 products=10321:221:-213
F4_CHANNEL pdg=-511 idx=429 br=1e-05 products=10321:-321:311
F4_CHANNEL pdg=-511 idx=430 br=2e-06 products=10321:331:-213
F4_CHANNEL pdg=-511 idx=431 br=1e-05 products=10321:333:-211
F4_CHANNEL pdg=-511 idx=432 br=1e-05 products=-10321:321:311
F4_CHANNEL pdg=-511 idx=433 br=0.0001 products=10441:311:111
F4_CHANNEL pdg=-511 idx=434 br=0.0002 products=10441:321:-211
F4_CHANNEL pdg=-511 idx=435 br=1e-05 products=20113:111:111
F4_CHANNEL pdg=-511 idx=436 br=1e-05 products=20113:211:-211
F4_CHANNEL pdg=-511 idx=437 br=5e-06 products=20113:221:111
F4_CHANNEL pdg=-511 idx=438 br=1e-05 products=20113:311:111
F4_CHANNEL pdg=-511 idx=439 br=1e-05 products=20113:321:-211
F4_CHANNEL pdg=-511 idx=440 br=2e-06 products=20113:331:111
F4_CHANNEL pdg=-511 idx=441 br=1e-05 products=20213:-211:111
F4_CHANNEL pdg=-511 idx=442 br=5e-06 products=20213:221:-211
F4_CHANNEL pdg=-511 idx=443 br=1e-05 products=20213:311:-211
F4_CHANNEL pdg=-511 idx=444 br=2e-06 products=20213:331:-211
F4_CHANNEL pdg=-511 idx=445 br=1e-05 products=-20213:211:111
F4_CHANNEL pdg=-511 idx=446 br=5e-06 products=-20213:221:211
F4_CHANNEL pdg=-511 idx=447 br=1e-05 products=-20213:311:211
F4_CHANNEL pdg=-511 idx=448 br=1e-05 products=-20213:321:111
F4_CHANNEL pdg=-511 idx=449 br=2e-06 products=-20213:331:211
F4_CHANNEL pdg=-511 idx=450 br=2e-06 products=20313:321:-321
F4_CHANNEL pdg=-511 idx=451 br=2e-06 products=20313:333:111
F4_CHANNEL pdg=-511 idx=452 br=1e-06 products=20313:333:221
F4_CHANNEL pdg=-511 idx=453 br=1e-06 products=20313:333:331
F4_CHANNEL pdg=-511 idx=454 br=2e-06 products=20323:333:-211
F4_CHANNEL pdg=-511 idx=455 br=0.0002 products=20443:311:111
F4_CHANNEL pdg=-511 idx=456 br=0.0004 products=20443:321:-211
F4_CHANNEL pdg=-511 idx=457 br=0.00014 products=30443:311:111
F4_CHANNEL pdg=-511 idx=458 br=0.00014 products=30443:321:-211
F4_CHANNEL pdg=-511 idx=459 br=5e-05 products=100441:311:111
F4_CHANNEL pdg=-511 idx=460 br=8e-05 products=100441:321:-211
F4_CHANNEL pdg=-511 idx=461 br=0.0002 products=100443:311:111
F4_CHANNEL pdg=-511 idx=462 br=0.0004 products=100443:321:-211
F4_CHANNEL pdg=-511 idx=463 br=1e-06 products=9000111:111:111
F4_CHANNEL pdg=-511 idx=464 br=1e-05 products=9000111:113:111
F4_CHANNEL pdg=-511 idx=465 br=1e-05 products=9000111:213:-211
F4_CHANNEL pdg=-511 idx=466 br=1e-05 products=9000111:-213:211
F4_CHANNEL pdg=-511 idx=467 br=5e-06 products=9000111:221:113
F4_CHANNEL pdg=-511 idx=468 br=5e-06 products=9000111:313:111
F4_CHANNEL pdg=-511 idx=469 br=2e-06 products=9000111:313:221
F4_CHANNEL pdg=-511 idx=470 br=5e-06 products=9000111:323:-211
F4_CHANNEL pdg=-511 idx=471 br=2e-06 products=9000111:331:113
F4_CHANNEL pdg=-511 idx=472 br=1e-06 products=9000111:331:313
F4_CHANNEL pdg=-511 idx=473 br=1e-06 products=9000211:-211:111
F4_CHANNEL pdg=-511 idx=474 br=1e-05 products=9000211:-211:113
F4_CHANNEL pdg=-511 idx=475 br=1e-05 products=9000211:-213:111
F4_CHANNEL pdg=-511 idx=476 br=5e-06 products=9000211:221:-213
F4_CHANNEL pdg=-511 idx=477 br=2e-06 products=9000211:331:-213
F4_CHANNEL pdg=-511 idx=478 br=1e-06 products=-9000211:211:111
F4_CHANNEL pdg=-511 idx=479 br=1e-05 products=-9000211:211:113
F4_CHANNEL pdg=-511 idx=480 br=1e-05 products=-9000211:213:111
F4_CHANNEL pdg=-511 idx=481 br=5e-06 products=-9000211:221:213
F4_CHANNEL pdg=-511 idx=482 br=5e-06 products=-9000211:323:111
F4_CHANNEL pdg=-511 idx=483 br=2e-06 products=-9000211:323:221
F4_CHANNEL pdg=-511 idx=484 br=2e-06 products=-9000211:331:213
F4_CHANNEL pdg=-511 idx=485 br=1e-06 products=-9000211:331:323
F4_CHANNEL pdg=-511 idx=486 br=1e-06 products=9010221:111:111
F4_CHANNEL pdg=-511 idx=487 br=1e-05 products=9010221:113:111
F4_CHANNEL pdg=-511 idx=488 br=1e-06 products=9010221:211:-211
F4_CHANNEL pdg=-511 idx=489 br=1e-05 products=9010221:213:-211
F4_CHANNEL pdg=-511 idx=490 br=1e-05 products=9010221:-213:211
F4_CHANNEL pdg=-511 idx=491 br=5e-06 products=9010221:221:113
F4_CHANNEL pdg=-511 idx=492 br=1e-05 products=9010221:223:111
F4_CHANNEL pdg=-511 idx=493 br=1e-05 products=9010221:313:111
F4_CHANNEL pdg=-511 idx=494 br=5e-06 products=9010221:313:221
F4_CHANNEL pdg=-511 idx=495 br=1e-05 products=9010221:323:-211
F4_CHANNEL pdg=-511 idx=496 br=2e-06 products=9010221:331:113
F4_CHANNEL pdg=-511 idx=497 br=2e-06 products=9010221:331:313
F4_CHANNEL pdg=-511 idx=498 br=1e-06 products=9010221:333:111
F4_CHANNEL pdg=-511 idx=499 br=1e-05 products=9010221:333:311
F4_CHANNEL pdg=-511 idx=500 br=2e-06 products=113:111:111:111
F4_CHANNEL pdg=-511 idx=501 br=1e-05 products=211:211:-211:-211
F4_CHANNEL pdg=-511 idx=502 br=1e-05 products=211:-211:111:111
F4_CHANNEL pdg=-511 idx=503 br=2e-06 products=211:-211:113:111
F4_CHANNEL pdg=-511 idx=504 br=2e-06 products=213:211:-211:-211
F4_CHANNEL pdg=-511 idx=505 br=2e-06 products=213:-211:111:111
F4_CHANNEL pdg=-511 idx=506 br=2e-06 products=-213:211:111:111
F4_CHANNEL pdg=-511 idx=507 br=2e-06 products=-213:211:211:-211
F4_CHANNEL pdg=-511 idx=508 br=1e-06 products=221:113:111:111
F4_CHANNEL pdg=-511 idx=509 br=5e-06 products=221:211:-211:111
F4_CHANNEL pdg=-511 idx=510 br=1e-06 products=221:211:-211:113
F4_CHANNEL pdg=-511 idx=511 br=1e-06 products=221:213:-211:111
F4_CHANNEL pdg=-511 idx=512 br=1e-06 products=221:-213:211:111
F4_CHANNEL pdg=-511 idx=513 br=2e-06 products=221:221:211:-211
F4_CHANNEL pdg=-511 idx=514 br=2e-06 products=223:111:111:111
F4_CHANNEL pdg=-511 idx=515 br=2e-06 products=223:211:-211:111
F4_CHANNEL pdg=-511 idx=516 br=1e-06 products=223:221:111:111
F4_CHANNEL pdg=-511 idx=517 br=1e-06 products=223:221:211:-211
F4_CHANNEL pdg=-511 idx=518 br=1e-05 products=311:111:111:111
F4_CHANNEL pdg=-511 idx=519 br=1e-05 products=311:113:111:111
F4_CHANNEL pdg=-511 idx=520 br=1e-05 products=311:211:-211:111
F4_CHANNEL pdg=-511 idx=521 br=1e-05 products=311:211:-211:113
F4_CHANNEL pdg=-511 idx=522 br=1e-05 products=311:213:-211:111
F4_CHANNEL pdg=-511 idx=523 br=1e-05 products=311:-213:211:111
F4_CHANNEL pdg=-511 idx=524 br=5e-06 products=311:221:111:111
F4_CHANNEL pdg=-511 idx=525 br=5e-06 products=311:221:113:111
F4_CHANNEL pdg=-511 idx=526 br=5e-06 products=311:221:211:-211
F4_CHANNEL pdg=-511 idx=527 br=5e-06 products=311:221:213:-211
F4_CHANNEL pdg=-511 idx=528 br=5e-06 products=311:221:-213:211
F4_CHANNEL pdg=-511 idx=529 br=2e-06 products=311:221:221:111
F4_CHANNEL pdg=-511 idx=530 br=1e-05 products=311:223:111:111
F4_CHANNEL pdg=-511 idx=531 br=1e-05 products=311:223:211:-211
F4_CHANNEL pdg=-511 idx=532 br=5e-06 products=311:223:221:111
F4_CHANNEL pdg=-511 idx=533 br=1e-06 products=311:311:111:111
F4_CHANNEL pdg=-511 idx=534 br=1e-06 products=311:311:113:111
F4_CHANNEL pdg=-511 idx=535 br=1e-06 products=311:311:211:-211
F4_CHANNEL pdg=-511 idx=536 br=1e-06 products=311:311:213:-211
F4_CHANNEL pdg=-511 idx=537 br=1e-06 products=311:311:-213:211
F4_CHANNEL pdg=-511 idx=538 br=5e-07 products=311:311:221:111
F4_CHANNEL pdg=-511 idx=539 br=5e-07 products=311:311:221:113
F4_CHANNEL pdg=-511 idx=540 br=2e-07 products=311:311:221:221
F4_CHANNEL pdg=-511 idx=541 br=1e-06 products=311:311:223:111
F4_CHANNEL pdg=-511 idx=542 br=1e-05 products=311:311:311:111
F4_CHANNEL pdg=-511 idx=543 br=5e-06 products=311:311:311:221
F4_CHANNEL pdg=-511 idx=544 br=1e-07 products=311:311:311:311
F4_CHANNEL pdg=-511 idx=545 br=1e-05 products=313:111:111:111
F4_CHANNEL pdg=-511 idx=546 br=1e-05 products=313:211:-211:111
F4_CHANNEL pdg=-511 idx=547 br=5e-06 products=313:221:111:111
F4_CHANNEL pdg=-511 idx=548 br=5e-06 products=313:221:211:-211
F4_CHANNEL pdg=-511 idx=549 br=1e-06 products=313:311:111:111
F4_CHANNEL pdg=-511 idx=550 br=1e-06 products=313:311:211:-211
F4_CHANNEL pdg=-511 idx=551 br=5e-07 products=313:311:221:111
F4_CHANNEL pdg=-511 idx=552 br=1e-06 products=-313:311:111:111
F4_CHANNEL pdg=-511 idx=553 br=1e-06 products=-313:311:211:-211
F4_CHANNEL pdg=-511 idx=554 br=5e-07 products=-313:311:221:111
F4_CHANNEL pdg=-511 idx=555 br=1e-05 products=321:211:-211:-211
F4_CHANNEL pdg=-511 idx=556 br=1e-05 products=321:-211:111:111
F4_CHANNEL pdg=-511 idx=557 br=1e-05 products=321:-211:113:111
F4_CHANNEL pdg=-511 idx=558 br=1e-05 products=321:213:-211:-211
F4_CHANNEL pdg=-511 idx=559 br=1e-05 products=321:-213:111:111
F4_CHANNEL pdg=-511 idx=560 br=1e-05 products=321:-213:211:-211
F4_CHANNEL pdg=-511 idx=561 br=5e-06 products=321:221:-211:111
F4_CHANNEL pdg=-511 idx=562 br=5e-06 products=321:221:-211:113
F4_CHANNEL pdg=-511 idx=563 br=5e-06 products=321:221:-213:111
F4_CHANNEL pdg=-511 idx=564 br=2e-06 products=321:221:221:-211
F4_CHANNEL pdg=-511 idx=565 br=1e-05 products=321:223:-211:111
F4_CHANNEL pdg=-511 idx=566 br=5e-06 products=321:223:221:-211
F4_CHANNEL pdg=-511 idx=567 br=1e-06 products=321:311:-211:113
F4_CHANNEL pdg=-511 idx=568 br=1e-06 products=321:311:-213:111
F4_CHANNEL pdg=-511 idx=569 br=5e-07 products=321:311:221:-213
F4_CHANNEL pdg=-511 idx=570 br=1e-06 products=321:311:223:-211
F4_CHANNEL pdg=-511 idx=571 br=1e-05 products=321:313:311:-211
F4_CHANNEL pdg=-511 idx=572 br=1e-06 products=321:-313:-211:111
F4_CHANNEL pdg=-511 idx=573 br=5e-07 products=321:-313:221:-211
F4_CHANNEL pdg=-511 idx=574 br=1e-05 products=321:-313:311:-211
F4_CHANNEL pdg=-511 idx=575 br=1e-05 products=321:321:-321:-211
F4_CHANNEL pdg=-511 idx=576 br=1e-05 products=321:321:-321:-213
F4_CHANNEL pdg=-511 idx=577 br=1e-07 products=321:321:-321:-321
F4_CHANNEL pdg=-511 idx=578 br=1e-06 products=321:-321:111:111
F4_CHANNEL pdg=-511 idx=579 br=1e-06 products=321:-321:113:111
F4_CHANNEL pdg=-511 idx=580 br=1e-06 products=321:-321:211:-211
F4_CHANNEL pdg=-511 idx=581 br=1e-06 products=321:-321:213:-211
F4_CHANNEL pdg=-511 idx=582 br=1e-06 products=321:-321:-213:211
F4_CHANNEL pdg=-511 idx=583 br=5e-07 products=321:-321:221:111
F4_CHANNEL pdg=-511 idx=584 br=5e-07 products=321:-321:221:113
F4_CHANNEL pdg=-511 idx=585 br=2e-07 products=321:-321:221:221
F4_CHANNEL pdg=-511 idx=586 br=1e-06 products=321:-321:223:111
F4_CHANNEL pdg=-511 idx=587 br=5e-07 products=321:-321:223:221
F4_CHANNEL pdg=-511 idx=588 br=1e-05 products=321:-321:311:111
F4_CHANNEL pdg=-511 idx=589 br=1e-05 products=321:-321:311:113
F4_CHANNEL pdg=-511 idx=590 br=5e-06 products=321:-321:311:221
F4_CHANNEL pdg=-511 idx=591 br=1e-05 products=321:-321:311:223
F4_CHANNEL pdg=-511 idx=592 br=1e-07 products=321:-321:311:311
F4_CHANNEL pdg=-511 idx=593 br=1e-06 products=-321:311:211:113
F4_CHANNEL pdg=-511 idx=594 br=1e-06 products=-321:311:213:111
F4_CHANNEL pdg=-511 idx=595 br=5e-07 products=-321:311:221:213
F4_CHANNEL pdg=-511 idx=596 br=1e-06 products=-321:311:223:211
F4_CHANNEL pdg=-511 idx=597 br=1e-06 products=-321:313:211:111
F4_CHANNEL pdg=-511 idx=598 br=5e-07 products=-321:313:221:211
F4_CHANNEL pdg=-511 idx=599 br=1e-05 products=323:211:-211:-211
F4_CHANNEL pdg=-511 idx=600 br=1e-05 products=323:-211:111:111
F4_CHANNEL pdg=-511 idx=601 br=5e-06 products=323:221:-211:111
F4_CHANNEL pdg=-511 idx=602 br=1e-06 products=323:311:-211:111
F4_CHANNEL pdg=-511 idx=603 br=5e-07 products=323:311:221:-211
F4_CHANNEL pdg=-511 idx=604 br=1e-05 products=323:311:311:-211
F4_CHANNEL pdg=-511 idx=605 br=1e-05 products=323:321:-321:-211
F4_CHANNEL pdg=-511 idx=606 br=1e-06 products=323:-321:111:111
F4_CHANNEL pdg=-511 idx=607 br=1e-06 products=323:-321:211:-211
F4_CHANNEL pdg=-511 idx=608 br=5e-07 products=323:-321:221:111
F4_CHANNEL pdg=-511 idx=609 br=1e-06 products=-323:311:211:111
F4_CHANNEL pdg=-511 idx=610 br=5e-07 products=-323:311:221:211
F4_CHANNEL pdg=-511 idx=611 br=1e-06 products=-323:321:111:111
F4_CHANNEL pdg=-511 idx=612 br=1e-06 products=-323:321:211:-211
F4_CHANNEL pdg=-511 idx=613 br=5e-07 products=-323:321:221:111
F4_CHANNEL pdg=-511 idx=614 br=1e-05 products=-323:321:321:-211
F4_CHANNEL pdg=-511 idx=615 br=1e-06 products=331:113:111:111
F4_CHANNEL pdg=-511 idx=616 br=2e-06 products=331:211:-211:111
F4_CHANNEL pdg=-511 idx=617 br=1e-06 products=331:211:-211:113
F4_CHANNEL pdg=-511 idx=618 br=1e-06 products=331:213:-211:111
F4_CHANNEL pdg=-511 idx=619 br=1e-06 products=331:-213:211:111
F4_CHANNEL pdg=-511 idx=620 br=1e-06 products=331:221:211:-211
F4_CHANNEL pdg=-511 idx=621 br=1e-06 products=331:223:111:111
F4_CHANNEL pdg=-511 idx=622 br=1e-06 products=331:223:211:-211
F4_CHANNEL pdg=-511 idx=623 br=2e-06 products=331:311:111:111
F4_CHANNEL pdg=-511 idx=624 br=2e-06 products=331:311:113:111
F4_CHANNEL pdg=-511 idx=625 br=2e-06 products=331:311:213:-211
F4_CHANNEL pdg=-511 idx=626 br=2e-06 products=331:311:-213:211
F4_CHANNEL pdg=-511 idx=627 br=1e-06 products=331:311:221:111
F4_CHANNEL pdg=-511 idx=628 br=2e-06 products=331:311:223:111
F4_CHANNEL pdg=-511 idx=629 br=2e-07 products=331:311:311:111
F4_CHANNEL pdg=-511 idx=630 br=2e-07 products=331:311:311:113
F4_CHANNEL pdg=-511 idx=631 br=1e-07 products=331:311:311:221
F4_CHANNEL pdg=-511 idx=632 br=2e-06 products=331:313:111:111
F4_CHANNEL pdg=-511 idx=633 br=2e-06 products=331:313:211:-211
F4_CHANNEL pdg=-511 idx=634 br=2e-07 products=331:313:311:111
F4_CHANNEL pdg=-511 idx=635 br=2e-07 products=331:-313:311:111
F4_CHANNEL pdg=-511 idx=636 br=2e-06 products=331:321:-211:111
F4_CHANNEL pdg=-511 idx=637 br=2e-06 products=331:321:-211:113
F4_CHANNEL pdg=-511 idx=638 br=2e-06 products=331:321:-213:111
F4_CHANNEL pdg=-511 idx=639 br=1e-06 products=331:321:221:-211
F4_CHANNEL pdg=-511 idx=640 br=2e-06 products=331:321:223:-211
F4_CHANNEL pdg=-511 idx=641 br=2e-07 products=331:321:311:-213
F4_CHANNEL pdg=-511 idx=642 br=2e-07 products=331:321:-313:-211
F4_CHANNEL pdg=-511 idx=643 br=2e-07 products=331:321:-321:111
F4_CHANNEL pdg=-511 idx=644 br=2e-07 products=331:321:-321:113
F4_CHANNEL pdg=-511 idx=645 br=1e-07 products=331:321:-321:221
F4_CHANNEL pdg=-511 idx=646 br=2e-07 products=331:321:-321:223
F4_CHANNEL pdg=-511 idx=647 br=2e-07 products=331:-321:311:213
F4_CHANNEL pdg=-511 idx=648 br=2e-07 products=331:-321:313:211
F4_CHANNEL pdg=-511 idx=649 br=2e-06 products=331:323:-211:111
F4_CHANNEL pdg=-511 idx=650 br=2e-07 products=331:323:311:-211
F4_CHANNEL pdg=-511 idx=651 br=2e-07 products=331:323:-321:111
F4_CHANNEL pdg=-511 idx=652 br=2e-07 products=331:-323:311:211
F4_CHANNEL pdg=-511 idx=653 br=2e-07 products=331:-323:321:111
F4_CHANNEL pdg=-511 idx=654 br=1e-06 products=333:111:111:111
F4_CHANNEL pdg=-511 idx=655 br=1e-06 products=333:211:-211:111
F4_CHANNEL pdg=-511 idx=656 br=5e-07 products=333:221:111:111
F4_CHANNEL pdg=-511 idx=657 br=5e-07 products=333:221:211:-211
F4_CHANNEL pdg=-511 idx=658 br=1e-05 products=333:311:111:111
F4_CHANNEL pdg=-511 idx=659 br=1e-05 products=333:311:211:-211
F4_CHANNEL pdg=-511 idx=660 br=5e-06 products=333:311:221:111
F4_CHANNEL pdg=-511 idx=661 br=1e-07 products=333:311:311:111
F4_CHANNEL pdg=-511 idx=662 br=1e-06 products=333:311:311:311
F4_CHANNEL pdg=-511 idx=663 br=1e-06 products=333:313:311:311
F4_CHANNEL pdg=-511 idx=664 br=1e-06 products=333:-313:311:311
F4_CHANNEL pdg=-511 idx=665 br=1e-05 products=333:321:-211:111
F4_CHANNEL pdg=-511 idx=666 br=5e-06 products=333:321:221:-211
F4_CHANNEL pdg=-511 idx=667 br=1e-07 products=333:321:311:-211
F4_CHANNEL pdg=-511 idx=668 br=1e-07 products=333:321:-321:111
F4_CHANNEL pdg=-511 idx=669 br=1e-06 products=333:321:-321:311
F4_CHANNEL pdg=-511 idx=670 br=1e-06 products=333:321:-321:313
F4_CHANNEL pdg=-511 idx=671 br=1e-07 products=333:-321:311:211
F4_CHANNEL pdg=-511 idx=672 br=1e-06 products=333:-323:321:311
F4_CHANNEL pdg=-511 idx=673 br=2e-07 products=333:331:111:111
F4_CHANNEL pdg=-511 idx=674 br=2e-07 products=333:331:211:-211
F4_CHANNEL pdg=-511 idx=675 br=2e-06 products=333:331:311:111
F4_CHANNEL pdg=-511 idx=676 br=2e-06 products=333:331:321:-211
F4_CHANNEL pdg=-511 idx=677 br=0.001 products=-411:211:111:111
F4_CHANNEL pdg=-511 idx=678 br=0.0022 products=-411:211:211:-211
F4_CHANNEL pdg=-511 idx=679 br=0.001 products=-413:211:111:111
F4_CHANNEL pdg=-511 idx=680 br=0.0001 products=-421:111:111:111
F4_CHANNEL pdg=-511 idx=681 br=0.001 products=-421:211:-211:111
F4_CHANNEL pdg=-511 idx=682 br=0.0001 products=-423:111:111:111
F4_CHANNEL pdg=-511 idx=683 br=0.001 products=-423:211:-211:111
F4_CHANNEL pdg=-511 idx=684 br=0.0022 products=431:-411:111:111
F4_CHANNEL pdg=-511 idx=685 br=0.003 products=431:-411:211:-211
F4_CHANNEL pdg=-511 idx=686 br=0.0022 products=431:-421:-211:111
F4_CHANNEL pdg=-511 idx=687 br=0.0022 products=433:-411:111:111
F4_CHANNEL pdg=-511 idx=688 br=0.003 products=433:-411:211:-211
F4_CHANNEL pdg=-511 idx=689 br=0.0022 products=433:-421:-211:111
F4_CHANNEL pdg=-511 idx=690 br=0.0001 products=441:311:111:111
F4_CHANNEL pdg=-511 idx=691 br=0.0002 products=441:311:211:-211
F4_CHANNEL pdg=-511 idx=692 br=0.0001 products=441:321:-211:111
F4_CHANNEL pdg=-511 idx=693 br=0.0001 products=445:311:111:111
F4_CHANNEL pdg=-511 idx=694 br=0.0002 products=445:311:211:-211
F4_CHANNEL pdg=-511 idx=695 br=0.0001 products=445:321:-211:111
F4_CHANNEL pdg=-511 idx=696 br=1e-05 products=10311:111:111:111
F4_CHANNEL pdg=-511 idx=697 br=1e-05 products=10311:211:-211:111
F4_CHANNEL pdg=-511 idx=698 br=5e-06 products=10311:221:111:111
F4_CHANNEL pdg=-511 idx=699 br=5e-06 products=10311:221:211:-211
F4_CHANNEL pdg=-511 idx=700 br=1e-05 products=10311:311:311:111
F4_CHANNEL pdg=-511 idx=701 br=5e-06 products=10311:311:311:221
F4_CHANNEL pdg=-511 idx=702 br=1e-05 products=10311:321:311:-211
F4_CHANNEL pdg=-511 idx=703 br=1e-05 products=10311:321:-321:111
F4_CHANNEL pdg=-511 idx=704 br=5e-06 products=10311:321:-321:221
F4_CHANNEL pdg=-511 idx=705 br=5e-06 products=10311:331:111:111
F4_CHANNEL pdg=-511 idx=706 br=2e-06 products=10311:331:211:-211
F4_CHANNEL pdg=-511 idx=707 br=2e-06 products=10311:331:311:311
F4_CHANNEL pdg=-511 idx=708 br=2e-06 products=10311:331:321:-321
F4_CHANNEL pdg=-511 idx=709 br=1e-05 products=-10311:311:311:111
F4_CHANNEL pdg=-511 idx=710 br=5e-06 products=-10311:311:311:221
F4_CHANNEL pdg=-511 idx=711 br=1e-05 products=-10311:321:311:-211
F4_CHANNEL pdg=-511 idx=712 br=2e-06 products=-10311:331:311:311
F4_CHANNEL pdg=-511 idx=713 br=1e-05 products=10321:211:-211:-211
F4_CHANNEL pdg=-511 idx=714 br=1e-05 products=10321:-211:111:111
F4_CHANNEL pdg=-511 idx=715 br=5e-06 products=10321:221:-211:111
F4_CHANNEL pdg=-511 idx=716 br=1e-05 products=10321:311:311:-211
F4_CHANNEL pdg=-511 idx=717 br=1e-05 products=10321:321:-321:-211
F4_CHANNEL pdg=-511 idx=718 br=2e-06 products=10321:331:-211:111
F4_CHANNEL pdg=-511 idx=719 br=1e-05 products=-10321:321:321:-211
F4_CHANNEL pdg=-511 idx=720 br=0.0001 products=10441:311:111:111
F4_CHANNEL pdg=-511 idx=721 br=0.0002 products=10441:311:211:-211
F4_CHANNEL pdg=-511 idx=722 br=0.0001 products=10441:321:-211:111
F4_CHANNEL pdg=-511 idx=723 br=2e-06 products=20313:311:311:111
F4_CHANNEL pdg=-511 idx=724 br=1e-06 products=20313:311:311:221
F4_CHANNEL pdg=-511 idx=725 br=2e-06 products=20313:321:-321:111
F4_CHANNEL pdg=-511 idx=726 br=1e-06 products=20313:321:-321:221
F4_CHANNEL pdg=-511 idx=727 br=1e-06 products=20313:331:311:311
F4_CHANNEL pdg=-511 idx=728 br=1e-06 products=20313:331:321:-321
F4_CHANNEL pdg=-511 idx=729 br=2e-06 products=-20313:311:311:111
F4_CHANNEL pdg=-511 idx=730 br=1e-06 products=-20313:311:311:221
F4_CHANNEL pdg=-511 idx=731 br=1e-06 products=-20313:331:311:311
F4_CHANNEL pdg=-511 idx=732 br=2e-06 products=20323:321:-321:-211
F4_CHANNEL pdg=-511 idx=733 br=2e-06 products=-20323:321:321:-211
F4_CHANNEL pdg=-511 idx=734 br=0.0002 products=20443:311:111:111
F4_CHANNEL pdg=-511 idx=735 br=0.0004 products=20443:311:211:-211
F4_CHANNEL pdg=-511 idx=736 br=0.0002 products=20443:321:-211:111
F4_CHANNEL pdg=-511 idx=737 br=7e-05 products=30443:311:111:111
F4_CHANNEL pdg=-511 idx=738 br=0.00014 products=30443:311:211:-211
F4_CHANNEL pdg=-511 idx=739 br=7e-05 products=30443:321:-211:111
F4_CHANNEL pdg=-511 idx=740 br=5e-05 products=100441:311:111:111
F4_CHANNEL pdg=-511 idx=741 br=8e-05 products=100441:311:211:-211
F4_CHANNEL pdg=-511 idx=742 br=5e-05 products=100441:321:-211:111
F4_CHANNEL pdg=-511 idx=743 br=0.0001 products=100443:311:111:111
F4_CHANNEL pdg=-511 idx=744 br=0.0002 products=100443:311:211:-211
F4_CHANNEL pdg=-511 idx=745 br=0.0001 products=100443:321:-211:111
F4_CHANNEL pdg=-511 idx=746 br=1e-06 products=9000111:111:111:111
F4_CHANNEL pdg=-511 idx=747 br=1e-06 products=9000111:211:-211:111
F4_CHANNEL pdg=-511 idx=748 br=1e-06 products=9000211:211:-211:-211
F4_CHANNEL pdg=-511 idx=749 br=1e-06 products=9000211:-211:111:111
F4_CHANNEL pdg=-511 idx=750 br=1e-06 products=-9000211:211:111:111
F4_CHANNEL pdg=-511 idx=751 br=1e-06 products=-9000211:211:211:-211
F4_CHANNEL pdg=-511 idx=752 br=2e-06 products=9010221:111:111:111
F4_CHANNEL pdg=-511 idx=753 br=2e-06 products=9010221:211:-211:111
F4_CHANNEL pdg=-511 idx=754 br=1e-06 products=9010221:221:111:111
F4_CHANNEL pdg=-511 idx=755 br=1e-06 products=9010221:221:211:-211
F4_CHANNEL pdg=-511 idx=756 br=1e-06 products=9010221:311:311:111
F4_CHANNEL pdg=-511 idx=757 br=1e-06 products=9010221:321:311:-211
F4_CHANNEL pdg=-511 idx=758 br=1e-06 products=9010221:321:-321:111
F4_CHANNEL pdg=-511 idx=759 br=1e-05 products=9010221:321:-321:311
F4_CHANNEL pdg=-511 idx=760 br=1e-06 products=9010221:-321:311:211
F4_CHANNEL pdg=-511 idx=761 br=1e-06 products=9010221:331:111:111
F4_CHANNEL pdg=-511 idx=762 br=1e-06 products=9010221:331:211:-211
F4_CHANNEL pdg=-511 idx=763 br=5e-07 products=111:111:111:111:111
F4_CHANNEL pdg=-511 idx=764 br=1e-06 products=211:211:-211:-211:111
F4_CHANNEL pdg=-511 idx=765 br=1e-06 products=211:-211:111:111:111
F4_CHANNEL pdg=-511 idx=766 br=2e-07 products=221:111:111:111:111
F4_CHANNEL pdg=-511 idx=767 br=5e-07 products=221:211:211:-211:-211
F4_CHANNEL pdg=-511 idx=768 br=5e-07 products=221:211:-211:111:111
F4_CHANNEL pdg=-511 idx=769 br=2e-06 products=311:111:111:111:111
F4_CHANNEL pdg=-511 idx=770 br=2e-06 products=311:211:211:-211:-211
F4_CHANNEL pdg=-511 idx=771 br=2e-06 products=311:211:-211:111:111
F4_CHANNEL pdg=-511 idx=772 br=1e-06 products=311:221:111:111:111
F4_CHANNEL pdg=-511 idx=773 br=1e-06 products=311:221:211:-211:111
F4_CHANNEL pdg=-511 idx=774 br=2e-07 products=311:311:111:111:111
F4_CHANNEL pdg=-511 idx=775 br=2e-07 products=311:311:211:-211:111
F4_CHANNEL pdg=-511 idx=776 br=1e-07 products=311:311:221:111:111
F4_CHANNEL pdg=-511 idx=777 br=1e-07 products=311:311:221:211:-211
F4_CHANNEL pdg=-511 idx=778 br=1e-05 products=311:311:311:111:111
F4_CHANNEL pdg=-511 idx=779 br=1e-05 products=311:311:311:211:-211
F4_CHANNEL pdg=-511 idx=780 br=5e-06 products=311:311:311:221:111
F4_CHANNEL pdg=-511 idx=781 br=1e-07 products=311:311:311:311:111
F4_CHANNEL pdg=-511 idx=782 br=2e-06 products=321:211:-211:-211:111
F4_CHANNEL pdg=-511 idx=783 br=2e-06 products=321:-211:111:111:111
F4_CHANNEL pdg=-511 idx=784 br=1e-06 products=321:221:211:-211:-211
F4_CHANNEL pdg=-511 idx=785 br=1e-06 products=321:221:-211:111:111
F4_CHANNEL pdg=-511 idx=786 br=2e-07 products=321:311:211:-211:-211
F4_CHANNEL pdg=-511 idx=787 br=2e-07 products=321:311:-211:111:111
F4_CHANNEL pdg=-511 idx=788 br=1e-07 products=321:311:221:-211:111
F4_CHANNEL pdg=-511 idx=789 br=1e-05 products=321:311:311:-211:111
F4_CHANNEL pdg=-511 idx=790 br=5e-06 products=321:311:311:221:-211
F4_CHANNEL pdg=-511 idx=791 br=1e-07 products=321:311:311:311:-211
F4_CHANNEL pdg=-511 idx=792 br=1e-05 products=321:321:-321:-211:111
F4_CHANNEL pdg=-511 idx=793 br=5e-06 products=321:321:-321:221:-211
F4_CHANNEL pdg=-511 idx=794 br=1e-07 products=321:321:-321:311:-211
F4_CHANNEL pdg=-511 idx=795 br=1e-07 products=321:321:-321:-321:111
F4_CHANNEL pdg=-511 idx=796 br=1e-07 products=321:321:-321:-321:311
F4_CHANNEL pdg=-511 idx=797 br=2e-07 products=321:-321:111:111:111
F4_CHANNEL pdg=-511 idx=798 br=2e-07 products=321:-321:211:-211:111
F4_CHANNEL pdg=-511 idx=799 br=1e-07 products=321:-321:221:111:111
F4_CHANNEL pdg=-511 idx=800 br=1e-07 products=321:-321:221:211:-211
F4_CHANNEL pdg=-511 idx=801 br=1e-05 products=321:-321:311:111:111
F4_CHANNEL pdg=-511 idx=802 br=1e-05 products=321:-321:311:211:-211
F4_CHANNEL pdg=-511 idx=803 br=5e-06 products=321:-321:311:221:111
F4_CHANNEL pdg=-511 idx=804 br=1e-07 products=321:-321:311:311:111
F4_CHANNEL pdg=-511 idx=805 br=1e-07 products=321:-321:311:311:311
F4_CHANNEL pdg=-511 idx=806 br=1e-07 products=321:-321:-321:311:211
F4_CHANNEL pdg=-511 idx=807 br=2e-07 products=-321:311:211:111:111
F4_CHANNEL pdg=-511 idx=808 br=2e-07 products=-321:311:211:211:-211
F4_CHANNEL pdg=-511 idx=809 br=1e-07 products=-321:311:221:211:111
F4_CHANNEL pdg=-511 idx=810 br=1e-07 products=-321:311:311:311:211
F4_CHANNEL pdg=-511 idx=811 br=1e-07 products=331:111:111:111:111
F4_CHANNEL pdg=-511 idx=812 br=2e-07 products=331:211:211:-211:-211
F4_CHANNEL pdg=-511 idx=813 br=2e-07 products=331:211:-211:111:111
F4_CHANNEL pdg=-511 idx=814 br=1e-06 products=331:311:111:111:111
F4_CHANNEL pdg=-511 idx=815 br=1e-06 products=331:311:211:-211:111
F4_CHANNEL pdg=-511 idx=816 br=1e-07 products=331:311:311:111:111
F4_CHANNEL pdg=-511 idx=817 br=1e-07 products=331:311:311:211:-211
F4_CHANNEL pdg=-511 idx=818 br=2e-06 products=331:311:311:311:111
F4_CHANNEL pdg=-511 idx=819 br=1e-06 products=331:321:211:-211:-211
F4_CHANNEL pdg=-511 idx=820 br=1e-06 products=331:321:-211:111:111
F4_CHANNEL pdg=-511 idx=821 br=1e-07 products=331:321:311:-211:111
F4_CHANNEL pdg=-511 idx=822 br=2e-06 products=331:321:311:311:-211
F4_CHANNEL pdg=-511 idx=823 br=2e-06 products=331:321:321:-321:-211
F4_CHANNEL pdg=-511 idx=824 br=1e-07 products=331:321:-321:111:111
F4_CHANNEL pdg=-511 idx=825 br=1e-07 products=331:321:-321:211:-211
F4_CHANNEL pdg=-511 idx=826 br=5e-06 products=331:321:-321:311:111
F4_CHANNEL pdg=-511 idx=827 br=1e-07 products=331:-321:311:211:111
F4_CHANNEL pdg=-511 idx=828 br=1e-07 products=333:311:311:311:111
F4_CHANNEL pdg=-511 idx=829 br=1e-07 products=333:321:311:311:-211
F4_CHANNEL pdg=-511 idx=830 br=1e-07 products=333:321:321:-321:-211
F4_CHANNEL pdg=-511 idx=831 br=1e-07 products=333:321:-321:311:111
F4_CHANNEL pdg=-511 idx=832 br=0.005 products=-3:1
F4_CHANNEL pdg=-511 idx=833 br=0.011 products=-4101:2101
F4_CHANNEL pdg=-511 idx=834 br=0.022 products=-4103:2103
F4_CHANNEL pdg=-511 idx=835 br=0.003 products=-4301:2101
F4_CHANNEL pdg=-511 idx=836 br=0.006 products=-4303:2103
F4_CHANNEL pdg=-511 idx=837 br=7e-05 products=1:-1:-1:1
F4_CHANNEL pdg=-511 idx=838 br=0.0018 products=1:-1:-3:1
F4_CHANNEL pdg=-511 idx=839 br=0.003 products=2:-1:-2:1
F4_CHANNEL pdg=-511 idx=840 br=0.00205 products=2:-2:-1:1
F4_CHANNEL pdg=-511 idx=841 br=0.0022 products=2:-2:-3:1
F4_CHANNEL pdg=-511 idx=842 br=0.021 products=2:-3:-4:1
F4_CHANNEL pdg=-511 idx=843 br=0.018 products=2:-4:-1:1
F4_CHANNEL pdg=-511 idx=844 br=0.0009 products=2:-4:-3:1
F4_CHANNEL pdg=-511 idx=845 br=9e-05 products=3:-3:-1:1
F4_CHANNEL pdg=-511 idx=846 br=0.0015 products=3:-3:-3:1
F4_CHANNEL pdg=-511 idx=847 br=0.006 products=4:-1:-4:1
F4_CHANNEL pdg=-511 idx=848 br=0.004 products=4:-3:-2:1
F4_CHANNEL pdg=-511 idx=849 br=0.074 products=4:-3:-4:1
F4_CHANNEL pdg=-511 idx=850 br=0.001892 products=12:-11:1:-2
F4_CHANNEL pdg=-511 idx=851 br=0.001892 products=14:-13:1:-2
F4_CHANNEL pdg=-511 idx=852 br=0.001291 products=443:313
F4_CHANNEL pdg=-511 idx=853 br=5e-05 products=445:130
F4_CHANNEL pdg=-511 idx=854 br=5e-05 products=445:310
F4_CHANNEL pdg=-511 idx=855 br=1e-05 products=213:-211:113
F4_CHANNEL pdg=-511 idx=856 br=1e-05 products=223:213:-211
F4_CHANNEL pdg=-511 idx=857 br=6.7e-06 products=313:111:111
F4_CHANNEL pdg=-511 idx=858 br=1e-05 products=321:-211:113
F4_CHANNEL pdg=-511 idx=859 br=1e-06 products=321:-321:130
F4_CHANNEL pdg=-511 idx=860 br=1e-06 products=321:-321:310
F4_CHANNEL pdg=-511 idx=861 br=7e-06 products=333:311:221
F4_CHANNEL pdg=-511 idx=862 br=0.0005 products=423:-421:311
F4_CHANNEL pdg=-511 idx=863 br=0.0015 products=-423:421:311
F4_CHANNEL pdg=-511 idx=864 br=5e-06 products=9000211:313:-211
F4_CHANNEL pdg=-511 idx=865 br=0.0003118 products=1:-3:22
F4_CHANNEL pdg=-511 idx=866 br=5e-06 products=1:-3:11:-11
F4_CHANNEL pdg=-511 idx=867 br=2.5e-06 products=1:-3:13:-13
F4_CHANNEL pdg=-511 idx=868 br=2e-07 products=1:-3:15:-15
F4_CHANNEL pdg=-511 idx=869 br=0.31585 products=2:-1:-4:1
F4_CHANNEL pdg=-511 idx=870 br=0.001892 products=12:-11:-2:1
F4_CHANNEL pdg=-511 idx=871 br=0.001892 products=14:-13:-2:1
F4_CHANNEL pdg=-511 idx=872 br=0.001231 products=443:313
F4_CHANNEL pdg=-511 idx=873 br=1e-05 products=445:130
F4_CHANNEL pdg=-511 idx=874 br=1e-05 products=445:310
F4_CHANNEL pdg=-511 idx=875 br=1e-05 products=-213:211:113
F4_CHANNEL pdg=-511 idx=876 br=1e-05 products=223:-213:211
F4_CHANNEL pdg=-511 idx=877 br=6.7e-06 products=-313:111:111
F4_CHANNEL pdg=-511 idx=878 br=5e-06 products=321:-211:113
F4_CHANNEL pdg=-511 idx=879 br=1.05e-05 products=321:-321:130
F4_CHANNEL pdg=-511 idx=880 br=1.05e-05 products=321:-321:310
F4_CHANNEL pdg=-511 idx=881 br=5e-06 products=333:311:221
F4_CHANNEL pdg=-511 idx=882 br=0.0015 products=423:-421:311
F4_CHANNEL pdg=-511 idx=883 br=0.0005 products=-423:421:311
F4_CHANNEL pdg=-511 idx=884 br=5e-06 products=-9000211:313:211
F4_CHANNEL pdg=-511 idx=885 br=0.0003118 products=-3:1:22
F4_CHANNEL pdg=-511 idx=886 br=0.316 products=2:-1:-4:1
F4_CHANNEL pdg=-511 idx=887 br=5e-06 products=-3:1:11:-11
F4_CHANNEL pdg=-511 idx=888 br=2.5e-06 products=-3:1:13:-13
F4_CHANNEL pdg=-511 idx=889 br=2e-07 products=-3:1:15:-15
F4_SPECIES pdg=-435 name=D*_2s(2573)- channels=4 dominant_br=0.45 dominant_products=411:311 status=OK
F4_CHANNEL pdg=-435 idx=0 br=0.05 products=413:311
F4_CHANNEL pdg=-435 idx=1 br=0.05 products=423:321
F4_CHANNEL pdg=-435 idx=2 br=0.45 products=411:311
F4_CHANNEL pdg=-435 idx=3 br=0.45 products=421:321
F4_SPECIES pdg=-433 name=D*_s- channels=2 dominant_br=0.942 dominant_products=431:22 status=OK
F4_CHANNEL pdg=-433 idx=0 br=0.942 products=431:22
F4_CHANNEL pdg=-433 idx=1 br=0.058 products=431:111
F4_SPECIES pdg=-431 name=D_s- channels=61 dominant_br=0.13104 dominant_products=221:213 status=OK
F4_CHANNEL pdg=-431 idx=0 br=0.00616 products=-13:14
F4_CHANNEL pdg=-431 idx=1 br=0.064 products=-15:16
F4_CHANNEL pdg=-431 idx=2 br=0.0307 products=-11:12:221
F4_CHANNEL pdg=-431 idx=3 br=0.0027 products=-11:12:311
F4_CHANNEL pdg=-431 idx=4 br=0.001 products=-11:12:-313
F4_CHANNEL pdg=-431 idx=5 br=0.0106 products=-11:12:331
F4_CHANNEL pdg=-431 idx=6 br=0.0242 products=-11:12:333
F4_CHANNEL pdg=-431 idx=7 br=0.0307 products=-13:14:221
F4_CHANNEL pdg=-431 idx=8 br=0.0027 products=-13:14:311
F4_CHANNEL pdg=-431 idx=9 br=0.001 products=-13:14:-313
F4_CHANNEL pdg=-431 idx=10 br=0.0106 products=-13:14:331
F4_CHANNEL pdg=-431 idx=11 br=0.0242 products=-13:14:333
F4_CHANNEL pdg=-431 idx=12 br=0.001 products=211:111
F4_CHANNEL pdg=-431 idx=13 br=0.0004 products=211:113
F4_CHANNEL pdg=-431 idx=14 br=0.0004 products=213:111
F4_CHANNEL pdg=-431 idx=15 br=0.021 products=221:211
F4_CHANNEL pdg=-431 idx=16 br=0.13104 products=221:213
F4_CHANNEL pdg=-431 idx=17 br=0.0034 products=223:211
F4_CHANNEL pdg=-431 idx=18 br=0.0023 products=225:211
F4_CHANNEL pdg=-431 idx=19 br=0.004 products=311:211
F4_CHANNEL pdg=-431 idx=20 br=0.0015 products=311:213
F4_CHANNEL pdg=-431 idx=21 br=0.0079 products=313:211
F4_CHANNEL pdg=-431 idx=22 br=0.005 products=313:213
F4_CHANNEL pdg=-431 idx=23 br=0.0015 products=321:113
F4_CHANNEL pdg=-431 idx=24 br=0.0002 products=321:221
F4_CHANNEL pdg=-431 idx=25 br=0.044 products=321:311
F4_CHANNEL pdg=-431 idx=26 br=0.04 products=321:-313
F4_CHANNEL pdg=-431 idx=27 br=0.053 products=323:311
F4_CHANNEL pdg=-431 idx=28 br=0.07 products=323:-313
F4_CHANNEL pdg=-431 idx=29 br=0.047 products=331:211
F4_CHANNEL pdg=-431 idx=30 br=0.122 products=331:213
F4_CHANNEL pdg=-431 idx=31 br=0.0002 products=331:321
F4_CHANNEL pdg=-431 idx=32 br=0.044 products=333:211
F4_CHANNEL pdg=-431 idx=33 br=0.082 products=333:213
F4_CHANNEL pdg=-431 idx=34 br=0.0003 products=333:321
F4_CHANNEL pdg=-431 idx=35 br=0.0025 products=20213:311
F4_CHANNEL pdg=-431 idx=36 br=0.01 products=9010221:211
F4_CHANNEL pdg=-431 idx=37 br=5e-05 products=211:111:111
F4_CHANNEL pdg=-431 idx=38 br=5e-05 products=211:211:-211
F4_CHANNEL pdg=-431 idx=39 br=0.015 products=221:211:111
F4_CHANNEL pdg=-431 idx=40 br=0.001 products=311:211:111
F4_CHANNEL pdg=-431 idx=41 br=0.005 products=313:211:111
F4_CHANNEL pdg=-431 idx=42 br=0.0002 products=321:221:111
F4_CHANNEL pdg=-431 idx=43 br=0.003 products=321:311:111
F4_CHANNEL pdg=-431 idx=44 br=0.0012 products=321:-313:111
F4_CHANNEL pdg=-431 idx=45 br=0.0002 products=321:321:-321
F4_CHANNEL pdg=-431 idx=46 br=0.011 products=321:-321:211
F4_CHANNEL pdg=-431 idx=47 br=0.0012 products=323:311:111
F4_CHANNEL pdg=-431 idx=48 br=0.004 products=323:-313:111
F4_CHANNEL pdg=-431 idx=49 br=0.015 products=331:211:111
F4_CHANNEL pdg=-431 idx=50 br=0.0002 products=331:321:111
F4_CHANNEL pdg=-431 idx=51 br=0.01 products=333:211:111
F4_CHANNEL pdg=-431 idx=52 br=0.005 products=221:211:111:111
F4_CHANNEL pdg=-431 idx=53 br=0.005 products=221:211:211:-211
F4_CHANNEL pdg=-431 idx=54 br=0.0002 products=321:221:211:-211
F4_CHANNEL pdg=-431 idx=55 br=0.001 products=321:311:111:111
F4_CHANNEL pdg=-431 idx=56 br=0.001 products=321:311:211:-211
F4_CHANNEL pdg=-431 idx=57 br=0.0002 products=331:321:211:-211
F4_CHANNEL pdg=-431 idx=58 br=0.005 products=333:211:111:111
F4_CHANNEL pdg=-431 idx=59 br=0.008 products=333:211:211:-211
F4_CHANNEL pdg=-431 idx=60 br=0.0043 products=321:-321:211:211:-211
F4_SPECIES pdg=-425 name=D*_2(2460)bar0 channels=6 dominant_br=0.38 dominant_products=411:-211 status=OK
F4_CHANNEL pdg=-425 idx=0 br=0.22 products=413:-211
F4_CHANNEL pdg=-425 idx=1 br=0.11 products=423:111
F4_CHANNEL pdg=-425 idx=2 br=0.38 products=411:-211
F4_CHANNEL pdg=-425 idx=3 br=0.19 products=421:111
F4_CHANNEL pdg=-425 idx=4 br=0.067 products=413:-211:111
F4_CHANNEL pdg=-425 idx=5 br=0.033 products=423:211:-211
F4_SPECIES pdg=-423 name=D*bar0 channels=2 dominant_br=0.619 dominant_products=421:111 status=OK
F4_CHANNEL pdg=-423 idx=0 br=0.619 products=421:111
F4_CHANNEL pdg=-423 idx=1 br=0.381 products=421:22
F4_SPECIES pdg=-421 name=Dbar0 channels=84 dominant_br=0.139 dominant_products=-321:211:111 status=OK
F4_CHANNEL pdg=-421 idx=0 br=0.0034 products=-11:12:-211
F4_CHANNEL pdg=-421 idx=1 br=0.0022 products=-11:12:-213
F4_CHANNEL pdg=-421 idx=2 br=0.035 products=-11:12:-321
F4_CHANNEL pdg=-421 idx=3 br=0.0225 products=-11:12:-323
F4_CHANNEL pdg=-421 idx=4 br=0.0015 products=-11:12:-325
F4_CHANNEL pdg=-421 idx=5 br=0.0014 products=-11:12:-10323
F4_CHANNEL pdg=-421 idx=6 br=0.0034 products=-13:14:-211
F4_CHANNEL pdg=-421 idx=7 br=0.0022 products=-13:14:-213
F4_CHANNEL pdg=-421 idx=8 br=0.034 products=-13:14:-321
F4_CHANNEL pdg=-421 idx=9 br=0.0214 products=-13:14:-323
F4_CHANNEL pdg=-421 idx=10 br=0.0015 products=-13:14:-325
F4_CHANNEL pdg=-421 idx=11 br=0.0014 products=-13:14:-10323
F4_CHANNEL pdg=-421 idx=12 br=0.0011 products=-11:12:311:-211
F4_CHANNEL pdg=-421 idx=13 br=0.0006 products=-11:12:-321:111
F4_CHANNEL pdg=-421 idx=14 br=0.0011 products=-13:14:311:-211
F4_CHANNEL pdg=-421 idx=15 br=0.0006 products=-13:14:-321:111
F4_CHANNEL pdg=-421 idx=16 br=0.0008 products=111:111
F4_CHANNEL pdg=-421 idx=17 br=0.002 products=113:111
F4_CHANNEL pdg=-421 idx=18 br=0.0006 products=130:130
F4_CHANNEL pdg=-421 idx=19 br=0.0015 products=211:-211
F4_CHANNEL pdg=-421 idx=20 br=0.004 products=213:-211
F4_CHANNEL pdg=-421 idx=21 br=0.004 products=-213:211
F4_CHANNEL pdg=-421 idx=22 br=0.001 products=221:111
F4_CHANNEL pdg=-421 idx=23 br=0.001 products=221:221
F4_CHANNEL pdg=-421 idx=24 br=0.0006 products=310:310
F4_CHANNEL pdg=-421 idx=25 br=0.0212 products=311:111
F4_CHANNEL pdg=-421 idx=26 br=0.0071 products=311:221
F4_CHANNEL pdg=-421 idx=27 br=0.021 products=311:223
F4_CHANNEL pdg=-421 idx=28 br=0.0004 products=313:311
F4_CHANNEL pdg=-421 idx=29 br=0.0014 products=313:-313
F4_CHANNEL pdg=-421 idx=30 br=0.0085 products=-313:111
F4_CHANNEL pdg=-421 idx=31 br=0.0146 products=-313:113
F4_CHANNEL pdg=-421 idx=32 br=0.019 products=-313:221
F4_CHANNEL pdg=-421 idx=33 br=0.011 products=-313:223
F4_CHANNEL pdg=-421 idx=34 br=0.0008 products=-313:311
F4_CHANNEL pdg=-421 idx=35 br=0.00015 products=321:-211
F4_CHANNEL pdg=-421 idx=36 br=0.0043 products=321:-321
F4_CHANNEL pdg=-421 idx=37 br=0.0383 products=-321:211
F4_CHANNEL pdg=-421 idx=38 br=0.0035 products=323:-321
F4_CHANNEL pdg=-421 idx=39 br=0.061 products=-323:213
F4_CHANNEL pdg=-421 idx=40 br=0.0018 products=-323:321
F4_CHANNEL pdg=-421 idx=41 br=0.001 products=331:111
F4_CHANNEL pdg=-421 idx=42 br=0.0172 products=331:311
F4_CHANNEL pdg=-421 idx=43 br=0.002 products=331:-313
F4_CHANNEL pdg=-421 idx=44 br=0.0007 products=333:111
F4_CHANNEL pdg=-421 idx=45 br=0.0086 products=333:311
F4_CHANNEL pdg=-421 idx=46 br=0.0071 products=-10313:111
F4_CHANNEL pdg=-421 idx=47 br=0.0107 products=-10323:211
F4_CHANNEL pdg=-421 idx=48 br=0.073 products=20213:-321
F4_CHANNEL pdg=-421 idx=49 br=0.001 products=111:111:111
F4_CHANNEL pdg=-421 idx=50 br=0.006 products=211:-211:111
F4_CHANNEL pdg=-421 idx=51 br=0.027 products=211:-211:130
F4_CHANNEL pdg=-421 idx=52 br=0.027 products=310:211:-211
F4_CHANNEL pdg=-421 idx=53 br=0.0008 products=310:310:310
F4_CHANNEL pdg=-421 idx=54 br=0.0078 products=311:111:111
F4_CHANNEL pdg=-421 idx=55 br=0.0116 products=-313:111:111
F4_CHANNEL pdg=-421 idx=56 br=0.0225 products=-313:211:-211
F4_CHANNEL pdg=-421 idx=57 br=0.0005 products=321:-211:111
F4_CHANNEL pdg=-421 idx=58 br=0.0051 products=321:-321:311
F4_CHANNEL pdg=-421 idx=59 br=0.139 products=-321:211:111
F4_CHANNEL pdg=-421 idx=60 br=0.006 products=-321:211:113
F4_CHANNEL pdg=-421 idx=61 br=0.0068 products=-321:213:111
F4_CHANNEL pdg=-421 idx=62 br=0.01 products=-321:221:211
F4_CHANNEL pdg=-421 idx=63 br=0.0303 products=-321:223:211
F4_CHANNEL pdg=-421 idx=64 br=0.01 products=-323:211:111
F4_CHANNEL pdg=-421 idx=65 br=0.0075 products=331:-321:211
F4_CHANNEL pdg=-421 idx=66 br=0.0011 products=333:211:-211
F4_CHANNEL pdg=-421 idx=67 br=0.0073 products=211:211:-211:-211
F4_CHANNEL pdg=-421 idx=68 br=0.005 products=211:-211:111:111
F4_CHANNEL pdg=-421 idx=69 br=0.0143 products=311:111:111:111
F4_CHANNEL pdg=-421 idx=70 br=0.0085 products=311:211:-211:111
F4_CHANNEL pdg=-421 idx=71 br=0.0015 products=311:311:111:111
F4_CHANNEL pdg=-421 idx=72 br=0.0015 products=311:311:211:-211
F4_CHANNEL pdg=-421 idx=73 br=0.003 products=321:-321:111:111
F4_CHANNEL pdg=-421 idx=74 br=0.0025 products=321:-321:211:-211
F4_CHANNEL pdg=-421 idx=75 br=0.02575 products=-321:211:111:111
F4_CHANNEL pdg=-421 idx=76 br=0.0074 products=-321:211:211:-211
F4_CHANNEL pdg=-421 idx=77 br=0.0177 products=211:211:-211:-211:111
F4_CHANNEL pdg=-421 idx=78 br=0.006 products=211:-211:111:111:111
F4_CHANNEL pdg=-421 idx=79 br=0.0058 products=311:211:211:-211:-211
F4_CHANNEL pdg=-421 idx=80 br=0.0638 products=311:211:-211:111:111
F4_CHANNEL pdg=-421 idx=81 br=0.0038 products=-321:211:111:111:111
F4_CHANNEL pdg=-421 idx=82 br=0.0038 products=-321:211:211:-211:111
F4_CHANNEL pdg=-421 idx=83 br=0.0192 products=311:211:-211:111:111:111
F4_SPECIES pdg=-415 name=D*_2(2460)- channels=6 dominant_br=0.38 dominant_products=421:211 status=OK
F4_CHANNEL pdg=-415 idx=0 br=0.22 products=423:211
F4_CHANNEL pdg=-415 idx=1 br=0.11 products=413:111
F4_CHANNEL pdg=-415 idx=2 br=0.38 products=421:211
F4_CHANNEL pdg=-415 idx=3 br=0.19 products=411:111
F4_CHANNEL pdg=-415 idx=4 br=0.067 products=423:211:111
F4_CHANNEL pdg=-415 idx=5 br=0.033 products=413:211:-211
F4_SPECIES pdg=-413 name=D*- channels=3 dominant_br=0.677 dominant_products=421:211 status=OK
F4_CHANNEL pdg=-413 idx=0 br=0.677 products=421:211
F4_CHANNEL pdg=-413 idx=1 br=0.307 products=411:111
F4_CHANNEL pdg=-413 idx=2 br=0.016 products=411:22
F4_SPECIES pdg=-411 name=D- channels=74 dominant_br=0.097 dominant_products=311:211:111 status=OK
F4_CHANNEL pdg=-411 idx=0 br=0.0004 products=-13:14
F4_CHANNEL pdg=-411 idx=1 br=0.001 products=-15:16
F4_CHANNEL pdg=-411 idx=2 br=0.0043 products=-11:12:111
F4_CHANNEL pdg=-411 idx=3 br=0.0028 products=-11:12:113
F4_CHANNEL pdg=-411 idx=4 br=0.0026 products=-11:12:221
F4_CHANNEL pdg=-411 idx=5 br=0.0028 products=-11:12:223
F4_CHANNEL pdg=-411 idx=6 br=0.09 products=-11:12:311
F4_CHANNEL pdg=-411 idx=7 br=0.0554 products=-11:12:-313
F4_CHANNEL pdg=-411 idx=8 br=0.0038 products=-11:12:-315
F4_CHANNEL pdg=-411 idx=9 br=0.0005 products=-11:12:331
F4_CHANNEL pdg=-411 idx=10 br=0.0036 products=-11:12:-10313
F4_CHANNEL pdg=-411 idx=11 br=0.0043 products=-13:14:111
F4_CHANNEL pdg=-411 idx=12 br=0.0028 products=-13:14:113
F4_CHANNEL pdg=-411 idx=13 br=0.0026 products=-13:14:221
F4_CHANNEL pdg=-411 idx=14 br=0.0028 products=-13:14:223
F4_CHANNEL pdg=-411 idx=15 br=0.0874 products=-13:14:311
F4_CHANNEL pdg=-411 idx=16 br=0.0533 products=-13:14:-313
F4_CHANNEL pdg=-411 idx=17 br=0.0038 products=-13:14:-315
F4_CHANNEL pdg=-411 idx=18 br=0.0005 products=-13:14:331
F4_CHANNEL pdg=-411 idx=19 br=0.0036 products=-13:14:-10313
F4_CHANNEL pdg=-411 idx=20 br=0.0014 products=-11:12:311:111
F4_CHANNEL pdg=-411 idx=21 br=0.0027 products=-11:12:-321:211
F4_CHANNEL pdg=-411 idx=22 br=0.0014 products=-13:14:311:111
F4_CHANNEL pdg=-411 idx=23 br=0.0027 products=-13:14:-321:211
F4_CHANNEL pdg=-411 idx=24 br=0.0026 products=211:111
F4_CHANNEL pdg=-411 idx=25 br=0.001 products=211:113
F4_CHANNEL pdg=-411 idx=26 br=0.0076 products=221:211
F4_CHANNEL pdg=-411 idx=27 br=0.0282 products=311:211
F4_CHANNEL pdg=-411 idx=28 br=0.021 products=-313:213
F4_CHANNEL pdg=-411 idx=29 br=0.0074 products=321:311
F4_CHANNEL pdg=-411 idx=30 br=0.0042 products=321:-313
F4_CHANNEL pdg=-411 idx=31 br=0.031 products=323:311
F4_CHANNEL pdg=-411 idx=32 br=0.018 products=323:-313
F4_CHANNEL pdg=-411 idx=33 br=0.007 products=333:211
F4_CHANNEL pdg=-411 idx=34 br=0.0115 products=-10311:211
F4_CHANNEL pdg=-411 idx=35 br=0.08 products=20213:311
F4_CHANNEL pdg=-411 idx=36 br=0.0508 products=-20313:211
F4_CHANNEL pdg=-411 idx=37 br=0.0015 products=211:111:111
F4_CHANNEL pdg=-411 idx=38 br=0.002 products=211:211:-211
F4_CHANNEL pdg=-411 idx=39 br=0.003 products=221:211:111
F4_CHANNEL pdg=-411 idx=40 br=0.097 products=311:211:111
F4_CHANNEL pdg=-411 idx=41 br=0.005 products=311:211:113
F4_CHANNEL pdg=-411 idx=42 br=0.01 products=311:221:211
F4_CHANNEL pdg=-411 idx=43 br=0.005 products=311:223:211
F4_CHANNEL pdg=-411 idx=44 br=0.001 products=311:311:211
F4_CHANNEL pdg=-411 idx=45 br=0.001 products=313:311:211
F4_CHANNEL pdg=-411 idx=46 br=0.01 products=-313:211:111
F4_CHANNEL pdg=-411 idx=47 br=0.0078 products=-313:211:113
F4_CHANNEL pdg=-411 idx=48 br=0.01 products=-313:221:211
F4_CHANNEL pdg=-411 idx=49 br=0.005 products=-313:223:211
F4_CHANNEL pdg=-411 idx=50 br=0.001 products=-313:311:211
F4_CHANNEL pdg=-411 idx=51 br=0.001 products=321:311:111
F4_CHANNEL pdg=-411 idx=52 br=0.01 products=321:311:311
F4_CHANNEL pdg=-411 idx=53 br=0.001 products=321:-313:111
F4_CHANNEL pdg=-411 idx=54 br=0.0046 products=321:-321:211
F4_CHANNEL pdg=-411 idx=55 br=0.092 products=-321:211:211
F4_CHANNEL pdg=-411 idx=56 br=0.011 products=-321:213:211
F4_CHANNEL pdg=-411 idx=57 br=0.001 products=323:311:111
F4_CHANNEL pdg=-411 idx=58 br=0.001 products=323:-321:211
F4_CHANNEL pdg=-411 idx=59 br=0.007 products=-323:211:211
F4_CHANNEL pdg=-411 idx=60 br=0.01 products=-323:213:211
F4_CHANNEL pdg=-411 idx=61 br=0.001 products=-323:321:211
F4_CHANNEL pdg=-411 idx=62 br=0.023 products=333:211:111
F4_CHANNEL pdg=-411 idx=63 br=0.005 products=211:111:111:111
F4_CHANNEL pdg=-411 idx=64 br=0.009 products=211:211:-211:111
F4_CHANNEL pdg=-411 idx=65 br=0.002 products=221:211:111:111
F4_CHANNEL pdg=-411 idx=66 br=0.003 products=221:211:211:-211
F4_CHANNEL pdg=-411 idx=67 br=0.0188 products=311:211:111:111
F4_CHANNEL pdg=-411 idx=68 br=0.012 products=-321:211:211:111
F4_CHANNEL pdg=-411 idx=69 br=0.0021 products=211:211:211:-211:-211
F4_CHANNEL pdg=-411 idx=70 br=0.0035 products=311:211:111:111:111
F4_CHANNEL pdg=-411 idx=71 br=0.0087 products=311:211:211:-211:111
F4_CHANNEL pdg=-411 idx=72 br=0.005 products=-321:211:211:111:111
F4_CHANNEL pdg=-411 idx=73 br=0.0022 products=-321:211:211:211:-211
F4_SPECIES pdg=411 name=D+ channels=74 dominant_br=0.097 dominant_products=311:211:111 status=OK
F4_CHANNEL pdg=411 idx=0 br=0.0004 products=-13:14
F4_CHANNEL pdg=411 idx=1 br=0.001 products=-15:16
F4_CHANNEL pdg=411 idx=2 br=0.0043 products=-11:12:111
F4_CHANNEL pdg=411 idx=3 br=0.0028 products=-11:12:113
F4_CHANNEL pdg=411 idx=4 br=0.0026 products=-11:12:221
F4_CHANNEL pdg=411 idx=5 br=0.0028 products=-11:12:223
F4_CHANNEL pdg=411 idx=6 br=0.09 products=-11:12:311
F4_CHANNEL pdg=411 idx=7 br=0.0554 products=-11:12:-313
F4_CHANNEL pdg=411 idx=8 br=0.0038 products=-11:12:-315
F4_CHANNEL pdg=411 idx=9 br=0.0005 products=-11:12:331
F4_CHANNEL pdg=411 idx=10 br=0.0036 products=-11:12:-10313
F4_CHANNEL pdg=411 idx=11 br=0.0043 products=-13:14:111
F4_CHANNEL pdg=411 idx=12 br=0.0028 products=-13:14:113
F4_CHANNEL pdg=411 idx=13 br=0.0026 products=-13:14:221
F4_CHANNEL pdg=411 idx=14 br=0.0028 products=-13:14:223
F4_CHANNEL pdg=411 idx=15 br=0.0874 products=-13:14:311
F4_CHANNEL pdg=411 idx=16 br=0.0533 products=-13:14:-313
F4_CHANNEL pdg=411 idx=17 br=0.0038 products=-13:14:-315
F4_CHANNEL pdg=411 idx=18 br=0.0005 products=-13:14:331
F4_CHANNEL pdg=411 idx=19 br=0.0036 products=-13:14:-10313
F4_CHANNEL pdg=411 idx=20 br=0.0014 products=-11:12:311:111
F4_CHANNEL pdg=411 idx=21 br=0.0027 products=-11:12:-321:211
F4_CHANNEL pdg=411 idx=22 br=0.0014 products=-13:14:311:111
F4_CHANNEL pdg=411 idx=23 br=0.0027 products=-13:14:-321:211
F4_CHANNEL pdg=411 idx=24 br=0.0026 products=211:111
F4_CHANNEL pdg=411 idx=25 br=0.001 products=211:113
F4_CHANNEL pdg=411 idx=26 br=0.0076 products=221:211
F4_CHANNEL pdg=411 idx=27 br=0.0282 products=311:211
F4_CHANNEL pdg=411 idx=28 br=0.021 products=-313:213
F4_CHANNEL pdg=411 idx=29 br=0.0074 products=321:311
F4_CHANNEL pdg=411 idx=30 br=0.0042 products=321:-313
F4_CHANNEL pdg=411 idx=31 br=0.031 products=323:311
F4_CHANNEL pdg=411 idx=32 br=0.018 products=323:-313
F4_CHANNEL pdg=411 idx=33 br=0.007 products=333:211
F4_CHANNEL pdg=411 idx=34 br=0.0115 products=-10311:211
F4_CHANNEL pdg=411 idx=35 br=0.08 products=20213:311
F4_CHANNEL pdg=411 idx=36 br=0.0508 products=-20313:211
F4_CHANNEL pdg=411 idx=37 br=0.0015 products=211:111:111
F4_CHANNEL pdg=411 idx=38 br=0.002 products=211:211:-211
F4_CHANNEL pdg=411 idx=39 br=0.003 products=221:211:111
F4_CHANNEL pdg=411 idx=40 br=0.097 products=311:211:111
F4_CHANNEL pdg=411 idx=41 br=0.005 products=311:211:113
F4_CHANNEL pdg=411 idx=42 br=0.01 products=311:221:211
F4_CHANNEL pdg=411 idx=43 br=0.005 products=311:223:211
F4_CHANNEL pdg=411 idx=44 br=0.001 products=311:311:211
F4_CHANNEL pdg=411 idx=45 br=0.001 products=313:311:211
F4_CHANNEL pdg=411 idx=46 br=0.01 products=-313:211:111
F4_CHANNEL pdg=411 idx=47 br=0.0078 products=-313:211:113
F4_CHANNEL pdg=411 idx=48 br=0.01 products=-313:221:211
F4_CHANNEL pdg=411 idx=49 br=0.005 products=-313:223:211
F4_CHANNEL pdg=411 idx=50 br=0.001 products=-313:311:211
F4_CHANNEL pdg=411 idx=51 br=0.001 products=321:311:111
F4_CHANNEL pdg=411 idx=52 br=0.01 products=321:311:311
F4_CHANNEL pdg=411 idx=53 br=0.001 products=321:-313:111
F4_CHANNEL pdg=411 idx=54 br=0.0046 products=321:-321:211
F4_CHANNEL pdg=411 idx=55 br=0.092 products=-321:211:211
F4_CHANNEL pdg=411 idx=56 br=0.011 products=-321:213:211
F4_CHANNEL pdg=411 idx=57 br=0.001 products=323:311:111
F4_CHANNEL pdg=411 idx=58 br=0.001 products=323:-321:211
F4_CHANNEL pdg=411 idx=59 br=0.007 products=-323:211:211
F4_CHANNEL pdg=411 idx=60 br=0.01 products=-323:213:211
F4_CHANNEL pdg=411 idx=61 br=0.001 products=-323:321:211
F4_CHANNEL pdg=411 idx=62 br=0.023 products=333:211:111
F4_CHANNEL pdg=411 idx=63 br=0.005 products=211:111:111:111
F4_CHANNEL pdg=411 idx=64 br=0.009 products=211:211:-211:111
F4_CHANNEL pdg=411 idx=65 br=0.002 products=221:211:111:111
F4_CHANNEL pdg=411 idx=66 br=0.003 products=221:211:211:-211
F4_CHANNEL pdg=411 idx=67 br=0.0188 products=311:211:111:111
F4_CHANNEL pdg=411 idx=68 br=0.012 products=-321:211:211:111
F4_CHANNEL pdg=411 idx=69 br=0.0021 products=211:211:211:-211:-211
F4_CHANNEL pdg=411 idx=70 br=0.0035 products=311:211:111:111:111
F4_CHANNEL pdg=411 idx=71 br=0.0087 products=311:211:211:-211:111
F4_CHANNEL pdg=411 idx=72 br=0.005 products=-321:211:211:111:111
F4_CHANNEL pdg=411 idx=73 br=0.0022 products=-321:211:211:211:-211
F4_SPECIES pdg=413 name=D*+ channels=3 dominant_br=0.677 dominant_products=421:211 status=OK
F4_CHANNEL pdg=413 idx=0 br=0.677 products=421:211
F4_CHANNEL pdg=413 idx=1 br=0.307 products=411:111
F4_CHANNEL pdg=413 idx=2 br=0.016 products=411:22
F4_SPECIES pdg=415 name=D*_2(2460)+ channels=6 dominant_br=0.38 dominant_products=421:211 status=OK
F4_CHANNEL pdg=415 idx=0 br=0.22 products=423:211
F4_CHANNEL pdg=415 idx=1 br=0.11 products=413:111
F4_CHANNEL pdg=415 idx=2 br=0.38 products=421:211
F4_CHANNEL pdg=415 idx=3 br=0.19 products=411:111
F4_CHANNEL pdg=415 idx=4 br=0.067 products=423:211:111
F4_CHANNEL pdg=415 idx=5 br=0.033 products=413:211:-211
F4_SPECIES pdg=421 name=D0 channels=84 dominant_br=0.139 dominant_products=-321:211:111 status=OK
F4_CHANNEL pdg=421 idx=0 br=0.0034 products=-11:12:-211
F4_CHANNEL pdg=421 idx=1 br=0.0022 products=-11:12:-213
F4_CHANNEL pdg=421 idx=2 br=0.035 products=-11:12:-321
F4_CHANNEL pdg=421 idx=3 br=0.0225 products=-11:12:-323
F4_CHANNEL pdg=421 idx=4 br=0.0015 products=-11:12:-325
F4_CHANNEL pdg=421 idx=5 br=0.0014 products=-11:12:-10323
F4_CHANNEL pdg=421 idx=6 br=0.0034 products=-13:14:-211
F4_CHANNEL pdg=421 idx=7 br=0.0022 products=-13:14:-213
F4_CHANNEL pdg=421 idx=8 br=0.034 products=-13:14:-321
F4_CHANNEL pdg=421 idx=9 br=0.0214 products=-13:14:-323
F4_CHANNEL pdg=421 idx=10 br=0.0015 products=-13:14:-325
F4_CHANNEL pdg=421 idx=11 br=0.0014 products=-13:14:-10323
F4_CHANNEL pdg=421 idx=12 br=0.0011 products=-11:12:311:-211
F4_CHANNEL pdg=421 idx=13 br=0.0006 products=-11:12:-321:111
F4_CHANNEL pdg=421 idx=14 br=0.0011 products=-13:14:311:-211
F4_CHANNEL pdg=421 idx=15 br=0.0006 products=-13:14:-321:111
F4_CHANNEL pdg=421 idx=16 br=0.0008 products=111:111
F4_CHANNEL pdg=421 idx=17 br=0.002 products=113:111
F4_CHANNEL pdg=421 idx=18 br=0.0006 products=130:130
F4_CHANNEL pdg=421 idx=19 br=0.0015 products=211:-211
F4_CHANNEL pdg=421 idx=20 br=0.004 products=213:-211
F4_CHANNEL pdg=421 idx=21 br=0.004 products=-213:211
F4_CHANNEL pdg=421 idx=22 br=0.001 products=221:111
F4_CHANNEL pdg=421 idx=23 br=0.001 products=221:221
F4_CHANNEL pdg=421 idx=24 br=0.0006 products=310:310
F4_CHANNEL pdg=421 idx=25 br=0.0212 products=311:111
F4_CHANNEL pdg=421 idx=26 br=0.0071 products=311:221
F4_CHANNEL pdg=421 idx=27 br=0.021 products=311:223
F4_CHANNEL pdg=421 idx=28 br=0.0004 products=313:311
F4_CHANNEL pdg=421 idx=29 br=0.0014 products=313:-313
F4_CHANNEL pdg=421 idx=30 br=0.0085 products=-313:111
F4_CHANNEL pdg=421 idx=31 br=0.0146 products=-313:113
F4_CHANNEL pdg=421 idx=32 br=0.019 products=-313:221
F4_CHANNEL pdg=421 idx=33 br=0.011 products=-313:223
F4_CHANNEL pdg=421 idx=34 br=0.0008 products=-313:311
F4_CHANNEL pdg=421 idx=35 br=0.00015 products=321:-211
F4_CHANNEL pdg=421 idx=36 br=0.0043 products=321:-321
F4_CHANNEL pdg=421 idx=37 br=0.0383 products=-321:211
F4_CHANNEL pdg=421 idx=38 br=0.0035 products=323:-321
F4_CHANNEL pdg=421 idx=39 br=0.061 products=-323:213
F4_CHANNEL pdg=421 idx=40 br=0.0018 products=-323:321
F4_CHANNEL pdg=421 idx=41 br=0.001 products=331:111
F4_CHANNEL pdg=421 idx=42 br=0.0172 products=331:311
F4_CHANNEL pdg=421 idx=43 br=0.002 products=331:-313
F4_CHANNEL pdg=421 idx=44 br=0.0007 products=333:111
F4_CHANNEL pdg=421 idx=45 br=0.0086 products=333:311
F4_CHANNEL pdg=421 idx=46 br=0.0071 products=-10313:111
F4_CHANNEL pdg=421 idx=47 br=0.0107 products=-10323:211
F4_CHANNEL pdg=421 idx=48 br=0.073 products=20213:-321
F4_CHANNEL pdg=421 idx=49 br=0.001 products=111:111:111
F4_CHANNEL pdg=421 idx=50 br=0.006 products=211:-211:111
F4_CHANNEL pdg=421 idx=51 br=0.027 products=211:-211:130
F4_CHANNEL pdg=421 idx=52 br=0.027 products=310:211:-211
F4_CHANNEL pdg=421 idx=53 br=0.0008 products=310:310:310
F4_CHANNEL pdg=421 idx=54 br=0.0078 products=311:111:111
F4_CHANNEL pdg=421 idx=55 br=0.0116 products=-313:111:111
F4_CHANNEL pdg=421 idx=56 br=0.0225 products=-313:211:-211
F4_CHANNEL pdg=421 idx=57 br=0.0005 products=321:-211:111
F4_CHANNEL pdg=421 idx=58 br=0.0051 products=321:-321:311
F4_CHANNEL pdg=421 idx=59 br=0.139 products=-321:211:111
F4_CHANNEL pdg=421 idx=60 br=0.006 products=-321:211:113
F4_CHANNEL pdg=421 idx=61 br=0.0068 products=-321:213:111
F4_CHANNEL pdg=421 idx=62 br=0.01 products=-321:221:211
F4_CHANNEL pdg=421 idx=63 br=0.0303 products=-321:223:211
F4_CHANNEL pdg=421 idx=64 br=0.01 products=-323:211:111
F4_CHANNEL pdg=421 idx=65 br=0.0075 products=331:-321:211
F4_CHANNEL pdg=421 idx=66 br=0.0011 products=333:211:-211
F4_CHANNEL pdg=421 idx=67 br=0.0073 products=211:211:-211:-211
F4_CHANNEL pdg=421 idx=68 br=0.005 products=211:-211:111:111
F4_CHANNEL pdg=421 idx=69 br=0.0143 products=311:111:111:111
F4_CHANNEL pdg=421 idx=70 br=0.0085 products=311:211:-211:111
F4_CHANNEL pdg=421 idx=71 br=0.0015 products=311:311:111:111
F4_CHANNEL pdg=421 idx=72 br=0.0015 products=311:311:211:-211
F4_CHANNEL pdg=421 idx=73 br=0.003 products=321:-321:111:111
F4_CHANNEL pdg=421 idx=74 br=0.0025 products=321:-321:211:-211
F4_CHANNEL pdg=421 idx=75 br=0.02575 products=-321:211:111:111
F4_CHANNEL pdg=421 idx=76 br=0.0074 products=-321:211:211:-211
F4_CHANNEL pdg=421 idx=77 br=0.0177 products=211:211:-211:-211:111
F4_CHANNEL pdg=421 idx=78 br=0.006 products=211:-211:111:111:111
F4_CHANNEL pdg=421 idx=79 br=0.0058 products=311:211:211:-211:-211
F4_CHANNEL pdg=421 idx=80 br=0.0638 products=311:211:-211:111:111
F4_CHANNEL pdg=421 idx=81 br=0.0038 products=-321:211:111:111:111
F4_CHANNEL pdg=421 idx=82 br=0.0038 products=-321:211:211:-211:111
F4_CHANNEL pdg=421 idx=83 br=0.0192 products=311:211:-211:111:111:111
F4_SPECIES pdg=423 name=D*0 channels=2 dominant_br=0.619 dominant_products=421:111 status=OK
F4_CHANNEL pdg=423 idx=0 br=0.619 products=421:111
F4_CHANNEL pdg=423 idx=1 br=0.381 products=421:22
F4_SPECIES pdg=425 name=D*_2(2460)0 channels=6 dominant_br=0.38 dominant_products=411:-211 status=OK
F4_CHANNEL pdg=425 idx=0 br=0.22 products=413:-211
F4_CHANNEL pdg=425 idx=1 br=0.11 products=423:111
F4_CHANNEL pdg=425 idx=2 br=0.38 products=411:-211
F4_CHANNEL pdg=425 idx=3 br=0.19 products=421:111
F4_CHANNEL pdg=425 idx=4 br=0.067 products=413:-211:111
F4_CHANNEL pdg=425 idx=5 br=0.033 products=423:211:-211
F4_SPECIES pdg=431 name=D_s+ channels=61 dominant_br=0.13104 dominant_products=221:213 status=OK
F4_CHANNEL pdg=431 idx=0 br=0.00616 products=-13:14
F4_CHANNEL pdg=431 idx=1 br=0.064 products=-15:16
F4_CHANNEL pdg=431 idx=2 br=0.0307 products=-11:12:221
F4_CHANNEL pdg=431 idx=3 br=0.0027 products=-11:12:311
F4_CHANNEL pdg=431 idx=4 br=0.001 products=-11:12:-313
F4_CHANNEL pdg=431 idx=5 br=0.0106 products=-11:12:331
F4_CHANNEL pdg=431 idx=6 br=0.0242 products=-11:12:333
F4_CHANNEL pdg=431 idx=7 br=0.0307 products=-13:14:221
F4_CHANNEL pdg=431 idx=8 br=0.0027 products=-13:14:311
F4_CHANNEL pdg=431 idx=9 br=0.001 products=-13:14:-313
F4_CHANNEL pdg=431 idx=10 br=0.0106 products=-13:14:331
F4_CHANNEL pdg=431 idx=11 br=0.0242 products=-13:14:333
F4_CHANNEL pdg=431 idx=12 br=0.001 products=211:111
F4_CHANNEL pdg=431 idx=13 br=0.0004 products=211:113
F4_CHANNEL pdg=431 idx=14 br=0.0004 products=213:111
F4_CHANNEL pdg=431 idx=15 br=0.021 products=221:211
F4_CHANNEL pdg=431 idx=16 br=0.13104 products=221:213
F4_CHANNEL pdg=431 idx=17 br=0.0034 products=223:211
F4_CHANNEL pdg=431 idx=18 br=0.0023 products=225:211
F4_CHANNEL pdg=431 idx=19 br=0.004 products=311:211
F4_CHANNEL pdg=431 idx=20 br=0.0015 products=311:213
F4_CHANNEL pdg=431 idx=21 br=0.0079 products=313:211
F4_CHANNEL pdg=431 idx=22 br=0.005 products=313:213
F4_CHANNEL pdg=431 idx=23 br=0.0015 products=321:113
F4_CHANNEL pdg=431 idx=24 br=0.0002 products=321:221
F4_CHANNEL pdg=431 idx=25 br=0.044 products=321:311
F4_CHANNEL pdg=431 idx=26 br=0.04 products=321:-313
F4_CHANNEL pdg=431 idx=27 br=0.053 products=323:311
F4_CHANNEL pdg=431 idx=28 br=0.07 products=323:-313
F4_CHANNEL pdg=431 idx=29 br=0.047 products=331:211
F4_CHANNEL pdg=431 idx=30 br=0.122 products=331:213
F4_CHANNEL pdg=431 idx=31 br=0.0002 products=331:321
F4_CHANNEL pdg=431 idx=32 br=0.044 products=333:211
F4_CHANNEL pdg=431 idx=33 br=0.082 products=333:213
F4_CHANNEL pdg=431 idx=34 br=0.0003 products=333:321
F4_CHANNEL pdg=431 idx=35 br=0.0025 products=20213:311
F4_CHANNEL pdg=431 idx=36 br=0.01 products=9010221:211
F4_CHANNEL pdg=431 idx=37 br=5e-05 products=211:111:111
F4_CHANNEL pdg=431 idx=38 br=5e-05 products=211:211:-211
F4_CHANNEL pdg=431 idx=39 br=0.015 products=221:211:111
F4_CHANNEL pdg=431 idx=40 br=0.001 products=311:211:111
F4_CHANNEL pdg=431 idx=41 br=0.005 products=313:211:111
F4_CHANNEL pdg=431 idx=42 br=0.0002 products=321:221:111
F4_CHANNEL pdg=431 idx=43 br=0.003 products=321:311:111
F4_CHANNEL pdg=431 idx=44 br=0.0012 products=321:-313:111
F4_CHANNEL pdg=431 idx=45 br=0.0002 products=321:321:-321
F4_CHANNEL pdg=431 idx=46 br=0.011 products=321:-321:211
F4_CHANNEL pdg=431 idx=47 br=0.0012 products=323:311:111
F4_CHANNEL pdg=431 idx=48 br=0.004 products=323:-313:111
F4_CHANNEL pdg=431 idx=49 br=0.015 products=331:211:111
F4_CHANNEL pdg=431 idx=50 br=0.0002 products=331:321:111
F4_CHANNEL pdg=431 idx=51 br=0.01 products=333:211:111
F4_CHANNEL pdg=431 idx=52 br=0.005 products=221:211:111:111
F4_CHANNEL pdg=431 idx=53 br=0.005 products=221:211:211:-211
F4_CHANNEL pdg=431 idx=54 br=0.0002 products=321:221:211:-211
F4_CHANNEL pdg=431 idx=55 br=0.001 products=321:311:111:111
F4_CHANNEL pdg=431 idx=56 br=0.001 products=321:311:211:-211
F4_CHANNEL pdg=431 idx=57 br=0.0002 products=331:321:211:-211
F4_CHANNEL pdg=431 idx=58 br=0.005 products=333:211:111:111
F4_CHANNEL pdg=431 idx=59 br=0.008 products=333:211:211:-211
F4_CHANNEL pdg=431 idx=60 br=0.0043 products=321:-321:211:211:-211
F4_SPECIES pdg=433 name=D*_s+ channels=2 dominant_br=0.942 dominant_products=431:22 status=OK
F4_CHANNEL pdg=433 idx=0 br=0.942 products=431:22
F4_CHANNEL pdg=433 idx=1 br=0.058 products=431:111
F4_SPECIES pdg=435 name=D*_2s(2573)+ channels=4 dominant_br=0.45 dominant_products=411:311 status=OK
F4_CHANNEL pdg=435 idx=0 br=0.05 products=413:311
F4_CHANNEL pdg=435 idx=1 br=0.05 products=423:321
F4_CHANNEL pdg=435 idx=2 br=0.45 products=411:311
F4_CHANNEL pdg=435 idx=3 br=0.45 products=421:321
F4_SPECIES pdg=511 name=B0 channels=890 dominant_br=0.316 dominant_products=2:-1:-4:1 status=OK
F4_CHANNEL pdg=511 idx=0 br=0.000133 products=12:-11:-211
F4_CHANNEL pdg=511 idx=1 br=0.000269 products=12:-11:-213
F4_CHANNEL pdg=511 idx=2 br=0.0207 products=12:-11:-411
F4_CHANNEL pdg=511 idx=3 br=0.057 products=12:-11:-413
F4_CHANNEL pdg=511 idx=4 br=0.0023 products=12:-11:-415
F4_CHANNEL pdg=511 idx=5 br=0.0045 products=12:-11:-10411
F4_CHANNEL pdg=511 idx=6 br=0.0052 products=12:-11:-10413
F4_CHANNEL pdg=511 idx=7 br=0.0083 products=12:-11:-20413
F4_CHANNEL pdg=511 idx=8 br=0.000133 products=14:-13:-211
F4_CHANNEL pdg=511 idx=9 br=0.000269 products=14:-13:-213
F4_CHANNEL pdg=511 idx=10 br=0.0207 products=14:-13:-411
F4_CHANNEL pdg=511 idx=11 br=0.057 products=14:-13:-413
F4_CHANNEL pdg=511 idx=12 br=0.0023 products=14:-13:-415
F4_CHANNEL pdg=511 idx=13 br=0.0045 products=14:-13:-10411
F4_CHANNEL pdg=511 idx=14 br=0.0052 products=14:-13:-10413
F4_CHANNEL pdg=511 idx=15 br=0.0083 products=14:-13:-20413
F4_CHANNEL pdg=511 idx=16 br=6e-05 products=16:-15:-211
F4_CHANNEL pdg=511 idx=17 br=8.3e-05 products=16:-15:-213
F4_CHANNEL pdg=511 idx=18 br=8e-06 products=16:-15:-215
F4_CHANNEL pdg=511 idx=19 br=0.007 products=16:-15:-411
F4_CHANNEL pdg=511 idx=20 br=0.016 products=16:-15:-413
F4_CHANNEL pdg=511 idx=21 br=0.002 products=16:-15:-415
F4_CHANNEL pdg=511 idx=22 br=8e-06 products=16:-15:-10213
F4_CHANNEL pdg=511 idx=23 br=0.0013 products=16:-15:-10411
F4_CHANNEL pdg=511 idx=24 br=0.0013 products=16:-15:-10413
F4_CHANNEL pdg=511 idx=25 br=9e-05 products=16:-15:-20213
F4_CHANNEL pdg=511 idx=26 br=0.002 products=16:-15:-20413
F4_CHANNEL pdg=511 idx=27 br=8e-06 products=16:-15:-9000211
F4_CHANNEL pdg=511 idx=28 br=0.001 products=12:-11:-411:111
F4_CHANNEL pdg=511 idx=29 br=0.0003 products=12:-11:-413:111
F4_CHANNEL pdg=511 idx=30 br=0.002 products=12:-11:-421:-211
F4_CHANNEL pdg=511 idx=31 br=0.0007 products=12:-11:-423:-211
F4_CHANNEL pdg=511 idx=32 br=0.001 products=14:-13:-411:111
F4_CHANNEL pdg=511 idx=33 br=0.0003 products=14:-13:-413:111
F4_CHANNEL pdg=511 idx=34 br=0.002 products=14:-13:-421:-211
F4_CHANNEL pdg=511 idx=35 br=0.0007 products=14:-13:-423:-211
F4_CHANNEL pdg=511 idx=36 br=1.5e-06 products=111:111
F4_CHANNEL pdg=511 idx=37 br=2e-06 products=113:113
F4_CHANNEL pdg=511 idx=38 br=6e-06 products=130:111
F4_CHANNEL pdg=511 idx=39 br=2.6e-06 products=130:113
F4_CHANNEL pdg=511 idx=40 br=6e-07 products=130:130
F4_CHANNEL pdg=511 idx=41 br=4.6e-06 products=211:-211
F4_CHANNEL pdg=511 idx=42 br=3e-05 products=213:-213
F4_CHANNEL pdg=511 idx=43 br=1e-06 products=221:111
F4_CHANNEL pdg=511 idx=44 br=1e-06 products=221:113
F4_CHANNEL pdg=511 idx=45 br=1e-06 products=221:130
F4_CHANNEL pdg=511 idx=46 br=1e-06 products=221:221
F4_CHANNEL pdg=511 idx=47 br=5e-07 products=223:22
F4_CHANNEL pdg=511 idx=48 br=1e-06 products=223:111
F4_CHANNEL pdg=511 idx=49 br=1e-06 products=223:113
F4_CHANNEL pdg=511 idx=50 br=2.3e-06 products=223:130
F4_CHANNEL pdg=511 idx=51 br=1e-06 products=223:221
F4_CHANNEL pdg=511 idx=52 br=1e-06 products=223:223
F4_CHANNEL pdg=511 idx=53 br=6e-06 products=310:111
F4_CHANNEL pdg=511 idx=54 br=2.6e-06 products=310:113
F4_CHANNEL pdg=511 idx=55 br=1e-06 products=310:221
F4_CHANNEL pdg=511 idx=56 br=2.3e-06 products=310:223
F4_CHANNEL pdg=511 idx=57 br=6e-07 products=310:310
F4_CHANNEL pdg=511 idx=58 br=4.01e-05 products=313:22
F4_CHANNEL pdg=511 idx=59 br=1.7e-06 products=313:111
F4_CHANNEL pdg=511 idx=60 br=1e-05 products=313:113
F4_CHANNEL pdg=511 idx=61 br=1.9e-05 products=313:221
F4_CHANNEL pdg=511 idx=62 br=1e-06 products=313:223
F4_CHANNEL pdg=511 idx=63 br=3e-06 products=313:311
F4_CHANNEL pdg=511 idx=64 br=1e-06 products=313:-313
F4_CHANNEL pdg=511 idx=65 br=1.8e-05 products=321:-211
F4_CHANNEL pdg=511 idx=66 br=9.9e-06 products=321:-213
F4_CHANNEL pdg=511 idx=67 br=1e-06 products=321:-321
F4_CHANNEL pdg=511 idx=68 br=1.3e-05 products=323:-211
F4_CHANNEL pdg=511 idx=69 br=2e-05 products=323:-213
F4_CHANNEL pdg=511 idx=70 br=2e-06 products=323:-321
F4_CHANNEL pdg=511 idx=71 br=1e-06 products=323:-323
F4_CHANNEL pdg=511 idx=72 br=1e-06 products=331:111
F4_CHANNEL pdg=511 idx=73 br=1e-06 products=331:113
F4_CHANNEL pdg=511 idx=74 br=3.2e-05 products=331:130
F4_CHANNEL pdg=511 idx=75 br=1e-06 products=331:221
F4_CHANNEL pdg=511 idx=76 br=1e-06 products=331:223
F4_CHANNEL pdg=511 idx=77 br=3.2e-05 products=331:310
F4_CHANNEL pdg=511 idx=78 br=1e-06 products=331:313
F4_CHANNEL pdg=511 idx=79 br=1e-06 products=331:331
F4_CHANNEL pdg=511 idx=80 br=1e-06 products=333:111
F4_CHANNEL pdg=511 idx=81 br=1e-07 products=333:113
F4_CHANNEL pdg=511 idx=82 br=4.2e-06 products=333:130
F4_CHANNEL pdg=511 idx=83 br=1e-06 products=333:221
F4_CHANNEL pdg=511 idx=84 br=1e-06 products=333:223
F4_CHANNEL pdg=511 idx=85 br=4.2e-06 products=333:310
F4_CHANNEL pdg=511 idx=86 br=1.1e-05 products=333:313
F4_CHANNEL pdg=511 idx=87 br=1e-06 products=333:331
F4_CHANNEL pdg=511 idx=88 br=1e-07 products=333:333
F4_CHANNEL pdg=511 idx=89 br=0.00027 products=411:-411
F4_CHANNEL pdg=511 idx=90 br=0.0028 products=-411:211
F4_CHANNEL pdg=511 idx=91 br=0.0077 products=-411:213
F4_CHANNEL pdg=511 idx=92 br=0.0002 products=-411:321
F4_CHANNEL pdg=511 idx=93 br=0.00037 products=-411:323
F4_CHANNEL pdg=511 idx=94 br=0.000335 products=413:-411
F4_CHANNEL pdg=511 idx=95 br=0.00083 products=413:-413
F4_CHANNEL pdg=511 idx=96 br=0.0028 products=-413:211
F4_CHANNEL pdg=511 idx=97 br=0.0068 products=-413:213
F4_CHANNEL pdg=511 idx=98 br=0.00017 products=-413:321
F4_CHANNEL pdg=511 idx=99 br=0.00038 products=-413:323
F4_CHANNEL pdg=511 idx=100 br=0.000335 products=-413:411
F4_CHANNEL pdg=511 idx=101 br=0.0009 products=-415:211
F4_CHANNEL pdg=511 idx=102 br=0.0022 products=-415:213
F4_CHANNEL pdg=511 idx=103 br=1e-05 products=421:313
F4_CHANNEL pdg=511 idx=104 br=0.00029 products=-421:111
F4_CHANNEL pdg=511 idx=105 br=0.00029 products=-421:113
F4_CHANNEL pdg=511 idx=106 br=0.00022 products=-421:221
F4_CHANNEL pdg=511 idx=107 br=0.00025 products=-421:223
F4_CHANNEL pdg=511 idx=108 br=4e-05 products=-421:311
F4_CHANNEL pdg=511 idx=109 br=4e-05 products=-421:313
F4_CHANNEL pdg=511 idx=110 br=0.00017 products=-421:331
F4_CHANNEL pdg=511 idx=111 br=1e-05 products=423:313
F4_CHANNEL pdg=511 idx=112 br=0.00027 products=-423:111
F4_CHANNEL pdg=511 idx=113 br=0.00029 products=-423:113
F4_CHANNEL pdg=511 idx=114 br=0.00026 products=-423:221
F4_CHANNEL pdg=511 idx=115 br=0.00042 products=-423:223
F4_CHANNEL pdg=511 idx=116 br=4e-05 products=-423:311
F4_CHANNEL pdg=511 idx=117 br=4e-05 products=-423:313
F4_CHANNEL pdg=511 idx=118 br=0.00017 products=-423:331
F4_CHANNEL pdg=511 idx=119 br=3.9e-05 products=431:-211
F4_CHANNEL pdg=511 idx=120 br=1.6e-05 products=431:-213
F4_CHANNEL pdg=511 idx=121 br=0.009 products=431:-411
F4_CHANNEL pdg=511 idx=122 br=0.0126 products=431:-413
F4_CHANNEL pdg=511 idx=123 br=0.0042 products=431:-415
F4_CHANNEL pdg=511 idx=124 br=4.6e-05 products=-431:321
F4_CHANNEL pdg=511 idx=125 br=1.6e-05 products=-431:323
F4_CHANNEL pdg=511 idx=126 br=2.6e-05 products=433:-211
F4_CHANNEL pdg=511 idx=127 br=1.6e-05 products=433:-213
F4_CHANNEL pdg=511 idx=128 br=0.009 products=433:-411
F4_CHANNEL pdg=511 idx=129 br=0.024 products=433:-413
F4_CHANNEL pdg=511 idx=130 br=0.004 products=433:-415
F4_CHANNEL pdg=511 idx=131 br=1.6e-05 products=-433:321
F4_CHANNEL pdg=511 idx=132 br=1.6e-05 products=-433:323
F4_CHANNEL pdg=511 idx=133 br=0.0006 products=441:130
F4_CHANNEL pdg=511 idx=134 br=0.0006 products=441:310
F4_CHANNEL pdg=511 idx=135 br=0.00162 products=441:313
F4_CHANNEL pdg=511 idx=136 br=2.2e-05 products=443:111
F4_CHANNEL pdg=511 idx=137 br=1.6e-05 products=443:113
F4_CHANNEL pdg=511 idx=138 br=0.00044 products=443:130
F4_CHANNEL pdg=511 idx=139 br=3e-05 products=443:223
F4_CHANNEL pdg=511 idx=140 br=0.00044 products=443:310
F4_CHANNEL pdg=511 idx=141 br=0.0005 products=443:315
F4_CHANNEL pdg=511 idx=142 br=3e-05 products=445:313
F4_CHANNEL pdg=511 idx=143 br=1e-07 products=2212:-2212
F4_CHANNEL pdg=511 idx=144 br=1e-06 products=10113:111
F4_CHANNEL pdg=511 idx=145 br=1e-06 products=10113:221
F4_CHANNEL pdg=511 idx=146 br=1e-05 products=10113:311
F4_CHANNEL pdg=511 idx=147 br=1e-06 products=10113:331
F4_CHANNEL pdg=511 idx=148 br=1e-05 products=10213:-211
F4_CHANNEL pdg=511 idx=149 br=1e-05 products=-10213:211
F4_CHANNEL pdg=511 idx=150 br=1e-05 products=-10213:321
F4_CHANNEL pdg=511 idx=151 br=1e-06 products=10311:111
F4_CHANNEL pdg=511 idx=152 br=1e-05 products=10311:113
F4_CHANNEL pdg=511 idx=153 br=3e-06 products=10311:311
F4_CHANNEL pdg=511 idx=154 br=1e-05 products=10311:333
F4_CHANNEL pdg=511 idx=155 br=0.0015 products=10313:443
F4_CHANNEL pdg=511 idx=156 br=1e-06 products=10321:-211
F4_CHANNEL pdg=511 idx=157 br=2e-05 products=10321:-213
F4_CHANNEL pdg=511 idx=158 br=2e-06 products=10321:-321
F4_CHANNEL pdg=511 idx=159 br=0.0002 products=-10411:211
F4_CHANNEL pdg=511 idx=160 br=0.0006 products=-10413:211
F4_CHANNEL pdg=511 idx=161 br=0.0004 products=-10413:213
F4_CHANNEL pdg=511 idx=162 br=0.0012 products=-10413:431
F4_CHANNEL pdg=511 idx=163 br=0.0024 products=-10413:433
F4_CHANNEL pdg=511 idx=164 br=0.0016 products=10431:-411
F4_CHANNEL pdg=511 idx=165 br=0.0016 products=10431:-413
F4_CHANNEL pdg=511 idx=166 br=0.00015 products=10441:130
F4_CHANNEL pdg=511 idx=167 br=0.00015 products=10441:310
F4_CHANNEL pdg=511 idx=168 br=0.0003 products=10441:313
F4_CHANNEL pdg=511 idx=169 br=1e-06 products=20113:111
F4_CHANNEL pdg=511 idx=170 br=1e-05 products=20113:113
F4_CHANNEL pdg=511 idx=171 br=1e-06 products=20113:221
F4_CHANNEL pdg=511 idx=172 br=1e-05 products=20113:223
F4_CHANNEL pdg=511 idx=173 br=1e-05 products=20113:311
F4_CHANNEL pdg=511 idx=174 br=2e-05 products=20113:313
F4_CHANNEL pdg=511 idx=175 br=1e-06 products=20113:331
F4_CHANNEL pdg=511 idx=176 br=5e-05 products=20113:20113
F4_CHANNEL pdg=511 idx=177 br=4e-05 products=20213:-211
F4_CHANNEL pdg=511 idx=178 br=1e-05 products=20213:-213
F4_CHANNEL pdg=511 idx=179 br=0.00834 products=20213:-411
F4_CHANNEL pdg=511 idx=180 br=0.012 products=20213:-413
F4_CHANNEL pdg=511 idx=181 br=5e-05 products=20213:-20213
F4_CHANNEL pdg=511 idx=182 br=4e-05 products=-20213:211
F4_CHANNEL pdg=511 idx=183 br=1e-05 products=-20213:213
F4_CHANNEL pdg=511 idx=184 br=1e-05 products=-20213:321
F4_CHANNEL pdg=511 idx=185 br=2e-05 products=-20213:323
F4_CHANNEL pdg=511 idx=186 br=2e-06 products=20313:333
F4_CHANNEL pdg=511 idx=187 br=0.0001 products=20313:443
F4_CHANNEL pdg=511 idx=188 br=0.0001 products=-20413:211
F4_CHANNEL pdg=511 idx=189 br=0.0013 products=-20413:213
F4_CHANNEL pdg=511 idx=190 br=0.0006 products=-20413:431
F4_CHANNEL pdg=511 idx=191 br=0.0012 products=-20413:433
F4_CHANNEL pdg=511 idx=192 br=0.0041 products=20433:-411
F4_CHANNEL pdg=511 idx=193 br=0.0098 products=20433:-413
F4_CHANNEL pdg=511 idx=194 br=0.00023 products=20443:130
F4_CHANNEL pdg=511 idx=195 br=0.00023 products=20443:310
F4_CHANNEL pdg=511 idx=196 br=0.0003 products=20443:313
F4_CHANNEL pdg=511 idx=197 br=1e-06 products=30313:111
F4_CHANNEL pdg=511 idx=198 br=1e-06 products=30313:311
F4_CHANNEL pdg=511 idx=199 br=1e-06 products=30323:-211
F4_CHANNEL pdg=511 idx=200 br=1e-06 products=30323:-321
F4_CHANNEL pdg=511 idx=201 br=0.00024 products=30443:130
F4_CHANNEL pdg=511 idx=202 br=0.00024 products=30443:310
F4_CHANNEL pdg=511 idx=203 br=0.00048 products=30443:313
F4_CHANNEL pdg=511 idx=204 br=0.00029 products=30443:10313
F4_CHANNEL pdg=511 idx=205 br=5e-07 products=100113:130
F4_CHANNEL pdg=511 idx=206 br=5e-07 products=100113:310
F4_CHANNEL pdg=511 idx=207 br=0.00024 products=100441:130
F4_CHANNEL pdg=511 idx=208 br=0.00024 products=100441:310
F4_CHANNEL pdg=511 idx=209 br=0.00066 products=100441:313
F4_CHANNEL pdg=511 idx=210 br=0.00033 products=100443:130
F4_CHANNEL pdg=511 idx=211 br=0.00033 products=100443:310
F4_CHANNEL pdg=511 idx=212 br=0.00066 products=100443:313
F4_CHANNEL pdg=511 idx=213 br=0.0004 products=100443:10313
F4_CHANNEL pdg=511 idx=214 br=1e-06 products=9000111:111
F4_CHANNEL pdg=511 idx=215 br=1e-06 products=9000111:113
F4_CHANNEL pdg=511 idx=216 br=1e-06 products=9000111:221
F4_CHANNEL pdg=511 idx=217 br=1e-06 products=9000111:223
F4_CHANNEL pdg=511 idx=218 br=1e-06 products=9000111:311
F4_CHANNEL pdg=511 idx=219 br=5e-06 products=9000111:313
F4_CHANNEL pdg=511 idx=220 br=1e-06 products=9000111:331
F4_CHANNEL pdg=511 idx=221 br=1e-06 products=9000111:10113
F4_CHANNEL pdg=511 idx=222 br=1e-06 products=9000111:20113
F4_CHANNEL pdg=511 idx=223 br=1e-06 products=9000111:9000111
F4_CHANNEL pdg=511 idx=224 br=1e-06 products=9000211:-211
F4_CHANNEL pdg=511 idx=225 br=2e-06 products=9000211:-213
F4_CHANNEL pdg=511 idx=226 br=3e-06 products=-9000211:211
F4_CHANNEL pdg=511 idx=227 br=1e-05 products=-9000211:213
F4_CHANNEL pdg=511 idx=228 br=1e-06 products=-9000211:321
F4_CHANNEL pdg=511 idx=229 br=5e-06 products=-9000211:323
F4_CHANNEL pdg=511 idx=230 br=1e-06 products=9010221:111
F4_CHANNEL pdg=511 idx=231 br=1e-06 products=9010221:113
F4_CHANNEL pdg=511 idx=232 br=1e-06 products=9010221:221
F4_CHANNEL pdg=511 idx=233 br=1e-06 products=9010221:223
F4_CHANNEL pdg=511 idx=234 br=6e-06 products=9010221:311
F4_CHANNEL pdg=511 idx=235 br=5e-06 products=9010221:313
F4_CHANNEL pdg=511 idx=236 br=1e-06 products=9010221:331
F4_CHANNEL pdg=511 idx=237 br=1e-06 products=9010221:10113
F4_CHANNEL pdg=511 idx=238 br=1e-06 products=9010221:20113
F4_CHANNEL pdg=511 idx=239 br=1e-06 products=9010221:9000111
F4_CHANNEL pdg=511 idx=240 br=1e-06 products=9010221:9010221
F4_CHANNEL pdg=511 idx=241 br=1e-06 products=111:111:111
F4_CHANNEL pdg=511 idx=242 br=1e-06 products=113:111:111
F4_CHANNEL pdg=511 idx=243 br=1e-05 products=113:113:111
F4_CHANNEL pdg=511 idx=244 br=2.4e-05 products=211:-211:111
F4_CHANNEL pdg=511 idx=245 br=3e-06 products=211:-211:113
F4_CHANNEL pdg=511 idx=246 br=1e-05 products=213:-211:111
F4_CHANNEL pdg=511 idx=247 br=1e-05 products=213:-213:111
F4_CHANNEL pdg=511 idx=248 br=1e-05 products=-213:211:111
F4_CHANNEL pdg=511 idx=249 br=1e-06 products=221:111:111
F4_CHANNEL pdg=511 idx=250 br=5e-07 products=221:113:111
F4_CHANNEL pdg=511 idx=251 br=5e-06 products=221:113:113
F4_CHANNEL pdg=511 idx=252 br=1.7e-05 products=221:211:-211
F4_CHANNEL pdg=511 idx=253 br=5e-06 products=221:213:-211
F4_CHANNEL pdg=511 idx=254 br=5e-06 products=221:213:-213
F4_CHANNEL pdg=511 idx=255 br=5e-06 products=221:-213:211
F4_CHANNEL pdg=511 idx=256 br=1e-06 products=221:221:111
F4_CHANNEL pdg=511 idx=257 br=2e-07 products=221:221:113
F4_CHANNEL pdg=511 idx=258 br=1e-06 products=223:111:111
F4_CHANNEL pdg=511 idx=259 br=1e-05 products=223:113:111
F4_CHANNEL pdg=511 idx=260 br=3e-06 products=223:211:-211
F4_CHANNEL pdg=511 idx=261 br=5e-07 products=223:221:111
F4_CHANNEL pdg=511 idx=262 br=5e-06 products=223:221:113
F4_CHANNEL pdg=511 idx=263 br=2e-07 products=223:221:221
F4_CHANNEL pdg=511 idx=264 br=6e-07 products=311:11:-11
F4_CHANNEL pdg=511 idx=265 br=6e-07 products=311:13:-13
F4_CHANNEL pdg=511 idx=266 br=1e-07 products=311:15:-15
F4_CHANNEL pdg=511 idx=267 br=2e-06 products=311:111:111
F4_CHANNEL pdg=511 idx=268 br=5e-06 products=311:113:111
F4_CHANNEL pdg=511 idx=269 br=2.6e-05 products=311:211:-211
F4_CHANNEL pdg=511 idx=270 br=1e-05 products=311:213:-211
F4_CHANNEL pdg=511 idx=271 br=1e-05 products=311:-213:211
F4_CHANNEL pdg=511 idx=272 br=1e-06 products=311:221:111
F4_CHANNEL pdg=511 idx=273 br=2e-06 products=311:221:113
F4_CHANNEL pdg=511 idx=274 br=1e-06 products=311:221:221
F4_CHANNEL pdg=511 idx=275 br=5e-06 products=311:223:111
F4_CHANNEL pdg=511 idx=276 br=2e-06 products=311:223:221
F4_CHANNEL pdg=511 idx=277 br=2e-06 products=311:311:111
F4_CHANNEL pdg=511 idx=278 br=1e-06 products=311:311:113
F4_CHANNEL pdg=511 idx=279 br=1e-06 products=311:311:221
F4_CHANNEL pdg=511 idx=280 br=1e-06 products=311:311:223
F4_CHANNEL pdg=511 idx=281 br=4.8e-05 products=311:311:311
F4_CHANNEL pdg=511 idx=282 br=1.8e-06 products=313:11:-11
F4_CHANNEL pdg=511 idx=283 br=1.4e-06 products=313:13:-13
F4_CHANNEL pdg=511 idx=284 br=2e-07 products=313:15:-15
F4_CHANNEL pdg=511 idx=285 br=1e-05 products=313:113:111
F4_CHANNEL pdg=511 idx=286 br=1e-05 products=313:211:-211
F4_CHANNEL pdg=511 idx=287 br=1e-05 products=313:213:-211
F4_CHANNEL pdg=511 idx=288 br=1e-05 products=313:-213:211
F4_CHANNEL pdg=511 idx=289 br=5e-06 products=313:221:113
F4_CHANNEL pdg=511 idx=290 br=1e-05 products=313:223:111
F4_CHANNEL pdg=511 idx=291 br=5e-06 products=313:223:221
F4_CHANNEL pdg=511 idx=292 br=1e-06 products=313:311:111
F4_CHANNEL pdg=511 idx=293 br=1e-06 products=313:-313:111
F4_CHANNEL pdg=511 idx=294 br=5e-07 products=313:-313:221
F4_CHANNEL pdg=511 idx=295 br=1e-06 products=-313:311:111
F4_CHANNEL pdg=511 idx=296 br=2e-06 products=321:-211:111
F4_CHANNEL pdg=511 idx=297 br=1e-05 products=321:-213:111
F4_CHANNEL pdg=511 idx=298 br=2e-05 products=321:221:-211
F4_CHANNEL pdg=511 idx=299 br=5e-06 products=321:221:-213
F4_CHANNEL pdg=511 idx=300 br=5e-06 products=321:223:-211
F4_CHANNEL pdg=511 idx=301 br=5e-07 products=321:311:-211
F4_CHANNEL pdg=511 idx=302 br=1e-06 products=321:311:-213
F4_CHANNEL pdg=511 idx=303 br=1e-06 products=321:-313:-211
F4_CHANNEL pdg=511 idx=304 br=1e-06 products=321:-321:111
F4_CHANNEL pdg=511 idx=305 br=1e-06 products=321:-321:113
F4_CHANNEL pdg=511 idx=306 br=1e-06 products=321:-321:221
F4_CHANNEL pdg=511 idx=307 br=1e-06 products=321:-321:223
F4_CHANNEL pdg=511 idx=308 br=1e-05 products=321:-321:313
F4_CHANNEL pdg=511 idx=309 br=5e-07 products=-321:311:211
F4_CHANNEL pdg=511 idx=310 br=1e-06 products=-321:311:213
F4_CHANNEL pdg=511 idx=311 br=1e-06 products=-321:313:211
F4_CHANNEL pdg=511 idx=312 br=1e-05 products=323:-211:111
F4_CHANNEL pdg=511 idx=313 br=1e-05 products=323:-211:113
F4_CHANNEL pdg=511 idx=314 br=1e-05 products=323:-213:111
F4_CHANNEL pdg=511 idx=315 br=5e-06 products=323:221:-211
F4_CHANNEL pdg=511 idx=316 br=5e-06 products=323:221:-213
F4_CHANNEL pdg=511 idx=317 br=1e-05 products=323:223:-211
F4_CHANNEL pdg=511 idx=318 br=1e-06 products=323:311:-211
F4_CHANNEL pdg=511 idx=319 br=1e-06 products=323:-313:-211
F4_CHANNEL pdg=511 idx=320 br=1e-06 products=323:-321:111
F4_CHANNEL pdg=511 idx=321 br=1e-05 products=323:-321:311
F4_CHANNEL pdg=511 idx=322 br=1e-06 products=323:-323:111
F4_CHANNEL pdg=511 idx=323 br=5e-07 products=323:-323:221
F4_CHANNEL pdg=511 idx=324 br=1e-06 products=-323:311:211
F4_CHANNEL pdg=511 idx=325 br=1e-06 products=-323:313:211
F4_CHANNEL pdg=511 idx=326 br=1e-06 products=-323:321:111
F4_CHANNEL pdg=511 idx=327 br=1e-05 products=-323:321:311
F4_CHANNEL pdg=511 idx=328 br=1e-06 products=331:111:111
F4_CHANNEL pdg=511 idx=329 br=2e-07 products=331:113:111
F4_CHANNEL pdg=511 idx=330 br=2e-06 products=331:113:113
F4_CHANNEL pdg=511 idx=331 br=1e-06 products=331:211:-211
F4_CHANNEL pdg=511 idx=332 br=2e-06 products=331:213:-213
F4_CHANNEL pdg=511 idx=333 br=1e-06 products=331:221:111
F4_CHANNEL pdg=511 idx=334 br=1e-07 products=331:221:113
F4_CHANNEL pdg=511 idx=335 br=2e-07 products=331:223:111
F4_CHANNEL pdg=511 idx=336 br=2e-06 products=331:223:113
F4_CHANNEL pdg=511 idx=337 br=1e-07 products=331:223:221
F4_CHANNEL pdg=511 idx=338 br=1e-06 products=331:311:111
F4_CHANNEL pdg=511 idx=339 br=1e-06 products=331:311:113
F4_CHANNEL pdg=511 idx=340 br=1e-06 products=331:311:221
F4_CHANNEL pdg=511 idx=341 br=1e-06 products=331:311:223
F4_CHANNEL pdg=511 idx=342 br=1e-06 products=331:311:311
F4_CHANNEL pdg=511 idx=343 br=2e-06 products=331:313:113
F4_CHANNEL pdg=511 idx=344 br=2e-06 products=331:313:223
F4_CHANNEL pdg=511 idx=345 br=2e-07 products=331:313:-313
F4_CHANNEL pdg=511 idx=346 br=1e-06 products=331:321:-211
F4_CHANNEL pdg=511 idx=347 br=2e-06 products=331:321:-213
F4_CHANNEL pdg=511 idx=348 br=1e-06 products=331:321:-321
F4_CHANNEL pdg=511 idx=349 br=2e-06 products=331:323:-211
F4_CHANNEL pdg=511 idx=350 br=2e-06 products=331:323:-213
F4_CHANNEL pdg=511 idx=351 br=2e-07 products=331:323:-323
F4_CHANNEL pdg=511 idx=352 br=1e-06 products=331:331:311
F4_CHANNEL pdg=511 idx=353 br=1e-06 products=333:113:111
F4_CHANNEL pdg=511 idx=354 br=1e-07 products=333:211:-211
F4_CHANNEL pdg=511 idx=355 br=1e-06 products=333:213:-211
F4_CHANNEL pdg=511 idx=356 br=1e-06 products=333:-213:211
F4_CHANNEL pdg=511 idx=357 br=5e-07 products=333:221:113
F4_CHANNEL pdg=511 idx=358 br=1e-06 products=333:223:111
F4_CHANNEL pdg=511 idx=359 br=1e-05 products=333:311:111
F4_CHANNEL pdg=511 idx=360 br=1e-05 products=333:311:113
F4_CHANNEL pdg=511 idx=361 br=1e-05 products=333:311:223
F4_CHANNEL pdg=511 idx=362 br=1e-07 products=333:311:311
F4_CHANNEL pdg=511 idx=363 br=1e-05 products=333:313:111
F4_CHANNEL pdg=511 idx=364 br=5e-06 products=333:313:221
F4_CHANNEL pdg=511 idx=365 br=1e-05 products=333:321:-211
F4_CHANNEL pdg=511 idx=366 br=1e-05 products=333:321:-213
F4_CHANNEL pdg=511 idx=367 br=1e-07 products=333:321:-321
F4_CHANNEL pdg=511 idx=368 br=1e-05 products=333:323:-211
F4_CHANNEL pdg=511 idx=369 br=2e-07 products=333:331:113
F4_CHANNEL pdg=511 idx=370 br=2e-06 products=333:331:313
F4_CHANNEL pdg=511 idx=371 br=1e-07 products=333:333:111
F4_CHANNEL pdg=511 idx=372 br=3e-06 products=333:333:311
F4_CHANNEL pdg=511 idx=373 br=3e-06 products=333:333:313
F4_CHANNEL pdg=511 idx=374 br=0.0015 products=411:-411:311
F4_CHANNEL pdg=511 idx=375 br=0.0025 products=411:-411:313
F4_CHANNEL pdg=511 idx=376 br=0.0005 products=-411:211:111
F4_CHANNEL pdg=511 idx=377 br=0.0011 products=-411:211:113
F4_CHANNEL pdg=511 idx=378 br=0.0011 products=-411:213:111
F4_CHANNEL pdg=511 idx=379 br=0.0047 products=413:-411:311
F4_CHANNEL pdg=511 idx=380 br=0.0025 products=413:-411:313
F4_CHANNEL pdg=511 idx=381 br=0.007 products=413:-413:311
F4_CHANNEL pdg=511 idx=382 br=0.005 products=413:-413:313
F4_CHANNEL pdg=511 idx=383 br=0.0008 products=-413:211:111
F4_CHANNEL pdg=511 idx=384 br=0.001 products=-413:211:113
F4_CHANNEL pdg=511 idx=385 br=0.001 products=-413:213:111
F4_CHANNEL pdg=511 idx=386 br=0.0018 products=-413:411:311
F4_CHANNEL pdg=511 idx=387 br=0.0025 products=-413:411:313
F4_CHANNEL pdg=511 idx=388 br=0.0017 products=421:-411:321
F4_CHANNEL pdg=511 idx=389 br=0.0025 products=421:-411:323
F4_CHANNEL pdg=511 idx=390 br=0.0031 products=421:-413:321
F4_CHANNEL pdg=511 idx=391 br=0.0025 products=421:-413:323
F4_CHANNEL pdg=511 idx=392 br=0.0005 products=421:-421:311
F4_CHANNEL pdg=511 idx=393 br=0.0005 products=421:-421:313
F4_CHANNEL pdg=511 idx=394 br=0.0005 products=-421:211:-211
F4_CHANNEL pdg=511 idx=395 br=0.0049 products=423:-411:321
F4_CHANNEL pdg=511 idx=396 br=0.0025 products=423:-411:323
F4_CHANNEL pdg=511 idx=397 br=0.01 products=423:-413:321
F4_CHANNEL pdg=511 idx=398 br=0.005 products=423:-413:323
F4_CHANNEL pdg=511 idx=399 br=0.0005 products=423:-421:313
F4_CHANNEL pdg=511 idx=400 br=0.0015 products=423:-423:311
F4_CHANNEL pdg=511 idx=401 br=0.001 products=423:-423:313
F4_CHANNEL pdg=511 idx=402 br=0.0005 products=-423:111:111
F4_CHANNEL pdg=511 idx=403 br=0.0003 products=-423:211:-211
F4_CHANNEL pdg=511 idx=404 br=0.0005 products=-423:421:313
F4_CHANNEL pdg=511 idx=405 br=0.0018 products=431:-411:111
F4_CHANNEL pdg=511 idx=406 br=0.0037 products=431:-421:-211
F4_CHANNEL pdg=511 idx=407 br=0.0018 products=433:-411:111
F4_CHANNEL pdg=511 idx=408 br=0.0037 products=433:-421:-211
F4_CHANNEL pdg=511 idx=409 br=0.0001 products=441:311:111
F4_CHANNEL pdg=511 idx=410 br=0.0002 products=441:321:-211
F4_CHANNEL pdg=511 idx=411 br=0.0001 products=443:311:111
F4_CHANNEL pdg=511 idx=412 br=0.0002 products=443:321:-211
F4_CHANNEL pdg=511 idx=413 br=9e-05 products=443:333:311
F4_CHANNEL pdg=511 idx=414 br=0.0001 products=445:311:111
F4_CHANNEL pdg=511 idx=415 br=0.0002 products=445:321:-211
F4_CHANNEL pdg=511 idx=416 br=1e-05 products=10311:111:111
F4_CHANNEL pdg=511 idx=417 br=1e-05 products=10311:113:111
F4_CHANNEL pdg=511 idx=418 br=1e-05 products=10311:211:-211
F4_CHANNEL pdg=511 idx=419 br=1e-05 products=10311:213:-211
F4_CHANNEL pdg=511 idx=420 br=1e-05 products=10311:-213:211
F4_CHANNEL pdg=511 idx=421 br=5e-06 products=10311:221:113
F4_CHANNEL pdg=511 idx=422 br=1e-05 products=10311:321:-321
F4_CHANNEL pdg=511 idx=423 br=2e-06 products=10311:331:113
F4_CHANNEL pdg=511 idx=424 br=1e-05 products=10311:333:111
F4_CHANNEL pdg=511 idx=425 br=1e-05 products=10321:-211:111
F4_CHANNEL pdg=511 idx=426 br=1e-05 products=10321:-211:113
F4_CHANNEL pdg=511 idx=427 br=1e-05 products=10321:-213:111
F4_CHANNEL pdg=511 idx=428 br=5e-06 products=10321:221:-213
F4_CHANNEL pdg=511 idx=429 br=1e-05 products=10321:-321:311
F4_CHANNEL pdg=511 idx=430 br=2e-06 products=10321:331:-213
F4_CHANNEL pdg=511 idx=431 br=1e-05 products=10321:333:-211
F4_CHANNEL pdg=511 idx=432 br=1e-05 products=-10321:321:311
F4_CHANNEL pdg=511 idx=433 br=0.0001 products=10441:311:111
F4_CHANNEL pdg=511 idx=434 br=0.0002 products=10441:321:-211
F4_CHANNEL pdg=511 idx=435 br=1e-05 products=20113:111:111
F4_CHANNEL pdg=511 idx=436 br=1e-05 products=20113:211:-211
F4_CHANNEL pdg=511 idx=437 br=5e-06 products=20113:221:111
F4_CHANNEL pdg=511 idx=438 br=1e-05 products=20113:311:111
F4_CHANNEL pdg=511 idx=439 br=1e-05 products=20113:321:-211
F4_CHANNEL pdg=511 idx=440 br=2e-06 products=20113:331:111
F4_CHANNEL pdg=511 idx=441 br=1e-05 products=20213:-211:111
F4_CHANNEL pdg=511 idx=442 br=5e-06 products=20213:221:-211
F4_CHANNEL pdg=511 idx=443 br=1e-05 products=20213:311:-211
F4_CHANNEL pdg=511 idx=444 br=2e-06 products=20213:331:-211
F4_CHANNEL pdg=511 idx=445 br=1e-05 products=-20213:211:111
F4_CHANNEL pdg=511 idx=446 br=5e-06 products=-20213:221:211
F4_CHANNEL pdg=511 idx=447 br=1e-05 products=-20213:311:211
F4_CHANNEL pdg=511 idx=448 br=1e-05 products=-20213:321:111
F4_CHANNEL pdg=511 idx=449 br=2e-06 products=-20213:331:211
F4_CHANNEL pdg=511 idx=450 br=2e-06 products=20313:321:-321
F4_CHANNEL pdg=511 idx=451 br=2e-06 products=20313:333:111
F4_CHANNEL pdg=511 idx=452 br=1e-06 products=20313:333:221
F4_CHANNEL pdg=511 idx=453 br=1e-06 products=20313:333:331
F4_CHANNEL pdg=511 idx=454 br=2e-06 products=20323:333:-211
F4_CHANNEL pdg=511 idx=455 br=0.0002 products=20443:311:111
F4_CHANNEL pdg=511 idx=456 br=0.0004 products=20443:321:-211
F4_CHANNEL pdg=511 idx=457 br=0.00014 products=30443:311:111
F4_CHANNEL pdg=511 idx=458 br=0.00014 products=30443:321:-211
F4_CHANNEL pdg=511 idx=459 br=5e-05 products=100441:311:111
F4_CHANNEL pdg=511 idx=460 br=8e-05 products=100441:321:-211
F4_CHANNEL pdg=511 idx=461 br=0.0002 products=100443:311:111
F4_CHANNEL pdg=511 idx=462 br=0.0004 products=100443:321:-211
F4_CHANNEL pdg=511 idx=463 br=1e-06 products=9000111:111:111
F4_CHANNEL pdg=511 idx=464 br=1e-05 products=9000111:113:111
F4_CHANNEL pdg=511 idx=465 br=1e-05 products=9000111:213:-211
F4_CHANNEL pdg=511 idx=466 br=1e-05 products=9000111:-213:211
F4_CHANNEL pdg=511 idx=467 br=5e-06 products=9000111:221:113
F4_CHANNEL pdg=511 idx=468 br=5e-06 products=9000111:313:111
F4_CHANNEL pdg=511 idx=469 br=2e-06 products=9000111:313:221
F4_CHANNEL pdg=511 idx=470 br=5e-06 products=9000111:323:-211
F4_CHANNEL pdg=511 idx=471 br=2e-06 products=9000111:331:113
F4_CHANNEL pdg=511 idx=472 br=1e-06 products=9000111:331:313
F4_CHANNEL pdg=511 idx=473 br=1e-06 products=9000211:-211:111
F4_CHANNEL pdg=511 idx=474 br=1e-05 products=9000211:-211:113
F4_CHANNEL pdg=511 idx=475 br=1e-05 products=9000211:-213:111
F4_CHANNEL pdg=511 idx=476 br=5e-06 products=9000211:221:-213
F4_CHANNEL pdg=511 idx=477 br=2e-06 products=9000211:331:-213
F4_CHANNEL pdg=511 idx=478 br=1e-06 products=-9000211:211:111
F4_CHANNEL pdg=511 idx=479 br=1e-05 products=-9000211:211:113
F4_CHANNEL pdg=511 idx=480 br=1e-05 products=-9000211:213:111
F4_CHANNEL pdg=511 idx=481 br=5e-06 products=-9000211:221:213
F4_CHANNEL pdg=511 idx=482 br=5e-06 products=-9000211:323:111
F4_CHANNEL pdg=511 idx=483 br=2e-06 products=-9000211:323:221
F4_CHANNEL pdg=511 idx=484 br=2e-06 products=-9000211:331:213
F4_CHANNEL pdg=511 idx=485 br=1e-06 products=-9000211:331:323
F4_CHANNEL pdg=511 idx=486 br=1e-06 products=9010221:111:111
F4_CHANNEL pdg=511 idx=487 br=1e-05 products=9010221:113:111
F4_CHANNEL pdg=511 idx=488 br=1e-06 products=9010221:211:-211
F4_CHANNEL pdg=511 idx=489 br=1e-05 products=9010221:213:-211
F4_CHANNEL pdg=511 idx=490 br=1e-05 products=9010221:-213:211
F4_CHANNEL pdg=511 idx=491 br=5e-06 products=9010221:221:113
F4_CHANNEL pdg=511 idx=492 br=1e-05 products=9010221:223:111
F4_CHANNEL pdg=511 idx=493 br=1e-05 products=9010221:313:111
F4_CHANNEL pdg=511 idx=494 br=5e-06 products=9010221:313:221
F4_CHANNEL pdg=511 idx=495 br=1e-05 products=9010221:323:-211
F4_CHANNEL pdg=511 idx=496 br=2e-06 products=9010221:331:113
F4_CHANNEL pdg=511 idx=497 br=2e-06 products=9010221:331:313
F4_CHANNEL pdg=511 idx=498 br=1e-06 products=9010221:333:111
F4_CHANNEL pdg=511 idx=499 br=1e-05 products=9010221:333:311
F4_CHANNEL pdg=511 idx=500 br=2e-06 products=113:111:111:111
F4_CHANNEL pdg=511 idx=501 br=1e-05 products=211:211:-211:-211
F4_CHANNEL pdg=511 idx=502 br=1e-05 products=211:-211:111:111
F4_CHANNEL pdg=511 idx=503 br=2e-06 products=211:-211:113:111
F4_CHANNEL pdg=511 idx=504 br=2e-06 products=213:211:-211:-211
F4_CHANNEL pdg=511 idx=505 br=2e-06 products=213:-211:111:111
F4_CHANNEL pdg=511 idx=506 br=2e-06 products=-213:211:111:111
F4_CHANNEL pdg=511 idx=507 br=2e-06 products=-213:211:211:-211
F4_CHANNEL pdg=511 idx=508 br=1e-06 products=221:113:111:111
F4_CHANNEL pdg=511 idx=509 br=5e-06 products=221:211:-211:111
F4_CHANNEL pdg=511 idx=510 br=1e-06 products=221:211:-211:113
F4_CHANNEL pdg=511 idx=511 br=1e-06 products=221:213:-211:111
F4_CHANNEL pdg=511 idx=512 br=1e-06 products=221:-213:211:111
F4_CHANNEL pdg=511 idx=513 br=2e-06 products=221:221:211:-211
F4_CHANNEL pdg=511 idx=514 br=2e-06 products=223:111:111:111
F4_CHANNEL pdg=511 idx=515 br=2e-06 products=223:211:-211:111
F4_CHANNEL pdg=511 idx=516 br=1e-06 products=223:221:111:111
F4_CHANNEL pdg=511 idx=517 br=1e-06 products=223:221:211:-211
F4_CHANNEL pdg=511 idx=518 br=1e-05 products=311:111:111:111
F4_CHANNEL pdg=511 idx=519 br=1e-05 products=311:113:111:111
F4_CHANNEL pdg=511 idx=520 br=1e-05 products=311:211:-211:111
F4_CHANNEL pdg=511 idx=521 br=1e-05 products=311:211:-211:113
F4_CHANNEL pdg=511 idx=522 br=1e-05 products=311:213:-211:111
F4_CHANNEL pdg=511 idx=523 br=1e-05 products=311:-213:211:111
F4_CHANNEL pdg=511 idx=524 br=5e-06 products=311:221:111:111
F4_CHANNEL pdg=511 idx=525 br=5e-06 products=311:221:113:111
F4_CHANNEL pdg=511 idx=526 br=5e-06 products=311:221:211:-211
F4_CHANNEL pdg=511 idx=527 br=5e-06 products=311:221:213:-211
F4_CHANNEL pdg=511 idx=528 br=5e-06 products=311:221:-213:211
F4_CHANNEL pdg=511 idx=529 br=2e-06 products=311:221:221:111
F4_CHANNEL pdg=511 idx=530 br=1e-05 products=311:223:111:111
F4_CHANNEL pdg=511 idx=531 br=1e-05 products=311:223:211:-211
F4_CHANNEL pdg=511 idx=532 br=5e-06 products=311:223:221:111
F4_CHANNEL pdg=511 idx=533 br=1e-06 products=311:311:111:111
F4_CHANNEL pdg=511 idx=534 br=1e-06 products=311:311:113:111
F4_CHANNEL pdg=511 idx=535 br=1e-06 products=311:311:211:-211
F4_CHANNEL pdg=511 idx=536 br=1e-06 products=311:311:213:-211
F4_CHANNEL pdg=511 idx=537 br=1e-06 products=311:311:-213:211
F4_CHANNEL pdg=511 idx=538 br=5e-07 products=311:311:221:111
F4_CHANNEL pdg=511 idx=539 br=5e-07 products=311:311:221:113
F4_CHANNEL pdg=511 idx=540 br=2e-07 products=311:311:221:221
F4_CHANNEL pdg=511 idx=541 br=1e-06 products=311:311:223:111
F4_CHANNEL pdg=511 idx=542 br=1e-05 products=311:311:311:111
F4_CHANNEL pdg=511 idx=543 br=5e-06 products=311:311:311:221
F4_CHANNEL pdg=511 idx=544 br=1e-07 products=311:311:311:311
F4_CHANNEL pdg=511 idx=545 br=1e-05 products=313:111:111:111
F4_CHANNEL pdg=511 idx=546 br=1e-05 products=313:211:-211:111
F4_CHANNEL pdg=511 idx=547 br=5e-06 products=313:221:111:111
F4_CHANNEL pdg=511 idx=548 br=5e-06 products=313:221:211:-211
F4_CHANNEL pdg=511 idx=549 br=1e-06 products=313:311:111:111
F4_CHANNEL pdg=511 idx=550 br=1e-06 products=313:311:211:-211
F4_CHANNEL pdg=511 idx=551 br=5e-07 products=313:311:221:111
F4_CHANNEL pdg=511 idx=552 br=1e-06 products=-313:311:111:111
F4_CHANNEL pdg=511 idx=553 br=1e-06 products=-313:311:211:-211
F4_CHANNEL pdg=511 idx=554 br=5e-07 products=-313:311:221:111
F4_CHANNEL pdg=511 idx=555 br=1e-05 products=321:211:-211:-211
F4_CHANNEL pdg=511 idx=556 br=1e-05 products=321:-211:111:111
F4_CHANNEL pdg=511 idx=557 br=1e-05 products=321:-211:113:111
F4_CHANNEL pdg=511 idx=558 br=1e-05 products=321:213:-211:-211
F4_CHANNEL pdg=511 idx=559 br=1e-05 products=321:-213:111:111
F4_CHANNEL pdg=511 idx=560 br=1e-05 products=321:-213:211:-211
F4_CHANNEL pdg=511 idx=561 br=5e-06 products=321:221:-211:111
F4_CHANNEL pdg=511 idx=562 br=5e-06 products=321:221:-211:113
F4_CHANNEL pdg=511 idx=563 br=5e-06 products=321:221:-213:111
F4_CHANNEL pdg=511 idx=564 br=2e-06 products=321:221:221:-211
F4_CHANNEL pdg=511 idx=565 br=1e-05 products=321:223:-211:111
F4_CHANNEL pdg=511 idx=566 br=5e-06 products=321:223:221:-211
F4_CHANNEL pdg=511 idx=567 br=1e-06 products=321:311:-211:113
F4_CHANNEL pdg=511 idx=568 br=1e-06 products=321:311:-213:111
F4_CHANNEL pdg=511 idx=569 br=5e-07 products=321:311:221:-213
F4_CHANNEL pdg=511 idx=570 br=1e-06 products=321:311:223:-211
F4_CHANNEL pdg=511 idx=571 br=1e-05 products=321:313:311:-211
F4_CHANNEL pdg=511 idx=572 br=1e-06 products=321:-313:-211:111
F4_CHANNEL pdg=511 idx=573 br=5e-07 products=321:-313:221:-211
F4_CHANNEL pdg=511 idx=574 br=1e-05 products=321:-313:311:-211
F4_CHANNEL pdg=511 idx=575 br=1e-05 products=321:321:-321:-211
F4_CHANNEL pdg=511 idx=576 br=1e-05 products=321:321:-321:-213
F4_CHANNEL pdg=511 idx=577 br=1e-07 products=321:321:-321:-321
F4_CHANNEL pdg=511 idx=578 br=1e-06 products=321:-321:111:111
F4_CHANNEL pdg=511 idx=579 br=1e-06 products=321:-321:113:111
F4_CHANNEL pdg=511 idx=580 br=1e-06 products=321:-321:211:-211
F4_CHANNEL pdg=511 idx=581 br=1e-06 products=321:-321:213:-211
F4_CHANNEL pdg=511 idx=582 br=1e-06 products=321:-321:-213:211
F4_CHANNEL pdg=511 idx=583 br=5e-07 products=321:-321:221:111
F4_CHANNEL pdg=511 idx=584 br=5e-07 products=321:-321:221:113
F4_CHANNEL pdg=511 idx=585 br=2e-07 products=321:-321:221:221
F4_CHANNEL pdg=511 idx=586 br=1e-06 products=321:-321:223:111
F4_CHANNEL pdg=511 idx=587 br=5e-07 products=321:-321:223:221
F4_CHANNEL pdg=511 idx=588 br=1e-05 products=321:-321:311:111
F4_CHANNEL pdg=511 idx=589 br=1e-05 products=321:-321:311:113
F4_CHANNEL pdg=511 idx=590 br=5e-06 products=321:-321:311:221
F4_CHANNEL pdg=511 idx=591 br=1e-05 products=321:-321:311:223
F4_CHANNEL pdg=511 idx=592 br=1e-07 products=321:-321:311:311
F4_CHANNEL pdg=511 idx=593 br=1e-06 products=-321:311:211:113
F4_CHANNEL pdg=511 idx=594 br=1e-06 products=-321:311:213:111
F4_CHANNEL pdg=511 idx=595 br=5e-07 products=-321:311:221:213
F4_CHANNEL pdg=511 idx=596 br=1e-06 products=-321:311:223:211
F4_CHANNEL pdg=511 idx=597 br=1e-06 products=-321:313:211:111
F4_CHANNEL pdg=511 idx=598 br=5e-07 products=-321:313:221:211
F4_CHANNEL pdg=511 idx=599 br=1e-05 products=323:211:-211:-211
F4_CHANNEL pdg=511 idx=600 br=1e-05 products=323:-211:111:111
F4_CHANNEL pdg=511 idx=601 br=5e-06 products=323:221:-211:111
F4_CHANNEL pdg=511 idx=602 br=1e-06 products=323:311:-211:111
F4_CHANNEL pdg=511 idx=603 br=5e-07 products=323:311:221:-211
F4_CHANNEL pdg=511 idx=604 br=1e-05 products=323:311:311:-211
F4_CHANNEL pdg=511 idx=605 br=1e-05 products=323:321:-321:-211
F4_CHANNEL pdg=511 idx=606 br=1e-06 products=323:-321:111:111
F4_CHANNEL pdg=511 idx=607 br=1e-06 products=323:-321:211:-211
F4_CHANNEL pdg=511 idx=608 br=5e-07 products=323:-321:221:111
F4_CHANNEL pdg=511 idx=609 br=1e-06 products=-323:311:211:111
F4_CHANNEL pdg=511 idx=610 br=5e-07 products=-323:311:221:211
F4_CHANNEL pdg=511 idx=611 br=1e-06 products=-323:321:111:111
F4_CHANNEL pdg=511 idx=612 br=1e-06 products=-323:321:211:-211
F4_CHANNEL pdg=511 idx=613 br=5e-07 products=-323:321:221:111
F4_CHANNEL pdg=511 idx=614 br=1e-05 products=-323:321:321:-211
F4_CHANNEL pdg=511 idx=615 br=1e-06 products=331:113:111:111
F4_CHANNEL pdg=511 idx=616 br=2e-06 products=331:211:-211:111
F4_CHANNEL pdg=511 idx=617 br=1e-06 products=331:211:-211:113
F4_CHANNEL pdg=511 idx=618 br=1e-06 products=331:213:-211:111
F4_CHANNEL pdg=511 idx=619 br=1e-06 products=331:-213:211:111
F4_CHANNEL pdg=511 idx=620 br=1e-06 products=331:221:211:-211
F4_CHANNEL pdg=511 idx=621 br=1e-06 products=331:223:111:111
F4_CHANNEL pdg=511 idx=622 br=1e-06 products=331:223:211:-211
F4_CHANNEL pdg=511 idx=623 br=2e-06 products=331:311:111:111
F4_CHANNEL pdg=511 idx=624 br=2e-06 products=331:311:113:111
F4_CHANNEL pdg=511 idx=625 br=2e-06 products=331:311:213:-211
F4_CHANNEL pdg=511 idx=626 br=2e-06 products=331:311:-213:211
F4_CHANNEL pdg=511 idx=627 br=1e-06 products=331:311:221:111
F4_CHANNEL pdg=511 idx=628 br=2e-06 products=331:311:223:111
F4_CHANNEL pdg=511 idx=629 br=2e-07 products=331:311:311:111
F4_CHANNEL pdg=511 idx=630 br=2e-07 products=331:311:311:113
F4_CHANNEL pdg=511 idx=631 br=1e-07 products=331:311:311:221
F4_CHANNEL pdg=511 idx=632 br=2e-06 products=331:313:111:111
F4_CHANNEL pdg=511 idx=633 br=2e-06 products=331:313:211:-211
F4_CHANNEL pdg=511 idx=634 br=2e-07 products=331:313:311:111
F4_CHANNEL pdg=511 idx=635 br=2e-07 products=331:-313:311:111
F4_CHANNEL pdg=511 idx=636 br=2e-06 products=331:321:-211:111
F4_CHANNEL pdg=511 idx=637 br=2e-06 products=331:321:-211:113
F4_CHANNEL pdg=511 idx=638 br=2e-06 products=331:321:-213:111
F4_CHANNEL pdg=511 idx=639 br=1e-06 products=331:321:221:-211
F4_CHANNEL pdg=511 idx=640 br=2e-06 products=331:321:223:-211
F4_CHANNEL pdg=511 idx=641 br=2e-07 products=331:321:311:-213
F4_CHANNEL pdg=511 idx=642 br=2e-07 products=331:321:-313:-211
F4_CHANNEL pdg=511 idx=643 br=2e-07 products=331:321:-321:111
F4_CHANNEL pdg=511 idx=644 br=2e-07 products=331:321:-321:113
F4_CHANNEL pdg=511 idx=645 br=1e-07 products=331:321:-321:221
F4_CHANNEL pdg=511 idx=646 br=2e-07 products=331:321:-321:223
F4_CHANNEL pdg=511 idx=647 br=2e-07 products=331:-321:311:213
F4_CHANNEL pdg=511 idx=648 br=2e-07 products=331:-321:313:211
F4_CHANNEL pdg=511 idx=649 br=2e-06 products=331:323:-211:111
F4_CHANNEL pdg=511 idx=650 br=2e-07 products=331:323:311:-211
F4_CHANNEL pdg=511 idx=651 br=2e-07 products=331:323:-321:111
F4_CHANNEL pdg=511 idx=652 br=2e-07 products=331:-323:311:211
F4_CHANNEL pdg=511 idx=653 br=2e-07 products=331:-323:321:111
F4_CHANNEL pdg=511 idx=654 br=1e-06 products=333:111:111:111
F4_CHANNEL pdg=511 idx=655 br=1e-06 products=333:211:-211:111
F4_CHANNEL pdg=511 idx=656 br=5e-07 products=333:221:111:111
F4_CHANNEL pdg=511 idx=657 br=5e-07 products=333:221:211:-211
F4_CHANNEL pdg=511 idx=658 br=1e-05 products=333:311:111:111
F4_CHANNEL pdg=511 idx=659 br=1e-05 products=333:311:211:-211
F4_CHANNEL pdg=511 idx=660 br=5e-06 products=333:311:221:111
F4_CHANNEL pdg=511 idx=661 br=1e-07 products=333:311:311:111
F4_CHANNEL pdg=511 idx=662 br=1e-06 products=333:311:311:311
F4_CHANNEL pdg=511 idx=663 br=1e-06 products=333:313:311:311
F4_CHANNEL pdg=511 idx=664 br=1e-06 products=333:-313:311:311
F4_CHANNEL pdg=511 idx=665 br=1e-05 products=333:321:-211:111
F4_CHANNEL pdg=511 idx=666 br=5e-06 products=333:321:221:-211
F4_CHANNEL pdg=511 idx=667 br=1e-07 products=333:321:311:-211
F4_CHANNEL pdg=511 idx=668 br=1e-07 products=333:321:-321:111
F4_CHANNEL pdg=511 idx=669 br=1e-06 products=333:321:-321:311
F4_CHANNEL pdg=511 idx=670 br=1e-06 products=333:321:-321:313
F4_CHANNEL pdg=511 idx=671 br=1e-07 products=333:-321:311:211
F4_CHANNEL pdg=511 idx=672 br=1e-06 products=333:-323:321:311
F4_CHANNEL pdg=511 idx=673 br=2e-07 products=333:331:111:111
F4_CHANNEL pdg=511 idx=674 br=2e-07 products=333:331:211:-211
F4_CHANNEL pdg=511 idx=675 br=2e-06 products=333:331:311:111
F4_CHANNEL pdg=511 idx=676 br=2e-06 products=333:331:321:-211
F4_CHANNEL pdg=511 idx=677 br=0.001 products=-411:211:111:111
F4_CHANNEL pdg=511 idx=678 br=0.0022 products=-411:211:211:-211
F4_CHANNEL pdg=511 idx=679 br=0.001 products=-413:211:111:111
F4_CHANNEL pdg=511 idx=680 br=0.0001 products=-421:111:111:111
F4_CHANNEL pdg=511 idx=681 br=0.001 products=-421:211:-211:111
F4_CHANNEL pdg=511 idx=682 br=0.0001 products=-423:111:111:111
F4_CHANNEL pdg=511 idx=683 br=0.001 products=-423:211:-211:111
F4_CHANNEL pdg=511 idx=684 br=0.0022 products=431:-411:111:111
F4_CHANNEL pdg=511 idx=685 br=0.003 products=431:-411:211:-211
F4_CHANNEL pdg=511 idx=686 br=0.0022 products=431:-421:-211:111
F4_CHANNEL pdg=511 idx=687 br=0.0022 products=433:-411:111:111
F4_CHANNEL pdg=511 idx=688 br=0.003 products=433:-411:211:-211
F4_CHANNEL pdg=511 idx=689 br=0.0022 products=433:-421:-211:111
F4_CHANNEL pdg=511 idx=690 br=0.0001 products=441:311:111:111
F4_CHANNEL pdg=511 idx=691 br=0.0002 products=441:311:211:-211
F4_CHANNEL pdg=511 idx=692 br=0.0001 products=441:321:-211:111
F4_CHANNEL pdg=511 idx=693 br=0.0001 products=445:311:111:111
F4_CHANNEL pdg=511 idx=694 br=0.0002 products=445:311:211:-211
F4_CHANNEL pdg=511 idx=695 br=0.0001 products=445:321:-211:111
F4_CHANNEL pdg=511 idx=696 br=1e-05 products=10311:111:111:111
F4_CHANNEL pdg=511 idx=697 br=1e-05 products=10311:211:-211:111
F4_CHANNEL pdg=511 idx=698 br=5e-06 products=10311:221:111:111
F4_CHANNEL pdg=511 idx=699 br=5e-06 products=10311:221:211:-211
F4_CHANNEL pdg=511 idx=700 br=1e-05 products=10311:311:311:111
F4_CHANNEL pdg=511 idx=701 br=5e-06 products=10311:311:311:221
F4_CHANNEL pdg=511 idx=702 br=1e-05 products=10311:321:311:-211
F4_CHANNEL pdg=511 idx=703 br=1e-05 products=10311:321:-321:111
F4_CHANNEL pdg=511 idx=704 br=5e-06 products=10311:321:-321:221
F4_CHANNEL pdg=511 idx=705 br=5e-06 products=10311:331:111:111
F4_CHANNEL pdg=511 idx=706 br=2e-06 products=10311:331:211:-211
F4_CHANNEL pdg=511 idx=707 br=2e-06 products=10311:331:311:311
F4_CHANNEL pdg=511 idx=708 br=2e-06 products=10311:331:321:-321
F4_CHANNEL pdg=511 idx=709 br=1e-05 products=-10311:311:311:111
F4_CHANNEL pdg=511 idx=710 br=5e-06 products=-10311:311:311:221
F4_CHANNEL pdg=511 idx=711 br=1e-05 products=-10311:321:311:-211
F4_CHANNEL pdg=511 idx=712 br=2e-06 products=-10311:331:311:311
F4_CHANNEL pdg=511 idx=713 br=1e-05 products=10321:211:-211:-211
F4_CHANNEL pdg=511 idx=714 br=1e-05 products=10321:-211:111:111
F4_CHANNEL pdg=511 idx=715 br=5e-06 products=10321:221:-211:111
F4_CHANNEL pdg=511 idx=716 br=1e-05 products=10321:311:311:-211
F4_CHANNEL pdg=511 idx=717 br=1e-05 products=10321:321:-321:-211
F4_CHANNEL pdg=511 idx=718 br=2e-06 products=10321:331:-211:111
F4_CHANNEL pdg=511 idx=719 br=1e-05 products=-10321:321:321:-211
F4_CHANNEL pdg=511 idx=720 br=0.0001 products=10441:311:111:111
F4_CHANNEL pdg=511 idx=721 br=0.0002 products=10441:311:211:-211
F4_CHANNEL pdg=511 idx=722 br=0.0001 products=10441:321:-211:111
F4_CHANNEL pdg=511 idx=723 br=2e-06 products=20313:311:311:111
F4_CHANNEL pdg=511 idx=724 br=1e-06 products=20313:311:311:221
F4_CHANNEL pdg=511 idx=725 br=2e-06 products=20313:321:-321:111
F4_CHANNEL pdg=511 idx=726 br=1e-06 products=20313:321:-321:221
F4_CHANNEL pdg=511 idx=727 br=1e-06 products=20313:331:311:311
F4_CHANNEL pdg=511 idx=728 br=1e-06 products=20313:331:321:-321
F4_CHANNEL pdg=511 idx=729 br=2e-06 products=-20313:311:311:111
F4_CHANNEL pdg=511 idx=730 br=1e-06 products=-20313:311:311:221
F4_CHANNEL pdg=511 idx=731 br=1e-06 products=-20313:331:311:311
F4_CHANNEL pdg=511 idx=732 br=2e-06 products=20323:321:-321:-211
F4_CHANNEL pdg=511 idx=733 br=2e-06 products=-20323:321:321:-211
F4_CHANNEL pdg=511 idx=734 br=0.0002 products=20443:311:111:111
F4_CHANNEL pdg=511 idx=735 br=0.0004 products=20443:311:211:-211
F4_CHANNEL pdg=511 idx=736 br=0.0002 products=20443:321:-211:111
F4_CHANNEL pdg=511 idx=737 br=7e-05 products=30443:311:111:111
F4_CHANNEL pdg=511 idx=738 br=0.00014 products=30443:311:211:-211
F4_CHANNEL pdg=511 idx=739 br=7e-05 products=30443:321:-211:111
F4_CHANNEL pdg=511 idx=740 br=5e-05 products=100441:311:111:111
F4_CHANNEL pdg=511 idx=741 br=8e-05 products=100441:311:211:-211
F4_CHANNEL pdg=511 idx=742 br=5e-05 products=100441:321:-211:111
F4_CHANNEL pdg=511 idx=743 br=0.0001 products=100443:311:111:111
F4_CHANNEL pdg=511 idx=744 br=0.0002 products=100443:311:211:-211
F4_CHANNEL pdg=511 idx=745 br=0.0001 products=100443:321:-211:111
F4_CHANNEL pdg=511 idx=746 br=1e-06 products=9000111:111:111:111
F4_CHANNEL pdg=511 idx=747 br=1e-06 products=9000111:211:-211:111
F4_CHANNEL pdg=511 idx=748 br=1e-06 products=9000211:211:-211:-211
F4_CHANNEL pdg=511 idx=749 br=1e-06 products=9000211:-211:111:111
F4_CHANNEL pdg=511 idx=750 br=1e-06 products=-9000211:211:111:111
F4_CHANNEL pdg=511 idx=751 br=1e-06 products=-9000211:211:211:-211
F4_CHANNEL pdg=511 idx=752 br=2e-06 products=9010221:111:111:111
F4_CHANNEL pdg=511 idx=753 br=2e-06 products=9010221:211:-211:111
F4_CHANNEL pdg=511 idx=754 br=1e-06 products=9010221:221:111:111
F4_CHANNEL pdg=511 idx=755 br=1e-06 products=9010221:221:211:-211
F4_CHANNEL pdg=511 idx=756 br=1e-06 products=9010221:311:311:111
F4_CHANNEL pdg=511 idx=757 br=1e-06 products=9010221:321:311:-211
F4_CHANNEL pdg=511 idx=758 br=1e-06 products=9010221:321:-321:111
F4_CHANNEL pdg=511 idx=759 br=1e-05 products=9010221:321:-321:311
F4_CHANNEL pdg=511 idx=760 br=1e-06 products=9010221:-321:311:211
F4_CHANNEL pdg=511 idx=761 br=1e-06 products=9010221:331:111:111
F4_CHANNEL pdg=511 idx=762 br=1e-06 products=9010221:331:211:-211
F4_CHANNEL pdg=511 idx=763 br=5e-07 products=111:111:111:111:111
F4_CHANNEL pdg=511 idx=764 br=1e-06 products=211:211:-211:-211:111
F4_CHANNEL pdg=511 idx=765 br=1e-06 products=211:-211:111:111:111
F4_CHANNEL pdg=511 idx=766 br=2e-07 products=221:111:111:111:111
F4_CHANNEL pdg=511 idx=767 br=5e-07 products=221:211:211:-211:-211
F4_CHANNEL pdg=511 idx=768 br=5e-07 products=221:211:-211:111:111
F4_CHANNEL pdg=511 idx=769 br=2e-06 products=311:111:111:111:111
F4_CHANNEL pdg=511 idx=770 br=2e-06 products=311:211:211:-211:-211
F4_CHANNEL pdg=511 idx=771 br=2e-06 products=311:211:-211:111:111
F4_CHANNEL pdg=511 idx=772 br=1e-06 products=311:221:111:111:111
F4_CHANNEL pdg=511 idx=773 br=1e-06 products=311:221:211:-211:111
F4_CHANNEL pdg=511 idx=774 br=2e-07 products=311:311:111:111:111
F4_CHANNEL pdg=511 idx=775 br=2e-07 products=311:311:211:-211:111
F4_CHANNEL pdg=511 idx=776 br=1e-07 products=311:311:221:111:111
F4_CHANNEL pdg=511 idx=777 br=1e-07 products=311:311:221:211:-211
F4_CHANNEL pdg=511 idx=778 br=1e-05 products=311:311:311:111:111
F4_CHANNEL pdg=511 idx=779 br=1e-05 products=311:311:311:211:-211
F4_CHANNEL pdg=511 idx=780 br=5e-06 products=311:311:311:221:111
F4_CHANNEL pdg=511 idx=781 br=1e-07 products=311:311:311:311:111
F4_CHANNEL pdg=511 idx=782 br=2e-06 products=321:211:-211:-211:111
F4_CHANNEL pdg=511 idx=783 br=2e-06 products=321:-211:111:111:111
F4_CHANNEL pdg=511 idx=784 br=1e-06 products=321:221:211:-211:-211
F4_CHANNEL pdg=511 idx=785 br=1e-06 products=321:221:-211:111:111
F4_CHANNEL pdg=511 idx=786 br=2e-07 products=321:311:211:-211:-211
F4_CHANNEL pdg=511 idx=787 br=2e-07 products=321:311:-211:111:111
F4_CHANNEL pdg=511 idx=788 br=1e-07 products=321:311:221:-211:111
F4_CHANNEL pdg=511 idx=789 br=1e-05 products=321:311:311:-211:111
F4_CHANNEL pdg=511 idx=790 br=5e-06 products=321:311:311:221:-211
F4_CHANNEL pdg=511 idx=791 br=1e-07 products=321:311:311:311:-211
F4_CHANNEL pdg=511 idx=792 br=1e-05 products=321:321:-321:-211:111
F4_CHANNEL pdg=511 idx=793 br=5e-06 products=321:321:-321:221:-211
F4_CHANNEL pdg=511 idx=794 br=1e-07 products=321:321:-321:311:-211
F4_CHANNEL pdg=511 idx=795 br=1e-07 products=321:321:-321:-321:111
F4_CHANNEL pdg=511 idx=796 br=1e-07 products=321:321:-321:-321:311
F4_CHANNEL pdg=511 idx=797 br=2e-07 products=321:-321:111:111:111
F4_CHANNEL pdg=511 idx=798 br=2e-07 products=321:-321:211:-211:111
F4_CHANNEL pdg=511 idx=799 br=1e-07 products=321:-321:221:111:111
F4_CHANNEL pdg=511 idx=800 br=1e-07 products=321:-321:221:211:-211
F4_CHANNEL pdg=511 idx=801 br=1e-05 products=321:-321:311:111:111
F4_CHANNEL pdg=511 idx=802 br=1e-05 products=321:-321:311:211:-211
F4_CHANNEL pdg=511 idx=803 br=5e-06 products=321:-321:311:221:111
F4_CHANNEL pdg=511 idx=804 br=1e-07 products=321:-321:311:311:111
F4_CHANNEL pdg=511 idx=805 br=1e-07 products=321:-321:311:311:311
F4_CHANNEL pdg=511 idx=806 br=1e-07 products=321:-321:-321:311:211
F4_CHANNEL pdg=511 idx=807 br=2e-07 products=-321:311:211:111:111
F4_CHANNEL pdg=511 idx=808 br=2e-07 products=-321:311:211:211:-211
F4_CHANNEL pdg=511 idx=809 br=1e-07 products=-321:311:221:211:111
F4_CHANNEL pdg=511 idx=810 br=1e-07 products=-321:311:311:311:211
F4_CHANNEL pdg=511 idx=811 br=1e-07 products=331:111:111:111:111
F4_CHANNEL pdg=511 idx=812 br=2e-07 products=331:211:211:-211:-211
F4_CHANNEL pdg=511 idx=813 br=2e-07 products=331:211:-211:111:111
F4_CHANNEL pdg=511 idx=814 br=1e-06 products=331:311:111:111:111
F4_CHANNEL pdg=511 idx=815 br=1e-06 products=331:311:211:-211:111
F4_CHANNEL pdg=511 idx=816 br=1e-07 products=331:311:311:111:111
F4_CHANNEL pdg=511 idx=817 br=1e-07 products=331:311:311:211:-211
F4_CHANNEL pdg=511 idx=818 br=2e-06 products=331:311:311:311:111
F4_CHANNEL pdg=511 idx=819 br=1e-06 products=331:321:211:-211:-211
F4_CHANNEL pdg=511 idx=820 br=1e-06 products=331:321:-211:111:111
F4_CHANNEL pdg=511 idx=821 br=1e-07 products=331:321:311:-211:111
F4_CHANNEL pdg=511 idx=822 br=2e-06 products=331:321:311:311:-211
F4_CHANNEL pdg=511 idx=823 br=2e-06 products=331:321:321:-321:-211
F4_CHANNEL pdg=511 idx=824 br=1e-07 products=331:321:-321:111:111
F4_CHANNEL pdg=511 idx=825 br=1e-07 products=331:321:-321:211:-211
F4_CHANNEL pdg=511 idx=826 br=5e-06 products=331:321:-321:311:111
F4_CHANNEL pdg=511 idx=827 br=1e-07 products=331:-321:311:211:111
F4_CHANNEL pdg=511 idx=828 br=1e-07 products=333:311:311:311:111
F4_CHANNEL pdg=511 idx=829 br=1e-07 products=333:321:311:311:-211
F4_CHANNEL pdg=511 idx=830 br=1e-07 products=333:321:321:-321:-211
F4_CHANNEL pdg=511 idx=831 br=1e-07 products=333:321:-321:311:111
F4_CHANNEL pdg=511 idx=832 br=0.005 products=-3:1
F4_CHANNEL pdg=511 idx=833 br=0.011 products=-4101:2101
F4_CHANNEL pdg=511 idx=834 br=0.022 products=-4103:2103
F4_CHANNEL pdg=511 idx=835 br=0.003 products=-4301:2101
F4_CHANNEL pdg=511 idx=836 br=0.006 products=-4303:2103
F4_CHANNEL pdg=511 idx=837 br=7e-05 products=1:-1:-1:1
F4_CHANNEL pdg=511 idx=838 br=0.0018 products=1:-1:-3:1
F4_CHANNEL pdg=511 idx=839 br=0.003 products=2:-1:-2:1
F4_CHANNEL pdg=511 idx=840 br=0.00205 products=2:-2:-1:1
F4_CHANNEL pdg=511 idx=841 br=0.0022 products=2:-2:-3:1
F4_CHANNEL pdg=511 idx=842 br=0.021 products=2:-3:-4:1
F4_CHANNEL pdg=511 idx=843 br=0.018 products=2:-4:-1:1
F4_CHANNEL pdg=511 idx=844 br=0.0009 products=2:-4:-3:1
F4_CHANNEL pdg=511 idx=845 br=9e-05 products=3:-3:-1:1
F4_CHANNEL pdg=511 idx=846 br=0.0015 products=3:-3:-3:1
F4_CHANNEL pdg=511 idx=847 br=0.006 products=4:-1:-4:1
F4_CHANNEL pdg=511 idx=848 br=0.004 products=4:-3:-2:1
F4_CHANNEL pdg=511 idx=849 br=0.074 products=4:-3:-4:1
F4_CHANNEL pdg=511 idx=850 br=0.001892 products=12:-11:1:-2
F4_CHANNEL pdg=511 idx=851 br=0.001892 products=14:-13:1:-2
F4_CHANNEL pdg=511 idx=852 br=0.001291 products=443:313
F4_CHANNEL pdg=511 idx=853 br=5e-05 products=445:130
F4_CHANNEL pdg=511 idx=854 br=5e-05 products=445:310
F4_CHANNEL pdg=511 idx=855 br=1e-05 products=213:-211:113
F4_CHANNEL pdg=511 idx=856 br=1e-05 products=223:213:-211
F4_CHANNEL pdg=511 idx=857 br=6.7e-06 products=313:111:111
F4_CHANNEL pdg=511 idx=858 br=1e-05 products=321:-211:113
F4_CHANNEL pdg=511 idx=859 br=1e-06 products=321:-321:130
F4_CHANNEL pdg=511 idx=860 br=1e-06 products=321:-321:310
F4_CHANNEL pdg=511 idx=861 br=7e-06 products=333:311:221
F4_CHANNEL pdg=511 idx=862 br=0.0005 products=423:-421:311
F4_CHANNEL pdg=511 idx=863 br=0.0015 products=-423:421:311
F4_CHANNEL pdg=511 idx=864 br=5e-06 products=9000211:313:-211
F4_CHANNEL pdg=511 idx=865 br=0.0003118 products=1:-3:22
F4_CHANNEL pdg=511 idx=866 br=5e-06 products=1:-3:11:-11
F4_CHANNEL pdg=511 idx=867 br=2.5e-06 products=1:-3:13:-13
F4_CHANNEL pdg=511 idx=868 br=2e-07 products=1:-3:15:-15
F4_CHANNEL pdg=511 idx=869 br=0.31585 products=2:-1:-4:1
F4_CHANNEL pdg=511 idx=870 br=0.001892 products=12:-11:-2:1
F4_CHANNEL pdg=511 idx=871 br=0.001892 products=14:-13:-2:1
F4_CHANNEL pdg=511 idx=872 br=0.001231 products=443:313
F4_CHANNEL pdg=511 idx=873 br=1e-05 products=445:130
F4_CHANNEL pdg=511 idx=874 br=1e-05 products=445:310
F4_CHANNEL pdg=511 idx=875 br=1e-05 products=-213:211:113
F4_CHANNEL pdg=511 idx=876 br=1e-05 products=223:-213:211
F4_CHANNEL pdg=511 idx=877 br=6.7e-06 products=-313:111:111
F4_CHANNEL pdg=511 idx=878 br=5e-06 products=321:-211:113
F4_CHANNEL pdg=511 idx=879 br=1.05e-05 products=321:-321:130
F4_CHANNEL pdg=511 idx=880 br=1.05e-05 products=321:-321:310
F4_CHANNEL pdg=511 idx=881 br=5e-06 products=333:311:221
F4_CHANNEL pdg=511 idx=882 br=0.0015 products=423:-421:311
F4_CHANNEL pdg=511 idx=883 br=0.0005 products=-423:421:311
F4_CHANNEL pdg=511 idx=884 br=5e-06 products=-9000211:313:211
F4_CHANNEL pdg=511 idx=885 br=0.0003118 products=-3:1:22
F4_CHANNEL pdg=511 idx=886 br=0.316 products=2:-1:-4:1
F4_CHANNEL pdg=511 idx=887 br=5e-06 products=-3:1:11:-11
F4_CHANNEL pdg=511 idx=888 br=2.5e-06 products=-3:1:13:-13
F4_CHANNEL pdg=511 idx=889 br=2e-07 products=-3:1:15:-15
F4_SPECIES pdg=513 name=B*0 channels=1 dominant_br=1 dominant_products=511:22 status=OK
F4_CHANNEL pdg=513 idx=0 br=1 products=511:22
F4_SPECIES pdg=515 name=B*_20 channels=6 dominant_br=0.31 dominant_products=523:-211 status=OK
F4_CHANNEL pdg=515 idx=0 br=0.31 products=523:-211
F4_CHANNEL pdg=515 idx=1 br=0.15 products=513:111
F4_CHANNEL pdg=515 idx=2 br=0.31 products=521:-211
F4_CHANNEL pdg=515 idx=3 br=0.15 products=511:111
F4_CHANNEL pdg=515 idx=4 br=0.05 products=523:-211:111
F4_CHANNEL pdg=515 idx=5 br=0.03 products=513:211:-211
F4_SPECIES pdg=521 name=B+ channels=735 dominant_br=0.268336 dominant_products=2:-1:-4:2 status=OK
F4_CHANNEL pdg=521 idx=0 br=9.3e-05 products=16:-15
F4_CHANNEL pdg=521 idx=1 br=7.2e-05 products=12:-11:111
F4_CHANNEL pdg=521 idx=2 br=0.000145 products=12:-11:113
F4_CHANNEL pdg=521 idx=3 br=8.4e-05 products=12:-11:221
F4_CHANNEL pdg=521 idx=4 br=0.000145 products=12:-11:223
F4_CHANNEL pdg=521 idx=5 br=8.4e-05 products=12:-11:331
F4_CHANNEL pdg=521 idx=6 br=0.0224 products=12:-11:-421
F4_CHANNEL pdg=521 idx=7 br=0.0617 products=12:-11:-423
F4_CHANNEL pdg=521 idx=8 br=0.003 products=12:-11:-425
F4_CHANNEL pdg=521 idx=9 br=0.0049 products=12:-11:-10421
F4_CHANNEL pdg=521 idx=10 br=0.0056 products=12:-11:-10423
F4_CHANNEL pdg=521 idx=11 br=0.009 products=12:-11:-20423
F4_CHANNEL pdg=521 idx=12 br=7.2e-05 products=14:-13:111
F4_CHANNEL pdg=521 idx=13 br=0.000145 products=14:-13:113
F4_CHANNEL pdg=521 idx=14 br=8.4e-05 products=14:-13:221
F4_CHANNEL pdg=521 idx=15 br=0.000145 products=14:-13:223
F4_CHANNEL pdg=521 idx=16 br=8.4e-05 products=14:-13:331
F4_CHANNEL pdg=521 idx=17 br=0.0224 products=14:-13:-421
F4_CHANNEL pdg=521 idx=18 br=0.0617 products=14:-13:-423
F4_CHANNEL pdg=521 idx=19 br=0.003 products=14:-13:-425
F4_CHANNEL pdg=521 idx=20 br=0.0049 products=14:-13:-10421
F4_CHANNEL pdg=521 idx=21 br=0.0056 products=14:-13:-10423
F4_CHANNEL pdg=521 idx=22 br=0.009 products=14:-13:-20423
F4_CHANNEL pdg=521 idx=23 br=3e-05 products=16:-15:111
F4_CHANNEL pdg=521 idx=24 br=4.2e-05 products=16:-15:113
F4_CHANNEL pdg=521 idx=25 br=1.2e-05 products=16:-15:221
F4_CHANNEL pdg=521 idx=26 br=4.2e-05 products=16:-15:223
F4_CHANNEL pdg=521 idx=27 br=2e-05 products=16:-15:225
F4_CHANNEL pdg=521 idx=28 br=1.8e-05 products=16:-15:331
F4_CHANNEL pdg=521 idx=29 br=2e-05 products=16:-15:335
F4_CHANNEL pdg=521 idx=30 br=0.007 products=16:-15:-421
F4_CHANNEL pdg=521 idx=31 br=0.016 products=16:-15:-423
F4_CHANNEL pdg=521 idx=32 br=0.002 products=16:-15:-425
F4_CHANNEL pdg=521 idx=33 br=2.7e-05 products=16:-15:10113
F4_CHANNEL pdg=521 idx=34 br=2e-06 products=16:-15:10221
F4_CHANNEL pdg=521 idx=35 br=1.3e-05 products=16:-15:10223
F4_CHANNEL pdg=521 idx=36 br=1.3e-05 products=16:-15:10333
F4_CHANNEL pdg=521 idx=37 br=0.0013 products=16:-15:-10421
F4_CHANNEL pdg=521 idx=38 br=0.0013 products=16:-15:-10423
F4_CHANNEL pdg=521 idx=39 br=4.6e-05 products=16:-15:20113
F4_CHANNEL pdg=521 idx=40 br=2.3e-05 products=16:-15:20223
F4_CHANNEL pdg=521 idx=41 br=2.3e-05 products=16:-15:20333
F4_CHANNEL pdg=521 idx=42 br=0.002 products=16:-15:-20423
F4_CHANNEL pdg=521 idx=43 br=4e-06 products=16:-15:9000111
F4_CHANNEL pdg=521 idx=44 br=2e-06 products=16:-15:9010221
F4_CHANNEL pdg=521 idx=45 br=0.0019 products=12:-11:-411:211
F4_CHANNEL pdg=521 idx=46 br=0.0006 products=12:-11:-413:211
F4_CHANNEL pdg=521 idx=47 br=0.001 products=12:-11:-421:111
F4_CHANNEL pdg=521 idx=48 br=0.0003 products=12:-11:-423:111
F4_CHANNEL pdg=521 idx=49 br=0.0019 products=14:-13:-411:211
F4_CHANNEL pdg=521 idx=50 br=0.0006 products=14:-13:-413:211
F4_CHANNEL pdg=521 idx=51 br=0.001 products=14:-13:-421:111
F4_CHANNEL pdg=521 idx=52 br=0.0003 products=14:-13:-423:111
F4_CHANNEL pdg=521 idx=53 br=5.5e-06 products=211:111
F4_CHANNEL pdg=521 idx=54 br=9.1e-06 products=211:113
F4_CHANNEL pdg=521 idx=55 br=1.2e-05 products=211:130
F4_CHANNEL pdg=521 idx=56 br=1.2e-05 products=213:111
F4_CHANNEL pdg=521 idx=57 br=1.5e-05 products=213:113
F4_CHANNEL pdg=521 idx=58 br=4.8e-06 products=221:211
F4_CHANNEL pdg=521 idx=59 br=8.6e-06 products=221:213
F4_CHANNEL pdg=521 idx=60 br=5.9e-06 products=223:211
F4_CHANNEL pdg=521 idx=61 br=1.3e-05 products=223:213
F4_CHANNEL pdg=521 idx=62 br=2.3e-06 products=225:211
F4_CHANNEL pdg=521 idx=63 br=1.2e-05 products=310:211
F4_CHANNEL pdg=521 idx=64 br=1e-06 products=311:213
F4_CHANNEL pdg=521 idx=65 br=1e-05 products=313:213
F4_CHANNEL pdg=521 idx=66 br=1.2e-05 products=321:111
F4_CHANNEL pdg=521 idx=67 br=5.2e-06 products=321:113
F4_CHANNEL pdg=521 idx=68 br=2.6e-06 products=321:221
F4_CHANNEL pdg=521 idx=69 br=5.1e-06 products=321:223
F4_CHANNEL pdg=521 idx=70 br=1e-06 products=321:311
F4_CHANNEL pdg=521 idx=71 br=4.03e-05 products=323:22
F4_CHANNEL pdg=521 idx=72 br=2e-06 products=323:111
F4_CHANNEL pdg=521 idx=73 br=1e-05 products=323:113
F4_CHANNEL pdg=521 idx=74 br=2.4e-05 products=323:221
F4_CHANNEL pdg=521 idx=75 br=1e-06 products=323:223
F4_CHANNEL pdg=521 idx=76 br=3e-06 products=323:311
F4_CHANNEL pdg=521 idx=77 br=1e-06 products=323:-313
F4_CHANNEL pdg=521 idx=78 br=4.2e-06 products=331:211
F4_CHANNEL pdg=521 idx=79 br=1e-06 products=331:213
F4_CHANNEL pdg=521 idx=80 br=7.8e-05 products=331:321
F4_CHANNEL pdg=521 idx=81 br=1e-06 products=331:323
F4_CHANNEL pdg=521 idx=82 br=1e-06 products=333:211
F4_CHANNEL pdg=521 idx=83 br=1e-06 products=333:213
F4_CHANNEL pdg=521 idx=84 br=9e-06 products=333:321
F4_CHANNEL pdg=521 idx=85 br=1.1e-05 products=333:323
F4_CHANNEL pdg=521 idx=86 br=5e-07 products=411:111
F4_CHANNEL pdg=521 idx=87 br=1.1e-05 products=411:311
F4_CHANNEL pdg=521 idx=88 br=5e-07 products=413:111
F4_CHANNEL pdg=521 idx=89 br=6e-06 products=413:311
F4_CHANNEL pdg=521 idx=90 br=0.005 products=-421:211
F4_CHANNEL pdg=521 idx=91 br=0.0134 products=-421:213
F4_CHANNEL pdg=521 idx=92 br=0.00041 products=-421:321
F4_CHANNEL pdg=521 idx=93 br=0.00061 products=-421:323
F4_CHANNEL pdg=521 idx=94 br=0.00027 products=-421:411
F4_CHANNEL pdg=521 idx=95 br=0.000335 products=-421:413
F4_CHANNEL pdg=521 idx=96 br=0.0046 products=-423:211
F4_CHANNEL pdg=521 idx=97 br=0.0098 products=-423:213
F4_CHANNEL pdg=521 idx=98 br=0.00036 products=-423:321
F4_CHANNEL pdg=521 idx=99 br=0.00077 products=-423:323
F4_CHANNEL pdg=521 idx=100 br=0.000335 products=-423:411
F4_CHANNEL pdg=521 idx=101 br=0.00104 products=-423:413
F4_CHANNEL pdg=521 idx=102 br=0.0008 products=-425:211
F4_CHANNEL pdg=521 idx=103 br=0.0038 products=-425:213
F4_CHANNEL pdg=521 idx=104 br=2e-05 products=431:111
F4_CHANNEL pdg=521 idx=105 br=2.8e-05 products=431:113
F4_CHANNEL pdg=521 idx=106 br=0.0129 products=431:-421
F4_CHANNEL pdg=521 idx=107 br=0.0124 products=431:-423
F4_CHANNEL pdg=521 idx=108 br=0.0042 products=431:-425
F4_CHANNEL pdg=521 idx=109 br=2e-05 products=433:111
F4_CHANNEL pdg=521 idx=110 br=2.8e-05 products=433:113
F4_CHANNEL pdg=521 idx=111 br=0.0111 products=433:-421
F4_CHANNEL pdg=521 idx=112 br=0.0278 products=433:-423
F4_CHANNEL pdg=521 idx=113 br=0.004 products=433:-425
F4_CHANNEL pdg=521 idx=114 br=0.0009 products=441:321
F4_CHANNEL pdg=521 idx=115 br=0.0012 products=441:323
F4_CHANNEL pdg=521 idx=116 br=4e-05 products=443:211
F4_CHANNEL pdg=521 idx=117 br=6e-05 products=443:213
F4_CHANNEL pdg=521 idx=118 br=0.00106 products=443:321
F4_CHANNEL pdg=521 idx=119 br=0.00143 products=443:323
F4_CHANNEL pdg=521 idx=120 br=0.0005 products=443:325
F4_CHANNEL pdg=521 idx=121 br=2e-05 products=445:321
F4_CHANNEL pdg=521 idx=122 br=1e-05 products=10113:211
F4_CHANNEL pdg=521 idx=123 br=1e-05 products=10113:321
F4_CHANNEL pdg=521 idx=124 br=1e-05 products=10213:111
F4_CHANNEL pdg=521 idx=125 br=1e-05 products=10213:311
F4_CHANNEL pdg=521 idx=126 br=7e-05 products=10311:211
F4_CHANNEL pdg=521 idx=127 br=1e-05 products=10311:213
F4_CHANNEL pdg=521 idx=128 br=2e-06 products=-10311:321
F4_CHANNEL pdg=521 idx=129 br=2e-06 products=10321:111
F4_CHANNEL pdg=521 idx=130 br=1e-05 products=10321:113
F4_CHANNEL pdg=521 idx=131 br=2e-06 products=10321:311
F4_CHANNEL pdg=521 idx=132 br=1e-05 products=10321:333
F4_CHANNEL pdg=521 idx=133 br=0.0018 products=10323:443
F4_CHANNEL pdg=521 idx=134 br=0.00091 products=-10421:211
F4_CHANNEL pdg=521 idx=135 br=0.001 products=-10423:211
F4_CHANNEL pdg=521 idx=136 br=0.0007 products=-10423:213
F4_CHANNEL pdg=521 idx=137 br=0.0012 products=-10423:431
F4_CHANNEL pdg=521 idx=138 br=0.0024 products=-10423:433
F4_CHANNEL pdg=521 idx=139 br=0.0016 products=10431:-421
F4_CHANNEL pdg=521 idx=140 br=0.0016 products=10431:-423
F4_CHANNEL pdg=521 idx=141 br=0.0003 products=10441:321
F4_CHANNEL pdg=521 idx=142 br=0.0004 products=10441:323
F4_CHANNEL pdg=521 idx=143 br=4e-05 products=20113:211
F4_CHANNEL pdg=521 idx=144 br=1e-05 products=20113:321
F4_CHANNEL pdg=521 idx=145 br=2e-05 products=20113:323
F4_CHANNEL pdg=521 idx=146 br=4e-05 products=20213:111
F4_CHANNEL pdg=521 idx=147 br=1e-05 products=20213:113
F4_CHANNEL pdg=521 idx=148 br=1e-05 products=20213:223
F4_CHANNEL pdg=521 idx=149 br=1e-05 products=20213:311
F4_CHANNEL pdg=521 idx=150 br=2e-05 products=20213:313
F4_CHANNEL pdg=521 idx=151 br=0.00887 products=20213:-421
F4_CHANNEL pdg=521 idx=152 br=0.01597 products=20213:-423
F4_CHANNEL pdg=521 idx=153 br=5e-05 products=20213:20113
F4_CHANNEL pdg=521 idx=154 br=2e-06 products=20323:333
F4_CHANNEL pdg=521 idx=155 br=0.0001 products=20323:443
F4_CHANNEL pdg=521 idx=156 br=0.00075 products=-20423:211
F4_CHANNEL pdg=521 idx=157 br=0.0022 products=-20423:213
F4_CHANNEL pdg=521 idx=158 br=0.0006 products=-20423:431
F4_CHANNEL pdg=521 idx=159 br=0.0012 products=-20423:433
F4_CHANNEL pdg=521 idx=160 br=0.0041 products=20433:-421
F4_CHANNEL pdg=521 idx=161 br=0.0098 products=20433:-423
F4_CHANNEL pdg=521 idx=162 br=0.00057 products=20443:321
F4_CHANNEL pdg=521 idx=163 br=0.00029 products=20443:323
F4_CHANNEL pdg=521 idx=164 br=0.00048 products=30443:321
F4_CHANNEL pdg=521 idx=165 br=0.0005 products=30443:323
F4_CHANNEL pdg=521 idx=166 br=0.0003 products=30443:10323
F4_CHANNEL pdg=521 idx=167 br=2.2e-06 products=100113:211
F4_CHANNEL pdg=521 idx=168 br=1e-06 products=100113:321
F4_CHANNEL pdg=521 idx=169 br=0.00036 products=100441:321
F4_CHANNEL pdg=521 idx=170 br=0.00048 products=100441:323
F4_CHANNEL pdg=521 idx=171 br=0.00063 products=100443:321
F4_CHANNEL pdg=521 idx=172 br=0.0006 products=100443:323
F4_CHANNEL pdg=521 idx=173 br=0.0004 products=100443:10323
F4_CHANNEL pdg=521 idx=174 br=1e-06 products=9000111:211
F4_CHANNEL pdg=521 idx=175 br=1e-05 products=9000111:213
F4_CHANNEL pdg=521 idx=176 br=1e-06 products=9000111:321
F4_CHANNEL pdg=521 idx=177 br=5e-06 products=9000111:323
F4_CHANNEL pdg=521 idx=178 br=1e-06 products=9000211:111
F4_CHANNEL pdg=521 idx=179 br=2e-06 products=9000211:113
F4_CHANNEL pdg=521 idx=180 br=1e-06 products=9000211:311
F4_CHANNEL pdg=521 idx=181 br=5e-06 products=9000211:313
F4_CHANNEL pdg=521 idx=182 br=1e-06 products=9010221:211
F4_CHANNEL pdg=521 idx=183 br=1e-05 products=9010221:213
F4_CHANNEL pdg=521 idx=184 br=8.5e-06 products=9010221:321
F4_CHANNEL pdg=521 idx=185 br=1e-05 products=9010221:323
F4_CHANNEL pdg=521 idx=186 br=1e-05 products=9010221:20213
F4_CHANNEL pdg=521 idx=187 br=2.6e-05 products=211:111:111
F4_CHANNEL pdg=521 idx=188 br=1e-05 products=211:113:111
F4_CHANNEL pdg=521 idx=189 br=1e-05 products=211:113:113
F4_CHANNEL pdg=521 idx=190 br=1.6e-05 products=211:211:-211
F4_CHANNEL pdg=521 idx=191 br=1e-05 products=213:111:111
F4_CHANNEL pdg=521 idx=192 br=1e-05 products=213:113:111
F4_CHANNEL pdg=521 idx=193 br=1e-05 products=213:211:-211
F4_CHANNEL pdg=521 idx=194 br=1e-05 products=213:-213:211
F4_CHANNEL pdg=521 idx=195 br=1e-05 products=-213:211:211
F4_CHANNEL pdg=521 idx=196 br=1e-06 products=221:211:111
F4_CHANNEL pdg=521 idx=197 br=5e-06 products=221:211:113
F4_CHANNEL pdg=521 idx=198 br=5e-06 products=221:213:111
F4_CHANNEL pdg=521 idx=199 br=5e-06 products=221:213:113
F4_CHANNEL pdg=521 idx=200 br=1e-06 products=221:221:211
F4_CHANNEL pdg=521 idx=201 br=2e-06 products=221:221:213
F4_CHANNEL pdg=521 idx=202 br=1e-05 products=223:211:111
F4_CHANNEL pdg=521 idx=203 br=1e-05 products=223:211:113
F4_CHANNEL pdg=521 idx=204 br=1e-05 products=223:213:111
F4_CHANNEL pdg=521 idx=205 br=5e-06 products=223:221:211
F4_CHANNEL pdg=521 idx=206 br=5e-06 products=223:221:213
F4_CHANNEL pdg=521 idx=207 br=1e-06 products=311:211:111
F4_CHANNEL pdg=521 idx=208 br=5e-06 products=311:211:113
F4_CHANNEL pdg=521 idx=209 br=1e-05 products=311:213:111
F4_CHANNEL pdg=521 idx=210 br=1e-06 products=311:221:211
F4_CHANNEL pdg=521 idx=211 br=5e-06 products=311:221:213
F4_CHANNEL pdg=521 idx=212 br=5e-06 products=311:223:211
F4_CHANNEL pdg=521 idx=213 br=1e-06 products=311:311:211
F4_CHANNEL pdg=521 idx=214 br=1e-06 products=311:311:213
F4_CHANNEL pdg=521 idx=215 br=1e-05 products=313:211:111
F4_CHANNEL pdg=521 idx=216 br=1e-05 products=313:211:113
F4_CHANNEL pdg=521 idx=217 br=1e-05 products=313:213:111
F4_CHANNEL pdg=521 idx=218 br=5e-06 products=313:221:211
F4_CHANNEL pdg=521 idx=219 br=5e-06 products=313:221:213
F4_CHANNEL pdg=521 idx=220 br=1e-05 products=313:223:211
F4_CHANNEL pdg=521 idx=221 br=1e-06 products=313:311:211
F4_CHANNEL pdg=521 idx=222 br=1e-06 products=313:-313:211
F4_CHANNEL pdg=521 idx=223 br=1e-06 products=-313:311:211
F4_CHANNEL pdg=521 idx=224 br=6e-07 products=321:11:-11
F4_CHANNEL pdg=521 idx=225 br=6e-07 products=321:13:-13
F4_CHANNEL pdg=521 idx=226 br=1e-07 products=321:15:-15
F4_CHANNEL pdg=521 idx=227 br=1e-06 products=321:111:111
F4_CHANNEL pdg=521 idx=228 br=5e-06 products=321:113:111
F4_CHANNEL pdg=521 idx=229 br=4.9e-06 products=321:211:-211
F4_CHANNEL pdg=521 idx=230 br=1e-05 products=321:213:-211
F4_CHANNEL pdg=521 idx=231 br=1e-05 products=321:-213:211
F4_CHANNEL pdg=521 idx=232 br=1e-06 products=321:221:111
F4_CHANNEL pdg=521 idx=233 br=2e-06 products=321:221:113
F4_CHANNEL pdg=521 idx=234 br=1e-06 products=321:221:221
F4_CHANNEL pdg=521 idx=235 br=5e-06 products=321:223:111
F4_CHANNEL pdg=521 idx=236 br=2e-06 products=321:223:221
F4_CHANNEL pdg=521 idx=237 br=1e-06 products=321:311:111
F4_CHANNEL pdg=521 idx=238 br=1e-06 products=321:311:113
F4_CHANNEL pdg=521 idx=239 br=1e-06 products=321:311:221
F4_CHANNEL pdg=521 idx=240 br=1e-06 products=321:311:223
F4_CHANNEL pdg=521 idx=241 br=4.8e-05 products=321:311:311
F4_CHANNEL pdg=521 idx=242 br=1e-05 products=321:313:311
F4_CHANNEL pdg=521 idx=243 br=1e-06 products=321:-313:111
F4_CHANNEL pdg=521 idx=244 br=5e-07 products=321:-313:221
F4_CHANNEL pdg=521 idx=245 br=1e-05 products=321:-313:311
F4_CHANNEL pdg=521 idx=246 br=1e-07 products=321:321:-211
F4_CHANNEL pdg=521 idx=247 br=2.6e-05 products=321:321:-321
F4_CHANNEL pdg=521 idx=248 br=1e-06 products=321:-321:211
F4_CHANNEL pdg=521 idx=249 br=1e-06 products=321:-321:213
F4_CHANNEL pdg=521 idx=250 br=1e-07 products=-321:211:211
F4_CHANNEL pdg=521 idx=251 br=1.8e-06 products=323:11:-11
F4_CHANNEL pdg=521 idx=252 br=1.4e-06 products=323:13:-13
F4_CHANNEL pdg=521 idx=253 br=2e-07 products=323:15:-15
F4_CHANNEL pdg=521 idx=254 br=1e-05 products=323:111:111
F4_CHANNEL pdg=521 idx=255 br=1e-05 products=323:113:111
F4_CHANNEL pdg=521 idx=256 br=1e-05 products=323:211:-211
F4_CHANNEL pdg=521 idx=257 br=1e-05 products=323:213:-211
F4_CHANNEL pdg=521 idx=258 br=1e-05 products=323:-213:211
F4_CHANNEL pdg=521 idx=259 br=5e-06 products=323:221:111
F4_CHANNEL pdg=521 idx=260 br=5e-06 products=323:221:113
F4_CHANNEL pdg=521 idx=261 br=2e-06 products=323:221:221
F4_CHANNEL pdg=521 idx=262 br=1e-05 products=323:223:111
F4_CHANNEL pdg=521 idx=263 br=5e-06 products=323:223:221
F4_CHANNEL pdg=521 idx=264 br=1e-06 products=323:311:111
F4_CHANNEL pdg=521 idx=265 br=5e-07 products=323:311:221
F4_CHANNEL pdg=521 idx=266 br=1e-05 products=323:311:311
F4_CHANNEL pdg=521 idx=267 br=1e-06 products=323:-313:111
F4_CHANNEL pdg=521 idx=268 br=5e-07 products=323:-313:221
F4_CHANNEL pdg=521 idx=269 br=1e-05 products=323:321:-321
F4_CHANNEL pdg=521 idx=270 br=1e-06 products=323:-321:211
F4_CHANNEL pdg=521 idx=271 br=1e-06 products=-323:321:211
F4_CHANNEL pdg=521 idx=272 br=1e-05 products=-323:321:321
F4_CHANNEL pdg=521 idx=273 br=1e-06 products=331:211:111
F4_CHANNEL pdg=521 idx=274 br=2e-06 products=331:211:113
F4_CHANNEL pdg=521 idx=275 br=2e-06 products=331:213:111
F4_CHANNEL pdg=521 idx=276 br=2e-06 products=331:213:113
F4_CHANNEL pdg=521 idx=277 br=1e-06 products=331:221:211
F4_CHANNEL pdg=521 idx=278 br=2e-06 products=331:223:211
F4_CHANNEL pdg=521 idx=279 br=2e-06 products=331:223:213
F4_CHANNEL pdg=521 idx=280 br=1e-06 products=331:311:211
F4_CHANNEL pdg=521 idx=281 br=2e-06 products=331:311:213
F4_CHANNEL pdg=521 idx=282 br=2e-06 products=331:313:213
F4_CHANNEL pdg=521 idx=283 br=1e-06 products=331:321:111
F4_CHANNEL pdg=521 idx=284 br=1e-06 products=331:321:113
F4_CHANNEL pdg=521 idx=285 br=1e-06 products=331:321:221
F4_CHANNEL pdg=521 idx=286 br=1e-06 products=331:321:223
F4_CHANNEL pdg=521 idx=287 br=1e-06 products=331:321:311
F4_CHANNEL pdg=521 idx=288 br=2e-07 products=331:321:-313
F4_CHANNEL pdg=521 idx=289 br=2e-06 products=331:323:111
F4_CHANNEL pdg=521 idx=290 br=2e-06 products=331:323:113
F4_CHANNEL pdg=521 idx=291 br=1e-06 products=331:323:221
F4_CHANNEL pdg=521 idx=292 br=2e-06 products=331:323:223
F4_CHANNEL pdg=521 idx=293 br=2e-07 products=331:323:311
F4_CHANNEL pdg=521 idx=294 br=2e-07 products=331:323:-313
F4_CHANNEL pdg=521 idx=295 br=1e-06 products=331:331:321
F4_CHANNEL pdg=521 idx=296 br=1e-06 products=333:211:111
F4_CHANNEL pdg=521 idx=297 br=1e-06 products=333:211:113
F4_CHANNEL pdg=521 idx=298 br=1e-06 products=333:213:111
F4_CHANNEL pdg=521 idx=299 br=5e-07 products=333:221:211
F4_CHANNEL pdg=521 idx=300 br=5e-07 products=333:221:213
F4_CHANNEL pdg=521 idx=301 br=1e-06 products=333:223:211
F4_CHANNEL pdg=521 idx=302 br=1e-05 products=333:311:211
F4_CHANNEL pdg=521 idx=303 br=1e-05 products=333:311:213
F4_CHANNEL pdg=521 idx=304 br=1e-05 products=333:321:111
F4_CHANNEL pdg=521 idx=305 br=1e-05 products=333:321:113
F4_CHANNEL pdg=521 idx=306 br=5e-06 products=333:321:221
F4_CHANNEL pdg=521 idx=307 br=1e-05 products=333:321:223
F4_CHANNEL pdg=521 idx=308 br=1e-06 products=333:321:311
F4_CHANNEL pdg=521 idx=309 br=1e-05 products=333:323:111
F4_CHANNEL pdg=521 idx=310 br=2e-07 products=333:331:211
F4_CHANNEL pdg=521 idx=311 br=2e-07 products=333:331:213
F4_CHANNEL pdg=521 idx=312 br=2e-06 products=333:331:321
F4_CHANNEL pdg=521 idx=313 br=1e-06 products=333:333:211
F4_CHANNEL pdg=521 idx=314 br=3e-06 products=333:333:321
F4_CHANNEL pdg=521 idx=315 br=3e-06 products=333:333:323
F4_CHANNEL pdg=521 idx=316 br=0.0005 products=411:-411:321
F4_CHANNEL pdg=521 idx=317 br=0.0005 products=411:-411:323
F4_CHANNEL pdg=521 idx=318 br=0.00102 products=-411:211:211
F4_CHANNEL pdg=521 idx=319 br=0.002 products=-411:213:211
F4_CHANNEL pdg=521 idx=320 br=0.0005 products=413:-411:321
F4_CHANNEL pdg=521 idx=321 br=0.0005 products=413:-411:323
F4_CHANNEL pdg=521 idx=322 br=0.0015 products=413:-413:321
F4_CHANNEL pdg=521 idx=323 br=0.001 products=413:-413:323
F4_CHANNEL pdg=521 idx=324 br=0.00125 products=-413:211:211
F4_CHANNEL pdg=521 idx=325 br=0.002 products=-413:213:211
F4_CHANNEL pdg=521 idx=326 br=0.0015 products=-413:411:321
F4_CHANNEL pdg=521 idx=327 br=0.0005 products=-413:411:323
F4_CHANNEL pdg=521 idx=328 br=0.0015 products=421:-421:321
F4_CHANNEL pdg=521 idx=329 br=0.0025 products=421:-421:323
F4_CHANNEL pdg=521 idx=330 br=0.0005 products=-421:211:111
F4_CHANNEL pdg=521 idx=331 br=0.0021 products=-421:211:113
F4_CHANNEL pdg=521 idx=332 br=0.0017 products=-421:411:311
F4_CHANNEL pdg=521 idx=333 br=0.0025 products=-421:411:313
F4_CHANNEL pdg=521 idx=334 br=0.0049 products=-421:413:311
F4_CHANNEL pdg=521 idx=335 br=0.0025 products=-421:413:313
F4_CHANNEL pdg=521 idx=336 br=0.0047 products=423:-421:321
F4_CHANNEL pdg=521 idx=337 br=0.0025 products=423:-421:323
F4_CHANNEL pdg=521 idx=338 br=0.007 products=423:-423:321
F4_CHANNEL pdg=521 idx=339 br=0.005 products=423:-423:323
F4_CHANNEL pdg=521 idx=340 br=0.0005 products=-423:211:111
F4_CHANNEL pdg=521 idx=341 br=0.0005 products=-423:211:113
F4_CHANNEL pdg=521 idx=342 br=0.0005 products=-423:213:111
F4_CHANNEL pdg=521 idx=343 br=0.0031 products=-423:411:311
F4_CHANNEL pdg=521 idx=344 br=0.0025 products=-423:411:313
F4_CHANNEL pdg=521 idx=345 br=0.01 products=-423:413:311
F4_CHANNEL pdg=521 idx=346 br=0.005 products=-423:413:313
F4_CHANNEL pdg=521 idx=347 br=0.0018 products=-423:421:321
F4_CHANNEL pdg=521 idx=348 br=0.0025 products=-423:421:323
F4_CHANNEL pdg=521 idx=349 br=0.0036 products=431:-411:211
F4_CHANNEL pdg=521 idx=350 br=0.0018 products=431:-421:111
F4_CHANNEL pdg=521 idx=351 br=0.0037 products=433:-411:211
F4_CHANNEL pdg=521 idx=352 br=0.0018 products=433:-421:111
F4_CHANNEL pdg=521 idx=353 br=0.0002 products=441:311:211
F4_CHANNEL pdg=521 idx=354 br=0.0001 products=441:321:111
F4_CHANNEL pdg=521 idx=355 br=0.0002 products=443:311:211
F4_CHANNEL pdg=521 idx=356 br=0.0001 products=443:321:111
F4_CHANNEL pdg=521 idx=357 br=9e-05 products=443:333:321
F4_CHANNEL pdg=521 idx=358 br=0.0002 products=445:311:211
F4_CHANNEL pdg=521 idx=359 br=0.0001 products=445:321:111
F4_CHANNEL pdg=521 idx=360 br=1e-05 products=10311:211:111
F4_CHANNEL pdg=521 idx=361 br=1e-05 products=10311:211:113
F4_CHANNEL pdg=521 idx=362 br=1e-05 products=10311:213:111
F4_CHANNEL pdg=521 idx=363 br=5e-06 products=10311:221:213
F4_CHANNEL pdg=521 idx=364 br=1e-05 products=10311:321:311
F4_CHANNEL pdg=521 idx=365 br=2e-06 products=10311:331:213
F4_CHANNEL pdg=521 idx=366 br=1e-05 products=10311:333:211
F4_CHANNEL pdg=521 idx=367 br=1e-05 products=-10311:321:311
F4_CHANNEL pdg=521 idx=368 br=1e-05 products=10321:111:111
F4_CHANNEL pdg=521 idx=369 br=1e-05 products=10321:113:111
F4_CHANNEL pdg=521 idx=370 br=1e-05 products=10321:213:-211
F4_CHANNEL pdg=521 idx=371 br=5e-06 products=10321:221:113
F4_CHANNEL pdg=521 idx=372 br=1e-05 products=10321:321:-321
F4_CHANNEL pdg=521 idx=373 br=2e-06 products=10321:331:113
F4_CHANNEL pdg=521 idx=374 br=1e-05 products=10321:333:111
F4_CHANNEL pdg=521 idx=375 br=5e-06 products=10321:333:221
F4_CHANNEL pdg=521 idx=376 br=2e-06 products=10321:333:331
F4_CHANNEL pdg=521 idx=377 br=1e-05 products=-10321:321:321
F4_CHANNEL pdg=521 idx=378 br=0.0002 products=10441:311:211
F4_CHANNEL pdg=521 idx=379 br=0.0001 products=10441:321:111
F4_CHANNEL pdg=521 idx=380 br=1e-05 products=20113:211:111
F4_CHANNEL pdg=521 idx=381 br=5e-06 products=20113:221:211
F4_CHANNEL pdg=521 idx=382 br=1e-05 products=20113:311:211
F4_CHANNEL pdg=521 idx=383 br=1e-05 products=20113:321:111
F4_CHANNEL pdg=521 idx=384 br=2e-06 products=20113:331:211
F4_CHANNEL pdg=521 idx=385 br=1e-05 products=20213:111:111
F4_CHANNEL pdg=521 idx=386 br=1e-05 products=20213:211:-211
F4_CHANNEL pdg=521 idx=387 br=5e-06 products=20213:221:111
F4_CHANNEL pdg=521 idx=388 br=1e-05 products=20213:311:111
F4_CHANNEL pdg=521 idx=389 br=1e-05 products=20213:321:-211
F4_CHANNEL pdg=521 idx=390 br=2e-06 products=20213:331:111
F4_CHANNEL pdg=521 idx=391 br=1e-05 products=-20213:211:211
F4_CHANNEL pdg=521 idx=392 br=2e-06 products=20313:333:211
F4_CHANNEL pdg=521 idx=393 br=2e-06 products=20323:321:-321
F4_CHANNEL pdg=521 idx=394 br=2e-06 products=20323:333:111
F4_CHANNEL pdg=521 idx=395 br=1e-06 products=20323:333:221
F4_CHANNEL pdg=521 idx=396 br=1e-06 products=20323:333:331
F4_CHANNEL pdg=521 idx=397 br=0.0004 products=20443:311:211
F4_CHANNEL pdg=521 idx=398 br=0.0002 products=20443:321:111
F4_CHANNEL pdg=521 idx=399 br=0.0003 products=30443:311:211
F4_CHANNEL pdg=521 idx=400 br=0.0002 products=30443:321:111
F4_CHANNEL pdg=521 idx=401 br=8e-05 products=100441:311:211
F4_CHANNEL pdg=521 idx=402 br=5e-05 products=100441:321:111
F4_CHANNEL pdg=521 idx=403 br=0.0004 products=100443:311:211
F4_CHANNEL pdg=521 idx=404 br=0.0002 products=100443:321:111
F4_CHANNEL pdg=521 idx=405 br=1e-06 products=9000111:211:111
F4_CHANNEL pdg=521 idx=406 br=1e-05 products=9000111:213:111
F4_CHANNEL pdg=521 idx=407 br=5e-06 products=9000111:221:213
F4_CHANNEL pdg=521 idx=408 br=5e-06 products=9000111:323:111
F4_CHANNEL pdg=521 idx=409 br=2e-06 products=9000111:331:213
F4_CHANNEL pdg=521 idx=410 br=1e-06 products=9000211:111:111
F4_CHANNEL pdg=521 idx=411 br=1e-05 products=9000211:113:111
F4_CHANNEL pdg=521 idx=412 br=1e-05 products=9000211:-213:211
F4_CHANNEL pdg=521 idx=413 br=5e-06 products=9000211:221:113
F4_CHANNEL pdg=521 idx=414 br=5e-06 products=9000211:313:111
F4_CHANNEL pdg=521 idx=415 br=2e-06 products=9000211:331:113
F4_CHANNEL pdg=521 idx=416 br=1e-06 products=-9000211:211:211
F4_CHANNEL pdg=521 idx=417 br=1e-05 products=9010221:211:111
F4_CHANNEL pdg=521 idx=418 br=1e-05 products=9010221:211:113
F4_CHANNEL pdg=521 idx=419 br=1e-05 products=9010221:213:111
F4_CHANNEL pdg=521 idx=420 br=5e-06 products=9010221:221:213
F4_CHANNEL pdg=521 idx=421 br=1e-05 products=9010221:223:211
F4_CHANNEL pdg=521 idx=422 br=1e-05 products=9010221:313:211
F4_CHANNEL pdg=521 idx=423 br=1e-05 products=9010221:323:111
F4_CHANNEL pdg=521 idx=424 br=5e-06 products=9010221:323:221
F4_CHANNEL pdg=521 idx=425 br=2e-06 products=9010221:331:213
F4_CHANNEL pdg=521 idx=426 br=2e-06 products=9010221:331:323
F4_CHANNEL pdg=521 idx=427 br=1e-06 products=9010221:333:211
F4_CHANNEL pdg=521 idx=428 br=1e-05 products=9010221:333:321
F4_CHANNEL pdg=521 idx=429 br=1e-05 products=211:111:111:111
F4_CHANNEL pdg=521 idx=430 br=2e-06 products=211:113:111:111
F4_CHANNEL pdg=521 idx=431 br=1e-05 products=211:211:-211:111
F4_CHANNEL pdg=521 idx=432 br=2e-06 products=211:211:-211:113
F4_CHANNEL pdg=521 idx=433 br=2e-06 products=213:111:111:111
F4_CHANNEL pdg=521 idx=434 br=2e-06 products=213:211:-211:111
F4_CHANNEL pdg=521 idx=435 br=2e-06 products=-213:211:211:111
F4_CHANNEL pdg=521 idx=436 br=5e-06 products=221:211:111:111
F4_CHANNEL pdg=521 idx=437 br=1e-06 products=221:211:113:111
F4_CHANNEL pdg=521 idx=438 br=5e-06 products=221:211:211:-211
F4_CHANNEL pdg=521 idx=439 br=1e-06 products=221:213:111:111
F4_CHANNEL pdg=521 idx=440 br=1e-06 products=221:213:211:-211
F4_CHANNEL pdg=521 idx=441 br=1e-06 products=221:-213:211:211
F4_CHANNEL pdg=521 idx=442 br=2e-06 products=221:221:211:111
F4_CHANNEL pdg=521 idx=443 br=1e-06 products=221:221:213:111
F4_CHANNEL pdg=521 idx=444 br=2e-06 products=223:211:111:111
F4_CHANNEL pdg=521 idx=445 br=1e-06 products=223:221:211:111
F4_CHANNEL pdg=521 idx=446 br=1e-05 products=311:211:111:111
F4_CHANNEL pdg=521 idx=447 br=1e-05 products=311:211:113:111
F4_CHANNEL pdg=521 idx=448 br=1e-05 products=311:211:211:-211
F4_CHANNEL pdg=521 idx=449 br=1e-05 products=311:213:111:111
F4_CHANNEL pdg=521 idx=450 br=1e-05 products=311:213:211:-211
F4_CHANNEL pdg=521 idx=451 br=1e-05 products=311:-213:211:211
F4_CHANNEL pdg=521 idx=452 br=5e-06 products=311:221:211:111
F4_CHANNEL pdg=521 idx=453 br=5e-06 products=311:221:213:111
F4_CHANNEL pdg=521 idx=454 br=2e-06 products=311:221:221:211
F4_CHANNEL pdg=521 idx=455 br=1e-05 products=311:223:211:111
F4_CHANNEL pdg=521 idx=456 br=1e-06 products=311:311:211:111
F4_CHANNEL pdg=521 idx=457 br=1e-06 products=311:311:211:113
F4_CHANNEL pdg=521 idx=458 br=1e-06 products=311:311:213:111
F4_CHANNEL pdg=521 idx=459 br=5e-07 products=311:311:221:211
F4_CHANNEL pdg=521 idx=460 br=5e-07 products=311:311:221:213
F4_CHANNEL pdg=521 idx=461 br=1e-06 products=311:311:223:211
F4_CHANNEL pdg=521 idx=462 br=1e-05 products=311:311:311:211
F4_CHANNEL pdg=521 idx=463 br=1e-05 products=313:211:111:111
F4_CHANNEL pdg=521 idx=464 br=1e-05 products=313:211:211:-211
F4_CHANNEL pdg=521 idx=465 br=5e-06 products=313:221:211:111
F4_CHANNEL pdg=521 idx=466 br=1e-06 products=313:311:211:111
F4_CHANNEL pdg=521 idx=467 br=1e-06 products=-313:311:211:111
F4_CHANNEL pdg=521 idx=468 br=1e-05 products=321:111:111:111
F4_CHANNEL pdg=521 idx=469 br=1e-05 products=321:113:111:111
F4_CHANNEL pdg=521 idx=470 br=1e-05 products=321:211:-211:111
F4_CHANNEL pdg=521 idx=471 br=1e-05 products=321:213:-211:111
F4_CHANNEL pdg=521 idx=472 br=1e-05 products=321:-213:211:111
F4_CHANNEL pdg=521 idx=473 br=5e-06 products=321:221:111:111
F4_CHANNEL pdg=521 idx=474 br=5e-06 products=321:221:113:111
F4_CHANNEL pdg=521 idx=475 br=5e-06 products=321:221:211:-211
F4_CHANNEL pdg=521 idx=476 br=2e-06 products=321:221:221:111
F4_CHANNEL pdg=521 idx=477 br=1e-05 products=321:223:111:111
F4_CHANNEL pdg=521 idx=478 br=5e-06 products=321:223:221:111
F4_CHANNEL pdg=521 idx=479 br=1e-06 products=321:311:111:111
F4_CHANNEL pdg=521 idx=480 br=1e-06 products=321:311:113:111
F4_CHANNEL pdg=521 idx=481 br=1e-06 products=321:311:211:-211
F4_CHANNEL pdg=521 idx=482 br=1e-06 products=321:311:213:-211
F4_CHANNEL pdg=521 idx=483 br=1e-06 products=321:311:-213:211
F4_CHANNEL pdg=521 idx=484 br=5e-07 products=321:311:221:111
F4_CHANNEL pdg=521 idx=485 br=5e-07 products=321:311:221:113
F4_CHANNEL pdg=521 idx=486 br=2e-07 products=321:311:221:221
F4_CHANNEL pdg=521 idx=487 br=1e-06 products=321:311:223:111
F4_CHANNEL pdg=521 idx=488 br=1e-05 products=321:311:311:111
F4_CHANNEL pdg=521 idx=489 br=5e-06 products=321:311:311:221
F4_CHANNEL pdg=521 idx=490 br=1e-06 products=321:311:311:311
F4_CHANNEL pdg=521 idx=491 br=1e-05 products=321:313:311:111
F4_CHANNEL pdg=521 idx=492 br=1e-06 products=321:-313:111:111
F4_CHANNEL pdg=521 idx=493 br=5e-07 products=321:-313:221:111
F4_CHANNEL pdg=521 idx=494 br=1e-05 products=321:-313:311:111
F4_CHANNEL pdg=521 idx=495 br=1e-05 products=321:321:-321:111
F4_CHANNEL pdg=521 idx=496 br=1e-05 products=321:321:-321:113
F4_CHANNEL pdg=521 idx=497 br=5e-06 products=321:321:-321:221
F4_CHANNEL pdg=521 idx=498 br=1e-05 products=321:321:-321:223
F4_CHANNEL pdg=521 idx=499 br=1e-06 products=321:321:-321:311
F4_CHANNEL pdg=521 idx=500 br=1e-06 products=321:-321:211:111
F4_CHANNEL pdg=521 idx=501 br=1e-06 products=321:-321:211:113
F4_CHANNEL pdg=521 idx=502 br=1e-06 products=321:-321:213:111
F4_CHANNEL pdg=521 idx=503 br=5e-07 products=321:-321:221:211
F4_CHANNEL pdg=521 idx=504 br=5e-07 products=321:-321:221:213
F4_CHANNEL pdg=521 idx=505 br=1e-06 products=321:-321:223:211
F4_CHANNEL pdg=521 idx=506 br=1e-05 products=321:-321:311:211
F4_CHANNEL pdg=521 idx=507 br=1e-05 products=321:-321:311:213
F4_CHANNEL pdg=521 idx=508 br=1e-06 products=-321:311:213:211
F4_CHANNEL pdg=521 idx=509 br=1e-06 products=-321:313:211:211
F4_CHANNEL pdg=521 idx=510 br=1e-05 products=323:111:111:111
F4_CHANNEL pdg=521 idx=511 br=1e-05 products=323:211:-211:111
F4_CHANNEL pdg=521 idx=512 br=5e-06 products=323:221:111:111
F4_CHANNEL pdg=521 idx=513 br=5e-06 products=323:221:211:-211
F4_CHANNEL pdg=521 idx=514 br=2e-06 products=323:221:221:111
F4_CHANNEL pdg=521 idx=515 br=1e-06 products=323:311:111:111
F4_CHANNEL pdg=521 idx=516 br=5e-07 products=323:311:221:111
F4_CHANNEL pdg=521 idx=517 br=1e-05 products=323:311:311:111
F4_CHANNEL pdg=521 idx=518 br=1e-05 products=323:321:-321:111
F4_CHANNEL pdg=521 idx=519 br=1e-06 products=323:-321:211:111
F4_CHANNEL pdg=521 idx=520 br=1e-06 products=-323:311:211:211
F4_CHANNEL pdg=521 idx=521 br=1e-06 products=-323:321:211:111
F4_CHANNEL pdg=521 idx=522 br=1e-05 products=-323:321:321:111
F4_CHANNEL pdg=521 idx=523 br=2e-06 products=331:211:111:111
F4_CHANNEL pdg=521 idx=524 br=1e-06 products=331:211:113:111
F4_CHANNEL pdg=521 idx=525 br=2e-06 products=331:211:211:-211
F4_CHANNEL pdg=521 idx=526 br=1e-06 products=331:213:111:111
F4_CHANNEL pdg=521 idx=527 br=1e-06 products=331:213:211:-211
F4_CHANNEL pdg=521 idx=528 br=1e-06 products=331:-213:211:211
F4_CHANNEL pdg=521 idx=529 br=1e-06 products=331:221:211:111
F4_CHANNEL pdg=521 idx=530 br=1e-06 products=331:223:211:111
F4_CHANNEL pdg=521 idx=531 br=2e-06 products=331:311:213:111
F4_CHANNEL pdg=521 idx=532 br=2e-07 products=331:311:311:211
F4_CHANNEL pdg=521 idx=533 br=2e-07 products=331:311:311:213
F4_CHANNEL pdg=521 idx=534 br=2e-06 products=331:313:211:111
F4_CHANNEL pdg=521 idx=535 br=2e-06 products=331:321:111:111
F4_CHANNEL pdg=521 idx=536 br=2e-06 products=331:321:113:111
F4_CHANNEL pdg=521 idx=537 br=1e-06 products=331:321:221:111
F4_CHANNEL pdg=521 idx=538 br=2e-06 products=331:321:223:111
F4_CHANNEL pdg=521 idx=539 br=2e-07 products=331:321:311:111
F4_CHANNEL pdg=521 idx=540 br=2e-07 products=331:321:311:113
F4_CHANNEL pdg=521 idx=541 br=1e-07 products=331:321:311:221
F4_CHANNEL pdg=521 idx=542 br=2e-06 products=331:321:311:311
F4_CHANNEL pdg=521 idx=543 br=2e-07 products=331:321:-313:111
F4_CHANNEL pdg=521 idx=544 br=2e-06 products=331:321:321:-321
F4_CHANNEL pdg=521 idx=545 br=2e-07 products=331:321:-321:211
F4_CHANNEL pdg=521 idx=546 br=2e-07 products=331:321:-321:213
F4_CHANNEL pdg=521 idx=547 br=2e-06 products=331:323:111:111
F4_CHANNEL pdg=521 idx=548 br=2e-06 products=331:323:211:-211
F4_CHANNEL pdg=521 idx=549 br=1e-06 products=331:323:221:111
F4_CHANNEL pdg=521 idx=550 br=2e-07 products=331:323:311:111
F4_CHANNEL pdg=521 idx=551 br=1e-06 products=333:211:111:111
F4_CHANNEL pdg=521 idx=552 br=1e-06 products=333:211:211:-211
F4_CHANNEL pdg=521 idx=553 br=5e-07 products=333:221:211:111
F4_CHANNEL pdg=521 idx=554 br=1e-05 products=333:311:211:111
F4_CHANNEL pdg=521 idx=555 br=1e-06 products=333:311:311:211
F4_CHANNEL pdg=521 idx=556 br=1e-05 products=333:321:111:111
F4_CHANNEL pdg=521 idx=557 br=1e-05 products=333:321:211:-211
F4_CHANNEL pdg=521 idx=558 br=5e-06 products=333:321:221:111
F4_CHANNEL pdg=521 idx=559 br=1e-06 products=333:321:311:111
F4_CHANNEL pdg=521 idx=560 br=1e-06 products=333:321:311:311
F4_CHANNEL pdg=521 idx=561 br=1e-06 products=333:321:321:-321
F4_CHANNEL pdg=521 idx=562 br=1e-06 products=333:323:311:311
F4_CHANNEL pdg=521 idx=563 br=1e-06 products=333:323:321:-321
F4_CHANNEL pdg=521 idx=564 br=2e-07 products=333:331:211:111
F4_CHANNEL pdg=521 idx=565 br=2e-06 products=333:331:321:111
F4_CHANNEL pdg=521 idx=566 br=0.002 products=-411:211:211:111
F4_CHANNEL pdg=521 idx=567 br=0.015 products=-413:211:211:111
F4_CHANNEL pdg=521 idx=568 br=0.005 products=-421:211:211:-211
F4_CHANNEL pdg=521 idx=569 br=0.0005 products=-423:211:111:111
F4_CHANNEL pdg=521 idx=570 br=0.0005 products=-423:211:211:-211
F4_CHANNEL pdg=521 idx=571 br=0.0033 products=431:-411:211:111
F4_CHANNEL pdg=521 idx=572 br=0.0008 products=431:-421:111:111
F4_CHANNEL pdg=521 idx=573 br=0.0033 products=431:-421:211:-211
F4_CHANNEL pdg=521 idx=574 br=0.0033 products=433:-411:211:111
F4_CHANNEL pdg=521 idx=575 br=0.0008 products=433:-421:111:111
F4_CHANNEL pdg=521 idx=576 br=0.0033 products=433:-421:211:-211
F4_CHANNEL pdg=521 idx=577 br=0.0001 products=441:311:211:111
F4_CHANNEL pdg=521 idx=578 br=0.0001 products=441:321:111:111
F4_CHANNEL pdg=521 idx=579 br=0.0002 products=441:321:211:-211
F4_CHANNEL pdg=521 idx=580 br=0.0001 products=445:311:211:111
F4_CHANNEL pdg=521 idx=581 br=0.0001 products=445:321:111:111
F4_CHANNEL pdg=521 idx=582 br=0.0002 products=445:321:211:-211
F4_CHANNEL pdg=521 idx=583 br=1e-05 products=10311:211:111:111
F4_CHANNEL pdg=521 idx=584 br=1e-05 products=10311:211:211:-211
F4_CHANNEL pdg=521 idx=585 br=5e-06 products=10311:221:211:111
F4_CHANNEL pdg=521 idx=586 br=1e-05 products=10311:321:311:111
F4_CHANNEL pdg=521 idx=587 br=5e-06 products=10311:321:311:221
F4_CHANNEL pdg=521 idx=588 br=1e-05 products=10311:321:-321:211
F4_CHANNEL pdg=521 idx=589 br=2e-06 products=10311:331:211:111
F4_CHANNEL pdg=521 idx=590 br=2e-06 products=10311:331:321:311
F4_CHANNEL pdg=521 idx=591 br=1e-05 products=-10311:311:311:211
F4_CHANNEL pdg=521 idx=592 br=1e-05 products=-10311:321:311:111
F4_CHANNEL pdg=521 idx=593 br=5e-06 products=-10311:321:311:221
F4_CHANNEL pdg=521 idx=594 br=1e-05 products=-10311:321:321:-211
F4_CHANNEL pdg=521 idx=595 br=2e-06 products=-10311:331:321:311
F4_CHANNEL pdg=521 idx=596 br=1e-05 products=10321:111:111:111
F4_CHANNEL pdg=521 idx=597 br=5e-06 products=10321:221:111:111
F4_CHANNEL pdg=521 idx=598 br=1e-05 products=10321:321:-321:111
F4_CHANNEL pdg=521 idx=599 br=5e-06 products=10321:321:-321:221
F4_CHANNEL pdg=521 idx=600 br=2e-06 products=10321:331:111:111
F4_CHANNEL pdg=521 idx=601 br=2e-06 products=10321:331:321:-321
F4_CHANNEL pdg=521 idx=602 br=1e-05 products=-10321:321:321:111
F4_CHANNEL pdg=521 idx=603 br=5e-06 products=-10321:321:321:221
F4_CHANNEL pdg=521 idx=604 br=2e-06 products=-10321:331:321:321
F4_CHANNEL pdg=521 idx=605 br=0.0001 products=10441:311:211:111
F4_CHANNEL pdg=521 idx=606 br=0.0001 products=10441:321:111:111
F4_CHANNEL pdg=521 idx=607 br=0.0002 products=10441:321:211:-211
F4_CHANNEL pdg=521 idx=608 br=2e-06 products=20313:311:311:211
F4_CHANNEL pdg=521 idx=609 br=1e-05 products=20313:321:311:111
F4_CHANNEL pdg=521 idx=610 br=5e-06 products=20313:321:311:221
F4_CHANNEL pdg=521 idx=611 br=2e-06 products=20313:321:-321:211
F4_CHANNEL pdg=521 idx=612 br=2e-06 products=20313:331:321:311
F4_CHANNEL pdg=521 idx=613 br=2e-06 products=-20313:311:311:211
F4_CHANNEL pdg=521 idx=614 br=1e-05 products=-20313:321:311:111
F4_CHANNEL pdg=521 idx=615 br=5e-06 products=-20313:321:311:221
F4_CHANNEL pdg=521 idx=616 br=2e-06 products=-20313:331:321:311
F4_CHANNEL pdg=521 idx=617 br=4e-06 products=20323:311:311:111
F4_CHANNEL pdg=521 idx=618 br=2e-06 products=20323:311:311:221
F4_CHANNEL pdg=521 idx=619 br=2e-06 products=20323:321:-321:111
F4_CHANNEL pdg=521 idx=620 br=1e-06 products=20323:321:-321:221
F4_CHANNEL pdg=521 idx=621 br=2e-06 products=20323:331:311:311
F4_CHANNEL pdg=521 idx=622 br=1e-06 products=20323:331:321:-321
F4_CHANNEL pdg=521 idx=623 br=2e-06 products=-20323:321:321:111
F4_CHANNEL pdg=521 idx=624 br=0.0002 products=20443:311:211:111
F4_CHANNEL pdg=521 idx=625 br=0.0002 products=20443:321:111:111
F4_CHANNEL pdg=521 idx=626 br=0.0004 products=20443:321:211:-211
F4_CHANNEL pdg=521 idx=627 br=0.0001 products=30443:311:211:111
F4_CHANNEL pdg=521 idx=628 br=0.0001 products=30443:321:111:111
F4_CHANNEL pdg=521 idx=629 br=0.0002 products=30443:321:211:-211
F4_CHANNEL pdg=521 idx=630 br=5e-05 products=100441:311:211:111
F4_CHANNEL pdg=521 idx=631 br=5e-05 products=100441:321:111:111
F4_CHANNEL pdg=521 idx=632 br=8e-05 products=100441:321:211:-211
F4_CHANNEL pdg=521 idx=633 br=0.0001 products=100443:311:211:111
F4_CHANNEL pdg=521 idx=634 br=0.0001 products=100443:321:111:111
F4_CHANNEL pdg=521 idx=635 br=0.0002 products=100443:321:211:-211
F4_CHANNEL pdg=521 idx=636 br=1e-06 products=9000111:211:111:111
F4_CHANNEL pdg=521 idx=637 br=1e-06 products=9000211:111:111:111
F4_CHANNEL pdg=521 idx=638 br=1e-06 products=-9000211:211:211:111
F4_CHANNEL pdg=521 idx=639 br=2e-06 products=9010221:211:111:111
F4_CHANNEL pdg=521 idx=640 br=2e-06 products=9010221:211:211:-211
F4_CHANNEL pdg=521 idx=641 br=1e-06 products=9010221:221:211:111
F4_CHANNEL pdg=521 idx=642 br=1e-06 products=9010221:311:311:211
F4_CHANNEL pdg=521 idx=643 br=1e-06 products=9010221:321:311:111
F4_CHANNEL pdg=521 idx=644 br=1e-05 products=9010221:321:321:-321
F4_CHANNEL pdg=521 idx=645 br=1e-06 products=9010221:331:211:111
F4_CHANNEL pdg=521 idx=646 br=1e-06 products=211:111:111:111:111
F4_CHANNEL pdg=521 idx=647 br=1e-06 products=211:211:-211:111:111
F4_CHANNEL pdg=521 idx=648 br=1e-06 products=221:211:111:111:111
F4_CHANNEL pdg=521 idx=649 br=1e-06 products=221:211:211:-211:111
F4_CHANNEL pdg=521 idx=650 br=2e-06 products=311:211:111:111:111
F4_CHANNEL pdg=521 idx=651 br=2e-06 products=311:211:211:-211:111
F4_CHANNEL pdg=521 idx=652 br=1e-06 products=311:221:211:111:111
F4_CHANNEL pdg=521 idx=653 br=1e-06 products=311:221:211:211:-211
F4_CHANNEL pdg=521 idx=654 br=1e-06 products=311:221:221:211:111
F4_CHANNEL pdg=521 idx=655 br=2e-07 products=311:311:211:111:111
F4_CHANNEL pdg=521 idx=656 br=2e-07 products=311:311:211:211:-211
F4_CHANNEL pdg=521 idx=657 br=1e-07 products=311:311:221:211:111
F4_CHANNEL pdg=521 idx=658 br=1e-05 products=311:311:311:211:111
F4_CHANNEL pdg=521 idx=659 br=2e-06 products=321:111:111:111:111
F4_CHANNEL pdg=521 idx=660 br=2e-06 products=321:211:211:-211:-211
F4_CHANNEL pdg=521 idx=661 br=2e-06 products=321:211:-211:111:111
F4_CHANNEL pdg=521 idx=662 br=1e-06 products=321:221:111:111:111
F4_CHANNEL pdg=521 idx=663 br=1e-06 products=321:221:211:-211:111
F4_CHANNEL pdg=521 idx=664 br=1e-06 products=321:221:221:111:111
F4_CHANNEL pdg=521 idx=665 br=2e-07 products=321:311:111:111:111
F4_CHANNEL pdg=521 idx=666 br=2e-07 products=321:311:211:-211:111
F4_CHANNEL pdg=521 idx=667 br=1e-07 products=321:311:221:111:111
F4_CHANNEL pdg=521 idx=668 br=1e-07 products=321:311:221:211:-211
F4_CHANNEL pdg=521 idx=669 br=1e-05 products=321:311:311:111:111
F4_CHANNEL pdg=521 idx=670 br=5e-06 products=321:311:311:221:111
F4_CHANNEL pdg=521 idx=671 br=1e-06 products=321:311:311:311:111
F4_CHANNEL pdg=521 idx=672 br=1e-05 products=321:321:-321:111:111
F4_CHANNEL pdg=521 idx=673 br=5e-06 products=321:321:-321:221:111
F4_CHANNEL pdg=521 idx=674 br=1e-06 products=321:321:-321:311:111
F4_CHANNEL pdg=521 idx=675 br=1e-06 products=321:321:-321:-321:211
F4_CHANNEL pdg=521 idx=676 br=2e-07 products=321:-321:211:111:111
F4_CHANNEL pdg=521 idx=677 br=2e-07 products=321:-321:211:211:-211
F4_CHANNEL pdg=521 idx=678 br=1e-07 products=321:-321:221:211:111
F4_CHANNEL pdg=521 idx=679 br=1e-05 products=321:-321:311:211:111
F4_CHANNEL pdg=521 idx=680 br=1e-06 products=321:-321:311:311:211
F4_CHANNEL pdg=521 idx=681 br=2e-07 products=-321:311:211:211:111
F4_CHANNEL pdg=521 idx=682 br=1e-07 products=-321:311:221:211:211
F4_CHANNEL pdg=521 idx=683 br=1e-06 products=331:211:111:111:111
F4_CHANNEL pdg=521 idx=684 br=1e-06 products=331:211:211:-211:111
F4_CHANNEL pdg=521 idx=685 br=1e-06 products=331:311:211:211:-211
F4_CHANNEL pdg=521 idx=686 br=1e-07 products=331:311:311:211:111
F4_CHANNEL pdg=521 idx=687 br=1e-06 products=331:321:111:111:111
F4_CHANNEL pdg=521 idx=688 br=1e-06 products=331:321:211:-211:111
F4_CHANNEL pdg=521 idx=689 br=1e-06 products=331:321:221:111:111
F4_CHANNEL pdg=521 idx=690 br=1e-07 products=331:321:311:111:111
F4_CHANNEL pdg=521 idx=691 br=1e-07 products=331:321:311:211:-211
F4_CHANNEL pdg=521 idx=692 br=2e-06 products=331:321:311:311:111
F4_CHANNEL pdg=521 idx=693 br=2e-06 products=331:321:321:-321:111
F4_CHANNEL pdg=521 idx=694 br=1e-07 products=331:321:-321:211:111
F4_CHANNEL pdg=521 idx=695 br=1e-07 products=331:-321:311:211:211
F4_CHANNEL pdg=521 idx=696 br=1e-06 products=333:311:311:311:211
F4_CHANNEL pdg=521 idx=697 br=1e-06 products=333:321:311:311:111
F4_CHANNEL pdg=521 idx=698 br=1e-06 products=333:321:321:311:-211
F4_CHANNEL pdg=521 idx=699 br=1e-06 products=333:321:321:-321:111
F4_CHANNEL pdg=521 idx=700 br=1e-06 products=333:321:-321:311:211
F4_CHANNEL pdg=521 idx=701 br=0.005 products=-3:2
F4_CHANNEL pdg=521 idx=702 br=0.033 products=-4103:2203
F4_CHANNEL pdg=521 idx=703 br=0.009 products=-4303:2203
F4_CHANNEL pdg=521 idx=704 br=7e-05 products=1:-1:-1:2
F4_CHANNEL pdg=521 idx=705 br=0.0018 products=1:-1:-3:2
F4_CHANNEL pdg=521 idx=706 br=0.003 products=2:-1:-2:2
F4_CHANNEL pdg=521 idx=707 br=0.00205 products=2:-2:-1:2
F4_CHANNEL pdg=521 idx=708 br=0.0022 products=2:-2:-3:2
F4_CHANNEL pdg=521 idx=709 br=0.0225 products=2:-3:-4:2
F4_CHANNEL pdg=521 idx=710 br=9e-05 products=3:-3:-1:2
F4_CHANNEL pdg=521 idx=711 br=0.0015 products=3:-3:-3:2
F4_CHANNEL pdg=521 idx=712 br=0.004 products=4:-1:-4:2
F4_CHANNEL pdg=521 idx=713 br=0.004 products=4:-3:-2:2
F4_CHANNEL pdg=521 idx=714 br=0.074 products=4:-3:-4:2
F4_CHANNEL pdg=521 idx=715 br=0.001948 products=12:-11:2:-2
F4_CHANNEL pdg=521 idx=716 br=0.001948 products=14:-13:2:-2
F4_CHANNEL pdg=521 idx=717 br=2e-05 products=445:323
F4_CHANNEL pdg=521 idx=718 br=1e-06 products=333:321:313:311
F4_CHANNEL pdg=521 idx=719 br=2e-06 products=-20313:321:321:-211
F4_CHANNEL pdg=521 idx=720 br=0.0003118 products=2:-3:22
F4_CHANNEL pdg=521 idx=721 br=0.268266 products=2:-1:-4:2
F4_CHANNEL pdg=521 idx=722 br=5e-06 products=2:-3:11:-11
F4_CHANNEL pdg=521 idx=723 br=2.5e-06 products=2:-3:13:-13
F4_CHANNEL pdg=521 idx=724 br=2e-07 products=2:-3:15:-15
F4_CHANNEL pdg=521 idx=725 br=0.001948 products=12:-11:-2:2
F4_CHANNEL pdg=521 idx=726 br=0.001948 products=14:-13:-2:2
F4_CHANNEL pdg=521 idx=727 br=4e-05 products=445:323
F4_CHANNEL pdg=521 idx=728 br=1e-06 products=333:321:-313:311
F4_CHANNEL pdg=521 idx=729 br=2e-06 products=20313:321:321:-211
F4_CHANNEL pdg=521 idx=730 br=0.0003118 products=-3:2:22
F4_CHANNEL pdg=521 idx=731 br=0.268336 products=2:-1:-4:2
F4_CHANNEL pdg=521 idx=732 br=5e-06 products=-3:2:11:-11
F4_CHANNEL pdg=521 idx=733 br=2.5e-06 products=-3:2:13:-13
F4_CHANNEL pdg=521 idx=734 br=2e-07 products=-3:2:15:-15
F4_SPECIES pdg=523 name=B*+ channels=1 dominant_br=1 dominant_products=521:22 status=OK
F4_CHANNEL pdg=523 idx=0 br=1 products=521:22
F4_SPECIES pdg=525 name=B*_2+ channels=6 dominant_br=0.31 dominant_products=513:211 status=OK
F4_CHANNEL pdg=525 idx=0 br=0.31 products=513:211
F4_CHANNEL pdg=525 idx=1 br=0.15 products=523:111
F4_CHANNEL pdg=525 idx=2 br=0.31 products=511:211
F4_CHANNEL pdg=525 idx=3 br=0.15 products=521:111
F4_CHANNEL pdg=525 idx=4 br=0.05 products=513:211:111
F4_CHANNEL pdg=525 idx=5 br=0.03 products=523:211:-211
F4_SPECIES pdg=531 name=B_s0 channels=246 dominant_br=0.3574344 dominant_products=2:-1:-4:3 status=OK
F4_CHANNEL pdg=531 idx=0 br=0.0002 products=12:-11:-321
F4_CHANNEL pdg=531 idx=1 br=0.0003 products=12:-11:-323
F4_CHANNEL pdg=531 idx=2 br=0.021 products=12:-11:-431
F4_CHANNEL pdg=531 idx=3 br=0.049 products=12:-11:-433
F4_CHANNEL pdg=531 idx=4 br=0.007 products=12:-11:-435
F4_CHANNEL pdg=531 idx=5 br=0.0003 products=12:-11:-10323
F4_CHANNEL pdg=531 idx=6 br=0.004 products=12:-11:-10431
F4_CHANNEL pdg=531 idx=7 br=0.007 products=12:-11:-10433
F4_CHANNEL pdg=531 idx=8 br=0.0002 products=12:-11:-20323
F4_CHANNEL pdg=531 idx=9 br=0.004 products=12:-11:-20433
F4_CHANNEL pdg=531 idx=10 br=0.0002 products=14:-13:-321
F4_CHANNEL pdg=531 idx=11 br=0.0003 products=14:-13:-323
F4_CHANNEL pdg=531 idx=12 br=0.021 products=14:-13:-431
F4_CHANNEL pdg=531 idx=13 br=0.049 products=14:-13:-433
F4_CHANNEL pdg=531 idx=14 br=0.007 products=14:-13:-435
F4_CHANNEL pdg=531 idx=15 br=0.0003 products=14:-13:-10323
F4_CHANNEL pdg=531 idx=16 br=0.004 products=14:-13:-10431
F4_CHANNEL pdg=531 idx=17 br=0.007 products=14:-13:-10433
F4_CHANNEL pdg=531 idx=18 br=0.0002 products=14:-13:-20323
F4_CHANNEL pdg=531 idx=19 br=0.004 products=14:-13:-20433
F4_CHANNEL pdg=531 idx=20 br=0.008 products=16:-15:-431
F4_CHANNEL pdg=531 idx=21 br=0.016 products=16:-15:-433
F4_CHANNEL pdg=531 idx=22 br=0.0028 products=16:-15:-435
F4_CHANNEL pdg=531 idx=23 br=0.0018 products=16:-15:-10431
F4_CHANNEL pdg=531 idx=24 br=0.0028 products=16:-15:-10433
F4_CHANNEL pdg=531 idx=25 br=0.0018 products=16:-15:-20433
F4_CHANNEL pdg=531 idx=26 br=5e-07 products=22:22
F4_CHANNEL pdg=531 idx=27 br=1e-05 products=130:130
F4_CHANNEL pdg=531 idx=28 br=0 products=211:-211
F4_CHANNEL pdg=531 idx=29 br=4e-06 products=221:221
F4_CHANNEL pdg=531 idx=30 br=1.2e-06 products=223:221
F4_CHANNEL pdg=531 idx=31 br=1e-05 products=310:310
F4_CHANNEL pdg=531 idx=32 br=2e-07 products=311:111
F4_CHANNEL pdg=531 idx=33 br=0 products=311:113
F4_CHANNEL pdg=531 idx=34 br=2e-07 products=311:221
F4_CHANNEL pdg=531 idx=35 br=1e-07 products=311:223
F4_CHANNEL pdg=531 idx=36 br=2e-06 products=313:130
F4_CHANNEL pdg=531 idx=37 br=2e-06 products=313:310
F4_CHANNEL pdg=531 idx=38 br=4e-06 products=313:-313
F4_CHANNEL pdg=531 idx=39 br=0 products=-313:111
F4_CHANNEL pdg=531 idx=40 br=8e-07 products=-313:113
F4_CHANNEL pdg=531 idx=41 br=2e-06 products=-313:130
F4_CHANNEL pdg=531 idx=42 br=1e-07 products=-313:221
F4_CHANNEL pdg=531 idx=43 br=2e-06 products=-313:310
F4_CHANNEL pdg=531 idx=44 br=1.85e-05 products=321:-321
F4_CHANNEL pdg=531 idx=45 br=4.8e-06 products=-321:211
F4_CHANNEL pdg=531 idx=46 br=1.2e-05 products=-321:213
F4_CHANNEL pdg=531 idx=47 br=4.6e-06 products=323:-321
F4_CHANNEL pdg=531 idx=48 br=6e-06 products=323:-323
F4_CHANNEL pdg=531 idx=49 br=2.5e-05 products=-323:211
F4_CHANNEL pdg=531 idx=50 br=2e-05 products=-323:213
F4_CHANNEL pdg=531 idx=51 br=8.2e-06 products=-323:321
F4_CHANNEL pdg=531 idx=52 br=2.5e-05 products=331:221
F4_CHANNEL pdg=531 idx=53 br=2.5e-06 products=331:223
F4_CHANNEL pdg=531 idx=54 br=1e-07 products=331:311
F4_CHANNEL pdg=531 idx=55 br=0 products=331:-313
F4_CHANNEL pdg=531 idx=56 br=5.8e-05 products=331:331
F4_CHANNEL pdg=531 idx=57 br=4.5e-05 products=333:22
F4_CHANNEL pdg=531 idx=58 br=2.13e-05 products=333:221
F4_CHANNEL pdg=531 idx=59 br=4e-07 products=333:-313
F4_CHANNEL pdg=531 idx=60 br=1.25e-05 products=333:331
F4_CHANNEL pdg=531 idx=61 br=8e-06 products=333:333
F4_CHANNEL pdg=531 idx=62 br=0.0002 products=-421:311
F4_CHANNEL pdg=531 idx=63 br=0.0002 products=-421:-313
F4_CHANNEL pdg=531 idx=64 br=0.0002 products=-423:311
F4_CHANNEL pdg=531 idx=65 br=0.0002 products=-423:-313
F4_CHANNEL pdg=531 idx=66 br=0.0017 products=431:-411
F4_CHANNEL pdg=531 idx=67 br=0.0017 products=431:-413
F4_CHANNEL pdg=531 idx=68 br=0.0086 products=431:-431
F4_CHANNEL pdg=531 idx=69 br=0.0026 products=-431:211
F4_CHANNEL pdg=531 idx=70 br=0.0073 products=-431:213
F4_CHANNEL pdg=531 idx=71 br=0.00015 products=-431:321
F4_CHANNEL pdg=531 idx=72 br=0.0003 products=-431:323
F4_CHANNEL pdg=531 idx=73 br=0.0017 products=433:-411
F4_CHANNEL pdg=531 idx=74 br=0.0017 products=433:-413
F4_CHANNEL pdg=531 idx=75 br=0.0197 products=433:-433
F4_CHANNEL pdg=531 idx=76 br=0.0027 products=-433:211
F4_CHANNEL pdg=531 idx=77 br=0.007 products=-433:213
F4_CHANNEL pdg=531 idx=78 br=0.00015 products=-433:321
F4_CHANNEL pdg=531 idx=79 br=0.0003 products=-433:323
F4_CHANNEL pdg=531 idx=80 br=0.0013 products=-435:211
F4_CHANNEL pdg=531 idx=81 br=0.0004 products=441:221
F4_CHANNEL pdg=531 idx=82 br=0.0008 products=441:331
F4_CHANNEL pdg=531 idx=83 br=0.0015 products=441:333
F4_CHANNEL pdg=531 idx=84 br=0.00032 products=443:221
F4_CHANNEL pdg=531 idx=85 br=8e-05 products=443:311
F4_CHANNEL pdg=531 idx=86 br=0.00064 products=443:331
F4_CHANNEL pdg=531 idx=87 br=0.00135 products=443:333
F4_CHANNEL pdg=531 idx=88 br=0.000235 products=445:221
F4_CHANNEL pdg=531 idx=89 br=0.000465 products=445:331
F4_CHANNEL pdg=531 idx=90 br=5e-05 products=10441:221
F4_CHANNEL pdg=531 idx=91 br=0.0001 products=10441:331
F4_CHANNEL pdg=531 idx=92 br=0.0002 products=10441:333
F4_CHANNEL pdg=531 idx=93 br=0.000235 products=10443:221
F4_CHANNEL pdg=531 idx=94 br=0.000465 products=10443:331
F4_CHANNEL pdg=531 idx=95 br=0.001 products=10443:333
F4_CHANNEL pdg=531 idx=96 br=0.0085 products=20213:-431
F4_CHANNEL pdg=531 idx=97 br=0.0122 products=20213:-433
F4_CHANNEL pdg=531 idx=98 br=0.0008 products=-20433:211
F4_CHANNEL pdg=531 idx=99 br=0.0021 products=-20433:213
F4_CHANNEL pdg=531 idx=100 br=0.0003 products=20443:221
F4_CHANNEL pdg=531 idx=101 br=0.0007 products=20443:331
F4_CHANNEL pdg=531 idx=102 br=0.0014 products=20443:333
F4_CHANNEL pdg=531 idx=103 br=0.0002 products=100441:221
F4_CHANNEL pdg=531 idx=104 br=0.0004 products=100441:331
F4_CHANNEL pdg=531 idx=105 br=0.0006 products=100441:333
F4_CHANNEL pdg=531 idx=106 br=0.000235 products=100443:221
F4_CHANNEL pdg=531 idx=107 br=0.000465 products=100443:331
F4_CHANNEL pdg=531 idx=108 br=0.0012 products=100443:333
F4_CHANNEL pdg=531 idx=109 br=2.3e-06 products=333:11:-11
F4_CHANNEL pdg=531 idx=110 br=2.3e-06 products=333:13:-13
F4_CHANNEL pdg=531 idx=111 br=0.0007 products=411:-411:311
F4_CHANNEL pdg=531 idx=112 br=0.0007 products=413:-411:311
F4_CHANNEL pdg=531 idx=113 br=0.0007 products=421:411:-321
F4_CHANNEL pdg=531 idx=114 br=0.0007 products=-421:413:-321
F4_CHANNEL pdg=531 idx=115 br=0.0096 products=431:-411:311
F4_CHANNEL pdg=531 idx=116 br=0.0096 products=431:421:-321
F4_CHANNEL pdg=531 idx=117 br=0.0009 products=-431:211:113
F4_CHANNEL pdg=531 idx=118 br=0.0009 products=-431:213:111
F4_CHANNEL pdg=531 idx=119 br=0.002 products=-431:411:311
F4_CHANNEL pdg=531 idx=120 br=0.0025 products=-431:411:313
F4_CHANNEL pdg=531 idx=121 br=0.005 products=-431:413:311
F4_CHANNEL pdg=531 idx=122 br=0.0025 products=-431:413:313
F4_CHANNEL pdg=531 idx=123 br=0.002 products=-431:421:321
F4_CHANNEL pdg=531 idx=124 br=0.0025 products=-431:421:323
F4_CHANNEL pdg=531 idx=125 br=0.005 products=-431:423:321
F4_CHANNEL pdg=531 idx=126 br=0.0025 products=-431:423:323
F4_CHANNEL pdg=531 idx=127 br=0.0096 products=433:-411:311
F4_CHANNEL pdg=531 idx=128 br=0.0096 products=433:-421:-321
F4_CHANNEL pdg=531 idx=129 br=0.001 products=-433:211:113
F4_CHANNEL pdg=531 idx=130 br=0.001 products=-433:213:111
F4_CHANNEL pdg=531 idx=131 br=0.005 products=-433:411:311
F4_CHANNEL pdg=531 idx=132 br=0.005 products=-433:411:313
F4_CHANNEL pdg=531 idx=133 br=0.015 products=-433:413:311
F4_CHANNEL pdg=531 idx=134 br=0.003 products=-433:413:313
F4_CHANNEL pdg=531 idx=135 br=0.005 products=-433:421:321
F4_CHANNEL pdg=531 idx=136 br=0.005 products=-433:421:323
F4_CHANNEL pdg=531 idx=137 br=0.015 products=-433:423:321
F4_CHANNEL pdg=531 idx=138 br=0.003 products=-433:423:323
F4_CHANNEL pdg=531 idx=139 br=0.00028 products=441:311:311
F4_CHANNEL pdg=531 idx=140 br=0.00028 products=441:321:-321
F4_CHANNEL pdg=531 idx=141 br=0.0002 products=443:111:111
F4_CHANNEL pdg=531 idx=142 br=0.0002 products=443:211:-211
F4_CHANNEL pdg=531 idx=143 br=0.0007 products=443:311:311
F4_CHANNEL pdg=531 idx=144 br=0.0007 products=443:321:-321
F4_CHANNEL pdg=531 idx=145 br=0.00016 products=445:311:311
F4_CHANNEL pdg=531 idx=146 br=0.00016 products=445:321:-321
F4_CHANNEL pdg=531 idx=147 br=3e-05 products=10441:311:311
F4_CHANNEL pdg=531 idx=148 br=3e-05 products=10441:321:-321
F4_CHANNEL pdg=531 idx=149 br=0.00016 products=10443:311:311
F4_CHANNEL pdg=531 idx=150 br=0.00016 products=10443:321:-321
F4_CHANNEL pdg=531 idx=151 br=0.00026 products=20443:311:311
F4_CHANNEL pdg=531 idx=152 br=0.00026 products=20443:321:-321
F4_CHANNEL pdg=531 idx=153 br=0.00012 products=100441:311:311
F4_CHANNEL pdg=531 idx=154 br=0.00012 products=100441:321:-321
F4_CHANNEL pdg=531 idx=155 br=0.0002 products=100443:111:111
F4_CHANNEL pdg=531 idx=156 br=0.0002 products=100443:211:-211
F4_CHANNEL pdg=531 idx=157 br=0.0003 products=100443:311:311
F4_CHANNEL pdg=531 idx=158 br=0.0003 products=100443:321:-321
F4_CHANNEL pdg=531 idx=159 br=0.0003 products=411:-411:311:111
F4_CHANNEL pdg=531 idx=160 br=0.0003 products=411:-411:-321:211
F4_CHANNEL pdg=531 idx=161 br=0.0003 products=413:-411:311:111
F4_CHANNEL pdg=531 idx=162 br=0.0003 products=413:-411:-321:211
F4_CHANNEL pdg=531 idx=163 br=0.0007 products=-421:411:311:-211
F4_CHANNEL pdg=531 idx=164 br=0.0007 products=-421:411:-321:111
F4_CHANNEL pdg=531 idx=165 br=0.0007 products=-421:413:311:-211
F4_CHANNEL pdg=531 idx=166 br=0.0007 products=-421:413:-321:111
F4_CHANNEL pdg=531 idx=167 br=0.0024 products=431:-411:311:111
F4_CHANNEL pdg=531 idx=168 br=0.0048 products=431:-411:-321:211
F4_CHANNEL pdg=531 idx=169 br=0.0048 products=431:-421:311:-211
F4_CHANNEL pdg=531 idx=170 br=0.0024 products=431:-421:-321:111
F4_CHANNEL pdg=531 idx=171 br=0.0009 products=-431:211:111:111
F4_CHANNEL pdg=531 idx=172 br=0.0009 products=-431:211:211:-211
F4_CHANNEL pdg=531 idx=173 br=0.0024 products=433:-411:311:111
F4_CHANNEL pdg=531 idx=174 br=0.0048 products=433:-411:-321:211
F4_CHANNEL pdg=531 idx=175 br=0.0048 products=433:-421:311:-211
F4_CHANNEL pdg=531 idx=176 br=0.0024 products=433:-421:-321:111
F4_CHANNEL pdg=531 idx=177 br=0.001 products=-433:211:111:111
F4_CHANNEL pdg=531 idx=178 br=0.0077 products=-433:211:211:-211
F4_CHANNEL pdg=531 idx=179 br=0.0001 products=441:221:111:111
F4_CHANNEL pdg=531 idx=180 br=0.0001 products=441:221:211:-211
F4_CHANNEL pdg=531 idx=181 br=0.00028 products=441:311:311:111
F4_CHANNEL pdg=531 idx=182 br=0.00028 products=441:321:-321:111
F4_CHANNEL pdg=531 idx=183 br=0.00028 products=441:-321:311:211
F4_CHANNEL pdg=531 idx=184 br=0.0002 products=441:331:111:111
F4_CHANNEL pdg=531 idx=185 br=0.0002 products=441:331:211:-211
F4_CHANNEL pdg=531 idx=186 br=0.0004 products=441:333:111:111
F4_CHANNEL pdg=531 idx=187 br=0.0004 products=441:333:211:-211
F4_CHANNEL pdg=531 idx=188 br=0.0002 products=443:221:111:111
F4_CHANNEL pdg=531 idx=189 br=0.0002 products=443:221:211:-211
F4_CHANNEL pdg=531 idx=190 br=0.0007 products=443:311:311:111
F4_CHANNEL pdg=531 idx=191 br=0.0007 products=443:321:-321:111
F4_CHANNEL pdg=531 idx=192 br=0.0007 products=443:-321:311:211
F4_CHANNEL pdg=531 idx=193 br=0.0004 products=443:331:111:111
F4_CHANNEL pdg=531 idx=194 br=0.0004 products=443:331:211:-211
F4_CHANNEL pdg=531 idx=195 br=0.00039 products=443:333:111:111
F4_CHANNEL pdg=531 idx=196 br=0.00039 products=443:333:211:-211
F4_CHANNEL pdg=531 idx=197 br=0.00016 products=445:311:311:111
F4_CHANNEL pdg=531 idx=198 br=0.00016 products=445:321:-321:111
F4_CHANNEL pdg=531 idx=199 br=0.00016 products=445:-321:311:211
F4_CHANNEL pdg=531 idx=200 br=3e-05 products=10441:311:311:111
F4_CHANNEL pdg=531 idx=201 br=3e-05 products=10441:321:-321:111
F4_CHANNEL pdg=531 idx=202 br=3e-05 products=10441:-321:311:211
F4_CHANNEL pdg=531 idx=203 br=0.00016 products=10443:311:311:111
F4_CHANNEL pdg=531 idx=204 br=0.00016 products=10443:321:-321:111
F4_CHANNEL pdg=531 idx=205 br=0.00016 products=10443:-321:311:211
F4_CHANNEL pdg=531 idx=206 br=0.0001 products=20443:221:111:111
F4_CHANNEL pdg=531 idx=207 br=0.0001 products=20443:221:211:-211
F4_CHANNEL pdg=531 idx=208 br=0.00026 products=20443:311:311:111
F4_CHANNEL pdg=531 idx=209 br=0.00026 products=20443:321:-321:111
F4_CHANNEL pdg=531 idx=210 br=0.00026 products=20443:-321:311:211
F4_CHANNEL pdg=531 idx=211 br=0.0002 products=20443:331:111:111
F4_CHANNEL pdg=531 idx=212 br=0.0002 products=20443:331:211:-211
F4_CHANNEL pdg=531 idx=213 br=0.0004 products=20443:333:111:111
F4_CHANNEL pdg=531 idx=214 br=0.0004 products=20443:333:211:-211
F4_CHANNEL pdg=531 idx=215 br=0.00012 products=100441:311:311:111
F4_CHANNEL pdg=531 idx=216 br=0.00012 products=100441:321:-321:111
F4_CHANNEL pdg=531 idx=217 br=0.00012 products=100441:-321:311:211
F4_CHANNEL pdg=531 idx=218 br=0.0002 products=100443:221:111:111
F4_CHANNEL pdg=531 idx=219 br=0.0002 products=100443:221:211:-211
F4_CHANNEL pdg=531 idx=220 br=0.0003 products=100443:311:311:111
F4_CHANNEL pdg=531 idx=221 br=0.0003 products=100443:321:-321:111
F4_CHANNEL pdg=531 idx=222 br=0.0003 products=100443:-321:311:211
F4_CHANNEL pdg=531 idx=223 br=0.0004 products=100443:331:111:111
F4_CHANNEL pdg=531 idx=224 br=0.0004 products=100443:331:211:-211
F4_CHANNEL pdg=531 idx=225 br=0.00034 products=100443:333:111:111
F4_CHANNEL pdg=531 idx=226 br=0.00034 products=100443:333:211:-211
F4_CHANNEL pdg=531 idx=227 br=0.005 products=-3:3
F4_CHANNEL pdg=531 idx=228 br=0.02 products=-4301:2101
F4_CHANNEL pdg=531 idx=229 br=0.04 products=-4303:2103
F4_CHANNEL pdg=531 idx=230 br=0.0007 products=1:-1:-1:3
F4_CHANNEL pdg=531 idx=231 br=0.0016 products=1:-1:-3:3
F4_CHANNEL pdg=531 idx=232 br=0.3574344 products=2:-1:-4:3
F4_CHANNEL pdg=531 idx=233 br=0.0036 products=2:-2:-1:3
F4_CHANNEL pdg=531 idx=234 br=0.002 products=2:-2:-3:3
F4_CHANNEL pdg=531 idx=235 br=0.0172 products=2:-3:-4:3
F4_CHANNEL pdg=531 idx=236 br=0.0195 products=2:-4:-1:3
F4_CHANNEL pdg=531 idx=237 br=0.0009 products=2:-4:-3:3
F4_CHANNEL pdg=531 idx=238 br=0.0009 products=3:-3:-1:3
F4_CHANNEL pdg=531 idx=239 br=0.0013 products=3:-3:-3:3
F4_CHANNEL pdg=531 idx=240 br=0.007 products=4:-1:-4:3
F4_CHANNEL pdg=531 idx=241 br=0.004 products=4:-3:-2:3
F4_CHANNEL pdg=531 idx=242 br=0.009 products=433:-431
F4_CHANNEL pdg=531 idx=243 br=0.0099 products=-433:431
F4_CHANNEL pdg=531 idx=244 br=0.0099 products=433:-431
F4_CHANNEL pdg=531 idx=245 br=0.009 products=-433:431
F4_SPECIES pdg=533 name=B*_s0 channels=1 dominant_br=1 dominant_products=531:22 status=OK
F4_CHANNEL pdg=533 idx=0 br=1 products=531:22
F4_SPECIES pdg=535 name=B*_2s0 channels=4 dominant_br=0.33 dominant_products=511:311 status=OK
F4_CHANNEL pdg=535 idx=0 br=0.17 products=513:311
F4_CHANNEL pdg=535 idx=1 br=0.17 products=523:-321
F4_CHANNEL pdg=535 idx=2 br=0.33 products=511:311
F4_CHANNEL pdg=535 idx=3 br=0.33 products=521:-321
F4_SPECIES pdg=541 name=B_c+ channels=85 dominant_br=0.202 dominant_products=533:213 status=OK
F4_CHANNEL pdg=541 idx=0 br=0.016 products=16:-15
F4_CHANNEL pdg=541 idx=1 br=0.0034 products=-11:12:511
F4_CHANNEL pdg=541 idx=2 br=0.0058 products=-11:12:513
F4_CHANNEL pdg=541 idx=3 br=0.0403 products=-11:12:531
F4_CHANNEL pdg=541 idx=4 br=0.0506 products=-11:12:533
F4_CHANNEL pdg=541 idx=5 br=4e-05 products=12:-11:421
F4_CHANNEL pdg=541 idx=6 br=0.00018 products=12:-11:423
F4_CHANNEL pdg=541 idx=7 br=0.0075 products=12:-11:441
F4_CHANNEL pdg=541 idx=8 br=0.019 products=12:-11:443
F4_CHANNEL pdg=541 idx=9 br=0.0002 products=12:-11:100441
F4_CHANNEL pdg=541 idx=10 br=0.00094 products=12:-11:100443
F4_CHANNEL pdg=541 idx=11 br=0.0034 products=-13:14:511
F4_CHANNEL pdg=541 idx=12 br=0.0058 products=-13:14:513
F4_CHANNEL pdg=541 idx=13 br=0.0403 products=-13:14:531
F4_CHANNEL pdg=541 idx=14 br=0.0506 products=-13:14:533
F4_CHANNEL pdg=541 idx=15 br=4e-05 products=14:-13:421
F4_CHANNEL pdg=541 idx=16 br=0.00018 products=14:-13:423
F4_CHANNEL pdg=541 idx=17 br=0.0075 products=14:-13:441
F4_CHANNEL pdg=541 idx=18 br=0.019 products=14:-13:443
F4_CHANNEL pdg=541 idx=19 br=0.0002 products=14:-13:100441
F4_CHANNEL pdg=541 idx=20 br=0.00094 products=14:-13:100443
F4_CHANNEL pdg=541 idx=21 br=2e-05 products=16:-15:421
F4_CHANNEL pdg=541 idx=22 br=8e-05 products=16:-15:423
F4_CHANNEL pdg=541 idx=23 br=0.0023 products=16:-15:441
F4_CHANNEL pdg=541 idx=24 br=0.0048 products=16:-15:443
F4_CHANNEL pdg=541 idx=25 br=1.6e-05 products=16:-15:100441
F4_CHANNEL pdg=541 idx=26 br=8e-05 products=16:-15:100443
F4_CHANNEL pdg=541 idx=27 br=2e-05 products=211:113
F4_CHANNEL pdg=541 idx=28 br=3e-07 products=421:411
F4_CHANNEL pdg=541 idx=29 br=4e-07 products=421:413
F4_CHANNEL pdg=541 idx=30 br=5.3e-05 products=-421:411
F4_CHANNEL pdg=541 idx=31 br=4.9e-05 products=-421:413
F4_CHANNEL pdg=541 idx=32 br=3e-07 products=423:411
F4_CHANNEL pdg=541 idx=33 br=1.6e-06 products=423:413
F4_CHANNEL pdg=541 idx=34 br=7.5e-05 products=-423:411
F4_CHANNEL pdg=541 idx=35 br=0.00033 products=-423:413
F4_CHANNEL pdg=541 idx=36 br=6.6e-06 products=431:421
F4_CHANNEL pdg=541 idx=37 br=4.8e-06 products=431:-421
F4_CHANNEL pdg=541 idx=38 br=6.3e-06 products=431:423
F4_CHANNEL pdg=541 idx=39 br=7.1e-06 products=431:-423
F4_CHANNEL pdg=541 idx=40 br=8.5e-06 products=433:421
F4_CHANNEL pdg=541 idx=41 br=4.5e-06 products=433:-421
F4_CHANNEL pdg=541 idx=42 br=4.04e-05 products=433:423
F4_CHANNEL pdg=541 idx=43 br=2.6e-05 products=433:-423
F4_CHANNEL pdg=541 idx=44 br=0.002 products=441:211
F4_CHANNEL pdg=541 idx=45 br=0.0042 products=441:213
F4_CHANNEL pdg=541 idx=46 br=0.00013 products=441:321
F4_CHANNEL pdg=541 idx=47 br=0.0002 products=441:323
F4_CHANNEL pdg=541 idx=48 br=0.00015 products=441:411
F4_CHANNEL pdg=541 idx=49 br=0.0001 products=441:413
F4_CHANNEL pdg=541 idx=50 br=0.0028 products=441:431
F4_CHANNEL pdg=541 idx=51 br=0.0027 products=441:433
F4_CHANNEL pdg=541 idx=52 br=0.0013 products=443:211
F4_CHANNEL pdg=541 idx=53 br=0.004 products=443:213
F4_CHANNEL pdg=541 idx=54 br=0.00011 products=443:321
F4_CHANNEL pdg=541 idx=55 br=0.00022 products=443:323
F4_CHANNEL pdg=541 idx=56 br=9e-05 products=443:411
F4_CHANNEL pdg=541 idx=57 br=0.00028 products=443:413
F4_CHANNEL pdg=541 idx=58 br=0.0017 products=443:431
F4_CHANNEL pdg=541 idx=59 br=0.0067 products=443:433
F4_CHANNEL pdg=541 idx=60 br=0.0106 products=511:211
F4_CHANNEL pdg=541 idx=61 br=0.0096 products=511:213
F4_CHANNEL pdg=541 idx=62 br=0.0007 products=511:321
F4_CHANNEL pdg=541 idx=63 br=0.00015 products=511:323
F4_CHANNEL pdg=541 idx=64 br=0.0095 products=513:211
F4_CHANNEL pdg=541 idx=65 br=0.0257 products=513:213
F4_CHANNEL pdg=541 idx=66 br=0.00055 products=513:321
F4_CHANNEL pdg=541 idx=67 br=0.00058 products=513:323
F4_CHANNEL pdg=541 idx=68 br=0.00037 products=521:111
F4_CHANNEL pdg=541 idx=69 br=0.00034 products=521:113
F4_CHANNEL pdg=541 idx=70 br=0.0198 products=521:311
F4_CHANNEL pdg=541 idx=71 br=0.00033 products=523:111
F4_CHANNEL pdg=541 idx=72 br=0.0009 products=523:113
F4_CHANNEL pdg=541 idx=73 br=0.016 products=523:311
F4_CHANNEL pdg=541 idx=74 br=0.164 products=531:211
F4_CHANNEL pdg=541 idx=75 br=0.072 products=531:213
F4_CHANNEL pdg=541 idx=76 br=0.0106 products=531:321
F4_CHANNEL pdg=541 idx=77 br=0.065 products=533:211
F4_CHANNEL pdg=541 idx=78 br=0.202 products=533:213
F4_CHANNEL pdg=541 idx=79 br=0.0037 products=533:321
F4_CHANNEL pdg=541 idx=80 br=0.0600502 products=4:-3
F4_CHANNEL pdg=541 idx=81 br=0.0043 products=521:313
F4_CHANNEL pdg=541 idx=82 br=0.0167 products=523:313
F4_CHANNEL pdg=541 idx=83 br=0.0043 products=521:-313
F4_CHANNEL pdg=541 idx=84 br=0.0167 products=523:-313
F4_SPECIES pdg=543 name=B*_c+ channels=1 dominant_br=1 dominant_products=541:22 status=OK
F4_CHANNEL pdg=543 idx=0 br=1 products=541:22
F4_SPECIES pdg=545 name=B*_2c+ channels=4 dominant_br=0.3 dominant_products=511:411 status=OK
F4_CHANNEL pdg=545 idx=0 br=0.3 products=511:411
F4_CHANNEL pdg=545 idx=1 br=0.3 products=521:421
F4_CHANNEL pdg=545 idx=2 br=0.2 products=513:411
F4_CHANNEL pdg=545 idx=3 br=0.2 products=523:421
F4_SPECIES pdg=4112 name=Sigma_c0 channels=1 dominant_br=1 dominant_products=4122:-211 status=OK
F4_CHANNEL pdg=4112 idx=0 br=1 products=4122:-211
F4_SPECIES pdg=4114 name=Sigma*_c0 channels=1 dominant_br=1 dominant_products=4122:-211 status=OK
F4_CHANNEL pdg=4114 idx=0 br=1 products=4122:-211
F4_SPECIES pdg=4122 name=Lambda_c+ channels=76 dominant_br=0.14 dominant_products=2:3201 status=OK
F4_CHANNEL pdg=4122 idx=0 br=0.003 products=-11:12:2112
F4_CHANNEL pdg=4122 idx=1 br=0.002 products=-11:12:2114
F4_CHANNEL pdg=4122 idx=2 br=0.018 products=-11:12:3122
F4_CHANNEL pdg=4122 idx=3 br=0.005 products=-11:12:3212
F4_CHANNEL pdg=4122 idx=4 br=0.005 products=-11:12:3214
F4_CHANNEL pdg=4122 idx=5 br=0.003 products=-13:14:2112
F4_CHANNEL pdg=4122 idx=6 br=0.002 products=-13:14:2114
F4_CHANNEL pdg=4122 idx=7 br=0.018 products=-13:14:3122
F4_CHANNEL pdg=4122 idx=8 br=0.005 products=-13:14:3212
F4_CHANNEL pdg=4122 idx=9 br=0.005 products=-13:14:3214
F4_CHANNEL pdg=4122 idx=10 br=0.006 products=-11:12:2112:111
F4_CHANNEL pdg=4122 idx=11 br=0.006 products=-11:12:2212:-211
F4_CHANNEL pdg=4122 idx=12 br=0.006 products=-13:14:2112:111
F4_CHANNEL pdg=4122 idx=13 br=0.006 products=-13:14:2212:-211
F4_CHANNEL pdg=4122 idx=14 br=0.003 products=2112:211
F4_CHANNEL pdg=4122 idx=15 br=0.003 products=2112:213
F4_CHANNEL pdg=4122 idx=16 br=0.003 products=2114:211
F4_CHANNEL pdg=4122 idx=17 br=0.003 products=2114:213
F4_CHANNEL pdg=4122 idx=18 br=0.002 products=2212:111
F4_CHANNEL pdg=4122 idx=19 br=0.002 products=2212:113
F4_CHANNEL pdg=4122 idx=20 br=0.001 products=2212:221
F4_CHANNEL pdg=4122 idx=21 br=0.002 products=2212:223
F4_CHANNEL pdg=4122 idx=22 br=0.023 products=2212:311
F4_CHANNEL pdg=4122 idx=23 br=0.04 products=2212:-313
F4_CHANNEL pdg=4122 idx=24 br=0.001 products=2212:331
F4_CHANNEL pdg=4122 idx=25 br=0.0013 products=2212:333
F4_CHANNEL pdg=4122 idx=26 br=0.001 products=2214:111
F4_CHANNEL pdg=4122 idx=27 br=0.001 products=2214:113
F4_CHANNEL pdg=4122 idx=28 br=0.001 products=2214:221
F4_CHANNEL pdg=4122 idx=29 br=0.001 products=2214:223
F4_CHANNEL pdg=4122 idx=30 br=0.005 products=2214:311
F4_CHANNEL pdg=4122 idx=31 br=0.005 products=2214:-313
F4_CHANNEL pdg=4122 idx=32 br=0.001 products=2214:331
F4_CHANNEL pdg=4122 idx=33 br=0.001 products=2224:-211
F4_CHANNEL pdg=4122 idx=34 br=0.001 products=2224:-213
F4_CHANNEL pdg=4122 idx=35 br=0.0066 products=2224:-321
F4_CHANNEL pdg=4122 idx=36 br=0.025 products=2224:-323
F4_CHANNEL pdg=4122 idx=37 br=0.0058 products=3122:211
F4_CHANNEL pdg=4122 idx=38 br=0.005 products=3122:213
F4_CHANNEL pdg=4122 idx=39 br=0.005 products=3122:321
F4_CHANNEL pdg=4122 idx=40 br=0.005 products=3122:323
F4_CHANNEL pdg=4122 idx=41 br=0.0055 products=3212:211
F4_CHANNEL pdg=4122 idx=42 br=0.004 products=3212:213
F4_CHANNEL pdg=4122 idx=43 br=0.002 products=3212:321
F4_CHANNEL pdg=4122 idx=44 br=0.002 products=3212:323
F4_CHANNEL pdg=4122 idx=45 br=0.004 products=3214:211
F4_CHANNEL pdg=4122 idx=46 br=0.004 products=3214:213
F4_CHANNEL pdg=4122 idx=47 br=0.001 products=3214:321
F4_CHANNEL pdg=4122 idx=48 br=0.001 products=3214:323
F4_CHANNEL pdg=4122 idx=49 br=0.004 products=3222:111
F4_CHANNEL pdg=4122 idx=50 br=0.004 products=3222:113
F4_CHANNEL pdg=4122 idx=51 br=0.002 products=3222:221
F4_CHANNEL pdg=4122 idx=52 br=0.004 products=3222:223
F4_CHANNEL pdg=4122 idx=53 br=0.002 products=3222:311
F4_CHANNEL pdg=4122 idx=54 br=0.002 products=3222:313
F4_CHANNEL pdg=4122 idx=55 br=0.002 products=3222:331
F4_CHANNEL pdg=4122 idx=56 br=0.003 products=3224:111
F4_CHANNEL pdg=4122 idx=57 br=0.003 products=3224:113
F4_CHANNEL pdg=4122 idx=58 br=0.002 products=3224:221
F4_CHANNEL pdg=4122 idx=59 br=0.003 products=3224:223
F4_CHANNEL pdg=4122 idx=60 br=0.001 products=3224:311
F4_CHANNEL pdg=4122 idx=61 br=0.001 products=3224:313
F4_CHANNEL pdg=4122 idx=62 br=0.002 products=3322:321
F4_CHANNEL pdg=4122 idx=63 br=0.002 products=3322:323
F4_CHANNEL pdg=4122 idx=64 br=0.002 products=3324:321
F4_CHANNEL pdg=4122 idx=65 br=0.0018 products=9010221:2212
F4_CHANNEL pdg=4122 idx=66 br=0.03 products=1:2203
F4_CHANNEL pdg=4122 idx=67 br=0.015 products=2:2101
F4_CHANNEL pdg=4122 idx=68 br=0.015 products=2:2103
F4_CHANNEL pdg=4122 idx=69 br=0.14 products=2:3201
F4_CHANNEL pdg=4122 idx=70 br=0.14 products=2:3203
F4_CHANNEL pdg=4122 idx=71 br=0.095 products=3:2203
F4_CHANNEL pdg=4122 idx=72 br=0.035 products=2:-1:1:2101
F4_CHANNEL pdg=4122 idx=73 br=0.13 products=2:-1:1:3201
F4_CHANNEL pdg=4122 idx=74 br=0.057 products=2:-1:1:3203
F4_CHANNEL pdg=4122 idx=75 br=0.035 products=2:-3:1:3201
F4_SPECIES pdg=4124 name=Lambda_c(2625)+ channels=3 dominant_br=0.66 dominant_products=4122:211:-211 status=OK
F4_CHANNEL pdg=4124 idx=0 br=0.66 products=4122:211:-211
F4_CHANNEL pdg=4124 idx=1 br=0.33 products=4122:111
F4_CHANNEL pdg=4124 idx=2 br=0.01 products=4122:22
F4_SPECIES pdg=4132 name=Xi_c0 channels=8 dominant_br=0.54 dominant_products=2:-1:3:3101 status=OK
F4_CHANNEL pdg=4132 idx=0 br=0.02 products=-11:12:3:3101
F4_CHANNEL pdg=4132 idx=1 br=0.005 products=-11:12:3:3103
F4_CHANNEL pdg=4132 idx=2 br=0.02 products=-13:14:3:3101
F4_CHANNEL pdg=4132 idx=3 br=0.005 products=-13:14:3:3103
F4_CHANNEL pdg=4132 idx=4 br=0.54 products=2:-1:3:3101
F4_CHANNEL pdg=4132 idx=5 br=0.21 products=3:3201
F4_CHANNEL pdg=4132 idx=6 br=0.1 products=3:3203
F4_CHANNEL pdg=4132 idx=7 br=0.1 products=2:3303
F4_SPECIES pdg=4212 name=Sigma_c+ channels=1 dominant_br=1 dominant_products=4122:111 status=OK
F4_CHANNEL pdg=4212 idx=0 br=1 products=4122:111
F4_SPECIES pdg=4214 name=Sigma*_c+ channels=1 dominant_br=1 dominant_products=4122:111 status=OK
F4_CHANNEL pdg=4214 idx=0 br=1 products=4122:111
F4_SPECIES pdg=4222 name=Sigma_c++ channels=1 dominant_br=1 dominant_products=4122:211 status=OK
F4_CHANNEL pdg=4222 idx=0 br=1 products=4122:211
F4_SPECIES pdg=4224 name=Sigma*_c++ channels=1 dominant_br=1 dominant_products=4122:211 status=OK
F4_CHANNEL pdg=4224 idx=0 br=1 products=4122:211
F4_SPECIES pdg=4232 name=Xi_c+ channels=5 dominant_br=0.93 dominant_products=2:-1:3:3201 status=OK
F4_CHANNEL pdg=4232 idx=0 br=0.028 products=-11:12:3:3201
F4_CHANNEL pdg=4232 idx=1 br=0.007 products=-11:12:3:3203
F4_CHANNEL pdg=4232 idx=2 br=0.028 products=-13:14:3:3201
F4_CHANNEL pdg=4232 idx=3 br=0.007 products=-13:14:3:3203
F4_CHANNEL pdg=4232 idx=4 br=0.93 products=2:-1:3:3201
F4_SPECIES pdg=4312 name=Xi'_c0 channels=1 dominant_br=1 dominant_products=4132:22 status=OK
F4_CHANNEL pdg=4312 idx=0 br=1 products=4132:22
F4_SPECIES pdg=4314 name=Xi*_c0 channels=2 dominant_br=0.5 dominant_products=4132:111 status=OK
F4_CHANNEL pdg=4314 idx=0 br=0.5 products=4132:111
F4_CHANNEL pdg=4314 idx=1 br=0.5 products=4132:22
F4_SPECIES pdg=4322 name=Xi'_c+ channels=1 dominant_br=1 dominant_products=4232:22 status=OK
F4_CHANNEL pdg=4322 idx=0 br=1 products=4232:22
F4_SPECIES pdg=4324 name=Xi*_c+ channels=2 dominant_br=0.5 dominant_products=4232:111 status=OK
F4_CHANNEL pdg=4324 idx=0 br=0.5 products=4232:111
F4_CHANNEL pdg=4324 idx=1 br=0.5 products=4232:22
F4_SPECIES pdg=4332 name=Omega_c0 channels=3 dominant_br=0.964 dominant_products=2:-1:3:3303 status=OK
F4_CHANNEL pdg=4332 idx=0 br=0.018 products=-11:12:3:3303
F4_CHANNEL pdg=4332 idx=1 br=0.018 products=-13:14:3:3303
F4_CHANNEL pdg=4332 idx=2 br=0.964 products=2:-1:3:3303
F4_SPECIES pdg=4334 name=Omega*_c0 channels=1 dominant_br=1 dominant_products=4332:22 status=OK
F4_CHANNEL pdg=4334 idx=0 br=1 products=4332:22
F4_SPECIES pdg=4412 name=Xi_cc+ channels=4 dominant_br=0.76 dominant_products=2:-1:3:81 status=OK
F4_CHANNEL pdg=4412 idx=0 br=0.08 products=-11:12:3:81
F4_CHANNEL pdg=4412 idx=1 br=0.08 products=-13:14:3:81
F4_CHANNEL pdg=4412 idx=2 br=0.76 products=2:-1:3:81
F4_CHANNEL pdg=4412 idx=3 br=0.08 products=2:-3:3:81
F4_SPECIES pdg=4414 name=Xi*_cc+ channels=4 dominant_br=0.76 dominant_products=2:-1:3:81 status=OK
F4_CHANNEL pdg=4414 idx=0 br=0.08 products=-11:12:3:81
F4_CHANNEL pdg=4414 idx=1 br=0.08 products=-13:14:3:81
F4_CHANNEL pdg=4414 idx=2 br=0.76 products=2:-1:3:81
F4_CHANNEL pdg=4414 idx=3 br=0.08 products=2:-3:3:81
F4_SPECIES pdg=4422 name=Xi_cc++ channels=4 dominant_br=0.76 dominant_products=2:-1:3:81 status=OK
F4_CHANNEL pdg=4422 idx=0 br=0.08 products=-11:12:3:81
F4_CHANNEL pdg=4422 idx=1 br=0.08 products=-13:14:3:81
F4_CHANNEL pdg=4422 idx=2 br=0.76 products=2:-1:3:81
F4_CHANNEL pdg=4422 idx=3 br=0.08 products=2:-3:3:81
F4_SPECIES pdg=4424 name=Xi*_cc++ channels=4 dominant_br=0.76 dominant_products=2:-1:3:81 status=OK
F4_CHANNEL pdg=4424 idx=0 br=0.08 products=-11:12:3:81
F4_CHANNEL pdg=4424 idx=1 br=0.08 products=-13:14:3:81
F4_CHANNEL pdg=4424 idx=2 br=0.76 products=2:-1:3:81
F4_CHANNEL pdg=4424 idx=3 br=0.08 products=2:-3:3:81
F4_SPECIES pdg=4432 name=Omega_cc+ channels=4 dominant_br=0.76 dominant_products=2:-1:3:81 status=OK
F4_CHANNEL pdg=4432 idx=0 br=0.08 products=-11:12:3:81
F4_CHANNEL pdg=4432 idx=1 br=0.08 products=-13:14:3:81
F4_CHANNEL pdg=4432 idx=2 br=0.76 products=2:-1:3:81
F4_CHANNEL pdg=4432 idx=3 br=0.08 products=2:-3:3:81
F4_SPECIES pdg=4434 name=Omega*_cc+ channels=4 dominant_br=0.76 dominant_products=2:-1:3:81 status=OK
F4_CHANNEL pdg=4434 idx=0 br=0.08 products=-11:12:3:81
F4_CHANNEL pdg=4434 idx=1 br=0.08 products=-13:14:3:81
F4_CHANNEL pdg=4434 idx=2 br=0.76 products=2:-1:3:81
F4_CHANNEL pdg=4434 idx=3 br=0.08 products=2:-3:3:81
F4_SPECIES pdg=4444 name=Omega*_ccc++ channels=4 dominant_br=0.76 dominant_products=2:-1:3:81 status=OK
F4_CHANNEL pdg=4444 idx=0 br=0.08 products=-11:12:3:81
F4_CHANNEL pdg=4444 idx=1 br=0.08 products=-13:14:3:81
F4_CHANNEL pdg=4444 idx=2 br=0.76 products=2:-1:3:81
F4_CHANNEL pdg=4444 idx=3 br=0.08 products=2:-3:3:81
F4_SPECIES pdg=5112 name=Sigma_b- channels=1 dominant_br=1 dominant_products=5122:-211 status=OK
F4_CHANNEL pdg=5112 idx=0 br=1 products=5122:-211
F4_SPECIES pdg=5114 name=Sigma*_b- channels=1 dominant_br=1 dominant_products=5122:-211 status=OK
F4_CHANNEL pdg=5114 idx=0 br=1 products=5122:-211
F4_SPECIES pdg=5122 name=Lambda_b0 channels=41 dominant_br=0.4411147 dominant_products=-2:1:4:2101 status=OK
F4_CHANNEL pdg=5122 idx=0 br=0.0546 products=-12:11:4122
F4_CHANNEL pdg=5122 idx=1 br=0.0096 products=-12:11:4124
F4_CHANNEL pdg=5122 idx=2 br=0.0128 products=-12:11:14122
F4_CHANNEL pdg=5122 idx=3 br=0.0546 products=-14:13:4122
F4_CHANNEL pdg=5122 idx=4 br=0.0096 products=-14:13:4124
F4_CHANNEL pdg=5122 idx=5 br=0.0128 products=-14:13:14122
F4_CHANNEL pdg=5122 idx=6 br=0.0172 products=-16:15:4122
F4_CHANNEL pdg=5122 idx=7 br=0.0032 products=-16:15:4124
F4_CHANNEL pdg=5122 idx=8 br=0.0043 products=-16:15:14122
F4_CHANNEL pdg=5122 idx=9 br=0.0008 products=2112:421
F4_CHANNEL pdg=5122 idx=10 br=4.8e-06 products=2212:-211
F4_CHANNEL pdg=5122 idx=11 br=1.85e-05 products=2212:-321
F4_CHANNEL pdg=5122 idx=12 br=6.5e-05 products=3122:22
F4_CHANNEL pdg=5122 idx=13 br=5e-06 products=3122:113
F4_CHANNEL pdg=5122 idx=14 br=2e-05 products=3122:333
F4_CHANNEL pdg=5122 idx=15 br=0.0008 products=3122:-421
F4_CHANNEL pdg=5122 idx=16 br=0.001 products=3122:441
F4_CHANNEL pdg=5122 idx=17 br=0.00047 products=3122:443
F4_CHANNEL pdg=5122 idx=18 br=5.9e-05 products=102134:22
F4_CHANNEL pdg=5122 idx=19 br=0.0006 products=4112:111
F4_CHANNEL pdg=5122 idx=20 br=0.0004 products=4112:221
F4_CHANNEL pdg=5122 idx=21 br=0.0005 products=4112:331
F4_CHANNEL pdg=5122 idx=22 br=0.04 products=4122:-211
F4_CHANNEL pdg=5122 idx=23 br=0.01 products=4122:-213
F4_CHANNEL pdg=5122 idx=24 br=0.00055 products=4122:-321
F4_CHANNEL pdg=5122 idx=25 br=0.022 products=4122:-431
F4_CHANNEL pdg=5122 idx=26 br=0.044 products=4122:-433
F4_CHANNEL pdg=5122 idx=27 br=0.0003 products=4132:311
F4_CHANNEL pdg=5122 idx=28 br=0.0006 products=4212:-211
F4_CHANNEL pdg=5122 idx=29 br=0.0005 products=4312:311
F4_CHANNEL pdg=5122 idx=30 br=0.02 products=-20213:4122
F4_CHANNEL pdg=5122 idx=31 br=5.7e-05 products=203122:22
F4_CHANNEL pdg=5122 idx=32 br=5.6e-05 products=103122:22
F4_CHANNEL pdg=5122 idx=33 br=0.00038 products=100443:3122
F4_CHANNEL pdg=5122 idx=34 br=0.022 products=4122:211:-211:-211
F4_CHANNEL pdg=5122 idx=35 br=0.02 products=3122:311:211:211:-211:-211
F4_CHANNEL pdg=5122 idx=36 br=0.012 products=-2:1:2:2101
F4_CHANNEL pdg=5122 idx=37 br=0.4411147 products=-2:1:4:2101
F4_CHANNEL pdg=5122 idx=38 br=0.091 products=-2:4:1:2101
F4_CHANNEL pdg=5122 idx=39 br=0.012 products=-4:3:2:2101
F4_CHANNEL pdg=5122 idx=40 br=0.08 products=-4:3:4:2101
F4_SPECIES pdg=5132 name=Xi_b- channels=52 dominant_br=0.263225 dominant_products=-2:4:1:3101 status=OK
F4_CHANNEL pdg=5132 idx=0 br=0.108001 products=-12:11:4:3101
F4_CHANNEL pdg=5132 idx=1 br=0.002 products=-12:11:2:3101
F4_CHANNEL pdg=5132 idx=2 br=0.108 products=-14:13:4:3101
F4_CHANNEL pdg=5132 idx=3 br=0.002 products=-14:13:2:3101
F4_CHANNEL pdg=5132 idx=4 br=0.025 products=-16:15:4:3101
F4_CHANNEL pdg=5132 idx=5 br=0.001 products=-16:15:4:3101
F4_CHANNEL pdg=5132 idx=6 br=0.001 products=443:3312
F4_CHANNEL pdg=5132 idx=7 br=0.000437 products=100443:3312
F4_CHANNEL pdg=5132 idx=8 br=0.000471 products=20443:3312
F4_CHANNEL pdg=5132 idx=9 br=9e-05 products=445:3312
F4_CHANNEL pdg=5132 idx=10 br=0.00049 products=441:3312
F4_CHANNEL pdg=5132 idx=11 br=0.0015 products=443:3314
F4_CHANNEL pdg=5132 idx=12 br=0.000656 products=100443:3314
F4_CHANNEL pdg=5132 idx=13 br=0.000706 products=20443:3314
F4_CHANNEL pdg=5132 idx=14 br=0.000135 products=445:3314
F4_CHANNEL pdg=5132 idx=15 br=0.000735 products=441:3314
F4_CHANNEL pdg=5132 idx=16 br=0.0012 products=443:-321:3122
F4_CHANNEL pdg=5132 idx=17 br=0.000524 products=100443:-321:3122
F4_CHANNEL pdg=5132 idx=18 br=0.000565 products=20443:-321:3122
F4_CHANNEL pdg=5132 idx=19 br=0.000108 products=445:-321:3122
F4_CHANNEL pdg=5132 idx=20 br=0.000588 products=441:-321:3122
F4_CHANNEL pdg=5132 idx=21 br=0.0006 products=443:-311:3112
F4_CHANNEL pdg=5132 idx=22 br=0.000262 products=100443:-311:3112
F4_CHANNEL pdg=5132 idx=23 br=0.000283 products=20443:-311:3112
F4_CHANNEL pdg=5132 idx=24 br=5.4e-05 products=445:-311:3112
F4_CHANNEL pdg=5132 idx=25 br=0.000294 products=441:-311:3112
F4_CHANNEL pdg=5132 idx=26 br=0.00382 products=443:3:3101
F4_CHANNEL pdg=5132 idx=27 br=0.001669 products=100443:3:3101
F4_CHANNEL pdg=5132 idx=28 br=0.001799 products=20443:3:3101
F4_CHANNEL pdg=5132 idx=29 br=0.000344 products=445:3:3101
F4_CHANNEL pdg=5132 idx=30 br=0.001872 products=441:3:3101
F4_CHANNEL pdg=5132 idx=31 br=0.109677 products=-2:1:4:3101
F4_CHANNEL pdg=5132 idx=32 br=0.263225 products=-2:4:1:3101
F4_CHANNEL pdg=5132 idx=33 br=0.065806 products=-2:1:4:3101
F4_CHANNEL pdg=5132 idx=34 br=0 products=-2:4:1:3101
F4_CHANNEL pdg=5132 idx=35 br=0.005772 products=-2:3:4:3101
F4_CHANNEL pdg=5132 idx=36 br=0.013854 products=-2:4:3:3101
F4_CHANNEL pdg=5132 idx=37 br=0.003463 products=-2:3:4:3101
F4_CHANNEL pdg=5132 idx=38 br=0 products=-2:4:3:3101
F4_CHANNEL pdg=5132 idx=39 br=0.009 products=-2:1:2:3101
F4_CHANNEL pdg=5132 idx=40 br=0.006 products=-2:2:1:3101
F4_CHANNEL pdg=5132 idx=41 br=0.023 products=-431:4:3101
F4_CHANNEL pdg=5132 idx=42 br=0.023 products=-433:4:3101
F4_CHANNEL pdg=5132 idx=43 br=0.013 products=-431:4132
F4_CHANNEL pdg=5132 idx=44 br=0.009 products=-431:4314
F4_CHANNEL pdg=5132 idx=45 br=0.009 products=-433:4132
F4_CHANNEL pdg=5132 idx=46 br=0.023 products=-433:4314
F4_CHANNEL pdg=5132 idx=47 br=0.008 products=-421:-321:4:3101
F4_CHANNEL pdg=5132 idx=48 br=0.008 products=-411:-311:4:3101
F4_CHANNEL pdg=5132 idx=49 br=0.032 products=-423:-321:4:3101
F4_CHANNEL pdg=5132 idx=50 br=0.032 products=-413:-311:4:3101
F4_CHANNEL pdg=5132 idx=51 br=0.077 products=4122:-2203:3101
F4_SPECIES pdg=5142 name=Xi_bc0 channels=9 dominant_br=0.5 dominant_products=-2:1:4:81 status=OK
F4_CHANNEL pdg=5142 idx=0 br=0.105 products=-12:11:4:81
F4_CHANNEL pdg=5142 idx=1 br=0.105 products=-14:13:4:81
F4_CHANNEL pdg=5142 idx=2 br=0.04 products=-16:15:4:81
F4_CHANNEL pdg=5142 idx=3 br=0.5 products=-2:1:4:81
F4_CHANNEL pdg=5142 idx=4 br=0.08 products=-2:4:1:81
F4_CHANNEL pdg=5142 idx=5 br=0.14 products=-4:3:4:81
F4_CHANNEL pdg=5142 idx=6 br=0.01 products=-4:4:3:81
F4_CHANNEL pdg=5142 idx=7 br=0.015 products=-2:1:2:81
F4_CHANNEL pdg=5142 idx=8 br=0.005 products=-4:3:2:81
F4_SPECIES pdg=5212 name=Sigma_b0 channels=1 dominant_br=1 dominant_products=5122:111 status=OK
F4_CHANNEL pdg=5212 idx=0 br=1 products=5122:111
F4_SPECIES pdg=5214 name=Sigma*_b0 channels=1 dominant_br=1 dominant_products=5122:111 status=OK
F4_CHANNEL pdg=5214 idx=0 br=1 products=5122:111
F4_SPECIES pdg=5222 name=Sigma_b+ channels=1 dominant_br=1 dominant_products=5122:211 status=OK
F4_CHANNEL pdg=5222 idx=0 br=1 products=5122:211
F4_SPECIES pdg=5224 name=Sigma*_b+ channels=1 dominant_br=1 dominant_products=5122:211 status=OK
F4_CHANNEL pdg=5224 idx=0 br=1 products=5122:211
F4_SPECIES pdg=5232 name=Xi_b0 channels=52 dominant_br=0.263225 dominant_products=-2:4:1:3201 status=OK
F4_CHANNEL pdg=5232 idx=0 br=0.108001 products=-12:11:4:3201
F4_CHANNEL pdg=5232 idx=1 br=0.002 products=-12:11:2:3201
F4_CHANNEL pdg=5232 idx=2 br=0.108 products=-14:13:4:3201
F4_CHANNEL pdg=5232 idx=3 br=0.002 products=-14:13:2:3201
F4_CHANNEL pdg=5232 idx=4 br=0.025 products=-16:15:4:3201
F4_CHANNEL pdg=5232 idx=5 br=0.001 products=-16:15:4:3201
F4_CHANNEL pdg=5232 idx=6 br=0.001 products=443:3322
F4_CHANNEL pdg=5232 idx=7 br=0.000437 products=100443:3322
F4_CHANNEL pdg=5232 idx=8 br=0.000471 products=20443:3322
F4_CHANNEL pdg=5232 idx=9 br=9e-05 products=445:3322
F4_CHANNEL pdg=5232 idx=10 br=0.00049 products=441:3322
F4_CHANNEL pdg=5232 idx=11 br=0.0015 products=443:3324
F4_CHANNEL pdg=5232 idx=12 br=0.000656 products=100443:3324
F4_CHANNEL pdg=5232 idx=13 br=0.000706 products=20443:3324
F4_CHANNEL pdg=5232 idx=14 br=0.000135 products=445:3324
F4_CHANNEL pdg=5232 idx=15 br=0.000735 products=441:3324
F4_CHANNEL pdg=5232 idx=16 br=0.0012 products=443:-321:3222
F4_CHANNEL pdg=5232 idx=17 br=0.000524 products=100443:-321:3222
F4_CHANNEL pdg=5232 idx=18 br=0.000565 products=20443:-321:3222
F4_CHANNEL pdg=5232 idx=19 br=0.000108 products=445:-321:3222
F4_CHANNEL pdg=5232 idx=20 br=0.000588 products=441:-321:3222
F4_CHANNEL pdg=5232 idx=21 br=0.0006 products=443:-311:3212
F4_CHANNEL pdg=5232 idx=22 br=0.000262 products=100443:-311:3212
F4_CHANNEL pdg=5232 idx=23 br=0.000283 products=20443:-311:3212
F4_CHANNEL pdg=5232 idx=24 br=5.4e-05 products=445:-311:3212
F4_CHANNEL pdg=5232 idx=25 br=0.000294 products=441:-311:3212
F4_CHANNEL pdg=5232 idx=26 br=0.00382 products=443:3:3201
F4_CHANNEL pdg=5232 idx=27 br=0.001669 products=100443:3:3201
F4_CHANNEL pdg=5232 idx=28 br=0.001799 products=20443:3:3201
F4_CHANNEL pdg=5232 idx=29 br=0.000344 products=445:3:3201
F4_CHANNEL pdg=5232 idx=30 br=0.001872 products=441:3:3201
F4_CHANNEL pdg=5232 idx=31 br=0.109677 products=-2:1:4:3201
F4_CHANNEL pdg=5232 idx=32 br=0.263225 products=-2:4:1:3201
F4_CHANNEL pdg=5232 idx=33 br=0.065806 products=-2:1:4:3201
F4_CHANNEL pdg=5232 idx=34 br=0 products=-2:4:1:3201
F4_CHANNEL pdg=5232 idx=35 br=0.005772 products=-2:3:4:3201
F4_CHANNEL pdg=5232 idx=36 br=0.013854 products=-2:4:3:3201
F4_CHANNEL pdg=5232 idx=37 br=0.003463 products=-2:3:4:3201
F4_CHANNEL pdg=5232 idx=38 br=0 products=-2:4:3:3201
F4_CHANNEL pdg=5232 idx=39 br=0.009 products=-2:1:2:3201
F4_CHANNEL pdg=5232 idx=40 br=0.006 products=-2:2:1:3201
F4_CHANNEL pdg=5232 idx=41 br=0.023 products=-431:4:3201
F4_CHANNEL pdg=5232 idx=42 br=0.023 products=-433:4:3201
F4_CHANNEL pdg=5232 idx=43 br=0.013 products=-431:4232
F4_CHANNEL pdg=5232 idx=44 br=0.009 products=-431:4324
F4_CHANNEL pdg=5232 idx=45 br=0.009 products=-433:4232
F4_CHANNEL pdg=5232 idx=46 br=0.023 products=-433:4324
F4_CHANNEL pdg=5232 idx=47 br=0.008 products=-421:-321:4:3201
F4_CHANNEL pdg=5232 idx=48 br=0.008 products=-411:-311:4:3201
F4_CHANNEL pdg=5232 idx=49 br=0.032 products=-423:-321:4:3201
F4_CHANNEL pdg=5232 idx=50 br=0.032 products=-413:-311:4:3201
F4_CHANNEL pdg=5232 idx=51 br=0.077 products=4122:-2203:3201
F4_SPECIES pdg=5242 name=Xi_bc+ channels=9 dominant_br=0.5 dominant_products=-2:1:4:81 status=OK
F4_CHANNEL pdg=5242 idx=0 br=0.105 products=-12:11:4:81
F4_CHANNEL pdg=5242 idx=1 br=0.105 products=-14:13:4:81
F4_CHANNEL pdg=5242 idx=2 br=0.04 products=-16:15:4:81
F4_CHANNEL pdg=5242 idx=3 br=0.5 products=-2:1:4:81
F4_CHANNEL pdg=5242 idx=4 br=0.08 products=-2:4:1:81
F4_CHANNEL pdg=5242 idx=5 br=0.14 products=-4:3:4:81
F4_CHANNEL pdg=5242 idx=6 br=0.01 products=-4:4:3:81
F4_CHANNEL pdg=5242 idx=7 br=0.015 products=-2:1:2:81
F4_CHANNEL pdg=5242 idx=8 br=0.005 products=-4:3:2:81
F4_SPECIES pdg=5312 name=Xi'_b- channels=1 dominant_br=1 dominant_products=5132:22 status=OK
F4_CHANNEL pdg=5312 idx=0 br=1 products=5132:22
F4_SPECIES pdg=5314 name=Xi*_b- channels=1 dominant_br=1 dominant_products=5132:22 status=OK
F4_CHANNEL pdg=5314 idx=0 br=1 products=5132:22
F4_SPECIES pdg=5322 name=Xi'_b0 channels=1 dominant_br=1 dominant_products=5232:22 status=OK
F4_CHANNEL pdg=5322 idx=0 br=1 products=5232:22
F4_SPECIES pdg=5324 name=Xi*_b0 channels=1 dominant_br=1 dominant_products=5232:22 status=OK
F4_CHANNEL pdg=5324 idx=0 br=1 products=5232:22
F4_SPECIES pdg=5332 name=Omega_b- channels=47 dominant_br=0.263225 dominant_products=-2:4:1:3303 status=OK
F4_CHANNEL pdg=5332 idx=0 br=0.108001 products=-12:11:4:3303
F4_CHANNEL pdg=5332 idx=1 br=0.002 products=-12:11:2:3303
F4_CHANNEL pdg=5332 idx=2 br=0.108 products=-14:13:4:3303
F4_CHANNEL pdg=5332 idx=3 br=0.002 products=-14:13:2:3303
F4_CHANNEL pdg=5332 idx=4 br=0.025 products=-16:15:4:3303
F4_CHANNEL pdg=5332 idx=5 br=0.001 products=-16:15:4:3303
F4_CHANNEL pdg=5332 idx=6 br=0.0025 products=443:3334
F4_CHANNEL pdg=5332 idx=7 br=0.001093 products=100443:3334
F4_CHANNEL pdg=5332 idx=8 br=0.001177 products=20443:3334
F4_CHANNEL pdg=5332 idx=9 br=0.000225 products=445:3334
F4_CHANNEL pdg=5332 idx=10 br=0.001225 products=441:3334
F4_CHANNEL pdg=5332 idx=11 br=0.0012 products=443:-321:3322
F4_CHANNEL pdg=5332 idx=12 br=0.000524 products=100443:-321:3322
F4_CHANNEL pdg=5332 idx=13 br=0.000565 products=20443:-321:3322
F4_CHANNEL pdg=5332 idx=14 br=0.000108 products=445:-321:3322
F4_CHANNEL pdg=5332 idx=15 br=0.000588 products=441:-321:3322
F4_CHANNEL pdg=5332 idx=16 br=0.0006 products=443:-311:3312
F4_CHANNEL pdg=5332 idx=17 br=0.000262 products=100443:-311:3312
F4_CHANNEL pdg=5332 idx=18 br=0.000283 products=20443:-311:3312
F4_CHANNEL pdg=5332 idx=19 br=5.4e-05 products=445:-311:3312
F4_CHANNEL pdg=5332 idx=20 br=0.000294 products=441:-311:3312
F4_CHANNEL pdg=5332 idx=21 br=0.00382 products=443:3:3303
F4_CHANNEL pdg=5332 idx=22 br=0.001669 products=100443:3:3303
F4_CHANNEL pdg=5332 idx=23 br=0.001799 products=20443:3:3303
F4_CHANNEL pdg=5332 idx=24 br=0.000344 products=445:3:3303
F4_CHANNEL pdg=5332 idx=25 br=0.001872 products=441:3:3303
F4_CHANNEL pdg=5332 idx=26 br=0.109677 products=-2:1:4:3303
F4_CHANNEL pdg=5332 idx=27 br=0.263225 products=-2:4:1:3303
F4_CHANNEL pdg=5332 idx=28 br=0.065806 products=-2:1:4:3303
F4_CHANNEL pdg=5332 idx=29 br=0 products=-2:4:1:3303
F4_CHANNEL pdg=5332 idx=30 br=0.005772 products=-2:3:4:3303
F4_CHANNEL pdg=5332 idx=31 br=0.013854 products=-2:4:3:3303
F4_CHANNEL pdg=5332 idx=32 br=0.003463 products=-2:3:4:3303
F4_CHANNEL pdg=5332 idx=33 br=0 products=-2:4:3:3303
F4_CHANNEL pdg=5332 idx=34 br=0.009 products=-2:1:2:3303
F4_CHANNEL pdg=5332 idx=35 br=0.006 products=-2:2:1:3303
F4_CHANNEL pdg=5332 idx=36 br=0.023 products=-431:4:3303
F4_CHANNEL pdg=5332 idx=37 br=0.023 products=-433:4:3303
F4_CHANNEL pdg=5332 idx=38 br=0.013 products=-431:4332
F4_CHANNEL pdg=5332 idx=39 br=0.009 products=-431:4334
F4_CHANNEL pdg=5332 idx=40 br=0.009 products=-433:4332
F4_CHANNEL pdg=5332 idx=41 br=0.023 products=-433:4334
F4_CHANNEL pdg=5332 idx=42 br=0.008 products=-421:-321:4:3303
F4_CHANNEL pdg=5332 idx=43 br=0.008 products=-411:-311:4:3303
F4_CHANNEL pdg=5332 idx=44 br=0.032 products=-423:-321:4:3303
F4_CHANNEL pdg=5332 idx=45 br=0.032 products=-413:-311:4:3303
F4_CHANNEL pdg=5332 idx=46 br=0.077 products=4122:-2203:3303
F4_SPECIES pdg=5334 name=Omega*_b- channels=1 dominant_br=1 dominant_products=5332:22 status=OK
F4_CHANNEL pdg=5334 idx=0 br=1 products=5332:22
F4_SPECIES pdg=5342 name=Omega_bc0 channels=9 dominant_br=0.5 dominant_products=-2:1:4:81 status=OK
F4_CHANNEL pdg=5342 idx=0 br=0.105 products=-12:11:4:81
F4_CHANNEL pdg=5342 idx=1 br=0.105 products=-14:13:4:81
F4_CHANNEL pdg=5342 idx=2 br=0.04 products=-16:15:4:81
F4_CHANNEL pdg=5342 idx=3 br=0.5 products=-2:1:4:81
F4_CHANNEL pdg=5342 idx=4 br=0.08 products=-2:4:1:81
F4_CHANNEL pdg=5342 idx=5 br=0.14 products=-4:3:4:81
F4_CHANNEL pdg=5342 idx=6 br=0.01 products=-4:4:3:81
F4_CHANNEL pdg=5342 idx=7 br=0.015 products=-2:1:2:81
F4_CHANNEL pdg=5342 idx=8 br=0.005 products=-4:3:2:81
F4_SPECIES pdg=5412 name=Xi'_bc0 channels=9 dominant_br=0.5 dominant_products=-2:1:4:81 status=OK
F4_CHANNEL pdg=5412 idx=0 br=0.105 products=-12:11:4:81
F4_CHANNEL pdg=5412 idx=1 br=0.105 products=-14:13:4:81
F4_CHANNEL pdg=5412 idx=2 br=0.04 products=-16:15:4:81
F4_CHANNEL pdg=5412 idx=3 br=0.5 products=-2:1:4:81
F4_CHANNEL pdg=5412 idx=4 br=0.08 products=-2:4:1:81
F4_CHANNEL pdg=5412 idx=5 br=0.14 products=-4:3:4:81
F4_CHANNEL pdg=5412 idx=6 br=0.01 products=-4:4:3:81
F4_CHANNEL pdg=5412 idx=7 br=0.015 products=-2:1:2:81
F4_CHANNEL pdg=5412 idx=8 br=0.005 products=-4:3:2:81
F4_SPECIES pdg=5414 name=Xi*_bc0 channels=9 dominant_br=0.5 dominant_products=-2:1:4:81 status=OK
F4_CHANNEL pdg=5414 idx=0 br=0.105 products=-12:11:4:81
F4_CHANNEL pdg=5414 idx=1 br=0.105 products=-14:13:4:81
F4_CHANNEL pdg=5414 idx=2 br=0.04 products=-16:15:4:81
F4_CHANNEL pdg=5414 idx=3 br=0.5 products=-2:1:4:81
F4_CHANNEL pdg=5414 idx=4 br=0.08 products=-2:4:1:81
F4_CHANNEL pdg=5414 idx=5 br=0.14 products=-4:3:4:81
F4_CHANNEL pdg=5414 idx=6 br=0.01 products=-4:4:3:81
F4_CHANNEL pdg=5414 idx=7 br=0.015 products=-2:1:2:81
F4_CHANNEL pdg=5414 idx=8 br=0.005 products=-4:3:2:81
F4_SPECIES pdg=5422 name=Xi'_bc+ channels=9 dominant_br=0.5 dominant_products=-2:1:4:81 status=OK
F4_CHANNEL pdg=5422 idx=0 br=0.105 products=-12:11:4:81
F4_CHANNEL pdg=5422 idx=1 br=0.105 products=-14:13:4:81
F4_CHANNEL pdg=5422 idx=2 br=0.04 products=-16:15:4:81
F4_CHANNEL pdg=5422 idx=3 br=0.5 products=-2:1:4:81
F4_CHANNEL pdg=5422 idx=4 br=0.08 products=-2:4:1:81
F4_CHANNEL pdg=5422 idx=5 br=0.14 products=-4:3:4:81
F4_CHANNEL pdg=5422 idx=6 br=0.01 products=-4:4:3:81
F4_CHANNEL pdg=5422 idx=7 br=0.015 products=-2:1:2:81
F4_CHANNEL pdg=5422 idx=8 br=0.005 products=-4:3:2:81
F4_SPECIES pdg=5424 name=Xi*_bc+ channels=9 dominant_br=0.5 dominant_products=-2:1:4:81 status=OK
F4_CHANNEL pdg=5424 idx=0 br=0.105 products=-12:11:4:81
F4_CHANNEL pdg=5424 idx=1 br=0.105 products=-14:13:4:81
F4_CHANNEL pdg=5424 idx=2 br=0.04 products=-16:15:4:81
F4_CHANNEL pdg=5424 idx=3 br=0.5 products=-2:1:4:81
F4_CHANNEL pdg=5424 idx=4 br=0.08 products=-2:4:1:81
F4_CHANNEL pdg=5424 idx=5 br=0.14 products=-4:3:4:81
F4_CHANNEL pdg=5424 idx=6 br=0.01 products=-4:4:3:81
F4_CHANNEL pdg=5424 idx=7 br=0.015 products=-2:1:2:81
F4_CHANNEL pdg=5424 idx=8 br=0.005 products=-4:3:2:81
F4_SPECIES pdg=5432 name=Omega'_bc0 channels=9 dominant_br=0.5 dominant_products=-2:1:4:81 status=OK
F4_CHANNEL pdg=5432 idx=0 br=0.105 products=-12:11:4:81
F4_CHANNEL pdg=5432 idx=1 br=0.105 products=-14:13:4:81
F4_CHANNEL pdg=5432 idx=2 br=0.04 products=-16:15:4:81
F4_CHANNEL pdg=5432 idx=3 br=0.5 products=-2:1:4:81
F4_CHANNEL pdg=5432 idx=4 br=0.08 products=-2:4:1:81
F4_CHANNEL pdg=5432 idx=5 br=0.14 products=-4:3:4:81
F4_CHANNEL pdg=5432 idx=6 br=0.01 products=-4:4:3:81
F4_CHANNEL pdg=5432 idx=7 br=0.015 products=-2:1:2:81
F4_CHANNEL pdg=5432 idx=8 br=0.005 products=-4:3:2:81
F4_SPECIES pdg=5434 name=Omega*_bc0 channels=9 dominant_br=0.5 dominant_products=-2:1:4:81 status=OK
F4_CHANNEL pdg=5434 idx=0 br=0.105 products=-12:11:4:81
F4_CHANNEL pdg=5434 idx=1 br=0.105 products=-14:13:4:81
F4_CHANNEL pdg=5434 idx=2 br=0.04 products=-16:15:4:81
F4_CHANNEL pdg=5434 idx=3 br=0.5 products=-2:1:4:81
F4_CHANNEL pdg=5434 idx=4 br=0.08 products=-2:4:1:81
F4_CHANNEL pdg=5434 idx=5 br=0.14 products=-4:3:4:81
F4_CHANNEL pdg=5434 idx=6 br=0.01 products=-4:4:3:81
F4_CHANNEL pdg=5434 idx=7 br=0.015 products=-2:1:2:81
F4_CHANNEL pdg=5434 idx=8 br=0.005 products=-4:3:2:81
F4_SPECIES pdg=5442 name=Omega_bcc+ channels=9 dominant_br=0.5 dominant_products=-2:1:4:81 status=OK
F4_CHANNEL pdg=5442 idx=0 br=0.105 products=-12:11:4:81
F4_CHANNEL pdg=5442 idx=1 br=0.105 products=-14:13:4:81
F4_CHANNEL pdg=5442 idx=2 br=0.04 products=-16:15:4:81
F4_CHANNEL pdg=5442 idx=3 br=0.5 products=-2:1:4:81
F4_CHANNEL pdg=5442 idx=4 br=0.08 products=-2:4:1:81
F4_CHANNEL pdg=5442 idx=5 br=0.14 products=-4:3:4:81
F4_CHANNEL pdg=5442 idx=6 br=0.01 products=-4:4:3:81
F4_CHANNEL pdg=5442 idx=7 br=0.015 products=-2:1:2:81
F4_CHANNEL pdg=5442 idx=8 br=0.005 products=-4:3:2:81
F4_SPECIES pdg=5444 name=Omega*_bcc+ channels=9 dominant_br=0.5 dominant_products=-2:1:4:81 status=OK
F4_CHANNEL pdg=5444 idx=0 br=0.105 products=-12:11:4:81
F4_CHANNEL pdg=5444 idx=1 br=0.105 products=-14:13:4:81
F4_CHANNEL pdg=5444 idx=2 br=0.04 products=-16:15:4:81
F4_CHANNEL pdg=5444 idx=3 br=0.5 products=-2:1:4:81
F4_CHANNEL pdg=5444 idx=4 br=0.08 products=-2:4:1:81
F4_CHANNEL pdg=5444 idx=5 br=0.14 products=-4:3:4:81
F4_CHANNEL pdg=5444 idx=6 br=0.01 products=-4:4:3:81
F4_CHANNEL pdg=5444 idx=7 br=0.015 products=-2:1:2:81
F4_CHANNEL pdg=5444 idx=8 br=0.005 products=-4:3:2:81
F4_SPECIES pdg=5512 name=Xi_bb- channels=9 dominant_br=0.5 dominant_products=-2:1:4:81 status=OK
F4_CHANNEL pdg=5512 idx=0 br=0.105 products=-12:11:4:81
F4_CHANNEL pdg=5512 idx=1 br=0.105 products=-14:13:4:81
F4_CHANNEL pdg=5512 idx=2 br=0.04 products=-16:15:4:81
F4_CHANNEL pdg=5512 idx=3 br=0.5 products=-2:1:4:81
F4_CHANNEL pdg=5512 idx=4 br=0.08 products=-2:4:1:81
F4_CHANNEL pdg=5512 idx=5 br=0.14 products=-4:3:4:81
F4_CHANNEL pdg=5512 idx=6 br=0.01 products=-4:4:3:81
F4_CHANNEL pdg=5512 idx=7 br=0.015 products=-2:1:2:81
F4_CHANNEL pdg=5512 idx=8 br=0.005 products=-4:3:2:81
F4_SPECIES pdg=5514 name=Xi*_bb- channels=9 dominant_br=0.5 dominant_products=-2:1:4:81 status=OK
F4_CHANNEL pdg=5514 idx=0 br=0.105 products=-12:11:4:81
F4_CHANNEL pdg=5514 idx=1 br=0.105 products=-14:13:4:81
F4_CHANNEL pdg=5514 idx=2 br=0.04 products=-16:15:4:81
F4_CHANNEL pdg=5514 idx=3 br=0.5 products=-2:1:4:81
F4_CHANNEL pdg=5514 idx=4 br=0.08 products=-2:4:1:81
F4_CHANNEL pdg=5514 idx=5 br=0.14 products=-4:3:4:81
F4_CHANNEL pdg=5514 idx=6 br=0.01 products=-4:4:3:81
F4_CHANNEL pdg=5514 idx=7 br=0.015 products=-2:1:2:81
F4_CHANNEL pdg=5514 idx=8 br=0.005 products=-4:3:2:81
F4_SPECIES pdg=5522 name=Xi_bb0 channels=9 dominant_br=0.5 dominant_products=-2:1:4:81 status=OK
F4_CHANNEL pdg=5522 idx=0 br=0.105 products=-12:11:4:81
F4_CHANNEL pdg=5522 idx=1 br=0.105 products=-14:13:4:81
F4_CHANNEL pdg=5522 idx=2 br=0.04 products=-16:15:4:81
F4_CHANNEL pdg=5522 idx=3 br=0.5 products=-2:1:4:81
F4_CHANNEL pdg=5522 idx=4 br=0.08 products=-2:4:1:81
F4_CHANNEL pdg=5522 idx=5 br=0.14 products=-4:3:4:81
F4_CHANNEL pdg=5522 idx=6 br=0.01 products=-4:4:3:81
F4_CHANNEL pdg=5522 idx=7 br=0.015 products=-2:1:2:81
F4_CHANNEL pdg=5522 idx=8 br=0.005 products=-4:3:2:81
F4_SPECIES pdg=5524 name=Xi*_bb0 channels=9 dominant_br=0.5 dominant_products=-2:1:4:81 status=OK
F4_CHANNEL pdg=5524 idx=0 br=0.105 products=-12:11:4:81
F4_CHANNEL pdg=5524 idx=1 br=0.105 products=-14:13:4:81
F4_CHANNEL pdg=5524 idx=2 br=0.04 products=-16:15:4:81
F4_CHANNEL pdg=5524 idx=3 br=0.5 products=-2:1:4:81
F4_CHANNEL pdg=5524 idx=4 br=0.08 products=-2:4:1:81
F4_CHANNEL pdg=5524 idx=5 br=0.14 products=-4:3:4:81
F4_CHANNEL pdg=5524 idx=6 br=0.01 products=-4:4:3:81
F4_CHANNEL pdg=5524 idx=7 br=0.015 products=-2:1:2:81
F4_CHANNEL pdg=5524 idx=8 br=0.005 products=-4:3:2:81
F4_SPECIES pdg=5532 name=Omega_bb- channels=9 dominant_br=0.5 dominant_products=-2:1:4:81 status=OK
F4_CHANNEL pdg=5532 idx=0 br=0.105 products=-12:11:4:81
F4_CHANNEL pdg=5532 idx=1 br=0.105 products=-14:13:4:81
F4_CHANNEL pdg=5532 idx=2 br=0.04 products=-16:15:4:81
F4_CHANNEL pdg=5532 idx=3 br=0.5 products=-2:1:4:81
F4_CHANNEL pdg=5532 idx=4 br=0.08 products=-2:4:1:81
F4_CHANNEL pdg=5532 idx=5 br=0.14 products=-4:3:4:81
F4_CHANNEL pdg=5532 idx=6 br=0.01 products=-4:4:3:81
F4_CHANNEL pdg=5532 idx=7 br=0.015 products=-2:1:2:81
F4_CHANNEL pdg=5532 idx=8 br=0.005 products=-4:3:2:81
F4_SPECIES pdg=5534 name=Omega*_bb- channels=9 dominant_br=0.5 dominant_products=-2:1:4:81 status=OK
F4_CHANNEL pdg=5534 idx=0 br=0.105 products=-12:11:4:81
F4_CHANNEL pdg=5534 idx=1 br=0.105 products=-14:13:4:81
F4_CHANNEL pdg=5534 idx=2 br=0.04 products=-16:15:4:81
F4_CHANNEL pdg=5534 idx=3 br=0.5 products=-2:1:4:81
F4_CHANNEL pdg=5534 idx=4 br=0.08 products=-2:4:1:81
F4_CHANNEL pdg=5534 idx=5 br=0.14 products=-4:3:4:81
F4_CHANNEL pdg=5534 idx=6 br=0.01 products=-4:4:3:81
F4_CHANNEL pdg=5534 idx=7 br=0.015 products=-2:1:2:81
F4_CHANNEL pdg=5534 idx=8 br=0.005 products=-4:3:2:81
F4_SPECIES pdg=5542 name=Omega_bbc0 channels=9 dominant_br=0.5 dominant_products=-2:1:4:81 status=OK
F4_CHANNEL pdg=5542 idx=0 br=0.105 products=-12:11:4:81
F4_CHANNEL pdg=5542 idx=1 br=0.105 products=-14:13:4:81
F4_CHANNEL pdg=5542 idx=2 br=0.04 products=-16:15:4:81
F4_CHANNEL pdg=5542 idx=3 br=0.5 products=-2:1:4:81
F4_CHANNEL pdg=5542 idx=4 br=0.08 products=-2:4:1:81
F4_CHANNEL pdg=5542 idx=5 br=0.14 products=-4:3:4:81
F4_CHANNEL pdg=5542 idx=6 br=0.01 products=-4:4:3:81
F4_CHANNEL pdg=5542 idx=7 br=0.015 products=-2:1:2:81
F4_CHANNEL pdg=5542 idx=8 br=0.005 products=-4:3:2:81
F4_SPECIES pdg=5544 name=Omega*_bbc0 channels=9 dominant_br=0.5 dominant_products=-2:1:4:81 status=OK
F4_CHANNEL pdg=5544 idx=0 br=0.105 products=-12:11:4:81
F4_CHANNEL pdg=5544 idx=1 br=0.105 products=-14:13:4:81
F4_CHANNEL pdg=5544 idx=2 br=0.04 products=-16:15:4:81
F4_CHANNEL pdg=5544 idx=3 br=0.5 products=-2:1:4:81
F4_CHANNEL pdg=5544 idx=4 br=0.08 products=-2:4:1:81
F4_CHANNEL pdg=5544 idx=5 br=0.14 products=-4:3:4:81
F4_CHANNEL pdg=5544 idx=6 br=0.01 products=-4:4:3:81
F4_CHANNEL pdg=5544 idx=7 br=0.015 products=-2:1:2:81
F4_CHANNEL pdg=5544 idx=8 br=0.005 products=-4:3:2:81
F4_SPECIES pdg=5554 name=Omega*_bbb- channels=9 dominant_br=0.5 dominant_products=-2:1:4:81 status=OK
F4_CHANNEL pdg=5554 idx=0 br=0.105 products=-12:11:4:81
F4_CHANNEL pdg=5554 idx=1 br=0.105 products=-14:13:4:81
F4_CHANNEL pdg=5554 idx=2 br=0.04 products=-16:15:4:81
F4_CHANNEL pdg=5554 idx=3 br=0.5 products=-2:1:4:81
F4_CHANNEL pdg=5554 idx=4 br=0.08 products=-2:4:1:81
F4_CHANNEL pdg=5554 idx=5 br=0.14 products=-4:3:4:81
F4_CHANNEL pdg=5554 idx=6 br=0.01 products=-4:4:3:81
F4_CHANNEL pdg=5554 idx=7 br=0.015 products=-2:1:2:81
F4_CHANNEL pdg=5554 idx=8 br=0.005 products=-4:3:2:81
F4_SPECIES pdg=10411 name=D*_0+ channels=2 dominant_br=0.667 dominant_products=421:211 status=OK
F4_CHANNEL pdg=10411 idx=0 br=0.667 products=421:211
F4_CHANNEL pdg=10411 idx=1 br=0.333 products=411:111
F4_SPECIES pdg=10413 name=D_1+ channels=2 dominant_br=0.667 dominant_products=423:211 status=OK
F4_CHANNEL pdg=10413 idx=0 br=0.667 products=423:211
F4_CHANNEL pdg=10413 idx=1 br=0.333 products=413:111
F4_SPECIES pdg=10421 name=D*_00 channels=2 dominant_br=0.667 dominant_products=411:-211 status=OK
F4_CHANNEL pdg=10421 idx=0 br=0.667 products=411:-211
F4_CHANNEL pdg=10421 idx=1 br=0.333 products=421:111
F4_SPECIES pdg=10423 name=D_10 channels=2 dominant_br=0.667 dominant_products=413:-211 status=OK
F4_CHANNEL pdg=10423 idx=0 br=0.667 products=413:-211
F4_CHANNEL pdg=10423 idx=1 br=0.333 products=423:111
F4_SPECIES pdg=10431 name=D*_0s+ channels=1 dominant_br=1 dominant_products=431:111 status=OK
F4_CHANNEL pdg=10431 idx=0 br=1 products=431:111
F4_SPECIES pdg=10433 name=D_1s+ channels=2 dominant_br=0.5 dominant_products=423:321 status=OK
F4_CHANNEL pdg=10433 idx=0 br=0.5 products=423:321
F4_CHANNEL pdg=10433 idx=1 br=0.5 products=413:311
F4_SPECIES pdg=10511 name=B*_00 channels=2 dominant_br=0.667 dominant_products=521:-211 status=OK
F4_CHANNEL pdg=10511 idx=0 br=0.667 products=521:-211
F4_CHANNEL pdg=10511 idx=1 br=0.333 products=511:111
F4_SPECIES pdg=10513 name=B_10 channels=2 dominant_br=0.667 dominant_products=523:-211 status=OK
F4_CHANNEL pdg=10513 idx=0 br=0.667 products=523:-211
F4_CHANNEL pdg=10513 idx=1 br=0.333 products=513:111
F4_SPECIES pdg=10521 name=B*_0+ channels=2 dominant_br=0.667 dominant_products=511:211 status=OK
F4_CHANNEL pdg=10521 idx=0 br=0.667 products=511:211
F4_CHANNEL pdg=10521 idx=1 br=0.333 products=521:111
F4_SPECIES pdg=10523 name=B_1+ channels=2 dominant_br=0.667 dominant_products=513:211 status=OK
F4_CHANNEL pdg=10523 idx=0 br=0.667 products=513:211
F4_CHANNEL pdg=10523 idx=1 br=0.333 products=523:111
F4_SPECIES pdg=10531 name=B*_0s0 channels=2 dominant_br=0.5 dominant_products=521:-321 status=OK
F4_CHANNEL pdg=10531 idx=0 br=0.5 products=521:-321
F4_CHANNEL pdg=10531 idx=1 br=0.5 products=511:-311
F4_SPECIES pdg=10533 name=B_1s0 channels=2 dominant_br=0.5 dominant_products=523:-321 status=OK
F4_CHANNEL pdg=10533 idx=0 br=0.5 products=523:-321
F4_CHANNEL pdg=10533 idx=1 br=0.5 products=513:-311
F4_SPECIES pdg=10541 name=B*_0c+ channels=2 dominant_br=0.5 dominant_products=511:411 status=OK
F4_CHANNEL pdg=10541 idx=0 br=0.5 products=511:411
F4_CHANNEL pdg=10541 idx=1 br=0.5 products=521:421
F4_SPECIES pdg=10543 name=B_1c+ channels=2 dominant_br=0.5 dominant_products=513:411 status=OK
F4_CHANNEL pdg=10543 idx=0 br=0.5 products=513:411
F4_CHANNEL pdg=10543 idx=1 br=0.5 products=523:421
F4_SPECIES pdg=14122 name=Lambda_c(2593)+ channels=6 dominant_br=0.24 dominant_products=4222:-211 status=OK
F4_CHANNEL pdg=14122 idx=0 br=0.24 products=4222:-211
F4_CHANNEL pdg=14122 idx=1 br=0.24 products=4112:211
F4_CHANNEL pdg=14122 idx=2 br=0.18 products=4122:211:-211
F4_CHANNEL pdg=14122 idx=3 br=0.24 products=4212:111
F4_CHANNEL pdg=14122 idx=4 br=0.09 products=4122:111:111
F4_CHANNEL pdg=14122 idx=5 br=0.01 products=4122:22
F4_SPECIES pdg=20413 name=D*_1+ channels=2 dominant_br=0.667 dominant_products=423:211 status=OK
F4_CHANNEL pdg=20413 idx=0 br=0.667 products=423:211
F4_CHANNEL pdg=20413 idx=1 br=0.333 products=413:111
F4_SPECIES pdg=20423 name=D*_10 channels=2 dominant_br=0.667 dominant_products=413:-211 status=OK
F4_CHANNEL pdg=20423 idx=0 br=0.667 products=413:-211
F4_CHANNEL pdg=20423 idx=1 br=0.333 products=423:111
F4_SPECIES pdg=20433 name=D*_1s+ channels=2 dominant_br=0.76 dominant_products=433:111 status=OK
F4_CHANNEL pdg=20433 idx=0 br=0.76 products=433:111
F4_CHANNEL pdg=20433 idx=1 br=0.24 products=433:22
F4_SPECIES pdg=20513 name=B*_10 channels=2 dominant_br=0.667 dominant_products=523:-211 status=OK
F4_CHANNEL pdg=20513 idx=0 br=0.667 products=523:-211
F4_CHANNEL pdg=20513 idx=1 br=0.333 products=513:111
F4_SPECIES pdg=20523 name=B*_1+ channels=2 dominant_br=0.667 dominant_products=513:211 status=OK
F4_CHANNEL pdg=20523 idx=0 br=0.667 products=513:211
F4_CHANNEL pdg=20523 idx=1 br=0.333 products=523:111
F4_SPECIES pdg=20533 name=B*_1s0 channels=2 dominant_br=0.5 dominant_products=523:-321 status=OK
F4_CHANNEL pdg=20533 idx=0 br=0.5 products=523:-321
F4_CHANNEL pdg=20533 idx=1 br=0.5 products=513:-311
F4_SPECIES pdg=20543 name=B*_1c+ channels=2 dominant_br=0.5 dominant_products=513:411 status=OK
F4_CHANNEL pdg=20543 idx=0 br=0.5 products=513:411
F4_CHANNEL pdg=20543 idx=1 br=0.5 products=523:421
F4_DONE
