semantic_id,tune_id,signed_pdg,component,quantity,unit,value_hex,status,uncertainty_status
57c9bbb954869af9fdc1b57db9523901c25da08c94def5344cbf19a7560a6572,CLOSEPACKING,-411,beauty_plus_antibeauty_constituent_count,raw_count,count,0x0.0p+0,AVAILABLE,WITHHELD_UNCERTAINTY
509437c40b497634eb436671edbdc63e323d73a5b7593b2718d6b5ac2affc882,JUNCTIONS,-411,beauty_plus_antibeauty_constituent_count,raw_count,count,0x0.0p+0,AVAILABLE,WITHHELD_UNCERTAINTY
b90b37488777a6807aba5e491b12e12b756418d69f64f864c9d5c4fd02213510,MONASH,-411,beauty_plus_antibeauty_constituent_count,raw_count,count,0x0.0p+0,AVAILABLE,WITHHELD_UNCERTAINTY
c9066dff7b2f709e66b418e6ce0c8c8cdd83b5624e3cbdd82f3938891928c2c9,CLOSEPACKING,-411,beauty_plus_antibeauty_constituent_count,raw_weighted_sum,weighted_count,0x0.0p+0,AVAILABLE,WITHHELD_UNCERTAINTY
c12af8f3d4a2a5ad814d6768ea894f8d832a701d99b4624250ddc3e3bfda71b2,JUNCTIONS,-411,beauty_plus_antibeauty_constituent_count,raw_weighted_sum,weighted_count,0x0.0p+0,AVAILABLE,WITHHELD_UNCERTAINTY
513c879df32807101eb2a9e3c97a084959df69312c66dc1857fea27a593bdd22,MONASH,-411,beauty_plus_antibeauty_constituent_count,raw_weighted_sum,weighted_count,0x0.0p+0,AVAILABLE,WITHHELD_UNCERTAINTY
2ae85fcfdfab1293a8e54f5e287e9140ebf69ecabcf5fb4fa76961e88bb50886,CLOSEPACKING,-411,charm_plus_anticharm_constituent_count,raw_count,count,0x1.31c3460000000p+24,AVAILABLE,WITHHELD_UNCERTAINTY
daf7ec272d9756766f231489bee26c54710542d4fd97c05d6579e5b1e6b94e5e,JUNCTIONS,-411,charm_plus_anticharm_constituent_count,raw_count,count,0x1.3584e00000000p+24,AVAILABLE,WITHHELD_UNCERTAINTY
91c63d05996bb2082c080641cd972fa9f5f60dc557b9af9446cb3beeda2c6716,MONASH,-411,charm_plus_anticharm_constituent_count,raw_count,count,0x1.5bce220000000p+24,AVAILABLE,WITHHELD_UNCERTAINTY
fa01eec792318f892ac141b90c87bff8cdab6660f1ff84752aa816f352fc9b67,CLOSEPACKING,-411,charm_plus_anticharm_constituent_count,raw_weighted_sum,weighted_count,0x1.31c3460000000p+24,AVAILABLE,WITHHELD_UNCERTAINTY
9018d98b3ae3650564af67015bf151f24483e2133bc83492f0a1f8317f76848e,JUNCTIONS,-411,charm_plus_anticharm_constituent_count,raw_weighted_sum,weighted_count,0x1.3584e00000000p+24,AVAILABLE,WITHHELD_UNCERTAINTY
f57f2944466e19073b13a455c725574301ad2e91c2ee44d26a2441f698c9fe13,MONASH,-411,charm_plus_anticharm_constituent_count,raw_weighted_sum,weighted_count,0x1.5bce220000000p+24,AVAILABLE,WITHHELD_UNCERTAINTY
fd53309474f44842594894cef37c8d3c51227889e312a039a2ed920bcad13b30,CLOSEPACKING,-411,hadron_count,normalized_yield,per_event,0x1.9a634b28f33e5p-3,AVAILABLE,AVAILABLE
3751b972085fc7903b89ed303a47ba2073cb1a0c69327514e2ec9b967612ff99,JUNCTIONS,-411,hadron_count,normalized_yield,per_event,0x1.9f6deef0e4035p-3,AVAILABLE,AVAILABLE
9564ce4229a84f4b6a49723157a5ed10a3f50930c58b0df295858c13c018694e,MONASH,-411,hadron_count,normalized_yield,per_event,0x1.d2d0f57b6cb2ep-3,AVAILABLE,AVAILABLE
b3be6466391b5294f70e785fa0a2dcd8d7b6f99e19a4ff29a695851edb69c355,CLOSEPACKING,-411,hadron_count,raw_count,count,0x1.31c3460000000p+24,AVAILABLE,WITHHELD_UNCERTAINTY
497e795818bfd18364c514260efb89b42be29f382c88b4fa815eee1d964dc538,JUNCTIONS,-411,hadron_count,raw_count,count,0x1.3584e00000000p+24,AVAILABLE,WITHHELD_UNCERTAINTY
95553fc016cf8404b7ae646abb348df0e95c046704c24ee6877236184ee661c3,MONASH,-411,hadron_count,raw_count,count,0x1.5bce220000000p+24,AVAILABLE,WITHHELD_UNCERTAINTY
e83c90179ea06118f93ed6f126ffb2aa60ef3c1894cb150bec99776e6f44e4e1,CLOSEPACKING,-411,hadron_count,raw_weighted_sum,weighted_count,0x1.31c3460000000p+24,AVAILABLE,WITHHELD_UNCERTAINTY
de985237bfd49769b41c134108699e21f19e6ee5cd262f59bdb08ef3fb5c520d,JUNCTIONS,-411,hadron_count,raw_weighted_sum,weighted_count,0x1.3584e00000000p+24,AVAILABLE,WITHHELD_UNCERTAINTY
2854468b15deb65454362e13734186850fed6d4851dbce3b53c44c49f5cd3181,MONASH,-411,hadron_count,raw_weighted_sum,weighted_count,0x1.5bce220000000p+24,AVAILABLE,WITHHELD_UNCERTAINTY
e9760eb14209622bf334884da964d85514fa0d4816b556c2b14224b6b034e72c,CLOSEPACKING,-4112,beauty_plus_antibeauty_constituent_count,raw_count,count,0x0.0p+0,AVAILABLE,WITHHELD_UNCERTAINTY
f00f7b3c23358b0c53301cb7105c51f7da6a62ef465b5a9d6878d4c85b3800e4,JUNCTIONS,-4112,beauty_plus_antibeauty_constituent_count,raw_count,count,0x0.0p+0,AVAILABLE,WITHHELD_UNCERTAINTY
d68b58a0a19ecd4543ecbd1091f04ddce43cb0569bd3f218a9705e204818e91b,MONASH,-4112,beauty_plus_antibeauty_constituent_count,raw_count,count,0x0.0p+0,AVAILABLE,WITHHELD_UNCERTAINTY
22cea91d8bef84940dab3c8b2082590ad70e5e879dcd92f7830b2508c4b6b88d,CLOSEPACKING,-4112,beauty_plus_antibeauty_constituent_count,raw_weighted_sum,weighted_count,0x0.0p+0,AVAILABLE,WITHHELD_UNCERTAINTY
da40061d60bc8e1ffc8ccc6bda9a1dfaaf85e8fbe8fd0ab53540e0b9721ee0ac,JUNCTIONS,-4112,beauty_plus_antibeauty_constituent_count,raw_weighted_sum,weighted_count,0x0.0p+0,AVAILABLE,WITHHELD_UNCERTAINTY
eae08bf26a0b4c5c672696f08b5fc495b77f98d25dd13746f3c65af00da383d9,MONASH,-4112,beauty_plus_antibeauty_constituent_count,raw_weighted_sum,weighted_count,0x0.0p+0,AVAILABLE,WITHHELD_UNCERTAINTY
2d9c11ed4ceab14bdff24dcd640dd8831264be81d285951632ec855478ae8a73,CLOSEPACKING,-4112,charm_plus_anticharm_constituent_count,raw_count,count,0x1.b477e00000000p+20,AVAILABLE,WITHHELD_UNCERTAINTY
c9c3055d84cdfdb3299d97f1dc61277e4b5f7cb4d68c6358775a01ca21e7d76f,JUNCTIONS,-4112,charm_plus_anticharm_constituent_count,raw_count,count,0x1.83a4a00000000p+21,AVAILABLE,WITHHELD_UNCERTAINTY
1118ad31b3053036c29932d1751f559f27a3a51e42f292cf1436f38ce4170c4d,MONASH,-4112,charm_plus_anticharm_constituent_count,raw_count,count,0x1.1a86000000000p+17,AVAILABLE,WITHHELD_UNCERTAINTY
27eb00f649bd4fb61af40a43e54c755425ceea69ea05ec5a9681185dd9a74876,CLOSEPACKING,-4112,charm_plus_anticharm_constituent_count,raw_weighted_sum,weighted_count,0x1.b477e00000000p+20,AVAILABLE,WITHHELD_UNCERTAINTY
92b281846d98a0136dfab3f70a2ed4f2fd4055037371bda53c66a960c0ec3199,JUNCTIONS,-4112,charm_plus_anticharm_constituent_count,raw_weighted_sum,weighted_count,0x1.83a4a00000000p+21,AVAILABLE,WITHHELD_UNCERTAINTY
abb6d7a61a470df90223fb5b508b1f187eebc74e14a41bc3804398423b1912c7,MONASH,-4112,charm_plus_anticharm_constituent_count,raw_weighted_sum,weighted_count,0x1.1a86000000000p+17,AVAILABLE,WITHHELD_UNCERTAINTY
b2110a445909692f3a1f91dfd01c882037237f0af2a334adca0de8f476120e3d,CLOSEPACKING,-4112,hadron_count,normalized_yield,per_event,0x1.24e8ad2816ca7p-6,AVAILABLE,AVAILABLE
cd745d3d7815a9558ee67f7983aabd4a9f2848fd7d9ce41efd061a9d1a8dcc3b,JUNCTIONS,-4112,hadron_count,normalized_yield,per_event,0x1.0424925b8cc3ap-5,AVAILABLE,AVAILABLE
cabd392a51a2d57b62de9078e488cbb564494f27605abb2f22e81da4a87d0a0d,MONASH,-4112,hadron_count,normalized_yield,per_event,0x1.7b32505f3dfe1p-10,AVAILABLE,AVAILABLE
ff57312ca053b4bf5012cc28d9d8ffb1fbb53b8947be317abb9c323538c97956,CLOSEPACKING,-4112,hadron_count,raw_count,count,0x1.b477e00000000p+20,AVAILABLE,WITHHELD_UNCERTAINTY
1151444a2e31d98365979a52cfd58eb0eb5d5a0f5fdab5e6f5f74dc2d37826ec,JUNCTIONS,-4112,hadron_count,raw_count,count,0x1.83a4a00000000p+21,AVAILABLE,WITHHELD_UNCERTAINTY
42f931079880be9ecb1a47607486d7b05f7cee4ac0f64775cd7c362b276eeced,MONASH,-4112,hadron_count,raw_count,count,0x1.1a86000000000p+17,AVAILABLE,WITHHELD_UNCERTAINTY
ddf728103d1f81dcc864c91ecb2070e0a5eb3cbd6f699db644a5e99990bf6669,CLOSEPACKING,-4112,hadron_count,raw_weighted_sum,weighted_count,0x1.b477e00000000p+20,AVAILABLE,WITHHELD_UNCERTAINTY
2b45166a4f57a2e49e357bb5ec1bd484813b76dfa34aa8ab125ca5eef7f0b28e,JUNCTIONS,-4112,hadron_count,raw_weighted_sum,weighted_count,0x1.83a4a00000000p+21,AVAILABLE,WITHHELD_UNCERTAINTY
1bbd6171d1ed66687b70b510ea721ea193ebc28231a13ed64ee7c281d1a0baf2,MONASH,-4112,hadron_count,raw_weighted_sum,weighted_count,0x1.1a86000000000p+17,AVAILABLE,WITHHELD_UNCERTAINTY
c4ce4866c2aadd3c390ca792ff9080dd864d3a5aae1e9be092d270ceaf13953d,CLOSEPACKING,-4114,beauty_plus_antibeauty_constituent_count,raw_count,count,0x0.0p+0,AVAILABLE,WITHHELD_UNCERTAINTY
d40e4dbeab24ab5475aa962462d869e51e8ec7d31ae014e1df07ba9ada53e1c3,JUNCTIONS,-4114,beauty_plus_antibeauty_constituent_count,raw_count,count,0x0.0p+0,AVAILABLE,WITHHELD_UNCERTAINTY
5b3704065b3828409001f868e31c555d85c1f471f33cae79f4fe9c893ea271b6,MONASH,-4114,beauty_plus_antibeauty_constituent_count,raw_count,count,0x0.0p+0,AVAILABLE,WITHHELD_UNCERTAINTY
503e04a9ee7f5953afd2f0be1685a50f780313d18d6f5df6bbe4912659dfc8b4,CLOSEPACKING,-4114,beauty_plus_antibeauty_constituent_count,raw_weighted_sum,weighted_count,0x0.0p+0,AVAILABLE,WITHHELD_UNCERTAINTY
33a7f1b19613aead42707e5bc583e2e7e7e02e2683e611b82da0912d19e7242c,JUNCTIONS,-4114,beauty_plus_antibeauty_constituent_count,raw_weighted_sum,weighted_count,0x0.0p+0,AVAILABLE,WITHHELD_UNCERTAINTY
f74dcbb5c4f1c15dadde1b2179bab710ab6e74f416c8253aed14546ee57a1967,MONASH,-4114,beauty_plus_antibeauty_constituent_count,raw_weighted_sum,weighted_count,0x0.0p+0,AVAILABLE,WITHHELD_UNCERTAINTY
1ba57bb6e6d354d9a29c9ecbc79c7422d752305ba4a9d12407dec8d2754eebc0,CLOSEPACKING,-4114,charm_plus_anticharm_constituent_count,raw_count,count,0x1.83dd400000000p+20,AVAILABLE,WITHHELD_UNCERTAINTY
13f7493108a74c4478caae06a047f6b3fa042f0a5d956733672647c551e64153,JUNCTIONS,-4114,charm_plus_anticharm_constituent_count,raw_count,count,0x1.0d64a00000000p+19,AVAILABLE,WITHHELD_UNCERTAINTY
15b2cb020607ee7ad3396bac0c602c735d84b70a6efe0c96bb3bc5695731a41f,MONASH,-4114,charm_plus_anticharm_constituent_count,raw_count,count,0x1.177e000000000p+18,AVAILABLE,WITHHELD_UNCERTAINTY
2fa0d85d3d2e18b315704bcfaf961b2c02f0c9d56aa9948d6bd4fb3c98fa8f98,CLOSEPACKING,-4114,charm_plus_anticharm_constituent_count,raw_weighted_sum,weighted_count,0x1.83dd400000000p+20,AVAILABLE,WITHHELD_UNCERTAINTY
bed54bf060b8a5507f58ad55731e27bc527ae8cd3733dfd3d43cb896a095d1d4,JUNCTIONS,-4114,charm_plus_anticharm_constituent_count,raw_weighted_sum,weighted_count,0x1.0d64a00000000p+19,AVAILABLE,WITHHELD_UNCERTAINTY
fe548dbc787c4668916f4040aea2972ae3113006bd8436a17a9f00c301ab50d7,MONASH,-4114,charm_plus_anticharm_constituent_count,raw_weighted_sum,weighted_count,0x1.177e000000000p+18,AVAILABLE,WITHHELD_UNCERTAINTY
182b13052fd1a580218eace682a13087531fafcfbda6817d381ba0e0ef7885cd,CLOSEPACKING,-4114,hadron_count,normalized_yield,per_event,0x1.044a927563038p-6,AVAILABLE,AVAILABLE
92d336e45bd309ed64a7ff7d73d6ad473edf5672a564934c73b2027554d3e748,JUNCTIONS,-4114,hadron_count,normalized_yield,per_event,0x1.6992c0b76abaep-8,AVAILABLE,AVAILABLE
0e305e2863f576899ea787526e26a05e1bd264b11c92c9448cb9679c1a2acffb,MONASH,-4114,hadron_count,normalized_yield,per_event,0x1.7720c8cd63cb8p-9,AVAILABLE,AVAILABLE
593e05a24beb4f1efc97f884eb13b47907816c55e3d78c1263e90164d0818662,CLOSEPACKING,-4114,hadron_count,raw_count,count,0x1.83dd400000000p+20,AVAILABLE,WITHHELD_UNCERTAINTY
f917bab7d026879b54f4609e8355b2836348520035b1e5cb0574f752f3159616,JUNCTIONS,-4114,hadron_count,raw_count,count,0x1.0d64a00000000p+19,AVAILABLE,WITHHELD_UNCERTAINTY
6789ed7bacd39bf60d884fae23ccd833e64bcf6bc64dca67982891ce77157349,MONASH,-4114,hadron_count,raw_count,count,0x1.177e000000000p+18,AVAILABLE,WITHHELD_UNCERTAINTY
7734641a800a5cec9b64b811b5b204a2b639d706d51cd90b07f4c243c10739a3,CLOSEPACKING,-4114,hadron_count,raw_weighted_sum,weighted_count,0x1.83dd400000000p+20,AVAILABLE,WITHHELD_UNCERTAINTY
f8b448baa7a9bb210acabe983d67d38d2d82b1aac3c15ab28bf99192e620676b,JUNCTIONS,-4114,hadron_count,raw_weighted_sum,weighted_count,0x1.0d64a00000000p+19,AVAILABLE,WITHHELD_UNCERTAINTY
edd945a987c2f05098687b56545dc9b4fe55051ad0089bc3fe012c4ff906ae11,MONASH,-4114,hadron_count,raw_weighted_sum,weighted_count,0x1.177e000000000p+18,AVAILABLE,WITHHELD_UNCERTAINTY
abe66c3c64ba56f3a6fdfc48e0921e30ed0bd671a7ecc4f05951a1f7e92b69d4,CLOSEPACKING,-4122,beauty_plus_antibeauty_constituent_count,raw_count,count,0x0.0p+0,AVAILABLE,WITHHELD_UNCERTAINTY
497f806d11cb7d47499b6a4800dd3ac12b0e3f274906f8836ceb67cfb35c3960,JUNCTIONS,-4122,beauty_plus_antibeauty_constituent_count,raw_count,count,0x0.0p+0,AVAILABLE,WITHHELD_UNCERTAINTY
e3efa13d84c9f056f585280a7da3b86fad7e18cbf2cb29bd24ef010b6da5da8f,MONASH,-4122,beauty_plus_antibeauty_constituent_count,raw_count,count,0x0.0p+0,AVAILABLE,WITHHELD_UNCERTAINTY
ec5113dc997b3b82be9408421fb827312589226a91282dc5c279b447706fc3f3,CLOSEPACKING,-4122,beauty_plus_antibeauty_constituent_count,raw_weighted_sum,weighted_count,0x0.0p+0,AVAILABLE,WITHHELD_UNCERTAINTY
e437c07ccdce88b0a3f552b7bb2cde068264e92b7c467c582634cae92ef66467,JUNCTIONS,-4122,beauty_plus_antibeauty_constituent_count,raw_weighted_sum,weighted_count,0x0.0p+0,AVAILABLE,WITHHELD_UNCERTAINTY
e59aa52bdc575c0acb26e335929a5e7d7d6182539a41e47499aedbc12366c90d,MONASH,-4122,beauty_plus_antibeauty_constituent_count,raw_weighted_sum,weighted_count,0x0.0p+0,AVAILABLE,WITHHELD_UNCERTAINTY
e29a4fdce452efcd4181b698bece03cffb13a537be7b89326badcb29f4bb4463,CLOSEPACKING,-4122,charm_plus_anticharm_constituent_count,raw_count,count,0x1.4903100000000p+21,AVAILABLE,WITHHELD_UNCERTAINTY
fdc35d408c00fae722f650ee37e13634719cc93e20178cd1f797bf23ec3a8205,JUNCTIONS,-4122,charm_plus_anticharm_constituent_count,raw_count,count,0x1.7fc6180000000p+21,AVAILABLE,WITHHELD_UNCERTAINTY
af0b2cd345198839a1593aa48adf42f2a96bad66747b2a382775bd6ca3935b6e,MONASH,-4122,charm_plus_anticharm_constituent_count,raw_count,count,0x1.1156280000000p+21,AVAILABLE,WITHHELD_UNCERTAINTY
896fbdf778ceede299f380b5a826b77f59399e32e46ee783ab8d0b0daaa45653,CLOSEPACKING,-4122,charm_plus_anticharm_constituent_count,raw_weighted_sum,weighted_count,0x1.4903100000000p+21,AVAILABLE,WITHHELD_UNCERTAINTY
acb95d02edcacf599e648ac182d866cc36a5032b3dd5b229c3aa8812febb0e48,JUNCTIONS,-4122,charm_plus_anticharm_constituent_count,raw_weighted_sum,weighted_count,0x1.7fc6180000000p+21,AVAILABLE,WITHHELD_UNCERTAINTY
f168211bb4de6267dfbf83265906d56c2d59311fd51f59918ef6b36c6cc0574f,MONASH,-4122,charm_plus_anticharm_constituent_count,raw_weighted_sum,weighted_count,0x1.1156280000000p+21,AVAILABLE,WITHHELD_UNCERTAINTY
bf623194375b264d4f3edf16e913289b731686ceeb57203cc8286551d5318ac5,CLOSEPACKING,-4122,hadron_count,normalized_yield,per_event,0x1.b997a64f5f8ebp-6,AVAILABLE,AVAILABLE
4ad1999e21a223a18ea822948e9412db0f5a1313950c14099222f5230312ce89,JUNCTIONS,-4122,hadron_count,normalized_yield,per_event,0x1.018bd66277c46p-5,AVAILABLE,AVAILABLE
f5cc8d8d3d560e94328d254014833c356a42fe6f850505875237ff65ae327975,MONASH,-4122,hadron_count,normalized_yield,per_event,0x1.6eddb90341530p-6,AVAILABLE,AVAILABLE
fdf5631c9a4b88a19845ad2bcf18f55ed1ccb3b8183e88e963afa958af2916cf,CLOSEPACKING,-4122,hadron_count,raw_count,count,0x1.4903100000000p+21,AVAILABLE,WITHHELD_UNCERTAINTY
d1733345c61ac261ff52f7ab796801b000ddda521e3b25033da8879d80f37f57,JUNCTIONS,-4122,hadron_count,raw_count,count,0x1.7fc6180000000p+21,AVAILABLE,WITHHELD_UNCERTAINTY
65a87b61fc3394c2a369136f61af8560530eda062485d64624204445899a9521,MONASH,-4122,hadron_count,raw_count,count,0x1.1156280000000p+21,AVAILABLE,WITHHELD_UNCERTAINTY
c0ff9d2adca6509c54ecccd3bdc31bd1d802e17b74d1e992d8f8cbf20854f95d,CLOSEPACKING,-4122,hadron_count,raw_weighted_sum,weighted_count,0x1.4903100000000p+21,AVAILABLE,WITHHELD_UNCERTAINTY
8841fe8d149c48d664dc6e8d21c5d54634f2bc9b38bb1cdeb940dc66e1d916bf,JUNCTIONS,-4122,hadron_count,raw_weighted_sum,weighted_count,0x1.7fc6180000000p+21,AVAILABLE,WITHHELD_UNCERTAINTY
78d704edfcaaededa7ff8821173ed3e4668d5bc025b0888cf77d5553b4a6f56c,MONASH,-4122,hadron_count,raw_weighted_sum,weighted_count,0x1.1156280000000p+21,AVAILABLE,WITHHELD_UNCERTAINTY
a1c397657c039b2f9b84ac1b9dd425b4b9ab12b3074126f0fec8d72aaee73215,CLOSEPACKING,-413,beauty_plus_antibeauty_constituent_count,raw_count,count,0x0.0p+0,AVAILABLE,WITHHELD_UNCERTAINTY
2d071763917425804593aa13f50eb597df17b000622fc466e049fd61609c0ef2,JUNCTIONS,-413,beauty_plus_antibeauty_constituent_count,raw_count,count,0x0.0p+0,AVAILABLE,WITHHELD_UNCERTAINTY
66140c13f361befa634238d5c3b5e4f953a9baf2a45d2225a746622b9045c6b0,MONASH,-413,beauty_plus_antibeauty_constituent_count,raw_count,count,0x0.0p+0,AVAILABLE,WITHHELD_UNCERTAINTY
0149b75052684721e998c33c98f8b614f8338a956ded71b821e6d862bb86f210,CLOSEPACKING,-413,beauty_plus_antibeauty_constituent_count,raw_weighted_sum,weighted_count,0x0.0p+0,AVAILABLE,WITHHELD_UNCERTAINTY
c40a9e33c20030b87416b2ef61965ec40b87ff6c96f80a502916ee2691a76a47,JUNCTIONS,-413,beauty_plus_antibeauty_constituent_count,raw_weighted_sum,weighted_count,0x0.0p+0,AVAILABLE,WITHHELD_UNCERTAINTY
1b675b54e77324c2c795802b7e723b2d0dcf0eca8c4c096d1e60fb3454cb4245,MONASH,-413,beauty_plus_antibeauty_constituent_count,raw_weighted_sum,weighted_count,0x0.0p+0,AVAILABLE,WITHHELD_UNCERTAINTY
f0238b94bae593e795130495f3f57b92674328bf12f003cd7073228257504ea8,CLOSEPACKING,-413,charm_plus_anticharm_constituent_count,raw_count,count,0x1.03ab6e0000000p+24,AVAILABLE,WITHHELD_UNCERTAINTY
e962966253db9ba53f441c93a3672db566a6d58e6ab86558cb74d80c4b7f1e25,JUNCTIONS,-413,charm_plus_anticharm_constituent_count,raw_count,count,0x1.07e51d0000000p+24,AVAILABLE,WITHHELD_UNCERTAINTY
30322e119cf86156b79d148b4617fef2914e8bf9425f48b69a6e2e227324f4bc,MONASH,-413,charm_plus_anticharm_constituent_count,raw_count,count,0x1.2de8010000000p+24,AVAILABLE,WITHHELD_UNCERTAINTY
69a24edd401e1c3dfdc4a435bd6eacf6162500e759447c5267a001725b5dd953,CLOSEPACKING,-413,charm_plus_anticharm_constituent_count,raw_weighted_sum,weighted_count,0x1.03ab6e0000000p+24,AVAILABLE,WITHHELD_UNCERTAINTY
854ad90cf5f01d488308b2daa6462029f725252ea8ad994e9786022984b81560,JUNCTIONS,-413,charm_plus_anticharm_constituent_count,raw_weighted_sum,weighted_count,0x1.07e51d0000000p+24,AVAILABLE,WITHHELD_UNCERTAINTY
5c02258d937cede8808378db9d106302a699b8668982385a3f6c940139e4d13a,MONASH,-413,charm_plus_anticharm_constituent_count,raw_weighted_sum,weighted_count,0x1.2de8010000000p+24,AVAILABLE,WITHHELD_UNCERTAINTY
311ecbc423f8a1001f7ba565641ab99888bd4ea7912508cdb71eb4f1e538f6b6,CLOSEPACKING,-413,hadron_count,normalized_yield,per_event,0x1.5c85cfb83997dp-3,AVAILABLE,AVAILABLE
fe119adadecd2165a931b3acce3a25494803e7c5f395419ce58656ae1d983a2f,JUNCTIONS,-413,hadron_count,normalized_yield,per_event,0x1.62319f5f5651cp-3,AVAILABLE,AVAILABLE
a640c19533175d3aec7050147d6a7e85d0e36aecf543c88de29e66b875b1ac60,MONASH,-413,hadron_count,normalized_yield,per_event,0x1.953633ee99fc1p-3,AVAILABLE,AVAILABLE
aeef130be53b3a361d6887cf4ec8d81da21aa70e3fce82585aeda4db8628f5e2,CLOSEPACKING,-413,hadron_count,raw_count,count,0x1.03ab6e0000000p+24,AVAILABLE,WITHHELD_UNCERTAINTY
2636549746c8941ad1b12af1945c0eeb363e82ba669f65d3e65ec7bf4ec020b3,JUNCTIONS,-413,hadron_count,raw_count,count,0x1.07e51d0000000p+24,AVAILABLE,WITHHELD_UNCERTAINTY
d00b9120645c4539d94c27763525b6e8b81b827f2ab9ed9fdc7ef4091b020f65,MONASH,-413,hadron_count,raw_count,count,0x1.2de8010000000p+24,AVAILABLE,WITHHELD_UNCERTAINTY
ad4b51613673b2892de199fc2121ecfb04bb75055f69eccb99061f9b4749fb0e,CLOSEPACKING,-413,hadron_count,raw_weighted_sum,weighted_count,0x1.03ab6e0000000p+24,AVAILABLE,WITHHELD_UNCERTAINTY
f0ec1e4e8a4d685b5ff495ceff5493bc648d66698ac1b6c7492f0635e84c4507,JUNCTIONS,-413,hadron_count,raw_weighted_sum,weighted_count,0x1.07e51d0000000p+24,AVAILABLE,WITHHELD_UNCERTAINTY
21932a25f1d1939f6fc8ee091ace3840b06aac587aadbc1a4438be88e141039e,MONASH,-413,hadron_count,raw_weighted_sum,weighted_count,0x1.2de8010000000p+24,AVAILABLE,WITHHELD_UNCERTAINTY
9cf8c0b02db2d5514cafd9240317b3c774f7d4ca2b27d77734b7f44be9c4262f,CLOSEPACKING,-4132,beauty_plus_antibeauty_constituent_count,raw_count,count,0x0.0p+0,AVAILABLE,WITHHELD_UNCERTAINTY
d8ef0d146054f8f09b87d0b253baec95ded3e6ab2a8b39ef8b52cfbf047fa5b0,JUNCTIONS,-4132,beauty_plus_antibeauty_constituent_count,raw_count,count,0x0.0p+0,AVAILABLE,WITHHELD_UNCERTAINTY
3cf6ed86acdeb42ecdea4a170a5a38d41a4a5bd282d3471e7c59b3d5460f03cf,MONASH,-4132,beauty_plus_antibeauty_constituent_count,raw_count,count,0x0.0p+0,AVAILABLE,WITHHELD_UNCERTAINTY
796bb708f63ddcae202e4d4a54b1c5ce11479ce1866b84b7aa0c7085be57648d,CLOSEPACKING,-4132,beauty_plus_antibeauty_constituent_count,raw_weighted_sum,weighted_count,0x0.0p+0,AVAILABLE,WITHHELD_UNCERTAINTY
1c1893598d8edad477b826e5d22be86679b36168383cfa82f8f390cf5afbdbc0,JUNCTIONS,-4132,beauty_plus_antibeauty_constituent_count,raw_weighted_sum,weighted_count,0x0.0p+0,AVAILABLE,WITHHELD_UNCERTAINTY
446392d825125e1702f0a863df3cc6d288f47a0baaa0844af3c60030b0b750bc,MONASH,-4132,beauty_plus_antibeauty_constituent_count,raw_weighted_sum,weighted_count,0x0.0p+0,AVAILABLE,WITHHELD_UNCERTAINTY
a1e0de5f97f2fe39e6704d31fbb606b40be620493cffd5caca3fa67a32735177,CLOSEPACKING,-4132,charm_plus_anticharm_constituent_count,raw_count,count,0x1.359ee00000000p+19,AVAILABLE,WITHHELD_UNCERTAINTY
022ec615bd382e1467307b16bb79a8fae405a9f6db00ab73023699106a78b0a0,JUNCTIONS,-4132,charm_plus_anticharm_constituent_count,raw_count,count,0x1.269b800000000p+19,AVAILABLE,WITHHELD_UNCERTAINTY
3d882b391da954c627e9caa3c9783ffac172705e0612bb7b1a298418d1e23372,MONASH,-4132,charm_plus_anticharm_constituent_count,raw_count,count,0x1.88d6000000000p+18,AVAILABLE,WITHHELD_UNCERTAINTY
0133012ca9a281fdf6b3e3963ae30acd0895b257c9c8d53c2ca8d3cdf93a853d,CLOSEPACKING,-4132,charm_plus_anticharm_constituent_count,raw_weighted_sum,weighted_count,0x1.359ee00000000p+19,AVAILABLE,WITHHELD_UNCERTAINTY
1f3c82f0a08497f34fe469483973ea05cfa60a958526b8f33e9f456e53befb3f,JUNCTIONS,-4132,charm_plus_anticharm_constituent_count,raw_weighted_sum,weighted_count,0x1.269b800000000p+19,AVAILABLE,WITHHELD_UNCERTAINTY
2486b510b9517f5ee0b4b94a8d86678b2f2be2360c6367fe2f8d88d5a438a3ea,MONASH,-4132,charm_plus_anticharm_constituent_count,raw_weighted_sum,weighted_count,0x1.88d6000000000p+18,AVAILABLE,WITHHELD_UNCERTAINTY
3a4e34303dbde9ae9b3b258fd5facdf8061141ca852265a2ce9f8670ee47ba34,CLOSEPACKING,-4132,hadron_count,normalized_yield,per_event,0x1.9f90d47913923p-8,AVAILABLE,AVAILABLE
98cdaa12b11efdf3010f50e3a97cbe1559bd722b25df3dae5fcc2e461b1160a0,JUNCTIONS,-4132,hadron_count,normalized_yield,per_event,0x1.8b6a56e0e2588p-8,AVAILABLE,AVAILABLE
8be2dbf49bd18c733be4e5c44b21c9fa1543027d03a3d50ae33c8744d65c5bdb,MONASH,-4132,hadron_count,normalized_yield,per_event,0x1.07a0b33e5b5a7p-8,AVAILABLE,AVAILABLE
69b2c0f90a8b770a3f53ea22269c7214c57aab8d40b15f5118a901be6349277e,CLOSEPACKING,-4132,hadron_count,raw_count,count,0x1.359ee00000000p+19,AVAILABLE,WITHHELD_UNCERTAINTY
27781d6f7e08cf0b3384611cc70fba0ea7ba83e8f3b0c4854f36bcb7d770772c,JUNCTIONS,-4132,hadron_count,raw_count,count,0x1.269b800000000p+19,AVAILABLE,WITHHELD_UNCERTAINTY
418278bf0e2ce51889d9f81b7b1b5839d60d129936769503abb86fe8ea1c34c5,MONASH,-4132,hadron_count,raw_count,count,0x1.88d6000000000p+18,AVAILABLE,WITHHELD_UNCERTAINTY
c40ca65ebc392d4a45a09eb03d2a7e5f4831fb2a5cb1653d932f593f117cdada,CLOSEPACKING,-4132,hadron_count,raw_weighted_sum,weighted_count,0x1.359ee00000000p+19,AVAILABLE,WITHHELD_UNCERTAINTY
14060cf53829b594f5c03b6d8d816fef46ea0ea00ab8d7e19ebc8642eddba056,JUNCTIONS,-4132,hadron_count,raw_weighted_sum,weighted_count,0x1.269b800000000p+19,AVAILABLE,WITHHELD_UNCERTAINTY
90e26efb964863d9d63a91864f5c5d4454caf9b6647ff264612442a90e839f87,MONASH,-4132,hadron_count,raw_weighted_sum,weighted_count,0x1.88d6000000000p+18,AVAILABLE,WITHHELD_UNCERTAINTY
10519f12669f3d207e49094b407444f38d6fba481f0815f458ee780eb6cc3873,CLOSEPACKING,-421,beauty_plus_antibeauty_constituent_count,raw_count,count,0x0.0p+0,AVAILABLE,WITHHELD_UNCERTAINTY
3281483acd00165159b066d53146b95bb7f5743bf11095865d49c6885b118d60,JUNCTIONS,-421,beauty_plus_antibeauty_constituent_count,raw_count,count,0x0.0p+0,AVAILABLE,WITHHELD_UNCERTAINTY
5ed980ec7eb8b7ad8bb108ec07281a99db8c805fde294b86426a19e4f2e5e423,MONASH,-421,beauty_plus_antibeauty_constituent_count,raw_count,count,0x0.0p+0,AVAILABLE,WITHHELD_UNCERTAINTY
456dd4935da81fd456c3dac62cddf9777d729354cdbdc2b91e3b9ead2a8d73a9,CLOSEPACKING,-421,beauty_plus_antibeauty_constituent_count,raw_weighted_sum,weighted_count,0x0.0p+0,AVAILABLE,WITHHELD_UNCERTAINTY
8ceb49d8d499b807034a42277fd93d0bd9c1d6919ca41fe81ef2aa4131d1f075,JUNCTIONS,-421,beauty_plus_antibeauty_constituent_count,raw_weighted_sum,weighted_count,0x0.0p+0,AVAILABLE,WITHHELD_UNCERTAINTY
e101e4bdc95098d0358a6c9d41fc51e83afae222054d23845686fd51be853d68,MONASH,-421,beauty_plus_antibeauty_constituent_count,raw_weighted_sum,weighted_count,0x0.0p+0,AVAILABLE,WITHHELD_UNCERTAINTY
f859c50cdd8bcb5e1816c457c0a603056849697b0c6cdcc62147312b4d1ec1c3,CLOSEPACKING,-421,charm_plus_anticharm_constituent_count,raw_count,count,0x1.32b3c30000000p+24,AVAILABLE,WITHHELD_UNCERTAINTY
f1bfa6cdae4d35e8b21f9df8af7327014a60460aaaed8b79d6a86d23b19768ad,JUNCTIONS,-421,charm_plus_anticharm_constituent_count,raw_count,count,0x1.363f200000000p+24,AVAILABLE,WITHHELD_UNCERTAINTY
287bc5e11cff4f55f1c64b4ff353df7c10be88dbb87a4c23a2d662d4b85fad44,MONASH,-421,charm_plus_anticharm_constituent_count,raw_count,count,0x1.5c2d930000000p+24,AVAILABLE,WITHHELD_UNCERTAINTY
9b7d750f601bee2577d3f5272738e0c136f1a00905a1814c5a0e34fe250c1f8f,CLOSEPACKING,-421,charm_plus_anticharm_constituent_count,raw_weighted_sum,weighted_count,0x1.32b3c30000000p+24,AVAILABLE,WITHHELD_UNCERTAINTY
f81c7ccc812bf318eb68fc6375b4a94a7ab4f549cd74ab97103733a26f2064f5,JUNCTIONS,-421,charm_plus_anticharm_constituent_count,raw_weighted_sum,weighted_count,0x1.363f200000000p+24,AVAILABLE,WITHHELD_UNCERTAINTY
f7c40b7bea654391096461988afb1146d64bb8321bde91412256e5e90f544a7d,MONASH,-421,charm_plus_anticharm_constituent_count,raw_weighted_sum,weighted_count,0x1.5c2d930000000p+24,AVAILABLE,WITHHELD_UNCERTAINTY
79abdf28f74857c42d963dd2fdd92dfb133de1b00a14d086b2f2d3a8fd5fb3e8,CLOSEPACKING,-421,hadron_count,normalized_yield,per_event,0x1.9ba6124de05dap-3,AVAILABLE,AVAILABLE
b10da8209d6ca7a009bb6a8394966b8a166733e4258a537bb47a93891d042111,JUNCTIONS,-421,hadron_count,normalized_yield,per_event,0x1.a067e9f425007p-3,AVAILABLE,AVAILABLE
e3079ddd22e5aea45305ed1aad4c990d2e9fc063fc9a19ee959f791fbeeeb2f6,MONASH,-421,hadron_count,normalized_yield,per_event,0x1.d3510ee64cd09p-3,AVAILABLE,AVAILABLE
125adf7aefa1a7579a317eaa780257d0ba495afe654fe70d2db732370ea6cc14,CLOSEPACKING,-421,hadron_count,raw_count,count,0x1.32b3c30000000p+24,AVAILABLE,WITHHELD_UNCERTAINTY
a23871a61767994c62946781c6c22fc241549a20044b4dfb5b2189638f3b366c,JUNCTIONS,-421,hadron_count,raw_count,count,0x1.363f200000000p+24,AVAILABLE,WITHHELD_UNCERTAINTY
bf8f25ceac1a443d9d0b021551751c642b16a801f915c5916cefbf800e74d436,MONASH,-421,hadron_count,raw_count,count,0x1.5c2d930000000p+24,AVAILABLE,WITHHELD_UNCERTAINTY
d5f97104d6525cedadb9d3800ed9e9abc986559ab351dc10b2770d253b1488c4,CLOSEPACKING,-421,hadron_count,raw_weighted_sum,weighted_count,0x1.32b3c30000000p+24,AVAILABLE,WITHHELD_UNCERTAINTY
796b48a26328fffea9c8211c6da40e35b409fc06dd9ab14adacedcdb104d5592,JUNCTIONS,-421,hadron_count,raw_weighted_sum,weighted_count,0x1.363f200000000p+24,AVAILABLE,WITHHELD_UNCERTAINTY
228c91db159beef62fca772b4a2379cefe605ae0556c03eda31f73d52001e119,MONASH,-421,hadron_count,raw_weighted_sum,weighted_count,0x1.5c2d930000000p+24,AVAILABLE,WITHHELD_UNCERTAINTY
729034f9fe32132b4535c79d1f91ac53e02d17f9b8d312b2261b3e6d1fdad2d3,CLOSEPACKING,-4212,beauty_plus_antibeauty_constituent_count,raw_count,count,0x0.0p+0,AVAILABLE,WITHHELD_UNCERTAINTY
ae6cab70b38dc9464940f0f6b6fa02470d79bc4168518278d6e06e6d55ac7976,JUNCTIONS,-4212,beauty_plus_antibeauty_constituent_count,raw_count,count,0x0.0p+0,AVAILABLE,WITHHELD_UNCERTAINTY
133ea7c852bd5379462a87e0381623d5cb8c01e803de2636b5233cc5aa0cda88,MONASH,-4212,beauty_plus_antibeauty_constituent_count,raw_count,count,0x0.0p+0,AVAILABLE,WITHHELD_UNCERTAINTY
5a12d214d7d8a46e90d44bc340ffa0b355bbf3fbcf7c1754a8ddbf517f7db9d1,CLOSEPACKING,-4212,beauty_plus_antibeauty_constituent_count,raw_weighted_sum,weighted_count,0x0.0p+0,AVAILABLE,WITHHELD_UNCERTAINTY
5fed611ecb60ee4055545b5d93cdc5eba4dfed61708ec67f5cb69e14a9aee2d2,JUNCTIONS,-4212,beauty_plus_antibeauty_constituent_count,raw_weighted_sum,weighted_count,0x0.0p+0,AVAILABLE,WITHHELD_UNCERTAINTY
7e057f0b38c577c4e07c898c1640affd3e9fc1a30ac489d6f00294abe2584466,MONASH,-4212,beauty_plus_antibeauty_constituent_count,raw_weighted_sum,weighted_count,0x0.0p+0,AVAILABLE,WITHHELD_UNCERTAINTY
82e00a4ad13cf44adc9e9da888956a4fefd37ef546a749529aa5b27701363d52,CLOSEPACKING,-4212,charm_plus_anticharm_constituent_count,raw_count,count,0x1.e59d900000000p+20,AVAILABLE,WITHHELD_UNCERTAINTY
7e48ee10bf39b681aaa479e1815b32c2f621038701452faf97fa67c4fbfda14c,JUNCTIONS,-4212,charm_plus_anticharm_constituent_count,raw_count,count,0x1.9fade80000000p+21,AVAILABLE,WITHHELD_UNCERTAINTY
a48bd493a700f37d766efde6feae9c465bf89873ae125eca1f045209a5b42b05,MONASH,-4212,charm_plus_anticharm_constituent_count,raw_count,count,0x1.19b2800000000p+17,AVAILABLE,WITHHELD_UNCERTAINTY
a642ada349bb29235a46be5c29f540e095d5cedbeef23d5eb1d9dee598eb1079,CLOSEPACKING,-4212,charm_plus_anticharm_constituent_count,raw_weighted_sum,weighted_count,0x1.e59d900000000p+20,AVAILABLE,WITHHELD_UNCERTAINTY
6426d4433961fba5952e89adc99ab72fb4aa384baa1a01d57fd3a1fdfced7fd5,JUNCTIONS,-4212,charm_plus_anticharm_constituent_count,raw_weighted_sum,weighted_count,0x1.9fade80000000p+21,AVAILABLE,WITHHELD_UNCERTAINTY
d2bc107292d5e4f7fe3cf80243948ff880311137a273ffafd6dce8939f87202e,MONASH,-4212,charm_plus_anticharm_constituent_count,raw_weighted_sum,weighted_count,0x1.19b2800000000p+17,AVAILABLE,WITHHELD_UNCERTAINTY
eb6af310efc5b152d7dc7c4f9f3f63d4eb5d67fe29ff71d62c761b99312551b6,CLOSEPACKING,-4212,hadron_count,normalized_yield,per_event,0x1.45e41a9c38855p-6,AVAILABLE,AVAILABLE
5918edbce1af04629bce063b0825ec18214519f8dcdf170a18e2329f2e3c479d,JUNCTIONS,-4212,hadron_count,normalized_yield,per_event,0x1.16f529e32858ep-5,AVAILABLE,AVAILABLE
1f17ef949e4f375d3a1b4b9ad731dcf8aa33bcb6baba20ef83e252b463a22cd4,MONASH,-4212,hadron_count,normalized_yield,per_event,0x1.7a167186800c5p-10,AVAILABLE,AVAILABLE
4df337b18f13663d97351a502988b0dec4cd36f5f9b81b9e9f5a596e1ca1ffe9,CLOSEPACKING,-4212,hadron_count,raw_count,count,0x1.e59d900000000p+20,AVAILABLE,WITHHELD_UNCERTAINTY
14c5b11a618b9b07be71b592e25b0fb595e13709c7b417da31686d05482be221,JUNCTIONS,-4212,hadron_count,raw_count,count,0x1.9fade80000000p+21,AVAILABLE,WITHHELD_UNCERTAINTY
bcd55b2e72843fc3da670ab1745d12acf46aed290aa883e0c44e1eb85fc9e82b,MONASH,-4212,hadron_count,raw_count,count,0x1.19b2800000000p+17,AVAILABLE,WITHHELD_UNCERTAINTY
58a9116c4705bd062d27862395fb958e170bd14718bde71462b4c040ff67aeba,CLOSEPACKING,-4212,hadron_count,raw_weighted_sum,weighted_count,0x1.e59d900000000p+20,AVAILABLE,WITHHELD_UNCERTAINTY
62cca0d205315d2efcf3de1f467dbb06745a2ea94204620fa5b32b98b1aba973,JUNCTIONS,-4212,hadron_count,raw_weighted_sum,weighted_count,0x1.9fade80000000p+21,AVAILABLE,WITHHELD_UNCERTAINTY
9abdb3ac31abb12a97d18c5ef423d1c196732be7f43406f55f236a4e2a83e040,MONASH,-4212,hadron_count,raw_weighted_sum,weighted_count,0x1.19b2800000000p+17,AVAILABLE,WITHHELD_UNCERTAINTY
25fd32f153bc09c121a11dbb80485b1050911012ffc65138799a60dfeac253c0,CLOSEPACKING,-4214,beauty_plus_antibeauty_constituent_count,raw_count,count,0x0.0p+0,AVAILABLE,WITHHELD_UNCERTAINTY
7d7e834a57fc19ed2655e21719854a9e09fa391247998e2c58ab20a310639f02,JUNCTIONS,-4214,beauty_plus_antibeauty_constituent_count,raw_count,count,0x0.0p+0,AVAILABLE,WITHHELD_UNCERTAINTY
68d0ff4014df64e4004ff4d827ad53634f664eb993cc45bf53c039a52d6659aa,MONASH,-4214,beauty_plus_antibeauty_constituent_count,raw_count,count,0x0.0p+0,AVAILABLE,WITHHELD_UNCERTAINTY
85e2aac1d6178789bea272148839d66946de8a6ea5be2539fa22a785eec5d71e,CLOSEPACKING,-4214,beauty_plus_antibeauty_constituent_count,raw_weighted_sum,weighted_count,0x0.0p+0,AVAILABLE,WITHHELD_UNCERTAINTY
48993a7b94b5ca6164e972fff1069b620d759a3d8503b0338a876269924c68e9,JUNCTIONS,-4214,beauty_plus_antibeauty_constituent_count,raw_weighted_sum,weighted_count,0x0.0p+0,AVAILABLE,WITHHELD_UNCERTAINTY
99270fe174cfed4c02468d182eb2bdc035ee6b7314ff07ff8341c31459ab294e,MONASH,-4214,beauty_plus_antibeauty_constituent_count,raw_weighted_sum,weighted_count,0x0.0p+0,AVAILABLE,WITHHELD_UNCERTAINTY
7f4a21b596b8bef41f1bef0c7f496cfed58d2a0d3416b9a04b78e00ca3fb551a,CLOSEPACKING,-4214,charm_plus_anticharm_constituent_count,raw_count,count,0x1.b94cb00000000p+20,AVAILABLE,WITHHELD_UNCERTAINTY
bad046f0a482502fffcc78137393b5d8bf5362f2b9799ccdbb24aef2c2620694,JUNCTIONS,-4214,charm_plus_anticharm_constituent_count,raw_count,count,0x1.0647000000000p+19,AVAILABLE,WITHHELD_UNCERTAINTY
3e9244dbec64462cea329d778df815d8c550ba8755dd9622a17937b5901eca0c,MONASH,-4214,charm_plus_anticharm_constituent_count,raw_count,count,0x1.1598800000000p+18,AVAILABLE,WITHHELD_UNCERTAINTY
9a0d2e31e0ce592175ac43f33e13138bfde5d60ca245ed1b6bcb7aa1a6e342d2,CLOSEPACKING,-4214,charm_plus_anticharm_constituent_count,raw_weighted_sum,weighted_count,0x1.b94cb00000000p+20,AVAILABLE,WITHHELD_UNCERTAINTY
84f2d49b3e355aa95831111c5cc459429840354db24a4677f3d85dc258577176,JUNCTIONS,-4214,charm_plus_anticharm_constituent_count,raw_weighted_sum,weighted_count,0x1.0647000000000p+19,AVAILABLE,WITHHELD_UNCERTAINTY
b553e630d5605cca637b15b976c1352a4e4a258b0132e2b02b46b0c2c37b187c,MONASH,-4214,charm_plus_anticharm_constituent_count,raw_weighted_sum,weighted_count,0x1.1598800000000p+18,AVAILABLE,WITHHELD_UNCERTAINTY
9b8ba0783102db4ed5aa0e20a8d3169b5283e413fae651d0417544a01e2fcd05,CLOSEPACKING,-4214,hadron_count,normalized_yield,per_event,0x1.2826afed181bdp-6,AVAILABLE,AVAILABLE
ed20916ce0ae7dfd7f01a52ab4d829120aef2b85497dac85be0f09434c5ff4cb,JUNCTIONS,-4214,hadron_count,normalized_yield,per_event,0x1.6005cf21e6afap-8,AVAILABLE,AVAILABLE
ef0254563730153ef6965831c3083571b6b940e0ac64b2ea9d59498c40c67207,MONASH,-4214,hadron_count,normalized_yield,per_event,0x1.74952845c45a6p-9,AVAILABLE,AVAILABLE
787911f8ce3da04dc50170d8bb89db68a5430dc8453970848e1be7635dd03631,CLOSEPACKING,-4214,hadron_count,raw_count,count,0x1.b94cb00000000p+20,AVAILABLE,WITHHELD_UNCERTAINTY
fe9ff88aad266687c609ffb082bf2255743917c4adb149f4cb340e2881d24ac7,JUNCTIONS,-4214,hadron_count,raw_count,count,0x1.0647000000000p+19,AVAILABLE,WITHHELD_UNCERTAINTY
7493e752d1b9004a43d812a55f91bf04e8556a273aca406c3f0ff70a3a731e3a,MONASH,-4214,hadron_count,raw_count,count,0x1.1598800000000p+18,AVAILABLE,WITHHELD_UNCERTAINTY
d69a0ea6901a1eec06def1653f8853e3a19db36d7c3d5757e69a0b6716842261,CLOSEPACKING,-4214,hadron_count,raw_weighted_sum,weighted_count,0x1.b94cb00000000p+20,AVAILABLE,WITHHELD_UNCERTAINTY
aef71b25793f8c93855d1347be59de2297e7ca8568ba6e69c9e53cd670c66eb5,JUNCTIONS,-4214,hadron_count,raw_weighted_sum,weighted_count,0x1.0647000000000p+19,AVAILABLE,WITHHELD_UNCERTAINTY
56630c41cacceaf7b014ce12e73ff78035f209f85f3708eee4246db9247e7e0c,MONASH,-4214,hadron_count,raw_weighted_sum,weighted_count,0x1.1598800000000p+18,AVAILABLE,WITHHELD_UNCERTAINTY
8c43e43ef48ae912e8638b708ed8561c828e442eddd5b58139c40b97fb8e6e6f,CLOSEPACKING,-4222,beauty_plus_antibeauty_constituent_count,raw_count,count,0x0.0p+0,AVAILABLE,WITHHELD_UNCERTAINTY
ce58e58ff49ceb277f7b19357aac53055eb7d30a43432b82b9edf9985a4f7aca,JUNCTIONS,-4222,beauty_plus_antibeauty_constituent_count,raw_count,count,0x0.0p+0,AVAILABLE,WITHHELD_UNCERTAINTY
78fcb510e69e6322ab0af841a3186f7d7719ac9a6042014854b53613b6c15a77,MONASH,-4222,beauty_plus_antibeauty_constituent_count,raw_count,count,0x0.0p+0,AVAILABLE,WITHHELD_UNCERTAINTY
8d15007479288a5f177c3e2359c851f3d1245eff4db1201a243d3191cbcb7363,CLOSEPACKING,-4222,beauty_plus_antibeauty_constituent_count,raw_weighted_sum,weighted_count,0x0.0p+0,AVAILABLE,WITHHELD_UNCERTAINTY
4b2864de6a68d88380d40f793dccec27b694a5496e4afbca4d113267b389f77f,JUNCTIONS,-4222,beauty_plus_antibeauty_constituent_count,raw_weighted_sum,weighted_count,0x0.0p+0,AVAILABLE,WITHHELD_UNCERTAINTY
ebe2c0ffc35c0c9b7afd569fd357b2381ced90ac5541518a316d8e91549f49b5,MONASH,-4222,beauty_plus_antibeauty_constituent_count,raw_weighted_sum,weighted_count,0x0.0p+0,AVAILABLE,WITHHELD_UNCERTAINTY
b89fede3ee71c6ed1452cc7450fb3ce6bb3d2392a8ac9dd7ddb9a293572862c8,CLOSEPACKING,-4222,charm_plus_anticharm_constituent_count,raw_count,count,0x1.b517b00000000p+20,AVAILABLE,WITHHELD_UNCERTAINTY
02e0b1239e0420fe8e2d1c7155b799acf5aa0adc9e8e2392a8d9ced6c9d54212,JUNCTIONS,-4222,charm_plus_anticharm_constituent_count,raw_count,count,0x1.8357680000000p+21,AVAILABLE,WITHHELD_UNCERTAINTY
89c131f7a0c7782b197e9f69dd13fe5fcf4d687382d112cd335e08d4c1f10c76,MONASH,-4222,charm_plus_anticharm_constituent_count,raw_count,count,0x1.1bf3000000000p+17,AVAILABLE,WITHHELD_UNCERTAINTY
ea494db8408ec806a1e73652354dcd3f53c4c0aaeb191b3ec619d22bce372800,CLOSEPACKING,-4222,charm_plus_anticharm_constituent_count,raw_weighted_sum,weighted_count,0x1.b517b00000000p+20,AVAILABLE,WITHHELD_UNCERTAINTY
ca63647bc601fecc88b350f39bb7c4fad7bdef85dac84faa545c239b5c6cfc3a,JUNCTIONS,-4222,charm_plus_anticharm_constituent_count,raw_weighted_sum,weighted_count,0x1.8357680000000p+21,AVAILABLE,WITHHELD_UNCERTAINTY
b106eeed639d4743d626bfae98e81ea4608c214e6c463fd539d8d2645cba0eb3,MONASH,-4222,charm_plus_anticharm_constituent_count,raw_weighted_sum,weighted_count,0x1.1bf3000000000p+17,AVAILABLE,WITHHELD_UNCERTAINTY
0df060282430a062138230e3b6d7215f5cdf460a7def503da8795d75462d0df6,CLOSEPACKING,-4222,hadron_count,normalized_yield,per_event,0x1.2553ecbc2b69ep-6,AVAILABLE,AVAILABLE
cda487dcd24a7fb783630769e94d4ca560916edfbd0973dd0c8e7ac4e6b7cd8f,JUNCTIONS,-4222,hadron_count,normalized_yield,per_event,0x1.03f0c0470272fp-5,AVAILABLE,AVAILABLE
f1d1981cc15bfc83eebb3a0dd8b66c774f9ea4a0bad0a13e96c7191872509e09,MONASH,-4222,hadron_count,normalized_yield,per_event,0x1.7d1c356ac5f19p-10,AVAILABLE,AVAILABLE
ba0d14cde0f286c8ac8f6537310e2aeb336a6f1bfcf702de549a65894fefbc99,CLOSEPACKING,-4222,hadron_count,raw_count,count,0x1.b517b00000000p+20,AVAILABLE,WITHHELD_UNCERTAINTY
bc070166c63ae25333e79d6dd19a3efa3faa56b451b85bfd4148ca0d1b950bde,JUNCTIONS,-4222,hadron_count,raw_count,count,0x1.8357680000000p+21,AVAILABLE,WITHHELD_UNCERTAINTY
231faae1bed3a9bc8812eaa6a5fd6844546c5ed3cb173294d4facfe94c0d94a0,MONASH,-4222,hadron_count,raw_count,count,0x1.1bf3000000000p+17,AVAILABLE,WITHHELD_UNCERTAINTY
f485d8a668eeb80cb92be7f2ef6fb36b1010126755fe2fd3dff0e11fe5e62949,CLOSEPACKING,-4222,hadron_count,raw_weighted_sum,weighted_count,0x1.b517b00000000p+20,AVAILABLE,WITHHELD_UNCERTAINTY
bb24bf9a446ecfd6a2c2e88353cbc16e439a133f0dcd0a03c52daa35413444e3,JUNCTIONS,-4222,hadron_count,raw_weighted_sum,weighted_count,0x1.8357680000000p+21,AVAILABLE,WITHHELD_UNCERTAINTY
7d5361c5fee1b914c9621a6e72f35563d95017b722e1e0aa597c873a22d5bb4d,MONASH,-4222,hadron_count,raw_weighted_sum,weighted_count,0x1.1bf3000000000p+17,AVAILABLE,WITHHELD_UNCERTAINTY
41ffed5ddab11a8274f4f70d1314b8394e739eb247e7eebb46aba5687d39084e,CLOSEPACKING,-4224,beauty_plus_antibeauty_constituent_count,raw_count,count,0x0.0p+0,AVAILABLE,WITHHELD_UNCERTAINTY
eceebb91a60bde993dbdac1a1d862b28bb7a6df42831f744c5406e059350e3c9,JUNCTIONS,-4224,beauty_plus_antibeauty_constituent_count,raw_count,count,0x0.0p+0,AVAILABLE,WITHHELD_UNCERTAINTY
8cec764018c56d219a838fae7686a2ffbe164b81b3ecbab6cefb8e5aa4b55b05,MONASH,-4224,beauty_plus_antibeauty_constituent_count,raw_count,count,0x0.0p+0,AVAILABLE,WITHHELD_UNCERTAINTY
9045be3634438ae45ae5fbd6b25d52cb8966b8bbc6a49017fd9cac9fa7331746,CLOSEPACKING,-4224,beauty_plus_antibeauty_constituent_count,raw_weighted_sum,weighted_count,0x0.0p+0,AVAILABLE,WITHHELD_UNCERTAINTY
6a011f5d4bc4686153dd3f6f382bb6a035f11638de4dc38c124690df76227da1,JUNCTIONS,-4224,beauty_plus_antibeauty_constituent_count,raw_weighted_sum,weighted_count,0x0.0p+0,AVAILABLE,WITHHELD_UNCERTAINTY
d5270ba1e90eef0520643089c892925d4221b96d3fc39fc9965bbce9177429f6,MONASH,-4224,beauty_plus_antibeauty_constituent_count,raw_weighted_sum,weighted_count,0x0.0p+0,AVAILABLE,WITHHELD_UNCERTAINTY
d74303a5e7d78345d88b670d08fb230efd8d5f31ff3569feb8f91f86eaccc1d0,CLOSEPACKING,-4224,charm_plus_anticharm_constituent_count,raw_count,count,0x1.8414800000000p+20,AVAILABLE,WITHHELD_UNCERTAINTY
84d6d50c8207fae78deee0fd63d871c2850bf31147efeb5245ffb07be7ce78de,JUNCTIONS,-4224,charm_plus_anticharm_constituent_count,raw_count,count,0x1.0dc4e00000000p+19,AVAILABLE,WITHHELD_UNCERTAINTY
0eda84f0fc037d32dc24007fdfcb1875fb7d5ef847c30f9a682397aab6179a27,MONASH,-4224,charm_plus_anticharm_constituent_count,raw_count,count,0x1.1878400000000p+18,AVAILABLE,WITHHELD_UNCERTAINTY
a7cea6f6a34356e8f0eb1d7e5c64cfac934b72657add01b25b476b1018317476,CLOSEPACKING,-4224,charm_plus_anticharm_constituent_count,raw_weighted_sum,weighted_count,0x1.8414800000000p+20,AVAILABLE,WITHHELD_UNCERTAINTY
dd41cb4f21e2d7d8db5c12067ca33539f3d2fa34db426c56ab90c25c28affe04,JUNCTIONS,-4224,charm_plus_anticharm_constituent_count,raw_weighted_sum,weighted_count,0x1.0dc4e00000000p+19,AVAILABLE,WITHHELD_UNCERTAINTY
ec9ede686ff117283cb3503a10bfdf25795e7a8788eb4e299eef8b2ce2df7beb,MONASH,-4224,charm_plus_anticharm_constituent_count,raw_weighted_sum,weighted_count,0x1.1878400000000p+18,AVAILABLE,WITHHELD_UNCERTAINTY
4d10dc62ddaf9d19a2e98318d0ae0a21a08f4f17f16d573a805d0b3d87ab652a,CLOSEPACKING,-4224,hadron_count,normalized_yield,per_event,0x1.046fa656158b5p-6,AVAILABLE,AVAILABLE
615e8dea070bc6ac75c44088a2b18097f79e56f75d9dbbd73ae67d9731d710fb,JUNCTIONS,-4224,hadron_count,normalized_yield,per_event,0x1.6a13eff6f366fp-8,AVAILABLE,AVAILABLE
480e2c6f12b82b7a22a3ad5e1f66ee627886301aaee6e93b956b6f108faa27af,MONASH,-4224,hadron_count,normalized_yield,per_event,0x1.7870aa0c2d8adp-9,AVAILABLE,AVAILABLE
05361bb7de360030f4c948a8a5106843a51d72c1f9bc051cb093a84ef437daba,CLOSEPACKING,-4224,hadron_count,raw_count,count,0x1.8414800000000p+20,AVAILABLE,WITHHELD_UNCERTAINTY
ba6a1a15a485f070dede75d6f45fb862ee30a85252758fd3d2f17364a8b5f82e,JUNCTIONS,-4224,hadron_count,raw_count,count,0x1.0dc4e00000000p+19,AVAILABLE,WITHHELD_UNCERTAINTY
18f24285c63a803937d986100c4c4916a033c1da2f54bed83dec8e06ebe112c2,MONASH,-4224,hadron_count,raw_count,count,0x1.1878400000000p+18,AVAILABLE,WITHHELD_UNCERTAINTY
48768c6bf3c3445f418808a9c2bd6b849b1e3118e2d107052f74ec2d27d7fb12,CLOSEPACKING,-4224,hadron_count,raw_weighted_sum,weighted_count,0x1.8414800000000p+20,AVAILABLE,WITHHELD_UNCERTAINTY
d61eb47ba256c79513a18c57c06121d44939c4765ec972b3c4fe885bf0bbca7a,JUNCTIONS,-4224,hadron_count,raw_weighted_sum,weighted_count,0x1.0dc4e00000000p+19,AVAILABLE,WITHHELD_UNCERTAINTY
11b78cb388502f4ca796b51218d1e79f17d3ffbd20a34ea3c9873b142413faee,MONASH,-4224,hadron_count,raw_weighted_sum,weighted_count,0x1.1878400000000p+18,AVAILABLE,WITHHELD_UNCERTAINTY
6811de21a841abe64fdbf2c9301870b93d7898b6216e528144a8ba67391a467e,CLOSEPACKING,-423,beauty_plus_antibeauty_constituent_count,raw_count,count,0x0.0p+0,AVAILABLE,WITHHELD_UNCERTAINTY
4db3b43a905b5972dae8626662edb6aea776e3890eab65255021877c3acd60d5,JUNCTIONS,-423,beauty_plus_antibeauty_constituent_count,raw_count,count,0x0.0p+0,AVAILABLE,WITHHELD_UNCERTAINTY
c2690a978460c962ff37d7e76ca3be7771f46a674fe622613c135abe3e88ed5b,MONASH,-423,beauty_plus_antibeauty_constituent_count,raw_count,count,0x0.0p+0,AVAILABLE,WITHHELD_UNCERTAINTY
c1787c19f766f457a2ba07bf245198b409f1a1e4b6a512fbc4dc0c695cfa52bf,CLOSEPACKING,-423,beauty_plus_antibeauty_constituent_count,raw_weighted_sum,weighted_count,0x0.0p+0,AVAILABLE,WITHHELD_UNCERTAINTY
26b26705b2f1b981dfe52e020c3949d9339bdb12701aa843e0b1353062ea68c0,JUNCTIONS,-423,beauty_plus_antibeauty_constituent_count,raw_weighted_sum,weighted_count,0x0.0p+0,AVAILABLE,WITHHELD_UNCERTAINTY
9eae2ad52714ead0cc55fbc3c31355469d6dcaf668ca95daded822b5b4c774a9,MONASH,-423,beauty_plus_antibeauty_constituent_count,raw_weighted_sum,weighted_count,0x0.0p+0,AVAILABLE,WITHHELD_UNCERTAINTY
66120db89e01d30461b89ef5901bf1333264210357675c2688dc02bfa6cb74b5,CLOSEPACKING,-423,charm_plus_anticharm_constituent_count,raw_count,count,0x1.0459fd0000000p+24,AVAILABLE,WITHHELD_UNCERTAINTY
acec6ef6960f9d52d050472d8ec9a519a10a1111f76f4e80944c6bd6eabef316,JUNCTIONS,-423,charm_plus_anticharm_constituent_count,raw_count,count,0x1.0878dc0000000p+24,AVAILABLE,WITHHELD_UNCERTAINTY
3693971eddbc524c98aa4feb2f6077f47b9c7049ef3c6ead93b6c1ed6e6a53f0,MONASH,-423,charm_plus_anticharm_constituent_count,raw_count,count,0x1.2e3e240000000p+24,AVAILABLE,WITHHELD_UNCERTAINTY
093ff7983f6cae1c9b18e76d91e075c8f8e0fb95af8459e68dacd8141b054a57,CLOSEPACKING,-423,charm_plus_anticharm_constituent_count,raw_weighted_sum,weighted_count,0x1.0459fd0000000p+24,AVAILABLE,WITHHELD_UNCERTAINTY
d8cd9e2bd3121745a8d977bd69b2768f0bd224175df13b3c39ecdc616a80bb23,JUNCTIONS,-423,charm_plus_anticharm_constituent_count,raw_weighted_sum,weighted_count,0x1.0878dc0000000p+24,AVAILABLE,WITHHELD_UNCERTAINTY
896b48ac97c96a2d241b0dc6790048d6876e3bd56d5d0b95594134d452e41221,MONASH,-423,charm_plus_anticharm_constituent_count,raw_weighted_sum,weighted_count,0x1.2e3e240000000p+24,AVAILABLE,WITHHELD_UNCERTAINTY
4401d4194d6132806c216e693d525d0de4d07c296a7f99079c7c97245933d35f,CLOSEPACKING,-423,hadron_count,normalized_yield,per_event,0x1.5d701998826d6p-3,AVAILABLE,AVAILABLE
77a75b385e7cb77d0b33c3da5a41a616462fab719ea90589716eb668a416e8aa,JUNCTIONS,-423,hadron_count,normalized_yield,per_event,0x1.62f7ec8b2e1bfp-3,AVAILABLE,AVAILABLE
ae2a2a207e78eddf5a8d59943843773b33912371f0e7d9886b8d93d620cb518e,MONASH,-423,hadron_count,normalized_yield,per_event,0x1.95a9d048824fdp-3,AVAILABLE,AVAILABLE
affcbc7c5f3d5c588ecc49e8b25266a4fb3dc5496e966d6ee1561fd4a2b1811e,CLOSEPACKING,-423,hadron_count,raw_count,count,0x1.0459fd0000000p+24,AVAILABLE,WITHHELD_UNCERTAINTY
5f5e5fa0f7d3903e12764a0713bec90c14a7635e40b7b0a45b8cb253b93bf203,JUNCTIONS,-423,hadron_count,raw_count,count,0x1.0878dc0000000p+24,AVAILABLE,WITHHELD_UNCERTAINTY
9736b6a44c15acf06be796cbc644588698c1a76107f6e71fc80775a1df3f5b22,MONASH,-423,hadron_count,raw_count,count,0x1.2e3e240000000p+24,AVAILABLE,WITHHELD_UNCERTAINTY
ff0a6836175c2d29ef52487b06102ed415a6e6e24f7cde4f9069bffae7440ea2,CLOSEPACKING,-423,hadron_count,raw_weighted_sum,weighted_count,0x1.0459fd0000000p+24,AVAILABLE,WITHHELD_UNCERTAINTY
c07c6436c0576e0eef2ddb68af275b3c340fc9c1828bbedcbf6d260a16e8719f,JUNCTIONS,-423,hadron_count,raw_weighted_sum,weighted_count,0x1.0878dc0000000p+24,AVAILABLE,WITHHELD_UNCERTAINTY
4ddc63bf67d216a788511c27ace1ab1d0c3af30a8b16ce526c04cbe15bd444ce,MONASH,-423,hadron_count,raw_weighted_sum,weighted_count,0x1.2e3e240000000p+24,AVAILABLE,WITHHELD_UNCERTAINTY
ffa4e6e381359012534709c82938a7a27db54af039d69aa50755c5e81402abbc,CLOSEPACKING,-4232,beauty_plus_antibeauty_constituent_count,raw_count,count,0x0.0p+0,AVAILABLE,WITHHELD_UNCERTAINTY
d8f700fb395d68b3b4b762e653e144de613aecd6480582a90e981fc5d406df6c,JUNCTIONS,-4232,beauty_plus_antibeauty_constituent_count,raw_count,count,0x0.0p+0,AVAILABLE,WITHHELD_UNCERTAINTY
16ce53aa78bbdaf1873b184f7293abaafa3a4dd0cfcc64ff55b05cb8cfce3a36,MONASH,-4232,beauty_plus_antibeauty_constituent_count,raw_count,count,0x0.0p+0,AVAILABLE,WITHHELD_UNCERTAINTY
9ae936edea49737d961396d0652455f359b30913d8a418e6c3f8f7f68c9dc745,CLOSEPACKING,-4232,beauty_plus_antibeauty_constituent_count,raw_weighted_sum,weighted_count,0x0.0p+0,AVAILABLE,WITHHELD_UNCERTAINTY
c397329e1b2580c1af8b2aa85cd7aa114e7afb0f9875892ed0ea3fcd93d645fb,JUNCTIONS,-4232,beauty_plus_antibeauty_constituent_count,raw_weighted_sum,weighted_count,0x0.0p+0,AVAILABLE,WITHHELD_UNCERTAINTY
e68cca14a093b3554466b2f8c767ecfbe684143fd10b6a50340048888ecaf760,MONASH,-4232,beauty_plus_antibeauty_constituent_count,raw_weighted_sum,weighted_count,0x0.0p+0,AVAILABLE,WITHHELD_UNCERTAINTY
de6b76d5764ded57c92c27b2486b575c3e54c69d090aab260b0f570510708a38,CLOSEPACKING,-4232,charm_plus_anticharm_constituent_count,raw_count,count,0x1.35d0e00000000p+19,AVAILABLE,WITHHELD_UNCERTAINTY
2eaa9e6077565218f08c7a964acbaab33a29c8d82ae91491fef66414b7e59b46,JUNCTIONS,-4232,charm_plus_anticharm_constituent_count,raw_count,count,0x1.273fa00000000p+19,AVAILABLE,WITHHELD_UNCERTAINTY
f6fe7f4306b8e21c4a6aadd639dad9c4d59b8efd19ba11aca64e9c3c2a67333c,MONASH,-4232,charm_plus_anticharm_constituent_count,raw_count,count,0x1.8adcc00000000p+18,AVAILABLE,WITHHELD_UNCERTAINTY
c4ece9e84ca3ed8d22e140f8f87c911ec85e3c612a9b48b53ed3a22c5dddcf87,CLOSEPACKING,-4232,charm_plus_anticharm_constituent_count,raw_weighted_sum,weighted_count,0x1.35d0e00000000p+19,AVAILABLE,WITHHELD_UNCERTAINTY
b7ef5796109c8f195ff8b2ad8025c0a9aac432075779504c5247838d80f6bb76,JUNCTIONS,-4232,charm_plus_anticharm_constituent_count,raw_weighted_sum,weighted_count,0x1.273fa00000000p+19,AVAILABLE,WITHHELD_UNCERTAINTY
899941b311680575e766a0e70fbd87e65062a35eb90fbe656babe4db8bb3f468,MONASH,-4232,charm_plus_anticharm_constituent_count,raw_weighted_sum,weighted_count,0x1.8adcc00000000p+18,AVAILABLE,WITHHELD_UNCERTAINTY
e0f57be75fd5c835d5dc14259dc7537407915a813e938ff76bfd50abbb0a1b2b,CLOSEPACKING,-4232,hadron_count,normalized_yield,per_event,0x1.9fd3f0579669ep-8,AVAILABLE,AVAILABLE
aa66bf2b1edf7256d123ffff36e17c5fa6b0d3f91cc34862af6d4e3b11069e99,JUNCTIONS,-4232,hadron_count,normalized_yield,per_event,0x1.8c469fcc8e8e8p-8,AVAILABLE,AVAILABLE
bc98e7f26e710ed80dfdcfa473a1ff994cff76d00c25447f2ad7aa115fda52dc,MONASH,-4232,hadron_count,normalized_yield,per_event,0x1.08fcd3d0a2197p-8,AVAILABLE,AVAILABLE
a3d52a402bf85d262fdb2c5dce1ae90df1037a7cea299816d8e41715415c539f,CLOSEPACKING,-4232,hadron_count,raw_count,count,0x1.35d0e00000000p+19,AVAILABLE,WITHHELD_UNCERTAINTY
9eac8a0e355cce174f6caf80897cd92205a39e9436b32edbffa30f4d689ad710,JUNCTIONS,-4232,hadron_count,raw_count,count,0x1.273fa00000000p+19,AVAILABLE,WITHHELD_UNCERTAINTY
ef056b5c02893f7979ce15e17ed3c0771b194195ecc45fa9ea9fe0ad0c4dce94,MONASH,-4232,hadron_count,raw_count,count,0x1.8adcc00000000p+18,AVAILABLE,WITHHELD_UNCERTAINTY
9793432b7cf28919457b3e270d0aa9f9152f486c6d31a61641a3f8c7b188aa11,CLOSEPACKING,-4232,hadron_count,raw_weighted_sum,weighted_count,0x1.35d0e00000000p+19,AVAILABLE,WITHHELD_UNCERTAINTY
c7fceddb2fc9a63faac0e87ccf992548e70d0586c394f8efbbe945efd85bebd5,JUNCTIONS,-4232,hadron_count,raw_weighted_sum,weighted_count,0x1.273fa00000000p+19,AVAILABLE,WITHHELD_UNCERTAINTY
c7c654b91f1e7096da059c8e5260576c58aa0bb6fe3b77c87646f72be2e384e7,MONASH,-4232,hadron_count,raw_weighted_sum,weighted_count,0x1.8adcc00000000p+18,AVAILABLE,WITHHELD_UNCERTAINTY
1e68fdb53dc9e27675f7661afa2a168d726f312c6a0ac65816061061748ce689,CLOSEPACKING,-431,beauty_plus_antibeauty_constituent_count,raw_count,count,0x0.0p+0,AVAILABLE,WITHHELD_UNCERTAINTY
171a04ac4f9ac4ea5fde85f34d9d7a14f405698638cffe25508c7e9739071b50,JUNCTIONS,-431,beauty_plus_antibeauty_constituent_count,raw_count,count,0x0.0p+0,AVAILABLE,WITHHELD_UNCERTAINTY
58970ba1eff4cbe5c7c84478b5fcafcaf8a797d6f643cb4102f9616e39c8f23a,MONASH,-431,beauty_plus_antibeauty_constituent_count,raw_count,count,0x0.0p+0,AVAILABLE,WITHHELD_UNCERTAINTY
cfbe8fb5719a5a6c318ccc9e856a9dd366c7d4d9473c96aade42155e5ead00c7,CLOSEPACKING,-431,beauty_plus_antibeauty_constituent_count,raw_weighted_sum,weighted_count,0x0.0p+0,AVAILABLE,WITHHELD_UNCERTAINTY
6faa8c6e5754af019e4ee94194f1b775bd94abb432fe379300fed10083cc1263,JUNCTIONS,-431,beauty_plus_antibeauty_constituent_count,raw_weighted_sum,weighted_count,0x0.0p+0,AVAILABLE,WITHHELD_UNCERTAINTY
12d3529d1a734863d0c7b317de405d1fad3cd31e7bef109c4339c063dfdd2e79,MONASH,-431,beauty_plus_antibeauty_constituent_count,raw_weighted_sum,weighted_count,0x0.0p+0,AVAILABLE,WITHHELD_UNCERTAINTY
b0d6c47a3de4f7ac3f59afca4b56b95c67522821836bc2ffcb3ef8117193ae8a,CLOSEPACKING,-431,charm_plus_anticharm_constituent_count,raw_count,count,0x1.1eecd40000000p+22,AVAILABLE,WITHHELD_UNCERTAINTY
b07b6feed4c5091fe6e142c833cb176826fbad142902594c1b5ae6bd9146c209,JUNCTIONS,-431,charm_plus_anticharm_constituent_count,raw_count,count,0x1.efbfe00000000p+21,AVAILABLE,WITHHELD_UNCERTAINTY
1aed134c0347e84352855271806992b3db314beb40e6957053d41f2e673004fc,MONASH,-431,charm_plus_anticharm_constituent_count,raw_count,count,0x1.352f900000000p+22,AVAILABLE,WITHHELD_UNCERTAINTY
fe22a15f1bec74323366b854cc386b887f15ea4209485988ad64eeca79d95136,CLOSEPACKING,-431,charm_plus_anticharm_constituent_count,raw_weighted_sum,weighted_count,0x1.1eecd40000000p+22,AVAILABLE,WITHHELD_UNCERTAINTY
64a0a76ab77e8e4fd735a66b8e966bee2dc2bc048151ecc962b48add114c0892,JUNCTIONS,-431,charm_plus_anticharm_constituent_count,raw_weighted_sum,weighted_count,0x1.efbfe00000000p+21,AVAILABLE,WITHHELD_UNCERTAINTY
fae3efb1c26956cc7f742ee65f704521d05506701e8eac008f0cc8dae63990d4,MONASH,-431,charm_plus_anticharm_constituent_count,raw_weighted_sum,weighted_count,0x1.352f900000000p+22,AVAILABLE,WITHHELD_UNCERTAINTY
539ec29cdf33a80281b5bab6f963e965eff1794cad3dee1c43a1755cab3a6665,CLOSEPACKING,-431,hadron_count,normalized_yield,per_event,0x1.811ab791514bap-5,AVAILABLE,AVAILABLE
5874621428068152533d09541e30260b850e0c85577d2822286412b5fb480d49,JUNCTIONS,-431,hadron_count,normalized_yield,per_event,0x1.4cb11e1a9d3a4p-5,AVAILABLE,AVAILABLE
4cb63190d3348ed6479a302b8b79d6b7d1c60dc33dfaa701a1feba153898f126,MONASH,-431,hadron_count,normalized_yield,per_event,0x1.9efb6dca07f67p-5,AVAILABLE,AVAILABLE
b50bdfc57a0aca49c39a5062672713b830c75c4f6d9e2b576cc4d061f7072b23,CLOSEPACKING,-431,hadron_count,raw_count,count,0x1.1eecd40000000p+22,AVAILABLE,WITHHELD_UNCERTAINTY
aa6dd6479fc2e7ade926e20a7a78512c46f184a39ebe5fc931681040a195251e,JUNCTIONS,-431,hadron_count,raw_count,count,0x1.efbfe00000000p+21,AVAILABLE,WITHHELD_UNCERTAINTY
2ce9968def6e01d0d545c4d95b10520d3937d6da76d07d57b825e88aa33d8367,MONASH,-431,hadron_count,raw_count,count,0x1.352f900000000p+22,AVAILABLE,WITHHELD_UNCERTAINTY
ece6e59c8426d2ad3ce1c0ce81782e245e5c2fc857230c9cb1f59327f1e1fc84,CLOSEPACKING,-431,hadron_count,raw_weighted_sum,weighted_count,0x1.1eecd40000000p+22,AVAILABLE,WITHHELD_UNCERTAINTY
ba47d56abd5068be66d1c491f2de41dcc4a057224ddb6b6c5fb5184767d7ba39,JUNCTIONS,-431,hadron_count,raw_weighted_sum,weighted_count,0x1.efbfe00000000p+21,AVAILABLE,WITHHELD_UNCERTAINTY
624ef00f7e77dc8d09464b33835c13a18d37a5df6291530804bd9267e7999b2e,MONASH,-431,hadron_count,raw_weighted_sum,weighted_count,0x1.352f900000000p+22,AVAILABLE,WITHHELD_UNCERTAINTY
6df766f209e828754d512c41adcf147ba4fe797cd01e5f783f67b27e1b8e9c7a,CLOSEPACKING,-4312,beauty_plus_antibeauty_constituent_count,raw_count,count,0x0.0p+0,AVAILABLE,WITHHELD_UNCERTAINTY
41376fcd7771bcbc2c61d8bf391033c0ca35eab9cdacffc87017cb9602448d2e,JUNCTIONS,-4312,beauty_plus_antibeauty_constituent_count,raw_count,count,0x0.0p+0,AVAILABLE,WITHHELD_UNCERTAINTY
709701cd15091f63a9a49d45954901b963d17eff13282af9e2ccdab990d6badf,MONASH,-4312,beauty_plus_antibeauty_constituent_count,raw_count,count,0x0.0p+0,AVAILABLE,WITHHELD_UNCERTAINTY
4f98bc145282fb6c92b5526d2ea2e6c6a31c9945660e4376e5ab732477c2b121,CLOSEPACKING,-4312,beauty_plus_antibeauty_constituent_count,raw_weighted_sum,weighted_count,0x0.0p+0,AVAILABLE,WITHHELD_UNCERTAINTY
83d707164d02cdd9953e3e7e2323c6e95d2ee6a50c87cd8e401a401fd69163bc,JUNCTIONS,-4312,beauty_plus_antibeauty_constituent_count,raw_weighted_sum,weighted_count,0x0.0p+0,AVAILABLE,WITHHELD_UNCERTAINTY
2af4f4430226834221eaf65fc70b6afeddb2c4bbcf08d30820f088eff944ed5b,MONASH,-4312,beauty_plus_antibeauty_constituent_count,raw_weighted_sum,weighted_count,0x0.0p+0,AVAILABLE,WITHHELD_UNCERTAINTY
48bb709869222e75968d26ad23819ab229f208bad5676aef7a941fc1c2f9cea5,CLOSEPACKING,-4312,charm_plus_anticharm_constituent_count,raw_count,count,0x1.1762000000000p+19,AVAILABLE,WITHHELD_UNCERTAINTY
7297f300cf1374a6e55d33507ca2917be08bc60db94dd48a70982586eed2d658,JUNCTIONS,-4312,charm_plus_anticharm_constituent_count,raw_count,count,0x1.7f60400000000p+19,AVAILABLE,WITHHELD_UNCERTAINTY
af786939dd6eb926e1c67a0b2ea8d91c9b0183b450f9e3a33e61669e016cd07d,MONASH,-4312,charm_plus_anticharm_constituent_count,raw_count,count,0x1.7de4000000000p+14,AVAILABLE,WITHHELD_UNCERTAINTY
740cdcf7682d467e7639f7f172a4bdfc66e1b0e3e2a2e4e9d62ffbde51b08d38,CLOSEPACKING,-4312,charm_plus_anticharm_constituent_count,raw_weighted_sum,weighted_count,0x1.1762000000000p+19,AVAILABLE,WITHHELD_UNCERTAINTY
d814c0038667813169dbca0bef9429930a91b04febc18b4d9f698e2b65614430,JUNCTIONS,-4312,charm_plus_anticharm_constituent_count,raw_weighted_sum,weighted_count,0x1.7f60400000000p+19,AVAILABLE,WITHHELD_UNCERTAINTY
d270dd66a90ec10f6c6614733a0c36eb4aae8985a19ccf1e6ff197059abce0ea,MONASH,-4312,charm_plus_anticharm_constituent_count,raw_weighted_sum,weighted_count,0x1.7de4000000000p+14,AVAILABLE,WITHHELD_UNCERTAINTY
acedee4f4fc0712cea6900cfc08718ae3758b904113b54a0f94fa30ab67729af,CLOSEPACKING,-4312,hadron_count,normalized_yield,per_event,0x1.76fb341357f69p-8,AVAILABLE,AVAILABLE
7e150efb3ece2a28291c0cfb15b90ab1b3bd87735bc1c99f09af092ddf1f46a6,JUNCTIONS,-4312,hadron_count,normalized_yield,per_event,0x1.01477dc2f9646p-7,AVAILABLE,AVAILABLE
e087dfd3367090fc4de674cdbc1b0c18509329285f57d4cc90067b688f77e332,MONASH,-4312,hadron_count,normalized_yield,per_event,0x1.00484f4f1d9f8p-12,AVAILABLE,AVAILABLE
3693a20b982d592958da3a44c3abb5588a56742ac2932a1eef89eafb72352dd8,CLOSEPACKING,-4312,hadron_count,raw_count,count,0x1.1762000000000p+19,AVAILABLE,WITHHELD_UNCERTAINTY
e0cb69735fdfa24b054f03c284f90a40206cab79fe14b181d8b2abc673374852,JUNCTIONS,-4312,hadron_count,raw_count,count,0x1.7f60400000000p+19,AVAILABLE,WITHHELD_UNCERTAINTY
7fa988dc6ca263988bc116a27b96473573f3f1cede629423a7633708a66df01a,MONASH,-4312,hadron_count,raw_count,count,0x1.7de4000000000p+14,AVAILABLE,WITHHELD_UNCERTAINTY
15a29b2b9a550367b4d446800cd6da0b45431d41118d4be8ad8bf820594cbbdd,CLOSEPACKING,-4312,hadron_count,raw_weighted_sum,weighted_count,0x1.1762000000000p+19,AVAILABLE,WITHHELD_UNCERTAINTY
79d5cb87a7130dc525f62db2ffdb9254e653909c26249c54feb73d9cd62f657e,JUNCTIONS,-4312,hadron_count,raw_weighted_sum,weighted_count,0x1.7f60400000000p+19,AVAILABLE,WITHHELD_UNCERTAINTY
d511e9090351f11b80242b84b792d88c5fa9c8b75c487bf7bb99d7e4c9995101,MONASH,-4312,hadron_count,raw_weighted_sum,weighted_count,0x1.7de4000000000p+14,AVAILABLE,WITHHELD_UNCERTAINTY
194550c5c1533f55fda7f1bbf5963552f9dea9f4c7fafb85518e567d7e726cad,CLOSEPACKING,-4314,beauty_plus_antibeauty_constituent_count,raw_count,count,0x0.0p+0,AVAILABLE,WITHHELD_UNCERTAINTY
edd6d8ec44ed5577b275e141f1b0d1d24d5276689c8bdad08eaee4f4a486bba6,JUNCTIONS,-4314,beauty_plus_antibeauty_constituent_count,raw_count,count,0x0.0p+0,AVAILABLE,WITHHELD_UNCERTAINTY
bbdf388fcc1795bc4cea17e59a5bc87d372cb5f598d86e6b95f021eaf49281ed,MONASH,-4314,beauty_plus_antibeauty_constituent_count,raw_count,count,0x0.0p+0,AVAILABLE,WITHHELD_UNCERTAINTY
431fd601f75cf27c42adf0738b90d5a3958fa6ac04ab99a7e3e5f5062e422ed8,CLOSEPACKING,-4314,beauty_plus_antibeauty_constituent_count,raw_weighted_sum,weighted_count,0x0.0p+0,AVAILABLE,WITHHELD_UNCERTAINTY
76f04e4709074f7c674db0cae8c7bdf20f89d4b952b4f4c98562803cdee36ab3,JUNCTIONS,-4314,beauty_plus_antibeauty_constituent_count,raw_weighted_sum,weighted_count,0x0.0p+0,AVAILABLE,WITHHELD_UNCERTAINTY
2adafe01f77f09ff12dd1b5bab7af1df4f290502da6ad0173c85e80893cf9b45,MONASH,-4314,beauty_plus_antibeauty_constituent_count,raw_weighted_sum,weighted_count,0x0.0p+0,AVAILABLE,WITHHELD_UNCERTAINTY
78fae8aba7a4f1eb5c4bb9267de94f39d827e0fce87ada505934613052ec8332,CLOSEPACKING,-4314,charm_plus_anticharm_constituent_count,raw_count,count,0x1.06a9a00000000p+19,AVAILABLE,WITHHELD_UNCERTAINTY
09ec1f00c08493877c6efb817d1c082c6115fdd38b381f32b42a8bca166565b9,JUNCTIONS,-4314,charm_plus_anticharm_constituent_count,raw_count,count,0x1.6e3d000000000p+16,AVAILABLE,WITHHELD_UNCERTAINTY
9e2d71c00426462e23d49b88a7399670b5327580ce7259645f82c6ee6a5f2769,MONASH,-4314,charm_plus_anticharm_constituent_count,raw_count,count,0x1.7c26000000000p+15,AVAILABLE,WITHHELD_UNCERTAINTY
7d49d6affd638cb5f6ceea62d93d73503df157ae9a448c8521b628f891072791,CLOSEPACKING,-4314,charm_plus_anticharm_constituent_count,raw_weighted_sum,weighted_count,0x1.06a9a00000000p+19,AVAILABLE,WITHHELD_UNCERTAINTY
e02d164981c78206c07bced981f0397dc1f3ac3889f83188b775012f4d409ac7,JUNCTIONS,-4314,charm_plus_anticharm_constituent_count,raw_weighted_sum,weighted_count,0x1.6e3d000000000p+16,AVAILABLE,WITHHELD_UNCERTAINTY
9cc17a97283fa269ba7a87f6ddabe35e2c899a27a0630f172198462bdc7e09bf,MONASH,-4314,charm_plus_anticharm_constituent_count,raw_weighted_sum,weighted_count,0x1.7c26000000000p+15,AVAILABLE,WITHHELD_UNCERTAINTY
196a919fcdbb0ffbd72afad77cd49bc6ec0e592a96715681db6c4d5b4f8ba144,CLOSEPACKING,-4314,hadron_count,normalized_yield,per_event,0x1.608a2e6ca4eeep-8,AVAILABLE,AVAILABLE
cc0763960b9672f9c2376819bf3350047114f53ceb9b49798b5642b2888f9f43,JUNCTIONS,-4314,hadron_count,normalized_yield,per_event,0x1.eb8e83e6d4e0cp-11,AVAILABLE,AVAILABLE
01d36f9c895ebf27f859de74d8b6908a7b3eba352d9a51f7734ef86991937acd,MONASH,-4314,hadron_count,normalized_yield,per_event,0x1.fe3a022f5a35bp-12,AVAILABLE,AVAILABLE
de65795a6e1b4229e691e501386f1b392d713534b954a0ee55edc02c068e83af,CLOSEPACKING,-4314,hadron_count,raw_count,count,0x1.06a9a00000000p+19,AVAILABLE,WITHHELD_UNCERTAINTY
ac0fdee78a1268876a1833233c45a0b8679449a37b46ec98ba24f267b5e8fed8,JUNCTIONS,-4314,hadron_count,raw_count,count,0x1.6e3d000000000p+16,AVAILABLE,WITHHELD_UNCERTAINTY
0905195e197c66f35133ac03ee5a1bfcbd1c05cb176781f264a1ba162f0cdd9e,MONASH,-4314,hadron_count,raw_count,count,0x1.7c26000000000p+15,AVAILABLE,WITHHELD_UNCERTAINTY
7c901f24157316f120a565a8499bc474361784ff0180a637222b37984ca3a2d7,CLOSEPACKING,-4314,hadron_count,raw_weighted_sum,weighted_count,0x1.06a9a00000000p+19,AVAILABLE,WITHHELD_UNCERTAINTY
b774e45d9f0bfe9a6d58556d3e14bed2f3294bd1146ee02c1fa83b85cd2fb493,JUNCTIONS,-4314,hadron_count,raw_weighted_sum,weighted_count,0x1.6e3d000000000p+16,AVAILABLE,WITHHELD_UNCERTAINTY
497f327699a3360571bb7892a93d854e1366d04db48b083d2c24ba3422bc21b8,MONASH,-4314,hadron_count,raw_weighted_sum,weighted_count,0x1.7c26000000000p+15,AVAILABLE,WITHHELD_UNCERTAINTY
19f6328492e1ee47d93a9a9aaa4432c9df55a21949b4b746197a999d2f540686,CLOSEPACKING,-4322,beauty_plus_antibeauty_constituent_count,raw_count,count,0x0.0p+0,AVAILABLE,WITHHELD_UNCERTAINTY
688a2d2317d05ddaa743c7635de73660cf4f0796d02890e84f218c7abdc80f8a,JUNCTIONS,-4322,beauty_plus_antibeauty_constituent_count,raw_count,count,0x0.0p+0,AVAILABLE,WITHHELD_UNCERTAINTY
1cc8b3556bce08eba2c44e7b55888345ec9abbdd4294425e369cf7766fd7f683,MONASH,-4322,beauty_plus_antibeauty_constituent_count,raw_count,count,0x0.0p+0,AVAILABLE,WITHHELD_UNCERTAINTY
78af2c4c997385665632adc21344426522135bdd3d182811c557006933cb11c0,CLOSEPACKING,-4322,beauty_plus_antibeauty_constituent_count,raw_weighted_sum,weighted_count,0x0.0p+0,AVAILABLE,WITHHELD_UNCERTAINTY
11e9b4f031f8380e8f008a1e47636b6134a1ad61604e5f0ad01de1385fff11b5,JUNCTIONS,-4322,beauty_plus_antibeauty_constituent_count,raw_weighted_sum,weighted_count,0x0.0p+0,AVAILABLE,WITHHELD_UNCERTAINTY
8615c54bf360c875f9c571661e41639139152889e719f90aab5cb767eb2efe1a,MONASH,-4322,beauty_plus_antibeauty_constituent_count,raw_weighted_sum,weighted_count,0x0.0p+0,AVAILABLE,WITHHELD_UNCERTAINTY
7dae8bf9cb365fe679a5237de1f2ceadfc19568f2a093505af333f26972aad5e,CLOSEPACKING,-4322,charm_plus_anticharm_constituent_count,raw_count,count,0x1.180a000000000p+19,AVAILABLE,WITHHELD_UNCERTAINTY
029edfb8be983a4cbdc787c03435ed2ea577cc9d83065810ca2a06f2f59eeccf,JUNCTIONS,-4322,charm_plus_anticharm_constituent_count,raw_count,count,0x1.7f45600000000p+19,AVAILABLE,WITHHELD_UNCERTAINTY
3281e8b7b1cbe653b8eedf0b2c67056486746c018a22a82e8bf914fa596e3692,MONASH,-4322,charm_plus_anticharm_constituent_count,raw_count,count,0x1.8004000000000p+14,AVAILABLE,WITHHELD_UNCERTAINTY
f59563a6aac96a97394922d0f5fe72d3f1cce86be8502aade5d1e1a83a92eba7,CLOSEPACKING,-4322,charm_plus_anticharm_constituent_count,raw_weighted_sum,weighted_count,0x1.180a000000000p+19,AVAILABLE,WITHHELD_UNCERTAINTY
d27162247af959ad5b553612cf2ebd5b1fcd3cd4f0443703bbccd5666824b214,JUNCTIONS,-4322,charm_plus_anticharm_constituent_count,raw_weighted_sum,weighted_count,0x1.7f45600000000p+19,AVAILABLE,WITHHELD_UNCERTAINTY
e50bd3ade06141277cfdc9446ade06148c7166a5a78c46de84f2d796a38be30e,MONASH,-4322,charm_plus_anticharm_constituent_count,raw_weighted_sum,weighted_count,0x1.8004000000000p+14,AVAILABLE,WITHHELD_UNCERTAINTY
3fb22be0cfb746b4dbaa51b4afc3ef66794aab94c893cd5d1c0762f38d1752c8,CLOSEPACKING,-4322,hadron_count,normalized_yield,per_event,0x1.77dcb06f9ef45p-8,AVAILABLE,AVAILABLE
25de7ec0ef6452ae01c7661ad9b5d6297657ef88353d24dde91ac85d114ec1cc,JUNCTIONS,-4322,hadron_count,normalized_yield,per_event,0x1.013574abf96d9p-7,AVAILABLE,AVAILABLE
b9bba0eee9204c08e8aa685cb90e6df21ec39fad431043f121d217a9907cbafc,MONASH,-4322,hadron_count,normalized_yield,per_event,0x1.01b561cc22d8dp-12,AVAILABLE,AVAILABLE
964c64b36ceefb181908fe178df673df59cc8a40d3fafa33519b7b0574e58c4d,CLOSEPACKING,-4322,hadron_count,raw_count,count,0x1.180a000000000p+19,AVAILABLE,WITHHELD_UNCERTAINTY
ee06a273a71ab5dfca4746bf2589589899bd27ecfae16939245ba0a0f1d4ee00,JUNCTIONS,-4322,hadron_count,raw_count,count,0x1.7f45600000000p+19,AVAILABLE,WITHHELD_UNCERTAINTY
8dfa982bf7cf8214b5b02437f6f9cc6a75dd162c148ae1b5608e711ce642c105,MONASH,-4322,hadron_count,raw_count,count,0x1.8004000000000p+14,AVAILABLE,WITHHELD_UNCERTAINTY
707c9ba0de8cc68d0ef67f5086af5aaa1331cf559d726e6515e8946670a56234,CLOSEPACKING,-4322,hadron_count,raw_weighted_sum,weighted_count,0x1.180a000000000p+19,AVAILABLE,WITHHELD_UNCERTAINTY
55e5b39215e6758e21617fe2f69867ebf015fb4d70e1106112490511f160eb6c,JUNCTIONS,-4322,hadron_count,raw_weighted_sum,weighted_count,0x1.7f45600000000p+19,AVAILABLE,WITHHELD_UNCERTAINTY
e9e15bf2afdc48ffd33ae4d47dcc77961553718c6eab802a5e0b9a963c80c201,MONASH,-4322,hadron_count,raw_weighted_sum,weighted_count,0x1.8004000000000p+14,AVAILABLE,WITHHELD_UNCERTAINTY
7f7516900a4f5b3d60995ed82e798dd57a245960d722b919ea01f5a6b29e841f,CLOSEPACKING,-4324,beauty_plus_antibeauty_constituent_count,raw_count,count,0x0.0p+0,AVAILABLE,WITHHELD_UNCERTAINTY
319ce4231125e6a99839bae3461df0a4039bf3f789652a7468755a530216c018,JUNCTIONS,-4324,beauty_plus_antibeauty_constituent_count,raw_count,count,0x0.0p+0,AVAILABLE,WITHHELD_UNCERTAINTY
56a7acd4edcf4522b035ae027f733d86955632e4a64cb04a995d573ab98b2d29,MONASH,-4324,beauty_plus_antibeauty_constituent_count,raw_count,count,0x0.0p+0,AVAILABLE,WITHHELD_UNCERTAINTY
e2ab8deb85756609eb02d6634a6c2856e436d2ae9648a7bb9919366b5e060b2a,CLOSEPACKING,-4324,beauty_plus_antibeauty_constituent_count,raw_weighted_sum,weighted_count,0x0.0p+0,AVAILABLE,WITHHELD_UNCERTAINTY
4599c6c65b0f612c3f96170b3389ae6873e6a38c56098ff50b409ab53167baae,JUNCTIONS,-4324,beauty_plus_antibeauty_constituent_count,raw_weighted_sum,weighted_count,0x0.0p+0,AVAILABLE,WITHHELD_UNCERTAINTY
fbf58071a77cb483428f4bf4c4c5a1dfe209686cc098a1643dea9291ba03e9bd,MONASH,-4324,beauty_plus_antibeauty_constituent_count,raw_weighted_sum,weighted_count,0x0.0p+0,AVAILABLE,WITHHELD_UNCERTAINTY
7e7937f367c87ea6e5bf1e944ea850a6b7c853e8fa1187507f98d59b9bf4999a,CLOSEPACKING,-4324,charm_plus_anticharm_constituent_count,raw_count,count,0x1.0756400000000p+19,AVAILABLE,WITHHELD_UNCERTAINTY
de0311aa9c7c68e261254c0d2e02063e3e76a7d4dda6723373b9a72baed7b27c,JUNCTIONS,-4324,charm_plus_anticharm_constituent_count,raw_count,count,0x1.6fbf000000000p+16,AVAILABLE,WITHHELD_UNCERTAINTY
f453a1d61e893b932be204a6641c8ccacb2bb4f6663cd6415f8ebe82a998adf8,MONASH,-4324,charm_plus_anticharm_constituent_count,raw_count,count,0x1.7c6c000000000p+15,AVAILABLE,WITHHELD_UNCERTAINTY
e76102c8ead79c6bbbdb77604f15434f7e15506ed9fb8ee6ee662321980c11a8,CLOSEPACKING,-4324,charm_plus_anticharm_constituent_count,raw_weighted_sum,weighted_count,0x1.0756400000000p+19,AVAILABLE,WITHHELD_UNCERTAINTY
97ac412966c9b617a5759a303ce54b4b610273a3113787daeabed151d00244c4,JUNCTIONS,-4324,charm_plus_anticharm_constituent_count,raw_weighted_sum,weighted_count,0x1.6fbf000000000p+16,AVAILABLE,WITHHELD_UNCERTAINTY
15b91f957e3071a6ae1f99d30aadb495023bb852583e72a21e779ef0008ca79d,MONASH,-4324,charm_plus_anticharm_constituent_count,raw_weighted_sum,weighted_count,0x1.7c6c000000000p+15,AVAILABLE,WITHHELD_UNCERTAINTY
0b01e4d8448a7158853b6419515c772b7e2f9e11e9ca8fafdcf5c3a5ff9090f9,CLOSEPACKING,-4324,hadron_count,normalized_yield,per_event,0x1.6171dfec394ebp-8,AVAILABLE,AVAILABLE
367f1338b73513411bbdf11d3caa235e94a7db31db81e6e74540c6da35f12ca8,JUNCTIONS,-4324,hadron_count,normalized_yield,per_event,0x1.ed94987de5b40p-11,AVAILABLE,AVAILABLE
6737ea9d3c1967ef846f88dbe73b6fbf2a5fa27c9322cb9a473f78eb0239eb68,MONASH,-4324,hadron_count,normalized_yield,per_event,0x1.fe97f60077ca1p-12,AVAILABLE,AVAILABLE
e1162d6140238a110a374890df88a144155530690fc9cf651abef2c126cf2669,CLOSEPACKING,-4324,hadron_count,raw_count,count,0x1.0756400000000p+19,AVAILABLE,WITHHELD_UNCERTAINTY
b068274b7c59b2d6950fa140e6d0557fe4ddecb3a45064a6be8d4c47181b4b7b,JUNCTIONS,-4324,hadron_count,raw_count,count,0x1.6fbf000000000p+16,AVAILABLE,WITHHELD_UNCERTAINTY
7a7516d14610baa7b0ca4355a4e7b8a4188af28c04d266ff57a7f21764a2c837,MONASH,-4324,hadron_count,raw_count,count,0x1.7c6c000000000p+15,AVAILABLE,WITHHELD_UNCERTAINTY
dc97a83b10f21e2ee4eab96e2231c73258dc666de6f98ab76f87427fa2e51a6d,CLOSEPACKING,-4324,hadron_count,raw_weighted_sum,weighted_count,0x1.0756400000000p+19,AVAILABLE,WITHHELD_UNCERTAINTY
02ddf5c754665107a6e64f98e2c6b8845c4ec130cf84fa4cffeb07aaf18faf61,JUNCTIONS,-4324,hadron_count,raw_weighted_sum,weighted_count,0x1.6fbf000000000p+16,AVAILABLE,WITHHELD_UNCERTAINTY
fe4a31d4455082bf747c0159ed121c2e735aa8d961c6874e5f1046f8ca7a7df5,MONASH,-4324,hadron_count,raw_weighted_sum,weighted_count,0x1.7c6c000000000p+15,AVAILABLE,WITHHELD_UNCERTAINTY
ca2dd1107bce83cf530ec11cce92c87ce5d68b9a098fb0ef6999e4acd6111062,CLOSEPACKING,-433,beauty_plus_antibeauty_constituent_count,raw_count,count,0x0.0p+0,AVAILABLE,WITHHELD_UNCERTAINTY
33bf67b272c448872e6a3a5b8eb816313dc5dcae29dd24a9edb3058d4b737cee,JUNCTIONS,-433,beauty_plus_antibeauty_constituent_count,raw_count,count,0x0.0p+0,AVAILABLE,WITHHELD_UNCERTAINTY
94e080b93cb1445ed60ea81ba9b7f768ab8b501141867ceae4f000528b95dde2,MONASH,-433,beauty_plus_antibeauty_constituent_count,raw_count,count,0x0.0p+0,AVAILABLE,WITHHELD_UNCERTAINTY
a2c4c88ff294549e685877169aed7e379c3d452138c98fd0fe0d2c95c18a1565,CLOSEPACKING,-433,beauty_plus_antibeauty_constituent_count,raw_weighted_sum,weighted_count,0x0.0p+0,AVAILABLE,WITHHELD_UNCERTAINTY
57bcbac10669fb4ee8acab35af45cd6ef514019a5f85f62610188e62a0f66c6c,JUNCTIONS,-433,beauty_plus_antibeauty_constituent_count,raw_weighted_sum,weighted_count,0x0.0p+0,AVAILABLE,WITHHELD_UNCERTAINTY
16e0ae789382276cbf4005e792aa756c6a35f494b702453f119d2e7c7a31eae6,MONASH,-433,beauty_plus_antibeauty_constituent_count,raw_weighted_sum,weighted_count,0x0.0p+0,AVAILABLE,WITHHELD_UNCERTAINTY
17f02f0229c3e8b7eab6a7172160077750ef97aa35ecc06fa4a8a76a08e61219,CLOSEPACKING,-433,charm_plus_anticharm_constituent_count,raw_count,count,0x1.e3a2400000000p+21,AVAILABLE,WITHHELD_UNCERTAINTY
7bfcb3232e7fd8ae7808ffab11f5bec7a81b90d0479960eb4eff4b5681d92cb8,JUNCTIONS,-433,charm_plus_anticharm_constituent_count,raw_count,count,0x1.a5c8900000000p+21,AVAILABLE,WITHHELD_UNCERTAINTY
f05f4cde22faaf0da58b49f25104fab2b9903f2b23e072e0f81711493a40350a,MONASH,-433,charm_plus_anticharm_constituent_count,raw_count,count,0x1.0bb9e80000000p+22,AVAILABLE,WITHHELD_UNCERTAINTY
20ef439e517a3be9badc77573f8d53a9d2a8b503f83fcd0925bbf1a7886bbb30,CLOSEPACKING,-433,charm_plus_anticharm_constituent_count,raw_weighted_sum,weighted_count,0x1.e3a2400000000p+21,AVAILABLE,WITHHELD_UNCERTAINTY
d258d88f5aa08a013373edbd7c4c550b1001898e363a9cc4a003996b731af9d6,JUNCTIONS,-433,charm_plus_anticharm_constituent_count,raw_weighted_sum,weighted_count,0x1.a5c8900000000p+21,AVAILABLE,WITHHELD_UNCERTAINTY
0dea59884eaa2ce07f26e0db1fe0e02e8f26dbec1ed929a45eecab547f4c29f4,MONASH,-433,charm_plus_anticharm_constituent_count,raw_weighted_sum,weighted_count,0x1.0bb9e80000000p+22,AVAILABLE,WITHHELD_UNCERTAINTY
d4857af070dd706a6a3a09465fe7ba1395ca0d376f66b83288df89f00d26ae74,CLOSEPACKING,-433,hadron_count,normalized_yield,per_event,0x1.448fa6fc839ebp-5,AVAILABLE,AVAILABLE
ba467f137e1549a625390e9ada02d72eb416e4251fe0a15408c41a8ae1d99ab0,JUNCTIONS,-433,hadron_count,normalized_yield,per_event,0x1.1b0dd82fd75e2p-5,AVAILABLE,AVAILABLE
cbbe003124f05649ebec2409cbc24511f53a7eaff5abdcf2afb4e2d014e3ab71,MONASH,-433,hadron_count,normalized_yield,per_event,0x1.6756054539452p-5,AVAILABLE,AVAILABLE
8b0abe665958f52a88d9b811059a5d5b4b3603e560c5d0b4ca4585b535ddf9b1,CLOSEPACKING,-433,hadron_count,raw_count,count,0x1.e3a2400000000p+21,AVAILABLE,WITHHELD_UNCERTAINTY
fe522e0e92dc968e1d72d06b424264dd183beb0359f91c0c6116a52779b6568a,JUNCTIONS,-433,hadron_count,raw_count,count,0x1.a5c8900000000p+21,AVAILABLE,WITHHELD_UNCERTAINTY
34346ed6bedef0ac5f3bc355926a1f80070ef1bf1899f81be2f9541a4878975e,MONASH,-433,hadron_count,raw_count,count,0x1.0bb9e80000000p+22,AVAILABLE,WITHHELD_UNCERTAINTY
9b0a6b3abe727f6a44cb0fbf0868355659fda3197106c99513e3b747b3059376,CLOSEPACKING,-433,hadron_count,raw_weighted_sum,weighted_count,0x1.e3a2400000000p+21,AVAILABLE,WITHHELD_UNCERTAINTY
593dbcadfeb49424fdf564b300bd6fa976672780c3d0fb413fd95024eda329e5,JUNCTIONS,-433,hadron_count,raw_weighted_sum,weighted_count,0x1.a5c8900000000p+21,AVAILABLE,WITHHELD_UNCERTAINTY
84e4d217c4e51ed271270e4766659c376136bd0e342b892e6bd7afe591c1d324,MONASH,-433,hadron_count,raw_weighted_sum,weighted_count,0x1.0bb9e80000000p+22,AVAILABLE,WITHHELD_UNCERTAINTY
5cd72131cfd58af20a3ec1aa37467ed3e042c3c731faefa09ed01deed50fb503,CLOSEPACKING,-4332,beauty_plus_antibeauty_constituent_count,raw_count,count,0x0.0p+0,AVAILABLE,WITHHELD_UNCERTAINTY
78d22dca5e7296dbc5b93fbcc5353b8368ac1800ca4ee56b35e91da5412a40e0,JUNCTIONS,-4332,beauty_plus_antibeauty_constituent_count,raw_count,count,0x0.0p+0,AVAILABLE,WITHHELD_UNCERTAINTY
28f6216e61cba6de83795d6e966e3510d963f1aa007d3822f5b5296dd01b40a7,MONASH,-4332,beauty_plus_antibeauty_constituent_count,raw_count,count,0x0.0p+0,AVAILABLE,WITHHELD_UNCERTAINTY
6386707e0986d273f984ff08b9716130ad85103d3588ee68fad6c6f28f8b1f9d,CLOSEPACKING,-4332,beauty_plus_antibeauty_constituent_count,raw_weighted_sum,weighted_count,0x0.0p+0,AVAILABLE,WITHHELD_UNCERTAINTY
161be3628fd741385a6f3cddfb0a55e24abb953dee2ba09a0ebad017e1970b67,JUNCTIONS,-4332,beauty_plus_antibeauty_constituent_count,raw_weighted_sum,weighted_count,0x0.0p+0,AVAILABLE,WITHHELD_UNCERTAINTY
f5aae2c5f69f2ec93e8fb440b79d3e90e51215ee4d999d0f18fca3acda3651c9,MONASH,-4332,beauty_plus_antibeauty_constituent_count,raw_weighted_sum,weighted_count,0x0.0p+0,AVAILABLE,WITHHELD_UNCERTAINTY
53f00e5daeb9041478f42bcdbebf065681498bebac0827c1b8e1ad8ea3c9a782,CLOSEPACKING,-4332,charm_plus_anticharm_constituent_count,raw_count,count,0x1.4870800000000p+17,AVAILABLE,WITHHELD_UNCERTAINTY
92ab195790190e67b09f1199fa8a4868221c5a31a1c6e2fe7a54fe2b22f83d53,JUNCTIONS,-4332,charm_plus_anticharm_constituent_count,raw_count,count,0x1.3cc4800000000p+17,AVAILABLE,WITHHELD_UNCERTAINTY
e703d5a97c9ce5cd3f0baad100722941a85cd48537acfab0e3807f83313c302e,MONASH,-4332,charm_plus_anticharm_constituent_count,raw_count,count,0x1.de80000000000p+11,AVAILABLE,WITHHELD_UNCERTAINTY
6131719c1d96c0b942d40b7400fb7f1b670d2dccd05bd26f8a213c7a89695dbd,CLOSEPACKING,-4332,charm_plus_anticharm_constituent_count,raw_weighted_sum,weighted_count,0x1.4870800000000p+17,AVAILABLE,WITHHELD_UNCERTAINTY
ac77b8942a64f29d45981f91474ad9545f1eb176e65fbdeccd0bbaee35352620,JUNCTIONS,-4332,charm_plus_anticharm_constituent_count,raw_weighted_sum,weighted_count,0x1.3cc4800000000p+17,AVAILABLE,WITHHELD_UNCERTAINTY
019a2669b15ce70f9732e5e666094f3d0ca541d86fbf195b0c7c441eb37c22e6,MONASH,-4332,charm_plus_anticharm_constituent_count,raw_weighted_sum,weighted_count,0x1.de80000000000p+11,AVAILABLE,WITHHELD_UNCERTAINTY
a21bc529bec9d4ed3803fb41471afc161d37c982edf726f7a132b5b8a2a03574,CLOSEPACKING,-4332,hadron_count,normalized_yield,per_event,0x1.b8d2efd189a00p-10,AVAILABLE,AVAILABLE
11a0ea2535b725fdc1b824bcdf37caa57ee3f3563480b553e4bf31dae1c6a875,JUNCTIONS,-4332,hadron_count,normalized_yield,per_event,0x1.a92882d608b5bp-10,AVAILABLE,AVAILABLE
ac87fcd1c8c3ecfb43a3ef4421070b14c2e94223ec22aa713c3c827a69c41967,MONASH,-4332,hadron_count,normalized_yield,per_event,0x1.411dac8e3df0dp-15,AVAILABLE,AVAILABLE
eebc1f05fc7d012eec6beb6a40041ec3e3568a776f70e8236a8508fd0d5def0c,CLOSEPACKING,-4332,hadron_count,raw_count,count,0x1.4870800000000p+17,AVAILABLE,WITHHELD_UNCERTAINTY
3768fcdbcb69b4b7d2a171efbb4d76cc56d5bd223626688ffa6e87123c9f99b1,JUNCTIONS,-4332,hadron_count,raw_count,count,0x1.3cc4800000000p+17,AVAILABLE,WITHHELD_UNCERTAINTY
6ed9aca72d68ac9de86caac03166eebc577d38a26bc32209ef10509dde389075,MONASH,-4332,hadron_count,raw_count,count,0x1.de80000000000p+11,AVAILABLE,WITHHELD_UNCERTAINTY
8b988c4187ab8473ae98fd7fbb510c04244b39c09c16d4b54d84c45aba775382,CLOSEPACKING,-4332,hadron_count,raw_weighted_sum,weighted_count,0x1.4870800000000p+17,AVAILABLE,WITHHELD_UNCERTAINTY
02f803a5872ff2914b427d85ee42c762041b46bae963fe18fa9710200dadf990,JUNCTIONS,-4332,hadron_count,raw_weighted_sum,weighted_count,0x1.3cc4800000000p+17,AVAILABLE,WITHHELD_UNCERTAINTY
c436dcaf9b8f34818de7a6c55710ebeadc8cb31b08359e26c6e12ed197266063,MONASH,-4332,hadron_count,raw_weighted_sum,weighted_count,0x1.de80000000000p+11,AVAILABLE,WITHHELD_UNCERTAINTY
0d4512a46f9a5d25bcee03d9ec3c25ada4821559ced9b6f85e001b7c3625e142,CLOSEPACKING,-4334,beauty_plus_antibeauty_constituent_count,raw_count,count,0x0.0p+0,AVAILABLE,WITHHELD_UNCERTAINTY
428d07046bde1804b124b63ccb9c11bd3483f67dd9300be0d0c3f1f8d0557f31,JUNCTIONS,-4334,beauty_plus_antibeauty_constituent_count,raw_count,count,0x0.0p+0,AVAILABLE,WITHHELD_UNCERTAINTY
4ed4a906b9c9fb99c75be81d1783b58de1cc1c0788331fdc83e503366fec0b76,MONASH,-4334,beauty_plus_antibeauty_constituent_count,raw_count,count,0x0.0p+0,AVAILABLE,WITHHELD_UNCERTAINTY
c9a1a53a2ef99d1e3a49ef485329c3d0cc08c96f2a1be50656c5e6eeaa627e2f,CLOSEPACKING,-4334,beauty_plus_antibeauty_constituent_count,raw_weighted_sum,weighted_count,0x0.0p+0,AVAILABLE,WITHHELD_UNCERTAINTY
3608b1fbff7d9f84b7edae4f0cedb63887a164bbb02d99a59dd1d90119959e4e,JUNCTIONS,-4334,beauty_plus_antibeauty_constituent_count,raw_weighted_sum,weighted_count,0x0.0p+0,AVAILABLE,WITHHELD_UNCERTAINTY
4faa96f5686bce77f0a9619510585d3a815ff02eebebc4ec1193b6d85d4770e4,MONASH,-4334,beauty_plus_antibeauty_constituent_count,raw_weighted_sum,weighted_count,0x0.0p+0,AVAILABLE,WITHHELD_UNCERTAINTY
40e19d39c85e45ff635bc60a93a2321e26357392c016cffdda9c62536832dd00,CLOSEPACKING,-4334,charm_plus_anticharm_constituent_count,raw_count,count,0x1.3597000000000p+17,AVAILABLE,WITHHELD_UNCERTAINTY
74395ad009508fdddce357c75b8fcc4570e6e6b4ecac275ecd1094f26871c9ee,JUNCTIONS,-4334,charm_plus_anticharm_constituent_count,raw_count,count,0x1.279c000000000p+14,AVAILABLE,WITHHELD_UNCERTAINTY
a42713df018ee45a1a7e7a515b0d2b8b97a4195933bbf9a4f9e731c04b48f2a0,MONASH,-4334,charm_plus_anticharm_constituent_count,raw_count,count,0x1.e0b0000000000p+12,AVAILABLE,WITHHELD_UNCERTAINTY
fade20213858539e2479643bc98eca02f9a56fcfa77a2cdfcc45433e48527d94,CLOSEPACKING,-4334,charm_plus_anticharm_constituent_count,raw_weighted_sum,weighted_count,0x1.3597000000000p+17,AVAILABLE,WITHHELD_UNCERTAINTY
47a8d7bafee648e4d7beea3972fa3e931effd4bc79b26f974cbfff6c5c389402,JUNCTIONS,-4334,charm_plus_anticharm_constituent_count,raw_weighted_sum,weighted_count,0x1.279c000000000p+14,AVAILABLE,WITHHELD_UNCERTAINTY
7046c3181bea16ebc324a869db0107f6ffd9e5839d671d64376166bb503702fc,MONASH,-4334,charm_plus_anticharm_constituent_count,raw_weighted_sum,weighted_count,0x1.e0b0000000000p+12,AVAILABLE,WITHHELD_UNCERTAINTY
242487ee8190db042a98bc1f2847709e7fe650ff18c13bc2d53a4bbb90eeb56e,CLOSEPACKING,-4334,hadron_count,normalized_yield,per_event,0x1.9f8642a4c03e5p-10,AVAILABLE,AVAILABLE
bfccacf0fbdd4e6b09fab20c2992677401053e308e53f691772d2f3bcc29aa3a,JUNCTIONS,-4334,hadron_count,normalized_yield,per_event,0x1.8cc29b9b7c72cp-13,AVAILABLE,AVAILABLE
22ebbef649ea40a67b204b0bce963aad5c5118ff59c2dd6a097262a1b7d282bd,MONASH,-4334,hadron_count,normalized_yield,per_event,0x1.42957bd2b4426p-14,AVAILABLE,AVAILABLE
3a44ff88882a0c7b3e78568048361f0943508a23b9ea3f80e4e065b0a23a6916,CLOSEPACKING,-4334,hadron_count,raw_count,count,0x1.3597000000000p+17,AVAILABLE,WITHHELD_UNCERTAINTY
6071b126d8239ba502c0ef434ca8c5266e1bfe2d4e5fb3a1d1f97077ce7bf62a,JUNCTIONS,-4334,hadron_count,raw_count,count,0x1.279c000000000p+14,AVAILABLE,WITHHELD_UNCERTAINTY
8c5ea15b0a8ad5026aa517b4618773c00c522746ab9e6c6b4f0daeca695adec6,MONASH,-4334,hadron_count,raw_count,count,0x1.e0b0000000000p+12,AVAILABLE,WITHHELD_UNCERTAINTY
f7b23a0fab316b6c8fc981145dee10e503c25265ea82d8efc3f81d06a5aad32b,CLOSEPACKING,-4334,hadron_count,raw_weighted_sum,weighted_count,0x1.3597000000000p+17,AVAILABLE,WITHHELD_UNCERTAINTY
dc90238bd622e7d6b9355a2d66fd3349884fc5da679d964112cb2b240696f18a,JUNCTIONS,-4334,hadron_count,raw_weighted_sum,weighted_count,0x1.279c000000000p+14,AVAILABLE,WITHHELD_UNCERTAINTY
d9b38f01b9b757e7871f31d4a1fdf0e8b7148d4c4c481f0715eb6a10eea48055,MONASH,-4334,hadron_count,raw_weighted_sum,weighted_count,0x1.e0b0000000000p+12,AVAILABLE,WITHHELD_UNCERTAINTY
15ee9f9978d59ccc4da45d6b1d49341842f3954c50f9ab28df825ecd8cd402f3,CLOSEPACKING,-4412,beauty_plus_antibeauty_constituent_count,raw_count,count,0x0.0p+0,AVAILABLE,WITHHELD_UNCERTAINTY
07bcd540c8b9548f3359c11448362ea11037dd3afd3d2bc0c51158eb0805e987,JUNCTIONS,-4412,beauty_plus_antibeauty_constituent_count,raw_count,count,0x0.0p+0,AVAILABLE,WITHHELD_UNCERTAINTY
ccb06a24b21a853a7d9a6d7b57cdbc14c3921b1bd4e7b281368629afb42cfa1b,MONASH,-4412,beauty_plus_antibeauty_constituent_count,raw_count,count,0x0.0p+0,AVAILABLE,WITHHELD_UNCERTAINTY
5359c9988e8ee462db2c7d7559b50e5d9235827034c7138c912d85402c05975f,CLOSEPACKING,-4412,beauty_plus_antibeauty_constituent_count,raw_weighted_sum,weighted_count,0x0.0p+0,AVAILABLE,WITHHELD_UNCERTAINTY
90cff89f56ac575360b58bf3656001fef6e2395f9a4de07886a034ede1d3b0ee,JUNCTIONS,-4412,beauty_plus_antibeauty_constituent_count,raw_weighted_sum,weighted_count,0x0.0p+0,AVAILABLE,WITHHELD_UNCERTAINTY
76fdd17fac06faeff3389367b2607b30d1487f6a3b1e836a5f1af89b90a6d95f,MONASH,-4412,beauty_plus_antibeauty_constituent_count,raw_weighted_sum,weighted_count,0x0.0p+0,AVAILABLE,WITHHELD_UNCERTAINTY
a2d0221803437e675872d3209592f7ccca4dbc9e4070d39cbb901e433ed66061,CLOSEPACKING,-4412,charm_plus_anticharm_constituent_count,raw_count,count,0x1.1068000000000p+14,AVAILABLE,WITHHELD_UNCERTAINTY
cbbfcbc911e36b949ab0e4ffd68ef8ed631091a22179ff988a94daa12c2366dd,JUNCTIONS,-4412,charm_plus_anticharm_constituent_count,raw_count,count,0x1.2fc0000000000p+14,AVAILABLE,WITHHELD_UNCERTAINTY
065ab95c3ec40227ae7827383eaba4d11f6d0e33383c98d623dbcc94026e8125,MONASH,-4412,charm_plus_anticharm_constituent_count,raw_count,count,0x0.0p+0,AVAILABLE,WITHHELD_UNCERTAINTY
2d91640828c248e57646c29b2d3e8ec83bc783de9f822579730f8402c5e1bf28,CLOSEPACKING,-4412,charm_plus_anticharm_constituent_count,raw_weighted_sum,weighted_count,0x1.1068000000000p+14,AVAILABLE,WITHHELD_UNCERTAINTY
38fa56baa061309f5750d6fcc87390893dbe2628445d50817ffde0977d7c1aa3,JUNCTIONS,-4412,charm_plus_anticharm_constituent_count,raw_weighted_sum,weighted_count,0x1.2fc0000000000p+14,AVAILABLE,WITHHELD_UNCERTAINTY
b7a86580b5e025a6dc757067034d4e0eef70f52df16966222f60bcc185231c42,MONASH,-4412,charm_plus_anticharm_constituent_count,raw_weighted_sum,weighted_count,0x0.0p+0,AVAILABLE,WITHHELD_UNCERTAINTY
1c437c1489f8f000550f825101a020e600a0440731c76b9a4b012012cab2b82c,CLOSEPACKING,-4412,hadron_count,normalized_yield,per_event,0x1.6d9e1325f78b6p-14,AVAILABLE,AVAILABLE
034654bc1931fe52faa542619330d42241fa14d3d13c0cc7569c0c00f73cb327,JUNCTIONS,-4412,hadron_count,normalized_yield,per_event,0x1.97afb48e11a62p-14,AVAILABLE,AVAILABLE
c2f8ce8678889c913c3e8fe8e5bb1541c3a70c5458784a0132ace36345251170,MONASH,-4412,hadron_count,normalized_yield,per_event,0x0.0p+0,AVAILABLE,AVAILABLE_ZERO_DISPERSION
0f3fb19f7490cea0fa644af08588dd400ad1bef975f489818596e940d06fc8d7,CLOSEPACKING,-4412,hadron_count,raw_count,count,0x1.1068000000000p+13,AVAILABLE,WITHHELD_UNCERTAINTY
c3da3d15e81cee4c4574d5a20f220f5282d8c25b55a61a6d7bcd38f5454b9ee0,JUNCTIONS,-4412,hadron_count,raw_count,count,0x1.2fc0000000000p+13,AVAILABLE,WITHHELD_UNCERTAINTY
d222456e488a02b39dfeba97858e0217a724a388bb29b6450ce823485e1ca0e9,MONASH,-4412,hadron_count,raw_count,count,0x0.0p+0,AVAILABLE,WITHHELD_UNCERTAINTY
f10a80ac7c268a935a931a17808705b5671ceabb228c086ded03fcf9b00ae58f,CLOSEPACKING,-4412,hadron_count,raw_weighted_sum,weighted_count,0x1.1068000000000p+13,AVAILABLE,WITHHELD_UNCERTAINTY
1c226ab86e84d9a32fb55b6cea57512dc44845a845103eb94ad08ea978b65c6a,JUNCTIONS,-4412,hadron_count,raw_weighted_sum,weighted_count,0x1.2fc0000000000p+13,AVAILABLE,WITHHELD_UNCERTAINTY
023ce3abdc03e9cc62d608ea308e93c2b44215203fd8ea749e472979db3d840e,MONASH,-4412,hadron_count,raw_weighted_sum,weighted_count,0x0.0p+0,AVAILABLE,WITHHELD_UNCERTAINTY
e64a44b7ca494dec7849bf9dd4cf8736b6f7e2ee09d4458907d0698c35e5bedd,CLOSEPACKING,-4414,beauty_plus_antibeauty_constituent_count,raw_count,count,0x0.0p+0,AVAILABLE,WITHHELD_UNCERTAINTY
85fd4048647dda4e451b77a43072ca2591095386c948ab2b044b6517a1412884,JUNCTIONS,-4414,beauty_plus_antibeauty_constituent_count,raw_count,count,0x0.0p+0,AVAILABLE,WITHHELD_UNCERTAINTY
dca5975c3ca55bc74048b469d0cf8d1ac2298885c3a91ec6f8979b49ae32df95,MONASH,-4414,beauty_plus_antibeauty_constituent_count,raw_count,count,0x0.0p+0,AVAILABLE,WITHHELD_UNCERTAINTY
319ac9926935ffab3dc8b7b3c4118a9bebcaf8975acdf3f2c02c757348c71c85,CLOSEPACKING,-4414,beauty_plus_antibeauty_constituent_count,raw_weighted_sum,weighted_count,0x0.0p+0,AVAILABLE,WITHHELD_UNCERTAINTY
60ea70094b8304605673bd70fed9ff7b91ac6e7c41d55fe180f3d04ecd7bc409,JUNCTIONS,-4414,beauty_plus_antibeauty_constituent_count,raw_weighted_sum,weighted_count,0x0.0p+0,AVAILABLE,WITHHELD_UNCERTAINTY
9eda3120b5494a1336b11c935c4808f013c5b0e9be85f391c2ace06a6971955c,MONASH,-4414,beauty_plus_antibeauty_constituent_count,raw_weighted_sum,weighted_count,0x0.0p+0,AVAILABLE,WITHHELD_UNCERTAINTY
43c454c392e5e602c361637447d3e740b3e7576393b10a8b6b07dc6bd1d45a48,CLOSEPACKING,-4414,charm_plus_anticharm_constituent_count,raw_count,count,0x1.2d60000000000p+14,AVAILABLE,WITHHELD_UNCERTAINTY
913cd6287010c9bc76aa25584b616869e28049ecce5c9ed1fa4d53336d3caccf,JUNCTIONS,-4414,charm_plus_anticharm_constituent_count,raw_count,count,0x1.3d10000000000p+13,AVAILABLE,WITHHELD_UNCERTAINTY
12216abbfbbf8ef50773309da7573885a17666eb0d82d405a87da4440a68ccfb,MONASH,-4414,charm_plus_anticharm_constituent_count,raw_count,count,0x0.0p+0,AVAILABLE,WITHHELD_UNCERTAINTY
031b57d5cb59c3fc2204d5a3ee879b7fec4f23290c06e4aaac0d62ff57384785,CLOSEPACKING,-4414,charm_plus_anticharm_constituent_count,raw_weighted_sum,weighted_count,0x1.2d60000000000p+14,AVAILABLE,WITHHELD_UNCERTAINTY
0b40a84b1adf32659d0c14d61b0f34204132d2ac03142faaccc5aac99b30663e,JUNCTIONS,-4414,charm_plus_anticharm_constituent_count,raw_weighted_sum,weighted_count,0x1.3d10000000000p+13,AVAILABLE,WITHHELD_UNCERTAINTY
b50543dc44b43f69dc003283cb29fb7c2d72fcdb15545821400b57c681e0faa3,MONASH,-4414,charm_plus_anticharm_constituent_count,raw_weighted_sum,weighted_count,0x0.0p+0,AVAILABLE,WITHHELD_UNCERTAINTY
dcd161c7158f1f0e7daeacef83d4b391dde07de72592c0dbe6b7be4a6aae16b4,CLOSEPACKING,-4414,hadron_count,normalized_yield,per_event,0x1.947fa9587e715p-14,AVAILABLE,AVAILABLE
d0f2966bb1436858de8b12c90616c2b50b6323ec07e3d0d7aa3e1ce437484e1a,JUNCTIONS,-4414,hadron_count,normalized_yield,per_event,0x1.a98dd870440acp-15,AVAILABLE,AVAILABLE
a555fdac51bfc8d5c878f8845c75c7c44516d4b0cee1c9f731ec6a13176b1169,MONASH,-4414,hadron_count,normalized_yield,per_event,0x0.0p+0,AVAILABLE,AVAILABLE_ZERO_DISPERSION
0f6741a5c2b012b1ccbde9283ba2176c5373269ebe612e853f31672872cd0cef,CLOSEPACKING,-4414,hadron_count,raw_count,count,0x1.2d60000000000p+13,AVAILABLE,WITHHELD_UNCERTAINTY
e1659c633cd8ff288f1184e2021bc14bfea45b8a86469e2f02eef16a9dbcf256,JUNCTIONS,-4414,hadron_count,raw_count,count,0x1.3d10000000000p+12,AVAILABLE,WITHHELD_UNCERTAINTY
1df9df9f41811c65a2f92bebbab95a3beaa16e7e4eb3e1b07546d5c8fd515192,MONASH,-4414,hadron_count,raw_count,count,0x0.0p+0,AVAILABLE,WITHHELD_UNCERTAINTY
ff9c6c670769ec531ed6774d5e63f5a1948201242d2e7dffb1fe14d93acf9990,CLOSEPACKING,-4414,hadron_count,raw_weighted_sum,weighted_count,0x1.2d60000000000p+13,AVAILABLE,WITHHELD_UNCERTAINTY
00185d700603830f3238b3a101c3450d0d98ed7ea7b964ed4bac544c9da87bb3,JUNCTIONS,-4414,hadron_count,raw_weighted_sum,weighted_count,0x1.3d10000000000p+12,AVAILABLE,WITHHELD_UNCERTAINTY
ca505f810fdc3f87d561710d2686b4be1f1affd3b3fbcc75126b7a252f986fd9,MONASH,-4414,hadron_count,raw_weighted_sum,weighted_count,0x0.0p+0,AVAILABLE,WITHHELD_UNCERTAINTY
474d190f694f1630639a96cf1fe1ba4b292b2d398f16c8c5e28eef4ed517d6ba,CLOSEPACKING,-4422,beauty_plus_antibeauty_constituent_count,raw_count,count,0x0.0p+0,AVAILABLE,WITHHELD_UNCERTAINTY
45cca4e148fb4c22f3d326c567dcc151fd76bcbebf4037c0128c28552aa5b307,JUNCTIONS,-4422,beauty_plus_antibeauty_constituent_count,raw_count,count,0x0.0p+0,AVAILABLE,WITHHELD_UNCERTAINTY
ecfdfbb2f317b2d3a14f002ac97ef0477f2f5b4e19124588cb45f650a9c155a8,MONASH,-4422,beauty_plus_antibeauty_constituent_count,raw_count,count,0x0.0p+0,AVAILABLE,WITHHELD_UNCERTAINTY
f80b39b7e4ca0dc3a0b15c30b463a4b250bdd125ae10e036a85c69e9503cb746,CLOSEPACKING,-4422,beauty_plus_antibeauty_constituent_count,raw_weighted_sum,weighted_count,0x0.0p+0,AVAILABLE,WITHHELD_UNCERTAINTY
62de3ec7c1500ceb15b9cff3ae2dffd5ea8aa00c761b6c5ae4cf97ac0c5b65e7,JUNCTIONS,-4422,beauty_plus_antibeauty_constituent_count,raw_weighted_sum,weighted_count,0x0.0p+0,AVAILABLE,WITHHELD_UNCERTAINTY
059f04d5856cbdfece302a335246524b6acd6f18285363a9532dc0f86988bebc,MONASH,-4422,beauty_plus_antibeauty_constituent_count,raw_weighted_sum,weighted_count,0x0.0p+0,AVAILABLE,WITHHELD_UNCERTAINTY
db63c6a83d675a15be58a0eacae3d609ab3e260f70f2fe516140e9ea7fb50af3,CLOSEPACKING,-4422,charm_plus_anticharm_constituent_count,raw_count,count,0x1.10a8000000000p+14,AVAILABLE,WITHHELD_UNCERTAINTY
933acd9368a73149c04bc175c65ad09fde72572466168628ccf06a999419e73c,JUNCTIONS,-4422,charm_plus_anticharm_constituent_count,raw_count,count,0x1.2e70000000000p+14,AVAILABLE,WITHHELD_UNCERTAINTY
87e580717df296539d4f26982a378a923949154aa8199afcffb92035b00a8375,MONASH,-4422,charm_plus_anticharm_constituent_count,raw_count,count,0x0.0p+0,AVAILABLE,WITHHELD_UNCERTAINTY
d2a6e3b22b68c708309fda3c6523fc51d85e1782cf5b27d67af00ed4e6537061,CLOSEPACKING,-4422,charm_plus_anticharm_constituent_count,raw_weighted_sum,weighted_count,0x1.10a8000000000p+14,AVAILABLE,WITHHELD_UNCERTAINTY
9e65627498f65532994fb5f726042d5033d0f6a17990af6e002cdd29679f236e,JUNCTIONS,-4422,charm_plus_anticharm_constituent_count,raw_weighted_sum,weighted_count,0x1.2e70000000000p+14,AVAILABLE,WITHHELD_UNCERTAINTY
d42c45417e911d278400a22123ff452230d1a527e6924acaad3d6bb6f48d9466,MONASH,-4422,charm_plus_anticharm_constituent_count,raw_weighted_sum,weighted_count,0x0.0p+0,AVAILABLE,WITHHELD_UNCERTAINTY
2f904ada0dda8f3ab5071dec863cf9468917bae850e3e379b73240d90f4dec1b,CLOSEPACKING,-4422,hadron_count,normalized_yield,per_event,0x1.6df3f961804dap-14,AVAILABLE,AVAILABLE
0c4d8b0880bff0e163f857e28d7e28d70e6dae4f7b5639919b75349eb6304f38,JUNCTIONS,-4422,hadron_count,normalized_yield,per_event,0x1.95ecbbd583aaap-14,AVAILABLE,AVAILABLE
54f72ec78a806c0aac4854d81a28493bcf2b1138bf28b22f2e58c589d01a3202,MONASH,-4422,hadron_count,normalized_yield,per_event,0x0.0p+0,AVAILABLE,AVAILABLE_ZERO_DISPERSION
ce39c049e0deb2d18e68ee74e3aafd43d32af6fd2fdbf023c0102a990cadc002,CLOSEPACKING,-4422,hadron_count,raw_count,count,0x1.10a8000000000p+13,AVAILABLE,WITHHELD_UNCERTAINTY
a49ad24c6660b7a7dc68fc877f810b772ea1f85143d7a29885ff2c0e8a812581,JUNCTIONS,-4422,hadron_count,raw_count,count,0x1.2e70000000000p+13,AVAILABLE,WITHHELD_UNCERTAINTY
549fac480531333b58a9909eca7366b71ac81457660a589988df5032a0d89594,MONASH,-4422,hadron_count,raw_count,count,0x0.0p+0,AVAILABLE,WITHHELD_UNCERTAINTY
150f25bfd38873e15cffd4eb5f6787fee6058c60b9405de421a030cb33e48252,CLOSEPACKING,-4422,hadron_count,raw_weighted_sum,weighted_count,0x1.10a8000000000p+13,AVAILABLE,WITHHELD_UNCERTAINTY
eabb21f1cfd695a679b145b64cb0a4152dc7410a976808bdf1a9d745d97e0668,JUNCTIONS,-4422,hadron_count,raw_weighted_sum,weighted_count,0x1.2e70000000000p+13,AVAILABLE,WITHHELD_UNCERTAINTY
b3012419ca1b41aeef4e4ff81fa525bdbb4960973d35e27c846af72401e37a5f,MONASH,-4422,hadron_count,raw_weighted_sum,weighted_count,0x0.0p+0,AVAILABLE,WITHHELD_UNCERTAINTY
79c874acf46f4cd6d787f47f02d4c79534ea8134e2a09df66bf370e801970a75,CLOSEPACKING,-4424,beauty_plus_antibeauty_constituent_count,raw_count,count,0x0.0p+0,AVAILABLE,WITHHELD_UNCERTAINTY
28514baa07723de9854477459ceaa134a3f85dd0342c9c511c4e413e7919f0fc,JUNCTIONS,-4424,beauty_plus_antibeauty_constituent_count,raw_count,count,0x0.0p+0,AVAILABLE,WITHHELD_UNCERTAINTY
0cbfd1e4e2616e6bcc54c723fe7da5d4d5b744e4a1432376ac2f2bdf13c56785,MONASH,-4424,beauty_plus_antibeauty_constituent_count,raw_count,count,0x0.0p+0,AVAILABLE,WITHHELD_UNCERTAINTY
620d3dfea5f0cb9ddcc9ecb01311163ab51c48eda192673a6ade36097080a2ca,CLOSEPACKING,-4424,beauty_plus_antibeauty_constituent_count,raw_weighted_sum,weighted_count,0x0.0p+0,AVAILABLE,WITHHELD_UNCERTAINTY
10aada83da837208b30a6fe064aae1a90b94aa8fad6e865af7f92fbca45e6f08,JUNCTIONS,-4424,beauty_plus_antibeauty_constituent_count,raw_weighted_sum,weighted_count,0x0.0p+0,AVAILABLE,WITHHELD_UNCERTAINTY
8d7d612279cf1239b7c38ff5d491e5508b096d0907bec4b1b10b8b98e9ca7829,MONASH,-4424,beauty_plus_antibeauty_constituent_count,raw_weighted_sum,weighted_count,0x0.0p+0,AVAILABLE,WITHHELD_UNCERTAINTY
084ea6452c5b6d51019f0642c80b9854208feab9a9c100acc786f828a7616db8,CLOSEPACKING,-4424,charm_plus_anticharm_constituent_count,raw_count,count,0x1.3118000000000p+14,AVAILABLE,WITHHELD_UNCERTAINTY
538466dc3506f113fe095bfc61154037ead23d93e8cfad78f7ec6fec44604684,JUNCTIONS,-4424,charm_plus_anticharm_constituent_count,raw_count,count,0x1.3690000000000p+13,AVAILABLE,WITHHELD_UNCERTAINTY
a655e0a13544065a682662a8955472753935b1463affc565c6eba3d482bc9289,MONASH,-4424,charm_plus_anticharm_constituent_count,raw_count,count,0x0.0p+0,AVAILABLE,WITHHELD_UNCERTAINTY
44dac4ea45f0b39bf04175f9fb4ed2f871c0e035ddd51ed880bc330cb4b2fb3a,CLOSEPACKING,-4424,charm_plus_anticharm_constituent_count,raw_weighted_sum,weighted_count,0x1.3118000000000p+14,AVAILABLE,WITHHELD_UNCERTAINTY
b9018394e613f325ad69f480abc35ba5d7f365d7b760ab712fb8e91f9a1fd61f,JUNCTIONS,-4424,charm_plus_anticharm_constituent_count,raw_weighted_sum,weighted_count,0x1.3690000000000p+13,AVAILABLE,WITHHELD_UNCERTAINTY
52dd282515e44b2a20ba425e2ce322e65dc1d1de1bde5691aca42b9a54786ae0,MONASH,-4424,charm_plus_anticharm_constituent_count,raw_weighted_sum,weighted_count,0x0.0p+0,AVAILABLE,WITHHELD_UNCERTAINTY
a221aa84791aacb46a25dbc6f8b070441ca1d0a8bb9e98e25949360be8d87b3f,CLOSEPACKING,-4424,hadron_count,normalized_yield,per_event,0x1.997d6a0e10b9ep-14,AVAILABLE,AVAILABLE
3b12975dda92ab86f856a481645e24ba07faca8db1324bde2b29b2e2d15f1ea9,JUNCTIONS,-4424,hadron_count,normalized_yield,per_event,0x1.a0d476646051dp-15,AVAILABLE,AVAILABLE
7aa71e28237732f10da1cf5b0e560c8ee43d21464284c97ee143f85d7504275b,MONASH,-4424,hadron_count,normalized_yield,per_event,0x0.0p+0,AVAILABLE,AVAILABLE_ZERO_DISPERSION
08127fee900d4683ed221ea2b46401d406545347d7290e70522fbb36d0c0bba6,CLOSEPACKING,-4424,hadron_count,raw_count,count,0x1.3118000000000p+13,AVAILABLE,WITHHELD_UNCERTAINTY
1c0a5826034813679f0b820edc9b9d7d73909aa92290fb4415e5f2300cdfe9b4,JUNCTIONS,-4424,hadron_count,raw_count,count,0x1.3690000000000p+12,AVAILABLE,WITHHELD_UNCERTAINTY
93175a4db38a7ace2cf4d1fad07d0c01573520a59360ef04c4e24fb892b69858,MONASH,-4424,hadron_count,raw_count,count,0x0.0p+0,AVAILABLE,WITHHELD_UNCERTAINTY
32f776fdffb871aa4dc68b67a7514edf40914f1ff8a63e7fc294e92e58ab6312,CLOSEPACKING,-4424,hadron_count,raw_weighted_sum,weighted_count,0x1.3118000000000p+13,AVAILABLE,WITHHELD_UNCERTAINTY
67476a14c29cc8e122d7d68b5333feee78ed4767c4ee2e523dbd92f533a913de,JUNCTIONS,-4424,hadron_count,raw_weighted_sum,weighted_count,0x1.3690000000000p+12,AVAILABLE,WITHHELD_UNCERTAINTY
d95bb11bc6f1efa915ade83c38d096de116ab6cdecd7ea163ad8bfcda685a580,MONASH,-4424,hadron_count,raw_weighted_sum,weighted_count,0x0.0p+0,AVAILABLE,WITHHELD_UNCERTAINTY
9f38ea0c6e8e05fe9725306bb8e0036b105a0bdfa0470a855c52782e49832f4f,CLOSEPACKING,-4432,beauty_plus_antibeauty_constituent_count,raw_count,count,0x0.0p+0,AVAILABLE,WITHHELD_UNCERTAINTY
cd084967b933001464f962592a6432ae3ade020bc5da171b2f3eb084e259f77c,JUNCTIONS,-4432,beauty_plus_antibeauty_constituent_count,raw_count,count,0x0.0p+0,AVAILABLE,WITHHELD_UNCERTAINTY
3f08440ac476232cfc2f01f778fd95354f3fd4602ed227c7d6c8a3571f33bed3,MONASH,-4432,beauty_plus_antibeauty_constituent_count,raw_count,count,0x0.0p+0,AVAILABLE,WITHHELD_UNCERTAINTY
b40c44726bdc60ef0e568b50e2e60840ddd1fa4a765470e340592a62f7521002,CLOSEPACKING,-4432,beauty_plus_antibeauty_constituent_count,raw_weighted_sum,weighted_count,0x0.0p+0,AVAILABLE,WITHHELD_UNCERTAINTY
c8d2afffe8984ca716738cf0901a4d3802562b7a87cd79eec810a66ad8650fee,JUNCTIONS,-4432,beauty_plus_antibeauty_constituent_count,raw_weighted_sum,weighted_count,0x0.0p+0,AVAILABLE,WITHHELD_UNCERTAINTY
46163da8eba359cfb29117322fcb08b047c8daeecd2b0b8326bfc255868b2354,MONASH,-4432,beauty_plus_antibeauty_constituent_count,raw_weighted_sum,weighted_count,0x0.0p+0,AVAILABLE,WITHHELD_UNCERTAINTY
e2d6bac710b0f2993bbaa910eb5c5d9ea4f22345666bd0261c077254f5737abc,CLOSEPACKING,-4432,charm_plus_anticharm_constituent_count,raw_count,count,0x1.9d80000000000p+11,AVAILABLE,WITHHELD_UNCERTAINTY
2dabfe7f5ead7f3b788c2b4044271eb8e173ba6474dbe54554635d5a55a248f1,JUNCTIONS,-4432,charm_plus_anticharm_constituent_count,raw_count,count,0x1.d740000000000p+11,AVAILABLE,WITHHELD_UNCERTAINTY
f946d00a32dfa84978bfad760d5a84ddad285e14088aff6de30f7645831ddbf1,MONASH,-4432,charm_plus_anticharm_constituent_count,raw_count,count,0x0.0p+0,AVAILABLE,WITHHELD_UNCERTAINTY
abc943f27bb71d1628907f9a6ae7a39884b07006f05de3b0aefc3a47bb9809e4,CLOSEPACKING,-4432,charm_plus_anticharm_constituent_count,raw_weighted_sum,weighted_count,0x1.9d80000000000p+11,AVAILABLE,WITHHELD_UNCERTAINTY
5751a776463c38608cf5909ab8e0b2b50ca900d74c4e91cdb50f76b18b137679,JUNCTIONS,-4432,charm_plus_anticharm_constituent_count,raw_weighted_sum,weighted_count,0x1.d740000000000p+11,AVAILABLE,WITHHELD_UNCERTAINTY
a3c52511249be6d7189b6fa80ff2024b132e203768cb1510b5b9687caa5b9e78,MONASH,-4432,charm_plus_anticharm_constituent_count,raw_weighted_sum,weighted_count,0x0.0p+0,AVAILABLE,WITHHELD_UNCERTAINTY
4f05c5e3bf7d99a05855dc9130e7bc1eb30c9ff231ccaada4ce84fac9e1793ee,CLOSEPACKING,-4432,hadron_count,normalized_yield,per_event,0x1.157ec252cb540p-16,AVAILABLE,AVAILABLE
c9f39e3741ecb37aa699b9fb7729c91ad7452502e277abc7119476a10f28a9a8,JUNCTIONS,-4432,hadron_count,normalized_yield,per_event,0x1.3c40222efef11p-16,AVAILABLE,AVAILABLE
4beedf479e8152875121cb06da4f0ef6394839f692e9fc79bbf802b032051f46,MONASH,-4432,hadron_count,normalized_yield,per_event,0x0.0p+0,AVAILABLE,AVAILABLE_ZERO_DISPERSION
5eb908ad9f1f23097f6c79fb3e676bd1d37042e46a405c6ea47b5f341086a904,CLOSEPACKING,-4432,hadron_count,raw_count,count,0x1.9d80000000000p+10,AVAILABLE,WITHHELD_UNCERTAINTY
f70f7a6ead1892f343fb40bfb7fc684df803f79e08b0f4c4951bea95c8a6394b,JUNCTIONS,-4432,hadron_count,raw_count,count,0x1.d740000000000p+10,AVAILABLE,WITHHELD_UNCERTAINTY
5858e6b5e6c5d0026c7787c6495c9d106ea00a88670a6f391795b67c01b1de81,MONASH,-4432,hadron_count,raw_count,count,0x0.0p+0,AVAILABLE,WITHHELD_UNCERTAINTY
240829f0b1e9df397ee8c722591d0e5bf48e5e779c0bc5d73a3798369cdd4b9f,CLOSEPACKING,-4432,hadron_count,raw_weighted_sum,weighted_count,0x1.9d80000000000p+10,AVAILABLE,WITHHELD_UNCERTAINTY
9a7836b03099b6b36b55a71cbc1c216c14c5051423f0c26a02132c23c2d4de85,JUNCTIONS,-4432,hadron_count,raw_weighted_sum,weighted_count,0x1.d740000000000p+10,AVAILABLE,WITHHELD_UNCERTAINTY
48a7b13f4d165567527140c7e9f66cf6d9e7b6bfd870cd529119aa738cf7e171,MONASH,-4432,hadron_count,raw_weighted_sum,weighted_count,0x0.0p+0,AVAILABLE,WITHHELD_UNCERTAINTY
42a3b989b64fbb71df6c9ce813ec1ca683af3f6cde6d18374e5ac2bd5417f844,CLOSEPACKING,-4434,beauty_plus_antibeauty_constituent_count,raw_count,count,0x0.0p+0,AVAILABLE,WITHHELD_UNCERTAINTY
ad99e534dd271528557ad8548fae25a32e625afe7035730fb533402b17d76055,JUNCTIONS,-4434,beauty_plus_antibeauty_constituent_count,raw_count,count,0x0.0p+0,AVAILABLE,WITHHELD_UNCERTAINTY
1dbbeb60ac4bc03c201da7233415a636c3e43cec5547b0ad89cee1a6637202ac,MONASH,-4434,beauty_plus_antibeauty_constituent_count,raw_count,count,0x0.0p+0,AVAILABLE,WITHHELD_UNCERTAINTY
224176bc1fbea89879663cdcc744af7fb5cb3b59524ea265666ec3d4819bc5b2,CLOSEPACKING,-4434,beauty_plus_antibeauty_constituent_count,raw_weighted_sum,weighted_count,0x0.0p+0,AVAILABLE,WITHHELD_UNCERTAINTY
f4818aa1b7947813d9184f8c4a5416e44db07d74d8b58b66628afe77cb58e276,JUNCTIONS,-4434,beauty_plus_antibeauty_constituent_count,raw_weighted_sum,weighted_count,0x0.0p+0,AVAILABLE,WITHHELD_UNCERTAINTY
f82cb48bd6b9d7d29056762bd39aa0edaf9773a3ee2872719f8bd6d4da67e48c,MONASH,-4434,beauty_plus_antibeauty_constituent_count,raw_weighted_sum,weighted_count,0x0.0p+0,AVAILABLE,WITHHELD_UNCERTAINTY
fd6f58ee72a6af64851874114f02ff6bda1e06114cd30c372b9f7ff981785ad4,CLOSEPACKING,-4434,charm_plus_anticharm_constituent_count,raw_count,count,0x1.1300000000000p+12,AVAILABLE,WITHHELD_UNCERTAINTY
1cf3a756bd7b404f380b59deb7fb9ef74a35852db1dc74d02104fc2f2f9dc6a9,JUNCTIONS,-4434,charm_plus_anticharm_constituent_count,raw_count,count,0x1.c300000000000p+10,AVAILABLE,WITHHELD_UNCERTAINTY
3b589966dc5c26ab0f7128766384f3b23ae4dfc13ca0fcab2a89b54d2d39cae3,MONASH,-4434,charm_plus_anticharm_constituent_count,raw_count,count,0x0.0p+0,AVAILABLE,WITHHELD_UNCERTAINTY
66ed391103e6f826f954a67840a2eeb42627db4dc15f265f6f7f1c5f84aac40c,CLOSEPACKING,-4434,charm_plus_anticharm_constituent_count,raw_weighted_sum,weighted_count,0x1.1300000000000p+12,AVAILABLE,WITHHELD_UNCERTAINTY
aeb9ee552c0fccbdb815221d0416ba6cf8170f7b1443d1088516c6bfa492e8d2,JUNCTIONS,-4434,charm_plus_anticharm_constituent_count,raw_weighted_sum,weighted_count,0x1.c300000000000p+10,AVAILABLE,WITHHELD_UNCERTAINTY
531e4d93e3ea43131563d5c3fbfc2b807678ab10f7f5eab51529342a5912304a,MONASH,-4434,charm_plus_anticharm_constituent_count,raw_weighted_sum,weighted_count,0x0.0p+0,AVAILABLE,WITHHELD_UNCERTAINTY
ec6c032b48764bc156cb4787140ae4fa22f4749d76c102ef9fd71b778985ab21,CLOSEPACKING,-4434,hadron_count,normalized_yield,per_event,0x1.711947cfa26a2p-16,AVAILABLE,AVAILABLE
0be5e44bdee52deb307480d7305aa6a734a77142cd8a6dff50317532bdfbdb1e,JUNCTIONS,-4434,hadron_count,normalized_yield,per_event,0x1.2ea935c3dc385p-17,AVAILABLE,AVAILABLE
b16b33e8018deb0ba1d22a124d089567a7767ed5be6f075d8dc64a44a9df81ad,MONASH,-4434,hadron_count,normalized_yield,per_event,0x0.0p+0,AVAILABLE,AVAILABLE_ZERO_DISPERSION
a6bf58a33a815f5de536dddd501808b6bed0e039cd384775844cb9c7018b15f5,CLOSEPACKING,-4434,hadron_count,raw_count,count,0x1.1300000000000p+11,AVAILABLE,WITHHELD_UNCERTAINTY
1b97185234904373dc5637dc7bdabece0c2b6d7fb383ab7c8ffa4a6aa000d535,JUNCTIONS,-4434,hadron_count,raw_count,count,0x1.c300000000000p+9,AVAILABLE,WITHHELD_UNCERTAINTY
cf499ef909fd4fd4669c0ab644db9ce30ad7009f1acb55d37c8c5bacdb08bb86,MONASH,-4434,hadron_count,raw_count,count,0x0.0p+0,AVAILABLE,WITHHELD_UNCERTAINTY
28d3dadd575a2040c267357145ca39a270cf3f3f19d9a0cf12d3fb35639bb4c0,CLOSEPACKING,-4434,hadron_count,raw_weighted_sum,weighted_count,0x1.1300000000000p+11,AVAILABLE,WITHHELD_UNCERTAINTY
ede5bbc45d32e1ca6d00437e57b4dd5ae3dd28ab73708452cc40b823d7a239ca,JUNCTIONS,-4434,hadron_count,raw_weighted_sum,weighted_count,0x1.c300000000000p+9,AVAILABLE,WITHHELD_UNCERTAINTY
d6f40f873977f38ac7fe3f6c63fa774f08d22d75d8a6bfdc1200694d82245f7d,MONASH,-4434,hadron_count,raw_weighted_sum,weighted_count,0x0.0p+0,AVAILABLE,WITHHELD_UNCERTAINTY
8581a513aa5c13ef2c3c6ed7ced7fb27a967e2f9b9e640ad2411b7f0ef0bd52f,CLOSEPACKING,-4444,beauty_plus_antibeauty_constituent_count,raw_count,count,0x0.0p+0,AVAILABLE,WITHHELD_UNCERTAINTY
9fd5fbc379808bb987c5bf56dc5b22913ca6721fdaf752a5c6a5000e160d0ae4,JUNCTIONS,-4444,beauty_plus_antibeauty_constituent_count,raw_count,count,0x0.0p+0,AVAILABLE,WITHHELD_UNCERTAINTY
1e7a7180bf3f1d08b17adc3c82e37abc53525c9e6d752591e35703d861142389,MONASH,-4444,beauty_plus_antibeauty_constituent_count,raw_count,count,0x0.0p+0,AVAILABLE,WITHHELD_UNCERTAINTY
61232585a3da2205f99736dbe7799ddbfdd1bd416b3163d16c0015962848c3cf,CLOSEPACKING,-4444,beauty_plus_antibeauty_constituent_count,raw_weighted_sum,weighted_count,0x0.0p+0,AVAILABLE,WITHHELD_UNCERTAINTY
711923c86d900385272fe399752e73ec57278ee086d1b362ad310961b8295554,JUNCTIONS,-4444,beauty_plus_antibeauty_constituent_count,raw_weighted_sum,weighted_count,0x0.0p+0,AVAILABLE,WITHHELD_UNCERTAINTY
47abded5a6c9419ff8ff30a8602b82acab213dc5a28b12efdf65fba6255f27be,MONASH,-4444,beauty_plus_antibeauty_constituent_count,raw_weighted_sum,weighted_count,0x0.0p+0,AVAILABLE,WITHHELD_UNCERTAINTY
d23479a0ccad3baeef791ca44dc30ec13b10437db78aac041dddd7aa5c88f274,CLOSEPACKING,-4444,charm_plus_anticharm_constituent_count,raw_count,count,0x1.6800000000000p+5,AVAILABLE,WITHHELD_UNCERTAINTY
4ccedd1c42cffd26d30ee72b5bc386fc1187e74975f713af75139f80fbb817e6,JUNCTIONS,-4444,charm_plus_anticharm_constituent_count,raw_count,count,0x1.5000000000000p+5,AVAILABLE,WITHHELD_UNCERTAINTY
818043327efd0ef6ba4af92f5df7e0de4c4ff6ebfdcb1d31f93f964bbc15dfaa,MONASH,-4444,charm_plus_anticharm_constituent_count,raw_count,count,0x0.0p+0,AVAILABLE,WITHHELD_UNCERTAINTY
65845ab59b04f5a9f04356459599f501f260a01265f113591ab87dcf7fde726b,CLOSEPACKING,-4444,charm_plus_anticharm_constituent_count,raw_weighted_sum,weighted_count,0x1.6800000000000p+5,AVAILABLE,WITHHELD_UNCERTAINTY
35a22a373b2521379269e242813faaa200d4a6c200eaf50bd17742e0ebfbf72a,JUNCTIONS,-4444,charm_plus_anticharm_constituent_count,raw_weighted_sum,weighted_count,0x1.5000000000000p+5,AVAILABLE,WITHHELD_UNCERTAINTY
a9619f0a64dc6e844e1143e31bc99eda5e25bde79bdb86b1f635920726de96a0,MONASH,-4444,charm_plus_anticharm_constituent_count,raw_weighted_sum,weighted_count,0x0.0p+0,AVAILABLE,WITHHELD_UNCERTAINTY
edf68545bf0a0bf04f774ba23662749234bcdaeb80bdfe4a96b8fffc008a6927,CLOSEPACKING,-4444,hadron_count,normalized_yield,per_event,0x1.421f5f40d8376p-23,AVAILABLE,AVAILABLE
562d3cd6300fe43cc81f69a749b8d7065f823b660bdc954d9e8996523c564ebd,JUNCTIONS,-4444,hadron_count,normalized_yield,per_event,0x1.2ca5d05ea7ab3p-23,AVAILABLE,AVAILABLE
6ca5f6f6e62ba2877237f19e14bbcb0816824a9c221c0bff8b3ddbb82ec3416d,MONASH,-4444,hadron_count,normalized_yield,per_event,0x0.0p+0,AVAILABLE,AVAILABLE_ZERO_DISPERSION
62b7afcf77228a878107ac2d9afafe9975e8c767083490918a8e4e33d3718c66,CLOSEPACKING,-4444,hadron_count,raw_count,count,0x1.e000000000000p+3,AVAILABLE,WITHHELD_UNCERTAINTY
5b31debd6b3c68d1f613041ddaed62259b0bded7ced6ba006dfdfeadf501e601,JUNCTIONS,-4444,hadron_count,raw_count,count,0x1.c000000000000p+3,AVAILABLE,WITHHELD_UNCERTAINTY
ec424c112223edc6c49c2cccb6f9bde50a4eb2ca10d861582b2092aa5d98ad9c,MONASH,-4444,hadron_count,raw_count,count,0x0.0p+0,AVAILABLE,WITHHELD_UNCERTAINTY
1ed58710f6082ec89de261a5105dfa1ccdb542d8cb4851198da7c0efbfb506ec,CLOSEPACKING,-4444,hadron_count,raw_weighted_sum,weighted_count,0x1.e000000000000p+3,AVAILABLE,WITHHELD_UNCERTAINTY
130de3ecd0149d485c375609ddff6dcda8411e0f607ed36dae6e95e7a659f780,JUNCTIONS,-4444,hadron_count,raw_weighted_sum,weighted_count,0x1.c000000000000p+3,AVAILABLE,WITHHELD_UNCERTAINTY
6c44303c67dfa117b8164aa9c2ffa1046acf86efb7fa7aaafad71486214fd9c6,MONASH,-4444,hadron_count,raw_weighted_sum,weighted_count,0x0.0p+0,AVAILABLE,WITHHELD_UNCERTAINTY
14cfc6025e54d468a217e3d24f6ab0b9f3533afc8fd55d7bd6bbbbed8d4aa0f2,CLOSEPACKING,-511,beauty_plus_antibeauty_constituent_count,raw_count,count,0x1.412ae00000000p+20,AVAILABLE,WITHHELD_UNCERTAINTY
8dbfed11ec247e825c566b8837f26f164a0dfddc75a5f01b605a3e1304b00dc3,JUNCTIONS,-511,beauty_plus_antibeauty_constituent_count,raw_count,count,0x1.47f2900000000p+20,AVAILABLE,WITHHELD_UNCERTAINTY
7dd6e40ea0ee22ae829d7d718946a0903aad869b542355bd49661602787f47c5,MONASH,-511,beauty_plus_antibeauty_constituent_count,raw_count,count,0x1.c236500000000p+20,AVAILABLE,WITHHELD_UNCERTAINTY
b52391e8e802fae2062462a3f82415fc5a3796dd1963df2518c69505a321ec21,CLOSEPACKING,-511,beauty_plus_antibeauty_constituent_count,raw_weighted_sum,weighted_count,0x1.412ae00000000p+20,AVAILABLE,WITHHELD_UNCERTAINTY
a2c11a0e39f62cfbd16350587ae658639928fa0c406751192680e63ae8ab041d,JUNCTIONS,-511,beauty_plus_antibeauty_constituent_count,raw_weighted_sum,weighted_count,0x1.47f2900000000p+20,AVAILABLE,WITHHELD_UNCERTAINTY
fe72bceb2a38e15127e2c07523e124344100b82706eb8f6968a993d2ed4c4fc6,MONASH,-511,beauty_plus_antibeauty_constituent_count,raw_weighted_sum,weighted_count,0x1.c236500000000p+20,AVAILABLE,WITHHELD_UNCERTAINTY
6c81bf937fae56227a37ecc76c67a3a736176e2f7eb70984999de96a10accd12,CLOSEPACKING,-511,charm_plus_anticharm_constituent_count,raw_count,count,0x0.0p+0,AVAILABLE,WITHHELD_UNCERTAINTY
097b3760d8b0b51d69acf952a696016653004c2383b51e70d04bd86782222390,JUNCTIONS,-511,charm_plus_anticharm_constituent_count,raw_count,count,0x0.0p+0,AVAILABLE,WITHHELD_UNCERTAINTY
119f19d5d826ae4527140b14c3d2558899a4936f88e819982feddfdb05de787e,MONASH,-511,charm_plus_anticharm_constituent_count,raw_count,count,0x0.0p+0,AVAILABLE,WITHHELD_UNCERTAINTY
72fa2789cc5b308d536178388d9659d9295fe8804234ab95093ca56b71dd29cd,CLOSEPACKING,-511,charm_plus_anticharm_constituent_count,raw_weighted_sum,weighted_count,0x0.0p+0,AVAILABLE,WITHHELD_UNCERTAINTY
e8f5a6f7dd7c56d3bd353f69f96d1fbfc4c0245afdfb54ac228b0cafda58978a,JUNCTIONS,-511,charm_plus_anticharm_constituent_count,raw_weighted_sum,weighted_count,0x0.0p+0,AVAILABLE,WITHHELD_UNCERTAINTY
7c65ed6433f243b31e0d789b8b0a61798efb3fbd41cf1c2c1053a425f16f9241,MONASH,-511,charm_plus_anticharm_constituent_count,raw_weighted_sum,weighted_count,0x0.0p+0,AVAILABLE,WITHHELD_UNCERTAINTY
da174ee1c9cb34a97e7b70bc8c297f873fbaf61487e1656fc8646c777b33f318,CLOSEPACKING,-511,hadron_count,normalized_yield,per_event,0x1.af104e56d01b6p-7,AVAILABLE,AVAILABLE
3ef4bea73f053bd23a7b6e1c9aeb9cdae1622e8ea520bccef2f494c43cfbf6dc,JUNCTIONS,-511,hadron_count,normalized_yield,per_event,0x1.b829e805e343ep-7,AVAILABLE,AVAILABLE
de3f4b5a6adaa9e379b7add3ba1c9f59f69ddb6a743bffe0cb8f252032a5d9f8,MONASH,-511,hadron_count,normalized_yield,per_event,0x1.2e21dc1dcd9b5p-6,AVAILABLE,AVAILABLE
15f751e4180ad0089515e7e28693cd2bafa96fd59232067dce6a9dc297b32052,CLOSEPACKING,-511,hadron_count,raw_count,count,0x1.412ae00000000p+20,AVAILABLE,WITHHELD_UNCERTAINTY
1beef9e07fc5153053a83e85897aead59aa7b5a4ff0e9b6d41232db9e3fa481e,JUNCTIONS,-511,hadron_count,raw_count,count,0x1.47f2900000000p+20,AVAILABLE,WITHHELD_UNCERTAINTY
027a8b93062405611b662defa64faf3a0ed2bf27a309b5d859b5baf9719631de,MONASH,-511,hadron_count,raw_count,count,0x1.c236500000000p+20,AVAILABLE,WITHHELD_UNCERTAINTY
512f1b1ff1e0bc2658477b250738748707df97a4daceb3efde24129e1e5723bb,CLOSEPACKING,-511,hadron_count,raw_weighted_sum,weighted_count,0x1.412ae00000000p+20,AVAILABLE,WITHHELD_UNCERTAINTY
f7867820d13d0125f028f6672234dfc9bcd25135f917e92ba03933114e572e8b,JUNCTIONS,-511,hadron_count,raw_weighted_sum,weighted_count,0x1.47f2900000000p+20,AVAILABLE,WITHHELD_UNCERTAINTY
00696fa7663cbd0fe10fd34e320c7180ac43fc46b389d09bd7270995c322e1ad,MONASH,-511,hadron_count,raw_weighted_sum,weighted_count,0x1.c236500000000p+20,AVAILABLE,WITHHELD_UNCERTAINTY
514f91549fa4d7841d3b8ddd4b4d10e7fa15ce7d9b40f1106b41bb86aabc14a4,CLOSEPACKING,-5112,beauty_plus_antibeauty_constituent_count,raw_count,count,0x1.c0fb000000000p+18,AVAILABLE,WITHHELD_UNCERTAINTY
6ef5dba0534f2d24256e293906ba82004ea0ace36f2da3cd6a38290307a91cea,JUNCTIONS,-5112,beauty_plus_antibeauty_constituent_count,raw_count,count,0x1.985e400000000p+19,AVAILABLE,WITHHELD_UNCERTAINTY
b2868dda0e37edfb9545503a433e7f44e1eaca6e81fef00119c8f32273092993,MONASH,-5112,beauty_plus_antibeauty_constituent_count,raw_count,count,0x1.3b10000000000p+14,AVAILABLE,WITHHELD_UNCERTAINTY
f7bbb04b4281c0cba330f4653d633d4843ebd45edaea3d759f7084dc34883489,CLOSEPACKING,-5112,beauty_plus_antibeauty_constituent_count,raw_weighted_sum,weighted_count,0x1.c0fb000000000p+18,AVAILABLE,WITHHELD_UNCERTAINTY
c598dce5e6fd7a6127df192714e92b83c1bd346a1deb721ed751506b3311ce72,JUNCTIONS,-5112,beauty_plus_antibeauty_constituent_count,raw_weighted_sum,weighted_count,0x1.985e400000000p+19,AVAILABLE,WITHHELD_UNCERTAINTY
cb22b8f3e2540ca6f95be2a2394c33de760f348a035218d0b2c950dc657c6c68,MONASH,-5112,beauty_plus_antibeauty_constituent_count,raw_weighted_sum,weighted_count,0x1.3b10000000000p+14,AVAILABLE,WITHHELD_UNCERTAINTY
c0e9f5c278af044cf724d2cb0e7eb22dbc8f416047add3d8263c70472b8caf47,CLOSEPACKING,-5112,charm_plus_anticharm_constituent_count,raw_count,count,0x0.0p+0,AVAILABLE,WITHHELD_UNCERTAINTY
1cf3d0faa4a9822a7fe02f95d69c3df4498ffbc4a46714dc7700847fa7f79b5c,JUNCTIONS,-5112,charm_plus_anticharm_constituent_count,raw_count,count,0x0.0p+0,AVAILABLE,WITHHELD_UNCERTAINTY
c0596bda86b43768e39c43ca50e102d194ec740ef7116d5c9879db288dc801be,MONASH,-5112,charm_plus_anticharm_constituent_count,raw_count,count,0x0.0p+0,AVAILABLE,WITHHELD_UNCERTAINTY
263a129a6ceaf604230432ea388d9fbf4b7d8168f483b07ddb64092909384cbb,CLOSEPACKING,-5112,charm_plus_anticharm_constituent_count,raw_weighted_sum,weighted_count,0x0.0p+0,AVAILABLE,WITHHELD_UNCERTAINTY
366c9d5cf0f8d01a6ee3e82589382a1e525d1ddebc0eb454ec570d660ca22c94,JUNCTIONS,-5112,charm_plus_anticharm_constituent_count,raw_weighted_sum,weighted_count,0x0.0p+0,AVAILABLE,WITHHELD_UNCERTAINTY
84ff38226756d248ab81c7ce9f0cad8a08fbcb720b1a528deab9de7c9bb51378,MONASH,-5112,charm_plus_anticharm_constituent_count,raw_weighted_sum,weighted_count,0x0.0p+0,AVAILABLE,WITHHELD_UNCERTAINTY
c087405a5649c28d8708813a61b60122afdbe14ab991949fdac399c762602dba,CLOSEPACKING,-5112,hadron_count,normalized_yield,per_event,0x1.2d4e41d765d7fp-8,AVAILABLE,AVAILABLE
451c6bd1b3da95bf7c2ee6d911d42424c0ee093e7895643eec258d1020fff164,JUNCTIONS,-5112,hadron_count,normalized_yield,per_event,0x1.120d1dcac12eep-7,AVAILABLE,AVAILABLE
187aa2be9b861237dabbe99345ffa3e2087609040fb178c16317eb766e867dc2,MONASH,-5112,hadron_count,normalized_yield,per_event,0x1.a6dea693fdf94p-13,AVAILABLE,AVAILABLE
2ecdb582cfc2efc082ac90fa319a0a770b9c188724247f0d8ff7c8ba2652b020,CLOSEPACKING,-5112,hadron_count,raw_count,count,0x1.c0fb000000000p+18,AVAILABLE,WITHHELD_UNCERTAINTY
5fe8fa2bebb77d357bfcc6a3ed3cb2b9280d4a1c0f614a093ace1c4023936522,JUNCTIONS,-5112,hadron_count,raw_count,count,0x1.985e400000000p+19,AVAILABLE,WITHHELD_UNCERTAINTY
f50ff283efc5fd85055589f5805a2bd9aee87cdd6a6771973cb6ceebb4e6d053,MONASH,-5112,hadron_count,raw_count,count,0x1.3b10000000000p+14,AVAILABLE,WITHHELD_UNCERTAINTY
ceab4f6af408d228e0a5fcf808299507c86ad1ce2b098a40fcc3e33fa3e2dd65,CLOSEPACKING,-5112,hadron_count,raw_weighted_sum,weighted_count,0x1.c0fb000000000p+18,AVAILABLE,WITHHELD_UNCERTAINTY
ce76062f02f5c07371f6ce2744ac96101666b60d2f2b95f04bd8aa3d84408a9b,JUNCTIONS,-5112,hadron_count,raw_weighted_sum,weighted_count,0x1.985e400000000p+19,AVAILABLE,WITHHELD_UNCERTAINTY
eec77e19ff6d33b3f0c77af9fa58d0589aa27101faf4c0ee743411b0d1a83dac,MONASH,-5112,hadron_count,raw_weighted_sum,weighted_count,0x1.3b10000000000p+14,AVAILABLE,WITHHELD_UNCERTAINTY
03539e713d391e1f943f41b7386a078b3c971903db9428588a226b9d5e9417b0,CLOSEPACKING,-5114,beauty_plus_antibeauty_constituent_count,raw_count,count,0x1.b4b8c00000000p+18,AVAILABLE,WITHHELD_UNCERTAINTY
b09c40f8c4bce8780c1fcae25d63324c3f097e3702d6862d5635108a0a1fce6e,JUNCTIONS,-5114,beauty_plus_antibeauty_constituent_count,raw_count,count,0x1.d894000000000p+16,AVAILABLE,WITHHELD_UNCERTAINTY
44f83754a1962c13e201670fe8365db3b23099381c3e9f223d1f109502c80b7a,MONASH,-5114,beauty_plus_antibeauty_constituent_count,raw_count,count,0x1.3dda000000000p+15,AVAILABLE,WITHHELD_UNCERTAINTY
f619f233b9a2966bacf9324e544a487370b64075a67f8ed813cb440e58041b92,CLOSEPACKING,-5114,beauty_plus_antibeauty_constituent_count,raw_weighted_sum,weighted_count,0x1.b4b8c00000000p+18,AVAILABLE,WITHHELD_UNCERTAINTY
17197b41b1361bc2cf2512cc28e702aeea42b53effaba2b08516fb2ce326ff52,JUNCTIONS,-5114,beauty_plus_antibeauty_constituent_count,raw_weighted_sum,weighted_count,0x1.d894000000000p+16,AVAILABLE,WITHHELD_UNCERTAINTY
739ec0ff0a9e1c87fb5650d49a9ae35bf7a9c3ad80dde0eef0bb003f296089e6,MONASH,-5114,beauty_plus_antibeauty_constituent_count,raw_weighted_sum,weighted_count,0x1.3dda000000000p+15,AVAILABLE,WITHHELD_UNCERTAINTY
0b1c46d4efdd61632d56bb0806a38991f5f7861dd390dd65b285973c08e287f1,CLOSEPACKING,-5114,charm_plus_anticharm_constituent_count,raw_count,count,0x0.0p+0,AVAILABLE,WITHHELD_UNCERTAINTY
5591dddefcb208048232f82a580c81a78d25bf6cd17553da6787eeaa1d00a3ad,JUNCTIONS,-5114,charm_plus_anticharm_constituent_count,raw_count,count,0x0.0p+0,AVAILABLE,WITHHELD_UNCERTAINTY
125209aea6334b7f0ff23f9db018adfce9b2c67189221062cd40798a08448d21,MONASH,-5114,charm_plus_anticharm_constituent_count,raw_count,count,0x0.0p+0,AVAILABLE,WITHHELD_UNCERTAINTY
6693be21a1cb38bfd5a5e98d35ed7301e46f8843dd601097cdffce10d1a301c5,CLOSEPACKING,-5114,charm_plus_anticharm_constituent_count,raw_weighted_sum,weighted_count,0x0.0p+0,AVAILABLE,WITHHELD_UNCERTAINTY
c0c67ad9cab75320e3aad70848310869e8844a02068d9ded784bba9c3cfa2386,JUNCTIONS,-5114,charm_plus_anticharm_constituent_count,raw_weighted_sum,weighted_count,0x0.0p+0,AVAILABLE,WITHHELD_UNCERTAINTY
9d1fe10d16c0470a6a83ddd74ad579af1964f803a41c660a397e8173881d72f0,MONASH,-5114,charm_plus_anticharm_constituent_count,raw_weighted_sum,weighted_count,0x0.0p+0,AVAILABLE,WITHHELD_UNCERTAINTY
3e996a86b6742012fe2585ac03e0b29a53c9b4a86e590cd064f1b36aa9b0a2b1,CLOSEPACKING,-5114,hadron_count,normalized_yield,per_event,0x1.25143698c35aep-8,AVAILABLE,AVAILABLE
819b0d73cc9ff8ee327c73d31123c7c1f01809971e2701bcc984b524fa583b84,JUNCTIONS,-5114,hadron_count,normalized_yield,per_event,0x1.3d244dbd2234ep-10,AVAILABLE,AVAILABLE
78b910318201f6c8be912506c8c797cd53e2a5ab57500ed096b80721b763f1c2,MONASH,-5114,hadron_count,normalized_yield,per_event,0x1.aa9cf71c2bafbp-12,AVAILABLE,AVAILABLE
f6364e5217668914509492df69d2cf9c469bc46e6e59cd4bccf111cf7b795410,CLOSEPACKING,-5114,hadron_count,raw_count,count,0x1.b4b8c00000000p+18,AVAILABLE,WITHHELD_UNCERTAINTY
c52d48807efda97ca1d40346c2d11306c423a5b7afa2c373e063934453d580dd,JUNCTIONS,-5114,hadron_count,raw_count,count,0x1.d894000000000p+16,AVAILABLE,WITHHELD_UNCERTAINTY
b6723e60e29e8c89f3b676494852f04ca84e01372d56fec00ecd7899485e237e,MONASH,-5114,hadron_count,raw_count,count,0x1.3dda000000000p+15,AVAILABLE,WITHHELD_UNCERTAINTY
503998cf64c8b121aecaa1515a2e2efb0b8809abd2dd4a209a34c6d132e1fece,CLOSEPACKING,-5114,hadron_count,raw_weighted_sum,weighted_count,0x1.b4b8c00000000p+18,AVAILABLE,WITHHELD_UNCERTAINTY
9eabf5533cbe5c04ff3a5b2c8c0071ddf3d29c0238e60e6f5e761cf493f33a41,JUNCTIONS,-5114,hadron_count,raw_weighted_sum,weighted_count,0x1.d894000000000p+16,AVAILABLE,WITHHELD_UNCERTAINTY
7b2860bb9b82a2be367c8a344db49e62f1f279e407497aad0069b98e82241622,MONASH,-5114,hadron_count,raw_weighted_sum,weighted_count,0x1.3dda000000000p+15,AVAILABLE,WITHHELD_UNCERTAINTY
7e371ea0b02506e0b08fa4ee7fce9d99bfbf540875fb0d0ee6780d6592d28410,CLOSEPACKING,-5122,beauty_plus_antibeauty_constituent_count,raw_count,count,0x1.1430c00000000p+19,AVAILABLE,WITHHELD_UNCERTAINTY
382ac979725839dc15cd1cfe17a6eb9f0d4417f3d7e0e56949b4a489900b5d3d,JUNCTIONS,-5122,beauty_plus_antibeauty_constituent_count,raw_count,count,0x1.2bbf000000000p+19,AVAILABLE,WITHHELD_UNCERTAINTY
574ca443b92f5d414738647958628bea3f1dd0842000d0e02eeba64058723c8c,MONASH,-5122,beauty_plus_antibeauty_constituent_count,raw_count,count,0x1.2eeb400000000p+18,AVAILABLE,WITHHELD_UNCERTAINTY
41cf52245cde9995e35296af695c20bfa164211df7db212f622e32ad62ea246b,CLOSEPACKING,-5122,beauty_plus_antibeauty_constituent_count,raw_weighted_sum,weighted_count,0x1.1430c00000000p+19,AVAILABLE,WITHHELD_UNCERTAINTY
ba176960e1a10e4f49e17e5ccf09c1e2b18111627a0d62b37adcb6ba8c387316,JUNCTIONS,-5122,beauty_plus_antibeauty_constituent_count,raw_weighted_sum,weighted_count,0x1.2bbf000000000p+19,AVAILABLE,WITHHELD_UNCERTAINTY
bafaf2786cbdfe946d44720c30a249ba61154e45a02c929326e50b55bb63173a,MONASH,-5122,beauty_plus_antibeauty_constituent_count,raw_weighted_sum,weighted_count,0x1.2eeb400000000p+18,AVAILABLE,WITHHELD_UNCERTAINTY
ca2a8a5d6576dafecd5a3f831b713bb6f9d119440cf39b677b6753ec63189cd0,CLOSEPACKING,-5122,charm_plus_anticharm_constituent_count,raw_count,count,0x0.0p+0,AVAILABLE,WITHHELD_UNCERTAINTY
6729e8f933d649c08111a8215426a17550ddc0514f9566ef216ad9d7664001ea,JUNCTIONS,-5122,charm_plus_anticharm_constituent_count,raw_count,count,0x0.0p+0,AVAILABLE,WITHHELD_UNCERTAINTY
552bd75f0b1fe112500aacb4aa95c2aac36ba88ba2535590f0d0947c1edee296,MONASH,-5122,charm_plus_anticharm_constituent_count,raw_count,count,0x0.0p+0,AVAILABLE,WITHHELD_UNCERTAINTY
572589f804f4834b65b48f425f1493816f1c8abf3cb5ac3939d2d46edff57a6e,CLOSEPACKING,-5122,charm_plus_anticharm_constituent_count,raw_weighted_sum,weighted_count,0x0.0p+0,AVAILABLE,WITHHELD_UNCERTAINTY
c884c3b12364a38d78f8d6c2c87e5d998f0d7e36c401c0cc23fce29ace072d1e,JUNCTIONS,-5122,charm_plus_anticharm_constituent_count,raw_weighted_sum,weighted_count,0x0.0p+0,AVAILABLE,WITHHELD_UNCERTAINTY
aafbb094c715e9ce770ac4027fe2d7b46f68548d2cfb42dcc2ec465e65b6092f,MONASH,-5122,charm_plus_anticharm_constituent_count,raw_weighted_sum,weighted_count,0x0.0p+0,AVAILABLE,WITHHELD_UNCERTAINTY
14d1fa16c569ea7b51b41bc066453990cddb6104ea68394603a210e7b6e5a53d,CLOSEPACKING,-5122,hadron_count,normalized_yield,per_event,0x1.72b24f1d1e9edp-8,AVAILABLE,AVAILABLE
d056f964726ff26e418288c59a721b26a7c0f09985f24c620f14648057bd7c4c,JUNCTIONS,-5122,hadron_count,normalized_yield,per_event,0x1.924ff93c97600p-8,AVAILABLE,AVAILABLE
c2e8b96d23af6bfefb4b3399659bb0398792c8c6136e99282cfbc61a5e78cc41,MONASH,-5122,hadron_count,normalized_yield,per_event,0x1.969228362a089p-9,AVAILABLE,AVAILABLE
f7d5d33d55e274d01aa5f4fbcec32bab63958d7efaf8d642217ee37fac8e00cd,CLOSEPACKING,-5122,hadron_count,raw_count,count,0x1.1430c00000000p+19,AVAILABLE,WITHHELD_UNCERTAINTY
8156af6c478cb6fba54d800bcf3e029f828db2403cda58b86dd585309178ffab,JUNCTIONS,-5122,hadron_count,raw_count,count,0x1.2bbf000000000p+19,AVAILABLE,WITHHELD_UNCERTAINTY
9e2af1a6a8ecbe7ed6d4a1c5cc9f2c076c84590b69dd8e560e87a107a949bc25,MONASH,-5122,hadron_count,raw_count,count,0x1.2eeb400000000p+18,AVAILABLE,WITHHELD_UNCERTAINTY
8869a01a496e5a19b95101603a5d76678f5c4a1eeaf7ed00b2dfc692a4f5eb84,CLOSEPACKING,-5122,hadron_count,raw_weighted_sum,weighted_count,0x1.1430c00000000p+19,AVAILABLE,WITHHELD_UNCERTAINTY
7c3d6b9d329b7668bae9a8296b46d0921873c22532ef92cb8e1f5ef3cc928654,JUNCTIONS,-5122,hadron_count,raw_weighted_sum,weighted_count,0x1.2bbf000000000p+19,AVAILABLE,WITHHELD_UNCERTAINTY
9cbacd72352f1660e8a842dc7c29d94eb2dd84676a0e88c8e461180f74b6bed3,MONASH,-5122,hadron_count,raw_weighted_sum,weighted_count,0x1.2eeb400000000p+18,AVAILABLE,WITHHELD_UNCERTAINTY
e5337cfcc0d11047c08a9b31dd234a288b9c21fe656f6938482de35e9f14d3a3,CLOSEPACKING,-513,beauty_plus_antibeauty_constituent_count,raw_count,count,0x1.5ca3780000000p+21,AVAILABLE,WITHHELD_UNCERTAINTY
ca6cf490c9dd3af45a820a511e21230f300be40f64422563d641d8f7d936e15d,JUNCTIONS,-513,beauty_plus_antibeauty_constituent_count,raw_count,count,0x1.63b1780000000p+21,AVAILABLE,WITHHELD_UNCERTAINTY
d0570743bc5df83d2e0ce663d163ec8b47666090f18bc6f552695e98f6e8f9cd,MONASH,-513,beauty_plus_antibeauty_constituent_count,raw_count,count,0x1.ed2a480000000p+21,AVAILABLE,WITHHELD_UNCERTAINTY
5f557823bb62b82a34b77dbde5873471cf1b8e8284446bf6c696f6d0f8b69295,CLOSEPACKING,-513,beauty_plus_antibeauty_constituent_count,raw_weighted_sum,weighted_count,0x1.5ca3780000000p+21,AVAILABLE,WITHHELD_UNCERTAINTY
f35096c4c4bcae5f5ded029901884095321b56b5b5db72a4c4331058b06329e0,JUNCTIONS,-513,beauty_plus_antibeauty_constituent_count,raw_weighted_sum,weighted_count,0x1.63b1780000000p+21,AVAILABLE,WITHHELD_UNCERTAINTY
d882447df22eb02a6b306fc5fc7271aeb4ff77559a73b7296935aeb88b2c1d60,MONASH,-513,beauty_plus_antibeauty_constituent_count,raw_weighted_sum,weighted_count,0x1.ed2a480000000p+21,AVAILABLE,WITHHELD_UNCERTAINTY
d601d2c153b3e8af694090c881e57e66824fe6395d0fc3435e0e862552e495be,CLOSEPACKING,-513,charm_plus_anticharm_constituent_count,raw_count,count,0x0.0p+0,AVAILABLE,WITHHELD_UNCERTAINTY
b0156f43b64743e6fc13a27a5b617d3be3ddc8ef53014fa2af54f2262c1fc7ed,JUNCTIONS,-513,charm_plus_anticharm_constituent_count,raw_count,count,0x0.0p+0,AVAILABLE,WITHHELD_UNCERTAINTY
e7a77089c723fe9f37b64cde04d7b1e12bdc8a8a4154696175f11dfe1090b45c,MONASH,-513,charm_plus_anticharm_constituent_count,raw_count,count,0x0.0p+0,AVAILABLE,WITHHELD_UNCERTAINTY
aaab01f3c39d228e70fdc595f97bbbad3582c7b0e63aba250348bb5b5c5a25f1,CLOSEPACKING,-513,charm_plus_anticharm_constituent_count,raw_weighted_sum,weighted_count,0x0.0p+0,AVAILABLE,WITHHELD_UNCERTAINTY
dd807fcc18ca552c6f2bf08ce661bc4b008c5183b13d3e01b163f4af3b65c35f,JUNCTIONS,-513,charm_plus_anticharm_constituent_count,raw_weighted_sum,weighted_count,0x0.0p+0,AVAILABLE,WITHHELD_UNCERTAINTY
d062b90eeaf44fd37cc2c8e1ee6b613c77303c89adababf36e50342c7f329bff,MONASH,-513,charm_plus_anticharm_constituent_count,raw_weighted_sum,weighted_count,0x0.0p+0,AVAILABLE,WITHHELD_UNCERTAINTY
265bb9fada0b33d58668cb6b33dee1afaa09a250965ba7f08ebef9184f92c378,CLOSEPACKING,-513,hadron_count,normalized_yield,per_event,0x1.d3ef4b26efd8fp-6,AVAILABLE,AVAILABLE
34e2e6d4a67e82256e919cfc455698a1239d85e352fc46d594f729be03d9be80,JUNCTIONS,-513,hadron_count,normalized_yield,per_event,0x1.dd674406eb00cp-6,AVAILABLE,AVAILABLE
036898fe039f3a5958c1910dbe58a2a033adc991b267b4fbb3c14fa06d0588d9,MONASH,-513,hadron_count,normalized_yield,per_event,0x1.4af52129c64d0p-5,AVAILABLE,AVAILABLE
e8c0f8cdd97c565bf07a0c28b28109a4487bb5f473e558e3c01256f5508136d2,CLOSEPACKING,-513,hadron_count,raw_count,count,0x1.5ca3780000000p+21,AVAILABLE,WITHHELD_UNCERTAINTY
0e413de9b024c1e6b7df1d13d649aae72d5c68d4990cdf7ce32088fd263a43ee,JUNCTIONS,-513,hadron_count,raw_count,count,0x1.63b1780000000p+21,AVAILABLE,WITHHELD_UNCERTAINTY
7d88b7729e836f701eaee350a611c124eda812cc07b14b94edbbaafb69d92814,MONASH,-513,hadron_count,raw_count,count,0x1.ed2a480000000p+21,AVAILABLE,WITHHELD_UNCERTAINTY
68b149e0a0d52cab55e5064fa99520f48f9fd00700eb8594aa7b472c1e4f1a5e,CLOSEPACKING,-513,hadron_count,raw_weighted_sum,weighted_count,0x1.5ca3780000000p+21,AVAILABLE,WITHHELD_UNCERTAINTY
b1ff23c4e49d6d1fd98ff0c0a4e6a8bc07cf3fa342267bd2ba1664f5d9271419,JUNCTIONS,-513,hadron_count,raw_weighted_sum,weighted_count,0x1.63b1780000000p+21,AVAILABLE,WITHHELD_UNCERTAINTY
e48b6712d8aed934746d23f37a70f380727320cf3c73d2e4513f2c42f43e6590,MONASH,-513,hadron_count,raw_weighted_sum,weighted_count,0x1.ed2a480000000p+21,AVAILABLE,WITHHELD_UNCERTAINTY
34623fb6502b3e4e5a84cff0b9cf6631a2e7fda457c3052b270cc5855e453a77,CLOSEPACKING,-5132,beauty_plus_antibeauty_constituent_count,raw_count,count,0x1.1277000000000p+17,AVAILABLE,WITHHELD_UNCERTAINTY
6af51a661c393b1d769ff80aeb07e1a820cfc271657026f9e4cd932107ec2624,JUNCTIONS,-5132,beauty_plus_antibeauty_constituent_count,raw_count,count,0x1.e4d8000000000p+16,AVAILABLE,WITHHELD_UNCERTAINTY
80e69574cca7bf33e7939be1e8fd52f46aaea23bfbf27519ddd8dca66e40d5dd,MONASH,-5132,beauty_plus_antibeauty_constituent_count,raw_count,count,0x1.b6b4000000000p+15,AVAILABLE,WITHHELD_UNCERTAINTY
b2d5c269e2b7d4b6fc091faba7d747098170198fb8ba78600bde606877bbc3a4,CLOSEPACKING,-5132,beauty_plus_antibeauty_constituent_count,raw_weighted_sum,weighted_count,0x1.1277000000000p+17,AVAILABLE,WITHHELD_UNCERTAINTY
c571ef54f102c25d978aa34a8015d5718a3ee5bb4d587548ba279656ddd4ed57,JUNCTIONS,-5132,beauty_plus_antibeauty_constituent_count,raw_weighted_sum,weighted_count,0x1.e4d8000000000p+16,AVAILABLE,WITHHELD_UNCERTAINTY
1ea1d78ac85f87177551b6422da98c8c0c380b13ca13dbc95aacd80b4f892f55,MONASH,-5132,beauty_plus_antibeauty_constituent_count,raw_weighted_sum,weighted_count,0x1.b6b4000000000p+15,AVAILABLE,WITHHELD_UNCERTAINTY
ce9a079eaabb0ddaf3c14d88e669f1d8b976fcc52f15207792f108b267df4e38,CLOSEPACKING,-5132,charm_plus_anticharm_constituent_count,raw_count,count,0x0.0p+0,AVAILABLE,WITHHELD_UNCERTAINTY
51061760c136f31df6b9f7543b2d5de109fbf251114177f0f0d683e3a02fb6d8,JUNCTIONS,-5132,charm_plus_anticharm_constituent_count,raw_count,count,0x0.0p+0,AVAILABLE,WITHHELD_UNCERTAINTY
1ebda8f2f62e9025459070ee8a05383f2439f0d64e8bdd7f5782d289555c46d0,MONASH,-5132,charm_plus_anticharm_constituent_count,raw_count,count,0x0.0p+0,AVAILABLE,WITHHELD_UNCERTAINTY
e6b413ac0f23a7276c9c01cc53e0d4a496d985f8e7b4b871d70dae499a5f8cc3,CLOSEPACKING,-5132,charm_plus_anticharm_constituent_count,raw_weighted_sum,weighted_count,0x0.0p+0,AVAILABLE,WITHHELD_UNCERTAINTY
3a46e8a294ab919be473dc43f567e4ce80074b33d775b5db7d004a6bbe70083c,JUNCTIONS,-5132,charm_plus_anticharm_constituent_count,raw_weighted_sum,weighted_count,0x0.0p+0,AVAILABLE,WITHHELD_UNCERTAINTY
c32c6ed6dce2b803fd7067eddbf9877a65c004428a5ef3a6dafe4bcf1e2194ab,MONASH,-5132,charm_plus_anticharm_constituent_count,raw_weighted_sum,weighted_count,0x0.0p+0,AVAILABLE,WITHHELD_UNCERTAINTY
518bca51d341315532855abedd916997de5a2b0dfd81a8cd8327f69113945db1,CLOSEPACKING,-5132,hadron_count,normalized_yield,per_event,0x1.706166f831aa7p-10,AVAILABLE,AVAILABLE
05c02402c023398fa61f686ca9afe52834d065beec3a249e0ea95d8dec7ddf8c,JUNCTIONS,-5132,hadron_count,normalized_yield,per_event,0x1.455f85a19510ap-10,AVAILABLE,AVAILABLE
f3b94cda7b7073683cc7e03824d3205c0efa7e8cf9f5e9d831b505467b57d2f4,MONASH,-5132,hadron_count,normalized_yield,per_event,0x1.26689f7bb0d07p-11,AVAILABLE,AVAILABLE
d304d5a751a7b363318db4ad400c9307e17d5f2f468521f80987a9dca3e0d405,CLOSEPACKING,-5132,hadron_count,raw_count,count,0x1.1277000000000p+17,AVAILABLE,WITHHELD_UNCERTAINTY
374a674cc70bab76d1d8f45ddae7725f2949fdc6472e4b9ed15d50bd675253a2,JUNCTIONS,-5132,hadron_count,raw_count,count,0x1.e4d8000000000p+16,AVAILABLE,WITHHELD_UNCERTAINTY
102c723f342d647f44b23038b129e6a6cac58c1d1a9ade21e949df33c09bb61d,MONASH,-5132,hadron_count,raw_count,count,0x1.b6b4000000000p+15,AVAILABLE,WITHHELD_UNCERTAINTY
c11b3e96f942372a3e141c88df3df08ff095a2aa30bcad1418fe5d7c42443f10,CLOSEPACKING,-5132,hadron_count,raw_weighted_sum,weighted_count,0x1.1277000000000p+17,AVAILABLE,WITHHELD_UNCERTAINTY
994addd8989a16dd7728b07be68f585df791e8f29a31dd21fcfb39a74772bd42,JUNCTIONS,-5132,hadron_count,raw_weighted_sum,weighted_count,0x1.e4d8000000000p+16,AVAILABLE,WITHHELD_UNCERTAINTY
cf5cac51050ed5ec309b403b7a8cc2c466080e1bbb998d52364e693b1bffbdec,MONASH,-5132,hadron_count,raw_weighted_sum,weighted_count,0x1.b6b4000000000p+15,AVAILABLE,WITHHELD_UNCERTAINTY
2f487e183fd16da9f163d84559ebc7263cbdf4e08544abcfe61752af74389a89,CLOSEPACKING,-5142,beauty_plus_antibeauty_constituent_count,raw_count,count,0x1.e700000000000p+11,AVAILABLE,WITHHELD_UNCERTAINTY
8beeb28ebd7814ac94a7b08bf7a8e01951c782cc2360722c2e11ca889e067e09,JUNCTIONS,-5142,beauty_plus_antibeauty_constituent_count,raw_count,count,0x1.f1e0000000000p+11,AVAILABLE,WITHHELD_UNCERTAINTY
46df3ed66722745b1f2bfd99a403b21519edc8cfdd6d42e65c6a9ac72cfe0f31,MONASH,-5142,beauty_plus_antibeauty_constituent_count,raw_count,count,0x0.0p+0,AVAILABLE,WITHHELD_UNCERTAINTY
167e0e1b60c0c3499916f9880c62ab02d4ae41982c23a9b22ea0c1fdd1f15b92,CLOSEPACKING,-5142,beauty_plus_antibeauty_constituent_count,raw_weighted_sum,weighted_count,0x1.e700000000000p+11,AVAILABLE,WITHHELD_UNCERTAINTY
db60acc15d35003523b6b293bd395a2270bb1d5d75e424463edc7972f879a9ec,JUNCTIONS,-5142,beauty_plus_antibeauty_constituent_count,raw_weighted_sum,weighted_count,0x1.f1e0000000000p+11,AVAILABLE,WITHHELD_UNCERTAINTY
3c31edd36f7adfe0d5cc43d4c0f1b9a77174d6edc5e2fb7c1017575fd34c2e33,MONASH,-5142,beauty_plus_antibeauty_constituent_count,raw_weighted_sum,weighted_count,0x0.0p+0,AVAILABLE,WITHHELD_UNCERTAINTY
43e3b085ada25d8deb14fdb0768963b7ace8b2bf2c2f10e47270e4a7307e6637,CLOSEPACKING,-5142,charm_plus_anticharm_constituent_count,raw_count,count,0x1.e700000000000p+11,AVAILABLE,WITHHELD_UNCERTAINTY
a2d87d8c6789a79530e0b85a7edd7de78876b1cbd5730b72b07412f1c929784b,JUNCTIONS,-5142,charm_plus_anticharm_constituent_count,raw_count,count,0x1.f1e0000000000p+11,AVAILABLE,WITHHELD_UNCERTAINTY
783700eb9d8424b6d144bce9b11b40c71839df64420e211bfd4cf2e8bb728e1a,MONASH,-5142,charm_plus_anticharm_constituent_count,raw_count,count,0x0.0p+0,AVAILABLE,WITHHELD_UNCERTAINTY
0825d0bbb97def8201c602f53cbf03440889b25b7cd3d8c7f6301459254a3c50,CLOSEPACKING,-5142,charm_plus_anticharm_constituent_count,raw_weighted_sum,weighted_count,0x1.e700000000000p+11,AVAILABLE,WITHHELD_UNCERTAINTY
e00f561de42e1433632507844042dec5324f68312fdf1c8fe751eaa8246adb73,JUNCTIONS,-5142,charm_plus_anticharm_constituent_count,raw_weighted_sum,weighted_count,0x1.f1e0000000000p+11,AVAILABLE,WITHHELD_UNCERTAINTY
2cfbf63c8e1f4919b1bb8136126ec9241cf875a2ea667ff5bbd34dc9f798aacf,MONASH,-5142,charm_plus_anticharm_constituent_count,raw_weighted_sum,weighted_count,0x0.0p+0,AVAILABLE,WITHHELD_UNCERTAINTY
96ac7ded7dcf319d08f1423c5851905b4b07fa11ad0341b3961ec866fb779c25,CLOSEPACKING,-5142,hadron_count,normalized_yield,per_event,0x1.46d1f68252d61p-15,AVAILABLE,AVAILABLE
a8c3137fab9580f9669b7c9ee83c64399237b009a20f75c3ac44f205321d0244,JUNCTIONS,-5142,hadron_count,normalized_yield,per_event,0x1.4e1e46113155cp-15,AVAILABLE,AVAILABLE
ab6949fba80a0609112092f70bce4de7df84003ce6b27ca0fbf9c30f86fb2ed9,MONASH,-5142,hadron_count,normalized_yield,per_event,0x0.0p+0,AVAILABLE,AVAILABLE_ZERO_DISPERSION
5e096b50cb9f79d73e26731861d4b49954d83eda05fc2408901ba65ac08b1ae5,CLOSEPACKING,-5142,hadron_count,raw_count,count,0x1.e700000000000p+11,AVAILABLE,WITHHELD_UNCERTAINTY
05f544afbd6a777db0236e549cba7448cf3e43b014ba99653bcf9ca38871df6e,JUNCTIONS,-5142,hadron_count,raw_count,count,0x1.f1e0000000000p+11,AVAILABLE,WITHHELD_UNCERTAINTY
9e76e1ef06c04cf92374c18e3d0b930f4d25431affb9adf49009dffb456bf855,MONASH,-5142,hadron_count,raw_count,count,0x0.0p+0,AVAILABLE,WITHHELD_UNCERTAINTY
4d32dc43959cab01c046410dca57954b62eb5d7aecb4a4e1751f08e96244b2e9,CLOSEPACKING,-5142,hadron_count,raw_weighted_sum,weighted_count,0x1.e700000000000p+11,AVAILABLE,WITHHELD_UNCERTAINTY
f7af3bd576c76fa8d5fd6681725b3455ba9a73141e51e1fc31fb36edc7acf388,JUNCTIONS,-5142,hadron_count,raw_weighted_sum,weighted_count,0x1.f1e0000000000p+11,AVAILABLE,WITHHELD_UNCERTAINTY
b33d9217dfee682adfb7ac52fe17bc89f1763aac3f484d0ff8b50fbad06e79cb,MONASH,-5142,hadron_count,raw_weighted_sum,weighted_count,0x0.0p+0,AVAILABLE,WITHHELD_UNCERTAINTY
1ebe2b333694b85dc669ef6bf9a0ea34b97c3ba987f416c3ac29ffc0ca38a6ad,CLOSEPACKING,-521,beauty_plus_antibeauty_constituent_count,raw_count,count,0x1.4141f00000000p+20,AVAILABLE,WITHHELD_UNCERTAINTY
7af21985c14df73be5a6eb4642fb13a36fc69ff756217f6eb33a72bcaab6ef63,JUNCTIONS,-521,beauty_plus_antibeauty_constituent_count,raw_count,count,0x1.478f600000000p+20,AVAILABLE,WITHHELD_UNCERTAINTY
2524e3dfd6ddcaeb27d0fa6c9f030ceecfa173e26ee00ad37be243033ecd1334,MONASH,-521,beauty_plus_antibeauty_constituent_count,raw_count,count,0x1.c227700000000p+20,AVAILABLE,WITHHELD_UNCERTAINTY
6189a346392258730ae2282d0d6d727d4a1f7eb259812163ea777e2be327b795,CLOSEPACKING,-521,beauty_plus_antibeauty_constituent_count,raw_weighted_sum,weighted_count,0x1.4141f00000000p+20,AVAILABLE,WITHHELD_UNCERTAINTY
3ef5579f497169934b503d02a12b5920f03800b135c48501f7b2877067b6e76b,JUNCTIONS,-521,beauty_plus_antibeauty_constituent_count,raw_weighted_sum,weighted_count,0x1.478f600000000p+20,AVAILABLE,WITHHELD_UNCERTAINTY
fa5d6eea35e3fad29ff35a371723564f8a135785b4d023e6bd34e2af1759cb17,MONASH,-521,beauty_plus_antibeauty_constituent_count,raw_weighted_sum,weighted_count,0x1.c227700000000p+20,AVAILABLE,WITHHELD_UNCERTAINTY
705d334207026793e5f8bb6e65e3f078b351ee7015961202ae6a14d152351ec7,CLOSEPACKING,-521,charm_plus_anticharm_constituent_count,raw_count,count,0x0.0p+0,AVAILABLE,WITHHELD_UNCERTAINTY
bebf23d27a7e4a67a9e6f4540c010f3864f8230ad8d6972abf50e455f9545205,JUNCTIONS,-521,charm_plus_anticharm_constituent_count,raw_count,count,0x0.0p+0,AVAILABLE,WITHHELD_UNCERTAINTY
fe4dedb192039f2ed260f0bf11399b171b229453d8600f72b29d23fdd58fc1bd,MONASH,-521,charm_plus_anticharm_constituent_count,raw_count,count,0x0.0p+0,AVAILABLE,WITHHELD_UNCERTAINTY
cd2a4fc8b6171b9c7741f0139d97bfeea7b4b47a94a61f175964be774c3f25a5,CLOSEPACKING,-521,charm_plus_anticharm_constituent_count,raw_weighted_sum,weighted_count,0x0.0p+0,AVAILABLE,WITHHELD_UNCERTAINTY
fdbf117a3f14be7711a17cc525980b01730702feb5510bd2d4c5360f74d17948,JUNCTIONS,-521,charm_plus_anticharm_constituent_count,raw_weighted_sum,weighted_count,0x0.0p+0,AVAILABLE,WITHHELD_UNCERTAINTY
36416e63e11399ba2e160df77214079c1385dc0c71c0d520f38a5a96a16266b6,MONASH,-521,charm_plus_anticharm_constituent_count,raw_weighted_sum,weighted_count,0x0.0p+0,AVAILABLE,WITHHELD_UNCERTAINTY
18443147a8d2b0bb9d606c6d5a7ffd7a8de1a73f832ee649c6344727dcdb4837,CLOSEPACKING,-521,hadron_count,normalized_yield,per_event,0x1.af2f428dc4236p-7,AVAILABLE,AVAILABLE
74d9114c0d06204c4c914e71959c070b242763fda6dcaa6f82c2dc957dcad276,JUNCTIONS,-521,hadron_count,normalized_yield,per_event,0x1.b7a4c7751f10ep-7,AVAILABLE,AVAILABLE
59a34cf1c8ddff260ff83ee3b0127f46cdf69a14d2d6bcd944833d3359a47de4,MONASH,-521,hadron_count,normalized_yield,per_event,0x1.2e17e09c6276cp-6,AVAILABLE,AVAILABLE
7809ff03b760341933ea36731c21e49706f2d8b7686080a2c4b6951eb4f9d273,CLOSEPACKING,-521,hadron_count,raw_count,count,0x1.4141f00000000p+20,AVAILABLE,WITHHELD_UNCERTAINTY
de5163f3a42bb0554931e06efed2f83040315bfe2a54b12f3552c9f43a980395,JUNCTIONS,-521,hadron_count,raw_count,count,0x1.478f600000000p+20,AVAILABLE,WITHHELD_UNCERTAINTY
a43a5a5af799c203f8dc55ee213d42bba618d9193abdd55087080c72431d5626,MONASH,-521,hadron_count,raw_count,count,0x1.c227700000000p+20,AVAILABLE,WITHHELD_UNCERTAINTY
feeb6dc8f88aff6cefe5d33d572183c5a63f5951e292b59644d66ffb861629c8,CLOSEPACKING,-521,hadron_count,raw_weighted_sum,weighted_count,0x1.4141f00000000p+20,AVAILABLE,WITHHELD_UNCERTAINTY
09ae9ca9bc8ac25d6eb6c0fe8807ea66182436b576e5a3ce435e9586a2e5462c,JUNCTIONS,-521,hadron_count,raw_weighted_sum,weighted_count,0x1.478f600000000p+20,AVAILABLE,WITHHELD_UNCERTAINTY
8f40ed866dbb59b174bdfec1ba6ae7898a9a595d2334fc33293f5517828f9a98,MONASH,-521,hadron_count,raw_weighted_sum,weighted_count,0x1.c227700000000p+20,AVAILABLE,WITHHELD_UNCERTAINTY
f5935c97a54bec2a36026b339a25a0b6b8075d59e6c219d1eee4650f3e12d008,CLOSEPACKING,-5212,beauty_plus_antibeauty_constituent_count,raw_count,count,0x1.09b6c00000000p+19,AVAILABLE,WITHHELD_UNCERTAINTY
43841f6df8f34ee5e7c3e4509b42aa8849e844f8d31a0022d51c570b60f6725e,JUNCTIONS,-5212,beauty_plus_antibeauty_constituent_count,raw_count,count,0x1.c860400000000p+19,AVAILABLE,WITHHELD_UNCERTAINTY
b0a597b13723e69269094877a87e6cc2fc8aa7c587f9b76725bd55def05c29a1,MONASH,-5212,beauty_plus_antibeauty_constituent_count,raw_count,count,0x1.3d9c000000000p+14,AVAILABLE,WITHHELD_UNCERTAINTY
b2a546c523e112ce2b990e8a995067273065990a5f2284a7c21445703627a504,CLOSEPACKING,-5212,beauty_plus_antibeauty_constituent_count,raw_weighted_sum,weighted_count,0x1.09b6c00000000p+19,AVAILABLE,WITHHELD_UNCERTAINTY
6a5108b543046c34e161fcad5b5f5ef60ab491f5744bce6260f22159bdf21787,JUNCTIONS,-5212,beauty_plus_antibeauty_constituent_count,raw_weighted_sum,weighted_count,0x1.c860400000000p+19,AVAILABLE,WITHHELD_UNCERTAINTY
624ffaba58d324437284b990696e3169a51290a9ed4644235de8738fa3bd80b8,MONASH,-5212,beauty_plus_antibeauty_constituent_count,raw_weighted_sum,weighted_count,0x1.3d9c000000000p+14,AVAILABLE,WITHHELD_UNCERTAINTY
fe65bca5c1529e69aad0a790419eba854919631fdfeabfcbbcc2e3534bf84e87,CLOSEPACKING,-5212,charm_plus_anticharm_constituent_count,raw_count,count,0x0.0p+0,AVAILABLE,WITHHELD_UNCERTAINTY
220ef588883b0889520691b819ece509708f38159dc6373ca927d37cdb2f7dc5,JUNCTIONS,-5212,charm_plus_anticharm_constituent_count,raw_count,count,0x0.0p+0,AVAILABLE,WITHHELD_UNCERTAINTY
177adb1487ae4e4e28e8ab6e8c7b774a364436764b5374921697a5502fa3e66d,MONASH,-5212,charm_plus_anticharm_constituent_count,raw_count,count,0x0.0p+0,AVAILABLE,WITHHELD_UNCERTAINTY
165b15ab4b615f2e3c460edf06d25510419efcd89d48bb955e5054e853ff71d8,CLOSEPACKING,-5212,charm_plus_anticharm_constituent_count,raw_weighted_sum,weighted_count,0x0.0p+0,AVAILABLE,WITHHELD_UNCERTAINTY
8bbfbccf6be5172ee40392601df1b5017a8dc837204dbb7a9e07938f3c11c668,JUNCTIONS,-5212,charm_plus_anticharm_constituent_count,raw_weighted_sum,weighted_count,0x0.0p+0,AVAILABLE,WITHHELD_UNCERTAINTY
0d2c56442bdfefb7fd917d304d49401147e0ddd2031482729e805b56146d0b94,MONASH,-5212,charm_plus_anticharm_constituent_count,raw_weighted_sum,weighted_count,0x0.0p+0,AVAILABLE,WITHHELD_UNCERTAINTY
f81e6cba589a8ed1c2777c94dc1cd9a1f209aa38afebb0281d92d6d4da4d6474,CLOSEPACKING,-5212,hadron_count,normalized_yield,per_event,0x1.64a296ee43950p-8,AVAILABLE,AVAILABLE
682f8fab7d8586464c33ba1c7dd814d40959411087192e2442ef2dcf5505d1a9,JUNCTIONS,-5212,hadron_count,normalized_yield,per_event,0x1.3244cbb6f8244p-7,AVAILABLE,AVAILABLE
eb63409d2178c7914ec349a478c731431e7c47baaaa73d6922eea451a8689456,MONASH,-5212,hadron_count,normalized_yield,per_event,0x1.aa49c0127f339p-13,AVAILABLE,AVAILABLE
818810125afbf740f9621410bc79cf6668ac2a71a527e0ab0b4c9ebf3f0a7cb8,CLOSEPACKING,-5212,hadron_count,raw_count,count,0x1.09b6c00000000p+19,AVAILABLE,WITHHELD_UNCERTAINTY
0ba8ecd617790639a33707eb5a649da13f58f6bc7bd37c8207f2fbd44509b886,JUNCTIONS,-5212,hadron_count,raw_count,count,0x1.c860400000000p+19,AVAILABLE,WITHHELD_UNCERTAINTY
9fb950442f0677d3d56bda51375467c020cb878740359d341184c5a76b1d3a21,MONASH,-5212,hadron_count,raw_count,count,0x1.3d9c000000000p+14,AVAILABLE,WITHHELD_UNCERTAINTY
616ee9751a032290a3cd24e64af734ae4ec6aae586583a1c119781367abf1b18,CLOSEPACKING,-5212,hadron_count,raw_weighted_sum,weighted_count,0x1.09b6c00000000p+19,AVAILABLE,WITHHELD_UNCERTAINTY
2af994f669fb1932c8fb53891455d3fce61e45c89c001bba9931be24031e0c05,JUNCTIONS,-5212,hadron_count,raw_weighted_sum,weighted_count,0x1.c860400000000p+19,AVAILABLE,WITHHELD_UNCERTAINTY
2ff3f65805ef353cf1c13a5928b110111e2d9bc95a6ea920d21957ffa3ff6c6a,MONASH,-5212,hadron_count,raw_weighted_sum,weighted_count,0x1.3d9c000000000p+14,AVAILABLE,WITHHELD_UNCERTAINTY
2aa21dd3b9862c98630797c18cc1fcc07fd5e185d7b31f22cecb9898cab76591,CLOSEPACKING,-5214,beauty_plus_antibeauty_constituent_count,raw_count,count,0x1.080e400000000p+19,AVAILABLE,WITHHELD_UNCERTAINTY
61ebb8e143408ec5b3653e2192011efae50ce9bda3a19c5c9fc704787de3fb90,JUNCTIONS,-5214,beauty_plus_antibeauty_constituent_count,raw_count,count,0x1.eff5000000000p+16,AVAILABLE,WITHHELD_UNCERTAINTY
dafc215ea08513e3f8e3d6ed89f7d275f556cb6f75cf0db66503b56b5826b2af,MONASH,-5214,beauty_plus_antibeauty_constituent_count,raw_count,count,0x1.3c5a000000000p+15,AVAILABLE,WITHHELD_UNCERTAINTY
56ab32f90eb9d3653df15fbfbb2c94647e6dc09ab5ad91b333dc763c0a8d1f95,CLOSEPACKING,-5214,beauty_plus_antibeauty_constituent_count,raw_weighted_sum,weighted_count,0x1.080e400000000p+19,AVAILABLE,WITHHELD_UNCERTAINTY
5938c7e58b24d631bf90758dba89f1f385e1dec48964c038d892ea8c111a21e1,JUNCTIONS,-5214,beauty_plus_antibeauty_constituent_count,raw_weighted_sum,weighted_count,0x1.eff5000000000p+16,AVAILABLE,WITHHELD_UNCERTAINTY
3d51e889a448cb43425f90aad74fb891fbc601332ddebdf2efc0f5e08151a02f,MONASH,-5214,beauty_plus_antibeauty_constituent_count,raw_weighted_sum,weighted_count,0x1.3c5a000000000p+15,AVAILABLE,WITHHELD_UNCERTAINTY
5d9f9b4ae68f13863fbe04b5a69ee0380490e4f29f052e392abddec7715ab8d9,CLOSEPACKING,-5214,charm_plus_anticharm_constituent_count,raw_count,count,0x0.0p+0,AVAILABLE,WITHHELD_UNCERTAINTY
eef16067f932a2402afe16422f67bc1ea5868ea245d1d6cbeb2209a8b1e3b17f,JUNCTIONS,-5214,charm_plus_anticharm_constituent_count,raw_count,count,0x0.0p+0,AVAILABLE,WITHHELD_UNCERTAINTY
edfb7ff5e4264fddafe332a79ef051febab3f76cd0a49115a5af1f7b60e07624,MONASH,-5214,charm_plus_anticharm_constituent_count,raw_count,count,0x0.0p+0,AVAILABLE,WITHHELD_UNCERTAINTY
0cceb714000041db9b489754c10dfaefac449d7356a074d3a9f256c9ee5f73e4,CLOSEPACKING,-5214,charm_plus_anticharm_constituent_count,raw_weighted_sum,weighted_count,0x0.0p+0,AVAILABLE,WITHHELD_UNCERTAINTY
7cc848009365116defe1bf4e3c0767f0ddb44d316a9f622ac7188605508dae11,JUNCTIONS,-5214,charm_plus_anticharm_constituent_count,raw_weighted_sum,weighted_count,0x0.0p+0,AVAILABLE,WITHHELD_UNCERTAINTY
21119d725cce172786f89397697edcf09c092f0477eb4b96d065dc9bdd1cba16,MONASH,-5214,charm_plus_anticharm_constituent_count,raw_weighted_sum,weighted_count,0x0.0p+0,AVAILABLE,WITHHELD_UNCERTAINTY
8caf073c45604b3fd6b2c27bedf3bea007d41dd2495b056dcd3dc571c732eab9,CLOSEPACKING,-5214,hadron_count,normalized_yield,per_event,0x1.6268d5d7627cfp-8,AVAILABLE,AVAILABLE
abdeb8c1171a0812240fdc77717c85cda30d7dcb2c4436bce4b0cb9036528256,JUNCTIONS,-5214,hadron_count,normalized_yield,per_event,0x1.4cd4c4e8d2bcdp-10,AVAILABLE,AVAILABLE
9ce6dfce95cb39cf60d238cb87431e6caa6570487f461d61e73d6878a812dce1,MONASH,-5214,hadron_count,normalized_yield,per_event,0x1.a89991b6f7229p-12,AVAILABLE,AVAILABLE
0ce7b158292d3c00968c06bbfa7909986f6c3859d866b16dcd234dbf4ab99b67,CLOSEPACKING,-5214,hadron_count,raw_count,count,0x1.080e400000000p+19,AVAILABLE,WITHHELD_UNCERTAINTY
633ecb7c2f354f470bd0aacc4621805d48830c922f34d8d35ddd9a73f9155a14,JUNCTIONS,-5214,hadron_count,raw_count,count,0x1.eff5000000000p+16,AVAILABLE,WITHHELD_UNCERTAINTY
b578c3993e3a08dbd668b1afe1b5ab405fcb05438a07e140d975d125571c72f1,MONASH,-5214,hadron_count,raw_count,count,0x1.3c5a000000000p+15,AVAILABLE,WITHHELD_UNCERTAINTY
85daff91a1197da440fd2f2a9e477f8ffee7b5996b1be84ef3d2fd1541057f6f,CLOSEPACKING,-5214,hadron_count,raw_weighted_sum,weighted_count,0x1.080e400000000p+19,AVAILABLE,WITHHELD_UNCERTAINTY
7dc27a37a211b84ed09406a4c98459d5e799fd44a442c96c470aeec7cdfcf5c1,JUNCTIONS,-5214,hadron_count,raw_weighted_sum,weighted_count,0x1.eff5000000000p+16,AVAILABLE,WITHHELD_UNCERTAINTY
888e6aa1a930ff0395bfea983272d96092040401b45728dded9d12eeb8325db5,MONASH,-5214,hadron_count,raw_weighted_sum,weighted_count,0x1.3c5a000000000p+15,AVAILABLE,WITHHELD_UNCERTAINTY
4708b018047d932ad9419bd7cbe538697ae8cc4298d0b87b00080c4933f5ca03,CLOSEPACKING,-5222,beauty_plus_antibeauty_constituent_count,raw_count,count,0x1.c0d6400000000p+18,AVAILABLE,WITHHELD_UNCERTAINTY
d7883fc59acb652d5f620fa8abf527c6386dfe1840b735d9fa76b4e269bde22a,JUNCTIONS,-5222,beauty_plus_antibeauty_constituent_count,raw_count,count,0x1.9947200000000p+19,AVAILABLE,WITHHELD_UNCERTAINTY
0b9f5e1e2be9ffbfba9dc2ae4d5faa1b72605de159589b38f81019ecf7c683d1,MONASH,-5222,beauty_plus_antibeauty_constituent_count,raw_count,count,0x1.3f90000000000p+14,AVAILABLE,WITHHELD_UNCERTAINTY
89125396722e290a17d0263d2a65dfec3050e0d7150bdf01ae6951438d6a747c,CLOSEPACKING,-5222,beauty_plus_antibeauty_constituent_count,raw_weighted_sum,weighted_count,0x1.c0d6400000000p+18,AVAILABLE,WITHHELD_UNCERTAINTY
ec2920f2e9d965fa8842ff5f9c32319629f88ed6bb52b09df9aebabccde76425,JUNCTIONS,-5222,beauty_plus_antibeauty_constituent_count,raw_weighted_sum,weighted_count,0x1.9947200000000p+19,AVAILABLE,WITHHELD_UNCERTAINTY
a31568f658993009891f61deb2a3c228fc453b34be3d014f5e622fe2a247cf7b,MONASH,-5222,beauty_plus_antibeauty_constituent_count,raw_weighted_sum,weighted_count,0x1.3f90000000000p+14,AVAILABLE,WITHHELD_UNCERTAINTY
312adaccb336f59e0c0def9799fe70ca10cf81e03bcb887619257cda2380bb50,CLOSEPACKING,-5222,charm_plus_anticharm_constituent_count,raw_count,count,0x0.0p+0,AVAILABLE,WITHHELD_UNCERTAINTY
cbeaaa7087321b6f4d45f42d093b0127514792394681f8c63841393724ca365a,JUNCTIONS,-5222,charm_plus_anticharm_constituent_count,raw_count,count,0x0.0p+0,AVAILABLE,WITHHELD_UNCERTAINTY
803213ac9bbaf00869f206780fff82f3c2c576e5a73e94867858024f657be0bf,MONASH,-5222,charm_plus_anticharm_constituent_count,raw_count,count,0x0.0p+0,AVAILABLE,WITHHELD_UNCERTAINTY
2d69bfb96a328d43bc774d83c480f69e7ed94c6023542b867efe90506de60051,CLOSEPACKING,-5222,charm_plus_anticharm_constituent_count,raw_weighted_sum,weighted_count,0x0.0p+0,AVAILABLE,WITHHELD_UNCERTAINTY
457340729daab2af61631a0377afe567af86224aad8ffcfc492358afe6418952,JUNCTIONS,-5222,charm_plus_anticharm_constituent_count,raw_weighted_sum,weighted_count,0x0.0p+0,AVAILABLE,WITHHELD_UNCERTAINTY
246feae0c4401a3da8d5858fdc9f1d51c55460ad381ea2e92ea55f37f87f9563,MONASH,-5222,charm_plus_anticharm_constituent_count,raw_weighted_sum,weighted_count,0x0.0p+0,AVAILABLE,WITHHELD_UNCERTAINTY
22dd26b868c5d122780d43f2028a62a5802167788cf801b90d99ca2bcf7e4d99,CLOSEPACKING,-5222,hadron_count,normalized_yield,per_event,0x1.2d35983d4e143p-8,AVAILABLE,AVAILABLE
0d75d413806c35c21008a7bc81835dedc8e02030229d978a612760d3a29df610,JUNCTIONS,-5222,hadron_count,normalized_yield,per_event,0x1.12a96569913e3p-7,AVAILABLE,AVAILABLE
d5b16c9e70663049677c3e8002976f8464ed5cd146e54404148a7ecf6fdf393f,MONASH,-5222,hadron_count,normalized_yield,per_event,0x1.ace8d6c39ba0bp-13,AVAILABLE,AVAILABLE
6cae8424ec9250d2d5cbdcb6ca5c898731105a0fb1e8e220aa527ed92784b6b2,CLOSEPACKING,-5222,hadron_count,raw_count,count,0x1.c0d6400000000p+18,AVAILABLE,WITHHELD_UNCERTAINTY
a16aa4f03e0aa90f9c5bebb193cbbfd7a63f0198d5ce0874dc05740828b737e7,JUNCTIONS,-5222,hadron_count,raw_count,count,0x1.9947200000000p+19,AVAILABLE,WITHHELD_UNCERTAINTY
78ec9febc12a4827d9335f719b4a34ff510dc303713af53f9464dc4409e9b8b6,MONASH,-5222,hadron_count,raw_count,count,0x1.3f90000000000p+14,AVAILABLE,WITHHELD_UNCERTAINTY
aafa8a840b595f37c29b731b1c8ba7e152be2e13aaeebb19f88179f260c12059,CLOSEPACKING,-5222,hadron_count,raw_weighted_sum,weighted_count,0x1.c0d6400000000p+18,AVAILABLE,WITHHELD_UNCERTAINTY
4f3432ceed3e8af61e71d6fe5c3df3696d4cb91c60cc2442d4b5c76d1b030daa,JUNCTIONS,-5222,hadron_count,raw_weighted_sum,weighted_count,0x1.9947200000000p+19,AVAILABLE,WITHHELD_UNCERTAINTY
ca5733b4acef85f6118b2027cbe8c04c1c98d44ba9c1494785329495247535fc,MONASH,-5222,hadron_count,raw_weighted_sum,weighted_count,0x1.3f90000000000p+14,AVAILABLE,WITHHELD_UNCERTAINTY
2428b63b6262de79c255e8a85ae8a927779f9e9dc4aaf88da9026ae5c9415233,CLOSEPACKING,-5224,beauty_plus_antibeauty_constituent_count,raw_count,count,0x1.b56dc00000000p+18,AVAILABLE,WITHHELD_UNCERTAINTY
9eaaa5c477991eae42e57aacc4721b5b12eb1502cd7c67cf2b8ac2084be0f781,JUNCTIONS,-5224,beauty_plus_antibeauty_constituent_count,raw_count,count,0x1.da3a000000000p+16,AVAILABLE,WITHHELD_UNCERTAINTY
151b9b009792f79137aeceb2e264eef3425d767264ea337f08e1a3b0d1747c46,MONASH,-5224,beauty_plus_antibeauty_constituent_count,raw_count,count,0x1.3cc2000000000p+15,AVAILABLE,WITHHELD_UNCERTAINTY
af7d65b754e1af22499b4b9fcf720c3a53a35d94d41793b8ab6fb69754da25d8,CLOSEPACKING,-5224,beauty_plus_antibeauty_constituent_count,raw_weighted_sum,weighted_count,0x1.b56dc00000000p+18,AVAILABLE,WITHHELD_UNCERTAINTY
41e363c603f9e67a0fc5df5145139f5721468abebb13ff869f78193058067bbd,JUNCTIONS,-5224,beauty_plus_antibeauty_constituent_count,raw_weighted_sum,weighted_count,0x1.da3a000000000p+16,AVAILABLE,WITHHELD_UNCERTAINTY
7b376e224dcf84c26eed55465a26bc03c98e3873c3b15f715c53b5b9fdfd7a92,MONASH,-5224,beauty_plus_antibeauty_constituent_count,raw_weighted_sum,weighted_count,0x1.3cc2000000000p+15,AVAILABLE,WITHHELD_UNCERTAINTY
707c76aebe78b2a583ba1a9ec558606b97d48a15a30820c58ead1867b86d7aa5,CLOSEPACKING,-5224,charm_plus_anticharm_constituent_count,raw_count,count,0x0.0p+0,AVAILABLE,WITHHELD_UNCERTAINTY
a315725f1f575bd3ace8b829524fbb438217981d0939d77481044758d75af877,JUNCTIONS,-5224,charm_plus_anticharm_constituent_count,raw_count,count,0x0.0p+0,AVAILABLE,WITHHELD_UNCERTAINTY
c9736b7580ffb8c69e6f065f05d5a9fcdb97a077bf9c7820f4e8410c6af9ccf0,MONASH,-5224,charm_plus_anticharm_constituent_count,raw_count,count,0x0.0p+0,AVAILABLE,WITHHELD_UNCERTAINTY
b1d800b17f370318c6234a507b198f19fec6c98026113c77da9cb94b1739703a,CLOSEPACKING,-5224,charm_plus_anticharm_constituent_count,raw_weighted_sum,weighted_count,0x0.0p+0,AVAILABLE,WITHHELD_UNCERTAINTY
f12fedd4bb01dc8988ef0a8ddf821c64d196368d0fb581c4bcb271dd3561ca7a,JUNCTIONS,-5224,charm_plus_anticharm_constituent_count,raw_weighted_sum,weighted_count,0x0.0p+0,AVAILABLE,WITHHELD_UNCERTAINTY
fabcf0222b48cef519d2d939f4f3c317975d199d878e758d8e5ad4453e371cd5,MONASH,-5224,charm_plus_anticharm_constituent_count,raw_weighted_sum,weighted_count,0x0.0p+0,AVAILABLE,WITHHELD_UNCERTAINTY
cef0e30ea11fec2b90cddc1f8f17a6fb6431fc33ba0fbf1b4eb9acd85ba123cd,CLOSEPACKING,-5224,hadron_count,normalized_yield,per_event,0x1.258dae28f2bd7p-8,AVAILABLE,AVAILABLE
1be599b6700a2da8c7cc0b7c11cdc4e958d92bd0587fa13ad1209e9a3bc3b46a,JUNCTIONS,-5224,hadron_count,normalized_yield,per_event,0x1.3e3f80c969151p-10,AVAILABLE,AVAILABLE
52aa404d2e7c9675ddce516c83a7a4c98b706725059ca0252f9a26c1032d77e9,MONASH,-5224,hadron_count,normalized_yield,per_event,0x1.a92527d7b55e2p-12,AVAILABLE,AVAILABLE
f6333757d99fa7922df0d573479bc18b5a713683552fa698d57ce0bd32ca5af3,CLOSEPACKING,-5224,hadron_count,raw_count,count,0x1.b56dc00000000p+18,AVAILABLE,WITHHELD_UNCERTAINTY
ba06b7fd8030c8839395948b268b02066c77f6e3b36960f614ae64017238d490,JUNCTIONS,-5224,hadron_count,raw_count,count,0x1.da3a000000000p+16,AVAILABLE,WITHHELD_UNCERTAINTY
838bff43309331c32d069ea9af73f57249fae0e610e3ae0f94594ef48996121e,MONASH,-5224,hadron_count,raw_count,count,0x1.3cc2000000000p+15,AVAILABLE,WITHHELD_UNCERTAINTY
6b9e6692bf385e53afcc04fd075c33557d170cfedae3bf5c20c56646f4aff418,CLOSEPACKING,-5224,hadron_count,raw_weighted_sum,weighted_count,0x1.b56dc00000000p+18,AVAILABLE,WITHHELD_UNCERTAINTY
0a132788ee615e5b3b743b440d66f4a24fe1e8ac96727377e41d7df9720583d0,JUNCTIONS,-5224,hadron_count,raw_weighted_sum,weighted_count,0x1.da3a000000000p+16,AVAILABLE,WITHHELD_UNCERTAINTY
e685f6a26bc6cb3a7ae1c7fcc14a41173f9d0949498950b2b9d1f247d49c628c,MONASH,-5224,hadron_count,raw_weighted_sum,weighted_count,0x1.3cc2000000000p+15,AVAILABLE,WITHHELD_UNCERTAINTY
f35bbaf6c56f2a86c38df52a9767139bcc22211fc3ea197b4c5789cfe736f7da,CLOSEPACKING,-523,beauty_plus_antibeauty_constituent_count,raw_count,count,0x1.5c7e280000000p+21,AVAILABLE,WITHHELD_UNCERTAINTY
c9ea13962cd392d27f5f48057ac5b32045a159eb6778c2f89f51c1f408120dc2,JUNCTIONS,-523,beauty_plus_antibeauty_constituent_count,raw_count,count,0x1.63a6580000000p+21,AVAILABLE,WITHHELD_UNCERTAINTY
38cc93d4dfad12983c946576b177ff44ff74d7557b5db9ac3559e74bb95514ef,MONASH,-523,beauty_plus_antibeauty_constituent_count,raw_count,count,0x1.edc8e80000000p+21,AVAILABLE,WITHHELD_UNCERTAINTY
278152a3371227cec55053e6b0231997689f48e279dec9d6dda285856665697f,CLOSEPACKING,-523,beauty_plus_antibeauty_constituent_count,raw_weighted_sum,weighted_count,0x1.5c7e280000000p+21,AVAILABLE,WITHHELD_UNCERTAINTY
e0579ebf14ee0160d636ea111f7fc218413f9b3680564d1f72c6b97b46a223f9,JUNCTIONS,-523,beauty_plus_antibeauty_constituent_count,raw_weighted_sum,weighted_count,0x1.63a6580000000p+21,AVAILABLE,WITHHELD_UNCERTAINTY
065bcbefc60ff48e2542055643544c927abc425fbfe6011ec7e25d320157c1a5,MONASH,-523,beauty_plus_antibeauty_constituent_count,raw_weighted_sum,weighted_count,0x1.edc8e80000000p+21,AVAILABLE,WITHHELD_UNCERTAINTY
58041202dab3bedf2926abe4a466191af8b330adb63ddb11a58cc3dd0073fcd6,CLOSEPACKING,-523,charm_plus_anticharm_constituent_count,raw_count,count,0x0.0p+0,AVAILABLE,WITHHELD_UNCERTAINTY
dd49896d8a982cc84d39f2017c0e8f18419e84fcc5c202754bad7863c85e76a0,JUNCTIONS,-523,charm_plus_anticharm_constituent_count,raw_count,count,0x0.0p+0,AVAILABLE,WITHHELD_UNCERTAINTY
bb6d54edb99f44eca857860b9838941f869574265ce73683b62d6fba0bfd75d2,MONASH,-523,charm_plus_anticharm_constituent_count,raw_count,count,0x0.0p+0,AVAILABLE,WITHHELD_UNCERTAINTY
fc633e4ce33a0c31777c6e7d19bec0ffac779cab84d59b6567f44bb5bcc7d07e,CLOSEPACKING,-523,charm_plus_anticharm_constituent_count,raw_weighted_sum,weighted_count,0x0.0p+0,AVAILABLE,WITHHELD_UNCERTAINTY
cc853dbea8670de444c5f42d3e00471988df27a5b4582471e43929c15e9d1b97,JUNCTIONS,-523,charm_plus_anticharm_constituent_count,raw_weighted_sum,weighted_count,0x0.0p+0,AVAILABLE,WITHHELD_UNCERTAINTY
96f686a8b024c756db7397943449d419662b22f71ea8b4e92dfd82a2dcb2af8b,MONASH,-523,charm_plus_anticharm_constituent_count,raw_weighted_sum,weighted_count,0x0.0p+0,AVAILABLE,WITHHELD_UNCERTAINTY
cb3e00c07638bdb3dbc42fe69e0e6f7b9821db1b8f02b5e1c9bd21dd07a32d89,CLOSEPACKING,-523,hadron_count,normalized_yield,per_event,0x1.d3bd36acba5dbp-6,AVAILABLE,AVAILABLE
889d83d43c8890e10541768f8be2cb10384a12cbe3128f0e81e4dc7ed32cb2e9,JUNCTIONS,-523,hadron_count,normalized_yield,per_event,0x1.dd58558191bb0p-6,AVAILABLE,AVAILABLE
fe58dc72426429df0e69bc928ee8201883641e1423d60a168a9ee16fdbc66f1d,MONASH,-523,hadron_count,normalized_yield,per_event,0x1.4b5f94bb0d87ap-5,AVAILABLE,AVAILABLE
c7b853ab45971b3084da5c46060adb4a70f284abf1b8ce304f4fb9767eb8049a,CLOSEPACKING,-523,hadron_count,raw_count,count,0x1.5c7e280000000p+21,AVAILABLE,WITHHELD_UNCERTAINTY
adf1fb4f88c662aafa0c3cf36c8553102bf44b4f1d2fe88c3d3c83059fd3a6c1,JUNCTIONS,-523,hadron_count,raw_count,count,0x1.63a6580000000p+21,AVAILABLE,WITHHELD_UNCERTAINTY
74828e18db7d0c05ec4d7941de947616b9d3053c17bdb5b7a1439738a8016dab,MONASH,-523,hadron_count,raw_count,count,0x1.edc8e80000000p+21,AVAILABLE,WITHHELD_UNCERTAINTY
3264ecdaa08ee8ae9952517f19707c1cd6cc86c2ad86166cc937a52b60b72050,CLOSEPACKING,-523,hadron_count,raw_weighted_sum,weighted_count,0x1.5c7e280000000p+21,AVAILABLE,WITHHELD_UNCERTAINTY
0b4c035a3450dfc8553ed5aabf95fe6f75cc0963dc17e6eafebe100d0d69be69,JUNCTIONS,-523,hadron_count,raw_weighted_sum,weighted_count,0x1.63a6580000000p+21,AVAILABLE,WITHHELD_UNCERTAINTY
2b6fd487bf878bc9bcc713b135afa0c9df2d93caf64000d32d6ba458d1031981,MONASH,-523,hadron_count,raw_weighted_sum,weighted_count,0x1.edc8e80000000p+21,AVAILABLE,WITHHELD_UNCERTAINTY
978568738ace5c9c17c4d26c937d30fc118c187bbd2755e91be17d1133471880,CLOSEPACKING,-5232,beauty_plus_antibeauty_constituent_count,raw_count,count,0x1.1213800000000p+17,AVAILABLE,WITHHELD_UNCERTAINTY
14e5ac4529573760812a36c55f003ae3d0b65717da7e1e6d2514c50254fc2991,JUNCTIONS,-5232,beauty_plus_antibeauty_constituent_count,raw_count,count,0x1.e48b000000000p+16,AVAILABLE,WITHHELD_UNCERTAINTY
d340cbbc86ba46fef36ced3e3eb29c9e37594b1ede9d23f97ad9401fda04200a,MONASH,-5232,beauty_plus_antibeauty_constituent_count,raw_count,count,0x1.b826000000000p+15,AVAILABLE,WITHHELD_UNCERTAINTY
be72c256250d2735f2bac0652f221b48829024c891ce501facaa062702b3932b,CLOSEPACKING,-5232,beauty_plus_antibeauty_constituent_count,raw_weighted_sum,weighted_count,0x1.1213800000000p+17,AVAILABLE,WITHHELD_UNCERTAINTY
f3158fe24d5bdbfcc8d0577c800d3e07c06a5d80e4442ab7c954f63831e47ed6,JUNCTIONS,-5232,beauty_plus_antibeauty_constituent_count,raw_weighted_sum,weighted_count,0x1.e48b000000000p+16,AVAILABLE,WITHHELD_UNCERTAINTY
7fba6d31d12adb0d63a2cfde533fe0222c5ee07e8a0a562ffa18bfcae8d17408,MONASH,-5232,beauty_plus_antibeauty_constituent_count,raw_weighted_sum,weighted_count,0x1.b826000000000p+15,AVAILABLE,WITHHELD_UNCERTAINTY
500c7a29e28f707c32b957a878a75ad2a3ea98a37fc909ed41caf38328fb6734,CLOSEPACKING,-5232,charm_plus_anticharm_constituent_count,raw_count,count,0x0.0p+0,AVAILABLE,WITHHELD_UNCERTAINTY
366778cd5651ae496f44b48667ba5ed45d94f3f273346f8a471adbd76d0f6f82,JUNCTIONS,-5232,charm_plus_anticharm_constituent_count,raw_count,count,0x0.0p+0,AVAILABLE,WITHHELD_UNCERTAINTY
a3450094830039b8e3bccfaafa0fa4543ec61b43ccdb5279b3994ae14e01861e,MONASH,-5232,charm_plus_anticharm_constituent_count,raw_count,count,0x0.0p+0,AVAILABLE,WITHHELD_UNCERTAINTY
cbc742d286873946159ac88eae62e64b56c0245380a8a9170e7c15d9ce4b4f28,CLOSEPACKING,-5232,charm_plus_anticharm_constituent_count,raw_weighted_sum,weighted_count,0x0.0p+0,AVAILABLE,WITHHELD_UNCERTAINTY
ce9673ebef3a53b9dea6ecdc93865aebc540069ebdde3c0f726aeeb111044079,JUNCTIONS,-5232,charm_plus_anticharm_constituent_count,raw_weighted_sum,weighted_count,0x0.0p+0,AVAILABLE,WITHHELD_UNCERTAINTY
12ba46c8623352125107a0124136bb674e73be2e06b874d8695e2bfb21ac3d88,MONASH,-5232,charm_plus_anticharm_constituent_count,raw_weighted_sum,weighted_count,0x0.0p+0,AVAILABLE,WITHHELD_UNCERTAINTY
cada10101f48798093d2d039097aeab31571128c0b5830a9b1a0ec2dd0afef53,CLOSEPACKING,-5232,hadron_count,normalized_yield,per_event,0x1.6fdbdb07a30c9p-10,AVAILABLE,AVAILABLE
ce0fe991aefe41a42a756c0d9087819fbcf6ca14e04569b0a44fff9b2c723ab3,JUNCTIONS,-5232,hadron_count,normalized_yield,per_event,0x1.452bd921c4cbdp-10,AVAILABLE,AVAILABLE
c69957ce73f8f34900627cf75c39aa080c01da09c0e272c62b4d0060b067b46d,MONASH,-5232,hadron_count,normalized_yield,per_event,0x1.2760ecffc821cp-11,AVAILABLE,AVAILABLE
e5ece8a316ede2c09ffccba3977301ab4014de5f05c7e350d58827b9ea6c4bb2,CLOSEPACKING,-5232,hadron_count,raw_count,count,0x1.1213800000000p+17,AVAILABLE,WITHHELD_UNCERTAINTY
a837d406eccfd8921cfec652bf9e135c4912680e30eccf94be63fe8d4346a5bb,JUNCTIONS,-5232,hadron_count,raw_count,count,0x1.e48b000000000p+16,AVAILABLE,WITHHELD_UNCERTAINTY
4d25d40153274a97c0609b02b494c41413c6b60b73eaace1c0bbd5b87f2cd8df,MONASH,-5232,hadron_count,raw_count,count,0x1.b826000000000p+15,AVAILABLE,WITHHELD_UNCERTAINTY
7f11ef435f781d6baa4605fb9bf360eea8829c87ec0714cf5cb0a98ac8278864,CLOSEPACKING,-5232,hadron_count,raw_weighted_sum,weighted_count,0x1.1213800000000p+17,AVAILABLE,WITHHELD_UNCERTAINTY
781ba67436327b074f1dca1d34f7cb16e14215ffc05f703148975b1aaa1b60db,JUNCTIONS,-5232,hadron_count,raw_weighted_sum,weighted_count,0x1.e48b000000000p+16,AVAILABLE,WITHHELD_UNCERTAINTY
fe8ddaacc12747dcf570403c231e92a565f87da7b9bed840a8c16f07d6a93a9c,MONASH,-5232,hadron_count,raw_weighted_sum,weighted_count,0x1.b826000000000p+15,AVAILABLE,WITHHELD_UNCERTAINTY
c6f03a05cc1c4b81c244a41704f6aa00426c3e4a920bafdad5d5ab55d6d2b0f1,CLOSEPACKING,-5242,beauty_plus_antibeauty_constituent_count,raw_count,count,0x1.d5c0000000000p+11,AVAILABLE,WITHHELD_UNCERTAINTY
bae622c27f0d1fbdc7bda51cab1efdb9588639891983ca887b64c92185d6b65c,JUNCTIONS,-5242,beauty_plus_antibeauty_constituent_count,raw_count,count,0x1.04e0000000000p+12,AVAILABLE,WITHHELD_UNCERTAINTY
9aa57024009dc21fc254214faa07354fa3a8c3c03dc63f681801fce4531449f6,MONASH,-5242,beauty_plus_antibeauty_constituent_count,raw_count,count,0x0.0p+0,AVAILABLE,WITHHELD_UNCERTAINTY
c72beaa0e251fced9cf92d0ad5043f9a73664885132eb66c6f831924bbbbd331,CLOSEPACKING,-5242,beauty_plus_antibeauty_constituent_count,raw_weighted_sum,weighted_count,0x1.d5c0000000000p+11,AVAILABLE,WITHHELD_UNCERTAINTY
bf551bfb894f445a7e00142be3cd03cca15fe53b0cefbc2210226c7463cfd63a,JUNCTIONS,-5242,beauty_plus_antibeauty_constituent_count,raw_weighted_sum,weighted_count,0x1.04e0000000000p+12,AVAILABLE,WITHHELD_UNCERTAINTY
e6dc41576c63b13219e86535dd17b3edb0c678d815bd6c00c882f716cfd6d9cc,MONASH,-5242,beauty_plus_antibeauty_constituent_count,raw_weighted_sum,weighted_count,0x0.0p+0,AVAILABLE,WITHHELD_UNCERTAINTY
248f1e980a0dfb2ad8a4ac86561fe8e96cec323095c72b54a1f2f0e012caa1cc,CLOSEPACKING,-5242,charm_plus_anticharm_constituent_count,raw_count,count,0x1.d5c0000000000p+11,AVAILABLE,WITHHELD_UNCERTAINTY
ba2ebeebedf631cda8aefe2a498f5037f8218a7188c00017615607a7332c8a95,JUNCTIONS,-5242,charm_plus_anticharm_constituent_count,raw_count,count,0x1.04e0000000000p+12,AVAILABLE,WITHHELD_UNCERTAINTY
e32df4e907df935d48e3d36bb643473ee0528be80bcdb8efd52577ce2c7163bd,MONASH,-5242,charm_plus_anticharm_constituent_count,raw_count,count,0x0.0p+0,AVAILABLE,WITHHELD_UNCERTAINTY
94ccff5464d353ff882485195fb8d754647553afbd89aa6b4fd12cf9c8858e6c,CLOSEPACKING,-5242,charm_plus_anticharm_constituent_count,raw_weighted_sum,weighted_count,0x1.d5c0000000000p+11,AVAILABLE,WITHHELD_UNCERTAINTY
152a405354af334e5c6fe261973a19ba68ba0ebf3430d1692a15dc7c55cff279,JUNCTIONS,-5242,charm_plus_anticharm_constituent_count,raw_weighted_sum,weighted_count,0x1.04e0000000000p+12,AVAILABLE,WITHHELD_UNCERTAINTY
5ce633bc327c6998888cff7dd1c618667c3221d46d69453e94f257235a6bdc21,MONASH,-5242,charm_plus_anticharm_constituent_count,raw_weighted_sum,weighted_count,0x0.0p+0,AVAILABLE,WITHHELD_UNCERTAINTY
ca09c310306ed750fc75660f1cac902eb12d7ea077da663190d6da0c0a6ef782,CLOSEPACKING,-5242,hadron_count,normalized_yield,per_event,0x1.3b3e6f7c64aa8p-15,AVAILABLE,AVAILABLE
8bdac276ec9eafb42f02ae5dc6d6902c1bbf59ce9c917ea8e0112f3979564146,JUNCTIONS,-5242,hadron_count,normalized_yield,per_event,0x1.5e23f7abf38e5p-15,AVAILABLE,AVAILABLE
4b0cd2d910adc783e60490f7b175d08b7ae91a5ae44f9e269807a1b0c6a3849d,MONASH,-5242,hadron_count,normalized_yield,per_event,0x0.0p+0,AVAILABLE,AVAILABLE_ZERO_DISPERSION
9fc342494521410c3b8eba8f867aa44960161fdf811906e4a3aef5c848ba85cb,CLOSEPACKING,-5242,hadron_count,raw_count,count,0x1.d5c0000000000p+11,AVAILABLE,WITHHELD_UNCERTAINTY
3ea76b31590b43c6f546bf3c19e1d5ce154994c06868e95eea154acb76f9ccc8,JUNCTIONS,-5242,hadron_count,raw_count,count,0x1.04e0000000000p+12,AVAILABLE,WITHHELD_UNCERTAINTY
31b1b919a8e6cdeeebc87e64303ee7c545d56c81bae925765033090dd1f5dee2,MONASH,-5242,hadron_count,raw_count,count,0x0.0p+0,AVAILABLE,WITHHELD_UNCERTAINTY
bfe5155e25cca90c887b96f4a560346b424259c8806bf14fbb866382d5b1a29f,CLOSEPACKING,-5242,hadron_count,raw_weighted_sum,weighted_count,0x1.d5c0000000000p+11,AVAILABLE,WITHHELD_UNCERTAINTY
46b634c59c52cb6ea7d1670b91daeab7cbe83c4a11606e579a95fe1581de6bd0,JUNCTIONS,-5242,hadron_count,raw_weighted_sum,weighted_count,0x1.04e0000000000p+12,AVAILABLE,WITHHELD_UNCERTAINTY
5445312625a607498e348a2b3e66b66a8a8b3f5278a270e076ed134cf0cc0fc6,MONASH,-5242,hadron_count,raw_weighted_sum,weighted_count,0x0.0p+0,AVAILABLE,WITHHELD_UNCERTAINTY
efd4dd09c28d0341e959db003fe445e071e71db315fc70069c902e41ae48cbf6,CLOSEPACKING,-531,beauty_plus_antibeauty_constituent_count,raw_count,count,0x1.2ca3000000000p+18,AVAILABLE,WITHHELD_UNCERTAINTY
317b56db1891217f4aecc03cd9231b9f30c530dd5745c72db94e1f831d7ab322,JUNCTIONS,-531,beauty_plus_antibeauty_constituent_count,raw_count,count,0x1.043c800000000p+18,AVAILABLE,WITHHELD_UNCERTAINTY
f15a7e6abef46db796ae17219582da27b32e2cbca55082e60eb4d14f0737f190,MONASH,-531,beauty_plus_antibeauty_constituent_count,raw_count,count,0x1.93f1000000000p+18,AVAILABLE,WITHHELD_UNCERTAINTY
1c7f0cf3a0a0179aa578db30e460aa35ab5c7be15eb3fd04d477873b5ece2bf9,CLOSEPACKING,-531,beauty_plus_antibeauty_constituent_count,raw_weighted_sum,weighted_count,0x1.2ca3000000000p+18,AVAILABLE,WITHHELD_UNCERTAINTY
4697b2ef02400b0f07fdd96af631ef0919a1165c038b18fc5c9ab021741e7729,JUNCTIONS,-531,beauty_plus_antibeauty_constituent_count,raw_weighted_sum,weighted_count,0x1.043c800000000p+18,AVAILABLE,WITHHELD_UNCERTAINTY
4544ec1d99d3651fbdb1b497ef99aa54e78524f8beb65094903ba16958b0f4df,MONASH,-531,beauty_plus_antibeauty_constituent_count,raw_weighted_sum,weighted_count,0x1.93f1000000000p+18,AVAILABLE,WITHHELD_UNCERTAINTY
441082bf8bbc2b0e493bbcd89220663940018c88fd8e131c650419d15111b368,CLOSEPACKING,-531,charm_plus_anticharm_constituent_count,raw_count,count,0x0.0p+0,AVAILABLE,WITHHELD_UNCERTAINTY
316ea439e42b9c3e082a99599863103a51229494cda37cedbaea35aacbf925af,JUNCTIONS,-531,charm_plus_anticharm_constituent_count,raw_count,count,0x0.0p+0,AVAILABLE,WITHHELD_UNCERTAINTY
56af9f82aab92046e3904535ea64c65d499946a7a452bee2104e5ec8b258aea0,MONASH,-531,charm_plus_anticharm_constituent_count,raw_count,count,0x0.0p+0,AVAILABLE,WITHHELD_UNCERTAINTY
f4c2ff34270ffa01ba8a8a49829fb04da9d77c15a7535ba04c47ad41762733e9,CLOSEPACKING,-531,charm_plus_anticharm_constituent_count,raw_weighted_sum,weighted_count,0x0.0p+0,AVAILABLE,WITHHELD_UNCERTAINTY
df6eed772b0690c13da38cba8407cbcef45705b985df436be27adf27a04bff89,JUNCTIONS,-531,charm_plus_anticharm_constituent_count,raw_weighted_sum,weighted_count,0x0.0p+0,AVAILABLE,WITHHELD_UNCERTAINTY
6b239adc8c855d45e6d6fc9d322574ff3475024d62497234b30d3656a01b8cd1,MONASH,-531,charm_plus_anticharm_constituent_count,raw_weighted_sum,weighted_count,0x0.0p+0,AVAILABLE,WITHHELD_UNCERTAINTY
153c10a5f3b116fb61ac1dcca5764e93b54a43aa886b71f94eb68c89e8ee0d42,CLOSEPACKING,-531,hadron_count,normalized_yield,per_event,0x1.9381fd70ae93dp-9,AVAILABLE,AVAILABLE
98545f18ff5b5adba0fac5f02c8cea535ec0430400f192b0d837256e967a8698,JUNCTIONS,-531,hadron_count,normalized_yield,per_event,0x1.5d48857fdc2e4p-9,AVAILABLE,AVAILABLE
43ef81f837da814df476a03bf006263db3ca9df559ac2cef8d9bf4e85e4cd343,MONASH,-531,hadron_count,normalized_yield,per_event,0x1.0f149aecaae3ap-8,AVAILABLE,AVAILABLE
2f4bd86f25fcaf5c55c9a25c925614577bef1d16919e98d837861969d48e56dd,CLOSEPACKING,-531,hadron_count,raw_count,count,0x1.2ca3000000000p+18,AVAILABLE,WITHHELD_UNCERTAINTY
1749780398af3a97f2d940828c1b3edb606ad36b7b3394c434b18b755a0869f2,JUNCTIONS,-531,hadron_count,raw_count,count,0x1.043c800000000p+18,AVAILABLE,WITHHELD_UNCERTAINTY
d1c1bbfe6196af3e28e935e50c701a6353baac2358b37b05ad8244480dc1acb0,MONASH,-531,hadron_count,raw_count,count,0x1.93f1000000000p+18,AVAILABLE,WITHHELD_UNCERTAINTY
413d35dfc07f6919bc5d9fa110787ca2ecfae294dfdaff584cdc0b7e4c529c33,CLOSEPACKING,-531,hadron_count,raw_weighted_sum,weighted_count,0x1.2ca3000000000p+18,AVAILABLE,WITHHELD_UNCERTAINTY
dae9ac75ee3296f69d32da2c24234a3fb86d50df502af7cbbb3ab2d895f941ec,JUNCTIONS,-531,hadron_count,raw_weighted_sum,weighted_count,0x1.043c800000000p+18,AVAILABLE,WITHHELD_UNCERTAINTY
112837de2af371f12a0e94f0e3ff44d86d6c0ed6057645c0579efe5b4821ce47,MONASH,-531,hadron_count,raw_weighted_sum,weighted_count,0x1.93f1000000000p+18,AVAILABLE,WITHHELD_UNCERTAINTY
6a1c5e7256cc66013a7ffe1a636e78b7075f9876b18309bd5add61146958ff07,CLOSEPACKING,-5312,beauty_plus_antibeauty_constituent_count,raw_count,count,0x1.1e42000000000p+17,AVAILABLE,WITHHELD_UNCERTAINTY
b8959b0a843539c504ae8a0dac6c182dc399e5d216b4c07af2fdeac02d8cd48f,JUNCTIONS,-5312,beauty_plus_antibeauty_constituent_count,raw_count,count,0x1.a45e000000000p+17,AVAILABLE,WITHHELD_UNCERTAINTY
c360624eee6a2b1564ff9a91d7cd66d8a51983685dc2a2aa06397098705113c4,MONASH,-5312,beauty_plus_antibeauty_constituent_count,raw_count,count,0x1.a740000000000p+11,AVAILABLE,WITHHELD_UNCERTAINTY
3bb67dd7272dc4c80489be848dc74b5e6683d8ce61a276799a15264726b7252f,CLOSEPACKING,-5312,beauty_plus_antibeauty_constituent_count,raw_weighted_sum,weighted_count,0x1.1e42000000000p+17,AVAILABLE,WITHHELD_UNCERTAINTY
7c8d66b807954dc498b075a868c7d23fada94c25b899b3bf65bc6ea37335bdcb,JUNCTIONS,-5312,beauty_plus_antibeauty_constituent_count,raw_weighted_sum,weighted_count,0x1.a45e000000000p+17,AVAILABLE,WITHHELD_UNCERTAINTY
689a7cbe1969fdbfbe0635ec08255518da9065121cbc15a556401f33b2b5e219,MONASH,-5312,beauty_plus_antibeauty_constituent_count,raw_weighted_sum,weighted_count,0x1.a740000000000p+11,AVAILABLE,WITHHELD_UNCERTAINTY
9078a435c4a98b0c62da171135f310cf808a8b95fe99172eaaf77705563087bf,CLOSEPACKING,-5312,charm_plus_anticharm_constituent_count,raw_count,count,0x0.0p+0,AVAILABLE,WITHHELD_UNCERTAINTY
69f2b41514edc772d96eb9e384f41a036b871d853596c817d89cf9d7a87c8ebb,JUNCTIONS,-5312,charm_plus_anticharm_constituent_count,raw_count,count,0x0.0p+0,AVAILABLE,WITHHELD_UNCERTAINTY
deee0133c8e4d1bcd691150aecb540fe213b172e5d93117f962a4c08bd07ce1a,MONASH,-5312,charm_plus_anticharm_constituent_count,raw_count,count,0x0.0p+0,AVAILABLE,WITHHELD_UNCERTAINTY
35619e07ff5bd97cf581a655a46d5636b5d4964676eecfaf3fdeb36b7e02d5a0,CLOSEPACKING,-5312,charm_plus_anticharm_constituent_count,raw_weighted_sum,weighted_count,0x0.0p+0,AVAILABLE,WITHHELD_UNCERTAINTY
b931c997b70bf29b0880f6edba9f8185f062a8a4f30e9bd5f91d11442e66c870,JUNCTIONS,-5312,charm_plus_anticharm_constituent_count,raw_weighted_sum,weighted_count,0x0.0p+0,AVAILABLE,WITHHELD_UNCERTAINTY
1a6e560be1bd9132f4032fb451f78e2c4bb8748b4fd30c8e9aa2aa619ceaef42,MONASH,-5312,charm_plus_anticharm_constituent_count,raw_weighted_sum,weighted_count,0x0.0p+0,AVAILABLE,WITHHELD_UNCERTAINTY
5dd49f82d3434d02eadd7158a1b98bddc726329c65aeb8094fe6bb26cc03c605,CLOSEPACKING,-5312,hadron_count,normalized_yield,per_event,0x1.80356f7888d2dp-10,AVAILABLE,AVAILABLE
5619bd6626d1742d007cb29341e53e09189bd16fda119aed14bd20df7d0e3c56,JUNCTIONS,-5312,hadron_count,normalized_yield,per_event,0x1.1a1a886c759f1p-9,AVAILABLE,AVAILABLE
e065a375dfa11b8849b338c3fca372bfad02d7e3fa52381f7f5168887c068b01,MONASH,-5312,hadron_count,normalized_yield,per_event,0x1.1c09cbdbb61ebp-15,AVAILABLE,AVAILABLE
b3ea43cd6f477757717f0f313887cdbb10e59f082602dc5ff266f95caeac9033,CLOSEPACKING,-5312,hadron_count,raw_count,count,0x1.1e42000000000p+17,AVAILABLE,WITHHELD_UNCERTAINTY
d14dcd691bc121a7deb6dea4efd416bd470bbb6160ba456ed46cbffec4850e8e,JUNCTIONS,-5312,hadron_count,raw_count,count,0x1.a45e000000000p+17,AVAILABLE,WITHHELD_UNCERTAINTY
85137aba5d4042ec3b9998c3dc9cd4d624e2c1182f6ccb7ceadf4ae6645075db,MONASH,-5312,hadron_count,raw_count,count,0x1.a740000000000p+11,AVAILABLE,WITHHELD_UNCERTAINTY
1099f751745373dbbac05517d83043836e25214a74d4b1e84f2ee651694e9ccc,CLOSEPACKING,-5312,hadron_count,raw_weighted_sum,weighted_count,0x1.1e42000000000p+17,AVAILABLE,WITHHELD_UNCERTAINTY
b96e37a20197f1acf2b40987c9e2861b8cbe8ce93eb262daa892b89fcdbd04bf,JUNCTIONS,-5312,hadron_count,raw_weighted_sum,weighted_count,0x1.a45e000000000p+17,AVAILABLE,WITHHELD_UNCERTAINTY
05d49b9cc7f47992526668305cfd769e8352a518991cd6abbe869fae9eeb9bb2,MONASH,-5312,hadron_count,raw_weighted_sum,weighted_count,0x1.a740000000000p+11,AVAILABLE,WITHHELD_UNCERTAINTY
8e825ba6598508c5617b939a37601b1dd5dc886f15a6e06c43c9bcdad94531fe,CLOSEPACKING,-5314,beauty_plus_antibeauty_constituent_count,raw_count,count,0x1.2b61000000000p+17,AVAILABLE,WITHHELD_UNCERTAINTY
4abca2ad996d7189b9539ba862a9db8d148dd6147c2cebe825c530fa47e69aa1,JUNCTIONS,-5314,beauty_plus_antibeauty_constituent_count,raw_count,count,0x1.5ff0000000000p+14,AVAILABLE,WITHHELD_UNCERTAINTY
fb114d6748d0e59d252216d4e678653f4906583838176e866567ed4cc39fa680,MONASH,-5314,beauty_plus_antibeauty_constituent_count,raw_count,count,0x1.acd0000000000p+12,AVAILABLE,WITHHELD_UNCERTAINTY
634574bfa95ba63d6d4185a1d918c5de32bb1558d7fecb900aca1a0c60363aa6,CLOSEPACKING,-5314,beauty_plus_antibeauty_constituent_count,raw_weighted_sum,weighted_count,0x1.2b61000000000p+17,AVAILABLE,WITHHELD_UNCERTAINTY
955e3e02486b72fd49832f5155ab57d062a0bb4c31cfa8390713d4e32558f47e,JUNCTIONS,-5314,beauty_plus_antibeauty_constituent_count,raw_weighted_sum,weighted_count,0x1.5ff0000000000p+14,AVAILABLE,WITHHELD_UNCERTAINTY
43ed75c7b78a4660dd15a7bb4ceb515457251ee5279eb2cca103472c8559667b,MONASH,-5314,beauty_plus_antibeauty_constituent_count,raw_weighted_sum,weighted_count,0x1.acd0000000000p+12,AVAILABLE,WITHHELD_UNCERTAINTY
c1074309d21af90fb488cf445ec1853010166b1c08af53b39ae8a60197c6fa84,CLOSEPACKING,-5314,charm_plus_anticharm_constituent_count,raw_count,count,0x0.0p+0,AVAILABLE,WITHHELD_UNCERTAINTY
8c2d8d927fca3d3c6bf2cda88cb5bfc73dc43ebb6fc8b4fe8cd5747e7229a20e,JUNCTIONS,-5314,charm_plus_anticharm_constituent_count,raw_count,count,0x0.0p+0,AVAILABLE,WITHHELD_UNCERTAINTY
f475fde742beb86f86bc0937487f18673ddd67ccd9967c44d190584101057cef,MONASH,-5314,charm_plus_anticharm_constituent_count,raw_count,count,0x0.0p+0,AVAILABLE,WITHHELD_UNCERTAINTY
f1136edf05d2152bc238a716f678770dfea326f954ab0eaa92b9ee2f2e28aa61,CLOSEPACKING,-5314,charm_plus_anticharm_constituent_count,raw_weighted_sum,weighted_count,0x0.0p+0,AVAILABLE,WITHHELD_UNCERTAINTY
711c544d284d08e276ac27b00004861749b59310ba7a48e7743c8ecb152d76cf,JUNCTIONS,-5314,charm_plus_anticharm_constituent_count,raw_weighted_sum,weighted_count,0x0.0p+0,AVAILABLE,WITHHELD_UNCERTAINTY
b8915c0b0e56afa6eaa2ce8df5e08fbbc9bf261f234d7fa29e3f847387c6cb82,MONASH,-5314,charm_plus_anticharm_constituent_count,raw_weighted_sum,weighted_count,0x0.0p+0,AVAILABLE,WITHHELD_UNCERTAINTY
9d4a3838b306116d557f1916c56fa28501b0a8cc8cefa62351da2afa731978ef,CLOSEPACKING,-5314,hadron_count,normalized_yield,per_event,0x1.91d1cf152682dp-10,AVAILABLE,AVAILABLE
906225315efbc8cf86582c0d4926a1d3d29a98362442ee1bac2c4f46b2f1f2d1,JUNCTIONS,-5314,hadron_count,normalized_yield,per_event,0x1.d85ccde149dc7p-13,AVAILABLE,AVAILABLE
9eac0c1265315ed6ac8cab0c59975f5d8a60c73a12af35e44ebdf87cfd0e1e1e,MONASH,-5314,hadron_count,normalized_yield,per_event,0x1.1fc56d32078f1p-14,AVAILABLE,AVAILABLE
f23295a12a888819ad4c11a6d19cf5c4e40aa51af18d0378c8a06ff474d62fe4,CLOSEPACKING,-5314,hadron_count,raw_count,count,0x1.2b61000000000p+17,AVAILABLE,WITHHELD_UNCERTAINTY
ac5fbd4d8dc74b2507a888bc1090008a8b0d354e41be7625332d6a3cf7bc9f0f,JUNCTIONS,-5314,hadron_count,raw_count,count,0x1.5ff0000000000p+14,AVAILABLE,WITHHELD_UNCERTAINTY
23ebe6f9be2f78171cf0a94d7c72d351d3885b0f2f65a5314baa9e020c6edadc,MONASH,-5314,hadron_count,raw_count,count,0x1.acd0000000000p+12,AVAILABLE,WITHHELD_UNCERTAINTY
98a98dc8620b7252ac0571cc709c7105460a85f65158385e449e190ed99b52ce,CLOSEPACKING,-5314,hadron_count,raw_weighted_sum,weighted_count,0x1.2b61000000000p+17,AVAILABLE,WITHHELD_UNCERTAINTY
b085e9238d4a93c320cd763acb2835746e91a4e73d991b575ac3101e099b5f41,JUNCTIONS,-5314,hadron_count,raw_weighted_sum,weighted_count,0x1.5ff0000000000p+14,AVAILABLE,WITHHELD_UNCERTAINTY
bc716cbf05ccf7ec45be18ba50ccdcc86ac33ea010f2d9487118b1d29aea4124,MONASH,-5314,hadron_count,raw_weighted_sum,weighted_count,0x1.acd0000000000p+12,AVAILABLE,WITHHELD_UNCERTAINTY
3cd005233f29792804ba8433029de744e3a9ffb8071b99a636cba6f5e80bd50a,CLOSEPACKING,-5322,beauty_plus_antibeauty_constituent_count,raw_count,count,0x1.1f49000000000p+17,AVAILABLE,WITHHELD_UNCERTAINTY
4a687abe4d0ea6dc974f8f7ce4baad2d65d99d214cb1e830e9b8712065b66fae,JUNCTIONS,-5322,beauty_plus_antibeauty_constituent_count,raw_count,count,0x1.a58d000000000p+17,AVAILABLE,WITHHELD_UNCERTAINTY
fa21fde52a88459f2847ddc1089f794cf45ad890e41f17c54322b09974ae63b8,MONASH,-5322,beauty_plus_antibeauty_constituent_count,raw_count,count,0x1.aec0000000000p+11,AVAILABLE,WITHHELD_UNCERTAINTY
4e8f437cb88f2a6fa906f4072dcf7305d35ec22fee36c111ffb154e4e589c2be,CLOSEPACKING,-5322,beauty_plus_antibeauty_constituent_count,raw_weighted_sum,weighted_count,0x1.1f49000000000p+17,AVAILABLE,WITHHELD_UNCERTAINTY
2db934b09708528ab2053817e63a6e563ac60c3fec2e6147b06be018841a8018,JUNCTIONS,-5322,beauty_plus_antibeauty_constituent_count,raw_weighted_sum,weighted_count,0x1.a58d000000000p+17,AVAILABLE,WITHHELD_UNCERTAINTY
3a00e1865d9c7f555f2a70eaca0a150382ba2e6e99175bd92a94c19b9bf3512a,MONASH,-5322,beauty_plus_antibeauty_constituent_count,raw_weighted_sum,weighted_count,0x1.aec0000000000p+11,AVAILABLE,WITHHELD_UNCERTAINTY
b4dfdfa9e71c6147d0d83ee01a80a45e62cfe5f308328639b23bd628ddfc31e9,CLOSEPACKING,-5322,charm_plus_anticharm_constituent_count,raw_count,count,0x0.0p+0,AVAILABLE,WITHHELD_UNCERTAINTY
f251c779ac5959ee6e46341994b7b6191dbfd671ba09b799dd3246c7ca55b841,JUNCTIONS,-5322,charm_plus_anticharm_constituent_count,raw_count,count,0x0.0p+0,AVAILABLE,WITHHELD_UNCERTAINTY
339c79ccac30b61a994683ac3a9de56145a5ccbde058c5cac678fc8786ab2e59,MONASH,-5322,charm_plus_anticharm_constituent_count,raw_count,count,0x0.0p+0,AVAILABLE,WITHHELD_UNCERTAINTY
c8dafd32c32ab64908dfba93f05edf3ca5251b6252becba3188888d9086a535b,CLOSEPACKING,-5322,charm_plus_anticharm_constituent_count,raw_weighted_sum,weighted_count,0x0.0p+0,AVAILABLE,WITHHELD_UNCERTAINTY
c101b52ae4bf1ca498c17ead5b990c7defee343fd5b584fd78c2ffb3a6cb1607,JUNCTIONS,-5322,charm_plus_anticharm_constituent_count,raw_weighted_sum,weighted_count,0x0.0p+0,AVAILABLE,WITHHELD_UNCERTAINTY
df08499365ee9db7aaadc02efc9ebe4e3abb5034a1b810298f321907f57bbaa8,MONASH,-5322,charm_plus_anticharm_constituent_count,raw_weighted_sum,weighted_count,0x0.0p+0,AVAILABLE,WITHHELD_UNCERTAINTY
afe147156efd41f12a8ddc50c3f3af0d782364dd26edea8bfc5bf94e90e3cb31,CLOSEPACKING,-5322,hadron_count,normalized_yield,per_event,0x1.81966d952ed0dp-10,AVAILABLE,AVAILABLE
a540f1b8e7456204955f5897a5e11017c9f7260eac54f794c77fc6132bbabb9b,JUNCTIONS,-5322,hadron_count,normalized_yield,per_event,0x1.1ae5df6d635acp-9,AVAILABLE,AVAILABLE
5f2b6b0693c9c73c95f3503f2940a21f7df7651e650c638c7399988bde578d8e,MONASH,-5322,hadron_count,normalized_yield,per_event,0x1.21124958b97f9p-15,AVAILABLE,AVAILABLE
6fd6a30684d6bbca579e6faffa205270bc2f99812466f85c77da1c690ca0e146,CLOSEPACKING,-5322,hadron_count,raw_count,count,0x1.1f49000000000p+17,AVAILABLE,WITHHELD_UNCERTAINTY
3c5331646b4b28831504ef621f7d9efbd9411cdfff8ea76680be35368e098861,JUNCTIONS,-5322,hadron_count,raw_count,count,0x1.a58d000000000p+17,AVAILABLE,WITHHELD_UNCERTAINTY
8051e37cd690a3b8d43744726eeee07eeca28ca8fbaecad087481bdf62a437b2,MONASH,-5322,hadron_count,raw_count,count,0x1.aec0000000000p+11,AVAILABLE,WITHHELD_UNCERTAINTY
288fd4a70d746756197c29da498c2d6eaaee070a4ef77d454a9272fff36d3c45,CLOSEPACKING,-5322,hadron_count,raw_weighted_sum,weighted_count,0x1.1f49000000000p+17,AVAILABLE,WITHHELD_UNCERTAINTY
7765f076b1bc44dc53a2f947ca49f018566877485cf022a90fc0ecf29551113b,JUNCTIONS,-5322,hadron_count,raw_weighted_sum,weighted_count,0x1.a58d000000000p+17,AVAILABLE,WITHHELD_UNCERTAINTY
6ce578f07466bc02f478a84e33971354dbf132a4149d9b75c621b3f8f12a7a95,MONASH,-5322,hadron_count,raw_weighted_sum,weighted_count,0x1.aec0000000000p+11,AVAILABLE,WITHHELD_UNCERTAINTY
953ab2fe85ad522b7defa11e267998e360c1f08e60d53c8fbc4395eaeeb7797c,CLOSEPACKING,-5324,beauty_plus_antibeauty_constituent_count,raw_count,count,0x1.2a65800000000p+17,AVAILABLE,WITHHELD_UNCERTAINTY
268e8c270e0560cf2c6f1b351252e7ff86d71a63ae3a18220edb6cd078558a84,JUNCTIONS,-5324,beauty_plus_antibeauty_constituent_count,raw_count,count,0x1.5f8c000000000p+14,AVAILABLE,WITHHELD_UNCERTAINTY
0fe1c31c2318a5e3eec6e6fe7cc8127a4ace1286e36380e468e54fae3131496e,MONASH,-5324,beauty_plus_antibeauty_constituent_count,raw_count,count,0x1.a910000000000p+12,AVAILABLE,WITHHELD_UNCERTAINTY
0e09c52fe07d948699e6b577064e1c6a1975be4759189a234c7c92279b620e95,CLOSEPACKING,-5324,beauty_plus_antibeauty_constituent_count,raw_weighted_sum,weighted_count,0x1.2a65800000000p+17,AVAILABLE,WITHHELD_UNCERTAINTY
b58e4c1bdb368afc5b5cc9e5ba0047ee57320a84ea54b75c1dcb42f85362e696,JUNCTIONS,-5324,beauty_plus_antibeauty_constituent_count,raw_weighted_sum,weighted_count,0x1.5f8c000000000p+14,AVAILABLE,WITHHELD_UNCERTAINTY
398c4da520e266cf29e07c9a6cae056b1c8b1d4b4775d6fd9a362c6c8f31eb67,MONASH,-5324,beauty_plus_antibeauty_constituent_count,raw_weighted_sum,weighted_count,0x1.a910000000000p+12,AVAILABLE,WITHHELD_UNCERTAINTY
15539f6c80908c354f99d4da500a284ae832b906b0ae04e1159ff42ba3875f01,CLOSEPACKING,-5324,charm_plus_anticharm_constituent_count,raw_count,count,0x0.0p+0,AVAILABLE,WITHHELD_UNCERTAINTY
725fd897d457bfb98bd4f326f284e50223aa1ef2fcefbc80b634503b70d70223,JUNCTIONS,-5324,charm_plus_anticharm_constituent_count,raw_count,count,0x0.0p+0,AVAILABLE,WITHHELD_UNCERTAINTY
72d83620be07ef2f6928e850cc6f9fb1d940fe0c942e0a12710c64043e2e6957,MONASH,-5324,charm_plus_anticharm_constituent_count,raw_count,count,0x0.0p+0,AVAILABLE,WITHHELD_UNCERTAINTY
0673a2137396dcec69647559a9758340ef529e2c05001daba42ea2b75cf662be,CLOSEPACKING,-5324,charm_plus_anticharm_constituent_count,raw_weighted_sum,weighted_count,0x0.0p+0,AVAILABLE,WITHHELD_UNCERTAINTY
a1609475e2b595e8139e595ae3c9a5bf6ca0997defb226b8fa8b0558c817c2df,JUNCTIONS,-5324,charm_plus_anticharm_constituent_count,raw_weighted_sum,weighted_count,0x0.0p+0,AVAILABLE,WITHHELD_UNCERTAINTY
94cf9c2b0e30f3df094747a8215d5b69848e73fe0b5fa9371726989370c5cdce,MONASH,-5324,charm_plus_anticharm_constituent_count,raw_weighted_sum,weighted_count,0x0.0p+0,AVAILABLE,WITHHELD_UNCERTAINTY
3bc0c59efbc5f928c190536c701b8034d21a1c9f46fa16e790f2518b12cb704d,CLOSEPACKING,-5324,hadron_count,normalized_yield,per_event,0x1.908040573317bp-10,AVAILABLE,AVAILABLE
1fbaf41bf1013eb9d57b2a580930da86e187aa98a454db2877e53284501ba4a1,JUNCTIONS,-5324,hadron_count,normalized_yield,per_event,0x1.d7d69624442d0p-13,AVAILABLE,AVAILABLE
574cfe2642eaf43ec5ea3d0b570a8800becc1a1e00ecab88a0608a204a6d0ccf,MONASH,-5324,hadron_count,normalized_yield,per_event,0x1.1d412e7385deap-14,AVAILABLE,AVAILABLE
7b992d5e0cf3539de6224559e83f7cb6f1c9817375f09175f81709f2f703a79c,CLOSEPACKING,-5324,hadron_count,raw_count,count,0x1.2a65800000000p+17,AVAILABLE,WITHHELD_UNCERTAINTY
545e74a2fe841dfcf895fe04bcb7cd5025ae97d316433e9ad3eac2d5b48373fd,JUNCTIONS,-5324,hadron_count,raw_count,count,0x1.5f8c000000000p+14,AVAILABLE,WITHHELD_UNCERTAINTY
fdac9d47636223675830c9411dcbc8e86313dc954baefdc6b8c73148d667b8f1,MONASH,-5324,hadron_count,raw_count,count,0x1.a910000000000p+12,AVAILABLE,WITHHELD_UNCERTAINTY
789db82f21cdaee38550d1ce9c180a1457341823a893433eec871143621af55e,CLOSEPACKING,-5324,hadron_count,raw_weighted_sum,weighted_count,0x1.2a65800000000p+17,AVAILABLE,WITHHELD_UNCERTAINTY
a324dfd49a5fddb1125c254108d28ce7f0f368f589fca631ed19c91661ade5cb,JUNCTIONS,-5324,hadron_count,raw_weighted_sum,weighted_count,0x1.5f8c000000000p+14,AVAILABLE,WITHHELD_UNCERTAINTY
822c96e235b9e4b5c57c22e5ad662d544fdf49d89fffe3503b41ee927da4c831,MONASH,-5324,hadron_count,raw_weighted_sum,weighted_count,0x1.a910000000000p+12,AVAILABLE,WITHHELD_UNCERTAINTY
ae74f44c1480f0d7ab89e280b20cd2882680cee30c7636b10e41d5b893a99091,CLOSEPACKING,-533,beauty_plus_antibeauty_constituent_count,raw_count,count,0x1.4652200000000p+19,AVAILABLE,WITHHELD_UNCERTAINTY
743ff8ffee6f3d1044fe02763d6cb154f13c2b8abe04e287c13593ae8dd617d0,JUNCTIONS,-533,beauty_plus_antibeauty_constituent_count,raw_count,count,0x1.1a1b600000000p+19,AVAILABLE,WITHHELD_UNCERTAINTY
2952a6db2918ba31b654a58fa5b2c37216be5f9636c1fca398de689341c47204,MONASH,-533,beauty_plus_antibeauty_constituent_count,raw_count,count,0x1.ba22800000000p+19,AVAILABLE,WITHHELD_UNCERTAINTY
240e644ba44227c6f36a2a81903ccb85cb97b3984d62b0fc952d5478b1200f23,CLOSEPACKING,-533,beauty_plus_antibeauty_constituent_count,raw_weighted_sum,weighted_count,0x1.4652200000000p+19,AVAILABLE,WITHHELD_UNCERTAINTY
17750d0a60c95d1e4961fdf9b0e970f6002d92fd44345abfeb96d5eefb55728f,JUNCTIONS,-533,beauty_plus_antibeauty_constituent_count,raw_weighted_sum,weighted_count,0x1.1a1b600000000p+19,AVAILABLE,WITHHELD_UNCERTAINTY
3f892088dfe087299f1b6fe9288d5af72ef61530a498f4822eb28d525c1e8ff8,MONASH,-533,beauty_plus_antibeauty_constituent_count,raw_weighted_sum,weighted_count,0x1.ba22800000000p+19,AVAILABLE,WITHHELD_UNCERTAINTY
8c9480a22e35cfe093841062ff691c0f7a7e8ec674887e1d631c53fd98039e8c,CLOSEPACKING,-533,charm_plus_anticharm_constituent_count,raw_count,count,0x0.0p+0,AVAILABLE,WITHHELD_UNCERTAINTY
5e00bba352105d9366437bce458cf115dd0fb6e466747e777cafab17be48fff0,JUNCTIONS,-533,charm_plus_anticharm_constituent_count,raw_count,count,0x0.0p+0,AVAILABLE,WITHHELD_UNCERTAINTY
c7dd7ba60ca6161afc9cc1a8bdcd047f732aa9e3527a37a5360744755c96f9c3,MONASH,-533,charm_plus_anticharm_constituent_count,raw_count,count,0x0.0p+0,AVAILABLE,WITHHELD_UNCERTAINTY
a031101d2d5100f72348550018f82168fc3d9ad65092f82f72ce11fb154e20a6,CLOSEPACKING,-533,charm_plus_anticharm_constituent_count,raw_weighted_sum,weighted_count,0x0.0p+0,AVAILABLE,WITHHELD_UNCERTAINTY
cabc1a58bef9c82c2fc18fdb65729fcdbf31a738bf898b63bed6693f397cbbc1,JUNCTIONS,-533,charm_plus_anticharm_constituent_count,raw_weighted_sum,weighted_count,0x0.0p+0,AVAILABLE,WITHHELD_UNCERTAINTY
5833e6ec9c7f53ed66315e5bb26db45e0b17a2cddec3da026c17dcb95d24e983,MONASH,-533,charm_plus_anticharm_constituent_count,raw_weighted_sum,weighted_count,0x0.0p+0,AVAILABLE,WITHHELD_UNCERTAINTY
3f5190876b062cce4bf5fff4ec23b6d8d0224c1a58dc668aa1bc1779421adb82,CLOSEPACKING,-533,hadron_count,normalized_yield,per_event,0x1.b5faf93002265p-8,AVAILABLE,AVAILABLE
342124a4262abbc0764ca3ab465ebbbd2972f54f6dcb5cc4fabdd9c3a2a59ba0,JUNCTIONS,-533,hadron_count,normalized_yield,per_event,0x1.7aa3344d0ea69p-8,AVAILABLE,AVAILABLE
c471339cb19e7a1282e682f8a5cb1609e1d40c505288df3b727e468e1fd6d37d,MONASH,-533,hadron_count,normalized_yield,per_event,0x1.28b62ca24a6d3p-7,AVAILABLE,AVAILABLE
601cb22c1dc563bbed734d4d8e4f08da99cd9a86a14b340d5a872c917cfd3645,CLOSEPACKING,-533,hadron_count,raw_count,count,0x1.4652200000000p+19,AVAILABLE,WITHHELD_UNCERTAINTY
c91e36d05bb7a586ede9e2a39981799ac46f06761885b9639620fbf51a091c36,JUNCTIONS,-533,hadron_count,raw_count,count,0x1.1a1b600000000p+19,AVAILABLE,WITHHELD_UNCERTAINTY
04bdb1118c01188ce90d3498ee15946878bcce54c0411c0c6100a5b7c3877be8,MONASH,-533,hadron_count,raw_count,count,0x1.ba22800000000p+19,AVAILABLE,WITHHELD_UNCERTAINTY
b48bacbb10f94dddcffd8d27ba588bb6ef1476d5a801bd9c5a42f9c6c09a8382,CLOSEPACKING,-533,hadron_count,raw_weighted_sum,weighted_count,0x1.4652200000000p+19,AVAILABLE,WITHHELD_UNCERTAINTY
b3f1c1c8f01beaa7f7497df5257c9bba991b494a1fc0ac1cb6b849dbfc6378f2,JUNCTIONS,-533,hadron_count,raw_weighted_sum,weighted_count,0x1.1a1b600000000p+19,AVAILABLE,WITHHELD_UNCERTAINTY
13a002306c583f42ad8ca636e40d97702fb613e58ce9b6fcf42570815a9dcb37,MONASH,-533,hadron_count,raw_weighted_sum,weighted_count,0x1.ba22800000000p+19,AVAILABLE,WITHHELD_UNCERTAINTY
52f2371146e4e6f47a87d6418aed5a9e787d9b70afcc0eb48926222b44647cea,CLOSEPACKING,-5332,beauty_plus_antibeauty_constituent_count,raw_count,count,0x1.29ac000000000p+15,AVAILABLE,WITHHELD_UNCERTAINTY
1d87b738f7a8648a002bb09aab15cd364e73c998726b72a8b79c7d5c8fb1b297,JUNCTIONS,-5332,beauty_plus_antibeauty_constituent_count,raw_count,count,0x1.52ae000000000p+15,AVAILABLE,WITHHELD_UNCERTAINTY
aa8ed6a73f8a8c4708590e8ad0b72790a61eb77d029ea9fe69ddcd88b56c2e91,MONASH,-5332,beauty_plus_antibeauty_constituent_count,raw_count,count,0x1.1080000000000p+9,AVAILABLE,WITHHELD_UNCERTAINTY
86ce21256b9307b63b782225dffdc3202d758276e75103c96175b352fc06ba65,CLOSEPACKING,-5332,beauty_plus_antibeauty_constituent_count,raw_weighted_sum,weighted_count,0x1.29ac000000000p+15,AVAILABLE,WITHHELD_UNCERTAINTY
2e9fd68ff6eba0e0ae843978671f71eca46a7102d65ba3408b45fde95b3cd4ab,JUNCTIONS,-5332,beauty_plus_antibeauty_constituent_count,raw_weighted_sum,weighted_count,0x1.52ae000000000p+15,AVAILABLE,WITHHELD_UNCERTAINTY
89a4f43c2703da690462d1078f4c8b442d5a3c7ecf1fec050887075b841e5cc3,MONASH,-5332,beauty_plus_antibeauty_constituent_count,raw_weighted_sum,weighted_count,0x1.1080000000000p+9,AVAILABLE,WITHHELD_UNCERTAINTY
5749a38761e9e9d2a1003050d9e1a67e617d967adc6cbbae64b4bd8b4f7664cd,CLOSEPACKING,-5332,charm_plus_anticharm_constituent_count,raw_count,count,0x0.0p+0,AVAILABLE,WITHHELD_UNCERTAINTY
12e1f6b1f5a195480d6e30fa64f98b9af93367679b4f994b9989aa5c62ecc844,JUNCTIONS,-5332,charm_plus_anticharm_constituent_count,raw_count,count,0x0.0p+0,AVAILABLE,WITHHELD_UNCERTAINTY
b17ec047dec54f584a77a92eb42ae9abf53b4928cfd34905a3b1619b8c66f78a,MONASH,-5332,charm_plus_anticharm_constituent_count,raw_count,count,0x0.0p+0,AVAILABLE,WITHHELD_UNCERTAINTY
17e2a7b15c7b7f1e1fbc4d45efd11a93e4c7d7289c6ddc783492b850dddebad4,CLOSEPACKING,-5332,charm_plus_anticharm_constituent_count,raw_weighted_sum,weighted_count,0x0.0p+0,AVAILABLE,WITHHELD_UNCERTAINTY
e1c340c8f15fdd777ca780058a3132d05567b669e8b8d575050f611c1d923700,JUNCTIONS,-5332,charm_plus_anticharm_constituent_count,raw_weighted_sum,weighted_count,0x0.0p+0,AVAILABLE,WITHHELD_UNCERTAINTY
507c5531cee28301483060bfd1330ec49bc354955f4a02650a57a233e9adb806,MONASH,-5332,charm_plus_anticharm_constituent_count,raw_weighted_sum,weighted_count,0x0.0p+0,AVAILABLE,WITHHELD_UNCERTAINTY
18039591306952ea1a9ccc13c8e995c4979feccdbdf8fa1e06f04cc969863ca2,CLOSEPACKING,-5332,hadron_count,normalized_yield,per_event,0x1.8f874706a4b4dp-12,AVAILABLE,AVAILABLE
7e9e43d84379bffe373fdf3093ab647c6c007d60267eb25d1e54a4b47c75ddc8,JUNCTIONS,-5332,hadron_count,normalized_yield,per_event,0x1.c691745c1d624p-12,AVAILABLE,AVAILABLE
142a0ed8400fbbb922d9d71d37aa687b9af25f76c7a5a8b078eb776ed47de576,MONASH,-5332,hadron_count,normalized_yield,per_event,0x1.6dbe497c4ad44p-18,AVAILABLE,AVAILABLE
d7a00844e02f77be9d305e66f794a2613c8c4125c974b030094412b616a850ea,CLOSEPACKING,-5332,hadron_count,raw_count,count,0x1.29ac000000000p+15,AVAILABLE,WITHHELD_UNCERTAINTY
8cc64e8e5275d107238fcd3b10ad843dbb55aa808a8094a125089b40e70f8a3c,JUNCTIONS,-5332,hadron_count,raw_count,count,0x1.52ae000000000p+15,AVAILABLE,WITHHELD_UNCERTAINTY
4627e904d3c8f292a0f1693f6dee3826ad96ce41c2dbd777fed58fc6472261f9,MONASH,-5332,hadron_count,raw_count,count,0x1.1080000000000p+9,AVAILABLE,WITHHELD_UNCERTAINTY
e2d3da2793305baa50252d2ebc10e5d1ad2c9fb38cb57f49bcd5c3527b4cc3a4,CLOSEPACKING,-5332,hadron_count,raw_weighted_sum,weighted_count,0x1.29ac000000000p+15,AVAILABLE,WITHHELD_UNCERTAINTY
5689bfaa4a971f8957e30d154f2babbfbd43f6fbef110e19eb67684c3538ab4d,JUNCTIONS,-5332,hadron_count,raw_weighted_sum,weighted_count,0x1.52ae000000000p+15,AVAILABLE,WITHHELD_UNCERTAINTY
5cafdb6635e2f65f567f4ae7f80a9ed18ab9fc9f3dfd4f974153f0bd65a6ee53,MONASH,-5332,hadron_count,raw_weighted_sum,weighted_count,0x1.1080000000000p+9,AVAILABLE,WITHHELD_UNCERTAINTY
1bf7a37e6f71cb7f0aa662e4c7cf38d870b028007fcb1f0cdffe39ebe5031630,CLOSEPACKING,-5334,beauty_plus_antibeauty_constituent_count,raw_count,count,0x1.3820000000000p+15,AVAILABLE,WITHHELD_UNCERTAINTY
5628f807f12f475b46e9cb58ec6e51303990b0c399e5da788b16cf7cf402249f,JUNCTIONS,-5334,beauty_plus_antibeauty_constituent_count,raw_count,count,0x1.0ad0000000000p+12,AVAILABLE,WITHHELD_UNCERTAINTY
2634f4c569a9bf2e7e1f21c4678a1b9c08d1561e7d76c808654c87b19c2765a2,MONASH,-5334,beauty_plus_antibeauty_constituent_count,raw_count,count,0x1.1340000000000p+10,AVAILABLE,WITHHELD_UNCERTAINTY
ed01ed0c9d015ee53a66fa126e648ea257922f49bf8d2cd98f1d62efc10e0ef5,CLOSEPACKING,-5334,beauty_plus_antibeauty_constituent_count,raw_weighted_sum,weighted_count,0x1.3820000000000p+15,AVAILABLE,WITHHELD_UNCERTAINTY
e54f2c6014a6870f4bdbef67f90b46861ceac398c61c620907acc6c2531702bc,JUNCTIONS,-5334,beauty_plus_antibeauty_constituent_count,raw_weighted_sum,weighted_count,0x1.0ad0000000000p+12,AVAILABLE,WITHHELD_UNCERTAINTY
f10be4d0eacb35230779dbc9ca25842d42dfb15fd1c918e1f1f3aab9039482cf,MONASH,-5334,beauty_plus_antibeauty_constituent_count,raw_weighted_sum,weighted_count,0x1.1340000000000p+10,AVAILABLE,WITHHELD_UNCERTAINTY
85574c64067dfbbfa9887b193260aeb6d674a6fbaaa36cba7bde5bd6dceed64d,CLOSEPACKING,-5334,charm_plus_anticharm_constituent_count,raw_count,count,0x0.0p+0,AVAILABLE,WITHHELD_UNCERTAINTY
8dfe118d4a3f197c817998b3ffffa91b27923deed93bca18d61fcd94796e7d03,JUNCTIONS,-5334,charm_plus_anticharm_constituent_count,raw_count,count,0x0.0p+0,AVAILABLE,WITHHELD_UNCERTAINTY
0a390b95bb55399e8ae02f623f1ce7591bf1f2054af752c66ce341f1cd881cc4,MONASH,-5334,charm_plus_anticharm_constituent_count,raw_count,count,0x0.0p+0,AVAILABLE,WITHHELD_UNCERTAINTY
08bc9e033932ce3998268ffd1c74a18d7ccddad460b4819c4772deb9c1aee1be,CLOSEPACKING,-5334,charm_plus_anticharm_constituent_count,raw_weighted_sum,weighted_count,0x0.0p+0,AVAILABLE,WITHHELD_UNCERTAINTY
33787cf7698b540e2bbc95c591a168277ad05996e57ae6a6a32945e8854ab17a,JUNCTIONS,-5334,charm_plus_anticharm_constituent_count,raw_weighted_sum,weighted_count,0x0.0p+0,AVAILABLE,WITHHELD_UNCERTAINTY
713528938c071de2739baa8259c893650a5d2f1c58fdb5f8c9b697500c4ab6ed,MONASH,-5334,charm_plus_anticharm_constituent_count,raw_weighted_sum,weighted_count,0x0.0p+0,AVAILABLE,WITHHELD_UNCERTAINTY
eb2e28c6cf34c272e1711831f94a19ec336a6e6ce7541f7c1bda57e084946b4a,CLOSEPACKING,-5334,hadron_count,normalized_yield,per_event,0x1.a2ed5558770f8p-12,AVAILABLE,AVAILABLE
ee46e17f3dcc08315caa4cdd5f06d554f415408c075d81b7978f23c7cca1ace0,JUNCTIONS,-5334,hadron_count,normalized_yield,per_event,0x1.661c13b1e3926p-15,AVAILABLE,AVAILABLE
3db9fc3a42d275f816544c439fad378935ec6d76afb5dcfec54473d54d9810b9,MONASH,-5334,hadron_count,normalized_yield,per_event,0x1.716f2e0b2b2c5p-17,AVAILABLE,AVAILABLE
beb835c688fd01fa365b15438d0d4d3cce3aa56190457d92335adfd7705dc7e9,CLOSEPACKING,-5334,hadron_count,raw_count,count,0x1.3820000000000p+15,AVAILABLE,WITHHELD_UNCERTAINTY
1d7d817e349341757f0e1d19540c9ae4c09a6558c731afaf4c2f82de1546a325,JUNCTIONS,-5334,hadron_count,raw_count,count,0x1.0ad0000000000p+12,AVAILABLE,WITHHELD_UNCERTAINTY
f59217467c3981af766c7b52cbb50d3799debb697ae2329ed1e0c5db71e18851,MONASH,-5334,hadron_count,raw_count,count,0x1.1340000000000p+10,AVAILABLE,WITHHELD_UNCERTAINTY
906b5b9b3ec5ea57a17b136284cfbc619ce19e0b073ef7d3c1adb7768a60c5bd,CLOSEPACKING,-5334,hadron_count,raw_weighted_sum,weighted_count,0x1.3820000000000p+15,AVAILABLE,WITHHELD_UNCERTAINTY
8c9efa649d37c756a92319df8ca926cb7e862e0a56d8d0d766a0df05b0ea899a,JUNCTIONS,-5334,hadron_count,raw_weighted_sum,weighted_count,0x1.0ad0000000000p+12,AVAILABLE,WITHHELD_UNCERTAINTY
527e89ed27311bb97a0588bc11d1a2cd2f300b4e5393f9bcf81b1c7c7fe5e936,MONASH,-5334,hadron_count,raw_weighted_sum,weighted_count,0x1.1340000000000p+10,AVAILABLE,WITHHELD_UNCERTAINTY
a4eb0c780ade914d94a2c01aa34be044063aae43c47925936bd5b5a1f324aa23,CLOSEPACKING,-5342,beauty_plus_antibeauty_constituent_count,raw_count,count,0x1.6300000000000p+9,AVAILABLE,WITHHELD_UNCERTAINTY
f630fa60c002dbf1a5b7c329d0a7f783c3ea7ffc7916dfc2acf4faae95114cc9,JUNCTIONS,-5342,beauty_plus_antibeauty_constituent_count,raw_count,count,0x1.7880000000000p+9,AVAILABLE,WITHHELD_UNCERTAINTY
f7968ca29973bfea19d6bebc6dcfaf998c162a8e71676c2151add50c2356ca0a,MONASH,-5342,beauty_plus_antibeauty_constituent_count,raw_count,count,0x0.0p+0,AVAILABLE,WITHHELD_UNCERTAINTY
c85e1cba2b86d9d7e96a63a60090fed31bcd5bc559f7aec02c5e144456d7d479,CLOSEPACKING,-5342,beauty_plus_antibeauty_constituent_count,raw_weighted_sum,weighted_count,0x1.6300000000000p+9,AVAILABLE,WITHHELD_UNCERTAINTY
12ca18c025c0942c825f9723c0de1c84e8f8f97700f98610ae59da25e92dd7d5,JUNCTIONS,-5342,beauty_plus_antibeauty_constituent_count,raw_weighted_sum,weighted_count,0x1.7880000000000p+9,AVAILABLE,WITHHELD_UNCERTAINTY
e1dc5cee2279d9d7b689db934eb4b6226686b24a8f8ffc3f03be110ad63a9527,MONASH,-5342,beauty_plus_antibeauty_constituent_count,raw_weighted_sum,weighted_count,0x0.0p+0,AVAILABLE,WITHHELD_UNCERTAINTY
f7407632b2b9667edb1f666439d70d3965b7e42549fc4444aa9dd3257ee8b454,CLOSEPACKING,-5342,charm_plus_anticharm_constituent_count,raw_count,count,0x1.6300000000000p+9,AVAILABLE,WITHHELD_UNCERTAINTY
bbe1b76988457c005ad5e8f63adc8b95198746b75fb02e2fc5080d5f33585832,JUNCTIONS,-5342,charm_plus_anticharm_constituent_count,raw_count,count,0x1.7880000000000p+9,AVAILABLE,WITHHELD_UNCERTAINTY
184cb46b401e94f3fa18e90dced55511342e9a48f8c8f6a265ed6ca30827387f,MONASH,-5342,charm_plus_anticharm_constituent_count,raw_count,count,0x0.0p+0,AVAILABLE,WITHHELD_UNCERTAINTY
775a18e821306352db6f0cdf9f98c26624882ff60aa016a4a371b636680c396e,CLOSEPACKING,-5342,charm_plus_anticharm_constituent_count,raw_weighted_sum,weighted_count,0x1.6300000000000p+9,AVAILABLE,WITHHELD_UNCERTAINTY
c509be2b31495643942905aff2ab53903aaeadf2b18da4b516eb0e27b18d67bb,JUNCTIONS,-5342,charm_plus_anticharm_constituent_count,raw_weighted_sum,weighted_count,0x1.7880000000000p+9,AVAILABLE,WITHHELD_UNCERTAINTY
f181b6668b5574614a30b0b9c7afaa217e062363c1ef4d142d17b2fb259db7c3,MONASH,-5342,charm_plus_anticharm_constituent_count,raw_weighted_sum,weighted_count,0x0.0p+0,AVAILABLE,WITHHELD_UNCERTAINTY
e87f439306516c08ae9f37136b97aa60e9e1bfda9df0f51405f9156530c9ae7f,CLOSEPACKING,-5342,hadron_count,normalized_yield,per_event,0x1.dc79123a95274p-18,AVAILABLE,AVAILABLE
6924c84a7d449fe7ff10a0680fa5318ce1dbc55ced494bd89680e533f731cd1b,JUNCTIONS,-5342,hadron_count,normalized_yield,per_event,0x1.f9546a3a8663bp-18,AVAILABLE,AVAILABLE
b690715518e77c52a2f482d7bd80253a1bcfa7b643c0b5f2809e19b9fd3275fb,MONASH,-5342,hadron_count,normalized_yield,per_event,0x0.0p+0,AVAILABLE,AVAILABLE_ZERO_DISPERSION
b42442e85fb99e7da0bbec541438c0ed09e73555fdae7d34995bc200f0da1a57,CLOSEPACKING,-5342,hadron_count,raw_count,count,0x1.6300000000000p+9,AVAILABLE,WITHHELD_UNCERTAINTY
c6221bb3651b1be7d7b8db155fd2ecadd9a24d4345606c90e08c5ffa0e41faa4,JUNCTIONS,-5342,hadron_count,raw_count,count,0x1.7880000000000p+9,AVAILABLE,WITHHELD_UNCERTAINTY
3bc6eeb7a8fca7949e393b3f4aa61255f50f493130ff5add53206c860abb0240,MONASH,-5342,hadron_count,raw_count,count,0x0.0p+0,AVAILABLE,WITHHELD_UNCERTAINTY
5319653cb75ef5c56ab31e0324d0f57d14e8a6f4921eb647a3d6a27afbed5ea8,CLOSEPACKING,-5342,hadron_count,raw_weighted_sum,weighted_count,0x1.6300000000000p+9,AVAILABLE,WITHHELD_UNCERTAINTY
6f5be989ce999251b26191746283c77d83bb86f80eb0c333776f3014ff952f9a,JUNCTIONS,-5342,hadron_count,raw_weighted_sum,weighted_count,0x1.7880000000000p+9,AVAILABLE,WITHHELD_UNCERTAINTY
c73a0d0e470241ae3028e3d392f4b273aa36e5f90cd3b7ac437a1e53d3712dba,MONASH,-5342,hadron_count,raw_weighted_sum,weighted_count,0x0.0p+0,AVAILABLE,WITHHELD_UNCERTAINTY
eee77c01b301ecd5b07946a2f47b9d9a9999b25faf43ed465eddb633ef958132,CLOSEPACKING,-541,beauty_plus_antibeauty_constituent_count,raw_count,count,0x1.4de0000000000p+11,AVAILABLE,WITHHELD_UNCERTAINTY
8fd907b8918229811418949d6295d640a3043861413fc6e622dd51c5519df133,JUNCTIONS,-541,beauty_plus_antibeauty_constituent_count,raw_count,count,0x1.7360000000000p+11,AVAILABLE,WITHHELD_UNCERTAINTY
7b99fba828af33626820ff4d52afc10960cee81bbf04103b0931823cdd908ae8,MONASH,-541,beauty_plus_antibeauty_constituent_count,raw_count,count,0x1.eb20000000000p+11,AVAILABLE,WITHHELD_UNCERTAINTY
45a0149f87cae487659ef7bb84c5f4270c515a80f14c9511e89cf32d41a9fa74,CLOSEPACKING,-541,beauty_plus_antibeauty_constituent_count,raw_weighted_sum,weighted_count,0x1.4de0000000000p+11,AVAILABLE,WITHHELD_UNCERTAINTY
09f1f46638411057f7901c2b01e86017b44d9c41d1f301acbb1f58707b221019,JUNCTIONS,-541,beauty_plus_antibeauty_constituent_count,raw_weighted_sum,weighted_count,0x1.7360000000000p+11,AVAILABLE,WITHHELD_UNCERTAINTY
dae2bfb4eb4c9ab0e367540e062111ba19e3f2fc5405d574f80dd62e79553517,MONASH,-541,beauty_plus_antibeauty_constituent_count,raw_weighted_sum,weighted_count,0x1.eb20000000000p+11,AVAILABLE,WITHHELD_UNCERTAINTY
6c01534b510d806cdd80488b703779767e1f6675b8b91b1c94435c4b1aee7271,CLOSEPACKING,-541,charm_plus_anticharm_constituent_count,raw_count,count,0x1.4de0000000000p+11,AVAILABLE,WITHHELD_UNCERTAINTY
4ce56eb6541dd6533c01d42ebc913c21caf1b8465050faec4b3e4502511baf2a,JUNCTIONS,-541,charm_plus_anticharm_constituent_count,raw_count,count,0x1.7360000000000p+11,AVAILABLE,WITHHELD_UNCERTAINTY
e5645bd42b59ace32b63806f26988bffa82e574f3d1a97b51edaf8cf30353e76,MONASH,-541,charm_plus_anticharm_constituent_count,raw_count,count,0x1.eb20000000000p+11,AVAILABLE,WITHHELD_UNCERTAINTY
f809167ff2711698493068234700716aa2d5ba6b1195244ecfca6bb63a228c11,CLOSEPACKING,-541,charm_plus_anticharm_constituent_count,raw_weighted_sum,weighted_count,0x1.4de0000000000p+11,AVAILABLE,WITHHELD_UNCERTAINTY
fa8e0456c7c18abadb9e5b9beb1a349bd14c70cb194418b40ad1620f4861f942,JUNCTIONS,-541,charm_plus_anticharm_constituent_count,raw_weighted_sum,weighted_count,0x1.7360000000000p+11,AVAILABLE,WITHHELD_UNCERTAINTY
1e714efee0a69e71cc5e52fb89c30064f3021debd570668aba90da3004b14d08,MONASH,-541,charm_plus_anticharm_constituent_count,raw_weighted_sum,weighted_count,0x1.eb20000000000p+11,AVAILABLE,WITHHELD_UNCERTAINTY
8a6e8b9fcfe782720f3d7bda34ac89255ba2ba60f48ddc00d9d2fbf3859deeb0,CLOSEPACKING,-541,hadron_count,normalized_yield,per_event,0x1.c01e9393f10e2p-16,AVAILABLE,AVAILABLE
3044960dab48b1c5462cd26bb000946ad67b1cd0874db8222100cbaf7483321d,JUNCTIONS,-541,hadron_count,normalized_yield,per_event,0x1.f2737a7612d6cp-16,AVAILABLE,AVAILABLE
9a54c643b4243c073615047a80ca41965a6f5adf61693ae069fd30fdf9d459f9,MONASH,-541,hadron_count,normalized_yield,per_event,0x1.4996a1ed7b182p-15,AVAILABLE,AVAILABLE
fd67ac000ed8aa9cfc8beeab30c9c1bdb2d5807923a20444a623ba8e17881c91,CLOSEPACKING,-541,hadron_count,raw_count,count,0x1.4de0000000000p+11,AVAILABLE,WITHHELD_UNCERTAINTY
550ed3e976a1fb3710bd970ed00a47f1e7da7898a4e6c4132a08c95adcb295e5,JUNCTIONS,-541,hadron_count,raw_count,count,0x1.7360000000000p+11,AVAILABLE,WITHHELD_UNCERTAINTY
3373fe2dfde31b26a01057b379a5195ea80de6631e56a61b9f204c734d6f23c2,MONASH,-541,hadron_count,raw_count,count,0x1.eb20000000000p+11,AVAILABLE,WITHHELD_UNCERTAINTY
69e9297af2fc1141bfc763bb6d9b1280b6c9f03c3ea0c9dc397ea317b4926e9c,CLOSEPACKING,-541,hadron_count,raw_weighted_sum,weighted_count,0x1.4de0000000000p+11,AVAILABLE,WITHHELD_UNCERTAINTY
0ffdc1b8a618846fece3a68875eb9262f147fb350f19793294e7500a4b52bd01,JUNCTIONS,-541,hadron_count,raw_weighted_sum,weighted_count,0x1.7360000000000p+11,AVAILABLE,WITHHELD_UNCERTAINTY
87cf339208ebf0bb01a2c7d2e15e8e0ab979213080f8bf5c07f731c3c21ce583,MONASH,-541,hadron_count,raw_weighted_sum,weighted_count,0x1.eb20000000000p+11,AVAILABLE,WITHHELD_UNCERTAINTY
3506d4650cb29be36285bf7d4e8d378228bf6799166e4208d503895ffd390bcf,CLOSEPACKING,-5412,beauty_plus_antibeauty_constituent_count,raw_count,count,0x1.fb80000000000p+11,AVAILABLE,WITHHELD_UNCERTAINTY
74ba6c84a2f1029f015814f709f404bd0b2eff0959cec29613577ee61187224e,JUNCTIONS,-5412,beauty_plus_antibeauty_constituent_count,raw_count,count,0x1.5e00000000000p+12,AVAILABLE,WITHHELD_UNCERTAINTY
66ee01fc6d53794f8576c20cc53707ad400deb77a8f3a690e3baf5020a1bae2f,MONASH,-5412,beauty_plus_antibeauty_constituent_count,raw_count,count,0x0.0p+0,AVAILABLE,WITHHELD_UNCERTAINTY
2d378044bc89bdaa580ca28529847b59a5f901618a60d4fea6db207f080aea8a,CLOSEPACKING,-5412,beauty_plus_antibeauty_constituent_count,raw_weighted_sum,weighted_count,0x1.fb80000000000p+11,AVAILABLE,WITHHELD_UNCERTAINTY
cdea03f0fac8bb4780c838f0d8f7104989d77934e8a49612e83cc9328e2f615e,JUNCTIONS,-5412,beauty_plus_antibeauty_constituent_count,raw_weighted_sum,weighted_count,0x1.5e00000000000p+12,AVAILABLE,WITHHELD_UNCERTAINTY
5c95a161b756bd1f836844c52d5f4bdf0545d1e8d30b618c45ddbb6762b9953b,MONASH,-5412,beauty_plus_antibeauty_constituent_count,raw_weighted_sum,weighted_count,0x0.0p+0,AVAILABLE,WITHHELD_UNCERTAINTY
fa63d003385016121a83b5a32345afa52768fe3cffb3f8a134076b806e8fb82a,CLOSEPACKING,-5412,charm_plus_anticharm_constituent_count,raw_count,count,0x1.fb80000000000p+11,AVAILABLE,WITHHELD_UNCERTAINTY
e8a50c570d576b2a1cfd50cad668d3cc9947863bdb0cdd948af01f4c5b48a882,JUNCTIONS,-5412,charm_plus_anticharm_constituent_count,raw_count,count,0x1.5e00000000000p+12,AVAILABLE,WITHHELD_UNCERTAINTY
75330f0a02f8681bc639ea13e1b0929abbc60034eb1227ab9cf5b35ffa937bb9,MONASH,-5412,charm_plus_anticharm_constituent_count,raw_count,count,0x0.0p+0,AVAILABLE,WITHHELD_UNCERTAINTY
a41752e34d52bc1bbc1121d396bd5e981cca6a6a4eb4855d2829f9462ccffa78,CLOSEPACKING,-5412,charm_plus_anticharm_constituent_count,raw_weighted_sum,weighted_count,0x1.fb80000000000p+11,AVAILABLE,WITHHELD_UNCERTAINTY
8fb203cb9e1ed4511f288774d704f0103ae1f1d4ba14597909a2ed3e617c854d,JUNCTIONS,-5412,charm_plus_anticharm_constituent_count,raw_weighted_sum,weighted_count,0x1.5e00000000000p+12,AVAILABLE,WITHHELD_UNCERTAINTY
b876279957040e34b33d75a65e459950f7c5801ee04897e4578eba066fbb3c82,MONASH,-5412,charm_plus_anticharm_constituent_count,raw_weighted_sum,weighted_count,0x0.0p+0,AVAILABLE,WITHHELD_UNCERTAINTY
f489b0a4cc5d45e199d940b9e16d00c590068faffb415ab34727941c3e1a9669,CLOSEPACKING,-5412,hadron_count,normalized_yield,per_event,0x1.5493d60b39efep-15,AVAILABLE,AVAILABLE
05f6ce8b09dd9068395a8ead47d406894fda290c5798acac2ebb4267478348b1,JUNCTIONS,-5412,hadron_count,normalized_yield,per_event,0x1.d5c31593e5fb7p-15,AVAILABLE,AVAILABLE
88a0262f7d0d3312ce889ade48070a51559b5737a9a45242a8e77ea4edaaf7d6,MONASH,-5412,hadron_count,normalized_yield,per_event,0x0.0p+0,AVAILABLE,AVAILABLE_ZERO_DISPERSION
39c1c48a544b0b8cc2dfb80c34f58fb38150d6f96ccff3d223e9d35463bc45b0,CLOSEPACKING,-5412,hadron_count,raw_count,count,0x1.fb80000000000p+11,AVAILABLE,WITHHELD_UNCERTAINTY
51caac38af70ab9f6c034e824647e387d599510f25362e22ced8999ba4c0d714,JUNCTIONS,-5412,hadron_count,raw_count,count,0x1.5e00000000000p+12,AVAILABLE,WITHHELD_UNCERTAINTY
bd928f7a57eb498b0e285b47211e6f62734e3c971cdc0ce478a5afac7e2d9c7d,MONASH,-5412,hadron_count,raw_count,count,0x0.0p+0,AVAILABLE,WITHHELD_UNCERTAINTY
6d801173ad61bbb0a16e87299ea9d57db246e3a985f1cc984f05ff83a5746567,CLOSEPACKING,-5412,hadron_count,raw_weighted_sum,weighted_count,0x1.fb80000000000p+11,AVAILABLE,WITHHELD_UNCERTAINTY
b43b17364e771f6034ad1ba9547bb1bd49963ba6bf77c65bc5ba0206b16a0082,JUNCTIONS,-5412,hadron_count,raw_weighted_sum,weighted_count,0x1.5e00000000000p+12,AVAILABLE,WITHHELD_UNCERTAINTY
535a21c24ca9bde31a40c25d68d08fce667abfa30be79c7fe5f96fd3288f019e,MONASH,-5412,hadron_count,raw_weighted_sum,weighted_count,0x0.0p+0,AVAILABLE,WITHHELD_UNCERTAINTY
b2c411361d464f2b5404ed2a5868eb4d69f0a4875c358ae1380f757c2e8a9b5c,CLOSEPACKING,-5414,beauty_plus_antibeauty_constituent_count,raw_count,count,0x1.1cd0000000000p+12,AVAILABLE,WITHHELD_UNCERTAINTY
16349590d060f6d8fd1f68f0d58847b6ff4d3d62e4e8848e08a6b57a90fdd105,JUNCTIONS,-5414,beauty_plus_antibeauty_constituent_count,raw_count,count,0x1.bd80000000000p+9,AVAILABLE,WITHHELD_UNCERTAINTY
2f6c06c0de209b108cb075791aab45f76d2d3fdd5580cdec48e1dbba0b6ecf18,MONASH,-5414,beauty_plus_antibeauty_constituent_count,raw_count,count,0x0.0p+0,AVAILABLE,WITHHELD_UNCERTAINTY
127b84002ce00615752d9feb0376dae9f032cb2a1bf2c7f2c5ac1bff758fbf67,CLOSEPACKING,-5414,beauty_plus_antibeauty_constituent_count,raw_weighted_sum,weighted_count,0x1.1cd0000000000p+12,AVAILABLE,WITHHELD_UNCERTAINTY
d5548251b990fccc01795212bdb002c0d2ff256e1472beb95f5a75cb153055c8,JUNCTIONS,-5414,beauty_plus_antibeauty_constituent_count,raw_weighted_sum,weighted_count,0x1.bd80000000000p+9,AVAILABLE,WITHHELD_UNCERTAINTY
4c729b3766f25e07536be6a94cc1343a869404dbe3d080a54aff6b3015fb72bf,MONASH,-5414,beauty_plus_antibeauty_constituent_count,raw_weighted_sum,weighted_count,0x0.0p+0,AVAILABLE,WITHHELD_UNCERTAINTY
dd54b6a55e4869343872b8b5fb32827372872bda4ded0e1ed24d03f5a137eb8e,CLOSEPACKING,-5414,charm_plus_anticharm_constituent_count,raw_count,count,0x1.1cd0000000000p+12,AVAILABLE,WITHHELD_UNCERTAINTY
c522dac7795930e9458beef7ad1effdefbee26d4bc5d1d1316d853fdaebe3044,JUNCTIONS,-5414,charm_plus_anticharm_constituent_count,raw_count,count,0x1.bd80000000000p+9,AVAILABLE,WITHHELD_UNCERTAINTY
7dc960c230a78587c470c6add80a273948916e4e53863f2b6d98ba8dbd9c668e,MONASH,-5414,charm_plus_anticharm_constituent_count,raw_count,count,0x0.0p+0,AVAILABLE,WITHHELD_UNCERTAINTY
9a1fb01b9fb78adb5827c751d0effd7b5a4bc305c978bbe55e2236c006a1bb6f,CLOSEPACKING,-5414,charm_plus_anticharm_constituent_count,raw_weighted_sum,weighted_count,0x1.1cd0000000000p+12,AVAILABLE,WITHHELD_UNCERTAINTY
bd56d93977eb48b430281e18301a3432186830908dcbbd23911db3f76011adc7,JUNCTIONS,-5414,charm_plus_anticharm_constituent_count,raw_weighted_sum,weighted_count,0x1.bd80000000000p+9,AVAILABLE,WITHHELD_UNCERTAINTY
023771bf919c5cc858a0dca2876b9a30d5d0373404d0b25232a90d366c4d1cf7,MONASH,-5414,charm_plus_anticharm_constituent_count,raw_weighted_sum,weighted_count,0x0.0p+0,AVAILABLE,WITHHELD_UNCERTAINTY
c48568cb00d5088be786f1b57232ff4f6a2a092a1824ebcea25d03a1c196c734,CLOSEPACKING,-5414,hadron_count,normalized_yield,per_event,0x1.7e44d4705a302p-15,AVAILABLE,AVAILABLE
30683dc375a49ab5ab80c565ac6ef60a7ed9092b297065b0ace053d4c5235536,JUNCTIONS,-5414,hadron_count,normalized_yield,per_event,0x1.2af85134fbe03p-17,AVAILABLE,AVAILABLE
dde2fedc11e2f35cfbcdf49a5192849d56b59b0e7d436152a7f6843deeeb43a4,MONASH,-5414,hadron_count,normalized_yield,per_event,0x0.0p+0,AVAILABLE,AVAILABLE_ZERO_DISPERSION
b5ccc93e2ade143c6f0d02b4d8f76add421c9db911705b24f5ca4a914884af70,CLOSEPACKING,-5414,hadron_count,raw_count,count,0x1.1cd0000000000p+12,AVAILABLE,WITHHELD_UNCERTAINTY
d97fd9b8c0f8b8b13b112fddac71a4e7be2cade585090482305382cf3f03240b,JUNCTIONS,-5414,hadron_count,raw_count,count,0x1.bd80000000000p+9,AVAILABLE,WITHHELD_UNCERTAINTY
098ca8cb85f0fde013dc0c328bca010dac68993f3129b529751a45fc12e97986,MONASH,-5414,hadron_count,raw_count,count,0x0.0p+0,AVAILABLE,WITHHELD_UNCERTAINTY
e5a68f9427b4854596373b3fedc4b26d28f18316724b360effdbf4c30342d01a,CLOSEPACKING,-5414,hadron_count,raw_weighted_sum,weighted_count,0x1.1cd0000000000p+12,AVAILABLE,WITHHELD_UNCERTAINTY
fd8b60912f2bf9d67a6a3c3b01a54c06d21b5d6d49662df4c0520441dd313cbb,JUNCTIONS,-5414,hadron_count,raw_weighted_sum,weighted_count,0x1.bd80000000000p+9,AVAILABLE,WITHHELD_UNCERTAINTY
1d1ae3c0af1c9c4ddaf6f64284189e7abe3dc9768f7ccf6dbb9d6fa7c5c7b24c,MONASH,-5414,hadron_count,raw_weighted_sum,weighted_count,0x0.0p+0,AVAILABLE,WITHHELD_UNCERTAINTY
6efa5f50fb7132a78e3fd6a2d46a3c9dfb93225fc7b4667528437c8eb53aa120,CLOSEPACKING,-5422,beauty_plus_antibeauty_constituent_count,raw_count,count,0x1.ec20000000000p+11,AVAILABLE,WITHHELD_UNCERTAINTY
098714ea45c3134caccecd4f9203aa53309dd27147ec3b61bfe8675e2be0b103,JUNCTIONS,-5422,beauty_plus_antibeauty_constituent_count,raw_count,count,0x1.5b40000000000p+12,AVAILABLE,WITHHELD_UNCERTAINTY
9ab6bbde98ccf3adc79ac98575ae2bc5b64c7c14c5bfddd858d7ddf42e3cb554,MONASH,-5422,beauty_plus_antibeauty_constituent_count,raw_count,count,0x0.0p+0,AVAILABLE,WITHHELD_UNCERTAINTY
e86846d3ee19a26ec7da551c8cc0b9d71fd6f61c4d9995e4040861e5e1824e2c,CLOSEPACKING,-5422,beauty_plus_antibeauty_constituent_count,raw_weighted_sum,weighted_count,0x1.ec20000000000p+11,AVAILABLE,WITHHELD_UNCERTAINTY
d27a7e65114bee95532106bd017f130e79078fc57a4538ee1f03a4867dc1efe5,JUNCTIONS,-5422,beauty_plus_antibeauty_constituent_count,raw_weighted_sum,weighted_count,0x1.5b40000000000p+12,AVAILABLE,WITHHELD_UNCERTAINTY
677c889b56f46ee4b43d6e2ecc55e068673eec75b6bc097d99b4d8ec0623a307,MONASH,-5422,beauty_plus_antibeauty_constituent_count,raw_weighted_sum,weighted_count,0x0.0p+0,AVAILABLE,WITHHELD_UNCERTAINTY
fbf5d431a26b58d2e79600d500e3111ee7566b27b5c22a8f91cf025914238fcb,CLOSEPACKING,-5422,charm_plus_anticharm_constituent_count,raw_count,count,0x1.ec20000000000p+11,AVAILABLE,WITHHELD_UNCERTAINTY
3f111ac4c570bb2ae76d7b1188d9bff86b41f6b7e2a05a7fb705c484ad371e27,JUNCTIONS,-5422,charm_plus_anticharm_constituent_count,raw_count,count,0x1.5b40000000000p+12,AVAILABLE,WITHHELD_UNCERTAINTY
6a79be1f422301a0791b0d623dcca957a4321ad0f04cff2e8e7755c1de057abb,MONASH,-5422,charm_plus_anticharm_constituent_count,raw_count,count,0x0.0p+0,AVAILABLE,WITHHELD_UNCERTAINTY
b9b2118ebb12e432c544f5ef4e90c422212b1c3043ae432c67019596f0e7767c,CLOSEPACKING,-5422,charm_plus_anticharm_constituent_count,raw_weighted_sum,weighted_count,0x1.ec20000000000p+11,AVAILABLE,WITHHELD_UNCERTAINTY
585c3038a882fbcd57c1217ec1af52ff0607e448024068ed27fd62ae0ae436d2,JUNCTIONS,-5422,charm_plus_anticharm_constituent_count,raw_weighted_sum,weighted_count,0x1.5b40000000000p+12,AVAILABLE,WITHHELD_UNCERTAINTY
289923ce33dd9776ec8be6e3f3d956b60b591ad41ef852c970b38bea58655770,MONASH,-5422,charm_plus_anticharm_constituent_count,raw_weighted_sum,weighted_count,0x0.0p+0,AVAILABLE,WITHHELD_UNCERTAINTY
4b5bfa86b63ea0e632c824e5629b474e585dc891c467a968027a81966643141a,CLOSEPACKING,-5422,hadron_count,normalized_yield,per_event,0x1.4a426e648c9c8p-15,AVAILABLE,AVAILABLE
c4282f95286c8fda0df48b4565f339354147ef29dabe293f1aced76cf6e3a0af,JUNCTIONS,-5422,hadron_count,normalized_yield,per_event,0x1.d212310505a36p-15,AVAILABLE,AVAILABLE
86b4a4a4652801d775b1256eb247cc61402771c419c8d4f391c52cdcb1e467b6,MONASH,-5422,hadron_count,normalized_yield,per_event,0x0.0p+0,AVAILABLE,AVAILABLE_ZERO_DISPERSION
ad719b17dfe43185e18f65c8df0812f621bba2eff0567072dd62a553732f35ce,CLOSEPACKING,-5422,hadron_count,raw_count,count,0x1.ec20000000000p+11,AVAILABLE,WITHHELD_UNCERTAINTY
02b5598b1a47d4755a8b79b790444306d188f7cd6ebc5b90e9be01a20483cf12,JUNCTIONS,-5422,hadron_count,raw_count,count,0x1.5b40000000000p+12,AVAILABLE,WITHHELD_UNCERTAINTY
70fd72081cce72897277318a343e141a9c6aa54dac752a7edd606719c6606058,MONASH,-5422,hadron_count,raw_count,count,0x0.0p+0,AVAILABLE,WITHHELD_UNCERTAINTY
c0be8af87c689b2f6e0129cd78264513c700fb9b55c118a477b68c23dce10536,CLOSEPACKING,-5422,hadron_count,raw_weighted_sum,weighted_count,0x1.ec20000000000p+11,AVAILABLE,WITHHELD_UNCERTAINTY
fd66dce858ca7b6bf54cc7229633bedbad275d6f904f399aa86d7a365ff9dae8,JUNCTIONS,-5422,hadron_count,raw_weighted_sum,weighted_count,0x1.5b40000000000p+12,AVAILABLE,WITHHELD_UNCERTAINTY
2ed526e96d9e00524294635083561d20b1d780c6d3c66c4f93ff5552af55127b,MONASH,-5422,hadron_count,raw_weighted_sum,weighted_count,0x0.0p+0,AVAILABLE,WITHHELD_UNCERTAINTY
912ccb5b7ef6689c8f199d5f666b5a4685e91b0bb9aa310fa20714ff374d40d1,CLOSEPACKING,-5424,beauty_plus_antibeauty_constituent_count,raw_count,count,0x1.1af0000000000p+12,AVAILABLE,WITHHELD_UNCERTAINTY
67382aeff59a58e0d47a56e98c31d90b4937da3b61d0b3684c7453ab37e766ba,JUNCTIONS,-5424,beauty_plus_antibeauty_constituent_count,raw_count,count,0x1.b480000000000p+9,AVAILABLE,WITHHELD_UNCERTAINTY
fa9f119140d4f403b74c52045a29518220f1aec58b5baedc8bc27f8af29ef356,MONASH,-5424,beauty_plus_antibeauty_constituent_count,raw_count,count,0x0.0p+0,AVAILABLE,WITHHELD_UNCERTAINTY
6b323d5e9d042d18a629d52c4df3491acf69bfaea0218dca764a2f9a23646388,CLOSEPACKING,-5424,beauty_plus_antibeauty_constituent_count,raw_weighted_sum,weighted_count,0x1.1af0000000000p+12,AVAILABLE,WITHHELD_UNCERTAINTY
fb9b8d6e67e6120dfff6f94f1d3c7ae6681cd9f331c7e82c30f276ba65472174,JUNCTIONS,-5424,beauty_plus_antibeauty_constituent_count,raw_weighted_sum,weighted_count,0x1.b480000000000p+9,AVAILABLE,WITHHELD_UNCERTAINTY
5557bf531320aaac19af8f72d16b1f747a54287d992315b3159a7bd386416727,MONASH,-5424,beauty_plus_antibeauty_constituent_count,raw_weighted_sum,weighted_count,0x0.0p+0,AVAILABLE,WITHHELD_UNCERTAINTY
c7e56c24408e05da3c2d296dcb53f8784dcb664474ee7dd7d52e23502adc2a83,CLOSEPACKING,-5424,charm_plus_anticharm_constituent_count,raw_count,count,0x1.1af0000000000p+12,AVAILABLE,WITHHELD_UNCERTAINTY
aff413271566f8aecad3ec221bbbe822980f4bbc3a98b8d4aa93768d1a045a41,JUNCTIONS,-5424,charm_plus_anticharm_constituent_count,raw_count,count,0x1.b480000000000p+9,AVAILABLE,WITHHELD_UNCERTAINTY
cab69fafc6182af2d3892c383734145a5d55233f7ced32cfe30379d57c9b59da,MONASH,-5424,charm_plus_anticharm_constituent_count,raw_count,count,0x0.0p+0,AVAILABLE,WITHHELD_UNCERTAINTY
d9a6397913f9c6d276c8c02e5ef6fc6b6a1a0a21ced9a3afec3fb351db5c475c,CLOSEPACKING,-5424,charm_plus_anticharm_constituent_count,raw_weighted_sum,weighted_count,0x1.1af0000000000p+12,AVAILABLE,WITHHELD_UNCERTAINTY
661526b54df98df0be8f1c8382a3a2c1f856fd85d35db824e94dca4a9322e3be,JUNCTIONS,-5424,charm_plus_anticharm_constituent_count,raw_weighted_sum,weighted_count,0x1.b480000000000p+9,AVAILABLE,WITHHELD_UNCERTAINTY
43593af16723b021868b39853b2405db26c09b4b542514504b984784640f821b,MONASH,-5424,charm_plus_anticharm_constituent_count,raw_weighted_sum,weighted_count,0x0.0p+0,AVAILABLE,WITHHELD_UNCERTAINTY
b02f64e1a019a06a642b22e643e85d7611ffc9381c716e5c0be4447110fa202a,CLOSEPACKING,-5424,hadron_count,normalized_yield,per_event,0x1.7bc095b1d87fbp-15,AVAILABLE,AVAILABLE
fb6a0f2c677a57806efea78def16c7e0138649ed69695ffc90bd4d5b8af26a06,JUNCTIONS,-5424,hadron_count,normalized_yield,per_event,0x1.24ee21055e38cp-17,AVAILABLE,AVAILABLE
7917d1374b95895355ef88dac0739da06ee7be013e5e323380d31aac83aeeb6b,MONASH,-5424,hadron_count,normalized_yield,per_event,0x0.0p+0,AVAILABLE,AVAILABLE_ZERO_DISPERSION
4713c14fad45d5ea78c663ebdcaf2c7355c81b7173f38ef610e5819a8b482511,CLOSEPACKING,-5424,hadron_count,raw_count,count,0x1.1af0000000000p+12,AVAILABLE,WITHHELD_UNCERTAINTY
f1854e666c599c6dc392378d702e298dc6867fe07a08807253272200c33d0ed6,JUNCTIONS,-5424,hadron_count,raw_count,count,0x1.b480000000000p+9,AVAILABLE,WITHHELD_UNCERTAINTY
aec6172ae0bb9e357cb332d9dee0b2e123bfff8a7d6882b9d05bd4400dc699c5,MONASH,-5424,hadron_count,raw_count,count,0x0.0p+0,AVAILABLE,WITHHELD_UNCERTAINTY
a8c03636a55c09b4d9dbf6650a3a7a210fe51b37f0bcae7e822461fa7d94054b,CLOSEPACKING,-5424,hadron_count,raw_weighted_sum,weighted_count,0x1.1af0000000000p+12,AVAILABLE,WITHHELD_UNCERTAINTY
bb15c208824743092d9c985e0038912317c8f60ec78a7942ff6b5c280ca500f7,JUNCTIONS,-5424,hadron_count,raw_weighted_sum,weighted_count,0x1.b480000000000p+9,AVAILABLE,WITHHELD_UNCERTAINTY
0f4a2655990bd48de976609aa4e1fae2306b5c30a13582d13290ed996af3d735,MONASH,-5424,hadron_count,raw_weighted_sum,weighted_count,0x0.0p+0,AVAILABLE,WITHHELD_UNCERTAINTY
fa7d95ff2adbd49b9041a7076a673e6a0da48572b010ead7c945137530170f7f,CLOSEPACKING,-543,beauty_plus_antibeauty_constituent_count,raw_count,count,0x1.6090000000000p+12,AVAILABLE,WITHHELD_UNCERTAINTY
7eb07b2c3a9f2b66454e5caf6ba8f9825c3ff826a5e17ab8a92ccabb5bcd9edb,JUNCTIONS,-543,beauty_plus_antibeauty_constituent_count,raw_count,count,0x1.90d0000000000p+12,AVAILABLE,WITHHELD_UNCERTAINTY
a7c2897519af148b06fda7a8fb0f0bdd7dbeafb26e3dc79cb565b03c0d844f69,MONASH,-543,beauty_plus_antibeauty_constituent_count,raw_count,count,0x1.0fa8000000000p+13,AVAILABLE,WITHHELD_UNCERTAINTY
449f513c2bdc182aafb251dd362d7fe740e84f83882697e63dd341e27d0986a2,CLOSEPACKING,-543,beauty_plus_antibeauty_constituent_count,raw_weighted_sum,weighted_count,0x1.6090000000000p+12,AVAILABLE,WITHHELD_UNCERTAINTY
b711c5479f961deaa38dcf4c454b7ac0eefe3cc46c47aa420cb80b404de5b66d,JUNCTIONS,-543,beauty_plus_antibeauty_constituent_count,raw_weighted_sum,weighted_count,0x1.90d0000000000p+12,AVAILABLE,WITHHELD_UNCERTAINTY
555176d9e2c2c74ed535a08abd704f22fda7232dd2b07f9d072def04cb1bc660,MONASH,-543,beauty_plus_antibeauty_constituent_count,raw_weighted_sum,weighted_count,0x1.0fa8000000000p+13,AVAILABLE,WITHHELD_UNCERTAINTY
894450fb93e348c718d59c8f47af49bc89f4d88850c122f9786c7978649bc8a9,CLOSEPACKING,-543,charm_plus_anticharm_constituent_count,raw_count,count,0x1.6090000000000p+12,AVAILABLE,WITHHELD_UNCERTAINTY
61781c3db009e9041b034d734e732aceecdb9d257297ae1c948fe44b333dd85d,JUNCTIONS,-543,charm_plus_anticharm_constituent_count,raw_count,count,0x1.90d0000000000p+12,AVAILABLE,WITHHELD_UNCERTAINTY
c94ac40e6263e7d0232d680509a6d92f1e1dfb396fe26a53ad60b3d753935054,MONASH,-543,charm_plus_anticharm_constituent_count,raw_count,count,0x1.0fa8000000000p+13,AVAILABLE,WITHHELD_UNCERTAINTY
037d634e30d178d5f4a66e7e71b411c72284e4f3d5c21ba066f7a6e47043f88f,CLOSEPACKING,-543,charm_plus_anticharm_constituent_count,raw_weighted_sum,weighted_count,0x1.6090000000000p+12,AVAILABLE,WITHHELD_UNCERTAINTY
b24839db280289af2e5f99c519eeee016d7e323f0765048670368ff5c2c8456d,JUNCTIONS,-543,charm_plus_anticharm_constituent_count,raw_weighted_sum,weighted_count,0x1.90d0000000000p+12,AVAILABLE,WITHHELD_UNCERTAINTY
96b08efe10e60aadc3d81448a49ca0aba04cb6473975777ad1abbf5326600053,MONASH,-543,charm_plus_anticharm_constituent_count,raw_weighted_sum,weighted_count,0x1.0fa8000000000p+13,AVAILABLE,WITHHELD_UNCERTAINTY
06ffe37d55c62daf6d3f99da7fe966cc77ee97e8d9e8a45190bafce17150548e,CLOSEPACKING,-543,hadron_count,normalized_yield,per_event,0x1.d9338d761fc1ep-15,AVAILABLE,AVAILABLE
07be0a2d26d7c93e72dd5f78c14cffe4a5f2f55232ce5fcb6e88c24b5355f46d,JUNCTIONS,-543,hadron_count,normalized_yield,per_event,0x1.0cfb102c1d146p-14,AVAILABLE,AVAILABLE
a6598dde68215350a81e0053e3aa075474f6ba7219cfff6084d12ce280f53999,MONASH,-543,hadron_count,normalized_yield,per_event,0x1.6c9c60735d44dp-14,AVAILABLE,AVAILABLE
280171a5e46b0f99d573daf6853c9a581019db370f2aae19b0d020578704a5f7,CLOSEPACKING,-543,hadron_count,raw_count,count,0x1.6090000000000p+12,AVAILABLE,WITHHELD_UNCERTAINTY
ae3833775a040041bec38f622adfe7bf0cb8d35b9e36208f975b849953085338,JUNCTIONS,-543,hadron_count,raw_count,count,0x1.90d0000000000p+12,AVAILABLE,WITHHELD_UNCERTAINTY
e624ba80720dcbe8b704d8a75b314e4436bec251617e63a52efec2c50228d88e,MONASH,-543,hadron_count,raw_count,count,0x1.0fa8000000000p+13,AVAILABLE,WITHHELD_UNCERTAINTY
32bf687dad63e9543e06fcfce1724cc9d3b2134ebbbe7e9f94f3d6c22b7be5ba,CLOSEPACKING,-543,hadron_count,raw_weighted_sum,weighted_count,0x1.6090000000000p+12,AVAILABLE,WITHHELD_UNCERTAINTY
8812ff61f0856787d736470ce7a488ce00a16fc1eae4e4c33b96bf45ed89b13a,JUNCTIONS,-543,hadron_count,raw_weighted_sum,weighted_count,0x1.90d0000000000p+12,AVAILABLE,WITHHELD_UNCERTAINTY
a2477b4dd8d3c89e8b6aa3262cc596efce6a2768bac99521b3a273343c59234f,MONASH,-543,hadron_count,raw_weighted_sum,weighted_count,0x1.0fa8000000000p+13,AVAILABLE,WITHHELD_UNCERTAINTY
24a4a91620d8243bd78e2bbba9d1c2132b59b74c20f515d499f505ff402ae578,CLOSEPACKING,-5432,beauty_plus_antibeauty_constituent_count,raw_count,count,0x1.8780000000000p+9,AVAILABLE,WITHHELD_UNCERTAINTY
6cc9d587d8739af84c978c3fe5c3c23f921e599a5147d8fa5fd83e06dc6bcf1d,JUNCTIONS,-5432,beauty_plus_antibeauty_constituent_count,raw_count,count,0x1.00c0000000000p+10,AVAILABLE,WITHHELD_UNCERTAINTY
ea45a1e9a6f33512830641cb4de4ca427c303b9e4fa2d9dff0d85fe321dac916,MONASH,-5432,beauty_plus_antibeauty_constituent_count,raw_count,count,0x0.0p+0,AVAILABLE,WITHHELD_UNCERTAINTY
f46eaaa1dd4a24fe9d73bd534241c1b151559d7e52fccf3c90844d7224778fa7,CLOSEPACKING,-5432,beauty_plus_antibeauty_constituent_count,raw_weighted_sum,weighted_count,0x1.8780000000000p+9,AVAILABLE,WITHHELD_UNCERTAINTY
b22cadc770bd2a7c387fc169c699d007089e60877e3fed49e3b97e65cb485122,JUNCTIONS,-5432,beauty_plus_antibeauty_constituent_count,raw_weighted_sum,weighted_count,0x1.00c0000000000p+10,AVAILABLE,WITHHELD_UNCERTAINTY
f321b089cc7c649f02861c9b9470f76bf432734e55206bbed0f2a236f646b71e,MONASH,-5432,beauty_plus_antibeauty_constituent_count,raw_weighted_sum,weighted_count,0x0.0p+0,AVAILABLE,WITHHELD_UNCERTAINTY
5c008e972206bed1b3fbaf59d7df4e1b8acdb41cdd3e20e48578fd8a92a77b22,CLOSEPACKING,-5432,charm_plus_anticharm_constituent_count,raw_count,count,0x1.8780000000000p+9,AVAILABLE,WITHHELD_UNCERTAINTY
2d9ba40e2b832e4605bb8388c7cb3f52cef1c4d440db2ce2713cf8c4fb8662f2,JUNCTIONS,-5432,charm_plus_anticharm_constituent_count,raw_count,count,0x1.00c0000000000p+10,AVAILABLE,WITHHELD_UNCERTAINTY
08ac5f8640b134ee41bb191a58cb1690b13054d712bf1450403e351654d97408,MONASH,-5432,charm_plus_anticharm_constituent_count,raw_count,count,0x0.0p+0,AVAILABLE,WITHHELD_UNCERTAINTY
15d3a3ada4067b65c23447caae461896388bf6d0af921a29d20eecc22a62f2f4,CLOSEPACKING,-5432,charm_plus_anticharm_constituent_count,raw_weighted_sum,weighted_count,0x1.8780000000000p+9,AVAILABLE,WITHHELD_UNCERTAINTY
b56ca459c0ba6ffaf2990bb0f29e58341ec84a6788f621a7a4a92a1a55373e86,JUNCTIONS,-5432,charm_plus_anticharm_constituent_count,raw_weighted_sum,weighted_count,0x1.00c0000000000p+10,AVAILABLE,WITHHELD_UNCERTAINTY
155bc259253d0897d28d82bfd0134fa304ea65b1f762a181da779e4f0e4234b8,MONASH,-5432,charm_plus_anticharm_constituent_count,raw_weighted_sum,weighted_count,0x0.0p+0,AVAILABLE,WITHHELD_UNCERTAINTY
c614d69835e43ff9503b0b9123211a04f9096daf6cd4e43b3676b7498710530e,CLOSEPACKING,-5432,hadron_count,normalized_yield,per_event,0x1.06bb301749f39p-17,AVAILABLE,AVAILABLE
74c5601b03bb4f3ac88bfbac6cd17b52c051c4220f8568872748bd706f3bffb9,JUNCTIONS,-5432,hadron_count,normalized_yield,per_event,0x1.589aa0d5a30a3p-17,AVAILABLE,AVAILABLE
4beaa79f4bfb278a62fc87e060501ec993bc03406f9da097934b4db446378882,MONASH,-5432,hadron_count,normalized_yield,per_event,0x0.0p+0,AVAILABLE,AVAILABLE_ZERO_DISPERSION
06ba4aea6dbd6a88a03cef8f0965c0be21a577aa2d43d166111489bf3eaebd85,CLOSEPACKING,-5432,hadron_count,raw_count,count,0x1.8780000000000p+9,AVAILABLE,WITHHELD_UNCERTAINTY
106e6ecdb2c8ba00a76963e9205ed27398a2ec86dc948634a8cfdb9b94f0ed0f,JUNCTIONS,-5432,hadron_count,raw_count,count,0x1.00c0000000000p+10,AVAILABLE,WITHHELD_UNCERTAINTY
8ca2da5a4fdee3bf399030cd93462d26b7fe626b6bafa36363534f2fc519b0c5,MONASH,-5432,hadron_count,raw_count,count,0x0.0p+0,AVAILABLE,WITHHELD_UNCERTAINTY
d6d8b904a766bf41ce08c40ad962b517d3a86f9d75c347ede6a5832a1e8d660b,CLOSEPACKING,-5432,hadron_count,raw_weighted_sum,weighted_count,0x1.8780000000000p+9,AVAILABLE,WITHHELD_UNCERTAINTY
8352eb9ec0bcffbf0df55ab6e3d31e3ff4953ecbdf327309884b7428b691d319,JUNCTIONS,-5432,hadron_count,raw_weighted_sum,weighted_count,0x1.00c0000000000p+10,AVAILABLE,WITHHELD_UNCERTAINTY
761d2770153fe9e60dee5eaaf4d3227030e7ecac71f0af07b03ae286a0f1f455,MONASH,-5432,hadron_count,raw_weighted_sum,weighted_count,0x0.0p+0,AVAILABLE,WITHHELD_UNCERTAINTY
4002e8094b56f90296742f66e9ad7de97e6c72809962e0e813b8591051476dcf,CLOSEPACKING,-5434,beauty_plus_antibeauty_constituent_count,raw_count,count,0x1.e600000000000p+9,AVAILABLE,WITHHELD_UNCERTAINTY
7fe86baefa45e03e61dffaf3d30fc83ad9d88d15847ccfb80ce0538ec3795b94,JUNCTIONS,-5434,beauty_plus_antibeauty_constituent_count,raw_count,count,0x1.0800000000000p+7,AVAILABLE,WITHHELD_UNCERTAINTY
92ef2c3edfcbfd72c5ee2e099bbec7e44f4896edb15460395d60e2c51c9d9d54,MONASH,-5434,beauty_plus_antibeauty_constituent_count,raw_count,count,0x0.0p+0,AVAILABLE,WITHHELD_UNCERTAINTY
16faf79333cd0a48d6c77b144a5cbab8468d3c0f313093efd179fab01bc4b3cb,CLOSEPACKING,-5434,beauty_plus_antibeauty_constituent_count,raw_weighted_sum,weighted_count,0x1.e600000000000p+9,AVAILABLE,WITHHELD_UNCERTAINTY
d85ee5175548d460b6ad564ec744745fff33f5df6c5573ded297415de42eb726,JUNCTIONS,-5434,beauty_plus_antibeauty_constituent_count,raw_weighted_sum,weighted_count,0x1.0800000000000p+7,AVAILABLE,WITHHELD_UNCERTAINTY
62cbe126cd1944c40f6795cc2a3e3ed1649439a9732ded2ed8e56f79327ae6a1,MONASH,-5434,beauty_plus_antibeauty_constituent_count,raw_weighted_sum,weighted_count,0x0.0p+0,AVAILABLE,WITHHELD_UNCERTAINTY
1405bf3e114477d3e89ab4a8bddb32f86cb3bb6ae91645923a5a82a88c612010,CLOSEPACKING,-5434,charm_plus_anticharm_constituent_count,raw_count,count,0x1.e600000000000p+9,AVAILABLE,WITHHELD_UNCERTAINTY
e2655f4a472d4cf7d81de7a1054ad6de28cc17d39410285bb191bb83d1df4de3,JUNCTIONS,-5434,charm_plus_anticharm_constituent_count,raw_count,count,0x1.0800000000000p+7,AVAILABLE,WITHHELD_UNCERTAINTY
a996ed45b40fcb79cd5eb2c80e24986f0e7d9ec26ecc56b6671170cf6f72a3bd,MONASH,-5434,charm_plus_anticharm_constituent_count,raw_count,count,0x0.0p+0,AVAILABLE,WITHHELD_UNCERTAINTY
d3fa3e478c38c4321529fa9f86bfd1cda72c4d5af7506b5c3bb037ec85827421,CLOSEPACKING,-5434,charm_plus_anticharm_constituent_count,raw_weighted_sum,weighted_count,0x1.e600000000000p+9,AVAILABLE,WITHHELD_UNCERTAINTY
7f281903d958fd90983b4f7ef739b766bbaa9a7a693a2a7051f98ac484d49c21,JUNCTIONS,-5434,charm_plus_anticharm_constituent_count,raw_weighted_sum,weighted_count,0x1.0800000000000p+7,AVAILABLE,WITHHELD_UNCERTAINTY
f53c7e7e8e40efa4836834719e972c3c3b6c4810e80dcc8999d612619b2b6795,MONASH,-5434,charm_plus_anticharm_constituent_count,raw_weighted_sum,weighted_count,0x0.0p+0,AVAILABLE,WITHHELD_UNCERTAINTY
1e0546f02018d12bd7b73161bc422ad2ca95af932165200247d3d7a76514cadf,CLOSEPACKING,-5434,hadron_count,normalized_yield,per_event,0x1.46262a0b4151bp-17,AVAILABLE,AVAILABLE
7f4a4e24a15bdbfaa33ff09b8aee2fc42639d1922288edddb1a48360ff9752e3,JUNCTIONS,-5434,hadron_count,normalized_yield,per_event,0x1.6255b5942109cp-20,AVAILABLE,AVAILABLE
d683139b2111122f3513fff397be8999c97149f419d79aff8545d5a5393d8656,MONASH,-5434,hadron_count,normalized_yield,per_event,0x0.0p+0,AVAILABLE,AVAILABLE_ZERO_DISPERSION
da270ca26bf243900a8080bbdd1d584ffa38a81f4c63a042e207dfb2a9eab158,CLOSEPACKING,-5434,hadron_count,raw_count,count,0x1.e600000000000p+9,AVAILABLE,WITHHELD_UNCERTAINTY
3860b70b467c446c126b3bcb97d1212c89d436036413b7de8eecb770b69d2960,JUNCTIONS,-5434,hadron_count,raw_count,count,0x1.0800000000000p+7,AVAILABLE,WITHHELD_UNCERTAINTY
281e347f64baa787011045b0ec72e0d31faccaa227e451cf821b30c3344ac83c,MONASH,-5434,hadron_count,raw_count,count,0x0.0p+0,AVAILABLE,WITHHELD_UNCERTAINTY
1d39e8b0700304e10615ee4176c6a5a2a6317680e150a15a35b2b586e7c89de1,CLOSEPACKING,-5434,hadron_count,raw_weighted_sum,weighted_count,0x1.e600000000000p+9,AVAILABLE,WITHHELD_UNCERTAINTY
0fa27d8b6ec6d7925c4d8cfe9b9581f11c453ff69bc0ccfcde25656e7bd316d6,JUNCTIONS,-5434,hadron_count,raw_weighted_sum,weighted_count,0x1.0800000000000p+7,AVAILABLE,WITHHELD_UNCERTAINTY
1ad5bcf37b42c1fdbb8ea13d8fa68e7c825b5dfaa388b5906615e98e4d06d5c0,MONASH,-5434,hadron_count,raw_weighted_sum,weighted_count,0x0.0p+0,AVAILABLE,WITHHELD_UNCERTAINTY
401b52da805adb72bef075db589ee934dc531abf85fd9ee0a02839a61531e829,CLOSEPACKING,-5442,beauty_plus_antibeauty_constituent_count,raw_count,count,0x1.c000000000000p+2,AVAILABLE,WITHHELD_UNCERTAINTY
71ce4bf2dd255674ca7fd75494091380e242e77c87e0c27c787b79fac6d488e2,JUNCTIONS,-5442,beauty_plus_antibeauty_constituent_count,raw_count,count,0x1.a000000000000p+3,AVAILABLE,WITHHELD_UNCERTAINTY
3c7afc46cc3e2386078c0fd4159861d12d344c1034834102f172780b0860128e,MONASH,-5442,beauty_plus_antibeauty_constituent_count,raw_count,count,0x0.0p+0,AVAILABLE,WITHHELD_UNCERTAINTY
965f74a8efd4aeb19de4cb85088a13b7c3c839ba6cabc52ecf0deba55140ef17,CLOSEPACKING,-5442,beauty_plus_antibeauty_constituent_count,raw_weighted_sum,weighted_count,0x1.c000000000000p+2,AVAILABLE,WITHHELD_UNCERTAINTY
a99a5286b70e1c1c9303553a24ba8ae3d6b4872524b039354fa380873477dcba,JUNCTIONS,-5442,beauty_plus_antibeauty_constituent_count,raw_weighted_sum,weighted_count,0x1.a000000000000p+3,AVAILABLE,WITHHELD_UNCERTAINTY
c3bca48f823569ead9ec17ba2a7aef7efac2094b2b1dbbad427a992e7224df4c,MONASH,-5442,beauty_plus_antibeauty_constituent_count,raw_weighted_sum,weighted_count,0x0.0p+0,AVAILABLE,WITHHELD_UNCERTAINTY
0780e30c02987b45509f1fe5e6f997bf98c2fc34671306dda78119e378650053,CLOSEPACKING,-5442,charm_plus_anticharm_constituent_count,raw_count,count,0x1.c000000000000p+3,AVAILABLE,WITHHELD_UNCERTAINTY
7aef58a6739d6da5a6d91cca73a4c498032b2ab3770926abc34f15c76f21ea16,JUNCTIONS,-5442,charm_plus_anticharm_constituent_count,raw_count,count,0x1.a000000000000p+4,AVAILABLE,WITHHELD_UNCERTAINTY
d66ce646c7ed81234aea739e185b503fdc56a9677c73ff47780e8f51eb142c39,MONASH,-5442,charm_plus_anticharm_constituent_count,raw_count,count,0x0.0p+0,AVAILABLE,WITHHELD_UNCERTAINTY
79a5cff5ada0a322011fc96155be8b8d4e8b6a10d01e11da38127c2fb142c53f,CLOSEPACKING,-5442,charm_plus_anticharm_constituent_count,raw_weighted_sum,weighted_count,0x1.c000000000000p+3,AVAILABLE,WITHHELD_UNCERTAINTY
8c055799aaa705bebf81835412a0bfa7a610d303db5242032cdadd9d07df464c,JUNCTIONS,-5442,charm_plus_anticharm_constituent_count,raw_weighted_sum,weighted_count,0x1.a000000000000p+4,AVAILABLE,WITHHELD_UNCERTAINTY
e3ee95e66dda234eb9c927a8f20a52820862e2b2714ed03c883324a885b2ad85,MONASH,-5442,charm_plus_anticharm_constituent_count,raw_weighted_sum,weighted_count,0x0.0p+0,AVAILABLE,WITHHELD_UNCERTAINTY
2ffb6be9eafa23e2ddb5c4be0efeec4794713a853717a1002a876cebff7a218d,CLOSEPACKING,-5442,hadron_count,normalized_yield,per_event,0x1.2ca5d05ea7ab3p-24,AVAILABLE,AVAILABLE
2c038442ce3d44aebd83d793a56ebfc225cb0a2769f64b35233af62070c983bc,JUNCTIONS,-5442,hadron_count,normalized_yield,per_event,0x1.172c417c771efp-23,AVAILABLE,AVAILABLE
2a4e3ff1a4ef1e399db0171bfec7e96289184cddfb86c9394120fa01dde98769,MONASH,-5442,hadron_count,normalized_yield,per_event,0x0.0p+0,AVAILABLE,AVAILABLE_ZERO_DISPERSION
3b4ce982bfabb5e6022a6b13caee3a513deb53bc241d1018901bc815ae5ad4b2,CLOSEPACKING,-5442,hadron_count,raw_count,count,0x1.c000000000000p+2,AVAILABLE,WITHHELD_UNCERTAINTY
548a01dfb76619424231e7d678fd67edca029c58cdc5fa1d5c4d43335fb06ad0,JUNCTIONS,-5442,hadron_count,raw_count,count,0x1.a000000000000p+3,AVAILABLE,WITHHELD_UNCERTAINTY
d63c00d082d51f9557438ce929ecea3e88b37366a4d1a532fb2b01dfbef7f912,MONASH,-5442,hadron_count,raw_count,count,0x0.0p+0,AVAILABLE,WITHHELD_UNCERTAINTY
e7b60f5c756bd23241a26f10ce62dfa2eb0f6073924d95cd8d07afcefd618fa6,CLOSEPACKING,-5442,hadron_count,raw_weighted_sum,weighted_count,0x1.c000000000000p+2,AVAILABLE,WITHHELD_UNCERTAINTY
6f3a6d9e01a8f621e7a0844453d18ea1acb73b12ca5a09fcef90d358a0ec4892,JUNCTIONS,-5442,hadron_count,raw_weighted_sum,weighted_count,0x1.a000000000000p+3,AVAILABLE,WITHHELD_UNCERTAINTY
b24c2209e9b78408a9f16dac859e6bf87d32a18e539d2324a9c76f9484782ccd,MONASH,-5442,hadron_count,raw_weighted_sum,weighted_count,0x0.0p+0,AVAILABLE,WITHHELD_UNCERTAINTY
c75038bb933240fe03858bb12362886f05b554cad1792e8629ad0208a69c389d,CLOSEPACKING,-5444,beauty_plus_antibeauty_constituent_count,raw_count,count,0x1.8000000000000p+3,AVAILABLE,WITHHELD_UNCERTAINTY
f8895de111665308110976bf2e5e13e3af196467379244101f0c76dd6d5eda8b,JUNCTIONS,-5444,beauty_plus_antibeauty_constituent_count,raw_count,count,0x1.0000000000000p+0,AVAILABLE,WITHHELD_UNCERTAINTY
86ca530f07eeccad2c0caa4a617929f16208d01055267371c828919e2998906f,MONASH,-5444,beauty_plus_antibeauty_constituent_count,raw_count,count,0x0.0p+0,AVAILABLE,WITHHELD_UNCERTAINTY
7f5f8b0118d16e8809530b7662e8859239774420737d9af54d3c0a9780729d79,CLOSEPACKING,-5444,beauty_plus_antibeauty_constituent_count,raw_weighted_sum,weighted_count,0x1.8000000000000p+3,AVAILABLE,WITHHELD_UNCERTAINTY
776d4671775264ebb0df26f9842deda8a2aab37e15666884f7d0aba9433a04ba,JUNCTIONS,-5444,beauty_plus_antibeauty_constituent_count,raw_weighted_sum,weighted_count,0x1.0000000000000p+0,AVAILABLE,WITHHELD_UNCERTAINTY
51ac116cc25efd5150106ef4772a2ab73230b84d0b0bf00d55592530bdc886b8,MONASH,-5444,beauty_plus_antibeauty_constituent_count,raw_weighted_sum,weighted_count,0x0.0p+0,AVAILABLE,WITHHELD_UNCERTAINTY
8d85dac4c1f515727e870471881c91ce5620281836c53d34ca1753b56420b454,CLOSEPACKING,-5444,charm_plus_anticharm_constituent_count,raw_count,count,0x1.8000000000000p+4,AVAILABLE,WITHHELD_UNCERTAINTY
ecfcc0a24fa3fecfe7addbce986c294d8f8c766d79ac75b474ac300759ec1410,JUNCTIONS,-5444,charm_plus_anticharm_constituent_count,raw_count,count,0x1.0000000000000p+1,AVAILABLE,WITHHELD_UNCERTAINTY
c19cc348988392842e9bb0bca2f8fcfaa790aeff1870aa9fdc849867d34740a7,MONASH,-5444,charm_plus_anticharm_constituent_count,raw_count,count,0x0.0p+0,AVAILABLE,WITHHELD_UNCERTAINTY
60fd5e679003dfecfc7cc559e963adee27fa9d27c45d7f98df018e251e0feef9,CLOSEPACKING,-5444,charm_plus_anticharm_constituent_count,raw_weighted_sum,weighted_count,0x1.8000000000000p+4,AVAILABLE,WITHHELD_UNCERTAINTY
1c0c479a3666de75aa6c1b38381bba27ccbc9d3bde6292b3c70dae3fbc7ef318,JUNCTIONS,-5444,charm_plus_anticharm_constituent_count,raw_weighted_sum,weighted_count,0x1.0000000000000p+1,AVAILABLE,WITHHELD_UNCERTAINTY
cd83d123e88b9ac03ec432dcc9138aec7f100dd06a77420de04d9bba5aa3812a,MONASH,-5444,charm_plus_anticharm_constituent_count,raw_weighted_sum,weighted_count,0x0.0p+0,AVAILABLE,WITHHELD_UNCERTAINTY
3db72583e40a61c9b453b05615874dd5b8a2e7b133caa87c9794c018d0b7befd,CLOSEPACKING,-5444,hadron_count,normalized_yield,per_event,0x1.01b2b29a4692bp-23,AVAILABLE,AVAILABLE
28629e1e0db2e6e26ccab6d84f73420e6650f38b6460ce9a1311ab89f4b35145,JUNCTIONS,-5444,hadron_count,normalized_yield,per_event,0x1.5798ee2308c3ap-27,AVAILABLE,AVAILABLE
11d18b3af34c24647f2af2e2a6bb5d76cede0cae7f39ddc0dd0873bd5972e7d9,MONASH,-5444,hadron_count,normalized_yield,per_event,0x0.0p+0,AVAILABLE,AVAILABLE_ZERO_DISPERSION
6263417e8d75d42bab97ec9549036fc4510a462f270540470c6a7f43ebea9430,CLOSEPACKING,-5444,hadron_count,raw_count,count,0x1.8000000000000p+3,AVAILABLE,WITHHELD_UNCERTAINTY
f6c89a578fc3b087f6bce8f6ed836f69ec20c81996be2d4a9275c51e4af46485,JUNCTIONS,-5444,hadron_count,raw_count,count,0x1.0000000000000p+0,AVAILABLE,WITHHELD_UNCERTAINTY
57f9abef57c0f467a9abb3abde743ea7d2d0841d4c46489649b3e64a216e9c91,MONASH,-5444,hadron_count,raw_count,count,0x0.0p+0,AVAILABLE,WITHHELD_UNCERTAINTY
34aa46a53fca98b3e32f12a6806d615f0cc620e4f4b82d515be8d80975d027f6,CLOSEPACKING,-5444,hadron_count,raw_weighted_sum,weighted_count,0x1.8000000000000p+3,AVAILABLE,WITHHELD_UNCERTAINTY
5aec912319fa0ae60bd4a348a97967f0be4c99cf03181f83a0fd4ca2515dc478,JUNCTIONS,-5444,hadron_count,raw_weighted_sum,weighted_count,0x1.0000000000000p+0,AVAILABLE,WITHHELD_UNCERTAINTY
2e4c0ac503eb056673988d14f94cf3a7676c2e0f32a0759fdb5a7d94407a8c2e,MONASH,-5444,hadron_count,raw_weighted_sum,weighted_count,0x0.0p+0,AVAILABLE,WITHHELD_UNCERTAINTY
4079828e5f1eaebafa5c95fab76711036950bacc17c5e4ef519ee7e0991154ea,CLOSEPACKING,-5512,beauty_plus_antibeauty_constituent_count,raw_count,count,0x1.5800000000000p+9,AVAILABLE,WITHHELD_UNCERTAINTY
f2d7c69b1c9309e37383831a47913ec9acbc41f58ec2844cba406f98ac96422f,JUNCTIONS,-5512,beauty_plus_antibeauty_constituent_count,raw_count,count,0x1.1600000000000p+9,AVAILABLE,WITHHELD_UNCERTAINTY
19a480084a4718990a6465bf76e244170a4fd5053806b75e3f7d2dd2bd089fdf,MONASH,-5512,beauty_plus_antibeauty_constituent_count,raw_count,count,0x0.0p+0,AVAILABLE,WITHHELD_UNCERTAINTY
d267cae4094b7d121b9119ca8e150556bc4d0094ecd0af0e0f27dbb4ae0fafed,CLOSEPACKING,-5512,beauty_plus_antibeauty_constituent_count,raw_weighted_sum,weighted_count,0x1.5800000000000p+9,AVAILABLE,WITHHELD_UNCERTAINTY
dd012daeb95bdf1ac899613d9865cc93436c20460d260246fcb399db20a7cc14,JUNCTIONS,-5512,beauty_plus_antibeauty_constituent_count,raw_weighted_sum,weighted_count,0x1.1600000000000p+9,AVAILABLE,WITHHELD_UNCERTAINTY
6d5e2780d47e881affabd1d5dbb56e04349440cdb3a5cd3c61d85a597aed432c,MONASH,-5512,beauty_plus_antibeauty_constituent_count,raw_weighted_sum,weighted_count,0x0.0p+0,AVAILABLE,WITHHELD_UNCERTAINTY
a9f3f43e2a3dac83ce67172e9c45cf93602153d759cf0c5e024a5b10eecc5a24,CLOSEPACKING,-5512,charm_plus_anticharm_constituent_count,raw_count,count,0x0.0p+0,AVAILABLE,WITHHELD_UNCERTAINTY
27542139fde6f9eff82e894052fea8d15cd550704547683bd5cad2c290448d6e,JUNCTIONS,-5512,charm_plus_anticharm_constituent_count,raw_count,count,0x0.0p+0,AVAILABLE,WITHHELD_UNCERTAINTY
f13c848036a066433e32ffea94f058b3058916a6f09dc360dab40feff231745e,MONASH,-5512,charm_plus_anticharm_constituent_count,raw_count,count,0x0.0p+0,AVAILABLE,WITHHELD_UNCERTAINTY
7330511f5d5f8a73ec0b8707f72c30b2765a8c7472fa15ce4fc9cb69cd865c92,CLOSEPACKING,-5512,charm_plus_anticharm_constituent_count,raw_weighted_sum,weighted_count,0x0.0p+0,AVAILABLE,WITHHELD_UNCERTAINTY
212a3ee84677d684b9eda260c2f1ae0959c0e3ef47adac67228dc55e8d7518d1,JUNCTIONS,-5512,charm_plus_anticharm_constituent_count,raw_weighted_sum,weighted_count,0x0.0p+0,AVAILABLE,WITHHELD_UNCERTAINTY
c7543b6ae0d739805979bc6a30b9486af1015fdfb7d4a0e33218ba12a7b84dc3,MONASH,-5512,charm_plus_anticharm_constituent_count,raw_weighted_sum,weighted_count,0x0.0p+0,AVAILABLE,WITHHELD_UNCERTAINTY
2fbc3cb83480334505c31ef5ffbdb573b693b35dafd4e2dc0b30a74718c6050f,CLOSEPACKING,-5512,hadron_count,normalized_yield,per_event,0x1.cdb57fff13c6ep-19,AVAILABLE,AVAILABLE
c812d6074af95c45eb69c6b1fa5c4e11a58d688ff0e378d8ebefbb307bae4e9f,JUNCTIONS,-5512,hadron_count,normalized_yield,per_event,0x1.7520129a0b847p-19,AVAILABLE,AVAILABLE
51665781adaf5648f46a2778e6a7554e7f533f2e2d7a957ef93111ca3623b365,MONASH,-5512,hadron_count,normalized_yield,per_event,0x0.0p+0,AVAILABLE,AVAILABLE_ZERO_DISPERSION
51e45e8f4a171955a53eb052b67ae8ac4cb67c82763eb987039ae6aaf8802bce,CLOSEPACKING,-5512,hadron_count,raw_count,count,0x1.5800000000000p+8,AVAILABLE,WITHHELD_UNCERTAINTY
82d8f05b2f338e6844bf07d3d3f150e69a7896c79798847813be2468919c7d92,JUNCTIONS,-5512,hadron_count,raw_count,count,0x1.1600000000000p+8,AVAILABLE,WITHHELD_UNCERTAINTY
7ec99fab8fcd51b2d0ea44dfdb03180b2554d4ee0532ec6ee21257bf85ab9833,MONASH,-5512,hadron_count,raw_count,count,0x0.0p+0,AVAILABLE,WITHHELD_UNCERTAINTY
149c92a2375aab795708b258851c250cbc838e43d77c076608dafcb3931c581c,CLOSEPACKING,-5512,hadron_count,raw_weighted_sum,weighted_count,0x1.5800000000000p+8,AVAILABLE,WITHHELD_UNCERTAINTY
95aec860e3d133aed57fe01b22705fe129180835b414d6e1fa42d95f5b4b9b6b,JUNCTIONS,-5512,hadron_count,raw_weighted_sum,weighted_count,0x1.1600000000000p+8,AVAILABLE,WITHHELD_UNCERTAINTY
d860e9314a69b0ff6895215c63a56d9dca84924c5947369eca5d5e7731e03a4c,MONASH,-5512,hadron_count,raw_weighted_sum,weighted_count,0x0.0p+0,AVAILABLE,WITHHELD_UNCERTAINTY
ad45060c207f82a4bd78b6335f1d484c1b801fef80e3f8ad1b5559c5e83f54d7,CLOSEPACKING,-5514,beauty_plus_antibeauty_constituent_count,raw_count,count,0x1.0b00000000000p+9,AVAILABLE,WITHHELD_UNCERTAINTY
db7695c073c2453fd6bf1bb2ee0b6afc9ec64296e43cc39de77024a6f9b31c47,JUNCTIONS,-5514,beauty_plus_antibeauty_constituent_count,raw_count,count,0x1.a000000000000p+7,AVAILABLE,WITHHELD_UNCERTAINTY
aca04cf741d9c7744c90a3f23db72ff95472d765c3677a04eabf9593f9f6de44,MONASH,-5514,beauty_plus_antibeauty_constituent_count,raw_count,count,0x0.0p+0,AVAILABLE,WITHHELD_UNCERTAINTY
3224ed50cc0167da625c98304ed9b511449d736fb3eba935e89e631529242d1a,CLOSEPACKING,-5514,beauty_plus_antibeauty_constituent_count,raw_weighted_sum,weighted_count,0x1.0b00000000000p+9,AVAILABLE,WITHHELD_UNCERTAINTY
13f376ca7494d6708c9ea1d9676108843a1a13b2f56ea755cb16de4a0250e8e8,JUNCTIONS,-5514,beauty_plus_antibeauty_constituent_count,raw_weighted_sum,weighted_count,0x1.a000000000000p+7,AVAILABLE,WITHHELD_UNCERTAINTY
f83e280d5f12c399749fd1b854bc5fa124328487d796f8cc103e22a9d217539d,MONASH,-5514,beauty_plus_antibeauty_constituent_count,raw_weighted_sum,weighted_count,0x0.0p+0,AVAILABLE,WITHHELD_UNCERTAINTY
49a03a0750cba4300cfb20874b2d8528727a794aa2a5151125f485a69a3b4239,CLOSEPACKING,-5514,charm_plus_anticharm_constituent_count,raw_count,count,0x0.0p+0,AVAILABLE,WITHHELD_UNCERTAINTY
378233cb3398cd84bdabf29a479c161cc375b768d0848a6777716dae75e67a2a,JUNCTIONS,-5514,charm_plus_anticharm_constituent_count,raw_count,count,0x0.0p+0,AVAILABLE,WITHHELD_UNCERTAINTY
711b51b996a971d30ee647a4b603e599b6824511cd187440ae4ff9203c350f16,MONASH,-5514,charm_plus_anticharm_constituent_count,raw_count,count,0x0.0p+0,AVAILABLE,WITHHELD_UNCERTAINTY
fa6720b585b2aefa324eb4c30b057ab4ad3116d7cb97c1c758dcfeafaaf977a6,CLOSEPACKING,-5514,charm_plus_anticharm_constituent_count,raw_weighted_sum,weighted_count,0x0.0p+0,AVAILABLE,WITHHELD_UNCERTAINTY
c03d3017eee130d564dc4fb8d8ec579128a7ae66bd61fb7019b7f96792737f48,JUNCTIONS,-5514,charm_plus_anticharm_constituent_count,raw_weighted_sum,weighted_count,0x0.0p+0,AVAILABLE,WITHHELD_UNCERTAINTY
8cfb25ff818f61b3319aac5ca03927affe27b6b3f1246ffc578544bdafdbdfc6,MONASH,-5514,charm_plus_anticharm_constituent_count,raw_weighted_sum,weighted_count,0x0.0p+0,AVAILABLE,WITHHELD_UNCERTAINTY
5d5271be353882e63dbd0e907563d81c72d4c9c4e56d27ffd4f96f32a8fd64d1,CLOSEPACKING,-5514,hadron_count,normalized_yield,per_event,0x1.665c805e8a240p-19,AVAILABLE,AVAILABLE
8996d9931f54b6e72f17c786a0150edf24cf2fe6f903c1aac83d335641e0436a,JUNCTIONS,-5514,hadron_count,normalized_yield,per_event,0x1.172c417c771efp-20,AVAILABLE,AVAILABLE
04bbb272b5eaa01e7128dc2f9a3de3ebcbd38fc81cd25a7130509fc23435d87d,MONASH,-5514,hadron_count,normalized_yield,per_event,0x0.0p+0,AVAILABLE,AVAILABLE_ZERO_DISPERSION
e1ba8b1f9c8cb26acce26031aecda6e51f4180dc0b1686e9c18733a867666d03,CLOSEPACKING,-5514,hadron_count,raw_count,count,0x1.0b00000000000p+8,AVAILABLE,WITHHELD_UNCERTAINTY
01b2eab2df64a47c89221b85ce8d5de1a5945424d1ab57f5ee632b002872aeb6,JUNCTIONS,-5514,hadron_count,raw_count,count,0x1.a000000000000p+6,AVAILABLE,WITHHELD_UNCERTAINTY
d067ab5c3b9732623c00901f029169e873a2f513008d1dfcd06804ae7bfd2ef6,MONASH,-5514,hadron_count,raw_count,count,0x0.0p+0,AVAILABLE,WITHHELD_UNCERTAINTY
55717f72727565ed939f157af7283ad83267b1dccd42263f39c108999b6b65d3,CLOSEPACKING,-5514,hadron_count,raw_weighted_sum,weighted_count,0x1.0b00000000000p+8,AVAILABLE,WITHHELD_UNCERTAINTY
4a2672e22bc74e41f4d20111e05d766972c8c867a87d076746863c086e570f09,JUNCTIONS,-5514,hadron_count,raw_weighted_sum,weighted_count,0x1.a000000000000p+6,AVAILABLE,WITHHELD_UNCERTAINTY
e8186e06aed6a1fa1533819faa69b9595f7382336c7c01f3131a784f84f7404c,MONASH,-5514,hadron_count,raw_weighted_sum,weighted_count,0x0.0p+0,AVAILABLE,WITHHELD_UNCERTAINTY
7f5ca6bd2f0ce14f144c10c41c6438f6151f35b4bf89acef40378438f709b984,CLOSEPACKING,-5522,beauty_plus_antibeauty_constituent_count,raw_count,count,0x1.6000000000000p+9,AVAILABLE,WITHHELD_UNCERTAINTY
0bcea7521b5dd5d71e271dc25e01cd07c16946cec69e6ad0c05cba50fa513aa1,JUNCTIONS,-5522,beauty_plus_antibeauty_constituent_count,raw_count,count,0x1.1700000000000p+9,AVAILABLE,WITHHELD_UNCERTAINTY
508f783f61943a208302b71c0d1cbd486025931b0969d5c23ffbc3e4ab077b47,MONASH,-5522,beauty_plus_antibeauty_constituent_count,raw_count,count,0x0.0p+0,AVAILABLE,WITHHELD_UNCERTAINTY
803229fbbb252a6f7327b94f321badbb6dba5992182f5d503e82c25f000d08ab,CLOSEPACKING,-5522,beauty_plus_antibeauty_constituent_count,raw_weighted_sum,weighted_count,0x1.6000000000000p+9,AVAILABLE,WITHHELD_UNCERTAINTY
912a547e9245c77c8708060e3fdca3879c84eb6d0eb427efe6ddd96c811f70f5,JUNCTIONS,-5522,beauty_plus_antibeauty_constituent_count,raw_weighted_sum,weighted_count,0x1.1700000000000p+9,AVAILABLE,WITHHELD_UNCERTAINTY
ff1377f559245abb1bba1bcf61fb2c83e5059121a459acfc88d70a4ad7a0bc1a,MONASH,-5522,beauty_plus_antibeauty_constituent_count,raw_weighted_sum,weighted_count,0x0.0p+0,AVAILABLE,WITHHELD_UNCERTAINTY
8c5c57d4c8c85f68428634797ada04914422e5aec164f6ea722dd469470fac0f,CLOSEPACKING,-5522,charm_plus_anticharm_constituent_count,raw_count,count,0x0.0p+0,AVAILABLE,WITHHELD_UNCERTAINTY
93bd7d2b1cddb936057b4802754b1e049b6a94b98911e8434645e2301445f7b7,JUNCTIONS,-5522,charm_plus_anticharm_constituent_count,raw_count,count,0x0.0p+0,AVAILABLE,WITHHELD_UNCERTAINTY
44acad6d89953bb5707991641afd5c17fd7accff622d26780b4b18afbd8ae8cc,MONASH,-5522,charm_plus_anticharm_constituent_count,raw_count,count,0x0.0p+0,AVAILABLE,WITHHELD_UNCERTAINTY
523826f22a08cbcf28031709f426a87b21e1b93f926e4fee3d694c80246237ee,CLOSEPACKING,-5522,charm_plus_anticharm_constituent_count,raw_weighted_sum,weighted_count,0x0.0p+0,AVAILABLE,WITHHELD_UNCERTAINTY
98345fd7b38eda4ceae07d57e1ba8c1d3eb5a913009bca6e3b6705c034697986,JUNCTIONS,-5522,charm_plus_anticharm_constituent_count,raw_weighted_sum,weighted_count,0x0.0p+0,AVAILABLE,WITHHELD_UNCERTAINTY
f601929b01af1b11fae58b946298d8a9b758bd0d888bd87effe65b5d64409ab1,MONASH,-5522,charm_plus_anticharm_constituent_count,raw_weighted_sum,weighted_count,0x0.0p+0,AVAILABLE,WITHHELD_UNCERTAINTY
c368c9ad5e3667a0ca12dae332a6226e5063457c0f897102f7b2f2bd604d76a5,CLOSEPACKING,-5522,hadron_count,normalized_yield,per_event,0x1.d87247702c0d0p-19,AVAILABLE,AVAILABLE
61bd6abece69b09bc0a044e8916b7ad248b9bbe80c17d4bbb71b374f0c5b083b,JUNCTIONS,-5522,hadron_count,normalized_yield,per_event,0x1.7677ab882e8d3p-19,AVAILABLE,AVAILABLE
06446ba8f10046f067dce773c8e973886fd05eb32608859a5979ba62e794c503,MONASH,-5522,hadron_count,normalized_yield,per_event,0x0.0p+0,AVAILABLE,AVAILABLE_ZERO_DISPERSION
856bbf9b1ed511f4f687e4afacf0873c3db6def87dcca30dc4ff4f1c2cbaeb30,CLOSEPACKING,-5522,hadron_count,raw_count,count,0x1.6000000000000p+8,AVAILABLE,WITHHELD_UNCERTAINTY
f7f4060cd1ca0143e887eb07540c8167373c610eaa9fbb688f1c2f4d40fbf80a,JUNCTIONS,-5522,hadron_count,raw_count,count,0x1.1700000000000p+8,AVAILABLE,WITHHELD_UNCERTAINTY
6e6277fe9e0345eb6f34c666cebfcfffa263e7ad37350d6cc087aca3373b076e,MONASH,-5522,hadron_count,raw_count,count,0x0.0p+0,AVAILABLE,WITHHELD_UNCERTAINTY
a3861f5804fc2349748b3a5ada894def7df5658557bd4b1b774f1ebb58fd5a04,CLOSEPACKING,-5522,hadron_count,raw_weighted_sum,weighted_count,0x1.6000000000000p+8,AVAILABLE,WITHHELD_UNCERTAINTY
1aa91642d297e6b627323c1106690fb45e86aae6ef580d6bb3b19b63ac85dcef,JUNCTIONS,-5522,hadron_count,raw_weighted_sum,weighted_count,0x1.1700000000000p+8,AVAILABLE,WITHHELD_UNCERTAINTY
fa950e89b31c409ca269a6465f7754f88e8977809ac7b3932b74218c9655b506,MONASH,-5522,hadron_count,raw_weighted_sum,weighted_count,0x0.0p+0,AVAILABLE,WITHHELD_UNCERTAINTY
87f8f4ee0f951630f11b25eb70a9710882888a99a978d2b3a0aecd870b8e45e2,CLOSEPACKING,-5524,beauty_plus_antibeauty_constituent_count,raw_count,count,0x1.0c00000000000p+9,AVAILABLE,WITHHELD_UNCERTAINTY
0bbd98cfa85ea7e5d5d02da128bf4144edc8c6e7b361b58323256a90a69987d9,JUNCTIONS,-5524,beauty_plus_antibeauty_constituent_count,raw_count,count,0x1.0000000000000p+8,AVAILABLE,WITHHELD_UNCERTAINTY
44e166ddbb3539bc515d1fcebdf6617c83516d7eb845f355fea7444abe317d28,MONASH,-5524,beauty_plus_antibeauty_constituent_count,raw_count,count,0x0.0p+0,AVAILABLE,WITHHELD_UNCERTAINTY
0d55a5bb98fa0fcb4e33eb9ae2bdeeb0318eed7196340fd763e6b7ff14f5659c,CLOSEPACKING,-5524,beauty_plus_antibeauty_constituent_count,raw_weighted_sum,weighted_count,0x1.0c00000000000p+9,AVAILABLE,WITHHELD_UNCERTAINTY
78eeb3ac9b13689b90d2721753a000e01c49b84e4a303f85ba85feb5280419b2,JUNCTIONS,-5524,beauty_plus_antibeauty_constituent_count,raw_weighted_sum,weighted_count,0x1.0000000000000p+8,AVAILABLE,WITHHELD_UNCERTAINTY
fca896ea0f7bd44273737a5f7b249732401a89bf248620ec83706219f7a27267,MONASH,-5524,beauty_plus_antibeauty_constituent_count,raw_weighted_sum,weighted_count,0x0.0p+0,AVAILABLE,WITHHELD_UNCERTAINTY
3e0edcbcbf175092e958b2de0de639e73bcfeb28d96e8abf98dd93c8be327765,CLOSEPACKING,-5524,charm_plus_anticharm_constituent_count,raw_count,count,0x0.0p+0,AVAILABLE,WITHHELD_UNCERTAINTY
6889b900780b31d3c18c4ec0106d61868966878b34b8e3cd9f4aea98923eff47,JUNCTIONS,-5524,charm_plus_anticharm_constituent_count,raw_count,count,0x0.0p+0,AVAILABLE,WITHHELD_UNCERTAINTY
b8f194343c9911f5554574f03c5c01096bec76b255e71db145fd299c298c4a46,MONASH,-5524,charm_plus_anticharm_constituent_count,raw_count,count,0x0.0p+0,AVAILABLE,WITHHELD_UNCERTAINTY
52a5378535e92c71ad17ca6c5f62bfb41a4ac6b7b335021f3dc86adfa7463f64,CLOSEPACKING,-5524,charm_plus_anticharm_constituent_count,raw_weighted_sum,weighted_count,0x0.0p+0,AVAILABLE,WITHHELD_UNCERTAINTY
d48c96adbd99c0737210ebfbcc2d1cb8969c1408c8490d62c285ca67b0fda5b6,JUNCTIONS,-5524,charm_plus_anticharm_constituent_count,raw_weighted_sum,weighted_count,0x0.0p+0,AVAILABLE,WITHHELD_UNCERTAINTY
27cff90dab9528ec478d0e6b54fb82c60ea467459736bd713a9dbf0bd8758fb6,MONASH,-5524,charm_plus_anticharm_constituent_count,raw_weighted_sum,weighted_count,0x0.0p+0,AVAILABLE,WITHHELD_UNCERTAINTY
61b0ede650867ee9460b8c66be2b7188f434b91ed42147b39ab6b71146b3069a,CLOSEPACKING,-5524,hadron_count,normalized_yield,per_event,0x1.67b4194cad2cdp-19,AVAILABLE,AVAILABLE
68ab4d36959a662d70c7991dee24c7e57711aa1c768dbb8d50233b65fd69038c,JUNCTIONS,-5524,hadron_count,normalized_yield,per_event,0x1.5798ee2308c3ap-20,AVAILABLE,AVAILABLE
dc20541a26c1e77284d64b93d86702c60c5a7afcee3af16a2ca175d574678b40,MONASH,-5524,hadron_count,normalized_yield,per_event,0x0.0p+0,AVAILABLE,AVAILABLE_ZERO_DISPERSION
7df8d9bced2f8e7d5fa4f57ad368493d4588b35659de93bc3d0a4d05892b61a4,CLOSEPACKING,-5524,hadron_count,raw_count,count,0x1.0c00000000000p+8,AVAILABLE,WITHHELD_UNCERTAINTY
9d637620ecb20156ff7f74506ed1fa24ca7622aa4120b914c5d144ccc0c97ee4,JUNCTIONS,-5524,hadron_count,raw_count,count,0x1.0000000000000p+7,AVAILABLE,WITHHELD_UNCERTAINTY
20f9e997b0c7afb6856488ed4bc999077222864472a076a809d3999c757769ed,MONASH,-5524,hadron_count,raw_count,count,0x0.0p+0,AVAILABLE,WITHHELD_UNCERTAINTY
9f487af8ff4ba864cc98c86ff07860c1a598f553472db28587e0a34893b1b781,CLOSEPACKING,-5524,hadron_count,raw_weighted_sum,weighted_count,0x1.0c00000000000p+8,AVAILABLE,WITHHELD_UNCERTAINTY
600800fe3e036560b7ad3da431fb67fd6747747c67196e0d26fbb817a6aeec5b,JUNCTIONS,-5524,hadron_count,raw_weighted_sum,weighted_count,0x1.0000000000000p+7,AVAILABLE,WITHHELD_UNCERTAINTY
4069f15cc262c9a12dd8bd1825114d5eebe8c56595c41be198044794ee3560bd,MONASH,-5524,hadron_count,raw_weighted_sum,weighted_count,0x0.0p+0,AVAILABLE,WITHHELD_UNCERTAINTY
274bee46c369e3c3bbd7d8069d93a3273e8fc24b052b323b2f8249d1d962bd0c,CLOSEPACKING,-5532,beauty_plus_antibeauty_constituent_count,raw_count,count,0x1.1400000000000p+7,AVAILABLE,WITHHELD_UNCERTAINTY
8420e45634814999af98936ff5cabd2715a9af8388dd0b42754dc92b9e100208,JUNCTIONS,-5532,beauty_plus_antibeauty_constituent_count,raw_count,count,0x1.4000000000000p+6,AVAILABLE,WITHHELD_UNCERTAINTY
715f34318722482d2fd1189aa97c64d2bb0ff6570c2557a448af15424179378b,MONASH,-5532,beauty_plus_antibeauty_constituent_count,raw_count,count,0x0.0p+0,AVAILABLE,WITHHELD_UNCERTAINTY
83dea9976ac6c604c998c61a217a99578ca4930a42d759475443f7e665cd61d6,CLOSEPACKING,-5532,beauty_plus_antibeauty_constituent_count,raw_weighted_sum,weighted_count,0x1.1400000000000p+7,AVAILABLE,WITHHELD_UNCERTAINTY
9ebfe0d7f7a62e9a23aa43cb6fd588422ed492dd674809d67384fc564e847d28,JUNCTIONS,-5532,beauty_plus_antibeauty_constituent_count,raw_weighted_sum,weighted_count,0x1.4000000000000p+6,AVAILABLE,WITHHELD_UNCERTAINTY
f10cdd2a865ac85ece3f9e1c3648a5ff58ea5bee084fede22f79c6faa82a9b90,MONASH,-5532,beauty_plus_antibeauty_constituent_count,raw_weighted_sum,weighted_count,0x0.0p+0,AVAILABLE,WITHHELD_UNCERTAINTY
27534aab2795ec059394d2b68d7da5b6c690fe12d5f8f95974766e3d0a10e36f,CLOSEPACKING,-5532,charm_plus_anticharm_constituent_count,raw_count,count,0x0.0p+0,AVAILABLE,WITHHELD_UNCERTAINTY
c84aa22856dee375813f0d632d4063bc7aa131d95bc7e21630add3c60425aa26,JUNCTIONS,-5532,charm_plus_anticharm_constituent_count,raw_count,count,0x0.0p+0,AVAILABLE,WITHHELD_UNCERTAINTY
905ec28c74a4faa897f48d155f9377278f1a09ed0c1c0951c3cafac131954437,MONASH,-5532,charm_plus_anticharm_constituent_count,raw_count,count,0x0.0p+0,AVAILABLE,WITHHELD_UNCERTAINTY
721418144c2cc1e7e1ad60a8475748f008409c305e99a83651d0857eb59a8a58,CLOSEPACKING,-5532,charm_plus_anticharm_constituent_count,raw_weighted_sum,weighted_count,0x0.0p+0,AVAILABLE,WITHHELD_UNCERTAINTY
f7586d0185256b87de98a8ce9c5c7a9805318761f1d88757b30d40320aa8d834,JUNCTIONS,-5532,charm_plus_anticharm_constituent_count,raw_weighted_sum,weighted_count,0x0.0p+0,AVAILABLE,WITHHELD_UNCERTAINTY
00058cd07f163a70139dc572923ecb8993bebb696e0c7a5a4b7a013f209f0aa1,MONASH,-5532,charm_plus_anticharm_constituent_count,raw_weighted_sum,weighted_count,0x0.0p+0,AVAILABLE,WITHHELD_UNCERTAINTY
156fe9d47bf0c5442670525caa8eee7ae3d908071b0772e5dcbb8f28fb19c023,CLOSEPACKING,-5532,hadron_count,normalized_yield,per_event,0x1.7270e0bdc572ep-21,AVAILABLE,AVAILABLE
9a7092952c651dbdb9113389a68d1593956f4dc610b16c0edf206050a0d8b516,JUNCTIONS,-5532,hadron_count,normalized_yield,per_event,0x1.ad7f29abcaf48p-22,AVAILABLE,AVAILABLE
6fd85d24f3272505f3333c653a21df67c95bcfcc3d30fc096f9ce1cee9ab88b2,MONASH,-5532,hadron_count,normalized_yield,per_event,0x0.0p+0,AVAILABLE,AVAILABLE_ZERO_DISPERSION
744f90e803afd6b2c4e2122f31bdd4f711c0284b544811ebe8c91238fbf8ec83,CLOSEPACKING,-5532,hadron_count,raw_count,count,0x1.1400000000000p+6,AVAILABLE,WITHHELD_UNCERTAINTY
c94eeff256e99fc1a6e04b34b2d8ac8e28fe07ab22d677df5d3a7052c2e333bf,JUNCTIONS,-5532,hadron_count,raw_count,count,0x1.4000000000000p+5,AVAILABLE,WITHHELD_UNCERTAINTY
9bcd7bc0ba499bfcb6deaa15db583e6a85fb6a0a100ac1a4d9d008ef01a365ac,MONASH,-5532,hadron_count,raw_count,count,0x0.0p+0,AVAILABLE,WITHHELD_UNCERTAINTY
780dec2314effb60e3e97d3c940cead8a489c0679e4469bd362233f4be6b9c02,CLOSEPACKING,-5532,hadron_count,raw_weighted_sum,weighted_count,0x1.1400000000000p+6,AVAILABLE,WITHHELD_UNCERTAINTY
ec46cfc52449f9f84ebd0127e012911890df8edd63a7aa4dcb46453ace74549d,JUNCTIONS,-5532,hadron_count,raw_weighted_sum,weighted_count,0x1.4000000000000p+5,AVAILABLE,WITHHELD_UNCERTAINTY
c38b71acdb0cf35a75420b7194394bb28d0d66c5793d6a7b17b68422948616cc,MONASH,-5532,hadron_count,raw_weighted_sum,weighted_count,0x0.0p+0,AVAILABLE,WITHHELD_UNCERTAINTY
1595d75c234e9069d937d4d1042f95c6c3c6aae389daf7099d37a09d6f2dfa40,CLOSEPACKING,-5534,beauty_plus_antibeauty_constituent_count,raw_count,count,0x1.a800000000000p+6,AVAILABLE,WITHHELD_UNCERTAINTY
50dd4a97d47129ed84cad8b77e9e8698819f6b87c1b66ad31a2f0c0ade175584,JUNCTIONS,-5534,beauty_plus_antibeauty_constituent_count,raw_count,count,0x1.1000000000000p+5,AVAILABLE,WITHHELD_UNCERTAINTY
42ec5190b54c5a4b7855b3cf9a78be8d0e78413d6f9d8b8fe64d535e89445531,MONASH,-5534,beauty_plus_antibeauty_constituent_count,raw_count,count,0x0.0p+0,AVAILABLE,WITHHELD_UNCERTAINTY
e58ab6e49dac7d0bb4736f766c43ebc9c6d7079ba1da89876b9e860ebc84d641,CLOSEPACKING,-5534,beauty_plus_antibeauty_constituent_count,raw_weighted_sum,weighted_count,0x1.a800000000000p+6,AVAILABLE,WITHHELD_UNCERTAINTY
f9b4f31c5016f77b8126841af122fe10b26c9771530affc957c8ad23dfd96d86,JUNCTIONS,-5534,beauty_plus_antibeauty_constituent_count,raw_weighted_sum,weighted_count,0x1.1000000000000p+5,AVAILABLE,WITHHELD_UNCERTAINTY
4c5f44c0ee35fd7f0c1a5c6f90f966e191a708e76f1fb4671292ccb396ba6830,MONASH,-5534,beauty_plus_antibeauty_constituent_count,raw_weighted_sum,weighted_count,0x0.0p+0,AVAILABLE,WITHHELD_UNCERTAINTY
14258a8f06547dc9bfd9bae6c4ccef00d8e7ab00d59f0ebc81be99c277fcec96,CLOSEPACKING,-5534,charm_plus_anticharm_constituent_count,raw_count,count,0x0.0p+0,AVAILABLE,WITHHELD_UNCERTAINTY
e6ed37bad53b25e1943e66c34914fe77f889a5692b04823e90d78eea08892884,JUNCTIONS,-5534,charm_plus_anticharm_constituent_count,raw_count,count,0x0.0p+0,AVAILABLE,WITHHELD_UNCERTAINTY
ebcc40d8b0bce1f1830e69a39a37e5be1ef4790e5370dcfa47c8e5b812e8d52c,MONASH,-5534,charm_plus_anticharm_constituent_count,raw_count,count,0x0.0p+0,AVAILABLE,WITHHELD_UNCERTAINTY
c5f47f02e928f7ae9ecf845b55c9bcd46018640ab5de436843b77f89026516da,CLOSEPACKING,-5534,charm_plus_anticharm_constituent_count,raw_weighted_sum,weighted_count,0x0.0p+0,AVAILABLE,WITHHELD_UNCERTAINTY
07a1f157c7e952a469e14ad553fe0176b235f20cca7110c6c58c057ce5ded354,JUNCTIONS,-5534,charm_plus_anticharm_constituent_count,raw_weighted_sum,weighted_count,0x0.0p+0,AVAILABLE,WITHHELD_UNCERTAINTY
189e811c01bf46d8676e091e4b8d1cf93c520995c9067e1f17b6e403d68bd869,MONASH,-5534,charm_plus_anticharm_constituent_count,raw_weighted_sum,weighted_count,0x0.0p+0,AVAILABLE,WITHHELD_UNCERTAINTY
7119767e7b649871ca5265386ad8ee26e701ee48636f8631d14d264e54058480,CLOSEPACKING,-5534,hadron_count,normalized_yield,per_event,0x1.1c8aa53503420p-21,AVAILABLE,AVAILABLE
e9c023cc627966b18c323dfedfd3e2011d00a94725d9de6cb9c0d12a4099fa78,JUNCTIONS,-5534,hadron_count,normalized_yield,per_event,0x1.6d127d05394fdp-23,AVAILABLE,AVAILABLE
0104a42946cad5dea3745022b31d9677199c86396591699fa49426cfca57a6f9,MONASH,-5534,hadron_count,normalized_yield,per_event,0x0.0p+0,AVAILABLE,AVAILABLE_ZERO_DISPERSION
5fc69fd8db3b927ed61bcf1d6dd9f92c0901e05c189830a0246f22cdc2031e16,CLOSEPACKING,-5534,hadron_count,raw_count,count,0x1.a800000000000p+5,AVAILABLE,WITHHELD_UNCERTAINTY
4f8b327ea012803572f138c6788efee8475fb355f688bd98f60c25b85ac64aa6,JUNCTIONS,-5534,hadron_count,raw_count,count,0x1.1000000000000p+4,AVAILABLE,WITHHELD_UNCERTAINTY
fdfc65be5cf91907d2b13f2051f51113904de9eb286efde6fbca369c3971d155,MONASH,-5534,hadron_count,raw_count,count,0x0.0p+0,AVAILABLE,WITHHELD_UNCERTAINTY
6df76470e6ceffff64d0e46480ced51efbfc760aa2df1dd61ac122b44203e6bf,CLOSEPACKING,-5534,hadron_count,raw_weighted_sum,weighted_count,0x1.a800000000000p+5,AVAILABLE,WITHHELD_UNCERTAINTY
9c184bc8d964bb31376547633823c11fe8739b1fcc3f6b400203be971ab19f47,JUNCTIONS,-5534,hadron_count,raw_weighted_sum,weighted_count,0x1.1000000000000p+4,AVAILABLE,WITHHELD_UNCERTAINTY
ad47fdf13fc2b80109827b266b4ed262c299360f9d88656b5e90524ce06a1b2e,MONASH,-5534,hadron_count,raw_weighted_sum,weighted_count,0x0.0p+0,AVAILABLE,WITHHELD_UNCERTAINTY
5d8c467a7f30a83f3fcb75863cd11b246071e655486b3f65481ce899099c20df,CLOSEPACKING,100443,beauty_plus_antibeauty_constituent_count,raw_count,count,0x0.0p+0,AVAILABLE,WITHHELD_UNCERTAINTY
16307713a5269560bf757619607de4bdfef8042d7957d6ddd531b6c4d3d0bf67,JUNCTIONS,100443,beauty_plus_antibeauty_constituent_count,raw_count,count,0x0.0p+0,AVAILABLE,WITHHELD_UNCERTAINTY
1fab9cad734c71d4adfb7542756742677d5263b7146b79af94ac1b04ea94b09b,MONASH,100443,beauty_plus_antibeauty_constituent_count,raw_count,count,0x0.0p+0,AVAILABLE,WITHHELD_UNCERTAINTY
c09312198eb86e312f83a24d98716299dcd1fedc50481ca5b40e88d20419d924,CLOSEPACKING,100443,beauty_plus_antibeauty_constituent_count,raw_weighted_sum,weighted_count,0x0.0p+0,AVAILABLE,WITHHELD_UNCERTAINTY
0046ec35422c6de0d10053462075d37390aea9aa221ec302bff0c02e8991a479,JUNCTIONS,100443,beauty_plus_antibeauty_constituent_count,raw_weighted_sum,weighted_count,0x0.0p+0,AVAILABLE,WITHHELD_UNCERTAINTY
1d684a223b2859babd0db2dab077f136d24738e31d3ea0b749e1a5cb64cc6705,MONASH,100443,beauty_plus_antibeauty_constituent_count,raw_weighted_sum,weighted_count,0x0.0p+0,AVAILABLE,WITHHELD_UNCERTAINTY
ce4b08ce5da972412a4713a8e5a5de11a475ec0835e703434b00a5baf9d81749,CLOSEPACKING,100443,charm_plus_anticharm_constituent_count,raw_count,count,0x1.49e8000000000p+14,AVAILABLE,WITHHELD_UNCERTAINTY
5001ee72def8b2231c379b45a5332cf44c463b44f9c808e5db15a59f9cbc1d03,JUNCTIONS,100443,charm_plus_anticharm_constituent_count,raw_count,count,0x1.5a78000000000p+14,AVAILABLE,WITHHELD_UNCERTAINTY
6f21fd55ae3513efd138bfb226df29a9a29e913f7a7508b51e2ef74d5fee2f16,MONASH,100443,charm_plus_anticharm_constituent_count,raw_count,count,0x1.26f0000000000p+14,AVAILABLE,WITHHELD_UNCERTAINTY
7160135e98b792b48ea7edd9c61435cd1835eae73ac34418fc5f2405797dc0a4,CLOSEPACKING,100443,charm_plus_anticharm_constituent_count,raw_weighted_sum,weighted_count,0x1.49e8000000000p+14,AVAILABLE,WITHHELD_UNCERTAINTY
fe47e2ed24ba690d033664a6aa3c6a266f510e040e1b997baa8ca1dd352dabc9,JUNCTIONS,100443,charm_plus_anticharm_constituent_count,raw_weighted_sum,weighted_count,0x1.5a78000000000p+14,AVAILABLE,WITHHELD_UNCERTAINTY
713333aa4a5441afe657bceeb4436c16829d11f4304102074b8aefe9130227e7,MONASH,100443,charm_plus_anticharm_constituent_count,raw_weighted_sum,weighted_count,0x1.26f0000000000p+14,AVAILABLE,WITHHELD_UNCERTAINTY
5c3b0d4380c28ac6749799c6dff363ec4fa2f806156808aa436eac5321993dd7,CLOSEPACKING,100443,hadron_count,normalized_yield,per_event,0x1.bacaeca2d6035p-14,AVAILABLE,AVAILABLE
4368b2c93123fcfea0ed70ca722bdb6d7c584f9bf5fc087a6793f62c69ead660,JUNCTIONS,100443,hadron_count,normalized_yield,per_event,0x1.d105c18afa448p-14,AVAILABLE,AVAILABLE
25da31ff8b09fb501daa5b8c2dfdd29ad7b374d4e94d42201f358bdc1c0254c0,MONASH,100443,hadron_count,normalized_yield,per_event,0x1.8bdbc0db7ce8ep-14,AVAILABLE,AVAILABLE
ad14cb17263cd7d8f48265812634745f4bc1c4bfc920f88cd551875b2b7c130d,CLOSEPACKING,100443,hadron_count,raw_count,count,0x1.49e8000000000p+13,AVAILABLE,WITHHELD_UNCERTAINTY
daed00dae66c8dac7593dedaed9a986202228a42cb6ac08934afa3eae8d26c3f,JUNCTIONS,100443,hadron_count,raw_count,count,0x1.5a78000000000p+13,AVAILABLE,WITHHELD_UNCERTAINTY
925e9b41b8ab580ffcf8eb2f2072dbda286c69bf499a538edcc852badc5864cb,MONASH,100443,hadron_count,raw_count,count,0x1.26f0000000000p+13,AVAILABLE,WITHHELD_UNCERTAINTY
0615512753ad1ea0ee32bf41cd522c39fdf2796cc22622d6788c0738fda84297,CLOSEPACKING,100443,hadron_count,raw_weighted_sum,weighted_count,0x1.49e8000000000p+13,AVAILABLE,WITHHELD_UNCERTAINTY
e60cd49a755463c95ce8200e7e15b90f6608d825a99eb17ccba5aa3052aeed52,JUNCTIONS,100443,hadron_count,raw_weighted_sum,weighted_count,0x1.5a78000000000p+13,AVAILABLE,WITHHELD_UNCERTAINTY
4c7aff7a4d0fe1c59fec92a737348d3df7ab22f8f3af1a5bced9d1b0c2618ef6,MONASH,100443,hadron_count,raw_weighted_sum,weighted_count,0x1.26f0000000000p+13,AVAILABLE,WITHHELD_UNCERTAINTY
cf78f3b9e59e3fe24b3bceeeb91310315b14d5cf52c79e825f8d5955f65be83e,CLOSEPACKING,100553,beauty_plus_antibeauty_constituent_count,raw_count,count,0x1.9c00000000000p+8,AVAILABLE,WITHHELD_UNCERTAINTY
81a8cf6a5f7e4976b34345b550596d43fd609784614a054fb0b6b58fb0702fc4,JUNCTIONS,100553,beauty_plus_antibeauty_constituent_count,raw_count,count,0x1.9600000000000p+8,AVAILABLE,WITHHELD_UNCERTAINTY
1660b7c262a0c501f470cf6c749653b0ba056403ff16a89d108ecb5371ad0a6e,MONASH,100553,beauty_plus_antibeauty_constituent_count,raw_count,count,0x1.9e00000000000p+8,AVAILABLE,WITHHELD_UNCERTAINTY
5cead717f0e08c0330321fcc9ad30f150ff61ab0c22c0ee358e9c939f3c8fe9a,CLOSEPACKING,100553,beauty_plus_antibeauty_constituent_count,raw_weighted_sum,weighted_count,0x1.9c00000000000p+8,AVAILABLE,WITHHELD_UNCERTAINTY
812fffc4869b4623004149fce8beb45ffb0e88b3cb22faa7b14f71257057d574,JUNCTIONS,100553,beauty_plus_antibeauty_constituent_count,raw_weighted_sum,weighted_count,0x1.9600000000000p+8,AVAILABLE,WITHHELD_UNCERTAINTY
c30d2323910cc8083135e543c70782847c75a792fc08e6d408325de38ecb6121,MONASH,100553,beauty_plus_antibeauty_constituent_count,raw_weighted_sum,weighted_count,0x1.9e00000000000p+8,AVAILABLE,WITHHELD_UNCERTAINTY
92ba2a1966d4b4c366bfe49e3ea3fff29e7379d6615f9165606bf3334e95c0d5,CLOSEPACKING,100553,charm_plus_anticharm_constituent_count,raw_count,count,0x0.0p+0,AVAILABLE,WITHHELD_UNCERTAINTY
d7bd021dbee772f26fcf7fe2e8ddf600ceebdfaa900d23ee10adae334d177bf5,JUNCTIONS,100553,charm_plus_anticharm_constituent_count,raw_count,count,0x0.0p+0,AVAILABLE,WITHHELD_UNCERTAINTY
2e445126543ecde3656d1c74b0fd5549af69b51e667d63303c405afe870d66c4,MONASH,100553,charm_plus_anticharm_constituent_count,raw_count,count,0x0.0p+0,AVAILABLE,WITHHELD_UNCERTAINTY
ccddf62e04e067c5202b261e729d1b8b6c21c514f2aeacc0fecc7208993f9d8b,CLOSEPACKING,100553,charm_plus_anticharm_constituent_count,raw_weighted_sum,weighted_count,0x0.0p+0,AVAILABLE,WITHHELD_UNCERTAINTY
c5478e0dee3f1df158efece4ff91d7a83636c29b826fe1ce6024575afab8e765,JUNCTIONS,100553,charm_plus_anticharm_constituent_count,raw_weighted_sum,weighted_count,0x0.0p+0,AVAILABLE,WITHHELD_UNCERTAINTY
c0bfba2aa2a16c50e63d979fc60408dc794bc8b41f0751aea0747ce8ea1c4ee3,MONASH,100553,charm_plus_anticharm_constituent_count,raw_weighted_sum,weighted_count,0x0.0p+0,AVAILABLE,WITHHELD_UNCERTAINTY
27f33750054e8ea85699dca691038b55a31fc471c05fc42aca5f99ca09db5b16,CLOSEPACKING,100553,hadron_count,normalized_yield,per_event,0x1.147d0fa0310d7p-19,AVAILABLE,AVAILABLE
8027072dc41be7c9bcd220074aa33ceb3c66989308ca780b0c10c976694295ab,JUNCTIONS,100553,hadron_count,normalized_yield,per_event,0x1.107644d5c7f32p-19,AVAILABLE,AVAILABLE
9191275bf7692fa34efb56f31b0a0b2e6e5a3e1a71539262cf2e9e277772b0c7,MONASH,100553,hadron_count,normalized_yield,per_event,0x1.15d4a88e54163p-19,AVAILABLE,AVAILABLE
04eb7a4c923bf0776b5bb71f8fd73987fd243be4946e0a771619d4bda14d73ff,CLOSEPACKING,100553,hadron_count,raw_count,count,0x1.9c00000000000p+7,AVAILABLE,WITHHELD_UNCERTAINTY
2b23b8d7c808be83e56a37fa0c84fc7a4be909851e552fb8890472366fa087a6,JUNCTIONS,100553,hadron_count,raw_count,count,0x1.9600000000000p+7,AVAILABLE,WITHHELD_UNCERTAINTY
492804a86bd813adecdfe4704bf9fa33b8cd4e4f4be832d3cd33ba39c6880784,MONASH,100553,hadron_count,raw_count,count,0x1.9e00000000000p+7,AVAILABLE,WITHHELD_UNCERTAINTY
b80b3097ed5d2500354f563be7d71d4bf201c309d958e0f3f209e188234adbde,CLOSEPACKING,100553,hadron_count,raw_weighted_sum,weighted_count,0x1.9c00000000000p+7,AVAILABLE,WITHHELD_UNCERTAINTY
08cad5ab21240390a245acf1d69326b7b686a28f1acb9d669d1575b6568dcf06,JUNCTIONS,100553,hadron_count,raw_weighted_sum,weighted_count,0x1.9600000000000p+7,AVAILABLE,WITHHELD_UNCERTAINTY
207877a72030c6156c468c3e943a0716e7cb6b1e7ab7f70c89499539a5724e96,MONASH,100553,hadron_count,raw_weighted_sum,weighted_count,0x1.9e00000000000p+7,AVAILABLE,WITHHELD_UNCERTAINTY
a9d1275112257ee45dbcaba28eb8fa0d4f03ee85b72f64324dd29cc3053bb903,CLOSEPACKING,10441,beauty_plus_antibeauty_constituent_count,raw_count,count,0x0.0p+0,AVAILABLE,WITHHELD_UNCERTAINTY
80bd67ad88a123f7649c4e9bf1d4c4fb4e215c9a73b85c5640b3c6defc25b674,JUNCTIONS,10441,beauty_plus_antibeauty_constituent_count,raw_count,count,0x0.0p+0,AVAILABLE,WITHHELD_UNCERTAINTY
aed006f70e42004e9263e9f4f532c0d8f5181b32dd68c893d4eb116be266cd89,MONASH,10441,beauty_plus_antibeauty_constituent_count,raw_count,count,0x0.0p+0,AVAILABLE,WITHHELD_UNCERTAINTY
c7fe8c4ff03fd88f4d9471baa96c97ad024ff317009b2f7d7a3a95fb7d41d983,CLOSEPACKING,10441,beauty_plus_antibeauty_constituent_count,raw_weighted_sum,weighted_count,0x0.0p+0,AVAILABLE,WITHHELD_UNCERTAINTY
2736e85f617548515fca066190bc4e845715db6119162b754486e933c0761d0a,JUNCTIONS,10441,beauty_plus_antibeauty_constituent_count,raw_weighted_sum,weighted_count,0x0.0p+0,AVAILABLE,WITHHELD_UNCERTAINTY
bcc1d0c0d8dcccef17120fa96f99d890575d8ef3e16378a8ea8284b81a569419,MONASH,10441,beauty_plus_antibeauty_constituent_count,raw_weighted_sum,weighted_count,0x0.0p+0,AVAILABLE,WITHHELD_UNCERTAINTY
7e0bf159f153f8631d91209c836a2c58508849b732bd8dd9a22b025215825b6d,CLOSEPACKING,10441,charm_plus_anticharm_constituent_count,raw_count,count,0x1.c21b800000000p+18,AVAILABLE,WITHHELD_UNCERTAINTY
b0ada0bc089f04370df2f72299cc8772085f4aff1324949a50ce52c3618a6835,JUNCTIONS,10441,charm_plus_anticharm_constituent_count,raw_count,count,0x1.dc73800000000p+18,AVAILABLE,WITHHELD_UNCERTAINTY
c56911c7af66005f29689415be88ab8f6ce8371f4818b9442195c6ab85f94c12,MONASH,10441,charm_plus_anticharm_constituent_count,raw_count,count,0x1.946d800000000p+18,AVAILABLE,WITHHELD_UNCERTAINTY
f27cedbd431efd1497ffc912c640dc59005abe1ad226d7dda45f9f9e38ae5669,CLOSEPACKING,10441,charm_plus_anticharm_constituent_count,raw_weighted_sum,weighted_count,0x1.c21b800000000p+18,AVAILABLE,WITHHELD_UNCERTAINTY
79a32747a6f56a2aff4f851dffb78b35c6ceae83661f7e2a349806d328c84fdb,JUNCTIONS,10441,charm_plus_anticharm_constituent_count,raw_weighted_sum,weighted_count,0x1.dc73800000000p+18,AVAILABLE,WITHHELD_UNCERTAINTY
464eb624626cc5cc9acdf01ed99b53b5161d9734e0514853059504335160d69f,MONASH,10441,charm_plus_anticharm_constituent_count,raw_weighted_sum,weighted_count,0x1.946d800000000p+18,AVAILABLE,WITHHELD_UNCERTAINTY
f51f5c995f0686b6d3ad412e560f66e60937dede63c1d815100c9300f77d979c,CLOSEPACKING,10441,hadron_count,normalized_yield,per_event,0x1.2e0fddc39515ap-9,AVAILABLE,AVAILABLE
19a805b7b06b01de9973ca727f231ff070c942e72710a486e3b747e511591f73,JUNCTIONS,10441,hadron_count,normalized_yield,per_event,0x1.3fbdb0244a8d1p-9,AVAILABLE,AVAILABLE
b61582f91b5c3caabfff8e4e3341b6a7c47edfefb33ee3deca40fba8743e7fc4,MONASH,10441,hadron_count,normalized_yield,per_event,0x1.0f6827dc92e88p-9,AVAILABLE,AVAILABLE
9897c16b724cbb3c7aed40b72530eeb03c4678a460e8ae741d26b97e93e568b1,CLOSEPACKING,10441,hadron_count,raw_count,count,0x1.c21b800000000p+17,AVAILABLE,WITHHELD_UNCERTAINTY
4384105b2442e36de639f3b8ba8363a51847cbb2fed35820dea8ce0a36cfa930,JUNCTIONS,10441,hadron_count,raw_count,count,0x1.dc73800000000p+17,AVAILABLE,WITHHELD_UNCERTAINTY
c7ddbe9d216b82da9060bc182a9968d11ad4bc43f8d23c25ff43e1100258d13b,MONASH,10441,hadron_count,raw_count,count,0x1.946d800000000p+17,AVAILABLE,WITHHELD_UNCERTAINTY
88a8461ca71ba2d343528ec62b9683a07a60fe095ec4acdd8990cf6c3100b765,CLOSEPACKING,10441,hadron_count,raw_weighted_sum,weighted_count,0x1.c21b800000000p+17,AVAILABLE,WITHHELD_UNCERTAINTY
5a7ea062266cc8fb4c0ff16046e0893fa9806ebb8d9ceb0af4e8ed646d584f2a,JUNCTIONS,10441,hadron_count,raw_weighted_sum,weighted_count,0x1.dc73800000000p+17,AVAILABLE,WITHHELD_UNCERTAINTY
6e8322540db692eb95d856e785ab0b8dbdccb8fe671117cf3cccfa47361d4de5,MONASH,10441,hadron_count,raw_weighted_sum,weighted_count,0x1.946d800000000p+17,AVAILABLE,WITHHELD_UNCERTAINTY
ec38bf18d482e69f3836b8527f18e282c0a7a6a4cf9755e0967dba4e00e5f9cf,CLOSEPACKING,10551,beauty_plus_antibeauty_constituent_count,raw_count,count,0x1.1478000000000p+14,AVAILABLE,WITHHELD_UNCERTAINTY
b15483ded207cbbee28eb8a1dd86f79b179f8b51eb6bf2f2993d70178af0d438,JUNCTIONS,10551,beauty_plus_antibeauty_constituent_count,raw_count,count,0x1.2a58000000000p+14,AVAILABLE,WITHHELD_UNCERTAINTY
ed3cfcc0cfd6a81c5446b5773df96d43aec96210aff434aed1aaff2feca22b91,MONASH,10551,beauty_plus_antibeauty_constituent_count,raw_count,count,0x1.0558000000000p+14,AVAILABLE,WITHHELD_UNCERTAINTY
34f1df967fecf0a2f39d154231751d69fcbbf16819b253d7dd046a654eca9c76,CLOSEPACKING,10551,beauty_plus_antibeauty_constituent_count,raw_weighted_sum,weighted_count,0x1.1478000000000p+14,AVAILABLE,WITHHELD_UNCERTAINTY
ba0a4e3be4bcffd85b24b927ac5dd3c71893898255b27fcfdd3792e94f46e690,JUNCTIONS,10551,beauty_plus_antibeauty_constituent_count,raw_weighted_sum,weighted_count,0x1.2a58000000000p+14,AVAILABLE,WITHHELD_UNCERTAINTY
5f8cf41e88a6815771a2a0774b77002d1fae7622a825d73a9f82b3a91275323d,MONASH,10551,beauty_plus_antibeauty_constituent_count,raw_weighted_sum,weighted_count,0x1.0558000000000p+14,AVAILABLE,WITHHELD_UNCERTAINTY
88b2adc546b7dadeb8d6fcc9382a2fbd27c4eaeaae8bb0722667f8a12350d7f9,CLOSEPACKING,10551,charm_plus_anticharm_constituent_count,raw_count,count,0x0.0p+0,AVAILABLE,WITHHELD_UNCERTAINTY
d35d4a7e29746acfdf13c1c499b29ae5234aff12b048151dcbb1d49b2652faf2,JUNCTIONS,10551,charm_plus_anticharm_constituent_count,raw_count,count,0x0.0p+0,AVAILABLE,WITHHELD_UNCERTAINTY
ca90b062c5e57f722c2f1ba71514fd20c59002ef7d1a403b7bd611d19f754952,MONASH,10551,charm_plus_anticharm_constituent_count,raw_count,count,0x0.0p+0,AVAILABLE,WITHHELD_UNCERTAINTY
c8e914d0b67f2e0d6d42fa32246f3b1e2eae56ab227ea00d152d34d5640f7113,CLOSEPACKING,10551,charm_plus_anticharm_constituent_count,raw_weighted_sum,weighted_count,0x0.0p+0,AVAILABLE,WITHHELD_UNCERTAINTY
0c0fc22ea467ef3cd4fb35e0b1328f1436aa0735fc2a4f7eb845a5e81a54c252,JUNCTIONS,10551,charm_plus_anticharm_constituent_count,raw_weighted_sum,weighted_count,0x0.0p+0,AVAILABLE,WITHHELD_UNCERTAINTY
971fff66a49a9efc3c6935b373bc367687d24d780726c62c44a148dbbe2719df,MONASH,10551,charm_plus_anticharm_constituent_count,raw_weighted_sum,weighted_count,0x0.0p+0,AVAILABLE,WITHHELD_UNCERTAINTY
9b0dac029e27b65af53aa9b8124e847b245af2c9582c0c841b486d7f18517ab0,CLOSEPACKING,10551,hadron_count,normalized_yield,per_event,0x1.7311f06d65df0p-14,AVAILABLE,AVAILABLE
4bda305a9b971fe7214384d3f988cdbe46b4d0130b3a5ede87fd58f619ea7a57,JUNCTIONS,10551,hadron_count,normalized_yield,per_event,0x1.906e21c6a43ecp-14,AVAILABLE,AVAILABLE
fa24799adf53d87919825163c1bb912d8fc0b04dc00f5b2a40470e00ba22b4bd,MONASH,10551,hadron_count,normalized_yield,per_event,0x1.5ec5075b93fa7p-14,AVAILABLE,AVAILABLE
1d58498c6379ebf69b4ff7681710589b1c50071037e7a30ed0917a3278e68a38,CLOSEPACKING,10551,hadron_count,raw_count,count,0x1.1478000000000p+13,AVAILABLE,WITHHELD_UNCERTAINTY
ea1bcd62fc18fabfdc90ca290eac8061e68574275f29e1d54b4002959c400fa1,JUNCTIONS,10551,hadron_count,raw_count,count,0x1.2a58000000000p+13,AVAILABLE,WITHHELD_UNCERTAINTY
9c9859edea850f5ab734c2f8a7df7c8f665b7d23920357d21025975451dd2091,MONASH,10551,hadron_count,raw_count,count,0x1.0558000000000p+13,AVAILABLE,WITHHELD_UNCERTAINTY
54c513722efeb45b119107aeb14164a432c4eebe5dc269e2483dfd81abb5ad03,CLOSEPACKING,10551,hadron_count,raw_weighted_sum,weighted_count,0x1.1478000000000p+13,AVAILABLE,WITHHELD_UNCERTAINTY
8fdce4a76efcd55873ab76f1d09be5a140148e43ab72e901008377ca4739c283,JUNCTIONS,10551,hadron_count,raw_weighted_sum,weighted_count,0x1.2a58000000000p+13,AVAILABLE,WITHHELD_UNCERTAINTY
632d27dd5ce3b6d3086bc01cae22799e880cf7923da6704ffff72dd76cbf1336,MONASH,10551,hadron_count,raw_weighted_sum,weighted_count,0x1.0558000000000p+13,AVAILABLE,WITHHELD_UNCERTAINTY
f13c11cd5d2c7a05f1ac36f8108fd3051ad457a2e2cc568002c16ba632436304,CLOSEPACKING,200553,beauty_plus_antibeauty_constituent_count,raw_count,count,0x1.ca00000000000p+8,AVAILABLE,WITHHELD_UNCERTAINTY
2eb19abe6758b15a72bc61a26c852ae714fc87a94647e8923126b3fdd34da3ac,JUNCTIONS,200553,beauty_plus_antibeauty_constituent_count,raw_count,count,0x1.0600000000000p+9,AVAILABLE,WITHHELD_UNCERTAINTY
2b5105adc268d18c1e4e389ee6cbef87acf49eb1a5b4c90863cb575f54150958,MONASH,200553,beauty_plus_antibeauty_constituent_count,raw_count,count,0x1.9a00000000000p+8,AVAILABLE,WITHHELD_UNCERTAINTY
93857584fd3c817c10f4808939a463dabea16c66a9b8f8206cf28e36b89f71f1,CLOSEPACKING,200553,beauty_plus_antibeauty_constituent_count,raw_weighted_sum,weighted_count,0x1.ca00000000000p+8,AVAILABLE,WITHHELD_UNCERTAINTY
b4c7a1891f52e50c977721f7c675ef12ced705966ebb677ca6397d7fbeb46629,JUNCTIONS,200553,beauty_plus_antibeauty_constituent_count,raw_weighted_sum,weighted_count,0x1.0600000000000p+9,AVAILABLE,WITHHELD_UNCERTAINTY
87064fae3eed2965e2d06681146bdb92902ae8ded894f773f7e4f647bcf58cf2,MONASH,200553,beauty_plus_antibeauty_constituent_count,raw_weighted_sum,weighted_count,0x1.9a00000000000p+8,AVAILABLE,WITHHELD_UNCERTAINTY
33b62cfe0f0b299b0a14e608aea6449108f503fce94106a38a3fe7648a840bb7,CLOSEPACKING,200553,charm_plus_anticharm_constituent_count,raw_count,count,0x0.0p+0,AVAILABLE,WITHHELD_UNCERTAINTY
a5b8312f6b10f1a8245a3aabedc2b78c8fe4372f8b1ccfb1e727dbdb60b6a5da,JUNCTIONS,200553,charm_plus_anticharm_constituent_count,raw_count,count,0x0.0p+0,AVAILABLE,WITHHELD_UNCERTAINTY
a4e98adf3e129a7bc1589dd4c419aa37cb1050ff8d4f2f11840451f3655cb620,MONASH,200553,charm_plus_anticharm_constituent_count,raw_count,count,0x0.0p+0,AVAILABLE,WITHHELD_UNCERTAINTY
f099aa2312a517211ff2d85abf6b8575d9227390671a5a3c8a28a257e98e46e8,CLOSEPACKING,200553,charm_plus_anticharm_constituent_count,raw_weighted_sum,weighted_count,0x0.0p+0,AVAILABLE,WITHHELD_UNCERTAINTY
ef8e0a98949d3139cf8868623d476958aecd14e3fb6769fe2bb4cc5e713e9c57,JUNCTIONS,200553,charm_plus_anticharm_constituent_count,raw_weighted_sum,weighted_count,0x0.0p+0,AVAILABLE,WITHHELD_UNCERTAINTY
83aa1d6e173d0704314c878f853a2432f849c8169a266d68af713361ba482f32,MONASH,200553,charm_plus_anticharm_constituent_count,raw_weighted_sum,weighted_count,0x0.0p+0,AVAILABLE,WITHHELD_UNCERTAINTY
a5744a70501ccb031b01d85bbbd1121bf7ea780fc4385a8af370f3bc783e3854,CLOSEPACKING,200553,hadron_count,normalized_yield,per_event,0x1.335bcd0556d70p-19,AVAILABLE,AVAILABLE
18073aa431d6c22fa775b5a8c625e3a7207943a875c1aef35d02bf57dcdd8cd3,JUNCTIONS,200553,hadron_count,normalized_yield,per_event,0x1.5fa683b7daf83p-19,AVAILABLE,AVAILABLE
c985c17b27ae7cc2475e007b8e8a89d200c873a7f886944f41c56de7724b90f5,MONASH,200553,hadron_count,normalized_yield,per_event,0x1.132576b20e04ap-19,AVAILABLE,AVAILABLE
141b589ac1a5b3303987007eaf93fba18168f2084c9a841b7ed4314bf5b895d9,CLOSEPACKING,200553,hadron_count,raw_count,count,0x1.ca00000000000p+7,AVAILABLE,WITHHELD_UNCERTAINTY
82960e8993e8563e5a4a230498f3c9d5d90e5cc8feaf6fed2b296656625c3f9b,JUNCTIONS,200553,hadron_count,raw_count,count,0x1.0600000000000p+8,AVAILABLE,WITHHELD_UNCERTAINTY
70015dc77e585ee2b923ebceeb057a95f3adf420a28f639b1b65d2decce9eddb,MONASH,200553,hadron_count,raw_count,count,0x1.9a00000000000p+7,AVAILABLE,WITHHELD_UNCERTAINTY
519b0e39945f10f2e095e7c0d7152351f17e666db32f0f036aebaf96dc1026e0,CLOSEPACKING,200553,hadron_count,raw_weighted_sum,weighted_count,0x1.ca00000000000p+7,AVAILABLE,WITHHELD_UNCERTAINTY
519083983e71481d876047896117209b1f6155af82d5a1b538959e748d6bd2ec,JUNCTIONS,200553,hadron_count,raw_weighted_sum,weighted_count,0x1.0600000000000p+8,AVAILABLE,WITHHELD_UNCERTAINTY
ef6e22e8ab966d26a3ffdee3b680500633bd007c791adbac0cbfc8f2761683d1,MONASH,200553,hadron_count,raw_weighted_sum,weighted_count,0x1.9a00000000000p+7,AVAILABLE,WITHHELD_UNCERTAINTY
27df1c443b072e03adbac0bc1d1de1fb9b456eb5f5924f1b2fb88aa8ee773974,CLOSEPACKING,20443,beauty_plus_antibeauty_constituent_count,raw_count,count,0x0.0p+0,AVAILABLE,WITHHELD_UNCERTAINTY
8cbc4e07992c5219b70d5bdfb66470736fc38311cdf2c3bb1dff4613157c05f4,JUNCTIONS,20443,beauty_plus_antibeauty_constituent_count,raw_count,count,0x0.0p+0,AVAILABLE,WITHHELD_UNCERTAINTY
0374f8d8a5c3202498b29aae80f01cfb0553327c2b534330e85ce4b0368aae57,MONASH,20443,beauty_plus_antibeauty_constituent_count,raw_count,count,0x0.0p+0,AVAILABLE,WITHHELD_UNCERTAINTY
8add173ad6ed68d417316415d25bba40769216ef2fcfe47ad6a216db4c50e4d3,CLOSEPACKING,20443,beauty_plus_antibeauty_constituent_count,raw_weighted_sum,weighted_count,0x0.0p+0,AVAILABLE,WITHHELD_UNCERTAINTY
4efbfe4077684c787fe425f4d6faafe4a943e8516a98dd95881017ca05be294a,JUNCTIONS,20443,beauty_plus_antibeauty_constituent_count,raw_weighted_sum,weighted_count,0x0.0p+0,AVAILABLE,WITHHELD_UNCERTAINTY
1b8eb5ee00baabb15e8a949ab381f4418b752426e611f4bdd1011d11561c6620,MONASH,20443,beauty_plus_antibeauty_constituent_count,raw_weighted_sum,weighted_count,0x0.0p+0,AVAILABLE,WITHHELD_UNCERTAINTY
5ca64ca8552bced98bab4bb95e3911a3ffb6c96394d37bdaa6229a39e70b7234,CLOSEPACKING,20443,charm_plus_anticharm_constituent_count,raw_count,count,0x1.1907000000000p+17,AVAILABLE,WITHHELD_UNCERTAINTY
b1dc9f06ab46c0e6a99c1cbb50f7c22705f31c3924a6f5be5d5bbf5fd594f8dd,JUNCTIONS,20443,charm_plus_anticharm_constituent_count,raw_count,count,0x1.26d6000000000p+17,AVAILABLE,WITHHELD_UNCERTAINTY
236f498c33ea7efce17abef003adbaa80359f916a868fb77a450da3655ca4c69,MONASH,20443,charm_plus_anticharm_constituent_count,raw_count,count,0x1.010d000000000p+17,AVAILABLE,WITHHELD_UNCERTAINTY
2ba729c1b784465cf298b544b0210a3ff8ba64054be02d19355981621cbbfc35,CLOSEPACKING,20443,charm_plus_anticharm_constituent_count,raw_weighted_sum,weighted_count,0x1.1907000000000p+17,AVAILABLE,WITHHELD_UNCERTAINTY
326930d6699af7bc6f4602a10bd69a9d0948df8f03b66143ab9a30464ef71db4,JUNCTIONS,20443,charm_plus_anticharm_constituent_count,raw_weighted_sum,weighted_count,0x1.26d6000000000p+17,AVAILABLE,WITHHELD_UNCERTAINTY
2118d5a9b76de2de76b71a6c5b51074ee16504c31d423de48d55add08bd3428f,MONASH,20443,charm_plus_anticharm_constituent_count,raw_weighted_sum,weighted_count,0x1.010d000000000p+17,AVAILABLE,WITHHELD_UNCERTAINTY
431ef030b2f2d3683f52949ee587357ec00ab27ec1572e33dbfaddddaaadae37,CLOSEPACKING,20443,hadron_count,normalized_yield,per_event,0x1.79304292f793fp-11,AVAILABLE,AVAILABLE
56c30746311a6fe393ff2cb2ee85d35746470bd3990d1787d4f5c1de30f6b53d,JUNCTIONS,20443,hadron_count,normalized_yield,per_event,0x1.8bb8db534d5a0p-11,AVAILABLE,AVAILABLE
cfc728c2dcf18a2f65d21d4707e8cd4565135bc26ae521b0459499066b8d6442,MONASH,20443,hadron_count,normalized_yield,per_event,0x1.5901f9d54393dp-11,AVAILABLE,AVAILABLE
d9e80e5e97466d6ffd60ea8448ca20d2d92cdb2f964dce536a982de6f2870ff7,CLOSEPACKING,20443,hadron_count,raw_count,count,0x1.1907000000000p+16,AVAILABLE,WITHHELD_UNCERTAINTY
2c140bab2b33ca426d9ea44bb689cace64e530b41940c08b3a8b23c5ea3a3ac4,JUNCTIONS,20443,hadron_count,raw_count,count,0x1.26d6000000000p+16,AVAILABLE,WITHHELD_UNCERTAINTY
d7dc280049af9c6736f1b84893f43de3272836d91f10689e969582d9a09537e4,MONASH,20443,hadron_count,raw_count,count,0x1.010d000000000p+16,AVAILABLE,WITHHELD_UNCERTAINTY
83dcb8954fcb1d38d2a7e649c10f66f66aa6a7d1dda930fc987e82669ecb1420,CLOSEPACKING,20443,hadron_count,raw_weighted_sum,weighted_count,0x1.1907000000000p+16,AVAILABLE,WITHHELD_UNCERTAINTY
491c1b1bb5c7678bde8b293c5ffe49dc94e25aa1c6068721022f7b9ed7ee244c,JUNCTIONS,20443,hadron_count,raw_weighted_sum,weighted_count,0x1.26d6000000000p+16,AVAILABLE,WITHHELD_UNCERTAINTY
4e80e7f664f5f18ead50b452bf26eab95bdfbdbf92357222bc522cb196945071,MONASH,20443,hadron_count,raw_weighted_sum,weighted_count,0x1.010d000000000p+16,AVAILABLE,WITHHELD_UNCERTAINTY
f20a4804f8eb9306a5e99f72acc46d99a4fb30a1f639b001ec83ffc96ad940cb,CLOSEPACKING,20553,beauty_plus_antibeauty_constituent_count,raw_count,count,0x1.b100000000000p+9,AVAILABLE,WITHHELD_UNCERTAINTY
3adab51896cf465c55d8ef9d06adc0db99b8b7a6faeb6c9095124aba0dd07f37,JUNCTIONS,20553,beauty_plus_antibeauty_constituent_count,raw_count,count,0x1.c300000000000p+9,AVAILABLE,WITHHELD_UNCERTAINTY
61d9815b24cf5f58682f2b49550ee86455088e90da2f839175c74b3a9582a843,MONASH,20553,beauty_plus_antibeauty_constituent_count,raw_count,count,0x1.7700000000000p+9,AVAILABLE,WITHHELD_UNCERTAINTY
60f7259af2b16a33b5207adb75833bd7faf3aa6b6c6f64d71fdaa264ca41bbd1,CLOSEPACKING,20553,beauty_plus_antibeauty_constituent_count,raw_weighted_sum,weighted_count,0x1.b100000000000p+9,AVAILABLE,WITHHELD_UNCERTAINTY
9f805a399a8f1c5e61b12c2eaae81bd74652a28db7bf90d743e8069096f00549,JUNCTIONS,20553,beauty_plus_antibeauty_constituent_count,raw_weighted_sum,weighted_count,0x1.c300000000000p+9,AVAILABLE,WITHHELD_UNCERTAINTY
8398c6a4c4054205c90380d12f1a2f6ec348f658815d327e54c3d3022ab684f4,MONASH,20553,beauty_plus_antibeauty_constituent_count,raw_weighted_sum,weighted_count,0x1.7700000000000p+9,AVAILABLE,WITHHELD_UNCERTAINTY
bb1218666470989ee1b9c4193edfa1e08fa48fba139fe82dd78d29eb47c8e67f,CLOSEPACKING,20553,charm_plus_anticharm_constituent_count,raw_count,count,0x0.0p+0,AVAILABLE,WITHHELD_UNCERTAINTY
b31c8d755372b325e040b0c419aba528b08eba9326929760cd6b56b45605d13d,JUNCTIONS,20553,charm_plus_anticharm_constituent_count,raw_count,count,0x0.0p+0,AVAILABLE,WITHHELD_UNCERTAINTY
7e23902e52ba67272435a912239f396b87e24c1ff95585d38a29491033371134,MONASH,20553,charm_plus_anticharm_constituent_count,raw_count,count,0x0.0p+0,AVAILABLE,WITHHELD_UNCERTAINTY
29a54710d2dc2e8e38771a24fa57d4018119654ee119f025ba0d1bac828a3f42,CLOSEPACKING,20553,charm_plus_anticharm_constituent_count,raw_weighted_sum,weighted_count,0x0.0p+0,AVAILABLE,WITHHELD_UNCERTAINTY
439c2db62eeeba3b1f0de7a749b12d64f7f52c910a039ab63358097757d25f65,JUNCTIONS,20553,charm_plus_anticharm_constituent_count,raw_weighted_sum,weighted_count,0x0.0p+0,AVAILABLE,WITHHELD_UNCERTAINTY
4ff51e8215347381b3ce27209adbd79e37c3df869b1a6a8f7d903e6521b73cbd,MONASH,20553,charm_plus_anticharm_constituent_count,raw_weighted_sum,weighted_count,0x0.0p+0,AVAILABLE,WITHHELD_UNCERTAINTY
a0c19a21a8196ef3984abd63f0982548d092e4cf9e3f7a6d4ca0f404a5fe4ffc,CLOSEPACKING,20553,hadron_count,normalized_yield,per_event,0x1.2294d564a0e97p-18,AVAILABLE,AVAILABLE
d80e3e2a3d8dcf307adbcf6f0df8a92e7e8f28a48722a11839b59cd0dd5973fd,JUNCTIONS,20553,hadron_count,normalized_yield,per_event,0x1.2ea935c3dc385p-18,AVAILABLE,AVAILABLE
2de4c6a3c2f6a7feaf0a11acf70d3b34536e2890f881ed4620a7f21b5c4b5942,MONASH,20553,hadron_count,normalized_yield,per_event,0x1.f75104d551d69p-19,AVAILABLE,AVAILABLE
7b7ef4bb40ebbacf78aeb194a4d1dc0c8f0540dd3d9a98c88f95da3f424c2176,CLOSEPACKING,20553,hadron_count,raw_count,count,0x1.b100000000000p+8,AVAILABLE,WITHHELD_UNCERTAINTY
0f7616cb2e1bc56f18ddd5d63f6e31c5de0ca15da9c3e18b53ed7bbbd8ce21da,JUNCTIONS,20553,hadron_count,raw_count,count,0x1.c300000000000p+8,AVAILABLE,WITHHELD_UNCERTAINTY
523fbcbbd7f7d3e925ec018daa853f3260d0b4874891f876de2cafb3826a3af0,MONASH,20553,hadron_count,raw_count,count,0x1.7700000000000p+8,AVAILABLE,WITHHELD_UNCERTAINTY
75a60b78ca3f129b525b57d7254920d6021ece4d65ca2a62b0ec364d4246d80c,CLOSEPACKING,20553,hadron_count,raw_weighted_sum,weighted_count,0x1.b100000000000p+8,AVAILABLE,WITHHELD_UNCERTAINTY
15d284ad7897dc86d7fde6801c6ca5267a65bb62e743a7670ed1f46ea316b7a0,JUNCTIONS,20553,hadron_count,raw_weighted_sum,weighted_count,0x1.c300000000000p+8,AVAILABLE,WITHHELD_UNCERTAINTY
523209d4786075e7f4705e199fe39238bb830e2247de35e5e82659764b64311b,MONASH,20553,hadron_count,raw_weighted_sum,weighted_count,0x1.7700000000000p+8,AVAILABLE,WITHHELD_UNCERTAINTY
9581f79a681136fc74cdaf6908ab083acd6db146c691dcdddfbe9de7deb735de,CLOSEPACKING,30443,beauty_plus_antibeauty_constituent_count,raw_count,count,0x0.0p+0,AVAILABLE,WITHHELD_UNCERTAINTY
89ac8229f325c615c8e3895c575de2578eb8f1047140b0ce69cccbde3154fb45,JUNCTIONS,30443,beauty_plus_antibeauty_constituent_count,raw_count,count,0x0.0p+0,AVAILABLE,WITHHELD_UNCERTAINTY
885bb85244a0986fb06e4d8efb170bb058e18a0f26c2d4c023f8e976eed6ee79,MONASH,30443,beauty_plus_antibeauty_constituent_count,raw_count,count,0x0.0p+0,AVAILABLE,WITHHELD_UNCERTAINTY
b7d0fe317105ca6924ef172fb6c2629a0048a8ce1e5cb76cfe9b1234f4900633,CLOSEPACKING,30443,beauty_plus_antibeauty_constituent_count,raw_weighted_sum,weighted_count,0x0.0p+0,AVAILABLE,WITHHELD_UNCERTAINTY
269bcafacb756599c655cd908f9ea53889b85a043f5c2ebbe0518e7bf6b1f64f,JUNCTIONS,30443,beauty_plus_antibeauty_constituent_count,raw_weighted_sum,weighted_count,0x0.0p+0,AVAILABLE,WITHHELD_UNCERTAINTY
b675b08e62922376d671b2d51c7d295792834203e633fbc04f81c78a162ac1f3,MONASH,30443,beauty_plus_antibeauty_constituent_count,raw_weighted_sum,weighted_count,0x0.0p+0,AVAILABLE,WITHHELD_UNCERTAINTY
0fb7c6932972b31515d5f7896a9721db3cb79718bccd045ed6a04fa29d2e9a83,CLOSEPACKING,30443,charm_plus_anticharm_constituent_count,raw_count,count,0x1.2bb0000000000p+14,AVAILABLE,WITHHELD_UNCERTAINTY
3a7b85580c31d6d2a91f2c6dc0ad807785e0dfd504c7f5925ae9e6ab1e4b8b05,JUNCTIONS,30443,charm_plus_anticharm_constituent_count,raw_count,count,0x1.4078000000000p+14,AVAILABLE,WITHHELD_UNCERTAINTY
ba3237edd43b920e9d5fcea789511b5a5f523fd1c0223c9752c9258d7bc318aa,MONASH,30443,charm_plus_anticharm_constituent_count,raw_count,count,0x1.0ba8000000000p+14,AVAILABLE,WITHHELD_UNCERTAINTY
466b260cdbb89640b84db68c64248433fc5262248aa5dec714b9a80831686e66,CLOSEPACKING,30443,charm_plus_anticharm_constituent_count,raw_weighted_sum,weighted_count,0x1.2bb0000000000p+14,AVAILABLE,WITHHELD_UNCERTAINTY
48d1911c4cad494dbf5d28ef7066aa4b1b5d43cd76c4fba819eacd93036e7594,JUNCTIONS,30443,charm_plus_anticharm_constituent_count,raw_weighted_sum,weighted_count,0x1.4078000000000p+14,AVAILABLE,WITHHELD_UNCERTAINTY
59babc7b43ff4e2367464841c7bd8399343e9c19cd386e0032305534b23a5e8a,MONASH,30443,charm_plus_anticharm_constituent_count,raw_weighted_sum,weighted_count,0x1.0ba8000000000p+14,AVAILABLE,WITHHELD_UNCERTAINTY
41268999b5843ac11357d23e91a41d639cc203dbd2048a47c32a56ceadc54897,CLOSEPACKING,30443,hadron_count,normalized_yield,per_event,0x1.923bd746a3528p-14,AVAILABLE,AVAILABLE
ff07ea4b7f56528b89e7392457942fe27538166c10443eed542181f4e0bb80e2,JUNCTIONS,30443,hadron_count,normalized_yield,per_event,0x1.ae20395b6b60ap-14,AVAILABLE,AVAILABLE
4ec975380ffbb0e1fac388883c3fecd24f6a2d3a68a2b9d165770f0d5db150e2,MONASH,30443,hadron_count,normalized_yield,per_event,0x1.673dfcbad121cp-14,AVAILABLE,AVAILABLE
3f247bbdd1fbcfadc3b0a0d1ab5262e6c9e60531d04586427f5970961e9cbda8,CLOSEPACKING,30443,hadron_count,raw_count,count,0x1.2bb0000000000p+13,AVAILABLE,WITHHELD_UNCERTAINTY
e0bd449cfda3438f693c76147e3fe4728ee344f6a9d1568d1ae54b92266576a8,JUNCTIONS,30443,hadron_count,raw_count,count,0x1.4078000000000p+13,AVAILABLE,WITHHELD_UNCERTAINTY
bda42b8566a3a18f1a9584631b0b03c9b8342d5f3e4c7636fc6a27cda451cb74,MONASH,30443,hadron_count,raw_count,count,0x1.0ba8000000000p+13,AVAILABLE,WITHHELD_UNCERTAINTY
7d03a1a0a2f3eb6f5eb6b32a324405a8e4c4f2280f3397e2b306c2002740071c,CLOSEPACKING,30443,hadron_count,raw_weighted_sum,weighted_count,0x1.2bb0000000000p+13,AVAILABLE,WITHHELD_UNCERTAINTY
df43bcbefdc1ef2e934ded3b671ed52865403096fbc833d4439522e69e95e774,JUNCTIONS,30443,hadron_count,raw_weighted_sum,weighted_count,0x1.4078000000000p+13,AVAILABLE,WITHHELD_UNCERTAINTY
feb34885e6710a4fd630bbf285c70e1419e517dba391641e76bba1702f0d63b3,MONASH,30443,hadron_count,raw_weighted_sum,weighted_count,0x1.0ba8000000000p+13,AVAILABLE,WITHHELD_UNCERTAINTY
c5e45f945dba4ffb3c04f05095a975bc0a43cd24e2e17c9f0a677ec2e087d52f,CLOSEPACKING,411,beauty_plus_antibeauty_constituent_count,raw_count,count,0x0.0p+0,AVAILABLE,WITHHELD_UNCERTAINTY
23c71dee786b698c0cff3a5b0a2efa02dc62a67ea2212ff582073b692cb409fe,JUNCTIONS,411,beauty_plus_antibeauty_constituent_count,raw_count,count,0x0.0p+0,AVAILABLE,WITHHELD_UNCERTAINTY
2ae97afc9b9b92aa6a2e0d7df294a34e1b2df5cba4d32d0913c06422aa2a2f32,MONASH,411,beauty_plus_antibeauty_constituent_count,raw_count,count,0x0.0p+0,AVAILABLE,WITHHELD_UNCERTAINTY
4adf44cadc08b3c8d0ec043bdfa6f8f9510d462bb84ea8e128c7e277ee0fca33,CLOSEPACKING,411,beauty_plus_antibeauty_constituent_count,raw_weighted_sum,weighted_count,0x0.0p+0,AVAILABLE,WITHHELD_UNCERTAINTY
000ddd8a718dfe594e85621044a3b0f34fd4c740c7d1666f847a3ba79433ded2,JUNCTIONS,411,beauty_plus_antibeauty_constituent_count,raw_weighted_sum,weighted_count,0x0.0p+0,AVAILABLE,WITHHELD_UNCERTAINTY
7605be0c044da39385d1b1504c2cae689335b22a5ef4c2b0b83b4b616733069c,MONASH,411,beauty_plus_antibeauty_constituent_count,raw_weighted_sum,weighted_count,0x0.0p+0,AVAILABLE,WITHHELD_UNCERTAINTY
eee08dcec072ac1c687ac731de3f0a9c9784a7b5d5fb2d645caa98b5f6039ff4,CLOSEPACKING,411,charm_plus_anticharm_constituent_count,raw_count,count,0x1.2fff060000000p+24,AVAILABLE,WITHHELD_UNCERTAINTY
01fc9d60ddce8a40a97a1fb4ed4b6951d98381de44463aa3f3c1bbfa33e6e713,JUNCTIONS,411,charm_plus_anticharm_constituent_count,raw_count,count,0x1.3379fd0000000p+24,AVAILABLE,WITHHELD_UNCERTAINTY
097352f143aa9480aa5f4d1bc5d0e6d4f7ac3d2c8e0b0e8661e84b8dfe74e2f7,MONASH,411,charm_plus_anticharm_constituent_count,raw_count,count,0x1.5a9f6d0000000p+24,AVAILABLE,WITHHELD_UNCERTAINTY
43a8dce85ccaa5dd9fe672b730fc4369aa49b7d6385343734cdbd4ebb3599792,CLOSEPACKING,411,charm_plus_anticharm_constituent_count,raw_weighted_sum,weighted_count,0x1.2fff060000000p+24,AVAILABLE,WITHHELD_UNCERTAINTY
66ea33f25238acba5efe018f6c40d332d727fe6afd1ac6aa4b60039622514bc4,JUNCTIONS,411,charm_plus_anticharm_constituent_count,raw_weighted_sum,weighted_count,0x1.3379fd0000000p+24,AVAILABLE,WITHHELD_UNCERTAINTY
2ff2f32d337245c61e3cfb3662d3d9204aefd18e4433c1c3dcd60beab8e61ba9,MONASH,411,charm_plus_anticharm_constituent_count,raw_weighted_sum,weighted_count,0x1.5a9f6d0000000p+24,AVAILABLE,WITHHELD_UNCERTAINTY
bcba01a1acf6a8f3e78b9cb8c9aef33ac5640b4eb07548e5ab99aa1b055f9762,CLOSEPACKING,411,hadron_count,normalized_yield,per_event,0x1.98044b3e41da1p-3,AVAILABLE,AVAILABLE
572f68d1c023a83dda8f1c314feba87333a55ac7fcc04277d68268aba0056fad,JUNCTIONS,411,hadron_count,normalized_yield,per_event,0x1.9cb0206eb56a6p-3,AVAILABLE,AVAILABLE
4a94fdc14c9a7d71e5a1c8898f2c019296def74a13be4afdf0bcf523ff151cf9,MONASH,411,hadron_count,normalized_yield,per_event,0x1.d13aac235effcp-3,AVAILABLE,AVAILABLE
d0f4b6a4502fb0036ba1b05953dd211043d3301fc2839e783e5b2aaa3fa6f1e1,CLOSEPACKING,411,hadron_count,raw_count,count,0x1.2fff060000000p+24,AVAILABLE,WITHHELD_UNCERTAINTY
222906a358d99e4ed2f979b895dc9133bbf86c06fa608aba6a12b92cad666fc9,JUNCTIONS,411,hadron_count,raw_count,count,0x1.3379fd0000000p+24,AVAILABLE,WITHHELD_UNCERTAINTY
82bd59bbc0fa40de71fb7795cf3b35256e8da80b93de9420cd7dd552c3816e2d,MONASH,411,hadron_count,raw_count,count,0x1.5a9f6d0000000p+24,AVAILABLE,WITHHELD_UNCERTAINTY
835d082002553ada3923155bd457e4088753239a947056c4fb5849f14ab8f2e1,CLOSEPACKING,411,hadron_count,raw_weighted_sum,weighted_count,0x1.2fff060000000p+24,AVAILABLE,WITHHELD_UNCERTAINTY
1b75059d23dad91d0a8c523a156740133353c9d746ae7f5f1da6a9fb85f156f2,JUNCTIONS,411,hadron_count,raw_weighted_sum,weighted_count,0x1.3379fd0000000p+24,AVAILABLE,WITHHELD_UNCERTAINTY
4b4eb690975335cd2324cc950b9dd542ee72fd7412f5d2d4809143b4ebfe7335,MONASH,411,hadron_count,raw_weighted_sum,weighted_count,0x1.5a9f6d0000000p+24,AVAILABLE,WITHHELD_UNCERTAINTY
46073df1f19d7571e088250bc8c8603744e928c172c2e05fbc7ad6007f11db2a,CLOSEPACKING,4112,beauty_plus_antibeauty_constituent_count,raw_count,count,0x0.0p+0,AVAILABLE,WITHHELD_UNCERTAINTY
932baccae4004b2266ed1867acacc7ccfa3938d54ef93a12103178a4cca12290,JUNCTIONS,4112,beauty_plus_antibeauty_constituent_count,raw_count,count,0x0.0p+0,AVAILABLE,WITHHELD_UNCERTAINTY
3e3b59302381954756d1778ed07849b68145a3ff466dad608559b28e988dc867,MONASH,4112,beauty_plus_antibeauty_constituent_count,raw_count,count,0x0.0p+0,AVAILABLE,WITHHELD_UNCERTAINTY
c2e88c59f4aa20104ed59e017229d0f75d56adc05ed8c8cc22f52b0ee35b279a,CLOSEPACKING,4112,beauty_plus_antibeauty_constituent_count,raw_weighted_sum,weighted_count,0x0.0p+0,AVAILABLE,WITHHELD_UNCERTAINTY
274e8308490df7dd5a1bde2a1312b187525a53a3feae20e56f02bdfcdb588c35,JUNCTIONS,4112,beauty_plus_antibeauty_constituent_count,raw_weighted_sum,weighted_count,0x0.0p+0,AVAILABLE,WITHHELD_UNCERTAINTY
70852f52eb8ad5ca5d172fe2c72756400e373fb6b045c89330c5c55e523d143a,MONASH,4112,beauty_plus_antibeauty_constituent_count,raw_weighted_sum,weighted_count,0x0.0p+0,AVAILABLE,WITHHELD_UNCERTAINTY
68d3a3a924df095b779e695bc2854d043823a9dd1cfa70466fc1240890e7a01d,CLOSEPACKING,4112,charm_plus_anticharm_constituent_count,raw_count,count,0x1.c66dd00000000p+20,AVAILABLE,WITHHELD_UNCERTAINTY
0425e3a8e77b754f07519f5211910c58850ccffdce2d9d70ddb21e4988b727f7,JUNCTIONS,4112,charm_plus_anticharm_constituent_count,raw_count,count,0x1.92b1a00000000p+21,AVAILABLE,WITHHELD_UNCERTAINTY
5de32cb995aab1e11ddd29393bd3759080326e85c8222714cf09f31379d4c97f,MONASH,4112,charm_plus_anticharm_constituent_count,raw_count,count,0x1.45ca800000000p+17,AVAILABLE,WITHHELD_UNCERTAINTY
7e1f0a206dc1883484633f3503bfac790e7a32c2eda43cfbc935cbd2d8d1c7f7,CLOSEPACKING,4112,charm_plus_anticharm_constituent_count,raw_weighted_sum,weighted_count,0x1.c66dd00000000p+20,AVAILABLE,WITHHELD_UNCERTAINTY
54541b15913c2fd09b26af80f65d4ee8926fb0a0e8c170f7b6725a94b6bc8a54,JUNCTIONS,4112,charm_plus_anticharm_constituent_count,raw_weighted_sum,weighted_count,0x1.92b1a00000000p+21,AVAILABLE,WITHHELD_UNCERTAINTY
21434a6e5052ef39910969d2f9d3d2b814d50f883613b729ad3bed06575f3288,MONASH,4112,charm_plus_anticharm_constituent_count,raw_weighted_sum,weighted_count,0x1.45ca800000000p+17,AVAILABLE,WITHHELD_UNCERTAINTY
3d8732cc7dc2b80fd27f46f8bf2a154f36f6dcc15634c349324d738ec0c47e0e,CLOSEPACKING,4112,hadron_count,normalized_yield,per_event,0x1.30f64ccde3f91p-6,AVAILABLE,AVAILABLE
e44dcc39ab2705cd9371dfd9ddd8f2dbb4dee0b86e2e28a4fd2bd688fd9698a0,JUNCTIONS,4112,hadron_count,normalized_yield,per_event,0x1.0e3e46b79f691p-5,AVAILABLE,AVAILABLE
f89574bb7db13b566d9c0242630431167b1e4308b367ec0e4c1002a61eda6242,MONASH,4112,hadron_count,normalized_yield,per_event,0x1.b544f0cad8d6cp-10,AVAILABLE,AVAILABLE
c0ef250e5e7718424bf0ed7acdccb605b4944317d5146bbceb6cbb7703280109,CLOSEPACKING,4112,hadron_count,raw_count,count,0x1.c66dd00000000p+20,AVAILABLE,WITHHELD_UNCERTAINTY
f42696fbc820b1c4509454bd2b73d5d5921152513c5baca9c9e741774bc95df8,JUNCTIONS,4112,hadron_count,raw_count,count,0x1.92b1a00000000p+21,AVAILABLE,WITHHELD_UNCERTAINTY
96669c163706433822148e4695de6c92959f57916a8fbdf2cd87977c22a84bb4,MONASH,4112,hadron_count,raw_count,count,0x1.45ca800000000p+17,AVAILABLE,WITHHELD_UNCERTAINTY
f6d9031dfccdff159f5259e119eb1b8a37eca9064339a44ae4657ee1a06faf5a,CLOSEPACKING,4112,hadron_count,raw_weighted_sum,weighted_count,0x1.c66dd00000000p+20,AVAILABLE,WITHHELD_UNCERTAINTY
7dbc58f93d08c38a3d8fb2d33d7fe66d1b3e497f2ca9ac56668b603cf0d68c5f,JUNCTIONS,4112,hadron_count,raw_weighted_sum,weighted_count,0x1.92b1a00000000p+21,AVAILABLE,WITHHELD_UNCERTAINTY
bdcedef0fc08fd46c7d70540b816f1ee4cd7bca34a3cba7b1a043e911ec16c16,MONASH,4112,hadron_count,raw_weighted_sum,weighted_count,0x1.45ca800000000p+17,AVAILABLE,WITHHELD_UNCERTAINTY
93a40880de8e0acacc9ad3678166dc937e7d6711e722ed3229a0027cecd35f75,CLOSEPACKING,4114,beauty_plus_antibeauty_constituent_count,raw_count,count,0x0.0p+0,AVAILABLE,WITHHELD_UNCERTAINTY
42dea0e459bfe63def4dcf1c68ba9e47a445ea8a9abb400a736f607feb966a51,JUNCTIONS,4114,beauty_plus_antibeauty_constituent_count,raw_count,count,0x0.0p+0,AVAILABLE,WITHHELD_UNCERTAINTY
7ff56207ff986911746b3c1779efe5aa7cd55047e9995170fc982716d891df61,MONASH,4114,beauty_plus_antibeauty_constituent_count,raw_count,count,0x0.0p+0,AVAILABLE,WITHHELD_UNCERTAINTY
e6dee7c37dc2e70400265091cbea80ba817375d20bb4cdb9fad9663b244c1cd1,CLOSEPACKING,4114,beauty_plus_antibeauty_constituent_count,raw_weighted_sum,weighted_count,0x0.0p+0,AVAILABLE,WITHHELD_UNCERTAINTY
04f02def48e156e8b717044de12b9d5c32029a05c274cc336d231187b5329960,JUNCTIONS,4114,beauty_plus_antibeauty_constituent_count,raw_weighted_sum,weighted_count,0x0.0p+0,AVAILABLE,WITHHELD_UNCERTAINTY
dc7bac6678148b8f93ac60fbaccfd06b784010c368878cae6f63d72e9b474e76,MONASH,4114,beauty_plus_antibeauty_constituent_count,raw_weighted_sum,weighted_count,0x0.0p+0,AVAILABLE,WITHHELD_UNCERTAINTY
eaacb38dfc1b8702d544c74f86d70d186a699d77793a299a071057b3ecbbe035,CLOSEPACKING,4114,charm_plus_anticharm_constituent_count,raw_count,count,0x1.85a3e00000000p+20,AVAILABLE,WITHHELD_UNCERTAINTY
9688018324ad5d9c79432091ea86af95151903b9b3f6df3b435197a655c1bd86,JUNCTIONS,4114,charm_plus_anticharm_constituent_count,raw_count,count,0x1.0fd4a00000000p+19,AVAILABLE,WITHHELD_UNCERTAINTY
674d30e4865fbec51eda4e6099192da5b86bafcbcba9046feb71d2e141458e43,MONASH,4114,charm_plus_anticharm_constituent_count,raw_count,count,0x1.2816400000000p+18,AVAILABLE,WITHHELD_UNCERTAINTY
033e511435097ba00c3af61d5a9cacaea112e846f8170ea25fa6fc189f81d4ac,CLOSEPACKING,4114,charm_plus_anticharm_constituent_count,raw_weighted_sum,weighted_count,0x1.85a3e00000000p+20,AVAILABLE,WITHHELD_UNCERTAINTY
d4de99d18ae5a00605bf71dc5f51a70a550a7d40a86eb30a0fe801367908c65b,JUNCTIONS,4114,charm_plus_anticharm_constituent_count,raw_weighted_sum,weighted_count,0x1.0fd4a00000000p+19,AVAILABLE,WITHHELD_UNCERTAINTY
4b0d8c08f88dea326eb71107d2fca993a737521d9437f3d2538d08eb71cd50dc,MONASH,4114,charm_plus_anticharm_constituent_count,raw_weighted_sum,weighted_count,0x1.2816400000000p+18,AVAILABLE,WITHHELD_UNCERTAINTY
a3aa6158559863ffafd06aab0994008c58ee146ebb9fe78fd6a6715117f0bc05,CLOSEPACKING,4114,hadron_count,normalized_yield,per_event,0x1.057baa70567f4p-6,AVAILABLE,AVAILABLE
2090d2e80ec2d077ec6d67116713257447290860d8c07cb4e4b14f07a6364aa6,JUNCTIONS,4114,hadron_count,normalized_yield,per_event,0x1.6cd8457be0204p-8,AVAILABLE,AVAILABLE
def6bd7fb781fafd24286fa8256a5c675f57a48a847b1a89b4e0a7703ef2827c,MONASH,4114,hadron_count,normalized_yield,per_event,0x1.8d66b06334adbp-9,AVAILABLE,AVAILABLE
51833f6900c71f48eb952524b4c1f295e7b0e87a1556c70a0fee507df04b4484,CLOSEPACKING,4114,hadron_count,raw_count,count,0x1.85a3e00000000p+20,AVAILABLE,WITHHELD_UNCERTAINTY
489d07639f86954238a194db160e0a4f4a6b158caf87272b2af53693e732d207,JUNCTIONS,4114,hadron_count,raw_count,count,0x1.0fd4a00000000p+19,AVAILABLE,WITHHELD_UNCERTAINTY
3f001ca6f75effe8517ccd6571f5a507c26c13fcad90a4fe2c54d33b6ff7b0f1,MONASH,4114,hadron_count,raw_count,count,0x1.2816400000000p+18,AVAILABLE,WITHHELD_UNCERTAINTY
9ca594a05e5d4ac310ef5354b75532b7008d4004411e98ceda4339208131e272,CLOSEPACKING,4114,hadron_count,raw_weighted_sum,weighted_count,0x1.85a3e00000000p+20,AVAILABLE,WITHHELD_UNCERTAINTY
4ba7749f477b170fe0b23edf4ed441396b3f272aedc3902bfde55ffc93cdbb14,JUNCTIONS,4114,hadron_count,raw_weighted_sum,weighted_count,0x1.0fd4a00000000p+19,AVAILABLE,WITHHELD_UNCERTAINTY
56f45e3ed3036983bc01435cad2baf00ea69d4bc8f4edac3c87bc7b2573b5354,MONASH,4114,hadron_count,raw_weighted_sum,weighted_count,0x1.2816400000000p+18,AVAILABLE,WITHHELD_UNCERTAINTY
65c276c9b8411aad3d9bc24ff43bcd3b2863cb55c15d1c3ae83c4efba7e3c870,CLOSEPACKING,4122,beauty_plus_antibeauty_constituent_count,raw_count,count,0x0.0p+0,AVAILABLE,WITHHELD_UNCERTAINTY
be642457f66a1ec03b22583a919af1b4c06a66b5f9e3e52becf6e3d7aa6bc020,JUNCTIONS,4122,beauty_plus_antibeauty_constituent_count,raw_count,count,0x0.0p+0,AVAILABLE,WITHHELD_UNCERTAINTY
7ce1af1f1b1da159a4214569ef685667845656e23c6338310321cb6b5e15af5f,MONASH,4122,beauty_plus_antibeauty_constituent_count,raw_count,count,0x0.0p+0,AVAILABLE,WITHHELD_UNCERTAINTY
d37b63abf593afa1bf48b4063a407fc2480cc3611a1364ad7217280bf8d1e4e0,CLOSEPACKING,4122,beauty_plus_antibeauty_constituent_count,raw_weighted_sum,weighted_count,0x0.0p+0,AVAILABLE,WITHHELD_UNCERTAINTY
93b651544d50b5d48b83864e97125e54c22a0997862d853e18ab6b8e41ecf3a7,JUNCTIONS,4122,beauty_plus_antibeauty_constituent_count,raw_weighted_sum,weighted_count,0x0.0p+0,AVAILABLE,WITHHELD_UNCERTAINTY
b3b62a8674568ffcc051d5b093888836886af601a78462ddc54f947a3e919ed6,MONASH,4122,beauty_plus_antibeauty_constituent_count,raw_weighted_sum,weighted_count,0x0.0p+0,AVAILABLE,WITHHELD_UNCERTAINTY
b7c4860b288e6bfd9a67e726d83710b15f3b34906c822adb2a61d671d76567f9,CLOSEPACKING,4122,charm_plus_anticharm_constituent_count,raw_count,count,0x1.49dba80000000p+21,AVAILABLE,WITHHELD_UNCERTAINTY
ebe47f922f47676db82cb0bb28648b1f0f181e8e9c6b7132eda3fc86261f9a2b,JUNCTIONS,4122,charm_plus_anticharm_constituent_count,raw_count,count,0x1.81c5d00000000p+21,AVAILABLE,WITHHELD_UNCERTAINTY
eab0fcbee29ca2159a081fe57af2aa70320f775f80a534f9b788c2b867698a8e,MONASH,4122,charm_plus_anticharm_constituent_count,raw_count,count,0x1.162f380000000p+21,AVAILABLE,WITHHELD_UNCERTAINTY
4d2151573b17f37d308c790703901794f6895f2a39c31cd8ef11d42e7af48003,CLOSEPACKING,4122,charm_plus_anticharm_constituent_count,raw_weighted_sum,weighted_count,0x1.49dba80000000p+21,AVAILABLE,WITHHELD_UNCERTAINTY
163ca88fc3e49cedfb8edfaba37ed4fa13511aa7e10d14f6405c2ba113a4d3fb,JUNCTIONS,4122,charm_plus_anticharm_constituent_count,raw_weighted_sum,weighted_count,0x1.81c5d00000000p+21,AVAILABLE,WITHHELD_UNCERTAINTY
8fe0a201eeb3b668ced0503502e2f69328062faf215e26f223be9aad51be2003,MONASH,4122,charm_plus_anticharm_constituent_count,raw_weighted_sum,weighted_count,0x1.162f380000000p+21,AVAILABLE,WITHHELD_UNCERTAINTY
c3211a5e16c20f163e33605274b68db7245412c3e7f0ee3f35151002b6693dbf,CLOSEPACKING,4122,hadron_count,normalized_yield,per_event,0x1.baba5b5b1a82ep-6,AVAILABLE,AVAILABLE
603c785550aafc7bdb00608cbdb13b16a82e07226d9601b0fdfd1cf4abcbf499,JUNCTIONS,4122,hadron_count,normalized_yield,per_event,0x1.02e33eff19503p-5,AVAILABLE,AVAILABLE
bd1acd7382609531183c0e721471357ef5ae6d2839d7ed64fd9d1bdfa593d9a8,MONASH,4122,hadron_count,normalized_yield,per_event,0x1.755f72d7380abp-6,AVAILABLE,AVAILABLE
5d0bfec8a306fbf47449b90a82d621979acec135355402ddf77e5a5cf2c98f3e,CLOSEPACKING,4122,hadron_count,raw_count,count,0x1.49dba80000000p+21,AVAILABLE,WITHHELD_UNCERTAINTY
f2736f94741a49f97a52ff16a57960283d2409d8ad49bd6729a7939f216abb76,JUNCTIONS,4122,hadron_count,raw_count,count,0x1.81c5d00000000p+21,AVAILABLE,WITHHELD_UNCERTAINTY
bd54b958c1ff3f91fc1f934871e3d0b091ce5d193e30d27f78fe40ab024e4c5e,MONASH,4122,hadron_count,raw_count,count,0x1.162f380000000p+21,AVAILABLE,WITHHELD_UNCERTAINTY
dfe86c7b5433c0a2a3637b48681e478e1a972ae36adc3e3d9b33eef352b946a2,CLOSEPACKING,4122,hadron_count,raw_weighted_sum,weighted_count,0x1.49dba80000000p+21,AVAILABLE,WITHHELD_UNCERTAINTY
67cfcba4a31edb177ee91e1e42ce2465a989f0d6afafd712244e029cb6bf0c83,JUNCTIONS,4122,hadron_count,raw_weighted_sum,weighted_count,0x1.81c5d00000000p+21,AVAILABLE,WITHHELD_UNCERTAINTY
60f01d3d598da109c3481a103c19ce52ec91cbddf5747d2abc7b62fb0bdea03e,MONASH,4122,hadron_count,raw_weighted_sum,weighted_count,0x1.162f380000000p+21,AVAILABLE,WITHHELD_UNCERTAINTY
c44cb5ffaa11076bafda8890f401f94c1c2e3cdd5c20c8e34b91db377bb99dc7,CLOSEPACKING,413,beauty_plus_antibeauty_constituent_count,raw_count,count,0x0.0p+0,AVAILABLE,WITHHELD_UNCERTAINTY
914a864b7081aead877864d50cee53895b7f40499eb6cd3cb14872fd0d2d3b2f,JUNCTIONS,413,beauty_plus_antibeauty_constituent_count,raw_count,count,0x0.0p+0,AVAILABLE,WITHHELD_UNCERTAINTY
9e74fe2ee5c7b2c51360f1ab6ad615888bdeac01f666a9042d2e2e3bbcb42e0e,MONASH,413,beauty_plus_antibeauty_constituent_count,raw_count,count,0x0.0p+0,AVAILABLE,WITHHELD_UNCERTAINTY
193915a1e19e7bbe5571f896ab9c72d53cb3db13e4ffd5a494cf6da2a2fbfd88,CLOSEPACKING,413,beauty_plus_antibeauty_constituent_count,raw_weighted_sum,weighted_count,0x0.0p+0,AVAILABLE,WITHHELD_UNCERTAINTY
ed1e884f6c2115a64de59744a3e7296c44c9b88bb573606e3b0d55cc34fc12df,JUNCTIONS,413,beauty_plus_antibeauty_constituent_count,raw_weighted_sum,weighted_count,0x0.0p+0,AVAILABLE,WITHHELD_UNCERTAINTY
3c706af2439e2feb2a68b0b4ab961a2ba87a2ff0d12e3fbab656ea53b0fc3018,MONASH,413,beauty_plus_antibeauty_constituent_count,raw_weighted_sum,weighted_count,0x0.0p+0,AVAILABLE,WITHHELD_UNCERTAINTY
07376d537a96494c22cb28299938f02cba4e4314e1e0369ea8c81c8a254d39cd,CLOSEPACKING,413,charm_plus_anticharm_constituent_count,raw_count,count,0x1.022dcd0000000p+24,AVAILABLE,WITHHELD_UNCERTAINTY
ba06b9087a4908a5144b329feaf5c9f25b5d29b99adefe65e046ca5e7a74f7c2,JUNCTIONS,413,charm_plus_anticharm_constituent_count,raw_count,count,0x1.065a310000000p+24,AVAILABLE,WITHHELD_UNCERTAINTY
2ddc17b6faff973d95083ecbc85281899542700e7c83946241b8d5e641f5c1cf,MONASH,413,charm_plus_anticharm_constituent_count,raw_count,count,0x1.2db2790000000p+24,AVAILABLE,WITHHELD_UNCERTAINTY
e0de817f1a216cb66a3a0607e4f5ef421be95d4f6e2d5b9a9c7d24b3bc92959c,CLOSEPACKING,413,charm_plus_anticharm_constituent_count,raw_weighted_sum,weighted_count,0x1.022dcd0000000p+24,AVAILABLE,WITHHELD_UNCERTAINTY
3b80c36671d8477e87a363815956e6f22ec17e52014c9fcd9ea7144a601288f9,JUNCTIONS,413,charm_plus_anticharm_constituent_count,raw_weighted_sum,weighted_count,0x1.065a310000000p+24,AVAILABLE,WITHHELD_UNCERTAINTY
d98908944ca5831192a094cb84fddcb9935887db940e79545ee418c97d9db7e5,MONASH,413,charm_plus_anticharm_constituent_count,raw_weighted_sum,weighted_count,0x1.2db2790000000p+24,AVAILABLE,WITHHELD_UNCERTAINTY
57059dbbd91db8ef79bd095cc3ce3688b26eba177da507498d8b7d1d8753d78a,CLOSEPACKING,413,hadron_count,normalized_yield,per_event,0x1.5a859906a1afcp-3,AVAILABLE,AVAILABLE
854a3300a238f16a9a0947a30ca60e6d320dbaac4825372894b760206662090e,JUNCTIONS,413,hadron_count,normalized_yield,per_event,0x1.601f913fd8de0p-3,AVAILABLE,AVAILABLE
68664ee6a4f14721fcde2a0175f3bed95b93d9167087abca0bcf141ef0b474ab,MONASH,413,hadron_count,normalized_yield,per_event,0x1.94ee5abc0e38ap-3,AVAILABLE,AVAILABLE
bbb71b7dfe159cfd3f0937ff9dbcf1dd18147d53cd7ab0cc8289b5fa09d76dcd,CLOSEPACKING,413,hadron_count,raw_count,count,0x1.022dcd0000000p+24,AVAILABLE,WITHHELD_UNCERTAINTY
040d80a4e26c2d1347bd0de535b4ab30982d5af8ad5ebc6cfa8b0196745d6865,JUNCTIONS,413,hadron_count,raw_count,count,0x1.065a310000000p+24,AVAILABLE,WITHHELD_UNCERTAINTY
68113ce3091309205ff3e008dc481c7d7e6532e00bd90887334481ecffc82dce,MONASH,413,hadron_count,raw_count,count,0x1.2db2790000000p+24,AVAILABLE,WITHHELD_UNCERTAINTY
331e5a135ed8de1d02f47c73c2dd8e8313c295664e9f90091b0e74360885ec11,CLOSEPACKING,413,hadron_count,raw_weighted_sum,weighted_count,0x1.022dcd0000000p+24,AVAILABLE,WITHHELD_UNCERTAINTY
bd145076f0527b75d43d8d5857b78ddfbe8d79daca01bf57247f16dd73adfbc9,JUNCTIONS,413,hadron_count,raw_weighted_sum,weighted_count,0x1.065a310000000p+24,AVAILABLE,WITHHELD_UNCERTAINTY
487b3f404128fce8c824b9b7586fd34ec2e1c8606179be678d7dc48a4fbef8e3,MONASH,413,hadron_count,raw_weighted_sum,weighted_count,0x1.2db2790000000p+24,AVAILABLE,WITHHELD_UNCERTAINTY
b6d46d01302c367f3c9f0d4ea76457fb6386e00d16fbfcbaae2dcc5cec8f52b0,CLOSEPACKING,4132,beauty_plus_antibeauty_constituent_count,raw_count,count,0x0.0p+0,AVAILABLE,WITHHELD_UNCERTAINTY
9a2a63e364fe4790be1019b361d04d30afa2adddc94691e074f85b540d5cf4aa,JUNCTIONS,4132,beauty_plus_antibeauty_constituent_count,raw_count,count,0x0.0p+0,AVAILABLE,WITHHELD_UNCERTAINTY
90f66f7effef671de7a21d98ae70287cc8bdcf42a0301af6dd360c4eb4de5169,MONASH,4132,beauty_plus_antibeauty_constituent_count,raw_count,count,0x0.0p+0,AVAILABLE,WITHHELD_UNCERTAINTY
2e3aae0addf211570054aa6514f041a4c335ab4a3a33dbe47246cc3a4c18c921,CLOSEPACKING,4132,beauty_plus_antibeauty_constituent_count,raw_weighted_sum,weighted_count,0x0.0p+0,AVAILABLE,WITHHELD_UNCERTAINTY
535ad890e300123fa53c32a307e4876676c3e2255b669be56f74637be46e94cb,JUNCTIONS,4132,beauty_plus_antibeauty_constituent_count,raw_weighted_sum,weighted_count,0x0.0p+0,AVAILABLE,WITHHELD_UNCERTAINTY
6364a929324aaad2dddb5c15a23cce6177d0e8849ca44903f057ce5835e0e2f7,MONASH,4132,beauty_plus_antibeauty_constituent_count,raw_weighted_sum,weighted_count,0x0.0p+0,AVAILABLE,WITHHELD_UNCERTAINTY
b72cb85df3ca6d2882589e607d8b240018467c8c6c5decf76611a607251bb884,CLOSEPACKING,4132,charm_plus_anticharm_constituent_count,raw_count,count,0x1.3729600000000p+19,AVAILABLE,WITHHELD_UNCERTAINTY
0227ac356cc38240e84ee5f6ba32fe87ec3a1ca96a4c51d3ff1a56137d32b5cc,JUNCTIONS,4132,charm_plus_anticharm_constituent_count,raw_count,count,0x1.23fa000000000p+19,AVAILABLE,WITHHELD_UNCERTAINTY
27936e460407c92a0ba05f281f216f18d34333823f98d7610046d5bca5a61042,MONASH,4132,charm_plus_anticharm_constituent_count,raw_count,count,0x1.88c4c00000000p+18,AVAILABLE,WITHHELD_UNCERTAINTY
b5b24664e8d716f9ee25ae2d694d070924d4e4d1b5e04f6c4ad1e797afb4e8dd,CLOSEPACKING,4132,charm_plus_anticharm_constituent_count,raw_weighted_sum,weighted_count,0x1.3729600000000p+19,AVAILABLE,WITHHELD_UNCERTAINTY
9de2cebff1c26dc93486ba5119960062f3e7820f1b98755383edecedd25c27eb,JUNCTIONS,4132,charm_plus_anticharm_constituent_count,raw_weighted_sum,weighted_count,0x1.23fa000000000p+19,AVAILABLE,WITHHELD_UNCERTAINTY
8f4333a78a430310cb9f8261dbc700e3d8bd59783ff41f79c294401b1fa9f6cc,MONASH,4132,charm_plus_anticharm_constituent_count,raw_weighted_sum,weighted_count,0x1.88c4c00000000p+18,AVAILABLE,WITHHELD_UNCERTAINTY
7fa0ef0f69a6152e89b5bf7771deb5cb55a869e8e72d5442a1c96cd2f12fbfca,CLOSEPACKING,4132,hadron_count,normalized_yield,per_event,0x1.a1a251a40c8f3p-8,AVAILABLE,AVAILABLE
e42d547bd9d287ad0f692731fede81ed04067314c547d4adfaf671502caee679,JUNCTIONS,4132,hadron_count,normalized_yield,per_event,0x1.87e2620a612cfp-8,AVAILABLE,AVAILABLE
3d945e388325d4cbd08556fa14978e179ffc93ebffe498f94c702872b84b9a25,MONASH,4132,hadron_count,normalized_yield,per_event,0x1.07951fb7556c4p-8,AVAILABLE,AVAILABLE
0ef04fb36486048c2b21cc53c138737d6de6a4351146125ce5e14670f80d9de8,CLOSEPACKING,4132,hadron_count,raw_count,count,0x1.3729600000000p+19,AVAILABLE,WITHHELD_UNCERTAINTY
1be4397475b3f7e3f45022d6661abc2e3a94ee57ae98bfcac2a02ab919ea3ee0,JUNCTIONS,4132,hadron_count,raw_count,count,0x1.23fa000000000p+19,AVAILABLE,WITHHELD_UNCERTAINTY
e8edbb4e09a18a800cf8387331552bbc07ef9ad577e906f4b94d54aaf0556f4b,MONASH,4132,hadron_count,raw_count,count,0x1.88c4c00000000p+18,AVAILABLE,WITHHELD_UNCERTAINTY
7ddd8ced56051bf92b4be0ed810a67c8f8f9f5cab62bd7a08712b7647c549d3a,CLOSEPACKING,4132,hadron_count,raw_weighted_sum,weighted_count,0x1.3729600000000p+19,AVAILABLE,WITHHELD_UNCERTAINTY
d670706858a106ab3ffc83ce6bf8b0eea86383b1a12b35ee84953cdacfa1ef43,JUNCTIONS,4132,hadron_count,raw_weighted_sum,weighted_count,0x1.23fa000000000p+19,AVAILABLE,WITHHELD_UNCERTAINTY
d3351528cf6b7cc02350ce7f7fe3a91bfd2d940131e7f85c0f7b7d832c5449e0,MONASH,4132,hadron_count,raw_weighted_sum,weighted_count,0x1.88c4c00000000p+18,AVAILABLE,WITHHELD_UNCERTAINTY
ac3eb7b8b54d2531b1fe54998d7cd819bbb05a4c43ca9df5d8fa60239421707d,CLOSEPACKING,421,beauty_plus_antibeauty_constituent_count,raw_count,count,0x0.0p+0,AVAILABLE,WITHHELD_UNCERTAINTY
12fe568feb0bda38e2b6e8f0a62f856453e79ee10cb88436a46e41f0bf285daa,JUNCTIONS,421,beauty_plus_antibeauty_constituent_count,raw_count,count,0x0.0p+0,AVAILABLE,WITHHELD_UNCERTAINTY
013e6e0a9305fec7d9c8e356a0d846156333ab6db8ce92e3b3fe843c136014e1,MONASH,421,beauty_plus_antibeauty_constituent_count,raw_count,count,0x0.0p+0,AVAILABLE,WITHHELD_UNCERTAINTY
33e283fc503a7360c1e77ba8e8abfa9914d8ba823047ee8a83e4283284fe7394,CLOSEPACKING,421,beauty_plus_antibeauty_constituent_count,raw_weighted_sum,weighted_count,0x0.0p+0,AVAILABLE,WITHHELD_UNCERTAINTY
ced5d790f76fd100804c510d81f0ba691d2bd12b96d3f94d0a0b5479b1768dfe,JUNCTIONS,421,beauty_plus_antibeauty_constituent_count,raw_weighted_sum,weighted_count,0x0.0p+0,AVAILABLE,WITHHELD_UNCERTAINTY
77e97c26b95f8ab038b66e1491db96c1082f671e7a8234b8697f1388dc8ceb96,MONASH,421,beauty_plus_antibeauty_constituent_count,raw_weighted_sum,weighted_count,0x0.0p+0,AVAILABLE,WITHHELD_UNCERTAINTY
9ca966227051ba64ebfe81c8dd23ec4003c48bd60caf2f1679d8b597524877a9,CLOSEPACKING,421,charm_plus_anticharm_constituent_count,raw_count,count,0x1.3032870000000p+24,AVAILABLE,WITHHELD_UNCERTAINTY
5758722edb6891c321e1ea149f789f1813050655f32f0326de1f520f945da9f3,JUNCTIONS,421,charm_plus_anticharm_constituent_count,raw_count,count,0x1.33e2730000000p+24,AVAILABLE,WITHHELD_UNCERTAINTY
e43c98b4d7886262912f003398560ba1ac87f948b37f402284d553e636139872,MONASH,421,charm_plus_anticharm_constituent_count,raw_count,count,0x1.5ad9f00000000p+24,AVAILABLE,WITHHELD_UNCERTAINTY
90a7d74840deac4e2731cbbcca0e5d8764f243c65d2db500fe72a89c5a9b3d1c,CLOSEPACKING,421,charm_plus_anticharm_constituent_count,raw_weighted_sum,weighted_count,0x1.3032870000000p+24,AVAILABLE,WITHHELD_UNCERTAINTY
c8768538e13de61f52b9d9acc739407d9e2261799e8ac1e7bc24ca968ba781c4,JUNCTIONS,421,charm_plus_anticharm_constituent_count,raw_weighted_sum,weighted_count,0x1.33e2730000000p+24,AVAILABLE,WITHHELD_UNCERTAINTY
df14f6d39c1232ad6a007a24b0bd54fca197aad3492072746a02e8091e65ff1a,MONASH,421,charm_plus_anticharm_constituent_count,raw_weighted_sum,weighted_count,0x1.5ad9f00000000p+24,AVAILABLE,WITHHELD_UNCERTAINTY
a0a99065501d9457efada22cf4e40b2be0db0b61bff6be27e55e06733121be71,CLOSEPACKING,421,hadron_count,normalized_yield,per_event,0x1.98496bd9c2d48p-3,AVAILABLE,AVAILABLE
3b62cf2c2bd6834e4e485e10b884d26f07c3c5b1f881a05ec055fac611612bbf,JUNCTIONS,421,hadron_count,normalized_yield,per_event,0x1.9d3c54eff16a1p-3,AVAILABLE,AVAILABLE
9b635dbbef299f11c81c89a1342132ff9e2f4c702d5d0f2ce2ae0344b59475dc,MONASH,421,hadron_count,normalized_yield,per_event,0x1.d189349c94cbbp-3,AVAILABLE,AVAILABLE
107c63ed22bcc1137d9bbb05ab86c2c552789248506931b84a2ca9b7e4f8358a,CLOSEPACKING,421,hadron_count,raw_count,count,0x1.3032870000000p+24,AVAILABLE,WITHHELD_UNCERTAINTY
277b8ec5f473d88c7d6f8fb4d0b54a1dc64e76e5b15a3387eb2657ab7ae7f5e3,JUNCTIONS,421,hadron_count,raw_count,count,0x1.33e2730000000p+24,AVAILABLE,WITHHELD_UNCERTAINTY
a909de75c15777a45674fc7f768eb29c8ce930d1e0f2eca1ce317364b9779957,MONASH,421,hadron_count,raw_count,count,0x1.5ad9f00000000p+24,AVAILABLE,WITHHELD_UNCERTAINTY
7bb924859dbc7e903b6196d39c31dcdd1f86f13eeddc9a3d94f745b4318e1557,CLOSEPACKING,421,hadron_count,raw_weighted_sum,weighted_count,0x1.3032870000000p+24,AVAILABLE,WITHHELD_UNCERTAINTY
dbfe0d17dc92791bceb2b85c3d5b717492c74d4bf87b0884217670d5d9115ed0,JUNCTIONS,421,hadron_count,raw_weighted_sum,weighted_count,0x1.33e2730000000p+24,AVAILABLE,WITHHELD_UNCERTAINTY
7f2c6158b8de0462ae4c73b47a23dc7c42a5778b73285bf1ad8be43f369b1a1e,MONASH,421,hadron_count,raw_weighted_sum,weighted_count,0x1.5ad9f00000000p+24,AVAILABLE,WITHHELD_UNCERTAINTY
5a93cf454afbaf961480543863b1f92a2a43aa70394ef0ba1c62c0c3ca08a118,CLOSEPACKING,4212,beauty_plus_antibeauty_constituent_count,raw_count,count,0x0.0p+0,AVAILABLE,WITHHELD_UNCERTAINTY
735c611efb4e28ee85e3ff18f5e05483a7fb0245b051351f7ec975ace6e3b1d8,JUNCTIONS,4212,beauty_plus_antibeauty_constituent_count,raw_count,count,0x0.0p+0,AVAILABLE,WITHHELD_UNCERTAINTY
af57d1e25eae044243ac29a94de5ccdb36aab279392d578b653b49b4ac5c322c,MONASH,4212,beauty_plus_antibeauty_constituent_count,raw_count,count,0x0.0p+0,AVAILABLE,WITHHELD_UNCERTAINTY
06b9d9bfc0a0497619405015c41e293600c81be8216eb2e2f4180914b37eb1df,CLOSEPACKING,4212,beauty_plus_antibeauty_constituent_count,raw_weighted_sum,weighted_count,0x0.0p+0,AVAILABLE,WITHHELD_UNCERTAINTY
89e6a48dca6d46e6e9d4cdfcda651285e1d0acfa8ca5f157db9c9d2481d1f3ca,JUNCTIONS,4212,beauty_plus_antibeauty_constituent_count,raw_weighted_sum,weighted_count,0x0.0p+0,AVAILABLE,WITHHELD_UNCERTAINTY
87d47430a74118024d27f536919b8e0adbe32f3eeb3864fdbba663bd97a65c71,MONASH,4212,beauty_plus_antibeauty_constituent_count,raw_weighted_sum,weighted_count,0x0.0p+0,AVAILABLE,WITHHELD_UNCERTAINTY
11cab369092727e6cef51a1ded092978a726141ae9ae7503226fa131a0389ed8,CLOSEPACKING,4212,charm_plus_anticharm_constituent_count,raw_count,count,0x1.fa78600000000p+20,AVAILABLE,WITHHELD_UNCERTAINTY
2417394aaf497d3365bfc6ec4d19691c255765b3e70dc6e2fde284bbc6f7e338,JUNCTIONS,4212,charm_plus_anticharm_constituent_count,raw_count,count,0x1.b1c5d00000000p+21,AVAILABLE,WITHHELD_UNCERTAINTY
0892407e1ca2bf54e582c337036955d503ac77a22d6486772b3c04981625370c,MONASH,4212,charm_plus_anticharm_constituent_count,raw_count,count,0x1.53bf000000000p+17,AVAILABLE,WITHHELD_UNCERTAINTY
2f193d6294e22704160dd20c922b1515adcc8df5df3b2f7d326173a715d23fa7,CLOSEPACKING,4212,charm_plus_anticharm_constituent_count,raw_weighted_sum,weighted_count,0x1.fa78600000000p+20,AVAILABLE,WITHHELD_UNCERTAINTY
ecbfed6ebbc54f600316398190c47fb3301e15fe61054fd68a0b849628d1845d,JUNCTIONS,4212,charm_plus_anticharm_constituent_count,raw_weighted_sum,weighted_count,0x1.b1c5d00000000p+21,AVAILABLE,WITHHELD_UNCERTAINTY
bb05e2c94201ddf312acbf7e9c14c8afa59e402aa315334e346fd9669999dea4,MONASH,4212,charm_plus_anticharm_constituent_count,raw_weighted_sum,weighted_count,0x1.53bf000000000p+17,AVAILABLE,WITHHELD_UNCERTAINTY
abcd006a38c909ca5de55f8e55c3ff42e848cfe77982e6e2a15dbc644d396733,CLOSEPACKING,4212,hadron_count,normalized_yield,per_event,0x1.53e2eb9d1c85fp-6,AVAILABLE,AVAILABLE
602cf74a525c0ade12de48f2eea8666e268c1bc40e88d8de377444882ee5627c,JUNCTIONS,4212,hadron_count,normalized_yield,per_event,0x1.2319955262229p-5,AVAILABLE,AVAILABLE
7a19e6a0a3c95dab773657d0708fa6ffc37c44d53e7df28a58c614507f4eda6c,MONASH,4212,hadron_count,normalized_yield,per_event,0x1.c7ffde7210be9p-10,AVAILABLE,AVAILABLE
98224bfaa909e5c53cb6b8911cc5427e7b349510200333f5798284c9d56d2c62,CLOSEPACKING,4212,hadron_count,raw_count,count,0x1.fa78600000000p+20,AVAILABLE,WITHHELD_UNCERTAINTY
3404f57f71bc5a3bf76b24293b44a9535b36347f42cb2dc603433c67915def47,JUNCTIONS,4212,hadron_count,raw_count,count,0x1.b1c5d00000000p+21,AVAILABLE,WITHHELD_UNCERTAINTY
08f056eb3662e82eac4aa894dea57eb7b93062022abfd2a10c697620965503c2,MONASH,4212,hadron_count,raw_count,count,0x1.53bf000000000p+17,AVAILABLE,WITHHELD_UNCERTAINTY
41f6c712407dd12e41f3a2e44f00d245e239f335d03dbbc577ade90c556801e9,CLOSEPACKING,4212,hadron_count,raw_weighted_sum,weighted_count,0x1.fa78600000000p+20,AVAILABLE,WITHHELD_UNCERTAINTY
304e460f07631ccfe2efe70bb067fc32807de0597d71e0194f469f7a12e93c98,JUNCTIONS,4212,hadron_count,raw_weighted_sum,weighted_count,0x1.b1c5d00000000p+21,AVAILABLE,WITHHELD_UNCERTAINTY
e4a38f0dde4038c384c30a473e9e89e8f6aba9d882042e15d419f7891727fed5,MONASH,4212,hadron_count,raw_weighted_sum,weighted_count,0x1.53bf000000000p+17,AVAILABLE,WITHHELD_UNCERTAINTY
9abb7e050e35277f2a67e70bfbe132113d1ae312ff459c101d9d3c8c44a895e8,CLOSEPACKING,4214,beauty_plus_antibeauty_constituent_count,raw_count,count,0x0.0p+0,AVAILABLE,WITHHELD_UNCERTAINTY
dd189f5b91b6b2b6845a3147bf481d77bcd7d963b50ad94b2e7e6903e2ac6765,JUNCTIONS,4214,beauty_plus_antibeauty_constituent_count,raw_count,count,0x0.0p+0,AVAILABLE,WITHHELD_UNCERTAINTY
440d7bb10677e0c1d8459a4d133478ddcb03a06ce367402733fdc3be090e8e0f,MONASH,4214,beauty_plus_antibeauty_constituent_count,raw_count,count,0x0.0p+0,AVAILABLE,WITHHELD_UNCERTAINTY
09b2a894b20ed6ff1d325e507cf960d9e4cc0b058326cff35654b1cc8d999e3e,CLOSEPACKING,4214,beauty_plus_antibeauty_constituent_count,raw_weighted_sum,weighted_count,0x0.0p+0,AVAILABLE,WITHHELD_UNCERTAINTY
2f53161d1a6f19ab9b4c26a0a82f80ab0024c107274ace9f57ccf5e9cdeb2932,JUNCTIONS,4214,beauty_plus_antibeauty_constituent_count,raw_weighted_sum,weighted_count,0x0.0p+0,AVAILABLE,WITHHELD_UNCERTAINTY
58fc3d3e340b9a9ea901df8f078111cb0fa2ff4febafa60a60fab3bb80f950ec,MONASH,4214,beauty_plus_antibeauty_constituent_count,raw_weighted_sum,weighted_count,0x0.0p+0,AVAILABLE,WITHHELD_UNCERTAINTY
47109491dd20f8e1f516f1b155a69686fe24000580e580c1e0c49b37fe6c4f7a,CLOSEPACKING,4214,charm_plus_anticharm_constituent_count,raw_count,count,0x1.bdf3000000000p+20,AVAILABLE,WITHHELD_UNCERTAINTY
54aa1f455d09d4eb481ee4fb236d7722af98e4f1acbb5d563c6a8ea71d558d70,JUNCTIONS,4214,charm_plus_anticharm_constituent_count,raw_count,count,0x1.1053600000000p+19,AVAILABLE,WITHHELD_UNCERTAINTY
a7a7c410607a60117a4e9fa9b8c64d94c35cae5a3f06c1b77dcc2da373364315,MONASH,4214,charm_plus_anticharm_constituent_count,raw_count,count,0x1.345ac00000000p+18,AVAILABLE,WITHHELD_UNCERTAINTY
ac2b68fe6af03bbab9c54cca872b34048a98b0e4c146a51979497cbc88922a75,CLOSEPACKING,4214,charm_plus_anticharm_constituent_count,raw_weighted_sum,weighted_count,0x1.bdf3000000000p+20,AVAILABLE,WITHHELD_UNCERTAINTY
2e1c811d0fc3b879226b08de336e2d3d62301bf47039b5b923ccf7fb5a061068,JUNCTIONS,4214,charm_plus_anticharm_constituent_count,raw_weighted_sum,weighted_count,0x1.1053600000000p+19,AVAILABLE,WITHHELD_UNCERTAINTY
f7283064f379b2e971560629498d19d8ab8442c7dd69f81d4e182b52b967fbb2,MONASH,4214,charm_plus_anticharm_constituent_count,raw_weighted_sum,weighted_count,0x1.345ac00000000p+18,AVAILABLE,WITHHELD_UNCERTAINTY
64fac40e9ab618a3a2c473a81643db8ace40a9ef8a884339e2122ae5ffc953b2,CLOSEPACKING,4214,hadron_count,normalized_yield,per_event,0x1.2b457e0e78bebp-6,AVAILABLE,AVAILABLE
2b3104099929117c7666ddb3739e916277b920d4a4605794c840bd32b128ede7,JUNCTIONS,4214,hadron_count,normalized_yield,per_event,0x1.6d826473c7f8dp-8,AVAILABLE,AVAILABLE
b67faaad5ff9a3cc3a2f5dfb9c1b76c48b6ba46e5c037731d68e1bb3fcb34247,MONASH,4214,hadron_count,normalized_yield,per_event,0x1.9dddcbf89176bp-9,AVAILABLE,AVAILABLE
8d69b597ddfbd731f9fa0f09402511d153458a4554bbd9e8ebbc4baa28415034,CLOSEPACKING,4214,hadron_count,raw_count,count,0x1.bdf3000000000p+20,AVAILABLE,WITHHELD_UNCERTAINTY
86f7333cf5318409cf006fdf1e60b2c9556ca41feb00aad097cb522cbfc119ff,JUNCTIONS,4214,hadron_count,raw_count,count,0x1.1053600000000p+19,AVAILABLE,WITHHELD_UNCERTAINTY
0dde85ba1bb102db45d69095a6bb1ef75e9709c9cff8a7e628560956c785c6b1,MONASH,4214,hadron_count,raw_count,count,0x1.345ac00000000p+18,AVAILABLE,WITHHELD_UNCERTAINTY
02af62bb882b1368cfff3a22ef89ba8e8acf4c2478c78660c06bc0e31c95dda6,CLOSEPACKING,4214,hadron_count,raw_weighted_sum,weighted_count,0x1.bdf3000000000p+20,AVAILABLE,WITHHELD_UNCERTAINTY
9052cac8e6f055136bf6f5129b54aa17c7e6dadb4d2c0d77f89a403dfb3d8dad,JUNCTIONS,4214,hadron_count,raw_weighted_sum,weighted_count,0x1.1053600000000p+19,AVAILABLE,WITHHELD_UNCERTAINTY
dace10b3235be1b4161b6010cb7ff473bee7c14668dc3eebc27cb6feb31f813b,MONASH,4214,hadron_count,raw_weighted_sum,weighted_count,0x1.345ac00000000p+18,AVAILABLE,WITHHELD_UNCERTAINTY
874f837771aa4e8765ec3336c32470faced74226e774e0f42a87a76a370da2b6,CLOSEPACKING,4222,beauty_plus_antibeauty_constituent_count,raw_count,count,0x0.0p+0,AVAILABLE,WITHHELD_UNCERTAINTY
fca11a07e798ca1fd6883e3f629580f5cdd5cb0f6cdf862955587e6cb557ab60,JUNCTIONS,4222,beauty_plus_antibeauty_constituent_count,raw_count,count,0x0.0p+0,AVAILABLE,WITHHELD_UNCERTAINTY
3d19516aba748d887a78c5de3ab84e204da1a667c4a418edacd18e81f7e62308,MONASH,4222,beauty_plus_antibeauty_constituent_count,raw_count,count,0x0.0p+0,AVAILABLE,WITHHELD_UNCERTAINTY
c04fd4478af31836adb0a249ade07e86556ddc22edaf60bdc5dd17140bc20bdd,CLOSEPACKING,4222,beauty_plus_antibeauty_constituent_count,raw_weighted_sum,weighted_count,0x0.0p+0,AVAILABLE,WITHHELD_UNCERTAINTY
ba226e0c6087bab50fa60bd45770030537de7965ec1cc7323d733e1959818a54,JUNCTIONS,4222,beauty_plus_antibeauty_constituent_count,raw_weighted_sum,weighted_count,0x0.0p+0,AVAILABLE,WITHHELD_UNCERTAINTY
25e6b1d2ed9a36c9bc1302a0edf356e2ac33db4b080ee20eeec6cc7527416a28,MONASH,4222,beauty_plus_antibeauty_constituent_count,raw_weighted_sum,weighted_count,0x0.0p+0,AVAILABLE,WITHHELD_UNCERTAINTY
dce6be6fed3df39405f78083eb1a5d4308cfab98acd105a9f8da0a83d16f47d0,CLOSEPACKING,4222,charm_plus_anticharm_constituent_count,raw_count,count,0x1.cf3a700000000p+20,AVAILABLE,WITHHELD_UNCERTAINTY
375604108bb3d310db11c6d84e85e32db97753d1e9fd936b71ca4e0b727957df,JUNCTIONS,4222,charm_plus_anticharm_constituent_count,raw_count,count,0x1.9b68380000000p+21,AVAILABLE,WITHHELD_UNCERTAINTY
de69570c5904b1fd6ba5193815507d2b0c696e1973958d7de0d4b5531ea77331,MONASH,4222,charm_plus_anticharm_constituent_count,raw_count,count,0x1.646e000000000p+17,AVAILABLE,WITHHELD_UNCERTAINTY
b7552e3c9e94c9af1b89073ff3154103e88258ab20678f7f0a8ff49132ac22b5,CLOSEPACKING,4222,charm_plus_anticharm_constituent_count,raw_weighted_sum,weighted_count,0x1.cf3a700000000p+20,AVAILABLE,WITHHELD_UNCERTAINTY
3ff079bdafc02b36064788f310999ed72ebbbc31d13558e7490296f0d19b9acc,JUNCTIONS,4222,charm_plus_anticharm_constituent_count,raw_weighted_sum,weighted_count,0x1.9b68380000000p+21,AVAILABLE,WITHHELD_UNCERTAINTY
73157cffbf166e93de836f0528c4c0599c54e5bb49476a2d3da9cc71f271dd59,MONASH,4222,charm_plus_anticharm_constituent_count,raw_weighted_sum,weighted_count,0x1.646e000000000p+17,AVAILABLE,WITHHELD_UNCERTAINTY
9c24322a0b8ba0a8d612c5f0d136feb4ad0c5e04aac4937b4e59643b2e2b9ae3,CLOSEPACKING,4222,hadron_count,normalized_yield,per_event,0x1.36de02d51c7c9p-6,AVAILABLE,AVAILABLE
e091ef881701ef5850674375d5133e15a6c5a351492cc93e2db4ded03e4bf8ed,JUNCTIONS,4222,hadron_count,normalized_yield,per_event,0x1.141733ce38b2ap-5,AVAILABLE,AVAILABLE
5169eca163c1020e0b71fb01e1ae66ffb043ac10f6ece6de6a278715837a8e67,MONASH,4222,hadron_count,normalized_yield,per_event,0x1.de644edf0b3ddp-10,AVAILABLE,AVAILABLE
bd458e0369a08d3f646edde18a25c28b0726a49ce613e8c522767a3deee617f5,CLOSEPACKING,4222,hadron_count,raw_count,count,0x1.cf3a700000000p+20,AVAILABLE,WITHHELD_UNCERTAINTY
e29594c4afc7454b35d03dfdaa577796484ea7a5566bb0ba1c6d5f0da9854ab6,JUNCTIONS,4222,hadron_count,raw_count,count,0x1.9b68380000000p+21,AVAILABLE,WITHHELD_UNCERTAINTY
ed30c9eec6b10f0d300ac62bb4090a7e75607424a41b1b65a62642a162773a46,MONASH,4222,hadron_count,raw_count,count,0x1.646e000000000p+17,AVAILABLE,WITHHELD_UNCERTAINTY
ab07c22872a9b08711758f957ab13174d2e7f9e8355585600d7d2ba8b40769a0,CLOSEPACKING,4222,hadron_count,raw_weighted_sum,weighted_count,0x1.cf3a700000000p+20,AVAILABLE,WITHHELD_UNCERTAINTY
2ffbba125472312856b7a23964f2bb5f2799a578f1f5c45807c86b6b05c5dc9f,JUNCTIONS,4222,hadron_count,raw_weighted_sum,weighted_count,0x1.9b68380000000p+21,AVAILABLE,WITHHELD_UNCERTAINTY
47b52f877650b0decc3e1d9c152dae7767f729a63124a1953d4e38a08a6426a6,MONASH,4222,hadron_count,raw_weighted_sum,weighted_count,0x1.646e000000000p+17,AVAILABLE,WITHHELD_UNCERTAINTY
b9fdcdf9ed0487a43d7142336ce14ac17cda2f8e686b7ec40192e07d8b8cbfd2,CLOSEPACKING,4224,beauty_plus_antibeauty_constituent_count,raw_count,count,0x0.0p+0,AVAILABLE,WITHHELD_UNCERTAINTY
334f74ec689af8e9597244028982434c4a3f975b68876c03e87bdc8481cc4a08,JUNCTIONS,4224,beauty_plus_antibeauty_constituent_count,raw_count,count,0x0.0p+0,AVAILABLE,WITHHELD_UNCERTAINTY
51602e871905713e535bfcba5a2525b0b8d8e35c1859e8fee9d1771519a102d8,MONASH,4224,beauty_plus_antibeauty_constituent_count,raw_count,count,0x0.0p+0,AVAILABLE,WITHHELD_UNCERTAINTY
d8c45f2dcbd0602fc9d683e2e6969d1a705917ff204b2d37eaedd6b6c89ec127,CLOSEPACKING,4224,beauty_plus_antibeauty_constituent_count,raw_weighted_sum,weighted_count,0x0.0p+0,AVAILABLE,WITHHELD_UNCERTAINTY
78a0ea8b17f720ad805e6315dae2e5cbafee75cf04d3375c6cbc1163a5953e5d,JUNCTIONS,4224,beauty_plus_antibeauty_constituent_count,raw_weighted_sum,weighted_count,0x0.0p+0,AVAILABLE,WITHHELD_UNCERTAINTY
4088f5b6a9d2d9031622c0c2446320c64d202967463e81310b2be8848888ada5,MONASH,4224,beauty_plus_antibeauty_constituent_count,raw_weighted_sum,weighted_count,0x0.0p+0,AVAILABLE,WITHHELD_UNCERTAINTY
9d6976a4f24bec86fa8a37a1c6051593fabe7bc26c7eaa71651a2ab97e923871,CLOSEPACKING,4224,charm_plus_anticharm_constituent_count,raw_count,count,0x1.9249400000000p+20,AVAILABLE,WITHHELD_UNCERTAINTY
7ecbe011fbfc123fe4d44e05566c6095aba8854ddfc47af1ae79257068dbf2ba,JUNCTIONS,4224,charm_plus_anticharm_constituent_count,raw_count,count,0x1.1ece400000000p+19,AVAILABLE,WITHHELD_UNCERTAINTY
555c77c88d5e080cca3e4dc8c5862d7ea35a59d54132c36ca7fcf14ddac0a439,MONASH,4224,charm_plus_anticharm_constituent_count,raw_count,count,0x1.477d400000000p+18,AVAILABLE,WITHHELD_UNCERTAINTY
830e24058193a30f85ede69df6efb4f3d1ffd184b78928404cc695dfb527dcca,CLOSEPACKING,4224,charm_plus_anticharm_constituent_count,raw_weighted_sum,weighted_count,0x1.9249400000000p+20,AVAILABLE,WITHHELD_UNCERTAINTY
4182ee33f19436ddcb7909ec58676a4bf3ba441f05f5b33875776865e5f1c621,JUNCTIONS,4224,charm_plus_anticharm_constituent_count,raw_weighted_sum,weighted_count,0x1.1ece400000000p+19,AVAILABLE,WITHHELD_UNCERTAINTY
9bd16a344d7e7c9989b2061da514e2ab213d5c38c068de2ed44185c19ceef415,MONASH,4224,charm_plus_anticharm_constituent_count,raw_weighted_sum,weighted_count,0x1.477d400000000p+18,AVAILABLE,WITHHELD_UNCERTAINTY
de81b2d76f97c40a5246c079510ff2564413c11ca4fdabab61f6cf492de55b1b,CLOSEPACKING,4224,hadron_count,normalized_yield,per_event,0x1.0df83b3a93a4cp-6,AVAILABLE,AVAILABLE
4b2ed17e8224314d59c9c64cd96a0472802d59d520eac2d63af1a29508d138e8,JUNCTIONS,4224,hadron_count,normalized_yield,per_event,0x1.80f1ad00ff846p-8,AVAILABLE,AVAILABLE
3a8c0490bee0c21ca712d37f5e8ce0c8076f431de26786abf1191c6df10d8b7e,MONASH,4224,hadron_count,normalized_yield,per_event,0x1.b78c73c142d5fp-9,AVAILABLE,AVAILABLE
8819953aadd0b7e3b518e5ecccde7820974ffb5f7c9e5b72a9ffb125d2a38a32,CLOSEPACKING,4224,hadron_count,raw_count,count,0x1.9249400000000p+20,AVAILABLE,WITHHELD_UNCERTAINTY
ab6bbb7e074dc3527ba8eb043401702b60c6e6dbcf4e9109ac0d4f818d3bc618,JUNCTIONS,4224,hadron_count,raw_count,count,0x1.1ece400000000p+19,AVAILABLE,WITHHELD_UNCERTAINTY
aeac54cf3010ecc5bf35467c20271c5c306a31ee29c92ccbfc65c1e75a1fa1bb,MONASH,4224,hadron_count,raw_count,count,0x1.477d400000000p+18,AVAILABLE,WITHHELD_UNCERTAINTY
53d920b4c3efdfce91cf2614d9a4b54a86d48769edf96bdefc8e82a6cdf49363,CLOSEPACKING,4224,hadron_count,raw_weighted_sum,weighted_count,0x1.9249400000000p+20,AVAILABLE,WITHHELD_UNCERTAINTY
4ac3082b3b2e8f9c7a984ed510bac3022adbe5e145647ba7b13fe70e617a5684,JUNCTIONS,4224,hadron_count,raw_weighted_sum,weighted_count,0x1.1ece400000000p+19,AVAILABLE,WITHHELD_UNCERTAINTY
615644e834c36a9ea6e5c63d287dda2f2809a179a4c4ce13291f3154cd1a9db9,MONASH,4224,hadron_count,raw_weighted_sum,weighted_count,0x1.477d400000000p+18,AVAILABLE,WITHHELD_UNCERTAINTY
75f98e0ee1dbae513c515eafbe5098724498618cf3e331dbc836887a153a9d6c,CLOSEPACKING,423,beauty_plus_antibeauty_constituent_count,raw_count,count,0x0.0p+0,AVAILABLE,WITHHELD_UNCERTAINTY
0ff085ce34fdf3d2072193c8da696195b10faa7a27277f1917ceb2bde3c1cc2c,JUNCTIONS,423,beauty_plus_antibeauty_constituent_count,raw_count,count,0x0.0p+0,AVAILABLE,WITHHELD_UNCERTAINTY
1da5ea393cd11560703c2d074679978ec585a113871b0f619a90ced3efb26953,MONASH,423,beauty_plus_antibeauty_constituent_count,raw_count,count,0x0.0p+0,AVAILABLE,WITHHELD_UNCERTAINTY
650da70d74ca885464352478510c071e674777a485246d52a6f6d7d59352eafa,CLOSEPACKING,423,beauty_plus_antibeauty_constituent_count,raw_weighted_sum,weighted_count,0x0.0p+0,AVAILABLE,WITHHELD_UNCERTAINTY
02c2ed37295f72e87da2ad82e394b7fe9464b3ca99d520287e7477961fd36a9a,JUNCTIONS,423,beauty_plus_antibeauty_constituent_count,raw_weighted_sum,weighted_count,0x0.0p+0,AVAILABLE,WITHHELD_UNCERTAINTY
2caa047e33ac1235bc4bbfc161168d954b6296ab324caa78200720dc783c1620,MONASH,423,beauty_plus_antibeauty_constituent_count,raw_weighted_sum,weighted_count,0x0.0p+0,AVAILABLE,WITHHELD_UNCERTAINTY
03054034108bde8e2bc8de98247bd8de1060f2f3b9f7604905ce8ce008899e7b,CLOSEPACKING,423,charm_plus_anticharm_constituent_count,raw_count,count,0x1.0251b10000000p+24,AVAILABLE,WITHHELD_UNCERTAINTY
eccb38835c0ed9f904f8b2b1e219db8b6d61bf9b07b87560981755f41aebaa4c,JUNCTIONS,423,charm_plus_anticharm_constituent_count,raw_count,count,0x1.06736c0000000p+24,AVAILABLE,WITHHELD_UNCERTAINTY
5779035b93d67b28d3e6c780ff755ac4443895f1ad50bcb2069b8df29346ae8a,MONASH,423,charm_plus_anticharm_constituent_count,raw_count,count,0x1.2dad3a0000000p+24,AVAILABLE,WITHHELD_UNCERTAINTY
370e233875a4a4473ab4e52eebb037b9b1ccf857970540541e4acd565c789e6d,CLOSEPACKING,423,charm_plus_anticharm_constituent_count,raw_weighted_sum,weighted_count,0x1.0251b10000000p+24,AVAILABLE,WITHHELD_UNCERTAINTY
4d10beac907d0f346d4bda79625fe0c9c2a07c78a39cb56c10eb5026df21805e,JUNCTIONS,423,charm_plus_anticharm_constituent_count,raw_weighted_sum,weighted_count,0x1.06736c0000000p+24,AVAILABLE,WITHHELD_UNCERTAINTY
e138cc55769271f468dc25d894879d6e812b470d992f6046f80fd7427eb7c40b,MONASH,423,charm_plus_anticharm_constituent_count,raw_weighted_sum,weighted_count,0x1.2dad3a0000000p+24,AVAILABLE,WITHHELD_UNCERTAINTY
05ecaf980932d2e902d57272bb1619e48aae73abf6933e895eabf60cb329806a,CLOSEPACKING,423,hadron_count,normalized_yield,per_event,0x1.5ab5c4f364912p-3,AVAILABLE,AVAILABLE
5b5ddcfb78b7207cbaeaf7316ff345f0b79a1e3e9590db9fdc59fe9ff60a793f,JUNCTIONS,423,hadron_count,normalized_yield,per_event,0x1.60416e5f592bfp-3,AVAILABLE,AVAILABLE
2387bfd9449e8553bf417fcc9e2598e714f72222c4ea7ac6d2a6a50c9aaf0132,MONASH,423,hadron_count,normalized_yield,per_event,0x1.94e75030c4eeep-3,AVAILABLE,AVAILABLE
42c350762f90963cec012d7810c7b179521061c244809cb57ee120eee90e1835,CLOSEPACKING,423,hadron_count,raw_count,count,0x1.0251b10000000p+24,AVAILABLE,WITHHELD_UNCERTAINTY
0f4b78b42cab09cc5f4aaca8d248ceacbd47298d8522ca489b6cefc42bae0ac6,JUNCTIONS,423,hadron_count,raw_count,count,0x1.06736c0000000p+24,AVAILABLE,WITHHELD_UNCERTAINTY
c3820d4f4f2137b3cb9b19ff2f913ec9f5973fb5a2e78d876dddcbf6ccf026fd,MONASH,423,hadron_count,raw_count,count,0x1.2dad3a0000000p+24,AVAILABLE,WITHHELD_UNCERTAINTY
26220eb58eec7edfeb794955c915d3a886df81d1880b8fb7e84e810dec952c81,CLOSEPACKING,423,hadron_count,raw_weighted_sum,weighted_count,0x1.0251b10000000p+24,AVAILABLE,WITHHELD_UNCERTAINTY
caa52f7d92e452ca8802048cbab31d001d5ad7a2e6e64d4d808d08d9ef002851,JUNCTIONS,423,hadron_count,raw_weighted_sum,weighted_count,0x1.06736c0000000p+24,AVAILABLE,WITHHELD_UNCERTAINTY
b2f1c1a0152677a4ac5f43e8d33aec5ce55e4cf10489a1a1e9604a15d1bfd22a,MONASH,423,hadron_count,raw_weighted_sum,weighted_count,0x1.2dad3a0000000p+24,AVAILABLE,WITHHELD_UNCERTAINTY
3a033617adafc19933ea790f689b810639e07d356587011278dd5ead3f9c81b7,CLOSEPACKING,4232,beauty_plus_antibeauty_constituent_count,raw_count,count,0x0.0p+0,AVAILABLE,WITHHELD_UNCERTAINTY
5eaa1a8af1ac8d8958fe7254c4a0232d465ed7d520921d4e9b081d8f69938699,JUNCTIONS,4232,beauty_plus_antibeauty_constituent_count,raw_count,count,0x0.0p+0,AVAILABLE,WITHHELD_UNCERTAINTY
93187f53535cb83b3c7da96eb5233057c7dbc97331af5f0a64dc505ebcbbbcad,MONASH,4232,beauty_plus_antibeauty_constituent_count,raw_count,count,0x0.0p+0,AVAILABLE,WITHHELD_UNCERTAINTY
3cbfde8f3724582c6e58c27bc346efa1779274c87c968de2c308339a7480fe70,CLOSEPACKING,4232,beauty_plus_antibeauty_constituent_count,raw_weighted_sum,weighted_count,0x0.0p+0,AVAILABLE,WITHHELD_UNCERTAINTY
236151449b40fa25768f07e7dda7114cccebb25a8d36c4c785a116ceaa4137c7,JUNCTIONS,4232,beauty_plus_antibeauty_constituent_count,raw_weighted_sum,weighted_count,0x0.0p+0,AVAILABLE,WITHHELD_UNCERTAINTY
bd705a13ac76dfbb81c4a3516e3307ad26ac79a60687a546a9a9f8d7fd44b100,MONASH,4232,beauty_plus_antibeauty_constituent_count,raw_weighted_sum,weighted_count,0x0.0p+0,AVAILABLE,WITHHELD_UNCERTAINTY
7893eac11dfd122164072955aa3bdbf1ae6a33f3391058d27e2304e80014798a,CLOSEPACKING,4232,charm_plus_anticharm_constituent_count,raw_count,count,0x1.39d6600000000p+19,AVAILABLE,WITHHELD_UNCERTAINTY
8dd6d593ffe7dfc4e1aa19777a0f4889ad6b1f6e2a8fd495874bfb6891b7a855,JUNCTIONS,4232,charm_plus_anticharm_constituent_count,raw_count,count,0x1.2689a00000000p+19,AVAILABLE,WITHHELD_UNCERTAINTY
462bebd00182ed57473fcaaff64b8d5a6b54d7b2f9c4492b71e1754a29b612d8,MONASH,4232,charm_plus_anticharm_constituent_count,raw_count,count,0x1.8bae000000000p+18,AVAILABLE,WITHHELD_UNCERTAINTY
421a42ac2d7d673dc7f7fd997e0fc9ad7d8a1b55c88436ec79b837dda9303cc3,CLOSEPACKING,4232,charm_plus_anticharm_constituent_count,raw_weighted_sum,weighted_count,0x1.39d6600000000p+19,AVAILABLE,WITHHELD_UNCERTAINTY
0118d39597845a4f36ea3b50bfd71fbba14c7185444b0b0f25df695724b7cc6d,JUNCTIONS,4232,charm_plus_anticharm_constituent_count,raw_weighted_sum,weighted_count,0x1.2689a00000000p+19,AVAILABLE,WITHHELD_UNCERTAINTY
b0e0aeb6d6c7d95662cd4e2ea387168f75f44d1d3a88fb5097ab1aa2a2c7206c,MONASH,4232,charm_plus_anticharm_constituent_count,raw_weighted_sum,weighted_count,0x1.8bae000000000p+18,AVAILABLE,WITHHELD_UNCERTAINTY
3fb58010346346ba61b57ff035090db23a44755ac16454cad9f1db03e99ff4ce,CLOSEPACKING,4232,hadron_count,normalized_yield,per_event,0x1.a539b5d9404dap-8,AVAILABLE,AVAILABLE
ae60d39802030becbe9f3954fb6110f7ecf3284f204f219033c297d526f03d62,JUNCTIONS,4232,hadron_count,normalized_yield,per_event,0x1.8b52591341a64p-8,AVAILABLE,AVAILABLE
22efa7e3937123c0236e831e07ba337ee7668e2ad9347ad16f85ffeb7f2a0e64,MONASH,4232,hadron_count,normalized_yield,per_event,0x1.098940b0f52aep-8,AVAILABLE,AVAILABLE
082b7e2e155f7c670dd63e265eba90cc9deac410d5caa5c12de0f9404662ee92,CLOSEPACKING,4232,hadron_count,raw_count,count,0x1.39d6600000000p+19,AVAILABLE,WITHHELD_UNCERTAINTY
d186186677c5dcc640829e2efbbea60ba6e7d4a0bf29266d3f24c7171910013d,JUNCTIONS,4232,hadron_count,raw_count,count,0x1.2689a00000000p+19,AVAILABLE,WITHHELD_UNCERTAINTY
11c80b28eb8b11d755b5d68d90f67c11a05dcf29b5d9d7bf1daea9dc3cf2d19b,MONASH,4232,hadron_count,raw_count,count,0x1.8bae000000000p+18,AVAILABLE,WITHHELD_UNCERTAINTY
de83207afaa7e62a407ca55d887ab73dce8969da66b6c5859db957f3818d0131,CLOSEPACKING,4232,hadron_count,raw_weighted_sum,weighted_count,0x1.39d6600000000p+19,AVAILABLE,WITHHELD_UNCERTAINTY
1e69c8f3ad3dc6763d4b9918365e2994f9d1cff87150404a0f925b62a4ea35c4,JUNCTIONS,4232,hadron_count,raw_weighted_sum,weighted_count,0x1.2689a00000000p+19,AVAILABLE,WITHHELD_UNCERTAINTY
c46fe94cab18863dff80469ec82fd69c89821d6fde777b74ce384aec7ca581bd,MONASH,4232,hadron_count,raw_weighted_sum,weighted_count,0x1.8bae000000000p+18,AVAILABLE,WITHHELD_UNCERTAINTY
d4842ed65262e23b89ac1fd93baedac4d41025f5c0f0403e15dd72f8bc50534c,CLOSEPACKING,431,beauty_plus_antibeauty_constituent_count,raw_count,count,0x0.0p+0,AVAILABLE,WITHHELD_UNCERTAINTY
11e4b87531ab8ef5cf11baa3dcdffd7bad4e106eaf9a8d6dbeac3840cd5c1ec4,JUNCTIONS,431,beauty_plus_antibeauty_constituent_count,raw_count,count,0x0.0p+0,AVAILABLE,WITHHELD_UNCERTAINTY
4972fb8067c140c0bc424861bd94e09f93079751894464c30bac7023b16fe50c,MONASH,431,beauty_plus_antibeauty_constituent_count,raw_count,count,0x0.0p+0,AVAILABLE,WITHHELD_UNCERTAINTY
ad504c96033ab6a862de7a8902c2a09da7e293608fd39b21fba541458b827f66,CLOSEPACKING,431,beauty_plus_antibeauty_constituent_count,raw_weighted_sum,weighted_count,0x0.0p+0,AVAILABLE,WITHHELD_UNCERTAINTY
1d4f4a1d2e4dd6d5d16fc1612f5d88563cf1ab720ea90448bed8236d28e1dec7,JUNCTIONS,431,beauty_plus_antibeauty_constituent_count,raw_weighted_sum,weighted_count,0x0.0p+0,AVAILABLE,WITHHELD_UNCERTAINTY
240a99c278ae7fa5955886117b952bebd028b2c9602daada9d76d0933f54e6f4,MONASH,431,beauty_plus_antibeauty_constituent_count,raw_weighted_sum,weighted_count,0x0.0p+0,AVAILABLE,WITHHELD_UNCERTAINTY
4cbde934838cc4ab2b5985c2aede4c692d52f4edbf7b15e0a9758705543ad681,CLOSEPACKING,431,charm_plus_anticharm_constituent_count,raw_count,count,0x1.1fae300000000p+22,AVAILABLE,WITHHELD_UNCERTAINTY
ff48190553e7c41770608d9187350dab6c5aa936be80b4ce2552a1cf95d4545f,JUNCTIONS,431,charm_plus_anticharm_constituent_count,raw_count,count,0x1.eadb980000000p+21,AVAILABLE,WITHHELD_UNCERTAINTY
161ecdd5b282a71696254d3c2fb89b1efc467481e96b22fac86962743d753cac,MONASH,431,charm_plus_anticharm_constituent_count,raw_count,count,0x1.33caa40000000p+22,AVAILABLE,WITHHELD_UNCERTAINTY
57fbd391db29ce220cd0ec42e412de5b88608ebe1c2e92e4e0d317d46249aece,CLOSEPACKING,431,charm_plus_anticharm_constituent_count,raw_weighted_sum,weighted_count,0x1.1fae300000000p+22,AVAILABLE,WITHHELD_UNCERTAINTY
6a3459422e0861bd76a6a42616158634a4f3208d9ac7499e5412fa4620a17c38,JUNCTIONS,431,charm_plus_anticharm_constituent_count,raw_weighted_sum,weighted_count,0x1.eadb980000000p+21,AVAILABLE,WITHHELD_UNCERTAINTY
c44382dc139c874d9602c94bbfdebb4e120dcf4574d30a5015b48f77a2470c70,MONASH,431,charm_plus_anticharm_constituent_count,raw_weighted_sum,weighted_count,0x1.33caa40000000p+22,AVAILABLE,WITHHELD_UNCERTAINTY
28044e575e040b62176882e3da212f4a08cd9d282142d08761bfbd1a772c34fc,CLOSEPACKING,431,hadron_count,normalized_yield,per_event,0x1.821e3d57cf49dp-5,AVAILABLE,AVAILABLE
7076f5671ac4caba2786cbe3866b10372275dee557b223364f9e3947cee9f9be,JUNCTIONS,431,hadron_count,normalized_yield,per_event,0x1.4968b9d2ca11ep-5,AVAILABLE,AVAILABLE
5a36d8a4f4b68670c00b1054e11faaa87690f7e092606d079449b074dcfc2a50,MONASH,431,hadron_count,normalized_yield,per_event,0x1.9d1c605de3b5fp-5,AVAILABLE,AVAILABLE
beef2849c3b2a5b01ccbf61510e210e2cf820290c2984b6a9770b9ae5d72afe0,CLOSEPACKING,431,hadron_count,raw_count,count,0x1.1fae300000000p+22,AVAILABLE,WITHHELD_UNCERTAINTY
fec1bacfd7a6d18e4365f8d1b10c065294b07692c6d2dc53d878d7b563ad8226,JUNCTIONS,431,hadron_count,raw_count,count,0x1.eadb980000000p+21,AVAILABLE,WITHHELD_UNCERTAINTY
fa4259e92e3988fe040393d1e3eb7a18e86ae98b5c15718d2bcfb81637e947c4,MONASH,431,hadron_count,raw_count,count,0x1.33caa40000000p+22,AVAILABLE,WITHHELD_UNCERTAINTY
d12c84d63fdcd553a4dc7a41d541a641b4bbf18f538b21db60fa79ee08760b67,CLOSEPACKING,431,hadron_count,raw_weighted_sum,weighted_count,0x1.1fae300000000p+22,AVAILABLE,WITHHELD_UNCERTAINTY
9e7fff9d69924ba53da2fa2f9151fd66f3fe82f17a449fdc94bd4c015759628c,JUNCTIONS,431,hadron_count,raw_weighted_sum,weighted_count,0x1.eadb980000000p+21,AVAILABLE,WITHHELD_UNCERTAINTY
3251814e80a5dd1e7292a14ddc204ff397ce36389ce77ec8ca6b6940e86ef630,MONASH,431,hadron_count,raw_weighted_sum,weighted_count,0x1.33caa40000000p+22,AVAILABLE,WITHHELD_UNCERTAINTY
46188bcc984ab21c4eb3d8be05fedb3baef245eee0da8780f52e767c3bc4855d,CLOSEPACKING,4312,beauty_plus_antibeauty_constituent_count,raw_count,count,0x0.0p+0,AVAILABLE,WITHHELD_UNCERTAINTY
b0ef29048a432bc13cc6315dc37de2db63d26c1d3f25df8dcf5433bdf605f8ae,JUNCTIONS,4312,beauty_plus_antibeauty_constituent_count,raw_count,count,0x0.0p+0,AVAILABLE,WITHHELD_UNCERTAINTY
ce388ebe0d47b0547ca600366609152045b9a0d727cded99c7b7281eeb933b45,MONASH,4312,beauty_plus_antibeauty_constituent_count,raw_count,count,0x0.0p+0,AVAILABLE,WITHHELD_UNCERTAINTY
6309a133ce7881f1687f2f4e4b80a2b17b9cfd6290e5dd1e450757796c480cfb,CLOSEPACKING,4312,beauty_plus_antibeauty_constituent_count,raw_weighted_sum,weighted_count,0x0.0p+0,AVAILABLE,WITHHELD_UNCERTAINTY
f65f82f859f251dac88d6f4fcfa458bbfb9263f9e4037cac351d4e780c49041b,JUNCTIONS,4312,beauty_plus_antibeauty_constituent_count,raw_weighted_sum,weighted_count,0x0.0p+0,AVAILABLE,WITHHELD_UNCERTAINTY
c5f3705220fd2f4af883fa30805f01831f07b76fcd6b40ac3f0edd4c6acbf899,MONASH,4312,beauty_plus_antibeauty_constituent_count,raw_weighted_sum,weighted_count,0x0.0p+0,AVAILABLE,WITHHELD_UNCERTAINTY
fc156a71db74c3baec0889a2dbcb58c9c3dd5f846f57bf1ed37f73a0af346b4d,CLOSEPACKING,4312,charm_plus_anticharm_constituent_count,raw_count,count,0x1.2780e00000000p+19,AVAILABLE,WITHHELD_UNCERTAINTY
cd288b6eb3367c7919a981b4b2402213f119df8c36ce2d27b8ed361545f9063a,JUNCTIONS,4312,charm_plus_anticharm_constituent_count,raw_count,count,0x1.8a5cc00000000p+19,AVAILABLE,WITHHELD_UNCERTAINTY
b9661c0363e871eca3d499a9b7b5a8f89bc952eafa71f6a07139cc979c87b8d3,MONASH,4312,charm_plus_anticharm_constituent_count,raw_count,count,0x1.c408000000000p+14,AVAILABLE,WITHHELD_UNCERTAINTY
8283e4ff7696101d9edaf09ebbd31ea37bc1d5264098d64cb868d2b945d1b715,CLOSEPACKING,4312,charm_plus_anticharm_constituent_count,raw_weighted_sum,weighted_count,0x1.2780e00000000p+19,AVAILABLE,WITHHELD_UNCERTAINTY
d8220beb11d9407e151e5e1fda654a97197814e811efe0435b90e063e50ff696,JUNCTIONS,4312,charm_plus_anticharm_constituent_count,raw_weighted_sum,weighted_count,0x1.8a5cc00000000p+19,AVAILABLE,WITHHELD_UNCERTAINTY
78b651788ce8ca77e1697e620c95d9ccf81b81363c8657b459b12312ba460109,MONASH,4312,charm_plus_anticharm_constituent_count,raw_weighted_sum,weighted_count,0x1.c408000000000p+14,AVAILABLE,WITHHELD_UNCERTAINTY
76ca9ffc8041500fdf152d65e6d6d60426971e8bed4931b7bb1c813ae12b2dfa,CLOSEPACKING,4312,hadron_count,normalized_yield,per_event,0x1.8c9e338740fc7p-8,AVAILABLE,AVAILABLE
88b1328a1e990ddc2fc7fb998998700fed5e65396f8b0578b2530a755facd20c,JUNCTIONS,4312,hadron_count,normalized_yield,per_event,0x1.08a6ed9519574p-7,AVAILABLE,AVAILABLE
07f734319a26fa2d925d728331079a9b8bdc8ac666c64a8f7c71550078508b6e,MONASH,4312,hadron_count,normalized_yield,per_event,0x1.2f5a609ea648dp-12,AVAILABLE,AVAILABLE
73e4f262b086fca1840d1d127eb3d782ce7e51c49b2453392fca47882724d570,CLOSEPACKING,4312,hadron_count,raw_count,count,0x1.2780e00000000p+19,AVAILABLE,WITHHELD_UNCERTAINTY
4e52634a241ca1338e49d84d03915bfbb0167430f091db241d5c869a8c089c58,JUNCTIONS,4312,hadron_count,raw_count,count,0x1.8a5cc00000000p+19,AVAILABLE,WITHHELD_UNCERTAINTY
f8293f3c63b5182edf19678f97cd614fdd88d7741594123dfc07fd1ee0b7a61a,MONASH,4312,hadron_count,raw_count,count,0x1.c408000000000p+14,AVAILABLE,WITHHELD_UNCERTAINTY
a0686108bd738bed8be01710ac463e2d450e05d0aac119345c9dd099052a9509,CLOSEPACKING,4312,hadron_count,raw_weighted_sum,weighted_count,0x1.2780e00000000p+19,AVAILABLE,WITHHELD_UNCERTAINTY
b60427f7e04df8cfd8660261dc4a73da4c9a941feae108007c152eb38e475a11,JUNCTIONS,4312,hadron_count,raw_weighted_sum,weighted_count,0x1.8a5cc00000000p+19,AVAILABLE,WITHHELD_UNCERTAINTY
ef653c51ba83910173132e862bd0d0cb87f8f4a6793d2524a68f7874a3bf34af,MONASH,4312,hadron_count,raw_weighted_sum,weighted_count,0x1.c408000000000p+14,AVAILABLE,WITHHELD_UNCERTAINTY
e776ca4e86f8006c3546d482cd4644283449254e4bd8b8888ad132e002967490,CLOSEPACKING,4314,beauty_plus_antibeauty_constituent_count,raw_count,count,0x0.0p+0,AVAILABLE,WITHHELD_UNCERTAINTY
fa420790b516d4375559f5b0a96d1dc56ef8776db84bd59df5a9af980fda6664,JUNCTIONS,4314,beauty_plus_antibeauty_constituent_count,raw_count,count,0x0.0p+0,AVAILABLE,WITHHELD_UNCERTAINTY
0876c1f4c201da5cfeb0c43f021be8f76c0b474eb3b805f06226cf32fd0e00bd,MONASH,4314,beauty_plus_antibeauty_constituent_count,raw_count,count,0x0.0p+0,AVAILABLE,WITHHELD_UNCERTAINTY
b841a872ccd0871369afe15e3b56ddc68a8dbc90847a4946415a7e0f2c63bdd8,CLOSEPACKING,4314,beauty_plus_antibeauty_constituent_count,raw_weighted_sum,weighted_count,0x0.0p+0,AVAILABLE,WITHHELD_UNCERTAINTY
c9ddd24648a514d24171204471cd26674053c4966bb65f6dd5372d1212193282,JUNCTIONS,4314,beauty_plus_antibeauty_constituent_count,raw_weighted_sum,weighted_count,0x0.0p+0,AVAILABLE,WITHHELD_UNCERTAINTY
8eb59b6c68cd527a799f73ea5437a9ad27185af1ff6ed88d84f0caeadc9d47b7,MONASH,4314,beauty_plus_antibeauty_constituent_count,raw_weighted_sum,weighted_count,0x0.0p+0,AVAILABLE,WITHHELD_UNCERTAINTY
6b4a304fb581d3ba25b43cd32a316b9c515484840388afde2c0553e859dd80f3,CLOSEPACKING,4314,charm_plus_anticharm_constituent_count,raw_count,count,0x1.0da9000000000p+19,AVAILABLE,WITHHELD_UNCERTAINTY
871f41309d4c109264568a221a8821938e35607284a2310eb7b6989e73a79c6c,JUNCTIONS,4314,charm_plus_anticharm_constituent_count,raw_count,count,0x1.74a2000000000p+16,AVAILABLE,WITHHELD_UNCERTAINTY
45d2d914e15aa047ab32748316982573478a4ac97171b35c1d36da71e38673f6,MONASH,4314,charm_plus_anticharm_constituent_count,raw_count,count,0x1.95d4000000000p+15,AVAILABLE,WITHHELD_UNCERTAINTY
367d026d0ea926b532a969ac772a179c54169b2ce49f484f3208332900039eba,CLOSEPACKING,4314,charm_plus_anticharm_constituent_count,raw_weighted_sum,weighted_count,0x1.0da9000000000p+19,AVAILABLE,WITHHELD_UNCERTAINTY
37c66efb04647be4056d0aeafce8a90f272fe87d55fe26bf9bab0c00dfcd995e,JUNCTIONS,4314,charm_plus_anticharm_constituent_count,raw_weighted_sum,weighted_count,0x1.74a2000000000p+16,AVAILABLE,WITHHELD_UNCERTAINTY
7336ab675d65afc5e96a8ab15d0efde297cedfe4224a9c5f1a38c7d015af6e5a,MONASH,4314,charm_plus_anticharm_constituent_count,raw_weighted_sum,weighted_count,0x1.95d4000000000p+15,AVAILABLE,WITHHELD_UNCERTAINTY
d06257189fce1c1ca2d15c81aa4d8c30dfddbc7cad160d3264051d045c38520c,CLOSEPACKING,4314,hadron_count,normalized_yield,per_event,0x1.69ee863005565p-8,AVAILABLE,AVAILABLE
c0cba7533dd1c9617b797263740546aa7df31149f643ba221f0f967183c1b326,JUNCTIONS,4314,hadron_count,normalized_yield,per_event,0x1.f423a8d19ae7dp-11,AVAILABLE,AVAILABLE
8ef87fba8a8577fa60c449baeb7829fa5f0a032fbdc5bb241fc5ed5a06fb7b42,MONASH,4314,hadron_count,normalized_yield,per_event,0x1.1058bdb150f06p-11,AVAILABLE,AVAILABLE
3ceca7a05f6d35fc2bd9efcee124d22859b1b6fab9633eae0f31304ebaf0d4f5,CLOSEPACKING,4314,hadron_count,raw_count,count,0x1.0da9000000000p+19,AVAILABLE,WITHHELD_UNCERTAINTY
b7f0b13bded88addc64d72b04011586b7d8af123994d20d81439ea37421e0a13,JUNCTIONS,4314,hadron_count,raw_count,count,0x1.74a2000000000p+16,AVAILABLE,WITHHELD_UNCERTAINTY
191fbe7ce30af18e4969c9483ac30f2610b68e820dc27235cba845aba58cf20c,MONASH,4314,hadron_count,raw_count,count,0x1.95d4000000000p+15,AVAILABLE,WITHHELD_UNCERTAINTY
99ccbfa57275147c070aef635b14098276a743750c58bd0b6140ffc4b208854d,CLOSEPACKING,4314,hadron_count,raw_weighted_sum,weighted_count,0x1.0da9000000000p+19,AVAILABLE,WITHHELD_UNCERTAINTY
1de3acd1d8fa39f808961bb44d4dfefc23b9b47de85b043b00b909e58255ba08,JUNCTIONS,4314,hadron_count,raw_weighted_sum,weighted_count,0x1.74a2000000000p+16,AVAILABLE,WITHHELD_UNCERTAINTY
f925e9abab2aaf1bc9c53ca89269ffbb18b016666487250edc4f8689b62e9682,MONASH,4314,hadron_count,raw_weighted_sum,weighted_count,0x1.95d4000000000p+15,AVAILABLE,WITHHELD_UNCERTAINTY
83adb9bf2b78ec47d6ef10bfab8cce9342e3776308ead0493e2ec20dff3dd053,CLOSEPACKING,4322,beauty_plus_antibeauty_constituent_count,raw_count,count,0x0.0p+0,AVAILABLE,WITHHELD_UNCERTAINTY
97f0bb3980ccfa2733f830f95dc51cabc8e6edee897ef1b97a90b7ec9d135be7,JUNCTIONS,4322,beauty_plus_antibeauty_constituent_count,raw_count,count,0x0.0p+0,AVAILABLE,WITHHELD_UNCERTAINTY
1c568a2df4902f1bff7d357a7cd344f6b3c98edbf36f3034c21466ffe5c7056f,MONASH,4322,beauty_plus_antibeauty_constituent_count,raw_count,count,0x0.0p+0,AVAILABLE,WITHHELD_UNCERTAINTY
f72fd8cef9462d6c63a9d7a4fc19cfa35afc55d14dc24d1f8dba1ff9e3b72f73,CLOSEPACKING,4322,beauty_plus_antibeauty_constituent_count,raw_weighted_sum,weighted_count,0x0.0p+0,AVAILABLE,WITHHELD_UNCERTAINTY
20737511ac84efc41bbe7d0456ab0a9c277437ff026e384078dec2d5d6596021,JUNCTIONS,4322,beauty_plus_antibeauty_constituent_count,raw_weighted_sum,weighted_count,0x0.0p+0,AVAILABLE,WITHHELD_UNCERTAINTY
da3146a2c8402e8193007c18a4dadd45f8082f6bea62fc1f3218868c61eddc77,MONASH,4322,beauty_plus_antibeauty_constituent_count,raw_weighted_sum,weighted_count,0x0.0p+0,AVAILABLE,WITHHELD_UNCERTAINTY
0e21de0d473bbc648ae3e1c770e0ff01e3bc6c41133d1dbc9c03e7cc6b5898ce,CLOSEPACKING,4322,charm_plus_anticharm_constituent_count,raw_count,count,0x1.2979000000000p+19,AVAILABLE,WITHHELD_UNCERTAINTY
b203d3ace7cf1ea2abcde3527f16ded0d008e83ec43d85adbd374da856e31b6e,JUNCTIONS,4322,charm_plus_anticharm_constituent_count,raw_count,count,0x1.8c7f200000000p+19,AVAILABLE,WITHHELD_UNCERTAINTY
cd81307c4e8495e59e8e83ed854b2403c2bb671eb34db032fe99ec556fdf1694,MONASH,4322,charm_plus_anticharm_constituent_count,raw_count,count,0x1.d104000000000p+14,AVAILABLE,WITHHELD_UNCERTAINTY
5e0382a62c25a62e0d8b184803ec0bc8af9bd2387137f0cd779a3cc97ba20091,CLOSEPACKING,4322,charm_plus_anticharm_constituent_count,raw_weighted_sum,weighted_count,0x1.2979000000000p+19,AVAILABLE,WITHHELD_UNCERTAINTY
29a066f738d40f73da9b6d911503fba422ea72cb69a534f33cd08ec4c452f443,JUNCTIONS,4322,charm_plus_anticharm_constituent_count,raw_weighted_sum,weighted_count,0x1.8c7f200000000p+19,AVAILABLE,WITHHELD_UNCERTAINTY
cba535ac5a898688ee7ae170fac3f36e84684dcdc74a106bf11ca39da1c62cbf,MONASH,4322,charm_plus_anticharm_constituent_count,raw_weighted_sum,weighted_count,0x1.d104000000000p+14,AVAILABLE,WITHHELD_UNCERTAINTY
eb3cd3a7fef5f61714f0ac653e169645596091be634d8d123bd22f4a42ed6015,CLOSEPACKING,4322,hadron_count,normalized_yield,per_event,0x1.8f42d38f33ba1p-8,AVAILABLE,AVAILABLE
918447889419c6dc35359ebeaf00aab148277e137d34f7406ccd7081ff118ec2,JUNCTIONS,4322,hadron_count,normalized_yield,per_event,0x1.0a159817b95a3p-7,AVAILABLE,AVAILABLE
26414c758e4ad7addd25e85689f8710efda16df8c750a6acf9f252d3c5d67a13,MONASH,4322,hadron_count,normalized_yield,per_event,0x1.38111378adbbcp-12,AVAILABLE,AVAILABLE
54298b4981eec4081d41afef1b39178fdedc8fbde37b6cc3bdf950b7079f2cf7,CLOSEPACKING,4322,hadron_count,raw_count,count,0x1.2979000000000p+19,AVAILABLE,WITHHELD_UNCERTAINTY
cf719808f81959f95229b6dcf04b527903edf793ec835a8659f37ed74ccff780,JUNCTIONS,4322,hadron_count,raw_count,count,0x1.8c7f200000000p+19,AVAILABLE,WITHHELD_UNCERTAINTY
5cbebeab16fc39fc034dce6291ddc54a421fd94a11a19313420fad2585de6702,MONASH,4322,hadron_count,raw_count,count,0x1.d104000000000p+14,AVAILABLE,WITHHELD_UNCERTAINTY
31a4b3ca1444efa29f57ca751c6a4fccffc854dad29b5229053346b774bc9081,CLOSEPACKING,4322,hadron_count,raw_weighted_sum,weighted_count,0x1.2979000000000p+19,AVAILABLE,WITHHELD_UNCERTAINTY
f9f6a8bb23ef4ba6f86c313d2d1817d0cf8949f29c6ac897f37c97ed5b826a2d,JUNCTIONS,4322,hadron_count,raw_weighted_sum,weighted_count,0x1.8c7f200000000p+19,AVAILABLE,WITHHELD_UNCERTAINTY
18a23d7cbe23bf5ab3e411ae901ac71bbaaabad6a4f48e651fc37e5cf93a5873,MONASH,4322,hadron_count,raw_weighted_sum,weighted_count,0x1.d104000000000p+14,AVAILABLE,WITHHELD_UNCERTAINTY
e6ea685c15372ef561d305219b24c2990bee3a22e8be5cd3f3f119e1ff4ad442,CLOSEPACKING,4324,beauty_plus_antibeauty_constituent_count,raw_count,count,0x0.0p+0,AVAILABLE,WITHHELD_UNCERTAINTY
5f19f6cf6fbc060f06066dd0af0c83d1d8683857cac1f03da407d73b153c7e78,JUNCTIONS,4324,beauty_plus_antibeauty_constituent_count,raw_count,count,0x0.0p+0,AVAILABLE,WITHHELD_UNCERTAINTY
4b6c31bb9b0117767aec5d4ec237a4f52ee627662dca0bdb4604e74ccb7fb65e,MONASH,4324,beauty_plus_antibeauty_constituent_count,raw_count,count,0x0.0p+0,AVAILABLE,WITHHELD_UNCERTAINTY
8fea4a48b55cda498431cc2ae1a8074e106ed93a458e61e235f339a398081a66,CLOSEPACKING,4324,beauty_plus_antibeauty_constituent_count,raw_weighted_sum,weighted_count,0x0.0p+0,AVAILABLE,WITHHELD_UNCERTAINTY
12e20a1ad5cc4898f6db3c1b2cb711a2f74951c061412a6ead39da3ed1e60914,JUNCTIONS,4324,beauty_plus_antibeauty_constituent_count,raw_weighted_sum,weighted_count,0x0.0p+0,AVAILABLE,WITHHELD_UNCERTAINTY
2eaccc7f85c8bae9f708b99d25feca59d3442a5875661f1030228ba9ef1f9a79,MONASH,4324,beauty_plus_antibeauty_constituent_count,raw_weighted_sum,weighted_count,0x0.0p+0,AVAILABLE,WITHHELD_UNCERTAINTY
1b0ed2f7cff539c26ff907cbfe4a318641e430b275517fa422c8c33fc6fc753e,CLOSEPACKING,4324,charm_plus_anticharm_constituent_count,raw_count,count,0x1.0ecf000000000p+19,AVAILABLE,WITHHELD_UNCERTAINTY
c6df97b582f21e3b71b5f1a129637383228f89db3a3c24dd2037d2ee1219b72b,JUNCTIONS,4324,charm_plus_anticharm_constituent_count,raw_count,count,0x1.7447000000000p+16,AVAILABLE,WITHHELD_UNCERTAINTY
1242b4cd91cba49087ca8ed0bec837ef12851de2ab474944d1c5d4fd9d49f8d3,MONASH,4324,charm_plus_anticharm_constituent_count,raw_count,count,0x1.9a46000000000p+15,AVAILABLE,WITHHELD_UNCERTAINTY
54b353f19aef6ab3fbd36489e50ef2227559c5d94ab00dc210e16dd8e40c9664,CLOSEPACKING,4324,charm_plus_anticharm_constituent_count,raw_weighted_sum,weighted_count,0x1.0ecf000000000p+19,AVAILABLE,WITHHELD_UNCERTAINTY
faadf7945ea969bfd57b93dbd6444558781718640a1d2bd8077a26f62ea1afef,JUNCTIONS,4324,charm_plus_anticharm_constituent_count,raw_weighted_sum,weighted_count,0x1.7447000000000p+16,AVAILABLE,WITHHELD_UNCERTAINTY
86886bb0c7e6e3bad04d50e8a07bb64463e08bf77c530b3e7c1abd6a8825aa57,MONASH,4324,charm_plus_anticharm_constituent_count,raw_weighted_sum,weighted_count,0x1.9a46000000000p+15,AVAILABLE,WITHHELD_UNCERTAINTY
af153b944263b380d237448f038c06e668c2b477f9ba9e7028bd0a75b66b6e27,CLOSEPACKING,4324,hadron_count,normalized_yield,per_event,0x1.6b791fd181926p-8,AVAILABLE,AVAILABLE
43b696f5e358464ae829f55ef45ff7393e0d6af631389f936cf94941bc9f3984,JUNCTIONS,4324,hadron_count,normalized_yield,per_event,0x1.f3a98574f473bp-11,AVAILABLE,AVAILABLE
f11602cf531c611904e60baf4041813ce18620d17bc567c53257702a147b3800,MONASH,4324,hadron_count,normalized_yield,per_event,0x1.1354709a9cceep-11,AVAILABLE,AVAILABLE
73ca3e72fec5ed5537ba8e09527c6af40f7e545d85ee608a26565263058cf021,CLOSEPACKING,4324,hadron_count,raw_count,count,0x1.0ecf000000000p+19,AVAILABLE,WITHHELD_UNCERTAINTY
51be454a0cd5e12039538c5c37a27f6abac26a45ed72cd39563dcd8316b74cec,JUNCTIONS,4324,hadron_count,raw_count,count,0x1.7447000000000p+16,AVAILABLE,WITHHELD_UNCERTAINTY
a07e30a0bfc924510626bdbf0759791f3bec3b8eb0ffb57945aa32080f815414,MONASH,4324,hadron_count,raw_count,count,0x1.9a46000000000p+15,AVAILABLE,WITHHELD_UNCERTAINTY
89774fd5624261da4dcf0f0f900d5248d615ebdd381b192738ee2a21afdfb39b,CLOSEPACKING,4324,hadron_count,raw_weighted_sum,weighted_count,0x1.0ecf000000000p+19,AVAILABLE,WITHHELD_UNCERTAINTY
7bfd84a4b637476748f76826ab525cf1fd5d9d466108dcb66e215da8fb090a75,JUNCTIONS,4324,hadron_count,raw_weighted_sum,weighted_count,0x1.7447000000000p+16,AVAILABLE,WITHHELD_UNCERTAINTY
3842fe09b657e779f3e5549827d884d3cbbcc46a60bc286f1c2926e154e79df4,MONASH,4324,hadron_count,raw_weighted_sum,weighted_count,0x1.9a46000000000p+15,AVAILABLE,WITHHELD_UNCERTAINTY
c26ddcb0eabec75545b28425c96bac6e30890c8e0bd78f86017b1b5f7a772115,CLOSEPACKING,433,beauty_plus_antibeauty_constituent_count,raw_count,count,0x0.0p+0,AVAILABLE,WITHHELD_UNCERTAINTY
31e86f1ac9dbd00ce651ce5e2e95156aa9b5980dd3cd3fe8495e6a85b079f5e6,JUNCTIONS,433,beauty_plus_antibeauty_constituent_count,raw_count,count,0x0.0p+0,AVAILABLE,WITHHELD_UNCERTAINTY
299e178ac9429d8005be846a3cf582a4c5e4a271b8c5f2999cc1bb4d607e6840,MONASH,433,beauty_plus_antibeauty_constituent_count,raw_count,count,0x0.0p+0,AVAILABLE,WITHHELD_UNCERTAINTY
90ff45462cd09e635a719384fc79999877583515038f72a35ae5745dfffb4597,CLOSEPACKING,433,beauty_plus_antibeauty_constituent_count,raw_weighted_sum,weighted_count,0x0.0p+0,AVAILABLE,WITHHELD_UNCERTAINTY
96f1b27ab7fdd908f9b0c76c0ff9447542aa0577e117b41728a4a630a8b5b64e,JUNCTIONS,433,beauty_plus_antibeauty_constituent_count,raw_weighted_sum,weighted_count,0x0.0p+0,AVAILABLE,WITHHELD_UNCERTAINTY
3d2bc677d53bfa5f160cf5fbd618fdd41d6fcab3973411b3362aa73ab558c736,MONASH,433,beauty_plus_antibeauty_constituent_count,raw_weighted_sum,weighted_count,0x0.0p+0,AVAILABLE,WITHHELD_UNCERTAINTY
9815fdb027f20c7e6b30ad412c118a6554249b2c5bf62a0737819310f5931287,CLOSEPACKING,433,charm_plus_anticharm_constituent_count,raw_count,count,0x1.e464e80000000p+21,AVAILABLE,WITHHELD_UNCERTAINTY
739b68f143b715aeaaebc35898e799976b0db9b658e725d7a99370363e71cb77,JUNCTIONS,433,charm_plus_anticharm_constituent_count,raw_count,count,0x1.a204c80000000p+21,AVAILABLE,WITHHELD_UNCERTAINTY
22f7dc5ebd1433fefb8d008fb3a7527a654da2431b31e94163aa273805f54b69,MONASH,433,charm_plus_anticharm_constituent_count,raw_count,count,0x1.0b519c0000000p+22,AVAILABLE,WITHHELD_UNCERTAINTY
a1e123357bfc49d8301cb95cdb22c7c78dc8f43c8492329ca014aacb8b9d97b5,CLOSEPACKING,433,charm_plus_anticharm_constituent_count,raw_weighted_sum,weighted_count,0x1.e464e80000000p+21,AVAILABLE,WITHHELD_UNCERTAINTY
d842985922103e1f978554595114213422d169ae644efec7754f94b49078cb4f,JUNCTIONS,433,charm_plus_anticharm_constituent_count,raw_weighted_sum,weighted_count,0x1.a204c80000000p+21,AVAILABLE,WITHHELD_UNCERTAINTY
2d9cff00bf57104d1c85e087fad6fc2a9dcb0f23ba46e2155125590c020f5f37,MONASH,433,charm_plus_anticharm_constituent_count,raw_weighted_sum,weighted_count,0x1.0b519c0000000p+22,AVAILABLE,WITHHELD_UNCERTAINTY
6b8313bfd9d2548ca9752908a9afa5931150af9a83ff6d48dc3581959ca9fcf5,CLOSEPACKING,433,hadron_count,normalized_yield,per_event,0x1.451248aced088p-5,AVAILABLE,AVAILABLE
fa971b4bba5728ad78eb5a1bca66931f30fa1590eccec7e45774450cb4cde33f,JUNCTIONS,433,hadron_count,normalized_yield,per_event,0x1.18870fd433737p-5,AVAILABLE,AVAILABLE
5fcd441c2fc0a4acb887171fe0b3c191dc91239dad0419b9f2cd5562020fad65,MONASH,433,hadron_count,normalized_yield,per_event,0x1.66ca092314572p-5,AVAILABLE,AVAILABLE
f61c47e5e37f6e5519e844651e15b352148efdcf6dea6fb944b1389f08e1eaed,CLOSEPACKING,433,hadron_count,raw_count,count,0x1.e464e80000000p+21,AVAILABLE,WITHHELD_UNCERTAINTY
f0f4ec85dbba623dbd099badb4f1d55ed31241b5596f00aaaa05c651b14ab0c5,JUNCTIONS,433,hadron_count,raw_count,count,0x1.a204c80000000p+21,AVAILABLE,WITHHELD_UNCERTAINTY
9a1d40fe62739e6dc6786a6c2482cae86b2f3c66877cd51a5eeea1b080d12a44,MONASH,433,hadron_count,raw_count,count,0x1.0b519c0000000p+22,AVAILABLE,WITHHELD_UNCERTAINTY
646b5b84d9a207aefd6a5be7069f7ca07350c120e54a9ab5a49e8609d95d296e,CLOSEPACKING,433,hadron_count,raw_weighted_sum,weighted_count,0x1.e464e80000000p+21,AVAILABLE,WITHHELD_UNCERTAINTY
91fa14bbaf89314546352c7ae7c9d446a107a394f34f35efd11628bebf8f3d9c,JUNCTIONS,433,hadron_count,raw_weighted_sum,weighted_count,0x1.a204c80000000p+21,AVAILABLE,WITHHELD_UNCERTAINTY
6d21eb6842d8bb456e20bc53971184b28a7fe8e83a076511ea6baa52e29fb98f,MONASH,433,hadron_count,raw_weighted_sum,weighted_count,0x1.0b519c0000000p+22,AVAILABLE,WITHHELD_UNCERTAINTY
884e1fb8e15d1ff36f47780472ee3373653f7705e64719b24daf2ecd35221492,CLOSEPACKING,4332,beauty_plus_antibeauty_constituent_count,raw_count,count,0x0.0p+0,AVAILABLE,WITHHELD_UNCERTAINTY
6484fa4300098cd8f2046af18b2e9259a9ab32a9a657465422e3e17fe3429abf,JUNCTIONS,4332,beauty_plus_antibeauty_constituent_count,raw_count,count,0x0.0p+0,AVAILABLE,WITHHELD_UNCERTAINTY
20b2382bb5cf86d1cb85d3445d5c8bac376bf4db495d205b1150eddb6fe87803,MONASH,4332,beauty_plus_antibeauty_constituent_count,raw_count,count,0x0.0p+0,AVAILABLE,WITHHELD_UNCERTAINTY
65f2b75cc987ee269954530f969e23ab8f0e9a1806453b6db986b8ed7e389cf5,CLOSEPACKING,4332,beauty_plus_antibeauty_constituent_count,raw_weighted_sum,weighted_count,0x0.0p+0,AVAILABLE,WITHHELD_UNCERTAINTY
a2649e7064a779117f12816a52bd766f3aea36546d6b3cbf0a5d8a288993cc61,JUNCTIONS,4332,beauty_plus_antibeauty_constituent_count,raw_weighted_sum,weighted_count,0x0.0p+0,AVAILABLE,WITHHELD_UNCERTAINTY
c2c27cc940fe0471d163bf6b4fc7db38468430cadaeac6f55f6990a25bad58d9,MONASH,4332,beauty_plus_antibeauty_constituent_count,raw_weighted_sum,weighted_count,0x0.0p+0,AVAILABLE,WITHHELD_UNCERTAINTY
2a38111f46df9bb79a5fc482e5bd8afe9292066ac6169bcc5289638ecfd341bd,CLOSEPACKING,4332,charm_plus_anticharm_constituent_count,raw_count,count,0x1.6c59000000000p+17,AVAILABLE,WITHHELD_UNCERTAINTY
3c4ff17fb2ab10a4e0f30c8dc0503ddd146f22cbea09e477946fa7f89ec68b58,JUNCTIONS,4332,charm_plus_anticharm_constituent_count,raw_count,count,0x1.4886000000000p+17,AVAILABLE,WITHHELD_UNCERTAINTY
59a374074d893bf5ca3e057ecdecdfbb66e163ec11c8d01e488e8be36d54604d,MONASH,4332,charm_plus_anticharm_constituent_count,raw_count,count,0x1.2890000000000p+12,AVAILABLE,WITHHELD_UNCERTAINTY
4df1bdd0d90cfda28fd0f1c77583d5b0e0d7f4871fce448e5d9e41a7e3d23856,CLOSEPACKING,4332,charm_plus_anticharm_constituent_count,raw_weighted_sum,weighted_count,0x1.6c59000000000p+17,AVAILABLE,WITHHELD_UNCERTAINTY
6aef5d9b456994557579be1acd544c4e5eb9849fd66e2e2e84db9652c51ded67,JUNCTIONS,4332,charm_plus_anticharm_constituent_count,raw_weighted_sum,weighted_count,0x1.4886000000000p+17,AVAILABLE,WITHHELD_UNCERTAINTY
5bfdfc9768fe95d3d5981e3687eb7ca71ac82b26170a709bce0b27e200f00dc3,MONASH,4332,charm_plus_anticharm_constituent_count,raw_weighted_sum,weighted_count,0x1.2890000000000p+12,AVAILABLE,WITHHELD_UNCERTAINTY
89ff7a86d5c00a26438b47ff2bc0ed92642e5aa9292f1df884f211c52bce8739,CLOSEPACKING,4332,hadron_count,normalized_yield,per_event,0x1.e904e6c49aa43p-10,AVAILABLE,AVAILABLE
12c20048a0f46828ff94657710b3416e91b52f4f59bfdb2dad0c1bb7df9876d7,JUNCTIONS,4332,hadron_count,normalized_yield,per_event,0x1.b8efcb2989914p-10,AVAILABLE,AVAILABLE
65e732b5dd92aeae421e4c14cf297696b6481f5c4b565c8540afd2b7115d6faf,MONASH,4332,hadron_count,normalized_yield,per_event,0x1.8e0a195e75d72p-15,AVAILABLE,AVAILABLE
1f5f52ff786ee5e9fa75aada1e7edadd329a13125971bb394416011a5811c93c,CLOSEPACKING,4332,hadron_count,raw_count,count,0x1.6c59000000000p+17,AVAILABLE,WITHHELD_UNCERTAINTY
f0cee702f279e161b746be9061ec2551476b572e4331035aba548f5fbec1bab8,JUNCTIONS,4332,hadron_count,raw_count,count,0x1.4886000000000p+17,AVAILABLE,WITHHELD_UNCERTAINTY
753bca0eb2df611677a5ec4f3611578868a2f85366eed32529e661bedc437606,MONASH,4332,hadron_count,raw_count,count,0x1.2890000000000p+12,AVAILABLE,WITHHELD_UNCERTAINTY
68d3122e2d333ec433ad8582d176fd7f72727b06286d7bb5e217a05490cd4a28,CLOSEPACKING,4332,hadron_count,raw_weighted_sum,weighted_count,0x1.6c59000000000p+17,AVAILABLE,WITHHELD_UNCERTAINTY
34784b99ee46ccccd101a7f660a5d33e079166a293da29245e8e87912548d214,JUNCTIONS,4332,hadron_count,raw_weighted_sum,weighted_count,0x1.4886000000000p+17,AVAILABLE,WITHHELD_UNCERTAINTY
9cda3952732e4b7eea9f93123d759639c4c2e2f5fe09df95c8ee4f0aced86197,MONASH,4332,hadron_count,raw_weighted_sum,weighted_count,0x1.2890000000000p+12,AVAILABLE,WITHHELD_UNCERTAINTY
7709ad139a7fd4d2ffe81bd63919b279dcde85bd2f6121c05c5cfb7596bbea32,CLOSEPACKING,4334,beauty_plus_antibeauty_constituent_count,raw_count,count,0x0.0p+0,AVAILABLE,WITHHELD_UNCERTAINTY
26d9c45fbfdaf68910f89e1ae8be47bce64493167cabc3c6b5d88bde549e0e5e,JUNCTIONS,4334,beauty_plus_antibeauty_constituent_count,raw_count,count,0x0.0p+0,AVAILABLE,WITHHELD_UNCERTAINTY
c8ec8e633831de4ac73b2e66c5a853195108f7a563468bf3e0c37e52a68905a3,MONASH,4334,beauty_plus_antibeauty_constituent_count,raw_count,count,0x0.0p+0,AVAILABLE,WITHHELD_UNCERTAINTY
6c1e60fc771acb5ac1c94ca0ded5563000d58345b07d5d3e8e0005d41b18a727,CLOSEPACKING,4334,beauty_plus_antibeauty_constituent_count,raw_weighted_sum,weighted_count,0x0.0p+0,AVAILABLE,WITHHELD_UNCERTAINTY
31ff0e6b3724aaecb15e0fb04abddd4071cd88f154bb3ed5e24088a4153061aa,JUNCTIONS,4334,beauty_plus_antibeauty_constituent_count,raw_weighted_sum,weighted_count,0x0.0p+0,AVAILABLE,WITHHELD_UNCERTAINTY
3719662555e6004ace1b4a1dcee8987501c0587d420b27224129677760b57044,MONASH,4334,beauty_plus_antibeauty_constituent_count,raw_weighted_sum,weighted_count,0x0.0p+0,AVAILABLE,WITHHELD_UNCERTAINTY
ddf9c8ed63da82b68c63d91627b21d5047f4185ab3a53c6a52619dfcf64179e0,CLOSEPACKING,4334,charm_plus_anticharm_constituent_count,raw_count,count,0x1.4e11800000000p+17,AVAILABLE,WITHHELD_UNCERTAINTY
9f16f05cdf54dc903e06aa53191de38493bb99d8b95053de505a5a4691838ad6,JUNCTIONS,4334,charm_plus_anticharm_constituent_count,raw_count,count,0x1.248c000000000p+14,AVAILABLE,WITHHELD_UNCERTAINTY
d6a15c94f86f6d263bbcd76c9e8600c7ee92312bb4bb7ec99c476d625b70dff9,MONASH,4334,charm_plus_anticharm_constituent_count,raw_count,count,0x1.0940000000000p+13,AVAILABLE,WITHHELD_UNCERTAINTY
07d20d6c87eccff128092e6c8270e505f7e73fdca25f26ec20bfb46c08040b80,CLOSEPACKING,4334,charm_plus_anticharm_constituent_count,raw_weighted_sum,weighted_count,0x1.4e11800000000p+17,AVAILABLE,WITHHELD_UNCERTAINTY
5f63100697907dbbec9e451aaaf8088bf6bb71983ba6e67cb28d869a58b9a004,JUNCTIONS,4334,charm_plus_anticharm_constituent_count,raw_weighted_sum,weighted_count,0x1.248c000000000p+14,AVAILABLE,WITHHELD_UNCERTAINTY
400a20ab0022b4562bcc5fbb0f258c863dbbf91c1fe1e22efb4c65525c10e842,MONASH,4334,charm_plus_anticharm_constituent_count,raw_weighted_sum,weighted_count,0x1.0940000000000p+13,AVAILABLE,WITHHELD_UNCERTAINTY
c427ed1174006682d0c4de819f43da274d3a1b51fc7e9d1caf7823eb67743674,CLOSEPACKING,4334,hadron_count,normalized_yield,per_event,0x1.c06103a5fcd45p-10,AVAILABLE,AVAILABLE
de113497f57cde40809ba53965182498c2c55c5bb36a9fad28b23e9eec5f2b3f,JUNCTIONS,4334,hadron_count,normalized_yield,per_event,0x1.88a657423127fp-13,AVAILABLE,AVAILABLE
4c6c8b6ab229c21aa292f4210bc58ee292000a5c75465e453b0813aedde6d3dc,MONASH,4334,hadron_count,normalized_yield,per_event,0x1.640334bdccd4bp-14,AVAILABLE,AVAILABLE
57ee75e5b53b61a0c70cb85cde6f3fa3f6435fd3e53a8cc8570cd13e1efcf370,CLOSEPACKING,4334,hadron_count,raw_count,count,0x1.4e11800000000p+17,AVAILABLE,WITHHELD_UNCERTAINTY
1dc4e43a68ebcb1f946cdc8a1bce9d70d8b8108d27be639679ac6a8ccc917a13,JUNCTIONS,4334,hadron_count,raw_count,count,0x1.248c000000000p+14,AVAILABLE,WITHHELD_UNCERTAINTY
4f19b31c00291552a51517863e13d43bb310200770a92b2651c4c317bbe2143d,MONASH,4334,hadron_count,raw_count,count,0x1.0940000000000p+13,AVAILABLE,WITHHELD_UNCERTAINTY
631fc5ba0c80b2395a36c8251069b3bd4da1e1ae6e92c2771a52106a8358585e,CLOSEPACKING,4334,hadron_count,raw_weighted_sum,weighted_count,0x1.4e11800000000p+17,AVAILABLE,WITHHELD_UNCERTAINTY
e8df83db96c21c61bf912082bf352f32f962cab908170db88bb70d4515f4dd46,JUNCTIONS,4334,hadron_count,raw_weighted_sum,weighted_count,0x1.248c000000000p+14,AVAILABLE,WITHHELD_UNCERTAINTY
75e92374d562251f02a71dc04a632c2ceb94d0a797e6de36d6d86f855722bb09,MONASH,4334,hadron_count,raw_weighted_sum,weighted_count,0x1.0940000000000p+13,AVAILABLE,WITHHELD_UNCERTAINTY
5d4e8b4db064bf5327837b704e4266dd8d135683a05045d0801b24633462a6f4,CLOSEPACKING,441,beauty_plus_antibeauty_constituent_count,raw_count,count,0x0.0p+0,AVAILABLE,WITHHELD_UNCERTAINTY
29d2fbd7c48f73685af2f92da5d895af8d42b63c1b92c5fd63e92f7136f7d42d,JUNCTIONS,441,beauty_plus_antibeauty_constituent_count,raw_count,count,0x0.0p+0,AVAILABLE,WITHHELD_UNCERTAINTY
d9443789a0518150131d29ee69af3f5d6e6b9d16171b7a898a1c688649bc1954,MONASH,441,beauty_plus_antibeauty_constituent_count,raw_count,count,0x0.0p+0,AVAILABLE,WITHHELD_UNCERTAINTY
ed854c988773c12965641e0c83ab66979060614f9169658db2adb5d6b2c78b4a,CLOSEPACKING,441,beauty_plus_antibeauty_constituent_count,raw_weighted_sum,weighted_count,0x0.0p+0,AVAILABLE,WITHHELD_UNCERTAINTY
2c77b6b5fe190f9ada67f28ca83261559143631afae5b9f38753c7ecd3ce6f86,JUNCTIONS,441,beauty_plus_antibeauty_constituent_count,raw_weighted_sum,weighted_count,0x0.0p+0,AVAILABLE,WITHHELD_UNCERTAINTY
942aa1cc6abd522fa159595fcbb2a155cb762321531e9db8bcc54a478c04ee7e,MONASH,441,beauty_plus_antibeauty_constituent_count,raw_weighted_sum,weighted_count,0x0.0p+0,AVAILABLE,WITHHELD_UNCERTAINTY
f2b2519fa8b09e2e8745e93aa1ca4e2f46f927d190b8b5d7e0674d5749c9f7e2,CLOSEPACKING,441,charm_plus_anticharm_constituent_count,raw_count,count,0x1.8426000000000p+16,AVAILABLE,WITHHELD_UNCERTAINTY
91f7e25ab094e1d7f63078b45b7fe6c638b9289b024312ee4b3e759ac7641114,JUNCTIONS,441,charm_plus_anticharm_constituent_count,raw_count,count,0x1.a428000000000p+16,AVAILABLE,WITHHELD_UNCERTAINTY
d594f45f4701caaac728515b87c99a4f834ee4e471a199c8153f49c45a2f6f63,MONASH,441,charm_plus_anticharm_constituent_count,raw_count,count,0x1.3a7e000000000p+16,AVAILABLE,WITHHELD_UNCERTAINTY
3abda0a4ffe2d08d727429f1366cbc50ff70118e3de7beb55dff678a64c680d7,CLOSEPACKING,441,charm_plus_anticharm_constituent_count,raw_weighted_sum,weighted_count,0x1.8426000000000p+16,AVAILABLE,WITHHELD_UNCERTAINTY
6f4eeb883fc716af4a6b9c3d418ef694fdc11dc091a0d6185c0e06e5ec883d66,JUNCTIONS,441,charm_plus_anticharm_constituent_count,raw_weighted_sum,weighted_count,0x1.a428000000000p+16,AVAILABLE,WITHHELD_UNCERTAINTY
14a9710f42c14ecc571d66cfeff525a29514c54f7ec1f40b71d98803e0d8dcf0,MONASH,441,charm_plus_anticharm_constituent_count,raw_weighted_sum,weighted_count,0x1.3a7e000000000p+16,AVAILABLE,WITHHELD_UNCERTAINTY
27641c51ffc9a9332a4bbb0d3bda2d30dc7a0ee07a6cfca290a6f070e63c4183,CLOSEPACKING,441,hadron_count,normalized_yield,per_event,0x1.047b64d0393dep-11,AVAILABLE,AVAILABLE
9cc5be5fa24ce4a44f3a144629f142cc41859776d5e449d3566a137dea7f615e,JUNCTIONS,441,hadron_count,normalized_yield,per_event,0x1.19f64b4b57ed2p-11,AVAILABLE,AVAILABLE
18a052fa0dfbaba86fbcaa8e02765b1a08721a121918f0ad44165eb9af44df62,MONASH,441,hadron_count,normalized_yield,per_event,0x1.a61ab15c2dfe4p-12,AVAILABLE,AVAILABLE
5c0d234ae2fea936a3c87a43876915cc0224a4dcc87f148cd6d7ad94ff249fd2,CLOSEPACKING,441,hadron_count,raw_count,count,0x1.8426000000000p+15,AVAILABLE,WITHHELD_UNCERTAINTY
e95cf0de29c5fa29ffe324a22982a81c2bc9c6ae37141a300085d3a7f2fa6d08,JUNCTIONS,441,hadron_count,raw_count,count,0x1.a428000000000p+15,AVAILABLE,WITHHELD_UNCERTAINTY
d3cc7516fcc68183b5efecf8ac1c26e9da8c3573871dacc2940a0b662b73e4a1,MONASH,441,hadron_count,raw_count,count,0x1.3a7e000000000p+15,AVAILABLE,WITHHELD_UNCERTAINTY
67946da99508eb1799247f0cfed7357c65f057ee3b83c50a2c85a1e1fff83300,CLOSEPACKING,441,hadron_count,raw_weighted_sum,weighted_count,0x1.8426000000000p+15,AVAILABLE,WITHHELD_UNCERTAINTY
ff5a6b4c4a527715f2099b815048c5765fa843d668daca6c3423ddccdce5810b,JUNCTIONS,441,hadron_count,raw_weighted_sum,weighted_count,0x1.a428000000000p+15,AVAILABLE,WITHHELD_UNCERTAINTY
93808434ff520287457fa126abf5dbbb2b0dd1e2bb2e6fde5d4c5b06337f5ec1,MONASH,441,hadron_count,raw_weighted_sum,weighted_count,0x1.3a7e000000000p+15,AVAILABLE,WITHHELD_UNCERTAINTY
d63cb76bfb6eed4c48fdd75bb0a89915d74a6734fcbdde83823fb57079ee3106,CLOSEPACKING,4412,beauty_plus_antibeauty_constituent_count,raw_count,count,0x0.0p+0,AVAILABLE,WITHHELD_UNCERTAINTY
700e8b9725be846d9188769b630cf4c95696f94735f9d0c7ed9a564dfe8ccb30,JUNCTIONS,4412,beauty_plus_antibeauty_constituent_count,raw_count,count,0x0.0p+0,AVAILABLE,WITHHELD_UNCERTAINTY
6549b3bf8707edf10cc863980e013b13cc6dc8205f7c7875458e9736bcf89380,MONASH,4412,beauty_plus_antibeauty_constituent_count,raw_count,count,0x0.0p+0,AVAILABLE,WITHHELD_UNCERTAINTY
c1556e729015bad6ef01ae7c7f1288513a9aa7b3be1302639dd9827c8530c7de,CLOSEPACKING,4412,beauty_plus_antibeauty_constituent_count,raw_weighted_sum,weighted_count,0x0.0p+0,AVAILABLE,WITHHELD_UNCERTAINTY
f84aae89b7d374bff4ebde0617ac697c72a6b3542b2a50d3db12c3827fd1840f,JUNCTIONS,4412,beauty_plus_antibeauty_constituent_count,raw_weighted_sum,weighted_count,0x0.0p+0,AVAILABLE,WITHHELD_UNCERTAINTY
888a6e02a0c3b45374dc70ec9a7f7fcb1b2d4620932516be35ab49c995ce1ab1,MONASH,4412,beauty_plus_antibeauty_constituent_count,raw_weighted_sum,weighted_count,0x0.0p+0,AVAILABLE,WITHHELD_UNCERTAINTY
e310cddc18437072e239c4ce7559e400dc2a564fae0af6162357529db662ea07,CLOSEPACKING,4412,charm_plus_anticharm_constituent_count,raw_count,count,0x1.ffb0000000000p+13,AVAILABLE,WITHHELD_UNCERTAINTY
336a67766b8a08e7204cfb9efc4d0f9a99527c7b664809054a6c268fdb27095a,JUNCTIONS,4412,charm_plus_anticharm_constituent_count,raw_count,count,0x1.1ad8000000000p+14,AVAILABLE,WITHHELD_UNCERTAINTY
c9b0d6e45f98c0cc61ebd574769611204164a80211b31dfd82e00c65ace8f279,MONASH,4412,charm_plus_anticharm_constituent_count,raw_count,count,0x1.8000000000000p+3,AVAILABLE,WITHHELD_UNCERTAINTY
59ab72a23675619c12302c92ab9c5762f3f76f5ed2e9e668d97f9bd19bb755ea,CLOSEPACKING,4412,charm_plus_anticharm_constituent_count,raw_weighted_sum,weighted_count,0x1.ffb0000000000p+13,AVAILABLE,WITHHELD_UNCERTAINTY
7adcb25c34b3626213c266e0c1fdb5245e37dba26b8e607760efd659d6e79d1b,JUNCTIONS,4412,charm_plus_anticharm_constituent_count,raw_weighted_sum,weighted_count,0x1.1ad8000000000p+14,AVAILABLE,WITHHELD_UNCERTAINTY
56b1a806a946c67a7122e6514f823bcd2c861d2f4ea71fecb3c384099254a309,MONASH,4412,charm_plus_anticharm_constituent_count,raw_weighted_sum,weighted_count,0x1.8000000000000p+3,AVAILABLE,WITHHELD_UNCERTAINTY
65fd6d1e0a8643c6e7f5b65bf22308ace19f46468e829d3af7c93d03e4bc7402,CLOSEPACKING,4412,hadron_count,normalized_yield,per_event,0x1.57633e3dd34a4p-14,AVAILABLE,AVAILABLE
fb8b44c34c5a78e7decc5349c3011d4a54fc21e37a0d3ec68ea00121c9163c82,JUNCTIONS,4412,hadron_count,normalized_yield,per_event,0x1.7ba05f5b8536ep-14,AVAILABLE,AVAILABLE
9209c1b3f7b4d3cdb0f64ce0630175e954b147386397838891208e6b5034f43c,MONASH,4412,hadron_count,normalized_yield,per_event,0x1.01b2b29a4692bp-24,AVAILABLE,AVAILABLE
58bd755afbd2dd72525fa629a156eb6456505109ad430f5ad8291c7d910dbef9,CLOSEPACKING,4412,hadron_count,raw_count,count,0x1.ffb0000000000p+12,AVAILABLE,WITHHELD_UNCERTAINTY
2ec6cb39036ed248e16eca00c478230c2856888e9806012145b17655d798abfa,JUNCTIONS,4412,hadron_count,raw_count,count,0x1.1ad8000000000p+13,AVAILABLE,WITHHELD_UNCERTAINTY
ad27ba6a0f4384b3064033cd9c180d9ec6e7449772544fa600b25315fd7b2e54,MONASH,4412,hadron_count,raw_count,count,0x1.8000000000000p+2,AVAILABLE,WITHHELD_UNCERTAINTY
5d87d926571a5a4e875d142f301ef0bdf096bb4aa32b2ec10e95eaaa7146e1b6,CLOSEPACKING,4412,hadron_count,raw_weighted_sum,weighted_count,0x1.ffb0000000000p+12,AVAILABLE,WITHHELD_UNCERTAINTY
e0dfef2cbdc3f07f7a83752dd60679fbc296729a071404c7306fd68b4201c6e8,JUNCTIONS,4412,hadron_count,raw_weighted_sum,weighted_count,0x1.1ad8000000000p+13,AVAILABLE,WITHHELD_UNCERTAINTY
dd34e3848741e4ec68bc84c7bad64d76ada7905e042064307377af85f02a7725,MONASH,4412,hadron_count,raw_weighted_sum,weighted_count,0x1.8000000000000p+2,AVAILABLE,WITHHELD_UNCERTAINTY
d04a174d0ba5ea2d3d06190de58cbc178ed418581e23360be433e2ec880bf7d2,CLOSEPACKING,4414,beauty_plus_antibeauty_constituent_count,raw_count,count,0x0.0p+0,AVAILABLE,WITHHELD_UNCERTAINTY
358a174e2ea583327b3293583a07ee5b1b6a6e3473c0d764c134432a50748714,JUNCTIONS,4414,beauty_plus_antibeauty_constituent_count,raw_count,count,0x0.0p+0,AVAILABLE,WITHHELD_UNCERTAINTY
92d3c036a4a9112dd1e0aae3007f6421d2e43740db46371929eb8299079ce4df,MONASH,4414,beauty_plus_antibeauty_constituent_count,raw_count,count,0x0.0p+0,AVAILABLE,WITHHELD_UNCERTAINTY
f1f0b40f113ba52382505ff79aa1cc7c7ecd1434cfbfde22d061061259b69fab,CLOSEPACKING,4414,beauty_plus_antibeauty_constituent_count,raw_weighted_sum,weighted_count,0x0.0p+0,AVAILABLE,WITHHELD_UNCERTAINTY
be41e41d7ea921c61fbdfd35e601d1062f53f08ca32dd4b931a255f9baf3031a,JUNCTIONS,4414,beauty_plus_antibeauty_constituent_count,raw_weighted_sum,weighted_count,0x0.0p+0,AVAILABLE,WITHHELD_UNCERTAINTY
eea0dd2887fecd2758b737dfe5ae621fddc52aabd3b251d60291001176f486c3,MONASH,4414,beauty_plus_antibeauty_constituent_count,raw_weighted_sum,weighted_count,0x0.0p+0,AVAILABLE,WITHHELD_UNCERTAINTY
39131aff414d4047f21edf2267979140da000640393fc92bdd5ea8772ba875ff,CLOSEPACKING,4414,charm_plus_anticharm_constituent_count,raw_count,count,0x1.2020000000000p+14,AVAILABLE,WITHHELD_UNCERTAINTY
e47372dfb5360586299909bd3eb988c815335d527103094ee8fb05b29df53438,JUNCTIONS,4414,charm_plus_anticharm_constituent_count,raw_count,count,0x1.32c0000000000p+13,AVAILABLE,WITHHELD_UNCERTAINTY
4f759c7fc1ff28dbbdb3b9606c75ed47511a92fd1e98ae1d0a95ff54fd1aeac8,MONASH,4414,charm_plus_anticharm_constituent_count,raw_count,count,0x1.6000000000000p+4,AVAILABLE,WITHHELD_UNCERTAINTY
6f4d41962c8e0a380fe756df0be0dbcbef8b30c0b1788f1c26cabad976f99e59,CLOSEPACKING,4414,charm_plus_anticharm_constituent_count,raw_weighted_sum,weighted_count,0x1.2020000000000p+14,AVAILABLE,WITHHELD_UNCERTAINTY
8115e166d9c8acd2bddb737f0826d1ad0d2805933882bce37211c3d8f0a16e54,JUNCTIONS,4414,charm_plus_anticharm_constituent_count,raw_weighted_sum,weighted_count,0x1.32c0000000000p+13,AVAILABLE,WITHHELD_UNCERTAINTY
1e104f37ff79b59b0d31391e768bcb1742b248912a1721cd53b9e858aa3e7974,MONASH,4414,charm_plus_anticharm_constituent_count,raw_weighted_sum,weighted_count,0x1.6000000000000p+4,AVAILABLE,WITHHELD_UNCERTAINTY
a861f93e9bff6e5576b993ad323f551b3322211e409e31872991723fc8418a80,CLOSEPACKING,4414,hadron_count,normalized_yield,per_event,0x1.82b6ff052e3d3p-14,AVAILABLE,AVAILABLE
2520127847e73c6fc3b17c1c86073a28a3488f4cd658f5a14aae9bf2569ac104,JUNCTIONS,4414,hadron_count,normalized_yield,per_event,0x1.9bb67f587ac06p-15,AVAILABLE,AVAILABLE
82626385e016325ece8ed13e466923c1505029b33aaeee375e569573a07ae2cf,MONASH,4414,hadron_count,normalized_yield,per_event,0x1.d87247702c0d0p-24,AVAILABLE,AVAILABLE
c5e6c51936956bbf05f3aaf893754221c30fe87b947a9c9e410d70ec438d8062,CLOSEPACKING,4414,hadron_count,raw_count,count,0x1.2020000000000p+13,AVAILABLE,WITHHELD_UNCERTAINTY
e192179807f6c4a741a507bb52cc432ec81170253578908122f0d951834caa45,JUNCTIONS,4414,hadron_count,raw_count,count,0x1.32c0000000000p+12,AVAILABLE,WITHHELD_UNCERTAINTY
efe31c888d7b955541f01c40ac049eaee611d383c2de4aa7fdfe9f0906f0a901,MONASH,4414,hadron_count,raw_count,count,0x1.6000000000000p+3,AVAILABLE,WITHHELD_UNCERTAINTY
e69719aea1850297575f43314c8612cf8475160584a63594664aa20f8db7f22d,CLOSEPACKING,4414,hadron_count,raw_weighted_sum,weighted_count,0x1.2020000000000p+13,AVAILABLE,WITHHELD_UNCERTAINTY
00f00ea416366efced7f66387899164469db8da83b2b2fb8857e031e461a545d,JUNCTIONS,4414,hadron_count,raw_weighted_sum,weighted_count,0x1.32c0000000000p+12,AVAILABLE,WITHHELD_UNCERTAINTY
33a49f8328c8bcb34bb551a7c84bf7636e1ab817e59a8a6c01f152a41172f469,MONASH,4414,hadron_count,raw_weighted_sum,weighted_count,0x1.6000000000000p+3,AVAILABLE,WITHHELD_UNCERTAINTY
1928e15c893ff23ae59bf6c925f591f770eaf8946979162473c3d79f936b59a6,CLOSEPACKING,4422,beauty_plus_antibeauty_constituent_count,raw_count,count,0x0.0p+0,AVAILABLE,WITHHELD_UNCERTAINTY
728b8b8a1bf85bcff5511926cb6ac3434e2f39093d801ccdd3c902038b427177,JUNCTIONS,4422,beauty_plus_antibeauty_constituent_count,raw_count,count,0x0.0p+0,AVAILABLE,WITHHELD_UNCERTAINTY
48217229a4ade0e9aa5560a17608ee5b6318ff917431731f63503f4541fdc250,MONASH,4422,beauty_plus_antibeauty_constituent_count,raw_count,count,0x0.0p+0,AVAILABLE,WITHHELD_UNCERTAINTY
70f38a543834982b0cc326713f86b06736311239da55bbeaddea73071d2f0547,CLOSEPACKING,4422,beauty_plus_antibeauty_constituent_count,raw_weighted_sum,weighted_count,0x0.0p+0,AVAILABLE,WITHHELD_UNCERTAINTY
4b1f0bdc521d229d49939c379b256561f73373ccb28ef4ccdae80ce06711e8b2,JUNCTIONS,4422,beauty_plus_antibeauty_constituent_count,raw_weighted_sum,weighted_count,0x0.0p+0,AVAILABLE,WITHHELD_UNCERTAINTY
270058b538070a817efd0dcf8ba055f1991a2c37d962b488e9442523d36f728b,MONASH,4422,beauty_plus_antibeauty_constituent_count,raw_weighted_sum,weighted_count,0x0.0p+0,AVAILABLE,WITHHELD_UNCERTAINTY
4f0435c3d98db9c0e232198f67dceb6b67856f4fa6c31fef4781f0d43e23e4d4,CLOSEPACKING,4422,charm_plus_anticharm_constituent_count,raw_count,count,0x1.f260000000000p+13,AVAILABLE,WITHHELD_UNCERTAINTY
edf1c9676552403be2f4d4b0f315569200e5cd294ef42060bb32e235a5109f7e,JUNCTIONS,4422,charm_plus_anticharm_constituent_count,raw_count,count,0x1.1e48000000000p+14,AVAILABLE,WITHHELD_UNCERTAINTY
f5702883b5415aadb3462e85ea3b1c30d44d518dfb5c1beed674d595353edf22,MONASH,4422,charm_plus_anticharm_constituent_count,raw_count,count,0x1.8000000000000p+3,AVAILABLE,WITHHELD_UNCERTAINTY
6b57b62a6cb9890080d3a2e78708bfe4708ad875e6418cc91d8a3e01698727f6,CLOSEPACKING,4422,charm_plus_anticharm_constituent_count,raw_weighted_sum,weighted_count,0x1.f260000000000p+13,AVAILABLE,WITHHELD_UNCERTAINTY
ee3da75b1986e66f63ba59ce9806a05bc8ae004388ab19c62ee02b0427d8197b,JUNCTIONS,4422,charm_plus_anticharm_constituent_count,raw_weighted_sum,weighted_count,0x1.1e48000000000p+14,AVAILABLE,WITHHELD_UNCERTAINTY
38d75d70488b514c5bf725c8b1ba9ad33b376181fbc6988bfeaffe96effb9da8,MONASH,4422,charm_plus_anticharm_constituent_count,raw_weighted_sum,weighted_count,0x1.8000000000000p+3,AVAILABLE,WITHHELD_UNCERTAINTY
be70e9b5bdbb76f7d3e16b48ebf92790bea3c0b41c808a5986b3b2d972f6f5b2,CLOSEPACKING,4422,hadron_count,normalized_yield,per_event,0x1.4e742c4cba17fp-14,AVAILABLE,AVAILABLE
3cd64ba679c124127361aefaa393b95fad2cc84ed05d2d97c3c2174687636416,JUNCTIONS,4422,hadron_count,normalized_yield,per_event,0x1.803d7d0e1da50p-14,AVAILABLE,AVAILABLE
f2354e6496a7fb36cae341c9ba0cdf5683c9930e7d2a82d4ad57f8733c55fdfb,MONASH,4422,hadron_count,normalized_yield,per_event,0x1.01b2b29a4692bp-24,AVAILABLE,AVAILABLE
6a932a9237965482ea99368103d221056f59eba578c82a7a1b17f015c1f195f8,CLOSEPACKING,4422,hadron_count,raw_count,count,0x1.f260000000000p+12,AVAILABLE,WITHHELD_UNCERTAINTY
2c737301fa29d8649997e4ee91ee56f4a11e7bc9547ba6abf9ed01c6c043ca6e,JUNCTIONS,4422,hadron_count,raw_count,count,0x1.1e48000000000p+13,AVAILABLE,WITHHELD_UNCERTAINTY
288b698fa2d6c5daa620ab1748ee6f527fa81c259dbda225b828b798de21f3fd,MONASH,4422,hadron_count,raw_count,count,0x1.8000000000000p+2,AVAILABLE,WITHHELD_UNCERTAINTY
93ae62d48c25d3ca2176229d7292561025e5f3b69d139f61fbe9adbf68866354,CLOSEPACKING,4422,hadron_count,raw_weighted_sum,weighted_count,0x1.f260000000000p+12,AVAILABLE,WITHHELD_UNCERTAINTY
19db24165a36ff9446a989ada525315bbe15671a72793a8ac0d90c3e8cddf149,JUNCTIONS,4422,hadron_count,raw_weighted_sum,weighted_count,0x1.1e48000000000p+13,AVAILABLE,WITHHELD_UNCERTAINTY
76ebba34c584703145afc3231375c14c539b071a6b59ca85e3659188d5f25ac4,MONASH,4422,hadron_count,raw_weighted_sum,weighted_count,0x1.8000000000000p+2,AVAILABLE,WITHHELD_UNCERTAINTY
8e078a3aa2ce1020e14f35a728f26e456781bb4afa50978d4837894b8227c3d0,CLOSEPACKING,4424,beauty_plus_antibeauty_constituent_count,raw_count,count,0x0.0p+0,AVAILABLE,WITHHELD_UNCERTAINTY
527af8922599cf7919d482695d86dab534c08d56145f6df17cec8aa870858a42,JUNCTIONS,4424,beauty_plus_antibeauty_constituent_count,raw_count,count,0x0.0p+0,AVAILABLE,WITHHELD_UNCERTAINTY
1498c9f52cbe8a942e1e811b50ec2cd06ff0280e534c2e6bea16105fdba5c60d,MONASH,4424,beauty_plus_antibeauty_constituent_count,raw_count,count,0x0.0p+0,AVAILABLE,WITHHELD_UNCERTAINTY
f852f8e12ab6014878ef92345fcc00726252c3006f2019ce46dbd2b0b366ede0,CLOSEPACKING,4424,beauty_plus_antibeauty_constituent_count,raw_weighted_sum,weighted_count,0x0.0p+0,AVAILABLE,WITHHELD_UNCERTAINTY
e0d1629e108ecb23a6c0c1acd54b7731492c64f0b90e91814995eb8a5d5335cb,JUNCTIONS,4424,beauty_plus_antibeauty_constituent_count,raw_weighted_sum,weighted_count,0x0.0p+0,AVAILABLE,WITHHELD_UNCERTAINTY
2a567a485ef7a2bc73de0ab4ad45ac13f201147a412ca392d1b8ad72d65988a4,MONASH,4424,beauty_plus_antibeauty_constituent_count,raw_weighted_sum,weighted_count,0x0.0p+0,AVAILABLE,WITHHELD_UNCERTAINTY
70ea4e9b5905807f2936dd3e85a931206d01bbdd682bc4fd4754404d0299ff31,CLOSEPACKING,4424,charm_plus_anticharm_constituent_count,raw_count,count,0x1.1cc8000000000p+14,AVAILABLE,WITHHELD_UNCERTAINTY
4c1caa0a9a6c4d0b5e87ff66da3e8d617885611dd5b3a7c9fcdb30a027b00820,JUNCTIONS,4424,charm_plus_anticharm_constituent_count,raw_count,count,0x1.2af0000000000p+13,AVAILABLE,WITHHELD_UNCERTAINTY
40f4753a3902b463436c9382a98b51771c85747009b385b76dbf6cc51459cf7e,MONASH,4424,charm_plus_anticharm_constituent_count,raw_count,count,0x1.c000000000000p+4,AVAILABLE,WITHHELD_UNCERTAINTY
5d167e338af71b81ff9c81288f063df77590df163ed4771f1c1a38a8b6020ea9,CLOSEPACKING,4424,charm_plus_anticharm_constituent_count,raw_weighted_sum,weighted_count,0x1.1cc8000000000p+14,AVAILABLE,WITHHELD_UNCERTAINTY
1a030e2f584eaaa617d99159a719e82ea733a9bab771dcd0a3b07fd75d15f63e,JUNCTIONS,4424,charm_plus_anticharm_constituent_count,raw_weighted_sum,weighted_count,0x1.2af0000000000p+13,AVAILABLE,WITHHELD_UNCERTAINTY
5b2beefad87259a48ea3985ce5caa37c070956aceea78c1863e533362a698146,MONASH,4424,charm_plus_anticharm_constituent_count,raw_weighted_sum,weighted_count,0x1.c000000000000p+4,AVAILABLE,WITHHELD_UNCERTAINTY
daf384dd99c7479285a388a90e8b4c02086b6d5755253dee3ac93409a803ff80,CLOSEPACKING,4424,hadron_count,normalized_yield,per_event,0x1.7e3a17a8e917ep-14,AVAILABLE,AVAILABLE
5e0725ab3a675d4c2426c8480437a9959c8b883a06d6b072eca7f76f2acddc13,JUNCTIONS,4424,hadron_count,normalized_yield,per_event,0x1.913a2494090bfp-15,AVAILABLE,AVAILABLE
c0eab47748a5937b1e0d1c6ee86e57b2498ed46ac4abbaf0c89a6ee18cf78954,MONASH,4424,hadron_count,normalized_yield,per_event,0x1.2ca5d05ea7ab3p-23,AVAILABLE,AVAILABLE
b404fa99d812ee1ac56d382241bfa1057d87893c86309db8c25dd96f4d92c515,CLOSEPACKING,4424,hadron_count,raw_count,count,0x1.1cc8000000000p+13,AVAILABLE,WITHHELD_UNCERTAINTY
15b5a2155bafe33cd7fb43600a002321663870fa1eddec458f5e02c471f82887,JUNCTIONS,4424,hadron_count,raw_count,count,0x1.2af0000000000p+12,AVAILABLE,WITHHELD_UNCERTAINTY
d8682635b3e013a76616a9619bf0032b10b5e6d787df00392493bf299280ad12,MONASH,4424,hadron_count,raw_count,count,0x1.c000000000000p+3,AVAILABLE,WITHHELD_UNCERTAINTY
21017de51ae949c9c4331e6df0c91fc453f3750ded2f5f8ea027566b9adb560e,CLOSEPACKING,4424,hadron_count,raw_weighted_sum,weighted_count,0x1.1cc8000000000p+13,AVAILABLE,WITHHELD_UNCERTAINTY
c82907b994fd604b30f3dc8a7f9996164328117cc4eb6a29fa32dc0cab0a50b2,JUNCTIONS,4424,hadron_count,raw_weighted_sum,weighted_count,0x1.2af0000000000p+12,AVAILABLE,WITHHELD_UNCERTAINTY
c1e4f0b684ac278f4b268460c3036b4fac9229f07f5ac47b970446d5496fb10b,MONASH,4424,hadron_count,raw_weighted_sum,weighted_count,0x1.c000000000000p+3,AVAILABLE,WITHHELD_UNCERTAINTY
cdeec4cb78d53d93cb95d726466a6c4f5bff9cd782b61e2117655977360ed61c,CLOSEPACKING,443,beauty_plus_antibeauty_constituent_count,raw_count,count,0x0.0p+0,AVAILABLE,WITHHELD_UNCERTAINTY
67fd591ca29cca54df9bcad1f54549a8ad04146c75cafb91695223a6b3e32cd2,JUNCTIONS,443,beauty_plus_antibeauty_constituent_count,raw_count,count,0x0.0p+0,AVAILABLE,WITHHELD_UNCERTAINTY
b98353c3ede840b3d54c419b4eb1bd47c9e8f55c9ef6e6b1715268b989825c79,MONASH,443,beauty_plus_antibeauty_constituent_count,raw_count,count,0x0.0p+0,AVAILABLE,WITHHELD_UNCERTAINTY
0f1b9249da3c36994007e300711c9de01c763f37ad0010e13a0984b3c471c7b4,CLOSEPACKING,443,beauty_plus_antibeauty_constituent_count,raw_weighted_sum,weighted_count,0x0.0p+0,AVAILABLE,WITHHELD_UNCERTAINTY
af9ac9ff4afd51dc7de1cfd4617aaef8d944df3c1c52e0ae54c97519e5ba9073,JUNCTIONS,443,beauty_plus_antibeauty_constituent_count,raw_weighted_sum,weighted_count,0x0.0p+0,AVAILABLE,WITHHELD_UNCERTAINTY
200bae2897c70bbcfb94d9842833c78d10caee50794d104804d296f11d010f6f,MONASH,443,beauty_plus_antibeauty_constituent_count,raw_weighted_sum,weighted_count,0x0.0p+0,AVAILABLE,WITHHELD_UNCERTAINTY
e1d78d58c2f35cf156648b9ccb2e3bddcedea235913a50d7532f1cbfc38f7eb2,CLOSEPACKING,443,charm_plus_anticharm_constituent_count,raw_count,count,0x1.6186000000000p+17,AVAILABLE,WITHHELD_UNCERTAINTY
42a09e9df4f0136efabae497e2813e3032aca650b6a595f1e9617854121effe8,JUNCTIONS,443,charm_plus_anticharm_constituent_count,raw_count,count,0x1.7d27000000000p+17,AVAILABLE,WITHHELD_UNCERTAINTY
d870efc0bc6ac1febe6377e4a4cf6f5ed8ddd7f46a64a0f7428cf4435608c75a,MONASH,443,charm_plus_anticharm_constituent_count,raw_count,count,0x1.32fe000000000p+17,AVAILABLE,WITHHELD_UNCERTAINTY
0473d9e48eb108b34978e3d15a7b993d1985b302146bc674162eaaea270ecf6d,CLOSEPACKING,443,charm_plus_anticharm_constituent_count,raw_weighted_sum,weighted_count,0x1.6186000000000p+17,AVAILABLE,WITHHELD_UNCERTAINTY
0a7063775325753c31fa69fbef5e4c5c23fff5092ff60dc046c993a1b495f7dc,JUNCTIONS,443,charm_plus_anticharm_constituent_count,raw_weighted_sum,weighted_count,0x1.7d27000000000p+17,AVAILABLE,WITHHELD_UNCERTAINTY
604ad70f1ac99ca0795167c1b02be2f61170d2cf8512b66d05295780c8c07402,MONASH,443,charm_plus_anticharm_constituent_count,raw_weighted_sum,weighted_count,0x1.32fe000000000p+17,AVAILABLE,WITHHELD_UNCERTAINTY
20868a207835f92e0088db0cd95aae3025a08ae36713ec90bca50ad6495f8a1e,CLOSEPACKING,443,hadron_count,normalized_yield,per_event,0x1.da7dba6af56c5p-11,AVAILABLE,AVAILABLE
b00007294b07cd4245dd3f0278d9dba378f5765ce3f4991f7162fd5d79a0b04d,JUNCTIONS,443,hadron_count,normalized_yield,per_event,0x1.ff92f2b66b617p-11,AVAILABLE,AVAILABLE
0456031643000542fc7fb830a63699909ddafe5efb372107976d2e8353f0dca4,MONASH,443,hadron_count,normalized_yield,per_event,0x1.9c09b662273c8p-11,AVAILABLE,AVAILABLE
09895eca7c6fdcfe17351427c4c01c0254efb234e4fb8f27e1defc78862ad438,CLOSEPACKING,443,hadron_count,raw_count,count,0x1.6186000000000p+16,AVAILABLE,WITHHELD_UNCERTAINTY
68bcc9d535f0afa7080357f377d546dfdf8457e0617478cf99da1627bde64f12,JUNCTIONS,443,hadron_count,raw_count,count,0x1.7d27000000000p+16,AVAILABLE,WITHHELD_UNCERTAINTY
316b2e2f76ffcc6c798c3d388505fc80ab6f0e9e52d9aa0cc3897f7d29159e64,MONASH,443,hadron_count,raw_count,count,0x1.32fe000000000p+16,AVAILABLE,WITHHELD_UNCERTAINTY
d1241c5fe666a2396bbab6a7ba7fcc486306014057cc2ce687c19f0fa94f5087,CLOSEPACKING,443,hadron_count,raw_weighted_sum,weighted_count,0x1.6186000000000p+16,AVAILABLE,WITHHELD_UNCERTAINTY
59ffd5800d5dfc46e7f8c07220b9b374252035989a0a34ad4e7fccf1a7a962d0,JUNCTIONS,443,hadron_count,raw_weighted_sum,weighted_count,0x1.7d27000000000p+16,AVAILABLE,WITHHELD_UNCERTAINTY
d0bf2647262757d80a6bd13b3ad99a20879226698ecc314d227875726c8c2870,MONASH,443,hadron_count,raw_weighted_sum,weighted_count,0x1.32fe000000000p+16,AVAILABLE,WITHHELD_UNCERTAINTY
71e6bd2479eea6cd242088b6816f1c9e268fbfc2388830bdb968d7fb3be567d3,CLOSEPACKING,4432,beauty_plus_antibeauty_constituent_count,raw_count,count,0x0.0p+0,AVAILABLE,WITHHELD_UNCERTAINTY
b0fced1bf76ff68bfc7982e49c3e68e4b91824140785a1990341e61d0446732d,JUNCTIONS,4432,beauty_plus_antibeauty_constituent_count,raw_count,count,0x0.0p+0,AVAILABLE,WITHHELD_UNCERTAINTY
d6cc90bf1f3242d3f337d3692de5028f9f5888e374e44305ae9be0917616376a,MONASH,4432,beauty_plus_antibeauty_constituent_count,raw_count,count,0x0.0p+0,AVAILABLE,WITHHELD_UNCERTAINTY
6cbb465680745972424fbb4e7a823ead06fd9f5030889f93dcaca01bf25601a8,CLOSEPACKING,4432,beauty_plus_antibeauty_constituent_count,raw_weighted_sum,weighted_count,0x0.0p+0,AVAILABLE,WITHHELD_UNCERTAINTY
cad84497b4b751531b00881f06d621017f1517ba0cae2b9caf8f5bb4060d81ee,JUNCTIONS,4432,beauty_plus_antibeauty_constituent_count,raw_weighted_sum,weighted_count,0x0.0p+0,AVAILABLE,WITHHELD_UNCERTAINTY
3ddad0fbbd891ea7f6bcfbd13177c204752545d1c8f3505f9647634635eaea8b,MONASH,4432,beauty_plus_antibeauty_constituent_count,raw_weighted_sum,weighted_count,0x0.0p+0,AVAILABLE,WITHHELD_UNCERTAINTY
384a8a656d8ed40aa477d69a9382e08f7fc76e75d39ed6e0675a3fd4bd460276,CLOSEPACKING,4432,charm_plus_anticharm_constituent_count,raw_count,count,0x1.8b00000000000p+11,AVAILABLE,WITHHELD_UNCERTAINTY
36d1f307a0b4034ae29517c4034d1363894b43a90600af8e470b7f4f967f3e75,JUNCTIONS,4432,charm_plus_anticharm_constituent_count,raw_count,count,0x1.c0c0000000000p+11,AVAILABLE,WITHHELD_UNCERTAINTY
9c159f046cd2c310338c3235859ceeb810d5fade92dc745ed3b05d68d5e692ab,MONASH,4432,charm_plus_anticharm_constituent_count,raw_count,count,0x0.0p+0,AVAILABLE,WITHHELD_UNCERTAINTY
64f6d9513b9d1f21814330bb9d50c4465ea11a707b2ed9a3a8d32d2cd30cfce1,CLOSEPACKING,4432,charm_plus_anticharm_constituent_count,raw_weighted_sum,weighted_count,0x1.8b00000000000p+11,AVAILABLE,WITHHELD_UNCERTAINTY
f348f3d0e9fe122554cae049c873c5d41a7eb85aa1552f1c53e2a32b3872e6b4,JUNCTIONS,4432,charm_plus_anticharm_constituent_count,raw_weighted_sum,weighted_count,0x1.c0c0000000000p+11,AVAILABLE,WITHHELD_UNCERTAINTY
1e9ac87df8b1803e054372118bc67cac6d0b60ce97bd7592edf90c421b12543b,MONASH,4432,charm_plus_anticharm_constituent_count,raw_weighted_sum,weighted_count,0x0.0p+0,AVAILABLE,WITHHELD_UNCERTAINTY
e6863c7eb4b956d1ecc360b3c11193617de25949a52c3b31864f1f36be018eb3,CLOSEPACKING,4432,hadron_count,normalized_yield,per_event,0x1.09147bb80742fp-16,AVAILABLE,AVAILABLE
a2caabd1ec0f8527754675f777bbc112b3a58ba24b31ecd74cd57090c7c19e7e,JUNCTIONS,4432,hadron_count,normalized_yield,per_event,0x1.2d26a9b7f4ce7p-16,AVAILABLE,AVAILABLE
c8f25d57ecef3bdb492544e93b9d1ab26386d18763fdee566d0fcebaab57de34,MONASH,4432,hadron_count,normalized_yield,per_event,0x0.0p+0,AVAILABLE,AVAILABLE_ZERO_DISPERSION
74a6f5bcfbe9685c1b4ccec7ce8e0a4a1d18bf058b0b141e8e1ec2e0ad340dcc,CLOSEPACKING,4432,hadron_count,raw_count,count,0x1.8b00000000000p+10,AVAILABLE,WITHHELD_UNCERTAINTY
f5f3d2cbb9d5443a66d8a0705a0e83d1ff2421017b2013367747bbee9c56c75d,JUNCTIONS,4432,hadron_count,raw_count,count,0x1.c0c0000000000p+10,AVAILABLE,WITHHELD_UNCERTAINTY
7e314286fd3fdf1b9be3fa97a1e74f8d35bc7e68fddba908de968e3a2d147d52,MONASH,4432,hadron_count,raw_count,count,0x0.0p+0,AVAILABLE,WITHHELD_UNCERTAINTY
3960324c5cac4ea3b2f40db663a4aa9b9cc45ac141bfdb80144c864ab52e804c,CLOSEPACKING,4432,hadron_count,raw_weighted_sum,weighted_count,0x1.8b00000000000p+10,AVAILABLE,WITHHELD_UNCERTAINTY
343423f22f1c513f83c511d1851d24061f2134cd00cad543f69417a05785ff05,JUNCTIONS,4432,hadron_count,raw_weighted_sum,weighted_count,0x1.c0c0000000000p+10,AVAILABLE,WITHHELD_UNCERTAINTY
0047ad4e05b0e0b434181ad2eb351f767982dec246218f4168b8ff22a6ab2b4f,MONASH,4432,hadron_count,raw_weighted_sum,weighted_count,0x0.0p+0,AVAILABLE,WITHHELD_UNCERTAINTY
6bea7aadd41e94e759f14b4ae568a57d2980504d9251b28bf04ed15635a176d4,CLOSEPACKING,4434,beauty_plus_antibeauty_constituent_count,raw_count,count,0x0.0p+0,AVAILABLE,WITHHELD_UNCERTAINTY
a73f15cb147844d82def102e479854b08f0cb8014b8ebdcb933e2285734b08e5,JUNCTIONS,4434,beauty_plus_antibeauty_constituent_count,raw_count,count,0x0.0p+0,AVAILABLE,WITHHELD_UNCERTAINTY
515dda40ce9652759718eed9e87370317bd1f8a72cad2d7d6e09cda89c289639,MONASH,4434,beauty_plus_antibeauty_constituent_count,raw_count,count,0x0.0p+0,AVAILABLE,WITHHELD_UNCERTAINTY
d9ec4b160322d57f2a186f5119baad628065c88af4579af74df220ec3ddd8f2c,CLOSEPACKING,4434,beauty_plus_antibeauty_constituent_count,raw_weighted_sum,weighted_count,0x0.0p+0,AVAILABLE,WITHHELD_UNCERTAINTY
6f764bc682bede5f4b2b35b98ce44d9245ac97a2f39e326311bf984274a1e60e,JUNCTIONS,4434,beauty_plus_antibeauty_constituent_count,raw_weighted_sum,weighted_count,0x0.0p+0,AVAILABLE,WITHHELD_UNCERTAINTY
964ebb9e094bce30b67c45484e7fc9d8ee27d31f3141fa923ddb6dfbaa101e7c,MONASH,4434,beauty_plus_antibeauty_constituent_count,raw_weighted_sum,weighted_count,0x0.0p+0,AVAILABLE,WITHHELD_UNCERTAINTY
7ed2d51f1602065096e9b8888c37d3cd879513bf0c6adc5fe3ed4701ea300d6b,CLOSEPACKING,4434,charm_plus_anticharm_constituent_count,raw_count,count,0x1.0200000000000p+12,AVAILABLE,WITHHELD_UNCERTAINTY
89f77d50dddc51f0074ce278b500e3142f813b8f20811513a52d6cbecd7d95f0,JUNCTIONS,4434,charm_plus_anticharm_constituent_count,raw_count,count,0x1.c380000000000p+10,AVAILABLE,WITHHELD_UNCERTAINTY
08d6eeb721ac8cb25240730d8ec60c5c9c918b0d2c33ba9f1652a9a51312e34d,MONASH,4434,charm_plus_anticharm_constituent_count,raw_count,count,0x1.0000000000000p+1,AVAILABLE,WITHHELD_UNCERTAINTY
dac6899be0adb4a143952c3aa91275b0818a1a9a69a6e56d50b9b1ecdbdbb72c,CLOSEPACKING,4434,charm_plus_anticharm_constituent_count,raw_weighted_sum,weighted_count,0x1.0200000000000p+12,AVAILABLE,WITHHELD_UNCERTAINTY
55a5da9a8c9580d5dec2771653f2775828b32223b122e02f1ac5a9f1536b11ee,JUNCTIONS,4434,charm_plus_anticharm_constituent_count,raw_weighted_sum,weighted_count,0x1.c380000000000p+10,AVAILABLE,WITHHELD_UNCERTAINTY
c3f310dfde5c618b0a015d2f88cb8023de50221ee99dfb0277f2805e51c7dfa8,MONASH,4434,charm_plus_anticharm_constituent_count,raw_weighted_sum,weighted_count,0x1.0000000000000p+1,AVAILABLE,WITHHELD_UNCERTAINTY
b8694333854d372142937a7c2576cc8e87a5c7516a14d9ac5163b256ab508c41,CLOSEPACKING,4434,hadron_count,normalized_yield,per_event,0x1.5a481fff4ed52p-16,AVAILABLE,AVAILABLE
87743b7fc18bdbf4652fa7818a109791cf46441e47aa7a76f786db73fb523b33,JUNCTIONS,4434,hadron_count,normalized_yield,per_event,0x1.2eff1bff64fa8p-17,AVAILABLE,AVAILABLE
e2d38fe6fc810736d6d16ac08a0d7d47bc4b36c1be3fdb08de00f4575e4e8efe,MONASH,4434,hadron_count,normalized_yield,per_event,0x1.5798ee2308c3ap-27,AVAILABLE,AVAILABLE
745ecc28438f569e469233a6d184c5e5b9dc9d63f3fc1395b5ad501ab8966e4b,CLOSEPACKING,4434,hadron_count,raw_count,count,0x1.0200000000000p+11,AVAILABLE,WITHHELD_UNCERTAINTY
970dcdea8863f227c41fa14f351fbb7165a853ef4dc88f0f846a8bd8abdedb62,JUNCTIONS,4434,hadron_count,raw_count,count,0x1.c380000000000p+9,AVAILABLE,WITHHELD_UNCERTAINTY
5f1b930af3989eafb16766fc34e717d69fdfc0050f78aeba7ae08fbdff13cca3,MONASH,4434,hadron_count,raw_count,count,0x1.0000000000000p+0,AVAILABLE,WITHHELD_UNCERTAINTY
f93dfcdf3b364bb6fb5645ceca9281f38ce4cbceeeefe174e74853a67a4dc459,CLOSEPACKING,4434,hadron_count,raw_weighted_sum,weighted_count,0x1.0200000000000p+11,AVAILABLE,WITHHELD_UNCERTAINTY
39a6924a23c508ebde198aaa071bf69b37170801daf2b042b575add67efa161b,JUNCTIONS,4434,hadron_count,raw_weighted_sum,weighted_count,0x1.c380000000000p+9,AVAILABLE,WITHHELD_UNCERTAINTY
52664ad2550cd6e17e2222330942467060d089b1d729cac61e8d3d378c296c3f,MONASH,4434,hadron_count,raw_weighted_sum,weighted_count,0x1.0000000000000p+0,AVAILABLE,WITHHELD_UNCERTAINTY
64f1daa3b2f14525d2798641aaa57d7954d6b5b41276e611fe2129e6f9bcc346,CLOSEPACKING,4444,beauty_plus_antibeauty_constituent_count,raw_count,count,0x0.0p+0,AVAILABLE,WITHHELD_UNCERTAINTY
e56e8d84e9fd65ce41430532cb6492cc02c8fe0c30a3a05dcd2be3fc074d97cc,JUNCTIONS,4444,beauty_plus_antibeauty_constituent_count,raw_count,count,0x0.0p+0,AVAILABLE,WITHHELD_UNCERTAINTY
a01e56279ef1226fa8b3d43f51022ce2edae02c1aebff486ebda741e79711a12,MONASH,4444,beauty_plus_antibeauty_constituent_count,raw_count,count,0x0.0p+0,AVAILABLE,WITHHELD_UNCERTAINTY
0eeecf1b07120249d4d241de1972bb12c86ce7bb9a158a14a0dafa0be90683b4,CLOSEPACKING,4444,beauty_plus_antibeauty_constituent_count,raw_weighted_sum,weighted_count,0x0.0p+0,AVAILABLE,WITHHELD_UNCERTAINTY
83224a28e0b5d6a3d1b5cf496e28b355938616f1387421c31f037d110b3cb6a3,JUNCTIONS,4444,beauty_plus_antibeauty_constituent_count,raw_weighted_sum,weighted_count,0x0.0p+0,AVAILABLE,WITHHELD_UNCERTAINTY
dda7bf4866de3dd5cb578b876789ee3d619e49685427816885df1ef3c927c2bf,MONASH,4444,beauty_plus_antibeauty_constituent_count,raw_weighted_sum,weighted_count,0x0.0p+0,AVAILABLE,WITHHELD_UNCERTAINTY
7c44853ee15869da144dff0557a7af29302eb421804eeb03f790eb07757241c8,CLOSEPACKING,4444,charm_plus_anticharm_constituent_count,raw_count,count,0x1.8000000000000p+5,AVAILABLE,WITHHELD_UNCERTAINTY
d4a16d43daf4d7ee0c2a88f9c52a0d53db67fde414e075ef8e5d087e02b695e5,JUNCTIONS,4444,charm_plus_anticharm_constituent_count,raw_count,count,0x1.0800000000000p+5,AVAILABLE,WITHHELD_UNCERTAINTY
60c0315ce53d8517a4c1f82db76be9460e2a7e606542a37964a1c04925f57a75,MONASH,4444,charm_plus_anticharm_constituent_count,raw_count,count,0x0.0p+0,AVAILABLE,WITHHELD_UNCERTAINTY
8a08910ed19ad43cf9ff8b002f0578f53c270484e05de5106852a1d05e60d694,CLOSEPACKING,4444,charm_plus_anticharm_constituent_count,raw_weighted_sum,weighted_count,0x1.8000000000000p+5,AVAILABLE,WITHHELD_UNCERTAINTY
3e1a104e5e768f923cd6bf9c78288c9fb7c852bc2546ed4e1fc1188709c32e6d,JUNCTIONS,4444,charm_plus_anticharm_constituent_count,raw_weighted_sum,weighted_count,0x1.0800000000000p+5,AVAILABLE,WITHHELD_UNCERTAINTY
ba61ba6fc6e46e0abc2146b5c7ac7d345f95ff3a16fdb8e95647a9739b2080fc,MONASH,4444,charm_plus_anticharm_constituent_count,raw_weighted_sum,weighted_count,0x0.0p+0,AVAILABLE,WITHHELD_UNCERTAINTY
54893225c6fcebcf57ff5da57dfbcfff497bcad68b9083b59bf5b5079dcaf549,CLOSEPACKING,4444,hadron_count,normalized_yield,per_event,0x1.5798ee2308c3ap-23,AVAILABLE,AVAILABLE
6e0a180950c0db618d93245dc522139715225afa1a9f2fe89b04471f3bb43264,JUNCTIONS,4444,hadron_count,normalized_yield,per_event,0x1.d87247702c0d0p-24,AVAILABLE,AVAILABLE
14d79809fa21ebca663a86172bd7977df8bb01da122498571fbf829da1c4fd3c,MONASH,4444,hadron_count,normalized_yield,per_event,0x0.0p+0,AVAILABLE,AVAILABLE_ZERO_DISPERSION
8fe8a42b5c419bff427fb75e9ad69e2911e4f781f22804cbb03601487eff2965,CLOSEPACKING,4444,hadron_count,raw_count,count,0x1.0000000000000p+4,AVAILABLE,WITHHELD_UNCERTAINTY
9924048fbdc2cc32885a972d1022154e47f6309ca5765fe460baa671857f885b,JUNCTIONS,4444,hadron_count,raw_count,count,0x1.6000000000000p+3,AVAILABLE,WITHHELD_UNCERTAINTY
ab412e19dc5d927a4cce975c71c5f67632bb2768283a181ac5e46c9e2082c635,MONASH,4444,hadron_count,raw_count,count,0x0.0p+0,AVAILABLE,WITHHELD_UNCERTAINTY
4897d82afd0fbe3411d90f4c4cee57875baf1fd6411f8d9b94addb27871ce7cf,CLOSEPACKING,4444,hadron_count,raw_weighted_sum,weighted_count,0x1.0000000000000p+4,AVAILABLE,WITHHELD_UNCERTAINTY
5e68cb82b1f4e64f1af72a98667dbb2744e7b32abd17ad87b6893dce4f6d01b1,JUNCTIONS,4444,hadron_count,raw_weighted_sum,weighted_count,0x1.6000000000000p+3,AVAILABLE,WITHHELD_UNCERTAINTY
91bda9bb288cc807bb7f0db4dcf5b7e9dec95450a87baab171ee4abf43372035,MONASH,4444,hadron_count,raw_weighted_sum,weighted_count,0x0.0p+0,AVAILABLE,WITHHELD_UNCERTAINTY
1fa12b200482c544760f9ec07907ebf1cb32ae12342512640c815489e63f7fbe,CLOSEPACKING,445,beauty_plus_antibeauty_constituent_count,raw_count,count,0x0.0p+0,AVAILABLE,WITHHELD_UNCERTAINTY
19d05402089d0a1e4e692dcf6fe8257ed40d53b055c75f2ec019ed87503eef97,JUNCTIONS,445,beauty_plus_antibeauty_constituent_count,raw_count,count,0x0.0p+0,AVAILABLE,WITHHELD_UNCERTAINTY
31996cc9ac34404e2d1af5fecf29c009c26f61a89156fd2f5d0a316477c5f854,MONASH,445,beauty_plus_antibeauty_constituent_count,raw_count,count,0x0.0p+0,AVAILABLE,WITHHELD_UNCERTAINTY
fe8078efa8da162ff11c05298a14498bca9453689cf1a1973839e8c9e5c36063,CLOSEPACKING,445,beauty_plus_antibeauty_constituent_count,raw_weighted_sum,weighted_count,0x0.0p+0,AVAILABLE,WITHHELD_UNCERTAINTY
c3a82c10788020e0c4934576d7771dbb55441f567c491ee988fec3f35942fe7c,JUNCTIONS,445,beauty_plus_antibeauty_constituent_count,raw_weighted_sum,weighted_count,0x0.0p+0,AVAILABLE,WITHHELD_UNCERTAINTY
82afed12076b8f846c8aa5eee9870a6e305c217fe4831ee4e600dbb37eb702de,MONASH,445,beauty_plus_antibeauty_constituent_count,raw_weighted_sum,weighted_count,0x0.0p+0,AVAILABLE,WITHHELD_UNCERTAINTY
3eb979efd885c1b71034d49d3aa31e07ba4393149c277ce12fd4511f72f734eb,CLOSEPACKING,445,charm_plus_anticharm_constituent_count,raw_count,count,0x1.0d5dc00000000p+19,AVAILABLE,WITHHELD_UNCERTAINTY
bfa90a6edb07435fc8bcd61502ac25bb3202ab3728170641fff0cfce73794c76,JUNCTIONS,445,charm_plus_anticharm_constituent_count,raw_count,count,0x1.1e00800000000p+19,AVAILABLE,WITHHELD_UNCERTAINTY
ea740a5700047060c36e8a565c09311e889c25fd4755aa8f900e385a3af5a00f,MONASH,445,charm_plus_anticharm_constituent_count,raw_count,count,0x1.e5b2800000000p+18,AVAILABLE,WITHHELD_UNCERTAINTY
bd7c16b3b833fb2fd78051acd1cf1cd155a050d171619064a1469c4c91b63880,CLOSEPACKING,445,charm_plus_anticharm_constituent_count,raw_weighted_sum,weighted_count,0x1.0d5dc00000000p+19,AVAILABLE,WITHHELD_UNCERTAINTY
dbb867c0ae6a346bda0183c4944d5106f1e1725bdb518b3bb56f59b97d1f49f5,JUNCTIONS,445,charm_plus_anticharm_constituent_count,raw_weighted_sum,weighted_count,0x1.1e00800000000p+19,AVAILABLE,WITHHELD_UNCERTAINTY
e6e0b8c93bbd655d577ef3321c761dae487c053f7fc9886edc0b546a601127c1,MONASH,445,charm_plus_anticharm_constituent_count,raw_weighted_sum,weighted_count,0x1.e5b2800000000p+18,AVAILABLE,WITHHELD_UNCERTAINTY
88002047ba4dc24ec3673e0e70b82b9342f3f8de18db8a630c4de81f89cc8b92,CLOSEPACKING,445,hadron_count,normalized_yield,per_event,0x1.6989867c058a0p-9,AVAILABLE,AVAILABLE
f2e732f91fff7da49848b491107d69e0c78bd796ac84304e93b1eb22757dba45,JUNCTIONS,445,hadron_count,normalized_yield,per_event,0x1.7fdd85d79adc1p-9,AVAILABLE,AVAILABLE
5f00e5cd20c092ad3493143bf30cb3ac0d3a9ea718e2b9d00bb4415c902fe6a2,MONASH,445,hadron_count,normalized_yield,per_event,0x1.45f227a535842p-9,AVAILABLE,AVAILABLE
0404b69f3c397c8f272916b7267277e9c460fb3c07d711dbd4cfe9f845f739b3,CLOSEPACKING,445,hadron_count,raw_count,count,0x1.0d5dc00000000p+18,AVAILABLE,WITHHELD_UNCERTAINTY
809481c2364ac69dd42b32ed7f4b4071b40251495d8bccf9878f3e3e65454c7c,JUNCTIONS,445,hadron_count,raw_count,count,0x1.1e00800000000p+18,AVAILABLE,WITHHELD_UNCERTAINTY
17221223580bbf6981798a4da25c247276c8d9e9b8276dd678d88ef9e0d29012,MONASH,445,hadron_count,raw_count,count,0x1.e5b2800000000p+17,AVAILABLE,WITHHELD_UNCERTAINTY
2fddb0285123431c99f9ca1a0912b68329cda942c19c7281fc064f132371c9d3,CLOSEPACKING,445,hadron_count,raw_weighted_sum,weighted_count,0x1.0d5dc00000000p+18,AVAILABLE,WITHHELD_UNCERTAINTY
f27fae26eca64e8a7176f9f2b96524f93570b9a5a2228ebac31ad2ba113baf91,JUNCTIONS,445,hadron_count,raw_weighted_sum,weighted_count,0x1.1e00800000000p+18,AVAILABLE,WITHHELD_UNCERTAINTY
7338a343fefc80e70a1ec6a685eafc3b4ad2b1e6ec8d6dd43da90e626dcd170a,MONASH,445,hadron_count,raw_weighted_sum,weighted_count,0x1.e5b2800000000p+17,AVAILABLE,WITHHELD_UNCERTAINTY
f70d14999182b8d397f5ebbd1c8a91a227c1945ea082e66c5ebbaf4fe6b04ee9,CLOSEPACKING,511,beauty_plus_antibeauty_constituent_count,raw_count,count,0x1.42c7000000000p+20,AVAILABLE,WITHHELD_UNCERTAINTY
e05d76a0a515f29c6a5fd44af0f937fffdbfd6af655844d95550ea784a7e6733,JUNCTIONS,511,beauty_plus_antibeauty_constituent_count,raw_count,count,0x1.4a03700000000p+20,AVAILABLE,WITHHELD_UNCERTAINTY
29f8b828a2bc38f05217661e703a09e9fb9695e685a4e93de0a294996095e4d8,MONASH,511,beauty_plus_antibeauty_constituent_count,raw_count,count,0x1.c58dd00000000p+20,AVAILABLE,WITHHELD_UNCERTAINTY
3c3acaef586a25702d25c4a1511e0a4bdfd7e833a8bc2fda4096d64f984d92a8,CLOSEPACKING,511,beauty_plus_antibeauty_constituent_count,raw_weighted_sum,weighted_count,0x1.42c7000000000p+20,AVAILABLE,WITHHELD_UNCERTAINTY
8acdafe355c07529498b491cf9b1181814e625638f34e5d130c4f1788faf0fe9,JUNCTIONS,511,beauty_plus_antibeauty_constituent_count,raw_weighted_sum,weighted_count,0x1.4a03700000000p+20,AVAILABLE,WITHHELD_UNCERTAINTY
1b6714c6198cbde7652d88a5f24ccf981a9525be190b870450897608d0763571,MONASH,511,beauty_plus_antibeauty_constituent_count,raw_weighted_sum,weighted_count,0x1.c58dd00000000p+20,AVAILABLE,WITHHELD_UNCERTAINTY
e93a6f965b42c955206feb9ade5663eeb070414929fdeddf30727748948be2f6,CLOSEPACKING,511,charm_plus_anticharm_constituent_count,raw_count,count,0x0.0p+0,AVAILABLE,WITHHELD_UNCERTAINTY
39735e57e815ce16172a80a0e9b7bbd4e73804073ce0bdd16adb173f666e32d7,JUNCTIONS,511,charm_plus_anticharm_constituent_count,raw_count,count,0x0.0p+0,AVAILABLE,WITHHELD_UNCERTAINTY
143e19543dac295a6c997d772c69a1947a324224450c23f94fa81280a47fd879,MONASH,511,charm_plus_anticharm_constituent_count,raw_count,count,0x0.0p+0,AVAILABLE,WITHHELD_UNCERTAINTY
e4ec2635b6f9366aece1eac7b181d92e72b8d41e03df813f33979ef298a1d073,CLOSEPACKING,511,charm_plus_anticharm_constituent_count,raw_weighted_sum,weighted_count,0x0.0p+0,AVAILABLE,WITHHELD_UNCERTAINTY
c06eb620957b42df90fa163deccbdfb776f94f021a6658c5f50ec4770fb7d2c7,JUNCTIONS,511,charm_plus_anticharm_constituent_count,raw_weighted_sum,weighted_count,0x0.0p+0,AVAILABLE,WITHHELD_UNCERTAINTY
a0981326d5a4c508d0fd1e2f073d86108f890a531176d196da045ad8e7264a39,MONASH,511,charm_plus_anticharm_constituent_count,raw_weighted_sum,weighted_count,0x0.0p+0,AVAILABLE,WITHHELD_UNCERTAINTY
f87a111bfb6ea70e90ac85c7ec5ba418d6aa201f08bbe231c55684a8f84baa60,CLOSEPACKING,511,hadron_count,normalized_yield,per_event,0x1.b13973692e41ep-7,AVAILABLE,AVAILABLE
174ee9444493faa7ef4632b8ebdf9b9483aa9427e57aa51e0abbb30f277dd1c8,JUNCTIONS,511,hadron_count,normalized_yield,per_event,0x1.baefc016dbe49p-7,AVAILABLE,AVAILABLE
27927a9bf1fb5ecabf040b9f9a6bf1770033d677f149f60b81b76ce9f0b533a1,MONASH,511,hadron_count,normalized_yield,per_event,0x1.305ff9e5b4a54p-6,AVAILABLE,AVAILABLE
b9176dcf9a548c53d6286a6b7a1fffabdd410d18998942f295458436ec41ffac,CLOSEPACKING,511,hadron_count,raw_count,count,0x1.42c7000000000p+20,AVAILABLE,WITHHELD_UNCERTAINTY
f941a022494b25baf1b220220da41a9a701946b10c3838643925d6bee7792b74,JUNCTIONS,511,hadron_count,raw_count,count,0x1.4a03700000000p+20,AVAILABLE,WITHHELD_UNCERTAINTY
f372ecbe84c229c44b9376c180581b028baec3724faf5e8a5e1d0c1a50059560,MONASH,511,hadron_count,raw_count,count,0x1.c58dd00000000p+20,AVAILABLE,WITHHELD_UNCERTAINTY
fe58556847ea66d6062641f8ea01d9336317387d4f276f42830584606e1172e8,CLOSEPACKING,511,hadron_count,raw_weighted_sum,weighted_count,0x1.42c7000000000p+20,AVAILABLE,WITHHELD_UNCERTAINTY
5a2f0ac32d64803565bf8bae409b10d35cc6a20f072eae27bdfed199db3a7f50,JUNCTIONS,511,hadron_count,raw_weighted_sum,weighted_count,0x1.4a03700000000p+20,AVAILABLE,WITHHELD_UNCERTAINTY
7f87cad8c7e990c2f2cdfdb96e97ac879a5e7930bc480a58b4b483934d41b940,MONASH,511,hadron_count,raw_weighted_sum,weighted_count,0x1.c58dd00000000p+20,AVAILABLE,WITHHELD_UNCERTAINTY
168983c96335083f532e13bb17f65827c9f76fc9e8a5845489f1b25743913a2d,CLOSEPACKING,5112,beauty_plus_antibeauty_constituent_count,raw_count,count,0x1.cbcc400000000p+18,AVAILABLE,WITHHELD_UNCERTAINTY
dda594d91b5c6f1441498584680a01513376a284d8a7be324dc6e4252fe08cc3,JUNCTIONS,5112,beauty_plus_antibeauty_constituent_count,raw_count,count,0x1.a416e00000000p+19,AVAILABLE,WITHHELD_UNCERTAINTY
be3ca2bbc5a437e13121dac74836b00ba7b07ab6c51d719b3ee10bb7613494db,MONASH,5112,beauty_plus_antibeauty_constituent_count,raw_count,count,0x1.0dae000000000p+15,AVAILABLE,WITHHELD_UNCERTAINTY
12f785bd3295b2a7264e2fa69adc74075648e33dfd12c95b86b50cd5228519f2,CLOSEPACKING,5112,beauty_plus_antibeauty_constituent_count,raw_weighted_sum,weighted_count,0x1.cbcc400000000p+18,AVAILABLE,WITHHELD_UNCERTAINTY
f705fc037676dd72f4ae48f97a94623b774682034e726ac8fcf7e6dbc58af964,JUNCTIONS,5112,beauty_plus_antibeauty_constituent_count,raw_weighted_sum,weighted_count,0x1.a416e00000000p+19,AVAILABLE,WITHHELD_UNCERTAINTY
a4224fcaed6c97fd40888a744b843023b4d1e3f9e3a1044cb807a2a4e277a759,MONASH,5112,beauty_plus_antibeauty_constituent_count,raw_weighted_sum,weighted_count,0x1.0dae000000000p+15,AVAILABLE,WITHHELD_UNCERTAINTY
de7f72ec24daa4658c4f1c5229897a5af2f711614b854a0860cdf470001de1f7,CLOSEPACKING,5112,charm_plus_anticharm_constituent_count,raw_count,count,0x0.0p+0,AVAILABLE,WITHHELD_UNCERTAINTY
813968b95f28b04f1d1c2392a3aad1ea4476bbca1ed033751634bf8ef74da30d,JUNCTIONS,5112,charm_plus_anticharm_constituent_count,raw_count,count,0x0.0p+0,AVAILABLE,WITHHELD_UNCERTAINTY
9b8a2bf20525dbd6ea40347d982d5c5cb6d937025275542b5480e7ba3c7f1bf1,MONASH,5112,charm_plus_anticharm_constituent_count,raw_count,count,0x0.0p+0,AVAILABLE,WITHHELD_UNCERTAINTY
349c6837006a506b453775cbf394d21dd0748bcd23d25a813cb8a9016431b996,CLOSEPACKING,5112,charm_plus_anticharm_constituent_count,raw_weighted_sum,weighted_count,0x0.0p+0,AVAILABLE,WITHHELD_UNCERTAINTY
f7167dab15a820b9f32a6c997d3f11554a4329b6e53ab321675e9a342b06128a,JUNCTIONS,5112,charm_plus_anticharm_constituent_count,raw_weighted_sum,weighted_count,0x0.0p+0,AVAILABLE,WITHHELD_UNCERTAINTY
6d8d472ecddd867eab95a40fb44585023d33fdb7dd9576c2a019d3b79cfe9411,MONASH,5112,charm_plus_anticharm_constituent_count,raw_weighted_sum,weighted_count,0x0.0p+0,AVAILABLE,WITHHELD_UNCERTAINTY
6c2d9bacaa7d2eba9bf029fa17141e69c80dcf45cfaabf1c89c9d8029129c6b5,CLOSEPACKING,5112,hadron_count,normalized_yield,per_event,0x1.3490ab5e68154p-8,AVAILABLE,AVAILABLE
0bcb40d170fb24060db9479f5a9e1896a94858e641a2ff4bb1b4b2cfb10fded7,JUNCTIONS,5112,hadron_count,normalized_yield,per_event,0x1.19eacd3de0e13p-7,AVAILABLE,AVAILABLE
655885859ec39806c6b049080e08c5ea852b867b7eec263bc3ed4894bd93b9d1,MONASH,5112,hadron_count,normalized_yield,per_event,0x1.69f53c2cac058p-12,AVAILABLE,AVAILABLE
d0e94c517f5618d7454d26cd9d9ec1785ce2dcce7443de55aedbdbbbe9602903,CLOSEPACKING,5112,hadron_count,raw_count,count,0x1.cbcc400000000p+18,AVAILABLE,WITHHELD_UNCERTAINTY
6a1e864de10780269cdd6adb19f8f3d66597c7ae503613371567b493ca63b43b,JUNCTIONS,5112,hadron_count,raw_count,count,0x1.a416e00000000p+19,AVAILABLE,WITHHELD_UNCERTAINTY
3d543ad93291ef28f31914885f70336bc354db96baa854c99a4f75154b9f0e0e,MONASH,5112,hadron_count,raw_count,count,0x1.0dae000000000p+15,AVAILABLE,WITHHELD_UNCERTAINTY
09df343fc5c1650e73d64238775172406825c0594c5b5ab6ba7d5924b77bb4d0,CLOSEPACKING,5112,hadron_count,raw_weighted_sum,weighted_count,0x1.cbcc400000000p+18,AVAILABLE,WITHHELD_UNCERTAINTY
4624adf36d48f78ab741e6235248a91daa84cd085fb87b0e66a82b73e8fc6157,JUNCTIONS,5112,hadron_count,raw_weighted_sum,weighted_count,0x1.a416e00000000p+19,AVAILABLE,WITHHELD_UNCERTAINTY
5b1db94caa057d36a66b355c10b16f442918eb37513aca01b413a724aed23122,MONASH,5112,hadron_count,raw_weighted_sum,weighted_count,0x1.0dae000000000p+15,AVAILABLE,WITHHELD_UNCERTAINTY
717f7f85892d078be4ba652a257ad580a4a7ebbfcf80963be41ac4b1e7663445,CLOSEPACKING,5114,beauty_plus_antibeauty_constituent_count,raw_count,count,0x1.b35e400000000p+18,AVAILABLE,WITHHELD_UNCERTAINTY
48cc332719b8b55167c11318d72504e300e0be3138b74a2b9795f236110ad968,JUNCTIONS,5114,beauty_plus_antibeauty_constituent_count,raw_count,count,0x1.db8a000000000p+16,AVAILABLE,WITHHELD_UNCERTAINTY
c7094c4184db6c550bfbf1623c03659474b91587871258c20756585763153071,MONASH,5114,beauty_plus_antibeauty_constituent_count,raw_count,count,0x1.812c000000000p+15,AVAILABLE,WITHHELD_UNCERTAINTY
febb60fae4433a8764aa0436850645bd4f758762c6524decef7d5246ce567844,CLOSEPACKING,5114,beauty_plus_antibeauty_constituent_count,raw_weighted_sum,weighted_count,0x1.b35e400000000p+18,AVAILABLE,WITHHELD_UNCERTAINTY
007e036a78c6810d0f6dacf9427c799d5b669e519c31127dbc5bec0702e8c9da,JUNCTIONS,5114,beauty_plus_antibeauty_constituent_count,raw_weighted_sum,weighted_count,0x1.db8a000000000p+16,AVAILABLE,WITHHELD_UNCERTAINTY
9aba9f84880266ca79d104b5512cdc17155a502eb5438cedcbf75cd8d2e5e6b4,MONASH,5114,beauty_plus_antibeauty_constituent_count,raw_weighted_sum,weighted_count,0x1.812c000000000p+15,AVAILABLE,WITHHELD_UNCERTAINTY
20c60733c455e64e1f8a0debb5bbc76323e87f0669f2c79098b71b8d89e8f456,CLOSEPACKING,5114,charm_plus_anticharm_constituent_count,raw_count,count,0x0.0p+0,AVAILABLE,WITHHELD_UNCERTAINTY
89f224ad0578126277475ccc966a476fc167b0690bd299ac7cc73ea6cb2ebc44,JUNCTIONS,5114,charm_plus_anticharm_constituent_count,raw_count,count,0x0.0p+0,AVAILABLE,WITHHELD_UNCERTAINTY
681f4666c7363e76a1084db0300a6c2d7505a92bf99826a5410d4a314a5d3165,MONASH,5114,charm_plus_anticharm_constituent_count,raw_count,count,0x0.0p+0,AVAILABLE,WITHHELD_UNCERTAINTY
c8e4c4ef98696bba90492f695b590dbcc280e0d58885ef10e1a3ccb424b57f90,CLOSEPACKING,5114,charm_plus_anticharm_constituent_count,raw_weighted_sum,weighted_count,0x0.0p+0,AVAILABLE,WITHHELD_UNCERTAINTY
4ae8caa7f593ed307f15c41f10c92825c708d8fd68ab645ec9d07311bd735b10,JUNCTIONS,5114,charm_plus_anticharm_constituent_count,raw_weighted_sum,weighted_count,0x0.0p+0,AVAILABLE,WITHHELD_UNCERTAINTY
2f51e61561a1c6bef87c8d46bb46323db12757e9ca522c57ac184ec67476c44b,MONASH,5114,charm_plus_anticharm_constituent_count,raw_weighted_sum,weighted_count,0x0.0p+0,AVAILABLE,WITHHELD_UNCERTAINTY
24ab5af6a8e8018bc71a43b928aa3edc31e82680862a8747c3ea5a88b7e7d569,CLOSEPACKING,5114,hadron_count,normalized_yield,per_event,0x1.242bae599a253p-8,AVAILABLE,AVAILABLE
85b3a31963e954cf13caed349f14051395b44e0241273ab46c6fe65e6e8afa66,JUNCTIONS,5114,hadron_count,normalized_yield,per_event,0x1.3f20fd25b012dp-10,AVAILABLE,AVAILABLE
7f152eaff65e89b5d5aea19f8bbe3f3a389a5500e3a023661d5255f522774447,MONASH,5114,hadron_count,normalized_yield,per_event,0x1.027c0635cf19ep-11,AVAILABLE,AVAILABLE
f33b288ccff479454347bae05e85f23528565fe356a5884e11b4ffa2329db59c,CLOSEPACKING,5114,hadron_count,raw_count,count,0x1.b35e400000000p+18,AVAILABLE,WITHHELD_UNCERTAINTY
d31a114f75c675756131b5babeca4d886608f73a1d6e2f86e1c86dd8bdb5a527,JUNCTIONS,5114,hadron_count,raw_count,count,0x1.db8a000000000p+16,AVAILABLE,WITHHELD_UNCERTAINTY
ce7205d8a856e5d089ba69cdabb6b45af21aef26707b160db43ab27c735e464b,MONASH,5114,hadron_count,raw_count,count,0x1.812c000000000p+15,AVAILABLE,WITHHELD_UNCERTAINTY
877b48da0c367203cb679684bee0b8103020d58937b7e417ce3c648a9db412ab,CLOSEPACKING,5114,hadron_count,raw_weighted_sum,weighted_count,0x1.b35e400000000p+18,AVAILABLE,WITHHELD_UNCERTAINTY
221967a3470e297db6f4179d759c5afbc4d7bb47ec898b1e58f192514b019ce2,JUNCTIONS,5114,hadron_count,raw_weighted_sum,weighted_count,0x1.db8a000000000p+16,AVAILABLE,WITHHELD_UNCERTAINTY
a4853e86529549949dfc4df3e1f3661472469a51284b6ca2e0a6a473536fe096,MONASH,5114,hadron_count,raw_weighted_sum,weighted_count,0x1.812c000000000p+15,AVAILABLE,WITHHELD_UNCERTAINTY
47e301862f99ce373370166ee1264b7425ca9145113eb56a93c844f1937ac2c9,CLOSEPACKING,5122,beauty_plus_antibeauty_constituent_count,raw_count,count,0x1.124ca00000000p+19,AVAILABLE,WITHHELD_UNCERTAINTY
420bac7a32313a04d2bc61b84603034ca3327a3d9aad725443ea7dc7b1bcd02b,JUNCTIONS,5122,beauty_plus_antibeauty_constituent_count,raw_count,count,0x1.2b73600000000p+19,AVAILABLE,WITHHELD_UNCERTAINTY
8076a7cc1bf121fbd17660f9caad2c90dbfcf889b053db6f42870476a49c1644,MONASH,5122,beauty_plus_antibeauty_constituent_count,raw_count,count,0x1.337c400000000p+18,AVAILABLE,WITHHELD_UNCERTAINTY
07a4a4eddd8ecec63712ccfa427f3406fcffeeaa1f184c023309c32526d00062,CLOSEPACKING,5122,beauty_plus_antibeauty_constituent_count,raw_weighted_sum,weighted_count,0x1.124ca00000000p+19,AVAILABLE,WITHHELD_UNCERTAINTY
bb4947cbc59547efb0d00856e6cb5f962846fae7af07deced3105ef41b67bb70,JUNCTIONS,5122,beauty_plus_antibeauty_constituent_count,raw_weighted_sum,weighted_count,0x1.2b73600000000p+19,AVAILABLE,WITHHELD_UNCERTAINTY
56631e032e0356c5994868076e3af17d18b07bcdcc0aad374b5bb374bb93088c,MONASH,5122,beauty_plus_antibeauty_constituent_count,raw_weighted_sum,weighted_count,0x1.337c400000000p+18,AVAILABLE,WITHHELD_UNCERTAINTY
1ce1f90a5756ae32b230a26def87f79811a33cd2945488db10140fb9e42b9abb,CLOSEPACKING,5122,charm_plus_anticharm_constituent_count,raw_count,count,0x0.0p+0,AVAILABLE,WITHHELD_UNCERTAINTY
e483b8cd3f075df53cad57f9fbc2fa92419eb17dc744a964e58f1f4b64a1ae7c,JUNCTIONS,5122,charm_plus_anticharm_constituent_count,raw_count,count,0x0.0p+0,AVAILABLE,WITHHELD_UNCERTAINTY
7baf625b74b04df0ba058a6347a3a7e28e0702b8a1b8e380cfbb0e69d10ce4be,MONASH,5122,charm_plus_anticharm_constituent_count,raw_count,count,0x0.0p+0,AVAILABLE,WITHHELD_UNCERTAINTY
47aac115e1888b2351d9c33241fb3dc694bb5ac21589837852407c5a312126d7,CLOSEPACKING,5122,charm_plus_anticharm_constituent_count,raw_weighted_sum,weighted_count,0x0.0p+0,AVAILABLE,WITHHELD_UNCERTAINTY
81d7f3864f2d5c0bfe9c0ae77c04d5d60aadb9b050bee1f19635bdfbaa794bac,JUNCTIONS,5122,charm_plus_anticharm_constituent_count,raw_weighted_sum,weighted_count,0x0.0p+0,AVAILABLE,WITHHELD_UNCERTAINTY
909e98498bff71df1a98128309676e778a77b49625c3e278133ce8689868ec9e,MONASH,5122,charm_plus_anticharm_constituent_count,raw_weighted_sum,weighted_count,0x0.0p+0,AVAILABLE,WITHHELD_UNCERTAINTY
5374c467f07be9503a9d3cac4bc9f29416bae5e8f5e209ac690a5966b992ef95,CLOSEPACKING,5122,hadron_count,normalized_yield,per_event,0x1.70288707c69dep-8,AVAILABLE,AVAILABLE
bdf9da790d017516b280108d575b7eca6e2fc54daa06249d35e6206ab3634283,JUNCTIONS,5122,hadron_count,normalized_yield,per_event,0x1.91ea78af3e469p-8,AVAILABLE,AVAILABLE
72deb9abf741a3f45fb9c287ce6615325fa42403f20eec7e79de6438c86dfe4c,MONASH,5122,hadron_count,normalized_yield,per_event,0x1.9cb3298d98039p-9,AVAILABLE,AVAILABLE
3b78426108ab815914c4b5eeb10184cd21750ac232ba9f4e76431f686861d2a0,CLOSEPACKING,5122,hadron_count,raw_count,count,0x1.124ca00000000p+19,AVAILABLE,WITHHELD_UNCERTAINTY
e126d47332894c9f85cf5847fa590621b25c18e474e025fc03aad08bc78d64b5,JUNCTIONS,5122,hadron_count,raw_count,count,0x1.2b73600000000p+19,AVAILABLE,WITHHELD_UNCERTAINTY
3c50cbce106a7a02fba695a3715191b8d00a121c118faef6414cca27a4dfe570,MONASH,5122,hadron_count,raw_count,count,0x1.337c400000000p+18,AVAILABLE,WITHHELD_UNCERTAINTY
30341b91b72042a382cc62aa772f4c4fb9c41c729caff09e1c4a9ec5dd86e922,CLOSEPACKING,5122,hadron_count,raw_weighted_sum,weighted_count,0x1.124ca00000000p+19,AVAILABLE,WITHHELD_UNCERTAINTY
628c382fc6dbbc8b49530f054129139dfc8f6bc070c11840a936455de03e2ec5,JUNCTIONS,5122,hadron_count,raw_weighted_sum,weighted_count,0x1.2b73600000000p+19,AVAILABLE,WITHHELD_UNCERTAINTY
b6d654434d5032bf2b7964575d1271703b4bb9aa942ae4cc2546e688f903211a,MONASH,5122,hadron_count,raw_weighted_sum,weighted_count,0x1.337c400000000p+18,AVAILABLE,WITHHELD_UNCERTAINTY
1bfb9069f8eeca1e635fd10d7c546c3a6d00bb6e0a9e2a7805dabdd8294e2393,CLOSEPACKING,513,beauty_plus_antibeauty_constituent_count,raw_count,count,0x1.5e81a80000000p+21,AVAILABLE,WITHHELD_UNCERTAINTY
a65472ebfa1acb150639fbb7ecd058953c9d0a0e5e58b33ef3964e9a793d05aa,JUNCTIONS,513,beauty_plus_antibeauty_constituent_count,raw_count,count,0x1.6704380000000p+21,AVAILABLE,WITHHELD_UNCERTAINTY
22208e9cf09dc6cc4c8639ef4aa29dd26da8976a8206d4b2dbfa0bacffb975ac,MONASH,513,beauty_plus_antibeauty_constituent_count,raw_count,count,0x1.f085000000000p+21,AVAILABLE,WITHHELD_UNCERTAINTY
8e13db03a60dc662aab46bb89b415299ddd8256673b7e9fc04af9cadcd37de86,CLOSEPACKING,513,beauty_plus_antibeauty_constituent_count,raw_weighted_sum,weighted_count,0x1.5e81a80000000p+21,AVAILABLE,WITHHELD_UNCERTAINTY
399ac42a5411723a34ba48a9999c9b25043a6c6812f741daa2b1f9d06484530e,JUNCTIONS,513,beauty_plus_antibeauty_constituent_count,raw_weighted_sum,weighted_count,0x1.6704380000000p+21,AVAILABLE,WITHHELD_UNCERTAINTY
d3262f47056a106d35ca2afbf864b5c656b9f4337e8adfbd24a86cc24eb3c5b9,MONASH,513,beauty_plus_antibeauty_constituent_count,raw_weighted_sum,weighted_count,0x1.f085000000000p+21,AVAILABLE,WITHHELD_UNCERTAINTY
8d5865f5cd4bbcb66402707f21d737789d4f5d7ab3f73f59b2ef7dee7741e424,CLOSEPACKING,513,charm_plus_anticharm_constituent_count,raw_count,count,0x0.0p+0,AVAILABLE,WITHHELD_UNCERTAINTY
4dd346cab9e7a919911caa985713abbf354ebb08d87882b757e54b7b4a75ae26,JUNCTIONS,513,charm_plus_anticharm_constituent_count,raw_count,count,0x0.0p+0,AVAILABLE,WITHHELD_UNCERTAINTY
41d48e8f053da2df7f5526c29ee83cedec02614164c0aecaf875fec68cb7f94a,MONASH,513,charm_plus_anticharm_constituent_count,raw_count,count,0x0.0p+0,AVAILABLE,WITHHELD_UNCERTAINTY
8fc41bb47ae58cc71556d2c65774ff0e3c768ffb18a87430947887aa911c31c8,CLOSEPACKING,513,charm_plus_anticharm_constituent_count,raw_weighted_sum,weighted_count,0x0.0p+0,AVAILABLE,WITHHELD_UNCERTAINTY
e389d3fc652970305d3cd98abb71244505438128e31a26b00fa05339374122b7,JUNCTIONS,513,charm_plus_anticharm_constituent_count,raw_weighted_sum,weighted_count,0x0.0p+0,AVAILABLE,WITHHELD_UNCERTAINTY
e7571200fffe37c2910454bb83f82cb94b83df0edb051648e5b7ebbfcffdea41,MONASH,513,charm_plus_anticharm_constituent_count,raw_weighted_sum,weighted_count,0x0.0p+0,AVAILABLE,WITHHELD_UNCERTAINTY
d03f089f308ba106d9282e36c881090a442226a9e182f9924bc04dcf7b148a79,CLOSEPACKING,513,hadron_count,normalized_yield,per_event,0x1.d6711b2041e9ep-6,AVAILABLE,AVAILABLE
63cc373ad0f40da1708ad115a44d9123bb935fa0fa49ebb6f09dba7deb91c453,JUNCTIONS,513,hadron_count,normalized_yield,per_event,0x1.e1dd1f804dee2p-6,AVAILABLE,AVAILABLE
4397dfd342d9b9f15f0661c31d81b0215f60ac2adac6d5a753cba0e28be5a20d,MONASH,513,hadron_count,normalized_yield,per_event,0x1.4d3567ebcc974p-5,AVAILABLE,AVAILABLE
975a762d56703b19ed11d95aff338289508f60b7778ce9275c4d9a55c6c71c17,CLOSEPACKING,513,hadron_count,raw_count,count,0x1.5e81a80000000p+21,AVAILABLE,WITHHELD_UNCERTAINTY
d350e569e191591291e5d20384a1588b2f71e92416eb9917deaaf6ed59bf44e2,JUNCTIONS,513,hadron_count,raw_count,count,0x1.6704380000000p+21,AVAILABLE,WITHHELD_UNCERTAINTY
445ee1abcdffcfcbea5e60a1519bda1f4bd7dc66cd9d02d8cbd5c66dc24d1d90,MONASH,513,hadron_count,raw_count,count,0x1.f085000000000p+21,AVAILABLE,WITHHELD_UNCERTAINTY
0b53ac6321efdaa0d34a5b895ab805361fa78fa3c7d86e7a36fdf7eefbeede21,CLOSEPACKING,513,hadron_count,raw_weighted_sum,weighted_count,0x1.5e81a80000000p+21,AVAILABLE,WITHHELD_UNCERTAINTY
29f188e11ef68dd1bdab64633b1d895f1083d4171f7db6c5ca993d173249b3cc,JUNCTIONS,513,hadron_count,raw_weighted_sum,weighted_count,0x1.6704380000000p+21,AVAILABLE,WITHHELD_UNCERTAINTY
0ef56d59cc267b72172be1c180e2d82898efb536d8853edac17e726eb00cc177,MONASH,513,hadron_count,raw_weighted_sum,weighted_count,0x1.f085000000000p+21,AVAILABLE,WITHHELD_UNCERTAINTY
dc9536b3eabd66ff9dd123ac4f138c6e13da336eef660f90be8b8b0d5e054b3d,CLOSEPACKING,5132,beauty_plus_antibeauty_constituent_count,raw_count,count,0x1.13b5000000000p+17,AVAILABLE,WITHHELD_UNCERTAINTY
904c9b51a163fdb26467bba029d6ad87faccdfc5119a38619aaa0a41256d18a5,JUNCTIONS,5132,beauty_plus_antibeauty_constituent_count,raw_count,count,0x1.e5ce000000000p+16,AVAILABLE,WITHHELD_UNCERTAINTY
ac17e02fe5f646a24a1c002ca5757a623443ace079c92c2e6364bfce4dabe4c7,MONASH,5132,beauty_plus_antibeauty_constituent_count,raw_count,count,0x1.beb2000000000p+15,AVAILABLE,WITHHELD_UNCERTAINTY
5238685f3798531685ede73c83d623c5812665e109390137c19638cd5b3934d3,CLOSEPACKING,5132,beauty_plus_antibeauty_constituent_count,raw_weighted_sum,weighted_count,0x1.13b5000000000p+17,AVAILABLE,WITHHELD_UNCERTAINTY
d348f57c43744049cf822f8f22c6ea5c27797f888d44b6151c3f520ef02c969e,JUNCTIONS,5132,beauty_plus_antibeauty_constituent_count,raw_weighted_sum,weighted_count,0x1.e5ce000000000p+16,AVAILABLE,WITHHELD_UNCERTAINTY
a35aac09a186f917dfcc594e1a35562ed2e538804d9c5f2b7e6972b624eb6eff,MONASH,5132,beauty_plus_antibeauty_constituent_count,raw_weighted_sum,weighted_count,0x1.beb2000000000p+15,AVAILABLE,WITHHELD_UNCERTAINTY
9c74ee2e63418f47b80687b02aa4c246bb32854d30c0489e26eac0d07b34050a,CLOSEPACKING,5132,charm_plus_anticharm_constituent_count,raw_count,count,0x0.0p+0,AVAILABLE,WITHHELD_UNCERTAINTY
fca231e22a4d5a9deac93e291649647d1d9f820434d8559a6062b326c2e77502,JUNCTIONS,5132,charm_plus_anticharm_constituent_count,raw_count,count,0x0.0p+0,AVAILABLE,WITHHELD_UNCERTAINTY
7a862ab456f5b57caf5629af83ace0b78c4a2638996b3857fb557a5e34920311,MONASH,5132,charm_plus_anticharm_constituent_count,raw_count,count,0x0.0p+0,AVAILABLE,WITHHELD_UNCERTAINTY
a9da927a8712d6c91f5d2a7a0b3c231d60c3b47f2ab4257b0a1846f278450844,CLOSEPACKING,5132,charm_plus_anticharm_constituent_count,raw_weighted_sum,weighted_count,0x0.0p+0,AVAILABLE,WITHHELD_UNCERTAINTY
5546414f13429888df06f45f5423902298571a7572abec6ce99ab1f057a24611,JUNCTIONS,5132,charm_plus_anticharm_constituent_count,raw_weighted_sum,weighted_count,0x0.0p+0,AVAILABLE,WITHHELD_UNCERTAINTY
e03ba33864efae561e50dae6f43c144d3119cf9c6ab35a578202d7b241004610,MONASH,5132,charm_plus_anticharm_constituent_count,raw_weighted_sum,weighted_count,0x0.0p+0,AVAILABLE,WITHHELD_UNCERTAINTY
847d71dd128a1159cefc55be8ff0e6b5d8c3361d1f32b1ea8f8e4e036c4a8043,CLOSEPACKING,5132,hadron_count,normalized_yield,per_event,0x1.720c36f0012f5p-10,AVAILABLE,AVAILABLE
00a8827744c22d46ffc66ddbada3c4bceb23114436faf4992ae1c6120e8d7246,JUNCTIONS,5132,hadron_count,normalized_yield,per_event,0x1.46049c1bffe5dp-10,AVAILABLE,AVAILABLE
1950a12d4ae318823362805fa46351706c576d6d8c993d63c6c07a3e1a90300f,MONASH,5132,hadron_count,normalized_yield,per_event,0x1.2bc5ab9b4ed07p-11,AVAILABLE,AVAILABLE
6b55ca7ad0b4f33cf10b317c7bbcc3da9531b7991d983cb0a3399222c75be36a,CLOSEPACKING,5132,hadron_count,raw_count,count,0x1.13b5000000000p+17,AVAILABLE,WITHHELD_UNCERTAINTY
96410b0335edad9fe545036bd557980a99fe6aa2be1d2cfefed5a4be3df8464c,JUNCTIONS,5132,hadron_count,raw_count,count,0x1.e5ce000000000p+16,AVAILABLE,WITHHELD_UNCERTAINTY
2467ef26e46a7c7602650ab31db2d9b3fdf632c86ac4d2f4667df89bee7ecfaf,MONASH,5132,hadron_count,raw_count,count,0x1.beb2000000000p+15,AVAILABLE,WITHHELD_UNCERTAINTY
5bcad4d1afba5c2c4f6f8ef82c85adfb7bf153a51e7bea85584d9f32d0683d9f,CLOSEPACKING,5132,hadron_count,raw_weighted_sum,weighted_count,0x1.13b5000000000p+17,AVAILABLE,WITHHELD_UNCERTAINTY
8fe7cf7efd25b223c65122e8d847b9d5179d93571abf25b98e4d438b6db21470,JUNCTIONS,5132,hadron_count,raw_weighted_sum,weighted_count,0x1.e5ce000000000p+16,AVAILABLE,WITHHELD_UNCERTAINTY
eb5d95eff820689970d6773f8af53b6584e0069e59e3eaeb4c4231ec66d441c8,MONASH,5132,hadron_count,raw_weighted_sum,weighted_count,0x1.beb2000000000p+15,AVAILABLE,WITHHELD_UNCERTAINTY
068a2171d84931c519a7186023e3cac2f06d9e8fc7847f59f9821153cebb45af,CLOSEPACKING,5142,beauty_plus_antibeauty_constituent_count,raw_count,count,0x1.cee0000000000p+11,AVAILABLE,WITHHELD_UNCERTAINTY
fc2ab4765a85a06dc75ed97464d4e2f1214615759aa175d1c8ad8ba31ae92616,JUNCTIONS,5142,beauty_plus_antibeauty_constituent_count,raw_count,count,0x1.e160000000000p+11,AVAILABLE,WITHHELD_UNCERTAINTY
dba1dbb6ecdad2df503bb6f7a289c5b7eb1e643edb59864db2e86dff6616f60a,MONASH,5142,beauty_plus_antibeauty_constituent_count,raw_count,count,0x1.8000000000000p+1,AVAILABLE,WITHHELD_UNCERTAINTY
e56b5eddab2ff95e9b8a3625232b009ff270dee0198852d95083a8a9b8ef317c,CLOSEPACKING,5142,beauty_plus_antibeauty_constituent_count,raw_weighted_sum,weighted_count,0x1.cee0000000000p+11,AVAILABLE,WITHHELD_UNCERTAINTY
4c93ecc082b893fc02d649b3c17433fa1bb7b991b1b60292f610f02acd1b0432,JUNCTIONS,5142,beauty_plus_antibeauty_constituent_count,raw_weighted_sum,weighted_count,0x1.e160000000000p+11,AVAILABLE,WITHHELD_UNCERTAINTY
d598b6f531a09b1452ad2e05eb1be85687154a0d8b451eb5d69696265a1187de,MONASH,5142,beauty_plus_antibeauty_constituent_count,raw_weighted_sum,weighted_count,0x1.8000000000000p+1,AVAILABLE,WITHHELD_UNCERTAINTY
725dc98e83f510871fbf5b2f448c7cc0e46bfd10679a6fe5494ed536c4638018,CLOSEPACKING,5142,charm_plus_anticharm_constituent_count,raw_count,count,0x1.cee0000000000p+11,AVAILABLE,WITHHELD_UNCERTAINTY
75d4dcd143d95ef1ef85a527a2fb28a5cb532cd8c3bdd3b086b6b225c14ba129,JUNCTIONS,5142,charm_plus_anticharm_constituent_count,raw_count,count,0x1.e160000000000p+11,AVAILABLE,WITHHELD_UNCERTAINTY
cdef506ac7e7cdaa7c1c74a3bc5254884f185208699e3c36bc7ce66a766a99df,MONASH,5142,charm_plus_anticharm_constituent_count,raw_count,count,0x1.8000000000000p+1,AVAILABLE,WITHHELD_UNCERTAINTY
6b16b689e5e6ab9b9255a2a8b7af91525c64d5997abbb4e49f401bbec7d552bc,CLOSEPACKING,5142,charm_plus_anticharm_constituent_count,raw_weighted_sum,weighted_count,0x1.cee0000000000p+11,AVAILABLE,WITHHELD_UNCERTAINTY
f59ec4b8590bbf21f2ae008cb46cdacebc4ac5a06260f08985e4ffeb75fda0e1,JUNCTIONS,5142,charm_plus_anticharm_constituent_count,raw_weighted_sum,weighted_count,0x1.e160000000000p+11,AVAILABLE,WITHHELD_UNCERTAINTY
07a3cf44583900a32a75d33b3f045e6a868ae891acca24284f3a464be660d699,MONASH,5142,charm_plus_anticharm_constituent_count,raw_weighted_sum,weighted_count,0x1.8000000000000p+1,AVAILABLE,WITHHELD_UNCERTAINTY
d289cdd32e427cedfd2a708aa5fdbf9eb40682185392c3b7805554f2ad288b5e,CLOSEPACKING,5142,hadron_count,normalized_yield,per_event,0x1.36a151c9cc3c6p-15,AVAILABLE,AVAILABLE
ae59a29491881717c8dbdcff9882010220e2a6066f522ce72a88c71cd712fd1c,JUNCTIONS,5142,hadron_count,normalized_yield,per_event,0x1.430b9864904d7p-15,AVAILABLE,AVAILABLE
e6276aeecfb28d4e25e65509260f9f1ba58dc16a8e4f39a1e8fc7ee1e4930dcb,MONASH,5142,hadron_count,normalized_yield,per_event,0x1.01b2b29a4692bp-25,AVAILABLE,AVAILABLE
43a20322f77d3fc2c0eb2f5c5e21183c0df5f47f4b20a9978ae2171ede6240d2,CLOSEPACKING,5142,hadron_count,raw_count,count,0x1.cee0000000000p+11,AVAILABLE,WITHHELD_UNCERTAINTY
5a59291399ae8a54d7701c77bfff56ea6ec2c64ed113dea46a224dc5c3971fbf,JUNCTIONS,5142,hadron_count,raw_count,count,0x1.e160000000000p+11,AVAILABLE,WITHHELD_UNCERTAINTY
177fc0f89f77e2ba0f2802f1f9f7f01b40a03b2d2876cfa8060cd1a2996ba02b,MONASH,5142,hadron_count,raw_count,count,0x1.8000000000000p+1,AVAILABLE,WITHHELD_UNCERTAINTY
ec06eae6f67f090050a3eb02970c4886bcad2362690be692a4f4150f94557802,CLOSEPACKING,5142,hadron_count,raw_weighted_sum,weighted_count,0x1.cee0000000000p+11,AVAILABLE,WITHHELD_UNCERTAINTY
468a07473639c528ae14eb2cf8974aede696d97d56c8c432ef345df00d95d6c9,JUNCTIONS,5142,hadron_count,raw_weighted_sum,weighted_count,0x1.e160000000000p+11,AVAILABLE,WITHHELD_UNCERTAINTY
bc41acfe2100451c3c6e289a73b3706ac572e4cb5b94dfdeceb9be2d7cf0d62a,MONASH,5142,hadron_count,raw_weighted_sum,weighted_count,0x1.8000000000000p+1,AVAILABLE,WITHHELD_UNCERTAINTY
cbedbf24e781673eb3bbf4d35a009970a339d2ff1eb810b53012db47a56dcf4c,CLOSEPACKING,521,beauty_plus_antibeauty_constituent_count,raw_count,count,0x1.437e300000000p+20,AVAILABLE,WITHHELD_UNCERTAINTY
d9e000b9219cc9db8e229aac8d5db3812a58e3511c5b365134ca9b18e4c272cc,JUNCTIONS,521,beauty_plus_antibeauty_constituent_count,raw_count,count,0x1.4aab500000000p+20,AVAILABLE,WITHHELD_UNCERTAINTY
45050d06c849c48e5974108bc2d2cd446c9ff2c8998652a2419cb8884b597f85,MONASH,521,beauty_plus_antibeauty_constituent_count,raw_count,count,0x1.c563b00000000p+20,AVAILABLE,WITHHELD_UNCERTAINTY
2a7c2992886af31922f9960e1f07927970e7ba2452c343febae672ac8a91cb01,CLOSEPACKING,521,beauty_plus_antibeauty_constituent_count,raw_weighted_sum,weighted_count,0x1.437e300000000p+20,AVAILABLE,WITHHELD_UNCERTAINTY
c24abe5d8ded31ca02013556770af2e61e94af7e5c67bc8f24929b3eb093689b,JUNCTIONS,521,beauty_plus_antibeauty_constituent_count,raw_weighted_sum,weighted_count,0x1.4aab500000000p+20,AVAILABLE,WITHHELD_UNCERTAINTY
e8bf07af4034d717b2fac8298378da8ed58d4285d0e5efd810b9780d2667bbea,MONASH,521,beauty_plus_antibeauty_constituent_count,raw_weighted_sum,weighted_count,0x1.c563b00000000p+20,AVAILABLE,WITHHELD_UNCERTAINTY
1cc791f9d34ca3ad8bf28b1ffb39ac2b01d10ead3fe57e419a5cb3a301066dda,CLOSEPACKING,521,charm_plus_anticharm_constituent_count,raw_count,count,0x0.0p+0,AVAILABLE,WITHHELD_UNCERTAINTY
8eb74396a24456d870e1c4cff46ca2241be1920ceb144d3eccf7bc9dc66b3ad4,JUNCTIONS,521,charm_plus_anticharm_constituent_count,raw_count,count,0x0.0p+0,AVAILABLE,WITHHELD_UNCERTAINTY
a840fd0b7465f554e3c2e82ddd83d4e117142fd3263bc8caf9af092868eb0718,MONASH,521,charm_plus_anticharm_constituent_count,raw_count,count,0x0.0p+0,AVAILABLE,WITHHELD_UNCERTAINTY
60814e63d2322a1b41e8ac136090c29e97bc29c4d84caee5d4c98a1ca664e2e0,CLOSEPACKING,521,charm_plus_anticharm_constituent_count,raw_weighted_sum,weighted_count,0x0.0p+0,AVAILABLE,WITHHELD_UNCERTAINTY
87e401118e92f337c35a596bad24cdf9ad231450f7954d82ec1a50730963df01,JUNCTIONS,521,charm_plus_anticharm_constituent_count,raw_weighted_sum,weighted_count,0x0.0p+0,AVAILABLE,WITHHELD_UNCERTAINTY
d316e8fdee06376eb32d51667c99d9fd7ae50905e2a7ca3da690616472842735,MONASH,521,charm_plus_anticharm_constituent_count,raw_weighted_sum,weighted_count,0x0.0p+0,AVAILABLE,WITHHELD_UNCERTAINTY
175bab5e3d22acba5f4c630c105c3f3f422e49c6c7ed54b06f98298aa2eb48a5,CLOSEPACKING,521,hadron_count,normalized_yield,per_event,0x1.b22f522815f3bp-7,AVAILABLE,AVAILABLE
929231e13c9d4704dcf48f89d50c6c5c69eeff59654d06c612e8981c35ff1832,JUNCTIONS,521,hadron_count,normalized_yield,per_event,0x1.bbd11180051dfp-7,AVAILABLE,AVAILABLE
665c1a369464ce05f9daf5de9a09ae7cf5f07da60ffeb25c9e5c979a55e1e9e8,MONASH,521,hadron_count,normalized_yield,per_event,0x1.3043b4e09ce35p-6,AVAILABLE,AVAILABLE
cd20ed71e85a84490b69af120d615206319dae55f70e80ad85ae3c979b4eaa45,CLOSEPACKING,521,hadron_count,raw_count,count,0x1.437e300000000p+20,AVAILABLE,WITHHELD_UNCERTAINTY
492d14ea3420201166b8972511e25fe62c5fa20d1c2da239e11010d5d83753d7,JUNCTIONS,521,hadron_count,raw_count,count,0x1.4aab500000000p+20,AVAILABLE,WITHHELD_UNCERTAINTY
0311fc8779f8124862172fcc188040b37cb6876452ab87bd0d511903ad84a353,MONASH,521,hadron_count,raw_count,count,0x1.c563b00000000p+20,AVAILABLE,WITHHELD_UNCERTAINTY
6837f5b7ceeacbbd0367cf56d7db851a50ed0be844915b6b4ed93f59f80e4850,CLOSEPACKING,521,hadron_count,raw_weighted_sum,weighted_count,0x1.437e300000000p+20,AVAILABLE,WITHHELD_UNCERTAINTY
09ff878fea5425c716198b628e76678b4b50ada4bcdde38376c66e3f508e6ac8,JUNCTIONS,521,hadron_count,raw_weighted_sum,weighted_count,0x1.4aab500000000p+20,AVAILABLE,WITHHELD_UNCERTAINTY
508d50f61fc183f2731ba61dc608ccabcb508af2c789e0fb0bdb2d1b3b85be0e,MONASH,521,hadron_count,raw_weighted_sum,weighted_count,0x1.c563b00000000p+20,AVAILABLE,WITHHELD_UNCERTAINTY
238cb5e48b5dc9abcc41d210bae92bb1cc720eaf9d9633e1c2c113c191993e53,CLOSEPACKING,5212,beauty_plus_antibeauty_constituent_count,raw_count,count,0x1.0f72600000000p+19,AVAILABLE,WITHHELD_UNCERTAINTY
af6620a43e358184d5a57b89f262c0bfa6247dac66c8dab1bc4e58d2c99334f0,JUNCTIONS,5212,beauty_plus_antibeauty_constituent_count,raw_count,count,0x1.d2e0600000000p+19,AVAILABLE,WITHHELD_UNCERTAINTY
bd487aed7bff2b31f7e02c1fa1dcf7c32c090d87172c32973e961513fb576974,MONASH,5212,beauty_plus_antibeauty_constituent_count,raw_count,count,0x1.12ba000000000p+15,AVAILABLE,WITHHELD_UNCERTAINTY
879a867a804fb5818c9d69ee46456dce0248838a02b78a32ed49ba112cba5ae5,CLOSEPACKING,5212,beauty_plus_antibeauty_constituent_count,raw_weighted_sum,weighted_count,0x1.0f72600000000p+19,AVAILABLE,WITHHELD_UNCERTAINTY
4d7354f16421ef21cc6e5500e8170250d9d1ea1bc02ad5f574cdc091d42a6b25,JUNCTIONS,5212,beauty_plus_antibeauty_constituent_count,raw_weighted_sum,weighted_count,0x1.d2e0600000000p+19,AVAILABLE,WITHHELD_UNCERTAINTY
8f198d14425684451181951093d34cc44a8c57f9c2d5fcf97ab1bf7f1a6203ea,MONASH,5212,beauty_plus_antibeauty_constituent_count,raw_weighted_sum,weighted_count,0x1.12ba000000000p+15,AVAILABLE,WITHHELD_UNCERTAINTY
f3b0902173888e7850bee99be50db1f5d57115beaeb0f2de3dca56b96c2104d7,CLOSEPACKING,5212,charm_plus_anticharm_constituent_count,raw_count,count,0x0.0p+0,AVAILABLE,WITHHELD_UNCERTAINTY
37f30433b903a5e0b22177fa5a0d8945e418757e64e1eba95b92084bd74f2a33,JUNCTIONS,5212,charm_plus_anticharm_constituent_count,raw_count,count,0x0.0p+0,AVAILABLE,WITHHELD_UNCERTAINTY
db84afa195684a0280771330d34dc0303e769ecc6734c99882c211a4a96ad98d,MONASH,5212,charm_plus_anticharm_constituent_count,raw_count,count,0x0.0p+0,AVAILABLE,WITHHELD_UNCERTAINTY
65d39b8aae24d7e1aba3dec3a5b4bf915b893ca9c7e1bf7c401fc1ba95197bfd,CLOSEPACKING,5212,charm_plus_anticharm_constituent_count,raw_weighted_sum,weighted_count,0x0.0p+0,AVAILABLE,WITHHELD_UNCERTAINTY
904f12cc49150afcb549430fbfc8921b11b4257bd4d22d545c499bc15266ce38,JUNCTIONS,5212,charm_plus_anticharm_constituent_count,raw_weighted_sum,weighted_count,0x0.0p+0,AVAILABLE,WITHHELD_UNCERTAINTY
cb5fe0d0dabd73864236ac42a6d932afb32765af31beff6aede90882282ef04a,MONASH,5212,charm_plus_anticharm_constituent_count,raw_weighted_sum,weighted_count,0x0.0p+0,AVAILABLE,WITHHELD_UNCERTAINTY
9008fe7bbb03679487f8bcb9001f6f018fd5774c5140ea473a86548067e82008,CLOSEPACKING,5212,hadron_count,normalized_yield,per_event,0x1.6c54670a7b2e2p-8,AVAILABLE,AVAILABLE
69d9166e444c6802bd0be8fef42fb7444c8f8b116e37c4ec0c39ee719f8ebd69,JUNCTIONS,5212,hadron_count,normalized_yield,per_event,0x1.3950c412bef47p-7,AVAILABLE,AVAILABLE
94f4fea8b6954f075be10288e1d40e55356aae7617ccfc76e5debcb333a50224,MONASH,5212,hadron_count,normalized_yield,per_event,0x1.70bb53fe84d5cp-12,AVAILABLE,AVAILABLE
7b4e1ca055d933518f36e84599345bb8b82ecf20177dc7692bc752b10603e3e1,CLOSEPACKING,5212,hadron_count,raw_count,count,0x1.0f72600000000p+19,AVAILABLE,WITHHELD_UNCERTAINTY
7a555d1f96b3657978c9180c746c64a13a03ac288b0dc3f0f8bac9e67cfa6cef,JUNCTIONS,5212,hadron_count,raw_count,count,0x1.d2e0600000000p+19,AVAILABLE,WITHHELD_UNCERTAINTY
2b6326a98552ae761bbe80d6a02dc41dc53067b4334902232b48914c786a3b8e,MONASH,5212,hadron_count,raw_count,count,0x1.12ba000000000p+15,AVAILABLE,WITHHELD_UNCERTAINTY
135757b26db7afc4c51b46c05c1dea5542636c6dbe6f32774b3c83b7312fd3a0,CLOSEPACKING,5212,hadron_count,raw_weighted_sum,weighted_count,0x1.0f72600000000p+19,AVAILABLE,WITHHELD_UNCERTAINTY
5ba734d0167cf445b38ee09c8068a80d7ff660ee3f225cafc503c9c9d051e54c,JUNCTIONS,5212,hadron_count,raw_weighted_sum,weighted_count,0x1.d2e0600000000p+19,AVAILABLE,WITHHELD_UNCERTAINTY
588b8b23e09dd4912732066e9fe2863e933aa928ece0f17049f66d2c18224ad1,MONASH,5212,hadron_count,raw_weighted_sum,weighted_count,0x1.12ba000000000p+15,AVAILABLE,WITHHELD_UNCERTAINTY
b3437a531aca6eb178986ffee5fcca4e384a2d2d68c517445ba4bf72d660659a,CLOSEPACKING,5214,beauty_plus_antibeauty_constituent_count,raw_count,count,0x1.0596400000000p+19,AVAILABLE,WITHHELD_UNCERTAINTY
ad03ecd94f6f1491f9fa4c525e6e0d66338e7a58406629f9372b95b2d5c1cd60,JUNCTIONS,5214,beauty_plus_antibeauty_constituent_count,raw_count,count,0x1.f534000000000p+16,AVAILABLE,WITHHELD_UNCERTAINTY
aba49c4c6e9b84016934779810ad2e59291dd3c5a666b4d6b03d4ab48a4abad8,MONASH,5214,beauty_plus_antibeauty_constituent_count,raw_count,count,0x1.89ac000000000p+15,AVAILABLE,WITHHELD_UNCERTAINTY
cc622d00dc52cb5272e00b43ca764ebb61ef2bbb5d03617672c773eccea1ba1c,CLOSEPACKING,5214,beauty_plus_antibeauty_constituent_count,raw_weighted_sum,weighted_count,0x1.0596400000000p+19,AVAILABLE,WITHHELD_UNCERTAINTY
fd02789ef577640c8009e39c3f11d8e9d852bc1604de2ec4e6b8eb374e91db58,JUNCTIONS,5214,beauty_plus_antibeauty_constituent_count,raw_weighted_sum,weighted_count,0x1.f534000000000p+16,AVAILABLE,WITHHELD_UNCERTAINTY
cece9a780bb11bd0deffd734ea887eb7d721f3c1b662b5816ce01c5125c3a114,MONASH,5214,beauty_plus_antibeauty_constituent_count,raw_weighted_sum,weighted_count,0x1.89ac000000000p+15,AVAILABLE,WITHHELD_UNCERTAINTY
5b7625ead8a2e86726349192dde047141efba4d7c67326bd5c5405498c94434d,CLOSEPACKING,5214,charm_plus_anticharm_constituent_count,raw_count,count,0x0.0p+0,AVAILABLE,WITHHELD_UNCERTAINTY
63417dc7c94124dd6e2ef0cf9efcff1bfec3a2c26c9c50b63597656ed9c016f1,JUNCTIONS,5214,charm_plus_anticharm_constituent_count,raw_count,count,0x0.0p+0,AVAILABLE,WITHHELD_UNCERTAINTY
f297121977ebf3e60e42c1eaaf779edf43f169fe07ab5fdd7f221796341966e6,MONASH,5214,charm_plus_anticharm_constituent_count,raw_count,count,0x0.0p+0,AVAILABLE,WITHHELD_UNCERTAINTY
16f6a7632aec1bc42589be33d83c6fef00b075c8bb07c4a72b4a869137602ea1,CLOSEPACKING,5214,charm_plus_anticharm_constituent_count,raw_weighted_sum,weighted_count,0x0.0p+0,AVAILABLE,WITHHELD_UNCERTAINTY
07428462f734c06d8ecd6bbc65bceee21dfe75b260fa2ddffcd52ff282bbaec1,JUNCTIONS,5214,charm_plus_anticharm_constituent_count,raw_weighted_sum,weighted_count,0x0.0p+0,AVAILABLE,WITHHELD_UNCERTAINTY
8f2c6dac0e3611b9e2840bcb24b66d9be7aff17a3746f0917e56d9858496ad9a,MONASH,5214,charm_plus_anticharm_constituent_count,raw_weighted_sum,weighted_count,0x0.0p+0,AVAILABLE,WITHHELD_UNCERTAINTY
0cf1832bbb7c97aa14d285ec3cc35ede60599ae399c2bea4715614a36ba4bb2a,CLOSEPACKING,5214,hadron_count,normalized_yield,per_event,0x1.5f18944b7bff5p-8,AVAILABLE,AVAILABLE
ffcb299195841f074ae858ebf7e012d6a641f6cab104b6fc59ae453af2b0f9bc,JUNCTIONS,5214,hadron_count,normalized_yield,per_event,0x1.505a0a8d77a25p-10,AVAILABLE,AVAILABLE
824ac5944a10d51be11caaa6ab7c634399549df03cef5bb6bf3208d3adfacd33,MONASH,5214,hadron_count,normalized_yield,per_event,0x1.08305029e3ff2p-11,AVAILABLE,AVAILABLE
0ea710a4e3f6b642a574079afe5148d8dd92f61c110dc8183af42edfca1ddff2,CLOSEPACKING,5214,hadron_count,raw_count,count,0x1.0596400000000p+19,AVAILABLE,WITHHELD_UNCERTAINTY
8a82511e204297179877a10d127229b7e89e77b64636f11f6869fd3f6adcc7e3,JUNCTIONS,5214,hadron_count,raw_count,count,0x1.f534000000000p+16,AVAILABLE,WITHHELD_UNCERTAINTY
60a4d29672a19c8eab37db6beeaddaa54e440046bc963bd17b0cafabe2a75796,MONASH,5214,hadron_count,raw_count,count,0x1.89ac000000000p+15,AVAILABLE,WITHHELD_UNCERTAINTY
339d11221a1822a805440a76f20d8a12ed43919d80f14a1db30d25fb5f55eee8,CLOSEPACKING,5214,hadron_count,raw_weighted_sum,weighted_count,0x1.0596400000000p+19,AVAILABLE,WITHHELD_UNCERTAINTY
1b7e924061e9adbf43a74c30bb96e0026a80bdfa58c7b601592ac16a9c34e415,JUNCTIONS,5214,hadron_count,raw_weighted_sum,weighted_count,0x1.f534000000000p+16,AVAILABLE,WITHHELD_UNCERTAINTY
0a9f8b98f7ba6bb9448d1568135a82546c2dd27136ace1574f1e23338aa0790f,MONASH,5214,hadron_count,raw_weighted_sum,weighted_count,0x1.89ac000000000p+15,AVAILABLE,WITHHELD_UNCERTAINTY
459c28e0ce1da638a1d6041e98e35117561ea093cb91b813392e6488dbfcd6a4,CLOSEPACKING,5222,beauty_plus_antibeauty_constituent_count,raw_count,count,0x1.d03f800000000p+18,AVAILABLE,WITHHELD_UNCERTAINTY
a0c4bfa0f04d6f15cd1493af9a0fc1157bf67f49f8db8355d8afec6de405a456,JUNCTIONS,5222,beauty_plus_antibeauty_constituent_count,raw_count,count,0x1.a817800000000p+19,AVAILABLE,WITHHELD_UNCERTAINTY
7eeb04693d363e307811c8adbdb3ce972643272a7d8d033ac845d4a74a0e8a59,MONASH,5222,beauty_plus_antibeauty_constituent_count,raw_count,count,0x1.149a000000000p+15,AVAILABLE,WITHHELD_UNCERTAINTY
2e7e09f0d63725de8cbd5822bb4a24bbc94e455bb3df9cb97a8430b8a422cd7e,CLOSEPACKING,5222,beauty_plus_antibeauty_constituent_count,raw_weighted_sum,weighted_count,0x1.d03f800000000p+18,AVAILABLE,WITHHELD_UNCERTAINTY
28cd3ddd666697f21819b582ded133cfe1740149f11d396246520fcd7a79f164,JUNCTIONS,5222,beauty_plus_antibeauty_constituent_count,raw_weighted_sum,weighted_count,0x1.a817800000000p+19,AVAILABLE,WITHHELD_UNCERTAINTY
bc0361de7887bd776ee81f6c33e15bbaee9972ac405b828054e74a5e6535e17b,MONASH,5222,beauty_plus_antibeauty_constituent_count,raw_weighted_sum,weighted_count,0x1.149a000000000p+15,AVAILABLE,WITHHELD_UNCERTAINTY
8238b1f39c59f43be72ce1a564d8819718819635d329df91a3cb6fcb0676eff3,CLOSEPACKING,5222,charm_plus_anticharm_constituent_count,raw_count,count,0x0.0p+0,AVAILABLE,WITHHELD_UNCERTAINTY
52e4cb50045e953b84da0092914f9dcfad293a4b99cc998f0cfdf77761ef2fcf,JUNCTIONS,5222,charm_plus_anticharm_constituent_count,raw_count,count,0x0.0p+0,AVAILABLE,WITHHELD_UNCERTAINTY
414acbeae1d8af0dbe965de3395d611f2ca85311ecbe9d434aa05646802a697a,MONASH,5222,charm_plus_anticharm_constituent_count,raw_count,count,0x0.0p+0,AVAILABLE,WITHHELD_UNCERTAINTY
e4540d935a661f5a1cb91d8a425741ce191d36766fb6173067dd2ca35ec7c90f,CLOSEPACKING,5222,charm_plus_anticharm_constituent_count,raw_weighted_sum,weighted_count,0x0.0p+0,AVAILABLE,WITHHELD_UNCERTAINTY
e1e7d06555fd6a48f94a30626a9679311f6b2c0cea26b540c6edc2a603230466,JUNCTIONS,5222,charm_plus_anticharm_constituent_count,raw_weighted_sum,weighted_count,0x0.0p+0,AVAILABLE,WITHHELD_UNCERTAINTY
1f24947b9208b84413f36e6de546a86853ff9292c4a142847ac8572f567c7e4c,MONASH,5222,charm_plus_anticharm_constituent_count,raw_weighted_sum,weighted_count,0x0.0p+0,AVAILABLE,WITHHELD_UNCERTAINTY
aac75fb02c0a8f49ede019a3069a93728ad2d9dce1a3021491f2ecf5d51d72f6,CLOSEPACKING,5222,hadron_count,normalized_yield,per_event,0x1.378d350748c9ap-8,AVAILABLE,AVAILABLE
4b90c6a5a3be5ac1fcea833cf9616a72898b96079352a118b3377250895ecc08,JUNCTIONS,5222,hadron_count,normalized_yield,per_event,0x1.1c9a6a79f15dap-7,AVAILABLE,AVAILABLE
9b808905bbb6a267055d6fb39083aa940a65c396c210c7bb62237d787b0385d0,MONASH,5222,hadron_count,normalized_yield,per_event,0x1.733f92bd06863p-12,AVAILABLE,AVAILABLE
456efd505bca2978a9d3400a40b3b89c7dd293fa23c6ee4f743e18e4a1fcef55,CLOSEPACKING,5222,hadron_count,raw_count,count,0x1.d03f800000000p+18,AVAILABLE,WITHHELD_UNCERTAINTY
5844684b61034b4f7672a0871454495fd3fda0ce6ac94d6c4c40a4d2929dd842,JUNCTIONS,5222,hadron_count,raw_count,count,0x1.a817800000000p+19,AVAILABLE,WITHHELD_UNCERTAINTY
c58059ec9a5ae8f015fc93c294bcf3f57c27eecbde9f9ebb0c5607b5c51f2bee,MONASH,5222,hadron_count,raw_count,count,0x1.149a000000000p+15,AVAILABLE,WITHHELD_UNCERTAINTY
dcb60cc2dfc82c5c498a9eccb8a6ac19e23cb5fcd8ed9d05335a3bfba15c0b57,CLOSEPACKING,5222,hadron_count,raw_weighted_sum,weighted_count,0x1.d03f800000000p+18,AVAILABLE,WITHHELD_UNCERTAINTY
7515e74d52d65c699b9f2192ae49a0cfa131a8faf46c5007bc7ca7215ae3546d,JUNCTIONS,5222,hadron_count,raw_weighted_sum,weighted_count,0x1.a817800000000p+19,AVAILABLE,WITHHELD_UNCERTAINTY
5b971128db27e845eaf2963352841314865273134de3ed6b50554d64d3b8a1b6,MONASH,5222,hadron_count,raw_weighted_sum,weighted_count,0x1.149a000000000p+15,AVAILABLE,WITHHELD_UNCERTAINTY
f9736c051a4eafd82489031400f81f1b7fdb5d819da970faa5c2e8fd0c748a0a,CLOSEPACKING,5224,beauty_plus_antibeauty_constituent_count,raw_count,count,0x1.b7dc800000000p+18,AVAILABLE,WITHHELD_UNCERTAINTY
38f2a4cdd11338a824965c6fafb5ebbfd6073b5948da6b50cb9e5dd1f6178ae1,JUNCTIONS,5224,beauty_plus_antibeauty_constituent_count,raw_count,count,0x1.e1b4000000000p+16,AVAILABLE,WITHHELD_UNCERTAINTY
3dcbb4effd84ae1270ff83e8a9cfc604683ca92163962848785aa4d52711a79a,MONASH,5224,beauty_plus_antibeauty_constituent_count,raw_count,count,0x1.8b72000000000p+15,AVAILABLE,WITHHELD_UNCERTAINTY
d6a92a31d09dae16bb52e7261b7058b440f6356a9e506097515cea9c77e342ca,CLOSEPACKING,5224,beauty_plus_antibeauty_constituent_count,raw_weighted_sum,weighted_count,0x1.b7dc800000000p+18,AVAILABLE,WITHHELD_UNCERTAINTY
96e79e394b9995551d6e3b75d3056777dec946a46f055d1411f3947a1ed925fc,JUNCTIONS,5224,beauty_plus_antibeauty_constituent_count,raw_weighted_sum,weighted_count,0x1.e1b4000000000p+16,AVAILABLE,WITHHELD_UNCERTAINTY
0d66b06f5bc71609a30405129ac943f33efe85e388e47be0ef3367c55aa106fc,MONASH,5224,beauty_plus_antibeauty_constituent_count,raw_weighted_sum,weighted_count,0x1.8b72000000000p+15,AVAILABLE,WITHHELD_UNCERTAINTY
5cc6628612ddcee1f6a23d167557702123e4c266f528ea533859d1d7e3076c0c,CLOSEPACKING,5224,charm_plus_anticharm_constituent_count,raw_count,count,0x0.0p+0,AVAILABLE,WITHHELD_UNCERTAINTY
abb53558b2034aef995ee8ff9015751a0620b51c273c5cbdbbf3e4872b16d065,JUNCTIONS,5224,charm_plus_anticharm_constituent_count,raw_count,count,0x0.0p+0,AVAILABLE,WITHHELD_UNCERTAINTY
d3954488546b62dbdbede3f080172cdea0705c4a7d28c03090f8cad77e62da17,MONASH,5224,charm_plus_anticharm_constituent_count,raw_count,count,0x0.0p+0,AVAILABLE,WITHHELD_UNCERTAINTY
99853284e367f38fdf0546bed6ac95930572d5cbddb3df9b0a92f7aadf753dea,CLOSEPACKING,5224,charm_plus_anticharm_constituent_count,raw_weighted_sum,weighted_count,0x0.0p+0,AVAILABLE,WITHHELD_UNCERTAINTY
6f34198eb27ca416c88153c169881831aa2b12018bf93c8bf0a25512f796dd5a,JUNCTIONS,5224,charm_plus_anticharm_constituent_count,raw_weighted_sum,weighted_count,0x0.0p+0,AVAILABLE,WITHHELD_UNCERTAINTY
210ba6ce1def1529792450a017c54669eef0b4f45f5e8fe2b544f21c7da91481,MONASH,5224,charm_plus_anticharm_constituent_count,raw_weighted_sum,weighted_count,0x0.0p+0,AVAILABLE,WITHHELD_UNCERTAINTY
8ed2d59d8f57592be15f625a69208cc465f65d8904fa8320f4c4557fa7ba7fdf,CLOSEPACKING,5224,hadron_count,normalized_yield,per_event,0x1.272f99cb989a4p-8,AVAILABLE,AVAILABLE
6a8bf906eccf2814d2a11f2f77b99a529aa6b3c3abc7c1e94b3198903f2fde55,JUNCTIONS,5224,hadron_count,normalized_yield,per_event,0x1.4343f77ba20cep-10,AVAILABLE,AVAILABLE
0a89480b821f043908bd54f301a629997e30fe6a0bceaeba1ceebef86786fccf,MONASH,5224,hadron_count,normalized_yield,per_event,0x1.0960fcc50d0fep-11,AVAILABLE,AVAILABLE
3b4dedaad2bfc904ff7e71197593d4813ba5a720929b811dc49e9a1804705c83,CLOSEPACKING,5224,hadron_count,raw_count,count,0x1.b7dc800000000p+18,AVAILABLE,WITHHELD_UNCERTAINTY
324acbe4e80197b8c8bc092ef2811e5ca08375bb004c2b5b9c601ec0e9b02e8e,JUNCTIONS,5224,hadron_count,raw_count,count,0x1.e1b4000000000p+16,AVAILABLE,WITHHELD_UNCERTAINTY
b6f56846f7ca6231c805c7ee99277d114432d08df2ab128dd9e836a1d405cbd6,MONASH,5224,hadron_count,raw_count,count,0x1.8b72000000000p+15,AVAILABLE,WITHHELD_UNCERTAINTY
04faeef76699219e1274be88b22fadc4f72d3cb4e82c0f5ea513e39d86bfc45c,CLOSEPACKING,5224,hadron_count,raw_weighted_sum,weighted_count,0x1.b7dc800000000p+18,AVAILABLE,WITHHELD_UNCERTAINTY
04e6a9fcb4398488f4fc3c38f248298363aee4f875f45586707940e4226e6b83,JUNCTIONS,5224,hadron_count,raw_weighted_sum,weighted_count,0x1.e1b4000000000p+16,AVAILABLE,WITHHELD_UNCERTAINTY
3381baa01b3f1f28df7b7d029d00af8f6961615a21846d90509eb97a3251afae,MONASH,5224,hadron_count,raw_weighted_sum,weighted_count,0x1.8b72000000000p+15,AVAILABLE,WITHHELD_UNCERTAINTY
0635590b1a8b4c4b6a1415b2d00be51b2c8b61e5d1d676ce38fd1150d57f96f2,CLOSEPACKING,523,beauty_plus_antibeauty_constituent_count,raw_count,count,0x1.5ec8780000000p+21,AVAILABLE,WITHHELD_UNCERTAINTY
463246e0007edfaf591c4d0d29024dd6b13b530d405bb6634653909de869f686,JUNCTIONS,523,beauty_plus_antibeauty_constituent_count,raw_count,count,0x1.6747d80000000p+21,AVAILABLE,WITHHELD_UNCERTAINTY
3317f738f9fc1e0714b52852652dcfe7075e8b1f16f255d9521f1cb1f2b6da8f,MONASH,523,beauty_plus_antibeauty_constituent_count,raw_count,count,0x1.f119f80000000p+21,AVAILABLE,WITHHELD_UNCERTAINTY
20a438ac1ba5afd85af697b22e5992ac8f0e4c4e07717b7e26ac166da64d574e,CLOSEPACKING,523,beauty_plus_antibeauty_constituent_count,raw_weighted_sum,weighted_count,0x1.5ec8780000000p+21,AVAILABLE,WITHHELD_UNCERTAINTY
8122f1a4aeafa178655e5e117603a1942448b85ebb17ae456fb1c599d5a8ebdd,JUNCTIONS,523,beauty_plus_antibeauty_constituent_count,raw_weighted_sum,weighted_count,0x1.6747d80000000p+21,AVAILABLE,WITHHELD_UNCERTAINTY
9d7790cd1763b1908d4cc568528d69a570c8a0bf3d399b771d59b9b6d1259904,MONASH,523,beauty_plus_antibeauty_constituent_count,raw_weighted_sum,weighted_count,0x1.f119f80000000p+21,AVAILABLE,WITHHELD_UNCERTAINTY
5f0d109efc33e600e23a6ebc0cbe9979eb50994fb9cc0f3dde47018a299bf6e3,CLOSEPACKING,523,charm_plus_anticharm_constituent_count,raw_count,count,0x0.0p+0,AVAILABLE,WITHHELD_UNCERTAINTY
1d4ebb25efbe2c6bf21bfae1781ff5d46254b4f09b01d6fce3ea6605dfcd30c3,JUNCTIONS,523,charm_plus_anticharm_constituent_count,raw_count,count,0x0.0p+0,AVAILABLE,WITHHELD_UNCERTAINTY
fc498f87a58148baf588e091b69b049699a805f0594e0e1e9092e001257aefdf,MONASH,523,charm_plus_anticharm_constituent_count,raw_count,count,0x0.0p+0,AVAILABLE,WITHHELD_UNCERTAINTY
98b7ff676840e1b0e7f2c4b9069a08fa794c345090fe084faaac61419b0b5080,CLOSEPACKING,523,charm_plus_anticharm_constituent_count,raw_weighted_sum,weighted_count,0x0.0p+0,AVAILABLE,WITHHELD_UNCERTAINTY
b359316c664dfb5a18a6f1c76287a5c5a7f951aae8f8a9012f0c00fe6a1ba6c3,JUNCTIONS,523,charm_plus_anticharm_constituent_count,raw_weighted_sum,weighted_count,0x0.0p+0,AVAILABLE,WITHHELD_UNCERTAINTY
5a99a0bbcc27f60f0a0816d21f6a22ff2b2630c2399a755998f2d4f377c8c8e9,MONASH,523,charm_plus_anticharm_constituent_count,raw_weighted_sum,weighted_count,0x0.0p+0,AVAILABLE,WITHHELD_UNCERTAINTY
907ec23e9cf3eca885bd07c8c1a767ffaa02892b397dc3235f374d2502cc6d37,CLOSEPACKING,523,hadron_count,normalized_yield,per_event,0x1.d6d0261da0fabp-6,AVAILABLE,AVAILABLE
b80a8cfdb4f059473f93aeb975c233b12fef652a31c0833e83c01c94f671d99d,JUNCTIONS,523,hadron_count,normalized_yield,per_event,0x1.e237e34635ef5p-6,AVAILABLE,AVAILABLE
a0cb855497793f645bc850e5c1812ad7158d21054356e7d44ebd6334f1bda245,MONASH,523,hadron_count,normalized_yield,per_event,0x1.4d99608eb610dp-5,AVAILABLE,AVAILABLE
d45954754a890ae1fb95a0a504835b69ba34789c1c3e4a3325cdc8289d9a76d1,CLOSEPACKING,523,hadron_count,raw_count,count,0x1.5ec8780000000p+21,AVAILABLE,WITHHELD_UNCERTAINTY
0b6900197f80751ab2010604820c2366748c6235f968ce9105c3e5a2b68eb410,JUNCTIONS,523,hadron_count,raw_count,count,0x1.6747d80000000p+21,AVAILABLE,WITHHELD_UNCERTAINTY
fcf39272a8d2f2e2ae87adda5e02869e2b9f353a6fd54e012d7e8d5d7a723050,MONASH,523,hadron_count,raw_count,count,0x1.f119f80000000p+21,AVAILABLE,WITHHELD_UNCERTAINTY
ac43a487d44a499ef792f5853a1c9753a35d114aa1abdaa22c907554dd17687e,CLOSEPACKING,523,hadron_count,raw_weighted_sum,weighted_count,0x1.5ec8780000000p+21,AVAILABLE,WITHHELD_UNCERTAINTY
5d4ca717cef88a68c7c3e8bbea4375375d5e97a717dc01bcc3dcdadf42ba9ef4,JUNCTIONS,523,hadron_count,raw_weighted_sum,weighted_count,0x1.6747d80000000p+21,AVAILABLE,WITHHELD_UNCERTAINTY
973df6a77ec38571f6dc1ef730300719d52661062da02447e36f0ea189174b08,MONASH,523,hadron_count,raw_weighted_sum,weighted_count,0x1.f119f80000000p+21,AVAILABLE,WITHHELD_UNCERTAINTY
7435007266075ce7428739303d6c3fa78484318d0b94f55de519f0fbc2fdfd2c,CLOSEPACKING,5232,beauty_plus_antibeauty_constituent_count,raw_count,count,0x1.12c8000000000p+17,AVAILABLE,WITHHELD_UNCERTAINTY
a8938b9e3d9645e3822d13082e51d3de104a3cccefc28c48b72cc969da3bc3d8,JUNCTIONS,5232,beauty_plus_antibeauty_constituent_count,raw_count,count,0x1.e374000000000p+16,AVAILABLE,WITHHELD_UNCERTAINTY
178b5f59e890fe94f5c27b555636c2529e4a381bab2904e601be844acde74c0f,MONASH,5232,beauty_plus_antibeauty_constituent_count,raw_count,count,0x1.c2ee000000000p+15,AVAILABLE,WITHHELD_UNCERTAINTY
b741776c8c75cd0b99fde08b196e49e62c915c79051681503f9b93c0b3fab76a,CLOSEPACKING,5232,beauty_plus_antibeauty_constituent_count,raw_weighted_sum,weighted_count,0x1.12c8000000000p+17,AVAILABLE,WITHHELD_UNCERTAINTY
d333109873489c48612e1388ed98da2ec4aa695663aa401361412cd5a4682309,JUNCTIONS,5232,beauty_plus_antibeauty_constituent_count,raw_weighted_sum,weighted_count,0x1.e374000000000p+16,AVAILABLE,WITHHELD_UNCERTAINTY
95169066725d4174fbdc4564ef7ece223bbfab2306c4fb709daea194b0ca2c65,MONASH,5232,beauty_plus_antibeauty_constituent_count,raw_weighted_sum,weighted_count,0x1.c2ee000000000p+15,AVAILABLE,WITHHELD_UNCERTAINTY
6c6222183fa653e66dcb47ed12c1f3d2acb3a1f7f0736fb1bc744628cf23ff28,CLOSEPACKING,5232,charm_plus_anticharm_constituent_count,raw_count,count,0x0.0p+0,AVAILABLE,WITHHELD_UNCERTAINTY
7603076b280befb5021640f9fd6792b46dfdbbb73af8ecfce7b0f68ea171174d,JUNCTIONS,5232,charm_plus_anticharm_constituent_count,raw_count,count,0x0.0p+0,AVAILABLE,WITHHELD_UNCERTAINTY
5d772aa56d8f9e1eed127bec5827773c8d7776a9bc2f6d1511c3a6ed14368f91,MONASH,5232,charm_plus_anticharm_constituent_count,raw_count,count,0x0.0p+0,AVAILABLE,WITHHELD_UNCERTAINTY
46ec1a987727ce5db0ee516e34117ac37a14d81269faa88d71505d7959de99f0,CLOSEPACKING,5232,charm_plus_anticharm_constituent_count,raw_weighted_sum,weighted_count,0x0.0p+0,AVAILABLE,WITHHELD_UNCERTAINTY
ffa75230e4580b5d52c603b344222f473e469229141a4fcbb6d1a9be717e771b,JUNCTIONS,5232,charm_plus_anticharm_constituent_count,raw_weighted_sum,weighted_count,0x0.0p+0,AVAILABLE,WITHHELD_UNCERTAINTY
b2a769ebec1bedcfca468d63cac1f2c07c0dd9c45f751067c1be151edc5faec7,MONASH,5232,charm_plus_anticharm_constituent_count,raw_weighted_sum,weighted_count,0x0.0p+0,AVAILABLE,WITHHELD_UNCERTAINTY
ffc39e38384a4225526ec75f41683c4b2d33f823b068f6b7eedfe246a299e9ba,CLOSEPACKING,5232,hadron_count,normalized_yield,per_event,0x1.70ce1e5b8ac03p-10,AVAILABLE,AVAILABLE
2c7a6266887ef986c77f35749243c5b8bd9c3edc8c3f9011ed8ddeeeb30414ba,JUNCTIONS,5232,hadron_count,normalized_yield,per_event,0x1.44709d4c00b48p-10,AVAILABLE,AVAILABLE
c4214d8333cf1b2319029a5052cb6bc832be6a13b8d64db0b647a5c42da5cab9,MONASH,5232,hadron_count,normalized_yield,per_event,0x1.2e9d21637cfd0p-11,AVAILABLE,AVAILABLE
dc4dfe8eb962d71dfa3c3c263bc8524bc502322232c3a28927eb8910b0a16ad1,CLOSEPACKING,5232,hadron_count,raw_count,count,0x1.12c8000000000p+17,AVAILABLE,WITHHELD_UNCERTAINTY
76fb5fee04a7dd660f6763691e4149858708969501b269c4244fef72cfb28bf6,JUNCTIONS,5232,hadron_count,raw_count,count,0x1.e374000000000p+16,AVAILABLE,WITHHELD_UNCERTAINTY
264bb252d83d0e19220efcb734a0ec6ea2dc957b5eb309495d7d1978cad639c5,MONASH,5232,hadron_count,raw_count,count,0x1.c2ee000000000p+15,AVAILABLE,WITHHELD_UNCERTAINTY
2b9159be41f2a0d3e66a4fba3d31a8654a1fdd15c0a1269d2d9543b2546e8171,CLOSEPACKING,5232,hadron_count,raw_weighted_sum,weighted_count,0x1.12c8000000000p+17,AVAILABLE,WITHHELD_UNCERTAINTY
b24e717a32aa102fbdec91b20fa41fff289538e55e7e0d8f6b5feb4733efad75,JUNCTIONS,5232,hadron_count,raw_weighted_sum,weighted_count,0x1.e374000000000p+16,AVAILABLE,WITHHELD_UNCERTAINTY
67bce67577a7a4de09674c02bdf125579d0ad395058cae71a9c5912a43b1783e,MONASH,5232,hadron_count,raw_weighted_sum,weighted_count,0x1.c2ee000000000p+15,AVAILABLE,WITHHELD_UNCERTAINTY
dd889a2348d03eea50c8a68bb7c0baf006aa9b07521dae2b5c48ee627f44dc4f,CLOSEPACKING,5242,beauty_plus_antibeauty_constituent_count,raw_count,count,0x1.d8c0000000000p+11,AVAILABLE,WITHHELD_UNCERTAINTY
2f3052608b506d4daecd30095b38f0ce7f9a48e4996903c44ddb0008dbf5ab40,JUNCTIONS,5242,beauty_plus_antibeauty_constituent_count,raw_count,count,0x1.f8c0000000000p+11,AVAILABLE,WITHHELD_UNCERTAINTY
380a2ce9370e8c363f4a59f9fb54042a81b47d0d7e931b3cbf486e4f57a36f27,MONASH,5242,beauty_plus_antibeauty_constituent_count,raw_count,count,0x1.4000000000000p+2,AVAILABLE,WITHHELD_UNCERTAINTY
71539e50c01e6d227f576a0262e322c1fe0533543c7eac6de9bcc5a00b1a10b6,CLOSEPACKING,5242,beauty_plus_antibeauty_constituent_count,raw_weighted_sum,weighted_count,0x1.d8c0000000000p+11,AVAILABLE,WITHHELD_UNCERTAINTY
53e296ea6abb86d3e22fef3bc9233c4d0726ef3d7596372a610a7e42678be154,JUNCTIONS,5242,beauty_plus_antibeauty_constituent_count,raw_weighted_sum,weighted_count,0x1.f8c0000000000p+11,AVAILABLE,WITHHELD_UNCERTAINTY
945451d4f397c321cf90b9efcb718ba1535a526a776f3ae6a4a9d6b5d5ac55e7,MONASH,5242,beauty_plus_antibeauty_constituent_count,raw_weighted_sum,weighted_count,0x1.4000000000000p+2,AVAILABLE,WITHHELD_UNCERTAINTY
b31f89d2e73e365ccab2c08efa0c9a5a2ef3550d3c5b7c3a4a0619cd7c12a2a3,CLOSEPACKING,5242,charm_plus_anticharm_constituent_count,raw_count,count,0x1.d8c0000000000p+11,AVAILABLE,WITHHELD_UNCERTAINTY
bf84ca26df26aa2e243dda81aa1dc8155f3cbaaeb855829724e9d1c96a21c536,JUNCTIONS,5242,charm_plus_anticharm_constituent_count,raw_count,count,0x1.f8c0000000000p+11,AVAILABLE,WITHHELD_UNCERTAINTY
c292aa1f3a91c6c071d61167808e15fc5a3aeecfc303622d88089e1651bc2cac,MONASH,5242,charm_plus_anticharm_constituent_count,raw_count,count,0x1.4000000000000p+2,AVAILABLE,WITHHELD_UNCERTAINTY
4ecc10132ad8b5aeeea39c138f351034309f89765abea8d419aa466e13f58445,CLOSEPACKING,5242,charm_plus_anticharm_constituent_count,raw_weighted_sum,weighted_count,0x1.d8c0000000000p+11,AVAILABLE,WITHHELD_UNCERTAINTY
177a188af7e3f7158694ec379965d03e56a873ac7474b31ea98e576ef7e454e2,JUNCTIONS,5242,charm_plus_anticharm_constituent_count,raw_weighted_sum,weighted_count,0x1.f8c0000000000p+11,AVAILABLE,WITHHELD_UNCERTAINTY
b2bde27743579c483ea0bbace1718c3f3b3d098f45c9470f62af5a3bca55db5c,MONASH,5242,charm_plus_anticharm_constituent_count,raw_weighted_sum,weighted_count,0x1.4000000000000p+2,AVAILABLE,WITHHELD_UNCERTAINTY
13449ecff5ee611388dcdc9e73cdef46d93003270f670e6570dc874dd368ce0e,CLOSEPACKING,5242,hadron_count,normalized_yield,per_event,0x1.3d41d4e19937ap-15,AVAILABLE,AVAILABLE
793abfb55555286dbeea1e82025242809c6b23885652982241c66ff35f73e3b1,JUNCTIONS,5242,hadron_count,normalized_yield,per_event,0x1.52bb63c3c9c3ep-15,AVAILABLE,AVAILABLE
1943ba003f1c5543a6b2e7a3b619b677dfea7c63d1b6117b62fbe224253e28d9,MONASH,5242,hadron_count,normalized_yield,per_event,0x1.ad7f29abcaf48p-25,AVAILABLE,AVAILABLE
f431e78b4c9ffc8d06f1a042b0fd9a5ad2d28118802f39f5e40835b41d0561e0,CLOSEPACKING,5242,hadron_count,raw_count,count,0x1.d8c0000000000p+11,AVAILABLE,WITHHELD_UNCERTAINTY
db55302d7575bc3aac84e2641e20a48b6c5e1fb53300ef397f417561e244ecc2,JUNCTIONS,5242,hadron_count,raw_count,count,0x1.f8c0000000000p+11,AVAILABLE,WITHHELD_UNCERTAINTY
5fdd18ef949608441acb16c8112f84ab49ffcc413a0d5ad8eec8a09baba699bc,MONASH,5242,hadron_count,raw_count,count,0x1.4000000000000p+2,AVAILABLE,WITHHELD_UNCERTAINTY
052b56adcf45f2675175edb74106ff38879335dc4e2a2956fad8e80154e176ca,CLOSEPACKING,5242,hadron_count,raw_weighted_sum,weighted_count,0x1.d8c0000000000p+11,AVAILABLE,WITHHELD_UNCERTAINTY
49f10eb710f02514bb28f61c73a882fa5051c04a74174add969b57fdb0e22773,JUNCTIONS,5242,hadron_count,raw_weighted_sum,weighted_count,0x1.f8c0000000000p+11,AVAILABLE,WITHHELD_UNCERTAINTY
25195cae73e76f275f63140b6c87ac527b49e7352b1b128bbabac9e0813ae51c,MONASH,5242,hadron_count,raw_weighted_sum,weighted_count,0x1.4000000000000p+2,AVAILABLE,WITHHELD_UNCERTAINTY
e49967496daffdfc9950b6b5a10e11d6041a14dca6c8c8f2ba91098f19ad44ea,CLOSEPACKING,531,beauty_plus_antibeauty_constituent_count,raw_count,count,0x1.2cd3400000000p+18,AVAILABLE,WITHHELD_UNCERTAINTY
e572d0a7f40766bbe82cef454860f4fc8f8bcfe9817c4a7c839c3f6811a4e774,JUNCTIONS,531,beauty_plus_antibeauty_constituent_count,raw_count,count,0x1.07f8c00000000p+18,AVAILABLE,WITHHELD_UNCERTAINTY
14b67321c3b0ca55e9adbb8a410884a04c78884f0805918768c732ccb4a14f88,MONASH,531,beauty_plus_antibeauty_constituent_count,raw_count,count,0x1.978d800000000p+18,AVAILABLE,WITHHELD_UNCERTAINTY
f7e696a24c77d54798a312e9b5e19795bf909ed2c418c0b740c21e3366303a9b,CLOSEPACKING,531,beauty_plus_antibeauty_constituent_count,raw_weighted_sum,weighted_count,0x1.2cd3400000000p+18,AVAILABLE,WITHHELD_UNCERTAINTY
7356f3069fda0142b7888e7250634261e037890aabb5aedc80bc842e3300c89b,JUNCTIONS,531,beauty_plus_antibeauty_constituent_count,raw_weighted_sum,weighted_count,0x1.07f8c00000000p+18,AVAILABLE,WITHHELD_UNCERTAINTY
e8b5ea9d0ce8ab3dbcfac7558b09b0849225af8db56255a8dab02ae872e9eaaf,MONASH,531,beauty_plus_antibeauty_constituent_count,raw_weighted_sum,weighted_count,0x1.978d800000000p+18,AVAILABLE,WITHHELD_UNCERTAINTY
9cadf6742b7411937cf8673279237784cf9d3ff0275f518bbe751e6f1384e2c7,CLOSEPACKING,531,charm_plus_anticharm_constituent_count,raw_count,count,0x0.0p+0,AVAILABLE,WITHHELD_UNCERTAINTY
0efb0e53fb365ddda4b68a1e5a55d46ab6e898add23c63a964b9d01109b91c03,JUNCTIONS,531,charm_plus_anticharm_constituent_count,raw_count,count,0x0.0p+0,AVAILABLE,WITHHELD_UNCERTAINTY
f63e301aa41c5575046bd7d8ac0accc8431c061a9d4cfd5a8e160e7cd310cb3c,MONASH,531,charm_plus_anticharm_constituent_count,raw_count,count,0x0.0p+0,AVAILABLE,WITHHELD_UNCERTAINTY
be3626d2060a7774ab3ab7e4e287edf367aab87e2a1f29379106497763c19dd4,CLOSEPACKING,531,charm_plus_anticharm_constituent_count,raw_weighted_sum,weighted_count,0x0.0p+0,AVAILABLE,WITHHELD_UNCERTAINTY
c929d5bd6970dab4a7449878843c7c9c1d5f94513fc4c769d605ab8d67a7c619,JUNCTIONS,531,charm_plus_anticharm_constituent_count,raw_weighted_sum,weighted_count,0x0.0p+0,AVAILABLE,WITHHELD_UNCERTAINTY
32b83a2e1994b85825ee5fe6734f6d07d417a1603c77e188ba56b9dd9143435a,MONASH,531,charm_plus_anticharm_constituent_count,raw_weighted_sum,weighted_count,0x0.0p+0,AVAILABLE,WITHHELD_UNCERTAINTY
0af9e0c5f4e077d0d7a79249991f88290a3680eb1bf679b96f928122524bde94,CLOSEPACKING,531,hadron_count,normalized_yield,per_event,0x1.93c2c00390ae4p-9,AVAILABLE,AVAILABLE
f728ca83ff4a46c8cf37470da1225440689bfaa863bbc436eb2d2b6013e4dc91,JUNCTIONS,531,hadron_count,normalized_yield,per_event,0x1.624bfa7f628bcp-9,AVAILABLE,AVAILABLE
475bb0fbddcf11cf0dce765dae8ac386b7242d9cc279441a26ead900ec77b2cb,MONASH,531,hadron_count,normalized_yield,per_event,0x1.118106d0a9a63p-8,AVAILABLE,AVAILABLE
21f5afedd6cc3182afad1869a12b3ed765980383be2acc30d2414e96b0924459,CLOSEPACKING,531,hadron_count,raw_count,count,0x1.2cd3400000000p+18,AVAILABLE,WITHHELD_UNCERTAINTY
4aaff108b162d5cbdc9d5d94969e9c813c703bc5d2e0797e2a22934c1759fdd2,JUNCTIONS,531,hadron_count,raw_count,count,0x1.07f8c00000000p+18,AVAILABLE,WITHHELD_UNCERTAINTY
7515467be33a6f865f2989c3891af449cddf75266fcdd166069eb09cd36f2eb3,MONASH,531,hadron_count,raw_count,count,0x1.978d800000000p+18,AVAILABLE,WITHHELD_UNCERTAINTY
50a0e0d5895e76209354f7e5a3c8e6adf195d8f2f7cb2f108aa67ab93b64ab2c,CLOSEPACKING,531,hadron_count,raw_weighted_sum,weighted_count,0x1.2cd3400000000p+18,AVAILABLE,WITHHELD_UNCERTAINTY
91125b39d6a5e88ff92eb5c746de55fedff1ca03bba1fe5bb671a127009693b7,JUNCTIONS,531,hadron_count,raw_weighted_sum,weighted_count,0x1.07f8c00000000p+18,AVAILABLE,WITHHELD_UNCERTAINTY
78cbf8099bd393da19c81f9af872e51e7831ebea073862050f7e5dd22fdc0f1f,MONASH,531,hadron_count,raw_weighted_sum,weighted_count,0x1.978d800000000p+18,AVAILABLE,WITHHELD_UNCERTAINTY
c7f5f90e93fb7b8e3b6510f25a769da64c3a10ab44a46adf98a03977c446c3c6,CLOSEPACKING,5312,beauty_plus_antibeauty_constituent_count,raw_count,count,0x1.2aa6800000000p+17,AVAILABLE,WITHHELD_UNCERTAINTY
db5ab104cca5e4daec43978b9e8dec945d84e8a36f53a96f86ada47ab59357ba,JUNCTIONS,5312,beauty_plus_antibeauty_constituent_count,raw_count,count,0x1.ada4000000000p+17,AVAILABLE,WITHHELD_UNCERTAINTY
2ae54e8d4fc6a3f3253a18f2971c59f3c4fa5b0066b0ab9f2a74341fb2c95256,MONASH,5312,beauty_plus_antibeauty_constituent_count,raw_count,count,0x1.9770000000000p+12,AVAILABLE,WITHHELD_UNCERTAINTY
a84c27cf93a07fbe921a1073ed40c7c4a931faeb65a1e30f8858b8a65c1fba85,CLOSEPACKING,5312,beauty_plus_antibeauty_constituent_count,raw_weighted_sum,weighted_count,0x1.2aa6800000000p+17,AVAILABLE,WITHHELD_UNCERTAINTY
10cf139769ab39d9b4d31e7245730593488b3a8ae4a45a434a03df06fe5ddb4d,JUNCTIONS,5312,beauty_plus_antibeauty_constituent_count,raw_weighted_sum,weighted_count,0x1.ada4000000000p+17,AVAILABLE,WITHHELD_UNCERTAINTY
e58600f2111055422eb5cf054c13c94b88013c6dd4775645b7deab3132676155,MONASH,5312,beauty_plus_antibeauty_constituent_count,raw_weighted_sum,weighted_count,0x1.9770000000000p+12,AVAILABLE,WITHHELD_UNCERTAINTY
ed7e6af168648e4a8f75d4f367720c15688c1df7850925b80d8ffc914ca4338f,CLOSEPACKING,5312,charm_plus_anticharm_constituent_count,raw_count,count,0x0.0p+0,AVAILABLE,WITHHELD_UNCERTAINTY
bd79ccce8e8efa783bd1ea145a08767a71d8ab5c9612148b76d9f34482dac8a9,JUNCTIONS,5312,charm_plus_anticharm_constituent_count,raw_count,count,0x0.0p+0,AVAILABLE,WITHHELD_UNCERTAINTY
bff9f3de2d4a732ccaeab06630a70e47b0ad41f313aa09cf094727d1a6d43366,MONASH,5312,charm_plus_anticharm_constituent_count,raw_count,count,0x0.0p+0,AVAILABLE,WITHHELD_UNCERTAINTY
8c82e66cf00f5b5854590f1609824960547998520fe55b796865225c9e36dff4,CLOSEPACKING,5312,charm_plus_anticharm_constituent_count,raw_weighted_sum,weighted_count,0x0.0p+0,AVAILABLE,WITHHELD_UNCERTAINTY
31cc1638eeb8ea62ba72c51e0f2544bc1a5a1f60a368f914f4eb77b736012b04,JUNCTIONS,5312,charm_plus_anticharm_constituent_count,raw_weighted_sum,weighted_count,0x0.0p+0,AVAILABLE,WITHHELD_UNCERTAINTY
72a831527a6d53ed5d0ebcb138b6f9341b0c01cd74e69786776cdf73e3b0d2dd,MONASH,5312,charm_plus_anticharm_constituent_count,raw_weighted_sum,weighted_count,0x0.0p+0,AVAILABLE,WITHHELD_UNCERTAINTY
ade773fba8916cf405dd87eefdd95fd61d3966bd60f674513638276373eec832,CLOSEPACKING,5312,hadron_count,normalized_yield,per_event,0x1.90d77e2ba9fcfp-10,AVAILABLE,AVAILABLE
d2928a0b941438b946e42009d28b87e1a5642596c32b4f7e9f6e7ed6c3100dd5,JUNCTIONS,5312,hadron_count,normalized_yield,per_event,0x1.2053b284a210bp-9,AVAILABLE,AVAILABLE
7166ffcc0c8d95b6e0340c962f66d49e252aa44f1b9c60bb27e976c9dd01fffa,MONASH,5312,hadron_count,normalized_yield,per_event,0x1.116d3ac0f1217p-14,AVAILABLE,AVAILABLE
9c7fafd8a7d44c1af0afc9a05238c6b77a2d4f35b6cadf9f36ba7e17c2c16b0d,CLOSEPACKING,5312,hadron_count,raw_count,count,0x1.2aa6800000000p+17,AVAILABLE,WITHHELD_UNCERTAINTY
8a1e6bb71eafec0cd50c5f648682e54d335a3906238e71a59bc613283b7e950e,JUNCTIONS,5312,hadron_count,raw_count,count,0x1.ada4000000000p+17,AVAILABLE,WITHHELD_UNCERTAINTY
0cc8bb42656f29db57955ca4f4a46a193182f065eb1d3e031d450c35785ec727,MONASH,5312,hadron_count,raw_count,count,0x1.9770000000000p+12,AVAILABLE,WITHHELD_UNCERTAINTY
3435e8290c4c0375a75f5325b9bcf60f08759b5879f736b8ba603291924f2b2a,CLOSEPACKING,5312,hadron_count,raw_weighted_sum,weighted_count,0x1.2aa6800000000p+17,AVAILABLE,WITHHELD_UNCERTAINTY
580a2c0cdcdcd9a62ffbe5625382c583422940b7e3b22b305e34d1daa5ea1b59,JUNCTIONS,5312,hadron_count,raw_weighted_sum,weighted_count,0x1.ada4000000000p+17,AVAILABLE,WITHHELD_UNCERTAINTY
82cfcb79cd24ee85f0afac153e08c0a39c4b7aa26a41fcd20089d8026a20231a,MONASH,5312,hadron_count,raw_weighted_sum,weighted_count,0x1.9770000000000p+12,AVAILABLE,WITHHELD_UNCERTAINTY
00eac9dfe78d3d9463982f893b4434a7dba843ce223b41a3254fed1eec36af4e,CLOSEPACKING,5314,beauty_plus_antibeauty_constituent_count,raw_count,count,0x1.2c0b000000000p+17,AVAILABLE,WITHHELD_UNCERTAINTY
519659419c51ebf558f6921524c53305e2d3b1de046c7e477274845f742c270b,JUNCTIONS,5314,beauty_plus_antibeauty_constituent_count,raw_count,count,0x1.6714000000000p+14,AVAILABLE,WITHHELD_UNCERTAINTY
2cfbebd6891108b7373d7049ac9f6c844c4ddf0758e2edff4ba8e7e475f794a7,MONASH,5314,beauty_plus_antibeauty_constituent_count,raw_count,count,0x1.1dd8000000000p+13,AVAILABLE,WITHHELD_UNCERTAINTY
12a932c160654e289dd72c8ae1aee2630434e8a12197e5103a04fa34c4282438,CLOSEPACKING,5314,beauty_plus_antibeauty_constituent_count,raw_weighted_sum,weighted_count,0x1.2c0b000000000p+17,AVAILABLE,WITHHELD_UNCERTAINTY
af70f3a3ec46bae3e6389e6654a179afa462bed241ff141dac9c470ca9996cda,JUNCTIONS,5314,beauty_plus_antibeauty_constituent_count,raw_weighted_sum,weighted_count,0x1.6714000000000p+14,AVAILABLE,WITHHELD_UNCERTAINTY
aa36b7173726c0bb32f3a29a2ddd368f54ad4dc2ab0c8ec1bbc29164a615dd56,MONASH,5314,beauty_plus_antibeauty_constituent_count,raw_weighted_sum,weighted_count,0x1.1dd8000000000p+13,AVAILABLE,WITHHELD_UNCERTAINTY
118376a16e917b4812d41d9d85c72d36cfc1f515625cb89508d0feef9c4c150d,CLOSEPACKING,5314,charm_plus_anticharm_constituent_count,raw_count,count,0x0.0p+0,AVAILABLE,WITHHELD_UNCERTAINTY
3d9e958d7dc7fded64b375ed59915c2de372172709d0fe91f81e162529e127f3,JUNCTIONS,5314,charm_plus_anticharm_constituent_count,raw_count,count,0x0.0p+0,AVAILABLE,WITHHELD_UNCERTAINTY
0f41200040e23ae9a209c5f367159499b8300ed690eeb275af65f3677a3a4e7b,MONASH,5314,charm_plus_anticharm_constituent_count,raw_count,count,0x0.0p+0,AVAILABLE,WITHHELD_UNCERTAINTY
ee71cf41e82290d8697aaeb0644b69adb84a7cc7b3f928779ab57aa570e950fe,CLOSEPACKING,5314,charm_plus_anticharm_constituent_count,raw_weighted_sum,weighted_count,0x0.0p+0,AVAILABLE,WITHHELD_UNCERTAINTY
bbc43498ab750809a7ce8825526817b6fd5bedb0a0667d9621a5412bd0742285,JUNCTIONS,5314,charm_plus_anticharm_constituent_count,raw_weighted_sum,weighted_count,0x0.0p+0,AVAILABLE,WITHHELD_UNCERTAINTY
7071e861f0fdadf39182c17517831f8d135eaa56c67dc9752571041267a86c62,MONASH,5314,charm_plus_anticharm_constituent_count,raw_weighted_sum,weighted_count,0x0.0p+0,AVAILABLE,WITHHELD_UNCERTAINTY
f455fd476a395140243db103e541cfaa9a88b3310452b336a0c77531825d19af,CLOSEPACKING,5314,hadron_count,normalized_yield,per_event,0x1.92b5faa349c6ap-10,AVAILABLE,AVAILABLE
12c2491e210d7c3771d3b6bf100bc9fff2827cdbaddbd14ad4c4e2a669327ad1,JUNCTIONS,5314,hadron_count,normalized_yield,per_event,0x1.e1f24de5bc070p-13,AVAILABLE,AVAILABLE
cd8aee8a727b3275e8d20c54f99145b7601c993c715efe0e707491f820d30bf1,MONASH,5314,hadron_count,normalized_yield,per_event,0x1.7fa72a25ee513p-14,AVAILABLE,AVAILABLE
cf3adddc81b090761272f902f6a4013e9a3a3c8a27b7d9ee5635b653afde08db,CLOSEPACKING,5314,hadron_count,raw_count,count,0x1.2c0b000000000p+17,AVAILABLE,WITHHELD_UNCERTAINTY
ea1b054be95c56d9a2db24891d59770e525566e6f61f2abd4eb1b5f8c2e4e2fd,JUNCTIONS,5314,hadron_count,raw_count,count,0x1.6714000000000p+14,AVAILABLE,WITHHELD_UNCERTAINTY
7db6fc7fbf4c6c5246f984bcb9da886dead19f77866d81703f31eb722a06b811,MONASH,5314,hadron_count,raw_count,count,0x1.1dd8000000000p+13,AVAILABLE,WITHHELD_UNCERTAINTY
63d5359e8627b79bc986b2fa20faaad64e79763684be79362dfd9fde069d8b0f,CLOSEPACKING,5314,hadron_count,raw_weighted_sum,weighted_count,0x1.2c0b000000000p+17,AVAILABLE,WITHHELD_UNCERTAINTY
5a7f5d630dc26d12c51925cf07470b6c98be9b568f2c8910a0add7a6cb702d26,JUNCTIONS,5314,hadron_count,raw_weighted_sum,weighted_count,0x1.6714000000000p+14,AVAILABLE,WITHHELD_UNCERTAINTY
219e66fab326374a5f796d061cae473e2e4e4597448f7811462e8fb67273a3c5,MONASH,5314,hadron_count,raw_weighted_sum,weighted_count,0x1.1dd8000000000p+13,AVAILABLE,WITHHELD_UNCERTAINTY
57228313ad3ff33e3d45a82370806af3019d8b5a9865236e9621e4786a2f49a5,CLOSEPACKING,5322,beauty_plus_antibeauty_constituent_count,raw_count,count,0x1.29cc000000000p+17,AVAILABLE,WITHHELD_UNCERTAINTY
3ce81a2c8d0856c6267cf9906cdf10332cad030a7af39b4136ea8a739f9ed4b9,JUNCTIONS,5322,beauty_plus_antibeauty_constituent_count,raw_count,count,0x1.ae1d800000000p+17,AVAILABLE,WITHHELD_UNCERTAINTY
d3d4713867024a1fea348f94f8f634f5fe96d44e629acd22a7229807a18ad4cb,MONASH,5322,beauty_plus_antibeauty_constituent_count,raw_count,count,0x1.a210000000000p+12,AVAILABLE,WITHHELD_UNCERTAINTY
ad0097b2fd66028d238a39cf15a56c15f2079db666fc0271f134b48bde00ce26,CLOSEPACKING,5322,beauty_plus_antibeauty_constituent_count,raw_weighted_sum,weighted_count,0x1.29cc000000000p+17,AVAILABLE,WITHHELD_UNCERTAINTY
87235f283042dab5b6461a6005d7c74bf693bc8e7acd0a20d910f0b4b54cfee6,JUNCTIONS,5322,beauty_plus_antibeauty_constituent_count,raw_weighted_sum,weighted_count,0x1.ae1d800000000p+17,AVAILABLE,WITHHELD_UNCERTAINTY
110136ac3ace3846c24bf0de55343b61ce4057926e6ecc5623754a75d9bc8000,MONASH,5322,beauty_plus_antibeauty_constituent_count,raw_weighted_sum,weighted_count,0x1.a210000000000p+12,AVAILABLE,WITHHELD_UNCERTAINTY
526169ff79fe4e353e0879671d4fb12845a0ba1b7523f81f774b3256d4824ae2,CLOSEPACKING,5322,charm_plus_anticharm_constituent_count,raw_count,count,0x0.0p+0,AVAILABLE,WITHHELD_UNCERTAINTY
e789f3f7bd33e470ed9bcc566d801f18f5dcc5a1bb99836b6737ccdfb133cb7a,JUNCTIONS,5322,charm_plus_anticharm_constituent_count,raw_count,count,0x0.0p+0,AVAILABLE,WITHHELD_UNCERTAINTY
c2fce0baf23c74de30dff3ef72aa2db58cc562d030bb84d9eb04061518f6865a,MONASH,5322,charm_plus_anticharm_constituent_count,raw_count,count,0x0.0p+0,AVAILABLE,WITHHELD_UNCERTAINTY
7f1938db47a68957f800d39ee3f470a3c8b71bba5769e80166049bbf1d628965,CLOSEPACKING,5322,charm_plus_anticharm_constituent_count,raw_weighted_sum,weighted_count,0x0.0p+0,AVAILABLE,WITHHELD_UNCERTAINTY
c32819de0a75cacb844645cf3628585371404b1d9b816218b792407de21ab86e,JUNCTIONS,5322,charm_plus_anticharm_constituent_count,raw_weighted_sum,weighted_count,0x0.0p+0,AVAILABLE,WITHHELD_UNCERTAINTY
00afd22305a3cee35dd02bb4af7377219537f8fe09cdc01a046e8244b9437143,MONASH,5322,charm_plus_anticharm_constituent_count,raw_weighted_sum,weighted_count,0x0.0p+0,AVAILABLE,WITHHELD_UNCERTAINTY
5ee2237d8b116abc26b9f830ab7da0164e383b539704bf8bd12a63606462c040,CLOSEPACKING,5322,hadron_count,normalized_yield,per_event,0x1.8fb23a246915fp-10,AVAILABLE,AVAILABLE
bc0deda8a5dc5845a0c1498730192d1bebdff0727fd44ccc9e192b82b54b083e,JUNCTIONS,5322,hadron_count,normalized_yield,per_event,0x1.20a53c0f24e11p-9,AVAILABLE,AVAILABLE
11c6f3a49d00838812d542093c37e835a4bb4bc3e040f358d89459f0abd9d84f,MONASH,5322,hadron_count,normalized_yield,per_event,0x1.188e97320b400p-14,AVAILABLE,AVAILABLE
d47af45de8e48ab0fe8ef8644656f0d5e9931e868d8d675f9b5d48bae924e888,CLOSEPACKING,5322,hadron_count,raw_count,count,0x1.29cc000000000p+17,AVAILABLE,WITHHELD_UNCERTAINTY
187fa85d7afd8824069295b4aade79c5595712ba7760a943f321d561a8de07b1,JUNCTIONS,5322,hadron_count,raw_count,count,0x1.ae1d800000000p+17,AVAILABLE,WITHHELD_UNCERTAINTY
dfc0d50ddf6e794f15520d154adc1f182eedf63da1c0fee22d6794e43349af46,MONASH,5322,hadron_count,raw_count,count,0x1.a210000000000p+12,AVAILABLE,WITHHELD_UNCERTAINTY
a1ae019cb87f5076c812fea2c444adc66aa322644ff6d3a07f37f2c0d53366b4,CLOSEPACKING,5322,hadron_count,raw_weighted_sum,weighted_count,0x1.29cc000000000p+17,AVAILABLE,WITHHELD_UNCERTAINTY
79408295722b7e414de4785164cdec76e5c78c5aa426bf607804a3586abead4b,JUNCTIONS,5322,hadron_count,raw_weighted_sum,weighted_count,0x1.ae1d800000000p+17,AVAILABLE,WITHHELD_UNCERTAINTY
a9511a4819d73baf18d5e21fee9b6cca79946cbbe640fe410c4e5b614b35be6b,MONASH,5322,hadron_count,raw_weighted_sum,weighted_count,0x1.a210000000000p+12,AVAILABLE,WITHHELD_UNCERTAINTY
48d0df2b8c60afc637acbc5d0738c346559e063bbf1b30db2ebd5fa0dc27c161,CLOSEPACKING,5324,beauty_plus_antibeauty_constituent_count,raw_count,count,0x1.2daa000000000p+17,AVAILABLE,WITHHELD_UNCERTAINTY
381eca05ebb4989308b7629b16c67339da2997f91bb700d46a608e8297f79407,JUNCTIONS,5324,beauty_plus_antibeauty_constituent_count,raw_count,count,0x1.67cc000000000p+14,AVAILABLE,WITHHELD_UNCERTAINTY
b9c6910e951213f36667ba6b6ad7dbd08db7c6f148f819d22fe9be57af73ef1e,MONASH,5324,beauty_plus_antibeauty_constituent_count,raw_count,count,0x1.2028000000000p+13,AVAILABLE,WITHHELD_UNCERTAINTY
ec6d5a9371c8ce6f607577b88d4473938006739fb7b38562dd775479345f4c0c,CLOSEPACKING,5324,beauty_plus_antibeauty_constituent_count,raw_weighted_sum,weighted_count,0x1.2daa000000000p+17,AVAILABLE,WITHHELD_UNCERTAINTY
3cf6317d365b0802cdf0cc157cff8273748770dd6e0bc78ae4ae27f2c29d9ce0,JUNCTIONS,5324,beauty_plus_antibeauty_constituent_count,raw_weighted_sum,weighted_count,0x1.67cc000000000p+14,AVAILABLE,WITHHELD_UNCERTAINTY
615763a41eb9f285657ec14b8839033df136a94c35394e497e0292d3649b9824,MONASH,5324,beauty_plus_antibeauty_constituent_count,raw_weighted_sum,weighted_count,0x1.2028000000000p+13,AVAILABLE,WITHHELD_UNCERTAINTY
d2d52d31a35cac1fcc09a2a24c7d1285469183ac9e008c98fa7a2aeebf675d64,CLOSEPACKING,5324,charm_plus_anticharm_constituent_count,raw_count,count,0x0.0p+0,AVAILABLE,WITHHELD_UNCERTAINTY
7ac37b6c570e568f6fe7b638e6d1c273509d5e269c3abe0c6c736b85106e1eba,JUNCTIONS,5324,charm_plus_anticharm_constituent_count,raw_count,count,0x0.0p+0,AVAILABLE,WITHHELD_UNCERTAINTY
735166ad870565e7e0b878bb9d2010e91279bea59d5862cb15237e81c6c8586f,MONASH,5324,charm_plus_anticharm_constituent_count,raw_count,count,0x0.0p+0,AVAILABLE,WITHHELD_UNCERTAINTY
deb5942088dfadb530b90837b8b3ee8f0b13acda7af75ac169ce47b220c56524,CLOSEPACKING,5324,charm_plus_anticharm_constituent_count,raw_weighted_sum,weighted_count,0x0.0p+0,AVAILABLE,WITHHELD_UNCERTAINTY
72315fde890ffb56356b85518ba84a0c3707762b3a7c0f0fbe6d8629773a153f,JUNCTIONS,5324,charm_plus_anticharm_constituent_count,raw_weighted_sum,weighted_count,0x0.0p+0,AVAILABLE,WITHHELD_UNCERTAINTY
f32107c98e73bac771d06081833b0a05c75b46140d5f387142f2af4fc6687c7f,MONASH,5324,charm_plus_anticharm_constituent_count,raw_weighted_sum,weighted_count,0x0.0p+0,AVAILABLE,WITHHELD_UNCERTAINTY
413ac695845726d9174fed813f5001bb0a42494da64f6c6861987817c872c817,CLOSEPACKING,5324,hadron_count,normalized_yield,per_event,0x1.94e2fb8d5491dp-10,AVAILABLE,AVAILABLE
63e991cbc4ef119b8a88ceeaeb09158eecdff17bde2a9ac6c648ef41849b30e5,JUNCTIONS,5324,hadron_count,normalized_yield,per_event,0x1.e2e943d0e5355p-13,AVAILABLE,AVAILABLE
991804be0f09da76846edc754872989c4b208556018a6875e230d8d241c28fb3,MONASH,5324,hadron_count,normalized_yield,per_event,0x1.82c1bbcc9f557p-14,AVAILABLE,AVAILABLE
76cd4e052f529e77bcde466f021b914f49194d5eb30d600f2d969402e2fa3070,CLOSEPACKING,5324,hadron_count,raw_count,count,0x1.2daa000000000p+17,AVAILABLE,WITHHELD_UNCERTAINTY
84794db7f40c6b5078a91ef7035c7ff199a72f2048803995cdc2181f7785bea6,JUNCTIONS,5324,hadron_count,raw_count,count,0x1.67cc000000000p+14,AVAILABLE,WITHHELD_UNCERTAINTY
3257a60ad53d7097632ec64cdbde8891459d36eca609e0b8e5d00edaccc7f88c,MONASH,5324,hadron_count,raw_count,count,0x1.2028000000000p+13,AVAILABLE,WITHHELD_UNCERTAINTY
701cfb109859ff6e46ffd043fcf3f96a1266e7248c62b4abbd0f8cb91561f74d,CLOSEPACKING,5324,hadron_count,raw_weighted_sum,weighted_count,0x1.2daa000000000p+17,AVAILABLE,WITHHELD_UNCERTAINTY
0787679342428e68ea5f5e71c4d609e8515c334139266c63491725c7e0125c28,JUNCTIONS,5324,hadron_count,raw_weighted_sum,weighted_count,0x1.67cc000000000p+14,AVAILABLE,WITHHELD_UNCERTAINTY
dc549af54ae341aa6af28a3c288d92f13185a62b60b22271de714d288700440e,MONASH,5324,hadron_count,raw_weighted_sum,weighted_count,0x1.2028000000000p+13,AVAILABLE,WITHHELD_UNCERTAINTY
e37c6bdc64af9077556da946d78d7f8b0a6f6d7e7a864275f764b978aa8ad786,CLOSEPACKING,533,beauty_plus_antibeauty_constituent_count,raw_count,count,0x1.4675a00000000p+19,AVAILABLE,WITHHELD_UNCERTAINTY
7a77c666e6ae13e5fe2cc63d36c706c9f2e7e430b0b9dcf8b60db74318c195d5,JUNCTIONS,533,beauty_plus_antibeauty_constituent_count,raw_count,count,0x1.1de9000000000p+19,AVAILABLE,WITHHELD_UNCERTAINTY
59dc285434803df31a9847964fb1915b86e54940c35aa9515aaa1b78df3d2676,MONASH,533,beauty_plus_antibeauty_constituent_count,raw_count,count,0x1.bd71400000000p+19,AVAILABLE,WITHHELD_UNCERTAINTY
9dcd2b39792b650ffce589cb4b142fa583d2e67cff03299c96f961c2664d6028,CLOSEPACKING,533,beauty_plus_antibeauty_constituent_count,raw_weighted_sum,weighted_count,0x1.4675a00000000p+19,AVAILABLE,WITHHELD_UNCERTAINTY
4bfa63befdeae1c6987352388fd598e6144afa716c72ec8e36ebd527558bb3f3,JUNCTIONS,533,beauty_plus_antibeauty_constituent_count,raw_weighted_sum,weighted_count,0x1.1de9000000000p+19,AVAILABLE,WITHHELD_UNCERTAINTY
bdf969906dab28a849104416db4e48baa52b71e8213969618f71cf4cee30acc2,MONASH,533,beauty_plus_antibeauty_constituent_count,raw_weighted_sum,weighted_count,0x1.bd71400000000p+19,AVAILABLE,WITHHELD_UNCERTAINTY
51bae958fa64acd26448970fed4e5ca55a771a65a2a716082836dd7c32f612ad,CLOSEPACKING,533,charm_plus_anticharm_constituent_count,raw_count,count,0x0.0p+0,AVAILABLE,WITHHELD_UNCERTAINTY
ba836fa0e16fc09146df4247777c7025fb4e715c0b3ea6b666e88ea29852722d,JUNCTIONS,533,charm_plus_anticharm_constituent_count,raw_count,count,0x0.0p+0,AVAILABLE,WITHHELD_UNCERTAINTY
0f26fed7accc4ce0163cd8bc4eb16d8084e851353714a0e1ea89a6cdde43b52b,MONASH,533,charm_plus_anticharm_constituent_count,raw_count,count,0x0.0p+0,AVAILABLE,WITHHELD_UNCERTAINTY
727227e052a5a8f1f5cfc34a45dba100a1b1d723664f2864515c23b13b06d25e,CLOSEPACKING,533,charm_plus_anticharm_constituent_count,raw_weighted_sum,weighted_count,0x0.0p+0,AVAILABLE,WITHHELD_UNCERTAINTY
52d5ea986f286f46a6bc9a558783cdb3a20adf8b56da2eaec04864d16b05a5ae,JUNCTIONS,533,charm_plus_anticharm_constituent_count,raw_weighted_sum,weighted_count,0x0.0p+0,AVAILABLE,WITHHELD_UNCERTAINTY
8daf8cf5a19cde736b805c1c6f4c0fe6ee65677bebff26584888ec968f8f4c66,MONASH,533,charm_plus_anticharm_constituent_count,raw_weighted_sum,weighted_count,0x0.0p+0,AVAILABLE,WITHHELD_UNCERTAINTY
81ee800e91d006a137e1bf9fd2e1a5c92f18080a1bf8884ba256756c83f2b580,CLOSEPACKING,533,hadron_count,normalized_yield,per_event,0x1.b62a9ee508020p-8,AVAILABLE,AVAILABLE
d8dfab81cf6932455a5b81abb1dd283bfea87bd936dcb9c080a43d9b3f99e659,JUNCTIONS,533,hadron_count,normalized_yield,per_event,0x1.7fbdfb4dbea4cp-8,AVAILABLE,AVAILABLE
d3538699e87cdc05449246830f0debff9742eb631faa14893e943a74f36530d1,MONASH,533,hadron_count,normalized_yield,per_event,0x1.2aee6b2d1f9ddp-7,AVAILABLE,AVAILABLE
7a4ba0f2df6e3d7b00b746fa85014be1381b35a7d3fa66c066d558232112c320,CLOSEPACKING,533,hadron_count,raw_count,count,0x1.4675a00000000p+19,AVAILABLE,WITHHELD_UNCERTAINTY
70fd6f47159f8383e474c5d3f54da129f10d57e320e303c6133cac5b04fb4b11,JUNCTIONS,533,hadron_count,raw_count,count,0x1.1de9000000000p+19,AVAILABLE,WITHHELD_UNCERTAINTY
ce4cb666fbad46f3d1174bb7aab373877b4e2dd28b04808e50222d7b90078e3d,MONASH,533,hadron_count,raw_count,count,0x1.bd71400000000p+19,AVAILABLE,WITHHELD_UNCERTAINTY
abf6fd70a99d6f36bf21857d86f302f7b7de95ee0cab1b1a03647271e78c3cfd,CLOSEPACKING,533,hadron_count,raw_weighted_sum,weighted_count,0x1.4675a00000000p+19,AVAILABLE,WITHHELD_UNCERTAINTY
217065300ce3ff32f5151d6eb8f290e1e909ebd45aa14ee7e3e5ffcf949c4113,JUNCTIONS,533,hadron_count,raw_weighted_sum,weighted_count,0x1.1de9000000000p+19,AVAILABLE,WITHHELD_UNCERTAINTY
0fc4e2c592ba19b9331ed6c2ec25235830e9e164e14374e7dbe482200acd6bbc,MONASH,533,hadron_count,raw_weighted_sum,weighted_count,0x1.bd71400000000p+19,AVAILABLE,WITHHELD_UNCERTAINTY
834e83f2c11981031d04a67928f0dc7a62c1502b47757e619baaff8f9b52f0d1,CLOSEPACKING,5332,beauty_plus_antibeauty_constituent_count,raw_count,count,0x1.45d8000000000p+15,AVAILABLE,WITHHELD_UNCERTAINTY
31bd47a9483da15117cc123108181955301b75eed1f58972a23851991a7d2826,JUNCTIONS,5332,beauty_plus_antibeauty_constituent_count,raw_count,count,0x1.5ac2000000000p+15,AVAILABLE,WITHHELD_UNCERTAINTY
66d19162d51258ff59888fbb5fa502a8d65a6d373bfad1a6fb738a8811087d03,MONASH,5332,beauty_plus_antibeauty_constituent_count,raw_count,count,0x1.1f00000000000p+10,AVAILABLE,WITHHELD_UNCERTAINTY
0c86a25cda1c8e7792d28c00a3a71e5b0a91a7ca9cb4b00e6f877fe6ca8ec1b5,CLOSEPACKING,5332,beauty_plus_antibeauty_constituent_count,raw_weighted_sum,weighted_count,0x1.45d8000000000p+15,AVAILABLE,WITHHELD_UNCERTAINTY
0e12b7c811b62f273950c78551993aff8ee264c0b5de6b908f222b33c9d26ee5,JUNCTIONS,5332,beauty_plus_antibeauty_constituent_count,raw_weighted_sum,weighted_count,0x1.5ac2000000000p+15,AVAILABLE,WITHHELD_UNCERTAINTY
91b671754a2a1f13b39f0b6939e2a5d0cf9670a5828bc2811152ddc23275cd93,MONASH,5332,beauty_plus_antibeauty_constituent_count,raw_weighted_sum,weighted_count,0x1.1f00000000000p+10,AVAILABLE,WITHHELD_UNCERTAINTY
4a4d708db404bd197113c6fbfba9af23ee40ede3f69e491faeab0e0fff2bca70,CLOSEPACKING,5332,charm_plus_anticharm_constituent_count,raw_count,count,0x0.0p+0,AVAILABLE,WITHHELD_UNCERTAINTY
d6830ad374a40679fec01188583dcee7486fd41d867f262b73aaad872f0de8fe,JUNCTIONS,5332,charm_plus_anticharm_constituent_count,raw_count,count,0x0.0p+0,AVAILABLE,WITHHELD_UNCERTAINTY
c4e0a11058379f51d8b140fd1bf6dbeb24d78981e8a20d9495a45d6098c646b1,MONASH,5332,charm_plus_anticharm_constituent_count,raw_count,count,0x0.0p+0,AVAILABLE,WITHHELD_UNCERTAINTY
9997d5363c0a77e77b99f4f55a45d10a7940994b4cbe425452a5294f78fc1241,CLOSEPACKING,5332,charm_plus_anticharm_constituent_count,raw_weighted_sum,weighted_count,0x0.0p+0,AVAILABLE,WITHHELD_UNCERTAINTY
fe5f18fb338883226c7e66e3cb15b85293cc6f06b702bb701908b7f03e71b6dd,JUNCTIONS,5332,charm_plus_anticharm_constituent_count,raw_weighted_sum,weighted_count,0x0.0p+0,AVAILABLE,WITHHELD_UNCERTAINTY
3053910fc87ba057e9139e440df197a4926f76e8a5b6c6c60a2adfa52a45a013,MONASH,5332,charm_plus_anticharm_constituent_count,raw_weighted_sum,weighted_count,0x0.0p+0,AVAILABLE,WITHHELD_UNCERTAINTY
8ce08a4ef78d7e7745026bb75a9d9683bb410b9df9f56c3f78c291914927fc81,CLOSEPACKING,5332,hadron_count,normalized_yield,per_event,0x1.b5570f5b67afcp-12,AVAILABLE,AVAILABLE
a54d4f18828b8a86e159c0a3018a2d9eb01714836db3696df02967481fa74299,JUNCTIONS,5332,hadron_count,normalized_yield,per_event,0x1.d16913bfd0650p-12,AVAILABLE,AVAILABLE
7931c32298efe45dfe83a82ce69999c2b3ec239b0e3ddb5878f89585722f416c,MONASH,5332,hadron_count,normalized_yield,per_event,0x1.813472f946d35p-17,AVAILABLE,AVAILABLE
3d7af485d78af26e3f1f74fa2dc1c42e2100bb3f4a6ecf4714cc3c90a899d50e,CLOSEPACKING,5332,hadron_count,raw_count,count,0x1.45d8000000000p+15,AVAILABLE,WITHHELD_UNCERTAINTY
9a8c554a973fbef621c0f0764d8150a1b0e59ae62d769aea6cb156193fa9b620,JUNCTIONS,5332,hadron_count,raw_count,count,0x1.5ac2000000000p+15,AVAILABLE,WITHHELD_UNCERTAINTY
6d8b3a3b13888a2e74610bab5daaa9b3fcc883009676e75e25da2d982b6b0507,MONASH,5332,hadron_count,raw_count,count,0x1.1f00000000000p+10,AVAILABLE,WITHHELD_UNCERTAINTY
96727bf4bfd897dc5ada3925d9da5ad55ef62ef34cfe67d1cfdb53f1a86525e6,CLOSEPACKING,5332,hadron_count,raw_weighted_sum,weighted_count,0x1.45d8000000000p+15,AVAILABLE,WITHHELD_UNCERTAINTY
8dfd757c3a583e04c33a1900dccc295dddd217791815b435bf5d3625141305a6,JUNCTIONS,5332,hadron_count,raw_weighted_sum,weighted_count,0x1.5ac2000000000p+15,AVAILABLE,WITHHELD_UNCERTAINTY
f1823d15f1c03e77969c74314d0b124498c72aba2e06a782dc066b22c0c020c9,MONASH,5332,hadron_count,raw_weighted_sum,weighted_count,0x1.1f00000000000p+10,AVAILABLE,WITHHELD_UNCERTAINTY
9c7629a754f823d8c2b9a190995466fa2730afefad6752ede1ae096d0b15cd40,CLOSEPACKING,5334,beauty_plus_antibeauty_constituent_count,raw_count,count,0x1.490a000000000p+15,AVAILABLE,WITHHELD_UNCERTAINTY
dd48e8ec9b230a889000549dfa95c95de28fb2628c25a997b2be554332744580,JUNCTIONS,5334,beauty_plus_antibeauty_constituent_count,raw_count,count,0x1.0d70000000000p+12,AVAILABLE,WITHHELD_UNCERTAINTY
832c97857af996ed0cd359249cff8a19fcba66b22101cac107c2fe0077de7f86,MONASH,5334,beauty_plus_antibeauty_constituent_count,raw_count,count,0x1.a240000000000p+10,AVAILABLE,WITHHELD_UNCERTAINTY
1f5d5dcc73ed0676949a36f261f15e1674bf3ea1675d8dede2a63103540754ee,CLOSEPACKING,5334,beauty_plus_antibeauty_constituent_count,raw_weighted_sum,weighted_count,0x1.490a000000000p+15,AVAILABLE,WITHHELD_UNCERTAINTY
b882199708cdf066babf7b63de313f0ff3d692a1f4377a83afa5ceebe9b5d289,JUNCTIONS,5334,beauty_plus_antibeauty_constituent_count,raw_weighted_sum,weighted_count,0x1.0d70000000000p+12,AVAILABLE,WITHHELD_UNCERTAINTY
752d84716be97df2e3a1bb4a7f260199bf2c49b4f76a2fc86bdb1d93145c43bb,MONASH,5334,beauty_plus_antibeauty_constituent_count,raw_weighted_sum,weighted_count,0x1.a240000000000p+10,AVAILABLE,WITHHELD_UNCERTAINTY
1e7326edd4a8b467fd051d9a0716ade7cfee080ce3545968dc240b676d8bbfe1,CLOSEPACKING,5334,charm_plus_anticharm_constituent_count,raw_count,count,0x0.0p+0,AVAILABLE,WITHHELD_UNCERTAINTY
1adb5d860e3209b842d51d213a0e534517c2b4c0e0ac7cd67cdecff5648b5ac1,JUNCTIONS,5334,charm_plus_anticharm_constituent_count,raw_count,count,0x0.0p+0,AVAILABLE,WITHHELD_UNCERTAINTY
a8a59278927d8f89844a02b966309e5a236114ca61479265ac1e91bb658e0499,MONASH,5334,charm_plus_anticharm_constituent_count,raw_count,count,0x0.0p+0,AVAILABLE,WITHHELD_UNCERTAINTY
e2f1b46015577d43fceb3e4098ff285dae040b26632d4a87ee5e5e35dd675250,CLOSEPACKING,5334,charm_plus_anticharm_constituent_count,raw_weighted_sum,weighted_count,0x0.0p+0,AVAILABLE,WITHHELD_UNCERTAINTY
88f96f77495bdf19889deee35d6192985ae15ef2e24a6cd502f739f84a6b6c19,JUNCTIONS,5334,charm_plus_anticharm_constituent_count,raw_weighted_sum,weighted_count,0x0.0p+0,AVAILABLE,WITHHELD_UNCERTAINTY
82351408d4cd6fdbaeddf031ccfc5fcf120c24d0f544f690533ccb6329d5e302,MONASH,5334,charm_plus_anticharm_constituent_count,raw_weighted_sum,weighted_count,0x0.0p+0,AVAILABLE,WITHHELD_UNCERTAINTY
fd58e7549211d50bb2e4e99b120e097c7f019832616512210b72d324cf1cdb6f,CLOSEPACKING,5334,hadron_count,normalized_yield,per_event,0x1.b9a0f60453a1cp-12,AVAILABLE,AVAILABLE
008ee78e30f91b22d1685d13f7ba8ce110e881f1c334493e377a52eb8455672b,JUNCTIONS,5334,hadron_count,normalized_yield,per_event,0x1.69a20522ff896p-15,AVAILABLE,AVAILABLE
fb4b8fc2170a8c784184b07844d6deb4b4ebba72f11e8baa9aab1e6625b62557,MONASH,5334,hadron_count,normalized_yield,per_event,0x1.18aecd885e88dp-16,AVAILABLE,AVAILABLE
b9d002562e6133148f5050e6338ba75b89de177e83fcc91617b1a824a4ed60a7,CLOSEPACKING,5334,hadron_count,raw_count,count,0x1.490a000000000p+15,AVAILABLE,WITHHELD_UNCERTAINTY
a1653ea6f88f7b087e25a98bae1a7fb9ab20b9389a5bc3a5e220dff540b10fbf,JUNCTIONS,5334,hadron_count,raw_count,count,0x1.0d70000000000p+12,AVAILABLE,WITHHELD_UNCERTAINTY
8c1d83ca12823944b204b4453f6b9327c75be2b62cb89a40e2d9ee056bcd0969,MONASH,5334,hadron_count,raw_count,count,0x1.a240000000000p+10,AVAILABLE,WITHHELD_UNCERTAINTY
56dcb0e96f5c6425b817077c5168de05a889aba3cde846477d5d6cda4d63192e,CLOSEPACKING,5334,hadron_count,raw_weighted_sum,weighted_count,0x1.490a000000000p+15,AVAILABLE,WITHHELD_UNCERTAINTY
1e7d249cc7cc4746e6e46f8b2b02e3fbd62c2f39f4baafbd003e11954d761479,JUNCTIONS,5334,hadron_count,raw_weighted_sum,weighted_count,0x1.0d70000000000p+12,AVAILABLE,WITHHELD_UNCERTAINTY
5b1750cd0ed1f8a6a971f7d221a2872045796ddbe354183ea3106bf8cbff965b,MONASH,5334,hadron_count,raw_weighted_sum,weighted_count,0x1.a240000000000p+10,AVAILABLE,WITHHELD_UNCERTAINTY
d65cdf428266ca25bc3d8e55ae74a5e5cb786ffb313d17f34610c99819d75f8c,CLOSEPACKING,5342,beauty_plus_antibeauty_constituent_count,raw_count,count,0x1.6400000000000p+9,AVAILABLE,WITHHELD_UNCERTAINTY
a605e57db7dc0a3df4be3d15124bbaea53e13c6452ae3fa0d71b2506754f2fb0,JUNCTIONS,5342,beauty_plus_antibeauty_constituent_count,raw_count,count,0x1.6580000000000p+9,AVAILABLE,WITHHELD_UNCERTAINTY
0208d04c73ed2f7275a8917698f0bf4f2b7c21ce87533821ed8cdb8637af5918,MONASH,5342,beauty_plus_antibeauty_constituent_count,raw_count,count,0x1.0000000000000p+0,AVAILABLE,WITHHELD_UNCERTAINTY
13d5094345f3f81beb837568c40ee86baba0a0ba1bbed8d401e8c95329a5decb,CLOSEPACKING,5342,beauty_plus_antibeauty_constituent_count,raw_weighted_sum,weighted_count,0x1.6400000000000p+9,AVAILABLE,WITHHELD_UNCERTAINTY
2cfd9faf0c7f90bf1b6ef606abd37832f820da0a902bddfdd47a63c5c906b9a8,JUNCTIONS,5342,beauty_plus_antibeauty_constituent_count,raw_weighted_sum,weighted_count,0x1.6580000000000p+9,AVAILABLE,WITHHELD_UNCERTAINTY
cc06a52cd2f72515285a369f279a8671a613e18fb316b7f767295f0a79fa269e,MONASH,5342,beauty_plus_antibeauty_constituent_count,raw_weighted_sum,weighted_count,0x1.0000000000000p+0,AVAILABLE,WITHHELD_UNCERTAINTY
df78723bb81dcca7e4db09007892bb0d5b1714fd6f00f532aa479e6d6e87a34b,CLOSEPACKING,5342,charm_plus_anticharm_constituent_count,raw_count,count,0x1.6400000000000p+9,AVAILABLE,WITHHELD_UNCERTAINTY
cab71c3ec02a495081c0f52ae93d8313e0ec9f93a23565fd61e9774ab7b00045,JUNCTIONS,5342,charm_plus_anticharm_constituent_count,raw_count,count,0x1.6580000000000p+9,AVAILABLE,WITHHELD_UNCERTAINTY
b11ec81f0dcf7833dd3908aa95916c86e5bb22d20471288b4a70a4899cd2e795,MONASH,5342,charm_plus_anticharm_constituent_count,raw_count,count,0x1.0000000000000p+0,AVAILABLE,WITHHELD_UNCERTAINTY
9e05968da6ce36fe3bf9e230cc5d22f7f7cf226eb38e006b80450bb7a46b1b5c,CLOSEPACKING,5342,charm_plus_anticharm_constituent_count,raw_weighted_sum,weighted_count,0x1.6400000000000p+9,AVAILABLE,WITHHELD_UNCERTAINTY
806d1e40dc79209a9d8c68fee1a1242c7b8a425230f09087c80e321f573858fc,JUNCTIONS,5342,charm_plus_anticharm_constituent_count,raw_weighted_sum,weighted_count,0x1.6580000000000p+9,AVAILABLE,WITHHELD_UNCERTAINTY
4f1f961ea82209d062debf02f4c73060e5986c516232dd0e477f30bb26db0e2e,MONASH,5342,charm_plus_anticharm_constituent_count,raw_weighted_sum,weighted_count,0x1.0000000000000p+0,AVAILABLE,WITHHELD_UNCERTAINTY
6ebfd79266c6b33c76dc730949d3bbdfa6be10b9e76eb5a01c60421978b86809,CLOSEPACKING,5342,hadron_count,normalized_yield,per_event,0x1.ddd0ab28b8300p-18,AVAILABLE,AVAILABLE
beb0029fbad6739a438c67c36b61c4ae222ee1e8cd7a1c09002ab805106b67b5,JUNCTIONS,5342,hadron_count,normalized_yield,per_event,0x1.dfd4108decbd3p-18,AVAILABLE,AVAILABLE
44d5e6d1dfdfe8ae62dbcd17dc9eb173a61403e12ae61d5a3ddfe2d95d265a60,MONASH,5342,hadron_count,normalized_yield,per_event,0x1.5798ee2308c3ap-27,AVAILABLE,AVAILABLE
c378553925c5cdb9ee0edbfab4313a9e41beb9693e883564724bb2b4984f2881,CLOSEPACKING,5342,hadron_count,raw_count,count,0x1.6400000000000p+9,AVAILABLE,WITHHELD_UNCERTAINTY
2e58b32fe383999ef99a5340474b9d731aaf7c96d2c6c8d345e3ec687dec2296,JUNCTIONS,5342,hadron_count,raw_count,count,0x1.6580000000000p+9,AVAILABLE,WITHHELD_UNCERTAINTY
b44dccc8bfdeff2331d45be59cb2940265cf104b20843a9e3ed903740e27e423,MONASH,5342,hadron_count,raw_count,count,0x1.0000000000000p+0,AVAILABLE,WITHHELD_UNCERTAINTY
052ce06843ed02a18bf80123dfdbe495a4db28f9adf7086ddac8b354026302e7,CLOSEPACKING,5342,hadron_count,raw_weighted_sum,weighted_count,0x1.6400000000000p+9,AVAILABLE,WITHHELD_UNCERTAINTY
93a2d0ba2e2d69c8b9ec81df71a958122bfb237fee90f603545d270cc0245db7,JUNCTIONS,5342,hadron_count,raw_weighted_sum,weighted_count,0x1.6580000000000p+9,AVAILABLE,WITHHELD_UNCERTAINTY
386fec5511358e0413f3da2b9e1707fdb649b1a9bc86faf5947d62e773c4d5e9,MONASH,5342,hadron_count,raw_weighted_sum,weighted_count,0x1.0000000000000p+0,AVAILABLE,WITHHELD_UNCERTAINTY
fac67c1eeacdc2b29f5daa03de802fb307a35470da478806dde85508aa1e89b2,CLOSEPACKING,541,beauty_plus_antibeauty_constituent_count,raw_count,count,0x1.4400000000000p+11,AVAILABLE,WITHHELD_UNCERTAINTY
2e630794356ec21c02801ee21a506cfc8b83d92045cc46b371cd6986f0ce7925,JUNCTIONS,541,beauty_plus_antibeauty_constituent_count,raw_count,count,0x1.6e60000000000p+11,AVAILABLE,WITHHELD_UNCERTAINTY
e7d60a302b635721729bd99223dc36764b88de88c1546ec86e5de0e4a50d345c,MONASH,541,beauty_plus_antibeauty_constituent_count,raw_count,count,0x1.e5e0000000000p+11,AVAILABLE,WITHHELD_UNCERTAINTY
05cacc310b050eea09f63d0aad928bad4e3d930307a7f9445a90226d2e0f0192,CLOSEPACKING,541,beauty_plus_antibeauty_constituent_count,raw_weighted_sum,weighted_count,0x1.4400000000000p+11,AVAILABLE,WITHHELD_UNCERTAINTY
81d5fac85c59607951979b0779cc6e894b652f9bb23049617fa826555eaa2296,JUNCTIONS,541,beauty_plus_antibeauty_constituent_count,raw_weighted_sum,weighted_count,0x1.6e60000000000p+11,AVAILABLE,WITHHELD_UNCERTAINTY
218bf1276d7b59941911ddecf7b4477cfcb52fa2891bb9e8a92f5a912e5835c9,MONASH,541,beauty_plus_antibeauty_constituent_count,raw_weighted_sum,weighted_count,0x1.e5e0000000000p+11,AVAILABLE,WITHHELD_UNCERTAINTY
efee24f795e0efc4a0792dfd149ca1d1b2bb4116033332c3422dc8298ab787bc,CLOSEPACKING,541,charm_plus_anticharm_constituent_count,raw_count,count,0x1.4400000000000p+11,AVAILABLE,WITHHELD_UNCERTAINTY
463d939cfe3e952728832901ab9d07179d878571e76c64209ffd12508309cb29,JUNCTIONS,541,charm_plus_anticharm_constituent_count,raw_count,count,0x1.6e60000000000p+11,AVAILABLE,WITHHELD_UNCERTAINTY
440734971e7343e84ac4cfa9c42231df3cdf201d89e14f7bb2064c551540eba2,MONASH,541,charm_plus_anticharm_constituent_count,raw_count,count,0x1.e5e0000000000p+11,AVAILABLE,WITHHELD_UNCERTAINTY
cf422a30e932b483f29eb8a66d20b37fc82d9876aa656d7c6ba1090b24c40aee,CLOSEPACKING,541,charm_plus_anticharm_constituent_count,raw_weighted_sum,weighted_count,0x1.4400000000000p+11,AVAILABLE,WITHHELD_UNCERTAINTY
323c53d6365e15ba0c36b90d302365c09f2822f69ef10443fd837cfa670c534a,JUNCTIONS,541,charm_plus_anticharm_constituent_count,raw_weighted_sum,weighted_count,0x1.6e60000000000p+11,AVAILABLE,WITHHELD_UNCERTAINTY
5358429c0e58eda77fb4c2a7f88be66d0d3bc4f73122f3ad9e19fde6fbd6077a,MONASH,541,charm_plus_anticharm_constituent_count,raw_weighted_sum,weighted_count,0x1.e5e0000000000p+11,AVAILABLE,WITHHELD_UNCERTAINTY
1d25ec30d3e6f6d3f1e4f565d46431fc78491a42ab94bc37a5c82ab63448a68b,CLOSEPACKING,541,hadron_count,normalized_yield,per_event,0x1.b2dd8d6457179p-16,AVAILABLE,AVAILABLE
7f188ed84253b60849312cecad62441a5541c167634737e7d2ace649fc3e131a,JUNCTIONS,541,hadron_count,normalized_yield,per_event,0x1.ebbd7dcf63aafp-16,AVAILABLE,AVAILABLE
e5fa9e636bda88954044a796348f50bdba1ba4aa0b7fdb7efff764f43d97dd45,MONASH,541,hadron_count,normalized_yield,per_event,0x1.4610b07c5f212p-15,AVAILABLE,AVAILABLE
e045afabe7df25d3a3e13f0a33125f3c734000963af2076b5a9e9d4599a23364,CLOSEPACKING,541,hadron_count,raw_count,count,0x1.4400000000000p+11,AVAILABLE,WITHHELD_UNCERTAINTY
a6242d8fe66ec3c7cb75337a9304070706298c071f0e9207ffe21144463f0e80,JUNCTIONS,541,hadron_count,raw_count,count,0x1.6e60000000000p+11,AVAILABLE,WITHHELD_UNCERTAINTY
492f7aaf67cd6764b449c2257fe1f08c8d188f76d688fac7346dbf87eeeba3cf,MONASH,541,hadron_count,raw_count,count,0x1.e5e0000000000p+11,AVAILABLE,WITHHELD_UNCERTAINTY
0375514a90e9b5c30fef81b155654b5a19d99d181246f8599846b4bd9b3051eb,CLOSEPACKING,541,hadron_count,raw_weighted_sum,weighted_count,0x1.4400000000000p+11,AVAILABLE,WITHHELD_UNCERTAINTY
88885449e489a25e1cf1cdf48c7992f77019cf86e997dd9af9636bbbad77137e,JUNCTIONS,541,hadron_count,raw_weighted_sum,weighted_count,0x1.6e60000000000p+11,AVAILABLE,WITHHELD_UNCERTAINTY
906b50373916a39d311e169d5b0d08151e61afdb4ca2c13a805793e4f4f4aa90,MONASH,541,hadron_count,raw_weighted_sum,weighted_count,0x1.e5e0000000000p+11,AVAILABLE,WITHHELD_UNCERTAINTY
fac40843ac25df4d086d05a8382f37fde73c25e4de1997382ba516f631c3c5b2,CLOSEPACKING,5412,beauty_plus_antibeauty_constituent_count,raw_count,count,0x1.e2a0000000000p+11,AVAILABLE,WITHHELD_UNCERTAINTY
959167cd16022d2dce8fac42a203227bd82e83b70529eaa25314021fc089d30a,JUNCTIONS,5412,beauty_plus_antibeauty_constituent_count,raw_count,count,0x1.55d0000000000p+12,AVAILABLE,WITHHELD_UNCERTAINTY
6c25dbc3fcaade8d3a1089b1902b5649988aa2f229acd3cd3fd130991ffd21bb,MONASH,5412,beauty_plus_antibeauty_constituent_count,raw_count,count,0x1.6000000000000p+3,AVAILABLE,WITHHELD_UNCERTAINTY
25c9d03ea8f2e740db0c798668fd9b691c8d9ca380f0d174f77da9e4c781bf16,CLOSEPACKING,5412,beauty_plus_antibeauty_constituent_count,raw_weighted_sum,weighted_count,0x1.e2a0000000000p+11,AVAILABLE,WITHHELD_UNCERTAINTY
a58ecb2c173df968dfd451e96feaca4466114b49e057b4edbb0ae3ad44c74ee4,JUNCTIONS,5412,beauty_plus_antibeauty_constituent_count,raw_weighted_sum,weighted_count,0x1.55d0000000000p+12,AVAILABLE,WITHHELD_UNCERTAINTY
18d5c49e3f23d68f8abdd11371e866a9ab7d32b355430f2e1980dc3baefc9c3d,MONASH,5412,beauty_plus_antibeauty_constituent_count,raw_weighted_sum,weighted_count,0x1.6000000000000p+3,AVAILABLE,WITHHELD_UNCERTAINTY
012eaf1f6af725c4ae12f05d43477feeaf841acf150bc75ba482c9a4867849a9,CLOSEPACKING,5412,charm_plus_anticharm_constituent_count,raw_count,count,0x1.e2a0000000000p+11,AVAILABLE,WITHHELD_UNCERTAINTY
70800b3115101c4ba6dec954f405e1531eea3670fb406f83a6bb6f80fd525727,JUNCTIONS,5412,charm_plus_anticharm_constituent_count,raw_count,count,0x1.55d0000000000p+12,AVAILABLE,WITHHELD_UNCERTAINTY
a1583300b64661fd2a31a59f9134088238308015891dd420be619b74b9dff79a,MONASH,5412,charm_plus_anticharm_constituent_count,raw_count,count,0x1.6000000000000p+3,AVAILABLE,WITHHELD_UNCERTAINTY
cefb7aebd84e449f417ac305a5ad1d3dea7dd1d749893932ce2abba1c11dd897,CLOSEPACKING,5412,charm_plus_anticharm_constituent_count,raw_weighted_sum,weighted_count,0x1.e2a0000000000p+11,AVAILABLE,WITHHELD_UNCERTAINTY
31e2f4632432c31e91eec1a561762555ebb7fdf532dcc5c69e7fb07f0519b2f3,JUNCTIONS,5412,charm_plus_anticharm_constituent_count,raw_weighted_sum,weighted_count,0x1.55d0000000000p+12,AVAILABLE,WITHHELD_UNCERTAINTY
6584bcbd9baeecc115b3150b11141d6bd7d445c498c9f159154443cf16377945,MONASH,5412,charm_plus_anticharm_constituent_count,raw_weighted_sum,weighted_count,0x1.6000000000000p+3,AVAILABLE,WITHHELD_UNCERTAINTY
b2e10d40319c02cc15899dc8760c5edf0ba38b0b9711bbdd9dcb925933fbc073,CLOSEPACKING,5412,hadron_count,normalized_yield,per_event,0x1.43e257f96632ep-15,AVAILABLE,AVAILABLE
7bbb683524b0d45fa8692c42dbe443d9ca9fc6e84f3e51f7fe91dac3e7b4dfcb,JUNCTIONS,5412,hadron_count,normalized_yield,per_event,0x1.cac5e1762723bp-15,AVAILABLE,AVAILABLE
e3214fbcfabf8725855d910064cbe179249015bd733630d7d2662ea79d5a8efd,MONASH,5412,hadron_count,normalized_yield,per_event,0x1.d87247702c0d0p-24,AVAILABLE,AVAILABLE
fb2ae69bd26da5516698f6e3fd6f7b53a2c7568da8bcd3d61debe58565b81fe2,CLOSEPACKING,5412,hadron_count,raw_count,count,0x1.e2a0000000000p+11,AVAILABLE,WITHHELD_UNCERTAINTY
dd5ec0a3427081e33e27825fd5ae07af3fb073c39cafc7ab04a6b0b7b1e16df0,JUNCTIONS,5412,hadron_count,raw_count,count,0x1.55d0000000000p+12,AVAILABLE,WITHHELD_UNCERTAINTY
5979e0a5d8c20c5e6d6e0c198436b569e7c7d0f7fbc3829d4a2107703dfb7d87,MONASH,5412,hadron_count,raw_count,count,0x1.6000000000000p+3,AVAILABLE,WITHHELD_UNCERTAINTY
a7a67d8fdbdd5d0027414e1db8ca1d0a470b45dcba1d5b7b270594f5b58c9adc,CLOSEPACKING,5412,hadron_count,raw_weighted_sum,weighted_count,0x1.e2a0000000000p+11,AVAILABLE,WITHHELD_UNCERTAINTY
8a925a14320dab4ae188a2e474af5c58dd95e12ab55302da5ad050204707774f,JUNCTIONS,5412,hadron_count,raw_weighted_sum,weighted_count,0x1.55d0000000000p+12,AVAILABLE,WITHHELD_UNCERTAINTY
51ecf5cf616001e2a6feb26eac35946420b6b4d1ef1c21b925236d82eb0079b0,MONASH,5412,hadron_count,raw_weighted_sum,weighted_count,0x1.6000000000000p+3,AVAILABLE,WITHHELD_UNCERTAINTY
678962ebc37ca84ce806acd9ab4b3e42c98f976e2d6318c78c81e98fd177df25,CLOSEPACKING,5414,beauty_plus_antibeauty_constituent_count,raw_count,count,0x1.17b0000000000p+12,AVAILABLE,WITHHELD_UNCERTAINTY
0cd39e6af370256bd686f805179417beba44030f7388513a24151c85fc64919a,JUNCTIONS,5414,beauty_plus_antibeauty_constituent_count,raw_count,count,0x1.a700000000000p+9,AVAILABLE,WITHHELD_UNCERTAINTY
d087d272fcd56a33ed662cef27a59c816cbed2e27cb14e48488d1295ae7ade9d,MONASH,5414,beauty_plus_antibeauty_constituent_count,raw_count,count,0x1.8000000000000p+2,AVAILABLE,WITHHELD_UNCERTAINTY
0aebc9f81c4932b727ddb002dabdf9578f64a386ad22be7567676ce9c9d55bc2,CLOSEPACKING,5414,beauty_plus_antibeauty_constituent_count,raw_weighted_sum,weighted_count,0x1.17b0000000000p+12,AVAILABLE,WITHHELD_UNCERTAINTY
f02cdce9fd7f40a716bc9944a6358d04cb7ec31ef13849140ff174ffcbea68a0,JUNCTIONS,5414,beauty_plus_antibeauty_constituent_count,raw_weighted_sum,weighted_count,0x1.a700000000000p+9,AVAILABLE,WITHHELD_UNCERTAINTY
1bcc488709beaf61cf67eaa54ea3b7a31d415a4d635ec9efc12f43565b22b0de,MONASH,5414,beauty_plus_antibeauty_constituent_count,raw_weighted_sum,weighted_count,0x1.8000000000000p+2,AVAILABLE,WITHHELD_UNCERTAINTY
4ca09a6b8b3c1cd8b1bd3dd712fdb6396c7c7618a0350e21cf74b45f849dd021,CLOSEPACKING,5414,charm_plus_anticharm_constituent_count,raw_count,count,0x1.17b0000000000p+12,AVAILABLE,WITHHELD_UNCERTAINTY
0b5ccf5122b69dcf0e96049ee281a2e8e5d7d048b6a38557b09116306f738b21,JUNCTIONS,5414,charm_plus_anticharm_constituent_count,raw_count,count,0x1.a700000000000p+9,AVAILABLE,WITHHELD_UNCERTAINTY
087bf842b35d9f7c4ce1b8865f8d05c91c50c1254e39ade27a9e949443547f1d,MONASH,5414,charm_plus_anticharm_constituent_count,raw_count,count,0x1.8000000000000p+2,AVAILABLE,WITHHELD_UNCERTAINTY
c0e8ead837f9365c3a881c8da290a9107d01dc2b87852176efb802cd842d9abf,CLOSEPACKING,5414,charm_plus_anticharm_constituent_count,raw_weighted_sum,weighted_count,0x1.17b0000000000p+12,AVAILABLE,WITHHELD_UNCERTAINTY
207d38bbfa3397b1c74bd65ab9eb65996f5ce4bd5e7e7a3b6581f27e42739908,JUNCTIONS,5414,charm_plus_anticharm_constituent_count,raw_weighted_sum,weighted_count,0x1.a700000000000p+9,AVAILABLE,WITHHELD_UNCERTAINTY
50856e6b8e752aee94e252bd7bc617c8cbe36509763d589f5bc3d4f901605a2b,MONASH,5414,charm_plus_anticharm_constituent_count,raw_weighted_sum,weighted_count,0x1.8000000000000p+2,AVAILABLE,WITHHELD_UNCERTAINTY
5ca947e14e9608158a7ecfdd9dc9aca8b1f64e7f873f76120113cc73e393e2c8,CLOSEPACKING,5414,hadron_count,normalized_yield,per_event,0x1.7763e4abe6a33p-15,AVAILABLE,AVAILABLE
f3aacad60f1dc1daf7f34ab262b7a10b1bc93ea30a9d8d930f373e7ac7ba3e8c,JUNCTIONS,5414,hadron_count,normalized_yield,per_event,0x1.1bded8bdf1bdap-17,AVAILABLE,AVAILABLE
e8719fee8ed399da2d6fcdd174e87f5cb165229c6f008bed3e3db3aec977e052,MONASH,5414,hadron_count,normalized_yield,per_event,0x1.01b2b29a4692bp-24,AVAILABLE,AVAILABLE
ea8473db203f768977bfc73b7b4475628e583fb6c7f8d74207ca4895d308ae53,CLOSEPACKING,5414,hadron_count,raw_count,count,0x1.17b0000000000p+12,AVAILABLE,WITHHELD_UNCERTAINTY
31dca9d78d44ea2c1228bd1c6c76924f207845fca70e83b03a38adca8a50af95,JUNCTIONS,5414,hadron_count,raw_count,count,0x1.a700000000000p+9,AVAILABLE,WITHHELD_UNCERTAINTY
a048acce73e313de19bf64bc4d3af852b348b3963fe0f721aed8ab07599b4671,MONASH,5414,hadron_count,raw_count,count,0x1.8000000000000p+2,AVAILABLE,WITHHELD_UNCERTAINTY
24424c3a52af652dd0950ba26ff42024e7f7c55c54fe615fbec8732f61961482,CLOSEPACKING,5414,hadron_count,raw_weighted_sum,weighted_count,0x1.17b0000000000p+12,AVAILABLE,WITHHELD_UNCERTAINTY
49ea46c4f678f3268a73fbae85a3d8c32ed0771ca0f54606f318d5dda3bf289f,JUNCTIONS,5414,hadron_count,raw_weighted_sum,weighted_count,0x1.a700000000000p+9,AVAILABLE,WITHHELD_UNCERTAINTY
a9f58f79c14db8b68aa0d295b59a87c8402e3f2fe7f1aa17ca39bb89c2672fbd,MONASH,5414,hadron_count,raw_weighted_sum,weighted_count,0x1.8000000000000p+2,AVAILABLE,WITHHELD_UNCERTAINTY
7588dec2eec767cab7c54632a8863d4ebf73af174b2dd70cfee0d63a5c4cb8b0,CLOSEPACKING,5422,beauty_plus_antibeauty_constituent_count,raw_count,count,0x1.e1e0000000000p+11,AVAILABLE,WITHHELD_UNCERTAINTY
a57bc44929ab7cca55ac7d2f2c2e882d0eb229a951612c4fdb2c00a07e8ac110,JUNCTIONS,5422,beauty_plus_antibeauty_constituent_count,raw_count,count,0x1.55c0000000000p+12,AVAILABLE,WITHHELD_UNCERTAINTY
3f660b4a07b8e3bbd45b320eea1b297fe3197f883b512dfa930c522344c514d7,MONASH,5422,beauty_plus_antibeauty_constituent_count,raw_count,count,0x1.0000000000000p+3,AVAILABLE,WITHHELD_UNCERTAINTY
11723753c2cf472809c4740348ea1e00c765bba589d420e7ba95926f19ae4eef,CLOSEPACKING,5422,beauty_plus_antibeauty_constituent_count,raw_weighted_sum,weighted_count,0x1.e1e0000000000p+11,AVAILABLE,WITHHELD_UNCERTAINTY
04449126b739326e39b81efb4657bbea03066a77b52988013d712307ddb98ecc,JUNCTIONS,5422,beauty_plus_antibeauty_constituent_count,raw_weighted_sum,weighted_count,0x1.55c0000000000p+12,AVAILABLE,WITHHELD_UNCERTAINTY
0efa1bc1223ae18183087089192f66a720c7c3027ed5086fc7de18634016b4c1,MONASH,5422,beauty_plus_antibeauty_constituent_count,raw_weighted_sum,weighted_count,0x1.0000000000000p+3,AVAILABLE,WITHHELD_UNCERTAINTY
227657fee7c440ca2b0adb546e49000c55b5cf50647c84976463f4c6541474bc,CLOSEPACKING,5422,charm_plus_anticharm_constituent_count,raw_count,count,0x1.e1e0000000000p+11,AVAILABLE,WITHHELD_UNCERTAINTY
5aeb6a95d0d7dfc92c315e650d7fda18b7d0cd2be2bf2fb8f57717846ddc0a34,JUNCTIONS,5422,charm_plus_anticharm_constituent_count,raw_count,count,0x1.55c0000000000p+12,AVAILABLE,WITHHELD_UNCERTAINTY
f2821ffb3b4bc24a7c26db3b148f4cfb016379a29e40c55518f8ac4e0b2fa61f,MONASH,5422,charm_plus_anticharm_constituent_count,raw_count,count,0x1.0000000000000p+3,AVAILABLE,WITHHELD_UNCERTAINTY
6f9191a14d4cd87933f1b7ac5d0426bff2c1a4b94feb0b93e120657bc5ee588e,CLOSEPACKING,5422,charm_plus_anticharm_constituent_count,raw_weighted_sum,weighted_count,0x1.e1e0000000000p+11,AVAILABLE,WITHHELD_UNCERTAINTY
54d613e8674481670e621afafbbdb793aedb874beeaa9825dac8eab4d98266a0,JUNCTIONS,5422,charm_plus_anticharm_constituent_count,raw_weighted_sum,weighted_count,0x1.55c0000000000p+12,AVAILABLE,WITHHELD_UNCERTAINTY
ac956d97146ddca62d3e73f559775d2a0e97c6d4be9b72a93cf2c5907c168ddf,MONASH,5422,charm_plus_anticharm_constituent_count,raw_weighted_sum,weighted_count,0x1.0000000000000p+3,AVAILABLE,WITHHELD_UNCERTAINTY
c5bdb4f58b5134e1600765ada8ace44f3e3922d52a38e7f3c401e08a2333226d,CLOSEPACKING,5422,hadron_count,normalized_yield,per_event,0x1.43617ea0190fap-15,AVAILABLE,AVAILABLE
203c763c2730bc9f6e6f413144699f3ad2debfeeccf5fb7c3a33f42a03d7ab00,JUNCTIONS,5422,hadron_count,normalized_yield,per_event,0x1.cab067e744f32p-15,AVAILABLE,AVAILABLE
7f3e19ec6158d71dc2d63c679b9286005d48e9d9507f4fc5428ff00a8c4e90b4,MONASH,5422,hadron_count,normalized_yield,per_event,0x1.5798ee2308c3ap-24,AVAILABLE,AVAILABLE
d19d07c6628335f940587996ec2297d44d194545894067a337e497be266b6433,CLOSEPACKING,5422,hadron_count,raw_count,count,0x1.e1e0000000000p+11,AVAILABLE,WITHHELD_UNCERTAINTY
29c899dbe09e8fc432e9c676ed623db935a97e1149dc6974d90ffc1d9be44398,JUNCTIONS,5422,hadron_count,raw_count,count,0x1.55c0000000000p+12,AVAILABLE,WITHHELD_UNCERTAINTY
ac956c52408bf2916e72768b4ee50cfcbb773fab8264481270f2ffbbec5eb4b6,MONASH,5422,hadron_count,raw_count,count,0x1.0000000000000p+3,AVAILABLE,WITHHELD_UNCERTAINTY
8766c681dc2d1af82b0b94eb32ad7efc58edc66669e294bdd9a12cc45515f1fc,CLOSEPACKING,5422,hadron_count,raw_weighted_sum,weighted_count,0x1.e1e0000000000p+11,AVAILABLE,WITHHELD_UNCERTAINTY
3f160502497c70339e6461293abd5adcfe15157552bb1386d040ac2e6655653e,JUNCTIONS,5422,hadron_count,raw_weighted_sum,weighted_count,0x1.55c0000000000p+12,AVAILABLE,WITHHELD_UNCERTAINTY
bfe44a302f9643911f4bebcca960e8ad74ae33a83d662fbefc3c5134e5ef81d8,MONASH,5422,hadron_count,raw_weighted_sum,weighted_count,0x1.0000000000000p+3,AVAILABLE,WITHHELD_UNCERTAINTY
d2adb1f0213621693bae30de4300997cb391a8b3cf98335b2323a440e232fdd7,CLOSEPACKING,5424,beauty_plus_antibeauty_constituent_count,raw_count,count,0x1.0e90000000000p+12,AVAILABLE,WITHHELD_UNCERTAINTY
fbf6b4a56aace629e5efac0991cb4543b23c4d39857c50356554e96f07b8cd71,JUNCTIONS,5424,beauty_plus_antibeauty_constituent_count,raw_count,count,0x1.c500000000000p+9,AVAILABLE,WITHHELD_UNCERTAINTY
886b47507caa81f896e915b8e835d7135c1f584d068454872f44dbe7b8d25128,MONASH,5424,beauty_plus_antibeauty_constituent_count,raw_count,count,0x1.0000000000000p+2,AVAILABLE,WITHHELD_UNCERTAINTY
5ea16a3c5d23f1ad28edf6eff2183ff9bfc5cd6481ad716f041e9b61f4eaadd8,CLOSEPACKING,5424,beauty_plus_antibeauty_constituent_count,raw_weighted_sum,weighted_count,0x1.0e90000000000p+12,AVAILABLE,WITHHELD_UNCERTAINTY
c5a4dfc016362f2584449340a3ad04d35409ac9fc72fadb839f845f185c7807d,JUNCTIONS,5424,beauty_plus_antibeauty_constituent_count,raw_weighted_sum,weighted_count,0x1.c500000000000p+9,AVAILABLE,WITHHELD_UNCERTAINTY
adb8ea9808679a0f2167aa9f38308ca8151b7c02a51f7d2454da4a5096e8c09f,MONASH,5424,beauty_plus_antibeauty_constituent_count,raw_weighted_sum,weighted_count,0x1.0000000000000p+2,AVAILABLE,WITHHELD_UNCERTAINTY
0e9364a5e970add5af881b015531db762e3453205320d73a3a30cd9356c6cc26,CLOSEPACKING,5424,charm_plus_anticharm_constituent_count,raw_count,count,0x1.0e90000000000p+12,AVAILABLE,WITHHELD_UNCERTAINTY
0f036ee4640c7e1369fb03609d8594ca37c02afbd854925466b2a941d288d829,JUNCTIONS,5424,charm_plus_anticharm_constituent_count,raw_count,count,0x1.c500000000000p+9,AVAILABLE,WITHHELD_UNCERTAINTY
d071dbe044c0c3114dc123a652dd4baa075e504921682b158021f2ca70918433,MONASH,5424,charm_plus_anticharm_constituent_count,raw_count,count,0x1.0000000000000p+2,AVAILABLE,WITHHELD_UNCERTAINTY
a7f0701156e2dd8529ebc978eb64d31bc2e468ad6c6272f35e06999f4fb1e1f3,CLOSEPACKING,5424,charm_plus_anticharm_constituent_count,raw_weighted_sum,weighted_count,0x1.0e90000000000p+12,AVAILABLE,WITHHELD_UNCERTAINTY
cf5ff01606a63af06ec469b75b6eddf36e2eeed81e44e0e3c56c2dcdd90daa46,JUNCTIONS,5424,charm_plus_anticharm_constituent_count,raw_weighted_sum,weighted_count,0x1.c500000000000p+9,AVAILABLE,WITHHELD_UNCERTAINTY
cafba5b53743faad06c25135a49d972baf772262a3a33683e6a34591e360d49f,MONASH,5424,charm_plus_anticharm_constituent_count,raw_weighted_sum,weighted_count,0x1.0000000000000p+2,AVAILABLE,WITHHELD_UNCERTAINTY
e8b15ef93b17c4d9067ed043e8f1884de41bda50bbf4d8ed94fd0554b1008f67,CLOSEPACKING,5424,hadron_count,normalized_yield,per_event,0x1.6b24912ee6f34p-15,AVAILABLE,AVAILABLE
fa58027ebb949931b8014b2ebdcdfdfc5fc01dfb9c3e183d6d835733bd5e9f31,JUNCTIONS,5424,hadron_count,normalized_yield,per_event,0x1.3000ceb1ff411p-17,AVAILABLE,AVAILABLE
d93d0f9c34e7d9aa8ee45631189901109440d9125a707e1a84149e7635a012e5,MONASH,5424,hadron_count,normalized_yield,per_event,0x1.5798ee2308c3ap-25,AVAILABLE,AVAILABLE
ea485ffbf8a45cfccca6e3d6501f18f7868f0acfa7653528ca1b29ed031066a3,CLOSEPACKING,5424,hadron_count,raw_count,count,0x1.0e90000000000p+12,AVAILABLE,WITHHELD_UNCERTAINTY
62c98c6247ba86b4fa3f7a52e32a1545448568be7a1fb3293272a6fbeb9a016e,JUNCTIONS,5424,hadron_count,raw_count,count,0x1.c500000000000p+9,AVAILABLE,WITHHELD_UNCERTAINTY
022f610344d95bf2c02e74f5d27f58e8447cf7d06b0997628167c8599e30fa1b,MONASH,5424,hadron_count,raw_count,count,0x1.0000000000000p+2,AVAILABLE,WITHHELD_UNCERTAINTY
cd61334e6ea6fa08a7a4d7455488561ee6d281ea42d72fe82fdc7ba70d07be9b,CLOSEPACKING,5424,hadron_count,raw_weighted_sum,weighted_count,0x1.0e90000000000p+12,AVAILABLE,WITHHELD_UNCERTAINTY
853f15f3c31c1f9ecfd9936033bf93603ee928bd8d62f392ada8e25cb1fff334,JUNCTIONS,5424,hadron_count,raw_weighted_sum,weighted_count,0x1.c500000000000p+9,AVAILABLE,WITHHELD_UNCERTAINTY
78be64c8b0236e583ed01a5c0923e3262d4a7ccc312fd17d9a8ddaa2a7428056,MONASH,5424,hadron_count,raw_weighted_sum,weighted_count,0x1.0000000000000p+2,AVAILABLE,WITHHELD_UNCERTAINTY
eb3b360a7eb372ad6c493c8932b3434191f290002cb5098592ae5697830e07fe,CLOSEPACKING,543,beauty_plus_antibeauty_constituent_count,raw_count,count,0x1.6b00000000000p+12,AVAILABLE,WITHHELD_UNCERTAINTY
4ea945ac4fa99924d1cdeaa14c388eb53ef164b3e3d36fd7b70e1095fc757e71,JUNCTIONS,543,beauty_plus_antibeauty_constituent_count,raw_count,count,0x1.9920000000000p+12,AVAILABLE,WITHHELD_UNCERTAINTY
6430872876857cc17149d5cad802589334f28ca5ced540749fa2cf6073953d18,MONASH,543,beauty_plus_antibeauty_constituent_count,raw_count,count,0x1.1268000000000p+13,AVAILABLE,WITHHELD_UNCERTAINTY
6cafe6af87cd0c4acd563feb357732ccbb154324a8a3eab52dc60aca30a9d5a8,CLOSEPACKING,543,beauty_plus_antibeauty_constituent_count,raw_weighted_sum,weighted_count,0x1.6b00000000000p+12,AVAILABLE,WITHHELD_UNCERTAINTY
5e538e8577c12879b099b5c6432756ff250fe5ca28bfc0c48071591748c12391,JUNCTIONS,543,beauty_plus_antibeauty_constituent_count,raw_weighted_sum,weighted_count,0x1.9920000000000p+12,AVAILABLE,WITHHELD_UNCERTAINTY
36503273f26ed4f3d748d3e20342f10d1a13f57126fc4b173009abd97d7159aa,MONASH,543,beauty_plus_antibeauty_constituent_count,raw_weighted_sum,weighted_count,0x1.1268000000000p+13,AVAILABLE,WITHHELD_UNCERTAINTY
bb443e4c94b565106f75eb8145fb31b7de87f7def279b0f9f51549422a97d897,CLOSEPACKING,543,charm_plus_anticharm_constituent_count,raw_count,count,0x1.6b00000000000p+12,AVAILABLE,WITHHELD_UNCERTAINTY
7cddf363bdabdc8122a7eb7c99b8f7d93fa61b83721097782f55229cd746ce94,JUNCTIONS,543,charm_plus_anticharm_constituent_count,raw_count,count,0x1.9920000000000p+12,AVAILABLE,WITHHELD_UNCERTAINTY
a3e277c5416a16a8d40859161f7add1d153a0aaf58a08ea09c994578832efee9,MONASH,543,charm_plus_anticharm_constituent_count,raw_count,count,0x1.1268000000000p+13,AVAILABLE,WITHHELD_UNCERTAINTY
6cdf0e622759cfdaaa7d7c19e937a4f835035f013937898d9a4dde31d26c8e69,CLOSEPACKING,543,charm_plus_anticharm_constituent_count,raw_weighted_sum,weighted_count,0x1.6b00000000000p+12,AVAILABLE,WITHHELD_UNCERTAINTY
f2b9a54ba50734fe741cdd7cb290c662538bfdd902a824d654398a88d4b34c15,JUNCTIONS,543,charm_plus_anticharm_constituent_count,raw_weighted_sum,weighted_count,0x1.9920000000000p+12,AVAILABLE,WITHHELD_UNCERTAINTY
b994a867ea54f0719596846425cba92d86eb4bae42bcb14e323864e8af30277c,MONASH,543,charm_plus_anticharm_constituent_count,raw_weighted_sum,weighted_count,0x1.1268000000000p+13,AVAILABLE,WITHHELD_UNCERTAINTY
021606617296fead30d1592315c2475b5037e0e4762b015ba39e9235cfea4a31,CLOSEPACKING,543,hadron_count,normalized_yield,per_event,0x1.e735d9abad6d6p-15,AVAILABLE,AVAILABLE
9795824e4c644f1beca81c0bfa5a965819be8d0d2322c7e41996a180e143a198,JUNCTIONS,543,hadron_count,normalized_yield,per_event,0x1.128f23c9deb0dp-14,AVAILABLE,AVAILABLE
3810c54805a54ee14cb4a6d69f2d32cd9666fd23702f71f9241b28efa7ec716e,MONASH,543,hadron_count,normalized_yield,per_event,0x1.704d45023d9cfp-14,AVAILABLE,AVAILABLE
34e8e045fc8ac5c27b2439e79ddcdbb9938955a982a927413942b48f5de9f31d,CLOSEPACKING,543,hadron_count,raw_count,count,0x1.6b00000000000p+12,AVAILABLE,WITHHELD_UNCERTAINTY
f1a00ee96c4ac5f16d9399f39a2bc1ca902a1f26653362e0c90628f781580f10,JUNCTIONS,543,hadron_count,raw_count,count,0x1.9920000000000p+12,AVAILABLE,WITHHELD_UNCERTAINTY
ee9b334867c7fa3920f8f2d2c18a805ef89b3692593e39a5290563d5751a7c34,MONASH,543,hadron_count,raw_count,count,0x1.1268000000000p+13,AVAILABLE,WITHHELD_UNCERTAINTY
b4a982c73e772eebe2beb3a0317d7a977d386a4476312e0641b4ab40ac939459,CLOSEPACKING,543,hadron_count,raw_weighted_sum,weighted_count,0x1.6b00000000000p+12,AVAILABLE,WITHHELD_UNCERTAINTY
734739ac7492d7908057b39365aeadc012a7e0d8393f4851bdeb1293f0b346c7,JUNCTIONS,543,hadron_count,raw_weighted_sum,weighted_count,0x1.9920000000000p+12,AVAILABLE,WITHHELD_UNCERTAINTY
e8c9380c9e02e0ff676d364de32ce605d29bb5bd1d329c96129d50ed7e567a40,MONASH,543,hadron_count,raw_weighted_sum,weighted_count,0x1.1268000000000p+13,AVAILABLE,WITHHELD_UNCERTAINTY
7782ca606d33c5c49d4587b72fa0941fb2176c35b17c92c31466cb08f3134944,CLOSEPACKING,5432,beauty_plus_antibeauty_constituent_count,raw_count,count,0x1.5600000000000p+9,AVAILABLE,WITHHELD_UNCERTAINTY
0ac46eac2a6ce43038eceacc87f1e6c7b91cf1579172f17dddccd9cd62c413c2,JUNCTIONS,5432,beauty_plus_antibeauty_constituent_count,raw_count,count,0x1.fb80000000000p+9,AVAILABLE,WITHHELD_UNCERTAINTY
5b9e557240b9f454d9b83763ead4f6d5a221fd1f3debc038c249812f48b9c782,MONASH,5432,beauty_plus_antibeauty_constituent_count,raw_count,count,0x1.0000000000000p+0,AVAILABLE,WITHHELD_UNCERTAINTY
c4221ff337ab9a32292b3a1adc16e62bb014a0bd12ce264cb93563d060e9dcdf,CLOSEPACKING,5432,beauty_plus_antibeauty_constituent_count,raw_weighted_sum,weighted_count,0x1.5600000000000p+9,AVAILABLE,WITHHELD_UNCERTAINTY
ca13abac1e073cb079201fdd10f9aa5c35172808242adea2cff2a8f73bd75fe3,JUNCTIONS,5432,beauty_plus_antibeauty_constituent_count,raw_weighted_sum,weighted_count,0x1.fb80000000000p+9,AVAILABLE,WITHHELD_UNCERTAINTY
b7c10d72793e5d9e89e9e692a73432c87cf5a4b8240bc007e364fb1bfc6d8ecc,MONASH,5432,beauty_plus_antibeauty_constituent_count,raw_weighted_sum,weighted_count,0x1.0000000000000p+0,AVAILABLE,WITHHELD_UNCERTAINTY
c01c8bb1bac2d3e69b46d55350342c496971e9f4ac52e72897b3f64468adc7c9,CLOSEPACKING,5432,charm_plus_anticharm_constituent_count,raw_count,count,0x1.5600000000000p+9,AVAILABLE,WITHHELD_UNCERTAINTY
07b27f7e7173746a084a5256bce702d0d3ee145a8393d88ce5171960a7f2678f,JUNCTIONS,5432,charm_plus_anticharm_constituent_count,raw_count,count,0x1.fb80000000000p+9,AVAILABLE,WITHHELD_UNCERTAINTY
24f9234c505e0cfa20feee96247635c47797193132ac39d19e5aa123b57de81b,MONASH,5432,charm_plus_anticharm_constituent_count,raw_count,count,0x1.0000000000000p+0,AVAILABLE,WITHHELD_UNCERTAINTY
cf8521e8f3f3ff244b72b866b9c168fc3630b994eb1674cfd245b21900361e45,CLOSEPACKING,5432,charm_plus_anticharm_constituent_count,raw_weighted_sum,weighted_count,0x1.5600000000000p+9,AVAILABLE,WITHHELD_UNCERTAINTY
a2833e8d1beb795b20c5579b7b4e936db5f04198c637de02c9039ffbf4bdb452,JUNCTIONS,5432,charm_plus_anticharm_constituent_count,raw_weighted_sum,weighted_count,0x1.fb80000000000p+9,AVAILABLE,WITHHELD_UNCERTAINTY
761dc2efa674cee4421ca1d1015c4704f5981108958db774833bb41bc61c978b,MONASH,5432,charm_plus_anticharm_constituent_count,raw_weighted_sum,weighted_count,0x1.0000000000000p+0,AVAILABLE,WITHHELD_UNCERTAINTY
23c1a26a2dc1eb6a18c7ff5217d33e80ff09671144f7950c70e5439ba8359e63,CLOSEPACKING,5432,hadron_count,normalized_yield,per_event,0x1.cb064e22cdb55p-18,AVAILABLE,AVAILABLE
d43cfd3a8f1c502e7f5620ba10e86c1723b69d5a3d25bf0d6118502af22bf1a4,JUNCTIONS,5432,hadron_count,normalized_yield,per_event,0x1.5493d60b39efep-17,AVAILABLE,AVAILABLE
e1770bbff21c8ca5f01c2957288636f4b4de6fb922f71d0fa55bb044dbadd247,MONASH,5432,hadron_count,normalized_yield,per_event,0x1.5798ee2308c3ap-27,AVAILABLE,AVAILABLE
164f6118d8d05282f79b4e0b54f537185eda870f6afec75bd0b7b1bc84f1a834,CLOSEPACKING,5432,hadron_count,raw_count,count,0x1.5600000000000p+9,AVAILABLE,WITHHELD_UNCERTAINTY
f96448b27197d0e2252e81ce6eed598bdbae7de90da49aa9e3f80be51a2f8c53,JUNCTIONS,5432,hadron_count,raw_count,count,0x1.fb80000000000p+9,AVAILABLE,WITHHELD_UNCERTAINTY
2ffa1e0762aa00622efe6649ef81e34dc3d8f669e582eb8759913c9c06c7eb2e,MONASH,5432,hadron_count,raw_count,count,0x1.0000000000000p+0,AVAILABLE,WITHHELD_UNCERTAINTY
bb01073d0511b39a625c6226bccde75640b579bb59a8d752410a62ca08475ef0,CLOSEPACKING,5432,hadron_count,raw_weighted_sum,weighted_count,0x1.5600000000000p+9,AVAILABLE,WITHHELD_UNCERTAINTY
7d6b900574cd1edc704435dd61d9dd682cdb4b684d267138f24893e0137fa8ed,JUNCTIONS,5432,hadron_count,raw_weighted_sum,weighted_count,0x1.fb80000000000p+9,AVAILABLE,WITHHELD_UNCERTAINTY
82fb5c640045784a03fd6c766ffce2936d9ce9f3fb0f61ad81e40c4ad81dce16,MONASH,5432,hadron_count,raw_weighted_sum,weighted_count,0x1.0000000000000p+0,AVAILABLE,WITHHELD_UNCERTAINTY
85e84adb6da757a1438629759985d1fec0012f3979231047e89434ae80bd32d2,CLOSEPACKING,5434,beauty_plus_antibeauty_constituent_count,raw_count,count,0x1.d380000000000p+9,AVAILABLE,WITHHELD_UNCERTAINTY
c096981bdc0049ce5a18839f891b0b70fc908386f88f436eb798fae85fd09dcf,JUNCTIONS,5434,beauty_plus_antibeauty_constituent_count,raw_count,count,0x1.e400000000000p+6,AVAILABLE,WITHHELD_UNCERTAINTY
27655d50d0bf06d5a01e213e68afb6e4c4864e83c6df023c6cf0822ebe0d262a,MONASH,5434,beauty_plus_antibeauty_constituent_count,raw_count,count,0x0.0p+0,AVAILABLE,WITHHELD_UNCERTAINTY
f22583598cb7c3c1a9a9999bca050fb3406f0110232fad54b2f4b8d38fbf3e5b,CLOSEPACKING,5434,beauty_plus_antibeauty_constituent_count,raw_weighted_sum,weighted_count,0x1.d380000000000p+9,AVAILABLE,WITHHELD_UNCERTAINTY
cb6d614d8c1988571358ee946a7c37c89f00cd24d3fc7d7a057d6e71dc036334,JUNCTIONS,5434,beauty_plus_antibeauty_constituent_count,raw_weighted_sum,weighted_count,0x1.e400000000000p+6,AVAILABLE,WITHHELD_UNCERTAINTY
8168c91d0eaa54ca31b2f6530cf6a5348d3b0392e1c769c134ae4838fea14b6d,MONASH,5434,beauty_plus_antibeauty_constituent_count,raw_weighted_sum,weighted_count,0x0.0p+0,AVAILABLE,WITHHELD_UNCERTAINTY
87bda1911229fb68d0a454a650569b27962809737239d221d5a55819a92762b0,CLOSEPACKING,5434,charm_plus_anticharm_constituent_count,raw_count,count,0x1.d380000000000p+9,AVAILABLE,WITHHELD_UNCERTAINTY
8b5e08a883b6139b8368b46f35436d92439f7cbb4df243c8533bd74adf38343e,JUNCTIONS,5434,charm_plus_anticharm_constituent_count,raw_count,count,0x1.e400000000000p+6,AVAILABLE,WITHHELD_UNCERTAINTY
dba92a526105bf858d6bc9f4c0300827017129bd4aba64914234bee61885ac0d,MONASH,5434,charm_plus_anticharm_constituent_count,raw_count,count,0x0.0p+0,AVAILABLE,WITHHELD_UNCERTAINTY
71a9e43e3503c62180c270bb4b08fbbcd268a627b2479052aed22b25bba411d9,CLOSEPACKING,5434,charm_plus_anticharm_constituent_count,raw_weighted_sum,weighted_count,0x1.d380000000000p+9,AVAILABLE,WITHHELD_UNCERTAINTY
b972021d9c3de23aebc1f2d5eada7095cdc561660cf84842d7c0818f7f6250da,JUNCTIONS,5434,charm_plus_anticharm_constituent_count,raw_weighted_sum,weighted_count,0x1.e400000000000p+6,AVAILABLE,WITHHELD_UNCERTAINTY
3ae1cf336f33abdbad1782edfcd625a219d258d4c8780b646c521a0fd29c7fd2,MONASH,5434,charm_plus_anticharm_constituent_count,raw_weighted_sum,weighted_count,0x0.0p+0,AVAILABLE,WITHHELD_UNCERTAINTY
bd2fc8622c22d5b82bca39d1ff6f76b248c88da7be879f85a583878e10a8964d,CLOSEPACKING,5434,hadron_count,normalized_yield,per_event,0x1.39bbe3707d40ap-17,AVAILABLE,AVAILABLE
4395b90292f885fae8e24d8514a2d7842565d406e08ed75ac19dec9f2e13be4f,JUNCTIONS,5434,hadron_count,normalized_yield,per_event,0x1.44ce911d1e48fp-20,AVAILABLE,AVAILABLE
2580f38b339bd294b4ef3d62d6ce2544f6fd9d7a3dd88c56bd5a89f876b6a0de,MONASH,5434,hadron_count,normalized_yield,per_event,0x0.0p+0,AVAILABLE,AVAILABLE_ZERO_DISPERSION
4ae8ff432a258e146a17ddf2c8bfc5eb383ab43c1e1d1085c9e5bc6ed44222c1,CLOSEPACKING,5434,hadron_count,raw_count,count,0x1.d380000000000p+9,AVAILABLE,WITHHELD_UNCERTAINTY
1ae18ddee68a37dcc31ee446059c81d9d8363a2f159b8c93cc547fcf353c5283,JUNCTIONS,5434,hadron_count,raw_count,count,0x1.e400000000000p+6,AVAILABLE,WITHHELD_UNCERTAINTY
c1e830f9ba62f6c9e9f5db7e3cb4804d5da8c9056df4c81fe9f9e10089020887,MONASH,5434,hadron_count,raw_count,count,0x0.0p+0,AVAILABLE,WITHHELD_UNCERTAINTY
7a0a9976aa44aa4e4aa51a1694bfa6f7ec1b2a211f32d7ba502ad5ff6bb0079f,CLOSEPACKING,5434,hadron_count,raw_weighted_sum,weighted_count,0x1.d380000000000p+9,AVAILABLE,WITHHELD_UNCERTAINTY
63325d85f83911871e2468101248e276d7b9d018b16c3abd72ed5281f073b9b4,JUNCTIONS,5434,hadron_count,raw_weighted_sum,weighted_count,0x1.e400000000000p+6,AVAILABLE,WITHHELD_UNCERTAINTY
58c71a75d93e0a5bffe172a6892839ea8901eb1001ff04712ee2db4768a12d0d,MONASH,5434,hadron_count,raw_weighted_sum,weighted_count,0x0.0p+0,AVAILABLE,WITHHELD_UNCERTAINTY
2c2bec4ca01465ef0b89b8649362ad361df70048ac15bcc2994059614dd0f9e9,CLOSEPACKING,5442,beauty_plus_antibeauty_constituent_count,raw_count,count,0x1.8000000000000p+1,AVAILABLE,WITHHELD_UNCERTAINTY
77de30e17eb1e1bf70796ef9c335814e8c8282b46a445d52e5267159b2a65f6b,JUNCTIONS,5442,beauty_plus_antibeauty_constituent_count,raw_count,count,0x1.4000000000000p+3,AVAILABLE,WITHHELD_UNCERTAINTY
0690421d8a859e3dd86d2f8830e1d3d109b84a516e9a46e979efe95b79cb0fc7,MONASH,5442,beauty_plus_antibeauty_constituent_count,raw_count,count,0x0.0p+0,AVAILABLE,WITHHELD_UNCERTAINTY
ee8d8a450ddb85aa5bd513d334d9f7bd38180e35807876709ecc42db4bafc5ac,CLOSEPACKING,5442,beauty_plus_antibeauty_constituent_count,raw_weighted_sum,weighted_count,0x1.8000000000000p+1,AVAILABLE,WITHHELD_UNCERTAINTY
138693044bf0bbba32b98e1526254fae9e4ec78ea6ecd38ef3a44b2845b4556f,JUNCTIONS,5442,beauty_plus_antibeauty_constituent_count,raw_weighted_sum,weighted_count,0x1.4000000000000p+3,AVAILABLE,WITHHELD_UNCERTAINTY
34823b5febf7baa57494b28de69931e769fbea351cc65374ca799a110e6255c4,MONASH,5442,beauty_plus_antibeauty_constituent_count,raw_weighted_sum,weighted_count,0x0.0p+0,AVAILABLE,WITHHELD_UNCERTAINTY
3f63357f8a9a6b5fe89717138ed280aec03d06f1bbc849080dbb967cbd124093,CLOSEPACKING,5442,charm_plus_anticharm_constituent_count,raw_count,count,0x1.8000000000000p+2,AVAILABLE,WITHHELD_UNCERTAINTY
a2f6784079cc435599efc6000af60559e96e0601d6631c7ac14f149c55b289bb,JUNCTIONS,5442,charm_plus_anticharm_constituent_count,raw_count,count,0x1.4000000000000p+4,AVAILABLE,WITHHELD_UNCERTAINTY
032bb8a0fd52396a567dee1837d18a5ba6539950c6075651e7f304ed06a402a0,MONASH,5442,charm_plus_anticharm_constituent_count,raw_count,count,0x0.0p+0,AVAILABLE,WITHHELD_UNCERTAINTY
ca475f5e4cf81cb885ddc722f7536c124ac2d5fcea50e5769047ce3e7c6dee0a,CLOSEPACKING,5442,charm_plus_anticharm_constituent_count,raw_weighted_sum,weighted_count,0x1.8000000000000p+2,AVAILABLE,WITHHELD_UNCERTAINTY
cc26c895d58154665449370c074068ea4b6c60af487a2b0f57fe9664d290967b,JUNCTIONS,5442,charm_plus_anticharm_constituent_count,raw_weighted_sum,weighted_count,0x1.4000000000000p+4,AVAILABLE,WITHHELD_UNCERTAINTY
6eafae354ee7d23a14907366075b57efea1c95eba55b1d3b4d4eb6b7aa33908e,MONASH,5442,charm_plus_anticharm_constituent_count,raw_weighted_sum,weighted_count,0x0.0p+0,AVAILABLE,WITHHELD_UNCERTAINTY
872d8fc142f1e6b181f2d38d8dfa81605a061583e9098ff611bf52d0c9ee874e,CLOSEPACKING,5442,hadron_count,normalized_yield,per_event,0x1.01b2b29a4692bp-25,AVAILABLE,AVAILABLE
efad0dd9b41b27a88ea9c67ca00227843c5b56ef2cbf5ae13131b875906cd95a,JUNCTIONS,5442,hadron_count,normalized_yield,per_event,0x1.ad7f29abcaf48p-24,AVAILABLE,AVAILABLE
774e740fef28fb5ec16f5d70252fb9baa82fcdfa8fdb0a64a7546e3108931c05,MONASH,5442,hadron_count,normalized_yield,per_event,0x0.0p+0,AVAILABLE,AVAILABLE_ZERO_DISPERSION
24c9cca807f0857486aa6217272db8db33eadf2a888108c91361bc8f75fbdc93,CLOSEPACKING,5442,hadron_count,raw_count,count,0x1.8000000000000p+1,AVAILABLE,WITHHELD_UNCERTAINTY
2eb1f8e1cb17cd3bb851e315be6e1a1b85d747bcb353ce1e58a87fd659fcf895,JUNCTIONS,5442,hadron_count,raw_count,count,0x1.4000000000000p+3,AVAILABLE,WITHHELD_UNCERTAINTY
74429c30d4fdf75935a990f1299021f4b2df69e75d21dd0aff5baec987fc8753,MONASH,5442,hadron_count,raw_count,count,0x0.0p+0,AVAILABLE,WITHHELD_UNCERTAINTY
0a5ac969606717a85437c282beb92f426489fffbb716513c89940516f43727e4,CLOSEPACKING,5442,hadron_count,raw_weighted_sum,weighted_count,0x1.8000000000000p+1,AVAILABLE,WITHHELD_UNCERTAINTY
5e08f6a57f01c189fbcaab6712537571d21b77833beafec611e15c7bdf9632f3,JUNCTIONS,5442,hadron_count,raw_weighted_sum,weighted_count,0x1.4000000000000p+3,AVAILABLE,WITHHELD_UNCERTAINTY
f0ad95ca32585535724986cbcf31cd06f8668d200fb76749554022a5e2222d54,MONASH,5442,hadron_count,raw_weighted_sum,weighted_count,0x0.0p+0,AVAILABLE,WITHHELD_UNCERTAINTY
50ea0731ee2447b3bd6418d19558f35296839d285cf6db9723c8c07e4069901a,CLOSEPACKING,5444,beauty_plus_antibeauty_constituent_count,raw_count,count,0x1.0000000000000p+3,AVAILABLE,WITHHELD_UNCERTAINTY
42601ff4eb097c4d67b5481252e41ef23d683f74c071d1079ef19cfb68aca50d,JUNCTIONS,5444,beauty_plus_antibeauty_constituent_count,raw_count,count,0x1.0000000000000p+2,AVAILABLE,WITHHELD_UNCERTAINTY
7b5bd5b02599ad622a69513efb651cf0604f663e3bddc2b492db78a1e9e0ae76,MONASH,5444,beauty_plus_antibeauty_constituent_count,raw_count,count,0x0.0p+0,AVAILABLE,WITHHELD_UNCERTAINTY
d6d3cb5357f7b2370af055011f00b3f6dd0f1125df93c1af9f9119cf6c4eaf4c,CLOSEPACKING,5444,beauty_plus_antibeauty_constituent_count,raw_weighted_sum,weighted_count,0x1.0000000000000p+3,AVAILABLE,WITHHELD_UNCERTAINTY
7b5ae02c1798fc0a9e6bcebd34fd8e7a56f64a4e4eca01bf4ff0b439b0e5bc9b,JUNCTIONS,5444,beauty_plus_antibeauty_constituent_count,raw_weighted_sum,weighted_count,0x1.0000000000000p+2,AVAILABLE,WITHHELD_UNCERTAINTY
8127c10101ceb8a79dc0f00100b48470a59498951ef1e1473b173b9a3f8b4a6a,MONASH,5444,beauty_plus_antibeauty_constituent_count,raw_weighted_sum,weighted_count,0x0.0p+0,AVAILABLE,WITHHELD_UNCERTAINTY
a3485af2839fc1c4c83858ed3aff1f1e72e8a1f05ef25032cfc661650d54428b,CLOSEPACKING,5444,charm_plus_anticharm_constituent_count,raw_count,count,0x1.0000000000000p+4,AVAILABLE,WITHHELD_UNCERTAINTY
c7766063ed14e11ec415e9ec8e1a6fbb561f36a5037a114cbf57ec91623a8fe4,JUNCTIONS,5444,charm_plus_anticharm_constituent_count,raw_count,count,0x1.0000000000000p+3,AVAILABLE,WITHHELD_UNCERTAINTY
239f6452f56dd3ec40713bf57e92d3272d45c8df0dce14cbb6f3ffd56f08a969,MONASH,5444,charm_plus_anticharm_constituent_count,raw_count,count,0x0.0p+0,AVAILABLE,WITHHELD_UNCERTAINTY
44744651e5bc67c7391d5c4ef51bc494c6ea83341afadcdb8f4a40a49bc049df,CLOSEPACKING,5444,charm_plus_anticharm_constituent_count,raw_weighted_sum,weighted_count,0x1.0000000000000p+4,AVAILABLE,WITHHELD_UNCERTAINTY
8846e7fe27807f9439e76c1130d4fc247ef32043a4e89e5552063140f782942d,JUNCTIONS,5444,charm_plus_anticharm_constituent_count,raw_weighted_sum,weighted_count,0x1.0000000000000p+3,AVAILABLE,WITHHELD_UNCERTAINTY
4ab65562a55aa98c5f05a50871561ccdb26c231e5065c89149e91b3ce89722da,MONASH,5444,charm_plus_anticharm_constituent_count,raw_weighted_sum,weighted_count,0x0.0p+0,AVAILABLE,WITHHELD_UNCERTAINTY
6176116458db53c1ba04d7b9669756d662c888cb53e7ddef1320c4c3d89f7e40,CLOSEPACKING,5444,hadron_count,normalized_yield,per_event,0x1.5798ee2308c3ap-24,AVAILABLE,AVAILABLE
3a78097018a591ac8782bfac22dbea5ceaa7315249b74c0e01d331523a40e219,JUNCTIONS,5444,hadron_count,normalized_yield,per_event,0x1.5798ee2308c3ap-25,AVAILABLE,AVAILABLE
678d6bee3a70f8f35a2bdf5d43411c15ac112d787d0719e0a0dc29a04e44a1af,MONASH,5444,hadron_count,normalized_yield,per_event,0x0.0p+0,AVAILABLE,AVAILABLE_ZERO_DISPERSION
f3381763e81670c1ba8c8894033f700b88913e8dbbb3f2a03125a628ff76de39,CLOSEPACKING,5444,hadron_count,raw_count,count,0x1.0000000000000p+3,AVAILABLE,WITHHELD_UNCERTAINTY
b66ada50643fc08cc2a739f0e142feb54ba05453bfb2be38267795b0b56b187f,JUNCTIONS,5444,hadron_count,raw_count,count,0x1.0000000000000p+2,AVAILABLE,WITHHELD_UNCERTAINTY
0b47343c7a70fe6ebeb09b8dd120fd55235cff9048aae1a7e5a7558016a59953,MONASH,5444,hadron_count,raw_count,count,0x0.0p+0,AVAILABLE,WITHHELD_UNCERTAINTY
d48ef383d1ba98a24c8a855b7097152f113f48754d1a929c581ac80b719dfe12,CLOSEPACKING,5444,hadron_count,raw_weighted_sum,weighted_count,0x1.0000000000000p+3,AVAILABLE,WITHHELD_UNCERTAINTY
346b4b2e15841cf41ee72cf9a983137013cddca95bfa91ad8b530eefeb81efa8,JUNCTIONS,5444,hadron_count,raw_weighted_sum,weighted_count,0x1.0000000000000p+2,AVAILABLE,WITHHELD_UNCERTAINTY
a29330eabc6a690406b780f1ae92d5f897507a41c96bbfd2efe00b14646f3929,MONASH,5444,hadron_count,raw_weighted_sum,weighted_count,0x0.0p+0,AVAILABLE,WITHHELD_UNCERTAINTY
ca1394cb5c0b0505ec233b47cb53be696fe8558723eb39a7c8131f1d2f1c2f7f,CLOSEPACKING,551,beauty_plus_antibeauty_constituent_count,raw_count,count,0x1.b400000000000p+10,AVAILABLE,WITHHELD_UNCERTAINTY
a0b272685b066476fdcd0d8dcd31bc4949d7686ed07f6e35d7b0e5a9c0db73e1,JUNCTIONS,551,beauty_plus_antibeauty_constituent_count,raw_count,count,0x1.db00000000000p+10,AVAILABLE,WITHHELD_UNCERTAINTY
62cf39e739f56d18b1086c32bb0d3fb5619580c736742559ba98540c04fde929,MONASH,551,beauty_plus_antibeauty_constituent_count,raw_count,count,0x1.0000000000000p+9,AVAILABLE,WITHHELD_UNCERTAINTY
0f3280228120baa0359fc05820857cc5bb5cc9d1c5c54fdf28d7849add144eac,CLOSEPACKING,551,beauty_plus_antibeauty_constituent_count,raw_weighted_sum,weighted_count,0x1.b400000000000p+10,AVAILABLE,WITHHELD_UNCERTAINTY
c33e4bc19a53db971f91c7d7f2f053fa875e3d192a03fe13011e03a56614c4f3,JUNCTIONS,551,beauty_plus_antibeauty_constituent_count,raw_weighted_sum,weighted_count,0x1.db00000000000p+10,AVAILABLE,WITHHELD_UNCERTAINTY
f9a5125da8c13ddbf5dcd5a30c748c04543ef8a0489a899b53a820257677250f,MONASH,551,beauty_plus_antibeauty_constituent_count,raw_weighted_sum,weighted_count,0x1.0000000000000p+9,AVAILABLE,WITHHELD_UNCERTAINTY
9bb49d1c0974b5c0707c7d98d4d2f1b004a420b700582f1678db37ec308a15e2,CLOSEPACKING,551,charm_plus_anticharm_constituent_count,raw_count,count,0x0.0p+0,AVAILABLE,WITHHELD_UNCERTAINTY
6cf34937cbc409445800cae952edd2a1ac6d46f2ad6d5a46d2fbfc7ac1279370,JUNCTIONS,551,charm_plus_anticharm_constituent_count,raw_count,count,0x0.0p+0,AVAILABLE,WITHHELD_UNCERTAINTY
2df35fda2c5cdcc39d05174744e95379e7668c5a31e0cd778373c60e1c53cd07,MONASH,551,charm_plus_anticharm_constituent_count,raw_count,count,0x0.0p+0,AVAILABLE,WITHHELD_UNCERTAINTY
eb2dae617b0fa780bfcfbd18c1f0d50e69464bdb734645108a8c3d75dc263cfc,CLOSEPACKING,551,charm_plus_anticharm_constituent_count,raw_weighted_sum,weighted_count,0x0.0p+0,AVAILABLE,WITHHELD_UNCERTAINTY
5ce345d819aa0c54ae6f220e39e4dcc0ea19511f7aff24c7e9741f664c2f9343,JUNCTIONS,551,charm_plus_anticharm_constituent_count,raw_weighted_sum,weighted_count,0x0.0p+0,AVAILABLE,WITHHELD_UNCERTAINTY
616ce8db71cce4b00efdddae8bd0027ab174080aefb45aa0379718b63bab89d9,MONASH,551,charm_plus_anticharm_constituent_count,raw_weighted_sum,weighted_count,0x0.0p+0,AVAILABLE,WITHHELD_UNCERTAINTY
d6359d1d422c8dc4a7af7cdbbfd7125c41d2381e85106a626211e87deaccc950,CLOSEPACKING,551,hadron_count,normalized_yield,per_event,0x1.24983ac9d5769p-17,AVAILABLE,AVAILABLE
75626c3af3b0377e675d7613508c086bb48c867c90025551e04ec68208c3ff18,JUNCTIONS,551,hadron_count,normalized_yield,per_event,0x1.3ec460ed80a18p-17,AVAILABLE,AVAILABLE
751a26ac7983e270376bf57cfca4084f2570472d0542af0839b6321c46dd1659,MONASH,551,hadron_count,normalized_yield,per_event,0x1.5798ee2308c3ap-19,AVAILABLE,AVAILABLE
11475fe09be4f5f0b3dc67fefdcdf8d83165ab2d9c74b273b20ca80f74f46ad0,CLOSEPACKING,551,hadron_count,raw_count,count,0x1.b400000000000p+9,AVAILABLE,WITHHELD_UNCERTAINTY
ee0288e3000733abd7c9da011fdf41c5bee54c4428a123345559d63a52ae80b7,JUNCTIONS,551,hadron_count,raw_count,count,0x1.db00000000000p+9,AVAILABLE,WITHHELD_UNCERTAINTY
a48a77ea04b1deceefe9f70b94d9f464ecabf191d7673174efec54a86fea8bdf,MONASH,551,hadron_count,raw_count,count,0x1.0000000000000p+8,AVAILABLE,WITHHELD_UNCERTAINTY
49850b17c6ab2d18aa5594babd5591861195b7d9c07db1b5d20853d3ef162659,CLOSEPACKING,551,hadron_count,raw_weighted_sum,weighted_count,0x1.b400000000000p+9,AVAILABLE,WITHHELD_UNCERTAINTY
070931505fffedb27ee7d338b223253af6bf6a46475ecc38e7a70260539603c6,JUNCTIONS,551,hadron_count,raw_weighted_sum,weighted_count,0x1.db00000000000p+9,AVAILABLE,WITHHELD_UNCERTAINTY
43c79fc74782ccd405f9235f53763c9564e9fa95e0e3774c0f3293ea46fe5de8,MONASH,551,hadron_count,raw_weighted_sum,weighted_count,0x1.0000000000000p+8,AVAILABLE,WITHHELD_UNCERTAINTY
355eb75c10f8b538a4ccb11f2f40275a8317735b7b8e987e6ddcc372f303e7a6,CLOSEPACKING,5512,beauty_plus_antibeauty_constituent_count,raw_count,count,0x1.4d00000000000p+9,AVAILABLE,WITHHELD_UNCERTAINTY
59933fd076d70a181d9d7f544267f3555bf94617ec8a65fe412bbcec5af83b73,JUNCTIONS,5512,beauty_plus_antibeauty_constituent_count,raw_count,count,0x1.0400000000000p+9,AVAILABLE,WITHHELD_UNCERTAINTY
e0a08a7fbdfbca1b0760d449e579df5ff64fe5a8333a66d4df260932e59538c2,MONASH,5512,beauty_plus_antibeauty_constituent_count,raw_count,count,0x0.0p+0,AVAILABLE,WITHHELD_UNCERTAINTY
2a0875a0df711288546a61b61bac34bf83cde78b4029db6e2697300d2faafb5f,CLOSEPACKING,5512,beauty_plus_antibeauty_constituent_count,raw_weighted_sum,weighted_count,0x1.4d00000000000p+9,AVAILABLE,WITHHELD_UNCERTAINTY
abc0edd29a7d82d6610c73d71cb062ab92711f554dc2c13a4530647366e3897b,JUNCTIONS,5512,beauty_plus_antibeauty_constituent_count,raw_weighted_sum,weighted_count,0x1.0400000000000p+9,AVAILABLE,WITHHELD_UNCERTAINTY
bfba6ce9468fec9c60aa6e23ee52e808e5c260ba784888a1cfe0d65587dff8e7,MONASH,5512,beauty_plus_antibeauty_constituent_count,raw_weighted_sum,weighted_count,0x0.0p+0,AVAILABLE,WITHHELD_UNCERTAINTY
4b45af3ffbe09dbff451798a3d499b00456107e73c87bccc6bef7bac565d4b23,CLOSEPACKING,5512,charm_plus_anticharm_constituent_count,raw_count,count,0x0.0p+0,AVAILABLE,WITHHELD_UNCERTAINTY
b7dac043b97e622027f3427679422b743353acc065ab5158e6d8e312bdf6099f,JUNCTIONS,5512,charm_plus_anticharm_constituent_count,raw_count,count,0x0.0p+0,AVAILABLE,WITHHELD_UNCERTAINTY
8220067602efdb70d440065aecd3ad9179da899c02f6ff052c77571285c732a1,MONASH,5512,charm_plus_anticharm_constituent_count,raw_count,count,0x0.0p+0,AVAILABLE,WITHHELD_UNCERTAINTY
0246770c8557ca66b05ea6fceac4d7d62c687e999997c7ea84a7726447171682,CLOSEPACKING,5512,charm_plus_anticharm_constituent_count,raw_weighted_sum,weighted_count,0x0.0p+0,AVAILABLE,WITHHELD_UNCERTAINTY
16a526c150734dbf1f62ba181c695d85eb62adcaa4c93eef2ba7c656c592fcd5,JUNCTIONS,5512,charm_plus_anticharm_constituent_count,raw_weighted_sum,weighted_count,0x0.0p+0,AVAILABLE,WITHHELD_UNCERTAINTY
6674080ca8c60cd7fe1179619d8fcf43fa863d25121f19f7bf32687e6f908fab,MONASH,5512,charm_plus_anticharm_constituent_count,raw_weighted_sum,weighted_count,0x0.0p+0,AVAILABLE,WITHHELD_UNCERTAINTY
a22c0d9c1ea3121e15734a7bed9ec08d1e84f6708d210bb79b9f52e4863866d0,CLOSEPACKING,5512,hadron_count,normalized_yield,per_event,0x1.bef1edc392667p-19,AVAILABLE,AVAILABLE
d2cf164bef81a1b1ce5de9435c0bac693bdd622b6199b000473dfca9e2a1dfc8,JUNCTIONS,5512,hadron_count,normalized_yield,per_event,0x1.5cf751db94e6bp-19,AVAILABLE,AVAILABLE
abadb2d0456156e0e3def8a55aa82a018e30aac8d253b3b0783df8fed4f7a32c,MONASH,5512,hadron_count,normalized_yield,per_event,0x0.0p+0,AVAILABLE,AVAILABLE_ZERO_DISPERSION
30df2d76e740cb8ad27536437c97f0d3e27e2517bfa2b76d8e62398bcda3ed0a,CLOSEPACKING,5512,hadron_count,raw_count,count,0x1.4d00000000000p+8,AVAILABLE,WITHHELD_UNCERTAINTY
7540a6521a0ddd76c6bb0f12d51770dc64db1fee39a5b37fd7dce1977d5efa1f,JUNCTIONS,5512,hadron_count,raw_count,count,0x1.0400000000000p+8,AVAILABLE,WITHHELD_UNCERTAINTY
b071e0c6a362abd409a2e8e077afeacf75b3c998d97da7f6d3d7cdc290618018,MONASH,5512,hadron_count,raw_count,count,0x0.0p+0,AVAILABLE,WITHHELD_UNCERTAINTY
09ccf252aec4c9d57da989bfb5f252bb7086153ae6327fd5c2f9c4820b37e398,CLOSEPACKING,5512,hadron_count,raw_weighted_sum,weighted_count,0x1.4d00000000000p+8,AVAILABLE,WITHHELD_UNCERTAINTY
8582dc05083f16aa6df239c592e18a40fbe21043eda7dfc00b1fff3c75d384f9,JUNCTIONS,5512,hadron_count,raw_weighted_sum,weighted_count,0x1.0400000000000p+8,AVAILABLE,WITHHELD_UNCERTAINTY
e960beed2ee9d15a5e68e2f9610011a6d819419ce1e25c8e1693b881cfaf0e20,MONASH,5512,hadron_count,raw_weighted_sum,weighted_count,0x0.0p+0,AVAILABLE,WITHHELD_UNCERTAINTY
5e4d7595e911ea82a011c58068618c148068b5491fa9913f97a81326218ccb67,CLOSEPACKING,5514,beauty_plus_antibeauty_constituent_count,raw_count,count,0x1.fc00000000000p+8,AVAILABLE,WITHHELD_UNCERTAINTY
c81d038ee2f2d45e7740e8f32a22b57bd87abcc6ee20ca36120405449c042e1e,JUNCTIONS,5514,beauty_plus_antibeauty_constituent_count,raw_count,count,0x1.2600000000000p+8,AVAILABLE,WITHHELD_UNCERTAINTY
4dfec3371ce4cd35c1df92dbe3c6008aa9d597087f2c4f7984af09b0b57dd487,MONASH,5514,beauty_plus_antibeauty_constituent_count,raw_count,count,0x0.0p+0,AVAILABLE,WITHHELD_UNCERTAINTY
1e80f45c597e30dce09544729bf666c434cbb9587190341633073903c2c75e47,CLOSEPACKING,5514,beauty_plus_antibeauty_constituent_count,raw_weighted_sum,weighted_count,0x1.fc00000000000p+8,AVAILABLE,WITHHELD_UNCERTAINTY
caf090e880625648b63da5f6872e9d734eb313001b98295415d18e2c9abfa2cd,JUNCTIONS,5514,beauty_plus_antibeauty_constituent_count,raw_weighted_sum,weighted_count,0x1.2600000000000p+8,AVAILABLE,WITHHELD_UNCERTAINTY
e0ebdb35b09800c7bb53ab91e4a82118fdb0aefbb6e230d43207f09729c88fe9,MONASH,5514,beauty_plus_antibeauty_constituent_count,raw_weighted_sum,weighted_count,0x0.0p+0,AVAILABLE,WITHHELD_UNCERTAINTY
a50e960de66f32a172271978d01d4fd45e894d358d63ff650de73f14685f262e,CLOSEPACKING,5514,charm_plus_anticharm_constituent_count,raw_count,count,0x0.0p+0,AVAILABLE,WITHHELD_UNCERTAINTY
7e0636af98ad567be699bc939cece491aab1746a7f6be0219e6678cdca3946bb,JUNCTIONS,5514,charm_plus_anticharm_constituent_count,raw_count,count,0x0.0p+0,AVAILABLE,WITHHELD_UNCERTAINTY
37d370d8be4ca0fa6e65dc29c106789d36fb0913c53fd63bcd47c9916ac1f82c,MONASH,5514,charm_plus_anticharm_constituent_count,raw_count,count,0x0.0p+0,AVAILABLE,WITHHELD_UNCERTAINTY
1774fd0e256b4f4b4ccec8df117b43827cc7a185d8d1c5aa87be710d494e66d5,CLOSEPACKING,5514,charm_plus_anticharm_constituent_count,raw_weighted_sum,weighted_count,0x0.0p+0,AVAILABLE,WITHHELD_UNCERTAINTY
e251ba20c5d38e19ed0423cdefec563b83029e0d7d91832deff2455972080cc2,JUNCTIONS,5514,charm_plus_anticharm_constituent_count,raw_weighted_sum,weighted_count,0x0.0p+0,AVAILABLE,WITHHELD_UNCERTAINTY
755ffa0ee01e8525ab2a02947617e5daef635614345e6527f33a53e75998d46b,MONASH,5514,charm_plus_anticharm_constituent_count,raw_weighted_sum,weighted_count,0x0.0p+0,AVAILABLE,WITHHELD_UNCERTAINTY
67e33ddbfcb7ed4112b7bf7acd26555dd3fa7761d5db3830941cdfd455d8ca30,CLOSEPACKING,5514,hadron_count,normalized_yield,per_event,0x1.54e9bc46c2b21p-19,AVAILABLE,AVAILABLE
54b0658ff6ea47c94dfb5c4e4023c42a52b4e5dc456b580c0ad96d510b2b1438,JUNCTIONS,5514,hadron_count,normalized_yield,per_event,0x1.8a99a17c3c10ap-20,AVAILABLE,AVAILABLE
f60fa13c90d9531827d6fa629f771b43d2f506f72b24eaea4808b807b9795976,MONASH,5514,hadron_count,normalized_yield,per_event,0x0.0p+0,AVAILABLE,AVAILABLE_ZERO_DISPERSION
7b130ca73f08127f1b2ceb669088f3fce5fc06e60a00791b6a502c24f9733727,CLOSEPACKING,5514,hadron_count,raw_count,count,0x1.fc00000000000p+7,AVAILABLE,WITHHELD_UNCERTAINTY
0ff266a460de81e1c3682a62f1f2faaea676d99dd2ecd4767c466235aa693694,JUNCTIONS,5514,hadron_count,raw_count,count,0x1.2600000000000p+7,AVAILABLE,WITHHELD_UNCERTAINTY
65fda3a3bccb5f281135103b110626aeb3dc1e36e8831372d2d35f5ece7c6409,MONASH,5514,hadron_count,raw_count,count,0x0.0p+0,AVAILABLE,WITHHELD_UNCERTAINTY
76c539c05a8dae703085bfefb073b95b3af0902dd43fd5d1fb9c6807f41acfc1,CLOSEPACKING,5514,hadron_count,raw_weighted_sum,weighted_count,0x1.fc00000000000p+7,AVAILABLE,WITHHELD_UNCERTAINTY
37cb865cba5fc36a4ab9843d47df2c2f0768ccc854409882a334e9eec12fb103,JUNCTIONS,5514,hadron_count,raw_weighted_sum,weighted_count,0x1.2600000000000p+7,AVAILABLE,WITHHELD_UNCERTAINTY
83e1b6026e595016f08879b2ee8526f5cf1d2493ec5488d8b0d80570acdf33ec,MONASH,5514,hadron_count,raw_weighted_sum,weighted_count,0x0.0p+0,AVAILABLE,WITHHELD_UNCERTAINTY
87da2626de0fdaddd5c037de7e137a2615053f458fe3dc448f0fd7892ea3867a,CLOSEPACKING,5522,beauty_plus_antibeauty_constituent_count,raw_count,count,0x1.8c00000000000p+9,AVAILABLE,WITHHELD_UNCERTAINTY
faf599092f58dfc3b2575fda858d79d97eea9fffb0eb2d43e1bfb5f5b7927823,JUNCTIONS,5522,beauty_plus_antibeauty_constituent_count,raw_count,count,0x1.1700000000000p+9,AVAILABLE,WITHHELD_UNCERTAINTY
f0145c7ad3349bbd6643441989f97485c6b0e5c9d111aec8b0d8e1007b6199fe,MONASH,5522,beauty_plus_antibeauty_constituent_count,raw_count,count,0x0.0p+0,AVAILABLE,WITHHELD_UNCERTAINTY
595895660699460354542408e7793977f932ad6237a154dfb5a6306ebda7d798,CLOSEPACKING,5522,beauty_plus_antibeauty_constituent_count,raw_weighted_sum,weighted_count,0x1.8c00000000000p+9,AVAILABLE,WITHHELD_UNCERTAINTY
ea711ffaf5ef1cc73f3700928d893b5f0ff5fc0ff4bc85ff479549777a055c00,JUNCTIONS,5522,beauty_plus_antibeauty_constituent_count,raw_weighted_sum,weighted_count,0x1.1700000000000p+9,AVAILABLE,WITHHELD_UNCERTAINTY
6df32cf6e1621a0b7c963056c30e41ca6a783905f2aa378dcf4a597d73853dcd,MONASH,5522,beauty_plus_antibeauty_constituent_count,raw_weighted_sum,weighted_count,0x0.0p+0,AVAILABLE,WITHHELD_UNCERTAINTY
e8b9b9e9a4145eadd1fe5e6592eb904405b861ddb171ef8c36e5295eb3cfb4e2,CLOSEPACKING,5522,charm_plus_anticharm_constituent_count,raw_count,count,0x0.0p+0,AVAILABLE,WITHHELD_UNCERTAINTY
56d712fcfcd340eaf6be16458aa49a4af6099d46091501661d1e845b42958607,JUNCTIONS,5522,charm_plus_anticharm_constituent_count,raw_count,count,0x0.0p+0,AVAILABLE,WITHHELD_UNCERTAINTY
108ebac6fc906a7c2f084a84189e59ebbf7504e92459b6b0b20bdde437c56082,MONASH,5522,charm_plus_anticharm_constituent_count,raw_count,count,0x0.0p+0,AVAILABLE,WITHHELD_UNCERTAINTY
758bb49eaab06801effa965d01ea7d6a0fa7f8f0b4ef7fc16c98b965e377f5ea,CLOSEPACKING,5522,charm_plus_anticharm_constituent_count,raw_weighted_sum,weighted_count,0x0.0p+0,AVAILABLE,WITHHELD_UNCERTAINTY
731b263be7f13d75e3c5a3ebe87bde0d645a29373dd1d7531f5b9c887e7f8506,JUNCTIONS,5522,charm_plus_anticharm_constituent_count,raw_weighted_sum,weighted_count,0x0.0p+0,AVAILABLE,WITHHELD_UNCERTAINTY
afc2a16cfb013eac7f864f897271f8c022e2071a7f604c7957e0c406bc8262e1,MONASH,5522,charm_plus_anticharm_constituent_count,raw_weighted_sum,weighted_count,0x0.0p+0,AVAILABLE,WITHHELD_UNCERTAINTY
734392869627ff839d800f329f68e897c0f2673d402e7a1c3714f73bd08dd8e5,CLOSEPACKING,5522,hadron_count,normalized_yield,per_event,0x1.09c0482f18c75p-18,AVAILABLE,AVAILABLE
9adee64322383164ca1e4f5437c4035adc8284c3b767bf7782faa2b74697feab,JUNCTIONS,5522,hadron_count,normalized_yield,per_event,0x1.7677ab882e8d3p-19,AVAILABLE,AVAILABLE
efe104248769e08711a87baa6ca23f541d5f6010f6d97952f3fd2b3b6b953a4f,MONASH,5522,hadron_count,normalized_yield,per_event,0x0.0p+0,AVAILABLE,AVAILABLE_ZERO_DISPERSION
93ec1359d77ac8a0e5f3abc1223dec1c8c42f1221a3897a67e379ea025875188,CLOSEPACKING,5522,hadron_count,raw_count,count,0x1.8c00000000000p+8,AVAILABLE,WITHHELD_UNCERTAINTY
642049c225501449702b2d4ba4ea8f9ea5c1be2574153d44af7169cc64d7d197,JUNCTIONS,5522,hadron_count,raw_count,count,0x1.1700000000000p+8,AVAILABLE,WITHHELD_UNCERTAINTY
2abe384c70a8d4c39a554616c7e4ee9af73521d08c0a80cfd7ee82750d13f73c,MONASH,5522,hadron_count,raw_count,count,0x0.0p+0,AVAILABLE,WITHHELD_UNCERTAINTY
a3e19a1550a394b76c369efcf7fe7e464ca8bd24400fc3efb7f1daa449247013,CLOSEPACKING,5522,hadron_count,raw_weighted_sum,weighted_count,0x1.8c00000000000p+8,AVAILABLE,WITHHELD_UNCERTAINTY
c0c7527ac3fcdf56f1757f593ddf610a18015ef5cf034e3e92f2bebbc2fdabe2,JUNCTIONS,5522,hadron_count,raw_weighted_sum,weighted_count,0x1.1700000000000p+8,AVAILABLE,WITHHELD_UNCERTAINTY
1920cdb9aa171365b2f8c9b0aee93a8f65a6be856bf4cbed8e78b362cb1dce2a,MONASH,5522,hadron_count,raw_weighted_sum,weighted_count,0x0.0p+0,AVAILABLE,WITHHELD_UNCERTAINTY
009ba97b72b82db6242e33bfaccfe1db9517cc44e8e28353ac2ff77410a1df20,CLOSEPACKING,5524,beauty_plus_antibeauty_constituent_count,raw_count,count,0x1.ce00000000000p+8,AVAILABLE,WITHHELD_UNCERTAINTY
8619389227c4fc1e64b7398a9e618c0c66257f33d91fa5acad0465b613d6965c,JUNCTIONS,5524,beauty_plus_antibeauty_constituent_count,raw_count,count,0x1.c800000000000p+7,AVAILABLE,WITHHELD_UNCERTAINTY
f488c4728abd8951bdd59fda32fe74ad2eeb0220bfaac5e1ae2882291018479b,MONASH,5524,beauty_plus_antibeauty_constituent_count,raw_count,count,0x0.0p+0,AVAILABLE,WITHHELD_UNCERTAINTY
c5f54ec41097aac02d4cfcffebc8a0b0fd1b0dbf5c0e51c094080df51a0a667f,CLOSEPACKING,5524,beauty_plus_antibeauty_constituent_count,raw_weighted_sum,weighted_count,0x1.ce00000000000p+8,AVAILABLE,WITHHELD_UNCERTAINTY
273ddd0f96e177145197df3fdfcebe5816dd6f27c7b1198ce9e81a908cf88816,JUNCTIONS,5524,beauty_plus_antibeauty_constituent_count,raw_weighted_sum,weighted_count,0x1.c800000000000p+7,AVAILABLE,WITHHELD_UNCERTAINTY
a0deb27b92087fe14785c1fb4512869f44e54ca55d02afebc8c9e0ea295c951b,MONASH,5524,beauty_plus_antibeauty_constituent_count,raw_weighted_sum,weighted_count,0x0.0p+0,AVAILABLE,WITHHELD_UNCERTAINTY
c94ce79c5fb3a0b17a844b6013355628009325cbea6b5284f71aa2b41574fcbd,CLOSEPACKING,5524,charm_plus_anticharm_constituent_count,raw_count,count,0x0.0p+0,AVAILABLE,WITHHELD_UNCERTAINTY
d20edabedaaf84b679d5a12690682ec1b3e03a432fa2a1606443ab5ddc8fdd59,JUNCTIONS,5524,charm_plus_anticharm_constituent_count,raw_count,count,0x0.0p+0,AVAILABLE,WITHHELD_UNCERTAINTY
49b556e61274e2248dcdaac2e544065e155af4892e0173efd35fb8b29407747a,MONASH,5524,charm_plus_anticharm_constituent_count,raw_count,count,0x0.0p+0,AVAILABLE,WITHHELD_UNCERTAINTY
8514128d717b669d608b3c88e1804154994a47b374275b61f293177608657db7,CLOSEPACKING,5524,charm_plus_anticharm_constituent_count,raw_weighted_sum,weighted_count,0x0.0p+0,AVAILABLE,WITHHELD_UNCERTAINTY
40f37dfbd407da1d900015fc91f4d9664af34494ceac1dea5c9e4819acdee023,JUNCTIONS,5524,charm_plus_anticharm_constituent_count,raw_weighted_sum,weighted_count,0x0.0p+0,AVAILABLE,WITHHELD_UNCERTAINTY
d6e9d68db6ced33630d365b8799cb7e366ecb30026cce28353a5bf93e03d3d97,MONASH,5524,charm_plus_anticharm_constituent_count,raw_weighted_sum,weighted_count,0x0.0p+0,AVAILABLE,WITHHELD_UNCERTAINTY
674ae4146af8b72372a32391d4d1c664578ff6e6caaa5ac7d6559ce32b757e42,CLOSEPACKING,5524,hadron_count,normalized_yield,per_event,0x1.360afee19ce88p-19,AVAILABLE,AVAILABLE
10699d2405f58a9e12a09949abcfd8e8bbf1bc939911385e00c9859303127bea,JUNCTIONS,5524,hadron_count,normalized_yield,per_event,0x1.3204341733ce4p-20,AVAILABLE,AVAILABLE
e458f3f9091e47998061cbae9f8f98135f6c2e0bedb8a93347aff77c28aa8f74,MONASH,5524,hadron_count,normalized_yield,per_event,0x0.0p+0,AVAILABLE,AVAILABLE_ZERO_DISPERSION
a7ab16aa82b05d93b2ab00491898e212c0044439b7ebc5580d085241a7c53dc5,CLOSEPACKING,5524,hadron_count,raw_count,count,0x1.ce00000000000p+7,AVAILABLE,WITHHELD_UNCERTAINTY
3ff1fb1147167c57502ebb0c12a144dd18abcc518876e2fc25f5962ce0c8f3e1,JUNCTIONS,5524,hadron_count,raw_count,count,0x1.c800000000000p+6,AVAILABLE,WITHHELD_UNCERTAINTY
8a6b181653150f7eb56718cd9a0d057e567b5a6398d9f3678cc6dca97ef4ac55,MONASH,5524,hadron_count,raw_count,count,0x0.0p+0,AVAILABLE,WITHHELD_UNCERTAINTY
cc4cc3fedbd4cc95c68271f774cf02d41c9383da0795074b1a2d0f71149b556f,CLOSEPACKING,5524,hadron_count,raw_weighted_sum,weighted_count,0x1.ce00000000000p+7,AVAILABLE,WITHHELD_UNCERTAINTY
d7a8f58b3531d9b3bab1ad231603ff90e6009028630adeb5edb1c84a89a4b4a9,JUNCTIONS,5524,hadron_count,raw_weighted_sum,weighted_count,0x1.c800000000000p+6,AVAILABLE,WITHHELD_UNCERTAINTY
9e404c527d326afe1c5e264cf50ed5e677b5ab31b0013a4d5c9e46f6cdfb3108,MONASH,5524,hadron_count,raw_weighted_sum,weighted_count,0x0.0p+0,AVAILABLE,WITHHELD_UNCERTAINTY
97ffd7180ac82b2bd0cc24b6d77a5d54e29be466bef9d46244ba765e318bcac9,CLOSEPACKING,553,beauty_plus_antibeauty_constituent_count,raw_count,count,0x1.6240000000000p+12,AVAILABLE,WITHHELD_UNCERTAINTY
7ec63a9f7a58498a39c496dd70776c6db6432dc77169fb86b86614b1b0176af4,JUNCTIONS,553,beauty_plus_antibeauty_constituent_count,raw_count,count,0x1.7e80000000000p+12,AVAILABLE,WITHHELD_UNCERTAINTY
da2133ea5a693adf32cd8ce2dc0fed7d58d3029a83ad0e32908c77f2e9d38ee7,MONASH,553,beauty_plus_antibeauty_constituent_count,raw_count,count,0x1.3d00000000000p+11,AVAILABLE,WITHHELD_UNCERTAINTY
4497dc105a8989c7b153f1d15de37919c40f4296ff1761bc49e606dd68bd1c1a,CLOSEPACKING,553,beauty_plus_antibeauty_constituent_count,raw_weighted_sum,weighted_count,0x1.6240000000000p+12,AVAILABLE,WITHHELD_UNCERTAINTY
be9ea934f193e6d60fa0b421a30e5d32507aab3da89f1fa6f627f3f47ed7dcf7,JUNCTIONS,553,beauty_plus_antibeauty_constituent_count,raw_weighted_sum,weighted_count,0x1.7e80000000000p+12,AVAILABLE,WITHHELD_UNCERTAINTY
aa0b28708d4e4d60d7542e1f01cfb737ee382960cb8243d8fa9c0f619832bb5b,MONASH,553,beauty_plus_antibeauty_constituent_count,raw_weighted_sum,weighted_count,0x1.3d00000000000p+11,AVAILABLE,WITHHELD_UNCERTAINTY
48987f2225c6dd9b2006cd91355a87bd1273571f590590269d4b2902a6cad711,CLOSEPACKING,553,charm_plus_anticharm_constituent_count,raw_count,count,0x0.0p+0,AVAILABLE,WITHHELD_UNCERTAINTY
f70993192a4d6a861eb047d2be11482d7f8e1af17f979f8c7395c6932f4df98c,JUNCTIONS,553,charm_plus_anticharm_constituent_count,raw_count,count,0x0.0p+0,AVAILABLE,WITHHELD_UNCERTAINTY
830844a8c2dedb243a02633a678bf045095dd5d8368028099da5bdaf16d23fb3,MONASH,553,charm_plus_anticharm_constituent_count,raw_count,count,0x0.0p+0,AVAILABLE,WITHHELD_UNCERTAINTY
6d019b2a5b99be4d64ed688561cba5576d451e140744eeb3ae88ff6b56320c51,CLOSEPACKING,553,charm_plus_anticharm_constituent_count,raw_weighted_sum,weighted_count,0x0.0p+0,AVAILABLE,WITHHELD_UNCERTAINTY
85163d5186b2622c344d7646b36d1d015168152254e2ca7c59ea4fe4255c1ae4,JUNCTIONS,553,charm_plus_anticharm_constituent_count,raw_weighted_sum,weighted_count,0x0.0p+0,AVAILABLE,WITHHELD_UNCERTAINTY
a6105678b71d439a6f25094e64cb5dcbfa10abc642a1964a4a919b86bf042479,MONASH,553,charm_plus_anticharm_constituent_count,raw_weighted_sum,weighted_count,0x0.0p+0,AVAILABLE,WITHHELD_UNCERTAINTY
fc2e172d9495d6e2cf327e78c3a18c632c1840c0d80c78f8b16fb70e0366eedf,CLOSEPACKING,553,hadron_count,normalized_yield,per_event,0x1.db775f87fae0bp-16,AVAILABLE,AVAILABLE
1653624b358d33b6f1cf2c008e4eaf92ee6f07e28b5d4dd0dac3a5a0cf65f9d8,JUNCTIONS,553,hadron_count,normalized_yield,per_event,0x1.00b0ffe7ac4c2p-15,AVAILABLE,AVAILABLE
a8d63d653a8216cb5d76bc879a61c981920e3a623ec22b64c24922b4c40b4087,MONASH,553,hadron_count,normalized_yield,per_event,0x1.a9785ee161da4p-17,AVAILABLE,AVAILABLE
8965e7e10354188c9561c115087a950bdd6f1689309ccb26dad13a01a0b4dd44,CLOSEPACKING,553,hadron_count,raw_count,count,0x1.6240000000000p+11,AVAILABLE,WITHHELD_UNCERTAINTY
9258c451afe038045c6400b0586af5f97e250ad3ca0e2a52cece65aea1b90f8a,JUNCTIONS,553,hadron_count,raw_count,count,0x1.7e80000000000p+11,AVAILABLE,WITHHELD_UNCERTAINTY
25928616f7d435d457e4f723cb345ee5d357baa13fe488239d7e84f0e371625a,MONASH,553,hadron_count,raw_count,count,0x1.3d00000000000p+10,AVAILABLE,WITHHELD_UNCERTAINTY
ee2cef4174539d94ca0d36ab06e245c6794cee0710beef8e387a6059da73491a,CLOSEPACKING,553,hadron_count,raw_weighted_sum,weighted_count,0x1.6240000000000p+11,AVAILABLE,WITHHELD_UNCERTAINTY
f39927b154ee264b57050d98962cb2c9e18fcd0cedddeddcdca6ebdf083c17c0,JUNCTIONS,553,hadron_count,raw_weighted_sum,weighted_count,0x1.7e80000000000p+11,AVAILABLE,WITHHELD_UNCERTAINTY
829557560a677e056259be9ce2846d6d74b336ba7412697eb4329b26787c935b,MONASH,553,hadron_count,raw_weighted_sum,weighted_count,0x1.3d00000000000p+10,AVAILABLE,WITHHELD_UNCERTAINTY
d1132525998a276bf989529b3317fc03c5a7ed416c51919f084099c81582f2be,CLOSEPACKING,5532,beauty_plus_antibeauty_constituent_count,raw_count,count,0x1.2400000000000p+7,AVAILABLE,WITHHELD_UNCERTAINTY
3aa8bbe4079727bb61842907d0fe93b73aca4b6dd1f61b70220b909cf21cbeff,JUNCTIONS,5532,beauty_plus_antibeauty_constituent_count,raw_count,count,0x1.3800000000000p+6,AVAILABLE,WITHHELD_UNCERTAINTY
8c40a8b579c70f521fd1ff35302bd8f615ba019a986bac01445667944fb4dc97,MONASH,5532,beauty_plus_antibeauty_constituent_count,raw_count,count,0x0.0p+0,AVAILABLE,WITHHELD_UNCERTAINTY
785a68602e2b8765a8589e2c42a0858bcf075d2653f4feab46999edb18d9aa0e,CLOSEPACKING,5532,beauty_plus_antibeauty_constituent_count,raw_weighted_sum,weighted_count,0x1.2400000000000p+7,AVAILABLE,WITHHELD_UNCERTAINTY
cc0d3347d60eabb970c773c41f84738beca31505076762b22b524525074327f9,JUNCTIONS,5532,beauty_plus_antibeauty_constituent_count,raw_weighted_sum,weighted_count,0x1.3800000000000p+6,AVAILABLE,WITHHELD_UNCERTAINTY
6f5f1e9a3d99b5db3547bfccc6696601ff2836f7b5261d6e3baab1e01ae6be7c,MONASH,5532,beauty_plus_antibeauty_constituent_count,raw_weighted_sum,weighted_count,0x0.0p+0,AVAILABLE,WITHHELD_UNCERTAINTY
689d813b76bd892bbcba1c6713eae842493a82307624e111da6cac4f4d5f85f1,CLOSEPACKING,5532,charm_plus_anticharm_constituent_count,raw_count,count,0x0.0p+0,AVAILABLE,WITHHELD_UNCERTAINTY
b9e5b630150e20703c39b05496c698f27b3a4cff4054a17c175d11361ef3d989,JUNCTIONS,5532,charm_plus_anticharm_constituent_count,raw_count,count,0x0.0p+0,AVAILABLE,WITHHELD_UNCERTAINTY
b4ed9018572e2255e43757cba6d521064de0ca26dcd237c55e6bbc3f92b7a1fb,MONASH,5532,charm_plus_anticharm_constituent_count,raw_count,count,0x0.0p+0,AVAILABLE,WITHHELD_UNCERTAINTY
00ed301e63275e0253601330d70064cae8a4b1ee280e0517d5d954ed14aa5cca,CLOSEPACKING,5532,charm_plus_anticharm_constituent_count,raw_weighted_sum,weighted_count,0x0.0p+0,AVAILABLE,WITHHELD_UNCERTAINTY
ff0ad34b65119a216846a2ee63f6a2c4d5fa828def42c45f3f163b2727061002,JUNCTIONS,5532,charm_plus_anticharm_constituent_count,raw_weighted_sum,weighted_count,0x0.0p+0,AVAILABLE,WITHHELD_UNCERTAINTY
b189d2ced775157432e04b8bced255b8fca81bac853438e787da5eba093101d7,MONASH,5532,charm_plus_anticharm_constituent_count,raw_weighted_sum,weighted_count,0x0.0p+0,AVAILABLE,WITHHELD_UNCERTAINTY
90e6ae3ad8e285c1136c8f52d8d575ddd6b6765c02ace2267c5a10c2f0ec39fe,CLOSEPACKING,5532,hadron_count,normalized_yield,per_event,0x1.87ea6f9ff5ff2p-21,AVAILABLE,AVAILABLE
d9c908f7ccada5e2d56c4bd03629360ae8318664f28b367ee6a721a039d88676,JUNCTIONS,5532,hadron_count,normalized_yield,per_event,0x1.a2c2623ab2ae7p-22,AVAILABLE,AVAILABLE
37d3d6e63d9c77e919dab063c53fcaf5d83166454291e10c794a02ed2871cc11,MONASH,5532,hadron_count,normalized_yield,per_event,0x0.0p+0,AVAILABLE,AVAILABLE_ZERO_DISPERSION
89a3d6214a71a319e32c5e3123fe1cf4d5791206a023226d8ccdbca4e6d17f7a,CLOSEPACKING,5532,hadron_count,raw_count,count,0x1.2400000000000p+6,AVAILABLE,WITHHELD_UNCERTAINTY
16921c62cbd56ab8d24197a497108b4f72a629b3af7cb69706e575014de420c9,JUNCTIONS,5532,hadron_count,raw_count,count,0x1.3800000000000p+5,AVAILABLE,WITHHELD_UNCERTAINTY
5805976a0dba19af7e3eb2b208cf3c3cd9c251d6a7b84f96c38ef93d08ae21b8,MONASH,5532,hadron_count,raw_count,count,0x0.0p+0,AVAILABLE,WITHHELD_UNCERTAINTY
66eb9edff5722dcd945b6d683e6be1dda7aa232a8c663434eac8decd4a6bc5c7,CLOSEPACKING,5532,hadron_count,raw_weighted_sum,weighted_count,0x1.2400000000000p+6,AVAILABLE,WITHHELD_UNCERTAINTY
8d0ce3804b50ddedb8dccea27a1e1c982830d66abb87adcfd5f2b822863aeac3,JUNCTIONS,5532,hadron_count,raw_weighted_sum,weighted_count,0x1.3800000000000p+5,AVAILABLE,WITHHELD_UNCERTAINTY
152f75c1d2cac4e0dee2a4fba765ce701b662de3f3dc93e6c3f2351e7cd4b29e,MONASH,5532,hadron_count,raw_weighted_sum,weighted_count,0x0.0p+0,AVAILABLE,WITHHELD_UNCERTAINTY
a528a6571d2b7feaf832803abbb87d6ad7ccdd33c49e88fa13cc1e46cb884a1d,CLOSEPACKING,5534,beauty_plus_antibeauty_constituent_count,raw_count,count,0x1.9000000000000p+6,AVAILABLE,WITHHELD_UNCERTAINTY
70b6f9e77cb5682f5a3844d2801200e110174945cc94c758b8afd0a14b25e3d7,JUNCTIONS,5534,beauty_plus_antibeauty_constituent_count,raw_count,count,0x1.a000000000000p+4,AVAILABLE,WITHHELD_UNCERTAINTY
208d40b5787eb403c4afed31df9ee9c2fac04305c7269384245d6e618f270b58,MONASH,5534,beauty_plus_antibeauty_constituent_count,raw_count,count,0x0.0p+0,AVAILABLE,WITHHELD_UNCERTAINTY
951f6f193393fafb2f7564db7c4ed377d0f7e88d7766b661a995c834f23cc63f,CLOSEPACKING,5534,beauty_plus_antibeauty_constituent_count,raw_weighted_sum,weighted_count,0x1.9000000000000p+6,AVAILABLE,WITHHELD_UNCERTAINTY
2473a744e5523fa9ef93c44924d25ad8d6469349d644d7510e67864b860ebbf9,JUNCTIONS,5534,beauty_plus_antibeauty_constituent_count,raw_weighted_sum,weighted_count,0x1.a000000000000p+4,AVAILABLE,WITHHELD_UNCERTAINTY
47605df10375a4e8a90bff6fa08c65f72fae3f640dd2ed82d7d752e7f2d1e18d,MONASH,5534,beauty_plus_antibeauty_constituent_count,raw_weighted_sum,weighted_count,0x0.0p+0,AVAILABLE,WITHHELD_UNCERTAINTY
78773228c083394a5bbeb0772f19a202db2e3b424d3631ec9e4556f62c393c0e,CLOSEPACKING,5534,charm_plus_anticharm_constituent_count,raw_count,count,0x0.0p+0,AVAILABLE,WITHHELD_UNCERTAINTY
20b61957727cb2b8165826a90e973a57f9fd09b164067669892445f6be3213e0,JUNCTIONS,5534,charm_plus_anticharm_constituent_count,raw_count,count,0x0.0p+0,AVAILABLE,WITHHELD_UNCERTAINTY
962b81ba86a7781b47450929eb166accaa645454842629263775f6e6763a716c,MONASH,5534,charm_plus_anticharm_constituent_count,raw_count,count,0x0.0p+0,AVAILABLE,WITHHELD_UNCERTAINTY
26f72630ec7331d7813273b5b3db4bbed64eef8dc453b05ec3a61869ec7079e5,CLOSEPACKING,5534,charm_plus_anticharm_constituent_count,raw_weighted_sum,weighted_count,0x0.0p+0,AVAILABLE,WITHHELD_UNCERTAINTY
a3f2f7f263bdcb370fe5955ec8814717c837c6fbdc8cd2535601537eaa1fb122,JUNCTIONS,5534,charm_plus_anticharm_constituent_count,raw_weighted_sum,weighted_count,0x0.0p+0,AVAILABLE,WITHHELD_UNCERTAINTY
911f40d6ac2ded25a1e9ab87ed443b3d415011950d118f25f2fc87d22364035a,MONASH,5534,charm_plus_anticharm_constituent_count,raw_weighted_sum,weighted_count,0x0.0p+0,AVAILABLE,WITHHELD_UNCERTAINTY
8fee030be96959832ef08234406976f55f31ac364f6babbeee6b2541c25f1935,CLOSEPACKING,5534,hadron_count,normalized_yield,per_event,0x1.0c6f7a0b5ed8dp-21,AVAILABLE,AVAILABLE
774e8658ea065d8ee58d55f728c9fcec7be39ccbddb4227fa31ba8c115b5a6c3,JUNCTIONS,5534,hadron_count,normalized_yield,per_event,0x1.172c417c771efp-23,AVAILABLE,AVAILABLE
1269f982ea203dae9fbcb67adaa6988eae261faa5b0ad1bdddeb6fee009e52ed,MONASH,5534,hadron_count,normalized_yield,per_event,0x0.0p+0,AVAILABLE,AVAILABLE_ZERO_DISPERSION
ead9be0702c810a271ca7d2c248913f9d8cdae522171b060015016ce6a363406,CLOSEPACKING,5534,hadron_count,raw_count,count,0x1.9000000000000p+5,AVAILABLE,WITHHELD_UNCERTAINTY
81151d56b55fd646e7375adf15f91264128a65aeee4a99060643f3cd1df07fd1,JUNCTIONS,5534,hadron_count,raw_count,count,0x1.a000000000000p+3,AVAILABLE,WITHHELD_UNCERTAINTY
15d29425dadcc9fec3488739f74a482cf4a189e56705a0e7f960161e70aba9dc,MONASH,5534,hadron_count,raw_count,count,0x0.0p+0,AVAILABLE,WITHHELD_UNCERTAINTY
0ab78f6e0ce58425bbeac05e422ce361571486c07fbf775a65f50ee493b62b59,CLOSEPACKING,5534,hadron_count,raw_weighted_sum,weighted_count,0x1.9000000000000p+5,AVAILABLE,WITHHELD_UNCERTAINTY
83b93cae799a7ea04140538691ab430f71224e3ad4ebeae0c8800d7200e222f7,JUNCTIONS,5534,hadron_count,raw_weighted_sum,weighted_count,0x1.a000000000000p+3,AVAILABLE,WITHHELD_UNCERTAINTY
3fddd157fa8aa0aa00e8b7ada49aaa39665bb30369a03040c5d87bf891c94da0,MONASH,5534,hadron_count,raw_weighted_sum,weighted_count,0x0.0p+0,AVAILABLE,WITHHELD_UNCERTAINTY
fcf4bf2c41e78e5ba2b993fd0d3fe827ccb34e22835625ea2b6cd30ffd715484,CLOSEPACKING,555,beauty_plus_antibeauty_constituent_count,raw_count,count,0x1.67d8000000000p+14,AVAILABLE,WITHHELD_UNCERTAINTY
ea3e61effcce593490ad591de615702de045b79b6542bc33cb9babae195b57c1,JUNCTIONS,555,beauty_plus_antibeauty_constituent_count,raw_count,count,0x1.7aa8000000000p+14,AVAILABLE,WITHHELD_UNCERTAINTY
10c4011894e2bcd7433578ef1f14e3ad7811970665f6881647e20bf6d83dea24,MONASH,555,beauty_plus_antibeauty_constituent_count,raw_count,count,0x1.54a8000000000p+14,AVAILABLE,WITHHELD_UNCERTAINTY
731c557965b2742355d37baf1f1a76578028e393ba3431f0c84d6d9f4bc51fd7,CLOSEPACKING,555,beauty_plus_antibeauty_constituent_count,raw_weighted_sum,weighted_count,0x1.67d8000000000p+14,AVAILABLE,WITHHELD_UNCERTAINTY
36f46b92be63f2961aa783cfca156d09d0865b450e7f2e2baf5b4b648251ac85,JUNCTIONS,555,beauty_plus_antibeauty_constituent_count,raw_weighted_sum,weighted_count,0x1.7aa8000000000p+14,AVAILABLE,WITHHELD_UNCERTAINTY
a4e7d4aaa9be06ec2f76750e7c35f41ced51a2a08d5f641ed99f1563a728d31b,MONASH,555,beauty_plus_antibeauty_constituent_count,raw_weighted_sum,weighted_count,0x1.54a8000000000p+14,AVAILABLE,WITHHELD_UNCERTAINTY
febfbd73897ea043d639079294925116c0387c8701298dddfed8678e01b8cc1e,CLOSEPACKING,555,charm_plus_anticharm_constituent_count,raw_count,count,0x0.0p+0,AVAILABLE,WITHHELD_UNCERTAINTY
68e590451b724585410815db7fedb6d4e19275a13b963827790884fd135e7999,JUNCTIONS,555,charm_plus_anticharm_constituent_count,raw_count,count,0x0.0p+0,AVAILABLE,WITHHELD_UNCERTAINTY
5b28c470cee794cfe23f3730705a2aa976c17acd0e0d8cddeb2b7374b931b1dd,MONASH,555,charm_plus_anticharm_constituent_count,raw_count,count,0x0.0p+0,AVAILABLE,WITHHELD_UNCERTAINTY
950501d6d8d139b0961f31acbf9a87f54bb4b5f5bde197086f399bc9e216017c,CLOSEPACKING,555,charm_plus_anticharm_constituent_count,raw_weighted_sum,weighted_count,0x0.0p+0,AVAILABLE,WITHHELD_UNCERTAINTY
8c46d78fb9f5feede0b4bda77b2791bb8c1b8ecafaf560422e95d8100e8452f1,JUNCTIONS,555,charm_plus_anticharm_constituent_count,raw_weighted_sum,weighted_count,0x0.0p+0,AVAILABLE,WITHHELD_UNCERTAINTY
32f42b4d904f6dfe6e0d1c3a90166b9e258ad4bb99376fcd3c284e972927d7d7,MONASH,555,charm_plus_anticharm_constituent_count,raw_weighted_sum,weighted_count,0x0.0p+0,AVAILABLE,WITHHELD_UNCERTAINTY
77e6ed0d476fbe5cbc88063a28deaa95e0461bf1082329506b7019a4f1ef8729,CLOSEPACKING,555,hadron_count,normalized_yield,per_event,0x1.e2f95efc0ed9bp-14,AVAILABLE,AVAILABLE
0a792d7c652bc2bd2c8e26cd27fa7075103569fdd6c3f47873c380ccbdcfc81c,JUNCTIONS,555,hadron_count,normalized_yield,per_event,0x1.fc394bfc01ee9p-14,AVAILABLE,AVAILABLE
e5dcecc697d53305f3eba30fcb55b5cce008b66f89b6e165db4cf6d78de63176,MONASH,555,hadron_count,normalized_yield,per_event,0x1.c93898a2cea19p-14,AVAILABLE,AVAILABLE
41afa9aabd15b7b00fe360f6185e7c1592bf15e21702d93ef74f50a7616c1d77,CLOSEPACKING,555,hadron_count,raw_count,count,0x1.67d8000000000p+13,AVAILABLE,WITHHELD_UNCERTAINTY
162fc18a3b828a7f3b75d8bee0a447bf45fd5cbb60329446a92d51005d4eec9a,JUNCTIONS,555,hadron_count,raw_count,count,0x1.7aa8000000000p+13,AVAILABLE,WITHHELD_UNCERTAINTY
16cc735313a0bf84e95fa76f992e2fc2424208cccd32c7d8b73e4e62640f100e,MONASH,555,hadron_count,raw_count,count,0x1.54a8000000000p+13,AVAILABLE,WITHHELD_UNCERTAINTY
959256f7c0287244029e75aedb2abdf0b8c4e91c5afeb1c74b9e4d3c430598fa,CLOSEPACKING,555,hadron_count,raw_weighted_sum,weighted_count,0x1.67d8000000000p+13,AVAILABLE,WITHHELD_UNCERTAINTY
92a9ec666cad80fbdd91b8062e40f6a7ff52b6743ac9f22ef913ea348508ed2a,JUNCTIONS,555,hadron_count,raw_weighted_sum,weighted_count,0x1.7aa8000000000p+13,AVAILABLE,WITHHELD_UNCERTAINTY
db68d213d85a82b1dbf60d214dbbc8be0c33e3f825513031a713bd9b0f8e60b3,MONASH,555,hadron_count,raw_weighted_sum,weighted_count,0x1.54a8000000000p+13,AVAILABLE,WITHHELD_UNCERTAINTY
