semantic_id,tune_id,signed_pdg,component,quantity,unit,value_hex,status,uncertainty_status
37f3ffae533028cd25be9fd895881ae4948c9e1f7007dd96edbb150a5f2d1bc1,CLOSEPACKING,-411,beauty_plus_antibeauty_constituent_count,raw_count,count,0x0.0p+0,AVAILABLE,WITHHELD_UNCERTAINTY
e7a0e2890792e3ad98cb2f91232bb89a557d7b89ed14b750cb666ca6138f6526,JUNCTIONS,-411,beauty_plus_antibeauty_constituent_count,raw_count,count,0x0.0p+0,AVAILABLE,WITHHELD_UNCERTAINTY
2f2456140597594396ea011978fa480a1a9533f14cae36f3910df8d6157f96f9,MONASH,-411,beauty_plus_antibeauty_constituent_count,raw_count,count,0x0.0p+0,AVAILABLE,WITHHELD_UNCERTAINTY
711bf1c1ecc3f9e7eede85d05f0d1b23c5f050e982daa44c9bc708e1e8a92399,CLOSEPACKING,-411,beauty_plus_antibeauty_constituent_count,raw_weighted_sum,weighted_count,0x0.0p+0,AVAILABLE,WITHHELD_UNCERTAINTY
74883ff0aed73a4f96923897419b188848e357d864687bbbbff150f6482e5eea,JUNCTIONS,-411,beauty_plus_antibeauty_constituent_count,raw_weighted_sum,weighted_count,0x0.0p+0,AVAILABLE,WITHHELD_UNCERTAINTY
1716239f563b8883f50dbd4c2679dcdadae6ce86bcd8d7037d8feb5685bc67e7,MONASH,-411,beauty_plus_antibeauty_constituent_count,raw_weighted_sum,weighted_count,0x0.0p+0,AVAILABLE,WITHHELD_UNCERTAINTY
85d905e64aae9cdf0e85b7feb308331865f4bd8b70ad3a055298a454afdad17a,CLOSEPACKING,-411,charm_plus_anticharm_constituent_count,raw_count,count,0x1.31c3460000000p+24,AVAILABLE,WITHHELD_UNCERTAINTY
154540b51f4a67a09a58ca62273e9b38ea704a95cfe9ffc7f042c424b791500a,JUNCTIONS,-411,charm_plus_anticharm_constituent_count,raw_count,count,0x1.3584e00000000p+24,AVAILABLE,WITHHELD_UNCERTAINTY
7a2cbfe72c1d6375889f5483c94fb5f41084e2660466442ac570507d51575f80,MONASH,-411,charm_plus_anticharm_constituent_count,raw_count,count,0x1.5bce220000000p+24,AVAILABLE,WITHHELD_UNCERTAINTY
e07d23393c3257ed83716d79d63374bc1c28b346cf26d973da7f57d49c8f0a14,CLOSEPACKING,-411,charm_plus_anticharm_constituent_count,raw_weighted_sum,weighted_count,0x1.31c3460000000p+24,AVAILABLE,WITHHELD_UNCERTAINTY
158cce37750396a8d89e24fc070efdcfde08926a0cd517744d06ee7b62633cf4,JUNCTIONS,-411,charm_plus_anticharm_constituent_count,raw_weighted_sum,weighted_count,0x1.3584e00000000p+24,AVAILABLE,WITHHELD_UNCERTAINTY
d589f55bf50292dc3cff91848394b41ff031d1592ba7bbd425df7ca5e2b20574,MONASH,-411,charm_plus_anticharm_constituent_count,raw_weighted_sum,weighted_count,0x1.5bce220000000p+24,AVAILABLE,WITHHELD_UNCERTAINTY
7b20f9928356340d5eef41fc293c39a2422ba177502bedea7adb4f4c8105885b,CLOSEPACKING,-411,hadron_count,normalized_yield,per_event,0x1.9a634b28f33e5p-3,AVAILABLE,AVAILABLE
f3a45e7f48cc86d432149a63bf993324df3b4fa71bde890d3a9e83cf0c9caff7,JUNCTIONS,-411,hadron_count,normalized_yield,per_event,0x1.9f6deef0e4035p-3,AVAILABLE,AVAILABLE
391150c9d90d70473436a03985f3bd3e969b895b09b7374cf6f9e4f4f5cab87d,MONASH,-411,hadron_count,normalized_yield,per_event,0x1.d2d0f57b6cb2ep-3,AVAILABLE,AVAILABLE
61fa9494cd9ffcfc4dd0e4b4290f5db8c9237c8814eb836ffb6012cfa6d973dd,CLOSEPACKING,-411,hadron_count,raw_count,count,0x1.31c3460000000p+24,AVAILABLE,WITHHELD_UNCERTAINTY
f911b9617e48384042e5000e14bfeac6e2037e6b32f598decaa46cd1ccabfc47,JUNCTIONS,-411,hadron_count,raw_count,count,0x1.3584e00000000p+24,AVAILABLE,WITHHELD_UNCERTAINTY
7130172d7ff1c5ac4811ca8c8df8a2ad1b26b9d07a690129c672705a6aeb36bc,MONASH,-411,hadron_count,raw_count,count,0x1.5bce220000000p+24,AVAILABLE,WITHHELD_UNCERTAINTY
d5a4e919518fbdcec9a16a63bc0cbf92ce1e244f5cbabc262112f8205b4f23d2,CLOSEPACKING,-411,hadron_count,raw_weighted_sum,weighted_count,0x1.31c3460000000p+24,AVAILABLE,WITHHELD_UNCERTAINTY
eac69d340cbb691dcc059452f047bf77be3e334293f72fac9cb69b484fe1f0df,JUNCTIONS,-411,hadron_count,raw_weighted_sum,weighted_count,0x1.3584e00000000p+24,AVAILABLE,WITHHELD_UNCERTAINTY
afc91eb7417d683c77ce4c4e2520be7d102b79912534b101dd21f98feb857b9b,MONASH,-411,hadron_count,raw_weighted_sum,weighted_count,0x1.5bce220000000p+24,AVAILABLE,WITHHELD_UNCERTAINTY
44516d17aba067056080aa775296c96f9860cd0bcf4c6964287b7eb62b0ac302,CLOSEPACKING,-4112,beauty_plus_antibeauty_constituent_count,raw_count,count,0x0.0p+0,AVAILABLE,WITHHELD_UNCERTAINTY
c18f84ada4905002ce82434e82608469b84f30ea12de01725ef72ea68b8c1e87,JUNCTIONS,-4112,beauty_plus_antibeauty_constituent_count,raw_count,count,0x0.0p+0,AVAILABLE,WITHHELD_UNCERTAINTY
f3a560cc7e6eb47a567613c659b170aa2a9b934ef59ae6318a6f03008bfdecc7,MONASH,-4112,beauty_plus_antibeauty_constituent_count,raw_count,count,0x0.0p+0,AVAILABLE,WITHHELD_UNCERTAINTY
040b544a325f8c7e5dc20c6faafb8e9fb91514b50891d5b04b772b71507aea95,CLOSEPACKING,-4112,beauty_plus_antibeauty_constituent_count,raw_weighted_sum,weighted_count,0x0.0p+0,AVAILABLE,WITHHELD_UNCERTAINTY
04f0776fa7f20fcacb3470882e3357671b454dba2eb1b44c79933a8c8bc6f6d5,JUNCTIONS,-4112,beauty_plus_antibeauty_constituent_count,raw_weighted_sum,weighted_count,0x0.0p+0,AVAILABLE,WITHHELD_UNCERTAINTY
0c70fc721b00029fbbbe26b8001da29b7efb4a930a53323ba9d923fe19bb116c,MONASH,-4112,beauty_plus_antibeauty_constituent_count,raw_weighted_sum,weighted_count,0x0.0p+0,AVAILABLE,WITHHELD_UNCERTAINTY
62d2d17f89ccd0617682d85031824091fc18307ffdb4f28a2a6aa403f3e89245,CLOSEPACKING,-4112,charm_plus_anticharm_constituent_count,raw_count,count,0x1.b477e00000000p+20,AVAILABLE,WITHHELD_UNCERTAINTY
8068ec38a0bac39db4652d280c69db8d99b0eb1a9a339b36a085975ea11964b9,JUNCTIONS,-4112,charm_plus_anticharm_constituent_count,raw_count,count,0x1.83a4a00000000p+21,AVAILABLE,WITHHELD_UNCERTAINTY
511ebf003bbcf3e863439846cd900891bdc0fa0edc6f12784bd2e3cfcb5f7746,MONASH,-4112,charm_plus_anticharm_constituent_count,raw_count,count,0x1.1a86000000000p+17,AVAILABLE,WITHHELD_UNCERTAINTY
bf9739986851f974a1075cd73911ebd8b603cc8ed4991e95fe1ad5ddb1f955fa,CLOSEPACKING,-4112,charm_plus_anticharm_constituent_count,raw_weighted_sum,weighted_count,0x1.b477e00000000p+20,AVAILABLE,WITHHELD_UNCERTAINTY
dd483cfa0090c2e97ec867b49acf8f8064ae62b526ff29b5691ad8a6213cab5e,JUNCTIONS,-4112,charm_plus_anticharm_constituent_count,raw_weighted_sum,weighted_count,0x1.83a4a00000000p+21,AVAILABLE,WITHHELD_UNCERTAINTY
186a071b7db41caf4e7359c5fdc5f01bbaf2c9a83ad88a1cb6b51a5300e76caa,MONASH,-4112,charm_plus_anticharm_constituent_count,raw_weighted_sum,weighted_count,0x1.1a86000000000p+17,AVAILABLE,WITHHELD_UNCERTAINTY
5f3e68f82bff8d5ae5f5ece89a19e1566163811bdf12326f53317ae8a1dc91f9,CLOSEPACKING,-4112,hadron_count,normalized_yield,per_event,0x1.24e8ad2816ca7p-6,AVAILABLE,AVAILABLE
b45b2b1ff666207edd955ca54330819164dd901aa0bddb710334040e075ab030,JUNCTIONS,-4112,hadron_count,normalized_yield,per_event,0x1.0424925b8cc3ap-5,AVAILABLE,AVAILABLE
9c5db5abc28456957a1ffc77d2656c089755a348e5f62e83020b4604ed3aed39,MONASH,-4112,hadron_count,normalized_yield,per_event,0x1.7b32505f3dfe1p-10,AVAILABLE,AVAILABLE
e68001315bcb3eb360aedc92c83a67523da589be29174d60bb386093f68bc239,CLOSEPACKING,-4112,hadron_count,raw_count,count,0x1.b477e00000000p+20,AVAILABLE,WITHHELD_UNCERTAINTY
7179fafc372957911fa5d3211258997213037dba50da37fe6eb901a46e7e57cc,JUNCTIONS,-4112,hadron_count,raw_count,count,0x1.83a4a00000000p+21,AVAILABLE,WITHHELD_UNCERTAINTY
6ed2dfeb2449aa41853782fe023ccedc255dd1534e23fbf0b77cf75c179c7e52,MONASH,-4112,hadron_count,raw_count,count,0x1.1a86000000000p+17,AVAILABLE,WITHHELD_UNCERTAINTY
43e6f9558dc785e8aab06d29623cf2ed50b6881f2c4e50e5c9b62317f772bb43,CLOSEPACKING,-4112,hadron_count,raw_weighted_sum,weighted_count,0x1.b477e00000000p+20,AVAILABLE,WITHHELD_UNCERTAINTY
ec2166df616e4bbdbd50a63576e5374396b61d09429f0afc537e9924f560ab50,JUNCTIONS,-4112,hadron_count,raw_weighted_sum,weighted_count,0x1.83a4a00000000p+21,AVAILABLE,WITHHELD_UNCERTAINTY
231536fb34e5a0bec416d2db47b9c2ce2b1f70d0b56ca2628565b2db6920d9b9,MONASH,-4112,hadron_count,raw_weighted_sum,weighted_count,0x1.1a86000000000p+17,AVAILABLE,WITHHELD_UNCERTAINTY
d67d847c5d4efc6056b787789299713e4555ee419a56d1fc3e95de3c25c4fb37,CLOSEPACKING,-4114,beauty_plus_antibeauty_constituent_count,raw_count,count,0x0.0p+0,AVAILABLE,WITHHELD_UNCERTAINTY
ac1c19b68e698e0b5acfb675e3660efaa7b3d354dcc2bbe63a8be0dfb2ce9007,JUNCTIONS,-4114,beauty_plus_antibeauty_constituent_count,raw_count,count,0x0.0p+0,AVAILABLE,WITHHELD_UNCERTAINTY
0a88f757927381d7310c7c38ca31f2ec7317114c53b037195db5c20e5da5cae9,MONASH,-4114,beauty_plus_antibeauty_constituent_count,raw_count,count,0x0.0p+0,AVAILABLE,WITHHELD_UNCERTAINTY
16d24d56050101ba000869e4c697686fab2053798b224748105b884962541f79,CLOSEPACKING,-4114,beauty_plus_antibeauty_constituent_count,raw_weighted_sum,weighted_count,0x0.0p+0,AVAILABLE,WITHHELD_UNCERTAINTY
fd0d0cc277a56bab06ef5730be8847c5ffcb54c5721079678f06d455b119998f,JUNCTIONS,-4114,beauty_plus_antibeauty_constituent_count,raw_weighted_sum,weighted_count,0x0.0p+0,AVAILABLE,WITHHELD_UNCERTAINTY
d71ef450b6c4ec96d2486af2938d9024e9b3937c769ad86b8600e7fd2bac9f86,MONASH,-4114,beauty_plus_antibeauty_constituent_count,raw_weighted_sum,weighted_count,0x0.0p+0,AVAILABLE,WITHHELD_UNCERTAINTY
71233f7d5083fe17fe73c424bac1bb28a3548dc8784058425bb9418fea491dcc,CLOSEPACKING,-4114,charm_plus_anticharm_constituent_count,raw_count,count,0x1.83dd400000000p+20,AVAILABLE,WITHHELD_UNCERTAINTY
ab37848061cc1215c83f3d2d4d795e933e65a4b1b3efc5b0219efecfd2c11cc3,JUNCTIONS,-4114,charm_plus_anticharm_constituent_count,raw_count,count,0x1.0d64a00000000p+19,AVAILABLE,WITHHELD_UNCERTAINTY
f41ffa6a589ab9ce1851f3894b0b45b5a11492c77f2bdb9b4a0ade8a9304a1cb,MONASH,-4114,charm_plus_anticharm_constituent_count,raw_count,count,0x1.177e000000000p+18,AVAILABLE,WITHHELD_UNCERTAINTY
5116ce88af18588dbddb9e268220f797b4b9af58e94194685638927258f45527,CLOSEPACKING,-4114,charm_plus_anticharm_constituent_count,raw_weighted_sum,weighted_count,0x1.83dd400000000p+20,AVAILABLE,WITHHELD_UNCERTAINTY
77abc12dbf8102e41ad7cdfb70bcee073fb7880256e239f41bd116abc3ba2f8a,JUNCTIONS,-4114,charm_plus_anticharm_constituent_count,raw_weighted_sum,weighted_count,0x1.0d64a00000000p+19,AVAILABLE,WITHHELD_UNCERTAINTY
e08ff4ec0eaf5727f5e6274cf4d4cdf994621eb796fb424f9ab84cce33d9271a,MONASH,-4114,charm_plus_anticharm_constituent_count,raw_weighted_sum,weighted_count,0x1.177e000000000p+18,AVAILABLE,WITHHELD_UNCERTAINTY
e64533b9373d33d0725b24c02e6cb9dc8fec77e758cb78704d058ba42fdaac38,CLOSEPACKING,-4114,hadron_count,normalized_yield,per_event,0x1.044a927563038p-6,AVAILABLE,AVAILABLE
4f79224302089d91253b12ac01e2b08e80ca9758a55e1c2e5b83545fe605fc63,JUNCTIONS,-4114,hadron_count,normalized_yield,per_event,0x1.6992c0b76abaep-8,AVAILABLE,AVAILABLE
be1ef1e94fc23e52c1ae8511c72e62d94dcf39fb71366dc9b2444a24976abb3b,MONASH,-4114,hadron_count,normalized_yield,per_event,0x1.7720c8cd63cb8p-9,AVAILABLE,AVAILABLE
9e33b5f73c6419c980ce9a29a7d9b67f3198d081995fa4e87bdbb279321e3976,CLOSEPACKING,-4114,hadron_count,raw_count,count,0x1.83dd400000000p+20,AVAILABLE,WITHHELD_UNCERTAINTY
0da3925195f83a36374f57cbdba71d3f7f127f82c1c04c77813e10e5f216557d,JUNCTIONS,-4114,hadron_count,raw_count,count,0x1.0d64a00000000p+19,AVAILABLE,WITHHELD_UNCERTAINTY
1887b1a84005f13619a264f56cf8d63a8d302ae215dbd70948243173e81e12f4,MONASH,-4114,hadron_count,raw_count,count,0x1.177e000000000p+18,AVAILABLE,WITHHELD_UNCERTAINTY
18711d4c555e7fe6c14df75c17f06932d73876c45ad8005c1627414c43ef4cc5,CLOSEPACKING,-4114,hadron_count,raw_weighted_sum,weighted_count,0x1.83dd400000000p+20,AVAILABLE,WITHHELD_UNCERTAINTY
49bd4dae52f36883f242ff8c53f109a43d626ca342d82a7d1817ae4ff11f160a,JUNCTIONS,-4114,hadron_count,raw_weighted_sum,weighted_count,0x1.0d64a00000000p+19,AVAILABLE,WITHHELD_UNCERTAINTY
684a0fa58d50cbec303088f3e7b6cea3248440d8452d9ee718967ed41e01c19a,MONASH,-4114,hadron_count,raw_weighted_sum,weighted_count,0x1.177e000000000p+18,AVAILABLE,WITHHELD_UNCERTAINTY
8652c7e077bf1fb33d4498f6674f91fb019bf982a73ba0c6db91203b990c1fd3,CLOSEPACKING,-4122,beauty_plus_antibeauty_constituent_count,raw_count,count,0x0.0p+0,AVAILABLE,WITHHELD_UNCERTAINTY
4035c6aa0c7199fd399ac1be8adf4b9e7ef4d0dc0864d82af9a9fccce00bb875,JUNCTIONS,-4122,beauty_plus_antibeauty_constituent_count,raw_count,count,0x0.0p+0,AVAILABLE,WITHHELD_UNCERTAINTY
ae8804a404b82300418ae733da15574a51e3aad4d9d4b1f6305317d4d9e1ceba,MONASH,-4122,beauty_plus_antibeauty_constituent_count,raw_count,count,0x0.0p+0,AVAILABLE,WITHHELD_UNCERTAINTY
84fc6ad9f421b360b54a5b56b9060c07c87433c4fd1107e3d6d94a06d2cf5cb3,CLOSEPACKING,-4122,beauty_plus_antibeauty_constituent_count,raw_weighted_sum,weighted_count,0x0.0p+0,AVAILABLE,WITHHELD_UNCERTAINTY
b05941de6df616ac1b61b34a9570d37e0183f54061ff88bb7d46fc567cd91bf3,JUNCTIONS,-4122,beauty_plus_antibeauty_constituent_count,raw_weighted_sum,weighted_count,0x0.0p+0,AVAILABLE,WITHHELD_UNCERTAINTY
4255654d06c1ae88c7eccfc40b0086da02a58472a768f607297c7d4266546808,MONASH,-4122,beauty_plus_antibeauty_constituent_count,raw_weighted_sum,weighted_count,0x0.0p+0,AVAILABLE,WITHHELD_UNCERTAINTY
1b297e11edc8428c560b150ff65d327c46dba29194c715f50530222b83de5285,CLOSEPACKING,-4122,charm_plus_anticharm_constituent_count,raw_count,count,0x1.4903100000000p+21,AVAILABLE,WITHHELD_UNCERTAINTY
3906a7ac978c1ac087183e34530ff4ca16cf54626c6e53b4c7f7e5523e00c746,JUNCTIONS,-4122,charm_plus_anticharm_constituent_count,raw_count,count,0x1.7fc6180000000p+21,AVAILABLE,WITHHELD_UNCERTAINTY
08f6ff34cdd25df240b8a4f9114dd6dfff0e5642159720fc85496d0ec10c70a3,MONASH,-4122,charm_plus_anticharm_constituent_count,raw_count,count,0x1.1156280000000p+21,AVAILABLE,WITHHELD_UNCERTAINTY
a9f50eb2344929a2d55778faf4e3b5a918f743df4fcc234f32a2c75554397785,CLOSEPACKING,-4122,charm_plus_anticharm_constituent_count,raw_weighted_sum,weighted_count,0x1.4903100000000p+21,AVAILABLE,WITHHELD_UNCERTAINTY
20d303c0e85411e7dc8a37e2be32f006094f0083a2720c7bf69229499418776a,JUNCTIONS,-4122,charm_plus_anticharm_constituent_count,raw_weighted_sum,weighted_count,0x1.7fc6180000000p+21,AVAILABLE,WITHHELD_UNCERTAINTY
ec7e877383a3d16a3ef7a9ff41a3f66657b0cb7ec987bba1fc6f6235d3146f29,MONASH,-4122,charm_plus_anticharm_constituent_count,raw_weighted_sum,weighted_count,0x1.1156280000000p+21,AVAILABLE,WITHHELD_UNCERTAINTY
3570311b1d4e485ae7a791dfecc7e28f7e547448d4d3b8a28c95b5d9304b1dde,CLOSEPACKING,-4122,hadron_count,normalized_yield,per_event,0x1.b997a64f5f8ebp-6,AVAILABLE,AVAILABLE
252da90f0b149c9091e5e6306bd62938e92ba858cd1a6b9966b45d975675b86c,JUNCTIONS,-4122,hadron_count,normalized_yield,per_event,0x1.018bd66277c46p-5,AVAILABLE,AVAILABLE
42fd142b04c764b3f690cad7e8384350bf89b1d308ea1e3d869ae061b6efea57,MONASH,-4122,hadron_count,normalized_yield,per_event,0x1.6eddb90341530p-6,AVAILABLE,AVAILABLE
ae5acfcfad1e8d8d83021a9c3421c651fef13d4faa118b6161bf7bce497f9b02,CLOSEPACKING,-4122,hadron_count,raw_count,count,0x1.4903100000000p+21,AVAILABLE,WITHHELD_UNCERTAINTY
eaaad42f29297937a97a264a31bea839b5e7204d0844400b54adb6d0728c621b,JUNCTIONS,-4122,hadron_count,raw_count,count,0x1.7fc6180000000p+21,AVAILABLE,WITHHELD_UNCERTAINTY
e0f9c2bf6fa7bbee202dda8adbf3e0a03936c665c770fbc94a817ed1a475b82e,MONASH,-4122,hadron_count,raw_count,count,0x1.1156280000000p+21,AVAILABLE,WITHHELD_UNCERTAINTY
cebdb0a0146832b70af725f30410e6f8c6e470885ca21d932df27bc55a9c00c6,CLOSEPACKING,-4122,hadron_count,raw_weighted_sum,weighted_count,0x1.4903100000000p+21,AVAILABLE,WITHHELD_UNCERTAINTY
7a92c2e61321d6960bfc1521e8f5aec5f1402cae97a3fedc322e784a4c3d7c81,JUNCTIONS,-4122,hadron_count,raw_weighted_sum,weighted_count,0x1.7fc6180000000p+21,AVAILABLE,WITHHELD_UNCERTAINTY
435cf7fc290e99f738bc96de2c1a7966037fbef20f7b14c52de183f774192f0c,MONASH,-4122,hadron_count,raw_weighted_sum,weighted_count,0x1.1156280000000p+21,AVAILABLE,WITHHELD_UNCERTAINTY
fee5e2d3c61f7c9680b664d5643de03405bcf3445b68c2b57930902707237248,CLOSEPACKING,-413,beauty_plus_antibeauty_constituent_count,raw_count,count,0x0.0p+0,AVAILABLE,WITHHELD_UNCERTAINTY
5a8a5bca0dbca8dfb87c0fda73fea68a5dc2731343240edda9ff3ef1462ef8b0,JUNCTIONS,-413,beauty_plus_antibeauty_constituent_count,raw_count,count,0x0.0p+0,AVAILABLE,WITHHELD_UNCERTAINTY
47fa0ea391bdc2debfcc0822287b819a583a0daaf2abba7293557fac2c8231c4,MONASH,-413,beauty_plus_antibeauty_constituent_count,raw_count,count,0x0.0p+0,AVAILABLE,WITHHELD_UNCERTAINTY
6acbdfb4e29c15d58720c5792a4305d158b41cb2fded433d73508c7aaa346cbf,CLOSEPACKING,-413,beauty_plus_antibeauty_constituent_count,raw_weighted_sum,weighted_count,0x0.0p+0,AVAILABLE,WITHHELD_UNCERTAINTY
e2daace9c14a8daaa81836059958446d19a3ca39be989b2d7f80fe953b7e76e2,JUNCTIONS,-413,beauty_plus_antibeauty_constituent_count,raw_weighted_sum,weighted_count,0x0.0p+0,AVAILABLE,WITHHELD_UNCERTAINTY
3ef51fc72c73adf582b92f27792cbaeb7b03d4078cbcff57d1efb7adea08450b,MONASH,-413,beauty_plus_antibeauty_constituent_count,raw_weighted_sum,weighted_count,0x0.0p+0,AVAILABLE,WITHHELD_UNCERTAINTY
1ad3c734acc16c8aaac309cd728387aed2bd61ad4b8b8c7561c2877a5395dd0e,CLOSEPACKING,-413,charm_plus_anticharm_constituent_count,raw_count,count,0x1.03ab6e0000000p+24,AVAILABLE,WITHHELD_UNCERTAINTY
7d0ec225048b7de0f3d334395a006c6d276b02cd1774d3803978a81607bdb398,JUNCTIONS,-413,charm_plus_anticharm_constituent_count,raw_count,count,0x1.07e51d0000000p+24,AVAILABLE,WITHHELD_UNCERTAINTY
204cb74432f2de9d06c2f5447e0464aa57e4aced8d88ed2dcc31612d7bf3018f,MONASH,-413,charm_plus_anticharm_constituent_count,raw_count,count,0x1.2de8010000000p+24,AVAILABLE,WITHHELD_UNCERTAINTY
f06f53eebc91f470b2bfb41ff94e7415bd6b5091739c6dab278c42c5c5cd47eb,CLOSEPACKING,-413,charm_plus_anticharm_constituent_count,raw_weighted_sum,weighted_count,0x1.03ab6e0000000p+24,AVAILABLE,WITHHELD_UNCERTAINTY
db28d4406f85617a649686914d7f3391f51b4630a7413e26e4f9fec10b2c9cac,JUNCTIONS,-413,charm_plus_anticharm_constituent_count,raw_weighted_sum,weighted_count,0x1.07e51d0000000p+24,AVAILABLE,WITHHELD_UNCERTAINTY
88874eb91e4c8844ad8d3915368928dc03b91014e21e5d454f8547348583e52b,MONASH,-413,charm_plus_anticharm_constituent_count,raw_weighted_sum,weighted_count,0x1.2de8010000000p+24,AVAILABLE,WITHHELD_UNCERTAINTY
b5cf3934d8929289019ad2e514e7876007cd8d7dcebe87662b90897bf984f827,CLOSEPACKING,-413,hadron_count,normalized_yield,per_event,0x1.5c85cfb83997dp-3,AVAILABLE,AVAILABLE
20332498d8cb380a9592cbd0abcc45225fd87570ac82eabb4b1e8e5a0ea0c223,JUNCTIONS,-413,hadron_count,normalized_yield,per_event,0x1.62319f5f5651cp-3,AVAILABLE,AVAILABLE
f03d9a039ac15504de5189004ed7285e5352016164302497447d9205efca7350,MONASH,-413,hadron_count,normalized_yield,per_event,0x1.953633ee99fc1p-3,AVAILABLE,AVAILABLE
859308872d2b2c5535a263030e63080566fdd732b92675f4543c958fab28f78e,CLOSEPACKING,-413,hadron_count,raw_count,count,0x1.03ab6e0000000p+24,AVAILABLE,WITHHELD_UNCERTAINTY
b54b97bcc52ba8c297505fc24f5d9400c28dabbee6b7c217af94affee2aa3e4f,JUNCTIONS,-413,hadron_count,raw_count,count,0x1.07e51d0000000p+24,AVAILABLE,WITHHELD_UNCERTAINTY
a6b45d4c3b758fdd4e025c6f4944d27eb345d587c6e04ede7f6aae4398461aaf,MONASH,-413,hadron_count,raw_count,count,0x1.2de8010000000p+24,AVAILABLE,WITHHELD_UNCERTAINTY
62af282ef58537f7e85f223c9d1792da2f0e18b4218acb5d2f300df295d29206,CLOSEPACKING,-413,hadron_count,raw_weighted_sum,weighted_count,0x1.03ab6e0000000p+24,AVAILABLE,WITHHELD_UNCERTAINTY
85d20fc6a1ea170199247ad1282334f3b56274cd2e37700f8a6122872e7d6eac,JUNCTIONS,-413,hadron_count,raw_weighted_sum,weighted_count,0x1.07e51d0000000p+24,AVAILABLE,WITHHELD_UNCERTAINTY
8d2387f4666cfa348973c6b58ac6cb05fed616a50a29929273be431dc2bc1c17,MONASH,-413,hadron_count,raw_weighted_sum,weighted_count,0x1.2de8010000000p+24,AVAILABLE,WITHHELD_UNCERTAINTY
ffb38e0618efd56b45dd990be871d06346fd937e464dc35dad0149c017533f50,CLOSEPACKING,-4132,beauty_plus_antibeauty_constituent_count,raw_count,count,0x0.0p+0,AVAILABLE,WITHHELD_UNCERTAINTY
034bb228eb675741083c204280adf1a3304ba65725e7a61379b1858ed26dc32a,JUNCTIONS,-4132,beauty_plus_antibeauty_constituent_count,raw_count,count,0x0.0p+0,AVAILABLE,WITHHELD_UNCERTAINTY
5ac2d56c3132905c9141ebde48676da57210eebbcae30fb4193afbdc3a9bfc8f,MONASH,-4132,beauty_plus_antibeauty_constituent_count,raw_count,count,0x0.0p+0,AVAILABLE,WITHHELD_UNCERTAINTY
80617c7fe60419481efb0009c26d671bf07daf1df1c578717934356237c42661,CLOSEPACKING,-4132,beauty_plus_antibeauty_constituent_count,raw_weighted_sum,weighted_count,0x0.0p+0,AVAILABLE,WITHHELD_UNCERTAINTY
f150a728e1c741512347053d9f59f51a61dc8ab45c806f750cd6de855ca83fcc,JUNCTIONS,-4132,beauty_plus_antibeauty_constituent_count,raw_weighted_sum,weighted_count,0x0.0p+0,AVAILABLE,WITHHELD_UNCERTAINTY
6dbfb4f992d9aec6065a5cc1fb10789a70271669f4b6b99eba19c98c78387cb2,MONASH,-4132,beauty_plus_antibeauty_constituent_count,raw_weighted_sum,weighted_count,0x0.0p+0,AVAILABLE,WITHHELD_UNCERTAINTY
aefb3655ea8003e072fa3384626b7bd250f4f9e57f4048d5c3043689adbb0eae,CLOSEPACKING,-4132,charm_plus_anticharm_constituent_count,raw_count,count,0x1.359ee00000000p+19,AVAILABLE,WITHHELD_UNCERTAINTY
1885b9e358b6e6dd9694bc4be3a7a675239f2e96f5a0d633e11cd6dc16fa6f84,JUNCTIONS,-4132,charm_plus_anticharm_constituent_count,raw_count,count,0x1.269b800000000p+19,AVAILABLE,WITHHELD_UNCERTAINTY
82d56999dbccdd0977340b9cff4d6b2522f5e3a476b4e3a3f1494f0e567e613c,MONASH,-4132,charm_plus_anticharm_constituent_count,raw_count,count,0x1.88d6000000000p+18,AVAILABLE,WITHHELD_UNCERTAINTY
792d58a091f27a9d6e78abcdccd7fa3a709fa61b9444d37049f8f482c7931165,CLOSEPACKING,-4132,charm_plus_anticharm_constituent_count,raw_weighted_sum,weighted_count,0x1.359ee00000000p+19,AVAILABLE,WITHHELD_UNCERTAINTY
db4631d5ebec0b6d7d96a4948987a6ddada5fcd9693d1a873ac33cecf7ea2b0b,JUNCTIONS,-4132,charm_plus_anticharm_constituent_count,raw_weighted_sum,weighted_count,0x1.269b800000000p+19,AVAILABLE,WITHHELD_UNCERTAINTY
b5a570473268b7420c1e30a2b042e033dd3b2c43a3898569bf4f85cea40ff205,MONASH,-4132,charm_plus_anticharm_constituent_count,raw_weighted_sum,weighted_count,0x1.88d6000000000p+18,AVAILABLE,WITHHELD_UNCERTAINTY
8add77795e41ceb337d20e4d11373e84cce9a79b08b3def984faa9d115d1fb9d,CLOSEPACKING,-4132,hadron_count,normalized_yield,per_event,0x1.9f90d47913923p-8,AVAILABLE,AVAILABLE
62476456c039e9750d0c07c3956bbeb6c399208ffe5075a7dbe26943c7217534,JUNCTIONS,-4132,hadron_count,normalized_yield,per_event,0x1.8b6a56e0e2588p-8,AVAILABLE,AVAILABLE
98ee9501620db979d655503b2790cd3fc535b201af691f462d8054de5db81e83,MONASH,-4132,hadron_count,normalized_yield,per_event,0x1.07a0b33e5b5a7p-8,AVAILABLE,AVAILABLE
93ba5269d869142475c7f5f176cb6a687ccfb9b7b218bcfc951255489d1a8ee4,CLOSEPACKING,-4132,hadron_count,raw_count,count,0x1.359ee00000000p+19,AVAILABLE,WITHHELD_UNCERTAINTY
a0bec2a686b1c1c08bab2fdc738dbc9fa3e8c1e293db2cf4908aa3d6b92b06b9,JUNCTIONS,-4132,hadron_count,raw_count,count,0x1.269b800000000p+19,AVAILABLE,WITHHELD_UNCERTAINTY
fa7f514a63beafe1ef4f7ffe085d8b4c78b3f1fcf60de0497a4d8426f2a3c581,MONASH,-4132,hadron_count,raw_count,count,0x1.88d6000000000p+18,AVAILABLE,WITHHELD_UNCERTAINTY
c7a0f34bdfccddd93d036d106778a7f3a90806a270bdf730d95e1e8a933a1090,CLOSEPACKING,-4132,hadron_count,raw_weighted_sum,weighted_count,0x1.359ee00000000p+19,AVAILABLE,WITHHELD_UNCERTAINTY
303bad678ca3f1f243d84395cf62de3f439bb14a1e72a4181d7dd6caf8669141,JUNCTIONS,-4132,hadron_count,raw_weighted_sum,weighted_count,0x1.269b800000000p+19,AVAILABLE,WITHHELD_UNCERTAINTY
660c17eebad12ea9d4c246963193fa54b075bbaca6e50b2dc08e022072f294dc,MONASH,-4132,hadron_count,raw_weighted_sum,weighted_count,0x1.88d6000000000p+18,AVAILABLE,WITHHELD_UNCERTAINTY
3b2ea38da0e4b6b65aa0bd9a537e942a7bf3422880d1482daa577ce45159d106,CLOSEPACKING,-421,beauty_plus_antibeauty_constituent_count,raw_count,count,0x0.0p+0,AVAILABLE,WITHHELD_UNCERTAINTY
7f646d885ae31ac31b090680b6eb8ebf75678111bac23a3a647256857989df3b,JUNCTIONS,-421,beauty_plus_antibeauty_constituent_count,raw_count,count,0x0.0p+0,AVAILABLE,WITHHELD_UNCERTAINTY
3d49b300a594174935f95990812064e1b470469311a44426ab1b4a5e7c83871d,MONASH,-421,beauty_plus_antibeauty_constituent_count,raw_count,count,0x0.0p+0,AVAILABLE,WITHHELD_UNCERTAINTY
6b6be9628dd32bd71fd5dd65fd2219e349da3554778c9885bed31cd93ba5a8c8,CLOSEPACKING,-421,beauty_plus_antibeauty_constituent_count,raw_weighted_sum,weighted_count,0x0.0p+0,AVAILABLE,WITHHELD_UNCERTAINTY
9caf91ab2c79d20f782e3784d9a41b392fc83db39753450b3862eae9b3c89be3,JUNCTIONS,-421,beauty_plus_antibeauty_constituent_count,raw_weighted_sum,weighted_count,0x0.0p+0,AVAILABLE,WITHHELD_UNCERTAINTY
e09601b4b664e639dc787b9b69795f4d60ee82357db66f84e8abc365f9007b4e,MONASH,-421,beauty_plus_antibeauty_constituent_count,raw_weighted_sum,weighted_count,0x0.0p+0,AVAILABLE,WITHHELD_UNCERTAINTY
d699b04ac11a649a7958b6897a9ff3e132a4363bf3ab0aeaeb839aa0ae5dcbe2,CLOSEPACKING,-421,charm_plus_anticharm_constituent_count,raw_count,count,0x1.32b3c30000000p+24,AVAILABLE,WITHHELD_UNCERTAINTY
9c95e71f44dd3f8064cad7ef26be55dd02f0a95a6f49fa97f522bca98630bce0,JUNCTIONS,-421,charm_plus_anticharm_constituent_count,raw_count,count,0x1.363f200000000p+24,AVAILABLE,WITHHELD_UNCERTAINTY
5caf81030c96ad8e0fde4af05bd7cc9c9a70d3ed2b66e613fa9648bb83b313c0,MONASH,-421,charm_plus_anticharm_constituent_count,raw_count,count,0x1.5c2d930000000p+24,AVAILABLE,WITHHELD_UNCERTAINTY
a0444858402f77c28ebae12db807a73a434f2aef885bbc333e3d263ad63529e2,CLOSEPACKING,-421,charm_plus_anticharm_constituent_count,raw_weighted_sum,weighted_count,0x1.32b3c30000000p+24,AVAILABLE,WITHHELD_UNCERTAINTY
7d0a3b2fcc8888030a341a1b08d2f71b8cb9bd099b2c699c7f904d551147debe,JUNCTIONS,-421,charm_plus_anticharm_constituent_count,raw_weighted_sum,weighted_count,0x1.363f200000000p+24,AVAILABLE,WITHHELD_UNCERTAINTY
eb009d29fd8d9379eb53f1d08478de4b675123923c772e7d7ecc64e18f9c084a,MONASH,-421,charm_plus_anticharm_constituent_count,raw_weighted_sum,weighted_count,0x1.5c2d930000000p+24,AVAILABLE,WITHHELD_UNCERTAINTY
d843bafa99920aefa8679a81036fd27c88e4c89db2c67e9fa35fe63c438bfb96,CLOSEPACKING,-421,hadron_count,normalized_yield,per_event,0x1.9ba6124de05dap-3,AVAILABLE,AVAILABLE
979d48a7232ac6a853fa291f7999c8e22bcc6d0284e49eee609116f027bce4bf,JUNCTIONS,-421,hadron_count,normalized_yield,per_event,0x1.a067e9f425007p-3,AVAILABLE,AVAILABLE
089470333b6c1af20e0b021d51a07b7dcd2bc45ba82d0e0478c81f540098b76f,MONASH,-421,hadron_count,normalized_yield,per_event,0x1.d3510ee64cd09p-3,AVAILABLE,AVAILABLE
750abc1d53bb3d291d98cd55bb000ab454b9b88b38049b1172209dce803a39e4,CLOSEPACKING,-421,hadron_count,raw_count,count,0x1.32b3c30000000p+24,AVAILABLE,WITHHELD_UNCERTAINTY
7c17d3d6b574ae59b23fa7522ad4fc7a8da808a446d52a93114d0c044cede92f,JUNCTIONS,-421,hadron_count,raw_count,count,0x1.363f200000000p+24,AVAILABLE,WITHHELD_UNCERTAINTY
0ca38431bbad01d765c66297a3a935374622eb1d3fe2485b5352a9a140bddf9a,MONASH,-421,hadron_count,raw_count,count,0x1.5c2d930000000p+24,AVAILABLE,WITHHELD_UNCERTAINTY
e49fb749fd5e341978ce44e030a21fc7a585c21f84fe7b7b4aa5c5ce10f95ff0,CLOSEPACKING,-421,hadron_count,raw_weighted_sum,weighted_count,0x1.32b3c30000000p+24,AVAILABLE,WITHHELD_UNCERTAINTY
bee41f0098112f1e7495726b6a1d0dc6e76ae29860371ef5be2c0258c796ee7e,JUNCTIONS,-421,hadron_count,raw_weighted_sum,weighted_count,0x1.363f200000000p+24,AVAILABLE,WITHHELD_UNCERTAINTY
025ab8749e33d229559f0a1c75ddd5a42418c69543a93f28a195ad5da8065d10,MONASH,-421,hadron_count,raw_weighted_sum,weighted_count,0x1.5c2d930000000p+24,AVAILABLE,WITHHELD_UNCERTAINTY
8c59c308cdb0905b838d03b4cc0ff1ccb3427e53fb71cd39fc660d88fc0921dd,CLOSEPACKING,-4212,beauty_plus_antibeauty_constituent_count,raw_count,count,0x0.0p+0,AVAILABLE,WITHHELD_UNCERTAINTY
aca9685a192fd2b87258f7be2219512115a81445977101802c78fa89b41f4198,JUNCTIONS,-4212,beauty_plus_antibeauty_constituent_count,raw_count,count,0x0.0p+0,AVAILABLE,WITHHELD_UNCERTAINTY
4c25d4c95d21eec50cf2831590c8f212c23f02d8b9c0b6092b0bff95ebabffa1,MONASH,-4212,beauty_plus_antibeauty_constituent_count,raw_count,count,0x0.0p+0,AVAILABLE,WITHHELD_UNCERTAINTY
7dddd1af0d9de1318543b61f3f123426a701f2c1feb33b0ec12b404c96528ad9,CLOSEPACKING,-4212,beauty_plus_antibeauty_constituent_count,raw_weighted_sum,weighted_count,0x0.0p+0,AVAILABLE,WITHHELD_UNCERTAINTY
daa83a58bdfdef35779a4506a661a45e59fecaa75b40b3f1a3eb843b993f40c0,JUNCTIONS,-4212,beauty_plus_antibeauty_constituent_count,raw_weighted_sum,weighted_count,0x0.0p+0,AVAILABLE,WITHHELD_UNCERTAINTY
cb6ac702bde69986dc74782d320eadf8398db6b3717946b789c9a613a85f6ed1,MONASH,-4212,beauty_plus_antibeauty_constituent_count,raw_weighted_sum,weighted_count,0x0.0p+0,AVAILABLE,WITHHELD_UNCERTAINTY
3cc7612d79bb3c84061fff37ba06f89551bd8f8da60a8bc2af790c3458d43354,CLOSEPACKING,-4212,charm_plus_anticharm_constituent_count,raw_count,count,0x1.e59d900000000p+20,AVAILABLE,WITHHELD_UNCERTAINTY
c84697941a2f297f29156c4f8db76944adaa2581c8c2bbec917d4c2daa208fc2,JUNCTIONS,-4212,charm_plus_anticharm_constituent_count,raw_count,count,0x1.9fade80000000p+21,AVAILABLE,WITHHELD_UNCERTAINTY
966304fbd6750194ef958f4120e6f118774d748fe990abc48a04a177b5e55af5,MONASH,-4212,charm_plus_anticharm_constituent_count,raw_count,count,0x1.19b2800000000p+17,AVAILABLE,WITHHELD_UNCERTAINTY
c41cf702640d25e9a94b327c6ce083779ddbe6edec7bdbf2b6a177debedad94e,CLOSEPACKING,-4212,charm_plus_anticharm_constituent_count,raw_weighted_sum,weighted_count,0x1.e59d900000000p+20,AVAILABLE,WITHHELD_UNCERTAINTY
b13454318a5b6b2ab42d6b84ca1349990b6da7126840870058b86900af60ee5f,JUNCTIONS,-4212,charm_plus_anticharm_constituent_count,raw_weighted_sum,weighted_count,0x1.9fade80000000p+21,AVAILABLE,WITHHELD_UNCERTAINTY
389954911c513ef5d308841d62719614d0c0b7eecde363ff76c8fb9abfbe9fba,MONASH,-4212,charm_plus_anticharm_constituent_count,raw_weighted_sum,weighted_count,0x1.19b2800000000p+17,AVAILABLE,WITHHELD_UNCERTAINTY
ca1b76275fb8824773ddc83f6e4e03591eee4893bf8e17b83192e015882b43e4,CLOSEPACKING,-4212,hadron_count,normalized_yield,per_event,0x1.45e41a9c38855p-6,AVAILABLE,AVAILABLE
9ecd8e2cea7243291eb3cb2e53be423133211cbd3dc2e51747731a020f2144f8,JUNCTIONS,-4212,hadron_count,normalized_yield,per_event,0x1.16f529e32858ep-5,AVAILABLE,AVAILABLE
3f30b99cd47176c93d618f92dc40cd7fa83e4839acd678eef2b818e13598bc77,MONASH,-4212,hadron_count,normalized_yield,per_event,0x1.7a167186800c5p-10,AVAILABLE,AVAILABLE
64f0ed8bd73cf76f3bb42b8057a6e6d9ac84122e2acc4c5b26a2aa6f7b031bc7,CLOSEPACKING,-4212,hadron_count,raw_count,count,0x1.e59d900000000p+20,AVAILABLE,WITHHELD_UNCERTAINTY
a34a57300980110628320d1e891d55113cc9c2f5761bd5d62dcef1540ec059ca,JUNCTIONS,-4212,hadron_count,raw_count,count,0x1.9fade80000000p+21,AVAILABLE,WITHHELD_UNCERTAINTY
9234b6c162a1ed5229be7811033effea9626123caa0b0e111ee84ba44fa56b49,MONASH,-4212,hadron_count,raw_count,count,0x1.19b2800000000p+17,AVAILABLE,WITHHELD_UNCERTAINTY
ba0c32ef758e3284d78431c1c0d9783fd7fbe8c4c58edd5049624eec0e382e5b,CLOSEPACKING,-4212,hadron_count,raw_weighted_sum,weighted_count,0x1.e59d900000000p+20,AVAILABLE,WITHHELD_UNCERTAINTY
ef1dbc01972be42d97c4f10ff9d173efa4d7d468bd264e03352ec54f8ab582a1,JUNCTIONS,-4212,hadron_count,raw_weighted_sum,weighted_count,0x1.9fade80000000p+21,AVAILABLE,WITHHELD_UNCERTAINTY
c9d298b7b0839a479693cd1261c2b18dc0eacf3c9bb6cd56f72189ccf846174d,MONASH,-4212,hadron_count,raw_weighted_sum,weighted_count,0x1.19b2800000000p+17,AVAILABLE,WITHHELD_UNCERTAINTY
284ab78de98d8297ad476c889a68756fe42f4c94bb4df384944c1c48346c3c09,CLOSEPACKING,-4214,beauty_plus_antibeauty_constituent_count,raw_count,count,0x0.0p+0,AVAILABLE,WITHHELD_UNCERTAINTY
760dcb14a26cae3a46f09ed6abdc9cf1a488b329213fa5df176a5e5509c9cc56,JUNCTIONS,-4214,beauty_plus_antibeauty_constituent_count,raw_count,count,0x0.0p+0,AVAILABLE,WITHHELD_UNCERTAINTY
4d5f44d6125290bc21ccae5dbf2a2b189da33aef21e5678f6d2de9affcf4aabe,MONASH,-4214,beauty_plus_antibeauty_constituent_count,raw_count,count,0x0.0p+0,AVAILABLE,WITHHELD_UNCERTAINTY
d774b18a2bfceac36ba365e81daaf024af78c4db1dcb7a7b3fdbc0440b774c78,CLOSEPACKING,-4214,beauty_plus_antibeauty_constituent_count,raw_weighted_sum,weighted_count,0x0.0p+0,AVAILABLE,WITHHELD_UNCERTAINTY
7b4ae8db4b74fe5a8f40023db8149ceded6c0f06df34dab8e0dfd2083557d2f9,JUNCTIONS,-4214,beauty_plus_antibeauty_constituent_count,raw_weighted_sum,weighted_count,0x0.0p+0,AVAILABLE,WITHHELD_UNCERTAINTY
2d2dd2e47c43177fe63b5ea0c69a076d8f2bc7378153a5626178b0b84bf11920,MONASH,-4214,beauty_plus_antibeauty_constituent_count,raw_weighted_sum,weighted_count,0x0.0p+0,AVAILABLE,WITHHELD_UNCERTAINTY
1067ee669ff512d113ae23dd50e454004cd6cefb941cd1da75e6004a4d70d199,CLOSEPACKING,-4214,charm_plus_anticharm_constituent_count,raw_count,count,0x1.b94cb00000000p+20,AVAILABLE,WITHHELD_UNCERTAINTY
cf2ccd8672ed3af205679e40bac0a321b2dab1f68185c7d233ca960ad4d8f767,JUNCTIONS,-4214,charm_plus_anticharm_constituent_count,raw_count,count,0x1.0647000000000p+19,AVAILABLE,WITHHELD_UNCERTAINTY
aef5b01db1485e8f85586e91a841e9344b80cc60bc60855cb31da6085932cdef,MONASH,-4214,charm_plus_anticharm_constituent_count,raw_count,count,0x1.1598800000000p+18,AVAILABLE,WITHHELD_UNCERTAINTY
5459a80f67c6b87568b0174e19ef412f95ee7f9ef154bc7e604bb580c43cf5dc,CLOSEPACKING,-4214,charm_plus_anticharm_constituent_count,raw_weighted_sum,weighted_count,0x1.b94cb00000000p+20,AVAILABLE,WITHHELD_UNCERTAINTY
a5f297c326a516bb2fba524b0e3f9ba4d2e5e4ad93dd238698f004a9c21e81ab,JUNCTIONS,-4214,charm_plus_anticharm_constituent_count,raw_weighted_sum,weighted_count,0x1.0647000000000p+19,AVAILABLE,WITHHELD_UNCERTAINTY
438bb4f06706cf987c5dafe4bed5900fdee0cde243055a780bb4d0ef0fcbf52d,MONASH,-4214,charm_plus_anticharm_constituent_count,raw_weighted_sum,weighted_count,0x1.1598800000000p+18,AVAILABLE,WITHHELD_UNCERTAINTY
a16148a88dd620ea1401e36baa6c71478a70c6be076c053d37151d603b23611b,CLOSEPACKING,-4214,hadron_count,normalized_yield,per_event,0x1.2826afed181bdp-6,AVAILABLE,AVAILABLE
cc63a3345a70f6572d8b062356e4f54f887b3a81867aa98ee1e7620f76521619,JUNCTIONS,-4214,hadron_count,normalized_yield,per_event,0x1.6005cf21e6afap-8,AVAILABLE,AVAILABLE
56a3bf21833fb096e06ee6525987a5b42ccdc03b7a603db81c306a4352f5ecc3,MONASH,-4214,hadron_count,normalized_yield,per_event,0x1.74952845c45a6p-9,AVAILABLE,AVAILABLE
02e13ddd3469a2ad333888b05baaf4f42c62dbce95483d1b5cf69721f8e4dd80,CLOSEPACKING,-4214,hadron_count,raw_count,count,0x1.b94cb00000000p+20,AVAILABLE,WITHHELD_UNCERTAINTY
019ecd9951ef80c21065445b396d64dc8b9661108ff787f8042fdc62fcf0b474,JUNCTIONS,-4214,hadron_count,raw_count,count,0x1.0647000000000p+19,AVAILABLE,WITHHELD_UNCERTAINTY
e2de78a01483fc1e9867fffc7aa75ae5019d16d489bfd07ceedbc6f169eb00e0,MONASH,-4214,hadron_count,raw_count,count,0x1.1598800000000p+18,AVAILABLE,WITHHELD_UNCERTAINTY
975a43b20a1b978e8c3566fbe96a8b29ac144450a2a358ce361102c1cdc0cdf9,CLOSEPACKING,-4214,hadron_count,raw_weighted_sum,weighted_count,0x1.b94cb00000000p+20,AVAILABLE,WITHHELD_UNCERTAINTY
c189e18cb9060acb66679530e3f06ed8afc3a0198c33130b21b85c1a6f73a62c,JUNCTIONS,-4214,hadron_count,raw_weighted_sum,weighted_count,0x1.0647000000000p+19,AVAILABLE,WITHHELD_UNCERTAINTY
38cf6d77f9414931212288302e8114a182db07176c685e19ff71206d9f0443e6,MONASH,-4214,hadron_count,raw_weighted_sum,weighted_count,0x1.1598800000000p+18,AVAILABLE,WITHHELD_UNCERTAINTY
a458ce91b20620944eac2d134cdc17bf94b73418350b707b6199b9d905582abb,CLOSEPACKING,-4222,beauty_plus_antibeauty_constituent_count,raw_count,count,0x0.0p+0,AVAILABLE,WITHHELD_UNCERTAINTY
c18c37a0b7e39eb086c646dc14528a1c33dd8a8241352eb738a8b03a3a9edbaf,JUNCTIONS,-4222,beauty_plus_antibeauty_constituent_count,raw_count,count,0x0.0p+0,AVAILABLE,WITHHELD_UNCERTAINTY
a36e72a7be44cad1e86573aef7c11d1255fb115f52e10ac190cb8d8928543411,MONASH,-4222,beauty_plus_antibeauty_constituent_count,raw_count,count,0x0.0p+0,AVAILABLE,WITHHELD_UNCERTAINTY
fe72d627564683de97208762cb0dc83bc1cd45a3b6c08fadbe3a034f3d25023a,CLOSEPACKING,-4222,beauty_plus_antibeauty_constituent_count,raw_weighted_sum,weighted_count,0x0.0p+0,AVAILABLE,WITHHELD_UNCERTAINTY
5e98e11f79c3cd112b14c9441383c293bcb6410234ec328d3d0583ccfd24bd4a,JUNCTIONS,-4222,beauty_plus_antibeauty_constituent_count,raw_weighted_sum,weighted_count,0x0.0p+0,AVAILABLE,WITHHELD_UNCERTAINTY
5a41dcb455b8e7000db130f2cdf1109ba66f5fd9b7a6bb9fb6ef6ade9443fc1e,MONASH,-4222,beauty_plus_antibeauty_constituent_count,raw_weighted_sum,weighted_count,0x0.0p+0,AVAILABLE,WITHHELD_UNCERTAINTY
955c8735212e0217f53b89363f6d0b3bcd0dd854cbcaf194d46fc6ed0481e3bd,CLOSEPACKING,-4222,charm_plus_anticharm_constituent_count,raw_count,count,0x1.b517b00000000p+20,AVAILABLE,WITHHELD_UNCERTAINTY
dd084c638f1fbefdd41b1b03d9d04b9e1a27baca170f9bb1edf08b1268058ef6,JUNCTIONS,-4222,charm_plus_anticharm_constituent_count,raw_count,count,0x1.8357680000000p+21,AVAILABLE,WITHHELD_UNCERTAINTY
d955d346dcb3c52591b3e2626d0a7493c55e5ee7916638d24d550b8ec470aadd,MONASH,-4222,charm_plus_anticharm_constituent_count,raw_count,count,0x1.1bf3000000000p+17,AVAILABLE,WITHHELD_UNCERTAINTY
9de28be1d0d657a9a80156a4d33a8d2c40d1145bb96957747318eaf29b5c410c,CLOSEPACKING,-4222,charm_plus_anticharm_constituent_count,raw_weighted_sum,weighted_count,0x1.b517b00000000p+20,AVAILABLE,WITHHELD_UNCERTAINTY
2f7a6ecc46570f3b9e850540a3b05a146f36f6f89e624fd09fa4842c09239538,JUNCTIONS,-4222,charm_plus_anticharm_constituent_count,raw_weighted_sum,weighted_count,0x1.8357680000000p+21,AVAILABLE,WITHHELD_UNCERTAINTY
b6cab7f5a25ba971e4743e98ec140eb25892421b612c10db733f839c967e8765,MONASH,-4222,charm_plus_anticharm_constituent_count,raw_weighted_sum,weighted_count,0x1.1bf3000000000p+17,AVAILABLE,WITHHELD_UNCERTAINTY
ff4f39d92265c28521ee0314b058806540c14bc94357bc26ef66e35bf956cd95,CLOSEPACKING,-4222,hadron_count,normalized_yield,per_event,0x1.2553ecbc2b69ep-6,AVAILABLE,AVAILABLE
e41ece1b8b2331a35eb2f89aeac84bbe671dae875174d083c120a44a3a08cc84,JUNCTIONS,-4222,hadron_count,normalized_yield,per_event,0x1.03f0c0470272fp-5,AVAILABLE,AVAILABLE
84b001a5099639f91734260e75d5869416d3c9c596cf85f10d071cce2e97f4a7,MONASH,-4222,hadron_count,normalized_yield,per_event,0x1.7d1c356ac5f19p-10,AVAILABLE,AVAILABLE
5af830cc54933f6bfbc09683297919f37c864fe90af86c2086b2d9bd201a0644,CLOSEPACKING,-4222,hadron_count,raw_count,count,0x1.b517b00000000p+20,AVAILABLE,WITHHELD_UNCERTAINTY
b9b9c1381242c9026978b2ac1c29efcaf622179abbc3f523d61fb1ff1ac40944,JUNCTIONS,-4222,hadron_count,raw_count,count,0x1.8357680000000p+21,AVAILABLE,WITHHELD_UNCERTAINTY
bece41e0a92baba5cc458e27749731105d0c8e109f9438e1be0dc5d5aab75083,MONASH,-4222,hadron_count,raw_count,count,0x1.1bf3000000000p+17,AVAILABLE,WITHHELD_UNCERTAINTY
ef157d875cbda8a76babc65473eca3c7af564d9bfb63cfcae0a76b8e8a9f29ed,CLOSEPACKING,-4222,hadron_count,raw_weighted_sum,weighted_count,0x1.b517b00000000p+20,AVAILABLE,WITHHELD_UNCERTAINTY
e9c523a66837330bbaf7d32bf725a7d0d7ee647a75385e8ab0fad3eb15fb9b74,JUNCTIONS,-4222,hadron_count,raw_weighted_sum,weighted_count,0x1.8357680000000p+21,AVAILABLE,WITHHELD_UNCERTAINTY
a8beefd4b537e8f7866087cd9bd73e2724b3f0cc682aac8d722284282a055564,MONASH,-4222,hadron_count,raw_weighted_sum,weighted_count,0x1.1bf3000000000p+17,AVAILABLE,WITHHELD_UNCERTAINTY
6e474cff5834083406fb1bc4c8c5fcb7038c1b13055d126aef17ef8c2bdc57a4,CLOSEPACKING,-4224,beauty_plus_antibeauty_constituent_count,raw_count,count,0x0.0p+0,AVAILABLE,WITHHELD_UNCERTAINTY
0190621192a7fca4784e0fcc66920721b104baeb5f2ac60b96ba9eb46a995f95,JUNCTIONS,-4224,beauty_plus_antibeauty_constituent_count,raw_count,count,0x0.0p+0,AVAILABLE,WITHHELD_UNCERTAINTY
634ecd4a8442f4282b836712cbf5ad0f7c78a660d193bea14e121c7ac2230a20,MONASH,-4224,beauty_plus_antibeauty_constituent_count,raw_count,count,0x0.0p+0,AVAILABLE,WITHHELD_UNCERTAINTY
544259590dd8f71de1679e12d9143e7d0e8c76e0c66918606685e95bd5b52f0f,CLOSEPACKING,-4224,beauty_plus_antibeauty_constituent_count,raw_weighted_sum,weighted_count,0x0.0p+0,AVAILABLE,WITHHELD_UNCERTAINTY
c66a83fc083748afec40f5b1943bcc0b2f1262a75187b1aa1b6f2bfb5f4b7009,JUNCTIONS,-4224,beauty_plus_antibeauty_constituent_count,raw_weighted_sum,weighted_count,0x0.0p+0,AVAILABLE,WITHHELD_UNCERTAINTY
0989af0690e046d168aed02053827a8721336a482ce0fb6deffae3a2ae474e48,MONASH,-4224,beauty_plus_antibeauty_constituent_count,raw_weighted_sum,weighted_count,0x0.0p+0,AVAILABLE,WITHHELD_UNCERTAINTY
efbef8c44673a5aeb7fa4c7a017931d50494edaa3004206929039b29d5970b24,CLOSEPACKING,-4224,charm_plus_anticharm_constituent_count,raw_count,count,0x1.8414800000000p+20,AVAILABLE,WITHHELD_UNCERTAINTY
9095591a7a4cbaaa5dfc346a6163f67235bb46f5ecfdee2a9b09b5386b292cab,JUNCTIONS,-4224,charm_plus_anticharm_constituent_count,raw_count,count,0x1.0dc4e00000000p+19,AVAILABLE,WITHHELD_UNCERTAINTY
fa2fefedf49becfbe4bc2ab2aafeccce0193cbb28cc028ee1ce78a13fbe17c12,MONASH,-4224,charm_plus_anticharm_constituent_count,raw_count,count,0x1.1878400000000p+18,AVAILABLE,WITHHELD_UNCERTAINTY
9ea52d16558f3eb72a87230191f5b88fd3b1a37cc60dfbceb78490213758da7d,CLOSEPACKING,-4224,charm_plus_anticharm_constituent_count,raw_weighted_sum,weighted_count,0x1.8414800000000p+20,AVAILABLE,WITHHELD_UNCERTAINTY
ac5f3e58fc253321ad7e8a13667f6433d92a56fd3339c8f70c6648f64496062a,JUNCTIONS,-4224,charm_plus_anticharm_constituent_count,raw_weighted_sum,weighted_count,0x1.0dc4e00000000p+19,AVAILABLE,WITHHELD_UNCERTAINTY
ea468c8507c473c65e72828bd18a514d920be89e7f4f1fa4f30b0f51d5371612,MONASH,-4224,charm_plus_anticharm_constituent_count,raw_weighted_sum,weighted_count,0x1.1878400000000p+18,AVAILABLE,WITHHELD_UNCERTAINTY
9a67e188666697a7d6b9fdd2439af4a5fcecb04bc458fc501623115d0d1da9bf,CLOSEPACKING,-4224,hadron_count,normalized_yield,per_event,0x1.046fa656158b5p-6,AVAILABLE,AVAILABLE
d0bca502439a79e7517d5d0ec98437278d4533a1e4d265c999f956069f0c406f,JUNCTIONS,-4224,hadron_count,normalized_yield,per_event,0x1.6a13eff6f366fp-8,AVAILABLE,AVAILABLE
559d63726197a11fcaadd9b3119fff8d86b37e71de0487da3b5522bb32e5237e,MONASH,-4224,hadron_count,normalized_yield,per_event,0x1.7870aa0c2d8adp-9,AVAILABLE,AVAILABLE
c9c22739a4bb79bc8e4f07fcf05c0ee83002ea4d2bd3c868382ebb34f54f9cbf,CLOSEPACKING,-4224,hadron_count,raw_count,count,0x1.8414800000000p+20,AVAILABLE,WITHHELD_UNCERTAINTY
86821aa0d9de7f863b40822c884c8d21d40912981851e19ca95811bdf0a69bb7,JUNCTIONS,-4224,hadron_count,raw_count,count,0x1.0dc4e00000000p+19,AVAILABLE,WITHHELD_UNCERTAINTY
66b39883ea77b4d0858991d6b66d05803f21ff2f7c53a48f91e770b3ec7f4d86,MONASH,-4224,hadron_count,raw_count,count,0x1.1878400000000p+18,AVAILABLE,WITHHELD_UNCERTAINTY
c96ca279a7296492c056e04c72de6d6b63e5193ec540494b27c5654e370d5111,CLOSEPACKING,-4224,hadron_count,raw_weighted_sum,weighted_count,0x1.8414800000000p+20,AVAILABLE,WITHHELD_UNCERTAINTY
52aa47dbad136d33946f65624719b94e20aaa3656cc23765a2e166b11a55c298,JUNCTIONS,-4224,hadron_count,raw_weighted_sum,weighted_count,0x1.0dc4e00000000p+19,AVAILABLE,WITHHELD_UNCERTAINTY
b31431fa36f8302b41bfd5e331df77dc31fc1791c430fc94a54b8b769d13355c,MONASH,-4224,hadron_count,raw_weighted_sum,weighted_count,0x1.1878400000000p+18,AVAILABLE,WITHHELD_UNCERTAINTY
730f1adb12ebe1e4634482021f8074ce9858a2892c2c5a283d81ef649a35fb19,CLOSEPACKING,-423,beauty_plus_antibeauty_constituent_count,raw_count,count,0x0.0p+0,AVAILABLE,WITHHELD_UNCERTAINTY
5add02d5953edd7d320260ae86cbc5c27fd2cb22282faa2b2c3dd864ad2c4b04,JUNCTIONS,-423,beauty_plus_antibeauty_constituent_count,raw_count,count,0x0.0p+0,AVAILABLE,WITHHELD_UNCERTAINTY
f4b97bcee295173b251bcb668f6a669dffb195c6fc37d2a40b529b5de40763d4,MONASH,-423,beauty_plus_antibeauty_constituent_count,raw_count,count,0x0.0p+0,AVAILABLE,WITHHELD_UNCERTAINTY
8281fe6b0cf5c9390fbe7a5dbb0e1133b997d7497c46562fcfe1c20ca3894ffd,CLOSEPACKING,-423,beauty_plus_antibeauty_constituent_count,raw_weighted_sum,weighted_count,0x0.0p+0,AVAILABLE,WITHHELD_UNCERTAINTY
caee4bd71ad4d811e6c63e5c4488119744a65b5096443dc0ec6c42eb200410af,JUNCTIONS,-423,beauty_plus_antibeauty_constituent_count,raw_weighted_sum,weighted_count,0x0.0p+0,AVAILABLE,WITHHELD_UNCERTAINTY
1c4c8516da2f29a08ff18b0d90ad010a4a9b08db9248df447cc377999a5ec41c,MONASH,-423,beauty_plus_antibeauty_constituent_count,raw_weighted_sum,weighted_count,0x0.0p+0,AVAILABLE,WITHHELD_UNCERTAINTY
e3e70f1f4b824e904cb82441138480f50f01365307589e13f525ff44c9100450,CLOSEPACKING,-423,charm_plus_anticharm_constituent_count,raw_count,count,0x1.0459fd0000000p+24,AVAILABLE,WITHHELD_UNCERTAINTY
5f31eabb84b207c513c46deeff27d8a303ad4134d006a7779fa523b1f2e11cab,JUNCTIONS,-423,charm_plus_anticharm_constituent_count,raw_count,count,0x1.0878dc0000000p+24,AVAILABLE,WITHHELD_UNCERTAINTY
5e0d35f540080518c9a64fc047f36d7512bad0917b53c70815d741a3b87ea508,MONASH,-423,charm_plus_anticharm_constituent_count,raw_count,count,0x1.2e3e240000000p+24,AVAILABLE,WITHHELD_UNCERTAINTY
b8b2c5b261bf1c6578eaa6ce06161aab7d2445721be8edf6b5631e721fb9c275,CLOSEPACKING,-423,charm_plus_anticharm_constituent_count,raw_weighted_sum,weighted_count,0x1.0459fd0000000p+24,AVAILABLE,WITHHELD_UNCERTAINTY
3ed20463f8cc1ed9e66943afa5d0da6a6c87910885f0726ad63ab9ed3f94b639,JUNCTIONS,-423,charm_plus_anticharm_constituent_count,raw_weighted_sum,weighted_count,0x1.0878dc0000000p+24,AVAILABLE,WITHHELD_UNCERTAINTY
18322fb5e3f165d427b792f177d7d8897528016b911e7fa1f368ed160f88b0e8,MONASH,-423,charm_plus_anticharm_constituent_count,raw_weighted_sum,weighted_count,0x1.2e3e240000000p+24,AVAILABLE,WITHHELD_UNCERTAINTY
97e0f52631589ee33f16fc84fc90432fb9c30d6bf29d546dcdce933903516729,CLOSEPACKING,-423,hadron_count,normalized_yield,per_event,0x1.5d701998826d6p-3,AVAILABLE,AVAILABLE
37a0b734c758e5ab600217fedb1fba334ecbe3e333d504883f358be752839ad2,JUNCTIONS,-423,hadron_count,normalized_yield,per_event,0x1.62f7ec8b2e1bfp-3,AVAILABLE,AVAILABLE
eb56d8a75019bf4974533032cde73e35a581254bf1d8871d9465997a5c53ec63,MONASH,-423,hadron_count,normalized_yield,per_event,0x1.95a9d048824fdp-3,AVAILABLE,AVAILABLE
9114a0c1186b6a49ec11f2ac5eb9fa51633812f86109bf4404bef5ace36c0a69,CLOSEPACKING,-423,hadron_count,raw_count,count,0x1.0459fd0000000p+24,AVAILABLE,WITHHELD_UNCERTAINTY
adbbc68007b1ce715b7845019cfbaf8ec011810676186c743933941a8cb8d1c2,JUNCTIONS,-423,hadron_count,raw_count,count,0x1.0878dc0000000p+24,AVAILABLE,WITHHELD_UNCERTAINTY
c1bddcad8894159076899aaaf6dfe5a61c2d6d2789a4af909f1dedf5b74a80fc,MONASH,-423,hadron_count,raw_count,count,0x1.2e3e240000000p+24,AVAILABLE,WITHHELD_UNCERTAINTY
95af2ad79bc27aba193ac9f4f14ce75cdc3de72320f5ec4fba09d97cab956d66,CLOSEPACKING,-423,hadron_count,raw_weighted_sum,weighted_count,0x1.0459fd0000000p+24,AVAILABLE,WITHHELD_UNCERTAINTY
0735ab4c14060a52d219d472c2c7cb072375cf8a311d1297163db096c5ce11fc,JUNCTIONS,-423,hadron_count,raw_weighted_sum,weighted_count,0x1.0878dc0000000p+24,AVAILABLE,WITHHELD_UNCERTAINTY
0c05a95e676f8c849eaff9fb799ad7a8fcb33a7887cb0f85e2646a854e413415,MONASH,-423,hadron_count,raw_weighted_sum,weighted_count,0x1.2e3e240000000p+24,AVAILABLE,WITHHELD_UNCERTAINTY
65b4f08cf4af56def66b82a6d355c3baecf523491e16a6ac1c3186201c0d2ac9,CLOSEPACKING,-4232,beauty_plus_antibeauty_constituent_count,raw_count,count,0x0.0p+0,AVAILABLE,WITHHELD_UNCERTAINTY
1e9f9d25b553e5d16f3367533fb651bbeab9153c2986e5ae9a4bcde070003a32,JUNCTIONS,-4232,beauty_plus_antibeauty_constituent_count,raw_count,count,0x0.0p+0,AVAILABLE,WITHHELD_UNCERTAINTY
8dac19ff4941dfad3152d98acf362dac875b53553a1ebd6c4a93301e46f73894,MONASH,-4232,beauty_plus_antibeauty_constituent_count,raw_count,count,0x0.0p+0,AVAILABLE,WITHHELD_UNCERTAINTY
276b3e845bfb811d7e033da19715c2df610658ca5380fd869b393af237124ede,CLOSEPACKING,-4232,beauty_plus_antibeauty_constituent_count,raw_weighted_sum,weighted_count,0x0.0p+0,AVAILABLE,WITHHELD_UNCERTAINTY
a173cae918dfc61518c39dce3e9bb208b75117d180253acaea8f4ef4a43744e6,JUNCTIONS,-4232,beauty_plus_antibeauty_constituent_count,raw_weighted_sum,weighted_count,0x0.0p+0,AVAILABLE,WITHHELD_UNCERTAINTY
180bcf5501ca9e01126ea4659ac6fa703605c41a904d50c148a6bd226d6f8fc4,MONASH,-4232,beauty_plus_antibeauty_constituent_count,raw_weighted_sum,weighted_count,0x0.0p+0,AVAILABLE,WITHHELD_UNCERTAINTY
4017d25040313a7c8b79c3806da82cb5b5ae5625151d6b8d80a3cd2613881826,CLOSEPACKING,-4232,charm_plus_anticharm_constituent_count,raw_count,count,0x1.35d0e00000000p+19,AVAILABLE,WITHHELD_UNCERTAINTY
dc530de00ea6831dc207d95a25460f0ce9d9bdca0531bb396d59521d2ded7fc0,JUNCTIONS,-4232,charm_plus_anticharm_constituent_count,raw_count,count,0x1.273fa00000000p+19,AVAILABLE,WITHHELD_UNCERTAINTY
a07841dccfd8715533bc809830cc54187c19e1024e6e5cef38fc05e9d59e06f9,MONASH,-4232,charm_plus_anticharm_constituent_count,raw_count,count,0x1.8adcc00000000p+18,AVAILABLE,WITHHELD_UNCERTAINTY
ab519600a16286caedb22ab8e7e86b6d6e2948ddecb07e8bf5fc7922aa51256a,CLOSEPACKING,-4232,charm_plus_anticharm_constituent_count,raw_weighted_sum,weighted_count,0x1.35d0e00000000p+19,AVAILABLE,WITHHELD_UNCERTAINTY
b82b51606c75eeae1ba51ef14c095335765573924325a13cf54fca6fa647025d,JUNCTIONS,-4232,charm_plus_anticharm_constituent_count,raw_weighted_sum,weighted_count,0x1.273fa00000000p+19,AVAILABLE,WITHHELD_UNCERTAINTY
efeee490a37ce273a51ed405663f99052187f0730ae65babb89f3a8c1d59af27,MONASH,-4232,charm_plus_anticharm_constituent_count,raw_weighted_sum,weighted_count,0x1.8adcc00000000p+18,AVAILABLE,WITHHELD_UNCERTAINTY
00d7533734784573c69c5dbc10953482ae06c3a9553869ffdc4761f7d40b43b2,CLOSEPACKING,-4232,hadron_count,normalized_yield,per_event,0x1.9fd3f0579669ep-8,AVAILABLE,AVAILABLE
5821b9c56c59a6e7cb04d04d0b85f2d400bc38ce5fdd4faf320c50459828ef93,JUNCTIONS,-4232,hadron_count,normalized_yield,per_event,0x1.8c469fcc8e8e8p-8,AVAILABLE,AVAILABLE
d774d95475f1333ad7b45b0ab876991dd615bf7bb6e72241e9ba424f3c009481,MONASH,-4232,hadron_count,normalized_yield,per_event,0x1.08fcd3d0a2197p-8,AVAILABLE,AVAILABLE
3922199954c0d81824900db590fd6473d306bf1edf50f3bc3cc43621e161e1ce,CLOSEPACKING,-4232,hadron_count,raw_count,count,0x1.35d0e00000000p+19,AVAILABLE,WITHHELD_UNCERTAINTY
16e50bb97492396fcb564e13d2f0a299a12b4ada6f4413b869e5fbad941f6000,JUNCTIONS,-4232,hadron_count,raw_count,count,0x1.273fa00000000p+19,AVAILABLE,WITHHELD_UNCERTAINTY
ce8f201ae912df731773ff21a403404d5ed00b9578cb5e5d641093597701b862,MONASH,-4232,hadron_count,raw_count,count,0x1.8adcc00000000p+18,AVAILABLE,WITHHELD_UNCERTAINTY
29f6d3224a35974c72a664745adabef99e13138186b756868e65d71a6e3564c9,CLOSEPACKING,-4232,hadron_count,raw_weighted_sum,weighted_count,0x1.35d0e00000000p+19,AVAILABLE,WITHHELD_UNCERTAINTY
aa0c7d7e768670f6b6fa9f79835cc0a5eaf7f0d5dd66b62b723abcf2bdc13d7f,JUNCTIONS,-4232,hadron_count,raw_weighted_sum,weighted_count,0x1.273fa00000000p+19,AVAILABLE,WITHHELD_UNCERTAINTY
e2e5be1dbb7f662ba1ad6fbe62583d5334f9269b230f2f5d3a0772f605469f82,MONASH,-4232,hadron_count,raw_weighted_sum,weighted_count,0x1.8adcc00000000p+18,AVAILABLE,WITHHELD_UNCERTAINTY
22fc7edcc8390d0fc5762b745c82a53619b7df006988081b69531a5312a8a152,CLOSEPACKING,-431,beauty_plus_antibeauty_constituent_count,raw_count,count,0x0.0p+0,AVAILABLE,WITHHELD_UNCERTAINTY
84bee66ef86ae199d4de37f6974fa729aba6efcad03ac8464df572ea580bdec3,JUNCTIONS,-431,beauty_plus_antibeauty_constituent_count,raw_count,count,0x0.0p+0,AVAILABLE,WITHHELD_UNCERTAINTY
2163df8670e9a418fe604365b06de53eb4f95aab6fb3c39bb70ebb8a56eec8e7,MONASH,-431,beauty_plus_antibeauty_constituent_count,raw_count,count,0x0.0p+0,AVAILABLE,WITHHELD_UNCERTAINTY
388d242059d55cd0f919b90afa264dc235c022a6d1f28886425085a2a2d299c0,CLOSEPACKING,-431,beauty_plus_antibeauty_constituent_count,raw_weighted_sum,weighted_count,0x0.0p+0,AVAILABLE,WITHHELD_UNCERTAINTY
f2420cfb487a09ed9bd1705340925f433195c0ece62786b8baf83511a278c057,JUNCTIONS,-431,beauty_plus_antibeauty_constituent_count,raw_weighted_sum,weighted_count,0x0.0p+0,AVAILABLE,WITHHELD_UNCERTAINTY
6ea65dcb9ad26180e02c656f63cb107efb8b16d9fee67d7dc26ddb0239a75ad1,MONASH,-431,beauty_plus_antibeauty_constituent_count,raw_weighted_sum,weighted_count,0x0.0p+0,AVAILABLE,WITHHELD_UNCERTAINTY
c04bd97bf0e28e8a3cc2ffcef69e5bbf75f4131ca335bac786dc3db9479d3859,CLOSEPACKING,-431,charm_plus_anticharm_constituent_count,raw_count,count,0x1.1eecd40000000p+22,AVAILABLE,WITHHELD_UNCERTAINTY
cd325c02a8a7a775de28f08b5fd6d90e75bce76305e929ab97f5f4394e01c748,JUNCTIONS,-431,charm_plus_anticharm_constituent_count,raw_count,count,0x1.efbfe00000000p+21,AVAILABLE,WITHHELD_UNCERTAINTY
15e7f5e8e1646e9c562d7e31eaab4665f3a911eb61af8d75c41993e778bee468,MONASH,-431,charm_plus_anticharm_constituent_count,raw_count,count,0x1.352f900000000p+22,AVAILABLE,WITHHELD_UNCERTAINTY
e4925a0c9d0cc61163079b73920978afd409eb9489c03829c04ede4aff3d7a6b,CLOSEPACKING,-431,charm_plus_anticharm_constituent_count,raw_weighted_sum,weighted_count,0x1.1eecd40000000p+22,AVAILABLE,WITHHELD_UNCERTAINTY
26460082ca5e5a970633d0b3ed533a749a0e5ef9337c973d15977f09e2e331cf,JUNCTIONS,-431,charm_plus_anticharm_constituent_count,raw_weighted_sum,weighted_count,0x1.efbfe00000000p+21,AVAILABLE,WITHHELD_UNCERTAINTY
f807da66197d7f9e8be3e6b65756fb93c1e2f7a823c5b15ecc9520db2ebb5839,MONASH,-431,charm_plus_anticharm_constituent_count,raw_weighted_sum,weighted_count,0x1.352f900000000p+22,AVAILABLE,WITHHELD_UNCERTAINTY
3368b6f695b684781323dfa1817ab74021661545e83d64461f08854d48a90a2b,CLOSEPACKING,-431,hadron_count,normalized_yield,per_event,0x1.811ab791514bap-5,AVAILABLE,AVAILABLE
81a7089659e56d3dd9d0dfdb477eb7abf3a2e492ff9abb027511279766c7db8d,JUNCTIONS,-431,hadron_count,normalized_yield,per_event,0x1.4cb11e1a9d3a4p-5,AVAILABLE,AVAILABLE
a7792c8373721f9df2b7634778d4e8deb445f9e10b2e1a773dd6ad28a1871771,MONASH,-431,hadron_count,normalized_yield,per_event,0x1.9efb6dca07f67p-5,AVAILABLE,AVAILABLE
d78af58cd9d0a861a8ed67abb4f86a8b882d5d4f13009fb8c9aa42b284aab856,CLOSEPACKING,-431,hadron_count,raw_count,count,0x1.1eecd40000000p+22,AVAILABLE,WITHHELD_UNCERTAINTY
b9e26a6f60d1a768ac5ff385786acfc61a16d515ec0308f663c642a04c5ec2cf,JUNCTIONS,-431,hadron_count,raw_count,count,0x1.efbfe00000000p+21,AVAILABLE,WITHHELD_UNCERTAINTY
3bae50844585f6a5bb3db0d81c1f7bbbc2116bbe7ee903c1b0063873ad9704f2,MONASH,-431,hadron_count,raw_count,count,0x1.352f900000000p+22,AVAILABLE,WITHHELD_UNCERTAINTY
6b6b956a3f7166c133913b23fe640b05737b9c2a387133e98807f3b7ab022ce4,CLOSEPACKING,-431,hadron_count,raw_weighted_sum,weighted_count,0x1.1eecd40000000p+22,AVAILABLE,WITHHELD_UNCERTAINTY
6cda1add4caecee453046f2b587084d8e11e8eaa996bccf52dfbe438ee4f559b,JUNCTIONS,-431,hadron_count,raw_weighted_sum,weighted_count,0x1.efbfe00000000p+21,AVAILABLE,WITHHELD_UNCERTAINTY
76861031f24eeaaf8f86ed6d37a2a74224bc3f967eb4918e6f1675e311065a54,MONASH,-431,hadron_count,raw_weighted_sum,weighted_count,0x1.352f900000000p+22,AVAILABLE,WITHHELD_UNCERTAINTY
fcf52f553cc37f9873a45424fbeddfee0a7f435f5109857db2365f32e85ffc2d,CLOSEPACKING,-4312,beauty_plus_antibeauty_constituent_count,raw_count,count,0x0.0p+0,AVAILABLE,WITHHELD_UNCERTAINTY
7e72a1e76bbc8b92322a785bf4b3084850b08b58ae41003901e18d0a71f272e0,JUNCTIONS,-4312,beauty_plus_antibeauty_constituent_count,raw_count,count,0x0.0p+0,AVAILABLE,WITHHELD_UNCERTAINTY
2167795630ab0bc775280c48ba9be766252c112459e07d679f92708e395eb1e7,MONASH,-4312,beauty_plus_antibeauty_constituent_count,raw_count,count,0x0.0p+0,AVAILABLE,WITHHELD_UNCERTAINTY
0e1d0b9a3e1b387fff01481f74504a733773ea253811af0dab92cb691068bef5,CLOSEPACKING,-4312,beauty_plus_antibeauty_constituent_count,raw_weighted_sum,weighted_count,0x0.0p+0,AVAILABLE,WITHHELD_UNCERTAINTY
6875f953ff263dd36596fe384397b71b7a1409f6d1ee9dcd5edb12325c01c7cb,JUNCTIONS,-4312,beauty_plus_antibeauty_constituent_count,raw_weighted_sum,weighted_count,0x0.0p+0,AVAILABLE,WITHHELD_UNCERTAINTY
1acab4ee17965049d34fbf52a153e586ae0095080bf5b60d15d44156c59eb5e3,MONASH,-4312,beauty_plus_antibeauty_constituent_count,raw_weighted_sum,weighted_count,0x0.0p+0,AVAILABLE,WITHHELD_UNCERTAINTY
867c107ef27c12a623400ff605923afa3b09cfbbd3d1f4dd37ba13574d4192af,CLOSEPACKING,-4312,charm_plus_anticharm_constituent_count,raw_count,count,0x1.1762000000000p+19,AVAILABLE,WITHHELD_UNCERTAINTY
b4ee8508bfb1b6399b519eebc990b2abd89af5f621852e6ccec5add5d1eba2d3,JUNCTIONS,-4312,charm_plus_anticharm_constituent_count,raw_count,count,0x1.7f60400000000p+19,AVAILABLE,WITHHELD_UNCERTAINTY
3051af8e78795201f33c32bc52e71427d848d583b46dd2e42a21d21e5a3101f7,MONASH,-4312,charm_plus_anticharm_constituent_count,raw_count,count,0x1.7de4000000000p+14,AVAILABLE,WITHHELD_UNCERTAINTY
1d6c60c77d03ba810100a951026e549409e70ac50cafa29837dee897452f8302,CLOSEPACKING,-4312,charm_plus_anticharm_constituent_count,raw_weighted_sum,weighted_count,0x1.1762000000000p+19,AVAILABLE,WITHHELD_UNCERTAINTY
16142d3b2fb59d52bb8732c9c6169d6eb27f280041ed02f54c0bb73ff45201ad,JUNCTIONS,-4312,charm_plus_anticharm_constituent_count,raw_weighted_sum,weighted_count,0x1.7f60400000000p+19,AVAILABLE,WITHHELD_UNCERTAINTY
e9eeda06facd5f1e4430fe60ac874e6852e0d2a8d391647f010ab18161883bb4,MONASH,-4312,charm_plus_anticharm_constituent_count,raw_weighted_sum,weighted_count,0x1.7de4000000000p+14,AVAILABLE,WITHHELD_UNCERTAINTY
5b7072492e0fd7698afe152978de27dedc3719adf255a556987b871dece5f19f,CLOSEPACKING,-4312,hadron_count,normalized_yield,per_event,0x1.76fb341357f69p-8,AVAILABLE,AVAILABLE
63a9e3e88fc5de9dd992c18a6b55c359adf84bb226e066c3cbfdcf7099abd13d,JUNCTIONS,-4312,hadron_count,normalized_yield,per_event,0x1.01477dc2f9646p-7,AVAILABLE,AVAILABLE
e7f103ab8d73b9aba2c2f18c976cec1eeeb58e4489ebc414fd0f2e2808ddb353,MONASH,-4312,hadron_count,normalized_yield,per_event,0x1.00484f4f1d9f8p-12,AVAILABLE,AVAILABLE
d75de061d5624e1b049e86b59ca8bc8a76d0470bea5d303ab01ccc646e571499,CLOSEPACKING,-4312,hadron_count,raw_count,count,0x1.1762000000000p+19,AVAILABLE,WITHHELD_UNCERTAINTY
261cb729e6e03256425ef944237d789d55ab31f00176ce743ef679b676ecf582,JUNCTIONS,-4312,hadron_count,raw_count,count,0x1.7f60400000000p+19,AVAILABLE,WITHHELD_UNCERTAINTY
d8017f9567c661a74a4bff8f4a7979fec2c1d23ca700981ed37adb9223574501,MONASH,-4312,hadron_count,raw_count,count,0x1.7de4000000000p+14,AVAILABLE,WITHHELD_UNCERTAINTY
2c897074b2ad204743b0414a149225b5da1a28674c21260b34898635bfc93709,CLOSEPACKING,-4312,hadron_count,raw_weighted_sum,weighted_count,0x1.1762000000000p+19,AVAILABLE,WITHHELD_UNCERTAINTY
4ecb10b78dac032fa20b1b50e3e25164264829fb15d849193f093bbccf8ef2b2,JUNCTIONS,-4312,hadron_count,raw_weighted_sum,weighted_count,0x1.7f60400000000p+19,AVAILABLE,WITHHELD_UNCERTAINTY
c08cd696b67ae03d1da3483040c6e4444baf26915261ba4554d813abe553c4df,MONASH,-4312,hadron_count,raw_weighted_sum,weighted_count,0x1.7de4000000000p+14,AVAILABLE,WITHHELD_UNCERTAINTY
2ff874b1a9f29aaf09d5de8c3b39c6a040795e277043fa06e50bd916fc271e2a,CLOSEPACKING,-4314,beauty_plus_antibeauty_constituent_count,raw_count,count,0x0.0p+0,AVAILABLE,WITHHELD_UNCERTAINTY
ad703657b3bed1d61707aabc22005ea00b0ade1cc8b1b22f89cab5450bbd3015,JUNCTIONS,-4314,beauty_plus_antibeauty_constituent_count,raw_count,count,0x0.0p+0,AVAILABLE,WITHHELD_UNCERTAINTY
8987aa63aa5c23dbdb6b0aff76060f2c2a7956195326898f7a4d7313a34330ad,MONASH,-4314,beauty_plus_antibeauty_constituent_count,raw_count,count,0x0.0p+0,AVAILABLE,WITHHELD_UNCERTAINTY
df0982a2b017f030b5bfc3f4795e60bc1c67e1e4f837320fe8868530a3975b8e,CLOSEPACKING,-4314,beauty_plus_antibeauty_constituent_count,raw_weighted_sum,weighted_count,0x0.0p+0,AVAILABLE,WITHHELD_UNCERTAINTY
649466d7709acab1eb398d369a573cf98049745227f5eb0d4c4e0481b33a9195,JUNCTIONS,-4314,beauty_plus_antibeauty_constituent_count,raw_weighted_sum,weighted_count,0x0.0p+0,AVAILABLE,WITHHELD_UNCERTAINTY
9c135bf9a7fa976aea3f6edac9149f98c5f982f7139e0ac9cd515fc59b2ad16c,MONASH,-4314,beauty_plus_antibeauty_constituent_count,raw_weighted_sum,weighted_count,0x0.0p+0,AVAILABLE,WITHHELD_UNCERTAINTY
76a6ec6c04a5618d23046c1e2477c417ec75a2b4db15893a6642491f97b047ce,CLOSEPACKING,-4314,charm_plus_anticharm_constituent_count,raw_count,count,0x1.06a9a00000000p+19,AVAILABLE,WITHHELD_UNCERTAINTY
d54b12b321bee813b231d2acbd82766fd1b99129d33541505e506506c2300027,JUNCTIONS,-4314,charm_plus_anticharm_constituent_count,raw_count,count,0x1.6e3d000000000p+16,AVAILABLE,WITHHELD_UNCERTAINTY
342f7b045e3c55e59be174e53a4459ebebe8ef321efa90960621c37346201b65,MONASH,-4314,charm_plus_anticharm_constituent_count,raw_count,count,0x1.7c26000000000p+15,AVAILABLE,WITHHELD_UNCERTAINTY
16e3b949b1b80ddea266ca9705b9adfc25e4e531b626b7b8c75319d5405928fb,CLOSEPACKING,-4314,charm_plus_anticharm_constituent_count,raw_weighted_sum,weighted_count,0x1.06a9a00000000p+19,AVAILABLE,WITHHELD_UNCERTAINTY
091eb50c30d565729393a071d95d45dd55b468df68cc1dab4b17e4f551434b7f,JUNCTIONS,-4314,charm_plus_anticharm_constituent_count,raw_weighted_sum,weighted_count,0x1.6e3d000000000p+16,AVAILABLE,WITHHELD_UNCERTAINTY
a453fd195657c3ff65a9482bbaf3c9a63b17ab0b013ddd203fcfe0aef035a96a,MONASH,-4314,charm_plus_anticharm_constituent_count,raw_weighted_sum,weighted_count,0x1.7c26000000000p+15,AVAILABLE,WITHHELD_UNCERTAINTY
901dc39e28cb697044d94dfa9c8b289c779cffa915ed7febc671cb75c442e30c,CLOSEPACKING,-4314,hadron_count,normalized_yield,per_event,0x1.608a2e6ca4eeep-8,AVAILABLE,AVAILABLE
1fb8a60ea6dc6558898b78558171051652717ae94d4bf7e92a325d189f4b30d9,JUNCTIONS,-4314,hadron_count,normalized_yield,per_event,0x1.eb8e83e6d4e0cp-11,AVAILABLE,AVAILABLE
1783295ed9065631617e15d8d9474b06ae49f6f1e19ea2a79d910c387b71dc6a,MONASH,-4314,hadron_count,normalized_yield,per_event,0x1.fe3a022f5a35bp-12,AVAILABLE,AVAILABLE
a4f69b9130004d4bec25184f1a9a0ac00fe82af5f6845dfdaab4df9482eca6ee,CLOSEPACKING,-4314,hadron_count,raw_count,count,0x1.06a9a00000000p+19,AVAILABLE,WITHHELD_UNCERTAINTY
0b933d9507cdfce6c022924b58955164b7a72d160f6a1d82c84cabe32f60ad18,JUNCTIONS,-4314,hadron_count,raw_count,count,0x1.6e3d000000000p+16,AVAILABLE,WITHHELD_UNCERTAINTY
198a2b24a4f46bbf133eba43347f6d66a6ce83b3224ed2fb6fa48599cd8ea390,MONASH,-4314,hadron_count,raw_count,count,0x1.7c26000000000p+15,AVAILABLE,WITHHELD_UNCERTAINTY
6113b54c96bc93ad181e3e1ee527f28b42b780591e3218b01e53ebe728aa7b14,CLOSEPACKING,-4314,hadron_count,raw_weighted_sum,weighted_count,0x1.06a9a00000000p+19,AVAILABLE,WITHHELD_UNCERTAINTY
a3578786ec8f8b8834f25a29049935c75de6b8193335279965f55f0e3ebdd226,JUNCTIONS,-4314,hadron_count,raw_weighted_sum,weighted_count,0x1.6e3d000000000p+16,AVAILABLE,WITHHELD_UNCERTAINTY
6acec04f0b0b76cbb6300bc6f993dcd8fc8457d82eb9217f1414bc73b7cd8520,MONASH,-4314,hadron_count,raw_weighted_sum,weighted_count,0x1.7c26000000000p+15,AVAILABLE,WITHHELD_UNCERTAINTY
ed4fe83c1887680d680cddb3a0a05476b63383905deaee32f27af92ca3e95d4a,CLOSEPACKING,-4322,beauty_plus_antibeauty_constituent_count,raw_count,count,0x0.0p+0,AVAILABLE,WITHHELD_UNCERTAINTY
2ce345dc28d1b5c1679f2f0b5aaa4bc8f5d0622b5fa18c81d1a3d0c471bcea82,JUNCTIONS,-4322,beauty_plus_antibeauty_constituent_count,raw_count,count,0x0.0p+0,AVAILABLE,WITHHELD_UNCERTAINTY
0c353a03977697ea3473c918f234a1dd0abf24604fa708a6ec8e3298b48da5f8,MONASH,-4322,beauty_plus_antibeauty_constituent_count,raw_count,count,0x0.0p+0,AVAILABLE,WITHHELD_UNCERTAINTY
c8cdbabbc1daccdf9adc74ad52f911b536a22f2b99750c03678d1ffd8fe12ce5,CLOSEPACKING,-4322,beauty_plus_antibeauty_constituent_count,raw_weighted_sum,weighted_count,0x0.0p+0,AVAILABLE,WITHHELD_UNCERTAINTY
187ffb1a213a29b91993dbad65b11a9a4460ef8c4930d353ea4e470c744679b2,JUNCTIONS,-4322,beauty_plus_antibeauty_constituent_count,raw_weighted_sum,weighted_count,0x0.0p+0,AVAILABLE,WITHHELD_UNCERTAINTY
d9793474f38d6937f63d662a77195cdf204cf7d7d25720f5c710037038259c03,MONASH,-4322,beauty_plus_antibeauty_constituent_count,raw_weighted_sum,weighted_count,0x0.0p+0,AVAILABLE,WITHHELD_UNCERTAINTY
74f338d007847be66bfa044fa0d5b524976a1b3944831a1339fa6a17bdb600ba,CLOSEPACKING,-4322,charm_plus_anticharm_constituent_count,raw_count,count,0x1.180a000000000p+19,AVAILABLE,WITHHELD_UNCERTAINTY
e9e551208d12a7dd1929c5824ade4c87420411519052c83357fb9d3a98af0ab4,JUNCTIONS,-4322,charm_plus_anticharm_constituent_count,raw_count,count,0x1.7f45600000000p+19,AVAILABLE,WITHHELD_UNCERTAINTY
0f9242aac4aacf00063a8c346e1b42777532fdd7c64c2bf8061539c2dbb0299e,MONASH,-4322,charm_plus_anticharm_constituent_count,raw_count,count,0x1.8004000000000p+14,AVAILABLE,WITHHELD_UNCERTAINTY
7f43885b21f355b9f1a0cebb35ea8903ebac62be5c11f4d9ff70589740dc1b61,CLOSEPACKING,-4322,charm_plus_anticharm_constituent_count,raw_weighted_sum,weighted_count,0x1.180a000000000p+19,AVAILABLE,WITHHELD_UNCERTAINTY
9bd9554c49e327406010c1e8acade3e2197c0a460baf72ae784275dafb4a5167,JUNCTIONS,-4322,charm_plus_anticharm_constituent_count,raw_weighted_sum,weighted_count,0x1.7f45600000000p+19,AVAILABLE,WITHHELD_UNCERTAINTY
cf6de8f1c4cee6effc519dd82224c2bb5efb128fcc998562ccd194bc8aa19993,MONASH,-4322,charm_plus_anticharm_constituent_count,raw_weighted_sum,weighted_count,0x1.8004000000000p+14,AVAILABLE,WITHHELD_UNCERTAINTY
d1f399d17af91d0349f7babb768379db6a2629b6d866d8645e8c3a70271b1dbb,CLOSEPACKING,-4322,hadron_count,normalized_yield,per_event,0x1.77dcb06f9ef45p-8,AVAILABLE,AVAILABLE
bc442b4a51677e2fe0afd691c23d213683e8b727f2ba915a1ddb2bb754385f7c,JUNCTIONS,-4322,hadron_count,normalized_yield,per_event,0x1.013574abf96d9p-7,AVAILABLE,AVAILABLE
fd10c3b4a459897cb3c64d12e05a0d3aae4da3568387bbf3b0984fe26426539d,MONASH,-4322,hadron_count,normalized_yield,per_event,0x1.01b561cc22d8dp-12,AVAILABLE,AVAILABLE
be67847e7aa0011099b96587f5e16f5f4364b6c3243da878716d5abd77ad76cd,CLOSEPACKING,-4322,hadron_count,raw_count,count,0x1.180a000000000p+19,AVAILABLE,WITHHELD_UNCERTAINTY
990626b177a625f8b4417e3c1464b511701bef64335f0443988cd262817e641e,JUNCTIONS,-4322,hadron_count,raw_count,count,0x1.7f45600000000p+19,AVAILABLE,WITHHELD_UNCERTAINTY
54b70a9538bf4f1a5f8af0a0ec80b24604eb0be63c0687e6f4ccf4f070dac694,MONASH,-4322,hadron_count,raw_count,count,0x1.8004000000000p+14,AVAILABLE,WITHHELD_UNCERTAINTY
2b10e5e85bb7ed8884e6aa20915550a63709734d3b58c5a7865e7928e9f87380,CLOSEPACKING,-4322,hadron_count,raw_weighted_sum,weighted_count,0x1.180a000000000p+19,AVAILABLE,WITHHELD_UNCERTAINTY
a0e17c7340e1ff38922b0fe1ce52fcb8a12713f1d6d2ecd6b1c05bc2a7f59581,JUNCTIONS,-4322,hadron_count,raw_weighted_sum,weighted_count,0x1.7f45600000000p+19,AVAILABLE,WITHHELD_UNCERTAINTY
aa1bf3edf5a474957e5ac9bb350647af68e52d0f425e7814daa10fd7af6d48c2,MONASH,-4322,hadron_count,raw_weighted_sum,weighted_count,0x1.8004000000000p+14,AVAILABLE,WITHHELD_UNCERTAINTY
b24e533a6e9d3c51f8d559c1ed846404861da46f40498b090bd35e948d50fd25,CLOSEPACKING,-4324,beauty_plus_antibeauty_constituent_count,raw_count,count,0x0.0p+0,AVAILABLE,WITHHELD_UNCERTAINTY
8b73163c9d8e3800c207a569f0bf638539c3030be7d064c8ce57ef8600a4b024,JUNCTIONS,-4324,beauty_plus_antibeauty_constituent_count,raw_count,count,0x0.0p+0,AVAILABLE,WITHHELD_UNCERTAINTY
43282867577063d6eb49922dd1e91f88fa76b6094e3d2388b498aa78855e8cd4,MONASH,-4324,beauty_plus_antibeauty_constituent_count,raw_count,count,0x0.0p+0,AVAILABLE,WITHHELD_UNCERTAINTY
c8cb91430af16a908e061d6c665a956ca10475d19705c26eeecbd0d17cd2e8e8,CLOSEPACKING,-4324,beauty_plus_antibeauty_constituent_count,raw_weighted_sum,weighted_count,0x0.0p+0,AVAILABLE,WITHHELD_UNCERTAINTY
58effc457c50cef6cec550b4193d1cdb9b99117f95da8910e0009c6ca54dcf77,JUNCTIONS,-4324,beauty_plus_antibeauty_constituent_count,raw_weighted_sum,weighted_count,0x0.0p+0,AVAILABLE,WITHHELD_UNCERTAINTY
4475c162eaef84b63be7decacf3b14952f34882dd23124deb1eea034554c246c,MONASH,-4324,beauty_plus_antibeauty_constituent_count,raw_weighted_sum,weighted_count,0x0.0p+0,AVAILABLE,WITHHELD_UNCERTAINTY
5eb55902be1ebe32a2191b83560fc46dfab90a89f0ce85aa25061dfb84b2c9e7,CLOSEPACKING,-4324,charm_plus_anticharm_constituent_count,raw_count,count,0x1.0756400000000p+19,AVAILABLE,WITHHELD_UNCERTAINTY
3924a6dbb2ed0b49dcaacd8b75594a61cc04045fbbf0636eee98e5b3f34c6d86,JUNCTIONS,-4324,charm_plus_anticharm_constituent_count,raw_count,count,0x1.6fbf000000000p+16,AVAILABLE,WITHHELD_UNCERTAINTY
f6f1d40cc2a9fdddda34ee1f782e1a897e511f134a625d829310e6babd3d0b56,MONASH,-4324,charm_plus_anticharm_constituent_count,raw_count,count,0x1.7c6c000000000p+15,AVAILABLE,WITHHELD_UNCERTAINTY
46b20374a22883526f46b105990559a7673e1f16eabf39a7cc325a193d246fe2,CLOSEPACKING,-4324,charm_plus_anticharm_constituent_count,raw_weighted_sum,weighted_count,0x1.0756400000000p+19,AVAILABLE,WITHHELD_UNCERTAINTY
418bc726ab004808b977ca082571d5df49f038a9fa3a3212a995c212ec0ecc11,JUNCTIONS,-4324,charm_plus_anticharm_constituent_count,raw_weighted_sum,weighted_count,0x1.6fbf000000000p+16,AVAILABLE,WITHHELD_UNCERTAINTY
ed79cb00aecaea40ea1afd784117af9fb81f59a30eac49ce3ffc3596e894ef39,MONASH,-4324,charm_plus_anticharm_constituent_count,raw_weighted_sum,weighted_count,0x1.7c6c000000000p+15,AVAILABLE,WITHHELD_UNCERTAINTY
ae925d76367b9473fcfc616649d322a0ca49a6a16b5119ebf68f01e094fd354c,CLOSEPACKING,-4324,hadron_count,normalized_yield,per_event,0x1.6171dfec394ebp-8,AVAILABLE,AVAILABLE
bb6a1b586ba381de58b5c69a4d0537c95959784af6888667a1da1b5ab6e667d7,JUNCTIONS,-4324,hadron_count,normalized_yield,per_event,0x1.ed94987de5b40p-11,AVAILABLE,AVAILABLE
a1c05349f31a8d1319c6e571911f6a4be61a67b79192a8e43e76d1bc53294200,MONASH,-4324,hadron_count,normalized_yield,per_event,0x1.fe97f60077ca1p-12,AVAILABLE,AVAILABLE
9e7ff1ed6907011a1a0562a7c5a489554bfc8da9b0eb1c5be8059920f3253ea0,CLOSEPACKING,-4324,hadron_count,raw_count,count,0x1.0756400000000p+19,AVAILABLE,WITHHELD_UNCERTAINTY
f94ca146be9eaab52af66c4f33a6928356a02f7d49a8396c26c48accf5a5f6ae,JUNCTIONS,-4324,hadron_count,raw_count,count,0x1.6fbf000000000p+16,AVAILABLE,WITHHELD_UNCERTAINTY
421bc82e214d68c3dee205a90820b5b9e61d0826a37d12c81da7e14a5dc196e8,MONASH,-4324,hadron_count,raw_count,count,0x1.7c6c000000000p+15,AVAILABLE,WITHHELD_UNCERTAINTY
72d2726665f484462dea7a8b0d714befafe9634333b0b9f03296a50cd68cd08a,CLOSEPACKING,-4324,hadron_count,raw_weighted_sum,weighted_count,0x1.0756400000000p+19,AVAILABLE,WITHHELD_UNCERTAINTY
20d91656a8ce92734e59917238671654e1f9a79db6ddbd7465b50b975d7de198,JUNCTIONS,-4324,hadron_count,raw_weighted_sum,weighted_count,0x1.6fbf000000000p+16,AVAILABLE,WITHHELD_UNCERTAINTY
c3c6dfe5aa7dc596e3b791aabbcae4efcc0e81f81b12e7769155d6594f00718d,MONASH,-4324,hadron_count,raw_weighted_sum,weighted_count,0x1.7c6c000000000p+15,AVAILABLE,WITHHELD_UNCERTAINTY
5c29d8d5c8c45dc17745ee97bd95cb17e9c70a13a88891719bdf5e72b4bc626b,CLOSEPACKING,-433,beauty_plus_antibeauty_constituent_count,raw_count,count,0x0.0p+0,AVAILABLE,WITHHELD_UNCERTAINTY
73b8efa77b4d8179c36080fc940034ffecf00557e39e0b7050e584a8e822b802,JUNCTIONS,-433,beauty_plus_antibeauty_constituent_count,raw_count,count,0x0.0p+0,AVAILABLE,WITHHELD_UNCERTAINTY
ffbdcf3b89e622046600a94904cb46dd48b674201676b697bf467befdd22b5b6,MONASH,-433,beauty_plus_antibeauty_constituent_count,raw_count,count,0x0.0p+0,AVAILABLE,WITHHELD_UNCERTAINTY
d648af80c52d3762620731d454d664bff5d6c61930f531a1bcdf0bb576ca2d18,CLOSEPACKING,-433,beauty_plus_antibeauty_constituent_count,raw_weighted_sum,weighted_count,0x0.0p+0,AVAILABLE,WITHHELD_UNCERTAINTY
9a2c71ae6c65af0a1d9c0993c912a1e15dd17ad786c8b4ae90aaaf6b58315f45,JUNCTIONS,-433,beauty_plus_antibeauty_constituent_count,raw_weighted_sum,weighted_count,0x0.0p+0,AVAILABLE,WITHHELD_UNCERTAINTY
9e329f148e53e98a5e2904d34e63ca5eca542f5def000904e0da16d58fdf2dbc,MONASH,-433,beauty_plus_antibeauty_constituent_count,raw_weighted_sum,weighted_count,0x0.0p+0,AVAILABLE,WITHHELD_UNCERTAINTY
e73d9324ef5a4aba2153f756154b0942c6494acbafaf4aade93f4e35861a4fb7,CLOSEPACKING,-433,charm_plus_anticharm_constituent_count,raw_count,count,0x1.e3a2400000000p+21,AVAILABLE,WITHHELD_UNCERTAINTY
7fb276884e67e20ef8edaef44e1e8f2a232b0d8c84f5464ec8b572eaec5b52cf,JUNCTIONS,-433,charm_plus_anticharm_constituent_count,raw_count,count,0x1.a5c8900000000p+21,AVAILABLE,WITHHELD_UNCERTAINTY
8f621e71040979bb95584290963205b6f5b3ff3e63c99976c83aa4896946a665,MONASH,-433,charm_plus_anticharm_constituent_count,raw_count,count,0x1.0bb9e80000000p+22,AVAILABLE,WITHHELD_UNCERTAINTY
83da2584567d321fe15cbfa431028ac310feece255d437aa63b395508dae16c7,CLOSEPACKING,-433,charm_plus_anticharm_constituent_count,raw_weighted_sum,weighted_count,0x1.e3a2400000000p+21,AVAILABLE,WITHHELD_UNCERTAINTY
7be3c28fe2b462fdadbe4a4fd9075ab7536bc4d19192b1b15fd63e8b06d87699,JUNCTIONS,-433,charm_plus_anticharm_constituent_count,raw_weighted_sum,weighted_count,0x1.a5c8900000000p+21,AVAILABLE,WITHHELD_UNCERTAINTY
5a248311901be6c63c1f03a9732f8e37776f61a27676d26e6c5d0b4d906a88d5,MONASH,-433,charm_plus_anticharm_constituent_count,raw_weighted_sum,weighted_count,0x1.0bb9e80000000p+22,AVAILABLE,WITHHELD_UNCERTAINTY
342543ed71b76448b05f2875a19e745934cd4e35637330eaf85ff8d17edd856a,CLOSEPACKING,-433,hadron_count,normalized_yield,per_event,0x1.448fa6fc839ebp-5,AVAILABLE,AVAILABLE
f063fb0b0afd60d191120681036ebb4b24fafa72d6305fec9414f2074f52b008,JUNCTIONS,-433,hadron_count,normalized_yield,per_event,0x1.1b0dd82fd75e2p-5,AVAILABLE,AVAILABLE
6e9ef3ffc32febbe811b2685a6449730e4c1238a7fea8af49d9e5b767f583bea,MONASH,-433,hadron_count,normalized_yield,per_event,0x1.6756054539452p-5,AVAILABLE,AVAILABLE
b960603d8009cd84bb296ac3265775aceec27cfa0a34152e1f359f9b05d319b2,CLOSEPACKING,-433,hadron_count,raw_count,count,0x1.e3a2400000000p+21,AVAILABLE,WITHHELD_UNCERTAINTY
03dda54e3595404a05bf4f3e91316bbf5eef74eb0ef430e2c471163f2ed999ed,JUNCTIONS,-433,hadron_count,raw_count,count,0x1.a5c8900000000p+21,AVAILABLE,WITHHELD_UNCERTAINTY
9900b47886ce1bee51b6a745277c1a411cf2fa10cccd9c033843f90d4372517d,MONASH,-433,hadron_count,raw_count,count,0x1.0bb9e80000000p+22,AVAILABLE,WITHHELD_UNCERTAINTY
dd668c431d5b64a63e9e3f9780852321abaec3882a26d643d407242c3edcd729,CLOSEPACKING,-433,hadron_count,raw_weighted_sum,weighted_count,0x1.e3a2400000000p+21,AVAILABLE,WITHHELD_UNCERTAINTY
32c5d7d030c0bdf4f24e9110b572562762deb741c083def31b0955f88749a9e9,JUNCTIONS,-433,hadron_count,raw_weighted_sum,weighted_count,0x1.a5c8900000000p+21,AVAILABLE,WITHHELD_UNCERTAINTY
e5093885065d3370f1b1a081ec0075e40991eea31df3983830f0dd3cb449993b,MONASH,-433,hadron_count,raw_weighted_sum,weighted_count,0x1.0bb9e80000000p+22,AVAILABLE,WITHHELD_UNCERTAINTY
ceffdce9ace72c11f439635ffae90214068dca3d70009fdf3fbaf05f7baead31,CLOSEPACKING,-4332,beauty_plus_antibeauty_constituent_count,raw_count,count,0x0.0p+0,AVAILABLE,WITHHELD_UNCERTAINTY
d50ab6fbd1cb1e76d0cfbd7a081e6f494511bf07768ffa537fde35233e81f328,JUNCTIONS,-4332,beauty_plus_antibeauty_constituent_count,raw_count,count,0x0.0p+0,AVAILABLE,WITHHELD_UNCERTAINTY
04f593b73584b4823376703820dd257e40c24eb2dc7e1b9cb33f8d61c733050d,MONASH,-4332,beauty_plus_antibeauty_constituent_count,raw_count,count,0x0.0p+0,AVAILABLE,WITHHELD_UNCERTAINTY
92cac8b726e230f8284d2849f6c68ece1a3eddc8d8d34570b3db704fa7e3ee7b,CLOSEPACKING,-4332,beauty_plus_antibeauty_constituent_count,raw_weighted_sum,weighted_count,0x0.0p+0,AVAILABLE,WITHHELD_UNCERTAINTY
586b7b830a69d96c5d077866349ceb6a8ba71680fcc3588ca6944fee3ae9b446,JUNCTIONS,-4332,beauty_plus_antibeauty_constituent_count,raw_weighted_sum,weighted_count,0x0.0p+0,AVAILABLE,WITHHELD_UNCERTAINTY
da0eb3f623e79ddf87d39aba5eb1c782ba7ca7d873390a87929bef0ba431d553,MONASH,-4332,beauty_plus_antibeauty_constituent_count,raw_weighted_sum,weighted_count,0x0.0p+0,AVAILABLE,WITHHELD_UNCERTAINTY
9e83a1fa21bf177df2da8efcd56c20a58371d342f04658ab851841c8f69896eb,CLOSEPACKING,-4332,charm_plus_anticharm_constituent_count,raw_count,count,0x1.4870800000000p+17,AVAILABLE,WITHHELD_UNCERTAINTY
d4885b973e3ef0fa3089bebf821a45d2742d4996ca4fe83ccf59501fee71e552,JUNCTIONS,-4332,charm_plus_anticharm_constituent_count,raw_count,count,0x1.3cc4800000000p+17,AVAILABLE,WITHHELD_UNCERTAINTY
0166f4fe3779d11094b9350131f92a505bb7f4001e7af30e6e7d09dce8dee52d,MONASH,-4332,charm_plus_anticharm_constituent_count,raw_count,count,0x1.de80000000000p+11,AVAILABLE,WITHHELD_UNCERTAINTY
17e227d268a8b486d553f737300462f9b7e571639d52c2952e1d42a530bbc72b,CLOSEPACKING,-4332,charm_plus_anticharm_constituent_count,raw_weighted_sum,weighted_count,0x1.4870800000000p+17,AVAILABLE,WITHHELD_UNCERTAINTY
1b7f7ce756293ee7931b6e750a3f4c28b8559ab4151c675eea9a7e6006b25f96,JUNCTIONS,-4332,charm_plus_anticharm_constituent_count,raw_weighted_sum,weighted_count,0x1.3cc4800000000p+17,AVAILABLE,WITHHELD_UNCERTAINTY
07d183353d81c29cc5b8e4c4ffba23459230dcd6f982694bdb28140f4c1c9e90,MONASH,-4332,charm_plus_anticharm_constituent_count,raw_weighted_sum,weighted_count,0x1.de80000000000p+11,AVAILABLE,WITHHELD_UNCERTAINTY
2e050cee21000b1961b32d33f1662708505812650a9f0a5bc9b3b8a3b31cdb22,CLOSEPACKING,-4332,hadron_count,normalized_yield,per_event,0x1.b8d2efd189a00p-10,AVAILABLE,AVAILABLE
654b5a88344980278c38fd2678802314f6c1c86e941160dacc2d9e0ba7a4020c,JUNCTIONS,-4332,hadron_count,normalized_yield,per_event,0x1.a92882d608b5bp-10,AVAILABLE,AVAILABLE
8a4e144a3a24aaa325849c3521bd2218ee236a0a462d31b197b80618fb5b8946,MONASH,-4332,hadron_count,normalized_yield,per_event,0x1.411dac8e3df0dp-15,AVAILABLE,AVAILABLE
7362574506d210ad93db22d0d9e31c73e53c249e4cbb71b1ef7aca9e85ba01ff,CLOSEPACKING,-4332,hadron_count,raw_count,count,0x1.4870800000000p+17,AVAILABLE,WITHHELD_UNCERTAINTY
b4713b86875c78d176c5613c183df958e1ad8b53b1f820c362a589b904a1e17c,JUNCTIONS,-4332,hadron_count,raw_count,count,0x1.3cc4800000000p+17,AVAILABLE,WITHHELD_UNCERTAINTY
13856cc253ca9e0124b7d715da43a6057818df92e3cc7d9fb7ae60f4d7dfa273,MONASH,-4332,hadron_count,raw_count,count,0x1.de80000000000p+11,AVAILABLE,WITHHELD_UNCERTAINTY
88d204c55f7853729c062af30e4a6976c24da0f030815805f2e8c2102d806b4d,CLOSEPACKING,-4332,hadron_count,raw_weighted_sum,weighted_count,0x1.4870800000000p+17,AVAILABLE,WITHHELD_UNCERTAINTY
f14652cb68ee94e42abe07fb99339e8482b5cec26d2fd20b6bb1f9fd796a47f7,JUNCTIONS,-4332,hadron_count,raw_weighted_sum,weighted_count,0x1.3cc4800000000p+17,AVAILABLE,WITHHELD_UNCERTAINTY
b9a1188ab270a23ba4ab5b669df029fc205139ff71dcce7dd32a206256484c4e,MONASH,-4332,hadron_count,raw_weighted_sum,weighted_count,0x1.de80000000000p+11,AVAILABLE,WITHHELD_UNCERTAINTY
4657ca08b7632d2d3e3e9fea9c9e469d59307e4f6d60591c6f6b3b1af7e5c51c,CLOSEPACKING,-4334,beauty_plus_antibeauty_constituent_count,raw_count,count,0x0.0p+0,AVAILABLE,WITHHELD_UNCERTAINTY
bfdc6248e71f22b3d22150b5a08f8d48d82af775ed93dc299d5bb06a949b7b29,JUNCTIONS,-4334,beauty_plus_antibeauty_constituent_count,raw_count,count,0x0.0p+0,AVAILABLE,WITHHELD_UNCERTAINTY
732f991df057b43855b1e63446fec0a27749a126c76e603613e5d02ba9af73f9,MONASH,-4334,beauty_plus_antibeauty_constituent_count,raw_count,count,0x0.0p+0,AVAILABLE,WITHHELD_UNCERTAINTY
d97313220fd1a189b53f1661d5f02c9110fde32465457400e635b02e2ccc7cfb,CLOSEPACKING,-4334,beauty_plus_antibeauty_constituent_count,raw_weighted_sum,weighted_count,0x0.0p+0,AVAILABLE,WITHHELD_UNCERTAINTY
f4c13ad11ecd66e2ce292a3607d125d53d0f885bc3545d51e8e5541a4c032508,JUNCTIONS,-4334,beauty_plus_antibeauty_constituent_count,raw_weighted_sum,weighted_count,0x0.0p+0,AVAILABLE,WITHHELD_UNCERTAINTY
5bec8775f92b69c37659d74788a3d92279821fea2e8d06fab89813aeeecb8a83,MONASH,-4334,beauty_plus_antibeauty_constituent_count,raw_weighted_sum,weighted_count,0x0.0p+0,AVAILABLE,WITHHELD_UNCERTAINTY
a1289f2799bb5f9b8280032e20b1ac9db77a244fb828d7bbe9d4c9a74db73432,CLOSEPACKING,-4334,charm_plus_anticharm_constituent_count,raw_count,count,0x1.3597000000000p+17,AVAILABLE,WITHHELD_UNCERTAINTY
2f8b7bbb45f9b00751064b9e1eb1dcc871b61d0d80006ccc44a03cbac7f277a0,JUNCTIONS,-4334,charm_plus_anticharm_constituent_count,raw_count,count,0x1.279c000000000p+14,AVAILABLE,WITHHELD_UNCERTAINTY
22e02b8ec1ea56f87591407603737eb7b57781d3e75c850dd5efc0a485e22ffa,MONASH,-4334,charm_plus_anticharm_constituent_count,raw_count,count,0x1.e0b0000000000p+12,AVAILABLE,WITHHELD_UNCERTAINTY
7af6a59af37a76c9e86ad1d53ba49240643e8a54f6cb69842ea5040125e2ee0e,CLOSEPACKING,-4334,charm_plus_anticharm_constituent_count,raw_weighted_sum,weighted_count,0x1.3597000000000p+17,AVAILABLE,WITHHELD_UNCERTAINTY
fcd0f519b14b9413620918fb34097f75c100e16c2481d19352498e7e94874d25,JUNCTIONS,-4334,charm_plus_anticharm_constituent_count,raw_weighted_sum,weighted_count,0x1.279c000000000p+14,AVAILABLE,WITHHELD_UNCERTAINTY
ba973146325c15fc7c40389e70d2f5f32236e01474b5d21e1aed97dc5bf88eff,MONASH,-4334,charm_plus_anticharm_constituent_count,raw_weighted_sum,weighted_count,0x1.e0b0000000000p+12,AVAILABLE,WITHHELD_UNCERTAINTY
5a30c73aefbd4e461d59348bab5e21ba486c0ebca2b84e7c90b9ccb0049845d6,CLOSEPACKING,-4334,hadron_count,normalized_yield,per_event,0x1.9f8642a4c03e5p-10,AVAILABLE,AVAILABLE
a032b6a4ddcbf97ba12d406f12fefcbb2105143e522478b6b15587c592451b34,JUNCTIONS,-4334,hadron_count,normalized_yield,per_event,0x1.8cc29b9b7c72cp-13,AVAILABLE,AVAILABLE
407a2fcb3999df9f468f7f6a2b0468edb037a5d33cb0f38efa84e76dc9913203,MONASH,-4334,hadron_count,normalized_yield,per_event,0x1.42957bd2b4426p-14,AVAILABLE,AVAILABLE
b1f035fbaf1310e0096506286f8e2829a6289f84deae862ab47d7b1ffece1bb9,CLOSEPACKING,-4334,hadron_count,raw_count,count,0x1.3597000000000p+17,AVAILABLE,WITHHELD_UNCERTAINTY
34bc1ac19058cda59afe105474153fcb75e278f08c6bbe50646cf98c29b2794a,JUNCTIONS,-4334,hadron_count,raw_count,count,0x1.279c000000000p+14,AVAILABLE,WITHHELD_UNCERTAINTY
391079b249ee06af07bc07381793abe1b9015c95931e2ad2bd1d763491063341,MONASH,-4334,hadron_count,raw_count,count,0x1.e0b0000000000p+12,AVAILABLE,WITHHELD_UNCERTAINTY
55415c8822a81fce45344af096c8def499ab5229cf3d0d2a135c6b90c4221b97,CLOSEPACKING,-4334,hadron_count,raw_weighted_sum,weighted_count,0x1.3597000000000p+17,AVAILABLE,WITHHELD_UNCERTAINTY
1d2aae5a5bb663b162bc8a00be829b69145dc88455929b31b7347d689c98d612,JUNCTIONS,-4334,hadron_count,raw_weighted_sum,weighted_count,0x1.279c000000000p+14,AVAILABLE,WITHHELD_UNCERTAINTY
3fa41e8bbd6ffc34fb514bc1a760b0244acd5a39b9ccf5079f73adff08cec2bd,MONASH,-4334,hadron_count,raw_weighted_sum,weighted_count,0x1.e0b0000000000p+12,AVAILABLE,WITHHELD_UNCERTAINTY
e28bac270754155e224ae5e09b983135b829aaad897feac33b6a00de53167875,CLOSEPACKING,-4412,beauty_plus_antibeauty_constituent_count,raw_count,count,0x0.0p+0,AVAILABLE,WITHHELD_UNCERTAINTY
54f9b8bf8fc7afdb5bf4d0acfccbd5c27ea06eea39ed361271bf70811ab1c2ad,JUNCTIONS,-4412,beauty_plus_antibeauty_constituent_count,raw_count,count,0x0.0p+0,AVAILABLE,WITHHELD_UNCERTAINTY
0c44cb412ed7a90bdb242276ca8a1e2295712b29de0a20ccbc7c75cc502f3b9b,MONASH,-4412,beauty_plus_antibeauty_constituent_count,raw_count,count,0x0.0p+0,AVAILABLE,WITHHELD_UNCERTAINTY
3d3e4d1187362206c158b5c1f16aa88b5c02c0c76cf5b7aa65a72c38c5075c00,CLOSEPACKING,-4412,beauty_plus_antibeauty_constituent_count,raw_weighted_sum,weighted_count,0x0.0p+0,AVAILABLE,WITHHELD_UNCERTAINTY
a744a8bfa70c7cae99f0776e557b5cd0af751b4bdd419e05eba399284ec8cc1f,JUNCTIONS,-4412,beauty_plus_antibeauty_constituent_count,raw_weighted_sum,weighted_count,0x0.0p+0,AVAILABLE,WITHHELD_UNCERTAINTY
ce7cc98446ea49a05db33e744d66962cc921e4d039b29d58d489a07bf99cd890,MONASH,-4412,beauty_plus_antibeauty_constituent_count,raw_weighted_sum,weighted_count,0x0.0p+0,AVAILABLE,WITHHELD_UNCERTAINTY
201aa23647bbf4ef6c3a57dd0d7c080942cf14fcb1ac8d472cb7c3d1bb4df668,CLOSEPACKING,-4412,charm_plus_anticharm_constituent_count,raw_count,count,0x1.1068000000000p+14,AVAILABLE,WITHHELD_UNCERTAINTY
3d232f5d7d506bcef5bd250c801b2268d35b326212559d9edf5c4cfd6a2c5678,JUNCTIONS,-4412,charm_plus_anticharm_constituent_count,raw_count,count,0x1.2fc0000000000p+14,AVAILABLE,WITHHELD_UNCERTAINTY
ad536deae008c5327540265e65713c6519233d3ca38cd451d276567becae164c,MONASH,-4412,charm_plus_anticharm_constituent_count,raw_count,count,0x0.0p+0,AVAILABLE,WITHHELD_UNCERTAINTY
da8834505f63c86fdb21c4026de257f171b85dfd970617ce9411d38d212ec615,CLOSEPACKING,-4412,charm_plus_anticharm_constituent_count,raw_weighted_sum,weighted_count,0x1.1068000000000p+14,AVAILABLE,WITHHELD_UNCERTAINTY
96461e1c69ce560734f5a4c0308917eddc9493f73d77ba03b959af70f7fe8ec6,JUNCTIONS,-4412,charm_plus_anticharm_constituent_count,raw_weighted_sum,weighted_count,0x1.2fc0000000000p+14,AVAILABLE,WITHHELD_UNCERTAINTY
3c530b01b5cc79a4f61bb1bb7d1179ad48053f34586b49f5e5f2f5ae917265a1,MONASH,-4412,charm_plus_anticharm_constituent_count,raw_weighted_sum,weighted_count,0x0.0p+0,AVAILABLE,WITHHELD_UNCERTAINTY
cd229f272f91e3d5a42f42848552d30f96148f20c331717db13f711c8237ca69,CLOSEPACKING,-4412,hadron_count,normalized_yield,per_event,0x1.6d9e1325f78b6p-14,AVAILABLE,AVAILABLE
a33e764d6fcbd3cae39c9dfb83bc4f5baf7f7cfb939d2c272f482894c3a90de3,JUNCTIONS,-4412,hadron_count,normalized_yield,per_event,0x1.97afb48e11a62p-14,AVAILABLE,AVAILABLE
41f16221f464778087110c840e41606e6d41d6bf45c15185a83a8341d5f4c48f,MONASH,-4412,hadron_count,normalized_yield,per_event,0x0.0p+0,AVAILABLE,AVAILABLE_ZERO_DISPERSION
24315f6e7c181c96ad239ece245ad87ab9836c3c032c42421b3672828cc50594,CLOSEPACKING,-4412,hadron_count,raw_count,count,0x1.1068000000000p+13,AVAILABLE,WITHHELD_UNCERTAINTY
f66057434a0785a2307d66e2b5e97f6cf513894025a21854806b4e1317c0f1e0,JUNCTIONS,-4412,hadron_count,raw_count,count,0x1.2fc0000000000p+13,AVAILABLE,WITHHELD_UNCERTAINTY
a6e230d33a93853f82f3310aa4ad318bc65df809ac1b1f1b82bbe9eda5122f86,MONASH,-4412,hadron_count,raw_count,count,0x0.0p+0,AVAILABLE,WITHHELD_UNCERTAINTY
9a8ec47a939941aeecbde0b485beed386d032e29cba07e50614de070bebdbc00,CLOSEPACKING,-4412,hadron_count,raw_weighted_sum,weighted_count,0x1.1068000000000p+13,AVAILABLE,WITHHELD_UNCERTAINTY
26b03cf834c8e785df6ab0c49d6a3f09b8cd2fc3a985c52caf67362dc75829cc,JUNCTIONS,-4412,hadron_count,raw_weighted_sum,weighted_count,0x1.2fc0000000000p+13,AVAILABLE,WITHHELD_UNCERTAINTY
6859079b62d894173a156ed7b942f4d026c100131bd0fa698b815015d952a2a2,MONASH,-4412,hadron_count,raw_weighted_sum,weighted_count,0x0.0p+0,AVAILABLE,WITHHELD_UNCERTAINTY
9ceabc71678db859e01a75c823a324ff51e1e5f9f81e10014dc3dbc8f50ee2bd,CLOSEPACKING,-4414,beauty_plus_antibeauty_constituent_count,raw_count,count,0x0.0p+0,AVAILABLE,WITHHELD_UNCERTAINTY
744ca9facfe746680ed6aeb1424f52112605d52164f6047e3ca5b915c7008bf7,JUNCTIONS,-4414,beauty_plus_antibeauty_constituent_count,raw_count,count,0x0.0p+0,AVAILABLE,WITHHELD_UNCERTAINTY
1969c5ae12f7721fad637fa3618ef128566fed33f4361532adf14edd8df7eca9,MONASH,-4414,beauty_plus_antibeauty_constituent_count,raw_count,count,0x0.0p+0,AVAILABLE,WITHHELD_UNCERTAINTY
9a8d3d6c1a92fbeafbfd72e409ea54a85955a0f24b79145fedf74a9861593f1a,CLOSEPACKING,-4414,beauty_plus_antibeauty_constituent_count,raw_weighted_sum,weighted_count,0x0.0p+0,AVAILABLE,WITHHELD_UNCERTAINTY
71e84a3f2b33831e60c66267d6a22e5b521d702e6f298309831054186809bf9a,JUNCTIONS,-4414,beauty_plus_antibeauty_constituent_count,raw_weighted_sum,weighted_count,0x0.0p+0,AVAILABLE,WITHHELD_UNCERTAINTY
f837f566722f60974cb97d7c0b465f739a4a658154af1007a189abdfe8240474,MONASH,-4414,beauty_plus_antibeauty_constituent_count,raw_weighted_sum,weighted_count,0x0.0p+0,AVAILABLE,WITHHELD_UNCERTAINTY
a8f034f4b85c16dd0288d9a32da032ca9c2d1aadcf77b5a915f2fd886aac928d,CLOSEPACKING,-4414,charm_plus_anticharm_constituent_count,raw_count,count,0x1.2d60000000000p+14,AVAILABLE,WITHHELD_UNCERTAINTY
0e87d855e699371e5343677ffaade58dc63412968589f4ee907698f937c11943,JUNCTIONS,-4414,charm_plus_anticharm_constituent_count,raw_count,count,0x1.3d10000000000p+13,AVAILABLE,WITHHELD_UNCERTAINTY
1865a08d32a357f0db2203b7b5042438278708105b2e570f2858893694716af1,MONASH,-4414,charm_plus_anticharm_constituent_count,raw_count,count,0x0.0p+0,AVAILABLE,WITHHELD_UNCERTAINTY
28ef79c1372fb27b4bcb0776c7adc6578dee0f31fad79a3468d57a909221a516,CLOSEPACKING,-4414,charm_plus_anticharm_constituent_count,raw_weighted_sum,weighted_count,0x1.2d60000000000p+14,AVAILABLE,WITHHELD_UNCERTAINTY
d72368d624200d162a83c6cee6c8576f96f8d4769127f623ba5c943b74b68cd8,JUNCTIONS,-4414,charm_plus_anticharm_constituent_count,raw_weighted_sum,weighted_count,0x1.3d10000000000p+13,AVAILABLE,WITHHELD_UNCERTAINTY
17f73e467abf4f06f6fb7e6c3f837bfedec405b410a8bd98daf8696bc09bffa8,MONASH,-4414,charm_plus_anticharm_constituent_count,raw_weighted_sum,weighted_count,0x0.0p+0,AVAILABLE,WITHHELD_UNCERTAINTY
40c4e7ed484bffbe224703e0d2551fd0f0106475c95993431fc1c64befc826bd,CLOSEPACKING,-4414,hadron_count,normalized_yield,per_event,0x1.947fa9587e715p-14,AVAILABLE,AVAILABLE
449d3fabd37abd8b1520d93c837cf7a272f88a5b1720af2e118742d1f21239bd,JUNCTIONS,-4414,hadron_count,normalized_yield,per_event,0x1.a98dd870440acp-15,AVAILABLE,AVAILABLE
04a4f8e22cbb4ef3cae231c63264ab68acc9d6e3e5a9a8653033c319378881ce,MONASH,-4414,hadron_count,normalized_yield,per_event,0x0.0p+0,AVAILABLE,AVAILABLE_ZERO_DISPERSION
da3a95e5f94e7d2c8237cc5a3f7745419da9d5dddd54b2eb0746fb88b9c5b3bb,CLOSEPACKING,-4414,hadron_count,raw_count,count,0x1.2d60000000000p+13,AVAILABLE,WITHHELD_UNCERTAINTY
caabf12450a5f4a112cf154dcbe1324d48bae046c35103691d8daa879ee3c47f,JUNCTIONS,-4414,hadron_count,raw_count,count,0x1.3d10000000000p+12,AVAILABLE,WITHHELD_UNCERTAINTY
749d0109f8428d07f6f4a45d0550c85cd504e94fa38b08d6945394160ee834ab,MONASH,-4414,hadron_count,raw_count,count,0x0.0p+0,AVAILABLE,WITHHELD_UNCERTAINTY
9a7c622bb94b448a9ec1485887b3dd008f4686869036cb7651903835fb768686,CLOSEPACKING,-4414,hadron_count,raw_weighted_sum,weighted_count,0x1.2d60000000000p+13,AVAILABLE,WITHHELD_UNCERTAINTY
04aa257eb2fa11ce607360323473f2d41a18b21d9d0b66215c6631e879c9c28e,JUNCTIONS,-4414,hadron_count,raw_weighted_sum,weighted_count,0x1.3d10000000000p+12,AVAILABLE,WITHHELD_UNCERTAINTY
adab5f9f710336696db41a74937cc553c5e5bbfc25fe105db14915dd90ee1505,MONASH,-4414,hadron_count,raw_weighted_sum,weighted_count,0x0.0p+0,AVAILABLE,WITHHELD_UNCERTAINTY
d9d05db7e8224407c87a1e55b39eaa5a15327159a6e23f0bba3e790455eaf8e8,CLOSEPACKING,-4422,beauty_plus_antibeauty_constituent_count,raw_count,count,0x0.0p+0,AVAILABLE,WITHHELD_UNCERTAINTY
558ab0fde7a1795b1309805bd6be98dd70e78818781a57c5cb91f3ea6e66d6a9,JUNCTIONS,-4422,beauty_plus_antibeauty_constituent_count,raw_count,count,0x0.0p+0,AVAILABLE,WITHHELD_UNCERTAINTY
561260de284a83b4fbb15075789fb9cb8a1c4ef98f4d204f80275d510e40304f,MONASH,-4422,beauty_plus_antibeauty_constituent_count,raw_count,count,0x0.0p+0,AVAILABLE,WITHHELD_UNCERTAINTY
812389c31bbab5cc4b35a14dbc9255d40beb97cf9bbf8485d47222b1e0788b6d,CLOSEPACKING,-4422,beauty_plus_antibeauty_constituent_count,raw_weighted_sum,weighted_count,0x0.0p+0,AVAILABLE,WITHHELD_UNCERTAINTY
0a725b6e8ad30043a72463040cfe105a52c5d0e30112537228132710844d55b9,JUNCTIONS,-4422,beauty_plus_antibeauty_constituent_count,raw_weighted_sum,weighted_count,0x0.0p+0,AVAILABLE,WITHHELD_UNCERTAINTY
c4e50b000ab4999cb51b003bea2375bbd1f084186fd41d73f26565bdd409af0e,MONASH,-4422,beauty_plus_antibeauty_constituent_count,raw_weighted_sum,weighted_count,0x0.0p+0,AVAILABLE,WITHHELD_UNCERTAINTY
41ea3df193ee6dd69c587c8000438f4a6bac83d2c7972845268b716c10274769,CLOSEPACKING,-4422,charm_plus_anticharm_constituent_count,raw_count,count,0x1.10a8000000000p+14,AVAILABLE,WITHHELD_UNCERTAINTY
e569013cb0528fa238f4717efd2e1c775b2aad5ebe51407d5a784fdd615a4dc9,JUNCTIONS,-4422,charm_plus_anticharm_constituent_count,raw_count,count,0x1.2e70000000000p+14,AVAILABLE,WITHHELD_UNCERTAINTY
43a8e5c58e65b4bd77044dc3dff48603c13778d82cff9e1b21ad0a8adca2b7c4,MONASH,-4422,charm_plus_anticharm_constituent_count,raw_count,count,0x0.0p+0,AVAILABLE,WITHHELD_UNCERTAINTY
a50274895c9855d1831f98c340b67da12fbea803741f1134ec0157858b656d48,CLOSEPACKING,-4422,charm_plus_anticharm_constituent_count,raw_weighted_sum,weighted_count,0x1.10a8000000000p+14,AVAILABLE,WITHHELD_UNCERTAINTY
2111d3c70062517b06e489261a26553f82abfb020318be4eef9e31be1e21332f,JUNCTIONS,-4422,charm_plus_anticharm_constituent_count,raw_weighted_sum,weighted_count,0x1.2e70000000000p+14,AVAILABLE,WITHHELD_UNCERTAINTY
f0e555662fc42d7de62e1832baf88503757254070b6f4a2ffeac9107d7196aea,MONASH,-4422,charm_plus_anticharm_constituent_count,raw_weighted_sum,weighted_count,0x0.0p+0,AVAILABLE,WITHHELD_UNCERTAINTY
03501fd91259b38d71a4d7c73d8b6b5d7d54e2dadfdd449567508f4b41105d5a,CLOSEPACKING,-4422,hadron_count,normalized_yield,per_event,0x1.6df3f961804dap-14,AVAILABLE,AVAILABLE
3a94be055676bbcabe0369ab48ca947435d29b857bb754d8a33afe1b08187ebf,JUNCTIONS,-4422,hadron_count,normalized_yield,per_event,0x1.95ecbbd583aaap-14,AVAILABLE,AVAILABLE
923bfbf2651df77601dfcda41e0b837ee1483339f3f2d86ed0cc853fb8f8d0d7,MONASH,-4422,hadron_count,normalized_yield,per_event,0x0.0p+0,AVAILABLE,AVAILABLE_ZERO_DISPERSION
6856187ad2ce7e4b2ec0d733e40df25a6cc7d3f0c50acdf5052ccb482091a9d6,CLOSEPACKING,-4422,hadron_count,raw_count,count,0x1.10a8000000000p+13,AVAILABLE,WITHHELD_UNCERTAINTY
78ba5da25652dacdcbabc05c8ac2a84bc40debf41855f14dc63cbc094ffe15b4,JUNCTIONS,-4422,hadron_count,raw_count,count,0x1.2e70000000000p+13,AVAILABLE,WITHHELD_UNCERTAINTY
66fbeb10f6e51ff496a881f330d121d51cb5bc3d97fca539842f2ff3a4af68d5,MONASH,-4422,hadron_count,raw_count,count,0x0.0p+0,AVAILABLE,WITHHELD_UNCERTAINTY
7471f9fb379a9acf91c75ec1463e20a94ff63c1a7d80eb2a6c7a750a2e60885c,CLOSEPACKING,-4422,hadron_count,raw_weighted_sum,weighted_count,0x1.10a8000000000p+13,AVAILABLE,WITHHELD_UNCERTAINTY
b5fa77fc6b4248172977f5eb1f6a0ea54d702a14fe20e0cc12120d436a3db5a8,JUNCTIONS,-4422,hadron_count,raw_weighted_sum,weighted_count,0x1.2e70000000000p+13,AVAILABLE,WITHHELD_UNCERTAINTY
1fe2f5d6133e91f466434f25c17b31fc802607409b6e2e18d0bcc6db2ca89eba,MONASH,-4422,hadron_count,raw_weighted_sum,weighted_count,0x0.0p+0,AVAILABLE,WITHHELD_UNCERTAINTY
47b42f19e15e13fea382189cd92097430255ac962dd2ab0628f1d2bbd8bbf940,CLOSEPACKING,-4424,beauty_plus_antibeauty_constituent_count,raw_count,count,0x0.0p+0,AVAILABLE,WITHHELD_UNCERTAINTY
2df55d94bae7883f0778d7202d103ebfc543c788da8cac82bfaba658b4bb0e82,JUNCTIONS,-4424,beauty_plus_antibeauty_constituent_count,raw_count,count,0x0.0p+0,AVAILABLE,WITHHELD_UNCERTAINTY
bf528f7ca9a367b817a75b2f52d6cfe807d3b48a38cf999f8abd50c9668e0de9,MONASH,-4424,beauty_plus_antibeauty_constituent_count,raw_count,count,0x0.0p+0,AVAILABLE,WITHHELD_UNCERTAINTY
dfad3ba661694c6a31ec68b40d1513c1dee28c94294d6fee7f1c7c72dc74be2a,CLOSEPACKING,-4424,beauty_plus_antibeauty_constituent_count,raw_weighted_sum,weighted_count,0x0.0p+0,AVAILABLE,WITHHELD_UNCERTAINTY
2d379d3cd1ab279ec017ba5c49a6661e49c2fb3f08395117f415e1adabbae11c,JUNCTIONS,-4424,beauty_plus_antibeauty_constituent_count,raw_weighted_sum,weighted_count,0x0.0p+0,AVAILABLE,WITHHELD_UNCERTAINTY
9eaf46d90f836743cee6ae7de1b5f9e3304ded20a40263366477137b1b7e0fee,MONASH,-4424,beauty_plus_antibeauty_constituent_count,raw_weighted_sum,weighted_count,0x0.0p+0,AVAILABLE,WITHHELD_UNCERTAINTY
45e78de23dcada64632fc0848bfcfb671f22a64c7acb008c2daf049aa459d5e3,CLOSEPACKING,-4424,charm_plus_anticharm_constituent_count,raw_count,count,0x1.3118000000000p+14,AVAILABLE,WITHHELD_UNCERTAINTY
2bce18f49dacf26e5c9d04374621776129cb88741a9eee53aa59cc5b507898bd,JUNCTIONS,-4424,charm_plus_anticharm_constituent_count,raw_count,count,0x1.3690000000000p+13,AVAILABLE,WITHHELD_UNCERTAINTY
d8514874c103365eb28ee14267729dbb5e66d631d858fa719acc5e7feced828d,MONASH,-4424,charm_plus_anticharm_constituent_count,raw_count,count,0x0.0p+0,AVAILABLE,WITHHELD_UNCERTAINTY
fb1c16fdf94bd771aa21732cb491602911460243da4a2da54d1ba9326e77aeeb,CLOSEPACKING,-4424,charm_plus_anticharm_constituent_count,raw_weighted_sum,weighted_count,0x1.3118000000000p+14,AVAILABLE,WITHHELD_UNCERTAINTY
efdc04521baaa2afc555deee4ba1e52b0d9677d99dcd542c61bb42f0f9b9833a,JUNCTIONS,-4424,charm_plus_anticharm_constituent_count,raw_weighted_sum,weighted_count,0x1.3690000000000p+13,AVAILABLE,WITHHELD_UNCERTAINTY
2027f9217ae966b89aea3347f62cf307dceb3230877b259d819d1201482f863e,MONASH,-4424,charm_plus_anticharm_constituent_count,raw_weighted_sum,weighted_count,0x0.0p+0,AVAILABLE,WITHHELD_UNCERTAINTY
0c4aa078441dda9655f6f71eabe0d8451500d2063c5e06dc1d6615154b455a3b,CLOSEPACKING,-4424,hadron_count,normalized_yield,per_event,0x1.997d6a0e10b9ep-14,AVAILABLE,AVAILABLE
53ea4e800a766b6ce1aeb03833abb1db84a69d6bb6ae27362f20a0250462505a,JUNCTIONS,-4424,hadron_count,normalized_yield,per_event,0x1.a0d476646051dp-15,AVAILABLE,AVAILABLE
1653c4b8e8d2c0040d92bcced142027a42e0472e429e08ccf605240bf1b8b914,MONASH,-4424,hadron_count,normalized_yield,per_event,0x0.0p+0,AVAILABLE,AVAILABLE_ZERO_DISPERSION
0e5477d0af6320036224b7423b1f716939815ec40dad26b20154692aad0430ef,CLOSEPACKING,-4424,hadron_count,raw_count,count,0x1.3118000000000p+13,AVAILABLE,WITHHELD_UNCERTAINTY
4b49f7bddfd4d1b3f8ba52a846facb8c8f43a54076d8990e20b1489510f3caa1,JUNCTIONS,-4424,hadron_count,raw_count,count,0x1.3690000000000p+12,AVAILABLE,WITHHELD_UNCERTAINTY
1e1ddb7367d730bb45c30b1a2144963c8c17a03b284dce9e06685cdd4722fd8d,MONASH,-4424,hadron_count,raw_count,count,0x0.0p+0,AVAILABLE,WITHHELD_UNCERTAINTY
d4560f2b738dc5f05abf21992f96427b9e07cf832a34410cd73bd0dd13eb5497,CLOSEPACKING,-4424,hadron_count,raw_weighted_sum,weighted_count,0x1.3118000000000p+13,AVAILABLE,WITHHELD_UNCERTAINTY
11dccc55cbc0917038ef383516f9bbdbd2ec29bb031c334c102ec77e14a48f96,JUNCTIONS,-4424,hadron_count,raw_weighted_sum,weighted_count,0x1.3690000000000p+12,AVAILABLE,WITHHELD_UNCERTAINTY
08903c2922a076402f7cea408eb895a75cbd39c58f55df9820653a2bb2aa98b6,MONASH,-4424,hadron_count,raw_weighted_sum,weighted_count,0x0.0p+0,AVAILABLE,WITHHELD_UNCERTAINTY
817817b9417df12d8615a225270c61a157587b7e82e46b5dcbca79eb5b5885ec,CLOSEPACKING,-4432,beauty_plus_antibeauty_constituent_count,raw_count,count,0x0.0p+0,AVAILABLE,WITHHELD_UNCERTAINTY
272d5d5a374c41c6b54f2bb2695ba3ed1a5e79d5d7b2bf556f9ca4465dc482a8,JUNCTIONS,-4432,beauty_plus_antibeauty_constituent_count,raw_count,count,0x0.0p+0,AVAILABLE,WITHHELD_UNCERTAINTY
ae2a68a736c2557f1cf47cee99cc946ead77c76c093804b202e00936aabc5aaa,MONASH,-4432,beauty_plus_antibeauty_constituent_count,raw_count,count,0x0.0p+0,AVAILABLE,WITHHELD_UNCERTAINTY
256d20dfafafe3b7cacf18def9297862178d5d6ecded7df2b79bf696d1f7d7a2,CLOSEPACKING,-4432,beauty_plus_antibeauty_constituent_count,raw_weighted_sum,weighted_count,0x0.0p+0,AVAILABLE,WITHHELD_UNCERTAINTY
457997cdec4bf54615619fa6c95411bff8f9ca4bca4406edbcb74e413488eb10,JUNCTIONS,-4432,beauty_plus_antibeauty_constituent_count,raw_weighted_sum,weighted_count,0x0.0p+0,AVAILABLE,WITHHELD_UNCERTAINTY
a2759d30a11d2a48cb1373db603f2d4711c9d744319cb4b0660916867b49e8eb,MONASH,-4432,beauty_plus_antibeauty_constituent_count,raw_weighted_sum,weighted_count,0x0.0p+0,AVAILABLE,WITHHELD_UNCERTAINTY
51fcd2c627c4f26aca5136895946526bcd12b57d40c51b2013bbe4c803fc8711,CLOSEPACKING,-4432,charm_plus_anticharm_constituent_count,raw_count,count,0x1.9d80000000000p+11,AVAILABLE,WITHHELD_UNCERTAINTY
713a79452d7970125d1b500c6cdc4818e7cdf884230e713d687f3c50a405b69b,JUNCTIONS,-4432,charm_plus_anticharm_constituent_count,raw_count,count,0x1.d740000000000p+11,AVAILABLE,WITHHELD_UNCERTAINTY
938e1bf4287bdca049eb44ed6515ca4e9865dd76e8ce190325a6f9ff3148ce5e,MONASH,-4432,charm_plus_anticharm_constituent_count,raw_count,count,0x0.0p+0,AVAILABLE,WITHHELD_UNCERTAINTY
ee9088246b6fb964a0585de8fbb308f0a5481e5423d55c911b323a4ae76cc293,CLOSEPACKING,-4432,charm_plus_anticharm_constituent_count,raw_weighted_sum,weighted_count,0x1.9d80000000000p+11,AVAILABLE,WITHHELD_UNCERTAINTY
3afd4e721a7fd438c81a9fe0488cbcd12f0d914130306b87ba204abaca761fef,JUNCTIONS,-4432,charm_plus_anticharm_constituent_count,raw_weighted_sum,weighted_count,0x1.d740000000000p+11,AVAILABLE,WITHHELD_UNCERTAINTY
4d3b0e5b87845e1a7aeeb4b0257cee72b5c359349b40026ba095fcf14edcf064,MONASH,-4432,charm_plus_anticharm_constituent_count,raw_weighted_sum,weighted_count,0x0.0p+0,AVAILABLE,WITHHELD_UNCERTAINTY
a8d3d735ca0af1cf09d4b58ed6c44b86bf8f593e3d226cef60e9f14384f88820,CLOSEPACKING,-4432,hadron_count,normalized_yield,per_event,0x1.157ec252cb540p-16,AVAILABLE,AVAILABLE
ea70e0016ede60a27823df49c1ffa1167e104ad885fd0c3d99bbf5b2c3230547,JUNCTIONS,-4432,hadron_count,normalized_yield,per_event,0x1.3c40222efef11p-16,AVAILABLE,AVAILABLE
afceecf65a4cfe21c1a51ced36d43bd831327b26c10381fddd12100a9228e33d,MONASH,-4432,hadron_count,normalized_yield,per_event,0x0.0p+0,AVAILABLE,AVAILABLE_ZERO_DISPERSION
0e1e07f1fc6d3aeafc86bb9bbe1e9b44d9d1a7886c159eaa80ec86af22ca051b,CLOSEPACKING,-4432,hadron_count,raw_count,count,0x1.9d80000000000p+10,AVAILABLE,WITHHELD_UNCERTAINTY
ef65c94ac045fc3de966726835c68f66162b9cb65112731b041111c17f7f52f9,JUNCTIONS,-4432,hadron_count,raw_count,count,0x1.d740000000000p+10,AVAILABLE,WITHHELD_UNCERTAINTY
fccf9d1cd8e84fe8cadde6b25e21746a28ef5b83d3dc5a67d0254188b0769e7d,MONASH,-4432,hadron_count,raw_count,count,0x0.0p+0,AVAILABLE,WITHHELD_UNCERTAINTY
6b7f6409f4d516b63857b703750d3ed61b587c39dd8b7f53d83c88d1e2b25d3c,CLOSEPACKING,-4432,hadron_count,raw_weighted_sum,weighted_count,0x1.9d80000000000p+10,AVAILABLE,WITHHELD_UNCERTAINTY
e971d7c58e4eeceb4eccc9a609a83fb53d519c66bc2806fbc5b312b384e4004c,JUNCTIONS,-4432,hadron_count,raw_weighted_sum,weighted_count,0x1.d740000000000p+10,AVAILABLE,WITHHELD_UNCERTAINTY
24f13d0627b36da01563fce5481edb8f0ea1b3d7ee56444fce8e607f430f0431,MONASH,-4432,hadron_count,raw_weighted_sum,weighted_count,0x0.0p+0,AVAILABLE,WITHHELD_UNCERTAINTY
67511d6a1789eb9ddc3acd35bf9cef0be002e628ce48eb79972ef226514b69c6,CLOSEPACKING,-4434,beauty_plus_antibeauty_constituent_count,raw_count,count,0x0.0p+0,AVAILABLE,WITHHELD_UNCERTAINTY
a138f1e3de8717ac6a2f5b7b56d13cda4c6fc61361a2841658c7f9ce4eea0376,JUNCTIONS,-4434,beauty_plus_antibeauty_constituent_count,raw_count,count,0x0.0p+0,AVAILABLE,WITHHELD_UNCERTAINTY
6ec0a0b4f3a4dcd28d9e12c6a57e13565714860db330f6f106fa2a3f06926bd2,MONASH,-4434,beauty_plus_antibeauty_constituent_count,raw_count,count,0x0.0p+0,AVAILABLE,WITHHELD_UNCERTAINTY
c1bb713ad7cc62e248fad828fda5cdd1c73117d1f6dbb89711446c3992cb4209,CLOSEPACKING,-4434,beauty_plus_antibeauty_constituent_count,raw_weighted_sum,weighted_count,0x0.0p+0,AVAILABLE,WITHHELD_UNCERTAINTY
dab4e78314786e587125b12952294e1095779d43f5006a696534c6bfd0a541ab,JUNCTIONS,-4434,beauty_plus_antibeauty_constituent_count,raw_weighted_sum,weighted_count,0x0.0p+0,AVAILABLE,WITHHELD_UNCERTAINTY
b505b40695df51469012f96537afd8ba10d8825dcd9c81e318c2368284ad1ef6,MONASH,-4434,beauty_plus_antibeauty_constituent_count,raw_weighted_sum,weighted_count,0x0.0p+0,AVAILABLE,WITHHELD_UNCERTAINTY
9464d2348c693ea5b1f54f4bed8ba8153e3c7d6a15fd22a3925dfab09c01deb4,CLOSEPACKING,-4434,charm_plus_anticharm_constituent_count,raw_count,count,0x1.1300000000000p+12,AVAILABLE,WITHHELD_UNCERTAINTY
8d91ef0ee500526acd061f07ccb8f2dfd30bef6659de85279a47461477615445,JUNCTIONS,-4434,charm_plus_anticharm_constituent_count,raw_count,count,0x1.c300000000000p+10,AVAILABLE,WITHHELD_UNCERTAINTY
990d33ecb695e5b790caeab092d973ca8e6834cfbcfe87c0e382c25daf1e794a,MONASH,-4434,charm_plus_anticharm_constituent_count,raw_count,count,0x0.0p+0,AVAILABLE,WITHHELD_UNCERTAINTY
90d0f069d30efec5bbebbdb3de4f3465519fc0af8f62a5063b5547cac353af83,CLOSEPACKING,-4434,charm_plus_anticharm_constituent_count,raw_weighted_sum,weighted_count,0x1.1300000000000p+12,AVAILABLE,WITHHELD_UNCERTAINTY
c3653236923812e62ccedf02a1e686fbb9e0acb010500844393f97a94889bcf1,JUNCTIONS,-4434,charm_plus_anticharm_constituent_count,raw_weighted_sum,weighted_count,0x1.c300000000000p+10,AVAILABLE,WITHHELD_UNCERTAINTY
15172302c594a30fb27b27ee74c8811ed177d2a05ae0aec1a50f3f58e78aa297,MONASH,-4434,charm_plus_anticharm_constituent_count,raw_weighted_sum,weighted_count,0x0.0p+0,AVAILABLE,WITHHELD_UNCERTAINTY
d8f28c290b425e92f917aaf6101dedea28bd82658785ce2bc6348db78f98ae1a,CLOSEPACKING,-4434,hadron_count,normalized_yield,per_event,0x1.711947cfa26a2p-16,AVAILABLE,AVAILABLE
ec6e21717435981a8e21124d756bcee7132d8e19b731a93ec4ee08c17218b1a6,JUNCTIONS,-4434,hadron_count,normalized_yield,per_event,0x1.2ea935c3dc385p-17,AVAILABLE,AVAILABLE
20f62f45b9612fc662c8319577f2a0f0dc4ac779738c9a3efd977ec170cb2ea9,MONASH,-4434,hadron_count,normalized_yield,per_event,0x0.0p+0,AVAILABLE,AVAILABLE_ZERO_DISPERSION
b8f4ba1d6dd8e3077d398874876c7fbcfdc7146239adca84b5774cc9c0daed5b,CLOSEPACKING,-4434,hadron_count,raw_count,count,0x1.1300000000000p+11,AVAILABLE,WITHHELD_UNCERTAINTY
cda3603b1343e68f98d252d35f63676bc5dec487a96f6674748bed2a36f2679a,JUNCTIONS,-4434,hadron_count,raw_count,count,0x1.c300000000000p+9,AVAILABLE,WITHHELD_UNCERTAINTY
47e0a3a6eff497d5554d44bb0188cdae4e75f713ec524d0cee56f9dc1d231260,MONASH,-4434,hadron_count,raw_count,count,0x0.0p+0,AVAILABLE,WITHHELD_UNCERTAINTY
61371d7ec5ab092856b5de98cb333f46089411e1e65f0161de874d0ef3b18dd0,CLOSEPACKING,-4434,hadron_count,raw_weighted_sum,weighted_count,0x1.1300000000000p+11,AVAILABLE,WITHHELD_UNCERTAINTY
19ff77dd72ec2e92080d2459739de31ca59de6c7054b2dd6553261264b945bb4,JUNCTIONS,-4434,hadron_count,raw_weighted_sum,weighted_count,0x1.c300000000000p+9,AVAILABLE,WITHHELD_UNCERTAINTY
f0858d61b290d8b56cfa368ac95a904c5cf23e9e046d85a6ee9e226cf8cc5830,MONASH,-4434,hadron_count,raw_weighted_sum,weighted_count,0x0.0p+0,AVAILABLE,WITHHELD_UNCERTAINTY
d6e988f8d07546880be99f61c5e1965ee5403a80d5a8d1cc34bd41bd9843cd7b,CLOSEPACKING,-4444,beauty_plus_antibeauty_constituent_count,raw_count,count,0x0.0p+0,AVAILABLE,WITHHELD_UNCERTAINTY
d15c0a31136380bfe847c6e4227be362dabe3ac221ce7db363453cc94b1c09e4,JUNCTIONS,-4444,beauty_plus_antibeauty_constituent_count,raw_count,count,0x0.0p+0,AVAILABLE,WITHHELD_UNCERTAINTY
40ceff8f52e3a00f24eb7dc2386160d119313705787560a690c58f9bd9136ade,MONASH,-4444,beauty_plus_antibeauty_constituent_count,raw_count,count,0x0.0p+0,AVAILABLE,WITHHELD_UNCERTAINTY
c2006db99c511150ea210880afb615e81f0a843b4458e3067ea6fdc1bff99b0a,CLOSEPACKING,-4444,beauty_plus_antibeauty_constituent_count,raw_weighted_sum,weighted_count,0x0.0p+0,AVAILABLE,WITHHELD_UNCERTAINTY
d4b5ce829e73e1ec5794a54e6a4fd0a32e513772617239977a1b4abf72a2e0a5,JUNCTIONS,-4444,beauty_plus_antibeauty_constituent_count,raw_weighted_sum,weighted_count,0x0.0p+0,AVAILABLE,WITHHELD_UNCERTAINTY
e564d69392cbc482e88d40cba4784a4c1d9e4110e6dc497293e0f43247d49f10,MONASH,-4444,beauty_plus_antibeauty_constituent_count,raw_weighted_sum,weighted_count,0x0.0p+0,AVAILABLE,WITHHELD_UNCERTAINTY
21dc96881ed9d3d2ca22174e4f9669d85b96a92791bad4e335ad47da4b1db893,CLOSEPACKING,-4444,charm_plus_anticharm_constituent_count,raw_count,count,0x1.6800000000000p+5,AVAILABLE,WITHHELD_UNCERTAINTY
a582ce054d527dd4f48f36bb93ce7d4f2c9fc8d0c88feee4c3bbd4bdabf1a90c,JUNCTIONS,-4444,charm_plus_anticharm_constituent_count,raw_count,count,0x1.5000000000000p+5,AVAILABLE,WITHHELD_UNCERTAINTY
2b766afa0323e340fa6cb676ffa64ad6dbcfafeffa9d8e2fea80d223665fe873,MONASH,-4444,charm_plus_anticharm_constituent_count,raw_count,count,0x0.0p+0,AVAILABLE,WITHHELD_UNCERTAINTY
9a06bf687d333b118a609a376f7a65d57ec23420b8e76e2b634fb7870299adcb,CLOSEPACKING,-4444,charm_plus_anticharm_constituent_count,raw_weighted_sum,weighted_count,0x1.6800000000000p+5,AVAILABLE,WITHHELD_UNCERTAINTY
e3ddaefe25b0a26148a589285a1cbf1c4b5c7c0447ad52d6294329c79918c43d,JUNCTIONS,-4444,charm_plus_anticharm_constituent_count,raw_weighted_sum,weighted_count,0x1.5000000000000p+5,AVAILABLE,WITHHELD_UNCERTAINTY
933d138f443a523430db7fef816d9f621fc94c598547ef7b6aacb356778650f7,MONASH,-4444,charm_plus_anticharm_constituent_count,raw_weighted_sum,weighted_count,0x0.0p+0,AVAILABLE,WITHHELD_UNCERTAINTY
220b428a0639d78161cb6dc41a20d901accc7b6afc6ec546cd66597c64cb61bf,CLOSEPACKING,-4444,hadron_count,normalized_yield,per_event,0x1.421f5f40d8376p-23,AVAILABLE,AVAILABLE
ab7a48cf69e57a47656dd82add37aecea957bfe7840ef3f1903f64515dfb6b5b,JUNCTIONS,-4444,hadron_count,normalized_yield,per_event,0x1.2ca5d05ea7ab3p-23,AVAILABLE,AVAILABLE
808ac4279e680e7587d3a4148640d8e2a80fe7bb1ca0ae546725202c8ea83375,MONASH,-4444,hadron_count,normalized_yield,per_event,0x0.0p+0,AVAILABLE,AVAILABLE_ZERO_DISPERSION
38547fa86da731d7fce31857fd64ed2d45c1903a6a8379b9904e682ce4a75552,CLOSEPACKING,-4444,hadron_count,raw_count,count,0x1.e000000000000p+3,AVAILABLE,WITHHELD_UNCERTAINTY
c8ea887282b2b990d0dec85e1960f182f4315c5be3552aa1ad282c31e93db328,JUNCTIONS,-4444,hadron_count,raw_count,count,0x1.c000000000000p+3,AVAILABLE,WITHHELD_UNCERTAINTY
d9db830cf1c1d317889e8d1d221a70c36c99a9b7a78e782ac913a22bd51c5b76,MONASH,-4444,hadron_count,raw_count,count,0x0.0p+0,AVAILABLE,WITHHELD_UNCERTAINTY
c26c6d333ba769d1eb1631291ba0e2517c473ea5cab80a2adbb9811157c00885,CLOSEPACKING,-4444,hadron_count,raw_weighted_sum,weighted_count,0x1.e000000000000p+3,AVAILABLE,WITHHELD_UNCERTAINTY
14f1ab843c7a8731b9eb53c280d3b137360d349579e11f496c2fd6ce62a4287e,JUNCTIONS,-4444,hadron_count,raw_weighted_sum,weighted_count,0x1.c000000000000p+3,AVAILABLE,WITHHELD_UNCERTAINTY
196452f51ee5cf7787a6bcda44e67379f8059624762cb22990fc4c34afcf62da,MONASH,-4444,hadron_count,raw_weighted_sum,weighted_count,0x0.0p+0,AVAILABLE,WITHHELD_UNCERTAINTY
51bdada718423b040539f3c72c5469450887cedfee9550772121d77bdc306eca,CLOSEPACKING,-511,beauty_plus_antibeauty_constituent_count,raw_count,count,0x1.412ae00000000p+20,AVAILABLE,WITHHELD_UNCERTAINTY
c858b2baffe22f3a6fc16e84368c96f79450a0508e65464b38e3d1d45873b1b4,JUNCTIONS,-511,beauty_plus_antibeauty_constituent_count,raw_count,count,0x1.47f2900000000p+20,AVAILABLE,WITHHELD_UNCERTAINTY
bbe65ab47924db407be465682db6b13468826cbaabdaefc443990185b482334b,MONASH,-511,beauty_plus_antibeauty_constituent_count,raw_count,count,0x1.c236500000000p+20,AVAILABLE,WITHHELD_UNCERTAINTY
77e9c8e2d2df36b8719ede122b37721d5315bad5bda17b8fe5264e89687fcef9,CLOSEPACKING,-511,beauty_plus_antibeauty_constituent_count,raw_weighted_sum,weighted_count,0x1.412ae00000000p+20,AVAILABLE,WITHHELD_UNCERTAINTY
395ed1e61aea66b3d76dbc2dba04997de848c16aa147b802651508971c8ecdf6,JUNCTIONS,-511,beauty_plus_antibeauty_constituent_count,raw_weighted_sum,weighted_count,0x1.47f2900000000p+20,AVAILABLE,WITHHELD_UNCERTAINTY
44c5934536574e94f45df107a0cbcd71f938c0b02d5345b93f0e0c7a73721c58,MONASH,-511,beauty_plus_antibeauty_constituent_count,raw_weighted_sum,weighted_count,0x1.c236500000000p+20,AVAILABLE,WITHHELD_UNCERTAINTY
5bc664e7dcbee57b871cf80a65d8ee0535db190c7b050fcc129ddf1c0681dd3c,CLOSEPACKING,-511,charm_plus_anticharm_constituent_count,raw_count,count,0x0.0p+0,AVAILABLE,WITHHELD_UNCERTAINTY
4227d4a9ad28fa5a1f756cb009007c76cdaf522112334e5e19267845be8e161b,JUNCTIONS,-511,charm_plus_anticharm_constituent_count,raw_count,count,0x0.0p+0,AVAILABLE,WITHHELD_UNCERTAINTY
de6c5f81c6f5318d6a875587db10809d7ea1bc173e78a84d8ce2af82a0890a32,MONASH,-511,charm_plus_anticharm_constituent_count,raw_count,count,0x0.0p+0,AVAILABLE,WITHHELD_UNCERTAINTY
a92c6c7ba7aa355ecbba4f8a7ab1e0f70ca5f7eba0e12a565d3fb214b83bf19c,CLOSEPACKING,-511,charm_plus_anticharm_constituent_count,raw_weighted_sum,weighted_count,0x0.0p+0,AVAILABLE,WITHHELD_UNCERTAINTY
b9959f40b3af51a4072a1640b3fc4afe85ed7107329a0b71f8ffec113da8522a,JUNCTIONS,-511,charm_plus_anticharm_constituent_count,raw_weighted_sum,weighted_count,0x0.0p+0,AVAILABLE,WITHHELD_UNCERTAINTY
6cd9d5c35d99071dbe761cf763efee8b02693d37f99dd4e387b2c19f4b327f02,MONASH,-511,charm_plus_anticharm_constituent_count,raw_weighted_sum,weighted_count,0x0.0p+0,AVAILABLE,WITHHELD_UNCERTAINTY
4514024c9d7dfb2253b0d9562db7ea52084b042d9e2490fd87dd448c0538d8d8,CLOSEPACKING,-511,hadron_count,normalized_yield,per_event,0x1.af104e56d01b6p-7,AVAILABLE,AVAILABLE
73fddc56b9039f0910dab5cfc0f04d9d244c50e285fb9750b7c84b4550fe8816,JUNCTIONS,-511,hadron_count,normalized_yield,per_event,0x1.b829e805e343ep-7,AVAILABLE,AVAILABLE
b1d1a6c51af9f4f4d959e44390421c52035ef0faeaf5fd2773862ff31433da1a,MONASH,-511,hadron_count,normalized_yield,per_event,0x1.2e21dc1dcd9b5p-6,AVAILABLE,AVAILABLE
efc1ac62fadf425b7c0732ecbeb17ccc53c06b177fd8bdde5615a4a5a6976d38,CLOSEPACKING,-511,hadron_count,raw_count,count,0x1.412ae00000000p+20,AVAILABLE,WITHHELD_UNCERTAINTY
56bf6274d94929c57a3e88dcdb1850b011b1962eda6ea8148fe7abbe3142a984,JUNCTIONS,-511,hadron_count,raw_count,count,0x1.47f2900000000p+20,AVAILABLE,WITHHELD_UNCERTAINTY
efb633d6f2e937d0b2a4d1dd039c57c4af1763c3dd7907fc8ad9880d6f936c52,MONASH,-511,hadron_count,raw_count,count,0x1.c236500000000p+20,AVAILABLE,WITHHELD_UNCERTAINTY
34c1b10fa88a7f8771fdce321f8142ebe16e925abb639b382d2e913fe8dab88b,CLOSEPACKING,-511,hadron_count,raw_weighted_sum,weighted_count,0x1.412ae00000000p+20,AVAILABLE,WITHHELD_UNCERTAINTY
6da79b07675c947b32f414197747b170b9f8daaaffce85150c8ae3b041470f4a,JUNCTIONS,-511,hadron_count,raw_weighted_sum,weighted_count,0x1.47f2900000000p+20,AVAILABLE,WITHHELD_UNCERTAINTY
f42d22cd3a91e6710729992219c3e613ff63259fb4bb2fc961963d1ccc110ee7,MONASH,-511,hadron_count,raw_weighted_sum,weighted_count,0x1.c236500000000p+20,AVAILABLE,WITHHELD_UNCERTAINTY
1174d3b90542d61fdfe43bd19356eaaca7cf035cfccf227dcfb57f1147830f20,CLOSEPACKING,-5112,beauty_plus_antibeauty_constituent_count,raw_count,count,0x1.c0fb000000000p+18,AVAILABLE,WITHHELD_UNCERTAINTY
9e5010f24bfec1189dcbd37452366b42cf45ad0681cb46b79e1f51778c170ff3,JUNCTIONS,-5112,beauty_plus_antibeauty_constituent_count,raw_count,count,0x1.985e400000000p+19,AVAILABLE,WITHHELD_UNCERTAINTY
bd3428ae6851fbc6c96ba6a526945270dd4007339148b4f61abcee301023f239,MONASH,-5112,beauty_plus_antibeauty_constituent_count,raw_count,count,0x1.3b10000000000p+14,AVAILABLE,WITHHELD_UNCERTAINTY
f554822575390648777ff14e0ffc4286736f17995e0cb5d2b0d89d4c0f1f548d,CLOSEPACKING,-5112,beauty_plus_antibeauty_constituent_count,raw_weighted_sum,weighted_count,0x1.c0fb000000000p+18,AVAILABLE,WITHHELD_UNCERTAINTY
4f60706e92223f9f7a9d37f56c08ce7e1b0076f7b80c98fd13e3ca9c2130d635,JUNCTIONS,-5112,beauty_plus_antibeauty_constituent_count,raw_weighted_sum,weighted_count,0x1.985e400000000p+19,AVAILABLE,WITHHELD_UNCERTAINTY
d679a6258c883276fa71e2b8ee5ba1c29bfef8f771bcca3c61240e099d71c807,MONASH,-5112,beauty_plus_antibeauty_constituent_count,raw_weighted_sum,weighted_count,0x1.3b10000000000p+14,AVAILABLE,WITHHELD_UNCERTAINTY
4aebc9e0d1011a684648f2d6d48030f3117a91f260c706073ad79a5b7eb94183,CLOSEPACKING,-5112,charm_plus_anticharm_constituent_count,raw_count,count,0x0.0p+0,AVAILABLE,WITHHELD_UNCERTAINTY
8c542d5b0f2177e26de0b786dc1e9944425009420456ac2d2ce831822086c02d,JUNCTIONS,-5112,charm_plus_anticharm_constituent_count,raw_count,count,0x0.0p+0,AVAILABLE,WITHHELD_UNCERTAINTY
c4687f8148b59d41916de8127ceecedb923b1a63493fc770296daef0758d2c5e,MONASH,-5112,charm_plus_anticharm_constituent_count,raw_count,count,0x0.0p+0,AVAILABLE,WITHHELD_UNCERTAINTY
1ded90f3cf2cab195f1685171db6755017b69ab3b37fbe46d8585f262b286fe8,CLOSEPACKING,-5112,charm_plus_anticharm_constituent_count,raw_weighted_sum,weighted_count,0x0.0p+0,AVAILABLE,WITHHELD_UNCERTAINTY
257e8d1ae22fd58b625735e2d5763ce0ad3e0a40324d9666200bf3ea02c88143,JUNCTIONS,-5112,charm_plus_anticharm_constituent_count,raw_weighted_sum,weighted_count,0x0.0p+0,AVAILABLE,WITHHELD_UNCERTAINTY
d518e5e12a26077bab2870cfa7e38a13ad57e6e896b3cbfefa3b4a9ea99132c5,MONASH,-5112,charm_plus_anticharm_constituent_count,raw_weighted_sum,weighted_count,0x0.0p+0,AVAILABLE,WITHHELD_UNCERTAINTY
b5b3d213eef2ff060a9f26580838ff371d4c4e3e6d94bd4b9cf36e14f54be258,CLOSEPACKING,-5112,hadron_count,normalized_yield,per_event,0x1.2d4e41d765d7fp-8,AVAILABLE,AVAILABLE
1e0bdd1799f4fcd54fb63d6e9b1ca0f7cd11bc946b4087f25524c76d926ff17f,JUNCTIONS,-5112,hadron_count,normalized_yield,per_event,0x1.120d1dcac12eep-7,AVAILABLE,AVAILABLE
fc7e9d5428ab3209ff696a164869fe6871f8b98d5770ab87c8c972c48e1d7ae9,MONASH,-5112,hadron_count,normalized_yield,per_event,0x1.a6dea693fdf94p-13,AVAILABLE,AVAILABLE
1aa65b6267424c456c2a483ccdb12e6a431d1c228e2bae730b0cb73f237d9d87,CLOSEPACKING,-5112,hadron_count,raw_count,count,0x1.c0fb000000000p+18,AVAILABLE,WITHHELD_UNCERTAINTY
50c5023fc1f120d64161dd50da7e4e3810f9659c58916f5e8b3cea93b672cbb3,JUNCTIONS,-5112,hadron_count,raw_count,count,0x1.985e400000000p+19,AVAILABLE,WITHHELD_UNCERTAINTY
0ac26767b2ae11f1bad08f566b85a1f05690ca8c738a2b80c2ef1f672a1ed12c,MONASH,-5112,hadron_count,raw_count,count,0x1.3b10000000000p+14,AVAILABLE,WITHHELD_UNCERTAINTY
06b793621a7f91744ebb96b764769352bc8507372b1a7cc38601bca6094dc601,CLOSEPACKING,-5112,hadron_count,raw_weighted_sum,weighted_count,0x1.c0fb000000000p+18,AVAILABLE,WITHHELD_UNCERTAINTY
11a5dac8e93585bfc7c8b0ac0aa437f5b14ea7ded698d2876b012f39126edcbf,JUNCTIONS,-5112,hadron_count,raw_weighted_sum,weighted_count,0x1.985e400000000p+19,AVAILABLE,WITHHELD_UNCERTAINTY
3976c9ee5d4020156dcfc85b323d02a1b081646cfbe94b3263871fae7eb30c82,MONASH,-5112,hadron_count,raw_weighted_sum,weighted_count,0x1.3b10000000000p+14,AVAILABLE,WITHHELD_UNCERTAINTY
7654620e04fa610f7f38589d8dda4a7ae40865bc846765d041c0d2e7a46b7115,CLOSEPACKING,-5114,beauty_plus_antibeauty_constituent_count,raw_count,count,0x1.b4b8c00000000p+18,AVAILABLE,WITHHELD_UNCERTAINTY
231fa6316975334c83a1259811dedd4be2399efaed93e46506b989fd9a8d7914,JUNCTIONS,-5114,beauty_plus_antibeauty_constituent_count,raw_count,count,0x1.d894000000000p+16,AVAILABLE,WITHHELD_UNCERTAINTY
3287a96238592938860c028789bf4d7b2938feff7732c1c067103a370bf34d10,MONASH,-5114,beauty_plus_antibeauty_constituent_count,raw_count,count,0x1.3dda000000000p+15,AVAILABLE,WITHHELD_UNCERTAINTY
c5403d3aaab7b80d36bfaa299058804d6042ec8dfeb1f30fbaddc6c852f644b8,CLOSEPACKING,-5114,beauty_plus_antibeauty_constituent_count,raw_weighted_sum,weighted_count,0x1.b4b8c00000000p+18,AVAILABLE,WITHHELD_UNCERTAINTY
b532349a231303eddd1a005dce841f5c739f164b9e6167655798b903287c65a3,JUNCTIONS,-5114,beauty_plus_antibeauty_constituent_count,raw_weighted_sum,weighted_count,0x1.d894000000000p+16,AVAILABLE,WITHHELD_UNCERTAINTY
38d3ffa91f01fb762c1355d27ac43eec6fc4f35cb7d129101c59b7e697257325,MONASH,-5114,beauty_plus_antibeauty_constituent_count,raw_weighted_sum,weighted_count,0x1.3dda000000000p+15,AVAILABLE,WITHHELD_UNCERTAINTY
c3b6868688f9735ea553bb5ddf4fd192fa27ab94eda2e699937f901c6062f5db,CLOSEPACKING,-5114,charm_plus_anticharm_constituent_count,raw_count,count,0x0.0p+0,AVAILABLE,WITHHELD_UNCERTAINTY
d92fcbeab98e216193d56f4c4df3d2ee33346b2f71c01b26a6ed774a175a2319,JUNCTIONS,-5114,charm_plus_anticharm_constituent_count,raw_count,count,0x0.0p+0,AVAILABLE,WITHHELD_UNCERTAINTY
b54171c253e363e3b6213ae35bac5d85b13cebcab6132eda3bae93909322bb6a,MONASH,-5114,charm_plus_anticharm_constituent_count,raw_count,count,0x0.0p+0,AVAILABLE,WITHHELD_UNCERTAINTY
6348a7b2974ea430952887af42fe97706d82f667764ef22b3552d89b2a6e0641,CLOSEPACKING,-5114,charm_plus_anticharm_constituent_count,raw_weighted_sum,weighted_count,0x0.0p+0,AVAILABLE,WITHHELD_UNCERTAINTY
528ec46546383a09e6ccde579963a8b9f5d809c7b93fd2587d66b5c2664c09a9,JUNCTIONS,-5114,charm_plus_anticharm_constituent_count,raw_weighted_sum,weighted_count,0x0.0p+0,AVAILABLE,WITHHELD_UNCERTAINTY
032796953ded79f79f0b38040adc2bb3d01809cf6a0c1d0f47ddc1bddffb7584,MONASH,-5114,charm_plus_anticharm_constituent_count,raw_weighted_sum,weighted_count,0x0.0p+0,AVAILABLE,WITHHELD_UNCERTAINTY
ec64b301e93c3a84cb8087823685705e2b5cc58771bab5d56860cc0229846f79,CLOSEPACKING,-5114,hadron_count,normalized_yield,per_event,0x1.25143698c35aep-8,AVAILABLE,AVAILABLE
37e35cd4e2506d962f0ca2bb2bf6f9d32ce2f824f4dddf9895d7b74527338df1,JUNCTIONS,-5114,hadron_count,normalized_yield,per_event,0x1.3d244dbd2234ep-10,AVAILABLE,AVAILABLE
1a0e8924cb34ca2e3cf5be2ef14f8487ccbf39b84369db5e96acc721b8ded6e1,MONASH,-5114,hadron_count,normalized_yield,per_event,0x1.aa9cf71c2bafbp-12,AVAILABLE,AVAILABLE
1a53d4b7413c3d0e6a6ed8e331d49f0b449a1a6a91b71ea50b1f64b8647d924c,CLOSEPACKING,-5114,hadron_count,raw_count,count,0x1.b4b8c00000000p+18,AVAILABLE,WITHHELD_UNCERTAINTY
0dfeb575f8430b78a33759a9e1c45330074652419051f17651c9e6b04a8f98b5,JUNCTIONS,-5114,hadron_count,raw_count,count,0x1.d894000000000p+16,AVAILABLE,WITHHELD_UNCERTAINTY
643b991a4ba7a26dda973dc4c2469925e4235e134056b5b8fcfd29fb55ec5ef2,MONASH,-5114,hadron_count,raw_count,count,0x1.3dda000000000p+15,AVAILABLE,WITHHELD_UNCERTAINTY
14ec9775423c24ad70dc05295ff0127259cabb49d60edda0870aea2a8395e5ff,CLOSEPACKING,-5114,hadron_count,raw_weighted_sum,weighted_count,0x1.b4b8c00000000p+18,AVAILABLE,WITHHELD_UNCERTAINTY
e4cdeef639ce39c3012f390bd9bad3480e3d1606fee62851ae50a2ac0a0267e7,JUNCTIONS,-5114,hadron_count,raw_weighted_sum,weighted_count,0x1.d894000000000p+16,AVAILABLE,WITHHELD_UNCERTAINTY
9ac089d586f36b9f4efebe7c176dd07675d5a70c30afb3aa10cdd6bceb0fbb7c,MONASH,-5114,hadron_count,raw_weighted_sum,weighted_count,0x1.3dda000000000p+15,AVAILABLE,WITHHELD_UNCERTAINTY
0460d6cadfa3e5f9de43b80534391032263faf38835d8a8294341ae37e323ca9,CLOSEPACKING,-5122,beauty_plus_antibeauty_constituent_count,raw_count,count,0x1.1430c00000000p+19,AVAILABLE,WITHHELD_UNCERTAINTY
2a5ae6fcb0449c99e59de115e4cdfd61341f77d19f2260946a653a25a529888e,JUNCTIONS,-5122,beauty_plus_antibeauty_constituent_count,raw_count,count,0x1.2bbf000000000p+19,AVAILABLE,WITHHELD_UNCERTAINTY
75ce7009b5e898106ddcb3352ac693467415c485f608ffd9b457941004994336,MONASH,-5122,beauty_plus_antibeauty_constituent_count,raw_count,count,0x1.2eeb400000000p+18,AVAILABLE,WITHHELD_UNCERTAINTY
390b6e31f78a85da6654d6040947bc0df76eab81ef9c089b7ca7f86a72ec03ab,CLOSEPACKING,-5122,beauty_plus_antibeauty_constituent_count,raw_weighted_sum,weighted_count,0x1.1430c00000000p+19,AVAILABLE,WITHHELD_UNCERTAINTY
30b6e6eb6b5f38c63a37b051b4231f2be2c456739b2312686394e7b192b25af2,JUNCTIONS,-5122,beauty_plus_antibeauty_constituent_count,raw_weighted_sum,weighted_count,0x1.2bbf000000000p+19,AVAILABLE,WITHHELD_UNCERTAINTY
378ce8e40e899830a9afe7cda5254c4ee7d0bceacbe9ff9432ad83badf81f844,MONASH,-5122,beauty_plus_antibeauty_constituent_count,raw_weighted_sum,weighted_count,0x1.2eeb400000000p+18,AVAILABLE,WITHHELD_UNCERTAINTY
29d38d9abe9c0cdd79519dfe05448e7351f83200caceb0a0c9c91ee2d7d5b7dd,CLOSEPACKING,-5122,charm_plus_anticharm_constituent_count,raw_count,count,0x0.0p+0,AVAILABLE,WITHHELD_UNCERTAINTY
5058a5e1843e9295483c4607ce5d74ccf6b7b61f488b4304f98819e8734c4b84,JUNCTIONS,-5122,charm_plus_anticharm_constituent_count,raw_count,count,0x0.0p+0,AVAILABLE,WITHHELD_UNCERTAINTY
53f0e97dd718c4f80c793691983ad6cf6be7bc9ac7a8a15102b71ca74e4a19de,MONASH,-5122,charm_plus_anticharm_constituent_count,raw_count,count,0x0.0p+0,AVAILABLE,WITHHELD_UNCERTAINTY
b8fd7cbcdb8eb78d0c7b76537407496115aaddea11b29edcf36a9fb64452f146,CLOSEPACKING,-5122,charm_plus_anticharm_constituent_count,raw_weighted_sum,weighted_count,0x0.0p+0,AVAILABLE,WITHHELD_UNCERTAINTY
368c7befb94102174152827dfa620b3bcda0577c1ebc32176cdb6d12c09b0d2b,JUNCTIONS,-5122,charm_plus_anticharm_constituent_count,raw_weighted_sum,weighted_count,0x0.0p+0,AVAILABLE,WITHHELD_UNCERTAINTY
53c3328ca9391850307b9d754f42f34640738ed816223dcbe9a25c4bf6484df5,MONASH,-5122,charm_plus_anticharm_constituent_count,raw_weighted_sum,weighted_count,0x0.0p+0,AVAILABLE,WITHHELD_UNCERTAINTY
fcaec094c0974a809423b6d598fc0e911075e4b4104b51a9b86e03f6627933fe,CLOSEPACKING,-5122,hadron_count,normalized_yield,per_event,0x1.72b24f1d1e9edp-8,AVAILABLE,AVAILABLE
2255f5ee244306ee8bc78818596f607d48c56088a34f8b1b7f06180bec290e10,JUNCTIONS,-5122,hadron_count,normalized_yield,per_event,0x1.924ff93c97600p-8,AVAILABLE,AVAILABLE
75d4b88426144e75032b7fba49ba4f870aeec581803cd79bcdf3943d915e08a7,MONASH,-5122,hadron_count,normalized_yield,per_event,0x1.969228362a089p-9,AVAILABLE,AVAILABLE
495531e735b95591437d61cefb73e03571d0d4055d206f515c77b75b9391883f,CLOSEPACKING,-5122,hadron_count,raw_count,count,0x1.1430c00000000p+19,AVAILABLE,WITHHELD_UNCERTAINTY
a43977f50effa689df6aa6ef7c72f4b157511ceeea3e2539306a96446b8d09c1,JUNCTIONS,-5122,hadron_count,raw_count,count,0x1.2bbf000000000p+19,AVAILABLE,WITHHELD_UNCERTAINTY
ca07284ff6f4ce7bc1225dc21ccd197d45a7fdd5c20e7532a670a5163718804a,MONASH,-5122,hadron_count,raw_count,count,0x1.2eeb400000000p+18,AVAILABLE,WITHHELD_UNCERTAINTY
43dbbfeede8e9f28cadea8985acaa8b2d997835abb375ced1f92c672a03def29,CLOSEPACKING,-5122,hadron_count,raw_weighted_sum,weighted_count,0x1.1430c00000000p+19,AVAILABLE,WITHHELD_UNCERTAINTY
57230ae74e391a2460af6dbf447af70794aef08fff8019bc0938efcb01f0496c,JUNCTIONS,-5122,hadron_count,raw_weighted_sum,weighted_count,0x1.2bbf000000000p+19,AVAILABLE,WITHHELD_UNCERTAINTY
b09b44beb3b56ee87113bb1dc9944902e11ea0db161b423ffc19e019e3551bd1,MONASH,-5122,hadron_count,raw_weighted_sum,weighted_count,0x1.2eeb400000000p+18,AVAILABLE,WITHHELD_UNCERTAINTY
94422104c93ba9125e7ccb8912987ffef0bedda42402cd41f9f64998091d98c6,CLOSEPACKING,-513,beauty_plus_antibeauty_constituent_count,raw_count,count,0x1.5ca3780000000p+21,AVAILABLE,WITHHELD_UNCERTAINTY
8c43fc4ced405f2b41599af6ed4a787fc6838d472418b9d1def7e24b218b8918,JUNCTIONS,-513,beauty_plus_antibeauty_constituent_count,raw_count,count,0x1.63b1780000000p+21,AVAILABLE,WITHHELD_UNCERTAINTY
ab7dfe3d9b0d7cb65a8165502d1b1b7794f54c31ca477b3276fdd50ec830a857,MONASH,-513,beauty_plus_antibeauty_constituent_count,raw_count,count,0x1.ed2a480000000p+21,AVAILABLE,WITHHELD_UNCERTAINTY
42d8e195e03dd03dcfda6dc72a5ddda75e3b4896702df8fcf749692a09e78640,CLOSEPACKING,-513,beauty_plus_antibeauty_constituent_count,raw_weighted_sum,weighted_count,0x1.5ca3780000000p+21,AVAILABLE,WITHHELD_UNCERTAINTY
0c42e89449eb1e444c14b0682e25d3adbd1b9c1d0ebf852aec40d2295ff9c367,JUNCTIONS,-513,beauty_plus_antibeauty_constituent_count,raw_weighted_sum,weighted_count,0x1.63b1780000000p+21,AVAILABLE,WITHHELD_UNCERTAINTY
8afc15df4a6cbad511f471aa155b235f61a3a2db036da982b88b6a248236f71a,MONASH,-513,beauty_plus_antibeauty_constituent_count,raw_weighted_sum,weighted_count,0x1.ed2a480000000p+21,AVAILABLE,WITHHELD_UNCERTAINTY
15c785411c895232d299a851ad131ea9939ff5afbe6f83a4cc6362c10efa50be,CLOSEPACKING,-513,charm_plus_anticharm_constituent_count,raw_count,count,0x0.0p+0,AVAILABLE,WITHHELD_UNCERTAINTY
cbcb107d2c3e1dc74da41040ecfec9c508e35304f695099e6f9ebc0c3086146e,JUNCTIONS,-513,charm_plus_anticharm_constituent_count,raw_count,count,0x0.0p+0,AVAILABLE,WITHHELD_UNCERTAINTY
66b8acf0fb95d9fe95fbbd5dd7ced73e0bdff5d985048ca7cd405851c2707a92,MONASH,-513,charm_plus_anticharm_constituent_count,raw_count,count,0x0.0p+0,AVAILABLE,WITHHELD_UNCERTAINTY
4a1ff6379ee344a607524f20d35190f375454f4469c312879f2b9231955df547,CLOSEPACKING,-513,charm_plus_anticharm_constituent_count,raw_weighted_sum,weighted_count,0x0.0p+0,AVAILABLE,WITHHELD_UNCERTAINTY
64728272e5dc4faeb58e02832c6578436692a24b9d1d3185e9feca1914f47e76,JUNCTIONS,-513,charm_plus_anticharm_constituent_count,raw_weighted_sum,weighted_count,0x0.0p+0,AVAILABLE,WITHHELD_UNCERTAINTY
39d88c5af37becba8a4d196d1886c70d8eaf12401052f0bf05a70256baa94f2a,MONASH,-513,charm_plus_anticharm_constituent_count,raw_weighted_sum,weighted_count,0x0.0p+0,AVAILABLE,WITHHELD_UNCERTAINTY
1f69b81b01adab1159260ac82e9cec35fd4cae3ac666b4e35e9066e206f41af6,CLOSEPACKING,-513,hadron_count,normalized_yield,per_event,0x1.d3ef4b26efd8fp-6,AVAILABLE,AVAILABLE
387f3853ddc5d46161746cc2c57a6a5036aeae3709e27aeaff9dfdfd729fa60c,JUNCTIONS,-513,hadron_count,normalized_yield,per_event,0x1.dd674406eb00cp-6,AVAILABLE,AVAILABLE
c9b9798f693984d63cf7ae51bca53f8563c4c20b46fed69836fcc8ce8f689983,MONASH,-513,hadron_count,normalized_yield,per_event,0x1.4af52129c64d0p-5,AVAILABLE,AVAILABLE
27bdc06566922d4706a9696b5588d02322dc6de31954cac6d629b2a60a8d88b1,CLOSEPACKING,-513,hadron_count,raw_count,count,0x1.5ca3780000000p+21,AVAILABLE,WITHHELD_UNCERTAINTY
2c65b077d339c92d62ce901ebc4217334b0ff2d2e0b9450bed854ae6b6a4ba0d,JUNCTIONS,-513,hadron_count,raw_count,count,0x1.63b1780000000p+21,AVAILABLE,WITHHELD_UNCERTAINTY
4419130d3710d6a8a6f2dd9b9968c23ee87a5a2ac4a90f483750edc342c203b7,MONASH,-513,hadron_count,raw_count,count,0x1.ed2a480000000p+21,AVAILABLE,WITHHELD_UNCERTAINTY
70fb243d8561da646b933939cc189336fd9420ec5edf697a8967140f7f48bf5e,CLOSEPACKING,-513,hadron_count,raw_weighted_sum,weighted_count,0x1.5ca3780000000p+21,AVAILABLE,WITHHELD_UNCERTAINTY
b5b1ddd1ba3fc834e1ed0eb3fbf0e43e489a2a7badbbf01e89cbd6c2921453f3,JUNCTIONS,-513,hadron_count,raw_weighted_sum,weighted_count,0x1.63b1780000000p+21,AVAILABLE,WITHHELD_UNCERTAINTY
b0087f439a2627ccc025f59cffdacbd0ba1a4da7b7635bfb3e2a7158112bf0d9,MONASH,-513,hadron_count,raw_weighted_sum,weighted_count,0x1.ed2a480000000p+21,AVAILABLE,WITHHELD_UNCERTAINTY
4cc97be3f8ba3abd53bca2fc08b4bd7ad0655f55d56ab0e289c20bea4c02d889,CLOSEPACKING,-5132,beauty_plus_antibeauty_constituent_count,raw_count,count,0x1.1277000000000p+17,AVAILABLE,WITHHELD_UNCERTAINTY
8f915c981d7bb482331b2cd5d253ccbb5c65d3e2236516e0da05c8c023be1f6d,JUNCTIONS,-5132,beauty_plus_antibeauty_constituent_count,raw_count,count,0x1.e4d8000000000p+16,AVAILABLE,WITHHELD_UNCERTAINTY
64352ff6fafe368a3521ef03f7d925aba28bd5f35c83635427de76d91e38e563,MONASH,-5132,beauty_plus_antibeauty_constituent_count,raw_count,count,0x1.b6b4000000000p+15,AVAILABLE,WITHHELD_UNCERTAINTY
c70d09e9c1e7d06d8fa961c09c310254769c74ec97732fe9208d4aaa898ab8ca,CLOSEPACKING,-5132,beauty_plus_antibeauty_constituent_count,raw_weighted_sum,weighted_count,0x1.1277000000000p+17,AVAILABLE,WITHHELD_UNCERTAINTY
e248901abffff54610e08d9189f01be70288ac5f6074ebfb63884ae8c8136b45,JUNCTIONS,-5132,beauty_plus_antibeauty_constituent_count,raw_weighted_sum,weighted_count,0x1.e4d8000000000p+16,AVAILABLE,WITHHELD_UNCERTAINTY
98390d1b411ae600aaa2d3fd901f0263d06c78771b3fe8293f585c191f32bb58,MONASH,-5132,beauty_plus_antibeauty_constituent_count,raw_weighted_sum,weighted_count,0x1.b6b4000000000p+15,AVAILABLE,WITHHELD_UNCERTAINTY
6dd6b9705afb73337599cca991ad4f0fb0d43f32657ce8699553c541bb75890d,CLOSEPACKING,-5132,charm_plus_anticharm_constituent_count,raw_count,count,0x0.0p+0,AVAILABLE,WITHHELD_UNCERTAINTY
8e1508fa968ee81460b6496d7898cdf0cc30d3bb1f8dd9542da327c0b09f3fa9,JUNCTIONS,-5132,charm_plus_anticharm_constituent_count,raw_count,count,0x0.0p+0,AVAILABLE,WITHHELD_UNCERTAINTY
929dc92fe90c49ed28dee4145b017a2fa2b64c6b504b5eb65e0d5f50c87cdbf9,MONASH,-5132,charm_plus_anticharm_constituent_count,raw_count,count,0x0.0p+0,AVAILABLE,WITHHELD_UNCERTAINTY
c66d6fb9caf84536f47bc228fd638f2660a92e94dfa062454ecc9d2390cbe580,CLOSEPACKING,-5132,charm_plus_anticharm_constituent_count,raw_weighted_sum,weighted_count,0x0.0p+0,AVAILABLE,WITHHELD_UNCERTAINTY
c4aae3ff6e76808c8fbc940893cd6cadc8ceb47d357b3a9f4084769a0e864778,JUNCTIONS,-5132,charm_plus_anticharm_constituent_count,raw_weighted_sum,weighted_count,0x0.0p+0,AVAILABLE,WITHHELD_UNCERTAINTY
c2d66059e334801a8a131d93def6afcbb4301e7675643fcb0e40116b2b78481b,MONASH,-5132,charm_plus_anticharm_constituent_count,raw_weighted_sum,weighted_count,0x0.0p+0,AVAILABLE,WITHHELD_UNCERTAINTY
522fdb4ba8798edeb3b7ef927a22625a2756cbb74b176e6d86f69eea893e97b1,CLOSEPACKING,-5132,hadron_count,normalized_yield,per_event,0x1.706166f831aa7p-10,AVAILABLE,AVAILABLE
61848c0bec3b63703b10aa7eed0c5dd221ad7801d757a141c1e9a1910fdf87f6,JUNCTIONS,-5132,hadron_count,normalized_yield,per_event,0x1.455f85a19510ap-10,AVAILABLE,AVAILABLE
c3622d82119e3b42410986451f66a6ad9ab30336fdd619e54d018f9d1fd240ef,MONASH,-5132,hadron_count,normalized_yield,per_event,0x1.26689f7bb0d07p-11,AVAILABLE,AVAILABLE
3a06a229f1d9aa6a3b3050d04cd66008cf2986b42ff0563dca1ae2e05937e394,CLOSEPACKING,-5132,hadron_count,raw_count,count,0x1.1277000000000p+17,AVAILABLE,WITHHELD_UNCERTAINTY
40c05b8c1e28f00e2803f8a126f6ede8e390db30d21a486ea8bbbf77c0d6966d,JUNCTIONS,-5132,hadron_count,raw_count,count,0x1.e4d8000000000p+16,AVAILABLE,WITHHELD_UNCERTAINTY
30fb1f6b4de89bcb31c05f19bdcca8c17e388b5928f82ae6e7cfc53b3e151224,MONASH,-5132,hadron_count,raw_count,count,0x1.b6b4000000000p+15,AVAILABLE,WITHHELD_UNCERTAINTY
6ba3c2959185cd3209b0a948e8b3c500d26b8a841cbc39ba4e291388c7c98526,CLOSEPACKING,-5132,hadron_count,raw_weighted_sum,weighted_count,0x1.1277000000000p+17,AVAILABLE,WITHHELD_UNCERTAINTY
8e969859cdd075f3eaa62b3e35e9fdad4948467f26a4b4b49ca0214b603764f1,JUNCTIONS,-5132,hadron_count,raw_weighted_sum,weighted_count,0x1.e4d8000000000p+16,AVAILABLE,WITHHELD_UNCERTAINTY
66a86686f82483ab0414fa219e052978507d10eb23fa6dbf001c3298ba6af4bf,MONASH,-5132,hadron_count,raw_weighted_sum,weighted_count,0x1.b6b4000000000p+15,AVAILABLE,WITHHELD_UNCERTAINTY
18cbe2af118341574bf9cbc2e74dbb3cfc1efad6f57a288788ea23fe8a0871f5,CLOSEPACKING,-5142,beauty_plus_antibeauty_constituent_count,raw_count,count,0x1.e700000000000p+11,AVAILABLE,WITHHELD_UNCERTAINTY
8a6ce118e8fbbd033ef978bb7bab63a28a5a5a5d293538b162b662e08d8a1fef,JUNCTIONS,-5142,beauty_plus_antibeauty_constituent_count,raw_count,count,0x1.f1e0000000000p+11,AVAILABLE,WITHHELD_UNCERTAINTY
fb523bf4896f6c960de4879023c9e428b48ce159bcc48b0415aef0f8a6c1be3d,MONASH,-5142,beauty_plus_antibeauty_constituent_count,raw_count,count,0x0.0p+0,AVAILABLE,WITHHELD_UNCERTAINTY
6bf10679bb89b6cdaad0ff503e0e5729165910cdc0641ca6ea1408b1b2b6fc2f,CLOSEPACKING,-5142,beauty_plus_antibeauty_constituent_count,raw_weighted_sum,weighted_count,0x1.e700000000000p+11,AVAILABLE,WITHHELD_UNCERTAINTY
b97183b95ce7878ebf3926f4a567f1da56201e4ff5d1e0e59913630e846f12bf,JUNCTIONS,-5142,beauty_plus_antibeauty_constituent_count,raw_weighted_sum,weighted_count,0x1.f1e0000000000p+11,AVAILABLE,WITHHELD_UNCERTAINTY
69229a452af43bb195047ff897557f630a98c9efa173f813c125772768f8a1cd,MONASH,-5142,beauty_plus_antibeauty_constituent_count,raw_weighted_sum,weighted_count,0x0.0p+0,AVAILABLE,WITHHELD_UNCERTAINTY
85ef128bf229a05b38b407c74612b8d2c9eeeccd2cc6d651671eaf78b8d910e8,CLOSEPACKING,-5142,charm_plus_anticharm_constituent_count,raw_count,count,0x1.e700000000000p+11,AVAILABLE,WITHHELD_UNCERTAINTY
71b857ecec145a8d1c6922574897a5cd2a153fbe541a79a526ad6a635953db30,JUNCTIONS,-5142,charm_plus_anticharm_constituent_count,raw_count,count,0x1.f1e0000000000p+11,AVAILABLE,WITHHELD_UNCERTAINTY
0ca5f9c432de5359c2ca2e49a2cbbee9e6fd375985edbc786cd23ed24ced8e38,MONASH,-5142,charm_plus_anticharm_constituent_count,raw_count,count,0x0.0p+0,AVAILABLE,WITHHELD_UNCERTAINTY
20b3d900248b4ba992c39103b25f1062534b77d9edb79e07aafd9aea4595c189,CLOSEPACKING,-5142,charm_plus_anticharm_constituent_count,raw_weighted_sum,weighted_count,0x1.e700000000000p+11,AVAILABLE,WITHHELD_UNCERTAINTY
d62dd768b56157112ad02e09813701d0bfdc8c323f000e1ce70124f005c65d0e,JUNCTIONS,-5142,charm_plus_anticharm_constituent_count,raw_weighted_sum,weighted_count,0x1.f1e0000000000p+11,AVAILABLE,WITHHELD_UNCERTAINTY
d4b6efbf8e21ba5be6deaa8cf6447fe14dbdf577e2fb20547d3167033c00644c,MONASH,-5142,charm_plus_anticharm_constituent_count,raw_weighted_sum,weighted_count,0x0.0p+0,AVAILABLE,WITHHELD_UNCERTAINTY
7e5500a41e9021996ce33a5c63b82c42544899785749dc0653aee670118b597c,CLOSEPACKING,-5142,hadron_count,normalized_yield,per_event,0x1.46d1f68252d61p-15,AVAILABLE,AVAILABLE
abbd42f6e3c55da95f717718ea1175908fdcd28d41bdbe4f1f71bfaaf8baffe7,JUNCTIONS,-5142,hadron_count,normalized_yield,per_event,0x1.4e1e46113155cp-15,AVAILABLE,AVAILABLE
81b2a583c86d096ecc9c73fc38a0bd11bb183cdbae51f5d852be5ad95828ef2a,MONASH,-5142,hadron_count,normalized_yield,per_event,0x0.0p+0,AVAILABLE,AVAILABLE_ZERO_DISPERSION
79a31d6789294048cddbded6a8b96902f71022d2fec6aeb80334003c398386b8,CLOSEPACKING,-5142,hadron_count,raw_count,count,0x1.e700000000000p+11,AVAILABLE,WITHHELD_UNCERTAINTY
120a4e5b743a7107dd4a59d2781fb48d8592d927d06522bff30566c7cd48935c,JUNCTIONS,-5142,hadron_count,raw_count,count,0x1.f1e0000000000p+11,AVAILABLE,WITHHELD_UNCERTAINTY
2365715eda289fe13db58d400e0c37e08bae223e23a4dfcaf4720e5714bbd7d4,MONASH,-5142,hadron_count,raw_count,count,0x0.0p+0,AVAILABLE,WITHHELD_UNCERTAINTY
ad75b18eeacea57c4c3132ec654c3bcb7c1a4163fe197c9cd7a5d54da34ed2a0,CLOSEPACKING,-5142,hadron_count,raw_weighted_sum,weighted_count,0x1.e700000000000p+11,AVAILABLE,WITHHELD_UNCERTAINTY
7da81469e230a74ce8994af598c8793c36bd199bc39ea2d5ef1a5ed5224daee0,JUNCTIONS,-5142,hadron_count,raw_weighted_sum,weighted_count,0x1.f1e0000000000p+11,AVAILABLE,WITHHELD_UNCERTAINTY
47d6cdd9e70a28a39c241f79f249c963128eee397b57a78efcc18a327f554cfc,MONASH,-5142,hadron_count,raw_weighted_sum,weighted_count,0x0.0p+0,AVAILABLE,WITHHELD_UNCERTAINTY
ebf880364bfbe570f2a2450b211e2fc182c6ad4a7dac2b5db6f9204343bc6fce,CLOSEPACKING,-521,beauty_plus_antibeauty_constituent_count,raw_count,count,0x1.4141f00000000p+20,AVAILABLE,WITHHELD_UNCERTAINTY
5279274ef4f8ca3f6190e76a13187e63d1ec3f7abc6b800a223688e5811a7d91,JUNCTIONS,-521,beauty_plus_antibeauty_constituent_count,raw_count,count,0x1.478f600000000p+20,AVAILABLE,WITHHELD_UNCERTAINTY
cd00797d1e520108d83842bc8ed4a77444c85f2e70a948e568ba0ae81f4d4d22,MONASH,-521,beauty_plus_antibeauty_constituent_count,raw_count,count,0x1.c227700000000p+20,AVAILABLE,WITHHELD_UNCERTAINTY
ad899076c2ff1c291d4bfad94c7d964f7e399846272a5650a672789cc19a296d,CLOSEPACKING,-521,beauty_plus_antibeauty_constituent_count,raw_weighted_sum,weighted_count,0x1.4141f00000000p+20,AVAILABLE,WITHHELD_UNCERTAINTY
a823654640aaae07673dea1a550d4337b2830f6eea01ff269596c704d1ad9bd2,JUNCTIONS,-521,beauty_plus_antibeauty_constituent_count,raw_weighted_sum,weighted_count,0x1.478f600000000p+20,AVAILABLE,WITHHELD_UNCERTAINTY
02ebf0dfcb6f20168517e9be664b6fbab993981ba38a4160d33663bfce0544d1,MONASH,-521,beauty_plus_antibeauty_constituent_count,raw_weighted_sum,weighted_count,0x1.c227700000000p+20,AVAILABLE,WITHHELD_UNCERTAINTY
3c0ab3a19b4de3419e37a0488c50b343fbf5fec3ec8c871edc1c34e09b4b2057,CLOSEPACKING,-521,charm_plus_anticharm_constituent_count,raw_count,count,0x0.0p+0,AVAILABLE,WITHHELD_UNCERTAINTY
38f6c6678e5f02cb3c777c8ed5afdfffc355cd918b71a6927e5d1af47c58ad7d,JUNCTIONS,-521,charm_plus_anticharm_constituent_count,raw_count,count,0x0.0p+0,AVAILABLE,WITHHELD_UNCERTAINTY
553ac3b4f129cefe72de72641fdf344f4584b88e0c5a3ba15cd3cea9cb5291f6,MONASH,-521,charm_plus_anticharm_constituent_count,raw_count,count,0x0.0p+0,AVAILABLE,WITHHELD_UNCERTAINTY
64d9c8eab7484a6e1e088f37f5c626e5cd5b33cd05a2170f415e7c4b44fa8e66,CLOSEPACKING,-521,charm_plus_anticharm_constituent_count,raw_weighted_sum,weighted_count,0x0.0p+0,AVAILABLE,WITHHELD_UNCERTAINTY
a84c8312c241b04816fcc5618408ff70cde2ccc409b6be21b520a95f20336111,JUNCTIONS,-521,charm_plus_anticharm_constituent_count,raw_weighted_sum,weighted_count,0x0.0p+0,AVAILABLE,WITHHELD_UNCERTAINTY
7e290497e85bf1b8302d6a30ad91280e2f520caafc6a8df0e35f539c1cfe055f,MONASH,-521,charm_plus_anticharm_constituent_count,raw_weighted_sum,weighted_count,0x0.0p+0,AVAILABLE,WITHHELD_UNCERTAINTY
50e20f0d61a59c4dd0353b156e546f07e2ddbfd8954e57e1e77809d51bc54e14,CLOSEPACKING,-521,hadron_count,normalized_yield,per_event,0x1.af2f428dc4236p-7,AVAILABLE,AVAILABLE
2f51e364066275478361d7703f10a1f69f9117b234a5912ed62a2e56f1259995,JUNCTIONS,-521,hadron_count,normalized_yield,per_event,0x1.b7a4c7751f10ep-7,AVAILABLE,AVAILABLE
0272e8f49d67fe88b7749446d40de41c3e9215b1005f1ce2da56b8efc3718fbd,MONASH,-521,hadron_count,normalized_yield,per_event,0x1.2e17e09c6276cp-6,AVAILABLE,AVAILABLE
69116a275d90201b4d12422f65e1cd298f2026f7051daf496694e8aa3ba01828,CLOSEPACKING,-521,hadron_count,raw_count,count,0x1.4141f00000000p+20,AVAILABLE,WITHHELD_UNCERTAINTY
77a6e323022e0d094c9c698c8c9f75a87a6e9cc4e68b823974820b529d0f9f9e,JUNCTIONS,-521,hadron_count,raw_count,count,0x1.478f600000000p+20,AVAILABLE,WITHHELD_UNCERTAINTY
eb51b3fa547a73d6a68a5c48938c40f37b4a6e8c48b6935017a212ba7a5c2d88,MONASH,-521,hadron_count,raw_count,count,0x1.c227700000000p+20,AVAILABLE,WITHHELD_UNCERTAINTY
28cd36810725deb52ff3bb1dada29c0f7395d0aee491b8483889aa6327e4782e,CLOSEPACKING,-521,hadron_count,raw_weighted_sum,weighted_count,0x1.4141f00000000p+20,AVAILABLE,WITHHELD_UNCERTAINTY
fb9b57dd2e1b7a43f834216c17a44a32b05e9004d17056f2c5fa0140766ab4e0,JUNCTIONS,-521,hadron_count,raw_weighted_sum,weighted_count,0x1.478f600000000p+20,AVAILABLE,WITHHELD_UNCERTAINTY
286f015f9c1f6d124efd7b1d6efd71035823a2e4a3c06d44734a726e619d2cf7,MONASH,-521,hadron_count,raw_weighted_sum,weighted_count,0x1.c227700000000p+20,AVAILABLE,WITHHELD_UNCERTAINTY
2aefd0d435e9baa93dba952b11ffd35db2b710de1daa9cc2bcc7c8983ede6235,CLOSEPACKING,-5212,beauty_plus_antibeauty_constituent_count,raw_count,count,0x1.09b6c00000000p+19,AVAILABLE,WITHHELD_UNCERTAINTY
3078d00401de2e64ee9edbce418a62e1bb0305994fee4d03241264074b089527,JUNCTIONS,-5212,beauty_plus_antibeauty_constituent_count,raw_count,count,0x1.c860400000000p+19,AVAILABLE,WITHHELD_UNCERTAINTY
fb991583231c01ce35bc0b4c6551622ae1301c53ab661b73c5f1def56623d690,MONASH,-5212,beauty_plus_antibeauty_constituent_count,raw_count,count,0x1.3d9c000000000p+14,AVAILABLE,WITHHELD_UNCERTAINTY
443a8823d8f248e042a3449f7aee3b7a9fda0476a08619b46fc6bcaeb13fb75f,CLOSEPACKING,-5212,beauty_plus_antibeauty_constituent_count,raw_weighted_sum,weighted_count,0x1.09b6c00000000p+19,AVAILABLE,WITHHELD_UNCERTAINTY
c93e3789733f76a76e6ab2593843f3876679393d393f41870ff5df49b30f3a20,JUNCTIONS,-5212,beauty_plus_antibeauty_constituent_count,raw_weighted_sum,weighted_count,0x1.c860400000000p+19,AVAILABLE,WITHHELD_UNCERTAINTY
a06070b1b75ca4899564b19dcf4083c96caec1aa5fecdb1fa39927d9ed1837fb,MONASH,-5212,beauty_plus_antibeauty_constituent_count,raw_weighted_sum,weighted_count,0x1.3d9c000000000p+14,AVAILABLE,WITHHELD_UNCERTAINTY
a43474c6ff837abe7607c1bdf79ba312340e81711da297c28364a908b84692aa,CLOSEPACKING,-5212,charm_plus_anticharm_constituent_count,raw_count,count,0x0.0p+0,AVAILABLE,WITHHELD_UNCERTAINTY
efd9e439d6fa56822b5112b6b8da30949a5a5a7ffbcc240819568d7d17623757,JUNCTIONS,-5212,charm_plus_anticharm_constituent_count,raw_count,count,0x0.0p+0,AVAILABLE,WITHHELD_UNCERTAINTY
ee67c5aa035e422c751c1ac9c9361dda1f73dbb61e021d8f37d8a487d7fc1b43,MONASH,-5212,charm_plus_anticharm_constituent_count,raw_count,count,0x0.0p+0,AVAILABLE,WITHHELD_UNCERTAINTY
11723524ecfca77b529356ab130b433f3b4d88c85b73b698034b225a9d2c68d3,CLOSEPACKING,-5212,charm_plus_anticharm_constituent_count,raw_weighted_sum,weighted_count,0x0.0p+0,AVAILABLE,WITHHELD_UNCERTAINTY
aa3568347a8f8f135e0440ecb65d4947dd8abd49ad05fef86d2e80a8febdecd6,JUNCTIONS,-5212,charm_plus_anticharm_constituent_count,raw_weighted_sum,weighted_count,0x0.0p+0,AVAILABLE,WITHHELD_UNCERTAINTY
d35df6d9851fbcbfd3243499df5d76d2aa217a66dcabd9c2dee6889e2c4a558f,MONASH,-5212,charm_plus_anticharm_constituent_count,raw_weighted_sum,weighted_count,0x0.0p+0,AVAILABLE,WITHHELD_UNCERTAINTY
88acda47fd64126849b035c40318eb4033ced4324af478603e2670e3111936b4,CLOSEPACKING,-5212,hadron_count,normalized_yield,per_event,0x1.64a296ee43950p-8,AVAILABLE,AVAILABLE
dc46b9e35a66b0b64598caf58f795f5b33dc047e940e2d7e69f5191e699964f0,JUNCTIONS,-5212,hadron_count,normalized_yield,per_event,0x1.3244cbb6f8244p-7,AVAILABLE,AVAILABLE
97423c963491a3de7891a96afc462d619d701eb334821a9d071da2841e32a506,MONASH,-5212,hadron_count,normalized_yield,per_event,0x1.aa49c0127f339p-13,AVAILABLE,AVAILABLE
359f70b87a2dad0f25546c431cd5c238c6064052fc4e7357f6549b8b7a79f3b0,CLOSEPACKING,-5212,hadron_count,raw_count,count,0x1.09b6c00000000p+19,AVAILABLE,WITHHELD_UNCERTAINTY
35fdf5e6611aefeac8b33df72567cbfc9e54d1d558d01d318bc9a4299613bfba,JUNCTIONS,-5212,hadron_count,raw_count,count,0x1.c860400000000p+19,AVAILABLE,WITHHELD_UNCERTAINTY
c95d2d38af47dd67ae4766e86ef4c63e713b456529d8727a6b235c77e7e74bc5,MONASH,-5212,hadron_count,raw_count,count,0x1.3d9c000000000p+14,AVAILABLE,WITHHELD_UNCERTAINTY
f52561b382aeb308ec23abafd7f64a19a8810a03d2039773812a01c040169767,CLOSEPACKING,-5212,hadron_count,raw_weighted_sum,weighted_count,0x1.09b6c00000000p+19,AVAILABLE,WITHHELD_UNCERTAINTY
04de5027924519a100558f0065c88a0f4b4c5e5c0dc54442c35bc34b0d524b2e,JUNCTIONS,-5212,hadron_count,raw_weighted_sum,weighted_count,0x1.c860400000000p+19,AVAILABLE,WITHHELD_UNCERTAINTY
5f588dbfb471cd507381cb9acb119132d1c64dc711f2183b7115c8bc169c36dd,MONASH,-5212,hadron_count,raw_weighted_sum,weighted_count,0x1.3d9c000000000p+14,AVAILABLE,WITHHELD_UNCERTAINTY
bfae9d287a9b53e2082502769681f7ad884ca9633e286213663ea74f6022e03d,CLOSEPACKING,-5214,beauty_plus_antibeauty_constituent_count,raw_count,count,0x1.080e400000000p+19,AVAILABLE,WITHHELD_UNCERTAINTY
54c2133dd742ed1dcd57610f276d67419f1a2f6b387283b49560c80ce66b3ea8,JUNCTIONS,-5214,beauty_plus_antibeauty_constituent_count,raw_count,count,0x1.eff5000000000p+16,AVAILABLE,WITHHELD_UNCERTAINTY
19872c4eeebc8c2d046b3b3897ac606bb5442428f80ffd5c4a8f838714c239f9,MONASH,-5214,beauty_plus_antibeauty_constituent_count,raw_count,count,0x1.3c5a000000000p+15,AVAILABLE,WITHHELD_UNCERTAINTY
035a1ab5b801dcc0a12565ebb7b353dfdef71f68f12e60e5d980ab269a87b137,CLOSEPACKING,-5214,beauty_plus_antibeauty_constituent_count,raw_weighted_sum,weighted_count,0x1.080e400000000p+19,AVAILABLE,WITHHELD_UNCERTAINTY
78c45719839368243545e36f617d6586c3cb4d68e1764ed06f62626758c671a1,JUNCTIONS,-5214,beauty_plus_antibeauty_constituent_count,raw_weighted_sum,weighted_count,0x1.eff5000000000p+16,AVAILABLE,WITHHELD_UNCERTAINTY
cf049ff9b31f3196d1e769c7123a01548eb3a920a0742a73f5b823274a0a987e,MONASH,-5214,beauty_plus_antibeauty_constituent_count,raw_weighted_sum,weighted_count,0x1.3c5a000000000p+15,AVAILABLE,WITHHELD_UNCERTAINTY
0f9eeffd568edad135e481b5d1814b67abd4372d653097fb3b38aeb3e1a59b8e,CLOSEPACKING,-5214,charm_plus_anticharm_constituent_count,raw_count,count,0x0.0p+0,AVAILABLE,WITHHELD_UNCERTAINTY
d62356069f1b92d716ae724e96974fb7f2ad354e40fbafa56d101372bdd15315,JUNCTIONS,-5214,charm_plus_anticharm_constituent_count,raw_count,count,0x0.0p+0,AVAILABLE,WITHHELD_UNCERTAINTY
ae2316a4bd4da33346250bff137049cbd1894fe4c9b6a11e7bb722e433e20899,MONASH,-5214,charm_plus_anticharm_constituent_count,raw_count,count,0x0.0p+0,AVAILABLE,WITHHELD_UNCERTAINTY
446529442fdfd1c04e38fab2532d2583759a2af1eb3239e7042b11312078205c,CLOSEPACKING,-5214,charm_plus_anticharm_constituent_count,raw_weighted_sum,weighted_count,0x0.0p+0,AVAILABLE,WITHHELD_UNCERTAINTY
19c0692ab95597f2ed88ca28a83ef5c09ac87861a28d8c84c3fd0e6926c06ef1,JUNCTIONS,-5214,charm_plus_anticharm_constituent_count,raw_weighted_sum,weighted_count,0x0.0p+0,AVAILABLE,WITHHELD_UNCERTAINTY
e37d82a92208e16e2d2b27a0dfe2ef1629ad92b41478faeb26342e8c81afb01c,MONASH,-5214,charm_plus_anticharm_constituent_count,raw_weighted_sum,weighted_count,0x0.0p+0,AVAILABLE,WITHHELD_UNCERTAINTY
0fc5dae360f989219c65d86d971c51f1855db6de803fdb1e989c6e317eb4914e,CLOSEPACKING,-5214,hadron_count,normalized_yield,per_event,0x1.6268d5d7627cfp-8,AVAILABLE,AVAILABLE
b8393305448df28cfa63486a7d01e1bfe01678d9f9beac5bc398fb101147f473,JUNCTIONS,-5214,hadron_count,normalized_yield,per_event,0x1.4cd4c4e8d2bcdp-10,AVAILABLE,AVAILABLE
9a2bc989cf299b69fb1c912cee6f208ef47964098bfe9ec29afe25c0068322c5,MONASH,-5214,hadron_count,normalized_yield,per_event,0x1.a89991b6f7229p-12,AVAILABLE,AVAILABLE
33d7d788fc171f9b0c1ba3e90b29c0042495c0a0c837fcc903c397e159b0ae0b,CLOSEPACKING,-5214,hadron_count,raw_count,count,0x1.080e400000000p+19,AVAILABLE,WITHHELD_UNCERTAINTY
01fd6301e53532b16b93d18d3faf2d54c2a6941dd318d1474ec70b0062069de8,JUNCTIONS,-5214,hadron_count,raw_count,count,0x1.eff5000000000p+16,AVAILABLE,WITHHELD_UNCERTAINTY
13cf45a5120dc605e12e695b9bd86534d64f6bef07055023615b61f48e270a3a,MONASH,-5214,hadron_count,raw_count,count,0x1.3c5a000000000p+15,AVAILABLE,WITHHELD_UNCERTAINTY
52912cc544f9819db51f81016dbcc60b045e92a3bdbe56059338e4b28762022d,CLOSEPACKING,-5214,hadron_count,raw_weighted_sum,weighted_count,0x1.080e400000000p+19,AVAILABLE,WITHHELD_UNCERTAINTY
e5fc849a7422c872a44d35516d92c924b84cfad03077a7bc19676c7c815661fc,JUNCTIONS,-5214,hadron_count,raw_weighted_sum,weighted_count,0x1.eff5000000000p+16,AVAILABLE,WITHHELD_UNCERTAINTY
49330e200abd70b1bd440f0d9824dc7ce37ba9aaaed0d75acc2eeabb80db2b5a,MONASH,-5214,hadron_count,raw_weighted_sum,weighted_count,0x1.3c5a000000000p+15,AVAILABLE,WITHHELD_UNCERTAINTY
8120e3729d5dad448418dd367e3ffdef9cf38b81500169477e179157494220eb,CLOSEPACKING,-5222,beauty_plus_antibeauty_constituent_count,raw_count,count,0x1.c0d6400000000p+18,AVAILABLE,WITHHELD_UNCERTAINTY
ba016705bdc00ea251075b43013a46c09d258f1e4d9a34992d3a068bfd1533f4,JUNCTIONS,-5222,beauty_plus_antibeauty_constituent_count,raw_count,count,0x1.9947200000000p+19,AVAILABLE,WITHHELD_UNCERTAINTY
0ab77e433fb9df0a62654ea8027ae38fa8d9eb9b77d247851b8442e7ebfd9845,MONASH,-5222,beauty_plus_antibeauty_constituent_count,raw_count,count,0x1.3f90000000000p+14,AVAILABLE,WITHHELD_UNCERTAINTY
a675630dedc7170f45a37ad7ab091d3f0fc74ebbfaf428135ed694065c3c251e,CLOSEPACKING,-5222,beauty_plus_antibeauty_constituent_count,raw_weighted_sum,weighted_count,0x1.c0d6400000000p+18,AVAILABLE,WITHHELD_UNCERTAINTY
a172b5099010f2e60fb201c89921de122060147751d03702a4265ffae083b271,JUNCTIONS,-5222,beauty_plus_antibeauty_constituent_count,raw_weighted_sum,weighted_count,0x1.9947200000000p+19,AVAILABLE,WITHHELD_UNCERTAINTY
2a6e7e0b3789f169e1933d9ded6065a6f63feba382750dc484d18df0c26dbfda,MONASH,-5222,beauty_plus_antibeauty_constituent_count,raw_weighted_sum,weighted_count,0x1.3f90000000000p+14,AVAILABLE,WITHHELD_UNCERTAINTY
84d595ad2fdd7c7c061da5d4604d2663987acf053fb4e6800127a955a6f3794a,CLOSEPACKING,-5222,charm_plus_anticharm_constituent_count,raw_count,count,0x0.0p+0,AVAILABLE,WITHHELD_UNCERTAINTY
928836a4f4721cc465603f3e67e3531ca9956831f68098d30d934e31542fecc5,JUNCTIONS,-5222,charm_plus_anticharm_constituent_count,raw_count,count,0x0.0p+0,AVAILABLE,WITHHELD_UNCERTAINTY
a65b0d204a6be0a879461c209a38d29d97145e9c513c27dcebb2c8e542e475ec,MONASH,-5222,charm_plus_anticharm_constituent_count,raw_count,count,0x0.0p+0,AVAILABLE,WITHHELD_UNCERTAINTY
872afad9584b01b5c72a650ef76da8c8cb8963f327cd52d747b80ec1a32d6468,CLOSEPACKING,-5222,charm_plus_anticharm_constituent_count,raw_weighted_sum,weighted_count,0x0.0p+0,AVAILABLE,WITHHELD_UNCERTAINTY
eac6e982f53739ac6d0da031079a90e457916c51a76563294c4223a7f36bb4c9,JUNCTIONS,-5222,charm_plus_anticharm_constituent_count,raw_weighted_sum,weighted_count,0x0.0p+0,AVAILABLE,WITHHELD_UNCERTAINTY
665f3c804b4f7ebff7c40b299e03a1a79e8c187d3d9ff60f534fa4953b573b69,MONASH,-5222,charm_plus_anticharm_constituent_count,raw_weighted_sum,weighted_count,0x0.0p+0,AVAILABLE,WITHHELD_UNCERTAINTY
623975d07ec6f1b6413fa2ad52dac270cd30b100dc8369451aa1bdd831914549,CLOSEPACKING,-5222,hadron_count,normalized_yield,per_event,0x1.2d35983d4e143p-8,AVAILABLE,AVAILABLE
9747fb7a121b74cdd5ff5780eb29915e273a3f9358a7541c42a4145eef563777,JUNCTIONS,-5222,hadron_count,normalized_yield,per_event,0x1.12a96569913e3p-7,AVAILABLE,AVAILABLE
8b1b46dd8be0f926d86c7d5dca0db840d105ab1bf248efff8858fe8ef60377f5,MONASH,-5222,hadron_count,normalized_yield,per_event,0x1.ace8d6c39ba0bp-13,AVAILABLE,AVAILABLE
ff24033bb81f860dcbafa86310290769840faf4f2c95d93d23f5d25e85b31594,CLOSEPACKING,-5222,hadron_count,raw_count,count,0x1.c0d6400000000p+18,AVAILABLE,WITHHELD_UNCERTAINTY
ab81373357506764f5b978ee5418b00d07e397026b5d52d26ac1222e4013d31f,JUNCTIONS,-5222,hadron_count,raw_count,count,0x1.9947200000000p+19,AVAILABLE,WITHHELD_UNCERTAINTY
a4277777f71265d6ec7e7f888326263e5c1260be504fa129896e9b52b180f9b3,MONASH,-5222,hadron_count,raw_count,count,0x1.3f90000000000p+14,AVAILABLE,WITHHELD_UNCERTAINTY
395de93d0190a09511ad564d0ae8aeee610e85131333eb51b74e6637ada9fed8,CLOSEPACKING,-5222,hadron_count,raw_weighted_sum,weighted_count,0x1.c0d6400000000p+18,AVAILABLE,WITHHELD_UNCERTAINTY
7e9978f62a66aad93b8e2d0910c3d572c6c6cc97b96a7c1ea72d54174551fe26,JUNCTIONS,-5222,hadron_count,raw_weighted_sum,weighted_count,0x1.9947200000000p+19,AVAILABLE,WITHHELD_UNCERTAINTY
e92de647ef3e5c5f239d57dc941c204f994cbc6b49c2241e9b480153f756edb5,MONASH,-5222,hadron_count,raw_weighted_sum,weighted_count,0x1.3f90000000000p+14,AVAILABLE,WITHHELD_UNCERTAINTY
ea8fab024fa2b8ddafac8a9f05adaadee16e10f7c37883fb3a91f5ebe5653629,CLOSEPACKING,-5224,beauty_plus_antibeauty_constituent_count,raw_count,count,0x1.b56dc00000000p+18,AVAILABLE,WITHHELD_UNCERTAINTY
39c1afa9035329edab81f7aa1156c2cadbd6db3029a973b5f8a0872be79b2a53,JUNCTIONS,-5224,beauty_plus_antibeauty_constituent_count,raw_count,count,0x1.da3a000000000p+16,AVAILABLE,WITHHELD_UNCERTAINTY
07e4e94cfdf0f31403d21c5e24aedb83e8fbed95ee895567266ceac32f921617,MONASH,-5224,beauty_plus_antibeauty_constituent_count,raw_count,count,0x1.3cc2000000000p+15,AVAILABLE,WITHHELD_UNCERTAINTY
897e5a377bd9aba42f62f7f0922788f55fe209e9e603cf24d28d97b32a34005d,CLOSEPACKING,-5224,beauty_plus_antibeauty_constituent_count,raw_weighted_sum,weighted_count,0x1.b56dc00000000p+18,AVAILABLE,WITHHELD_UNCERTAINTY
69a57701b7300463dabe734191e4d9a28962af15a6aca927c3d3274c1cd1028c,JUNCTIONS,-5224,beauty_plus_antibeauty_constituent_count,raw_weighted_sum,weighted_count,0x1.da3a000000000p+16,AVAILABLE,WITHHELD_UNCERTAINTY
f6dc884054a8d95431b2e540894e179935260b076297915d36da63db6e88b37b,MONASH,-5224,beauty_plus_antibeauty_constituent_count,raw_weighted_sum,weighted_count,0x1.3cc2000000000p+15,AVAILABLE,WITHHELD_UNCERTAINTY
8366381050a37be49343cc04982dadcd629139086940bf77eb4637abc57aa4fc,CLOSEPACKING,-5224,charm_plus_anticharm_constituent_count,raw_count,count,0x0.0p+0,AVAILABLE,WITHHELD_UNCERTAINTY
d6c038b1cd388f1a037a9b0daf8a4b3fd6e95ff2ea9607fd8be3c49dbc5c06cf,JUNCTIONS,-5224,charm_plus_anticharm_constituent_count,raw_count,count,0x0.0p+0,AVAILABLE,WITHHELD_UNCERTAINTY
d3cc05bb7d0ccd94c366b0784d7abed11e88fec44f47b2a5966b9922ef2f02a2,MONASH,-5224,charm_plus_anticharm_constituent_count,raw_count,count,0x0.0p+0,AVAILABLE,WITHHELD_UNCERTAINTY
14116faf0a393fc01857d2eab133466172217510d1bda65d60349a41e1f141d8,CLOSEPACKING,-5224,charm_plus_anticharm_constituent_count,raw_weighted_sum,weighted_count,0x0.0p+0,AVAILABLE,WITHHELD_UNCERTAINTY
7e57c04ca2d4fce1a515dd3b2f220e642cf8117488018323cf01c57c44cdfbbc,JUNCTIONS,-5224,charm_plus_anticharm_constituent_count,raw_weighted_sum,weighted_count,0x0.0p+0,AVAILABLE,WITHHELD_UNCERTAINTY
23ba1681c5d5d3c1584836807281935e788f4d6eb4b9de076551ee64a5dff110,MONASH,-5224,charm_plus_anticharm_constituent_count,raw_weighted_sum,weighted_count,0x0.0p+0,AVAILABLE,WITHHELD_UNCERTAINTY
e2b8e90b3a9e47f030c12d2f81a09791567df593623a7a28464edb9c5111b8ee,CLOSEPACKING,-5224,hadron_count,normalized_yield,per_event,0x1.258dae28f2bd7p-8,AVAILABLE,AVAILABLE
cab307e9b9f5ebc82320687c42a5d35b1fc0071bdc2ee8973f209f35d0526cbd,JUNCTIONS,-5224,hadron_count,normalized_yield,per_event,0x1.3e3f80c969151p-10,AVAILABLE,AVAILABLE
6d9b738d444e681fe4d9969decb3204d10d583bedb307d5f633cee08665b5433,MONASH,-5224,hadron_count,normalized_yield,per_event,0x1.a92527d7b55e2p-12,AVAILABLE,AVAILABLE
3e60eb53167d0aca95ffa2baf6a8b4b6c206cd90b516a527456c0a851bdc15b2,CLOSEPACKING,-5224,hadron_count,raw_count,count,0x1.b56dc00000000p+18,AVAILABLE,WITHHELD_UNCERTAINTY
c484ebff7df73f2aca637158521dd86c88a2d9b847cedd47f3ee3761c14cb87f,JUNCTIONS,-5224,hadron_count,raw_count,count,0x1.da3a000000000p+16,AVAILABLE,WITHHELD_UNCERTAINTY
53f53294231475e50241ecfd10c42064815eb58ab77dd69f4b65803a2e3d1941,MONASH,-5224,hadron_count,raw_count,count,0x1.3cc2000000000p+15,AVAILABLE,WITHHELD_UNCERTAINTY
79e3b17c959b39c52fefba5d4d646a7ad9a6adb2874067bd49487ffd7ef84f17,CLOSEPACKING,-5224,hadron_count,raw_weighted_sum,weighted_count,0x1.b56dc00000000p+18,AVAILABLE,WITHHELD_UNCERTAINTY
456ab496c539fc12cfee9e29810e81ba1fe1bf99f1a42debc45daee0501217c5,JUNCTIONS,-5224,hadron_count,raw_weighted_sum,weighted_count,0x1.da3a000000000p+16,AVAILABLE,WITHHELD_UNCERTAINTY
7f02e9da773102ca3301de4338f385303f424c259b5c053bdaa897627fb4d8ae,MONASH,-5224,hadron_count,raw_weighted_sum,weighted_count,0x1.3cc2000000000p+15,AVAILABLE,WITHHELD_UNCERTAINTY
8421863b39b854660e4001dbbb20997afdb58c72f5ec6747982ee510a9ccf2cc,CLOSEPACKING,-523,beauty_plus_antibeauty_constituent_count,raw_count,count,0x1.5c7e280000000p+21,AVAILABLE,WITHHELD_UNCERTAINTY
37fb4fd1e12afe0f745eafe25d200c0469f93f59b739f0f0d6e419233cbe8dbf,JUNCTIONS,-523,beauty_plus_antibeauty_constituent_count,raw_count,count,0x1.63a6580000000p+21,AVAILABLE,WITHHELD_UNCERTAINTY
b0b25eb996490ed889e14844f150919e584393aa5928bd3896d0f62e8f16eb2f,MONASH,-523,beauty_plus_antibeauty_constituent_count,raw_count,count,0x1.edc8e80000000p+21,AVAILABLE,WITHHELD_UNCERTAINTY
d0b56a878015ac30a9a6c72012a01e0e05ab0cc0f5a2ea1df301fa0031d82983,CLOSEPACKING,-523,beauty_plus_antibeauty_constituent_count,raw_weighted_sum,weighted_count,0x1.5c7e280000000p+21,AVAILABLE,WITHHELD_UNCERTAINTY
b4af239c313620620c41057adea3dd2f4fdd24453a6fb967c2ef52efd5dae373,JUNCTIONS,-523,beauty_plus_antibeauty_constituent_count,raw_weighted_sum,weighted_count,0x1.63a6580000000p+21,AVAILABLE,WITHHELD_UNCERTAINTY
f00edc8c894b06b75ca433a26bea8026d4592c4f2d15d143cb8ee3abe6b99de3,MONASH,-523,beauty_plus_antibeauty_constituent_count,raw_weighted_sum,weighted_count,0x1.edc8e80000000p+21,AVAILABLE,WITHHELD_UNCERTAINTY
6e5b24dd4d73cae7c19406ef42ba8924afa780255e1a04b5c062482b62c2584d,CLOSEPACKING,-523,charm_plus_anticharm_constituent_count,raw_count,count,0x0.0p+0,AVAILABLE,WITHHELD_UNCERTAINTY
fd749c9ce83e4e13de500e6db33a06745acf192cfc1422f30c59df3be5e47224,JUNCTIONS,-523,charm_plus_anticharm_constituent_count,raw_count,count,0x0.0p+0,AVAILABLE,WITHHELD_UNCERTAINTY
a22dfb3b8b116bd38d3cd34be7b072c49cab9092a2d48dc0eec9f5e6367dc692,MONASH,-523,charm_plus_anticharm_constituent_count,raw_count,count,0x0.0p+0,AVAILABLE,WITHHELD_UNCERTAINTY
70032f12781b40fbd5df78e60ea06f28ef1607406d8a2ab6d93076f8edaffa69,CLOSEPACKING,-523,charm_plus_anticharm_constituent_count,raw_weighted_sum,weighted_count,0x0.0p+0,AVAILABLE,WITHHELD_UNCERTAINTY
8d01b86ff92d7fb7ead0aa6550cbc873ec959dc6619d7959d5ed264345ec4227,JUNCTIONS,-523,charm_plus_anticharm_constituent_count,raw_weighted_sum,weighted_count,0x0.0p+0,AVAILABLE,WITHHELD_UNCERTAINTY
2288bee474720b2a94844e13017d7f3ad88514569abb171a1e64f6fcd1455ba6,MONASH,-523,charm_plus_anticharm_constituent_count,raw_weighted_sum,weighted_count,0x0.0p+0,AVAILABLE,WITHHELD_UNCERTAINTY
003683b79e9265818dbfde337bd56cc20d1d4b6b905da02fc3ac6833ad2a0ecf,CLOSEPACKING,-523,hadron_count,normalized_yield,per_event,0x1.d3bd36acba5dbp-6,AVAILABLE,AVAILABLE
360610125f145f929c68262c0f13c8ddf1fbaaf5e1f294cfe40d73c406564113,JUNCTIONS,-523,hadron_count,normalized_yield,per_event,0x1.dd58558191bb0p-6,AVAILABLE,AVAILABLE
0dcc632f5805e3456322789453af15b378bd96c657cfa5accc9b61260ae5a712,MONASH,-523,hadron_count,normalized_yield,per_event,0x1.4b5f94bb0d87ap-5,AVAILABLE,AVAILABLE
fa3295025fbe9b337c9827268b828bced63344b3c5dbdca4b12ad48af040d711,CLOSEPACKING,-523,hadron_count,raw_count,count,0x1.5c7e280000000p+21,AVAILABLE,WITHHELD_UNCERTAINTY
9aec9ce0c13e016255c1198f2b3ce559c9ed58642b84a069eefde700190d7e03,JUNCTIONS,-523,hadron_count,raw_count,count,0x1.63a6580000000p+21,AVAILABLE,WITHHELD_UNCERTAINTY
41c2a769c913d02fd85919c56292aa9b9f6935b95b50ee7025ff5dd208d56884,MONASH,-523,hadron_count,raw_count,count,0x1.edc8e80000000p+21,AVAILABLE,WITHHELD_UNCERTAINTY
cc550338904706d4f02da1a0fe39af487159b5cfb25981985ce40a71fe3ad7fc,CLOSEPACKING,-523,hadron_count,raw_weighted_sum,weighted_count,0x1.5c7e280000000p+21,AVAILABLE,WITHHELD_UNCERTAINTY
1cbca6ef88c765de05d7a29dfb450996bfc665d02499c46543160f072c43e151,JUNCTIONS,-523,hadron_count,raw_weighted_sum,weighted_count,0x1.63a6580000000p+21,AVAILABLE,WITHHELD_UNCERTAINTY
be2ada7003d120ba20ae45811b68e5f6816fc117dd153627925bc27912c74355,MONASH,-523,hadron_count,raw_weighted_sum,weighted_count,0x1.edc8e80000000p+21,AVAILABLE,WITHHELD_UNCERTAINTY
5aaf284efe16ef25c40b28a728d59702faec27ac732e70373c91145c3d7f112c,CLOSEPACKING,-5232,beauty_plus_antibeauty_constituent_count,raw_count,count,0x1.1213800000000p+17,AVAILABLE,WITHHELD_UNCERTAINTY
87b26cd0909005caa8e006506f813303085a5e2106d59bf7758a3a31c5ed7bd3,JUNCTIONS,-5232,beauty_plus_antibeauty_constituent_count,raw_count,count,0x1.e48b000000000p+16,AVAILABLE,WITHHELD_UNCERTAINTY
31c8c5bb43f9ebc96f64063e1677f49e93835f07cd1047b09e0d4ec4a0665cb9,MONASH,-5232,beauty_plus_antibeauty_constituent_count,raw_count,count,0x1.b826000000000p+15,AVAILABLE,WITHHELD_UNCERTAINTY
672bd6fb4d0c0025799c5336874d60121ffba9e9888a7fbede9ac982c1259abc,CLOSEPACKING,-5232,beauty_plus_antibeauty_constituent_count,raw_weighted_sum,weighted_count,0x1.1213800000000p+17,AVAILABLE,WITHHELD_UNCERTAINTY
dbf9545b5a67fd94c626cac56905be97fb48ca586512d699b5c2072625854a5a,JUNCTIONS,-5232,beauty_plus_antibeauty_constituent_count,raw_weighted_sum,weighted_count,0x1.e48b000000000p+16,AVAILABLE,WITHHELD_UNCERTAINTY
864b26d260640023f290a964b62fd00075141aa9599b2795c6e3844f9ca4687f,MONASH,-5232,beauty_plus_antibeauty_constituent_count,raw_weighted_sum,weighted_count,0x1.b826000000000p+15,AVAILABLE,WITHHELD_UNCERTAINTY
a7ba34a8c8d48df9a064f3b09b912588eda9b0108ee3fa696f70338bc3017339,CLOSEPACKING,-5232,charm_plus_anticharm_constituent_count,raw_count,count,0x0.0p+0,AVAILABLE,WITHHELD_UNCERTAINTY
de73e9f1e464a0c483e9a0df981e4f8aebb8e288353b25fed5ea353a053b7915,JUNCTIONS,-5232,charm_plus_anticharm_constituent_count,raw_count,count,0x0.0p+0,AVAILABLE,WITHHELD_UNCERTAINTY
4b6170842319b3afd8e742362d2850e700704b3feaa79568d3a9c8af36f4de66,MONASH,-5232,charm_plus_anticharm_constituent_count,raw_count,count,0x0.0p+0,AVAILABLE,WITHHELD_UNCERTAINTY
3cd65ec88f5bfeeeb8cfa30af4aadd1813f2983e32e085779144080016a73913,CLOSEPACKING,-5232,charm_plus_anticharm_constituent_count,raw_weighted_sum,weighted_count,0x0.0p+0,AVAILABLE,WITHHELD_UNCERTAINTY
facc0f23710dcc35ff8198d3619dae4d5106ace3c247bae076d9be4cf029cb2d,JUNCTIONS,-5232,charm_plus_anticharm_constituent_count,raw_weighted_sum,weighted_count,0x0.0p+0,AVAILABLE,WITHHELD_UNCERTAINTY
44bf12626b23d77ba717a30e687a98e05a0859e8cc0d9ab8cb8a82358f6087d2,MONASH,-5232,charm_plus_anticharm_constituent_count,raw_weighted_sum,weighted_count,0x0.0p+0,AVAILABLE,WITHHELD_UNCERTAINTY
6a209eddcd1c03295c1d737c7c42ae64eda6263eaf6d90a56aa6767ec68c888f,CLOSEPACKING,-5232,hadron_count,normalized_yield,per_event,0x1.6fdbdb07a30c9p-10,AVAILABLE,AVAILABLE
265e08eef01fbf3562d4f8daf1e3e65ef38a19785c3aa045fecb7b53aa304c86,JUNCTIONS,-5232,hadron_count,normalized_yield,per_event,0x1.452bd921c4cbdp-10,AVAILABLE,AVAILABLE
533e625ccab6824dca0a9fc3285da735b1e108818c232ed038a1cf7ce1d57c8f,MONASH,-5232,hadron_count,normalized_yield,per_event,0x1.2760ecffc821cp-11,AVAILABLE,AVAILABLE
b2012b37f16a751531a72beab271cd36443b72a46c580b22f44b84cb6fa107ed,CLOSEPACKING,-5232,hadron_count,raw_count,count,0x1.1213800000000p+17,AVAILABLE,WITHHELD_UNCERTAINTY
a97bf50953e38c811d685fe793e9e1ce4b36801c0a3baffe49ee140891986aa3,JUNCTIONS,-5232,hadron_count,raw_count,count,0x1.e48b000000000p+16,AVAILABLE,WITHHELD_UNCERTAINTY
303acd3a29d0401903e2b53a436c929b8abedbec3ed013cb8bd2a864813e5e98,MONASH,-5232,hadron_count,raw_count,count,0x1.b826000000000p+15,AVAILABLE,WITHHELD_UNCERTAINTY
373d105d15b5bc4d22cc9ff4eeee0cec7822868784e6624e697d1c282f57861a,CLOSEPACKING,-5232,hadron_count,raw_weighted_sum,weighted_count,0x1.1213800000000p+17,AVAILABLE,WITHHELD_UNCERTAINTY
16b86e9eda758472bdc26883a2a62c7f6897f4e2ca53b2da0c90cba66eb39066,JUNCTIONS,-5232,hadron_count,raw_weighted_sum,weighted_count,0x1.e48b000000000p+16,AVAILABLE,WITHHELD_UNCERTAINTY
f9aa6b396fb1d16f654d9603ac5f44d0e4766d4fef54eeb591e568a882fc2915,MONASH,-5232,hadron_count,raw_weighted_sum,weighted_count,0x1.b826000000000p+15,AVAILABLE,WITHHELD_UNCERTAINTY
a137e6e519b1701ad9a618f9ec8ca907e1805d1d03d06ff83dd2393c0c94ae96,CLOSEPACKING,-5242,beauty_plus_antibeauty_constituent_count,raw_count,count,0x1.d5c0000000000p+11,AVAILABLE,WITHHELD_UNCERTAINTY
ddd64fc16badb23b29404ffe337e605779756f09eda747b439fa27ea9f20bf6e,JUNCTIONS,-5242,beauty_plus_antibeauty_constituent_count,raw_count,count,0x1.04e0000000000p+12,AVAILABLE,WITHHELD_UNCERTAINTY
b90b0916fce644a8b5dd723cf24e682574c69ea9c2c295a956d1861865ea8eec,MONASH,-5242,beauty_plus_antibeauty_constituent_count,raw_count,count,0x0.0p+0,AVAILABLE,WITHHELD_UNCERTAINTY
700763bb5d01ff65610d267c6dc50300228740121c72ae7444d55c2dc0ab4c5a,CLOSEPACKING,-5242,beauty_plus_antibeauty_constituent_count,raw_weighted_sum,weighted_count,0x1.d5c0000000000p+11,AVAILABLE,WITHHELD_UNCERTAINTY
076ea2e35ecb370156f2bfddbe6f699ac99032532fc9f92ad752f3ea7e4bd22f,JUNCTIONS,-5242,beauty_plus_antibeauty_constituent_count,raw_weighted_sum,weighted_count,0x1.04e0000000000p+12,AVAILABLE,WITHHELD_UNCERTAINTY
65c6ff29cd02323c2355958dcedf3f9c2e9ed51b1b7bb7a06f1442e22d47a107,MONASH,-5242,beauty_plus_antibeauty_constituent_count,raw_weighted_sum,weighted_count,0x0.0p+0,AVAILABLE,WITHHELD_UNCERTAINTY
adebc2c0f0874543e9abfbc8bda2f129fc54dbd6596e1225ac186356ba4ae63b,CLOSEPACKING,-5242,charm_plus_anticharm_constituent_count,raw_count,count,0x1.d5c0000000000p+11,AVAILABLE,WITHHELD_UNCERTAINTY
7ab8075800d70f718119ca8ab090abe21263037e907ab0dc59be34b0fa161dde,JUNCTIONS,-5242,charm_plus_anticharm_constituent_count,raw_count,count,0x1.04e0000000000p+12,AVAILABLE,WITHHELD_UNCERTAINTY
6429a64762f24cd93e1754e5bf2ab9a0068b13e05c18b9e9ffc46c129521da6b,MONASH,-5242,charm_plus_anticharm_constituent_count,raw_count,count,0x0.0p+0,AVAILABLE,WITHHELD_UNCERTAINTY
d7edbc25b7a295d4b694f9bec6d89e7e5a81b1f8654082f2dcc1f31a2e172bcd,CLOSEPACKING,-5242,charm_plus_anticharm_constituent_count,raw_weighted_sum,weighted_count,0x1.d5c0000000000p+11,AVAILABLE,WITHHELD_UNCERTAINTY
29f1420557dbc567bf1a8f1f242bbbb16839b28015a57b2adc46505285720f22,JUNCTIONS,-5242,charm_plus_anticharm_constituent_count,raw_weighted_sum,weighted_count,0x1.04e0000000000p+12,AVAILABLE,WITHHELD_UNCERTAINTY
7b25058a18c608e0c5da2dd5ac15f744a573b6574e11446bdaca0833ace66cf8,MONASH,-5242,charm_plus_anticharm_constituent_count,raw_weighted_sum,weighted_count,0x0.0p+0,AVAILABLE,WITHHELD_UNCERTAINTY
9c728ec31b0a58efac2a5c6b45c819a0194c7442cb32ba6d82d8dd3ff7e57cd3,CLOSEPACKING,-5242,hadron_count,normalized_yield,per_event,0x1.3b3e6f7c64aa8p-15,AVAILABLE,AVAILABLE
1e301f05137d24aee3568f19db38f21c87ce7ab49d144409d173302a423040e3,JUNCTIONS,-5242,hadron_count,normalized_yield,per_event,0x1.5e23f7abf38e5p-15,AVAILABLE,AVAILABLE
b0023338c1bf8677b847f21bcc156b8743c25300c88c7d61417eafcfa21c46a6,MONASH,-5242,hadron_count,normalized_yield,per_event,0x0.0p+0,AVAILABLE,AVAILABLE_ZERO_DISPERSION
96cc2294f98eb0efc46684b99976dab334467b43459480e5189e7aa8ff0ef486,CLOSEPACKING,-5242,hadron_count,raw_count,count,0x1.d5c0000000000p+11,AVAILABLE,WITHHELD_UNCERTAINTY
ea91e985af6545c9635ab1813f80e02b605811ca3a277a14c92810918e79c983,JUNCTIONS,-5242,hadron_count,raw_count,count,0x1.04e0000000000p+12,AVAILABLE,WITHHELD_UNCERTAINTY
37a409907e307d9a2b3ee6258bb58d48d470bd7b777318b55554d99e896c353f,MONASH,-5242,hadron_count,raw_count,count,0x0.0p+0,AVAILABLE,WITHHELD_UNCERTAINTY
3651278c7c89aa4695ec5528ba74817b1d8407714e6acbb4150aeb3ab925c1c3,CLOSEPACKING,-5242,hadron_count,raw_weighted_sum,weighted_count,0x1.d5c0000000000p+11,AVAILABLE,WITHHELD_UNCERTAINTY
ab32a965bd49b984615d7dbe825e7d442b3bf2d3f7e048c7206357b8d028f527,JUNCTIONS,-5242,hadron_count,raw_weighted_sum,weighted_count,0x1.04e0000000000p+12,AVAILABLE,WITHHELD_UNCERTAINTY
d8c0ce5f0e17bc4179de78be7c74ee29e634779b00fcc2a9a54f19a65e990d9d,MONASH,-5242,hadron_count,raw_weighted_sum,weighted_count,0x0.0p+0,AVAILABLE,WITHHELD_UNCERTAINTY
b100b095cdecfa5ecbed6dfab186f860fe7195f6b5e03cd1c2d6cfe38a206271,CLOSEPACKING,-531,beauty_plus_antibeauty_constituent_count,raw_count,count,0x1.2ca3000000000p+18,AVAILABLE,WITHHELD_UNCERTAINTY
61fc766806073b8b2cf32433fcd785265927f6bea406a8a8e165fc6f45c809b4,JUNCTIONS,-531,beauty_plus_antibeauty_constituent_count,raw_count,count,0x1.043c800000000p+18,AVAILABLE,WITHHELD_UNCERTAINTY
3240711987d1c2a3c77df61ff15b5ec728eb3d9561bfaa0de33136e92908bbd1,MONASH,-531,beauty_plus_antibeauty_constituent_count,raw_count,count,0x1.93f1000000000p+18,AVAILABLE,WITHHELD_UNCERTAINTY
35af76e26950666638b178789f33392fcefb4cd0445ae4804a2a28b70c2b2bb6,CLOSEPACKING,-531,beauty_plus_antibeauty_constituent_count,raw_weighted_sum,weighted_count,0x1.2ca3000000000p+18,AVAILABLE,WITHHELD_UNCERTAINTY
a924df8b783abd5976bd36642ded6e5d134fe128f43ff5a64626283ee0df2826,JUNCTIONS,-531,beauty_plus_antibeauty_constituent_count,raw_weighted_sum,weighted_count,0x1.043c800000000p+18,AVAILABLE,WITHHELD_UNCERTAINTY
51a6909536147102c78cad6ce69867363908e96f043f238325a3118221db6e11,MONASH,-531,beauty_plus_antibeauty_constituent_count,raw_weighted_sum,weighted_count,0x1.93f1000000000p+18,AVAILABLE,WITHHELD_UNCERTAINTY
0e0946931df2b9d6ce20211a32caa335183ef65e506f7480972b5cfa7c1cda02,CLOSEPACKING,-531,charm_plus_anticharm_constituent_count,raw_count,count,0x0.0p+0,AVAILABLE,WITHHELD_UNCERTAINTY
810ec4717e3b67cff25845f41eb39844c3b902bf773baa5b9a8a32136c7e991d,JUNCTIONS,-531,charm_plus_anticharm_constituent_count,raw_count,count,0x0.0p+0,AVAILABLE,WITHHELD_UNCERTAINTY
26349b955818b05af2f5f47118a3aea8d282235c79964fb01321a6a9844b3888,MONASH,-531,charm_plus_anticharm_constituent_count,raw_count,count,0x0.0p+0,AVAILABLE,WITHHELD_UNCERTAINTY
67b113bedb5bd4ea5d6554d91c3b7fc6b0cf52e8140074bc7097240391d19d9f,CLOSEPACKING,-531,charm_plus_anticharm_constituent_count,raw_weighted_sum,weighted_count,0x0.0p+0,AVAILABLE,WITHHELD_UNCERTAINTY
1f212ea01559524034098960dee1e52a405762984c478b62af23b13f4c9fbae4,JUNCTIONS,-531,charm_plus_anticharm_constituent_count,raw_weighted_sum,weighted_count,0x0.0p+0,AVAILABLE,WITHHELD_UNCERTAINTY
4e64826bb2fed219cc44b5cf508365f6ae020c048997f6caf57ef6bc1cb6d01b,MONASH,-531,charm_plus_anticharm_constituent_count,raw_weighted_sum,weighted_count,0x0.0p+0,AVAILABLE,WITHHELD_UNCERTAINTY
f24b82a5c1965f72040eafb6252726cac78d56063f4895e7b84c8204fc5deea7,CLOSEPACKING,-531,hadron_count,normalized_yield,per_event,0x1.9381fd70ae93dp-9,AVAILABLE,AVAILABLE
60a7cb221733fc07bf22f6ee9ff620970e0f10a0f1d143863f5f87a451ebd71d,JUNCTIONS,-531,hadron_count,normalized_yield,per_event,0x1.5d48857fdc2e4p-9,AVAILABLE,AVAILABLE
f2395e5fea0ba0e998293f1625897c8e7eea2ccf832f3292e68506fc446fcead,MONASH,-531,hadron_count,normalized_yield,per_event,0x1.0f149aecaae3ap-8,AVAILABLE,AVAILABLE
3072c09ec6af5abe8fcad6f3826a9021aace2a802e18dd8f1f56e678ff9fdf92,CLOSEPACKING,-531,hadron_count,raw_count,count,0x1.2ca3000000000p+18,AVAILABLE,WITHHELD_UNCERTAINTY
d478bf35a350d5e944591d5852700508ae9773818eef0048077fc6a1b49ec1e8,JUNCTIONS,-531,hadron_count,raw_count,count,0x1.043c800000000p+18,AVAILABLE,WITHHELD_UNCERTAINTY
041eae32bb019a07d82411b2c963dc4d40c3d77833bbc214269c3a25d204adc4,MONASH,-531,hadron_count,raw_count,count,0x1.93f1000000000p+18,AVAILABLE,WITHHELD_UNCERTAINTY
ca982369c9569288faf50ec0e59a937132b625228c7c38e3457d91699c7ae0b8,CLOSEPACKING,-531,hadron_count,raw_weighted_sum,weighted_count,0x1.2ca3000000000p+18,AVAILABLE,WITHHELD_UNCERTAINTY
df84858029213a84030e84ec145c03c08754338e04ba6e7450a6014aa3a7d0d7,JUNCTIONS,-531,hadron_count,raw_weighted_sum,weighted_count,0x1.043c800000000p+18,AVAILABLE,WITHHELD_UNCERTAINTY
2f02746d9afc2a57c0053b790b8af6c7b8f1a101adcea5c6dd275f82b51bbe77,MONASH,-531,hadron_count,raw_weighted_sum,weighted_count,0x1.93f1000000000p+18,AVAILABLE,WITHHELD_UNCERTAINTY
7c4e1d632b7de388f83545b6633877289fc3b58f75a93c89cb5cca46c5d7b0e3,CLOSEPACKING,-5312,beauty_plus_antibeauty_constituent_count,raw_count,count,0x1.1e42000000000p+17,AVAILABLE,WITHHELD_UNCERTAINTY
dc0c07c53e085a180d30b75eb24e08591ff7ced616f011e3e264c3f7d3ea2c45,JUNCTIONS,-5312,beauty_plus_antibeauty_constituent_count,raw_count,count,0x1.a45e000000000p+17,AVAILABLE,WITHHELD_UNCERTAINTY
51d5cbe9c6445dde8633a01fbd035a40c1331e20bfb001edd83df6838e4113a0,MONASH,-5312,beauty_plus_antibeauty_constituent_count,raw_count,count,0x1.a740000000000p+11,AVAILABLE,WITHHELD_UNCERTAINTY
2b45ac43ee2422b9c334117dfad708dc602af7d7bd15bb5c90a6ea0f46276ccc,CLOSEPACKING,-5312,beauty_plus_antibeauty_constituent_count,raw_weighted_sum,weighted_count,0x1.1e42000000000p+17,AVAILABLE,WITHHELD_UNCERTAINTY
b96e2b29274c230aa56e572e90151c565eaea72ca2b5a83886c929443890886d,JUNCTIONS,-5312,beauty_plus_antibeauty_constituent_count,raw_weighted_sum,weighted_count,0x1.a45e000000000p+17,AVAILABLE,WITHHELD_UNCERTAINTY
5b56f584ace3321246d475f22ae3468ab82fca3b5192775f4c8bff4f6986ef52,MONASH,-5312,beauty_plus_antibeauty_constituent_count,raw_weighted_sum,weighted_count,0x1.a740000000000p+11,AVAILABLE,WITHHELD_UNCERTAINTY
0e6b161e63a45387fe7b1bf0d3a801e5c8790885e732ccaf74ee2561ac50925a,CLOSEPACKING,-5312,charm_plus_anticharm_constituent_count,raw_count,count,0x0.0p+0,AVAILABLE,WITHHELD_UNCERTAINTY
ce770716c5444f6492b159715929250d051fde7235f19ca89853ea1f7894d3d0,JUNCTIONS,-5312,charm_plus_anticharm_constituent_count,raw_count,count,0x0.0p+0,AVAILABLE,WITHHELD_UNCERTAINTY
8a7b75a7bc08b0108ced91c74d297834135b655d2341a4f0a90837257c85b841,MONASH,-5312,charm_plus_anticharm_constituent_count,raw_count,count,0x0.0p+0,AVAILABLE,WITHHELD_UNCERTAINTY
0490e4b012ce6d9386675c09a13266cc4036ad6d137ab8729b3a450f69a6685a,CLOSEPACKING,-5312,charm_plus_anticharm_constituent_count,raw_weighted_sum,weighted_count,0x0.0p+0,AVAILABLE,WITHHELD_UNCERTAINTY
d270ec084d2c1c1e16f5304d34820bac73742b9e656672311d9c83f0d1912269,JUNCTIONS,-5312,charm_plus_anticharm_constituent_count,raw_weighted_sum,weighted_count,0x0.0p+0,AVAILABLE,WITHHELD_UNCERTAINTY
ed1afcf96431fdc61e946a0e775a757ed48138b5c94a681ff9b2345d1b5ac89b,MONASH,-5312,charm_plus_anticharm_constituent_count,raw_weighted_sum,weighted_count,0x0.0p+0,AVAILABLE,WITHHELD_UNCERTAINTY
f66952b359f6797d1f6f7fdc093490f5c119e4d7abbb183bed6bfa4c796ccde5,CLOSEPACKING,-5312,hadron_count,normalized_yield,per_event,0x1.80356f7888d2dp-10,AVAILABLE,AVAILABLE
cf66bfb57766758cf55f15f621eab34d6fa0a28411c7fe390d4d18d10e7d1787,JUNCTIONS,-5312,hadron_count,normalized_yield,per_event,0x1.1a1a886c759f1p-9,AVAILABLE,AVAILABLE
dceec4a1cf232712fd929705495fef13725d480df3f855b2fba5c31edb7652fb,MONASH,-5312,hadron_count,normalized_yield,per_event,0x1.1c09cbdbb61ebp-15,AVAILABLE,AVAILABLE
2b2b443f22b6eee3e772ec35eefabe757170bdff9b30cfea6182cec61dc2140e,CLOSEPACKING,-5312,hadron_count,raw_count,count,0x1.1e42000000000p+17,AVAILABLE,WITHHELD_UNCERTAINTY
37672bfaa353ec3f09219758719c5b34e56057d4484c5cfb2f51a054145cc997,JUNCTIONS,-5312,hadron_count,raw_count,count,0x1.a45e000000000p+17,AVAILABLE,WITHHELD_UNCERTAINTY
b4f8b3e5c0597217f5aaed42cd47c05285cdad04bd3c097ab1edb7a09c2d011f,MONASH,-5312,hadron_count,raw_count,count,0x1.a740000000000p+11,AVAILABLE,WITHHELD_UNCERTAINTY
82777cc5435c96257d3b3833f9a132453016fa4f09d0bfea74efff65f4ffac87,CLOSEPACKING,-5312,hadron_count,raw_weighted_sum,weighted_count,0x1.1e42000000000p+17,AVAILABLE,WITHHELD_UNCERTAINTY
a3b9855a2bdeb4acc9e0533ada114c584a714b047a9e4cb74693aeb226b68746,JUNCTIONS,-5312,hadron_count,raw_weighted_sum,weighted_count,0x1.a45e000000000p+17,AVAILABLE,WITHHELD_UNCERTAINTY
6a7e13a263a0b25427f4d6cc3e5c1bf82cc4ddb9d2f4410b8f548638c4565d01,MONASH,-5312,hadron_count,raw_weighted_sum,weighted_count,0x1.a740000000000p+11,AVAILABLE,WITHHELD_UNCERTAINTY
60cbe5d9fd7e934ebcf209a2a0fc4e02b559eede7fe6b5fe6daaa209b5f812c0,CLOSEPACKING,-5314,beauty_plus_antibeauty_constituent_count,raw_count,count,0x1.2b61000000000p+17,AVAILABLE,WITHHELD_UNCERTAINTY
080c7f1b1d11c3a447482e7c0ab891d359bf546287b83cc28eb50057fc148bf7,JUNCTIONS,-5314,beauty_plus_antibeauty_constituent_count,raw_count,count,0x1.5ff0000000000p+14,AVAILABLE,WITHHELD_UNCERTAINTY
654b7a9a3b1db1c33200b9519a1b89a1c6cc4d0d5e39a291245a2b3ada176f72,MONASH,-5314,beauty_plus_antibeauty_constituent_count,raw_count,count,0x1.acd0000000000p+12,AVAILABLE,WITHHELD_UNCERTAINTY
ebea9948b612cdddecce469212d1bfc859d8f21d2696fd9fccbe8e534a53614d,CLOSEPACKING,-5314,beauty_plus_antibeauty_constituent_count,raw_weighted_sum,weighted_count,0x1.2b61000000000p+17,AVAILABLE,WITHHELD_UNCERTAINTY
2e9dd0392362257350f96553369e8de97b8458b40ba81a1ca9dc50914fc50d96,JUNCTIONS,-5314,beauty_plus_antibeauty_constituent_count,raw_weighted_sum,weighted_count,0x1.5ff0000000000p+14,AVAILABLE,WITHHELD_UNCERTAINTY
f7cbe4e5492615da9eb2718274c86791d6b5640df03d0bd49a43f300d99d1ca9,MONASH,-5314,beauty_plus_antibeauty_constituent_count,raw_weighted_sum,weighted_count,0x1.acd0000000000p+12,AVAILABLE,WITHHELD_UNCERTAINTY
aec228237c21c0a3229cd414642efbd64d9f34bd69a08296d77708246d2fa9b1,CLOSEPACKING,-5314,charm_plus_anticharm_constituent_count,raw_count,count,0x0.0p+0,AVAILABLE,WITHHELD_UNCERTAINTY
5ed1bc93f387159b89239f28b0060374673b0d324995c13c236cb363d888794b,JUNCTIONS,-5314,charm_plus_anticharm_constituent_count,raw_count,count,0x0.0p+0,AVAILABLE,WITHHELD_UNCERTAINTY
ef82af10f7813e8231741618ba84c868eb3648cc9294b631273dd29e57d9c9c1,MONASH,-5314,charm_plus_anticharm_constituent_count,raw_count,count,0x0.0p+0,AVAILABLE,WITHHELD_UNCERTAINTY
270af11397e449a411545df241c627a015f3fe7fa5360982804a74f3e05ba601,CLOSEPACKING,-5314,charm_plus_anticharm_constituent_count,raw_weighted_sum,weighted_count,0x0.0p+0,AVAILABLE,WITHHELD_UNCERTAINTY
f2c0584f4a0aeb056a81507383b2eb4392c8959310dd44df9eeb4f6de1d6e762,JUNCTIONS,-5314,charm_plus_anticharm_constituent_count,raw_weighted_sum,weighted_count,0x0.0p+0,AVAILABLE,WITHHELD_UNCERTAINTY
86c67d50878cbcb5a1649061270ecb1f0ab6d8b0023699e23751e0cad1f79b16,MONASH,-5314,charm_plus_anticharm_constituent_count,raw_weighted_sum,weighted_count,0x0.0p+0,AVAILABLE,WITHHELD_UNCERTAINTY
7813f6a136566c42f59c8039e60cfd5d37935c273f22b11577d13601a25b0e31,CLOSEPACKING,-5314,hadron_count,normalized_yield,per_event,0x1.91d1cf152682dp-10,AVAILABLE,AVAILABLE
8d2ec65618144dd29479a58e6a485d32e2d2142260cff770d048c98ee0116467,JUNCTIONS,-5314,hadron_count,normalized_yield,per_event,0x1.d85ccde149dc7p-13,AVAILABLE,AVAILABLE
415f2c19645be75c7db5bd21042eed05010b244df5de0c15821e607a8a28c8a3,MONASH,-5314,hadron_count,normalized_yield,per_event,0x1.1fc56d32078f1p-14,AVAILABLE,AVAILABLE
477676c871f872755dd3e60857715f575e2a484fbdc23f4a8a65899ae0c3f499,CLOSEPACKING,-5314,hadron_count,raw_count,count,0x1.2b61000000000p+17,AVAILABLE,WITHHELD_UNCERTAINTY
7fbc071943913cf9869bb163d68d4bb7d335d40b23a28e4aa6acea1b3abd5e61,JUNCTIONS,-5314,hadron_count,raw_count,count,0x1.5ff0000000000p+14,AVAILABLE,WITHHELD_UNCERTAINTY
49602c8d256359c836dadd9f3fdce2b400f6d0110bf4d0fa6e4804694cb59a6e,MONASH,-5314,hadron_count,raw_count,count,0x1.acd0000000000p+12,AVAILABLE,WITHHELD_UNCERTAINTY
88ac17935bc28b35294268ae56d44c713471d1b1ca0c55346659ddd8189f5efb,CLOSEPACKING,-5314,hadron_count,raw_weighted_sum,weighted_count,0x1.2b61000000000p+17,AVAILABLE,WITHHELD_UNCERTAINTY
3a0e703ff85da8cbd9d35c27018522d0738a6be726a4e24a05634b440dc8e713,JUNCTIONS,-5314,hadron_count,raw_weighted_sum,weighted_count,0x1.5ff0000000000p+14,AVAILABLE,WITHHELD_UNCERTAINTY
23110d7d53ef225e7a7f45d7653b513c2a815bfb89290a4080003d4664ec97ac,MONASH,-5314,hadron_count,raw_weighted_sum,weighted_count,0x1.acd0000000000p+12,AVAILABLE,WITHHELD_UNCERTAINTY
4e5d8a33740cd1167575c74580556dacd905e2ed9070e12629ce3a731e4390c0,CLOSEPACKING,-5322,beauty_plus_antibeauty_constituent_count,raw_count,count,0x1.1f49000000000p+17,AVAILABLE,WITHHELD_UNCERTAINTY
79a99bf75aede2b2d1536de776f3fd3e23036fdcc493b714854e26c7bb78f04a,JUNCTIONS,-5322,beauty_plus_antibeauty_constituent_count,raw_count,count,0x1.a58d000000000p+17,AVAILABLE,WITHHELD_UNCERTAINTY
5ad46ddcbd7020a0f77b6439cda43721cedc1707aafbc1c130da3783b0b9d936,MONASH,-5322,beauty_plus_antibeauty_constituent_count,raw_count,count,0x1.aec0000000000p+11,AVAILABLE,WITHHELD_UNCERTAINTY
bda92ada12ffbe6938e05b42fb94b3147702c56bbab7aa844ad2419d61c17344,CLOSEPACKING,-5322,beauty_plus_antibeauty_constituent_count,raw_weighted_sum,weighted_count,0x1.1f49000000000p+17,AVAILABLE,WITHHELD_UNCERTAINTY
e05011bd0d470be46db63631a76a16539bbabbe1b24f66b8f35f493d0108056d,JUNCTIONS,-5322,beauty_plus_antibeauty_constituent_count,raw_weighted_sum,weighted_count,0x1.a58d000000000p+17,AVAILABLE,WITHHELD_UNCERTAINTY
880b575a57d7bd6ddc4928bf61ae580eb324a51d4c3f59748c47a378a99a4474,MONASH,-5322,beauty_plus_antibeauty_constituent_count,raw_weighted_sum,weighted_count,0x1.aec0000000000p+11,AVAILABLE,WITHHELD_UNCERTAINTY
2ba6199b3b9303818873edc7dcade600b8cdd370dbed1bce4925409508af8056,CLOSEPACKING,-5322,charm_plus_anticharm_constituent_count,raw_count,count,0x0.0p+0,AVAILABLE,WITHHELD_UNCERTAINTY
d50e28da0431b7e785eadf0ea9cdf3b6174b80e645ca191343d42cf20feeb808,JUNCTIONS,-5322,charm_plus_anticharm_constituent_count,raw_count,count,0x0.0p+0,AVAILABLE,WITHHELD_UNCERTAINTY
4d6141ad47b3f0dd1d9ef7081807c1db1afdccd296a70b10eb4011b7ae4f59e6,MONASH,-5322,charm_plus_anticharm_constituent_count,raw_count,count,0x0.0p+0,AVAILABLE,WITHHELD_UNCERTAINTY
4adff26fdea3c43ce5787a225cee5bb4af044d269242f6fe6b9b44e45d19958d,CLOSEPACKING,-5322,charm_plus_anticharm_constituent_count,raw_weighted_sum,weighted_count,0x0.0p+0,AVAILABLE,WITHHELD_UNCERTAINTY
d9ccf9419326b79e640dd6c308956ac8fd21c5d368d657ef31a9a9c35e506777,JUNCTIONS,-5322,charm_plus_anticharm_constituent_count,raw_weighted_sum,weighted_count,0x0.0p+0,AVAILABLE,WITHHELD_UNCERTAINTY
cd756f6c676311a4ccac18baf04596c905b4ed0ad7477b98476c6352d02ce5c6,MONASH,-5322,charm_plus_anticharm_constituent_count,raw_weighted_sum,weighted_count,0x0.0p+0,AVAILABLE,WITHHELD_UNCERTAINTY
b6504b2d9faf36784eae01d880b0169c826090622ef9bbe7c952acc63b614542,CLOSEPACKING,-5322,hadron_count,normalized_yield,per_event,0x1.81966d952ed0dp-10,AVAILABLE,AVAILABLE
0d8b9283581ae5daac93ba0d68d9455d604af940100d855cfb2d65a55d37fabe,JUNCTIONS,-5322,hadron_count,normalized_yield,per_event,0x1.1ae5df6d635acp-9,AVAILABLE,AVAILABLE
7463fbea99611f36b639f03b9732d89aa3cddadbfaa8b10bec048f0d49947b19,MONASH,-5322,hadron_count,normalized_yield,per_event,0x1.21124958b97f9p-15,AVAILABLE,AVAILABLE
cf586cf8c6032729731df217b1b3f135875ca57b8e99610b39de0bac136cd0b3,CLOSEPACKING,-5322,hadron_count,raw_count,count,0x1.1f49000000000p+17,AVAILABLE,WITHHELD_UNCERTAINTY
951667f4df54db8d5132879f37e73159e84108770346fee3d51050edc13325c4,JUNCTIONS,-5322,hadron_count,raw_count,count,0x1.a58d000000000p+17,AVAILABLE,WITHHELD_UNCERTAINTY
713c56a3a25f2e19ff2e8ff8f2150409b333d88871779525276751d64580b34f,MONASH,-5322,hadron_count,raw_count,count,0x1.aec0000000000p+11,AVAILABLE,WITHHELD_UNCERTAINTY
83c55f967b7e407dd45bc3ae4b96b809acfb298eac569b7cccf783dfc26ef21b,CLOSEPACKING,-5322,hadron_count,raw_weighted_sum,weighted_count,0x1.1f49000000000p+17,AVAILABLE,WITHHELD_UNCERTAINTY
09edb2910f700559faa5db21fcd7a96d2689cef443fa64343e76c6af318b824a,JUNCTIONS,-5322,hadron_count,raw_weighted_sum,weighted_count,0x1.a58d000000000p+17,AVAILABLE,WITHHELD_UNCERTAINTY
330ccf0ce54b7498cc395f8041ce0b25b48bbc11fcab0efc846919dc3e153d23,MONASH,-5322,hadron_count,raw_weighted_sum,weighted_count,0x1.aec0000000000p+11,AVAILABLE,WITHHELD_UNCERTAINTY
929e1d6b206cfeb5a3c23e490a9a61f831434e4b325ab76a1ed270cd4205d7a3,CLOSEPACKING,-5324,beauty_plus_antibeauty_constituent_count,raw_count,count,0x1.2a65800000000p+17,AVAILABLE,WITHHELD_UNCERTAINTY
35b8835eaecbccae0a8d6c970b666583fda578e30b67c4f2f6b01e8b007da02f,JUNCTIONS,-5324,beauty_plus_antibeauty_constituent_count,raw_count,count,0x1.5f8c000000000p+14,AVAILABLE,WITHHELD_UNCERTAINTY
b3302368ec23991ff141e425895cf579a7cf8ee2f395e0e3349f7c560307dcb0,MONASH,-5324,beauty_plus_antibeauty_constituent_count,raw_count,count,0x1.a910000000000p+12,AVAILABLE,WITHHELD_UNCERTAINTY
e9b11b9fd16634b07d44c154d22bdbb544ac8118d2e1c7cdd8f59ab703310f80,CLOSEPACKING,-5324,beauty_plus_antibeauty_constituent_count,raw_weighted_sum,weighted_count,0x1.2a65800000000p+17,AVAILABLE,WITHHELD_UNCERTAINTY
6127a38f62880f3833f6c6e71e014e66d3f0301d978d93b62bfdebcd0fcd0b3a,JUNCTIONS,-5324,beauty_plus_antibeauty_constituent_count,raw_weighted_sum,weighted_count,0x1.5f8c000000000p+14,AVAILABLE,WITHHELD_UNCERTAINTY
16aee4bf7cf7712627150569622fa1b58a8005a810ba97f9e460713151f0d500,MONASH,-5324,beauty_plus_antibeauty_constituent_count,raw_weighted_sum,weighted_count,0x1.a910000000000p+12,AVAILABLE,WITHHELD_UNCERTAINTY
d0aa17f188bb604ec46a9df1f7dbfbb0bcfaa9b7c4511450151fa50161f6be41,CLOSEPACKING,-5324,charm_plus_anticharm_constituent_count,raw_count,count,0x0.0p+0,AVAILABLE,WITHHELD_UNCERTAINTY
052779d8f1c8b230b76239486f7c60ff779ae4243de398712b55fd8057951b8a,JUNCTIONS,-5324,charm_plus_anticharm_constituent_count,raw_count,count,0x0.0p+0,AVAILABLE,WITHHELD_UNCERTAINTY
2f6dca08e2900063532baa7e1b4fdfec754d47233e3a88f62f62be231c2f5fdb,MONASH,-5324,charm_plus_anticharm_constituent_count,raw_count,count,0x0.0p+0,AVAILABLE,WITHHELD_UNCERTAINTY
8221e390549ac97ea2eff18cbef4a772865ccf8f29ef4d95f6e04d41d2b6e9e6,CLOSEPACKING,-5324,charm_plus_anticharm_constituent_count,raw_weighted_sum,weighted_count,0x0.0p+0,AVAILABLE,WITHHELD_UNCERTAINTY
daaf3392854041ef855c6acbfc2fd07cda23812b2bda35a4b64036f2565dd22d,JUNCTIONS,-5324,charm_plus_anticharm_constituent_count,raw_weighted_sum,weighted_count,0x0.0p+0,AVAILABLE,WITHHELD_UNCERTAINTY
8ea1cb36553dc93b1a7f7730a8cb81f525a62e21047ce64aa3437e42ef1d42d9,MONASH,-5324,charm_plus_anticharm_constituent_count,raw_weighted_sum,weighted_count,0x0.0p+0,AVAILABLE,WITHHELD_UNCERTAINTY
143bed07c32b3f200e5b96b93a51a0f05646091c277bf6266b45ab8711c332e0,CLOSEPACKING,-5324,hadron_count,normalized_yield,per_event,0x1.908040573317bp-10,AVAILABLE,AVAILABLE
1fe0c053f788e52856473d70f932f34871d39e3c16d48fb7d6cc4b3127c8efc5,JUNCTIONS,-5324,hadron_count,normalized_yield,per_event,0x1.d7d69624442d0p-13,AVAILABLE,AVAILABLE
be60f2d39fd184fce1a0cc0bc1b6c2c38cf421d1dd1399be1ab11d615abbe1f2,MONASH,-5324,hadron_count,normalized_yield,per_event,0x1.1d412e7385deap-14,AVAILABLE,AVAILABLE
99a39a72f953d642c76cda2a0dbd740f91f252e11e8ee69ee16741b4709bffd9,CLOSEPACKING,-5324,hadron_count,raw_count,count,0x1.2a65800000000p+17,AVAILABLE,WITHHELD_UNCERTAINTY
9521fe1ecd1381d40262a89b73005ea22129b0b79667788fe9bcf7e10b8b4924,JUNCTIONS,-5324,hadron_count,raw_count,count,0x1.5f8c000000000p+14,AVAILABLE,WITHHELD_UNCERTAINTY
f1b26f91bf1cc0b157d563db2bbe6fe255bd7884032fef61ef4f7339d135288f,MONASH,-5324,hadron_count,raw_count,count,0x1.a910000000000p+12,AVAILABLE,WITHHELD_UNCERTAINTY
8c0cafec77dd95359f18f3f419e3587ab06b39f7c056f5a3ef3257327a34406b,CLOSEPACKING,-5324,hadron_count,raw_weighted_sum,weighted_count,0x1.2a65800000000p+17,AVAILABLE,WITHHELD_UNCERTAINTY
94ffde90d7ecad7eed5d45f63f71b4ca6031a9707989080906190780fc905bbc,JUNCTIONS,-5324,hadron_count,raw_weighted_sum,weighted_count,0x1.5f8c000000000p+14,AVAILABLE,WITHHELD_UNCERTAINTY
8115609d978ded471b1388cb388ab295aae3856f1718e514e399fb31c7e44c28,MONASH,-5324,hadron_count,raw_weighted_sum,weighted_count,0x1.a910000000000p+12,AVAILABLE,WITHHELD_UNCERTAINTY
e304767dd48ae1918006a6d78f287dc06518cf8fb3e2be46373db5f006f9c315,CLOSEPACKING,-533,beauty_plus_antibeauty_constituent_count,raw_count,count,0x1.4652200000000p+19,AVAILABLE,WITHHELD_UNCERTAINTY
7b2f61059ea3127414dfc06130b82f73d39db81236017cac026c6d3a427bd2ae,JUNCTIONS,-533,beauty_plus_antibeauty_constituent_count,raw_count,count,0x1.1a1b600000000p+19,AVAILABLE,WITHHELD_UNCERTAINTY
bba67229a53dc6384f8e8eb8913a294bbfe681160187146089fd12a31065342b,MONASH,-533,beauty_plus_antibeauty_constituent_count,raw_count,count,0x1.ba22800000000p+19,AVAILABLE,WITHHELD_UNCERTAINTY
418fbed35277f873093b417cdb4d02c9ba2cd7e6f628e6d10efa54eeeffdbf85,CLOSEPACKING,-533,beauty_plus_antibeauty_constituent_count,raw_weighted_sum,weighted_count,0x1.4652200000000p+19,AVAILABLE,WITHHELD_UNCERTAINTY
1d86a5cc717a7aa4be5f6d516894d3d917d69773fc393c1b027d9f5a2aa5914b,JUNCTIONS,-533,beauty_plus_antibeauty_constituent_count,raw_weighted_sum,weighted_count,0x1.1a1b600000000p+19,AVAILABLE,WITHHELD_UNCERTAINTY
108671d7dcc9168091164f7a7b635460bdd98b8b9e2dff0474d29bc9a284937a,MONASH,-533,beauty_plus_antibeauty_constituent_count,raw_weighted_sum,weighted_count,0x1.ba22800000000p+19,AVAILABLE,WITHHELD_UNCERTAINTY
61c5cc96fdafd62dafd11cb41767b096b3b140622db54299da626f72d6503904,CLOSEPACKING,-533,charm_plus_anticharm_constituent_count,raw_count,count,0x0.0p+0,AVAILABLE,WITHHELD_UNCERTAINTY
1a6354711c252f06f8f6e0201eefab04168f54c98f5da627159fb79ee64a69e2,JUNCTIONS,-533,charm_plus_anticharm_constituent_count,raw_count,count,0x0.0p+0,AVAILABLE,WITHHELD_UNCERTAINTY
99d98230740ae9d5985adc6f57c92c8ad58812368ad00aa28ad8b16038f2a882,MONASH,-533,charm_plus_anticharm_constituent_count,raw_count,count,0x0.0p+0,AVAILABLE,WITHHELD_UNCERTAINTY
4789dbee1b252d895d8738e93f7605c4dc6a0464f160667cf36048218efa30a8,CLOSEPACKING,-533,charm_plus_anticharm_constituent_count,raw_weighted_sum,weighted_count,0x0.0p+0,AVAILABLE,WITHHELD_UNCERTAINTY
f855b07286ebc77b640add1a4f17f6cb831741963175253e45db92ce7f75bff0,JUNCTIONS,-533,charm_plus_anticharm_constituent_count,raw_weighted_sum,weighted_count,0x0.0p+0,AVAILABLE,WITHHELD_UNCERTAINTY
f42a179be0786376589631b7fe391d1af9119b3fcfbb48bc6f2cfcccefe1ddb1,MONASH,-533,charm_plus_anticharm_constituent_count,raw_weighted_sum,weighted_count,0x0.0p+0,AVAILABLE,WITHHELD_UNCERTAINTY
f65893e2008a692acf0dab02e43dcb99beb1c91e39d47854692387a27a25c673,CLOSEPACKING,-533,hadron_count,normalized_yield,per_event,0x1.b5faf93002265p-8,AVAILABLE,AVAILABLE
445d0dc86e96aaafc13cb9fed1e0393c2c5ebd59255b40f5e5d1163ed874225e,JUNCTIONS,-533,hadron_count,normalized_yield,per_event,0x1.7aa3344d0ea69p-8,AVAILABLE,AVAILABLE
6b30afbd36a9620ab49aca30518d513c23ee191bf9d7766d697ed674ebbe00a0,MONASH,-533,hadron_count,normalized_yield,per_event,0x1.28b62ca24a6d3p-7,AVAILABLE,AVAILABLE
f4ceeee3d64ee115359a72d9be6e8a660ab4e3a98d0f13a2804cb620952c77a9,CLOSEPACKING,-533,hadron_count,raw_count,count,0x1.4652200000000p+19,AVAILABLE,WITHHELD_UNCERTAINTY
e55916bd3f011a8c1a0cbca78c2a3156c2bff4f944d1ecd182687df95ea3aaf8,JUNCTIONS,-533,hadron_count,raw_count,count,0x1.1a1b600000000p+19,AVAILABLE,WITHHELD_UNCERTAINTY
ab7b6731b34f1d340f37696bb8ba1c4ec4005f7dd2f83bce53b44ee2478fd466,MONASH,-533,hadron_count,raw_count,count,0x1.ba22800000000p+19,AVAILABLE,WITHHELD_UNCERTAINTY
d6b28b3df46f30227b9e76a0837b502207dc84e94c192001c3284ebc32dcafa2,CLOSEPACKING,-533,hadron_count,raw_weighted_sum,weighted_count,0x1.4652200000000p+19,AVAILABLE,WITHHELD_UNCERTAINTY
286ce48b42802ec639f4cd42bb955973a382c40c727760a569e9bc22538ac43d,JUNCTIONS,-533,hadron_count,raw_weighted_sum,weighted_count,0x1.1a1b600000000p+19,AVAILABLE,WITHHELD_UNCERTAINTY
198aaa0c43273915724cd307735915f5815a71c8c5b78864c131849b6d55a8fb,MONASH,-533,hadron_count,raw_weighted_sum,weighted_count,0x1.ba22800000000p+19,AVAILABLE,WITHHELD_UNCERTAINTY
f50510d75da81a77cc4210516d936e706797a3d848fbfc27e4f7cfd618fb219d,CLOSEPACKING,-5332,beauty_plus_antibeauty_constituent_count,raw_count,count,0x1.29ac000000000p+15,AVAILABLE,WITHHELD_UNCERTAINTY
67b3c0fcd04fb7623aa3d44f3df96900de5be43210ed82425bdd783f11637075,JUNCTIONS,-5332,beauty_plus_antibeauty_constituent_count,raw_count,count,0x1.52ae000000000p+15,AVAILABLE,WITHHELD_UNCERTAINTY
2d02df291ebdcdfbf6f231179b963bb0fda43764a4cf2e62bcbd6c3ed1634676,MONASH,-5332,beauty_plus_antibeauty_constituent_count,raw_count,count,0x1.1080000000000p+9,AVAILABLE,WITHHELD_UNCERTAINTY
6d24a528a4ecb84785f57c10d540f256b457075948f713ce833e7f611bbf7500,CLOSEPACKING,-5332,beauty_plus_antibeauty_constituent_count,raw_weighted_sum,weighted_count,0x1.29ac000000000p+15,AVAILABLE,WITHHELD_UNCERTAINTY
5a6680cf56aca3c22675f0ef0deb5863d00a4af5f56872253c7a31f49922b968,JUNCTIONS,-5332,beauty_plus_antibeauty_constituent_count,raw_weighted_sum,weighted_count,0x1.52ae000000000p+15,AVAILABLE,WITHHELD_UNCERTAINTY
02a9f45a540fa93e7f81c6ca83afc839575701095eed07f06ca8dbf6b2476da9,MONASH,-5332,beauty_plus_antibeauty_constituent_count,raw_weighted_sum,weighted_count,0x1.1080000000000p+9,AVAILABLE,WITHHELD_UNCERTAINTY
b0a9a517b83f62e3f5c44ae0861b63aa62b326faec04da55b9780d4f91be9050,CLOSEPACKING,-5332,charm_plus_anticharm_constituent_count,raw_count,count,0x0.0p+0,AVAILABLE,WITHHELD_UNCERTAINTY
fb98c868820fe42189a86e5a80f4049a0f6a1fef3b172cf14bb0bbea761e8530,JUNCTIONS,-5332,charm_plus_anticharm_constituent_count,raw_count,count,0x0.0p+0,AVAILABLE,WITHHELD_UNCERTAINTY
608eaa31f8438434fd8df99098a09c36e74b09f1cb3950a309bd31bf4aeac94d,MONASH,-5332,charm_plus_anticharm_constituent_count,raw_count,count,0x0.0p+0,AVAILABLE,WITHHELD_UNCERTAINTY
3558e546755e01842866eab25409f7d546af89c695c6f44b2f31435cf24ecf4c,CLOSEPACKING,-5332,charm_plus_anticharm_constituent_count,raw_weighted_sum,weighted_count,0x0.0p+0,AVAILABLE,WITHHELD_UNCERTAINTY
07a3743e291ce0f464dc8b2c681323d880cd699e3979644361189dd383da5c85,JUNCTIONS,-5332,charm_plus_anticharm_constituent_count,raw_weighted_sum,weighted_count,0x0.0p+0,AVAILABLE,WITHHELD_UNCERTAINTY
b7f628879bd5bd651d14f95f588b338758f80bc0f210ebd19688ba8d91c3d830,MONASH,-5332,charm_plus_anticharm_constituent_count,raw_weighted_sum,weighted_count,0x0.0p+0,AVAILABLE,WITHHELD_UNCERTAINTY
d85816718aaafdd3c31580087f602372cdaf1ac6e87fb8b4d2b704ca86bc3946,CLOSEPACKING,-5332,hadron_count,normalized_yield,per_event,0x1.8f874706a4b4dp-12,AVAILABLE,AVAILABLE
e6bee696d26bd9fc8c67dc351b29c9878dab52af9325ec4e67961bf202672d37,JUNCTIONS,-5332,hadron_count,normalized_yield,per_event,0x1.c691745c1d624p-12,AVAILABLE,AVAILABLE
561bacfe7805e939a8b26b08977401cee7a8588353b6363222f7eaf253ffe265,MONASH,-5332,hadron_count,normalized_yield,per_event,0x1.6dbe497c4ad44p-18,AVAILABLE,AVAILABLE
b7089dfd6dc8982c215dc21d2d02165526d12f54504eaacf65fc3871842d46aa,CLOSEPACKING,-5332,hadron_count,raw_count,count,0x1.29ac000000000p+15,AVAILABLE,WITHHELD_UNCERTAINTY
c0e95fdbcfd42514ca6742e11d475fffb858b93603f07a9671f0c0c95ad6980a,JUNCTIONS,-5332,hadron_count,raw_count,count,0x1.52ae000000000p+15,AVAILABLE,WITHHELD_UNCERTAINTY
29fd5bf7d1b61ab96c5be8204a4c6b09bf2650398ca328230859092440821139,MONASH,-5332,hadron_count,raw_count,count,0x1.1080000000000p+9,AVAILABLE,WITHHELD_UNCERTAINTY
397a6de5a37dadf29dc7e52912f522c8e6390cd2d935307f9df06a277db0a8fc,CLOSEPACKING,-5332,hadron_count,raw_weighted_sum,weighted_count,0x1.29ac000000000p+15,AVAILABLE,WITHHELD_UNCERTAINTY
1d3d09ebdcefd64aeb93e11fcb96ae1e8a9b95075198e3b108b3e37a94190f1b,JUNCTIONS,-5332,hadron_count,raw_weighted_sum,weighted_count,0x1.52ae000000000p+15,AVAILABLE,WITHHELD_UNCERTAINTY
9809e6b6d6c8d2d63d8811a72f5fe0ae816d984f6ee03ea7f70530e9af6903d0,MONASH,-5332,hadron_count,raw_weighted_sum,weighted_count,0x1.1080000000000p+9,AVAILABLE,WITHHELD_UNCERTAINTY
6e0784e3e1f8923745bd2c1cc28cf90befe3e60bcc6ea0d341fa29cd75f56f43,CLOSEPACKING,-5334,beauty_plus_antibeauty_constituent_count,raw_count,count,0x1.3820000000000p+15,AVAILABLE,WITHHELD_UNCERTAINTY
f0ec552224e7f60894c3f1cea47f84bfe81dcd1a5399be3f65075fe80d3ebbe0,JUNCTIONS,-5334,beauty_plus_antibeauty_constituent_count,raw_count,count,0x1.0ad0000000000p+12,AVAILABLE,WITHHELD_UNCERTAINTY
36d49b42ad5b60a7a9af1f90942c176cb591b763bd8522421e6045bf78a34249,MONASH,-5334,beauty_plus_antibeauty_constituent_count,raw_count,count,0x1.1340000000000p+10,AVAILABLE,WITHHELD_UNCERTAINTY
7a7ca0b939060cb534d87fb0afa7f99f63e5b32da3c110aecae646ff607f3d00,CLOSEPACKING,-5334,beauty_plus_antibeauty_constituent_count,raw_weighted_sum,weighted_count,0x1.3820000000000p+15,AVAILABLE,WITHHELD_UNCERTAINTY
40476424f4e69561fa9987ee1ed2706a4b5ea5729c1eb67b4bde3eb60b259823,JUNCTIONS,-5334,beauty_plus_antibeauty_constituent_count,raw_weighted_sum,weighted_count,0x1.0ad0000000000p+12,AVAILABLE,WITHHELD_UNCERTAINTY
935cbbde2f8fd0ac77e97758dceee4f7de019e5e78e817eded99f21400953c9d,MONASH,-5334,beauty_plus_antibeauty_constituent_count,raw_weighted_sum,weighted_count,0x1.1340000000000p+10,AVAILABLE,WITHHELD_UNCERTAINTY
746e6a88697773eeb3801809461af1fdeb619051d2e7fd63e5f93b6eed87e1b6,CLOSEPACKING,-5334,charm_plus_anticharm_constituent_count,raw_count,count,0x0.0p+0,AVAILABLE,WITHHELD_UNCERTAINTY
9e99059c5b2cbe644ae8ce5131b46375991748dc18d479186ebf40ebfcd23747,JUNCTIONS,-5334,charm_plus_anticharm_constituent_count,raw_count,count,0x0.0p+0,AVAILABLE,WITHHELD_UNCERTAINTY
ac91e227ad8d5db0d786964c8c3378d55ca57199952c82e0968a91043cbc41f5,MONASH,-5334,charm_plus_anticharm_constituent_count,raw_count,count,0x0.0p+0,AVAILABLE,WITHHELD_UNCERTAINTY
d2a45fddec2a1654547e4e9f9b935815ea236b3ce80335a29b8db30253e974b9,CLOSEPACKING,-5334,charm_plus_anticharm_constituent_count,raw_weighted_sum,weighted_count,0x0.0p+0,AVAILABLE,WITHHELD_UNCERTAINTY
0cc3c74995258eadcc3f558ca2bbffcef00dd409957bb27cf0478621359f0068,JUNCTIONS,-5334,charm_plus_anticharm_constituent_count,raw_weighted_sum,weighted_count,0x0.0p+0,AVAILABLE,WITHHELD_UNCERTAINTY
1018a88298fdc19af569ea0325a455796cb66506bc59ef4c04e4a118f5698cfd,MONASH,-5334,charm_plus_anticharm_constituent_count,raw_weighted_sum,weighted_count,0x0.0p+0,AVAILABLE,WITHHELD_UNCERTAINTY
10bc425d1d5d36964a997c6bc0da0af620abff1c4033b268182b0003a719de9f,CLOSEPACKING,-5334,hadron_count,normalized_yield,per_event,0x1.a2ed5558770f8p-12,AVAILABLE,AVAILABLE
54bac47a66312ab149c4d8e0cb1de79978b136f915a038bb1a7e80f3288567ab,JUNCTIONS,-5334,hadron_count,normalized_yield,per_event,0x1.661c13b1e3926p-15,AVAILABLE,AVAILABLE
d27f2620dda35ea2d8a8c93753d71bfa58dd0f0c5489179f5b5c797161d2f29a,MONASH,-5334,hadron_count,normalized_yield,per_event,0x1.716f2e0b2b2c5p-17,AVAILABLE,AVAILABLE
e669f4f3c5f4204f457399ec1bd63ba9f1ab36b2c0a9025b2adf091170eae9f0,CLOSEPACKING,-5334,hadron_count,raw_count,count,0x1.3820000000000p+15,AVAILABLE,WITHHELD_UNCERTAINTY
e6d494aa7346929efaa6bf40921e07ac7cec686dbec2fd49ef205e04bcf8632a,JUNCTIONS,-5334,hadron_count,raw_count,count,0x1.0ad0000000000p+12,AVAILABLE,WITHHELD_UNCERTAINTY
e546c180de8f569c23b8b5436cfa2f410aee445cc0174460014f05359bbf185d,MONASH,-5334,hadron_count,raw_count,count,0x1.1340000000000p+10,AVAILABLE,WITHHELD_UNCERTAINTY
62749b1ebfad3fb3f0a05215c315757a0724a370609fd95d8276bb8b834f2f10,CLOSEPACKING,-5334,hadron_count,raw_weighted_sum,weighted_count,0x1.3820000000000p+15,AVAILABLE,WITHHELD_UNCERTAINTY
c7a9d14c8303f7134c9b88fa8642b8995dbcd7a4491afaf8d18bb9103a7e342b,JUNCTIONS,-5334,hadron_count,raw_weighted_sum,weighted_count,0x1.0ad0000000000p+12,AVAILABLE,WITHHELD_UNCERTAINTY
05260c816c1c17532d9e3ab9ab1b522f521ed3f4c12d2230d0210d36ddec0d15,MONASH,-5334,hadron_count,raw_weighted_sum,weighted_count,0x1.1340000000000p+10,AVAILABLE,WITHHELD_UNCERTAINTY
27c78a6837348cc0af1ccf6cb9e68c6d929fb6f85bd11c29139172c58a3a5950,CLOSEPACKING,-5342,beauty_plus_antibeauty_constituent_count,raw_count,count,0x1.6300000000000p+9,AVAILABLE,WITHHELD_UNCERTAINTY
54c26f708460489f870469ee1370dc8b7d7112c2233025af5332ff2e3ca40d1a,JUNCTIONS,-5342,beauty_plus_antibeauty_constituent_count,raw_count,count,0x1.7880000000000p+9,AVAILABLE,WITHHELD_UNCERTAINTY
99781783e51b54fbe73bad5d9a648e20b9f0180184997a4b081fc77df7e09614,MONASH,-5342,beauty_plus_antibeauty_constituent_count,raw_count,count,0x0.0p+0,AVAILABLE,WITHHELD_UNCERTAINTY
9e087f76384235f24bcf3f9a5dcc585972d34216648acfd9d9d0278c42356a44,CLOSEPACKING,-5342,beauty_plus_antibeauty_constituent_count,raw_weighted_sum,weighted_count,0x1.6300000000000p+9,AVAILABLE,WITHHELD_UNCERTAINTY
ff01c734917c194f0eae03f0b5d63afe91912ccef9eb0a3e24faf16ca8ce7566,JUNCTIONS,-5342,beauty_plus_antibeauty_constituent_count,raw_weighted_sum,weighted_count,0x1.7880000000000p+9,AVAILABLE,WITHHELD_UNCERTAINTY
7737673d338b6df12f79b30667d8de8e6837d5740dcbbecdadf2d89d8aaad457,MONASH,-5342,beauty_plus_antibeauty_constituent_count,raw_weighted_sum,weighted_count,0x0.0p+0,AVAILABLE,WITHHELD_UNCERTAINTY
735a8217c5a331b3359585ca1b0b825487cb459f74b0dd60f986e0530e382e15,CLOSEPACKING,-5342,charm_plus_anticharm_constituent_count,raw_count,count,0x1.6300000000000p+9,AVAILABLE,WITHHELD_UNCERTAINTY
3b2291eb61dab105ef2456f5660c40565ab8ab57185b7b8955d98c053d471bc5,JUNCTIONS,-5342,charm_plus_anticharm_constituent_count,raw_count,count,0x1.7880000000000p+9,AVAILABLE,WITHHELD_UNCERTAINTY
4adfdf2ce7093f2b6983b1025187c994e2c00717702c04f929f2ecba394b5f4d,MONASH,-5342,charm_plus_anticharm_constituent_count,raw_count,count,0x0.0p+0,AVAILABLE,WITHHELD_UNCERTAINTY
ed7ce11eb5d1bbe7100e7a32f81ad341254a65d41860d85302be889be1ffd5c0,CLOSEPACKING,-5342,charm_plus_anticharm_constituent_count,raw_weighted_sum,weighted_count,0x1.6300000000000p+9,AVAILABLE,WITHHELD_UNCERTAINTY
c0e1f91eeba515535c6732ba1aef572300faabd33446387d86687c1034ba80b6,JUNCTIONS,-5342,charm_plus_anticharm_constituent_count,raw_weighted_sum,weighted_count,0x1.7880000000000p+9,AVAILABLE,WITHHELD_UNCERTAINTY
9c3fdae2b1270eb42c29a9223a6b6bd8d43f9fa524a752c54e135072f47b1fcb,MONASH,-5342,charm_plus_anticharm_constituent_count,raw_weighted_sum,weighted_count,0x0.0p+0,AVAILABLE,WITHHELD_UNCERTAINTY
34377f353b74859cfce927a4e6dce9fd71e4e95db7462cd929692eadd3b46087,CLOSEPACKING,-5342,hadron_count,normalized_yield,per_event,0x1.dc79123a95274p-18,AVAILABLE,AVAILABLE
452314aacc32b12942e6caf7fadc164c3e9a1fcb20d7f3dd7ca8e53f65df1c72,JUNCTIONS,-5342,hadron_count,normalized_yield,per_event,0x1.f9546a3a8663bp-18,AVAILABLE,AVAILABLE
ada7cd3996db9a7b45b4a8b8d9ecfc5f00505cb77ca842e250f504ea1462ab9e,MONASH,-5342,hadron_count,normalized_yield,per_event,0x0.0p+0,AVAILABLE,AVAILABLE_ZERO_DISPERSION
0110369eb5cb1460d3f3d24ddcad72f8199fad613150282b1601478c7b44ef71,CLOSEPACKING,-5342,hadron_count,raw_count,count,0x1.6300000000000p+9,AVAILABLE,WITHHELD_UNCERTAINTY
7f04144d6dc2ef596da1eebc9da98f9744a681bf58f2c1c38c06677faafdccef,JUNCTIONS,-5342,hadron_count,raw_count,count,0x1.7880000000000p+9,AVAILABLE,WITHHELD_UNCERTAINTY
b112f61fc4cf26c556a4ada65a2064f0425372fcc69a703615e9906a66ea9994,MONASH,-5342,hadron_count,raw_count,count,0x0.0p+0,AVAILABLE,WITHHELD_UNCERTAINTY
a3066dc3f178f687a7d9891c1e63bfb67661853a7e5551380e33c33f0f3f86fb,CLOSEPACKING,-5342,hadron_count,raw_weighted_sum,weighted_count,0x1.6300000000000p+9,AVAILABLE,WITHHELD_UNCERTAINTY
69cde993d297b158c336a720c25acc3fa8052a8258167697a76ed3c23b071551,JUNCTIONS,-5342,hadron_count,raw_weighted_sum,weighted_count,0x1.7880000000000p+9,AVAILABLE,WITHHELD_UNCERTAINTY
84f48564fc972564314af7fdcac7d03aa74e5b194a6001dac38e3d16c6ee34f0,MONASH,-5342,hadron_count,raw_weighted_sum,weighted_count,0x0.0p+0,AVAILABLE,WITHHELD_UNCERTAINTY
6c98f3fd718ad9041c066269a81042f8bd5ae8d9e9012adc586c5f29bda56193,CLOSEPACKING,-541,beauty_plus_antibeauty_constituent_count,raw_count,count,0x1.4de0000000000p+11,AVAILABLE,WITHHELD_UNCERTAINTY
4373990514b639a3d1445e97947c7293e5959744118b6c3cb59901a838d54ed6,JUNCTIONS,-541,beauty_plus_antibeauty_constituent_count,raw_count,count,0x1.7360000000000p+11,AVAILABLE,WITHHELD_UNCERTAINTY
1934a519b2988cd608662abc8caa4d77c21c88e262d713fdf5e506361aafb820,MONASH,-541,beauty_plus_antibeauty_constituent_count,raw_count,count,0x1.eb20000000000p+11,AVAILABLE,WITHHELD_UNCERTAINTY
f821252d666b655615922c26a504af78d8ec3db3acaa4752ea97c5ceb8041052,CLOSEPACKING,-541,beauty_plus_antibeauty_constituent_count,raw_weighted_sum,weighted_count,0x1.4de0000000000p+11,AVAILABLE,WITHHELD_UNCERTAINTY
4a8d2b245b0035dc1067d5901ff25b5d60ecd7ebfe3ba1462fcc7dc001dbe8d8,JUNCTIONS,-541,beauty_plus_antibeauty_constituent_count,raw_weighted_sum,weighted_count,0x1.7360000000000p+11,AVAILABLE,WITHHELD_UNCERTAINTY
83a57538f7cc6ab3a24f2b6108f16f6750fa17823a7e7334b6a136ede0ce2727,MONASH,-541,beauty_plus_antibeauty_constituent_count,raw_weighted_sum,weighted_count,0x1.eb20000000000p+11,AVAILABLE,WITHHELD_UNCERTAINTY
543aa0057efdd7c9d8c1c1db515b805e5b4b8f6beb529a0b6faad2775813ff56,CLOSEPACKING,-541,charm_plus_anticharm_constituent_count,raw_count,count,0x1.4de0000000000p+11,AVAILABLE,WITHHELD_UNCERTAINTY
261dcd4698995c8be9e376c97bfbc486195bec3348bf21ee2073e8f2daf7a3d1,JUNCTIONS,-541,charm_plus_anticharm_constituent_count,raw_count,count,0x1.7360000000000p+11,AVAILABLE,WITHHELD_UNCERTAINTY
6e3d89b18b2901c54fc11ccd1c9f92d807ba31768375a6dc42cb9f9b9431a308,MONASH,-541,charm_plus_anticharm_constituent_count,raw_count,count,0x1.eb20000000000p+11,AVAILABLE,WITHHELD_UNCERTAINTY
bdd15a8cbf393014e7e89f156602089c8e1aada7b2d7b026e7708b5735022fd9,CLOSEPACKING,-541,charm_plus_anticharm_constituent_count,raw_weighted_sum,weighted_count,0x1.4de0000000000p+11,AVAILABLE,WITHHELD_UNCERTAINTY
bbd9446f6479f1982d250f51b9f7d3bb0389cbc30bbe817942ef556d4fe15272,JUNCTIONS,-541,charm_plus_anticharm_constituent_count,raw_weighted_sum,weighted_count,0x1.7360000000000p+11,AVAILABLE,WITHHELD_UNCERTAINTY
4fd351cf208468630e2e88400180ba5c8d513afa9618d1ee57bb3e257e48e3c6,MONASH,-541,charm_plus_anticharm_constituent_count,raw_weighted_sum,weighted_count,0x1.eb20000000000p+11,AVAILABLE,WITHHELD_UNCERTAINTY
5eb2ae2d54eb41e205759453c4957eefce0609892a0801108c69d840f9d2fe1e,CLOSEPACKING,-541,hadron_count,normalized_yield,per_event,0x1.c01e9393f10e2p-16,AVAILABLE,AVAILABLE
95aeb0201a90bdaf501316ebc6ceeb2ed0de095073a87ef3d46eb14372fa6fd2,JUNCTIONS,-541,hadron_count,normalized_yield,per_event,0x1.f2737a7612d6cp-16,AVAILABLE,AVAILABLE
b9b37a3f72fe0b307404fd3c88243c1bbe689d50bfca263d11dd363c39b0da7e,MONASH,-541,hadron_count,normalized_yield,per_event,0x1.4996a1ed7b182p-15,AVAILABLE,AVAILABLE
e07d84822e4ce119939d63c92174cf1451aea43fa49d586b05fecb715b2315dc,CLOSEPACKING,-541,hadron_count,raw_count,count,0x1.4de0000000000p+11,AVAILABLE,WITHHELD_UNCERTAINTY
4dc02c6b376ef9c398802982876220ba6750865926986a3b04e81c717dbb4a4b,JUNCTIONS,-541,hadron_count,raw_count,count,0x1.7360000000000p+11,AVAILABLE,WITHHELD_UNCERTAINTY
b42df3cb2d3e7c37e04dc1d5bc58beee9e3e861b5a370c11aa45f4a4abcbce01,MONASH,-541,hadron_count,raw_count,count,0x1.eb20000000000p+11,AVAILABLE,WITHHELD_UNCERTAINTY
1eb34dd13e43b91b8a22301340afbc4333d0dc56ebf909b9dac073e4ff242bcd,CLOSEPACKING,-541,hadron_count,raw_weighted_sum,weighted_count,0x1.4de0000000000p+11,AVAILABLE,WITHHELD_UNCERTAINTY
4affe294e502483a4461a1b7ba035e2ca2a85c2b1104a01906cb46caee74dfe5,JUNCTIONS,-541,hadron_count,raw_weighted_sum,weighted_count,0x1.7360000000000p+11,AVAILABLE,WITHHELD_UNCERTAINTY
8344790ebedd10a6b2aaf28d7c16cf30bce0b59276d45dafc1ea46bac9807fa5,MONASH,-541,hadron_count,raw_weighted_sum,weighted_count,0x1.eb20000000000p+11,AVAILABLE,WITHHELD_UNCERTAINTY
3662603b16909198ab392df5280b63da5fa5c4a0bad56bff555a598ec6916bda,CLOSEPACKING,-5412,beauty_plus_antibeauty_constituent_count,raw_count,count,0x1.fb80000000000p+11,AVAILABLE,WITHHELD_UNCERTAINTY
1d9206f4e5a56ea377d95483694aa4ad0c708cd0ed16a4d12fb4b7fe39204703,JUNCTIONS,-5412,beauty_plus_antibeauty_constituent_count,raw_count,count,0x1.5e00000000000p+12,AVAILABLE,WITHHELD_UNCERTAINTY
b5656ab8c19e4098809b54436b6ddfcd865acbe036f368b05a163de315326973,MONASH,-5412,beauty_plus_antibeauty_constituent_count,raw_count,count,0x0.0p+0,AVAILABLE,WITHHELD_UNCERTAINTY
98113ae0572814820e547baddc7aac074525cebd7bb3a8e63e1f754622fffa0d,CLOSEPACKING,-5412,beauty_plus_antibeauty_constituent_count,raw_weighted_sum,weighted_count,0x1.fb80000000000p+11,AVAILABLE,WITHHELD_UNCERTAINTY
9c15c6fb9b69fc1c218a8324cc7d9f2210d7d26ede2662aaf0513e0a836969d3,JUNCTIONS,-5412,beauty_plus_antibeauty_constituent_count,raw_weighted_sum,weighted_count,0x1.5e00000000000p+12,AVAILABLE,WITHHELD_UNCERTAINTY
4f5df0970f1eefe43c2e3a31df196dcfbf6b1c3a49a834952b04831d53c53b93,MONASH,-5412,beauty_plus_antibeauty_constituent_count,raw_weighted_sum,weighted_count,0x0.0p+0,AVAILABLE,WITHHELD_UNCERTAINTY
878cf682a77ad4e7869f7a583b231a21b42b0f602acc3082a4ec1e69514019b3,CLOSEPACKING,-5412,charm_plus_anticharm_constituent_count,raw_count,count,0x1.fb80000000000p+11,AVAILABLE,WITHHELD_UNCERTAINTY
04437ac97c243f9e5121680eb9976c41e92fe2169c1287c0eebb90d7377eb4e3,JUNCTIONS,-5412,charm_plus_anticharm_constituent_count,raw_count,count,0x1.5e00000000000p+12,AVAILABLE,WITHHELD_UNCERTAINTY
ace4183470f2448c634ab235a30066a21fa716f2875315cc6a414182ad6d75a9,MONASH,-5412,charm_plus_anticharm_constituent_count,raw_count,count,0x0.0p+0,AVAILABLE,WITHHELD_UNCERTAINTY
b8f6a2232c3b7b909d8121ea8592a7ce65382320e81c42991e443872050ff39f,CLOSEPACKING,-5412,charm_plus_anticharm_constituent_count,raw_weighted_sum,weighted_count,0x1.fb80000000000p+11,AVAILABLE,WITHHELD_UNCERTAINTY
95b71e8cc6e05e6456cdc45d277d8b4ca3e5159b8a5c39f577a1e7e7241c7ef5,JUNCTIONS,-5412,charm_plus_anticharm_constituent_count,raw_weighted_sum,weighted_count,0x1.5e00000000000p+12,AVAILABLE,WITHHELD_UNCERTAINTY
e98e2475e2f1c32262cd0d2b1b0a7c56328b758ef6a3d0f5ddd3c92501bc2e34,MONASH,-5412,charm_plus_anticharm_constituent_count,raw_weighted_sum,weighted_count,0x0.0p+0,AVAILABLE,WITHHELD_UNCERTAINTY
169518bd8264ef11c2ff19345401a9ba9f9b85568502c13833aad19554dc716b,CLOSEPACKING,-5412,hadron_count,normalized_yield,per_event,0x1.5493d60b39efep-15,AVAILABLE,AVAILABLE
979702a23e8dd0a05e3d7e11ca2c01870596de269af0d68978fabdc78c8b78db,JUNCTIONS,-5412,hadron_count,normalized_yield,per_event,0x1.d5c31593e5fb7p-15,AVAILABLE,AVAILABLE
511124b57e907f1779ff83315bf8dce867bb1c74bd7ab8e1c4feedcea5225a30,MONASH,-5412,hadron_count,normalized_yield,per_event,0x0.0p+0,AVAILABLE,AVAILABLE_ZERO_DISPERSION
cfe1b6bd76722a2bbb92d7c8b37ef4088e1d8da9500f638b714436d4669b62ae,CLOSEPACKING,-5412,hadron_count,raw_count,count,0x1.fb80000000000p+11,AVAILABLE,WITHHELD_UNCERTAINTY
5c088c864728a26fe59ddb2f55df32dc8ac5493f8545344ca33009e717de2931,JUNCTIONS,-5412,hadron_count,raw_count,count,0x1.5e00000000000p+12,AVAILABLE,WITHHELD_UNCERTAINTY
c9939d7583e85391eef166ce729406de5794a368a5b33113d21b6f30c5352ccb,MONASH,-5412,hadron_count,raw_count,count,0x0.0p+0,AVAILABLE,WITHHELD_UNCERTAINTY
79d9d1736f4660ba2db3ae099911e277db1333404637ec611b6d6239d27391fb,CLOSEPACKING,-5412,hadron_count,raw_weighted_sum,weighted_count,0x1.fb80000000000p+11,AVAILABLE,WITHHELD_UNCERTAINTY
2cb8a42e1487def0e8d10b141f95d121c52b32f42f9629d24b8d86ee2370ed2b,JUNCTIONS,-5412,hadron_count,raw_weighted_sum,weighted_count,0x1.5e00000000000p+12,AVAILABLE,WITHHELD_UNCERTAINTY
e27c0bef50e525fa03d4715146a8abcd7c07751ad0832bbf25b7c34c83e68da3,MONASH,-5412,hadron_count,raw_weighted_sum,weighted_count,0x0.0p+0,AVAILABLE,WITHHELD_UNCERTAINTY
3f33aa8cf0d3687c8cbde24157cfdf4e6d9ddcaba903973c9df2432146cf0bea,CLOSEPACKING,-5414,beauty_plus_antibeauty_constituent_count,raw_count,count,0x1.1cd0000000000p+12,AVAILABLE,WITHHELD_UNCERTAINTY
d8a9eab6e2e099e8dbe25003deec92d08c1d5620bf67649ba471e86fcdab2d77,JUNCTIONS,-5414,beauty_plus_antibeauty_constituent_count,raw_count,count,0x1.bd80000000000p+9,AVAILABLE,WITHHELD_UNCERTAINTY
783cd7312630001c46d7d3d7571cc130f3a5cbbba21cccb55accf82b4386d868,MONASH,-5414,beauty_plus_antibeauty_constituent_count,raw_count,count,0x0.0p+0,AVAILABLE,WITHHELD_UNCERTAINTY
d460ef18a15cf5bedf733052c4bb009a90fe8e5e2fcec705d06a9a7d1569bad8,CLOSEPACKING,-5414,beauty_plus_antibeauty_constituent_count,raw_weighted_sum,weighted_count,0x1.1cd0000000000p+12,AVAILABLE,WITHHELD_UNCERTAINTY
54c18ab2dc2d68813b9e9d1241fbc874bfad724c976c1ac2fb06605b522e8485,JUNCTIONS,-5414,beauty_plus_antibeauty_constituent_count,raw_weighted_sum,weighted_count,0x1.bd80000000000p+9,AVAILABLE,WITHHELD_UNCERTAINTY
d1058e19d9f5eb0cd241b4d654416dd9245bd0f405606ea692118902691fd92f,MONASH,-5414,beauty_plus_antibeauty_constituent_count,raw_weighted_sum,weighted_count,0x0.0p+0,AVAILABLE,WITHHELD_UNCERTAINTY
dedca7627a3b7ef7601999053a19d22f378f9c9e284f9f4a706bedb7512956e9,CLOSEPACKING,-5414,charm_plus_anticharm_constituent_count,raw_count,count,0x1.1cd0000000000p+12,AVAILABLE,WITHHELD_UNCERTAINTY
a60a1bcc4f04a4d22880e830e7ebe79fa94634503bb1d77533ac5ef73f640398,JUNCTIONS,-5414,charm_plus_anticharm_constituent_count,raw_count,count,0x1.bd80000000000p+9,AVAILABLE,WITHHELD_UNCERTAINTY
c03078b8301b30f21c8366fa4ca120159264f42bc1cd7ca24b24305131a8ecce,MONASH,-5414,charm_plus_anticharm_constituent_count,raw_count,count,0x0.0p+0,AVAILABLE,WITHHELD_UNCERTAINTY
07869aa87c60ff68d0fb8429347de5c882c005af3037d7ac1036818dfa531995,CLOSEPACKING,-5414,charm_plus_anticharm_constituent_count,raw_weighted_sum,weighted_count,0x1.1cd0000000000p+12,AVAILABLE,WITHHELD_UNCERTAINTY
5ce19477e65c225c4cc9f2b8a8dad60f449658654c4f7f6a899121883bfc38e7,JUNCTIONS,-5414,charm_plus_anticharm_constituent_count,raw_weighted_sum,weighted_count,0x1.bd80000000000p+9,AVAILABLE,WITHHELD_UNCERTAINTY
b8f82ae7124ed3994fb4068c037914035e16922448e2daaa57f0aaef1cacd265,MONASH,-5414,charm_plus_anticharm_constituent_count,raw_weighted_sum,weighted_count,0x0.0p+0,AVAILABLE,WITHHELD_UNCERTAINTY
7404218eee2dae0501a5b252a5062379c8b8e6269c074b3220997073d1d84300,CLOSEPACKING,-5414,hadron_count,normalized_yield,per_event,0x1.7e44d4705a302p-15,AVAILABLE,AVAILABLE
de4e6ae1e2b1e61c8aba085292d62deb9c47b469dab70c5699aa940ffbf17dd5,JUNCTIONS,-5414,hadron_count,normalized_yield,per_event,0x1.2af85134fbe03p-17,AVAILABLE,AVAILABLE
98c8a1fb6a54754545bfd48bc9a91e51cdbf6b49e2cf3be23d1bdb226571b209,MONASH,-5414,hadron_count,normalized_yield,per_event,0x0.0p+0,AVAILABLE,AVAILABLE_ZERO_DISPERSION
808ee61c41216544009560aa80fa303ae2526e007fc2acd5973e5512670a3e91,CLOSEPACKING,-5414,hadron_count,raw_count,count,0x1.1cd0000000000p+12,AVAILABLE,WITHHELD_UNCERTAINTY
e18172f89a252cc6e90c70296ed94529426c966c80904b0deb288eb0ee322530,JUNCTIONS,-5414,hadron_count,raw_count,count,0x1.bd80000000000p+9,AVAILABLE,WITHHELD_UNCERTAINTY
dde76a803d915623b6495a65bdc0296296c9d1d983dc656eee5c5938d67fa7c7,MONASH,-5414,hadron_count,raw_count,count,0x0.0p+0,AVAILABLE,WITHHELD_UNCERTAINTY
574d880e9491242d44ee27b4742210b693e5c994f61d107d6039d23c718cf112,CLOSEPACKING,-5414,hadron_count,raw_weighted_sum,weighted_count,0x1.1cd0000000000p+12,AVAILABLE,WITHHELD_UNCERTAINTY
d5983aaf156e78ff988f15d90d929f09a3ad7135b6a19b76fe9ea2b7569499ce,JUNCTIONS,-5414,hadron_count,raw_weighted_sum,weighted_count,0x1.bd80000000000p+9,AVAILABLE,WITHHELD_UNCERTAINTY
361fe07e4158aba277d5540e8accf3c0e57c36bf3ddf0b0a54ef1b2d794fb047,MONASH,-5414,hadron_count,raw_weighted_sum,weighted_count,0x0.0p+0,AVAILABLE,WITHHELD_UNCERTAINTY
3939be2057dd6619b1aaef361fbf23b8722e9674873c572ff2bcc82e1e125a33,CLOSEPACKING,-5422,beauty_plus_antibeauty_constituent_count,raw_count,count,0x1.ec20000000000p+11,AVAILABLE,WITHHELD_UNCERTAINTY
2c050e03d124893ca2057de828958dea22f49c2ab382d67cac246aef16f40e34,JUNCTIONS,-5422,beauty_plus_antibeauty_constituent_count,raw_count,count,0x1.5b40000000000p+12,AVAILABLE,WITHHELD_UNCERTAINTY
a02a41be5815efe9856dae9a274b8f79f3a60d595aba9ee9324611368ff365a9,MONASH,-5422,beauty_plus_antibeauty_constituent_count,raw_count,count,0x0.0p+0,AVAILABLE,WITHHELD_UNCERTAINTY
ce52a35795b04caf7355508630ec78c9dca41c65f6bf7d1542b94674659eebf3,CLOSEPACKING,-5422,beauty_plus_antibeauty_constituent_count,raw_weighted_sum,weighted_count,0x1.ec20000000000p+11,AVAILABLE,WITHHELD_UNCERTAINTY
e6a9c939edfc580ed00e687565514e5682375a41615ac5ddd44791d1ead286fc,JUNCTIONS,-5422,beauty_plus_antibeauty_constituent_count,raw_weighted_sum,weighted_count,0x1.5b40000000000p+12,AVAILABLE,WITHHELD_UNCERTAINTY
c866bb342dfe1ea98351081d2b05e246c744e7179608835ab49e52639f8e53f0,MONASH,-5422,beauty_plus_antibeauty_constituent_count,raw_weighted_sum,weighted_count,0x0.0p+0,AVAILABLE,WITHHELD_UNCERTAINTY
e5430b474ecbff8f007141cf4ff7f7ae9770885a1c45faf61803e97fa092b15b,CLOSEPACKING,-5422,charm_plus_anticharm_constituent_count,raw_count,count,0x1.ec20000000000p+11,AVAILABLE,WITHHELD_UNCERTAINTY
e7174543bfe37178251fcefa912e9ec83c1e4a365612c8e82f34cd21137d4d62,JUNCTIONS,-5422,charm_plus_anticharm_constituent_count,raw_count,count,0x1.5b40000000000p+12,AVAILABLE,WITHHELD_UNCERTAINTY
c325160b2f7bbadf47dbb5b7a891b87d8c1ed979197e67686d99417aeb19763d,MONASH,-5422,charm_plus_anticharm_constituent_count,raw_count,count,0x0.0p+0,AVAILABLE,WITHHELD_UNCERTAINTY
a1b931b926e07b10587bae46b4d49f68d7bed2563d446a215a432bc4aba76546,CLOSEPACKING,-5422,charm_plus_anticharm_constituent_count,raw_weighted_sum,weighted_count,0x1.ec20000000000p+11,AVAILABLE,WITHHELD_UNCERTAINTY
4fa04b97beab72ba3d378faba6204599519038910ff8a9f1a42bdb3665ac9bb3,JUNCTIONS,-5422,charm_plus_anticharm_constituent_count,raw_weighted_sum,weighted_count,0x1.5b40000000000p+12,AVAILABLE,WITHHELD_UNCERTAINTY
e5baa4fd3c2c25268aceeb187a8a3ad90e570e79b334df2a20bcc01465a52d9a,MONASH,-5422,charm_plus_anticharm_constituent_count,raw_weighted_sum,weighted_count,0x0.0p+0,AVAILABLE,WITHHELD_UNCERTAINTY
4cc5951d88b20a264664ffd0883e99c6ac98508f028a46aff73b714607b8595e,CLOSEPACKING,-5422,hadron_count,normalized_yield,per_event,0x1.4a426e648c9c8p-15,AVAILABLE,AVAILABLE
6f47ef15c85ce59faf61242e5001c02389e380d339cdb790e7a4ea917a513ad4,JUNCTIONS,-5422,hadron_count,normalized_yield,per_event,0x1.d212310505a36p-15,AVAILABLE,AVAILABLE
9b34aa6b497f1b608a0e9092638e9cf804bd708e669a1b48a72adb4059c69937,MONASH,-5422,hadron_count,normalized_yield,per_event,0x0.0p+0,AVAILABLE,AVAILABLE_ZERO_DISPERSION
c201c7d3ec5108aed3f17983d7c8a8c8e086f4129186f155e6c385eefba94f18,CLOSEPACKING,-5422,hadron_count,raw_count,count,0x1.ec20000000000p+11,AVAILABLE,WITHHELD_UNCERTAINTY
cb59e86af01a8d901b2467c2c2e1eddaacf7b12b74f3bc4e62a2578a7f537f92,JUNCTIONS,-5422,hadron_count,raw_count,count,0x1.5b40000000000p+12,AVAILABLE,WITHHELD_UNCERTAINTY
68fbe8dcaf1df63e376346630c847ff020a709ededcafb9795e0c9928d33094f,MONASH,-5422,hadron_count,raw_count,count,0x0.0p+0,AVAILABLE,WITHHELD_UNCERTAINTY
12cc1191fef2ab599149f2f2f4a75fea9004ce2c55d9536d6afe3a0486c8aefc,CLOSEPACKING,-5422,hadron_count,raw_weighted_sum,weighted_count,0x1.ec20000000000p+11,AVAILABLE,WITHHELD_UNCERTAINTY
0ae4aa90e40d97228045029a9388a50879c952533d540a17fecabfe7c4f92977,JUNCTIONS,-5422,hadron_count,raw_weighted_sum,weighted_count,0x1.5b40000000000p+12,AVAILABLE,WITHHELD_UNCERTAINTY
ab3f41a6169f5eef2637001be4c3b859067f76bc454c75ccd5047398bc2b123b,MONASH,-5422,hadron_count,raw_weighted_sum,weighted_count,0x0.0p+0,AVAILABLE,WITHHELD_UNCERTAINTY
fb351572775d54fdf96dc387aa73b02eb9f38030f1d8b3a88ead01af0ffa3b1b,CLOSEPACKING,-5424,beauty_plus_antibeauty_constituent_count,raw_count,count,0x1.1af0000000000p+12,AVAILABLE,WITHHELD_UNCERTAINTY
724dd292b745dcd8af51f7f52ddcaea01f02c5ba3e75817920200b26cb174683,JUNCTIONS,-5424,beauty_plus_antibeauty_constituent_count,raw_count,count,0x1.b480000000000p+9,AVAILABLE,WITHHELD_UNCERTAINTY
894efe75015d8a3e73b1b2aa2a0d0452d9b5f4d9de664934ca9a4821b1050954,MONASH,-5424,beauty_plus_antibeauty_constituent_count,raw_count,count,0x0.0p+0,AVAILABLE,WITHHELD_UNCERTAINTY
06763f7ed34588823a2e621e95321041b1beaf6d11987feb13b037a4a8e2f029,CLOSEPACKING,-5424,beauty_plus_antibeauty_constituent_count,raw_weighted_sum,weighted_count,0x1.1af0000000000p+12,AVAILABLE,WITHHELD_UNCERTAINTY
f0316cda038bfeb7da4c4b91d01bb5f05de1f86507316cee3de54a3412044218,JUNCTIONS,-5424,beauty_plus_antibeauty_constituent_count,raw_weighted_sum,weighted_count,0x1.b480000000000p+9,AVAILABLE,WITHHELD_UNCERTAINTY
5fef9db7ee2013576aaa14a7ea4a42eca4a0fdf615724fbdb44b9ddeaaf3dd38,MONASH,-5424,beauty_plus_antibeauty_constituent_count,raw_weighted_sum,weighted_count,0x0.0p+0,AVAILABLE,WITHHELD_UNCERTAINTY
b5eb583934676299e0acb3f903b21fb1479a2eacca8390157bb6ded4aba09f6f,CLOSEPACKING,-5424,charm_plus_anticharm_constituent_count,raw_count,count,0x1.1af0000000000p+12,AVAILABLE,WITHHELD_UNCERTAINTY
8dceba0cc24084c0466d534ac7f6a0b23158bcffd2a719b8f5273e704c2c829e,JUNCTIONS,-5424,charm_plus_anticharm_constituent_count,raw_count,count,0x1.b480000000000p+9,AVAILABLE,WITHHELD_UNCERTAINTY
854a3363e01027503b12a0a10a2878a65d75737c26784e57123d12dd2580839c,MONASH,-5424,charm_plus_anticharm_constituent_count,raw_count,count,0x0.0p+0,AVAILABLE,WITHHELD_UNCERTAINTY
bb8dacf08dafc8a0e15e3412895ac85ac43a12f6b2ee7c5b2c3bbf77bfd5b3cf,CLOSEPACKING,-5424,charm_plus_anticharm_constituent_count,raw_weighted_sum,weighted_count,0x1.1af0000000000p+12,AVAILABLE,WITHHELD_UNCERTAINTY
7a2798f56b1020e35e30aad87c7d350b3ef1c3fcd59ceaf93032e510b1ee9a43,JUNCTIONS,-5424,charm_plus_anticharm_constituent_count,raw_weighted_sum,weighted_count,0x1.b480000000000p+9,AVAILABLE,WITHHELD_UNCERTAINTY
4c7032e5d0e16e07b76b5fea9d68ad41a41e31cb1dc21e51409d2bf1a56144f8,MONASH,-5424,charm_plus_anticharm_constituent_count,raw_weighted_sum,weighted_count,0x0.0p+0,AVAILABLE,WITHHELD_UNCERTAINTY
c7a0a72ec8d768bc3c8170c4829ab9cad4cea7871293927b8348bbfb7bd5a4ae,CLOSEPACKING,-5424,hadron_count,normalized_yield,per_event,0x1.7bc095b1d87fbp-15,AVAILABLE,AVAILABLE
3141f010628df7cb4865c05ae318964097abfb458b725af74aecefdf01b0dfd4,JUNCTIONS,-5424,hadron_count,normalized_yield,per_event,0x1.24ee21055e38cp-17,AVAILABLE,AVAILABLE
f5a8e11eb5127e0a1a6c6544e341de27a7eaa455c660cf9d2e16625c77d7b5a3,MONASH,-5424,hadron_count,normalized_yield,per_event,0x0.0p+0,AVAILABLE,AVAILABLE_ZERO_DISPERSION
8b13154cee52e7aa960a6c904e7239230716b31faa0eb232a48de476b252de2a,CLOSEPACKING,-5424,hadron_count,raw_count,count,0x1.1af0000000000p+12,AVAILABLE,WITHHELD_UNCERTAINTY
6a976a39f5bbeef25377e40b9fef872dc0b1cfd4e43a855f04386f1868167297,JUNCTIONS,-5424,hadron_count,raw_count,count,0x1.b480000000000p+9,AVAILABLE,WITHHELD_UNCERTAINTY
0fec11920f3ac37ec7689eb9cc4f7ed698d971224eeb63d24449212b65b230c8,MONASH,-5424,hadron_count,raw_count,count,0x0.0p+0,AVAILABLE,WITHHELD_UNCERTAINTY
83a9c971268dfce453b7a0af0e5a54904653f4abb8693aefad2ed5bf9a5aadf1,CLOSEPACKING,-5424,hadron_count,raw_weighted_sum,weighted_count,0x1.1af0000000000p+12,AVAILABLE,WITHHELD_UNCERTAINTY
185455d9d5232900f7c23842395dd2d127c11fb10ac282236d3063b803a323a8,JUNCTIONS,-5424,hadron_count,raw_weighted_sum,weighted_count,0x1.b480000000000p+9,AVAILABLE,WITHHELD_UNCERTAINTY
afc400ad4d229750643d25cf57de71f8be920f03b400d9ceb1a61008d7f54aa7,MONASH,-5424,hadron_count,raw_weighted_sum,weighted_count,0x0.0p+0,AVAILABLE,WITHHELD_UNCERTAINTY
c9e407858ce0d68767796b98f656cb34c42b1b50fd0e34b665e1d1c1dd36f8b8,CLOSEPACKING,-543,beauty_plus_antibeauty_constituent_count,raw_count,count,0x1.6090000000000p+12,AVAILABLE,WITHHELD_UNCERTAINTY
faa4a85823c1dbf6049adf784146120c0cd6df403722d39ffd1f366b16fc838c,JUNCTIONS,-543,beauty_plus_antibeauty_constituent_count,raw_count,count,0x1.90d0000000000p+12,AVAILABLE,WITHHELD_UNCERTAINTY
07f0f33c130a7d6f81417d004bc7adbb04a0a1e3b8ea64b551be04e9d52d63fd,MONASH,-543,beauty_plus_antibeauty_constituent_count,raw_count,count,0x1.0fa8000000000p+13,AVAILABLE,WITHHELD_UNCERTAINTY
0898ea47cf09b2c13e211d70102d1227cabdb797fca094a1be18e1303ca588f0,CLOSEPACKING,-543,beauty_plus_antibeauty_constituent_count,raw_weighted_sum,weighted_count,0x1.6090000000000p+12,AVAILABLE,WITHHELD_UNCERTAINTY
f38364ccb2c7dc1c56437524058ced8378bc7a3b0a8f46ca8a449b23741edf8d,JUNCTIONS,-543,beauty_plus_antibeauty_constituent_count,raw_weighted_sum,weighted_count,0x1.90d0000000000p+12,AVAILABLE,WITHHELD_UNCERTAINTY
2c57a299139027dbe6bd21d7ff928d6703b3a69aa2e4b301169453d90480147d,MONASH,-543,beauty_plus_antibeauty_constituent_count,raw_weighted_sum,weighted_count,0x1.0fa8000000000p+13,AVAILABLE,WITHHELD_UNCERTAINTY
f9c961b543420344c9a5695941376fa68f5034b9aeb2841c82eb5a4e5e087ae7,CLOSEPACKING,-543,charm_plus_anticharm_constituent_count,raw_count,count,0x1.6090000000000p+12,AVAILABLE,WITHHELD_UNCERTAINTY
211effab2cd0e027139bf3fafb587c9fc637e28fffc8c5fa528b85b0f72a84d5,JUNCTIONS,-543,charm_plus_anticharm_constituent_count,raw_count,count,0x1.90d0000000000p+12,AVAILABLE,WITHHELD_UNCERTAINTY
1df24fd40382444a3857b6d23dc9322414d24cdb4e43688ec7d306ec15520f14,MONASH,-543,charm_plus_anticharm_constituent_count,raw_count,count,0x1.0fa8000000000p+13,AVAILABLE,WITHHELD_UNCERTAINTY
7a0e3104de8b78480664e2514610fc2dc59045a6db4434e6d237392cf48e883f,CLOSEPACKING,-543,charm_plus_anticharm_constituent_count,raw_weighted_sum,weighted_count,0x1.6090000000000p+12,AVAILABLE,WITHHELD_UNCERTAINTY
9c252fbaaa4f788c989aa0958bb5f0f3f84fd39c7fe2e454e6e5b79d00ba38b5,JUNCTIONS,-543,charm_plus_anticharm_constituent_count,raw_weighted_sum,weighted_count,0x1.90d0000000000p+12,AVAILABLE,WITHHELD_UNCERTAINTY
1b71bd04335b0f8648683b5467695e8ad13346a0577392ee75d8ea50b179cd12,MONASH,-543,charm_plus_anticharm_constituent_count,raw_weighted_sum,weighted_count,0x1.0fa8000000000p+13,AVAILABLE,WITHHELD_UNCERTAINTY
fa8130a6d55db9c783450da87fdac47aa233c6841ad4384e2976dd9b4fa6318e,CLOSEPACKING,-543,hadron_count,normalized_yield,per_event,0x1.d9338d761fc1ep-15,AVAILABLE,AVAILABLE
98297f2831fedceb7cc7781a9e5144b3c1eded390e156667d0ef5922daef1e46,JUNCTIONS,-543,hadron_count,normalized_yield,per_event,0x1.0cfb102c1d146p-14,AVAILABLE,AVAILABLE
f196aafecb4c19cdc4ae716c925579b3e352ac255b2cadb2ed70eef8703b4bf8,MONASH,-543,hadron_count,normalized_yield,per_event,0x1.6c9c60735d44dp-14,AVAILABLE,AVAILABLE
5cc3bc7a369648b212f0202d1c27ade15188128659a982915b6910428f56c3ad,CLOSEPACKING,-543,hadron_count,raw_count,count,0x1.6090000000000p+12,AVAILABLE,WITHHELD_UNCERTAINTY
ea2eaf14056c0f731b668df02864f9df5134655eee34f9de116e82360393a7d7,JUNCTIONS,-543,hadron_count,raw_count,count,0x1.90d0000000000p+12,AVAILABLE,WITHHELD_UNCERTAINTY
347ce925e7cc698879ec2342079cffbcccd143af8d0fdca49f604c90e7014862,MONASH,-543,hadron_count,raw_count,count,0x1.0fa8000000000p+13,AVAILABLE,WITHHELD_UNCERTAINTY
79246a9609a7ed96ac1cd3d8fa25daf35344616d8b5bcb9e66e251f0d938db7f,CLOSEPACKING,-543,hadron_count,raw_weighted_sum,weighted_count,0x1.6090000000000p+12,AVAILABLE,WITHHELD_UNCERTAINTY
d1ee20130830f7da0ef12bef64083a9b04f1f56432b95aaf45221a3093b9a963,JUNCTIONS,-543,hadron_count,raw_weighted_sum,weighted_count,0x1.90d0000000000p+12,AVAILABLE,WITHHELD_UNCERTAINTY
17c780a7319178b1d1974f167ab4265ca25d6eea12b4e4f5719921ffcd092333,MONASH,-543,hadron_count,raw_weighted_sum,weighted_count,0x1.0fa8000000000p+13,AVAILABLE,WITHHELD_UNCERTAINTY
c8ff1922f513b7c444317f82059f1f167b3d720eabdccd0680ebff6b6647c940,CLOSEPACKING,-5432,beauty_plus_antibeauty_constituent_count,raw_count,count,0x1.8780000000000p+9,AVAILABLE,WITHHELD_UNCERTAINTY
809561db2ff4ea64be0cd1af68340f7b231ec67b85eb7c4982bb7d96d6ac5efe,JUNCTIONS,-5432,beauty_plus_antibeauty_constituent_count,raw_count,count,0x1.00c0000000000p+10,AVAILABLE,WITHHELD_UNCERTAINTY
3d0f9a96535ae2ee340d1044817d08a74ba6d2c2fbb159090f598cb77b9cbaa7,MONASH,-5432,beauty_plus_antibeauty_constituent_count,raw_count,count,0x0.0p+0,AVAILABLE,WITHHELD_UNCERTAINTY
d23d4c7505e90d66bc89b4978d69d6db37f7ac68b45f55ac433e7dcb433d9005,CLOSEPACKING,-5432,beauty_plus_antibeauty_constituent_count,raw_weighted_sum,weighted_count,0x1.8780000000000p+9,AVAILABLE,WITHHELD_UNCERTAINTY
b67247d93b4c1be562aad1508c7b9370775c37ae5c3613daacfb2b35fd5b0196,JUNCTIONS,-5432,beauty_plus_antibeauty_constituent_count,raw_weighted_sum,weighted_count,0x1.00c0000000000p+10,AVAILABLE,WITHHELD_UNCERTAINTY
6964969b2ecea9dd2a536a33afe211bd7161e6ef58513e5a41b4440e5e9ca631,MONASH,-5432,beauty_plus_antibeauty_constituent_count,raw_weighted_sum,weighted_count,0x0.0p+0,AVAILABLE,WITHHELD_UNCERTAINTY
66c27667cb7b5d58258e4b5d7a9be4c9e8ab9463c46bd37afc9e520b8ebc7cf5,CLOSEPACKING,-5432,charm_plus_anticharm_constituent_count,raw_count,count,0x1.8780000000000p+9,AVAILABLE,WITHHELD_UNCERTAINTY
808cf8ff758c4f79341fd3db82f5d52b40d298edde302bef1d1973c13f50ae18,JUNCTIONS,-5432,charm_plus_anticharm_constituent_count,raw_count,count,0x1.00c0000000000p+10,AVAILABLE,WITHHELD_UNCERTAINTY
4fa6a3a6512818144e4dd4e7e3aa4f5576d3ddfe1be8fb41a2bde2e5b6dda043,MONASH,-5432,charm_plus_anticharm_constituent_count,raw_count,count,0x0.0p+0,AVAILABLE,WITHHELD_UNCERTAINTY
3462b96387f0f0e336a3048dd8213f5e4f017d2957fb49c64206b266656c864f,CLOSEPACKING,-5432,charm_plus_anticharm_constituent_count,raw_weighted_sum,weighted_count,0x1.8780000000000p+9,AVAILABLE,WITHHELD_UNCERTAINTY
03971044e522ada1776744699500e1cf19e427a90cb1b440cccbac6c3ff62c3e,JUNCTIONS,-5432,charm_plus_anticharm_constituent_count,raw_weighted_sum,weighted_count,0x1.00c0000000000p+10,AVAILABLE,WITHHELD_UNCERTAINTY
0c1c6c2ef8d50ca6fcdbd8106b5c45e85d128aced3b2fb018aa1a1ae718104ae,MONASH,-5432,charm_plus_anticharm_constituent_count,raw_weighted_sum,weighted_count,0x0.0p+0,AVAILABLE,WITHHELD_UNCERTAINTY
afb5a0e3b531f5f0f5b564f506d07c300ddebb64b75772af686d10b3025fed52,CLOSEPACKING,-5432,hadron_count,normalized_yield,per_event,0x1.06bb301749f39p-17,AVAILABLE,AVAILABLE
f970a75754368af658d7e8f44439f4df2e998e5d49c47d0e5d9ccc46e4d4fd3c,JUNCTIONS,-5432,hadron_count,normalized_yield,per_event,0x1.589aa0d5a30a3p-17,AVAILABLE,AVAILABLE
153b34f41c2dc97f5c2fdaab847cfa0b81bab6d854d2b507d7caaa2e69c435f9,MONASH,-5432,hadron_count,normalized_yield,per_event,0x0.0p+0,AVAILABLE,AVAILABLE_ZERO_DISPERSION
21af4bbd91feee9526daf02fba091dc3c4e31d084869305e693df81cb0590796,CLOSEPACKING,-5432,hadron_count,raw_count,count,0x1.8780000000000p+9,AVAILABLE,WITHHELD_UNCERTAINTY
d2dd2b478401c777aa3f2d8e92082854ba25fffc4310d634885185ee4cece4ae,JUNCTIONS,-5432,hadron_count,raw_count,count,0x1.00c0000000000p+10,AVAILABLE,WITHHELD_UNCERTAINTY
21ac832a109753f65aeae466f2f862d027b3785661e9286c91780d88e9ce11ec,MONASH,-5432,hadron_count,raw_count,count,0x0.0p+0,AVAILABLE,WITHHELD_UNCERTAINTY
90b3be6b01184e49dbf33aa8301abc324805a6e946b00a570f6953543a097916,CLOSEPACKING,-5432,hadron_count,raw_weighted_sum,weighted_count,0x1.8780000000000p+9,AVAILABLE,WITHHELD_UNCERTAINTY
6878af9f65806864f959adec6a811806fb84bda57be04d1851caafb7ca9ef459,JUNCTIONS,-5432,hadron_count,raw_weighted_sum,weighted_count,0x1.00c0000000000p+10,AVAILABLE,WITHHELD_UNCERTAINTY
f4595207222c84e60c4a9aac3a6ff0e06dadccef813dee394f92928e91626a80,MONASH,-5432,hadron_count,raw_weighted_sum,weighted_count,0x0.0p+0,AVAILABLE,WITHHELD_UNCERTAINTY
da712e02a0cb3f2266358b522138dfe669e59ab80593a9da4828115657ee627b,CLOSEPACKING,-5434,beauty_plus_antibeauty_constituent_count,raw_count,count,0x1.e600000000000p+9,AVAILABLE,WITHHELD_UNCERTAINTY
d1e57eb47ba7b4edc9b5f87291be365a3d8b2029652ddf60cfd697ffaf36ca99,JUNCTIONS,-5434,beauty_plus_antibeauty_constituent_count,raw_count,count,0x1.0800000000000p+7,AVAILABLE,WITHHELD_UNCERTAINTY
f7e05172d799ff805d98a1d69753d6c2084c7f89b0ead52e0cb0cf3fd9b257f2,MONASH,-5434,beauty_plus_antibeauty_constituent_count,raw_count,count,0x0.0p+0,AVAILABLE,WITHHELD_UNCERTAINTY
48504fd38ab2af6d3331f9d776ef656121d5126d96c33342fc313e4143040148,CLOSEPACKING,-5434,beauty_plus_antibeauty_constituent_count,raw_weighted_sum,weighted_count,0x1.e600000000000p+9,AVAILABLE,WITHHELD_UNCERTAINTY
17d220f55162bdca853068c8d974099d507c8f9b56a8e34b4a2a4a9dbc48f6c0,JUNCTIONS,-5434,beauty_plus_antibeauty_constituent_count,raw_weighted_sum,weighted_count,0x1.0800000000000p+7,AVAILABLE,WITHHELD_UNCERTAINTY
6fbb85c2a7f2e88c578559bb2b28ea3ef9230c23e381740dbd2e813fe73688a9,MONASH,-5434,beauty_plus_antibeauty_constituent_count,raw_weighted_sum,weighted_count,0x0.0p+0,AVAILABLE,WITHHELD_UNCERTAINTY
bdc3167fb0f12fbd204c507118ed63d74e3c820e22b2fc797251b0d9dababcc1,CLOSEPACKING,-5434,charm_plus_anticharm_constituent_count,raw_count,count,0x1.e600000000000p+9,AVAILABLE,WITHHELD_UNCERTAINTY
adaae8ea2079284135855696c7b2f05f72e86b8a32784c7a1194b1612d3e839c,JUNCTIONS,-5434,charm_plus_anticharm_constituent_count,raw_count,count,0x1.0800000000000p+7,AVAILABLE,WITHHELD_UNCERTAINTY
7019e0f9d5ae8e03d795ab23f15735ef3eb38ba7df84e50c6a39caac5f4aab0c,MONASH,-5434,charm_plus_anticharm_constituent_count,raw_count,count,0x0.0p+0,AVAILABLE,WITHHELD_UNCERTAINTY
17446530ac728515d245b86d24463adddcb1c83af60c26a34318450562b8edde,CLOSEPACKING,-5434,charm_plus_anticharm_constituent_count,raw_weighted_sum,weighted_count,0x1.e600000000000p+9,AVAILABLE,WITHHELD_UNCERTAINTY
dcb04c3923cfa3e356483c0621ec735f8be40c22a7731bf86b366518f7f2f268,JUNCTIONS,-5434,charm_plus_anticharm_constituent_count,raw_weighted_sum,weighted_count,0x1.0800000000000p+7,AVAILABLE,WITHHELD_UNCERTAINTY
89f560cf34d0f45dfc2ad0b69a7220fe348307f90b4b1f3b433827d47f58ee75,MONASH,-5434,charm_plus_anticharm_constituent_count,raw_weighted_sum,weighted_count,0x0.0p+0,AVAILABLE,WITHHELD_UNCERTAINTY
b033c7e80e2ee49a66dd283f5f809416ab3d3120044fedfb2d81df8f3356cd91,CLOSEPACKING,-5434,hadron_count,normalized_yield,per_event,0x1.46262a0b4151bp-17,AVAILABLE,AVAILABLE
48f5a2065e59ee7e1e5495852a92b01a77c1efa849560275335c54a0e3491bf2,JUNCTIONS,-5434,hadron_count,normalized_yield,per_event,0x1.6255b5942109cp-20,AVAILABLE,AVAILABLE
d90177ec5b211f04fba19d3ab20c0e2685cde1dbbcbdbf241ca9a842657b26ff,MONASH,-5434,hadron_count,normalized_yield,per_event,0x0.0p+0,AVAILABLE,AVAILABLE_ZERO_DISPERSION
12dcc5daa104c203ac02b4622cb2f1f3ae7febbc4058063cde5cfc4659310537,CLOSEPACKING,-5434,hadron_count,raw_count,count,0x1.e600000000000p+9,AVAILABLE,WITHHELD_UNCERTAINTY
ffe17ee049af107afd95ab8c0ad2a9bcfd775bbab5f42a0f71c6748f940e12ca,JUNCTIONS,-5434,hadron_count,raw_count,count,0x1.0800000000000p+7,AVAILABLE,WITHHELD_UNCERTAINTY
20f24ce71b3f058bdca792d1abfb45d21c894193d37ead1203f3e63918ea4ff4,MONASH,-5434,hadron_count,raw_count,count,0x0.0p+0,AVAILABLE,WITHHELD_UNCERTAINTY
ec4df40a1ea4e2f8d60ab88799ee52720a30fcb80e0f7894a65c20ef524c9954,CLOSEPACKING,-5434,hadron_count,raw_weighted_sum,weighted_count,0x1.e600000000000p+9,AVAILABLE,WITHHELD_UNCERTAINTY
eddf3d58323708270c6feee70a95df62105d2d173f914f57b07dc3fb3d82045d,JUNCTIONS,-5434,hadron_count,raw_weighted_sum,weighted_count,0x1.0800000000000p+7,AVAILABLE,WITHHELD_UNCERTAINTY
76981784354f647565bd1433e10007a05e8d5e4276dab4ca2cfe5968fad66cb5,MONASH,-5434,hadron_count,raw_weighted_sum,weighted_count,0x0.0p+0,AVAILABLE,WITHHELD_UNCERTAINTY
10eb5cd1b1bb8720cd2ed24d484e3e764bfa36d94c945fc3e2f89e3b8c3146ff,CLOSEPACKING,-5442,beauty_plus_antibeauty_constituent_count,raw_count,count,0x1.c000000000000p+2,AVAILABLE,WITHHELD_UNCERTAINTY
0820a87770d15f7e1954f76d172fa4904e2d789773343b82e5d50ba60210a0de,JUNCTIONS,-5442,beauty_plus_antibeauty_constituent_count,raw_count,count,0x1.a000000000000p+3,AVAILABLE,WITHHELD_UNCERTAINTY
d869ed7e188835f580444756325591c314d6fc869e49d5f2e21e08f630acca43,MONASH,-5442,beauty_plus_antibeauty_constituent_count,raw_count,count,0x0.0p+0,AVAILABLE,WITHHELD_UNCERTAINTY
d5a2f0d949364544cfd9af23370c760e5126ce86ae9fae4f36d984e55113a816,CLOSEPACKING,-5442,beauty_plus_antibeauty_constituent_count,raw_weighted_sum,weighted_count,0x1.c000000000000p+2,AVAILABLE,WITHHELD_UNCERTAINTY
15aa538e1ed28c03b419110c0f9e27efd2fb58ebfb25fd3d8e4a0b99966f53fd,JUNCTIONS,-5442,beauty_plus_antibeauty_constituent_count,raw_weighted_sum,weighted_count,0x1.a000000000000p+3,AVAILABLE,WITHHELD_UNCERTAINTY
e43776e8a4601762d65bd6469f577745df846229287da54097431a70056951ac,MONASH,-5442,beauty_plus_antibeauty_constituent_count,raw_weighted_sum,weighted_count,0x0.0p+0,AVAILABLE,WITHHELD_UNCERTAINTY
4450884b5af3a9dc1ca215208f7ee2e31a7583e747184a07f8b4a61355ef42c4,CLOSEPACKING,-5442,charm_plus_anticharm_constituent_count,raw_count,count,0x1.c000000000000p+3,AVAILABLE,WITHHELD_UNCERTAINTY
fc3560cf533928d145dbf983ea393473ee9b08b77299380aa17380becce6cab6,JUNCTIONS,-5442,charm_plus_anticharm_constituent_count,raw_count,count,0x1.a000000000000p+4,AVAILABLE,WITHHELD_UNCERTAINTY
37779965628652d84bff454b1a90f9e316002effd3a20b7324da83408a4deef0,MONASH,-5442,charm_plus_anticharm_constituent_count,raw_count,count,0x0.0p+0,AVAILABLE,WITHHELD_UNCERTAINTY
e44f00af92f3a1919d1d55234a92ba472dc677d610023a64a44eca55ef6e4bac,CLOSEPACKING,-5442,charm_plus_anticharm_constituent_count,raw_weighted_sum,weighted_count,0x1.c000000000000p+3,AVAILABLE,WITHHELD_UNCERTAINTY
6b3d237d3d4618b66cc1e3b768ce5605aa643e428fd2bd37d13cd15fea796479,JUNCTIONS,-5442,charm_plus_anticharm_constituent_count,raw_weighted_sum,weighted_count,0x1.a000000000000p+4,AVAILABLE,WITHHELD_UNCERTAINTY
d0263766c4f0972ed0fe97021ec144e3a314e58483387e4184b7c12730d1cf02,MONASH,-5442,charm_plus_anticharm_constituent_count,raw_weighted_sum,weighted_count,0x0.0p+0,AVAILABLE,WITHHELD_UNCERTAINTY
2a48d99601f446f6be54b1105d8d7b7dc58e24dbbd55a491ae27343eb33e66c7,CLOSEPACKING,-5442,hadron_count,normalized_yield,per_event,0x1.2ca5d05ea7ab3p-24,AVAILABLE,AVAILABLE
9ed2c9950c62307cef933c0c4278198099509e6f7caa2778bf86f6e5261224a0,JUNCTIONS,-5442,hadron_count,normalized_yield,per_event,0x1.172c417c771efp-23,AVAILABLE,AVAILABLE
cd094cb17b7274d07db37e797c2e1ee21c52c906abe8fccaa52a308021a1c01a,MONASH,-5442,hadron_count,normalized_yield,per_event,0x0.0p+0,AVAILABLE,AVAILABLE_ZERO_DISPERSION
5383e6591c1211d59e44c5360948a2a8de06170be8ecc4edf1e48c8aa6d41e7e,CLOSEPACKING,-5442,hadron_count,raw_count,count,0x1.c000000000000p+2,AVAILABLE,WITHHELD_UNCERTAINTY
63c60f19288063fddf398456b0a1ee9fa3fd0c45aeafd9b074e01834bd4b8394,JUNCTIONS,-5442,hadron_count,raw_count,count,0x1.a000000000000p+3,AVAILABLE,WITHHELD_UNCERTAINTY
f355dbd384a54ee470acd01d330fad042bac8862b5d948498c4accbe04befdad,MONASH,-5442,hadron_count,raw_count,count,0x0.0p+0,AVAILABLE,WITHHELD_UNCERTAINTY
985804898fe1a46c6fabfe7c5ebab62bfbecdfaf5e20043d47666f219490c17c,CLOSEPACKING,-5442,hadron_count,raw_weighted_sum,weighted_count,0x1.c000000000000p+2,AVAILABLE,WITHHELD_UNCERTAINTY
3c7b45d42295e8723004a15a5c61df292ac4da005121b4a7e93c37d91b3640c8,JUNCTIONS,-5442,hadron_count,raw_weighted_sum,weighted_count,0x1.a000000000000p+3,AVAILABLE,WITHHELD_UNCERTAINTY
d9226f32406e71817bd661a9b1a9ca1d86e9136b903b3f9908495d04a942b3eb,MONASH,-5442,hadron_count,raw_weighted_sum,weighted_count,0x0.0p+0,AVAILABLE,WITHHELD_UNCERTAINTY
527eba14dad5a9c93ed9abf7b58726143acf2f86355feceed162231d24211e99,CLOSEPACKING,-5444,beauty_plus_antibeauty_constituent_count,raw_count,count,0x1.8000000000000p+3,AVAILABLE,WITHHELD_UNCERTAINTY
df67d25a4e2e6f599ba33db9caf29b2e156b3c8343b918992251324aa85e94a0,JUNCTIONS,-5444,beauty_plus_antibeauty_constituent_count,raw_count,count,0x1.0000000000000p+0,AVAILABLE,WITHHELD_UNCERTAINTY
fb960f3ba39a342870de64b9c5452d09477ce70ab50e8382198ffefa6ffae488,MONASH,-5444,beauty_plus_antibeauty_constituent_count,raw_count,count,0x0.0p+0,AVAILABLE,WITHHELD_UNCERTAINTY
f8f920cf14dcbe3a3375c4580c668db1d05e0a4079e26963f8c8f02516aaa021,CLOSEPACKING,-5444,beauty_plus_antibeauty_constituent_count,raw_weighted_sum,weighted_count,0x1.8000000000000p+3,AVAILABLE,WITHHELD_UNCERTAINTY
e16a7699fc5afa2eb51e21d94f8005ce128a66029d916cc2f3e59931a2f88c71,JUNCTIONS,-5444,beauty_plus_antibeauty_constituent_count,raw_weighted_sum,weighted_count,0x1.0000000000000p+0,AVAILABLE,WITHHELD_UNCERTAINTY
aa2a803cc76e1748bb85c7a0d52305effca0e3f70bbe2d424633ef4a1323a483,MONASH,-5444,beauty_plus_antibeauty_constituent_count,raw_weighted_sum,weighted_count,0x0.0p+0,AVAILABLE,WITHHELD_UNCERTAINTY
e1fb965999a5c630129b18eab3978963c375edc1a5ee58b59f8f148c7486926d,CLOSEPACKING,-5444,charm_plus_anticharm_constituent_count,raw_count,count,0x1.8000000000000p+4,AVAILABLE,WITHHELD_UNCERTAINTY
4d3bae248423f170229c9a7df9ea5901b61db7cfba1109641785dc1c6801f1fe,JUNCTIONS,-5444,charm_plus_anticharm_constituent_count,raw_count,count,0x1.0000000000000p+1,AVAILABLE,WITHHELD_UNCERTAINTY
9ba99b646f3327175e2d58e3353745ed38bc4dbe4889cafff6a29dd33258cb28,MONASH,-5444,charm_plus_anticharm_constituent_count,raw_count,count,0x0.0p+0,AVAILABLE,WITHHELD_UNCERTAINTY
91e483261bbadd04c55882cdca9c59a9a0c4d57b832e658699e469633d0ee8f8,CLOSEPACKING,-5444,charm_plus_anticharm_constituent_count,raw_weighted_sum,weighted_count,0x1.8000000000000p+4,AVAILABLE,WITHHELD_UNCERTAINTY
06d31d11ebee35efb171ff923654ec2cecc56669adcefedcf0a8b9f6843746ac,JUNCTIONS,-5444,charm_plus_anticharm_constituent_count,raw_weighted_sum,weighted_count,0x1.0000000000000p+1,AVAILABLE,WITHHELD_UNCERTAINTY
b43f896956fe43beeb4d1993dacf066ec4968c590d2f1dbc45b794a2105a347e,MONASH,-5444,charm_plus_anticharm_constituent_count,raw_weighted_sum,weighted_count,0x0.0p+0,AVAILABLE,WITHHELD_UNCERTAINTY
d85c161950c4eb6a40daf229d2cf08b5a2890878ce8900e8077dc8c0eb78d956,CLOSEPACKING,-5444,hadron_count,normalized_yield,per_event,0x1.01b2b29a4692bp-23,AVAILABLE,AVAILABLE
28680da1523c1ac4c69b84a266edde598b5dc011dfbf2f5054adc76947cb40ea,JUNCTIONS,-5444,hadron_count,normalized_yield,per_event,0x1.5798ee2308c3ap-27,AVAILABLE,AVAILABLE
79efbabed9168c76c493b54629b40e5215a085aeedeb9cdf65bd22cdd891c28b,MONASH,-5444,hadron_count,normalized_yield,per_event,0x0.0p+0,AVAILABLE,AVAILABLE_ZERO_DISPERSION
e168645b824092266a16ab2edcbe022d3ed6347c1670b91c3d1f02a3d56e24bd,CLOSEPACKING,-5444,hadron_count,raw_count,count,0x1.8000000000000p+3,AVAILABLE,WITHHELD_UNCERTAINTY
f565dc634157f3a0a31d171a59e2d6d1a7aecf3701fedd8c4050a44a7e905b6a,JUNCTIONS,-5444,hadron_count,raw_count,count,0x1.0000000000000p+0,AVAILABLE,WITHHELD_UNCERTAINTY
31a808692fbfda9629bb8a091a6e2c76159c2593b2ae8e75146948254aa2eb3d,MONASH,-5444,hadron_count,raw_count,count,0x0.0p+0,AVAILABLE,WITHHELD_UNCERTAINTY
036b94b70b6f2c7c79638ba8ca321f8588602dd9e9224956366b4ebf770fc5d2,CLOSEPACKING,-5444,hadron_count,raw_weighted_sum,weighted_count,0x1.8000000000000p+3,AVAILABLE,WITHHELD_UNCERTAINTY
71b586f1dce99929db3323c65ccf64f143262025bd6cc0bb36e1f81515eeb07f,JUNCTIONS,-5444,hadron_count,raw_weighted_sum,weighted_count,0x1.0000000000000p+0,AVAILABLE,WITHHELD_UNCERTAINTY
62efa96d1237b16eeebd74e215fef0db9405b058387b373582e48701030b941a,MONASH,-5444,hadron_count,raw_weighted_sum,weighted_count,0x0.0p+0,AVAILABLE,WITHHELD_UNCERTAINTY
e7b4118093eecf4f7a740c4b312c82e7098c2a203ae4692956b0fb335752d8f7,CLOSEPACKING,-5512,beauty_plus_antibeauty_constituent_count,raw_count,count,0x1.5800000000000p+9,AVAILABLE,WITHHELD_UNCERTAINTY
ba0c068070d0b2cccc9f75278c707df739bcae71e95924bbc74e193bf1b629e4,JUNCTIONS,-5512,beauty_plus_antibeauty_constituent_count,raw_count,count,0x1.1600000000000p+9,AVAILABLE,WITHHELD_UNCERTAINTY
ba08deeb9d91441e1cd9a4056cedc7538872733756b41a105dd73701740dd1a3,MONASH,-5512,beauty_plus_antibeauty_constituent_count,raw_count,count,0x0.0p+0,AVAILABLE,WITHHELD_UNCERTAINTY
1293a798d932474c7bfa5e259df09eb6d2b6a891f07dd881455f6d6f143a055d,CLOSEPACKING,-5512,beauty_plus_antibeauty_constituent_count,raw_weighted_sum,weighted_count,0x1.5800000000000p+9,AVAILABLE,WITHHELD_UNCERTAINTY
bfe663c7bcb4f708771d429f22dc06b340bba588e000e8f4d847c7aef3291822,JUNCTIONS,-5512,beauty_plus_antibeauty_constituent_count,raw_weighted_sum,weighted_count,0x1.1600000000000p+9,AVAILABLE,WITHHELD_UNCERTAINTY
6d5fde318ad93329ed210efeebc8a6f86ddc93f81f9faae75d0827856493adc6,MONASH,-5512,beauty_plus_antibeauty_constituent_count,raw_weighted_sum,weighted_count,0x0.0p+0,AVAILABLE,WITHHELD_UNCERTAINTY
1e0c5ee56d76a539aaf2680544a4f359ad9f6f395a12df874ae87890e1b6387d,CLOSEPACKING,-5512,charm_plus_anticharm_constituent_count,raw_count,count,0x0.0p+0,AVAILABLE,WITHHELD_UNCERTAINTY
b7ab5c7d5cd0cef0d7290260777b1ad23fb4cd537cbde7a5a281265fd636d548,JUNCTIONS,-5512,charm_plus_anticharm_constituent_count,raw_count,count,0x0.0p+0,AVAILABLE,WITHHELD_UNCERTAINTY
61829503f66a7bd0da263a16ffae9f8c863df8337a23645bc1bf0ff322489052,MONASH,-5512,charm_plus_anticharm_constituent_count,raw_count,count,0x0.0p+0,AVAILABLE,WITHHELD_UNCERTAINTY
dfad0bf05cdf548dfce5c7267c69d667819e45c870715112c4aa8287e03e50b9,CLOSEPACKING,-5512,charm_plus_anticharm_constituent_count,raw_weighted_sum,weighted_count,0x0.0p+0,AVAILABLE,WITHHELD_UNCERTAINTY
bb1eb210ab90b193b332764c2f149050dc71ba89a2576efcf171ac55980e3f01,JUNCTIONS,-5512,charm_plus_anticharm_constituent_count,raw_weighted_sum,weighted_count,0x0.0p+0,AVAILABLE,WITHHELD_UNCERTAINTY
b6f8f64b15cc6954425d6d387e7656d0d2ef54c990fe0bab7b027d6b9870c63f,MONASH,-5512,charm_plus_anticharm_constituent_count,raw_weighted_sum,weighted_count,0x0.0p+0,AVAILABLE,WITHHELD_UNCERTAINTY
d363b8c05275c14bba999b957e4203ee1a4e01ce54e9646166c6f0cb4dafd275,CLOSEPACKING,-5512,hadron_count,normalized_yield,per_event,0x1.cdb57fff13c6ep-19,AVAILABLE,AVAILABLE
9ad8835ad474c8098fa8c2b4dd74184bdfc320df0379be08d56ffafe815a7651,JUNCTIONS,-5512,hadron_count,normalized_yield,per_event,0x1.7520129a0b847p-19,AVAILABLE,AVAILABLE
c1f9d9d64a1d6175a7c324205be3a7a5eabfe1a235d01c06854af058c432619c,MONASH,-5512,hadron_count,normalized_yield,per_event,0x0.0p+0,AVAILABLE,AVAILABLE_ZERO_DISPERSION
ad1fc85cfeb8e7ce7e028f2c656f2cf02c9c5d58ebd72f691ae359e5762a15fc,CLOSEPACKING,-5512,hadron_count,raw_count,count,0x1.5800000000000p+8,AVAILABLE,WITHHELD_UNCERTAINTY
45d6ce29b8f0e3ff5cd81e46ee35f81eddce27001648abf81f801c800a17fb05,JUNCTIONS,-5512,hadron_count,raw_count,count,0x1.1600000000000p+8,AVAILABLE,WITHHELD_UNCERTAINTY
2745173cf3576eba32af743756e942a3b9c9b98770beee98a8d82dc6c5f75b9a,MONASH,-5512,hadron_count,raw_count,count,0x0.0p+0,AVAILABLE,WITHHELD_UNCERTAINTY
74e03857776e8326df25baea2cd53148bbe31e36f1c3a08dad560762fc5a5523,CLOSEPACKING,-5512,hadron_count,raw_weighted_sum,weighted_count,0x1.5800000000000p+8,AVAILABLE,WITHHELD_UNCERTAINTY
6ffd3225ef31d3be057ae2db07da00e3c793502c36966a22ea33bffec263aaff,JUNCTIONS,-5512,hadron_count,raw_weighted_sum,weighted_count,0x1.1600000000000p+8,AVAILABLE,WITHHELD_UNCERTAINTY
a43be839e37be98f2229ef9a03a09613f8ef752da0fb170847e916d7cbbf9a48,MONASH,-5512,hadron_count,raw_weighted_sum,weighted_count,0x0.0p+0,AVAILABLE,WITHHELD_UNCERTAINTY
38a62fca25664d5d2e015e5eb2e09c804f9fa0afcb3224f00818c886ce42fb94,CLOSEPACKING,-5514,beauty_plus_antibeauty_constituent_count,raw_count,count,0x1.0b00000000000p+9,AVAILABLE,WITHHELD_UNCERTAINTY
cec52cd66677ce2cf809314fec750148344728d3321f9c78ee0ab3b8051ec674,JUNCTIONS,-5514,beauty_plus_antibeauty_constituent_count,raw_count,count,0x1.a000000000000p+7,AVAILABLE,WITHHELD_UNCERTAINTY
f4448ca6b973bc440c69830abad1f44323e3fa9a92631a36b650ec163796d6e6,MONASH,-5514,beauty_plus_antibeauty_constituent_count,raw_count,count,0x0.0p+0,AVAILABLE,WITHHELD_UNCERTAINTY
844d6437324d45a56f854659021b710e338d3c24897532266aff1aed2e061738,CLOSEPACKING,-5514,beauty_plus_antibeauty_constituent_count,raw_weighted_sum,weighted_count,0x1.0b00000000000p+9,AVAILABLE,WITHHELD_UNCERTAINTY
b5a9b25381414042a288a503628ac6945846a84b81f12f3c7c0960dffc6070bc,JUNCTIONS,-5514,beauty_plus_antibeauty_constituent_count,raw_weighted_sum,weighted_count,0x1.a000000000000p+7,AVAILABLE,WITHHELD_UNCERTAINTY
ba840c70ce25990da9eaff3b667fa483f880ae127ee74a321aa8b53784f87bb5,MONASH,-5514,beauty_plus_antibeauty_constituent_count,raw_weighted_sum,weighted_count,0x0.0p+0,AVAILABLE,WITHHELD_UNCERTAINTY
07c3bfe0a2d70bdb11dca4adde79eb73dcf66a0419fc92b8fdb2e6e85a5902f8,CLOSEPACKING,-5514,charm_plus_anticharm_constituent_count,raw_count,count,0x0.0p+0,AVAILABLE,WITHHELD_UNCERTAINTY
0e8a7fb2eeccbcf78fb31e4ddf358ae56be479c3e9d6a31ba3518e42bf637c46,JUNCTIONS,-5514,charm_plus_anticharm_constituent_count,raw_count,count,0x0.0p+0,AVAILABLE,WITHHELD_UNCERTAINTY
9b314462b229f13015e5f5dd2b619d75373f1f2bfa3f977c1fcb944618b06b2d,MONASH,-5514,charm_plus_anticharm_constituent_count,raw_count,count,0x0.0p+0,AVAILABLE,WITHHELD_UNCERTAINTY
168b5654ce86698c85882c4828939a47f93209ec68ad2e3fd77689b18baa7409,CLOSEPACKING,-5514,charm_plus_anticharm_constituent_count,raw_weighted_sum,weighted_count,0x0.0p+0,AVAILABLE,WITHHELD_UNCERTAINTY
75b9daee18f81a712aa346aab34c0a0d9b04eda387daa2cb9be9cd0f21f05d48,JUNCTIONS,-5514,charm_plus_anticharm_constituent_count,raw_weighted_sum,weighted_count,0x0.0p+0,AVAILABLE,WITHHELD_UNCERTAINTY
44b710078aead9dbc785b85d4541b256c2e6f3a8a2f8c2142b82eb90bc3d25a3,MONASH,-5514,charm_plus_anticharm_constituent_count,raw_weighted_sum,weighted_count,0x0.0p+0,AVAILABLE,WITHHELD_UNCERTAINTY
ac29ec03a071815a3146f8b59d00db2a0327177bdc844079f10b99ebd684b05c,CLOSEPACKING,-5514,hadron_count,normalized_yield,per_event,0x1.665c805e8a240p-19,AVAILABLE,AVAILABLE
ae1e526dda18cfe531d89e27d47aea3cb73fd62e919b65a169379b697a1f3505,JUNCTIONS,-5514,hadron_count,normalized_yield,per_event,0x1.172c417c771efp-20,AVAILABLE,AVAILABLE
55b7bdadeebd8496856b8603588616a037505ad88585b2766043f47f08a50508,MONASH,-5514,hadron_count,normalized_yield,per_event,0x0.0p+0,AVAILABLE,AVAILABLE_ZERO_DISPERSION
5580c8f906006a524af185f40ecb09ecb6350bdbc3ecffb665ac96c73d011a1b,CLOSEPACKING,-5514,hadron_count,raw_count,count,0x1.0b00000000000p+8,AVAILABLE,WITHHELD_UNCERTAINTY
99fed16a4ecf60cb40b377aaec3a703c17b133ee3b125e903021a55619e6fbbe,JUNCTIONS,-5514,hadron_count,raw_count,count,0x1.a000000000000p+6,AVAILABLE,WITHHELD_UNCERTAINTY
8be8ff381bc5d18b97387221728e0463c62f988147b442a440324816a9a53414,MONASH,-5514,hadron_count,raw_count,count,0x0.0p+0,AVAILABLE,WITHHELD_UNCERTAINTY
9eee11c1521e54c28ca02c96a42277e0af0a9f4a9633912f9dccb8cb90ab5f2d,CLOSEPACKING,-5514,hadron_count,raw_weighted_sum,weighted_count,0x1.0b00000000000p+8,AVAILABLE,WITHHELD_UNCERTAINTY
42ecef40aeb4fef6d395f759e208f261edb29ec29762f333d4c9d7e61d57fad7,JUNCTIONS,-5514,hadron_count,raw_weighted_sum,weighted_count,0x1.a000000000000p+6,AVAILABLE,WITHHELD_UNCERTAINTY
285918c76774dc70b2f798bc859253b250a4bc7e6171c0481fa1eeac318c09da,MONASH,-5514,hadron_count,raw_weighted_sum,weighted_count,0x0.0p+0,AVAILABLE,WITHHELD_UNCERTAINTY
94eb7db570de3a93090e5d14902d9fb6de672ee1fd5d8517b76873e804f4f5e1,CLOSEPACKING,-5522,beauty_plus_antibeauty_constituent_count,raw_count,count,0x1.6000000000000p+9,AVAILABLE,WITHHELD_UNCERTAINTY
c650d4fc5073c6061c9e52b1ffaf69f5da1efaeb4f74f17823834b8157174961,JUNCTIONS,-5522,beauty_plus_antibeauty_constituent_count,raw_count,count,0x1.1700000000000p+9,AVAILABLE,WITHHELD_UNCERTAINTY
5e5b23dd7e4ee45f91d1c899253a251de7231b679c18920c19e7fc3b9e597b91,MONASH,-5522,beauty_plus_antibeauty_constituent_count,raw_count,count,0x0.0p+0,AVAILABLE,WITHHELD_UNCERTAINTY
2b196c143a6576f2d578aef4a55580b7e851db564fcf8649643546450249b9de,CLOSEPACKING,-5522,beauty_plus_antibeauty_constituent_count,raw_weighted_sum,weighted_count,0x1.6000000000000p+9,AVAILABLE,WITHHELD_UNCERTAINTY
e1fe9f42d7a78a942ad5bf2060bf9e93daef778521b872de959fe05cbc6e8b89,JUNCTIONS,-5522,beauty_plus_antibeauty_constituent_count,raw_weighted_sum,weighted_count,0x1.1700000000000p+9,AVAILABLE,WITHHELD_UNCERTAINTY
3d5372b50fdc76bc30602cc84c121dc72789e974ea8620cde035d0a58f276e99,MONASH,-5522,beauty_plus_antibeauty_constituent_count,raw_weighted_sum,weighted_count,0x0.0p+0,AVAILABLE,WITHHELD_UNCERTAINTY
ab5e8200e3ac5516aa5d6f2eb98c8108aba9dbebbdb376068b93c30b54f61014,CLOSEPACKING,-5522,charm_plus_anticharm_constituent_count,raw_count,count,0x0.0p+0,AVAILABLE,WITHHELD_UNCERTAINTY
93ddf653b50f93000c744e13e5db6908bf92b12257e9fb784c2ca03e523936db,JUNCTIONS,-5522,charm_plus_anticharm_constituent_count,raw_count,count,0x0.0p+0,AVAILABLE,WITHHELD_UNCERTAINTY
1b759f749d018fde9d62a55ad2efc9115da0fc00af501e323562567aefc23457,MONASH,-5522,charm_plus_anticharm_constituent_count,raw_count,count,0x0.0p+0,AVAILABLE,WITHHELD_UNCERTAINTY
d328302d6ed17d4a42ee26fac143df6bb562d9f4b98b9a84d1dd598c6dc748b4,CLOSEPACKING,-5522,charm_plus_anticharm_constituent_count,raw_weighted_sum,weighted_count,0x0.0p+0,AVAILABLE,WITHHELD_UNCERTAINTY
cc0bd6ab2fe551437dbcc7dec3ef2aac0d7cb3246ca0141065afa040642530e0,JUNCTIONS,-5522,charm_plus_anticharm_constituent_count,raw_weighted_sum,weighted_count,0x0.0p+0,AVAILABLE,WITHHELD_UNCERTAINTY
a2bd26cad9a591cfe2f914cee0caafa46998cbd0291a42492323e18a5c27d35e,MONASH,-5522,charm_plus_anticharm_constituent_count,raw_weighted_sum,weighted_count,0x0.0p+0,AVAILABLE,WITHHELD_UNCERTAINTY
09f95411f9287de756a60d8597dbc3925791a1f3e878ad969b97259241ee0b41,CLOSEPACKING,-5522,hadron_count,normalized_yield,per_event,0x1.d87247702c0d0p-19,AVAILABLE,AVAILABLE
d170b911ace6f8abe1237a8adbe1513c134aa2b32aee7d65612e0759a28356cf,JUNCTIONS,-5522,hadron_count,normalized_yield,per_event,0x1.7677ab882e8d3p-19,AVAILABLE,AVAILABLE
f499ad67b463acd3b5df03738e51a875edaf3d269df0f5dd0ee703bb6ddeeb44,MONASH,-5522,hadron_count,normalized_yield,per_event,0x0.0p+0,AVAILABLE,AVAILABLE_ZERO_DISPERSION
fcd8a07b409fd2ee5ffc871ca971deec5e31c009791434f1da6af894942ed742,CLOSEPACKING,-5522,hadron_count,raw_count,count,0x1.6000000000000p+8,AVAILABLE,WITHHELD_UNCERTAINTY
d807a1905472dc08841e2b02ccbbf760d80ceab5d7353e873d63c307a81cdfc2,JUNCTIONS,-5522,hadron_count,raw_count,count,0x1.1700000000000p+8,AVAILABLE,WITHHELD_UNCERTAINTY
4abe75554605abd15a93510c5db03d71d033ed08c13a59e272c765ac3bf828cc,MONASH,-5522,hadron_count,raw_count,count,0x0.0p+0,AVAILABLE,WITHHELD_UNCERTAINTY
6c8daa3a27acc93721e7fe2c4984ea1f9c331d05e7fb72202d0d541eda2d85a4,CLOSEPACKING,-5522,hadron_count,raw_weighted_sum,weighted_count,0x1.6000000000000p+8,AVAILABLE,WITHHELD_UNCERTAINTY
900874807610a4eb93101c21446f60d7a786da276c9268301d527222fbb6c8a8,JUNCTIONS,-5522,hadron_count,raw_weighted_sum,weighted_count,0x1.1700000000000p+8,AVAILABLE,WITHHELD_UNCERTAINTY
0ea163065b8c620fab06df100bef4d97304defed7b383e1360ba4180a0961645,MONASH,-5522,hadron_count,raw_weighted_sum,weighted_count,0x0.0p+0,AVAILABLE,WITHHELD_UNCERTAINTY
53a5d96a2461653d0a25f3c3ac22b35a28bc2ab4a8be0acf7f3779b5820162e4,CLOSEPACKING,-5524,beauty_plus_antibeauty_constituent_count,raw_count,count,0x1.0c00000000000p+9,AVAILABLE,WITHHELD_UNCERTAINTY
f61dc9e8731c08bf01c1515acaa1f8adf7c62b9438d8328b23fc7eba832c2838,JUNCTIONS,-5524,beauty_plus_antibeauty_constituent_count,raw_count,count,0x1.0000000000000p+8,AVAILABLE,WITHHELD_UNCERTAINTY
be6d00336a69fbbb968229aa5bec2f5988b19191b1c0451516ed87e8788d3fa3,MONASH,-5524,beauty_plus_antibeauty_constituent_count,raw_count,count,0x0.0p+0,AVAILABLE,WITHHELD_UNCERTAINTY
f8a290697f416f66ae7fe6dfd440ded713e54614c2987b8ff55b4bb9fcb5bc21,CLOSEPACKING,-5524,beauty_plus_antibeauty_constituent_count,raw_weighted_sum,weighted_count,0x1.0c00000000000p+9,AVAILABLE,WITHHELD_UNCERTAINTY
b54b2832e44dde199c703d8491291ce3f275c448f326a3fdccf08a4a8ed23d83,JUNCTIONS,-5524,beauty_plus_antibeauty_constituent_count,raw_weighted_sum,weighted_count,0x1.0000000000000p+8,AVAILABLE,WITHHELD_UNCERTAINTY
d6045ceed1aeb0922b8c179544243c9f3e0930a4648c008529eeb5adaa1d4d33,MONASH,-5524,beauty_plus_antibeauty_constituent_count,raw_weighted_sum,weighted_count,0x0.0p+0,AVAILABLE,WITHHELD_UNCERTAINTY
57d937b5bee4aad09b40c06b8a396333f560e2d65ec904254c0b1df8fa5c4451,CLOSEPACKING,-5524,charm_plus_anticharm_constituent_count,raw_count,count,0x0.0p+0,AVAILABLE,WITHHELD_UNCERTAINTY
4e5c4b43f70d5619202bfcd481623cee69abe341b4034ca06f02962eb8405490,JUNCTIONS,-5524,charm_plus_anticharm_constituent_count,raw_count,count,0x0.0p+0,AVAILABLE,WITHHELD_UNCERTAINTY
9f324d0fae24a5aa4e7c40f749cc4ae969067794ee83c73f32691a48fdf5bf0f,MONASH,-5524,charm_plus_anticharm_constituent_count,raw_count,count,0x0.0p+0,AVAILABLE,WITHHELD_UNCERTAINTY
b8aed78d72bf665a4ba1490af7381ea6fb29946ebedd1accccfd15228c8100ad,CLOSEPACKING,-5524,charm_plus_anticharm_constituent_count,raw_weighted_sum,weighted_count,0x0.0p+0,AVAILABLE,WITHHELD_UNCERTAINTY
cee893aa6a727a3a9a1586c90e2d32ff0bcb2248796b7fc24d4901619b3e8199,JUNCTIONS,-5524,charm_plus_anticharm_constituent_count,raw_weighted_sum,weighted_count,0x0.0p+0,AVAILABLE,WITHHELD_UNCERTAINTY
6bff7597e1704f2d1fe8f303622d22ad889ba3c5a68c42a0e0968bed7856abee,MONASH,-5524,charm_plus_anticharm_constituent_count,raw_weighted_sum,weighted_count,0x0.0p+0,AVAILABLE,WITHHELD_UNCERTAINTY
f91b1b0f515ae60ceefcc9b0578376678ea146b31cf249efa513d50751873de0,CLOSEPACKING,-5524,hadron_count,normalized_yield,per_event,0x1.67b4194cad2cdp-19,AVAILABLE,AVAILABLE
9cc4189a010bae09cc70a77aeea72751bfadd2c77cf951656f21582f45998484,JUNCTIONS,-5524,hadron_count,normalized_yield,per_event,0x1.5798ee2308c3ap-20,AVAILABLE,AVAILABLE
fc84382a7e72a5eab956c9d2d0397135c78025e68d6d73f3b3c3dab058b21b15,MONASH,-5524,hadron_count,normalized_yield,per_event,0x0.0p+0,AVAILABLE,AVAILABLE_ZERO_DISPERSION
75ca7d003ff6c6b02bf8dbad5f5329d14fc1b6b14694b83fa991aeb1c087d1b8,CLOSEPACKING,-5524,hadron_count,raw_count,count,0x1.0c00000000000p+8,AVAILABLE,WITHHELD_UNCERTAINTY
38473df13df82f0e1de011e7e7d62490e1f8b7a03ff0dd2c2b308559b75cb5ef,JUNCTIONS,-5524,hadron_count,raw_count,count,0x1.0000000000000p+7,AVAILABLE,WITHHELD_UNCERTAINTY
a0a0a04078dea5bff0fbd33cee2eaebc809ff21e0669fa8264e5e4fe60cbef2b,MONASH,-5524,hadron_count,raw_count,count,0x0.0p+0,AVAILABLE,WITHHELD_UNCERTAINTY
e293f95bd73e69e0e38fb31b16881ebca2ef6d233f3df4cda4578c4dc7e194b4,CLOSEPACKING,-5524,hadron_count,raw_weighted_sum,weighted_count,0x1.0c00000000000p+8,AVAILABLE,WITHHELD_UNCERTAINTY
e47c6af4146eca05159120715e90e57693d34c13ab77837f994d1e795d58f095,JUNCTIONS,-5524,hadron_count,raw_weighted_sum,weighted_count,0x1.0000000000000p+7,AVAILABLE,WITHHELD_UNCERTAINTY
11395189640b0eb26c2e15678368c7976745db3db99684dbcb3dbebe3cee6378,MONASH,-5524,hadron_count,raw_weighted_sum,weighted_count,0x0.0p+0,AVAILABLE,WITHHELD_UNCERTAINTY
d441194ee49f9864d19cedc458dc4da84f62fe755886a78244476357e464a4b2,CLOSEPACKING,-5532,beauty_plus_antibeauty_constituent_count,raw_count,count,0x1.1400000000000p+7,AVAILABLE,WITHHELD_UNCERTAINTY
f5ef7df0fb283918d49616f66d5662faa59cf7b0ba24f02badf701e902ff55d8,JUNCTIONS,-5532,beauty_plus_antibeauty_constituent_count,raw_count,count,0x1.4000000000000p+6,AVAILABLE,WITHHELD_UNCERTAINTY
4e9c3559c8d5ccb9b0f359c855093dd4e6cb1cf0427d51f07329bd9f683db6d7,MONASH,-5532,beauty_plus_antibeauty_constituent_count,raw_count,count,0x0.0p+0,AVAILABLE,WITHHELD_UNCERTAINTY
a6abf9e2739a8c9e8081f54bcfc6797fdddf160eebf66e4ea3ff47bd941cf8fb,CLOSEPACKING,-5532,beauty_plus_antibeauty_constituent_count,raw_weighted_sum,weighted_count,0x1.1400000000000p+7,AVAILABLE,WITHHELD_UNCERTAINTY
058ba9e8f8854ea7a95344250a69bb423769a2120b35e1af957873642b2bc312,JUNCTIONS,-5532,beauty_plus_antibeauty_constituent_count,raw_weighted_sum,weighted_count,0x1.4000000000000p+6,AVAILABLE,WITHHELD_UNCERTAINTY
7e39d5f7862c1aab49cea55ccd2a9829f6b7591232f951b9c37715dd47b4ec44,MONASH,-5532,beauty_plus_antibeauty_constituent_count,raw_weighted_sum,weighted_count,0x0.0p+0,AVAILABLE,WITHHELD_UNCERTAINTY
abe351c4e3a09c7b2f078adcc9342540f3cb76a26ab4adc74148d731b1fd013a,CLOSEPACKING,-5532,charm_plus_anticharm_constituent_count,raw_count,count,0x0.0p+0,AVAILABLE,WITHHELD_UNCERTAINTY
c89aef8210b1eaf3ff99c506a1ec157b6bcab66f59ea6cdca89fd2cfef347350,JUNCTIONS,-5532,charm_plus_anticharm_constituent_count,raw_count,count,0x0.0p+0,AVAILABLE,WITHHELD_UNCERTAINTY
8d8912723e75305f95eadb444fda91992eedec14d6541612c08dbcf832ec8af4,MONASH,-5532,charm_plus_anticharm_constituent_count,raw_count,count,0x0.0p+0,AVAILABLE,WITHHELD_UNCERTAINTY
81ac06b79aaa398f5d569570dceda0fd0ffbbd2d3b8f8b58dada25c01cfe2a94,CLOSEPACKING,-5532,charm_plus_anticharm_constituent_count,raw_weighted_sum,weighted_count,0x0.0p+0,AVAILABLE,WITHHELD_UNCERTAINTY
d18baae127407421d2fe4107a7f51dd12e23deb7d4fe2a4041d79c2eb613ad4f,JUNCTIONS,-5532,charm_plus_anticharm_constituent_count,raw_weighted_sum,weighted_count,0x0.0p+0,AVAILABLE,WITHHELD_UNCERTAINTY
9e1eb0e0f7f928f9cb515a365caa1acac7063cbd9dffbba3f36aa73d973be36d,MONASH,-5532,charm_plus_anticharm_constituent_count,raw_weighted_sum,weighted_count,0x0.0p+0,AVAILABLE,WITHHELD_UNCERTAINTY
a04ae3d1355be02e9f983fedd41c1e7bc37428c0d5c296166f5d6a504980f4ad,CLOSEPACKING,-5532,hadron_count,normalized_yield,per_event,0x1.7270e0bdc572ep-21,AVAILABLE,AVAILABLE
e7a3c4ed79c7e1fbd543aa71c4266e80603e86224cdee7441328631bc5ae6373,JUNCTIONS,-5532,hadron_count,normalized_yield,per_event,0x1.ad7f29abcaf48p-22,AVAILABLE,AVAILABLE
8a2fb55bb19faab0c327dc28c480c715db89779d57f2a6537591fc5275e7559c,MONASH,-5532,hadron_count,normalized_yield,per_event,0x0.0p+0,AVAILABLE,AVAILABLE_ZERO_DISPERSION
38d614a2746e2bf3dfd80d19694db3cfd40f4ba405d5bd1276d126c6e9ff369c,CLOSEPACKING,-5532,hadron_count,raw_count,count,0x1.1400000000000p+6,AVAILABLE,WITHHELD_UNCERTAINTY
eefbf183f2ffa55cc8db5ce7cd6de3194256b77c7c1392e44393f31edcaccb64,JUNCTIONS,-5532,hadron_count,raw_count,count,0x1.4000000000000p+5,AVAILABLE,WITHHELD_UNCERTAINTY
64f7e320049e07989ac57434984c50eb02a40e2f842ceca4b1df75343db0a145,MONASH,-5532,hadron_count,raw_count,count,0x0.0p+0,AVAILABLE,WITHHELD_UNCERTAINTY
48183b4792d8c61379a82a93f246d4145b4f4f6332c1e434c6c888bbfe6064c6,CLOSEPACKING,-5532,hadron_count,raw_weighted_sum,weighted_count,0x1.1400000000000p+6,AVAILABLE,WITHHELD_UNCERTAINTY
b06862e13b3ad67be2bad5f8b730d1ef24c1bbab0318b592f5ee200e18e1e305,JUNCTIONS,-5532,hadron_count,raw_weighted_sum,weighted_count,0x1.4000000000000p+5,AVAILABLE,WITHHELD_UNCERTAINTY
3278cbad15cfbc4005ff218387b07ad1070e4b5c7e92b1d854b6173996a238a2,MONASH,-5532,hadron_count,raw_weighted_sum,weighted_count,0x0.0p+0,AVAILABLE,WITHHELD_UNCERTAINTY
95b8ee9a984e41ae05807ed7854f54fe51dc3993fc15cd0543472edf956fbcc1,CLOSEPACKING,-5534,beauty_plus_antibeauty_constituent_count,raw_count,count,0x1.a800000000000p+6,AVAILABLE,WITHHELD_UNCERTAINTY
9556a6846b89e763fd52647d8d236dd25740eb7fa1f92a9b2a9fe176e61a1914,JUNCTIONS,-5534,beauty_plus_antibeauty_constituent_count,raw_count,count,0x1.1000000000000p+5,AVAILABLE,WITHHELD_UNCERTAINTY
cc596b55fa94ee4ad6e74dce96d16fe3300387ace77b53dc8a7dc2588a9bd93e,MONASH,-5534,beauty_plus_antibeauty_constituent_count,raw_count,count,0x0.0p+0,AVAILABLE,WITHHELD_UNCERTAINTY
155c5e076553c83e304937996df316c005b6b9f802053db9d4196a131922a916,CLOSEPACKING,-5534,beauty_plus_antibeauty_constituent_count,raw_weighted_sum,weighted_count,0x1.a800000000000p+6,AVAILABLE,WITHHELD_UNCERTAINTY
047d1d2c7f981acde08dcaca92f8d28f4eb83ad12ac5a3019ad9ccd99282b8d1,JUNCTIONS,-5534,beauty_plus_antibeauty_constituent_count,raw_weighted_sum,weighted_count,0x1.1000000000000p+5,AVAILABLE,WITHHELD_UNCERTAINTY
079bca732c6ac686a1e113e7cb5fecaed4ffe101208777bfaf8758a523e57ba9,MONASH,-5534,beauty_plus_antibeauty_constituent_count,raw_weighted_sum,weighted_count,0x0.0p+0,AVAILABLE,WITHHELD_UNCERTAINTY
c8301492e32a586389e8f57720e15787fef9195c7c9c1ede347d2310473f561f,CLOSEPACKING,-5534,charm_plus_anticharm_constituent_count,raw_count,count,0x0.0p+0,AVAILABLE,WITHHELD_UNCERTAINTY
598e3b0c540d004d7703f5a689c15d97897b0bcf17e1d1c1934017a98305ac1d,JUNCTIONS,-5534,charm_plus_anticharm_constituent_count,raw_count,count,0x0.0p+0,AVAILABLE,WITHHELD_UNCERTAINTY
bd8d3099b7ee09b2568c5a21816b9e8c30e71428df8841d45deb120adfeea6fc,MONASH,-5534,charm_plus_anticharm_constituent_count,raw_count,count,0x0.0p+0,AVAILABLE,WITHHELD_UNCERTAINTY
43a1000a2d47741614ddcd997f3ddfb8fd0fabf7b8122381efb0d09b5d3771e5,CLOSEPACKING,-5534,charm_plus_anticharm_constituent_count,raw_weighted_sum,weighted_count,0x0.0p+0,AVAILABLE,WITHHELD_UNCERTAINTY
c48a987db1c90c78bbb1d63307cc76e2085c807e6085e3787639c03a3bd4c3da,JUNCTIONS,-5534,charm_plus_anticharm_constituent_count,raw_weighted_sum,weighted_count,0x0.0p+0,AVAILABLE,WITHHELD_UNCERTAINTY
6e3abe9a579bfba6d3196bff051c06f0856eac3ef469e050063697d418d076ea,MONASH,-5534,charm_plus_anticharm_constituent_count,raw_weighted_sum,weighted_count,0x0.0p+0,AVAILABLE,WITHHELD_UNCERTAINTY
f628570d36aef29cb13f4ba09736fd68bc8089d0f0f75a221c988cb563e44c16,CLOSEPACKING,-5534,hadron_count,normalized_yield,per_event,0x1.1c8aa53503420p-21,AVAILABLE,AVAILABLE
d4e96814842bbd5a5552910a772dce92712cd3f2c082f380d3ec532094a2f88c,JUNCTIONS,-5534,hadron_count,normalized_yield,per_event,0x1.6d127d05394fdp-23,AVAILABLE,AVAILABLE
1f6c3683a557b8a69e36ac6e792d430109e94bba2fba476cb261a855eeaeee63,MONASH,-5534,hadron_count,normalized_yield,per_event,0x0.0p+0,AVAILABLE,AVAILABLE_ZERO_DISPERSION
1e02ab0947bc6df1710129a6b5c5ba26028545fe4164b19e259a51c2f563db17,CLOSEPACKING,-5534,hadron_count,raw_count,count,0x1.a800000000000p+5,AVAILABLE,WITHHELD_UNCERTAINTY
76f8e50489a86aaf2c39a3943a1410e8600c0af8266115a702705ec03a6ca1a8,JUNCTIONS,-5534,hadron_count,raw_count,count,0x1.1000000000000p+4,AVAILABLE,WITHHELD_UNCERTAINTY
ab0e46513ad6cd8fccbadca618cef44ab91ac6b1e48d008e309a935ece4b6fb0,MONASH,-5534,hadron_count,raw_count,count,0x0.0p+0,AVAILABLE,WITHHELD_UNCERTAINTY
863e7611f2b1f076f84ced42254d1bce8d175d5dbd7b2142c305507b8fe7ddf1,CLOSEPACKING,-5534,hadron_count,raw_weighted_sum,weighted_count,0x1.a800000000000p+5,AVAILABLE,WITHHELD_UNCERTAINTY
3e4fc561fedbccb2e1f2b24d2a7b117046970758d510269c97ef90b043bdac03,JUNCTIONS,-5534,hadron_count,raw_weighted_sum,weighted_count,0x1.1000000000000p+4,AVAILABLE,WITHHELD_UNCERTAINTY
b3fdf7fe4f23968e5647068540b789f924e29c9ad9c3bd89dcc555010dfe4ccc,MONASH,-5534,hadron_count,raw_weighted_sum,weighted_count,0x0.0p+0,AVAILABLE,WITHHELD_UNCERTAINTY
3168f5c49502e331a8a3c45aed651d65137fad63ce2d5bf192d5b5cf6ffefc80,CLOSEPACKING,100443,beauty_plus_antibeauty_constituent_count,raw_count,count,0x0.0p+0,AVAILABLE,WITHHELD_UNCERTAINTY
4034802352699e1072611b3cd147b398be349140d591141c96c6c97fe75b5dae,JUNCTIONS,100443,beauty_plus_antibeauty_constituent_count,raw_count,count,0x0.0p+0,AVAILABLE,WITHHELD_UNCERTAINTY
714b64b5f50569d3fc7066f64e38bd4886353b7edd593e14f92a2cf0c19b4081,MONASH,100443,beauty_plus_antibeauty_constituent_count,raw_count,count,0x0.0p+0,AVAILABLE,WITHHELD_UNCERTAINTY
75ea11bcb6cc492f978af65e08086baf86528b08d8ab5c14a9c0cc978592e62a,CLOSEPACKING,100443,beauty_plus_antibeauty_constituent_count,raw_weighted_sum,weighted_count,0x0.0p+0,AVAILABLE,WITHHELD_UNCERTAINTY
5c57ee037807df48a460ac20a6ee755f77915b595643b7e5df8d46eae0d1ba85,JUNCTIONS,100443,beauty_plus_antibeauty_constituent_count,raw_weighted_sum,weighted_count,0x0.0p+0,AVAILABLE,WITHHELD_UNCERTAINTY
cb6ad5bd97e6c79d08eb8bedbe3d865c1bad4a2667099119e657fe858f09169f,MONASH,100443,beauty_plus_antibeauty_constituent_count,raw_weighted_sum,weighted_count,0x0.0p+0,AVAILABLE,WITHHELD_UNCERTAINTY
daf231afb642faaf0e4f1dc9d490facb48013404e5215d0649bb22f41816bed1,CLOSEPACKING,100443,charm_plus_anticharm_constituent_count,raw_count,count,0x1.49e8000000000p+14,AVAILABLE,WITHHELD_UNCERTAINTY
c8d39e2575a6e158c2c58efd03a4ad87b77588c6fb293eafb20ee5e270265910,JUNCTIONS,100443,charm_plus_anticharm_constituent_count,raw_count,count,0x1.5a78000000000p+14,AVAILABLE,WITHHELD_UNCERTAINTY
2557d176c51bdb8c0df7b523bc1d6ee6f5b0a3eaaabcae098b9de2aa4cfaa9eb,MONASH,100443,charm_plus_anticharm_constituent_count,raw_count,count,0x1.26f0000000000p+14,AVAILABLE,WITHHELD_UNCERTAINTY
5d9d7dc2e60a3b4e5ba4d69a2bfd7718a738aa818d84193dafb9775e9c87b512,CLOSEPACKING,100443,charm_plus_anticharm_constituent_count,raw_weighted_sum,weighted_count,0x1.49e8000000000p+14,AVAILABLE,WITHHELD_UNCERTAINTY
c585363e993bc5e1f701b163612b366fa38913bf90d0f3917652f9800e2d1106,JUNCTIONS,100443,charm_plus_anticharm_constituent_count,raw_weighted_sum,weighted_count,0x1.5a78000000000p+14,AVAILABLE,WITHHELD_UNCERTAINTY
2559af6e9d3978dfd059bfb41ec5b5c51a1dad839c4a4172b6d29cf36b5d254f,MONASH,100443,charm_plus_anticharm_constituent_count,raw_weighted_sum,weighted_count,0x1.26f0000000000p+14,AVAILABLE,WITHHELD_UNCERTAINTY
40e89facb6750e152b498f5f524f82419fd73913b70ce8c7f6bffa526ff49298,CLOSEPACKING,100443,hadron_count,normalized_yield,per_event,0x1.bacaeca2d6035p-14,AVAILABLE,AVAILABLE
ce2faf9574ef0d4e71dee02f74f273f7d59bad014c1640f234e7d8bb07998530,JUNCTIONS,100443,hadron_count,normalized_yield,per_event,0x1.d105c18afa448p-14,AVAILABLE,AVAILABLE
38d250fb5ecfaa2c4919286d37959cddfd9cda93e651f59a461dec27011c23f7,MONASH,100443,hadron_count,normalized_yield,per_event,0x1.8bdbc0db7ce8ep-14,AVAILABLE,AVAILABLE
3de253d4411558c75034400779067c1b8c2f308ff14b985cd6ee72e82c3f3ad7,CLOSEPACKING,100443,hadron_count,raw_count,count,0x1.49e8000000000p+13,AVAILABLE,WITHHELD_UNCERTAINTY
3f39902063628eb073b85ee20f4ffc9bd190051714d59ce095b3188f55495725,JUNCTIONS,100443,hadron_count,raw_count,count,0x1.5a78000000000p+13,AVAILABLE,WITHHELD_UNCERTAINTY
e90869f9f245669f81c982cdbb7d97558c13ed7310e42c8e516dcc11f1b82eba,MONASH,100443,hadron_count,raw_count,count,0x1.26f0000000000p+13,AVAILABLE,WITHHELD_UNCERTAINTY
5bbaf9b8658db031b9aca3ebdaa85ce976bd783af5cd467d8252cb98eee748c7,CLOSEPACKING,100443,hadron_count,raw_weighted_sum,weighted_count,0x1.49e8000000000p+13,AVAILABLE,WITHHELD_UNCERTAINTY
a2d695c5120d6b2712d108e403ab654d74074b9a7607bfddadd20191e33fae59,JUNCTIONS,100443,hadron_count,raw_weighted_sum,weighted_count,0x1.5a78000000000p+13,AVAILABLE,WITHHELD_UNCERTAINTY
3190f2ee25cb0e1d99d1e7f6f314abcf4e79c82255ebcdbd8e8dde225f64b80b,MONASH,100443,hadron_count,raw_weighted_sum,weighted_count,0x1.26f0000000000p+13,AVAILABLE,WITHHELD_UNCERTAINTY
dac983fb0810bb2147cbe3fad8a5254976678bc9e38fe1e866ebe362fbbfd99f,CLOSEPACKING,100553,beauty_plus_antibeauty_constituent_count,raw_count,count,0x1.9c00000000000p+8,AVAILABLE,WITHHELD_UNCERTAINTY
fed8019061e9023b3913cabb33c45a1a35ed17a45eaffa6b3f0231a43cda0f3b,JUNCTIONS,100553,beauty_plus_antibeauty_constituent_count,raw_count,count,0x1.9600000000000p+8,AVAILABLE,WITHHELD_UNCERTAINTY
841d4c7a9eb0c8396724d93a656ed29b70a8c20d55b7723f4c3c5ecf7cb979bd,MONASH,100553,beauty_plus_antibeauty_constituent_count,raw_count,count,0x1.9e00000000000p+8,AVAILABLE,WITHHELD_UNCERTAINTY
321e357cba5923a434da993223adc629c1a3d3cd33920a467ee4408f32ebf720,CLOSEPACKING,100553,beauty_plus_antibeauty_constituent_count,raw_weighted_sum,weighted_count,0x1.9c00000000000p+8,AVAILABLE,WITHHELD_UNCERTAINTY
3f0dbf7618fe095cc5719a07af32eff47574629085970a6576f67e25dfca2b2c,JUNCTIONS,100553,beauty_plus_antibeauty_constituent_count,raw_weighted_sum,weighted_count,0x1.9600000000000p+8,AVAILABLE,WITHHELD_UNCERTAINTY
ef23978fb554d8debe43908e1e0bb7e676fe21c22e0f8ed5248cf801d4564120,MONASH,100553,beauty_plus_antibeauty_constituent_count,raw_weighted_sum,weighted_count,0x1.9e00000000000p+8,AVAILABLE,WITHHELD_UNCERTAINTY
1d0ebda113d6c29a7d852a3890691a5537b93edb976d81f213fba63de37f81cc,CLOSEPACKING,100553,charm_plus_anticharm_constituent_count,raw_count,count,0x0.0p+0,AVAILABLE,WITHHELD_UNCERTAINTY
389b8344de80a1c32c21a2d2a4ee4a98516728c626210eb00c46399cf27e6980,JUNCTIONS,100553,charm_plus_anticharm_constituent_count,raw_count,count,0x0.0p+0,AVAILABLE,WITHHELD_UNCERTAINTY
fbe82ece18fb9d63ed06fc6ba33b088ccc808354fb8275997cf79a74fe650426,MONASH,100553,charm_plus_anticharm_constituent_count,raw_count,count,0x0.0p+0,AVAILABLE,WITHHELD_UNCERTAINTY
b18b6bd2b722c7a82d38c136a204b0cf21adee55ad0e2135d0460128dc586b53,CLOSEPACKING,100553,charm_plus_anticharm_constituent_count,raw_weighted_sum,weighted_count,0x0.0p+0,AVAILABLE,WITHHELD_UNCERTAINTY
45dfd863fb0c798cd11474cc32bb7e7df9141b6eeeec1041913fef398e1fd4de,JUNCTIONS,100553,charm_plus_anticharm_constituent_count,raw_weighted_sum,weighted_count,0x0.0p+0,AVAILABLE,WITHHELD_UNCERTAINTY
996f55eef27566fbd9367ea16b59f927dbfcb48ea58df9b968c74014cf78b873,MONASH,100553,charm_plus_anticharm_constituent_count,raw_weighted_sum,weighted_count,0x0.0p+0,AVAILABLE,WITHHELD_UNCERTAINTY
e4dce916ce95662fb0206c60d299a2f015fb6c2e18c5bd54f22e3f356cf2f769,CLOSEPACKING,100553,hadron_count,normalized_yield,per_event,0x1.147d0fa0310d7p-19,AVAILABLE,AVAILABLE
ed472590e94235c96e9d41235a49abf1d31678f1126c6c3c3810288c2f4aeae1,JUNCTIONS,100553,hadron_count,normalized_yield,per_event,0x1.107644d5c7f32p-19,AVAILABLE,AVAILABLE
ba50cb082e2297cfa85e03d975d1b37cf27d4c0b1c9c3b3108cd47d6f66f4e77,MONASH,100553,hadron_count,normalized_yield,per_event,0x1.15d4a88e54163p-19,AVAILABLE,AVAILABLE
6ca5a11386ee1081ac23a534a9aa1f80586bfe94b534b66280c6cd419dbadcdc,CLOSEPACKING,100553,hadron_count,raw_count,count,0x1.9c00000000000p+7,AVAILABLE,WITHHELD_UNCERTAINTY
ffecfdc0470bf748250721f5694076adae0a8bd0946e8a61ea152ba831788570,JUNCTIONS,100553,hadron_count,raw_count,count,0x1.9600000000000p+7,AVAILABLE,WITHHELD_UNCERTAINTY
189d557425166cf4ed496a446a5801c1ff5e7d8b9dcfe43afa272bc55a5b3dd8,MONASH,100553,hadron_count,raw_count,count,0x1.9e00000000000p+7,AVAILABLE,WITHHELD_UNCERTAINTY
3517dd82b65c69f3ccf8af063454853fde31b5a78cf83a94b4d2f1df9c7305c9,CLOSEPACKING,100553,hadron_count,raw_weighted_sum,weighted_count,0x1.9c00000000000p+7,AVAILABLE,WITHHELD_UNCERTAINTY
21121d20639986fd84ddacae00d0eed539cb10916bd7436f92bde0d61f675a73,JUNCTIONS,100553,hadron_count,raw_weighted_sum,weighted_count,0x1.9600000000000p+7,AVAILABLE,WITHHELD_UNCERTAINTY
60d5b45b9b2e06507f60ab6f4ce1a8626ca0ad056112f91d7ae4ffef59dfc80d,MONASH,100553,hadron_count,raw_weighted_sum,weighted_count,0x1.9e00000000000p+7,AVAILABLE,WITHHELD_UNCERTAINTY
cdf9ca775f89a112cec6c5b44c1963c3ac17e6790cbfbab1949dc3c2a7bc0b0f,CLOSEPACKING,10441,beauty_plus_antibeauty_constituent_count,raw_count,count,0x0.0p+0,AVAILABLE,WITHHELD_UNCERTAINTY
a27f3e29741adfb9eb828aa6c2bb5da2a8f42659759d66e797f12bbbf71cfdb7,JUNCTIONS,10441,beauty_plus_antibeauty_constituent_count,raw_count,count,0x0.0p+0,AVAILABLE,WITHHELD_UNCERTAINTY
994b8006d393cea6d250f995239ef9f74dd6d1daa89b1fb255c5e1bdd053ee5a,MONASH,10441,beauty_plus_antibeauty_constituent_count,raw_count,count,0x0.0p+0,AVAILABLE,WITHHELD_UNCERTAINTY
a6ea4d5a2013379eb8cfd9790e37115eb467c387be9a28cf5dddf91c73b2f0b9,CLOSEPACKING,10441,beauty_plus_antibeauty_constituent_count,raw_weighted_sum,weighted_count,0x0.0p+0,AVAILABLE,WITHHELD_UNCERTAINTY
5e2ec33f276f4fd40543c0ac94d85d81a26e769976801c6b8d8385e80d90bff2,JUNCTIONS,10441,beauty_plus_antibeauty_constituent_count,raw_weighted_sum,weighted_count,0x0.0p+0,AVAILABLE,WITHHELD_UNCERTAINTY
b98a0171aff32e0dd724dc96473634ba972b34de08baca061202d431f1eac697,MONASH,10441,beauty_plus_antibeauty_constituent_count,raw_weighted_sum,weighted_count,0x0.0p+0,AVAILABLE,WITHHELD_UNCERTAINTY
6e33ab85930b6cf83892f1fc1ccb509c34ef6607464c0a90d4dac5039e70df81,CLOSEPACKING,10441,charm_plus_anticharm_constituent_count,raw_count,count,0x1.c21b800000000p+18,AVAILABLE,WITHHELD_UNCERTAINTY
39f1c2fea5ecda8050fb9e6caa2393581b518468f1011d6cb79e7fcdf0568a64,JUNCTIONS,10441,charm_plus_anticharm_constituent_count,raw_count,count,0x1.dc73800000000p+18,AVAILABLE,WITHHELD_UNCERTAINTY
eb8bd1702dc2021ffa1c68c27214173688fd89355a30f07d5a4b833bed52ebc8,MONASH,10441,charm_plus_anticharm_constituent_count,raw_count,count,0x1.946d800000000p+18,AVAILABLE,WITHHELD_UNCERTAINTY
1a8b7e022d1615194dd080b10d28db5d457ac55c7c555ae5bbe3231a8c05b7ea,CLOSEPACKING,10441,charm_plus_anticharm_constituent_count,raw_weighted_sum,weighted_count,0x1.c21b800000000p+18,AVAILABLE,WITHHELD_UNCERTAINTY
a4be98b75969178b8873eb0f4599046b2e277d97dfb5c20424370128cfe8a99e,JUNCTIONS,10441,charm_plus_anticharm_constituent_count,raw_weighted_sum,weighted_count,0x1.dc73800000000p+18,AVAILABLE,WITHHELD_UNCERTAINTY
5ebce5bf0a17bed0890c56ebe1da56db882148d31b621a82829cdc0d73cf0fa0,MONASH,10441,charm_plus_anticharm_constituent_count,raw_weighted_sum,weighted_count,0x1.946d800000000p+18,AVAILABLE,WITHHELD_UNCERTAINTY
38ed72ae234beba321ecba10e8b63d97515488b00f6989f8c600fdbc1f8bf39c,CLOSEPACKING,10441,hadron_count,normalized_yield,per_event,0x1.2e0fddc39515ap-9,AVAILABLE,AVAILABLE
461a09b59a1ffcf8dced73b162d119f968a11fe8617fab03bac34260b0e0eee2,JUNCTIONS,10441,hadron_count,normalized_yield,per_event,0x1.3fbdb0244a8d1p-9,AVAILABLE,AVAILABLE
4f4ae33338ea100b384bf6ee1a1b8e66580377753e3060652cff0536cd10eabc,MONASH,10441,hadron_count,normalized_yield,per_event,0x1.0f6827dc92e88p-9,AVAILABLE,AVAILABLE
89991dbc0f5e7fa595b23f03a5e33993694ef1e42549e54aef56404e6f4b05ee,CLOSEPACKING,10441,hadron_count,raw_count,count,0x1.c21b800000000p+17,AVAILABLE,WITHHELD_UNCERTAINTY
e032c514c01a680da0d5c497635d6f708728db43df4b6dd84f26d4ade5c697be,JUNCTIONS,10441,hadron_count,raw_count,count,0x1.dc73800000000p+17,AVAILABLE,WITHHELD_UNCERTAINTY
7f1e88ec57900c589a6906775a79502f69ecc5911044c65a6c5fcacb7a478c3d,MONASH,10441,hadron_count,raw_count,count,0x1.946d800000000p+17,AVAILABLE,WITHHELD_UNCERTAINTY
e3d61109582971f9349c867d84580bbed5cc770f0190a379afd916268d145ba1,CLOSEPACKING,10441,hadron_count,raw_weighted_sum,weighted_count,0x1.c21b800000000p+17,AVAILABLE,WITHHELD_UNCERTAINTY
ea96d0d7a7f4e032b8cd71f0530cadecfe091946a6d7a9cd9ec807ed83976042,JUNCTIONS,10441,hadron_count,raw_weighted_sum,weighted_count,0x1.dc73800000000p+17,AVAILABLE,WITHHELD_UNCERTAINTY
594f17c96bd63d86f88f14926ab639b22df7e797f8be7a199a99115a94f9571e,MONASH,10441,hadron_count,raw_weighted_sum,weighted_count,0x1.946d800000000p+17,AVAILABLE,WITHHELD_UNCERTAINTY
f50d8a7f77ece8a7c302473cddcdfdf1715c51feff29cbc3dcf2172a1e83310e,CLOSEPACKING,10551,beauty_plus_antibeauty_constituent_count,raw_count,count,0x1.1478000000000p+14,AVAILABLE,WITHHELD_UNCERTAINTY
9e1a7943a94ef384fcd35f2b4854eb8ddf5d97c5994504d0b0aa440717f1b5dc,JUNCTIONS,10551,beauty_plus_antibeauty_constituent_count,raw_count,count,0x1.2a58000000000p+14,AVAILABLE,WITHHELD_UNCERTAINTY
c2e57cc8c0e676e2ac07f8819146cd4c76f416a992931d1ad32bc70a285f9b4d,MONASH,10551,beauty_plus_antibeauty_constituent_count,raw_count,count,0x1.0558000000000p+14,AVAILABLE,WITHHELD_UNCERTAINTY
c55813d870e0178fb1c7a030f65d54342a47b335a63ac58661cc730cdcb973bb,CLOSEPACKING,10551,beauty_plus_antibeauty_constituent_count,raw_weighted_sum,weighted_count,0x1.1478000000000p+14,AVAILABLE,WITHHELD_UNCERTAINTY
542621ec41e3eb353e066068f17d5f6d285f97827ae8543bd34c49a8a87b1bb9,JUNCTIONS,10551,beauty_plus_antibeauty_constituent_count,raw_weighted_sum,weighted_count,0x1.2a58000000000p+14,AVAILABLE,WITHHELD_UNCERTAINTY
4ee087a3a4d64c91558b88d3f908a457a9ea9c7ed1552c5bba8b4c676e87cef8,MONASH,10551,beauty_plus_antibeauty_constituent_count,raw_weighted_sum,weighted_count,0x1.0558000000000p+14,AVAILABLE,WITHHELD_UNCERTAINTY
739e855ef847418d8599387ed1b5c9fb6cb362b77ef03aee8bb35bc0785397e8,CLOSEPACKING,10551,charm_plus_anticharm_constituent_count,raw_count,count,0x0.0p+0,AVAILABLE,WITHHELD_UNCERTAINTY
80b5176679172dc4b42f4fa744c92cea0bac95f213022a945bbebbfe5373edb7,JUNCTIONS,10551,charm_plus_anticharm_constituent_count,raw_count,count,0x0.0p+0,AVAILABLE,WITHHELD_UNCERTAINTY
edd001b3353ccc9a96b9b4b404244ddb4d3ea6990e0a49b1b2499feb801ccc76,MONASH,10551,charm_plus_anticharm_constituent_count,raw_count,count,0x0.0p+0,AVAILABLE,WITHHELD_UNCERTAINTY
c39605f9798e4de4c78aaf7eae4ef4a9b69b202ef292fbcad6c95862f17bed87,CLOSEPACKING,10551,charm_plus_anticharm_constituent_count,raw_weighted_sum,weighted_count,0x0.0p+0,AVAILABLE,WITHHELD_UNCERTAINTY
b3e324ae809ec515f53579e6dfbb956e560937a9ba81468505c6cc26969b3d09,JUNCTIONS,10551,charm_plus_anticharm_constituent_count,raw_weighted_sum,weighted_count,0x0.0p+0,AVAILABLE,WITHHELD_UNCERTAINTY
80ea315f22a287c371020d7b5366ad88eba3610416960f12a91744f5e9f8c143,MONASH,10551,charm_plus_anticharm_constituent_count,raw_weighted_sum,weighted_count,0x0.0p+0,AVAILABLE,WITHHELD_UNCERTAINTY
30be29c95014e446ab15559070860063381cde89bb838a52322b42f470e74ad7,CLOSEPACKING,10551,hadron_count,normalized_yield,per_event,0x1.7311f06d65df0p-14,AVAILABLE,AVAILABLE
af38ce28444b478461be8f756f72ebdccf5709b0c0ec0b3ef259e33710e3bff7,JUNCTIONS,10551,hadron_count,normalized_yield,per_event,0x1.906e21c6a43ecp-14,AVAILABLE,AVAILABLE
7080191e46d780402dc9eb3d0dfb907429e9ecc1a4bcce62d5597757857b9c07,MONASH,10551,hadron_count,normalized_yield,per_event,0x1.5ec5075b93fa7p-14,AVAILABLE,AVAILABLE
1a9feefc1502bc8d609595fcbf276adbee882574169d852d4c447d3f38aa2eeb,CLOSEPACKING,10551,hadron_count,raw_count,count,0x1.1478000000000p+13,AVAILABLE,WITHHELD_UNCERTAINTY
b6a36f1b5ddbf6a2f22d3bd284c35a6e70bfb5d4734964d5bc893e313a6b2804,JUNCTIONS,10551,hadron_count,raw_count,count,0x1.2a58000000000p+13,AVAILABLE,WITHHELD_UNCERTAINTY
cec8b26539b2c24490d9e5dfd99509057b199ffd2adb0bd9f1c795261e3f17cf,MONASH,10551,hadron_count,raw_count,count,0x1.0558000000000p+13,AVAILABLE,WITHHELD_UNCERTAINTY
bf1d5ea0474f1b9e91573035e7457f62b7bc9d7a6a137783928171a59093a585,CLOSEPACKING,10551,hadron_count,raw_weighted_sum,weighted_count,0x1.1478000000000p+13,AVAILABLE,WITHHELD_UNCERTAINTY
1480a6cd032ec5e563c0bb2caba28012f777f47aa6dc2c432e2370eef66834d9,JUNCTIONS,10551,hadron_count,raw_weighted_sum,weighted_count,0x1.2a58000000000p+13,AVAILABLE,WITHHELD_UNCERTAINTY
1506b344d2c0871b4980334878b3942d202164374f76d4a1a398da208e8d9d87,MONASH,10551,hadron_count,raw_weighted_sum,weighted_count,0x1.0558000000000p+13,AVAILABLE,WITHHELD_UNCERTAINTY
2b6fc64fba6753adfac8326b0507fec74792b2dac4dd4d5869fb8fa0abc50c2d,CLOSEPACKING,200553,beauty_plus_antibeauty_constituent_count,raw_count,count,0x1.ca00000000000p+8,AVAILABLE,WITHHELD_UNCERTAINTY
7952803b7eaf60a4c27241df8ef17fb2cef7d256770cecc5bb94f7047ffa6ea4,JUNCTIONS,200553,beauty_plus_antibeauty_constituent_count,raw_count,count,0x1.0600000000000p+9,AVAILABLE,WITHHELD_UNCERTAINTY
bfc5cbb036d7c4a0dcb654e257c271c273b4a72824ed01ad2b2121ddaab07996,MONASH,200553,beauty_plus_antibeauty_constituent_count,raw_count,count,0x1.9a00000000000p+8,AVAILABLE,WITHHELD_UNCERTAINTY
a62cd1bb5b92e9f08d2a7d260d3fe19a581725ed8fd0018c49143c2b6f5ecb89,CLOSEPACKING,200553,beauty_plus_antibeauty_constituent_count,raw_weighted_sum,weighted_count,0x1.ca00000000000p+8,AVAILABLE,WITHHELD_UNCERTAINTY
8f410ea15964dda5d6f7d84bf4da27f9bb8e153c4f679f293ab9aa973e009a65,JUNCTIONS,200553,beauty_plus_antibeauty_constituent_count,raw_weighted_sum,weighted_count,0x1.0600000000000p+9,AVAILABLE,WITHHELD_UNCERTAINTY
fce7a4353b6a562140115068ac36cf5b090fa3bcc0b6b03406b19ae5156e9bac,MONASH,200553,beauty_plus_antibeauty_constituent_count,raw_weighted_sum,weighted_count,0x1.9a00000000000p+8,AVAILABLE,WITHHELD_UNCERTAINTY
90bc5b73948b7f9876085d66a97648e4c9b7bd17f840ba5e873a792c8afa5ad4,CLOSEPACKING,200553,charm_plus_anticharm_constituent_count,raw_count,count,0x0.0p+0,AVAILABLE,WITHHELD_UNCERTAINTY
28c6d043481be47398a01404c9f9489f3cb5698620fbe19beefc884f8477c103,JUNCTIONS,200553,charm_plus_anticharm_constituent_count,raw_count,count,0x0.0p+0,AVAILABLE,WITHHELD_UNCERTAINTY
a6af06e5b04cac15ed92e6339d3f578fd2da3bae8669840c15375825d379066c,MONASH,200553,charm_plus_anticharm_constituent_count,raw_count,count,0x0.0p+0,AVAILABLE,WITHHELD_UNCERTAINTY
3aed9ca9f46b8784cbfbccdd5fa7ca33c4c4b5733347faa7e8e15b7de1985a1e,CLOSEPACKING,200553,charm_plus_anticharm_constituent_count,raw_weighted_sum,weighted_count,0x0.0p+0,AVAILABLE,WITHHELD_UNCERTAINTY
e6c0ec5b6a0d012702ba9bbb27f39b5b73f2d1a29b2614bdcc635235827fe5ba,JUNCTIONS,200553,charm_plus_anticharm_constituent_count,raw_weighted_sum,weighted_count,0x0.0p+0,AVAILABLE,WITHHELD_UNCERTAINTY
f2199e6309162a1b79fc1036e6f4003cf6e746b4e4f5fb513a9fa64cb48dbea4,MONASH,200553,charm_plus_anticharm_constituent_count,raw_weighted_sum,weighted_count,0x0.0p+0,AVAILABLE,WITHHELD_UNCERTAINTY
4acbfffc95ace0023534710db3d5c45dcda1f3bd757e0bb7421381320448ab8d,CLOSEPACKING,200553,hadron_count,normalized_yield,per_event,0x1.335bcd0556d70p-19,AVAILABLE,AVAILABLE
044460be0c070ffab46bc71e4157288eb56ade389d6b3b04e2802af522eedf00,JUNCTIONS,200553,hadron_count,normalized_yield,per_event,0x1.5fa683b7daf83p-19,AVAILABLE,AVAILABLE
b1b33fc4b5879491b54bf346b10f6477b14c512a34607a6030295409361275de,MONASH,200553,hadron_count,normalized_yield,per_event,0x1.132576b20e04ap-19,AVAILABLE,AVAILABLE
628e8c33205e68fdea2791cfe3a9db4ddae1c3bd215dc293378e6d808d5856f3,CLOSEPACKING,200553,hadron_count,raw_count,count,0x1.ca00000000000p+7,AVAILABLE,WITHHELD_UNCERTAINTY
f8bdf1ddb809a1713d403458a2dde2fc8740e2e6c7d0d42cac602e9988b8bf51,JUNCTIONS,200553,hadron_count,raw_count,count,0x1.0600000000000p+8,AVAILABLE,WITHHELD_UNCERTAINTY
9c1ef30f056443fd9f692ffc3a63d0708f6e5389f9b3ad0941b27424e871206c,MONASH,200553,hadron_count,raw_count,count,0x1.9a00000000000p+7,AVAILABLE,WITHHELD_UNCERTAINTY
d98b00a64b68aa5f477a6024e3c98c4afe0c6a1e98ed6956971c1b7022a95d3f,CLOSEPACKING,200553,hadron_count,raw_weighted_sum,weighted_count,0x1.ca00000000000p+7,AVAILABLE,WITHHELD_UNCERTAINTY
687b9ed16360f78b4e3f3bbb876e263c1bed78065a78c7db4419ecd71f0713a9,JUNCTIONS,200553,hadron_count,raw_weighted_sum,weighted_count,0x1.0600000000000p+8,AVAILABLE,WITHHELD_UNCERTAINTY
8fb7b096a1de75c35745cae9f121247a106c2da1872a6ef8f0acea8c54fefa9d,MONASH,200553,hadron_count,raw_weighted_sum,weighted_count,0x1.9a00000000000p+7,AVAILABLE,WITHHELD_UNCERTAINTY
1fab70af2f90938f3b5471f4adc4e611fb9a963f16c0c87e5dbde8353567fcc2,CLOSEPACKING,20443,beauty_plus_antibeauty_constituent_count,raw_count,count,0x0.0p+0,AVAILABLE,WITHHELD_UNCERTAINTY
bab6e2ef7650bc24b3d0e792da8c0adf31e6e2893a12dd6ebf3a299661ca57fb,JUNCTIONS,20443,beauty_plus_antibeauty_constituent_count,raw_count,count,0x0.0p+0,AVAILABLE,WITHHELD_UNCERTAINTY
2e75c56376be4f3536ae5bbc22a8ec66e8d05c81027c3746ceb4cc7fd55b0cca,MONASH,20443,beauty_plus_antibeauty_constituent_count,raw_count,count,0x0.0p+0,AVAILABLE,WITHHELD_UNCERTAINTY
ba87311eb4aff28b31f941d9a5742299fa306fdd54981ec8bc7ac9b9d99effa7,CLOSEPACKING,20443,beauty_plus_antibeauty_constituent_count,raw_weighted_sum,weighted_count,0x0.0p+0,AVAILABLE,WITHHELD_UNCERTAINTY
d2d451954f2cb4bdf6c0ae88857b621e8ffc516c2efbe99d17d68b0923d6e32f,JUNCTIONS,20443,beauty_plus_antibeauty_constituent_count,raw_weighted_sum,weighted_count,0x0.0p+0,AVAILABLE,WITHHELD_UNCERTAINTY
5742a66f8eb5a9fb28738e8b3598e4aef290641d0dda957269bb8a9570d4c60a,MONASH,20443,beauty_plus_antibeauty_constituent_count,raw_weighted_sum,weighted_count,0x0.0p+0,AVAILABLE,WITHHELD_UNCERTAINTY
f1462965d5c39c5826c3c9ec524616a61b27659329bd62134d17dbdff1c16a2d,CLOSEPACKING,20443,charm_plus_anticharm_constituent_count,raw_count,count,0x1.1907000000000p+17,AVAILABLE,WITHHELD_UNCERTAINTY
8ef2b41a8d5d35f1e3eb11aae9b12587c9ea41260939ed766da22717fa363e3d,JUNCTIONS,20443,charm_plus_anticharm_constituent_count,raw_count,count,0x1.26d6000000000p+17,AVAILABLE,WITHHELD_UNCERTAINTY
44122439ff42c81b6e4d00203990a7c49e2a0b468826c38345df5fe74c720755,MONASH,20443,charm_plus_anticharm_constituent_count,raw_count,count,0x1.010d000000000p+17,AVAILABLE,WITHHELD_UNCERTAINTY
aeca8bc07889dff9d5928b60d539ed0686733fed04f59ba2bb059c0932da94da,CLOSEPACKING,20443,charm_plus_anticharm_constituent_count,raw_weighted_sum,weighted_count,0x1.1907000000000p+17,AVAILABLE,WITHHELD_UNCERTAINTY
b64f6b11551e592be4804af599747f4463dec4d16aa7b4ba432c93a2659d75a3,JUNCTIONS,20443,charm_plus_anticharm_constituent_count,raw_weighted_sum,weighted_count,0x1.26d6000000000p+17,AVAILABLE,WITHHELD_UNCERTAINTY
0f1d897b1ea999cd2c44360156ca25139e6dbe73058f7a093d0695616cd9569b,MONASH,20443,charm_plus_anticharm_constituent_count,raw_weighted_sum,weighted_count,0x1.010d000000000p+17,AVAILABLE,WITHHELD_UNCERTAINTY
5fdefa44574aa6085ebf012d801464d092901de8358c901b42617bcb659351ce,CLOSEPACKING,20443,hadron_count,normalized_yield,per_event,0x1.79304292f793fp-11,AVAILABLE,AVAILABLE
1a76c4e1462f435fc1dee22dc3b477a94487a2e2d60322fa66dc83615859509f,JUNCTIONS,20443,hadron_count,normalized_yield,per_event,0x1.8bb8db534d5a0p-11,AVAILABLE,AVAILABLE
5a1b13b2b82996dbfa57f752554f8f9b22535c4cbca6fa757c4b42225d6e9c9f,MONASH,20443,hadron_count,normalized_yield,per_event,0x1.5901f9d54393dp-11,AVAILABLE,AVAILABLE
05590df8972e234d4f6cedce7932e00407d559b6fd3d09e25714b895dfdcd6ed,CLOSEPACKING,20443,hadron_count,raw_count,count,0x1.1907000000000p+16,AVAILABLE,WITHHELD_UNCERTAINTY
6a78fd6178ced76668c3d6a37f4eb3b863167cfe0eec646ccca6568be5759ae1,JUNCTIONS,20443,hadron_count,raw_count,count,0x1.26d6000000000p+16,AVAILABLE,WITHHELD_UNCERTAINTY
3897f96db56b120990072b855dddd1efb856ebed8bada3e31dc964932898aa3a,MONASH,20443,hadron_count,raw_count,count,0x1.010d000000000p+16,AVAILABLE,WITHHELD_UNCERTAINTY
d55658d76bc709b8979d2aa610c2667f3bcb6ffe2233252b0070a7e6129b6935,CLOSEPACKING,20443,hadron_count,raw_weighted_sum,weighted_count,0x1.1907000000000p+16,AVAILABLE,WITHHELD_UNCERTAINTY
78f54e4c6efc5ad4a88f7b1976aa837eb4dc17f1a491c206b938d9f9fbe65bcc,JUNCTIONS,20443,hadron_count,raw_weighted_sum,weighted_count,0x1.26d6000000000p+16,AVAILABLE,WITHHELD_UNCERTAINTY
26a121fb741ce3d85ef58df2f842e38f44207d8e54952da17e71f0b45aafdfa3,MONASH,20443,hadron_count,raw_weighted_sum,weighted_count,0x1.010d000000000p+16,AVAILABLE,WITHHELD_UNCERTAINTY
6e42f4a39c18c1f1e78af06608e3939e2e5eb8f5e968835454c751be48bfb820,CLOSEPACKING,20553,beauty_plus_antibeauty_constituent_count,raw_count,count,0x1.b100000000000p+9,AVAILABLE,WITHHELD_UNCERTAINTY
00fd3a64ec7f7ba9bac0f2b7a6c5212733931f642a15c7fae5edd5116ec3fde0,JUNCTIONS,20553,beauty_plus_antibeauty_constituent_count,raw_count,count,0x1.c300000000000p+9,AVAILABLE,WITHHELD_UNCERTAINTY
072285e0717999c8a89a67adda1348da85eb7496f20c81012a8df90922aa72f9,MONASH,20553,beauty_plus_antibeauty_constituent_count,raw_count,count,0x1.7700000000000p+9,AVAILABLE,WITHHELD_UNCERTAINTY
eb5a33dae5cfcf4bb58bd89b330004130a0814df4ebf72e672d3157204b98cf3,CLOSEPACKING,20553,beauty_plus_antibeauty_constituent_count,raw_weighted_sum,weighted_count,0x1.b100000000000p+9,AVAILABLE,WITHHELD_UNCERTAINTY
7cd5d8a1db839a68769722a55b5f8d923755be11e2d99f7369183717ca18c56e,JUNCTIONS,20553,beauty_plus_antibeauty_constituent_count,raw_weighted_sum,weighted_count,0x1.c300000000000p+9,AVAILABLE,WITHHELD_UNCERTAINTY
6e34a0bb67cccd31af133fb4520f58753813f9ce0ceca8793026f9ec61e6aec1,MONASH,20553,beauty_plus_antibeauty_constituent_count,raw_weighted_sum,weighted_count,0x1.7700000000000p+9,AVAILABLE,WITHHELD_UNCERTAINTY
d36483c003a67463db70f3eb117a3a629a72fe1546ce0b68631280d9cea04450,CLOSEPACKING,20553,charm_plus_anticharm_constituent_count,raw_count,count,0x0.0p+0,AVAILABLE,WITHHELD_UNCERTAINTY
ee587ab826987750bddd5b2f5ef25aa3c99b1b6cd29ecf4f6bdd71bb51c5ffb9,JUNCTIONS,20553,charm_plus_anticharm_constituent_count,raw_count,count,0x0.0p+0,AVAILABLE,WITHHELD_UNCERTAINTY
c296e7fc15761fa18ebb8697975eca3cc7f6223defc400326138e423ff130b0f,MONASH,20553,charm_plus_anticharm_constituent_count,raw_count,count,0x0.0p+0,AVAILABLE,WITHHELD_UNCERTAINTY
cdfecebad94f20b4787f2cca00fbf1e8be5e2295e0a8d5b89782a5200551d4d2,CLOSEPACKING,20553,charm_plus_anticharm_constituent_count,raw_weighted_sum,weighted_count,0x0.0p+0,AVAILABLE,WITHHELD_UNCERTAINTY
a4fc81d93276addde7bae9ef61010050349bac96d5eaed20c55b085150529bae,JUNCTIONS,20553,charm_plus_anticharm_constituent_count,raw_weighted_sum,weighted_count,0x0.0p+0,AVAILABLE,WITHHELD_UNCERTAINTY
fcb71660a3c8eb784dbdde0027760b9420af3bfa7ea6251f4f36aee39f21c5e0,MONASH,20553,charm_plus_anticharm_constituent_count,raw_weighted_sum,weighted_count,0x0.0p+0,AVAILABLE,WITHHELD_UNCERTAINTY
11a6c41bda88f72d91cb7b8f123a9c7f8aeeb05f947aab11b238f3846ca614f7,CLOSEPACKING,20553,hadron_count,normalized_yield,per_event,0x1.2294d564a0e97p-18,AVAILABLE,AVAILABLE
e2066edfc4cc8adc066e390b69c4c7956db81d1992e0ba4b3ea611aace416097,JUNCTIONS,20553,hadron_count,normalized_yield,per_event,0x1.2ea935c3dc385p-18,AVAILABLE,AVAILABLE
9b81ff71a00643524616f0e1cc6cec260ca654ef60cb70c7e3476f6041efd5f2,MONASH,20553,hadron_count,normalized_yield,per_event,0x1.f75104d551d69p-19,AVAILABLE,AVAILABLE
c3ec7f48a991a50f4c079f8c84d652927a2445f98fe420a0b6e8ce470ac64d67,CLOSEPACKING,20553,hadron_count,raw_count,count,0x1.b100000000000p+8,AVAILABLE,WITHHELD_UNCERTAINTY
5b46c0025a5a33798791187f117d1fb16f2c13793ede46b26f7b5ccf222806bb,JUNCTIONS,20553,hadron_count,raw_count,count,0x1.c300000000000p+8,AVAILABLE,WITHHELD_UNCERTAINTY
2fda44d65e8f13e9c3d0974a2d2173999540a3731835b39c05784e65a6bf7244,MONASH,20553,hadron_count,raw_count,count,0x1.7700000000000p+8,AVAILABLE,WITHHELD_UNCERTAINTY
68d8d865701ad03ccc63493ba8ddbef803b71ede2e27456bc6dfdd144315233f,CLOSEPACKING,20553,hadron_count,raw_weighted_sum,weighted_count,0x1.b100000000000p+8,AVAILABLE,WITHHELD_UNCERTAINTY
9b99b36f427acdc367831237d3576dc84f73fa70c8c41bf29d9fbb9c0c0b379b,JUNCTIONS,20553,hadron_count,raw_weighted_sum,weighted_count,0x1.c300000000000p+8,AVAILABLE,WITHHELD_UNCERTAINTY
a59a655247715c4af68e5fa24357f9e598c895389e74a6b3a2b4d198d955e9d5,MONASH,20553,hadron_count,raw_weighted_sum,weighted_count,0x1.7700000000000p+8,AVAILABLE,WITHHELD_UNCERTAINTY
b92ec2695d4f331d9a882898f5822963a416dbf07475b1eff3d61fc709d5011b,CLOSEPACKING,30443,beauty_plus_antibeauty_constituent_count,raw_count,count,0x0.0p+0,AVAILABLE,WITHHELD_UNCERTAINTY
d060da89dfc35acb6bc5676d9f8b4439cbc1654ea26ad3aff2eec4e1cb6f918b,JUNCTIONS,30443,beauty_plus_antibeauty_constituent_count,raw_count,count,0x0.0p+0,AVAILABLE,WITHHELD_UNCERTAINTY
3f392029bdff499c097d0644f36c87d1b3009ae9431ecf12d38740379f9addb8,MONASH,30443,beauty_plus_antibeauty_constituent_count,raw_count,count,0x0.0p+0,AVAILABLE,WITHHELD_UNCERTAINTY
f81d687669601a34bb7dcf2aa7cd82e2bc3b2a0dac4e469e28d345f9a29ff0d5,CLOSEPACKING,30443,beauty_plus_antibeauty_constituent_count,raw_weighted_sum,weighted_count,0x0.0p+0,AVAILABLE,WITHHELD_UNCERTAINTY
e415ad2bd41b891a791c3388351366b682ea48650b16dafea28b2f2ddc35262d,JUNCTIONS,30443,beauty_plus_antibeauty_constituent_count,raw_weighted_sum,weighted_count,0x0.0p+0,AVAILABLE,WITHHELD_UNCERTAINTY
44f1b4f22baff17c00a44f4a4dab133892f3352fc0a7ad1d3a9ef8dd3478130a,MONASH,30443,beauty_plus_antibeauty_constituent_count,raw_weighted_sum,weighted_count,0x0.0p+0,AVAILABLE,WITHHELD_UNCERTAINTY
2b981e93591b58c274b7dc425cf46671d2b72e6205a4d9d4e2a558ef73307c3c,CLOSEPACKING,30443,charm_plus_anticharm_constituent_count,raw_count,count,0x1.2bb0000000000p+14,AVAILABLE,WITHHELD_UNCERTAINTY
8241fc5c5758cd9fc065feb7819b74913b7fc2d7ab243c2ca60484bca61a9ca0,JUNCTIONS,30443,charm_plus_anticharm_constituent_count,raw_count,count,0x1.4078000000000p+14,AVAILABLE,WITHHELD_UNCERTAINTY
c52d7e3a69256638f04cd6e3045d069d7713f82ac189117cd1f8d3c2f816288a,MONASH,30443,charm_plus_anticharm_constituent_count,raw_count,count,0x1.0ba8000000000p+14,AVAILABLE,WITHHELD_UNCERTAINTY
90287dce5c201e1da444dfa84401de4caa185c153ac4590179d931c3641d39cb,CLOSEPACKING,30443,charm_plus_anticharm_constituent_count,raw_weighted_sum,weighted_count,0x1.2bb0000000000p+14,AVAILABLE,WITHHELD_UNCERTAINTY
fd4a8d2b9e0794cf4ce4f5229775f014984421290b8d3ad9d0456d9e46380c2c,JUNCTIONS,30443,charm_plus_anticharm_constituent_count,raw_weighted_sum,weighted_count,0x1.4078000000000p+14,AVAILABLE,WITHHELD_UNCERTAINTY
d2b61b311732ac974e2e2ce34cb0e8e5a7be9fff7fa6fbdc2ef33094e02ac6f4,MONASH,30443,charm_plus_anticharm_constituent_count,raw_weighted_sum,weighted_count,0x1.0ba8000000000p+14,AVAILABLE,WITHHELD_UNCERTAINTY
fed3d6fe1c845806cf6851ce862fec4405d3c487240be148eccb44876162eaff,CLOSEPACKING,30443,hadron_count,normalized_yield,per_event,0x1.923bd746a3528p-14,AVAILABLE,AVAILABLE
f6bc81dc34b134083b5c251c56e816a04bf674323c27b0c7ce71fca1d5ddc69f,JUNCTIONS,30443,hadron_count,normalized_yield,per_event,0x1.ae20395b6b60ap-14,AVAILABLE,AVAILABLE
cd623f3254ccd8de9ad9025374da4d92867c62f6717c933de2f4d21bdc8a72c6,MONASH,30443,hadron_count,normalized_yield,per_event,0x1.673dfcbad121cp-14,AVAILABLE,AVAILABLE
6e4ff29d8c117068f5e35572f387f77179bd1052e61b2fd0cd5d7a0457eff282,CLOSEPACKING,30443,hadron_count,raw_count,count,0x1.2bb0000000000p+13,AVAILABLE,WITHHELD_UNCERTAINTY
4244dd4f949a6ad48590168b9c331fc05036c67b78623731ac73b3ba06e20d10,JUNCTIONS,30443,hadron_count,raw_count,count,0x1.4078000000000p+13,AVAILABLE,WITHHELD_UNCERTAINTY
43970ab65e52a15379e30d24ad3f4e0c681bd185b8f988a52fe1ac4daadad069,MONASH,30443,hadron_count,raw_count,count,0x1.0ba8000000000p+13,AVAILABLE,WITHHELD_UNCERTAINTY
5376cf8d5787c365cd6596e277034e7711c2cf9c383a43174703e325b0e514a4,CLOSEPACKING,30443,hadron_count,raw_weighted_sum,weighted_count,0x1.2bb0000000000p+13,AVAILABLE,WITHHELD_UNCERTAINTY
d54eee83baf76fdd9ee9cd55519ffa55d9b12407d23887cdc4338ee017c494c8,JUNCTIONS,30443,hadron_count,raw_weighted_sum,weighted_count,0x1.4078000000000p+13,AVAILABLE,WITHHELD_UNCERTAINTY
b0e615dcd34ffea2cf37a35a1eccf6fa67873d067bdee0bdfb4979b0b03cff6c,MONASH,30443,hadron_count,raw_weighted_sum,weighted_count,0x1.0ba8000000000p+13,AVAILABLE,WITHHELD_UNCERTAINTY
0fb1df3e3be2d611740b15a038266cd1c33ab3aa45ff30a63bd352dd4e1892bd,CLOSEPACKING,411,beauty_plus_antibeauty_constituent_count,raw_count,count,0x0.0p+0,AVAILABLE,WITHHELD_UNCERTAINTY
930acf21db08975e6785c8fdd8c00522a2eb9301477f22f69b980bb3f9fc3b49,JUNCTIONS,411,beauty_plus_antibeauty_constituent_count,raw_count,count,0x0.0p+0,AVAILABLE,WITHHELD_UNCERTAINTY
3285c61cdd4e13b6254ea203160f0dec2c305f854d7865fcf756905182828015,MONASH,411,beauty_plus_antibeauty_constituent_count,raw_count,count,0x0.0p+0,AVAILABLE,WITHHELD_UNCERTAINTY
287a9f7bab7e0b329ea99f9f70fe6cb1a810550c519648ec6f5d9020c89cd3a8,CLOSEPACKING,411,beauty_plus_antibeauty_constituent_count,raw_weighted_sum,weighted_count,0x0.0p+0,AVAILABLE,WITHHELD_UNCERTAINTY
48dc3fb6ce537fe05d8d0f01c8846330e8497280c798336198d8b28d9d0b8135,JUNCTIONS,411,beauty_plus_antibeauty_constituent_count,raw_weighted_sum,weighted_count,0x0.0p+0,AVAILABLE,WITHHELD_UNCERTAINTY
3984ae34befc0695932ab880d830a73760e1c6df6736a79a1abe2cee799f94f2,MONASH,411,beauty_plus_antibeauty_constituent_count,raw_weighted_sum,weighted_count,0x0.0p+0,AVAILABLE,WITHHELD_UNCERTAINTY
b4564a80082c43ca6d54dec5515db0048a9dc2a5757160dddbccb3cc43251c49,CLOSEPACKING,411,charm_plus_anticharm_constituent_count,raw_count,count,0x1.2fff060000000p+24,AVAILABLE,WITHHELD_UNCERTAINTY
64d98d8ec6c3d9e70bb4d905ff164c60761f0a932d83d9b752ebea41af311469,JUNCTIONS,411,charm_plus_anticharm_constituent_count,raw_count,count,0x1.3379fd0000000p+24,AVAILABLE,WITHHELD_UNCERTAINTY
34f5346b9e417a5405b0864fdb1e62dbf7906b44bc243f5d9dfd5a1c82ec0b81,MONASH,411,charm_plus_anticharm_constituent_count,raw_count,count,0x1.5a9f6d0000000p+24,AVAILABLE,WITHHELD_UNCERTAINTY
72b9724b3dfe78cb7cd614132703cb75f0a9cf801217aba303be4dcbf52409eb,CLOSEPACKING,411,charm_plus_anticharm_constituent_count,raw_weighted_sum,weighted_count,0x1.2fff060000000p+24,AVAILABLE,WITHHELD_UNCERTAINTY
28447c349b7ed78bd3be08bcc2a79423a455518f1c0e486cbb34c6a00dd2e55c,JUNCTIONS,411,charm_plus_anticharm_constituent_count,raw_weighted_sum,weighted_count,0x1.3379fd0000000p+24,AVAILABLE,WITHHELD_UNCERTAINTY
d2445e40c004ab48b917d41b2f1da0338d1aaa69ac5d9377be3584cc840d701e,MONASH,411,charm_plus_anticharm_constituent_count,raw_weighted_sum,weighted_count,0x1.5a9f6d0000000p+24,AVAILABLE,WITHHELD_UNCERTAINTY
44ec93429720cd8eaf67a14ff91f918845e82270b016b36459c91e0fde2f8d1c,CLOSEPACKING,411,hadron_count,normalized_yield,per_event,0x1.98044b3e41da1p-3,AVAILABLE,AVAILABLE
5d3c0855f3c9dbf442867bde700799d2a5d4ef6c8372b5d93e22cc24c7db28c8,JUNCTIONS,411,hadron_count,normalized_yield,per_event,0x1.9cb0206eb56a6p-3,AVAILABLE,AVAILABLE
a437bae0b18cddcf5a045de54a0b3419e71db7e8fd21c423fdc836b7c17513dd,MONASH,411,hadron_count,normalized_yield,per_event,0x1.d13aac235effcp-3,AVAILABLE,AVAILABLE
fe04f10469b7308c58f91c29744c2ae5ddfd56ee759f42206a747a4b213a111a,CLOSEPACKING,411,hadron_count,raw_count,count,0x1.2fff060000000p+24,AVAILABLE,WITHHELD_UNCERTAINTY
b4636435e53058424464b91f1b5343e316736f69dcb0e82ce9161c7e8d2d4e3c,JUNCTIONS,411,hadron_count,raw_count,count,0x1.3379fd0000000p+24,AVAILABLE,WITHHELD_UNCERTAINTY
4e1cccb3a27d9673b08a671d03264411abc571cb31c71596972e92b7b6c1dba3,MONASH,411,hadron_count,raw_count,count,0x1.5a9f6d0000000p+24,AVAILABLE,WITHHELD_UNCERTAINTY
b01bb0c75c6671eaa9d7f9c6e7a2217c17727314e972c29d569ee52d5e002d5a,CLOSEPACKING,411,hadron_count,raw_weighted_sum,weighted_count,0x1.2fff060000000p+24,AVAILABLE,WITHHELD_UNCERTAINTY
aecbd7ccee0192e35a1a000d3c3639f39a47e09e5d7da302d75922a033e9d89e,JUNCTIONS,411,hadron_count,raw_weighted_sum,weighted_count,0x1.3379fd0000000p+24,AVAILABLE,WITHHELD_UNCERTAINTY
6047f61cd599bf1d78bf0c8bc34217c813bca76ddbb2a6f2aa3c0579b96fc673,MONASH,411,hadron_count,raw_weighted_sum,weighted_count,0x1.5a9f6d0000000p+24,AVAILABLE,WITHHELD_UNCERTAINTY
01310882bed9f075f47b2c425bee89529763281932e337ad44ba6dd24deadebb,CLOSEPACKING,4112,beauty_plus_antibeauty_constituent_count,raw_count,count,0x0.0p+0,AVAILABLE,WITHHELD_UNCERTAINTY
5ed531b5ddb587f7123c52f8bb073383cc019d79848ad45ba8a359a7265b2769,JUNCTIONS,4112,beauty_plus_antibeauty_constituent_count,raw_count,count,0x0.0p+0,AVAILABLE,WITHHELD_UNCERTAINTY
981159c4a81007878bbb37b3449a84535279f81a9991457d12ff64195e85ecdf,MONASH,4112,beauty_plus_antibeauty_constituent_count,raw_count,count,0x0.0p+0,AVAILABLE,WITHHELD_UNCERTAINTY
b5bf539d736b78e2c41159e5392600d909a05f7f6e9e5f823f7f01e0b02188dc,CLOSEPACKING,4112,beauty_plus_antibeauty_constituent_count,raw_weighted_sum,weighted_count,0x0.0p+0,AVAILABLE,WITHHELD_UNCERTAINTY
2541751dd1cdca71c48b945a2d473f6b3b627fd229021960db69b34cab8a0a63,JUNCTIONS,4112,beauty_plus_antibeauty_constituent_count,raw_weighted_sum,weighted_count,0x0.0p+0,AVAILABLE,WITHHELD_UNCERTAINTY
36d1d8ce38dbd2ce1cb5617866107e39b1f1db86dc04925f8af2385f3570a24f,MONASH,4112,beauty_plus_antibeauty_constituent_count,raw_weighted_sum,weighted_count,0x0.0p+0,AVAILABLE,WITHHELD_UNCERTAINTY
ff13259252c6d8c9b8088d40df5fa438f2edf737265793b3cb506ed359d880ef,CLOSEPACKING,4112,charm_plus_anticharm_constituent_count,raw_count,count,0x1.c66dd00000000p+20,AVAILABLE,WITHHELD_UNCERTAINTY
a90c9f9686cdf433ddc1bfa6279e3f841301e36d9ef0ed8390841bbdfec9e14c,JUNCTIONS,4112,charm_plus_anticharm_constituent_count,raw_count,count,0x1.92b1a00000000p+21,AVAILABLE,WITHHELD_UNCERTAINTY
0c45d91c42f5a808decfa19a45dd94c2132b9e0e0c511e9d7a6642102f77b4b7,MONASH,4112,charm_plus_anticharm_constituent_count,raw_count,count,0x1.45ca800000000p+17,AVAILABLE,WITHHELD_UNCERTAINTY
ff59772b0556233d066b9ad2e02aff23a7e5af35a033cfb2cbb3f255322ddc3e,CLOSEPACKING,4112,charm_plus_anticharm_constituent_count,raw_weighted_sum,weighted_count,0x1.c66dd00000000p+20,AVAILABLE,WITHHELD_UNCERTAINTY
ef346e58693b80d31774078ff63aaaed9f5b2ca9d012ab98a09691cfeda943cd,JUNCTIONS,4112,charm_plus_anticharm_constituent_count,raw_weighted_sum,weighted_count,0x1.92b1a00000000p+21,AVAILABLE,WITHHELD_UNCERTAINTY
72f2cf33cdd07e2b9cf7ffbe251e3d8edd5b54951190f9bcf09d02135ed4c221,MONASH,4112,charm_plus_anticharm_constituent_count,raw_weighted_sum,weighted_count,0x1.45ca800000000p+17,AVAILABLE,WITHHELD_UNCERTAINTY
452cb56b8815ed938ad689a318e6a4d12d39e0a909e8ad784d2ccdb32607c139,CLOSEPACKING,4112,hadron_count,normalized_yield,per_event,0x1.30f64ccde3f91p-6,AVAILABLE,AVAILABLE
3d46634ced5ac9bdb2131a3d3f7f3e853d8871ba8e3f475989e31ce1fb5f9762,JUNCTIONS,4112,hadron_count,normalized_yield,per_event,0x1.0e3e46b79f691p-5,AVAILABLE,AVAILABLE
667121c6f8d5f2714d907885beb3c8a11a3a02c683b8cf522d146448d17b730c,MONASH,4112,hadron_count,normalized_yield,per_event,0x1.b544f0cad8d6cp-10,AVAILABLE,AVAILABLE
f6fccee46b91cfa79faef254c89fd6e1ee2759c576c2ff1e689527db6952acc2,CLOSEPACKING,4112,hadron_count,raw_count,count,0x1.c66dd00000000p+20,AVAILABLE,WITHHELD_UNCERTAINTY
3e84de9e15842be008cae7ea304eb72949acf8312f6fb9c432dff2433ba45520,JUNCTIONS,4112,hadron_count,raw_count,count,0x1.92b1a00000000p+21,AVAILABLE,WITHHELD_UNCERTAINTY
bba0b4ab0299dd1eeefff2e2d4ed89ff70e903770e16c81fec23562c50094c86,MONASH,4112,hadron_count,raw_count,count,0x1.45ca800000000p+17,AVAILABLE,WITHHELD_UNCERTAINTY
ed168ba6eccbe4cf891e1b497a1ab238a4ad7fc83ae7c900fe7b2cdc769e0418,CLOSEPACKING,4112,hadron_count,raw_weighted_sum,weighted_count,0x1.c66dd00000000p+20,AVAILABLE,WITHHELD_UNCERTAINTY
d8adc144d4de54c3f23d011d7618567cc9cb354a903817eee4a95e4feced8244,JUNCTIONS,4112,hadron_count,raw_weighted_sum,weighted_count,0x1.92b1a00000000p+21,AVAILABLE,WITHHELD_UNCERTAINTY
732b07f9158eac348037b1ce88a4ee74b5e562b69218bd09327048bd20dd49fd,MONASH,4112,hadron_count,raw_weighted_sum,weighted_count,0x1.45ca800000000p+17,AVAILABLE,WITHHELD_UNCERTAINTY
38d466102bdc72b6084a2df0113bdef00f038d3245d07ab4da5bb5f5faaa823c,CLOSEPACKING,4114,beauty_plus_antibeauty_constituent_count,raw_count,count,0x0.0p+0,AVAILABLE,WITHHELD_UNCERTAINTY
bde912afa64e5eab43ed7724e8bcbcbecedc846fba2046544aa266b1488542de,JUNCTIONS,4114,beauty_plus_antibeauty_constituent_count,raw_count,count,0x0.0p+0,AVAILABLE,WITHHELD_UNCERTAINTY
3464c79feb16e693f6cfa27d03f3b50250d2fbbcf51882bb158203ffb81c8068,MONASH,4114,beauty_plus_antibeauty_constituent_count,raw_count,count,0x0.0p+0,AVAILABLE,WITHHELD_UNCERTAINTY
e0d8ccd54c660eef740ac73e9555fd2a99633373bdc355ebe3c1ccc20c594529,CLOSEPACKING,4114,beauty_plus_antibeauty_constituent_count,raw_weighted_sum,weighted_count,0x0.0p+0,AVAILABLE,WITHHELD_UNCERTAINTY
01178deb2acbb05f28e8339894c6a651731883bc485277599d006f650ca399ee,JUNCTIONS,4114,beauty_plus_antibeauty_constituent_count,raw_weighted_sum,weighted_count,0x0.0p+0,AVAILABLE,WITHHELD_UNCERTAINTY
c11971e44e55874c3752de1072f7c2be763f24ed6389dc753436a5cd10365dd7,MONASH,4114,beauty_plus_antibeauty_constituent_count,raw_weighted_sum,weighted_count,0x0.0p+0,AVAILABLE,WITHHELD_UNCERTAINTY
477e269bcf4d37fb3c40c67d73b52e1d31f1c52ef81a38977968ac1b311820bf,CLOSEPACKING,4114,charm_plus_anticharm_constituent_count,raw_count,count,0x1.85a3e00000000p+20,AVAILABLE,WITHHELD_UNCERTAINTY
0ad29eac34ce256d78947954cee4a63ea97b955b2e01af2a667521ed71ed1aec,JUNCTIONS,4114,charm_plus_anticharm_constituent_count,raw_count,count,0x1.0fd4a00000000p+19,AVAILABLE,WITHHELD_UNCERTAINTY
dc75bc6efb8a7794d9a7726ab180fc9b9969736cffef41dce82666a244aa779c,MONASH,4114,charm_plus_anticharm_constituent_count,raw_count,count,0x1.2816400000000p+18,AVAILABLE,WITHHELD_UNCERTAINTY
f489826613e181e4172e8748b73389527affb93c4cc2b6bac420c1b4d3014bc6,CLOSEPACKING,4114,charm_plus_anticharm_constituent_count,raw_weighted_sum,weighted_count,0x1.85a3e00000000p+20,AVAILABLE,WITHHELD_UNCERTAINTY
7e6e0918020ad4c8e721a25614025bffd891c04d93bdb8a47421289fdd6042dc,JUNCTIONS,4114,charm_plus_anticharm_constituent_count,raw_weighted_sum,weighted_count,0x1.0fd4a00000000p+19,AVAILABLE,WITHHELD_UNCERTAINTY
5f8d14c065d178b94a40c12c3c1715ba2406d80832fb13c19f4fb0e2e4b8d658,MONASH,4114,charm_plus_anticharm_constituent_count,raw_weighted_sum,weighted_count,0x1.2816400000000p+18,AVAILABLE,WITHHELD_UNCERTAINTY
4cf3b67fb4649dd616ad555404c00f70ae54b9ba0e37b18ef5ef74b9e672e09b,CLOSEPACKING,4114,hadron_count,normalized_yield,per_event,0x1.057baa70567f4p-6,AVAILABLE,AVAILABLE
163625a50a3584f3abf4e444932d336af4121f055a38f42f84485400fd076306,JUNCTIONS,4114,hadron_count,normalized_yield,per_event,0x1.6cd8457be0204p-8,AVAILABLE,AVAILABLE
04b11ccfde5e8ff971fe593220134b52466d533a8548691780b7b6ae34e3d36e,MONASH,4114,hadron_count,normalized_yield,per_event,0x1.8d66b06334adbp-9,AVAILABLE,AVAILABLE
a7618e517586b8d0a801d3ae9d0c8ac4f218d5a7adb547e06969f022566ed7ab,CLOSEPACKING,4114,hadron_count,raw_count,count,0x1.85a3e00000000p+20,AVAILABLE,WITHHELD_UNCERTAINTY
394527a1824320d2a2f920acecbd0e2bbb2846b19bcf2d689cf6c417b4a8ba76,JUNCTIONS,4114,hadron_count,raw_count,count,0x1.0fd4a00000000p+19,AVAILABLE,WITHHELD_UNCERTAINTY
d4e641a349f7dd637d75b4d90bb86d09b0c67b4ebaf7c3336ff5cc3dcbe7f13d,MONASH,4114,hadron_count,raw_count,count,0x1.2816400000000p+18,AVAILABLE,WITHHELD_UNCERTAINTY
1c731317e567026b8dddc1431fb6f3f39f4d2079001c44144dea379c754c6914,CLOSEPACKING,4114,hadron_count,raw_weighted_sum,weighted_count,0x1.85a3e00000000p+20,AVAILABLE,WITHHELD_UNCERTAINTY
e053a4b816d7ade9ae4fb0b2b288cced2ebb7da076c6eac3005f4ff7a2d65a00,JUNCTIONS,4114,hadron_count,raw_weighted_sum,weighted_count,0x1.0fd4a00000000p+19,AVAILABLE,WITHHELD_UNCERTAINTY
7432c2b40b866fe05d1a1d6429dfe5b6e25c6869c0eb4f89d02800836ce777e4,MONASH,4114,hadron_count,raw_weighted_sum,weighted_count,0x1.2816400000000p+18,AVAILABLE,WITHHELD_UNCERTAINTY
94007b2652b9d6ba27023a3052208a4820536c824a9ebdd2180d02593790a9f7,CLOSEPACKING,4122,beauty_plus_antibeauty_constituent_count,raw_count,count,0x0.0p+0,AVAILABLE,WITHHELD_UNCERTAINTY
3b67ea700e69021e258771f2e1f5c3b3395c402a6b7458cb02273192f5c1a436,JUNCTIONS,4122,beauty_plus_antibeauty_constituent_count,raw_count,count,0x0.0p+0,AVAILABLE,WITHHELD_UNCERTAINTY
e3bdefdd1d8759ed91d934d7b6fcefa9fcf6ec12db0b4f2bb61581d048fa7e81,MONASH,4122,beauty_plus_antibeauty_constituent_count,raw_count,count,0x0.0p+0,AVAILABLE,WITHHELD_UNCERTAINTY
f6361bbbfa7e7a189c1d80515cf8423c32a01bbfdc0e455f8157d7887c6fa4cc,CLOSEPACKING,4122,beauty_plus_antibeauty_constituent_count,raw_weighted_sum,weighted_count,0x0.0p+0,AVAILABLE,WITHHELD_UNCERTAINTY
847c38ea10e19dd2975020f1e90b3df46e6c8de2a4c668c4467e99edc60f5b4b,JUNCTIONS,4122,beauty_plus_antibeauty_constituent_count,raw_weighted_sum,weighted_count,0x0.0p+0,AVAILABLE,WITHHELD_UNCERTAINTY
ee0a83817d7506af309abbebf744a2a1925ac0937f9cfa7d0b12e99b40cb859a,MONASH,4122,beauty_plus_antibeauty_constituent_count,raw_weighted_sum,weighted_count,0x0.0p+0,AVAILABLE,WITHHELD_UNCERTAINTY
e8050ac2501e073fc2c15cea65a4ad16ba91c8ea8a90698fcc412db7c6af803f,CLOSEPACKING,4122,charm_plus_anticharm_constituent_count,raw_count,count,0x1.49dba80000000p+21,AVAILABLE,WITHHELD_UNCERTAINTY
6443979dbf9b2fe7d21793a6f602f2823504051c9ffa7b92326db69e1accc232,JUNCTIONS,4122,charm_plus_anticharm_constituent_count,raw_count,count,0x1.81c5d00000000p+21,AVAILABLE,WITHHELD_UNCERTAINTY
0ef307b348dd36c5c4e98ec1cb6d7bdfbc5be35141120fc18e243b3cf04c06c7,MONASH,4122,charm_plus_anticharm_constituent_count,raw_count,count,0x1.162f380000000p+21,AVAILABLE,WITHHELD_UNCERTAINTY
5c5dcdaeafc2f32c8adb704e44ab76de1a0ba3d8d27d806ff00eb4fb667bd9d9,CLOSEPACKING,4122,charm_plus_anticharm_constituent_count,raw_weighted_sum,weighted_count,0x1.49dba80000000p+21,AVAILABLE,WITHHELD_UNCERTAINTY
5c47146d49eaa652df91570abe2d031e707ff2b6446a62a9f531c6ae5098cc92,JUNCTIONS,4122,charm_plus_anticharm_constituent_count,raw_weighted_sum,weighted_count,0x1.81c5d00000000p+21,AVAILABLE,WITHHELD_UNCERTAINTY
ba92478182ba7ac170ff2c15f62275f9e1332a0496c66a568647bdba7f43cc88,MONASH,4122,charm_plus_anticharm_constituent_count,raw_weighted_sum,weighted_count,0x1.162f380000000p+21,AVAILABLE,WITHHELD_UNCERTAINTY
58cdfb8534cf9d60b073b4386522e82e1604b426417a7a0ebd82a6475019fa53,CLOSEPACKING,4122,hadron_count,normalized_yield,per_event,0x1.baba5b5b1a82ep-6,AVAILABLE,AVAILABLE
02a772eb9f5ebea595db479126893b5fa408c1aebf5a467d87a88aadad827c7d,JUNCTIONS,4122,hadron_count,normalized_yield,per_event,0x1.02e33eff19503p-5,AVAILABLE,AVAILABLE
da6c1cef07a0e15483cdafc717fe1be75597e2af1f67d71d8fd992ff65e458ce,MONASH,4122,hadron_count,normalized_yield,per_event,0x1.755f72d7380abp-6,AVAILABLE,AVAILABLE
5042d9ada3a7359ba5ef5ec0c8c8122a16f1afc0ddea572b1a7623700f66f0d8,CLOSEPACKING,4122,hadron_count,raw_count,count,0x1.49dba80000000p+21,AVAILABLE,WITHHELD_UNCERTAINTY
57c0a879aa7932765681ff76d0e3e0eac68d9718528e56ede3b032dc24ee4a9b,JUNCTIONS,4122,hadron_count,raw_count,count,0x1.81c5d00000000p+21,AVAILABLE,WITHHELD_UNCERTAINTY
9c1408056bf7beb327c6068bbc8086661f6ff7e2009fc2a614f6fd0e12bd34b3,MONASH,4122,hadron_count,raw_count,count,0x1.162f380000000p+21,AVAILABLE,WITHHELD_UNCERTAINTY
01d2cc72a5425fbf3a2354956bc8b2d8b69be68da55869e15879610fcce7ce0c,CLOSEPACKING,4122,hadron_count,raw_weighted_sum,weighted_count,0x1.49dba80000000p+21,AVAILABLE,WITHHELD_UNCERTAINTY
aad8d74ca3bd04d3a54ad37c2c068f0821f17e452a2f5a88ab814062d2c6ae76,JUNCTIONS,4122,hadron_count,raw_weighted_sum,weighted_count,0x1.81c5d00000000p+21,AVAILABLE,WITHHELD_UNCERTAINTY
be93ba117f4e3b762d7eeaec5758e1c1bde460dce70753875dab543933732439,MONASH,4122,hadron_count,raw_weighted_sum,weighted_count,0x1.162f380000000p+21,AVAILABLE,WITHHELD_UNCERTAINTY
44500aaa4eaa1ab92d3816e0ca2a7bc30b67b3d221c8bc3a5bd5a87a45f630cf,CLOSEPACKING,413,beauty_plus_antibeauty_constituent_count,raw_count,count,0x0.0p+0,AVAILABLE,WITHHELD_UNCERTAINTY
6a40f7d8e421a8bd974909dc4e735cbc3627a5ab05dcacf2a14243cdad741015,JUNCTIONS,413,beauty_plus_antibeauty_constituent_count,raw_count,count,0x0.0p+0,AVAILABLE,WITHHELD_UNCERTAINTY
ae81e83e6b3dd923b7aff636c4adc803a35150c8e0fd890c06fbdeeda6606a9d,MONASH,413,beauty_plus_antibeauty_constituent_count,raw_count,count,0x0.0p+0,AVAILABLE,WITHHELD_UNCERTAINTY
db5fd9ace89caa4d289aa35f7da1dccaabcabb2bdcbbfdf0102cf1a4a5af376d,CLOSEPACKING,413,beauty_plus_antibeauty_constituent_count,raw_weighted_sum,weighted_count,0x0.0p+0,AVAILABLE,WITHHELD_UNCERTAINTY
f6b3e7ee29bccd56bafc2bca9ee51bfb59425f4c55dd2b064cebb0dd7c7da498,JUNCTIONS,413,beauty_plus_antibeauty_constituent_count,raw_weighted_sum,weighted_count,0x0.0p+0,AVAILABLE,WITHHELD_UNCERTAINTY
33ddcbcd1e057e307a25eb0fd949a952351168cd5009fe349604239744c21b21,MONASH,413,beauty_plus_antibeauty_constituent_count,raw_weighted_sum,weighted_count,0x0.0p+0,AVAILABLE,WITHHELD_UNCERTAINTY
ba68cc9969d636508e84bd3460d702e184aea2e20b16f4b0773329b94f2c7d9e,CLOSEPACKING,413,charm_plus_anticharm_constituent_count,raw_count,count,0x1.022dcd0000000p+24,AVAILABLE,WITHHELD_UNCERTAINTY
86cd935b31e3379bd7bc14729c78aa652e2423079e4e3afa9f1e600fcd6fa723,JUNCTIONS,413,charm_plus_anticharm_constituent_count,raw_count,count,0x1.065a310000000p+24,AVAILABLE,WITHHELD_UNCERTAINTY
0115ed603e3af9534ac0708f64be7ef9be486af943c620f1004e0ea8b835fb36,MONASH,413,charm_plus_anticharm_constituent_count,raw_count,count,0x1.2db2790000000p+24,AVAILABLE,WITHHELD_UNCERTAINTY
283b2d8d15b39c52992d44bb464bea43c532a9bcbe20b590019c7fae65668a13,CLOSEPACKING,413,charm_plus_anticharm_constituent_count,raw_weighted_sum,weighted_count,0x1.022dcd0000000p+24,AVAILABLE,WITHHELD_UNCERTAINTY
09419e758099a6a7857f14a7a56f2f2c4df4966e7c6924bc19899e585b010c5e,JUNCTIONS,413,charm_plus_anticharm_constituent_count,raw_weighted_sum,weighted_count,0x1.065a310000000p+24,AVAILABLE,WITHHELD_UNCERTAINTY
17cf1975f7575ca7400e0d9616fa14a91784d27736d9950ef53dbf6c7c77ad3a,MONASH,413,charm_plus_anticharm_constituent_count,raw_weighted_sum,weighted_count,0x1.2db2790000000p+24,AVAILABLE,WITHHELD_UNCERTAINTY
50b0ad457f9139e53d42172256a77ff75a68c9ca246aed71e3931e06c550d1ff,CLOSEPACKING,413,hadron_count,normalized_yield,per_event,0x1.5a859906a1afcp-3,AVAILABLE,AVAILABLE
e46a6dd7d4720f7b985c692697e98280d02da630b86a0ea7398d414464c7147b,JUNCTIONS,413,hadron_count,normalized_yield,per_event,0x1.601f913fd8de0p-3,AVAILABLE,AVAILABLE
c711af4840cb11528e8a45aabe3b5abc0a3ce58ae35e5852aa7368ddf639f5bc,MONASH,413,hadron_count,normalized_yield,per_event,0x1.94ee5abc0e38ap-3,AVAILABLE,AVAILABLE
61c7d212114ae9f32bc7e4b1c1eba8448a0c74059673df7f5e3fa3c892578c3a,CLOSEPACKING,413,hadron_count,raw_count,count,0x1.022dcd0000000p+24,AVAILABLE,WITHHELD_UNCERTAINTY
e88ad97ec8f2fc8ecaa652d9b11107eb3ac74ffa15477c0693259d021aeed2a5,JUNCTIONS,413,hadron_count,raw_count,count,0x1.065a310000000p+24,AVAILABLE,WITHHELD_UNCERTAINTY
e9315f6bc785e7106c6fee8fc2d5c2d285fecfac1ef1c67bb1295b41f06edf45,MONASH,413,hadron_count,raw_count,count,0x1.2db2790000000p+24,AVAILABLE,WITHHELD_UNCERTAINTY
50d817feeefde79e2c36e68f7b5542d8e4e44e9803f4b8a09a4b00b9f701ded1,CLOSEPACKING,413,hadron_count,raw_weighted_sum,weighted_count,0x1.022dcd0000000p+24,AVAILABLE,WITHHELD_UNCERTAINTY
54f017c500e9b3ca4ae34c97ff9a92c04fdb1873c4a8a9ac1d01add362aae3f1,JUNCTIONS,413,hadron_count,raw_weighted_sum,weighted_count,0x1.065a310000000p+24,AVAILABLE,WITHHELD_UNCERTAINTY
7a92d569c33a82acde78c2494a763424b2a92fb69532b9aa1b41a34de854f292,MONASH,413,hadron_count,raw_weighted_sum,weighted_count,0x1.2db2790000000p+24,AVAILABLE,WITHHELD_UNCERTAINTY
569cca9d010888fd431c31f5820fda92147abcbfcaf9447f63c2d43b62e0865f,CLOSEPACKING,4132,beauty_plus_antibeauty_constituent_count,raw_count,count,0x0.0p+0,AVAILABLE,WITHHELD_UNCERTAINTY
08ba5e020c55b36301ed873528ae430e447472fccae6fccb7dbe255cc6f56218,JUNCTIONS,4132,beauty_plus_antibeauty_constituent_count,raw_count,count,0x0.0p+0,AVAILABLE,WITHHELD_UNCERTAINTY
79ac29adbbd3d9cf083dd0e4e3f72efe8e12c22afdd4c7dedc1af26a6068a36f,MONASH,4132,beauty_plus_antibeauty_constituent_count,raw_count,count,0x0.0p+0,AVAILABLE,WITHHELD_UNCERTAINTY
c7f70c351fe592ed9c1916860a055968d439106456bd150531756bf2e185d601,CLOSEPACKING,4132,beauty_plus_antibeauty_constituent_count,raw_weighted_sum,weighted_count,0x0.0p+0,AVAILABLE,WITHHELD_UNCERTAINTY
6c0bdf5bdfe5833727758d6ab0b00206e4ef0bc9cacdbcc2d0bc509d956e3e39,JUNCTIONS,4132,beauty_plus_antibeauty_constituent_count,raw_weighted_sum,weighted_count,0x0.0p+0,AVAILABLE,WITHHELD_UNCERTAINTY
3cd3f68d548d0710c8591f829defc933829abc757273a6af0e49b33f5b4e8703,MONASH,4132,beauty_plus_antibeauty_constituent_count,raw_weighted_sum,weighted_count,0x0.0p+0,AVAILABLE,WITHHELD_UNCERTAINTY
dd3f37bff86fd48c9d38449b953cc9fb912e1fd5fbb5f074fb8f962f113d7416,CLOSEPACKING,4132,charm_plus_anticharm_constituent_count,raw_count,count,0x1.3729600000000p+19,AVAILABLE,WITHHELD_UNCERTAINTY
cb2c8eccc99ad901f450b7ee11cbde1d33fde1e9f61040c061b4149b69b2655d,JUNCTIONS,4132,charm_plus_anticharm_constituent_count,raw_count,count,0x1.23fa000000000p+19,AVAILABLE,WITHHELD_UNCERTAINTY
124f2b6b733aac71b5b919f064390fb0b83416439746ba65258e302801752e3a,MONASH,4132,charm_plus_anticharm_constituent_count,raw_count,count,0x1.88c4c00000000p+18,AVAILABLE,WITHHELD_UNCERTAINTY
0b3f4626305f46a89d624600eea0fc0015af225051c6008ee39be62ccd53d249,CLOSEPACKING,4132,charm_plus_anticharm_constituent_count,raw_weighted_sum,weighted_count,0x1.3729600000000p+19,AVAILABLE,WITHHELD_UNCERTAINTY
d2624f6cc3ea7feb10e61cbfb05a3ae55a2eea2675a7327528398b88818ae4eb,JUNCTIONS,4132,charm_plus_anticharm_constituent_count,raw_weighted_sum,weighted_count,0x1.23fa000000000p+19,AVAILABLE,WITHHELD_UNCERTAINTY
4c276973397286e88120542630771c369201bdebf10b1cbb50181bf8edac5379,MONASH,4132,charm_plus_anticharm_constituent_count,raw_weighted_sum,weighted_count,0x1.88c4c00000000p+18,AVAILABLE,WITHHELD_UNCERTAINTY
c303281eb530fa96cb375031a212b100b5562e655c5ae253f565729b6bb79e30,CLOSEPACKING,4132,hadron_count,normalized_yield,per_event,0x1.a1a251a40c8f3p-8,AVAILABLE,AVAILABLE
8b40e5be556cf309bb1da2603d90eda73d2a3efb5c9bdfbf2e13aa83d24264bf,JUNCTIONS,4132,hadron_count,normalized_yield,per_event,0x1.87e2620a612cfp-8,AVAILABLE,AVAILABLE
e02022eced5c0edc625097f3ee38af0613b54867d7f04c3d6f90d8e40268de26,MONASH,4132,hadron_count,normalized_yield,per_event,0x1.07951fb7556c4p-8,AVAILABLE,AVAILABLE
98b2827de238376f5038f3502173f5eb56ac7b790793ae681e18a0c7e4077e87,CLOSEPACKING,4132,hadron_count,raw_count,count,0x1.3729600000000p+19,AVAILABLE,WITHHELD_UNCERTAINTY
0dfc461927fdd459d18369801f1c32ec98742794500bba0ce892d8042903e2a9,JUNCTIONS,4132,hadron_count,raw_count,count,0x1.23fa000000000p+19,AVAILABLE,WITHHELD_UNCERTAINTY
70bce1d4f647f8b7e328897fb36ff8f49f99074c7efcd82a2cd123c2bbc65f09,MONASH,4132,hadron_count,raw_count,count,0x1.88c4c00000000p+18,AVAILABLE,WITHHELD_UNCERTAINTY
26be8f7f865d6f43476d7d236b4602e8eba871aa788656be65813b822584928a,CLOSEPACKING,4132,hadron_count,raw_weighted_sum,weighted_count,0x1.3729600000000p+19,AVAILABLE,WITHHELD_UNCERTAINTY
787727910fedc55f3114ca08053b20be8c5d0a753ebf0560b3341c920d543ecd,JUNCTIONS,4132,hadron_count,raw_weighted_sum,weighted_count,0x1.23fa000000000p+19,AVAILABLE,WITHHELD_UNCERTAINTY
c442929eb5d60515fd333a463f498fa8cf43aa1f2946a9b70d51260ced3bd580,MONASH,4132,hadron_count,raw_weighted_sum,weighted_count,0x1.88c4c00000000p+18,AVAILABLE,WITHHELD_UNCERTAINTY
5349ccb47de04beafb7a5fd9ad2cfc92feb7348554253ebeb8f13aa77bbf3063,CLOSEPACKING,421,beauty_plus_antibeauty_constituent_count,raw_count,count,0x0.0p+0,AVAILABLE,WITHHELD_UNCERTAINTY
214d1617c08115e4f15ac1aa127be4d01b5ff4c941da5285aa05afc08a6fae42,JUNCTIONS,421,beauty_plus_antibeauty_constituent_count,raw_count,count,0x0.0p+0,AVAILABLE,WITHHELD_UNCERTAINTY
37ae7eaf74f336601776552efddb3864c7433f96e01038c88f49897a53d22e63,MONASH,421,beauty_plus_antibeauty_constituent_count,raw_count,count,0x0.0p+0,AVAILABLE,WITHHELD_UNCERTAINTY
fd338551bb247f872f0edc619d1517c0344b9226fca8cdf01f1d27718f1c69e8,CLOSEPACKING,421,beauty_plus_antibeauty_constituent_count,raw_weighted_sum,weighted_count,0x0.0p+0,AVAILABLE,WITHHELD_UNCERTAINTY
f666e41c2b26389f90690a19fcce147db348828f5977d3ba008c82859d91c829,JUNCTIONS,421,beauty_plus_antibeauty_constituent_count,raw_weighted_sum,weighted_count,0x0.0p+0,AVAILABLE,WITHHELD_UNCERTAINTY
dcafa1f5ea6bb6bb3f639d68779ad9f125f6de3d926ff433ba571f3487cc1fb5,MONASH,421,beauty_plus_antibeauty_constituent_count,raw_weighted_sum,weighted_count,0x0.0p+0,AVAILABLE,WITHHELD_UNCERTAINTY
d30b8e123b5929cdf020e2577777452e4518b813b2773cd7136e1d3036cd3135,CLOSEPACKING,421,charm_plus_anticharm_constituent_count,raw_count,count,0x1.3032870000000p+24,AVAILABLE,WITHHELD_UNCERTAINTY
f021f9f327869d473b4e8dd051407a17021fe9c4fce94ef74303d18487b0f012,JUNCTIONS,421,charm_plus_anticharm_constituent_count,raw_count,count,0x1.33e2730000000p+24,AVAILABLE,WITHHELD_UNCERTAINTY
9cbeb62a00ebac8112206d1cb9f5edad068668d6998ddb965fee8b1335b3b387,MONASH,421,charm_plus_anticharm_constituent_count,raw_count,count,0x1.5ad9f00000000p+24,AVAILABLE,WITHHELD_UNCERTAINTY
745cf662ab0806f9b784bfc6ee42f56fe16c88a6260d101dcbb400128d5cbbcd,CLOSEPACKING,421,charm_plus_anticharm_constituent_count,raw_weighted_sum,weighted_count,0x1.3032870000000p+24,AVAILABLE,WITHHELD_UNCERTAINTY
bc5540492ae317596e2a7e161a0828bf42f24230e7a91b12a110e22795da6e76,JUNCTIONS,421,charm_plus_anticharm_constituent_count,raw_weighted_sum,weighted_count,0x1.33e2730000000p+24,AVAILABLE,WITHHELD_UNCERTAINTY
00be1150321485916811c04f4517f7c266e677aa6471088984f1515cc0bd2d55,MONASH,421,charm_plus_anticharm_constituent_count,raw_weighted_sum,weighted_count,0x1.5ad9f00000000p+24,AVAILABLE,WITHHELD_UNCERTAINTY
60e9cb76833df489153b391ca2d13308d4d6d7e22b1d2ba04971dd04c3d4100d,CLOSEPACKING,421,hadron_count,normalized_yield,per_event,0x1.98496bd9c2d48p-3,AVAILABLE,AVAILABLE
cc1c9b56729d09e9899d632c28ddd2512be835cb78b664a5c44df8b7f05ef5c3,JUNCTIONS,421,hadron_count,normalized_yield,per_event,0x1.9d3c54eff16a1p-3,AVAILABLE,AVAILABLE
fffeeaf42d8d241728e7d6ade7725aafbbecb101f1ca1f33ad150f823a7c8b4c,MONASH,421,hadron_count,normalized_yield,per_event,0x1.d189349c94cbbp-3,AVAILABLE,AVAILABLE
a02a6cd445c2838ea6362e4e396232406e4887978d34b0bb5612f5d9063cdbfa,CLOSEPACKING,421,hadron_count,raw_count,count,0x1.3032870000000p+24,AVAILABLE,WITHHELD_UNCERTAINTY
df0e5c9c3b4fd35968e81d4f42a7caa1da0521741abc5fd16d1c066ab725ff1a,JUNCTIONS,421,hadron_count,raw_count,count,0x1.33e2730000000p+24,AVAILABLE,WITHHELD_UNCERTAINTY
7214547a8de4fcb0dc31033ff134225cdedb03f37b02434342a616bb74a6ad2c,MONASH,421,hadron_count,raw_count,count,0x1.5ad9f00000000p+24,AVAILABLE,WITHHELD_UNCERTAINTY
9103051e42f75dcec8750d1f68d83d81c22a18d58c6b66c8ff97a8a6dc380d35,CLOSEPACKING,421,hadron_count,raw_weighted_sum,weighted_count,0x1.3032870000000p+24,AVAILABLE,WITHHELD_UNCERTAINTY
66f55120d3672c430ff4cfa94ff1432830662bc2f06c749b7eedd9b4ea24399a,JUNCTIONS,421,hadron_count,raw_weighted_sum,weighted_count,0x1.33e2730000000p+24,AVAILABLE,WITHHELD_UNCERTAINTY
7dbede6b77b0e2b67d5b3754609e6774bab4ba9357e609ad27d59e8c46f43e21,MONASH,421,hadron_count,raw_weighted_sum,weighted_count,0x1.5ad9f00000000p+24,AVAILABLE,WITHHELD_UNCERTAINTY
7a70fb2650af2a22e03db864b16547baef755b327425fb2ad2695ddfdf1c65e7,CLOSEPACKING,4212,beauty_plus_antibeauty_constituent_count,raw_count,count,0x0.0p+0,AVAILABLE,WITHHELD_UNCERTAINTY
3d725728b89b17ecdc115d5ddcdf5d6d3080a815f6a64c8a983b3d80cfdc50ac,JUNCTIONS,4212,beauty_plus_antibeauty_constituent_count,raw_count,count,0x0.0p+0,AVAILABLE,WITHHELD_UNCERTAINTY
ed1aa028e725ac403c283c0f8336f5b5d23e2b8a3f3651b13391a52f79d2437b,MONASH,4212,beauty_plus_antibeauty_constituent_count,raw_count,count,0x0.0p+0,AVAILABLE,WITHHELD_UNCERTAINTY
21a2c3914b8e5104813be8c99e8827c2b7a25bd34cda2ef6fecffc41a25ac515,CLOSEPACKING,4212,beauty_plus_antibeauty_constituent_count,raw_weighted_sum,weighted_count,0x0.0p+0,AVAILABLE,WITHHELD_UNCERTAINTY
df0a8a60d37277a4eacd2d2eb27b44895deefcf27e8c54e6f96783f420135bd6,JUNCTIONS,4212,beauty_plus_antibeauty_constituent_count,raw_weighted_sum,weighted_count,0x0.0p+0,AVAILABLE,WITHHELD_UNCERTAINTY
541da7f0558488a6f692e2395e1821d0d7b5d3135da8edde9553ef6a048cc09a,MONASH,4212,beauty_plus_antibeauty_constituent_count,raw_weighted_sum,weighted_count,0x0.0p+0,AVAILABLE,WITHHELD_UNCERTAINTY
0bc1d3fd547559db3853cd54bb0bc0ef071f8da544bbbde9b65ebcd6a93af327,CLOSEPACKING,4212,charm_plus_anticharm_constituent_count,raw_count,count,0x1.fa78600000000p+20,AVAILABLE,WITHHELD_UNCERTAINTY
72fba67096089354e92a87882be71386bfc8a30cd1b3763b570f6e0d82f8a90d,JUNCTIONS,4212,charm_plus_anticharm_constituent_count,raw_count,count,0x1.b1c5d00000000p+21,AVAILABLE,WITHHELD_UNCERTAINTY
75ca5aa3ef4dc927332358a7b98781847bceffe1c9b0ac3387df5d86976b10ca,MONASH,4212,charm_plus_anticharm_constituent_count,raw_count,count,0x1.53bf000000000p+17,AVAILABLE,WITHHELD_UNCERTAINTY
c2a9f2190248b63138507367cf191fb04943e1178cb2df1b56d51dbec482b812,CLOSEPACKING,4212,charm_plus_anticharm_constituent_count,raw_weighted_sum,weighted_count,0x1.fa78600000000p+20,AVAILABLE,WITHHELD_UNCERTAINTY
7cffbabe7603e3f82048309031e16b6cd73ab02e7cd4576225d4cbce33769ce4,JUNCTIONS,4212,charm_plus_anticharm_constituent_count,raw_weighted_sum,weighted_count,0x1.b1c5d00000000p+21,AVAILABLE,WITHHELD_UNCERTAINTY
e01859f71bb5b69b09e4b7952f4b8ba11a617976fd21024ed431bfaa7e115344,MONASH,4212,charm_plus_anticharm_constituent_count,raw_weighted_sum,weighted_count,0x1.53bf000000000p+17,AVAILABLE,WITHHELD_UNCERTAINTY
bae9b06215a6a5ca1c8e2fb2cae89e147854804fef3dc95baccbaf29b0b30310,CLOSEPACKING,4212,hadron_count,normalized_yield,per_event,0x1.53e2eb9d1c85fp-6,AVAILABLE,AVAILABLE
e2ac3156cb39f9c2071b9cdf9fb498e0ea6fe3156aae22247d6dd7504c555872,JUNCTIONS,4212,hadron_count,normalized_yield,per_event,0x1.2319955262229p-5,AVAILABLE,AVAILABLE
c4ffa51d0ab273a1b8d8084c84e7ee5806a2654ab70fb6f8afb4a2690518a340,MONASH,4212,hadron_count,normalized_yield,per_event,0x1.c7ffde7210be9p-10,AVAILABLE,AVAILABLE
1e373a0f3309fc165f2c62e744eecab9c624624e1bf91ff94a1379b99a3aed21,CLOSEPACKING,4212,hadron_count,raw_count,count,0x1.fa78600000000p+20,AVAILABLE,WITHHELD_UNCERTAINTY
f1b988e190deafef76dcafddcf926e85fda27cdde70828d8b07085b3c8d4b903,JUNCTIONS,4212,hadron_count,raw_count,count,0x1.b1c5d00000000p+21,AVAILABLE,WITHHELD_UNCERTAINTY
5874d81bf87b05e15083f3ec0821d12e78924e4c9998b3a6eaa4a880d9e54623,MONASH,4212,hadron_count,raw_count,count,0x1.53bf000000000p+17,AVAILABLE,WITHHELD_UNCERTAINTY
3a568a7be36fd8a4f375d6bfebd754fdc4fc018cd5890e9841af55bc803562bd,CLOSEPACKING,4212,hadron_count,raw_weighted_sum,weighted_count,0x1.fa78600000000p+20,AVAILABLE,WITHHELD_UNCERTAINTY
156d0e3c84d168acb869781ec61331917c4f6ebe48e4d84053c8521803b7ad7d,JUNCTIONS,4212,hadron_count,raw_weighted_sum,weighted_count,0x1.b1c5d00000000p+21,AVAILABLE,WITHHELD_UNCERTAINTY
501b00a0d6601031373228031f9d4f735cbd406990ae5f09eb5be9b335b55227,MONASH,4212,hadron_count,raw_weighted_sum,weighted_count,0x1.53bf000000000p+17,AVAILABLE,WITHHELD_UNCERTAINTY
8799585eb74a153c8f17fafbb2984eb658a04f1f83f6ca2a638d15aec1a838ae,CLOSEPACKING,4214,beauty_plus_antibeauty_constituent_count,raw_count,count,0x0.0p+0,AVAILABLE,WITHHELD_UNCERTAINTY
d8ceaa3369fe7b8245df62ac3e6d48544dcc4a3fe93f26d9f40be74c39af49aa,JUNCTIONS,4214,beauty_plus_antibeauty_constituent_count,raw_count,count,0x0.0p+0,AVAILABLE,WITHHELD_UNCERTAINTY
3abf3306cb79da9252d0c43c8c3082b919400b71fb6108eefb625283edd3a060,MONASH,4214,beauty_plus_antibeauty_constituent_count,raw_count,count,0x0.0p+0,AVAILABLE,WITHHELD_UNCERTAINTY
d3287a2102a7931a0da442346988a486629982db5e09142fba0168159dafea72,CLOSEPACKING,4214,beauty_plus_antibeauty_constituent_count,raw_weighted_sum,weighted_count,0x0.0p+0,AVAILABLE,WITHHELD_UNCERTAINTY
0504d5452923be263e96a1761b51155c4e561498e0d99f34c4ce32f0b9189608,JUNCTIONS,4214,beauty_plus_antibeauty_constituent_count,raw_weighted_sum,weighted_count,0x0.0p+0,AVAILABLE,WITHHELD_UNCERTAINTY
cbc47f3f071b98644cb184a2cc8a6e3149f17ab37cacb00ec546ead6c4a873cb,MONASH,4214,beauty_plus_antibeauty_constituent_count,raw_weighted_sum,weighted_count,0x0.0p+0,AVAILABLE,WITHHELD_UNCERTAINTY
a9760c0362a12435906f6b9466d45ed8edea007e3c283b01fe2fc9322b5ab0ef,CLOSEPACKING,4214,charm_plus_anticharm_constituent_count,raw_count,count,0x1.bdf3000000000p+20,AVAILABLE,WITHHELD_UNCERTAINTY
13eb3fb7894c39f160aa0127cc032889751210c72f0391ea2e05e36dbe0f892a,JUNCTIONS,4214,charm_plus_anticharm_constituent_count,raw_count,count,0x1.1053600000000p+19,AVAILABLE,WITHHELD_UNCERTAINTY
28c45cca0efcbdfed496b1321ee250ff2f90374002eda11471a0302a597573df,MONASH,4214,charm_plus_anticharm_constituent_count,raw_count,count,0x1.345ac00000000p+18,AVAILABLE,WITHHELD_UNCERTAINTY
94e03a4e41c26809a6250fa9ebc1fa607938613c1e87987033527c96341a8f46,CLOSEPACKING,4214,charm_plus_anticharm_constituent_count,raw_weighted_sum,weighted_count,0x1.bdf3000000000p+20,AVAILABLE,WITHHELD_UNCERTAINTY
61ed081e59321435b3534eeac4b7edf64ac0484b0e9fea2cb378afcd0fe0d096,JUNCTIONS,4214,charm_plus_anticharm_constituent_count,raw_weighted_sum,weighted_count,0x1.1053600000000p+19,AVAILABLE,WITHHELD_UNCERTAINTY
b509bc066d137544378a57cd64cc55767d9a3650bec5b200509283ad3d0b0f74,MONASH,4214,charm_plus_anticharm_constituent_count,raw_weighted_sum,weighted_count,0x1.345ac00000000p+18,AVAILABLE,WITHHELD_UNCERTAINTY
6c8d8d758f41df93d0803683c9d0f20ef2c289d99907717cb035504b197e806c,CLOSEPACKING,4214,hadron_count,normalized_yield,per_event,0x1.2b457e0e78bebp-6,AVAILABLE,AVAILABLE
23fd078762824f04b24155158497d9b99bf758404bbd0440b2387b2d1253b4b0,JUNCTIONS,4214,hadron_count,normalized_yield,per_event,0x1.6d826473c7f8dp-8,AVAILABLE,AVAILABLE
24dac9d9e9c3592ddc885ed81b9737f7acd94d1476f6cb894fcd14a5a5e958d4,MONASH,4214,hadron_count,normalized_yield,per_event,0x1.9dddcbf89176bp-9,AVAILABLE,AVAILABLE
ae557099f56a48b2404c00347c31738a44f2611b0a52bbb60a7b3c809362a7bc,CLOSEPACKING,4214,hadron_count,raw_count,count,0x1.bdf3000000000p+20,AVAILABLE,WITHHELD_UNCERTAINTY
74d32e8a55f5b8dd84baa6e7cef5553769aeb1de2f0a1821e89813039a7aa4d7,JUNCTIONS,4214,hadron_count,raw_count,count,0x1.1053600000000p+19,AVAILABLE,WITHHELD_UNCERTAINTY
8511516c89e21e7e691c8dce57dacee4829677e92a975a87be9b87881ce18b44,MONASH,4214,hadron_count,raw_count,count,0x1.345ac00000000p+18,AVAILABLE,WITHHELD_UNCERTAINTY
4f54487cec7e735766690dfd0338ab28da5173718b8a56fea8aa1bda2968649b,CLOSEPACKING,4214,hadron_count,raw_weighted_sum,weighted_count,0x1.bdf3000000000p+20,AVAILABLE,WITHHELD_UNCERTAINTY
9282dcec8c124f27756fbe58d357a0e52cbff8988386270102e0587baea00f00,JUNCTIONS,4214,hadron_count,raw_weighted_sum,weighted_count,0x1.1053600000000p+19,AVAILABLE,WITHHELD_UNCERTAINTY
4364cf4d87840718738d5975304670829d8b4be19ace6bdfd2381d5b4fa1087b,MONASH,4214,hadron_count,raw_weighted_sum,weighted_count,0x1.345ac00000000p+18,AVAILABLE,WITHHELD_UNCERTAINTY
a04e7f6e916d9d3b6b3695e39fb7b97b7185c299e51c1965b6cec736779ccb83,CLOSEPACKING,4222,beauty_plus_antibeauty_constituent_count,raw_count,count,0x0.0p+0,AVAILABLE,WITHHELD_UNCERTAINTY
7181fe57aa630fe8473df5bc4c4530badebe5c50abc13636d1a58e13ec3dd5e2,JUNCTIONS,4222,beauty_plus_antibeauty_constituent_count,raw_count,count,0x0.0p+0,AVAILABLE,WITHHELD_UNCERTAINTY
6e16ca899df6c07eecbf7d0433bdb6e0b2ec46ecab38e9ec140ae13f8b710467,MONASH,4222,beauty_plus_antibeauty_constituent_count,raw_count,count,0x0.0p+0,AVAILABLE,WITHHELD_UNCERTAINTY
7862235fdc6452709b479a22434d9e56c4a961f2693424cc1eacf58cc9f7ddf3,CLOSEPACKING,4222,beauty_plus_antibeauty_constituent_count,raw_weighted_sum,weighted_count,0x0.0p+0,AVAILABLE,WITHHELD_UNCERTAINTY
e386fa2938d613bd2f83c74c2804552d1d7917d03f28087871488845db5d72ee,JUNCTIONS,4222,beauty_plus_antibeauty_constituent_count,raw_weighted_sum,weighted_count,0x0.0p+0,AVAILABLE,WITHHELD_UNCERTAINTY
38c5ab75ac39c5ca412bee2eb3b388be87ff0016beb744e249616a01f9af7d5c,MONASH,4222,beauty_plus_antibeauty_constituent_count,raw_weighted_sum,weighted_count,0x0.0p+0,AVAILABLE,WITHHELD_UNCERTAINTY
6bd02401c53f3aab3989e68c753c289273361ed77970816e1d4951a89a3d923a,CLOSEPACKING,4222,charm_plus_anticharm_constituent_count,raw_count,count,0x1.cf3a700000000p+20,AVAILABLE,WITHHELD_UNCERTAINTY
6e6b8f51f3deebbad66d99b159f8dbcd7e59a3a557fb7e8924fd4052f414c5e7,JUNCTIONS,4222,charm_plus_anticharm_constituent_count,raw_count,count,0x1.9b68380000000p+21,AVAILABLE,WITHHELD_UNCERTAINTY
df41ad0d916581bd5171766d5547d5bc5d77dcd02deb8f436acdde27b99e2da3,MONASH,4222,charm_plus_anticharm_constituent_count,raw_count,count,0x1.646e000000000p+17,AVAILABLE,WITHHELD_UNCERTAINTY
ebf723951cf2b85255ff19335e2d2db8bd9bfa9bffd7dfa7d5e99434b0accbc9,CLOSEPACKING,4222,charm_plus_anticharm_constituent_count,raw_weighted_sum,weighted_count,0x1.cf3a700000000p+20,AVAILABLE,WITHHELD_UNCERTAINTY
2e6857f3fff346ce82a8b1664b09105ed5ca744f7488c2aeb99154912edc2591,JUNCTIONS,4222,charm_plus_anticharm_constituent_count,raw_weighted_sum,weighted_count,0x1.9b68380000000p+21,AVAILABLE,WITHHELD_UNCERTAINTY
242e1a72bc4a7d0f23083b9d1d41007c8505db1bc3e234be5440a3f20cc55f4e,MONASH,4222,charm_plus_anticharm_constituent_count,raw_weighted_sum,weighted_count,0x1.646e000000000p+17,AVAILABLE,WITHHELD_UNCERTAINTY
6eed9663f094aacbff4a6766de0bbf7da6794641e51c8d3a6c7d0babcda919de,CLOSEPACKING,4222,hadron_count,normalized_yield,per_event,0x1.36de02d51c7c9p-6,AVAILABLE,AVAILABLE
4ccd899b64e11426caa5e9ccb38e8e15faadb365584da4b988aaf752c994109b,JUNCTIONS,4222,hadron_count,normalized_yield,per_event,0x1.141733ce38b2ap-5,AVAILABLE,AVAILABLE
b5f5e3797e2ac6f38392e792cd4ef2bd41182f1a6586b3777bdc7ab075fa7dc0,MONASH,4222,hadron_count,normalized_yield,per_event,0x1.de644edf0b3ddp-10,AVAILABLE,AVAILABLE
61b6c0290f54344cd57351e25d25182a21c22eefa198c542e4a0cc494c222f26,CLOSEPACKING,4222,hadron_count,raw_count,count,0x1.cf3a700000000p+20,AVAILABLE,WITHHELD_UNCERTAINTY
4de719059e0889735db8955b973f8cc7f5fda59483c2b1da76f8c94964dc37d7,JUNCTIONS,4222,hadron_count,raw_count,count,0x1.9b68380000000p+21,AVAILABLE,WITHHELD_UNCERTAINTY
1270b2ce94143c16f5d8092310d41d886207029ebdbf2bf0fde747013be01168,MONASH,4222,hadron_count,raw_count,count,0x1.646e000000000p+17,AVAILABLE,WITHHELD_UNCERTAINTY
9ac75f2a3bc5d3ee606ae66d9a96882115eae6e98eb30c9377f8a5f799e56655,CLOSEPACKING,4222,hadron_count,raw_weighted_sum,weighted_count,0x1.cf3a700000000p+20,AVAILABLE,WITHHELD_UNCERTAINTY
c7a678db8f63ef0b54eee7bc9de804d899479e14d4f3929202e08d0ccc7344cf,JUNCTIONS,4222,hadron_count,raw_weighted_sum,weighted_count,0x1.9b68380000000p+21,AVAILABLE,WITHHELD_UNCERTAINTY
4926af1dbfebc82986ef7f04c238e3d373ad5784103f7f4336282cd4972bfec0,MONASH,4222,hadron_count,raw_weighted_sum,weighted_count,0x1.646e000000000p+17,AVAILABLE,WITHHELD_UNCERTAINTY
d0dd8cee2108510f9f2454785bd9c1977b4ff71033abcb2e93e1bb428f5c7749,CLOSEPACKING,4224,beauty_plus_antibeauty_constituent_count,raw_count,count,0x0.0p+0,AVAILABLE,WITHHELD_UNCERTAINTY
68cb007a6afb9a720f4aecd18531a4fe91daa84ff8ebf986e6a5f6a2ca47ef3a,JUNCTIONS,4224,beauty_plus_antibeauty_constituent_count,raw_count,count,0x0.0p+0,AVAILABLE,WITHHELD_UNCERTAINTY
facc64c5f8a016735c90a5a9b062261bc9835c92b39dae70480e85e1274477fa,MONASH,4224,beauty_plus_antibeauty_constituent_count,raw_count,count,0x0.0p+0,AVAILABLE,WITHHELD_UNCERTAINTY
5c1e1c582758a530e17eeb6de0d465c96d8d6b7ba0f6f4cb8ec79f7f133bcf2c,CLOSEPACKING,4224,beauty_plus_antibeauty_constituent_count,raw_weighted_sum,weighted_count,0x0.0p+0,AVAILABLE,WITHHELD_UNCERTAINTY
cd8b6903e993f84bce9aab1ee10ca6b90b67d44635ade621b9b7640532919bbb,JUNCTIONS,4224,beauty_plus_antibeauty_constituent_count,raw_weighted_sum,weighted_count,0x0.0p+0,AVAILABLE,WITHHELD_UNCERTAINTY
ed98a3aa38903dabc4ca45073f1a38d55bfc81881ce3f21d18280a82af756769,MONASH,4224,beauty_plus_antibeauty_constituent_count,raw_weighted_sum,weighted_count,0x0.0p+0,AVAILABLE,WITHHELD_UNCERTAINTY
7addce5f0b5c5ee278c324c1c2e9e7c63a7b678349611eaf3a95a9d22239871a,CLOSEPACKING,4224,charm_plus_anticharm_constituent_count,raw_count,count,0x1.9249400000000p+20,AVAILABLE,WITHHELD_UNCERTAINTY
3d0bbc034050b32bfc215d427614c78283434d56372ac85ba37b2f4353310028,JUNCTIONS,4224,charm_plus_anticharm_constituent_count,raw_count,count,0x1.1ece400000000p+19,AVAILABLE,WITHHELD_UNCERTAINTY
db3a71bb2e90f98441ee4bc2bd5f4bcba6791e03ed35ab92e5d636f9a20fc70a,MONASH,4224,charm_plus_anticharm_constituent_count,raw_count,count,0x1.477d400000000p+18,AVAILABLE,WITHHELD_UNCERTAINTY
d95e646d84d2a22c99b86864e68a3ca8a50dd3283ace15d99cdc53ffa3edd3d8,CLOSEPACKING,4224,charm_plus_anticharm_constituent_count,raw_weighted_sum,weighted_count,0x1.9249400000000p+20,AVAILABLE,WITHHELD_UNCERTAINTY
17f61977700e6682f626920215f56927c9c9940839b245b196727a4a022a875e,JUNCTIONS,4224,charm_plus_anticharm_constituent_count,raw_weighted_sum,weighted_count,0x1.1ece400000000p+19,AVAILABLE,WITHHELD_UNCERTAINTY
5bff3f09888148615657248d9512082475a1e8e79dcf400054da65d476b0052f,MONASH,4224,charm_plus_anticharm_constituent_count,raw_weighted_sum,weighted_count,0x1.477d400000000p+18,AVAILABLE,WITHHELD_UNCERTAINTY
0a667e798928138a2b51caad7baf902121b683e4ba7e2bd5a315d36fa70efcbf,CLOSEPACKING,4224,hadron_count,normalized_yield,per_event,0x1.0df83b3a93a4cp-6,AVAILABLE,AVAILABLE
37c154b0c84c9252b34d6023013f3062fe90874618b3e26e729df973e29868a9,JUNCTIONS,4224,hadron_count,normalized_yield,per_event,0x1.80f1ad00ff846p-8,AVAILABLE,AVAILABLE
297218c9e5a51a0fa502c78e30eb2a598bcd7cbfa53671aa81f4edb6f2b23f03,MONASH,4224,hadron_count,normalized_yield,per_event,0x1.b78c73c142d5fp-9,AVAILABLE,AVAILABLE
91eb21a7abbac4098c2e267ef941a66784bfc018a25015f5f71ca573b75990ca,CLOSEPACKING,4224,hadron_count,raw_count,count,0x1.9249400000000p+20,AVAILABLE,WITHHELD_UNCERTAINTY
f8612440ddcae5b02862eabc66c23bb4e2e3227cea3f4855932f322ff5dfa550,JUNCTIONS,4224,hadron_count,raw_count,count,0x1.1ece400000000p+19,AVAILABLE,WITHHELD_UNCERTAINTY
6602931152c1367fdfc1dfc2ed9b01a678836cc79dd2ed878354a2e26604ada1,MONASH,4224,hadron_count,raw_count,count,0x1.477d400000000p+18,AVAILABLE,WITHHELD_UNCERTAINTY
202d4bf1c38ccab37e81c4497c5fbd273304b68e290558473871409b25f69a1c,CLOSEPACKING,4224,hadron_count,raw_weighted_sum,weighted_count,0x1.9249400000000p+20,AVAILABLE,WITHHELD_UNCERTAINTY
fa26cfc5dd2f2fa876fb59949828c2fa26d35ad2c266d8e5fbb01f5f444a4525,JUNCTIONS,4224,hadron_count,raw_weighted_sum,weighted_count,0x1.1ece400000000p+19,AVAILABLE,WITHHELD_UNCERTAINTY
0ec08ba4a55b924daed048c81b8827bd943e24a64835f57bf09e48bdd01ec15d,MONASH,4224,hadron_count,raw_weighted_sum,weighted_count,0x1.477d400000000p+18,AVAILABLE,WITHHELD_UNCERTAINTY
7252fb796f9705e71042f208f718ffc0978891d8b7fcbd0a86add126bf968b53,CLOSEPACKING,423,beauty_plus_antibeauty_constituent_count,raw_count,count,0x0.0p+0,AVAILABLE,WITHHELD_UNCERTAINTY
48e28b08251c565086b640cee90acdc1fef79da1cebc4dcd7052b226a43bc001,JUNCTIONS,423,beauty_plus_antibeauty_constituent_count,raw_count,count,0x0.0p+0,AVAILABLE,WITHHELD_UNCERTAINTY
aaf6b836ac1992d9d2a05e17f3a378e8844c13f3e0feba83057722310fe8b59e,MONASH,423,beauty_plus_antibeauty_constituent_count,raw_count,count,0x0.0p+0,AVAILABLE,WITHHELD_UNCERTAINTY
df61ca03101a71786419e5f2dc856865fca96c30de5ffdde206cfebe8124a01f,CLOSEPACKING,423,beauty_plus_antibeauty_constituent_count,raw_weighted_sum,weighted_count,0x0.0p+0,AVAILABLE,WITHHELD_UNCERTAINTY
463e3c51070f080156d21055aa088c8efca5cdf609232b81f7e173222164472a,JUNCTIONS,423,beauty_plus_antibeauty_constituent_count,raw_weighted_sum,weighted_count,0x0.0p+0,AVAILABLE,WITHHELD_UNCERTAINTY
3fcc62e89246ba39d35f5673cc3f20f20add5a3b145bd28f1da1ccecf2a28103,MONASH,423,beauty_plus_antibeauty_constituent_count,raw_weighted_sum,weighted_count,0x0.0p+0,AVAILABLE,WITHHELD_UNCERTAINTY
8b0005d239149b50dcc6fafa04aaec67b330a0e3b5e9eed63346591d0a2ab8a7,CLOSEPACKING,423,charm_plus_anticharm_constituent_count,raw_count,count,0x1.0251b10000000p+24,AVAILABLE,WITHHELD_UNCERTAINTY
5a7a5d0fe137f0b9d4df66f57664f8ba93df34be27a96287147861e736c27832,JUNCTIONS,423,charm_plus_anticharm_constituent_count,raw_count,count,0x1.06736c0000000p+24,AVAILABLE,WITHHELD_UNCERTAINTY
8b3f72079855ba140979c9a591539b487ea43386060e917fdd7948523ec1db49,MONASH,423,charm_plus_anticharm_constituent_count,raw_count,count,0x1.2dad3a0000000p+24,AVAILABLE,WITHHELD_UNCERTAINTY
46843988b1ccc091973044dd9bc9dc0b3fd13979bcfbecf0b01b09b01a654709,CLOSEPACKING,423,charm_plus_anticharm_constituent_count,raw_weighted_sum,weighted_count,0x1.0251b10000000p+24,AVAILABLE,WITHHELD_UNCERTAINTY
d5c9102432f09730df2b64b097882ac6e776a266dd51621d8eda7c969c9269e1,JUNCTIONS,423,charm_plus_anticharm_constituent_count,raw_weighted_sum,weighted_count,0x1.06736c0000000p+24,AVAILABLE,WITHHELD_UNCERTAINTY
50cdc098f701d2d02ceb9c13657749bf4a7b209fca98cacca09f5a37a207a3a7,MONASH,423,charm_plus_anticharm_constituent_count,raw_weighted_sum,weighted_count,0x1.2dad3a0000000p+24,AVAILABLE,WITHHELD_UNCERTAINTY
52ce958960fb34ebc9ec89fac4af7eb9aaac57eff1b873f37ed3f0086e1b277f,CLOSEPACKING,423,hadron_count,normalized_yield,per_event,0x1.5ab5c4f364912p-3,AVAILABLE,AVAILABLE
e0658943094fc5b54db0ff12aa7065c2f8652e5f47323c32ef81e8260dbe9092,JUNCTIONS,423,hadron_count,normalized_yield,per_event,0x1.60416e5f592bfp-3,AVAILABLE,AVAILABLE
87fdf5385d49fffb1985020af114b5f8bf296c05c5e3697e7acffe0f9517a5d4,MONASH,423,hadron_count,normalized_yield,per_event,0x1.94e75030c4eeep-3,AVAILABLE,AVAILABLE
fd78557f571eac15ef8cb03b4fc1f2700cdd4481a5a416d45c98ac6ce4e91d3d,CLOSEPACKING,423,hadron_count,raw_count,count,0x1.0251b10000000p+24,AVAILABLE,WITHHELD_UNCERTAINTY
d6e02dde15d7d3994b4c197f14a265671af8fad2251f73643deb27a08785d923,JUNCTIONS,423,hadron_count,raw_count,count,0x1.06736c0000000p+24,AVAILABLE,WITHHELD_UNCERTAINTY
134cd9fc9d1169fd95ca2e5ad155d2856946d08720f182b84fe563393e1739b2,MONASH,423,hadron_count,raw_count,count,0x1.2dad3a0000000p+24,AVAILABLE,WITHHELD_UNCERTAINTY
b9ca466b3519aa958a086066b176f098bb8d7dfd08d08a3347439ab4740331cd,CLOSEPACKING,423,hadron_count,raw_weighted_sum,weighted_count,0x1.0251b10000000p+24,AVAILABLE,WITHHELD_UNCERTAINTY
b9b414b488eb74b2c4272feb3d4ab510103ffcd0a5305e6a6af9de29375f7510,JUNCTIONS,423,hadron_count,raw_weighted_sum,weighted_count,0x1.06736c0000000p+24,AVAILABLE,WITHHELD_UNCERTAINTY
6eb0b5b3fdce15ac5342a1ebec6ebfbaa6c3955e6266a716aa0bf8f79b07e4d2,MONASH,423,hadron_count,raw_weighted_sum,weighted_count,0x1.2dad3a0000000p+24,AVAILABLE,WITHHELD_UNCERTAINTY
691ebaee042131f06338806d7446c62a40e54a8360f3f867c97d5673e46137b2,CLOSEPACKING,4232,beauty_plus_antibeauty_constituent_count,raw_count,count,0x0.0p+0,AVAILABLE,WITHHELD_UNCERTAINTY
dde9c1988314cf4998d8437d20e87f6183706d5891fe2e37722c7cb51691866a,JUNCTIONS,4232,beauty_plus_antibeauty_constituent_count,raw_count,count,0x0.0p+0,AVAILABLE,WITHHELD_UNCERTAINTY
7b00e01eb4035569bd7f264a786f42962eb7a2f6636298bd777378637b1726f7,MONASH,4232,beauty_plus_antibeauty_constituent_count,raw_count,count,0x0.0p+0,AVAILABLE,WITHHELD_UNCERTAINTY
206327971ed4a5635be42a2dcb3a87b2d13e5295b048417e268e3a7488d9f1b6,CLOSEPACKING,4232,beauty_plus_antibeauty_constituent_count,raw_weighted_sum,weighted_count,0x0.0p+0,AVAILABLE,WITHHELD_UNCERTAINTY
ffd2615f219b1a5adb28b0388d20643eb4e827267de431500b5e4ae291dc9144,JUNCTIONS,4232,beauty_plus_antibeauty_constituent_count,raw_weighted_sum,weighted_count,0x0.0p+0,AVAILABLE,WITHHELD_UNCERTAINTY
b98a3735bf827028ef2b0d8ebdd6accc3557361bd1611e5b39e7f6a7e938b53f,MONASH,4232,beauty_plus_antibeauty_constituent_count,raw_weighted_sum,weighted_count,0x0.0p+0,AVAILABLE,WITHHELD_UNCERTAINTY
9ecb362d3d68d556082cb1370dca604f91431a1c807b4827ddd5a105e07e8615,CLOSEPACKING,4232,charm_plus_anticharm_constituent_count,raw_count,count,0x1.39d6600000000p+19,AVAILABLE,WITHHELD_UNCERTAINTY
6ae9ab15e2edbd598a5b8f5b0bf2433dfb1e7f236a4dcc034b0a27727487bffa,JUNCTIONS,4232,charm_plus_anticharm_constituent_count,raw_count,count,0x1.2689a00000000p+19,AVAILABLE,WITHHELD_UNCERTAINTY
5a22c8d5543a8e7cf97c00db5000e0cf33cbe60a03e144e9bfa7ec0e2fafc146,MONASH,4232,charm_plus_anticharm_constituent_count,raw_count,count,0x1.8bae000000000p+18,AVAILABLE,WITHHELD_UNCERTAINTY
0d333330c8bc52b778ed7390549732bdab9152ed08ca6e34407989be705f230c,CLOSEPACKING,4232,charm_plus_anticharm_constituent_count,raw_weighted_sum,weighted_count,0x1.39d6600000000p+19,AVAILABLE,WITHHELD_UNCERTAINTY
ecdd2fd3d601b70e6b6bb3ac6e43cd83eefab028f596df5af6dc3188347025a6,JUNCTIONS,4232,charm_plus_anticharm_constituent_count,raw_weighted_sum,weighted_count,0x1.2689a00000000p+19,AVAILABLE,WITHHELD_UNCERTAINTY
8f7d22262922f04a2d3eca4a6134175c09450e94e0b95c9c1a9f03efbaae1ff5,MONASH,4232,charm_plus_anticharm_constituent_count,raw_weighted_sum,weighted_count,0x1.8bae000000000p+18,AVAILABLE,WITHHELD_UNCERTAINTY
fdfb42bf26d15e88c9981a29f784ecc1596628fbf52de36d70daae3800b43cd9,CLOSEPACKING,4232,hadron_count,normalized_yield,per_event,0x1.a539b5d9404dap-8,AVAILABLE,AVAILABLE
bda7eddcb52f0ea7fef11d10acd869e7812e300f9d1269fb163c1d5a72a39d6f,JUNCTIONS,4232,hadron_count,normalized_yield,per_event,0x1.8b52591341a64p-8,AVAILABLE,AVAILABLE
b655bf1b09b5b834420cd7afb6ae1e8e61d6725403a47c6820c7cbc76afe0d0e,MONASH,4232,hadron_count,normalized_yield,per_event,0x1.098940b0f52aep-8,AVAILABLE,AVAILABLE
864c25c6a955d74073fac2720d1764101b9006ca2c66a40a378b45ae766b7071,CLOSEPACKING,4232,hadron_count,raw_count,count,0x1.39d6600000000p+19,AVAILABLE,WITHHELD_UNCERTAINTY
0bf41d0e51f503cf9a68ffddcf38e3d20887cf792675fff63b9d8e479e659837,JUNCTIONS,4232,hadron_count,raw_count,count,0x1.2689a00000000p+19,AVAILABLE,WITHHELD_UNCERTAINTY
113234bf9f7e736ec0354d0736bccdcb1ec33cdef7070a8f55b033669f6fba81,MONASH,4232,hadron_count,raw_count,count,0x1.8bae000000000p+18,AVAILABLE,WITHHELD_UNCERTAINTY
74467c6bb11bb7a4b4d266d074b4a99607e04796d62c81d789c0bb816559a5c7,CLOSEPACKING,4232,hadron_count,raw_weighted_sum,weighted_count,0x1.39d6600000000p+19,AVAILABLE,WITHHELD_UNCERTAINTY
0ed1ba0af4a8f28cd3d558876c85b287142e66f3b533f74cd16d007e1cdb03af,JUNCTIONS,4232,hadron_count,raw_weighted_sum,weighted_count,0x1.2689a00000000p+19,AVAILABLE,WITHHELD_UNCERTAINTY
b6e01237a67b17beac2fa30c8b8098048a944a98e14aed598bdb3002067a2820,MONASH,4232,hadron_count,raw_weighted_sum,weighted_count,0x1.8bae000000000p+18,AVAILABLE,WITHHELD_UNCERTAINTY
25d47c1655a00777a068ae69f49d71e830a9605d5f6bfc9a4fcda1cd72923670,CLOSEPACKING,431,beauty_plus_antibeauty_constituent_count,raw_count,count,0x0.0p+0,AVAILABLE,WITHHELD_UNCERTAINTY
3b830f90a8cb3574da86a6e4b8959a6449875cb3cf95740922e221b8ffed4300,JUNCTIONS,431,beauty_plus_antibeauty_constituent_count,raw_count,count,0x0.0p+0,AVAILABLE,WITHHELD_UNCERTAINTY
906635767a461f97870bc554e8ebca9e877a41e347bb2ac35df591bd1813ecb7,MONASH,431,beauty_plus_antibeauty_constituent_count,raw_count,count,0x0.0p+0,AVAILABLE,WITHHELD_UNCERTAINTY
fae034c153bd2c10be5d384b012d645cb35871e5bfe58c54f393827aa6f6ed31,CLOSEPACKING,431,beauty_plus_antibeauty_constituent_count,raw_weighted_sum,weighted_count,0x0.0p+0,AVAILABLE,WITHHELD_UNCERTAINTY
1936389fd4fb5aed727e8a8981fd77d64e28a51a8e6660995439b03aee92c42f,JUNCTIONS,431,beauty_plus_antibeauty_constituent_count,raw_weighted_sum,weighted_count,0x0.0p+0,AVAILABLE,WITHHELD_UNCERTAINTY
a36d147cc94dd906e78331a3c05ac2ff5f79a1b2ec4693824df30c6954d78f5c,MONASH,431,beauty_plus_antibeauty_constituent_count,raw_weighted_sum,weighted_count,0x0.0p+0,AVAILABLE,WITHHELD_UNCERTAINTY
2cab037d1b0c8e5b258f1461cf3c4ace8072467ba5ed1014806fe9dca139f2c3,CLOSEPACKING,431,charm_plus_anticharm_constituent_count,raw_count,count,0x1.1fae300000000p+22,AVAILABLE,WITHHELD_UNCERTAINTY
4ffdaeb46ad3f344741680bd8aa3e3ff99acc16ff61e91d0d0e2cf84896d83ae,JUNCTIONS,431,charm_plus_anticharm_constituent_count,raw_count,count,0x1.eadb980000000p+21,AVAILABLE,WITHHELD_UNCERTAINTY
42d781cb6081539945657b0ef148ebf6fc3839bdef59551d07afa00e6d6dfcc5,MONASH,431,charm_plus_anticharm_constituent_count,raw_count,count,0x1.33caa40000000p+22,AVAILABLE,WITHHELD_UNCERTAINTY
251c9b185bc784ba757e044c7c2834ffe1479c7f49ea42096d87bd0036e10ad6,CLOSEPACKING,431,charm_plus_anticharm_constituent_count,raw_weighted_sum,weighted_count,0x1.1fae300000000p+22,AVAILABLE,WITHHELD_UNCERTAINTY
7a12b6226bfd1e64c45299e64c1e111869a372ab0182bed55babeb758f1aa378,JUNCTIONS,431,charm_plus_anticharm_constituent_count,raw_weighted_sum,weighted_count,0x1.eadb980000000p+21,AVAILABLE,WITHHELD_UNCERTAINTY
f8085a1674417051182f8e20558c2af2a6ff53f17546b4d0a5920a6acbd40b13,MONASH,431,charm_plus_anticharm_constituent_count,raw_weighted_sum,weighted_count,0x1.33caa40000000p+22,AVAILABLE,WITHHELD_UNCERTAINTY
e04d78f326afd853248d6ef410304745b05b7ac785b0a6de26456fbca47355b9,CLOSEPACKING,431,hadron_count,normalized_yield,per_event,0x1.821e3d57cf49dp-5,AVAILABLE,AVAILABLE
53c713ce498d4ca47a0303e1afa3fb548317456b8005d4544c55e4a44c2a408f,JUNCTIONS,431,hadron_count,normalized_yield,per_event,0x1.4968b9d2ca11ep-5,AVAILABLE,AVAILABLE
fc715ecfedb4e628eafec71b33257dc31b836858ae43b61b224db203d6ae53d0,MONASH,431,hadron_count,normalized_yield,per_event,0x1.9d1c605de3b5fp-5,AVAILABLE,AVAILABLE
987c3d3b737924b5c6e6b737e76928ea897b0fa494d3885e2b12af275b4dbeec,CLOSEPACKING,431,hadron_count,raw_count,count,0x1.1fae300000000p+22,AVAILABLE,WITHHELD_UNCERTAINTY
d8db6689f735364759bdc1c0611cc437875fe9901a4ee7e23e4f1d2aa6455f16,JUNCTIONS,431,hadron_count,raw_count,count,0x1.eadb980000000p+21,AVAILABLE,WITHHELD_UNCERTAINTY
545b92d31ac645fa2e8d47dc1ea833143ceaa0e60082c07dc18641e11a3297ca,MONASH,431,hadron_count,raw_count,count,0x1.33caa40000000p+22,AVAILABLE,WITHHELD_UNCERTAINTY
d0750ff40c13cc59c05e69b4588c23fbe49202e0af41bfe9c637eeed7dfbe265,CLOSEPACKING,431,hadron_count,raw_weighted_sum,weighted_count,0x1.1fae300000000p+22,AVAILABLE,WITHHELD_UNCERTAINTY
eac225e25498564ce6efa3333d3f6043d8f8d0835d2028592ada91dce01d5ce6,JUNCTIONS,431,hadron_count,raw_weighted_sum,weighted_count,0x1.eadb980000000p+21,AVAILABLE,WITHHELD_UNCERTAINTY
77ac53bff2512d56bcbc329865e569baa9e431ab99408f053490732c5df38396,MONASH,431,hadron_count,raw_weighted_sum,weighted_count,0x1.33caa40000000p+22,AVAILABLE,WITHHELD_UNCERTAINTY
4a1cad9019adb8ca9e4d92c78a18381b98a9ed68082fcef3addb103b78d3fa06,CLOSEPACKING,4312,beauty_plus_antibeauty_constituent_count,raw_count,count,0x0.0p+0,AVAILABLE,WITHHELD_UNCERTAINTY
29f3e3d9aaeea6d24c185fd825dd45e94757f15982d7035b032095b61814bc17,JUNCTIONS,4312,beauty_plus_antibeauty_constituent_count,raw_count,count,0x0.0p+0,AVAILABLE,WITHHELD_UNCERTAINTY
b50edacc8efbf2cf2c9867cd860aa68eb066904b2ef8c9aede9486b51795c1e9,MONASH,4312,beauty_plus_antibeauty_constituent_count,raw_count,count,0x0.0p+0,AVAILABLE,WITHHELD_UNCERTAINTY
70f6c3848cfbe017b9c601d963fd655159e70b962981d374e8f2443f7ecfec58,CLOSEPACKING,4312,beauty_plus_antibeauty_constituent_count,raw_weighted_sum,weighted_count,0x0.0p+0,AVAILABLE,WITHHELD_UNCERTAINTY
bd2c5f6941b498408ce7b2f3dad89b1c37a49e421b0efe662702dc448d0d5501,JUNCTIONS,4312,beauty_plus_antibeauty_constituent_count,raw_weighted_sum,weighted_count,0x0.0p+0,AVAILABLE,WITHHELD_UNCERTAINTY
7445385c730571955c8c0c7ea73672ac3ece5353064365e2c40618e089317126,MONASH,4312,beauty_plus_antibeauty_constituent_count,raw_weighted_sum,weighted_count,0x0.0p+0,AVAILABLE,WITHHELD_UNCERTAINTY
b93e8cf4a0f5fb02a594b43b2da959b6b5000d0fabdca31e839c29fc1d63c3d3,CLOSEPACKING,4312,charm_plus_anticharm_constituent_count,raw_count,count,0x1.2780e00000000p+19,AVAILABLE,WITHHELD_UNCERTAINTY
de43230f58357d02a105d308744acfade01c473a08f0337f40e042e6f6325ae2,JUNCTIONS,4312,charm_plus_anticharm_constituent_count,raw_count,count,0x1.8a5cc00000000p+19,AVAILABLE,WITHHELD_UNCERTAINTY
1b39e8a2ba4ef36a77c28679a98af734e4ca2ff956e9da643834e3cf9be17b3d,MONASH,4312,charm_plus_anticharm_constituent_count,raw_count,count,0x1.c408000000000p+14,AVAILABLE,WITHHELD_UNCERTAINTY
62dfdb145ef0b182184da1371d75ec9f7f1b5637f6a3caa7e03d9408ff295302,CLOSEPACKING,4312,charm_plus_anticharm_constituent_count,raw_weighted_sum,weighted_count,0x1.2780e00000000p+19,AVAILABLE,WITHHELD_UNCERTAINTY
7a4ea685d99974019b5a98744dd55ef6d9c660dbbcb0e9f724c50790f27c8f3a,JUNCTIONS,4312,charm_plus_anticharm_constituent_count,raw_weighted_sum,weighted_count,0x1.8a5cc00000000p+19,AVAILABLE,WITHHELD_UNCERTAINTY
2b828adaba15ec3f9b5357f665eddc308caa4068542f1aef2d40ec4f2f75c585,MONASH,4312,charm_plus_anticharm_constituent_count,raw_weighted_sum,weighted_count,0x1.c408000000000p+14,AVAILABLE,WITHHELD_UNCERTAINTY
d21362ad60f19ec7ff58d1719fb3055ba502fbcf7ce1cdccef317df04b7d296d,CLOSEPACKING,4312,hadron_count,normalized_yield,per_event,0x1.8c9e338740fc7p-8,AVAILABLE,AVAILABLE
3ca1eaf99edca21d5f941f6c18ec53e1daeba44ee6d2c65ae7e53dee2c40c0cb,JUNCTIONS,4312,hadron_count,normalized_yield,per_event,0x1.08a6ed9519574p-7,AVAILABLE,AVAILABLE
a4bb2297a64dee930fc7b179b92b109d5507f06e952db812696b1132107d9818,MONASH,4312,hadron_count,normalized_yield,per_event,0x1.2f5a609ea648dp-12,AVAILABLE,AVAILABLE
a83d95a09801bccc75b85616c238262e60baee82607bb71b51cd153cedc963b8,CLOSEPACKING,4312,hadron_count,raw_count,count,0x1.2780e00000000p+19,AVAILABLE,WITHHELD_UNCERTAINTY
81ff4850b6e9f948b253210c2b09f796f9feace33b2569b8cf37bc546ffe34ae,JUNCTIONS,4312,hadron_count,raw_count,count,0x1.8a5cc00000000p+19,AVAILABLE,WITHHELD_UNCERTAINTY
82eef523fac3dac0bc3b44b1f538d710dcf26086646d9763d5d824d8a7416936,MONASH,4312,hadron_count,raw_count,count,0x1.c408000000000p+14,AVAILABLE,WITHHELD_UNCERTAINTY
2a841ff690e1c468de2dcd72403a829dfced4d0f4b5464a18c3c54c8de19af70,CLOSEPACKING,4312,hadron_count,raw_weighted_sum,weighted_count,0x1.2780e00000000p+19,AVAILABLE,WITHHELD_UNCERTAINTY
0a80f9f1726aea735277b251342044a87ad0e7c166c026890ebc4075e52680b1,JUNCTIONS,4312,hadron_count,raw_weighted_sum,weighted_count,0x1.8a5cc00000000p+19,AVAILABLE,WITHHELD_UNCERTAINTY
6b72eb0652e4cf0342c19e705f2014e553ca605b4a2bc9830faa87a7001c9a2d,MONASH,4312,hadron_count,raw_weighted_sum,weighted_count,0x1.c408000000000p+14,AVAILABLE,WITHHELD_UNCERTAINTY
cf752d2315525687f9e621569e5a97603c74399a527e1a5933fd5675f46fe253,CLOSEPACKING,4314,beauty_plus_antibeauty_constituent_count,raw_count,count,0x0.0p+0,AVAILABLE,WITHHELD_UNCERTAINTY
cbdbe212d8f6ec4c066809b460cb001562d32adf49153459cf29d38e9964a5cb,JUNCTIONS,4314,beauty_plus_antibeauty_constituent_count,raw_count,count,0x0.0p+0,AVAILABLE,WITHHELD_UNCERTAINTY
df231cb3e4dbda69694a6556a8e2ef6648d35559af39d098b75a84108fcb5c58,MONASH,4314,beauty_plus_antibeauty_constituent_count,raw_count,count,0x0.0p+0,AVAILABLE,WITHHELD_UNCERTAINTY
61defdedcd77e7bfd3448bdbd6fe0fbd71d8c94e8346596a6a1411538800a7de,CLOSEPACKING,4314,beauty_plus_antibeauty_constituent_count,raw_weighted_sum,weighted_count,0x0.0p+0,AVAILABLE,WITHHELD_UNCERTAINTY
eb079c2e450a9320bf50313e144b176a6af6b69770bbd2a46fc4cf2c0a5f7eff,JUNCTIONS,4314,beauty_plus_antibeauty_constituent_count,raw_weighted_sum,weighted_count,0x0.0p+0,AVAILABLE,WITHHELD_UNCERTAINTY
ad5f09aa2eadeca52aaa8467a124253326b29b9c3824cf9673bded2735d5ba74,MONASH,4314,beauty_plus_antibeauty_constituent_count,raw_weighted_sum,weighted_count,0x0.0p+0,AVAILABLE,WITHHELD_UNCERTAINTY
dde2cd11080da2bbf1dfb72062cc91f27deb4b8dfb490ecdfdf60929ce136ec4,CLOSEPACKING,4314,charm_plus_anticharm_constituent_count,raw_count,count,0x1.0da9000000000p+19,AVAILABLE,WITHHELD_UNCERTAINTY
b6cd49e0bd7ff7633da09859d3a58cbd9cde5a4c8838c163d2c27ac8310f1b86,JUNCTIONS,4314,charm_plus_anticharm_constituent_count,raw_count,count,0x1.74a2000000000p+16,AVAILABLE,WITHHELD_UNCERTAINTY
592185f4cc17ae8fde3e0214866eb75e56f32de9899270867e6b52e23290bf72,MONASH,4314,charm_plus_anticharm_constituent_count,raw_count,count,0x1.95d4000000000p+15,AVAILABLE,WITHHELD_UNCERTAINTY
c479c7fff79f6cb1bf3906fd5a8f76bb48495c84b35704f6742608175ca05d4c,CLOSEPACKING,4314,charm_plus_anticharm_constituent_count,raw_weighted_sum,weighted_count,0x1.0da9000000000p+19,AVAILABLE,WITHHELD_UNCERTAINTY
f1c087a84e87c116da442776a0af19b1ef421265fcc95934c43051b74c7b7e47,JUNCTIONS,4314,charm_plus_anticharm_constituent_count,raw_weighted_sum,weighted_count,0x1.74a2000000000p+16,AVAILABLE,WITHHELD_UNCERTAINTY
01c1427888775574a046f2abe2fbd55661742ded84d5ebcd39be2eb031e8e9a8,MONASH,4314,charm_plus_anticharm_constituent_count,raw_weighted_sum,weighted_count,0x1.95d4000000000p+15,AVAILABLE,WITHHELD_UNCERTAINTY
b7f2ed94bf7070ca377235b2b4c51715d33712d1276cc4f546762b2d906f72b7,CLOSEPACKING,4314,hadron_count,normalized_yield,per_event,0x1.69ee863005565p-8,AVAILABLE,AVAILABLE
a82217f4b076ea672c301c74b50372486f81aea3be2d82030dbb63dc694dd9bb,JUNCTIONS,4314,hadron_count,normalized_yield,per_event,0x1.f423a8d19ae7dp-11,AVAILABLE,AVAILABLE
50db98c73cf8387cc8704afb48c1e196bb0ad2c1e74e95bd58209b4d236e2e54,MONASH,4314,hadron_count,normalized_yield,per_event,0x1.1058bdb150f06p-11,AVAILABLE,AVAILABLE
d4ca3300410eb463b5913f8428bac65223fe3e01e26f9444595e5bac3c28467a,CLOSEPACKING,4314,hadron_count,raw_count,count,0x1.0da9000000000p+19,AVAILABLE,WITHHELD_UNCERTAINTY
e2e87203a6e8534ffb53bed49dd97f06b5e27df6742dd6f8ed34658ff67af5f1,JUNCTIONS,4314,hadron_count,raw_count,count,0x1.74a2000000000p+16,AVAILABLE,WITHHELD_UNCERTAINTY
8a1a8fc11ced06c5fcd8f60f3802780d247aca19d54cf87f608d0c26420e11c6,MONASH,4314,hadron_count,raw_count,count,0x1.95d4000000000p+15,AVAILABLE,WITHHELD_UNCERTAINTY
ca30c95535534ff51588964e6ec9462c88a02875b86451ae21cccba9270d08ae,CLOSEPACKING,4314,hadron_count,raw_weighted_sum,weighted_count,0x1.0da9000000000p+19,AVAILABLE,WITHHELD_UNCERTAINTY
2cbc877ca7ff07c9fef40e5984a3f77b95c7fd446a146afb44c2faf13a943046,JUNCTIONS,4314,hadron_count,raw_weighted_sum,weighted_count,0x1.74a2000000000p+16,AVAILABLE,WITHHELD_UNCERTAINTY
c696e84e6282a19053bed08464ee99a164bd7867c018ccc46c06284bce24d834,MONASH,4314,hadron_count,raw_weighted_sum,weighted_count,0x1.95d4000000000p+15,AVAILABLE,WITHHELD_UNCERTAINTY
a9801a1e928ce3450cd930fccd8b06d36d689571abf0f5f79d7f5f3dc1715df8,CLOSEPACKING,4322,beauty_plus_antibeauty_constituent_count,raw_count,count,0x0.0p+0,AVAILABLE,WITHHELD_UNCERTAINTY
8ae087370ac66f4aa548d72d9e80eb59fc1b107f6ab6dc3711c25f70246dd43c,JUNCTIONS,4322,beauty_plus_antibeauty_constituent_count,raw_count,count,0x0.0p+0,AVAILABLE,WITHHELD_UNCERTAINTY
3f39ad0b71c509023edd578621331d10fe205cb5d59d32a12be6c667f9e0a3cc,MONASH,4322,beauty_plus_antibeauty_constituent_count,raw_count,count,0x0.0p+0,AVAILABLE,WITHHELD_UNCERTAINTY
d6b10d9712ecd443b10998ec2473c6397f850beca4fbba50d0b02a968e3e184a,CLOSEPACKING,4322,beauty_plus_antibeauty_constituent_count,raw_weighted_sum,weighted_count,0x0.0p+0,AVAILABLE,WITHHELD_UNCERTAINTY
e182a14d34529d4e9d34f567eefae7a44598c88f46b70bda8136854c9f8d0171,JUNCTIONS,4322,beauty_plus_antibeauty_constituent_count,raw_weighted_sum,weighted_count,0x0.0p+0,AVAILABLE,WITHHELD_UNCERTAINTY
4002a56736115858df6821d6b4a79a79f29942137d61a6f5aabc2080d0ffe10a,MONASH,4322,beauty_plus_antibeauty_constituent_count,raw_weighted_sum,weighted_count,0x0.0p+0,AVAILABLE,WITHHELD_UNCERTAINTY
3c9571367fd2825d3218404a025653ee0db350592cee249f0b567afe03093cbe,CLOSEPACKING,4322,charm_plus_anticharm_constituent_count,raw_count,count,0x1.2979000000000p+19,AVAILABLE,WITHHELD_UNCERTAINTY
b6bb6f550c9ec82cda29728703bff01724b3d383403dc8f99448301bbda42481,JUNCTIONS,4322,charm_plus_anticharm_constituent_count,raw_count,count,0x1.8c7f200000000p+19,AVAILABLE,WITHHELD_UNCERTAINTY
044e2bdf58012fed856226a5dfa47cadda17a4e64771a7eb7dad13008f99f257,MONASH,4322,charm_plus_anticharm_constituent_count,raw_count,count,0x1.d104000000000p+14,AVAILABLE,WITHHELD_UNCERTAINTY
9a512ff52071feac384728a095ceab37a2636d4bf5470ac956a666c06832d99b,CLOSEPACKING,4322,charm_plus_anticharm_constituent_count,raw_weighted_sum,weighted_count,0x1.2979000000000p+19,AVAILABLE,WITHHELD_UNCERTAINTY
1ac33a3c5fed2e839346a234d8a5fa514124da69ad0270ac6260f7ac5e584df8,JUNCTIONS,4322,charm_plus_anticharm_constituent_count,raw_weighted_sum,weighted_count,0x1.8c7f200000000p+19,AVAILABLE,WITHHELD_UNCERTAINTY
8f6a0697db995473e76317c8d64c9ee683473539f178665dde3d2085e442c9d7,MONASH,4322,charm_plus_anticharm_constituent_count,raw_weighted_sum,weighted_count,0x1.d104000000000p+14,AVAILABLE,WITHHELD_UNCERTAINTY
4d5b16f527fdffbc5a6833cd488b88abc5ee174d269aa9f115b7627c36aba137,CLOSEPACKING,4322,hadron_count,normalized_yield,per_event,0x1.8f42d38f33ba1p-8,AVAILABLE,AVAILABLE
02094efb2028bf3879572e21993be88a439b03ddf9c0ca8fa8ac4d203967ad85,JUNCTIONS,4322,hadron_count,normalized_yield,per_event,0x1.0a159817b95a3p-7,AVAILABLE,AVAILABLE
06592163c93e13b0d41c7c00c3c374dfc4227163c0f0878f48cf377e199d8f2a,MONASH,4322,hadron_count,normalized_yield,per_event,0x1.38111378adbbcp-12,AVAILABLE,AVAILABLE
50dc4af3b10843e523458c4c4232ba8828c73334bf9c1d04e1088076fa3826f7,CLOSEPACKING,4322,hadron_count,raw_count,count,0x1.2979000000000p+19,AVAILABLE,WITHHELD_UNCERTAINTY
06c50687f084ae5fdcdd18cb247c95a566b5cf631d9131243ee038c625bcd3ec,JUNCTIONS,4322,hadron_count,raw_count,count,0x1.8c7f200000000p+19,AVAILABLE,WITHHELD_UNCERTAINTY
9e5da36885ac837f22f60676e6b38d5af96566d3dbd7a8420f83b26c0039727b,MONASH,4322,hadron_count,raw_count,count,0x1.d104000000000p+14,AVAILABLE,WITHHELD_UNCERTAINTY
32971d5c7d19aa994728e21c39c88237aea4dce2f01cfaef18a22891923108c1,CLOSEPACKING,4322,hadron_count,raw_weighted_sum,weighted_count,0x1.2979000000000p+19,AVAILABLE,WITHHELD_UNCERTAINTY
96c0a19bb7c4d45250f064458184dc964e35761c8680ce25e789a8064ac26023,JUNCTIONS,4322,hadron_count,raw_weighted_sum,weighted_count,0x1.8c7f200000000p+19,AVAILABLE,WITHHELD_UNCERTAINTY
e583eed8e2d6996c8292d3376e3b1a48546c7f0cfb31c20e6fe771e81f9a28d9,MONASH,4322,hadron_count,raw_weighted_sum,weighted_count,0x1.d104000000000p+14,AVAILABLE,WITHHELD_UNCERTAINTY
0a53342343ab4ba85c1d4f1b731241e66434bfc183bf400327ba986162050c2d,CLOSEPACKING,4324,beauty_plus_antibeauty_constituent_count,raw_count,count,0x0.0p+0,AVAILABLE,WITHHELD_UNCERTAINTY
c90134d733925a1580f7e6ec0862bc97391de1fe7a767266e4a7acda7176889b,JUNCTIONS,4324,beauty_plus_antibeauty_constituent_count,raw_count,count,0x0.0p+0,AVAILABLE,WITHHELD_UNCERTAINTY
459e7eba8d492473e6715bd53222ecd1c78cee84feca6435e02a138a2b8f1f46,MONASH,4324,beauty_plus_antibeauty_constituent_count,raw_count,count,0x0.0p+0,AVAILABLE,WITHHELD_UNCERTAINTY
bfaa2e466271d7758006a2118dc9b25bb12024eb6729f3c27965a017206edf31,CLOSEPACKING,4324,beauty_plus_antibeauty_constituent_count,raw_weighted_sum,weighted_count,0x0.0p+0,AVAILABLE,WITHHELD_UNCERTAINTY
725d3adf29ba1565ee15ad1b5409df20d95e5c5394df68bb658f39b1a0508ab6,JUNCTIONS,4324,beauty_plus_antibeauty_constituent_count,raw_weighted_sum,weighted_count,0x0.0p+0,AVAILABLE,WITHHELD_UNCERTAINTY
f08ac6d4547fed5bac4dacd877752417d27c5622ac649c987a3681abe5256176,MONASH,4324,beauty_plus_antibeauty_constituent_count,raw_weighted_sum,weighted_count,0x0.0p+0,AVAILABLE,WITHHELD_UNCERTAINTY
e98c4e976bc3f9a81ad07c12b57d4d9f426d44e4975fec9b8a52dabe95268073,CLOSEPACKING,4324,charm_plus_anticharm_constituent_count,raw_count,count,0x1.0ecf000000000p+19,AVAILABLE,WITHHELD_UNCERTAINTY
89b32d27c767af2d6bee38c16a90ffb327992b1ad8675409c7b1eddba0650e2b,JUNCTIONS,4324,charm_plus_anticharm_constituent_count,raw_count,count,0x1.7447000000000p+16,AVAILABLE,WITHHELD_UNCERTAINTY
18e462b3881b993caf81991ad53805673a3da32cebc09de64ff15e5acb63ad67,MONASH,4324,charm_plus_anticharm_constituent_count,raw_count,count,0x1.9a46000000000p+15,AVAILABLE,WITHHELD_UNCERTAINTY
5aeb5283afc9cca17ca33d9bb43b68ac58f14d02e709076faab56160989a6d6b,CLOSEPACKING,4324,charm_plus_anticharm_constituent_count,raw_weighted_sum,weighted_count,0x1.0ecf000000000p+19,AVAILABLE,WITHHELD_UNCERTAINTY
e0b65abd8a58773451b589d4678dd8b4137989ebbc7bc5be6f773b0fea380f60,JUNCTIONS,4324,charm_plus_anticharm_constituent_count,raw_weighted_sum,weighted_count,0x1.7447000000000p+16,AVAILABLE,WITHHELD_UNCERTAINTY
c4c40bc5208c6f95c4414bc1ad45b2cf5174ab3bb95bc2524896e76c76f2c477,MONASH,4324,charm_plus_anticharm_constituent_count,raw_weighted_sum,weighted_count,0x1.9a46000000000p+15,AVAILABLE,WITHHELD_UNCERTAINTY
cebb8f7524cf44b891d3f3b3258f300683535f0ca2b42125c473d838a84b222c,CLOSEPACKING,4324,hadron_count,normalized_yield,per_event,0x1.6b791fd181926p-8,AVAILABLE,AVAILABLE
e91e73591262560414c5308cee09ac809c0b5bce8ad826064e1eb322a61dd488,JUNCTIONS,4324,hadron_count,normalized_yield,per_event,0x1.f3a98574f473bp-11,AVAILABLE,AVAILABLE
b2eb2a2645824f5fd350d189b7f75c8fdb7cdad3044b7d4b9681860791ca118d,MONASH,4324,hadron_count,normalized_yield,per_event,0x1.1354709a9cceep-11,AVAILABLE,AVAILABLE
ca26e48631f97f210ddb571bd9573a70c12d3d1b8c59dbfaec80b135e770d77e,CLOSEPACKING,4324,hadron_count,raw_count,count,0x1.0ecf000000000p+19,AVAILABLE,WITHHELD_UNCERTAINTY
37bc9ea1762527ec706ae48d505447e8e6f02100a36edb941e33227ffb351105,JUNCTIONS,4324,hadron_count,raw_count,count,0x1.7447000000000p+16,AVAILABLE,WITHHELD_UNCERTAINTY
a74fbafbb9a511186f044c96dde896a8481a837a5641df69cdae9e68c4f14811,MONASH,4324,hadron_count,raw_count,count,0x1.9a46000000000p+15,AVAILABLE,WITHHELD_UNCERTAINTY
59637e4724b29e1083cc194d5c41c7366f6a512b52bb091fe6a770cc37772664,CLOSEPACKING,4324,hadron_count,raw_weighted_sum,weighted_count,0x1.0ecf000000000p+19,AVAILABLE,WITHHELD_UNCERTAINTY
4806e2ce21aca2df101236037a74210df4c0174c5606304256d6f6c65b1d236a,JUNCTIONS,4324,hadron_count,raw_weighted_sum,weighted_count,0x1.7447000000000p+16,AVAILABLE,WITHHELD_UNCERTAINTY
3a671fdd32d0522a3a172029eb293368530db7239e3003c3cf172c5a8b5cbe84,MONASH,4324,hadron_count,raw_weighted_sum,weighted_count,0x1.9a46000000000p+15,AVAILABLE,WITHHELD_UNCERTAINTY
be577200beee8a166eefbe6449b13ebd68f76ba870ec9ecb09f337215f953259,CLOSEPACKING,433,beauty_plus_antibeauty_constituent_count,raw_count,count,0x0.0p+0,AVAILABLE,WITHHELD_UNCERTAINTY
5b6b08fa8b40ca44689737ebcb55c8a1b553afc609fe9d5c6ab55e4a6200b697,JUNCTIONS,433,beauty_plus_antibeauty_constituent_count,raw_count,count,0x0.0p+0,AVAILABLE,WITHHELD_UNCERTAINTY
dfce81272973e8688d375061d641a5c9f94d403f213788f3b1c1e1d0e9bbcb51,MONASH,433,beauty_plus_antibeauty_constituent_count,raw_count,count,0x0.0p+0,AVAILABLE,WITHHELD_UNCERTAINTY
074f06215639e5d836fb319d82df542f510b0389f41fed8733666836ff5e7740,CLOSEPACKING,433,beauty_plus_antibeauty_constituent_count,raw_weighted_sum,weighted_count,0x0.0p+0,AVAILABLE,WITHHELD_UNCERTAINTY
ab285cea50f9bfe629af9f177368966cc96db5bd5bff4e78482a602ebd2a8903,JUNCTIONS,433,beauty_plus_antibeauty_constituent_count,raw_weighted_sum,weighted_count,0x0.0p+0,AVAILABLE,WITHHELD_UNCERTAINTY
e25fd0ffd8ea7eaef76e2f553e3c7b9f9db70556ec4bbbd582e5b22029503135,MONASH,433,beauty_plus_antibeauty_constituent_count,raw_weighted_sum,weighted_count,0x0.0p+0,AVAILABLE,WITHHELD_UNCERTAINTY
c658d649b55542f60c19425e807b17c1d1b5077412e0210d2441d2048a1693cd,CLOSEPACKING,433,charm_plus_anticharm_constituent_count,raw_count,count,0x1.e464e80000000p+21,AVAILABLE,WITHHELD_UNCERTAINTY
5be31a5f208e835702a00aac24c8c689b1a36315360e20ceedf8b228f4c3483e,JUNCTIONS,433,charm_plus_anticharm_constituent_count,raw_count,count,0x1.a204c80000000p+21,AVAILABLE,WITHHELD_UNCERTAINTY
0a88b557964c3b9c53dd8855437a135bc27f91713d2ff9eca4c67a609c76894d,MONASH,433,charm_plus_anticharm_constituent_count,raw_count,count,0x1.0b519c0000000p+22,AVAILABLE,WITHHELD_UNCERTAINTY
acd47e4e96ababb90181327dd4fc7dee930c39c9ed5b37ddc35b464398b3e3f1,CLOSEPACKING,433,charm_plus_anticharm_constituent_count,raw_weighted_sum,weighted_count,0x1.e464e80000000p+21,AVAILABLE,WITHHELD_UNCERTAINTY
13028cdaf4a755abcf40f6b2d2c186950cf94ace9c8f573ae0138c6f309cc580,JUNCTIONS,433,charm_plus_anticharm_constituent_count,raw_weighted_sum,weighted_count,0x1.a204c80000000p+21,AVAILABLE,WITHHELD_UNCERTAINTY
3cafcffe04e0071b5b1a74a440c3f4addf1a23846831b0abc5147cfd7afdf372,MONASH,433,charm_plus_anticharm_constituent_count,raw_weighted_sum,weighted_count,0x1.0b519c0000000p+22,AVAILABLE,WITHHELD_UNCERTAINTY
1564df6577c9b1f8d95f3e68766ceaf82d65993138831d8cffecc40b41b155c2,CLOSEPACKING,433,hadron_count,normalized_yield,per_event,0x1.451248aced088p-5,AVAILABLE,AVAILABLE
5712553a45588b0480cd9af7894de9c86204c0bc8aa37fdc4a78dce0708d9e0d,JUNCTIONS,433,hadron_count,normalized_yield,per_event,0x1.18870fd433737p-5,AVAILABLE,AVAILABLE
0aeb87dfa910ba4e780efb82d8d703098b1e9e0c183da47f0e628b6d96335cc7,MONASH,433,hadron_count,normalized_yield,per_event,0x1.66ca092314572p-5,AVAILABLE,AVAILABLE
f8dcf2c1a9ee507d2f9baee6af35ebb64e752892cf718006f11dac85a6b6ebca,CLOSEPACKING,433,hadron_count,raw_count,count,0x1.e464e80000000p+21,AVAILABLE,WITHHELD_UNCERTAINTY
92ba3ac98fb9fa8a70916353efe87b8ce960c1f6392b343d1f337193f5405db8,JUNCTIONS,433,hadron_count,raw_count,count,0x1.a204c80000000p+21,AVAILABLE,WITHHELD_UNCERTAINTY
15b40a1419fd24fdc27bb80656aaa1d307c83cd1b3e225edf643ce842f5d3938,MONASH,433,hadron_count,raw_count,count,0x1.0b519c0000000p+22,AVAILABLE,WITHHELD_UNCERTAINTY
0002445f21d906d5d355c3a9fdcb178db17677e451da7be187997801f5e0cca9,CLOSEPACKING,433,hadron_count,raw_weighted_sum,weighted_count,0x1.e464e80000000p+21,AVAILABLE,WITHHELD_UNCERTAINTY
97f7365cf64029f52b9b31e778be046f56429cd8094ae38a4b26ec8ce94eee6f,JUNCTIONS,433,hadron_count,raw_weighted_sum,weighted_count,0x1.a204c80000000p+21,AVAILABLE,WITHHELD_UNCERTAINTY
07addfb2775f9591917ece4f7c52508b3c2d03c53fec2fc8562bda308b15f91e,MONASH,433,hadron_count,raw_weighted_sum,weighted_count,0x1.0b519c0000000p+22,AVAILABLE,WITHHELD_UNCERTAINTY
1375ef46c16e3b645d2c08a5a5490bd8d5e955fde2f5b1906d78aaf1d171d6fa,CLOSEPACKING,4332,beauty_plus_antibeauty_constituent_count,raw_count,count,0x0.0p+0,AVAILABLE,WITHHELD_UNCERTAINTY
1c02663875db302e74a76f33e94d275102cf54cd039bcc6e9c167f2ff292e4ee,JUNCTIONS,4332,beauty_plus_antibeauty_constituent_count,raw_count,count,0x0.0p+0,AVAILABLE,WITHHELD_UNCERTAINTY
86780fb03a827afa5e9f0744ec651a58555738f6482b6e5c3cbe09b049987d90,MONASH,4332,beauty_plus_antibeauty_constituent_count,raw_count,count,0x0.0p+0,AVAILABLE,WITHHELD_UNCERTAINTY
31a81d802819a01c3a17da343598b9cca700198abd3bb7f7b4ebf0193e243f42,CLOSEPACKING,4332,beauty_plus_antibeauty_constituent_count,raw_weighted_sum,weighted_count,0x0.0p+0,AVAILABLE,WITHHELD_UNCERTAINTY
5f2254f17b8557fcf91b13f7e30ecc4ce046f503b47f3fb94d149d8c51aaeb8c,JUNCTIONS,4332,beauty_plus_antibeauty_constituent_count,raw_weighted_sum,weighted_count,0x0.0p+0,AVAILABLE,WITHHELD_UNCERTAINTY
7b13346f3eb9d4729bd14ef9f8e2cb985d4a114c35ae6ecb124d0642aca967e6,MONASH,4332,beauty_plus_antibeauty_constituent_count,raw_weighted_sum,weighted_count,0x0.0p+0,AVAILABLE,WITHHELD_UNCERTAINTY
73dcdbfbb3981beb810c4331db200cebade886fc856aca88dc3a53dfa7866659,CLOSEPACKING,4332,charm_plus_anticharm_constituent_count,raw_count,count,0x1.6c59000000000p+17,AVAILABLE,WITHHELD_UNCERTAINTY
90065bc1cf9d1a4140cfc05c40beacf7402868f59831ffff939e37551b962002,JUNCTIONS,4332,charm_plus_anticharm_constituent_count,raw_count,count,0x1.4886000000000p+17,AVAILABLE,WITHHELD_UNCERTAINTY
0b8185e45c41047352f2ae3f9128ca742c759ec46c7c9cd3eeed400500fd4ff1,MONASH,4332,charm_plus_anticharm_constituent_count,raw_count,count,0x1.2890000000000p+12,AVAILABLE,WITHHELD_UNCERTAINTY
be6c42832b1767e6038bf7dd35d47712c04f1f2d221c7311471131d72abab354,CLOSEPACKING,4332,charm_plus_anticharm_constituent_count,raw_weighted_sum,weighted_count,0x1.6c59000000000p+17,AVAILABLE,WITHHELD_UNCERTAINTY
95ef03f77f663eec8a10fda0c30364f2019378fac2f315747c87073b1d65c4ea,JUNCTIONS,4332,charm_plus_anticharm_constituent_count,raw_weighted_sum,weighted_count,0x1.4886000000000p+17,AVAILABLE,WITHHELD_UNCERTAINTY
be02824daef82b569c7a89a80b82fb6c3f5b0ae198d32c6fcb02fd1cf3be9829,MONASH,4332,charm_plus_anticharm_constituent_count,raw_weighted_sum,weighted_count,0x1.2890000000000p+12,AVAILABLE,WITHHELD_UNCERTAINTY
25d5d69011c939c12c56e41012d845bcd471aa76a794d7996d680bd2a2dd8614,CLOSEPACKING,4332,hadron_count,normalized_yield,per_event,0x1.e904e6c49aa43p-10,AVAILABLE,AVAILABLE
c39c9961acc368a1b5ee3e4489614323b3922e07dadf69aeb7145800b1221741,JUNCTIONS,4332,hadron_count,normalized_yield,per_event,0x1.b8efcb2989914p-10,AVAILABLE,AVAILABLE
5a9ab1dd0b51343defc04a1a838b8fac484a0bd017991e32e65bb43cb1fb9c36,MONASH,4332,hadron_count,normalized_yield,per_event,0x1.8e0a195e75d72p-15,AVAILABLE,AVAILABLE
f2313d5c5279ab76566884eb2c0b00fbf676a812c75cbebd5c2d2ede6e06e024,CLOSEPACKING,4332,hadron_count,raw_count,count,0x1.6c59000000000p+17,AVAILABLE,WITHHELD_UNCERTAINTY
6d5d4dd6af39a4205f85e289bce8e188195f1780955f60a31b0a3c8dabc73b21,JUNCTIONS,4332,hadron_count,raw_count,count,0x1.4886000000000p+17,AVAILABLE,WITHHELD_UNCERTAINTY
919783f299e79b73ff97f4c8c2d8018802a382cdb4a7ee69e2b67388e63bf37b,MONASH,4332,hadron_count,raw_count,count,0x1.2890000000000p+12,AVAILABLE,WITHHELD_UNCERTAINTY
ca593c2481ca486b14ac00a78bf16903342e5b85ea9fa08cda61e6c81a58ab7b,CLOSEPACKING,4332,hadron_count,raw_weighted_sum,weighted_count,0x1.6c59000000000p+17,AVAILABLE,WITHHELD_UNCERTAINTY
adcb2856858a3db381dfb8a67de2897fbbb484aabb4ac3f66d7f683811e36e2b,JUNCTIONS,4332,hadron_count,raw_weighted_sum,weighted_count,0x1.4886000000000p+17,AVAILABLE,WITHHELD_UNCERTAINTY
c605943a902d6cfb159bf3d0f0ee438737d3bf9c12d3b2edd844fd3d3c419460,MONASH,4332,hadron_count,raw_weighted_sum,weighted_count,0x1.2890000000000p+12,AVAILABLE,WITHHELD_UNCERTAINTY
8cfaf1b193f5f8b796722dc39a8269015e676c05be88b849b875caedc3879b39,CLOSEPACKING,4334,beauty_plus_antibeauty_constituent_count,raw_count,count,0x0.0p+0,AVAILABLE,WITHHELD_UNCERTAINTY
b332c80a75b19ec7135a5f4fce9722dd84832ca57cbf004779227d5d6bdefdf5,JUNCTIONS,4334,beauty_plus_antibeauty_constituent_count,raw_count,count,0x0.0p+0,AVAILABLE,WITHHELD_UNCERTAINTY
9228d09041c1f71688df7f2381a0f6991c0d16701df57da6c3926ff07ab9898b,MONASH,4334,beauty_plus_antibeauty_constituent_count,raw_count,count,0x0.0p+0,AVAILABLE,WITHHELD_UNCERTAINTY
9ba48b9cb70c4c1d8aae3b1b9945faac41347d8f0eb2bb0d9687a5db3a51de05,CLOSEPACKING,4334,beauty_plus_antibeauty_constituent_count,raw_weighted_sum,weighted_count,0x0.0p+0,AVAILABLE,WITHHELD_UNCERTAINTY
cc8df8134ed76e9b6b393c00584eee2db8e3836f2922649aa57b86514d7540c5,JUNCTIONS,4334,beauty_plus_antibeauty_constituent_count,raw_weighted_sum,weighted_count,0x0.0p+0,AVAILABLE,WITHHELD_UNCERTAINTY
d674d991db4b9e9e253c6db6c27d20b9d0b6d81ae3bc2fa2f30ba0edbb5d25c4,MONASH,4334,beauty_plus_antibeauty_constituent_count,raw_weighted_sum,weighted_count,0x0.0p+0,AVAILABLE,WITHHELD_UNCERTAINTY
51a407845c65732aa3ee503dd17a46c863372f50799337b3f5a1689395d457f0,CLOSEPACKING,4334,charm_plus_anticharm_constituent_count,raw_count,count,0x1.4e11800000000p+17,AVAILABLE,WITHHELD_UNCERTAINTY
9114bedb4ce4fd2aec580eef088159a9e6f52d49d72f17f5899f9ae6598ceb16,JUNCTIONS,4334,charm_plus_anticharm_constituent_count,raw_count,count,0x1.248c000000000p+14,AVAILABLE,WITHHELD_UNCERTAINTY
5c45fc4ca3d034d3ebd315faaa1f657800ecbd09abb7647bd382fe97a1804394,MONASH,4334,charm_plus_anticharm_constituent_count,raw_count,count,0x1.0940000000000p+13,AVAILABLE,WITHHELD_UNCERTAINTY
c20f98cedd8f98de5e8d2f17d3ae00a9a1d11f8ea47e51e262af6dfc2ec7f6a9,CLOSEPACKING,4334,charm_plus_anticharm_constituent_count,raw_weighted_sum,weighted_count,0x1.4e11800000000p+17,AVAILABLE,WITHHELD_UNCERTAINTY
286214a1ad6353b32ef61b504481a5394f039d28cb3a49cb178f236429cf8456,JUNCTIONS,4334,charm_plus_anticharm_constituent_count,raw_weighted_sum,weighted_count,0x1.248c000000000p+14,AVAILABLE,WITHHELD_UNCERTAINTY
879317892cc4c06615e0e4a8451fedc6141ed1b46fa736fccfcbef5ef1a749ac,MONASH,4334,charm_plus_anticharm_constituent_count,raw_weighted_sum,weighted_count,0x1.0940000000000p+13,AVAILABLE,WITHHELD_UNCERTAINTY
31b1d4f4dd7076a0cc685ce8d9c4ab573c601cb28d844d333807172a1eb8fd61,CLOSEPACKING,4334,hadron_count,normalized_yield,per_event,0x1.c06103a5fcd45p-10,AVAILABLE,AVAILABLE
a741f9838372380e7156d61af45157f13023acbc16adfbecb02f1544ff522175,JUNCTIONS,4334,hadron_count,normalized_yield,per_event,0x1.88a657423127fp-13,AVAILABLE,AVAILABLE
5e666db0f60d84c9a1e060ae2f09a68c1aba97fba069259816172baa48e85763,MONASH,4334,hadron_count,normalized_yield,per_event,0x1.640334bdccd4bp-14,AVAILABLE,AVAILABLE
f93fbb746dd3e77315a337adf28bb3a44451dba1f8cc0b6c7ef00a5e8187c32c,CLOSEPACKING,4334,hadron_count,raw_count,count,0x1.4e11800000000p+17,AVAILABLE,WITHHELD_UNCERTAINTY
108b03f71afb2f2b9a13f4f3ffea40d1dc4d5873048131a0d4894939af4e0c7e,JUNCTIONS,4334,hadron_count,raw_count,count,0x1.248c000000000p+14,AVAILABLE,WITHHELD_UNCERTAINTY
5270a822bc2128d2454af4ad38bddb06ca2755d11c0555d71aea4f7a029ce726,MONASH,4334,hadron_count,raw_count,count,0x1.0940000000000p+13,AVAILABLE,WITHHELD_UNCERTAINTY
6867431335f6a710ddb2d4b00e6a751c967a75d86cb7f1b6b6c3ccd0a1412d33,CLOSEPACKING,4334,hadron_count,raw_weighted_sum,weighted_count,0x1.4e11800000000p+17,AVAILABLE,WITHHELD_UNCERTAINTY
acb3a9882b6e09b6fbcb46e06f935c33d96a3b60979b78c3576b3617f7618d40,JUNCTIONS,4334,hadron_count,raw_weighted_sum,weighted_count,0x1.248c000000000p+14,AVAILABLE,WITHHELD_UNCERTAINTY
54a397d2fe9ddfc4d3d635f6eb277152888d5c730aad521fa1b1b5b6ae5f5419,MONASH,4334,hadron_count,raw_weighted_sum,weighted_count,0x1.0940000000000p+13,AVAILABLE,WITHHELD_UNCERTAINTY
22b648068776b1622e6573b2118af680ed2da19bf6cff49771cbea5cf2d80dcf,CLOSEPACKING,441,beauty_plus_antibeauty_constituent_count,raw_count,count,0x0.0p+0,AVAILABLE,WITHHELD_UNCERTAINTY
c790a238292bd6f631961e35561d462f315c69ba59c794165657923ec4affe6b,JUNCTIONS,441,beauty_plus_antibeauty_constituent_count,raw_count,count,0x0.0p+0,AVAILABLE,WITHHELD_UNCERTAINTY
747383ae007ebb52e3976739672ca972a8a36424af3c25250170f73345bc6bec,MONASH,441,beauty_plus_antibeauty_constituent_count,raw_count,count,0x0.0p+0,AVAILABLE,WITHHELD_UNCERTAINTY
78e9f7483ffab83ee392be5865f9e291624b1e7b405e4de2f4962959e9785cbc,CLOSEPACKING,441,beauty_plus_antibeauty_constituent_count,raw_weighted_sum,weighted_count,0x0.0p+0,AVAILABLE,WITHHELD_UNCERTAINTY
58940529ff257c713b58ceaf24fb4e1c13296fd3991aadfe024f4e0abc10693f,JUNCTIONS,441,beauty_plus_antibeauty_constituent_count,raw_weighted_sum,weighted_count,0x0.0p+0,AVAILABLE,WITHHELD_UNCERTAINTY
116202751a930acf71578b238fc9c570b71de48570eed0b922801fe58cd088b6,MONASH,441,beauty_plus_antibeauty_constituent_count,raw_weighted_sum,weighted_count,0x0.0p+0,AVAILABLE,WITHHELD_UNCERTAINTY
0471a470448e070fd5391c0b27d46132015beae1200072ad5a0e1de9886c0229,CLOSEPACKING,441,charm_plus_anticharm_constituent_count,raw_count,count,0x1.8426000000000p+16,AVAILABLE,WITHHELD_UNCERTAINTY
7cf4218c23d8caa9cf2e1853129e012f5799688f89c41760724f68f883de02a5,JUNCTIONS,441,charm_plus_anticharm_constituent_count,raw_count,count,0x1.a428000000000p+16,AVAILABLE,WITHHELD_UNCERTAINTY
f3b3868f4c4019e66570722e3898c87f688502d8eb7a096c64e642b5d40e6cfe,MONASH,441,charm_plus_anticharm_constituent_count,raw_count,count,0x1.3a7e000000000p+16,AVAILABLE,WITHHELD_UNCERTAINTY
74bdc55da400b6eddc88a873d1b00e8ef02e56a2cb670b2e601297c2a4ba31ba,CLOSEPACKING,441,charm_plus_anticharm_constituent_count,raw_weighted_sum,weighted_count,0x1.8426000000000p+16,AVAILABLE,WITHHELD_UNCERTAINTY
3e729cda5de6c60a0e0d4e586989845d592650e178d731e8f20f6ecbe5b22e62,JUNCTIONS,441,charm_plus_anticharm_constituent_count,raw_weighted_sum,weighted_count,0x1.a428000000000p+16,AVAILABLE,WITHHELD_UNCERTAINTY
e99c959de3d30b6086387546c550f30dcd9b35e1b4d7761889084c9984f64677,MONASH,441,charm_plus_anticharm_constituent_count,raw_weighted_sum,weighted_count,0x1.3a7e000000000p+16,AVAILABLE,WITHHELD_UNCERTAINTY
d16c1ad3ce368a67b673e435c1e8ee8a93cc92a1bc3435cc34ff7f5b35357d4e,CLOSEPACKING,441,hadron_count,normalized_yield,per_event,0x1.047b64d0393dep-11,AVAILABLE,AVAILABLE
48cc1eebabd38865b8faa3ca104c21b56cccf6c02f8490d03025e749fb112b5a,JUNCTIONS,441,hadron_count,normalized_yield,per_event,0x1.19f64b4b57ed2p-11,AVAILABLE,AVAILABLE
1ef775fca9a65baa4db4777905b6fcd79a5bb604adf742a1dcbf86ef4f81c2d9,MONASH,441,hadron_count,normalized_yield,per_event,0x1.a61ab15c2dfe4p-12,AVAILABLE,AVAILABLE
c669a537f91bc93914795115b566b13ac4bbf362c58b93bf9ef7b11960753509,CLOSEPACKING,441,hadron_count,raw_count,count,0x1.8426000000000p+15,AVAILABLE,WITHHELD_UNCERTAINTY
92509844fb792e43af648944c512e36b8dbf7e46e6056740bd3c9a461ba52f0c,JUNCTIONS,441,hadron_count,raw_count,count,0x1.a428000000000p+15,AVAILABLE,WITHHELD_UNCERTAINTY
1044179b26855e1920bc48c1b00bc61e296d9c76d9f7b2abeda2d7a9a6ee46f1,MONASH,441,hadron_count,raw_count,count,0x1.3a7e000000000p+15,AVAILABLE,WITHHELD_UNCERTAINTY
0d18181da4f9ad18fa5839c242c550a9d3c9125797e320cea29c5356a6871283,CLOSEPACKING,441,hadron_count,raw_weighted_sum,weighted_count,0x1.8426000000000p+15,AVAILABLE,WITHHELD_UNCERTAINTY
23647d7ca0a698848659b3ff1871e901bd28aed47a40497a866bb90f417ccdc7,JUNCTIONS,441,hadron_count,raw_weighted_sum,weighted_count,0x1.a428000000000p+15,AVAILABLE,WITHHELD_UNCERTAINTY
c1975d4de622efc903c23dbc0d2452d7c7e338443c54d9edac9d9f01c30d9886,MONASH,441,hadron_count,raw_weighted_sum,weighted_count,0x1.3a7e000000000p+15,AVAILABLE,WITHHELD_UNCERTAINTY
0e9216e0d80754cf5d7e8597bba3e240ffa1ef9f3a23f9c5d2afa7ba27c5672a,CLOSEPACKING,4412,beauty_plus_antibeauty_constituent_count,raw_count,count,0x0.0p+0,AVAILABLE,WITHHELD_UNCERTAINTY
649093c1ad204d3d9cfbacedf783d0feb3cb1b8e504a669d75f78d9ccaab5413,JUNCTIONS,4412,beauty_plus_antibeauty_constituent_count,raw_count,count,0x0.0p+0,AVAILABLE,WITHHELD_UNCERTAINTY
518532c413b24cf9a67f720bfb119faa0957a686b8212edef4eead129271c9b0,MONASH,4412,beauty_plus_antibeauty_constituent_count,raw_count,count,0x0.0p+0,AVAILABLE,WITHHELD_UNCERTAINTY
06b4dc943b501203000b8207418283f0803f98bfd75ce4d53a8c61c18f3c9e30,CLOSEPACKING,4412,beauty_plus_antibeauty_constituent_count,raw_weighted_sum,weighted_count,0x0.0p+0,AVAILABLE,WITHHELD_UNCERTAINTY
e7709e74cc35c762aa45ae2af4e3e964eb119ed3002b81323d4770de6fa8dd68,JUNCTIONS,4412,beauty_plus_antibeauty_constituent_count,raw_weighted_sum,weighted_count,0x0.0p+0,AVAILABLE,WITHHELD_UNCERTAINTY
9866c323fef9ee85037262219b5798649deb65bdfe60af0b143b4fbd08d4a1f7,MONASH,4412,beauty_plus_antibeauty_constituent_count,raw_weighted_sum,weighted_count,0x0.0p+0,AVAILABLE,WITHHELD_UNCERTAINTY
19690a26db78af33d9e4c207fb6cdf9e1049927b190df1f6d4267b6f17ae8471,CLOSEPACKING,4412,charm_plus_anticharm_constituent_count,raw_count,count,0x1.ffb0000000000p+13,AVAILABLE,WITHHELD_UNCERTAINTY
e28749ad429e1a4619a8d8b54ff16371659e1d35175855af1fe237c6295ff02f,JUNCTIONS,4412,charm_plus_anticharm_constituent_count,raw_count,count,0x1.1ad8000000000p+14,AVAILABLE,WITHHELD_UNCERTAINTY
f1e265df4a850fbe8280fcac8333c49620abd1ebe7fb092aef366d52ba1ec812,MONASH,4412,charm_plus_anticharm_constituent_count,raw_count,count,0x1.8000000000000p+3,AVAILABLE,WITHHELD_UNCERTAINTY
106d4366fc940cf857287b5896ba7515c9751ea1a63a97a75cddbf940be2328f,CLOSEPACKING,4412,charm_plus_anticharm_constituent_count,raw_weighted_sum,weighted_count,0x1.ffb0000000000p+13,AVAILABLE,WITHHELD_UNCERTAINTY
903a4db578499f90183c8d6dff1805fe2a5f0a95ce498df05a34ae136791b458,JUNCTIONS,4412,charm_plus_anticharm_constituent_count,raw_weighted_sum,weighted_count,0x1.1ad8000000000p+14,AVAILABLE,WITHHELD_UNCERTAINTY
3b9ea4ed9d6db42a16862e3a8676e39f37a01efbae62bc44d984eb80c1fb4c40,MONASH,4412,charm_plus_anticharm_constituent_count,raw_weighted_sum,weighted_count,0x1.8000000000000p+3,AVAILABLE,WITHHELD_UNCERTAINTY
07bd0b3e64cd82198dfdf5c6305dc945252501c041144b79e229fd8701ad5d0e,CLOSEPACKING,4412,hadron_count,normalized_yield,per_event,0x1.57633e3dd34a4p-14,AVAILABLE,AVAILABLE
0f149f09973a1357d79128161f8e0d0a280d50d8506354efe961a737a2b53850,JUNCTIONS,4412,hadron_count,normalized_yield,per_event,0x1.7ba05f5b8536ep-14,AVAILABLE,AVAILABLE
5352a737d42a0ba3064f1b21fc0aaf56f25d37a8da2c555188092d0c5d8d236a,MONASH,4412,hadron_count,normalized_yield,per_event,0x1.01b2b29a4692bp-24,AVAILABLE,AVAILABLE
14dd433b70309062379d9f72e0f1f9b2f7fa57c0c03538160bf9486fa79ffa39,CLOSEPACKING,4412,hadron_count,raw_count,count,0x1.ffb0000000000p+12,AVAILABLE,WITHHELD_UNCERTAINTY
eb03854fcd9e59119c4c5128a0fa1ad39d2cac98f9bd46fa6a3582408187095a,JUNCTIONS,4412,hadron_count,raw_count,count,0x1.1ad8000000000p+13,AVAILABLE,WITHHELD_UNCERTAINTY
6f0c6054be72f5f46aa87c912498e4d8e7e3e4d9209e34f96124f3e002bca6d6,MONASH,4412,hadron_count,raw_count,count,0x1.8000000000000p+2,AVAILABLE,WITHHELD_UNCERTAINTY
b268addb464f857e165a547ac40a819a3136a5af35172c8b04762b1a2f56eecb,CLOSEPACKING,4412,hadron_count,raw_weighted_sum,weighted_count,0x1.ffb0000000000p+12,AVAILABLE,WITHHELD_UNCERTAINTY
d41526cab4f7eab52a8e54d1dc8d9fca1cf5addc529f290f2662cb541fc406b4,JUNCTIONS,4412,hadron_count,raw_weighted_sum,weighted_count,0x1.1ad8000000000p+13,AVAILABLE,WITHHELD_UNCERTAINTY
d8f190280ac3345e4ea308b4c404783433bc6718d01602cfaaa7ae517dd6b6d7,MONASH,4412,hadron_count,raw_weighted_sum,weighted_count,0x1.8000000000000p+2,AVAILABLE,WITHHELD_UNCERTAINTY
f38c31989cafe628499ca84d6aa408419f751f9a83550523d54066c5ba07afe4,CLOSEPACKING,4414,beauty_plus_antibeauty_constituent_count,raw_count,count,0x0.0p+0,AVAILABLE,WITHHELD_UNCERTAINTY
fc25f4c5e931324e06b4d5bdbf2cc9b2223f1b62698d2a4dea4a49a6f99717c3,JUNCTIONS,4414,beauty_plus_antibeauty_constituent_count,raw_count,count,0x0.0p+0,AVAILABLE,WITHHELD_UNCERTAINTY
34ef043c26512d0c7d656a0cb40cc24451f5a231350b1bfabb4da3042bebdb52,MONASH,4414,beauty_plus_antibeauty_constituent_count,raw_count,count,0x0.0p+0,AVAILABLE,WITHHELD_UNCERTAINTY
3f7fb0ff01b30db7b402e08c8b683c42e9c3c6fd05b3feec54087ede569a1e2f,CLOSEPACKING,4414,beauty_plus_antibeauty_constituent_count,raw_weighted_sum,weighted_count,0x0.0p+0,AVAILABLE,WITHHELD_UNCERTAINTY
9edd0fc1a1bb76ec7c7de82ebdec1f389ddbd83995a104eb91208f04bc0205e9,JUNCTIONS,4414,beauty_plus_antibeauty_constituent_count,raw_weighted_sum,weighted_count,0x0.0p+0,AVAILABLE,WITHHELD_UNCERTAINTY
341396d6a505f4234d8e10480e211bd1f154ddcbd3b1d83e038a2a9a01e5d942,MONASH,4414,beauty_plus_antibeauty_constituent_count,raw_weighted_sum,weighted_count,0x0.0p+0,AVAILABLE,WITHHELD_UNCERTAINTY
519a22e80c3d3ce987734b755955e95f5cc1cf8c1ad879cbdb7f5442b965a5d7,CLOSEPACKING,4414,charm_plus_anticharm_constituent_count,raw_count,count,0x1.2020000000000p+14,AVAILABLE,WITHHELD_UNCERTAINTY
13d72e9281f260e7d2cb95b75f3dda7cf0cf9f44f76bc506ad8fb3df717b20da,JUNCTIONS,4414,charm_plus_anticharm_constituent_count,raw_count,count,0x1.32c0000000000p+13,AVAILABLE,WITHHELD_UNCERTAINTY
451e955b0e3f0157879ba0c347844a0aeb63aa7bf2f6f4613330ccf4593e573c,MONASH,4414,charm_plus_anticharm_constituent_count,raw_count,count,0x1.6000000000000p+4,AVAILABLE,WITHHELD_UNCERTAINTY
c0ec47cc976c9aec3449e340f8c5718f6dd0fe1b55a31bd6e518f051c60fd3cc,CLOSEPACKING,4414,charm_plus_anticharm_constituent_count,raw_weighted_sum,weighted_count,0x1.2020000000000p+14,AVAILABLE,WITHHELD_UNCERTAINTY
a7465e6c673e580a97bef3de80bbf20d0ef3666c97650188aefb3c9e0e6bbba9,JUNCTIONS,4414,charm_plus_anticharm_constituent_count,raw_weighted_sum,weighted_count,0x1.32c0000000000p+13,AVAILABLE,WITHHELD_UNCERTAINTY
f01d1940b863f9863039ace01a674b0aa9772d6afcf42aec1010815939b8c36a,MONASH,4414,charm_plus_anticharm_constituent_count,raw_weighted_sum,weighted_count,0x1.6000000000000p+4,AVAILABLE,WITHHELD_UNCERTAINTY
679d388a9bed791f23545b82a429dbe063e95c468382a53b0c840cec0a78e98d,CLOSEPACKING,4414,hadron_count,normalized_yield,per_event,0x1.82b6ff052e3d3p-14,AVAILABLE,AVAILABLE
37b0d5819763fc63f44be048c50b8ac9c5a12eb65b1a1fb4b8e05636a45f1fcb,JUNCTIONS,4414,hadron_count,normalized_yield,per_event,0x1.9bb67f587ac06p-15,AVAILABLE,AVAILABLE
070e3db23f7c3a6c7f30e96c622dfa656f82ef49d698e4f4add11a569f1f46f2,MONASH,4414,hadron_count,normalized_yield,per_event,0x1.d87247702c0d0p-24,AVAILABLE,AVAILABLE
67d5f330f1846abb45efd2dafa0ed016cf57f681a6017692e1c648392ebf9f3c,CLOSEPACKING,4414,hadron_count,raw_count,count,0x1.2020000000000p+13,AVAILABLE,WITHHELD_UNCERTAINTY
7f245606ae39d02b10d57a150b675e0aa52cd2ae8ea0b5c031347d9e019b6b37,JUNCTIONS,4414,hadron_count,raw_count,count,0x1.32c0000000000p+12,AVAILABLE,WITHHELD_UNCERTAINTY
fc87c462c8eef5bd6050cc9fd01b2b53aecc989ed7ecc54c8e2f0dacbf9492ae,MONASH,4414,hadron_count,raw_count,count,0x1.6000000000000p+3,AVAILABLE,WITHHELD_UNCERTAINTY
ecf768e3e178bec5ca2eeae00720dd1b3160da16ce98eac775dc70cbdf732cbf,CLOSEPACKING,4414,hadron_count,raw_weighted_sum,weighted_count,0x1.2020000000000p+13,AVAILABLE,WITHHELD_UNCERTAINTY
fbef77cb14bb2bb035328de41e3432d9dcb3ead2cd9b5739d72b24c58222b307,JUNCTIONS,4414,hadron_count,raw_weighted_sum,weighted_count,0x1.32c0000000000p+12,AVAILABLE,WITHHELD_UNCERTAINTY
f16d31aa1477279b1de511a4fcba746751eb7b2a021a1c644fa692dcb0ef0b81,MONASH,4414,hadron_count,raw_weighted_sum,weighted_count,0x1.6000000000000p+3,AVAILABLE,WITHHELD_UNCERTAINTY
6d9088c2df3686124fdaca88e0635dfeeb79170921fd31cb429a82fd5eaf5409,CLOSEPACKING,4422,beauty_plus_antibeauty_constituent_count,raw_count,count,0x0.0p+0,AVAILABLE,WITHHELD_UNCERTAINTY
14c920066fc5305eee90a1d5c5bc978b6d7b343853b14dfe5fa74269a0852144,JUNCTIONS,4422,beauty_plus_antibeauty_constituent_count,raw_count,count,0x0.0p+0,AVAILABLE,WITHHELD_UNCERTAINTY
e0929a3dab21b086d5548958149b0793e5a3460edf2f9ffc69247b89a667a5ef,MONASH,4422,beauty_plus_antibeauty_constituent_count,raw_count,count,0x0.0p+0,AVAILABLE,WITHHELD_UNCERTAINTY
914a2834fe730c8acecc94cfdf3962e51b829f6214b58661ba38dd9944e482a4,CLOSEPACKING,4422,beauty_plus_antibeauty_constituent_count,raw_weighted_sum,weighted_count,0x0.0p+0,AVAILABLE,WITHHELD_UNCERTAINTY
262b5cc20f44d76e783691bae23c458845ae70823108d95291e40b2cc7bf669d,JUNCTIONS,4422,beauty_plus_antibeauty_constituent_count,raw_weighted_sum,weighted_count,0x0.0p+0,AVAILABLE,WITHHELD_UNCERTAINTY
b10cc66154842b52583e0fcfcc7e9ece58f9528a0d97738daacba55b899c4591,MONASH,4422,beauty_plus_antibeauty_constituent_count,raw_weighted_sum,weighted_count,0x0.0p+0,AVAILABLE,WITHHELD_UNCERTAINTY
7dd7b593a82788ff17250d6af6d63739aa7191e1b0d2eaa6ff5a23a359ea3cb7,CLOSEPACKING,4422,charm_plus_anticharm_constituent_count,raw_count,count,0x1.f260000000000p+13,AVAILABLE,WITHHELD_UNCERTAINTY
df86b0caef9bdc02f2bf569d3f8f6c2209aa44226fd67afd64f2ebc745c85d1d,JUNCTIONS,4422,charm_plus_anticharm_constituent_count,raw_count,count,0x1.1e48000000000p+14,AVAILABLE,WITHHELD_UNCERTAINTY
2fe769ffae7699877689d563edb5497e4edcc6f3ad5ff3ee5e0a88d0230ab2b2,MONASH,4422,charm_plus_anticharm_constituent_count,raw_count,count,0x1.8000000000000p+3,AVAILABLE,WITHHELD_UNCERTAINTY
b98e1ffa470ab26a143a804ef058ee2e765ffec08b475b4a62275aeb85915dc8,CLOSEPACKING,4422,charm_plus_anticharm_constituent_count,raw_weighted_sum,weighted_count,0x1.f260000000000p+13,AVAILABLE,WITHHELD_UNCERTAINTY
dea3176c0222de2815ff543b2dee5c8e31a31867379905f1b8470cc5c9e23025,JUNCTIONS,4422,charm_plus_anticharm_constituent_count,raw_weighted_sum,weighted_count,0x1.1e48000000000p+14,AVAILABLE,WITHHELD_UNCERTAINTY
e162d62f26a5eef9b573d00738db0b5e686a23c29218b0b034a30b559a9748dc,MONASH,4422,charm_plus_anticharm_constituent_count,raw_weighted_sum,weighted_count,0x1.8000000000000p+3,AVAILABLE,WITHHELD_UNCERTAINTY
582b5c6b49473f9ef762363236de3dc7a674d367aa4a278630b3a1ae06e0ae14,CLOSEPACKING,4422,hadron_count,normalized_yield,per_event,0x1.4e742c4cba17fp-14,AVAILABLE,AVAILABLE
f41b996b0498eac30e75e07c4670a3a59d23dcfbf118ed141c05f05cf2331931,JUNCTIONS,4422,hadron_count,normalized_yield,per_event,0x1.803d7d0e1da50p-14,AVAILABLE,AVAILABLE
5817b9ac545b8250e52fe754affb6347fbfc58d27750798b5a6990d340726b7a,MONASH,4422,hadron_count,normalized_yield,per_event,0x1.01b2b29a4692bp-24,AVAILABLE,AVAILABLE
239c288401d04f4bce2ef7ba1610c5d18e4daca980a52eec469de831f8d17665,CLOSEPACKING,4422,hadron_count,raw_count,count,0x1.f260000000000p+12,AVAILABLE,WITHHELD_UNCERTAINTY
6675f64c47a2198070a21516919bbd6a5bc0dcad50ca09937b722009c5e7e965,JUNCTIONS,4422,hadron_count,raw_count,count,0x1.1e48000000000p+13,AVAILABLE,WITHHELD_UNCERTAINTY
e86f1aaa6a9b5d76d9556afec60af0ea9d031e639de080e1c9e2ae3848c5dbd8,MONASH,4422,hadron_count,raw_count,count,0x1.8000000000000p+2,AVAILABLE,WITHHELD_UNCERTAINTY
0c56f58f6103e6ccca66f23755bd2d54e31024e0396cdbb95ce29b60eb0ebc93,CLOSEPACKING,4422,hadron_count,raw_weighted_sum,weighted_count,0x1.f260000000000p+12,AVAILABLE,WITHHELD_UNCERTAINTY
b8bc1e215f826418a12acddde510b10e207c2edf7d397ce5dc6b05aeb30dea17,JUNCTIONS,4422,hadron_count,raw_weighted_sum,weighted_count,0x1.1e48000000000p+13,AVAILABLE,WITHHELD_UNCERTAINTY
e97e1bdf70997de9a9877080b4ae3f86992e6b62c698e2e39d0bc92128ce7981,MONASH,4422,hadron_count,raw_weighted_sum,weighted_count,0x1.8000000000000p+2,AVAILABLE,WITHHELD_UNCERTAINTY
622743dc0880c2df10a1fa760400e806f3dd3adabf5d6d7b6f25df6860819ef9,CLOSEPACKING,4424,beauty_plus_antibeauty_constituent_count,raw_count,count,0x0.0p+0,AVAILABLE,WITHHELD_UNCERTAINTY
937050e33e18c18547dee8fd6781fd1a809da69db09813fe41efa41d390807b5,JUNCTIONS,4424,beauty_plus_antibeauty_constituent_count,raw_count,count,0x0.0p+0,AVAILABLE,WITHHELD_UNCERTAINTY
f83ce045ac3a4d55d86040425a33200960133d9d6b9ee95eee56bb75d2679b8d,MONASH,4424,beauty_plus_antibeauty_constituent_count,raw_count,count,0x0.0p+0,AVAILABLE,WITHHELD_UNCERTAINTY
622debd31b246a38afb1694d200429010e8806481434c1f935ea675592991074,CLOSEPACKING,4424,beauty_plus_antibeauty_constituent_count,raw_weighted_sum,weighted_count,0x0.0p+0,AVAILABLE,WITHHELD_UNCERTAINTY
9864af0d1f91e5f2ebdab1ac1b590e738a47ec28e9b7f5d6a74b836de3e4ce6d,JUNCTIONS,4424,beauty_plus_antibeauty_constituent_count,raw_weighted_sum,weighted_count,0x0.0p+0,AVAILABLE,WITHHELD_UNCERTAINTY
0edd1e3c90c78cf8d82ae24627c50e34169f09091bf64a963401ec33941b9f98,MONASH,4424,beauty_plus_antibeauty_constituent_count,raw_weighted_sum,weighted_count,0x0.0p+0,AVAILABLE,WITHHELD_UNCERTAINTY
96f810090ad80af040345433359b5702323cd010ac6b45cbbe4aab253ef59445,CLOSEPACKING,4424,charm_plus_anticharm_constituent_count,raw_count,count,0x1.1cc8000000000p+14,AVAILABLE,WITHHELD_UNCERTAINTY
7565834c0fba63ad4ecd3c7ddca554aa3f669e7c5bf70caa25bfc74276a1250a,JUNCTIONS,4424,charm_plus_anticharm_constituent_count,raw_count,count,0x1.2af0000000000p+13,AVAILABLE,WITHHELD_UNCERTAINTY
cd34896398d04c426600bcdcca8b3ff916b74f71519e5e5fbddc0b3c52a251be,MONASH,4424,charm_plus_anticharm_constituent_count,raw_count,count,0x1.c000000000000p+4,AVAILABLE,WITHHELD_UNCERTAINTY
37497db6cf7d5b611557cf3554470956c98b3c73c8008a4ef9f9291b912739f6,CLOSEPACKING,4424,charm_plus_anticharm_constituent_count,raw_weighted_sum,weighted_count,0x1.1cc8000000000p+14,AVAILABLE,WITHHELD_UNCERTAINTY
0d1688e13c7c774f25da79209f15622ca4ce87e07c375698bf8e60df56f1b2d6,JUNCTIONS,4424,charm_plus_anticharm_constituent_count,raw_weighted_sum,weighted_count,0x1.2af0000000000p+13,AVAILABLE,WITHHELD_UNCERTAINTY
d1f60949dc64379fd9d4d0ed6d4c6560ebe90042d8e13931374de72595acac7b,MONASH,4424,charm_plus_anticharm_constituent_count,raw_weighted_sum,weighted_count,0x1.c000000000000p+4,AVAILABLE,WITHHELD_UNCERTAINTY
659162ed24b3c02bd0466c3ca2d88c1f389ae7ee5533b72bfe36357a43295dfd,CLOSEPACKING,4424,hadron_count,normalized_yield,per_event,0x1.7e3a17a8e917ep-14,AVAILABLE,AVAILABLE
f5c006fb9f8b99dcb3610128e0343bc0c4145279ec74fd30fcd894a9cb02a839,JUNCTIONS,4424,hadron_count,normalized_yield,per_event,0x1.913a2494090bfp-15,AVAILABLE,AVAILABLE
50b36812876500fc3748a470514b3914a0becece43878ca9ccf6ab4d147d0875,MONASH,4424,hadron_count,normalized_yield,per_event,0x1.2ca5d05ea7ab3p-23,AVAILABLE,AVAILABLE
feb0294ef518a9bc90d91d23bbc27daf76814e74d3199549e7d2237054b3a4d9,CLOSEPACKING,4424,hadron_count,raw_count,count,0x1.1cc8000000000p+13,AVAILABLE,WITHHELD_UNCERTAINTY
aabf911bc94f7dbac9f3489642c0a096eb60b28574dbf3cdc19907c2239f72b5,JUNCTIONS,4424,hadron_count,raw_count,count,0x1.2af0000000000p+12,AVAILABLE,WITHHELD_UNCERTAINTY
a7c18a417721d9970fbcc45ef64bcec102cc0cd6a788d141e4a087d261a49436,MONASH,4424,hadron_count,raw_count,count,0x1.c000000000000p+3,AVAILABLE,WITHHELD_UNCERTAINTY
7bfadece490efdedfd87762bd166db071b7e265e137daff56dd970bfce1d5573,CLOSEPACKING,4424,hadron_count,raw_weighted_sum,weighted_count,0x1.1cc8000000000p+13,AVAILABLE,WITHHELD_UNCERTAINTY
ee0a5bfc9b6570c365dcfdfdaf21b89dbcd7da48f80839f7319524fa7d97e241,JUNCTIONS,4424,hadron_count,raw_weighted_sum,weighted_count,0x1.2af0000000000p+12,AVAILABLE,WITHHELD_UNCERTAINTY
b2a79767bab5203132e583ba26efa0ddbb2e93cbad261613d7b8b510fa17b5a6,MONASH,4424,hadron_count,raw_weighted_sum,weighted_count,0x1.c000000000000p+3,AVAILABLE,WITHHELD_UNCERTAINTY
056f6e25c413beae0c01a693b046822cc9810e0c3d59de71fd790826f14c3bba,CLOSEPACKING,443,beauty_plus_antibeauty_constituent_count,raw_count,count,0x0.0p+0,AVAILABLE,WITHHELD_UNCERTAINTY
4f81f7a66516b7bc9a3b0faa7456aec18abe505d94b0809791b3e8f89d4b312f,JUNCTIONS,443,beauty_plus_antibeauty_constituent_count,raw_count,count,0x0.0p+0,AVAILABLE,WITHHELD_UNCERTAINTY
eef06f152f396936e50c0df9d0d98ba153895cfce266c13593cfc5419af04406,MONASH,443,beauty_plus_antibeauty_constituent_count,raw_count,count,0x0.0p+0,AVAILABLE,WITHHELD_UNCERTAINTY
ad0c3cb18221250d92810de0429d0eacc9e04de7127fe42f8af21ad5fa9ac611,CLOSEPACKING,443,beauty_plus_antibeauty_constituent_count,raw_weighted_sum,weighted_count,0x0.0p+0,AVAILABLE,WITHHELD_UNCERTAINTY
b0f3d43a9785e52ba81c6a2aa523c8d0cf055c917138a75f53e805d141275c9d,JUNCTIONS,443,beauty_plus_antibeauty_constituent_count,raw_weighted_sum,weighted_count,0x0.0p+0,AVAILABLE,WITHHELD_UNCERTAINTY
222509afe5f0f48a8abf89d195b13736b7812c93e636be305e6b6243fc32953e,MONASH,443,beauty_plus_antibeauty_constituent_count,raw_weighted_sum,weighted_count,0x0.0p+0,AVAILABLE,WITHHELD_UNCERTAINTY
7fe14e1c10b5c26390e78dff68a28aebd14cac33485d8beee8e80cbe07597b9d,CLOSEPACKING,443,charm_plus_anticharm_constituent_count,raw_count,count,0x1.6186000000000p+17,AVAILABLE,WITHHELD_UNCERTAINTY
2dc09cf3a156983679bcad8d28c02643096f5d18c418da11052348337d77ed93,JUNCTIONS,443,charm_plus_anticharm_constituent_count,raw_count,count,0x1.7d27000000000p+17,AVAILABLE,WITHHELD_UNCERTAINTY
21db764e621f0d13e76b5c792d9a1a72c5a26dcd5cd86ab3d344603aee6e92c2,MONASH,443,charm_plus_anticharm_constituent_count,raw_count,count,0x1.32fe000000000p+17,AVAILABLE,WITHHELD_UNCERTAINTY
14e1d8cdf1ce2c944231e06a6d4c55d6573ce1ba1b788252a65ba3ab3281dca2,CLOSEPACKING,443,charm_plus_anticharm_constituent_count,raw_weighted_sum,weighted_count,0x1.6186000000000p+17,AVAILABLE,WITHHELD_UNCERTAINTY
3e4fecfa12cd5ff50611d39f20f08f38bd49d3b0cdac3eb42446a9c3d4b3a9d6,JUNCTIONS,443,charm_plus_anticharm_constituent_count,raw_weighted_sum,weighted_count,0x1.7d27000000000p+17,AVAILABLE,WITHHELD_UNCERTAINTY
2b19dc404bce32ebe1d95b3d433f4ca5bfa41b9ec4605353c409b36941632561,MONASH,443,charm_plus_anticharm_constituent_count,raw_weighted_sum,weighted_count,0x1.32fe000000000p+17,AVAILABLE,WITHHELD_UNCERTAINTY
3cc65b058be13d93bb572775491184ca7afaaa03470602e3b10fee3c9747cfa6,CLOSEPACKING,443,hadron_count,normalized_yield,per_event,0x1.da7dba6af56c5p-11,AVAILABLE,AVAILABLE
3e7e5ca198166f7e37b548464951d19a5e3542230e9bbbd11e4e1ef78613f965,JUNCTIONS,443,hadron_count,normalized_yield,per_event,0x1.ff92f2b66b617p-11,AVAILABLE,AVAILABLE
ec7de9971b46078de30fd2c1526d924a89ce67fc7632198a10ec390854ea6c74,MONASH,443,hadron_count,normalized_yield,per_event,0x1.9c09b662273c8p-11,AVAILABLE,AVAILABLE
7e57272f2e38d2a16204a4b79d3860bb9d046f7975f99105bcc297030681f043,CLOSEPACKING,443,hadron_count,raw_count,count,0x1.6186000000000p+16,AVAILABLE,WITHHELD_UNCERTAINTY
ca88dce66d04dee897fba03e54fddd2dbb21eb16548b260384a5b09b7196db36,JUNCTIONS,443,hadron_count,raw_count,count,0x1.7d27000000000p+16,AVAILABLE,WITHHELD_UNCERTAINTY
08fc3084f682aab1f6820916aa56beeed841ad96d6229955055394db1d5f06bb,MONASH,443,hadron_count,raw_count,count,0x1.32fe000000000p+16,AVAILABLE,WITHHELD_UNCERTAINTY
ca087ea566810aadae6b263750ddfc5e4f25619c7a6d62948c537d0d01fa746a,CLOSEPACKING,443,hadron_count,raw_weighted_sum,weighted_count,0x1.6186000000000p+16,AVAILABLE,WITHHELD_UNCERTAINTY
964707045cb2bcd5f3deb5a753adaf42224c4a3680563ef7772f23c5f54c78ef,JUNCTIONS,443,hadron_count,raw_weighted_sum,weighted_count,0x1.7d27000000000p+16,AVAILABLE,WITHHELD_UNCERTAINTY
c03ee41ae866ade3a0597659217ec19a30da2aa901043e559dfab5f0c0a3540b,MONASH,443,hadron_count,raw_weighted_sum,weighted_count,0x1.32fe000000000p+16,AVAILABLE,WITHHELD_UNCERTAINTY
2abe0ddb587c588ffab7296f5787b0ea3b6163ed2ed2c4dc8a710c053549698a,CLOSEPACKING,4432,beauty_plus_antibeauty_constituent_count,raw_count,count,0x0.0p+0,AVAILABLE,WITHHELD_UNCERTAINTY
b5eedd21cd00f8553b0c5589c3c9212046d90b514b278d8c240461e128c6b09a,JUNCTIONS,4432,beauty_plus_antibeauty_constituent_count,raw_count,count,0x0.0p+0,AVAILABLE,WITHHELD_UNCERTAINTY
e70f631e6bef1220e4f041ec5fd593f65e05d5a70a87c9a80e3465232ea703d9,MONASH,4432,beauty_plus_antibeauty_constituent_count,raw_count,count,0x0.0p+0,AVAILABLE,WITHHELD_UNCERTAINTY
13fe6916a7748974e14179d96566bf77e0a0a0e2d0e3f1fae0bd641f3ee07100,CLOSEPACKING,4432,beauty_plus_antibeauty_constituent_count,raw_weighted_sum,weighted_count,0x0.0p+0,AVAILABLE,WITHHELD_UNCERTAINTY
23a331f16f7a999872321e150a56a7c0ec9c6ff005daaf447730788cd70c6087,JUNCTIONS,4432,beauty_plus_antibeauty_constituent_count,raw_weighted_sum,weighted_count,0x0.0p+0,AVAILABLE,WITHHELD_UNCERTAINTY
631f8ef7767fe3f35ae1933d53788403ae61e6d5bcfff2619c203c3481296518,MONASH,4432,beauty_plus_antibeauty_constituent_count,raw_weighted_sum,weighted_count,0x0.0p+0,AVAILABLE,WITHHELD_UNCERTAINTY
d3cdb244811b9923ed83fbb0fc08c33e8cee418214df255cf352b6400af98b4e,CLOSEPACKING,4432,charm_plus_anticharm_constituent_count,raw_count,count,0x1.8b00000000000p+11,AVAILABLE,WITHHELD_UNCERTAINTY
2fe0273f1d66eb1673da068529c602579de4435760d57cbc00c44510f3dc437d,JUNCTIONS,4432,charm_plus_anticharm_constituent_count,raw_count,count,0x1.c0c0000000000p+11,AVAILABLE,WITHHELD_UNCERTAINTY
5ca4db5e568b040b867d2fadcb07eba0c54a36829035a8beade9891e1cd8bb35,MONASH,4432,charm_plus_anticharm_constituent_count,raw_count,count,0x0.0p+0,AVAILABLE,WITHHELD_UNCERTAINTY
906bd400e43fd187ab437e795581c3ae9c3a955f3a06e7fb815869fd468f531c,CLOSEPACKING,4432,charm_plus_anticharm_constituent_count,raw_weighted_sum,weighted_count,0x1.8b00000000000p+11,AVAILABLE,WITHHELD_UNCERTAINTY
c14a286aa4203d761f3e30baf20caefeece244ff63bec2f56ba3b9b7f500e66f,JUNCTIONS,4432,charm_plus_anticharm_constituent_count,raw_weighted_sum,weighted_count,0x1.c0c0000000000p+11,AVAILABLE,WITHHELD_UNCERTAINTY
8caf5fdec5f9a4bbabe5ec2cad418edd1b9602090f5edf760b9665762bd19c80,MONASH,4432,charm_plus_anticharm_constituent_count,raw_weighted_sum,weighted_count,0x0.0p+0,AVAILABLE,WITHHELD_UNCERTAINTY
641b4ac1562244bcf89c0ed0a1fa5fa19dc094889fa999c2062a2b1ff4ecd43d,CLOSEPACKING,4432,hadron_count,normalized_yield,per_event,0x1.09147bb80742fp-16,AVAILABLE,AVAILABLE
b035041c3b8da0d1e9cb76af760932542c28391cc577e77cb51cfa706a6ab506,JUNCTIONS,4432,hadron_count,normalized_yield,per_event,0x1.2d26a9b7f4ce7p-16,AVAILABLE,AVAILABLE
96fa29522e3fd13eaf1d9880975b143c4152d84159947a2907e37dc88253a45b,MONASH,4432,hadron_count,normalized_yield,per_event,0x0.0p+0,AVAILABLE,AVAILABLE_ZERO_DISPERSION
b68e21799a523bd2d963f34c2afcb4c87d2f17e08cf189fd4164cfbe3ec10712,CLOSEPACKING,4432,hadron_count,raw_count,count,0x1.8b00000000000p+10,AVAILABLE,WITHHELD_UNCERTAINTY
a32dfdb9d771dfdb3bc6bdac3370c05ea3b899757352b1e970e3662ee4d4bf79,JUNCTIONS,4432,hadron_count,raw_count,count,0x1.c0c0000000000p+10,AVAILABLE,WITHHELD_UNCERTAINTY
67b02ada6e79ee7e1d0cbd7f13680fc7bbb9172142e3291383e90e0bd810dce6,MONASH,4432,hadron_count,raw_count,count,0x0.0p+0,AVAILABLE,WITHHELD_UNCERTAINTY
9c4293102ab42b1db10304cbb465c39841b1def8b701faa0ca7234c81896c3e4,CLOSEPACKING,4432,hadron_count,raw_weighted_sum,weighted_count,0x1.8b00000000000p+10,AVAILABLE,WITHHELD_UNCERTAINTY
60eb2cea0120b99d3e03e2346d3039a8169221d83d1557ccb1c275f83f942d29,JUNCTIONS,4432,hadron_count,raw_weighted_sum,weighted_count,0x1.c0c0000000000p+10,AVAILABLE,WITHHELD_UNCERTAINTY
e006be5cc2f20d7863ef31f30bc3ef29d4788c700523b8bd84126c446e881db6,MONASH,4432,hadron_count,raw_weighted_sum,weighted_count,0x0.0p+0,AVAILABLE,WITHHELD_UNCERTAINTY
685057df6eeacf819293b3c0242e40f81f24106a91959db759bc99b6566c07ba,CLOSEPACKING,4434,beauty_plus_antibeauty_constituent_count,raw_count,count,0x0.0p+0,AVAILABLE,WITHHELD_UNCERTAINTY
51f27890dd6eaaf6233395d763e6715589c685099826cedaca1589a5852dc490,JUNCTIONS,4434,beauty_plus_antibeauty_constituent_count,raw_count,count,0x0.0p+0,AVAILABLE,WITHHELD_UNCERTAINTY
5d4fb08cd50fce64b6e794731d917a1de139b645491ac8554625c4aeec67d6f6,MONASH,4434,beauty_plus_antibeauty_constituent_count,raw_count,count,0x0.0p+0,AVAILABLE,WITHHELD_UNCERTAINTY
ad9f6088d41b13d0e3572248b0a38d7bc44f4f0faef04baa37bcad6785e2cea3,CLOSEPACKING,4434,beauty_plus_antibeauty_constituent_count,raw_weighted_sum,weighted_count,0x0.0p+0,AVAILABLE,WITHHELD_UNCERTAINTY
1fd3037759d1e3079e31e1ce2b3554e22c1bf154850dc678b94471868b281fb6,JUNCTIONS,4434,beauty_plus_antibeauty_constituent_count,raw_weighted_sum,weighted_count,0x0.0p+0,AVAILABLE,WITHHELD_UNCERTAINTY
bdb1b1988e3721854eeb6af2eaba0ea5fdeefbc5c730cb38a6c38e714a2ecb3b,MONASH,4434,beauty_plus_antibeauty_constituent_count,raw_weighted_sum,weighted_count,0x0.0p+0,AVAILABLE,WITHHELD_UNCERTAINTY
2da887ccbeb0bb3bdcc4c47d3ae527241712c04b2eb81d889e8e6af513889fd7,CLOSEPACKING,4434,charm_plus_anticharm_constituent_count,raw_count,count,0x1.0200000000000p+12,AVAILABLE,WITHHELD_UNCERTAINTY
a4e0b2c282be835f0040d3c6fcb4005d9b7842e2118feb9dc0dccef00a7e30eb,JUNCTIONS,4434,charm_plus_anticharm_constituent_count,raw_count,count,0x1.c380000000000p+10,AVAILABLE,WITHHELD_UNCERTAINTY
e29120ad7fe9b0bec8ebffd9f48034c89f806fac2e2d60483b4095f1e53fcda3,MONASH,4434,charm_plus_anticharm_constituent_count,raw_count,count,0x1.0000000000000p+1,AVAILABLE,WITHHELD_UNCERTAINTY
7f941a8835a092108727e5723262bea77ff2bd3cc52d411fed9f3a8975393b8f,CLOSEPACKING,4434,charm_plus_anticharm_constituent_count,raw_weighted_sum,weighted_count,0x1.0200000000000p+12,AVAILABLE,WITHHELD_UNCERTAINTY
b70133c2c2006304e465d898bb27be8dd7a5fd80ec975cfd90f04a1ea0818bf0,JUNCTIONS,4434,charm_plus_anticharm_constituent_count,raw_weighted_sum,weighted_count,0x1.c380000000000p+10,AVAILABLE,WITHHELD_UNCERTAINTY
84987e582fc79802f0144a2589aca94f8b0bb32552ee8aaadc4406a53af5f1b4,MONASH,4434,charm_plus_anticharm_constituent_count,raw_weighted_sum,weighted_count,0x1.0000000000000p+1,AVAILABLE,WITHHELD_UNCERTAINTY
a09b1b3da874b116ef6921c6cab968299ec9203e1ff19d8ace7ceb1508dd0810,CLOSEPACKING,4434,hadron_count,normalized_yield,per_event,0x1.5a481fff4ed52p-16,AVAILABLE,AVAILABLE
1794d72f0a2051df0e64eb16a2ecbbb22bdb6a993c8f6286b44e7f66e9d00d0c,JUNCTIONS,4434,hadron_count,normalized_yield,per_event,0x1.2eff1bff64fa8p-17,AVAILABLE,AVAILABLE
c822d19026a3d562e861d2be95fec0168049cfda399243ce325dbcff6bcff114,MONASH,4434,hadron_count,normalized_yield,per_event,0x1.5798ee2308c3ap-27,AVAILABLE,AVAILABLE
4bc838f89823b3d2fcabf2bcdf81f70734281c1e6d0a30294fca4aac0a9186d9,CLOSEPACKING,4434,hadron_count,raw_count,count,0x1.0200000000000p+11,AVAILABLE,WITHHELD_UNCERTAINTY
d5b66bc047b410ea0da9dfbf4d87ffe83e892bac961bc46880c9dc78d4fa58bc,JUNCTIONS,4434,hadron_count,raw_count,count,0x1.c380000000000p+9,AVAILABLE,WITHHELD_UNCERTAINTY
3626dc79d7f36d774ed353b742bde8c2e6396243fa517942ac2c7500f49d8d55,MONASH,4434,hadron_count,raw_count,count,0x1.0000000000000p+0,AVAILABLE,WITHHELD_UNCERTAINTY
67ce783c7db012f01edb160922df74f6fe04506135a582f3fe815f2a6043cb10,CLOSEPACKING,4434,hadron_count,raw_weighted_sum,weighted_count,0x1.0200000000000p+11,AVAILABLE,WITHHELD_UNCERTAINTY
c246910f8dbfcc8f205871e40d47375c2ed45b2c469ea3ff701cc2b1051b066c,JUNCTIONS,4434,hadron_count,raw_weighted_sum,weighted_count,0x1.c380000000000p+9,AVAILABLE,WITHHELD_UNCERTAINTY
b59028a1e32dda9c2271257ffb0e5cb23818a8799ab1f6395474466d646fbf96,MONASH,4434,hadron_count,raw_weighted_sum,weighted_count,0x1.0000000000000p+0,AVAILABLE,WITHHELD_UNCERTAINTY
2ce5286de9b2395f10b61a05dfb84b5fefe25eaaf584d7a5104371eb43658f5e,CLOSEPACKING,4444,beauty_plus_antibeauty_constituent_count,raw_count,count,0x0.0p+0,AVAILABLE,WITHHELD_UNCERTAINTY
2881708d6f2694902b89ca46c8bccab731682e3f688be6cfb3ec52bb0844f8f3,JUNCTIONS,4444,beauty_plus_antibeauty_constituent_count,raw_count,count,0x0.0p+0,AVAILABLE,WITHHELD_UNCERTAINTY
55afbeeaef0f49ae20cd97ea929a5214a0c13a3918bf986b1af62d6cc299a023,MONASH,4444,beauty_plus_antibeauty_constituent_count,raw_count,count,0x0.0p+0,AVAILABLE,WITHHELD_UNCERTAINTY
27e21c6428bcfa6986e94f3cf1f916badae86df0618f4f469a930847886031ec,CLOSEPACKING,4444,beauty_plus_antibeauty_constituent_count,raw_weighted_sum,weighted_count,0x0.0p+0,AVAILABLE,WITHHELD_UNCERTAINTY
372f3d2be5f7c85afc9c5c01ece2488706fbd8d91e4f85c985822246009c2729,JUNCTIONS,4444,beauty_plus_antibeauty_constituent_count,raw_weighted_sum,weighted_count,0x0.0p+0,AVAILABLE,WITHHELD_UNCERTAINTY
6768bdf9b843541575727de8dcc1fcd0c638d38dc5b418e7c414c0cd81b76494,MONASH,4444,beauty_plus_antibeauty_constituent_count,raw_weighted_sum,weighted_count,0x0.0p+0,AVAILABLE,WITHHELD_UNCERTAINTY
5016e1a73947b18abf40fc84c5e7b1336923cffa25479a7252268f2d45c09972,CLOSEPACKING,4444,charm_plus_anticharm_constituent_count,raw_count,count,0x1.8000000000000p+5,AVAILABLE,WITHHELD_UNCERTAINTY
d2ece3c8d4392b77eab5dc2a2786b3cf1ecb2cee3da9ab9c17bd7e888a604dab,JUNCTIONS,4444,charm_plus_anticharm_constituent_count,raw_count,count,0x1.0800000000000p+5,AVAILABLE,WITHHELD_UNCERTAINTY
06d8a73e23745c0ef77ace71432cdf35b185e36496edf5e4d5d7d6e096f28bdc,MONASH,4444,charm_plus_anticharm_constituent_count,raw_count,count,0x0.0p+0,AVAILABLE,WITHHELD_UNCERTAINTY
0ecb6359a3485e932472b5ed87f5e609adcf6ba0505f221beb7fdff16ce8cf2e,CLOSEPACKING,4444,charm_plus_anticharm_constituent_count,raw_weighted_sum,weighted_count,0x1.8000000000000p+5,AVAILABLE,WITHHELD_UNCERTAINTY
488bc6e1a63e39c07c61feee072f7685b8b68cb728649e4f8e060431132aa854,JUNCTIONS,4444,charm_plus_anticharm_constituent_count,raw_weighted_sum,weighted_count,0x1.0800000000000p+5,AVAILABLE,WITHHELD_UNCERTAINTY
ced0cb6c36a3b29ded608ef3d99ec52cb6b09669263fffe4d4ae60c735e5e059,MONASH,4444,charm_plus_anticharm_constituent_count,raw_weighted_sum,weighted_count,0x0.0p+0,AVAILABLE,WITHHELD_UNCERTAINTY
c737d5551678996ab2321a441b73d96b6beeb1d09a3b085bf2b80df66af4f2a8,CLOSEPACKING,4444,hadron_count,normalized_yield,per_event,0x1.5798ee2308c3ap-23,AVAILABLE,AVAILABLE
21d55a5c8a5c81cf5e1056e7f66f38b2b6d8e35a1dfe62f287b407ccd54e5dfd,JUNCTIONS,4444,hadron_count,normalized_yield,per_event,0x1.d87247702c0d0p-24,AVAILABLE,AVAILABLE
9fa3bd3f74d590adaa62bb69d1914d220d3c8c3b36af571d47c216ec14954fc3,MONASH,4444,hadron_count,normalized_yield,per_event,0x0.0p+0,AVAILABLE,AVAILABLE_ZERO_DISPERSION
673a24e0e07167a45e1f8ae265bace305dc6900c9b1e6ee47fe94d8f25faa875,CLOSEPACKING,4444,hadron_count,raw_count,count,0x1.0000000000000p+4,AVAILABLE,WITHHELD_UNCERTAINTY
c838986771b30f6678e0b9a34418b97dec051edf7d91f369090dbe5914e72be8,JUNCTIONS,4444,hadron_count,raw_count,count,0x1.6000000000000p+3,AVAILABLE,WITHHELD_UNCERTAINTY
46eec9a4f5638339872bb14e51c247258830f9d439f1ad3e085cce9a207567ca,MONASH,4444,hadron_count,raw_count,count,0x0.0p+0,AVAILABLE,WITHHELD_UNCERTAINTY
77207a8e7e75ed0a1615415701351f02a4945abbad75e8b1ee99f054071a4535,CLOSEPACKING,4444,hadron_count,raw_weighted_sum,weighted_count,0x1.0000000000000p+4,AVAILABLE,WITHHELD_UNCERTAINTY
a30df90d30a94e7de2f0f9359c1fc82e5d60f8df7f376b5e6d3a463bdf8771f8,JUNCTIONS,4444,hadron_count,raw_weighted_sum,weighted_count,0x1.6000000000000p+3,AVAILABLE,WITHHELD_UNCERTAINTY
a379be295f2b0e54714acc7d952618a2c4100ffd0ed0c7f8734e18bc0b491409,MONASH,4444,hadron_count,raw_weighted_sum,weighted_count,0x0.0p+0,AVAILABLE,WITHHELD_UNCERTAINTY
dd01a7e6f885707b1893f3ab55b0fa6e0754fbe73e5e598ee74c8d94bfba646b,CLOSEPACKING,445,beauty_plus_antibeauty_constituent_count,raw_count,count,0x0.0p+0,AVAILABLE,WITHHELD_UNCERTAINTY
3b4d4b7bb3deadf79780882a5eb2df5f3aa9749935b2fde97590c219393ca406,JUNCTIONS,445,beauty_plus_antibeauty_constituent_count,raw_count,count,0x0.0p+0,AVAILABLE,WITHHELD_UNCERTAINTY
62acc26ae2ef0d3b929b3a8c49ddbd5f504da25ddc7c276c3fcd97e58d4edb7a,MONASH,445,beauty_plus_antibeauty_constituent_count,raw_count,count,0x0.0p+0,AVAILABLE,WITHHELD_UNCERTAINTY
56ee5cb810d9974aa71f841782a7d2bbaa4b14dcb2163921a61bab5ad5852b9e,CLOSEPACKING,445,beauty_plus_antibeauty_constituent_count,raw_weighted_sum,weighted_count,0x0.0p+0,AVAILABLE,WITHHELD_UNCERTAINTY
ccd110c24306596dbe2fe23da43a25a1c7e5ce58809575d88decde396137d294,JUNCTIONS,445,beauty_plus_antibeauty_constituent_count,raw_weighted_sum,weighted_count,0x0.0p+0,AVAILABLE,WITHHELD_UNCERTAINTY
3c1335ce7d3d6eb5e620895a5a3575b0e4cc34fa04adb592c3fb227cf8ca7610,MONASH,445,beauty_plus_antibeauty_constituent_count,raw_weighted_sum,weighted_count,0x0.0p+0,AVAILABLE,WITHHELD_UNCERTAINTY
c5921152f7f6994a1955f9fc2a41cbcd80da3176f498b9b46adfea927bc42e66,CLOSEPACKING,445,charm_plus_anticharm_constituent_count,raw_count,count,0x1.0d5dc00000000p+19,AVAILABLE,WITHHELD_UNCERTAINTY
ef63940e61ba2afaf88b5d21dd385c31abb0efc75cd0eec248520c507c651e06,JUNCTIONS,445,charm_plus_anticharm_constituent_count,raw_count,count,0x1.1e00800000000p+19,AVAILABLE,WITHHELD_UNCERTAINTY
dfe2e6f31b9ef1b40214a09e0688a44809b7a2b96e5d8b3d9bf8d5e78871dce6,MONASH,445,charm_plus_anticharm_constituent_count,raw_count,count,0x1.e5b2800000000p+18,AVAILABLE,WITHHELD_UNCERTAINTY
adb83ac5d1d766cbac7ca27d1cca433a6d186dd57c762f1e94f9382876560c91,CLOSEPACKING,445,charm_plus_anticharm_constituent_count,raw_weighted_sum,weighted_count,0x1.0d5dc00000000p+19,AVAILABLE,WITHHELD_UNCERTAINTY
50d302b87ba2d9a0673dff454dac1b747dbcf9d361e8e5e7471f5600c807a1b9,JUNCTIONS,445,charm_plus_anticharm_constituent_count,raw_weighted_sum,weighted_count,0x1.1e00800000000p+19,AVAILABLE,WITHHELD_UNCERTAINTY
0b6c07825a784a182df9bc51c32e13871cabb4bb0a377823a4c59fffb53d96d8,MONASH,445,charm_plus_anticharm_constituent_count,raw_weighted_sum,weighted_count,0x1.e5b2800000000p+18,AVAILABLE,WITHHELD_UNCERTAINTY
d3e0ed29e7efd7212aa0936878c7a74aaa00dd1bc0e73d297b69f3930f7b895e,CLOSEPACKING,445,hadron_count,normalized_yield,per_event,0x1.6989867c058a0p-9,AVAILABLE,AVAILABLE
d9f8cc4350ec7adbedd82894d7f5bad82ea2df7f2bfa17e17ec972104ca52368,JUNCTIONS,445,hadron_count,normalized_yield,per_event,0x1.7fdd85d79adc1p-9,AVAILABLE,AVAILABLE
05ad3154b67f88ccb7d1516447d155c263f2c5b86dddd080cccb95d6aab5c380,MONASH,445,hadron_count,normalized_yield,per_event,0x1.45f227a535842p-9,AVAILABLE,AVAILABLE
b2f9a33cbfc7ee3d3df996e072304de332078831df9f606d64d099ed76b93431,CLOSEPACKING,445,hadron_count,raw_count,count,0x1.0d5dc00000000p+18,AVAILABLE,WITHHELD_UNCERTAINTY
0f3d982d6ade6731ddf8511564652f6a300d29dcd5280d3226cdcab8fb048715,JUNCTIONS,445,hadron_count,raw_count,count,0x1.1e00800000000p+18,AVAILABLE,WITHHELD_UNCERTAINTY
c638deca6f80f02785dee07a19c1ef18bb7111aa1a9db0579c2c22e3f3080d32,MONASH,445,hadron_count,raw_count,count,0x1.e5b2800000000p+17,AVAILABLE,WITHHELD_UNCERTAINTY
e59fb56d9eac8cd0cded35ee5c7640190c457276d9e27811904185abf46e16ad,CLOSEPACKING,445,hadron_count,raw_weighted_sum,weighted_count,0x1.0d5dc00000000p+18,AVAILABLE,WITHHELD_UNCERTAINTY
95d96330beb90dec6edd0a18b7a26e6361c3252ab78b7955b9df53bf2129107e,JUNCTIONS,445,hadron_count,raw_weighted_sum,weighted_count,0x1.1e00800000000p+18,AVAILABLE,WITHHELD_UNCERTAINTY
c5084ec50abf5e8f5f68006204b00ee0a97af79214d7980482f242662011633a,MONASH,445,hadron_count,raw_weighted_sum,weighted_count,0x1.e5b2800000000p+17,AVAILABLE,WITHHELD_UNCERTAINTY
eaee218821a80a09008367a28e7ceeab2f84b2be471e8aa63eb3fea3efdcf2a5,CLOSEPACKING,511,beauty_plus_antibeauty_constituent_count,raw_count,count,0x1.42c7000000000p+20,AVAILABLE,WITHHELD_UNCERTAINTY
ef1d4fc8b9e1aeaac691a5b0f944a3d7c5e6d4c4b1995be7fe6b82fa78b8c59a,JUNCTIONS,511,beauty_plus_antibeauty_constituent_count,raw_count,count,0x1.4a03700000000p+20,AVAILABLE,WITHHELD_UNCERTAINTY
b009d1b760ccade0cd5cde8dff7718872852681ce99b093118ea61b8c2af1967,MONASH,511,beauty_plus_antibeauty_constituent_count,raw_count,count,0x1.c58dd00000000p+20,AVAILABLE,WITHHELD_UNCERTAINTY
5283a652280fd7fff8d15b5a67a99247c9649373a5d36456daf23e9e7778d2bb,CLOSEPACKING,511,beauty_plus_antibeauty_constituent_count,raw_weighted_sum,weighted_count,0x1.42c7000000000p+20,AVAILABLE,WITHHELD_UNCERTAINTY
7bda5cf90ded402c5f9ccdac4f3729894f9762d561b0e8fbd03f24341b97fe77,JUNCTIONS,511,beauty_plus_antibeauty_constituent_count,raw_weighted_sum,weighted_count,0x1.4a03700000000p+20,AVAILABLE,WITHHELD_UNCERTAINTY
828da86a86b18cbd817c473cd67b365b6d6a9b7eef58704690cb327da9b2d902,MONASH,511,beauty_plus_antibeauty_constituent_count,raw_weighted_sum,weighted_count,0x1.c58dd00000000p+20,AVAILABLE,WITHHELD_UNCERTAINTY
69e93ff37c67a82cd31098d890fa593a7e58f45a79fc38df8632745d980706c2,CLOSEPACKING,511,charm_plus_anticharm_constituent_count,raw_count,count,0x0.0p+0,AVAILABLE,WITHHELD_UNCERTAINTY
86b13c893c7b70db80f3024a78c5a96d5847c3e8d6153b2b6e828a93f8587129,JUNCTIONS,511,charm_plus_anticharm_constituent_count,raw_count,count,0x0.0p+0,AVAILABLE,WITHHELD_UNCERTAINTY
a604755c680a88de644e68efe9a1181ede9d33070386ef70b31f828242ffa4c9,MONASH,511,charm_plus_anticharm_constituent_count,raw_count,count,0x0.0p+0,AVAILABLE,WITHHELD_UNCERTAINTY
a43c19460d04c51a873cd5cf549143bced5354314c29fb5ebd354ef040f72d2c,CLOSEPACKING,511,charm_plus_anticharm_constituent_count,raw_weighted_sum,weighted_count,0x0.0p+0,AVAILABLE,WITHHELD_UNCERTAINTY
078fa74d2be379b030ddd2f689a5eef6e0a99ffc3d62e633f379cd625422d677,JUNCTIONS,511,charm_plus_anticharm_constituent_count,raw_weighted_sum,weighted_count,0x0.0p+0,AVAILABLE,WITHHELD_UNCERTAINTY
9bac3526c21c2078dad0e6ec49e01c29dd1f801870b401d3e1f30e5e174d64a1,MONASH,511,charm_plus_anticharm_constituent_count,raw_weighted_sum,weighted_count,0x0.0p+0,AVAILABLE,WITHHELD_UNCERTAINTY
93c36498ad5e7c98b601330a63b298fb6b95fb0ff9dc6fd31bf18520cc59dad2,CLOSEPACKING,511,hadron_count,normalized_yield,per_event,0x1.b13973692e41ep-7,AVAILABLE,AVAILABLE
6a2b3cc604c08084ea2bccf9d041ce5368deab9d6c1236f712308d6d3bf185fe,JUNCTIONS,511,hadron_count,normalized_yield,per_event,0x1.baefc016dbe49p-7,AVAILABLE,AVAILABLE
b7792da3e8a02ab329333d0ff322c22e613a0fdb22d7cd107b24a258bc21845b,MONASH,511,hadron_count,normalized_yield,per_event,0x1.305ff9e5b4a54p-6,AVAILABLE,AVAILABLE
13f714f788333b748268f75ea77f03f42ce74334a355f0d5c803c2d4a067e29e,CLOSEPACKING,511,hadron_count,raw_count,count,0x1.42c7000000000p+20,AVAILABLE,WITHHELD_UNCERTAINTY
e72e49ab7e3cb42145796c3c1af07398fc64b0e78b778580f75191217eb28254,JUNCTIONS,511,hadron_count,raw_count,count,0x1.4a03700000000p+20,AVAILABLE,WITHHELD_UNCERTAINTY
ecb0e800dbeca2b845dec6bc71e65ed88eef4045af1383334266b8779c91fb42,MONASH,511,hadron_count,raw_count,count,0x1.c58dd00000000p+20,AVAILABLE,WITHHELD_UNCERTAINTY
20ed141c87f27bc04d76f3a817dc2af47f7bf047a891f0cd26c016b2b74f7953,CLOSEPACKING,511,hadron_count,raw_weighted_sum,weighted_count,0x1.42c7000000000p+20,AVAILABLE,WITHHELD_UNCERTAINTY
9b8f805be97e581e13a819023d76f63c3ed4552b09f6fe98f2e7a97123916f1b,JUNCTIONS,511,hadron_count,raw_weighted_sum,weighted_count,0x1.4a03700000000p+20,AVAILABLE,WITHHELD_UNCERTAINTY
48ca7cb751d38dd63a6a7e4b3e225ee1367758b2b875da048963a0f7298c29d1,MONASH,511,hadron_count,raw_weighted_sum,weighted_count,0x1.c58dd00000000p+20,AVAILABLE,WITHHELD_UNCERTAINTY
1a9052b88826592943cd9eb6c8f289230f2e20c7513526b8ad4d4fa46a0e1ffc,CLOSEPACKING,5112,beauty_plus_antibeauty_constituent_count,raw_count,count,0x1.cbcc400000000p+18,AVAILABLE,WITHHELD_UNCERTAINTY
b7fc17c5888dffb60e023e3ab71d927caeb7206c9fdd02fb06183d4033a9220c,JUNCTIONS,5112,beauty_plus_antibeauty_constituent_count,raw_count,count,0x1.a416e00000000p+19,AVAILABLE,WITHHELD_UNCERTAINTY
c611a289e741bf25b93c6b3e518bf602a6b725fd0d802b8670c90b39aa142bae,MONASH,5112,beauty_plus_antibeauty_constituent_count,raw_count,count,0x1.0dae000000000p+15,AVAILABLE,WITHHELD_UNCERTAINTY
13b5e68b1b7e5ecbeea110bda362dc6c0b5363447b586d4952c3050dafec5295,CLOSEPACKING,5112,beauty_plus_antibeauty_constituent_count,raw_weighted_sum,weighted_count,0x1.cbcc400000000p+18,AVAILABLE,WITHHELD_UNCERTAINTY
75160b301dc76d62d92d3734b1ce0bc2969cd4c426f3cb38add68fc8f0ddbf5e,JUNCTIONS,5112,beauty_plus_antibeauty_constituent_count,raw_weighted_sum,weighted_count,0x1.a416e00000000p+19,AVAILABLE,WITHHELD_UNCERTAINTY
e7a555828ccc5196739a2cd53c3f197935ed7fd6cd646bb0cfdb2a7750561a09,MONASH,5112,beauty_plus_antibeauty_constituent_count,raw_weighted_sum,weighted_count,0x1.0dae000000000p+15,AVAILABLE,WITHHELD_UNCERTAINTY
19f83d2cea6b6c0596eba5e83652d75ae11c2446df7a700d75ba5e6f6c4fb8af,CLOSEPACKING,5112,charm_plus_anticharm_constituent_count,raw_count,count,0x0.0p+0,AVAILABLE,WITHHELD_UNCERTAINTY
29f3a0e07f3f341b6cf38e4308ff280ccf57133fe3b37284a148e2664796adf6,JUNCTIONS,5112,charm_plus_anticharm_constituent_count,raw_count,count,0x0.0p+0,AVAILABLE,WITHHELD_UNCERTAINTY
d6f8b34ddb96f0bd2020ff9eca4a05fc2ecc35cfd1f350bd883d986ee2cb9b90,MONASH,5112,charm_plus_anticharm_constituent_count,raw_count,count,0x0.0p+0,AVAILABLE,WITHHELD_UNCERTAINTY
a8d6ef0472c2924d0e51d099391d347738676fed69b807e889f9468c37f62e24,CLOSEPACKING,5112,charm_plus_anticharm_constituent_count,raw_weighted_sum,weighted_count,0x0.0p+0,AVAILABLE,WITHHELD_UNCERTAINTY
3cfe619072436cc90bb6e27a00c55a1c8c010fa19a96147b4982503adabec3e7,JUNCTIONS,5112,charm_plus_anticharm_constituent_count,raw_weighted_sum,weighted_count,0x0.0p+0,AVAILABLE,WITHHELD_UNCERTAINTY
85464a4ae9210aa6a51afba6557d9b152725b97ca6bb3bdfe6f0b7d12e858b7a,MONASH,5112,charm_plus_anticharm_constituent_count,raw_weighted_sum,weighted_count,0x0.0p+0,AVAILABLE,WITHHELD_UNCERTAINTY
fec356e3745a8a5779daee24bb601b04acab0bc5b1fb940f76cacf7a2d4466d2,CLOSEPACKING,5112,hadron_count,normalized_yield,per_event,0x1.3490ab5e68154p-8,AVAILABLE,AVAILABLE
345354a24cf026aaba9d85645b4c7bd327bb81b098dd9af9e9cb5e21c18f3d8e,JUNCTIONS,5112,hadron_count,normalized_yield,per_event,0x1.19eacd3de0e13p-7,AVAILABLE,AVAILABLE
abc75f92c32115e640f877580294e0c7356e58a37e1cd1284e1efa7cd7941639,MONASH,5112,hadron_count,normalized_yield,per_event,0x1.69f53c2cac058p-12,AVAILABLE,AVAILABLE
66e25faf8125501d9f75172060769476698569f688a1bf53d19f5b2aa465b981,CLOSEPACKING,5112,hadron_count,raw_count,count,0x1.cbcc400000000p+18,AVAILABLE,WITHHELD_UNCERTAINTY
6cc03987fc4376ed4e4bc28a2df1544dc8c176b20034894937fa5d40908e05b2,JUNCTIONS,5112,hadron_count,raw_count,count,0x1.a416e00000000p+19,AVAILABLE,WITHHELD_UNCERTAINTY
f70eec7fb47078834edd88d3247c099d3e9bba8a6e20f642e757c6dda662bac5,MONASH,5112,hadron_count,raw_count,count,0x1.0dae000000000p+15,AVAILABLE,WITHHELD_UNCERTAINTY
5c9930f645bbcbfcc7f4a8d41b0572fa609bfe776b7c512b80faeee0b1629665,CLOSEPACKING,5112,hadron_count,raw_weighted_sum,weighted_count,0x1.cbcc400000000p+18,AVAILABLE,WITHHELD_UNCERTAINTY
d08785899d1e0c09837ba89f58c45c633cbbbfc24449d67917f61705adab1bd0,JUNCTIONS,5112,hadron_count,raw_weighted_sum,weighted_count,0x1.a416e00000000p+19,AVAILABLE,WITHHELD_UNCERTAINTY
65d6f19730eca0ef94d98c30dd79c82ab9ff0d333a7a6fd3aa454da0e652ed24,MONASH,5112,hadron_count,raw_weighted_sum,weighted_count,0x1.0dae000000000p+15,AVAILABLE,WITHHELD_UNCERTAINTY
37b76ba8c3c9cc854af73d53374fef1e371296ef933d0cdfab4fc1f9641bca60,CLOSEPACKING,5114,beauty_plus_antibeauty_constituent_count,raw_count,count,0x1.b35e400000000p+18,AVAILABLE,WITHHELD_UNCERTAINTY
3e0900cabc0bbb6bfefa6de7776aae58a0503cde58988e5490add2bb1c0b9e58,JUNCTIONS,5114,beauty_plus_antibeauty_constituent_count,raw_count,count,0x1.db8a000000000p+16,AVAILABLE,WITHHELD_UNCERTAINTY
1b45938c3cd4a04bb6fe0d9e2de2a175ea33c25048520cdf2ab6519096b0bb36,MONASH,5114,beauty_plus_antibeauty_constituent_count,raw_count,count,0x1.812c000000000p+15,AVAILABLE,WITHHELD_UNCERTAINTY
190b45aa716c6db1579d96d7f6ec8a5372b515244e34f7cf9fd5f7e0e96fccd8,CLOSEPACKING,5114,beauty_plus_antibeauty_constituent_count,raw_weighted_sum,weighted_count,0x1.b35e400000000p+18,AVAILABLE,WITHHELD_UNCERTAINTY
acef8b3991811654249f4554d3f12a75ba16cf17ab9198bb1129cae95ad399a1,JUNCTIONS,5114,beauty_plus_antibeauty_constituent_count,raw_weighted_sum,weighted_count,0x1.db8a000000000p+16,AVAILABLE,WITHHELD_UNCERTAINTY
ca42b3433ec41954cc2f4efa7c5ef78cf95cc4a7b7316b5340914377e3750e7d,MONASH,5114,beauty_plus_antibeauty_constituent_count,raw_weighted_sum,weighted_count,0x1.812c000000000p+15,AVAILABLE,WITHHELD_UNCERTAINTY
ee41f9fbf5c40822f217b6fc59915d42e25406db9466a2b32df164a7576cd3c6,CLOSEPACKING,5114,charm_plus_anticharm_constituent_count,raw_count,count,0x0.0p+0,AVAILABLE,WITHHELD_UNCERTAINTY
7e63cc048a89967fc7e91f11dd63288ce97ced794324d0236d928ed09d4a1d5a,JUNCTIONS,5114,charm_plus_anticharm_constituent_count,raw_count,count,0x0.0p+0,AVAILABLE,WITHHELD_UNCERTAINTY
2df73c1a45ec3a4f0e9d8e61b584ce1f20470b176f5484f894e50912d4b96e4a,MONASH,5114,charm_plus_anticharm_constituent_count,raw_count,count,0x0.0p+0,AVAILABLE,WITHHELD_UNCERTAINTY
4e6c540db100ba34c8477fade9708786b3a34d01262bba1451d88864940054d0,CLOSEPACKING,5114,charm_plus_anticharm_constituent_count,raw_weighted_sum,weighted_count,0x0.0p+0,AVAILABLE,WITHHELD_UNCERTAINTY
dc741681430592e3182debe2feb3ba2d8eb2ae53448df6eaeaf840d2bb46ac60,JUNCTIONS,5114,charm_plus_anticharm_constituent_count,raw_weighted_sum,weighted_count,0x0.0p+0,AVAILABLE,WITHHELD_UNCERTAINTY
11a31bae52b759b6e6506d87a509f94f71751780a0bb5a961f24a3ae48111dcc,MONASH,5114,charm_plus_anticharm_constituent_count,raw_weighted_sum,weighted_count,0x0.0p+0,AVAILABLE,WITHHELD_UNCERTAINTY
d3144f4fcba8019b0d3325f6b5a54081b657a643ec5f0fca7a6bb0e7e6b5f465,CLOSEPACKING,5114,hadron_count,normalized_yield,per_event,0x1.242bae599a253p-8,AVAILABLE,AVAILABLE
9749e946a02c540c8160a6285958b219adf54d63d3280eb3be1a77f47941c36b,JUNCTIONS,5114,hadron_count,normalized_yield,per_event,0x1.3f20fd25b012dp-10,AVAILABLE,AVAILABLE
d6b4076bf3b440afb3f2fc6e93baf8967583acdcb8a677b934c68670af0b6ba2,MONASH,5114,hadron_count,normalized_yield,per_event,0x1.027c0635cf19ep-11,AVAILABLE,AVAILABLE
15d8d86314e3e5c7fb93dc55bbac6c770c232723f61a54da70a247f62f37820c,CLOSEPACKING,5114,hadron_count,raw_count,count,0x1.b35e400000000p+18,AVAILABLE,WITHHELD_UNCERTAINTY
14e6dcbd07352da15b84ed6687938f7b6d59bbb8c4d066e70c81403927526d1f,JUNCTIONS,5114,hadron_count,raw_count,count,0x1.db8a000000000p+16,AVAILABLE,WITHHELD_UNCERTAINTY
1b76f427100d438e577f491ee6bc033821a5bd351349e82451236bf6939b03ba,MONASH,5114,hadron_count,raw_count,count,0x1.812c000000000p+15,AVAILABLE,WITHHELD_UNCERTAINTY
981224a4bd0cbb8cf78e3b94af1d08b2c0ceb32d2561ea5f5b0ff72d9b669962,CLOSEPACKING,5114,hadron_count,raw_weighted_sum,weighted_count,0x1.b35e400000000p+18,AVAILABLE,WITHHELD_UNCERTAINTY
0d4c6ca7f6a5f68b4df6d7c1a5299d6a1087f9fe999ea41cb016ef7f5df4962c,JUNCTIONS,5114,hadron_count,raw_weighted_sum,weighted_count,0x1.db8a000000000p+16,AVAILABLE,WITHHELD_UNCERTAINTY
02221870d2e24c055d3cb6e0882005b450ae93678c988ac28d46051da7dbeb2f,MONASH,5114,hadron_count,raw_weighted_sum,weighted_count,0x1.812c000000000p+15,AVAILABLE,WITHHELD_UNCERTAINTY
0e21f8aa2eb2ee845a8049875979005cb10e21e2409b7849f9acf0306d411e0e,CLOSEPACKING,5122,beauty_plus_antibeauty_constituent_count,raw_count,count,0x1.124ca00000000p+19,AVAILABLE,WITHHELD_UNCERTAINTY
bc5bd208a298b9fc461f302e96531419dee8d47247e3032c4b54d838efa54c67,JUNCTIONS,5122,beauty_plus_antibeauty_constituent_count,raw_count,count,0x1.2b73600000000p+19,AVAILABLE,WITHHELD_UNCERTAINTY
a9d8fad2d263418798a5ed05d05e9181a14d79dde29b6798da440eaef6e72a42,MONASH,5122,beauty_plus_antibeauty_constituent_count,raw_count,count,0x1.337c400000000p+18,AVAILABLE,WITHHELD_UNCERTAINTY
8ea8be4cee8b33e907650d53e0deb52edd52a1d926642e79179914d2b45ddbff,CLOSEPACKING,5122,beauty_plus_antibeauty_constituent_count,raw_weighted_sum,weighted_count,0x1.124ca00000000p+19,AVAILABLE,WITHHELD_UNCERTAINTY
b6b85429ca43a3a4c4f4d6f8cf02edebcd22d3eb70a45ca4b3af885cee3b1d58,JUNCTIONS,5122,beauty_plus_antibeauty_constituent_count,raw_weighted_sum,weighted_count,0x1.2b73600000000p+19,AVAILABLE,WITHHELD_UNCERTAINTY
504828aeb18480231a299f5f4d8ad249d7565d92bf2cc8f11f555923bc97a0bc,MONASH,5122,beauty_plus_antibeauty_constituent_count,raw_weighted_sum,weighted_count,0x1.337c400000000p+18,AVAILABLE,WITHHELD_UNCERTAINTY
a21a97c8bbc660608abef3577f8b028d8d865be7abb79f069b610dab129c5161,CLOSEPACKING,5122,charm_plus_anticharm_constituent_count,raw_count,count,0x0.0p+0,AVAILABLE,WITHHELD_UNCERTAINTY
e89b86b91a8c7aa19d09650da5948d56e835b9e40af78c46c24ef546aacf63a2,JUNCTIONS,5122,charm_plus_anticharm_constituent_count,raw_count,count,0x0.0p+0,AVAILABLE,WITHHELD_UNCERTAINTY
1524b78e7e07d8d96a63a7131927f3d18fff674cb880a05d57e5577373606155,MONASH,5122,charm_plus_anticharm_constituent_count,raw_count,count,0x0.0p+0,AVAILABLE,WITHHELD_UNCERTAINTY
2bc1ec1840d626a821f32ae402cc645a088282443393580c1b7758727a2588de,CLOSEPACKING,5122,charm_plus_anticharm_constituent_count,raw_weighted_sum,weighted_count,0x0.0p+0,AVAILABLE,WITHHELD_UNCERTAINTY
0ab6f51b2da4b1d5fada9c21397b24109cf1124334851f0d324821e436f171e6,JUNCTIONS,5122,charm_plus_anticharm_constituent_count,raw_weighted_sum,weighted_count,0x0.0p+0,AVAILABLE,WITHHELD_UNCERTAINTY
3eafb6e7f3878db0273b10527cb4f5efb7bc1582714e8b6438d6de1ab5113376,MONASH,5122,charm_plus_anticharm_constituent_count,raw_weighted_sum,weighted_count,0x0.0p+0,AVAILABLE,WITHHELD_UNCERTAINTY
34aff4c8861dc09ed1b7a7be15692ca518736657f31d7d1ceba0cc58bf9e7397,CLOSEPACKING,5122,hadron_count,normalized_yield,per_event,0x1.70288707c69dep-8,AVAILABLE,AVAILABLE
947a99c70fef4ed51f1b0dc3101ef9f3b7cad92af5d35d3050b7ff0cfac13cec,JUNCTIONS,5122,hadron_count,normalized_yield,per_event,0x1.91ea78af3e469p-8,AVAILABLE,AVAILABLE
7e50c1e7a5e1e0794399e821e7e624e17fc9950c8913d5b86f9af9afabd64a7c,MONASH,5122,hadron_count,normalized_yield,per_event,0x1.9cb3298d98039p-9,AVAILABLE,AVAILABLE
7d619eea133e204b3da4a18b94650220164c42b37066725a988e3626486741f8,CLOSEPACKING,5122,hadron_count,raw_count,count,0x1.124ca00000000p+19,AVAILABLE,WITHHELD_UNCERTAINTY
8002d7c9654dee1111ac8ad32287e843172e484047d56e84cea1198f2a98fbc4,JUNCTIONS,5122,hadron_count,raw_count,count,0x1.2b73600000000p+19,AVAILABLE,WITHHELD_UNCERTAINTY
9cdc758e065619de54cd860906c5e7710899876f17b067b097d04c71ee149773,MONASH,5122,hadron_count,raw_count,count,0x1.337c400000000p+18,AVAILABLE,WITHHELD_UNCERTAINTY
22323cfbb6f8fe1397ac55e5782c29d0381236ee5015c29edaeb7f8de6a052c3,CLOSEPACKING,5122,hadron_count,raw_weighted_sum,weighted_count,0x1.124ca00000000p+19,AVAILABLE,WITHHELD_UNCERTAINTY
a1855c6b8c5117dbafe45ae14ff832d402a628c7ea23a24c6ae641654c875475,JUNCTIONS,5122,hadron_count,raw_weighted_sum,weighted_count,0x1.2b73600000000p+19,AVAILABLE,WITHHELD_UNCERTAINTY
6580f9e11ec3f16403daecd674c05b69a914ddc058c0f438022fe9260134c438,MONASH,5122,hadron_count,raw_weighted_sum,weighted_count,0x1.337c400000000p+18,AVAILABLE,WITHHELD_UNCERTAINTY
5892151cc15f314ec6ef5f3f398780edd43175c08f1eb3846867fc03cc1542e4,CLOSEPACKING,513,beauty_plus_antibeauty_constituent_count,raw_count,count,0x1.5e81a80000000p+21,AVAILABLE,WITHHELD_UNCERTAINTY
0e6a8b8a73166408b3fe5800256720a20054b16f9c8fe5dfd261e7e4c33dbcc9,JUNCTIONS,513,beauty_plus_antibeauty_constituent_count,raw_count,count,0x1.6704380000000p+21,AVAILABLE,WITHHELD_UNCERTAINTY
a292f04269aa2b42b1393ba98f3e7f531b0fed919670a8d6f465bd0c2d587c11,MONASH,513,beauty_plus_antibeauty_constituent_count,raw_count,count,0x1.f085000000000p+21,AVAILABLE,WITHHELD_UNCERTAINTY
a55416f706ceb823cbfe41f0d9da5eae52e29fa90afef2ff842c3d4448860b27,CLOSEPACKING,513,beauty_plus_antibeauty_constituent_count,raw_weighted_sum,weighted_count,0x1.5e81a80000000p+21,AVAILABLE,WITHHELD_UNCERTAINTY
d00389254e9005084696d7b3bb48bbe85cbb84726fa96e5b7c0e21ba2c2e8f3b,JUNCTIONS,513,beauty_plus_antibeauty_constituent_count,raw_weighted_sum,weighted_count,0x1.6704380000000p+21,AVAILABLE,WITHHELD_UNCERTAINTY
a73035f83210b7e75155e9241d988efc9f0ca59b34d5d2edbbdbbb3107487e07,MONASH,513,beauty_plus_antibeauty_constituent_count,raw_weighted_sum,weighted_count,0x1.f085000000000p+21,AVAILABLE,WITHHELD_UNCERTAINTY
d83b5a8e4690b475fbe6c4ffffabff65da179475ca53136ad7e75d761450d63a,CLOSEPACKING,513,charm_plus_anticharm_constituent_count,raw_count,count,0x0.0p+0,AVAILABLE,WITHHELD_UNCERTAINTY
b1024e253a8dbd3ca94e90be37c10943b1987e8523c696fe8179be9fcbcf0531,JUNCTIONS,513,charm_plus_anticharm_constituent_count,raw_count,count,0x0.0p+0,AVAILABLE,WITHHELD_UNCERTAINTY
7472304cc67de2fc7b7f29ea0683e477ec1c920eab6fe32e07eb20482038d4a2,MONASH,513,charm_plus_anticharm_constituent_count,raw_count,count,0x0.0p+0,AVAILABLE,WITHHELD_UNCERTAINTY
bce1e869c18b087cbde47667da43616a54971b5a9e079a282917203ff22e0913,CLOSEPACKING,513,charm_plus_anticharm_constituent_count,raw_weighted_sum,weighted_count,0x0.0p+0,AVAILABLE,WITHHELD_UNCERTAINTY
c2d299b4ac42a22eb2c08bfd58c0213105c0eb968322aa7d2eccb04ff9566bba,JUNCTIONS,513,charm_plus_anticharm_constituent_count,raw_weighted_sum,weighted_count,0x0.0p+0,AVAILABLE,WITHHELD_UNCERTAINTY
c602be8bf541387700f70821f37211257d3d90968db52d0f35a1e149b00477f2,MONASH,513,charm_plus_anticharm_constituent_count,raw_weighted_sum,weighted_count,0x0.0p+0,AVAILABLE,WITHHELD_UNCERTAINTY
53f8fcecbb612ebca21c86873b02ce309d8ce5672e4ed64ed84906446a3a285c,CLOSEPACKING,513,hadron_count,normalized_yield,per_event,0x1.d6711b2041e9ep-6,AVAILABLE,AVAILABLE
34ab8b55242d95969665ec59d51c52028a160c9933690808a9f7a446e75cfd16,JUNCTIONS,513,hadron_count,normalized_yield,per_event,0x1.e1dd1f804dee2p-6,AVAILABLE,AVAILABLE
8e1f5288bc590e71b2c0c6f793c77bed2e8b03c72a6dc6d6fcb8a484db65a969,MONASH,513,hadron_count,normalized_yield,per_event,0x1.4d3567ebcc974p-5,AVAILABLE,AVAILABLE
a6a98f7dbef4e42e118d8a883f2f88f88df6fc5405ef22d09bdbc068ba6a5d8c,CLOSEPACKING,513,hadron_count,raw_count,count,0x1.5e81a80000000p+21,AVAILABLE,WITHHELD_UNCERTAINTY
e0dfcf7494c4c9f39532a396df3d67deb99d3b920b4799487ab86ea4229a8450,JUNCTIONS,513,hadron_count,raw_count,count,0x1.6704380000000p+21,AVAILABLE,WITHHELD_UNCERTAINTY
5ec59e0f616eca4554465ea98cd951a38267c96ff612d39edd2d27a4263d62c6,MONASH,513,hadron_count,raw_count,count,0x1.f085000000000p+21,AVAILABLE,WITHHELD_UNCERTAINTY
44ca9515c21ea19a75b21ee9c3734942c0413593c9defa6f1e8910396b780f89,CLOSEPACKING,513,hadron_count,raw_weighted_sum,weighted_count,0x1.5e81a80000000p+21,AVAILABLE,WITHHELD_UNCERTAINTY
5ef9ebabfbe6950cc05f1e93dfdd22d65581e4086d208089d1e9bc2829e845f4,JUNCTIONS,513,hadron_count,raw_weighted_sum,weighted_count,0x1.6704380000000p+21,AVAILABLE,WITHHELD_UNCERTAINTY
a23ee782e1ebeeb8101e556aab77318c3d3aabb139b5d54aa9872612d7e52027,MONASH,513,hadron_count,raw_weighted_sum,weighted_count,0x1.f085000000000p+21,AVAILABLE,WITHHELD_UNCERTAINTY
cf946d96551898b09b138ec23b2d6cbeb8f04736e16bd3109de5175634fa1594,CLOSEPACKING,5132,beauty_plus_antibeauty_constituent_count,raw_count,count,0x1.13b5000000000p+17,AVAILABLE,WITHHELD_UNCERTAINTY
2fdbda98936fdcbea3565efc788153de15d4c1452c492cbf0cf847dd369b1683,JUNCTIONS,5132,beauty_plus_antibeauty_constituent_count,raw_count,count,0x1.e5ce000000000p+16,AVAILABLE,WITHHELD_UNCERTAINTY
69c7f25602192bd9caca18b5af55848091920c7c944c0d12d47dd2fea0b43e9c,MONASH,5132,beauty_plus_antibeauty_constituent_count,raw_count,count,0x1.beb2000000000p+15,AVAILABLE,WITHHELD_UNCERTAINTY
e9b3f2f1d367cab95511f40b053f2c58d7972739e91a45ddfc6ff21131480e93,CLOSEPACKING,5132,beauty_plus_antibeauty_constituent_count,raw_weighted_sum,weighted_count,0x1.13b5000000000p+17,AVAILABLE,WITHHELD_UNCERTAINTY
c351a292616e45035e95073337ba8f58268c322f68bb5bec46ee7b8a39557e9f,JUNCTIONS,5132,beauty_plus_antibeauty_constituent_count,raw_weighted_sum,weighted_count,0x1.e5ce000000000p+16,AVAILABLE,WITHHELD_UNCERTAINTY
a283debe0e2ba447c942682d5640f08af3ca7ffdfbd3fc21ebbb9a410f074064,MONASH,5132,beauty_plus_antibeauty_constituent_count,raw_weighted_sum,weighted_count,0x1.beb2000000000p+15,AVAILABLE,WITHHELD_UNCERTAINTY
936ba10e7164f97f0ded37281a4d5e78ea645d4d3256131296a8e6e9b1fbc3d3,CLOSEPACKING,5132,charm_plus_anticharm_constituent_count,raw_count,count,0x0.0p+0,AVAILABLE,WITHHELD_UNCERTAINTY
6effc8d38f73e8468242474c729c543d083748c2f9122f6007ab507cf0a72e3e,JUNCTIONS,5132,charm_plus_anticharm_constituent_count,raw_count,count,0x0.0p+0,AVAILABLE,WITHHELD_UNCERTAINTY
0c4db90e245109aa08372ac9594515a4e2c02f80f82681feb3c634a562827e78,MONASH,5132,charm_plus_anticharm_constituent_count,raw_count,count,0x0.0p+0,AVAILABLE,WITHHELD_UNCERTAINTY
61c4300eef479309b0985308ca2c00b837004bd7df188f836f54eebdd64387f2,CLOSEPACKING,5132,charm_plus_anticharm_constituent_count,raw_weighted_sum,weighted_count,0x0.0p+0,AVAILABLE,WITHHELD_UNCERTAINTY
8a3b1945f3e5c604662f7a0109ec4fb1250c1a2ee256380f00da7e414590955a,JUNCTIONS,5132,charm_plus_anticharm_constituent_count,raw_weighted_sum,weighted_count,0x0.0p+0,AVAILABLE,WITHHELD_UNCERTAINTY
d5905ddfa890cdb6ea59245def998962441aa9f9214aedb119faed2551fc8524,MONASH,5132,charm_plus_anticharm_constituent_count,raw_weighted_sum,weighted_count,0x0.0p+0,AVAILABLE,WITHHELD_UNCERTAINTY
e90d9a8ca2deb5ddd05d67a292458b5fb6caffbe3b647cbbc44b5d17df40836c,CLOSEPACKING,5132,hadron_count,normalized_yield,per_event,0x1.720c36f0012f5p-10,AVAILABLE,AVAILABLE
5be54ef5ba13c840db997a7c5f990cc50c0d7879def78ab74d1445570c3c6dee,JUNCTIONS,5132,hadron_count,normalized_yield,per_event,0x1.46049c1bffe5dp-10,AVAILABLE,AVAILABLE
165345b5622847f45e83e0f63f099be05ad3632a5fb3bea9c7416724df130a1f,MONASH,5132,hadron_count,normalized_yield,per_event,0x1.2bc5ab9b4ed07p-11,AVAILABLE,AVAILABLE
231556e0e3be13072d83efcbb2f0806c2684909a43da7e35d0ebaf329670ea95,CLOSEPACKING,5132,hadron_count,raw_count,count,0x1.13b5000000000p+17,AVAILABLE,WITHHELD_UNCERTAINTY
3de4585790e464db4dc15d5aa74d6ffab888e62aa7f07eb6a712ede3eb8dfcc8,JUNCTIONS,5132,hadron_count,raw_count,count,0x1.e5ce000000000p+16,AVAILABLE,WITHHELD_UNCERTAINTY
0f5dfb6412933cbf472d3922636db3092f008c4e04fecdb688314288d91542d9,MONASH,5132,hadron_count,raw_count,count,0x1.beb2000000000p+15,AVAILABLE,WITHHELD_UNCERTAINTY
574701f67c5e682c584d5dc08dd65eb4de0d59185d5b1c79bba88269272f47f5,CLOSEPACKING,5132,hadron_count,raw_weighted_sum,weighted_count,0x1.13b5000000000p+17,AVAILABLE,WITHHELD_UNCERTAINTY
e6fa8c85895e1c4b93ba234795d783b126b5272a19836d6e03b417aeef4efaec,JUNCTIONS,5132,hadron_count,raw_weighted_sum,weighted_count,0x1.e5ce000000000p+16,AVAILABLE,WITHHELD_UNCERTAINTY
43277193212dd8e4234009082894eed8775087831f373fb317cd861c83938e7d,MONASH,5132,hadron_count,raw_weighted_sum,weighted_count,0x1.beb2000000000p+15,AVAILABLE,WITHHELD_UNCERTAINTY
17400205b7f8dc0e61af4699eb5252b85e182dc89fbe338f3f727f2dd0b16c9a,CLOSEPACKING,5142,beauty_plus_antibeauty_constituent_count,raw_count,count,0x1.cee0000000000p+11,AVAILABLE,WITHHELD_UNCERTAINTY
e301d65b7a4452140e3af583118a82f2c1112acb684868672f6f61b27f75048a,JUNCTIONS,5142,beauty_plus_antibeauty_constituent_count,raw_count,count,0x1.e160000000000p+11,AVAILABLE,WITHHELD_UNCERTAINTY
3f2e6ba1b433522850d6d1ee0e009c6752dc56da607a37eab1b5546384ff4e9a,MONASH,5142,beauty_plus_antibeauty_constituent_count,raw_count,count,0x1.8000000000000p+1,AVAILABLE,WITHHELD_UNCERTAINTY
cc37c1ddff9f3ee70072495e9c909a218630a74e3c65cd6e03f94eda5894ebce,CLOSEPACKING,5142,beauty_plus_antibeauty_constituent_count,raw_weighted_sum,weighted_count,0x1.cee0000000000p+11,AVAILABLE,WITHHELD_UNCERTAINTY
1a566c1b43b8c08ce96c422041d21fe268006c69d33c16356c248bed1847efb4,JUNCTIONS,5142,beauty_plus_antibeauty_constituent_count,raw_weighted_sum,weighted_count,0x1.e160000000000p+11,AVAILABLE,WITHHELD_UNCERTAINTY
4deeda4743293e8597225d4da94831393e19a051d656e67b43b289ee9d67fe17,MONASH,5142,beauty_plus_antibeauty_constituent_count,raw_weighted_sum,weighted_count,0x1.8000000000000p+1,AVAILABLE,WITHHELD_UNCERTAINTY
b51951d462e35bee46062deee2a0c665238e430696400cc078c2cdfbcbed8af5,CLOSEPACKING,5142,charm_plus_anticharm_constituent_count,raw_count,count,0x1.cee0000000000p+11,AVAILABLE,WITHHELD_UNCERTAINTY
387597bf317a718636e663f354a3e6af525b96e2fad389a1e799069a8b602f13,JUNCTIONS,5142,charm_plus_anticharm_constituent_count,raw_count,count,0x1.e160000000000p+11,AVAILABLE,WITHHELD_UNCERTAINTY
31d906dd5c36e5f7c51061bba883f3132ebaf1721ec2ff3f41bd3926e7c70633,MONASH,5142,charm_plus_anticharm_constituent_count,raw_count,count,0x1.8000000000000p+1,AVAILABLE,WITHHELD_UNCERTAINTY
5bb8970d661ac4d310f68639edeb41abc201b77b9f22f7eca85178dcf6b46c40,CLOSEPACKING,5142,charm_plus_anticharm_constituent_count,raw_weighted_sum,weighted_count,0x1.cee0000000000p+11,AVAILABLE,WITHHELD_UNCERTAINTY
3e644ae49e1e7579fae53c8a7e21ffb6a11b21d2ddcd62b07abd4a4aad52e384,JUNCTIONS,5142,charm_plus_anticharm_constituent_count,raw_weighted_sum,weighted_count,0x1.e160000000000p+11,AVAILABLE,WITHHELD_UNCERTAINTY
51bee5e76b9580e64d41163ae59e782d52d222c143707794ef541283fc99ef4f,MONASH,5142,charm_plus_anticharm_constituent_count,raw_weighted_sum,weighted_count,0x1.8000000000000p+1,AVAILABLE,WITHHELD_UNCERTAINTY
ac0559d965f845901bf78148e278606f818acd1eb7cb7a7ff282a4239f8dfb2f,CLOSEPACKING,5142,hadron_count,normalized_yield,per_event,0x1.36a151c9cc3c6p-15,AVAILABLE,AVAILABLE
24457d132467d23251e8729b861925ed3ac379dce71128c3d4320dd45f0509eb,JUNCTIONS,5142,hadron_count,normalized_yield,per_event,0x1.430b9864904d7p-15,AVAILABLE,AVAILABLE
b0cbe62337a5091df2c207f7e9832c38fbe7ffa90f81c2ac4a63d6a7d23b0fd1,MONASH,5142,hadron_count,normalized_yield,per_event,0x1.01b2b29a4692bp-25,AVAILABLE,AVAILABLE
b0ef042988b5ac2a30218fff70595796f85b8a7bea76e4080506640b91cb0497,CLOSEPACKING,5142,hadron_count,raw_count,count,0x1.cee0000000000p+11,AVAILABLE,WITHHELD_UNCERTAINTY
25e9b4dc234ecc276b28add2670408c6ffe405fddaaa025798335bbf354e4b17,JUNCTIONS,5142,hadron_count,raw_count,count,0x1.e160000000000p+11,AVAILABLE,WITHHELD_UNCERTAINTY
f696321d1f207cd292ff6ce6eaaabc2a10b97347dc7cc62697708c1be83420b3,MONASH,5142,hadron_count,raw_count,count,0x1.8000000000000p+1,AVAILABLE,WITHHELD_UNCERTAINTY
e5b21ac7435038c6ba34a4638661a3504db7c8d218ef46969bdc97beffe74d92,CLOSEPACKING,5142,hadron_count,raw_weighted_sum,weighted_count,0x1.cee0000000000p+11,AVAILABLE,WITHHELD_UNCERTAINTY
f899cc78d3a611ac391b33003bfd9c770de7ba6560c0733a6df0af2df0684291,JUNCTIONS,5142,hadron_count,raw_weighted_sum,weighted_count,0x1.e160000000000p+11,AVAILABLE,WITHHELD_UNCERTAINTY
356fcb1c109658ce98978f51a2f89079a4311243175c3213fac538e6ff66b472,MONASH,5142,hadron_count,raw_weighted_sum,weighted_count,0x1.8000000000000p+1,AVAILABLE,WITHHELD_UNCERTAINTY
97b08ec56aa2d2615c3ef4961198c7d1864fa51b4f39a803fcea9023a4990717,CLOSEPACKING,521,beauty_plus_antibeauty_constituent_count,raw_count,count,0x1.437e300000000p+20,AVAILABLE,WITHHELD_UNCERTAINTY
558374bbb0c5ed80a573d1d0a296e9bf1977c49754aac1ec78f5d0ffb798ae41,JUNCTIONS,521,beauty_plus_antibeauty_constituent_count,raw_count,count,0x1.4aab500000000p+20,AVAILABLE,WITHHELD_UNCERTAINTY
889e209ef707b0fac748c5a5d61bc20e1901e0d3b2e8b6bba106d487987fd889,MONASH,521,beauty_plus_antibeauty_constituent_count,raw_count,count,0x1.c563b00000000p+20,AVAILABLE,WITHHELD_UNCERTAINTY
e3c7d83b9fd72de8c7bb96952157bf9d9f7db136373c57b57911e0ecf4cd7c7a,CLOSEPACKING,521,beauty_plus_antibeauty_constituent_count,raw_weighted_sum,weighted_count,0x1.437e300000000p+20,AVAILABLE,WITHHELD_UNCERTAINTY
47f6284754e248d2c93b07c0fda712561b1176a2721bbd8f5c10882d967fa945,JUNCTIONS,521,beauty_plus_antibeauty_constituent_count,raw_weighted_sum,weighted_count,0x1.4aab500000000p+20,AVAILABLE,WITHHELD_UNCERTAINTY
38bcfada7abab2da79a93a01850b4f424fc32cfb86ef7a30cd54f63a9ccfcf58,MONASH,521,beauty_plus_antibeauty_constituent_count,raw_weighted_sum,weighted_count,0x1.c563b00000000p+20,AVAILABLE,WITHHELD_UNCERTAINTY
f2babffe0c8e7a9da446fd5bed027bff4694cde3f7cc1557991edb7b611a7c75,CLOSEPACKING,521,charm_plus_anticharm_constituent_count,raw_count,count,0x0.0p+0,AVAILABLE,WITHHELD_UNCERTAINTY
9cb8ea13e7d431230d3a402102daf5b71d6e8e3490af94fd87333c561d66fd8d,JUNCTIONS,521,charm_plus_anticharm_constituent_count,raw_count,count,0x0.0p+0,AVAILABLE,WITHHELD_UNCERTAINTY
149bcab1aac106ba84fd400ec53af35fde31a650072a8442806663e555693f9b,MONASH,521,charm_plus_anticharm_constituent_count,raw_count,count,0x0.0p+0,AVAILABLE,WITHHELD_UNCERTAINTY
5cd350dc964b52d1942da7fc765df0cc378e94668543922980577dfc767b39bd,CLOSEPACKING,521,charm_plus_anticharm_constituent_count,raw_weighted_sum,weighted_count,0x0.0p+0,AVAILABLE,WITHHELD_UNCERTAINTY
8274b66dc4315755e6892dd550cc76506aced8063ed6dd42247dffbbfbc74b7d,JUNCTIONS,521,charm_plus_anticharm_constituent_count,raw_weighted_sum,weighted_count,0x0.0p+0,AVAILABLE,WITHHELD_UNCERTAINTY
91fd74fdabe38019a8403b620aeac9868cc3bf0d0f39beb2f47f791b1b02b922,MONASH,521,charm_plus_anticharm_constituent_count,raw_weighted_sum,weighted_count,0x0.0p+0,AVAILABLE,WITHHELD_UNCERTAINTY
997ef55b212d9d164c892ea9dc597718e86c955dda6f03e50731f38c972fea8d,CLOSEPACKING,521,hadron_count,normalized_yield,per_event,0x1.b22f522815f3bp-7,AVAILABLE,AVAILABLE
47a88b4bc177d1be758f111be8f4e1594d3457ec1e868a0c3f53cb284d1e9cde,JUNCTIONS,521,hadron_count,normalized_yield,per_event,0x1.bbd11180051dfp-7,AVAILABLE,AVAILABLE
a75b5a912260057d8dc89ba3763f8ce1464506cb21abec9b94e1b4f5fbea86fe,MONASH,521,hadron_count,normalized_yield,per_event,0x1.3043b4e09ce35p-6,AVAILABLE,AVAILABLE
6b206b2aa94b1dff3223703e15fb96ee8f3c77e6bd9b1eda0f7bae98fe55a074,CLOSEPACKING,521,hadron_count,raw_count,count,0x1.437e300000000p+20,AVAILABLE,WITHHELD_UNCERTAINTY
0e9baaeb06a84758d9db8a42793d4bbe267959d2300394326fa9dd8a7882327a,JUNCTIONS,521,hadron_count,raw_count,count,0x1.4aab500000000p+20,AVAILABLE,WITHHELD_UNCERTAINTY
3754354d2086487bb298008441622f8aee07d19e4bcf6bf7843df82afbcc81f2,MONASH,521,hadron_count,raw_count,count,0x1.c563b00000000p+20,AVAILABLE,WITHHELD_UNCERTAINTY
9dfb6fa89f7be95d45a1939909e48b93bc58e80d41307337504ceecb12a424a4,CLOSEPACKING,521,hadron_count,raw_weighted_sum,weighted_count,0x1.437e300000000p+20,AVAILABLE,WITHHELD_UNCERTAINTY
1cc7688d659dd0bbc8acc7e5f0ed8aa21ff20dc0928464b4b18975da823d3c26,JUNCTIONS,521,hadron_count,raw_weighted_sum,weighted_count,0x1.4aab500000000p+20,AVAILABLE,WITHHELD_UNCERTAINTY
ea94125939a8cb2fdc77bc02479bb5246d0a5f03669310d62cc162fc0561a520,MONASH,521,hadron_count,raw_weighted_sum,weighted_count,0x1.c563b00000000p+20,AVAILABLE,WITHHELD_UNCERTAINTY
3f1b7079d580ae389307d3ccec2182dbe924fdf2231340db122df25c351e7da0,CLOSEPACKING,5212,beauty_plus_antibeauty_constituent_count,raw_count,count,0x1.0f72600000000p+19,AVAILABLE,WITHHELD_UNCERTAINTY
6e0e99a8445eddf5610557e45fcff3b3ecc4491b7628929f55d7eaf962dd04c3,JUNCTIONS,5212,beauty_plus_antibeauty_constituent_count,raw_count,count,0x1.d2e0600000000p+19,AVAILABLE,WITHHELD_UNCERTAINTY
5ebbab48657ebaac92952c24ecdfb4cefe56f7f18be60344a694ba8b7ca04be2,MONASH,5212,beauty_plus_antibeauty_constituent_count,raw_count,count,0x1.12ba000000000p+15,AVAILABLE,WITHHELD_UNCERTAINTY
c6a5c651ff2933097fa7d4d8f7dcc22c58fdd45c1d889bdf9af926e6771750c7,CLOSEPACKING,5212,beauty_plus_antibeauty_constituent_count,raw_weighted_sum,weighted_count,0x1.0f72600000000p+19,AVAILABLE,WITHHELD_UNCERTAINTY
df48c5ea1f16a99a1630d4dfaf36318a805b0540d5550b0cc3749b2b57beddf4,JUNCTIONS,5212,beauty_plus_antibeauty_constituent_count,raw_weighted_sum,weighted_count,0x1.d2e0600000000p+19,AVAILABLE,WITHHELD_UNCERTAINTY
800ea5d7659efb09c51377d108f7a215a35ec45cf822da0b7d22720c4ab20ffa,MONASH,5212,beauty_plus_antibeauty_constituent_count,raw_weighted_sum,weighted_count,0x1.12ba000000000p+15,AVAILABLE,WITHHELD_UNCERTAINTY
be29c21bd6cbc60157e0eaa07749dff2df92976c803da3e39661e7153873ac0c,CLOSEPACKING,5212,charm_plus_anticharm_constituent_count,raw_count,count,0x0.0p+0,AVAILABLE,WITHHELD_UNCERTAINTY
f7eff31bb46fa72061bb7adabb7160b83253b4b892b47f23a3a63344f547a8aa,JUNCTIONS,5212,charm_plus_anticharm_constituent_count,raw_count,count,0x0.0p+0,AVAILABLE,WITHHELD_UNCERTAINTY
e4e24bfbaf757332fb33ae8943d8823f4af6f0c748aa579f4d9ed19660d256e4,MONASH,5212,charm_plus_anticharm_constituent_count,raw_count,count,0x0.0p+0,AVAILABLE,WITHHELD_UNCERTAINTY
08039d5b10e154bd42f986be35fa9a7770ddfceede40ab079d21e711f519b564,CLOSEPACKING,5212,charm_plus_anticharm_constituent_count,raw_weighted_sum,weighted_count,0x0.0p+0,AVAILABLE,WITHHELD_UNCERTAINTY
cd2089cab8ba80bfeb73a36ed659b53a8214b3a8b4bcdacd03da57003de6ebc5,JUNCTIONS,5212,charm_plus_anticharm_constituent_count,raw_weighted_sum,weighted_count,0x0.0p+0,AVAILABLE,WITHHELD_UNCERTAINTY
7c40332242776c6d077e5ce4bcac39f8732dd913b2951051bda521539526c92b,MONASH,5212,charm_plus_anticharm_constituent_count,raw_weighted_sum,weighted_count,0x0.0p+0,AVAILABLE,WITHHELD_UNCERTAINTY
3dfdd06f54cf9bdf8120e0f5334443cc00158eef50f25ed01ac85e44f8f7fad2,CLOSEPACKING,5212,hadron_count,normalized_yield,per_event,0x1.6c54670a7b2e2p-8,AVAILABLE,AVAILABLE
a82c429e4edb72b221bd127b9afcdfe09a956958140669a16f8e7e94b646e00e,JUNCTIONS,5212,hadron_count,normalized_yield,per_event,0x1.3950c412bef47p-7,AVAILABLE,AVAILABLE
836952edb105093bce844be2dddff5a91dd27d81080b9c746118f8a24a63adde,MONASH,5212,hadron_count,normalized_yield,per_event,0x1.70bb53fe84d5cp-12,AVAILABLE,AVAILABLE
ebeeb70a02c73ffadecb758add6d59056f5f9c51078cde26d1fe8efb52abda8b,CLOSEPACKING,5212,hadron_count,raw_count,count,0x1.0f72600000000p+19,AVAILABLE,WITHHELD_UNCERTAINTY
14c13744a5624500e1fe317e6705935bb877ccf64ed6378cad54765038bf0099,JUNCTIONS,5212,hadron_count,raw_count,count,0x1.d2e0600000000p+19,AVAILABLE,WITHHELD_UNCERTAINTY
1074416548fce0803aa5d7535c2fd67c7b72c51ac5a2d5bc2ab93a741d47766c,MONASH,5212,hadron_count,raw_count,count,0x1.12ba000000000p+15,AVAILABLE,WITHHELD_UNCERTAINTY
c4ab905f5ea129dc402f0611d44dafd96c58448f19a017409c59ed1a2938ca09,CLOSEPACKING,5212,hadron_count,raw_weighted_sum,weighted_count,0x1.0f72600000000p+19,AVAILABLE,WITHHELD_UNCERTAINTY
7c76a04ad0498cab79037f215935fd3c3d8a0189a6618c6ed665df7993131e7b,JUNCTIONS,5212,hadron_count,raw_weighted_sum,weighted_count,0x1.d2e0600000000p+19,AVAILABLE,WITHHELD_UNCERTAINTY
4f041b8cf6f77589ff243cd9e50596a83b14f7663e26ab1e108e8e49e2572145,MONASH,5212,hadron_count,raw_weighted_sum,weighted_count,0x1.12ba000000000p+15,AVAILABLE,WITHHELD_UNCERTAINTY
1619e0f1deb76cacec1a52e1135c25089af134f3e09dc385d1766776e99f9d4d,CLOSEPACKING,5214,beauty_plus_antibeauty_constituent_count,raw_count,count,0x1.0596400000000p+19,AVAILABLE,WITHHELD_UNCERTAINTY
a00cfaa0ad31f53e412356bb728cd56792c2ab7a7f763d408dde940d42fa9c81,JUNCTIONS,5214,beauty_plus_antibeauty_constituent_count,raw_count,count,0x1.f534000000000p+16,AVAILABLE,WITHHELD_UNCERTAINTY
8daa2862e37c333c2802eec21e318fc6fb4812168c03cec1e20b2f4fe6bf027e,MONASH,5214,beauty_plus_antibeauty_constituent_count,raw_count,count,0x1.89ac000000000p+15,AVAILABLE,WITHHELD_UNCERTAINTY
8969f33f36b372ce000449fe1d5ca6de2070cc9a33e19fe038ab712c39888013,CLOSEPACKING,5214,beauty_plus_antibeauty_constituent_count,raw_weighted_sum,weighted_count,0x1.0596400000000p+19,AVAILABLE,WITHHELD_UNCERTAINTY
b0b6c6992ed585bd67278913d0bd001fc3ad37570986b941f02dd713c4ef8bfe,JUNCTIONS,5214,beauty_plus_antibeauty_constituent_count,raw_weighted_sum,weighted_count,0x1.f534000000000p+16,AVAILABLE,WITHHELD_UNCERTAINTY
97e13a8e58b3826203d1c79160467e9ee97bf5fae38a23c0bd07623c07e7e06b,MONASH,5214,beauty_plus_antibeauty_constituent_count,raw_weighted_sum,weighted_count,0x1.89ac000000000p+15,AVAILABLE,WITHHELD_UNCERTAINTY
66886adb9f409042d67f81e8665b645d43f7459f9cbe4ee4bcc946242b58a8d3,CLOSEPACKING,5214,charm_plus_anticharm_constituent_count,raw_count,count,0x0.0p+0,AVAILABLE,WITHHELD_UNCERTAINTY
05ee5bfb40369b8c974cf5ac33bc61a349fa7b3b9622e381abd7b6d2852ef848,JUNCTIONS,5214,charm_plus_anticharm_constituent_count,raw_count,count,0x0.0p+0,AVAILABLE,WITHHELD_UNCERTAINTY
8496e4eb9746e607d4dd9b1a7595f4037070bf7af57c6e540d98f3b71bfdfa08,MONASH,5214,charm_plus_anticharm_constituent_count,raw_count,count,0x0.0p+0,AVAILABLE,WITHHELD_UNCERTAINTY
ed1eb645959fc4cee094635322f9c1019325f208a192c1c766cf2fe64e551963,CLOSEPACKING,5214,charm_plus_anticharm_constituent_count,raw_weighted_sum,weighted_count,0x0.0p+0,AVAILABLE,WITHHELD_UNCERTAINTY
ac830d03c2f302ae2af8df9d94ce2f3b14d29a7c87d136e3c2311451b4844cee,JUNCTIONS,5214,charm_plus_anticharm_constituent_count,raw_weighted_sum,weighted_count,0x0.0p+0,AVAILABLE,WITHHELD_UNCERTAINTY
69bb2c8cf113fd75cfce253cd842f64647f8ee2aea5822fb4424d0244c4e7632,MONASH,5214,charm_plus_anticharm_constituent_count,raw_weighted_sum,weighted_count,0x0.0p+0,AVAILABLE,WITHHELD_UNCERTAINTY
e023cf0571b5c97fea4572b4697850e50e181acd8280663515e48f3d22bc2837,CLOSEPACKING,5214,hadron_count,normalized_yield,per_event,0x1.5f18944b7bff5p-8,AVAILABLE,AVAILABLE
a5542e39cc38766f3a51a1185fc81396e79663384097d3753ca66929e8b6f667,JUNCTIONS,5214,hadron_count,normalized_yield,per_event,0x1.505a0a8d77a25p-10,AVAILABLE,AVAILABLE
0225ddd7439d2f9548b881b98c66d280b69a6d854733fad45e667e486ddf9b06,MONASH,5214,hadron_count,normalized_yield,per_event,0x1.08305029e3ff2p-11,AVAILABLE,AVAILABLE
cfe9facad2a419e5cc1562979cad02c9060c4e7342fb149dbcdd9bc2cd44b083,CLOSEPACKING,5214,hadron_count,raw_count,count,0x1.0596400000000p+19,AVAILABLE,WITHHELD_UNCERTAINTY
aeac804e4697ed605dda7926cb02f07b27173c1f671c5ae9903cb6ce51858c0b,JUNCTIONS,5214,hadron_count,raw_count,count,0x1.f534000000000p+16,AVAILABLE,WITHHELD_UNCERTAINTY
52f9fcaba254b11a0de3dda85220a7d01c495eefe3fae9ed16c7650052a0bb8a,MONASH,5214,hadron_count,raw_count,count,0x1.89ac000000000p+15,AVAILABLE,WITHHELD_UNCERTAINTY
9633fca252b3605653f7a58ac401bad127be1b920699b9c7b4914a439473977f,CLOSEPACKING,5214,hadron_count,raw_weighted_sum,weighted_count,0x1.0596400000000p+19,AVAILABLE,WITHHELD_UNCERTAINTY
e9ca280a7e36264163918fb2f5467b737d2e661cffd5929e8ebf6ff3fc382fc5,JUNCTIONS,5214,hadron_count,raw_weighted_sum,weighted_count,0x1.f534000000000p+16,AVAILABLE,WITHHELD_UNCERTAINTY
f23982d85a0a752a751d2592ddf278f1b062498d70b2fb43e3a31123815ba0f8,MONASH,5214,hadron_count,raw_weighted_sum,weighted_count,0x1.89ac000000000p+15,AVAILABLE,WITHHELD_UNCERTAINTY
7f3f89963d7063f82b0811433d7d89f4c0afd2c5737f29095fac41639ffa95af,CLOSEPACKING,5222,beauty_plus_antibeauty_constituent_count,raw_count,count,0x1.d03f800000000p+18,AVAILABLE,WITHHELD_UNCERTAINTY
bb19c8307359c8ca282a389b6f8fe3e71b63e9826606b8ca88e79d2c454706a8,JUNCTIONS,5222,beauty_plus_antibeauty_constituent_count,raw_count,count,0x1.a817800000000p+19,AVAILABLE,WITHHELD_UNCERTAINTY
53d985635257ad488af9ffcc30259cad3cd82cbd001873af163dafe2462081cd,MONASH,5222,beauty_plus_antibeauty_constituent_count,raw_count,count,0x1.149a000000000p+15,AVAILABLE,WITHHELD_UNCERTAINTY
3b4444b7c7a75b930d082ef90631ab7bcaeafff602f4f38967080c964b6d8c57,CLOSEPACKING,5222,beauty_plus_antibeauty_constituent_count,raw_weighted_sum,weighted_count,0x1.d03f800000000p+18,AVAILABLE,WITHHELD_UNCERTAINTY
26c8256728515b708c92f17a013dcab80054e948cd8527a78908cb5ea7ec2d82,JUNCTIONS,5222,beauty_plus_antibeauty_constituent_count,raw_weighted_sum,weighted_count,0x1.a817800000000p+19,AVAILABLE,WITHHELD_UNCERTAINTY
3924ffcd7bbee3a99e35fdc76e4bcac81945611ca6504a6d48ca96456a3f5b75,MONASH,5222,beauty_plus_antibeauty_constituent_count,raw_weighted_sum,weighted_count,0x1.149a000000000p+15,AVAILABLE,WITHHELD_UNCERTAINTY
889db262db48727a2ce39c7bb07f8e0f66b8817748a607ae0cf38de466cdd5d6,CLOSEPACKING,5222,charm_plus_anticharm_constituent_count,raw_count,count,0x0.0p+0,AVAILABLE,WITHHELD_UNCERTAINTY
dafef2895541eea9625815178856d76957899d0b844ab24ea47b2025029a087d,JUNCTIONS,5222,charm_plus_anticharm_constituent_count,raw_count,count,0x0.0p+0,AVAILABLE,WITHHELD_UNCERTAINTY
ee65c433014744364b957b2c93cf009245b7725acf45ee758c87f01aa915ad48,MONASH,5222,charm_plus_anticharm_constituent_count,raw_count,count,0x0.0p+0,AVAILABLE,WITHHELD_UNCERTAINTY
cd877b57ed7703da535b21acbf80acd55368867e153eb5009d25a1591a94d0c0,CLOSEPACKING,5222,charm_plus_anticharm_constituent_count,raw_weighted_sum,weighted_count,0x0.0p+0,AVAILABLE,WITHHELD_UNCERTAINTY
94eac3974ef3bb5c4118f8aa0ebd7c769e8ad15c2ebe4d76f8e731320d1cbcff,JUNCTIONS,5222,charm_plus_anticharm_constituent_count,raw_weighted_sum,weighted_count,0x0.0p+0,AVAILABLE,WITHHELD_UNCERTAINTY
069331257994214d651ca788169f4c07404380c31c450bd577328504bc853356,MONASH,5222,charm_plus_anticharm_constituent_count,raw_weighted_sum,weighted_count,0x0.0p+0,AVAILABLE,WITHHELD_UNCERTAINTY
2373f0e927707b4193e50fe6d108ce595b87b1035a00a4572db4d3c1035bb825,CLOSEPACKING,5222,hadron_count,normalized_yield,per_event,0x1.378d350748c9ap-8,AVAILABLE,AVAILABLE
52db40db43000f4111d97f99902537c39cac576f440ed9f43e292f37aec1cda5,JUNCTIONS,5222,hadron_count,normalized_yield,per_event,0x1.1c9a6a79f15dap-7,AVAILABLE,AVAILABLE
3429c5cbd58d5677780b94739c559a2bcc72d548ffd52ef4a4d1a6d4fcd96bd0,MONASH,5222,hadron_count,normalized_yield,per_event,0x1.733f92bd06863p-12,AVAILABLE,AVAILABLE
ab3cfc0de861466da2ce32969eaf0fcb1d0fa998551763fad2aeb9ba0a5944ba,CLOSEPACKING,5222,hadron_count,raw_count,count,0x1.d03f800000000p+18,AVAILABLE,WITHHELD_UNCERTAINTY
7525fe74a88e8c27b30e1847eefc8e3b7e76beb0582684bb8b1c4cead855a0c7,JUNCTIONS,5222,hadron_count,raw_count,count,0x1.a817800000000p+19,AVAILABLE,WITHHELD_UNCERTAINTY
ea73b6a8cdbd0795a575bff4d09269a4874e081a19fe78d2ce4cd211114b9dcb,MONASH,5222,hadron_count,raw_count,count,0x1.149a000000000p+15,AVAILABLE,WITHHELD_UNCERTAINTY
31b33e19310416c79210ac9d32391a77b05158e46c7d6549a3c43e66b1b31bc1,CLOSEPACKING,5222,hadron_count,raw_weighted_sum,weighted_count,0x1.d03f800000000p+18,AVAILABLE,WITHHELD_UNCERTAINTY
e064098ef90f395f08f2286f43a39ee3a72e404f2252a97a7494148bb35586ee,JUNCTIONS,5222,hadron_count,raw_weighted_sum,weighted_count,0x1.a817800000000p+19,AVAILABLE,WITHHELD_UNCERTAINTY
7e17112a9b7d4d106b147c72c33372e0e9a26c2b770a068c09517e37248fdc0d,MONASH,5222,hadron_count,raw_weighted_sum,weighted_count,0x1.149a000000000p+15,AVAILABLE,WITHHELD_UNCERTAINTY
decb715c2a9ee706b22a72858a1c66a553828d26f95504578068bebdc28ce63b,CLOSEPACKING,5224,beauty_plus_antibeauty_constituent_count,raw_count,count,0x1.b7dc800000000p+18,AVAILABLE,WITHHELD_UNCERTAINTY
de64b78ec79e4b11b8be36d3c40cef938dbddb73dd55d2859ba02dd71c975d49,JUNCTIONS,5224,beauty_plus_antibeauty_constituent_count,raw_count,count,0x1.e1b4000000000p+16,AVAILABLE,WITHHELD_UNCERTAINTY
516123be3ddc6c82f2315d46f32f746b5eeb90950521a5ab8187d0d43d3c1170,MONASH,5224,beauty_plus_antibeauty_constituent_count,raw_count,count,0x1.8b72000000000p+15,AVAILABLE,WITHHELD_UNCERTAINTY
64c23d7290f4adb61e683d92496d076e01eff0632b41a68eedba156a316908bc,CLOSEPACKING,5224,beauty_plus_antibeauty_constituent_count,raw_weighted_sum,weighted_count,0x1.b7dc800000000p+18,AVAILABLE,WITHHELD_UNCERTAINTY
02a75e3d6e8542a008fca6a99725927c249e18ea78fba6c3ea46e15dd645d73e,JUNCTIONS,5224,beauty_plus_antibeauty_constituent_count,raw_weighted_sum,weighted_count,0x1.e1b4000000000p+16,AVAILABLE,WITHHELD_UNCERTAINTY
d784f9b6a1fced2656d9a5d158fa8f17fbd8b9700ad12c4f9dbea86cb7b33350,MONASH,5224,beauty_plus_antibeauty_constituent_count,raw_weighted_sum,weighted_count,0x1.8b72000000000p+15,AVAILABLE,WITHHELD_UNCERTAINTY
a897dd868fba960730da26cad94209ed23f6782fb3c07cbcd89fe6bc748d401a,CLOSEPACKING,5224,charm_plus_anticharm_constituent_count,raw_count,count,0x0.0p+0,AVAILABLE,WITHHELD_UNCERTAINTY
37c144df0ab2167351f94025458149f724b118f0f81a29f2b68cfdd7fbee0581,JUNCTIONS,5224,charm_plus_anticharm_constituent_count,raw_count,count,0x0.0p+0,AVAILABLE,WITHHELD_UNCERTAINTY
616c19917b37438cf807259b6c4f2a83b60ee1c4fb9a2cdf5d4eef3309e05857,MONASH,5224,charm_plus_anticharm_constituent_count,raw_count,count,0x0.0p+0,AVAILABLE,WITHHELD_UNCERTAINTY
dbbcf7039a6eac8a7b431fa321857739f7cc3e0e245b2c47a9fa04f56f81c39b,CLOSEPACKING,5224,charm_plus_anticharm_constituent_count,raw_weighted_sum,weighted_count,0x0.0p+0,AVAILABLE,WITHHELD_UNCERTAINTY
514440dc330e9849feab2cbaf7094cd2bbe5c7f694f80599fb8fce0e48d1805d,JUNCTIONS,5224,charm_plus_anticharm_constituent_count,raw_weighted_sum,weighted_count,0x0.0p+0,AVAILABLE,WITHHELD_UNCERTAINTY
97175c7d9cdffb119cd839dcaa82fc77e629f1a9e00587ebfbccf0c7e447daaa,MONASH,5224,charm_plus_anticharm_constituent_count,raw_weighted_sum,weighted_count,0x0.0p+0,AVAILABLE,WITHHELD_UNCERTAINTY
6037203550954262d8f3c7260c7a9eb5e73490ad409c6c51b0098e3000ee0be2,CLOSEPACKING,5224,hadron_count,normalized_yield,per_event,0x1.272f99cb989a4p-8,AVAILABLE,AVAILABLE
435c4b49d707ba989bd919d40c93d4c5a2c7c81701fb5048c876522bcc37a46f,JUNCTIONS,5224,hadron_count,normalized_yield,per_event,0x1.4343f77ba20cep-10,AVAILABLE,AVAILABLE
1ce9ef065ac5ed63a2a1cd552dc5f5b8db317a7c18810a92571b72cee157d2ec,MONASH,5224,hadron_count,normalized_yield,per_event,0x1.0960fcc50d0fep-11,AVAILABLE,AVAILABLE
24a574bf78dab805e684575942298a1c7ab02b18c64bb86e6cf25e505240a718,CLOSEPACKING,5224,hadron_count,raw_count,count,0x1.b7dc800000000p+18,AVAILABLE,WITHHELD_UNCERTAINTY
31f8027ee57c1a196b86efb1d191e165878ff309f45d180469fe8c49c9c8ab3b,JUNCTIONS,5224,hadron_count,raw_count,count,0x1.e1b4000000000p+16,AVAILABLE,WITHHELD_UNCERTAINTY
5ea43af75b851e8b9f5e17b1f12ed18bee2b782d850d8b722d6a535be42875f0,MONASH,5224,hadron_count,raw_count,count,0x1.8b72000000000p+15,AVAILABLE,WITHHELD_UNCERTAINTY
ed999dcf4fde0690f9f89927963701aa58b0ea84bb7c2fb00e2aa0e70376ba1b,CLOSEPACKING,5224,hadron_count,raw_weighted_sum,weighted_count,0x1.b7dc800000000p+18,AVAILABLE,WITHHELD_UNCERTAINTY
c4a1c54b3d5655e2a63682b63a71a5f27f6dd6db38345076fe3ab624db63b372,JUNCTIONS,5224,hadron_count,raw_weighted_sum,weighted_count,0x1.e1b4000000000p+16,AVAILABLE,WITHHELD_UNCERTAINTY
4ba13e1c1d775ea354b648d790b782f13131b53320ecfa670d9737d35ed23ea5,MONASH,5224,hadron_count,raw_weighted_sum,weighted_count,0x1.8b72000000000p+15,AVAILABLE,WITHHELD_UNCERTAINTY
71dd810c166e56fae058002783ab210dd7af56e21157fcc957981a4dd57aaac0,CLOSEPACKING,523,beauty_plus_antibeauty_constituent_count,raw_count,count,0x1.5ec8780000000p+21,AVAILABLE,WITHHELD_UNCERTAINTY
73de27fc13ef28a693df5b0ab211d4c80ec6bd1312e8a9eb8f2d83997cfb29a9,JUNCTIONS,523,beauty_plus_antibeauty_constituent_count,raw_count,count,0x1.6747d80000000p+21,AVAILABLE,WITHHELD_UNCERTAINTY
da8197b9e09fafa8cee41c930cae64efc9c43c51944abe2442df5856712b6f1d,MONASH,523,beauty_plus_antibeauty_constituent_count,raw_count,count,0x1.f119f80000000p+21,AVAILABLE,WITHHELD_UNCERTAINTY
4380ced16870170e63f660f2bb7e7c052298afce604802f082251ca7f7e0ffae,CLOSEPACKING,523,beauty_plus_antibeauty_constituent_count,raw_weighted_sum,weighted_count,0x1.5ec8780000000p+21,AVAILABLE,WITHHELD_UNCERTAINTY
85a72be289dec0dc0043150a34a72d6424cba1653e86ca002b6a55b3e0567d93,JUNCTIONS,523,beauty_plus_antibeauty_constituent_count,raw_weighted_sum,weighted_count,0x1.6747d80000000p+21,AVAILABLE,WITHHELD_UNCERTAINTY
09355f84bf24b06070f89bb543d1c0d3de29b8a83a0542865fd582e4a5875b5a,MONASH,523,beauty_plus_antibeauty_constituent_count,raw_weighted_sum,weighted_count,0x1.f119f80000000p+21,AVAILABLE,WITHHELD_UNCERTAINTY
eb8777fd162615a0421d387263e8e6f6ae8c69e130c178ab1f3b7fcb367e50d4,CLOSEPACKING,523,charm_plus_anticharm_constituent_count,raw_count,count,0x0.0p+0,AVAILABLE,WITHHELD_UNCERTAINTY
c84db1417ae99519bdddeb4f2d094624a18d6067f9ef38b2552b1a9e07650849,JUNCTIONS,523,charm_plus_anticharm_constituent_count,raw_count,count,0x0.0p+0,AVAILABLE,WITHHELD_UNCERTAINTY
81dc84e4800d9174ac1744f045134bc6d83730571a16ae3e165c48edeef871f7,MONASH,523,charm_plus_anticharm_constituent_count,raw_count,count,0x0.0p+0,AVAILABLE,WITHHELD_UNCERTAINTY
682aee4a43b373cf84a826fdf67d9bdc6785a2ccac31156fa59b211321a626bc,CLOSEPACKING,523,charm_plus_anticharm_constituent_count,raw_weighted_sum,weighted_count,0x0.0p+0,AVAILABLE,WITHHELD_UNCERTAINTY
eff1e2b441eae2c74bc928954e52cadbf819ae1e839bc5a778bead6116b48f98,JUNCTIONS,523,charm_plus_anticharm_constituent_count,raw_weighted_sum,weighted_count,0x0.0p+0,AVAILABLE,WITHHELD_UNCERTAINTY
c7b5ba71d3bdf41acf63a736f42041a2a02bf4c4592e00c215e68352971f0dcc,MONASH,523,charm_plus_anticharm_constituent_count,raw_weighted_sum,weighted_count,0x0.0p+0,AVAILABLE,WITHHELD_UNCERTAINTY
8efe125a3b2bd5e07156bfe4d15b8172069de102e5bf26629b7540051f300784,CLOSEPACKING,523,hadron_count,normalized_yield,per_event,0x1.d6d0261da0fabp-6,AVAILABLE,AVAILABLE
700b7d598a73ca5144299e13ce1383b0b73f402edbaacc3f13d61462b9c4fed7,JUNCTIONS,523,hadron_count,normalized_yield,per_event,0x1.e237e34635ef5p-6,AVAILABLE,AVAILABLE
540abf099c75b808bdd371fe51fe5b92b0d9421331f1f286555cd1bb8097220f,MONASH,523,hadron_count,normalized_yield,per_event,0x1.4d99608eb610dp-5,AVAILABLE,AVAILABLE
e65c9fe436079a683a0dde673f59e0c833b47f7d6356c9b58c1b5758356c4d13,CLOSEPACKING,523,hadron_count,raw_count,count,0x1.5ec8780000000p+21,AVAILABLE,WITHHELD_UNCERTAINTY
f6344d62cd2879efa36cb20334a58d82a68eda8247b2f67ccc58e08dd508e388,JUNCTIONS,523,hadron_count,raw_count,count,0x1.6747d80000000p+21,AVAILABLE,WITHHELD_UNCERTAINTY
0c3391e4bcc0c376fab3d71213cc670d1f7c6c9f81d0545226233a914ed8ab8a,MONASH,523,hadron_count,raw_count,count,0x1.f119f80000000p+21,AVAILABLE,WITHHELD_UNCERTAINTY
629687916b8865a2f467ecfdc6a2f9e0649e8f3804c9f82b9e8a4ed3146eaa0b,CLOSEPACKING,523,hadron_count,raw_weighted_sum,weighted_count,0x1.5ec8780000000p+21,AVAILABLE,WITHHELD_UNCERTAINTY
171fe32cb3ca33df6e371a7ae5caf0d6dbfe167c985a6b30680cf772b32ba19e,JUNCTIONS,523,hadron_count,raw_weighted_sum,weighted_count,0x1.6747d80000000p+21,AVAILABLE,WITHHELD_UNCERTAINTY
e9c1425ec0a7723e893407d223f87100c8b54ac188499495f31b624cc2b83c73,MONASH,523,hadron_count,raw_weighted_sum,weighted_count,0x1.f119f80000000p+21,AVAILABLE,WITHHELD_UNCERTAINTY
86033956119272b5fa8e3620cc382c28c02f683e1e4ec82788fdb05afb691341,CLOSEPACKING,5232,beauty_plus_antibeauty_constituent_count,raw_count,count,0x1.12c8000000000p+17,AVAILABLE,WITHHELD_UNCERTAINTY
f5d7d3c9731d6d43f1c2a1b8df0b9d8ce6e62fa514ad1f2641fba3fbaff73a97,JUNCTIONS,5232,beauty_plus_antibeauty_constituent_count,raw_count,count,0x1.e374000000000p+16,AVAILABLE,WITHHELD_UNCERTAINTY
06fe3f504d1cfa6432c1671f3b31b1c752a96c77b21ff33ec154b243c03bc321,MONASH,5232,beauty_plus_antibeauty_constituent_count,raw_count,count,0x1.c2ee000000000p+15,AVAILABLE,WITHHELD_UNCERTAINTY
87f609141e707e9ca57b772dfb7bd87148157ec10e598b2522d934f18b32dec8,CLOSEPACKING,5232,beauty_plus_antibeauty_constituent_count,raw_weighted_sum,weighted_count,0x1.12c8000000000p+17,AVAILABLE,WITHHELD_UNCERTAINTY
99fe0fbd0fbb9f4e313377f5b25dd8d6c56917f4dd6d150b95f5c440f7088708,JUNCTIONS,5232,beauty_plus_antibeauty_constituent_count,raw_weighted_sum,weighted_count,0x1.e374000000000p+16,AVAILABLE,WITHHELD_UNCERTAINTY
de736f0ffb54464be98335d1abde6711f96a57ad3e3222ec4f93e818b059a877,MONASH,5232,beauty_plus_antibeauty_constituent_count,raw_weighted_sum,weighted_count,0x1.c2ee000000000p+15,AVAILABLE,WITHHELD_UNCERTAINTY
385300a996a4c9977e1b7d2988436ada9745f992af1ce9228eb56e9a92f15077,CLOSEPACKING,5232,charm_plus_anticharm_constituent_count,raw_count,count,0x0.0p+0,AVAILABLE,WITHHELD_UNCERTAINTY
7c3586daff81f6ca385df065567c9356005e131566131010b2f6a3030a935b28,JUNCTIONS,5232,charm_plus_anticharm_constituent_count,raw_count,count,0x0.0p+0,AVAILABLE,WITHHELD_UNCERTAINTY
457464a76c13a306cff4605da981ba39655b91e498ff5754f3ed59cb5849f582,MONASH,5232,charm_plus_anticharm_constituent_count,raw_count,count,0x0.0p+0,AVAILABLE,WITHHELD_UNCERTAINTY
3635c7ea8fb8204d3b26db9189281bb97334520a2ae06cffa8b272a7de493576,CLOSEPACKING,5232,charm_plus_anticharm_constituent_count,raw_weighted_sum,weighted_count,0x0.0p+0,AVAILABLE,WITHHELD_UNCERTAINTY
1aa35c6031c4e958082a1c8d3c6d72fcbfcd06584b0071d638aa7544074836c8,JUNCTIONS,5232,charm_plus_anticharm_constituent_count,raw_weighted_sum,weighted_count,0x0.0p+0,AVAILABLE,WITHHELD_UNCERTAINTY
6e7787a2af75756ffe2f9671d8b8854890c433d12599e06dcfff3152a900c1e9,MONASH,5232,charm_plus_anticharm_constituent_count,raw_weighted_sum,weighted_count,0x0.0p+0,AVAILABLE,WITHHELD_UNCERTAINTY
bb827c30126b170c53fc81ee30d114a72365b529099956026e299299f7a65c14,CLOSEPACKING,5232,hadron_count,normalized_yield,per_event,0x1.70ce1e5b8ac03p-10,AVAILABLE,AVAILABLE
9b1b844679fa329692064d2c08fe7feece261729289f9518ffd2c4292c70937c,JUNCTIONS,5232,hadron_count,normalized_yield,per_event,0x1.44709d4c00b48p-10,AVAILABLE,AVAILABLE
b01873976dc73e17345688c727455f6fe9e73485b12156937ee04d3d42e8c6bf,MONASH,5232,hadron_count,normalized_yield,per_event,0x1.2e9d21637cfd0p-11,AVAILABLE,AVAILABLE
76f1675f50c486c2af9956cf67aa7fc291d814712ef5514f8797f73284902c1b,CLOSEPACKING,5232,hadron_count,raw_count,count,0x1.12c8000000000p+17,AVAILABLE,WITHHELD_UNCERTAINTY
7a213863cb81e948b37f724fe2d7fc8933cf2c6f2ec3202bb27e2813737bc2d1,JUNCTIONS,5232,hadron_count,raw_count,count,0x1.e374000000000p+16,AVAILABLE,WITHHELD_UNCERTAINTY
cd5c98fc62ab44b3cdd86313a2f7969a3a5e8b67b55579ccb77bd3db523898f5,MONASH,5232,hadron_count,raw_count,count,0x1.c2ee000000000p+15,AVAILABLE,WITHHELD_UNCERTAINTY
29651d548a7db64630b6ab8fb88ec59ddc64db7809c6f652e451b06211b08cb6,CLOSEPACKING,5232,hadron_count,raw_weighted_sum,weighted_count,0x1.12c8000000000p+17,AVAILABLE,WITHHELD_UNCERTAINTY
0bc083a6d85300f01b130e9fc9c7f2807c2cd8a4c9fe223971d4cd2d46a3d6e1,JUNCTIONS,5232,hadron_count,raw_weighted_sum,weighted_count,0x1.e374000000000p+16,AVAILABLE,WITHHELD_UNCERTAINTY
0427725587f44ac6e8051fdd51ee608acfe1f8f95645d26527b175b2ec8b6950,MONASH,5232,hadron_count,raw_weighted_sum,weighted_count,0x1.c2ee000000000p+15,AVAILABLE,WITHHELD_UNCERTAINTY
e68d1e6118953d9d484553195152c971d355985118329b1dd8b1a7d61b3a6bce,CLOSEPACKING,5242,beauty_plus_antibeauty_constituent_count,raw_count,count,0x1.d8c0000000000p+11,AVAILABLE,WITHHELD_UNCERTAINTY
d682a30ee65373874255006e87bdaeaf9818819571bbd24c885dc6e8c6009a22,JUNCTIONS,5242,beauty_plus_antibeauty_constituent_count,raw_count,count,0x1.f8c0000000000p+11,AVAILABLE,WITHHELD_UNCERTAINTY
2977991ff3fe92f3a44fb9453961c95f1017a134f50022d36e800efc32d5c83d,MONASH,5242,beauty_plus_antibeauty_constituent_count,raw_count,count,0x1.4000000000000p+2,AVAILABLE,WITHHELD_UNCERTAINTY
8e7706d944a9400c503dabd6d27e7b86fb64f8c40ac21cec792c799a2372d744,CLOSEPACKING,5242,beauty_plus_antibeauty_constituent_count,raw_weighted_sum,weighted_count,0x1.d8c0000000000p+11,AVAILABLE,WITHHELD_UNCERTAINTY
6e5762e4a2a3b7043e1fe88d550e29fb46cccbbe23e50145a0b5648a5c858c62,JUNCTIONS,5242,beauty_plus_antibeauty_constituent_count,raw_weighted_sum,weighted_count,0x1.f8c0000000000p+11,AVAILABLE,WITHHELD_UNCERTAINTY
b1ef7037ee5fe4a7e1d535a4062c7ce424e2647f456965346e29017e16dfcc0b,MONASH,5242,beauty_plus_antibeauty_constituent_count,raw_weighted_sum,weighted_count,0x1.4000000000000p+2,AVAILABLE,WITHHELD_UNCERTAINTY
e7a9b15e0cf55847650948b6eea96e92d93f7dc1594c90a9819dcf8b5129d68d,CLOSEPACKING,5242,charm_plus_anticharm_constituent_count,raw_count,count,0x1.d8c0000000000p+11,AVAILABLE,WITHHELD_UNCERTAINTY
021825f24ef03ffad9ed2947b57af04fe19daf71cd6d6157f2919721a05ee3e9,JUNCTIONS,5242,charm_plus_anticharm_constituent_count,raw_count,count,0x1.f8c0000000000p+11,AVAILABLE,WITHHELD_UNCERTAINTY
6a2ef127628be1d0cc4dea28aa67eec99ead325c52571be7c211deea59b26051,MONASH,5242,charm_plus_anticharm_constituent_count,raw_count,count,0x1.4000000000000p+2,AVAILABLE,WITHHELD_UNCERTAINTY
4380b72e92ec73dfd84ed0cf7539cfb4d8167b1e8d3f037f8ae265e72f4b5301,CLOSEPACKING,5242,charm_plus_anticharm_constituent_count,raw_weighted_sum,weighted_count,0x1.d8c0000000000p+11,AVAILABLE,WITHHELD_UNCERTAINTY
dfd1514323aaa3a927af8447be50a4e5febe1b70c9e1b6d7c3e46cb9b381d0c2,JUNCTIONS,5242,charm_plus_anticharm_constituent_count,raw_weighted_sum,weighted_count,0x1.f8c0000000000p+11,AVAILABLE,WITHHELD_UNCERTAINTY
32b07dac403a4061b40a3c1de48a8d921a98c516bf5fa1a225d182d727503582,MONASH,5242,charm_plus_anticharm_constituent_count,raw_weighted_sum,weighted_count,0x1.4000000000000p+2,AVAILABLE,WITHHELD_UNCERTAINTY
798d49c54ac674132d96c7fa13ce8fe643b99b9b063f87103e8db6e80bc263af,CLOSEPACKING,5242,hadron_count,normalized_yield,per_event,0x1.3d41d4e19937ap-15,AVAILABLE,AVAILABLE
096a058c57e845737450c7505f63901bd030d479e49378dd6843d72a320b8af7,JUNCTIONS,5242,hadron_count,normalized_yield,per_event,0x1.52bb63c3c9c3ep-15,AVAILABLE,AVAILABLE
1d504f306b6fe51efe47a59a6622b679b2a2c234d45172b13147a5c57b4dd368,MONASH,5242,hadron_count,normalized_yield,per_event,0x1.ad7f29abcaf48p-25,AVAILABLE,AVAILABLE
673b30f81e83af08ce9767bc7288dd5b2b3767a40dbcad792798e051d88a513b,CLOSEPACKING,5242,hadron_count,raw_count,count,0x1.d8c0000000000p+11,AVAILABLE,WITHHELD_UNCERTAINTY
f2f4790decd23e034ed3c121895e2b0b9d92e685ee6fad153fa5c276d6e284f7,JUNCTIONS,5242,hadron_count,raw_count,count,0x1.f8c0000000000p+11,AVAILABLE,WITHHELD_UNCERTAINTY
f5f005a64b99c7be199597ea062120e778660398c1d826fe3ae4ae99f97eb47a,MONASH,5242,hadron_count,raw_count,count,0x1.4000000000000p+2,AVAILABLE,WITHHELD_UNCERTAINTY
0b61119d1fdd0fd4a70a45a89289dd3f2c700eb2e0502e9751a6d865a7df4e6e,CLOSEPACKING,5242,hadron_count,raw_weighted_sum,weighted_count,0x1.d8c0000000000p+11,AVAILABLE,WITHHELD_UNCERTAINTY
24ed5cbcc91d4317540bc39ab9ba97136e6f7da534742118a51e9255b7bb8cc3,JUNCTIONS,5242,hadron_count,raw_weighted_sum,weighted_count,0x1.f8c0000000000p+11,AVAILABLE,WITHHELD_UNCERTAINTY
b34b5c5bca2811ed9e8419e17b7bb1031b1607b4caaebe315f71e054478fc89b,MONASH,5242,hadron_count,raw_weighted_sum,weighted_count,0x1.4000000000000p+2,AVAILABLE,WITHHELD_UNCERTAINTY
29546a1edb6900162d46fd5a448ccc833f6db82b879323a2a382870afe2ea408,CLOSEPACKING,531,beauty_plus_antibeauty_constituent_count,raw_count,count,0x1.2cd3400000000p+18,AVAILABLE,WITHHELD_UNCERTAINTY
66aed893316f5ab6ecf7d7c2ab66ed853841facb888c30ecb5eb6f23fb5b8fa3,JUNCTIONS,531,beauty_plus_antibeauty_constituent_count,raw_count,count,0x1.07f8c00000000p+18,AVAILABLE,WITHHELD_UNCERTAINTY
87a9e4e5742dd6721f7f428f045bd05a03f42098df030bf10107d35f5187c609,MONASH,531,beauty_plus_antibeauty_constituent_count,raw_count,count,0x1.978d800000000p+18,AVAILABLE,WITHHELD_UNCERTAINTY
66eb1c9ec904ca93e30aca8531f019d1796a91355d6b26571c6efe5483f48540,CLOSEPACKING,531,beauty_plus_antibeauty_constituent_count,raw_weighted_sum,weighted_count,0x1.2cd3400000000p+18,AVAILABLE,WITHHELD_UNCERTAINTY
134f74d9074e6c7713f0140256bef0ec5e104859226ed65a5e7e460d4205558c,JUNCTIONS,531,beauty_plus_antibeauty_constituent_count,raw_weighted_sum,weighted_count,0x1.07f8c00000000p+18,AVAILABLE,WITHHELD_UNCERTAINTY
741bea5e97da865bb21fd8ddd2b041901bf061d82c6ca533c75d2719047405d7,MONASH,531,beauty_plus_antibeauty_constituent_count,raw_weighted_sum,weighted_count,0x1.978d800000000p+18,AVAILABLE,WITHHELD_UNCERTAINTY
fc5801f7f0e75186ab3d7605581dbbc1510cfd48a2ba9f6952ad5be039a74bb8,CLOSEPACKING,531,charm_plus_anticharm_constituent_count,raw_count,count,0x0.0p+0,AVAILABLE,WITHHELD_UNCERTAINTY
7741238c3357f5d9e0fc8601fbbaefc4cd007b71394b5d3469b3128f635036d7,JUNCTIONS,531,charm_plus_anticharm_constituent_count,raw_count,count,0x0.0p+0,AVAILABLE,WITHHELD_UNCERTAINTY
a54fe7b2f51d82588b13640c4161781d00916d1d9ec7f1175e7101bf6b4bc139,MONASH,531,charm_plus_anticharm_constituent_count,raw_count,count,0x0.0p+0,AVAILABLE,WITHHELD_UNCERTAINTY
c50a85d9d2f0495e162052aa640b9c99fdc28337115d4623ad572539788d28db,CLOSEPACKING,531,charm_plus_anticharm_constituent_count,raw_weighted_sum,weighted_count,0x0.0p+0,AVAILABLE,WITHHELD_UNCERTAINTY
8af648f4003f405a3a765665a304e44265106a4b97d44abaaab949f5b0c65e2f,JUNCTIONS,531,charm_plus_anticharm_constituent_count,raw_weighted_sum,weighted_count,0x0.0p+0,AVAILABLE,WITHHELD_UNCERTAINTY
90a63a6ff46281a98bc19176500d553e5c76afa66a2414ff4f7100a35b8fb147,MONASH,531,charm_plus_anticharm_constituent_count,raw_weighted_sum,weighted_count,0x0.0p+0,AVAILABLE,WITHHELD_UNCERTAINTY
a419585cf1463ccd97bb23a91056a3f494d3860f6cf718509bf6bcc9e5e88d58,CLOSEPACKING,531,hadron_count,normalized_yield,per_event,0x1.93c2c00390ae4p-9,AVAILABLE,AVAILABLE
00e906f6bc75352c68c0d29ffdb4dbea442a73fd6b3e2aa8c480e07cbb6e4aea,JUNCTIONS,531,hadron_count,normalized_yield,per_event,0x1.624bfa7f628bcp-9,AVAILABLE,AVAILABLE
e9c8053f2499ce3fd3fda29028faa8b65ca36f7e8cdec54405c6a49c9d6f3f86,MONASH,531,hadron_count,normalized_yield,per_event,0x1.118106d0a9a63p-8,AVAILABLE,AVAILABLE
ab110f1b0b7f4a209c3966917e73852efb7938caafcb51f98e1f6eb903cac1df,CLOSEPACKING,531,hadron_count,raw_count,count,0x1.2cd3400000000p+18,AVAILABLE,WITHHELD_UNCERTAINTY
b703dd62023e52b45e50eb4926e17d1e992ec655d30e3101ee52611d1916d7b4,JUNCTIONS,531,hadron_count,raw_count,count,0x1.07f8c00000000p+18,AVAILABLE,WITHHELD_UNCERTAINTY
9fa33e908343cf1d9e30c2512c4ecf71dbbe32ab7cf9d881e69d39c8abe8bb22,MONASH,531,hadron_count,raw_count,count,0x1.978d800000000p+18,AVAILABLE,WITHHELD_UNCERTAINTY
f4fa748e36c70e2328b55d318b9c9441e4ec7d3a1213ac00aa9c006630d02126,CLOSEPACKING,531,hadron_count,raw_weighted_sum,weighted_count,0x1.2cd3400000000p+18,AVAILABLE,WITHHELD_UNCERTAINTY
4f4c2b0dd45484912f6c252dc435ef0c0c67b0cd34a6bd595ae5d5b0e16f6720,JUNCTIONS,531,hadron_count,raw_weighted_sum,weighted_count,0x1.07f8c00000000p+18,AVAILABLE,WITHHELD_UNCERTAINTY
7432510307d96bec494baf14ba956d8b72b3c870f41039ee7d50caed3c10ede4,MONASH,531,hadron_count,raw_weighted_sum,weighted_count,0x1.978d800000000p+18,AVAILABLE,WITHHELD_UNCERTAINTY
46383afb5f3977484094b5db01ad973dbb264c782adb96a7ee2276c81919b35a,CLOSEPACKING,5312,beauty_plus_antibeauty_constituent_count,raw_count,count,0x1.2aa6800000000p+17,AVAILABLE,WITHHELD_UNCERTAINTY
0dccde39a1d2a887a298aa57ecde02ad0ae20d70a93f688abdeaf04509b8d610,JUNCTIONS,5312,beauty_plus_antibeauty_constituent_count,raw_count,count,0x1.ada4000000000p+17,AVAILABLE,WITHHELD_UNCERTAINTY
fdf31ade02ac232f04ee4768d7c057d0939cb7c5d47177d12995328037853ea2,MONASH,5312,beauty_plus_antibeauty_constituent_count,raw_count,count,0x1.9770000000000p+12,AVAILABLE,WITHHELD_UNCERTAINTY
47bf0a91d9b1575b300a06d75872f1565fa788b3a477242dd3f196e06718859e,CLOSEPACKING,5312,beauty_plus_antibeauty_constituent_count,raw_weighted_sum,weighted_count,0x1.2aa6800000000p+17,AVAILABLE,WITHHELD_UNCERTAINTY
c5822ebe347be775b502cc6e413e38b6dde8a0cf41d1e943d5685f40593ed64f,JUNCTIONS,5312,beauty_plus_antibeauty_constituent_count,raw_weighted_sum,weighted_count,0x1.ada4000000000p+17,AVAILABLE,WITHHELD_UNCERTAINTY
114231db657e703a0c67bd7db527e9483854dc10b85ffd13e7ea9781c4b4bb46,MONASH,5312,beauty_plus_antibeauty_constituent_count,raw_weighted_sum,weighted_count,0x1.9770000000000p+12,AVAILABLE,WITHHELD_UNCERTAINTY
068444c68c25778e476e3c4f7bb48b88fa9edc34e29511dbb4bb676bda2acae1,CLOSEPACKING,5312,charm_plus_anticharm_constituent_count,raw_count,count,0x0.0p+0,AVAILABLE,WITHHELD_UNCERTAINTY
9f0715572178213f066d4bb0834650d8c2b0b37c62177a0e057ddaf915605778,JUNCTIONS,5312,charm_plus_anticharm_constituent_count,raw_count,count,0x0.0p+0,AVAILABLE,WITHHELD_UNCERTAINTY
a01aab71e46bdc2c1a9a8502795237d08a4cab485a76f1564e8200903a77e517,MONASH,5312,charm_plus_anticharm_constituent_count,raw_count,count,0x0.0p+0,AVAILABLE,WITHHELD_UNCERTAINTY
64806e353809f55ace43c0b2418f0310161049c5848f55bde6c55bef3547925c,CLOSEPACKING,5312,charm_plus_anticharm_constituent_count,raw_weighted_sum,weighted_count,0x0.0p+0,AVAILABLE,WITHHELD_UNCERTAINTY
e3e0b6787d6d7fa5d7197a43d25857c710a961fa81a22919b2d0eed10676b422,JUNCTIONS,5312,charm_plus_anticharm_constituent_count,raw_weighted_sum,weighted_count,0x0.0p+0,AVAILABLE,WITHHELD_UNCERTAINTY
301dc70ae2b4b5be0efc033811874ba1e1426ce7b717792f2a8fa78b4614fc48,MONASH,5312,charm_plus_anticharm_constituent_count,raw_weighted_sum,weighted_count,0x0.0p+0,AVAILABLE,WITHHELD_UNCERTAINTY
381d37b842a8f470f63cf908382c6e590fffb4fe09036d2a8957a0c96d9d160d,CLOSEPACKING,5312,hadron_count,normalized_yield,per_event,0x1.90d77e2ba9fcfp-10,AVAILABLE,AVAILABLE
5450dc0bd8633058b11221215e5166dea69a0556209f3d45b5672e65fc0f1521,JUNCTIONS,5312,hadron_count,normalized_yield,per_event,0x1.2053b284a210bp-9,AVAILABLE,AVAILABLE
27a77cd39706fdb14c0eae28d6112c394aaa8281e220c1ce60a363da81b5f949,MONASH,5312,hadron_count,normalized_yield,per_event,0x1.116d3ac0f1217p-14,AVAILABLE,AVAILABLE
d47b5be3f36c09537aa359b18adc05b18029996286eca0c30e2c87a73261f4de,CLOSEPACKING,5312,hadron_count,raw_count,count,0x1.2aa6800000000p+17,AVAILABLE,WITHHELD_UNCERTAINTY
cbaaedcad81d107cb98c844e15745cb92b901bafa65320bd23662f84e948f9e5,JUNCTIONS,5312,hadron_count,raw_count,count,0x1.ada4000000000p+17,AVAILABLE,WITHHELD_UNCERTAINTY
4a3edf8357aff543b33eef7060720bdffd9586d5b08448d80cef34bfef121276,MONASH,5312,hadron_count,raw_count,count,0x1.9770000000000p+12,AVAILABLE,WITHHELD_UNCERTAINTY
8df07a10144eb9428414bfe82f52a48ea74ee575e60bc1c0b5d5e2799bf88143,CLOSEPACKING,5312,hadron_count,raw_weighted_sum,weighted_count,0x1.2aa6800000000p+17,AVAILABLE,WITHHELD_UNCERTAINTY
360d71ff12b5ebd27e421a003029c68ce19611d17a9dda35e375737b0821b21b,JUNCTIONS,5312,hadron_count,raw_weighted_sum,weighted_count,0x1.ada4000000000p+17,AVAILABLE,WITHHELD_UNCERTAINTY
867fa2190c83b0a251c3399f3b4c79902707d9773275d5fef1da98ed3f0b0bcc,MONASH,5312,hadron_count,raw_weighted_sum,weighted_count,0x1.9770000000000p+12,AVAILABLE,WITHHELD_UNCERTAINTY
24f72f697397e6b93c25125d95bf5dfb18218daf59a54f82368f8d60f05584f8,CLOSEPACKING,5314,beauty_plus_antibeauty_constituent_count,raw_count,count,0x1.2c0b000000000p+17,AVAILABLE,WITHHELD_UNCERTAINTY
e6ecdac0734abe7468ed45fef89d039265f151f408b89ed392851b3a1e99558a,JUNCTIONS,5314,beauty_plus_antibeauty_constituent_count,raw_count,count,0x1.6714000000000p+14,AVAILABLE,WITHHELD_UNCERTAINTY
917dbf17625acb2d8b64ec8304ba9220ed71664163024c7a6c9f8a8c5e8b70fa,MONASH,5314,beauty_plus_antibeauty_constituent_count,raw_count,count,0x1.1dd8000000000p+13,AVAILABLE,WITHHELD_UNCERTAINTY
9a4905eb74b90495c68838e01f502fad55cf5ab7fb2f83fdc4b4ab5819160b30,CLOSEPACKING,5314,beauty_plus_antibeauty_constituent_count,raw_weighted_sum,weighted_count,0x1.2c0b000000000p+17,AVAILABLE,WITHHELD_UNCERTAINTY
647786f56df2db14db90231f7b72f505f0c5b49f45c36cf8ae87b88679cfba16,JUNCTIONS,5314,beauty_plus_antibeauty_constituent_count,raw_weighted_sum,weighted_count,0x1.6714000000000p+14,AVAILABLE,WITHHELD_UNCERTAINTY
7e1e1f51269687582abf4cfe6dad7823c8b3a42a8cd58b83ec7c8855467e339e,MONASH,5314,beauty_plus_antibeauty_constituent_count,raw_weighted_sum,weighted_count,0x1.1dd8000000000p+13,AVAILABLE,WITHHELD_UNCERTAINTY
fa5bdc6c91e79fa9ba0a6e82f1790eb38e2586a816aecc777c491f5aad2cb60c,CLOSEPACKING,5314,charm_plus_anticharm_constituent_count,raw_count,count,0x0.0p+0,AVAILABLE,WITHHELD_UNCERTAINTY
30a3753058e1350b84bc615ac75ff8208b411df7faa8ac3aac0ed1795ffc983f,JUNCTIONS,5314,charm_plus_anticharm_constituent_count,raw_count,count,0x0.0p+0,AVAILABLE,WITHHELD_UNCERTAINTY
f547b65ce3d0db5c1490b95c22c0bb35906c685e392666924de78000cce5edb9,MONASH,5314,charm_plus_anticharm_constituent_count,raw_count,count,0x0.0p+0,AVAILABLE,WITHHELD_UNCERTAINTY
cd8c2d51293c26877301293a40079e7f4252f3aed1f8fa36ff1d28fa2941f568,CLOSEPACKING,5314,charm_plus_anticharm_constituent_count,raw_weighted_sum,weighted_count,0x0.0p+0,AVAILABLE,WITHHELD_UNCERTAINTY
0d40167d8b0883479458cca63be8f001661f545cbf22e8971019a4d63308dd21,JUNCTIONS,5314,charm_plus_anticharm_constituent_count,raw_weighted_sum,weighted_count,0x0.0p+0,AVAILABLE,WITHHELD_UNCERTAINTY
e612b39d18644265a445309b6493b12939cdc4b9a4b86033447edc9afc94ada6,MONASH,5314,charm_plus_anticharm_constituent_count,raw_weighted_sum,weighted_count,0x0.0p+0,AVAILABLE,WITHHELD_UNCERTAINTY
c1f47062d471161dd50a3440c4938baf1034b3612885f925380cc10ac0cc1805,CLOSEPACKING,5314,hadron_count,normalized_yield,per_event,0x1.92b5faa349c6ap-10,AVAILABLE,AVAILABLE
f09ac36e3fa1cd4727a620e9e85f6957fd5705399ca7cf103042dbc378b3a839,JUNCTIONS,5314,hadron_count,normalized_yield,per_event,0x1.e1f24de5bc070p-13,AVAILABLE,AVAILABLE
d52fdf9be58ee86681ae1be955642f85ee246b722dc3acf962984f76158f71e6,MONASH,5314,hadron_count,normalized_yield,per_event,0x1.7fa72a25ee513p-14,AVAILABLE,AVAILABLE
b781d6d4f2da56a47ee6273dd589e610553a96b02ab462d76e344a748a3ffbdf,CLOSEPACKING,5314,hadron_count,raw_count,count,0x1.2c0b000000000p+17,AVAILABLE,WITHHELD_UNCERTAINTY
8f30dea41cb28840e49a5046760f0f2034da06cf83f665be5fdbfede4b3ba657,JUNCTIONS,5314,hadron_count,raw_count,count,0x1.6714000000000p+14,AVAILABLE,WITHHELD_UNCERTAINTY
843ede9a9361219ee2179bc9d9bdd9f91a8c8fff946098f889c513dcbb57453d,MONASH,5314,hadron_count,raw_count,count,0x1.1dd8000000000p+13,AVAILABLE,WITHHELD_UNCERTAINTY
0e1aa11f0e7d07a87ebd2d4c2f0fb4ebaf1bc6365ec05a91ca325e6b48706ff7,CLOSEPACKING,5314,hadron_count,raw_weighted_sum,weighted_count,0x1.2c0b000000000p+17,AVAILABLE,WITHHELD_UNCERTAINTY
582e17ff54b07eb1110cd508f5d9ec72f4dc5ced7faeff21166b10e13555fc5c,JUNCTIONS,5314,hadron_count,raw_weighted_sum,weighted_count,0x1.6714000000000p+14,AVAILABLE,WITHHELD_UNCERTAINTY
22435f21acfe90005c0f8e81f55f290638c22d031cf63784db438a58f9f0b0b2,MONASH,5314,hadron_count,raw_weighted_sum,weighted_count,0x1.1dd8000000000p+13,AVAILABLE,WITHHELD_UNCERTAINTY
c72cfca2ea81e8c94afa4d0bf344176ca7e9ea8e27cfde667f869fce4912b9b4,CLOSEPACKING,5322,beauty_plus_antibeauty_constituent_count,raw_count,count,0x1.29cc000000000p+17,AVAILABLE,WITHHELD_UNCERTAINTY
c93c9c1d93f81dc570c8dcc2155f6071e63951b40650d4f383408711dd4a6ab6,JUNCTIONS,5322,beauty_plus_antibeauty_constituent_count,raw_count,count,0x1.ae1d800000000p+17,AVAILABLE,WITHHELD_UNCERTAINTY
b9d054e98aa0dc7f63fb368d4709c70a3320f8fbf682417351548c064d3c1768,MONASH,5322,beauty_plus_antibeauty_constituent_count,raw_count,count,0x1.a210000000000p+12,AVAILABLE,WITHHELD_UNCERTAINTY
082b7f9956ec75f457b50f7dc21ba132b207a5c25a51f0f3725edd879d876076,CLOSEPACKING,5322,beauty_plus_antibeauty_constituent_count,raw_weighted_sum,weighted_count,0x1.29cc000000000p+17,AVAILABLE,WITHHELD_UNCERTAINTY
ccda98aed0528e7e4ba397a8f865b15003b08b4faa6a6fda612a8378afd6972c,JUNCTIONS,5322,beauty_plus_antibeauty_constituent_count,raw_weighted_sum,weighted_count,0x1.ae1d800000000p+17,AVAILABLE,WITHHELD_UNCERTAINTY
9c660bb5704446b7b31ed22114e8ef76e77847463b710e05527eeabefe10e173,MONASH,5322,beauty_plus_antibeauty_constituent_count,raw_weighted_sum,weighted_count,0x1.a210000000000p+12,AVAILABLE,WITHHELD_UNCERTAINTY
ef4dc5dcb5e3bacde682b4d749bb79741ff6debf3b21e293ad0ddbc98c445328,CLOSEPACKING,5322,charm_plus_anticharm_constituent_count,raw_count,count,0x0.0p+0,AVAILABLE,WITHHELD_UNCERTAINTY
d731126117586eab620fa4037aba9bab463abbb011f7319d7aa46cdf0a46a172,JUNCTIONS,5322,charm_plus_anticharm_constituent_count,raw_count,count,0x0.0p+0,AVAILABLE,WITHHELD_UNCERTAINTY
8b8a89e57f3946c745e3c926fdea6cf21eb5bafc2ce6b1fbbb5e3d0a08794df3,MONASH,5322,charm_plus_anticharm_constituent_count,raw_count,count,0x0.0p+0,AVAILABLE,WITHHELD_UNCERTAINTY
719778864cbbfe1029760b65133c1cba150a45224379db551157b49d86e8d4a4,CLOSEPACKING,5322,charm_plus_anticharm_constituent_count,raw_weighted_sum,weighted_count,0x0.0p+0,AVAILABLE,WITHHELD_UNCERTAINTY
8ffcd576530a86432b975d3a9e1d2d442809538a6953d4967029bc56b65a6a03,JUNCTIONS,5322,charm_plus_anticharm_constituent_count,raw_weighted_sum,weighted_count,0x0.0p+0,AVAILABLE,WITHHELD_UNCERTAINTY
d8918b53a0eafc75242a2bcafef619b765542333d0b2fa3b01996f4f779f1706,MONASH,5322,charm_plus_anticharm_constituent_count,raw_weighted_sum,weighted_count,0x0.0p+0,AVAILABLE,WITHHELD_UNCERTAINTY
9c5175e13f58a806c8bd59cca9344f0d6d81141280b81fd20d485e820b5d778a,CLOSEPACKING,5322,hadron_count,normalized_yield,per_event,0x1.8fb23a246915fp-10,AVAILABLE,AVAILABLE
1449e49dd0e2a4805d9def8b32f32ad206cef3f2940e6c9faf9a4aeb9e6a91a5,JUNCTIONS,5322,hadron_count,normalized_yield,per_event,0x1.20a53c0f24e11p-9,AVAILABLE,AVAILABLE
bcdf2473562f67d79c8719e5f0bcaba49880f6a3bd7329c8ed8fa4f5d24b3b3b,MONASH,5322,hadron_count,normalized_yield,per_event,0x1.188e97320b400p-14,AVAILABLE,AVAILABLE
6a6b47e2c66c1eafecca3b1d5c25e3946595688037c91cd64b1a5b13db549d6f,CLOSEPACKING,5322,hadron_count,raw_count,count,0x1.29cc000000000p+17,AVAILABLE,WITHHELD_UNCERTAINTY
6f0b57eeae0f01471bc574abe39c91ddc7deecf1202ca0d1de173f6b0c40b6ed,JUNCTIONS,5322,hadron_count,raw_count,count,0x1.ae1d800000000p+17,AVAILABLE,WITHHELD_UNCERTAINTY
34b0dc3e3f8dde3dfa95333a95653dba9ccf9a12f4c4866f6dd4c0680c0b6181,MONASH,5322,hadron_count,raw_count,count,0x1.a210000000000p+12,AVAILABLE,WITHHELD_UNCERTAINTY
45977d2c03c8b72946aa99adfadb919e8ff2ccb247a3ea87eea7633afe990ce3,CLOSEPACKING,5322,hadron_count,raw_weighted_sum,weighted_count,0x1.29cc000000000p+17,AVAILABLE,WITHHELD_UNCERTAINTY
fe4abf6d8e32f5825f8b0b683fc611db56d1df48abfee8b2fc9cdf105d1a6f17,JUNCTIONS,5322,hadron_count,raw_weighted_sum,weighted_count,0x1.ae1d800000000p+17,AVAILABLE,WITHHELD_UNCERTAINTY
f9bfc6a64ba936092fad9b3c680ddae3cd202ec4999c6f49e502098a82ddeb4d,MONASH,5322,hadron_count,raw_weighted_sum,weighted_count,0x1.a210000000000p+12,AVAILABLE,WITHHELD_UNCERTAINTY
b9f3f82756171bcdef166ba9fcea1ba161455ce76ffee65c29e178b164e407da,CLOSEPACKING,5324,beauty_plus_antibeauty_constituent_count,raw_count,count,0x1.2daa000000000p+17,AVAILABLE,WITHHELD_UNCERTAINTY
13f3b5e0c3720a6b3c5d68bf1741b53a3a38f81aa0d8ad3a682fa40604bc3290,JUNCTIONS,5324,beauty_plus_antibeauty_constituent_count,raw_count,count,0x1.67cc000000000p+14,AVAILABLE,WITHHELD_UNCERTAINTY
b16482910997f83bf471c24305e60eab9d373070113328ff8382b9476d687643,MONASH,5324,beauty_plus_antibeauty_constituent_count,raw_count,count,0x1.2028000000000p+13,AVAILABLE,WITHHELD_UNCERTAINTY
8326613c6a48ed5c556d92a1ad453de1a5b498f64c3b07a57c98e1200bdfd6b8,CLOSEPACKING,5324,beauty_plus_antibeauty_constituent_count,raw_weighted_sum,weighted_count,0x1.2daa000000000p+17,AVAILABLE,WITHHELD_UNCERTAINTY
d0d21229fef8034fdc0a5e792fca718d0f9ac4f45a9fd71d673cde2f4337881d,JUNCTIONS,5324,beauty_plus_antibeauty_constituent_count,raw_weighted_sum,weighted_count,0x1.67cc000000000p+14,AVAILABLE,WITHHELD_UNCERTAINTY
038a8298884bc75560887e9f83eb557bc53f9eada4e3e9d5a82babbe73c231ac,MONASH,5324,beauty_plus_antibeauty_constituent_count,raw_weighted_sum,weighted_count,0x1.2028000000000p+13,AVAILABLE,WITHHELD_UNCERTAINTY
0b8d73670515ba6e113f9f1d10c7998cd922d9ddc96f8416c3e56a50320edacc,CLOSEPACKING,5324,charm_plus_anticharm_constituent_count,raw_count,count,0x0.0p+0,AVAILABLE,WITHHELD_UNCERTAINTY
32e07e487225ee1d2f1ecd7244d63e35eb1a5ade670e2a102d62bcc639340ce6,JUNCTIONS,5324,charm_plus_anticharm_constituent_count,raw_count,count,0x0.0p+0,AVAILABLE,WITHHELD_UNCERTAINTY
57ca88d3a99e97f2b1811f779c977deabf9669df516d38b3bda66943d093b120,MONASH,5324,charm_plus_anticharm_constituent_count,raw_count,count,0x0.0p+0,AVAILABLE,WITHHELD_UNCERTAINTY
f51dc0a02c5067da0b79d82023e5be174e56b191d7b9bdbb755d57bfd3f42e37,CLOSEPACKING,5324,charm_plus_anticharm_constituent_count,raw_weighted_sum,weighted_count,0x0.0p+0,AVAILABLE,WITHHELD_UNCERTAINTY
397362da0d0cdfb8d293931543489b1556311b68c5140abe88f7bae0cfdf552e,JUNCTIONS,5324,charm_plus_anticharm_constituent_count,raw_weighted_sum,weighted_count,0x0.0p+0,AVAILABLE,WITHHELD_UNCERTAINTY
5a46bf36297f9e5da9e13b300e9152ef8e6588871724a792bc5e3319c1637ee9,MONASH,5324,charm_plus_anticharm_constituent_count,raw_weighted_sum,weighted_count,0x0.0p+0,AVAILABLE,WITHHELD_UNCERTAINTY
e8b90e2bee9f28d6fb6cbe793206a7f1cfe6b9a3f826a7058622f20ffacc5de3,CLOSEPACKING,5324,hadron_count,normalized_yield,per_event,0x1.94e2fb8d5491dp-10,AVAILABLE,AVAILABLE
0f1484b55c38513ff5876351c2f3ea60a123d83b5c1a8ddb12573ed3de233365,JUNCTIONS,5324,hadron_count,normalized_yield,per_event,0x1.e2e943d0e5355p-13,AVAILABLE,AVAILABLE
7a326d1b36f13a8e4c260061cf4c0433e7331182555a130d2f78e05148652972,MONASH,5324,hadron_count,normalized_yield,per_event,0x1.82c1bbcc9f557p-14,AVAILABLE,AVAILABLE
de1ceb9c87750c62fa40296970156ae259b7cadd0da2f9f975cd212e94af0557,CLOSEPACKING,5324,hadron_count,raw_count,count,0x1.2daa000000000p+17,AVAILABLE,WITHHELD_UNCERTAINTY
ec25964b921999a5b3ddb2407e966b1b13d7c9e69f9035feec8fb88cd71bf7ba,JUNCTIONS,5324,hadron_count,raw_count,count,0x1.67cc000000000p+14,AVAILABLE,WITHHELD_UNCERTAINTY
f42eff788d18d8c7945b9e9b538644804f0d65d2c4ee99729053c22d99160d9e,MONASH,5324,hadron_count,raw_count,count,0x1.2028000000000p+13,AVAILABLE,WITHHELD_UNCERTAINTY
f8a61373d58879474ff0dbcce186cd025db0ea961a2fe5a2a59331315a0395e7,CLOSEPACKING,5324,hadron_count,raw_weighted_sum,weighted_count,0x1.2daa000000000p+17,AVAILABLE,WITHHELD_UNCERTAINTY
55a5d55876206002acc308c6f9e0d57b0313b1b8b3e003d6a0dedef0fc50d3ca,JUNCTIONS,5324,hadron_count,raw_weighted_sum,weighted_count,0x1.67cc000000000p+14,AVAILABLE,WITHHELD_UNCERTAINTY
8dd72d8de0cea8867ff7096bf545b2e02ca8dba5438887c61a76102bf16d54e0,MONASH,5324,hadron_count,raw_weighted_sum,weighted_count,0x1.2028000000000p+13,AVAILABLE,WITHHELD_UNCERTAINTY
6a243ce77288df3191e7dbecace9bf4e64ce639f6583b4a8b2b746773854a678,CLOSEPACKING,533,beauty_plus_antibeauty_constituent_count,raw_count,count,0x1.4675a00000000p+19,AVAILABLE,WITHHELD_UNCERTAINTY
b0ec8eb83cd1762fbe5bb2117033264b0df699c43ea5cd94c5d1f78213fe1c22,JUNCTIONS,533,beauty_plus_antibeauty_constituent_count,raw_count,count,0x1.1de9000000000p+19,AVAILABLE,WITHHELD_UNCERTAINTY
e70dd299f50caf04fa42a9668152406bbeabe9308408889c876d225087214f38,MONASH,533,beauty_plus_antibeauty_constituent_count,raw_count,count,0x1.bd71400000000p+19,AVAILABLE,WITHHELD_UNCERTAINTY
63f214032b400dd163089da667ff7b2af73eeac798d5bd7d5ac1173ff5ab1a89,CLOSEPACKING,533,beauty_plus_antibeauty_constituent_count,raw_weighted_sum,weighted_count,0x1.4675a00000000p+19,AVAILABLE,WITHHELD_UNCERTAINTY
40a2607a0d3753d79e4e4b1c87e60c3ee5b217e951db6c12eb1f0c0134296f2e,JUNCTIONS,533,beauty_plus_antibeauty_constituent_count,raw_weighted_sum,weighted_count,0x1.1de9000000000p+19,AVAILABLE,WITHHELD_UNCERTAINTY
4ea066f011c67d0cafc24ae2410f74ff620183084e9f95896d5e752651af6e76,MONASH,533,beauty_plus_antibeauty_constituent_count,raw_weighted_sum,weighted_count,0x1.bd71400000000p+19,AVAILABLE,WITHHELD_UNCERTAINTY
2290ce07cd9426555599bb8d740d499d6dc8b60795f0fd7db1cc37146dbb1f3c,CLOSEPACKING,533,charm_plus_anticharm_constituent_count,raw_count,count,0x0.0p+0,AVAILABLE,WITHHELD_UNCERTAINTY
b579d9622f9bb3b26f70ab60ccc65f6c0ad83aacce955215e5019e002d1d87cd,JUNCTIONS,533,charm_plus_anticharm_constituent_count,raw_count,count,0x0.0p+0,AVAILABLE,WITHHELD_UNCERTAINTY
4b5296ac8cfbf4f57c2cc7678f1a5110a33becd3aa99e78c5882412b6829b1d8,MONASH,533,charm_plus_anticharm_constituent_count,raw_count,count,0x0.0p+0,AVAILABLE,WITHHELD_UNCERTAINTY
8a460ead9d30db71b56df6c9e305660aa8ec36aaf5c09ce28cb28e0320b3851f,CLOSEPACKING,533,charm_plus_anticharm_constituent_count,raw_weighted_sum,weighted_count,0x0.0p+0,AVAILABLE,WITHHELD_UNCERTAINTY
02f7f96a02a83c985583c5f8777b8116a33cbaf9e9a088a00928585c4772f270,JUNCTIONS,533,charm_plus_anticharm_constituent_count,raw_weighted_sum,weighted_count,0x0.0p+0,AVAILABLE,WITHHELD_UNCERTAINTY
2152714f8030bc2703ea949f462dd36d290546d00574b0e2756d3f6f303b850a,MONASH,533,charm_plus_anticharm_constituent_count,raw_weighted_sum,weighted_count,0x0.0p+0,AVAILABLE,WITHHELD_UNCERTAINTY
dec4f6ac9e0266e7245ac8bc43736b2b8213651b8f6291cd3f131518bde5ba03,CLOSEPACKING,533,hadron_count,normalized_yield,per_event,0x1.b62a9ee508020p-8,AVAILABLE,AVAILABLE
5ba124ab9d3dde0a653345da1f7bde953bb5a658730cc86f205fea47cc367c5c,JUNCTIONS,533,hadron_count,normalized_yield,per_event,0x1.7fbdfb4dbea4cp-8,AVAILABLE,AVAILABLE
a3056bcba9ec8105fb12c5609b3fbc98a245d40c26a9688ee47982a8f1c70c12,MONASH,533,hadron_count,normalized_yield,per_event,0x1.2aee6b2d1f9ddp-7,AVAILABLE,AVAILABLE
3be8ff1d8a946d79ce7e6f54e6730628c304c754d8560da40b1e2634d293f57c,CLOSEPACKING,533,hadron_count,raw_count,count,0x1.4675a00000000p+19,AVAILABLE,WITHHELD_UNCERTAINTY
c84efbf7d35d056d7c7d3048cd4be79f51b98a99659d15d7ddcca3a414f1fef5,JUNCTIONS,533,hadron_count,raw_count,count,0x1.1de9000000000p+19,AVAILABLE,WITHHELD_UNCERTAINTY
f4657db7ce0b6cc59afae8895ae2cff2128717c07fd77072c5425e4ad479a111,MONASH,533,hadron_count,raw_count,count,0x1.bd71400000000p+19,AVAILABLE,WITHHELD_UNCERTAINTY
7485e62898f6a1e3552de314d8d2843744f1ccd2220049d9fef9e2a8975ae4b7,CLOSEPACKING,533,hadron_count,raw_weighted_sum,weighted_count,0x1.4675a00000000p+19,AVAILABLE,WITHHELD_UNCERTAINTY
523ad31705b75e4836fc60f499fdae8936f7718ebf2a7d53897b730e4dda1576,JUNCTIONS,533,hadron_count,raw_weighted_sum,weighted_count,0x1.1de9000000000p+19,AVAILABLE,WITHHELD_UNCERTAINTY
a5bf28a5053714187a20869864a20e5a60d1f6379bbd961665be2ef58448a747,MONASH,533,hadron_count,raw_weighted_sum,weighted_count,0x1.bd71400000000p+19,AVAILABLE,WITHHELD_UNCERTAINTY
59dbbd74e2eb56d7648c2198a309b59c1bc3563fad3929f7e5e591febe9c4762,CLOSEPACKING,5332,beauty_plus_antibeauty_constituent_count,raw_count,count,0x1.45d8000000000p+15,AVAILABLE,WITHHELD_UNCERTAINTY
70a318b6d0900b627e0d054d0d5545a7bf647927e011e380728d4b68bbdfac20,JUNCTIONS,5332,beauty_plus_antibeauty_constituent_count,raw_count,count,0x1.5ac2000000000p+15,AVAILABLE,WITHHELD_UNCERTAINTY
8f0b7bad37e81565875a782dab90818c9a59557d79190fdf75c2fc7417b92dab,MONASH,5332,beauty_plus_antibeauty_constituent_count,raw_count,count,0x1.1f00000000000p+10,AVAILABLE,WITHHELD_UNCERTAINTY
b4b003f51f6b91bcea433d71eb61c0e54c657638903201494f8366bd9b4a52f8,CLOSEPACKING,5332,beauty_plus_antibeauty_constituent_count,raw_weighted_sum,weighted_count,0x1.45d8000000000p+15,AVAILABLE,WITHHELD_UNCERTAINTY
9b20f3d956eecb9ce8c44b012e5db4989552e5b6fb42c91c4a61934590f81152,JUNCTIONS,5332,beauty_plus_antibeauty_constituent_count,raw_weighted_sum,weighted_count,0x1.5ac2000000000p+15,AVAILABLE,WITHHELD_UNCERTAINTY
c05fea43eab68f459cb721f67621d33815200a4dcd1dfc8d5f5ffe89958dc10a,MONASH,5332,beauty_plus_antibeauty_constituent_count,raw_weighted_sum,weighted_count,0x1.1f00000000000p+10,AVAILABLE,WITHHELD_UNCERTAINTY
7f4fe8ad6ec684672fc574ad5614cb9f07eb403f37339211485cd01701241c48,CLOSEPACKING,5332,charm_plus_anticharm_constituent_count,raw_count,count,0x0.0p+0,AVAILABLE,WITHHELD_UNCERTAINTY
b36d0d3d2d6410faca7879a806831d7b861299c72d10dc98e4de4fe53ba2dce7,JUNCTIONS,5332,charm_plus_anticharm_constituent_count,raw_count,count,0x0.0p+0,AVAILABLE,WITHHELD_UNCERTAINTY
ee7e0caa7693136bcf47d6b4d929c061e48f233067bcf5e33dac2b50801ecb57,MONASH,5332,charm_plus_anticharm_constituent_count,raw_count,count,0x0.0p+0,AVAILABLE,WITHHELD_UNCERTAINTY
6857aab1c25db55d213a8e03c3ecb7e6e1fdbd2519bf523fd5219a44a48c10f4,CLOSEPACKING,5332,charm_plus_anticharm_constituent_count,raw_weighted_sum,weighted_count,0x0.0p+0,AVAILABLE,WITHHELD_UNCERTAINTY
47857219606862b9de56a10fa4eb1effc33078f2616120c2130814f349fc8907,JUNCTIONS,5332,charm_plus_anticharm_constituent_count,raw_weighted_sum,weighted_count,0x0.0p+0,AVAILABLE,WITHHELD_UNCERTAINTY
52ab9b58db8dc72c2f2dea0b32292c0e7c0b8761cdbb132a5043bedf514d6933,MONASH,5332,charm_plus_anticharm_constituent_count,raw_weighted_sum,weighted_count,0x0.0p+0,AVAILABLE,WITHHELD_UNCERTAINTY
8f6c8e4408a11e2eebc2c84d8d146f48e885fcea7de201288029f4018045fe31,CLOSEPACKING,5332,hadron_count,normalized_yield,per_event,0x1.b5570f5b67afcp-12,AVAILABLE,AVAILABLE
e4b4a5709185603bbb5fb8dd346a1e57723c077186e6839e12e184a0ba9ca3f2,JUNCTIONS,5332,hadron_count,normalized_yield,per_event,0x1.d16913bfd0650p-12,AVAILABLE,AVAILABLE
1f7d83519e12d1a9bab97ca7768818d5ea69af130c6295c86060f22a58b45f66,MONASH,5332,hadron_count,normalized_yield,per_event,0x1.813472f946d35p-17,AVAILABLE,AVAILABLE
1f71f30a3b819e6d68868f47ccf17c4cbc7d4060cbc4a2c59ebbf3238658618b,CLOSEPACKING,5332,hadron_count,raw_count,count,0x1.45d8000000000p+15,AVAILABLE,WITHHELD_UNCERTAINTY
0229a0a59245a9751321fcafc413e0bbaee97e0637b64e091620145674b9918c,JUNCTIONS,5332,hadron_count,raw_count,count,0x1.5ac2000000000p+15,AVAILABLE,WITHHELD_UNCERTAINTY
3ef0487c71eb24f593c3c11b877df804602e1a5a491b271215abf77b99c3beff,MONASH,5332,hadron_count,raw_count,count,0x1.1f00000000000p+10,AVAILABLE,WITHHELD_UNCERTAINTY
69fddba30f4e53b35e2eadef9118c32134a7c553a722c9199d8da929dcfcb7cd,CLOSEPACKING,5332,hadron_count,raw_weighted_sum,weighted_count,0x1.45d8000000000p+15,AVAILABLE,WITHHELD_UNCERTAINTY
10b290d501097b127979e6e255d592527190e044e21ff8da3fec77c4e52f9322,JUNCTIONS,5332,hadron_count,raw_weighted_sum,weighted_count,0x1.5ac2000000000p+15,AVAILABLE,WITHHELD_UNCERTAINTY
f9e381c59f6859b005fb7d29a9c552ce8c6ab14d570861950bf879845f63ee58,MONASH,5332,hadron_count,raw_weighted_sum,weighted_count,0x1.1f00000000000p+10,AVAILABLE,WITHHELD_UNCERTAINTY
05274ecb685b447631d9b7c16be4f39090b6856b4af1ced4676a8033b9147e06,CLOSEPACKING,5334,beauty_plus_antibeauty_constituent_count,raw_count,count,0x1.490a000000000p+15,AVAILABLE,WITHHELD_UNCERTAINTY
44d43d1c8b7eb931f9090d05c1ff1a2599b0b1fd59a05b1446fed36e9224910e,JUNCTIONS,5334,beauty_plus_antibeauty_constituent_count,raw_count,count,0x1.0d70000000000p+12,AVAILABLE,WITHHELD_UNCERTAINTY
82de85961526a4df5e616557df2b424dc0e522e3d65edeecdf99822f6d6fac26,MONASH,5334,beauty_plus_antibeauty_constituent_count,raw_count,count,0x1.a240000000000p+10,AVAILABLE,WITHHELD_UNCERTAINTY
836c0adfac371336df190f1bce9cbd6ccaf31f10b98d6bff94cbb0b2e29ae78c,CLOSEPACKING,5334,beauty_plus_antibeauty_constituent_count,raw_weighted_sum,weighted_count,0x1.490a000000000p+15,AVAILABLE,WITHHELD_UNCERTAINTY
a3b7f56a7a99ab40966ec73bc1a1be56dc81b93c55cb90c4c4bcd3ebd91351e6,JUNCTIONS,5334,beauty_plus_antibeauty_constituent_count,raw_weighted_sum,weighted_count,0x1.0d70000000000p+12,AVAILABLE,WITHHELD_UNCERTAINTY
9a20082c9bb543d47147b9eb33b3b77c724d72d133e0d454a923b44e3790da7c,MONASH,5334,beauty_plus_antibeauty_constituent_count,raw_weighted_sum,weighted_count,0x1.a240000000000p+10,AVAILABLE,WITHHELD_UNCERTAINTY
be00d5886201e4047e9a1997f0a944717faed620c1660b2bdfd092eec6ddc573,CLOSEPACKING,5334,charm_plus_anticharm_constituent_count,raw_count,count,0x0.0p+0,AVAILABLE,WITHHELD_UNCERTAINTY
b5914fc048fa8b5ec7f08fd01b01d1fbd8e7c78dc40b160af7333a16a7e36687,JUNCTIONS,5334,charm_plus_anticharm_constituent_count,raw_count,count,0x0.0p+0,AVAILABLE,WITHHELD_UNCERTAINTY
1ee373c91eccfc8401a95810344371fc5bc459a36fb03becc93d0eb1a3531ebb,MONASH,5334,charm_plus_anticharm_constituent_count,raw_count,count,0x0.0p+0,AVAILABLE,WITHHELD_UNCERTAINTY
c357621eab39e2f6aeabba6fb6b76b0aea72302d3cf694b638d74ab37d766531,CLOSEPACKING,5334,charm_plus_anticharm_constituent_count,raw_weighted_sum,weighted_count,0x0.0p+0,AVAILABLE,WITHHELD_UNCERTAINTY
a9c7c6249fc64934d576e07a66fa9fe47099266677a98be06c9e993b8f2033fa,JUNCTIONS,5334,charm_plus_anticharm_constituent_count,raw_weighted_sum,weighted_count,0x0.0p+0,AVAILABLE,WITHHELD_UNCERTAINTY
45363764b1df660cf029eff9ca6ff08fb74d19fb55267961af718bf727dc283c,MONASH,5334,charm_plus_anticharm_constituent_count,raw_weighted_sum,weighted_count,0x0.0p+0,AVAILABLE,WITHHELD_UNCERTAINTY
eb550e1d5bb117eccde5e581a39c2f23e564578c1d67668bbc3db5a5e23be9e4,CLOSEPACKING,5334,hadron_count,normalized_yield,per_event,0x1.b9a0f60453a1cp-12,AVAILABLE,AVAILABLE
1a1129b2e4d38f329a442a153e6e7c04738a5479127a1a864bf34d590a82f433,JUNCTIONS,5334,hadron_count,normalized_yield,per_event,0x1.69a20522ff896p-15,AVAILABLE,AVAILABLE
c04c775fcdac2c3274b9f792de7f69f97b2c8eec803ffcf90f42e4332b0b29a1,MONASH,5334,hadron_count,normalized_yield,per_event,0x1.18aecd885e88dp-16,AVAILABLE,AVAILABLE
c75fff33ad8c85b710fa3336a56f938a9bf5025fb2c66eccdb96334a0ab5fbd6,CLOSEPACKING,5334,hadron_count,raw_count,count,0x1.490a000000000p+15,AVAILABLE,WITHHELD_UNCERTAINTY
8b54a08b550158808c0299d5250d3b958df40f56cb1d7e5ad74019d33c5c0845,JUNCTIONS,5334,hadron_count,raw_count,count,0x1.0d70000000000p+12,AVAILABLE,WITHHELD_UNCERTAINTY
e0f8d1c60a519cebfddb7540857cad6080cf1f956a036b5248f9ede7be1d2b7f,MONASH,5334,hadron_count,raw_count,count,0x1.a240000000000p+10,AVAILABLE,WITHHELD_UNCERTAINTY
4bf62de1477e2b2039e34f8885a902247304c1941db171c5dada6c134b2b87f4,CLOSEPACKING,5334,hadron_count,raw_weighted_sum,weighted_count,0x1.490a000000000p+15,AVAILABLE,WITHHELD_UNCERTAINTY
a847515c3843c265cbe973e23ff92e8f849485b5b2d49769c5bab25a30d0745e,JUNCTIONS,5334,hadron_count,raw_weighted_sum,weighted_count,0x1.0d70000000000p+12,AVAILABLE,WITHHELD_UNCERTAINTY
c38ca963a51307d3bdf9eb6d3936d1106484036d108b7bd846a77c85dcae944f,MONASH,5334,hadron_count,raw_weighted_sum,weighted_count,0x1.a240000000000p+10,AVAILABLE,WITHHELD_UNCERTAINTY
7af42a10b7e34c50aec0da5490bdd0e6ce1007239f485853f36e26468dccd8b1,CLOSEPACKING,5342,beauty_plus_antibeauty_constituent_count,raw_count,count,0x1.6400000000000p+9,AVAILABLE,WITHHELD_UNCERTAINTY
4128bdafe46c2de5ae7292c86caccefd36b7f20919a83696584dc4384c1db635,JUNCTIONS,5342,beauty_plus_antibeauty_constituent_count,raw_count,count,0x1.6580000000000p+9,AVAILABLE,WITHHELD_UNCERTAINTY
55f9bc5f32af730b3869c13a21da9d09c94b5f0572e5610597472434398af3b4,MONASH,5342,beauty_plus_antibeauty_constituent_count,raw_count,count,0x1.0000000000000p+0,AVAILABLE,WITHHELD_UNCERTAINTY
da14781c6739e093ce59e965dcc7127f7fbbb8e3aa817ef923f0ab262a9833ff,CLOSEPACKING,5342,beauty_plus_antibeauty_constituent_count,raw_weighted_sum,weighted_count,0x1.6400000000000p+9,AVAILABLE,WITHHELD_UNCERTAINTY
5020088d02262067dce92fc89494af5b265ae17ebf5e0779675ea4700ca296ec,JUNCTIONS,5342,beauty_plus_antibeauty_constituent_count,raw_weighted_sum,weighted_count,0x1.6580000000000p+9,AVAILABLE,WITHHELD_UNCERTAINTY
ab2ba6ac4a23ecb813c1641502cf10246cfaf253bc18570f8743cde182ca87ca,MONASH,5342,beauty_plus_antibeauty_constituent_count,raw_weighted_sum,weighted_count,0x1.0000000000000p+0,AVAILABLE,WITHHELD_UNCERTAINTY
61b4c8a5fdee2e18241e00d6472808f57cd451c15c6b419ce7e66181a6be0c59,CLOSEPACKING,5342,charm_plus_anticharm_constituent_count,raw_count,count,0x1.6400000000000p+9,AVAILABLE,WITHHELD_UNCERTAINTY
52cacda4f2e07e2e1f199d1e46d6400bc17c5154281a9aeea9df8aa9a5fc6da8,JUNCTIONS,5342,charm_plus_anticharm_constituent_count,raw_count,count,0x1.6580000000000p+9,AVAILABLE,WITHHELD_UNCERTAINTY
dec2b85fd1f65467a19a0a3a53621f053555808db66cada7d319400ef8998a23,MONASH,5342,charm_plus_anticharm_constituent_count,raw_count,count,0x1.0000000000000p+0,AVAILABLE,WITHHELD_UNCERTAINTY
49599dbddff1b75134c7d9fb10457b56cd68179a15ca885ac0ce2948ce9b8e5b,CLOSEPACKING,5342,charm_plus_anticharm_constituent_count,raw_weighted_sum,weighted_count,0x1.6400000000000p+9,AVAILABLE,WITHHELD_UNCERTAINTY
6fc431c66cb3bf93615b7918f9ce98b0fc511ecc2fa9cf12a31b7afe8636ce48,JUNCTIONS,5342,charm_plus_anticharm_constituent_count,raw_weighted_sum,weighted_count,0x1.6580000000000p+9,AVAILABLE,WITHHELD_UNCERTAINTY
7e35661075c6a7b75c25b521486ad4beebf6f059a3d331d639c9e8fd7fdd6d78,MONASH,5342,charm_plus_anticharm_constituent_count,raw_weighted_sum,weighted_count,0x1.0000000000000p+0,AVAILABLE,WITHHELD_UNCERTAINTY
373e2e4db53ab21f9b65de1fb7c1f6ec64b4f0d75638a7f587c80508b767f643,CLOSEPACKING,5342,hadron_count,normalized_yield,per_event,0x1.ddd0ab28b8300p-18,AVAILABLE,AVAILABLE
e4fcb19c547b43ada2008450fb7e9acf36585194d23725846df6b20513b746aa,JUNCTIONS,5342,hadron_count,normalized_yield,per_event,0x1.dfd4108decbd3p-18,AVAILABLE,AVAILABLE
3fd2e8d203cca4ff22545dd93d1eb80154d1e450cf81a1bd7271e9db227343b8,MONASH,5342,hadron_count,normalized_yield,per_event,0x1.5798ee2308c3ap-27,AVAILABLE,AVAILABLE
405974bdfa9f61260a8a81e07ab66ea9e40214711f3e41d329ee6d49f92f000b,CLOSEPACKING,5342,hadron_count,raw_count,count,0x1.6400000000000p+9,AVAILABLE,WITHHELD_UNCERTAINTY
8f842a4965c7024eef8412e7d6768596d615fb6bea036b22715269ec29db1e59,JUNCTIONS,5342,hadron_count,raw_count,count,0x1.6580000000000p+9,AVAILABLE,WITHHELD_UNCERTAINTY
5c0d40052d7af7984beffd9bd12893abc7e8cfd7fe5a65b099bc1f0550e40b44,MONASH,5342,hadron_count,raw_count,count,0x1.0000000000000p+0,AVAILABLE,WITHHELD_UNCERTAINTY
bc5310b6d3856ac633966fb71777ff97f2b9d42ab3b277a53f1bcc1b02d744a5,CLOSEPACKING,5342,hadron_count,raw_weighted_sum,weighted_count,0x1.6400000000000p+9,AVAILABLE,WITHHELD_UNCERTAINTY
d939035b88f36bfa0dc932848d6e8c84fa91f546e174f976325706a5e0e48fcd,JUNCTIONS,5342,hadron_count,raw_weighted_sum,weighted_count,0x1.6580000000000p+9,AVAILABLE,WITHHELD_UNCERTAINTY
44edeaf3a49fae575cae035babf12e2bfb828bae21d2f875ffd2ebd63063294b,MONASH,5342,hadron_count,raw_weighted_sum,weighted_count,0x1.0000000000000p+0,AVAILABLE,WITHHELD_UNCERTAINTY
5b2d5102d7043d5290976f7489175942d09e6e80414b7c7946c68835aded1646,CLOSEPACKING,541,beauty_plus_antibeauty_constituent_count,raw_count,count,0x1.4400000000000p+11,AVAILABLE,WITHHELD_UNCERTAINTY
3529e3d327449ad6bce600ba9f0545246c8308caf41245543ffc5d00cf8b442c,JUNCTIONS,541,beauty_plus_antibeauty_constituent_count,raw_count,count,0x1.6e60000000000p+11,AVAILABLE,WITHHELD_UNCERTAINTY
0395bd07e25c50bbc501b71432c7e8bac39e4fbcc42c3bb06c01f89a6dfa05d7,MONASH,541,beauty_plus_antibeauty_constituent_count,raw_count,count,0x1.e5e0000000000p+11,AVAILABLE,WITHHELD_UNCERTAINTY
ed38abd6225a707487e8dc9ee5ca804a2e46735af6b540043bab23370ef163d7,CLOSEPACKING,541,beauty_plus_antibeauty_constituent_count,raw_weighted_sum,weighted_count,0x1.4400000000000p+11,AVAILABLE,WITHHELD_UNCERTAINTY
a91db526ba5c2dacb648c0faded9e544ec0770fd6633eb62d9c8168c2717a57e,JUNCTIONS,541,beauty_plus_antibeauty_constituent_count,raw_weighted_sum,weighted_count,0x1.6e60000000000p+11,AVAILABLE,WITHHELD_UNCERTAINTY
9ce30804b3c49d5ae2e24c1757ed788bfa82b0c96e06a2fe3f1c2429b9c6ac14,MONASH,541,beauty_plus_antibeauty_constituent_count,raw_weighted_sum,weighted_count,0x1.e5e0000000000p+11,AVAILABLE,WITHHELD_UNCERTAINTY
2fa4b08df9757f07503b53cbb5060b5372d964b9a11d593f514cf30cfd53cb95,CLOSEPACKING,541,charm_plus_anticharm_constituent_count,raw_count,count,0x1.4400000000000p+11,AVAILABLE,WITHHELD_UNCERTAINTY
71c899989d2bef38be3f22c3b261f4ca9984dc171f8e042544349abe62649f36,JUNCTIONS,541,charm_plus_anticharm_constituent_count,raw_count,count,0x1.6e60000000000p+11,AVAILABLE,WITHHELD_UNCERTAINTY
579c5d175da45a2704d9c28bfe1a3a73c08fbdc2d8d2bd6a509a0438b77a1f02,MONASH,541,charm_plus_anticharm_constituent_count,raw_count,count,0x1.e5e0000000000p+11,AVAILABLE,WITHHELD_UNCERTAINTY
37a7af473ade3c6c860cc750b7cfd21c1b2c605b1a6322c646683e5078bd6756,CLOSEPACKING,541,charm_plus_anticharm_constituent_count,raw_weighted_sum,weighted_count,0x1.4400000000000p+11,AVAILABLE,WITHHELD_UNCERTAINTY
739f7389a7927bed3a950fc74a915d2691c96b4ea72329482b2bbfac4507d496,JUNCTIONS,541,charm_plus_anticharm_constituent_count,raw_weighted_sum,weighted_count,0x1.6e60000000000p+11,AVAILABLE,WITHHELD_UNCERTAINTY
e365321e124a1748cb2ac2a59330ab3c8d24deb5bdb665b39d90c8c204cfed48,MONASH,541,charm_plus_anticharm_constituent_count,raw_weighted_sum,weighted_count,0x1.e5e0000000000p+11,AVAILABLE,WITHHELD_UNCERTAINTY
70c5ee78c03e489edb0fe5ce8cc95b2e3e4b6b49f0892708e245a1154c1bb80a,CLOSEPACKING,541,hadron_count,normalized_yield,per_event,0x1.b2dd8d6457179p-16,AVAILABLE,AVAILABLE
0197c15b320fa87493fa85e19e24fa6b8021b7a9d024501016a707abfa75219d,JUNCTIONS,541,hadron_count,normalized_yield,per_event,0x1.ebbd7dcf63aafp-16,AVAILABLE,AVAILABLE
890ca192c1bfeee921cbfdb47cc417531b84c168f49ab7bcc25662f4f0be0ab1,MONASH,541,hadron_count,normalized_yield,per_event,0x1.4610b07c5f212p-15,AVAILABLE,AVAILABLE
122a30154fd4774cf1902fa6e8bd34d54448735555b19f5583af4623178340ad,CLOSEPACKING,541,hadron_count,raw_count,count,0x1.4400000000000p+11,AVAILABLE,WITHHELD_UNCERTAINTY
d5dac650bdccb75a0f013232104b96d70ea788124cd34bc18a4f3bac8bfe483a,JUNCTIONS,541,hadron_count,raw_count,count,0x1.6e60000000000p+11,AVAILABLE,WITHHELD_UNCERTAINTY
386a7490b1d23d2f4dc2061cf83c6aac7a817a6793792b8a48f0e4219dc81090,MONASH,541,hadron_count,raw_count,count,0x1.e5e0000000000p+11,AVAILABLE,WITHHELD_UNCERTAINTY
ae524158538476be929d6fc7cb124b332c037f4930e230edaf39868a349936ed,CLOSEPACKING,541,hadron_count,raw_weighted_sum,weighted_count,0x1.4400000000000p+11,AVAILABLE,WITHHELD_UNCERTAINTY
f62e683226e96346f9c72fe1e5c4fb75edebecd51e87c86f35c5f158b835ec36,JUNCTIONS,541,hadron_count,raw_weighted_sum,weighted_count,0x1.6e60000000000p+11,AVAILABLE,WITHHELD_UNCERTAINTY
95b1c6849b821182e34de75826c76d81d9e3b55f0c717007aff786dbf8eb41d7,MONASH,541,hadron_count,raw_weighted_sum,weighted_count,0x1.e5e0000000000p+11,AVAILABLE,WITHHELD_UNCERTAINTY
eaaa52b021cb4af6dd63b4f152265e95cfe9268930c2112541afeb444deb5963,CLOSEPACKING,5412,beauty_plus_antibeauty_constituent_count,raw_count,count,0x1.e2a0000000000p+11,AVAILABLE,WITHHELD_UNCERTAINTY
1aac33d6375faadfed37a5b15974e2cf9712e7f4ed1af517d1b950da725316c2,JUNCTIONS,5412,beauty_plus_antibeauty_constituent_count,raw_count,count,0x1.55d0000000000p+12,AVAILABLE,WITHHELD_UNCERTAINTY
95a90441e29493900dd71cd36b5facbbee0e71efe75996e4c82ff8ace7e027d6,MONASH,5412,beauty_plus_antibeauty_constituent_count,raw_count,count,0x1.6000000000000p+3,AVAILABLE,WITHHELD_UNCERTAINTY
ab65e13a2166a4f99158f883434b2f233d201b80117bc192027c14f6ea9514cc,CLOSEPACKING,5412,beauty_plus_antibeauty_constituent_count,raw_weighted_sum,weighted_count,0x1.e2a0000000000p+11,AVAILABLE,WITHHELD_UNCERTAINTY
575a613da519238762158ae2ec299d1ebf8e612b32318e54955f048f96e787ab,JUNCTIONS,5412,beauty_plus_antibeauty_constituent_count,raw_weighted_sum,weighted_count,0x1.55d0000000000p+12,AVAILABLE,WITHHELD_UNCERTAINTY
a799dc31b0375e6730b5050cee565bf567dd4c93f84d2e48a3f982bbbe2917d5,MONASH,5412,beauty_plus_antibeauty_constituent_count,raw_weighted_sum,weighted_count,0x1.6000000000000p+3,AVAILABLE,WITHHELD_UNCERTAINTY
2d7aa57a663c5c7348cf9c31649bf749ac9f301ef03664212436d98ca15a67ec,CLOSEPACKING,5412,charm_plus_anticharm_constituent_count,raw_count,count,0x1.e2a0000000000p+11,AVAILABLE,WITHHELD_UNCERTAINTY
9250930f2c84f6d7b474a630ecec585fd60a0e6c34208878b029fb7a3df3ce5a,JUNCTIONS,5412,charm_plus_anticharm_constituent_count,raw_count,count,0x1.55d0000000000p+12,AVAILABLE,WITHHELD_UNCERTAINTY
6c5e487a0cedfae2877ba274aacd1b532abd3e01ee7f7049519dfaa419816e6e,MONASH,5412,charm_plus_anticharm_constituent_count,raw_count,count,0x1.6000000000000p+3,AVAILABLE,WITHHELD_UNCERTAINTY
ad4c3c1126c968f0defe7016f98e26ae9375f002acc7dec9f0bada0508eec57b,CLOSEPACKING,5412,charm_plus_anticharm_constituent_count,raw_weighted_sum,weighted_count,0x1.e2a0000000000p+11,AVAILABLE,WITHHELD_UNCERTAINTY
14cdddb55903946ce1c8016a10ec2bf902ed3e71479322e73bbde8d1616564db,JUNCTIONS,5412,charm_plus_anticharm_constituent_count,raw_weighted_sum,weighted_count,0x1.55d0000000000p+12,AVAILABLE,WITHHELD_UNCERTAINTY
31a76c86fd4558f520551d7c992735efe7654149668e6e05c67284f5f6eb590b,MONASH,5412,charm_plus_anticharm_constituent_count,raw_weighted_sum,weighted_count,0x1.6000000000000p+3,AVAILABLE,WITHHELD_UNCERTAINTY
2c81b9e6cb1f2f86051d0549d07d963c3fa46e89810215129b0387a8a931d9f7,CLOSEPACKING,5412,hadron_count,normalized_yield,per_event,0x1.43e257f96632ep-15,AVAILABLE,AVAILABLE
dbcd559a7a375f874ff99b77ace319073daa84e8d5a2bb202d36b8c05dff0e91,JUNCTIONS,5412,hadron_count,normalized_yield,per_event,0x1.cac5e1762723bp-15,AVAILABLE,AVAILABLE
b661c523146857c3f2fb9f19320e0875c6b13bcdda20f3f6ef37f0606883d44f,MONASH,5412,hadron_count,normalized_yield,per_event,0x1.d87247702c0d0p-24,AVAILABLE,AVAILABLE
168b2ffe2a23f4e563f1018cf55f8e15f9295261b911b67143b19aaecf69ffe1,CLOSEPACKING,5412,hadron_count,raw_count,count,0x1.e2a0000000000p+11,AVAILABLE,WITHHELD_UNCERTAINTY
07b36f6334d6de2fd6d3de81a65418fa0385b7c347d9c1ba7f6fb569cf769f9e,JUNCTIONS,5412,hadron_count,raw_count,count,0x1.55d0000000000p+12,AVAILABLE,WITHHELD_UNCERTAINTY
3a55b232423697bd801ba0dc0e1ea39e240a17b7e8089cff693ffd219e9f4238,MONASH,5412,hadron_count,raw_count,count,0x1.6000000000000p+3,AVAILABLE,WITHHELD_UNCERTAINTY
c123a6548bc88a599eff57caa061a61eae6a8f8350c6ab6cc1852c3284c8ab14,CLOSEPACKING,5412,hadron_count,raw_weighted_sum,weighted_count,0x1.e2a0000000000p+11,AVAILABLE,WITHHELD_UNCERTAINTY
2eb812a75014785ddacb2e110568bccf4a87e368b86c02c657907e2a814d66bb,JUNCTIONS,5412,hadron_count,raw_weighted_sum,weighted_count,0x1.55d0000000000p+12,AVAILABLE,WITHHELD_UNCERTAINTY
62ccddda6572e5941709acabb8462b4888ce14868bdb59182d977b6c532a716d,MONASH,5412,hadron_count,raw_weighted_sum,weighted_count,0x1.6000000000000p+3,AVAILABLE,WITHHELD_UNCERTAINTY
96da4a1c0e95176063470bf76f70e843ab641e4919295a2669a4176b03ba969c,CLOSEPACKING,5414,beauty_plus_antibeauty_constituent_count,raw_count,count,0x1.17b0000000000p+12,AVAILABLE,WITHHELD_UNCERTAINTY
e81a435ded658f5761ee0dd32d22be970073c2ffd50e730358963a382a3ca3b2,JUNCTIONS,5414,beauty_plus_antibeauty_constituent_count,raw_count,count,0x1.a700000000000p+9,AVAILABLE,WITHHELD_UNCERTAINTY
7d3e1e828928174e0336225b1cf3d23ed2e9a834a84ff19913b81c29368fd8d9,MONASH,5414,beauty_plus_antibeauty_constituent_count,raw_count,count,0x1.8000000000000p+2,AVAILABLE,WITHHELD_UNCERTAINTY
67cd9e16649febdf9b212cf5d3998eb71d27477de986a6f06e23cfff119990f1,CLOSEPACKING,5414,beauty_plus_antibeauty_constituent_count,raw_weighted_sum,weighted_count,0x1.17b0000000000p+12,AVAILABLE,WITHHELD_UNCERTAINTY
1fe1775041bde26fae6cbdaad4c9a5e990a18ffe3d186dc06aab36007f2f86e1,JUNCTIONS,5414,beauty_plus_antibeauty_constituent_count,raw_weighted_sum,weighted_count,0x1.a700000000000p+9,AVAILABLE,WITHHELD_UNCERTAINTY
c40ab87d7f2b934ea9765e7abc67b29bd679481a8ef585ba436da06073770911,MONASH,5414,beauty_plus_antibeauty_constituent_count,raw_weighted_sum,weighted_count,0x1.8000000000000p+2,AVAILABLE,WITHHELD_UNCERTAINTY
241740dce20bc8ee55904827f49b0f58893588cf24a17d037f19fb6c4f591a87,CLOSEPACKING,5414,charm_plus_anticharm_constituent_count,raw_count,count,0x1.17b0000000000p+12,AVAILABLE,WITHHELD_UNCERTAINTY
1a5e7ce9f8eed319693dc1648b9984df82e83b0d2509af2a77e3952576a065b2,JUNCTIONS,5414,charm_plus_anticharm_constituent_count,raw_count,count,0x1.a700000000000p+9,AVAILABLE,WITHHELD_UNCERTAINTY
f4a44a8cb4afdee641c2d492e8c7e7b4473fb59b11808a6774bd4eab8d981855,MONASH,5414,charm_plus_anticharm_constituent_count,raw_count,count,0x1.8000000000000p+2,AVAILABLE,WITHHELD_UNCERTAINTY
82f14bc3031b03dceda5086257234ddb339570bd883bfc857c10d669638a6369,CLOSEPACKING,5414,charm_plus_anticharm_constituent_count,raw_weighted_sum,weighted_count,0x1.17b0000000000p+12,AVAILABLE,WITHHELD_UNCERTAINTY
9c5540f686fb32b622536c0e6706d34a544534326796654d79ff0487146cf1d0,JUNCTIONS,5414,charm_plus_anticharm_constituent_count,raw_weighted_sum,weighted_count,0x1.a700000000000p+9,AVAILABLE,WITHHELD_UNCERTAINTY
87ebc6cdd3e7dd813aa56ce56b921d5a6c61371b564693153440b511184d2913,MONASH,5414,charm_plus_anticharm_constituent_count,raw_weighted_sum,weighted_count,0x1.8000000000000p+2,AVAILABLE,WITHHELD_UNCERTAINTY
a609dd0320da3bbae0692e811a24a8f21cadc9b577c091e0352a96c4a0c35f44,CLOSEPACKING,5414,hadron_count,normalized_yield,per_event,0x1.7763e4abe6a33p-15,AVAILABLE,AVAILABLE
07f9122e539181f7de16acd067d10d545d5c287015892f569fac6c2beb08d0a8,JUNCTIONS,5414,hadron_count,normalized_yield,per_event,0x1.1bded8bdf1bdap-17,AVAILABLE,AVAILABLE
b1d9e5b3b550a426ecc2435a45e0d25cc18e5b5ab0be5cd352f1720b8f18104d,MONASH,5414,hadron_count,normalized_yield,per_event,0x1.01b2b29a4692bp-24,AVAILABLE,AVAILABLE
9dc7fd984b12e69ca747afc60dcb10898a95a614fb22dd7b19bb59adc3ac5fef,CLOSEPACKING,5414,hadron_count,raw_count,count,0x1.17b0000000000p+12,AVAILABLE,WITHHELD_UNCERTAINTY
fae910dfd8822776ce7f7535fb32598e05e48ee74691f839fd6001a61e247591,JUNCTIONS,5414,hadron_count,raw_count,count,0x1.a700000000000p+9,AVAILABLE,WITHHELD_UNCERTAINTY
2821970b2c6998d421b1412902a2ecfd1ad4540c5e8445bc71bd29cd009a237c,MONASH,5414,hadron_count,raw_count,count,0x1.8000000000000p+2,AVAILABLE,WITHHELD_UNCERTAINTY
697cdcb7b8d1906ae06db255fb45229bc2a1f2b70727d4292d7f972674f977c8,CLOSEPACKING,5414,hadron_count,raw_weighted_sum,weighted_count,0x1.17b0000000000p+12,AVAILABLE,WITHHELD_UNCERTAINTY
ecc8f6e836614ecc99725373848e02ae4c4e3ca0ccb885f49f4190b423fe7364,JUNCTIONS,5414,hadron_count,raw_weighted_sum,weighted_count,0x1.a700000000000p+9,AVAILABLE,WITHHELD_UNCERTAINTY
839015354b721fa356da0b1317504aa7dd4c3803f2368ec450e78bca90cceb01,MONASH,5414,hadron_count,raw_weighted_sum,weighted_count,0x1.8000000000000p+2,AVAILABLE,WITHHELD_UNCERTAINTY
2f63992a2de8341a86d0e9b08da16b47df6c989247b990c60687fc498485caa9,CLOSEPACKING,5422,beauty_plus_antibeauty_constituent_count,raw_count,count,0x1.e1e0000000000p+11,AVAILABLE,WITHHELD_UNCERTAINTY
21100773abd0bd3f9070be37e51f96822a14aba8a92e1732bc245caaeb0f6c24,JUNCTIONS,5422,beauty_plus_antibeauty_constituent_count,raw_count,count,0x1.55c0000000000p+12,AVAILABLE,WITHHELD_UNCERTAINTY
cad728079a67b53f7990595ec0d33ab6a8f3cbe0dbe75295ff816a06813168a0,MONASH,5422,beauty_plus_antibeauty_constituent_count,raw_count,count,0x1.0000000000000p+3,AVAILABLE,WITHHELD_UNCERTAINTY
043baf235332e2be61bcac517f13d8b1d6be9a74100bc568e51b9f00f5416b22,CLOSEPACKING,5422,beauty_plus_antibeauty_constituent_count,raw_weighted_sum,weighted_count,0x1.e1e0000000000p+11,AVAILABLE,WITHHELD_UNCERTAINTY
7413f91ff97ed02ef4fb61e8d12dac083d59876088ffba037df0b680549d2809,JUNCTIONS,5422,beauty_plus_antibeauty_constituent_count,raw_weighted_sum,weighted_count,0x1.55c0000000000p+12,AVAILABLE,WITHHELD_UNCERTAINTY
b023126c6b1392874dd1ca7a4a86a3a2af4c4727a6ac031eab4915d172f22e36,MONASH,5422,beauty_plus_antibeauty_constituent_count,raw_weighted_sum,weighted_count,0x1.0000000000000p+3,AVAILABLE,WITHHELD_UNCERTAINTY
7e8c51a0cf7dddfd0b72dc33352827eb834a5df1f17f503b2dc9be039d06f6f9,CLOSEPACKING,5422,charm_plus_anticharm_constituent_count,raw_count,count,0x1.e1e0000000000p+11,AVAILABLE,WITHHELD_UNCERTAINTY
3245b296cf801c4476c9d45d8c1f7dc301deb72065d83fef8a08b43bcf162554,JUNCTIONS,5422,charm_plus_anticharm_constituent_count,raw_count,count,0x1.55c0000000000p+12,AVAILABLE,WITHHELD_UNCERTAINTY
050c255bb2b1e3892bbc398ae599155e3fd2c2113422c0a9c7e167f8d2d809da,MONASH,5422,charm_plus_anticharm_constituent_count,raw_count,count,0x1.0000000000000p+3,AVAILABLE,WITHHELD_UNCERTAINTY
d07f056ad26ebc7d1d23555d1e5c8f9aecba2764b86901637aec834dcb68da61,CLOSEPACKING,5422,charm_plus_anticharm_constituent_count,raw_weighted_sum,weighted_count,0x1.e1e0000000000p+11,AVAILABLE,WITHHELD_UNCERTAINTY
0c13f2ab60000c1f5662127c5a93ad38b6c51d16f2a600242bfa60c1a4804ce2,JUNCTIONS,5422,charm_plus_anticharm_constituent_count,raw_weighted_sum,weighted_count,0x1.55c0000000000p+12,AVAILABLE,WITHHELD_UNCERTAINTY
1b17da9217d88091826607f33dd9e0703387791f7a22552d660205f9439677dc,MONASH,5422,charm_plus_anticharm_constituent_count,raw_weighted_sum,weighted_count,0x1.0000000000000p+3,AVAILABLE,WITHHELD_UNCERTAINTY
b26a7d59a0601b5bd2b9402909bed39fc9bd4a15bf9abe1530ff4444f40116a8,CLOSEPACKING,5422,hadron_count,normalized_yield,per_event,0x1.43617ea0190fap-15,AVAILABLE,AVAILABLE
111a4e3219fe97b0205aed4d1c5928df497f7ea436ddce3a28cbdc9f38872e59,JUNCTIONS,5422,hadron_count,normalized_yield,per_event,0x1.cab067e744f32p-15,AVAILABLE,AVAILABLE
f2a1d3ba19ce2cd9e8ae1f6e1304928a568333c5937c8d3305e363212355f6a4,MONASH,5422,hadron_count,normalized_yield,per_event,0x1.5798ee2308c3ap-24,AVAILABLE,AVAILABLE
f480b75b3bb280d0d56f7c1a1246f1d69a382c919eb7f47c0e5ee61199092f94,CLOSEPACKING,5422,hadron_count,raw_count,count,0x1.e1e0000000000p+11,AVAILABLE,WITHHELD_UNCERTAINTY
b6e6ce2212f4a6a1b572018d2fdd23135203df5189007533104f158a0de27b9b,JUNCTIONS,5422,hadron_count,raw_count,count,0x1.55c0000000000p+12,AVAILABLE,WITHHELD_UNCERTAINTY
9eecc4d6aa31b09cde8f8a06c93f46b480cd3bdad26452a7064a183600a0ed31,MONASH,5422,hadron_count,raw_count,count,0x1.0000000000000p+3,AVAILABLE,WITHHELD_UNCERTAINTY
31bfc7db968016d7dc1e08bfeacfb8a3de6c0da333825db3bab740794d8ddfd0,CLOSEPACKING,5422,hadron_count,raw_weighted_sum,weighted_count,0x1.e1e0000000000p+11,AVAILABLE,WITHHELD_UNCERTAINTY
2db0e70ef6cecf6ddcc2e68a5f2b5abe88d5b2bcc7481f0978f4078b3c8cb68f,JUNCTIONS,5422,hadron_count,raw_weighted_sum,weighted_count,0x1.55c0000000000p+12,AVAILABLE,WITHHELD_UNCERTAINTY
65b513aae1cfc5d6de06cc5cd9af0b55d1b3e5021f24a15b6eb83419a5661733,MONASH,5422,hadron_count,raw_weighted_sum,weighted_count,0x1.0000000000000p+3,AVAILABLE,WITHHELD_UNCERTAINTY
aaf9e5a805f508c22595d51c289a8665717aa0ea4d31b0f737e8b497f80ad111,CLOSEPACKING,5424,beauty_plus_antibeauty_constituent_count,raw_count,count,0x1.0e90000000000p+12,AVAILABLE,WITHHELD_UNCERTAINTY
8e677b5633d393a585a514379f0d65ec1bbb86342ad5b7098ca8a7fd85cad0ad,JUNCTIONS,5424,beauty_plus_antibeauty_constituent_count,raw_count,count,0x1.c500000000000p+9,AVAILABLE,WITHHELD_UNCERTAINTY
28829c3624fa898ab70fe70c1c61e384c674a356f32ce5b093c57a2bb3f39ed6,MONASH,5424,beauty_plus_antibeauty_constituent_count,raw_count,count,0x1.0000000000000p+2,AVAILABLE,WITHHELD_UNCERTAINTY
6c9d98bae10885dae6db50f7090ca70b733e203ea6a6acbd7ecc9a261d414e4e,CLOSEPACKING,5424,beauty_plus_antibeauty_constituent_count,raw_weighted_sum,weighted_count,0x1.0e90000000000p+12,AVAILABLE,WITHHELD_UNCERTAINTY
46913faa83c905938a1693e1abe040ebd8783c72b56924a6a503bed0303b8d09,JUNCTIONS,5424,beauty_plus_antibeauty_constituent_count,raw_weighted_sum,weighted_count,0x1.c500000000000p+9,AVAILABLE,WITHHELD_UNCERTAINTY
f20b374f50221f8b5a16b63c9f44ff5ec31ea5242de2d0131df229fb128d6649,MONASH,5424,beauty_plus_antibeauty_constituent_count,raw_weighted_sum,weighted_count,0x1.0000000000000p+2,AVAILABLE,WITHHELD_UNCERTAINTY
13de7c15517a1d161ce9d30d02db55e2b19719f17b85b5ba05ac5c1555a394c9,CLOSEPACKING,5424,charm_plus_anticharm_constituent_count,raw_count,count,0x1.0e90000000000p+12,AVAILABLE,WITHHELD_UNCERTAINTY
9e50652962e995f083f80bad454cb9d076dc87650a99ef40117d5801b30f10e8,JUNCTIONS,5424,charm_plus_anticharm_constituent_count,raw_count,count,0x1.c500000000000p+9,AVAILABLE,WITHHELD_UNCERTAINTY
e7caad29ba9849764016f604d010b0fb842818e42b05b9c697e370d81fde9aa2,MONASH,5424,charm_plus_anticharm_constituent_count,raw_count,count,0x1.0000000000000p+2,AVAILABLE,WITHHELD_UNCERTAINTY
044e94e727b4485bdab84b1e83dc52839b01a595a36bb290615060da78770893,CLOSEPACKING,5424,charm_plus_anticharm_constituent_count,raw_weighted_sum,weighted_count,0x1.0e90000000000p+12,AVAILABLE,WITHHELD_UNCERTAINTY
5a566a1fd6fe6b9da9a33f4825732d53124af12523c5f653019acc9e4c908de9,JUNCTIONS,5424,charm_plus_anticharm_constituent_count,raw_weighted_sum,weighted_count,0x1.c500000000000p+9,AVAILABLE,WITHHELD_UNCERTAINTY
e88d1801f781fd072f6020d9c3e6e337cc13efae718f1faefee5749d735fb1f7,MONASH,5424,charm_plus_anticharm_constituent_count,raw_weighted_sum,weighted_count,0x1.0000000000000p+2,AVAILABLE,WITHHELD_UNCERTAINTY
4c479c268d5f2b942dd5402047b843808e6ec5a954a530764ec464ba3e38938c,CLOSEPACKING,5424,hadron_count,normalized_yield,per_event,0x1.6b24912ee6f34p-15,AVAILABLE,AVAILABLE
a97fe1f711291de639255b7a0aa092316881294ed628354a7dd1326777224581,JUNCTIONS,5424,hadron_count,normalized_yield,per_event,0x1.3000ceb1ff411p-17,AVAILABLE,AVAILABLE
9f34ded8c86ea286687e57ab8b30b66563cd0835a92c57c8cba7384797611b3c,MONASH,5424,hadron_count,normalized_yield,per_event,0x1.5798ee2308c3ap-25,AVAILABLE,AVAILABLE
f3f34d06b4ce92fe25b6fbbaed9ee8e21b6fc8dcd247ae356a4199df5ee3f1fa,CLOSEPACKING,5424,hadron_count,raw_count,count,0x1.0e90000000000p+12,AVAILABLE,WITHHELD_UNCERTAINTY
89b2254609a6aa5fc31c002cd1a041ec126f714ff4a6c0536ffdc3c7e66891ce,JUNCTIONS,5424,hadron_count,raw_count,count,0x1.c500000000000p+9,AVAILABLE,WITHHELD_UNCERTAINTY
f42d7a8dde2c7e5173bf6e4558d94370be5da575ec71e1d8d5a9f3693506f352,MONASH,5424,hadron_count,raw_count,count,0x1.0000000000000p+2,AVAILABLE,WITHHELD_UNCERTAINTY
392f23a39c8242985a7fe9514af0f26d3c151153a8e40aef9415f4e2f34d9c1b,CLOSEPACKING,5424,hadron_count,raw_weighted_sum,weighted_count,0x1.0e90000000000p+12,AVAILABLE,WITHHELD_UNCERTAINTY
d5d1ca903a80276de2014b6c5c1d42d2e22930ca22e7e6c6da005c1c598fc8bb,JUNCTIONS,5424,hadron_count,raw_weighted_sum,weighted_count,0x1.c500000000000p+9,AVAILABLE,WITHHELD_UNCERTAINTY
2e0842006268f28106a6fbc6e8ce714f5c2a5428529a88804aa61d1e85c6c886,MONASH,5424,hadron_count,raw_weighted_sum,weighted_count,0x1.0000000000000p+2,AVAILABLE,WITHHELD_UNCERTAINTY
49ba904be1acb7055408b4d096a5d76399484b9fa65a46234e4c5e96c543ac4d,CLOSEPACKING,543,beauty_plus_antibeauty_constituent_count,raw_count,count,0x1.6b00000000000p+12,AVAILABLE,WITHHELD_UNCERTAINTY
65768d0eb7e80ce6f19b48e787a18a4ca5c1d68731c22630ee9ed3eb13468adb,JUNCTIONS,543,beauty_plus_antibeauty_constituent_count,raw_count,count,0x1.9920000000000p+12,AVAILABLE,WITHHELD_UNCERTAINTY
5a1f97c4f11c1ec7ddcd543c771b7114cbbec15f8e214d06bdd6d6224554dffa,MONASH,543,beauty_plus_antibeauty_constituent_count,raw_count,count,0x1.1268000000000p+13,AVAILABLE,WITHHELD_UNCERTAINTY
aaf7ddabb8289c2b2a5a99807f5773a9a59aafed48b3606e47701d8a17b4a90c,CLOSEPACKING,543,beauty_plus_antibeauty_constituent_count,raw_weighted_sum,weighted_count,0x1.6b00000000000p+12,AVAILABLE,WITHHELD_UNCERTAINTY
155fcad90b5e552282c8ec8f04db87228d85c1338ee36d6171428c5b19f103ee,JUNCTIONS,543,beauty_plus_antibeauty_constituent_count,raw_weighted_sum,weighted_count,0x1.9920000000000p+12,AVAILABLE,WITHHELD_UNCERTAINTY
74f76eb0868b0e8d7de1e753453831d1a78d2a059e5aaa1b0ec6690bc67167e8,MONASH,543,beauty_plus_antibeauty_constituent_count,raw_weighted_sum,weighted_count,0x1.1268000000000p+13,AVAILABLE,WITHHELD_UNCERTAINTY
5df20edadf190e77b841ecccd1aeed7189ac5e2c0dbee8d0896c25654f6fe2f1,CLOSEPACKING,543,charm_plus_anticharm_constituent_count,raw_count,count,0x1.6b00000000000p+12,AVAILABLE,WITHHELD_UNCERTAINTY
420a06418512ddd97be3fce14a772487dfe5e4bba126b8e09f555059ac41ff54,JUNCTIONS,543,charm_plus_anticharm_constituent_count,raw_count,count,0x1.9920000000000p+12,AVAILABLE,WITHHELD_UNCERTAINTY
66c45bc70f1470688b10db1d296f2bd67448f81f6694011cd3e7016ef53b53f7,MONASH,543,charm_plus_anticharm_constituent_count,raw_count,count,0x1.1268000000000p+13,AVAILABLE,WITHHELD_UNCERTAINTY
49323b00d6d8ec0772256386eaa56da927df25f329ef6a46e3a8c6028de99a30,CLOSEPACKING,543,charm_plus_anticharm_constituent_count,raw_weighted_sum,weighted_count,0x1.6b00000000000p+12,AVAILABLE,WITHHELD_UNCERTAINTY
bc50d397351ce9484e753bc9ce3fe864e7e0508ccfbf6bd3679408abf4e438f5,JUNCTIONS,543,charm_plus_anticharm_constituent_count,raw_weighted_sum,weighted_count,0x1.9920000000000p+12,AVAILABLE,WITHHELD_UNCERTAINTY
e014875437265653702dfb42c3cdaa07544e8c157127309b6b63143ecba16879,MONASH,543,charm_plus_anticharm_constituent_count,raw_weighted_sum,weighted_count,0x1.1268000000000p+13,AVAILABLE,WITHHELD_UNCERTAINTY
818985fb32fd7e2f38d96dffa4c8f6f2726f1c3a8f73a000749f2c866e0735eb,CLOSEPACKING,543,hadron_count,normalized_yield,per_event,0x1.e735d9abad6d6p-15,AVAILABLE,AVAILABLE
235b72636e114ac031e95e30813fdcfcbf59c355ecadcb7ad51c403c9acdf94a,JUNCTIONS,543,hadron_count,normalized_yield,per_event,0x1.128f23c9deb0dp-14,AVAILABLE,AVAILABLE
fb674ad965807b91ca331feb9605a240904f4ab57ccfdc19cc05331e0e5efc46,MONASH,543,hadron_count,normalized_yield,per_event,0x1.704d45023d9cfp-14,AVAILABLE,AVAILABLE
b43b6d3b3e782abf577b656dc98d6b98501d2395e66351dc313dff9b5e0d57ec,CLOSEPACKING,543,hadron_count,raw_count,count,0x1.6b00000000000p+12,AVAILABLE,WITHHELD_UNCERTAINTY
98f5ab7cdb7760fae5d89d383f8971a910b82ed934514d1a85d9268bbe4bb892,JUNCTIONS,543,hadron_count,raw_count,count,0x1.9920000000000p+12,AVAILABLE,WITHHELD_UNCERTAINTY
46e5aa3b20d78aa1eb8e77afa4bc79d62ce794198c51a82514537add96281b87,MONASH,543,hadron_count,raw_count,count,0x1.1268000000000p+13,AVAILABLE,WITHHELD_UNCERTAINTY
3e0217b2e51a6749c54d10985e54bf9ae931d1843e7c2c959a1e84dc94dda2ef,CLOSEPACKING,543,hadron_count,raw_weighted_sum,weighted_count,0x1.6b00000000000p+12,AVAILABLE,WITHHELD_UNCERTAINTY
aed2e6e859bf3684e275c1ae50dca5c2a02cee788b909f3d46420ceaa216d930,JUNCTIONS,543,hadron_count,raw_weighted_sum,weighted_count,0x1.9920000000000p+12,AVAILABLE,WITHHELD_UNCERTAINTY
7157bfb7f6e62d14aede01bf47e213ceeafef464466633763b7528d1afc07911,MONASH,543,hadron_count,raw_weighted_sum,weighted_count,0x1.1268000000000p+13,AVAILABLE,WITHHELD_UNCERTAINTY
58ce13acc7e650105a8daf8616c354234b8160482e1d155d4d48f7cace65cf97,CLOSEPACKING,5432,beauty_plus_antibeauty_constituent_count,raw_count,count,0x1.5600000000000p+9,AVAILABLE,WITHHELD_UNCERTAINTY
5cc878cc8c3bf1b0a2cf194f71336fcdc0548f263d45a393a7627939f79c3576,JUNCTIONS,5432,beauty_plus_antibeauty_constituent_count,raw_count,count,0x1.fb80000000000p+9,AVAILABLE,WITHHELD_UNCERTAINTY
17db71d86cc67f9af8943cfe85168b7c10b715a86eef51c389754a80a47892cc,MONASH,5432,beauty_plus_antibeauty_constituent_count,raw_count,count,0x1.0000000000000p+0,AVAILABLE,WITHHELD_UNCERTAINTY
1f59e2b00d68818cc8c6647cb0f7271b9ac59407fa358f87990dc690ce1f740c,CLOSEPACKING,5432,beauty_plus_antibeauty_constituent_count,raw_weighted_sum,weighted_count,0x1.5600000000000p+9,AVAILABLE,WITHHELD_UNCERTAINTY
d8a0a7c6f8ccd2847919352db17546dcc5c02143bb19304d09b6c6930d16dc77,JUNCTIONS,5432,beauty_plus_antibeauty_constituent_count,raw_weighted_sum,weighted_count,0x1.fb80000000000p+9,AVAILABLE,WITHHELD_UNCERTAINTY
0df5314faa42e664d2f17181f766c05f81a525be248af79f4424722aab5a8416,MONASH,5432,beauty_plus_antibeauty_constituent_count,raw_weighted_sum,weighted_count,0x1.0000000000000p+0,AVAILABLE,WITHHELD_UNCERTAINTY
7686ec6f99ea1c1a6744a01ab4aeab4309f8facf569de18fff2b8823db40d07f,CLOSEPACKING,5432,charm_plus_anticharm_constituent_count,raw_count,count,0x1.5600000000000p+9,AVAILABLE,WITHHELD_UNCERTAINTY
a9a92a179b9517080a296b3bab2da83d1818ca88786cd6e65859504588d8aa3a,JUNCTIONS,5432,charm_plus_anticharm_constituent_count,raw_count,count,0x1.fb80000000000p+9,AVAILABLE,WITHHELD_UNCERTAINTY
cb734c1899faaf18949111a99e54248400d20ddabbb6449dddd9d801f9587c9c,MONASH,5432,charm_plus_anticharm_constituent_count,raw_count,count,0x1.0000000000000p+0,AVAILABLE,WITHHELD_UNCERTAINTY
fe34377e36c0e035cef9afd61d02b2b2f5344ac429c4503604fa2cf136b27f0c,CLOSEPACKING,5432,charm_plus_anticharm_constituent_count,raw_weighted_sum,weighted_count,0x1.5600000000000p+9,AVAILABLE,WITHHELD_UNCERTAINTY
a4f8c5d43e0aa8a1dbd51513dd1c38402974c5f94e5cd8cf0784c9b3a7c8d49b,JUNCTIONS,5432,charm_plus_anticharm_constituent_count,raw_weighted_sum,weighted_count,0x1.fb80000000000p+9,AVAILABLE,WITHHELD_UNCERTAINTY
efeba7fd18eec5fafab4b53018a842d87569097b34a02f6a6901ffda7187a7ff,MONASH,5432,charm_plus_anticharm_constituent_count,raw_weighted_sum,weighted_count,0x1.0000000000000p+0,AVAILABLE,WITHHELD_UNCERTAINTY
a448248112c6bdd7c9aef562f694943cef7b3244621dc1ee95c2c3e2cffc89b1,CLOSEPACKING,5432,hadron_count,normalized_yield,per_event,0x1.cb064e22cdb55p-18,AVAILABLE,AVAILABLE
962b8a8ab8b93922a5fa40f0df103ea9a7051cd3094872559fe4986afd9a185c,JUNCTIONS,5432,hadron_count,normalized_yield,per_event,0x1.5493d60b39efep-17,AVAILABLE,AVAILABLE
56bc0262d4f193954a28339db870ca8b8c53b2344c7c7f702dc9add4d1eba328,MONASH,5432,hadron_count,normalized_yield,per_event,0x1.5798ee2308c3ap-27,AVAILABLE,AVAILABLE
c2dd75230a7110d5a28381f465f72218ab1c4c8edfe59459a3ac34e865dac27c,CLOSEPACKING,5432,hadron_count,raw_count,count,0x1.5600000000000p+9,AVAILABLE,WITHHELD_UNCERTAINTY
434a80790d20cd943b37b664f588a8b327b8af1ac65d18dee07632f2ef767ba9,JUNCTIONS,5432,hadron_count,raw_count,count,0x1.fb80000000000p+9,AVAILABLE,WITHHELD_UNCERTAINTY
83f9561c55247f68d6bc11e4bc32cc5dde93131128a6fa55df4c8014cdafc76a,MONASH,5432,hadron_count,raw_count,count,0x1.0000000000000p+0,AVAILABLE,WITHHELD_UNCERTAINTY
956b453a86a8676ddb0b760c3e702c7f7f006ee616722899d4442b7f6b38bb9b,CLOSEPACKING,5432,hadron_count,raw_weighted_sum,weighted_count,0x1.5600000000000p+9,AVAILABLE,WITHHELD_UNCERTAINTY
a05a0c0c7ffae48d112987d877fac25ed75e9fb6f1795a6f64c9fd85221f54a4,JUNCTIONS,5432,hadron_count,raw_weighted_sum,weighted_count,0x1.fb80000000000p+9,AVAILABLE,WITHHELD_UNCERTAINTY
c27825d5e5e3385d6cbdf18c7560002c801e326791c1b0e1e74039626c4497b7,MONASH,5432,hadron_count,raw_weighted_sum,weighted_count,0x1.0000000000000p+0,AVAILABLE,WITHHELD_UNCERTAINTY
2652895eda01a6cb5f31bf65425e28f931854adbca567ac4c43caef16ed92f1c,CLOSEPACKING,5434,beauty_plus_antibeauty_constituent_count,raw_count,count,0x1.d380000000000p+9,AVAILABLE,WITHHELD_UNCERTAINTY
79314701f4f9fd59c8c3c6b6ea8ec6ade8de227ae059913e77992d0859f301ee,JUNCTIONS,5434,beauty_plus_antibeauty_constituent_count,raw_count,count,0x1.e400000000000p+6,AVAILABLE,WITHHELD_UNCERTAINTY
94e32447098230604389e59109af0060b0b38e184e700ca25e371f5b75c80941,MONASH,5434,beauty_plus_antibeauty_constituent_count,raw_count,count,0x0.0p+0,AVAILABLE,WITHHELD_UNCERTAINTY
c1841fae66ddec5b6922876743377be0636936009397a2e68dafc15fe394711d,CLOSEPACKING,5434,beauty_plus_antibeauty_constituent_count,raw_weighted_sum,weighted_count,0x1.d380000000000p+9,AVAILABLE,WITHHELD_UNCERTAINTY
6b45a57fe0fea88af91a46fcaf675760a610fce210d6dfe042827994ff74fa53,JUNCTIONS,5434,beauty_plus_antibeauty_constituent_count,raw_weighted_sum,weighted_count,0x1.e400000000000p+6,AVAILABLE,WITHHELD_UNCERTAINTY
0e0c59685f1bc83380ab1f61783755500321d3181e1800ae8ec8b3e12f6eb3a9,MONASH,5434,beauty_plus_antibeauty_constituent_count,raw_weighted_sum,weighted_count,0x0.0p+0,AVAILABLE,WITHHELD_UNCERTAINTY
aa5cf28795885a257d88e314f653455880b13651514e0aa3dae5070f40d89bf7,CLOSEPACKING,5434,charm_plus_anticharm_constituent_count,raw_count,count,0x1.d380000000000p+9,AVAILABLE,WITHHELD_UNCERTAINTY
5722c74c8b89e550035ec18d87cc64cc701fe15db4a873ed5a6dce898b578b5c,JUNCTIONS,5434,charm_plus_anticharm_constituent_count,raw_count,count,0x1.e400000000000p+6,AVAILABLE,WITHHELD_UNCERTAINTY
66b55d652ec0ea8a5674bfea81deb2c93ac2b28ae42981926524028fc3075c7c,MONASH,5434,charm_plus_anticharm_constituent_count,raw_count,count,0x0.0p+0,AVAILABLE,WITHHELD_UNCERTAINTY
7abd09c7eb27657bf718ef24414bbe4b616d08e3ecca6c2dae01768c67c9252b,CLOSEPACKING,5434,charm_plus_anticharm_constituent_count,raw_weighted_sum,weighted_count,0x1.d380000000000p+9,AVAILABLE,WITHHELD_UNCERTAINTY
498ce22337d96216c5dd9da4b750b97c8841704e0b1401f471dd5c9299c4f089,JUNCTIONS,5434,charm_plus_anticharm_constituent_count,raw_weighted_sum,weighted_count,0x1.e400000000000p+6,AVAILABLE,WITHHELD_UNCERTAINTY
03bbf1deda443a7b0a8430edf2ae0731b88aeb313f64935d748f7ae1af5a3524,MONASH,5434,charm_plus_anticharm_constituent_count,raw_weighted_sum,weighted_count,0x0.0p+0,AVAILABLE,WITHHELD_UNCERTAINTY
1e40551ffec29d66c86e1af5759b8ffb1ae79ea34b59b4a64fba5e055a2e6f02,CLOSEPACKING,5434,hadron_count,normalized_yield,per_event,0x1.39bbe3707d40ap-17,AVAILABLE,AVAILABLE
eb583b1f354e5672d07a11fa08ef20e0788bbd9c13db6fc3b8d210ac787af233,JUNCTIONS,5434,hadron_count,normalized_yield,per_event,0x1.44ce911d1e48fp-20,AVAILABLE,AVAILABLE
7811f170f9d19990e5c1d50480f766408369aa76bc8ff683fea0979f5186f1df,MONASH,5434,hadron_count,normalized_yield,per_event,0x0.0p+0,AVAILABLE,AVAILABLE_ZERO_DISPERSION
b0f5ccd00d4affe2748721d78d2c7b9fc85dee3c75c9a386addce74d31d1a37d,CLOSEPACKING,5434,hadron_count,raw_count,count,0x1.d380000000000p+9,AVAILABLE,WITHHELD_UNCERTAINTY
de404239984bfcdb0f09f16168c572f2a585b101d89956c99b8d5f687caee0dc,JUNCTIONS,5434,hadron_count,raw_count,count,0x1.e400000000000p+6,AVAILABLE,WITHHELD_UNCERTAINTY
8f796ee8f41b81fbc25fa75ffc041f3946770c14c9731a1e961f5cc5403ece40,MONASH,5434,hadron_count,raw_count,count,0x0.0p+0,AVAILABLE,WITHHELD_UNCERTAINTY
795f53deee8d356245ba5df0b5c5577d3a8f14c52e6fbf179163002c03202253,CLOSEPACKING,5434,hadron_count,raw_weighted_sum,weighted_count,0x1.d380000000000p+9,AVAILABLE,WITHHELD_UNCERTAINTY
72ef62a891a28d58e308b2570822745977722a240782b44b25f78229fdce0f87,JUNCTIONS,5434,hadron_count,raw_weighted_sum,weighted_count,0x1.e400000000000p+6,AVAILABLE,WITHHELD_UNCERTAINTY
e2a763aefcc67f8ecf69a97bd192bbd73afcd9e688638264f10647d00391f3e1,MONASH,5434,hadron_count,raw_weighted_sum,weighted_count,0x0.0p+0,AVAILABLE,WITHHELD_UNCERTAINTY
c61e0a3fc6870da0da143fd91d33b0cc1914603b1ad57dd7b7cc6c1fbdba6ff2,CLOSEPACKING,5442,beauty_plus_antibeauty_constituent_count,raw_count,count,0x1.8000000000000p+1,AVAILABLE,WITHHELD_UNCERTAINTY
9a211118efd2c5b1daaccb00c1012d5b5b85e6f361e7d9ec221814bd3956bb9f,JUNCTIONS,5442,beauty_plus_antibeauty_constituent_count,raw_count,count,0x1.4000000000000p+3,AVAILABLE,WITHHELD_UNCERTAINTY
7cf93d09579dc28acf82a88037f224cdeffb98bf04b700d502fc33a6fe90dcae,MONASH,5442,beauty_plus_antibeauty_constituent_count,raw_count,count,0x0.0p+0,AVAILABLE,WITHHELD_UNCERTAINTY
f6938b4671638d131a3c2215e0b6b5ecb5b5d3df639c943510c7e66147636d8b,CLOSEPACKING,5442,beauty_plus_antibeauty_constituent_count,raw_weighted_sum,weighted_count,0x1.8000000000000p+1,AVAILABLE,WITHHELD_UNCERTAINTY
305f60d3626653e63b637bf1946875ddabf4cdc7803598e805ead7096d19ba9e,JUNCTIONS,5442,beauty_plus_antibeauty_constituent_count,raw_weighted_sum,weighted_count,0x1.4000000000000p+3,AVAILABLE,WITHHELD_UNCERTAINTY
3244450bd03671baf5f4246cddafb39c945767f0f2b91ba5b94d6eaca3a00dfe,MONASH,5442,beauty_plus_antibeauty_constituent_count,raw_weighted_sum,weighted_count,0x0.0p+0,AVAILABLE,WITHHELD_UNCERTAINTY
1924cc5403b1fc13e2961798fb72c1ae0ccecbee232f0eb8e96a4be0eeca4ac8,CLOSEPACKING,5442,charm_plus_anticharm_constituent_count,raw_count,count,0x1.8000000000000p+2,AVAILABLE,WITHHELD_UNCERTAINTY
27dccda6ca3c379323432ce4cd671c25544a0827ab35a9148772c3a60eea7426,JUNCTIONS,5442,charm_plus_anticharm_constituent_count,raw_count,count,0x1.4000000000000p+4,AVAILABLE,WITHHELD_UNCERTAINTY
fd617d4ba44eb32e8d3b44d10af0c90965b99ee375cba5b52c2a415842fde3ea,MONASH,5442,charm_plus_anticharm_constituent_count,raw_count,count,0x0.0p+0,AVAILABLE,WITHHELD_UNCERTAINTY
191a67e05e01a60e349bd7929dffb8fb7c9f82880dd16531c34c4fa6bf77f196,CLOSEPACKING,5442,charm_plus_anticharm_constituent_count,raw_weighted_sum,weighted_count,0x1.8000000000000p+2,AVAILABLE,WITHHELD_UNCERTAINTY
6cdc7effe3609aa08a8dadbdb9a8f2c8788a84a7c17fe7211909c5936ceea6d3,JUNCTIONS,5442,charm_plus_anticharm_constituent_count,raw_weighted_sum,weighted_count,0x1.4000000000000p+4,AVAILABLE,WITHHELD_UNCERTAINTY
41a515cd207aa62374d54fefdff0afb74353b2b75e137d72b87d549d4392003c,MONASH,5442,charm_plus_anticharm_constituent_count,raw_weighted_sum,weighted_count,0x0.0p+0,AVAILABLE,WITHHELD_UNCERTAINTY
c3b69bdc37cba5c6db979c19c6a3e2965f04e855584442724fe305e0e109bf29,CLOSEPACKING,5442,hadron_count,normalized_yield,per_event,0x1.01b2b29a4692bp-25,AVAILABLE,AVAILABLE
04a3a5854645e7837f7fdb22a05d3c9a0b6618cb9c78450f4336cae8e43f215f,JUNCTIONS,5442,hadron_count,normalized_yield,per_event,0x1.ad7f29abcaf48p-24,AVAILABLE,AVAILABLE
f1da1e5eb0a0ba4136d6d3873847c476c4c6af640bb6aeb5cfb21be7e2b3c863,MONASH,5442,hadron_count,normalized_yield,per_event,0x0.0p+0,AVAILABLE,AVAILABLE_ZERO_DISPERSION
f1ec078a34e807c788e5feece32748228b56b66830a22c55f76bfabc9b9ae7b9,CLOSEPACKING,5442,hadron_count,raw_count,count,0x1.8000000000000p+1,AVAILABLE,WITHHELD_UNCERTAINTY
7487e1c733d4221da9b7de85c22f6ddfd041bf1aa57a45a3a89119092e16b838,JUNCTIONS,5442,hadron_count,raw_count,count,0x1.4000000000000p+3,AVAILABLE,WITHHELD_UNCERTAINTY
3a0a9bc8b2354346475f1cff553b452b2a25b6094ba2c024350de98d43870401,MONASH,5442,hadron_count,raw_count,count,0x0.0p+0,AVAILABLE,WITHHELD_UNCERTAINTY
4695083c7f7d9db0bf9a7a0709fa5d8ffd110e45b980d675fc95f55d1db2777b,CLOSEPACKING,5442,hadron_count,raw_weighted_sum,weighted_count,0x1.8000000000000p+1,AVAILABLE,WITHHELD_UNCERTAINTY
2d369aa3f635f5531be5747f459ecb9283b1241cd14197e1ec8644290a744cec,JUNCTIONS,5442,hadron_count,raw_weighted_sum,weighted_count,0x1.4000000000000p+3,AVAILABLE,WITHHELD_UNCERTAINTY
a475d59d2697c9c0c04e084fd4bf93ffbe5e62b009ce8405b6c67bc72a999e48,MONASH,5442,hadron_count,raw_weighted_sum,weighted_count,0x0.0p+0,AVAILABLE,WITHHELD_UNCERTAINTY
27265fc8a4ff91489be42881e0c41a80b56dfc891e642280093eb641a299a1ac,CLOSEPACKING,5444,beauty_plus_antibeauty_constituent_count,raw_count,count,0x1.0000000000000p+3,AVAILABLE,WITHHELD_UNCERTAINTY
cf15e06686f271e9b5aa1752cc50876495fa1ea337f9a67822b10bab1d755297,JUNCTIONS,5444,beauty_plus_antibeauty_constituent_count,raw_count,count,0x1.0000000000000p+2,AVAILABLE,WITHHELD_UNCERTAINTY
7750fb30592427b064efe1876c21f7af28b048583e907a8e49d1a1953461f273,MONASH,5444,beauty_plus_antibeauty_constituent_count,raw_count,count,0x0.0p+0,AVAILABLE,WITHHELD_UNCERTAINTY
cb22f33a8f8eabafa8c3ef8ed929a816855ffd6123f3b40b332f6096f7b1a5c7,CLOSEPACKING,5444,beauty_plus_antibeauty_constituent_count,raw_weighted_sum,weighted_count,0x1.0000000000000p+3,AVAILABLE,WITHHELD_UNCERTAINTY
08a7598f4dc0ae562a4afc5559b9af74d16308a8ed31f1cbf9a64cbe901d52d7,JUNCTIONS,5444,beauty_plus_antibeauty_constituent_count,raw_weighted_sum,weighted_count,0x1.0000000000000p+2,AVAILABLE,WITHHELD_UNCERTAINTY
9547593c32a7cadcd0e25fffd6a883518223184a5b8a92d129f620375d47faab,MONASH,5444,beauty_plus_antibeauty_constituent_count,raw_weighted_sum,weighted_count,0x0.0p+0,AVAILABLE,WITHHELD_UNCERTAINTY
6f812f3d0b06e94e08c16b5fd8ec9d821657ff3f93fb17796892017e881f97bf,CLOSEPACKING,5444,charm_plus_anticharm_constituent_count,raw_count,count,0x1.0000000000000p+4,AVAILABLE,WITHHELD_UNCERTAINTY
b71514123ee47a0f56f172e147471a6227d4fd84ad0ed29dc0bbf919d9e61f5f,JUNCTIONS,5444,charm_plus_anticharm_constituent_count,raw_count,count,0x1.0000000000000p+3,AVAILABLE,WITHHELD_UNCERTAINTY
da4ea781426d210aa08dd7d9a9a55c1f953c52fc6b52e9f8e4811a423513f179,MONASH,5444,charm_plus_anticharm_constituent_count,raw_count,count,0x0.0p+0,AVAILABLE,WITHHELD_UNCERTAINTY
ed40537eb807ff093a171b8b1e48ca31374f998316eb0286e39e992b85a9f0bd,CLOSEPACKING,5444,charm_plus_anticharm_constituent_count,raw_weighted_sum,weighted_count,0x1.0000000000000p+4,AVAILABLE,WITHHELD_UNCERTAINTY
427eca77a05b88b9f462c697e8b1bcd406983fb1dad34fb0b3c60b48e5e3814b,JUNCTIONS,5444,charm_plus_anticharm_constituent_count,raw_weighted_sum,weighted_count,0x1.0000000000000p+3,AVAILABLE,WITHHELD_UNCERTAINTY
58e6d72f0fede40b5a423a6e366bcd320303985077548df2ed7e78b4b8197042,MONASH,5444,charm_plus_anticharm_constituent_count,raw_weighted_sum,weighted_count,0x0.0p+0,AVAILABLE,WITHHELD_UNCERTAINTY
158eaabe9d6825a06585eef3d462976cd7cab0581729fb9ec11e4eb969a34a7f,CLOSEPACKING,5444,hadron_count,normalized_yield,per_event,0x1.5798ee2308c3ap-24,AVAILABLE,AVAILABLE
6468835423b4e66be7bba143997ec1df65471ff326f37eb1bc0a76feecccd714,JUNCTIONS,5444,hadron_count,normalized_yield,per_event,0x1.5798ee2308c3ap-25,AVAILABLE,AVAILABLE
76b3124354f11a909b0f97b8e91b451b3af25d3fcf6eae9310408aa919589564,MONASH,5444,hadron_count,normalized_yield,per_event,0x0.0p+0,AVAILABLE,AVAILABLE_ZERO_DISPERSION
488c37fe6a8469bd943e262a9d93de486a191b7cffafe430c65b383c251f8755,CLOSEPACKING,5444,hadron_count,raw_count,count,0x1.0000000000000p+3,AVAILABLE,WITHHELD_UNCERTAINTY
2e3171aec264779f4c4c25e9432b912d6be41fe283073aa9b0aa2d463f806370,JUNCTIONS,5444,hadron_count,raw_count,count,0x1.0000000000000p+2,AVAILABLE,WITHHELD_UNCERTAINTY
bac533eb3535d9596c2867dd9aa47c6d1c99258d059a178971aef30336337678,MONASH,5444,hadron_count,raw_count,count,0x0.0p+0,AVAILABLE,WITHHELD_UNCERTAINTY
ce67fa1a57c7a99e0afa5fdad9e8f4ad426a2ecfb2139f92199ce2e2e2df0c65,CLOSEPACKING,5444,hadron_count,raw_weighted_sum,weighted_count,0x1.0000000000000p+3,AVAILABLE,WITHHELD_UNCERTAINTY
ed54840c7c5b2f8eb54960176c8643c44326b9795af619a94dc4d3480260e2da,JUNCTIONS,5444,hadron_count,raw_weighted_sum,weighted_count,0x1.0000000000000p+2,AVAILABLE,WITHHELD_UNCERTAINTY
f90c529efd5661656d937e320806a4355366d2c06a7cdca9bc4b175e4223f231,MONASH,5444,hadron_count,raw_weighted_sum,weighted_count,0x0.0p+0,AVAILABLE,WITHHELD_UNCERTAINTY
047bdffb439f5e1f2ae55d0f4d2cba723426506a7f2fcd758db34f41020f8c83,CLOSEPACKING,551,beauty_plus_antibeauty_constituent_count,raw_count,count,0x1.b400000000000p+10,AVAILABLE,WITHHELD_UNCERTAINTY
b513360c098fac4a0c07ecbd8eddafee11493843930bccdf6377693754087582,JUNCTIONS,551,beauty_plus_antibeauty_constituent_count,raw_count,count,0x1.db00000000000p+10,AVAILABLE,WITHHELD_UNCERTAINTY
d727f2b8698ef0e31ddb2ebba1cd00c4588f377f38d681f9d1c48a328e314c68,MONASH,551,beauty_plus_antibeauty_constituent_count,raw_count,count,0x1.0000000000000p+9,AVAILABLE,WITHHELD_UNCERTAINTY
d8ded9fe87f9e5fc2dc1c9e6865ef7724f6cf45cfb14693a2a952017c349fda4,CLOSEPACKING,551,beauty_plus_antibeauty_constituent_count,raw_weighted_sum,weighted_count,0x1.b400000000000p+10,AVAILABLE,WITHHELD_UNCERTAINTY
6f8b6258cd85231fbcf25aed70b60a5b5bff519c25871f4cf4d085adbfb14875,JUNCTIONS,551,beauty_plus_antibeauty_constituent_count,raw_weighted_sum,weighted_count,0x1.db00000000000p+10,AVAILABLE,WITHHELD_UNCERTAINTY
9b96161633b6c3ff851bd6870c96d34385b7dec85080196df4b43bd2a2462c0b,MONASH,551,beauty_plus_antibeauty_constituent_count,raw_weighted_sum,weighted_count,0x1.0000000000000p+9,AVAILABLE,WITHHELD_UNCERTAINTY
831eeca00e20ee92026a111f15242eb8665b82a6e3de1e761017b77c097b2c8d,CLOSEPACKING,551,charm_plus_anticharm_constituent_count,raw_count,count,0x0.0p+0,AVAILABLE,WITHHELD_UNCERTAINTY
1afded6b48d0f94a889e3a1d2d0eeded568866f97a18c653dcc73f86e34b279b,JUNCTIONS,551,charm_plus_anticharm_constituent_count,raw_count,count,0x0.0p+0,AVAILABLE,WITHHELD_UNCERTAINTY
fb528dea4aa35f34f6179a74a2d4e71e5aa4ced2a9cd3bb4021fd44790f67f56,MONASH,551,charm_plus_anticharm_constituent_count,raw_count,count,0x0.0p+0,AVAILABLE,WITHHELD_UNCERTAINTY
2ca1bfc90255db5c058097cf1013e1e128c42e2d8beeeb6f2b91ccc8fbf4ed46,CLOSEPACKING,551,charm_plus_anticharm_constituent_count,raw_weighted_sum,weighted_count,0x0.0p+0,AVAILABLE,WITHHELD_UNCERTAINTY
40c2febc6d01fe37de45a59efd56fd4d02fa67235e2620722ac5041a7cb4b963,JUNCTIONS,551,charm_plus_anticharm_constituent_count,raw_weighted_sum,weighted_count,0x0.0p+0,AVAILABLE,WITHHELD_UNCERTAINTY
271503a332697fed0224d3ed32ca766f4da87de63ca61821a50ed84f678d4f6e,MONASH,551,charm_plus_anticharm_constituent_count,raw_weighted_sum,weighted_count,0x0.0p+0,AVAILABLE,WITHHELD_UNCERTAINTY
503d07d48eca31341c1e0087faec37787caefe1c54d594abe18122425f82d0e8,CLOSEPACKING,551,hadron_count,normalized_yield,per_event,0x1.24983ac9d5769p-17,AVAILABLE,AVAILABLE
bdb5429a2793c06c7611686c45420d32d292f0f17c11d5d2c0d41de4650cae8c,JUNCTIONS,551,hadron_count,normalized_yield,per_event,0x1.3ec460ed80a18p-17,AVAILABLE,AVAILABLE
fd34846c75db340a67d8dcd9f9774ddb201afd2ba76da4e9b5d9c762c58e326f,MONASH,551,hadron_count,normalized_yield,per_event,0x1.5798ee2308c3ap-19,AVAILABLE,AVAILABLE
69d6d63b521ea31e67fbb9c8e054891f5a0b36a7ed3489ac773f553c5f341dd2,CLOSEPACKING,551,hadron_count,raw_count,count,0x1.b400000000000p+9,AVAILABLE,WITHHELD_UNCERTAINTY
1cb19fd0252c19472457334ed2e36a5e478673b4a75d66ac029d0b6a86aaaea4,JUNCTIONS,551,hadron_count,raw_count,count,0x1.db00000000000p+9,AVAILABLE,WITHHELD_UNCERTAINTY
4cd4eb8e4d2ba7f5d8ebffa8fc60a67bcabefb6076592336639e84ee3cd4351f,MONASH,551,hadron_count,raw_count,count,0x1.0000000000000p+8,AVAILABLE,WITHHELD_UNCERTAINTY
b18016f6062de33a7c8777ffb3e98e6e7ac6ec0a0fc176011f4bb20933070e19,CLOSEPACKING,551,hadron_count,raw_weighted_sum,weighted_count,0x1.b400000000000p+9,AVAILABLE,WITHHELD_UNCERTAINTY
97c8f50c87258f7dba983f1b7abb87d454648ebb732bbdd3ba8921d96caf1322,JUNCTIONS,551,hadron_count,raw_weighted_sum,weighted_count,0x1.db00000000000p+9,AVAILABLE,WITHHELD_UNCERTAINTY
d5e4571aec7b374793e215737f1eeae3bd9daed4f40ea3914faaab6b5d5ff24d,MONASH,551,hadron_count,raw_weighted_sum,weighted_count,0x1.0000000000000p+8,AVAILABLE,WITHHELD_UNCERTAINTY
714f42945f780a1a4706079a171a7e11d31253a744f469c85fe825fb93e6cea9,CLOSEPACKING,5512,beauty_plus_antibeauty_constituent_count,raw_count,count,0x1.4d00000000000p+9,AVAILABLE,WITHHELD_UNCERTAINTY
5917237b8c6105ffba924db5c55981a5647ab31495b2e84a35d099c34ccfd419,JUNCTIONS,5512,beauty_plus_antibeauty_constituent_count,raw_count,count,0x1.0400000000000p+9,AVAILABLE,WITHHELD_UNCERTAINTY
33932164fe818868ea6057a9691fc326496d608c9c4048e9719aaf0a8f69f737,MONASH,5512,beauty_plus_antibeauty_constituent_count,raw_count,count,0x0.0p+0,AVAILABLE,WITHHELD_UNCERTAINTY
8e2e0c75399cd60955df55835d3042dd161ab794e2692916f35ed6a396425ab0,CLOSEPACKING,5512,beauty_plus_antibeauty_constituent_count,raw_weighted_sum,weighted_count,0x1.4d00000000000p+9,AVAILABLE,WITHHELD_UNCERTAINTY
8637d1e34affcd2217aef3e36679b7788f107e4cfa423635f53c4d3cfc542c47,JUNCTIONS,5512,beauty_plus_antibeauty_constituent_count,raw_weighted_sum,weighted_count,0x1.0400000000000p+9,AVAILABLE,WITHHELD_UNCERTAINTY
e8ab2def0b0af96da299d48d24daa264ab244dceeb610b1e6b3bbecc31220283,MONASH,5512,beauty_plus_antibeauty_constituent_count,raw_weighted_sum,weighted_count,0x0.0p+0,AVAILABLE,WITHHELD_UNCERTAINTY
da3cdb01fac021f7db608f66ff2fbb7a7203beb99053969db8a948f0b8192c62,CLOSEPACKING,5512,charm_plus_anticharm_constituent_count,raw_count,count,0x0.0p+0,AVAILABLE,WITHHELD_UNCERTAINTY
d057d0f825a992336b952b4a14b87c520ccb093a7bc9f42fe5f190795446f85a,JUNCTIONS,5512,charm_plus_anticharm_constituent_count,raw_count,count,0x0.0p+0,AVAILABLE,WITHHELD_UNCERTAINTY
4b179a32cb5fe9d8550c3e182a0ec3e65e9c26b82b99a14873605c642fa13faa,MONASH,5512,charm_plus_anticharm_constituent_count,raw_count,count,0x0.0p+0,AVAILABLE,WITHHELD_UNCERTAINTY
7400468172f991b8728c28f4f47a470aedf5d2d5d13719393bba2f142256f668,CLOSEPACKING,5512,charm_plus_anticharm_constituent_count,raw_weighted_sum,weighted_count,0x0.0p+0,AVAILABLE,WITHHELD_UNCERTAINTY
ed61ad437a3c2a761067414d8a075203f05101e32d202c2487946ce16b863e89,JUNCTIONS,5512,charm_plus_anticharm_constituent_count,raw_weighted_sum,weighted_count,0x0.0p+0,AVAILABLE,WITHHELD_UNCERTAINTY
4fad9e2ac7ab677bc4321477f04a035f57242e101836b27cab32f152d59dc809,MONASH,5512,charm_plus_anticharm_constituent_count,raw_weighted_sum,weighted_count,0x0.0p+0,AVAILABLE,WITHHELD_UNCERTAINTY
27c9c6775db5870bb0cc0d69c08e7e223b0c738e7bf512188bf03443c49f2262,CLOSEPACKING,5512,hadron_count,normalized_yield,per_event,0x1.bef1edc392667p-19,AVAILABLE,AVAILABLE
4a45674d56d17b9ebf0ddf1871bdefb1a5b646f60d0c65be8ade8a95c9ca82fe,JUNCTIONS,5512,hadron_count,normalized_yield,per_event,0x1.5cf751db94e6bp-19,AVAILABLE,AVAILABLE
120bcc681860c01e68487099648d30b244140875f21fb3d38e3a76e0fcb43e9e,MONASH,5512,hadron_count,normalized_yield,per_event,0x0.0p+0,AVAILABLE,AVAILABLE_ZERO_DISPERSION
95f05aa68667e5fc2e4200c08c9a873384ab7f8a473c28fc19bce97d7c737813,CLOSEPACKING,5512,hadron_count,raw_count,count,0x1.4d00000000000p+8,AVAILABLE,WITHHELD_UNCERTAINTY
5f329df4da8723c694878318fc0b2477b78d3d8960c628850288e35205be384b,JUNCTIONS,5512,hadron_count,raw_count,count,0x1.0400000000000p+8,AVAILABLE,WITHHELD_UNCERTAINTY
d94a8d29d7da42396f5ffb83413fcf809e154437dba07e3ddbb96d35b4dd56dd,MONASH,5512,hadron_count,raw_count,count,0x0.0p+0,AVAILABLE,WITHHELD_UNCERTAINTY
ccf589ed10a9fdf7f61a95598ded4330b7805358a503763c88f96319cf936d53,CLOSEPACKING,5512,hadron_count,raw_weighted_sum,weighted_count,0x1.4d00000000000p+8,AVAILABLE,WITHHELD_UNCERTAINTY
73a9c46052582d0d6349338a2a6249725d3d92f53599ea89bad21a66a5c46a43,JUNCTIONS,5512,hadron_count,raw_weighted_sum,weighted_count,0x1.0400000000000p+8,AVAILABLE,WITHHELD_UNCERTAINTY
1fe33d0782c05aa8da8fbdaa683a17054047c1ce53b145860ec0c556ca3fda07,MONASH,5512,hadron_count,raw_weighted_sum,weighted_count,0x0.0p+0,AVAILABLE,WITHHELD_UNCERTAINTY
ef12b3dba0f00481697c9e702dcf950dce0c56fcc9323877e3587b7deeaccd0b,CLOSEPACKING,5514,beauty_plus_antibeauty_constituent_count,raw_count,count,0x1.fc00000000000p+8,AVAILABLE,WITHHELD_UNCERTAINTY
2e1020adab78ac2c6611c2a660fa9eea0e77ec63663970ddb3284010ee54d924,JUNCTIONS,5514,beauty_plus_antibeauty_constituent_count,raw_count,count,0x1.2600000000000p+8,AVAILABLE,WITHHELD_UNCERTAINTY
3bc3511f64d1378f2f92774f996e47d13775ea2c811d1112873a5caff1851588,MONASH,5514,beauty_plus_antibeauty_constituent_count,raw_count,count,0x0.0p+0,AVAILABLE,WITHHELD_UNCERTAINTY
6a0918ae943d52ce76a2d669a94b0303c1c643430781fbbcf3d7fb85cf30c446,CLOSEPACKING,5514,beauty_plus_antibeauty_constituent_count,raw_weighted_sum,weighted_count,0x1.fc00000000000p+8,AVAILABLE,WITHHELD_UNCERTAINTY
4058264db7390cb717e68e1e3b44bfbd7be8bb5d157ecc3f33a7cbb2ea392507,JUNCTIONS,5514,beauty_plus_antibeauty_constituent_count,raw_weighted_sum,weighted_count,0x1.2600000000000p+8,AVAILABLE,WITHHELD_UNCERTAINTY
84b3b0ea323b51ad27f657052af4c53881523ef0510c9aab3489fd5d42b9e5d0,MONASH,5514,beauty_plus_antibeauty_constituent_count,raw_weighted_sum,weighted_count,0x0.0p+0,AVAILABLE,WITHHELD_UNCERTAINTY
5ef7a58a95ec73a35a853293408555cbaa474260944f7e3035a2099b63e475ec,CLOSEPACKING,5514,charm_plus_anticharm_constituent_count,raw_count,count,0x0.0p+0,AVAILABLE,WITHHELD_UNCERTAINTY
adbe7768c50e35eb767e714b625fd9bdbfa72430fdb568e1372acf7216cc435d,JUNCTIONS,5514,charm_plus_anticharm_constituent_count,raw_count,count,0x0.0p+0,AVAILABLE,WITHHELD_UNCERTAINTY
55ced66ae078bbab39ba5d21654489b687b550e7c3a53ed321bc622e137c2dc5,MONASH,5514,charm_plus_anticharm_constituent_count,raw_count,count,0x0.0p+0,AVAILABLE,WITHHELD_UNCERTAINTY
9a8a7f938e68c8a1adeb01792efdfdffc5efec968914f185825d21aa8016bd0a,CLOSEPACKING,5514,charm_plus_anticharm_constituent_count,raw_weighted_sum,weighted_count,0x0.0p+0,AVAILABLE,WITHHELD_UNCERTAINTY
65431dec62a93af1bbfd24e99fc8016acd903063462c16d1f22da3005736d1b9,JUNCTIONS,5514,charm_plus_anticharm_constituent_count,raw_weighted_sum,weighted_count,0x0.0p+0,AVAILABLE,WITHHELD_UNCERTAINTY
77da1ce7ebc36469143e18045a62eaba40b08ea4489b45162961a3cc78107e4b,MONASH,5514,charm_plus_anticharm_constituent_count,raw_weighted_sum,weighted_count,0x0.0p+0,AVAILABLE,WITHHELD_UNCERTAINTY
6915005ae527838d13baa83743734e8875c6991ace739a08a908207342ccfa1d,CLOSEPACKING,5514,hadron_count,normalized_yield,per_event,0x1.54e9bc46c2b21p-19,AVAILABLE,AVAILABLE
d5de06033bc06d8c0f3863ba68da328f78c5275ed678ff7c0100708738beefc2,JUNCTIONS,5514,hadron_count,normalized_yield,per_event,0x1.8a99a17c3c10ap-20,AVAILABLE,AVAILABLE
18db96b2911ad77c4daeb62575acc6630be0304ab15e308d0d6c5e58463c393b,MONASH,5514,hadron_count,normalized_yield,per_event,0x0.0p+0,AVAILABLE,AVAILABLE_ZERO_DISPERSION
1948eac5510a4a1932aec8a2b7d11a9c8d29f36d75cbbd58b6f303d8b07eefbb,CLOSEPACKING,5514,hadron_count,raw_count,count,0x1.fc00000000000p+7,AVAILABLE,WITHHELD_UNCERTAINTY
4d3e0e043e7cca058f8cb71e836064565c1f5bb14aa474dc51372fd3903c065e,JUNCTIONS,5514,hadron_count,raw_count,count,0x1.2600000000000p+7,AVAILABLE,WITHHELD_UNCERTAINTY
03048392d519cba2d6a2780bef2c564d9d7437ddb6d37453e16e6d246c7c5ddb,MONASH,5514,hadron_count,raw_count,count,0x0.0p+0,AVAILABLE,WITHHELD_UNCERTAINTY
c4775d732423c1fbfc57912e8721d5a1658cc939f934a47173eda7b8fae2aade,CLOSEPACKING,5514,hadron_count,raw_weighted_sum,weighted_count,0x1.fc00000000000p+7,AVAILABLE,WITHHELD_UNCERTAINTY
d6b487b0f59aa461274e934442c5c7fdbd16581607280ac9073d989c5aafd4e8,JUNCTIONS,5514,hadron_count,raw_weighted_sum,weighted_count,0x1.2600000000000p+7,AVAILABLE,WITHHELD_UNCERTAINTY
fca551497184e42515d449edb2e83713f10052d34b9fac596dd39af87585c99f,MONASH,5514,hadron_count,raw_weighted_sum,weighted_count,0x0.0p+0,AVAILABLE,WITHHELD_UNCERTAINTY
3e9709e871eda6c4f7fcce21974d5a3dd38359471c32931f83b0003354e4accf,CLOSEPACKING,5522,beauty_plus_antibeauty_constituent_count,raw_count,count,0x1.8c00000000000p+9,AVAILABLE,WITHHELD_UNCERTAINTY
186410f2fd298c58959b052e59b3eafa952cde14d298254de03f699d7c9bdce8,JUNCTIONS,5522,beauty_plus_antibeauty_constituent_count,raw_count,count,0x1.1700000000000p+9,AVAILABLE,WITHHELD_UNCERTAINTY
fae9bb2c82436f8a049eb25da85b228b65c8a32db55c0b42fb44f06d464dff64,MONASH,5522,beauty_plus_antibeauty_constituent_count,raw_count,count,0x0.0p+0,AVAILABLE,WITHHELD_UNCERTAINTY
942d10ec01ec45b84b6a1925583d733b4c2d64123fd84434b8bfc9b30de91c67,CLOSEPACKING,5522,beauty_plus_antibeauty_constituent_count,raw_weighted_sum,weighted_count,0x1.8c00000000000p+9,AVAILABLE,WITHHELD_UNCERTAINTY
0108192624fe01f40af66b55138337c95b90fc7731ce9e34149aea586c4abc52,JUNCTIONS,5522,beauty_plus_antibeauty_constituent_count,raw_weighted_sum,weighted_count,0x1.1700000000000p+9,AVAILABLE,WITHHELD_UNCERTAINTY
bff266af0685d28dc7930a8eadef85a668672b3e0fab51fc72358ecad25f7ad3,MONASH,5522,beauty_plus_antibeauty_constituent_count,raw_weighted_sum,weighted_count,0x0.0p+0,AVAILABLE,WITHHELD_UNCERTAINTY
29944084ca4b00dbc3545394b87153571816bb9c12db5a25d2ed447c0e935f2f,CLOSEPACKING,5522,charm_plus_anticharm_constituent_count,raw_count,count,0x0.0p+0,AVAILABLE,WITHHELD_UNCERTAINTY
1cc2f8d131624cf0d48464e880a4d04dd2e3d4ea747ebca2d8b6e58f035f11e3,JUNCTIONS,5522,charm_plus_anticharm_constituent_count,raw_count,count,0x0.0p+0,AVAILABLE,WITHHELD_UNCERTAINTY
eb10dc8bc3428e6fa12f71e825b9ed6f82be441f3c3702926d6be26ffa5aace4,MONASH,5522,charm_plus_anticharm_constituent_count,raw_count,count,0x0.0p+0,AVAILABLE,WITHHELD_UNCERTAINTY
6102294cd4386328c58751b349445952d37df3eb1ec6bf51b53f02a67e800394,CLOSEPACKING,5522,charm_plus_anticharm_constituent_count,raw_weighted_sum,weighted_count,0x0.0p+0,AVAILABLE,WITHHELD_UNCERTAINTY
bba9ef844b0613ac3ada4bda94f2a1fb4791ffa86d6be6bd9bb3e34d96837f15,JUNCTIONS,5522,charm_plus_anticharm_constituent_count,raw_weighted_sum,weighted_count,0x0.0p+0,AVAILABLE,WITHHELD_UNCERTAINTY
7f00b8b5f7bd5d58dbffd5c611f167920f1a519e23acfe788042821d72a26024,MONASH,5522,charm_plus_anticharm_constituent_count,raw_weighted_sum,weighted_count,0x0.0p+0,AVAILABLE,WITHHELD_UNCERTAINTY
27a52b78c3f7f3e3251ee97bd3d5c037b5ffc282b4ab2c4c94dc2fbb3525ebdb,CLOSEPACKING,5522,hadron_count,normalized_yield,per_event,0x1.09c0482f18c75p-18,AVAILABLE,AVAILABLE
05443f47bae25d8c48ddfbc704277439caca3127caa5f9a0f627f4e1f3997f13,JUNCTIONS,5522,hadron_count,normalized_yield,per_event,0x1.7677ab882e8d3p-19,AVAILABLE,AVAILABLE
98d3b20061f298adea7818dd9f2fad1186da5b344618f7ce8168ec500ec5aaa7,MONASH,5522,hadron_count,normalized_yield,per_event,0x0.0p+0,AVAILABLE,AVAILABLE_ZERO_DISPERSION
cd1bf741f3beda4b64a248697e99ecd72c798c160c81673a9ddf6315bec2e946,CLOSEPACKING,5522,hadron_count,raw_count,count,0x1.8c00000000000p+8,AVAILABLE,WITHHELD_UNCERTAINTY
da97b4b6c7a351ec0bcd2c2a6aa33ca5db5e5e7ec6c34954190c6f0b9472bd27,JUNCTIONS,5522,hadron_count,raw_count,count,0x1.1700000000000p+8,AVAILABLE,WITHHELD_UNCERTAINTY
8b70317938ac1d60c6d50bea238363e05e2e0b8aaf750fd905b694ce39315df6,MONASH,5522,hadron_count,raw_count,count,0x0.0p+0,AVAILABLE,WITHHELD_UNCERTAINTY
264259248bc826e658c42603cd4bbe9edbe42c63598599bbeb609e8d66396c8d,CLOSEPACKING,5522,hadron_count,raw_weighted_sum,weighted_count,0x1.8c00000000000p+8,AVAILABLE,WITHHELD_UNCERTAINTY
5749cae6a51e44c571019369e0acddfedae045d17b9dfd446e0090f53e246dc3,JUNCTIONS,5522,hadron_count,raw_weighted_sum,weighted_count,0x1.1700000000000p+8,AVAILABLE,WITHHELD_UNCERTAINTY
63b88620b66b51abb660f1cd04c02d8dea317672ac01285188e14832d2cd2ca3,MONASH,5522,hadron_count,raw_weighted_sum,weighted_count,0x0.0p+0,AVAILABLE,WITHHELD_UNCERTAINTY
b1dc23b77a8cf0441e4ce2c90ccf8b9ea7820d2b4e2f428de3e6d83792ec1293,CLOSEPACKING,5524,beauty_plus_antibeauty_constituent_count,raw_count,count,0x1.ce00000000000p+8,AVAILABLE,WITHHELD_UNCERTAINTY
3c9d74bd03782470b1cce7e409e03e08d1e098bac8733585c08ad711b132efa1,JUNCTIONS,5524,beauty_plus_antibeauty_constituent_count,raw_count,count,0x1.c800000000000p+7,AVAILABLE,WITHHELD_UNCERTAINTY
11c963b5ff9bc665cc5437130077218d78a64f2e5856b5c97ac8e0097c835561,MONASH,5524,beauty_plus_antibeauty_constituent_count,raw_count,count,0x0.0p+0,AVAILABLE,WITHHELD_UNCERTAINTY
30ddaf986ece2bbd413926505314597ad2a2d573b3e1e52fd48833b98e7433da,CLOSEPACKING,5524,beauty_plus_antibeauty_constituent_count,raw_weighted_sum,weighted_count,0x1.ce00000000000p+8,AVAILABLE,WITHHELD_UNCERTAINTY
f3fcaadde59cb2788f96b745d586c849f2e004bc640293236e83bcec30b6cf3d,JUNCTIONS,5524,beauty_plus_antibeauty_constituent_count,raw_weighted_sum,weighted_count,0x1.c800000000000p+7,AVAILABLE,WITHHELD_UNCERTAINTY
64b95d1b8bb10f21ccc97f48bb16d0501d2d3441319e0463d94f9ef759ecbfcf,MONASH,5524,beauty_plus_antibeauty_constituent_count,raw_weighted_sum,weighted_count,0x0.0p+0,AVAILABLE,WITHHELD_UNCERTAINTY
5f60cc7e2025305e9b9c296eb4e7dd7b6b6356d1dd3358e60fa43ec5e0c60877,CLOSEPACKING,5524,charm_plus_anticharm_constituent_count,raw_count,count,0x0.0p+0,AVAILABLE,WITHHELD_UNCERTAINTY
f23c73311a340e350d56e2daf9f588bf7229ad2e3c5495ca2817984ed60a8f90,JUNCTIONS,5524,charm_plus_anticharm_constituent_count,raw_count,count,0x0.0p+0,AVAILABLE,WITHHELD_UNCERTAINTY
82a9fdfd58bcd242d47daa15c9cd7bfff0d3f0fecf1a810d9cfa1c96ef12d4ea,MONASH,5524,charm_plus_anticharm_constituent_count,raw_count,count,0x0.0p+0,AVAILABLE,WITHHELD_UNCERTAINTY
d070a0517d601524aabf881dc6bb22b513e03c50a4f79fe01a936236e28b2769,CLOSEPACKING,5524,charm_plus_anticharm_constituent_count,raw_weighted_sum,weighted_count,0x0.0p+0,AVAILABLE,WITHHELD_UNCERTAINTY
aac3b7b3eb073961f2824ed9fa3d2764883961267025a0f3ae9123586fb0ad12,JUNCTIONS,5524,charm_plus_anticharm_constituent_count,raw_weighted_sum,weighted_count,0x0.0p+0,AVAILABLE,WITHHELD_UNCERTAINTY
32ba69dc2743ccb4e994229479675ffde16d1e6f15fe03e3c6f1036d632f1e09,MONASH,5524,charm_plus_anticharm_constituent_count,raw_weighted_sum,weighted_count,0x0.0p+0,AVAILABLE,WITHHELD_UNCERTAINTY
961c0c5e14fe05fab97f1196dc2bf0ba56b584b76cbc7ba4d8c8051b6b8245c7,CLOSEPACKING,5524,hadron_count,normalized_yield,per_event,0x1.360afee19ce88p-19,AVAILABLE,AVAILABLE
5cd0382e8acff9fad6c2be1b6e9d74ea00e4e287f22ca72f5c64e4e19e596700,JUNCTIONS,5524,hadron_count,normalized_yield,per_event,0x1.3204341733ce4p-20,AVAILABLE,AVAILABLE
53a34c84f7711514387f44fdea233d3dbfb4a4ec48bdcc4351414e59eb02e0c4,MONASH,5524,hadron_count,normalized_yield,per_event,0x0.0p+0,AVAILABLE,AVAILABLE_ZERO_DISPERSION
25a603e4951ea058b5da251c0dd14920b1e4d496bac50dcc92fe2f8a5922a473,CLOSEPACKING,5524,hadron_count,raw_count,count,0x1.ce00000000000p+7,AVAILABLE,WITHHELD_UNCERTAINTY
fc20323b56806cac0374872c2b27adcfb69c8362d20a67aaa3387183bc18c0dd,JUNCTIONS,5524,hadron_count,raw_count,count,0x1.c800000000000p+6,AVAILABLE,WITHHELD_UNCERTAINTY
fd6700408ab7f947b911bf2a391c2bd777cd8006f30c7283a305ac18108a4bb4,MONASH,5524,hadron_count,raw_count,count,0x0.0p+0,AVAILABLE,WITHHELD_UNCERTAINTY
38cff5beefc5774111aab128a1e44c19911ede22894f0677d6fcea854cea7ad9,CLOSEPACKING,5524,hadron_count,raw_weighted_sum,weighted_count,0x1.ce00000000000p+7,AVAILABLE,WITHHELD_UNCERTAINTY
e1be785b1fcfdf636671fa4894dfed6a04ab167bd0e9dc3ecfce5e16087d7d0f,JUNCTIONS,5524,hadron_count,raw_weighted_sum,weighted_count,0x1.c800000000000p+6,AVAILABLE,WITHHELD_UNCERTAINTY
cb22d5b1e6a55cac68b68e29e832e9f742f838fa37b1080d0891fcdbec42719c,MONASH,5524,hadron_count,raw_weighted_sum,weighted_count,0x0.0p+0,AVAILABLE,WITHHELD_UNCERTAINTY
ab3413c630fb7c85f781f906d3a4d02f44fa9c94d411d5288659a42ce1c76f36,CLOSEPACKING,553,beauty_plus_antibeauty_constituent_count,raw_count,count,0x1.6240000000000p+12,AVAILABLE,WITHHELD_UNCERTAINTY
b94fc4b1312f0ff6d64bb6ff3939a350ea0b3f02c7ed1489659d1853b44e316e,JUNCTIONS,553,beauty_plus_antibeauty_constituent_count,raw_count,count,0x1.7e80000000000p+12,AVAILABLE,WITHHELD_UNCERTAINTY
3137f6201bb11cf3728470b8028d3375e17ac6aee677c23577faa5e4382d06fd,MONASH,553,beauty_plus_antibeauty_constituent_count,raw_count,count,0x1.3d00000000000p+11,AVAILABLE,WITHHELD_UNCERTAINTY
9fa99b1d1bb83ccf56fdc5e2a3090e83c3f9e66342dce463153c0d2f9e39e20e,CLOSEPACKING,553,beauty_plus_antibeauty_constituent_count,raw_weighted_sum,weighted_count,0x1.6240000000000p+12,AVAILABLE,WITHHELD_UNCERTAINTY
e20eb69e1410e37fc0ffda9a468134dbe1ac4620791540dd35dc97967897f36c,JUNCTIONS,553,beauty_plus_antibeauty_constituent_count,raw_weighted_sum,weighted_count,0x1.7e80000000000p+12,AVAILABLE,WITHHELD_UNCERTAINTY
72cd7f5a9530742f8e018b5f862d22c8d4b49d35ea09fc08c1fbc3ac6c1f5b89,MONASH,553,beauty_plus_antibeauty_constituent_count,raw_weighted_sum,weighted_count,0x1.3d00000000000p+11,AVAILABLE,WITHHELD_UNCERTAINTY
dd20acf6d9c1eb808157e11c6b1df9496ab8ee594aa4ea5ab177f4735ed53998,CLOSEPACKING,553,charm_plus_anticharm_constituent_count,raw_count,count,0x0.0p+0,AVAILABLE,WITHHELD_UNCERTAINTY
4a29410f067fe548c4d9c53e997e78c61b56ce3cfd0cce924402501082cff9ed,JUNCTIONS,553,charm_plus_anticharm_constituent_count,raw_count,count,0x0.0p+0,AVAILABLE,WITHHELD_UNCERTAINTY
bff04d6509d6bdfc59ea8cfaa84d3853468f9e5f7276953f422d7d817699db0e,MONASH,553,charm_plus_anticharm_constituent_count,raw_count,count,0x0.0p+0,AVAILABLE,WITHHELD_UNCERTAINTY
24a063c2472ddaa14333f41afeede35666828b90f54622a38a6ba82c1cdd2d48,CLOSEPACKING,553,charm_plus_anticharm_constituent_count,raw_weighted_sum,weighted_count,0x0.0p+0,AVAILABLE,WITHHELD_UNCERTAINTY
42448ee43950e40f307a941ae437a39da9a590d7dc3f7593ad749ba7ef90f88e,JUNCTIONS,553,charm_plus_anticharm_constituent_count,raw_weighted_sum,weighted_count,0x0.0p+0,AVAILABLE,WITHHELD_UNCERTAINTY
2ef200297eb231000f80abc89ddc6e118c2e1953be5228a38a79aa860f88c2aa,MONASH,553,charm_plus_anticharm_constituent_count,raw_weighted_sum,weighted_count,0x0.0p+0,AVAILABLE,WITHHELD_UNCERTAINTY
75afce387e0627b2917b71662c77e626e03dbf6868f471075df9a2848e014339,CLOSEPACKING,553,hadron_count,normalized_yield,per_event,0x1.db775f87fae0bp-16,AVAILABLE,AVAILABLE
e4fc9296c5d292449361d70cd53532cfd543c0a8c3c40895d554d86e76df0475,JUNCTIONS,553,hadron_count,normalized_yield,per_event,0x1.00b0ffe7ac4c2p-15,AVAILABLE,AVAILABLE
9a5809c185db34ffcc670d900a0c75845b28ddc634ba7adacc4a56f8aab20991,MONASH,553,hadron_count,normalized_yield,per_event,0x1.a9785ee161da4p-17,AVAILABLE,AVAILABLE
1423deb8f2196518439653260e4f76e92dd3cbca6648a9f4cf565c04da4a9bba,CLOSEPACKING,553,hadron_count,raw_count,count,0x1.6240000000000p+11,AVAILABLE,WITHHELD_UNCERTAINTY
0ebfd6efafa467f6184920d7eca3049ca43bcc7b328fdc9d2e68081a3e5b8df6,JUNCTIONS,553,hadron_count,raw_count,count,0x1.7e80000000000p+11,AVAILABLE,WITHHELD_UNCERTAINTY
f2539fb72860fa4d54cd78f92c2c5c32d1149123480591171e82c1fa187dc96c,MONASH,553,hadron_count,raw_count,count,0x1.3d00000000000p+10,AVAILABLE,WITHHELD_UNCERTAINTY
5dbe73feb8dc46ffd8c32d424d60f04164eabdcf9e2b7378cf43fcfe87500b3c,CLOSEPACKING,553,hadron_count,raw_weighted_sum,weighted_count,0x1.6240000000000p+11,AVAILABLE,WITHHELD_UNCERTAINTY
cc3aac0da8c81164c97b0f6e7ba8ad2f820335062bf30e2b2219db36fad7a926,JUNCTIONS,553,hadron_count,raw_weighted_sum,weighted_count,0x1.7e80000000000p+11,AVAILABLE,WITHHELD_UNCERTAINTY
f62289e0b4eadacd8897768ba0816ee88685860c2b078190eec7465cd6ae9aee,MONASH,553,hadron_count,raw_weighted_sum,weighted_count,0x1.3d00000000000p+10,AVAILABLE,WITHHELD_UNCERTAINTY
87efb6cf977121a7a4dae663f4b59586ed74fab9e9de84be61a98ee09066e99f,CLOSEPACKING,5532,beauty_plus_antibeauty_constituent_count,raw_count,count,0x1.2400000000000p+7,AVAILABLE,WITHHELD_UNCERTAINTY
c0d051769a1ad5c5a29fcf9782c8c3998bae980dd0214d12bef1eb6d300af7a6,JUNCTIONS,5532,beauty_plus_antibeauty_constituent_count,raw_count,count,0x1.3800000000000p+6,AVAILABLE,WITHHELD_UNCERTAINTY
6dd4817ca0c85a7c9c17e05a6ac410461280406cae7c0e3b039c96f9aedd850a,MONASH,5532,beauty_plus_antibeauty_constituent_count,raw_count,count,0x0.0p+0,AVAILABLE,WITHHELD_UNCERTAINTY
39ddea6f9aa8680406563e9ad2f8c5b1450582f7bde5510b81c4f67fa9c70712,CLOSEPACKING,5532,beauty_plus_antibeauty_constituent_count,raw_weighted_sum,weighted_count,0x1.2400000000000p+7,AVAILABLE,WITHHELD_UNCERTAINTY
177f0a8145749c3fefec2c4499e4c399914c52bc46d9b33c0991af22d8f4fe5a,JUNCTIONS,5532,beauty_plus_antibeauty_constituent_count,raw_weighted_sum,weighted_count,0x1.3800000000000p+6,AVAILABLE,WITHHELD_UNCERTAINTY
6c74341b7bec6471e38e7cc84e5c6f4f93ae07df7ec926bb73bde3a636126213,MONASH,5532,beauty_plus_antibeauty_constituent_count,raw_weighted_sum,weighted_count,0x0.0p+0,AVAILABLE,WITHHELD_UNCERTAINTY
fca05dfbf45db0ea6ab76782acfd2a68e0081a69211fd102f81bfca854b3e955,CLOSEPACKING,5532,charm_plus_anticharm_constituent_count,raw_count,count,0x0.0p+0,AVAILABLE,WITHHELD_UNCERTAINTY
72469a3244471a1f9be0a858e506963c79fe76c98faa31752de2649f1fc6ed9b,JUNCTIONS,5532,charm_plus_anticharm_constituent_count,raw_count,count,0x0.0p+0,AVAILABLE,WITHHELD_UNCERTAINTY
7c2d3c40d602029cd4969996f6aa7fa2e149f584c5efd8ea983f14b69e7aed20,MONASH,5532,charm_plus_anticharm_constituent_count,raw_count,count,0x0.0p+0,AVAILABLE,WITHHELD_UNCERTAINTY
7183e0454d9e0b155bb65175466159b4116d55c5f4b804d3a98e5ddc4e7a10fa,CLOSEPACKING,5532,charm_plus_anticharm_constituent_count,raw_weighted_sum,weighted_count,0x0.0p+0,AVAILABLE,WITHHELD_UNCERTAINTY
f0f50e4027f319a3baf8c37a34d4ba3141ddc382bee464582ce3f58f4d89f810,JUNCTIONS,5532,charm_plus_anticharm_constituent_count,raw_weighted_sum,weighted_count,0x0.0p+0,AVAILABLE,WITHHELD_UNCERTAINTY
a4cb13eb1d0d48a42b28f8b7ad1e1644844e8327b46d06c40f756208ac42bbeb,MONASH,5532,charm_plus_anticharm_constituent_count,raw_weighted_sum,weighted_count,0x0.0p+0,AVAILABLE,WITHHELD_UNCERTAINTY
708113a34e74192f8d92c61d207113866ea25c92c464380e9b474f4eb2752c02,CLOSEPACKING,5532,hadron_count,normalized_yield,per_event,0x1.87ea6f9ff5ff2p-21,AVAILABLE,AVAILABLE
85e9f20eed425ac0df940cc171789042112c472936ea7521f927ad5e21a70f52,JUNCTIONS,5532,hadron_count,normalized_yield,per_event,0x1.a2c2623ab2ae7p-22,AVAILABLE,AVAILABLE
080c7c5b90475fba82bf221437df12b15d03dd477ca83d652080c6d2c3508f6a,MONASH,5532,hadron_count,normalized_yield,per_event,0x0.0p+0,AVAILABLE,AVAILABLE_ZERO_DISPERSION
2eb12191e2ebf060842f2480a22321076633bdcc3aee087815b62ccbf3eda8c8,CLOSEPACKING,5532,hadron_count,raw_count,count,0x1.2400000000000p+6,AVAILABLE,WITHHELD_UNCERTAINTY
acc5c1abc48683707dabcf6843bed12ada10a09ec1c5895338f81dbade19f50d,JUNCTIONS,5532,hadron_count,raw_count,count,0x1.3800000000000p+5,AVAILABLE,WITHHELD_UNCERTAINTY
d94c25ba4670c1fc1ca8595db91823575e3f1fbf40da2d3fb2fc1bcb59d6bc7d,MONASH,5532,hadron_count,raw_count,count,0x0.0p+0,AVAILABLE,WITHHELD_UNCERTAINTY
be5628dd2619c5f75cd107c5fee18ad636fb3225dada96401bebfd63ffe29cf0,CLOSEPACKING,5532,hadron_count,raw_weighted_sum,weighted_count,0x1.2400000000000p+6,AVAILABLE,WITHHELD_UNCERTAINTY
219d9dd474feec61bb0f76b2f22a2dfa0fadc23817d77bbb97996b02b922eb88,JUNCTIONS,5532,hadron_count,raw_weighted_sum,weighted_count,0x1.3800000000000p+5,AVAILABLE,WITHHELD_UNCERTAINTY
a4fb67a8c8c7391f01cfdaceb54e6264d5171a9eb2024ca637109120d60483d1,MONASH,5532,hadron_count,raw_weighted_sum,weighted_count,0x0.0p+0,AVAILABLE,WITHHELD_UNCERTAINTY
968a0a884ce8c8c35a0b22362fb077361956cffedb76b117abfa8827240af762,CLOSEPACKING,5534,beauty_plus_antibeauty_constituent_count,raw_count,count,0x1.9000000000000p+6,AVAILABLE,WITHHELD_UNCERTAINTY
5d6901c2625512edb3af17e3b8ac0a8af523a2feda93eb63a3c478876839261a,JUNCTIONS,5534,beauty_plus_antibeauty_constituent_count,raw_count,count,0x1.a000000000000p+4,AVAILABLE,WITHHELD_UNCERTAINTY
e6de6f08c8fa78ce57ec549d6091f8433a94c6214cf3d17db9e5b54be82d2b01,MONASH,5534,beauty_plus_antibeauty_constituent_count,raw_count,count,0x0.0p+0,AVAILABLE,WITHHELD_UNCERTAINTY
4d4b7779542845c314ab01e54fdb644ed1dd837f2df1c2cbb4e81452d5814e60,CLOSEPACKING,5534,beauty_plus_antibeauty_constituent_count,raw_weighted_sum,weighted_count,0x1.9000000000000p+6,AVAILABLE,WITHHELD_UNCERTAINTY
07522e50831e87d6db67038772416512cda0efde38ddca615d097bf0891b0711,JUNCTIONS,5534,beauty_plus_antibeauty_constituent_count,raw_weighted_sum,weighted_count,0x1.a000000000000p+4,AVAILABLE,WITHHELD_UNCERTAINTY
8989778af2852a80d3270a35223fc4ba1c4553a286b270e093d8a125c0cad4fd,MONASH,5534,beauty_plus_antibeauty_constituent_count,raw_weighted_sum,weighted_count,0x0.0p+0,AVAILABLE,WITHHELD_UNCERTAINTY
ab8daf93462bc180ec66358a62e354ea8070143a1ba7590d4febe0bcd0bf282b,CLOSEPACKING,5534,charm_plus_anticharm_constituent_count,raw_count,count,0x0.0p+0,AVAILABLE,WITHHELD_UNCERTAINTY
72128703ceed9e6b6a8001a744c6f1f7023cf506d903a0da843a8bb9fae2b5a1,JUNCTIONS,5534,charm_plus_anticharm_constituent_count,raw_count,count,0x0.0p+0,AVAILABLE,WITHHELD_UNCERTAINTY
9cb04964573dc9f369dd23385e25f501b5c727331be9cd12883c6ac4f1dad2f0,MONASH,5534,charm_plus_anticharm_constituent_count,raw_count,count,0x0.0p+0,AVAILABLE,WITHHELD_UNCERTAINTY
38986e0dd69897c2d660b4c16c9c168660f1c8b8ef228d3e754ea416339bd01e,CLOSEPACKING,5534,charm_plus_anticharm_constituent_count,raw_weighted_sum,weighted_count,0x0.0p+0,AVAILABLE,WITHHELD_UNCERTAINTY
e199258dd0437266b950e33435cca398ca17dca9801fec398f183381b969b4a8,JUNCTIONS,5534,charm_plus_anticharm_constituent_count,raw_weighted_sum,weighted_count,0x0.0p+0,AVAILABLE,WITHHELD_UNCERTAINTY
5371bd720dd9c006694db247cc1423df89c192a42032d0743350c128a8fed12a,MONASH,5534,charm_plus_anticharm_constituent_count,raw_weighted_sum,weighted_count,0x0.0p+0,AVAILABLE,WITHHELD_UNCERTAINTY
83b4214ad7952b596195cbb422b257c83c675eede37ef2c67b607ee6bf29e6cb,CLOSEPACKING,5534,hadron_count,normalized_yield,per_event,0x1.0c6f7a0b5ed8dp-21,AVAILABLE,AVAILABLE
b3e7a0db1ac7562cc27f85b26ca0aa059c74d5033b1472cc5d3a74cb20099f6e,JUNCTIONS,5534,hadron_count,normalized_yield,per_event,0x1.172c417c771efp-23,AVAILABLE,AVAILABLE
9183b3e534fd0a9a2a65faf2b507492b039d3c5931c003419715225463247d86,MONASH,5534,hadron_count,normalized_yield,per_event,0x0.0p+0,AVAILABLE,AVAILABLE_ZERO_DISPERSION
f5ed7a73e9d598de97e1a470bd579c342d517e0f37f6d7c2e9a3e3cf987d671b,CLOSEPACKING,5534,hadron_count,raw_count,count,0x1.9000000000000p+5,AVAILABLE,WITHHELD_UNCERTAINTY
e5ad76609734b7dd1bfb98ccb3f13400e3b20c5b2bbde26f2cedce7e8a6b6ca2,JUNCTIONS,5534,hadron_count,raw_count,count,0x1.a000000000000p+3,AVAILABLE,WITHHELD_UNCERTAINTY
7ab653e8b75104731840523661f618a10d3577fe2966c819f321ec6b6bade8d0,MONASH,5534,hadron_count,raw_count,count,0x0.0p+0,AVAILABLE,WITHHELD_UNCERTAINTY
d72b856be94281d44461fa3bcc0256d0e2a8e76114de4f61c0e61764487fbc14,CLOSEPACKING,5534,hadron_count,raw_weighted_sum,weighted_count,0x1.9000000000000p+5,AVAILABLE,WITHHELD_UNCERTAINTY
14427fa8c71369154af9aefa53b9540738356f9c8a653935b86dc70683233199,JUNCTIONS,5534,hadron_count,raw_weighted_sum,weighted_count,0x1.a000000000000p+3,AVAILABLE,WITHHELD_UNCERTAINTY
6bc3fddfec49be2a36b1b2c6155852d89a57ff9fa537dc52382a3fdb57acb5e7,MONASH,5534,hadron_count,raw_weighted_sum,weighted_count,0x0.0p+0,AVAILABLE,WITHHELD_UNCERTAINTY
03e1347221a95ac2e12bcd8fcc1ec59ac6f6f3f6b148e1d0802be68c81800888,CLOSEPACKING,555,beauty_plus_antibeauty_constituent_count,raw_count,count,0x1.67d8000000000p+14,AVAILABLE,WITHHELD_UNCERTAINTY
466bcebc692329e321b93509f5a02c0971242af83fc43d1185e848266dacd03d,JUNCTIONS,555,beauty_plus_antibeauty_constituent_count,raw_count,count,0x1.7aa8000000000p+14,AVAILABLE,WITHHELD_UNCERTAINTY
8545e0bb813d190328e1c6fcdc890b1ee0dec9173fcf14cdff3aaf4a65e19068,MONASH,555,beauty_plus_antibeauty_constituent_count,raw_count,count,0x1.54a8000000000p+14,AVAILABLE,WITHHELD_UNCERTAINTY
456f629fff70374debe492ee536a14d25b708a90986919a0f8a0e0cb5e36e07c,CLOSEPACKING,555,beauty_plus_antibeauty_constituent_count,raw_weighted_sum,weighted_count,0x1.67d8000000000p+14,AVAILABLE,WITHHELD_UNCERTAINTY
85d7628327af82f3567a9ceb393ea5ce6475e27a20c0f03fb42b6f44cdf2d40e,JUNCTIONS,555,beauty_plus_antibeauty_constituent_count,raw_weighted_sum,weighted_count,0x1.7aa8000000000p+14,AVAILABLE,WITHHELD_UNCERTAINTY
564982bc7881c74eddd95bcb5ea3cf7af67f542c46acef03e3b1f032b4a664c2,MONASH,555,beauty_plus_antibeauty_constituent_count,raw_weighted_sum,weighted_count,0x1.54a8000000000p+14,AVAILABLE,WITHHELD_UNCERTAINTY
c5c60bc55b9914c34237e4abbc05532e05fadf6cd9d7da34de8d752469977824,CLOSEPACKING,555,charm_plus_anticharm_constituent_count,raw_count,count,0x0.0p+0,AVAILABLE,WITHHELD_UNCERTAINTY
5b6ce5c5400ed6e8ea50e82a84e14fd4974ab857a339d29cada98600e2ad4bd8,JUNCTIONS,555,charm_plus_anticharm_constituent_count,raw_count,count,0x0.0p+0,AVAILABLE,WITHHELD_UNCERTAINTY
79a90d351bf26ea5f05b23d2705a84b87d73b8819421c1484f8ad8ba91dc8a7d,MONASH,555,charm_plus_anticharm_constituent_count,raw_count,count,0x0.0p+0,AVAILABLE,WITHHELD_UNCERTAINTY
3be870dd5d76068c5108dc508e6b4d66da2711efbb85a4d2beb99a5e2787eaf7,CLOSEPACKING,555,charm_plus_anticharm_constituent_count,raw_weighted_sum,weighted_count,0x0.0p+0,AVAILABLE,WITHHELD_UNCERTAINTY
67e79fc0892c0601c206acde66abd19ebf036fd8a8e61a93153a8bdaeafd1687,JUNCTIONS,555,charm_plus_anticharm_constituent_count,raw_weighted_sum,weighted_count,0x0.0p+0,AVAILABLE,WITHHELD_UNCERTAINTY
0ddc07dff9a01cb49483d15924a61e973e7174c50a647513a57e98be8caaa555,MONASH,555,charm_plus_anticharm_constituent_count,raw_weighted_sum,weighted_count,0x0.0p+0,AVAILABLE,WITHHELD_UNCERTAINTY
46e68e8bf77c5d55cacef3c6fff22926a3d56e8b38b9d4bac8336d6225790822,CLOSEPACKING,555,hadron_count,normalized_yield,per_event,0x1.e2f95efc0ed9bp-14,AVAILABLE,AVAILABLE
da61ee4f729cfdedd79d7c5de29c75f661d1c12871ad90335337da83b77e01f2,JUNCTIONS,555,hadron_count,normalized_yield,per_event,0x1.fc394bfc01ee9p-14,AVAILABLE,AVAILABLE
6e15f9cfabead13de1f31094f35a4b0ae60d4bed0429cc9dce99206db26d3eda,MONASH,555,hadron_count,normalized_yield,per_event,0x1.c93898a2cea19p-14,AVAILABLE,AVAILABLE
f0d63416da984cb622a997727d0f4ad583df6b3895839971d3827da4ea41878b,CLOSEPACKING,555,hadron_count,raw_count,count,0x1.67d8000000000p+13,AVAILABLE,WITHHELD_UNCERTAINTY
89d3b61606469b8421e8e0ea78a6ac4c83b0359cd3e4da4232e32fca2dddee4e,JUNCTIONS,555,hadron_count,raw_count,count,0x1.7aa8000000000p+13,AVAILABLE,WITHHELD_UNCERTAINTY
4128cfa02e00ba10e2bc7bc88767a2c2bf684ad699f6226fce04b20405a27f41,MONASH,555,hadron_count,raw_count,count,0x1.54a8000000000p+13,AVAILABLE,WITHHELD_UNCERTAINTY
6309bfbca80c41457ca7a43c298de97f390b9e18a8aae239d6c6d063e66d7d6d,CLOSEPACKING,555,hadron_count,raw_weighted_sum,weighted_count,0x1.67d8000000000p+13,AVAILABLE,WITHHELD_UNCERTAINTY
0a37dd1abb03d274e483af4b5fe4d759ad81972f81f94e2efbc4462d65db8d54,JUNCTIONS,555,hadron_count,raw_weighted_sum,weighted_count,0x1.7aa8000000000p+13,AVAILABLE,WITHHELD_UNCERTAINTY
5896b6402bd88b1b4299c89eb3489136ed7d5270e27a03ffd96c8e2343a04ab2,MONASH,555,hadron_count,raw_weighted_sum,weighted_count,0x1.54a8000000000p+13,AVAILABLE,WITHHELD_UNCERTAINTY
