associate,campaign,class,delta,delta_sem,flagged_below_2sem,flavour,nominal_sem,nominal_status,nominal_yield,relative_shift_percent,relative_shift_undefined,significance,trigger,tune,variation_sem,variation_status,variation_yield
B-,HF_SYS_MUF_DOWN,c1,0.0019316936026935877,0.004644595440246637,True,BEAUTY,0.001676701366212794,PASS,0.10639730639730641,1.8155474683544162,False,0.41590136913862424,B^{+},CLOSEPACKING,0.00433139,PASS,0.108329
B-,HF_SYS_MUF_DOWN,c2,-0.000719199902625034,0.006446909726735805,True,BEAUTY,0.0023781473802480624,PASS,0.10475919990262503,-0.6865267234701479,False,0.11155730933263414,B^{+},CLOSEPACKING,0.00599225,PASS,0.10404
B-,HF_SYS_MUF_DOWN,c3,0.00252843208926512,0.0036310046822239476,True,BEAUTY,0.001218349191460408,PASS,0.09907656791073488,2.551998058252446,False,0.6963450368553327,B^{+},CLOSEPACKING,0.0034205,PASS,0.101605
B-,HF_SYS_MUF_DOWN,c4,-0.00048230491066977854,0.005395156711182469,True,BEAUTY,0.0014279735206638936,PASS,0.09831320491066978,-0.4905799898477674,False,0.08939590386134875,B^{+},CLOSEPACKING,0.00520275,PASS,0.0978309
B-,HF_SYS_MUF_DOWN,c5,-0.00037791671558537465,0.0029851478059347816,True,BEAUTY,0.0009439562184642044,PASS,0.09090761671558538,-0.4157151284338795,False,0.1265989961482099,B^{+},CLOSEPACKING,0.00283197,PASS,0.0905297
B-,HF_SYS_MUF_DOWN,c6,-0.006140623982869381,0.003267924141331703,True,BEAUTY,0.0009386431404418554,PASS,0.09100642398286939,-6.747462117647061,False,1.8790595244255064,B^{+},CLOSEPACKING,0.00313022,PASS,0.0848658
B-,HF_SYS_MUF_DOWN,c7,0.0031980090297810126,0.0020868124765070686,True,BEAUTY,0.0007056083206039759,PASS,0.08820359097021899,3.6257129608938334,False,1.5324851014566858,B^{+},CLOSEPACKING,0.0019639,PASS,0.0914016
B-,HF_SYS_MUF_DOWN,c8,0.0007824868898733406,0.0019341883060109777,True,BEAUTY,0.0006376721733066418,PASS,0.08418081311012666,0.9295311615126346,False,0.4045556926601021,B^{+},CLOSEPACKING,0.00182605,PASS,0.0849633
B-,HF_SYS_MUF_DOWN,c9,0.002033290891818404,0.0015885383729829494,True,BEAUTY,0.00044012480041383283,PASS,0.0815644091081816,2.492865349053878,False,1.2799759366217263,B^{+},CLOSEPACKING,0.00152635,PASS,0.0835977
B-,HF_SYS_MUF_DOWN,c10,0.003953501669238191,0.003332797577500682,True,BEAUTY,0.0005315865646293326,PASS,0.07840849833076181,5.0421851628385586,False,1.1862411614578119,B^{+},CLOSEPACKING,0.00329013,PASS,0.082362
B-,HF_SYS_MUF_DOWN,c11,0.0031758210181630636,0.0021098698037064567,True,BEAUTY,0.0009018735103063632,PASS,0.07794947898183693,4.0742042918632775,False,1.5052213234124807,B^{+},CLOSEPACKING,0.0019074,PASS,0.0811253
B-,HF_SYS_MUF_DOWN,MB,0.002836517817173395,0.0010083817454862496,False,BEAUTY,0.00023312900862161167,PASS,0.0854966821828266,3.317693441141691,False,2.8129404661184183,B^{+},CLOSEPACKING,0.000981063,PASS,0.0883332
B-,HF_SYS_MUF_DOWN,c1,-0.00481198334904176,0.005141891394300412,True,BEAUTY,0.001740855415558867,PASS,0.10889098334904176,-4.419083381419481,False,0.9358391650153595,B^{+},JUNCTIONS,0.00483823,PASS,0.104079
B-,HF_SYS_MUF_DOWN,c2,0.010628811045184844,0.004795663615309957,False,BEAUTY,0.0014109041834255668,PASS,0.10684618895481515,9.9477680478428,False,2.2163379039457243,B^{+},JUNCTIONS,0.00458342,PASS,0.117475
B-,HF_SYS_MUF_DOWN,c3,0.0010128172094539256,0.003712371158991041,True,BEAUTY,0.0011249889003934592,PASS,0.10105618279054607,1.0022318095599747,False,0.2728221845493466,B^{+},JUNCTIONS,0.00353781,PASS,0.102069
B-,HF_SYS_MUF_DOWN,c4,-0.010380371059597895,0.0036867172213212868,False,BEAUTY,0.0013986954214148806,PASS,0.10080847105959789,-10.297121809794167,False,2.815613576101088,B^{+},JUNCTIONS,0.00341109,PASS,0.0904281
B-,HF_SYS_MUF_DOWN,c5,-0.0016804125457668961,0.0024487107076878647,True,BEAUTY,0.0015424865696482429,PASS,0.0969130125457669,-1.7339390259624072,False,0.6862438018877226,B^{+},JUNCTIONS,0.00190182,PASS,0.0952326
B-,HF_SYS_MUF_DOWN,c6,-0.002235690390591072,0.0028238334550036498,True,BEAUTY,0.001052347093499978,PASS,0.09340439039059108,-2.3935602825970372,False,0.7917217591673381,B^{+},JUNCTIONS,0.00262042,PASS,0.0911687
B-,HF_SYS_MUF_DOWN,c7,-0.0022272031170114392,0.0030449322791760154,True,BEAUTY,0.0006427070217976796,PASS,0.08900990311701144,-2.502196990466985,False,0.7314458624393904,B^{+},JUNCTIONS,0.00297633,PASS,0.0867827
B-,HF_SYS_MUF_DOWN,c8,-0.003580562732636905,0.0022023482757385394,True,BEAUTY,0.0007164368597779697,PASS,0.0869187627326369,-4.119435919320154,False,1.625793146379717,B^{+},JUNCTIONS,0.00208256,PASS,0.0833382
B-,HF_SYS_MUF_DOWN,c9,-0.001137210801043273,0.0016950482158658874,True,BEAUTY,0.0009194631336329524,PASS,0.08332651080104328,-1.3647646950663326,False,0.6709017421444543,B^{+},JUNCTIONS,0.001424,PASS,0.0821893
B-,HF_SYS_MUF_DOWN,c10,0.0010153753480482142,0.0021716939837303525,True,BEAUTY,0.0005573720987550507,PASS,0.08119342465195178,1.2505635184139334,False,0.4675499198575336,B^{+},JUNCTIONS,0.00209895,PASS,0.0822088
B-,HF_SYS_MUF_DOWN,c11,0.007865265167850091,0.0030976636580357254,False,BEAUTY,0.0006448034601452383,PASS,0.0803441348321499,9.78947023859517,False,2.539095923938228,B^{+},JUNCTIONS,0.00302981,PASS,0.0882094
B-,HF_SYS_MUF_DOWN,MB,0.0011013953912852037,0.000978928028032674,True,BEAUTY,0.0003470366861989376,PASS,0.0873033046087148,1.2615735409118294,False,1.1251035415735813,B^{+},JUNCTIONS,0.00091535,PASS,0.0884047
B-,HF_SYS_MUF_DOWN,c1,-0.007144769547325125,0.004609022742286045,True,BEAUTY,0.0015343548031697136,PASS,0.11399176954732512,-6.2677942238267335,False,1.5501701655265354,B^{+},MONASH,0.00434613,PASS,0.106847
B-,HF_SYS_MUF_DOWN,c2,-0.00415407825529189,0.003556445249473706,True,BEAUTY,0.0023448555795409,PASS,0.11164207825529189,-3.7208893995978483,False,1.1680422342805992,B^{+},MONASH,0.00267394,PASS,0.107488
B-,HF_SYS_MUF_DOWN,c3,-0.001135220489916336,0.0022403836934187286,True,BEAUTY,0.0008885436799823304,PASS,0.11503522048991634,-0.9868460155781995,False,0.5067080666812204,B^{+},MONASH,0.00205665,PASS,0.1139
B-,HF_SYS_MUF_DOWN,c4,-0.004459483985486415,0.003677788676473001,True,BEAUTY,0.0016194633022063283,PASS,0.11535148398548642,-3.8659961982348743,False,1.2125449224459137,B^{+},MONASH,0.00330204,PASS,0.110892
B-,HF_SYS_MUF_DOWN,c5,0.0026124572468162605,0.0034823492232186073,True,BEAUTY,0.0018172699269924754,PASS,0.11514554275318374,2.2688305464121203,False,0.7501996725077625,B^{+},MONASH,0.00297057,PASS,0.117758
B-,HF_SYS_MUF_DOWN,c6,-0.003209657204714944,0.0029465840132615003,True,BEAUTY,0.001234332005219118,PASS,0.11752465720471494,-2.731050046054656,False,1.0892807367003443,B^{+},MONASH,0.00267559,PASS,0.114315
B-,HF_SYS_MUF_DOWN,c7,-0.005688968784967385,0.00261884237691131,False,BEAUTY,0.0008105801240509663,PASS,0.11567696878496739,-4.91797878585723,False,2.1723219522959663,B^{+},MONASH,0.00249024,PASS,0.109988
B-,HF_SYS_MUF_DOWN,c8,0.00038707050234783325,0.0018544669498778022,True,BEAUTY,0.0006201551242947836,PASS,0.11529892949765216,0.3357104042806531,False,0.20872332201624771,B^{+},MONASH,0.0017477,PASS,0.115686
B-,HF_SYS_MUF_DOWN,c9,-0.006128986135715969,0.0013976742907906756,False,BEAUTY,0.00032253592146800974,PASS,0.11645998613571597,-5.262739880952408,False,4.3851319124205625,B^{+},MONASH,0.00135995,PASS,0.110331
B-,HF_SYS_MUF_DOWN,c10,-0.0015246286970268114,0.0018302116165309827,True,BEAUTY,0.0005788872936806897,PASS,0.11658962869702681,-1.3076880971880918,False,0.8330341055951885,B^{+},MONASH,0.00173625,PASS,0.115065
B-,HF_SYS_MUF_DOWN,c11,0.004133693983423503,0.0026762923077683085,True,BEAUTY,0.000695319239284961,PASS,0.11801730601657649,3.5026167965932826,False,1.5445599762869269,B^{+},MONASH,0.00258439,PASS,0.122151
B-,HF_SYS_MUF_DOWN,MB,-0.002400533527288057,0.0007432167234659919,False,BEAUTY,0.0002682482989294147,PASS,0.11625153352728805,-2.064947837203862,False,3.2299239932238963,B^{+},MONASH,0.000693119,PASS,0.113851
Lambda_b,HF_SYS_MUF_DOWN,c1,-0.0003541563411896785,0.0019690529656889643,True,BEAUTY,0.0009353532154157095,PASS,0.023007856341189677,-1.5392843902439195,False,0.17986125683813717,B^{+},CLOSEPACKING,0.00173271,PASS,0.0226537
Lambda_b,HF_SYS_MUF_DOWN,c2,0.0012868145048078906,0.0018241855599874955,True,BEAUTY,0.0009494100456424991,PASS,0.02142248549519211,6.0068403598485,False,0.7054186443711963,B^{+},CLOSEPACKING,0.00155765,PASS,0.0227093
Lambda_b,HF_SYS_MUF_DOWN,c3,0.0017520471859806194,0.001389627771571575,True,BEAUTY,0.0007092870667952299,PASS,0.02284095281401938,7.670639663093403,False,1.2608032322203613,B^{+},CLOSEPACKING,0.00119498,PASS,0.024593
Lambda_b,HF_SYS_MUF_DOWN,c4,0.0039861581195728135,0.0018388120517626432,False,BEAUTY,0.0009017357488796491,PASS,0.025451641880427187,15.661693411764714,False,2.167789859627999,B^{+},CLOSEPACKING,0.00160253,PASS,0.0294378
Lambda_b,HF_SYS_MUF_DOWN,c5,-5.947341203561482e-05,0.0025702713738075663,True,BEAUTY,0.0004602934896504993,PASS,0.026918773412035614,-0.22093656024097943,False,0.023138962150720952,B^{+},CLOSEPACKING,0.00252872,PASS,0.0268593
Lambda_b,HF_SYS_MUF_DOWN,c6,-0.00048073942562036967,0.002659814383537139,True,BEAUTY,0.000546764569783973,PASS,0.02933303942562037,-1.6389008266237737,False,0.18074171964626384,B^{+},CLOSEPACKING,0.00260301,PASS,0.0288523
Lambda_b,HF_SYS_MUF_DOWN,c7,0.0006211385059182346,0.0014437456904543044,True,BEAUTY,0.0006104276338808525,PASS,0.03097186149408177,2.005492973152177,False,0.43022708917855235,B^{+},CLOSEPACKING,0.00130835,PASS,0.031593
Lambda_b,HF_SYS_MUF_DOWN,c8,-0.00039088392598109895,0.0015534584989654258,True,BEAUTY,0.0006574659741065797,PASS,0.0336299839259811,-1.1623077990207382,False,0.25162173707338836,B^{+},CLOSEPACKING,0.00140747,PASS,0.0332391
Lambda_b,HF_SYS_MUF_DOWN,c9,-0.0005112834000760014,0.001465535840720926,True,BEAUTY,0.0005701809322816671,PASS,0.036198883400076,-1.4124286498708076,False,0.34887130418079093,B^{+},CLOSEPACKING,0.00135007,PASS,0.0356876
Lambda_b,HF_SYS_MUF_DOWN,c10,-0.00031557138533325896,0.0011880500524326617,True,BEAUTY,0.0003186126271591417,PASS,0.03814787138533326,-0.8272319630777274,False,0.2656212881663464,B^{+},CLOSEPACKING,0.00114453,PASS,0.0378323
Lambda_b,HF_SYS_MUF_DOWN,c11,-0.003586607339419949,0.002071500724719569,True,BEAUTY,0.0005760996477291917,PASS,0.039242507339419946,-9.139597804998369,False,1.731405302745182,B^{+},CLOSEPACKING,0.00198978,PASS,0.0356559
Lambda_b,HF_SYS_MUF_DOWN,MB,-0.0012133381301376658,0.0006520495823096671,True,BEAUTY,0.00022178538321136336,PASS,0.033295038130137664,-3.644201053007321,False,1.8608065445572746,B^{+},CLOSEPACKING,0.000613172,PASS,0.0320817
Lambda_b,HF_SYS_MUF_DOWN,c1,0.004138158498272083,0.002007292054359699,False,BEAUTY,0.0006586339240394317,PASS,0.02331134150172792,17.751696091644266,False,2.0615627353699177,B^{+},JUNCTIONS,0.00189616,PASS,0.0274495
Lambda_b,HF_SYS_MUF_DOWN,c2,-0.002856687950707447,0.003038713607850998,True,BEAUTY,0.0009425105134898106,PASS,0.025650387950707447,-11.137016548042732,False,0.9400977911596344,B^{+},JUNCTIONS,0.00288885,PASS,0.0227937
Lambda_b,HF_SYS_MUF_DOWN,c3,0.0013005227740612232,0.002093560290048459,True,BEAUTY,0.0006119069442879285,PASS,0.025244877225938777,5.15163041761579,False,0.6212014911837673,B^{+},JUNCTIONS,0.00200214,PASS,0.0265454
Lambda_b,HF_SYS_MUF_DOWN,c4,-0.0014798840237533056,0.0017914925359991932,True,BEAUTY,0.0008038933427643372,PASS,0.026972884023753304,-5.4865620689655055,False,0.8260620650188253,B^{+},JUNCTIONS,0.001601,PASS,0.025493
Lambda_b,HF_SYS_MUF_DOWN,c5,0.0018434104183657624,0.0017476772096201574,True,BEAUTY,0.0007537927642433957,PASS,0.028787589581634236,6.403489993972306,False,1.0547773972325312,B^{+},JUNCTIONS,0.00157676,PASS,0.030631
Lambda_b,HF_SYS_MUF_DOWN,c6,0.0007871965150857071,0.001392559047801449,True,BEAUTY,0.000515677445709698,PASS,0.03097330348491429,2.541532308522129,False,0.5652877099384195,B^{+},JUNCTIONS,0.00129356,PASS,0.0317605
Lambda_b,HF_SYS_MUF_DOWN,c7,-0.002021436942278361,0.001806182357582295,True,BEAUTY,0.0005578993898917058,PASS,0.03356533694227836,-6.022394310399999,False,1.1191765514663756,B^{+},JUNCTIONS,0.00171786,PASS,0.0315439
Lambda_b,HF_SYS_MUF_DOWN,c8,2.4891459900831803e-05,0.0013726047668298216,True,BEAUTY,0.00030565533910590975,PASS,0.03509540854009917,0.07092511794638726,False,0.018134469952571494,B^{+},JUNCTIONS,0.00133814,PASS,0.0351203
Lambda_b,HF_SYS_MUF_DOWN,c9,-0.004162397508801062,0.0015528242475972476,False,BEAUTY,0.0007443198558589969,PASS,0.03871299750880106,-10.751938048338358,False,2.6805335602156655,B^{+},JUNCTIONS,0.00136281,PASS,0.0345506
Lambda_b,HF_SYS_MUF_DOWN,c10,-0.0015108571624327036,0.001058059285484241,True,BEAUTY,0.0005709769659236898,PASS,0.0415365571624327,-3.6374154856512333,False,1.427951328588578,B^{+},JUNCTIONS,0.000890772,PASS,0.0400257
Lambda_b,HF_SYS_MUF_DOWN,c11,-0.003961908943313844,0.0013455617991006406,False,BEAUTY,0.00038752477688394654,PASS,0.043640508943313845,-9.078512233805759,False,2.9444273358250377,B^{+},JUNCTIONS,0.00128855,PASS,0.0396786
Lambda_b,HF_SYS_MUF_DOWN,MB,-0.002505895608830279,0.000497079868896072,False,BEAUTY,0.00030652287193737467,PASS,0.03653049560883028,-6.859736138440303,False,5.041233342230168,B^{+},JUNCTIONS,0.000391321,PASS,0.0340246
Lambda_b,HF_SYS_MUF_DOWN,c1,0.001998566327765669,0.0012517608218298277,True,BEAUTY,0.0006938236236019105,PASS,0.02125393367223433,9.40327733485191,False,1.596603994079443,B^{+},MONASH,0.00104188,PASS,0.0232525
Lambda_b,HF_SYS_MUF_DOWN,c2,0.001314902309172538,0.0027984225203653945,True,BEAUTY,0.0008398286001251731,PASS,0.01982039769082746,6.6340864077669455,False,0.46987268705972574,B^{+},MONASH,0.00266943,PASS,0.0211353
Lambda_b,HF_SYS_MUF_DOWN,c3,-0.001668342352811436,0.0012383158124317643,True,BEAUTY,0.0004961851042892566,PASS,0.019533242352811436,-8.541041587861681,False,1.347267260954376,B^{+},MONASH,0.00113456,PASS,0.0178649
Lambda_b,HF_SYS_MUF_DOWN,c4,-0.0019233048918008873,0.0013511655421571804,True,BEAUTY,0.0006547440701624621,PASS,0.020021404891800886,-9.60624342894396,False,1.423441341414219,B^{+},MONASH,0.00118193,PASS,0.0180981
Lambda_b,HF_SYS_MUF_DOWN,c5,0.0017185510814635187,0.001201552570076555,True,BEAUTY,0.0004017165301024778,PASS,0.01901404891853648,9.038322604651192,False,1.430275398898297,B^{+},MONASH,0.00113241,PASS,0.0207326
Lambda_b,HF_SYS_MUF_DOWN,c6,0.0006871174645176788,0.001273333653941805,True,BEAUTY,0.0005025423299193692,PASS,0.018871782535482322,3.640978075207126,False,0.5396209095633328,B^{+},MONASH,0.00116997,PASS,0.0195589
Lambda_b,HF_SYS_MUF_DOWN,c7,-0.0008746952193540818,0.0012413260333892214,True,BEAUTY,0.00023577003259493898,PASS,0.019446695219354083,-4.497911904761854,False,0.7046458350397123,B^{+},MONASH,0.00121873,PASS,0.018572
Lambda_b,HF_SYS_MUF_DOWN,c8,-0.000490952280958315,0.0011891457632205863,True,BEAUTY,0.0002814032858469685,PASS,0.019799152280958316,-2.4796631390652246,False,0.41286131283742666,B^{+},MONASH,0.00115537,PASS,0.0193082
Lambda_b,HF_SYS_MUF_DOWN,c9,0.000338601815734748,0.0006414148135360864,True,BEAUTY,0.00020835787991706082,PASS,0.019462698184265253,1.739747554676118,False,0.5278983406511207,B^{+},MONASH,0.00060663,PASS,0.0198013
Lambda_b,HF_SYS_MUF_DOWN,c10,0.00026081816410325476,0.000952319445200467,True,BEAUTY,0.00011308801061971646,PASS,0.019260081835896746,1.3541903213367688,False,0.2738767599650887,B^{+},MONASH,0.000945581,PASS,0.0195209
Lambda_b,HF_SYS_MUF_DOWN,c11,0.0017809290027762555,0.001043425987918246,True,BEAUTY,0.0003098588606562151,PASS,0.019109570997223744,9.319565588547174,False,1.7068091301132071,B^{+},MONASH,0.000996356,PASS,0.0208905
Lambda_b,HF_SYS_MUF_DOWN,MB,0.00027856094500332274,0.0002928400398266049,True,BEAUTY,9.650098256830112e-05,PASS,0.019420239054996676,1.4343847375640373,False,0.9512392675819296,B^{+},MONASH,0.000276483,PASS,0.0196988
D-,HF_SYS_MUF_DOWN,c1,-0.002416510852702558,0.000995860749019368,False,CHARM,0.00023349736923018277,PASS,0.17961051085270255,-1.345417281666953,False,2.4265549727530837,D^{+},CLOSEPACKING,0.0009681,PASS,0.177194
D-,HF_SYS_MUF_DOWN,c2,-0.0035937582525792933,0.0011450501767723696,False,CHARM,0.0005345850234774958,PASS,0.1782937582525793,-2.0156388466993933,False,3.138515958059814,D^{+},CLOSEPACKING,0.0010126,PASS,0.1747
D-,HF_SYS_MUF_DOWN,c3,-0.0001361002394262012,0.0007231970809967743,True,CHARM,0.00024103103360616213,PASS,0.1759331002394262,-0.07735908663064725,False,0.1881924623349085,D^{+},CLOSEPACKING,0.000681849,PASS,0.175797
D-,HF_SYS_MUF_DOWN,c4,-0.0010592619631617783,0.0015340548517882892,True,CHARM,0.0003446413537217927,PASS,0.1737752619631618,-0.6095585477444591,False,0.6904981017640719,D^{+},CLOSEPACKING,0.00149484,PASS,0.172716
D-,HF_SYS_MUF_DOWN,c5,0.003571916715065987,0.0013871011430167822,False,CHARM,0.00023903401109144176,PASS,0.17244208328493402,2.0713718177273144,False,2.5750946375096246,D^{+},CLOSEPACKING,0.00136635,PASS,0.176014
D-,HF_SYS_MUF_DOWN,c6,0.002231677385715891,0.0012017280003955124,True,CHARM,0.00037037191312867763,PASS,0.16971132261428412,1.3149843813238051,False,1.8570569920825695,D^{+},CLOSEPACKING,0.00114323,PASS,0.171943
D-,HF_SYS_MUF_DOWN,c7,0.005619160172486204,0.0009039590227064671,False,CHARM,0.00032798614996434097,PASS,0.1689968398275138,3.325009022784915,False,6.216166918343657,D^{+},CLOSEPACKING,0.000842358,PASS,0.174616
D-,HF_SYS_MUF_DOWN,c8,0.0058947802638970315,0.0012508364770772457,False,CHARM,0.0003120391454401431,PASS,0.16868321973610298,3.494586048997132,False,4.7126705783884795,D^{+},CLOSEPACKING,0.00121129,PASS,0.174578
D-,HF_SYS_MUF_DOWN,c9,0.007431239356662206,0.002064390655855887,False,CHARM,0.0004588092875968174,PASS,0.1700757606433378,4.3693700551756445,False,3.5997253405418306,D^{+},CLOSEPACKING,0.00201276,PASS,0.177507
D-,HF_SYS_MUF_DOWN,c10,0.011642733455458049,0.0022603577076152855,False,CHARM,0.0005017302118428087,PASS,0.17345426654454196,6.712278508564832,False,5.150836708823987,D^{+},CLOSEPACKING,0.00220397,PASS,0.185097
D-,HF_SYS_MUF_DOWN,c11,0.013538968837357529,0.0035997073049408297,False,CHARM,0.0005044227643003137,PASS,0.17969203116264248,7.534540485606267,False,3.761130472684383,D^{+},CLOSEPACKING,0.00356419,PASS,0.193231
D-,HF_SYS_MUF_DOWN,MB,0.0026068031280070125,0.00022881211453306934,False,CHARM,9.871019771074541e-05,PASS,0.17347719687199298,1.5026776861805908,False,11.392767088957003,D^{+},CLOSEPACKING,0.000206425,PASS,0.176084
D-,HF_SYS_MUF_DOWN,c1,-0.0018638639341086172,0.0009198432708308486,False,CHARM,0.0004281097214229009,PASS,0.1801638639341086,-1.0345381662053434,False,2.0262842521259974,D^{+},JUNCTIONS,0.000814146,PASS,0.1783
D-,HF_SYS_MUF_DOWN,c2,-0.0029892752351647345,0.00121817601342469,False,CHARM,0.0002491254599258585,PASS,0.17884927523516472,-1.671393541424312,False,2.4538943487820837,D^{+},JUNCTIONS,0.00119243,PASS,0.17586
D-,HF_SYS_MUF_DOWN,c3,-0.0017648642818411109,0.0010168157045647257,True,CHARM,0.0003504337849130123,PASS,0.17665086428184112,-0.9990691463729966,False,1.7356776394367421,D^{+},JUNCTIONS,0.000954521,PASS,0.174886
D-,HF_SYS_MUF_DOWN,c4,0.0003073104288820183,0.002167620589402322,True,CHARM,0.000518231957718618,PASS,0.174327689571118,0.1762831995525583,False,0.14177316380204388,D^{+},JUNCTIONS,0.00210476,PASS,0.174635
D-,HF_SYS_MUF_DOWN,c5,0.00020733552532939403,0.0012398129347859273,True,CHARM,0.00021293797491874072,PASS,0.1724606644746706,0.12022192188633572,False,0.1672312971675793,D^{+},JUNCTIONS,0.00122139,PASS,0.172668
D-,HF_SYS_MUF_DOWN,c6,0.0029404098714887195,0.0011139165129202227,False,CHARM,0.00043830481876925404,PASS,0.1718275901285113,1.7112559567934127,False,2.6397039970079947,D^{+},JUNCTIONS,0.00102406,PASS,0.174768
D-,HF_SYS_MUF_DOWN,c7,0.0060930462258540485,0.0014433375309282025,False,CHARM,0.00037571001022852735,PASS,0.16994595377414595,3.5852846687668474,False,4.221497809965244,D^{+},JUNCTIONS,0.00139358,PASS,0.176039
D-,HF_SYS_MUF_DOWN,c8,0.005899840656522937,0.001968709636089043,False,CHARM,0.00043987146716950327,PASS,0.17049315934347706,3.4604559380808144,False,2.996805901881659,D^{+},JUNCTIONS,0.00191894,PASS,0.176393
D-,HF_SYS_MUF_DOWN,c9,0.009236862951533809,0.0018409278476791866,False,CHARM,0.00048518824672566253,PASS,0.16943013704846618,5.4517237089240895,False,5.017504060888915,D^{+},JUNCTIONS,0.00177584,PASS,0.178667
D-,HF_SYS_MUF_DOWN,c10,0.007756230774876499,0.0024554875007309737,False,CHARM,0.0006300860047216141,PASS,0.1730157692251235,4.4829617610082115,False,3.158733560063958,D^{+},JUNCTIONS,0.00237327,PASS,0.180772
D-,HF_SYS_MUF_DOWN,c11,0.01232847340744192,0.002437852562850536,False,CHARM,0.0007016416665199743,PASS,0.17949352659255807,6.8684780122611215,False,5.057103778674155,D^{+},JUNCTIONS,0.0023347,PASS,0.191822
D-,HF_SYS_MUF_DOWN,MB,0.00249823421174028,0.0004277741492597373,False,CHARM,0.00012988801596333668,PASS,0.1739737657882597,1.4359832934701404,False,5.840077564442526,D^{+},JUNCTIONS,0.000407578,PASS,0.176472
D-,HF_SYS_MUF_DOWN,c1,-0.003167563675193885,0.0006722031077839744,False,CHARM,0.00033590570038395234,PASS,0.18888156367519388,-1.6770105104810114,False,4.712212184850302,D^{+},MONASH,0.000582258,PASS,0.185714
D-,HF_SYS_MUF_DOWN,c2,-0.001875167301271713,0.00117513278592535,True,CHARM,0.0004754397427189635,PASS,0.18785416730127172,-0.9982037280356988,False,1.5957067352138643,D^{+},MONASH,0.00107466,PASS,0.185979
D-,HF_SYS_MUF_DOWN,c3,-0.002312635804016777,0.000760842315330275,False,CHARM,0.00033778390473368275,PASS,0.18851263580401678,-1.2267802601948978,False,3.0395730592519454,D^{+},MONASH,0.00068175,PASS,0.1862
D-,HF_SYS_MUF_DOWN,c4,-0.003357513078747487,0.001329686704790352,False,CHARM,0.0002484985820809129,PASS,0.1903615130787475,-1.7637562469670922,False,2.525040723240785,D^{+},MONASH,0.00130626,PASS,0.187004
D-,HF_SYS_MUF_DOWN,c5,-0.0013563062145896254,0.0007563474902962091,True,CHARM,0.0003809421189332759,PASS,0.19222730621458964,-0.7055741670101419,False,1.793231592608913,D^{+},MONASH,0.00065341,PASS,0.190871
D-,HF_SYS_MUF_DOWN,c6,0.002072564735055904,0.0013592161149474993,True,CHARM,0.0004642616139990186,PASS,0.1930014352649441,1.0738597524991336,False,1.5248235451769627,D^{+},MONASH,0.00127747,PASS,0.195074
D-,HF_SYS_MUF_DOWN,c7,-0.0012328646861657633,0.0010075483246869907,True,CHARM,0.00032758578621570504,PASS,0.19487486468616577,-0.6326442808061561,False,1.2236283421430634,D^{+},MONASH,0.000952807,PASS,0.193642
D-,HF_SYS_MUF_DOWN,c8,0.0011959745447291115,0.0011956373888228687,True,CHARM,0.00040954048572902765,PASS,0.19728302545527088,0.6062227310074731,False,1.0002819884267542,D^{+},MONASH,0.00112331,PASS,0.198479
D-,HF_SYS_MUF_DOWN,c9,0.0034082731710139147,0.001734063613493527,True,CHARM,0.0005516993148828696,PASS,0.20004772682898608,1.7037300173510745,False,1.9654833562578744,D^{+},MONASH,0.00164396,PASS,0.203456
D-,HF_SYS_MUF_DOWN,c10,-0.0002957774547208136,0.0025314303977123634,True,CHARM,0.0007727843880165889,PASS,0.2042507774547208,-0.14481093213286927,False,0.11684202535772097,D^{+},MONASH,0.00241059,PASS,0.203955
D-,HF_SYS_MUF_DOWN,c11,-0.001273033950139807,0.004220004179258657,True,CHARM,0.0005633715470810793,PASS,0.2086940339501398,-0.6100001643765026,False,0.30166651407521716,D^{+},MONASH,0.00418223,PASS,0.207421
D-,HF_SYS_MUF_DOWN,MB,-0.0023079569742416595,0.00032206384109432763,False,CHARM,0.00012214958755326323,PASS,0.19344595697424166,-1.1930758390308338,False,7.1661474520068635,D^{+},MONASH,0.000298001,PASS,0.191138
Lambda_c(+)-bar,HF_SYS_MUF_DOWN,c1,-0.0008097105685141229,0.00031317206751189106,False,CHARM,9.350564207935501e-05,PASS,0.019081810568514122,-4.24336341463416,False,2.5855133727192268,D^{+},CLOSEPACKING,0.000298887,PASS,0.0182721
Lambda_c(+)-bar,HF_SYS_MUF_DOWN,c2,-0.0007877574648076403,0.00038578657421136985,False,CHARM,0.00010346296499590948,PASS,0.01850815746480764,-4.256271680773858,False,2.041951476455563,D^{+},CLOSEPACKING,0.000371654,PASS,0.0177204
Lambda_c(+)-bar,HF_SYS_MUF_DOWN,c3,-0.0007464200906418944,0.0003092614028302409,False,CHARM,6.544246875331439e-05,PASS,0.018675020090641894,-3.996890429134947,False,2.4135572166812476,D^{+},CLOSEPACKING,0.000302258,PASS,0.0179286
Lambda_c(+)-bar,HF_SYS_MUF_DOWN,c4,-0.0002645447402655106,0.0005066242126381292,True,CHARM,0.00010497612676320432,PASS,0.01916284474026551,-1.3805087076118803,False,0.5221715300339765,D^{+},CLOSEPACKING,0.000495629,PASS,0.0188983
Lambda_c(+)-bar,HF_SYS_MUF_DOWN,c5,-0.001093861627285999,0.00037032924981002995,False,CHARM,0.00010856650450695932,PASS,0.020208661627286,-5.412835582387369,False,2.9537543357623623,D^{+},CLOSEPACKING,0.000354058,PASS,0.0191148
Lambda_c(+)-bar,HF_SYS_MUF_DOWN,c6,-0.0007577149257602389,0.00042393023216205736,True,CHARM,9.801422654378224e-05,PASS,0.02116651492576024,-3.5797812177293236,False,1.7873576081042137,D^{+},CLOSEPACKING,0.000412444,PASS,0.0204088
Lambda_c(+)-bar,HF_SYS_MUF_DOWN,c7,-0.0009734999112661,0.00039839469591887563,False,CHARM,0.00011843930011737374,PASS,0.0216860999112661,-4.489050199203219,False,2.44355640584214,D^{+},CLOSEPACKING,0.000380382,PASS,0.0207126
Lambda_c(+)-bar,HF_SYS_MUF_DOWN,c8,-0.0018311020502971044,0.0008990494796315629,False,CHARM,0.00013017790212161267,PASS,0.022934102050297105,-7.984188987566587,False,2.0367088706257896,D^{+},CLOSEPACKING,0.000889575,PASS,0.021103
Lambda_c(+)-bar,HF_SYS_MUF_DOWN,c9,-0.0015225317967946482,0.0005820574433663696,False,CHARM,0.00014698856593012454,PASS,0.023677731796794648,-6.430226551517742,False,2.615775838187001,D^{+},CLOSEPACKING,0.000563192,PASS,0.0221552
Lambda_c(+)-bar,HF_SYS_MUF_DOWN,c10,-0.0020005255285242968,0.001010059133405472,True,CHARM,0.00017206776557744102,PASS,0.023826225528524297,-8.396317436554549,False,1.9806023849112782,D^{+},CLOSEPACKING,0.000995295,PASS,0.0218257
Lambda_c(+)-bar,HF_SYS_MUF_DOWN,c11,0.0012780725085300114,0.0011468821934317189,True,CHARM,0.00027542211823081754,PASS,0.023714227491469987,5.389475617494749,False,1.1143886580937687,D^{+},CLOSEPACKING,0.00111332,PASS,0.0249923
Lambda_c(+)-bar,HF_SYS_MUF_DOWN,MB,-0.0012890042672575215,0.00013816077380235045,False,CHARM,3.961016405752752e-05,PASS,0.02075770426725752,-6.20976313498575,False,9.329741226706943,D^{+},CLOSEPACKING,0.000132361,PASS,0.0194687
Lambda_c(+)-bar,HF_SYS_MUF_DOWN,c1,-0.00046187101076703915,0.00037466712677984625,True,CHARM,0.0001641501064680293,PASS,0.02105697101076704,-2.19343518367799,False,1.232750294205645,D^{+},JUNCTIONS,0.000336794,PASS,0.0205951
Lambda_c(+)-bar,HF_SYS_MUF_DOWN,c2,-0.0003902423979595046,0.0005916089186246865,True,CHARM,0.00014797530260239692,PASS,0.020303442397959504,-1.9220504105191738,False,0.6596289975930405,D^{+},JUNCTIONS,0.000572804,PASS,0.0199132
Lambda_c(+)-bar,HF_SYS_MUF_DOWN,c3,-0.0011612474292770174,0.0004783820674778693,False,CHARM,0.00015761856992245772,PASS,0.020723647429277018,-5.603489604037959,False,2.427447657892692,D^{+},JUNCTIONS,0.00045167,PASS,0.0195624
Lambda_c(+)-bar,HF_SYS_MUF_DOWN,c4,-0.0015531456090651583,0.0003891636444876253,False,CHARM,0.00013004039278197686,PASS,0.02192634560906516,-7.083467700258408,False,3.9909833075749845,D^{+},JUNCTIONS,0.000366794,PASS,0.0203732
Lambda_c(+)-bar,HF_SYS_MUF_DOWN,c5,-0.0008192026506896391,0.0005566682197686051,True,CHARM,0.00010731572030391429,PASS,0.02302580265068964,-3.5577593672509975,False,1.4716174223672476,D^{+},JUNCTIONS,0.000546226,PASS,0.0222066
Lambda_c(+)-bar,HF_SYS_MUF_DOWN,c6,-0.0011730236665529366,0.0005148084887203186,False,CHARM,0.00015095240196332866,PASS,0.024178323666552936,-4.851550846660382,False,2.2785631788410705,D^{+},JUNCTIONS,0.00049218,PASS,0.0230053
Lambda_c(+)-bar,HF_SYS_MUF_DOWN,c7,-0.0011794611011995589,0.0007740507025660665,True,CHARM,0.00011057528475668086,PASS,0.02539926110119956,-4.643682729588757,False,1.5237517352409997,D^{+},JUNCTIONS,0.000766112,PASS,0.0242198
Lambda_c(+)-bar,HF_SYS_MUF_DOWN,c8,-0.0001710104860047322,0.0006576239362633921,True,CHARM,0.00018834403566494475,PASS,0.026458710486004733,-0.646329631578938,False,0.2600429768058791,D^{+},JUNCTIONS,0.000630076,PASS,0.0262877
Lambda_c(+)-bar,HF_SYS_MUF_DOWN,c9,-0.0025164689840866464,0.0008273397734227693,False,CHARM,9.939922674869792e-05,PASS,0.027858768984086648,-9.032951116842568,False,3.041639076138958,D^{+},JUNCTIONS,0.000821347,PASS,0.0253423
Lambda_c(+)-bar,HF_SYS_MUF_DOWN,c10,-0.0015301751695755567,0.000992670553889226,True,CHARM,0.00025838845224727524,PASS,0.029223175169575556,-5.236170131056232,False,1.5414733151702937,D^{+},JUNCTIONS,0.000958452,PASS,0.027693
Lambda_c(+)-bar,HF_SYS_MUF_DOWN,c11,-0.0016164581042401559,0.0010460121959533677,True,CHARM,0.0003597837100025329,PASS,0.028907758104240157,-5.591779543786399,False,1.5453530183430282,D^{+},JUNCTIONS,0.00098219,PASS,0.0272913
Lambda_c(+)-bar,HF_SYS_MUF_DOWN,MB,-0.001582924372891363,0.00014054258688665045,False,CHARM,2.9563631792993432e-05,PASS,0.024020824372891363,-6.589800367874835,False,11.262951735533468,D^{+},JUNCTIONS,0.000137398,PASS,0.0224379
Lambda_c(+)-bar,HF_SYS_MUF_DOWN,c1,-0.0008231903415509903,0.0003103387290324462,False,CHARM,7.986184300699585e-05,PASS,0.02076729034155099,-3.963879389233362,False,2.6525543367322517,D^{+},MONASH,0.000299887,PASS,0.0199441
Lambda_c(+)-bar,HF_SYS_MUF_DOWN,c2,-0.00017157068466268355,0.0003828293014200114,True,CHARM,0.00014982393530318824,PASS,0.018778770684662684,-0.9136417263075248,False,0.44816497594694077,D^{+},MONASH,0.000352294,PASS,0.0186072
Lambda_c(+)-bar,HF_SYS_MUF_DOWN,c3,-0.0006039375902830539,0.0002314367489403105,False,CHARM,7.458537952615321e-05,PASS,0.018277437590283056,-3.3042793186946997,False,2.609514664582566,D^{+},MONASH,0.000219089,PASS,0.0176735
Lambda_c(+)-bar,HF_SYS_MUF_DOWN,c4,0.00023498929983157071,0.00042599082408642443,True,CHARM,0.000157075693631545,PASS,0.01803591070016843,1.3028967804180593,False,0.5516299566675559,D^{+},MONASH,0.000395974,PASS,0.0182709
Lambda_c(+)-bar,HF_SYS_MUF_DOWN,c5,-0.0004629050017156064,0.00023122655054075422,False,CHARM,9.732375694544452e-05,PASS,0.018294705001715605,-2.530267646689012,False,2.001954363082618,D^{+},MONASH,0.000209747,PASS,0.0178318
Lambda_c(+)-bar,HF_SYS_MUF_DOWN,c6,2.34341694724631e-05,0.00036692674519531973,True,CHARM,0.00011302918775091287,PASS,0.018419365830527536,0.12722571280724673,False,0.06386607076022435,D^{+},MONASH,0.000349084,PASS,0.0184428
Lambda_c(+)-bar,HF_SYS_MUF_DOWN,c7,0.0006555029596968104,0.00040560433943766515,True,CHARM,0.00010789308638492427,PASS,0.01845899704030319,3.5511298813559145,False,1.6161142669371036,D^{+},MONASH,0.000390991,PASS,0.0191145
Lambda_c(+)-bar,HF_SYS_MUF_DOWN,c8,0.00010441896707585538,0.0007412591282151625,True,CHARM,0.00013134334494866,PASS,0.019037681032924143,0.548485747267596,False,0.14086702355663414,D^{+},MONASH,0.00072953,PASS,0.0191421
Lambda_c(+)-bar,HF_SYS_MUF_DOWN,c9,0.0005052363302407333,0.0004943318817280841,True,CHARM,0.0001628198814298443,PASS,0.019351963669759265,2.6107755205754697,False,1.0220589626437393,D^{+},MONASH,0.000466748,PASS,0.0198572
Lambda_c(+)-bar,HF_SYS_MUF_DOWN,c10,0.0011147359797485726,0.0007139001757315885,True,CHARM,0.00017086994589333968,PASS,0.01974566402025143,5.645472234336023,False,1.561473183006597,D^{+},MONASH,0.00069315,PASS,0.0208604
Lambda_c(+)-bar,HF_SYS_MUF_DOWN,c11,0.000505687088095029,0.001156091822171637,True,CHARM,0.0002991400055026667,PASS,0.02009161291190497,2.5169063843321013,False,0.4374108339812762,D^{+},MONASH,0.00111672,PASS,0.0205973
Lambda_c(+)-bar,HF_SYS_MUF_DOWN,MB,-0.00011208297796575645,0.00014078797658539235,True,CHARM,5.392579855698928e-05,PASS,0.018930082977965758,-0.5920892058223877,False,0.7961118604313102,D^{+},MONASH,0.000130051,PASS,0.018818
B-,HF_SYS_MUR_DOWN,c1,0.005442693602693588,0.005756795068053044,True,BEAUTY,0.001676701366212794,PASS,0.10639730639730641,5.11544303797467,False,0.9454381367329642,B^{+},CLOSEPACKING,0.00550721,PASS,0.11184
B-,HF_SYS_MUR_DOWN,c2,-0.005906599902625029,0.005384073969985992,True,BEAUTY,0.0023781473802480624,PASS,0.10475919990262503,-5.638263663826458,False,1.0970502886015134,B^{+},CLOSEPACKING,0.00483039,PASS,0.0988526
B-,HF_SYS_MUR_DOWN,c3,-0.003803567910734884,0.003497355359515563,True,BEAUTY,0.001218349191460408,PASS,0.09907656791073488,-3.8390186407766858,False,1.0875554582653952,B^{+},CLOSEPACKING,0.00327828,PASS,0.095273
B-,HF_SYS_MUR_DOWN,c4,-0.0013372049106697703,0.0055651523379524155,True,BEAUTY,0.0014279735206638936,PASS,0.09831320491066978,-1.360147817258926,False,0.24028181610600216,B^{+},CLOSEPACKING,0.00537883,PASS,0.096976
B-,HF_SYS_MUR_DOWN,c5,0.007791383284414616,0.003066817377555638,False,BEAUTY,0.0009439562184642044,PASS,0.09090761671558538,8.57066059579015,False,2.5405436076616414,B^{+},CLOSEPACKING,0.00291793,PASS,0.098699
B-,HF_SYS_MUR_DOWN,c6,0.0023401760171306157,0.0033516968838930745,True,BEAUTY,0.0009386431404418554,PASS,0.09100642398286939,2.571440470588229,False,0.6982063409064744,B^{+},CLOSEPACKING,0.00321758,PASS,0.0933466
B-,HF_SYS_MUR_DOWN,c7,-0.0010566909702189875,0.005050493443586038,True,BEAUTY,0.0007056083206039759,PASS,0.08820359097021899,-1.1980135486499275,False,0.20922529293864356,B^{+},CLOSEPACKING,0.00500096,PASS,0.0871469
B-,HF_SYS_MUR_DOWN,c8,0.0018755868898733402,0.0029428477000194245,True,BEAUTY,0.0006376721733066418,PASS,0.08418081311012666,2.228045584947805,False,0.6373373959722619,B^{+},CLOSEPACKING,0.00287293,PASS,0.0860564
B-,HF_SYS_MUR_DOWN,c9,0.00018879089181840503,0.001933548040271903,True,BEAUTY,0.00044012480041383283,PASS,0.0815644091081816,0.23146234231649418,False,0.09763961788705106,B^{+},CLOSEPACKING,0.00188279,PASS,0.0817532
B-,HF_SYS_MUR_DOWN,c10,0.00231080166923818,0.002623353887792193,True,BEAUTY,0.0005315865646293326,PASS,0.07840849833076181,2.9471316482687806,False,0.8808577752286955,B^{+},CLOSEPACKING,0.00256893,PASS,0.0807193
B-,HF_SYS_MUR_DOWN,c11,-0.0017683789818369322,0.002769858804161743,True,BEAUTY,0.0009018735103063632,PASS,0.07794947898183693,-2.2686219394089644,False,0.6384365077309803,B^{+},CLOSEPACKING,0.00261892,PASS,0.0761811
B-,HF_SYS_MUR_DOWN,MB,0.0008299178171733979,0.0012537650276909528,True,BEAUTY,0.00023312900862161167,PASS,0.0854966821828266,0.9707017816184922,False,0.6619404743661176,B^{+},CLOSEPACKING,0.0012319,PASS,0.0863266
B-,HF_SYS_MUR_DOWN,c1,-0.007563983349041764,0.007716504149080763,True,BEAUTY,0.001740855415558867,PASS,0.10889098334904176,-6.9463817080207555,False,0.9802344692502798,B^{+},JUNCTIONS,0.00751757,PASS,0.101327
B-,HF_SYS_MUR_DOWN,c2,-0.001381188954815149,0.005991861583782437,True,BEAUTY,0.0014109041834255668,PASS,0.10684618895481515,-1.292689021785558,False,0.23051082464145584,B^{+},JUNCTIONS,0.00582338,PASS,0.105465
B-,HF_SYS_MUR_DOWN,c3,0.0030618172094539348,0.00439433379229531,True,BEAUTY,0.0011249889003934592,PASS,0.10105618279054607,3.029816805766358,False,0.6967648235603521,B^{+},JUNCTIONS,0.00424789,PASS,0.104118
B-,HF_SYS_MUR_DOWN,c4,0.0013235289404021078,0.005624178805148975,True,BEAUTY,0.0013986954214148806,PASS,0.10080847105959789,1.31291440738114,False,0.23532838948690746,B^{+},JUNCTIONS,0.00544748,PASS,0.102132
B-,HF_SYS_MUR_DOWN,c5,0.005687987454233101,0.004211890375584958,True,BEAUTY,0.0015424865696482429,PASS,0.0969130125457669,5.869167931960597,False,1.350459519840456,B^{+},JUNCTIONS,0.00391928,PASS,0.102601
B-,HF_SYS_MUR_DOWN,c6,0.0032097096094089173,0.003527374750830687,True,BEAUTY,0.001052347093499978,PASS,0.09340439039059108,3.4363583938472355,False,0.9099428997877358,B^{+},JUNCTIONS,0.00336674,PASS,0.0966141
B-,HF_SYS_MUR_DOWN,c7,-0.003311903117011447,0.001328170490550081,False,BEAUTY,0.0006427070217976796,PASS,0.08900990311701144,-3.72082543743212,False,2.4935828198078505,B^{+},JUNCTIONS,0.00116231,PASS,0.085698
B-,HF_SYS_MUR_DOWN,c8,0.0025414372673630975,0.0027498393572986256,True,BEAUTY,0.0007164368597779697,PASS,0.0869187627326369,2.923922508170747,False,0.9242129947037134,B^{+},JUNCTIONS,0.00265487,PASS,0.0894602
B-,HF_SYS_MUR_DOWN,c9,-0.0005295108010432842,0.002260030501057481,True,BEAUTY,0.0009194631336329524,PASS,0.08332651080104328,-0.6354649870166584,False,0.2342936525836811,B^{+},JUNCTIONS,0.00206454,PASS,0.082797
B-,HF_SYS_MUR_DOWN,c10,0.0022168753480482223,0.002084152478603859,True,BEAUTY,0.0005573720987550507,PASS,0.08119342465195178,2.730363151389663,False,1.0636819382491978,B^{+},JUNCTIONS,0.00200824,PASS,0.0834103
B-,HF_SYS_MUR_DOWN,c11,6.34651678500936e-05,0.0016632904348355016,True,BEAUTY,0.0006448034601452383,PASS,0.0803441348321499,0.0789916625310375,False,0.038156395612513855,B^{+},JUNCTIONS,0.00153322,PASS,0.0804076
B-,HF_SYS_MUR_DOWN,MB,0.0008889953912852022,0.0008953188354954563,True,BEAUTY,0.0003470366861989376,PASS,0.0873033046087148,1.0182837812034675,False,0.9929372152583444,B^{+},JUNCTIONS,0.000825325,PASS,0.0881923
B-,HF_SYS_MUR_DOWN,c1,0.00529323045267488,0.0030248389877826506,True,BEAUTY,0.0015343548031697136,PASS,0.11399176954732512,4.643519855595652,False,1.7499213921978263,B^{+},MONASH,0.0026068,PASS,0.119285
B-,HF_SYS_MUR_DOWN,c2,0.0051589217447081115,0.005748276757586058,True,BEAUTY,0.0023448555795409,PASS,0.11164207825529189,4.620947428899709,False,0.8974727491851938,B^{+},MONASH,0.00524827,PASS,0.116801
B-,HF_SYS_MUR_DOWN,c3,0.003223779510083666,0.003930072178387637,True,BEAUTY,0.0008885436799823304,PASS,0.11503522048991634,2.8024282444577513,False,0.820285064435194,B^{+},MONASH,0.00382831,PASS,0.118259
B-,HF_SYS_MUR_DOWN,c4,-0.004820483985486415,0.00455042114394844,True,BEAUTY,0.0016194633022063283,PASS,0.11535148398548642,-4.178952726861261,False,1.0593489773791882,B^{+},MONASH,0.00425249,PASS,0.110531
B-,HF_SYS_MUR_DOWN,c5,0.0026194572468162536,0.004463931247896996,True,BEAUTY,0.0018172699269924754,PASS,0.11514554275318374,2.2749098090849253,False,0.5868050158815297,B^{+},MONASH,0.00407728,PASS,0.117765
B-,HF_SYS_MUR_DOWN,c6,-0.00868765720471494,0.0033781684042108154,False,BEAUTY,0.001234332005219118,PASS,0.11752465720471494,-7.392199570156587,False,2.571706370199295,B^{+},MONASH,0.00314459,PASS,0.108837
B-,HF_SYS_MUR_DOWN,c7,-0.0026749687849673826,0.0032306513234340965,True,BEAUTY,0.0008105801240509663,PASS,0.11567696878496739,-2.3124471647765064,False,0.8279967465272489,B^{+},MONASH,0.00312731,PASS,0.113002
B-,HF_SYS_MUR_DOWN,c8,-0.0013639294976521693,0.0029546750206730144,True,BEAUTY,0.0006201551242947836,PASS,0.11529892949765216,-1.1829507035275146,False,0.4616174327495056,B^{+},MONASH,0.00288886,PASS,0.113935
B-,HF_SYS_MUR_DOWN,c9,-0.002190986135715972,0.002111262231708136,True,BEAUTY,0.00032253592146800974,PASS,0.11645998613571597,-1.881320965608496,False,1.037761251449724,B^{+},MONASH,0.00208648,PASS,0.114269
B-,HF_SYS_MUR_DOWN,c10,-0.0035756286970268086,0.0020457910086773166,True,BEAUTY,0.0005788872936806897,PASS,0.11658962869702681,-3.066849716383042,False,1.7477976400622621,B^{+},MONASH,0.00196218,PASS,0.113014
B-,HF_SYS_MUR_DOWN,c11,-0.0006953060165764968,0.002095256584506971,True,BEAUTY,0.000695319239284961,PASS,0.11801730601657649,-0.5891559806312097,False,0.33184767045612573,B^{+},MONASH,0.00197652,PASS,0.117322
B-,HF_SYS_MUR_DOWN,MB,-0.0016865335272880505,0.0010314685329216422,True,BEAUTY,0.0002682482989294147,PASS,0.11625153352728805,-1.450762390925506,False,1.6350799597452885,B^{+},MONASH,0.000995977,PASS,0.114565
Lambda_b,HF_SYS_MUR_DOWN,c1,0.0006726436588103228,0.003278777277963312,True,BEAUTY,0.0009353532154157095,PASS,0.023007856341189677,2.923539024390232,False,0.20515076255138345,B^{+},CLOSEPACKING,0.00314253,PASS,0.0236805
Lambda_b,HF_SYS_MUR_DOWN,c2,0.00240801450480789,0.0030964045185290136,True,BEAUTY,0.0009494100456424991,PASS,0.02142248549519211,11.240593465909104,False,0.7776808522265843,B^{+},CLOSEPACKING,0.00294726,PASS,0.0238305
Lambda_b,HF_SYS_MUR_DOWN,c3,0.002992647185980621,0.0020601593305429027,True,BEAUTY,0.0007092870667952299,PASS,0.02284095281401938,13.10211185298621,False,1.452628998938633,B^{+},CLOSEPACKING,0.00193421,PASS,0.0258336
Lambda_b,HF_SYS_MUR_DOWN,c4,-0.003206241880427188,0.003382472256265754,True,BEAUTY,0.0009017357488796491,PASS,0.025451641880427187,-12.597387215686274,False,0.9478989441784442,B^{+},CLOSEPACKING,0.00326006,PASS,0.0222454
Lambda_b,HF_SYS_MUR_DOWN,c5,0.00014102658796438447,0.0016548436506856575,True,BEAUTY,0.0004602934896504993,PASS,0.026918773412035614,0.5238967831325118,False,0.08522049071279478,B^{+},CLOSEPACKING,0.00158954,PASS,0.0270598
Lambda_b,HF_SYS_MUR_DOWN,c6,0.0024445605743796325,0.00208450574601536,True,BEAUTY,0.000546764569783973,PASS,0.02933303942562037,8.333812732152396,False,1.1727291129096362,B^{+},CLOSEPACKING,0.00201152,PASS,0.0317776
Lambda_b,HF_SYS_MUR_DOWN,c7,-0.0008645614940817684,0.0016188305486076597,True,BEAUTY,0.0006104276338808525,PASS,0.03097186149408177,-2.7914418196884045,False,0.5340654677077655,B^{+},CLOSEPACKING,0.00149933,PASS,0.0301073
Lambda_b,HF_SYS_MUR_DOWN,c8,0.000210516074018903,0.001953916044129817,True,BEAUTY,0.0006574659741065797,PASS,0.0336299839259811,0.6259773257169688,False,0.10774059338494096,B^{+},CLOSEPACKING,0.00183998,PASS,0.0338405
Lambda_b,HF_SYS_MUR_DOWN,c9,0.001476016599923996,0.000908666759939303,True,BEAUTY,0.0005701809322816671,PASS,0.036198883400076,4.077519694767428,False,1.624376135452111,B^{+},CLOSEPACKING,0.000707509,PASS,0.0376749
Lambda_b,HF_SYS_MUR_DOWN,c10,0.00045952861466674183,0.0017218351884501753,True,BEAUTY,0.0003186126271591417,PASS,0.03814787138533326,1.2045983117249817,False,0.266883043016657,B^{+},CLOSEPACKING,0.0016921,PASS,0.0386074
Lambda_b,HF_SYS_MUR_DOWN,c11,0.0013122926605800556,0.0013469936378890952,True,BEAUTY,0.0005760996477291917,PASS,0.039242507339419946,3.3440591581716523,False,0.9742382025178528,B^{+},CLOSEPACKING,0.00121758,PASS,0.0405548
Lambda_b,HF_SYS_MUR_DOWN,MB,0.0007459618698623383,0.00034375267188955973,False,BEAUTY,0.00022178538321136336,PASS,0.033295038130137664,2.2404595752275656,False,2.1700540268149524,B^{+},CLOSEPACKING,0.000262635,PASS,0.034041
Lambda_b,HF_SYS_MUR_DOWN,c1,-0.00032654150172791926,0.002785176626050057,True,BEAUTY,0.0006586339240394317,PASS,0.02331134150172792,-1.4007838274932176,False,0.11724265480104257,B^{+},JUNCTIONS,0.00270618,PASS,0.0229848
Lambda_b,HF_SYS_MUR_DOWN,c2,-0.004557387950707446,0.0019488837678114173,False,BEAUTY,0.0009425105134898106,PASS,0.025650387950707447,-17.76732562277582,False,2.3384606234497816,B^{+},JUNCTIONS,0.00170582,PASS,0.021093
Lambda_b,HF_SYS_MUR_DOWN,c3,-0.00014687722593877822,0.0032556418373137714,True,BEAUTY,0.0006119069442879285,PASS,0.025244877225938777,-0.5818100227790525,False,0.04511467577771594,B^{+},JUNCTIONS,0.00319762,PASS,0.025098
Lambda_b,HF_SYS_MUR_DOWN,c4,-0.00041098402375330453,0.0025231681927570387,True,BEAUTY,0.0008038933427643372,PASS,0.026972884023753304,-1.5236932891246522,False,0.1628841172511083,B^{+},JUNCTIONS,0.00239168,PASS,0.0265619
Lambda_b,HF_SYS_MUR_DOWN,c5,-0.001702389581634236,0.0034504150353726576,True,BEAUTY,0.0007537927642433957,PASS,0.028787589581634236,-5.9136232188064755,False,0.49338690104866517,B^{+},JUNCTIONS,0.00336707,PASS,0.0270852
Lambda_b,HF_SYS_MUR_DOWN,c6,-0.0031414034849142902,0.002182817328342818,True,BEAUTY,0.000515677445709698,PASS,0.03097330348491429,-10.142293948220045,False,1.4391508827260526,B^{+},JUNCTIONS,0.00212103,PASS,0.0278319
Lambda_b,HF_SYS_MUR_DOWN,c7,0.002104163057721639,0.0014639165149835348,True,BEAUTY,0.0005578993898917058,PASS,0.03356533694227836,6.2688572480000015,False,1.4373518135665717,B^{+},JUNCTIONS,0.00135344,PASS,0.0356695
Lambda_b,HF_SYS_MUR_DOWN,c8,-0.0008195085400991703,0.0010352516479218707,True,BEAUTY,0.00030565533910590975,PASS,0.03509540854009917,-2.335087620258985,False,0.7916032220226108,B^{+},JUNCTIONS,0.000989101,PASS,0.0342759
Lambda_b,HF_SYS_MUR_DOWN,c9,-0.0006560975088010651,0.0015135889576519635,True,BEAUTY,0.0007443198558589969,PASS,0.03871299750880106,-1.6947732054380626,False,0.4334713896293692,B^{+},JUNCTIONS,0.00131793,PASS,0.0380569
Lambda_b,HF_SYS_MUR_DOWN,c10,-0.0012976571624327,0.0011299132916752605,True,BEAUTY,0.0005709769659236898,PASS,0.0415365571624327,-3.1241326943831353,False,1.1484572949033414,B^{+},JUNCTIONS,0.000975033,PASS,0.0402389
Lambda_b,HF_SYS_MUR_DOWN,c11,-0.00044630894331384313,0.0014459762581380624,True,BEAUTY,0.00038752477688394654,PASS,0.043640508943313845,-1.0226941759399946,False,0.3086557893340109,B^{+},JUNCTIONS,0.00139308,PASS,0.0431942
Lambda_b,HF_SYS_MUR_DOWN,MB,-0.0008359956088302839,0.0004541810794438009,True,BEAUTY,0.00030652287193737467,PASS,0.03653049560883028,-2.2884869063429956,False,1.8406658636111848,B^{+},JUNCTIONS,0.000335148,PASS,0.0356945
Lambda_b,HF_SYS_MUR_DOWN,c1,-0.0036294336722343286,0.002251729008910283,True,BEAUTY,0.0006938236236019105,PASS,0.02125393367223433,-17.076526765375863,False,1.611843013911688,B^{+},MONASH,0.00214217,PASS,0.0176245
Lambda_b,HF_SYS_MUR_DOWN,c2,0.0029786023091725386,0.002393262798459084,True,BEAUTY,0.0008398286001251731,PASS,0.01982039769082746,15.027964401294454,False,1.2445780342594757,B^{+},MONASH,0.00224107,PASS,0.022799
Lambda_b,HF_SYS_MUR_DOWN,c3,-1.6142352811436556e-05,0.002396283910603779,True,BEAUTY,0.0004961851042892566,PASS,0.019533242352811436,-0.08264041637262118,False,0.006736410798405458,B^{+},MONASH,0.00234435,PASS,0.0195171
Lambda_b,HF_SYS_MUR_DOWN,c4,-0.0024245048918008875,0.0019773182572142777,True,BEAUTY,0.0006547440701624621,PASS,0.020021404891800886,-12.10956426336378,False,1.226158147761516,B^{+},MONASH,0.00186577,PASS,0.0175969
Lambda_b,HF_SYS_MUR_DOWN,c5,0.0031251510814635196,0.0019052029255324941,True,BEAUTY,0.0004017165301024778,PASS,0.01901404891853648,16.43601052491698,False,1.6403245237459714,B^{+},MONASH,0.00186237,PASS,0.0221392
Lambda_b,HF_SYS_MUR_DOWN,c6,0.00020001746451767805,0.0015763608360590503,True,BEAUTY,0.0005025423299193692,PASS,0.018871782535482322,1.0598758444869185,False,0.12688558351762136,B^{+},MONASH,0.00149411,PASS,0.0190718
Lambda_b,HF_SYS_MUR_DOWN,c7,-0.0010357952193540826,0.001090375203620212,True,BEAUTY,0.00023577003259493898,PASS,0.019446695219354083,-5.326330297619002,False,0.9499438504425674,B^{+},MONASH,0.00106458,PASS,0.0184109
Lambda_b,HF_SYS_MUR_DOWN,c8,-0.0011311522809583155,0.0009193216776088067,True,BEAUTY,0.0002814032858469685,PASS,0.019799152280958316,-5.713134910559744,False,1.2304205464843263,B^{+},MONASH,0.000875194,PASS,0.018668
Lambda_b,HF_SYS_MUR_DOWN,c9,0.0007501018157347467,0.0009133220827109856,True,BEAUTY,0.00020835787991706082,PASS,0.019462698184265253,3.8540484399083548,False,0.8212894771012683,B^{+},MONASH,0.000889238,PASS,0.0202128
Lambda_b,HF_SYS_MUR_DOWN,c10,-0.0008141818358967448,0.0006500651979262735,True,BEAUTY,0.00011308801061971646,PASS,0.019260081835896746,-4.22730205839147,False,1.252461812282842,B^{+},MONASH,0.000640153,PASS,0.0184459
Lambda_b,HF_SYS_MUR_DOWN,c11,0.0008825290027762549,0.0011960445884778576,True,BEAUTY,0.0003098588606562151,PASS,0.019109570997223744,4.618256489925752,False,0.7378729951024674,B^{+},MONASH,0.00115521,PASS,0.0199921
Lambda_b,HF_SYS_MUR_DOWN,MB,-3.5639054996677855e-05,0.00022020964410680917,True,BEAUTY,9.650098256830112e-05,PASS,0.019420239054996676,-0.18351501696632413,False,0.16184148129040027,B^{+},MONASH,0.000197939,PASS,0.0193846
D-,HF_SYS_MUR_DOWN,c1,-0.0020945108527025413,0.001289319596313271,True,CHARM,0.00023349736923018277,PASS,0.17961051085270255,-1.1661404684830703,False,1.6245086623143434,D^{+},CLOSEPACKING,0.001268,PASS,0.177516
D-,HF_SYS_MUR_DOWN,c2,-0.0024717582525792814,0.0016753965201487184,True,CHARM,0.0005345850234774958,PASS,0.1782937582525793,-1.3863403165677135,False,1.4753273167595413,D^{+},CLOSEPACKING,0.00158782,PASS,0.175822
D-,HF_SYS_MUR_DOWN,c3,-0.001704100239426215,0.0006412213701813554,False,CHARM,0.00024103103360616213,PASS,0.1759331002394262,-0.9686069517942423,False,2.6575849132168625,D^{+},CLOSEPACKING,0.000594196,PASS,0.174229
D-,HF_SYS_MUR_DOWN,c4,0.001217738036838223,0.001143273314127112,True,CHARM,0.0003446413537217927,PASS,0.1737752619631618,0.7007545395594733,False,1.0651329142305441,D^{+},CLOSEPACKING,0.00109009,PASS,0.174993
D-,HF_SYS_MUR_DOWN,c5,-0.0023400832849340136,0.0010625167936830285,False,CHARM,0.00023903401109144176,PASS,0.17244208328493402,-1.357025640352179,False,2.202396516315309,D^{+},CLOSEPACKING,0.00103528,PASS,0.170102
D-,HF_SYS_MUR_DOWN,c6,-0.00025332261428412384,0.0009588519622567379,True,CHARM,0.00037037191312867763,PASS,0.16971132261428412,-0.14926677276557998,False,0.264193665190931,D^{+},CLOSEPACKING,0.000884433,PASS,0.169458
D-,HF_SYS_MUR_DOWN,c7,-0.0008298398275137786,0.0010676476736116796,True,CHARM,0.00032798614996434097,PASS,0.1689968398275138,-0.4910386657885157,False,0.7772599969300402,D^{+},CLOSEPACKING,0.00101602,PASS,0.168167
D-,HF_SYS_MUR_DOWN,c8,-0.00114821973610299,0.001139746843946942,True,CHARM,0.0003120391454401431,PASS,0.16868321973610298,-0.6806958853994642,False,1.0074340123870897,D^{+},CLOSEPACKING,0.0010962,PASS,0.167535
D-,HF_SYS_MUR_DOWN,c9,0.00012623935666219999,0.0015576065653383395,True,CHARM,0.0004588092875968174,PASS,0.1700757606433378,0.0742253664982477,False,0.0810470111460904,D^{+},CLOSEPACKING,0.0014885,PASS,0.170202
D-,HF_SYS_MUR_DOWN,c10,0.0009257334554580443,0.0016888206566642386,True,CHARM,0.0005017302118428087,PASS,0.17345426654454196,0.5337046322929865,False,0.5481537970328683,D^{+},CLOSEPACKING,0.00161257,PASS,0.17438
D-,HF_SYS_MUR_DOWN,c11,0.00017496883735751423,0.0020771098261874285,True,CHARM,0.0005044227643003137,PASS,0.17969203116264248,0.09737150625179744,False,0.08423668077227894,D^{+},CLOSEPACKING,0.00201493,PASS,0.179867
D-,HF_SYS_MUR_DOWN,MB,-0.001034196871992965,0.0002393896142548679,False,CHARM,9.871019771074541e-05,PASS,0.17347719687199298,-0.5961572417820933,False,4.320140935153101,D^{+},CLOSEPACKING,0.000218091,PASS,0.172443
D-,HF_SYS_MUR_DOWN,c1,-0.0006958639341086148,0.0013295125511166841,True,CHARM,0.0004281097214229009,PASS,0.1801638639341086,-0.3862394594085268,False,0.5233977923142921,D^{+},JUNCTIONS,0.0012587,PASS,0.179468
D-,HF_SYS_MUR_DOWN,c2,0.0007477247648352836,0.0011100562699175528,True,CHARM,0.0002491254599258585,PASS,0.17884927523516472,0.4180753675697695,False,0.6735917674613192,D^{+},JUNCTIONS,0.00108174,PASS,0.179597
D-,HF_SYS_MUR_DOWN,c3,9.213571815888666e-05,0.0007363721869900162,True,CHARM,0.0003504337849130123,PASS,0.17665086428184112,0.05215695860501814,False,0.12512112731402747,D^{+},JUNCTIONS,0.000647642,PASS,0.176743
D-,HF_SYS_MUR_DOWN,c4,-0.001207689571117998,0.0013489662947979357,True,CHARM,0.000518231957718618,PASS,0.174327689571118,-0.6927697912415194,False,0.8952703827925517,D^{+},JUNCTIONS,0.00124545,PASS,0.17312
D-,HF_SYS_MUR_DOWN,c5,-0.0006576644746705829,0.0008752002564919038,True,CHARM,0.00021293797491874072,PASS,0.1724606644746706,-0.3813417260532325,False,0.7514445634496528,D^{+},JUNCTIONS,0.000848901,PASS,0.171803
D-,HF_SYS_MUR_DOWN,c6,-0.0001765901285112892,0.0011109294173152265,True,CHARM,0.00043830481876925404,PASS,0.1718275901285113,-0.10277169596524979,False,0.1589571090286303,D^{+},JUNCTIONS,0.00102081,PASS,0.171651
D-,HF_SYS_MUR_DOWN,c7,0.0011910462258540588,0.0013187136517780955,True,CHARM,0.00037571001022852735,PASS,0.16994595377414595,0.7008382367472722,False,0.9031879091022562,D^{+},JUNCTIONS,0.00126406,PASS,0.171137
D-,HF_SYS_MUR_DOWN,c8,-0.0013431593434770628,0.0008362217078944145,True,CHARM,0.00043987146716950327,PASS,0.17049315934347706,-0.7878083488212696,False,1.6062239604603241,D^{+},JUNCTIONS,0.000711182,PASS,0.16915
D-,HF_SYS_MUR_DOWN,c9,-0.0017471370484661852,0.0011422111697758528,True,CHARM,0.00048518824672566253,PASS,0.16943013704846618,-1.0311843447110058,False,1.5296094931456876,D^{+},JUNCTIONS,0.00103404,PASS,0.167683
D-,HF_SYS_MUR_DOWN,c10,-0.0007227692251234874,0.0012554542864820072,True,CHARM,0.0006300860047216141,PASS,0.1730157692251235,-0.4177476009039612,False,0.5757033393456384,D^{+},JUNCTIONS,0.00108589,PASS,0.172293
D-,HF_SYS_MUR_DOWN,c11,-0.0016185265925580672,0.002452106687034014,True,CHARM,0.0007016416665199743,PASS,0.17949352659255807,-0.9017186431642445,False,0.6600555355590106,D^{+},JUNCTIONS,0.00234958,PASS,0.177875
D-,HF_SYS_MUR_DOWN,MB,-0.0004237657882597001,0.0003268423202645153,True,CHARM,0.00012988801596333668,PASS,0.1739737657882597,-0.24358028139452803,False,1.296545037119869,D^{+},JUNCTIONS,0.000299925,PASS,0.17355
D-,HF_SYS_MUR_DOWN,c1,-0.001357563675193879,0.0009065309280721941,True,CHARM,0.00033590570038395234,PASS,0.18888156367519388,-0.7187380540370707,False,1.4975370758511681,D^{+},MONASH,0.000842001,PASS,0.187524
D-,HF_SYS_MUR_DOWN,c2,-0.002353167301271719,0.001297440035245049,True,CHARM,0.0004754397427189635,PASS,0.18785416730127172,-1.2526564276308119,False,1.813700238429342,D^{+},MONASH,0.00120719,PASS,0.185501
D-,HF_SYS_MUR_DOWN,c3,-0.0002636358040167819,0.000754236609557726,True,CHARM,0.00033778390473368275,PASS,0.18851263580401678,-0.13985046832132003,False,0.34953991980232074,D^{+},MONASH,0.00067437,PASS,0.188249
D-,HF_SYS_MUR_DOWN,c4,0.0005704869212524999,0.001810356184206916,True,CHARM,0.0002484985820809129,PASS,0.1903615130787475,0.29968606154990196,False,0.3151241320516271,D^{+},MONASH,0.00179322,PASS,0.190932
D-,HF_SYS_MUR_DOWN,c5,-0.0006143062145896327,0.00150460294907905,True,CHARM,0.0003809421189332759,PASS,0.19222730621458964,-0.3195728154791196,False,0.40828460090792884,D^{+},MONASH,0.00145558,PASS,0.191613
D-,HF_SYS_MUR_DOWN,c6,0.0016925647350559125,0.000885662871648673,True,CHARM,0.0004642616139990186,PASS,0.1930014352649441,0.8769700249806082,False,1.911071118861719,D^{+},MONASH,0.000754228,PASS,0.194694
D-,HF_SYS_MUR_DOWN,c7,-0.0004328646861657681,0.000854265035578281,True,CHARM,0.00032758578621570504,PASS,0.19487486468616577,-0.22212443193372866,False,0.5067100585156775,D^{+},MONASH,0.000788959,PASS,0.194442
D-,HF_SYS_MUR_DOWN,c8,8.997454472911559e-05,0.0011281785753377734,True,CHARM,0.00040954048572902765,PASS,0.19728302545527088,0.045606835419053894,False,0.07975204165012394,D^{+},MONASH,0.00105122,PASS,0.197373
D-,HF_SYS_MUR_DOWN,c9,-0.0008467268289860941,0.001900527676763016,True,CHARM,0.0005516993148828696,PASS,0.20004772682898608,-0.42326240962984385,False,0.445521967050878,D^{+},MONASH,0.00181869,PASS,0.199201
D-,HF_SYS_MUR_DOWN,c10,0.0034292225452791925,0.00214942508600839,True,CHARM,0.0007727843880165889,PASS,0.2042507774547208,1.6789275360478846,False,1.5954138469870853,D^{+},MONASH,0.0020057,PASS,0.20768
D-,HF_SYS_MUR_DOWN,c11,0.001424966049860199,0.0023455328812362723,True,CHARM,0.0005633715470810793,PASS,0.2086940339501398,0.6828015266601465,False,0.6075233740100606,D^{+},MONASH,0.00227687,PASS,0.210119
D-,HF_SYS_MUR_DOWN,MB,-0.0002449569742416502,0.00041387405521901507,True,CHARM,0.00012214958755326323,PASS,0.19344595697424166,-0.12662811778189165,False,0.5918635661083494,D^{+},MONASH,0.000395438,PASS,0.193201
Lambda_c(+)-bar,HF_SYS_MUR_DOWN,c1,-6.410568514123027e-06,0.0002995747298499532,True,CHARM,9.350564207935501e-05,PASS,0.019081810568514122,-0.03359517950933212,False,0.021398896086241532,D^{+},CLOSEPACKING,0.000284608,PASS,0.0190754
Lambda_c(+)-bar,HF_SYS_MUR_DOWN,c2,-0.0007935574648076406,0.00045016882061038474,True,CHARM,0.00010346296499590948,PASS,0.01850815746480764,-4.287609214026579,False,1.762799706411596,D^{+},CLOSEPACKING,0.000438118,PASS,0.0177146
Lambda_c(+)-bar,HF_SYS_MUR_DOWN,c3,0.0005172799093581051,0.0003914007927911344,True,CHARM,6.544246875331439e-05,PASS,0.018675020090641894,2.7699028265962378,False,1.3216118078589185,D^{+},CLOSEPACKING,0.000385891,PASS,0.0191923
Lambda_c(+)-bar,HF_SYS_MUR_DOWN,c4,0.00053045525973449,0.00035797507086276885,True,CHARM,0.00010497612676320432,PASS,0.01916284474026551,2.768144640967019,False,1.481821788472645,D^{+},CLOSEPACKING,0.000342237,PASS,0.0196933
Lambda_c(+)-bar,HF_SYS_MUR_DOWN,c5,-0.0003642616272859986,0.0005489183833010692,True,CHARM,0.00010856650450695932,PASS,0.020208661627286,-1.802502481382378,False,0.6635988853122622,D^{+},CLOSEPACKING,0.000538075,PASS,0.0198444
Lambda_c(+)-bar,HF_SYS_MUR_DOWN,c6,0.0003065850742397583,0.0003302766825087352,True,CHARM,9.801422654378224e-05,PASS,0.02116651492576024,1.448443805298508,False,0.9282673905738098,D^{+},CLOSEPACKING,0.000315398,PASS,0.0214731
Lambda_c(+)-bar,HF_SYS_MUR_DOWN,c7,0.0005299000887338985,0.00044226321087480625,True,CHARM,0.00011843930011737374,PASS,0.0216860999112661,2.443501094720177,False,1.1981554777883165,D^{+},CLOSEPACKING,0.000426109,PASS,0.022216
Lambda_c(+)-bar,HF_SYS_MUR_DOWN,c8,-0.0002134020502971047,0.0005195276819542768,True,CHARM,0.00013017790212161267,PASS,0.022934102050297105,-0.9305010060088232,False,0.41076165469058884,D^{+},CLOSEPACKING,0.000502954,PASS,0.0227207
Lambda_c(+)-bar,HF_SYS_MUR_DOWN,c9,0.0006382682032053527,0.0005512810821080246,True,CHARM,0.00014698856593012454,PASS,0.023677731796794648,2.6956475758871368,False,1.157790869160068,D^{+},CLOSEPACKING,0.000531324,PASS,0.024316
Lambda_c(+)-bar,HF_SYS_MUR_DOWN,c10,0.0007088744714757039,0.0009333950965988697,True,CHARM,0.00017206776557744102,PASS,0.023826225528524297,2.975185770096288,False,0.7594581052104515,D^{+},CLOSEPACKING,0.000917398,PASS,0.0245351
Lambda_c(+)-bar,HF_SYS_MUR_DOWN,c11,0.0021456725085300145,0.001255590237024305,True,CHARM,0.00027542211823081754,PASS,0.023714227491469987,9.048038816789681,False,1.7088955020988108,D^{+},CLOSEPACKING,0.00122501,PASS,0.0258599
Lambda_c(+)-bar,HF_SYS_MUR_DOWN,MB,0.00020099573274248023,0.00012367753905080845,True,CHARM,3.961016405752752e-05,PASS,0.02075770426725752,0.9682946156021882,False,1.6251595421858158,D^{+},CLOSEPACKING,0.000117163,PASS,0.0209587
Lambda_c(+)-bar,HF_SYS_MUR_DOWN,c1,-0.00043027101076703947,0.0005956864591229729,True,CHARM,0.0001641501064680293,PASS,0.02105697101076704,-2.043366116366069,False,0.7223112162068044,D^{+},JUNCTIONS,0.000572623,PASS,0.0206267
Lambda_c(+)-bar,HF_SYS_MUR_DOWN,c2,0.0007001576020404972,0.0005268860907067778,True,CHARM,0.00014797530260239692,PASS,0.020303442397959504,3.448467448607942,False,1.3288595284443527,D^{+},JUNCTIONS,0.00050568,PASS,0.0210036
Lambda_c(+)-bar,HF_SYS_MUR_DOWN,c3,0.00026735257072298124,0.00039699371450112493,True,CHARM,0.00015761856992245772,PASS,0.020723647429277018,1.2900845357235857,False,0.6734428303454252,D^{+},JUNCTIONS,0.000364363,PASS,0.020991
Lambda_c(+)-bar,HF_SYS_MUR_DOWN,c4,-0.00043084560906515856,0.00048453049467591904,True,CHARM,0.00013004039278197686,PASS,0.02192634560906516,-1.9649677002584103,False,0.8892022562033626,D^{+},JUNCTIONS,0.000466754,PASS,0.0214955
Lambda_c(+)-bar,HF_SYS_MUR_DOWN,c5,0.0010186973493103609,0.000476542769359003,False,CHARM,0.00010731572030391429,PASS,0.02302580265068964,4.4241556516591185,False,2.137682942247994,D^{+},JUNCTIONS,0.000464302,PASS,0.0240445
Lambda_c(+)-bar,HF_SYS_MUR_DOWN,c6,0.0006729763334470638,0.0006218139199370647,True,CHARM,0.00015095240196332866,PASS,0.024178323666552936,2.783387064910646,False,1.0822792991111834,D^{+},JUNCTIONS,0.000603213,PASS,0.0248513
Lambda_c(+)-bar,HF_SYS_MUR_DOWN,c7,-0.00032576110119955995,0.000671552013320652,True,CHARM,0.00011057528475668086,PASS,0.02539926110119956,-1.2825613308261745,False,0.48508692511955265,D^{+},JUNCTIONS,0.000662386,PASS,0.0250735
Lambda_c(+)-bar,HF_SYS_MUR_DOWN,c8,-4.591048600473269e-05,0.0005653824879597511,True,CHARM,0.00018834403566494475,PASS,0.026458710486004733,-0.17351747368420287,False,0.08120252569266172,D^{+},JUNCTIONS,0.000533089,PASS,0.0264128
Lambda_c(+)-bar,HF_SYS_MUR_DOWN,c9,-0.0005207689840866468,0.0005780965744987935,True,CHARM,9.939922674869792e-05,PASS,0.027858768984086648,-1.8693180031900116,False,0.9008338866877919,D^{+},JUNCTIONS,0.000569487,PASS,0.027338
Lambda_c(+)-bar,HF_SYS_MUR_DOWN,c10,-0.0004893751695755552,0.0008684371075119617,True,CHARM,0.00025838845224727524,PASS,0.029223175169575556,-1.6746132709256283,False,0.5635125046390475,D^{+},JUNCTIONS,0.000829107,PASS,0.0287338
Lambda_c(+)-bar,HF_SYS_MUR_DOWN,c11,-0.001103758104240158,0.0010516913566627742,True,CHARM,0.0003597837100025329,PASS,0.028907758104240157,-3.818207210189226,False,1.049507630967513,D^{+},JUNCTIONS,0.000988236,PASS,0.027804
Lambda_c(+)-bar,HF_SYS_MUR_DOWN,MB,-2.1924372891363175e-05,0.00014372736705579663,True,CHARM,2.9563631792993432e-05,PASS,0.024020824372891363,-0.09127235831300556,False,0.15254139375455114,D^{+},JUNCTIONS,0.000140654,PASS,0.0239989
Lambda_c(+)-bar,HF_SYS_MUR_DOWN,c1,-0.000105090341550991,0.0004662761102227671,True,CHARM,7.986184300699585e-05,PASS,0.02076729034155099,-0.5060378114940074,False,0.22538221291411062,D^{+},MONASH,0.000459386,PASS,0.0206622
Lambda_c(+)-bar,HF_SYS_MUR_DOWN,c2,-0.0006636706846626858,0.0003442339294008276,True,CHARM,0.00014982393530318824,PASS,0.018778770684662684,-3.534154049842731,False,1.927964177784185,D^{+},MONASH,0.000309919,PASS,0.0181151
Lambda_c(+)-bar,HF_SYS_MUR_DOWN,c3,0.0002525624097169457,0.0003495842317154198,True,CHARM,7.458537952615321e-05,PASS,0.018277437590283056,1.381826136565319,False,0.7224651079873219,D^{+},MONASH,0.000341535,PASS,0.01853
Lambda_c(+)-bar,HF_SYS_MUR_DOWN,c4,-0.0001621107001684302,0.0005321666039679971,True,CHARM,0.000157075693631545,PASS,0.01803591070016843,-0.8988218164493148,False,0.30462396354766197,D^{+},MONASH,0.000508457,PASS,0.0178738
Lambda_c(+)-bar,HF_SYS_MUR_DOWN,c5,0.0002570949982843955,0.00047415371034083026,True,CHARM,9.732375694544452e-05,PASS,0.018294705001715605,1.4052973155909656,False,0.5422186786213082,D^{+},MONASH,0.000464058,PASS,0.0185518
Lambda_c(+)-bar,HF_SYS_MUR_DOWN,c6,0.00027953416947246526,0.0004862541634871943,True,CHARM,0.00011302918775091287,PASS,0.018419365830527536,1.5176101720569353,False,0.574872547039542,D^{+},MONASH,0.000472935,PASS,0.0186989
Lambda_c(+)-bar,HF_SYS_MUR_DOWN,c7,0.00035710295969680964,0.00035453496449668363,True,CHARM,0.00010789308638492427,PASS,0.01845899704030319,1.934574012429357,False,1.0072432776941245,D^{+},MONASH,0.000337719,PASS,0.0188161
Lambda_c(+)-bar,HF_SYS_MUR_DOWN,c8,-0.0004983810329241417,0.00043142899388231047,True,CHARM,0.00013134334494866,PASS,0.019037681032924143,-2.617866283515475,False,1.1551866935027901,D^{+},MONASH,0.00041095,PASS,0.0185393
Lambda_c(+)-bar,HF_SYS_MUR_DOWN,c9,5.143633024073599e-05,0.0005844343533749779,True,CHARM,0.0001628198814298443,PASS,0.019351963669759265,0.26579385492085233,False,0.08801044966590801,D^{+},MONASH,0.000561296,PASS,0.0194034
Lambda_c(+)-bar,HF_SYS_MUR_DOWN,c10,-0.000525764020251427,0.0005668962704354235,True,CHARM,0.00017086994589333968,PASS,0.01974566402025143,-2.662680878759996,False,0.9274430749872398,D^{+},MONASH,0.000540532,PASS,0.0192199
Lambda_c(+)-bar,HF_SYS_MUR_DOWN,c11,0.0007728870880950311,0.0008494977871001993,True,CHARM,0.0002991400055026667,PASS,0.02009161291190497,3.8468145463675993,False,0.9098164819632051,D^{+},MONASH,0.000795086,PASS,0.0208645
Lambda_c(+)-bar,HF_SYS_MUR_DOWN,MB,5.517022034242508e-06,9.902176962677949e-05,True,CHARM,5.392579855698928e-05,PASS,0.018930082977965758,0.029144204178419147,False,0.05571524377959089,D^{+},MONASH,8.30501e-05,PASS,0.0189356
B-,HF_SYS_MUR_UP,c1,-0.007484506397306412,0.004903907560411375,True,BEAUTY,0.001676701366212794,PASS,0.10639730639730641,-7.03448860759495,False,1.5262331732612344,B^{+},CLOSEPACKING,0.00460836,PASS,0.0989128
B-,HF_SYS_MUR_UP,c2,-0.00351819990262503,0.0074553880119401375,True,BEAUTY,0.0023781473802480624,PASS,0.10475919990262503,-3.358368435321423,False,0.47190030847361336,B^{+},CLOSEPACKING,0.00706592,PASS,0.101241
B-,HF_SYS_MUR_UP,c3,0.002732432089265116,0.0037753227731191713,True,BEAUTY,0.001218349191460408,PASS,0.09907656791073488,2.757899417475743,False,0.7237611863866095,B^{+},CLOSEPACKING,0.00357333,PASS,0.101809
B-,HF_SYS_MUR_UP,c4,0.0018697950893302173,0.007394608018828127,True,BEAUTY,0.0014279735206638936,PASS,0.09831320491066978,1.9018758375633946,False,0.25285925698419054,B^{+},CLOSEPACKING,0.00725542,PASS,0.100183
B-,HF_SYS_MUR_UP,c5,0.00416228328441462,0.002001480789909621,False,BEAUTY,0.0009439562184642044,PASS,0.09090761671558538,4.5785858597930105,False,2.0796019154411027,B^{+},CLOSEPACKING,0.0017649,PASS,0.0950699
B-,HF_SYS_MUR_UP,c6,2.3776017130619498e-05,0.005337836889667813,True,BEAUTY,0.0009386431404418554,PASS,0.09100642398286939,0.026125647058821894,False,0.004454241975179414,B^{+},CLOSEPACKING,0.00525466,PASS,0.0910302
B-,HF_SYS_MUR_UP,c7,0.0027764090297810184,0.003682503324507062,True,BEAUTY,0.0007056083206039759,PASS,0.08820359097021899,3.1477278864059444,False,0.7539461027242025,B^{+},CLOSEPACKING,0.00361427,PASS,0.09098
B-,HF_SYS_MUR_UP,c8,-0.0035693131101266623,0.002467934694741661,True,BEAUTY,0.0006376721733066418,PASS,0.08418081311012666,-4.240055397727307,False,1.4462753482625241,B^{+},CLOSEPACKING,0.00238413,PASS,0.0806115
B-,HF_SYS_MUR_UP,c9,-0.005129509108181593,0.002529159695400691,False,BEAUTY,0.00044012480041383283,PASS,0.0815644091081816,-6.288906110235108,False,2.0281475770429482,B^{+},CLOSEPACKING,0.00249057,PASS,0.0764349
B-,HF_SYS_MUR_UP,c10,0.0021626016692381927,0.0021161755830021328,True,BEAUTY,0.0005315865646293326,PASS,0.07840849833076181,2.758121524168694,False,1.021938673997078,B^{+},CLOSEPACKING,0.00204832,PASS,0.0805711
B-,HF_SYS_MUR_UP,c11,0.0047468210181630666,0.001769381877095027,False,BEAUTY,0.0009018735103063632,PASS,0.07794947898183693,6.089612246502798,False,2.6827566618667995,B^{+},CLOSEPACKING,0.00152228,PASS,0.0826963
B-,HF_SYS_MUR_UP,MB,0.00023391781717339855,0.0009448309142830243,True,BEAUTY,0.00023312900862161167,PASS,0.0854966821828266,0.27359870722607377,False,0.24757637968578197,B^{+},CLOSEPACKING,0.000915618,PASS,0.0857306
B-,HF_SYS_MUR_UP,c1,0.004767016650958231,0.005413401500016477,True,BEAUTY,0.001740855415558867,PASS,0.10889098334904176,4.377788228505497,False,0.8805954354103831,B^{+},JUNCTIONS,0.00512585,PASS,0.113658
B-,HF_SYS_MUR_UP,c2,-0.007998688954815147,0.0069368687973543055,True,BEAUTY,0.0014109041834255668,PASS,0.10684618895481515,-7.4861715079026006,False,1.153069084695074,B^{+},JUNCTIONS,0.00679187,PASS,0.0988475
B-,HF_SYS_MUR_UP,c3,-0.0019253827905460624,0.005034667848320134,True,BEAUTY,0.0011249889003934592,PASS,0.10105618279054607,-1.9052597647950982,False,0.382424987814933,B^{+},JUNCTIONS,0.00490737,PASS,0.0991308
B-,HF_SYS_MUR_UP,c4,-0.0010835710595978876,0.0048235342069883735,True,BEAUTY,0.0013986954214148806,PASS,0.10080847105959789,-1.074880958126308,False,0.22464255732404706,B^{+},JUNCTIONS,0.00461629,PASS,0.0997249
B-,HF_SYS_MUR_UP,c5,-0.003575212545766898,0.0035727683086292073,True,BEAUTY,0.0015424865696482429,PASS,0.0969130125457669,-3.6890944279319706,False,1.000684129763407,B^{+},JUNCTIONS,0.00322264,PASS,0.0933378
B-,HF_SYS_MUR_UP,c6,0.0009502096094089196,0.0042919330902983395,True,BEAUTY,0.001052347093499978,PASS,0.09340439039059108,1.0173072223215722,False,0.22139432032545245,B^{+},JUNCTIONS,0.00416092,PASS,0.0943546
B-,HF_SYS_MUR_UP,c7,0.00025729688298856135,0.0023548344741760605,True,BEAUTY,0.0006427070217976796,PASS,0.08900990311701144,0.28906545673948403,False,0.10926325642424937,B^{+},JUNCTIONS,0.00226543,PASS,0.0892672
B-,HF_SYS_MUR_UP,c8,0.0009460372673631007,0.0016533212558206946,True,BEAUTY,0.0007164368597779697,PASS,0.0869187627326369,1.0884154785694797,False,0.5722041400196575,B^{+},JUNCTIONS,0.00149003,PASS,0.0878648
B-,HF_SYS_MUR_UP,c9,-0.00237101080104328,0.002045080670049504,True,BEAUTY,0.0009194631336329524,PASS,0.08332651080104328,-2.845445919011881,False,1.1593727503110605,B^{+},JUNCTIONS,0.00182673,PASS,0.0809555
B-,HF_SYS_MUR_UP,c10,-0.00066232465195179,0.001909019476608505,True,BEAUTY,0.0005573720987550507,PASS,0.08119342465195178,-0.8157368097120518,False,0.3469449421901405,B^{+},JUNCTIONS,0.00182584,PASS,0.0805311
B-,HF_SYS_MUR_UP,c11,-0.001978134832149897,0.0021474424846117,True,BEAUTY,0.0006448034601452383,PASS,0.0803441348321499,-2.462077457530032,False,0.9211584693536428,B^{+},JUNCTIONS,0.00204835,PASS,0.078366
B-,HF_SYS_MUR_UP,MB,-0.0011412046087147937,0.0008815400892851896,True,BEAUTY,0.0003470366861989376,PASS,0.0873033046087148,-1.307172292995741,False,1.2945578114775893,B^{+},JUNCTIONS,0.000810357,PASS,0.0861621
B-,HF_SYS_MUR_UP,c1,-0.008054769547325119,0.006722747032137232,True,BEAUTY,0.0015343548031697136,PASS,0.11399176954732512,-7.0660974729242,False,1.19813664099219,B^{+},MONASH,0.00654531,PASS,0.105937
B-,HF_SYS_MUR_UP,c2,0.005771921744708114,0.005562752750303045,True,BEAUTY,0.0023448555795409,PASS,0.11164207825529189,5.170023556449266,False,1.0376017061685285,B^{+},MONASH,0.00504439,PASS,0.117414
B-,HF_SYS_MUR_UP,c3,-0.006114220489916333,0.003315434224009963,True,BEAUTY,0.0008885436799823304,PASS,0.11503522048991634,-5.315085644098269,False,1.8441688408830155,B^{+},MONASH,0.00319415,PASS,0.108921
B-,HF_SYS_MUR_UP,c4,0.003288516014513576,0.003896867270461367,True,BEAUTY,0.0016194633022063283,PASS,0.11535148398548642,2.850865806743621,False,0.8438870986037548,B^{+},MONASH,0.00354442,PASS,0.11864
B-,HF_SYS_MUR_UP,c5,-0.0007725427531837387,0.004166688760592905,True,BEAUTY,0.0018172699269924754,PASS,0.11514554275318374,-0.6709271889400843,False,0.1854092776235604,B^{+},MONASH,0.00374951,PASS,0.114373
B-,HF_SYS_MUR_UP,c6,-0.007098657204714948,0.0032663432518197236,False,BEAUTY,0.001234332005219118,PASS,0.11752465720471494,-6.040142871763389,False,2.1732734919271546,B^{+},MONASH,0.00302414,PASS,0.110426
B-,HF_SYS_MUR_UP,c7,-0.00018196878496738733,0.0019260433916208845,True,BEAUTY,0.0008105801240509663,PASS,0.11567696878496739,-0.15730770513675044,False,0.09447802980920869,B^{+},MONASH,0.00174717,PASS,0.115495
B-,HF_SYS_MUR_UP,c8,0.0035690705023478375,0.0021995455608577598,True,BEAUTY,0.0006201551242947836,PASS,0.11529892949765216,3.0954931827190246,False,1.6226399515707246,B^{+},MONASH,0.00211031,PASS,0.118868
B-,HF_SYS_MUR_UP,c9,0.0007360138642840269,0.0007639459215397501,True,BEAUTY,0.00032253592146800974,PASS,0.11645998613571597,0.6319886243385925,False,0.963437127592192,B^{+},MONASH,0.00069252,PASS,0.117196
B-,HF_SYS_MUR_UP,c10,-0.0018796286970268056,0.0018431374109612536,True,BEAUTY,0.0005788872936806897,PASS,0.11658962869702681,-1.612174871841528,False,1.0197984620400715,B^{+},MONASH,0.00174987,PASS,0.11471
B-,HF_SYS_MUR_UP,c11,-0.0001993060165764865,0.0028917587608443093,True,BEAUTY,0.000695319239284961,PASS,0.11801730601657649,-0.16887863594216626,False,0.06892207582291372,B^{+},MONASH,0.00280692,PASS,0.117818
B-,HF_SYS_MUR_UP,MB,-0.0006575335272880484,0.0007246193919565807,True,BEAUTY,0.0002682482989294147,PASS,0.11625153352728805,-0.5656127771714113,False,0.907419170100609,B^{+},MONASH,0.000673139,PASS,0.115594
Lambda_b,HF_SYS_MUR_UP,c1,6.29436588103216e-05,0.0025104092813898905,True,BEAUTY,0.0009353532154157095,PASS,0.023007856341189677,0.2735746341463246,False,0.02507306648239955,B^{+},CLOSEPACKING,0.00232965,PASS,0.0230708
Lambda_b,HF_SYS_MUR_UP,c2,-0.0012517854951921113,0.003350565733181024,True,BEAUTY,0.0009494100456424991,PASS,0.02142248549519211,-5.8433252083333285,False,0.37360421936974425,B^{+},CLOSEPACKING,0.00321324,PASS,0.0201707
Lambda_b,HF_SYS_MUR_UP,c3,-0.001710852814019382,0.002358653941027166,True,BEAUTY,0.0007092870667952299,PASS,0.02284095281401938,-7.490286539050551,False,0.7253513473342875,B^{+},CLOSEPACKING,0.00224948,PASS,0.0211301
Lambda_b,HF_SYS_MUR_UP,c4,-0.0016275418804271857,0.00315827581710457,True,BEAUTY,0.0009017357488796491,PASS,0.025451641880427187,-6.394643960784304,False,0.5153260749465752,B^{+},CLOSEPACKING,0.00302681,PASS,0.0238241
Lambda_b,HF_SYS_MUR_UP,c5,0.0008803265879643862,0.0019220397052908751,True,BEAUTY,0.0004602934896504993,PASS,0.026918773412035614,3.2703072108433613,False,0.45801685862215863,B^{+},CLOSEPACKING,0.00186611,PASS,0.0277991
Lambda_b,HF_SYS_MUR_UP,c6,-0.0029860394256203716,0.0020880281663979185,True,BEAUTY,0.000546764569783973,PASS,0.02933303942562037,-10.179781857219588,False,1.4300762191209435,B^{+},CLOSEPACKING,0.00201517,PASS,0.026347
Lambda_b,HF_SYS_MUR_UP,c7,-0.0013277614940817688,0.00152460699234438,True,BEAUTY,0.0006104276338808525,PASS,0.03097186149408177,-4.286992870401035,False,0.8708877112258793,B^{+},CLOSEPACKING,0.00139707,PASS,0.0296441
Lambda_b,HF_SYS_MUR_UP,c8,-0.0013406839259810996,0.0018279593004243595,True,BEAUTY,0.0006574659741065797,PASS,0.0336299839259811,-3.9865731988808477,False,0.7334320439573576,B^{+},CLOSEPACKING,0.00170563,PASS,0.0322893
Lambda_b,HF_SYS_MUR_UP,c9,-0.0026855834000759984,0.0012068554861447128,False,BEAUTY,0.0005701809322816671,PASS,0.036198883400076,-7.418967514534881,False,2.225273390979948,B^{+},CLOSEPACKING,0.00106367,PASS,0.0335133
Lambda_b,HF_SYS_MUR_UP,c10,0.0023142286146667426,0.000933876785347109,False,BEAUTY,0.0003186126271591417,PASS,0.03814787138533326,6.066468535794885,False,2.4780877423851755,B^{+},CLOSEPACKING,0.000877845,PASS,0.0404621
Lambda_b,HF_SYS_MUR_UP,c11,0.001286592660580052,0.0012748266066464485,True,BEAUTY,0.0005760996477291917,PASS,0.039242507339419946,3.278568949358753,False,1.0092295327633263,B^{+},CLOSEPACKING,0.00113723,PASS,0.0405291
Lambda_b,HF_SYS_MUR_UP,MB,-0.0004467381301376666,0.0004651637722084678,True,BEAUTY,0.00022178538321136336,PASS,0.033295038130137664,-1.3417558748289666,False,0.9603889142455756,B^{+},CLOSEPACKING,0.000408887,PASS,0.0328483
Lambda_b,HF_SYS_MUR_UP,c1,-0.00039144150172791894,0.0017848198700136603,True,BEAUTY,0.0006586339240394317,PASS,0.02331134150172792,-1.6791890835579064,False,0.21931709093137955,B^{+},JUNCTIONS,0.00165885,PASS,0.0229199
Lambda_b,HF_SYS_MUR_UP,c2,-0.004373787950707447,0.002765457300364413,True,BEAUTY,0.0009425105134898106,PASS,0.025650387950707447,-17.051546975088993,False,1.5815785512692964,B^{+},JUNCTIONS,0.00259989,PASS,0.0212766
Lambda_b,HF_SYS_MUR_UP,c3,-0.0017567772259387757,0.002852582882383576,True,BEAUTY,0.0006119069442879285,PASS,0.025244877225938777,-6.958945413819285,False,0.6158549281032067,B^{+},JUNCTIONS,0.00278618,PASS,0.0234881
Lambda_b,HF_SYS_MUR_UP,c4,-0.0022135840237533025,0.004058159683174236,True,BEAUTY,0.0008038933427643372,PASS,0.026972884023753304,-8.206701299734725,False,0.5454649882140339,B^{+},JUNCTIONS,0.00397774,PASS,0.0247593
Lambda_b,HF_SYS_MUR_UP,c5,0.0022693104183657622,0.002703204707717434,True,BEAUTY,0.0007537927642433957,PASS,0.028787589581634236,7.8829469620253505,False,0.8394889265644817,B^{+},JUNCTIONS,0.00259598,PASS,0.0310569
Lambda_b,HF_SYS_MUR_UP,c6,-5.0403484914290225e-05,0.002086954203046554,True,BEAUTY,0.000515677445709698,PASS,0.03097330348491429,-0.16273202804744255,False,0.02415169668826981,B^{+},JUNCTIONS,0.00202224,PASS,0.0309229
Lambda_b,HF_SYS_MUR_UP,c7,0.0009997630577216407,0.001306505908613328,True,BEAUTY,0.0005578993898917058,PASS,0.03356533694227836,2.9785580864000063,False,0.765218933286531,B^{+},JUNCTIONS,0.0011814,PASS,0.0345651
Lambda_b,HF_SYS_MUR_UP,c8,0.0003116914599008286,0.0014101934176643815,True,BEAUTY,0.00030565533910590975,PASS,0.03509540854009917,0.8881260337650648,False,0.22102745339505583,B^{+},JUNCTIONS,0.00137667,PASS,0.0354071
Lambda_b,HF_SYS_MUR_UP,c9,0.0026495024911989407,0.0021138578850589643,True,BEAUTY,0.0007443198558589969,PASS,0.03871299750880106,6.843961102719053,False,1.2533966970655812,B^{+},JUNCTIONS,0.00197848,PASS,0.0413625
Lambda_b,HF_SYS_MUR_UP,c10,0.0011343428375672968,0.0017127736965563847,True,BEAUTY,0.0005709769659236898,PASS,0.0415365571624327,2.7309505531027525,False,0.6622841300330269,B^{+},JUNCTIONS,0.0016148,PASS,0.0426709
Lambda_b,HF_SYS_MUR_UP,c11,0.0019480910566861548,0.0017167014198161987,True,BEAUTY,0.00038752477688394654,PASS,0.043640508943313845,4.463951277966527,False,1.1347873510203832,B^{+},JUNCTIONS,0.00167239,PASS,0.0455886
Lambda_b,HF_SYS_MUR_UP,MB,0.0010915043911697217,0.0007076343594129218,True,BEAUTY,0.00030652287193737467,PASS,0.03653049560883028,2.9879265883977753,False,1.5424694641386152,B^{+},JUNCTIONS,0.000637801,PASS,0.037622
Lambda_b,HF_SYS_MUR_UP,c1,0.0022617663277656706,0.002623720740297657,True,BEAUTY,0.0006938236236019105,PASS,0.02125393367223433,10.641636332574015,False,0.8620453743522555,B^{+},MONASH,0.00253032,PASS,0.0235157
Lambda_b,HF_SYS_MUR_UP,c2,-0.0009121976908274612,0.001770508938155413,True,BEAUTY,0.0008398286001251731,PASS,0.01982039769082746,-4.602317799352788,False,0.5152177835249029,B^{+},MONASH,0.00155865,PASS,0.0189082
Lambda_b,HF_SYS_MUR_UP,c3,0.002481357647188563,0.0015884552617617346,True,BEAUTY,0.0004961851042892566,PASS,0.019533242352811436,12.70325531404375,False,1.5621199456612473,B^{+},MONASH,0.00150897,PASS,0.0220146
Lambda_b,HF_SYS_MUR_UP,c4,0.008360095108199114,0.0030905022116013616,False,BEAUTY,0.0006547440701624621,PASS,0.020021404891800886,41.75578663624509,False,2.7050927440907033,B^{+},MONASH,0.00302035,PASS,0.0283815
Lambda_b,HF_SYS_MUR_UP,c5,-0.002205248918536483,0.0009791597071762987,False,BEAUTY,0.0004017165301024778,PASS,0.01901404891853648,-11.597997501661112,False,2.2521851158438504,B^{+},MONASH,0.00089296,PASS,0.0168088
Lambda_b,HF_SYS_MUR_UP,c6,0.002482517464517678,0.0013563629389882297,True,BEAUTY,0.0005025423299193692,PASS,0.018871782535482322,13.15465277246652,False,1.8302752111241671,B^{+},MONASH,0.00125983,PASS,0.0213543
Lambda_b,HF_SYS_MUR_UP,c7,0.000978004780645917,0.0006566998988570187,True,BEAUTY,0.00023577003259493898,PASS,0.019446695219354083,5.029156726190524,False,1.4892720135150426,B^{+},MONASH,0.000612917,PASS,0.0204247
Lambda_b,HF_SYS_MUR_UP,c8,-0.0007452522809583174,0.001516055306835958,True,BEAUTY,0.0002814032858469685,PASS,0.019799152280958316,-3.7640615637622936,False,0.4915732807358301,B^{+},MONASH,0.00148971,PASS,0.0190539
Lambda_b,HF_SYS_MUR_UP,c9,0.0006214018157347477,0.0007808845187347053,True,BEAUTY,0.00020835787991706082,PASS,0.019462698184265253,3.1927834971880933,False,0.7957665965021652,B^{+},MONASH,0.000752574,PASS,0.0200841
Lambda_b,HF_SYS_MUR_UP,c10,0.00013471816410325424,0.0009638502671032079,True,BEAUTY,0.00011308801061971646,PASS,0.019260081835896746,0.6994682849798067,False,0.1397708427348797,B^{+},MONASH,0.000957193,PASS,0.0193948
Lambda_b,HF_SYS_MUR_UP,c11,-0.0005616709972237448,0.0008377633692416778,True,BEAUTY,0.0003098588606562151,PASS,0.019109570997223744,-2.939213011664913,False,0.6704411028762873,B^{+},MONASH,0.000778354,PASS,0.0185479
Lambda_b,HF_SYS_MUR_UP,MB,0.00045176094500332456,0.0002422797999434694,True,BEAUTY,9.650098256830112e-05,PASS,0.019420239054996676,2.3262378167641042,False,1.8646248886978316,B^{+},MONASH,0.000222232,PASS,0.019872
D-,HF_SYS_MUR_UP,c1,0.002000489147297446,0.001234974619754356,True,CHARM,0.00023349736923018277,PASS,0.17961051085270255,1.1137929165727025,False,1.6198625585482525,D^{+},CLOSEPACKING,0.0012127,PASS,0.181611
D-,HF_SYS_MUR_UP,c2,-0.0017107582525792975,0.0012009170596783256,True,CHARM,0.0005345850234774958,PASS,0.1782937582525793,-0.9595166254534594,False,1.4245432178618036,D^{+},CLOSEPACKING,0.00107537,PASS,0.176583
D-,HF_SYS_MUR_UP,c3,-0.0003411002394262119,0.0011233236509400374,True,CHARM,0.00024103103360616213,PASS,0.1759331002394262,-0.19388065063482132,False,0.30365268205718543,D^{+},CLOSEPACKING,0.00109716,PASS,0.175592
D-,HF_SYS_MUR_UP,c4,-0.001379261963161793,0.0008822436824053714,True,CHARM,0.0003446413537217927,PASS,0.1737752619631618,-0.7937044361666274,False,1.5633571434610203,D^{+},CLOSEPACKING,0.000812143,PASS,0.172396
D-,HF_SYS_MUR_UP,c5,-0.0023510832849340246,0.0011452138920561798,False,CHARM,0.00023903401109144176,PASS,0.17244208328493402,-1.3634045936740518,False,2.0529643425061503,D^{+},CLOSEPACKING,0.00111999,PASS,0.170091
D-,HF_SYS_MUR_UP,c6,0.0004036773857158671,0.0012725502762698992,True,CHARM,0.00037037191312867763,PASS,0.16971132261428412,0.23786119835583128,False,0.3172192040216491,D^{+},CLOSEPACKING,0.00121746,PASS,0.170115
D-,HF_SYS_MUR_UP,c7,6.516017248620054e-05,0.0010558636708725378,True,CHARM,0.00032798614996434097,PASS,0.1689968398275138,0.03855703606807447,False,0.061712675872590536,D^{+},CLOSEPACKING,0.00100363,PASS,0.169062
D-,HF_SYS_MUR_UP,c8,-0.001682219736102969,0.0010826810499343816,True,CHARM,0.0003120391454401431,PASS,0.16868321973610298,-0.99726560753033,False,1.5537537451172012,D^{+},CLOSEPACKING,0.00103674,PASS,0.167001
D-,HF_SYS_MUR_UP,c9,-0.0016047606433377826,0.0015198940694946801,True,CHARM,0.0004588092875968174,PASS,0.1700757606433378,-0.9435563523382332,False,1.0558371636197765,D^{+},CLOSEPACKING,0.00144899,PASS,0.168471
D-,HF_SYS_MUR_UP,c10,0.00046073345545802336,0.0016389842267318588,True,CHARM,0.0005017302118428087,PASS,0.17345426654454196,0.26562244021810205,False,0.281109145496005,D^{+},CLOSEPACKING,0.0015603,PASS,0.173915
D-,HF_SYS_MUR_UP,c11,-0.0011050311626424891,0.002494071996964877,True,CHARM,0.0005044227643003137,PASS,0.17969203116264248,-0.6149583570805683,False,0.44306305671497853,D^{+},CLOSEPACKING,0.00244253,PASS,0.178587
D-,HF_SYS_MUR_UP,MB,-0.0005831968719929859,0.00035485261805585493,True,CHARM,9.871019771074541e-05,PASS,0.17347719687199298,-0.3361807099196564,False,1.6434904022638177,D^{+},CLOSEPACKING,0.000340847,PASS,0.172894
D-,HF_SYS_MUR_UP,c1,-0.0005398639341085976,0.0010862415734894306,True,CHARM,0.0004281097214229009,PASS,0.1801638639341086,-0.2996516184322302,False,0.4970017234512067,D^{+},JUNCTIONS,0.00099832,PASS,0.179624
D-,HF_SYS_MUR_UP,c2,-0.0011942752351647157,0.0012956267198862758,True,CHARM,0.0002491254599258585,PASS,0.17884927523516472,-0.6677551438742992,False,0.9217741629082361,D^{+},JUNCTIONS,0.00127145,PASS,0.177655
D-,HF_SYS_MUR_UP,c3,-0.001001864281841125,0.0009223272355999573,True,CHARM,0.0003504337849130123,PASS,0.17665086428184112,-0.5671437192872607,False,1.0862351703074562,D^{+},JUNCTIONS,0.000853161,PASS,0.175649
D-,HF_SYS_MUR_UP,c4,-0.0004946895711180066,0.0017181008260288078,True,CHARM,0.000518231957718618,PASS,0.174327689571118,-0.2837699348480123,False,0.2879281376410397,D^{+},JUNCTIONS,0.00163808,PASS,0.173833
D-,HF_SYS_MUR_UP,c5,-9.266447467060068e-05,0.0014085781814519543,True,CHARM,0.00021293797491874072,PASS,0.1724606644746706,-0.05373078838172421,False,0.06578582281821423,D^{+},JUNCTIONS,0.00139239,PASS,0.172368
D-,HF_SYS_MUR_UP,c6,-0.0007615901285112914,0.0010231804676426094,True,CHARM,0.00043830481876925404,PASS,0.1718275901285113,-0.44322924388434465,False,0.7443360703180566,D^{+},JUNCTIONS,0.000924547,PASS,0.171066
D-,HF_SYS_MUR_UP,c7,0.0017280462258540408,0.0012782140174031579,True,CHARM,0.00037571001022852735,PASS,0.16994595377414595,1.0168210466196637,False,1.3519224498607596,D^{+},JUNCTIONS,0.00122175,PASS,0.171674
D-,HF_SYS_MUR_UP,c8,-0.0017301593434770612,0.00091206224896706,True,CHARM,0.00043987146716950327,PASS,0.17049315934347706,-1.0147969280054612,False,1.8969750644065386,D^{+},JUNCTIONS,0.000798981,PASS,0.168763
D-,HF_SYS_MUR_UP,c9,0.0020328629515338204,0.0009428863184630066,False,CHARM,0.00048518824672566253,PASS,0.16943013704846618,1.199823707250093,False,2.1560000518912803,D^{+},JUNCTIONS,0.000808472,PASS,0.171463
D-,HF_SYS_MUR_UP,c10,0.00029323077487650173,0.0013466585309372403,True,CHARM,0.0006300860047216141,PASS,0.1730157692251235,0.16948210916830228,False,0.21774694040100911,D^{+},JUNCTIONS,0.00119016,PASS,0.173309
D-,HF_SYS_MUR_UP,c11,0.0015924734074419244,0.0017758664737521589,True,CHARM,0.0007016416665199743,PASS,0.17949352659255807,0.8872038104509277,False,0.896730374146458,D^{+},JUNCTIONS,0.00163138,PASS,0.181086
D-,HF_SYS_MUR_UP,MB,-0.0001227657882597044,0.00039610639822640077,True,CHARM,0.00012988801596333668,PASS,0.1739737657882597,-0.07056569000703268,False,0.3099313437232986,D^{+},JUNCTIONS,0.000374205,PASS,0.173851
D-,HF_SYS_MUR_UP,c1,-0.0018525636751938745,0.0009786293068243122,True,CHARM,0.00033590570038395234,PASS,0.18888156367519388,-0.980807040744112,False,1.893018799125801,D^{+},MONASH,0.000919175,PASS,0.187029
D-,HF_SYS_MUR_UP,c2,-0.0013101673012717308,0.0013798083001115315,True,CHARM,0.0004754397427189635,PASS,0.18785416730127172,-0.6974385078029948,False,0.9495284969410812,D^{+},MONASH,0.00129531,PASS,0.186544
D-,HF_SYS_MUR_UP,c3,-0.0023846358040167936,0.0007340054054250103,False,CHARM,0.00033778390473368275,PASS,0.18851263580401678,-1.2649739864100835,False,3.2487986960205295,D^{+},MONASH,0.000651664,PASS,0.186128
D-,HF_SYS_MUR_UP,c4,0.0020894869212525202,0.0008468233552874083,False,CHARM,0.0002484985820809129,PASS,0.1903615130787475,1.0976414756632844,False,2.4674413007224594,D^{+},MONASH,0.000809542,PASS,0.192451
D-,HF_SYS_MUR_UP,c5,0.00037669378541035914,0.0012369977495441831,True,CHARM,0.0003809421189332759,PASS,0.19222730621458964,0.19596268232040018,False,0.30452261174215206,D^{+},MONASH,0.00117688,PASS,0.192604
D-,HF_SYS_MUR_UP,c6,-0.0007444352649440822,0.0014066336560501365,True,CHARM,0.0004642616139990186,PASS,0.1930014352649441,-0.38571488544743376,False,0.5292318022835282,D^{+},MONASH,0.00132781,PASS,0.192257
D-,HF_SYS_MUR_UP,c7,0.0010091353138342307,0.0011061214659026201,True,CHARM,0.00032758578621570504,PASS,0.19487486468616577,0.5178375956588257,False,0.9123187144829104,D^{+},MONASH,0.0010565,PASS,0.195884
D-,HF_SYS_MUR_UP,c8,0.00019697454472911158,0.0011295763842481695,True,CHARM,0.00040954048572902765,PASS,0.19728302545527088,0.09984363544433313,False,0.17437912785350512,D^{+},MONASH,0.00105272,PASS,0.19748
D-,HF_SYS_MUR_UP,c9,0.002065273171013904,0.0013306671868435877,True,CHARM,0.0005516993148828696,PASS,0.20004772682898608,1.0323902219491026,False,1.5520583895307736,D^{+},MONASH,0.00121091,PASS,0.202113
D-,HF_SYS_MUR_UP,c10,-0.0003487774547208111,0.002661577952411346,True,CHARM,0.0007727843880165889,PASS,0.2042507774547208,-0.17075942577409753,False,0.1310416080073193,D^{+},MONASH,0.00254692,PASS,0.203902
D-,HF_SYS_MUR_UP,c11,0.0012979660498602108,0.0023637771332468147,True,CHARM,0.0005633715470810793,PASS,0.2086940339501398,0.6219468881272929,False,0.5491067798246119,D^{+},MONASH,0.00229566,PASS,0.209992
D-,HF_SYS_MUR_UP,MB,-0.00015995697424164845,0.00027142493388676055,True,CHARM,0.00012214958755326323,PASS,0.19344595697424166,-0.08268819712936547,False,0.5893230660539944,D^{+},MONASH,0.000242386,PASS,0.193286
Lambda_c(+)-bar,HF_SYS_MUR_UP,c1,-0.00013431056851412326,0.0002885211633514471,True,CHARM,9.350564207935501e-05,PASS,0.019081810568514122,-0.7038670048205068,False,0.4655137493346366,D^{+},CLOSEPACKING,0.000272949,PASS,0.0189475
Lambda_c(+)-bar,HF_SYS_MUR_UP,c2,-0.0005158574648076418,0.00046869029594151485,True,CHARM,0.00010346296499590948,PASS,0.01850815746480764,-2.787189733978218,False,1.100636111467545,D^{+},CLOSEPACKING,0.000457128,PASS,0.0179923
Lambda_c(+)-bar,HF_SYS_MUR_UP,c3,-0.0004393200906418933,0.00022266415431435868,True,CHARM,6.544246875331439e-05,PASS,0.018675020090641894,-2.352447753788698,False,1.973016680635799,D^{+},CLOSEPACKING,0.00021283,PASS,0.0182357
Lambda_c(+)-bar,HF_SYS_MUR_UP,c4,0.0006411552597344883,0.0007166907887723997,True,CHARM,0.00010497612676320432,PASS,0.01916284474026551,3.3458250506370524,False,0.8946051348486086,D^{+},CLOSEPACKING,0.000708961,PASS,0.019804
Lambda_c(+)-bar,HF_SYS_MUR_UP,c5,-0.0002503616272859985,0.0004817564222684111,True,CHARM,0.00010856650450695932,PASS,0.020208661627286,-1.2388827716723056,False,0.5196850850625697,D^{+},CLOSEPACKING,0.000469364,PASS,0.0199583
Lambda_c(+)-bar,HF_SYS_MUR_UP,c6,-0.00036071492576024086,0.0003954346565868701,True,CHARM,9.801422654378224e-05,PASS,0.02116651492576024,-1.7041772206025316,False,0.9121985636607904,D^{+},CLOSEPACKING,0.000383095,PASS,0.0208058
Lambda_c(+)-bar,HF_SYS_MUR_UP,c7,8.370008873389775e-05,0.0006290869783911389,True,CHARM,0.00011843930011737374,PASS,0.0216860999112661,0.3859619252718415,False,0.1330501053255893,D^{+},CLOSEPACKING,0.000617837,PASS,0.0217698
Lambda_c(+)-bar,HF_SYS_MUR_UP,c8,0.00043429794970289634,0.0005081910186394326,True,CHARM,0.00013017790212161267,PASS,0.022934102050297105,1.8936775843694744,False,0.8545958778760625,D^{+},CLOSEPACKING,0.000491235,PASS,0.0233684
Lambda_c(+)-bar,HF_SYS_MUR_UP,c9,-0.0006331317967946497,0.000473118510470891,True,CHARM,0.00014698856593012454,PASS,0.023677731796794648,-2.673954592560928,False,1.3382097355787217,D^{+},CLOSEPACKING,0.000449706,PASS,0.0230446
Lambda_c(+)-bar,HF_SYS_MUR_UP,c10,0.001202674471475703,0.0006458182380723026,True,CHARM,0.00017206776557744102,PASS,0.023826225528524297,5.0476919646206,False,1.8622491601747821,D^{+},CLOSEPACKING,0.000622474,PASS,0.0250289
Lambda_c(+)-bar,HF_SYS_MUR_UP,c11,0.001712872508530014,0.0013740955961325072,True,CHARM,0.00027542211823081754,PASS,0.023714227491469987,7.222974094965289,False,1.2465453738087942,D^{+},CLOSEPACKING,0.00134621,PASS,0.0254271
Lambda_c(+)-bar,HF_SYS_MUR_UP,MB,1.529573274247978e-05,0.00014490583447765052,True,CHARM,3.961016405752752e-05,PASS,0.02075770426725752,0.07368701541146212,False,0.10555636215489245,D^{+},CLOSEPACKING,0.000139387,PASS,0.020773
Lambda_c(+)-bar,HF_SYS_MUR_UP,c1,0.00045742898923295874,0.00037085948182898786,True,CHARM,0.0001641501064680293,PASS,0.02105697101076704,2.172339929608404,False,1.2334294029022295,D^{+},JUNCTIONS,0.000332553,PASS,0.0215144
Lambda_c(+)-bar,HF_SYS_MUR_UP,c2,0.0005611576020404969,0.0006073579350895738,True,CHARM,0.00014797530260239692,PASS,0.020303442397959504,2.7638544786715245,False,0.9239322804891597,D^{+},JUNCTIONS,0.000589056,PASS,0.0208646
Lambda_c(+)-bar,HF_SYS_MUR_UP,c3,-0.00024724742927701923,0.0003860687876122605,True,CHARM,0.00015761856992245772,PASS,0.020723647429277018,-1.1930690778290514,False,0.6404232541205497,D^{+},JUNCTIONS,0.000352428,PASS,0.0204764
Lambda_c(+)-bar,HF_SYS_MUR_UP,c4,0.0004955543909348423,0.0008217949867429776,True,CHARM,0.00013004039278197686,PASS,0.02192634560906516,2.2600865633074845,False,0.6030146191313169,D^{+},JUNCTIONS,0.000811441,PASS,0.0224219
Lambda_c(+)-bar,HF_SYS_MUR_UP,c5,2.249734931036168e-05,0.0005702852910897737,True,CHARM,0.00010731572030391429,PASS,0.02302580265068964,0.09770495149139945,False,0.03944928908717053,D^{+},JUNCTIONS,0.000560097,PASS,0.0230483
Lambda_c(+)-bar,HF_SYS_MUR_UP,c6,2.79763334470641e-05,0.00045279133406294156,True,CHARM,0.00015095240196332866,PASS,0.024178323666552936,0.11570832549390155,False,0.061786371209956,D^{+},JUNCTIONS,0.000426888,PASS,0.0242063
Lambda_c(+)-bar,HF_SYS_MUR_UP,c7,0.00028203889880044214,0.0006076780230418252,True,CHARM,0.00011057528475668086,PASS,0.02539926110119956,1.1104216680819978,False,0.4641255535104813,D^{+},JUNCTIONS,0.000597533,PASS,0.0256813
Lambda_c(+)-bar,HF_SYS_MUR_UP,c8,0.00038538951399526636,0.00037628765838326137,True,CHARM,0.00018834403566494475,PASS,0.026458710486004733,1.4565695263157936,False,1.0241885573688798,D^{+},JUNCTIONS,0.000325759,PASS,0.0268441
Lambda_c(+)-bar,HF_SYS_MUR_UP,c9,0.0010027310159133503,0.000592043795574482,True,CHARM,9.939922674869792e-05,PASS,0.027858768984086648,3.5993371296704657,False,1.6936770951891544,D^{+},JUNCTIONS,0.00058364,PASS,0.0288615
Lambda_c(+)-bar,HF_SYS_MUR_UP,c10,-0.00011407516957555666,0.00078311270217239,True,CHARM,0.00025838845224727524,PASS,0.029223175169575556,-0.390358572994221,False,0.1456689046916325,D^{+},JUNCTIONS,0.000739257,PASS,0.0291091
Lambda_c(+)-bar,HF_SYS_MUR_UP,c11,0.0005921418957598422,0.0013382887873636194,True,CHARM,0.0003597837100025329,PASS,0.028907758104240157,2.0483840138159572,False,0.4424619718486474,D^{+},JUNCTIONS,0.00128902,PASS,0.0294999
Lambda_c(+)-bar,HF_SYS_MUR_UP,MB,0.0003095756271086353,0.00016151667798958624,True,CHARM,2.9563631792993432e-05,PASS,0.024020824372891363,1.288780194646467,False,1.916679013969041,D^{+},JUNCTIONS,0.000158788,PASS,0.0243304
Lambda_c(+)-bar,HF_SYS_MUR_UP,c1,0.00010250965844901122,0.0003497907641326083,True,CHARM,7.986184300699585e-05,PASS,0.02076729034155099,0.4936111392631272,False,0.2930599345674806,D^{+},MONASH,0.000340552,PASS,0.0208698
Lambda_c(+)-bar,HF_SYS_MUR_UP,c2,-1.5870684662685347e-05,0.00046946318171474735,True,CHARM,0.00014982393530318824,PASS,0.018778770684662684,-0.08451397021237136,False,0.03380602628882749,D^{+},MONASH,0.000444914,PASS,0.0187629
Lambda_c(+)-bar,HF_SYS_MUR_UP,c3,3.0362409716943456e-05,0.00032931935789300376,True,CHARM,7.458537952615321e-05,PASS,0.018277437590283056,0.16611961915867904,False,0.09219746422197336,D^{+},MONASH,0.000320762,PASS,0.0183078
Lambda_c(+)-bar,HF_SYS_MUR_UP,c4,-0.0007505107001684296,0.0005186133338488618,True,CHARM,0.000157075693631545,PASS,0.01803591070016843,-4.161202129712368,False,1.4471488702354673,D^{+},MONASH,0.000494254,PASS,0.0172854
Lambda_c(+)-bar,HF_SYS_MUR_UP,c5,0.00042139499828439467,0.00038049727892059353,True,CHARM,9.732375694544452e-05,PASS,0.018294705001715605,2.303371375733459,False,1.1074849194186647,D^{+},MONASH,0.00036784,PASS,0.0187161
Lambda_c(+)-bar,HF_SYS_MUR_UP,c6,0.0003876341694724651,0.00042676796045114623,True,CHARM,0.00011302918775091287,PASS,0.018419365830527536,2.10449248382925,False,0.9083019471815272,D^{+},MONASH,0.000411528,PASS,0.018807
Lambda_c(+)-bar,HF_SYS_MUR_UP,c7,-0.0003333970403031905,0.00029618645645212196,True,CHARM,0.00010789308638492427,PASS,0.01845899704030319,-1.8061492700565192,False,1.1256322935788374,D^{+},MONASH,0.000275836,PASS,0.0181256
Lambda_c(+)-bar,HF_SYS_MUR_UP,c8,-0.00033658103292414504,0.00043070703630925585,True,CHARM,0.00013134334494866,PASS,0.019037681032924143,-1.7679728552130647,False,0.7814616538617991,D^{+},MONASH,0.000410192,PASS,0.0187011
Lambda_c(+)-bar,HF_SYS_MUR_UP,c9,-0.000963563669759266,0.0002945354093972888,False,CHARM,0.0001628198814298443,PASS,0.019351963669759265,-4.979151915549522,False,3.271469707941118,D^{+},MONASH,0.00024544,PASS,0.0183884
Lambda_c(+)-bar,HF_SYS_MUR_UP,c10,-0.00026246402025142945,0.0005765985839477867,True,CHARM,0.00017086994589333968,PASS,0.01974566402025143,-1.3292235702088453,False,0.45519366082105506,D^{+},MONASH,0.000550699,PASS,0.0194832
Lambda_c(+)-bar,HF_SYS_MUR_UP,c11,0.0004890870880950304,0.0013599772173798117,True,CHARM,0.0002991400055026667,PASS,0.02009161291190497,2.4342848443254126,False,0.35962888337006543,D^{+},MONASH,0.00132667,PASS,0.0205807
Lambda_c(+)-bar,HF_SYS_MUR_UP,MB,-9.488297796575798e-05,0.00018245322401648316,True,CHARM,5.392579855698928e-05,PASS,0.018930082977965758,-0.5012285370127532,False,0.5200400183511478,D^{+},MONASH,0.000174302,PASS,0.0188352
B-,HF_SYS_PTHAT_1,c1,0.001405693602693589,0.005088810184508737,True,BEAUTY,0.001676701366212794,PASS,0.10639730639730641,1.3211740506328984,False,0.27623227271726025,B^{+},CLOSEPACKING,0.00480465,PASS,0.107803
B-,HF_SYS_PTHAT_1,c2,0.0041718000973749725,0.006926889583484114,True,BEAUTY,0.0023781473802480624,PASS,0.10475919990262503,3.982275639039542,False,0.6022616712877679,B^{+},CLOSEPACKING,0.00650586,PASS,0.108931
B-,HF_SYS_PTHAT_1,c3,-0.008820767910734884,0.004679400507803562,True,BEAUTY,0.001218349191460408,PASS,0.09907656791073488,-8.902980893203871,False,1.8850209329218575,B^{+},CLOSEPACKING,0.00451801,PASS,0.0902558
B-,HF_SYS_PTHAT_1,c4,-0.0035265049106697754,0.007924628084889362,True,BEAUTY,0.0014279735206638936,PASS,0.09831320491066978,-3.587010426395986,False,0.4450057306025624,B^{+},CLOSEPACKING,0.00779491,PASS,0.0947867
B-,HF_SYS_PTHAT_1,c5,-0.0022324167155853836,0.006647394086653599,True,BEAUTY,0.0009439562184642044,PASS,0.09090761671558538,-2.4556982090617865,False,0.33583336364358934,B^{+},CLOSEPACKING,0.00658003,PASS,0.0886752
B-,HF_SYS_PTHAT_1,c6,0.0006024760171306071,0.004422175407330487,True,BEAUTY,0.0009386431404418554,PASS,0.09100642398286939,0.6620148235293964,False,0.13623973760333058,B^{+},CLOSEPACKING,0.00432141,PASS,0.0916089
B-,HF_SYS_PTHAT_1,c7,-0.0034348909702189845,0.0038068741416292665,True,BEAUTY,0.0007056083206039759,PASS,0.08820359097021899,-3.8942756552607243,False,0.9022864540378315,B^{+},CLOSEPACKING,0.00374091,PASS,0.0847687
B-,HF_SYS_PTHAT_1,c8,-0.0005987131101266585,0.0021188322634436204,True,BEAUTY,0.0006376721733066418,PASS,0.08418081311012666,-0.7112227691878108,False,0.2825674879773651,B^{+},CLOSEPACKING,0.0020206,PASS,0.0835821
B-,HF_SYS_PTHAT_1,c9,0.00010809089181840204,0.0013805084501151436,True,BEAUTY,0.00044012480041383283,PASS,0.0815644091081816,0.13252212944378408,False,0.07829788496360637,B^{+},CLOSEPACKING,0.00130847,PASS,0.0816725
B-,HF_SYS_PTHAT_1,c10,-0.0004875983307618126,0.002480852254487239,True,BEAUTY,0.0005315865646293326,PASS,0.07840849833076181,-0.6218692375728286,False,0.19654468736696012,B^{+},CLOSEPACKING,0.00242323,PASS,0.0779209
B-,HF_SYS_PTHAT_1,c11,0.0015636210181630694,0.0030434854907970764,True,BEAUTY,0.0009018735103063632,PASS,0.07794947898183693,2.005941590100185,False,0.5137599712208792,B^{+},CLOSEPACKING,0.00290679,PASS,0.0795131
B-,HF_SYS_PTHAT_1,MB,-0.0006410821828266022,0.0011837140767773674,True,BEAUTY,0.00023312900862161167,PASS,0.0854966821828266,-0.7498328197762205,False,0.5415853333196246,B^{+},CLOSEPACKING,0.00116053,PASS,0.0848556
B-,HF_SYS_PTHAT_1,c1,-0.0025489833490417585,0.004583384599396023,True,BEAUTY,0.001740855415558867,PASS,0.10889098334904176,-2.3408580496249045,False,0.55613560105291,B^{+},JUNCTIONS,0.00423991,PASS,0.106342
B-,HF_SYS_PTHAT_1,c2,-0.008835888954815158,0.006487139202861903,True,BEAUTY,0.0014109041834255668,PASS,0.10684618895481515,-8.269727765912007,False,1.362062486791877,B^{+},JUNCTIONS,0.00633185,PASS,0.0980103
B-,HF_SYS_PTHAT_1,c3,0.002197817209453931,0.0029083516753667334,True,BEAUTY,0.0011249889003934592,PASS,0.10105618279054607,2.1748468512898746,False,0.7556916957701801,B^{+},JUNCTIONS,0.00268196,PASS,0.103254
B-,HF_SYS_PTHAT_1,c4,0.015048528940402109,0.007863848425134283,True,BEAUTY,0.0013986954214148806,PASS,0.10080847105959789,14.927841660752328,False,1.913634155549627,B^{+},JUNCTIONS,0.00773846,PASS,0.115857
B-,HF_SYS_PTHAT_1,c5,-0.005900812545766895,0.005214921295086361,True,BEAUTY,0.0015424865696482429,PASS,0.0969130125457669,-6.088772179051037,False,1.1315247559587907,B^{+},JUNCTIONS,0.00498158,PASS,0.0910122
B-,HF_SYS_PTHAT_1,c6,-0.005680290390591078,0.005210398019882728,True,BEAUTY,0.001052347093499978,PASS,0.09340439039059108,-6.081395496333406,False,1.0901835846158496,B^{+},JUNCTIONS,0.00510302,PASS,0.0877241
B-,HF_SYS_PTHAT_1,c7,-0.0009507031170114394,0.0039062362084067628,True,BEAUTY,0.0006427070217976796,PASS,0.08900990311701144,-1.0680869023772057,False,0.24338085724703343,B^{+},JUNCTIONS,0.003853,PASS,0.0880592
B-,HF_SYS_PTHAT_1,c8,-0.0033174627326369027,0.002714693753731444,True,BEAUTY,0.0007164368597779697,PASS,0.0869187627326369,-3.816739479876693,False,1.22203940244712,B^{+},JUNCTIONS,0.00261845,PASS,0.0836013
B-,HF_SYS_PTHAT_1,c9,-0.003186410801043274,0.0023691765161148563,True,BEAUTY,0.0009194631336329524,PASS,0.08332651080104328,-3.8240060341076694,False,1.344944447730968,B^{+},JUNCTIONS,0.00218348,PASS,0.0801401
B-,HF_SYS_PTHAT_1,c10,-0.002016624651951779,0.002472142337441477,True,BEAUTY,0.0005573720987550507,PASS,0.08119342465195178,-2.483729021895989,False,0.8157397013146369,B^{+},JUNCTIONS,0.00240849,PASS,0.0791768
B-,HF_SYS_PTHAT_1,c11,-0.003560034832149908,0.0028332783568007,True,BEAUTY,0.0006448034601452383,PASS,0.0803441348321499,-4.430982845962953,False,1.2565072625514466,B^{+},JUNCTIONS,0.00275893,PASS,0.0767841
B-,HF_SYS_PTHAT_1,MB,-0.002184904608714802,0.0014203387644037388,True,BEAUTY,0.0003470366861989376,PASS,0.0873033046087148,-2.502659685686973,False,1.5382982310083113,B^{+},JUNCTIONS,0.00137729,PASS,0.0851184
B-,HF_SYS_PTHAT_1,c1,-0.004033769547325122,0.005593971021279068,True,BEAUTY,0.0015343548031697136,PASS,0.11399176954732512,-3.5386498194946014,False,0.7210923209971861,B^{+},MONASH,0.00537943,PASS,0.109958
B-,HF_SYS_PTHAT_1,c2,0.0150969217447081,0.008765766893507042,True,BEAUTY,0.0023448555795409,PASS,0.11164207825529189,13.522609020396393,False,1.7222590935986053,B^{+},MONASH,0.00844632,PASS,0.126739
B-,HF_SYS_PTHAT_1,c3,-0.0022342204899163387,0.006039885517138263,True,BEAUTY,0.0008885436799823304,PASS,0.11503522048991634,-1.9422055961653797,False,0.36991106595923146,B^{+},MONASH,0.00597417,PASS,0.112801
B-,HF_SYS_PTHAT_1,c4,0.004813516014513575,0.007062258827888782,True,BEAUTY,0.0016194633022063283,PASS,0.11535148398548642,4.172912084181954,False,0.6815830645437482,B^{+},MONASH,0.00687407,PASS,0.120165
B-,HF_SYS_PTHAT_1,c5,-0.006109542753183747,0.003408403621704923,True,BEAUTY,0.0018172699269924754,PASS,0.11514554275318374,-5.3059307439104675,False,1.792493915414772,B^{+},MONASH,0.00288353,PASS,0.109036
B-,HF_SYS_PTHAT_1,c6,-0.005538657204714942,0.003447895457160534,True,BEAUTY,0.001234332005219118,PASS,0.11752465720471494,-4.71276184627981,False,1.6063878019306959,B^{+},MONASH,0.00321938,PASS,0.111986
B-,HF_SYS_PTHAT_1,c7,-0.002747968784967386,0.004105357761402346,True,BEAUTY,0.0008105801240509663,PASS,0.11567696878496739,-2.3755539359572966,False,0.6693615866571174,B^{+},MONASH,0.00402454,PASS,0.112929
B-,HF_SYS_PTHAT_1,c8,-0.0015759294976521593,0.003184636030551855,True,BEAUTY,0.0006201551242947836,PASS,0.11529892949765216,-1.3668205806579063,False,0.4948538804853852,B^{+},MONASH,0.00312367,PASS,0.113723
B-,HF_SYS_PTHAT_1,c9,-0.004130986135715969,0.003128590019008118,True,BEAUTY,0.00032253592146800974,PASS,0.11645998613571597,-3.547129166666694,False,1.3203986813924724,B^{+},MONASH,0.00311192,PASS,0.112329
B-,HF_SYS_PTHAT_1,c10,0.00018437130297319082,0.0028753262599720665,True,BEAUTY,0.0005788872936806897,PASS,0.11658962869702681,0.15813696727030793,False,0.06412187219928982,B^{+},MONASH,0.00281645,PASS,0.116774
B-,HF_SYS_PTHAT_1,c11,-0.003424306016576492,0.0039537113466488446,True,BEAUTY,0.000695319239284961,PASS,0.11801730601657649,-2.901528709777124,False,0.8660991449158081,B^{+},MONASH,0.00389209,PASS,0.114593
B-,HF_SYS_PTHAT_1,MB,-0.0021645335272880567,0.001488520195488971,True,BEAUTY,0.0002682482989294147,PASS,0.11625153352728805,-1.8619397625236227,False,1.454151266370302,B^{+},MONASH,0.00146415,PASS,0.114087
Lambda_b,HF_SYS_PTHAT_1,c1,-0.008122856341189677,0.002364895405972219,False,BEAUTY,0.0009353532154157095,PASS,0.023007856341189677,-35.30470731707318,False,3.4347634659344837,B^{+},CLOSEPACKING,0.00217206,PASS,0.014885
Lambda_b,HF_SYS_PTHAT_1,c2,-0.0004481854951921098,0.004660146397149653,True,BEAUTY,0.0009494100456424991,PASS,0.02142248549519211,-2.092126496212108,False,0.09617412351385343,B^{+},CLOSEPACKING,0.00456241,PASS,0.0209743
Lambda_b,HF_SYS_PTHAT_1,c3,0.0030285471859806193,0.002608349927966526,True,BEAUTY,0.0007092870667952299,PASS,0.02284095281401938,13.259285681470123,False,1.1610969653683239,B^{+},CLOSEPACKING,0.00251006,PASS,0.0258695
Lambda_b,HF_SYS_PTHAT_1,c4,-0.0007017418804271883,0.004228858701920359,True,BEAUTY,0.0009017357488796491,PASS,0.025451641880427187,-2.757157607843137,False,0.16594119829743226,B^{+},CLOSEPACKING,0.0041316,PASS,0.0247499
Lambda_b,HF_SYS_PTHAT_1,c5,0.0003248265879643858,0.0025212135653717702,True,BEAUTY,0.0004602934896504993,PASS,0.026918773412035614,1.2066916385542035,False,0.12883739498541366,B^{+},CLOSEPACKING,0.00247884,PASS,0.0272436
Lambda_b,HF_SYS_PTHAT_1,c6,-0.002902439425620372,0.002365779467251978,True,BEAUTY,0.000546764569783973,PASS,0.02933303942562037,-9.89477900161036,False,1.2268427661145282,B^{+},CLOSEPACKING,0.00230173,PASS,0.0264306
Lambda_b,HF_SYS_PTHAT_1,c7,0.0034759385059182323,0.0029025740596590084,True,BEAUTY,0.0006104276338808525,PASS,0.03097186149408177,11.222891806430264,False,1.1975365432455434,B^{+},CLOSEPACKING,0.00283766,PASS,0.0344478
Lambda_b,HF_SYS_PTHAT_1,c8,0.00011431607401889837,0.0018591161737524402,True,BEAUTY,0.0006574659741065797,PASS,0.0336299839259811,0.339923070645843,False,0.061489473133980004,B^{+},CLOSEPACKING,0.00173898,PASS,0.0337443
Lambda_b,HF_SYS_PTHAT_1,c9,-0.001321983400075999,0.0013722279989628512,True,BEAUTY,0.0005701809322816671,PASS,0.036198883400076,-3.652000492571059,False,0.9633846569776832,B^{+},CLOSEPACKING,0.00124816,PASS,0.0348769
Lambda_b,HF_SYS_PTHAT_1,c10,-0.002847171385333261,0.0024883818871277072,True,BEAUTY,0.0003186126271591417,PASS,0.03814787138533326,-7.463513118658345,False,1.1441858663501596,B^{+},CLOSEPACKING,0.0024679,PASS,0.0353007
Lambda_b,HF_SYS_PTHAT_1,c11,0.0018221926605800562,0.0033086017843968014,True,BEAUTY,0.0005760996477291917,PASS,0.039242507339419946,4.6434154801052285,False,0.5507440240083967,B^{+},CLOSEPACKING,0.00325806,PASS,0.0410647
Lambda_b,HF_SYS_PTHAT_1,MB,-0.0005662381301376612,0.0007778198616043507,True,BEAUTY,0.00022178538321136336,PASS,0.033295038130137664,-1.7006682134570663,False,0.7279810635970703,B^{+},CLOSEPACKING,0.00074553,PASS,0.0327288
Lambda_b,HF_SYS_PTHAT_1,c1,-0.0023289415017279207,0.0032243851516057416,True,BEAUTY,0.0006586339240394317,PASS,0.02331134150172792,-9.99059407008083,False,0.7222901087260339,B^{+},JUNCTIONS,0.0031564,PASS,0.0209824
Lambda_b,HF_SYS_PTHAT_1,c2,-0.005016587950707446,0.0027970408720000544,True,BEAUTY,0.0009425105134898106,PASS,0.025650387950707447,-19.557551957295395,False,1.7935340169413687,B^{+},JUNCTIONS,0.00263346,PASS,0.0206338
Lambda_b,HF_SYS_PTHAT_1,c3,-0.003943077225938778,0.0019177519934985832,False,BEAUTY,0.0006119069442879285,PASS,0.025244877225938777,-15.619316309794996,False,2.056093404833523,B^{+},JUNCTIONS,0.00181751,PASS,0.0213018
Lambda_b,HF_SYS_PTHAT_1,c4,0.0005286159762466977,0.0048279183067799335,True,BEAUTY,0.0008038933427643372,PASS,0.026972884023753304,1.9598051724138184,False,0.10949149149942174,B^{+},JUNCTIONS,0.00476052,PASS,0.0275015
Lambda_b,HF_SYS_PTHAT_1,c5,-0.003553689581634236,0.0031863167746358336,True,BEAUTY,0.0007537927642433957,PASS,0.028787589581634236,-12.34451940325494,False,1.1152970131290194,B^{+},JUNCTIONS,0.00309587,PASS,0.0252339
Lambda_b,HF_SYS_PTHAT_1,c6,-0.0021846034849142895,0.0030228305639604875,True,BEAUTY,0.000515677445709698,PASS,0.03097330348491429,-7.053182060409902,False,0.7227012691217599,B^{+},JUNCTIONS,0.00297852,PASS,0.0287887
Lambda_b,HF_SYS_PTHAT_1,c7,-0.004153536942278362,0.0021342967313242875,True,BEAUTY,0.0005578993898917058,PASS,0.03356533694227836,-12.374483084800003,False,1.9460916007218816,B^{+},JUNCTIONS,0.00206009,PASS,0.0294118
Lambda_b,HF_SYS_PTHAT_1,c8,-0.0010654085400991706,0.002517990385848196,True,BEAUTY,0.00030565533910590975,PASS,0.03509540854009917,-3.0357490749305867,False,0.42311858936676716,B^{+},JUNCTIONS,0.00249937,PASS,0.03403
Lambda_b,HF_SYS_PTHAT_1,c9,-0.00019909750880106603,0.002047948841603705,True,BEAUTY,0.0007443198558589969,PASS,0.03871299750880106,-0.5142911208459199,False,0.09721800894457745,B^{+},JUNCTIONS,0.0019079,PASS,0.0385139
Lambda_b,HF_SYS_PTHAT_1,c10,-0.0001169571624327001,0.002048829073206309,True,BEAUTY,0.0005709769659236898,PASS,0.0415365571624327,-0.28157644836891,False,0.05708488031637912,B^{+},JUNCTIONS,0.00196766,PASS,0.0414196
Lambda_b,HF_SYS_PTHAT_1,c11,0.0006232910566861538,0.0024670167581106847,True,BEAUTY,0.00038752477688394654,PASS,0.043640508943313845,1.4282396603022387,False,0.252649705210551,B^{+},JUNCTIONS,0.00243639,PASS,0.0442638
Lambda_b,HF_SYS_PTHAT_1,MB,-0.0014006956088302783,0.0006092001526959232,False,BEAUTY,0.00030652287193737467,PASS,0.03653049560883028,-3.834318657564824,False,2.2992371269634644,B^{+},JUNCTIONS,0.000526468,PASS,0.0351298
Lambda_b,HF_SYS_PTHAT_1,c1,0.001045166327765669,0.002473618136064677,True,BEAUTY,0.0006938236236019105,PASS,0.02125393367223433,4.917519476081979,False,0.42252533344877663,B^{+},MONASH,0.00237432,PASS,0.0222991
Lambda_b,HF_SYS_PTHAT_1,c2,0.0002723023091725403,0.002951639308450172,True,BEAUTY,0.0008398286001251731,PASS,0.01982039769082746,1.373848867313884,False,0.09225460183870471,B^{+},MONASH,0.00282964,PASS,0.0200927
Lambda_b,HF_SYS_PTHAT_1,c3,0.002028257647188565,0.0021149678345824888,True,BEAUTY,0.0004961851042892566,PASS,0.019533242352811436,10.38361993648554,False,0.9590016519513448,B^{+},MONASH,0.00205594,PASS,0.0215615
Lambda_b,HF_SYS_PTHAT_1,c4,-0.0023259048918008868,0.002844110369836745,True,BEAUTY,0.0006547440701624621,PASS,0.020021404891800886,-11.617091329856605,False,0.8177969872295766,B^{+},MONASH,0.00276772,PASS,0.0176955
Lambda_b,HF_SYS_PTHAT_1,c5,0.0018996510814635187,0.0014758733661996801,True,BEAUTY,0.0004017165301024778,PASS,0.01901404891853648,9.99077623920269,False,1.287136908199008,B^{+},MONASH,0.00142015,PASS,0.0209137
Lambda_b,HF_SYS_PTHAT_1,c6,0.00041571746451767727,0.0014456961938667432,True,BEAUTY,0.0005025423299193692,PASS,0.018871782535482322,2.2028521351178894,False,0.28755520439309945,B^{+},MONASH,0.00135554,PASS,0.0192875
Lambda_b,HF_SYS_PTHAT_1,c7,-0.0008332952193540848,0.0024516729807153763,True,BEAUTY,0.00023577003259493898,PASS,0.019446695219354083,-4.285022261904727,False,0.33988840514567187,B^{+},MONASH,0.00244031,PASS,0.0186134
Lambda_b,HF_SYS_PTHAT_1,c8,-0.001681552280958315,0.0011530165791459681,True,BEAUTY,0.0002814032858469685,PASS,0.019799152280958316,-8.493051909982707,False,1.4583938439149156,B^{+},MONASH,0.00111815,PASS,0.0181176
Lambda_b,HF_SYS_PTHAT_1,c9,0.0004624018157347483,0.0011372399246524596,True,BEAUTY,0.00020835787991706082,PASS,0.019462698184265253,2.375836132055832,False,0.406600054844239,B^{+},MONASH,0.00111799,PASS,0.0199251
Lambda_b,HF_SYS_PTHAT_1,c10,-0.00012558183589674726,0.001566198119730044,True,BEAUTY,0.00011308801061971646,PASS,0.019260081835896746,-0.6520316838046301,False,0.08018259906887963,B^{+},MONASH,0.00156211,PASS,0.0191345
Lambda_b,HF_SYS_PTHAT_1,c11,0.0011127290027762547,0.0008856437333528464,True,BEAUTY,0.0003098588606562151,PASS,0.019109570997223744,5.8228884517497175,False,1.256407018840087,B^{+},MONASH,0.00082967,PASS,0.0202223
Lambda_b,HF_SYS_PTHAT_1,MB,0.00016526094500332253,0.0005605096067300252,True,BEAUTY,9.650098256830112e-05,PASS,0.019420239054996676,0.8509727636993334,False,0.2948405219447417,B^{+},MONASH,0.00055214,PASS,0.0195855
D-,HF_SYS_PTHAT_1,c1,-0.0075025108527025375,0.0009920465616156413,False,CHARM,0.00023349736923018277,PASS,0.17961051085270255,-4.1771001135091135,False,7.56266000305872,D^{+},CLOSEPACKING,0.000964176,PASS,0.172108
D-,HF_SYS_PTHAT_1,c2,-0.009489758252579278,0.0013994028870294767,False,CHARM,0.0005345850234774958,PASS,0.1782937582525793,-5.322540926607,False,6.781291035295247,D^{+},CLOSEPACKING,0.00129327,PASS,0.168804
D-,HF_SYS_PTHAT_1,c3,-0.010193100239426212,0.0009770489594003234,False,CHARM,0.00024103103360616213,PASS,0.1759331002394262,-5.793736497313176,False,10.432537838925043,D^{+},CLOSEPACKING,0.000946852,PASS,0.16574
D-,HF_SYS_PTHAT_1,c4,-0.007794261963161797,0.001864970987762327,False,CHARM,0.0003446413537217927,PASS,0.1737752619631618,-4.485254043129617,False,4.179293948434925,D^{+},CLOSEPACKING,0.00183285,PASS,0.165981
D-,HF_SYS_PTHAT_1,c5,-0.006928083284934022,0.0017958789682098468,False,CHARM,0.00023903401109144176,PASS,0.17244208328493402,-4.017629080417934,False,3.8577673705038245,D^{+},CLOSEPACKING,0.0017799,PASS,0.165514
D-,HF_SYS_PTHAT_1,c6,-0.0021453226142841286,0.0017006501647706964,True,CHARM,0.00037037191312867763,PASS,0.16971132261428412,-1.2641010518549591,False,1.2614720291832557,D^{+},CLOSEPACKING,0.00165983,PASS,0.167566
D-,HF_SYS_PTHAT_1,c7,-0.0006668398275137821,0.001360302813151701,True,CHARM,0.00032798614996434097,PASS,0.1689968398275138,-0.39458715807608624,False,0.49021425308146893,D^{+},CLOSEPACKING,0.00132017,PASS,0.16833
D-,HF_SYS_PTHAT_1,c8,-0.0005442197361029688,0.002600975513992205,True,CHARM,0.0003120391454401431,PASS,0.16868321973610298,-0.3226282596184583,False,0.20923677796091694,D^{+},CLOSEPACKING,0.00258219,PASS,0.168139
D-,HF_SYS_PTHAT_1,c9,-0.0003297606433377842,0.0017117061159220934,True,CHARM,0.0004588092875968174,PASS,0.1700757606433378,-0.193890441583453,False,0.19265026879929248,D^{+},CLOSEPACKING,0.00164907,PASS,0.169746
D-,HF_SYS_PTHAT_1,c10,-0.0017532665445419704,0.0020245550537033633,True,CHARM,0.0005017302118428087,PASS,0.17345426654454196,-1.0107947065641898,False,0.8660009226890888,D^{+},CLOSEPACKING,0.0019614,PASS,0.171701
D-,HF_SYS_PTHAT_1,c11,0.0063789688373575015,0.004114338490589267,True,CHARM,0.0005044227643003137,PASS,0.17969203116264248,3.549945312590842,False,1.5504239264581967,D^{+},CLOSEPACKING,0.0040833,PASS,0.186071
D-,HF_SYS_PTHAT_1,MB,-0.004855196871992984,0.0003442591778705318,False,CHARM,9.871019771074541e-05,PASS,0.17347719687199298,-2.79875220463447,False,14.10331861600772,D^{+},CLOSEPACKING,0.000329804,PASS,0.168622
D-,HF_SYS_PTHAT_1,c1,-0.009686863934108614,0.0008929090212030529,False,CHARM,0.0004281097214229009,PASS,0.1801638639341086,-5.376696371061066,False,10.848657258560458,D^{+},JUNCTIONS,0.000783587,PASS,0.170477
D-,HF_SYS_PTHAT_1,c2,-0.010926275235164734,0.0016025820118743598,False,CHARM,0.0002491254599258585,PASS,0.17884927523516472,-6.109208561677441,False,6.817919553699158,D^{+},JUNCTIONS,0.0015831,PASS,0.167923
D-,HF_SYS_PTHAT_1,c3,-0.010629864281841123,0.0007443759155107447,False,CHARM,0.0003504337849130123,PASS,0.17665086428184112,-6.017442555436069,False,14.28023671957141,D^{+},JUNCTIONS,0.000656728,PASS,0.166021
D-,HF_SYS_PTHAT_1,c4,-0.009792689571118007,0.0009370860366102313,False,CHARM,0.000518231957718618,PASS,0.174327689571118,-5.6174034057412445,False,10.45014992064293,D^{+},JUNCTIONS,0.000780747,PASS,0.164535
D-,HF_SYS_PTHAT_1,c5,-0.00881466447467058,0.0010595476705002444,False,CHARM,0.00021293797491874072,PASS,0.1724606644746706,-5.111115918241865,False,8.319271251390616,D^{+},JUNCTIONS,0.00103793,PASS,0.163646
D-,HF_SYS_PTHAT_1,c6,-0.007772590128511281,0.001463429252357745,False,CHARM,0.00043830481876925404,PASS,0.1718275901285113,-4.523482010483937,False,5.31121686681388,D^{+},JUNCTIONS,0.00139625,PASS,0.164055
D-,HF_SYS_PTHAT_1,c7,-0.004299953774145965,0.001213458561585817,False,CHARM,0.00037571001022852735,PASS,0.16994595377414595,-2.530188968111885,False,3.5435522153525696,D^{+},JUNCTIONS,0.00115383,PASS,0.165646
D-,HF_SYS_PTHAT_1,c8,-0.0005361593434770606,0.0015289891530451912,True,CHARM,0.00043987146716950327,PASS,0.17049315934347706,-0.314475575173611,False,0.35066262073162907,D^{+},JUNCTIONS,0.00146435,PASS,0.169957
D-,HF_SYS_PTHAT_1,c9,-0.0004921370484661791,0.0020339374826087264,True,CHARM,0.00048518824672566253,PASS,0.16943013704846618,-0.29046606290910415,False,0.24196272140821387,D^{+},JUNCTIONS,0.00197522,PASS,0.168938
D-,HF_SYS_PTHAT_1,c10,0.00202223077487651,0.0029013833516007576,True,CHARM,0.0006300860047216141,PASS,0.1730157692251235,1.1688129838877503,False,0.6969884809467871,D^{+},JUNCTIONS,0.00283214,PASS,0.175038
D-,HF_SYS_PTHAT_1,c11,-0.0014675265925580827,0.003798406069629329,True,CHARM,0.0007016416665199743,PASS,0.17949352659255807,-0.8175930466223997,False,0.386353266516682,D^{+},JUNCTIONS,0.00373304,PASS,0.178026
D-,HF_SYS_PTHAT_1,MB,-0.006412765788259722,0.00027366957195656955,False,CHARM,0.00012988801596333668,PASS,0.1739737657882597,-3.6860533306295054,False,23.43251294768498,D^{+},JUNCTIONS,0.000240882,PASS,0.167561
D-,HF_SYS_PTHAT_1,c1,-0.010806563675193864,0.001097212632287121,False,CHARM,0.00033590570038395234,PASS,0.18888156367519388,-5.721343822511518,False,9.849106141503098,D^{+},MONASH,0.00104453,PASS,0.178075
D-,HF_SYS_PTHAT_1,c2,-0.011292167301271722,0.001193028326971608,False,CHARM,0.0004754397427189635,PASS,0.18785416730127172,-6.011134841188735,False,9.465129239584648,D^{+},MONASH,0.0010942,PASS,0.176562
D-,HF_SYS_PTHAT_1,c3,-0.009612635804016778,0.001151488017826123,False,CHARM,0.00033778390473368275,PASS,0.18851263580401678,-5.099199723678128,False,8.348012011592035,D^{+},MONASH,0.00110083,PASS,0.1789
D-,HF_SYS_PTHAT_1,c4,-0.007895513078747501,0.0014784238760910974,False,CHARM,0.0002484985820809129,PASS,0.1903615130787475,-4.147641480177423,False,5.3404934852803985,D^{+},MONASH,0.00145739,PASS,0.182466
D-,HF_SYS_PTHAT_1,c5,-0.004692306214589631,0.0012573273364074186,False,CHARM,0.0003809421189332759,PASS,0.19222730621458964,-2.441019596535081,False,3.7319686598058324,D^{+},MONASH,0.00119823,PASS,0.187535
D-,HF_SYS_PTHAT_1,c6,-0.0022164352649440833,0.0015591544859740404,True,CHARM,0.0004642616139990186,PASS,0.1930014352649441,-1.1484035141507918,False,1.4215623178349925,D^{+},MONASH,0.00148843,PASS,0.190785
D-,HF_SYS_PTHAT_1,c7,-0.002586864686165785,0.00105136929018997,False,CHARM,0.00032758578621570504,PASS,0.19487486468616577,-1.327449125022755,False,2.460471986677839,D^{+},MONASH,0.000999032,PASS,0.192288
D-,HF_SYS_PTHAT_1,c8,0.0005809745447291348,0.001956082682902532,True,CHARM,0.00040954048572902765,PASS,0.19728302545527088,0.2944878523575038,False,0.2970091958827917,D^{+},MONASH,0.00191273,PASS,0.197864
D-,HF_SYS_PTHAT_1,c9,0.00436727317101393,0.002148588382297137,False,CHARM,0.0005516993148828696,PASS,0.20004772682898608,2.1831156195778028,False,2.0326243998139435,D^{+},MONASH,0.00207655,PASS,0.204415
D-,HF_SYS_PTHAT_1,c10,0.0014862225452791922,0.0021909705009338152,True,CHARM,0.0007727843880165889,PASS,0.2042507774547208,0.727645967276019,False,0.6783398245872083,D^{+},MONASH,0.00205016,PASS,0.205737
D-,HF_SYS_PTHAT_1,c11,0.0010629660498601978,0.004157101040696573,True,CHARM,0.0005633715470810793,PASS,0.2086940339501398,0.5093418483223898,False,0.25569887271301084,D^{+},MONASH,0.00411875,PASS,0.209757
D-,HF_SYS_PTHAT_1,MB,-0.007379956974241653,0.0003651722833245047,False,CHARM,0.00012214958755326323,PASS,0.19344595697424166,-3.8149967513791627,False,20.20952112535761,D^{+},MONASH,0.000344137,PASS,0.186066
Lambda_c(+)-bar,HF_SYS_PTHAT_1,c1,-0.0010121105685141213,0.00030057720251155517,False,CHARM,9.350564207935501e-05,PASS,0.019081810568514122,-5.304059407151599,False,3.367223329171854,D^{+},CLOSEPACKING,0.000285663,PASS,0.0180697
Lambda_c(+)-bar,HF_SYS_PTHAT_1,c2,-0.0012807574648076407,0.0004710304118151447,False,CHARM,0.00010346296499590948,PASS,0.01850815746480764,-6.919962007255118,False,2.719054720632927,D^{+},CLOSEPACKING,0.000459527,PASS,0.0172274
Lambda_c(+)-bar,HF_SYS_PTHAT_1,c3,-0.0010014200906418927,0.0003363057416184394,False,CHARM,6.544246875331439e-05,PASS,0.018675020090641894,-5.362350807556599,False,2.977707385614809,D^{+},CLOSEPACKING,0.000329877,PASS,0.0176736
Lambda_c(+)-bar,HF_SYS_PTHAT_1,c4,-0.00051234474026551,0.0007899848743053278,True,CHARM,0.00010497612676320432,PASS,0.01916284474026551,-2.6736361287160917,False,0.6485500633363894,D^{+},CLOSEPACKING,0.000782979,PASS,0.0186505
Lambda_c(+)-bar,HF_SYS_PTHAT_1,c5,-0.0005308616272860014,0.00036674088633510666,True,CHARM,0.00010856650450695932,PASS,0.020208661627286,-2.626901459764288,False,1.4475114367284665,D^{+},CLOSEPACKING,0.000350303,PASS,0.0196778
Lambda_c(+)-bar,HF_SYS_PTHAT_1,c6,0.0004930850742397609,0.0006219279547833301,True,CHARM,9.801422654378224e-05,PASS,0.02116651492576024,2.329552484049524,False,0.7928331094419835,D^{+},CLOSEPACKING,0.000614156,PASS,0.0216596
Lambda_c(+)-bar,HF_SYS_PTHAT_1,c7,9.010008873389791e-05,0.0005062156210917374,True,CHARM,0.00011843930011737374,PASS,0.0216860999112661,0.41547391694479,False,0.1779875708686789,D^{+},CLOSEPACKING,0.000492165,PASS,0.0217762
Lambda_c(+)-bar,HF_SYS_PTHAT_1,c8,-0.0013275020502971045,0.0006852133397393721,True,CHARM,0.00013017790212161267,PASS,0.022934102050297105,-5.788332359321246,False,1.93735581797347,D^{+},CLOSEPACKING,0.000672734,PASS,0.0216066
Lambda_c(+)-bar,HF_SYS_PTHAT_1,c9,-0.0011612317967946498,0.0009398128172796935,True,CHARM,0.00014698856593012454,PASS,0.023677731796794648,-4.904320256519886,False,1.2355990208304009,D^{+},CLOSEPACKING,0.000928247,PASS,0.0225165
Lambda_c(+)-bar,HF_SYS_PTHAT_1,c10,0.0030984744714757026,0.0008799786974778499,False,CHARM,0.00017206776557744102,PASS,0.023826225528524297,13.004470505688234,False,3.5210789537933045,D^{+},CLOSEPACKING,0.000862992,PASS,0.0269247
Lambda_c(+)-bar,HF_SYS_PTHAT_1,c11,0.0014371725085300137,0.0015871401660882856,True,CHARM,0.00027542211823081754,PASS,0.023714227491469987,6.060380879145082,False,0.9055107666212703,D^{+},CLOSEPACKING,0.00156306,PASS,0.0251514
Lambda_c(+)-bar,HF_SYS_PTHAT_1,MB,-0.0010582042672575183,0.0002124266285042067,False,CHARM,3.961016405752752e-05,PASS,0.02075770426725752,-5.097886806908088,False,4.981504789248032,D^{+},CLOSEPACKING,0.000208701,PASS,0.0196995
Lambda_c(+)-bar,HF_SYS_PTHAT_1,c1,-0.0016518710107670392,0.0003240622211820831,False,CHARM,0.0001641501064680293,PASS,0.02105697101076704,-7.844770313462414,False,5.097388411217768,D^{+},JUNCTIONS,0.000279412,PASS,0.0194051
Lambda_c(+)-bar,HF_SYS_PTHAT_1,c2,-0.0002540423979595051,0.0008787200301696047,True,CHARM,0.00014797530260239692,PASS,0.020303442397959504,-1.2512282054447887,False,0.28910504966009654,D^{+},JUNCTIONS,0.000866171,PASS,0.0200494
Lambda_c(+)-bar,HF_SYS_PTHAT_1,c3,-0.0006933474292770171,0.0004696904892590446,True,CHARM,0.00015761856992245772,PASS,0.020723647429277018,-3.3456824221854937,False,1.4761794099148147,D^{+},JUNCTIONS,0.000442454,PASS,0.0200303
Lambda_c(+)-bar,HF_SYS_PTHAT_1,c4,-0.0014096456090651605,0.0003995397476846212,False,CHARM,0.00013004039278197686,PASS,0.02192634560906516,-6.429003875969013,False,3.5281736478891497,D^{+},JUNCTIONS,0.000377785,PASS,0.0205167
Lambda_c(+)-bar,HF_SYS_PTHAT_1,c5,-0.0003114026506896399,0.00034865474298845835,True,CHARM,0.00010731572030391429,PASS,0.02302580265068964,-1.3524073640938339,False,0.8931547812041334,D^{+},JUNCTIONS,0.000331728,PASS,0.0227144
Lambda_c(+)-bar,HF_SYS_PTHAT_1,c6,-0.00033922366655293745,0.00047209128344791364,True,CHARM,0.00015095240196332866,PASS,0.024178323666552936,-1.4030073847601032,False,0.7185552422731066,D^{+},JUNCTIONS,0.000447307,PASS,0.0238391
Lambda_c(+)-bar,HF_SYS_PTHAT_1,c7,-0.001273061101199558,0.0005260516657135695,False,CHARM,0.00011057528475668086,PASS,0.02539926110119956,-5.012197386873722,False,2.4200305486585583,D^{+},JUNCTIONS,0.000514299,PASS,0.0241262
Lambda_c(+)-bar,HF_SYS_PTHAT_1,c8,-0.001761810486004732,0.0007776284468790722,False,CHARM,0.00018834403566494475,PASS,0.026458710486004733,-6.658716368421043,False,2.2656199025068697,D^{+},JUNCTIONS,0.000754475,PASS,0.0246969
Lambda_c(+)-bar,HF_SYS_PTHAT_1,c9,0.001268431015913351,0.0011201987389201254,True,CHARM,9.939922674869792e-05,PASS,0.027858768984086648,4.553076328095825,False,1.1323267665308407,D^{+},JUNCTIONS,0.00111578,PASS,0.0291272
Lambda_c(+)-bar,HF_SYS_PTHAT_1,c10,-4.597516957555517e-05,0.0011474900054705235,True,CHARM,0.00025838845224727524,PASS,0.029223175169575556,-0.15732434723048244,False,0.04006585622216661,D^{+},JUNCTIONS,0.00111802,PASS,0.0291772
Lambda_c(+)-bar,HF_SYS_PTHAT_1,c11,-0.00022255810424015587,0.0014664017233975096,True,CHARM,0.0003597837100025329,PASS,0.028907758104240157,-0.7698905720658819,False,0.15177157847612896,D^{+},JUNCTIONS,0.00142158,PASS,0.0286852
Lambda_c(+)-bar,HF_SYS_PTHAT_1,MB,-0.0015374243728913627,0.0002075305272021244,False,CHARM,2.9563631792993432e-05,PASS,0.024020824372891363,-6.4003813900176505,False,7.408184201228323,D^{+},JUNCTIONS,0.000205414,PASS,0.0224834
Lambda_c(+)-bar,HF_SYS_PTHAT_1,c1,-0.0019417903415509911,0.0005599424126572965,False,CHARM,7.986184300699585e-05,PASS,0.02076729034155099,-9.350234477465152,False,3.467839366437548,D^{+},MONASH,0.000554218,PASS,0.0188255
Lambda_c(+)-bar,HF_SYS_PTHAT_1,c2,-0.0013008706846626833,0.00029885176840489656,False,CHARM,0.00014982393530318824,PASS,0.018778770684662684,-6.9273474100472,False,4.352896058156198,D^{+},MONASH,0.000258583,PASS,0.0174779
Lambda_c(+)-bar,HF_SYS_PTHAT_1,c3,-0.0010726375902830564,0.00029708110541577754,False,CHARM,7.458537952615321e-05,PASS,0.018277437590283056,-5.86864315626666,False,3.6105883906075236,D^{+},MONASH,0.000287566,PASS,0.0172048
Lambda_c(+)-bar,HF_SYS_PTHAT_1,c4,-0.0009274107001684302,0.000555028395466242,True,CHARM,0.000157075693631545,PASS,0.01803591070016843,-5.142023131439488,False,1.6709247810454364,D^{+},MONASH,0.000532338,PASS,0.0171085
Lambda_c(+)-bar,HF_SYS_PTHAT_1,c5,-0.0015078050017156043,0.00041549416107928156,False,CHARM,9.732375694544452e-05,PASS,0.018294705001715605,-8.241756298197801,False,3.6289439009177697,D^{+},MONASH,0.000403935,PASS,0.0167869
Lambda_c(+)-bar,HF_SYS_PTHAT_1,c6,-0.0006372658305275371,0.0005039967862641895,True,CHARM,0.00011302918775091287,PASS,0.018419365830527536,-3.4597598874514865,False,1.2644243929632706,D^{+},MONASH,0.000491159,PASS,0.0177821
Lambda_c(+)-bar,HF_SYS_PTHAT_1,c7,-0.0010676970403031907,0.0005193586110518094,False,CHARM,0.00010789308638492427,PASS,0.01845899704030319,-5.784155216949175,False,2.055799244650785,D^{+},MONASH,0.000508028,PASS,0.0173913
Lambda_c(+)-bar,HF_SYS_PTHAT_1,c8,-1.588103292414489e-05,0.0006198933255192402,True,CHARM,0.00013134334494866,PASS,0.019037681032924143,-0.08341894633427209,False,0.02561897712133372,D^{+},MONASH,0.000605819,PASS,0.0190218
Lambda_c(+)-bar,HF_SYS_PTHAT_1,c9,0.001097736330240736,0.0008228310643806715,True,CHARM,0.0001628198814298443,PASS,0.019351963669759265,5.672480317623455,False,1.334096848989264,D^{+},MONASH,0.000806561,PASS,0.0204497
Lambda_c(+)-bar,HF_SYS_PTHAT_1,c10,-0.0001539640202514285,0.0006264928183870847,True,CHARM,0.00017086994589333968,PASS,0.01974566402025143,-0.779735845264666,False,0.24575544321132237,D^{+},MONASH,0.000602741,PASS,0.0195917
Lambda_c(+)-bar,HF_SYS_PTHAT_1,c11,0.0018993870880950302,0.00116428509519453,True,CHARM,0.0002991400055026667,PASS,0.02009161291190497,9.45363170405089,False,1.6313762805472303,D^{+},MONASH,0.0011252,PASS,0.021991
Lambda_c(+)-bar,HF_SYS_PTHAT_1,MB,-0.0009096829779657589,0.00017753697065966005,False,CHARM,5.392579855698928e-05,PASS,0.018930082977965758,-4.805488592018387,False,5.12390728863809,D^{+},MONASH,0.000169149,PASS,0.0180204
B-,HF_SYS_PTHAT_4,c1,0.003906693602693592,0.004440465437210366,True,BEAUTY,0.001676701366212794,PASS,0.10639730639730641,3.6717974683544203,False,0.8797937193601701,B^{+},CLOSEPACKING,0.00411174,PASS,0.110304
B-,HF_SYS_PTHAT_4,c2,0.007639800097374971,0.004300653886582914,True,BEAUTY,0.0023781473802480624,PASS,0.10475919990262503,7.2927247482572035,False,1.7764275616806675,B^{+},CLOSEPACKING,0.0035833,PASS,0.112399
B-,HF_SYS_PTHAT_4,c3,0.004768432089265126,0.0027439812173614144,True,BEAUTY,0.001218349191460408,PASS,0.09907656791073488,4.812875728155365,False,1.7377786914483342,B^{+},CLOSEPACKING,0.00245867,PASS,0.103845
B-,HF_SYS_PTHAT_4,c4,-0.0006305049106697797,0.004834551033779376,True,BEAUTY,0.0014279735206638936,PASS,0.09831320491066978,-0.6413227106599512,False,0.13041643500386982,B^{+},CLOSEPACKING,0.00461885,PASS,0.0976827
B-,HF_SYS_PTHAT_4,c5,0.005905283284414614,0.00391114119059607,True,BEAUTY,0.0009439562184642044,PASS,0.09090761671558538,6.495916951480481,False,1.5098619550256203,B^{+},CLOSEPACKING,0.00379552,PASS,0.0968129
B-,HF_SYS_PTHAT_4,c6,0.004580176017130608,0.0036013243213571518,True,BEAUTY,0.0009386431404418554,PASS,0.09100642398286939,5.032805176470573,False,1.2718032613637469,B^{+},CLOSEPACKING,0.00347685,PASS,0.0955866
B-,HF_SYS_PTHAT_4,c7,0.005178809029781017,0.0015201705240549704,False,BEAUTY,0.0007056083206039759,PASS,0.08820359097021899,5.871426517690859,False,3.4067290135101636,B^{+},CLOSEPACKING,0.00134649,PASS,0.0933824
B-,HF_SYS_PTHAT_4,c8,0.0036953868898733366,0.0016679375628330982,False,BEAUTY,0.0006376721733066418,PASS,0.08418081311012666,4.389820855067025,False,2.215542699090298,B^{+},CLOSEPACKING,0.00154123,PASS,0.0878762
B-,HF_SYS_PTHAT_4,c9,0.006696990891818411,0.001071246346826124,False,BEAUTY,0.00044012480041383283,PASS,0.0815644091081816,8.210677874139893,False,6.2515880793061065,B^{+},CLOSEPACKING,0.000976657,PASS,0.0882614
B-,HF_SYS_PTHAT_4,c10,0.00508100166923818,0.0019465521388584523,False,BEAUTY,0.0005315865646293326,PASS,0.07840849833076181,6.480167044909167,False,2.6102571658922598,B^{+},CLOSEPACKING,0.00187256,PASS,0.0834895
B-,HF_SYS_PTHAT_4,c11,0.0056066210181630605,0.0012805149908331108,False,BEAUTY,0.0009018735103063632,PASS,0.07794947898183693,7.19263437215464,False,4.3784110754653165,B^{+},CLOSEPACKING,0.000909034,PASS,0.0835561
B-,HF_SYS_PTHAT_4,MB,0.004404917817173393,0.0005911081595587186,False,BEAUTY,0.00023312900862161167,PASS,0.0854966821828266,5.152150591942142,False,7.451965847437814,B^{+},CLOSEPACKING,0.000543194,PASS,0.0899016
B-,HF_SYS_PTHAT_4,c1,0.0028390166509582315,0.0028696687126357695,True,BEAUTY,0.001740855415558867,PASS,0.10889098334904176,2.607210040392398,False,0.9893186061713081,B^{+},JUNCTIONS,0.00228132,PASS,0.11173
B-,HF_SYS_PTHAT_4,c2,0.0013918110451848487,0.002542040974749968,True,BEAUTY,0.0014109041834255668,PASS,0.10684618895481515,1.3026304997864175,False,0.5475171561000293,B^{+},JUNCTIONS,0.00211455,PASS,0.108238
B-,HF_SYS_PTHAT_4,c3,0.002074817209453933,0.003143116182725113,True,BEAUTY,0.0011249889003934592,PASS,0.10105618279054607,2.0531323786039883,False,0.6601147042725751,B^{+},JUNCTIONS,0.00293489,PASS,0.103131
B-,HF_SYS_PTHAT_4,c4,0.007717528940402105,0.004678940540548357,True,BEAUTY,0.0013986954214148806,PASS,0.10080847105959789,7.655635344215773,False,1.64941804101183,B^{+},JUNCTIONS,0.00446499,PASS,0.108526
B-,HF_SYS_PTHAT_4,c5,0.006006987454233101,0.0026096531987115077,False,BEAUTY,0.0015424865696482429,PASS,0.0969130125457669,6.19832909579229,False,2.301833614213182,B^{+},JUNCTIONS,0.002105,PASS,0.10292
B-,HF_SYS_PTHAT_4,c6,-0.003902390390591079,0.0034625022843743874,True,BEAUTY,0.001052347093499978,PASS,0.09340439039059108,-4.177951779645873,False,1.127043412563747,B^{+},JUNCTIONS,0.00329871,PASS,0.089502
B-,HF_SYS_PTHAT_4,c7,0.005199396882988552,0.0018462588454136225,False,BEAUTY,0.0006427070217976796,PASS,0.08900990311701144,5.841368994811152,False,2.8161798091879784,B^{+},JUNCTIONS,0.00173078,PASS,0.0942093
B-,HF_SYS_PTHAT_4,c8,0.0055105372673631,0.0017432629037665312,False,BEAUTY,0.0007164368597779697,PASS,0.0869187627326369,6.339870810533251,False,3.1610477429749206,B^{+},JUNCTIONS,0.00158924,PASS,0.0924293
B-,HF_SYS_PTHAT_4,c9,0.0035458891989567226,0.002105646470376765,True,BEAUTY,0.0009194631336329524,PASS,0.08332651080104328,4.2554154312583155,False,1.6839907595325125,B^{+},JUNCTIONS,0.00189429,PASS,0.0868724
B-,HF_SYS_PTHAT_4,c10,0.005973275348048215,0.001301064776777317,False,BEAUTY,0.0005573720987550507,PASS,0.08119342465195178,7.356846165380493,False,4.591066835921705,B^{+},JUNCTIONS,0.00117563,PASS,0.0871667
B-,HF_SYS_PTHAT_4,c11,0.004846265167850097,0.0014288190944676208,False,BEAUTY,0.0006448034601452383,PASS,0.0803441348321499,6.031884191639652,False,3.3917975946813756,B^{+},JUNCTIONS,0.00127505,PASS,0.0851904
B-,HF_SYS_PTHAT_4,MB,0.003693095391285206,0.0005599646703935347,False,BEAUTY,0.0003470366861989376,PASS,0.0873033046087148,4.230189690799578,False,6.595229282393396,B^{+},JUNCTIONS,0.000439461,PASS,0.0909964
B-,HF_SYS_PTHAT_4,c1,0.004170230452674881,0.0035967998740700003,True,BEAUTY,0.0015343548031697136,PASS,0.11399176954732512,3.6583610108303097,False,1.1594279911815077,B^{+},MONASH,0.00325311,PASS,0.118162
B-,HF_SYS_PTHAT_4,c2,0.0007599217447081114,0.00520167043725418,True,BEAUTY,0.0023448555795409,PASS,0.11164207825529189,0.6806768170065758,False,0.14609186680985758,B^{+},MONASH,0.00464317,PASS,0.112402
B-,HF_SYS_PTHAT_4,c3,0.0037807795100836677,0.0024938421569210313,True,BEAUTY,0.0008885436799823304,PASS,0.11503522048991634,3.286627777112037,False,1.516046033463291,B^{+},MONASH,0.00233018,PASS,0.118816
B-,HF_SYS_PTHAT_4,c4,0.006954516014513579,0.005202270857576816,True,BEAUTY,0.0016194633022063283,PASS,0.11535148398548642,6.0289783661462035,False,1.3368231306881524,B^{+},MONASH,0.00494378,PASS,0.122306
B-,HF_SYS_PTHAT_4,c5,0.0036224572468162575,0.003189982854993305,True,BEAUTY,0.0018172699269924754,PASS,0.11514554275318374,3.145981303489142,False,1.135572638312459,B^{+},MONASH,0.00262174,PASS,0.118768
B-,HF_SYS_PTHAT_4,c6,0.003558342795285052,0.002578372303897994,True,BEAUTY,0.001234332005219118,PASS,0.11752465720471494,3.027741479889461,False,1.3800733082284258,B^{+},MONASH,0.00226372,PASS,0.121083
B-,HF_SYS_PTHAT_4,c7,0.0053080312150326076,0.002090367650344427,False,BEAUTY,0.0008105801240509663,PASS,0.11567696878496739,4.58866727818546,False,2.539281171021763,B^{+},MONASH,0.00192681,PASS,0.120985
B-,HF_SYS_PTHAT_4,c8,0.0024730705023478378,0.0024070793610907557,True,BEAUTY,0.0006201551242947836,PASS,0.11529892949765216,2.1449206103845024,False,1.0274154406056553,B^{+},MONASH,0.00232582,PASS,0.117772
B-,HF_SYS_PTHAT_4,c9,7.2013864284029e-05,0.0013577361663950837,True,BEAUTY,0.00032253592146800974,PASS,0.11645998613571597,0.061835714285684414,False,0.05303965974128283,B^{+},MONASH,0.00131887,PASS,0.116532
B-,HF_SYS_PTHAT_4,c10,0.0027493713029731887,0.001660260324071184,True,BEAUTY,0.0005788872936806897,PASS,0.11658962869702681,2.3581611277944665,False,1.6559880779607843,B^{+},MONASH,0.00155607,PASS,0.119339
B-,HF_SYS_PTHAT_4,c11,0.004548693983423502,0.0018975434008527492,False,BEAUTY,0.000695319239284961,PASS,0.11801730601657649,3.854260139427857,False,2.3971488511827106,B^{+},MONASH,0.00176556,PASS,0.122566
B-,HF_SYS_PTHAT_4,MB,0.003201466472711953,0.000718378336905091,False,BEAUTY,0.0002682482989294147,PASS,0.11625153352728805,2.753913325333006,False,4.456518673021896,B^{+},MONASH,0.000666416,PASS,0.119453
Lambda_b,HF_SYS_PTHAT_4,c1,0.0009377436588103236,0.0020132093508844298,True,BEAUTY,0.0009353532154157095,PASS,0.023007856341189677,4.075754146341454,False,0.4657954019527876,B^{+},CLOSEPACKING,0.00178273,PASS,0.0239456
Lambda_b,HF_SYS_PTHAT_4,c2,0.0013197145048078895,0.0024533135348680755,True,BEAUTY,0.0009494100456424991,PASS,0.02142248549519211,6.160417310606071,False,0.5379314490591012,B^{+},CLOSEPACKING,0.00226216,PASS,0.0227422
Lambda_b,HF_SYS_PTHAT_4,c3,0.0007115471859806197,0.001356347475842006,True,BEAUTY,0.0007092870667952299,PASS,0.02284095281401938,3.1152254977028995,False,0.5246053822151281,B^{+},CLOSEPACKING,0.00115611,PASS,0.0235525
Lambda_b,HF_SYS_PTHAT_4,c4,0.0009403581195728122,0.0021654520714408667,True,BEAUTY,0.0009017357488796491,PASS,0.025451641880427187,3.694685490196081,False,0.4342548754482979,B^{+},CLOSEPACKING,0.00196877,PASS,0.026392
Lambda_b,HF_SYS_PTHAT_4,c5,-0.0007336734120356146,0.001878098924182279,True,BEAUTY,0.0004602934896504993,PASS,0.026918773412035614,-2.7255083313253157,False,0.39064684111623926,B^{+},CLOSEPACKING,0.00182082,PASS,0.0261851
Lambda_b,HF_SYS_PTHAT_4,c6,-0.0028828394256203704,0.0018750299267934506,True,BEAUTY,0.000546764569783973,PASS,0.02933303942562037,-9.827960150295269,False,1.537489820522709,B^{+},CLOSEPACKING,0.00179354,PASS,0.0264502
Lambda_b,HF_SYS_PTHAT_4,c7,-0.001069861494081767,0.0013081024653311285,True,BEAUTY,0.0006104276338808525,PASS,0.03097186149408177,-3.4543015578388805,False,0.8178728520406434,B^{+},CLOSEPACKING,0.00115694,PASS,0.029902
Lambda_b,HF_SYS_PTHAT_4,c8,-0.0017349839259810998,0.0012523254555856932,True,BEAUTY,0.0006574659741065797,PASS,0.0336299839259811,-5.159038820237808,False,1.3854097736675606,B^{+},CLOSEPACKING,0.00106586,PASS,0.031895
Lambda_b,HF_SYS_PTHAT_4,c9,-0.0005553834000759997,0.0008470571446257868,True,BEAUTY,0.0005701809322816671,PASS,0.036198883400076,-1.5342556120801052,False,0.6556622579712224,B^{+},CLOSEPACKING,0.000626418,PASS,0.0356435
Lambda_b,HF_SYS_PTHAT_4,c10,-0.0010091713853332615,0.0012169197948448576,True,BEAUTY,0.0003186126271591417,PASS,0.03814787138533326,-2.6454199112175325,False,0.8292834002769415,B^{+},CLOSEPACKING,0.00117447,PASS,0.0371387
Lambda_b,HF_SYS_PTHAT_4,c11,0.00011309266058005113,0.0010583096309066166,True,BEAUTY,0.0005760996477291917,PASS,0.039242507339419946,0.2881891811903851,False,0.10686160011902059,B^{+},CLOSEPACKING,0.000887766,PASS,0.0393556
Lambda_b,HF_SYS_PTHAT_4,MB,-0.00013463813013766396,0.00038816791061370757,True,BEAUTY,0.00022178538321136336,PASS,0.033295038130137664,-0.4043789636504233,False,0.34685538514710346,B^{+},CLOSEPACKING,0.000318568,PASS,0.0331604
Lambda_b,HF_SYS_PTHAT_4,c1,-0.0017311415017279182,0.002125415458209425,True,BEAUTY,0.0006586339240394317,PASS,0.02331134150172792,-7.426177088948741,False,0.8144955825184096,B^{+},JUNCTIONS,0.00202079,PASS,0.0215802
Lambda_b,HF_SYS_PTHAT_4,c2,0.000211712049292552,0.0019850541274581976,True,BEAUTY,0.0009425105134898106,PASS,0.025650387950707447,0.8253756227757674,False,0.10665303598730727,B^{+},JUNCTIONS,0.00174703,PASS,0.0258621
Lambda_b,HF_SYS_PTHAT_4,c3,0.00019542277406122202,0.0015422462008602227,True,BEAUTY,0.0006119069442879285,PASS,0.025244877225938777,0.7741086332573949,False,0.1267130850782583,B^{+},JUNCTIONS,0.00141566,PASS,0.0254403
Lambda_b,HF_SYS_PTHAT_4,c4,0.0013306159762466949,0.0023720916223748233,True,BEAUTY,0.0008038933427643372,PASS,0.026972884023753304,4.933161671087548,False,0.5609462820472957,B^{+},JUNCTIONS,0.00223172,PASS,0.0283035
Lambda_b,HF_SYS_PTHAT_4,c5,-0.0001845895816342362,0.0024081839922077586,True,BEAUTY,0.0007537927642433957,PASS,0.028787589581634236,-0.6412123568414347,False,0.07665094620324646,B^{+},JUNCTIONS,0.00228717,PASS,0.028603
Lambda_b,HF_SYS_PTHAT_4,c6,0.0005448965150857132,0.0021466009446596446,True,BEAUTY,0.000515677445709698,PASS,0.03097330348491429,1.7592457173678873,False,0.2538415518922217,B^{+},JUNCTIONS,0.00208374,PASS,0.0315182
Lambda_b,HF_SYS_PTHAT_4,c7,-0.0032781369422783604,0.0014129010500886243,False,BEAUTY,0.0005578993898917058,PASS,0.03356533694227836,-9.766435379199997,False,2.3201461574911697,B^{+},JUNCTIONS,0.00129809,PASS,0.0302872
Lambda_b,HF_SYS_PTHAT_4,c8,-0.0017255085400991674,0.0011609297942700707,True,BEAUTY,0.00030565533910590975,PASS,0.03509540854009917,-4.9166218940795146,False,1.4863160103355544,B^{+},JUNCTIONS,0.00111997,PASS,0.0333699
Lambda_b,HF_SYS_PTHAT_4,c9,-0.0008570975088010649,0.001180974662601598,True,BEAUTY,0.0007443198558589969,PASS,0.03871299750880106,-2.213978673716008,False,0.7257543586184515,B^{+},JUNCTIONS,0.000916891,PASS,0.0378559
Lambda_b,HF_SYS_PTHAT_4,c10,-0.002110657162432701,0.001392038755967456,True,BEAUTY,0.0005709769659236898,PASS,0.0415365571624327,-5.081444651704698,False,1.5162344822546345,B^{+},JUNCTIONS,0.00126955,PASS,0.0394259
Lambda_b,HF_SYS_PTHAT_4,c11,-0.002482408943313842,0.0009775686258406376,False,BEAUTY,0.00038752477688394654,PASS,0.043640508943313845,-5.688313457889156,False,2.539370513429839,B^{+},JUNCTIONS,0.000897477,PASS,0.0411581
Lambda_b,HF_SYS_PTHAT_4,MB,-0.0009624956088302786,0.0005276475322691618,True,BEAUTY,0.00030652287193737467,PASS,0.03653049560883028,-2.63477292817681,False,1.8241260499997818,B^{+},JUNCTIONS,0.000429483,PASS,0.035568
Lambda_b,HF_SYS_PTHAT_4,c1,0.004046966327765671,0.0028385025947967857,True,BEAUTY,0.0006938236236019105,PASS,0.02125393367223433,19.04102266514805,False,1.4257398725596029,B^{+},MONASH,0.0027524,PASS,0.0253009
Lambda_b,HF_SYS_PTHAT_4,c2,0.002902902309172537,0.0021843956435564065,True,BEAUTY,0.0008398286001251731,PASS,0.01982039769082746,14.64603462783166,False,1.3289269815821152,B^{+},MONASH,0.0020165,PASS,0.0227233
Lambda_b,HF_SYS_PTHAT_4,c3,0.0005513576471885655,0.0009899663936717956,True,BEAUTY,0.0004961851042892566,PASS,0.019533242352811436,2.822663218066345,False,0.5569458223158205,B^{+},MONASH,0.000856641,PASS,0.0200846
Lambda_b,HF_SYS_PTHAT_4,c4,-0.0021713048918008855,0.0011514980380278148,True,BEAUTY,0.0006547440701624621,PASS,0.020021404891800886,-10.844917744458945,False,1.88563490348599,B^{+},MONASH,0.000947237,PASS,0.0178501
Lambda_b,HF_SYS_PTHAT_4,c5,0.000675451081463517,0.0011097969103207915,True,BEAUTY,0.0004017165301024778,PASS,0.01901404891853648,3.55237900332228,False,0.6086258442261071,B^{+},MONASH,0.00103454,PASS,0.0196895
Lambda_b,HF_SYS_PTHAT_4,c6,-0.0006136825354823225,0.0010180949708945566,True,BEAUTY,0.0005025423299193692,PASS,0.018871782535482322,-3.2518525175271056,False,0.6027753333690529,B^{+},MONASH,0.00088542,PASS,0.0182581
Lambda_b,HF_SYS_PTHAT_4,c7,-5.9995219354083695e-05,0.0004948512543126657,True,BEAUTY,0.00023577003259493898,PASS,0.019446695219354083,-0.30851113095233884,False,0.12123889518561562,B^{+},MONASH,0.000435075,PASS,0.0193867
Lambda_b,HF_SYS_PTHAT_4,c8,0.0006988477190416828,0.0006426365351320066,True,BEAUTY,0.0002814032858469685,PASS,0.019799152280958316,3.5296850548182017,False,1.0874696361577538,B^{+},MONASH,0.000577749,PASS,0.020498
Lambda_b,HF_SYS_PTHAT_4,c9,0.0009739018157347464,0.000990123265269296,True,BEAUTY,0.00020835787991706082,PASS,0.019462698184265253,5.003940391585087,False,0.9836167373259957,B^{+},MONASH,0.000967952,PASS,0.0204366
Lambda_b,HF_SYS_PTHAT_4,c10,0.0007804181641032533,0.0003811682911548718,False,BEAUTY,0.00011308801061971646,PASS,0.019260081835896746,4.051998172970988,False,2.04743726645972,B^{+},MONASH,0.000364006,PASS,0.0200405
Lambda_b,HF_SYS_PTHAT_4,c11,0.001531229002776257,0.0007049420940816116,False,BEAUTY,0.0003098588606562151,PASS,0.019109570997223744,8.012890519618235,False,2.1721344428596225,B^{+},MONASH,0.000633191,PASS,0.0206408
Lambda_b,HF_SYS_PTHAT_4,MB,0.000821660945003324,0.0003787827983061633,False,BEAUTY,9.650098256830112e-05,PASS,0.019420239054996676,4.2309517543859325,False,2.169213989330081,B^{+},MONASH,0.000366284,PASS,0.0202419
D-,HF_SYS_PTHAT_4,c1,0.005903489147297464,0.0023847089096863407,False,CHARM,0.00023349736923018277,PASS,0.17961051085270255,3.286828326065437,False,2.475559647266947,D^{+},CLOSEPACKING,0.00237325,PASS,0.185514
D-,HF_SYS_PTHAT_4,c2,0.016005241747420712,0.0016085126277796003,False,CHARM,0.0005345850234774958,PASS,0.1782937582525793,8.976894033916171,False,9.950336398362278,D^{+},CLOSEPACKING,0.00151708,PASS,0.194299
D-,HF_SYS_PTHAT_4,c3,0.013294899760573797,0.0011287450125078095,False,CHARM,0.00024103103360616213,PASS,0.1759331002394262,7.556792748198522,False,11.778479296254533,D^{+},CLOSEPACKING,0.00110271,PASS,0.189228
D-,HF_SYS_PTHAT_4,c4,0.010888738036838208,0.00165541294011349,False,CHARM,0.0003446413537217927,PASS,0.1737752619631618,6.265988561217929,False,6.577656712102123,D^{+},CLOSEPACKING,0.00161914,PASS,0.184664
D-,HF_SYS_PTHAT_4,c5,0.014142916715065984,0.0010694067425252487,False,CHARM,0.00023903401109144176,PASS,0.17244208328493402,8.201545960040965,False,13.225011730961729,D^{+},CLOSEPACKING,0.00104235,PASS,0.186585
D-,HF_SYS_PTHAT_4,c6,0.015572677385715883,0.0018055650536423762,False,CHARM,0.00037037191312867763,PASS,0.16971132261428412,9.175980215008456,False,8.624822104471415,D^{+},CLOSEPACKING,0.00176717,PASS,0.185284
D-,HF_SYS_PTHAT_4,c7,0.012264160172486216,0.0017796153155860486,False,CHARM,0.00032798614996434097,PASS,0.1689968398275138,7.257035211429753,False,6.891466973269716,D^{+},CLOSEPACKING,0.00174913,PASS,0.181261
D-,HF_SYS_PTHAT_4,c8,0.01218378026389702,0.0013330649606028264,False,CHARM,0.0003120391454401431,PASS,0.16868321973610298,7.2228762783624685,False,9.139674827539825,D^{+},CLOSEPACKING,0.00129603,PASS,0.180867
D-,HF_SYS_PTHAT_4,c9,0.007807239356662221,0.0010284647235535593,False,CHARM,0.0004588092875968174,PASS,0.1700757606433378,4.590448002190397,False,7.591159111113298,D^{+},CLOSEPACKING,0.000920453,PASS,0.177883
D-,HF_SYS_PTHAT_4,c10,0.006485733455458026,0.0012002393599094433,False,CHARM,0.0005017302118428087,PASS,0.17345426654454196,3.7391605203280083,False,5.4037000219251,D^{+},CLOSEPACKING,0.00109034,PASS,0.17994
D-,HF_SYS_PTHAT_4,c11,0.003064968837357518,0.0013212211112241469,False,CHARM,0.0005044227643003137,PASS,0.17969203116264248,1.7056787758069023,False,2.3198000783667028,D^{+},CLOSEPACKING,0.00122114,PASS,0.182757
D-,HF_SYS_PTHAT_4,MB,0.009152803128007009,0.00042290139693797944,False,CHARM,9.871019771074541e-05,PASS,0.17347719687199298,5.276084288334891,False,21.64287749881638,D^{+},CLOSEPACKING,0.00041122,PASS,0.18263
D-,HF_SYS_PTHAT_4,c1,0.006353136065891385,0.0017986320627568035,False,CHARM,0.0004281097214229009,PASS,0.1801638639341086,3.5263098421417736,False,3.5322043887918864,D^{+},JUNCTIONS,0.00174694,PASS,0.186517
D-,HF_SYS_PTHAT_4,c2,0.014747724764835268,0.0016629367046533282,False,CHARM,0.0002491254599258585,PASS,0.17884927523516472,8.245895738433287,False,8.868482320203354,D^{+},JUNCTIONS,0.00164417,PASS,0.193597
D-,HF_SYS_PTHAT_4,c3,0.013984135718158874,0.0010239797536130582,False,CHARM,0.0003504337849130123,PASS,0.17665086428184112,7.916256608769039,False,13.656652554717605,D^{+},JUNCTIONS,0.000962149,PASS,0.190635
D-,HF_SYS_PTHAT_4,c4,0.015265310428882017,0.0024955515792106702,False,CHARM,0.000518231957718618,PASS,0.174327689571118,8.756675698758944,False,6.117008582812123,D^{+},JUNCTIONS,0.00244115,PASS,0.189593
D-,HF_SYS_PTHAT_4,c5,0.015807335525329397,0.0008874337244135442,False,CHARM,0.00021293797491874072,PASS,0.1724606644746706,9.165762855825614,False,17.812412454547623,D^{+},JUNCTIONS,0.000861508,PASS,0.188268
D-,HF_SYS_PTHAT_4,c6,0.014122409871488717,0.0014694603496033325,False,CHARM,0.00043830481876925404,PASS,0.1718275901285113,8.218941941120427,False,9.61060968763188,D^{+},JUNCTIONS,0.00140257,PASS,0.18595
D-,HF_SYS_PTHAT_4,c7,0.014697046225854049,0.0008974404224715533,False,CHARM,0.00037571001022852735,PASS,0.16994595377414595,8.64807069510232,False,16.37662607772708,D^{+},JUNCTIONS,0.00081501,PASS,0.184643
D-,HF_SYS_PTHAT_4,c8,0.01257384065652295,0.001217917941295657,False,CHARM,0.00043987146716950327,PASS,0.17049315934347706,7.374982494864546,False,10.324045841008408,D^{+},JUNCTIONS,0.00113571,PASS,0.183067
D-,HF_SYS_PTHAT_4,c9,0.010502862951533826,0.0016977938905711502,False,CHARM,0.00048518824672566253,PASS,0.16943013704846618,6.198934342199958,False,6.18618255717753,D^{+},JUNCTIONS,0.00162699,PASS,0.179933
D-,HF_SYS_PTHAT_4,c10,0.008074230774876512,0.001632994533042302,False,CHARM,0.0006300860047216141,PASS,0.1730157692251235,4.666760036404854,False,4.94443221425491,D^{+},JUNCTIONS,0.00150654,PASS,0.18109
D-,HF_SYS_PTHAT_4,c11,0.005238473407441935,0.0015190517825923273,False,CHARM,0.0007016416665199743,PASS,0.17949352659255807,2.9184748368853572,False,3.4485153616700637,D^{+},JUNCTIONS,0.0013473,PASS,0.184732
D-,HF_SYS_PTHAT_4,MB,0.010396234211740296,0.0004975752013715032,False,CHARM,0.00012988801596333668,PASS,0.1739737657882597,5.975748219644427,False,20.893794913983633,D^{+},JUNCTIONS,0.000480323,PASS,0.18437
D-,HF_SYS_PTHAT_4,c1,0.007971436324806125,0.001101430760942527,False,CHARM,0.00033590570038395234,PASS,0.18888156367519388,4.2203358388720424,False,7.237346737969013,D^{+},MONASH,0.00104896,PASS,0.196853
D-,HF_SYS_PTHAT_4,c2,0.006373832698728293,0.002153381296137931,False,CHARM,0.0004754397427189635,PASS,0.18785416730127172,3.392968487361922,False,2.959918296940585,D^{+},MONASH,0.00210024,PASS,0.194228
D-,HF_SYS_PTHAT_4,c3,0.010466364195983208,0.000990520489244485,False,CHARM,0.00033778390473368275,PASS,0.18851263580401678,5.552075674579366,False,10.566529728190055,D^{+},MONASH,0.000931146,PASS,0.198979
D-,HF_SYS_PTHAT_4,c4,0.01073848692125251,0.002217696430577509,False,CHARM,0.0002484985820809129,PASS,0.1903615130787475,5.6411018947986005,False,4.842180730054252,D^{+},MONASH,0.00220373,PASS,0.2011
D-,HF_SYS_PTHAT_4,c5,0.006459693785410364,0.0013144606119916162,False,CHARM,0.0003809421189332759,PASS,0.19222730621458964,3.3604454604379654,False,4.914330430656955,D^{+},MONASH,0.00125805,PASS,0.198687
D-,HF_SYS_PTHAT_4,c6,0.008153564735055907,0.0014108256124457672,False,CHARM,0.0004642616139990186,PASS,0.1930014352649441,4.224613523657502,False,5.7792860174413185,D^{+},MONASH,0.00133225,PASS,0.201155
D-,HF_SYS_PTHAT_4,c7,0.007196135313834229,0.0014907188754861064,False,CHARM,0.00032758578621570504,PASS,0.19487486468616577,3.692695476875979,False,4.827292008017039,D^{+},MONASH,0.00145428,PASS,0.202071
D-,HF_SYS_PTHAT_4,c8,0.00680097454472911,0.0008443972435649988,False,CHARM,0.00040954048572902765,PASS,0.19728302545527088,3.44731865756543,False,8.054235842854922,D^{+},MONASH,0.000738433,PASS,0.204084
D-,HF_SYS_PTHAT_4,c9,0.0033052731710139227,0.0013474784390268468,False,CHARM,0.0005516993148828696,PASS,0.20004772682898608,1.65224230407751,False,2.452932139976207,D^{+},MONASH,0.00122936,PASS,0.203353
D-,HF_SYS_PTHAT_4,c10,0.002808222545279182,0.0011731311619129269,False,CHARM,0.0007727843880165889,PASS,0.2042507774547208,1.3748895256478135,False,2.393783948846818,D^{+},MONASH,0.000882633,PASS,0.207059
D-,HF_SYS_PTHAT_4,c11,0.0008539660498602109,0.0018116053291102145,True,CHARM,0.0005633715470810793,PASS,0.2086940339501398,0.4091952384533601,False,0.47138636442389115,D^{+},MONASH,0.00172178,PASS,0.209548
D-,HF_SYS_PTHAT_4,MB,0.009600043025758342,0.000357629026539279,False,CHARM,0.00012214958755326323,PASS,0.19344595697424166,4.962648574266475,False,26.843578997645913,D^{+},MONASH,0.000336122,PASS,0.203046
Lambda_c(+)-bar,HF_SYS_PTHAT_4,c1,0.0006492894314858791,0.0006299404404740757,True,CHARM,9.350564207935501e-05,PASS,0.019081810568514122,3.4026615511907288,False,1.0307155879645413,D^{+},CLOSEPACKING,0.000622962,PASS,0.0197311
Lambda_c(+)-bar,HF_SYS_PTHAT_4,c2,0.0024595425351923578,0.0007955544418389886,False,CHARM,0.00010346296499590948,PASS,0.01850815746480764,13.28896482466749,False,3.0916080733669533,D^{+},CLOSEPACKING,0.000788798,PASS,0.0209677
Lambda_c(+)-bar,HF_SYS_PTHAT_4,c3,0.0011134799093581067,0.00031898030462949986,False,CHARM,6.544246875331439e-05,PASS,0.018675020090641894,5.96240273881191,False,3.4907481534053626,D^{+},CLOSEPACKING,0.000312195,PASS,0.0197885
Lambda_c(+)-bar,HF_SYS_PTHAT_4,c4,0.00040535525973449046,0.0008979989644505189,True,CHARM,0.00010497612676320432,PASS,0.01916284474026551,2.1153188121529083,False,0.4513983598884497,D^{+},CLOSEPACKING,0.000891842,PASS,0.0195682
Lambda_c(+)-bar,HF_SYS_PTHAT_4,c5,-0.000297261627286001,0.0007669876310122996,True,CHARM,0.00010856650450695932,PASS,0.020208661627286,-1.4709614756705829,False,0.3875703013537046,D^{+},CLOSEPACKING,0.000759265,PASS,0.0199114
Lambda_c(+)-bar,HF_SYS_PTHAT_4,c6,-0.00048211492576024154,0.00060064107144365,True,CHARM,9.801422654378224e-05,PASS,0.02116651492576024,-2.2777246393712844,False,0.8026672644970331,D^{+},CLOSEPACKING,0.00059259,PASS,0.0206844
Lambda_c(+)-bar,HF_SYS_PTHAT_4,c7,-0.0001461999112661004,0.0005335440015933956,True,CHARM,0.00011843930011737374,PASS,0.0216860999112661,-0.6741641506048232,False,0.27401659624976304,D^{+},CLOSEPACKING,0.000520232,PASS,0.0215399
Lambda_c(+)-bar,HF_SYS_PTHAT_4,c8,-0.0005308020502971036,0.0004886885400352501,True,CHARM,0.00013017790212161267,PASS,0.022934102050297105,-2.3144662439061015,False,1.0861765865408177,D^{+},CLOSEPACKING,0.000471031,PASS,0.0224033
Lambda_c(+)-bar,HF_SYS_PTHAT_4,c9,-0.0007941317967946476,0.0005683763350063007,True,CHARM,0.00014698856593012454,PASS,0.023677731796794648,-3.3539183719538226,False,1.3971936336614794,D^{+},CLOSEPACKING,0.000549041,PASS,0.0228836
Lambda_c(+)-bar,HF_SYS_PTHAT_4,c10,-0.0007093255285242975,0.0005474301920572277,True,CHARM,0.00017206776557744102,PASS,0.023826225528524297,-2.9770788817351983,False,1.2957369520644662,D^{+},CLOSEPACKING,0.000519685,PASS,0.0231169
Lambda_c(+)-bar,HF_SYS_PTHAT_4,c11,0.0008698725085300139,0.000506482818771526,True,CHARM,0.00027542211823081754,PASS,0.023714227491469987,3.6681460901178724,False,1.7174768349297407,D^{+},CLOSEPACKING,0.00042505,PASS,0.0245841
Lambda_c(+)-bar,HF_SYS_PTHAT_4,MB,0.001175295732742481,0.00014207431709378104,False,CHARM,3.961016405752752e-05,PASS,0.02075770426725752,5.661973586338985,False,8.272401069974432,D^{+},CLOSEPACKING,0.000136441,PASS,0.021933
Lambda_c(+)-bar,HF_SYS_PTHAT_4,c1,-0.0006729710107670414,0.0005810612823983933,True,CHARM,0.0001641501064680293,PASS,0.02105697101076704,-3.1959535415750526,False,1.1581756195995039,D^{+},JUNCTIONS,0.000557393,PASS,0.020384
Lambda_c(+)-bar,HF_SYS_PTHAT_4,c2,0.0011832576020404974,0.0008683087173518822,True,CHARM,0.00014797530260239692,PASS,0.020303442397959504,5.827866914624363,False,1.362715331995201,D^{+},JUNCTIONS,0.000855607,PASS,0.0214867
Lambda_c(+)-bar,HF_SYS_PTHAT_4,c3,0.0011149525707229817,0.0005839146399135755,True,CHARM,0.00015761856992245772,PASS,0.020723647429277018,5.380098144054744,False,1.9094444538811433,D^{+},JUNCTIONS,0.000562239,PASS,0.0218386
Lambda_c(+)-bar,HF_SYS_PTHAT_4,c4,0.0013369543909348414,0.000731116787138615,True,CHARM,0.00013004039278197686,PASS,0.02192634560906516,6.0974793281653605,False,1.8286468242198404,D^{+},JUNCTIONS,0.000719459,PASS,0.0232633
Lambda_c(+)-bar,HF_SYS_PTHAT_4,c5,-0.0006728026506896377,0.0007174861016419398,True,CHARM,0.00010731572030391429,PASS,0.02302580265068964,-2.9219509126188346,False,0.9377222069527957,D^{+},JUNCTIONS,0.000709415,PASS,0.022353
Lambda_c(+)-bar,HF_SYS_PTHAT_4,c6,0.0003447763334470631,0.0006819302880995229,True,CHARM,0.00015095240196332866,PASS,0.024178323666552936,1.4259728598306805,False,0.5055888255204547,D^{+},JUNCTIONS,0.000665013,PASS,0.0245231
Lambda_c(+)-bar,HF_SYS_PTHAT_4,c7,-0.0019251611011995573,0.000552700990887497,False,CHARM,0.00011057528475668086,PASS,0.02539926110119956,-7.579594908407141,False,3.48318735254706,D^{+},JUNCTIONS,0.000541527,PASS,0.0234741
Lambda_c(+)-bar,HF_SYS_PTHAT_4,c8,-0.001621610486004732,0.00040353839233901647,False,CHARM,0.00018834403566494475,PASS,0.026458710486004733,-6.128834157894727,False,4.018478828260785,D^{+},JUNCTIONS,0.000356889,PASS,0.0248371
Lambda_c(+)-bar,HF_SYS_PTHAT_4,c9,-0.001379768984086649,0.00038068204167551566,False,CHARM,9.939922674869792e-05,PASS,0.027858768984086648,-4.952727756473353,False,3.62446565121328,D^{+},JUNCTIONS,0.000367476,PASS,0.026479
Lambda_c(+)-bar,HF_SYS_PTHAT_4,c10,-0.000663675169575554,0.0007985075769025254,True,CHARM,0.00025838845224727524,PASS,0.029223175169575556,-2.2710576989816995,False,0.8311444860047577,D^{+},JUNCTIONS,0.000755546,PASS,0.0285595
Lambda_c(+)-bar,HF_SYS_PTHAT_4,c11,-0.0011542581042401565,0.0006672310548409649,True,CHARM,0.0003597837100025329,PASS,0.028907758104240157,-3.992900798733511,False,1.7299226345441534,D^{+},JUNCTIONS,0.000561919,PASS,0.0277535
Lambda_c(+)-bar,HF_SYS_PTHAT_4,MB,0.0011844756271086367,9.551462521745919e-05,False,CHARM,2.9563631792993432e-05,PASS,0.024020824372891363,4.931036540300313,False,12.400987015464155,D^{+},JUNCTIONS,9.08242e-05,PASS,0.0252053
Lambda_c(+)-bar,HF_SYS_PTHAT_4,c1,0.0007034096584490092,0.0005088777153231158,True,CHARM,7.986184300699585e-05,PASS,0.02076729034155099,3.387103694706064,False,1.3822764040716027,D^{+},MONASH,0.000502572,PASS,0.0214707
Lambda_c(+)-bar,HF_SYS_PTHAT_4,c2,0.0024978293153373153,0.00063453069784742,False,CHARM,0.00014982393530318824,PASS,0.018778770684662684,13.301346277034977,False,3.9364987758841985,D^{+},MONASH,0.000616589,PASS,0.0212766
Lambda_c(+)-bar,HF_SYS_PTHAT_4,c3,0.002064062409716943,0.000499880625813864,False,CHARM,7.458537952615321e-05,PASS,0.018277437590283056,11.292952852506376,False,4.12911063787761,D^{+},MONASH,0.000494285,PASS,0.0203415
Lambda_c(+)-bar,HF_SYS_PTHAT_4,c4,0.0019243892998315713,0.0005303553716620875,False,CHARM,0.000157075693631545,PASS,0.01803591070016843,10.669765069382388,False,3.6284902589007495,D^{+},MONASH,0.000506561,PASS,0.0199603
Lambda_c(+)-bar,HF_SYS_PTHAT_4,c5,0.0018912949982843943,0.0003952262805052012,False,CHARM,9.732375694544452e-05,PASS,0.018294705001715605,10.337936567476962,False,4.78534725946572,D^{+},MONASH,0.000383056,PASS,0.020186
Lambda_c(+)-bar,HF_SYS_PTHAT_4,c6,0.001142034169472464,0.000508667859889566,False,CHARM,0.00011302918775091287,PASS,0.018419365830527536,6.20018180853817,False,2.2451470979912207,D^{+},MONASH,0.000495951,PASS,0.0195614
Lambda_c(+)-bar,HF_SYS_PTHAT_4,c7,0.0014463029596968116,0.00037108524762602017,False,CHARM,0.00010789308638492427,PASS,0.01845899704030319,7.835219630508463,False,3.8974951684266257,D^{+},MONASH,0.000355054,PASS,0.0199053
Lambda_c(+)-bar,HF_SYS_PTHAT_4,c8,0.0006371189670758559,0.00039106057919240935,True,CHARM,0.00013134334494866,PASS,0.019037681032924143,3.346620662327569,False,1.629207854168244,D^{+},MONASH,0.000368344,PASS,0.0196748
Lambda_c(+)-bar,HF_SYS_PTHAT_4,c9,-0.00012096366975926365,0.0003760843654458778,True,CHARM,0.0001628198814298443,PASS,0.019351963669759265,-0.6250718109206145,False,0.3216397193641688,D^{+},MONASH,0.000339012,PASS,0.019231
Lambda_c(+)-bar,HF_SYS_PTHAT_4,c10,-0.0001549640202514295,0.00040534731865227977,True,CHARM,0.00017086994589333968,PASS,0.01974566402025143,-0.7848002482595482,False,0.38229935939051496,D^{+},MONASH,0.000367573,PASS,0.0195907
Lambda_c(+)-bar,HF_SYS_PTHAT_4,c11,0.0001258870880950294,0.0005016348632383274,True,CHARM,0.0002991400055026667,PASS,0.02009161291190497,0.626565366588548,False,0.25095362647316694,D^{+},MONASH,0.000402682,PASS,0.0202175
Lambda_c(+)-bar,HF_SYS_PTHAT_4,MB,0.0009575170220342405,0.00018370510688058998,False,CHARM,5.392579855698928e-05,PASS,0.018930082977965758,5.058176570851651,False,5.212250428381588,D^{+},MONASH,0.000175612,PASS,0.0198876
