tune,logical_id,attempt,seed,outcome,evidence_status,raw_storage_key
MONASH,0,0,130000001,accepted,accepted_manifest_and_scheduler_log_confirmed,MONASH/hf_MONASH_job000.root
MONASH,1,0,130000002,accepted,accepted_manifest_and_scheduler_log_confirmed,MONASH/hf_MONASH_job001.root
MONASH,2,0,130000003,accepted,accepted_manifest_and_scheduler_log_confirmed,MONASH/hf_MONASH_job002.root
MONASH,3,0,130000004,accepted,accepted_manifest_and_scheduler_log_confirmed,MONASH/hf_MONASH_job003.root
MONASH,4,0,130000005,accepted,accepted_manifest_and_scheduler_log_confirmed,MONASH/hf_MONASH_job004.root
MONASH,5,0,130000006,accepted,accepted_manifest_and_scheduler_log_confirmed,MONASH/hf_MONASH_job005.root
MONASH,6,0,130000007,accepted,accepted_manifest_and_scheduler_log_confirmed,MONASH/hf_MONASH_job006.root
MONASH,7,0,130000008,accepted,accepted_manifest_and_scheduler_log_confirmed,MONASH/hf_MONASH_job007.root
MONASH,8,0,130000009,accepted,accepted_manifest_and_scheduler_log_confirmed,MONASH/hf_MONASH_job008.root
MONASH,9,0,130000010,accepted,accepted_manifest_and_scheduler_log_confirmed,MONASH/hf_MONASH_job009.root
MONASH,10,0,130000011,accepted,accepted_manifest_and_scheduler_log_confirmed,MONASH/hf_MONASH_job010.root
MONASH,11,0,130000012,accepted,accepted_manifest_and_scheduler_log_confirmed,MONASH/hf_MONASH_job011.root
MONASH,12,0,130000013,accepted,accepted_manifest_and_scheduler_log_confirmed,MONASH/hf_MONASH_job012.root
MONASH,13,0,130000014,accepted,accepted_manifest_and_scheduler_log_confirmed,MONASH/hf_MONASH_job013.root
MONASH,14,0,130000015,accepted,accepted_manifest_and_scheduler_log_confirmed,MONASH/hf_MONASH_job014.root
MONASH,15,0,130000016,accepted,accepted_manifest_and_scheduler_log_confirmed,MONASH/hf_MONASH_job015.root
MONASH,16,0,130000017,accepted,accepted_manifest_and_scheduler_log_confirmed,MONASH/hf_MONASH_job016.root
MONASH,17,0,130000018,accepted,accepted_manifest_and_scheduler_log_confirmed,MONASH/hf_MONASH_job017.root
MONASH,18,0,130000019,accepted,accepted_manifest_and_scheduler_log_confirmed,MONASH/hf_MONASH_job018.root
MONASH,19,0,130000020,accepted,accepted_manifest_and_scheduler_log_confirmed,MONASH/hf_MONASH_job019.root
MONASH,20,0,130000021,accepted,accepted_manifest_and_scheduler_log_confirmed,MONASH/hf_MONASH_job020.root
MONASH,21,0,130000022,accepted,accepted_manifest_and_scheduler_log_confirmed,MONASH/hf_MONASH_job021.root
MONASH,22,0,130000023,accepted,accepted_manifest_and_scheduler_log_confirmed,MONASH/hf_MONASH_job022.root
MONASH,23,0,130000024,accepted,accepted_manifest_and_scheduler_log_confirmed,MONASH/hf_MONASH_job023.root
MONASH,24,0,130000025,accepted,accepted_manifest_and_scheduler_log_confirmed,MONASH/hf_MONASH_job024.root
MONASH,25,0,130000026,accepted,accepted_manifest_and_scheduler_log_confirmed,MONASH/hf_MONASH_job025.root
MONASH,26,0,130000027,accepted,accepted_manifest_and_scheduler_log_confirmed,MONASH/hf_MONASH_job026.root
MONASH,27,0,130000028,accepted,accepted_manifest_and_scheduler_log_confirmed,MONASH/hf_MONASH_job027.root
MONASH,28,0,130000029,accepted,accepted_manifest_and_scheduler_log_confirmed,MONASH/hf_MONASH_job028.root
MONASH,29,0,130000030,accepted,accepted_manifest_and_scheduler_log_confirmed,MONASH/hf_MONASH_job029.root
MONASH,30,0,130000031,accepted,accepted_manifest_and_scheduler_log_confirmed,MONASH/hf_MONASH_job030.root
MONASH,31,0,130000032,accepted,accepted_manifest_and_scheduler_log_confirmed,MONASH/hf_MONASH_job031.root
MONASH,32,0,130000033,accepted,accepted_manifest_and_scheduler_log_confirmed,MONASH/hf_MONASH_job032.root
MONASH,33,0,130000034,accepted,accepted_manifest_and_scheduler_log_confirmed,MONASH/hf_MONASH_job033.root
MONASH,34,0,130000035,accepted,accepted_manifest_and_scheduler_log_confirmed,MONASH/hf_MONASH_job034.root
MONASH,35,0,130000036,accepted,accepted_manifest_and_scheduler_log_confirmed,MONASH/hf_MONASH_job035.root
MONASH,36,0,130000037,accepted,accepted_manifest_and_scheduler_log_confirmed,MONASH/hf_MONASH_job036.root
MONASH,37,0,130000038,accepted,accepted_manifest_and_scheduler_log_confirmed,MONASH/hf_MONASH_job037.root
MONASH,38,0,130000039,accepted,accepted_manifest_and_scheduler_log_confirmed,MONASH/hf_MONASH_job038.root
MONASH,39,0,130000040,accepted,accepted_manifest_and_scheduler_log_confirmed,MONASH/hf_MONASH_job039.root
MONASH,40,0,130000041,accepted,accepted_manifest_and_scheduler_log_confirmed,MONASH/hf_MONASH_job040.root
MONASH,41,0,130000042,accepted,accepted_manifest_and_scheduler_log_confirmed,MONASH/hf_MONASH_job041.root
MONASH,42,0,130000043,accepted,accepted_manifest_and_scheduler_log_confirmed,MONASH/hf_MONASH_job042.root
MONASH,43,0,130000044,accepted,accepted_manifest_and_scheduler_log_confirmed,MONASH/hf_MONASH_job043.root
MONASH,44,0,130000045,accepted,accepted_manifest_and_scheduler_log_confirmed,MONASH/hf_MONASH_job044.root
MONASH,45,0,130000046,accepted,accepted_manifest_and_scheduler_log_confirmed,MONASH/hf_MONASH_job045.root
MONASH,46,0,130000047,accepted,accepted_manifest_and_scheduler_log_confirmed,MONASH/hf_MONASH_job046.root
MONASH,47,0,130000048,accepted,accepted_manifest_and_scheduler_log_confirmed,MONASH/hf_MONASH_job047.root
MONASH,48,0,130000049,accepted,accepted_manifest_and_scheduler_log_confirmed,MONASH/hf_MONASH_job048.root
MONASH,49,0,130000050,accepted,accepted_manifest_and_scheduler_log_confirmed,MONASH/hf_MONASH_job049.root
MONASH,50,0,130000051,accepted,accepted_manifest_and_scheduler_log_confirmed,MONASH/hf_MONASH_job050.root
MONASH,51,0,130000052,accepted,accepted_manifest_and_scheduler_log_confirmed,MONASH/hf_MONASH_job051.root
MONASH,52,0,130000053,accepted,accepted_manifest_and_scheduler_log_confirmed,MONASH/hf_MONASH_job052.root
MONASH,53,0,130000054,accepted,accepted_manifest_and_scheduler_log_confirmed,MONASH/hf_MONASH_job053.root
MONASH,54,0,130000055,accepted,accepted_manifest_and_scheduler_log_confirmed,MONASH/hf_MONASH_job054.root
MONASH,55,0,130000056,accepted,accepted_manifest_and_scheduler_log_confirmed,MONASH/hf_MONASH_job055.root
MONASH,56,0,130000057,accepted,accepted_manifest_and_scheduler_log_confirmed,MONASH/hf_MONASH_job056.root
MONASH,57,0,130000058,accepted,accepted_manifest_and_scheduler_log_confirmed,MONASH/hf_MONASH_job057.root
MONASH,58,0,130000059,accepted,accepted_manifest_and_scheduler_log_confirmed,MONASH/hf_MONASH_job058.root
MONASH,59,0,130000060,accepted,accepted_manifest_and_scheduler_log_confirmed,MONASH/hf_MONASH_job059.root
MONASH,60,0,130000061,accepted,accepted_manifest_and_scheduler_log_confirmed,MONASH/hf_MONASH_job060.root
MONASH,61,0,130000062,accepted,accepted_manifest_and_scheduler_log_confirmed,MONASH/hf_MONASH_job061.root
MONASH,62,0,130000063,accepted,accepted_manifest_and_scheduler_log_confirmed,MONASH/hf_MONASH_job062.root
MONASH,63,0,130000064,accepted,accepted_manifest_and_scheduler_log_confirmed,MONASH/hf_MONASH_job063.root
MONASH,64,0,130000065,accepted,accepted_manifest_and_scheduler_log_confirmed,MONASH/hf_MONASH_job064.root
MONASH,65,0,130000066,accepted,accepted_manifest_and_scheduler_log_confirmed,MONASH/hf_MONASH_job065.root
MONASH,66,0,130000067,accepted,accepted_manifest_and_scheduler_log_confirmed,MONASH/hf_MONASH_job066.root
MONASH,67,0,130000068,accepted,accepted_manifest_and_scheduler_log_confirmed,MONASH/hf_MONASH_job067.root
MONASH,68,0,130000069,accepted,accepted_manifest_and_scheduler_log_confirmed,MONASH/hf_MONASH_job068.root
MONASH,69,0,130000070,accepted,accepted_manifest_and_scheduler_log_confirmed,MONASH/hf_MONASH_job069.root
MONASH,70,0,130000071,accepted,accepted_manifest_and_scheduler_log_confirmed,MONASH/hf_MONASH_job070.root
MONASH,71,0,130000072,accepted,accepted_manifest_and_scheduler_log_confirmed,MONASH/hf_MONASH_job071.root
MONASH,72,0,130000073,accepted,accepted_manifest_and_scheduler_log_confirmed,MONASH/hf_MONASH_job072.root
MONASH,73,0,130000074,accepted,accepted_manifest_and_scheduler_log_confirmed,MONASH/hf_MONASH_job073.root
MONASH,74,0,130000075,accepted,accepted_manifest_and_scheduler_log_confirmed,MONASH/hf_MONASH_job074.root
MONASH,75,0,130000076,accepted,accepted_manifest_and_scheduler_log_confirmed,MONASH/hf_MONASH_job075.root
MONASH,76,0,130000077,accepted,accepted_manifest_and_scheduler_log_confirmed,MONASH/hf_MONASH_job076.root
MONASH,77,0,130000078,accepted,accepted_manifest_and_scheduler_log_confirmed,MONASH/hf_MONASH_job077.root
MONASH,78,0,130000079,accepted,accepted_manifest_and_scheduler_log_confirmed,MONASH/hf_MONASH_job078.root
MONASH,79,0,130000080,accepted,accepted_manifest_and_scheduler_log_confirmed,MONASH/hf_MONASH_job079.root
MONASH,80,0,130000081,accepted,accepted_manifest_and_scheduler_log_confirmed,MONASH/hf_MONASH_job080.root
MONASH,81,0,130000082,accepted,accepted_manifest_and_scheduler_log_confirmed,MONASH/hf_MONASH_job081.root
MONASH,82,0,130000083,accepted,accepted_manifest_and_scheduler_log_confirmed,MONASH/hf_MONASH_job082.root
MONASH,83,0,130000084,accepted,accepted_manifest_and_scheduler_log_confirmed,MONASH/hf_MONASH_job083.root
MONASH,84,0,130000085,accepted,accepted_manifest_and_scheduler_log_confirmed,MONASH/hf_MONASH_job084.root
MONASH,85,0,130000086,accepted,accepted_manifest_and_scheduler_log_confirmed,MONASH/hf_MONASH_job085.root
MONASH,86,0,130000087,accepted,accepted_manifest_and_scheduler_log_confirmed,MONASH/hf_MONASH_job086.root
MONASH,87,0,130000088,accepted,accepted_manifest_and_scheduler_log_confirmed,MONASH/hf_MONASH_job087.root
MONASH,88,0,130000089,accepted,accepted_manifest_and_scheduler_log_confirmed,MONASH/hf_MONASH_job088.root
MONASH,89,0,130000090,accepted,accepted_manifest_and_scheduler_log_confirmed,MONASH/hf_MONASH_job089.root
MONASH,90,0,130000091,accepted,accepted_manifest_and_scheduler_log_confirmed,MONASH/hf_MONASH_job090.root
MONASH,91,0,130000092,accepted,accepted_manifest_and_scheduler_log_confirmed,MONASH/hf_MONASH_job091.root
MONASH,92,0,130000093,accepted,accepted_manifest_and_scheduler_log_confirmed,MONASH/hf_MONASH_job092.root
MONASH,93,0,130000094,accepted,accepted_manifest_and_scheduler_log_confirmed,MONASH/hf_MONASH_job093.root
MONASH,94,0,130000095,accepted,accepted_manifest_and_scheduler_log_confirmed,MONASH/hf_MONASH_job094.root
MONASH,95,0,130000096,accepted,accepted_manifest_and_scheduler_log_confirmed,MONASH/hf_MONASH_job095.root
MONASH,96,0,130000097,accepted,accepted_manifest_and_scheduler_log_confirmed,MONASH/hf_MONASH_job096.root
MONASH,97,0,130000098,accepted,accepted_manifest_and_scheduler_log_confirmed,MONASH/hf_MONASH_job097.root
MONASH,98,0,130000099,accepted,accepted_manifest_and_scheduler_log_confirmed,MONASH/hf_MONASH_job098.root
MONASH,99,0,130000100,accepted,accepted_manifest_and_scheduler_log_confirmed,MONASH/hf_MONASH_job099.root
MONASH,100,0,130000101,accepted,accepted_manifest_and_scheduler_log_confirmed,MONASH/hf_MONASH_job100.root
MONASH,101,0,130000102,accepted,accepted_manifest_and_scheduler_log_confirmed,MONASH/hf_MONASH_job101.root
MONASH,102,0,130000103,accepted,accepted_manifest_and_scheduler_log_confirmed,MONASH/hf_MONASH_job102.root
MONASH,103,0,130000104,accepted,accepted_manifest_and_scheduler_log_confirmed,MONASH/hf_MONASH_job103.root
MONASH,104,0,130000105,accepted,accepted_manifest_and_scheduler_log_confirmed,MONASH/hf_MONASH_job104.root
MONASH,105,0,130000106,accepted,accepted_manifest_and_scheduler_log_confirmed,MONASH/hf_MONASH_job105.root
MONASH,106,0,130000107,accepted,accepted_manifest_and_scheduler_log_confirmed,MONASH/hf_MONASH_job106.root
MONASH,107,0,130000108,accepted,accepted_manifest_and_scheduler_log_confirmed,MONASH/hf_MONASH_job107.root
MONASH,108,0,130000109,accepted,accepted_manifest_and_scheduler_log_confirmed,MONASH/hf_MONASH_job108.root
MONASH,109,0,130000110,accepted,accepted_manifest_and_scheduler_log_confirmed,MONASH/hf_MONASH_job109.root
MONASH,110,0,130000111,accepted,accepted_manifest_and_scheduler_log_confirmed,MONASH/hf_MONASH_job110.root
MONASH,111,0,130000112,accepted,accepted_manifest_and_scheduler_log_confirmed,MONASH/hf_MONASH_job111.root
MONASH,112,0,130000113,accepted,accepted_manifest_and_scheduler_log_confirmed,MONASH/hf_MONASH_job112.root
MONASH,113,0,130000114,accepted,accepted_manifest_and_scheduler_log_confirmed,MONASH/hf_MONASH_job113.root
MONASH,114,0,130000115,accepted,accepted_manifest_and_scheduler_log_confirmed,MONASH/hf_MONASH_job114.root
MONASH,115,0,130000116,accepted,accepted_manifest_and_scheduler_log_confirmed,MONASH/hf_MONASH_job115.root
MONASH,116,0,130000117,accepted,accepted_manifest_and_scheduler_log_confirmed,MONASH/hf_MONASH_job116.root
MONASH,117,0,130000118,accepted,accepted_manifest_and_scheduler_log_confirmed,MONASH/hf_MONASH_job117.root
MONASH,118,0,130000119,accepted,accepted_manifest_and_scheduler_log_confirmed,MONASH/hf_MONASH_job118.root
MONASH,119,0,130000120,accepted,accepted_manifest_and_scheduler_log_confirmed,MONASH/hf_MONASH_job119.root
MONASH,120,0,130000121,accepted,accepted_manifest_and_scheduler_log_confirmed,MONASH/hf_MONASH_job120.root
MONASH,121,0,130000122,accepted,accepted_manifest_and_scheduler_log_confirmed,MONASH/hf_MONASH_job121.root
MONASH,122,0,130000123,accepted,accepted_manifest_and_scheduler_log_confirmed,MONASH/hf_MONASH_job122.root
MONASH,123,0,130000124,accepted,accepted_manifest_and_scheduler_log_confirmed,MONASH/hf_MONASH_job123.root
MONASH,124,0,130000125,accepted,accepted_manifest_and_scheduler_log_confirmed,MONASH/hf_MONASH_job124.root
MONASH,125,0,130000126,accepted,accepted_manifest_and_scheduler_log_confirmed,MONASH/hf_MONASH_job125.root
MONASH,126,0,130000127,accepted,accepted_manifest_and_scheduler_log_confirmed,MONASH/hf_MONASH_job126.root
MONASH,127,0,130000128,accepted,accepted_manifest_and_scheduler_log_confirmed,MONASH/hf_MONASH_job127.root
MONASH,128,0,130000129,accepted,accepted_manifest_and_scheduler_log_confirmed,MONASH/hf_MONASH_job128.root
MONASH,129,0,130000130,accepted,accepted_manifest_and_scheduler_log_confirmed,MONASH/hf_MONASH_job129.root
MONASH,130,0,130000131,accepted,accepted_manifest_and_scheduler_log_confirmed,MONASH/hf_MONASH_job130.root
MONASH,131,0,130000132,accepted,accepted_manifest_and_scheduler_log_confirmed,MONASH/hf_MONASH_job131.root
MONASH,132,0,130000133,accepted,accepted_manifest_and_scheduler_log_confirmed,MONASH/hf_MONASH_job132.root
MONASH,133,0,130000134,accepted,accepted_manifest_and_scheduler_log_confirmed,MONASH/hf_MONASH_job133.root
MONASH,134,0,130000135,accepted,accepted_manifest_and_scheduler_log_confirmed,MONASH/hf_MONASH_job134.root
MONASH,135,0,130000136,accepted,accepted_manifest_and_scheduler_log_confirmed,MONASH/hf_MONASH_job135.root
MONASH,136,0,130000137,accepted,accepted_manifest_and_scheduler_log_confirmed,MONASH/hf_MONASH_job136.root
MONASH,137,0,130000138,accepted,accepted_manifest_and_scheduler_log_confirmed,MONASH/hf_MONASH_job137.root
MONASH,138,0,130000139,accepted,accepted_manifest_and_scheduler_log_confirmed,MONASH/hf_MONASH_job138.root
MONASH,139,0,130000140,accepted,accepted_manifest_and_scheduler_log_confirmed,MONASH/hf_MONASH_job139.root
MONASH,140,0,130000141,accepted,accepted_manifest_and_scheduler_log_confirmed,MONASH/hf_MONASH_job140.root
MONASH,141,0,130000142,accepted,accepted_manifest_and_scheduler_log_confirmed,MONASH/hf_MONASH_job141.root
MONASH,142,0,130000143,accepted,accepted_manifest_and_scheduler_log_confirmed,MONASH/hf_MONASH_job142.root
MONASH,143,0,130000144,accepted,accepted_manifest_and_scheduler_log_confirmed,MONASH/hf_MONASH_job143.root
MONASH,144,0,130000145,accepted,accepted_manifest_and_scheduler_log_confirmed,MONASH/hf_MONASH_job144.root
MONASH,145,0,130000146,accepted,accepted_manifest_and_scheduler_log_confirmed,MONASH/hf_MONASH_job145.root
MONASH,146,0,130000147,accepted,accepted_manifest_and_scheduler_log_confirmed,MONASH/hf_MONASH_job146.root
MONASH,147,0,130000148,accepted,accepted_manifest_and_scheduler_log_confirmed,MONASH/hf_MONASH_job147.root
MONASH,148,0,130000149,accepted,accepted_manifest_and_scheduler_log_confirmed,MONASH/hf_MONASH_job148.root
MONASH,149,0,130000150,accepted,accepted_manifest_and_scheduler_log_confirmed,MONASH/hf_MONASH_job149.root
MONASH,150,0,130000151,accepted,accepted_manifest_and_scheduler_log_confirmed,MONASH/hf_MONASH_job150.root
MONASH,151,0,130000152,accepted,accepted_manifest_and_scheduler_log_confirmed,MONASH/hf_MONASH_job151.root
MONASH,152,0,130000153,accepted,accepted_manifest_and_scheduler_log_confirmed,MONASH/hf_MONASH_job152.root
MONASH,153,0,130000154,accepted,accepted_manifest_and_scheduler_log_confirmed,MONASH/hf_MONASH_job153.root
MONASH,154,0,130000155,accepted,accepted_manifest_and_scheduler_log_confirmed,MONASH/hf_MONASH_job154.root
MONASH,155,0,130000156,accepted,accepted_manifest_and_scheduler_log_confirmed,MONASH/hf_MONASH_job155.root
MONASH,156,0,130000157,accepted,accepted_manifest_and_scheduler_log_confirmed,MONASH/hf_MONASH_job156.root
MONASH,157,0,130000158,accepted,accepted_manifest_and_scheduler_log_confirmed,MONASH/hf_MONASH_job157.root
MONASH,158,0,130000159,accepted,accepted_manifest_and_scheduler_log_confirmed,MONASH/hf_MONASH_job158.root
MONASH,159,0,130000160,accepted,accepted_manifest_and_scheduler_log_confirmed,MONASH/hf_MONASH_job159.root
MONASH,160,0,130000161,accepted,accepted_manifest_and_scheduler_log_confirmed,MONASH/hf_MONASH_job160.root
MONASH,161,0,130000162,accepted,accepted_manifest_and_scheduler_log_confirmed,MONASH/hf_MONASH_job161.root
MONASH,162,0,130000163,accepted,accepted_manifest_and_scheduler_log_confirmed,MONASH/hf_MONASH_job162.root
MONASH,163,0,130000164,accepted,accepted_manifest_and_scheduler_log_confirmed,MONASH/hf_MONASH_job163.root
MONASH,164,0,130000165,accepted,accepted_manifest_and_scheduler_log_confirmed,MONASH/hf_MONASH_job164.root
MONASH,165,0,130000166,accepted,accepted_manifest_and_scheduler_log_confirmed,MONASH/hf_MONASH_job165.root
MONASH,166,0,130000167,accepted,accepted_manifest_and_scheduler_log_confirmed,MONASH/hf_MONASH_job166.root
MONASH,167,0,130000168,accepted,accepted_manifest_and_scheduler_log_confirmed,MONASH/hf_MONASH_job167.root
MONASH,168,0,130000169,accepted,accepted_manifest_and_scheduler_log_confirmed,MONASH/hf_MONASH_job168.root
MONASH,169,0,130000170,accepted,accepted_manifest_and_scheduler_log_confirmed,MONASH/hf_MONASH_job169.root
MONASH,170,0,130000171,accepted,accepted_manifest_and_scheduler_log_confirmed,MONASH/hf_MONASH_job170.root
MONASH,171,0,130000172,accepted,accepted_manifest_and_scheduler_log_confirmed,MONASH/hf_MONASH_job171.root
MONASH,172,0,130000173,accepted,accepted_manifest_and_scheduler_log_confirmed,MONASH/hf_MONASH_job172.root
MONASH,173,0,130000174,accepted,accepted_manifest_and_scheduler_log_confirmed,MONASH/hf_MONASH_job173.root
MONASH,174,0,130000175,accepted,accepted_manifest_and_scheduler_log_confirmed,MONASH/hf_MONASH_job174.root
MONASH,175,0,130000176,accepted,accepted_manifest_and_scheduler_log_confirmed,MONASH/hf_MONASH_job175.root
MONASH,176,0,130000177,accepted,accepted_manifest_and_scheduler_log_confirmed,MONASH/hf_MONASH_job176.root
MONASH,177,0,130000178,accepted,accepted_manifest_and_scheduler_log_confirmed,MONASH/hf_MONASH_job177.root
MONASH,178,0,130000179,accepted,accepted_manifest_and_scheduler_log_confirmed,MONASH/hf_MONASH_job178.root
MONASH,179,0,130000180,accepted,accepted_manifest_and_scheduler_log_confirmed,MONASH/hf_MONASH_job179.root
MONASH,180,0,130000181,accepted,accepted_manifest_and_scheduler_log_confirmed,MONASH/hf_MONASH_job180.root
MONASH,181,0,130000182,accepted,accepted_manifest_and_scheduler_log_confirmed,MONASH/hf_MONASH_job181.root
MONASH,182,0,130000183,accepted,accepted_manifest_and_scheduler_log_confirmed,MONASH/hf_MONASH_job182.root
MONASH,183,0,130000184,accepted,accepted_manifest_and_scheduler_log_confirmed,MONASH/hf_MONASH_job183.root
MONASH,184,0,130000185,accepted,accepted_manifest_and_scheduler_log_confirmed,MONASH/hf_MONASH_job184.root
MONASH,185,0,130000186,accepted,accepted_manifest_and_scheduler_log_confirmed,MONASH/hf_MONASH_job185.root
MONASH,186,0,130000187,accepted,accepted_manifest_and_scheduler_log_confirmed,MONASH/hf_MONASH_job186.root
MONASH,187,0,130000188,accepted,accepted_manifest_and_scheduler_log_confirmed,MONASH/hf_MONASH_job187.root
MONASH,188,0,130000189,accepted,accepted_manifest_and_scheduler_log_confirmed,MONASH/hf_MONASH_job188.root
MONASH,189,0,130000190,accepted,accepted_manifest_and_scheduler_log_confirmed,MONASH/hf_MONASH_job189.root
MONASH,190,0,130000191,accepted,accepted_manifest_and_scheduler_log_confirmed,MONASH/hf_MONASH_job190.root
MONASH,191,0,130000192,accepted,accepted_manifest_and_scheduler_log_confirmed,MONASH/hf_MONASH_job191.root
MONASH,192,0,130000193,accepted,accepted_manifest_and_scheduler_log_confirmed,MONASH/hf_MONASH_job192.root
MONASH,193,0,130000194,accepted,accepted_manifest_and_scheduler_log_confirmed,MONASH/hf_MONASH_job193.root
MONASH,194,0,130000195,accepted,accepted_manifest_and_scheduler_log_confirmed,MONASH/hf_MONASH_job194.root
MONASH,195,0,130000196,accepted,accepted_manifest_and_scheduler_log_confirmed,MONASH/hf_MONASH_job195.root
MONASH,196,0,130000197,accepted,accepted_manifest_and_scheduler_log_confirmed,MONASH/hf_MONASH_job196.root
MONASH,197,0,130000198,accepted,accepted_manifest_and_scheduler_log_confirmed,MONASH/hf_MONASH_job197.root
MONASH,198,0,130000199,accepted,accepted_manifest_and_scheduler_log_confirmed,MONASH/hf_MONASH_job198.root
MONASH,199,0,130000200,accepted,accepted_manifest_and_scheduler_log_confirmed,MONASH/hf_MONASH_job199.root
MONASH,200,0,130000201,accepted,accepted_manifest_and_scheduler_log_confirmed,MONASH/hf_MONASH_job200.root
MONASH,201,0,130000202,accepted,accepted_manifest_and_scheduler_log_confirmed,MONASH/hf_MONASH_job201.root
MONASH,202,0,130000203,accepted,accepted_manifest_and_scheduler_log_confirmed,MONASH/hf_MONASH_job202.root
MONASH,203,0,130000204,accepted,accepted_manifest_and_scheduler_log_confirmed,MONASH/hf_MONASH_job203.root
MONASH,204,0,130000205,accepted,accepted_manifest_and_scheduler_log_confirmed,MONASH/hf_MONASH_job204.root
MONASH,205,0,130000206,accepted,accepted_manifest_and_scheduler_log_confirmed,MONASH/hf_MONASH_job205.root
MONASH,206,0,130000207,accepted,accepted_manifest_and_scheduler_log_confirmed,MONASH/hf_MONASH_job206.root
MONASH,207,0,130000208,accepted,accepted_manifest_and_scheduler_log_confirmed,MONASH/hf_MONASH_job207.root
MONASH,208,0,130000209,accepted,accepted_manifest_and_scheduler_log_confirmed,MONASH/hf_MONASH_job208.root
MONASH,209,0,130000210,accepted,accepted_manifest_and_scheduler_log_confirmed,MONASH/hf_MONASH_job209.root
MONASH,210,0,130000211,accepted,accepted_manifest_and_scheduler_log_confirmed,MONASH/hf_MONASH_job210.root
MONASH,211,0,130000212,accepted,accepted_manifest_and_scheduler_log_confirmed,MONASH/hf_MONASH_job211.root
MONASH,212,0,130000213,accepted,accepted_manifest_and_scheduler_log_confirmed,MONASH/hf_MONASH_job212.root
MONASH,213,0,130000214,accepted,accepted_manifest_and_scheduler_log_confirmed,MONASH/hf_MONASH_job213.root
MONASH,214,0,130000215,accepted,accepted_manifest_and_scheduler_log_confirmed,MONASH/hf_MONASH_job214.root
MONASH,215,0,130000216,accepted,accepted_manifest_and_scheduler_log_confirmed,MONASH/hf_MONASH_job215.root
MONASH,216,0,130000217,accepted,accepted_manifest_and_scheduler_log_confirmed,MONASH/hf_MONASH_job216.root
MONASH,217,0,130000218,accepted,accepted_manifest_and_scheduler_log_confirmed,MONASH/hf_MONASH_job217.root
MONASH,218,0,130000219,accepted,accepted_manifest_and_scheduler_log_confirmed,MONASH/hf_MONASH_job218.root
MONASH,219,0,130000220,accepted,accepted_manifest_and_scheduler_log_confirmed,MONASH/hf_MONASH_job219.root
MONASH,220,0,130000221,accepted,accepted_manifest_and_scheduler_log_confirmed,MONASH/hf_MONASH_job220.root
MONASH,221,0,130000222,accepted,accepted_manifest_and_scheduler_log_confirmed,MONASH/hf_MONASH_job221.root
MONASH,222,0,130000223,accepted,accepted_manifest_and_scheduler_log_confirmed,MONASH/hf_MONASH_job222.root
MONASH,223,0,130000224,accepted,accepted_manifest_and_scheduler_log_confirmed,MONASH/hf_MONASH_job223.root
MONASH,224,0,130000225,accepted,accepted_manifest_and_scheduler_log_confirmed,MONASH/hf_MONASH_job224.root
MONASH,225,0,130000226,accepted,accepted_manifest_and_scheduler_log_confirmed,MONASH/hf_MONASH_job225.root
MONASH,226,0,130000227,accepted,accepted_manifest_and_scheduler_log_confirmed,MONASH/hf_MONASH_job226.root
MONASH,227,0,130000228,accepted,accepted_manifest_and_scheduler_log_confirmed,MONASH/hf_MONASH_job227.root
MONASH,228,0,130000229,accepted,accepted_manifest_and_scheduler_log_confirmed,MONASH/hf_MONASH_job228.root
MONASH,229,0,130000230,accepted,accepted_manifest_and_scheduler_log_confirmed,MONASH/hf_MONASH_job229.root
MONASH,230,0,130000231,accepted,accepted_manifest_and_scheduler_log_confirmed,MONASH/hf_MONASH_job230.root
MONASH,231,0,130000232,accepted,accepted_manifest_and_scheduler_log_confirmed,MONASH/hf_MONASH_job231.root
MONASH,232,0,130000233,accepted,accepted_manifest_and_scheduler_log_confirmed,MONASH/hf_MONASH_job232.root
MONASH,233,0,130000234,accepted,accepted_manifest_and_scheduler_log_confirmed,MONASH/hf_MONASH_job233.root
MONASH,234,0,130000235,accepted,accepted_manifest_and_scheduler_log_confirmed,MONASH/hf_MONASH_job234.root
MONASH,235,0,130000236,accepted,accepted_manifest_and_scheduler_log_confirmed,MONASH/hf_MONASH_job235.root
MONASH,236,0,130000237,accepted,accepted_manifest_and_scheduler_log_confirmed,MONASH/hf_MONASH_job236.root
MONASH,237,0,130000238,accepted,accepted_manifest_and_scheduler_log_confirmed,MONASH/hf_MONASH_job237.root
MONASH,238,0,130000239,accepted,accepted_manifest_and_scheduler_log_confirmed,MONASH/hf_MONASH_job238.root
MONASH,239,0,130000240,accepted,accepted_manifest_and_scheduler_log_confirmed,MONASH/hf_MONASH_job239.root
MONASH,240,0,130000241,accepted,accepted_manifest_and_scheduler_log_confirmed,MONASH/hf_MONASH_job240.root
MONASH,241,0,130000242,accepted,accepted_manifest_and_scheduler_log_confirmed,MONASH/hf_MONASH_job241.root
MONASH,242,0,130000243,accepted,accepted_manifest_and_scheduler_log_confirmed,MONASH/hf_MONASH_job242.root
MONASH,243,0,130000244,accepted,accepted_manifest_and_scheduler_log_confirmed,MONASH/hf_MONASH_job243.root
MONASH,244,0,130000245,accepted,accepted_manifest_and_scheduler_log_confirmed,MONASH/hf_MONASH_job244.root
MONASH,245,0,130000246,accepted,accepted_manifest_and_scheduler_log_confirmed,MONASH/hf_MONASH_job245.root
MONASH,246,0,130000247,accepted,accepted_manifest_and_scheduler_log_confirmed,MONASH/hf_MONASH_job246.root
MONASH,247,0,130000248,accepted,accepted_manifest_and_scheduler_log_confirmed,MONASH/hf_MONASH_job247.root
MONASH,248,0,130000249,accepted,accepted_manifest_and_scheduler_log_confirmed,MONASH/hf_MONASH_job248.root
MONASH,249,0,130000250,accepted,accepted_manifest_and_scheduler_log_confirmed,MONASH/hf_MONASH_job249.root
MONASH,250,0,130000251,accepted,accepted_manifest_and_scheduler_log_confirmed,MONASH/hf_MONASH_job250.root
MONASH,251,0,130000252,accepted,accepted_manifest_and_scheduler_log_confirmed,MONASH/hf_MONASH_job251.root
MONASH,252,0,130000253,accepted,accepted_manifest_and_scheduler_log_confirmed,MONASH/hf_MONASH_job252.root
MONASH,253,0,130000254,accepted,accepted_manifest_and_scheduler_log_confirmed,MONASH/hf_MONASH_job253.root
MONASH,254,0,130000255,accepted,accepted_manifest_and_scheduler_log_confirmed,MONASH/hf_MONASH_job254.root
MONASH,255,0,130000256,accepted,accepted_manifest_and_scheduler_log_confirmed,MONASH/hf_MONASH_job255.root
MONASH,256,0,130000257,accepted,accepted_manifest_and_scheduler_log_confirmed,MONASH/hf_MONASH_job256.root
MONASH,257,0,130000258,accepted,accepted_manifest_and_scheduler_log_confirmed,MONASH/hf_MONASH_job257.root
MONASH,258,0,130000259,accepted,accepted_manifest_and_scheduler_log_confirmed,MONASH/hf_MONASH_job258.root
MONASH,259,0,130000260,accepted,accepted_manifest_and_scheduler_log_confirmed,MONASH/hf_MONASH_job259.root
MONASH,260,0,130000261,accepted,accepted_manifest_and_scheduler_log_confirmed,MONASH/hf_MONASH_job260.root
MONASH,261,0,130000262,accepted,accepted_manifest_and_scheduler_log_confirmed,MONASH/hf_MONASH_job261.root
MONASH,262,0,130000263,accepted,accepted_manifest_and_scheduler_log_confirmed,MONASH/hf_MONASH_job262.root
MONASH,263,0,130000264,accepted,accepted_manifest_and_scheduler_log_confirmed,MONASH/hf_MONASH_job263.root
MONASH,264,0,130000265,accepted,accepted_manifest_and_scheduler_log_confirmed,MONASH/hf_MONASH_job264.root
MONASH,265,0,130000266,accepted,accepted_manifest_and_scheduler_log_confirmed,MONASH/hf_MONASH_job265.root
MONASH,266,0,130000267,accepted,accepted_manifest_and_scheduler_log_confirmed,MONASH/hf_MONASH_job266.root
MONASH,267,0,130000268,accepted,accepted_manifest_and_scheduler_log_confirmed,MONASH/hf_MONASH_job267.root
MONASH,268,0,130000269,accepted,accepted_manifest_and_scheduler_log_confirmed,MONASH/hf_MONASH_job268.root
MONASH,269,0,130000270,accepted,accepted_manifest_and_scheduler_log_confirmed,MONASH/hf_MONASH_job269.root
MONASH,270,0,130000271,accepted,accepted_manifest_and_scheduler_log_confirmed,MONASH/hf_MONASH_job270.root
MONASH,271,0,130000272,accepted,accepted_manifest_and_scheduler_log_confirmed,MONASH/hf_MONASH_job271.root
MONASH,272,0,130000273,accepted,accepted_manifest_and_scheduler_log_confirmed,MONASH/hf_MONASH_job272.root
MONASH,273,0,130000274,accepted,accepted_manifest_and_scheduler_log_confirmed,MONASH/hf_MONASH_job273.root
MONASH,274,0,130000275,accepted,accepted_manifest_and_scheduler_log_confirmed,MONASH/hf_MONASH_job274.root
MONASH,275,0,130000276,accepted,accepted_manifest_and_scheduler_log_confirmed,MONASH/hf_MONASH_job275.root
MONASH,276,0,130000277,accepted,accepted_manifest_and_scheduler_log_confirmed,MONASH/hf_MONASH_job276.root
MONASH,277,0,130000278,accepted,accepted_manifest_and_scheduler_log_confirmed,MONASH/hf_MONASH_job277.root
MONASH,278,0,130000279,accepted,accepted_manifest_and_scheduler_log_confirmed,MONASH/hf_MONASH_job278.root
MONASH,279,0,130000280,accepted,accepted_manifest_and_scheduler_log_confirmed,MONASH/hf_MONASH_job279.root
MONASH,280,0,130000281,accepted,accepted_manifest_and_scheduler_log_confirmed,MONASH/hf_MONASH_job280.root
MONASH,281,0,130000282,accepted,accepted_manifest_and_scheduler_log_confirmed,MONASH/hf_MONASH_job281.root
MONASH,282,0,130000283,accepted,accepted_manifest_and_scheduler_log_confirmed,MONASH/hf_MONASH_job282.root
MONASH,283,0,130000284,accepted,accepted_manifest_and_scheduler_log_confirmed,MONASH/hf_MONASH_job283.root
MONASH,284,0,130000285,accepted,accepted_manifest_and_scheduler_log_confirmed,MONASH/hf_MONASH_job284.root
MONASH,285,0,130000286,accepted,accepted_manifest_and_scheduler_log_confirmed,MONASH/hf_MONASH_job285.root
MONASH,286,0,130000287,accepted,accepted_manifest_and_scheduler_log_confirmed,MONASH/hf_MONASH_job286.root
MONASH,287,0,130000288,accepted,accepted_manifest_and_scheduler_log_confirmed,MONASH/hf_MONASH_job287.root
MONASH,288,0,130000289,accepted,accepted_manifest_and_scheduler_log_confirmed,MONASH/hf_MONASH_job288.root
MONASH,289,0,130000290,accepted,accepted_manifest_and_scheduler_log_confirmed,MONASH/hf_MONASH_job289.root
MONASH,290,0,130000291,accepted,accepted_manifest_and_scheduler_log_confirmed,MONASH/hf_MONASH_job290.root
MONASH,291,0,130000292,accepted,accepted_manifest_and_scheduler_log_confirmed,MONASH/hf_MONASH_job291.root
MONASH,292,0,130000293,accepted,accepted_manifest_and_scheduler_log_confirmed,MONASH/hf_MONASH_job292.root
MONASH,293,0,130000294,accepted,accepted_manifest_and_scheduler_log_confirmed,MONASH/hf_MONASH_job293.root
MONASH,294,0,130000295,accepted,accepted_manifest_and_scheduler_log_confirmed,MONASH/hf_MONASH_job294.root
MONASH,295,0,130000296,accepted,accepted_manifest_and_scheduler_log_confirmed,MONASH/hf_MONASH_job295.root
MONASH,296,0,130000297,accepted,accepted_manifest_and_scheduler_log_confirmed,MONASH/hf_MONASH_job296.root
MONASH,297,0,130000298,accepted,accepted_manifest_and_scheduler_log_confirmed,MONASH/hf_MONASH_job297.root
MONASH,298,0,130000299,accepted,accepted_manifest_and_scheduler_log_confirmed,MONASH/hf_MONASH_job298.root
MONASH,299,0,130000300,accepted,accepted_manifest_and_scheduler_log_confirmed,MONASH/hf_MONASH_job299.root
MONASH,300,0,130000301,accepted,accepted_manifest_and_scheduler_log_confirmed,MONASH/hf_MONASH_job300.root
MONASH,301,0,130000302,accepted,accepted_manifest_and_scheduler_log_confirmed,MONASH/hf_MONASH_job301.root
MONASH,302,0,130000303,accepted,accepted_manifest_and_scheduler_log_confirmed,MONASH/hf_MONASH_job302.root
MONASH,303,0,130000304,accepted,accepted_manifest_and_scheduler_log_confirmed,MONASH/hf_MONASH_job303.root
MONASH,304,0,130000305,accepted,accepted_manifest_and_scheduler_log_confirmed,MONASH/hf_MONASH_job304.root
MONASH,305,0,130000306,accepted,accepted_manifest_and_scheduler_log_confirmed,MONASH/hf_MONASH_job305.root
MONASH,306,0,130000307,accepted,accepted_manifest_and_scheduler_log_confirmed,MONASH/hf_MONASH_job306.root
MONASH,307,0,130000308,accepted,accepted_manifest_and_scheduler_log_confirmed,MONASH/hf_MONASH_job307.root
MONASH,308,0,130000309,accepted,accepted_manifest_and_scheduler_log_confirmed,MONASH/hf_MONASH_job308.root
MONASH,309,0,130000310,accepted,accepted_manifest_and_scheduler_log_confirmed,MONASH/hf_MONASH_job309.root
MONASH,310,0,130000311,accepted,accepted_manifest_and_scheduler_log_confirmed,MONASH/hf_MONASH_job310.root
MONASH,311,0,130000312,accepted,accepted_manifest_and_scheduler_log_confirmed,MONASH/hf_MONASH_job311.root
MONASH,312,0,130000313,accepted,accepted_manifest_and_scheduler_log_confirmed,MONASH/hf_MONASH_job312.root
MONASH,313,0,130000314,accepted,accepted_manifest_and_scheduler_log_confirmed,MONASH/hf_MONASH_job313.root
MONASH,314,0,130000315,accepted,accepted_manifest_and_scheduler_log_confirmed,MONASH/hf_MONASH_job314.root
MONASH,315,0,130000316,accepted,accepted_manifest_and_scheduler_log_confirmed,MONASH/hf_MONASH_job315.root
MONASH,316,0,130000317,accepted,accepted_manifest_and_scheduler_log_confirmed,MONASH/hf_MONASH_job316.root
MONASH,317,0,130000318,accepted,accepted_manifest_and_scheduler_log_confirmed,MONASH/hf_MONASH_job317.root
MONASH,318,0,130000319,accepted,accepted_manifest_and_scheduler_log_confirmed,MONASH/hf_MONASH_job318.root
MONASH,319,0,130000320,accepted,accepted_manifest_and_scheduler_log_confirmed,MONASH/hf_MONASH_job319.root
MONASH,320,0,130000321,accepted,accepted_manifest_and_scheduler_log_confirmed,MONASH/hf_MONASH_job320.root
MONASH,321,0,130000322,accepted,accepted_manifest_and_scheduler_log_confirmed,MONASH/hf_MONASH_job321.root
MONASH,322,0,130000323,accepted,accepted_manifest_and_scheduler_log_confirmed,MONASH/hf_MONASH_job322.root
MONASH,323,0,130000324,accepted,accepted_manifest_and_scheduler_log_confirmed,MONASH/hf_MONASH_job323.root
MONASH,324,0,130000325,accepted,accepted_manifest_and_scheduler_log_confirmed,MONASH/hf_MONASH_job324.root
MONASH,325,0,130000326,accepted,accepted_manifest_and_scheduler_log_confirmed,MONASH/hf_MONASH_job325.root
MONASH,326,0,130000327,accepted,accepted_manifest_and_scheduler_log_confirmed,MONASH/hf_MONASH_job326.root
MONASH,327,0,130000328,accepted,accepted_manifest_and_scheduler_log_confirmed,MONASH/hf_MONASH_job327.root
MONASH,328,0,130000329,accepted,accepted_manifest_and_scheduler_log_confirmed,MONASH/hf_MONASH_job328.root
MONASH,329,0,130000330,accepted,accepted_manifest_and_scheduler_log_confirmed,MONASH/hf_MONASH_job329.root
MONASH,330,0,130000331,accepted,accepted_manifest_and_scheduler_log_confirmed,MONASH/hf_MONASH_job330.root
MONASH,331,0,130000332,accepted,accepted_manifest_and_scheduler_log_confirmed,MONASH/hf_MONASH_job331.root
MONASH,332,0,130000333,accepted,accepted_manifest_and_scheduler_log_confirmed,MONASH/hf_MONASH_job332.root
MONASH,333,0,130000334,accepted,accepted_manifest_and_scheduler_log_confirmed,MONASH/hf_MONASH_job333.root
MONASH,334,0,130000335,accepted,accepted_manifest_and_scheduler_log_confirmed,MONASH/hf_MONASH_job334.root
MONASH,335,0,130000336,accepted,accepted_manifest_and_scheduler_log_confirmed,MONASH/hf_MONASH_job335.root
MONASH,336,0,130000337,accepted,accepted_manifest_and_scheduler_log_confirmed,MONASH/hf_MONASH_job336.root
MONASH,337,0,130000338,accepted,accepted_manifest_and_scheduler_log_confirmed,MONASH/hf_MONASH_job337.root
MONASH,338,0,130000339,accepted,accepted_manifest_and_scheduler_log_confirmed,MONASH/hf_MONASH_job338.root
MONASH,339,0,130000340,accepted,accepted_manifest_and_scheduler_log_confirmed,MONASH/hf_MONASH_job339.root
MONASH,340,0,130000341,accepted,accepted_manifest_and_scheduler_log_confirmed,MONASH/hf_MONASH_job340.root
MONASH,341,0,130000342,accepted,accepted_manifest_and_scheduler_log_confirmed,MONASH/hf_MONASH_job341.root
MONASH,342,0,130000343,accepted,accepted_manifest_and_scheduler_log_confirmed,MONASH/hf_MONASH_job342.root
MONASH,343,0,130000344,accepted,accepted_manifest_and_scheduler_log_confirmed,MONASH/hf_MONASH_job343.root
MONASH,344,0,130000345,accepted,accepted_manifest_and_scheduler_log_confirmed,MONASH/hf_MONASH_job344.root
MONASH,345,0,130000346,accepted,accepted_manifest_and_scheduler_log_confirmed,MONASH/hf_MONASH_job345.root
MONASH,346,0,130000347,accepted,accepted_manifest_and_scheduler_log_confirmed,MONASH/hf_MONASH_job346.root
MONASH,347,0,130000348,accepted,accepted_manifest_and_scheduler_log_confirmed,MONASH/hf_MONASH_job347.root
MONASH,348,0,130000349,accepted,accepted_manifest_and_scheduler_log_confirmed,MONASH/hf_MONASH_job348.root
MONASH,349,0,130000350,accepted,accepted_manifest_and_scheduler_log_confirmed,MONASH/hf_MONASH_job349.root
MONASH,350,0,130000351,accepted,accepted_manifest_and_scheduler_log_confirmed,MONASH/hf_MONASH_job350.root
MONASH,351,0,130000352,accepted,accepted_manifest_and_scheduler_log_confirmed,MONASH/hf_MONASH_job351.root
MONASH,352,0,130000353,accepted,accepted_manifest_and_scheduler_log_confirmed,MONASH/hf_MONASH_job352.root
MONASH,353,0,130000354,accepted,accepted_manifest_and_scheduler_log_confirmed,MONASH/hf_MONASH_job353.root
MONASH,354,0,130000355,accepted,accepted_manifest_and_scheduler_log_confirmed,MONASH/hf_MONASH_job354.root
MONASH,355,0,130000356,accepted,accepted_manifest_and_scheduler_log_confirmed,MONASH/hf_MONASH_job355.root
MONASH,356,0,130000357,accepted,accepted_manifest_and_scheduler_log_confirmed,MONASH/hf_MONASH_job356.root
MONASH,357,0,130000358,accepted,accepted_manifest_and_scheduler_log_confirmed,MONASH/hf_MONASH_job357.root
MONASH,358,0,130000359,accepted,accepted_manifest_and_scheduler_log_confirmed,MONASH/hf_MONASH_job358.root
MONASH,359,0,130000360,accepted,accepted_manifest_and_scheduler_log_confirmed,MONASH/hf_MONASH_job359.root
MONASH,360,0,130000361,accepted,accepted_manifest_and_scheduler_log_confirmed,MONASH/hf_MONASH_job360.root
MONASH,361,0,130000362,accepted,accepted_manifest_and_scheduler_log_confirmed,MONASH/hf_MONASH_job361.root
MONASH,362,0,130000363,accepted,accepted_manifest_and_scheduler_log_confirmed,MONASH/hf_MONASH_job362.root
MONASH,363,0,130000364,accepted,accepted_manifest_and_scheduler_log_confirmed,MONASH/hf_MONASH_job363.root
MONASH,364,0,130000365,accepted,accepted_manifest_and_scheduler_log_confirmed,MONASH/hf_MONASH_job364.root
MONASH,365,0,130000366,accepted,accepted_manifest_and_scheduler_log_confirmed,MONASH/hf_MONASH_job365.root
MONASH,366,0,130000367,accepted,accepted_manifest_and_scheduler_log_confirmed,MONASH/hf_MONASH_job366.root
MONASH,367,0,130000368,accepted,accepted_manifest_and_scheduler_log_confirmed,MONASH/hf_MONASH_job367.root
MONASH,368,0,130000369,accepted,accepted_manifest_and_scheduler_log_confirmed,MONASH/hf_MONASH_job368.root
MONASH,369,0,130000370,accepted,accepted_manifest_and_scheduler_log_confirmed,MONASH/hf_MONASH_job369.root
MONASH,370,0,130000371,accepted,accepted_manifest_and_scheduler_log_confirmed,MONASH/hf_MONASH_job370.root
MONASH,371,0,130000372,accepted,accepted_manifest_and_scheduler_log_confirmed,MONASH/hf_MONASH_job371.root
MONASH,372,0,130000373,accepted,accepted_manifest_and_scheduler_log_confirmed,MONASH/hf_MONASH_job372.root
MONASH,373,0,130000374,accepted,accepted_manifest_and_scheduler_log_confirmed,MONASH/hf_MONASH_job373.root
MONASH,374,0,130000375,accepted,accepted_manifest_and_scheduler_log_confirmed,MONASH/hf_MONASH_job374.root
MONASH,375,0,130000376,accepted,accepted_manifest_and_scheduler_log_confirmed,MONASH/hf_MONASH_job375.root
MONASH,376,0,130000377,accepted,accepted_manifest_and_scheduler_log_confirmed,MONASH/hf_MONASH_job376.root
MONASH,377,0,130000378,accepted,accepted_manifest_and_scheduler_log_confirmed,MONASH/hf_MONASH_job377.root
MONASH,378,0,130000379,accepted,accepted_manifest_and_scheduler_log_confirmed,MONASH/hf_MONASH_job378.root
MONASH,379,0,130000380,accepted,accepted_manifest_and_scheduler_log_confirmed,MONASH/hf_MONASH_job379.root
MONASH,380,0,130000381,accepted,accepted_manifest_and_scheduler_log_confirmed,MONASH/hf_MONASH_job380.root
MONASH,381,0,130000382,accepted,accepted_manifest_and_scheduler_log_confirmed,MONASH/hf_MONASH_job381.root
MONASH,382,0,130000383,accepted,accepted_manifest_and_scheduler_log_confirmed,MONASH/hf_MONASH_job382.root
MONASH,383,0,130000384,accepted,accepted_manifest_and_scheduler_log_confirmed,MONASH/hf_MONASH_job383.root
MONASH,384,0,130000385,accepted,accepted_manifest_and_scheduler_log_confirmed,MONASH/hf_MONASH_job384.root
MONASH,385,0,130000386,accepted,accepted_manifest_and_scheduler_log_confirmed,MONASH/hf_MONASH_job385.root
MONASH,386,0,130000387,accepted,accepted_manifest_and_scheduler_log_confirmed,MONASH/hf_MONASH_job386.root
MONASH,387,0,130000388,accepted,accepted_manifest_and_scheduler_log_confirmed,MONASH/hf_MONASH_job387.root
MONASH,388,0,130000389,accepted,accepted_manifest_and_scheduler_log_confirmed,MONASH/hf_MONASH_job388.root
MONASH,389,0,130000390,accepted,accepted_manifest_and_scheduler_log_confirmed,MONASH/hf_MONASH_job389.root
MONASH,390,0,130000391,accepted,accepted_manifest_and_scheduler_log_confirmed,MONASH/hf_MONASH_job390.root
MONASH,391,0,130000392,accepted,accepted_manifest_and_scheduler_log_confirmed,MONASH/hf_MONASH_job391.root
MONASH,392,0,130000393,accepted,accepted_manifest_and_scheduler_log_confirmed,MONASH/hf_MONASH_job392.root
MONASH,393,0,130000394,accepted,accepted_manifest_and_scheduler_log_confirmed,MONASH/hf_MONASH_job393.root
MONASH,394,0,130000395,accepted,accepted_manifest_and_scheduler_log_confirmed,MONASH/hf_MONASH_job394.root
MONASH,395,0,130000396,accepted,accepted_manifest_and_scheduler_log_confirmed,MONASH/hf_MONASH_job395.root
MONASH,396,0,130000397,accepted,accepted_manifest_and_scheduler_log_confirmed,MONASH/hf_MONASH_job396.root
MONASH,397,0,130000398,accepted,accepted_manifest_and_scheduler_log_confirmed,MONASH/hf_MONASH_job397.root
MONASH,398,0,130000399,accepted,accepted_manifest_and_scheduler_log_confirmed,MONASH/hf_MONASH_job398.root
MONASH,399,0,130000400,accepted,accepted_manifest_and_scheduler_log_confirmed,MONASH/hf_MONASH_job399.root
MONASH,400,0,130000401,accepted,accepted_manifest_and_scheduler_log_confirmed,MONASH/hf_MONASH_job400.root
MONASH,401,0,130000402,accepted,accepted_manifest_and_scheduler_log_confirmed,MONASH/hf_MONASH_job401.root
MONASH,402,0,130000403,accepted,accepted_manifest_and_scheduler_log_confirmed,MONASH/hf_MONASH_job402.root
MONASH,403,0,130000404,accepted,accepted_manifest_and_scheduler_log_confirmed,MONASH/hf_MONASH_job403.root
MONASH,404,0,130000405,accepted,accepted_manifest_and_scheduler_log_confirmed,MONASH/hf_MONASH_job404.root
MONASH,405,0,130000406,accepted,accepted_manifest_and_scheduler_log_confirmed,MONASH/hf_MONASH_job405.root
MONASH,406,0,130000407,accepted,accepted_manifest_and_scheduler_log_confirmed,MONASH/hf_MONASH_job406.root
MONASH,407,0,130000408,accepted,accepted_manifest_and_scheduler_log_confirmed,MONASH/hf_MONASH_job407.root
MONASH,408,0,130000409,accepted,accepted_manifest_and_scheduler_log_confirmed,MONASH/hf_MONASH_job408.root
MONASH,409,0,130000410,accepted,accepted_manifest_and_scheduler_log_confirmed,MONASH/hf_MONASH_job409.root
MONASH,410,0,130000411,accepted,accepted_manifest_and_scheduler_log_confirmed,MONASH/hf_MONASH_job410.root
MONASH,411,0,130000412,accepted,accepted_manifest_and_scheduler_log_confirmed,MONASH/hf_MONASH_job411.root
MONASH,412,0,130000413,accepted,accepted_manifest_and_scheduler_log_confirmed,MONASH/hf_MONASH_job412.root
MONASH,413,0,130000414,accepted,accepted_manifest_and_scheduler_log_confirmed,MONASH/hf_MONASH_job413.root
MONASH,414,0,130000415,accepted,accepted_manifest_and_scheduler_log_confirmed,MONASH/hf_MONASH_job414.root
MONASH,415,0,130000416,accepted,accepted_manifest_and_scheduler_log_confirmed,MONASH/hf_MONASH_job415.root
MONASH,416,0,130000417,accepted,accepted_manifest_and_scheduler_log_confirmed,MONASH/hf_MONASH_job416.root
MONASH,417,0,130000418,accepted,accepted_manifest_and_scheduler_log_confirmed,MONASH/hf_MONASH_job417.root
MONASH,418,0,130000419,accepted,accepted_manifest_and_scheduler_log_confirmed,MONASH/hf_MONASH_job418.root
MONASH,419,0,130000420,accepted,accepted_manifest_and_scheduler_log_confirmed,MONASH/hf_MONASH_job419.root
MONASH,420,0,130000421,accepted,accepted_manifest_and_scheduler_log_confirmed,MONASH/hf_MONASH_job420.root
MONASH,421,0,130000422,accepted,accepted_manifest_and_scheduler_log_confirmed,MONASH/hf_MONASH_job421.root
MONASH,422,0,130000423,accepted,accepted_manifest_and_scheduler_log_confirmed,MONASH/hf_MONASH_job422.root
MONASH,423,0,130000424,accepted,accepted_manifest_and_scheduler_log_confirmed,MONASH/hf_MONASH_job423.root
MONASH,424,0,130000425,accepted,accepted_manifest_and_scheduler_log_confirmed,MONASH/hf_MONASH_job424.root
MONASH,425,0,130000426,accepted,accepted_manifest_and_scheduler_log_confirmed,MONASH/hf_MONASH_job425.root
MONASH,426,0,130000427,accepted,accepted_manifest_and_scheduler_log_confirmed,MONASH/hf_MONASH_job426.root
MONASH,427,0,130000428,accepted,accepted_manifest_and_scheduler_log_confirmed,MONASH/hf_MONASH_job427.root
MONASH,428,0,130000429,accepted,accepted_manifest_and_scheduler_log_confirmed,MONASH/hf_MONASH_job428.root
MONASH,429,0,130000430,accepted,accepted_manifest_and_scheduler_log_confirmed,MONASH/hf_MONASH_job429.root
MONASH,430,0,130000431,accepted,accepted_manifest_and_scheduler_log_confirmed,MONASH/hf_MONASH_job430.root
MONASH,431,0,130000432,accepted,accepted_manifest_and_scheduler_log_confirmed,MONASH/hf_MONASH_job431.root
MONASH,432,0,130000433,accepted,accepted_manifest_and_scheduler_log_confirmed,MONASH/hf_MONASH_job432.root
MONASH,433,0,130000434,accepted,accepted_manifest_and_scheduler_log_confirmed,MONASH/hf_MONASH_job433.root
MONASH,434,0,130000435,accepted,accepted_manifest_and_scheduler_log_confirmed,MONASH/hf_MONASH_job434.root
MONASH,435,0,130000436,accepted,accepted_manifest_and_scheduler_log_confirmed,MONASH/hf_MONASH_job435.root
MONASH,436,0,130000437,accepted,accepted_manifest_and_scheduler_log_confirmed,MONASH/hf_MONASH_job436.root
MONASH,437,0,130000438,accepted,accepted_manifest_and_scheduler_log_confirmed,MONASH/hf_MONASH_job437.root
MONASH,438,0,130000439,accepted,accepted_manifest_and_scheduler_log_confirmed,MONASH/hf_MONASH_job438.root
MONASH,439,0,130000440,accepted,accepted_manifest_and_scheduler_log_confirmed,MONASH/hf_MONASH_job439.root
MONASH,440,0,130000441,accepted,accepted_manifest_and_scheduler_log_confirmed,MONASH/hf_MONASH_job440.root
MONASH,441,0,130000442,accepted,accepted_manifest_and_scheduler_log_confirmed,MONASH/hf_MONASH_job441.root
MONASH,442,0,130000443,accepted,accepted_manifest_and_scheduler_log_confirmed,MONASH/hf_MONASH_job442.root
MONASH,443,0,130000444,accepted,accepted_manifest_and_scheduler_log_confirmed,MONASH/hf_MONASH_job443.root
MONASH,444,0,130000445,accepted,accepted_manifest_and_scheduler_log_confirmed,MONASH/hf_MONASH_job444.root
MONASH,445,0,130000446,accepted,accepted_manifest_and_scheduler_log_confirmed,MONASH/hf_MONASH_job445.root
MONASH,446,0,130000447,accepted,accepted_manifest_and_scheduler_log_confirmed,MONASH/hf_MONASH_job446.root
MONASH,447,0,130000448,accepted,accepted_manifest_and_scheduler_log_confirmed,MONASH/hf_MONASH_job447.root
MONASH,448,0,130000449,accepted,accepted_manifest_and_scheduler_log_confirmed,MONASH/hf_MONASH_job448.root
MONASH,449,0,130000450,accepted,accepted_manifest_and_scheduler_log_confirmed,MONASH/hf_MONASH_job449.root
MONASH,450,0,130000451,accepted,accepted_manifest_and_scheduler_log_confirmed,MONASH/hf_MONASH_job450.root
MONASH,451,0,130000452,accepted,accepted_manifest_and_scheduler_log_confirmed,MONASH/hf_MONASH_job451.root
MONASH,452,0,130000453,accepted,accepted_manifest_and_scheduler_log_confirmed,MONASH/hf_MONASH_job452.root
MONASH,453,0,130000454,accepted,accepted_manifest_and_scheduler_log_confirmed,MONASH/hf_MONASH_job453.root
MONASH,454,0,130000455,accepted,accepted_manifest_and_scheduler_log_confirmed,MONASH/hf_MONASH_job454.root
MONASH,455,0,130000456,accepted,accepted_manifest_and_scheduler_log_confirmed,MONASH/hf_MONASH_job455.root
MONASH,456,0,130000457,accepted,accepted_manifest_and_scheduler_log_confirmed,MONASH/hf_MONASH_job456.root
MONASH,457,0,130000458,accepted,accepted_manifest_and_scheduler_log_confirmed,MONASH/hf_MONASH_job457.root
MONASH,458,0,130000459,accepted,accepted_manifest_and_scheduler_log_confirmed,MONASH/hf_MONASH_job458.root
MONASH,459,0,130000460,accepted,accepted_manifest_and_scheduler_log_confirmed,MONASH/hf_MONASH_job459.root
MONASH,460,0,130000461,accepted,accepted_manifest_and_scheduler_log_confirmed,MONASH/hf_MONASH_job460.root
MONASH,461,0,130000462,accepted,accepted_manifest_and_scheduler_log_confirmed,MONASH/hf_MONASH_job461.root
MONASH,462,0,130000463,accepted,accepted_manifest_and_scheduler_log_confirmed,MONASH/hf_MONASH_job462.root
MONASH,463,0,130000464,accepted,accepted_manifest_and_scheduler_log_confirmed,MONASH/hf_MONASH_job463.root
MONASH,464,0,130000465,accepted,accepted_manifest_and_scheduler_log_confirmed,MONASH/hf_MONASH_job464.root
MONASH,465,0,130000466,accepted,accepted_manifest_and_scheduler_log_confirmed,MONASH/hf_MONASH_job465.root
MONASH,466,0,130000467,accepted,accepted_manifest_and_scheduler_log_confirmed,MONASH/hf_MONASH_job466.root
MONASH,467,0,130000468,accepted,accepted_manifest_and_scheduler_log_confirmed,MONASH/hf_MONASH_job467.root
MONASH,468,0,130000469,accepted,accepted_manifest_and_scheduler_log_confirmed,MONASH/hf_MONASH_job468.root
MONASH,469,0,130000470,accepted,accepted_manifest_and_scheduler_log_confirmed,MONASH/hf_MONASH_job469.root
MONASH,470,0,130000471,accepted,accepted_manifest_and_scheduler_log_confirmed,MONASH/hf_MONASH_job470.root
MONASH,471,0,130000472,accepted,accepted_manifest_and_scheduler_log_confirmed,MONASH/hf_MONASH_job471.root
MONASH,472,0,130000473,accepted,accepted_manifest_and_scheduler_log_confirmed,MONASH/hf_MONASH_job472.root
MONASH,473,0,130000474,accepted,accepted_manifest_and_scheduler_log_confirmed,MONASH/hf_MONASH_job473.root
MONASH,474,0,130000475,accepted,accepted_manifest_and_scheduler_log_confirmed,MONASH/hf_MONASH_job474.root
MONASH,475,0,130000476,accepted,accepted_manifest_and_scheduler_log_confirmed,MONASH/hf_MONASH_job475.root
MONASH,476,0,130000477,accepted,accepted_manifest_and_scheduler_log_confirmed,MONASH/hf_MONASH_job476.root
MONASH,477,0,130000478,accepted,accepted_manifest_and_scheduler_log_confirmed,MONASH/hf_MONASH_job477.root
MONASH,478,0,130000479,accepted,accepted_manifest_and_scheduler_log_confirmed,MONASH/hf_MONASH_job478.root
MONASH,479,0,130000480,accepted,accepted_manifest_and_scheduler_log_confirmed,MONASH/hf_MONASH_job479.root
MONASH,480,0,130000481,accepted,accepted_manifest_and_scheduler_log_confirmed,MONASH/hf_MONASH_job480.root
MONASH,481,0,130000482,accepted,accepted_manifest_and_scheduler_log_confirmed,MONASH/hf_MONASH_job481.root
MONASH,482,0,130000483,accepted,accepted_manifest_and_scheduler_log_confirmed,MONASH/hf_MONASH_job482.root
MONASH,483,0,130000484,accepted,accepted_manifest_and_scheduler_log_confirmed,MONASH/hf_MONASH_job483.root
MONASH,484,0,130000485,accepted,accepted_manifest_and_scheduler_log_confirmed,MONASH/hf_MONASH_job484.root
MONASH,485,0,130000486,accepted,accepted_manifest_and_scheduler_log_confirmed,MONASH/hf_MONASH_job485.root
MONASH,486,0,130000487,accepted,accepted_manifest_and_scheduler_log_confirmed,MONASH/hf_MONASH_job486.root
MONASH,487,0,130000488,accepted,accepted_manifest_and_scheduler_log_confirmed,MONASH/hf_MONASH_job487.root
MONASH,488,0,130000489,accepted,accepted_manifest_and_scheduler_log_confirmed,MONASH/hf_MONASH_job488.root
MONASH,489,0,130000490,accepted,accepted_manifest_and_scheduler_log_confirmed,MONASH/hf_MONASH_job489.root
MONASH,490,0,130000491,accepted,accepted_manifest_and_scheduler_log_confirmed,MONASH/hf_MONASH_job490.root
MONASH,491,0,130000492,accepted,accepted_manifest_and_scheduler_log_confirmed,MONASH/hf_MONASH_job491.root
MONASH,492,0,130000493,accepted,accepted_manifest_and_scheduler_log_confirmed,MONASH/hf_MONASH_job492.root
MONASH,493,0,130000494,accepted,accepted_manifest_and_scheduler_log_confirmed,MONASH/hf_MONASH_job493.root
MONASH,494,0,130000495,accepted,accepted_manifest_and_scheduler_log_confirmed,MONASH/hf_MONASH_job494.root
MONASH,495,0,130000496,accepted,accepted_manifest_and_scheduler_log_confirmed,MONASH/hf_MONASH_job495.root
MONASH,496,0,130000497,accepted,accepted_manifest_and_scheduler_log_confirmed,MONASH/hf_MONASH_job496.root
MONASH,497,0,130000498,accepted,accepted_manifest_and_scheduler_log_confirmed,MONASH/hf_MONASH_job497.root
MONASH,498,0,130000499,accepted,accepted_manifest_and_scheduler_log_confirmed,MONASH/hf_MONASH_job498.root
MONASH,499,0,130000500,accepted,accepted_manifest_and_scheduler_log_confirmed,MONASH/hf_MONASH_job499.root
MONASH,500,0,130000501,accepted,accepted_manifest_and_scheduler_log_confirmed,MONASH/hf_MONASH_job500.root
MONASH,501,0,130000502,accepted,accepted_manifest_and_scheduler_log_confirmed,MONASH/hf_MONASH_job501.root
MONASH,502,0,130000503,accepted,accepted_manifest_and_scheduler_log_confirmed,MONASH/hf_MONASH_job502.root
MONASH,503,0,130000504,accepted,accepted_manifest_and_scheduler_log_confirmed,MONASH/hf_MONASH_job503.root
MONASH,504,0,130000505,accepted,accepted_manifest_and_scheduler_log_confirmed,MONASH/hf_MONASH_job504.root
MONASH,505,0,130000506,accepted,accepted_manifest_and_scheduler_log_confirmed,MONASH/hf_MONASH_job505.root
MONASH,506,0,130000507,accepted,accepted_manifest_and_scheduler_log_confirmed,MONASH/hf_MONASH_job506.root
MONASH,507,0,130000508,accepted,accepted_manifest_and_scheduler_log_confirmed,MONASH/hf_MONASH_job507.root
MONASH,508,0,130000509,accepted,accepted_manifest_and_scheduler_log_confirmed,MONASH/hf_MONASH_job508.root
MONASH,509,0,130000510,accepted,accepted_manifest_and_scheduler_log_confirmed,MONASH/hf_MONASH_job509.root
MONASH,510,0,130000511,accepted,accepted_manifest_and_scheduler_log_confirmed,MONASH/hf_MONASH_job510.root
MONASH,511,0,130000512,accepted,accepted_manifest_and_scheduler_log_confirmed,MONASH/hf_MONASH_job511.root
MONASH,512,0,130000513,accepted,accepted_manifest_and_scheduler_log_confirmed,MONASH/hf_MONASH_job512.root
MONASH,513,0,130000514,accepted,accepted_manifest_and_scheduler_log_confirmed,MONASH/hf_MONASH_job513.root
MONASH,514,0,130000515,accepted,accepted_manifest_and_scheduler_log_confirmed,MONASH/hf_MONASH_job514.root
MONASH,515,0,130000516,accepted,accepted_manifest_and_scheduler_log_confirmed,MONASH/hf_MONASH_job515.root
MONASH,516,0,130000517,accepted,accepted_manifest_and_scheduler_log_confirmed,MONASH/hf_MONASH_job516.root
MONASH,517,0,130000518,accepted,accepted_manifest_and_scheduler_log_confirmed,MONASH/hf_MONASH_job517.root
MONASH,518,0,130000519,accepted,accepted_manifest_and_scheduler_log_confirmed,MONASH/hf_MONASH_job518.root
MONASH,519,0,130000520,accepted,accepted_manifest_and_scheduler_log_confirmed,MONASH/hf_MONASH_job519.root
MONASH,520,0,130000521,accepted,accepted_manifest_and_scheduler_log_confirmed,MONASH/hf_MONASH_job520.root
MONASH,521,0,130000522,accepted,accepted_manifest_and_scheduler_log_confirmed,MONASH/hf_MONASH_job521.root
MONASH,522,0,130000523,accepted,accepted_manifest_and_scheduler_log_confirmed,MONASH/hf_MONASH_job522.root
MONASH,523,0,130000524,accepted,accepted_manifest_and_scheduler_log_confirmed,MONASH/hf_MONASH_job523.root
MONASH,524,0,130000525,accepted,accepted_manifest_and_scheduler_log_confirmed,MONASH/hf_MONASH_job524.root
MONASH,525,0,130000526,accepted,accepted_manifest_and_scheduler_log_confirmed,MONASH/hf_MONASH_job525.root
MONASH,526,0,130000527,accepted,accepted_manifest_and_scheduler_log_confirmed,MONASH/hf_MONASH_job526.root
MONASH,527,0,130000528,accepted,accepted_manifest_and_scheduler_log_confirmed,MONASH/hf_MONASH_job527.root
MONASH,528,0,130000529,accepted,accepted_manifest_and_scheduler_log_confirmed,MONASH/hf_MONASH_job528.root
MONASH,529,0,130000530,accepted,accepted_manifest_and_scheduler_log_confirmed,MONASH/hf_MONASH_job529.root
MONASH,530,0,130000531,accepted,accepted_manifest_and_scheduler_log_confirmed,MONASH/hf_MONASH_job530.root
MONASH,531,0,130000532,accepted,accepted_manifest_and_scheduler_log_confirmed,MONASH/hf_MONASH_job531.root
MONASH,532,0,130000533,accepted,accepted_manifest_and_scheduler_log_confirmed,MONASH/hf_MONASH_job532.root
MONASH,533,0,130000534,accepted,accepted_manifest_and_scheduler_log_confirmed,MONASH/hf_MONASH_job533.root
MONASH,534,0,130000535,accepted,accepted_manifest_and_scheduler_log_confirmed,MONASH/hf_MONASH_job534.root
MONASH,535,0,130000536,accepted,accepted_manifest_and_scheduler_log_confirmed,MONASH/hf_MONASH_job535.root
MONASH,536,0,130000537,accepted,accepted_manifest_and_scheduler_log_confirmed,MONASH/hf_MONASH_job536.root
MONASH,537,0,130000538,accepted,accepted_manifest_and_scheduler_log_confirmed,MONASH/hf_MONASH_job537.root
MONASH,538,0,130000539,accepted,accepted_manifest_and_scheduler_log_confirmed,MONASH/hf_MONASH_job538.root
MONASH,539,0,130000540,accepted,accepted_manifest_and_scheduler_log_confirmed,MONASH/hf_MONASH_job539.root
MONASH,540,0,130000541,accepted,accepted_manifest_and_scheduler_log_confirmed,MONASH/hf_MONASH_job540.root
MONASH,541,0,130000542,accepted,accepted_manifest_and_scheduler_log_confirmed,MONASH/hf_MONASH_job541.root
MONASH,542,0,130000543,accepted,accepted_manifest_and_scheduler_log_confirmed,MONASH/hf_MONASH_job542.root
MONASH,543,0,130000544,accepted,accepted_manifest_and_scheduler_log_confirmed,MONASH/hf_MONASH_job543.root
MONASH,544,0,130000545,accepted,accepted_manifest_and_scheduler_log_confirmed,MONASH/hf_MONASH_job544.root
MONASH,545,0,130000546,accepted,accepted_manifest_and_scheduler_log_confirmed,MONASH/hf_MONASH_job545.root
MONASH,546,0,130000547,accepted,accepted_manifest_and_scheduler_log_confirmed,MONASH/hf_MONASH_job546.root
MONASH,547,0,130000548,accepted,accepted_manifest_and_scheduler_log_confirmed,MONASH/hf_MONASH_job547.root
MONASH,548,0,130000549,accepted,accepted_manifest_and_scheduler_log_confirmed,MONASH/hf_MONASH_job548.root
MONASH,549,0,130000550,accepted,accepted_manifest_and_scheduler_log_confirmed,MONASH/hf_MONASH_job549.root
MONASH,550,0,130000551,accepted,accepted_manifest_and_scheduler_log_confirmed,MONASH/hf_MONASH_job550.root
MONASH,551,0,130000552,accepted,accepted_manifest_and_scheduler_log_confirmed,MONASH/hf_MONASH_job551.root
MONASH,552,0,130000553,accepted,accepted_manifest_and_scheduler_log_confirmed,MONASH/hf_MONASH_job552.root
MONASH,553,0,130000554,accepted,accepted_manifest_and_scheduler_log_confirmed,MONASH/hf_MONASH_job553.root
MONASH,554,0,130000555,accepted,accepted_manifest_and_scheduler_log_confirmed,MONASH/hf_MONASH_job554.root
MONASH,555,0,130000556,accepted,accepted_manifest_and_scheduler_log_confirmed,MONASH/hf_MONASH_job555.root
MONASH,556,0,130000557,accepted,accepted_manifest_and_scheduler_log_confirmed,MONASH/hf_MONASH_job556.root
MONASH,557,0,130000558,accepted,accepted_manifest_and_scheduler_log_confirmed,MONASH/hf_MONASH_job557.root
MONASH,558,0,130000559,accepted,accepted_manifest_and_scheduler_log_confirmed,MONASH/hf_MONASH_job558.root
MONASH,559,0,130000560,accepted,accepted_manifest_and_scheduler_log_confirmed,MONASH/hf_MONASH_job559.root
MONASH,560,0,130000561,accepted,accepted_manifest_and_scheduler_log_confirmed,MONASH/hf_MONASH_job560.root
MONASH,561,0,130000562,accepted,accepted_manifest_and_scheduler_log_confirmed,MONASH/hf_MONASH_job561.root
MONASH,562,0,130000563,accepted,accepted_manifest_and_scheduler_log_confirmed,MONASH/hf_MONASH_job562.root
MONASH,563,0,130000564,accepted,accepted_manifest_and_scheduler_log_confirmed,MONASH/hf_MONASH_job563.root
MONASH,564,0,130000565,accepted,accepted_manifest_and_scheduler_log_confirmed,MONASH/hf_MONASH_job564.root
MONASH,565,0,130000566,accepted,accepted_manifest_and_scheduler_log_confirmed,MONASH/hf_MONASH_job565.root
MONASH,566,0,130000567,accepted,accepted_manifest_and_scheduler_log_confirmed,MONASH/hf_MONASH_job566.root
MONASH,567,0,130000568,accepted,accepted_manifest_and_scheduler_log_confirmed,MONASH/hf_MONASH_job567.root
MONASH,568,0,130000569,accepted,accepted_manifest_and_scheduler_log_confirmed,MONASH/hf_MONASH_job568.root
MONASH,569,0,130000570,accepted,accepted_manifest_and_scheduler_log_confirmed,MONASH/hf_MONASH_job569.root
MONASH,570,0,130000571,accepted,accepted_manifest_and_scheduler_log_confirmed,MONASH/hf_MONASH_job570.root
MONASH,571,0,130000572,accepted,accepted_manifest_and_scheduler_log_confirmed,MONASH/hf_MONASH_job571.root
MONASH,572,0,130000573,accepted,accepted_manifest_and_scheduler_log_confirmed,MONASH/hf_MONASH_job572.root
MONASH,573,0,130000574,accepted,accepted_manifest_and_scheduler_log_confirmed,MONASH/hf_MONASH_job573.root
MONASH,574,0,130000575,accepted,accepted_manifest_and_scheduler_log_confirmed,MONASH/hf_MONASH_job574.root
MONASH,575,0,130000576,accepted,accepted_manifest_and_scheduler_log_confirmed,MONASH/hf_MONASH_job575.root
MONASH,576,0,130000577,accepted,accepted_manifest_and_scheduler_log_confirmed,MONASH/hf_MONASH_job576.root
MONASH,577,0,130000578,accepted,accepted_manifest_and_scheduler_log_confirmed,MONASH/hf_MONASH_job577.root
MONASH,578,0,130000579,accepted,accepted_manifest_and_scheduler_log_confirmed,MONASH/hf_MONASH_job578.root
MONASH,579,0,130000580,accepted,accepted_manifest_and_scheduler_log_confirmed,MONASH/hf_MONASH_job579.root
MONASH,580,0,130000581,accepted,accepted_manifest_and_scheduler_log_confirmed,MONASH/hf_MONASH_job580.root
MONASH,581,0,130000582,accepted,accepted_manifest_and_scheduler_log_confirmed,MONASH/hf_MONASH_job581.root
MONASH,582,0,130000583,accepted,accepted_manifest_and_scheduler_log_confirmed,MONASH/hf_MONASH_job582.root
MONASH,583,0,130000584,accepted,accepted_manifest_and_scheduler_log_confirmed,MONASH/hf_MONASH_job583.root
MONASH,584,0,130000585,accepted,accepted_manifest_and_scheduler_log_confirmed,MONASH/hf_MONASH_job584.root
MONASH,585,0,130000586,accepted,accepted_manifest_and_scheduler_log_confirmed,MONASH/hf_MONASH_job585.root
MONASH,586,0,130000587,accepted,accepted_manifest_and_scheduler_log_confirmed,MONASH/hf_MONASH_job586.root
MONASH,587,0,130000588,accepted,accepted_manifest_and_scheduler_log_confirmed,MONASH/hf_MONASH_job587.root
MONASH,588,0,130000589,accepted,accepted_manifest_and_scheduler_log_confirmed,MONASH/hf_MONASH_job588.root
MONASH,589,0,130000590,accepted,accepted_manifest_and_scheduler_log_confirmed,MONASH/hf_MONASH_job589.root
MONASH,590,0,130000591,accepted,accepted_manifest_and_scheduler_log_confirmed,MONASH/hf_MONASH_job590.root
MONASH,591,0,130000592,accepted,accepted_manifest_and_scheduler_log_confirmed,MONASH/hf_MONASH_job591.root
MONASH,592,0,130000593,accepted,accepted_manifest_and_scheduler_log_confirmed,MONASH/hf_MONASH_job592.root
MONASH,593,0,130000594,accepted,accepted_manifest_and_scheduler_log_confirmed,MONASH/hf_MONASH_job593.root
MONASH,594,0,130000595,accepted,accepted_manifest_and_scheduler_log_confirmed,MONASH/hf_MONASH_job594.root
MONASH,595,0,130000596,accepted,accepted_manifest_and_scheduler_log_confirmed,MONASH/hf_MONASH_job595.root
MONASH,596,0,130000597,accepted,accepted_manifest_and_scheduler_log_confirmed,MONASH/hf_MONASH_job596.root
MONASH,597,0,130000598,accepted,accepted_manifest_and_scheduler_log_confirmed,MONASH/hf_MONASH_job597.root
MONASH,598,0,130000599,accepted,accepted_manifest_and_scheduler_log_confirmed,MONASH/hf_MONASH_job598.root
MONASH,599,0,130000600,accepted,accepted_manifest_and_scheduler_log_confirmed,MONASH/hf_MONASH_job599.root
MONASH,600,0,130000601,accepted,accepted_manifest_and_scheduler_log_confirmed,MONASH/hf_MONASH_job600.root
MONASH,601,0,130000602,accepted,accepted_manifest_and_scheduler_log_confirmed,MONASH/hf_MONASH_job601.root
MONASH,602,0,130000603,accepted,accepted_manifest_and_scheduler_log_confirmed,MONASH/hf_MONASH_job602.root
MONASH,603,0,130000604,accepted,accepted_manifest_and_scheduler_log_confirmed,MONASH/hf_MONASH_job603.root
MONASH,604,0,130000605,accepted,accepted_manifest_and_scheduler_log_confirmed,MONASH/hf_MONASH_job604.root
MONASH,605,0,130000606,accepted,accepted_manifest_and_scheduler_log_confirmed,MONASH/hf_MONASH_job605.root
MONASH,606,0,130000607,accepted,accepted_manifest_and_scheduler_log_confirmed,MONASH/hf_MONASH_job606.root
MONASH,607,0,130000608,accepted,accepted_manifest_and_scheduler_log_confirmed,MONASH/hf_MONASH_job607.root
MONASH,608,0,130000609,accepted,accepted_manifest_and_scheduler_log_confirmed,MONASH/hf_MONASH_job608.root
MONASH,609,0,130000610,accepted,accepted_manifest_and_scheduler_log_confirmed,MONASH/hf_MONASH_job609.root
MONASH,610,0,130000611,accepted,accepted_manifest_and_scheduler_log_confirmed,MONASH/hf_MONASH_job610.root
MONASH,611,0,130000612,accepted,accepted_manifest_and_scheduler_log_confirmed,MONASH/hf_MONASH_job611.root
MONASH,612,0,130000613,accepted,accepted_manifest_and_scheduler_log_confirmed,MONASH/hf_MONASH_job612.root
MONASH,613,0,130000614,accepted,accepted_manifest_and_scheduler_log_confirmed,MONASH/hf_MONASH_job613.root
MONASH,614,0,130000615,accepted,accepted_manifest_and_scheduler_log_confirmed,MONASH/hf_MONASH_job614.root
MONASH,615,0,130000616,accepted,accepted_manifest_and_scheduler_log_confirmed,MONASH/hf_MONASH_job615.root
MONASH,616,0,130000617,accepted,accepted_manifest_and_scheduler_log_confirmed,MONASH/hf_MONASH_job616.root
MONASH,617,0,130000618,accepted,accepted_manifest_and_scheduler_log_confirmed,MONASH/hf_MONASH_job617.root
MONASH,618,0,130000619,accepted,accepted_manifest_and_scheduler_log_confirmed,MONASH/hf_MONASH_job618.root
MONASH,619,0,130000620,accepted,accepted_manifest_and_scheduler_log_confirmed,MONASH/hf_MONASH_job619.root
MONASH,620,0,130000621,accepted,accepted_manifest_and_scheduler_log_confirmed,MONASH/hf_MONASH_job620.root
MONASH,621,0,130000622,accepted,accepted_manifest_and_scheduler_log_confirmed,MONASH/hf_MONASH_job621.root
MONASH,622,0,130000623,accepted,accepted_manifest_and_scheduler_log_confirmed,MONASH/hf_MONASH_job622.root
MONASH,623,0,130000624,accepted,accepted_manifest_and_scheduler_log_confirmed,MONASH/hf_MONASH_job623.root
MONASH,624,0,130000625,accepted,accepted_manifest_and_scheduler_log_confirmed,MONASH/hf_MONASH_job624.root
MONASH,625,0,130000626,accepted,accepted_manifest_and_scheduler_log_confirmed,MONASH/hf_MONASH_job625.root
MONASH,626,0,130000627,accepted,accepted_manifest_and_scheduler_log_confirmed,MONASH/hf_MONASH_job626.root
MONASH,627,0,130000628,accepted,accepted_manifest_and_scheduler_log_confirmed,MONASH/hf_MONASH_job627.root
MONASH,628,0,130000629,accepted,accepted_manifest_and_scheduler_log_confirmed,MONASH/hf_MONASH_job628.root
MONASH,629,0,130000630,accepted,accepted_manifest_and_scheduler_log_confirmed,MONASH/hf_MONASH_job629.root
MONASH,630,0,130000631,accepted,accepted_manifest_and_scheduler_log_confirmed,MONASH/hf_MONASH_job630.root
MONASH,631,0,130000632,accepted,accepted_manifest_and_scheduler_log_confirmed,MONASH/hf_MONASH_job631.root
MONASH,632,0,130000633,accepted,accepted_manifest_and_scheduler_log_confirmed,MONASH/hf_MONASH_job632.root
MONASH,633,0,130000634,accepted,accepted_manifest_and_scheduler_log_confirmed,MONASH/hf_MONASH_job633.root
MONASH,634,0,130000635,accepted,accepted_manifest_and_scheduler_log_confirmed,MONASH/hf_MONASH_job634.root
MONASH,635,0,130000636,accepted,accepted_manifest_and_scheduler_log_confirmed,MONASH/hf_MONASH_job635.root
MONASH,636,0,130000637,accepted,accepted_manifest_and_scheduler_log_confirmed,MONASH/hf_MONASH_job636.root
MONASH,637,0,130000638,accepted,accepted_manifest_and_scheduler_log_confirmed,MONASH/hf_MONASH_job637.root
MONASH,638,0,130000639,accepted,accepted_manifest_and_scheduler_log_confirmed,MONASH/hf_MONASH_job638.root
MONASH,639,0,130000640,accepted,accepted_manifest_and_scheduler_log_confirmed,MONASH/hf_MONASH_job639.root
MONASH,640,0,130000641,accepted,accepted_manifest_and_scheduler_log_confirmed,MONASH/hf_MONASH_job640.root
MONASH,641,0,130000642,accepted,accepted_manifest_and_scheduler_log_confirmed,MONASH/hf_MONASH_job641.root
MONASH,642,0,130000643,accepted,accepted_manifest_and_scheduler_log_confirmed,MONASH/hf_MONASH_job642.root
MONASH,643,0,130000644,accepted,accepted_manifest_and_scheduler_log_confirmed,MONASH/hf_MONASH_job643.root
MONASH,644,0,130000645,accepted,accepted_manifest_and_scheduler_log_confirmed,MONASH/hf_MONASH_job644.root
MONASH,645,0,130000646,accepted,accepted_manifest_and_scheduler_log_confirmed,MONASH/hf_MONASH_job645.root
MONASH,646,0,130000647,accepted,accepted_manifest_and_scheduler_log_confirmed,MONASH/hf_MONASH_job646.root
MONASH,647,0,130000648,accepted,accepted_manifest_and_scheduler_log_confirmed,MONASH/hf_MONASH_job647.root
MONASH,648,0,130000649,accepted,accepted_manifest_and_scheduler_log_confirmed,MONASH/hf_MONASH_job648.root
MONASH,649,0,130000650,accepted,accepted_manifest_and_scheduler_log_confirmed,MONASH/hf_MONASH_job649.root
MONASH,650,0,130000651,accepted,accepted_manifest_and_scheduler_log_confirmed,MONASH/hf_MONASH_job650.root
MONASH,651,0,130000652,accepted,accepted_manifest_and_scheduler_log_confirmed,MONASH/hf_MONASH_job651.root
MONASH,652,0,130000653,accepted,accepted_manifest_and_scheduler_log_confirmed,MONASH/hf_MONASH_job652.root
MONASH,653,0,130000654,accepted,accepted_manifest_and_scheduler_log_confirmed,MONASH/hf_MONASH_job653.root
MONASH,654,0,130000655,accepted,accepted_manifest_and_scheduler_log_confirmed,MONASH/hf_MONASH_job654.root
MONASH,655,0,130000656,accepted,accepted_manifest_and_scheduler_log_confirmed,MONASH/hf_MONASH_job655.root
MONASH,656,0,130000657,accepted,accepted_manifest_and_scheduler_log_confirmed,MONASH/hf_MONASH_job656.root
MONASH,657,0,130000658,accepted,accepted_manifest_and_scheduler_log_confirmed,MONASH/hf_MONASH_job657.root
MONASH,658,0,130000659,accepted,accepted_manifest_and_scheduler_log_confirmed,MONASH/hf_MONASH_job658.root
MONASH,659,0,130000660,accepted,accepted_manifest_and_scheduler_log_confirmed,MONASH/hf_MONASH_job659.root
MONASH,660,0,130000661,accepted,accepted_manifest_and_scheduler_log_confirmed,MONASH/hf_MONASH_job660.root
MONASH,661,0,130000662,accepted,accepted_manifest_and_scheduler_log_confirmed,MONASH/hf_MONASH_job661.root
MONASH,662,0,130000663,accepted,accepted_manifest_and_scheduler_log_confirmed,MONASH/hf_MONASH_job662.root
MONASH,663,0,130000664,accepted,accepted_manifest_and_scheduler_log_confirmed,MONASH/hf_MONASH_job663.root
MONASH,664,0,130000665,accepted,accepted_manifest_and_scheduler_log_confirmed,MONASH/hf_MONASH_job664.root
MONASH,665,0,130000666,accepted,accepted_manifest_and_scheduler_log_confirmed,MONASH/hf_MONASH_job665.root
MONASH,666,0,130000667,accepted,accepted_manifest_and_scheduler_log_confirmed,MONASH/hf_MONASH_job666.root
MONASH,667,0,130000668,accepted,accepted_manifest_and_scheduler_log_confirmed,MONASH/hf_MONASH_job667.root
MONASH,668,0,130000669,accepted,accepted_manifest_and_scheduler_log_confirmed,MONASH/hf_MONASH_job668.root
MONASH,669,0,130000670,accepted,accepted_manifest_and_scheduler_log_confirmed,MONASH/hf_MONASH_job669.root
MONASH,670,0,130000671,accepted,accepted_manifest_and_scheduler_log_confirmed,MONASH/hf_MONASH_job670.root
MONASH,671,0,130000672,accepted,accepted_manifest_and_scheduler_log_confirmed,MONASH/hf_MONASH_job671.root
MONASH,672,0,130000673,accepted,accepted_manifest_and_scheduler_log_confirmed,MONASH/hf_MONASH_job672.root
MONASH,673,0,130000674,accepted,accepted_manifest_and_scheduler_log_confirmed,MONASH/hf_MONASH_job673.root
MONASH,674,0,130000675,accepted,accepted_manifest_and_scheduler_log_confirmed,MONASH/hf_MONASH_job674.root
MONASH,675,0,130000676,accepted,accepted_manifest_and_scheduler_log_confirmed,MONASH/hf_MONASH_job675.root
MONASH,676,0,130000677,accepted,accepted_manifest_and_scheduler_log_confirmed,MONASH/hf_MONASH_job676.root
MONASH,677,0,130000678,accepted,accepted_manifest_and_scheduler_log_confirmed,MONASH/hf_MONASH_job677.root
MONASH,678,0,130000679,accepted,accepted_manifest_and_scheduler_log_confirmed,MONASH/hf_MONASH_job678.root
MONASH,679,0,130000680,accepted,accepted_manifest_and_scheduler_log_confirmed,MONASH/hf_MONASH_job679.root
MONASH,680,0,130000681,accepted,accepted_manifest_and_scheduler_log_confirmed,MONASH/hf_MONASH_job680.root
MONASH,681,0,130000682,accepted,accepted_manifest_and_scheduler_log_confirmed,MONASH/hf_MONASH_job681.root
MONASH,682,0,130000683,accepted,accepted_manifest_and_scheduler_log_confirmed,MONASH/hf_MONASH_job682.root
MONASH,683,0,130000684,accepted,accepted_manifest_and_scheduler_log_confirmed,MONASH/hf_MONASH_job683.root
MONASH,684,0,130000685,accepted,accepted_manifest_and_scheduler_log_confirmed,MONASH/hf_MONASH_job684.root
MONASH,685,0,130000686,accepted,accepted_manifest_and_scheduler_log_confirmed,MONASH/hf_MONASH_job685.root
MONASH,686,0,130000687,accepted,accepted_manifest_and_scheduler_log_confirmed,MONASH/hf_MONASH_job686.root
MONASH,687,0,130000688,accepted,accepted_manifest_and_scheduler_log_confirmed,MONASH/hf_MONASH_job687.root
MONASH,688,0,130000689,accepted,accepted_manifest_and_scheduler_log_confirmed,MONASH/hf_MONASH_job688.root
MONASH,689,0,130000690,accepted,accepted_manifest_and_scheduler_log_confirmed,MONASH/hf_MONASH_job689.root
MONASH,690,0,130000691,accepted,accepted_manifest_and_scheduler_log_confirmed,MONASH/hf_MONASH_job690.root
MONASH,691,0,130000692,accepted,accepted_manifest_and_scheduler_log_confirmed,MONASH/hf_MONASH_job691.root
MONASH,692,0,130000693,accepted,accepted_manifest_and_scheduler_log_confirmed,MONASH/hf_MONASH_job692.root
MONASH,693,0,130000694,accepted,accepted_manifest_and_scheduler_log_confirmed,MONASH/hf_MONASH_job693.root
MONASH,694,0,130000695,accepted,accepted_manifest_and_scheduler_log_confirmed,MONASH/hf_MONASH_job694.root
MONASH,695,0,130000696,accepted,accepted_manifest_and_scheduler_log_confirmed,MONASH/hf_MONASH_job695.root
MONASH,696,0,130000697,accepted,accepted_manifest_and_scheduler_log_confirmed,MONASH/hf_MONASH_job696.root
MONASH,697,0,130000698,accepted,accepted_manifest_and_scheduler_log_confirmed,MONASH/hf_MONASH_job697.root
MONASH,698,0,130000699,accepted,accepted_manifest_and_scheduler_log_confirmed,MONASH/hf_MONASH_job698.root
MONASH,699,0,130000700,accepted,accepted_manifest_and_scheduler_log_confirmed,MONASH/hf_MONASH_job699.root
MONASH,700,0,130000701,accepted,accepted_manifest_and_scheduler_log_confirmed,MONASH/hf_MONASH_job700.root
MONASH,701,0,130000702,accepted,accepted_manifest_and_scheduler_log_confirmed,MONASH/hf_MONASH_job701.root
MONASH,702,0,130000703,accepted,accepted_manifest_and_scheduler_log_confirmed,MONASH/hf_MONASH_job702.root
MONASH,703,0,130000704,accepted,accepted_manifest_and_scheduler_log_confirmed,MONASH/hf_MONASH_job703.root
MONASH,704,0,130000705,accepted,accepted_manifest_and_scheduler_log_confirmed,MONASH/hf_MONASH_job704.root
MONASH,705,0,130000706,accepted,accepted_manifest_and_scheduler_log_confirmed,MONASH/hf_MONASH_job705.root
MONASH,706,0,130000707,accepted,accepted_manifest_and_scheduler_log_confirmed,MONASH/hf_MONASH_job706.root
MONASH,707,0,130000708,accepted,accepted_manifest_and_scheduler_log_confirmed,MONASH/hf_MONASH_job707.root
MONASH,708,0,130000709,accepted,accepted_manifest_and_scheduler_log_confirmed,MONASH/hf_MONASH_job708.root
MONASH,709,0,130000710,accepted,accepted_manifest_and_scheduler_log_confirmed,MONASH/hf_MONASH_job709.root
MONASH,710,0,130000711,accepted,accepted_manifest_and_scheduler_log_confirmed,MONASH/hf_MONASH_job710.root
MONASH,711,0,130000712,accepted,accepted_manifest_and_scheduler_log_confirmed,MONASH/hf_MONASH_job711.root
MONASH,712,0,130000713,accepted,accepted_manifest_and_scheduler_log_confirmed,MONASH/hf_MONASH_job712.root
MONASH,713,0,130000714,accepted,accepted_manifest_and_scheduler_log_confirmed,MONASH/hf_MONASH_job713.root
MONASH,714,0,130000715,accepted,accepted_manifest_and_scheduler_log_confirmed,MONASH/hf_MONASH_job714.root
MONASH,715,0,130000716,accepted,accepted_manifest_and_scheduler_log_confirmed,MONASH/hf_MONASH_job715.root
MONASH,716,0,130000717,accepted,accepted_manifest_and_scheduler_log_confirmed,MONASH/hf_MONASH_job716.root
MONASH,717,0,130000718,accepted,accepted_manifest_and_scheduler_log_confirmed,MONASH/hf_MONASH_job717.root
MONASH,718,0,130000719,accepted,accepted_manifest_and_scheduler_log_confirmed,MONASH/hf_MONASH_job718.root
MONASH,719,0,130000720,accepted,accepted_manifest_and_scheduler_log_confirmed,MONASH/hf_MONASH_job719.root
MONASH,720,0,130000721,accepted,accepted_manifest_and_scheduler_log_confirmed,MONASH/hf_MONASH_job720.root
MONASH,721,0,130000722,accepted,accepted_manifest_and_scheduler_log_confirmed,MONASH/hf_MONASH_job721.root
MONASH,722,0,130000723,accepted,accepted_manifest_and_scheduler_log_confirmed,MONASH/hf_MONASH_job722.root
MONASH,723,0,130000724,accepted,accepted_manifest_and_scheduler_log_confirmed,MONASH/hf_MONASH_job723.root
MONASH,724,0,130000725,accepted,accepted_manifest_and_scheduler_log_confirmed,MONASH/hf_MONASH_job724.root
MONASH,725,0,130000726,accepted,accepted_manifest_and_scheduler_log_confirmed,MONASH/hf_MONASH_job725.root
MONASH,726,0,130000727,accepted,accepted_manifest_and_scheduler_log_confirmed,MONASH/hf_MONASH_job726.root
MONASH,727,0,130000728,accepted,accepted_manifest_and_scheduler_log_confirmed,MONASH/hf_MONASH_job727.root
MONASH,728,0,130000729,accepted,accepted_manifest_and_scheduler_log_confirmed,MONASH/hf_MONASH_job728.root
MONASH,729,0,130000730,accepted,accepted_manifest_and_scheduler_log_confirmed,MONASH/hf_MONASH_job729.root
MONASH,730,0,130000731,accepted,accepted_manifest_and_scheduler_log_confirmed,MONASH/hf_MONASH_job730.root
MONASH,731,0,130000732,accepted,accepted_manifest_and_scheduler_log_confirmed,MONASH/hf_MONASH_job731.root
MONASH,732,0,130000733,accepted,accepted_manifest_and_scheduler_log_confirmed,MONASH/hf_MONASH_job732.root
MONASH,733,0,130000734,accepted,accepted_manifest_and_scheduler_log_confirmed,MONASH/hf_MONASH_job733.root
MONASH,734,0,130000735,accepted,accepted_manifest_and_scheduler_log_confirmed,MONASH/hf_MONASH_job734.root
MONASH,735,0,130000736,accepted,accepted_manifest_and_scheduler_log_confirmed,MONASH/hf_MONASH_job735.root
MONASH,736,0,130000737,accepted,accepted_manifest_and_scheduler_log_confirmed,MONASH/hf_MONASH_job736.root
MONASH,737,0,130000738,accepted,accepted_manifest_and_scheduler_log_confirmed,MONASH/hf_MONASH_job737.root
MONASH,738,0,130000739,accepted,accepted_manifest_and_scheduler_log_confirmed,MONASH/hf_MONASH_job738.root
MONASH,739,0,130000740,accepted,accepted_manifest_and_scheduler_log_confirmed,MONASH/hf_MONASH_job739.root
MONASH,740,0,130000741,accepted,accepted_manifest_and_scheduler_log_confirmed,MONASH/hf_MONASH_job740.root
MONASH,741,0,130000742,accepted,accepted_manifest_and_scheduler_log_confirmed,MONASH/hf_MONASH_job741.root
MONASH,742,0,130000743,accepted,accepted_manifest_and_scheduler_log_confirmed,MONASH/hf_MONASH_job742.root
MONASH,743,0,130000744,accepted,accepted_manifest_and_scheduler_log_confirmed,MONASH/hf_MONASH_job743.root
MONASH,744,0,130000745,accepted,accepted_manifest_and_scheduler_log_confirmed,MONASH/hf_MONASH_job744.root
MONASH,745,0,130000746,accepted,accepted_manifest_and_scheduler_log_confirmed,MONASH/hf_MONASH_job745.root
MONASH,746,0,130000747,accepted,accepted_manifest_and_scheduler_log_confirmed,MONASH/hf_MONASH_job746.root
MONASH,747,0,130000748,accepted,accepted_manifest_and_scheduler_log_confirmed,MONASH/hf_MONASH_job747.root
MONASH,748,0,130000749,accepted,accepted_manifest_and_scheduler_log_confirmed,MONASH/hf_MONASH_job748.root
MONASH,749,0,130000750,accepted,accepted_manifest_and_scheduler_log_confirmed,MONASH/hf_MONASH_job749.root
MONASH,750,0,130000751,accepted,accepted_manifest_and_scheduler_log_confirmed,MONASH/hf_MONASH_job750.root
MONASH,751,0,130000752,accepted,accepted_manifest_and_scheduler_log_confirmed,MONASH/hf_MONASH_job751.root
MONASH,752,0,130000753,accepted,accepted_manifest_and_scheduler_log_confirmed,MONASH/hf_MONASH_job752.root
MONASH,753,0,130000754,accepted,accepted_manifest_and_scheduler_log_confirmed,MONASH/hf_MONASH_job753.root
MONASH,754,0,130000755,accepted,accepted_manifest_and_scheduler_log_confirmed,MONASH/hf_MONASH_job754.root
MONASH,755,0,130000756,accepted,accepted_manifest_and_scheduler_log_confirmed,MONASH/hf_MONASH_job755.root
MONASH,756,0,130000757,accepted,accepted_manifest_and_scheduler_log_confirmed,MONASH/hf_MONASH_job756.root
MONASH,757,0,130000758,accepted,accepted_manifest_and_scheduler_log_confirmed,MONASH/hf_MONASH_job757.root
MONASH,758,0,130000759,accepted,accepted_manifest_and_scheduler_log_confirmed,MONASH/hf_MONASH_job758.root
MONASH,759,0,130000760,accepted,accepted_manifest_and_scheduler_log_confirmed,MONASH/hf_MONASH_job759.root
MONASH,760,0,130000761,accepted,accepted_manifest_and_scheduler_log_confirmed,MONASH/hf_MONASH_job760.root
MONASH,761,0,130000762,accepted,accepted_manifest_and_scheduler_log_confirmed,MONASH/hf_MONASH_job761.root
MONASH,762,0,130000763,accepted,accepted_manifest_and_scheduler_log_confirmed,MONASH/hf_MONASH_job762.root
MONASH,763,0,130000764,accepted,accepted_manifest_and_scheduler_log_confirmed,MONASH/hf_MONASH_job763.root
MONASH,764,0,130000765,accepted,accepted_manifest_and_scheduler_log_confirmed,MONASH/hf_MONASH_job764.root
MONASH,765,0,130000766,accepted,accepted_manifest_and_scheduler_log_confirmed,MONASH/hf_MONASH_job765.root
MONASH,766,0,130000767,accepted,accepted_manifest_and_scheduler_log_confirmed,MONASH/hf_MONASH_job766.root
MONASH,767,0,130000768,accepted,accepted_manifest_and_scheduler_log_confirmed,MONASH/hf_MONASH_job767.root
MONASH,768,0,130000769,accepted,accepted_manifest_and_scheduler_log_confirmed,MONASH/hf_MONASH_job768.root
MONASH,769,0,130000770,accepted,accepted_manifest_and_scheduler_log_confirmed,MONASH/hf_MONASH_job769.root
MONASH,770,0,130000771,accepted,accepted_manifest_and_scheduler_log_confirmed,MONASH/hf_MONASH_job770.root
MONASH,771,0,130000772,accepted,accepted_manifest_and_scheduler_log_confirmed,MONASH/hf_MONASH_job771.root
MONASH,772,0,130000773,accepted,accepted_manifest_and_scheduler_log_confirmed,MONASH/hf_MONASH_job772.root
MONASH,773,0,130000774,accepted,accepted_manifest_and_scheduler_log_confirmed,MONASH/hf_MONASH_job773.root
MONASH,774,0,130000775,accepted,accepted_manifest_and_scheduler_log_confirmed,MONASH/hf_MONASH_job774.root
MONASH,775,0,130000776,accepted,accepted_manifest_and_scheduler_log_confirmed,MONASH/hf_MONASH_job775.root
MONASH,776,0,130000777,accepted,accepted_manifest_and_scheduler_log_confirmed,MONASH/hf_MONASH_job776.root
MONASH,777,0,130000778,accepted,accepted_manifest_and_scheduler_log_confirmed,MONASH/hf_MONASH_job777.root
MONASH,778,0,130000779,accepted,accepted_manifest_and_scheduler_log_confirmed,MONASH/hf_MONASH_job778.root
MONASH,779,0,130000780,accepted,accepted_manifest_and_scheduler_log_confirmed,MONASH/hf_MONASH_job779.root
MONASH,780,0,130000781,accepted,accepted_manifest_and_scheduler_log_confirmed,MONASH/hf_MONASH_job780.root
MONASH,781,0,130000782,accepted,accepted_manifest_and_scheduler_log_confirmed,MONASH/hf_MONASH_job781.root
MONASH,782,0,130000783,accepted,accepted_manifest_and_scheduler_log_confirmed,MONASH/hf_MONASH_job782.root
MONASH,783,0,130000784,accepted,accepted_manifest_and_scheduler_log_confirmed,MONASH/hf_MONASH_job783.root
MONASH,784,0,130000785,accepted,accepted_manifest_and_scheduler_log_confirmed,MONASH/hf_MONASH_job784.root
MONASH,785,0,130000786,accepted,accepted_manifest_and_scheduler_log_confirmed,MONASH/hf_MONASH_job785.root
MONASH,786,0,130000787,accepted,accepted_manifest_and_scheduler_log_confirmed,MONASH/hf_MONASH_job786.root
MONASH,787,0,130000788,accepted,accepted_manifest_and_scheduler_log_confirmed,MONASH/hf_MONASH_job787.root
MONASH,788,0,130000789,accepted,accepted_manifest_and_scheduler_log_confirmed,MONASH/hf_MONASH_job788.root
MONASH,789,0,130000790,accepted,accepted_manifest_and_scheduler_log_confirmed,MONASH/hf_MONASH_job789.root
MONASH,790,0,130000791,accepted,accepted_manifest_and_scheduler_log_confirmed,MONASH/hf_MONASH_job790.root
MONASH,791,0,130000792,accepted,accepted_manifest_and_scheduler_log_confirmed,MONASH/hf_MONASH_job791.root
MONASH,792,0,130000793,accepted,accepted_manifest_and_scheduler_log_confirmed,MONASH/hf_MONASH_job792.root
MONASH,793,0,130000794,accepted,accepted_manifest_and_scheduler_log_confirmed,MONASH/hf_MONASH_job793.root
MONASH,794,0,130000795,accepted,accepted_manifest_and_scheduler_log_confirmed,MONASH/hf_MONASH_job794.root
MONASH,795,0,130000796,accepted,accepted_manifest_and_scheduler_log_confirmed,MONASH/hf_MONASH_job795.root
MONASH,796,0,130000797,accepted,accepted_manifest_and_scheduler_log_confirmed,MONASH/hf_MONASH_job796.root
MONASH,797,0,130000798,accepted,accepted_manifest_and_scheduler_log_confirmed,MONASH/hf_MONASH_job797.root
MONASH,798,0,130000799,accepted,accepted_manifest_and_scheduler_log_confirmed,MONASH/hf_MONASH_job798.root
MONASH,799,0,130000800,accepted,accepted_manifest_and_scheduler_log_confirmed,MONASH/hf_MONASH_job799.root
MONASH,800,0,130000801,accepted,accepted_manifest_and_scheduler_log_confirmed,MONASH/hf_MONASH_job800.root
MONASH,801,0,130000802,accepted,accepted_manifest_and_scheduler_log_confirmed,MONASH/hf_MONASH_job801.root
MONASH,802,0,130000803,accepted,accepted_manifest_and_scheduler_log_confirmed,MONASH/hf_MONASH_job802.root
MONASH,803,0,130000804,accepted,accepted_manifest_and_scheduler_log_confirmed,MONASH/hf_MONASH_job803.root
MONASH,804,0,130000805,accepted,accepted_manifest_and_scheduler_log_confirmed,MONASH/hf_MONASH_job804.root
MONASH,805,0,130000806,accepted,accepted_manifest_and_scheduler_log_confirmed,MONASH/hf_MONASH_job805.root
MONASH,806,0,130000807,accepted,accepted_manifest_and_scheduler_log_confirmed,MONASH/hf_MONASH_job806.root
MONASH,807,0,130000808,accepted,accepted_manifest_and_scheduler_log_confirmed,MONASH/hf_MONASH_job807.root
MONASH,808,0,130000809,accepted,accepted_manifest_and_scheduler_log_confirmed,MONASH/hf_MONASH_job808.root
MONASH,809,0,130000810,accepted,accepted_manifest_and_scheduler_log_confirmed,MONASH/hf_MONASH_job809.root
MONASH,810,0,130000811,accepted,accepted_manifest_and_scheduler_log_confirmed,MONASH/hf_MONASH_job810.root
MONASH,811,0,130000812,accepted,accepted_manifest_and_scheduler_log_confirmed,MONASH/hf_MONASH_job811.root
MONASH,812,0,130000813,accepted,accepted_manifest_and_scheduler_log_confirmed,MONASH/hf_MONASH_job812.root
MONASH,813,0,130000814,accepted,accepted_manifest_and_scheduler_log_confirmed,MONASH/hf_MONASH_job813.root
MONASH,814,0,130000815,accepted,accepted_manifest_and_scheduler_log_confirmed,MONASH/hf_MONASH_job814.root
MONASH,815,0,130000816,accepted,accepted_manifest_and_scheduler_log_confirmed,MONASH/hf_MONASH_job815.root
MONASH,816,0,130000817,accepted,accepted_manifest_and_scheduler_log_confirmed,MONASH/hf_MONASH_job816.root
MONASH,817,0,130000818,accepted,accepted_manifest_and_scheduler_log_confirmed,MONASH/hf_MONASH_job817.root
MONASH,818,0,130000819,accepted,accepted_manifest_and_scheduler_log_confirmed,MONASH/hf_MONASH_job818.root
MONASH,819,0,130000820,accepted,accepted_manifest_and_scheduler_log_confirmed,MONASH/hf_MONASH_job819.root
MONASH,820,0,130000821,accepted,accepted_manifest_and_scheduler_log_confirmed,MONASH/hf_MONASH_job820.root
MONASH,821,0,130000822,accepted,accepted_manifest_and_scheduler_log_confirmed,MONASH/hf_MONASH_job821.root
MONASH,822,0,130000823,accepted,accepted_manifest_and_scheduler_log_confirmed,MONASH/hf_MONASH_job822.root
MONASH,823,0,130000824,accepted,accepted_manifest_and_scheduler_log_confirmed,MONASH/hf_MONASH_job823.root
MONASH,824,0,130000825,accepted,accepted_manifest_and_scheduler_log_confirmed,MONASH/hf_MONASH_job824.root
MONASH,825,0,130000826,accepted,accepted_manifest_and_scheduler_log_confirmed,MONASH/hf_MONASH_job825.root
MONASH,826,0,130000827,accepted,accepted_manifest_and_scheduler_log_confirmed,MONASH/hf_MONASH_job826.root
MONASH,827,0,130000828,accepted,accepted_manifest_and_scheduler_log_confirmed,MONASH/hf_MONASH_job827.root
MONASH,828,0,130000829,accepted,accepted_manifest_and_scheduler_log_confirmed,MONASH/hf_MONASH_job828.root
MONASH,829,0,130000830,accepted,accepted_manifest_and_scheduler_log_confirmed,MONASH/hf_MONASH_job829.root
MONASH,830,0,130000831,accepted,accepted_manifest_and_scheduler_log_confirmed,MONASH/hf_MONASH_job830.root
MONASH,831,0,130000832,accepted,accepted_manifest_and_scheduler_log_confirmed,MONASH/hf_MONASH_job831.root
MONASH,832,0,130000833,accepted,accepted_manifest_and_scheduler_log_confirmed,MONASH/hf_MONASH_job832.root
MONASH,833,0,130000834,accepted,accepted_manifest_and_scheduler_log_confirmed,MONASH/hf_MONASH_job833.root
MONASH,834,0,130000835,accepted,accepted_manifest_and_scheduler_log_confirmed,MONASH/hf_MONASH_job834.root
MONASH,835,0,130000836,accepted,accepted_manifest_and_scheduler_log_confirmed,MONASH/hf_MONASH_job835.root
MONASH,836,0,130000837,accepted,accepted_manifest_and_scheduler_log_confirmed,MONASH/hf_MONASH_job836.root
MONASH,837,0,130000838,accepted,accepted_manifest_and_scheduler_log_confirmed,MONASH/hf_MONASH_job837.root
MONASH,838,0,130000839,accepted,accepted_manifest_and_scheduler_log_confirmed,MONASH/hf_MONASH_job838.root
MONASH,839,0,130000840,accepted,accepted_manifest_and_scheduler_log_confirmed,MONASH/hf_MONASH_job839.root
MONASH,840,0,130000841,accepted,accepted_manifest_and_scheduler_log_confirmed,MONASH/hf_MONASH_job840.root
MONASH,841,0,130000842,accepted,accepted_manifest_and_scheduler_log_confirmed,MONASH/hf_MONASH_job841.root
MONASH,842,0,130000843,accepted,accepted_manifest_and_scheduler_log_confirmed,MONASH/hf_MONASH_job842.root
MONASH,843,0,130000844,accepted,accepted_manifest_and_scheduler_log_confirmed,MONASH/hf_MONASH_job843.root
MONASH,844,0,130000845,accepted,accepted_manifest_and_scheduler_log_confirmed,MONASH/hf_MONASH_job844.root
MONASH,845,0,130000846,accepted,accepted_manifest_and_scheduler_log_confirmed,MONASH/hf_MONASH_job845.root
MONASH,846,0,130000847,accepted,accepted_manifest_and_scheduler_log_confirmed,MONASH/hf_MONASH_job846.root
MONASH,847,0,130000848,accepted,accepted_manifest_and_scheduler_log_confirmed,MONASH/hf_MONASH_job847.root
MONASH,848,0,130000849,accepted,accepted_manifest_and_scheduler_log_confirmed,MONASH/hf_MONASH_job848.root
MONASH,849,0,130000850,accepted,accepted_manifest_and_scheduler_log_confirmed,MONASH/hf_MONASH_job849.root
MONASH,850,0,130000851,accepted,accepted_manifest_and_scheduler_log_confirmed,MONASH/hf_MONASH_job850.root
MONASH,851,0,130000852,accepted,accepted_manifest_and_scheduler_log_confirmed,MONASH/hf_MONASH_job851.root
MONASH,852,0,130000853,accepted,accepted_manifest_and_scheduler_log_confirmed,MONASH/hf_MONASH_job852.root
MONASH,853,0,130000854,accepted,accepted_manifest_and_scheduler_log_confirmed,MONASH/hf_MONASH_job853.root
MONASH,854,0,130000855,accepted,accepted_manifest_and_scheduler_log_confirmed,MONASH/hf_MONASH_job854.root
MONASH,855,0,130000856,accepted,accepted_manifest_and_scheduler_log_confirmed,MONASH/hf_MONASH_job855.root
MONASH,856,0,130000857,accepted,accepted_manifest_and_scheduler_log_confirmed,MONASH/hf_MONASH_job856.root
MONASH,857,0,130000858,accepted,accepted_manifest_and_scheduler_log_confirmed,MONASH/hf_MONASH_job857.root
MONASH,858,0,130000859,accepted,accepted_manifest_and_scheduler_log_confirmed,MONASH/hf_MONASH_job858.root
MONASH,859,0,130000860,accepted,accepted_manifest_and_scheduler_log_confirmed,MONASH/hf_MONASH_job859.root
MONASH,860,0,130000861,accepted,accepted_manifest_and_scheduler_log_confirmed,MONASH/hf_MONASH_job860.root
MONASH,861,0,130000862,accepted,accepted_manifest_and_scheduler_log_confirmed,MONASH/hf_MONASH_job861.root
MONASH,862,0,130000863,accepted,accepted_manifest_and_scheduler_log_confirmed,MONASH/hf_MONASH_job862.root
MONASH,863,0,130000864,accepted,accepted_manifest_and_scheduler_log_confirmed,MONASH/hf_MONASH_job863.root
MONASH,864,0,130000865,accepted,accepted_manifest_and_scheduler_log_confirmed,MONASH/hf_MONASH_job864.root
MONASH,865,0,130000866,accepted,accepted_manifest_and_scheduler_log_confirmed,MONASH/hf_MONASH_job865.root
MONASH,866,0,130000867,accepted,accepted_manifest_and_scheduler_log_confirmed,MONASH/hf_MONASH_job866.root
MONASH,867,0,130000868,accepted,accepted_manifest_and_scheduler_log_confirmed,MONASH/hf_MONASH_job867.root
MONASH,868,0,130000869,accepted,accepted_manifest_and_scheduler_log_confirmed,MONASH/hf_MONASH_job868.root
MONASH,869,0,130000870,accepted,accepted_manifest_and_scheduler_log_confirmed,MONASH/hf_MONASH_job869.root
MONASH,870,0,130000871,accepted,accepted_manifest_and_scheduler_log_confirmed,MONASH/hf_MONASH_job870.root
MONASH,871,0,130000872,accepted,accepted_manifest_and_scheduler_log_confirmed,MONASH/hf_MONASH_job871.root
MONASH,872,0,130000873,accepted,accepted_manifest_and_scheduler_log_confirmed,MONASH/hf_MONASH_job872.root
MONASH,873,0,130000874,accepted,accepted_manifest_and_scheduler_log_confirmed,MONASH/hf_MONASH_job873.root
MONASH,874,0,130000875,accepted,accepted_manifest_and_scheduler_log_confirmed,MONASH/hf_MONASH_job874.root
MONASH,875,0,130000876,accepted,accepted_manifest_and_scheduler_log_confirmed,MONASH/hf_MONASH_job875.root
MONASH,876,0,130000877,accepted,accepted_manifest_and_scheduler_log_confirmed,MONASH/hf_MONASH_job876.root
MONASH,877,0,130000878,accepted,accepted_manifest_and_scheduler_log_confirmed,MONASH/hf_MONASH_job877.root
MONASH,878,0,130000879,accepted,accepted_manifest_and_scheduler_log_confirmed,MONASH/hf_MONASH_job878.root
MONASH,879,0,130000880,accepted,accepted_manifest_and_scheduler_log_confirmed,MONASH/hf_MONASH_job879.root
MONASH,880,0,130000881,accepted,accepted_manifest_and_scheduler_log_confirmed,MONASH/hf_MONASH_job880.root
MONASH,881,0,130000882,accepted,accepted_manifest_and_scheduler_log_confirmed,MONASH/hf_MONASH_job881.root
MONASH,882,0,130000883,accepted,accepted_manifest_and_scheduler_log_confirmed,MONASH/hf_MONASH_job882.root
MONASH,883,0,130000884,accepted,accepted_manifest_and_scheduler_log_confirmed,MONASH/hf_MONASH_job883.root
MONASH,884,0,130000885,accepted,accepted_manifest_and_scheduler_log_confirmed,MONASH/hf_MONASH_job884.root
MONASH,885,0,130000886,accepted,accepted_manifest_and_scheduler_log_confirmed,MONASH/hf_MONASH_job885.root
MONASH,886,0,130000887,accepted,accepted_manifest_and_scheduler_log_confirmed,MONASH/hf_MONASH_job886.root
MONASH,887,0,130000888,accepted,accepted_manifest_and_scheduler_log_confirmed,MONASH/hf_MONASH_job887.root
MONASH,888,0,130000889,accepted,accepted_manifest_and_scheduler_log_confirmed,MONASH/hf_MONASH_job888.root
MONASH,889,0,130000890,accepted,accepted_manifest_and_scheduler_log_confirmed,MONASH/hf_MONASH_job889.root
MONASH,890,0,130000891,accepted,accepted_manifest_and_scheduler_log_confirmed,MONASH/hf_MONASH_job890.root
MONASH,891,0,130000892,accepted,accepted_manifest_and_scheduler_log_confirmed,MONASH/hf_MONASH_job891.root
MONASH,892,0,130000893,accepted,accepted_manifest_and_scheduler_log_confirmed,MONASH/hf_MONASH_job892.root
MONASH,893,0,130000894,accepted,accepted_manifest_and_scheduler_log_confirmed,MONASH/hf_MONASH_job893.root
MONASH,894,0,130000895,accepted,accepted_manifest_and_scheduler_log_confirmed,MONASH/hf_MONASH_job894.root
MONASH,895,0,130000896,accepted,accepted_manifest_and_scheduler_log_confirmed,MONASH/hf_MONASH_job895.root
MONASH,896,0,130000897,accepted,accepted_manifest_and_scheduler_log_confirmed,MONASH/hf_MONASH_job896.root
MONASH,897,0,130000898,accepted,accepted_manifest_and_scheduler_log_confirmed,MONASH/hf_MONASH_job897.root
MONASH,898,0,130000899,accepted,accepted_manifest_and_scheduler_log_confirmed,MONASH/hf_MONASH_job898.root
MONASH,899,0,130000900,accepted,accepted_manifest_and_scheduler_log_confirmed,MONASH/hf_MONASH_job899.root
MONASH,900,0,130000901,accepted,accepted_manifest_and_scheduler_log_confirmed,MONASH/hf_MONASH_job900.root
MONASH,901,0,130000902,accepted,accepted_manifest_and_scheduler_log_confirmed,MONASH/hf_MONASH_job901.root
MONASH,902,0,130000903,accepted,accepted_manifest_and_scheduler_log_confirmed,MONASH/hf_MONASH_job902.root
MONASH,903,0,130000904,accepted,accepted_manifest_and_scheduler_log_confirmed,MONASH/hf_MONASH_job903.root
MONASH,904,0,130000905,accepted,accepted_manifest_and_scheduler_log_confirmed,MONASH/hf_MONASH_job904.root
MONASH,905,0,130000906,accepted,accepted_manifest_and_scheduler_log_confirmed,MONASH/hf_MONASH_job905.root
MONASH,906,0,130000907,accepted,accepted_manifest_and_scheduler_log_confirmed,MONASH/hf_MONASH_job906.root
MONASH,907,0,130000908,accepted,accepted_manifest_and_scheduler_log_confirmed,MONASH/hf_MONASH_job907.root
MONASH,908,0,130000909,accepted,accepted_manifest_and_scheduler_log_confirmed,MONASH/hf_MONASH_job908.root
MONASH,909,0,130000910,accepted,accepted_manifest_and_scheduler_log_confirmed,MONASH/hf_MONASH_job909.root
MONASH,910,0,130000911,accepted,accepted_manifest_and_scheduler_log_confirmed,MONASH/hf_MONASH_job910.root
MONASH,911,0,130000912,accepted,accepted_manifest_and_scheduler_log_confirmed,MONASH/hf_MONASH_job911.root
MONASH,912,0,130000913,accepted,accepted_manifest_and_scheduler_log_confirmed,MONASH/hf_MONASH_job912.root
MONASH,913,0,130000914,accepted,accepted_manifest_and_scheduler_log_confirmed,MONASH/hf_MONASH_job913.root
MONASH,914,0,130000915,accepted,accepted_manifest_and_scheduler_log_confirmed,MONASH/hf_MONASH_job914.root
MONASH,915,0,130000916,accepted,accepted_manifest_and_scheduler_log_confirmed,MONASH/hf_MONASH_job915.root
MONASH,916,0,130000917,accepted,accepted_manifest_and_scheduler_log_confirmed,MONASH/hf_MONASH_job916.root
MONASH,917,0,130000918,accepted,accepted_manifest_and_scheduler_log_confirmed,MONASH/hf_MONASH_job917.root
MONASH,918,0,130000919,accepted,accepted_manifest_and_scheduler_log_confirmed,MONASH/hf_MONASH_job918.root
MONASH,919,0,130000920,accepted,accepted_manifest_and_scheduler_log_confirmed,MONASH/hf_MONASH_job919.root
MONASH,920,0,130000921,accepted,accepted_manifest_and_scheduler_log_confirmed,MONASH/hf_MONASH_job920.root
MONASH,921,0,130000922,accepted,accepted_manifest_and_scheduler_log_confirmed,MONASH/hf_MONASH_job921.root
MONASH,922,0,130000923,accepted,accepted_manifest_and_scheduler_log_confirmed,MONASH/hf_MONASH_job922.root
MONASH,923,0,130000924,accepted,accepted_manifest_and_scheduler_log_confirmed,MONASH/hf_MONASH_job923.root
MONASH,924,0,130000925,accepted,accepted_manifest_and_scheduler_log_confirmed,MONASH/hf_MONASH_job924.root
MONASH,925,0,130000926,accepted,accepted_manifest_and_scheduler_log_confirmed,MONASH/hf_MONASH_job925.root
MONASH,926,0,130000927,accepted,accepted_manifest_and_scheduler_log_confirmed,MONASH/hf_MONASH_job926.root
MONASH,927,0,130000928,accepted,accepted_manifest_and_scheduler_log_confirmed,MONASH/hf_MONASH_job927.root
MONASH,928,0,130000929,accepted,accepted_manifest_and_scheduler_log_confirmed,MONASH/hf_MONASH_job928.root
MONASH,929,0,130000930,accepted,accepted_manifest_and_scheduler_log_confirmed,MONASH/hf_MONASH_job929.root
MONASH,930,0,130000931,accepted,accepted_manifest_and_scheduler_log_confirmed,MONASH/hf_MONASH_job930.root
MONASH,931,0,130000932,accepted,accepted_manifest_and_scheduler_log_confirmed,MONASH/hf_MONASH_job931.root
MONASH,932,0,130000933,accepted,accepted_manifest_and_scheduler_log_confirmed,MONASH/hf_MONASH_job932.root
MONASH,933,0,130000934,accepted,accepted_manifest_and_scheduler_log_confirmed,MONASH/hf_MONASH_job933.root
MONASH,934,0,130000935,accepted,accepted_manifest_and_scheduler_log_confirmed,MONASH/hf_MONASH_job934.root
MONASH,935,0,130000936,accepted,accepted_manifest_and_scheduler_log_confirmed,MONASH/hf_MONASH_job935.root
MONASH,936,0,130000937,accepted,accepted_manifest_and_scheduler_log_confirmed,MONASH/hf_MONASH_job936.root
MONASH,937,0,130000938,accepted,accepted_manifest_and_scheduler_log_confirmed,MONASH/hf_MONASH_job937.root
MONASH,938,0,130000939,accepted,accepted_manifest_and_scheduler_log_confirmed,MONASH/hf_MONASH_job938.root
MONASH,939,0,130000940,accepted,accepted_manifest_and_scheduler_log_confirmed,MONASH/hf_MONASH_job939.root
MONASH,940,0,130000941,accepted,accepted_manifest_and_scheduler_log_confirmed,MONASH/hf_MONASH_job940.root
MONASH,941,0,130000942,accepted,accepted_manifest_and_scheduler_log_confirmed,MONASH/hf_MONASH_job941.root
MONASH,942,0,130000943,accepted,accepted_manifest_and_scheduler_log_confirmed,MONASH/hf_MONASH_job942.root
MONASH,943,0,130000944,accepted,accepted_manifest_and_scheduler_log_confirmed,MONASH/hf_MONASH_job943.root
MONASH,944,0,130000945,accepted,accepted_manifest_and_scheduler_log_confirmed,MONASH/hf_MONASH_job944.root
MONASH,945,0,130000946,accepted,accepted_manifest_and_scheduler_log_confirmed,MONASH/hf_MONASH_job945.root
MONASH,946,0,130000947,accepted,accepted_manifest_and_scheduler_log_confirmed,MONASH/hf_MONASH_job946.root
MONASH,947,0,130000948,accepted,accepted_manifest_and_scheduler_log_confirmed,MONASH/hf_MONASH_job947.root
MONASH,948,0,130000949,accepted,accepted_manifest_and_scheduler_log_confirmed,MONASH/hf_MONASH_job948.root
MONASH,949,0,130000950,accepted,accepted_manifest_and_scheduler_log_confirmed,MONASH/hf_MONASH_job949.root
MONASH,950,0,130000951,accepted,accepted_manifest_and_scheduler_log_confirmed,MONASH/hf_MONASH_job950.root
MONASH,951,0,130000952,accepted,accepted_manifest_and_scheduler_log_confirmed,MONASH/hf_MONASH_job951.root
MONASH,952,0,130000953,accepted,accepted_manifest_and_scheduler_log_confirmed,MONASH/hf_MONASH_job952.root
MONASH,953,0,130000954,accepted,accepted_manifest_and_scheduler_log_confirmed,MONASH/hf_MONASH_job953.root
MONASH,954,0,130000955,accepted,accepted_manifest_and_scheduler_log_confirmed,MONASH/hf_MONASH_job954.root
MONASH,955,0,130000956,accepted,accepted_manifest_and_scheduler_log_confirmed,MONASH/hf_MONASH_job955.root
MONASH,956,0,130000957,accepted,accepted_manifest_and_scheduler_log_confirmed,MONASH/hf_MONASH_job956.root
MONASH,957,0,130000958,accepted,accepted_manifest_and_scheduler_log_confirmed,MONASH/hf_MONASH_job957.root
MONASH,958,0,130000959,accepted,accepted_manifest_and_scheduler_log_confirmed,MONASH/hf_MONASH_job958.root
MONASH,959,0,130000960,accepted,accepted_manifest_and_scheduler_log_confirmed,MONASH/hf_MONASH_job959.root
MONASH,960,0,130000961,accepted,accepted_manifest_and_scheduler_log_confirmed,MONASH/hf_MONASH_job960.root
MONASH,961,0,130000962,accepted,accepted_manifest_and_scheduler_log_confirmed,MONASH/hf_MONASH_job961.root
MONASH,962,0,130000963,accepted,accepted_manifest_and_scheduler_log_confirmed,MONASH/hf_MONASH_job962.root
MONASH,963,0,130000964,accepted,accepted_manifest_and_scheduler_log_confirmed,MONASH/hf_MONASH_job963.root
MONASH,964,0,130000965,accepted,accepted_manifest_and_scheduler_log_confirmed,MONASH/hf_MONASH_job964.root
MONASH,965,0,130000966,accepted,accepted_manifest_and_scheduler_log_confirmed,MONASH/hf_MONASH_job965.root
MONASH,966,0,130000967,accepted,accepted_manifest_and_scheduler_log_confirmed,MONASH/hf_MONASH_job966.root
MONASH,967,0,130000968,accepted,accepted_manifest_and_scheduler_log_confirmed,MONASH/hf_MONASH_job967.root
MONASH,968,0,130000969,accepted,accepted_manifest_and_scheduler_log_confirmed,MONASH/hf_MONASH_job968.root
MONASH,969,0,130000970,accepted,accepted_manifest_and_scheduler_log_confirmed,MONASH/hf_MONASH_job969.root
MONASH,970,0,130000971,accepted,accepted_manifest_and_scheduler_log_confirmed,MONASH/hf_MONASH_job970.root
MONASH,971,0,130000972,accepted,accepted_manifest_and_scheduler_log_confirmed,MONASH/hf_MONASH_job971.root
MONASH,972,0,130000973,accepted,accepted_manifest_and_scheduler_log_confirmed,MONASH/hf_MONASH_job972.root
MONASH,973,0,130000974,accepted,accepted_manifest_and_scheduler_log_confirmed,MONASH/hf_MONASH_job973.root
MONASH,974,0,130000975,accepted,accepted_manifest_and_scheduler_log_confirmed,MONASH/hf_MONASH_job974.root
MONASH,975,0,130000976,accepted,accepted_manifest_and_scheduler_log_confirmed,MONASH/hf_MONASH_job975.root
MONASH,976,0,130000977,accepted,accepted_manifest_and_scheduler_log_confirmed,MONASH/hf_MONASH_job976.root
MONASH,977,0,130000978,accepted,accepted_manifest_and_scheduler_log_confirmed,MONASH/hf_MONASH_job977.root
MONASH,978,0,130000979,accepted,accepted_manifest_and_scheduler_log_confirmed,MONASH/hf_MONASH_job978.root
MONASH,979,0,130000980,accepted,accepted_manifest_and_scheduler_log_confirmed,MONASH/hf_MONASH_job979.root
MONASH,980,0,130000981,accepted,accepted_manifest_and_scheduler_log_confirmed,MONASH/hf_MONASH_job980.root
MONASH,981,0,130000982,accepted,accepted_manifest_and_scheduler_log_confirmed,MONASH/hf_MONASH_job981.root
MONASH,982,0,130000983,accepted,accepted_manifest_and_scheduler_log_confirmed,MONASH/hf_MONASH_job982.root
MONASH,983,0,130000984,accepted,accepted_manifest_and_scheduler_log_confirmed,MONASH/hf_MONASH_job983.root
MONASH,984,0,130000985,accepted,accepted_manifest_and_scheduler_log_confirmed,MONASH/hf_MONASH_job984.root
MONASH,985,0,130000986,accepted,accepted_manifest_and_scheduler_log_confirmed,MONASH/hf_MONASH_job985.root
MONASH,986,0,130000987,accepted,accepted_manifest_and_scheduler_log_confirmed,MONASH/hf_MONASH_job986.root
MONASH,987,0,130000988,accepted,accepted_manifest_and_scheduler_log_confirmed,MONASH/hf_MONASH_job987.root
MONASH,988,0,130000989,accepted,accepted_manifest_and_scheduler_log_confirmed,MONASH/hf_MONASH_job988.root
MONASH,989,0,130000990,accepted,accepted_manifest_and_scheduler_log_confirmed,MONASH/hf_MONASH_job989.root
MONASH,990,0,130000991,accepted,accepted_manifest_and_scheduler_log_confirmed,MONASH/hf_MONASH_job990.root
MONASH,991,0,130000992,accepted,accepted_manifest_and_scheduler_log_confirmed,MONASH/hf_MONASH_job991.root
MONASH,992,0,130000993,accepted,accepted_manifest_and_scheduler_log_confirmed,MONASH/hf_MONASH_job992.root
MONASH,993,0,130000994,accepted,accepted_manifest_and_scheduler_log_confirmed,MONASH/hf_MONASH_job993.root
MONASH,994,0,130000995,accepted,accepted_manifest_and_scheduler_log_confirmed,MONASH/hf_MONASH_job994.root
MONASH,995,0,130000996,accepted,accepted_manifest_and_scheduler_log_confirmed,MONASH/hf_MONASH_job995.root
MONASH,996,0,130000997,accepted,accepted_manifest_and_scheduler_log_confirmed,MONASH/hf_MONASH_job996.root
MONASH,997,0,130000998,accepted,accepted_manifest_and_scheduler_log_confirmed,MONASH/hf_MONASH_job997.root
MONASH,998,0,130000999,accepted,accepted_manifest_and_scheduler_log_confirmed,MONASH/hf_MONASH_job998.root
MONASH,999,0,130001000,accepted,accepted_manifest_and_scheduler_log_confirmed,MONASH/hf_MONASH_job999.root
JUNCTIONS,0,0,131000001,accepted,accepted_manifest_and_scheduler_log_confirmed,JUNCTIONS/hf_JUNCTIONS_job000.root
JUNCTIONS,1,0,131000002,accepted,accepted_manifest_and_scheduler_log_confirmed,JUNCTIONS/hf_JUNCTIONS_job001.root
JUNCTIONS,2,0,131000003,accepted,accepted_manifest_and_scheduler_log_confirmed,JUNCTIONS/hf_JUNCTIONS_job002.root
JUNCTIONS,3,0,131000004,discarded,scheduler_log_confirmed,
JUNCTIONS,3,1,131100004,accepted,accepted_manifest_and_scheduler_log_confirmed,JUNCTIONS/hf_JUNCTIONS_job003.root
JUNCTIONS,4,0,131000005,accepted,accepted_manifest_and_scheduler_log_confirmed,JUNCTIONS/hf_JUNCTIONS_job004.root
JUNCTIONS,5,0,131000006,accepted,accepted_manifest_and_scheduler_log_confirmed,JUNCTIONS/hf_JUNCTIONS_job005.root
JUNCTIONS,6,0,131000007,accepted,accepted_manifest_and_scheduler_log_confirmed,JUNCTIONS/hf_JUNCTIONS_job006.root
JUNCTIONS,7,0,131000008,accepted,accepted_manifest_and_scheduler_log_confirmed,JUNCTIONS/hf_JUNCTIONS_job007.root
JUNCTIONS,8,0,131000009,accepted,accepted_manifest_and_scheduler_log_confirmed,JUNCTIONS/hf_JUNCTIONS_job008.root
JUNCTIONS,9,0,131000010,accepted,accepted_manifest_and_scheduler_log_confirmed,JUNCTIONS/hf_JUNCTIONS_job009.root
JUNCTIONS,10,0,131000011,accepted,accepted_manifest_and_scheduler_log_confirmed,JUNCTIONS/hf_JUNCTIONS_job010.root
JUNCTIONS,11,0,131000012,accepted,accepted_manifest_and_scheduler_log_confirmed,JUNCTIONS/hf_JUNCTIONS_job011.root
JUNCTIONS,12,0,131000013,accepted,accepted_manifest_and_scheduler_log_confirmed,JUNCTIONS/hf_JUNCTIONS_job012.root
JUNCTIONS,13,0,131000014,accepted,accepted_manifest_and_scheduler_log_confirmed,JUNCTIONS/hf_JUNCTIONS_job013.root
JUNCTIONS,14,0,131000015,discarded,scheduler_log_confirmed,
JUNCTIONS,14,1,131100015,accepted,accepted_manifest_and_scheduler_log_confirmed,JUNCTIONS/hf_JUNCTIONS_job014.root
JUNCTIONS,15,0,131000016,accepted,accepted_manifest_and_scheduler_log_confirmed,JUNCTIONS/hf_JUNCTIONS_job015.root
JUNCTIONS,16,0,131000017,accepted,accepted_manifest_and_scheduler_log_confirmed,JUNCTIONS/hf_JUNCTIONS_job016.root
JUNCTIONS,17,0,131000018,discarded,scheduler_log_confirmed,
JUNCTIONS,17,1,131100018,accepted,accepted_manifest_and_scheduler_log_confirmed,JUNCTIONS/hf_JUNCTIONS_job017.root
JUNCTIONS,18,0,131000019,accepted,accepted_manifest_and_scheduler_log_confirmed,JUNCTIONS/hf_JUNCTIONS_job018.root
JUNCTIONS,19,0,131000020,accepted,accepted_manifest_and_scheduler_log_confirmed,JUNCTIONS/hf_JUNCTIONS_job019.root
JUNCTIONS,20,0,131000021,accepted,accepted_manifest_and_scheduler_log_confirmed,JUNCTIONS/hf_JUNCTIONS_job020.root
JUNCTIONS,21,0,131000022,accepted,accepted_manifest_and_scheduler_log_confirmed,JUNCTIONS/hf_JUNCTIONS_job021.root
JUNCTIONS,22,0,131000023,accepted,accepted_manifest_and_scheduler_log_confirmed,JUNCTIONS/hf_JUNCTIONS_job022.root
JUNCTIONS,23,0,131000024,accepted,accepted_manifest_and_scheduler_log_confirmed,JUNCTIONS/hf_JUNCTIONS_job023.root
JUNCTIONS,24,0,131000025,accepted,accepted_manifest_and_scheduler_log_confirmed,JUNCTIONS/hf_JUNCTIONS_job024.root
JUNCTIONS,25,0,131000026,accepted,accepted_manifest_and_scheduler_log_confirmed,JUNCTIONS/hf_JUNCTIONS_job025.root
JUNCTIONS,26,0,131000027,accepted,accepted_manifest_and_scheduler_log_confirmed,JUNCTIONS/hf_JUNCTIONS_job026.root
JUNCTIONS,27,0,131000028,accepted,accepted_manifest_and_scheduler_log_confirmed,JUNCTIONS/hf_JUNCTIONS_job027.root
JUNCTIONS,28,0,131000029,accepted,accepted_manifest_and_scheduler_log_confirmed,JUNCTIONS/hf_JUNCTIONS_job028.root
JUNCTIONS,29,0,131000030,accepted,accepted_manifest_and_scheduler_log_confirmed,JUNCTIONS/hf_JUNCTIONS_job029.root
JUNCTIONS,30,0,131000031,accepted,accepted_manifest_and_scheduler_log_confirmed,JUNCTIONS/hf_JUNCTIONS_job030.root
JUNCTIONS,31,0,131000032,accepted,accepted_manifest_and_scheduler_log_confirmed,JUNCTIONS/hf_JUNCTIONS_job031.root
JUNCTIONS,32,0,131000033,accepted,accepted_manifest_and_scheduler_log_confirmed,JUNCTIONS/hf_JUNCTIONS_job032.root
JUNCTIONS,33,0,131000034,accepted,accepted_manifest_and_scheduler_log_confirmed,JUNCTIONS/hf_JUNCTIONS_job033.root
JUNCTIONS,34,0,131000035,accepted,accepted_manifest_and_scheduler_log_confirmed,JUNCTIONS/hf_JUNCTIONS_job034.root
JUNCTIONS,35,0,131000036,accepted,accepted_manifest_and_scheduler_log_confirmed,JUNCTIONS/hf_JUNCTIONS_job035.root
JUNCTIONS,36,0,131000037,accepted,accepted_manifest_and_scheduler_log_confirmed,JUNCTIONS/hf_JUNCTIONS_job036.root
JUNCTIONS,37,0,131000038,discarded,scheduler_log_confirmed,
JUNCTIONS,37,1,131100038,accepted,accepted_manifest_and_scheduler_log_confirmed,JUNCTIONS/hf_JUNCTIONS_job037.root
JUNCTIONS,38,0,131000039,accepted,accepted_manifest_and_scheduler_log_confirmed,JUNCTIONS/hf_JUNCTIONS_job038.root
JUNCTIONS,39,0,131000040,accepted,accepted_manifest_and_scheduler_log_confirmed,JUNCTIONS/hf_JUNCTIONS_job039.root
JUNCTIONS,40,0,131000041,accepted,accepted_manifest_and_scheduler_log_confirmed,JUNCTIONS/hf_JUNCTIONS_job040.root
JUNCTIONS,41,0,131000042,accepted,accepted_manifest_and_scheduler_log_confirmed,JUNCTIONS/hf_JUNCTIONS_job041.root
JUNCTIONS,42,0,131000043,accepted,accepted_manifest_and_scheduler_log_confirmed,JUNCTIONS/hf_JUNCTIONS_job042.root
JUNCTIONS,43,0,131000044,accepted,accepted_manifest_and_scheduler_log_confirmed,JUNCTIONS/hf_JUNCTIONS_job043.root
JUNCTIONS,44,0,131000045,accepted,accepted_manifest_and_scheduler_log_confirmed,JUNCTIONS/hf_JUNCTIONS_job044.root
JUNCTIONS,45,0,131000046,discarded,scheduler_log_confirmed,
JUNCTIONS,45,1,131100046,accepted,accepted_manifest_and_scheduler_log_confirmed,JUNCTIONS/hf_JUNCTIONS_job045.root
JUNCTIONS,46,0,131000047,accepted,accepted_manifest_and_scheduler_log_confirmed,JUNCTIONS/hf_JUNCTIONS_job046.root
JUNCTIONS,47,0,131000048,accepted,accepted_manifest_and_scheduler_log_confirmed,JUNCTIONS/hf_JUNCTIONS_job047.root
JUNCTIONS,48,0,131000049,accepted,accepted_manifest_and_scheduler_log_confirmed,JUNCTIONS/hf_JUNCTIONS_job048.root
JUNCTIONS,49,0,131000050,accepted,accepted_manifest_and_scheduler_log_confirmed,JUNCTIONS/hf_JUNCTIONS_job049.root
JUNCTIONS,50,0,131000051,accepted,accepted_manifest_and_scheduler_log_confirmed,JUNCTIONS/hf_JUNCTIONS_job050.root
JUNCTIONS,51,0,131000052,accepted,accepted_manifest_and_scheduler_log_confirmed,JUNCTIONS/hf_JUNCTIONS_job051.root
JUNCTIONS,52,0,131000053,accepted,accepted_manifest_and_scheduler_log_confirmed,JUNCTIONS/hf_JUNCTIONS_job052.root
JUNCTIONS,53,0,131000054,accepted,accepted_manifest_and_scheduler_log_confirmed,JUNCTIONS/hf_JUNCTIONS_job053.root
JUNCTIONS,54,0,131000055,accepted,accepted_manifest_and_scheduler_log_confirmed,JUNCTIONS/hf_JUNCTIONS_job054.root
JUNCTIONS,55,0,131000056,accepted,accepted_manifest_and_scheduler_log_confirmed,JUNCTIONS/hf_JUNCTIONS_job055.root
JUNCTIONS,56,0,131000057,accepted,accepted_manifest_and_scheduler_log_confirmed,JUNCTIONS/hf_JUNCTIONS_job056.root
JUNCTIONS,57,0,131000058,accepted,accepted_manifest_and_scheduler_log_confirmed,JUNCTIONS/hf_JUNCTIONS_job057.root
JUNCTIONS,58,0,131000059,accepted,accepted_manifest_and_scheduler_log_confirmed,JUNCTIONS/hf_JUNCTIONS_job058.root
JUNCTIONS,59,0,131000060,accepted,accepted_manifest_and_scheduler_log_confirmed,JUNCTIONS/hf_JUNCTIONS_job059.root
JUNCTIONS,60,0,131000061,accepted,accepted_manifest_and_scheduler_log_confirmed,JUNCTIONS/hf_JUNCTIONS_job060.root
JUNCTIONS,61,0,131000062,accepted,accepted_manifest_and_scheduler_log_confirmed,JUNCTIONS/hf_JUNCTIONS_job061.root
JUNCTIONS,62,0,131000063,accepted,accepted_manifest_and_scheduler_log_confirmed,JUNCTIONS/hf_JUNCTIONS_job062.root
JUNCTIONS,63,0,131000064,accepted,accepted_manifest_and_scheduler_log_confirmed,JUNCTIONS/hf_JUNCTIONS_job063.root
JUNCTIONS,64,0,131000065,accepted,accepted_manifest_and_scheduler_log_confirmed,JUNCTIONS/hf_JUNCTIONS_job064.root
JUNCTIONS,65,0,131000066,accepted,accepted_manifest_and_scheduler_log_confirmed,JUNCTIONS/hf_JUNCTIONS_job065.root
JUNCTIONS,66,0,131000067,accepted,accepted_manifest_and_scheduler_log_confirmed,JUNCTIONS/hf_JUNCTIONS_job066.root
JUNCTIONS,67,0,131000068,accepted,accepted_manifest_and_scheduler_log_confirmed,JUNCTIONS/hf_JUNCTIONS_job067.root
JUNCTIONS,68,0,131000069,accepted,accepted_manifest_and_scheduler_log_confirmed,JUNCTIONS/hf_JUNCTIONS_job068.root
JUNCTIONS,69,0,131000070,accepted,accepted_manifest_and_scheduler_log_confirmed,JUNCTIONS/hf_JUNCTIONS_job069.root
JUNCTIONS,70,0,131000071,accepted,accepted_manifest_and_scheduler_log_confirmed,JUNCTIONS/hf_JUNCTIONS_job070.root
JUNCTIONS,71,0,131000072,accepted,accepted_manifest_and_scheduler_log_confirmed,JUNCTIONS/hf_JUNCTIONS_job071.root
JUNCTIONS,72,0,131000073,accepted,accepted_manifest_and_scheduler_log_confirmed,JUNCTIONS/hf_JUNCTIONS_job072.root
JUNCTIONS,73,0,131000074,accepted,accepted_manifest_and_scheduler_log_confirmed,JUNCTIONS/hf_JUNCTIONS_job073.root
JUNCTIONS,74,0,131000075,accepted,accepted_manifest_and_scheduler_log_confirmed,JUNCTIONS/hf_JUNCTIONS_job074.root
JUNCTIONS,75,0,131000076,accepted,accepted_manifest_and_scheduler_log_confirmed,JUNCTIONS/hf_JUNCTIONS_job075.root
JUNCTIONS,76,0,131000077,accepted,accepted_manifest_and_scheduler_log_confirmed,JUNCTIONS/hf_JUNCTIONS_job076.root
JUNCTIONS,77,0,131000078,discarded,scheduler_log_confirmed,
JUNCTIONS,77,1,131100078,accepted,accepted_manifest_and_scheduler_log_confirmed,JUNCTIONS/hf_JUNCTIONS_job077.root
JUNCTIONS,78,0,131000079,accepted,accepted_manifest_and_scheduler_log_confirmed,JUNCTIONS/hf_JUNCTIONS_job078.root
JUNCTIONS,79,0,131000080,accepted,accepted_manifest_and_scheduler_log_confirmed,JUNCTIONS/hf_JUNCTIONS_job079.root
JUNCTIONS,80,0,131000081,accepted,accepted_manifest_and_scheduler_log_confirmed,JUNCTIONS/hf_JUNCTIONS_job080.root
JUNCTIONS,81,0,131000082,accepted,accepted_manifest_and_scheduler_log_confirmed,JUNCTIONS/hf_JUNCTIONS_job081.root
JUNCTIONS,82,0,131000083,accepted,accepted_manifest_and_scheduler_log_confirmed,JUNCTIONS/hf_JUNCTIONS_job082.root
JUNCTIONS,83,0,131000084,accepted,accepted_manifest_and_scheduler_log_confirmed,JUNCTIONS/hf_JUNCTIONS_job083.root
JUNCTIONS,84,0,131000085,accepted,accepted_manifest_and_scheduler_log_confirmed,JUNCTIONS/hf_JUNCTIONS_job084.root
JUNCTIONS,85,0,131000086,accepted,accepted_manifest_and_scheduler_log_confirmed,JUNCTIONS/hf_JUNCTIONS_job085.root
JUNCTIONS,86,0,131000087,accepted,accepted_manifest_and_scheduler_log_confirmed,JUNCTIONS/hf_JUNCTIONS_job086.root
JUNCTIONS,87,0,131000088,accepted,accepted_manifest_and_scheduler_log_confirmed,JUNCTIONS/hf_JUNCTIONS_job087.root
JUNCTIONS,88,0,131000089,accepted,accepted_manifest_and_scheduler_log_confirmed,JUNCTIONS/hf_JUNCTIONS_job088.root
JUNCTIONS,89,0,131000090,accepted,accepted_manifest_and_scheduler_log_confirmed,JUNCTIONS/hf_JUNCTIONS_job089.root
JUNCTIONS,90,0,131000091,accepted,accepted_manifest_and_scheduler_log_confirmed,JUNCTIONS/hf_JUNCTIONS_job090.root
JUNCTIONS,91,0,131000092,accepted,accepted_manifest_and_scheduler_log_confirmed,JUNCTIONS/hf_JUNCTIONS_job091.root
JUNCTIONS,92,0,131000093,accepted,accepted_manifest_and_scheduler_log_confirmed,JUNCTIONS/hf_JUNCTIONS_job092.root
JUNCTIONS,93,0,131000094,accepted,accepted_manifest_and_scheduler_log_confirmed,JUNCTIONS/hf_JUNCTIONS_job093.root
JUNCTIONS,94,0,131000095,accepted,accepted_manifest_and_scheduler_log_confirmed,JUNCTIONS/hf_JUNCTIONS_job094.root
JUNCTIONS,95,0,131000096,accepted,accepted_manifest_and_scheduler_log_confirmed,JUNCTIONS/hf_JUNCTIONS_job095.root
JUNCTIONS,96,0,131000097,accepted,accepted_manifest_and_scheduler_log_confirmed,JUNCTIONS/hf_JUNCTIONS_job096.root
JUNCTIONS,97,0,131000098,accepted,accepted_manifest_and_scheduler_log_confirmed,JUNCTIONS/hf_JUNCTIONS_job097.root
JUNCTIONS,98,0,131000099,accepted,accepted_manifest_and_scheduler_log_confirmed,JUNCTIONS/hf_JUNCTIONS_job098.root
JUNCTIONS,99,0,131000100,accepted,accepted_manifest_and_scheduler_log_confirmed,JUNCTIONS/hf_JUNCTIONS_job099.root
JUNCTIONS,100,0,131000101,accepted,accepted_manifest_and_scheduler_log_confirmed,JUNCTIONS/hf_JUNCTIONS_job100.root
JUNCTIONS,101,0,131000102,accepted,accepted_manifest_and_scheduler_log_confirmed,JUNCTIONS/hf_JUNCTIONS_job101.root
JUNCTIONS,102,0,131000103,accepted,accepted_manifest_and_scheduler_log_confirmed,JUNCTIONS/hf_JUNCTIONS_job102.root
JUNCTIONS,103,0,131000104,accepted,accepted_manifest_and_scheduler_log_confirmed,JUNCTIONS/hf_JUNCTIONS_job103.root
JUNCTIONS,104,0,131000105,accepted,accepted_manifest_and_scheduler_log_confirmed,JUNCTIONS/hf_JUNCTIONS_job104.root
JUNCTIONS,105,0,131000106,discarded,scheduler_log_confirmed,
JUNCTIONS,105,1,131100106,accepted,accepted_manifest_and_scheduler_log_confirmed,JUNCTIONS/hf_JUNCTIONS_job105.root
JUNCTIONS,106,0,131000107,accepted,accepted_manifest_and_scheduler_log_confirmed,JUNCTIONS/hf_JUNCTIONS_job106.root
JUNCTIONS,107,0,131000108,accepted,accepted_manifest_and_scheduler_log_confirmed,JUNCTIONS/hf_JUNCTIONS_job107.root
JUNCTIONS,108,0,131000109,accepted,accepted_manifest_and_scheduler_log_confirmed,JUNCTIONS/hf_JUNCTIONS_job108.root
JUNCTIONS,109,0,131000110,accepted,accepted_manifest_and_scheduler_log_confirmed,JUNCTIONS/hf_JUNCTIONS_job109.root
JUNCTIONS,110,0,131000111,discarded,scheduler_log_confirmed,
JUNCTIONS,110,1,131100111,accepted,accepted_manifest_and_scheduler_log_confirmed,JUNCTIONS/hf_JUNCTIONS_job110.root
JUNCTIONS,111,0,131000112,accepted,accepted_manifest_and_scheduler_log_confirmed,JUNCTIONS/hf_JUNCTIONS_job111.root
JUNCTIONS,112,0,131000113,accepted,accepted_manifest_and_scheduler_log_confirmed,JUNCTIONS/hf_JUNCTIONS_job112.root
JUNCTIONS,113,0,131000114,accepted,accepted_manifest_and_scheduler_log_confirmed,JUNCTIONS/hf_JUNCTIONS_job113.root
JUNCTIONS,114,0,131000115,accepted,accepted_manifest_and_scheduler_log_confirmed,JUNCTIONS/hf_JUNCTIONS_job114.root
JUNCTIONS,115,0,131000116,accepted,accepted_manifest_and_scheduler_log_confirmed,JUNCTIONS/hf_JUNCTIONS_job115.root
JUNCTIONS,116,0,131000117,accepted,accepted_manifest_and_scheduler_log_confirmed,JUNCTIONS/hf_JUNCTIONS_job116.root
JUNCTIONS,117,0,131000118,accepted,accepted_manifest_and_scheduler_log_confirmed,JUNCTIONS/hf_JUNCTIONS_job117.root
JUNCTIONS,118,0,131000119,accepted,accepted_manifest_and_scheduler_log_confirmed,JUNCTIONS/hf_JUNCTIONS_job118.root
JUNCTIONS,119,0,131000120,accepted,accepted_manifest_and_scheduler_log_confirmed,JUNCTIONS/hf_JUNCTIONS_job119.root
JUNCTIONS,120,0,131000121,accepted,accepted_manifest_and_scheduler_log_confirmed,JUNCTIONS/hf_JUNCTIONS_job120.root
JUNCTIONS,121,0,131000122,accepted,accepted_manifest_and_scheduler_log_confirmed,JUNCTIONS/hf_JUNCTIONS_job121.root
JUNCTIONS,122,0,131000123,accepted,accepted_manifest_and_scheduler_log_confirmed,JUNCTIONS/hf_JUNCTIONS_job122.root
JUNCTIONS,123,0,131000124,accepted,accepted_manifest_and_scheduler_log_confirmed,JUNCTIONS/hf_JUNCTIONS_job123.root
JUNCTIONS,124,0,131000125,accepted,accepted_manifest_and_scheduler_log_confirmed,JUNCTIONS/hf_JUNCTIONS_job124.root
JUNCTIONS,125,0,131000126,accepted,accepted_manifest_and_scheduler_log_confirmed,JUNCTIONS/hf_JUNCTIONS_job125.root
JUNCTIONS,126,0,131000127,accepted,accepted_manifest_and_scheduler_log_confirmed,JUNCTIONS/hf_JUNCTIONS_job126.root
JUNCTIONS,127,0,131000128,discarded,scheduler_log_confirmed,
JUNCTIONS,127,1,131100128,accepted,accepted_manifest_and_scheduler_log_confirmed,JUNCTIONS/hf_JUNCTIONS_job127.root
JUNCTIONS,128,0,131000129,accepted,accepted_manifest_and_scheduler_log_confirmed,JUNCTIONS/hf_JUNCTIONS_job128.root
JUNCTIONS,129,0,131000130,accepted,accepted_manifest_and_scheduler_log_confirmed,JUNCTIONS/hf_JUNCTIONS_job129.root
JUNCTIONS,130,0,131000131,accepted,accepted_manifest_and_scheduler_log_confirmed,JUNCTIONS/hf_JUNCTIONS_job130.root
JUNCTIONS,131,0,131000132,accepted,accepted_manifest_and_scheduler_log_confirmed,JUNCTIONS/hf_JUNCTIONS_job131.root
JUNCTIONS,132,0,131000133,accepted,accepted_manifest_and_scheduler_log_confirmed,JUNCTIONS/hf_JUNCTIONS_job132.root
JUNCTIONS,133,0,131000134,accepted,accepted_manifest_and_scheduler_log_confirmed,JUNCTIONS/hf_JUNCTIONS_job133.root
JUNCTIONS,134,0,131000135,accepted,accepted_manifest_and_scheduler_log_confirmed,JUNCTIONS/hf_JUNCTIONS_job134.root
JUNCTIONS,135,0,131000136,accepted,accepted_manifest_and_scheduler_log_confirmed,JUNCTIONS/hf_JUNCTIONS_job135.root
JUNCTIONS,136,0,131000137,accepted,accepted_manifest_and_scheduler_log_confirmed,JUNCTIONS/hf_JUNCTIONS_job136.root
JUNCTIONS,137,0,131000138,accepted,accepted_manifest_and_scheduler_log_confirmed,JUNCTIONS/hf_JUNCTIONS_job137.root
JUNCTIONS,138,0,131000139,accepted,accepted_manifest_and_scheduler_log_confirmed,JUNCTIONS/hf_JUNCTIONS_job138.root
JUNCTIONS,139,0,131000140,accepted,accepted_manifest_and_scheduler_log_confirmed,JUNCTIONS/hf_JUNCTIONS_job139.root
JUNCTIONS,140,0,131000141,accepted,accepted_manifest_and_scheduler_log_confirmed,JUNCTIONS/hf_JUNCTIONS_job140.root
JUNCTIONS,141,0,131000142,accepted,accepted_manifest_and_scheduler_log_confirmed,JUNCTIONS/hf_JUNCTIONS_job141.root
JUNCTIONS,142,0,131000143,accepted,accepted_manifest_and_scheduler_log_confirmed,JUNCTIONS/hf_JUNCTIONS_job142.root
JUNCTIONS,143,0,131000144,accepted,accepted_manifest_and_scheduler_log_confirmed,JUNCTIONS/hf_JUNCTIONS_job143.root
JUNCTIONS,144,0,131000145,accepted,accepted_manifest_and_scheduler_log_confirmed,JUNCTIONS/hf_JUNCTIONS_job144.root
JUNCTIONS,145,0,131000146,discarded,scheduler_log_confirmed,
JUNCTIONS,145,1,131100146,accepted,accepted_manifest_and_scheduler_log_confirmed,JUNCTIONS/hf_JUNCTIONS_job145.root
JUNCTIONS,146,0,131000147,accepted,accepted_manifest_and_scheduler_log_confirmed,JUNCTIONS/hf_JUNCTIONS_job146.root
JUNCTIONS,147,0,131000148,accepted,accepted_manifest_and_scheduler_log_confirmed,JUNCTIONS/hf_JUNCTIONS_job147.root
JUNCTIONS,148,0,131000149,accepted,accepted_manifest_and_scheduler_log_confirmed,JUNCTIONS/hf_JUNCTIONS_job148.root
JUNCTIONS,149,0,131000150,accepted,accepted_manifest_and_scheduler_log_confirmed,JUNCTIONS/hf_JUNCTIONS_job149.root
JUNCTIONS,150,0,131000151,accepted,accepted_manifest_and_scheduler_log_confirmed,JUNCTIONS/hf_JUNCTIONS_job150.root
JUNCTIONS,151,0,131000152,accepted,accepted_manifest_and_scheduler_log_confirmed,JUNCTIONS/hf_JUNCTIONS_job151.root
JUNCTIONS,152,0,131000153,accepted,accepted_manifest_and_scheduler_log_confirmed,JUNCTIONS/hf_JUNCTIONS_job152.root
JUNCTIONS,153,0,131000154,accepted,accepted_manifest_and_scheduler_log_confirmed,JUNCTIONS/hf_JUNCTIONS_job153.root
JUNCTIONS,154,0,131000155,accepted,accepted_manifest_and_scheduler_log_confirmed,JUNCTIONS/hf_JUNCTIONS_job154.root
JUNCTIONS,155,0,131000156,accepted,accepted_manifest_and_scheduler_log_confirmed,JUNCTIONS/hf_JUNCTIONS_job155.root
JUNCTIONS,156,0,131000157,accepted,accepted_manifest_and_scheduler_log_confirmed,JUNCTIONS/hf_JUNCTIONS_job156.root
JUNCTIONS,157,0,131000158,accepted,accepted_manifest_and_scheduler_log_confirmed,JUNCTIONS/hf_JUNCTIONS_job157.root
JUNCTIONS,158,0,131000159,accepted,accepted_manifest_and_scheduler_log_confirmed,JUNCTIONS/hf_JUNCTIONS_job158.root
JUNCTIONS,159,0,131000160,accepted,accepted_manifest_and_scheduler_log_confirmed,JUNCTIONS/hf_JUNCTIONS_job159.root
JUNCTIONS,160,0,131000161,accepted,accepted_manifest_and_scheduler_log_confirmed,JUNCTIONS/hf_JUNCTIONS_job160.root
JUNCTIONS,161,0,131000162,accepted,accepted_manifest_and_scheduler_log_confirmed,JUNCTIONS/hf_JUNCTIONS_job161.root
JUNCTIONS,162,0,131000163,accepted,accepted_manifest_and_scheduler_log_confirmed,JUNCTIONS/hf_JUNCTIONS_job162.root
JUNCTIONS,163,0,131000164,accepted,accepted_manifest_and_scheduler_log_confirmed,JUNCTIONS/hf_JUNCTIONS_job163.root
JUNCTIONS,164,0,131000165,accepted,accepted_manifest_and_scheduler_log_confirmed,JUNCTIONS/hf_JUNCTIONS_job164.root
JUNCTIONS,165,0,131000166,accepted,accepted_manifest_and_scheduler_log_confirmed,JUNCTIONS/hf_JUNCTIONS_job165.root
JUNCTIONS,166,0,131000167,accepted,accepted_manifest_and_scheduler_log_confirmed,JUNCTIONS/hf_JUNCTIONS_job166.root
JUNCTIONS,167,0,131000168,accepted,accepted_manifest_and_scheduler_log_confirmed,JUNCTIONS/hf_JUNCTIONS_job167.root
JUNCTIONS,168,0,131000169,accepted,accepted_manifest_and_scheduler_log_confirmed,JUNCTIONS/hf_JUNCTIONS_job168.root
JUNCTIONS,169,0,131000170,accepted,accepted_manifest_and_scheduler_log_confirmed,JUNCTIONS/hf_JUNCTIONS_job169.root
JUNCTIONS,170,0,131000171,accepted,accepted_manifest_and_scheduler_log_confirmed,JUNCTIONS/hf_JUNCTIONS_job170.root
JUNCTIONS,171,0,131000172,accepted,accepted_manifest_and_scheduler_log_confirmed,JUNCTIONS/hf_JUNCTIONS_job171.root
JUNCTIONS,172,0,131000173,accepted,accepted_manifest_and_scheduler_log_confirmed,JUNCTIONS/hf_JUNCTIONS_job172.root
JUNCTIONS,173,0,131000174,accepted,accepted_manifest_and_scheduler_log_confirmed,JUNCTIONS/hf_JUNCTIONS_job173.root
JUNCTIONS,174,0,131000175,accepted,accepted_manifest_and_scheduler_log_confirmed,JUNCTIONS/hf_JUNCTIONS_job174.root
JUNCTIONS,175,0,131000176,discarded,scheduler_log_confirmed,
JUNCTIONS,175,1,131100176,accepted,accepted_manifest_and_scheduler_log_confirmed,JUNCTIONS/hf_JUNCTIONS_job175.root
JUNCTIONS,176,0,131000177,accepted,accepted_manifest_and_scheduler_log_confirmed,JUNCTIONS/hf_JUNCTIONS_job176.root
JUNCTIONS,177,0,131000178,accepted,accepted_manifest_and_scheduler_log_confirmed,JUNCTIONS/hf_JUNCTIONS_job177.root
JUNCTIONS,178,0,131000179,accepted,accepted_manifest_and_scheduler_log_confirmed,JUNCTIONS/hf_JUNCTIONS_job178.root
JUNCTIONS,179,0,131000180,accepted,accepted_manifest_and_scheduler_log_confirmed,JUNCTIONS/hf_JUNCTIONS_job179.root
JUNCTIONS,180,0,131000181,accepted,accepted_manifest_and_scheduler_log_confirmed,JUNCTIONS/hf_JUNCTIONS_job180.root
JUNCTIONS,181,0,131000182,accepted,accepted_manifest_and_scheduler_log_confirmed,JUNCTIONS/hf_JUNCTIONS_job181.root
JUNCTIONS,182,0,131000183,accepted,accepted_manifest_and_scheduler_log_confirmed,JUNCTIONS/hf_JUNCTIONS_job182.root
JUNCTIONS,183,0,131000184,accepted,accepted_manifest_and_scheduler_log_confirmed,JUNCTIONS/hf_JUNCTIONS_job183.root
JUNCTIONS,184,0,131000185,accepted,accepted_manifest_and_scheduler_log_confirmed,JUNCTIONS/hf_JUNCTIONS_job184.root
JUNCTIONS,185,0,131000186,accepted,accepted_manifest_and_scheduler_log_confirmed,JUNCTIONS/hf_JUNCTIONS_job185.root
JUNCTIONS,186,0,131000187,accepted,accepted_manifest_and_scheduler_log_confirmed,JUNCTIONS/hf_JUNCTIONS_job186.root
JUNCTIONS,187,0,131000188,accepted,accepted_manifest_and_scheduler_log_confirmed,JUNCTIONS/hf_JUNCTIONS_job187.root
JUNCTIONS,188,0,131000189,accepted,accepted_manifest_and_scheduler_log_confirmed,JUNCTIONS/hf_JUNCTIONS_job188.root
JUNCTIONS,189,0,131000190,accepted,accepted_manifest_and_scheduler_log_confirmed,JUNCTIONS/hf_JUNCTIONS_job189.root
JUNCTIONS,190,0,131000191,accepted,accepted_manifest_and_scheduler_log_confirmed,JUNCTIONS/hf_JUNCTIONS_job190.root
JUNCTIONS,191,0,131000192,accepted,accepted_manifest_and_scheduler_log_confirmed,JUNCTIONS/hf_JUNCTIONS_job191.root
JUNCTIONS,192,0,131000193,accepted,accepted_manifest_and_scheduler_log_confirmed,JUNCTIONS/hf_JUNCTIONS_job192.root
JUNCTIONS,193,0,131000194,accepted,accepted_manifest_and_scheduler_log_confirmed,JUNCTIONS/hf_JUNCTIONS_job193.root
JUNCTIONS,194,0,131000195,discarded,scheduler_log_confirmed,
JUNCTIONS,194,1,131100195,accepted,accepted_manifest_and_scheduler_log_confirmed,JUNCTIONS/hf_JUNCTIONS_job194.root
JUNCTIONS,195,0,131000196,accepted,accepted_manifest_and_scheduler_log_confirmed,JUNCTIONS/hf_JUNCTIONS_job195.root
JUNCTIONS,196,0,131000197,accepted,accepted_manifest_and_scheduler_log_confirmed,JUNCTIONS/hf_JUNCTIONS_job196.root
JUNCTIONS,197,0,131000198,discarded,scheduler_log_confirmed,
JUNCTIONS,197,1,131100198,accepted,accepted_manifest_and_scheduler_log_confirmed,JUNCTIONS/hf_JUNCTIONS_job197.root
JUNCTIONS,198,0,131000199,accepted,accepted_manifest_and_scheduler_log_confirmed,JUNCTIONS/hf_JUNCTIONS_job198.root
JUNCTIONS,199,0,131000200,accepted,accepted_manifest_and_scheduler_log_confirmed,JUNCTIONS/hf_JUNCTIONS_job199.root
JUNCTIONS,200,0,131000201,accepted,accepted_manifest_and_scheduler_log_confirmed,JUNCTIONS/hf_JUNCTIONS_job200.root
JUNCTIONS,201,0,131000202,accepted,accepted_manifest_and_scheduler_log_confirmed,JUNCTIONS/hf_JUNCTIONS_job201.root
JUNCTIONS,202,0,131000203,accepted,accepted_manifest_and_scheduler_log_confirmed,JUNCTIONS/hf_JUNCTIONS_job202.root
JUNCTIONS,203,0,131000204,accepted,accepted_manifest_and_scheduler_log_confirmed,JUNCTIONS/hf_JUNCTIONS_job203.root
JUNCTIONS,204,0,131000205,discarded,scheduler_log_confirmed,
JUNCTIONS,204,1,131100205,accepted,accepted_manifest_and_scheduler_log_confirmed,JUNCTIONS/hf_JUNCTIONS_job204.root
JUNCTIONS,205,0,131000206,accepted,accepted_manifest_and_scheduler_log_confirmed,JUNCTIONS/hf_JUNCTIONS_job205.root
JUNCTIONS,206,0,131000207,accepted,accepted_manifest_and_scheduler_log_confirmed,JUNCTIONS/hf_JUNCTIONS_job206.root
JUNCTIONS,207,0,131000208,accepted,accepted_manifest_and_scheduler_log_confirmed,JUNCTIONS/hf_JUNCTIONS_job207.root
JUNCTIONS,208,0,131000209,accepted,accepted_manifest_and_scheduler_log_confirmed,JUNCTIONS/hf_JUNCTIONS_job208.root
JUNCTIONS,209,0,131000210,accepted,accepted_manifest_and_scheduler_log_confirmed,JUNCTIONS/hf_JUNCTIONS_job209.root
JUNCTIONS,210,0,131000211,accepted,accepted_manifest_and_scheduler_log_confirmed,JUNCTIONS/hf_JUNCTIONS_job210.root
JUNCTIONS,211,0,131000212,accepted,accepted_manifest_and_scheduler_log_confirmed,JUNCTIONS/hf_JUNCTIONS_job211.root
JUNCTIONS,212,0,131000213,accepted,accepted_manifest_and_scheduler_log_confirmed,JUNCTIONS/hf_JUNCTIONS_job212.root
JUNCTIONS,213,0,131000214,accepted,accepted_manifest_and_scheduler_log_confirmed,JUNCTIONS/hf_JUNCTIONS_job213.root
JUNCTIONS,214,0,131000215,accepted,accepted_manifest_and_scheduler_log_confirmed,JUNCTIONS/hf_JUNCTIONS_job214.root
JUNCTIONS,215,0,131000216,accepted,accepted_manifest_and_scheduler_log_confirmed,JUNCTIONS/hf_JUNCTIONS_job215.root
JUNCTIONS,216,0,131000217,accepted,accepted_manifest_and_scheduler_log_confirmed,JUNCTIONS/hf_JUNCTIONS_job216.root
JUNCTIONS,217,0,131000218,accepted,accepted_manifest_and_scheduler_log_confirmed,JUNCTIONS/hf_JUNCTIONS_job217.root
JUNCTIONS,218,0,131000219,accepted,accepted_manifest_and_scheduler_log_confirmed,JUNCTIONS/hf_JUNCTIONS_job218.root
JUNCTIONS,219,0,131000220,accepted,accepted_manifest_and_scheduler_log_confirmed,JUNCTIONS/hf_JUNCTIONS_job219.root
JUNCTIONS,220,0,131000221,accepted,accepted_manifest_and_scheduler_log_confirmed,JUNCTIONS/hf_JUNCTIONS_job220.root
JUNCTIONS,221,0,131000222,accepted,accepted_manifest_and_scheduler_log_confirmed,JUNCTIONS/hf_JUNCTIONS_job221.root
JUNCTIONS,222,0,131000223,accepted,accepted_manifest_and_scheduler_log_confirmed,JUNCTIONS/hf_JUNCTIONS_job222.root
JUNCTIONS,223,0,131000224,accepted,accepted_manifest_and_scheduler_log_confirmed,JUNCTIONS/hf_JUNCTIONS_job223.root
JUNCTIONS,224,0,131000225,discarded,scheduler_log_confirmed,
JUNCTIONS,224,1,131100225,accepted,accepted_manifest_and_scheduler_log_confirmed,JUNCTIONS/hf_JUNCTIONS_job224.root
JUNCTIONS,225,0,131000226,accepted,accepted_manifest_and_scheduler_log_confirmed,JUNCTIONS/hf_JUNCTIONS_job225.root
JUNCTIONS,226,0,131000227,accepted,accepted_manifest_and_scheduler_log_confirmed,JUNCTIONS/hf_JUNCTIONS_job226.root
JUNCTIONS,227,0,131000228,accepted,accepted_manifest_and_scheduler_log_confirmed,JUNCTIONS/hf_JUNCTIONS_job227.root
JUNCTIONS,228,0,131000229,accepted,accepted_manifest_and_scheduler_log_confirmed,JUNCTIONS/hf_JUNCTIONS_job228.root
JUNCTIONS,229,0,131000230,accepted,accepted_manifest_and_scheduler_log_confirmed,JUNCTIONS/hf_JUNCTIONS_job229.root
JUNCTIONS,230,0,131000231,accepted,accepted_manifest_and_scheduler_log_confirmed,JUNCTIONS/hf_JUNCTIONS_job230.root
JUNCTIONS,231,0,131000232,accepted,accepted_manifest_and_scheduler_log_confirmed,JUNCTIONS/hf_JUNCTIONS_job231.root
JUNCTIONS,232,0,131000233,accepted,accepted_manifest_and_scheduler_log_confirmed,JUNCTIONS/hf_JUNCTIONS_job232.root
JUNCTIONS,233,0,131000234,accepted,accepted_manifest_and_scheduler_log_confirmed,JUNCTIONS/hf_JUNCTIONS_job233.root
JUNCTIONS,234,0,131000235,accepted,accepted_manifest_and_scheduler_log_confirmed,JUNCTIONS/hf_JUNCTIONS_job234.root
JUNCTIONS,235,0,131000236,accepted,accepted_manifest_and_scheduler_log_confirmed,JUNCTIONS/hf_JUNCTIONS_job235.root
JUNCTIONS,236,0,131000237,discarded,scheduler_log_confirmed,
JUNCTIONS,236,1,131100237,accepted,accepted_manifest_and_scheduler_log_confirmed,JUNCTIONS/hf_JUNCTIONS_job236.root
JUNCTIONS,237,0,131000238,accepted,accepted_manifest_and_scheduler_log_confirmed,JUNCTIONS/hf_JUNCTIONS_job237.root
JUNCTIONS,238,0,131000239,accepted,accepted_manifest_and_scheduler_log_confirmed,JUNCTIONS/hf_JUNCTIONS_job238.root
JUNCTIONS,239,0,131000240,discarded,scheduler_log_confirmed,
JUNCTIONS,239,1,131100240,discarded,scheduler_log_confirmed,
JUNCTIONS,239,2,131200240,discarded,scheduler_log_confirmed,
JUNCTIONS,239,3,131300240,accepted,accepted_manifest_and_scheduler_log_confirmed,JUNCTIONS/hf_JUNCTIONS_job239.root
JUNCTIONS,240,0,131000241,accepted,accepted_manifest_and_scheduler_log_confirmed,JUNCTIONS/hf_JUNCTIONS_job240.root
JUNCTIONS,241,0,131000242,accepted,accepted_manifest_and_scheduler_log_confirmed,JUNCTIONS/hf_JUNCTIONS_job241.root
JUNCTIONS,242,0,131000243,accepted,accepted_manifest_and_scheduler_log_confirmed,JUNCTIONS/hf_JUNCTIONS_job242.root
JUNCTIONS,243,0,131000244,accepted,accepted_manifest_and_scheduler_log_confirmed,JUNCTIONS/hf_JUNCTIONS_job243.root
JUNCTIONS,244,0,131000245,accepted,accepted_manifest_and_scheduler_log_confirmed,JUNCTIONS/hf_JUNCTIONS_job244.root
JUNCTIONS,245,0,131000246,accepted,accepted_manifest_and_scheduler_log_confirmed,JUNCTIONS/hf_JUNCTIONS_job245.root
JUNCTIONS,246,0,131000247,accepted,accepted_manifest_and_scheduler_log_confirmed,JUNCTIONS/hf_JUNCTIONS_job246.root
JUNCTIONS,247,0,131000248,accepted,accepted_manifest_and_scheduler_log_confirmed,JUNCTIONS/hf_JUNCTIONS_job247.root
JUNCTIONS,248,0,131000249,accepted,accepted_manifest_and_scheduler_log_confirmed,JUNCTIONS/hf_JUNCTIONS_job248.root
JUNCTIONS,249,0,131000250,accepted,accepted_manifest_and_scheduler_log_confirmed,JUNCTIONS/hf_JUNCTIONS_job249.root
JUNCTIONS,250,0,131000251,accepted,accepted_manifest_and_scheduler_log_confirmed,JUNCTIONS/hf_JUNCTIONS_job250.root
JUNCTIONS,251,0,131000252,accepted,accepted_manifest_and_scheduler_log_confirmed,JUNCTIONS/hf_JUNCTIONS_job251.root
JUNCTIONS,252,0,131000253,accepted,accepted_manifest_and_scheduler_log_confirmed,JUNCTIONS/hf_JUNCTIONS_job252.root
JUNCTIONS,253,0,131000254,accepted,accepted_manifest_and_scheduler_log_confirmed,JUNCTIONS/hf_JUNCTIONS_job253.root
JUNCTIONS,254,0,131000255,accepted,accepted_manifest_and_scheduler_log_confirmed,JUNCTIONS/hf_JUNCTIONS_job254.root
JUNCTIONS,255,0,131000256,discarded,scheduler_log_confirmed,
JUNCTIONS,255,1,131100256,accepted,accepted_manifest_and_scheduler_log_confirmed,JUNCTIONS/hf_JUNCTIONS_job255.root
JUNCTIONS,256,0,131000257,accepted,accepted_manifest_and_scheduler_log_confirmed,JUNCTIONS/hf_JUNCTIONS_job256.root
JUNCTIONS,257,0,131000258,accepted,accepted_manifest_and_scheduler_log_confirmed,JUNCTIONS/hf_JUNCTIONS_job257.root
JUNCTIONS,258,0,131000259,accepted,accepted_manifest_and_scheduler_log_confirmed,JUNCTIONS/hf_JUNCTIONS_job258.root
JUNCTIONS,259,0,131000260,accepted,accepted_manifest_and_scheduler_log_confirmed,JUNCTIONS/hf_JUNCTIONS_job259.root
JUNCTIONS,260,0,131000261,accepted,accepted_manifest_and_scheduler_log_confirmed,JUNCTIONS/hf_JUNCTIONS_job260.root
JUNCTIONS,261,0,131000262,accepted,accepted_manifest_and_scheduler_log_confirmed,JUNCTIONS/hf_JUNCTIONS_job261.root
JUNCTIONS,262,0,131000263,accepted,accepted_manifest_and_scheduler_log_confirmed,JUNCTIONS/hf_JUNCTIONS_job262.root
JUNCTIONS,263,0,131000264,accepted,accepted_manifest_and_scheduler_log_confirmed,JUNCTIONS/hf_JUNCTIONS_job263.root
JUNCTIONS,264,0,131000265,accepted,accepted_manifest_and_scheduler_log_confirmed,JUNCTIONS/hf_JUNCTIONS_job264.root
JUNCTIONS,265,0,131000266,accepted,accepted_manifest_and_scheduler_log_confirmed,JUNCTIONS/hf_JUNCTIONS_job265.root
JUNCTIONS,266,0,131000267,accepted,accepted_manifest_and_scheduler_log_confirmed,JUNCTIONS/hf_JUNCTIONS_job266.root
JUNCTIONS,267,0,131000268,accepted,accepted_manifest_and_scheduler_log_confirmed,JUNCTIONS/hf_JUNCTIONS_job267.root
JUNCTIONS,268,0,131000269,accepted,accepted_manifest_and_scheduler_log_confirmed,JUNCTIONS/hf_JUNCTIONS_job268.root
JUNCTIONS,269,0,131000270,accepted,accepted_manifest_and_scheduler_log_confirmed,JUNCTIONS/hf_JUNCTIONS_job269.root
JUNCTIONS,270,0,131000271,accepted,accepted_manifest_and_scheduler_log_confirmed,JUNCTIONS/hf_JUNCTIONS_job270.root
JUNCTIONS,271,0,131000272,accepted,accepted_manifest_and_scheduler_log_confirmed,JUNCTIONS/hf_JUNCTIONS_job271.root
JUNCTIONS,272,0,131000273,accepted,accepted_manifest_and_scheduler_log_confirmed,JUNCTIONS/hf_JUNCTIONS_job272.root
JUNCTIONS,273,0,131000274,accepted,accepted_manifest_and_scheduler_log_confirmed,JUNCTIONS/hf_JUNCTIONS_job273.root
JUNCTIONS,274,0,131000275,accepted,accepted_manifest_and_scheduler_log_confirmed,JUNCTIONS/hf_JUNCTIONS_job274.root
JUNCTIONS,275,0,131000276,accepted,accepted_manifest_and_scheduler_log_confirmed,JUNCTIONS/hf_JUNCTIONS_job275.root
JUNCTIONS,276,0,131000277,accepted,accepted_manifest_and_scheduler_log_confirmed,JUNCTIONS/hf_JUNCTIONS_job276.root
JUNCTIONS,277,0,131000278,accepted,accepted_manifest_and_scheduler_log_confirmed,JUNCTIONS/hf_JUNCTIONS_job277.root
JUNCTIONS,278,0,131000279,accepted,accepted_manifest_and_scheduler_log_confirmed,JUNCTIONS/hf_JUNCTIONS_job278.root
JUNCTIONS,279,0,131000280,accepted,accepted_manifest_and_scheduler_log_confirmed,JUNCTIONS/hf_JUNCTIONS_job279.root
JUNCTIONS,280,0,131000281,accepted,accepted_manifest_and_scheduler_log_confirmed,JUNCTIONS/hf_JUNCTIONS_job280.root
JUNCTIONS,281,0,131000282,accepted,accepted_manifest_and_scheduler_log_confirmed,JUNCTIONS/hf_JUNCTIONS_job281.root
JUNCTIONS,282,0,131000283,accepted,accepted_manifest_and_scheduler_log_confirmed,JUNCTIONS/hf_JUNCTIONS_job282.root
JUNCTIONS,283,0,131000284,accepted,accepted_manifest_and_scheduler_log_confirmed,JUNCTIONS/hf_JUNCTIONS_job283.root
JUNCTIONS,284,0,131000285,accepted,accepted_manifest_and_scheduler_log_confirmed,JUNCTIONS/hf_JUNCTIONS_job284.root
JUNCTIONS,285,0,131000286,accepted,accepted_manifest_and_scheduler_log_confirmed,JUNCTIONS/hf_JUNCTIONS_job285.root
JUNCTIONS,286,0,131000287,accepted,accepted_manifest_and_scheduler_log_confirmed,JUNCTIONS/hf_JUNCTIONS_job286.root
JUNCTIONS,287,0,131000288,accepted,accepted_manifest_and_scheduler_log_confirmed,JUNCTIONS/hf_JUNCTIONS_job287.root
JUNCTIONS,288,0,131000289,accepted,accepted_manifest_and_scheduler_log_confirmed,JUNCTIONS/hf_JUNCTIONS_job288.root
JUNCTIONS,289,0,131000290,accepted,accepted_manifest_and_scheduler_log_confirmed,JUNCTIONS/hf_JUNCTIONS_job289.root
JUNCTIONS,290,0,131000291,accepted,accepted_manifest_and_scheduler_log_confirmed,JUNCTIONS/hf_JUNCTIONS_job290.root
JUNCTIONS,291,0,131000292,discarded,scheduler_log_confirmed,
JUNCTIONS,291,1,131100292,accepted,accepted_manifest_and_scheduler_log_confirmed,JUNCTIONS/hf_JUNCTIONS_job291.root
JUNCTIONS,292,0,131000293,accepted,accepted_manifest_and_scheduler_log_confirmed,JUNCTIONS/hf_JUNCTIONS_job292.root
JUNCTIONS,293,0,131000294,accepted,accepted_manifest_and_scheduler_log_confirmed,JUNCTIONS/hf_JUNCTIONS_job293.root
JUNCTIONS,294,0,131000295,accepted,accepted_manifest_and_scheduler_log_confirmed,JUNCTIONS/hf_JUNCTIONS_job294.root
JUNCTIONS,295,0,131000296,accepted,accepted_manifest_and_scheduler_log_confirmed,JUNCTIONS/hf_JUNCTIONS_job295.root
JUNCTIONS,296,0,131000297,accepted,accepted_manifest_and_scheduler_log_confirmed,JUNCTIONS/hf_JUNCTIONS_job296.root
JUNCTIONS,297,0,131000298,accepted,accepted_manifest_and_scheduler_log_confirmed,JUNCTIONS/hf_JUNCTIONS_job297.root
JUNCTIONS,298,0,131000299,accepted,accepted_manifest_and_scheduler_log_confirmed,JUNCTIONS/hf_JUNCTIONS_job298.root
JUNCTIONS,299,0,131000300,accepted,accepted_manifest_and_scheduler_log_confirmed,JUNCTIONS/hf_JUNCTIONS_job299.root
JUNCTIONS,300,0,131000301,accepted,accepted_manifest_and_scheduler_log_confirmed,JUNCTIONS/hf_JUNCTIONS_job300.root
JUNCTIONS,301,0,131000302,accepted,accepted_manifest_and_scheduler_log_confirmed,JUNCTIONS/hf_JUNCTIONS_job301.root
JUNCTIONS,302,0,131000303,accepted,accepted_manifest_and_scheduler_log_confirmed,JUNCTIONS/hf_JUNCTIONS_job302.root
JUNCTIONS,303,0,131000304,accepted,accepted_manifest_and_scheduler_log_confirmed,JUNCTIONS/hf_JUNCTIONS_job303.root
JUNCTIONS,304,0,131000305,accepted,accepted_manifest_and_scheduler_log_confirmed,JUNCTIONS/hf_JUNCTIONS_job304.root
JUNCTIONS,305,0,131000306,accepted,accepted_manifest_and_scheduler_log_confirmed,JUNCTIONS/hf_JUNCTIONS_job305.root
JUNCTIONS,306,0,131000307,accepted,accepted_manifest_and_scheduler_log_confirmed,JUNCTIONS/hf_JUNCTIONS_job306.root
JUNCTIONS,307,0,131000308,accepted,accepted_manifest_and_scheduler_log_confirmed,JUNCTIONS/hf_JUNCTIONS_job307.root
JUNCTIONS,308,0,131000309,accepted,accepted_manifest_and_scheduler_log_confirmed,JUNCTIONS/hf_JUNCTIONS_job308.root
JUNCTIONS,309,0,131000310,accepted,accepted_manifest_and_scheduler_log_confirmed,JUNCTIONS/hf_JUNCTIONS_job309.root
JUNCTIONS,310,0,131000311,accepted,accepted_manifest_and_scheduler_log_confirmed,JUNCTIONS/hf_JUNCTIONS_job310.root
JUNCTIONS,311,0,131000312,accepted,accepted_manifest_and_scheduler_log_confirmed,JUNCTIONS/hf_JUNCTIONS_job311.root
JUNCTIONS,312,0,131000313,accepted,accepted_manifest_and_scheduler_log_confirmed,JUNCTIONS/hf_JUNCTIONS_job312.root
JUNCTIONS,313,0,131000314,accepted,accepted_manifest_and_scheduler_log_confirmed,JUNCTIONS/hf_JUNCTIONS_job313.root
JUNCTIONS,314,0,131000315,accepted,accepted_manifest_and_scheduler_log_confirmed,JUNCTIONS/hf_JUNCTIONS_job314.root
JUNCTIONS,315,0,131000316,accepted,accepted_manifest_and_scheduler_log_confirmed,JUNCTIONS/hf_JUNCTIONS_job315.root
JUNCTIONS,316,0,131000317,accepted,accepted_manifest_and_scheduler_log_confirmed,JUNCTIONS/hf_JUNCTIONS_job316.root
JUNCTIONS,317,0,131000318,discarded,scheduler_log_confirmed,
JUNCTIONS,317,1,131100318,accepted,accepted_manifest_and_scheduler_log_confirmed,JUNCTIONS/hf_JUNCTIONS_job317.root
JUNCTIONS,318,0,131000319,accepted,accepted_manifest_and_scheduler_log_confirmed,JUNCTIONS/hf_JUNCTIONS_job318.root
JUNCTIONS,319,0,131000320,accepted,accepted_manifest_and_scheduler_log_confirmed,JUNCTIONS/hf_JUNCTIONS_job319.root
JUNCTIONS,320,0,131000321,accepted,accepted_manifest_and_scheduler_log_confirmed,JUNCTIONS/hf_JUNCTIONS_job320.root
JUNCTIONS,321,0,131000322,accepted,accepted_manifest_and_scheduler_log_confirmed,JUNCTIONS/hf_JUNCTIONS_job321.root
JUNCTIONS,322,0,131000323,accepted,accepted_manifest_and_scheduler_log_confirmed,JUNCTIONS/hf_JUNCTIONS_job322.root
JUNCTIONS,323,0,131000324,accepted,accepted_manifest_and_scheduler_log_confirmed,JUNCTIONS/hf_JUNCTIONS_job323.root
JUNCTIONS,324,0,131000325,accepted,accepted_manifest_and_scheduler_log_confirmed,JUNCTIONS/hf_JUNCTIONS_job324.root
JUNCTIONS,325,0,131000326,accepted,accepted_manifest_and_scheduler_log_confirmed,JUNCTIONS/hf_JUNCTIONS_job325.root
JUNCTIONS,326,0,131000327,accepted,accepted_manifest_and_scheduler_log_confirmed,JUNCTIONS/hf_JUNCTIONS_job326.root
JUNCTIONS,327,0,131000328,accepted,accepted_manifest_and_scheduler_log_confirmed,JUNCTIONS/hf_JUNCTIONS_job327.root
JUNCTIONS,328,0,131000329,accepted,accepted_manifest_and_scheduler_log_confirmed,JUNCTIONS/hf_JUNCTIONS_job328.root
JUNCTIONS,329,0,131000330,accepted,accepted_manifest_and_scheduler_log_confirmed,JUNCTIONS/hf_JUNCTIONS_job329.root
JUNCTIONS,330,0,131000331,accepted,accepted_manifest_and_scheduler_log_confirmed,JUNCTIONS/hf_JUNCTIONS_job330.root
JUNCTIONS,331,0,131000332,accepted,accepted_manifest_and_scheduler_log_confirmed,JUNCTIONS/hf_JUNCTIONS_job331.root
JUNCTIONS,332,0,131000333,accepted,accepted_manifest_and_scheduler_log_confirmed,JUNCTIONS/hf_JUNCTIONS_job332.root
JUNCTIONS,333,0,131000334,accepted,accepted_manifest_and_scheduler_log_confirmed,JUNCTIONS/hf_JUNCTIONS_job333.root
JUNCTIONS,334,0,131000335,accepted,accepted_manifest_and_scheduler_log_confirmed,JUNCTIONS/hf_JUNCTIONS_job334.root
JUNCTIONS,335,0,131000336,accepted,accepted_manifest_and_scheduler_log_confirmed,JUNCTIONS/hf_JUNCTIONS_job335.root
JUNCTIONS,336,0,131000337,accepted,accepted_manifest_and_scheduler_log_confirmed,JUNCTIONS/hf_JUNCTIONS_job336.root
JUNCTIONS,337,0,131000338,accepted,accepted_manifest_and_scheduler_log_confirmed,JUNCTIONS/hf_JUNCTIONS_job337.root
JUNCTIONS,338,0,131000339,accepted,accepted_manifest_and_scheduler_log_confirmed,JUNCTIONS/hf_JUNCTIONS_job338.root
JUNCTIONS,339,0,131000340,accepted,accepted_manifest_and_scheduler_log_confirmed,JUNCTIONS/hf_JUNCTIONS_job339.root
JUNCTIONS,340,0,131000341,accepted,accepted_manifest_and_scheduler_log_confirmed,JUNCTIONS/hf_JUNCTIONS_job340.root
JUNCTIONS,341,0,131000342,accepted,accepted_manifest_and_scheduler_log_confirmed,JUNCTIONS/hf_JUNCTIONS_job341.root
JUNCTIONS,342,0,131000343,accepted,accepted_manifest_and_scheduler_log_confirmed,JUNCTIONS/hf_JUNCTIONS_job342.root
JUNCTIONS,343,0,131000344,accepted,accepted_manifest_and_scheduler_log_confirmed,JUNCTIONS/hf_JUNCTIONS_job343.root
JUNCTIONS,344,0,131000345,accepted,accepted_manifest_and_scheduler_log_confirmed,JUNCTIONS/hf_JUNCTIONS_job344.root
JUNCTIONS,345,0,131000346,accepted,accepted_manifest_and_scheduler_log_confirmed,JUNCTIONS/hf_JUNCTIONS_job345.root
JUNCTIONS,346,0,131000347,discarded,scheduler_log_confirmed,
JUNCTIONS,346,1,131100347,accepted,accepted_manifest_and_scheduler_log_confirmed,JUNCTIONS/hf_JUNCTIONS_job346.root
JUNCTIONS,347,0,131000348,accepted,accepted_manifest_and_scheduler_log_confirmed,JUNCTIONS/hf_JUNCTIONS_job347.root
JUNCTIONS,348,0,131000349,accepted,accepted_manifest_and_scheduler_log_confirmed,JUNCTIONS/hf_JUNCTIONS_job348.root
JUNCTIONS,349,0,131000350,discarded,scheduler_log_confirmed,
JUNCTIONS,349,1,131100350,accepted,accepted_manifest_and_scheduler_log_confirmed,JUNCTIONS/hf_JUNCTIONS_job349.root
JUNCTIONS,350,0,131000351,accepted,accepted_manifest_and_scheduler_log_confirmed,JUNCTIONS/hf_JUNCTIONS_job350.root
JUNCTIONS,351,0,131000352,accepted,accepted_manifest_and_scheduler_log_confirmed,JUNCTIONS/hf_JUNCTIONS_job351.root
JUNCTIONS,352,0,131000353,accepted,accepted_manifest_and_scheduler_log_confirmed,JUNCTIONS/hf_JUNCTIONS_job352.root
JUNCTIONS,353,0,131000354,accepted,accepted_manifest_and_scheduler_log_confirmed,JUNCTIONS/hf_JUNCTIONS_job353.root
JUNCTIONS,354,0,131000355,accepted,accepted_manifest_and_scheduler_log_confirmed,JUNCTIONS/hf_JUNCTIONS_job354.root
JUNCTIONS,355,0,131000356,accepted,accepted_manifest_and_scheduler_log_confirmed,JUNCTIONS/hf_JUNCTIONS_job355.root
JUNCTIONS,356,0,131000357,accepted,accepted_manifest_and_scheduler_log_confirmed,JUNCTIONS/hf_JUNCTIONS_job356.root
JUNCTIONS,357,0,131000358,discarded,scheduler_log_confirmed,
JUNCTIONS,357,1,131100358,accepted,accepted_manifest_and_scheduler_log_confirmed,JUNCTIONS/hf_JUNCTIONS_job357.root
JUNCTIONS,358,0,131000359,accepted,accepted_manifest_and_scheduler_log_confirmed,JUNCTIONS/hf_JUNCTIONS_job358.root
JUNCTIONS,359,0,131000360,accepted,accepted_manifest_and_scheduler_log_confirmed,JUNCTIONS/hf_JUNCTIONS_job359.root
JUNCTIONS,360,0,131000361,accepted,accepted_manifest_and_scheduler_log_confirmed,JUNCTIONS/hf_JUNCTIONS_job360.root
JUNCTIONS,361,0,131000362,accepted,accepted_manifest_and_scheduler_log_confirmed,JUNCTIONS/hf_JUNCTIONS_job361.root
JUNCTIONS,362,0,131000363,accepted,accepted_manifest_and_scheduler_log_confirmed,JUNCTIONS/hf_JUNCTIONS_job362.root
JUNCTIONS,363,0,131000364,accepted,accepted_manifest_and_scheduler_log_confirmed,JUNCTIONS/hf_JUNCTIONS_job363.root
JUNCTIONS,364,0,131000365,accepted,accepted_manifest_and_scheduler_log_confirmed,JUNCTIONS/hf_JUNCTIONS_job364.root
JUNCTIONS,365,0,131000366,accepted,accepted_manifest_and_scheduler_log_confirmed,JUNCTIONS/hf_JUNCTIONS_job365.root
JUNCTIONS,366,0,131000367,accepted,accepted_manifest_and_scheduler_log_confirmed,JUNCTIONS/hf_JUNCTIONS_job366.root
JUNCTIONS,367,0,131000368,accepted,accepted_manifest_and_scheduler_log_confirmed,JUNCTIONS/hf_JUNCTIONS_job367.root
JUNCTIONS,368,0,131000369,accepted,accepted_manifest_and_scheduler_log_confirmed,JUNCTIONS/hf_JUNCTIONS_job368.root
JUNCTIONS,369,0,131000370,accepted,accepted_manifest_and_scheduler_log_confirmed,JUNCTIONS/hf_JUNCTIONS_job369.root
JUNCTIONS,370,0,131000371,accepted,accepted_manifest_and_scheduler_log_confirmed,JUNCTIONS/hf_JUNCTIONS_job370.root
JUNCTIONS,371,0,131000372,accepted,accepted_manifest_and_scheduler_log_confirmed,JUNCTIONS/hf_JUNCTIONS_job371.root
JUNCTIONS,372,0,131000373,accepted,accepted_manifest_and_scheduler_log_confirmed,JUNCTIONS/hf_JUNCTIONS_job372.root
JUNCTIONS,373,0,131000374,accepted,accepted_manifest_and_scheduler_log_confirmed,JUNCTIONS/hf_JUNCTIONS_job373.root
JUNCTIONS,374,0,131000375,accepted,accepted_manifest_and_scheduler_log_confirmed,JUNCTIONS/hf_JUNCTIONS_job374.root
JUNCTIONS,375,0,131000376,accepted,accepted_manifest_and_scheduler_log_confirmed,JUNCTIONS/hf_JUNCTIONS_job375.root
JUNCTIONS,376,0,131000377,accepted,accepted_manifest_and_scheduler_log_confirmed,JUNCTIONS/hf_JUNCTIONS_job376.root
JUNCTIONS,377,0,131000378,accepted,accepted_manifest_and_scheduler_log_confirmed,JUNCTIONS/hf_JUNCTIONS_job377.root
JUNCTIONS,378,0,131000379,accepted,accepted_manifest_and_scheduler_log_confirmed,JUNCTIONS/hf_JUNCTIONS_job378.root
JUNCTIONS,379,0,131000380,accepted,accepted_manifest_and_scheduler_log_confirmed,JUNCTIONS/hf_JUNCTIONS_job379.root
JUNCTIONS,380,0,131000381,accepted,accepted_manifest_and_scheduler_log_confirmed,JUNCTIONS/hf_JUNCTIONS_job380.root
JUNCTIONS,381,0,131000382,discarded,scheduler_log_confirmed,
JUNCTIONS,381,1,131100382,accepted,accepted_manifest_and_scheduler_log_confirmed,JUNCTIONS/hf_JUNCTIONS_job381.root
JUNCTIONS,382,0,131000383,accepted,accepted_manifest_and_scheduler_log_confirmed,JUNCTIONS/hf_JUNCTIONS_job382.root
JUNCTIONS,383,0,131000384,accepted,accepted_manifest_and_scheduler_log_confirmed,JUNCTIONS/hf_JUNCTIONS_job383.root
JUNCTIONS,384,0,131000385,accepted,accepted_manifest_and_scheduler_log_confirmed,JUNCTIONS/hf_JUNCTIONS_job384.root
JUNCTIONS,385,0,131000386,accepted,accepted_manifest_and_scheduler_log_confirmed,JUNCTIONS/hf_JUNCTIONS_job385.root
JUNCTIONS,386,0,131000387,accepted,accepted_manifest_and_scheduler_log_confirmed,JUNCTIONS/hf_JUNCTIONS_job386.root
JUNCTIONS,387,0,131000388,accepted,accepted_manifest_and_scheduler_log_confirmed,JUNCTIONS/hf_JUNCTIONS_job387.root
JUNCTIONS,388,0,131000389,accepted,accepted_manifest_and_scheduler_log_confirmed,JUNCTIONS/hf_JUNCTIONS_job388.root
JUNCTIONS,389,0,131000390,accepted,accepted_manifest_and_scheduler_log_confirmed,JUNCTIONS/hf_JUNCTIONS_job389.root
JUNCTIONS,390,0,131000391,accepted,accepted_manifest_and_scheduler_log_confirmed,JUNCTIONS/hf_JUNCTIONS_job390.root
JUNCTIONS,391,0,131000392,accepted,accepted_manifest_and_scheduler_log_confirmed,JUNCTIONS/hf_JUNCTIONS_job391.root
JUNCTIONS,392,0,131000393,accepted,accepted_manifest_and_scheduler_log_confirmed,JUNCTIONS/hf_JUNCTIONS_job392.root
JUNCTIONS,393,0,131000394,accepted,accepted_manifest_and_scheduler_log_confirmed,JUNCTIONS/hf_JUNCTIONS_job393.root
JUNCTIONS,394,0,131000395,accepted,accepted_manifest_and_scheduler_log_confirmed,JUNCTIONS/hf_JUNCTIONS_job394.root
JUNCTIONS,395,0,131000396,accepted,accepted_manifest_and_scheduler_log_confirmed,JUNCTIONS/hf_JUNCTIONS_job395.root
JUNCTIONS,396,0,131000397,discarded,scheduler_log_confirmed,
JUNCTIONS,396,1,131100397,accepted,accepted_manifest_and_scheduler_log_confirmed,JUNCTIONS/hf_JUNCTIONS_job396.root
JUNCTIONS,397,0,131000398,accepted,accepted_manifest_and_scheduler_log_confirmed,JUNCTIONS/hf_JUNCTIONS_job397.root
JUNCTIONS,398,0,131000399,accepted,accepted_manifest_and_scheduler_log_confirmed,JUNCTIONS/hf_JUNCTIONS_job398.root
JUNCTIONS,399,0,131000400,accepted,accepted_manifest_and_scheduler_log_confirmed,JUNCTIONS/hf_JUNCTIONS_job399.root
JUNCTIONS,400,0,131000401,accepted,accepted_manifest_and_scheduler_log_confirmed,JUNCTIONS/hf_JUNCTIONS_job400.root
JUNCTIONS,401,0,131000402,accepted,accepted_manifest_and_scheduler_log_confirmed,JUNCTIONS/hf_JUNCTIONS_job401.root
JUNCTIONS,402,0,131000403,accepted,accepted_manifest_and_scheduler_log_confirmed,JUNCTIONS/hf_JUNCTIONS_job402.root
JUNCTIONS,403,0,131000404,accepted,accepted_manifest_and_scheduler_log_confirmed,JUNCTIONS/hf_JUNCTIONS_job403.root
JUNCTIONS,404,0,131000405,accepted,accepted_manifest_and_scheduler_log_confirmed,JUNCTIONS/hf_JUNCTIONS_job404.root
JUNCTIONS,405,0,131000406,discarded,scheduler_log_confirmed,
JUNCTIONS,405,1,131100406,accepted,accepted_manifest_and_scheduler_log_confirmed,JUNCTIONS/hf_JUNCTIONS_job405.root
JUNCTIONS,406,0,131000407,accepted,accepted_manifest_and_scheduler_log_confirmed,JUNCTIONS/hf_JUNCTIONS_job406.root
JUNCTIONS,407,0,131000408,accepted,accepted_manifest_and_scheduler_log_confirmed,JUNCTIONS/hf_JUNCTIONS_job407.root
JUNCTIONS,408,0,131000409,accepted,accepted_manifest_and_scheduler_log_confirmed,JUNCTIONS/hf_JUNCTIONS_job408.root
JUNCTIONS,409,0,131000410,accepted,accepted_manifest_and_scheduler_log_confirmed,JUNCTIONS/hf_JUNCTIONS_job409.root
JUNCTIONS,410,0,131000411,accepted,accepted_manifest_and_scheduler_log_confirmed,JUNCTIONS/hf_JUNCTIONS_job410.root
JUNCTIONS,411,0,131000412,accepted,accepted_manifest_and_scheduler_log_confirmed,JUNCTIONS/hf_JUNCTIONS_job411.root
JUNCTIONS,412,0,131000413,discarded,scheduler_log_confirmed,
JUNCTIONS,412,1,131100413,accepted,accepted_manifest_and_scheduler_log_confirmed,JUNCTIONS/hf_JUNCTIONS_job412.root
JUNCTIONS,413,0,131000414,accepted,accepted_manifest_and_scheduler_log_confirmed,JUNCTIONS/hf_JUNCTIONS_job413.root
JUNCTIONS,414,0,131000415,accepted,accepted_manifest_and_scheduler_log_confirmed,JUNCTIONS/hf_JUNCTIONS_job414.root
JUNCTIONS,415,0,131000416,accepted,accepted_manifest_and_scheduler_log_confirmed,JUNCTIONS/hf_JUNCTIONS_job415.root
JUNCTIONS,416,0,131000417,accepted,accepted_manifest_and_scheduler_log_confirmed,JUNCTIONS/hf_JUNCTIONS_job416.root
JUNCTIONS,417,0,131000418,accepted,accepted_manifest_and_scheduler_log_confirmed,JUNCTIONS/hf_JUNCTIONS_job417.root
JUNCTIONS,418,0,131000419,discarded,scheduler_log_confirmed,
JUNCTIONS,418,1,131100419,accepted,accepted_manifest_and_scheduler_log_confirmed,JUNCTIONS/hf_JUNCTIONS_job418.root
JUNCTIONS,419,0,131000420,accepted,accepted_manifest_and_scheduler_log_confirmed,JUNCTIONS/hf_JUNCTIONS_job419.root
JUNCTIONS,420,0,131000421,accepted,accepted_manifest_and_scheduler_log_confirmed,JUNCTIONS/hf_JUNCTIONS_job420.root
JUNCTIONS,421,0,131000422,accepted,accepted_manifest_and_scheduler_log_confirmed,JUNCTIONS/hf_JUNCTIONS_job421.root
JUNCTIONS,422,0,131000423,accepted,accepted_manifest_and_scheduler_log_confirmed,JUNCTIONS/hf_JUNCTIONS_job422.root
JUNCTIONS,423,0,131000424,accepted,accepted_manifest_and_scheduler_log_confirmed,JUNCTIONS/hf_JUNCTIONS_job423.root
JUNCTIONS,424,0,131000425,accepted,accepted_manifest_and_scheduler_log_confirmed,JUNCTIONS/hf_JUNCTIONS_job424.root
JUNCTIONS,425,0,131000426,accepted,accepted_manifest_and_scheduler_log_confirmed,JUNCTIONS/hf_JUNCTIONS_job425.root
JUNCTIONS,426,0,131000427,accepted,accepted_manifest_and_scheduler_log_confirmed,JUNCTIONS/hf_JUNCTIONS_job426.root
JUNCTIONS,427,0,131000428,accepted,accepted_manifest_and_scheduler_log_confirmed,JUNCTIONS/hf_JUNCTIONS_job427.root
JUNCTIONS,428,0,131000429,accepted,accepted_manifest_and_scheduler_log_confirmed,JUNCTIONS/hf_JUNCTIONS_job428.root
JUNCTIONS,429,0,131000430,accepted,accepted_manifest_and_scheduler_log_confirmed,JUNCTIONS/hf_JUNCTIONS_job429.root
JUNCTIONS,430,0,131000431,accepted,accepted_manifest_and_scheduler_log_confirmed,JUNCTIONS/hf_JUNCTIONS_job430.root
JUNCTIONS,431,0,131000432,accepted,accepted_manifest_and_scheduler_log_confirmed,JUNCTIONS/hf_JUNCTIONS_job431.root
JUNCTIONS,432,0,131000433,accepted,accepted_manifest_and_scheduler_log_confirmed,JUNCTIONS/hf_JUNCTIONS_job432.root
JUNCTIONS,433,0,131000434,accepted,accepted_manifest_and_scheduler_log_confirmed,JUNCTIONS/hf_JUNCTIONS_job433.root
JUNCTIONS,434,0,131000435,accepted,accepted_manifest_and_scheduler_log_confirmed,JUNCTIONS/hf_JUNCTIONS_job434.root
JUNCTIONS,435,0,131000436,accepted,accepted_manifest_and_scheduler_log_confirmed,JUNCTIONS/hf_JUNCTIONS_job435.root
JUNCTIONS,436,0,131000437,accepted,accepted_manifest_and_scheduler_log_confirmed,JUNCTIONS/hf_JUNCTIONS_job436.root
JUNCTIONS,437,0,131000438,accepted,accepted_manifest_and_scheduler_log_confirmed,JUNCTIONS/hf_JUNCTIONS_job437.root
JUNCTIONS,438,0,131000439,accepted,accepted_manifest_and_scheduler_log_confirmed,JUNCTIONS/hf_JUNCTIONS_job438.root
JUNCTIONS,439,0,131000440,accepted,accepted_manifest_and_scheduler_log_confirmed,JUNCTIONS/hf_JUNCTIONS_job439.root
JUNCTIONS,440,0,131000441,accepted,accepted_manifest_and_scheduler_log_confirmed,JUNCTIONS/hf_JUNCTIONS_job440.root
JUNCTIONS,441,0,131000442,accepted,accepted_manifest_and_scheduler_log_confirmed,JUNCTIONS/hf_JUNCTIONS_job441.root
JUNCTIONS,442,0,131000443,accepted,accepted_manifest_and_scheduler_log_confirmed,JUNCTIONS/hf_JUNCTIONS_job442.root
JUNCTIONS,443,0,131000444,accepted,accepted_manifest_and_scheduler_log_confirmed,JUNCTIONS/hf_JUNCTIONS_job443.root
JUNCTIONS,444,0,131000445,accepted,accepted_manifest_and_scheduler_log_confirmed,JUNCTIONS/hf_JUNCTIONS_job444.root
JUNCTIONS,445,0,131000446,accepted,accepted_manifest_and_scheduler_log_confirmed,JUNCTIONS/hf_JUNCTIONS_job445.root
JUNCTIONS,446,0,131000447,accepted,accepted_manifest_and_scheduler_log_confirmed,JUNCTIONS/hf_JUNCTIONS_job446.root
JUNCTIONS,447,0,131000448,accepted,accepted_manifest_and_scheduler_log_confirmed,JUNCTIONS/hf_JUNCTIONS_job447.root
JUNCTIONS,448,0,131000449,accepted,accepted_manifest_and_scheduler_log_confirmed,JUNCTIONS/hf_JUNCTIONS_job448.root
JUNCTIONS,449,0,131000450,accepted,accepted_manifest_and_scheduler_log_confirmed,JUNCTIONS/hf_JUNCTIONS_job449.root
JUNCTIONS,450,0,131000451,accepted,accepted_manifest_and_scheduler_log_confirmed,JUNCTIONS/hf_JUNCTIONS_job450.root
JUNCTIONS,451,0,131000452,accepted,accepted_manifest_and_scheduler_log_confirmed,JUNCTIONS/hf_JUNCTIONS_job451.root
JUNCTIONS,452,0,131000453,accepted,accepted_manifest_and_scheduler_log_confirmed,JUNCTIONS/hf_JUNCTIONS_job452.root
JUNCTIONS,453,0,131000454,accepted,accepted_manifest_and_scheduler_log_confirmed,JUNCTIONS/hf_JUNCTIONS_job453.root
JUNCTIONS,454,0,131000455,accepted,accepted_manifest_and_scheduler_log_confirmed,JUNCTIONS/hf_JUNCTIONS_job454.root
JUNCTIONS,455,0,131000456,accepted,accepted_manifest_and_scheduler_log_confirmed,JUNCTIONS/hf_JUNCTIONS_job455.root
JUNCTIONS,456,0,131000457,accepted,accepted_manifest_and_scheduler_log_confirmed,JUNCTIONS/hf_JUNCTIONS_job456.root
JUNCTIONS,457,0,131000458,accepted,accepted_manifest_and_scheduler_log_confirmed,JUNCTIONS/hf_JUNCTIONS_job457.root
JUNCTIONS,458,0,131000459,accepted,accepted_manifest_and_scheduler_log_confirmed,JUNCTIONS/hf_JUNCTIONS_job458.root
JUNCTIONS,459,0,131000460,discarded,scheduler_log_confirmed,
JUNCTIONS,459,1,131100460,accepted,accepted_manifest_and_scheduler_log_confirmed,JUNCTIONS/hf_JUNCTIONS_job459.root
JUNCTIONS,460,0,131000461,accepted,accepted_manifest_and_scheduler_log_confirmed,JUNCTIONS/hf_JUNCTIONS_job460.root
JUNCTIONS,461,0,131000462,accepted,accepted_manifest_and_scheduler_log_confirmed,JUNCTIONS/hf_JUNCTIONS_job461.root
JUNCTIONS,462,0,131000463,accepted,accepted_manifest_and_scheduler_log_confirmed,JUNCTIONS/hf_JUNCTIONS_job462.root
JUNCTIONS,463,0,131000464,accepted,accepted_manifest_and_scheduler_log_confirmed,JUNCTIONS/hf_JUNCTIONS_job463.root
JUNCTIONS,464,0,131000465,accepted,accepted_manifest_and_scheduler_log_confirmed,JUNCTIONS/hf_JUNCTIONS_job464.root
JUNCTIONS,465,0,131000466,accepted,accepted_manifest_and_scheduler_log_confirmed,JUNCTIONS/hf_JUNCTIONS_job465.root
JUNCTIONS,466,0,131000467,accepted,accepted_manifest_and_scheduler_log_confirmed,JUNCTIONS/hf_JUNCTIONS_job466.root
JUNCTIONS,467,0,131000468,accepted,accepted_manifest_and_scheduler_log_confirmed,JUNCTIONS/hf_JUNCTIONS_job467.root
JUNCTIONS,468,0,131000469,accepted,accepted_manifest_and_scheduler_log_confirmed,JUNCTIONS/hf_JUNCTIONS_job468.root
JUNCTIONS,469,0,131000470,accepted,accepted_manifest_and_scheduler_log_confirmed,JUNCTIONS/hf_JUNCTIONS_job469.root
JUNCTIONS,470,0,131000471,accepted,accepted_manifest_and_scheduler_log_confirmed,JUNCTIONS/hf_JUNCTIONS_job470.root
JUNCTIONS,471,0,131000472,accepted,accepted_manifest_and_scheduler_log_confirmed,JUNCTIONS/hf_JUNCTIONS_job471.root
JUNCTIONS,472,0,131000473,accepted,accepted_manifest_and_scheduler_log_confirmed,JUNCTIONS/hf_JUNCTIONS_job472.root
JUNCTIONS,473,0,131000474,accepted,accepted_manifest_and_scheduler_log_confirmed,JUNCTIONS/hf_JUNCTIONS_job473.root
JUNCTIONS,474,0,131000475,accepted,accepted_manifest_and_scheduler_log_confirmed,JUNCTIONS/hf_JUNCTIONS_job474.root
JUNCTIONS,475,0,131000476,accepted,accepted_manifest_and_scheduler_log_confirmed,JUNCTIONS/hf_JUNCTIONS_job475.root
JUNCTIONS,476,0,131000477,discarded,scheduler_log_confirmed,
JUNCTIONS,476,1,131100477,accepted,accepted_manifest_and_scheduler_log_confirmed,JUNCTIONS/hf_JUNCTIONS_job476.root
JUNCTIONS,477,0,131000478,accepted,accepted_manifest_and_scheduler_log_confirmed,JUNCTIONS/hf_JUNCTIONS_job477.root
JUNCTIONS,478,0,131000479,accepted,accepted_manifest_and_scheduler_log_confirmed,JUNCTIONS/hf_JUNCTIONS_job478.root
JUNCTIONS,479,0,131000480,accepted,accepted_manifest_and_scheduler_log_confirmed,JUNCTIONS/hf_JUNCTIONS_job479.root
JUNCTIONS,480,0,131000481,discarded,scheduler_log_confirmed,
JUNCTIONS,480,1,131100481,accepted,accepted_manifest_and_scheduler_log_confirmed,JUNCTIONS/hf_JUNCTIONS_job480.root
JUNCTIONS,481,0,131000482,accepted,accepted_manifest_and_scheduler_log_confirmed,JUNCTIONS/hf_JUNCTIONS_job481.root
JUNCTIONS,482,0,131000483,accepted,accepted_manifest_and_scheduler_log_confirmed,JUNCTIONS/hf_JUNCTIONS_job482.root
JUNCTIONS,483,0,131000484,accepted,accepted_manifest_and_scheduler_log_confirmed,JUNCTIONS/hf_JUNCTIONS_job483.root
JUNCTIONS,484,0,131000485,accepted,accepted_manifest_and_scheduler_log_confirmed,JUNCTIONS/hf_JUNCTIONS_job484.root
JUNCTIONS,485,0,131000486,accepted,accepted_manifest_and_scheduler_log_confirmed,JUNCTIONS/hf_JUNCTIONS_job485.root
JUNCTIONS,486,0,131000487,accepted,accepted_manifest_and_scheduler_log_confirmed,JUNCTIONS/hf_JUNCTIONS_job486.root
JUNCTIONS,487,0,131000488,accepted,accepted_manifest_and_scheduler_log_confirmed,JUNCTIONS/hf_JUNCTIONS_job487.root
JUNCTIONS,488,0,131000489,accepted,accepted_manifest_and_scheduler_log_confirmed,JUNCTIONS/hf_JUNCTIONS_job488.root
JUNCTIONS,489,0,131000490,accepted,accepted_manifest_and_scheduler_log_confirmed,JUNCTIONS/hf_JUNCTIONS_job489.root
JUNCTIONS,490,0,131000491,accepted,accepted_manifest_and_scheduler_log_confirmed,JUNCTIONS/hf_JUNCTIONS_job490.root
JUNCTIONS,491,0,131000492,accepted,accepted_manifest_and_scheduler_log_confirmed,JUNCTIONS/hf_JUNCTIONS_job491.root
JUNCTIONS,492,0,131000493,accepted,accepted_manifest_and_scheduler_log_confirmed,JUNCTIONS/hf_JUNCTIONS_job492.root
JUNCTIONS,493,0,131000494,accepted,accepted_manifest_and_scheduler_log_confirmed,JUNCTIONS/hf_JUNCTIONS_job493.root
JUNCTIONS,494,0,131000495,accepted,accepted_manifest_and_scheduler_log_confirmed,JUNCTIONS/hf_JUNCTIONS_job494.root
JUNCTIONS,495,0,131000496,accepted,accepted_manifest_and_scheduler_log_confirmed,JUNCTIONS/hf_JUNCTIONS_job495.root
JUNCTIONS,496,0,131000497,accepted,accepted_manifest_and_scheduler_log_confirmed,JUNCTIONS/hf_JUNCTIONS_job496.root
JUNCTIONS,497,0,131000498,accepted,accepted_manifest_and_scheduler_log_confirmed,JUNCTIONS/hf_JUNCTIONS_job497.root
JUNCTIONS,498,0,131000499,accepted,accepted_manifest_and_scheduler_log_confirmed,JUNCTIONS/hf_JUNCTIONS_job498.root
JUNCTIONS,499,0,131000500,accepted,accepted_manifest_and_scheduler_log_confirmed,JUNCTIONS/hf_JUNCTIONS_job499.root
JUNCTIONS,500,0,131000501,accepted,accepted_manifest_and_scheduler_log_confirmed,JUNCTIONS/hf_JUNCTIONS_job500.root
JUNCTIONS,501,0,131000502,accepted,accepted_manifest_and_scheduler_log_confirmed,JUNCTIONS/hf_JUNCTIONS_job501.root
JUNCTIONS,502,0,131000503,accepted,accepted_manifest_and_scheduler_log_confirmed,JUNCTIONS/hf_JUNCTIONS_job502.root
JUNCTIONS,503,0,131000504,accepted,accepted_manifest_and_scheduler_log_confirmed,JUNCTIONS/hf_JUNCTIONS_job503.root
JUNCTIONS,504,0,131000505,accepted,accepted_manifest_and_scheduler_log_confirmed,JUNCTIONS/hf_JUNCTIONS_job504.root
JUNCTIONS,505,0,131000506,discarded,scheduler_log_confirmed,
JUNCTIONS,505,1,131100506,accepted,accepted_manifest_and_scheduler_log_confirmed,JUNCTIONS/hf_JUNCTIONS_job505.root
JUNCTIONS,506,0,131000507,accepted,accepted_manifest_and_scheduler_log_confirmed,JUNCTIONS/hf_JUNCTIONS_job506.root
JUNCTIONS,507,0,131000508,accepted,accepted_manifest_and_scheduler_log_confirmed,JUNCTIONS/hf_JUNCTIONS_job507.root
JUNCTIONS,508,0,131000509,accepted,accepted_manifest_and_scheduler_log_confirmed,JUNCTIONS/hf_JUNCTIONS_job508.root
JUNCTIONS,509,0,131000510,accepted,accepted_manifest_and_scheduler_log_confirmed,JUNCTIONS/hf_JUNCTIONS_job509.root
JUNCTIONS,510,0,131000511,accepted,accepted_manifest_and_scheduler_log_confirmed,JUNCTIONS/hf_JUNCTIONS_job510.root
JUNCTIONS,511,0,131000512,accepted,accepted_manifest_and_scheduler_log_confirmed,JUNCTIONS/hf_JUNCTIONS_job511.root
JUNCTIONS,512,0,131000513,accepted,accepted_manifest_and_scheduler_log_confirmed,JUNCTIONS/hf_JUNCTIONS_job512.root
JUNCTIONS,513,0,131000514,accepted,accepted_manifest_and_scheduler_log_confirmed,JUNCTIONS/hf_JUNCTIONS_job513.root
JUNCTIONS,514,0,131000515,accepted,accepted_manifest_and_scheduler_log_confirmed,JUNCTIONS/hf_JUNCTIONS_job514.root
JUNCTIONS,515,0,131000516,accepted,accepted_manifest_and_scheduler_log_confirmed,JUNCTIONS/hf_JUNCTIONS_job515.root
JUNCTIONS,516,0,131000517,discarded,scheduler_log_confirmed,
JUNCTIONS,516,1,131100517,accepted,accepted_manifest_and_scheduler_log_confirmed,JUNCTIONS/hf_JUNCTIONS_job516.root
JUNCTIONS,517,0,131000518,accepted,accepted_manifest_and_scheduler_log_confirmed,JUNCTIONS/hf_JUNCTIONS_job517.root
JUNCTIONS,518,0,131000519,accepted,accepted_manifest_and_scheduler_log_confirmed,JUNCTIONS/hf_JUNCTIONS_job518.root
JUNCTIONS,519,0,131000520,accepted,accepted_manifest_and_scheduler_log_confirmed,JUNCTIONS/hf_JUNCTIONS_job519.root
JUNCTIONS,520,0,131000521,accepted,accepted_manifest_and_scheduler_log_confirmed,JUNCTIONS/hf_JUNCTIONS_job520.root
JUNCTIONS,521,0,131000522,accepted,accepted_manifest_and_scheduler_log_confirmed,JUNCTIONS/hf_JUNCTIONS_job521.root
JUNCTIONS,522,0,131000523,accepted,accepted_manifest_and_scheduler_log_confirmed,JUNCTIONS/hf_JUNCTIONS_job522.root
JUNCTIONS,523,0,131000524,accepted,accepted_manifest_and_scheduler_log_confirmed,JUNCTIONS/hf_JUNCTIONS_job523.root
JUNCTIONS,524,0,131000525,accepted,accepted_manifest_and_scheduler_log_confirmed,JUNCTIONS/hf_JUNCTIONS_job524.root
JUNCTIONS,525,0,131000526,accepted,accepted_manifest_and_scheduler_log_confirmed,JUNCTIONS/hf_JUNCTIONS_job525.root
JUNCTIONS,526,0,131000527,accepted,accepted_manifest_and_scheduler_log_confirmed,JUNCTIONS/hf_JUNCTIONS_job526.root
JUNCTIONS,527,0,131000528,accepted,accepted_manifest_and_scheduler_log_confirmed,JUNCTIONS/hf_JUNCTIONS_job527.root
JUNCTIONS,528,0,131000529,accepted,accepted_manifest_and_scheduler_log_confirmed,JUNCTIONS/hf_JUNCTIONS_job528.root
JUNCTIONS,529,0,131000530,accepted,accepted_manifest_and_scheduler_log_confirmed,JUNCTIONS/hf_JUNCTIONS_job529.root
JUNCTIONS,530,0,131000531,accepted,accepted_manifest_and_scheduler_log_confirmed,JUNCTIONS/hf_JUNCTIONS_job530.root
JUNCTIONS,531,0,131000532,accepted,accepted_manifest_and_scheduler_log_confirmed,JUNCTIONS/hf_JUNCTIONS_job531.root
JUNCTIONS,532,0,131000533,accepted,accepted_manifest_and_scheduler_log_confirmed,JUNCTIONS/hf_JUNCTIONS_job532.root
JUNCTIONS,533,0,131000534,accepted,accepted_manifest_and_scheduler_log_confirmed,JUNCTIONS/hf_JUNCTIONS_job533.root
JUNCTIONS,534,0,131000535,accepted,accepted_manifest_and_scheduler_log_confirmed,JUNCTIONS/hf_JUNCTIONS_job534.root
JUNCTIONS,535,0,131000536,discarded,scheduler_log_confirmed,
JUNCTIONS,535,1,131100536,discarded,scheduler_log_confirmed,
JUNCTIONS,535,2,131200536,accepted,accepted_manifest_and_scheduler_log_confirmed,JUNCTIONS/hf_JUNCTIONS_job535.root
JUNCTIONS,536,0,131000537,accepted,accepted_manifest_and_scheduler_log_confirmed,JUNCTIONS/hf_JUNCTIONS_job536.root
JUNCTIONS,537,0,131000538,accepted,accepted_manifest_and_scheduler_log_confirmed,JUNCTIONS/hf_JUNCTIONS_job537.root
JUNCTIONS,538,0,131000539,accepted,accepted_manifest_and_scheduler_log_confirmed,JUNCTIONS/hf_JUNCTIONS_job538.root
JUNCTIONS,539,0,131000540,discarded,scheduler_log_confirmed,
JUNCTIONS,539,1,131100540,accepted,accepted_manifest_and_scheduler_log_confirmed,JUNCTIONS/hf_JUNCTIONS_job539.root
JUNCTIONS,540,0,131000541,accepted,accepted_manifest_and_scheduler_log_confirmed,JUNCTIONS/hf_JUNCTIONS_job540.root
JUNCTIONS,541,0,131000542,accepted,accepted_manifest_and_scheduler_log_confirmed,JUNCTIONS/hf_JUNCTIONS_job541.root
JUNCTIONS,542,0,131000543,accepted,accepted_manifest_and_scheduler_log_confirmed,JUNCTIONS/hf_JUNCTIONS_job542.root
JUNCTIONS,543,0,131000544,accepted,accepted_manifest_and_scheduler_log_confirmed,JUNCTIONS/hf_JUNCTIONS_job543.root
JUNCTIONS,544,0,131000545,accepted,accepted_manifest_and_scheduler_log_confirmed,JUNCTIONS/hf_JUNCTIONS_job544.root
JUNCTIONS,545,0,131000546,accepted,accepted_manifest_and_scheduler_log_confirmed,JUNCTIONS/hf_JUNCTIONS_job545.root
JUNCTIONS,546,0,131000547,accepted,accepted_manifest_and_scheduler_log_confirmed,JUNCTIONS/hf_JUNCTIONS_job546.root
JUNCTIONS,547,0,131000548,accepted,accepted_manifest_and_scheduler_log_confirmed,JUNCTIONS/hf_JUNCTIONS_job547.root
JUNCTIONS,548,0,131000549,accepted,accepted_manifest_and_scheduler_log_confirmed,JUNCTIONS/hf_JUNCTIONS_job548.root
JUNCTIONS,549,0,131000550,accepted,accepted_manifest_and_scheduler_log_confirmed,JUNCTIONS/hf_JUNCTIONS_job549.root
JUNCTIONS,550,0,131000551,accepted,accepted_manifest_and_scheduler_log_confirmed,JUNCTIONS/hf_JUNCTIONS_job550.root
JUNCTIONS,551,0,131000552,accepted,accepted_manifest_and_scheduler_log_confirmed,JUNCTIONS/hf_JUNCTIONS_job551.root
JUNCTIONS,552,0,131000553,accepted,accepted_manifest_and_scheduler_log_confirmed,JUNCTIONS/hf_JUNCTIONS_job552.root
JUNCTIONS,553,0,131000554,accepted,accepted_manifest_and_scheduler_log_confirmed,JUNCTIONS/hf_JUNCTIONS_job553.root
JUNCTIONS,554,0,131000555,accepted,accepted_manifest_and_scheduler_log_confirmed,JUNCTIONS/hf_JUNCTIONS_job554.root
JUNCTIONS,555,0,131000556,accepted,accepted_manifest_and_scheduler_log_confirmed,JUNCTIONS/hf_JUNCTIONS_job555.root
JUNCTIONS,556,0,131000557,accepted,accepted_manifest_and_scheduler_log_confirmed,JUNCTIONS/hf_JUNCTIONS_job556.root
JUNCTIONS,557,0,131000558,discarded,scheduler_log_confirmed,
JUNCTIONS,557,1,131100558,accepted,accepted_manifest_and_scheduler_log_confirmed,JUNCTIONS/hf_JUNCTIONS_job557.root
JUNCTIONS,558,0,131000559,accepted,accepted_manifest_and_scheduler_log_confirmed,JUNCTIONS/hf_JUNCTIONS_job558.root
JUNCTIONS,559,0,131000560,accepted,accepted_manifest_and_scheduler_log_confirmed,JUNCTIONS/hf_JUNCTIONS_job559.root
JUNCTIONS,560,0,131000561,accepted,accepted_manifest_and_scheduler_log_confirmed,JUNCTIONS/hf_JUNCTIONS_job560.root
JUNCTIONS,561,0,131000562,accepted,accepted_manifest_and_scheduler_log_confirmed,JUNCTIONS/hf_JUNCTIONS_job561.root
JUNCTIONS,562,0,131000563,accepted,accepted_manifest_and_scheduler_log_confirmed,JUNCTIONS/hf_JUNCTIONS_job562.root
JUNCTIONS,563,0,131000564,accepted,accepted_manifest_and_scheduler_log_confirmed,JUNCTIONS/hf_JUNCTIONS_job563.root
JUNCTIONS,564,0,131000565,accepted,accepted_manifest_and_scheduler_log_confirmed,JUNCTIONS/hf_JUNCTIONS_job564.root
JUNCTIONS,565,0,131000566,accepted,accepted_manifest_and_scheduler_log_confirmed,JUNCTIONS/hf_JUNCTIONS_job565.root
JUNCTIONS,566,0,131000567,accepted,accepted_manifest_and_scheduler_log_confirmed,JUNCTIONS/hf_JUNCTIONS_job566.root
JUNCTIONS,567,0,131000568,accepted,accepted_manifest_and_scheduler_log_confirmed,JUNCTIONS/hf_JUNCTIONS_job567.root
JUNCTIONS,568,0,131000569,accepted,accepted_manifest_and_scheduler_log_confirmed,JUNCTIONS/hf_JUNCTIONS_job568.root
JUNCTIONS,569,0,131000570,accepted,accepted_manifest_and_scheduler_log_confirmed,JUNCTIONS/hf_JUNCTIONS_job569.root
JUNCTIONS,570,0,131000571,accepted,accepted_manifest_and_scheduler_log_confirmed,JUNCTIONS/hf_JUNCTIONS_job570.root
JUNCTIONS,571,0,131000572,accepted,accepted_manifest_and_scheduler_log_confirmed,JUNCTIONS/hf_JUNCTIONS_job571.root
JUNCTIONS,572,0,131000573,accepted,accepted_manifest_and_scheduler_log_confirmed,JUNCTIONS/hf_JUNCTIONS_job572.root
JUNCTIONS,573,0,131000574,accepted,accepted_manifest_and_scheduler_log_confirmed,JUNCTIONS/hf_JUNCTIONS_job573.root
JUNCTIONS,574,0,131000575,accepted,accepted_manifest_and_scheduler_log_confirmed,JUNCTIONS/hf_JUNCTIONS_job574.root
JUNCTIONS,575,0,131000576,accepted,accepted_manifest_and_scheduler_log_confirmed,JUNCTIONS/hf_JUNCTIONS_job575.root
JUNCTIONS,576,0,131000577,accepted,accepted_manifest_and_scheduler_log_confirmed,JUNCTIONS/hf_JUNCTIONS_job576.root
JUNCTIONS,577,0,131000578,accepted,accepted_manifest_and_scheduler_log_confirmed,JUNCTIONS/hf_JUNCTIONS_job577.root
JUNCTIONS,578,0,131000579,accepted,accepted_manifest_and_scheduler_log_confirmed,JUNCTIONS/hf_JUNCTIONS_job578.root
JUNCTIONS,579,0,131000580,accepted,accepted_manifest_and_scheduler_log_confirmed,JUNCTIONS/hf_JUNCTIONS_job579.root
JUNCTIONS,580,0,131000581,accepted,accepted_manifest_and_scheduler_log_confirmed,JUNCTIONS/hf_JUNCTIONS_job580.root
JUNCTIONS,581,0,131000582,accepted,accepted_manifest_and_scheduler_log_confirmed,JUNCTIONS/hf_JUNCTIONS_job581.root
JUNCTIONS,582,0,131000583,accepted,accepted_manifest_and_scheduler_log_confirmed,JUNCTIONS/hf_JUNCTIONS_job582.root
JUNCTIONS,583,0,131000584,accepted,accepted_manifest_and_scheduler_log_confirmed,JUNCTIONS/hf_JUNCTIONS_job583.root
JUNCTIONS,584,0,131000585,accepted,accepted_manifest_and_scheduler_log_confirmed,JUNCTIONS/hf_JUNCTIONS_job584.root
JUNCTIONS,585,0,131000586,accepted,accepted_manifest_and_scheduler_log_confirmed,JUNCTIONS/hf_JUNCTIONS_job585.root
JUNCTIONS,586,0,131000587,accepted,accepted_manifest_and_scheduler_log_confirmed,JUNCTIONS/hf_JUNCTIONS_job586.root
JUNCTIONS,587,0,131000588,accepted,accepted_manifest_and_scheduler_log_confirmed,JUNCTIONS/hf_JUNCTIONS_job587.root
JUNCTIONS,588,0,131000589,accepted,accepted_manifest_and_scheduler_log_confirmed,JUNCTIONS/hf_JUNCTIONS_job588.root
JUNCTIONS,589,0,131000590,accepted,accepted_manifest_and_scheduler_log_confirmed,JUNCTIONS/hf_JUNCTIONS_job589.root
JUNCTIONS,590,0,131000591,accepted,accepted_manifest_and_scheduler_log_confirmed,JUNCTIONS/hf_JUNCTIONS_job590.root
JUNCTIONS,591,0,131000592,discarded,scheduler_log_confirmed,
JUNCTIONS,591,1,131100592,accepted,accepted_manifest_and_scheduler_log_confirmed,JUNCTIONS/hf_JUNCTIONS_job591.root
JUNCTIONS,592,0,131000593,accepted,accepted_manifest_and_scheduler_log_confirmed,JUNCTIONS/hf_JUNCTIONS_job592.root
JUNCTIONS,593,0,131000594,accepted,accepted_manifest_and_scheduler_log_confirmed,JUNCTIONS/hf_JUNCTIONS_job593.root
JUNCTIONS,594,0,131000595,accepted,accepted_manifest_and_scheduler_log_confirmed,JUNCTIONS/hf_JUNCTIONS_job594.root
JUNCTIONS,595,0,131000596,accepted,accepted_manifest_and_scheduler_log_confirmed,JUNCTIONS/hf_JUNCTIONS_job595.root
JUNCTIONS,596,0,131000597,accepted,accepted_manifest_and_scheduler_log_confirmed,JUNCTIONS/hf_JUNCTIONS_job596.root
JUNCTIONS,597,0,131000598,accepted,accepted_manifest_and_scheduler_log_confirmed,JUNCTIONS/hf_JUNCTIONS_job597.root
JUNCTIONS,598,0,131000599,accepted,accepted_manifest_and_scheduler_log_confirmed,JUNCTIONS/hf_JUNCTIONS_job598.root
JUNCTIONS,599,0,131000600,accepted,accepted_manifest_and_scheduler_log_confirmed,JUNCTIONS/hf_JUNCTIONS_job599.root
JUNCTIONS,600,0,131000601,accepted,accepted_manifest_and_scheduler_log_confirmed,JUNCTIONS/hf_JUNCTIONS_job600.root
JUNCTIONS,601,0,131000602,accepted,accepted_manifest_and_scheduler_log_confirmed,JUNCTIONS/hf_JUNCTIONS_job601.root
JUNCTIONS,602,0,131000603,discarded,scheduler_log_confirmed,
JUNCTIONS,602,1,131100603,accepted,accepted_manifest_and_scheduler_log_confirmed,JUNCTIONS/hf_JUNCTIONS_job602.root
JUNCTIONS,603,0,131000604,accepted,accepted_manifest_and_scheduler_log_confirmed,JUNCTIONS/hf_JUNCTIONS_job603.root
JUNCTIONS,604,0,131000605,accepted,accepted_manifest_and_scheduler_log_confirmed,JUNCTIONS/hf_JUNCTIONS_job604.root
JUNCTIONS,605,0,131000606,accepted,accepted_manifest_and_scheduler_log_confirmed,JUNCTIONS/hf_JUNCTIONS_job605.root
JUNCTIONS,606,0,131000607,accepted,accepted_manifest_and_scheduler_log_confirmed,JUNCTIONS/hf_JUNCTIONS_job606.root
JUNCTIONS,607,0,131000608,accepted,accepted_manifest_and_scheduler_log_confirmed,JUNCTIONS/hf_JUNCTIONS_job607.root
JUNCTIONS,608,0,131000609,accepted,accepted_manifest_and_scheduler_log_confirmed,JUNCTIONS/hf_JUNCTIONS_job608.root
JUNCTIONS,609,0,131000610,accepted,accepted_manifest_and_scheduler_log_confirmed,JUNCTIONS/hf_JUNCTIONS_job609.root
JUNCTIONS,610,0,131000611,accepted,accepted_manifest_and_scheduler_log_confirmed,JUNCTIONS/hf_JUNCTIONS_job610.root
JUNCTIONS,611,0,131000612,accepted,accepted_manifest_and_scheduler_log_confirmed,JUNCTIONS/hf_JUNCTIONS_job611.root
JUNCTIONS,612,0,131000613,accepted,accepted_manifest_and_scheduler_log_confirmed,JUNCTIONS/hf_JUNCTIONS_job612.root
JUNCTIONS,613,0,131000614,accepted,accepted_manifest_and_scheduler_log_confirmed,JUNCTIONS/hf_JUNCTIONS_job613.root
JUNCTIONS,614,0,131000615,accepted,accepted_manifest_and_scheduler_log_confirmed,JUNCTIONS/hf_JUNCTIONS_job614.root
JUNCTIONS,615,0,131000616,accepted,accepted_manifest_and_scheduler_log_confirmed,JUNCTIONS/hf_JUNCTIONS_job615.root
JUNCTIONS,616,0,131000617,accepted,accepted_manifest_and_scheduler_log_confirmed,JUNCTIONS/hf_JUNCTIONS_job616.root
JUNCTIONS,617,0,131000618,accepted,accepted_manifest_and_scheduler_log_confirmed,JUNCTIONS/hf_JUNCTIONS_job617.root
JUNCTIONS,618,0,131000619,accepted,accepted_manifest_and_scheduler_log_confirmed,JUNCTIONS/hf_JUNCTIONS_job618.root
JUNCTIONS,619,0,131000620,accepted,accepted_manifest_and_scheduler_log_confirmed,JUNCTIONS/hf_JUNCTIONS_job619.root
JUNCTIONS,620,0,131000621,accepted,accepted_manifest_and_scheduler_log_confirmed,JUNCTIONS/hf_JUNCTIONS_job620.root
JUNCTIONS,621,0,131000622,accepted,accepted_manifest_and_scheduler_log_confirmed,JUNCTIONS/hf_JUNCTIONS_job621.root
JUNCTIONS,622,0,131000623,accepted,accepted_manifest_and_scheduler_log_confirmed,JUNCTIONS/hf_JUNCTIONS_job622.root
JUNCTIONS,623,0,131000624,discarded,scheduler_log_confirmed,
JUNCTIONS,623,1,131100624,accepted,accepted_manifest_and_scheduler_log_confirmed,JUNCTIONS/hf_JUNCTIONS_job623.root
JUNCTIONS,624,0,131000625,accepted,accepted_manifest_and_scheduler_log_confirmed,JUNCTIONS/hf_JUNCTIONS_job624.root
JUNCTIONS,625,0,131000626,accepted,accepted_manifest_and_scheduler_log_confirmed,JUNCTIONS/hf_JUNCTIONS_job625.root
JUNCTIONS,626,0,131000627,accepted,accepted_manifest_and_scheduler_log_confirmed,JUNCTIONS/hf_JUNCTIONS_job626.root
JUNCTIONS,627,0,131000628,accepted,accepted_manifest_and_scheduler_log_confirmed,JUNCTIONS/hf_JUNCTIONS_job627.root
JUNCTIONS,628,0,131000629,accepted,accepted_manifest_and_scheduler_log_confirmed,JUNCTIONS/hf_JUNCTIONS_job628.root
JUNCTIONS,629,0,131000630,accepted,accepted_manifest_and_scheduler_log_confirmed,JUNCTIONS/hf_JUNCTIONS_job629.root
JUNCTIONS,630,0,131000631,accepted,accepted_manifest_and_scheduler_log_confirmed,JUNCTIONS/hf_JUNCTIONS_job630.root
JUNCTIONS,631,0,131000632,accepted,accepted_manifest_and_scheduler_log_confirmed,JUNCTIONS/hf_JUNCTIONS_job631.root
JUNCTIONS,632,0,131000633,discarded,scheduler_log_confirmed,
JUNCTIONS,632,1,131100633,accepted,accepted_manifest_and_scheduler_log_confirmed,JUNCTIONS/hf_JUNCTIONS_job632.root
JUNCTIONS,633,0,131000634,accepted,accepted_manifest_and_scheduler_log_confirmed,JUNCTIONS/hf_JUNCTIONS_job633.root
JUNCTIONS,634,0,131000635,accepted,accepted_manifest_and_scheduler_log_confirmed,JUNCTIONS/hf_JUNCTIONS_job634.root
JUNCTIONS,635,0,131000636,accepted,accepted_manifest_and_scheduler_log_confirmed,JUNCTIONS/hf_JUNCTIONS_job635.root
JUNCTIONS,636,0,131000637,accepted,accepted_manifest_and_scheduler_log_confirmed,JUNCTIONS/hf_JUNCTIONS_job636.root
JUNCTIONS,637,0,131000638,accepted,accepted_manifest_and_scheduler_log_confirmed,JUNCTIONS/hf_JUNCTIONS_job637.root
JUNCTIONS,638,0,131000639,accepted,accepted_manifest_and_scheduler_log_confirmed,JUNCTIONS/hf_JUNCTIONS_job638.root
JUNCTIONS,639,0,131000640,accepted,accepted_manifest_and_scheduler_log_confirmed,JUNCTIONS/hf_JUNCTIONS_job639.root
JUNCTIONS,640,0,131000641,accepted,accepted_manifest_and_scheduler_log_confirmed,JUNCTIONS/hf_JUNCTIONS_job640.root
JUNCTIONS,641,0,131000642,accepted,accepted_manifest_and_scheduler_log_confirmed,JUNCTIONS/hf_JUNCTIONS_job641.root
JUNCTIONS,642,0,131000643,accepted,accepted_manifest_and_scheduler_log_confirmed,JUNCTIONS/hf_JUNCTIONS_job642.root
JUNCTIONS,643,0,131000644,accepted,accepted_manifest_and_scheduler_log_confirmed,JUNCTIONS/hf_JUNCTIONS_job643.root
JUNCTIONS,644,0,131000645,accepted,accepted_manifest_and_scheduler_log_confirmed,JUNCTIONS/hf_JUNCTIONS_job644.root
JUNCTIONS,645,0,131000646,accepted,accepted_manifest_and_scheduler_log_confirmed,JUNCTIONS/hf_JUNCTIONS_job645.root
JUNCTIONS,646,0,131000647,accepted,accepted_manifest_and_scheduler_log_confirmed,JUNCTIONS/hf_JUNCTIONS_job646.root
JUNCTIONS,647,0,131000648,accepted,accepted_manifest_and_scheduler_log_confirmed,JUNCTIONS/hf_JUNCTIONS_job647.root
JUNCTIONS,648,0,131000649,accepted,accepted_manifest_and_scheduler_log_confirmed,JUNCTIONS/hf_JUNCTIONS_job648.root
JUNCTIONS,649,0,131000650,accepted,accepted_manifest_and_scheduler_log_confirmed,JUNCTIONS/hf_JUNCTIONS_job649.root
JUNCTIONS,650,0,131000651,accepted,accepted_manifest_and_scheduler_log_confirmed,JUNCTIONS/hf_JUNCTIONS_job650.root
JUNCTIONS,651,0,131000652,accepted,accepted_manifest_and_scheduler_log_confirmed,JUNCTIONS/hf_JUNCTIONS_job651.root
JUNCTIONS,652,0,131000653,accepted,accepted_manifest_and_scheduler_log_confirmed,JUNCTIONS/hf_JUNCTIONS_job652.root
JUNCTIONS,653,0,131000654,accepted,accepted_manifest_and_scheduler_log_confirmed,JUNCTIONS/hf_JUNCTIONS_job653.root
JUNCTIONS,654,0,131000655,accepted,accepted_manifest_and_scheduler_log_confirmed,JUNCTIONS/hf_JUNCTIONS_job654.root
JUNCTIONS,655,0,131000656,accepted,accepted_manifest_and_scheduler_log_confirmed,JUNCTIONS/hf_JUNCTIONS_job655.root
JUNCTIONS,656,0,131000657,accepted,accepted_manifest_and_scheduler_log_confirmed,JUNCTIONS/hf_JUNCTIONS_job656.root
JUNCTIONS,657,0,131000658,accepted,accepted_manifest_and_scheduler_log_confirmed,JUNCTIONS/hf_JUNCTIONS_job657.root
JUNCTIONS,658,0,131000659,accepted,accepted_manifest_and_scheduler_log_confirmed,JUNCTIONS/hf_JUNCTIONS_job658.root
JUNCTIONS,659,0,131000660,accepted,accepted_manifest_and_scheduler_log_confirmed,JUNCTIONS/hf_JUNCTIONS_job659.root
JUNCTIONS,660,0,131000661,accepted,accepted_manifest_and_scheduler_log_confirmed,JUNCTIONS/hf_JUNCTIONS_job660.root
JUNCTIONS,661,0,131000662,accepted,accepted_manifest_and_scheduler_log_confirmed,JUNCTIONS/hf_JUNCTIONS_job661.root
JUNCTIONS,662,0,131000663,accepted,accepted_manifest_and_scheduler_log_confirmed,JUNCTIONS/hf_JUNCTIONS_job662.root
JUNCTIONS,663,0,131000664,accepted,accepted_manifest_and_scheduler_log_confirmed,JUNCTIONS/hf_JUNCTIONS_job663.root
JUNCTIONS,664,0,131000665,accepted,accepted_manifest_and_scheduler_log_confirmed,JUNCTIONS/hf_JUNCTIONS_job664.root
JUNCTIONS,665,0,131000666,accepted,accepted_manifest_and_scheduler_log_confirmed,JUNCTIONS/hf_JUNCTIONS_job665.root
JUNCTIONS,666,0,131000667,accepted,accepted_manifest_and_scheduler_log_confirmed,JUNCTIONS/hf_JUNCTIONS_job666.root
JUNCTIONS,667,0,131000668,accepted,accepted_manifest_and_scheduler_log_confirmed,JUNCTIONS/hf_JUNCTIONS_job667.root
JUNCTIONS,668,0,131000669,accepted,accepted_manifest_and_scheduler_log_confirmed,JUNCTIONS/hf_JUNCTIONS_job668.root
JUNCTIONS,669,0,131000670,accepted,accepted_manifest_and_scheduler_log_confirmed,JUNCTIONS/hf_JUNCTIONS_job669.root
JUNCTIONS,670,0,131000671,accepted,accepted_manifest_and_scheduler_log_confirmed,JUNCTIONS/hf_JUNCTIONS_job670.root
JUNCTIONS,671,0,131000672,accepted,accepted_manifest_and_scheduler_log_confirmed,JUNCTIONS/hf_JUNCTIONS_job671.root
JUNCTIONS,672,0,131000673,accepted,accepted_manifest_and_scheduler_log_confirmed,JUNCTIONS/hf_JUNCTIONS_job672.root
JUNCTIONS,673,0,131000674,accepted,accepted_manifest_and_scheduler_log_confirmed,JUNCTIONS/hf_JUNCTIONS_job673.root
JUNCTIONS,674,0,131000675,accepted,accepted_manifest_and_scheduler_log_confirmed,JUNCTIONS/hf_JUNCTIONS_job674.root
JUNCTIONS,675,0,131000676,accepted,accepted_manifest_and_scheduler_log_confirmed,JUNCTIONS/hf_JUNCTIONS_job675.root
JUNCTIONS,676,0,131000677,accepted,accepted_manifest_and_scheduler_log_confirmed,JUNCTIONS/hf_JUNCTIONS_job676.root
JUNCTIONS,677,0,131000678,accepted,accepted_manifest_and_scheduler_log_confirmed,JUNCTIONS/hf_JUNCTIONS_job677.root
JUNCTIONS,678,0,131000679,accepted,accepted_manifest_and_scheduler_log_confirmed,JUNCTIONS/hf_JUNCTIONS_job678.root
JUNCTIONS,679,0,131000680,accepted,accepted_manifest_and_scheduler_log_confirmed,JUNCTIONS/hf_JUNCTIONS_job679.root
JUNCTIONS,680,0,131000681,accepted,accepted_manifest_and_scheduler_log_confirmed,JUNCTIONS/hf_JUNCTIONS_job680.root
JUNCTIONS,681,0,131000682,accepted,accepted_manifest_and_scheduler_log_confirmed,JUNCTIONS/hf_JUNCTIONS_job681.root
JUNCTIONS,682,0,131000683,accepted,accepted_manifest_and_scheduler_log_confirmed,JUNCTIONS/hf_JUNCTIONS_job682.root
JUNCTIONS,683,0,131000684,accepted,accepted_manifest_and_scheduler_log_confirmed,JUNCTIONS/hf_JUNCTIONS_job683.root
JUNCTIONS,684,0,131000685,accepted,accepted_manifest_and_scheduler_log_confirmed,JUNCTIONS/hf_JUNCTIONS_job684.root
JUNCTIONS,685,0,131000686,accepted,accepted_manifest_and_scheduler_log_confirmed,JUNCTIONS/hf_JUNCTIONS_job685.root
JUNCTIONS,686,0,131000687,accepted,accepted_manifest_and_scheduler_log_confirmed,JUNCTIONS/hf_JUNCTIONS_job686.root
JUNCTIONS,687,0,131000688,accepted,accepted_manifest_and_scheduler_log_confirmed,JUNCTIONS/hf_JUNCTIONS_job687.root
JUNCTIONS,688,0,131000689,accepted,accepted_manifest_and_scheduler_log_confirmed,JUNCTIONS/hf_JUNCTIONS_job688.root
JUNCTIONS,689,0,131000690,accepted,accepted_manifest_and_scheduler_log_confirmed,JUNCTIONS/hf_JUNCTIONS_job689.root
JUNCTIONS,690,0,131000691,accepted,accepted_manifest_and_scheduler_log_confirmed,JUNCTIONS/hf_JUNCTIONS_job690.root
JUNCTIONS,691,0,131000692,accepted,accepted_manifest_and_scheduler_log_confirmed,JUNCTIONS/hf_JUNCTIONS_job691.root
JUNCTIONS,692,0,131000693,discarded,scheduler_log_confirmed,
JUNCTIONS,692,1,131100693,accepted,accepted_manifest_and_scheduler_log_confirmed,JUNCTIONS/hf_JUNCTIONS_job692.root
JUNCTIONS,693,0,131000694,accepted,accepted_manifest_and_scheduler_log_confirmed,JUNCTIONS/hf_JUNCTIONS_job693.root
JUNCTIONS,694,0,131000695,accepted,accepted_manifest_and_scheduler_log_confirmed,JUNCTIONS/hf_JUNCTIONS_job694.root
JUNCTIONS,695,0,131000696,accepted,accepted_manifest_and_scheduler_log_confirmed,JUNCTIONS/hf_JUNCTIONS_job695.root
JUNCTIONS,696,0,131000697,accepted,accepted_manifest_and_scheduler_log_confirmed,JUNCTIONS/hf_JUNCTIONS_job696.root
JUNCTIONS,697,0,131000698,accepted,accepted_manifest_and_scheduler_log_confirmed,JUNCTIONS/hf_JUNCTIONS_job697.root
JUNCTIONS,698,0,131000699,accepted,accepted_manifest_and_scheduler_log_confirmed,JUNCTIONS/hf_JUNCTIONS_job698.root
JUNCTIONS,699,0,131000700,accepted,accepted_manifest_and_scheduler_log_confirmed,JUNCTIONS/hf_JUNCTIONS_job699.root
JUNCTIONS,700,0,131000701,accepted,accepted_manifest_and_scheduler_log_confirmed,JUNCTIONS/hf_JUNCTIONS_job700.root
JUNCTIONS,701,0,131000702,accepted,accepted_manifest_and_scheduler_log_confirmed,JUNCTIONS/hf_JUNCTIONS_job701.root
JUNCTIONS,702,0,131000703,accepted,accepted_manifest_and_scheduler_log_confirmed,JUNCTIONS/hf_JUNCTIONS_job702.root
JUNCTIONS,703,0,131000704,accepted,accepted_manifest_and_scheduler_log_confirmed,JUNCTIONS/hf_JUNCTIONS_job703.root
JUNCTIONS,704,0,131000705,accepted,accepted_manifest_and_scheduler_log_confirmed,JUNCTIONS/hf_JUNCTIONS_job704.root
JUNCTIONS,705,0,131000706,accepted,accepted_manifest_and_scheduler_log_confirmed,JUNCTIONS/hf_JUNCTIONS_job705.root
JUNCTIONS,706,0,131000707,accepted,accepted_manifest_and_scheduler_log_confirmed,JUNCTIONS/hf_JUNCTIONS_job706.root
JUNCTIONS,707,0,131000708,accepted,accepted_manifest_and_scheduler_log_confirmed,JUNCTIONS/hf_JUNCTIONS_job707.root
JUNCTIONS,708,0,131000709,accepted,accepted_manifest_and_scheduler_log_confirmed,JUNCTIONS/hf_JUNCTIONS_job708.root
JUNCTIONS,709,0,131000710,discarded,scheduler_log_confirmed,
JUNCTIONS,709,1,131100710,accepted,accepted_manifest_and_scheduler_log_confirmed,JUNCTIONS/hf_JUNCTIONS_job709.root
JUNCTIONS,710,0,131000711,accepted,accepted_manifest_and_scheduler_log_confirmed,JUNCTIONS/hf_JUNCTIONS_job710.root
JUNCTIONS,711,0,131000712,accepted,accepted_manifest_and_scheduler_log_confirmed,JUNCTIONS/hf_JUNCTIONS_job711.root
JUNCTIONS,712,0,131000713,accepted,accepted_manifest_and_scheduler_log_confirmed,JUNCTIONS/hf_JUNCTIONS_job712.root
JUNCTIONS,713,0,131000714,accepted,accepted_manifest_and_scheduler_log_confirmed,JUNCTIONS/hf_JUNCTIONS_job713.root
JUNCTIONS,714,0,131000715,accepted,accepted_manifest_and_scheduler_log_confirmed,JUNCTIONS/hf_JUNCTIONS_job714.root
JUNCTIONS,715,0,131000716,accepted,accepted_manifest_and_scheduler_log_confirmed,JUNCTIONS/hf_JUNCTIONS_job715.root
JUNCTIONS,716,0,131000717,accepted,accepted_manifest_and_scheduler_log_confirmed,JUNCTIONS/hf_JUNCTIONS_job716.root
JUNCTIONS,717,0,131000718,accepted,accepted_manifest_and_scheduler_log_confirmed,JUNCTIONS/hf_JUNCTIONS_job717.root
JUNCTIONS,718,0,131000719,accepted,accepted_manifest_and_scheduler_log_confirmed,JUNCTIONS/hf_JUNCTIONS_job718.root
JUNCTIONS,719,0,131000720,accepted,accepted_manifest_and_scheduler_log_confirmed,JUNCTIONS/hf_JUNCTIONS_job719.root
JUNCTIONS,720,0,131000721,accepted,accepted_manifest_and_scheduler_log_confirmed,JUNCTIONS/hf_JUNCTIONS_job720.root
JUNCTIONS,721,0,131000722,accepted,accepted_manifest_and_scheduler_log_confirmed,JUNCTIONS/hf_JUNCTIONS_job721.root
JUNCTIONS,722,0,131000723,discarded,scheduler_log_confirmed,
JUNCTIONS,722,1,131100723,accepted,accepted_manifest_and_scheduler_log_confirmed,JUNCTIONS/hf_JUNCTIONS_job722.root
JUNCTIONS,723,0,131000724,accepted,accepted_manifest_and_scheduler_log_confirmed,JUNCTIONS/hf_JUNCTIONS_job723.root
JUNCTIONS,724,0,131000725,accepted,accepted_manifest_and_scheduler_log_confirmed,JUNCTIONS/hf_JUNCTIONS_job724.root
JUNCTIONS,725,0,131000726,accepted,accepted_manifest_and_scheduler_log_confirmed,JUNCTIONS/hf_JUNCTIONS_job725.root
JUNCTIONS,726,0,131000727,accepted,accepted_manifest_and_scheduler_log_confirmed,JUNCTIONS/hf_JUNCTIONS_job726.root
JUNCTIONS,727,0,131000728,accepted,accepted_manifest_and_scheduler_log_confirmed,JUNCTIONS/hf_JUNCTIONS_job727.root
JUNCTIONS,728,0,131000729,discarded,scheduler_log_confirmed,
JUNCTIONS,728,1,131100729,accepted,accepted_manifest_and_scheduler_log_confirmed,JUNCTIONS/hf_JUNCTIONS_job728.root
JUNCTIONS,729,0,131000730,accepted,accepted_manifest_and_scheduler_log_confirmed,JUNCTIONS/hf_JUNCTIONS_job729.root
JUNCTIONS,730,0,131000731,accepted,accepted_manifest_and_scheduler_log_confirmed,JUNCTIONS/hf_JUNCTIONS_job730.root
JUNCTIONS,731,0,131000732,accepted,accepted_manifest_and_scheduler_log_confirmed,JUNCTIONS/hf_JUNCTIONS_job731.root
JUNCTIONS,732,0,131000733,accepted,accepted_manifest_and_scheduler_log_confirmed,JUNCTIONS/hf_JUNCTIONS_job732.root
JUNCTIONS,733,0,131000734,accepted,accepted_manifest_and_scheduler_log_confirmed,JUNCTIONS/hf_JUNCTIONS_job733.root
JUNCTIONS,734,0,131000735,accepted,accepted_manifest_and_scheduler_log_confirmed,JUNCTIONS/hf_JUNCTIONS_job734.root
JUNCTIONS,735,0,131000736,accepted,accepted_manifest_and_scheduler_log_confirmed,JUNCTIONS/hf_JUNCTIONS_job735.root
JUNCTIONS,736,0,131000737,accepted,accepted_manifest_and_scheduler_log_confirmed,JUNCTIONS/hf_JUNCTIONS_job736.root
JUNCTIONS,737,0,131000738,accepted,accepted_manifest_and_scheduler_log_confirmed,JUNCTIONS/hf_JUNCTIONS_job737.root
JUNCTIONS,738,0,131000739,accepted,accepted_manifest_and_scheduler_log_confirmed,JUNCTIONS/hf_JUNCTIONS_job738.root
JUNCTIONS,739,0,131000740,accepted,accepted_manifest_and_scheduler_log_confirmed,JUNCTIONS/hf_JUNCTIONS_job739.root
JUNCTIONS,740,0,131000741,accepted,accepted_manifest_and_scheduler_log_confirmed,JUNCTIONS/hf_JUNCTIONS_job740.root
JUNCTIONS,741,0,131000742,accepted,accepted_manifest_and_scheduler_log_confirmed,JUNCTIONS/hf_JUNCTIONS_job741.root
JUNCTIONS,742,0,131000743,accepted,accepted_manifest_and_scheduler_log_confirmed,JUNCTIONS/hf_JUNCTIONS_job742.root
JUNCTIONS,743,0,131000744,accepted,accepted_manifest_and_scheduler_log_confirmed,JUNCTIONS/hf_JUNCTIONS_job743.root
JUNCTIONS,744,0,131000745,accepted,accepted_manifest_and_scheduler_log_confirmed,JUNCTIONS/hf_JUNCTIONS_job744.root
JUNCTIONS,745,0,131000746,accepted,accepted_manifest_and_scheduler_log_confirmed,JUNCTIONS/hf_JUNCTIONS_job745.root
JUNCTIONS,746,0,131000747,accepted,accepted_manifest_and_scheduler_log_confirmed,JUNCTIONS/hf_JUNCTIONS_job746.root
JUNCTIONS,747,0,131000748,accepted,accepted_manifest_and_scheduler_log_confirmed,JUNCTIONS/hf_JUNCTIONS_job747.root
JUNCTIONS,748,0,131000749,accepted,accepted_manifest_and_scheduler_log_confirmed,JUNCTIONS/hf_JUNCTIONS_job748.root
JUNCTIONS,749,0,131000750,accepted,accepted_manifest_and_scheduler_log_confirmed,JUNCTIONS/hf_JUNCTIONS_job749.root
JUNCTIONS,750,0,131000751,accepted,accepted_manifest_and_scheduler_log_confirmed,JUNCTIONS/hf_JUNCTIONS_job750.root
JUNCTIONS,751,0,131000752,accepted,accepted_manifest_and_scheduler_log_confirmed,JUNCTIONS/hf_JUNCTIONS_job751.root
JUNCTIONS,752,0,131000753,accepted,accepted_manifest_and_scheduler_log_confirmed,JUNCTIONS/hf_JUNCTIONS_job752.root
JUNCTIONS,753,0,131000754,accepted,accepted_manifest_and_scheduler_log_confirmed,JUNCTIONS/hf_JUNCTIONS_job753.root
JUNCTIONS,754,0,131000755,accepted,accepted_manifest_and_scheduler_log_confirmed,JUNCTIONS/hf_JUNCTIONS_job754.root
JUNCTIONS,755,0,131000756,accepted,accepted_manifest_and_scheduler_log_confirmed,JUNCTIONS/hf_JUNCTIONS_job755.root
JUNCTIONS,756,0,131000757,accepted,accepted_manifest_and_scheduler_log_confirmed,JUNCTIONS/hf_JUNCTIONS_job756.root
JUNCTIONS,757,0,131000758,accepted,accepted_manifest_and_scheduler_log_confirmed,JUNCTIONS/hf_JUNCTIONS_job757.root
JUNCTIONS,758,0,131000759,accepted,accepted_manifest_and_scheduler_log_confirmed,JUNCTIONS/hf_JUNCTIONS_job758.root
JUNCTIONS,759,0,131000760,accepted,accepted_manifest_and_scheduler_log_confirmed,JUNCTIONS/hf_JUNCTIONS_job759.root
JUNCTIONS,760,0,131000761,accepted,accepted_manifest_and_scheduler_log_confirmed,JUNCTIONS/hf_JUNCTIONS_job760.root
JUNCTIONS,761,0,131000762,accepted,accepted_manifest_and_scheduler_log_confirmed,JUNCTIONS/hf_JUNCTIONS_job761.root
JUNCTIONS,762,0,131000763,accepted,accepted_manifest_and_scheduler_log_confirmed,JUNCTIONS/hf_JUNCTIONS_job762.root
JUNCTIONS,763,0,131000764,accepted,accepted_manifest_and_scheduler_log_confirmed,JUNCTIONS/hf_JUNCTIONS_job763.root
JUNCTIONS,764,0,131000765,accepted,accepted_manifest_and_scheduler_log_confirmed,JUNCTIONS/hf_JUNCTIONS_job764.root
JUNCTIONS,765,0,131000766,accepted,accepted_manifest_and_scheduler_log_confirmed,JUNCTIONS/hf_JUNCTIONS_job765.root
JUNCTIONS,766,0,131000767,accepted,accepted_manifest_and_scheduler_log_confirmed,JUNCTIONS/hf_JUNCTIONS_job766.root
JUNCTIONS,767,0,131000768,accepted,accepted_manifest_and_scheduler_log_confirmed,JUNCTIONS/hf_JUNCTIONS_job767.root
JUNCTIONS,768,0,131000769,discarded,scheduler_log_confirmed,
JUNCTIONS,768,1,131100769,accepted,accepted_manifest_and_scheduler_log_confirmed,JUNCTIONS/hf_JUNCTIONS_job768.root
JUNCTIONS,769,0,131000770,accepted,accepted_manifest_and_scheduler_log_confirmed,JUNCTIONS/hf_JUNCTIONS_job769.root
JUNCTIONS,770,0,131000771,accepted,accepted_manifest_and_scheduler_log_confirmed,JUNCTIONS/hf_JUNCTIONS_job770.root
JUNCTIONS,771,0,131000772,accepted,accepted_manifest_and_scheduler_log_confirmed,JUNCTIONS/hf_JUNCTIONS_job771.root
JUNCTIONS,772,0,131000773,accepted,accepted_manifest_and_scheduler_log_confirmed,JUNCTIONS/hf_JUNCTIONS_job772.root
JUNCTIONS,773,0,131000774,accepted,accepted_manifest_and_scheduler_log_confirmed,JUNCTIONS/hf_JUNCTIONS_job773.root
JUNCTIONS,774,0,131000775,accepted,accepted_manifest_and_scheduler_log_confirmed,JUNCTIONS/hf_JUNCTIONS_job774.root
JUNCTIONS,775,0,131000776,discarded,scheduler_log_confirmed,
JUNCTIONS,775,1,131100776,accepted,accepted_manifest_and_scheduler_log_confirmed,JUNCTIONS/hf_JUNCTIONS_job775.root
JUNCTIONS,776,0,131000777,accepted,accepted_manifest_and_scheduler_log_confirmed,JUNCTIONS/hf_JUNCTIONS_job776.root
JUNCTIONS,777,0,131000778,accepted,accepted_manifest_and_scheduler_log_confirmed,JUNCTIONS/hf_JUNCTIONS_job777.root
JUNCTIONS,778,0,131000779,accepted,accepted_manifest_and_scheduler_log_confirmed,JUNCTIONS/hf_JUNCTIONS_job778.root
JUNCTIONS,779,0,131000780,accepted,accepted_manifest_and_scheduler_log_confirmed,JUNCTIONS/hf_JUNCTIONS_job779.root
JUNCTIONS,780,0,131000781,accepted,accepted_manifest_and_scheduler_log_confirmed,JUNCTIONS/hf_JUNCTIONS_job780.root
JUNCTIONS,781,0,131000782,accepted,accepted_manifest_and_scheduler_log_confirmed,JUNCTIONS/hf_JUNCTIONS_job781.root
JUNCTIONS,782,0,131000783,accepted,accepted_manifest_and_scheduler_log_confirmed,JUNCTIONS/hf_JUNCTIONS_job782.root
JUNCTIONS,783,0,131000784,accepted,accepted_manifest_and_scheduler_log_confirmed,JUNCTIONS/hf_JUNCTIONS_job783.root
JUNCTIONS,784,0,131000785,accepted,accepted_manifest_and_scheduler_log_confirmed,JUNCTIONS/hf_JUNCTIONS_job784.root
JUNCTIONS,785,0,131000786,accepted,accepted_manifest_and_scheduler_log_confirmed,JUNCTIONS/hf_JUNCTIONS_job785.root
JUNCTIONS,786,0,131000787,accepted,accepted_manifest_and_scheduler_log_confirmed,JUNCTIONS/hf_JUNCTIONS_job786.root
JUNCTIONS,787,0,131000788,accepted,accepted_manifest_and_scheduler_log_confirmed,JUNCTIONS/hf_JUNCTIONS_job787.root
JUNCTIONS,788,0,131000789,accepted,accepted_manifest_and_scheduler_log_confirmed,JUNCTIONS/hf_JUNCTIONS_job788.root
JUNCTIONS,789,0,131000790,accepted,accepted_manifest_and_scheduler_log_confirmed,JUNCTIONS/hf_JUNCTIONS_job789.root
JUNCTIONS,790,0,131000791,discarded,scheduler_log_confirmed,
JUNCTIONS,790,1,131100791,accepted,accepted_manifest_and_scheduler_log_confirmed,JUNCTIONS/hf_JUNCTIONS_job790.root
JUNCTIONS,791,0,131000792,accepted,accepted_manifest_and_scheduler_log_confirmed,JUNCTIONS/hf_JUNCTIONS_job791.root
JUNCTIONS,792,0,131000793,accepted,accepted_manifest_and_scheduler_log_confirmed,JUNCTIONS/hf_JUNCTIONS_job792.root
JUNCTIONS,793,0,131000794,accepted,accepted_manifest_and_scheduler_log_confirmed,JUNCTIONS/hf_JUNCTIONS_job793.root
JUNCTIONS,794,0,131000795,accepted,accepted_manifest_and_scheduler_log_confirmed,JUNCTIONS/hf_JUNCTIONS_job794.root
JUNCTIONS,795,0,131000796,accepted,accepted_manifest_and_scheduler_log_confirmed,JUNCTIONS/hf_JUNCTIONS_job795.root
JUNCTIONS,796,0,131000797,accepted,accepted_manifest_and_scheduler_log_confirmed,JUNCTIONS/hf_JUNCTIONS_job796.root
JUNCTIONS,797,0,131000798,accepted,accepted_manifest_and_scheduler_log_confirmed,JUNCTIONS/hf_JUNCTIONS_job797.root
JUNCTIONS,798,0,131000799,discarded,scheduler_log_confirmed,
JUNCTIONS,798,1,131100799,accepted,accepted_manifest_and_scheduler_log_confirmed,JUNCTIONS/hf_JUNCTIONS_job798.root
JUNCTIONS,799,0,131000800,accepted,accepted_manifest_and_scheduler_log_confirmed,JUNCTIONS/hf_JUNCTIONS_job799.root
JUNCTIONS,800,0,131000801,accepted,accepted_manifest_and_scheduler_log_confirmed,JUNCTIONS/hf_JUNCTIONS_job800.root
JUNCTIONS,801,0,131000802,accepted,accepted_manifest_and_scheduler_log_confirmed,JUNCTIONS/hf_JUNCTIONS_job801.root
JUNCTIONS,802,0,131000803,accepted,accepted_manifest_and_scheduler_log_confirmed,JUNCTIONS/hf_JUNCTIONS_job802.root
JUNCTIONS,803,0,131000804,accepted,accepted_manifest_and_scheduler_log_confirmed,JUNCTIONS/hf_JUNCTIONS_job803.root
JUNCTIONS,804,0,131000805,accepted,accepted_manifest_and_scheduler_log_confirmed,JUNCTIONS/hf_JUNCTIONS_job804.root
JUNCTIONS,805,0,131000806,discarded,scheduler_log_confirmed,
JUNCTIONS,805,1,131100806,accepted,accepted_manifest_and_scheduler_log_confirmed,JUNCTIONS/hf_JUNCTIONS_job805.root
JUNCTIONS,806,0,131000807,accepted,accepted_manifest_and_scheduler_log_confirmed,JUNCTIONS/hf_JUNCTIONS_job806.root
JUNCTIONS,807,0,131000808,accepted,accepted_manifest_and_scheduler_log_confirmed,JUNCTIONS/hf_JUNCTIONS_job807.root
JUNCTIONS,808,0,131000809,accepted,accepted_manifest_and_scheduler_log_confirmed,JUNCTIONS/hf_JUNCTIONS_job808.root
JUNCTIONS,809,0,131000810,accepted,accepted_manifest_and_scheduler_log_confirmed,JUNCTIONS/hf_JUNCTIONS_job809.root
JUNCTIONS,810,0,131000811,accepted,accepted_manifest_and_scheduler_log_confirmed,JUNCTIONS/hf_JUNCTIONS_job810.root
JUNCTIONS,811,0,131000812,accepted,accepted_manifest_and_scheduler_log_confirmed,JUNCTIONS/hf_JUNCTIONS_job811.root
JUNCTIONS,812,0,131000813,accepted,accepted_manifest_and_scheduler_log_confirmed,JUNCTIONS/hf_JUNCTIONS_job812.root
JUNCTIONS,813,0,131000814,accepted,accepted_manifest_and_scheduler_log_confirmed,JUNCTIONS/hf_JUNCTIONS_job813.root
JUNCTIONS,814,0,131000815,accepted,accepted_manifest_and_scheduler_log_confirmed,JUNCTIONS/hf_JUNCTIONS_job814.root
JUNCTIONS,815,0,131000816,accepted,accepted_manifest_and_scheduler_log_confirmed,JUNCTIONS/hf_JUNCTIONS_job815.root
JUNCTIONS,816,0,131000817,accepted,accepted_manifest_and_scheduler_log_confirmed,JUNCTIONS/hf_JUNCTIONS_job816.root
JUNCTIONS,817,0,131000818,accepted,accepted_manifest_and_scheduler_log_confirmed,JUNCTIONS/hf_JUNCTIONS_job817.root
JUNCTIONS,818,0,131000819,accepted,accepted_manifest_and_scheduler_log_confirmed,JUNCTIONS/hf_JUNCTIONS_job818.root
JUNCTIONS,819,0,131000820,accepted,accepted_manifest_and_scheduler_log_confirmed,JUNCTIONS/hf_JUNCTIONS_job819.root
JUNCTIONS,820,0,131000821,accepted,accepted_manifest_and_scheduler_log_confirmed,JUNCTIONS/hf_JUNCTIONS_job820.root
JUNCTIONS,821,0,131000822,accepted,accepted_manifest_and_scheduler_log_confirmed,JUNCTIONS/hf_JUNCTIONS_job821.root
JUNCTIONS,822,0,131000823,accepted,accepted_manifest_and_scheduler_log_confirmed,JUNCTIONS/hf_JUNCTIONS_job822.root
JUNCTIONS,823,0,131000824,accepted,accepted_manifest_and_scheduler_log_confirmed,JUNCTIONS/hf_JUNCTIONS_job823.root
JUNCTIONS,824,0,131000825,accepted,accepted_manifest_and_scheduler_log_confirmed,JUNCTIONS/hf_JUNCTIONS_job824.root
JUNCTIONS,825,0,131000826,accepted,accepted_manifest_and_scheduler_log_confirmed,JUNCTIONS/hf_JUNCTIONS_job825.root
JUNCTIONS,826,0,131000827,accepted,accepted_manifest_and_scheduler_log_confirmed,JUNCTIONS/hf_JUNCTIONS_job826.root
JUNCTIONS,827,0,131000828,accepted,accepted_manifest_and_scheduler_log_confirmed,JUNCTIONS/hf_JUNCTIONS_job827.root
JUNCTIONS,828,0,131000829,accepted,accepted_manifest_and_scheduler_log_confirmed,JUNCTIONS/hf_JUNCTIONS_job828.root
JUNCTIONS,829,0,131000830,discarded,scheduler_log_confirmed,
JUNCTIONS,829,1,131100830,accepted,accepted_manifest_and_scheduler_log_confirmed,JUNCTIONS/hf_JUNCTIONS_job829.root
JUNCTIONS,830,0,131000831,discarded,scheduler_log_confirmed,
JUNCTIONS,830,1,131100831,accepted,accepted_manifest_and_scheduler_log_confirmed,JUNCTIONS/hf_JUNCTIONS_job830.root
JUNCTIONS,831,0,131000832,accepted,accepted_manifest_and_scheduler_log_confirmed,JUNCTIONS/hf_JUNCTIONS_job831.root
JUNCTIONS,832,0,131000833,accepted,accepted_manifest_and_scheduler_log_confirmed,JUNCTIONS/hf_JUNCTIONS_job832.root
JUNCTIONS,833,0,131000834,accepted,accepted_manifest_and_scheduler_log_confirmed,JUNCTIONS/hf_JUNCTIONS_job833.root
JUNCTIONS,834,0,131000835,accepted,accepted_manifest_and_scheduler_log_confirmed,JUNCTIONS/hf_JUNCTIONS_job834.root
JUNCTIONS,835,0,131000836,accepted,accepted_manifest_and_scheduler_log_confirmed,JUNCTIONS/hf_JUNCTIONS_job835.root
JUNCTIONS,836,0,131000837,accepted,accepted_manifest_and_scheduler_log_confirmed,JUNCTIONS/hf_JUNCTIONS_job836.root
JUNCTIONS,837,0,131000838,accepted,accepted_manifest_and_scheduler_log_confirmed,JUNCTIONS/hf_JUNCTIONS_job837.root
JUNCTIONS,838,0,131000839,accepted,accepted_manifest_and_scheduler_log_confirmed,JUNCTIONS/hf_JUNCTIONS_job838.root
JUNCTIONS,839,0,131000840,accepted,accepted_manifest_and_scheduler_log_confirmed,JUNCTIONS/hf_JUNCTIONS_job839.root
JUNCTIONS,840,0,131000841,accepted,accepted_manifest_and_scheduler_log_confirmed,JUNCTIONS/hf_JUNCTIONS_job840.root
JUNCTIONS,841,0,131000842,accepted,accepted_manifest_and_scheduler_log_confirmed,JUNCTIONS/hf_JUNCTIONS_job841.root
JUNCTIONS,842,0,131000843,accepted,accepted_manifest_and_scheduler_log_confirmed,JUNCTIONS/hf_JUNCTIONS_job842.root
JUNCTIONS,843,0,131000844,accepted,accepted_manifest_and_scheduler_log_confirmed,JUNCTIONS/hf_JUNCTIONS_job843.root
JUNCTIONS,844,0,131000845,accepted,accepted_manifest_and_scheduler_log_confirmed,JUNCTIONS/hf_JUNCTIONS_job844.root
JUNCTIONS,845,0,131000846,accepted,accepted_manifest_and_scheduler_log_confirmed,JUNCTIONS/hf_JUNCTIONS_job845.root
JUNCTIONS,846,0,131000847,accepted,accepted_manifest_and_scheduler_log_confirmed,JUNCTIONS/hf_JUNCTIONS_job846.root
JUNCTIONS,847,0,131000848,discarded,scheduler_log_confirmed,
JUNCTIONS,847,1,131100848,accepted,accepted_manifest_and_scheduler_log_confirmed,JUNCTIONS/hf_JUNCTIONS_job847.root
JUNCTIONS,848,0,131000849,accepted,accepted_manifest_and_scheduler_log_confirmed,JUNCTIONS/hf_JUNCTIONS_job848.root
JUNCTIONS,849,0,131000850,accepted,accepted_manifest_and_scheduler_log_confirmed,JUNCTIONS/hf_JUNCTIONS_job849.root
JUNCTIONS,850,0,131000851,accepted,accepted_manifest_and_scheduler_log_confirmed,JUNCTIONS/hf_JUNCTIONS_job850.root
JUNCTIONS,851,0,131000852,accepted,accepted_manifest_and_scheduler_log_confirmed,JUNCTIONS/hf_JUNCTIONS_job851.root
JUNCTIONS,852,0,131000853,accepted,accepted_manifest_and_scheduler_log_confirmed,JUNCTIONS/hf_JUNCTIONS_job852.root
JUNCTIONS,853,0,131000854,accepted,accepted_manifest_and_scheduler_log_confirmed,JUNCTIONS/hf_JUNCTIONS_job853.root
JUNCTIONS,854,0,131000855,accepted,accepted_manifest_and_scheduler_log_confirmed,JUNCTIONS/hf_JUNCTIONS_job854.root
JUNCTIONS,855,0,131000856,discarded,scheduler_log_confirmed,
JUNCTIONS,855,1,131100856,accepted,accepted_manifest_and_scheduler_log_confirmed,JUNCTIONS/hf_JUNCTIONS_job855.root
JUNCTIONS,856,0,131000857,accepted,accepted_manifest_and_scheduler_log_confirmed,JUNCTIONS/hf_JUNCTIONS_job856.root
JUNCTIONS,857,0,131000858,accepted,accepted_manifest_and_scheduler_log_confirmed,JUNCTIONS/hf_JUNCTIONS_job857.root
JUNCTIONS,858,0,131000859,accepted,accepted_manifest_and_scheduler_log_confirmed,JUNCTIONS/hf_JUNCTIONS_job858.root
JUNCTIONS,859,0,131000860,accepted,accepted_manifest_and_scheduler_log_confirmed,JUNCTIONS/hf_JUNCTIONS_job859.root
JUNCTIONS,860,0,131000861,accepted,accepted_manifest_and_scheduler_log_confirmed,JUNCTIONS/hf_JUNCTIONS_job860.root
JUNCTIONS,861,0,131000862,accepted,accepted_manifest_and_scheduler_log_confirmed,JUNCTIONS/hf_JUNCTIONS_job861.root
JUNCTIONS,862,0,131000863,accepted,accepted_manifest_and_scheduler_log_confirmed,JUNCTIONS/hf_JUNCTIONS_job862.root
JUNCTIONS,863,0,131000864,accepted,accepted_manifest_and_scheduler_log_confirmed,JUNCTIONS/hf_JUNCTIONS_job863.root
JUNCTIONS,864,0,131000865,accepted,accepted_manifest_and_scheduler_log_confirmed,JUNCTIONS/hf_JUNCTIONS_job864.root
JUNCTIONS,865,0,131000866,accepted,accepted_manifest_and_scheduler_log_confirmed,JUNCTIONS/hf_JUNCTIONS_job865.root
JUNCTIONS,866,0,131000867,accepted,accepted_manifest_and_scheduler_log_confirmed,JUNCTIONS/hf_JUNCTIONS_job866.root
JUNCTIONS,867,0,131000868,accepted,accepted_manifest_and_scheduler_log_confirmed,JUNCTIONS/hf_JUNCTIONS_job867.root
JUNCTIONS,868,0,131000869,accepted,accepted_manifest_and_scheduler_log_confirmed,JUNCTIONS/hf_JUNCTIONS_job868.root
JUNCTIONS,869,0,131000870,accepted,accepted_manifest_and_scheduler_log_confirmed,JUNCTIONS/hf_JUNCTIONS_job869.root
JUNCTIONS,870,0,131000871,accepted,accepted_manifest_and_scheduler_log_confirmed,JUNCTIONS/hf_JUNCTIONS_job870.root
JUNCTIONS,871,0,131000872,accepted,accepted_manifest_and_scheduler_log_confirmed,JUNCTIONS/hf_JUNCTIONS_job871.root
JUNCTIONS,872,0,131000873,accepted,accepted_manifest_and_scheduler_log_confirmed,JUNCTIONS/hf_JUNCTIONS_job872.root
JUNCTIONS,873,0,131000874,accepted,accepted_manifest_and_scheduler_log_confirmed,JUNCTIONS/hf_JUNCTIONS_job873.root
JUNCTIONS,874,0,131000875,accepted,accepted_manifest_and_scheduler_log_confirmed,JUNCTIONS/hf_JUNCTIONS_job874.root
JUNCTIONS,875,0,131000876,accepted,accepted_manifest_and_scheduler_log_confirmed,JUNCTIONS/hf_JUNCTIONS_job875.root
JUNCTIONS,876,0,131000877,accepted,accepted_manifest_and_scheduler_log_confirmed,JUNCTIONS/hf_JUNCTIONS_job876.root
JUNCTIONS,877,0,131000878,accepted,accepted_manifest_and_scheduler_log_confirmed,JUNCTIONS/hf_JUNCTIONS_job877.root
JUNCTIONS,878,0,131000879,accepted,accepted_manifest_and_scheduler_log_confirmed,JUNCTIONS/hf_JUNCTIONS_job878.root
JUNCTIONS,879,0,131000880,accepted,accepted_manifest_and_scheduler_log_confirmed,JUNCTIONS/hf_JUNCTIONS_job879.root
JUNCTIONS,880,0,131000881,accepted,accepted_manifest_and_scheduler_log_confirmed,JUNCTIONS/hf_JUNCTIONS_job880.root
JUNCTIONS,881,0,131000882,accepted,accepted_manifest_and_scheduler_log_confirmed,JUNCTIONS/hf_JUNCTIONS_job881.root
JUNCTIONS,882,0,131000883,accepted,accepted_manifest_and_scheduler_log_confirmed,JUNCTIONS/hf_JUNCTIONS_job882.root
JUNCTIONS,883,0,131000884,accepted,accepted_manifest_and_scheduler_log_confirmed,JUNCTIONS/hf_JUNCTIONS_job883.root
JUNCTIONS,884,0,131000885,accepted,accepted_manifest_and_scheduler_log_confirmed,JUNCTIONS/hf_JUNCTIONS_job884.root
JUNCTIONS,885,0,131000886,accepted,accepted_manifest_and_scheduler_log_confirmed,JUNCTIONS/hf_JUNCTIONS_job885.root
JUNCTIONS,886,0,131000887,accepted,accepted_manifest_and_scheduler_log_confirmed,JUNCTIONS/hf_JUNCTIONS_job886.root
JUNCTIONS,887,0,131000888,accepted,accepted_manifest_and_scheduler_log_confirmed,JUNCTIONS/hf_JUNCTIONS_job887.root
JUNCTIONS,888,0,131000889,accepted,accepted_manifest_and_scheduler_log_confirmed,JUNCTIONS/hf_JUNCTIONS_job888.root
JUNCTIONS,889,0,131000890,accepted,accepted_manifest_and_scheduler_log_confirmed,JUNCTIONS/hf_JUNCTIONS_job889.root
JUNCTIONS,890,0,131000891,discarded,scheduler_log_confirmed,
JUNCTIONS,890,1,131100891,accepted,accepted_manifest_and_scheduler_log_confirmed,JUNCTIONS/hf_JUNCTIONS_job890.root
JUNCTIONS,891,0,131000892,accepted,accepted_manifest_and_scheduler_log_confirmed,JUNCTIONS/hf_JUNCTIONS_job891.root
JUNCTIONS,892,0,131000893,accepted,accepted_manifest_and_scheduler_log_confirmed,JUNCTIONS/hf_JUNCTIONS_job892.root
JUNCTIONS,893,0,131000894,accepted,accepted_manifest_and_scheduler_log_confirmed,JUNCTIONS/hf_JUNCTIONS_job893.root
JUNCTIONS,894,0,131000895,accepted,accepted_manifest_and_scheduler_log_confirmed,JUNCTIONS/hf_JUNCTIONS_job894.root
JUNCTIONS,895,0,131000896,accepted,accepted_manifest_and_scheduler_log_confirmed,JUNCTIONS/hf_JUNCTIONS_job895.root
JUNCTIONS,896,0,131000897,accepted,accepted_manifest_and_scheduler_log_confirmed,JUNCTIONS/hf_JUNCTIONS_job896.root
JUNCTIONS,897,0,131000898,accepted,accepted_manifest_and_scheduler_log_confirmed,JUNCTIONS/hf_JUNCTIONS_job897.root
JUNCTIONS,898,0,131000899,discarded,scheduler_log_confirmed,
JUNCTIONS,898,1,131100899,accepted,accepted_manifest_and_scheduler_log_confirmed,JUNCTIONS/hf_JUNCTIONS_job898.root
JUNCTIONS,899,0,131000900,accepted,accepted_manifest_and_scheduler_log_confirmed,JUNCTIONS/hf_JUNCTIONS_job899.root
JUNCTIONS,900,0,131000901,accepted,accepted_manifest_and_scheduler_log_confirmed,JUNCTIONS/hf_JUNCTIONS_job900.root
JUNCTIONS,901,0,131000902,accepted,accepted_manifest_and_scheduler_log_confirmed,JUNCTIONS/hf_JUNCTIONS_job901.root
JUNCTIONS,902,0,131000903,accepted,accepted_manifest_and_scheduler_log_confirmed,JUNCTIONS/hf_JUNCTIONS_job902.root
JUNCTIONS,903,0,131000904,discarded,scheduler_log_confirmed,
JUNCTIONS,903,1,131100904,accepted,accepted_manifest_and_scheduler_log_confirmed,JUNCTIONS/hf_JUNCTIONS_job903.root
JUNCTIONS,904,0,131000905,accepted,accepted_manifest_and_scheduler_log_confirmed,JUNCTIONS/hf_JUNCTIONS_job904.root
JUNCTIONS,905,0,131000906,accepted,accepted_manifest_and_scheduler_log_confirmed,JUNCTIONS/hf_JUNCTIONS_job905.root
JUNCTIONS,906,0,131000907,accepted,accepted_manifest_and_scheduler_log_confirmed,JUNCTIONS/hf_JUNCTIONS_job906.root
JUNCTIONS,907,0,131000908,accepted,accepted_manifest_and_scheduler_log_confirmed,JUNCTIONS/hf_JUNCTIONS_job907.root
JUNCTIONS,908,0,131000909,accepted,accepted_manifest_and_scheduler_log_confirmed,JUNCTIONS/hf_JUNCTIONS_job908.root
JUNCTIONS,909,0,131000910,accepted,accepted_manifest_and_scheduler_log_confirmed,JUNCTIONS/hf_JUNCTIONS_job909.root
JUNCTIONS,910,0,131000911,accepted,accepted_manifest_and_scheduler_log_confirmed,JUNCTIONS/hf_JUNCTIONS_job910.root
JUNCTIONS,911,0,131000912,accepted,accepted_manifest_and_scheduler_log_confirmed,JUNCTIONS/hf_JUNCTIONS_job911.root
JUNCTIONS,912,0,131000913,discarded,scheduler_log_confirmed,
JUNCTIONS,912,1,131100913,accepted,accepted_manifest_and_scheduler_log_confirmed,JUNCTIONS/hf_JUNCTIONS_job912.root
JUNCTIONS,913,0,131000914,accepted,accepted_manifest_and_scheduler_log_confirmed,JUNCTIONS/hf_JUNCTIONS_job913.root
JUNCTIONS,914,0,131000915,accepted,accepted_manifest_and_scheduler_log_confirmed,JUNCTIONS/hf_JUNCTIONS_job914.root
JUNCTIONS,915,0,131000916,accepted,accepted_manifest_and_scheduler_log_confirmed,JUNCTIONS/hf_JUNCTIONS_job915.root
JUNCTIONS,916,0,131000917,accepted,accepted_manifest_and_scheduler_log_confirmed,JUNCTIONS/hf_JUNCTIONS_job916.root
JUNCTIONS,917,0,131000918,accepted,accepted_manifest_and_scheduler_log_confirmed,JUNCTIONS/hf_JUNCTIONS_job917.root
JUNCTIONS,918,0,131000919,accepted,accepted_manifest_and_scheduler_log_confirmed,JUNCTIONS/hf_JUNCTIONS_job918.root
JUNCTIONS,919,0,131000920,accepted,accepted_manifest_and_scheduler_log_confirmed,JUNCTIONS/hf_JUNCTIONS_job919.root
JUNCTIONS,920,0,131000921,accepted,accepted_manifest_and_scheduler_log_confirmed,JUNCTIONS/hf_JUNCTIONS_job920.root
JUNCTIONS,921,0,131000922,accepted,accepted_manifest_and_scheduler_log_confirmed,JUNCTIONS/hf_JUNCTIONS_job921.root
JUNCTIONS,922,0,131000923,accepted,accepted_manifest_and_scheduler_log_confirmed,JUNCTIONS/hf_JUNCTIONS_job922.root
JUNCTIONS,923,0,131000924,accepted,accepted_manifest_and_scheduler_log_confirmed,JUNCTIONS/hf_JUNCTIONS_job923.root
JUNCTIONS,924,0,131000925,accepted,accepted_manifest_and_scheduler_log_confirmed,JUNCTIONS/hf_JUNCTIONS_job924.root
JUNCTIONS,925,0,131000926,accepted,accepted_manifest_and_scheduler_log_confirmed,JUNCTIONS/hf_JUNCTIONS_job925.root
JUNCTIONS,926,0,131000927,accepted,accepted_manifest_and_scheduler_log_confirmed,JUNCTIONS/hf_JUNCTIONS_job926.root
JUNCTIONS,927,0,131000928,accepted,accepted_manifest_and_scheduler_log_confirmed,JUNCTIONS/hf_JUNCTIONS_job927.root
JUNCTIONS,928,0,131000929,accepted,accepted_manifest_and_scheduler_log_confirmed,JUNCTIONS/hf_JUNCTIONS_job928.root
JUNCTIONS,929,0,131000930,accepted,accepted_manifest_and_scheduler_log_confirmed,JUNCTIONS/hf_JUNCTIONS_job929.root
JUNCTIONS,930,0,131000931,accepted,accepted_manifest_and_scheduler_log_confirmed,JUNCTIONS/hf_JUNCTIONS_job930.root
JUNCTIONS,931,0,131000932,accepted,accepted_manifest_and_scheduler_log_confirmed,JUNCTIONS/hf_JUNCTIONS_job931.root
JUNCTIONS,932,0,131000933,accepted,accepted_manifest_and_scheduler_log_confirmed,JUNCTIONS/hf_JUNCTIONS_job932.root
JUNCTIONS,933,0,131000934,accepted,accepted_manifest_and_scheduler_log_confirmed,JUNCTIONS/hf_JUNCTIONS_job933.root
JUNCTIONS,934,0,131000935,accepted,accepted_manifest_and_scheduler_log_confirmed,JUNCTIONS/hf_JUNCTIONS_job934.root
JUNCTIONS,935,0,131000936,accepted,accepted_manifest_and_scheduler_log_confirmed,JUNCTIONS/hf_JUNCTIONS_job935.root
JUNCTIONS,936,0,131000937,accepted,accepted_manifest_and_scheduler_log_confirmed,JUNCTIONS/hf_JUNCTIONS_job936.root
JUNCTIONS,937,0,131000938,accepted,accepted_manifest_and_scheduler_log_confirmed,JUNCTIONS/hf_JUNCTIONS_job937.root
JUNCTIONS,938,0,131000939,accepted,accepted_manifest_and_scheduler_log_confirmed,JUNCTIONS/hf_JUNCTIONS_job938.root
JUNCTIONS,939,0,131000940,accepted,accepted_manifest_and_scheduler_log_confirmed,JUNCTIONS/hf_JUNCTIONS_job939.root
JUNCTIONS,940,0,131000941,accepted,accepted_manifest_and_scheduler_log_confirmed,JUNCTIONS/hf_JUNCTIONS_job940.root
JUNCTIONS,941,0,131000942,accepted,accepted_manifest_and_scheduler_log_confirmed,JUNCTIONS/hf_JUNCTIONS_job941.root
JUNCTIONS,942,0,131000943,accepted,accepted_manifest_and_scheduler_log_confirmed,JUNCTIONS/hf_JUNCTIONS_job942.root
JUNCTIONS,943,0,131000944,accepted,accepted_manifest_and_scheduler_log_confirmed,JUNCTIONS/hf_JUNCTIONS_job943.root
JUNCTIONS,944,0,131000945,accepted,accepted_manifest_and_scheduler_log_confirmed,JUNCTIONS/hf_JUNCTIONS_job944.root
JUNCTIONS,945,0,131000946,accepted,accepted_manifest_and_scheduler_log_confirmed,JUNCTIONS/hf_JUNCTIONS_job945.root
JUNCTIONS,946,0,131000947,accepted,accepted_manifest_and_scheduler_log_confirmed,JUNCTIONS/hf_JUNCTIONS_job946.root
JUNCTIONS,947,0,131000948,accepted,accepted_manifest_and_scheduler_log_confirmed,JUNCTIONS/hf_JUNCTIONS_job947.root
JUNCTIONS,948,0,131000949,accepted,accepted_manifest_and_scheduler_log_confirmed,JUNCTIONS/hf_JUNCTIONS_job948.root
JUNCTIONS,949,0,131000950,discarded,scheduler_log_confirmed,
JUNCTIONS,949,1,131100950,accepted,accepted_manifest_and_scheduler_log_confirmed,JUNCTIONS/hf_JUNCTIONS_job949.root
JUNCTIONS,950,0,131000951,accepted,accepted_manifest_and_scheduler_log_confirmed,JUNCTIONS/hf_JUNCTIONS_job950.root
JUNCTIONS,951,0,131000952,accepted,accepted_manifest_and_scheduler_log_confirmed,JUNCTIONS/hf_JUNCTIONS_job951.root
JUNCTIONS,952,0,131000953,accepted,accepted_manifest_and_scheduler_log_confirmed,JUNCTIONS/hf_JUNCTIONS_job952.root
JUNCTIONS,953,0,131000954,accepted,accepted_manifest_and_scheduler_log_confirmed,JUNCTIONS/hf_JUNCTIONS_job953.root
JUNCTIONS,954,0,131000955,accepted,accepted_manifest_and_scheduler_log_confirmed,JUNCTIONS/hf_JUNCTIONS_job954.root
JUNCTIONS,955,0,131000956,accepted,accepted_manifest_and_scheduler_log_confirmed,JUNCTIONS/hf_JUNCTIONS_job955.root
JUNCTIONS,956,0,131000957,accepted,accepted_manifest_and_scheduler_log_confirmed,JUNCTIONS/hf_JUNCTIONS_job956.root
JUNCTIONS,957,0,131000958,accepted,accepted_manifest_and_scheduler_log_confirmed,JUNCTIONS/hf_JUNCTIONS_job957.root
JUNCTIONS,958,0,131000959,accepted,accepted_manifest_and_scheduler_log_confirmed,JUNCTIONS/hf_JUNCTIONS_job958.root
JUNCTIONS,959,0,131000960,accepted,accepted_manifest_and_scheduler_log_confirmed,JUNCTIONS/hf_JUNCTIONS_job959.root
JUNCTIONS,960,0,131000961,accepted,accepted_manifest_and_scheduler_log_confirmed,JUNCTIONS/hf_JUNCTIONS_job960.root
JUNCTIONS,961,0,131000962,accepted,accepted_manifest_and_scheduler_log_confirmed,JUNCTIONS/hf_JUNCTIONS_job961.root
JUNCTIONS,962,0,131000963,accepted,accepted_manifest_and_scheduler_log_confirmed,JUNCTIONS/hf_JUNCTIONS_job962.root
JUNCTIONS,963,0,131000964,accepted,accepted_manifest_and_scheduler_log_confirmed,JUNCTIONS/hf_JUNCTIONS_job963.root
JUNCTIONS,964,0,131000965,accepted,accepted_manifest_and_scheduler_log_confirmed,JUNCTIONS/hf_JUNCTIONS_job964.root
JUNCTIONS,965,0,131000966,accepted,accepted_manifest_and_scheduler_log_confirmed,JUNCTIONS/hf_JUNCTIONS_job965.root
JUNCTIONS,966,0,131000967,accepted,accepted_manifest_and_scheduler_log_confirmed,JUNCTIONS/hf_JUNCTIONS_job966.root
JUNCTIONS,967,0,131000968,accepted,accepted_manifest_and_scheduler_log_confirmed,JUNCTIONS/hf_JUNCTIONS_job967.root
JUNCTIONS,968,0,131000969,accepted,accepted_manifest_and_scheduler_log_confirmed,JUNCTIONS/hf_JUNCTIONS_job968.root
JUNCTIONS,969,0,131000970,discarded,scheduler_log_confirmed,
JUNCTIONS,969,1,131100970,accepted,accepted_manifest_and_scheduler_log_confirmed,JUNCTIONS/hf_JUNCTIONS_job969.root
JUNCTIONS,970,0,131000971,discarded,scheduler_log_confirmed,
JUNCTIONS,970,1,131100971,accepted,accepted_manifest_and_scheduler_log_confirmed,JUNCTIONS/hf_JUNCTIONS_job970.root
JUNCTIONS,971,0,131000972,accepted,accepted_manifest_and_scheduler_log_confirmed,JUNCTIONS/hf_JUNCTIONS_job971.root
JUNCTIONS,972,0,131000973,accepted,accepted_manifest_and_scheduler_log_confirmed,JUNCTIONS/hf_JUNCTIONS_job972.root
JUNCTIONS,973,0,131000974,accepted,accepted_manifest_and_scheduler_log_confirmed,JUNCTIONS/hf_JUNCTIONS_job973.root
JUNCTIONS,974,0,131000975,accepted,accepted_manifest_and_scheduler_log_confirmed,JUNCTIONS/hf_JUNCTIONS_job974.root
JUNCTIONS,975,0,131000976,accepted,accepted_manifest_and_scheduler_log_confirmed,JUNCTIONS/hf_JUNCTIONS_job975.root
JUNCTIONS,976,0,131000977,accepted,accepted_manifest_and_scheduler_log_confirmed,JUNCTIONS/hf_JUNCTIONS_job976.root
JUNCTIONS,977,0,131000978,accepted,accepted_manifest_and_scheduler_log_confirmed,JUNCTIONS/hf_JUNCTIONS_job977.root
JUNCTIONS,978,0,131000979,accepted,accepted_manifest_and_scheduler_log_confirmed,JUNCTIONS/hf_JUNCTIONS_job978.root
JUNCTIONS,979,0,131000980,accepted,accepted_manifest_and_scheduler_log_confirmed,JUNCTIONS/hf_JUNCTIONS_job979.root
JUNCTIONS,980,0,131000981,accepted,accepted_manifest_and_scheduler_log_confirmed,JUNCTIONS/hf_JUNCTIONS_job980.root
JUNCTIONS,981,0,131000982,accepted,accepted_manifest_and_scheduler_log_confirmed,JUNCTIONS/hf_JUNCTIONS_job981.root
JUNCTIONS,982,0,131000983,accepted,accepted_manifest_and_scheduler_log_confirmed,JUNCTIONS/hf_JUNCTIONS_job982.root
JUNCTIONS,983,0,131000984,accepted,accepted_manifest_and_scheduler_log_confirmed,JUNCTIONS/hf_JUNCTIONS_job983.root
JUNCTIONS,984,0,131000985,accepted,accepted_manifest_and_scheduler_log_confirmed,JUNCTIONS/hf_JUNCTIONS_job984.root
JUNCTIONS,985,0,131000986,accepted,accepted_manifest_and_scheduler_log_confirmed,JUNCTIONS/hf_JUNCTIONS_job985.root
JUNCTIONS,986,0,131000987,accepted,accepted_manifest_and_scheduler_log_confirmed,JUNCTIONS/hf_JUNCTIONS_job986.root
JUNCTIONS,987,0,131000988,accepted,accepted_manifest_and_scheduler_log_confirmed,JUNCTIONS/hf_JUNCTIONS_job987.root
JUNCTIONS,988,0,131000989,accepted,accepted_manifest_and_scheduler_log_confirmed,JUNCTIONS/hf_JUNCTIONS_job988.root
JUNCTIONS,989,0,131000990,accepted,accepted_manifest_and_scheduler_log_confirmed,JUNCTIONS/hf_JUNCTIONS_job989.root
JUNCTIONS,990,0,131000991,accepted,accepted_manifest_and_scheduler_log_confirmed,JUNCTIONS/hf_JUNCTIONS_job990.root
JUNCTIONS,991,0,131000992,accepted,accepted_manifest_and_scheduler_log_confirmed,JUNCTIONS/hf_JUNCTIONS_job991.root
JUNCTIONS,992,0,131000993,accepted,accepted_manifest_and_scheduler_log_confirmed,JUNCTIONS/hf_JUNCTIONS_job992.root
JUNCTIONS,993,0,131000994,accepted,accepted_manifest_and_scheduler_log_confirmed,JUNCTIONS/hf_JUNCTIONS_job993.root
JUNCTIONS,994,0,131000995,accepted,accepted_manifest_and_scheduler_log_confirmed,JUNCTIONS/hf_JUNCTIONS_job994.root
JUNCTIONS,995,0,131000996,accepted,accepted_manifest_and_scheduler_log_confirmed,JUNCTIONS/hf_JUNCTIONS_job995.root
JUNCTIONS,996,0,131000997,accepted,accepted_manifest_and_scheduler_log_confirmed,JUNCTIONS/hf_JUNCTIONS_job996.root
JUNCTIONS,997,0,131000998,accepted,accepted_manifest_and_scheduler_log_confirmed,JUNCTIONS/hf_JUNCTIONS_job997.root
JUNCTIONS,998,0,131000999,accepted,accepted_manifest_and_scheduler_log_confirmed,JUNCTIONS/hf_JUNCTIONS_job998.root
JUNCTIONS,999,0,131001000,accepted,accepted_manifest_and_scheduler_log_confirmed,JUNCTIONS/hf_JUNCTIONS_job999.root
CLOSEPACKING,0,0,132000001,accepted,accepted_manifest_and_scheduler_log_confirmed,CLOSEPACKING/hf_CLOSEPACKING_job000.root
CLOSEPACKING,1,0,132000002,accepted,accepted_manifest_and_scheduler_log_confirmed,CLOSEPACKING/hf_CLOSEPACKING_job001.root
CLOSEPACKING,2,0,132000003,accepted,accepted_manifest_and_scheduler_log_confirmed,CLOSEPACKING/hf_CLOSEPACKING_job002.root
CLOSEPACKING,3,0,132000004,accepted,accepted_manifest_and_scheduler_log_confirmed,CLOSEPACKING/hf_CLOSEPACKING_job003.root
CLOSEPACKING,4,0,132000005,accepted,accepted_manifest_and_scheduler_log_confirmed,CLOSEPACKING/hf_CLOSEPACKING_job004.root
CLOSEPACKING,5,0,132000006,accepted,accepted_manifest_and_scheduler_log_confirmed,CLOSEPACKING/hf_CLOSEPACKING_job005.root
CLOSEPACKING,6,0,132000007,accepted,accepted_manifest_and_scheduler_log_confirmed,CLOSEPACKING/hf_CLOSEPACKING_job006.root
CLOSEPACKING,7,0,132000008,accepted,accepted_manifest_and_scheduler_log_confirmed,CLOSEPACKING/hf_CLOSEPACKING_job007.root
CLOSEPACKING,8,0,132000009,accepted,accepted_manifest_and_scheduler_log_confirmed,CLOSEPACKING/hf_CLOSEPACKING_job008.root
CLOSEPACKING,9,0,132000010,accepted,accepted_manifest_and_scheduler_log_confirmed,CLOSEPACKING/hf_CLOSEPACKING_job009.root
CLOSEPACKING,10,0,132000011,accepted,accepted_manifest_and_scheduler_log_confirmed,CLOSEPACKING/hf_CLOSEPACKING_job010.root
CLOSEPACKING,11,0,132000012,discarded,scheduler_log_confirmed,
CLOSEPACKING,11,1,132100012,accepted,accepted_manifest_and_scheduler_log_confirmed,CLOSEPACKING/hf_CLOSEPACKING_job011.root
CLOSEPACKING,12,0,132000013,discarded,scheduler_log_confirmed,
CLOSEPACKING,12,1,132100013,accepted,accepted_manifest_and_scheduler_log_confirmed,CLOSEPACKING/hf_CLOSEPACKING_job012.root
CLOSEPACKING,13,0,132000014,accepted,accepted_manifest_and_scheduler_log_confirmed,CLOSEPACKING/hf_CLOSEPACKING_job013.root
CLOSEPACKING,14,0,132000015,accepted,accepted_manifest_and_scheduler_log_confirmed,CLOSEPACKING/hf_CLOSEPACKING_job014.root
CLOSEPACKING,15,0,132000016,accepted,accepted_manifest_and_scheduler_log_confirmed,CLOSEPACKING/hf_CLOSEPACKING_job015.root
CLOSEPACKING,16,0,132000017,discarded,scheduler_log_confirmed,
CLOSEPACKING,16,1,132100017,accepted,accepted_manifest_and_scheduler_log_confirmed,CLOSEPACKING/hf_CLOSEPACKING_job016.root
CLOSEPACKING,17,0,132000018,accepted,accepted_manifest_and_scheduler_log_confirmed,CLOSEPACKING/hf_CLOSEPACKING_job017.root
CLOSEPACKING,18,0,132000019,accepted,accepted_manifest_and_scheduler_log_confirmed,CLOSEPACKING/hf_CLOSEPACKING_job018.root
CLOSEPACKING,19,0,132000020,accepted,accepted_manifest_and_scheduler_log_confirmed,CLOSEPACKING/hf_CLOSEPACKING_job019.root
CLOSEPACKING,20,0,132000021,accepted,accepted_manifest_and_scheduler_log_confirmed,CLOSEPACKING/hf_CLOSEPACKING_job020.root
CLOSEPACKING,21,0,132000022,accepted,accepted_manifest_and_scheduler_log_confirmed,CLOSEPACKING/hf_CLOSEPACKING_job021.root
CLOSEPACKING,22,0,132000023,accepted,accepted_manifest_and_scheduler_log_confirmed,CLOSEPACKING/hf_CLOSEPACKING_job022.root
CLOSEPACKING,23,0,132000024,accepted,accepted_manifest_and_scheduler_log_confirmed,CLOSEPACKING/hf_CLOSEPACKING_job023.root
CLOSEPACKING,24,0,132000025,accepted,accepted_manifest_and_scheduler_log_confirmed,CLOSEPACKING/hf_CLOSEPACKING_job024.root
CLOSEPACKING,25,0,132000026,accepted,accepted_manifest_and_scheduler_log_confirmed,CLOSEPACKING/hf_CLOSEPACKING_job025.root
CLOSEPACKING,26,0,132000027,accepted,accepted_manifest_and_scheduler_log_confirmed,CLOSEPACKING/hf_CLOSEPACKING_job026.root
CLOSEPACKING,27,0,132000028,discarded,scheduler_log_confirmed,
CLOSEPACKING,27,1,132100028,discarded,scheduler_log_confirmed,
CLOSEPACKING,27,2,132200028,accepted,accepted_manifest_and_scheduler_log_confirmed,CLOSEPACKING/hf_CLOSEPACKING_job027.root
CLOSEPACKING,28,0,132000029,accepted,accepted_manifest_and_scheduler_log_confirmed,CLOSEPACKING/hf_CLOSEPACKING_job028.root
CLOSEPACKING,29,0,132000030,accepted,accepted_manifest_and_scheduler_log_confirmed,CLOSEPACKING/hf_CLOSEPACKING_job029.root
CLOSEPACKING,30,0,132000031,accepted,accepted_manifest_and_scheduler_log_confirmed,CLOSEPACKING/hf_CLOSEPACKING_job030.root
CLOSEPACKING,31,0,132000032,accepted,accepted_manifest_and_scheduler_log_confirmed,CLOSEPACKING/hf_CLOSEPACKING_job031.root
CLOSEPACKING,32,0,132000033,discarded,scheduler_log_confirmed,
CLOSEPACKING,32,1,132100033,accepted,accepted_manifest_and_scheduler_log_confirmed,CLOSEPACKING/hf_CLOSEPACKING_job032.root
CLOSEPACKING,33,0,132000034,discarded,scheduler_log_confirmed,
CLOSEPACKING,33,1,132100034,discarded,scheduler_log_confirmed,
CLOSEPACKING,33,2,132200034,accepted,accepted_manifest_and_scheduler_log_confirmed,CLOSEPACKING/hf_CLOSEPACKING_job033.root
CLOSEPACKING,34,0,132000035,discarded,scheduler_log_confirmed,
CLOSEPACKING,34,1,132100035,accepted,accepted_manifest_and_scheduler_log_confirmed,CLOSEPACKING/hf_CLOSEPACKING_job034.root
CLOSEPACKING,35,0,132000036,discarded,scheduler_log_confirmed,
CLOSEPACKING,35,1,132100036,accepted,accepted_manifest_and_scheduler_log_confirmed,CLOSEPACKING/hf_CLOSEPACKING_job035.root
CLOSEPACKING,36,0,132000037,accepted,accepted_manifest_and_scheduler_log_confirmed,CLOSEPACKING/hf_CLOSEPACKING_job036.root
CLOSEPACKING,37,0,132000038,accepted,accepted_manifest_and_scheduler_log_confirmed,CLOSEPACKING/hf_CLOSEPACKING_job037.root
CLOSEPACKING,38,0,132000039,accepted,accepted_manifest_and_scheduler_log_confirmed,CLOSEPACKING/hf_CLOSEPACKING_job038.root
CLOSEPACKING,39,0,132000040,accepted,accepted_manifest_and_scheduler_log_confirmed,CLOSEPACKING/hf_CLOSEPACKING_job039.root
CLOSEPACKING,40,0,132000041,accepted,accepted_manifest_and_scheduler_log_confirmed,CLOSEPACKING/hf_CLOSEPACKING_job040.root
CLOSEPACKING,41,0,132000042,accepted,accepted_manifest_and_scheduler_log_confirmed,CLOSEPACKING/hf_CLOSEPACKING_job041.root
CLOSEPACKING,42,0,132000043,accepted,accepted_manifest_and_scheduler_log_confirmed,CLOSEPACKING/hf_CLOSEPACKING_job042.root
CLOSEPACKING,43,0,132000044,accepted,accepted_manifest_and_scheduler_log_confirmed,CLOSEPACKING/hf_CLOSEPACKING_job043.root
CLOSEPACKING,44,0,132000045,accepted,accepted_manifest_and_scheduler_log_confirmed,CLOSEPACKING/hf_CLOSEPACKING_job044.root
CLOSEPACKING,45,0,132000046,accepted,accepted_manifest_and_scheduler_log_confirmed,CLOSEPACKING/hf_CLOSEPACKING_job045.root
CLOSEPACKING,46,0,132000047,accepted,accepted_manifest_and_scheduler_log_confirmed,CLOSEPACKING/hf_CLOSEPACKING_job046.root
CLOSEPACKING,47,0,132000048,accepted,accepted_manifest_and_scheduler_log_confirmed,CLOSEPACKING/hf_CLOSEPACKING_job047.root
CLOSEPACKING,48,0,132000049,discarded,scheduler_log_confirmed,
CLOSEPACKING,48,1,132100049,accepted,accepted_manifest_and_scheduler_log_confirmed,CLOSEPACKING/hf_CLOSEPACKING_job048.root
CLOSEPACKING,49,0,132000050,accepted,accepted_manifest_and_scheduler_log_confirmed,CLOSEPACKING/hf_CLOSEPACKING_job049.root
CLOSEPACKING,50,0,132000051,accepted,accepted_manifest_and_scheduler_log_confirmed,CLOSEPACKING/hf_CLOSEPACKING_job050.root
CLOSEPACKING,51,0,132000052,accepted,accepted_manifest_and_scheduler_log_confirmed,CLOSEPACKING/hf_CLOSEPACKING_job051.root
CLOSEPACKING,52,0,132000053,accepted,accepted_manifest_and_scheduler_log_confirmed,CLOSEPACKING/hf_CLOSEPACKING_job052.root
CLOSEPACKING,53,0,132000054,accepted,accepted_manifest_and_scheduler_log_confirmed,CLOSEPACKING/hf_CLOSEPACKING_job053.root
CLOSEPACKING,54,0,132000055,accepted,accepted_manifest_and_scheduler_log_confirmed,CLOSEPACKING/hf_CLOSEPACKING_job054.root
CLOSEPACKING,55,0,132000056,accepted,accepted_manifest_and_scheduler_log_confirmed,CLOSEPACKING/hf_CLOSEPACKING_job055.root
CLOSEPACKING,56,0,132000057,accepted,accepted_manifest_and_scheduler_log_confirmed,CLOSEPACKING/hf_CLOSEPACKING_job056.root
CLOSEPACKING,57,0,132000058,accepted,accepted_manifest_and_scheduler_log_confirmed,CLOSEPACKING/hf_CLOSEPACKING_job057.root
CLOSEPACKING,58,0,132000059,accepted,accepted_manifest_and_scheduler_log_confirmed,CLOSEPACKING/hf_CLOSEPACKING_job058.root
CLOSEPACKING,59,0,132000060,accepted,accepted_manifest_and_scheduler_log_confirmed,CLOSEPACKING/hf_CLOSEPACKING_job059.root
CLOSEPACKING,60,0,132000061,accepted,accepted_manifest_and_scheduler_log_confirmed,CLOSEPACKING/hf_CLOSEPACKING_job060.root
CLOSEPACKING,61,0,132000062,accepted,accepted_manifest_and_scheduler_log_confirmed,CLOSEPACKING/hf_CLOSEPACKING_job061.root
CLOSEPACKING,62,0,132000063,accepted,accepted_manifest_and_scheduler_log_confirmed,CLOSEPACKING/hf_CLOSEPACKING_job062.root
CLOSEPACKING,63,0,132000064,accepted,accepted_manifest_and_scheduler_log_confirmed,CLOSEPACKING/hf_CLOSEPACKING_job063.root
CLOSEPACKING,64,0,132000065,accepted,accepted_manifest_and_scheduler_log_confirmed,CLOSEPACKING/hf_CLOSEPACKING_job064.root
CLOSEPACKING,65,0,132000066,accepted,accepted_manifest_and_scheduler_log_confirmed,CLOSEPACKING/hf_CLOSEPACKING_job065.root
CLOSEPACKING,66,0,132000067,accepted,accepted_manifest_and_scheduler_log_confirmed,CLOSEPACKING/hf_CLOSEPACKING_job066.root
CLOSEPACKING,67,0,132000068,accepted,accepted_manifest_and_scheduler_log_confirmed,CLOSEPACKING/hf_CLOSEPACKING_job067.root
CLOSEPACKING,68,0,132000069,accepted,accepted_manifest_and_scheduler_log_confirmed,CLOSEPACKING/hf_CLOSEPACKING_job068.root
CLOSEPACKING,69,0,132000070,accepted,accepted_manifest_and_scheduler_log_confirmed,CLOSEPACKING/hf_CLOSEPACKING_job069.root
CLOSEPACKING,70,0,132000071,accepted,accepted_manifest_and_scheduler_log_confirmed,CLOSEPACKING/hf_CLOSEPACKING_job070.root
CLOSEPACKING,71,0,132000072,accepted,accepted_manifest_and_scheduler_log_confirmed,CLOSEPACKING/hf_CLOSEPACKING_job071.root
CLOSEPACKING,72,0,132000073,accepted,accepted_manifest_and_scheduler_log_confirmed,CLOSEPACKING/hf_CLOSEPACKING_job072.root
CLOSEPACKING,73,0,132000074,accepted,accepted_manifest_and_scheduler_log_confirmed,CLOSEPACKING/hf_CLOSEPACKING_job073.root
CLOSEPACKING,74,0,132000075,accepted,accepted_manifest_and_scheduler_log_confirmed,CLOSEPACKING/hf_CLOSEPACKING_job074.root
CLOSEPACKING,75,0,132000076,accepted,accepted_manifest_and_scheduler_log_confirmed,CLOSEPACKING/hf_CLOSEPACKING_job075.root
CLOSEPACKING,76,0,132000077,accepted,accepted_manifest_and_scheduler_log_confirmed,CLOSEPACKING/hf_CLOSEPACKING_job076.root
CLOSEPACKING,77,0,132000078,accepted,accepted_manifest_and_scheduler_log_confirmed,CLOSEPACKING/hf_CLOSEPACKING_job077.root
CLOSEPACKING,78,0,132000079,accepted,accepted_manifest_and_scheduler_log_confirmed,CLOSEPACKING/hf_CLOSEPACKING_job078.root
CLOSEPACKING,79,0,132000080,accepted,accepted_manifest_and_scheduler_log_confirmed,CLOSEPACKING/hf_CLOSEPACKING_job079.root
CLOSEPACKING,80,0,132000081,accepted,accepted_manifest_and_scheduler_log_confirmed,CLOSEPACKING/hf_CLOSEPACKING_job080.root
CLOSEPACKING,81,0,132000082,accepted,accepted_manifest_and_scheduler_log_confirmed,CLOSEPACKING/hf_CLOSEPACKING_job081.root
CLOSEPACKING,82,0,132000083,accepted,accepted_manifest_and_scheduler_log_confirmed,CLOSEPACKING/hf_CLOSEPACKING_job082.root
CLOSEPACKING,83,0,132000084,accepted,accepted_manifest_and_scheduler_log_confirmed,CLOSEPACKING/hf_CLOSEPACKING_job083.root
CLOSEPACKING,84,0,132000085,accepted,accepted_manifest_and_scheduler_log_confirmed,CLOSEPACKING/hf_CLOSEPACKING_job084.root
CLOSEPACKING,85,0,132000086,discarded,scheduler_log_confirmed,
CLOSEPACKING,85,1,132100086,accepted,accepted_manifest_and_scheduler_log_confirmed,CLOSEPACKING/hf_CLOSEPACKING_job085.root
CLOSEPACKING,86,0,132000087,accepted,accepted_manifest_and_scheduler_log_confirmed,CLOSEPACKING/hf_CLOSEPACKING_job086.root
CLOSEPACKING,87,0,132000088,accepted,accepted_manifest_and_scheduler_log_confirmed,CLOSEPACKING/hf_CLOSEPACKING_job087.root
CLOSEPACKING,88,0,132000089,accepted,accepted_manifest_and_scheduler_log_confirmed,CLOSEPACKING/hf_CLOSEPACKING_job088.root
CLOSEPACKING,89,0,132000090,accepted,accepted_manifest_and_scheduler_log_confirmed,CLOSEPACKING/hf_CLOSEPACKING_job089.root
CLOSEPACKING,90,0,132000091,accepted,accepted_manifest_and_scheduler_log_confirmed,CLOSEPACKING/hf_CLOSEPACKING_job090.root
CLOSEPACKING,91,0,132000092,accepted,accepted_manifest_and_scheduler_log_confirmed,CLOSEPACKING/hf_CLOSEPACKING_job091.root
CLOSEPACKING,92,0,132000093,accepted,accepted_manifest_and_scheduler_log_confirmed,CLOSEPACKING/hf_CLOSEPACKING_job092.root
CLOSEPACKING,93,0,132000094,accepted,accepted_manifest_and_scheduler_log_confirmed,CLOSEPACKING/hf_CLOSEPACKING_job093.root
CLOSEPACKING,94,0,132000095,accepted,accepted_manifest_and_scheduler_log_confirmed,CLOSEPACKING/hf_CLOSEPACKING_job094.root
CLOSEPACKING,95,0,132000096,accepted,accepted_manifest_and_scheduler_log_confirmed,CLOSEPACKING/hf_CLOSEPACKING_job095.root
CLOSEPACKING,96,0,132000097,accepted,accepted_manifest_and_scheduler_log_confirmed,CLOSEPACKING/hf_CLOSEPACKING_job096.root
CLOSEPACKING,97,0,132000098,accepted,accepted_manifest_and_scheduler_log_confirmed,CLOSEPACKING/hf_CLOSEPACKING_job097.root
CLOSEPACKING,98,0,132000099,accepted,accepted_manifest_and_scheduler_log_confirmed,CLOSEPACKING/hf_CLOSEPACKING_job098.root
CLOSEPACKING,99,0,132000100,accepted,accepted_manifest_and_scheduler_log_confirmed,CLOSEPACKING/hf_CLOSEPACKING_job099.root
CLOSEPACKING,100,0,132000101,accepted,accepted_manifest_and_scheduler_log_confirmed,CLOSEPACKING/hf_CLOSEPACKING_job100.root
CLOSEPACKING,101,0,132000102,accepted,accepted_manifest_and_scheduler_log_confirmed,CLOSEPACKING/hf_CLOSEPACKING_job101.root
CLOSEPACKING,102,0,132000103,discarded,scheduler_log_confirmed,
CLOSEPACKING,102,1,132100103,accepted,accepted_manifest_and_scheduler_log_confirmed,CLOSEPACKING/hf_CLOSEPACKING_job102.root
CLOSEPACKING,103,0,132000104,accepted,accepted_manifest_and_scheduler_log_confirmed,CLOSEPACKING/hf_CLOSEPACKING_job103.root
CLOSEPACKING,104,0,132000105,accepted,accepted_manifest_and_scheduler_log_confirmed,CLOSEPACKING/hf_CLOSEPACKING_job104.root
CLOSEPACKING,105,0,132000106,accepted,accepted_manifest_and_scheduler_log_confirmed,CLOSEPACKING/hf_CLOSEPACKING_job105.root
CLOSEPACKING,106,0,132000107,accepted,accepted_manifest_and_scheduler_log_confirmed,CLOSEPACKING/hf_CLOSEPACKING_job106.root
CLOSEPACKING,107,0,132000108,accepted,accepted_manifest_and_scheduler_log_confirmed,CLOSEPACKING/hf_CLOSEPACKING_job107.root
CLOSEPACKING,108,0,132000109,accepted,accepted_manifest_and_scheduler_log_confirmed,CLOSEPACKING/hf_CLOSEPACKING_job108.root
CLOSEPACKING,109,0,132000110,accepted,accepted_manifest_and_scheduler_log_confirmed,CLOSEPACKING/hf_CLOSEPACKING_job109.root
CLOSEPACKING,110,0,132000111,accepted,accepted_manifest_and_scheduler_log_confirmed,CLOSEPACKING/hf_CLOSEPACKING_job110.root
CLOSEPACKING,111,0,132000112,accepted,accepted_manifest_and_scheduler_log_confirmed,CLOSEPACKING/hf_CLOSEPACKING_job111.root
CLOSEPACKING,112,0,132000113,accepted,accepted_manifest_and_scheduler_log_confirmed,CLOSEPACKING/hf_CLOSEPACKING_job112.root
CLOSEPACKING,113,0,132000114,accepted,accepted_manifest_and_scheduler_log_confirmed,CLOSEPACKING/hf_CLOSEPACKING_job113.root
CLOSEPACKING,114,0,132000115,accepted,accepted_manifest_and_scheduler_log_confirmed,CLOSEPACKING/hf_CLOSEPACKING_job114.root
CLOSEPACKING,115,0,132000116,discarded,scheduler_log_confirmed,
CLOSEPACKING,115,1,132100116,accepted,accepted_manifest_and_scheduler_log_confirmed,CLOSEPACKING/hf_CLOSEPACKING_job115.root
CLOSEPACKING,116,0,132000117,accepted,accepted_manifest_and_scheduler_log_confirmed,CLOSEPACKING/hf_CLOSEPACKING_job116.root
CLOSEPACKING,117,0,132000118,accepted,accepted_manifest_and_scheduler_log_confirmed,CLOSEPACKING/hf_CLOSEPACKING_job117.root
CLOSEPACKING,118,0,132000119,accepted,accepted_manifest_and_scheduler_log_confirmed,CLOSEPACKING/hf_CLOSEPACKING_job118.root
CLOSEPACKING,119,0,132000120,accepted,accepted_manifest_and_scheduler_log_confirmed,CLOSEPACKING/hf_CLOSEPACKING_job119.root
CLOSEPACKING,120,0,132000121,accepted,accepted_manifest_and_scheduler_log_confirmed,CLOSEPACKING/hf_CLOSEPACKING_job120.root
CLOSEPACKING,121,0,132000122,accepted,accepted_manifest_and_scheduler_log_confirmed,CLOSEPACKING/hf_CLOSEPACKING_job121.root
CLOSEPACKING,122,0,132000123,accepted,accepted_manifest_and_scheduler_log_confirmed,CLOSEPACKING/hf_CLOSEPACKING_job122.root
CLOSEPACKING,123,0,132000124,discarded,scheduler_log_confirmed,
CLOSEPACKING,123,1,132100124,accepted,accepted_manifest_and_scheduler_log_confirmed,CLOSEPACKING/hf_CLOSEPACKING_job123.root
CLOSEPACKING,124,0,132000125,accepted,accepted_manifest_and_scheduler_log_confirmed,CLOSEPACKING/hf_CLOSEPACKING_job124.root
CLOSEPACKING,125,0,132000126,accepted,accepted_manifest_and_scheduler_log_confirmed,CLOSEPACKING/hf_CLOSEPACKING_job125.root
CLOSEPACKING,126,0,132000127,accepted,accepted_manifest_and_scheduler_log_confirmed,CLOSEPACKING/hf_CLOSEPACKING_job126.root
CLOSEPACKING,127,0,132000128,accepted,accepted_manifest_and_scheduler_log_confirmed,CLOSEPACKING/hf_CLOSEPACKING_job127.root
CLOSEPACKING,128,0,132000129,accepted,accepted_manifest_and_scheduler_log_confirmed,CLOSEPACKING/hf_CLOSEPACKING_job128.root
CLOSEPACKING,129,0,132000130,accepted,accepted_manifest_and_scheduler_log_confirmed,CLOSEPACKING/hf_CLOSEPACKING_job129.root
CLOSEPACKING,130,0,132000131,accepted,accepted_manifest_and_scheduler_log_confirmed,CLOSEPACKING/hf_CLOSEPACKING_job130.root
CLOSEPACKING,131,0,132000132,accepted,accepted_manifest_and_scheduler_log_confirmed,CLOSEPACKING/hf_CLOSEPACKING_job131.root
CLOSEPACKING,132,0,132000133,accepted,accepted_manifest_and_scheduler_log_confirmed,CLOSEPACKING/hf_CLOSEPACKING_job132.root
CLOSEPACKING,133,0,132000134,accepted,accepted_manifest_and_scheduler_log_confirmed,CLOSEPACKING/hf_CLOSEPACKING_job133.root
CLOSEPACKING,134,0,132000135,accepted,accepted_manifest_and_scheduler_log_confirmed,CLOSEPACKING/hf_CLOSEPACKING_job134.root
CLOSEPACKING,135,0,132000136,discarded,scheduler_log_confirmed,
CLOSEPACKING,135,1,132100136,accepted,accepted_manifest_and_scheduler_log_confirmed,CLOSEPACKING/hf_CLOSEPACKING_job135.root
CLOSEPACKING,136,0,132000137,discarded,scheduler_log_confirmed,
CLOSEPACKING,136,1,132100137,discarded,scheduler_log_confirmed,
CLOSEPACKING,136,2,132200137,accepted,accepted_manifest_and_scheduler_log_confirmed,CLOSEPACKING/hf_CLOSEPACKING_job136.root
CLOSEPACKING,137,0,132000138,accepted,accepted_manifest_and_scheduler_log_confirmed,CLOSEPACKING/hf_CLOSEPACKING_job137.root
CLOSEPACKING,138,0,132000139,accepted,accepted_manifest_and_scheduler_log_confirmed,CLOSEPACKING/hf_CLOSEPACKING_job138.root
CLOSEPACKING,139,0,132000140,accepted,accepted_manifest_and_scheduler_log_confirmed,CLOSEPACKING/hf_CLOSEPACKING_job139.root
CLOSEPACKING,140,0,132000141,accepted,accepted_manifest_and_scheduler_log_confirmed,CLOSEPACKING/hf_CLOSEPACKING_job140.root
CLOSEPACKING,141,0,132000142,accepted,accepted_manifest_and_scheduler_log_confirmed,CLOSEPACKING/hf_CLOSEPACKING_job141.root
CLOSEPACKING,142,0,132000143,accepted,accepted_manifest_and_scheduler_log_confirmed,CLOSEPACKING/hf_CLOSEPACKING_job142.root
CLOSEPACKING,143,0,132000144,accepted,accepted_manifest_and_scheduler_log_confirmed,CLOSEPACKING/hf_CLOSEPACKING_job143.root
CLOSEPACKING,144,0,132000145,accepted,accepted_manifest_and_scheduler_log_confirmed,CLOSEPACKING/hf_CLOSEPACKING_job144.root
CLOSEPACKING,145,0,132000146,discarded,scheduler_log_confirmed,
CLOSEPACKING,145,1,132100146,accepted,accepted_manifest_and_scheduler_log_confirmed,CLOSEPACKING/hf_CLOSEPACKING_job145.root
CLOSEPACKING,146,0,132000147,accepted,accepted_manifest_and_scheduler_log_confirmed,CLOSEPACKING/hf_CLOSEPACKING_job146.root
CLOSEPACKING,147,0,132000148,accepted,accepted_manifest_and_scheduler_log_confirmed,CLOSEPACKING/hf_CLOSEPACKING_job147.root
CLOSEPACKING,148,0,132000149,accepted,accepted_manifest_and_scheduler_log_confirmed,CLOSEPACKING/hf_CLOSEPACKING_job148.root
CLOSEPACKING,149,0,132000150,accepted,accepted_manifest_and_scheduler_log_confirmed,CLOSEPACKING/hf_CLOSEPACKING_job149.root
CLOSEPACKING,150,0,132000151,discarded,scheduler_log_confirmed,
CLOSEPACKING,150,1,132100151,accepted,accepted_manifest_and_scheduler_log_confirmed,CLOSEPACKING/hf_CLOSEPACKING_job150.root
CLOSEPACKING,151,0,132000152,accepted,accepted_manifest_and_scheduler_log_confirmed,CLOSEPACKING/hf_CLOSEPACKING_job151.root
CLOSEPACKING,152,0,132000153,accepted,accepted_manifest_and_scheduler_log_confirmed,CLOSEPACKING/hf_CLOSEPACKING_job152.root
CLOSEPACKING,153,0,132000154,accepted,accepted_manifest_and_scheduler_log_confirmed,CLOSEPACKING/hf_CLOSEPACKING_job153.root
CLOSEPACKING,154,0,132000155,accepted,accepted_manifest_and_scheduler_log_confirmed,CLOSEPACKING/hf_CLOSEPACKING_job154.root
CLOSEPACKING,155,0,132000156,accepted,accepted_manifest_and_scheduler_log_confirmed,CLOSEPACKING/hf_CLOSEPACKING_job155.root
CLOSEPACKING,156,0,132000157,accepted,accepted_manifest_and_scheduler_log_confirmed,CLOSEPACKING/hf_CLOSEPACKING_job156.root
CLOSEPACKING,157,0,132000158,accepted,accepted_manifest_and_scheduler_log_confirmed,CLOSEPACKING/hf_CLOSEPACKING_job157.root
CLOSEPACKING,158,0,132000159,accepted,accepted_manifest_and_scheduler_log_confirmed,CLOSEPACKING/hf_CLOSEPACKING_job158.root
CLOSEPACKING,159,0,132000160,accepted,accepted_manifest_and_scheduler_log_confirmed,CLOSEPACKING/hf_CLOSEPACKING_job159.root
CLOSEPACKING,160,0,132000161,accepted,accepted_manifest_and_scheduler_log_confirmed,CLOSEPACKING/hf_CLOSEPACKING_job160.root
CLOSEPACKING,161,0,132000162,accepted,accepted_manifest_and_scheduler_log_confirmed,CLOSEPACKING/hf_CLOSEPACKING_job161.root
CLOSEPACKING,162,0,132000163,accepted,accepted_manifest_and_scheduler_log_confirmed,CLOSEPACKING/hf_CLOSEPACKING_job162.root
CLOSEPACKING,163,0,132000164,accepted,accepted_manifest_and_scheduler_log_confirmed,CLOSEPACKING/hf_CLOSEPACKING_job163.root
CLOSEPACKING,164,0,132000165,accepted,accepted_manifest_and_scheduler_log_confirmed,CLOSEPACKING/hf_CLOSEPACKING_job164.root
CLOSEPACKING,165,0,132000166,accepted,accepted_manifest_and_scheduler_log_confirmed,CLOSEPACKING/hf_CLOSEPACKING_job165.root
CLOSEPACKING,166,0,132000167,accepted,accepted_manifest_and_scheduler_log_confirmed,CLOSEPACKING/hf_CLOSEPACKING_job166.root
CLOSEPACKING,167,0,132000168,accepted,accepted_manifest_and_scheduler_log_confirmed,CLOSEPACKING/hf_CLOSEPACKING_job167.root
CLOSEPACKING,168,0,132000169,discarded,scheduler_log_confirmed,
CLOSEPACKING,168,1,132100169,accepted,accepted_manifest_and_scheduler_log_confirmed,CLOSEPACKING/hf_CLOSEPACKING_job168.root
CLOSEPACKING,169,0,132000170,accepted,accepted_manifest_and_scheduler_log_confirmed,CLOSEPACKING/hf_CLOSEPACKING_job169.root
CLOSEPACKING,170,0,132000171,accepted,accepted_manifest_and_scheduler_log_confirmed,CLOSEPACKING/hf_CLOSEPACKING_job170.root
CLOSEPACKING,171,0,132000172,accepted,accepted_manifest_and_scheduler_log_confirmed,CLOSEPACKING/hf_CLOSEPACKING_job171.root
CLOSEPACKING,172,0,132000173,accepted,accepted_manifest_and_scheduler_log_confirmed,CLOSEPACKING/hf_CLOSEPACKING_job172.root
CLOSEPACKING,173,0,132000174,accepted,accepted_manifest_and_scheduler_log_confirmed,CLOSEPACKING/hf_CLOSEPACKING_job173.root
CLOSEPACKING,174,0,132000175,accepted,accepted_manifest_and_scheduler_log_confirmed,CLOSEPACKING/hf_CLOSEPACKING_job174.root
CLOSEPACKING,175,0,132000176,accepted,accepted_manifest_and_scheduler_log_confirmed,CLOSEPACKING/hf_CLOSEPACKING_job175.root
CLOSEPACKING,176,0,132000177,accepted,accepted_manifest_and_scheduler_log_confirmed,CLOSEPACKING/hf_CLOSEPACKING_job176.root
CLOSEPACKING,177,0,132000178,accepted,accepted_manifest_and_scheduler_log_confirmed,CLOSEPACKING/hf_CLOSEPACKING_job177.root
CLOSEPACKING,178,0,132000179,discarded,scheduler_log_confirmed,
CLOSEPACKING,178,1,132100179,accepted,accepted_manifest_and_scheduler_log_confirmed,CLOSEPACKING/hf_CLOSEPACKING_job178.root
CLOSEPACKING,179,0,132000180,accepted,accepted_manifest_and_scheduler_log_confirmed,CLOSEPACKING/hf_CLOSEPACKING_job179.root
CLOSEPACKING,180,0,132000181,accepted,accepted_manifest_and_scheduler_log_confirmed,CLOSEPACKING/hf_CLOSEPACKING_job180.root
CLOSEPACKING,181,0,132000182,accepted,accepted_manifest_and_scheduler_log_confirmed,CLOSEPACKING/hf_CLOSEPACKING_job181.root
CLOSEPACKING,182,0,132000183,accepted,accepted_manifest_and_scheduler_log_confirmed,CLOSEPACKING/hf_CLOSEPACKING_job182.root
CLOSEPACKING,183,0,132000184,accepted,accepted_manifest_and_scheduler_log_confirmed,CLOSEPACKING/hf_CLOSEPACKING_job183.root
CLOSEPACKING,184,0,132000185,accepted,accepted_manifest_and_scheduler_log_confirmed,CLOSEPACKING/hf_CLOSEPACKING_job184.root
CLOSEPACKING,185,0,132000186,discarded,scheduler_log_confirmed,
CLOSEPACKING,185,1,132100186,accepted,accepted_manifest_and_scheduler_log_confirmed,CLOSEPACKING/hf_CLOSEPACKING_job185.root
CLOSEPACKING,186,0,132000187,accepted,accepted_manifest_and_scheduler_log_confirmed,CLOSEPACKING/hf_CLOSEPACKING_job186.root
CLOSEPACKING,187,0,132000188,accepted,accepted_manifest_and_scheduler_log_confirmed,CLOSEPACKING/hf_CLOSEPACKING_job187.root
CLOSEPACKING,188,0,132000189,accepted,accepted_manifest_and_scheduler_log_confirmed,CLOSEPACKING/hf_CLOSEPACKING_job188.root
CLOSEPACKING,189,0,132000190,accepted,accepted_manifest_and_scheduler_log_confirmed,CLOSEPACKING/hf_CLOSEPACKING_job189.root
CLOSEPACKING,190,0,132000191,accepted,accepted_manifest_and_scheduler_log_confirmed,CLOSEPACKING/hf_CLOSEPACKING_job190.root
CLOSEPACKING,191,0,132000192,accepted,accepted_manifest_and_scheduler_log_confirmed,CLOSEPACKING/hf_CLOSEPACKING_job191.root
CLOSEPACKING,192,0,132000193,accepted,accepted_manifest_and_scheduler_log_confirmed,CLOSEPACKING/hf_CLOSEPACKING_job192.root
CLOSEPACKING,193,0,132000194,accepted,accepted_manifest_and_scheduler_log_confirmed,CLOSEPACKING/hf_CLOSEPACKING_job193.root
CLOSEPACKING,194,0,132000195,accepted,accepted_manifest_and_scheduler_log_confirmed,CLOSEPACKING/hf_CLOSEPACKING_job194.root
CLOSEPACKING,195,0,132000196,accepted,accepted_manifest_and_scheduler_log_confirmed,CLOSEPACKING/hf_CLOSEPACKING_job195.root
CLOSEPACKING,196,0,132000197,discarded,scheduler_log_confirmed,
CLOSEPACKING,196,1,132100197,accepted,accepted_manifest_and_scheduler_log_confirmed,CLOSEPACKING/hf_CLOSEPACKING_job196.root
CLOSEPACKING,197,0,132000198,accepted,accepted_manifest_and_scheduler_log_confirmed,CLOSEPACKING/hf_CLOSEPACKING_job197.root
CLOSEPACKING,198,0,132000199,accepted,accepted_manifest_and_scheduler_log_confirmed,CLOSEPACKING/hf_CLOSEPACKING_job198.root
CLOSEPACKING,199,0,132000200,accepted,accepted_manifest_and_scheduler_log_confirmed,CLOSEPACKING/hf_CLOSEPACKING_job199.root
CLOSEPACKING,200,0,132000201,accepted,accepted_manifest_and_scheduler_log_confirmed,CLOSEPACKING/hf_CLOSEPACKING_job200.root
CLOSEPACKING,201,0,132000202,accepted,accepted_manifest_and_scheduler_log_confirmed,CLOSEPACKING/hf_CLOSEPACKING_job201.root
CLOSEPACKING,202,0,132000203,accepted,accepted_manifest_and_scheduler_log_confirmed,CLOSEPACKING/hf_CLOSEPACKING_job202.root
CLOSEPACKING,203,0,132000204,accepted,accepted_manifest_and_scheduler_log_confirmed,CLOSEPACKING/hf_CLOSEPACKING_job203.root
CLOSEPACKING,204,0,132000205,accepted,accepted_manifest_and_scheduler_log_confirmed,CLOSEPACKING/hf_CLOSEPACKING_job204.root
CLOSEPACKING,205,0,132000206,accepted,accepted_manifest_and_scheduler_log_confirmed,CLOSEPACKING/hf_CLOSEPACKING_job205.root
CLOSEPACKING,206,0,132000207,accepted,accepted_manifest_and_scheduler_log_confirmed,CLOSEPACKING/hf_CLOSEPACKING_job206.root
CLOSEPACKING,207,0,132000208,accepted,accepted_manifest_and_scheduler_log_confirmed,CLOSEPACKING/hf_CLOSEPACKING_job207.root
CLOSEPACKING,208,0,132000209,accepted,accepted_manifest_and_scheduler_log_confirmed,CLOSEPACKING/hf_CLOSEPACKING_job208.root
CLOSEPACKING,209,0,132000210,accepted,accepted_manifest_and_scheduler_log_confirmed,CLOSEPACKING/hf_CLOSEPACKING_job209.root
CLOSEPACKING,210,0,132000211,accepted,accepted_manifest_and_scheduler_log_confirmed,CLOSEPACKING/hf_CLOSEPACKING_job210.root
CLOSEPACKING,211,0,132000212,accepted,accepted_manifest_and_scheduler_log_confirmed,CLOSEPACKING/hf_CLOSEPACKING_job211.root
CLOSEPACKING,212,0,132000213,accepted,accepted_manifest_and_scheduler_log_confirmed,CLOSEPACKING/hf_CLOSEPACKING_job212.root
CLOSEPACKING,213,0,132000214,discarded,scheduler_log_confirmed,
CLOSEPACKING,213,1,132100214,discarded,scheduler_log_confirmed,
CLOSEPACKING,213,2,132200214,accepted,accepted_manifest_and_scheduler_log_confirmed,CLOSEPACKING/hf_CLOSEPACKING_job213.root
CLOSEPACKING,214,0,132000215,accepted,accepted_manifest_and_scheduler_log_confirmed,CLOSEPACKING/hf_CLOSEPACKING_job214.root
CLOSEPACKING,215,0,132000216,accepted,accepted_manifest_and_scheduler_log_confirmed,CLOSEPACKING/hf_CLOSEPACKING_job215.root
CLOSEPACKING,216,0,132000217,discarded,scheduler_log_confirmed,
CLOSEPACKING,216,1,132100217,accepted,accepted_manifest_and_scheduler_log_confirmed,CLOSEPACKING/hf_CLOSEPACKING_job216.root
CLOSEPACKING,217,0,132000218,accepted,accepted_manifest_and_scheduler_log_confirmed,CLOSEPACKING/hf_CLOSEPACKING_job217.root
CLOSEPACKING,218,0,132000219,accepted,accepted_manifest_and_scheduler_log_confirmed,CLOSEPACKING/hf_CLOSEPACKING_job218.root
CLOSEPACKING,219,0,132000220,accepted,accepted_manifest_and_scheduler_log_confirmed,CLOSEPACKING/hf_CLOSEPACKING_job219.root
CLOSEPACKING,220,0,132000221,accepted,accepted_manifest_and_scheduler_log_confirmed,CLOSEPACKING/hf_CLOSEPACKING_job220.root
CLOSEPACKING,221,0,132000222,accepted,accepted_manifest_and_scheduler_log_confirmed,CLOSEPACKING/hf_CLOSEPACKING_job221.root
CLOSEPACKING,222,0,132000223,accepted,accepted_manifest_and_scheduler_log_confirmed,CLOSEPACKING/hf_CLOSEPACKING_job222.root
CLOSEPACKING,223,0,132000224,accepted,accepted_manifest_and_scheduler_log_confirmed,CLOSEPACKING/hf_CLOSEPACKING_job223.root
CLOSEPACKING,224,0,132000225,accepted,accepted_manifest_and_scheduler_log_confirmed,CLOSEPACKING/hf_CLOSEPACKING_job224.root
CLOSEPACKING,225,0,132000226,accepted,accepted_manifest_and_scheduler_log_confirmed,CLOSEPACKING/hf_CLOSEPACKING_job225.root
CLOSEPACKING,226,0,132000227,accepted,accepted_manifest_and_scheduler_log_confirmed,CLOSEPACKING/hf_CLOSEPACKING_job226.root
CLOSEPACKING,227,0,132000228,accepted,accepted_manifest_and_scheduler_log_confirmed,CLOSEPACKING/hf_CLOSEPACKING_job227.root
CLOSEPACKING,228,0,132000229,accepted,accepted_manifest_and_scheduler_log_confirmed,CLOSEPACKING/hf_CLOSEPACKING_job228.root
CLOSEPACKING,229,0,132000230,accepted,accepted_manifest_and_scheduler_log_confirmed,CLOSEPACKING/hf_CLOSEPACKING_job229.root
CLOSEPACKING,230,0,132000231,accepted,accepted_manifest_and_scheduler_log_confirmed,CLOSEPACKING/hf_CLOSEPACKING_job230.root
CLOSEPACKING,231,0,132000232,accepted,accepted_manifest_and_scheduler_log_confirmed,CLOSEPACKING/hf_CLOSEPACKING_job231.root
CLOSEPACKING,232,0,132000233,accepted,accepted_manifest_and_scheduler_log_confirmed,CLOSEPACKING/hf_CLOSEPACKING_job232.root
CLOSEPACKING,233,0,132000234,accepted,accepted_manifest_and_scheduler_log_confirmed,CLOSEPACKING/hf_CLOSEPACKING_job233.root
CLOSEPACKING,234,0,132000235,accepted,accepted_manifest_and_scheduler_log_confirmed,CLOSEPACKING/hf_CLOSEPACKING_job234.root
CLOSEPACKING,235,0,132000236,accepted,accepted_manifest_and_scheduler_log_confirmed,CLOSEPACKING/hf_CLOSEPACKING_job235.root
CLOSEPACKING,236,0,132000237,accepted,accepted_manifest_and_scheduler_log_confirmed,CLOSEPACKING/hf_CLOSEPACKING_job236.root
CLOSEPACKING,237,0,132000238,accepted,accepted_manifest_and_scheduler_log_confirmed,CLOSEPACKING/hf_CLOSEPACKING_job237.root
CLOSEPACKING,238,0,132000239,accepted,accepted_manifest_and_scheduler_log_confirmed,CLOSEPACKING/hf_CLOSEPACKING_job238.root
CLOSEPACKING,239,0,132000240,accepted,accepted_manifest_and_scheduler_log_confirmed,CLOSEPACKING/hf_CLOSEPACKING_job239.root
CLOSEPACKING,240,0,132000241,accepted,accepted_manifest_and_scheduler_log_confirmed,CLOSEPACKING/hf_CLOSEPACKING_job240.root
CLOSEPACKING,241,0,132000242,accepted,accepted_manifest_and_scheduler_log_confirmed,CLOSEPACKING/hf_CLOSEPACKING_job241.root
CLOSEPACKING,242,0,132000243,accepted,accepted_manifest_and_scheduler_log_confirmed,CLOSEPACKING/hf_CLOSEPACKING_job242.root
CLOSEPACKING,243,0,132000244,accepted,accepted_manifest_and_scheduler_log_confirmed,CLOSEPACKING/hf_CLOSEPACKING_job243.root
CLOSEPACKING,244,0,132000245,accepted,accepted_manifest_and_scheduler_log_confirmed,CLOSEPACKING/hf_CLOSEPACKING_job244.root
CLOSEPACKING,245,0,132000246,accepted,accepted_manifest_and_scheduler_log_confirmed,CLOSEPACKING/hf_CLOSEPACKING_job245.root
CLOSEPACKING,246,0,132000247,accepted,accepted_manifest_and_scheduler_log_confirmed,CLOSEPACKING/hf_CLOSEPACKING_job246.root
CLOSEPACKING,247,0,132000248,accepted,accepted_manifest_and_scheduler_log_confirmed,CLOSEPACKING/hf_CLOSEPACKING_job247.root
CLOSEPACKING,248,0,132000249,accepted,accepted_manifest_and_scheduler_log_confirmed,CLOSEPACKING/hf_CLOSEPACKING_job248.root
CLOSEPACKING,249,0,132000250,accepted,accepted_manifest_and_scheduler_log_confirmed,CLOSEPACKING/hf_CLOSEPACKING_job249.root
CLOSEPACKING,250,0,132000251,accepted,accepted_manifest_and_scheduler_log_confirmed,CLOSEPACKING/hf_CLOSEPACKING_job250.root
CLOSEPACKING,251,0,132000252,discarded,scheduler_log_confirmed,
CLOSEPACKING,251,1,132100252,accepted,accepted_manifest_and_scheduler_log_confirmed,CLOSEPACKING/hf_CLOSEPACKING_job251.root
CLOSEPACKING,252,0,132000253,accepted,accepted_manifest_and_scheduler_log_confirmed,CLOSEPACKING/hf_CLOSEPACKING_job252.root
CLOSEPACKING,253,0,132000254,accepted,accepted_manifest_and_scheduler_log_confirmed,CLOSEPACKING/hf_CLOSEPACKING_job253.root
CLOSEPACKING,254,0,132000255,accepted,accepted_manifest_and_scheduler_log_confirmed,CLOSEPACKING/hf_CLOSEPACKING_job254.root
CLOSEPACKING,255,0,132000256,accepted,accepted_manifest_and_scheduler_log_confirmed,CLOSEPACKING/hf_CLOSEPACKING_job255.root
CLOSEPACKING,256,0,132000257,accepted,accepted_manifest_and_scheduler_log_confirmed,CLOSEPACKING/hf_CLOSEPACKING_job256.root
CLOSEPACKING,257,0,132000258,accepted,accepted_manifest_and_scheduler_log_confirmed,CLOSEPACKING/hf_CLOSEPACKING_job257.root
CLOSEPACKING,258,0,132000259,accepted,accepted_manifest_and_scheduler_log_confirmed,CLOSEPACKING/hf_CLOSEPACKING_job258.root
CLOSEPACKING,259,0,132000260,accepted,accepted_manifest_and_scheduler_log_confirmed,CLOSEPACKING/hf_CLOSEPACKING_job259.root
CLOSEPACKING,260,0,132000261,accepted,accepted_manifest_and_scheduler_log_confirmed,CLOSEPACKING/hf_CLOSEPACKING_job260.root
CLOSEPACKING,261,0,132000262,accepted,accepted_manifest_and_scheduler_log_confirmed,CLOSEPACKING/hf_CLOSEPACKING_job261.root
CLOSEPACKING,262,0,132000263,accepted,accepted_manifest_and_scheduler_log_confirmed,CLOSEPACKING/hf_CLOSEPACKING_job262.root
CLOSEPACKING,263,0,132000264,accepted,accepted_manifest_and_scheduler_log_confirmed,CLOSEPACKING/hf_CLOSEPACKING_job263.root
CLOSEPACKING,264,0,132000265,accepted,accepted_manifest_and_scheduler_log_confirmed,CLOSEPACKING/hf_CLOSEPACKING_job264.root
CLOSEPACKING,265,0,132000266,accepted,accepted_manifest_and_scheduler_log_confirmed,CLOSEPACKING/hf_CLOSEPACKING_job265.root
CLOSEPACKING,266,0,132000267,accepted,accepted_manifest_and_scheduler_log_confirmed,CLOSEPACKING/hf_CLOSEPACKING_job266.root
CLOSEPACKING,267,0,132000268,discarded,scheduler_log_confirmed,
CLOSEPACKING,267,1,132100268,accepted,accepted_manifest_and_scheduler_log_confirmed,CLOSEPACKING/hf_CLOSEPACKING_job267.root
CLOSEPACKING,268,0,132000269,accepted,accepted_manifest_and_scheduler_log_confirmed,CLOSEPACKING/hf_CLOSEPACKING_job268.root
CLOSEPACKING,269,0,132000270,accepted,accepted_manifest_and_scheduler_log_confirmed,CLOSEPACKING/hf_CLOSEPACKING_job269.root
CLOSEPACKING,270,0,132000271,accepted,accepted_manifest_and_scheduler_log_confirmed,CLOSEPACKING/hf_CLOSEPACKING_job270.root
CLOSEPACKING,271,0,132000272,accepted,accepted_manifest_and_scheduler_log_confirmed,CLOSEPACKING/hf_CLOSEPACKING_job271.root
CLOSEPACKING,272,0,132000273,accepted,accepted_manifest_and_scheduler_log_confirmed,CLOSEPACKING/hf_CLOSEPACKING_job272.root
CLOSEPACKING,273,0,132000274,accepted,accepted_manifest_and_scheduler_log_confirmed,CLOSEPACKING/hf_CLOSEPACKING_job273.root
CLOSEPACKING,274,0,132000275,accepted,accepted_manifest_and_scheduler_log_confirmed,CLOSEPACKING/hf_CLOSEPACKING_job274.root
CLOSEPACKING,275,0,132000276,accepted,accepted_manifest_and_scheduler_log_confirmed,CLOSEPACKING/hf_CLOSEPACKING_job275.root
CLOSEPACKING,276,0,132000277,accepted,accepted_manifest_and_scheduler_log_confirmed,CLOSEPACKING/hf_CLOSEPACKING_job276.root
CLOSEPACKING,277,0,132000278,accepted,accepted_manifest_and_scheduler_log_confirmed,CLOSEPACKING/hf_CLOSEPACKING_job277.root
CLOSEPACKING,278,0,132000279,accepted,accepted_manifest_and_scheduler_log_confirmed,CLOSEPACKING/hf_CLOSEPACKING_job278.root
CLOSEPACKING,279,0,132000280,accepted,accepted_manifest_and_scheduler_log_confirmed,CLOSEPACKING/hf_CLOSEPACKING_job279.root
CLOSEPACKING,280,0,132000281,accepted,accepted_manifest_and_scheduler_log_confirmed,CLOSEPACKING/hf_CLOSEPACKING_job280.root
CLOSEPACKING,281,0,132000282,discarded,scheduler_log_confirmed,
CLOSEPACKING,281,1,132100282,accepted,accepted_manifest_and_scheduler_log_confirmed,CLOSEPACKING/hf_CLOSEPACKING_job281.root
CLOSEPACKING,282,0,132000283,accepted,accepted_manifest_and_scheduler_log_confirmed,CLOSEPACKING/hf_CLOSEPACKING_job282.root
CLOSEPACKING,283,0,132000284,accepted,accepted_manifest_and_scheduler_log_confirmed,CLOSEPACKING/hf_CLOSEPACKING_job283.root
CLOSEPACKING,284,0,132000285,accepted,accepted_manifest_and_scheduler_log_confirmed,CLOSEPACKING/hf_CLOSEPACKING_job284.root
CLOSEPACKING,285,0,132000286,accepted,accepted_manifest_and_scheduler_log_confirmed,CLOSEPACKING/hf_CLOSEPACKING_job285.root
CLOSEPACKING,286,0,132000287,accepted,accepted_manifest_and_scheduler_log_confirmed,CLOSEPACKING/hf_CLOSEPACKING_job286.root
CLOSEPACKING,287,0,132000288,accepted,accepted_manifest_and_scheduler_log_confirmed,CLOSEPACKING/hf_CLOSEPACKING_job287.root
CLOSEPACKING,288,0,132000289,accepted,accepted_manifest_and_scheduler_log_confirmed,CLOSEPACKING/hf_CLOSEPACKING_job288.root
CLOSEPACKING,289,0,132000290,accepted,accepted_manifest_and_scheduler_log_confirmed,CLOSEPACKING/hf_CLOSEPACKING_job289.root
CLOSEPACKING,290,0,132000291,accepted,accepted_manifest_and_scheduler_log_confirmed,CLOSEPACKING/hf_CLOSEPACKING_job290.root
CLOSEPACKING,291,0,132000292,accepted,accepted_manifest_and_scheduler_log_confirmed,CLOSEPACKING/hf_CLOSEPACKING_job291.root
CLOSEPACKING,292,0,132000293,accepted,accepted_manifest_and_scheduler_log_confirmed,CLOSEPACKING/hf_CLOSEPACKING_job292.root
CLOSEPACKING,293,0,132000294,accepted,accepted_manifest_and_scheduler_log_confirmed,CLOSEPACKING/hf_CLOSEPACKING_job293.root
CLOSEPACKING,294,0,132000295,accepted,accepted_manifest_and_scheduler_log_confirmed,CLOSEPACKING/hf_CLOSEPACKING_job294.root
CLOSEPACKING,295,0,132000296,accepted,accepted_manifest_and_scheduler_log_confirmed,CLOSEPACKING/hf_CLOSEPACKING_job295.root
CLOSEPACKING,296,0,132000297,accepted,accepted_manifest_and_scheduler_log_confirmed,CLOSEPACKING/hf_CLOSEPACKING_job296.root
CLOSEPACKING,297,0,132000298,accepted,accepted_manifest_and_scheduler_log_confirmed,CLOSEPACKING/hf_CLOSEPACKING_job297.root
CLOSEPACKING,298,0,132000299,accepted,accepted_manifest_and_scheduler_log_confirmed,CLOSEPACKING/hf_CLOSEPACKING_job298.root
CLOSEPACKING,299,0,132000300,accepted,accepted_manifest_and_scheduler_log_confirmed,CLOSEPACKING/hf_CLOSEPACKING_job299.root
CLOSEPACKING,300,0,132000301,accepted,accepted_manifest_and_scheduler_log_confirmed,CLOSEPACKING/hf_CLOSEPACKING_job300.root
CLOSEPACKING,301,0,132000302,accepted,accepted_manifest_and_scheduler_log_confirmed,CLOSEPACKING/hf_CLOSEPACKING_job301.root
CLOSEPACKING,302,0,132000303,accepted,accepted_manifest_and_scheduler_log_confirmed,CLOSEPACKING/hf_CLOSEPACKING_job302.root
CLOSEPACKING,303,0,132000304,accepted,accepted_manifest_and_scheduler_log_confirmed,CLOSEPACKING/hf_CLOSEPACKING_job303.root
CLOSEPACKING,304,0,132000305,accepted,accepted_manifest_and_scheduler_log_confirmed,CLOSEPACKING/hf_CLOSEPACKING_job304.root
CLOSEPACKING,305,0,132000306,accepted,accepted_manifest_and_scheduler_log_confirmed,CLOSEPACKING/hf_CLOSEPACKING_job305.root
CLOSEPACKING,306,0,132000307,accepted,accepted_manifest_and_scheduler_log_confirmed,CLOSEPACKING/hf_CLOSEPACKING_job306.root
CLOSEPACKING,307,0,132000308,discarded,scheduler_log_confirmed,
CLOSEPACKING,307,1,132100308,accepted,accepted_manifest_and_scheduler_log_confirmed,CLOSEPACKING/hf_CLOSEPACKING_job307.root
CLOSEPACKING,308,0,132000309,accepted,accepted_manifest_and_scheduler_log_confirmed,CLOSEPACKING/hf_CLOSEPACKING_job308.root
CLOSEPACKING,309,0,132000310,accepted,accepted_manifest_and_scheduler_log_confirmed,CLOSEPACKING/hf_CLOSEPACKING_job309.root
CLOSEPACKING,310,0,132000311,accepted,accepted_manifest_and_scheduler_log_confirmed,CLOSEPACKING/hf_CLOSEPACKING_job310.root
CLOSEPACKING,311,0,132000312,accepted,accepted_manifest_and_scheduler_log_confirmed,CLOSEPACKING/hf_CLOSEPACKING_job311.root
CLOSEPACKING,312,0,132000313,accepted,accepted_manifest_and_scheduler_log_confirmed,CLOSEPACKING/hf_CLOSEPACKING_job312.root
CLOSEPACKING,313,0,132000314,accepted,accepted_manifest_and_scheduler_log_confirmed,CLOSEPACKING/hf_CLOSEPACKING_job313.root
CLOSEPACKING,314,0,132000315,accepted,accepted_manifest_and_scheduler_log_confirmed,CLOSEPACKING/hf_CLOSEPACKING_job314.root
CLOSEPACKING,315,0,132000316,accepted,accepted_manifest_and_scheduler_log_confirmed,CLOSEPACKING/hf_CLOSEPACKING_job315.root
CLOSEPACKING,316,0,132000317,accepted,accepted_manifest_and_scheduler_log_confirmed,CLOSEPACKING/hf_CLOSEPACKING_job316.root
CLOSEPACKING,317,0,132000318,discarded,scheduler_log_confirmed,
CLOSEPACKING,317,1,132100318,accepted,accepted_manifest_and_scheduler_log_confirmed,CLOSEPACKING/hf_CLOSEPACKING_job317.root
CLOSEPACKING,318,0,132000319,accepted,accepted_manifest_and_scheduler_log_confirmed,CLOSEPACKING/hf_CLOSEPACKING_job318.root
CLOSEPACKING,319,0,132000320,accepted,accepted_manifest_and_scheduler_log_confirmed,CLOSEPACKING/hf_CLOSEPACKING_job319.root
CLOSEPACKING,320,0,132000321,accepted,accepted_manifest_and_scheduler_log_confirmed,CLOSEPACKING/hf_CLOSEPACKING_job320.root
CLOSEPACKING,321,0,132000322,accepted,accepted_manifest_and_scheduler_log_confirmed,CLOSEPACKING/hf_CLOSEPACKING_job321.root
CLOSEPACKING,322,0,132000323,accepted,accepted_manifest_and_scheduler_log_confirmed,CLOSEPACKING/hf_CLOSEPACKING_job322.root
CLOSEPACKING,323,0,132000324,accepted,accepted_manifest_and_scheduler_log_confirmed,CLOSEPACKING/hf_CLOSEPACKING_job323.root
CLOSEPACKING,324,0,132000325,accepted,accepted_manifest_and_scheduler_log_confirmed,CLOSEPACKING/hf_CLOSEPACKING_job324.root
CLOSEPACKING,325,0,132000326,accepted,accepted_manifest_and_scheduler_log_confirmed,CLOSEPACKING/hf_CLOSEPACKING_job325.root
CLOSEPACKING,326,0,132000327,accepted,accepted_manifest_and_scheduler_log_confirmed,CLOSEPACKING/hf_CLOSEPACKING_job326.root
CLOSEPACKING,327,0,132000328,accepted,accepted_manifest_and_scheduler_log_confirmed,CLOSEPACKING/hf_CLOSEPACKING_job327.root
CLOSEPACKING,328,0,132000329,accepted,accepted_manifest_and_scheduler_log_confirmed,CLOSEPACKING/hf_CLOSEPACKING_job328.root
CLOSEPACKING,329,0,132000330,accepted,accepted_manifest_and_scheduler_log_confirmed,CLOSEPACKING/hf_CLOSEPACKING_job329.root
CLOSEPACKING,330,0,132000331,accepted,accepted_manifest_and_scheduler_log_confirmed,CLOSEPACKING/hf_CLOSEPACKING_job330.root
CLOSEPACKING,331,0,132000332,accepted,accepted_manifest_and_scheduler_log_confirmed,CLOSEPACKING/hf_CLOSEPACKING_job331.root
CLOSEPACKING,332,0,132000333,accepted,accepted_manifest_and_scheduler_log_confirmed,CLOSEPACKING/hf_CLOSEPACKING_job332.root
CLOSEPACKING,333,0,132000334,accepted,accepted_manifest_and_scheduler_log_confirmed,CLOSEPACKING/hf_CLOSEPACKING_job333.root
CLOSEPACKING,334,0,132000335,accepted,accepted_manifest_and_scheduler_log_confirmed,CLOSEPACKING/hf_CLOSEPACKING_job334.root
CLOSEPACKING,335,0,132000336,accepted,accepted_manifest_and_scheduler_log_confirmed,CLOSEPACKING/hf_CLOSEPACKING_job335.root
CLOSEPACKING,336,0,132000337,accepted,accepted_manifest_and_scheduler_log_confirmed,CLOSEPACKING/hf_CLOSEPACKING_job336.root
CLOSEPACKING,337,0,132000338,accepted,accepted_manifest_and_scheduler_log_confirmed,CLOSEPACKING/hf_CLOSEPACKING_job337.root
CLOSEPACKING,338,0,132000339,discarded,scheduler_log_confirmed,
CLOSEPACKING,338,1,132100339,accepted,accepted_manifest_and_scheduler_log_confirmed,CLOSEPACKING/hf_CLOSEPACKING_job338.root
CLOSEPACKING,339,0,132000340,accepted,accepted_manifest_and_scheduler_log_confirmed,CLOSEPACKING/hf_CLOSEPACKING_job339.root
CLOSEPACKING,340,0,132000341,accepted,accepted_manifest_and_scheduler_log_confirmed,CLOSEPACKING/hf_CLOSEPACKING_job340.root
CLOSEPACKING,341,0,132000342,accepted,accepted_manifest_and_scheduler_log_confirmed,CLOSEPACKING/hf_CLOSEPACKING_job341.root
CLOSEPACKING,342,0,132000343,accepted,accepted_manifest_and_scheduler_log_confirmed,CLOSEPACKING/hf_CLOSEPACKING_job342.root
CLOSEPACKING,343,0,132000344,accepted,accepted_manifest_and_scheduler_log_confirmed,CLOSEPACKING/hf_CLOSEPACKING_job343.root
CLOSEPACKING,344,0,132000345,accepted,accepted_manifest_and_scheduler_log_confirmed,CLOSEPACKING/hf_CLOSEPACKING_job344.root
CLOSEPACKING,345,0,132000346,accepted,accepted_manifest_and_scheduler_log_confirmed,CLOSEPACKING/hf_CLOSEPACKING_job345.root
CLOSEPACKING,346,0,132000347,accepted,accepted_manifest_and_scheduler_log_confirmed,CLOSEPACKING/hf_CLOSEPACKING_job346.root
CLOSEPACKING,347,0,132000348,accepted,accepted_manifest_and_scheduler_log_confirmed,CLOSEPACKING/hf_CLOSEPACKING_job347.root
CLOSEPACKING,348,0,132000349,accepted,accepted_manifest_and_scheduler_log_confirmed,CLOSEPACKING/hf_CLOSEPACKING_job348.root
CLOSEPACKING,349,0,132000350,accepted,accepted_manifest_and_scheduler_log_confirmed,CLOSEPACKING/hf_CLOSEPACKING_job349.root
CLOSEPACKING,350,0,132000351,accepted,accepted_manifest_and_scheduler_log_confirmed,CLOSEPACKING/hf_CLOSEPACKING_job350.root
CLOSEPACKING,351,0,132000352,accepted,accepted_manifest_and_scheduler_log_confirmed,CLOSEPACKING/hf_CLOSEPACKING_job351.root
CLOSEPACKING,352,0,132000353,accepted,accepted_manifest_and_scheduler_log_confirmed,CLOSEPACKING/hf_CLOSEPACKING_job352.root
CLOSEPACKING,353,0,132000354,accepted,accepted_manifest_and_scheduler_log_confirmed,CLOSEPACKING/hf_CLOSEPACKING_job353.root
CLOSEPACKING,354,0,132000355,accepted,accepted_manifest_and_scheduler_log_confirmed,CLOSEPACKING/hf_CLOSEPACKING_job354.root
CLOSEPACKING,355,0,132000356,accepted,accepted_manifest_and_scheduler_log_confirmed,CLOSEPACKING/hf_CLOSEPACKING_job355.root
CLOSEPACKING,356,0,132000357,accepted,accepted_manifest_and_scheduler_log_confirmed,CLOSEPACKING/hf_CLOSEPACKING_job356.root
CLOSEPACKING,357,0,132000358,accepted,accepted_manifest_and_scheduler_log_confirmed,CLOSEPACKING/hf_CLOSEPACKING_job357.root
CLOSEPACKING,358,0,132000359,discarded,scheduler_log_confirmed,
CLOSEPACKING,358,1,132100359,accepted,accepted_manifest_and_scheduler_log_confirmed,CLOSEPACKING/hf_CLOSEPACKING_job358.root
CLOSEPACKING,359,0,132000360,accepted,accepted_manifest_and_scheduler_log_confirmed,CLOSEPACKING/hf_CLOSEPACKING_job359.root
CLOSEPACKING,360,0,132000361,accepted,accepted_manifest_and_scheduler_log_confirmed,CLOSEPACKING/hf_CLOSEPACKING_job360.root
CLOSEPACKING,361,0,132000362,accepted,accepted_manifest_and_scheduler_log_confirmed,CLOSEPACKING/hf_CLOSEPACKING_job361.root
CLOSEPACKING,362,0,132000363,accepted,accepted_manifest_and_scheduler_log_confirmed,CLOSEPACKING/hf_CLOSEPACKING_job362.root
CLOSEPACKING,363,0,132000364,accepted,accepted_manifest_and_scheduler_log_confirmed,CLOSEPACKING/hf_CLOSEPACKING_job363.root
CLOSEPACKING,364,0,132000365,accepted,accepted_manifest_and_scheduler_log_confirmed,CLOSEPACKING/hf_CLOSEPACKING_job364.root
CLOSEPACKING,365,0,132000366,accepted,accepted_manifest_and_scheduler_log_confirmed,CLOSEPACKING/hf_CLOSEPACKING_job365.root
CLOSEPACKING,366,0,132000367,accepted,accepted_manifest_and_scheduler_log_confirmed,CLOSEPACKING/hf_CLOSEPACKING_job366.root
CLOSEPACKING,367,0,132000368,accepted,accepted_manifest_and_scheduler_log_confirmed,CLOSEPACKING/hf_CLOSEPACKING_job367.root
CLOSEPACKING,368,0,132000369,accepted,accepted_manifest_and_scheduler_log_confirmed,CLOSEPACKING/hf_CLOSEPACKING_job368.root
CLOSEPACKING,369,0,132000370,accepted,accepted_manifest_and_scheduler_log_confirmed,CLOSEPACKING/hf_CLOSEPACKING_job369.root
CLOSEPACKING,370,0,132000371,accepted,accepted_manifest_and_scheduler_log_confirmed,CLOSEPACKING/hf_CLOSEPACKING_job370.root
CLOSEPACKING,371,0,132000372,accepted,accepted_manifest_and_scheduler_log_confirmed,CLOSEPACKING/hf_CLOSEPACKING_job371.root
CLOSEPACKING,372,0,132000373,accepted,accepted_manifest_and_scheduler_log_confirmed,CLOSEPACKING/hf_CLOSEPACKING_job372.root
CLOSEPACKING,373,0,132000374,accepted,accepted_manifest_and_scheduler_log_confirmed,CLOSEPACKING/hf_CLOSEPACKING_job373.root
CLOSEPACKING,374,0,132000375,accepted,accepted_manifest_and_scheduler_log_confirmed,CLOSEPACKING/hf_CLOSEPACKING_job374.root
CLOSEPACKING,375,0,132000376,accepted,accepted_manifest_and_scheduler_log_confirmed,CLOSEPACKING/hf_CLOSEPACKING_job375.root
CLOSEPACKING,376,0,132000377,accepted,accepted_manifest_and_scheduler_log_confirmed,CLOSEPACKING/hf_CLOSEPACKING_job376.root
CLOSEPACKING,377,0,132000378,accepted,accepted_manifest_and_scheduler_log_confirmed,CLOSEPACKING/hf_CLOSEPACKING_job377.root
CLOSEPACKING,378,0,132000379,accepted,accepted_manifest_and_scheduler_log_confirmed,CLOSEPACKING/hf_CLOSEPACKING_job378.root
CLOSEPACKING,379,0,132000380,accepted,accepted_manifest_and_scheduler_log_confirmed,CLOSEPACKING/hf_CLOSEPACKING_job379.root
CLOSEPACKING,380,0,132000381,accepted,accepted_manifest_and_scheduler_log_confirmed,CLOSEPACKING/hf_CLOSEPACKING_job380.root
CLOSEPACKING,381,0,132000382,accepted,accepted_manifest_and_scheduler_log_confirmed,CLOSEPACKING/hf_CLOSEPACKING_job381.root
CLOSEPACKING,382,0,132000383,accepted,accepted_manifest_and_scheduler_log_confirmed,CLOSEPACKING/hf_CLOSEPACKING_job382.root
CLOSEPACKING,383,0,132000384,accepted,accepted_manifest_and_scheduler_log_confirmed,CLOSEPACKING/hf_CLOSEPACKING_job383.root
CLOSEPACKING,384,0,132000385,accepted,accepted_manifest_and_scheduler_log_confirmed,CLOSEPACKING/hf_CLOSEPACKING_job384.root
CLOSEPACKING,385,0,132000386,accepted,accepted_manifest_and_scheduler_log_confirmed,CLOSEPACKING/hf_CLOSEPACKING_job385.root
CLOSEPACKING,386,0,132000387,accepted,accepted_manifest_and_scheduler_log_confirmed,CLOSEPACKING/hf_CLOSEPACKING_job386.root
CLOSEPACKING,387,0,132000388,accepted,accepted_manifest_and_scheduler_log_confirmed,CLOSEPACKING/hf_CLOSEPACKING_job387.root
CLOSEPACKING,388,0,132000389,accepted,accepted_manifest_and_scheduler_log_confirmed,CLOSEPACKING/hf_CLOSEPACKING_job388.root
CLOSEPACKING,389,0,132000390,discarded,scheduler_log_confirmed,
CLOSEPACKING,389,1,132100390,accepted,accepted_manifest_and_scheduler_log_confirmed,CLOSEPACKING/hf_CLOSEPACKING_job389.root
CLOSEPACKING,390,0,132000391,accepted,accepted_manifest_and_scheduler_log_confirmed,CLOSEPACKING/hf_CLOSEPACKING_job390.root
CLOSEPACKING,391,0,132000392,accepted,accepted_manifest_and_scheduler_log_confirmed,CLOSEPACKING/hf_CLOSEPACKING_job391.root
CLOSEPACKING,392,0,132000393,accepted,accepted_manifest_and_scheduler_log_confirmed,CLOSEPACKING/hf_CLOSEPACKING_job392.root
CLOSEPACKING,393,0,132000394,accepted,accepted_manifest_and_scheduler_log_confirmed,CLOSEPACKING/hf_CLOSEPACKING_job393.root
CLOSEPACKING,394,0,132000395,accepted,accepted_manifest_and_scheduler_log_confirmed,CLOSEPACKING/hf_CLOSEPACKING_job394.root
CLOSEPACKING,395,0,132000396,accepted,accepted_manifest_and_scheduler_log_confirmed,CLOSEPACKING/hf_CLOSEPACKING_job395.root
CLOSEPACKING,396,0,132000397,accepted,accepted_manifest_and_scheduler_log_confirmed,CLOSEPACKING/hf_CLOSEPACKING_job396.root
CLOSEPACKING,397,0,132000398,accepted,accepted_manifest_and_scheduler_log_confirmed,CLOSEPACKING/hf_CLOSEPACKING_job397.root
CLOSEPACKING,398,0,132000399,accepted,accepted_manifest_and_scheduler_log_confirmed,CLOSEPACKING/hf_CLOSEPACKING_job398.root
CLOSEPACKING,399,0,132000400,accepted,accepted_manifest_and_scheduler_log_confirmed,CLOSEPACKING/hf_CLOSEPACKING_job399.root
CLOSEPACKING,400,0,132000401,discarded,scheduler_log_confirmed,
CLOSEPACKING,400,1,132100401,accepted,accepted_manifest_and_scheduler_log_confirmed,CLOSEPACKING/hf_CLOSEPACKING_job400.root
CLOSEPACKING,401,0,132000402,accepted,accepted_manifest_and_scheduler_log_confirmed,CLOSEPACKING/hf_CLOSEPACKING_job401.root
CLOSEPACKING,402,0,132000403,accepted,accepted_manifest_and_scheduler_log_confirmed,CLOSEPACKING/hf_CLOSEPACKING_job402.root
CLOSEPACKING,403,0,132000404,accepted,accepted_manifest_and_scheduler_log_confirmed,CLOSEPACKING/hf_CLOSEPACKING_job403.root
CLOSEPACKING,404,0,132000405,accepted,accepted_manifest_and_scheduler_log_confirmed,CLOSEPACKING/hf_CLOSEPACKING_job404.root
CLOSEPACKING,405,0,132000406,discarded,scheduler_log_confirmed,
CLOSEPACKING,405,1,132100406,accepted,accepted_manifest_and_scheduler_log_confirmed,CLOSEPACKING/hf_CLOSEPACKING_job405.root
CLOSEPACKING,406,0,132000407,accepted,accepted_manifest_and_scheduler_log_confirmed,CLOSEPACKING/hf_CLOSEPACKING_job406.root
CLOSEPACKING,407,0,132000408,accepted,accepted_manifest_and_scheduler_log_confirmed,CLOSEPACKING/hf_CLOSEPACKING_job407.root
CLOSEPACKING,408,0,132000409,discarded,scheduler_log_confirmed,
CLOSEPACKING,408,1,132100409,accepted,accepted_manifest_and_scheduler_log_confirmed,CLOSEPACKING/hf_CLOSEPACKING_job408.root
CLOSEPACKING,409,0,132000410,accepted,accepted_manifest_and_scheduler_log_confirmed,CLOSEPACKING/hf_CLOSEPACKING_job409.root
CLOSEPACKING,410,0,132000411,accepted,accepted_manifest_and_scheduler_log_confirmed,CLOSEPACKING/hf_CLOSEPACKING_job410.root
CLOSEPACKING,411,0,132000412,accepted,accepted_manifest_and_scheduler_log_confirmed,CLOSEPACKING/hf_CLOSEPACKING_job411.root
CLOSEPACKING,412,0,132000413,accepted,accepted_manifest_and_scheduler_log_confirmed,CLOSEPACKING/hf_CLOSEPACKING_job412.root
CLOSEPACKING,413,0,132000414,accepted,accepted_manifest_and_scheduler_log_confirmed,CLOSEPACKING/hf_CLOSEPACKING_job413.root
CLOSEPACKING,414,0,132000415,accepted,accepted_manifest_and_scheduler_log_confirmed,CLOSEPACKING/hf_CLOSEPACKING_job414.root
CLOSEPACKING,415,0,132000416,accepted,accepted_manifest_and_scheduler_log_confirmed,CLOSEPACKING/hf_CLOSEPACKING_job415.root
CLOSEPACKING,416,0,132000417,accepted,accepted_manifest_and_scheduler_log_confirmed,CLOSEPACKING/hf_CLOSEPACKING_job416.root
CLOSEPACKING,417,0,132000418,accepted,accepted_manifest_and_scheduler_log_confirmed,CLOSEPACKING/hf_CLOSEPACKING_job417.root
CLOSEPACKING,418,0,132000419,accepted,accepted_manifest_and_scheduler_log_confirmed,CLOSEPACKING/hf_CLOSEPACKING_job418.root
CLOSEPACKING,419,0,132000420,accepted,accepted_manifest_and_scheduler_log_confirmed,CLOSEPACKING/hf_CLOSEPACKING_job419.root
CLOSEPACKING,420,0,132000421,accepted,accepted_manifest_and_scheduler_log_confirmed,CLOSEPACKING/hf_CLOSEPACKING_job420.root
CLOSEPACKING,421,0,132000422,accepted,accepted_manifest_and_scheduler_log_confirmed,CLOSEPACKING/hf_CLOSEPACKING_job421.root
CLOSEPACKING,422,0,132000423,accepted,accepted_manifest_and_scheduler_log_confirmed,CLOSEPACKING/hf_CLOSEPACKING_job422.root
CLOSEPACKING,423,0,132000424,accepted,accepted_manifest_and_scheduler_log_confirmed,CLOSEPACKING/hf_CLOSEPACKING_job423.root
CLOSEPACKING,424,0,132000425,accepted,accepted_manifest_and_scheduler_log_confirmed,CLOSEPACKING/hf_CLOSEPACKING_job424.root
CLOSEPACKING,425,0,132000426,accepted,accepted_manifest_and_scheduler_log_confirmed,CLOSEPACKING/hf_CLOSEPACKING_job425.root
CLOSEPACKING,426,0,132000427,accepted,accepted_manifest_and_scheduler_log_confirmed,CLOSEPACKING/hf_CLOSEPACKING_job426.root
CLOSEPACKING,427,0,132000428,accepted,accepted_manifest_and_scheduler_log_confirmed,CLOSEPACKING/hf_CLOSEPACKING_job427.root
CLOSEPACKING,428,0,132000429,accepted,accepted_manifest_and_scheduler_log_confirmed,CLOSEPACKING/hf_CLOSEPACKING_job428.root
CLOSEPACKING,429,0,132000430,accepted,accepted_manifest_and_scheduler_log_confirmed,CLOSEPACKING/hf_CLOSEPACKING_job429.root
CLOSEPACKING,430,0,132000431,accepted,accepted_manifest_and_scheduler_log_confirmed,CLOSEPACKING/hf_CLOSEPACKING_job430.root
CLOSEPACKING,431,0,132000432,accepted,accepted_manifest_and_scheduler_log_confirmed,CLOSEPACKING/hf_CLOSEPACKING_job431.root
CLOSEPACKING,432,0,132000433,accepted,accepted_manifest_and_scheduler_log_confirmed,CLOSEPACKING/hf_CLOSEPACKING_job432.root
CLOSEPACKING,433,0,132000434,accepted,accepted_manifest_and_scheduler_log_confirmed,CLOSEPACKING/hf_CLOSEPACKING_job433.root
CLOSEPACKING,434,0,132000435,accepted,accepted_manifest_and_scheduler_log_confirmed,CLOSEPACKING/hf_CLOSEPACKING_job434.root
CLOSEPACKING,435,0,132000436,accepted,accepted_manifest_and_scheduler_log_confirmed,CLOSEPACKING/hf_CLOSEPACKING_job435.root
CLOSEPACKING,436,0,132000437,accepted,accepted_manifest_and_scheduler_log_confirmed,CLOSEPACKING/hf_CLOSEPACKING_job436.root
CLOSEPACKING,437,0,132000438,accepted,accepted_manifest_and_scheduler_log_confirmed,CLOSEPACKING/hf_CLOSEPACKING_job437.root
CLOSEPACKING,438,0,132000439,accepted,accepted_manifest_and_scheduler_log_confirmed,CLOSEPACKING/hf_CLOSEPACKING_job438.root
CLOSEPACKING,439,0,132000440,accepted,accepted_manifest_and_scheduler_log_confirmed,CLOSEPACKING/hf_CLOSEPACKING_job439.root
CLOSEPACKING,440,0,132000441,accepted,accepted_manifest_and_scheduler_log_confirmed,CLOSEPACKING/hf_CLOSEPACKING_job440.root
CLOSEPACKING,441,0,132000442,accepted,accepted_manifest_and_scheduler_log_confirmed,CLOSEPACKING/hf_CLOSEPACKING_job441.root
CLOSEPACKING,442,0,132000443,accepted,accepted_manifest_and_scheduler_log_confirmed,CLOSEPACKING/hf_CLOSEPACKING_job442.root
CLOSEPACKING,443,0,132000444,accepted,accepted_manifest_and_scheduler_log_confirmed,CLOSEPACKING/hf_CLOSEPACKING_job443.root
CLOSEPACKING,444,0,132000445,accepted,accepted_manifest_and_scheduler_log_confirmed,CLOSEPACKING/hf_CLOSEPACKING_job444.root
CLOSEPACKING,445,0,132000446,accepted,accepted_manifest_and_scheduler_log_confirmed,CLOSEPACKING/hf_CLOSEPACKING_job445.root
CLOSEPACKING,446,0,132000447,accepted,accepted_manifest_and_scheduler_log_confirmed,CLOSEPACKING/hf_CLOSEPACKING_job446.root
CLOSEPACKING,447,0,132000448,accepted,accepted_manifest_and_scheduler_log_confirmed,CLOSEPACKING/hf_CLOSEPACKING_job447.root
CLOSEPACKING,448,0,132000449,accepted,accepted_manifest_and_scheduler_log_confirmed,CLOSEPACKING/hf_CLOSEPACKING_job448.root
CLOSEPACKING,449,0,132000450,accepted,accepted_manifest_and_scheduler_log_confirmed,CLOSEPACKING/hf_CLOSEPACKING_job449.root
CLOSEPACKING,450,0,132000451,accepted,accepted_manifest_and_scheduler_log_confirmed,CLOSEPACKING/hf_CLOSEPACKING_job450.root
CLOSEPACKING,451,0,132000452,accepted,accepted_manifest_and_scheduler_log_confirmed,CLOSEPACKING/hf_CLOSEPACKING_job451.root
CLOSEPACKING,452,0,132000453,accepted,accepted_manifest_and_scheduler_log_confirmed,CLOSEPACKING/hf_CLOSEPACKING_job452.root
CLOSEPACKING,453,0,132000454,accepted,accepted_manifest_and_scheduler_log_confirmed,CLOSEPACKING/hf_CLOSEPACKING_job453.root
CLOSEPACKING,454,0,132000455,accepted,accepted_manifest_and_scheduler_log_confirmed,CLOSEPACKING/hf_CLOSEPACKING_job454.root
CLOSEPACKING,455,0,132000456,accepted,accepted_manifest_and_scheduler_log_confirmed,CLOSEPACKING/hf_CLOSEPACKING_job455.root
CLOSEPACKING,456,0,132000457,accepted,accepted_manifest_and_scheduler_log_confirmed,CLOSEPACKING/hf_CLOSEPACKING_job456.root
CLOSEPACKING,457,0,132000458,accepted,accepted_manifest_and_scheduler_log_confirmed,CLOSEPACKING/hf_CLOSEPACKING_job457.root
CLOSEPACKING,458,0,132000459,accepted,accepted_manifest_and_scheduler_log_confirmed,CLOSEPACKING/hf_CLOSEPACKING_job458.root
CLOSEPACKING,459,0,132000460,accepted,accepted_manifest_and_scheduler_log_confirmed,CLOSEPACKING/hf_CLOSEPACKING_job459.root
CLOSEPACKING,460,0,132000461,accepted,accepted_manifest_and_scheduler_log_confirmed,CLOSEPACKING/hf_CLOSEPACKING_job460.root
CLOSEPACKING,461,0,132000462,accepted,accepted_manifest_and_scheduler_log_confirmed,CLOSEPACKING/hf_CLOSEPACKING_job461.root
CLOSEPACKING,462,0,132000463,accepted,accepted_manifest_and_scheduler_log_confirmed,CLOSEPACKING/hf_CLOSEPACKING_job462.root
CLOSEPACKING,463,0,132000464,accepted,accepted_manifest_and_scheduler_log_confirmed,CLOSEPACKING/hf_CLOSEPACKING_job463.root
CLOSEPACKING,464,0,132000465,accepted,accepted_manifest_and_scheduler_log_confirmed,CLOSEPACKING/hf_CLOSEPACKING_job464.root
CLOSEPACKING,465,0,132000466,accepted,accepted_manifest_and_scheduler_log_confirmed,CLOSEPACKING/hf_CLOSEPACKING_job465.root
CLOSEPACKING,466,0,132000467,accepted,accepted_manifest_and_scheduler_log_confirmed,CLOSEPACKING/hf_CLOSEPACKING_job466.root
CLOSEPACKING,467,0,132000468,accepted,accepted_manifest_and_scheduler_log_confirmed,CLOSEPACKING/hf_CLOSEPACKING_job467.root
CLOSEPACKING,468,0,132000469,accepted,accepted_manifest_and_scheduler_log_confirmed,CLOSEPACKING/hf_CLOSEPACKING_job468.root
CLOSEPACKING,469,0,132000470,accepted,accepted_manifest_and_scheduler_log_confirmed,CLOSEPACKING/hf_CLOSEPACKING_job469.root
CLOSEPACKING,470,0,132000471,accepted,accepted_manifest_and_scheduler_log_confirmed,CLOSEPACKING/hf_CLOSEPACKING_job470.root
CLOSEPACKING,471,0,132000472,accepted,accepted_manifest_and_scheduler_log_confirmed,CLOSEPACKING/hf_CLOSEPACKING_job471.root
CLOSEPACKING,472,0,132000473,accepted,accepted_manifest_and_scheduler_log_confirmed,CLOSEPACKING/hf_CLOSEPACKING_job472.root
CLOSEPACKING,473,0,132000474,accepted,accepted_manifest_and_scheduler_log_confirmed,CLOSEPACKING/hf_CLOSEPACKING_job473.root
CLOSEPACKING,474,0,132000475,accepted,accepted_manifest_and_scheduler_log_confirmed,CLOSEPACKING/hf_CLOSEPACKING_job474.root
CLOSEPACKING,475,0,132000476,accepted,accepted_manifest_and_scheduler_log_confirmed,CLOSEPACKING/hf_CLOSEPACKING_job475.root
CLOSEPACKING,476,0,132000477,accepted,accepted_manifest_and_scheduler_log_confirmed,CLOSEPACKING/hf_CLOSEPACKING_job476.root
CLOSEPACKING,477,0,132000478,accepted,accepted_manifest_and_scheduler_log_confirmed,CLOSEPACKING/hf_CLOSEPACKING_job477.root
CLOSEPACKING,478,0,132000479,accepted,accepted_manifest_and_scheduler_log_confirmed,CLOSEPACKING/hf_CLOSEPACKING_job478.root
CLOSEPACKING,479,0,132000480,accepted,accepted_manifest_and_scheduler_log_confirmed,CLOSEPACKING/hf_CLOSEPACKING_job479.root
CLOSEPACKING,480,0,132000481,accepted,accepted_manifest_and_scheduler_log_confirmed,CLOSEPACKING/hf_CLOSEPACKING_job480.root
CLOSEPACKING,481,0,132000482,accepted,accepted_manifest_and_scheduler_log_confirmed,CLOSEPACKING/hf_CLOSEPACKING_job481.root
CLOSEPACKING,482,0,132000483,accepted,accepted_manifest_and_scheduler_log_confirmed,CLOSEPACKING/hf_CLOSEPACKING_job482.root
CLOSEPACKING,483,0,132000484,accepted,accepted_manifest_and_scheduler_log_confirmed,CLOSEPACKING/hf_CLOSEPACKING_job483.root
CLOSEPACKING,484,0,132000485,accepted,accepted_manifest_and_scheduler_log_confirmed,CLOSEPACKING/hf_CLOSEPACKING_job484.root
CLOSEPACKING,485,0,132000486,accepted,accepted_manifest_and_scheduler_log_confirmed,CLOSEPACKING/hf_CLOSEPACKING_job485.root
CLOSEPACKING,486,0,132000487,accepted,accepted_manifest_and_scheduler_log_confirmed,CLOSEPACKING/hf_CLOSEPACKING_job486.root
CLOSEPACKING,487,0,132000488,discarded,scheduler_log_confirmed,
CLOSEPACKING,487,1,132100488,accepted,accepted_manifest_and_scheduler_log_confirmed,CLOSEPACKING/hf_CLOSEPACKING_job487.root
CLOSEPACKING,488,0,132000489,accepted,accepted_manifest_and_scheduler_log_confirmed,CLOSEPACKING/hf_CLOSEPACKING_job488.root
CLOSEPACKING,489,0,132000490,accepted,accepted_manifest_and_scheduler_log_confirmed,CLOSEPACKING/hf_CLOSEPACKING_job489.root
CLOSEPACKING,490,0,132000491,accepted,accepted_manifest_and_scheduler_log_confirmed,CLOSEPACKING/hf_CLOSEPACKING_job490.root
CLOSEPACKING,491,0,132000492,accepted,accepted_manifest_and_scheduler_log_confirmed,CLOSEPACKING/hf_CLOSEPACKING_job491.root
CLOSEPACKING,492,0,132000493,accepted,accepted_manifest_and_scheduler_log_confirmed,CLOSEPACKING/hf_CLOSEPACKING_job492.root
CLOSEPACKING,493,0,132000494,accepted,accepted_manifest_and_scheduler_log_confirmed,CLOSEPACKING/hf_CLOSEPACKING_job493.root
CLOSEPACKING,494,0,132000495,accepted,accepted_manifest_and_scheduler_log_confirmed,CLOSEPACKING/hf_CLOSEPACKING_job494.root
CLOSEPACKING,495,0,132000496,accepted,accepted_manifest_and_scheduler_log_confirmed,CLOSEPACKING/hf_CLOSEPACKING_job495.root
CLOSEPACKING,496,0,132000497,accepted,accepted_manifest_and_scheduler_log_confirmed,CLOSEPACKING/hf_CLOSEPACKING_job496.root
CLOSEPACKING,497,0,132000498,accepted,accepted_manifest_and_scheduler_log_confirmed,CLOSEPACKING/hf_CLOSEPACKING_job497.root
CLOSEPACKING,498,0,132000499,accepted,accepted_manifest_and_scheduler_log_confirmed,CLOSEPACKING/hf_CLOSEPACKING_job498.root
CLOSEPACKING,499,0,132000500,accepted,accepted_manifest_and_scheduler_log_confirmed,CLOSEPACKING/hf_CLOSEPACKING_job499.root
CLOSEPACKING,500,0,132000501,accepted,accepted_manifest_and_scheduler_log_confirmed,CLOSEPACKING/hf_CLOSEPACKING_job500.root
CLOSEPACKING,501,0,132000502,discarded,scheduler_log_confirmed,
CLOSEPACKING,501,1,132100502,accepted,accepted_manifest_and_scheduler_log_confirmed,CLOSEPACKING/hf_CLOSEPACKING_job501.root
CLOSEPACKING,502,0,132000503,accepted,accepted_manifest_and_scheduler_log_confirmed,CLOSEPACKING/hf_CLOSEPACKING_job502.root
CLOSEPACKING,503,0,132000504,accepted,accepted_manifest_and_scheduler_log_confirmed,CLOSEPACKING/hf_CLOSEPACKING_job503.root
CLOSEPACKING,504,0,132000505,accepted,accepted_manifest_and_scheduler_log_confirmed,CLOSEPACKING/hf_CLOSEPACKING_job504.root
CLOSEPACKING,505,0,132000506,accepted,accepted_manifest_and_scheduler_log_confirmed,CLOSEPACKING/hf_CLOSEPACKING_job505.root
CLOSEPACKING,506,0,132000507,accepted,accepted_manifest_and_scheduler_log_confirmed,CLOSEPACKING/hf_CLOSEPACKING_job506.root
CLOSEPACKING,507,0,132000508,accepted,accepted_manifest_and_scheduler_log_confirmed,CLOSEPACKING/hf_CLOSEPACKING_job507.root
CLOSEPACKING,508,0,132000509,accepted,accepted_manifest_and_scheduler_log_confirmed,CLOSEPACKING/hf_CLOSEPACKING_job508.root
CLOSEPACKING,509,0,132000510,accepted,accepted_manifest_and_scheduler_log_confirmed,CLOSEPACKING/hf_CLOSEPACKING_job509.root
CLOSEPACKING,510,0,132000511,accepted,accepted_manifest_and_scheduler_log_confirmed,CLOSEPACKING/hf_CLOSEPACKING_job510.root
CLOSEPACKING,511,0,132000512,accepted,accepted_manifest_and_scheduler_log_confirmed,CLOSEPACKING/hf_CLOSEPACKING_job511.root
CLOSEPACKING,512,0,132000513,accepted,accepted_manifest_and_scheduler_log_confirmed,CLOSEPACKING/hf_CLOSEPACKING_job512.root
CLOSEPACKING,513,0,132000514,accepted,accepted_manifest_and_scheduler_log_confirmed,CLOSEPACKING/hf_CLOSEPACKING_job513.root
CLOSEPACKING,514,0,132000515,accepted,accepted_manifest_and_scheduler_log_confirmed,CLOSEPACKING/hf_CLOSEPACKING_job514.root
CLOSEPACKING,515,0,132000516,accepted,accepted_manifest_and_scheduler_log_confirmed,CLOSEPACKING/hf_CLOSEPACKING_job515.root
CLOSEPACKING,516,0,132000517,accepted,accepted_manifest_and_scheduler_log_confirmed,CLOSEPACKING/hf_CLOSEPACKING_job516.root
CLOSEPACKING,517,0,132000518,accepted,accepted_manifest_and_scheduler_log_confirmed,CLOSEPACKING/hf_CLOSEPACKING_job517.root
CLOSEPACKING,518,0,132000519,accepted,accepted_manifest_and_scheduler_log_confirmed,CLOSEPACKING/hf_CLOSEPACKING_job518.root
CLOSEPACKING,519,0,132000520,accepted,accepted_manifest_and_scheduler_log_confirmed,CLOSEPACKING/hf_CLOSEPACKING_job519.root
CLOSEPACKING,520,0,132000521,accepted,accepted_manifest_and_scheduler_log_confirmed,CLOSEPACKING/hf_CLOSEPACKING_job520.root
CLOSEPACKING,521,0,132000522,accepted,accepted_manifest_and_scheduler_log_confirmed,CLOSEPACKING/hf_CLOSEPACKING_job521.root
CLOSEPACKING,522,0,132000523,accepted,accepted_manifest_and_scheduler_log_confirmed,CLOSEPACKING/hf_CLOSEPACKING_job522.root
CLOSEPACKING,523,0,132000524,accepted,accepted_manifest_and_scheduler_log_confirmed,CLOSEPACKING/hf_CLOSEPACKING_job523.root
CLOSEPACKING,524,0,132000525,accepted,accepted_manifest_and_scheduler_log_confirmed,CLOSEPACKING/hf_CLOSEPACKING_job524.root
CLOSEPACKING,525,0,132000526,accepted,accepted_manifest_and_scheduler_log_confirmed,CLOSEPACKING/hf_CLOSEPACKING_job525.root
CLOSEPACKING,526,0,132000527,accepted,accepted_manifest_and_scheduler_log_confirmed,CLOSEPACKING/hf_CLOSEPACKING_job526.root
CLOSEPACKING,527,0,132000528,accepted,accepted_manifest_and_scheduler_log_confirmed,CLOSEPACKING/hf_CLOSEPACKING_job527.root
CLOSEPACKING,528,0,132000529,accepted,accepted_manifest_and_scheduler_log_confirmed,CLOSEPACKING/hf_CLOSEPACKING_job528.root
CLOSEPACKING,529,0,132000530,accepted,accepted_manifest_and_scheduler_log_confirmed,CLOSEPACKING/hf_CLOSEPACKING_job529.root
CLOSEPACKING,530,0,132000531,accepted,accepted_manifest_and_scheduler_log_confirmed,CLOSEPACKING/hf_CLOSEPACKING_job530.root
CLOSEPACKING,531,0,132000532,accepted,accepted_manifest_and_scheduler_log_confirmed,CLOSEPACKING/hf_CLOSEPACKING_job531.root
CLOSEPACKING,532,0,132000533,accepted,accepted_manifest_and_scheduler_log_confirmed,CLOSEPACKING/hf_CLOSEPACKING_job532.root
CLOSEPACKING,533,0,132000534,discarded,scheduler_log_confirmed,
CLOSEPACKING,533,1,132100534,accepted,accepted_manifest_and_scheduler_log_confirmed,CLOSEPACKING/hf_CLOSEPACKING_job533.root
CLOSEPACKING,534,0,132000535,accepted,accepted_manifest_and_scheduler_log_confirmed,CLOSEPACKING/hf_CLOSEPACKING_job534.root
CLOSEPACKING,535,0,132000536,accepted,accepted_manifest_and_scheduler_log_confirmed,CLOSEPACKING/hf_CLOSEPACKING_job535.root
CLOSEPACKING,536,0,132000537,accepted,accepted_manifest_and_scheduler_log_confirmed,CLOSEPACKING/hf_CLOSEPACKING_job536.root
CLOSEPACKING,537,0,132000538,accepted,accepted_manifest_and_scheduler_log_confirmed,CLOSEPACKING/hf_CLOSEPACKING_job537.root
CLOSEPACKING,538,0,132000539,accepted,accepted_manifest_and_scheduler_log_confirmed,CLOSEPACKING/hf_CLOSEPACKING_job538.root
CLOSEPACKING,539,0,132000540,accepted,accepted_manifest_and_scheduler_log_confirmed,CLOSEPACKING/hf_CLOSEPACKING_job539.root
CLOSEPACKING,540,0,132000541,accepted,accepted_manifest_and_scheduler_log_confirmed,CLOSEPACKING/hf_CLOSEPACKING_job540.root
CLOSEPACKING,541,0,132000542,accepted,accepted_manifest_and_scheduler_log_confirmed,CLOSEPACKING/hf_CLOSEPACKING_job541.root
CLOSEPACKING,542,0,132000543,accepted,accepted_manifest_and_scheduler_log_confirmed,CLOSEPACKING/hf_CLOSEPACKING_job542.root
CLOSEPACKING,543,0,132000544,accepted,accepted_manifest_and_scheduler_log_confirmed,CLOSEPACKING/hf_CLOSEPACKING_job543.root
CLOSEPACKING,544,0,132000545,accepted,accepted_manifest_and_scheduler_log_confirmed,CLOSEPACKING/hf_CLOSEPACKING_job544.root
CLOSEPACKING,545,0,132000546,accepted,accepted_manifest_and_scheduler_log_confirmed,CLOSEPACKING/hf_CLOSEPACKING_job545.root
CLOSEPACKING,546,0,132000547,accepted,accepted_manifest_and_scheduler_log_confirmed,CLOSEPACKING/hf_CLOSEPACKING_job546.root
CLOSEPACKING,547,0,132000548,accepted,accepted_manifest_and_scheduler_log_confirmed,CLOSEPACKING/hf_CLOSEPACKING_job547.root
CLOSEPACKING,548,0,132000549,accepted,accepted_manifest_and_scheduler_log_confirmed,CLOSEPACKING/hf_CLOSEPACKING_job548.root
CLOSEPACKING,549,0,132000550,accepted,accepted_manifest_and_scheduler_log_confirmed,CLOSEPACKING/hf_CLOSEPACKING_job549.root
CLOSEPACKING,550,0,132000551,accepted,accepted_manifest_and_scheduler_log_confirmed,CLOSEPACKING/hf_CLOSEPACKING_job550.root
CLOSEPACKING,551,0,132000552,accepted,accepted_manifest_and_scheduler_log_confirmed,CLOSEPACKING/hf_CLOSEPACKING_job551.root
CLOSEPACKING,552,0,132000553,accepted,accepted_manifest_and_scheduler_log_confirmed,CLOSEPACKING/hf_CLOSEPACKING_job552.root
CLOSEPACKING,553,0,132000554,accepted,accepted_manifest_and_scheduler_log_confirmed,CLOSEPACKING/hf_CLOSEPACKING_job553.root
CLOSEPACKING,554,0,132000555,accepted,accepted_manifest_and_scheduler_log_confirmed,CLOSEPACKING/hf_CLOSEPACKING_job554.root
CLOSEPACKING,555,0,132000556,discarded,scheduler_log_confirmed,
CLOSEPACKING,555,1,132100556,accepted,accepted_manifest_and_scheduler_log_confirmed,CLOSEPACKING/hf_CLOSEPACKING_job555.root
CLOSEPACKING,556,0,132000557,accepted,accepted_manifest_and_scheduler_log_confirmed,CLOSEPACKING/hf_CLOSEPACKING_job556.root
CLOSEPACKING,557,0,132000558,accepted,accepted_manifest_and_scheduler_log_confirmed,CLOSEPACKING/hf_CLOSEPACKING_job557.root
CLOSEPACKING,558,0,132000559,accepted,accepted_manifest_and_scheduler_log_confirmed,CLOSEPACKING/hf_CLOSEPACKING_job558.root
CLOSEPACKING,559,0,132000560,accepted,accepted_manifest_and_scheduler_log_confirmed,CLOSEPACKING/hf_CLOSEPACKING_job559.root
CLOSEPACKING,560,0,132000561,accepted,accepted_manifest_and_scheduler_log_confirmed,CLOSEPACKING/hf_CLOSEPACKING_job560.root
CLOSEPACKING,561,0,132000562,accepted,accepted_manifest_and_scheduler_log_confirmed,CLOSEPACKING/hf_CLOSEPACKING_job561.root
CLOSEPACKING,562,0,132000563,accepted,accepted_manifest_and_scheduler_log_confirmed,CLOSEPACKING/hf_CLOSEPACKING_job562.root
CLOSEPACKING,563,0,132000564,accepted,accepted_manifest_and_scheduler_log_confirmed,CLOSEPACKING/hf_CLOSEPACKING_job563.root
CLOSEPACKING,564,0,132000565,accepted,accepted_manifest_and_scheduler_log_confirmed,CLOSEPACKING/hf_CLOSEPACKING_job564.root
CLOSEPACKING,565,0,132000566,accepted,accepted_manifest_and_scheduler_log_confirmed,CLOSEPACKING/hf_CLOSEPACKING_job565.root
CLOSEPACKING,566,0,132000567,accepted,accepted_manifest_and_scheduler_log_confirmed,CLOSEPACKING/hf_CLOSEPACKING_job566.root
CLOSEPACKING,567,0,132000568,accepted,accepted_manifest_and_scheduler_log_confirmed,CLOSEPACKING/hf_CLOSEPACKING_job567.root
CLOSEPACKING,568,0,132000569,accepted,accepted_manifest_and_scheduler_log_confirmed,CLOSEPACKING/hf_CLOSEPACKING_job568.root
CLOSEPACKING,569,0,132000570,accepted,accepted_manifest_and_scheduler_log_confirmed,CLOSEPACKING/hf_CLOSEPACKING_job569.root
CLOSEPACKING,570,0,132000571,accepted,accepted_manifest_and_scheduler_log_confirmed,CLOSEPACKING/hf_CLOSEPACKING_job570.root
CLOSEPACKING,571,0,132000572,accepted,accepted_manifest_and_scheduler_log_confirmed,CLOSEPACKING/hf_CLOSEPACKING_job571.root
CLOSEPACKING,572,0,132000573,accepted,accepted_manifest_and_scheduler_log_confirmed,CLOSEPACKING/hf_CLOSEPACKING_job572.root
CLOSEPACKING,573,0,132000574,accepted,accepted_manifest_and_scheduler_log_confirmed,CLOSEPACKING/hf_CLOSEPACKING_job573.root
CLOSEPACKING,574,0,132000575,accepted,accepted_manifest_and_scheduler_log_confirmed,CLOSEPACKING/hf_CLOSEPACKING_job574.root
CLOSEPACKING,575,0,132000576,accepted,accepted_manifest_and_scheduler_log_confirmed,CLOSEPACKING/hf_CLOSEPACKING_job575.root
CLOSEPACKING,576,0,132000577,accepted,accepted_manifest_and_scheduler_log_confirmed,CLOSEPACKING/hf_CLOSEPACKING_job576.root
CLOSEPACKING,577,0,132000578,accepted,accepted_manifest_and_scheduler_log_confirmed,CLOSEPACKING/hf_CLOSEPACKING_job577.root
CLOSEPACKING,578,0,132000579,discarded,scheduler_log_confirmed,
CLOSEPACKING,578,1,132100579,accepted,accepted_manifest_and_scheduler_log_confirmed,CLOSEPACKING/hf_CLOSEPACKING_job578.root
CLOSEPACKING,579,0,132000580,accepted,accepted_manifest_and_scheduler_log_confirmed,CLOSEPACKING/hf_CLOSEPACKING_job579.root
CLOSEPACKING,580,0,132000581,accepted,accepted_manifest_and_scheduler_log_confirmed,CLOSEPACKING/hf_CLOSEPACKING_job580.root
CLOSEPACKING,581,0,132000582,accepted,accepted_manifest_and_scheduler_log_confirmed,CLOSEPACKING/hf_CLOSEPACKING_job581.root
CLOSEPACKING,582,0,132000583,accepted,accepted_manifest_and_scheduler_log_confirmed,CLOSEPACKING/hf_CLOSEPACKING_job582.root
CLOSEPACKING,583,0,132000584,discarded,scheduler_log_confirmed,
CLOSEPACKING,583,1,132100584,accepted,accepted_manifest_and_scheduler_log_confirmed,CLOSEPACKING/hf_CLOSEPACKING_job583.root
CLOSEPACKING,584,0,132000585,accepted,accepted_manifest_and_scheduler_log_confirmed,CLOSEPACKING/hf_CLOSEPACKING_job584.root
CLOSEPACKING,585,0,132000586,accepted,accepted_manifest_and_scheduler_log_confirmed,CLOSEPACKING/hf_CLOSEPACKING_job585.root
CLOSEPACKING,586,0,132000587,accepted,accepted_manifest_and_scheduler_log_confirmed,CLOSEPACKING/hf_CLOSEPACKING_job586.root
CLOSEPACKING,587,0,132000588,accepted,accepted_manifest_and_scheduler_log_confirmed,CLOSEPACKING/hf_CLOSEPACKING_job587.root
CLOSEPACKING,588,0,132000589,discarded,scheduler_log_confirmed,
CLOSEPACKING,588,1,132100589,accepted,accepted_manifest_and_scheduler_log_confirmed,CLOSEPACKING/hf_CLOSEPACKING_job588.root
CLOSEPACKING,589,0,132000590,accepted,accepted_manifest_and_scheduler_log_confirmed,CLOSEPACKING/hf_CLOSEPACKING_job589.root
CLOSEPACKING,590,0,132000591,accepted,accepted_manifest_and_scheduler_log_confirmed,CLOSEPACKING/hf_CLOSEPACKING_job590.root
CLOSEPACKING,591,0,132000592,accepted,accepted_manifest_and_scheduler_log_confirmed,CLOSEPACKING/hf_CLOSEPACKING_job591.root
CLOSEPACKING,592,0,132000593,accepted,accepted_manifest_and_scheduler_log_confirmed,CLOSEPACKING/hf_CLOSEPACKING_job592.root
CLOSEPACKING,593,0,132000594,accepted,accepted_manifest_and_scheduler_log_confirmed,CLOSEPACKING/hf_CLOSEPACKING_job593.root
CLOSEPACKING,594,0,132000595,discarded,scheduler_log_confirmed,
CLOSEPACKING,594,1,132100595,accepted,accepted_manifest_and_scheduler_log_confirmed,CLOSEPACKING/hf_CLOSEPACKING_job594.root
CLOSEPACKING,595,0,132000596,accepted,accepted_manifest_and_scheduler_log_confirmed,CLOSEPACKING/hf_CLOSEPACKING_job595.root
CLOSEPACKING,596,0,132000597,accepted,accepted_manifest_and_scheduler_log_confirmed,CLOSEPACKING/hf_CLOSEPACKING_job596.root
CLOSEPACKING,597,0,132000598,accepted,accepted_manifest_and_scheduler_log_confirmed,CLOSEPACKING/hf_CLOSEPACKING_job597.root
CLOSEPACKING,598,0,132000599,accepted,accepted_manifest_and_scheduler_log_confirmed,CLOSEPACKING/hf_CLOSEPACKING_job598.root
CLOSEPACKING,599,0,132000600,accepted,accepted_manifest_and_scheduler_log_confirmed,CLOSEPACKING/hf_CLOSEPACKING_job599.root
CLOSEPACKING,600,0,132000601,discarded,scheduler_log_confirmed,
CLOSEPACKING,600,1,132100601,accepted,accepted_manifest_and_scheduler_log_confirmed,CLOSEPACKING/hf_CLOSEPACKING_job600.root
CLOSEPACKING,601,0,132000602,discarded,scheduler_log_confirmed,
CLOSEPACKING,601,1,132100602,accepted,accepted_manifest_and_scheduler_log_confirmed,CLOSEPACKING/hf_CLOSEPACKING_job601.root
CLOSEPACKING,602,0,132000603,accepted,accepted_manifest_and_scheduler_log_confirmed,CLOSEPACKING/hf_CLOSEPACKING_job602.root
CLOSEPACKING,603,0,132000604,accepted,accepted_manifest_and_scheduler_log_confirmed,CLOSEPACKING/hf_CLOSEPACKING_job603.root
CLOSEPACKING,604,0,132000605,accepted,accepted_manifest_and_scheduler_log_confirmed,CLOSEPACKING/hf_CLOSEPACKING_job604.root
CLOSEPACKING,605,0,132000606,accepted,accepted_manifest_and_scheduler_log_confirmed,CLOSEPACKING/hf_CLOSEPACKING_job605.root
CLOSEPACKING,606,0,132000607,accepted,accepted_manifest_and_scheduler_log_confirmed,CLOSEPACKING/hf_CLOSEPACKING_job606.root
CLOSEPACKING,607,0,132000608,accepted,accepted_manifest_and_scheduler_log_confirmed,CLOSEPACKING/hf_CLOSEPACKING_job607.root
CLOSEPACKING,608,0,132000609,accepted,accepted_manifest_and_scheduler_log_confirmed,CLOSEPACKING/hf_CLOSEPACKING_job608.root
CLOSEPACKING,609,0,132000610,accepted,accepted_manifest_and_scheduler_log_confirmed,CLOSEPACKING/hf_CLOSEPACKING_job609.root
CLOSEPACKING,610,0,132000611,accepted,accepted_manifest_and_scheduler_log_confirmed,CLOSEPACKING/hf_CLOSEPACKING_job610.root
CLOSEPACKING,611,0,132000612,accepted,accepted_manifest_and_scheduler_log_confirmed,CLOSEPACKING/hf_CLOSEPACKING_job611.root
CLOSEPACKING,612,0,132000613,accepted,accepted_manifest_and_scheduler_log_confirmed,CLOSEPACKING/hf_CLOSEPACKING_job612.root
CLOSEPACKING,613,0,132000614,accepted,accepted_manifest_and_scheduler_log_confirmed,CLOSEPACKING/hf_CLOSEPACKING_job613.root
CLOSEPACKING,614,0,132000615,accepted,accepted_manifest_and_scheduler_log_confirmed,CLOSEPACKING/hf_CLOSEPACKING_job614.root
CLOSEPACKING,615,0,132000616,accepted,accepted_manifest_and_scheduler_log_confirmed,CLOSEPACKING/hf_CLOSEPACKING_job615.root
CLOSEPACKING,616,0,132000617,accepted,accepted_manifest_and_scheduler_log_confirmed,CLOSEPACKING/hf_CLOSEPACKING_job616.root
CLOSEPACKING,617,0,132000618,accepted,accepted_manifest_and_scheduler_log_confirmed,CLOSEPACKING/hf_CLOSEPACKING_job617.root
CLOSEPACKING,618,0,132000619,accepted,accepted_manifest_and_scheduler_log_confirmed,CLOSEPACKING/hf_CLOSEPACKING_job618.root
CLOSEPACKING,619,0,132000620,accepted,accepted_manifest_and_scheduler_log_confirmed,CLOSEPACKING/hf_CLOSEPACKING_job619.root
CLOSEPACKING,620,0,132000621,accepted,accepted_manifest_and_scheduler_log_confirmed,CLOSEPACKING/hf_CLOSEPACKING_job620.root
CLOSEPACKING,621,0,132000622,accepted,accepted_manifest_and_scheduler_log_confirmed,CLOSEPACKING/hf_CLOSEPACKING_job621.root
CLOSEPACKING,622,0,132000623,discarded,scheduler_log_confirmed,
CLOSEPACKING,622,1,132100623,accepted,accepted_manifest_and_scheduler_log_confirmed,CLOSEPACKING/hf_CLOSEPACKING_job622.root
CLOSEPACKING,623,0,132000624,accepted,accepted_manifest_and_scheduler_log_confirmed,CLOSEPACKING/hf_CLOSEPACKING_job623.root
CLOSEPACKING,624,0,132000625,accepted,accepted_manifest_and_scheduler_log_confirmed,CLOSEPACKING/hf_CLOSEPACKING_job624.root
CLOSEPACKING,625,0,132000626,accepted,accepted_manifest_and_scheduler_log_confirmed,CLOSEPACKING/hf_CLOSEPACKING_job625.root
CLOSEPACKING,626,0,132000627,accepted,accepted_manifest_and_scheduler_log_confirmed,CLOSEPACKING/hf_CLOSEPACKING_job626.root
CLOSEPACKING,627,0,132000628,accepted,accepted_manifest_and_scheduler_log_confirmed,CLOSEPACKING/hf_CLOSEPACKING_job627.root
CLOSEPACKING,628,0,132000629,accepted,accepted_manifest_and_scheduler_log_confirmed,CLOSEPACKING/hf_CLOSEPACKING_job628.root
CLOSEPACKING,629,0,132000630,accepted,accepted_manifest_and_scheduler_log_confirmed,CLOSEPACKING/hf_CLOSEPACKING_job629.root
CLOSEPACKING,630,0,132000631,accepted,accepted_manifest_and_scheduler_log_confirmed,CLOSEPACKING/hf_CLOSEPACKING_job630.root
CLOSEPACKING,631,0,132000632,accepted,accepted_manifest_and_scheduler_log_confirmed,CLOSEPACKING/hf_CLOSEPACKING_job631.root
CLOSEPACKING,632,0,132000633,accepted,accepted_manifest_and_scheduler_log_confirmed,CLOSEPACKING/hf_CLOSEPACKING_job632.root
CLOSEPACKING,633,0,132000634,accepted,accepted_manifest_and_scheduler_log_confirmed,CLOSEPACKING/hf_CLOSEPACKING_job633.root
CLOSEPACKING,634,0,132000635,accepted,accepted_manifest_and_scheduler_log_confirmed,CLOSEPACKING/hf_CLOSEPACKING_job634.root
CLOSEPACKING,635,0,132000636,accepted,accepted_manifest_and_scheduler_log_confirmed,CLOSEPACKING/hf_CLOSEPACKING_job635.root
CLOSEPACKING,636,0,132000637,accepted,accepted_manifest_and_scheduler_log_confirmed,CLOSEPACKING/hf_CLOSEPACKING_job636.root
CLOSEPACKING,637,0,132000638,accepted,accepted_manifest_and_scheduler_log_confirmed,CLOSEPACKING/hf_CLOSEPACKING_job637.root
CLOSEPACKING,638,0,132000639,accepted,accepted_manifest_and_scheduler_log_confirmed,CLOSEPACKING/hf_CLOSEPACKING_job638.root
CLOSEPACKING,639,0,132000640,accepted,accepted_manifest_and_scheduler_log_confirmed,CLOSEPACKING/hf_CLOSEPACKING_job639.root
CLOSEPACKING,640,0,132000641,accepted,accepted_manifest_and_scheduler_log_confirmed,CLOSEPACKING/hf_CLOSEPACKING_job640.root
CLOSEPACKING,641,0,132000642,accepted,accepted_manifest_and_scheduler_log_confirmed,CLOSEPACKING/hf_CLOSEPACKING_job641.root
CLOSEPACKING,642,0,132000643,accepted,accepted_manifest_and_scheduler_log_confirmed,CLOSEPACKING/hf_CLOSEPACKING_job642.root
CLOSEPACKING,643,0,132000644,accepted,accepted_manifest_and_scheduler_log_confirmed,CLOSEPACKING/hf_CLOSEPACKING_job643.root
CLOSEPACKING,644,0,132000645,accepted,accepted_manifest_and_scheduler_log_confirmed,CLOSEPACKING/hf_CLOSEPACKING_job644.root
CLOSEPACKING,645,0,132000646,accepted,accepted_manifest_and_scheduler_log_confirmed,CLOSEPACKING/hf_CLOSEPACKING_job645.root
CLOSEPACKING,646,0,132000647,accepted,accepted_manifest_and_scheduler_log_confirmed,CLOSEPACKING/hf_CLOSEPACKING_job646.root
CLOSEPACKING,647,0,132000648,accepted,accepted_manifest_and_scheduler_log_confirmed,CLOSEPACKING/hf_CLOSEPACKING_job647.root
CLOSEPACKING,648,0,132000649,accepted,accepted_manifest_and_scheduler_log_confirmed,CLOSEPACKING/hf_CLOSEPACKING_job648.root
CLOSEPACKING,649,0,132000650,accepted,accepted_manifest_and_scheduler_log_confirmed,CLOSEPACKING/hf_CLOSEPACKING_job649.root
CLOSEPACKING,650,0,132000651,accepted,accepted_manifest_and_scheduler_log_confirmed,CLOSEPACKING/hf_CLOSEPACKING_job650.root
CLOSEPACKING,651,0,132000652,accepted,accepted_manifest_and_scheduler_log_confirmed,CLOSEPACKING/hf_CLOSEPACKING_job651.root
CLOSEPACKING,652,0,132000653,accepted,accepted_manifest_and_scheduler_log_confirmed,CLOSEPACKING/hf_CLOSEPACKING_job652.root
CLOSEPACKING,653,0,132000654,accepted,accepted_manifest_and_scheduler_log_confirmed,CLOSEPACKING/hf_CLOSEPACKING_job653.root
CLOSEPACKING,654,0,132000655,accepted,accepted_manifest_and_scheduler_log_confirmed,CLOSEPACKING/hf_CLOSEPACKING_job654.root
CLOSEPACKING,655,0,132000656,accepted,accepted_manifest_and_scheduler_log_confirmed,CLOSEPACKING/hf_CLOSEPACKING_job655.root
CLOSEPACKING,656,0,132000657,accepted,accepted_manifest_and_scheduler_log_confirmed,CLOSEPACKING/hf_CLOSEPACKING_job656.root
CLOSEPACKING,657,0,132000658,accepted,accepted_manifest_and_scheduler_log_confirmed,CLOSEPACKING/hf_CLOSEPACKING_job657.root
CLOSEPACKING,658,0,132000659,accepted,accepted_manifest_and_scheduler_log_confirmed,CLOSEPACKING/hf_CLOSEPACKING_job658.root
CLOSEPACKING,659,0,132000660,accepted,accepted_manifest_and_scheduler_log_confirmed,CLOSEPACKING/hf_CLOSEPACKING_job659.root
CLOSEPACKING,660,0,132000661,accepted,accepted_manifest_and_scheduler_log_confirmed,CLOSEPACKING/hf_CLOSEPACKING_job660.root
CLOSEPACKING,661,0,132000662,accepted,accepted_manifest_and_scheduler_log_confirmed,CLOSEPACKING/hf_CLOSEPACKING_job661.root
CLOSEPACKING,662,0,132000663,accepted,accepted_manifest_and_scheduler_log_confirmed,CLOSEPACKING/hf_CLOSEPACKING_job662.root
CLOSEPACKING,663,0,132000664,accepted,accepted_manifest_and_scheduler_log_confirmed,CLOSEPACKING/hf_CLOSEPACKING_job663.root
CLOSEPACKING,664,0,132000665,accepted,accepted_manifest_and_scheduler_log_confirmed,CLOSEPACKING/hf_CLOSEPACKING_job664.root
CLOSEPACKING,665,0,132000666,accepted,accepted_manifest_and_scheduler_log_confirmed,CLOSEPACKING/hf_CLOSEPACKING_job665.root
CLOSEPACKING,666,0,132000667,accepted,accepted_manifest_and_scheduler_log_confirmed,CLOSEPACKING/hf_CLOSEPACKING_job666.root
CLOSEPACKING,667,0,132000668,accepted,accepted_manifest_and_scheduler_log_confirmed,CLOSEPACKING/hf_CLOSEPACKING_job667.root
CLOSEPACKING,668,0,132000669,accepted,accepted_manifest_and_scheduler_log_confirmed,CLOSEPACKING/hf_CLOSEPACKING_job668.root
CLOSEPACKING,669,0,132000670,accepted,accepted_manifest_and_scheduler_log_confirmed,CLOSEPACKING/hf_CLOSEPACKING_job669.root
CLOSEPACKING,670,0,132000671,accepted,accepted_manifest_and_scheduler_log_confirmed,CLOSEPACKING/hf_CLOSEPACKING_job670.root
CLOSEPACKING,671,0,132000672,accepted,accepted_manifest_and_scheduler_log_confirmed,CLOSEPACKING/hf_CLOSEPACKING_job671.root
CLOSEPACKING,672,0,132000673,accepted,accepted_manifest_and_scheduler_log_confirmed,CLOSEPACKING/hf_CLOSEPACKING_job672.root
CLOSEPACKING,673,0,132000674,accepted,accepted_manifest_and_scheduler_log_confirmed,CLOSEPACKING/hf_CLOSEPACKING_job673.root
CLOSEPACKING,674,0,132000675,accepted,accepted_manifest_and_scheduler_log_confirmed,CLOSEPACKING/hf_CLOSEPACKING_job674.root
CLOSEPACKING,675,0,132000676,accepted,accepted_manifest_and_scheduler_log_confirmed,CLOSEPACKING/hf_CLOSEPACKING_job675.root
CLOSEPACKING,676,0,132000677,accepted,accepted_manifest_and_scheduler_log_confirmed,CLOSEPACKING/hf_CLOSEPACKING_job676.root
CLOSEPACKING,677,0,132000678,accepted,accepted_manifest_and_scheduler_log_confirmed,CLOSEPACKING/hf_CLOSEPACKING_job677.root
CLOSEPACKING,678,0,132000679,accepted,accepted_manifest_and_scheduler_log_confirmed,CLOSEPACKING/hf_CLOSEPACKING_job678.root
CLOSEPACKING,679,0,132000680,accepted,accepted_manifest_and_scheduler_log_confirmed,CLOSEPACKING/hf_CLOSEPACKING_job679.root
CLOSEPACKING,680,0,132000681,accepted,accepted_manifest_and_scheduler_log_confirmed,CLOSEPACKING/hf_CLOSEPACKING_job680.root
CLOSEPACKING,681,0,132000682,accepted,accepted_manifest_and_scheduler_log_confirmed,CLOSEPACKING/hf_CLOSEPACKING_job681.root
CLOSEPACKING,682,0,132000683,accepted,accepted_manifest_and_scheduler_log_confirmed,CLOSEPACKING/hf_CLOSEPACKING_job682.root
CLOSEPACKING,683,0,132000684,accepted,accepted_manifest_and_scheduler_log_confirmed,CLOSEPACKING/hf_CLOSEPACKING_job683.root
CLOSEPACKING,684,0,132000685,discarded,scheduler_log_confirmed,
CLOSEPACKING,684,1,132100685,accepted,accepted_manifest_and_scheduler_log_confirmed,CLOSEPACKING/hf_CLOSEPACKING_job684.root
CLOSEPACKING,685,0,132000686,accepted,accepted_manifest_and_scheduler_log_confirmed,CLOSEPACKING/hf_CLOSEPACKING_job685.root
CLOSEPACKING,686,0,132000687,accepted,accepted_manifest_and_scheduler_log_confirmed,CLOSEPACKING/hf_CLOSEPACKING_job686.root
CLOSEPACKING,687,0,132000688,accepted,accepted_manifest_and_scheduler_log_confirmed,CLOSEPACKING/hf_CLOSEPACKING_job687.root
CLOSEPACKING,688,0,132000689,accepted,accepted_manifest_and_scheduler_log_confirmed,CLOSEPACKING/hf_CLOSEPACKING_job688.root
CLOSEPACKING,689,0,132000690,accepted,accepted_manifest_and_scheduler_log_confirmed,CLOSEPACKING/hf_CLOSEPACKING_job689.root
CLOSEPACKING,690,0,132000691,accepted,accepted_manifest_and_scheduler_log_confirmed,CLOSEPACKING/hf_CLOSEPACKING_job690.root
CLOSEPACKING,691,0,132000692,accepted,accepted_manifest_and_scheduler_log_confirmed,CLOSEPACKING/hf_CLOSEPACKING_job691.root
CLOSEPACKING,692,0,132000693,accepted,accepted_manifest_and_scheduler_log_confirmed,CLOSEPACKING/hf_CLOSEPACKING_job692.root
CLOSEPACKING,693,0,132000694,accepted,accepted_manifest_and_scheduler_log_confirmed,CLOSEPACKING/hf_CLOSEPACKING_job693.root
CLOSEPACKING,694,0,132000695,accepted,accepted_manifest_and_scheduler_log_confirmed,CLOSEPACKING/hf_CLOSEPACKING_job694.root
CLOSEPACKING,695,0,132000696,accepted,accepted_manifest_and_scheduler_log_confirmed,CLOSEPACKING/hf_CLOSEPACKING_job695.root
CLOSEPACKING,696,0,132000697,accepted,accepted_manifest_and_scheduler_log_confirmed,CLOSEPACKING/hf_CLOSEPACKING_job696.root
CLOSEPACKING,697,0,132000698,accepted,accepted_manifest_and_scheduler_log_confirmed,CLOSEPACKING/hf_CLOSEPACKING_job697.root
CLOSEPACKING,698,0,132000699,accepted,accepted_manifest_and_scheduler_log_confirmed,CLOSEPACKING/hf_CLOSEPACKING_job698.root
CLOSEPACKING,699,0,132000700,accepted,accepted_manifest_and_scheduler_log_confirmed,CLOSEPACKING/hf_CLOSEPACKING_job699.root
CLOSEPACKING,700,0,132000701,accepted,accepted_manifest_and_scheduler_log_confirmed,CLOSEPACKING/hf_CLOSEPACKING_job700.root
CLOSEPACKING,701,0,132000702,accepted,accepted_manifest_and_scheduler_log_confirmed,CLOSEPACKING/hf_CLOSEPACKING_job701.root
CLOSEPACKING,702,0,132000703,accepted,accepted_manifest_and_scheduler_log_confirmed,CLOSEPACKING/hf_CLOSEPACKING_job702.root
CLOSEPACKING,703,0,132000704,accepted,accepted_manifest_and_scheduler_log_confirmed,CLOSEPACKING/hf_CLOSEPACKING_job703.root
CLOSEPACKING,704,0,132000705,accepted,accepted_manifest_and_scheduler_log_confirmed,CLOSEPACKING/hf_CLOSEPACKING_job704.root
CLOSEPACKING,705,0,132000706,discarded,scheduler_log_confirmed,
CLOSEPACKING,705,1,132100706,accepted,accepted_manifest_and_scheduler_log_confirmed,CLOSEPACKING/hf_CLOSEPACKING_job705.root
CLOSEPACKING,706,0,132000707,accepted,accepted_manifest_and_scheduler_log_confirmed,CLOSEPACKING/hf_CLOSEPACKING_job706.root
CLOSEPACKING,707,0,132000708,accepted,accepted_manifest_and_scheduler_log_confirmed,CLOSEPACKING/hf_CLOSEPACKING_job707.root
CLOSEPACKING,708,0,132000709,accepted,accepted_manifest_and_scheduler_log_confirmed,CLOSEPACKING/hf_CLOSEPACKING_job708.root
CLOSEPACKING,709,0,132000710,accepted,accepted_manifest_and_scheduler_log_confirmed,CLOSEPACKING/hf_CLOSEPACKING_job709.root
CLOSEPACKING,710,0,132000711,accepted,accepted_manifest_and_scheduler_log_confirmed,CLOSEPACKING/hf_CLOSEPACKING_job710.root
CLOSEPACKING,711,0,132000712,accepted,accepted_manifest_and_scheduler_log_confirmed,CLOSEPACKING/hf_CLOSEPACKING_job711.root
CLOSEPACKING,712,0,132000713,accepted,accepted_manifest_and_scheduler_log_confirmed,CLOSEPACKING/hf_CLOSEPACKING_job712.root
CLOSEPACKING,713,0,132000714,accepted,accepted_manifest_and_scheduler_log_confirmed,CLOSEPACKING/hf_CLOSEPACKING_job713.root
CLOSEPACKING,714,0,132000715,accepted,accepted_manifest_and_scheduler_log_confirmed,CLOSEPACKING/hf_CLOSEPACKING_job714.root
CLOSEPACKING,715,0,132000716,accepted,accepted_manifest_and_scheduler_log_confirmed,CLOSEPACKING/hf_CLOSEPACKING_job715.root
CLOSEPACKING,716,0,132000717,discarded,scheduler_log_confirmed,
CLOSEPACKING,716,1,132100717,accepted,accepted_manifest_and_scheduler_log_confirmed,CLOSEPACKING/hf_CLOSEPACKING_job716.root
CLOSEPACKING,717,0,132000718,accepted,accepted_manifest_and_scheduler_log_confirmed,CLOSEPACKING/hf_CLOSEPACKING_job717.root
CLOSEPACKING,718,0,132000719,accepted,accepted_manifest_and_scheduler_log_confirmed,CLOSEPACKING/hf_CLOSEPACKING_job718.root
CLOSEPACKING,719,0,132000720,discarded,scheduler_log_confirmed,
CLOSEPACKING,719,1,132100720,accepted,accepted_manifest_and_scheduler_log_confirmed,CLOSEPACKING/hf_CLOSEPACKING_job719.root
CLOSEPACKING,720,0,132000721,accepted,accepted_manifest_and_scheduler_log_confirmed,CLOSEPACKING/hf_CLOSEPACKING_job720.root
CLOSEPACKING,721,0,132000722,accepted,accepted_manifest_and_scheduler_log_confirmed,CLOSEPACKING/hf_CLOSEPACKING_job721.root
CLOSEPACKING,722,0,132000723,accepted,accepted_manifest_and_scheduler_log_confirmed,CLOSEPACKING/hf_CLOSEPACKING_job722.root
CLOSEPACKING,723,0,132000724,accepted,accepted_manifest_and_scheduler_log_confirmed,CLOSEPACKING/hf_CLOSEPACKING_job723.root
CLOSEPACKING,724,0,132000725,accepted,accepted_manifest_and_scheduler_log_confirmed,CLOSEPACKING/hf_CLOSEPACKING_job724.root
CLOSEPACKING,725,0,132000726,accepted,accepted_manifest_and_scheduler_log_confirmed,CLOSEPACKING/hf_CLOSEPACKING_job725.root
CLOSEPACKING,726,0,132000727,accepted,accepted_manifest_and_scheduler_log_confirmed,CLOSEPACKING/hf_CLOSEPACKING_job726.root
CLOSEPACKING,727,0,132000728,accepted,accepted_manifest_and_scheduler_log_confirmed,CLOSEPACKING/hf_CLOSEPACKING_job727.root
CLOSEPACKING,728,0,132000729,accepted,accepted_manifest_and_scheduler_log_confirmed,CLOSEPACKING/hf_CLOSEPACKING_job728.root
CLOSEPACKING,729,0,132000730,accepted,accepted_manifest_and_scheduler_log_confirmed,CLOSEPACKING/hf_CLOSEPACKING_job729.root
CLOSEPACKING,730,0,132000731,accepted,accepted_manifest_and_scheduler_log_confirmed,CLOSEPACKING/hf_CLOSEPACKING_job730.root
CLOSEPACKING,731,0,132000732,accepted,accepted_manifest_and_scheduler_log_confirmed,CLOSEPACKING/hf_CLOSEPACKING_job731.root
CLOSEPACKING,732,0,132000733,accepted,accepted_manifest_and_scheduler_log_confirmed,CLOSEPACKING/hf_CLOSEPACKING_job732.root
CLOSEPACKING,733,0,132000734,accepted,accepted_manifest_and_scheduler_log_confirmed,CLOSEPACKING/hf_CLOSEPACKING_job733.root
CLOSEPACKING,734,0,132000735,accepted,accepted_manifest_and_scheduler_log_confirmed,CLOSEPACKING/hf_CLOSEPACKING_job734.root
CLOSEPACKING,735,0,132000736,accepted,accepted_manifest_and_scheduler_log_confirmed,CLOSEPACKING/hf_CLOSEPACKING_job735.root
CLOSEPACKING,736,0,132000737,accepted,accepted_manifest_and_scheduler_log_confirmed,CLOSEPACKING/hf_CLOSEPACKING_job736.root
CLOSEPACKING,737,0,132000738,accepted,accepted_manifest_and_scheduler_log_confirmed,CLOSEPACKING/hf_CLOSEPACKING_job737.root
CLOSEPACKING,738,0,132000739,accepted,accepted_manifest_and_scheduler_log_confirmed,CLOSEPACKING/hf_CLOSEPACKING_job738.root
CLOSEPACKING,739,0,132000740,accepted,accepted_manifest_and_scheduler_log_confirmed,CLOSEPACKING/hf_CLOSEPACKING_job739.root
CLOSEPACKING,740,0,132000741,accepted,accepted_manifest_and_scheduler_log_confirmed,CLOSEPACKING/hf_CLOSEPACKING_job740.root
CLOSEPACKING,741,0,132000742,accepted,accepted_manifest_and_scheduler_log_confirmed,CLOSEPACKING/hf_CLOSEPACKING_job741.root
CLOSEPACKING,742,0,132000743,accepted,accepted_manifest_and_scheduler_log_confirmed,CLOSEPACKING/hf_CLOSEPACKING_job742.root
CLOSEPACKING,743,0,132000744,discarded,scheduler_log_confirmed,
CLOSEPACKING,743,1,132100744,accepted,accepted_manifest_and_scheduler_log_confirmed,CLOSEPACKING/hf_CLOSEPACKING_job743.root
CLOSEPACKING,744,0,132000745,accepted,accepted_manifest_and_scheduler_log_confirmed,CLOSEPACKING/hf_CLOSEPACKING_job744.root
CLOSEPACKING,745,0,132000746,discarded,scheduler_log_confirmed,
CLOSEPACKING,745,1,132100746,discarded,scheduler_log_confirmed,
CLOSEPACKING,745,2,132200746,accepted,accepted_manifest_and_scheduler_log_confirmed,CLOSEPACKING/hf_CLOSEPACKING_job745.root
CLOSEPACKING,746,0,132000747,accepted,accepted_manifest_and_scheduler_log_confirmed,CLOSEPACKING/hf_CLOSEPACKING_job746.root
CLOSEPACKING,747,0,132000748,accepted,accepted_manifest_and_scheduler_log_confirmed,CLOSEPACKING/hf_CLOSEPACKING_job747.root
CLOSEPACKING,748,0,132000749,accepted,accepted_manifest_and_scheduler_log_confirmed,CLOSEPACKING/hf_CLOSEPACKING_job748.root
CLOSEPACKING,749,0,132000750,accepted,accepted_manifest_and_scheduler_log_confirmed,CLOSEPACKING/hf_CLOSEPACKING_job749.root
CLOSEPACKING,750,0,132000751,accepted,accepted_manifest_and_scheduler_log_confirmed,CLOSEPACKING/hf_CLOSEPACKING_job750.root
CLOSEPACKING,751,0,132000752,accepted,accepted_manifest_and_scheduler_log_confirmed,CLOSEPACKING/hf_CLOSEPACKING_job751.root
CLOSEPACKING,752,0,132000753,accepted,accepted_manifest_and_scheduler_log_confirmed,CLOSEPACKING/hf_CLOSEPACKING_job752.root
CLOSEPACKING,753,0,132000754,accepted,accepted_manifest_and_scheduler_log_confirmed,CLOSEPACKING/hf_CLOSEPACKING_job753.root
CLOSEPACKING,754,0,132000755,accepted,accepted_manifest_and_scheduler_log_confirmed,CLOSEPACKING/hf_CLOSEPACKING_job754.root
CLOSEPACKING,755,0,132000756,accepted,accepted_manifest_and_scheduler_log_confirmed,CLOSEPACKING/hf_CLOSEPACKING_job755.root
CLOSEPACKING,756,0,132000757,accepted,accepted_manifest_and_scheduler_log_confirmed,CLOSEPACKING/hf_CLOSEPACKING_job756.root
CLOSEPACKING,757,0,132000758,accepted,accepted_manifest_and_scheduler_log_confirmed,CLOSEPACKING/hf_CLOSEPACKING_job757.root
CLOSEPACKING,758,0,132000759,accepted,accepted_manifest_and_scheduler_log_confirmed,CLOSEPACKING/hf_CLOSEPACKING_job758.root
CLOSEPACKING,759,0,132000760,accepted,accepted_manifest_and_scheduler_log_confirmed,CLOSEPACKING/hf_CLOSEPACKING_job759.root
CLOSEPACKING,760,0,132000761,accepted,accepted_manifest_and_scheduler_log_confirmed,CLOSEPACKING/hf_CLOSEPACKING_job760.root
CLOSEPACKING,761,0,132000762,accepted,accepted_manifest_and_scheduler_log_confirmed,CLOSEPACKING/hf_CLOSEPACKING_job761.root
CLOSEPACKING,762,0,132000763,accepted,accepted_manifest_and_scheduler_log_confirmed,CLOSEPACKING/hf_CLOSEPACKING_job762.root
CLOSEPACKING,763,0,132000764,discarded,scheduler_log_confirmed,
CLOSEPACKING,763,1,132100764,accepted,accepted_manifest_and_scheduler_log_confirmed,CLOSEPACKING/hf_CLOSEPACKING_job763.root
CLOSEPACKING,764,0,132000765,accepted,accepted_manifest_and_scheduler_log_confirmed,CLOSEPACKING/hf_CLOSEPACKING_job764.root
CLOSEPACKING,765,0,132000766,accepted,accepted_manifest_and_scheduler_log_confirmed,CLOSEPACKING/hf_CLOSEPACKING_job765.root
CLOSEPACKING,766,0,132000767,accepted,accepted_manifest_and_scheduler_log_confirmed,CLOSEPACKING/hf_CLOSEPACKING_job766.root
CLOSEPACKING,767,0,132000768,accepted,accepted_manifest_and_scheduler_log_confirmed,CLOSEPACKING/hf_CLOSEPACKING_job767.root
CLOSEPACKING,768,0,132000769,accepted,accepted_manifest_and_scheduler_log_confirmed,CLOSEPACKING/hf_CLOSEPACKING_job768.root
CLOSEPACKING,769,0,132000770,accepted,accepted_manifest_and_scheduler_log_confirmed,CLOSEPACKING/hf_CLOSEPACKING_job769.root
CLOSEPACKING,770,0,132000771,accepted,accepted_manifest_and_scheduler_log_confirmed,CLOSEPACKING/hf_CLOSEPACKING_job770.root
CLOSEPACKING,771,0,132000772,accepted,accepted_manifest_and_scheduler_log_confirmed,CLOSEPACKING/hf_CLOSEPACKING_job771.root
CLOSEPACKING,772,0,132000773,accepted,accepted_manifest_and_scheduler_log_confirmed,CLOSEPACKING/hf_CLOSEPACKING_job772.root
CLOSEPACKING,773,0,132000774,accepted,accepted_manifest_and_scheduler_log_confirmed,CLOSEPACKING/hf_CLOSEPACKING_job773.root
CLOSEPACKING,774,0,132000775,accepted,accepted_manifest_and_scheduler_log_confirmed,CLOSEPACKING/hf_CLOSEPACKING_job774.root
CLOSEPACKING,775,0,132000776,accepted,accepted_manifest_and_scheduler_log_confirmed,CLOSEPACKING/hf_CLOSEPACKING_job775.root
CLOSEPACKING,776,0,132000777,accepted,accepted_manifest_and_scheduler_log_confirmed,CLOSEPACKING/hf_CLOSEPACKING_job776.root
CLOSEPACKING,777,0,132000778,accepted,accepted_manifest_and_scheduler_log_confirmed,CLOSEPACKING/hf_CLOSEPACKING_job777.root
CLOSEPACKING,778,0,132000779,accepted,accepted_manifest_and_scheduler_log_confirmed,CLOSEPACKING/hf_CLOSEPACKING_job778.root
CLOSEPACKING,779,0,132000780,accepted,accepted_manifest_and_scheduler_log_confirmed,CLOSEPACKING/hf_CLOSEPACKING_job779.root
CLOSEPACKING,780,0,132000781,accepted,accepted_manifest_and_scheduler_log_confirmed,CLOSEPACKING/hf_CLOSEPACKING_job780.root
CLOSEPACKING,781,0,132000782,accepted,accepted_manifest_and_scheduler_log_confirmed,CLOSEPACKING/hf_CLOSEPACKING_job781.root
CLOSEPACKING,782,0,132000783,accepted,accepted_manifest_and_scheduler_log_confirmed,CLOSEPACKING/hf_CLOSEPACKING_job782.root
CLOSEPACKING,783,0,132000784,accepted,accepted_manifest_and_scheduler_log_confirmed,CLOSEPACKING/hf_CLOSEPACKING_job783.root
CLOSEPACKING,784,0,132000785,accepted,accepted_manifest_and_scheduler_log_confirmed,CLOSEPACKING/hf_CLOSEPACKING_job784.root
CLOSEPACKING,785,0,132000786,accepted,accepted_manifest_and_scheduler_log_confirmed,CLOSEPACKING/hf_CLOSEPACKING_job785.root
CLOSEPACKING,786,0,132000787,accepted,accepted_manifest_and_scheduler_log_confirmed,CLOSEPACKING/hf_CLOSEPACKING_job786.root
CLOSEPACKING,787,0,132000788,accepted,accepted_manifest_and_scheduler_log_confirmed,CLOSEPACKING/hf_CLOSEPACKING_job787.root
CLOSEPACKING,788,0,132000789,accepted,accepted_manifest_and_scheduler_log_confirmed,CLOSEPACKING/hf_CLOSEPACKING_job788.root
CLOSEPACKING,789,0,132000790,accepted,accepted_manifest_and_scheduler_log_confirmed,CLOSEPACKING/hf_CLOSEPACKING_job789.root
CLOSEPACKING,790,0,132000791,accepted,accepted_manifest_and_scheduler_log_confirmed,CLOSEPACKING/hf_CLOSEPACKING_job790.root
CLOSEPACKING,791,0,132000792,accepted,accepted_manifest_and_scheduler_log_confirmed,CLOSEPACKING/hf_CLOSEPACKING_job791.root
CLOSEPACKING,792,0,132000793,accepted,accepted_manifest_and_scheduler_log_confirmed,CLOSEPACKING/hf_CLOSEPACKING_job792.root
CLOSEPACKING,793,0,132000794,accepted,accepted_manifest_and_scheduler_log_confirmed,CLOSEPACKING/hf_CLOSEPACKING_job793.root
CLOSEPACKING,794,0,132000795,accepted,accepted_manifest_and_scheduler_log_confirmed,CLOSEPACKING/hf_CLOSEPACKING_job794.root
CLOSEPACKING,795,0,132000796,accepted,accepted_manifest_and_scheduler_log_confirmed,CLOSEPACKING/hf_CLOSEPACKING_job795.root
CLOSEPACKING,796,0,132000797,accepted,accepted_manifest_and_scheduler_log_confirmed,CLOSEPACKING/hf_CLOSEPACKING_job796.root
CLOSEPACKING,797,0,132000798,accepted,accepted_manifest_and_scheduler_log_confirmed,CLOSEPACKING/hf_CLOSEPACKING_job797.root
CLOSEPACKING,798,0,132000799,accepted,accepted_manifest_and_scheduler_log_confirmed,CLOSEPACKING/hf_CLOSEPACKING_job798.root
CLOSEPACKING,799,0,132000800,accepted,accepted_manifest_and_scheduler_log_confirmed,CLOSEPACKING/hf_CLOSEPACKING_job799.root
CLOSEPACKING,800,0,132000801,accepted,accepted_manifest_and_scheduler_log_confirmed,CLOSEPACKING/hf_CLOSEPACKING_job800.root
CLOSEPACKING,801,0,132000802,accepted,accepted_manifest_and_scheduler_log_confirmed,CLOSEPACKING/hf_CLOSEPACKING_job801.root
CLOSEPACKING,802,0,132000803,accepted,accepted_manifest_and_scheduler_log_confirmed,CLOSEPACKING/hf_CLOSEPACKING_job802.root
CLOSEPACKING,803,0,132000804,accepted,accepted_manifest_and_scheduler_log_confirmed,CLOSEPACKING/hf_CLOSEPACKING_job803.root
CLOSEPACKING,804,0,132000805,accepted,accepted_manifest_and_scheduler_log_confirmed,CLOSEPACKING/hf_CLOSEPACKING_job804.root
CLOSEPACKING,805,0,132000806,accepted,accepted_manifest_and_scheduler_log_confirmed,CLOSEPACKING/hf_CLOSEPACKING_job805.root
CLOSEPACKING,806,0,132000807,accepted,accepted_manifest_and_scheduler_log_confirmed,CLOSEPACKING/hf_CLOSEPACKING_job806.root
CLOSEPACKING,807,0,132000808,accepted,accepted_manifest_and_scheduler_log_confirmed,CLOSEPACKING/hf_CLOSEPACKING_job807.root
CLOSEPACKING,808,0,132000809,accepted,accepted_manifest_and_scheduler_log_confirmed,CLOSEPACKING/hf_CLOSEPACKING_job808.root
CLOSEPACKING,809,0,132000810,accepted,accepted_manifest_and_scheduler_log_confirmed,CLOSEPACKING/hf_CLOSEPACKING_job809.root
CLOSEPACKING,810,0,132000811,accepted,accepted_manifest_and_scheduler_log_confirmed,CLOSEPACKING/hf_CLOSEPACKING_job810.root
CLOSEPACKING,811,0,132000812,accepted,accepted_manifest_and_scheduler_log_confirmed,CLOSEPACKING/hf_CLOSEPACKING_job811.root
CLOSEPACKING,812,0,132000813,accepted,accepted_manifest_and_scheduler_log_confirmed,CLOSEPACKING/hf_CLOSEPACKING_job812.root
CLOSEPACKING,813,0,132000814,accepted,accepted_manifest_and_scheduler_log_confirmed,CLOSEPACKING/hf_CLOSEPACKING_job813.root
CLOSEPACKING,814,0,132000815,accepted,accepted_manifest_and_scheduler_log_confirmed,CLOSEPACKING/hf_CLOSEPACKING_job814.root
CLOSEPACKING,815,0,132000816,accepted,accepted_manifest_and_scheduler_log_confirmed,CLOSEPACKING/hf_CLOSEPACKING_job815.root
CLOSEPACKING,816,0,132000817,accepted,accepted_manifest_and_scheduler_log_confirmed,CLOSEPACKING/hf_CLOSEPACKING_job816.root
CLOSEPACKING,817,0,132000818,accepted,accepted_manifest_and_scheduler_log_confirmed,CLOSEPACKING/hf_CLOSEPACKING_job817.root
CLOSEPACKING,818,0,132000819,accepted,accepted_manifest_and_scheduler_log_confirmed,CLOSEPACKING/hf_CLOSEPACKING_job818.root
CLOSEPACKING,819,0,132000820,accepted,accepted_manifest_and_scheduler_log_confirmed,CLOSEPACKING/hf_CLOSEPACKING_job819.root
CLOSEPACKING,820,0,132000821,accepted,accepted_manifest_and_scheduler_log_confirmed,CLOSEPACKING/hf_CLOSEPACKING_job820.root
CLOSEPACKING,821,0,132000822,accepted,accepted_manifest_and_scheduler_log_confirmed,CLOSEPACKING/hf_CLOSEPACKING_job821.root
CLOSEPACKING,822,0,132000823,accepted,accepted_manifest_and_scheduler_log_confirmed,CLOSEPACKING/hf_CLOSEPACKING_job822.root
CLOSEPACKING,823,0,132000824,accepted,accepted_manifest_and_scheduler_log_confirmed,CLOSEPACKING/hf_CLOSEPACKING_job823.root
CLOSEPACKING,824,0,132000825,accepted,accepted_manifest_and_scheduler_log_confirmed,CLOSEPACKING/hf_CLOSEPACKING_job824.root
CLOSEPACKING,825,0,132000826,accepted,accepted_manifest_and_scheduler_log_confirmed,CLOSEPACKING/hf_CLOSEPACKING_job825.root
CLOSEPACKING,826,0,132000827,accepted,accepted_manifest_and_scheduler_log_confirmed,CLOSEPACKING/hf_CLOSEPACKING_job826.root
CLOSEPACKING,827,0,132000828,accepted,accepted_manifest_and_scheduler_log_confirmed,CLOSEPACKING/hf_CLOSEPACKING_job827.root
CLOSEPACKING,828,0,132000829,accepted,accepted_manifest_and_scheduler_log_confirmed,CLOSEPACKING/hf_CLOSEPACKING_job828.root
CLOSEPACKING,829,0,132000830,accepted,accepted_manifest_and_scheduler_log_confirmed,CLOSEPACKING/hf_CLOSEPACKING_job829.root
CLOSEPACKING,830,0,132000831,accepted,accepted_manifest_and_scheduler_log_confirmed,CLOSEPACKING/hf_CLOSEPACKING_job830.root
CLOSEPACKING,831,0,132000832,accepted,accepted_manifest_and_scheduler_log_confirmed,CLOSEPACKING/hf_CLOSEPACKING_job831.root
CLOSEPACKING,832,0,132000833,accepted,accepted_manifest_and_scheduler_log_confirmed,CLOSEPACKING/hf_CLOSEPACKING_job832.root
CLOSEPACKING,833,0,132000834,accepted,accepted_manifest_and_scheduler_log_confirmed,CLOSEPACKING/hf_CLOSEPACKING_job833.root
CLOSEPACKING,834,0,132000835,accepted,accepted_manifest_and_scheduler_log_confirmed,CLOSEPACKING/hf_CLOSEPACKING_job834.root
CLOSEPACKING,835,0,132000836,accepted,accepted_manifest_and_scheduler_log_confirmed,CLOSEPACKING/hf_CLOSEPACKING_job835.root
CLOSEPACKING,836,0,132000837,accepted,accepted_manifest_and_scheduler_log_confirmed,CLOSEPACKING/hf_CLOSEPACKING_job836.root
CLOSEPACKING,837,0,132000838,accepted,accepted_manifest_and_scheduler_log_confirmed,CLOSEPACKING/hf_CLOSEPACKING_job837.root
CLOSEPACKING,838,0,132000839,accepted,accepted_manifest_and_scheduler_log_confirmed,CLOSEPACKING/hf_CLOSEPACKING_job838.root
CLOSEPACKING,839,0,132000840,accepted,accepted_manifest_and_scheduler_log_confirmed,CLOSEPACKING/hf_CLOSEPACKING_job839.root
CLOSEPACKING,840,0,132000841,discarded,scheduler_log_confirmed,
CLOSEPACKING,840,1,132100841,accepted,accepted_manifest_and_scheduler_log_confirmed,CLOSEPACKING/hf_CLOSEPACKING_job840.root
CLOSEPACKING,841,0,132000842,accepted,accepted_manifest_and_scheduler_log_confirmed,CLOSEPACKING/hf_CLOSEPACKING_job841.root
CLOSEPACKING,842,0,132000843,accepted,accepted_manifest_and_scheduler_log_confirmed,CLOSEPACKING/hf_CLOSEPACKING_job842.root
CLOSEPACKING,843,0,132000844,accepted,accepted_manifest_and_scheduler_log_confirmed,CLOSEPACKING/hf_CLOSEPACKING_job843.root
CLOSEPACKING,844,0,132000845,accepted,accepted_manifest_and_scheduler_log_confirmed,CLOSEPACKING/hf_CLOSEPACKING_job844.root
CLOSEPACKING,845,0,132000846,accepted,accepted_manifest_and_scheduler_log_confirmed,CLOSEPACKING/hf_CLOSEPACKING_job845.root
CLOSEPACKING,846,0,132000847,accepted,accepted_manifest_and_scheduler_log_confirmed,CLOSEPACKING/hf_CLOSEPACKING_job846.root
CLOSEPACKING,847,0,132000848,accepted,accepted_manifest_and_scheduler_log_confirmed,CLOSEPACKING/hf_CLOSEPACKING_job847.root
CLOSEPACKING,848,0,132000849,accepted,accepted_manifest_and_scheduler_log_confirmed,CLOSEPACKING/hf_CLOSEPACKING_job848.root
CLOSEPACKING,849,0,132000850,accepted,accepted_manifest_and_scheduler_log_confirmed,CLOSEPACKING/hf_CLOSEPACKING_job849.root
CLOSEPACKING,850,0,132000851,discarded,scheduler_log_confirmed,
CLOSEPACKING,850,1,132100851,accepted,accepted_manifest_and_scheduler_log_confirmed,CLOSEPACKING/hf_CLOSEPACKING_job850.root
CLOSEPACKING,851,0,132000852,accepted,accepted_manifest_and_scheduler_log_confirmed,CLOSEPACKING/hf_CLOSEPACKING_job851.root
CLOSEPACKING,852,0,132000853,accepted,accepted_manifest_and_scheduler_log_confirmed,CLOSEPACKING/hf_CLOSEPACKING_job852.root
CLOSEPACKING,853,0,132000854,accepted,accepted_manifest_and_scheduler_log_confirmed,CLOSEPACKING/hf_CLOSEPACKING_job853.root
CLOSEPACKING,854,0,132000855,accepted,accepted_manifest_and_scheduler_log_confirmed,CLOSEPACKING/hf_CLOSEPACKING_job854.root
CLOSEPACKING,855,0,132000856,discarded,scheduler_log_confirmed,
CLOSEPACKING,855,1,132100856,accepted,accepted_manifest_and_scheduler_log_confirmed,CLOSEPACKING/hf_CLOSEPACKING_job855.root
CLOSEPACKING,856,0,132000857,accepted,accepted_manifest_and_scheduler_log_confirmed,CLOSEPACKING/hf_CLOSEPACKING_job856.root
CLOSEPACKING,857,0,132000858,accepted,accepted_manifest_and_scheduler_log_confirmed,CLOSEPACKING/hf_CLOSEPACKING_job857.root
CLOSEPACKING,858,0,132000859,accepted,accepted_manifest_and_scheduler_log_confirmed,CLOSEPACKING/hf_CLOSEPACKING_job858.root
CLOSEPACKING,859,0,132000860,accepted,accepted_manifest_and_scheduler_log_confirmed,CLOSEPACKING/hf_CLOSEPACKING_job859.root
CLOSEPACKING,860,0,132000861,accepted,accepted_manifest_and_scheduler_log_confirmed,CLOSEPACKING/hf_CLOSEPACKING_job860.root
CLOSEPACKING,861,0,132000862,accepted,accepted_manifest_and_scheduler_log_confirmed,CLOSEPACKING/hf_CLOSEPACKING_job861.root
CLOSEPACKING,862,0,132000863,accepted,accepted_manifest_and_scheduler_log_confirmed,CLOSEPACKING/hf_CLOSEPACKING_job862.root
CLOSEPACKING,863,0,132000864,accepted,accepted_manifest_and_scheduler_log_confirmed,CLOSEPACKING/hf_CLOSEPACKING_job863.root
CLOSEPACKING,864,0,132000865,accepted,accepted_manifest_and_scheduler_log_confirmed,CLOSEPACKING/hf_CLOSEPACKING_job864.root
CLOSEPACKING,865,0,132000866,accepted,accepted_manifest_and_scheduler_log_confirmed,CLOSEPACKING/hf_CLOSEPACKING_job865.root
CLOSEPACKING,866,0,132000867,accepted,accepted_manifest_and_scheduler_log_confirmed,CLOSEPACKING/hf_CLOSEPACKING_job866.root
CLOSEPACKING,867,0,132000868,accepted,accepted_manifest_and_scheduler_log_confirmed,CLOSEPACKING/hf_CLOSEPACKING_job867.root
CLOSEPACKING,868,0,132000869,accepted,accepted_manifest_and_scheduler_log_confirmed,CLOSEPACKING/hf_CLOSEPACKING_job868.root
CLOSEPACKING,869,0,132000870,accepted,accepted_manifest_and_scheduler_log_confirmed,CLOSEPACKING/hf_CLOSEPACKING_job869.root
CLOSEPACKING,870,0,132000871,accepted,accepted_manifest_and_scheduler_log_confirmed,CLOSEPACKING/hf_CLOSEPACKING_job870.root
CLOSEPACKING,871,0,132000872,accepted,accepted_manifest_and_scheduler_log_confirmed,CLOSEPACKING/hf_CLOSEPACKING_job871.root
CLOSEPACKING,872,0,132000873,accepted,accepted_manifest_and_scheduler_log_confirmed,CLOSEPACKING/hf_CLOSEPACKING_job872.root
CLOSEPACKING,873,0,132000874,accepted,accepted_manifest_and_scheduler_log_confirmed,CLOSEPACKING/hf_CLOSEPACKING_job873.root
CLOSEPACKING,874,0,132000875,accepted,accepted_manifest_and_scheduler_log_confirmed,CLOSEPACKING/hf_CLOSEPACKING_job874.root
CLOSEPACKING,875,0,132000876,accepted,accepted_manifest_and_scheduler_log_confirmed,CLOSEPACKING/hf_CLOSEPACKING_job875.root
CLOSEPACKING,876,0,132000877,accepted,accepted_manifest_and_scheduler_log_confirmed,CLOSEPACKING/hf_CLOSEPACKING_job876.root
CLOSEPACKING,877,0,132000878,accepted,accepted_manifest_and_scheduler_log_confirmed,CLOSEPACKING/hf_CLOSEPACKING_job877.root
CLOSEPACKING,878,0,132000879,accepted,accepted_manifest_and_scheduler_log_confirmed,CLOSEPACKING/hf_CLOSEPACKING_job878.root
CLOSEPACKING,879,0,132000880,accepted,accepted_manifest_and_scheduler_log_confirmed,CLOSEPACKING/hf_CLOSEPACKING_job879.root
CLOSEPACKING,880,0,132000881,accepted,accepted_manifest_and_scheduler_log_confirmed,CLOSEPACKING/hf_CLOSEPACKING_job880.root
CLOSEPACKING,881,0,132000882,accepted,accepted_manifest_and_scheduler_log_confirmed,CLOSEPACKING/hf_CLOSEPACKING_job881.root
CLOSEPACKING,882,0,132000883,accepted,accepted_manifest_and_scheduler_log_confirmed,CLOSEPACKING/hf_CLOSEPACKING_job882.root
CLOSEPACKING,883,0,132000884,accepted,accepted_manifest_and_scheduler_log_confirmed,CLOSEPACKING/hf_CLOSEPACKING_job883.root
CLOSEPACKING,884,0,132000885,accepted,accepted_manifest_and_scheduler_log_confirmed,CLOSEPACKING/hf_CLOSEPACKING_job884.root
CLOSEPACKING,885,0,132000886,accepted,accepted_manifest_and_scheduler_log_confirmed,CLOSEPACKING/hf_CLOSEPACKING_job885.root
CLOSEPACKING,886,0,132000887,accepted,accepted_manifest_and_scheduler_log_confirmed,CLOSEPACKING/hf_CLOSEPACKING_job886.root
CLOSEPACKING,887,0,132000888,accepted,accepted_manifest_and_scheduler_log_confirmed,CLOSEPACKING/hf_CLOSEPACKING_job887.root
CLOSEPACKING,888,0,132000889,accepted,accepted_manifest_and_scheduler_log_confirmed,CLOSEPACKING/hf_CLOSEPACKING_job888.root
CLOSEPACKING,889,0,132000890,accepted,accepted_manifest_and_scheduler_log_confirmed,CLOSEPACKING/hf_CLOSEPACKING_job889.root
CLOSEPACKING,890,0,132000891,accepted,accepted_manifest_and_scheduler_log_confirmed,CLOSEPACKING/hf_CLOSEPACKING_job890.root
CLOSEPACKING,891,0,132000892,accepted,accepted_manifest_and_scheduler_log_confirmed,CLOSEPACKING/hf_CLOSEPACKING_job891.root
CLOSEPACKING,892,0,132000893,accepted,accepted_manifest_and_scheduler_log_confirmed,CLOSEPACKING/hf_CLOSEPACKING_job892.root
CLOSEPACKING,893,0,132000894,accepted,accepted_manifest_and_scheduler_log_confirmed,CLOSEPACKING/hf_CLOSEPACKING_job893.root
CLOSEPACKING,894,0,132000895,accepted,accepted_manifest_and_scheduler_log_confirmed,CLOSEPACKING/hf_CLOSEPACKING_job894.root
CLOSEPACKING,895,0,132000896,accepted,accepted_manifest_and_scheduler_log_confirmed,CLOSEPACKING/hf_CLOSEPACKING_job895.root
CLOSEPACKING,896,0,132000897,accepted,accepted_manifest_and_scheduler_log_confirmed,CLOSEPACKING/hf_CLOSEPACKING_job896.root
CLOSEPACKING,897,0,132000898,accepted,accepted_manifest_and_scheduler_log_confirmed,CLOSEPACKING/hf_CLOSEPACKING_job897.root
CLOSEPACKING,898,0,132000899,accepted,accepted_manifest_and_scheduler_log_confirmed,CLOSEPACKING/hf_CLOSEPACKING_job898.root
CLOSEPACKING,899,0,132000900,accepted,accepted_manifest_and_scheduler_log_confirmed,CLOSEPACKING/hf_CLOSEPACKING_job899.root
CLOSEPACKING,900,0,132000901,accepted,accepted_manifest_and_scheduler_log_confirmed,CLOSEPACKING/hf_CLOSEPACKING_job900.root
CLOSEPACKING,901,0,132000902,accepted,accepted_manifest_and_scheduler_log_confirmed,CLOSEPACKING/hf_CLOSEPACKING_job901.root
CLOSEPACKING,902,0,132000903,accepted,accepted_manifest_and_scheduler_log_confirmed,CLOSEPACKING/hf_CLOSEPACKING_job902.root
CLOSEPACKING,903,0,132000904,accepted,accepted_manifest_and_scheduler_log_confirmed,CLOSEPACKING/hf_CLOSEPACKING_job903.root
CLOSEPACKING,904,0,132000905,accepted,accepted_manifest_and_scheduler_log_confirmed,CLOSEPACKING/hf_CLOSEPACKING_job904.root
CLOSEPACKING,905,0,132000906,accepted,accepted_manifest_and_scheduler_log_confirmed,CLOSEPACKING/hf_CLOSEPACKING_job905.root
CLOSEPACKING,906,0,132000907,accepted,accepted_manifest_and_scheduler_log_confirmed,CLOSEPACKING/hf_CLOSEPACKING_job906.root
CLOSEPACKING,907,0,132000908,accepted,accepted_manifest_and_scheduler_log_confirmed,CLOSEPACKING/hf_CLOSEPACKING_job907.root
CLOSEPACKING,908,0,132000909,accepted,accepted_manifest_and_scheduler_log_confirmed,CLOSEPACKING/hf_CLOSEPACKING_job908.root
CLOSEPACKING,909,0,132000910,accepted,accepted_manifest_and_scheduler_log_confirmed,CLOSEPACKING/hf_CLOSEPACKING_job909.root
CLOSEPACKING,910,0,132000911,accepted,accepted_manifest_and_scheduler_log_confirmed,CLOSEPACKING/hf_CLOSEPACKING_job910.root
CLOSEPACKING,911,0,132000912,accepted,accepted_manifest_and_scheduler_log_confirmed,CLOSEPACKING/hf_CLOSEPACKING_job911.root
CLOSEPACKING,912,0,132000913,accepted,accepted_manifest_and_scheduler_log_confirmed,CLOSEPACKING/hf_CLOSEPACKING_job912.root
CLOSEPACKING,913,0,132000914,accepted,accepted_manifest_and_scheduler_log_confirmed,CLOSEPACKING/hf_CLOSEPACKING_job913.root
CLOSEPACKING,914,0,132000915,accepted,accepted_manifest_and_scheduler_log_confirmed,CLOSEPACKING/hf_CLOSEPACKING_job914.root
CLOSEPACKING,915,0,132000916,accepted,accepted_manifest_and_scheduler_log_confirmed,CLOSEPACKING/hf_CLOSEPACKING_job915.root
CLOSEPACKING,916,0,132000917,accepted,accepted_manifest_and_scheduler_log_confirmed,CLOSEPACKING/hf_CLOSEPACKING_job916.root
CLOSEPACKING,917,0,132000918,discarded,scheduler_log_confirmed,
CLOSEPACKING,917,1,132100918,accepted,accepted_manifest_and_scheduler_log_confirmed,CLOSEPACKING/hf_CLOSEPACKING_job917.root
CLOSEPACKING,918,0,132000919,accepted,accepted_manifest_and_scheduler_log_confirmed,CLOSEPACKING/hf_CLOSEPACKING_job918.root
CLOSEPACKING,919,0,132000920,accepted,accepted_manifest_and_scheduler_log_confirmed,CLOSEPACKING/hf_CLOSEPACKING_job919.root
CLOSEPACKING,920,0,132000921,accepted,accepted_manifest_and_scheduler_log_confirmed,CLOSEPACKING/hf_CLOSEPACKING_job920.root
CLOSEPACKING,921,0,132000922,accepted,accepted_manifest_and_scheduler_log_confirmed,CLOSEPACKING/hf_CLOSEPACKING_job921.root
CLOSEPACKING,922,0,132000923,accepted,accepted_manifest_and_scheduler_log_confirmed,CLOSEPACKING/hf_CLOSEPACKING_job922.root
CLOSEPACKING,923,0,132000924,accepted,accepted_manifest_and_scheduler_log_confirmed,CLOSEPACKING/hf_CLOSEPACKING_job923.root
CLOSEPACKING,924,0,132000925,accepted,accepted_manifest_and_scheduler_log_confirmed,CLOSEPACKING/hf_CLOSEPACKING_job924.root
CLOSEPACKING,925,0,132000926,accepted,accepted_manifest_and_scheduler_log_confirmed,CLOSEPACKING/hf_CLOSEPACKING_job925.root
CLOSEPACKING,926,0,132000927,accepted,accepted_manifest_and_scheduler_log_confirmed,CLOSEPACKING/hf_CLOSEPACKING_job926.root
CLOSEPACKING,927,0,132000928,accepted,accepted_manifest_and_scheduler_log_confirmed,CLOSEPACKING/hf_CLOSEPACKING_job927.root
CLOSEPACKING,928,0,132000929,accepted,accepted_manifest_and_scheduler_log_confirmed,CLOSEPACKING/hf_CLOSEPACKING_job928.root
CLOSEPACKING,929,0,132000930,accepted,accepted_manifest_and_scheduler_log_confirmed,CLOSEPACKING/hf_CLOSEPACKING_job929.root
CLOSEPACKING,930,0,132000931,accepted,accepted_manifest_and_scheduler_log_confirmed,CLOSEPACKING/hf_CLOSEPACKING_job930.root
CLOSEPACKING,931,0,132000932,accepted,accepted_manifest_and_scheduler_log_confirmed,CLOSEPACKING/hf_CLOSEPACKING_job931.root
CLOSEPACKING,932,0,132000933,accepted,accepted_manifest_and_scheduler_log_confirmed,CLOSEPACKING/hf_CLOSEPACKING_job932.root
CLOSEPACKING,933,0,132000934,accepted,accepted_manifest_and_scheduler_log_confirmed,CLOSEPACKING/hf_CLOSEPACKING_job933.root
CLOSEPACKING,934,0,132000935,accepted,accepted_manifest_and_scheduler_log_confirmed,CLOSEPACKING/hf_CLOSEPACKING_job934.root
CLOSEPACKING,935,0,132000936,accepted,accepted_manifest_and_scheduler_log_confirmed,CLOSEPACKING/hf_CLOSEPACKING_job935.root
CLOSEPACKING,936,0,132000937,accepted,accepted_manifest_and_scheduler_log_confirmed,CLOSEPACKING/hf_CLOSEPACKING_job936.root
CLOSEPACKING,937,0,132000938,accepted,accepted_manifest_and_scheduler_log_confirmed,CLOSEPACKING/hf_CLOSEPACKING_job937.root
CLOSEPACKING,938,0,132000939,accepted,accepted_manifest_and_scheduler_log_confirmed,CLOSEPACKING/hf_CLOSEPACKING_job938.root
CLOSEPACKING,939,0,132000940,accepted,accepted_manifest_and_scheduler_log_confirmed,CLOSEPACKING/hf_CLOSEPACKING_job939.root
CLOSEPACKING,940,0,132000941,accepted,accepted_manifest_and_scheduler_log_confirmed,CLOSEPACKING/hf_CLOSEPACKING_job940.root
CLOSEPACKING,941,0,132000942,accepted,accepted_manifest_and_scheduler_log_confirmed,CLOSEPACKING/hf_CLOSEPACKING_job941.root
CLOSEPACKING,942,0,132000943,accepted,accepted_manifest_and_scheduler_log_confirmed,CLOSEPACKING/hf_CLOSEPACKING_job942.root
CLOSEPACKING,943,0,132000944,accepted,accepted_manifest_and_scheduler_log_confirmed,CLOSEPACKING/hf_CLOSEPACKING_job943.root
CLOSEPACKING,944,0,132000945,accepted,accepted_manifest_and_scheduler_log_confirmed,CLOSEPACKING/hf_CLOSEPACKING_job944.root
CLOSEPACKING,945,0,132000946,accepted,accepted_manifest_and_scheduler_log_confirmed,CLOSEPACKING/hf_CLOSEPACKING_job945.root
CLOSEPACKING,946,0,132000947,accepted,accepted_manifest_and_scheduler_log_confirmed,CLOSEPACKING/hf_CLOSEPACKING_job946.root
CLOSEPACKING,947,0,132000948,accepted,accepted_manifest_and_scheduler_log_confirmed,CLOSEPACKING/hf_CLOSEPACKING_job947.root
CLOSEPACKING,948,0,132000949,accepted,accepted_manifest_and_scheduler_log_confirmed,CLOSEPACKING/hf_CLOSEPACKING_job948.root
CLOSEPACKING,949,0,132000950,accepted,accepted_manifest_and_scheduler_log_confirmed,CLOSEPACKING/hf_CLOSEPACKING_job949.root
CLOSEPACKING,950,0,132000951,accepted,accepted_manifest_and_scheduler_log_confirmed,CLOSEPACKING/hf_CLOSEPACKING_job950.root
CLOSEPACKING,951,0,132000952,accepted,accepted_manifest_and_scheduler_log_confirmed,CLOSEPACKING/hf_CLOSEPACKING_job951.root
CLOSEPACKING,952,0,132000953,accepted,accepted_manifest_and_scheduler_log_confirmed,CLOSEPACKING/hf_CLOSEPACKING_job952.root
CLOSEPACKING,953,0,132000954,discarded,scheduler_log_confirmed,
CLOSEPACKING,953,1,132100954,accepted,accepted_manifest_and_scheduler_log_confirmed,CLOSEPACKING/hf_CLOSEPACKING_job953.root
CLOSEPACKING,954,0,132000955,accepted,accepted_manifest_and_scheduler_log_confirmed,CLOSEPACKING/hf_CLOSEPACKING_job954.root
CLOSEPACKING,955,0,132000956,accepted,accepted_manifest_and_scheduler_log_confirmed,CLOSEPACKING/hf_CLOSEPACKING_job955.root
CLOSEPACKING,956,0,132000957,accepted,accepted_manifest_and_scheduler_log_confirmed,CLOSEPACKING/hf_CLOSEPACKING_job956.root
CLOSEPACKING,957,0,132000958,accepted,accepted_manifest_and_scheduler_log_confirmed,CLOSEPACKING/hf_CLOSEPACKING_job957.root
CLOSEPACKING,958,0,132000959,accepted,accepted_manifest_and_scheduler_log_confirmed,CLOSEPACKING/hf_CLOSEPACKING_job958.root
CLOSEPACKING,959,0,132000960,accepted,accepted_manifest_and_scheduler_log_confirmed,CLOSEPACKING/hf_CLOSEPACKING_job959.root
CLOSEPACKING,960,0,132000961,accepted,accepted_manifest_and_scheduler_log_confirmed,CLOSEPACKING/hf_CLOSEPACKING_job960.root
CLOSEPACKING,961,0,132000962,accepted,accepted_manifest_and_scheduler_log_confirmed,CLOSEPACKING/hf_CLOSEPACKING_job961.root
CLOSEPACKING,962,0,132000963,accepted,accepted_manifest_and_scheduler_log_confirmed,CLOSEPACKING/hf_CLOSEPACKING_job962.root
CLOSEPACKING,963,0,132000964,accepted,accepted_manifest_and_scheduler_log_confirmed,CLOSEPACKING/hf_CLOSEPACKING_job963.root
CLOSEPACKING,964,0,132000965,accepted,accepted_manifest_and_scheduler_log_confirmed,CLOSEPACKING/hf_CLOSEPACKING_job964.root
CLOSEPACKING,965,0,132000966,accepted,accepted_manifest_and_scheduler_log_confirmed,CLOSEPACKING/hf_CLOSEPACKING_job965.root
CLOSEPACKING,966,0,132000967,accepted,accepted_manifest_and_scheduler_log_confirmed,CLOSEPACKING/hf_CLOSEPACKING_job966.root
CLOSEPACKING,967,0,132000968,accepted,accepted_manifest_and_scheduler_log_confirmed,CLOSEPACKING/hf_CLOSEPACKING_job967.root
CLOSEPACKING,968,0,132000969,accepted,accepted_manifest_and_scheduler_log_confirmed,CLOSEPACKING/hf_CLOSEPACKING_job968.root
CLOSEPACKING,969,0,132000970,accepted,accepted_manifest_and_scheduler_log_confirmed,CLOSEPACKING/hf_CLOSEPACKING_job969.root
CLOSEPACKING,970,0,132000971,accepted,accepted_manifest_and_scheduler_log_confirmed,CLOSEPACKING/hf_CLOSEPACKING_job970.root
CLOSEPACKING,971,0,132000972,accepted,accepted_manifest_and_scheduler_log_confirmed,CLOSEPACKING/hf_CLOSEPACKING_job971.root
CLOSEPACKING,972,0,132000973,accepted,accepted_manifest_and_scheduler_log_confirmed,CLOSEPACKING/hf_CLOSEPACKING_job972.root
CLOSEPACKING,973,0,132000974,accepted,accepted_manifest_and_scheduler_log_confirmed,CLOSEPACKING/hf_CLOSEPACKING_job973.root
CLOSEPACKING,974,0,132000975,accepted,accepted_manifest_and_scheduler_log_confirmed,CLOSEPACKING/hf_CLOSEPACKING_job974.root
CLOSEPACKING,975,0,132000976,accepted,accepted_manifest_and_scheduler_log_confirmed,CLOSEPACKING/hf_CLOSEPACKING_job975.root
CLOSEPACKING,976,0,132000977,accepted,accepted_manifest_and_scheduler_log_confirmed,CLOSEPACKING/hf_CLOSEPACKING_job976.root
CLOSEPACKING,977,0,132000978,accepted,accepted_manifest_and_scheduler_log_confirmed,CLOSEPACKING/hf_CLOSEPACKING_job977.root
CLOSEPACKING,978,0,132000979,accepted,accepted_manifest_and_scheduler_log_confirmed,CLOSEPACKING/hf_CLOSEPACKING_job978.root
CLOSEPACKING,979,0,132000980,accepted,accepted_manifest_and_scheduler_log_confirmed,CLOSEPACKING/hf_CLOSEPACKING_job979.root
CLOSEPACKING,980,0,132000981,discarded,scheduler_log_confirmed,
CLOSEPACKING,980,1,132100981,accepted,accepted_manifest_and_scheduler_log_confirmed,CLOSEPACKING/hf_CLOSEPACKING_job980.root
CLOSEPACKING,981,0,132000982,accepted,accepted_manifest_and_scheduler_log_confirmed,CLOSEPACKING/hf_CLOSEPACKING_job981.root
CLOSEPACKING,982,0,132000983,accepted,accepted_manifest_and_scheduler_log_confirmed,CLOSEPACKING/hf_CLOSEPACKING_job982.root
CLOSEPACKING,983,0,132000984,accepted,accepted_manifest_and_scheduler_log_confirmed,CLOSEPACKING/hf_CLOSEPACKING_job983.root
CLOSEPACKING,984,0,132000985,accepted,accepted_manifest_and_scheduler_log_confirmed,CLOSEPACKING/hf_CLOSEPACKING_job984.root
CLOSEPACKING,985,0,132000986,accepted,accepted_manifest_and_scheduler_log_confirmed,CLOSEPACKING/hf_CLOSEPACKING_job985.root
CLOSEPACKING,986,0,132000987,accepted,accepted_manifest_and_scheduler_log_confirmed,CLOSEPACKING/hf_CLOSEPACKING_job986.root
CLOSEPACKING,987,0,132000988,accepted,accepted_manifest_and_scheduler_log_confirmed,CLOSEPACKING/hf_CLOSEPACKING_job987.root
CLOSEPACKING,988,0,132000989,accepted,accepted_manifest_and_scheduler_log_confirmed,CLOSEPACKING/hf_CLOSEPACKING_job988.root
CLOSEPACKING,989,0,132000990,accepted,accepted_manifest_and_scheduler_log_confirmed,CLOSEPACKING/hf_CLOSEPACKING_job989.root
CLOSEPACKING,990,0,132000991,accepted,accepted_manifest_and_scheduler_log_confirmed,CLOSEPACKING/hf_CLOSEPACKING_job990.root
CLOSEPACKING,991,0,132000992,accepted,accepted_manifest_and_scheduler_log_confirmed,CLOSEPACKING/hf_CLOSEPACKING_job991.root
CLOSEPACKING,992,0,132000993,accepted,accepted_manifest_and_scheduler_log_confirmed,CLOSEPACKING/hf_CLOSEPACKING_job992.root
CLOSEPACKING,993,0,132000994,accepted,accepted_manifest_and_scheduler_log_confirmed,CLOSEPACKING/hf_CLOSEPACKING_job993.root
CLOSEPACKING,994,0,132000995,accepted,accepted_manifest_and_scheduler_log_confirmed,CLOSEPACKING/hf_CLOSEPACKING_job994.root
CLOSEPACKING,995,0,132000996,accepted,accepted_manifest_and_scheduler_log_confirmed,CLOSEPACKING/hf_CLOSEPACKING_job995.root
CLOSEPACKING,996,0,132000997,accepted,accepted_manifest_and_scheduler_log_confirmed,CLOSEPACKING/hf_CLOSEPACKING_job996.root
CLOSEPACKING,997,0,132000998,discarded,scheduler_log_confirmed,
CLOSEPACKING,997,1,132100998,accepted,accepted_manifest_and_scheduler_log_confirmed,CLOSEPACKING/hf_CLOSEPACKING_job997.root
CLOSEPACKING,998,0,132000999,accepted,accepted_manifest_and_scheduler_log_confirmed,CLOSEPACKING/hf_CLOSEPACKING_job998.root
CLOSEPACKING,999,0,132001000,accepted,accepted_manifest_and_scheduler_log_confirmed,CLOSEPACKING/hf_CLOSEPACKING_job999.root
