flavour,trigger,associate,tune,class,nominal_yield,combined_percent,combined_absolute,source,abs_delta_percent,sem_percent,contribution_percent,quoted_arm,dropped
BEAUTY,B^{+},B-,CLOSEPACKING,c1,0.10639730639730641,11.412300661849658,0.012142380502170006,S1a_mur,7.03448860759495,4.6090523589942354,7.03448860759495,HF_SYS_MUR_UP,no
BEAUTY,B^{+},B-,CLOSEPACKING,c1,0.10639730639730641,11.412300661849658,0.012142380502170006,S1b_muf,1.8621772151898872,8.1790101155717458,8.1790101155717458,HF_SYS_MUF_UP,yes
BEAUTY,B^{+},B-,CLOSEPACKING,c1,0.10639730639730641,11.412300661849658,0.012142380502170006,S2_pdf,7.9585601265822632,4.0642981740437634,7.9585601265822632,HF_SYS_PDF_CTEQ6L1,no
BEAUTY,B^{+},B-,CLOSEPACKING,c1,0.10639730639730641,11.412300661849658,0.012142380502170006,S3_pthat,3.6717974683544199,4.1734754267451857,4.1734754267451857,HF_SYS_PTHAT_4,no
BEAUTY,B^{+},B-,CLOSEPACKING,c1,0.10639730639730641,11.412300661849658,0.012142380502170006,S5_class_migration,0,0,0,,no
BEAUTY,B^{+},B-,CLOSEPACKING,c2,0.10475919990262503,13.906437585408334,0.014568272749431697,S1a_mur,5.6382636638264572,5.1394760316903483,5.6382636638264572,HF_SYS_MUR_DOWN,no
BEAUTY,B^{+},B-,CLOSEPACKING,c2,0.10475919990262503,13.906437585408334,0.014568272749431697,S1b_muf,3.3713507745933748,5.3137479646433068,5.3137479646433068,HF_SYS_MUF_UP,yes
BEAUTY,B^{+},B-,CLOSEPACKING,c2,0.10475919990262503,13.906437585408334,0.014568272749431697,S2_pdf,10.412259837335444,4.7079076751168731,10.412259837335444,HF_SYS_PDF_CTEQ6L1,no
BEAUTY,B^{+},B-,CLOSEPACKING,c2,0.10475919990262503,13.906437585408334,0.014568272749431697,S3_pthat,7.2927247482572026,4.1052756135789741,7.2927247482572026,HF_SYS_PTHAT_4,no
BEAUTY,B^{+},B-,CLOSEPACKING,c2,0.10475919990262503,13.906437585408334,0.014568272749431697,S5_class_migration,0,0,0,,no
BEAUTY,B^{+},B-,CLOSEPACKING,c3,0.099076567910734881,11.538683631196582,0.011432131723867332,S1a_mur,3.8390186407766853,3.5299520696625044,3.8390186407766853,HF_SYS_MUR_DOWN,no
BEAUTY,B^{+},B-,CLOSEPACKING,c3,0.099076567910734881,11.538683631196582,0.011432131723867332,S1b_muf,6.2562038834951572,4.0148231667349386,6.2562038834951572,HF_SYS_MUF_UP,no
BEAUTY,B^{+},B-,CLOSEPACKING,c3,0.099076567910734881,11.538683631196582,0.011432131723867332,S2_pdf,1.100595339805849,4.2501622278257978,4.2501622278257978,HF_SYS_PDF_CTEQ6L1,yes
BEAUTY,B^{+},B-,CLOSEPACKING,c3,0.099076567910734881,11.538683631196582,0.011432131723867332,S3_pthat,8.9029808932038694,4.7230143377792073,8.9029808932038694,HF_SYS_PTHAT_1,no
BEAUTY,B^{+},B-,CLOSEPACKING,c3,0.099076567910734881,11.538683631196582,0.011432131723867332,S5_class_migration,0,0,0,,no
BEAUTY,B^{+},B-,CLOSEPACKING,c4,0.098313204910669777,13.563364663031548,0.013334578493947582,S1a_mur,1.9018758375633948,7.5214799736689306,7.5214799736689306,HF_SYS_MUR_UP,no
BEAUTY,B^{+},B-,CLOSEPACKING,c4,0.098313204910669777,13.563364663031548,0.013334578493947582,S1b_muf,7.9005713604061398,5.9192839897770098,7.9005713604061398,HF_SYS_MUF_UP,no
BEAUTY,B^{+},B-,CLOSEPACKING,c4,0.098313204910669777,13.563364663031548,0.013334578493947582,S2_pdf,7.3670623350253237,5.7051234487572655,7.3670623350253237,HF_SYS_PDF_CTEQ6L1,yes
BEAUTY,B^{+},B-,CLOSEPACKING,c4,0.098313204910669777,13.563364663031548,0.013334578493947582,S3_pthat,3.5870104263959863,8.0605937850260396,8.0605937850260396,HF_SYS_PTHAT_1,no
BEAUTY,B^{+},B-,CLOSEPACKING,c4,0.098313204910669777,13.563364663031548,0.013334578493947582,S5_class_migration,0,0,0,,no
BEAUTY,B^{+},B-,CLOSEPACKING,c5,0.090907616715585379,13.46794628481763,0.012243388988062933,S1a_mur,8.5706605957901498,3.3735538212936746,8.5706605957901498,HF_SYS_MUR_DOWN,no
BEAUTY,B^{+},B-,CLOSEPACKING,c5,0.090907616715585379,13.46794628481763,0.012243388988062933,S1b_muf,8.1075530859792426,5.4721285948445768,8.1075530859792426,HF_SYS_MUF_UP,no
BEAUTY,B^{+},B-,CLOSEPACKING,c5,0.090907616715585379,13.46794628481763,0.012243388988062933,S2_pdf,2.7833567481269457,5.0738907063871999,5.0738907063871999,HF_SYS_PDF_CTEQ6L1,yes
BEAUTY,B^{+},B-,CLOSEPACKING,c5,0.090907616715585379,13.46794628481763,0.012243388988062933,S3_pthat,6.4959169514804813,4.302325076712231,6.4959169514804813,HF_SYS_PTHAT_4,no
BEAUTY,B^{+},B-,CLOSEPACKING,c5,0.090907616715585379,13.46794628481763,0.012243388988062933,S5_class_migration,0,0,0,,no
BEAUTY,B^{+},B-,CLOSEPACKING,c6,0.091006423982869386,10.09011827039274,0.0091826558135265843,S1a_mur,2.5714404705882292,3.6829233994778017,3.6829233994778017,HF_SYS_MUR_DOWN,no
BEAUTY,B^{+},B-,CLOSEPACKING,c6,0.091006423982869386,10.09011827039274,0.0091826558135265843,S1b_muf,7.9320510588235162,4.462382168639965,7.9320510588235162,HF_SYS_MUF_UP,no
BEAUTY,B^{+},B-,CLOSEPACKING,c6,0.091006423982869386,10.09011827039274,0.0091826558135265843,S2_pdf,1.952692941176468,4.0698570366875462,4.0698570366875462,HF_SYS_PDF_CTEQ6L1,yes
BEAUTY,B^{+},B-,CLOSEPACKING,c6,0.091006423982869386,10.09011827039274,0.0091826558135265843,S3_pthat,5.032805176470573,3.9572199013500935,5.032805176470573,HF_SYS_PTHAT_4,no
BEAUTY,B^{+},B-,CLOSEPACKING,c6,0.091006423982869386,10.09011827039274,0.0091826558135265843,S5_class_migration,0,0,0,,no
BEAUTY,B^{+},B-,CLOSEPACKING,c7,0.088203590970218987,8.0653642836857671,0.0071139409230403265,S1a_mur,3.1477278864059439,4.1750038564194289,4.1750038564194289,HF_SYS_MUR_UP,no
BEAUTY,B^{+},B-,CLOSEPACKING,c7,0.088203590970218987,8.0653642836857671,0.0071139409230403265,S1b_muf,3.625712960893833,2.3659042149561218,3.625712960893833,HF_SYS_MUF_DOWN,no
BEAUTY,B^{+},B-,CLOSEPACKING,c7,0.088203590970218987,8.0653642836857671,0.0071139409230403265,S2_pdf,1.1622078177374031,5.1950309478271715,5.1950309478271715,HF_SYS_PDF_CTEQ6L1,yes
BEAUTY,B^{+},B-,CLOSEPACKING,c7,0.088203590970218987,8.0653642836857671,0.0071139409230403265,S3_pthat,5.8714265176908587,1.7234791773593887,5.8714265176908587,HF_SYS_PTHAT_4,no
BEAUTY,B^{+},B-,CLOSEPACKING,c7,0.088203590970218987,8.0653642836857671,0.0071139409230403265,S5_class_migration,0,0,0,,no
BEAUTY,B^{+},B-,CLOSEPACKING,c8,0.084180813110126665,7.710340535661385,0.0064906273564794489,S1a_mur,4.240055397727307,2.9317068861203204,4.240055397727307,HF_SYS_MUR_UP,no
BEAUTY,B^{+},B-,CLOSEPACKING,c8,0.084180813110126665,7.710340535661385,0.0064906273564794489,S1b_muf,3.3936318554396094,4.7117676365123566,4.7117676365123566,HF_SYS_MUF_UP,no
BEAUTY,B^{+},B-,CLOSEPACKING,c8,0.084180813110126665,7.710340535661385,0.0064906273564794489,S2_pdf,1.2699887900521254,3.2060213284066323,3.2060213284066323,HF_SYS_PDF_CTEQ6L1,yes
BEAUTY,B^{+},B-,CLOSEPACKING,c8,0.084180813110126665,7.710340535661385,0.0064906273564794489,S3_pthat,4.3898208550670246,1.9813749727637771,4.3898208550670246,HF_SYS_PTHAT_4,no
BEAUTY,B^{+},B-,CLOSEPACKING,c8,0.084180813110126665,7.710340535661385,0.0064906273564794489,S5_class_migration,0,0,0,,no
BEAUTY,B^{+},B-,CLOSEPACKING,c9,0.081564409108181593,10.638606528336144,0.0086773165521818081,S1a_mur,6.288906110235108,3.1008128705330074,6.288906110235108,HF_SYS_MUR_UP,no
BEAUTY,B^{+},B-,CLOSEPACKING,c9,0.081564409108181593,10.638606528336144,0.0086773165521818081,S1b_muf,2.4928653490538779,1.9475876676505044,2.4928653490538779,HF_SYS_MUF_DOWN,no
BEAUTY,B^{+},B-,CLOSEPACKING,c9,0.081564409108181593,10.638606528336144,0.0086773165521818081,S2_pdf,0.10518177322246733,2.1815415317986986,2.1815415317986986,HF_SYS_PDF_CTEQ6L1,yes
BEAUTY,B^{+},B-,CLOSEPACKING,c9,0.081564409108181593,10.638606528336144,0.0086773165521818081,S3_pthat,8.2106778741398951,1.3133747409428225,8.2106778741398951,HF_SYS_PTHAT_4,no
BEAUTY,B^{+},B-,CLOSEPACKING,c9,0.081564409108181593,10.638606528336144,0.0086773165521818081,S5_class_migration,0,0,0,,no
BEAUTY,B^{+},B-,CLOSEPACKING,c10,0.078408498330761814,8.8662422975267816,0.0069518874438575838,S1a_mur,2.9471316482687802,3.3457519830640337,3.3457519830640337,HF_SYS_MUR_DOWN,no
BEAUTY,B^{+},B-,CLOSEPACKING,c10,0.078408498330761814,8.8662422975267816,0.0069518874438575838,S1b_muf,5.0421851628385577,4.2505565703368831,5.0421851628385577,HF_SYS_MUF_DOWN,no
BEAUTY,B^{+},B-,CLOSEPACKING,c10,0.078408498330761814,8.8662422975267816,0.0069518874438575838,S2_pdf,2.0960716832361834,2.007103307506811,2.0960716832361834,HF_SYS_PDF_CTEQ6L1,yes
BEAUTY,B^{+},B-,CLOSEPACKING,c10,0.078408498330761814,8.8662422975267816,0.0069518874438575838,S3_pthat,6.4801670449091651,2.4825780116933651,6.4801670449091651,HF_SYS_PTHAT_4,no
BEAUTY,B^{+},B-,CLOSEPACKING,c10,0.078408498330761814,8.8662422975267816,0.0069518874438575838,S5_class_migration,0,0,0,,no
BEAUTY,B^{+},B-,CLOSEPACKING,c11,0.077949478981836934,10.283664651558555,0.0080160630161292303,S1a_mur,6.0896122465027984,2.2699085358958104,6.0896122465027984,HF_SYS_MUR_UP,no
BEAUTY,B^{+},B-,CLOSEPACKING,c11,0.077949478981836934,10.283664651558555,0.0080160630161292303,S1b_muf,4.1153848108600588,2.6437911112373951,4.1153848108600588,HF_SYS_MUF_UP,no
BEAUTY,B^{+},B-,CLOSEPACKING,c11,0.077949478981836934,10.283664651558555,0.0080160630161292303,S2_pdf,3.3658710951080009,1.9246487216856307,3.3658710951080009,HF_SYS_PDF_CTEQ6L1,yes
BEAUTY,B^{+},B-,CLOSEPACKING,c11,0.077949478981836934,10.283664651558555,0.0080160630161292303,S3_pthat,7.1926343721546413,1.6427499036029281,7.1926343721546413,HF_SYS_PTHAT_4,no
BEAUTY,B^{+},B-,CLOSEPACKING,c11,0.077949478981836934,10.283664651558555,0.0080160630161292303,S5_class_migration,0,0,0,,no
BEAUTY,B^{+},B-,CLOSEPACKING,MB,0.085496682182826605,6.3009695626654993,0.0053871199214287615,S1a_mur,0.9707017816184923,1.4664487506192281,1.4664487506192281,HF_SYS_MUR_DOWN,no
BEAUTY,B^{+},B-,CLOSEPACKING,MB,0.085496682182826605,6.3009695626654993,0.0053871199214287615,S1b_muf,3.3176934411416914,1.1794396223819776,3.3176934411416914,HF_SYS_MUF_DOWN,no
BEAUTY,B^{+},B-,CLOSEPACKING,MB,0.085496682182826605,6.3009695626654993,0.0053871199214287615,S2_pdf,0.30642380047729184,0.61538006399396528,0.61538006399396528,HF_SYS_PDF_CTEQ6L1,yes
BEAUTY,B^{+},B-,CLOSEPACKING,MB,0.085496682182826605,6.3009695626654993,0.0053871199214287615,S3_pthat,5.1521505919421422,0.69138140155507954,5.1521505919421422,HF_SYS_PTHAT_4,no
BEAUTY,B^{+},B-,CLOSEPACKING,MB,0.085496682182826605,6.3009695626654993,0.0053871199214287615,S5_class_migration,0,0,0,,no
BEAUTY,B^{+},B-,JUNCTIONS,c1,0.10889098334904176,10.684837669304899,0.01163482480735494,S1a_mur,6.9463817080207555,7.0864491363312387,7.0864491363312387,HF_SYS_MUR_DOWN,no
BEAUTY,B^{+},B-,JUNCTIONS,c1,0.10889098334904176,10.684837669304899,0.01163482480735494,S1b_muf,4.5247241777265073,7.5500248838011963,7.5500248838011963,HF_SYS_MUF_UP,no
BEAUTY,B^{+},B-,JUNCTIONS,c1,0.10889098334904176,10.684837669304899,0.01163482480735494,S2_pdf,4.1996283900750297,4.5910381476089031,4.5910381476089031,HF_SYS_PDF_CTEQ6L1,yes
BEAUTY,B^{+},B-,JUNCTIONS,c1,0.10889098334904176,10.684837669304899,0.01163482480735494,S3_pthat,2.6072100403923981,2.6353593515059597,2.6353593515059597,HF_SYS_PTHAT_4,no
BEAUTY,B^{+},B-,JUNCTIONS,c1,0.10889098334904176,10.684837669304899,0.01163482480735494,S5_class_migration,0,0,0,,no
BEAUTY,B^{+},B-,JUNCTIONS,c2,0.10684618895481515,19.085728865562118,0.020392373927102199,S1a_mur,7.4861715079026006,6.4923876698006335,7.4861715079026006,HF_SYS_MUR_UP,no
BEAUTY,B^{+},B-,JUNCTIONS,c2,0.10684618895481515,19.085728865562118,0.020392373927102199,S1b_muf,15.486571123451519,6.4694345708967305,15.486571123451519,HF_SYS_MUF_UP,no
BEAUTY,B^{+},B-,JUNCTIONS,c2,0.10684618895481515,19.085728865562118,0.020392373927102199,S2_pdf,0.698023067065351,5.0360702722024024,5.0360702722024024,HF_SYS_PDF_CTEQ6L1,yes
BEAUTY,B^{+},B-,JUNCTIONS,c2,0.10684618895481515,19.085728865562118,0.020392373927102199,S3_pthat,8.2697277659120072,6.0714745807220973,8.2697277659120072,HF_SYS_PTHAT_1,no
BEAUTY,B^{+},B-,JUNCTIONS,c2,0.10684618895481515,19.085728865562118,0.020392373927102199,S5_class_migration,0,0,0,,no
BEAUTY,B^{+},B-,JUNCTIONS,c3,0.10105618279054607,6.5060527590963266,0.0065747685686817492,S1a_mur,3.0298168057663579,4.3484066693902532,4.3484066693902532,HF_SYS_MUR_DOWN,no
BEAUTY,B^{+},B-,JUNCTIONS,c3,0.10105618279054607,6.5060527590963266,0.0065747685686817492,S1b_muf,1.0022318095599747,3.6735715287064434,3.6735715287064434,HF_SYS_MUF_DOWN,yes
BEAUTY,B^{+},B-,JUNCTIONS,c3,0.10105618279054607,6.5060527590963266,0.0065747685686817492,S2_pdf,2.8022206373293241,3.8906883406375075,3.8906883406375075,HF_SYS_PDF_CTEQ6L1,no
BEAUTY,B^{+},B-,JUNCTIONS,c3,0.10105618279054607,6.5060527590963266,0.0065747685686817492,S3_pthat,2.1748468512898742,2.8779552077429282,2.8779552077429282,HF_SYS_PTHAT_1,no
BEAUTY,B^{+},B-,JUNCTIONS,c3,0.10105618279054607,6.5060527590963266,0.0065747685686817492,S5_class_migration,0,0,0,,no
BEAUTY,B^{+},B-,JUNCTIONS,c4,0.10080847105959789,18.973593137721881,0.019126989147206216,S1a_mur,1.3129144073811401,5.5790736096215214,5.5790736096215214,HF_SYS_MUR_DOWN,no
BEAUTY,B^{+},B-,JUNCTIONS,c4,0.10080847105959789,18.973593137721881,0.019126989147206216,S1b_muf,10.297121809794167,3.6571502201850699,10.297121809794167,HF_SYS_MUF_DOWN,no
BEAUTY,B^{+},B-,JUNCTIONS,c4,0.10080847105959789,18.973593137721881,0.019126989147206216,S2_pdf,4.5943846699787327,5.1077093318687643,5.1077093318687643,HF_SYS_PDF_CTEQ6L1,yes
BEAUTY,B^{+},B-,JUNCTIONS,c4,0.10080847105959789,18.973593137721881,0.019126989147206216,S3_pthat,14.92784166075233,7.8007813653727398,14.92784166075233,HF_SYS_PTHAT_1,no
BEAUTY,B^{+},B-,JUNCTIONS,c4,0.10080847105959789,18.973593137721881,0.019126989147206216,S5_class_migration,0,0,0,,no
BEAUTY,B^{+},B-,JUNCTIONS,c5,0.096913012545766897,10.268380792479801,0.009951397165663069,S1a_mur,5.8691679319605967,4.346052470091057,5.8691679319605967,HF_SYS_MUR_DOWN,no
BEAUTY,B^{+},B-,JUNCTIONS,c5,0.096913012545766897,10.268380792479801,0.009951397165663069,S1b_muf,3.4725084458370743,4.5554370824718715,4.5554370824718715,HF_SYS_MUF_UP,yes
BEAUTY,B^{+},B-,JUNCTIONS,c5,0.096913012545766897,10.268380792479801,0.009951397165663069,S2_pdf,5.7072960590868451,4.8160118288600131,5.7072960590868451,HF_SYS_PDF_CTEQ6L1,no
BEAUTY,B^{+},B-,JUNCTIONS,c5,0.096913012545766897,10.268380792479801,0.009951397165663069,S3_pthat,6.198329095792289,2.6927789469748515,6.198329095792289,HF_SYS_PTHAT_4,no
BEAUTY,B^{+},B-,JUNCTIONS,c5,0.096913012545766897,10.268380792479801,0.009951397165663069,S5_class_migration,0,0,0,,no
BEAUTY,B^{+},B-,JUNCTIONS,c6,0.093404390390591077,9.1039275109745184,0.0085034679932270603,S1a_mur,3.4363583938472355,3.7764549782726387,3.7764549782726387,HF_SYS_MUR_DOWN,no
BEAUTY,B^{+},B-,JUNCTIONS,c6,0.093404390390591077,9.1039275109745184,0.0085034679932270603,S1b_muf,3.3208391987122035,5.6246344538409128,5.6246344538409128,HF_SYS_MUF_UP,no
BEAUTY,B^{+},B-,JUNCTIONS,c6,0.093404390390591077,9.1039275109745184,0.0085034679932270603,S2_pdf,2.544195600071558,2.6753562061463265,2.6753562061463265,HF_SYS_PDF_CTEQ6L1,yes
BEAUTY,B^{+},B-,JUNCTIONS,c6,0.093404390390591077,9.1039275109745184,0.0085034679932270603,S3_pthat,6.0813954963334051,5.5783223873035288,6.0813954963334051,HF_SYS_PTHAT_1,no
BEAUTY,B^{+},B-,JUNCTIONS,c6,0.093404390390591077,9.1039275109745184,0.0085034679932270603,S5_class_migration,0,0,0,,no
BEAUTY,B^{+},B-,JUNCTIONS,c7,0.089009903117011444,8.6170816476343752,0.0076700560260731313,S1a_mur,3.7208254374321204,1.4921603597344475,3.7208254374321204,HF_SYS_MUR_DOWN,no
BEAUTY,B^{+},B-,JUNCTIONS,c7,0.089009903117011444,8.6170816476343752,0.0076700560260731313,S1b_muf,3.1423434753227988,2.3911060390437822,3.1423434753227988,HF_SYS_MUF_UP,yes
BEAUTY,B^{+},B-,JUNCTIONS,c7,0.089009903117011444,8.6170816476343752,0.0076700560260731313,S2_pdf,5.1271788005309675,3.6812206452007468,5.1271788005309675,HF_SYS_PDF_CTEQ6L1,no
BEAUTY,B^{+},B-,JUNCTIONS,c7,0.089009903117011444,8.6170816476343752,0.0076700560260731313,S3_pthat,5.8413689948111536,2.0742173407228082,5.8413689948111536,HF_SYS_PTHAT_4,no
BEAUTY,B^{+},B-,JUNCTIONS,c7,0.089009903117011444,8.6170816476343752,0.0076700560260731313,S5_class_migration,0,0,0,,no
BEAUTY,B^{+},B-,JUNCTIONS,c8,0.086918762732636906,8.1958918022983802,0.0071237677494633677,S1a_mur,2.9239225081707474,3.1636890250694925,3.1636890250694925,HF_SYS_MUR_DOWN,no
BEAUTY,B^{+},B-,JUNCTIONS,c8,0.086918762732636906,8.1958918022983802,0.0071237677494633677,S1b_muf,4.1194359193201544,2.5338007657943633,4.1194359193201544,HF_SYS_MUF_DOWN,no
BEAUTY,B^{+},B-,JUNCTIONS,c8,0.086918762732636906,8.1958918022983802,0.0071237677494633677,S2_pdf,0.33725430292281361,2.7632726176961766,2.7632726176961766,HF_SYS_PDF_CTEQ6L1,yes
BEAUTY,B^{+},B-,JUNCTIONS,c8,0.086918762732636906,8.1958918022983802,0.0071237677494633677,S3_pthat,6.3398708105332506,2.0056232382515935,6.3398708105332506,HF_SYS_PTHAT_4,no
BEAUTY,B^{+},B-,JUNCTIONS,c8,0.086918762732636906,8.1958918022983802,0.0071237677494633677,S5_class_migration,0,0,0,,no
BEAUTY,B^{+},B-,JUNCTIONS,c9,0.08332651080104328,7.0509177713917577,0.0058752837583514331,S1a_mur,2.845445919011881,2.4542977383662379,2.845445919011881,HF_SYS_MUR_UP,no
BEAUTY,B^{+},B-,JUNCTIONS,c9,0.08332651080104328,7.0509177713917577,0.0058752837583514331,S1b_muf,4.8487440072987296,3.6070879691350686,4.8487440072987296,HF_SYS_MUF_UP,no
BEAUTY,B^{+},B-,JUNCTIONS,c9,0.08332651080104328,7.0509177713917577,0.0058752837583514331,S2_pdf,4.0300369794371331,2.3349985869254613,4.0300369794371331,HF_SYS_PDF_CTEQ6L1,yes
BEAUTY,B^{+},B-,JUNCTIONS,c9,0.08332651080104328,7.0509177713917577,0.0058752837583514331,S3_pthat,4.2554154312583155,2.5269826495007894,4.2554154312583155,HF_SYS_PTHAT_4,no
BEAUTY,B^{+},B-,JUNCTIONS,c9,0.08332651080104328,7.0509177713917577,0.0058752837583514331,S5_class_migration,0,0,0,,no
BEAUTY,B^{+},B-,JUNCTIONS,c10,0.081193424651951784,8.9784942814920523,0.0072899469893230491,S1a_mur,2.7303631513896631,2.5668981047885366,2.7303631513896631,HF_SYS_MUR_DOWN,no
BEAUTY,B^{+},B-,JUNCTIONS,c10,0.081193424651951784,8.9784942814920523,0.0072899469893230491,S1b_muf,2.5756083832110122,2.9357930549871627,2.9357930549871627,HF_SYS_MUF_UP,yes
BEAUTY,B^{+},B-,JUNCTIONS,c10,0.081193424651951784,8.9784942814920523,0.0072899469893230491,S2_pdf,4.362945234958298,1.7975141022418442,4.362945234958298,HF_SYS_PDF_CTEQ6L1,no
BEAUTY,B^{+},B-,JUNCTIONS,c10,0.081193424651951784,8.9784942814920523,0.0072899469893230491,S3_pthat,7.3568461653804933,1.6024262831067084,7.3568461653804933,HF_SYS_PTHAT_4,no
BEAUTY,B^{+},B-,JUNCTIONS,c10,0.081193424651951784,8.9784942814920523,0.0072899469893230491,S5_class_migration,0,0,0,,no
BEAUTY,B^{+},B-,JUNCTIONS,c11,0.080344134832149902,11.805136335231245,0.0094847346542973106,S1a_mur,2.4620774575300319,2.6728055372031907,2.6728055372031907,HF_SYS_MUR_UP,no
BEAUTY,B^{+},B-,JUNCTIONS,c11,0.080344134832149902,11.805136335231245,0.0094847346542973106,S1b_muf,9.7894702385951717,3.8554944483591447,9.7894702385951717,HF_SYS_MUF_DOWN,no
BEAUTY,B^{+},B-,JUNCTIONS,c11,0.080344134832149902,11.805136335231245,0.0094847346542973106,S2_pdf,3.3007198816567764,1.7449795644045696,3.3007198816567764,HF_SYS_PDF_CTEQ6L1,yes
BEAUTY,B^{+},B-,JUNCTIONS,c11,0.080344134832149902,11.805136335231245,0.0094847346542973106,S3_pthat,6.0318841916396524,1.7783738631981327,6.0318841916396524,HF_SYS_PTHAT_4,no
BEAUTY,B^{+},B-,JUNCTIONS,c11,0.080344134832149902,11.805136335231245,0.0094847346542973106,S5_class_migration,0,0,0,,no
BEAUTY,B^{+},B-,JUNCTIONS,MB,0.087303304608714799,4.6037780162440045,0.0040192503450305504,S1a_mur,1.307172292995741,1.0097442396209049,1.307172292995741,HF_SYS_MUR_UP,no
BEAUTY,B^{+},B-,JUNCTIONS,MB,0.087303304608714799,4.6037780162440045,0.0040192503450305504,S1b_muf,1.2615735409118296,1.1212955024098314,1.2615735409118296,HF_SYS_MUF_DOWN,no
BEAUTY,B^{+},B-,JUNCTIONS,MB,0.087303304608714799,4.6037780162440045,0.0040192503450305504,S2_pdf,1.1688041057416565,0.77346782865914265,1.1688041057416565,HF_SYS_PDF_CTEQ6L1,yes
BEAUTY,B^{+},B-,JUNCTIONS,MB,0.087303304608714799,4.6037780162440045,0.0040192503450305504,S3_pthat,4.2301896907995777,0.64140146000571652,4.2301896907995777,HF_SYS_PTHAT_4,no
BEAUTY,B^{+},B-,JUNCTIONS,MB,0.087303304608714799,4.6037780162440045,0.0040192503450305504,S5_class_migration,0,0,0,,no
BEAUTY,B^{+},B-,MONASH,c1,0.11399176954732512,10.129095873505438,0.011546335625353938,S1a_mur,7.0660974729242003,5.8975723061709289,7.0660974729242003,HF_SYS_MUR_UP,no
BEAUTY,B^{+},B-,MONASH,c1,0.11399176954732512,10.129095873505438,0.011546335625353938,S1b_muf,6.2677942238267335,4.0432943190451578,6.2677942238267335,HF_SYS_MUF_DOWN,no
BEAUTY,B^{+},B-,MONASH,c1,0.11399176954732512,10.129095873505438,0.011546335625353938,S2_pdf,1.0200469314079603,2.6000588081416387,2.6000588081416387,HF_SYS_PDF_CTEQ6L1,yes
BEAUTY,B^{+},B-,MONASH,c1,0.11399176954732512,10.129095873505438,0.011546335625353938,S3_pthat,3.6583610108303097,3.1553154129928158,3.6583610108303097,HF_SYS_PTHAT_4,no
BEAUTY,B^{+},B-,MONASH,c1,0.11399176954732512,10.129095873505438,0.011546335625353938,S5_class_migration,0,0,0,,no
BEAUTY,B^{+},B-,MONASH,c2,0.11164207825529189,27.810732261633145,0.03104847947490218,S1a_mur,5.1700235564492658,4.9826667840979288,5.1700235564492658,HF_SYS_MUR_UP,no
BEAUTY,B^{+},B-,MONASH,c2,0.11164207825529189,27.810732261633145,0.03104847947490218,S1b_muf,23.745457052571055,6.9718209046455151,23.745457052571055,HF_SYS_MUF_UP,no
BEAUTY,B^{+},B-,MONASH,c2,0.11164207825529189,27.810732261633145,0.03104847947490218,S2_pdf,2.5133191611605472,4.3193080836014364,4.3193080836014364,HF_SYS_PDF_CTEQ6L1,yes
BEAUTY,B^{+},B-,MONASH,c2,0.11164207825529189,27.810732261633145,0.03104847947490218,S3_pthat,13.522609020396391,7.8516693978612322,13.522609020396391,HF_SYS_PTHAT_1,no
BEAUTY,B^{+},B-,MONASH,c2,0.11164207825529189,27.810732261633145,0.03104847947490218,S5_class_migration,0,0,0,,no
BEAUTY,B^{+},B-,MONASH,c3,0.11503522048991634,12.595959230335911,0.014489789473436885,S1a_mur,5.3150856440982688,2.882103593916773,5.3150856440982688,HF_SYS_MUR_UP,no
BEAUTY,B^{+},B-,MONASH,c3,0.11503522048991634,12.595959230335911,0.014489789473436885,S1b_muf,0.99293110844818766,2.3697307069101665,2.3697307069101665,HF_SYS_MUF_UP,yes
BEAUTY,B^{+},B-,MONASH,c3,0.11503522048991634,12.595959230335911,0.014489789473436885,S2_pdf,10.93645881366087,3.3707824044679668,10.93645881366087,HF_SYS_PDF_CTEQ6L1,no
BEAUTY,B^{+},B-,MONASH,c3,0.11503522048991634,12.595959230335911,0.014489789473436885,S3_pthat,3.2866277771120367,2.1678944468486803,3.2866277771120367,HF_SYS_PTHAT_4,no
BEAUTY,B^{+},B-,MONASH,c3,0.11503522048991634,12.595959230335911,0.014489789473436885,S5_class_migration,0,0,0,,no
BEAUTY,B^{+},B-,MONASH,c4,0.11535148398548642,8.9728790861647845,0.010350349182114431,S1a_mur,4.1789527268612607,3.9448310387762118,4.1789527268612607,HF_SYS_MUR_DOWN,no
BEAUTY,B^{+},B-,MONASH,c4,0.11535148398548642,8.9728790861647845,0.010350349182114431,S1b_muf,3.8659961982348743,3.1883323468432723,3.8659961982348743,HF_SYS_MUF_DOWN,yes
BEAUTY,B^{+},B-,MONASH,c4,0.11535148398548642,8.9728790861647845,0.010350349182114431,S2_pdf,5.167236501470903,3.6055845001668931,5.167236501470903,HF_SYS_PDF_CTEQ6L1,no
BEAUTY,B^{+},B-,MONASH,c4,0.11535148398548642,8.9728790861647845,0.010350349182114431,S3_pthat,6.0289783661462035,4.5099297190067951,6.0289783661462035,HF_SYS_PTHAT_4,no
BEAUTY,B^{+},B-,MONASH,c4,0.11535148398548642,8.9728790861647845,0.010350349182114431,S5_class_migration,0,0,0,,no
BEAUTY,B^{+},B-,MONASH,c5,0.11514554275318374,7.3603117773216633,0.0084750709443235338,S1a_mur,2.2749098090849253,3.8767729441907295,3.8767729441907295,HF_SYS_MUR_DOWN,no
BEAUTY,B^{+},B-,MONASH,c5,0.11514554275318374,7.3603117773216633,0.0084750709443235338,S1b_muf,2.2688305464121203,3.0243022352007816,3.0243022352007816,HF_SYS_MUF_DOWN,yes
BEAUTY,B^{+},B-,MONASH,c5,0.11514554275318374,7.3603117773216633,0.0084750709443235338,S2_pdf,3.3154064516129007,2.4049974502351597,3.3154064516129007,HF_SYS_PDF_CTEQ6L1,no
BEAUTY,B^{+},B-,MONASH,c5,0.11514554275318374,7.3603117773216633,0.0084750709443235338,S3_pthat,5.3059307439104675,2.9600829873292529,5.3059307439104675,HF_SYS_PTHAT_1,no
BEAUTY,B^{+},B-,MONASH,c5,0.11514554275318374,7.3603117773216633,0.0084750709443235338,S5_class_migration,0,0,0,,no
BEAUTY,B^{+},B-,MONASH,c6,0.11752465720471494,10.197681353988573,0.011984790054104204,S1a_mur,7.3921995701565875,2.874433743998436,7.3921995701565875,HF_SYS_MUR_DOWN,no
BEAUTY,B^{+},B-,MONASH,c6,0.11752465720471494,10.197681353988573,0.011984790054104204,S1b_muf,5.2094113192099085,4.2468016830546995,5.2094113192099085,HF_SYS_MUF_UP,no
BEAUTY,B^{+},B-,MONASH,c6,0.11752465720471494,10.197681353988573,0.011984790054104204,S2_pdf,0.31852277146658348,3.1381303109925485,3.1381303109925485,HF_SYS_PDF_CTEQ6L1,yes
BEAUTY,B^{+},B-,MONASH,c6,0.11752465720471494,10.197681353988573,0.011984790054104204,S3_pthat,4.7127618462798102,2.933763466465324,4.7127618462798102,HF_SYS_PTHAT_1,no
BEAUTY,B^{+},B-,MONASH,c6,0.11752465720471494,10.197681353988573,0.011984790054104204,S5_class_migration,0,0,0,,no
BEAUTY,B^{+},B-,MONASH,c7,0.11567696878496739,7.2830100226778356,0.0084247652305390868,S1a_mur,2.3124471647765064,2.7928215593542856,2.7928215593542856,HF_SYS_MUR_DOWN,no
BEAUTY,B^{+},B-,MONASH,c7,0.11567696878496739,7.2830100226778356,0.0084247652305390868,S1b_muf,4.9179787858572288,2.263927214223163,4.9179787858572288,HF_SYS_MUF_DOWN,no
BEAUTY,B^{+},B-,MONASH,c7,0.11567696878496739,7.2830100226778356,0.0084247652305390868,S2_pdf,0.931932454969985,3.4622912763818885,3.4622912763818885,HF_SYS_PDF_CTEQ6L1,yes
BEAUTY,B^{+},B-,MONASH,c7,0.11567696878496739,7.2830100226778356,0.0084247652305390868,S3_pthat,4.5886672781854605,1.8070733286850071,4.5886672781854605,HF_SYS_PTHAT_4,no
BEAUTY,B^{+},B-,MONASH,c7,0.11567696878496739,7.2830100226778356,0.0084247652305390868,S5_class_migration,0,0,0,,no
BEAUTY,B^{+},B-,MONASH,c8,0.11529892949765216,4.9965433672865878,0.0057609610143673782,S1a_mur,3.0954931827190251,1.9076894906492166,3.0954931827190251,HF_SYS_MUR_UP,no
BEAUTY,B^{+},B-,MONASH,c8,0.11529892949765216,4.9965433672865878,0.0057609610143673782,S1b_muf,3.2836996135553269,2.5459862940688023,3.2836996135553269,HF_SYS_MUF_UP,no
BEAUTY,B^{+},B-,MONASH,c8,0.11529892949765216,4.9965433672865878,0.0057609610143673782,S2_pdf,1.0485175386444368,2.5848007433615905,2.5848007433615905,HF_SYS_PDF_CTEQ6L1,yes
BEAUTY,B^{+},B-,MONASH,c8,0.11529892949765216,4.9965433672865878,0.0057609610143673782,S3_pthat,2.1449206103845024,2.0876857847494339,2.1449206103845024,HF_SYS_PTHAT_4,no
BEAUTY,B^{+},B-,MONASH,c8,0.11529892949765216,4.9965433672865878,0.0057609610143673782,S5_class_migration,0,0,0,,no
BEAUTY,B^{+},B-,MONASH,c9,0.11645998613571597,6.6195109302139992,0.0077090815115794268,S1a_mur,1.8813209656084959,1.8128649176102327,1.8813209656084959,HF_SYS_MUR_DOWN,no
BEAUTY,B^{+},B-,MONASH,c9,0.11645998613571597,6.6195109302139992,0.0077090815115794268,S1b_muf,5.2627398809524077,1.2001326268078927,5.2627398809524077,HF_SYS_MUF_DOWN,no
BEAUTY,B^{+},B-,MONASH,c9,0.11645998613571597,6.6195109302139992,0.0077090815115794268,S2_pdf,1.5773539021164265,1.5689442805815217,1.5773539021164265,HF_SYS_PDF_CTEQ6L1,yes
BEAUTY,B^{+},B-,MONASH,c9,0.11645998613571597,6.6195109302139992,0.0077090815115794268,S3_pthat,3.5471291666666942,2.6864076862951314,3.5471291666666942,HF_SYS_PTHAT_1,no
BEAUTY,B^{+},B-,MONASH,c9,0.11645998613571597,6.6195109302139992,0.0077090815115794268,S5_class_migration,0,0,0,,no
BEAUTY,B^{+},B-,MONASH,c10,0.11658962869702681,4.7048115431253441,0.0054853223090246964,S1a_mur,3.0668497163830417,1.754693819287793,3.0668497163830417,HF_SYS_MUR_DOWN,no
BEAUTY,B^{+},B-,MONASH,c10,0.11658962869702681,4.7048115431253441,0.0054853223090246964,S1b_muf,1.7485506385173002,1.9865405561950678,1.9865405561950678,HF_SYS_MUF_UP,no
BEAUTY,B^{+},B-,MONASH,c10,0.11658962869702681,4.7048115431253441,0.0054853223090246964,S2_pdf,0.047713246579909455,1.7951092410764471,1.7951092410764471,HF_SYS_PDF_CTEQ6L1,no
BEAUTY,B^{+},B-,MONASH,c10,0.11658962869702681,4.7048115431253441,0.0054853223090246964,S3_pthat,2.3581611277944665,1.4240205948211606,2.3581611277944665,HF_SYS_PTHAT_4,no
BEAUTY,B^{+},B-,MONASH,c10,0.11658962869702681,4.7048115431253441,0.0054853223090246964,S5_class_migration,0,0,0,,no
BEAUTY,B^{+},B-,MONASH,c11,0.11801730601657649,5.5023288350970416,0.0064937002593548039,S1a_mur,0.58915598063120966,1.7753807939088821,1.7753807939088821,HF_SYS_MUR_DOWN,no
BEAUTY,B^{+},B-,MONASH,c11,0.11801730601657649,5.5023288350970416,0.0064937002593548039,S1b_muf,3.5026167965932826,2.2677117433882126,3.5026167965932826,HF_SYS_MUF_DOWN,no
BEAUTY,B^{+},B-,MONASH,c11,0.11801730601657649,5.5023288350970416,0.0064937002593548039,S2_pdf,0.66456864933548521,1.6735030839585001,1.6735030839585001,HF_SYS_PDF_CTEQ6L1,yes
BEAUTY,B^{+},B-,MONASH,c11,0.11801730601657649,5.5023288350970416,0.0064937002593548039,S3_pthat,3.8542601394278568,1.6078518184326489,3.8542601394278568,HF_SYS_PTHAT_4,no
BEAUTY,B^{+},B-,MONASH,c11,0.11801730601657649,5.5023288350970416,0.0064937002593548039,S5_class_migration,0,0,0,,no
BEAUTY,B^{+},B-,MONASH,MB,0.11625153352728805,3.7698517714682809,0.0043825104960375115,S1a_mur,1.4507623909255061,0.88727305492234443,1.4507623909255061,HF_SYS_MUR_DOWN,no
BEAUTY,B^{+},B-,MONASH,MB,0.11625153352728805,3.7698517714682809,0.0043825104960375115,S1b_muf,2.0649478372038619,0.63931778008892637,2.0649478372038619,HF_SYS_MUF_DOWN,no
BEAUTY,B^{+},B-,MONASH,MB,0.11625153352728805,3.7698517714682809,0.0043825104960375115,S2_pdf,0.098522164665605705,0.50894271789568057,0.50894271789568057,HF_SYS_PDF_CTEQ6L1,no
BEAUTY,B^{+},B-,MONASH,MB,0.11625153352728805,3.7698517714682809,0.0043825104960375115,S3_pthat,2.7539133253330061,0.61795170791141785,2.7539133253330061,HF_SYS_PTHAT_4,no
BEAUTY,B^{+},B-,MONASH,MB,0.11625153352728805,3.7698517714682809,0.0043825104960375115,S5_class_migration,0,0,0,,no
BEAUTY,B^{+},Lambda_b,CLOSEPACKING,c1,0.023007856341189677,41.611490161173521,0.0095739118777110818,S1a_mur,2.9235390243902319,14.250685632513711,14.250685632513711,HF_SYS_MUR_DOWN,no
BEAUTY,B^{+},Lambda_b,CLOSEPACKING,c1,0.023007856341189677,41.611490161173521,0.0095739118777110818,S1b_muf,8.5169009756097722,10.109369005683211,10.109369005683211,HF_SYS_MUF_UP,yes
BEAUTY,B^{+},Lambda_b,CLOSEPACKING,c1,0.023007856341189677,41.611490161173521,0.0095739118777110818,S2_pdf,16.793204390243911,10.604670491996568,16.793204390243911,HF_SYS_PDF_CTEQ6L1,no
BEAUTY,B^{+},Lambda_b,CLOSEPACKING,c1,0.023007856341189677,41.611490161173521,0.0095739118777110818,S3_pthat,35.304707317073181,10.278642959615839,35.304707317073181,HF_SYS_PTHAT_1,no
BEAUTY,B^{+},Lambda_b,CLOSEPACKING,c1,0.023007856341189677,41.611490161173521,0.0095739118777110818,S5_class_migration,0,0,0,,no
BEAUTY,B^{+},Lambda_b,CLOSEPACKING,c2,0.021422485495192111,24.980499217558283,0.0053514438215080014,S1a_mur,11.240593465909104,14.453992834883449,14.453992834883449,HF_SYS_MUR_DOWN,no
BEAUTY,B^{+},Lambda_b,CLOSEPACKING,c2,0.021422485495192111,24.980499217558283,0.0053514438215080014,S1b_muf,6.0068403598485007,8.5152843744340547,8.5152843744340547,HF_SYS_MUF_DOWN,yes
BEAUTY,B^{+},Lambda_b,CLOSEPACKING,c2,0.021422485495192111,24.980499217558283,0.0053514438215080014,S2_pdf,16.851053560606069,11.140844281498316,16.851053560606069,HF_SYS_PDF_CTEQ6L1,no
BEAUTY,B^{+},Lambda_b,CLOSEPACKING,c2,0.021422485495192111,24.980499217558283,0.0053514438215080014,S3_pthat,6.1604173106060713,11.452048995055581,11.452048995055581,HF_SYS_PTHAT_4,no
BEAUTY,B^{+},Lambda_b,CLOSEPACKING,c2,0.021422485495192111,24.980499217558283,0.0053514438215080014,S5_class_migration,0,0,0,,no
BEAUTY,B^{+},Lambda_b,CLOSEPACKING,c3,0.022840952814019381,27.481385884439291,0.006277010382503361,S1a_mur,13.10211185298621,9.0195857734902045,13.10211185298621,HF_SYS_MUR_DOWN,no
BEAUTY,B^{+},Lambda_b,CLOSEPACKING,c3,0.022840952814019381,27.481385884439291,0.006277010382503361,S1b_muf,7.6706396630934028,6.0839308363644333,7.6706396630934028,HF_SYS_MUF_DOWN,yes
BEAUTY,B^{+},Lambda_b,CLOSEPACKING,c3,0.022840952814019381,27.481385884439291,0.006277010382503361,S2_pdf,20.192884349157719,13.581080496742977,20.192884349157719,HF_SYS_PDF_CTEQ6L1,no
BEAUTY,B^{+},Lambda_b,CLOSEPACKING,c3,0.022840952814019381,27.481385884439291,0.006277010382503361,S3_pthat,13.259285681470123,11.419619615717457,13.259285681470123,HF_SYS_PTHAT_1,no
BEAUTY,B^{+},Lambda_b,CLOSEPACKING,c3,0.022840952814019381,27.481385884439291,0.006277010382503361,S5_class_migration,0,0,0,,no
BEAUTY,B^{+},Lambda_b,CLOSEPACKING,c4,0.025451641880427187,23.434097907403604,0.0059643626773010468,S1a_mur,12.597387215686275,13.289799817853565,13.289799817853565,HF_SYS_MUR_DOWN,no
BEAUTY,B^{+},Lambda_b,CLOSEPACKING,c4,0.025451641880427187,23.434097907403604,0.0059643626773010468,S1b_muf,15.661693411764714,7.224728606513696,15.661693411764714,HF_SYS_MUF_DOWN,yes
BEAUTY,B^{+},Lambda_b,CLOSEPACKING,c4,0.025451641880427187,23.434097907403604,0.0059643626773010468,S2_pdf,17.324847411764722,9.4407295499668447,17.324847411764722,HF_SYS_PDF_CTEQ6L1,no
BEAUTY,B^{+},Lambda_b,CLOSEPACKING,c4,0.025451641880427187,23.434097907403604,0.0059643626773010468,S3_pthat,3.6946854901960813,8.5081036485357036,8.5081036485357036,HF_SYS_PTHAT_4,no
BEAUTY,B^{+},Lambda_b,CLOSEPACKING,c4,0.025451641880427187,23.434097907403604,0.0059643626773010468,S5_class_migration,0,0,0,,no
BEAUTY,B^{+},Lambda_b,CLOSEPACKING,c5,0.026918773412035614,11.582148583556364,0.00311777233345283,S1a_mur,3.2703072108433613,7.1401459341067701,7.1401459341067701,HF_SYS_MUR_UP,no
BEAUTY,B^{+},Lambda_b,CLOSEPACKING,c5,0.026918773412035614,11.582148583556364,0.00311777233345283,S1b_muf,1.7061453915662759,10.788820926885924,10.788820926885924,HF_SYS_MUF_UP,yes
BEAUTY,B^{+},Lambda_b,CLOSEPACKING,c5,0.026918773412035614,11.582148583556364,0.00311777233345283,S2_pdf,3.33828950602408,5.8725796368163508,5.8725796368163508,HF_SYS_PDF_CTEQ6L1,no
BEAUTY,B^{+},Lambda_b,CLOSEPACKING,c5,0.026918773412035614,11.582148583556364,0.00311777233345283,S3_pthat,2.7255083313253157,6.9769112263583484,6.9769112263583484,HF_SYS_PTHAT_4,no
BEAUTY,B^{+},Lambda_b,CLOSEPACKING,c5,0.026918773412035614,11.582148583556364,0.00311777233345283,S5_class_migration,0,0,0,,no
BEAUTY,B^{+},Lambda_b,CLOSEPACKING,c6,0.029333039425620371,16.346155432625668,0.0047948242176252733,S1a_mur,10.17978185721959,7.1183491628698086,10.17978185721959,HF_SYS_MUR_UP,no
BEAUTY,B^{+},Lambda_b,CLOSEPACKING,c6,0.029333039425620371,16.346155432625668,0.0047948242176252733,S1b_muf,4.4234741814278502,8.1032207964655143,8.1032207964655143,HF_SYS_MUF_UP,no
BEAUTY,B^{+},Lambda_b,CLOSEPACKING,c6,0.029333039425620371,16.346155432625668,0.0047948242176252733,S2_pdf,3.6526710037574266,7.9060876274184375,7.9060876274184375,HF_SYS_PDF_CTEQ6L1,yes
BEAUTY,B^{+},Lambda_b,CLOSEPACKING,c6,0.029333039425620371,16.346155432625668,0.0047948242176252733,S3_pthat,9.8947790016103578,8.0652380850299288,9.8947790016103578,HF_SYS_PTHAT_1,no
BEAUTY,B^{+},Lambda_b,CLOSEPACKING,c6,0.029333039425620371,16.346155432625668,0.0047948242176252733,S5_class_migration,0,0,0,,no
BEAUTY,B^{+},Lambda_b,CLOSEPACKING,c7,0.030971861494081768,14.645105358541262,0.0045358617473097466,S1a_mur,4.2869928704010345,4.9225552446555669,4.9225552446555669,HF_SYS_MUR_UP,no
BEAUTY,B^{+},Lambda_b,CLOSEPACKING,c7,0.030971861494081768,14.645105358541262,0.0045358617473097466,S1b_muf,8.01837017898578,7.1782061315365713,8.01837017898578,HF_SYS_MUF_UP,no
BEAUTY,B^{+},Lambda_b,CLOSEPACKING,c7,0.030971861494081768,14.645105358541262,0.0045358617473097466,S2_pdf,1.6349081703678887,5.7880917292281033,5.7880917292281033,HF_SYS_PDF_CTEQ6L1,yes
BEAUTY,B^{+},Lambda_b,CLOSEPACKING,c7,0.030971861494081768,14.645105358541262,0.0045358617473097466,S3_pthat,11.222891806430262,9.3716487147976046,11.222891806430262,HF_SYS_PTHAT_1,no
BEAUTY,B^{+},Lambda_b,CLOSEPACKING,c7,0.030971861494081768,14.645105358541262,0.0045358617473097466,S5_class_migration,0,0,0,,no
BEAUTY,B^{+},Lambda_b,CLOSEPACKING,c8,0.0336299839259811,9.2524466637149416,0.0031115963257673097,S1a_mur,3.9865731988808477,5.4355045320499116,5.4355045320499116,HF_SYS_MUR_UP,no
BEAUTY,B^{+},Lambda_b,CLOSEPACKING,c8,0.0336299839259811,9.2524466637149416,0.0031115963257673097,S1b_muf,3.290266437397996,5.4265438538939215,5.4265438538939215,HF_SYS_MUF_UP,no
BEAUTY,B^{+},Lambda_b,CLOSEPACKING,c8,0.0336299839259811,9.2524466637149416,0.0031115963257673097,S2_pdf,0.52339030076942916,6.1549848734658044,6.1549848734658044,HF_SYS_PDF_CTEQ6L1,yes
BEAUTY,B^{+},Lambda_b,CLOSEPACKING,c8,0.0336299839259811,9.2524466637149416,0.0031115963257673097,S3_pthat,5.1590388202378081,3.7238360218727302,5.1590388202378081,HF_SYS_PTHAT_4,no
BEAUTY,B^{+},Lambda_b,CLOSEPACKING,c8,0.0336299839259811,9.2524466637149416,0.0031115963257673097,S5_class_migration,0,0,0,,no
BEAUTY,B^{+},Lambda_b,CLOSEPACKING,c9,0.036198883400076001,11.34085103009633,0.0041052614409608883,S1a_mur,7.4189675145348817,3.3339577710349455,7.4189675145348817,HF_SYS_MUR_UP,no
BEAUTY,B^{+},Lambda_b,CLOSEPACKING,c9,0.036198883400076001,11.34085103009633,0.0041052614409608883,S1b_muf,7.6943903746770035,4.0525876699535486,7.6943903746770035,HF_SYS_MUF_UP,no
BEAUTY,B^{+},Lambda_b,CLOSEPACKING,c9,0.036198883400076001,11.34085103009633,0.0041052614409608883,S2_pdf,1.804982194767446,3.5686300825880721,3.5686300825880721,HF_SYS_PDF_CTEQ6L1,yes
BEAUTY,B^{+},Lambda_b,CLOSEPACKING,c9,0.036198883400076001,11.34085103009633,0.0041052614409608883,S3_pthat,3.6520004925710587,3.7908020084397687,3.7908020084397687,HF_SYS_PTHAT_1,no
BEAUTY,B^{+},Lambda_b,CLOSEPACKING,c9,0.036198883400076001,11.34085103009633,0.0041052614409608883,S5_class_migration,0,0,0,,no
BEAUTY,B^{+},Lambda_b,CLOSEPACKING,c10,0.038147871385333258,12.787695131086197,0.0048782334917552858,S1a_mur,6.0664685357948853,2.4480442851292543,6.0664685357948853,HF_SYS_MUR_UP,no
BEAUTY,B^{+},Lambda_b,CLOSEPACKING,c10,0.038147871385333258,12.787695131086197,0.0048782334917552858,S1b_muf,2.6681137838219326,4.5312030943228443,4.5312030943228443,HF_SYS_MUF_UP,yes
BEAUTY,B^{+},Lambda_b,CLOSEPACKING,c10,0.038147871385333258,12.787695131086197,0.0048782334917552858,S2_pdf,8.4272817798760631,5.5245110990470607,8.4272817798760631,HF_SYS_PDF_CTEQ6L1,no
BEAUTY,B^{+},Lambda_b,CLOSEPACKING,c10,0.038147871385333258,12.787695131086197,0.0048782334917552858,S3_pthat,7.4635131186583452,6.52299013486875,7.4635131186583452,HF_SYS_PTHAT_1,no
BEAUTY,B^{+},Lambda_b,CLOSEPACKING,c10,0.038147871385333258,12.787695131086197,0.0048782334917552858,S5_class_migration,0,0,0,,no
BEAUTY,B^{+},Lambda_b,CLOSEPACKING,c11,0.039242507339419946,12.899566113496659,0.0050621131788422544,S1a_mur,3.3440591581716523,3.4324861717895656,3.4324861717895656,HF_SYS_MUR_DOWN,no
BEAUTY,B^{+},Lambda_b,CLOSEPACKING,c11,0.039242507339419946,12.899566113496659,0.0050621131788422544,S1b_muf,9.1395978049983686,5.2787165376629792,9.1395978049983686,HF_SYS_MUF_DOWN,no
BEAUTY,B^{+},Lambda_b,CLOSEPACKING,c11,0.039242507339419946,12.899566113496659,0.0050621131788422544,S2_pdf,5.4782245231831563,5.0340281534077587,5.4782245231831563,HF_SYS_PDF_CTEQ6L1,yes
BEAUTY,B^{+},Lambda_b,CLOSEPACKING,c11,0.039242507339419946,12.899566113496659,0.0050621131788422544,S3_pthat,4.6434154801052276,8.4311681610446918,8.4311681610446918,HF_SYS_PTHAT_1,no
BEAUTY,B^{+},Lambda_b,CLOSEPACKING,c11,0.039242507339419946,12.899566113496659,0.0050621131788422544,S5_class_migration,0,0,0,,no
BEAUTY,B^{+},Lambda_b,CLOSEPACKING,MB,0.033295038130137664,6.179329195002297,0.0020574100116627437,S1a_mur,2.2404595752275656,1.0324441454187889,2.2404595752275656,HF_SYS_MUR_DOWN,no
BEAUTY,B^{+},Lambda_b,CLOSEPACKING,MB,0.033295038130137664,6.179329195002297,0.0020574100116627437,S1b_muf,3.644201053007321,1.9583986651736298,3.644201053007321,HF_SYS_MUF_DOWN,yes
BEAUTY,B^{+},Lambda_b,CLOSEPACKING,MB,0.033295038130137664,6.179329195002297,0.0020574100116627437,S2_pdf,5.2637328811945965,3.042632805409216,5.2637328811945965,HF_SYS_PDF_CTEQ6L1,no
BEAUTY,B^{+},Lambda_b,CLOSEPACKING,MB,0.033295038130137664,6.179329195002297,0.0020574100116627437,S3_pthat,1.7006682134570663,2.3361434774879912,2.3361434774879912,HF_SYS_PTHAT_1,no
BEAUTY,B^{+},Lambda_b,CLOSEPACKING,MB,0.033295038130137664,6.179329195002297,0.0020574100116627437,S5_class_migration,0,0,0,,no
BEAUTY,B^{+},Lambda_b,JUNCTIONS,c1,0.023311341501727919,23.771061755572248,0.0055413533844280872,S1a_mur,1.6791890835579062,7.6564442671879824,7.6564442671879824,HF_SYS_MUR_UP,no
BEAUTY,B^{+},Lambda_b,JUNCTIONS,c1,0.023311341501727919,23.771061755572248,0.0055413533844280872,S1b_muf,17.751696091644263,8.6107959690389819,17.751696091644263,HF_SYS_MUF_DOWN,no
BEAUTY,B^{+},Lambda_b,JUNCTIONS,c1,0.023311341501727919,23.771061755572248,0.0055413533844280872,S2_pdf,1.6852676549865764,11.446213601867679,11.446213601867679,HF_SYS_PDF_CTEQ6L1,yes
BEAUTY,B^{+},Lambda_b,JUNCTIONS,c1,0.023311341501727919,23.771061755572248,0.0055413533844280872,S3_pthat,9.990594070080828,13.831830104529756,13.831830104529756,HF_SYS_PTHAT_1,no
BEAUTY,B^{+},Lambda_b,JUNCTIONS,c1,0.023311341501727919,23.771061755572248,0.0055413533844280872,S5_class_migration,0,0,0,,no
BEAUTY,B^{+},Lambda_b,JUNCTIONS,c2,0.025650387950707447,36.756505819494066,0.0094281863398245885,S1a_mur,17.767325622775822,7.5978724826953989,17.767325622775822,HF_SYS_MUR_DOWN,no
BEAUTY,B^{+},Lambda_b,JUNCTIONS,c2,0.025650387950707447,36.756505819494066,0.0094281863398245885,S1b_muf,11.13701654804273,11.846657499646859,11.846657499646859,HF_SYS_MUF_DOWN,yes
BEAUTY,B^{+},Lambda_b,JUNCTIONS,c2,0.025650387950707447,36.756505819494066,0.0094281863398245885,S2_pdf,25.551223487544508,13.234099666434673,25.551223487544508,HF_SYS_PDF_CTEQ6L1,no
BEAUTY,B^{+},Lambda_b,JUNCTIONS,c2,0.025650387950707447,36.756505819494066,0.0094281863398245885,S3_pthat,19.557551957295395,10.904477847957505,19.557551957295395,HF_SYS_PTHAT_1,no
BEAUTY,B^{+},Lambda_b,JUNCTIONS,c2,0.025650387950707447,36.756505819494066,0.0094281863398245885,S5_class_migration,0,0,0,,no
BEAUTY,B^{+},Lambda_b,JUNCTIONS,c3,0.025244877225938777,24.141363373651213,0.0060944575443459999,S1a_mur,6.9589454138192854,11.299650447309702,11.299650447309702,HF_SYS_MUR_UP,no
BEAUTY,B^{+},Lambda_b,JUNCTIONS,c3,0.025244877225938777,24.141363373651213,0.0060944575443459999,S1b_muf,5.1516304176157899,8.2930103850826171,8.2930103850826171,HF_SYS_MUF_DOWN,yes
BEAUTY,B^{+},Lambda_b,JUNCTIONS,c3,0.025244877225938777,24.141363373651213,0.0060944575443459999,S2_pdf,14.531355178435833,7.5400852087397698,14.531355178435833,HF_SYS_PDF_CTEQ6L1,no
BEAUTY,B^{+},Lambda_b,JUNCTIONS,c3,0.025244877225938777,24.141363373651213,0.0060944575443459999,S3_pthat,15.619316309794996,7.5965986141858455,15.619316309794996,HF_SYS_PTHAT_1,no
BEAUTY,B^{+},Lambda_b,JUNCTIONS,c3,0.025244877225938777,24.141363373651213,0.0060944575443459999,S5_class_migration,0,0,0,,no
BEAUTY,B^{+},Lambda_b,JUNCTIONS,c4,0.026972884023753304,26.607448389193806,0.0071767961956972614,S1a_mur,8.2067012997347248,15.045331005762948,15.045331005762948,HF_SYS_MUR_UP,no
BEAUTY,B^{+},Lambda_b,JUNCTIONS,c4,0.026972884023753304,26.607448389193806,0.0071767961956972614,S1b_muf,20.106059177718812,6.6020664813111472,20.106059177718812,HF_SYS_MUF_UP,no
BEAUTY,B^{+},Lambda_b,JUNCTIONS,c4,0.026972884023753304,26.607448389193806,0.0071767961956972614,S2_pdf,12.977789177718813,13.08712604678586,13.08712604678586,HF_SYS_PDF_CTEQ6L1,yes
BEAUTY,B^{+},Lambda_b,JUNCTIONS,c4,0.026972884023753304,26.607448389193806,0.0071767961956972614,S3_pthat,4.9331616710875483,8.79435665939865,8.79435665939865,HF_SYS_PTHAT_4,no
BEAUTY,B^{+},Lambda_b,JUNCTIONS,c4,0.026972884023753304,26.607448389193806,0.0071767961956972614,S5_class_migration,0,0,0,,no
BEAUTY,B^{+},Lambda_b,JUNCTIONS,c5,0.028787589581634236,17.027527376111035,0.0049018146969352578,S1a_mur,7.8829469620253496,9.390173845753349,9.390173845753349,HF_SYS_MUR_UP,no
BEAUTY,B^{+},Lambda_b,JUNCTIONS,c5,0.028787589581634236,17.027527376111035,0.0049018146969352578,S1b_muf,7.0266752019289171,6.5931008425215065,7.0266752019289171,HF_SYS_MUF_UP,no
BEAUTY,B^{+},Lambda_b,JUNCTIONS,c5,0.028787589581634236,17.027527376111035,0.0049018146969352578,S2_pdf,4.5112828149487285,9.9851231195396029,9.9851231195396029,HF_SYS_PDF_CTEQ6L1,yes
BEAUTY,B^{+},Lambda_b,JUNCTIONS,c5,0.028787589581634236,17.027527376111035,0.0049018146969352578,S3_pthat,12.344519403254941,11.06836946386308,12.344519403254941,HF_SYS_PTHAT_1,no
BEAUTY,B^{+},Lambda_b,JUNCTIONS,c5,0.028787589581634236,17.027527376111035,0.0049018146969352578,S5_class_migration,0,0,0,,no
BEAUTY,B^{+},Lambda_b,JUNCTIONS,c6,0.03097330348491429,19.389533425625288,0.0060055790322278181,S1a_mur,10.142293948220043,7.0474152988103782,10.142293948220043,HF_SYS_MUR_DOWN,no
BEAUTY,B^{+},Lambda_b,JUNCTIONS,c6,0.03097330348491429,19.389533425625288,0.0060055790322278181,S1b_muf,13.33568919093849,4.724226231092902,13.33568919093849,HF_SYS_MUF_UP,no
BEAUTY,B^{+},Lambda_b,JUNCTIONS,c6,0.03097330348491429,19.389533425625288,0.0060055790322278181,S2_pdf,12.849764368932064,10.48006761094306,12.849764368932064,HF_SYS_PDF_CTEQ6L1,yes
BEAUTY,B^{+},Lambda_b,JUNCTIONS,c6,0.03097330348491429,19.389533425625288,0.0060055790322278181,S3_pthat,7.0531820604099007,9.7594709761352156,9.7594709761352156,HF_SYS_PTHAT_1,no
BEAUTY,B^{+},Lambda_b,JUNCTIONS,c6,0.03097330348491429,19.389533425625288,0.0060055790322278181,S5_class_migration,0,0,0,,no
BEAUTY,B^{+},Lambda_b,JUNCTIONS,c7,0.033565336942278361,16.901905379112517,0.0056731814901641872,S1a_mur,6.2688572480000015,4.361393772095906,6.2688572480000015,HF_SYS_MUR_DOWN,no
BEAUTY,B^{+},Lambda_b,JUNCTIONS,c7,0.033565336942278361,16.901905379112517,0.0056731814901641872,S1b_muf,9.6565005375999995,5.4539683061624942,9.6565005375999995,HF_SYS_MUF_UP,no
BEAUTY,B^{+},Lambda_b,JUNCTIONS,c7,0.033565336942278361,16.901905379112517,0.0056731814901641872,S2_pdf,1.2278647551999959,5.9397296172912331,5.9397296172912331,HF_SYS_PDF_CTEQ6L1,yes
BEAUTY,B^{+},Lambda_b,JUNCTIONS,c7,0.033565336942278361,16.901905379112517,0.0056731814901641872,S3_pthat,12.374483084800003,6.3586334169521228,12.374483084800003,HF_SYS_PTHAT_1,no
BEAUTY,B^{+},Lambda_b,JUNCTIONS,c7,0.033565336942278361,16.901905379112517,0.0056731814901641872,S5_class_migration,0,0,0,,no
BEAUTY,B^{+},Lambda_b,JUNCTIONS,c8,0.035095408540099168,15.698651052866163,0.00550950572228796,S1a_mur,2.3350876202589852,2.949820762847132,2.949820762847132,HF_SYS_MUR_DOWN,no
BEAUTY,B^{+},Lambda_b,JUNCTIONS,c8,0.035095408540099168,15.698651052866163,0.00550950572228796,S1b_muf,6.690879398704948,4.6045057928540718,6.690879398704948,HF_SYS_MUF_UP,yes
BEAUTY,B^{+},Lambda_b,JUNCTIONS,c8,0.035095408540099168,15.698651052866163,0.00550950572228796,S2_pdf,14.614138068917709,5.4659785135228596,14.614138068917709,HF_SYS_PDF_CTEQ6L1,no
BEAUTY,B^{+},Lambda_b,JUNCTIONS,c8,0.035095408540099168,15.698651052866163,0.00550950572228796,S3_pthat,4.9166218940795146,3.3079250037611625,4.9166218940795146,HF_SYS_PTHAT_4,no
BEAUTY,B^{+},Lambda_b,JUNCTIONS,c8,0.035095408540099168,15.698651052866163,0.00550950572228796,S5_class_migration,0,0,0,,no
BEAUTY,B^{+},Lambda_b,JUNCTIONS,c9,0.038712997508801063,13.105345171709248,0.0050734719498435809,S1a_mur,6.8439611027190521,5.4603312093784444,6.8439611027190521,HF_SYS_MUR_UP,no
BEAUTY,B^{+},Lambda_b,JUNCTIONS,c9,0.038712997508801063,13.105345171709248,0.0050734719498435809,S1b_muf,10.751938048338356,4.0111186100849627,10.751938048338356,HF_SYS_MUF_DOWN,no
BEAUTY,B^{+},Lambda_b,JUNCTIONS,c9,0.038712997508801063,13.105345171709248,0.0050734719498435809,S2_pdf,0.48174391238670144,3.1219713589590858,3.1219713589590858,HF_SYS_PDF_CTEQ6L1,yes
BEAUTY,B^{+},Lambda_b,JUNCTIONS,c9,0.038712997508801063,13.105345171709248,0.0050734719498435809,S3_pthat,2.2139786737160074,3.0505895657733904,3.0505895657733904,HF_SYS_PTHAT_4,no
BEAUTY,B^{+},Lambda_b,JUNCTIONS,c9,0.038712997508801063,13.105345171709248,0.0050734719498435809,S5_class_migration,0,0,0,,no
BEAUTY,B^{+},Lambda_b,JUNCTIONS,c10,0.041536557162432701,8.9882026319465496,0.0037333899240937591,S1a_mur,3.1241326943831349,2.7202863425984631,3.1241326943831349,HF_SYS_MUR_DOWN,no
BEAUTY,B^{+},Lambda_b,JUNCTIONS,c10,0.041536557162432701,8.9882026319465496,0.0037333899240937591,S1b_muf,3.9017264508216676,4.0360602505033114,4.0360602505033114,HF_SYS_MUF_UP,yes
BEAUTY,B^{+},Lambda_b,JUNCTIONS,c10,0.041536557162432701,8.9882026319465496,0.0037333899240937591,S2_pdf,6.7235780439048218,2.4977646462600345,6.7235780439048218,HF_SYS_PDF_CTEQ6L1,no
BEAUTY,B^{+},Lambda_b,JUNCTIONS,c10,0.041536557162432701,8.9882026319465496,0.0037333899240937591,S3_pthat,5.0814446517046976,3.3513580591760515,5.0814446517046976,HF_SYS_PTHAT_4,no
BEAUTY,B^{+},Lambda_b,JUNCTIONS,c10,0.041536557162432701,8.9882026319465496,0.0037333899240937591,S5_class_migration,0,0,0,,no
BEAUTY,B^{+},Lambda_b,JUNCTIONS,c11,0.043640508943313845,11.606168850513193,0.0050649911551843155,S1a_mur,4.4639512779665269,3.9337337290132917,4.4639512779665269,HF_SYS_MUR_UP,no
BEAUTY,B^{+},Lambda_b,JUNCTIONS,c11,0.043640508943313845,11.606168850513193,0.0050649911551843155,S1b_muf,9.0785122338057587,3.0832862211768357,9.0785122338057587,HF_SYS_MUF_DOWN,no
BEAUTY,B^{+},Lambda_b,JUNCTIONS,c11,0.043640508943313845,11.606168850513193,0.0050649911551843155,S2_pdf,4.9045969181211468,3.3434591314588449,4.9045969181211468,HF_SYS_PDF_CTEQ6L1,yes
BEAUTY,B^{+},Lambda_b,JUNCTIONS,c11,0.043640508943313845,11.606168850513193,0.0050649911551843155,S3_pthat,5.6883134578891559,2.2400486371743167,5.6883134578891559,HF_SYS_PTHAT_4,no
BEAUTY,B^{+},Lambda_b,JUNCTIONS,c11,0.043640508943313845,11.606168850513193,0.0050649911551843155,S5_class_migration,0,0,0,,no
BEAUTY,B^{+},Lambda_b,JUNCTIONS,MB,0.036530495608830281,8.4074779068652905,0.0030712933475808006,S1a_mur,2.9879265883977753,1.9371058279370015,2.9879265883977753,HF_SYS_MUR_UP,no
BEAUTY,B^{+},Lambda_b,JUNCTIONS,MB,0.036530495608830281,8.4074779068652905,0.0030712933475808006,S1b_muf,6.8597361384403026,1.3607257733889493,6.8597361384403026,HF_SYS_MUF_DOWN,no
BEAUTY,B^{+},Lambda_b,JUNCTIONS,MB,0.036530495608830281,8.4074779068652905,0.0030712933475808006,S2_pdf,6.1890876471525393,1.4896676190104117,6.1890876471525393,HF_SYS_PDF_CTEQ6L1,yes
BEAUTY,B^{+},Lambda_b,JUNCTIONS,MB,0.036530495608830281,8.4074779068652905,0.0030712933475808006,S3_pthat,3.834318657564824,1.6676482006136955,3.834318657564824,HF_SYS_PTHAT_1,no
BEAUTY,B^{+},Lambda_b,JUNCTIONS,MB,0.036530495608830281,8.4074779068652905,0.0030712933475808006,S5_class_migration,0,0,0,,no
BEAUTY,B^{+},Lambda_b,MONASH,c1,0.02125393367223433,34.48689893712713,0.0073298226257074864,S1a_mur,17.076526765375863,10.594410633039155,17.076526765375863,HF_SYS_MUR_DOWN,no
BEAUTY,B^{+},Lambda_b,MONASH,c1,0.02125393367223433,34.48689893712713,0.0073298226257074864,S1b_muf,23.133912072892919,10.743214183368062,23.133912072892919,HF_SYS_MUF_UP,no
BEAUTY,B^{+},Lambda_b,MONASH,c1,0.02125393367223433,34.48689893712713,0.0073298226257074864,S2_pdf,5.7178419134396234,12.724488704501947,12.724488704501947,HF_SYS_PDF_CTEQ6L1,yes
BEAUTY,B^{+},Lambda_b,MONASH,c1,0.02125393367223433,34.48689893712713,0.0073298226257074864,S3_pthat,19.041022665148045,13.355187037705603,19.041022665148045,HF_SYS_PTHAT_4,no
BEAUTY,B^{+},Lambda_b,MONASH,c1,0.02125393367223433,34.48689893712713,0.0073298226257074864,S5_class_migration,0,0,0,,no
BEAUTY,B^{+},Lambda_b,MONASH,c2,0.019820397690827461,39.839158055555544,0.0078962795632884324,S1a_mur,15.027964401294453,12.074746610995827,15.027964401294453,HF_SYS_MUR_DOWN,no
BEAUTY,B^{+},Lambda_b,MONASH,c2,0.019820397690827461,39.839158055555544,0.0078962795632884324,S1b_muf,33.864619741100277,11.962237003529705,33.864619741100277,HF_SYS_MUF_UP,no
BEAUTY,B^{+},Lambda_b,MONASH,c2,0.019820397690827461,39.839158055555544,0.0078962795632884324,S2_pdf,13.252016181229738,10.586329733372379,13.252016181229738,HF_SYS_PDF_CTEQ6L1,yes
BEAUTY,B^{+},Lambda_b,MONASH,c2,0.019820397690827461,39.839158055555544,0.0078962795632884324,S3_pthat,14.646034627831662,11.020947599690732,14.646034627831662,HF_SYS_PTHAT_4,no
BEAUTY,B^{+},Lambda_b,MONASH,c2,0.019820397690827461,39.839158055555544,0.0078962795632884324,S5_class_migration,0,0,0,,no
BEAUTY,B^{+},Lambda_b,MONASH,c3,0.019533242352811436,18.749866945975899,0.0036624569513871563,S1a_mur,12.703255314043751,8.1320614011278423,12.703255314043751,HF_SYS_MUR_UP,no
BEAUTY,B^{+},Lambda_b,MONASH,c3,0.019533242352811436,18.749866945975899,0.0036624569513871563,S1b_muf,8.541041587861681,6.3395302739052566,8.541041587861681,HF_SYS_MUF_DOWN,no
BEAUTY,B^{+},Lambda_b,MONASH,c3,0.019533242352811436,18.749866945975899,0.0036624569513871563,S2_pdf,6.4206321947777072,7.6137076111681834,7.6137076111681834,HF_SYS_PDF_CTEQ6L1,yes
BEAUTY,B^{+},Lambda_b,MONASH,c3,0.019533242352811436,18.749866945975899,0.0036624569513871563,S3_pthat,10.383619936485539,10.827530813275757,10.827530813275757,HF_SYS_PTHAT_1,no
BEAUTY,B^{+},Lambda_b,MONASH,c3,0.019533242352811436,18.749866945975899,0.0036624569513871563,S5_class_migration,0,0,0,,no
BEAUTY,B^{+},Lambda_b,MONASH,c4,0.020021404891800886,46.175347267624723,0.0092449532366462635,S1a_mur,41.755786636245084,15.435990772390683,41.755786636245084,HF_SYS_MUR_UP,no
BEAUTY,B^{+},Lambda_b,MONASH,c4,0.020021404891800886,46.175347267624723,0.0092449532366462635,S1b_muf,13.66839593220341,12.62971885806996,13.66839593220341,HF_SYS_MUF_UP,no
BEAUTY,B^{+},Lambda_b,MONASH,c4,0.020021404891800886,46.175347267624723,0.0092449532366462635,S2_pdf,3.0417690221642966,8.3406706803871842,8.3406706803871842,HF_SYS_PDF_CTEQ6L1,yes
BEAUTY,B^{+},Lambda_b,MONASH,c4,0.020021404891800886,46.175347267624723,0.0092449532366462635,S3_pthat,11.617091329856605,14.205348651639614,14.205348651639614,HF_SYS_PTHAT_1,no
BEAUTY,B^{+},Lambda_b,MONASH,c4,0.020021404891800886,46.175347267624723,0.0092449532366462635,S5_class_migration,0,0,0,,no
BEAUTY,B^{+},Lambda_b,MONASH,c5,0.019014048918536482,29.250921763458653,0.005561784573226862,S1a_mur,16.436010524916981,10.019974881179269,16.436010524916981,HF_SYS_MUR_DOWN,no
BEAUTY,B^{+},Lambda_b,MONASH,c5,0.019014048918536482,29.250921763458653,0.005561784573226862,S1b_muf,9.4774715747508615,8.9521811962838882,9.4774715747508615,HF_SYS_MUF_UP,yes
BEAUTY,B^{+},Lambda_b,MONASH,c5,0.019014048918536482,29.250921763458653,0.005561784573226862,S2_pdf,22.037658046511662,12.453498879120113,22.037658046511662,HF_SYS_PDF_CTEQ6L1,no
BEAUTY,B^{+},Lambda_b,MONASH,c5,0.019014048918536482,29.250921763458653,0.005561784573226862,S3_pthat,9.9907762392026882,7.7620151947798739,9.9907762392026882,HF_SYS_PTHAT_1,no
BEAUTY,B^{+},Lambda_b,MONASH,c5,0.019014048918536482,29.250921763458653,0.005561784573226862,S5_class_migration,0,0,0,,no
BEAUTY,B^{+},Lambda_b,MONASH,c6,0.018871782535482322,19.890816994821005,0.0037537517277933803,S1a_mur,13.15465277246652,7.1872539673346969,13.15465277246652,HF_SYS_MUR_UP,no
BEAUTY,B^{+},Lambda_b,MONASH,c6,0.018871782535482322,19.890816994821005,0.0037537517277933803,S1b_muf,13.910278266411705,9.8864251221558082,13.910278266411705,HF_SYS_MUF_UP,no
BEAUTY,B^{+},Lambda_b,MONASH,c6,0.018871782535482322,19.890816994821005,0.0037537517277933803,S2_pdf,12.273972848948365,8.070851984149737,12.273972848948365,HF_SYS_PDF_CTEQ6L1,yes
BEAUTY,B^{+},Lambda_b,MONASH,c6,0.018871782535482322,19.890816994821005,0.0037537517277933803,S3_pthat,3.2518525175271051,5.3948002473023209,5.3948002473023209,HF_SYS_PTHAT_4,no
BEAUTY,B^{+},Lambda_b,MONASH,c6,0.018871782535482322,19.890816994821005,0.0037537517277933803,S5_class_migration,0,0,0,,no
BEAUTY,B^{+},Lambda_b,MONASH,c7,0.019446695219354083,15.202763857966378,0.002956435152376838,S1a_mur,5.3263302976190019,5.6069948714732245,5.6069948714732245,HF_SYS_MUR_DOWN,no
BEAUTY,B^{+},Lambda_b,MONASH,c7,0.019446695219354083,15.202763857966378,0.002956435152376838,S1b_muf,4.497911904761855,6.3832235728866005,6.3832235728866005,HF_SYS_MUF_DOWN,no
BEAUTY,B^{+},Lambda_b,MONASH,c7,0.019446695219354083,15.202763857966378,0.002956435152376838,S2_pdf,0.13320916666670829,6.31765426319709,6.31765426319709,HF_SYS_PDF_CTEQ6L1,yes
BEAUTY,B^{+},Lambda_b,MONASH,c7,0.019446695219354083,15.202763857966378,0.002956435152376838,S3_pthat,4.2850222619047269,12.607144571666755,12.607144571666755,HF_SYS_PTHAT_1,no
BEAUTY,B^{+},Lambda_b,MONASH,c7,0.019446695219354083,15.202763857966378,0.002956435152376838,S5_class_migration,0,0,0,,no
BEAUTY,B^{+},Lambda_b,MONASH,c8,0.019799152280958316,12.119323331204043,0.0023995232817667989,S1a_mur,5.7131349105597451,4.6432375718073411,5.7131349105597451,HF_SYS_MUR_DOWN,no
BEAUTY,B^{+},Lambda_b,MONASH,c8,0.019799152280958316,12.119323331204043,0.0023995232817667989,S1b_muf,6.4889257010963881,5.1034585027000023,6.4889257010963881,HF_SYS_MUF_UP,no
BEAUTY,B^{+},Lambda_b,MONASH,c8,0.019799152280958316,12.119323331204043,0.0023995232817667989,S2_pdf,3.555466774379715,5.6581667158178073,5.6581667158178073,HF_SYS_PDF_CTEQ6L1,yes
BEAUTY,B^{+},Lambda_b,MONASH,c8,0.019799152280958316,12.119323331204043,0.0023995232817667989,S3_pthat,8.4930519099827073,5.8235653869629216,8.4930519099827073,HF_SYS_PTHAT_1,no
BEAUTY,B^{+},Lambda_b,MONASH,c8,0.019799152280958316,12.119323331204043,0.0023995232817667989,S5_class_migration,0,0,0,,no
BEAUTY,B^{+},Lambda_b,MONASH,c9,0.019462698184265253,11.503373328747386,0.002238866831983371,S1a_mur,3.8540484399083548,4.6926796791688776,4.6926796791688776,HF_SYS_MUR_DOWN,no
BEAUTY,B^{+},Lambda_b,MONASH,c9,0.019462698184265253,11.503373328747386,0.002238866831983371,S1b_muf,6.2468307540095811,5.8284286513485197,6.2468307540095811,HF_SYS_MUF_UP,yes
BEAUTY,B^{+},Lambda_b,MONASH,c9,0.019462698184265253,11.503373328747386,0.002238866831983371,S2_pdf,9.1883550718600304,3.4846788703730436,9.1883550718600304,HF_SYS_PDF_CTEQ6L1,no
BEAUTY,B^{+},Lambda_b,MONASH,c9,0.019462698184265253,11.503373328747386,0.002238866831983371,S3_pthat,5.0039403915850871,5.0872867466534917,5.0872867466534917,HF_SYS_PTHAT_4,no
BEAUTY,B^{+},Lambda_b,MONASH,c9,0.019462698184265253,11.503373328747386,0.002238866831983371,S5_class_migration,0,0,0,,no
BEAUTY,B^{+},Lambda_b,MONASH,c10,0.019260081835896746,9.9153750105327649,0.0019097093413646662,S1a_mur,4.2273020583914702,3.3751943707460708,4.2273020583914702,HF_SYS_MUR_DOWN,no
BEAUTY,B^{+},Lambda_b,MONASH,c10,0.019260081835896746,9.9153750105327649,0.0019097093413646662,S1b_muf,4.5727643922144745,6.2184108754605552,6.2184108754605552,HF_SYS_MUF_UP,yes
BEAUTY,B^{+},Lambda_b,MONASH,c10,0.019260081835896746,9.9153750105327649,0.0019097093413646662,S2_pdf,8.0016179434447281,6.1671891047673491,8.0016179434447281,HF_SYS_PDF_CTEQ6L1,no
BEAUTY,B^{+},Lambda_b,MONASH,c10,0.019260081835896746,9.9153750105327649,0.0019097093413646662,S3_pthat,4.051998172970988,1.9790585232325137,4.051998172970988,HF_SYS_PTHAT_4,no
BEAUTY,B^{+},Lambda_b,MONASH,c10,0.019260081835896746,9.9153750105327649,0.0019097093413646662,S5_class_migration,0,0,0,,no
BEAUTY,B^{+},Lambda_b,MONASH,c11,0.019109570997223744,13.792543690594306,0.0026356959288772229,S1a_mur,4.6182564899257521,6.2588772330452631,6.2588772330452631,HF_SYS_MUR_DOWN,no
BEAUTY,B^{+},Lambda_b,MONASH,c11,0.019109570997223744,13.792543690594306,0.0026356959288772229,S1b_muf,9.3195655885471762,5.4602271713469444,9.3195655885471762,HF_SYS_MUF_DOWN,no
BEAUTY,B^{+},Lambda_b,MONASH,c11,0.019109570997223744,13.792543690594306,0.0026356959288772229,S2_pdf,3.0930626193001141,3.7429868072944097,3.7429868072944097,HF_SYS_PDF_CTEQ6L1,yes
BEAUTY,B^{+},Lambda_b,MONASH,c11,0.019109570997223744,13.792543690594306,0.0026356959288772229,S3_pthat,8.0128905196182334,3.6889477748298285,8.0128905196182334,HF_SYS_PTHAT_4,no
BEAUTY,B^{+},Lambda_b,MONASH,c11,0.019109570997223744,13.792543690594306,0.0026356959288772229,S5_class_migration,0,0,0,,no
BEAUTY,B^{+},Lambda_b,MONASH,MB,0.019420239054996676,6.4939432527348071,0.0012611393037769265,S1a_mur,2.3262378167641042,1.2475634272953644,2.3262378167641042,HF_SYS_MUR_UP,no
BEAUTY,B^{+},Lambda_b,MONASH,MB,0.019420239054996676,6.4939432527348071,0.0012611393037769265,S1b_muf,3.644450220200675,1.7408006592805603,3.644450220200675,HF_SYS_MUF_UP,yes
BEAUTY,B^{+},Lambda_b,MONASH,MB,0.019420239054996676,6.4939432527348071,0.0012611393037769265,S2_pdf,4.3426908526459833,1.6632695062324561,4.3426908526459833,HF_SYS_PDF_CTEQ6L1,no
BEAUTY,B^{+},Lambda_b,MONASH,MB,0.019420239054996676,6.4939432527348071,0.0012611393037769265,S3_pthat,4.2309517543859325,1.9504538395921829,4.2309517543859325,HF_SYS_PTHAT_4,no
BEAUTY,B^{+},Lambda_b,MONASH,MB,0.019420239054996676,6.4939432527348071,0.0012611393037769265,S5_class_migration,0,0,0,,no
CHARM,D^{+},D-,CLOSEPACKING,c1,0.17961051085270255,4.8796748510444852,0.0087644089279118528,S1a_mur,1.1661404684830703,0.71784195156074904,1.1661404684830703,HF_SYS_MUR_DOWN,no
CHARM,D^{+},D-,CLOSEPACKING,c1,0.17961051085270255,4.8796748510444852,0.0087644089279118528,S1b_muf,1.3454172816669527,0.55445571881707245,1.3454172816669527,HF_SYS_MUF_DOWN,yes
CHARM,D^{+},D-,CLOSEPACKING,c1,0.17961051085270255,4.8796748510444852,0.0087644089279118528,S2_pdf,2.2367784202741801,0.66005154807188426,2.2367784202741801,HF_SYS_PDF_CTEQ6L1,no
CHARM,D^{+},D-,CLOSEPACKING,c1,0.17961051085270255,4.8796748510444852,0.0087644089279118528,S3_pthat,4.1771001135091135,0.55233213073438248,4.1771001135091135,HF_SYS_PTHAT_1,no
CHARM,D^{+},D-,CLOSEPACKING,c1,0.17961051085270255,4.8796748510444852,0.0087644089279118528,S5_class_migration,0,0,0,,no
CHARM,D^{+},D-,CLOSEPACKING,c2,0.17829375825257929,9.3042660070434611,0.01658892554177498,S1a_mur,1.3863403165677133,0.93968321525606802,1.3863403165677133,HF_SYS_MUR_DOWN,no
CHARM,D^{+},D-,CLOSEPACKING,c2,0.17829375825257929,9.3042660070434611,0.01658892554177498,S1b_muf,2.0156388466993929,0.64222673188044965,2.0156388466993929,HF_SYS_MUF_DOWN,no
CHARM,D^{+},D-,CLOSEPACKING,c2,0.17829375825257929,9.3042660070434611,0.01658892554177498,S2_pdf,0.54249893933498006,1.1781529609902872,1.1781529609902872,HF_SYS_PDF_CTEQ6L1,yes
CHARM,D^{+},D-,CLOSEPACKING,c2,0.17829375825257929,9.3042660070434611,0.01658892554177498,S3_pthat,8.9768940339161709,0.90216990406411524,8.9768940339161709,HF_SYS_PTHAT_4,no
CHARM,D^{+},D-,CLOSEPACKING,c2,0.17829375825257929,9.3042660070434611,0.01658892554177498,S5_class_migration,0,0,0,,no
CHARM,D^{+},D-,CLOSEPACKING,c3,0.17593310023942621,7.8427225818717803,0.013797944981464593,S1a_mur,0.96860695179424228,0.36446886305574183,0.96860695179424228,HF_SYS_MUR_DOWN,no
CHARM,D^{+},D-,CLOSEPACKING,c3,0.17593310023942621,7.8427225818717803,0.013797944981464593,S1b_muf,1.861446058824068,0.53077730766477815,1.861446058824068,HF_SYS_MUF_UP,no
CHARM,D^{+},D-,CLOSEPACKING,c3,0.17593310023942621,7.8427225818717803,0.013797944981464593,S2_pdf,0.53253183130335824,0.68188025518994277,0.68188025518994277,HF_SYS_PDF_CTEQ6L1,yes
CHARM,D^{+},D-,CLOSEPACKING,c3,0.17593310023942621,7.8427225818717803,0.013797944981464593,S3_pthat,7.5567927481985224,0.64157626448445892,7.5567927481985224,HF_SYS_PTHAT_4,no
CHARM,D^{+},D-,CLOSEPACKING,c3,0.17593310023942621,7.8427225818717803,0.013797944981464593,S5_class_migration,0,0,0,,no
CHARM,D^{+},D-,CLOSEPACKING,c4,0.17377526196316179,6.3913462194005675,0.011106578635735973,S1a_mur,0.79370443616662745,0.50769233344179687,0.79370443616662745,HF_SYS_MUR_UP,no
CHARM,D^{+},D-,CLOSEPACKING,c4,0.17377526196316179,6.3913462194005675,0.011106578635735973,S1b_muf,0.97812428399534157,0.81469012004847752,0.97812428399534157,HF_SYS_MUF_UP,no
CHARM,D^{+},D-,CLOSEPACKING,c4,0.17377526196316179,6.3913462194005675,0.011106578635735973,S2_pdf,0.97064335727819984,0.59327715401748315,0.97064335727819984,HF_SYS_PDF_CTEQ6L1,yes
CHARM,D^{+},D-,CLOSEPACKING,c4,0.17377526196316179,6.3913462194005675,0.011106578635735973,S3_pthat,6.2659885612179291,0.95261714550855758,6.2659885612179291,HF_SYS_PTHAT_4,no
CHARM,D^{+},D-,CLOSEPACKING,c4,0.17377526196316179,6.3913462194005675,0.011106578635735973,S5_class_migration,0,0,0,,no
CHARM,D^{+},D-,CLOSEPACKING,c5,0.17244208328493402,8.5682442441839122,0.014775258875612186,S1a_mur,1.3634045936740518,0.66411508736176073,1.3634045936740518,HF_SYS_MUR_UP,no
CHARM,D^{+},D-,CLOSEPACKING,c5,0.17244208328493402,8.5682442441839122,0.014775258875612186,S1b_muf,2.0713718177273144,0.80438667672833131,2.0713718177273144,HF_SYS_MUF_DOWN,no
CHARM,D^{+},D-,CLOSEPACKING,c5,0.17244208328493402,8.5682442441839122,0.014775258875612186,S2_pdf,0.51200768295469146,0.48363114116719269,0.51200768295469146,HF_SYS_PDF_CTEQ6L1,yes
CHARM,D^{+},D-,CLOSEPACKING,c5,0.17244208328493402,8.5682442441839122,0.014775258875612186,S3_pthat,8.2015459600409653,0.62015415387798267,8.2015459600409653,HF_SYS_PTHAT_4,no
CHARM,D^{+},D-,CLOSEPACKING,c5,0.17244208328493402,8.5682442441839122,0.014775258875612186,S5_class_migration,0,0,0,,no
CHARM,D^{+},D-,CLOSEPACKING,c6,0.16971132261428412,9.3171233153528235,0.015812213208089114,S1a_mur,0.23786119835583128,0.74983227793358342,0.74983227793358342,HF_SYS_MUR_UP,no
CHARM,D^{+},D-,CLOSEPACKING,c6,0.16971132261428412,9.3171233153528235,0.015812213208089114,S1b_muf,1.3149843813238054,0.70810125210488839,1.3149843813238054,HF_SYS_MUF_DOWN,no
CHARM,D^{+},D-,CLOSEPACKING,c6,0.16971132261428412,9.3171233153528235,0.015812213208089114,S2_pdf,0.049305717748756292,0.5645720495277009,0.5645720495277009,HF_SYS_PDF_CTEQ6L1,no
CHARM,D^{+},D-,CLOSEPACKING,c6,0.16971132261428412,9.3171233153528235,0.015812213208089114,S3_pthat,9.1759802150084564,1.0639037076777853,9.1759802150084564,HF_SYS_PTHAT_4,no
CHARM,D^{+},D-,CLOSEPACKING,c6,0.16971132261428412,9.3171233153528235,0.015812213208089114,S5_class_migration,0,0,0,,no
CHARM,D^{+},D-,CLOSEPACKING,c7,0.16899683982751379,8.007456568955952,0.013532348552096221,S1a_mur,0.49103866578851563,0.63175599892954892,0.63175599892954892,HF_SYS_MUR_DOWN,no
CHARM,D^{+},D-,CLOSEPACKING,c7,0.16899683982751379,8.007456568955952,0.013532348552096221,S1b_muf,3.3250090227849145,0.53489699785456968,3.3250090227849145,HF_SYS_MUF_DOWN,no
CHARM,D^{+},D-,CLOSEPACKING,c7,0.16899683982751379,8.007456568955952,0.013532348552096221,S2_pdf,0.11548155142155869,0.87050047688922072,0.87050047688922072,HF_SYS_PDF_CTEQ6L1,yes
CHARM,D^{+},D-,CLOSEPACKING,c7,0.16899683982751379,8.007456568955952,0.013532348552096221,S3_pthat,7.2570352114297521,1.0530465051313436,7.2570352114297521,HF_SYS_PTHAT_4,no
CHARM,D^{+},D-,CLOSEPACKING,c7,0.16899683982751379,8.007456568955952,0.013532348552096221,S5_class_migration,0,0,0,,no
CHARM,D^{+},D-,CLOSEPACKING,c8,0.16868321973610298,8.0855805034851702,0.01363901752763339,S1a_mur,0.99726560753033,0.64184276991403499,0.99726560753033,HF_SYS_MUR_UP,no
CHARM,D^{+},D-,CLOSEPACKING,c8,0.16868321973610298,8.0855805034851702,0.01363901752763339,S1b_muf,3.4945860489971321,0.74152988011144261,3.4945860489971321,HF_SYS_MUF_DOWN,no
CHARM,D^{+},D-,CLOSEPACKING,c8,0.16868321973610298,8.0855805034851702,0.01363901752763339,S2_pdf,1.9173334141728813,0.78450329259495388,1.9173334141728813,HF_SYS_PDF_CTEQ6L1,yes
CHARM,D^{+},D-,CLOSEPACKING,c8,0.16868321973610298,8.0855805034851702,0.01363901752763339,S3_pthat,7.2228762783624685,0.79027716134915149,7.2228762783624685,HF_SYS_PTHAT_4,no
CHARM,D^{+},D-,CLOSEPACKING,c8,0.16868321973610298,8.0855805034851702,0.01363901752763339,S5_class_migration,0,0,0,,no
CHARM,D^{+},D-,CLOSEPACKING,c9,0.17007576064333779,6.4492133520028281,0.010968548663930513,S1a_mur,0.94355635233823321,0.89365707596746669,0.94355635233823321,HF_SYS_MUR_UP,no
CHARM,D^{+},D-,CLOSEPACKING,c9,0.17007576064333779,6.4492133520028281,0.010968548663930513,S1b_muf,4.3693700551756445,1.2138065107261675,4.3693700551756445,HF_SYS_MUF_DOWN,no
CHARM,D^{+},D-,CLOSEPACKING,c9,0.17007576064333779,6.4492133520028281,0.010968548663930513,S2_pdf,0.022790221952370158,0.73378929518922975,0.73378929518922975,HF_SYS_PDF_CTEQ6L1,no
CHARM,D^{+},D-,CLOSEPACKING,c9,0.17007576064333779,6.4492133520028281,0.010968548663930513,S3_pthat,4.5904480021903966,0.60470975973485741,4.5904480021903966,HF_SYS_PTHAT_4,no
CHARM,D^{+},D-,CLOSEPACKING,c9,0.17007576064333779,6.4492133520028281,0.010968548663930513,S5_class_migration,0,0,0,,no
CHARM,D^{+},D-,CLOSEPACKING,c10,0.17345426654454196,7.7449325125868809,0.013433915884077339,S1a_mur,0.53370463229298648,0.97364030894596643,0.97364030894596643,HF_SYS_MUR_DOWN,no
CHARM,D^{+},D-,CLOSEPACKING,c10,0.17345426654454196,7.7449325125868809,0.013433915884077339,S1b_muf,6.7122785085648315,1.3031433314641701,6.7122785085648315,HF_SYS_MUF_DOWN,no
CHARM,D^{+},D-,CLOSEPACKING,c10,0.17345426654454196,7.7449325125868809,0.013433915884077339,S2_pdf,2.8245292791825629,0.87462729131178329,2.8245292791825629,HF_SYS_PDF_CTEQ6L1,yes
CHARM,D^{+},D-,CLOSEPACKING,c10,0.17345426654454196,7.7449325125868809,0.013433915884077339,S3_pthat,3.7391605203280083,0.69196300778293585,3.7391605203280083,HF_SYS_PTHAT_4,no
CHARM,D^{+},D-,CLOSEPACKING,c10,0.17345426654454196,7.7449325125868809,0.013433915884077339,S5_class_migration,0,0,0,,no
CHARM,D^{+},D-,CLOSEPACKING,c11,0.17969203116264248,8.443806817042681,0.015172847976993665,S1a_mur,0.61495835708056834,1.3879702849523958,1.3879702849523958,HF_SYS_MUR_UP,no
CHARM,D^{+},D-,CLOSEPACKING,c11,0.17969203116264248,8.443806817042681,0.015172847976993665,S1b_muf,7.534540485606267,2.0032648535664164,7.534540485606267,HF_SYS_MUF_DOWN,no
CHARM,D^{+},D-,CLOSEPACKING,c11,0.17969203116264248,8.443806817042681,0.015172847976993665,S2_pdf,0.93380258796159898,1.039355200579416,1.039355200579416,HF_SYS_PDF_CTEQ6L1,yes
CHARM,D^{+},D-,CLOSEPACKING,c11,0.17969203116264248,8.443806817042681,0.015172847976993665,S3_pthat,3.5499453125908418,2.2896610739879191,3.5499453125908418,HF_SYS_PTHAT_1,no
CHARM,D^{+},D-,CLOSEPACKING,c11,0.17969203116264248,8.443806817042681,0.015172847976993665,S5_class_migration,0,0,0,,no
CHARM,D^{+},D-,CLOSEPACKING,MB,0.17347719687199298,5.5181979941905475,0.0095728151981683048,S1a_mur,0.59615724178209317,0.13799485959616409,0.59615724178209317,HF_SYS_MUR_DOWN,no
CHARM,D^{+},D-,CLOSEPACKING,MB,0.17347719687199298,5.5181979941905475,0.0095728151981683048,S1b_muf,1.5026776861805908,0.13189751659516807,1.5026776861805908,HF_SYS_MUF_DOWN,no
CHARM,D^{+},D-,CLOSEPACKING,MB,0.17347719687199298,5.5181979941905475,0.0095728151981683048,S2_pdf,0.37284619515975476,0.24457021310293095,0.37284619515975476,HF_SYS_PDF_CTEQ6L1,yes
CHARM,D^{+},D-,CLOSEPACKING,MB,0.17347719687199298,5.5181979941905475,0.0095728151981683048,S3_pthat,5.2760842883348911,0.24377924278430321,5.2760842883348911,HF_SYS_PTHAT_4,no
CHARM,D^{+},D-,CLOSEPACKING,MB,0.17347719687199298,5.5181979941905475,0.0095728151981683048,S5_class_migration,0,0,0,,no
CHARM,D^{+},D-,JUNCTIONS,c1,0.1801638639341086,5.8243911517772542,0.010493448149678232,S1a_mur,0.38623945940852672,0.73794629071839135,0.73794629071839135,HF_SYS_MUR_DOWN,no
CHARM,D^{+},D-,JUNCTIONS,c1,0.1801638639341086,5.8243911517772542,0.010493448149678232,S1b_muf,2.1142619739130986,0.70487305187809501,2.1142619739130986,HF_SYS_MUF_UP,no
CHARM,D^{+},D-,JUNCTIONS,c1,0.1801638639341086,5.8243911517772542,0.010493448149678232,S2_pdf,1.6108313856727685,0.41207748777666969,1.6108313856727685,HF_SYS_PDF_CTEQ6L1,yes
CHARM,D^{+},D-,JUNCTIONS,c1,0.1801638639341086,5.8243911517772542,0.010493448149678232,S3_pthat,5.3766963710610653,0.49560938675783328,5.3766963710610653,HF_SYS_PTHAT_1,no
CHARM,D^{+},D-,JUNCTIONS,c1,0.1801638639341086,5.8243911517772542,0.010493448149678232,S5_class_migration,0,0,0,,no
CHARM,D^{+},D-,JUNCTIONS,c2,0.17884927523516472,8.4447109331603354,0.015103304299661975,S1a_mur,0.66775514387429935,0.72442380221149161,0.72442380221149161,HF_SYS_MUR_UP,no
CHARM,D^{+},D-,JUNCTIONS,c2,0.17884927523516472,8.4447109331603354,0.015103304299661975,S1b_muf,1.671393541424312,0.68111878665593639,1.671393541424312,HF_SYS_MUF_DOWN,no
CHARM,D^{+},D-,JUNCTIONS,c2,0.17884927523516472,8.4447109331603354,0.015103304299661975,S2_pdf,1.4787450278217673,0.3876578278460035,1.4787450278217673,HF_SYS_PDF_CTEQ6L1,yes
CHARM,D^{+},D-,JUNCTIONS,c2,0.17884927523516472,8.4447109331603354,0.015103304299661975,S3_pthat,8.2458957384332869,0.92979784372442753,8.2458957384332869,HF_SYS_PTHAT_4,no
CHARM,D^{+},D-,JUNCTIONS,c2,0.17884927523516472,8.4447109331603354,0.015103304299661975,S5_class_migration,0,0,0,,no
CHARM,D^{+},D-,JUNCTIONS,c3,0.17665086428184112,8.0469567536570938,0.014215018653721241,S1a_mur,0.56714371928726071,0.52211872234511802,0.56714371928726071,HF_SYS_MUR_UP,no
CHARM,D^{+},D-,JUNCTIONS,c3,0.17665086428184112,8.0469567536570938,0.014215018653721241,S1b_muf,0.99906914637299649,0.57560754582124596,0.99906914637299649,HF_SYS_MUF_DOWN,no
CHARM,D^{+},D-,JUNCTIONS,c3,0.17665086428184112,8.0469567536570938,0.014215018653721241,S2_pdf,0.019736264514112093,0.87555875975662989,0.87555875975662989,HF_SYS_PDF_CTEQ6L1,no
CHARM,D^{+},D-,JUNCTIONS,c3,0.17665086428184112,8.0469567536570938,0.014215018653721241,S3_pthat,7.9162566087690385,0.57966303067690028,7.9162566087690385,HF_SYS_PTHAT_4,no
CHARM,D^{+},D-,JUNCTIONS,c3,0.17665086428184112,8.0469567536570938,0.014215018653721241,S5_class_migration,0,0,0,,no
CHARM,D^{+},D-,JUNCTIONS,c4,0.17432768957111799,9.0289606532358917,0.015739978499071453,S1a_mur,0.69276979124151938,0.77381068843203882,0.77381068843203882,HF_SYS_MUR_DOWN,no
CHARM,D^{+},D-,JUNCTIONS,c4,0.17432768957111799,9.0289606532358917,0.015739978499071453,S1b_muf,0.17628319955255831,1.2434172647702237,1.2434172647702237,HF_SYS_MUF_DOWN,yes
CHARM,D^{+},D-,JUNCTIONS,c4,0.17432768957111799,9.0289606532358917,0.015739978499071453,S2_pdf,2.0600917947787658,0.59834112354916613,2.0600917947787658,HF_SYS_PDF_CTEQ6L1,no
CHARM,D^{+},D-,JUNCTIONS,c4,0.17432768957111799,9.0289606532358917,0.015739978499071453,S3_pthat,8.7566756987589436,1.4315290848804576,8.7566756987589436,HF_SYS_PTHAT_4,no
CHARM,D^{+},D-,JUNCTIONS,c4,0.17432768957111799,9.0289606532358917,0.015739978499071453,S5_class_migration,0,0,0,,no
CHARM,D^{+},D-,JUNCTIONS,c5,0.17246066447467059,9.2626151802951657,0.015974367687668752,S1a_mur,0.38134172605323258,0.50747818881356854,0.50747818881356854,HF_SYS_MUR_DOWN,no
CHARM,D^{+},D-,JUNCTIONS,c5,0.17246066447467059,9.2626151802951657,0.015974367687668752,S1b_muf,1.2358386370721852,0.73331812545395958,1.2358386370721852,HF_SYS_MUF_UP,no
CHARM,D^{+},D-,JUNCTIONS,c5,0.17246066447467059,9.2626151802951657,0.015974367687668752,S2_pdf,1.0908780451821325,0.54070292759997207,1.0908780451821325,HF_SYS_PDF_CTEQ6L1,yes
CHARM,D^{+},D-,JUNCTIONS,c5,0.17246066447467059,9.2626151802951657,0.015974367687668752,S3_pthat,9.1657628558256139,0.51457167181672447,9.1657628558256139,HF_SYS_PTHAT_4,no
CHARM,D^{+},D-,JUNCTIONS,c5,0.17246066447467059,9.2626151802951657,0.015974367687668752,S5_class_migration,0,0,0,,no
CHARM,D^{+},D-,JUNCTIONS,c6,0.17182759012851129,8.41629296142996,0.014461513373780616,S1a_mur,0.44322924388434465,0.59546925314925514,0.59546925314925514,HF_SYS_MUR_UP,no
CHARM,D^{+},D-,JUNCTIONS,c6,0.17182759012851129,8.41629296142996,0.014461513373780616,S1b_muf,1.7112559567934127,0.64827570012889968,1.7112559567934127,HF_SYS_MUF_DOWN,no
CHARM,D^{+},D-,JUNCTIONS,c6,0.17182759012851129,8.41629296142996,0.014461513373780616,S2_pdf,0.59046985862542456,0.75877930425538853,0.75877930425538853,HF_SYS_PDF_CTEQ6L1,yes
CHARM,D^{+},D-,JUNCTIONS,c6,0.17182759012851129,8.41629296142996,0.014461513373780616,S3_pthat,8.218941941120427,0.85519464511159748,8.218941941120427,HF_SYS_PTHAT_4,no
CHARM,D^{+},D-,JUNCTIONS,c6,0.17182759012851129,8.41629296142996,0.014461513373780616,S5_class_migration,0,0,0,,no
CHARM,D^{+},D-,JUNCTIONS,c7,0.16994595377414595,9.4168634876178814,0.016003578469641514,S1a_mur,1.0168210466196637,0.7521297147808963,1.0168210466196637,HF_SYS_MUR_UP,no
CHARM,D^{+},D-,JUNCTIONS,c7,0.16994595377414595,9.4168634876178814,0.016003578469641514,S1b_muf,3.5852846687668474,0.84929208308563964,3.5852846687668474,HF_SYS_MUF_DOWN,no
CHARM,D^{+},D-,JUNCTIONS,c7,0.16994595377414595,9.4168634876178814,0.016003578469641514,S2_pdf,1.1726985726265353,0.628064979428819,1.1726985726265353,HF_SYS_PDF_CTEQ6L1,yes
CHARM,D^{+},D-,JUNCTIONS,c7,0.16994595377414595,9.4168634876178814,0.016003578469641514,S3_pthat,8.6480706951023176,0.52807401561571143,8.6480706951023176,HF_SYS_PTHAT_4,no
CHARM,D^{+},D-,JUNCTIONS,c7,0.16994595377414595,9.4168634876178814,0.016003578469641514,S5_class_migration,0,0,0,,no
CHARM,D^{+},D-,JUNCTIONS,c8,0.17049315934347706,8.2094418144016696,0.013996536713837873,S1a_mur,1.0147969280054614,0.53495533338649159,1.0147969280054614,HF_SYS_MUR_UP,no
CHARM,D^{+},D-,JUNCTIONS,c8,0.17049315934347706,8.2094418144016696,0.013996536713837873,S1b_muf,3.4604559380808144,1.1547147367495623,3.4604559380808144,HF_SYS_MUF_DOWN,no
CHARM,D^{+},D-,JUNCTIONS,c8,0.17049315934347706,8.2094418144016696,0.013996536713837873,S2_pdf,1.0822483145847457,1.0368685830911741,1.0822483145847457,HF_SYS_PDF_CTEQ6L1,yes
CHARM,D^{+},D-,JUNCTIONS,c8,0.17049315934347706,8.2094418144016696,0.013996536713837873,S3_pthat,7.3749824948645459,0.71435003374066675,7.3749824948645459,HF_SYS_PTHAT_4,no
CHARM,D^{+},D-,JUNCTIONS,c8,0.17049315934347706,8.2094418144016696,0.013996536713837873,S5_class_migration,0,0,0,,no
CHARM,D^{+},D-,JUNCTIONS,c9,0.16943013704846618,8.3419215595587097,0.014133729130835871,S1a_mur,1.199823707250093,0.5565044890409846,1.199823707250093,HF_SYS_MUR_UP,no
CHARM,D^{+},D-,JUNCTIONS,c9,0.16943013704846618,8.3419215595587097,0.014133729130835871,S1b_muf,5.4517237089240895,1.0865409659395966,5.4517237089240895,HF_SYS_MUF_DOWN,no
CHARM,D^{+},D-,JUNCTIONS,c9,0.16943013704846618,8.3419215595587097,0.014133729130835871,S2_pdf,1.0241017794666778,0.52934910323621653,1.0241017794666778,HF_SYS_PDF_CTEQ6L1,yes
CHARM,D^{+},D-,JUNCTIONS,c9,0.16943013704846618,8.3419215595587097,0.014133729130835871,S3_pthat,6.1989343421999585,1.0020613334483046,6.1989343421999585,HF_SYS_PTHAT_4,no
CHARM,D^{+},D-,JUNCTIONS,c9,0.16943013704846618,8.3419215595587097,0.014133729130835871,S5_class_migration,0,0,0,,no
CHARM,D^{+},D-,JUNCTIONS,c10,0.17301576922512349,6.5116921189202461,0.011266254209121607,S1a_mur,0.41774760090396118,0.7256299770273793,0.7256299770273793,HF_SYS_MUR_DOWN,no
CHARM,D^{+},D-,JUNCTIONS,c10,0.17301576922512349,6.5116921189202461,0.011266254209121607,S1b_muf,4.4829617610082115,1.4192275719885157,4.4829617610082115,HF_SYS_MUF_DOWN,no
CHARM,D^{+},D-,JUNCTIONS,c10,0.17301576922512349,6.5116921189202461,0.011266254209121607,S2_pdf,0.44086688082807335,0.98555426136908897,0.98555426136908897,HF_SYS_PDF_CTEQ6L1,yes
CHARM,D^{+},D-,JUNCTIONS,c10,0.17301576922512349,6.5116921189202461,0.011266254209121607,S3_pthat,4.6667600364048543,0.94384144309845719,4.6667600364048543,HF_SYS_PTHAT_4,no
CHARM,D^{+},D-,JUNCTIONS,c10,0.17301576922512349,6.5116921189202461,0.011266254209121607,S5_class_migration,0,0,0,,no
CHARM,D^{+},D-,JUNCTIONS,c11,0.17949352659255807,7.5868164753709557,0.013617844447748544,S1a_mur,0.90171864316424466,1.3661254160993681,1.3661254160993681,HF_SYS_MUR_DOWN,no
CHARM,D^{+},D-,JUNCTIONS,c11,0.17949352659255807,7.5868164753709557,0.013617844447748544,S1b_muf,6.8684780122611215,1.3581841134495884,6.8684780122611215,HF_SYS_MUF_DOWN,no
CHARM,D^{+},D-,JUNCTIONS,c11,0.17949352659255807,7.5868164753709557,0.013617844447748544,S2_pdf,1.7084329729165912,1.0675172660801708,1.7084329729165912,HF_SYS_PDF_CTEQ6L1,yes
CHARM,D^{+},D-,JUNCTIONS,c11,0.17949352659255807,7.5868164753709557,0.013617844447748544,S3_pthat,2.9184748368853577,0.84629892310295074,2.9184748368853577,HF_SYS_PTHAT_4,no
CHARM,D^{+},D-,JUNCTIONS,c11,0.17949352659255807,7.5868164753709557,0.013617844447748544,S5_class_migration,0,0,0,,no
CHARM,D^{+},D-,JUNCTIONS,MB,0.17397376578825971,6.1506866411152128,0.010700581171383559,S1a_mur,0.24358028139452806,0.18786873916513894,0.24358028139452806,HF_SYS_MUR_DOWN,no
CHARM,D^{+},D-,JUNCTIONS,MB,0.17397376578825971,6.1506866411152128,0.010700581171383559,S1b_muf,1.4359832934701404,0.24588428451929553,1.4359832934701404,HF_SYS_MUF_DOWN,no
CHARM,D^{+},D-,JUNCTIONS,MB,0.17397376578825971,6.1506866411152128,0.010700581171383559,S2_pdf,0.17257441682656446,0.27446242566158902,0.27446242566158902,HF_SYS_PDF_CTEQ6L1,yes
CHARM,D^{+},D-,JUNCTIONS,MB,0.17397376578825971,6.1506866411152128,0.010700581171383559,S3_pthat,5.9757482196444283,0.28600588089648699,5.9757482196444283,HF_SYS_PTHAT_4,no
CHARM,D^{+},D-,JUNCTIONS,MB,0.17397376578825971,6.1506866411152128,0.010700581171383559,S5_class_migration,0,0,0,,no
CHARM,D^{+},D-,MONASH,c1,0.18888156367519388,6.0421951175733897,0.011412592618378839,S1a_mur,0.98080704074411185,0.51811796121467468,0.98080704074411185,HF_SYS_MUR_UP,no
CHARM,D^{+},D-,MONASH,c1,0.18888156367519388,6.0421951175733897,0.011412592618378839,S1b_muf,1.6770105104810111,0.35588603498640764,1.6770105104810111,HF_SYS_MUF_DOWN,no
CHARM,D^{+},D-,MONASH,c1,0.18888156367519388,6.0421951175733897,0.011412592618378839,S2_pdf,1.4106386419947048,0.69573553008712208,1.4106386419947048,HF_SYS_PDF_CTEQ6L1,yes
CHARM,D^{+},D-,MONASH,c1,0.18888156367519388,6.0421951175733897,0.011412592618378839,S3_pthat,5.7213438225115176,0.58089980352657344,5.7213438225115176,HF_SYS_PTHAT_1,no
CHARM,D^{+},D-,MONASH,c1,0.18888156367519388,6.0421951175733897,0.011412592618378839,S5_class_migration,0,0,0,,no
CHARM,D^{+},D-,MONASH,c2,0.18785416730127172,6.2208762153978183,0.011686175213278438,S1a_mur,1.2526564276308119,0.69066342998091457,1.2526564276308119,HF_SYS_MUR_DOWN,no
CHARM,D^{+},D-,MONASH,c2,0.18785416730127172,6.2208762153978183,0.011686175213278438,S1b_muf,0.99820372803569868,0.62555587816198244,0.99820372803569868,HF_SYS_MUF_DOWN,no
CHARM,D^{+},D-,MONASH,c2,0.18785416730127172,6.2208762153978183,0.011686175213278438,S2_pdf,0.26412365953851408,0.77095091691050299,0.77095091691050299,HF_SYS_PDF_CTEQ6L1,yes
CHARM,D^{+},D-,MONASH,c2,0.18785416730127172,6.2208762153978183,0.011686175213278438,S3_pthat,6.0111348411887358,0.63508217257607336,6.0111348411887358,HF_SYS_PTHAT_1,no
CHARM,D^{+},D-,MONASH,c2,0.18785416730127172,6.2208762153978183,0.011686175213278438,S5_class_migration,0,0,0,,no
CHARM,D^{+},D-,MONASH,c3,0.18851263580401678,5.8360279013265588,0.011001650023048539,S1a_mur,1.2649739864100837,0.38936668743420666,1.2649739864100837,HF_SYS_MUR_UP,no
CHARM,D^{+},D-,MONASH,c3,0.18851263580401678,5.8360279013265588,0.011001650023048539,S1b_muf,1.2780916174171326,0.5551683923706936,1.2780916174171326,HF_SYS_MUF_UP,no
CHARM,D^{+},D-,MONASH,c3,0.18851263580401678,5.8360279013265588,0.011001650023048539,S2_pdf,0.25177930486856914,0.3918323599382198,0.3918323599382198,HF_SYS_PDF_CTEQ6L1,yes
CHARM,D^{+},D-,MONASH,c3,0.18851263580401678,5.8360279013265588,0.011001650023048539,S3_pthat,5.552075674579366,0.52543983856565391,5.552075674579366,HF_SYS_PTHAT_4,no
CHARM,D^{+},D-,MONASH,c3,0.18851263580401678,5.8360279013265588,0.011001650023048539,S5_class_migration,0,0,0,,no
CHARM,D^{+},D-,MONASH,c4,0.19036151307874749,6.0114626751991125,0.011443511306673182,S1a_mur,1.0976414756632846,0.44485008633919615,1.0976414756632846,HF_SYS_MUR_UP,no
CHARM,D^{+},D-,MONASH,c4,0.19036151307874749,6.0114626751991125,0.011443511306673182,S1b_muf,1.7637562469670924,0.69850606001450311,1.7637562469670924,HF_SYS_MUF_DOWN,no
CHARM,D^{+},D-,MONASH,c4,0.19036151307874749,6.0114626751991125,0.011443511306673182,S2_pdf,0.96263519427609401,0.88093122974311444,0.96263519427609401,HF_SYS_PDF_CTEQ6L1,yes
CHARM,D^{+},D-,MONASH,c4,0.19036151307874749,6.0114626751991125,0.011443511306673182,S3_pthat,5.6411018947986005,1.1649920168790142,5.6411018947986005,HF_SYS_PTHAT_4,no
CHARM,D^{+},D-,MONASH,c4,0.19036151307874749,6.0114626751991125,0.011443511306673182,S5_class_migration,0,0,0,,no
CHARM,D^{+},D-,MONASH,c5,0.19222730621458964,3.7403580679179567,0.0071899895567387592,S1a_mur,0.31957281547911964,0.78272071679525723,0.78272071679525723,HF_SYS_MUR_DOWN,no
CHARM,D^{+},D-,MONASH,c5,0.19222730621458964,3.7403580679179567,0.0071899895567387592,S1b_muf,1.4439643566100717,0.40869043701642499,1.4439643566100717,HF_SYS_MUF_UP,no
CHARM,D^{+},D-,MONASH,c5,0.19222730621458964,3.7403580679179567,0.0071899895567387592,S2_pdf,0.68184578519098593,0.94619234460020318,0.94619234460020318,HF_SYS_PDF_CTEQ6L1,yes
CHARM,D^{+},D-,MONASH,c5,0.19222730621458964,3.7403580679179567,0.0071899895567387592,S3_pthat,3.3604454604379654,0.68380535412811794,3.3604454604379654,HF_SYS_PTHAT_4,no
CHARM,D^{+},D-,MONASH,c5,0.19222730621458964,3.7403580679179567,0.0071899895567387592,S5_class_migration,0,0,0,,no
CHARM,D^{+},D-,MONASH,c6,0.19300143526494409,4.7520928709247725,0.0091716074460078973,S1a_mur,0.87697002498060828,0.45888926703206795,0.87697002498060828,HF_SYS_MUR_DOWN,no
CHARM,D^{+},D-,MONASH,c6,0.19300143526494409,4.7520928709247725,0.0091716074460078973,S1b_muf,1.9914695089078578,0.61454341933836598,1.9914695089078578,HF_SYS_MUF_UP,no
CHARM,D^{+},D-,MONASH,c6,0.19300143526494409,4.7520928709247725,0.0091716074460078973,S2_pdf,0.8992496520419091,0.95686750284831601,0.95686750284831601,HF_SYS_PDF_CTEQ6L1,yes
CHARM,D^{+},D-,MONASH,c6,0.19300143526494409,4.7520928709247725,0.0091716074460078973,S3_pthat,4.224613523657502,0.73099229055423676,4.224613523657502,HF_SYS_PTHAT_4,no
CHARM,D^{+},D-,MONASH,c6,0.19300143526494409,4.7520928709247725,0.0091716074460078973,S5_class_migration,0,0,0,,no
CHARM,D^{+},D-,MONASH,c7,0.19487486468616577,3.8272249318193823,0.0074582994071182218,S1a_mur,0.51783759565882559,0.56760602127111781,0.56760602127111781,HF_SYS_MUR_UP,no
CHARM,D^{+},D-,MONASH,c7,0.19487486468616577,3.8272249318193823,0.0074582994071182218,S1b_muf,0.83034583061296208,0.6149994007869497,0.83034583061296208,HF_SYS_MUF_UP,no
CHARM,D^{+},D-,MONASH,c7,0.19487486468616577,3.8272249318193823,0.0074582994071182218,S2_pdf,0.39160274213055535,0.4017768708571437,0.4017768708571437,HF_SYS_PDF_CTEQ6L1,yes
CHARM,D^{+},D-,MONASH,c7,0.19487486468616577,3.8272249318193823,0.0074582994071182218,S3_pthat,3.6926954768759792,0.76496210934479381,3.6926954768759792,HF_SYS_PTHAT_4,no
CHARM,D^{+},D-,MONASH,c7,0.19487486468616577,3.8272249318193823,0.0074582994071182218,S5_class_migration,0,0,0,,no
CHARM,D^{+},D-,MONASH,c8,0.19728302545527088,3.6150912968057041,0.0071319614833084792,S1a_mur,0.099843635444333126,0.5725664342593294,0.5725664342593294,HF_SYS_MUR_UP,no
CHARM,D^{+},D-,MONASH,c8,0.19728302545527088,3.6150912968057041,0.0071319614833084792,S1b_muf,0.60622273100747315,0.60605183140500363,0.60622273100747315,HF_SYS_MUF_DOWN,no
CHARM,D^{+},D-,MONASH,c8,0.19728302545527088,3.6150912968057041,0.0071319614833084792,S2_pdf,0.031414027935802599,0.69967194899539953,0.69967194899539953,HF_SYS_PDF_CTEQ6L1,no
CHARM,D^{+},D-,MONASH,c8,0.19728302545527088,3.6150912968057041,0.0071319614833084792,S3_pthat,3.4473186575654307,0.42801312561807064,3.4473186575654307,HF_SYS_PTHAT_4,no
CHARM,D^{+},D-,MONASH,c8,0.19728302545527088,3.6150912968057041,0.0071319614833084792,S5_class_migration,0,0,0,,no
CHARM,D^{+},D-,MONASH,c9,0.20004772682898608,3.130897876469724,0.0062632900312146796,S1a_mur,1.0323902219491026,0.66517485998785142,1.0323902219491026,HF_SYS_MUR_UP,no
CHARM,D^{+},D-,MONASH,c9,0.20004772682898608,3.130897876469724,0.0062632900312146796,S1b_muf,1.7037300173510745,0.86682495271536786,1.7037300173510745,HF_SYS_MUF_DOWN,yes
CHARM,D^{+},D-,MONASH,c9,0.20004772682898608,3.130897876469724,0.0062632900312146796,S2_pdf,1.9926610685367285,1.050624983713621,1.9926610685367285,HF_SYS_PDF_CTEQ6L1,no
CHARM,D^{+},D-,MONASH,c9,0.20004772682898608,3.130897876469724,0.0062632900312146796,S3_pthat,2.1831156195778028,1.0740378890352957,2.1831156195778028,HF_SYS_PTHAT_1,no
CHARM,D^{+},D-,MONASH,c9,0.20004772682898608,3.130897876469724,0.0062632900312146796,S5_class_migration,0,0,0,,no
CHARM,D^{+},D-,MONASH,c10,0.20425077745472081,2.3258771200425059,0.0047506221003282886,S1a_mur,1.6789275360478846,1.0523460976714685,1.6789275360478846,HF_SYS_MUR_DOWN,no
CHARM,D^{+},D-,MONASH,c10,0.20425077745472081,2.3258771200425059,0.0047506221003282886,S1b_muf,0.6735726893503744,0.83700985567753772,0.83700985567753772,HF_SYS_MUF_UP,no
CHARM,D^{+},D-,MONASH,c10,0.20425077745472081,2.3258771200425059,0.0047506221003282886,S2_pdf,0.11075725052225617,0.64055324522819057,0.64055324522819057,HF_SYS_PDF_CTEQ6L1,yes
CHARM,D^{+},D-,MONASH,c10,0.20425077745472081,2.3258771200425059,0.0047506221003282886,S3_pthat,1.3748895256478135,0.57435823575897604,1.3748895256478135,HF_SYS_PTHAT_4,no
CHARM,D^{+},D-,MONASH,c10,0.20425077745472081,2.3258771200425059,0.0047506221003282886,S5_class_migration,0,0,0,,no
CHARM,D^{+},D-,MONASH,c11,0.2086940339501398,2.5240569411002851,0.0052675562495806891,S1a_mur,0.68280152666014648,1.1239098870438509,1.1239098870438509,HF_SYS_MUR_DOWN,no
CHARM,D^{+},D-,MONASH,c11,0.2086940339501398,2.5240569411002851,0.0052675562495806891,S1b_muf,1.0676078793283099,0.74620534163689844,1.0676078793283099,HF_SYS_MUF_UP,no
CHARM,D^{+},D-,MONASH,c11,0.2086940339501398,2.5240569411002851,0.0052675562495806891,S2_pdf,0.33831055769829876,1.2268580171851262,1.2268580171851262,HF_SYS_PDF_CTEQ6L1,yes
CHARM,D^{+},D-,MONASH,c11,0.2086940339501398,2.5240569411002851,0.0052675562495806891,S3_pthat,0.50934184832238982,1.9919596943004934,1.9919596943004934,HF_SYS_PTHAT_1,no
CHARM,D^{+},D-,MONASH,c11,0.2086940339501398,2.5240569411002851,0.0052675562495806891,S5_class_migration,0,0,0,,no
CHARM,D^{+},D-,MONASH,MB,0.19344595697424166,5.1085305756384036,0.0098822458593654464,S1a_mur,0.12662811778189165,0.21394815466426342,0.21394815466426342,HF_SYS_MUR_DOWN,no
CHARM,D^{+},D-,MONASH,MB,0.19344595697424166,5.1085305756384036,0.0098822458593654464,S1b_muf,1.1930758390308336,0.16648776026743844,1.1930758390308336,HF_SYS_MUF_DOWN,no
CHARM,D^{+},D-,MONASH,MB,0.19344595697424166,5.1085305756384036,0.0098822458593654464,S2_pdf,0.51334390301605926,0.16725049004063272,0.51334390301605926,HF_SYS_PDF_CTEQ6L1,yes
CHARM,D^{+},D-,MONASH,MB,0.19344595697424166,5.1085305756384036,0.0098822458593654464,S3_pthat,4.9626485742664741,0.18487283587265624,4.9626485742664741,HF_SYS_PTHAT_4,no
CHARM,D^{+},D-,MONASH,MB,0.19344595697424166,5.1085305756384036,0.0098822458593654464,S5_class_migration,0,0,0,,no
CHARM,D^{+},Lambda_c(+)-bar,CLOSEPACKING,c1,0.019081810568514122,6.9588353642141616,0.0013278717819741161,S1a_mur,0.70386700482050679,1.5120219452734767,1.5120219452734767,HF_SYS_MUR_UP,no
CHARM,D^{+},Lambda_c(+)-bar,CLOSEPACKING,c1,0.019081810568514122,6.9588353642141616,0.0013278717819741161,S1b_muf,4.2433634146341603,1.6412072973234499,4.2433634146341603,HF_SYS_MUF_DOWN,no
CHARM,D^{+},Lambda_c(+)-bar,CLOSEPACKING,c1,0.019081810568514122,6.9588353642141616,0.0013278717819741161,S2_pdf,1.7483171595078915,2.06529940877226,2.06529940877226,HF_SYS_PDF_CTEQ6L1,yes
CHARM,D^{+},Lambda_c(+)-bar,CLOSEPACKING,c1,0.019081810568514122,6.9588353642141616,0.0013278717819741161,S3_pthat,5.3040594071515992,1.575202737876046,5.3040594071515992,HF_SYS_PTHAT_1,no
CHARM,D^{+},Lambda_c(+)-bar,CLOSEPACKING,c1,0.019081810568514122,6.9588353642141616,0.0013278717819741161,S5_class_migration,0,0,0,,no
CHARM,D^{+},Lambda_c(+)-bar,CLOSEPACKING,c2,0.018508157464807641,14.84713554094956,0.0027479312249323647,S1a_mur,4.2876092140265794,2.4322724802096523,4.2876092140265794,HF_SYS_MUR_DOWN,no
CHARM,D^{+},Lambda_c(+)-bar,CLOSEPACKING,c2,0.018508157464807641,14.84713554094956,0.0027479312249323647,S1b_muf,4.2562716807738576,2.0844137237589653,4.2562716807738576,HF_SYS_MUF_DOWN,no
CHARM,D^{+},Lambda_c(+)-bar,CLOSEPACKING,c2,0.018508157464807641,14.84713554094956,0.0027479312249323647,S2_pdf,0.076493107617874853,2.709502955767833,2.709502955767833,HF_SYS_PDF_CTEQ6L1,no
CHARM,D^{+},Lambda_c(+)-bar,CLOSEPACKING,c2,0.018508157464807641,14.84713554094956,0.0027479312249323647,S3_pthat,13.28896482466749,4.2983989268067155,13.28896482466749,HF_SYS_PTHAT_4,no
CHARM,D^{+},Lambda_c(+)-bar,CLOSEPACKING,c2,0.018508157464807641,14.84713554094956,0.0027479312249323647,S5_class_migration,0,0,0,,no
CHARM,D^{+},Lambda_c(+)-bar,CLOSEPACKING,c3,0.018675020090641894,7.6940068359137905,0.0014368573223822612,S1a_mur,2.7699028265962382,2.0958520574083157,2.7699028265962382,HF_SYS_MUR_DOWN,no
CHARM,D^{+},Lambda_c(+)-bar,CLOSEPACKING,c3,0.018675020090641894,7.6940068359137905,0.0014368573223822612,S1b_muf,3.9968904291349476,1.6560164397638999,3.9968904291349476,HF_SYS_MUF_DOWN,no
CHARM,D^{+},Lambda_c(+)-bar,CLOSEPACKING,c3,0.018675020090641894,7.6940068359137905,0.0014368573223822612,S2_pdf,1.0683795234141409,1.4751987505905115,1.4751987505905115,HF_SYS_PDF_CTEQ6L1,yes
CHARM,D^{+},Lambda_c(+)-bar,CLOSEPACKING,c3,0.018675020090641894,7.6940068359137905,0.0014368573223822612,S3_pthat,5.9624027388119103,1.7080586959547199,5.9624027388119103,HF_SYS_PTHAT_4,no
CHARM,D^{+},Lambda_c(+)-bar,CLOSEPACKING,c3,0.018675020090641894,7.6940068359137905,0.0014368573223822612,S5_class_migration,0,0,0,,no
CHARM,D^{+},Lambda_c(+)-bar,CLOSEPACKING,c4,0.01916284474026551,6.1621480785613736,0.0011808428689599705,S1a_mur,3.3458250506370528,3.7400020638192033,3.7400020638192033,HF_SYS_MUR_UP,no
CHARM,D^{+},Lambda_c(+)-bar,CLOSEPACKING,c4,0.01916284474026551,6.1621480785613736,0.0011808428689599705,S1b_muf,1.3805087076118805,2.6437839449463167,2.6437839449463167,HF_SYS_MUF_DOWN,no
CHARM,D^{+},Lambda_c(+)-bar,CLOSEPACKING,c4,0.01916284474026551,6.1621480785613736,0.0011808428689599705,S2_pdf,0.9829190931068349,3.4559994799641305,3.4559994799641305,HF_SYS_PDF_CTEQ6L1,yes
CHARM,D^{+},Lambda_c(+)-bar,CLOSEPACKING,c4,0.01916284474026551,6.1621480785613736,0.0011808428689599705,S3_pthat,2.6736361287160917,4.1224822567465118,4.1224822567465118,HF_SYS_PTHAT_1,no
CHARM,D^{+},Lambda_c(+)-bar,CLOSEPACKING,c4,0.01916284474026551,6.1621480785613736,0.0011808428689599705,S5_class_migration,0,0,0,,no
CHARM,D^{+},Lambda_c(+)-bar,CLOSEPACKING,c5,0.020208661627286,6.6013203854647173,0.0013340384996316165,S1a_mur,1.802502481382378,2.7162530276617249,2.7162530276617249,HF_SYS_MUR_DOWN,no
CHARM,D^{+},Lambda_c(+)-bar,CLOSEPACKING,c5,0.020208661627286,6.6013203854647173,0.0013340384996316165,S1b_muf,5.4128355823873697,1.8325273421868105,5.4128355823873697,HF_SYS_MUF_DOWN,no
CHARM,D^{+},Lambda_c(+)-bar,CLOSEPACKING,c5,0.020208661627286,6.6013203854647173,0.0013340384996316165,S2_pdf,1.7251927868556336,2.2752811987691235,2.2752811987691235,HF_SYS_PDF_CTEQ6L1,yes
CHARM,D^{+},Lambda_c(+)-bar,CLOSEPACKING,c5,0.020208661627286,6.6013203854647173,0.0013340384996316165,S3_pthat,2.6269014597642881,1.8147707804653839,2.6269014597642881,HF_SYS_PTHAT_1,no
CHARM,D^{+},Lambda_c(+)-bar,CLOSEPACKING,c5,0.020208661627286,6.6013203854647173,0.0013340384996316165,S5_class_migration,0,0,0,,no
CHARM,D^{+},Lambda_c(+)-bar,CLOSEPACKING,c6,0.02116651492576024,8.3125510086588132,0.0017594773499592011,S1a_mur,1.7041772206025316,1.8682086208987343,1.8682086208987343,HF_SYS_MUR_UP,no
CHARM,D^{+},Lambda_c(+)-bar,CLOSEPACKING,c6,0.02116651492576024,8.3125510086588132,0.0017594773499592011,S1b_muf,7.5481725727806559,1.4992806120129063,7.5481725727806559,HF_SYS_MUF_UP,no
CHARM,D^{+},Lambda_c(+)-bar,CLOSEPACKING,c6,0.02116651492576024,8.3125510086588132,0.0017594773499592011,S2_pdf,1.0351960468162369,2.8028913932706114,2.8028913932706114,HF_SYS_PDF_CTEQ6L1,yes
CHARM,D^{+},Lambda_c(+)-bar,CLOSEPACKING,c6,0.02116651492576024,8.3125510086588132,0.0017594773499592011,S3_pthat,2.3295524840495241,2.9382633700667764,2.9382633700667764,HF_SYS_PTHAT_1,no
CHARM,D^{+},Lambda_c(+)-bar,CLOSEPACKING,c6,0.02116651492576024,8.3125510086588132,0.0017594773499592011,S5_class_migration,0,0,0,,no
CHARM,D^{+},Lambda_c(+)-bar,CLOSEPACKING,c7,0.021686099911266101,8.457240612581451,0.0018340456489805868,S1a_mur,2.443501094720177,2.0393856557169459,2.443501094720177,HF_SYS_MUR_DOWN,no
CHARM,D^{+},Lambda_c(+)-bar,CLOSEPACKING,c7,0.021686099911266101,8.457240612581451,0.0018340456489805868,S1b_muf,7.7136972326908086,1.828262755311576,7.7136972326908086,HF_SYS_MUF_UP,no
CHARM,D^{+},Lambda_c(+)-bar,CLOSEPACKING,c7,0.021686099911266101,8.457240612581451,0.0018340456489805868,S2_pdf,3.2818261081798479,1.9827712222600262,3.2818261081798479,HF_SYS_PDF_CTEQ6L1,yes
CHARM,D^{+},Lambda_c(+)-bar,CLOSEPACKING,c7,0.021686099911266101,8.457240612581451,0.0018340456489805868,S3_pthat,0.67416415060482304,2.460304083152431,2.460304083152431,HF_SYS_PTHAT_4,no
CHARM,D^{+},Lambda_c(+)-bar,CLOSEPACKING,c7,0.021686099911266101,8.457240612581451,0.0018340456489805868,S5_class_migration,0,0,0,,no
CHARM,D^{+},Lambda_c(+)-bar,CLOSEPACKING,c8,0.022934102050297105,10.107530213344599,0.0023180712938930632,S1a_mur,1.8936775843694744,2.2158749338644768,2.2158749338644768,HF_SYS_MUR_UP,no
CHARM,D^{+},Lambda_c(+)-bar,CLOSEPACKING,c8,0.022934102050297105,10.107530213344599,0.0023180712938930632,S1b_muf,7.9841889875665872,3.9201424919966117,7.9841889875665872,HF_SYS_MUF_DOWN,no
CHARM,D^{+},Lambda_c(+)-bar,CLOSEPACKING,c8,0.022934102050297105,10.107530213344599,0.0023180712938930632,S2_pdf,1.1764051154529493,2.2890927990022618,2.2890927990022618,HF_SYS_PDF_CTEQ6L1,yes
CHARM,D^{+},Lambda_c(+)-bar,CLOSEPACKING,c8,0.022934102050297105,10.107530213344599,0.0023180712938930632,S3_pthat,5.7883323593212452,2.9877487168960046,5.7883323593212452,HF_SYS_PTHAT_1,no
CHARM,D^{+},Lambda_c(+)-bar,CLOSEPACKING,c8,0.022934102050297105,10.107530213344599,0.0023180712938930632,S5_class_migration,0,0,0,,no
CHARM,D^{+},Lambda_c(+)-bar,CLOSEPACKING,c9,0.023677731796794648,8.5244757337763133,0.0020184025013263982,S1a_mur,2.6956475758871368,2.3282681248321846,2.6956475758871368,HF_SYS_MUR_DOWN,no
CHARM,D^{+},Lambda_c(+)-bar,CLOSEPACKING,c9,0.023677731796794648,8.5244757337763133,0.0020184025013263982,S1b_muf,6.430226551517741,2.4582483168643932,6.430226551517741,HF_SYS_MUF_DOWN,no
CHARM,D^{+},Lambda_c(+)-bar,CLOSEPACKING,c9,0.023677731796794648,8.5244757337763133,0.0020184025013263982,S2_pdf,4.39429001111586,2.7518267487208679,4.39429001111586,HF_SYS_PDF_CTEQ6L1,yes
CHARM,D^{+},Lambda_c(+)-bar,CLOSEPACKING,c9,0.023677731796794648,8.5244757337763133,0.0020184025013263982,S3_pthat,4.9043202565198856,3.9691843177601998,4.9043202565198856,HF_SYS_PTHAT_1,no
CHARM,D^{+},Lambda_c(+)-bar,CLOSEPACKING,c9,0.023677731796794648,8.5244757337763133,0.0020184025013263982,S5_class_migration,0,0,0,,no
CHARM,D^{+},Lambda_c(+)-bar,CLOSEPACKING,c10,0.023826225528524297,16.281695052985132,0.0038793133831908212,S1a_mur,5.0476919646206007,2.7105352347947078,5.0476919646206007,HF_SYS_MUR_UP,no
CHARM,D^{+},Lambda_c(+)-bar,CLOSEPACKING,c10,0.023826225528524297,16.281695052985132,0.0038793133831908212,S1b_muf,8.3963174365545505,4.2392746270123602,8.3963174365545505,HF_SYS_MUF_DOWN,no
CHARM,D^{+},Lambda_c(+)-bar,CLOSEPACKING,c10,0.023826225528524297,16.281695052985132,0.0038793133831908212,S2_pdf,7.0526255594449587,2.1141053790550766,7.0526255594449587,HF_SYS_PDF_CTEQ6L1,yes
CHARM,D^{+},Lambda_c(+)-bar,CLOSEPACKING,c10,0.023826225528524297,16.281695052985132,0.0038793133831908212,S3_pthat,13.004470505688234,3.6933197682711283,13.004470505688234,HF_SYS_PTHAT_1,no
CHARM,D^{+},Lambda_c(+)-bar,CLOSEPACKING,c10,0.023826225528524297,16.281695052985132,0.0038793133831908212,S5_class_migration,0,0,0,,no
CHARM,D^{+},Lambda_c(+)-bar,CLOSEPACKING,c11,0.023714227491469987,20.705454135991776,0.0049101384969510711,S1a_mur,9.0480388167896812,5.2946706253701112,9.0480388167896812,HF_SYS_MUR_DOWN,no
CHARM,D^{+},Lambda_c(+)-bar,CLOSEPACKING,c11,0.023714227491469987,20.705454135991776,0.0049101384969510711,S1b_muf,17.379746019609993,3.6482897632063129,17.379746019609993,HF_SYS_MUF_UP,no
CHARM,D^{+},Lambda_c(+)-bar,CLOSEPACKING,c11,0.023714227491469987,20.705454135991776,0.0049101384969510711,S2_pdf,5.2233306312658234,4.0449037707773412,5.2233306312658234,HF_SYS_PDF_CTEQ6L1,yes
CHARM,D^{+},Lambda_c(+)-bar,CLOSEPACKING,c11,0.023714227491469987,20.705454135991776,0.0049101384969510711,S3_pthat,6.0603808791450824,6.6927761684802096,6.6927761684802096,HF_SYS_PTHAT_1,no
CHARM,D^{+},Lambda_c(+)-bar,CLOSEPACKING,c11,0.023714227491469987,20.705454135991776,0.0049101384969510711,S5_class_migration,0,0,0,,no
CHARM,D^{+},Lambda_c(+)-bar,CLOSEPACKING,MB,0.02075770426725752,8.4591191945516773,0.0017559189460198536,S1a_mur,0.96829461560218821,0.59581511258879005,0.96829461560218821,HF_SYS_MUR_DOWN,no
CHARM,D^{+},Lambda_c(+)-bar,CLOSEPACKING,MB,0.02075770426725752,8.4591191945516773,0.0017559189460198536,S1b_muf,6.2097631349857512,0.66558792833502523,6.2097631349857512,HF_SYS_MUF_DOWN,no
CHARM,D^{+},Lambda_c(+)-bar,CLOSEPACKING,MB,0.02075770426725752,8.4591191945516773,0.0017559189460198536,S2_pdf,1.4447442206579864,0.7401299025967647,1.4447442206579864,HF_SYS_PDF_CTEQ6L1,yes
CHARM,D^{+},Lambda_c(+)-bar,CLOSEPACKING,MB,0.02075770426725752,8.4591191945516773,0.0017559189460198536,S3_pthat,5.6619735863389851,0.6844413778352364,5.6619735863389851,HF_SYS_PTHAT_4,no
CHARM,D^{+},Lambda_c(+)-bar,CLOSEPACKING,MB,0.02075770426725752,8.4591191945516773,0.0017559189460198536,S5_class_migration,0,0,0,,no
CHARM,D^{+},Lambda_c(+)-bar,JUNCTIONS,c1,0.021056971010767041,8.8377893934106524,0.0018609707505631253,S1a_mur,2.1723399296084041,1.7612195108183255,2.1723399296084041,HF_SYS_MUR_UP,no
CHARM,D^{+},Lambda_c(+)-bar,JUNCTIONS,c1,0.021056971010767041,8.8377893934106524,0.0018609707505631253,S1b_muf,3.4419528354597757,2.2646108358568942,3.4419528354597757,HF_SYS_MUF_UP,no
CHARM,D^{+},Lambda_c(+)-bar,JUNCTIONS,c1,0.021056971010767041,8.8377893934106524,0.0018609707505631253,S2_pdf,2.4641293873735539,1.2536615094851362,2.4641293873735539,HF_SYS_PDF_CTEQ6L1,yes
CHARM,D^{+},Lambda_c(+)-bar,JUNCTIONS,c1,0.021056971010767041,8.8377893934106524,0.0018609707505631253,S3_pthat,7.8447703134624147,1.5389783317666186,7.8447703134624147,HF_SYS_PTHAT_1,no
CHARM,D^{+},Lambda_c(+)-bar,JUNCTIONS,c1,0.021056971010767041,8.8377893934106524,0.0018609707505631253,S5_class_migration,0,0,0,,no
CHARM,D^{+},Lambda_c(+)-bar,JUNCTIONS,c2,0.020303442397959504,9.3142519993288051,0.0018911137894845153,S1a_mur,3.4484674486079419,2.5950579235752151,3.4484674486079419,HF_SYS_MUR_DOWN,no
CHARM,D^{+},Lambda_c(+)-bar,JUNCTIONS,c2,0.020303442397959504,9.3142519993288051,0.0018911137894845153,S1b_muf,6.3952583832335339,2.8195775192074999,6.3952583832335339,HF_SYS_MUF_UP,no
CHARM,D^{+},Lambda_c(+)-bar,JUNCTIONS,c2,0.020303442397959504,9.3142519993288051,0.0018911137894845153,S2_pdf,2.7456309679609929,2.9618061208497362,2.9618061208497362,HF_SYS_PDF_CTEQ6L1,yes
CHARM,D^{+},Lambda_c(+)-bar,JUNCTIONS,c2,0.020303442397959504,9.3142519993288051,0.0018911137894845153,S3_pthat,5.8278669146243631,4.2766576245176404,5.8278669146243631,HF_SYS_PTHAT_4,no
CHARM,D^{+},Lambda_c(+)-bar,JUNCTIONS,c2,0.020303442397959504,9.3142519993288051,0.0018911137894845153,S5_class_migration,0,0,0,,no
CHARM,D^{+},Lambda_c(+)-bar,JUNCTIONS,c3,0.020723647429277018,8.0008929624743157,0.0016580768487370143,S1a_mur,1.2900845357235859,1.915655609640792,1.915655609640792,HF_SYS_MUR_DOWN,no
CHARM,D^{+},Lambda_c(+)-bar,JUNCTIONS,c3,0.020723647429277018,8.0008929624743157,0.0016580768487370143,S1b_muf,5.6034896040379589,2.3083874067556387,5.6034896040379589,HF_SYS_MUF_DOWN,no
CHARM,D^{+},Lambda_c(+)-bar,JUNCTIONS,c3,0.020723647429277018,8.0008929624743157,0.0016580768487370143,S2_pdf,0.63141670002609451,1.7016948166958383,1.7016948166958383,HF_SYS_PDF_CTEQ6L1,yes
CHARM,D^{+},Lambda_c(+)-bar,JUNCTIONS,c3,0.020723647429277018,8.0008929624743157,0.0016580768487370143,S3_pthat,5.3800981440547453,2.8176248505784702,5.3800981440547453,HF_SYS_PTHAT_4,no
CHARM,D^{+},Lambda_c(+)-bar,JUNCTIONS,c3,0.020723647429277018,8.0008929624743157,0.0016580768487370143,S5_class_migration,0,0,0,,no
CHARM,D^{+},Lambda_c(+)-bar,JUNCTIONS,c4,0.021926345609065159,10.273994231972853,0.0022527114831577873,S1a_mur,2.260086563307484,3.7479797199001426,3.7479797199001426,HF_SYS_MUR_UP,no
CHARM,D^{+},Lambda_c(+)-bar,JUNCTIONS,c4,0.021926345609065159,10.273994231972853,0.0022527114831577873,S1b_muf,7.0834677002584074,1.7748677842911074,7.0834677002584074,HF_SYS_MUF_DOWN,no
CHARM,D^{+},Lambda_c(+)-bar,JUNCTIONS,c4,0.021926345609065159,10.273994231972853,0.0022527114831577873,S2_pdf,2.1957403100775377,2.155455064891751,2.1957403100775377,HF_SYS_PDF_CTEQ6L1,yes
CHARM,D^{+},Lambda_c(+)-bar,JUNCTIONS,c4,0.021926345609065159,10.273994231972853,0.0022527114831577873,S3_pthat,6.4290038759690118,1.8221903221275355,6.4290038759690118,HF_SYS_PTHAT_1,no
CHARM,D^{+},Lambda_c(+)-bar,JUNCTIONS,c4,0.021926345609065159,10.273994231972853,0.0022527114831577873,S5_class_migration,0,0,0,,no
CHARM,D^{+},Lambda_c(+)-bar,JUNCTIONS,c5,0.023025802650689639,6.4761344597088328,0.0014911819400858616,S1a_mur,4.4241556516591185,2.0696032906576232,4.4241556516591185,HF_SYS_MUR_DOWN,no
CHARM,D^{+},Lambda_c(+)-bar,JUNCTIONS,c5,0.023025802650689639,6.4761344597088328,0.0014911819400858616,S1b_muf,3.5577593672509975,2.4175844300130511,3.5577593672509975,HF_SYS_MUF_DOWN,no
CHARM,D^{+},Lambda_c(+)-bar,JUNCTIONS,c5,0.023025802650689639,6.4761344597088328,0.0014911819400858616,S2_pdf,3.2697984983720469,2.0219835106626114,3.2697984983720469,HF_SYS_PDF_CTEQ6L1,yes
CHARM,D^{+},Lambda_c(+)-bar,JUNCTIONS,c5,0.023025802650689639,6.4761344597088328,0.0014911819400858616,S3_pthat,2.9219509126188346,3.1160090813183903,3.1160090813183903,HF_SYS_PTHAT_4,no
CHARM,D^{+},Lambda_c(+)-bar,JUNCTIONS,c5,0.023025802650689639,6.4761344597088328,0.0014911819400858616,S5_class_migration,0,0,0,,no
CHARM,D^{+},Lambda_c(+)-bar,JUNCTIONS,c6,0.024178323666552936,6.2641486589333653,0.0015145661377109444,S1a_mur,2.783387064910646,2.5717825954875875,2.783387064910646,HF_SYS_MUR_DOWN,no
CHARM,D^{+},Lambda_c(+)-bar,JUNCTIONS,c6,0.024178323666552936,6.2641486589333653,0.0015145661377109444,S1b_muf,4.8515508466603823,2.1292149771014874,4.8515508466603823,HF_SYS_MUF_DOWN,no
CHARM,D^{+},Lambda_c(+)-bar,JUNCTIONS,c6,0.024178323666552936,6.2641486589333653,0.0015145661377109444,S2_pdf,1.5351615710254096,1.683393600078148,1.683393600078148,HF_SYS_PDF_CTEQ6L1,yes
CHARM,D^{+},Lambda_c(+)-bar,JUNCTIONS,c6,0.024178323666552936,6.2641486589333653,0.0015145661377109444,S3_pthat,1.4259728598306805,2.8204200485696642,2.8204200485696642,HF_SYS_PTHAT_4,no
CHARM,D^{+},Lambda_c(+)-bar,JUNCTIONS,c6,0.024178323666552936,6.2641486589333653,0.0015145661377109444,S5_class_migration,0,0,0,,no
CHARM,D^{+},Lambda_c(+)-bar,JUNCTIONS,c7,0.025399261101199559,9.2738714471405377,0.0023554948230488193,S1a_mur,1.2825613308261745,2.6439824790372972,2.6439824790372972,HF_SYS_MUR_DOWN,no
CHARM,D^{+},Lambda_c(+)-bar,JUNCTIONS,c7,0.025399261101199559,9.2738714471405377,0.0023554948230488193,S1b_muf,4.6436827295887557,3.0475323651423447,4.6436827295887557,HF_SYS_MUF_DOWN,no
CHARM,D^{+},Lambda_c(+)-bar,JUNCTIONS,c7,0.025399261101199559,9.2738714471405377,0.0023554948230488193,S2_pdf,2.4907767839378732,1.5135136541575036,2.4907767839378732,HF_SYS_PDF_CTEQ6L1,yes
CHARM,D^{+},Lambda_c(+)-bar,JUNCTIONS,c7,0.025399261101199559,9.2738714471405377,0.0023554948230488193,S3_pthat,7.5795949084071408,2.1760514555338539,7.5795949084071408,HF_SYS_PTHAT_4,no
CHARM,D^{+},Lambda_c(+)-bar,JUNCTIONS,c7,0.025399261101199559,9.2738714471405377,0.0023554948230488193,S5_class_migration,0,0,0,,no
CHARM,D^{+},Lambda_c(+)-bar,JUNCTIONS,c8,0.026458710486004733,8.9817461147858282,0.0023764542010991608,S1a_mur,1.4565695263157936,1.4221693025527369,1.4565695263157936,HF_SYS_MUR_UP,no
CHARM,D^{+},Lambda_c(+)-bar,JUNCTIONS,c8,0.026458710486004733,8.9817461147858282,0.0023764542010991608,S1b_muf,5.8490738421052759,2.4063148043248148,5.8490738421052759,HF_SYS_MUF_UP,no
CHARM,D^{+},Lambda_c(+)-bar,JUNCTIONS,c8,0.026458710486004733,8.9817461147858282,0.0023764542010991608,S2_pdf,3.0976170000000014,2.6299397814191385,3.0976170000000014,HF_SYS_PDF_CTEQ6L1,yes
CHARM,D^{+},Lambda_c(+)-bar,JUNCTIONS,c8,0.026458710486004733,8.9817461147858282,0.0023764542010991608,S3_pthat,6.6587163684210431,2.9390262510729568,6.6587163684210431,HF_SYS_PTHAT_1,no
CHARM,D^{+},Lambda_c(+)-bar,JUNCTIONS,c8,0.026458710486004733,8.9817461147858282,0.0023764542010991608,S5_class_migration,0,0,0,,no
CHARM,D^{+},Lambda_c(+)-bar,JUNCTIONS,c9,0.027858768984086648,10.912329993270614,0.0030400408036064587,S1a_mur,3.5993371296704653,2.125161366292482,3.5993371296704653,HF_SYS_MUR_UP,no
CHARM,D^{+},Lambda_c(+)-bar,JUNCTIONS,c9,0.027858768984086648,10.912329993270614,0.0030400408036064587,S1b_muf,9.03295111684257,2.9697642917939349,9.03295111684257,HF_SYS_MUF_DOWN,no
CHARM,D^{+},Lambda_c(+)-bar,JUNCTIONS,c9,0.027858768984086648,10.912329993270614,0.0030400408036064587,S2_pdf,2.9166077524009846,2.5754534189061471,2.9166077524009846,HF_SYS_PDF_CTEQ6L1,yes
CHARM,D^{+},Lambda_c(+)-bar,JUNCTIONS,c9,0.027858768984086648,10.912329993270614,0.0030400408036064587,S3_pthat,4.9527277564733527,1.366471152738181,4.9527277564733527,HF_SYS_PTHAT_4,no
CHARM,D^{+},Lambda_c(+)-bar,JUNCTIONS,c9,0.027858768984086648,10.912329993270614,0.0030400408036064587,S5_class_migration,0,0,0,,no
CHARM,D^{+},Lambda_c(+)-bar,JUNCTIONS,c10,0.029223175169575556,6.6117309192674369,0.0019321577082785112,S1a_mur,1.6746132709256283,2.97174110093313,2.97174110093313,HF_SYS_MUR_DOWN,no
CHARM,D^{+},Lambda_c(+)-bar,JUNCTIONS,c10,0.029223175169575556,6.6117309192674369,0.0019321577082785112,S1b_muf,5.2361701310562321,3.3968607043176537,5.2361701310562321,HF_SYS_MUF_DOWN,no
CHARM,D^{+},Lambda_c(+)-bar,JUNCTIONS,c10,0.029223175169575556,6.6117309192674369,0.0019321577082785112,S2_pdf,1.0752590319192434,1.8212088509668938,1.8212088509668938,HF_SYS_PDF_CTEQ6L1,yes
CHARM,D^{+},Lambda_c(+)-bar,JUNCTIONS,c10,0.029223175169575556,6.6117309192674369,0.0019321577082785112,S3_pthat,2.2710576989816995,2.7324463281931699,2.7324463281931699,HF_SYS_PTHAT_4,no
CHARM,D^{+},Lambda_c(+)-bar,JUNCTIONS,c10,0.029223175169575556,6.6117309192674369,0.0019321577082785112,S5_class_migration,0,0,0,,no
CHARM,D^{+},Lambda_c(+)-bar,JUNCTIONS,c11,0.028907758104240157,11.680926914796306,0.0033766940968623987,S1a_mur,3.8182072101892262,3.6380938046818421,3.8182072101892262,HF_SYS_MUR_DOWN,no
CHARM,D^{+},Lambda_c(+)-bar,JUNCTIONS,c11,0.028907758104240157,11.680926914796306,0.0033766940968623987,S1b_muf,10.291845825717807,3.469048693540822,10.291845825717807,HF_SYS_MUF_UP,no
CHARM,D^{+},Lambda_c(+)-bar,JUNCTIONS,c11,0.028907758104240157,11.680926914796306,0.0033766940968623987,S2_pdf,6.4492787335396438,4.3686675604359131,6.4492787335396438,HF_SYS_PDF_CTEQ6L1,yes
CHARM,D^{+},Lambda_c(+)-bar,JUNCTIONS,c11,0.028907758104240157,11.680926914796306,0.0033766940968623987,S3_pthat,3.992900798733511,2.308138363531886,3.992900798733511,HF_SYS_PTHAT_4,no
CHARM,D^{+},Lambda_c(+)-bar,JUNCTIONS,c11,0.028907758104240157,11.680926914796306,0.0033766940968623987,S5_class_migration,0,0,0,,no
CHARM,D^{+},Lambda_c(+)-bar,JUNCTIONS,MB,0.024020824372891363,9.2763842749338785,0.002228263974836379,S1a_mur,1.2887801946464668,0.67240272641044507,1.2887801946464668,HF_SYS_MUR_UP,no
CHARM,D^{+},Lambda_c(+)-bar,JUNCTIONS,MB,0.024020824372891363,9.2763842749338785,0.002228263974836379,S1b_muf,6.589800367874834,0.5850864429334881,6.589800367874834,HF_SYS_MUF_DOWN,no
CHARM,D^{+},Lambda_c(+)-bar,JUNCTIONS,MB,0.024020824372891363,9.2763842749338785,0.002228263974836379,S2_pdf,1.7941750058961852,0.72161026544473439,1.7941750058961852,HF_SYS_PDF_CTEQ6L1,yes
CHARM,D^{+},Lambda_c(+)-bar,JUNCTIONS,MB,0.024020824372891363,9.2763842749338785,0.002228263974836379,S3_pthat,6.4003813900176496,0.86396088652283054,6.4003813900176496,HF_SYS_PTHAT_1,no
CHARM,D^{+},Lambda_c(+)-bar,JUNCTIONS,MB,0.024020824372891363,9.2763842749338785,0.002228263974836379,S5_class_migration,0,0,0,,no
CHARM,D^{+},Lambda_c(+)-bar,MONASH,c1,0.02076729034155099,10.400977850152055,0.0021600012685014853,S1a_mur,0.50603781149400739,2.2452428918463498,2.2452428918463498,HF_SYS_MUR_DOWN,no
CHARM,D^{+},Lambda_c(+)-bar,MONASH,c1,0.02076729034155099,10.400977850152055,0.0021600012685014853,S1b_muf,3.9638793892333619,1.4943631255134115,3.9638793892333619,HF_SYS_MUF_DOWN,no
CHARM,D^{+},Lambda_c(+)-bar,MONASH,c1,0.02076729034155099,10.400977850152055,0.0021600012685014853,S2_pdf,3.6167918206748313,1.4254020097448199,3.6167918206748313,HF_SYS_PDF_CTEQ6L1,yes
CHARM,D^{+},Lambda_c(+)-bar,MONASH,c1,0.02076729034155099,10.400977850152055,0.0021600012685014853,S3_pthat,9.3502344774651522,2.6962709311044266,9.3502344774651522,HF_SYS_PTHAT_1,no
CHARM,D^{+},Lambda_c(+)-bar,MONASH,c1,0.02076729034155099,10.400977850152055,0.0021600012685014853,S5_class_migration,0,0,0,,no
CHARM,D^{+},Lambda_c(+)-bar,MONASH,c2,0.018778770684662684,13.913017727191269,0.0026126936943057168,S1a_mur,3.5341540498427308,1.8331015122410337,3.5341540498427308,HF_SYS_MUR_DOWN,no
CHARM,D^{+},Lambda_c(+)-bar,MONASH,c2,0.018778770684662684,13.913017727191269,0.0026126936943057168,S1b_muf,0.91364172630752472,2.0386281287980275,2.0386281287980275,HF_SYS_MUF_DOWN,no
CHARM,D^{+},Lambda_c(+)-bar,MONASH,c2,0.018778770684662684,13.913017727191269,0.0026126936943057168,S2_pdf,0.76538191850174198,2.5425920767487478,2.5425920767487478,HF_SYS_PDF_CTEQ6L1,yes
CHARM,D^{+},Lambda_c(+)-bar,MONASH,c2,0.018778770684662684,13.913017727191269,0.0026126936943057168,S3_pthat,13.301346277034975,3.3789788932545233,13.301346277034975,HF_SYS_PTHAT_4,no
CHARM,D^{+},Lambda_c(+)-bar,MONASH,c2,0.018778770684662684,13.913017727191269,0.0026126936943057168,S5_class_migration,0,0,0,,no
CHARM,D^{+},Lambda_c(+)-bar,MONASH,c3,0.018277437590283056,11.920876358878942,0.0021788307367089058,S1a_mur,1.3818261365653191,1.9126544954051512,1.9126544954051512,HF_SYS_MUR_DOWN,no
CHARM,D^{+},Lambda_c(+)-bar,MONASH,c3,0.018277437590283056,11.920876358878942,0.0021788307367089058,S1b_muf,3.3042793186946997,1.266242862529869,3.3042793186946997,HF_SYS_MUF_DOWN,no
CHARM,D^{+},Lambda_c(+)-bar,MONASH,c3,0.018277437590283056,11.920876358878942,0.0021788307367089058,S2_pdf,0.81008297243843741,1.902291401030874,1.902291401030874,HF_SYS_PDF_CTEQ6L1,yes
CHARM,D^{+},Lambda_c(+)-bar,MONASH,c3,0.018277437590283056,11.920876358878942,0.0021788307367089058,S3_pthat,11.292952852506374,2.7349601022827104,11.292952852506374,HF_SYS_PTHAT_4,no
CHARM,D^{+},Lambda_c(+)-bar,MONASH,c3,0.018277437590283056,11.920876358878942,0.0021788307367089058,S5_class_migration,0,0,0,,no
CHARM,D^{+},Lambda_c(+)-bar,MONASH,c4,0.018035910700168429,12.607063390297666,0.0022737986949877133,S1a_mur,4.1612021297123682,2.8754485563294492,4.1612021297123682,HF_SYS_MUR_UP,no
CHARM,D^{+},Lambda_c(+)-bar,MONASH,c4,0.018035910700168429,12.607063390297666,0.0022737986949877133,S1b_muf,5.2705367399201739,2.6870407162665533,5.2705367399201739,HF_SYS_MUF_UP,no
CHARM,D^{+},Lambda_c(+)-bar,MONASH,c4,0.018035910700168429,12.607063390297666,0.0022737986949877133,S2_pdf,2.1390064868083849,2.8202160819500413,2.8202160819500413,HF_SYS_PDF_CTEQ6L1,yes
CHARM,D^{+},Lambda_c(+)-bar,MONASH,c4,0.018035910700168429,12.607063390297666,0.0022737986949877133,S3_pthat,10.669765069382388,2.9405522154039874,10.669765069382388,HF_SYS_PTHAT_4,no
CHARM,D^{+},Lambda_c(+)-bar,MONASH,c4,0.018035910700168429,12.607063390297666,0.0022737986949877133,S5_class_migration,0,0,0,,no
CHARM,D^{+},Lambda_c(+)-bar,MONASH,c5,0.018294705001715605,10.889476871347252,0.0019921976698430298,S1a_mur,2.3033713757334588,2.0798218877260495,2.3033713757334588,HF_SYS_MUR_UP,no
CHARM,D^{+},Lambda_c(+)-bar,MONASH,c5,0.018294705001715605,10.889476871347252,0.0019921976698430298,S1b_muf,2.5302676466890119,1.2638987648014586,2.5302676466890119,HF_SYS_MUF_DOWN,no
CHARM,D^{+},Lambda_c(+)-bar,MONASH,c5,0.018294705001715605,10.889476871347252,0.0019921976698430298,S2_pdf,0.44327032481142303,2.0941984552586925,2.0941984552586925,HF_SYS_PDF_CTEQ6L1,yes
CHARM,D^{+},Lambda_c(+)-bar,MONASH,c5,0.018294705001715605,10.889476871347252,0.0019921976698430298,S3_pthat,10.337936567476962,2.1603315301784773,10.337936567476962,HF_SYS_PTHAT_4,no
CHARM,D^{+},Lambda_c(+)-bar,MONASH,c5,0.018294705001715605,10.889476871347252,0.0019921976698430298,S5_class_migration,0,0,0,,no
CHARM,D^{+},Lambda_c(+)-bar,MONASH,c6,0.018419365830527536,6.8762651292863293,0.0012665644296402461,S1a_mur,2.10449248382925,2.3169525182231721,2.3169525182231721,HF_SYS_MUR_UP,no
CHARM,D^{+},Lambda_c(+)-bar,MONASH,c6,0.018419365830527536,6.8762651292863293,0.0012665644296402461,S1b_muf,0.77345676196636304,1.8634641659046729,1.8634641659046729,HF_SYS_MUF_UP,no
CHARM,D^{+},Lambda_c(+)-bar,MONASH,c6,0.018419365830527536,6.8762651292863293,0.0012665644296402461,S2_pdf,0.21914886157826033,1.5369526856605917,1.5369526856605917,HF_SYS_PDF_CTEQ6L1,yes
CHARM,D^{+},Lambda_c(+)-bar,MONASH,c6,0.018419365830527536,6.8762651292863293,0.0012665644296402461,S3_pthat,6.2001818085381695,2.7615926876620245,6.2001818085381695,HF_SYS_PTHAT_4,no
CHARM,D^{+},Lambda_c(+)-bar,MONASH,c6,0.018419365830527536,6.8762651292863293,0.0012665644296402461,S5_class_migration,0,0,0,,no
CHARM,D^{+},Lambda_c(+)-bar,MONASH,c7,0.018458997040303189,10.581999385794409,0.0019533309534286915,S1a_mur,1.9345740124293567,1.9206621233136096,1.9345740124293567,HF_SYS_MUR_DOWN,no
CHARM,D^{+},Lambda_c(+)-bar,MONASH,c7,0.018458997040303189,10.581999385794409,0.0019533309534286915,S1b_muf,3.551129881355914,2.1973259898794755,3.551129881355914,HF_SYS_MUF_DOWN,yes
CHARM,D^{+},Lambda_c(+)-bar,MONASH,c7,0.018458997040303189,10.581999385794409,0.0019533309534286915,S2_pdf,6.8443748971751308,2.129404787266544,6.8443748971751308,HF_SYS_PDF_CTEQ6L1,no
CHARM,D^{+},Lambda_c(+)-bar,MONASH,c7,0.018458997040303189,10.581999385794409,0.0019533309534286915,S3_pthat,7.8352196305084618,2.0103218328482111,7.8352196305084618,HF_SYS_PTHAT_4,no
CHARM,D^{+},Lambda_c(+)-bar,MONASH,c7,0.018458997040303189,10.581999385794409,0.0019533309534286915,S5_class_migration,0,0,0,,no
CHARM,D^{+},Lambda_c(+)-bar,MONASH,c8,0.019037681032924143,4.5934327805607147,0.00087448308122492729,S1a_mur,2.6178662835154749,2.2661845901094186,2.6178662835154749,HF_SYS_MUR_DOWN,no
CHARM,D^{+},Lambda_c(+)-bar,MONASH,c8,0.019037681032924143,4.5934327805607147,0.00087448308122492729,S1b_muf,0.54848574726759602,3.8936419143340744,3.8936419143340744,HF_SYS_MUF_DOWN,yes
CHARM,D^{+},Lambda_c(+)-bar,MONASH,c8,0.019037681032924143,4.5934327805607147,0.00087448308122492729,S2_pdf,1.345127237299925,1.7454314577332442,1.7454314577332442,HF_SYS_PDF_CTEQ6L1,no
CHARM,D^{+},Lambda_c(+)-bar,MONASH,c8,0.019037681032924143,4.5934327805607147,0.00087448308122492729,S3_pthat,3.3466206623275689,2.0541397795041396,3.3466206623275689,HF_SYS_PTHAT_4,no
CHARM,D^{+},Lambda_c(+)-bar,MONASH,c8,0.019037681032924143,4.5934327805607147,0.00087448308122492729,S5_class_migration,0,0,0,,no
CHARM,D^{+},Lambda_c(+)-bar,MONASH,c9,0.019351963669759265,7.9865596830413832,0.0015455561283258092,S1a_mur,4.9791519155495214,1.5219923643074551,4.9791519155495214,HF_SYS_MUR_UP,no
CHARM,D^{+},Lambda_c(+)-bar,MONASH,c9,0.019351963669759265,7.9865596830413832,0.0015455561283258092,S1b_muf,2.6107755205754697,2.5544274997816458,2.6107755205754697,HF_SYS_MUF_DOWN,no
CHARM,D^{+},Lambda_c(+)-bar,MONASH,c9,0.019351963669759265,7.9865596830413832,0.0015455561283258092,S2_pdf,1.4265408641225481,2.7597041753663811,2.7597041753663811,HF_SYS_PDF_CTEQ6L1,yes
CHARM,D^{+},Lambda_c(+)-bar,MONASH,c9,0.019351963669759265,7.9865596830413832,0.0015455561283258092,S3_pthat,5.6724803176234548,4.2519254294926405,5.6724803176234548,HF_SYS_PTHAT_1,no
CHARM,D^{+},Lambda_c(+)-bar,MONASH,c9,0.019351963669759265,7.9865596830413832,0.0015455561283258092,S5_class_migration,0,0,0,,no
CHARM,D^{+},Lambda_c(+)-bar,MONASH,c10,0.019745664020251429,6.6579357190652244,0.0013146536177709304,S1a_mur,2.6626808787599954,2.8709911697778647,2.8709911697778647,HF_SYS_MUR_DOWN,no
CHARM,D^{+},Lambda_c(+)-bar,MONASH,c10,0.019745664020251429,6.6579357190652244,0.0013146536177709304,S1b_muf,5.6454722343360233,3.6154781880184048,5.6454722343360233,HF_SYS_MUF_DOWN,no
CHARM,D^{+},Lambda_c(+)-bar,MONASH,c10,0.019745664020251429,6.6579357190652244,0.0013146536177709304,S2_pdf,2.5536542059635026,3.7709823514226239,3.7709823514226239,HF_SYS_PDF_CTEQ6L1,yes
CHARM,D^{+},Lambda_c(+)-bar,MONASH,c10,0.019745664020251429,6.6579357190652244,0.0013146536177709304,S3_pthat,0.78480024825954808,2.0528421745480419,2.0528421745480419,HF_SYS_PTHAT_4,no
CHARM,D^{+},Lambda_c(+)-bar,MONASH,c10,0.019745664020251429,6.6579357190652244,0.0013146536177709304,S5_class_migration,0,0,0,,no
CHARM,D^{+},Lambda_c(+)-bar,MONASH,c11,0.02009161291190497,11.530020058315859,0.0023165669987818219,S1a_mur,3.8468145463675993,4.2281214097890709,4.2281214097890709,HF_SYS_MUR_DOWN,no
CHARM,D^{+},Lambda_c(+)-bar,MONASH,c11,0.02009161291190497,11.530020058315859,0.0023165669987818219,S1b_muf,5.068845972547714,2.936719085083777,5.068845972547714,HF_SYS_MUF_UP,no
CHARM,D^{+},Lambda_c(+)-bar,MONASH,c11,0.02009161291190497,11.530020058315859,0.0023165669987818219,S2_pdf,2.344823752929365,4.8335828792496009,4.8335828792496009,HF_SYS_PDF_CTEQ6L1,yes
CHARM,D^{+},Lambda_c(+)-bar,MONASH,c11,0.02009161291190497,11.530020058315859,0.0023165669987818219,S3_pthat,9.4536317040508901,5.7948811790249612,9.4536317040508901,HF_SYS_PTHAT_1,no
CHARM,D^{+},Lambda_c(+)-bar,MONASH,c11,0.02009161291190497,11.530020058315859,0.0023165669987818219,S5_class_migration,0,0,0,,no
CHARM,D^{+},Lambda_c(+)-bar,MONASH,MB,0.018930082977965758,5.3439457480880437,0.0010116133644105397,S1a_mur,0.50122853701275305,0.96382685817518654,0.96382685817518654,HF_SYS_MUR_UP,no
CHARM,D^{+},Lambda_c(+)-bar,MONASH,MB,0.018930082977965758,5.3439457480880437,0.0010116133644105397,S1b_muf,1.0423463133464048,0.58822737042994155,1.0423463133464048,HF_SYS_MUF_UP,yes
CHARM,D^{+},Lambda_c(+)-bar,MONASH,MB,0.018930082977965758,5.3439457480880437,0.0010116133644105397,S2_pdf,1.429560675192159,0.63594271520403278,1.429560675192159,HF_SYS_PDF_CTEQ6L1,no
CHARM,D^{+},Lambda_c(+)-bar,MONASH,MB,0.018930082977965758,5.3439457480880437,0.0010116133644105397,S3_pthat,5.0581765708516508,0.97044005086728402,5.0581765708516508,HF_SYS_PTHAT_4,no
CHARM,D^{+},Lambda_c(+)-bar,MONASH,MB,0.018930082977965758,5.3439457480880437,0.0010116133644105397,S5_class_migration,0,0,0,,no
