path,class,what,why,refs,entrypoint,voice,dead,grouped
.gitignore,PUBLIC,"The ignore rules, each annotated with the incident that motivated it, including the rule that keeps the third-party writing standard out of history.",A clone needs it to keep build products and campaign scratch out of the tree.,21,,needs-rewrite,n/a,
.mailmap,INTERNAL,"Maps seven author identities, including personal and cluster host addresses, onto one canonical contributor.","The export is one initial commit with no ancestry, so a mailmap has no history to fold and would only publish the address list.",1,,clean,n/a,
ARCHITECTURE.md,PUBLIC,"Explains what the repository measures and how the stages connect, written for a physicist who has never used ROOT or PYTHIA.",It is the conceptual entry point a reader needs before rerunning anything.,8,,needs-rewrite,n/a,
AnalysisScripts/AssociateOriginCategoryContract.h,PUBLIC,Declares the associate-origin category contract the pair objects are written against.,The category axis of every published decomposition is defined by it.,18,,clean,no,
AnalysisScripts/GeneratedPairObjectContract.h,PUBLIC,"The generated C++ view of the pair-file object contract, replacing three hand-maintained lists that had drifted apart.",It is a golden output and the closure counts derive from it.,20,,clean,no,
AnalysisScripts/GeneratedPairRegistry.h,PUBLIC,"The generated C++ view of the expanded pair registry, carrying its source digest.","It is a golden output the analysis, merge and closure all compile against.",30,,clean,no,
AnalysisScripts/GeneratedSpeciesOrdinals.h,PUBLIC,"The generated C++ view of the species ordinal table, so the ROOT-only analysis needs no JSON parser.",It is a golden output that puts the species axis into the compiled chain.,15,,clean,no,
AnalysisScripts/anchors/MANIFEST.md,PUBLIC,"The index of every anchor directory, naming what each one anchors and whether its provenance is complete or incomplete.","It is the entry point to the provenance chain and states, per anchor, what can be verified and what cannot.",20,,needs-rewrite,n/a,
AnalysisScripts/anchors/b4_multiplicity_mb/MANIFEST.md,PUBLIC,"The manifest of the per-tune minimum-bias N_ch anchor, the evidence behind the multiplicity class definition and figure 3.","The paper-facing class translation table is recomputed from it rather than transcribed, which is a reproducibility claim.",20,,needs-rewrite,n/a,
AnalysisScripts/anchors/b4_multiplicity_mb/dump_nch.C,PUBLIC,The ROOT macro that dumps the minimum-bias N_ch distribution per tune into the committed CSV and ROOT pair.,"It is the committed consumer of the anchor, so the class boundaries can be rederived rather than trusted.",3,,clean,no,
AnalysisScripts/anchors/b4_multiplicity_mb/nch_mb_CLOSEPACKING.csv,PUBLIC,The CLOSEPACKING minimum-bias charged-multiplicity distribution as text.,"The published multiplicity class boundaries are derived from these distributions, so checking a boundary needs them.",0,,clean,n/a,
AnalysisScripts/anchors/b4_multiplicity_mb/nch_mb_CLOSEPACKING.root,PUBLIC,The CLOSEPACKING minimum-bias charged-multiplicity histogram in ROOT form.,"It is the binary the dump macro reads, and the CSV alone loses the binning the boundaries were cut on.",0,,clean,n/a,
AnalysisScripts/anchors/b4_multiplicity_mb/nch_mb_JUNCTIONS.csv,PUBLIC,The JUNCTIONS minimum-bias charged-multiplicity distribution as text.,"The published multiplicity class boundaries are derived from these distributions, so checking a boundary needs them.",0,,clean,n/a,
AnalysisScripts/anchors/b4_multiplicity_mb/nch_mb_JUNCTIONS.root,PUBLIC,The JUNCTIONS minimum-bias charged-multiplicity histogram in ROOT form.,"It is the binary the dump macro reads, and the CSV alone loses the binning the boundaries were cut on.",0,,clean,n/a,
AnalysisScripts/anchors/b4_multiplicity_mb/nch_mb_MONASH.csv,PUBLIC,The MONASH minimum-bias charged-multiplicity distribution as text.,"The published multiplicity class boundaries are derived from these distributions, so checking a boundary needs them.",3,,clean,n/a,
AnalysisScripts/anchors/b4_multiplicity_mb/nch_mb_MONASH.root,PUBLIC,The MONASH minimum-bias charged-multiplicity histogram in ROOT form.,"It is the binary the dump macro reads, and the CSV alone loses the binning the boundaries were cut on.",1,,clean,n/a,
AnalysisScripts/anchors/b4_multiplicity_mb/run_meta.txt,PUBLIC,"The run metadata of the minimum-bias generation: card, seed, event count and where it ran.",It is the provenance line that ties the committed distributions to a specific generator run.,10,,clean,n/a,
AnalysisScripts/anchors/closure_v3_verdicts/MANIFEST.md,PUBLIC,"The manifest of the two closure verdicts that gate the three-tune central table, and where their logs came from.",The brief rules boundary receipts PUBLIC: this is the record that the published table passed its gate.,20,,needs-rewrite,n/a,
AnalysisScripts/anchors/closure_v3_verdicts/closure_HF_RUN3_V1_CLOSEPACKING_20260815_220842.log,PUBLIC,The full CLOSEPACKING pair-block closure run log ending in its CANONICAL_PAIR_BLOCK_CLOSURE_PASS verdict.,Same role for the third tune's published column.,4,,clean,n/a,
AnalysisScripts/anchors/closure_v3_verdicts/closure_HF_RUN3_V1_JUNCTIONS_20260815_220840.log,PUBLIC,The full JUNCTIONS pair-block closure run log ending in the CANONICAL_PAIR_BLOCK_CLOSURE_PASS verdict.,"It is the receipt behind a published column, and it existed only in cluster scratch before it was committed.",4,,clean,n/a,
AnalysisScripts/anchors/closure_v3_verdicts/closure_waiter.log,PUBLIC,"The waiter's own log, showing when each tune's blocks appeared and when each closure started.",It timestamps the gate runs whose verdicts the published table depends on.,4,,clean,n/a,
AnalysisScripts/anchors/closure_v3_verdicts/closure_waiter.sh,PUBLIC,The polling script that waited for both tunes' blocks to be promoted and then ran the closure gate on each.,"It records how the two committed verdicts were actually produced, which is the invocation half of the receipt.",2,,needs-rewrite,no,
AnalysisScripts/anchors/closure_v3_verdicts/verdict_line_CLOSEPACKING.txt,PUBLIC,"The single extracted CLOSEPACKING verdict line, separated from its log.",Same role for the third tune.,1,,clean,n/a,
AnalysisScripts/anchors/closure_v3_verdicts/verdict_line_JUNCTIONS.txt,PUBLIC,"The single extracted JUNCTIONS verdict line, separated from its log.",It is the quotable form of the gate result the central table cites.,1,,clean,n/a,
AnalysisScripts/anchors/e5fix_drivers/MANIFEST.md,PUBLIC,The manifest of the drivers that produced the JUNCTIONS and CLOSEPACKING columns and the MONASH E5 re-extraction.,"It names the exact invocation behind published columns, which the tracked extractor alone does not record.",20,,needs-rewrite,n/a,
AnalysisScripts/anchors/e5fix_drivers/run_blocks.sh,PUBLIC,The driver that ran the deduplicating extractor over all ten canonical blocks of one tune.,It is the recorded invocation behind the committed per-block tables.,1,,needs-rewrite,no,
AnalysisScripts/anchors/e5fix_drivers/run_extract.sh,PUBLIC,The driver that ran the deduplicating extractor over one tune's central merged directory.,Same reason: the central column's invocation is part of its provenance.,5,,needs-rewrite,no,
AnalysisScripts/anchors/e5fix_drivers/run_three_tune.sh,PUBLIC,The driver that assembled the three-tune table from the per-tune extractions.,"It is how the published table was generated, and the table is the resubmission's central number.",1,,needs-rewrite,no,
AnalysisScripts/anchors/e5fix_drivers/verify_e5.py,PUBLIC,The check that the deduplicated extraction reproduces the predicted E5 totals rather than merely differing from the replicated one.,It is the positive check that turned the E5 correction from an assertion into a measurement.,3,,clean,no,
AnalysisScripts/anchors/extraction_dual/MANIFEST.md,PUBLIC,"The manifest of the first anchor extraction, carrying the quarantine notice that forbids its weights for charge-resolved use.","The quarantine is a correctness warning attached to numbers that several published documents were computed from, so it travels with them.",20,,needs-rewrite,n/a,
AnalysisScripts/anchors/extraction_dual/per_category.csv,PUBLIC,The per-category weights of the quarantined first anchor extraction.,It is the category-level half of the anchor whose defect the published E4 comparison reports.,11,,clean,n/a,
AnalysisScripts/anchors/extraction_dual/per_observable.csv,PUBLIC,The per-observable weights of the quarantined first anchor extraction.,It completes the anchor that decay-map v2 weighting and the E4 comparison both read.,9,,clean,n/a,
AnalysisScripts/anchors/extraction_dual/per_species.csv,PUBLIC,The per-species weights of the quarantined first anchor extraction.,"README section 3a feeds it to compare_subset_parent.py to reproduce the E4 anchor defect, which is a published finding.",39,,clean,n/a,
AnalysisScripts/anchors/f4_probe/build_run.log,PUBLIC,"The build and run manifest of the extended probe, with the digests of the binary and its inputs.",It is how a reader ties the committed probe output to the code that produced it.,1,,clean,n/a,
AnalysisScripts/anchors/f4_probe/f4_probe_v1.out,PUBLIC,"The original PYTHIA-linked decay probe output: 202 species, dominant channel only.","README section 3a rebuilds decay map v1.1 from this file and checks the digest, which is one of the two headline reproduction checks.",5,,clean,n/a,
AnalysisScripts/anchors/f4_probe/f4b_probe.out,PUBLIC,"The extended decay probe output carrying 5,576 F4_CHANNEL lines, every channel rather than the dominant one.","Decay map v2 rebuilds from it, and its byte-identical F4_SPECIES lines are the evidence that the probe was extended rather than changed.",5,,clean,n/a,
AnalysisScripts/anchors/f4_probe/pdgs.txt,PUBLIC,The list of 202 species codes the decay probe was asked to resolve.,"It is the probe's input, so the map rebuild is not reproducible without it.",2,,clean,n/a,
AnalysisScripts/anchors/m7_blocks/m7_block_01.log,PUBLIC,One canonical block's MeasureUnresolvedSystematic log carrying the charm unresolved and resolved baryon and meson counts.,"README section 3a rebuilds the published charm M7 table from these logs with extraction/aggregate_m7.py, so they are the check itself.",3,,clean,n/a,anchors-m7-charm
AnalysisScripts/anchors/m7_blocks/m7_block_02.log,PUBLIC,One canonical block's MeasureUnresolvedSystematic log carrying the charm unresolved and resolved baryon and meson counts.,"README section 3a rebuilds the published charm M7 table from these logs with extraction/aggregate_m7.py, so they are the check itself.",3,,clean,n/a,anchors-m7-charm
AnalysisScripts/anchors/m7_blocks/m7_block_03.log,PUBLIC,One canonical block's MeasureUnresolvedSystematic log carrying the charm unresolved and resolved baryon and meson counts.,"README section 3a rebuilds the published charm M7 table from these logs with extraction/aggregate_m7.py, so they are the check itself.",3,,clean,n/a,anchors-m7-charm
AnalysisScripts/anchors/m7_blocks/m7_block_04.log,PUBLIC,One canonical block's MeasureUnresolvedSystematic log carrying the charm unresolved and resolved baryon and meson counts.,"README section 3a rebuilds the published charm M7 table from these logs with extraction/aggregate_m7.py, so they are the check itself.",3,,clean,n/a,anchors-m7-charm
AnalysisScripts/anchors/m7_blocks/m7_block_05.log,PUBLIC,One canonical block's MeasureUnresolvedSystematic log carrying the charm unresolved and resolved baryon and meson counts.,"README section 3a rebuilds the published charm M7 table from these logs with extraction/aggregate_m7.py, so they are the check itself.",3,,clean,n/a,anchors-m7-charm
AnalysisScripts/anchors/m7_blocks/m7_block_06.log,PUBLIC,One canonical block's MeasureUnresolvedSystematic log carrying the charm unresolved and resolved baryon and meson counts.,"README section 3a rebuilds the published charm M7 table from these logs with extraction/aggregate_m7.py, so they are the check itself.",3,,clean,n/a,anchors-m7-charm
AnalysisScripts/anchors/m7_blocks/m7_block_07.log,PUBLIC,One canonical block's MeasureUnresolvedSystematic log carrying the charm unresolved and resolved baryon and meson counts.,"README section 3a rebuilds the published charm M7 table from these logs with extraction/aggregate_m7.py, so they are the check itself.",3,,clean,n/a,anchors-m7-charm
AnalysisScripts/anchors/m7_blocks/m7_block_08.log,PUBLIC,One canonical block's MeasureUnresolvedSystematic log carrying the charm unresolved and resolved baryon and meson counts.,"README section 3a rebuilds the published charm M7 table from these logs with extraction/aggregate_m7.py, so they are the check itself.",3,,clean,n/a,anchors-m7-charm
AnalysisScripts/anchors/m7_blocks/m7_block_09.log,PUBLIC,One canonical block's MeasureUnresolvedSystematic log carrying the charm unresolved and resolved baryon and meson counts.,"README section 3a rebuilds the published charm M7 table from these logs with extraction/aggregate_m7.py, so they are the check itself.",3,,clean,n/a,anchors-m7-charm
AnalysisScripts/anchors/m7_blocks/m7_block_10.log,PUBLIC,One canonical block's MeasureUnresolvedSystematic log carrying the charm unresolved and resolved baryon and meson counts.,"README section 3a rebuilds the published charm M7 table from these logs with extraction/aggregate_m7.py, so they are the check itself.",3,,clean,n/a,anchors-m7-charm
AnalysisScripts/anchors/m7b_blocks/m7b_block_01.log,PUBLIC,One canonical block's MeasureUnresolvedSystematic log carrying the beauty unresolved and resolved baryon and meson counts.,"It is the committed input that regenerates the published beauty M7 table, the same reproducibility claim the charm blocks carry.",2,,clean,n/a,anchors-m7-beauty
AnalysisScripts/anchors/m7b_blocks/m7b_block_02.log,PUBLIC,One canonical block's MeasureUnresolvedSystematic log carrying the beauty unresolved and resolved baryon and meson counts.,"It is the committed input that regenerates the published beauty M7 table, the same reproducibility claim the charm blocks carry.",2,,clean,n/a,anchors-m7-beauty
AnalysisScripts/anchors/m7b_blocks/m7b_block_03.log,PUBLIC,One canonical block's MeasureUnresolvedSystematic log carrying the beauty unresolved and resolved baryon and meson counts.,"It is the committed input that regenerates the published beauty M7 table, the same reproducibility claim the charm blocks carry.",2,,clean,n/a,anchors-m7-beauty
AnalysisScripts/anchors/m7b_blocks/m7b_block_04.log,PUBLIC,One canonical block's MeasureUnresolvedSystematic log carrying the beauty unresolved and resolved baryon and meson counts.,"It is the committed input that regenerates the published beauty M7 table, the same reproducibility claim the charm blocks carry.",2,,clean,n/a,anchors-m7-beauty
AnalysisScripts/anchors/m7b_blocks/m7b_block_05.log,PUBLIC,One canonical block's MeasureUnresolvedSystematic log carrying the beauty unresolved and resolved baryon and meson counts.,"It is the committed input that regenerates the published beauty M7 table, the same reproducibility claim the charm blocks carry.",2,,clean,n/a,anchors-m7-beauty
AnalysisScripts/anchors/m7b_blocks/m7b_block_06.log,PUBLIC,One canonical block's MeasureUnresolvedSystematic log carrying the beauty unresolved and resolved baryon and meson counts.,"It is the committed input that regenerates the published beauty M7 table, the same reproducibility claim the charm blocks carry.",2,,clean,n/a,anchors-m7-beauty
AnalysisScripts/anchors/m7b_blocks/m7b_block_07.log,PUBLIC,One canonical block's MeasureUnresolvedSystematic log carrying the beauty unresolved and resolved baryon and meson counts.,"It is the committed input that regenerates the published beauty M7 table, the same reproducibility claim the charm blocks carry.",2,,clean,n/a,anchors-m7-beauty
AnalysisScripts/anchors/m7b_blocks/m7b_block_08.log,PUBLIC,One canonical block's MeasureUnresolvedSystematic log carrying the beauty unresolved and resolved baryon and meson counts.,"It is the committed input that regenerates the published beauty M7 table, the same reproducibility claim the charm blocks carry.",2,,clean,n/a,anchors-m7-beauty
AnalysisScripts/anchors/m7b_blocks/m7b_block_09.log,PUBLIC,One canonical block's MeasureUnresolvedSystematic log carrying the beauty unresolved and resolved baryon and meson counts.,"It is the committed input that regenerates the published beauty M7 table, the same reproducibility claim the charm blocks carry.",2,,clean,n/a,anchors-m7-beauty
AnalysisScripts/anchors/m7b_blocks/m7b_block_10.log,PUBLIC,One canonical block's MeasureUnresolvedSystematic log carrying the beauty unresolved and resolved baryon and meson counts.,"It is the committed input that regenerates the published beauty M7 table, the same reproducibility claim the charm blocks carry.",2,,clean,n/a,anchors-m7-beauty
AnalysisScripts/anchors/merged_closepacking_dedup/MANIFEST.md,PUBLIC,"The manifest of the CLOSEPACKING deduplicated extraction, recording the run, its inputs and the E5 checks it was made to settle.",It states what the tune's committed tables mean and which prediction they were scored against.,20,,clean,n/a,anchors-dedup-blocks
AnalysisScripts/anchors/merged_closepacking_dedup/block_1/per_category.csv,PUBLIC,"One directory's species, category and observable tables from the trigger-deduplicating extraction of one tune, central or one canonical block.","These eleven directories per tune are the measured input behind the final three-tune table, so a reader checks the published number against them.",11,,clean,n/a,anchors-dedup-blocks
AnalysisScripts/anchors/merged_closepacking_dedup/block_1/per_observable.csv,PUBLIC,"One directory's species, category and observable tables from the trigger-deduplicating extraction of one tune, central or one canonical block.","These eleven directories per tune are the measured input behind the final three-tune table, so a reader checks the published number against them.",9,,clean,n/a,anchors-dedup-blocks
AnalysisScripts/anchors/merged_closepacking_dedup/block_1/per_species.csv,PUBLIC,"One directory's species, category and observable tables from the trigger-deduplicating extraction of one tune, central or one canonical block.","These eleven directories per tune are the measured input behind the final three-tune table, so a reader checks the published number against them.",39,,clean,n/a,anchors-dedup-blocks
AnalysisScripts/anchors/merged_closepacking_dedup/block_10/per_category.csv,PUBLIC,"One directory's species, category and observable tables from the trigger-deduplicating extraction of one tune, central or one canonical block.","These eleven directories per tune are the measured input behind the final three-tune table, so a reader checks the published number against them.",11,,clean,n/a,anchors-dedup-blocks
AnalysisScripts/anchors/merged_closepacking_dedup/block_10/per_observable.csv,PUBLIC,"One directory's species, category and observable tables from the trigger-deduplicating extraction of one tune, central or one canonical block.","These eleven directories per tune are the measured input behind the final three-tune table, so a reader checks the published number against them.",9,,clean,n/a,anchors-dedup-blocks
AnalysisScripts/anchors/merged_closepacking_dedup/block_10/per_species.csv,PUBLIC,"One directory's species, category and observable tables from the trigger-deduplicating extraction of one tune, central or one canonical block.","These eleven directories per tune are the measured input behind the final three-tune table, so a reader checks the published number against them.",39,,clean,n/a,anchors-dedup-blocks
AnalysisScripts/anchors/merged_closepacking_dedup/block_2/per_category.csv,PUBLIC,"One directory's species, category and observable tables from the trigger-deduplicating extraction of one tune, central or one canonical block.","These eleven directories per tune are the measured input behind the final three-tune table, so a reader checks the published number against them.",11,,clean,n/a,anchors-dedup-blocks
AnalysisScripts/anchors/merged_closepacking_dedup/block_2/per_observable.csv,PUBLIC,"One directory's species, category and observable tables from the trigger-deduplicating extraction of one tune, central or one canonical block.","These eleven directories per tune are the measured input behind the final three-tune table, so a reader checks the published number against them.",9,,clean,n/a,anchors-dedup-blocks
AnalysisScripts/anchors/merged_closepacking_dedup/block_2/per_species.csv,PUBLIC,"One directory's species, category and observable tables from the trigger-deduplicating extraction of one tune, central or one canonical block.","These eleven directories per tune are the measured input behind the final three-tune table, so a reader checks the published number against them.",39,,clean,n/a,anchors-dedup-blocks
AnalysisScripts/anchors/merged_closepacking_dedup/block_3/per_category.csv,PUBLIC,"One directory's species, category and observable tables from the trigger-deduplicating extraction of one tune, central or one canonical block.","These eleven directories per tune are the measured input behind the final three-tune table, so a reader checks the published number against them.",11,,clean,n/a,anchors-dedup-blocks
AnalysisScripts/anchors/merged_closepacking_dedup/block_3/per_observable.csv,PUBLIC,"One directory's species, category and observable tables from the trigger-deduplicating extraction of one tune, central or one canonical block.","These eleven directories per tune are the measured input behind the final three-tune table, so a reader checks the published number against them.",9,,clean,n/a,anchors-dedup-blocks
AnalysisScripts/anchors/merged_closepacking_dedup/block_3/per_species.csv,PUBLIC,"One directory's species, category and observable tables from the trigger-deduplicating extraction of one tune, central or one canonical block.","These eleven directories per tune are the measured input behind the final three-tune table, so a reader checks the published number against them.",39,,clean,n/a,anchors-dedup-blocks
AnalysisScripts/anchors/merged_closepacking_dedup/block_4/per_category.csv,PUBLIC,"One directory's species, category and observable tables from the trigger-deduplicating extraction of one tune, central or one canonical block.","These eleven directories per tune are the measured input behind the final three-tune table, so a reader checks the published number against them.",11,,clean,n/a,anchors-dedup-blocks
AnalysisScripts/anchors/merged_closepacking_dedup/block_4/per_observable.csv,PUBLIC,"One directory's species, category and observable tables from the trigger-deduplicating extraction of one tune, central or one canonical block.","These eleven directories per tune are the measured input behind the final three-tune table, so a reader checks the published number against them.",9,,clean,n/a,anchors-dedup-blocks
AnalysisScripts/anchors/merged_closepacking_dedup/block_4/per_species.csv,PUBLIC,"One directory's species, category and observable tables from the trigger-deduplicating extraction of one tune, central or one canonical block.","These eleven directories per tune are the measured input behind the final three-tune table, so a reader checks the published number against them.",39,,clean,n/a,anchors-dedup-blocks
AnalysisScripts/anchors/merged_closepacking_dedup/block_5/per_category.csv,PUBLIC,"One directory's species, category and observable tables from the trigger-deduplicating extraction of one tune, central or one canonical block.","These eleven directories per tune are the measured input behind the final three-tune table, so a reader checks the published number against them.",11,,clean,n/a,anchors-dedup-blocks
AnalysisScripts/anchors/merged_closepacking_dedup/block_5/per_observable.csv,PUBLIC,"One directory's species, category and observable tables from the trigger-deduplicating extraction of one tune, central or one canonical block.","These eleven directories per tune are the measured input behind the final three-tune table, so a reader checks the published number against them.",9,,clean,n/a,anchors-dedup-blocks
AnalysisScripts/anchors/merged_closepacking_dedup/block_5/per_species.csv,PUBLIC,"One directory's species, category and observable tables from the trigger-deduplicating extraction of one tune, central or one canonical block.","These eleven directories per tune are the measured input behind the final three-tune table, so a reader checks the published number against them.",39,,clean,n/a,anchors-dedup-blocks
AnalysisScripts/anchors/merged_closepacking_dedup/block_6/per_category.csv,PUBLIC,"One directory's species, category and observable tables from the trigger-deduplicating extraction of one tune, central or one canonical block.","These eleven directories per tune are the measured input behind the final three-tune table, so a reader checks the published number against them.",11,,clean,n/a,anchors-dedup-blocks
AnalysisScripts/anchors/merged_closepacking_dedup/block_6/per_observable.csv,PUBLIC,"One directory's species, category and observable tables from the trigger-deduplicating extraction of one tune, central or one canonical block.","These eleven directories per tune are the measured input behind the final three-tune table, so a reader checks the published number against them.",9,,clean,n/a,anchors-dedup-blocks
AnalysisScripts/anchors/merged_closepacking_dedup/block_6/per_species.csv,PUBLIC,"One directory's species, category and observable tables from the trigger-deduplicating extraction of one tune, central or one canonical block.","These eleven directories per tune are the measured input behind the final three-tune table, so a reader checks the published number against them.",39,,clean,n/a,anchors-dedup-blocks
AnalysisScripts/anchors/merged_closepacking_dedup/block_7/per_category.csv,PUBLIC,"One directory's species, category and observable tables from the trigger-deduplicating extraction of one tune, central or one canonical block.","These eleven directories per tune are the measured input behind the final three-tune table, so a reader checks the published number against them.",11,,clean,n/a,anchors-dedup-blocks
AnalysisScripts/anchors/merged_closepacking_dedup/block_7/per_observable.csv,PUBLIC,"One directory's species, category and observable tables from the trigger-deduplicating extraction of one tune, central or one canonical block.","These eleven directories per tune are the measured input behind the final three-tune table, so a reader checks the published number against them.",9,,clean,n/a,anchors-dedup-blocks
AnalysisScripts/anchors/merged_closepacking_dedup/block_7/per_species.csv,PUBLIC,"One directory's species, category and observable tables from the trigger-deduplicating extraction of one tune, central or one canonical block.","These eleven directories per tune are the measured input behind the final three-tune table, so a reader checks the published number against them.",39,,clean,n/a,anchors-dedup-blocks
AnalysisScripts/anchors/merged_closepacking_dedup/block_8/per_category.csv,PUBLIC,"One directory's species, category and observable tables from the trigger-deduplicating extraction of one tune, central or one canonical block.","These eleven directories per tune are the measured input behind the final three-tune table, so a reader checks the published number against them.",11,,clean,n/a,anchors-dedup-blocks
AnalysisScripts/anchors/merged_closepacking_dedup/block_8/per_observable.csv,PUBLIC,"One directory's species, category and observable tables from the trigger-deduplicating extraction of one tune, central or one canonical block.","These eleven directories per tune are the measured input behind the final three-tune table, so a reader checks the published number against them.",9,,clean,n/a,anchors-dedup-blocks
AnalysisScripts/anchors/merged_closepacking_dedup/block_8/per_species.csv,PUBLIC,"One directory's species, category and observable tables from the trigger-deduplicating extraction of one tune, central or one canonical block.","These eleven directories per tune are the measured input behind the final three-tune table, so a reader checks the published number against them.",39,,clean,n/a,anchors-dedup-blocks
AnalysisScripts/anchors/merged_closepacking_dedup/block_9/per_category.csv,PUBLIC,"One directory's species, category and observable tables from the trigger-deduplicating extraction of one tune, central or one canonical block.","These eleven directories per tune are the measured input behind the final three-tune table, so a reader checks the published number against them.",11,,clean,n/a,anchors-dedup-blocks
AnalysisScripts/anchors/merged_closepacking_dedup/block_9/per_observable.csv,PUBLIC,"One directory's species, category and observable tables from the trigger-deduplicating extraction of one tune, central or one canonical block.","These eleven directories per tune are the measured input behind the final three-tune table, so a reader checks the published number against them.",9,,clean,n/a,anchors-dedup-blocks
AnalysisScripts/anchors/merged_closepacking_dedup/block_9/per_species.csv,PUBLIC,"One directory's species, category and observable tables from the trigger-deduplicating extraction of one tune, central or one canonical block.","These eleven directories per tune are the measured input behind the final three-tune table, so a reader checks the published number against them.",39,,clean,n/a,anchors-dedup-blocks
AnalysisScripts/anchors/merged_closepacking_dedup/central/per_category.csv,PUBLIC,"One directory's species, category and observable tables from the trigger-deduplicating extraction of one tune, central or one canonical block.","These eleven directories per tune are the measured input behind the final three-tune table, so a reader checks the published number against them.",11,,clean,n/a,anchors-dedup-blocks
AnalysisScripts/anchors/merged_closepacking_dedup/central/per_observable.csv,PUBLIC,"One directory's species, category and observable tables from the trigger-deduplicating extraction of one tune, central or one canonical block.","These eleven directories per tune are the measured input behind the final three-tune table, so a reader checks the published number against them.",9,,clean,n/a,anchors-dedup-blocks
AnalysisScripts/anchors/merged_closepacking_dedup/central/per_species.csv,PUBLIC,"One directory's species, category and observable tables from the trigger-deduplicating extraction of one tune, central or one canonical block.","These eleven directories per tune are the measured input behind the final three-tune table, so a reader checks the published number against them.",39,,clean,n/a,anchors-dedup-blocks
AnalysisScripts/anchors/merged_junctions_dedup/MANIFEST.md,PUBLIC,"The manifest of the JUNCTIONS deduplicated extraction, recording the run, its inputs and the E5 checks it was made to settle.",It states what the tune's committed tables mean and which prediction they were scored against.,20,,clean,n/a,anchors-dedup-blocks
AnalysisScripts/anchors/merged_junctions_dedup/block_1/per_category.csv,PUBLIC,"One directory's species, category and observable tables from the trigger-deduplicating extraction of one tune, central or one canonical block.","These eleven directories per tune are the measured input behind the final three-tune table, so a reader checks the published number against them.",11,,clean,n/a,anchors-dedup-blocks
AnalysisScripts/anchors/merged_junctions_dedup/block_1/per_observable.csv,PUBLIC,"One directory's species, category and observable tables from the trigger-deduplicating extraction of one tune, central or one canonical block.","These eleven directories per tune are the measured input behind the final three-tune table, so a reader checks the published number against them.",9,,clean,n/a,anchors-dedup-blocks
AnalysisScripts/anchors/merged_junctions_dedup/block_1/per_species.csv,PUBLIC,"One directory's species, category and observable tables from the trigger-deduplicating extraction of one tune, central or one canonical block.","These eleven directories per tune are the measured input behind the final three-tune table, so a reader checks the published number against them.",39,,clean,n/a,anchors-dedup-blocks
AnalysisScripts/anchors/merged_junctions_dedup/block_10/per_category.csv,PUBLIC,"One directory's species, category and observable tables from the trigger-deduplicating extraction of one tune, central or one canonical block.","These eleven directories per tune are the measured input behind the final three-tune table, so a reader checks the published number against them.",11,,clean,n/a,anchors-dedup-blocks
AnalysisScripts/anchors/merged_junctions_dedup/block_10/per_observable.csv,PUBLIC,"One directory's species, category and observable tables from the trigger-deduplicating extraction of one tune, central or one canonical block.","These eleven directories per tune are the measured input behind the final three-tune table, so a reader checks the published number against them.",9,,clean,n/a,anchors-dedup-blocks
AnalysisScripts/anchors/merged_junctions_dedup/block_10/per_species.csv,PUBLIC,"One directory's species, category and observable tables from the trigger-deduplicating extraction of one tune, central or one canonical block.","These eleven directories per tune are the measured input behind the final three-tune table, so a reader checks the published number against them.",39,,clean,n/a,anchors-dedup-blocks
AnalysisScripts/anchors/merged_junctions_dedup/block_2/per_category.csv,PUBLIC,"One directory's species, category and observable tables from the trigger-deduplicating extraction of one tune, central or one canonical block.","These eleven directories per tune are the measured input behind the final three-tune table, so a reader checks the published number against them.",11,,clean,n/a,anchors-dedup-blocks
AnalysisScripts/anchors/merged_junctions_dedup/block_2/per_observable.csv,PUBLIC,"One directory's species, category and observable tables from the trigger-deduplicating extraction of one tune, central or one canonical block.","These eleven directories per tune are the measured input behind the final three-tune table, so a reader checks the published number against them.",9,,clean,n/a,anchors-dedup-blocks
AnalysisScripts/anchors/merged_junctions_dedup/block_2/per_species.csv,PUBLIC,"One directory's species, category and observable tables from the trigger-deduplicating extraction of one tune, central or one canonical block.","These eleven directories per tune are the measured input behind the final three-tune table, so a reader checks the published number against them.",39,,clean,n/a,anchors-dedup-blocks
AnalysisScripts/anchors/merged_junctions_dedup/block_3/per_category.csv,PUBLIC,"One directory's species, category and observable tables from the trigger-deduplicating extraction of one tune, central or one canonical block.","These eleven directories per tune are the measured input behind the final three-tune table, so a reader checks the published number against them.",11,,clean,n/a,anchors-dedup-blocks
AnalysisScripts/anchors/merged_junctions_dedup/block_3/per_observable.csv,PUBLIC,"One directory's species, category and observable tables from the trigger-deduplicating extraction of one tune, central or one canonical block.","These eleven directories per tune are the measured input behind the final three-tune table, so a reader checks the published number against them.",9,,clean,n/a,anchors-dedup-blocks
AnalysisScripts/anchors/merged_junctions_dedup/block_3/per_species.csv,PUBLIC,"One directory's species, category and observable tables from the trigger-deduplicating extraction of one tune, central or one canonical block.","These eleven directories per tune are the measured input behind the final three-tune table, so a reader checks the published number against them.",39,,clean,n/a,anchors-dedup-blocks
AnalysisScripts/anchors/merged_junctions_dedup/block_4/per_category.csv,PUBLIC,"One directory's species, category and observable tables from the trigger-deduplicating extraction of one tune, central or one canonical block.","These eleven directories per tune are the measured input behind the final three-tune table, so a reader checks the published number against them.",11,,clean,n/a,anchors-dedup-blocks
AnalysisScripts/anchors/merged_junctions_dedup/block_4/per_observable.csv,PUBLIC,"One directory's species, category and observable tables from the trigger-deduplicating extraction of one tune, central or one canonical block.","These eleven directories per tune are the measured input behind the final three-tune table, so a reader checks the published number against them.",9,,clean,n/a,anchors-dedup-blocks
AnalysisScripts/anchors/merged_junctions_dedup/block_4/per_species.csv,PUBLIC,"One directory's species, category and observable tables from the trigger-deduplicating extraction of one tune, central or one canonical block.","These eleven directories per tune are the measured input behind the final three-tune table, so a reader checks the published number against them.",39,,clean,n/a,anchors-dedup-blocks
AnalysisScripts/anchors/merged_junctions_dedup/block_5/per_category.csv,PUBLIC,"One directory's species, category and observable tables from the trigger-deduplicating extraction of one tune, central or one canonical block.","These eleven directories per tune are the measured input behind the final three-tune table, so a reader checks the published number against them.",11,,clean,n/a,anchors-dedup-blocks
AnalysisScripts/anchors/merged_junctions_dedup/block_5/per_observable.csv,PUBLIC,"One directory's species, category and observable tables from the trigger-deduplicating extraction of one tune, central or one canonical block.","These eleven directories per tune are the measured input behind the final three-tune table, so a reader checks the published number against them.",9,,clean,n/a,anchors-dedup-blocks
AnalysisScripts/anchors/merged_junctions_dedup/block_5/per_species.csv,PUBLIC,"One directory's species, category and observable tables from the trigger-deduplicating extraction of one tune, central or one canonical block.","These eleven directories per tune are the measured input behind the final three-tune table, so a reader checks the published number against them.",39,,clean,n/a,anchors-dedup-blocks
AnalysisScripts/anchors/merged_junctions_dedup/block_6/per_category.csv,PUBLIC,"One directory's species, category and observable tables from the trigger-deduplicating extraction of one tune, central or one canonical block.","These eleven directories per tune are the measured input behind the final three-tune table, so a reader checks the published number against them.",11,,clean,n/a,anchors-dedup-blocks
AnalysisScripts/anchors/merged_junctions_dedup/block_6/per_observable.csv,PUBLIC,"One directory's species, category and observable tables from the trigger-deduplicating extraction of one tune, central or one canonical block.","These eleven directories per tune are the measured input behind the final three-tune table, so a reader checks the published number against them.",9,,clean,n/a,anchors-dedup-blocks
AnalysisScripts/anchors/merged_junctions_dedup/block_6/per_species.csv,PUBLIC,"One directory's species, category and observable tables from the trigger-deduplicating extraction of one tune, central or one canonical block.","These eleven directories per tune are the measured input behind the final three-tune table, so a reader checks the published number against them.",39,,clean,n/a,anchors-dedup-blocks
AnalysisScripts/anchors/merged_junctions_dedup/block_7/per_category.csv,PUBLIC,"One directory's species, category and observable tables from the trigger-deduplicating extraction of one tune, central or one canonical block.","These eleven directories per tune are the measured input behind the final three-tune table, so a reader checks the published number against them.",11,,clean,n/a,anchors-dedup-blocks
AnalysisScripts/anchors/merged_junctions_dedup/block_7/per_observable.csv,PUBLIC,"One directory's species, category and observable tables from the trigger-deduplicating extraction of one tune, central or one canonical block.","These eleven directories per tune are the measured input behind the final three-tune table, so a reader checks the published number against them.",9,,clean,n/a,anchors-dedup-blocks
AnalysisScripts/anchors/merged_junctions_dedup/block_7/per_species.csv,PUBLIC,"One directory's species, category and observable tables from the trigger-deduplicating extraction of one tune, central or one canonical block.","These eleven directories per tune are the measured input behind the final three-tune table, so a reader checks the published number against them.",39,,clean,n/a,anchors-dedup-blocks
AnalysisScripts/anchors/merged_junctions_dedup/block_8/per_category.csv,PUBLIC,"One directory's species, category and observable tables from the trigger-deduplicating extraction of one tune, central or one canonical block.","These eleven directories per tune are the measured input behind the final three-tune table, so a reader checks the published number against them.",11,,clean,n/a,anchors-dedup-blocks
AnalysisScripts/anchors/merged_junctions_dedup/block_8/per_observable.csv,PUBLIC,"One directory's species, category and observable tables from the trigger-deduplicating extraction of one tune, central or one canonical block.","These eleven directories per tune are the measured input behind the final three-tune table, so a reader checks the published number against them.",9,,clean,n/a,anchors-dedup-blocks
AnalysisScripts/anchors/merged_junctions_dedup/block_8/per_species.csv,PUBLIC,"One directory's species, category and observable tables from the trigger-deduplicating extraction of one tune, central or one canonical block.","These eleven directories per tune are the measured input behind the final three-tune table, so a reader checks the published number against them.",39,,clean,n/a,anchors-dedup-blocks
AnalysisScripts/anchors/merged_junctions_dedup/block_9/per_category.csv,PUBLIC,"One directory's species, category and observable tables from the trigger-deduplicating extraction of one tune, central or one canonical block.","These eleven directories per tune are the measured input behind the final three-tune table, so a reader checks the published number against them.",11,,clean,n/a,anchors-dedup-blocks
AnalysisScripts/anchors/merged_junctions_dedup/block_9/per_observable.csv,PUBLIC,"One directory's species, category and observable tables from the trigger-deduplicating extraction of one tune, central or one canonical block.","These eleven directories per tune are the measured input behind the final three-tune table, so a reader checks the published number against them.",9,,clean,n/a,anchors-dedup-blocks
AnalysisScripts/anchors/merged_junctions_dedup/block_9/per_species.csv,PUBLIC,"One directory's species, category and observable tables from the trigger-deduplicating extraction of one tune, central or one canonical block.","These eleven directories per tune are the measured input behind the final three-tune table, so a reader checks the published number against them.",39,,clean,n/a,anchors-dedup-blocks
AnalysisScripts/anchors/merged_junctions_dedup/central/per_category.csv,PUBLIC,"One directory's species, category and observable tables from the trigger-deduplicating extraction of one tune, central or one canonical block.","These eleven directories per tune are the measured input behind the final three-tune table, so a reader checks the published number against them.",11,,clean,n/a,anchors-dedup-blocks
AnalysisScripts/anchors/merged_junctions_dedup/central/per_observable.csv,PUBLIC,"One directory's species, category and observable tables from the trigger-deduplicating extraction of one tune, central or one canonical block.","These eleven directories per tune are the measured input behind the final three-tune table, so a reader checks the published number against them.",9,,clean,n/a,anchors-dedup-blocks
AnalysisScripts/anchors/merged_junctions_dedup/central/per_species.csv,PUBLIC,"One directory's species, category and observable tables from the trigger-deduplicating extraction of one tune, central or one canonical block.","These eleven directories per tune are the measured input behind the final three-tune table, so a reader checks the published number against them.",39,,clean,n/a,anchors-dedup-blocks
AnalysisScripts/anchors/merged_monash_dedup/MANIFEST.md,PUBLIC,"The manifest of the MONASH deduplicated extraction, recording the run, its inputs and the E5 checks it was made to settle.",It states what the tune's committed tables mean and which prediction they were scored against.,20,,needs-rewrite,n/a,anchors-dedup-blocks
AnalysisScripts/anchors/merged_monash_dedup/block_1/per_category.csv,PUBLIC,"One directory's species, category and observable tables from the trigger-deduplicating extraction of one tune, central or one canonical block.","These eleven directories per tune are the measured input behind the final three-tune table, so a reader checks the published number against them.",11,,clean,n/a,anchors-dedup-blocks
AnalysisScripts/anchors/merged_monash_dedup/block_1/per_observable.csv,PUBLIC,"One directory's species, category and observable tables from the trigger-deduplicating extraction of one tune, central or one canonical block.","These eleven directories per tune are the measured input behind the final three-tune table, so a reader checks the published number against them.",9,,clean,n/a,anchors-dedup-blocks
AnalysisScripts/anchors/merged_monash_dedup/block_1/per_species.csv,PUBLIC,"One directory's species, category and observable tables from the trigger-deduplicating extraction of one tune, central or one canonical block.","These eleven directories per tune are the measured input behind the final three-tune table, so a reader checks the published number against them.",39,,clean,n/a,anchors-dedup-blocks
AnalysisScripts/anchors/merged_monash_dedup/block_10/per_category.csv,PUBLIC,"One directory's species, category and observable tables from the trigger-deduplicating extraction of one tune, central or one canonical block.","These eleven directories per tune are the measured input behind the final three-tune table, so a reader checks the published number against them.",11,,clean,n/a,anchors-dedup-blocks
AnalysisScripts/anchors/merged_monash_dedup/block_10/per_observable.csv,PUBLIC,"One directory's species, category and observable tables from the trigger-deduplicating extraction of one tune, central or one canonical block.","These eleven directories per tune are the measured input behind the final three-tune table, so a reader checks the published number against them.",9,,clean,n/a,anchors-dedup-blocks
AnalysisScripts/anchors/merged_monash_dedup/block_10/per_species.csv,PUBLIC,"One directory's species, category and observable tables from the trigger-deduplicating extraction of one tune, central or one canonical block.","These eleven directories per tune are the measured input behind the final three-tune table, so a reader checks the published number against them.",39,,clean,n/a,anchors-dedup-blocks
AnalysisScripts/anchors/merged_monash_dedup/block_2/per_category.csv,PUBLIC,"One directory's species, category and observable tables from the trigger-deduplicating extraction of one tune, central or one canonical block.","These eleven directories per tune are the measured input behind the final three-tune table, so a reader checks the published number against them.",11,,clean,n/a,anchors-dedup-blocks
AnalysisScripts/anchors/merged_monash_dedup/block_2/per_observable.csv,PUBLIC,"One directory's species, category and observable tables from the trigger-deduplicating extraction of one tune, central or one canonical block.","These eleven directories per tune are the measured input behind the final three-tune table, so a reader checks the published number against them.",9,,clean,n/a,anchors-dedup-blocks
AnalysisScripts/anchors/merged_monash_dedup/block_2/per_species.csv,PUBLIC,"One directory's species, category and observable tables from the trigger-deduplicating extraction of one tune, central or one canonical block.","These eleven directories per tune are the measured input behind the final three-tune table, so a reader checks the published number against them.",39,,clean,n/a,anchors-dedup-blocks
AnalysisScripts/anchors/merged_monash_dedup/block_3/per_category.csv,PUBLIC,"One directory's species, category and observable tables from the trigger-deduplicating extraction of one tune, central or one canonical block.","These eleven directories per tune are the measured input behind the final three-tune table, so a reader checks the published number against them.",11,,clean,n/a,anchors-dedup-blocks
AnalysisScripts/anchors/merged_monash_dedup/block_3/per_observable.csv,PUBLIC,"One directory's species, category and observable tables from the trigger-deduplicating extraction of one tune, central or one canonical block.","These eleven directories per tune are the measured input behind the final three-tune table, so a reader checks the published number against them.",9,,clean,n/a,anchors-dedup-blocks
AnalysisScripts/anchors/merged_monash_dedup/block_3/per_species.csv,PUBLIC,"One directory's species, category and observable tables from the trigger-deduplicating extraction of one tune, central or one canonical block.","These eleven directories per tune are the measured input behind the final three-tune table, so a reader checks the published number against them.",39,,clean,n/a,anchors-dedup-blocks
AnalysisScripts/anchors/merged_monash_dedup/block_4/per_category.csv,PUBLIC,"One directory's species, category and observable tables from the trigger-deduplicating extraction of one tune, central or one canonical block.","These eleven directories per tune are the measured input behind the final three-tune table, so a reader checks the published number against them.",11,,clean,n/a,anchors-dedup-blocks
AnalysisScripts/anchors/merged_monash_dedup/block_4/per_observable.csv,PUBLIC,"One directory's species, category and observable tables from the trigger-deduplicating extraction of one tune, central or one canonical block.","These eleven directories per tune are the measured input behind the final three-tune table, so a reader checks the published number against them.",9,,clean,n/a,anchors-dedup-blocks
AnalysisScripts/anchors/merged_monash_dedup/block_4/per_species.csv,PUBLIC,"One directory's species, category and observable tables from the trigger-deduplicating extraction of one tune, central or one canonical block.","These eleven directories per tune are the measured input behind the final three-tune table, so a reader checks the published number against them.",39,,clean,n/a,anchors-dedup-blocks
AnalysisScripts/anchors/merged_monash_dedup/block_5/per_category.csv,PUBLIC,"One directory's species, category and observable tables from the trigger-deduplicating extraction of one tune, central or one canonical block.","These eleven directories per tune are the measured input behind the final three-tune table, so a reader checks the published number against them.",11,,clean,n/a,anchors-dedup-blocks
AnalysisScripts/anchors/merged_monash_dedup/block_5/per_observable.csv,PUBLIC,"One directory's species, category and observable tables from the trigger-deduplicating extraction of one tune, central or one canonical block.","These eleven directories per tune are the measured input behind the final three-tune table, so a reader checks the published number against them.",9,,clean,n/a,anchors-dedup-blocks
AnalysisScripts/anchors/merged_monash_dedup/block_5/per_species.csv,PUBLIC,"One directory's species, category and observable tables from the trigger-deduplicating extraction of one tune, central or one canonical block.","These eleven directories per tune are the measured input behind the final three-tune table, so a reader checks the published number against them.",39,,clean,n/a,anchors-dedup-blocks
AnalysisScripts/anchors/merged_monash_dedup/block_6/per_category.csv,PUBLIC,"One directory's species, category and observable tables from the trigger-deduplicating extraction of one tune, central or one canonical block.","These eleven directories per tune are the measured input behind the final three-tune table, so a reader checks the published number against them.",11,,clean,n/a,anchors-dedup-blocks
AnalysisScripts/anchors/merged_monash_dedup/block_6/per_observable.csv,PUBLIC,"One directory's species, category and observable tables from the trigger-deduplicating extraction of one tune, central or one canonical block.","These eleven directories per tune are the measured input behind the final three-tune table, so a reader checks the published number against them.",9,,clean,n/a,anchors-dedup-blocks
AnalysisScripts/anchors/merged_monash_dedup/block_6/per_species.csv,PUBLIC,"One directory's species, category and observable tables from the trigger-deduplicating extraction of one tune, central or one canonical block.","These eleven directories per tune are the measured input behind the final three-tune table, so a reader checks the published number against them.",39,,clean,n/a,anchors-dedup-blocks
AnalysisScripts/anchors/merged_monash_dedup/block_7/per_category.csv,PUBLIC,"One directory's species, category and observable tables from the trigger-deduplicating extraction of one tune, central or one canonical block.","These eleven directories per tune are the measured input behind the final three-tune table, so a reader checks the published number against them.",11,,clean,n/a,anchors-dedup-blocks
AnalysisScripts/anchors/merged_monash_dedup/block_7/per_observable.csv,PUBLIC,"One directory's species, category and observable tables from the trigger-deduplicating extraction of one tune, central or one canonical block.","These eleven directories per tune are the measured input behind the final three-tune table, so a reader checks the published number against them.",9,,clean,n/a,anchors-dedup-blocks
AnalysisScripts/anchors/merged_monash_dedup/block_7/per_species.csv,PUBLIC,"One directory's species, category and observable tables from the trigger-deduplicating extraction of one tune, central or one canonical block.","These eleven directories per tune are the measured input behind the final three-tune table, so a reader checks the published number against them.",39,,clean,n/a,anchors-dedup-blocks
AnalysisScripts/anchors/merged_monash_dedup/block_8/per_category.csv,PUBLIC,"One directory's species, category and observable tables from the trigger-deduplicating extraction of one tune, central or one canonical block.","These eleven directories per tune are the measured input behind the final three-tune table, so a reader checks the published number against them.",11,,clean,n/a,anchors-dedup-blocks
AnalysisScripts/anchors/merged_monash_dedup/block_8/per_observable.csv,PUBLIC,"One directory's species, category and observable tables from the trigger-deduplicating extraction of one tune, central or one canonical block.","These eleven directories per tune are the measured input behind the final three-tune table, so a reader checks the published number against them.",9,,clean,n/a,anchors-dedup-blocks
AnalysisScripts/anchors/merged_monash_dedup/block_8/per_species.csv,PUBLIC,"One directory's species, category and observable tables from the trigger-deduplicating extraction of one tune, central or one canonical block.","These eleven directories per tune are the measured input behind the final three-tune table, so a reader checks the published number against them.",39,,clean,n/a,anchors-dedup-blocks
AnalysisScripts/anchors/merged_monash_dedup/block_9/per_category.csv,PUBLIC,"One directory's species, category and observable tables from the trigger-deduplicating extraction of one tune, central or one canonical block.","These eleven directories per tune are the measured input behind the final three-tune table, so a reader checks the published number against them.",11,,clean,n/a,anchors-dedup-blocks
AnalysisScripts/anchors/merged_monash_dedup/block_9/per_observable.csv,PUBLIC,"One directory's species, category and observable tables from the trigger-deduplicating extraction of one tune, central or one canonical block.","These eleven directories per tune are the measured input behind the final three-tune table, so a reader checks the published number against them.",9,,clean,n/a,anchors-dedup-blocks
AnalysisScripts/anchors/merged_monash_dedup/block_9/per_species.csv,PUBLIC,"One directory's species, category and observable tables from the trigger-deduplicating extraction of one tune, central or one canonical block.","These eleven directories per tune are the measured input behind the final three-tune table, so a reader checks the published number against them.",39,,clean,n/a,anchors-dedup-blocks
AnalysisScripts/anchors/merged_monash_dedup/central/per_category.csv,PUBLIC,"One directory's species, category and observable tables from the trigger-deduplicating extraction of one tune, central or one canonical block.","These eleven directories per tune are the measured input behind the final three-tune table, so a reader checks the published number against them.",11,,clean,n/a,anchors-dedup-blocks
AnalysisScripts/anchors/merged_monash_dedup/central/per_observable.csv,PUBLIC,"One directory's species, category and observable tables from the trigger-deduplicating extraction of one tune, central or one canonical block.","These eleven directories per tune are the measured input behind the final three-tune table, so a reader checks the published number against them.",9,,clean,n/a,anchors-dedup-blocks
AnalysisScripts/anchors/merged_monash_dedup/central/per_species.csv,PUBLIC,"One directory's species, category and observable tables from the trigger-deduplicating extraction of one tune, central or one canonical block.","These eleven directories per tune are the measured input behind the final three-tune table, so a reader checks the published number against them.",39,,clean,n/a,anchors-dedup-blocks
AnalysisScripts/anchors/merged_monash_replicated/per_category.csv,PUBLIC,"The MONASH per-category table from the same replicated, pre-E5 extraction.",It is the category-level parent for that published comparison.,11,,clean,n/a,
AnalysisScripts/anchors/merged_monash_replicated/per_category_deduplicated.csv,PUBLIC,The same MONASH per-category table after the E5 trigger deduplication.,Same role at category level: it is how the published correction is verified.,4,,clean,n/a,
AnalysisScripts/anchors/merged_monash_replicated/per_species.csv,PUBLIC,"The MONASH per-species table from the REPLICATED, pre-E5 extraction, the parent the anchor comparison is run against.","README section 3a names it as the parent input to the E4 anchor-versus-parent comparison, which is a published finding.",39,,clean,n/a,
AnalysisScripts/anchors/merged_monash_replicated/per_species_deduplicated.csv,PUBLIC,The same MONASH per-species table after the E5 trigger deduplication was applied by arithmetic inversion.,"It bridges the replicated anchor to the final table, and the published E5 correction is checked against it.",3,,clean,n/a,
AnalysisScripts/anchors/merged_monash_replicated_blocks/block_1/per_species.csv,PUBLIC,"One canonical block's MONASH species table from the pre-E5 replicated extraction, or that set's manifest.","The published deduplicated number is defined as the correction of these, so verifying the E5 arithmetic needs both sides.",39,,clean,n/a,anchors-replicated-blocks
AnalysisScripts/anchors/merged_monash_replicated_blocks/block_10/per_species.csv,PUBLIC,"One canonical block's MONASH species table from the pre-E5 replicated extraction, or that set's manifest.","The published deduplicated number is defined as the correction of these, so verifying the E5 arithmetic needs both sides.",39,,clean,n/a,anchors-replicated-blocks
AnalysisScripts/anchors/merged_monash_replicated_blocks/block_2/per_species.csv,PUBLIC,"One canonical block's MONASH species table from the pre-E5 replicated extraction, or that set's manifest.","The published deduplicated number is defined as the correction of these, so verifying the E5 arithmetic needs both sides.",39,,clean,n/a,anchors-replicated-blocks
AnalysisScripts/anchors/merged_monash_replicated_blocks/block_3/per_species.csv,PUBLIC,"One canonical block's MONASH species table from the pre-E5 replicated extraction, or that set's manifest.","The published deduplicated number is defined as the correction of these, so verifying the E5 arithmetic needs both sides.",39,,clean,n/a,anchors-replicated-blocks
AnalysisScripts/anchors/merged_monash_replicated_blocks/block_4/per_species.csv,PUBLIC,"One canonical block's MONASH species table from the pre-E5 replicated extraction, or that set's manifest.","The published deduplicated number is defined as the correction of these, so verifying the E5 arithmetic needs both sides.",39,,clean,n/a,anchors-replicated-blocks
AnalysisScripts/anchors/merged_monash_replicated_blocks/block_5/per_species.csv,PUBLIC,"One canonical block's MONASH species table from the pre-E5 replicated extraction, or that set's manifest.","The published deduplicated number is defined as the correction of these, so verifying the E5 arithmetic needs both sides.",39,,clean,n/a,anchors-replicated-blocks
AnalysisScripts/anchors/merged_monash_replicated_blocks/block_6/per_species.csv,PUBLIC,"One canonical block's MONASH species table from the pre-E5 replicated extraction, or that set's manifest.","The published deduplicated number is defined as the correction of these, so verifying the E5 arithmetic needs both sides.",39,,clean,n/a,anchors-replicated-blocks
AnalysisScripts/anchors/merged_monash_replicated_blocks/block_7/per_species.csv,PUBLIC,"One canonical block's MONASH species table from the pre-E5 replicated extraction, or that set's manifest.","The published deduplicated number is defined as the correction of these, so verifying the E5 arithmetic needs both sides.",39,,clean,n/a,anchors-replicated-blocks
AnalysisScripts/anchors/merged_monash_replicated_blocks/block_8/per_species.csv,PUBLIC,"One canonical block's MONASH species table from the pre-E5 replicated extraction, or that set's manifest.","The published deduplicated number is defined as the correction of these, so verifying the E5 arithmetic needs both sides.",39,,clean,n/a,anchors-replicated-blocks
AnalysisScripts/anchors/merged_monash_replicated_blocks/block_9/per_species.csv,PUBLIC,"One canonical block's MONASH species table from the pre-E5 replicated extraction, or that set's manifest.","The published deduplicated number is defined as the correction of these, so verifying the E5 arithmetic needs both sides.",39,,clean,n/a,anchors-replicated-blocks
AnalysisScripts/anchors/sigmab_raw/sigmab_block_01.log,PUBLIC,"One canonical block's raw Sigma_b ordering log, listing the per-pair counts the asymmetry test consumed.",The Sigma_b ordering result is published and these logs are the only committed record of the counts behind it.,1,,clean,n/a,anchors-sigmab-raw
AnalysisScripts/anchors/sigmab_raw/sigmab_block_02.log,PUBLIC,"One canonical block's raw Sigma_b ordering log, listing the per-pair counts the asymmetry test consumed.",The Sigma_b ordering result is published and these logs are the only committed record of the counts behind it.,1,,clean,n/a,anchors-sigmab-raw
AnalysisScripts/anchors/sigmab_raw/sigmab_block_03.log,PUBLIC,"One canonical block's raw Sigma_b ordering log, listing the per-pair counts the asymmetry test consumed.",The Sigma_b ordering result is published and these logs are the only committed record of the counts behind it.,1,,clean,n/a,anchors-sigmab-raw
AnalysisScripts/anchors/sigmab_raw/sigmab_block_04.log,PUBLIC,"One canonical block's raw Sigma_b ordering log, listing the per-pair counts the asymmetry test consumed.",The Sigma_b ordering result is published and these logs are the only committed record of the counts behind it.,1,,clean,n/a,anchors-sigmab-raw
AnalysisScripts/anchors/sigmab_raw/sigmab_block_05.log,PUBLIC,"One canonical block's raw Sigma_b ordering log, listing the per-pair counts the asymmetry test consumed.",The Sigma_b ordering result is published and these logs are the only committed record of the counts behind it.,1,,clean,n/a,anchors-sigmab-raw
AnalysisScripts/anchors/sigmab_raw/sigmab_block_06.log,PUBLIC,"One canonical block's raw Sigma_b ordering log, listing the per-pair counts the asymmetry test consumed.",The Sigma_b ordering result is published and these logs are the only committed record of the counts behind it.,1,,clean,n/a,anchors-sigmab-raw
AnalysisScripts/anchors/sigmab_raw/sigmab_block_07.log,PUBLIC,"One canonical block's raw Sigma_b ordering log, listing the per-pair counts the asymmetry test consumed.",The Sigma_b ordering result is published and these logs are the only committed record of the counts behind it.,1,,clean,n/a,anchors-sigmab-raw
AnalysisScripts/anchors/sigmab_raw/sigmab_block_08.log,PUBLIC,"One canonical block's raw Sigma_b ordering log, listing the per-pair counts the asymmetry test consumed.",The Sigma_b ordering result is published and these logs are the only committed record of the counts behind it.,1,,clean,n/a,anchors-sigmab-raw
AnalysisScripts/anchors/sigmab_raw/sigmab_block_09.log,PUBLIC,"One canonical block's raw Sigma_b ordering log, listing the per-pair counts the asymmetry test consumed.",The Sigma_b ordering result is published and these logs are the only committed record of the counts behind it.,1,,clean,n/a,anchors-sigmab-raw
AnalysisScripts/anchors/sigmab_raw/sigmab_block_10.log,PUBLIC,"One canonical block's raw Sigma_b ordering log, listing the per-pair counts the asymmetry test consumed.",The Sigma_b ordering result is published and these logs are the only committed record of the counts behind it.,1,,clean,n/a,anchors-sigmab-raw
AnalysisScripts/decay_parent_map_v1.json,INTERNAL,"The original decay-parent map, which does not conjugate antiparticle decays and is the artifact behind the conjugation bug.","Owner-ruled 2026-08-20: a known-defective artifact is a reproduction hazard in a reader's hands, and MAP_V1_CONJUGATION_BUG carries the evidence without shipping the file.",20,,clean,n/a,
AnalysisScripts/decay_parent_map_v1_1.json,PUBLIC,"The decay-parent map with the conjugation fix applied, chaining each species through its dominant channel.","It is a golden output, README rebuilds it from committed inputs, and the published extraction names it explicitly.",17,,clean,n/a,
AnalysisScripts/decay_parent_map_v2.json,PUBLIC,The species-level decay-parent map with fractional branching-ratio splits.,It is a golden output and the experiment-comparable convention uses it.,24,,clean,n/a,
AnalysisScripts/species_ordinals_v2.json,PUBLIC,"The derived 202-entry sector-charged species ordinal table, the spine the species axis is indexed by.",It is a golden output and every per-species number is addressed through it.,38,,clean,n/a,
Literature/References.bib,PUBLIC,The BibTeX database of works the project cites.,"A reader following the physics needs the citations, and a bibliography carries no third-party content.",11,,needs-rewrite,n/a,
Literature/pveen_14443260_msc_thesis-1_mwa2azwk.pdf,INTERNAL,"A 2 MB PDF of another author's MSc thesis, the predecessor work this project builds on.","Owner-ruled 2026-08-20: the export cites the thesis and drops the file, on the same reasoning as the ASD-STE100 exclusion.",2,,clean,n/a,
Makefile,PUBLIC,"The top-level driver: setup, doctor, build, card and registry checks, the test suite, submission targets and the environment verdict.",It is the entry point every documented workflow starts from.,55,tools/run_tests.sh,needs-rewrite,n/a,
POST_SUBMISSION.md,INTERNAL,"The parked-work list: everything deliberately deferred until after submission, with the rule that nothing on it blocks the paper.",It is a work queue for the authors and states itself that no paper claim depends on any of it.,21,,clean,n/a,
Paper/Tables/generated_heavy_flavor_summary.tex,INTERNAL,The generated LaTeX table of per-tune event counts and inclusive species yields that the manuscript includes.,Owner-ruled 2026-08-20: the manuscript is untracked and A9 records these numbers as descending from a superseded production.,12,,clean,n/a,
README.md,PUBLIC,"The rebuild guide, ordered by what a reader would actually do from nothing, with the smoke path and the list of what is not evidence.",It is the primary instruction for rerunning the analysis.,33,Makefile,needs-rewrite,n/a,
RELEASE_BLOCKERS.md,INTERNAL,"The closed list of remaining scope before release, every row citing a path, line or digest and its run status.","It is project management for the authors: it tracks what is left to do, not how to rerun or check anything.",40,Makefile,clean,n/a,
RENAMES.md,INTERNAL,"Records what the 2026-08-12 restructure moved, what it deliberately did not move, and the owner overrides that struck rows.","The export is a fresh single commit with no prior paths, so a record of moves out of an older layout has nothing to refer to.",15,generation/submit/runCondorJob.sh,clean,n/a,
REPRODUCIBILITY.md,PUBLIC,"States what must be true for a number from this repository to be reproducible, and how each contract, selector, threshold and pin is enforced.",It is the physics contract a reader checks a published number against.,41,Makefile,needs-rewrite,n/a,
STATE.md,PUBLIC,"The one-screen answer to where the project stands: what is frozen, what is pending, what is written but unrun, and what is not planned.","It tells a reader which numbers are final and which are provisional, which is a precondition for checking any of them.",39,,needs-rewrite,n/a,
Validation/AuditOriginResolution.C,PUBLIC,"Audits how heavy-flavour origins resolved in a raw file: unresolved, resolved, demoted and rejected candidates.",The unresolved-origin systematic is computed from exactly this accounting.,17,generation/submit/runCondorJob.sh,clean,no,
Validation/AuditSpeciesRegistry.C,PUBLIC,Audits the signed species registry against the linked PYTHIA's own particle data.,It is how the registry is shown to agree with the generator that produced the data.,11,,clean,no,
Validation/AuditTuneSettings.C,PUBLIC,Audits a produced file's recorded tune settings against the generated tune registry.,It is how a reader confirms a data file was made with the card it claims.,17,,clean,yes,
Validation/CalibrateBothCountersAgainstMinBias.C,PUBLIC,"The two-counter variant of that calibration, comparing both charged-multiplicity definitions against the same reference.","It answers which counter definition a class boundary refers to, which a reader comparing to data needs.",2,,clean,yes,
Validation/CalibrateMultiplicityAgainstMinBias.C,PUBLIC,Calibrates the charged-multiplicity counter against a published minimum-bias reference.,Three validation reports are its recorded output and the multiplicity classes are cut on the counter it calibrates.,28,,clean,no,
Validation/CompareNominalReproduction.C,PUBLIC,"Asks whether a rebuilt producer reproduces the nominal output file, as pre-registered.","It is the check a third party runs after building PYTHIA themselves, which README names as the project's largest portability limitation.",1,,clean,yes,
Validation/ListUnresolvedOrigins.C,PUBLIC,Lists the individual unresolved-origin candidates rather than counting them.,It is how a reader inspects the cases behind the published systematic.,11,generation/submit/runCondorJob.sh,clean,no,
Validation/MeasureUnresolvedSystematic.C,PUBLIC,"Measures the systematic from dropping unresolved candidates, per sector.",It produced the committed M7 charm and beauty block logs the published tables aggregate.,17,,clean,no,
Validation/PTHatSensitivity.C,PUBLIC,Extracts the predeclared pTHat sensitivity test from its immutable manifest and decides it.,The published pTHat threshold rests on this test's verdict.,8,,clean,no,
Validation/TestAnalysisRawInputContract.C,PUBLIC,Compiles the reduction against a raw file and asserts the input contract holds.,"A test in the PUBLIC suite compiles it, so the suite needs it.",8,,clean,no,
Validation/TestHardCarrierUniqueness.C,PUBLIC,Asserts that a hard carrier resolves uniquely under the shared helper.,"Hard-carrier uniqueness is an assumption of the observable, and this is the only file that tests it.",8,,clean,yes,
Validation/TestInclusiveRawKinematics.C,PUBLIC,Compiles the inclusive kinematic spectra macro and asserts its raw-level kinematics.,"It bears on the inclusive spectra blocker, so it answers a question a referee can ask.",8,,clean,yes,
Validation/TestPlotProjectionCuts.C,PUBLIC,Asserts that the plotting macro's projection cuts select the intended sparse ranges.,"It checks the cuts behind every published figure, and the census argues explicitly against sweeping unrun validators away.",16,,clean,yes,
Validation/TestPlotReferenceMultiplicityContracts.C,PUBLIC,Asserts the plotting macro's reference-multiplicity contracts inside a memory file.,A test in the PUBLIC suite compiles it.,6,,clean,no,
Validation/TestPrimaryChargedDefinition.C,PUBLIC,Asserts two claims about the primary-charged definition against the installed PYTHIA rather than against fixtures.,"The primary-charged definition is what the multiplicity classes count, so its live-generator check is reader-facing.",13,,clean,yes,
Validation/ValidateCanonicalRawManifest.C,PUBLIC,"Validates every raw file named by a canonical manifest, reusing the raw validator.",It is how a whole campaign's inputs are certified before the merge.,11,,clean,no,
Validation/ValidatePairBlockClosure.C,PUBLIC,The closure gate: checks the central against its blocks and returns the content and invariant counts.,"It is the check that a merge is complete, and the brief rules boundary receipts PUBLIC.",28,extraction/pipeline/tune_chain.sh,needs-rewrite,no,
Validation/ValidatePairDirectory.C,PUBLIC,"Checks a completed pair directory against the pair registry and the object contract, name by name.","The reduction promotes a directory only if this passes, so it defines a valid analysis output.",25,,clean,no,
Validation/ValidateRawOutput.C,PUBLIC,Validates one produced raw file against the canonical schema and emits the origin audit the receipt records.,It is the gate every raw file passes before it may be analysed.,21,generation/submit/runCondorJob.sh,clean,no,
Validation/ValidateSpeciesAxisClosure.C,PUBLIC,"Checks the 202-ordinal species axis against the six-bin category axis it refines, exactly.",SPECIES_AXIS_VALIDATION is its record and the species axis carries the published decomposition.,4,,clean,no,
Validation/validate_canonical_manifest.sh,PUBLIC,Drives that manifest validation over a campaign.,It is the entry point for the campaign-scale input gate.,10,,needs-rewrite,no,
Validation/validate_pair_block_closure.sh,PUBLIC,"Resolves the requested schema tag and runs the closure gate, rejecting an unknown schema before ROOT starts.",The published three-tune table is gated on this script's verdict.,30,extraction/pipeline/tune_chain.sh;merging/merge_root_files.sh,needs-rewrite,no,
Validation/validate_pair_directory.sh,PUBLIC,The wrapper the reduction calls to validate a staged pair directory.,README's smoke path names it as the validation step.,25,analysis/run_status_analysis.sh;merging/merge_root_files.sh,needs-rewrite,no,
Validation/validate_raw_output.sh,PUBLIC,Runs that raw validator and writes the receipt beside the file.,"The receipt is the evidence a raw file is usable, and this writes it.",8,generation/submit/runCondorJob.sh,clean,no,
ValidationReports/NCH_CALIBRATION_20260730.md,PUBLIC,Calibrates the charged-multiplicity counter against a published minimum-bias reference under PYTHIA 8.315.,"It is the first calibration of the counter the multiplicity classes are cut on, and later reports are stated as supersessions of it.",12,,clean,n/a,
ValidationReports/NCH_CALIBRATION_PYTHIA8317_20260801.md,INTERNAL,Repeats that calibration under the pinned stock PYTHIA 8.317 and supersedes the 8.315 result.,"docs/PHYSICS.md now carries the current generator version, measured counter value, and class-boundary source.",2,,clean,n/a,
ValidationReports/NCH_DECAY_POLICY_BIAS_8317.md,PUBLIC,Re-measures the bias the decay policy puts on the charged-multiplicity count at the pinned version.,"It corrects a figure quoted in the design rationale, so a reader checking the class definition needs it.",12,,clean,n/a,
ValidationReports/PREPRODUCTION_GATE_REPORT_20260730.md,INTERNAL,"The human-readable evidence ledger for the pre-production gate, concluding that full production was not authorized at that date.",It is an authorization decision at a superseded state of the project.,4,,clean,n/a,
ValidationReports/PTHAT_MULTIPLICITY_SCAN_8317.md,PUBLIC,Scans the hard sample's charged multiplicity against the pTHat minimum at the pinned version.,REPRODUCIBILITY section 1 cites it as the evidence for the pTHat threshold the production uses.,42,,clean,n/a,
ValidationReports/PYTHIA_JUNCTION_HANG_20260731.md,PUBLIC,"Records the PYTHIA junction-splitting infinite loop found in a pilot campaign, with the configuration that triggers it.","The hang guard and the non-random event loss it causes are stated in README, and this is the measurement behind that statement.",6,,clean,n/a,
analysis/Analysis_README.md,PUBLIC,"Explains the one-pass reduction, its output contract and how the canonical slot numbering works.",It is the subsystem guide for the stage between raw files and pair files.,14,,needs-rewrite,n/a,
analysis/a2_block_shift.py,PUBLIC,"Turns the A2 per-slot yields into the per-block shift, refusing any variation not in the frozen list.",It produces the published A2 delta.,12,,needs-rewrite,no,
analysis/a2_pair_yield.C,PUBLIC,Computes multiplicity-binned pair yields for one slot of the A2 pair-level unresolved systematic.,It is the measurement code behind a published systematic and its pre-registration names it.,8,,clean,no,
analysis/hf_mult_pt_analysis_multi.C,PUBLIC,The unified heavy-flavour multiplicity and transverse-momentum analysis over produced files.,It is the reduction behind the subsample transverse-momentum figures.,11,,clean,no,
analysis/run_hf_analysis.sh,PUBLIC,Drives that unified analysis over a set of produced files.,It is its documented entry point.,7,,clean,no,
analysis/run_status_analysis.sh,PUBLIC,"The canonical reduction wrapper: writes 300 signed pair files to staging, validates the directory, and promotes it atomically only on success.",It is the documented reduction entry point and the fail-closed promotion is part of the contract.,33,,needs-rewrite,no,
analysis/status_analysis_THnSparse_qq.C,PUBLIC,The one-pass central publication analysis: reads the canonical raw schema once and emits the pair objects the merge consumes.,It is the stage that turns generated events into the published observable.,56,analysis/run_status_analysis.sh,clean,no,
analysis/status_analysis_qq.C,INTERNAL,"The non-THnSparse azimuthal-correlation reduction, superseded by the THnSparse one-pass analysis.","Owner-ruled 2026-08-20: it follows the split chain, whose only consumer of this file sits in attic and which the export does not carry.",15,,clean,yes,
attic/count_events/CountEvents/generated_heavy_flavor_summary.C,INTERNAL,"Counts per-tune events and inclusive species yields from generated trees into the summary table, whose path it hard-codes.","Its class rested entirely on the table being published; the owner ruled that table INTERNAL on 2026-08-20, so the macro's reason to travel is gone.",11,,clean,yes,
attic/plotting/B_Balancing_GeneralPlotting.C,INTERNAL,"The original 2217-line balancing plotting macro, carrying its author's explanatory header, from the legacy balancing study.","No published number descends from the legacy balancing study once the two global canvases are dropped, and nothing in the chain calls it.",14,,clean,yes,
attic/plotting/configuration_pT.json,INTERNAL,The v2-era single-axis plotting configuration for the pT figures.,"The figures it configured are recorded as permanently not regenerable, so it is a record of an old state rather than a recipe.",3,,clean,n/a,
attic/plotting/configuration_pseudorapidity.json,INTERNAL,The v2-era single-axis plotting configuration for the pseudorapidity figures.,"The figures it configured are recorded as permanently not regenerable, so it is a record of an old state rather than a recipe.",3,,clean,n/a,
attic/plotting/configuration_rapidity.json,INTERNAL,The v2-era single-axis plotting configuration for the rapidity figures.,"The figures it configured are recorded as permanently not regenerable, so it is a record of an old state rather than a recipe.",3,,clean,n/a,
attic/plotting/improvedPlotting.C,INTERNAL,"The predecessor balancing-canvas macro, which reads the same merged product the live path consumes.","Owner-ruled 2026-08-20: a cross-check that nothing invokes does not travel, and the live macro is the one a reader runs.",18,,needs-rewrite,yes,
attic/plotting/plotting_documentation.md,INTERNAL,Documents a prepare and finalize gate stage of the plotting chain that no longer exists.,"Its substance was measured to have been folded into the live plotting README, and the two tokens left behind name removed machinery.",14,,clean,n/a,
attic/split_chain/bb_mult_pt_analysis_multi.C,INTERNAL,"One file of the separate bbbar, ccbar and qqbar production and reduction chain: its producers, its six PYTHIA cards, its reductions and wrappers.","Owner-ruled 2026-08-20: the export does not carry it, and README section 6 loses the sentence that offered it.",5,,clean,yes,attic-split-chain
attic/split_chain/bbbarcorrelations_status.cpp,INTERNAL,"One file of the separate bbbar, ccbar and qqbar production and reduction chain: its producers, its six PYTHIA cards, its reductions and wrappers.","Owner-ruled 2026-08-20: the export does not carry it, and README section 6 loses the sentence that offered it.",9,,clean,yes,attic-split-chain
attic/split_chain/bbbarcorrelations_status_JUNCTIONS.cpp,INTERNAL,"One file of the separate bbbar, ccbar and qqbar production and reduction chain: its producers, its six PYTHIA cards, its reductions and wrappers.","Owner-ruled 2026-08-20: the export does not carry it, and README section 6 loses the sentence that offered it.",2,,clean,yes,attic-split-chain
attic/split_chain/cc_mult_pt_analysis_multi.C,INTERNAL,"One file of the separate bbbar, ccbar and qqbar production and reduction chain: its producers, its six PYTHIA cards, its reductions and wrappers.","Owner-ruled 2026-08-20: the export does not carry it, and README section 6 loses the sentence that offered it.",6,,clean,yes,attic-split-chain
attic/split_chain/ccbarcorrelations_status.cpp,INTERNAL,"One file of the separate bbbar, ccbar and qqbar production and reduction chain: its producers, its six PYTHIA cards, its reductions and wrappers.","Owner-ruled 2026-08-20: the export does not carry it, and README section 6 loses the sentence that offered it.",6,,clean,yes,attic-split-chain
attic/split_chain/ccbarcorrelations_status_JUNCTIONS.cpp,INTERNAL,"One file of the separate bbbar, ccbar and qqbar production and reduction chain: its producers, its six PYTHIA cards, its reductions and wrappers.","Owner-ruled 2026-08-20: the export does not carry it, and README section 6 loses the sentence that offered it.",2,,clean,yes,attic-split-chain
attic/split_chain/pythiasettings_Hard_Low_bb.cmnd,INTERNAL,"One file of the separate bbbar, ccbar and qqbar production and reduction chain: its producers, its six PYTHIA cards, its reductions and wrappers.","Owner-ruled 2026-08-20: the export does not carry it, and README section 6 loses the sentence that offered it.",5,,clean,n/a,attic-split-chain
attic/split_chain/pythiasettings_Hard_Low_bb_JUNCTIONS.cmnd,INTERNAL,"One file of the separate bbbar, ccbar and qqbar production and reduction chain: its producers, its six PYTHIA cards, its reductions and wrappers.","Owner-ruled 2026-08-20: the export does not carry it, and README section 6 loses the sentence that offered it.",3,,clean,n/a,attic-split-chain
attic/split_chain/pythiasettings_Hard_Low_cc.cmnd,INTERNAL,"One file of the separate bbbar, ccbar and qqbar production and reduction chain: its producers, its six PYTHIA cards, its reductions and wrappers.","Owner-ruled 2026-08-20: the export does not carry it, and README section 6 loses the sentence that offered it.",4,,clean,n/a,attic-split-chain
attic/split_chain/pythiasettings_Hard_Low_cc_JUNCTIONS.cmnd,INTERNAL,"One file of the separate bbbar, ccbar and qqbar production and reduction chain: its producers, its six PYTHIA cards, its reductions and wrappers.","Owner-ruled 2026-08-20: the export does not carry it, and README section 6 loses the sentence that offered it.",3,,clean,n/a,attic-split-chain
attic/split_chain/pythiasettings_Hard_Low_qq.cmnd,INTERNAL,"One file of the separate bbbar, ccbar and qqbar production and reduction chain: its producers, its six PYTHIA cards, its reductions and wrappers.","Owner-ruled 2026-08-20: the export does not carry it, and README section 6 loses the sentence that offered it.",3,,clean,n/a,attic-split-chain
attic/split_chain/pythiasettings_Hard_Low_qq_JUNCTIONS.cmnd,INTERNAL,"One file of the separate bbbar, ccbar and qqbar production and reduction chain: its producers, its six PYTHIA cards, its reductions and wrappers.","Owner-ruled 2026-08-20: the export does not carry it, and README section 6 loses the sentence that offered it.",2,,clean,n/a,attic-split-chain
attic/split_chain/qq_draw_2D_correlations.C,INTERNAL,"One file of the separate bbbar, ccbar and qqbar production and reduction chain: its producers, its six PYTHIA cards, its reductions and wrappers.","Owner-ruled 2026-08-20: the export does not carry it, and README section 6 loses the sentence that offered it.",7,,clean,yes,attic-split-chain
attic/split_chain/qqbarcorrelations_status.cpp,INTERNAL,"One file of the separate bbbar, ccbar and qqbar production and reduction chain: its producers, its six PYTHIA cards, its reductions and wrappers.","Owner-ruled 2026-08-20: the export does not carry it, and README section 6 loses the sentence that offered it.",5,,clean,yes,attic-split-chain
attic/split_chain/run_bb_analysis.sh,INTERNAL,"One file of the separate bbbar, ccbar and qqbar production and reduction chain: its producers, its six PYTHIA cards, its reductions and wrappers.","Owner-ruled 2026-08-20: the export does not carry it, and README section 6 loses the sentence that offered it.",4,,clean,yes,attic-split-chain
attic/split_chain/run_cc_analysis.sh,INTERNAL,"One file of the separate bbbar, ccbar and qqbar production and reduction chain: its producers, its six PYTHIA cards, its reductions and wrappers.","Owner-ruled 2026-08-20: the export does not carry it, and README section 6 loses the sentence that offered it.",4,,clean,yes,attic-split-chain
attic/split_chain/status_analysis_bb.C,INTERNAL,"One file of the separate bbbar, ccbar and qqbar production and reduction chain: its producers, its six PYTHIA cards, its reductions and wrappers.","Owner-ruled 2026-08-20: the export does not carry it, and README section 6 loses the sentence that offered it.",4,,clean,yes,attic-split-chain
attic/split_chain/status_analysis_cc.C,INTERNAL,"One file of the separate bbbar, ccbar and qqbar production and reduction chain: its producers, its six PYTHIA cards, its reductions and wrappers.","Owner-ruled 2026-08-20: the export does not carry it, and README section 6 loses the sentence that offered it.",4,,clean,yes,attic-split-chain
config/a2_variations_v1.json,PUBLIC,The frozen named set of A2 origin-rule variations the block-shift analyzer is permitted to consume.,"The published A2 systematic is defined over exactly this set, and the analyzer refuses a variation outside it.",12,,needs-rewrite,n/a,
config/dataset_selector.json,PUBLIC,"The master selector carrying every dataset row and its publication eligibility, with no default active dataset.",The plotting and measurement chain refuses to run until a dataset is named from this file.,32,plotting/run_paper_plots.sh,needs-rewrite,n/a,
config/dataset_selector_hf_pt2.json,PUBLIC,The selector row for the HF_PT2 pilot dataset.,It names a dataset the chain and its tests resolve against.,5,,clean,n/a,
config/dataset_selector_hf_pt2_int.json,PUBLIC,The selector row for the multiplicity-integrated HF_PT2 variant.,The integrated observable is rendered through this selector.,4,,clean,n/a,
config/dataset_selector_hf_run3_v1.json,PUBLIC,"The selector row for the HF_RUN3_V1 publication dataset, carrying the digest of its authorization document.",It is the dataset every published number is rendered from.,15,,needs-rewrite,n/a,
config/dataset_selector_hf_sys_muf_down.json,PUBLIC,The signed dataset selector naming one variation campaign's merged inputs and its publication eligibility.,"The plotting and harvest chain refuses to run until a dataset is named, and these are the names for the variation campaigns.",1,,clean,n/a,dataset-selectors-systematics
config/dataset_selector_hf_sys_muf_up.json,PUBLIC,The signed dataset selector naming one variation campaign's merged inputs and its publication eligibility.,"The plotting and harvest chain refuses to run until a dataset is named, and these are the names for the variation campaigns.",1,,clean,n/a,dataset-selectors-systematics
config/dataset_selector_hf_sys_mur_down.json,PUBLIC,The signed dataset selector naming one variation campaign's merged inputs and its publication eligibility.,"The plotting and harvest chain refuses to run until a dataset is named, and these are the names for the variation campaigns.",1,,clean,n/a,dataset-selectors-systematics
config/dataset_selector_hf_sys_mur_up.json,PUBLIC,The signed dataset selector naming one variation campaign's merged inputs and its publication eligibility.,"The plotting and harvest chain refuses to run until a dataset is named, and these are the names for the variation campaigns.",3,,clean,n/a,dataset-selectors-systematics
config/dataset_selector_hf_sys_pdf_cteq6l1.json,PUBLIC,The signed dataset selector naming one variation campaign's merged inputs and its publication eligibility.,"The plotting and harvest chain refuses to run until a dataset is named, and these are the names for the variation campaigns.",1,,clean,n/a,dataset-selectors-systematics
config/dataset_selector_hf_sys_pthat_1.json,PUBLIC,The signed dataset selector naming one variation campaign's merged inputs and its publication eligibility.,"The plotting and harvest chain refuses to run until a dataset is named, and these are the names for the variation campaigns.",1,,clean,n/a,dataset-selectors-systematics
config/dataset_selector_hf_sys_pthat_4.json,PUBLIC,The signed dataset selector naming one variation campaign's merged inputs and its publication eligibility.,"The plotting and harvest chain refuses to run until a dataset is named, and these are the names for the variation campaigns.",1,,clean,n/a,dataset-selectors-systematics
config/dependencies.conf,PUBLIC,"The pinned dependency locations and versions that setupEnv.sh sources, each overridable from the environment.",Nothing runs without it and it holds the version pins REPRODUCIBILITY enforces.,15,,clean,n/a,
config/dependencies.local.conf.example,PUBLIC,The template a new machine copies to declare its own dependency paths.,It is how the documented rule that no tracked file carries a single-machine path is actually satisfied.,6,Makefile,clean,n/a,
config/heavy_flavour_pair_registry_v1.json,PUBLIC,"The expanded signed pair registry: every trigger and associate pair the analysis records, generated from the definition.",The 300 pair files and the closure counts are derived from it.,26,,clean,n/a,
config/heavy_flavour_species_v1.json,PUBLIC,The signed species registry with the ground-state rule and each state's central eligibility.,It decides which states may appear in a central published result.,16,,clean,n/a,
config/integrated_multiplicity_bin_v1.json,PUBLIC,Declares the multiplicity-integrated histogram entry that measurement renders need and the eleven-class configuration lacks.,The integrated arm of the published observable cannot be rendered without it.,2,,clean,n/a,
config/multiplicity_class_boundaries_v1.json,PUBLIC,The single source of the eleven multiplicity class boundaries.,"Every class label, inset and cut in the published figures is generated from this one file.",57,,clean,n/a,
config/pair_file_object_contract_v1.json,PUBLIC,"The versioned contract naming every object a pair file must contain, per schema version.",The closure counts a reader checks a merge against are derived from it rather than restated.,23,merging/merge_root_files.sh,clean,n/a,
config/pair_registry_definition_v1.json,PUBLIC,The hand-maintained definition of central triggers and associates that the expanded pair registry is generated from.,"It is the only editable registry source, so a reader tracing a pair back ends here.",6,,clean,n/a,
config/pdg_2025_species_reference_v1.json,PUBLIC,"The reproducibly extracted PDG 2025 reference for the registry's species, with the source files' URLs and digests.",It is the external authority the species audit test checks the registry against.,7,,clean,n/a,
config/pthat_sensitivity_v1.json,PUBLIC,"The predeclared specification of the pTHat sensitivity test: its ratios, thresholds and block structure.","The test is predeclared, so the published sensitivity result is only meaningful together with this file.",6,,clean,n/a,
config/statistical_robustness_v1.json,PUBLIC,"The frozen specification for the partition-sensitivity audit, with its predeclared absolute-activity intervals.",The audit's verdicts are defined against these frozen boundaries.,20,,clean,n/a,
config/systematic_variation_settings_v1.json,PUBLIC,The PYTHIA settings a generated systematics variation card may set that the nominal cards do not.,It is the allowlist that keeps a variation to exactly one changed setting.,6,,clean,n/a,
config/systematics_variations_v1.json,PUBLIC,"The generation-dependent systematic variations, one changed setting each, from which the variation cards are generated.",The published systematic uncertainty is the spread over exactly this list.,6,,clean,n/a,
config/tune_difference_allowlist_v1.json,PUBLIC,"Lists which card settings may differ between tunes and between jobs, and which must be identical everywhere.","It is what make cards checks, and it is how a reader knows the three tunes differ only in colour reconnection.",26,Makefile,clean,n/a,
docs/A2_PAIR_UNRESOLVED_PREREGISTRATION.md,PUBLIC,"Pre-registers the pair-level unresolved-origin systematic: the variation, the tie-break rule and the positive checks, before any job ran.","A pre-registration is the evidence that the method was fixed before the result, which is what makes the published systematic checkable.",11,,needs-rewrite,n/a,
docs/A2_PAIR_UNRESOLVED_RUN_RECORD.md,PUBLIC,"Records the A2 run against that pre-registration, on both tie-break directions, with the measured deltas.","It is the result the pre-registration was written to score, and the systematic it reports is published.",9,,needs-rewrite,n/a,
docs/A9_PAPER_TABLE_REGENERATION.md,PUBLIC,"Answers whether the published generated-summary table can be rebuilt without compute, and records that it cannot and why.","It is the honest provenance statement for a table that is in the paper right now, which a reader checking that table needs.",7,,needs-rewrite,n/a,
docs/B6_STATUS.md,INTERNAL,Tracks the B6 release blocker to its owner-ruled closure on a characterised residual.,"It is blocker bookkeeping: the physics conclusion it reaches is carried by the validation documents, not by this status page.",4,,clean,n/a,
docs/B_BARYON_ADVISORY_DIAGNOSTIC.md,PUBLIC,"Sets out the diagnostic ladder for the b-baryon particle and antiparticle advisory, its numbers superseded and its conclusion confirmed.","README section 3a runs the advisory tool against this ladder, so the document is the method behind a committed command.",10,,needs-rewrite,n/a,
docs/CHECKOUT_SYNC_PROCEDURE.md,INTERNAL,"The procedure for advancing the analysis checkout on the cluster while jobs may be in flight, and the reason for each step.",It is operations for one institution's checkout and bears on no published number.,2,,clean,n/a,
docs/CLOSURE_V3_PREREGISTRATION.md,PUBLIC,"Derives the v3 closure count table from the pair-object contract before the run, including the failing count that looks like a pass.","The closure gate is how a reader confirms a merge is complete, and this is the table the gate is read against.",12,,needs-rewrite,n/a,
docs/COMPONENTS.md,PUBLIC,"Names every executable in the repository, what it reads and writes, and why it exists, including the kept-not-live files.",It is the navigable map a reader needs to find the code behind a number.,15,,needs-rewrite,n/a,
docs/CONTENTION_RECURRENCE_PREREGISTRATION.md,INTERNAL,"A pre-registration, marked superseded and never scored, predicting that a closure and merge scheduling collision would recur.","It registered a cluster scheduling effect and gated no number, so nothing published turns on it.",4,,clean,n/a,
docs/DATA_LAYOUT.md,INTERNAL,"Maps which path on the cluster volume holds code, live data, frozen evidence or another project.",It is a filesystem map of one machine and does not travel with the code.,3,,clean,n/a,
docs/DESIGN_AND_RATIONALE.md,PUBLIC,"The authoritative explanation of every physics and engineering choice, with the evidence behind it, written so the study can be rebuilt independently.",It is the reasoning a reader needs to judge whether a published choice was the right one.,31,Makefile,needs-rewrite,n/a,
docs/DOC_PLAN.md,INTERNAL,The internal execution map for the nine-document documentation rebuild.,"It inventories internal and superseded documents, so the published repository must not carry it.",1,,clean,n/a,
docs/DOC_REWRITE_DISCREPANCIES.md,INTERNAL,Records disagreements between replaced prose and claims derived from current artifacts.,It audits the rewrite process and names absorbed internal documents; published physics prose carries only the resolved claims.,0,,clean,n/a,
docs/ERROR_RECORD.md,INTERNAL,"The bidirectional record of what went wrong, who caught it and what changed in response, across the whole project.",The brief rules it INTERNAL: it records the working relationship and the route to the result rather than the result.,43,,clean,n/a,
docs/EXPORT_ARCHITECTURE.md,INTERNAL,"The proposed public-tree layout, its measured path-edit surface and the specification for a later fresh-history export.","It inventories INTERNAL paths and operational rewrite costs, so the published repository must not carry it.",0,,clean,n/a,
docs/EXTRACTION_CONVENTIONS.md,PUBLIC,"Defines the two grouping conventions side by side, ground-state and experiment-comparable, with tables now superseded by merged data.","The convention definitions are what extraction/three_tune_table.py implements, so a reader needs them to read a published column.",13,,needs-rewrite,n/a,
docs/F3_VIRTUAL_TRIGGER_CLOSURE.md,PUBLIC,"Establishes that the closure-only virtual-trigger validation can be run, specifies exactly how, and records the passed commensurability gate.",It is the method behind the observable-definition sentence and its first gate result.,8,,needs-rewrite,n/a,
docs/FIGURE_INVENTORY.md,PUBLIC,"Gives every plot the paper has carried exactly one disposition, sourced from the manuscript's own include list and the figure provenance map.","It is the provenance ledger for the published figures, so a reader can tell which generator made which figure.",17,,needs-rewrite,n/a,
docs/GATE_3000.md,PUBLIC,"Pre-registers the validation gate over the full 3000-directory analysis set, recorded before launch.","The gate is a precondition of the merge that produced every published number, and this states what it had to return.",11,,needs-rewrite,n/a,
docs/GOLDEN_OUTPUTS.md,PUBLIC,"The behaviour-freeze contract: every frozen artifact with its digest and regeneration recipe, and the seven things that cannot be regenerated.",The brief rules it PUBLIC: it is the reproducibility claim and the only answer to how a reader knows a figure came from that data.,45,,needs-rewrite,n/a,
docs/HF_RUN3_V1_PUBLICATION_AUTHORIZATION.md,PUBLIC,The owner's authorization for the HF_RUN3_V1 dataset to carry publication numbers.,"Its digest is recorded inside the dataset selectors, which refuse to resolve without it, so the plotting chain does not run without this file.",13,,needs-rewrite,n/a,
docs/LITERATURE_POSITIONING.md,INTERNAL,"Positions the closest prior work against this study from a full-text read, feeding the manuscript introduction.","It is manuscript drafting material and no method, figure or number depends on it.",0,,clean,n/a,
docs/M2_PROBQQ1TOQQ0JOIN.md,INTERNAL,Settles which quark indexes the probQQ1toQQ0join parameter by reading the pinned PYTHIA 8.317 source.,docs/PHYSICS.md now derives the parameter meaning from the exact PYTHIA 8.317 source.,7,,clean,n/a,
docs/M7_BEAUTY_PREREGISTRATION.md,PUBLIC,Pre-registers the beauty-sector unresolved-origin measurement before the macro was deployed or any job submitted.,It is what the published beauty M7 number is scored against.,5,,needs-rewrite,n/a,
docs/M7_BEAUTY_UNRESOLVED_SYSTEMATIC.md,PUBLIC,"Reports the measured beauty unresolved-origin systematic, under a scope banner marking it inclusive-level and not a bound on the pair observable.",It is a published result and its scope banner is part of reading it correctly.,5,,needs-rewrite,n/a,
docs/M7_UNRESOLVED_SYSTEMATIC.md,PUBLIC,Reports the measured charm unresolved-origin systematic under the same inclusive-level scope banner.,"README section 3a regenerates its table from committed logs, which makes it a reproduction target.",15,,needs-rewrite,n/a,
docs/MAP_V1_1_PREREGISTRATION.md,PUBLIC,"Pre-registers the exact diff the decay-map conjugation fix must produce, committed before the builder change existed.","README calls reproducing this fix one of the two headline checks, and the pre-registered counts are what a rebuild is scored against.",4,,needs-rewrite,n/a,
docs/MAP_V1_CONJUGATION_BUG.md,PUBLIC,"Records that the v1 decay-parent map does not conjugate antiparticle decays, found by a check that refused to build the artifact.","It is the defect behind a published correction, and the golden-output recipes are written against it.",13,,needs-rewrite,n/a,
docs/MAP_V2_PREREGISTRATION.md,PUBLIC,"Pre-registers the branching-ratio-split decay map before the channel probe was written, compiled or run.",The v2 map is a committed golden artifact and this is the falsifiable statement it was built against.,6,,needs-rewrite,n/a,
docs/MAP_V2_RESULT.md,PUBLIC,"Reports that the species-level splits drop the misassignment to 0.0018 per cent, built on v1.1 and never on v1.",It is the measured result that justifies the map version the published extraction uses.,6,,needs-rewrite,n/a,
docs/MERGED_CONVENTION_TABLES.md,INTERNAL,"The convention tables rebuilt from merged weights, every absolute and cross-sector number in them inflated by the E5 replication.","Its numbers are superseded and its definitions live in EXTRACTION_CONVENTIONS, so nothing published needs it.",8,,clean,n/a,
docs/MERGE_CHECKLIST.md,INTERNAL,"Collects the items gated on the merge that had been accumulating in owner briefs, with how each is verified.",The brief rules it INTERNAL: it is a session worklist.,2,,clean,n/a,
docs/MERGE_V3_BAND_VALIDATION.md,INTERNAL,Scores the first merged block against the pre-registered wall-clock and RSS band and decomposes the one apparent excess.,"It validates a resource forecast, not a physics quantity.",11,,clean,n/a,
docs/MERGE_V3_PREREGISTRATION.md,INTERNAL,Pre-registers the full-scale merge run and its go condition on the gate returning a pass.,It registers an operational forecast for one run; the physics gate it depends on is pre-registered separately in GATE_3000.,9,,clean,n/a,
docs/MODEL_TEX_REWRITE_PACK.md,INTERNAL,Assembles the numbers and provenance the owner needs to rewrite the manuscript's multiplicity-classes section.,It is drafting material for a specific manuscript edit; its numbers are published through the documents that own them.,3,,clean,n/a,
docs/MONASH_CENTRAL_TABLE.md,PUBLIC,"The MONASH central decomposition, marked superseded by E5 but carrying the section 0 values the smoke path and four tests reproduce.","README section 3a names it as the reproduction target for the committed MONASH anchor, so a reader checks against it.",28,,needs-rewrite,n/a,
docs/NIKHEF_BRINGUP.md,INTERNAL,The order of operations for bringing the pipeline up on the Nikhef cluster after the shell rewiring.,It is a bring-up checklist for one site's machines and paths.,5,,clean,n/a,
docs/NIKHEF_CLEANUP_PLAN.md,INTERNAL,"The plan for cleaning the cluster data volume, with owner rulings and the seed-collision check applied.",It is disk housekeeping on one filesystem.,9,,clean,n/a,
docs/NIKHEF_DELETION_PROPOSAL.md,INTERNAL,"One record of the Nikhef home-directory consolidation: its census, reverse map, resolver pin check or post-acceptance deletion proposal.",These files make a cluster administration pass reviewable and reversible; they are not inputs to the physics result.,0,,clean,n/a,nikhef-consolidation-records
docs/NIKHEF_DISK_INVENTORY.md,INTERNAL,"A metadata-only walk of the cluster data volume, taken as evidence for the restructure plan.",It inventories one machine's storage and names no method or result.,10,,clean,n/a,
docs/OWNER_DECISIONS_OPEN.md,INTERNAL,"The whole docket of open owner decisions in one place, deciding and executing nothing.","The brief rules it INTERNAL: it is the decision queue, not the decisions' effects.",1,,clean,n/a,
docs/PER_TUNE_PROCESSING_PREREGISTRATION.md,PUBLIC,Pre-registers the per-tune processing steps and fixes the block SEM estimator identically for all three tunes.,The published uncertainties are computed by exactly this estimator and the extraction code cites this document as its authority.,12,,needs-rewrite,n/a,
docs/PHASE4_SUBMISSION_CHECKLIST.md,INTERNAL,"The pre-submission checklist for the full production, each item verified with evidence or pending with what would close it.",It gates a job submission decision that has already been taken.,8,,clean,n/a,
docs/PHYSICS.md,PUBLIC,"Defines the heavy-flavour balancing observable, selections, class axis, decompositions, and interpretation limits.",A reader needs this contract to run the analysis or check a published physics quantity.,3,,clean,n/a,
docs/PLOTTING_V3_DELTA.md,INTERNAL,"Enumerates, read-only and before any edit, every change the inherited plotting stack needed for v3 input.",It is change-control for one editing pass: the resulting code is what a reader runs.,6,,clean,n/a,
docs/PRODUCTION_SHAPE_DECISION.md,PUBLIC,"Weighs combined against split charm and beauty production, and carries at section 4.19 THE RULING that fixes common absolute N_ch class boundaries labelled as MONASH minimum-bias percentiles.",Its class was wrong: config/multiplicity_class_boundaries_v1.json names it as the ruling and two live plotting headers cite it as the authority for the published axis.,22,,needs-rewrite,n/a,
docs/PROGRESS_PROBE_METHOD.md,PUBLIC,"The consolidated method for measuring how far a long silent job has got, used for the gate, the merge and the per-tune closures.","Anyone rerunning a 562 CPU-hour campaign needs a way to tell progress from a hang, and this is that method.",8,,needs-rewrite,n/a,
docs/PUBLICATION_EXPORT_EXCLUSIONS.md,INTERNAL,"The list of paths that must not leave the private tree, with the mechanism enforcing each and whether it is already in history.","It describes the boundary of the export rather than anything inside it, and it names internal paths in full.",5,,clean,n/a,
docs/REGISTRY_AND_MAPPING_PROPOSAL.md,PUBLIC,"Proposes how excited states are recorded and mapped to ground states, and what that means for the observable's definition.",The species axis and ground-state mapping it proposes are what the published extraction implements.,10,,needs-rewrite,n/a,
docs/REMOVALS.md,INTERNAL,"Records what left the working tree, when and on what evidence, as the companion to the rename log.",A fresh-history export has no prior tree for a removal record to refer to.,10,,clean,n/a,
docs/RENAME_PATH_PINS.md,INTERNAL,"The inventory of every place a path is pinned, split by whether the pin is generated, recorded in prose, or checked by machine against a live file.","It reasons about which internal artifacts constrain a repository operation, which is deliberation the export does not carry.",2,,clean,n/a,
docs/REPO_AUDIT.csv,INTERNAL,"The per-path publication audit manifest: class, what, why and the measured evidence for all 786 tracked paths.","It records which internal files exist and why each was excluded, which is the one thing the export must not carry.",7,,clean,n/a,
docs/REPO_AUDIT_CITATIONS.tsv,INTERNAL,"The recorded debt: every place a PUBLIC file names an INTERNAL path, keyed by citing file, cited file and matched token with an exact count.","It is a worklist for the rewrite phase and it enumerates the excluded paths by name, which is the one thing the export must not carry.",3,,clean,n/a,
docs/REPO_AUDIT_FINDINGS.md,INTERNAL,"The audit's findings beyond the per-path manifest: the untracked working tree, the rename candidates and two structural notes for the export.","It reasons about which internal files exist and how the export should treat them, which is the deliberation the export must not publish.",1,,clean,n/a,
docs/REPO_FILE_CENSUS.md,INTERNAL,"The 2026-08-12 census classifying about 75 paths as live, history or owner-decides, taken before the restructure and both merges.","It is an earlier inventory of this repository, superseded as coverage by docs/REPO_AUDIT.csv.",11,,clean,n/a,
docs/RESTRUCTURE_PLAN.md,INTERNAL,"The single-approval-pass plan for the directory restructure, marked as awaiting approval and executing nothing.","It plans a change to this repository's layout, which the export does not inherit.",9,,clean,n/a,
docs/SCALING_V3_MEASUREMENT.md,PUBLIC,Pre-registers and harvests the v3 species scaling measurement that gates the merge.,"It fixes the scale factor relating anchor weights to merged weights, which published comparisons are read against.",4,,needs-rewrite,n/a,
docs/SCRATCH_RECONCILIATION.md,INTERNAL,Compares every deployed and scratch copy on the cluster against tracked content by digest and disposes of each.,It reconciles one machine's working copies with git.,5,,clean,n/a,
docs/SECOND_BRANCH_WEIGHT.md,PUBLIC,"Measures how much weight the dominant-only decay mapping puts at risk, and fires the decision rule for the branching-ratio split.","It is the measurement that justifies the published map convention, and a golden recipe regenerates it.",11,,needs-rewrite,n/a,
docs/SIGMA_B_ORDERING_AND_ADJUDICATION.md,PUBLIC,"The Sigma_b asymmetry ordering test and the adjudication pre-registration, annotated that every sigma computed on extraction weights is about five times too large.",The ordering result is published and the committed block logs anchor it.,8,,needs-rewrite,n/a,
docs/SPECIES_AXIS_VALIDATION.md,PUBLIC,"The evidence record for the 202-ordinal species axis across all three tunes: what was run, on what, and what came back.",The species axis is the spine of the published decomposition and this is its validation.,12,,needs-rewrite,n/a,
docs/SUPERVISOR_CHANGE_REPORT.md,INTERNAL,"Reports to the supervisors what changed since the incoming pull request, measured from that commit.",The brief rules it INTERNAL: it addresses named readers about this repository's history.,2,,clean,n/a,
docs/SYSTEMATICS.md,PUBLIC,"The living systematics document: every source, its status, and the per-class numbers as they close.",It is where the published systematic uncertainty is stated and defined.,13,,needs-rewrite,n/a,
docs/SYSTEMATICS_HARVEST_RUN_RECORD.md,PUBLIC,"The command-by-command record of the seven-campaign harvest, with every input digest, intermediate number and provenance note.","It is the provenance for the published systematics results, which the brief rules PUBLIC.",12,,needs-rewrite,n/a,
docs/SYSTEMATICS_PREREGISTRATION.md,PUBLIC,"Pre-registers the six systematic sources and their combination rule, committed before any variation job was rendered or queued.","The published uncertainty is scored against it, and its wall clock is the evidence it preceded the runs.",51,,needs-rewrite,n/a,
docs/TERMS.md,PUBLIC,"The project glossary: one canonical name per thing, what each means, the names not to use, and the identifier that fixes each one.","A reader meeting associate, block and canonical slot for the first time needs it, and it carries the c1-to-c11 direction every quoted trend depends on.",4,,clean,n/a,
docs/TERMS_BASELINE.tsv,INTERNAL,"The recorded debt: every place PUBLIC prose still uses a ruled-out term, keyed by file, term and canonical term with an exact count.","It is a worklist for the documentation rewrite, not a statement about the analysis.",2,,clean,n/a,
docs/THREE_TUNE_CENTRAL_TABLE.md,PUBLIC,"The three-tune central table, promoted to final once both outstanding closures passed.",It is the resubmission's central number.,25,,needs-rewrite,n/a,
docs/V2_PIN_SWEEP.md,PUBLIC,"Enumerates every site that treated the analysis pair schema as a constant, now that the contract is version-aware.",A reader running the chain on either schema needs to know which sites accept both and which pin one.,6,,needs-rewrite,n/a,
docs/VALIDATION_INVENTORY.md,PUBLIC,"Lists what is in the validation directory and what has actually run, including the macros written but never run.",It tells a reader which validators back a published claim and which are available but unexercised.,6,,needs-rewrite,n/a,
docs/V_INTEGRATED_PREREGISTRATION.md,PUBLIC,Pre-registers the multiplicity-integrated balancing yield before the observable is built.,"It fixes the method for a paper-facing quantity in advance, which is what makes it checkable.",8,,needs-rewrite,n/a,
docs/WORKSPACE.md,PUBLIC,"Everything a machine needs and every path that works on only one machine, with the rule that no tracked file carries a single-machine path.",It is the dependency and setup reference a reader needs before the first command.,20,Makefile,needs-rewrite,n/a,
docs/a2_evidence_20260813/hold_reasons_unique.txt,INTERNAL,The distinct scheduler hold reasons seen while the A2 campaign was queued.,It diagnoses cluster scheduling during one run and bears on no number.,0,,clean,n/a,
docs/a2_evidence_20260813/regression_sentinel.json,PUBLIC,The A2 regression sentinel written by the comparison tool itself rather than transcribed.,It is the machine-checkable evidence that the A2 variation reproduced its baseline before its delta was used.,1,,clean,n/a,
docs/a2_evidence_20260813/slot_0_5478114_0.err,INTERNAL,"One A2 job slot's standard error stream, kept from the queued run.","It is a single job's error log from one campaign, not evidence for a published quantity.",0,,clean,n/a,
docs/a2_regression_pass_permissive_largest_index.json,PUBLIC,The machine-readable A2 regression verdict for the largest-index tie-break variation.,"It is the sentinel that records whether the A2 variation reproduced its baseline, which the published systematic depends on.",0,,clean,n/a,
docs/a2_regression_pass_permissive_smallest_index.json,PUBLIC,The same regression verdict for the pre-registered smallest-index tie-break.,It is the sentinel for the tie-break the A2 pre-registration actually selected.,0,,clean,n/a,
docs/a2_results_20260813/A2_DELTA_RESULT.md,PUBLIC,"A measured delta, tie-break robustness table or regression sentinel from the A2 pair-level unresolved-origin systematic.","A2 is a published systematic with a committed pre-registration, and these are the numbers it produced.",8,,needs-rewrite,n/a,a2-results
docs/a2_results_20260813/A2_TIEBREAK_ROBUSTNESS.md,PUBLIC,"A measured delta, tie-break robustness table or regression sentinel from the A2 pair-level unresolved-origin systematic.","A2 is a published systematic with a committed pre-registration, and these are the numbers it produced.",10,,needs-rewrite,n/a,a2-results
docs/a2_results_20260813/a2_delta_CLOSEPACKING.txt,PUBLIC,"A measured delta, tie-break robustness table or regression sentinel from the A2 pair-level unresolved-origin systematic.","A2 is a published systematic with a committed pre-registration, and these are the numbers it produced.",0,,clean,n/a,a2-results
docs/a2_results_20260813/a2_delta_JUNCTIONS.txt,PUBLIC,"A measured delta, tie-break robustness table or regression sentinel from the A2 pair-level unresolved-origin systematic.","A2 is a published systematic with a committed pre-registration, and these are the numbers it produced.",0,,clean,n/a,a2-results
docs/a2_results_20260813/a2_delta_MONASH.txt,PUBLIC,"A measured delta, tie-break robustness table or regression sentinel from the A2 pair-level unresolved-origin systematic.","A2 is a published systematic with a committed pre-registration, and these are the numbers it produced.",0,,clean,n/a,a2-results
docs/a2_results_20260813/regression_sentinel_a4df31e6.json,PUBLIC,"A measured delta, tie-break robustness table or regression sentinel from the A2 pair-level unresolved-origin systematic.","A2 is a published systematic with a committed pre-registration, and these are the numbers it produced.",1,,clean,n/a,a2-results
docs/a2_results_20260813/tiebreak_robustness/largest_CLOSEPACKING.txt,PUBLIC,"A measured delta, tie-break robustness table or regression sentinel from the A2 pair-level unresolved-origin systematic.","A2 is a published systematic with a committed pre-registration, and these are the numbers it produced.",0,,clean,n/a,a2-results
docs/a2_results_20260813/tiebreak_robustness/largest_JUNCTIONS.txt,PUBLIC,"A measured delta, tie-break robustness table or regression sentinel from the A2 pair-level unresolved-origin systematic.","A2 is a published systematic with a committed pre-registration, and these are the numbers it produced.",0,,clean,n/a,a2-results
docs/a2_results_20260813/tiebreak_robustness/largest_MONASH.txt,PUBLIC,"A measured delta, tie-break robustness table or regression sentinel from the A2 pair-level unresolved-origin systematic.","A2 is a published systematic with a committed pre-registration, and these are the numbers it produced.",0,,clean,n/a,a2-results
docs/a2_results_20260813/tiebreak_robustness/regression_sentinel_4e491134.json,PUBLIC,"A measured delta, tie-break robustness table or regression sentinel from the A2 pair-level unresolved-origin systematic.","A2 is a published systematic with a committed pre-registration, and these are the numbers it produced.",0,,clean,n/a,a2-results
docs/a2_results_20260813/tiebreak_robustness/smallest_CLOSEPACKING.txt,PUBLIC,"A measured delta, tie-break robustness table or regression sentinel from the A2 pair-level unresolved-origin systematic.","A2 is a published systematic with a committed pre-registration, and these are the numbers it produced.",0,,clean,n/a,a2-results
docs/a2_results_20260813/tiebreak_robustness/smallest_JUNCTIONS.txt,PUBLIC,"A measured delta, tie-break robustness table or regression sentinel from the A2 pair-level unresolved-origin systematic.","A2 is a published systematic with a committed pre-registration, and these are the numbers it produced.",0,,clean,n/a,a2-results
docs/a2_results_20260813/tiebreak_robustness/smallest_MONASH.txt,PUBLIC,"A measured delta, tie-break robustness table or regression sentinel from the A2 pair-level unresolved-origin systematic.","A2 is a published systematic with a committed pre-registration, and these are the numbers it produced.",0,,clean,n/a,a2-results
docs/campaigns/HF_RUN3_V1_PARTIALS_ARCHIVE.md,INTERNAL,"The manifest of 34 partial staging directories moved out of the gate's scan root, recorded so the move is reversible.",It documents a reversible housekeeping action on cluster storage.,5,,clean,n/a,
docs/campaigns/HF_RUN3_V1_RECORD.md,PUBLIC,"The campaign record for the production behind the published dataset: what was rendered, when it was submitted and when it was released.",It is the provenance of the events every published number is computed from.,12,,needs-rewrite,n/a,
docs/history/A2_DELTA_MEASURED_SESSION_20260813m.md,INTERNAL,"One session's own record of what it did, what it found and what it left open, filed under a dated session name.",docs/PUBLICATION_EXPORT_EXCLUSIONS.md excludes docs/history in full: these quote superseded intermediate numbers a reader cannot tell from current ones.,0,,clean,n/a,history-session-records
docs/history/A2_PAIR_SYSTEMATIC_SESSION_20260813d.md,INTERNAL,"One session's own record of what it did, what it found and what it left open, filed under a dated session name.",docs/PUBLICATION_EXPORT_EXCLUSIONS.md excludes docs/history in full: these quote superseded intermediate numbers a reader cannot tell from current ones.,0,,clean,n/a,history-session-records
docs/history/A2_PRESENTATION_RULING_SESSION_20260813o.md,INTERNAL,"One session's own record of what it did, what it found and what it left open, filed under a dated session name.",docs/PUBLICATION_EXPORT_EXCLUSIONS.md excludes docs/history in full: these quote superseded intermediate numbers a reader cannot tell from current ones.,0,,clean,n/a,history-session-records
docs/history/A2_TIEBREAK_ROBUSTNESS_SESSION_20260813n.md,INTERNAL,"One session's own record of what it did, what it found and what it left open, filed under a dated session name.",docs/PUBLICATION_EXPORT_EXCLUSIONS.md excludes docs/history in full: these quote superseded intermediate numbers a reader cannot tell from current ones.,0,,clean,n/a,history-session-records
docs/history/A2_UNBLOCK_SESSION_20260813l.md,INTERNAL,"One session's own record of what it did, what it found and what it left open, filed under a dated session name.",docs/PUBLICATION_EXPORT_EXCLUSIONS.md excludes docs/history in full: these quote superseded intermediate numbers a reader cannot tell from current ones.,0,,clean,n/a,history-session-records
docs/history/A9_SESSION_20260813h.md,INTERNAL,"One session's own record of what it did, what it found and what it left open, filed under a dated session name.",docs/PUBLICATION_EXPORT_EXCLUSIONS.md excludes docs/history in full: these quote superseded intermediate numbers a reader cannot tell from current ones.,0,,clean,n/a,history-session-records
docs/history/CAMPAIGN_SEAL_SESSION_20260817c.md,INTERNAL,"One session's own record of what it did, what it found and what it left open, filed under a dated session name.",docs/PUBLICATION_EXPORT_EXCLUSIONS.md excludes docs/history in full: these quote superseded intermediate numbers a reader cannot tell from current ones.,4,,clean,n/a,history-session-records
docs/history/CATEGORY_TEST_SESSION_20260813g.md,INTERNAL,"One session's own record of what it did, what it found and what it left open, filed under a dated session name.",docs/PUBLICATION_EXPORT_EXCLUSIONS.md excludes docs/history in full: these quote superseded intermediate numbers a reader cannot tell from current ones.,0,,clean,n/a,history-session-records
docs/history/CLOSURE_VERDICTS_AND_FIGURES_SESSION_20260816.md,INTERNAL,"One session's own record of what it did, what it found and what it left open, filed under a dated session name.",docs/PUBLICATION_EXPORT_EXCLUSIONS.md excludes docs/history in full: these quote superseded intermediate numbers a reader cannot tell from current ones.,0,,clean,n/a,history-session-records
docs/history/CLOSURE_WAIT_SESSION_20260815b.md,INTERNAL,"One session's own record of what it did, what it found and what it left open, filed under a dated session name.",docs/PUBLICATION_EXPORT_EXCLUSIONS.md excludes docs/history in full: these quote superseded intermediate numbers a reader cannot tell from current ones.,0,,clean,n/a,history-session-records
docs/history/CONSOLIDATION_A_SESSION_20260817.md,INTERNAL,"One session's own record of what it did, what it found and what it left open, filed under a dated session name.",docs/PUBLICATION_EXPORT_EXCLUSIONS.md excludes docs/history in full: these quote superseded intermediate numbers a reader cannot tell from current ones.,0,,clean,n/a,history-session-records
docs/history/FIGURE3_SESSION_20260813f.md,INTERNAL,"One session's own record of what it did, what it found and what it left open, filed under a dated session name.",docs/PUBLICATION_EXPORT_EXCLUSIONS.md excludes docs/history in full: these quote superseded intermediate numbers a reader cannot tell from current ones.,0,,clean,n/a,history-session-records
docs/history/FIGURE_CENSUS_SESSION_20260817b.md,INTERNAL,"One session's own record of what it did, what it found and what it left open, filed under a dated session name.",docs/PUBLICATION_EXPORT_EXCLUSIONS.md excludes docs/history in full: these quote superseded intermediate numbers a reader cannot tell from current ones.,0,,clean,n/a,history-session-records
docs/history/FIGURE_POLISH_SESSION_20260816b.md,INTERNAL,"One session's own record of what it did, what it found and what it left open, filed under a dated session name.",docs/PUBLICATION_EXPORT_EXCLUSIONS.md excludes docs/history in full: these quote superseded intermediate numbers a reader cannot tell from current ones.,0,,clean,n/a,history-session-records
docs/history/GATE_AND_PLOTTING_SESSION_20260813e.md,INTERNAL,"One session's own record of what it did, what it found and what it left open, filed under a dated session name.",docs/PUBLICATION_EXPORT_EXCLUSIONS.md excludes docs/history in full: these quote superseded intermediate numbers a reader cannot tell from current ones.,0,,clean,n/a,history-session-records
docs/history/HARVEST_BLOCKED_SESSION_20260813b.md,INTERNAL,"One session's own record of what it did, what it found and what it left open, filed under a dated session name.",docs/PUBLICATION_EXPORT_EXCLUSIONS.md excludes docs/history in full: these quote superseded intermediate numbers a reader cannot tell from current ones.,0,,clean,n/a,history-session-records
docs/history/MERGE_SUPERVISOR_SESSION_20260814a.md,INTERNAL,"One session's own record of what it did, what it found and what it left open, filed under a dated session name.",docs/PUBLICATION_EXPORT_EXCLUSIONS.md excludes docs/history in full: these quote superseded intermediate numbers a reader cannot tell from current ones.,1,,clean,n/a,history-session-records
docs/history/PLOTTING_B2_B3_SESSION_20260813j.md,INTERNAL,"One session's own record of what it did, what it found and what it left open, filed under a dated session name.",docs/PUBLICATION_EXPORT_EXCLUSIONS.md excludes docs/history in full: these quote superseded intermediate numbers a reader cannot tell from current ones.,0,,clean,n/a,history-session-records
docs/history/PLOTTING_B6_AND_V3_RUN_SESSION_20260813k.md,INTERNAL,"One session's own record of what it did, what it found and what it left open, filed under a dated session name.",docs/PUBLICATION_EXPORT_EXCLUSIONS.md excludes docs/history in full: these quote superseded intermediate numbers a reader cannot tell from current ones.,2,,clean,n/a,history-session-records
docs/history/PLOTTING_V3_DELTA_SESSION_20260813i.md,INTERNAL,"One session's own record of what it did, what it found and what it left open, filed under a dated session name.",docs/PUBLICATION_EXPORT_EXCLUSIONS.md excludes docs/history in full: these quote superseded intermediate numbers a reader cannot tell from current ones.,0,,clean,n/a,history-session-records
docs/history/POST_REVIEW_TIER1_SESSION_20260813.md,INTERNAL,"One session's own record of what it did, what it found and what it left open, filed under a dated session name.",docs/PUBLICATION_EXPORT_EXCLUSIONS.md excludes docs/history in full: these quote superseded intermediate numbers a reader cannot tell from current ones.,1,,clean,n/a,history-session-records
docs/history/REPLICATION_SWEEP_SESSION_20260813c.md,INTERNAL,"One session's own record of what it did, what it found and what it left open, filed under a dated session name.",docs/PUBLICATION_EXPORT_EXCLUSIONS.md excludes docs/history in full: these quote superseded intermediate numbers a reader cannot tell from current ones.,0,,clean,n/a,history-session-records
docs/history/RESTRUCTURE_SESSION_20260812.md,INTERNAL,"One session's own record of what it did, what it found and what it left open, filed under a dated session name.",docs/PUBLICATION_EXPORT_EXCLUSIONS.md excludes docs/history in full: these quote superseded intermediate numbers a reader cannot tell from current ones.,1,,clean,n/a,history-session-records
docs/history/SYSTEMATICS_WAVE1_SESSION_20260817.md,INTERNAL,"One session's own record of what it did, what it found and what it left open, filed under a dated session name.",docs/PUBLICATION_EXPORT_EXCLUSIONS.md excludes docs/history in full: these quote superseded intermediate numbers a reader cannot tell from current ones.,0,,clean,n/a,history-session-records
docs/history/THREE_TUNE_HARVEST_SESSION_20260813.md,INTERNAL,"One session's own record of what it did, what it found and what it left open, filed under a dated session name.",docs/PUBLICATION_EXPORT_EXCLUSIONS.md excludes docs/history in full: these quote superseded intermediate numbers a reader cannot tell from current ones.,0,,clean,n/a,history-session-records
docs/history/THREE_TUNE_PROVISIONAL_SESSION_20260815.md,INTERNAL,"One session's own record of what it did, what it found and what it left open, filed under a dated session name.",docs/PUBLICATION_EXPORT_EXCLUSIONS.md excludes docs/history in full: these quote superseded intermediate numbers a reader cannot tell from current ones.,2,,clean,n/a,history-session-records
docs/history/TRIAGE_DOCUMENT_PRUNE_SESSION_20260817.md,INTERNAL,"One session's own record of what it did, what it found and what it left open, filed under a dated session name.",docs/PUBLICATION_EXPORT_EXCLUSIONS.md excludes docs/history in full: these quote superseded intermediate numbers a reader cannot tell from current ones.,1,,clean,n/a,history-session-records
docs/history/agent_instructions/PUBLICATION_READY_CODING_AGENT_INSTRUCTIONS.md,INTERNAL,"One session's own record of what it did, what it found and what it left open, filed under a dated session name.",docs/PUBLICATION_EXPORT_EXCLUSIONS.md excludes docs/history in full: these quote superseded intermediate numbers a reader cannot tell from current ones.,10,,clean,n/a,history-session-records
docs/history/audits/FULL_PRODUCTION_CHANGE_JUSTIFICATION_AUDIT_20260730.md,INTERNAL,"One session's own record of what it did, what it found and what it left open, filed under a dated session name.",docs/PUBLICATION_EXPORT_EXCLUSIONS.md excludes docs/history in full: these quote superseded intermediate numbers a reader cannot tell from current ones.,2,,clean,n/a,history-session-records
docs/history/audits/PRE_IMPLEMENTATION_SOURCE_OF_TRUTH_AUDIT.md,INTERNAL,"One session's own record of what it did, what it found and what it left open, filed under a dated session name.",docs/PUBLICATION_EXPORT_EXCLUSIONS.md excludes docs/history in full: these quote superseded intermediate numbers a reader cannot tell from current ones.,3,,clean,n/a,history-session-records
docs/history/audits/REPO_AUDIT_c1bb0d9.md,INTERNAL,"One session's own record of what it did, what it found and what it left open, filed under a dated session name.",docs/PUBLICATION_EXPORT_EXCLUSIONS.md excludes docs/history in full: these quote superseded intermediate numbers a reader cannot tell from current ones.,8,,clean,n/a,history-session-records
docs/history/audits/deletion_candidates.txt,INTERNAL,"A previous repository audit or change-justification pass, with its inventory and deletion-candidate lists.","It is the archaeology of earlier cleanups, and this manifest supersedes it as the current inventory.",6,,clean,n/a,history-audits
docs/history/audits/repo_inventory.csv,INTERNAL,"A previous repository audit or change-justification pass, with its inventory and deletion-candidate lists.","It is the archaeology of earlier cleanups, and this manifest supersedes it as the current inventory.",3,,clean,n/a,history-audits
docs/history/cleanups/CLEANUP_REPORT.md,INTERNAL,"One session's own record of what it did, what it found and what it left open, filed under a dated session name.",docs/PUBLICATION_EXPORT_EXCLUSIONS.md excludes docs/history in full: these quote superseded intermediate numbers a reader cannot tell from current ones.,5,,clean,n/a,history-session-records
docs/history/handoffs/HANDOFF_20260803.md,INTERNAL,"One session's own record of what it did, what it found and what it left open, filed under a dated session name.",docs/PUBLICATION_EXPORT_EXCLUSIONS.md excludes docs/history in full: these quote superseded intermediate numbers a reader cannot tell from current ones.,1,,clean,n/a,history-session-records
docs/history/handoffs/HANDOFF_20260803_v3.md,INTERNAL,"One session's own record of what it did, what it found and what it left open, filed under a dated session name.",docs/PUBLICATION_EXPORT_EXCLUSIONS.md excludes docs/history in full: these quote superseded intermediate numbers a reader cannot tell from current ones.,1,,clean,n/a,history-session-records
docs/history/handoffs/HANDOFF_20260804_v4.md,INTERNAL,"One session's own record of what it did, what it found and what it left open, filed under a dated session name.",docs/PUBLICATION_EXPORT_EXCLUSIONS.md excludes docs/history in full: these quote superseded intermediate numbers a reader cannot tell from current ones.,1,,clean,n/a,history-session-records
docs/history/handoffs/HANDOFF_20260804_v5.md,INTERNAL,"One session's own record of what it did, what it found and what it left open, filed under a dated session name.",docs/PUBLICATION_EXPORT_EXCLUSIONS.md excludes docs/history in full: these quote superseded intermediate numbers a reader cannot tell from current ones.,1,,clean,n/a,history-session-records
docs/history/handoffs/HANDOFF_20260805_v6.md,INTERNAL,"One session's own record of what it did, what it found and what it left open, filed under a dated session name.",docs/PUBLICATION_EXPORT_EXCLUSIONS.md excludes docs/history in full: these quote superseded intermediate numbers a reader cannot tell from current ones.,1,,clean,n/a,history-session-records
docs/history/handoffs/HANDOFF_20260805_v7.md,INTERNAL,"One session's own record of what it did, what it found and what it left open, filed under a dated session name.",docs/PUBLICATION_EXPORT_EXCLUSIONS.md excludes docs/history in full: these quote superseded intermediate numbers a reader cannot tell from current ones.,1,,clean,n/a,history-session-records
docs/history/handoffs/HANDOFF_20260805_v8.md,INTERNAL,"One session's own record of what it did, what it found and what it left open, filed under a dated session name.",docs/PUBLICATION_EXPORT_EXCLUSIONS.md excludes docs/history in full: these quote superseded intermediate numbers a reader cannot tell from current ones.,3,,clean,n/a,history-session-records
docs/history/handoffs/HANDOFF_20260806_v9.md,INTERNAL,"One session's own record of what it did, what it found and what it left open, filed under a dated session name.",docs/PUBLICATION_EXPORT_EXCLUSIONS.md excludes docs/history in full: these quote superseded intermediate numbers a reader cannot tell from current ones.,3,,clean,n/a,history-session-records
docs/history/handoffs/HANDOFF_20260808_v10.md,INTERNAL,"One session's own record of what it did, what it found and what it left open, filed under a dated session name.",docs/PUBLICATION_EXPORT_EXCLUSIONS.md excludes docs/history in full: these quote superseded intermediate numbers a reader cannot tell from current ones.,0,,clean,n/a,history-session-records
docs/history/handoffs/HANDOFF_20260808_v11.md,INTERNAL,"One session's own record of what it did, what it found and what it left open, filed under a dated session name.",docs/PUBLICATION_EXPORT_EXCLUSIONS.md excludes docs/history in full: these quote superseded intermediate numbers a reader cannot tell from current ones.,1,,clean,n/a,history-session-records
docs/history/handoffs/HANDOFF_20260808_v12.md,INTERNAL,"One session's own record of what it did, what it found and what it left open, filed under a dated session name.",docs/PUBLICATION_EXPORT_EXCLUSIONS.md excludes docs/history in full: these quote superseded intermediate numbers a reader cannot tell from current ones.,0,,clean,n/a,history-session-records
docs/history/handoffs/HANDOFF_20260809_v13.md,INTERNAL,"One session's own record of what it did, what it found and what it left open, filed under a dated session name.",docs/PUBLICATION_EXPORT_EXCLUSIONS.md excludes docs/history in full: these quote superseded intermediate numbers a reader cannot tell from current ones.,0,,clean,n/a,history-session-records
docs/history/handoffs/HANDOFF_20260809_v14.md,INTERNAL,"One session's own record of what it did, what it found and what it left open, filed under a dated session name.",docs/PUBLICATION_EXPORT_EXCLUSIONS.md excludes docs/history in full: these quote superseded intermediate numbers a reader cannot tell from current ones.,0,,clean,n/a,history-session-records
docs/history/handoffs/HANDOFF_20260809_v15.md,INTERNAL,"One session's own record of what it did, what it found and what it left open, filed under a dated session name.",docs/PUBLICATION_EXPORT_EXCLUSIONS.md excludes docs/history in full: these quote superseded intermediate numbers a reader cannot tell from current ones.,0,,clean,n/a,history-session-records
docs/history/handoffs/HANDOFF_20260809_v16.md,INTERNAL,"One session's own record of what it did, what it found and what it left open, filed under a dated session name.",docs/PUBLICATION_EXPORT_EXCLUSIONS.md excludes docs/history in full: these quote superseded intermediate numbers a reader cannot tell from current ones.,0,,clean,n/a,history-session-records
docs/history/handoffs/HANDOFF_20260809_v17.md,INTERNAL,"One session's own record of what it did, what it found and what it left open, filed under a dated session name.",docs/PUBLICATION_EXPORT_EXCLUSIONS.md excludes docs/history in full: these quote superseded intermediate numbers a reader cannot tell from current ones.,0,,clean,n/a,history-session-records
docs/history/handoffs/HANDOFF_20260809_v18.md,INTERNAL,"One session's own record of what it did, what it found and what it left open, filed under a dated session name.",docs/PUBLICATION_EXPORT_EXCLUSIONS.md excludes docs/history in full: these quote superseded intermediate numbers a reader cannot tell from current ones.,0,,clean,n/a,history-session-records
docs/history/handoffs/HANDOFF_20260809_v19.md,INTERNAL,"One session's own record of what it did, what it found and what it left open, filed under a dated session name.",docs/PUBLICATION_EXPORT_EXCLUSIONS.md excludes docs/history in full: these quote superseded intermediate numbers a reader cannot tell from current ones.,0,,clean,n/a,history-session-records
docs/history/handoffs/HANDOFF_20260809_v20.md,INTERNAL,"One session's own record of what it did, what it found and what it left open, filed under a dated session name.",docs/PUBLICATION_EXPORT_EXCLUSIONS.md excludes docs/history in full: these quote superseded intermediate numbers a reader cannot tell from current ones.,0,,clean,n/a,history-session-records
docs/history/handoffs/HANDOFF_20260809_v21_GENERATIONAL.md,INTERNAL,"One session's own record of what it did, what it found and what it left open, filed under a dated session name.",docs/PUBLICATION_EXPORT_EXCLUSIONS.md excludes docs/history in full: these quote superseded intermediate numbers a reader cannot tell from current ones.,2,,clean,n/a,history-session-records
docs/history/handoffs/HANDOFF_20260809_v22.md,INTERNAL,"One session's own record of what it did, what it found and what it left open, filed under a dated session name.",docs/PUBLICATION_EXPORT_EXCLUSIONS.md excludes docs/history in full: these quote superseded intermediate numbers a reader cannot tell from current ones.,0,,clean,n/a,history-session-records
docs/history/handoffs/HANDOFF_20260809_v23.md,INTERNAL,"One session's own record of what it did, what it found and what it left open, filed under a dated session name.",docs/PUBLICATION_EXPORT_EXCLUSIONS.md excludes docs/history in full: these quote superseded intermediate numbers a reader cannot tell from current ones.,0,,clean,n/a,history-session-records
docs/history/handoffs/HANDOFF_20260809_v24.md,INTERNAL,"One session's own record of what it did, what it found and what it left open, filed under a dated session name.",docs/PUBLICATION_EXPORT_EXCLUSIONS.md excludes docs/history in full: these quote superseded intermediate numbers a reader cannot tell from current ones.,0,,clean,n/a,history-session-records
docs/history/handoffs/HANDOFF_20260809_v25.md,INTERNAL,"One session's own record of what it did, what it found and what it left open, filed under a dated session name.",docs/PUBLICATION_EXPORT_EXCLUSIONS.md excludes docs/history in full: these quote superseded intermediate numbers a reader cannot tell from current ones.,0,,clean,n/a,history-session-records
docs/history/handoffs/HANDOFF_20260809_v26.md,INTERNAL,"One session's own record of what it did, what it found and what it left open, filed under a dated session name.",docs/PUBLICATION_EXPORT_EXCLUSIONS.md excludes docs/history in full: these quote superseded intermediate numbers a reader cannot tell from current ones.,0,,clean,n/a,history-session-records
docs/history/handoffs/HANDOFF_20260809_v27.md,INTERNAL,"One session's own record of what it did, what it found and what it left open, filed under a dated session name.",docs/PUBLICATION_EXPORT_EXCLUSIONS.md excludes docs/history in full: these quote superseded intermediate numbers a reader cannot tell from current ones.,0,,clean,n/a,history-session-records
docs/history/handoffs/HANDOFF_20260809_v28.md,INTERNAL,"One session's own record of what it did, what it found and what it left open, filed under a dated session name.",docs/PUBLICATION_EXPORT_EXCLUSIONS.md excludes docs/history in full: these quote superseded intermediate numbers a reader cannot tell from current ones.,1,,clean,n/a,history-session-records
docs/history/handoffs/HANDOFF_20260809_v29.md,INTERNAL,"One session's own record of what it did, what it found and what it left open, filed under a dated session name.",docs/PUBLICATION_EXPORT_EXCLUSIONS.md excludes docs/history in full: these quote superseded intermediate numbers a reader cannot tell from current ones.,1,,clean,n/a,history-session-records
docs/history/handoffs/HANDOFF_20260809_v30.md,INTERNAL,"One session's own record of what it did, what it found and what it left open, filed under a dated session name.",docs/PUBLICATION_EXPORT_EXCLUSIONS.md excludes docs/history in full: these quote superseded intermediate numbers a reader cannot tell from current ones.,0,,clean,n/a,history-session-records
docs/history/handoffs/HANDOFF_20260809_v31.md,INTERNAL,"One session's own record of what it did, what it found and what it left open, filed under a dated session name.",docs/PUBLICATION_EXPORT_EXCLUSIONS.md excludes docs/history in full: these quote superseded intermediate numbers a reader cannot tell from current ones.,1,,clean,n/a,history-session-records
docs/history/handoffs/HANDOFF_20260809_v32.md,INTERNAL,"One session's own record of what it did, what it found and what it left open, filed under a dated session name.",docs/PUBLICATION_EXPORT_EXCLUSIONS.md excludes docs/history in full: these quote superseded intermediate numbers a reader cannot tell from current ones.,0,,clean,n/a,history-session-records
docs/history/handoffs/HANDOFF_20260809_v33.md,INTERNAL,"One session's own record of what it did, what it found and what it left open, filed under a dated session name.",docs/PUBLICATION_EXPORT_EXCLUSIONS.md excludes docs/history in full: these quote superseded intermediate numbers a reader cannot tell from current ones.,0,,clean,n/a,history-session-records
docs/history/handoffs/HANDOFF_20260809_v34.md,INTERNAL,"One session's own record of what it did, what it found and what it left open, filed under a dated session name.",docs/PUBLICATION_EXPORT_EXCLUSIONS.md excludes docs/history in full: these quote superseded intermediate numbers a reader cannot tell from current ones.,0,,clean,n/a,history-session-records
docs/history/handoffs/HANDOFF_20260809_v35.md,INTERNAL,"One session's own record of what it did, what it found and what it left open, filed under a dated session name.",docs/PUBLICATION_EXPORT_EXCLUSIONS.md excludes docs/history in full: these quote superseded intermediate numbers a reader cannot tell from current ones.,0,,clean,n/a,history-session-records
docs/history/handoffs/HANDOFF_20260809_v36.md,INTERNAL,"One session's own record of what it did, what it found and what it left open, filed under a dated session name.",docs/PUBLICATION_EXPORT_EXCLUSIONS.md excludes docs/history in full: these quote superseded intermediate numbers a reader cannot tell from current ones.,0,,clean,n/a,history-session-records
docs/history/handoffs/HANDOFF_20260810_v37.md,INTERNAL,"One session's own record of what it did, what it found and what it left open, filed under a dated session name.",docs/PUBLICATION_EXPORT_EXCLUSIONS.md excludes docs/history in full: these quote superseded intermediate numbers a reader cannot tell from current ones.,0,,clean,n/a,history-session-records
docs/history/handoffs/HANDOFF_20260810_v38.md,INTERNAL,"One session's own record of what it did, what it found and what it left open, filed under a dated session name.",docs/PUBLICATION_EXPORT_EXCLUSIONS.md excludes docs/history in full: these quote superseded intermediate numbers a reader cannot tell from current ones.,0,,clean,n/a,history-session-records
docs/history/handoffs/HANDOFF_20260810_v39.md,INTERNAL,"One session's own record of what it did, what it found and what it left open, filed under a dated session name.",docs/PUBLICATION_EXPORT_EXCLUSIONS.md excludes docs/history in full: these quote superseded intermediate numbers a reader cannot tell from current ones.,0,,clean,n/a,history-session-records
docs/history/handoffs/HANDOFF_20260810_v40_GENERATIONAL.md,INTERNAL,"One session's own record of what it did, what it found and what it left open, filed under a dated session name.",docs/PUBLICATION_EXPORT_EXCLUSIONS.md excludes docs/history in full: these quote superseded intermediate numbers a reader cannot tell from current ones.,6,,clean,n/a,history-session-records
docs/history/handoffs/HANDOFF_20260810_v41.md,INTERNAL,"One session's own record of what it did, what it found and what it left open, filed under a dated session name.",docs/PUBLICATION_EXPORT_EXCLUSIONS.md excludes docs/history in full: these quote superseded intermediate numbers a reader cannot tell from current ones.,1,,clean,n/a,history-session-records
docs/history/handoffs/HANDOFF_20260810_v42.md,INTERNAL,"One session's own record of what it did, what it found and what it left open, filed under a dated session name.",docs/PUBLICATION_EXPORT_EXCLUSIONS.md excludes docs/history in full: these quote superseded intermediate numbers a reader cannot tell from current ones.,1,,clean,n/a,history-session-records
docs/history/handoffs/HANDOFF_20260811_v43.md,INTERNAL,"One session's own record of what it did, what it found and what it left open, filed under a dated session name.",docs/PUBLICATION_EXPORT_EXCLUSIONS.md excludes docs/history in full: these quote superseded intermediate numbers a reader cannot tell from current ones.,1,,clean,n/a,history-session-records
docs/history/handoffs/HANDOFF_20260811_v44.md,INTERNAL,"One session's own record of what it did, what it found and what it left open, filed under a dated session name.",docs/PUBLICATION_EXPORT_EXCLUSIONS.md excludes docs/history in full: these quote superseded intermediate numbers a reader cannot tell from current ones.,1,,clean,n/a,history-session-records
docs/history/handoffs/HANDOFF_20260811_v45.md,INTERNAL,"One session's own record of what it did, what it found and what it left open, filed under a dated session name.",docs/PUBLICATION_EXPORT_EXCLUSIONS.md excludes docs/history in full: these quote superseded intermediate numbers a reader cannot tell from current ones.,1,,clean,n/a,history-session-records
docs/history/handoffs/HANDOFF_20260811_v46.md,INTERNAL,"One session's own record of what it did, what it found and what it left open, filed under a dated session name.",docs/PUBLICATION_EXPORT_EXCLUSIONS.md excludes docs/history in full: these quote superseded intermediate numbers a reader cannot tell from current ones.,1,,clean,n/a,history-session-records
docs/history/handoffs/HANDOFF_20260812_prep_v1.md,INTERNAL,"One session's own record of what it did, what it found and what it left open, filed under a dated session name.",docs/PUBLICATION_EXPORT_EXCLUSIONS.md excludes docs/history in full: these quote superseded intermediate numbers a reader cannot tell from current ones.,2,,clean,n/a,history-session-records
docs/history/handoffs/HANDOFF_20260812_prep_v2.md,INTERNAL,"One session's own record of what it did, what it found and what it left open, filed under a dated session name.",docs/PUBLICATION_EXPORT_EXCLUSIONS.md excludes docs/history in full: these quote superseded intermediate numbers a reader cannot tell from current ones.,1,,clean,n/a,history-session-records
docs/history/handoffs/HANDOFF_20260812_prep_v3.md,INTERNAL,"One session's own record of what it did, what it found and what it left open, filed under a dated session name.",docs/PUBLICATION_EXPORT_EXCLUSIONS.md excludes docs/history in full: these quote superseded intermediate numbers a reader cannot tell from current ones.,2,,clean,n/a,history-session-records
docs/history/handoffs/HANDOFF_20260812_v47.md,INTERNAL,"One session's own record of what it did, what it found and what it left open, filed under a dated session name.",docs/PUBLICATION_EXPORT_EXCLUSIONS.md excludes docs/history in full: these quote superseded intermediate numbers a reader cannot tell from current ones.,0,,clean,n/a,history-session-records
docs/history/plotting_validation/FINAL_PLOTTING_HANDOFF.md,INTERNAL,"One session's own record of what it did, what it found and what it left open, filed under a dated session name.",docs/PUBLICATION_EXPORT_EXCLUSIONS.md excludes docs/history in full: these quote superseded intermediate numbers a reader cannot tell from current ones.,6,,clean,n/a,history-session-records
docs/history/plotting_validation/removed_tracked_plot_inventory.txt,INTERNAL,"A session transcript, cleanup report, agent working-instruction pack or superseded plotting handoff kept under the history tree.","Each records process rather than method or result, and the export exclusion covers the whole tree.",8,,clean,n/a,history-other
docs/history/studies/Balancing_and_Sampling/ATTENTION.txt,INTERNAL,"Warns that double-counting is not implemented from 23 December onward and that results from this directory need dividing by two, ending with the note that this remains to be checked.","It is an unresolved caveat on a superseded study, ruled out of scope only while no published number descends from that directory.",13,,clean,n/a,history-studies
docs/history/studies/Balancing_and_Sampling/B_Balancing.C,INTERNAL,"A superseded standalone study: its macros, its committed numeric outputs and the descriptions of the ROOT files it read.","These studies ran on older productions and no published number descends from them, so they record how the project got here.",4,,clean,yes,history-studies
docs/history/studies/Balancing_and_Sampling/B_Balancing_CompareSimulationSettings.C,INTERNAL,"A superseded standalone study: its macros, its committed numeric outputs and the descriptions of the ROOT files it read.","These studies ran on older productions and no published number descends from them, so they record how the project got here.",4,,clean,yes,history-studies
docs/history/studies/Balancing_and_Sampling/B_Balancing_GeneralPlotting.C,INTERNAL,"A superseded standalone study: its macros, its committed numeric outputs and the descriptions of the ROOT files it read.","These studies ran on older productions and no published number descends from them, so they record how the project got here.",14,,clean,yes,history-studies
docs/history/studies/Balancing_and_Sampling/B_Balancing_MakeOutputYields.C,INTERNAL,"A superseded standalone study: its macros, its committed numeric outputs and the descriptions of the ROOT files it read.","These studies ran on older productions and no published number descends from them, so they record how the project got here.",6,,clean,yes,history-studies
docs/history/studies/Balancing_and_Sampling/CalculateErrors/B_Balancing_MakeOutputYields.C,INTERNAL,"A superseded standalone study: its macros, its committed numeric outputs and the descriptions of the ROOT files it read.","These studies ran on older productions and no published number descends from them, so they record how the project got here.",6,,clean,yes,history-studies
docs/history/studies/Balancing_and_Sampling/CalculateErrors/GenerateOutputs.sh,INTERNAL,"A superseded standalone study: its macros, its committed numeric outputs and the descriptions of the ROOT files it read.","These studies ran on older productions and no published number descends from them, so they record how the project got here.",5,,clean,yes,history-studies
docs/history/studies/Balancing_and_Sampling/CalculateErrors/yieldSampling_BB.C,INTERNAL,"A superseded standalone study: its macros, its committed numeric outputs and the descriptions of the ROOT files it read.","These studies ran on older productions and no published number descends from them, so they record how the project got here.",3,,clean,yes,history-studies
docs/history/studies/Balancing_and_Sampling/CalculateErrors/yieldSampling_CC.C,INTERNAL,"A superseded standalone study: its macros, its committed numeric outputs and the descriptions of the ROOT files it read.","These studies ran on older productions and no published number descends from them, so they record how the project got here.",3,,clean,yes,history-studies
docs/history/studies/Balancing_and_Sampling/GenerateOutputs.sh,INTERNAL,"A superseded standalone study: its macros, its committed numeric outputs and the descriptions of the ROOT files it read.","These studies ran on older productions and no published number descends from them, so they record how the project got here.",5,,clean,yes,history-studies
docs/history/studies/Balancing_and_Sampling/containsExcitedD.C,INTERNAL,"A superseded standalone study: its macros, its committed numeric outputs and the descriptions of the ROOT files it read.","These studies ran on older productions and no published number descends from them, so they record how the project got here.",4,,clean,yes,history-studies
docs/history/studies/Balancing_and_Sampling/doubleCounting.C,INTERNAL,The macro whose double-counting logic decides whether the factor of two in ATTENTION.txt applies to any quoted number.,"It is the file to read if the caveat reopens, and the census names it for exactly that, but no current figure depends on it.",4,,clean,yes,history-studies
docs/history/studies/Balancing_and_Sampling/vRelYieldsErrBBMULTCONDENSED.txt,INTERNAL,"A superseded standalone study: its macros, its committed numeric outputs and the descriptions of the ROOT files it read.","These studies ran on older productions and no published number descends from them, so they record how the project got here.",4,,clean,n/a,history-studies
docs/history/studies/Balancing_and_Sampling/vRelYieldsErrBBMULTGENERAL.txt,INTERNAL,"A superseded standalone study: its macros, its committed numeric outputs and the descriptions of the ROOT files it read.","These studies ran on older productions and no published number descends from them, so they record how the project got here.",3,,clean,n/a,history-studies
docs/history/studies/Balancing_and_Sampling/vRelYieldsRatioErrBBMULTCONDENSED.txt,INTERNAL,"A superseded standalone study: its macros, its committed numeric outputs and the descriptions of the ROOT files it read.","These studies ran on older productions and no published number descends from them, so they record how the project got here.",4,,clean,n/a,history-studies
docs/history/studies/Balancing_and_Sampling/vRelYieldsRatioErrBBMULTGENERAL.txt,INTERNAL,"A superseded standalone study: its macros, its committed numeric outputs and the descriptions of the ROOT files it read.","These studies ran on older productions and no published number descends from them, so they record how the project got here.",3,,clean,n/a,history-studies
docs/history/studies/Balancing_and_Sampling/vYieldsErrBBMULTCONDENSED.txt,INTERNAL,"A superseded standalone study: its macros, its committed numeric outputs and the descriptions of the ROOT files it read.","These studies ran on older productions and no published number descends from them, so they record how the project got here.",4,,clean,n/a,history-studies
docs/history/studies/Balancing_and_Sampling/vYieldsErrBBMULTGENERAL.txt,INTERNAL,"A superseded standalone study: its macros, its committed numeric outputs and the descriptions of the ROOT files it read.","These studies ran on older productions and no published number descends from them, so they record how the project got here.",2,,clean,n/a,history-studies
docs/history/studies/Balancing_and_Sampling/vYieldsRatioErrBBMULTCONDENSED.txt,INTERNAL,"A superseded standalone study: its macros, its committed numeric outputs and the descriptions of the ROOT files it read.","These studies ran on older productions and no published number descends from them, so they record how the project got here.",4,,clean,n/a,history-studies
docs/history/studies/Balancing_and_Sampling/vYieldsRatioErrBBMULTGENERAL.txt,INTERNAL,"A superseded standalone study: its macros, its committed numeric outputs and the descriptions of the ROOT files it read.","These studies ran on older productions and no published number descends from them, so they record how the project got here.",3,,clean,n/a,history-studies
docs/history/studies/Batching_MONASH.sh,INTERNAL,"A superseded standalone study: its macros, its committed numeric outputs and the descriptions of the ROOT files it read.","These studies ran on older productions and no published number descends from them, so they record how the project got here.",7,,clean,yes,history-studies
docs/history/studies/DpDmBpBm_ComparisonStudy/DecayAndHadronisation_Markers_MotherStudy.C,INTERNAL,"A superseded standalone study: its macros, its committed numeric outputs and the descriptions of the ROOT files it read.","These studies ran on older productions and no published number descends from them, so they record how the project got here.",3,,clean,yes,history-studies
docs/history/studies/DpDmBpBm_ComparisonStudy/DecayAndHadronisation_Stacked_MotherStudy.C,INTERNAL,"A superseded standalone study: its macros, its committed numeric outputs and the descriptions of the ROOT files it read.","These studies ran on older productions and no published number descends from them, so they record how the project got here.",5,,clean,yes,history-studies
docs/history/studies/DpDmBpBm_ComparisonStudy/PlottingComparisonStudy.C,INTERNAL,"A superseded standalone study: its macros, its committed numeric outputs and the descriptions of the ROOT files it read.","These studies ran on older productions and no published number descends from them, so they record how the project got here.",2,,clean,yes,history-studies
docs/history/studies/DpDmBpBm_ComparisonStudy/ProductionOriginStudy.C,INTERNAL,"A superseded standalone study: its macros, its committed numeric outputs and the descriptions of the ROOT files it read.","These studies ran on older productions and no published number descends from them, so they record how the project got here.",2,,clean,yes,history-studies
docs/history/studies/DpDmBpBm_ComparisonStudy/SameDiffMother_Markers_MotherStudy.C,INTERNAL,"A superseded standalone study: its macros, its committed numeric outputs and the descriptions of the ROOT files it read.","These studies ran on older productions and no published number descends from them, so they record how the project got here.",3,,clean,yes,history-studies
docs/history/studies/DpDmBpBm_ComparisonStudy/SameDiffMother_Stacked_MotherStudy.C,INTERNAL,"A superseded standalone study: its macros, its committed numeric outputs and the descriptions of the ROOT files it read.","These studies ran on older productions and no published number descends from them, so they record how the project got here.",3,,clean,yes,history-studies
docs/history/studies/RootFiles/214_215_RootFilesDescriptions.txt,INTERNAL,"A superseded standalone study: its macros, its committed numeric outputs and the descriptions of the ROOT files it read.","These studies ran on older productions and no published number descends from them, so they record how the project got here.",3,,clean,n/a,history-studies
docs/history/studies/RootFiles/OlderProductions/DpDmBpBm_Comparison_RootFiles/DESCRIPTIONS.txt,INTERNAL,"A superseded standalone study: its macros, its committed numeric outputs and the descriptions of the ROOT files it read.","These studies ran on older productions and no published number descends from them, so they record how the project got here.",5,,clean,n/a,history-studies
docs/history/studies/RootFiles/pTHatMinRootFilesDESCRIPTIONS.txt,INTERNAL,"A superseded standalone study: its macros, its committed numeric outputs and the descriptions of the ROOT files it read.","These studies ran on older productions and no published number descends from them, so they record how the project got here.",3,,clean,n/a,history-studies
docs/history/transcripts/RECIPE_TRANSCRIPT_20260813.md,INTERNAL,"One session's own record of what it did, what it found and what it left open, filed under a dated session name.",docs/PUBLICATION_EXPORT_EXCLUSIONS.md excludes docs/history in full: these quote superseded intermediate numbers a reader cannot tell from current ones.,1,,clean,n/a,history-session-records
docs/nikhef_cleanup_20260820/premove_sha256_20260820.txt,INTERNAL,"One record of the executed cluster cleanup: the target list, the pre-removal digests, the per-path manifest or the removal log.","Owner-ruled 2026-08-20: cluster operations evidence, not a reproduction input.",1,,clean,n/a,nikhef-cleanup-evidence
docs/nikhef_cleanup_20260820/removal_log_20260820.tsv,INTERNAL,"One record of the executed cluster cleanup: the target list, the pre-removal digests, the per-path manifest or the removal log.","Owner-ruled 2026-08-20: cluster operations evidence, not a reproduction input.",1,,clean,n/a,nikhef-cleanup-evidence
docs/nikhef_cleanup_20260820/removal_manifest_20260820.tsv,INTERNAL,"One record of the executed cluster cleanup: the target list, the pre-removal digests, the per-path manifest or the removal log.","Owner-ruled 2026-08-20: cluster operations evidence, not a reproduction input.",2,,clean,n/a,nikhef-cleanup-evidence
docs/nikhef_cleanup_20260820/targets.txt,INTERNAL,"One record of the executed cluster cleanup: the target list, the pre-removal digests, the per-path manifest or the removal log.","Owner-ruled 2026-08-20: cluster operations evidence, not a reproduction input.",1,,clean,n/a,nikhef-cleanup-evidence
docs/nikhef_consolidation_20260820/census_20260820.tsv,INTERNAL,"One record of the Nikhef home-directory consolidation: its census, reverse map, resolver pin check or post-acceptance deletion proposal.",These files make a cluster administration pass reviewable and reversible; they are not inputs to the physics result.,1,,clean,n/a,nikhef-consolidation-records
docs/nikhef_consolidation_20260820/moves_20260820.tsv,INTERNAL,"One record of the Nikhef home-directory consolidation: its census, reverse map, resolver pin check or post-acceptance deletion proposal.",These files make a cluster administration pass reviewable and reversible; they are not inputs to the physics result.,0,,clean,n/a,nikhef-consolidation-records
docs/nikhef_consolidation_20260820/resolver_pin_check_20260820.tsv,INTERNAL,"One record of the Nikhef home-directory consolidation: its census, reverse map, resolver pin check or post-acceptance deletion proposal.",These files make a cluster administration pass reviewable and reversible; they are not inputs to the physics result.,1,,clean,n/a,nikhef-consolidation-records
docs/plotting_validation/hf_run3_v1_kinematics_20260817/RUN_RECORD.md,PUBLIC,"A figure-render receipt, run record or rendered canvas from one dated plotting validation run, including the variants that were rejected.",The brief rules boundary receipts PUBLIC: these are how a reader knows a published figure came from the named inputs and command.,10,,needs-rewrite,n/a,plotting-validation-receipts
docs/plotting_validation/hf_run3_v1_monash_20260813/RUN_RECORD.md,PUBLIC,"A figure-render receipt, run record or rendered canvas from one dated plotting validation run, including the variants that were rejected.",The brief rules boundary receipts PUBLIC: these are how a reader knows a published figure came from the named inputs and command.,10,,clean,n/a,plotting-validation-receipts
docs/plotting_validation/hf_run3_v1_monash_20260813/global_balancing_plots_multiplicity_HF_RUN3_V1_MONASH_PNG.png,PUBLIC,"A figure-render receipt, run record or rendered canvas from one dated plotting validation run, including the variants that were rejected.",The brief rules boundary receipts PUBLIC: these are how a reader knows a published figure came from the named inputs and command.,2,,clean,n/a,plotting-validation-receipts
docs/plotting_validation/hf_run3_v1_monash_20260813/multiplicity_boundary_receipt_v1.json,PUBLIC,"A figure-render receipt, run record or rendered canvas from one dated plotting validation run, including the variants that were rejected.",The brief rules boundary receipts PUBLIC: these are how a reader knows a published figure came from the named inputs and command.,22,,clean,n/a,plotting-validation-receipts
docs/plotting_validation/hf_run3_v1_threetune_20260816/REJECTED_variantA_log_ratio_panels.png,PUBLIC,"A figure-render receipt, run record or rendered canvas from one dated plotting validation run, including the variants that were rejected.",The brief rules boundary receipts PUBLIC: these are how a reader knows a published figure came from the named inputs and command.,2,,clean,n/a,plotting-validation-receipts
docs/plotting_validation/hf_run3_v1_threetune_20260816/REJECTED_variantB_monash_first_ordering.png,PUBLIC,"A figure-render receipt, run record or rendered canvas from one dated plotting validation run, including the variants that were rejected.",The brief rules boundary receipts PUBLIC: these are how a reader knows a published figure came from the named inputs and command.,2,,clean,n/a,plotting-validation-receipts
docs/plotting_validation/hf_run3_v1_threetune_20260816/RUN_RECORD.md,PUBLIC,"A figure-render receipt, run record or rendered canvas from one dated plotting validation run, including the variants that were rejected.",The brief rules boundary receipts PUBLIC: these are how a reader knows a published figure came from the named inputs and command.,10,,needs-rewrite,n/a,plotting-validation-receipts
docs/plotting_validation/hf_run3_v1_threetune_20260816/global_balancing_plots_multiplicity_HF_RUN3_V1_THREETUNE_PNG.png,PUBLIC,"A figure-render receipt, run record or rendered canvas from one dated plotting validation run, including the variants that were rejected.",The brief rules boundary receipts PUBLIC: these are how a reader knows a published figure came from the named inputs and command.,3,,clean,n/a,plotting-validation-receipts
docs/plotting_validation/hf_run3_v1_threetune_20260816/global_balancing_plots_multiplicity_HF_RUN3_V1_THREETUNE_POLISHED_PNG.png,PUBLIC,"A figure-render receipt, run record or rendered canvas from one dated plotting validation run, including the variants that were rejected.",The brief rules boundary receipts PUBLIC: these are how a reader knows a published figure came from the named inputs and command.,0,,clean,n/a,plotting-validation-receipts
docs/plotting_validation/hf_run3_v1_threetune_20260816/multiplicity_boundary_receipt_v1.json,PUBLIC,"A figure-render receipt, run record or rendered canvas from one dated plotting validation run, including the variants that were rejected.",The brief rules boundary receipts PUBLIC: these are how a reader knows a published figure came from the named inputs and command.,22,,clean,n/a,plotting-validation-receipts
docs/plotting_validation/hf_run3_v1_threetune_20260816/multiplicity_boundary_receipt_v1_polished.json,PUBLIC,"A figure-render receipt, run record or rendered canvas from one dated plotting validation run, including the variants that were rejected.",The brief rules boundary receipts PUBLIC: these are how a reader knows a published figure came from the named inputs and command.,4,,clean,n/a,plotting-validation-receipts
docs/systematics_results_20260817/s5_class_migration.json,PUBLIC,"A per-class, per-category, ratio-trend or tune-separation result from an earlier wave of the systematics harvest.","The brief rules docs/systematics_results_* PUBLIC, and the final combination is defined relative to these waves.",3,,clean,n/a,systematics-results-wave
docs/systematics_results_20260819/PER_CATEGORY_DELTAS.md,PUBLIC,"A per-class, per-category, ratio-trend or tune-separation result from an earlier wave of the systematics harvest.","The brief rules docs/systematics_results_* PUBLIC, and the final combination is defined relative to these waves.",4,,needs-rewrite,n/a,systematics-results-wave
docs/systematics_results_20260819/PER_CLASS_DELTAS.md,PUBLIC,"A per-class, per-category, ratio-trend or tune-separation result from an earlier wave of the systematics harvest.","The brief rules docs/systematics_results_* PUBLIC, and the final combination is defined relative to these waves.",4,,needs-rewrite,n/a,systematics-results-wave
docs/systematics_results_20260819/RATIO_TREND.md,PUBLIC,"A per-class, per-category, ratio-trend or tune-separation result from an earlier wave of the systematics harvest.","The brief rules docs/systematics_results_* PUBLIC, and the final combination is defined relative to these waves.",7,,needs-rewrite,n/a,systematics-results-wave
docs/systematics_results_20260819/TUNE_SEPARATION.md,PUBLIC,"A per-class, per-category, ratio-trend or tune-separation result from an earlier wave of the systematics harvest.","The brief rules docs/systematics_results_* PUBLIC, and the final combination is defined relative to these waves.",5,,needs-rewrite,n/a,systematics-results-wave
docs/systematics_results_20260819/per_category_deltas.json,PUBLIC,"A per-class, per-category, ratio-trend or tune-separation result from an earlier wave of the systematics harvest.","The brief rules docs/systematics_results_* PUBLIC, and the final combination is defined relative to these waves.",2,,clean,n/a,systematics-results-wave
docs/systematics_results_20260819/per_class_deltas.csv,PUBLIC,"A per-class, per-category, ratio-trend or tune-separation result from an earlier wave of the systematics harvest.","The brief rules docs/systematics_results_* PUBLIC, and the final combination is defined relative to these waves.",3,,clean,n/a,systematics-results-wave
docs/systematics_results_20260819/per_class_deltas.json,PUBLIC,"A per-class, per-category, ratio-trend or tune-separation result from an earlier wave of the systematics harvest.","The brief rules docs/systematics_results_* PUBLIC, and the final combination is defined relative to these waves.",5,,clean,n/a,systematics-results-wave
docs/systematics_results_20260819/ratio_trend.json,PUBLIC,"A per-class, per-category, ratio-trend or tune-separation result from an earlier wave of the systematics harvest.","The brief rules docs/systematics_results_* PUBLIC, and the final combination is defined relative to these waves.",8,,clean,n/a,systematics-results-wave
docs/systematics_results_20260819/tune_separation.json,PUBLIC,"A per-class, per-category, ratio-trend or tune-separation result from an earlier wave of the systematics harvest.","The brief rules docs/systematics_results_* PUBLIC, and the final combination is defined relative to these waves.",6,,clean,n/a,systematics-results-wave
docs/systematics_results_20260820/COMBINED_SYSTEMATICS.md,PUBLIC,"A table, report or machine-readable record from the final systematics combination over the seven variation sources.",The brief rules docs/systematics_results_* PUBLIC: this is the published uncertainty and the arithmetic behind it.,7,,needs-rewrite,n/a,systematics-results-final
docs/systematics_results_20260820/PER_CATEGORY_FINAL_TWO.md,PUBLIC,"A table, report or machine-readable record from the final systematics combination over the seven variation sources.",The brief rules docs/systematics_results_* PUBLIC: this is the published uncertainty and the arithmetic behind it.,2,,clean,n/a,systematics-results-final
docs/systematics_results_20260820/PER_CLASS_DELTAS_SEVEN.md,PUBLIC,"A table, report or machine-readable record from the final systematics combination over the seven variation sources.",The brief rules docs/systematics_results_* PUBLIC: this is the published uncertainty and the arithmetic behind it.,1,,needs-rewrite,n/a,systematics-results-final
docs/systematics_results_20260820/VERDICT.md,PUBLIC,"A table, report or machine-readable record from the final systematics combination over the seven variation sources.",The brief rules docs/systematics_results_* PUBLIC: this is the published uncertainty and the arithmetic behind it.,7,,needs-rewrite,n/a,systematics-results-final
docs/systematics_results_20260820/per_category_final_two.json,PUBLIC,"A table, report or machine-readable record from the final systematics combination over the seven variation sources.",The brief rules docs/systematics_results_* PUBLIC: this is the published uncertainty and the arithmetic behind it.,1,,clean,n/a,systematics-results-final
docs/systematics_results_20260820/per_class_combination.csv,PUBLIC,"A table, report or machine-readable record from the final systematics combination over the seven variation sources.",The brief rules docs/systematics_results_* PUBLIC: this is the published uncertainty and the arithmetic behind it.,2,,clean,n/a,systematics-results-final
docs/systematics_results_20260820/per_class_combination.json,PUBLIC,"A table, report or machine-readable record from the final systematics combination over the seven variation sources.",The brief rules docs/systematics_results_* PUBLIC: this is the published uncertainty and the arithmetic behind it.,3,,clean,n/a,systematics-results-final
docs/systematics_results_20260820/per_class_deltas_seven.csv,PUBLIC,"A table, report or machine-readable record from the final systematics combination over the seven variation sources.",The brief rules docs/systematics_results_* PUBLIC: this is the published uncertainty and the arithmetic behind it.,2,,clean,n/a,systematics-results-final
docs/systematics_results_20260820/per_class_deltas_seven.json,PUBLIC,"A table, report or machine-readable record from the final systematics combination over the seven variation sources.",The brief rules docs/systematics_results_* PUBLIC: this is the published uncertainty and the arithmetic behind it.,4,,clean,n/a,systematics-results-final
docs/systematics_results_20260820/s4/nch_mb_CLOSEPACKING_eta40.csv,PUBLIC,"A table, report or machine-readable record from the final systematics combination over the seven variation sources.",The brief rules docs/systematics_results_* PUBLIC: this is the published uncertainty and the arithmetic behind it.,0,,clean,n/a,systematics-results-final
docs/systematics_results_20260820/s4/nch_mb_JUNCTIONS_eta40.csv,PUBLIC,"A table, report or machine-readable record from the final systematics combination over the seven variation sources.",The brief rules docs/systematics_results_* PUBLIC: this is the published uncertainty and the arithmetic behind it.,0,,clean,n/a,systematics-results-final
docs/systematics_results_20260820/s4/nch_mb_MONASH_eta10.csv,PUBLIC,"A table, report or machine-readable record from the final systematics combination over the seven variation sources.",The brief rules docs/systematics_results_* PUBLIC: this is the published uncertainty and the arithmetic behind it.,0,,clean,n/a,systematics-results-final
docs/systematics_results_20260820/s4/nch_mb_MONASH_eta40.csv,PUBLIC,"A table, report or machine-readable record from the final systematics combination over the seven variation sources.",The brief rules docs/systematics_results_* PUBLIC: this is the published uncertainty and the arithmetic behind it.,0,,clean,n/a,systematics-results-final
docs/systematics_results_20260820/s4/s4_wide_boundaries_v1.json,PUBLIC,"A table, report or machine-readable record from the final systematics combination over the seven variation sources.",The brief rules docs/systematics_results_* PUBLIC: this is the published uncertainty and the arithmetic behind it.,2,,clean,n/a,systematics-results-final
docs/systematics_results_20260820/verdict.json,PUBLIC,"A table, report or machine-readable record from the final systematics combination over the seven variation sources.",The brief rules docs/systematics_results_* PUBLIC: this is the published uncertainty and the arithmetic behind it.,5,,clean,n/a,systematics-results-final
docs/writing_standard/STANDARD.md,INTERNAL,The repository's writing standard: the Simplified Technical English and Orwell rules every tracked document is written against.,Owner-ruled 2026-08-20: the writing standard does not travel.,4,,needs-rewrite,n/a,
docs/writing_standard/pdf-page-map.md,INTERNAL,"Maps the repository's rule numbering onto pages of the third-party ASD-STE100 specification, which is deliberately untracked.","It indexes into a copyrighted document that the export cannot carry, and the exclusions list already forbids redistributing it.",4,,clean,n/a,
docs/writing_standard/ste-rules.md,INTERNAL,"The rule-by-rule reference behind that standard, in the repository's own wording.",Owner-ruled 2026-08-20: it stays with the standard it expands.,2,,needs-rewrite,n/a,
extraction/aggregate_m7.py,PUBLIC,"Aggregates the unresolved-origin systematic across the ten canonical blocks, per sector.",README section 3a runs it on committed logs to reproduce a published table.,21,,clean,no,extraction-chain
extraction/apply_decay_map.py,PUBLIC,One stage of the extraction and systematics chain that turns merged pair output into the published tables and their uncertainties.,"This is the code that produces the paper's numbers, so a reader cannot check any of them without it.",15,,clean,no,extraction-chain
extraction/bbaryon_tune_advisory.py,PUBLIC,One stage of the extraction and systematics chain that turns merged pair output into the published tables and their uncertainties.,"This is the code that produces the paper's numbers, so a reader cannot check any of them without it.",5,,clean,no,extraction-chain
extraction/combine_derived.py,PUBLIC,One stage of the extraction and systematics chain that turns merged pair output into the published tables and their uncertainties.,"This is the code that produces the paper's numbers, so a reader cannot check any of them without it.",2,,clean,no,extraction-chain
extraction/combine_per_class.py,PUBLIC,One stage of the extraction and systematics chain that turns merged pair output into the published tables and their uncertainties.,"This is the code that produces the paper's numbers, so a reader cannot check any of them without it.",11,,clean,no,extraction-chain
extraction/compare_subset_parent.py,PUBLIC,"Compares a per-species subset table against the parent it was drawn from, under an explicitly named null.","It is the mechanism behind the published anchor defect, and the null has no default because the choice changes the verdict.",17,,needs-rewrite,no,extraction-chain
extraction/decompose_with_block_sems.py,PUBLIC,"Produces the species decomposition with block standard errors in both conventions, using the pre-registered estimator.",The published central values and their uncertainties come from it.,25,,needs-rewrite,no,extraction-chain
extraction/extract_species_decomposition.py,PUBLIC,"Projects a merged directory's 202-bin species closure and groups it by category, with the decay map named explicitly.",It is the first extraction layer over merged output and the source of every per-species table.,38,,needs-rewrite,no,extraction-chain
extraction/harvest_class_axis.py,PUBLIC,One stage of the extraction and systematics chain that turns merged pair output into the published tables and their uncertainties.,"This is the code that produces the paper's numbers, so a reader cannot check any of them without it.",0,,needs-rewrite,no,extraction-chain
extraction/harvest_class_report.py,PUBLIC,One stage of the extraction and systematics chain that turns merged pair output into the published tables and their uncertainties.,"This is the code that produces the paper's numbers, so a reader cannot check any of them without it.",4,,clean,no,extraction-chain
extraction/harvest_deltas.py,PUBLIC,One stage of the extraction and systematics chain that turns merged pair output into the published tables and their uncertainties.,"This is the code that produces the paper's numbers, so a reader cannot check any of them without it.",3,,clean,no,extraction-chain
extraction/harvest_yield_deltas.py,PUBLIC,One stage of the extraction and systematics chain that turns merged pair output into the published tables and their uncertainties.,"This is the code that produces the paper's numbers, so a reader cannot check any of them without it.",0,,clean,no,extraction-chain
extraction/pipeline/harvest_tune.py,PUBLIC,One stage of the extraction and systematics chain that turns merged pair output into the published tables and their uncertainties.,"This is the code that produces the paper's numbers, so a reader cannot check any of them without it.",15,,needs-rewrite,no,extraction-chain
extraction/pipeline/tune_chain.sh,PUBLIC,One stage of the extraction and systematics chain that turns merged pair output into the published tables and their uncertainties.,"This is the code that produces the paper's numbers, so a reader cannot check any of them without it.",17,,needs-rewrite,no,extraction-chain
extraction/pipeline/tune_extract.sh,PUBLIC,One stage of the extraction and systematics chain that turns merged pair output into the published tables and their uncertainties.,"This is the code that produces the paper's numbers, so a reader cannot check any of them without it.",21,extraction/pipeline/tune_chain.sh,clean,no,extraction-chain
extraction/ratio_trend.py,PUBLIC,One stage of the extraction and systematics chain that turns merged pair output into the published tables and their uncertainties.,"This is the code that produces the paper's numbers, so a reader cannot check any of them without it.",2,,clean,no,extraction-chain
extraction/second_branch_weight.py,PUBLIC,One stage of the extraction and systematics chain that turns merged pair output into the published tables and their uncertainties.,"This is the code that produces the paper's numbers, so a reader cannot check any of them without it.",13,,needs-rewrite,no,extraction-chain
extraction/systematics_delta.py,PUBLIC,One stage of the extraction and systematics chain that turns merged pair output into the published tables and their uncertainties.,"This is the code that produces the paper's numbers, so a reader cannot check any of them without it.",5,,needs-rewrite,no,extraction-chain
extraction/three_tune_table.py,PUBLIC,"Builds the three-tune table on a common row set so the columns are comparable, in both conventions.",It generates the resubmission's central table.,11,,clean,no,extraction-chain
extraction/write_combination_report.py,PUBLIC,One stage of the extraction and systematics chain that turns merged pair output into the published tables and their uncertainties.,"This is the code that produces the paper's numbers, so a reader cannot check any of them without it.",1,,clean,no,extraction-chain
extraction/write_per_class_report.py,PUBLIC,One stage of the extraction and systematics chain that turns merged pair output into the published tables and their uncertainties.,"This is the code that produces the paper's numbers, so a reader cannot check any of them without it.",1,,clean,no,extraction-chain
extraction/write_ratio_trend.py,PUBLIC,One stage of the extraction and systematics chain that turns merged pair output into the published tables and their uncertainties.,"This is the code that produces the paper's numbers, so a reader cannot check any of them without it.",1,,clean,no,extraction-chain
extraction/write_tune_separation.py,PUBLIC,One stage of the extraction and systematics chain that turns merged pair output into the published tables and their uncertainties.,"This is the code that produces the paper's numbers, so a reader cannot check any of them without it.",4,,clean,no,extraction-chain
extraction/write_verdict.py,PUBLIC,"Decides whether the tune separation exceeds its total uncertainty, computing the systematic on the separation rather than borrowing one.",It renders the paper's headline verdict.,2,,clean,no,extraction-chain
generation/Simulation_README.md,PUBLIC,"Explains the producer, its cards and how a generation job is run.",It is the subsystem guide for the first pipeline stage.,9,,needs-rewrite,n/a,
generation/cards/pythiasettings_Hard_Low_ccbb_CLOSEPACKING.cmnd,PUBLIC,"The CLOSEPACKING PYTHIA card, one of the three published tunes.",The published comparison is between exactly these three cards.,11,,clean,n/a,
generation/cards/pythiasettings_Hard_Low_ccbb_JUNCTIONS.cmnd,PUBLIC,"The JUNCTIONS PYTHIA card, one of the three published tunes.",The published comparison is between exactly these three cards.,11,,clean,n/a,
generation/cards/pythiasettings_Hard_Low_ccbb_JUNCTIONS_MATCHED.cmnd,PUBLIC,"A fourth JUNCTIONS card with matched settings, deliberately outside the published tune set.","It is a documented reference point, and its exclusion from the published set is itself a recorded contract the registry depends on.",3,,clean,n/a,
generation/cards/pythiasettings_Hard_Low_ccbb_MONASH.cmnd,PUBLIC,"The MONASH PYTHIA card, one of the three published tunes.",The published comparison is between exactly these three cards.,15,,clean,n/a,
generation/cards/systematics/pythiasettings_Hard_Low_ccbb_CLOSEPACKING__muf_down.cmnd,PUBLIC,One PYTHIA card for one systematic variation: the nominal tune card with exactly one setting changed.,"The published systematic uncertainty is the spread across these cards, so the variation campaigns cannot be regenerated without them.",0,,clean,n/a,tune-cards-systematics
generation/cards/systematics/pythiasettings_Hard_Low_ccbb_CLOSEPACKING__muf_up.cmnd,PUBLIC,One PYTHIA card for one systematic variation: the nominal tune card with exactly one setting changed.,"The published systematic uncertainty is the spread across these cards, so the variation campaigns cannot be regenerated without them.",0,,clean,n/a,tune-cards-systematics
generation/cards/systematics/pythiasettings_Hard_Low_ccbb_CLOSEPACKING__mur_down.cmnd,PUBLIC,One PYTHIA card for one systematic variation: the nominal tune card with exactly one setting changed.,"The published systematic uncertainty is the spread across these cards, so the variation campaigns cannot be regenerated without them.",0,,clean,n/a,tune-cards-systematics
generation/cards/systematics/pythiasettings_Hard_Low_ccbb_CLOSEPACKING__mur_up.cmnd,PUBLIC,One PYTHIA card for one systematic variation: the nominal tune card with exactly one setting changed.,"The published systematic uncertainty is the spread across these cards, so the variation campaigns cannot be regenerated without them.",0,,clean,n/a,tune-cards-systematics
generation/cards/systematics/pythiasettings_Hard_Low_ccbb_CLOSEPACKING__pdf_cteq6l1.cmnd,PUBLIC,One PYTHIA card for one systematic variation: the nominal tune card with exactly one setting changed.,"The published systematic uncertainty is the spread across these cards, so the variation campaigns cannot be regenerated without them.",0,,clean,n/a,tune-cards-systematics
generation/cards/systematics/pythiasettings_Hard_Low_ccbb_CLOSEPACKING__pthat_1p0.cmnd,PUBLIC,One PYTHIA card for one systematic variation: the nominal tune card with exactly one setting changed.,"The published systematic uncertainty is the spread across these cards, so the variation campaigns cannot be regenerated without them.",0,,clean,n/a,tune-cards-systematics
generation/cards/systematics/pythiasettings_Hard_Low_ccbb_CLOSEPACKING__pthat_4p0.cmnd,PUBLIC,One PYTHIA card for one systematic variation: the nominal tune card with exactly one setting changed.,"The published systematic uncertainty is the spread across these cards, so the variation campaigns cannot be regenerated without them.",0,,clean,n/a,tune-cards-systematics
generation/cards/systematics/pythiasettings_Hard_Low_ccbb_JUNCTIONS__muf_down.cmnd,PUBLIC,One PYTHIA card for one systematic variation: the nominal tune card with exactly one setting changed.,"The published systematic uncertainty is the spread across these cards, so the variation campaigns cannot be regenerated without them.",0,,clean,n/a,tune-cards-systematics
generation/cards/systematics/pythiasettings_Hard_Low_ccbb_JUNCTIONS__muf_up.cmnd,PUBLIC,One PYTHIA card for one systematic variation: the nominal tune card with exactly one setting changed.,"The published systematic uncertainty is the spread across these cards, so the variation campaigns cannot be regenerated without them.",0,,clean,n/a,tune-cards-systematics
generation/cards/systematics/pythiasettings_Hard_Low_ccbb_JUNCTIONS__mur_down.cmnd,PUBLIC,One PYTHIA card for one systematic variation: the nominal tune card with exactly one setting changed.,"The published systematic uncertainty is the spread across these cards, so the variation campaigns cannot be regenerated without them.",0,,clean,n/a,tune-cards-systematics
generation/cards/systematics/pythiasettings_Hard_Low_ccbb_JUNCTIONS__mur_up.cmnd,PUBLIC,One PYTHIA card for one systematic variation: the nominal tune card with exactly one setting changed.,"The published systematic uncertainty is the spread across these cards, so the variation campaigns cannot be regenerated without them.",0,,clean,n/a,tune-cards-systematics
generation/cards/systematics/pythiasettings_Hard_Low_ccbb_JUNCTIONS__pdf_cteq6l1.cmnd,PUBLIC,One PYTHIA card for one systematic variation: the nominal tune card with exactly one setting changed.,"The published systematic uncertainty is the spread across these cards, so the variation campaigns cannot be regenerated without them.",0,,clean,n/a,tune-cards-systematics
generation/cards/systematics/pythiasettings_Hard_Low_ccbb_JUNCTIONS__pthat_1p0.cmnd,PUBLIC,One PYTHIA card for one systematic variation: the nominal tune card with exactly one setting changed.,"The published systematic uncertainty is the spread across these cards, so the variation campaigns cannot be regenerated without them.",0,,clean,n/a,tune-cards-systematics
generation/cards/systematics/pythiasettings_Hard_Low_ccbb_JUNCTIONS__pthat_4p0.cmnd,PUBLIC,One PYTHIA card for one systematic variation: the nominal tune card with exactly one setting changed.,"The published systematic uncertainty is the spread across these cards, so the variation campaigns cannot be regenerated without them.",0,,clean,n/a,tune-cards-systematics
generation/cards/systematics/pythiasettings_Hard_Low_ccbb_MONASH__muf_down.cmnd,PUBLIC,One PYTHIA card for one systematic variation: the nominal tune card with exactly one setting changed.,"The published systematic uncertainty is the spread across these cards, so the variation campaigns cannot be regenerated without them.",0,,clean,n/a,tune-cards-systematics
generation/cards/systematics/pythiasettings_Hard_Low_ccbb_MONASH__muf_up.cmnd,PUBLIC,One PYTHIA card for one systematic variation: the nominal tune card with exactly one setting changed.,"The published systematic uncertainty is the spread across these cards, so the variation campaigns cannot be regenerated without them.",0,,clean,n/a,tune-cards-systematics
generation/cards/systematics/pythiasettings_Hard_Low_ccbb_MONASH__mur_down.cmnd,PUBLIC,One PYTHIA card for one systematic variation: the nominal tune card with exactly one setting changed.,"The published systematic uncertainty is the spread across these cards, so the variation campaigns cannot be regenerated without them.",0,,clean,n/a,tune-cards-systematics
generation/cards/systematics/pythiasettings_Hard_Low_ccbb_MONASH__mur_up.cmnd,PUBLIC,One PYTHIA card for one systematic variation: the nominal tune card with exactly one setting changed.,"The published systematic uncertainty is the spread across these cards, so the variation campaigns cannot be regenerated without them.",0,,clean,n/a,tune-cards-systematics
generation/cards/systematics/pythiasettings_Hard_Low_ccbb_MONASH__pdf_cteq6l1.cmnd,PUBLIC,One PYTHIA card for one systematic variation: the nominal tune card with exactly one setting changed.,"The published systematic uncertainty is the spread across these cards, so the variation campaigns cannot be regenerated without them.",0,,clean,n/a,tune-cards-systematics
generation/cards/systematics/pythiasettings_Hard_Low_ccbb_MONASH__pthat_1p0.cmnd,PUBLIC,One PYTHIA card for one systematic variation: the nominal tune card with exactly one setting changed.,"The published systematic uncertainty is the spread across these cards, so the variation campaigns cannot be regenerated without them.",0,,clean,n/a,tune-cards-systematics
generation/cards/systematics/pythiasettings_Hard_Low_ccbb_MONASH__pthat_4p0.cmnd,PUBLIC,One PYTHIA card for one systematic variation: the nominal tune card with exactly one setting changed.,"The published systematic uncertainty is the spread across these cards, so the variation campaigns cannot be regenerated without them.",0,,clean,n/a,tune-cards-systematics
generation/producer/HeavyFlavourUtils.h,PUBLIC,"The shared heavy-flavour helpers: species classification, hard-carrier resolution and the charged-multiplicity counter.","Producer, validators and analysis all include it, so its definitions are the observable's definitions.",55,,clean,no,
generation/producer/Makefile,PUBLIC,Builds the producer against the pinned PYTHIA and ROOT.,It is the documented build path for the generation stage.,55,tools/run_tests.sh,needs-rewrite,n/a,
generation/producer/Sha256.h,PUBLIC,A self-contained SHA-256 implementation used to stamp inputs and outputs inside ROOT and PYTHIA code.,The provenance digests a reader verifies are computed with it.,21,,clean,no,
generation/producer/heavyflavourcorrelations_status.cpp,PUBLIC,The PYTHIA producer: generates events and writes the canonical raw schema with its heavy-flavour audit trees.,"It is the stage that makes the data, so nothing can be rerun without it.",68,generation/submit/runCondorJob.sh,clean,no,
generation/registries/GeneratedHeavyFlavourRegistry.h,PUBLIC,"The generated C++ view of the signed species registry, carrying the source digest.",It is a golden output and the compiled code reads the registry only through it.,26,,clean,no,
generation/registries/GeneratedTuneSettingRegistry.h,PUBLIC,The generated C++ view of the tune settings the producer records per run.,It is a golden output that ties a produced file to the card that made it.,21,,clean,no,
generation/run_hf.sh,PUBLIC,Runs the producer for one tune and job outside the batch system.,It is the local entry point for generating events.,7,,clean,no,
generation/submit/Condor_README.md,PUBLIC,"The cluster operations guide: submitting, monitoring, the hang guard and the retry path.","README names it as the owner of cluster operations, which rerunning the production requires.",17,,needs-rewrite,n/a,
generation/submit/runCondorJob.sh,PUBLIC,"The worker script each production job runs: sets up the environment, runs the producer under the wall-clock guard, and writes the sidecar.",It is the job body behind all 3000 production files.,33,tools/run_tests.sh,needs-rewrite,no,
generation/submit/submit_status_analysis.sh,PUBLIC,Submits the analysis stage over a rendered manifest.,It is the documented entry point to the reduction stage on a cluster.,17,,clean,no,
merging/MergeAnalysisObjects.C,PUBLIC,"Object-level merger for status-analysis outputs, safer than a blind file merge because it merges known objects only.","The canonical merge includes it, and the object list is part of the closure contract.",16,,clean,no,
merging/MergeCanonicalAnalysis.C,PUBLIC,"Merges a canonical set of per-job pair directories into one directory, registry-aware.","It is the macro the merge driver calls, so the merged product is defined by it.",24,merging/merge_root_files.sh,clean,no,
merging/make_subsamples.sh,PUBLIC,Builds the subsample files the transverse-momentum figures are drawn from.,Those figures cannot be regenerated without their subsample inputs.,13,,clean,no,
merging/merge_root_files.sh,PUBLIC,"The merge driver: builds the three centrals and the thirty blocks, refusing to start without an explicit pair schema.",It is the stage that produces the merged product every published number is extracted from.,58,,needs-rewrite,no,
plotting/CommonMultiplicityBoundaries.h,PUBLIC,"One macro, header or helper on the publication figure path, from input validation through projection and styling to the rendered canvas.","Every published figure is produced by this code, so a reader checking a figure needs it.",12,,clean,no,plotting-figure-path
plotting/FinalAnalysis/Plot_MultiplicityDistributions_TwoSamples.C,PUBLIC,"One macro, header or helper on the publication figure path, from input validation through projection and styling to the rendered canvas.","Every published figure is produced by this code, so a reader checking a figure needs it.",7,plotting/run_paper_plots.sh,clean,no,plotting-figure-path
plotting/FinalAnalysis/Plot_SelectedParticleYields_IndependentVsCombined.C,PUBLIC,"One macro, header or helper on the publication figure path, from input validation through projection and styling to the rendered canvas.","Every published figure is produced by this code, so a reader checking a figure needs it.",8,plotting/run_paper_plots.sh,clean,no,plotting-figure-path
plotting/FinalAnalysis/README.md,PUBLIC,Explains the two remaining macros in the FinalAnalysis directory and their scheduled retirement.,"Both macros are still invoked by the figure driver, so a reader running it meets them.",33,Makefile,clean,n/a,
plotting/GeneratedClassLabelPrecision.h,PUBLIC,"The generated header carrying the multiplicity class label precision, derived from the single boundary source.","It is a generated artifact the figures compile against, so the labels cannot drift from the boundaries.",4,,clean,no,plotting-figure-path
plotting/HistogramErrorUtils.h,PUBLIC,"One macro, header or helper on the publication figure path, from input validation through projection and styling to the rendered canvas.","Every published figure is produced by this code, so a reader checking a figure needs it.",19,,clean,no,plotting-figure-path
plotting/MultiplicityBoundaryUtils.h,PUBLIC,"One macro, header or helper on the publication figure path, from input validation through projection and styling to the rendered canvas.","Every published figure is produced by this code, so a reader checking a figure needs it.",16,,clean,no,plotting-figure-path
plotting/PAPER_FIGURE_PROVENANCE.md,PUBLIC,Maps the manuscript's figures to the generators that reproduce them.,It is the figure-to-code provenance a reader follows from a published figure back to its command.,21,,needs-rewrite,n/a,
plotting/PairInputSelectionUtils.h,PUBLIC,"One macro, header or helper on the publication figure path, from input validation through projection and styling to the rendered canvas.","Every published figure is produced by this code, so a reader checking a figure needs it.",15,,clean,no,plotting-figure-path
plotting/Plot_FlavourClosure.C,PUBLIC,"One macro, header or helper on the publication figure path, from input validation through projection and styling to the rendered canvas.","Every published figure is produced by this code, so a reader checking a figure needs it.",8,,clean,no,plotting-figure-path
plotting/Plot_InclusiveKinematicSpectra_Raw.C,PUBLIC,"One macro, header or helper on the publication figure path, from input validation through projection and styling to the rendered canvas.","Every published figure is produced by this code, so a reader checking a figure needs it.",29,plotting/run_paper_plots.sh,needs-rewrite,no,plotting-figure-path
plotting/Plot_KinematicSpectra_THnSparse.C,PUBLIC,"One macro, header or helper on the publication figure path, from input validation through projection and styling to the rendered canvas.","Every published figure is produced by this code, so a reader checking a figure needs it.",10,,clean,no,plotting-figure-path
plotting/Plot_MultiplicityDistribution_PercentileBoundaries.C,PUBLIC,"One macro, header or helper on the publication figure path, from input validation through projection and styling to the rendered canvas.","Every published figure is produced by this code, so a reader checking a figure needs it.",19,plotting/run_paper_plots.sh,clean,no,plotting-figure-path
plotting/PtMultiplicity/Build_HF_AllHistogramSubsampleFile.C,PUBLIC,"One macro, header or helper on the publication figure path, from input validation through projection and styling to the rendered canvas.","Every published figure is produced by this code, so a reader checking a figure needs it.",3,,needs-rewrite,no,plotting-figure-path
plotting/PtMultiplicity/Build_HF_CombinedSubsamplesFile.C,PUBLIC,"One macro, header or helper on the publication figure path, from input validation through projection and styling to the rendered canvas.","Every published figure is produced by this code, so a reader checking a figure needs it.",6,,needs-rewrite,no,plotting-figure-path
plotting/PtMultiplicity/Plot_BaryonMesonRatio_CharmBeauty_MONASH_vs_JUNCTIONS_subsamples.C,PUBLIC,"One macro, header or helper on the publication figure path, from input validation through projection and styling to the rendered canvas.","Every published figure is produced by this code, so a reader checking a figure needs it.",2,,clean,no,plotting-figure-path
plotting/PtMultiplicity/Plot_Beauty_BaryonMesonRatio_MONASH_vs_JUNCTIONS_subsamples.C,PUBLIC,"One macro, header or helper on the publication figure path, from input validation through projection and styling to the rendered canvas.","Every published figure is produced by this code, so a reader checking a figure needs it.",2,,clean,no,plotting-figure-path
plotting/PtMultiplicity/Plot_Charm_BaryonMesonRatio_MONASH_vs_JUNCTIONS_subsamples.C,PUBLIC,"One macro, header or helper on the publication figure path, from input validation through projection and styling to the rendered canvas.","Every published figure is produced by this code, so a reader checking a figure needs it.",2,,clean,no,plotting-figure-path
plotting/PtMultiplicity/Plot_HF_MinimumBiasPtSpectra_MONASH_JUNCTIONS_subsamples.C,PUBLIC,"One macro, header or helper on the publication figure path, from input validation through projection and styling to the rendered canvas.","Every published figure is produced by this code, so a reader checking a figure needs it.",3,,clean,no,plotting-figure-path
plotting/PtMultiplicity/Plot_HF_PtSpectra_vsMultiplicity_MONASH_JUNCTIONS_subsamples.C,PUBLIC,"One macro, header or helper on the publication figure path, from input validation through projection and styling to the rendered canvas.","Every published figure is produced by this code, so a reader checking a figure needs it.",2,,clean,no,plotting-figure-path
plotting/PtMultiplicity/Plot_HF_Ratios_vsMultiplicityPercentile_subsamples.C,PUBLIC,"One macro, header or helper on the publication figure path, from input validation through projection and styling to the rendered canvas.","Every published figure is produced by this code, so a reader checking a figure needs it.",3,,clean,no,plotting-figure-path
plotting/PtMultiplicity/Plot_HF_SingleParticlePtSpectra_vsMultiplicity_MONASH_JUNCTIONS_subsamples.C,PUBLIC,"One macro, header or helper on the publication figure path, from input validation through projection and styling to the rendered canvas.","Every published figure is produced by this code, so a reader checking a figure needs it.",3,,clean,no,plotting-figure-path
plotting/PtMultiplicity/Plot_HF_SpeciesResolvedPtSpectra_vsMultiplicity_subsamples.C,PUBLIC,"One macro, header or helper on the publication figure path, from input validation through projection and styling to the rendered canvas.","Every published figure is produced by this code, so a reader checking a figure needs it.",4,,clean,no,plotting-figure-path
plotting/PtMultiplicity/PlottingPathUtils.h,PUBLIC,"One macro, header or helper on the publication figure path, from input validation through projection and styling to the rendered canvas.","Every published figure is produced by this code, so a reader checking a figure needs it.",17,,clean,no,plotting-figure-path
plotting/PtMultiplicity/README.md,PUBLIC,Explains the subsample transverse-momentum and ratio figures and how their combined input file is built.,It is the guide to a published figure family.,33,Makefile,clean,n/a,
plotting/README.md,PUBLIC,"Explains the publication plotting path, its fail-closed input selection and the full and reduced configurations.",It is the subsystem guide for the figure stage.,33,Makefile,needs-rewrite,n/a,
plotting/StagedOutputs.h,PUBLIC,"One macro, header or helper on the publication figure path, from input validation through projection and styling to the rendered canvas.","Every published figure is produced by this code, so a reader checking a figure needs it.",2,,clean,no,plotting-figure-path
plotting/TunePlotStyle.h,PUBLIC,"One macro, header or helper on the publication figure path, from input validation through projection and styling to the rendered canvas.","Every published figure is produced by this code, so a reader checking a figure needs it.",17,,needs-rewrite,no,plotting-figure-path
plotting/Validate_THnSparse_Production.C,PUBLIC,"One macro, header or helper on the publication figure path, from input validation through projection and styling to the rendered canvas.","Every published figure is produced by this code, so a reader checking a figure needs it.",20,,clean,no,plotting-figure-path
plotting/configuration_multiplicity.json,PUBLIC,"One plotting configuration naming the objects, classes and display settings for a figure family.",A figure cannot be reproduced without the configuration it was rendered from.,7,,clean,n/a,plotting-configs
plotting/configuration_multiplicity_HF_RUN3_V1_MONASH_THnSparse_complete_root.json,PUBLIC,"One plotting configuration naming the objects, classes and display settings for a figure family.",A figure cannot be reproduced without the configuration it was rendered from.,7,,clean,n/a,plotting-configs
plotting/configuration_multiplicity_HF_RUN3_V1_THREETUNE_POLISH_PROPOSAL.json,PUBLIC,"One plotting configuration naming the objects, classes and display settings for a figure family.",A figure cannot be reproduced without the configuration it was rendered from.,3,,clean,n/a,plotting-configs
plotting/configuration_multiplicity_HF_RUN3_V1_THREETUNE_THnSparse_complete_root.json,PUBLIC,"One plotting configuration naming the objects, classes and display settings for a figure family.",A figure cannot be reproduced without the configuration it was rendered from.,14,,clean,n/a,plotting-configs
plotting/configuration_multiplicity_HF_RUN3_V1_VBARYONMESON.json,PUBLIC,"One plotting configuration naming the objects, classes and display settings for a figure family.",A figure cannot be reproduced without the configuration it was rendered from.,4,,needs-rewrite,n/a,plotting-configs
plotting/configuration_multiplicity_HF_RUN3_V1_VCORRELATIONS.json,PUBLIC,"One plotting configuration naming the objects, classes and display settings for a figure family.",A figure cannot be reproduced without the configuration it was rendered from.,3,,clean,n/a,plotting-configs
plotting/configuration_multiplicity_HF_RUN3_V1_VEXTREMES.json,PUBLIC,"One plotting configuration naming the objects, classes and display settings for a figure family.",A figure cannot be reproduced without the configuration it was rendered from.,6,,clean,n/a,plotting-configs
plotting/configuration_multiplicity_HF_RUN3_V1_VINTEGRATED.json,PUBLIC,"One plotting configuration naming the objects, classes and display settings for a figure family.",A figure cannot be reproduced without the configuration it was rendered from.,4,,clean,n/a,plotting-configs
plotting/configuration_multiplicity_HF_RUN3_V1_VINTEGRATED_CLOSURE.json,PUBLIC,"One plotting configuration naming the objects, classes and display settings for a figure family.",A figure cannot be reproduced without the configuration it was rendered from.,6,,clean,n/a,plotting-configs
plotting/configuration_multiplicity_reduced_JUNCTIONS_THnSparse.json,PUBLIC,"One plotting configuration naming the objects, classes and display settings for a figure family.",A figure cannot be reproduced without the configuration it was rendered from.,20,plotting/run_paper_plots.sh,clean,n/a,plotting-configs
plotting/configuration_multiplicity_reduced_JUNCTIONS_THnSparse_complete_root.json,PUBLIC,"One plotting configuration naming the objects, classes and display settings for a figure family.",A figure cannot be reproduced without the configuration it was rendered from.,14,plotting/run_paper_plots.sh,clean,n/a,plotting-configs
plotting/harvest_configs/configuration_multiplicity_HF_SYS_MUF_DOWN_THREETUNE_THnSparse_complete_root.json,PUBLIC,"The eleven-class three-tune plotting configuration for one variation campaign, generated from the central configuration.","It reproduces one variation's rendered uncertainty matrix, which the systematics combination consumes.",2,,clean,n/a,harvest-plot-configs
plotting/harvest_configs/configuration_multiplicity_HF_SYS_MUF_UP_THREETUNE_THnSparse_complete_root.json,PUBLIC,"The eleven-class three-tune plotting configuration for one variation campaign, generated from the central configuration.","It reproduces one variation's rendered uncertainty matrix, which the systematics combination consumes.",1,,clean,n/a,harvest-plot-configs
plotting/harvest_configs/configuration_multiplicity_HF_SYS_MUR_DOWN_THREETUNE_THnSparse_complete_root.json,PUBLIC,"The eleven-class three-tune plotting configuration for one variation campaign, generated from the central configuration.","It reproduces one variation's rendered uncertainty matrix, which the systematics combination consumes.",2,,clean,n/a,harvest-plot-configs
plotting/harvest_configs/configuration_multiplicity_HF_SYS_MUR_UP_THREETUNE_THnSparse_complete_root.json,PUBLIC,"The eleven-class three-tune plotting configuration for one variation campaign, generated from the central configuration.","It reproduces one variation's rendered uncertainty matrix, which the systematics combination consumes.",2,,clean,n/a,harvest-plot-configs
plotting/harvest_configs/configuration_multiplicity_HF_SYS_PDF_CTEQ6L1_THREETUNE_THnSparse_complete_root.json,PUBLIC,"The eleven-class three-tune plotting configuration for one variation campaign, generated from the central configuration.","It reproduces one variation's rendered uncertainty matrix, which the systematics combination consumes.",1,,clean,n/a,harvest-plot-configs
plotting/harvest_configs/configuration_multiplicity_HF_SYS_PTHAT_1_THREETUNE_THnSparse_complete_root.json,PUBLIC,"The eleven-class three-tune plotting configuration for one variation campaign, generated from the central configuration.","It reproduces one variation's rendered uncertainty matrix, which the systematics combination consumes.",2,,clean,n/a,harvest-plot-configs
plotting/harvest_configs/configuration_multiplicity_HF_SYS_PTHAT_4_THREETUNE_THnSparse_complete_root.json,PUBLIC,"The eleven-class three-tune plotting configuration for one variation campaign, generated from the central configuration.","It reproduces one variation's rendered uncertainty matrix, which the systematics combination consumes.",2,,clean,n/a,harvest-plot-configs
plotting/improvedPlotting_THnSparse.C,PUBLIC,"The main sparse-histogram plotting macro: reads the merged product, projects the selected ranges and emits the balancing canvases.",It renders the paper's central figures and its uncertainty matrix feeds the systematics harvest.,62,plotting/run_paper_plots.sh,needs-rewrite,no,plotting-figure-path
plotting/make_hf_run3_v1_three_tune_config.py,PUBLIC,"One macro, header or helper on the publication figure path, from input validation through projection and styling to the rendered canvas.","Every published figure is produced by this code, so a reader checking a figure needs it.",10,,needs-rewrite,no,plotting-figure-path
plotting/paper/README.md,PUBLIC,"States that every paper figure is generated from committed tables by script, with no hand steps.",It is the guide to the figure layer that carries the strongest reproducibility claim in the repository.,33,Makefile,needs-rewrite,n/a,
plotting/paper/figures/fig1_species_decomposition.svg,PUBLIC,The committed rendered figure for the species decomposition.,It is a published figure and its committed bytes are what the generator is checked to reproduce.,9,,needs-rewrite,n/a,
plotting/paper/figures/fig2_m7_inclusive_shift.svg,PUBLIC,The committed rendered figure for the inclusive unresolved-origin shift.,It is a published figure and its committed bytes are what the generator is checked to reproduce.,7,,clean,n/a,
plotting/paper/figures/fig3_multiplicity_classes.svg,PUBLIC,The committed rendered figure for the multiplicity class definition.,It is a published figure and its committed bytes are what the generator is checked to reproduce.,8,,clean,n/a,
plotting/paper/make_paper_figures.py,PUBLIC,"Generates the paper figures from committed tables, with no hand step and no number that exists only inside a figure.",It is how the published figures are rebuilt from committed inputs.,19,,needs-rewrite,no,plotting-figure-path
plotting/paper/svgkit.py,PUBLIC,A dependency-free byte-deterministic SVG writer used by the figure generator.,Byte determinism is what lets the committed figures carry digests.,6,,clean,no,plotting-figure-path
plotting/run_paper_plots.sh,PUBLIC,The figure driver: names the five paper macros and refuses to run until a dataset is named.,It is the entry point that turns merged output into the published figures.,49,,clean,no,plotting-figure-path
plotting/summarize_subsample_coverage.py,PUBLIC,"One macro, header or helper on the publication figure path, from input validation through projection and styling to the rendered canvas.","Every published figure is produced by this code, so a reader checking a figure needs it.",7,,clean,no,plotting-figure-path
plotting/validate_subsample_log.py,PUBLIC,"One macro, header or helper on the publication figure path, from input validation through projection and styling to the rendered canvas.","Every published figure is produced by this code, so a reader checking a figure needs it.",9,,clean,no,plotting-figure-path
plotting/validate_thnsparse_inputs.sh,PUBLIC,"One macro, header or helper on the publication figure path, from input validation through projection and styling to the rendered canvas.","Every published figure is produced by this code, so a reader checking a figure needs it.",7,plotting/run_paper_plots.sh,clean,no,plotting-figure-path
setupEnv.sh,PUBLIC,"Asserts the pinned ROOT and PYTHIA versions and exports nothing on a mismatch, so environment drift cannot reach a number.",Every documented command sources it first.,65,Makefile;analysis/run_status_analysis.sh;generation/submit/runCondorJob.sh;merging/merge_root_files.sh;plotting/run_paper_plots.sh;tools/run_tests.sh,clean,no,
tests/fixtures/integrated_rows_HF_SYS_PTHAT_4.log,PUBLIC,A committed integrated-rows log fixture that a systematics test parses instead of reaching for campaign output.,"Without the fixture its test cannot run, and the test is PUBLIC.",1,,clean,n/a,tests-fixtures
tests/fixtures/integrated_rows_control.log,PUBLIC,A committed integrated-rows log fixture that a systematics test parses instead of reaching for campaign output.,"Without the fixture its test cannot run, and the test is PUBLIC.",1,,clean,n/a,tests-fixtures
tests/fixtures/integrated_rows_nominal.log,PUBLIC,A committed integrated-rows log fixture that a systematics test parses instead of reaching for campaign output.,"Without the fixture its test cannot run, and the test is PUBLIC.",2,,clean,n/a,tests-fixtures
tests/test_a2_campaign_restoration.py,PUBLIC,"One standard-library contract test asserting an invariant of the committed source, generated headers, configuration or extraction arithmetic.",The brief rules tests PUBLIC: the suite is how a reader confirms the checkout is internally consistent before running anything.,3,tools/run_tests.sh,needs-rewrite,no,tests-python-contract
tests/test_a2_regression_gate.py,PUBLIC,"One standard-library contract test asserting an invariant of the committed source, generated headers, configuration or extraction arithmetic.",The brief rules tests PUBLIC: the suite is how a reader confirms the checkout is internally consistent before running anything.,5,tools/run_tests.sh,clean,no,tests-python-contract
tests/test_analysis_boundary_binning.py,PUBLIC,"One standard-library contract test asserting an invariant of the committed source, generated headers, configuration or extraction arithmetic.",The brief rules tests PUBLIC: the suite is how a reader confirms the checkout is internally consistent before running anything.,2,tools/run_tests.sh,clean,no,tests-python-contract
tests/test_analysis_commit_provenance.py,PUBLIC,"One standard-library contract test asserting an invariant of the committed source, generated headers, configuration or extraction arithmetic.",The brief rules tests PUBLIC: the suite is how a reader confirms the checkout is internally consistent before running anything.,3,tools/run_tests.sh,clean,no,tests-python-contract
tests/test_analysis_raw_input_contract.py,PUBLIC,"One standard-library contract test asserting an invariant of the committed source, generated headers, configuration or extraction arithmetic.",The brief rules tests PUBLIC: the suite is how a reader confirms the checkout is internally consistent before running anything.,3,tools/run_tests.sh,clean,no,tests-python-contract
tests/test_associate_origin_category.cpp,PUBLIC,One compiled C++ contract test asserting a producer or pair-schema invariant that only the real headers can express.,It is part of the same acceptance gate and cannot be dropped without shrinking the denominator make check reports.,5,,clean,no,tests-cpp-contract
tests/test_associate_origin_category_contract.py,PUBLIC,"One standard-library contract test asserting an invariant of the committed source, generated headers, configuration or extraction arithmetic.",The brief rules tests PUBLIC: the suite is how a reader confirms the checkout is internally consistent before running anything.,2,tools/run_tests.sh,clean,no,tests-python-contract
tests/test_baryon_meson_render_contract.py,PUBLIC,"One standard-library contract test asserting an invariant of the committed source, generated headers, configuration or extraction arithmetic.",The brief rules tests PUBLIC: the suite is how a reader confirms the checkout is internally consistent before running anything.,0,tools/run_tests.sh,clean,no,tests-python-contract
tests/test_campaign_closure_status.py,PUBLIC,"One standard-library contract test asserting an invariant of the committed source, generated headers, configuration or extraction arithmetic.",The brief rules tests PUBLIC: the suite is how a reader confirms the checkout is internally consistent before running anything.,1,tools/run_tests.sh,clean,no,tests-python-contract
tests/test_canonical_freeze_contract.py,PUBLIC,"One standard-library contract test asserting an invariant of the committed source, generated headers, configuration or extraction arithmetic.",The brief rules tests PUBLIC: the suite is how a reader confirms the checkout is internally consistent before running anything.,1,tools/run_tests.sh,clean,no,tests-python-contract
tests/test_checkout_advance_guard.py,PUBLIC,"One standard-library contract test asserting an invariant of the committed source, generated headers, configuration or extraction arithmetic.",The brief rules tests PUBLIC: the suite is how a reader confirms the checkout is internally consistent before running anything.,1,tools/run_tests.sh,clean,no,tests-python-contract
tests/test_closure_schema_requirement.py,PUBLIC,"One standard-library contract test asserting an invariant of the committed source, generated headers, configuration or extraction arithmetic.",The brief rules tests PUBLIC: the suite is how a reader confirms the checkout is internally consistent before running anything.,2,tools/run_tests.sh,needs-rewrite,no,tests-python-contract
tests/test_closure_trigger_deduplication.py,PUBLIC,"One standard-library contract test asserting an invariant of the committed source, generated headers, configuration or extraction arithmetic.",The brief rules tests PUBLIC: the suite is how a reader confirms the checkout is internally consistent before running anything.,3,tools/run_tests.sh,clean,no,tests-python-contract
tests/test_combine_derived.py,PUBLIC,"One standard-library contract test asserting an invariant of the committed source, generated headers, configuration or extraction arithmetic.",The brief rules tests PUBLIC: the suite is how a reader confirms the checkout is internally consistent before running anything.,1,tools/run_tests.sh,clean,no,tests-python-contract
tests/test_combine_per_class.py,PUBLIC,"One standard-library contract test asserting an invariant of the committed source, generated headers, configuration or extraction arithmetic.",The brief rules tests PUBLIC: the suite is how a reader confirms the checkout is internally consistent before running anything.,4,tools/run_tests.sh,clean,no,tests-python-contract
tests/test_compare_subset_parent.py,PUBLIC,"One standard-library contract test asserting an invariant of the committed source, generated headers, configuration or extraction arithmetic.",The brief rules tests PUBLIC: the suite is how a reader confirms the checkout is internally consistent before running anything.,9,tools/run_tests.sh,needs-rewrite,no,tests-python-contract
tests/test_dataset_selector.py,PUBLIC,"One standard-library contract test asserting an invariant of the committed source, generated headers, configuration or extraction arithmetic.",The brief rules tests PUBLIC: the suite is how a reader confirms the checkout is internally consistent before running anything.,3,tools/run_tests.sh,clean,no,tests-python-contract
tests/test_dataset_selector_hf_pt2.py,PUBLIC,"One standard-library contract test asserting an invariant of the committed source, generated headers, configuration or extraction arithmetic.",The brief rules tests PUBLIC: the suite is how a reader confirms the checkout is internally consistent before running anything.,1,tools/run_tests.sh,needs-rewrite,no,tests-python-contract
tests/test_dataset_selector_requires_a_named_dataset.py,PUBLIC,"One standard-library contract test asserting an invariant of the committed source, generated headers, configuration or extraction arithmetic.",The brief rules tests PUBLIC: the suite is how a reader confirms the checkout is internally consistent before running anything.,1,tools/run_tests.sh,needs-rewrite,no,tests-python-contract
tests/test_dataset_selector_row_agreement.py,PUBLIC,"One standard-library contract test asserting an invariant of the committed source, generated headers, configuration or extraction arithmetic.",The brief rules tests PUBLIC: the suite is how a reader confirms the checkout is internally consistent before running anything.,4,tools/run_tests.sh,clean,no,tests-python-contract
tests/test_dataset_selector_variation_status.py,PUBLIC,"One standard-library contract test asserting an invariant of the committed source, generated headers, configuration or extraction arithmetic.",The brief rules tests PUBLIC: the suite is how a reader confirms the checkout is internally consistent before running anything.,0,tools/run_tests.sh,clean,no,tests-python-contract
tests/test_decompose_exit_status.py,PUBLIC,"One standard-library contract test asserting an invariant of the committed source, generated headers, configuration or extraction arithmetic.",The brief rules tests PUBLIC: the suite is how a reader confirms the checkout is internally consistent before running anything.,2,tools/run_tests.sh,needs-rewrite,no,tests-python-contract
tests/test_display_filter.py,PUBLIC,"One standard-library contract test asserting an invariant of the committed source, generated headers, configuration or extraction arithmetic.",The brief rules tests PUBLIC: the suite is how a reader confirms the checkout is internally consistent before running anything.,2,tools/run_tests.sh,clean,no,tests-python-contract
tests/test_environment_verdict.py,PUBLIC,"One standard-library contract test asserting an invariant of the committed source, generated headers, configuration or extraction arithmetic.",The brief rules tests PUBLIC: the suite is how a reader confirms the checkout is internally consistent before running anything.,2,tools/run_tests.sh,needs-rewrite,no,tests-python-contract
tests/test_external_header_warning_contract.py,PUBLIC,"One standard-library contract test asserting an invariant of the committed source, generated headers, configuration or extraction arithmetic.",The brief rules tests PUBLIC: the suite is how a reader confirms the checkout is internally consistent before running anything.,3,tools/run_tests.sh,clean,no,tests-python-contract
tests/test_extraction_preflight.py,PUBLIC,"One standard-library contract test asserting an invariant of the committed source, generated headers, configuration or extraction arithmetic.",The brief rules tests PUBLIC: the suite is how a reader confirms the checkout is internally consistent before running anything.,1,tools/run_tests.sh,needs-rewrite,no,tests-python-contract
tests/test_final_origin_closure.py,PUBLIC,"One standard-library contract test asserting an invariant of the committed source, generated headers, configuration or extraction arithmetic.",The brief rules tests PUBLIC: the suite is how a reader confirms the checkout is internally consistent before running anything.,4,tools/run_tests.sh,clean,no,tests-python-contract
tests/test_generator_check_exit_status.py,PUBLIC,"One standard-library contract test asserting an invariant of the committed source, generated headers, configuration or extraction arithmetic.",The brief rules tests PUBLIC: the suite is how a reader confirms the checkout is internally consistent before running anything.,1,tools/run_tests.sh,clean,no,tests-python-contract
tests/test_harvest_class_axis.py,PUBLIC,"One standard-library contract test asserting an invariant of the committed source, generated headers, configuration or extraction arithmetic.",The brief rules tests PUBLIC: the suite is how a reader confirms the checkout is internally consistent before running anything.,4,tools/run_tests.sh,clean,no,tests-python-contract
tests/test_harvest_deltas.py,PUBLIC,"One standard-library contract test asserting an invariant of the committed source, generated headers, configuration or extraction arithmetic.",The brief rules tests PUBLIC: the suite is how a reader confirms the checkout is internally consistent before running anything.,2,tools/run_tests.sh,needs-rewrite,no,tests-python-contract
tests/test_harvest_launcher.py,PUBLIC,"One standard-library contract test asserting an invariant of the committed source, generated headers, configuration or extraction arithmetic.",The brief rules tests PUBLIC: the suite is how a reader confirms the checkout is internally consistent before running anything.,2,tools/run_tests.sh,needs-rewrite,no,tests-python-contract
tests/test_harvest_tune.py,PUBLIC,"One standard-library contract test asserting an invariant of the committed source, generated headers, configuration or extraction arithmetic.",The brief rules tests PUBLIC: the suite is how a reader confirms the checkout is internally consistent before running anything.,2,tools/run_tests.sh,needs-rewrite,no,tests-python-contract
tests/test_harvest_yield_deltas.py,PUBLIC,"One standard-library contract test asserting an invariant of the committed source, generated headers, configuration or extraction arithmetic.",The brief rules tests PUBLIC: the suite is how a reader confirms the checkout is internally consistent before running anything.,1,tools/run_tests.sh,clean,no,tests-python-contract
tests/test_heavy_flavour_utils.cpp,PUBLIC,One compiled C++ contract test asserting a producer or pair-schema invariant that only the real headers can express.,It is part of the same acceptance gate and cannot be dropped without shrinking the denominator make check reports.,6,,clean,no,tests-cpp-contract
tests/test_heavy_sign_production_convention.py,PUBLIC,"One standard-library contract test asserting an invariant of the committed source, generated headers, configuration or extraction arithmetic.",The brief rules tests PUBLIC: the suite is how a reader confirms the checkout is internally consistent before running anything.,2,tools/run_tests.sh,needs-rewrite,no,tests-python-contract
tests/test_invoked_script_paths_exist.py,PUBLIC,"One standard-library contract test asserting an invariant of the committed source, generated headers, configuration or extraction arithmetic.",The brief rules tests PUBLIC: the suite is how a reader confirms the checkout is internally consistent before running anything.,1,tools/run_tests.sh,needs-rewrite,no,tests-python-contract
tests/test_measurement_outputs.py,PUBLIC,"One standard-library contract test asserting an invariant of the committed source, generated headers, configuration or extraction arithmetic.",The brief rules tests PUBLIC: the suite is how a reader confirms the checkout is internally consistent before running anything.,2,tools/run_tests.sh,clean,no,tests-python-contract
tests/test_measurement_target.py,PUBLIC,"One standard-library contract test asserting an invariant of the committed source, generated headers, configuration or extraction arithmetic.",The brief rules tests PUBLIC: the suite is how a reader confirms the checkout is internally consistent before running anything.,3,tools/run_tests.sh,needs-rewrite,no,tests-python-contract
tests/test_merge_project_base_fallback.py,PUBLIC,"One standard-library contract test asserting an invariant of the committed source, generated headers, configuration or extraction arithmetic.",The brief rules tests PUBLIC: the suite is how a reader confirms the checkout is internally consistent before running anything.,0,tools/run_tests.sh,clean,no,tests-python-contract
tests/test_multiplicity_inset_boundary_source.py,PUBLIC,"One standard-library contract test asserting an invariant of the committed source, generated headers, configuration or extraction arithmetic.",The brief rules tests PUBLIC: the suite is how a reader confirms the checkout is internally consistent before running anything.,2,tools/run_tests.sh,clean,no,tests-python-contract
tests/test_no_source_directory_is_ignored.py,PUBLIC,"One standard-library contract test asserting an invariant of the committed source, generated headers, configuration or extraction arithmetic.",The brief rules tests PUBLIC: the suite is how a reader confirms the checkout is internally consistent before running anything.,3,tools/run_tests.sh,needs-rewrite,no,tests-python-contract
tests/test_observable_contract.py,PUBLIC,"One standard-library contract test asserting an invariant of the committed source, generated headers, configuration or extraction arithmetic.",The brief rules tests PUBLIC: the suite is how a reader confirms the checkout is internally consistent before running anything.,4,tools/run_tests.sh,clean,no,tests-python-contract
tests/test_pair_block_closure.py,PUBLIC,"One standard-library contract test asserting an invariant of the committed source, generated headers, configuration or extraction arithmetic.",The brief rules tests PUBLIC: the suite is how a reader confirms the checkout is internally consistent before running anything.,5,tools/run_tests.sh,clean,no,tests-python-contract
tests/test_pair_contract_schema_prefix.py,PUBLIC,"One standard-library contract test asserting an invariant of the committed source, generated headers, configuration or extraction arithmetic.",The brief rules tests PUBLIC: the suite is how a reader confirms the checkout is internally consistent before running anything.,3,tools/run_tests.sh,needs-rewrite,no,tests-python-contract
tests/test_pair_object_contract.py,PUBLIC,"One standard-library contract test asserting an invariant of the committed source, generated headers, configuration or extraction arithmetic.",The brief rules tests PUBLIC: the suite is how a reader confirms the checkout is internally consistent before running anything.,13,tools/run_tests.sh,clean,no,tests-python-contract
tests/test_pair_object_schema_versions.cpp,PUBLIC,One compiled C++ contract test asserting a producer or pair-schema invariant that only the real headers can express.,It is part of the same acceptance gate and cannot be dropped without shrinking the denominator make check reports.,1,,clean,no,tests-cpp-contract
tests/test_pair_object_schema_versions_contract.py,PUBLIC,"One standard-library contract test asserting an invariant of the committed source, generated headers, configuration or extraction arithmetic.",The brief rules tests PUBLIC: the suite is how a reader confirms the checkout is internally consistent before running anything.,0,tools/run_tests.sh,clean,no,tests-python-contract
tests/test_pair_selection_contract_parity.py,PUBLIC,"One standard-library contract test asserting an invariant of the committed source, generated headers, configuration or extraction arithmetic.",The brief rules tests PUBLIC: the suite is how a reader confirms the checkout is internally consistent before running anything.,8,tools/run_tests.sh,clean,no,tests-python-contract
tests/test_pair_trigger_identity.py,PUBLIC,"One standard-library contract test asserting an invariant of the committed source, generated headers, configuration or extraction arithmetic.",The brief rules tests PUBLIC: the suite is how a reader confirms the checkout is internally consistent before running anything.,3,tools/run_tests.sh,clean,no,tests-python-contract
tests/test_paper_figures.py,PUBLIC,"One standard-library contract test asserting an invariant of the committed source, generated headers, configuration or extraction arithmetic.",The brief rules tests PUBLIC: the suite is how a reader confirms the checkout is internally consistent before running anything.,6,tools/run_tests.sh,clean,no,tests-python-contract
tests/test_pdg_species_audit.py,PUBLIC,"One standard-library contract test asserting an invariant of the committed source, generated headers, configuration or extraction arithmetic.",The brief rules tests PUBLIC: the suite is how a reader confirms the checkout is internally consistent before running anything.,6,tools/run_tests.sh,clean,no,tests-python-contract
tests/test_per_class_control.py,PUBLIC,"One standard-library contract test asserting an invariant of the committed source, generated headers, configuration or extraction arithmetic.",The brief rules tests PUBLIC: the suite is how a reader confirms the checkout is internally consistent before running anything.,4,tools/run_tests.sh,clean,no,tests-python-contract
tests/test_plot_dataset_integration.py,PUBLIC,"One standard-library contract test asserting an invariant of the committed source, generated headers, configuration or extraction arithmetic.",The brief rules tests PUBLIC: the suite is how a reader confirms the checkout is internally consistent before running anything.,8,tools/run_tests.sh,needs-rewrite,no,tests-python-contract
tests/test_plot_reference_multiplicity_contract.py,PUBLIC,"One standard-library contract test asserting an invariant of the committed source, generated headers, configuration or extraction arithmetic.",The brief rules tests PUBLIC: the suite is how a reader confirms the checkout is internally consistent before running anything.,4,tools/run_tests.sh,clean,no,tests-python-contract
tests/test_prose_check_ing_start.py,INTERNAL,Pins the writing checker's -ing-start stoplist so a bare imperative verb whose stem ends in -ing does not flag.,"Owner-ruled 2026-08-20: it tests a tool the export does not carry, so shipping it would leave the suite naming a file that is not there.",1,tools/run_tests.sh,needs-rewrite,no,tests-python-contract
tests/test_pthat_sensitivity.py,PUBLIC,"One standard-library contract test asserting an invariant of the committed source, generated headers, configuration or extraction arithmetic.",The brief rules tests PUBLIC: the suite is how a reader confirms the checkout is internally consistent before running anything.,3,tools/run_tests.sh,clean,no,tests-python-contract
tests/test_public_never_cites_internal.py,INTERNAL,Rebuilds the PUBLIC-cites-INTERNAL scan and fails on any reference the committed citation ledger does not already record.,"It reads the manifest and the ledger, both INTERNAL, and it enforces a rule about an export that has not been built yet.",1,tools/run_tests.sh,clean,no,tests-python-contract
tests/test_pythia_runtime.cpp,PUBLIC,One compiled C++ contract test asserting a producer or pair-schema invariant that only the real headers can express.,It is part of the same acceptance gate and cannot be dropped without shrinking the denominator make check reports.,4,,clean,no,tests-cpp-contract
tests/test_pythia_runtime_contract.py,PUBLIC,"One standard-library contract test asserting an invariant of the committed source, generated headers, configuration or extraction arithmetic.",The brief rules tests PUBLIC: the suite is how a reader confirms the checkout is internally consistent before running anything.,6,tools/run_tests.sh,clean,no,tests-python-contract
tests/test_queue_probe.py,PUBLIC,"One standard-library contract test asserting an invariant of the committed source, generated headers, configuration or extraction arithmetic.",The brief rules tests PUBLIC: the suite is how a reader confirms the checkout is internally consistent before running anything.,2,tools/run_tests.sh,needs-rewrite,no,tests-python-contract
tests/test_ratio_trend.py,PUBLIC,"One standard-library contract test asserting an invariant of the committed source, generated headers, configuration or extraction arithmetic.",The brief rules tests PUBLIC: the suite is how a reader confirms the checkout is internally consistent before running anything.,3,tools/run_tests.sh,clean,no,tests-python-contract
tests/test_ratio_trend_tables.py,PUBLIC,"One standard-library contract test asserting an invariant of the committed source, generated headers, configuration or extraction arithmetic.",The brief rules tests PUBLIC: the suite is how a reader confirms the checkout is internally consistent before running anything.,1,tools/run_tests.sh,clean,no,tests-python-contract
tests/test_raw_v5_resource_contract.py,PUBLIC,"One standard-library contract test asserting an invariant of the committed source, generated headers, configuration or extraction arithmetic.",The brief rules tests PUBLIC: the suite is how a reader confirms the checkout is internally consistent before running anything.,3,tools/run_tests.sh,clean,no,tests-python-contract
tests/test_recipe_scripts_executable.py,PUBLIC,"One standard-library contract test asserting an invariant of the committed source, generated headers, configuration or extraction arithmetic.",The brief rules tests PUBLIC: the suite is how a reader confirms the checkout is internally consistent before running anything.,2,tools/run_tests.sh,needs-rewrite,no,tests-python-contract
tests/test_registry.py,PUBLIC,"One standard-library contract test asserting an invariant of the committed source, generated headers, configuration or extraction arithmetic.",The brief rules tests PUBLIC: the suite is how a reader confirms the checkout is internally consistent before running anything.,4,tools/run_tests.sh,clean,no,tests-python-contract
tests/test_repo_audit_manifest.py,INTERNAL,"Asserts the manifest covers exactly the tracked path set, round-trips through the csv module and carries no invalid class.","Its class was wrong: it opens docs/REPO_AUDIT.csv, so publishing it would ship a test that names a file the export excludes.",3,tools/run_tests.sh,clean,no,tests-python-contract
tests/test_resubmit_held_ordinal.py,PUBLIC,"One standard-library contract test asserting an invariant of the committed source, generated headers, configuration or extraction arithmetic.",The brief rules tests PUBLIC: the suite is how a reader confirms the checkout is internally consistent before running anything.,5,tools/run_tests.sh,clean,no,tests-python-contract
tests/test_resubmit_held_seed_ledger.py,PUBLIC,"One standard-library contract test asserting an invariant of the committed source, generated headers, configuration or extraction arithmetic.",The brief rules tests PUBLIC: the suite is how a reader confirms the checkout is internally consistent before running anything.,1,tools/run_tests.sh,clean,no,tests-python-contract
tests/test_seed_derivation.py,PUBLIC,"One standard-library contract test asserting an invariant of the committed source, generated headers, configuration or extraction arithmetic.",The brief rules tests PUBLIC: the suite is how a reader confirms the checkout is internally consistent before running anything.,2,tools/run_tests.sh,clean,no,tests-python-contract
tests/test_setup_environment_contract.py,PUBLIC,"One standard-library contract test asserting an invariant of the committed source, generated headers, configuration or extraction arithmetic.",The brief rules tests PUBLIC: the suite is how a reader confirms the checkout is internally consistent before running anything.,3,tools/run_tests.sh,clean,no,tests-python-contract
tests/test_species_ordinals.cpp,PUBLIC,One compiled C++ contract test asserting a producer or pair-schema invariant that only the real headers can express.,It is part of the same acceptance gate and cannot be dropped without shrinking the denominator make check reports.,2,,clean,no,tests-cpp-contract
tests/test_species_ordinals_contract.py,PUBLIC,"One standard-library contract test asserting an invariant of the committed source, generated headers, configuration or extraction arithmetic.",The brief rules tests PUBLIC: the suite is how a reader confirms the checkout is internally consistent before running anything.,1,tools/run_tests.sh,needs-rewrite,no,tests-python-contract
tests/test_staged_outputs.py,PUBLIC,"One standard-library contract test asserting an invariant of the committed source, generated headers, configuration or extraction arithmetic.",The brief rules tests PUBLIC: the suite is how a reader confirms the checkout is internally consistent before running anything.,2,tools/run_tests.sh,clean,no,tests-python-contract
tests/test_statistical_robustness.py,PUBLIC,"One standard-library contract test asserting an invariant of the committed source, generated headers, configuration or extraction arithmetic.",The brief rules tests PUBLIC: the suite is how a reader confirms the checkout is internally consistent before running anything.,7,tools/run_tests.sh,clean,no,tests-python-contract
tests/test_submit_rendering.py,PUBLIC,"One standard-library contract test asserting an invariant of the committed source, generated headers, configuration or extraction arithmetic.",The brief rules tests PUBLIC: the suite is how a reader confirms the checkout is internally consistent before running anything.,8,tools/run_tests.sh,clean,no,tests-python-contract
tests/test_systematic_class_migration.py,PUBLIC,"One standard-library contract test asserting an invariant of the committed source, generated headers, configuration or extraction arithmetic.",The brief rules tests PUBLIC: the suite is how a reader confirms the checkout is internally consistent before running anything.,2,tools/run_tests.sh,clean,no,tests-python-contract
tests/test_systematics_delta.py,PUBLIC,"One standard-library contract test asserting an invariant of the committed source, generated headers, configuration or extraction arithmetic.",The brief rules tests PUBLIC: the suite is how a reader confirms the checkout is internally consistent before running anything.,1,tools/run_tests.sh,needs-rewrite,no,tests-python-contract
tests/test_systematics_variation_cards.py,PUBLIC,"One standard-library contract test asserting an invariant of the committed source, generated headers, configuration or extraction arithmetic.",The brief rules tests PUBLIC: the suite is how a reader confirms the checkout is internally consistent before running anything.,0,tools/run_tests.sh,clean,no,tests-python-contract
tests/test_terms_registry.py,INTERNAL,"Fails on any ruled-out term the committed baseline does not already record, and checks that every registry row is complete.","It reads the baseline and the registry parser, both INTERNAL, so shipping it would leave the suite naming files the export excludes.",0,tools/run_tests.sh,clean,no,tests-python-contract
tests/test_three_tune_plot_config.py,PUBLIC,"One standard-library contract test asserting an invariant of the committed source, generated headers, configuration or extraction arithmetic.",The brief rules tests PUBLIC: the suite is how a reader confirms the checkout is internally consistent before running anything.,4,tools/run_tests.sh,needs-rewrite,no,tests-python-contract
tests/test_three_tune_tables.py,PUBLIC,"One standard-library contract test asserting an invariant of the committed source, generated headers, configuration or extraction arithmetic.",The brief rules tests PUBLIC: the suite is how a reader confirms the checkout is internally consistent before running anything.,4,tools/run_tests.sh,clean,no,tests-python-contract
tests/test_validate_raw_output_strict_compile.py,PUBLIC,"One standard-library contract test asserting an invariant of the committed source, generated headers, configuration or extraction arithmetic.",The brief rules tests PUBLIC: the suite is how a reader confirms the checkout is internally consistent before running anything.,6,tools/run_tests.sh,clean,no,tests-python-contract
tests/test_variant_configs.py,PUBLIC,"One standard-library contract test asserting an invariant of the committed source, generated headers, configuration or extraction arithmetic.",The brief rules tests PUBLIC: the suite is how a reader confirms the checkout is internally consistent before running anything.,2,tools/run_tests.sh,clean,no,tests-python-contract
tools/GenerateSpeciesOrdinals.C,PUBLIC,Derives the sector-charged species ordinal table from a produced file's stability audit tree.,It generates the species ordinal artifact that the whole decomposition is indexed by.,12,,clean,no,tools-chain
tools/a2_extract_yields.sh,PUBLIC,"One campaign-management, generation, validation or rendering tool on the live path between the cards and the published figures.","Each is invoked by a documented workflow, a Makefile target or the contract test suite, so rerunning the analysis needs it.",1,,clean,no,tools-chain
tools/a2_make_largest_index_variation.py,PUBLIC,"One campaign-management, generation, validation or rendering tool on the live path between the cards and the published figures.","Each is invoked by a documented workflow, a Makefile target or the contract test suite, so rerunning the analysis needs it.",5,,clean,no,tools-chain
tools/a2_make_subs.py,PUBLIC,"One campaign-management, generation, validation or rendering tool on the live path between the cards and the published figures.","Each is invoked by a documented workflow, a Makefile target or the contract test suite, so rerunning the analysis needs it.",7,,clean,no,tools-chain
tools/a2_quarantine_outputs.py,PUBLIC,"One campaign-management, generation, validation or rendering tool on the live path between the cards and the published figures.","Each is invoked by a documented workflow, a Makefile target or the contract test suite, so rerunning the analysis needs it.",5,,clean,no,tools-chain
tools/a2_record_regression.py,PUBLIC,"One campaign-management, generation, validation or rendering tool on the live path between the cards and the published figures.","Each is invoked by a documented workflow, a Makefile target or the contract test suite, so rerunning the analysis needs it.",8,,clean,no,tools-chain
tools/add_variation_selector_rows.py,PUBLIC,"One campaign-management, generation, validation or rendering tool on the live path between the cards and the published figures.","Each is invoked by a documented workflow, a Makefile target or the contract test suite, so rerunning the analysis needs it.",1,,clean,no,tools-chain
tools/anchor_width_control.py,PUBLIC,"One campaign-management, generation, validation or rendering tool on the live path between the cards and the published figures.","Each is invoked by a documented workflow, a Makefile target or the contract test suite, so rerunning the analysis needs it.",4,,needs-rewrite,no,tools-chain
tools/apply_card_config.py,PUBLIC,"One campaign-management, generation, validation or rendering tool on the live path between the cards and the published figures.","Each is invoked by a documented workflow, a Makefile target or the contract test suite, so rerunning the analysis needs it.",6,Makefile,clean,no,tools-chain
tools/apply_class_labels.py,PUBLIC,"One campaign-management, generation, validation or rendering tool on the live path between the cards and the published figures.","Each is invoked by a documented workflow, a Makefile target or the contract test suite, so rerunning the analysis needs it.",8,,clean,no,tools-chain
tools/archive_breach_partials.sh,INTERNAL,Moves provably superseded partial staging directories out of the gate's scan root and writes a manifest of what moved.,It is a one-shot housekeeping action on cluster storage whose single run is already recorded in a campaign manifest.,8,,clean,yes,tools-chain
tools/assert_measurement_outputs.py,PUBLIC,"One campaign-management, generation, validation or rendering tool on the live path between the cards and the published figures.","Each is invoked by a documented workflow, a Makefile target or the contract test suite, so rerunning the analysis needs it.",3,,clean,no,tools-chain
tools/assert_variant_identity.py,PUBLIC,"One campaign-management, generation, validation or rendering tool on the live path between the cards and the published figures.","Each is invoked by a documented workflow, a Makefile target or the contract test suite, so rerunning the analysis needs it.",4,,clean,no,tools-chain
tools/build_canonical_manifest.py,PUBLIC,"One campaign-management, generation, validation or rendering tool on the live path between the cards and the published figures.","Each is invoked by a documented workflow, a Makefile target or the contract test suite, so rerunning the analysis needs it.",27,Makefile,clean,no,tools-chain
tools/build_decay_parent_map.py,PUBLIC,"One campaign-management, generation, validation or rendering tool on the live path between the cards and the published figures.","Each is invoked by a documented workflow, a Makefile target or the contract test suite, so rerunning the analysis needs it.",15,,needs-rewrite,no,tools-chain
tools/build_decay_parent_map_v2.py,PUBLIC,"One campaign-management, generation, validation or rendering tool on the live path between the cards and the published figures.","Each is invoked by a documented workflow, a Makefile target or the contract test suite, so rerunning the analysis needs it.",13,,needs-rewrite,no,tools-chain
tools/build_producer.sh,PUBLIC,Builds the producer through the Makefile with the pinned toolchain.,It is the documented build step.,8,Makefile,clean,no,tools-chain
tools/campaign.py,PUBLIC,"One campaign-management, generation, validation or rendering tool on the live path between the cards and the published figures.","Each is invoked by a documented workflow, a Makefile target or the contract test suite, so rerunning the analysis needs it.",36,Makefile;generation/submit/runCondorJob.sh,clean,no,tools-chain
tools/campaign_closure_status.py,PUBLIC,"One campaign-management, generation, validation or rendering tool on the live path between the cards and the published figures.","Each is invoked by a documented workflow, a Makefile target or the contract test suite, so rerunning the analysis needs it.",5,,needs-rewrite,no,tools-chain
tools/campaign_status.py,PUBLIC,"One campaign-management, generation, validation or rendering tool on the live path between the cards and the published figures.","Each is invoked by a documented workflow, a Makefile target or the contract test suite, so rerunning the analysis needs it.",15,Makefile,clean,no,tools-chain
tools/check_panel_caption_collisions.py,PUBLIC,"One campaign-management, generation, validation or rendering tool on the live path between the cards and the published figures.","Each is invoked by a documented workflow, a Makefile target or the contract test suite, so rerunning the analysis needs it.",3,,clean,no,tools-chain
tools/checkout_advance_guard.py,PUBLIC,Refuses to advance the analysis checkout while jobs pinned to the current commit are still in flight.,"A test in the PUBLIC suite exercises it, and the invariant it protects applies to any cluster the chain runs on.",16,Makefile,needs-rewrite,no,tools-chain
tools/class_label_format.py,PUBLIC,"One campaign-management, generation, validation or rendering tool on the live path between the cards and the published figures.","Each is invoked by a documented workflow, a Makefile target or the contract test suite, so rerunning the analysis needs it.",3,,clean,no,tools-chain
tools/dataset_selector.py,PUBLIC,"One campaign-management, generation, validation or rendering tool on the live path between the cards and the published figures.","Each is invoked by a documented workflow, a Makefile target or the contract test suite, so rerunning the analysis needs it.",13,plotting/run_paper_plots.sh,clean,no,tools-chain
tools/docs_check.sh,PUBLIC,"Prints which owning document corresponds to the paths changed since the last commit, advisory only and never failing.",It supports the documented rule that a code change and its documentation change land together.,5,Makefile,clean,no,tools-chain
tools/doctor.sh,PUBLIC,"Reports what the current machine can and cannot do, without ever failing.",It is the first command a new machine runs.,7,Makefile,clean,no,tools-chain
tools/environment_verdict.sh,PUBLIC,Ends make check with an explicit environment verdict and fails on an off-pin runtime unless the run is declared unpinned.,It closes the defect where a machine that cannot run the pipeline reported the greenest check.,3,Makefile,needs-rewrite,no,tools-chain
tools/evaluate_pthat_sensitivity.py,PUBLIC,"One campaign-management, generation, validation or rendering tool on the live path between the cards and the published figures.","Each is invoked by a documented workflow, a Makefile target or the contract test suite, so rerunning the analysis needs it.",15,,needs-rewrite,no,tools-chain
tools/f4_probe.cc,PUBLIC,"The decay-parent probe, compiled against the pinned PYTHIA, whose output the decay maps are built from.",The committed probe output is a golden input and this is the only code that can regenerate it.,11,,clean,no,tools-chain
tools/final_origin_closure.py,PUBLIC,"One campaign-management, generation, validation or rendering tool on the live path between the cards and the published figures.","Each is invoked by a documented workflow, a Makefile target or the contract test suite, so rerunning the analysis needs it.",9,,clean,no,tools-chain
tools/generate_pair_object_contract.py,PUBLIC,"One campaign-management, generation, validation or rendering tool on the live path between the cards and the published figures.","Each is invoked by a documented workflow, a Makefile target or the contract test suite, so rerunning the analysis needs it.",8,,clean,no,tools-chain
tools/generate_registry_artifacts.py,PUBLIC,"One campaign-management, generation, validation or rendering tool on the live path between the cards and the published figures.","Each is invoked by a documented workflow, a Makefile target or the contract test suite, so rerunning the analysis needs it.",23,Makefile,clean,no,tools-chain
tools/generate_species_ordinals_header.py,PUBLIC,"One campaign-management, generation, validation or rendering tool on the live path between the cards and the published figures.","Each is invoked by a documented workflow, a Makefile target or the contract test suite, so rerunning the analysis needs it.",7,,clean,no,tools-chain
tools/harvest_launch_merge.sh,PUBLIC,"Launches one variation merge behind six refusals, a pipeline lock and a full identity record.",Every published systematic variation was merged through it.,2,,needs-rewrite,no,tools-chain
tools/install_checkout_guard_hook.sh,PUBLIC,Installs that guard as a git hook on a clone that runs jobs.,It is how the guard is actually put in force on a running checkout.,13,,clean,no,tools-chain
tools/make_harvest_configs.py,PUBLIC,"One campaign-management, generation, validation or rendering tool on the live path between the cards and the published figures.","Each is invoked by a documented workflow, a Makefile target or the contract test suite, so rerunning the analysis needs it.",1,,clean,no,tools-chain
tools/make_harvest_plot_configs.py,PUBLIC,"One campaign-management, generation, validation or rendering tool on the live path between the cards and the published figures.","Each is invoked by a documented workflow, a Makefile target or the contract test suite, so rerunning the analysis needs it.",2,,clean,no,tools-chain
tools/make_systematic_cards.py,PUBLIC,"One campaign-management, generation, validation or rendering tool on the live path between the cards and the published figures.","Each is invoked by a documented workflow, a Makefile target or the contract test suite, so rerunning the analysis needs it.",26,,clean,no,tools-chain
tools/make_variant_configs.py,PUBLIC,"One campaign-management, generation, validation or rendering tool on the live path between the cards and the published figures.","Each is invoked by a documented workflow, a Makefile target or the contract test suite, so rerunning the analysis needs it.",17,,needs-rewrite,no,tools-chain
tools/merge_supervisor.sh,PUBLIC,"Supervises the canonical merge: detects death, re-runs the pre-checks and restarts it.",The merge is the longest stage in the chain and this is how a rerun survives it.,7,,clean,no,tools-chain
tools/merged_pair_provenance.py,PUBLIC,"One campaign-management, generation, validation or rendering tool on the live path between the cards and the published figures.","Each is invoked by a documented workflow, a Makefile target or the contract test suite, so rerunning the analysis needs it.",20,merging/merge_root_files.sh,needs-rewrite,no,tools-chain
tools/pdg_2025_species_audit.py,PUBLIC,"One campaign-management, generation, validation or rendering tool on the live path between the cards and the published figures.","Each is invoked by a documented workflow, a Makefile target or the contract test suite, so rerunning the analysis needs it.",10,,clean,no,tools-chain
tools/prose_check.py,INTERNAL,Applies the mechanical subset of the repository's writing rules to a document and flags sentences to look at.,"Owner-ruled 2026-08-20: the standard does not travel and that covers its checker, so the tool leaves with the rules it enforces.",7,,needs-rewrite,no,tools-chain
tools/queue_probe.py,PUBLIC,"One campaign-management, generation, validation or rendering tool on the live path between the cards and the published figures.","Each is invoked by a documented workflow, a Makefile target or the contract test suite, so rerunning the analysis needs it.",15,,clean,no,tools-chain
tools/reconstruct_deduplicated_decomposition.py,PUBLIC,"One campaign-management, generation, validation or rendering tool on the live path between the cards and the published figures.","Each is invoked by a documented workflow, a Makefile target or the contract test suite, so rerunning the analysis needs it.",7,,clean,no,tools-chain
tools/render_analysis_submit.py,PUBLIC,"One campaign-management, generation, validation or rendering tool on the live path between the cards and the published figures.","Each is invoked by a documented workflow, a Makefile target or the contract test suite, so rerunning the analysis needs it.",16,,clean,no,tools-chain
tools/render_balancing_variant.sh,PUBLIC,"One campaign-management, generation, validation or rendering tool on the live path between the cards and the published figures.","Each is invoked by a documented workflow, a Makefile target or the contract test suite, so rerunning the analysis needs it.",2,,clean,no,tools-chain
tools/render_measurement.sh,PUBLIC,"One campaign-management, generation, validation or rendering tool on the live path between the cards and the published figures.","Each is invoked by a documented workflow, a Makefile target or the contract test suite, so rerunning the analysis needs it.",3,,clean,no,tools-chain
tools/render_production_submit.py,PUBLIC,"One campaign-management, generation, validation or rendering tool on the live path between the cards and the published figures.","Each is invoked by a documented workflow, a Makefile target or the contract test suite, so rerunning the analysis needs it.",28,Makefile,clean,no,tools-chain
tools/repo_audit.py,INTERNAL,"Measures size, last-commit date, reference count and entry-point membership for every tracked path, then writes the audit manifest and its citation ledger.","Its class was wrong: it reads the rulings file and writes the manifest, both INTERNAL, so it exists to serve a decision the export does not carry.",4,,clean,no,tools-chain
tools/repo_audit_rulings.json,INTERNAL,"The hand-written publication rulings the manifest is built from, keyed by path and by group.",It is the working input to an internal decision about what to publish.,3,,clean,n/a,
tools/resubmit_held.py,PUBLIC,"One campaign-management, generation, validation or rendering tool on the live path between the cards and the published figures.","Each is invoked by a documented workflow, a Makefile target or the contract test suite, so rerunning the analysis needs it.",31,Makefile,clean,no,tools-chain
tools/run_tests.sh,PUBLIC,Runs the Python contract tests by glob and states plainly that a run without ROOT is smaller rather than green.,It is the suite's entry point and the warning it prints is part of reading a result correctly.,20,Makefile,clean,no,tools-chain
tools/statistical_robustness.py,PUBLIC,"One campaign-management, generation, validation or rendering tool on the live path between the cards and the published figures.","Each is invoked by a documented workflow, a Makefile target or the contract test suite, so rerunning the analysis needs it.",35,,clean,no,tools-chain
tools/supervisor_eol_watch.sh,PUBLIC,Stops the merge supervisor only once the merge has completed cleanly.,It closes the supervisor loop the merge stage depends on.,5,,clean,no,tools-chain
tools/systematic_class_migration.py,PUBLIC,"One campaign-management, generation, validation or rendering tool on the live path between the cards and the published figures.","Each is invoked by a documented workflow, a Makefile target or the contract test suite, so rerunning the analysis needs it.",3,,clean,no,tools-chain
tools/terms_check.py,INTERNAL,Scans PUBLIC prose for the terms the registry rules out and maintains the baseline of violations that already exist.,"It reads the audit manifest to find PUBLIC files and writes an INTERNAL baseline, so it serves a decision the export does not carry.",1,,clean,no,tools-chain
tools/validate_analysis_outputs.py,PUBLIC,"One campaign-management, generation, validation or rendering tool on the live path between the cards and the published figures.","Each is invoked by a documented workflow, a Makefile target or the contract test suite, so rerunning the analysis needs it.",44,merging/merge_root_files.sh,needs-rewrite,no,tools-chain
tools/validate_tune_cards.py,PUBLIC,"One campaign-management, generation, validation or rendering tool on the live path between the cards and the published figures.","Each is invoked by a documented workflow, a Makefile target or the contract test suite, so rerunning the analysis needs it.",14,Makefile,clean,no,tools-chain
tools/vintegrated_closure.py,PUBLIC,"One campaign-management, generation, validation or rendering tool on the live path between the cards and the published figures.","Each is invoked by a documented workflow, a Makefile target or the contract test suite, so rerunning the analysis needs it.",0,,clean,no,tools-chain
